SMILES,QED,SAScore,EGFR_Docking,HER2_Docking
CCn1nnc2cc(C(=O)Nc3cc(-c4ncco4)ccc3C)ccc21,0.6086,2.3572,-6.53,-9.53
COC(=O)c1cc(CN2CCN(c3nccc(OC)n3)CC2)c(C)s1,0.7533,2.4465,-5.75,-7.83
CC[NH2+][C@H](c1ccc(Cl)cn1)[C@H]1CCCc2cccnc21,0.9434,4.0683,-6.04,-8.01
Cn1c(C(=O)NC[C@@H](O)C2CCOCC2)ccc1-c1ccccc1,0.8844,2.8515,-5.94,-8.55
C[NH+]1CCN(Cc2cc(Cl)ccc2N)CC1,0.7273,3.5671,-5.35,-6.87
CC[C@H](C)c1ccccc1OC(=O)c1ccc(CNC(C)=O)cc1,0.6436,2.3313,-5.94,-8.77
COc1ccc(CC(=O)N/N=C(/C)c2cccc(NC(=O)C3CC3)c2)cc1,0.5843,1.966,-6.05,-9.06
C[C@@H]1CCC[C@@](O)(CNc2ncc(Cl)cc2F)C1,0.888,3.3613,-5.55,-8.11
CCOc1ccc(NC(=O)[C@@H](C)OC)cc1Cl,0.8823,2.2203,-5.24,-6.95
C[C@@H]1CCC[C@@H](NC(=O)[C@]2(C)Cn3c(nc4ccccc43)C(=O)N2Cc2ccc(F)cc2)[C@@H]1C,0.6195,3.6755,-6.49,-9.43
C[NH+](CCc1ccccn1)CC[C@H]1CCC[C@]1(N)C#N,0.7952,4.9031,-5.57,-7.22
CC[C@@H]1CCC/C1=N\NC(=O)c1cccc(Cl)c1,0.8324,2.7566,-5.73,-7.98
CC1(C)[C@H]2OCC[C@H]2[C@H]1NC(=O)/C=C/c1cc(Cl)c2c(c1)OCCO2,0.8385,3.8529,-5.79,-8.14
CC(C)NC(=O)c1ccc([N-]S(=O)(=O)c2ccccc2C#N)cc1,0.9018,2.9997,-6.0,-8.65
Cc1nc2ccc(NC(=O)C(=O)N[C@@H]3CCCC[C@H]3C)cc2s1,0.83,2.9139,-5.91,-8.69
Cc1ccc2nc(NC(=O)[C@H](C)Oc3ccc(C)c(C)c3)sc2c1,0.7533,2.4115,-6.24,-9.18
CCCC[C@@H](CC)[C@H]([NH3+])c1ccc2c(c1)C[C@H](C)O2,0.8366,3.8865,-5.37,-7.88
COCCN(CC(F)F)C(=O)C[C@@H]1Sc2ccc(Cl)cc2NC1=O,0.7922,3.1848,-5.8,-7.64
COc1ccccc1[C@@H](NC(=O)N1C[C@H]2CC[C@@H]1C2)c1ccccn1,0.9305,3.9995,-6.04,-8.39
CC[C@@H]1CCC[C@@H]([NH+]2CC(n3cc(C(=O)[O-])nn3)C2)C1,0.7704,4.9539,-5.57,-7.39
CCN(c1ccc(C[NH2+]C)cc1F)C(C)C,0.8091,3.3774,-5.15,-5.99
N#C[C@H](C(=O)c1ccc(Cl)cc1)c1nnnn1-c1ccccc1,0.6892,2.6524,-6.06,-8.48
Cc1cccc(NNC(=O)c2ccn(-c3ccc(F)cc3)n2)c1,0.7281,2.0799,-6.1,-8.96
CC[NH+]1CCN([C@@H]2CC[NH+](Cc3ccco3)C2)CC1,0.7043,5.7043,-5.38,-6.89
COc1ccc(NC(=O)CSc2ccc3nnc(-c4ccccn4)n3n2)c(OC)c1,0.4536,2.389,-6.49,-8.51
CCC[C@H]1CC[C@H](C[NH3+])[C@H]([NH+](C)C2CCCC2)C1,0.7406,5.338,-5.26,-6.87
O=C(Nc1ccc(Br)cc1)c1cccc(NS(=O)(=O)c2ccc(F)cc2)c1,0.5961,1.7521,-6.38,-9.77
CC(=O)Nc1cn(-c2ccc(C(=O)Nc3ccc4c(c3)OCO4)cc2)cn1,0.7423,2.2481,-6.25,-9.15
O=C([O-])c1cc(NC(=O)c2cc([N+](=O)[O-])ccc2N2CCCC2)ccc1Cl,0.6209,2.4047,-6.35,-8.79
CC(C)[C@@H](C)CC(=O)N[C@H](C)C(C)(C)C[NH+](C)C,0.709,4.5166,-5.29,-6.69
CCOC(=O)c1cc2c(cc1Cl)OCCO2,0.7468,1.9649,-5.45,-6.78
Cc1cccc([C@@H](CNC(=O)c2cccc3[nH]ccc23)N2CCOCC2)c1,0.7314,2.652,-6.38,-9.46
Cc1ccc(NC(=O)C(=O)NCCCSc2nnc(N)s2)cc1,0.4147,2.2324,-5.86,-8.15
CC[NH2+][C@@H](c1ccccc1)[C@@H](C)Sc1ccncc1,0.8201,3.8446,-5.53,-7.46
CCc1noc([C@@H]2CCC[NH+](C3CCOCC3)C2)n1,0.869,4.6837,-5.56,-7.16
O=S(=O)(c1ccc(Br)s1)N1CCN(c2ncccn2)CC1,0.8013,2.2724,-5.98,-7.61
COc1ccccc1COc1cc(C)c2c(c1)O/C(=C\c1ccc(C)o1)C2=O,0.58,2.4775,-6.38,-9.17
Cc1sc(NC(=O)[C@@H](C)Oc2ccccc2)nc1-c1ccc(F)cc1,0.723,2.3605,-6.22,-9.18
Cc1ccc(C[NH+]2CCc3nc(NC(=O)c4ccccn4)sc3C2)cc1,0.7455,3.6592,-6.23,-8.48
CCOc1ccc(CN2CCN(C(=O)N[C@@H](C)[C@H]3CCCO3)CC2)cc1,0.8458,2.8466,-5.57,-7.98
Cc1nc(S(=O)(=O)N2CCC(C(=O)O[C@H](C)CC(C)C)CC2)cn1C,0.7155,3.029,-5.79,-7.82
O=c1[nH]c(Cc2ccc([N+](=O)[O-])cc2)nc2scc(-c3ccccc3)c12,0.4356,2.1924,-6.3,-9.85
O=C(Nc1ccon1)c1cccn(Cc2cccc([N+](=O)[O-])c2)c1=O,0.5603,2.3644,-6.23,-9.3
Cc1ccc([C@H](C/[NH+]=C/c2ccccc2O)N2CCOCC2)o1,0.8039,3.6438,-5.88,-8.01
COc1ncccc1C(=O)N1CCC(n2cc(C[NH3+])nn2)CC1,0.8485,2.9322,-5.89,-7.87
Cn1nc2n(c1=O)CC[NH+](Cc1c[nH]nc1-c1c(F)cccc1F)C2,0.6921,4.5487,-6.34,-8.64
C[C@H]1CCCN(S(=O)(=O)N[C@@H]2CCCN(c3ccc(C#N)cc3F)C2)C1,0.8691,3.2056,-5.89,-8.21
CCN(CC)C(=O)CN1CC[NH+](C2CCC(C)(C)CC2)CC1,0.8212,3.8077,-5.61,-7.53
Cc1cncc(NC(=O)N2CCN(C(=O)c3ccc(F)c(F)c3)CC2)c1,0.8955,2.121,-6.07,-9.0
Cc1ccc2c(c1)[C@]1(C(=O)N2)C(C#N)=C([NH3+])[N-]C2=NC(SCc3cccc(F)c3)=NC(=O)[C@@H]21,0.7115,5.1288,-5.69,-8.39
O=C(N/N=C/c1coc2ccccc2c1=O)c1cccc(Cl)c1,0.5931,2.1367,-6.19,-9.43
CC(C)Cc1ncc(CN2CCC[C@@H](c3nnc4n3CCC4)C2)s1,0.8344,3.2068,-5.95,-7.9
C[C@@H](C1CC1)N(C)C(=O)[C@H]1CC(=O)N(c2ccccc2Br)C1,0.823,3.0779,-5.76,-7.65
CC(=O)Nc1nc(C(=O)O[C@H](c2ccccc2)c2nccs2)cs1,0.7052,2.8936,-6.11,-8.44
CC(C)NC(=O)NC(=O)CSc1nc2ccccc2c(=O)n1[C@@H](C)c1ccccc1,0.4677,2.6614,-6.39,-8.53
COc1ccc(C(=O)N/C(=C/c2cccc([N+](=O)[O-])c2)C(N)=O)cc1,0.4712,2.0907,-5.94,-8.5
CSc1ccc(NC(=O)CCc2c(C)nc(SC)[nH]c2=O)cc1,0.6191,2.4188,-5.98,-8.8
CC(=O)Nc1ccc(NC(=O)[C@H]2C[C@@H]2C)cc1Cl,0.8838,2.5454,-5.51,-7.61
CCc1ccc(C(=O)NC2CC[NH+](C[C@@H](O)CC)CC2)cc1,0.728,3.7114,-5.69,-8.16
C[NH+]1CCN(CC[C@H]2CCC[C@@]2([NH3+])C(=O)[O-])CC1,0.5543,5.6846,-5.27,-6.92
CON(C)C(=O)CN1C(=O)N[C@]2(C[C@@H](C)CC(C)(C)C2)C1=O,0.6261,3.9003,-5.82,-7.92
CCc1nn(C)cc1NC(=O)CN1C(=O)N[C@]2(CCCC[C@H]2C)C1=O,0.8053,3.8376,-6.13,-8.26
O=C(Nc1nnc(-c2ccc(Br)o2)o1)c1ccc(S(=O)(=O)N2CCOCC2)cc1,0.5861,2.4284,-6.37,-8.72
O=C(Nc1ccccc1C(=O)N1CCCCC1)c1ccc(Br)c(F)c1,0.8197,1.8539,-6.27,-8.62
CN/C(=[NH+]\C)SCC(=O)N1CC[C@@H](C)Sc2ccccc21,0.6274,3.868,-5.78,-7.67
C[C@H]1CCC[C@@H](CCNC2=[NH+]CCCC2)C1,0.7441,4.4009,-5.36,-6.89
O=C(N/N=C/c1ccc([N+](=O)[O-])o1)c1cccc([N+](=O)[O-])c1,0.5073,2.3152,-5.9,-8.69
CCC[NH2+][C@H](C[NH+](C)C)[C@@H]1CCOC2(CCSCC2)C1,0.7324,6.0759,-4.97,-6.63
COCCCNC(=O)C1CCN(c2nnc(-c3ccc(C)cc3)o2)CC1,0.7658,2.2472,-5.73,-8.65
Nc1cc(Cl)c(Cl)cc1NC[C@@H]1CCCC[C@H]1O,0.7459,3.0101,-5.62,-7.66
CS(=O)(=O)N1CCc2c(nc([C@H]3CCN(C(=O)CCC4CCCC4)C3)[nH]c2=O)C1,0.772,3.2833,-6.35,-7.84
CCCSc1nc2c(c(=O)[nH]1)[C@@H](C(=O)Nc1cccc(C(F)(F)F)c1)CC(=O)N2,0.5025,3.2262,-6.48,-9.69
C[C@H]1OCC[C@H]1C(=O)NCc1ccc(NC(N)=O)cc1,0.772,2.9602,-5.59,-7.64
O=C(Nc1nc2c(s1)CCCC2)c1cc(=O)[nH]c2ccc(S(=O)(=O)N3CCOCC3)cc12,0.5976,2.5747,-6.44,-8.86
CSc1ncc(C(=O)N2CCN(c3cc[nH+]c4cc(Cl)ccc34)CC2)n1-c1ccc(F)cc1,0.4065,3.1867,-6.52,-9.11
C[C@@H]1CCCC[NH+]1CCCNC(=O)NCc1cccc(Br)c1,0.6611,3.9942,-5.64,-8.01
CC(C)(C)OC[C@@H](O)C[NH+]1CCC([C@@H](O)c2ccc(Cl)cc2)CC1,0.7287,4.3196,-5.68,-7.69
O=C(NCc1ncc[nH]1)Nc1cnn(CC(F)(F)F)c1,0.7962,2.6746,-5.59,-7.84
Cc1ccc(C(=O)[C@@H]2C[NH+]3CCC2CC3)cc1,0.755,4.7474,-5.42,-7.36
CCN(Cc1ccccn1)C(=O)[C@@H]1CCCC[NH+]1C,0.8577,4.1537,-5.62,-7.24
Cc1nc(CCCNc2cccc(Oc3ccc(C#N)cn3)c2)cs1,0.6328,2.3958,-6.02,-9.0
O=C(CC[NH+]1CCCC1)N1CCN(c2ncccn2)CC1,0.7883,3.4665,-5.61,-7.4
CC(C)CN(C1CCCC1)S(=O)(=O)N1CC[NH2+]CC1,0.7754,3.6526,-5.59,-7.26
COc1cccc([C@H](CNC(=O)C(=O)Nc2cc(C)on2)[NH+](C)C)c1,0.6358,3.5453,-5.95,-8.68
CC(C)n1cc(C(=O)N2CCC[C@H]([NH+]3CCN(c4ccc(F)cc4)CC3)C2)cn1,0.8484,3.8732,-6.32,-8.58
Cn1c(=O)c(N2CCC[C@H](C(=O)NCCCc3ccccc3)C2)nc2ccccc21,0.6418,2.5779,-6.55,-8.63
CC(=O)C[C@H]1CCCCN1C(=O)C[C@H]1CCCO1,0.7686,3.0589,-4.91,-6.84
CCOC(=O)[C@@H]1[C@H](c2cccs2)NC(=O)N[C@@]1(O)C(F)(F)F,0.7296,3.7063,-5.9,-7.14
C[C@H](N[C@H](C)c1nccs1)c1cc(F)ccc1N1CCC(O)CC1,0.8649,3.2199,-5.88,-7.64
C/[NH+]=C(/NC[C@H]1CCO[C@@H]1C(C)(C)C)N1CCN(c2ccccc2O)CC1,0.5341,4.0194,-5.92,-8.04
O=C(Oc1cccc2cccnc12)[C@H](Cc1ccccc1)N1C(=O)[C@H]2[C@H]3CC[C@H](C3)[C@H]2C1=O,0.3429,4.359,-6.5,-9.18
C[C@@H](C[NH2+]C1CC1)[C@H](C)[NH+]1CCC[C@H](C(C)(C)C)CC1,0.7619,5.7892,-5.6,-7.33
COc1cccc(OC)c1OCc1cccc(C(N)=O)c1,0.8852,1.7241,-5.81,-7.91
CC(=O)Nc1cc(F)cc(C(F)(F)F)c1,0.7256,1.9017,-5.24,-6.43
CC1(C)C(Cn2nnnc2-c2ccc(Br)c(N)c2)C1(C)C,0.862,2.9246,-5.75,-7.88
CSC[C@@H]1CCN(S(=O)(=O)c2ccc(OC(C)C)cc2)C1,0.805,2.677,-5.62,-7.65
O=C(c1ccc(Br)o1)N1CCC2(CCc3ccccc3O2)CC1,0.7546,2.9193,-6.13,-8.39
C[NH+]1CCN(c2ncnc3c2oc2ccc(Br)cc23)CC1,0.7237,3.624,-6.13,-8.32
CCOC(=O)C1=CN=N[C@@H]1S(=O)(=O)N(CC)c1cccc(C)c1,0.7456,3.5543,-5.53,-7.45
CC(=O)N[C@H]1CCCN(C(=O)C[NH+]2CC[C@H](C)C[C@H]2c2ccc(C)o2)C1,0.842,4.6097,-5.91,-8.22
Nc1nnc(CNC(=O)c2ccc(Cl)c(Cl)c2)s1,0.9118,2.1362,-5.73,-8.25
COCCCN1[C@H](NC(=O)c2ccccc2)[C@H](C2[NH+]=c3ccccc3=[NH+]2)[C@@H](C)[C@H]1C,0.4726,4.84,-5.99,-8.63
COc1cccc(C(=O)C2=C([O-])C(=O)N(Cc3ccncc3)[C@@H]2c2ccc(O)cc2)c1,0.6203,3.0569,-6.25,-8.15
Cc1nc2ncnn2c(NCCc2ccc(O)c(O)c2)c1C,0.6359,2.5912,-5.95,-8.49
Cc1cccc(-n2ncc(C(=O)Nc3ccccc3)c2C2CC[NH2+]CC2)c1,0.7505,2.9202,-6.2,-9.27
Cc1ccc(CN(CC(=O)Nc2cccc(F)c2)S(=O)(=O)c2ccccc2)cc1,0.6387,1.895,-6.44,-8.54
O=C1Nc2ccc(F)cc2/C1=c1/sc2n(c1=O)CN(c1ccc(F)c(F)c1)CN=2,0.6546,2.9316,-5.9,-8.34
CC(C)N(Cc1cccc(Cl)c1)C(=O)Cn1ccc(=O)n(C)c1=O,0.8239,2.3677,-6.08,-8.01
Cc1ccc([C@@H](C)NC(=O)c2c(Cl)cccc2Cl)o1,0.913,2.4988,-5.87,-8.17
O=c1/c(=C/c2cccc(F)c2)sc2nc(-c3ccco3)nn12,0.5685,2.4235,-6.09,-8.92
CC[C@H](Oc1ccccc1)C(=O)Nc1ccc(S(=O)(=O)N(C)C)cc1,0.8217,2.3194,-5.87,-7.88
CC1(C)C(CNC(=O)Cc2ccccc2N)C1(C)C,0.8176,2.42,-5.4,-7.44
O=C(Nc1ccccc1N1CCCC1)c1ccc(NC(=O)C2CC2)cc1,0.8608,1.7496,-6.29,-8.98
CC(C)C1C[NH+](C[C@H]([NH3+])[C@@H](C)O)C1,0.4765,5.7808,-5.02,-5.61
CCn1ccc(C(=O)N2CCC[C@@H](c3[nH+]ccn3CC)C2)n1,0.8603,3.8877,-5.82,-8.14
C[C@H](Nc1ccc(CC#N)cc1)C(=O)NC[C@@H]1COc2ccccc2O1,0.8354,3.0014,-6.01,-8.81
NC(=O)[C@H]1CCN(C(=O)c2cccc(Cl)c2)c2ccccc21,0.9259,2.5655,-6.13,-8.51
COc1ccc(N2CCN(S(=O)(=O)c3cc(C)c(Cl)cc3C)CC2)cc1,0.7962,1.9956,-6.2,-8.03
COc1ccc(-c2ncc(C(=O)Nc3cc(OC)ccc3F)s2)cc1,0.7418,2.003,-6.15,-8.81
CNC(=O)[C@@H](CC(C)C)NS(=O)(=O)c1c(C)cccc1[N+](=O)[O-],0.5719,2.7779,-5.61,-7.82
C[C@@H](Cc1ccccc1)C(=O)N[C@H](CO)c1ccco1,0.8486,2.866,-5.69,-7.93
COc1ccc(C(=O)NCc2ccc(-c3nn4cnnc4s3)cc2)cc1OC,0.5399,2.2667,-6.45,-9.58
Cc1cc(C)n(CC(=O)Nc2oc(C)c(C)c2C#N)c(=O)n1,0.927,2.6305,-5.76,-8.1
Cc1ccccc1OCCCSc1nncn1C,0.5932,2.0963,-5.35,-7.4
CCCOc1ccc(-c2c[nH]c(=S)[nH]2)cc1,0.7945,2.3623,-5.44,-7.67
O=S(=O)(Cc1ccc(Br)cc1)NCc1ccc(N2CCCCC2)cc1,0.7626,1.9885,-6.29,-8.26
CCCOC[C@H]1O[C@H]2OC(C)(C)O[C@@H]2[C@H]2OC(C)(C)O[C@@H]21,0.7383,4.049,-5.0,-7.32
O=C(Cc1cc(F)ccc1F)N[C@H]1CCN(c2ccccc2Cl)C1=O,0.906,2.6311,-6.35,-8.89
C[C@@H](CO)[C@@H](C)NC(=O)NCc1ccc(C[NH+]2CCCCCCC2)cc1,0.5981,4.0798,-5.86,-8.42
O=C(C[NH2+]CC1CCC1)Nc1ccc(Br)cc1,0.8545,3.0013,-5.5,-7.63
Cc1ccc(C(C)C)cc1O[C@H](C)C(=O)NC[C@@H]1CCCO1,0.8778,2.8167,-5.7,-8.1
CC/[NH+]=C(/NCC(=O)N1CCCC1)N[C@H]1C[C@@H]1c1c(F)cccc1F,0.5202,3.9509,-6.07,-8.36
COc1ccc(OC)c(-c2csc(NC(=O)c3cccc(S(=O)(=O)N(C)C)c3)n2)c1,0.5966,2.1381,-6.3,-8.96
C[C@@H](N[C@@H]1CC(=O)N(C2CC2)C1)c1ccccc1C(F)(F)F,0.9263,3.1342,-5.75,-7.47
COc1ccc(-n2ccn3cc(-c4ccc(F)cc4F)nc3c2=O)cc1,0.5669,2.3384,-6.64,-9.32
COC[C@@H](C(=O)OC)[C@@](O)(c1nccn1C)C(F)(F)F,0.8058,3.743,-5.4,-7.11
C[NH+](C)CCC1CCN(C(=O)N[C@@H](c2ccccc2)C2CC2)CC1,0.8233,3.4315,-5.86,-7.89
c1ccc(Oc2ncccn2)cc1,0.6965,1.7313,-4.95,-6.25
COC[C@H](C)[NH+]1CCN(Cc2cc(C#N)n(C)c2C)CC1,0.8267,4.4297,-5.39,-6.85
C[C@H](CCc1ccccc1F)C(=O)N1CCc2ccccc2CC1,0.8312,2.4805,-6.41,-8.66
CCCn1c([C@@H]2CC(=O)N(Cc3ccccc3)C2)nc2ccccc21,0.7086,2.4985,-6.36,-8.96
CCOC(=O)C1CCN(C(=O)N[C@H]2CCC[C@@H]([S@@](=O)CC)C2)CC1,0.7634,3.5526,-5.72,-8.31
CC[C@H](C)[C@H]1CNc2c(C)[nH+]n(C)c2N1,0.7729,5.1145,-5.2,-6.09
CCn1c(-c2ccccc2)nnc1[S@](=O)Cc1ncc(C)o1,0.723,3.3005,-6.11,-8.03
CN1C(=O)[C@H](CC(=O)Nc2ccccc2F)S/C1=N\c1cccc(F)c1,0.889,2.8021,-6.17,-8.76
Nc1ccc2c(c1)CC[C@@H]2Nc1ccccc1Cl,0.7987,2.4593,-6.0,-7.83
Cc1c(C(=O)N2CCN(C(=O)[C@@H]3C[C@@H]3C)CC2)c(=O)oc2ccccc12,0.7741,2.9941,-6.2,-8.6
COC(=O)[C@@H]1CS(=O)(=O)[C@H]2CCC(C)(C)[C@H]2N1,0.6779,4.509,-5.48,-6.79
CCCc1cc(C(=O)N(C)CCc2scnc2C)cs1,0.8134,2.6959,-5.5,-7.38
Cc1ccc(S(=O)(=O)N2CCOCC2)cc1NC(=O)CSc1ncn[nH]1,0.6945,2.3309,-6.13,-8.72
Cc1ccccc1[C@@H]1CCN(C(=O)c2ccc(C#N)cc2)C1,0.8494,2.3479,-5.99,-8.59
Cn1c(CCC(=O)N2CCC[C@](O)(C[NH+](C)C)C2)nc2cccnc21,0.7581,3.787,-5.89,-8.39
Cc1cscc1C[NH2+]Cc1ccc(Cl)c(N)c1,0.8218,3.6581,-5.57,-7.57
CC(C)Cn1c(=O)c2cc(F)ccc2n2c(SCC(=O)Nc3ccc(F)cc3)nnc12,0.4597,2.3618,-6.64,-9.07
CNC(=O)[C@H](C)NC(=O)c1sc2cccc(F)c2c1N,0.8018,2.7889,-5.81,-8.07
Cc1cc(CN2CCN([C@H]3CCCN(Cc4ccccc4)C3=O)CC2)on1,0.8105,2.7419,-6.18,-8.28
CC1(c2ccc(C(=O)[O-])cc2)CC1,0.6749,2.7613,-4.59,-6.3
CC(C)C[C@@H]([NH+](C)C)C1(c2ccc(Cl)cc2)CCC1,0.844,3.7386,-5.17,-6.78
C[NH+](C)[C@@H](CNC(=O)c1ccc([N+](=O)[O-])cc1Cl)c1cccs1,0.6144,3.5328,-5.85,-7.97
Cc1cc2c(=O)c3ccccc3oc2c(C(=O)[O-])c1C,0.6315,2.6172,-5.96,-8.74
CCOc1c(C[NH2+][C@@H](C)c2ccccc2)cc(Cl)cc1OC,0.8461,3.2801,-5.56,-7.98
O=C(Nc1ccc(F)c(F)c1)c1cnn2c(-c3ccco3)ccnc12,0.6193,2.3317,-6.51,-9.28
COc1cc(CNC(=O)/C=C(/C)C(C)(C)C)cc(OC)c1OC,0.8167,2.3696,-5.55,-6.91
O=C(c1ccco1)N1CCC[C@H](Nc2ncnc3c2CCC3)C1,0.9412,2.9079,-5.76,-8.35
COC(C)(C)CNc1cncc(-n2ccnc2C)n1,0.8888,2.9168,-5.42,-7.33
COC(=O)[C@@]1(F)CCN(S(=O)(=O)c2c[nH]c3nccc(Cl)c23)C1,0.8361,3.569,-6.12,-8.33
COCCOc1ccc(NC(=O)N2CCC[C@@H]2c2c(C)n[nH]c2C)cc1Cl,0.7259,2.9423,-6.13,-8.43
[NH3+][C@H](Cc1ccccc1)C(=O)Nc1ccc(Oc2ccccc2)cc1,0.7269,2.567,-6.31,-8.87
CS(=O)(=O)c1ccc(CN[C@H]2CC[C@H]([NH3+])C2)cc1,0.8277,3.4385,-5.51,-7.58
Cc1cc(/C=N\NC(=O)C(=O)N2CCCCCC2)c(C)n1-c1cccc(Cl)c1Cl,0.4451,2.5027,-6.64,-9.18
C#CCN1C(=O)c2ccccc2N[C@H]1c1c(C)nn(CCC(=O)OC)c1C,0.6489,3.2699,-6.17,-8.41
Cc1ccc(NC(=O)C(=O)NCc2ccccc2C)c(Cl)c1,0.8542,1.8185,-5.95,-8.95
COC(=O)C1=C(C)N=C(C)/C(=C(\[O-])OC)[C@@H]1C(=O)OCC(=O)N1c2ccccc2C[C@@H]1C,0.4987,3.8349,-6.21,-8.23
CC1(C)C(=O)Nc2ccccc2N1C(=O)COC(=O)c1cc(=O)[nH]c2ccccc12,0.6509,2.4474,-6.46,-9.2
CC(C)[C@H](C#N)N1CCN(C(=O)CN2CCO[C@H](c3cccs3)C2)CC1,0.7844,3.5146,-5.78,-7.19
CCCCNC(=O)[C@H]1CSC[NH2+]1,0.5878,4.422,-4.99,-5.76
COC(=O)[C@H]1C(=O)Oc2ccc(Br)cc2[C@@H]1[C@H](C)C(=O)c1ccc(C)cc1,0.3161,3.4365,-6.21,-8.91
Nc1ccc2nc(Nc3ccc(F)cc3)[nH]c2c1,0.605,2.024,-5.86,-8.12
CCCCCC(=O)Oc1cccc([N+](=O)[O-])c1,0.2505,1.8349,-5.21,-6.57
Cc1nn(C)c(N[C@@H]2CCO[C@H]2c2ccc(Cl)cc2)c1[N+](=O)[O-],0.6843,3.3764,-5.97,-8.16
Cc1cccc(C(=O)OCCCl)c1,0.5508,1.7366,-4.93,-6.26
Cc1nn(-c2ccccc2)c(C)c1C(=O)N1CCN(S(=O)(=O)Cc2ccccc2)CC1,0.6139,2.1816,-6.39,-9.0
C[C@](O)(CNC(=O)c1cccc(Cl)c1)c1ccsc1,0.9107,2.7586,-5.71,-7.77
CCN1CCO[C@H](c2noc([C@@H](C(C)C)[C@@H](C)[NH3+])n2)C1,0.8657,4.2926,-5.44,-7.14
CC(C)(C)c1ccc(C(=O)Nc2cc3c(cc2Cl)OCCO3)cc1,0.8606,1.9793,-6.15,-8.94
Cc1cccc([C@H](O)C[NH2+]C2CCC3(CC2)C(=O)Nc2ccccc23)c1,0.792,4.1641,-6.11,-8.58
CC[C@@H](C#N)OC(=O)[C@@H]1CCC[C@H](NC(=O)OC(C)(C)C)C1,0.8065,3.5502,-5.66,-8.07
COC(=O)[C@H]1CN(C(=O)c2ccccc2[N+](=O)[O-])C[C@H]1C,0.4779,2.9448,-5.63,-7.9
Cc1cc(C)cc(NC(=O)NC[C@@H]2CC[NH+](Cc3cnn(C)c3)C2)c1,0.7661,4.1295,-6.04,-8.89
CN(C)c1cccc(C(=O)Nc2ccc(-c3csc(N4CCOCC4)n3)cc2)c1,0.6924,2.1583,-6.46,-9.06
O=S1(=O)C=C[C@H](NC(=S)N(CCO)[C@@H]2CCS(=O)(=O)C2)C1,0.5976,3.9006,-5.69,-7.48
Cc1ccc(C)c(NC(=O)C[C@H]2C(=O)N=C3Nc4ccccc4N32)c1,0.9051,2.8376,-6.15,-9.03
Cc1cc(C)c(OC/C=C/CN2CCOCC2)c(C)c1,0.7713,2.3167,-5.4,-6.84
CCOCCNC(=O)Nc1cccc(Cl)c1F,0.7999,1.9455,-5.13,-6.87
O=C(COc1ccccc1)Nc1nn2c(-c3cccc(Cl)c3)nnc2s1,0.568,2.1774,-6.45,-9.53
CN(C(=O)[C@@H]1C[C@@H]2C=C[C@H]1C2)c1c(Cl)cccc1Cl,0.7501,4.2931,-5.61,-7.3
CC1(C)CCC(O)([C@]2(C#N)CCOC2)CC1,0.7414,3.9836,-5.11,-5.91
CC(C)(C)OC(=O)N1CCN(CC(=O)NCC#N)CC1,0.7462,2.1512,-5.32,-7.12
CN(CCc1ccccn1)C(=O)c1cc(S(C)(=O)=O)ccc1Cl,0.8285,2.0944,-5.91,-7.68
CCC(CC)[C@@H](NC(=O)Cc1cc(C)on1)c1cccs1,0.8443,2.9846,-5.63,-7.58
Cc1cc(C(=O)NCCN2CC[NH+](C)CC2)c2c(C)nn(-c3ccccc3)c2n1,0.6662,3.1335,-6.34,-8.89
Cc1cc(C)cc(N(Cc2nnc3n2CCCCC3)C(=O)Nc2ccccc2)c1,0.693,2.4079,-6.59,-8.67
C[C@H]1C[C@H](Nc2nc3ccccc3o2)C(=O)N1c1ccccc1,0.8051,3.1383,-6.38,-8.79
COc1ccnc(NC(=O)c2ccc(C(F)(F)F)nc2C)c1,0.9459,2.2174,-5.81,-8.34
COC[C@H](C)CC(=O)Nc1ccc(C#CCO)c(C)c1,0.8075,2.8456,-5.4,-7.27
COc1ccc([C@@H](C)[NH2+][C@@H]2CCCN(c3cccnn3)C2)c2ccccc12,0.7572,3.7818,-6.39,-8.37
Cn1cc(-c2ccccc2)c2ncnc(Cl)c21,0.6143,2.2776,-5.88,-8.33
CC[NH2+][C@@H](c1ccc(SC)cc1)c1ccc(Cl)s1,0.8308,3.7407,-5.44,-7.17
Cc1nn(C)c(C[NH2+][C@@H]2CCCC2(C)C)c1Cl,0.8824,4.2543,-5.43,-6.93
CCc1nn(C)cc1CNc1ccnn1Cc1ccccc1F,0.7609,2.5923,-5.96,-8.32
CCOc1ccc(-c2n[nH]c(=S)n2/N=C/c2ccc(OC)cc2)cc1,0.5386,2.1865,-5.9,-8.15
C[NH2+][C@H](CCO)c1cccnc1Cl,0.6913,4.0673,-5.02,-5.86
COc1cc(C(=O)N2CC[C@H](C)[C@@H](O)C2)cc(OC)c1Br,0.9011,2.9862,-5.49,-7.56
CCN(CC)c1ccc(CNC(=O)N2CCN(C(=O)N(C)C)CC2)cc1F,0.8531,2.3669,-5.84,-8.44
Cc1cc(C)cc(NC(=O)CCc2c(C)n(C)c3cc(-c4ccccc4C)nn3c2=O)c1,0.5087,2.564,-6.86,-9.81
O=C(CN1C(=O)N[C@@]2(CCc3ccccc32)C1=O)Nc1ccc(OC(F)F)c(Cl)c1,0.7055,3.2606,-6.39,-8.88
CCc1cc(=O)n2c(n1)SC[C@H]2CC(=O)NC(c1ccccc1)c1ccccc1,0.6346,2.9107,-6.23,-8.53
C[NH+]1CCC[C@H](CNC(=O)NCC(C)(C)c2ccncc2)[C@H]1c1cccs1,0.7128,4.4044,-6.33,-8.26
COc1cc2c(cc1NC(=O)Cc1c(C)[nH]c3ccccc13)oc1ccccc12,0.4259,2.2053,-6.8,-9.85
CCONC(=O)c1cnc2sc(C)cn2c1=O,0.819,2.79,-5.54,-7.34
O=C(NCC[NH+]1CC[C@H](c2ccccc2)C1)c1cn(Cc2ccc(F)cc2)nn1,0.6344,3.8344,-6.23,-8.63
COc1ccccc1[C@H](NC(=O)N1CCOC[C@H]1C1CC1)c1ccccc1,0.8795,3.02,-6.08,-8.25
C=C(C)[C@H](CC(F)(F)F)[NH2+]CC,0.6339,4.8189,-4.88,-5.72
C=CCN1CCn2ncc(C(=O)NCc3ccco3)c2C1,0.8441,2.7673,-5.59,-7.43
C=CCc1cc(C(=O)Nc2ccccc2-n2ccnc2)cc(OC)c1OC,0.6473,2.3299,-5.98,-8.56
COc1ccc(CNC(=O)CN2CCN(CCO)CC2)cc1,0.7377,1.7636,-5.49,-7.36
C[C@H](Oc1ccc2c(C(F)(F)F)cc(=O)oc2c1)C(=O)Nc1ccccc1,0.6916,2.5603,-6.44,-9.07
COc1ccc(C(=O)[C@@H](C)Cl)cc1C,0.5691,2.3628,-5.16,-6.16
O=C(Cn1cnc([N+](=O)[O-])c1)NC(=O)NCCc1cccs1,0.605,2.6064,-5.72,-7.77
CCc1cc(NCCCn2cc[nH+]c2)n2nc(C)c(C)c2n1,0.7084,3.696,-5.46,-8.19
CCCOC(=O)C1C(C)=NC2=C(C(=O)C[C@@H](c3cccs3)C2)[C@H]1c1coc2ccccc2c1=O,0.4624,3.7735,-6.18,-9.1
O=C(NCc1ccc2c(c1)OCCCO2)N[C@@H]1CCC[C@H](C(F)(F)F)C1,0.8492,3.1083,-5.9,-8.47
C[C@H]1CCC[C@H](C)N1C(=O)CSc1nnc2c3ccccc3n(C)c2n1,0.6623,3.24,-6.17,-8.71
CC[C@@H](CSC)N(C)C(=O)N[C@H]1CCCN(CC(F)(F)F)C1=O,0.7956,3.7015,-5.54,-7.98
O=C(CCc1ccc(S(=O)(=O)N2CCCC2)cc1)Nc1nc[nH]n1,0.8135,2.5334,-5.95,-8.58
Cc1cc(S(=O)(=O)N2CCN(CC(=O)NC3CC3)CC2)sc1C,0.8518,2.315,-5.7,-7.64
CC(C)n1nc(C(=O)N2CCC[C@@H]2c2nc3ccccc3n2C)c2ccccc2c1=O,0.5096,2.893,-6.76,-9.16
Cc1ccc2cc(C(=O)N3CCN(Cc4ccc5c(c4)OCCO5)CC3)[nH]c2c1,0.745,2.2468,-6.05,-9.31
Cc1cccc(C(N)=O)c1NCC(=O)N[C@H](c1ccc(F)cc1)C(C)C,0.7116,2.5909,-6.12,-8.91
Cc1cccnc1C[C@@H](C)NC(=O)c1ccn2nnnc2c1,0.7814,3.0425,-5.98,-8.75
COC(=O)CCCNC1CC[NH+](C)CC1,0.4663,3.751,-4.97,-5.94
CC(C)NC(=O)CNS(=O)(=O)c1cccs1,0.8135,2.1236,-5.27,-6.73
CO[C@@H](C)C(=O)Oc1cccc(F)c1F,0.5715,2.6078,-5.15,-6.12
Cc1ccc(NC(=O)c2nnc(C(=O)N3CCC[C@@H](C(=O)NCCC(C)C)C3)s2)cc1,0.6842,2.8166,-6.49,-7.99
CC#CC[C@H](C(=O)[O-])c1cccc(Br)c1,0.781,3.5445,-5.21,-6.1
O=C(NC1CC1)c1cc(S(=O)(=O)[C@@H]2CCS(=O)(=O)C2)ccc1F,0.7955,2.8568,-5.84,-8.2
Cc1ccc(/C=C/C(=O)O[C@@H]2CC[C@H](S(C)(=O)=O)C2)o1,0.6285,3.4588,-5.63,-7.43
CC[C@@](C)(C(=O)Cc1cccc(Cl)c1)[NH+](C)C,0.8498,3.687,-5.33,-6.61
COc1cccc(-c2nnn(Cc3ccccc3F)n2)c1,0.7385,1.9796,-6.01,-8.83
CC(C)C[C@@H](C[NH+](C)C)Nc1ccc(C(N)=O)cn1,0.657,3.7778,-5.3,-6.79
C[C@H](NC(=O)Nc1cccs1)c1ccccc1,0.8527,2.3632,-4.93,-7.88
O=C(Nc1c(F)cccc1Br)c1cccc(F)c1,0.8927,1.7686,-5.96,-8.32
C=CCN(C(=O)[C@@H]1CCCN1S(C)(=O)=O)c1nc2ccccc2s1,0.7621,2.9047,-5.93,-7.67
Cc1csc(SCC(=O)N[C@@H]2CCCc3c2cnn3-c2ccc(F)cc2F)n1,0.6287,3.0514,-6.33,-9.03
CCCOc1ccc(Cl)cc1C(=O)N1CCN(CCO)CC1,0.867,1.9328,-5.6,-7.67
CCCOc1ccc(-c2nnn(CC(=O)Nc3ccc(C)cc3C)n2)cc1,0.694,2.0476,-5.8,-9.01
c1csc(C[NH+](C[C@H]2CCOC2)C2CC2)c1,0.8169,4.5683,-5.16,-6.48
COCCn1c(C)cc(C[NH+](C)Cc2ccoc2C)c1C,0.8443,4.0104,-5.54,-7.96
Cc1ccc(C)c(C[S@@](=O)Cc2cn3ccccc3n2)c1,0.7396,3.0416,-5.96,-8.91
O=C(Cc1noc2ccccc12)Nc1cccc(Oc2cnccn2)c1,0.5938,2.2825,-6.58,-9.58
CCC(=O)N[C@@H](C)c1nc2ccccc2n1CC(=O)Nc1ccc(Br)cc1,0.6216,2.4856,-6.18,-8.71
O=C(C1CC1)N1CCCc2cc([C@H](O)C[NH+]3CC=C(c4ccc(F)cc4)CC3)ccc21,0.7799,4.0264,-6.4,-9.09
C/[NH+]=C(/NCc1n[nH]c(-c2ccco2)n1)N1C[C@H]2C[NH+]3CCCC[C@@H]3[C@@H]2C1,0.3785,5.6122,-6.19,-8.35
CC1CCN(C(=O)c2cn(-c3ccc(Cl)cc3)c(=O)c3ccccc23)CC1,0.6557,2.0752,-6.65,-9.23
N#Cc1ccc(C(F)(F)F)nc1N[C@@H]1C[C@@H]1[NH3+],0.8049,4.0043,-5.43,-6.88
CN(CCS(C)(=O)=O)C(=O)Nc1ccccc1F,0.9005,2.0741,-5.41,-6.99
O=C1CCCCN1C1CC[NH+](CCOc2ccc(F)cc2Cl)CC1,0.8752,3.4232,-6.06,-7.6
COc1ccc(S(=O)(=O)N2C[C@H](O)[C@H](O)C2)cc1F,0.7882,2.9246,-5.66,-7.11
Cc1cc(NC(=O)COC(=O)c2sc(-c3ccccc3)nc2C)no1,0.7047,2.148,-6.12,-9.53
O=C1COc2ccc(C3=NN/C(=N\c4ccc(Cl)c(Cl)c4)SC3)cc2N1,0.7878,3.1266,-6.18,-8.29
C[C@@H]1[C@@H](C)S(=O)(=O)CCN1Cc1c[nH]nc1C(C)(C)C,0.9027,4.3514,-5.68,-7.13
NC(=O)[C@@H]1CCC[C@H]1NC(=O)NCc1ccccc1C[NH+]1CCCCC1,0.6027,4.1104,-6.0,-8.45
COc1ccccc1-n1nnnc1SCC(=O)Nc1nc(-c2ccccc2)cs1,0.4536,2.1512,-6.5,-9.34
COc1cc2cc(C(=O)N(C)Cc3ccc(Br)o3)[nH]c2c(OC)c1OC,0.6525,2.6085,-6.26,-8.32
Cc1cc(C)cc([C@@H](O)c2c(C)nn(C)c2Cl)c1,0.9053,2.9072,-5.67,-7.62
CNC(=O)c1ccc(Cl)cc1NC(=O)[C@@H]1[C@@H]2C=C[C@@H](C2)[C@@H]1C(=O)[O-],0.7879,4.4591,-5.94,-8.01
O=c1[nH]c(=O)n(CCc2ccccc2)c2nccc(-c3ccco3)c12,0.6223,2.2828,-6.47,-8.26
CC[C@H]1CC[C@H]([NH+]2CCC3(CC2)OC[C@H](C)O3)C1,0.8043,5.6539,-5.4,-6.79
C=CCOc1ccc(OCC=C)nn1,0.6421,2.6763,-4.94,-5.82
COc1ccc(OC)c(/C=C/C(=O)OCC(C)C)c1,0.5851,1.9923,-5.28,-6.59
C[C@@](N)(C(=O)OCCc1cccs1)C(F)(F)F,0.85,3.172,-5.33,-6.58
Cc1cc(C)c(C)c(OC(=O)c2cc3c([nH]c2=O)CCCC3=O)c1,0.68,2.4809,-6.27,-8.4
C#Cc1cccc(NCc2nc(C(F)(F)F)cc(=O)[nH]2)c1,0.8543,2.7575,-6.06,-8.61
COCCN(CC(C)C)S(=O)(=O)c1cccc(Br)c1,0.7597,2.1091,-5.37,-7.04
COc1ccc(-c2csc(NC(=O)c3ccc(C)c(S(=O)(=O)N4CCCCC4)c3)n2)cc1,0.5696,2.1219,-6.5,-8.96
CC1(C)CCC[C@H]1Nc1ccc(S(N)(=O)=O)cc1Br,0.8826,3.016,-5.55,-8.01
[NH3+][C@H]1CCCN(C(=O)NCC2CCC(C(=O)[O-])CC2)C1,0.6915,3.8327,-5.69,-7.64
CCOc1ccc(C(=O)N2CCC(NS(=O)(=O)c3cc(C)ccc3C)CC2)cc1,0.7841,2.0318,-5.67,-8.81
CC/C=C/COC(=O)c1ccn(C(C)C)n1,0.5678,2.6361,-5.01,-5.93
CO[C@H]1C[C@@H](C(=O)[O-])N(C(=O)c2cc(SC)ccc2C)C1,0.7658,3.5156,-5.66,-7.87
COC(=O)[C@@H]1CN(C(=O)c2cc(C(C)=O)c[nH]2)C[C@H]1C,0.663,3.2738,-5.64,-7.78
O=C(NCc1ccc[nH]1)c1ccc(S(=O)(=O)NC[C@@H]2CCCO2)cc1,0.6922,2.7439,-5.99,-8.71
O=S(=O)(c1ccc2nnn([O-])c2c1)N1CCC([NH+]2CCCCC2)CC1,0.826,3.9997,-6.01,-8.27
O=C([O-])[C@H]1CC(c2ccc(C(F)(F)F)cc2)=NO1,0.7929,3.1946,-5.62,-7.54
CC(C)(C)NS(=O)(=O)c1cc(C(=O)OCc2nc3ccccc3s2)ccc1Cl,0.5971,2.3008,-6.24,-9.29
CNC(=O)NCC(=O)N1CCc2cc(Cl)cc(Cl)c2C1,0.874,2.4013,-5.82,-7.96
Cc1cc(OC2C[C@H](C)C[C@@H](C)C2)c([C@H](C)[NH3+])cc1F,0.9014,3.9627,-5.59,-7.32
C[NH+](C[C@@H]1CCCC(C)(C)[C@@H]1[NH3+])C1CCCC1,0.734,5.3785,-5.29,-6.94
O=C(NC[C@@H](O)c1cccs1)c1ccc(-c2ccccc2)cc1,0.7485,2.2529,-6.19,-9.14
CC[C@](C)([C@H]([NH3+])Cc1c(Cl)c(C)nn1C)N(C)C,0.8783,4.2953,-5.25,-6.66
CCc1n[nH]c(SCC(=O)NC[C@H]2[NH+]=NC(=O)c3ccccc32)n1,0.6379,3.9906,-4.75,-8.57
Cc1cc(S(=O)(=O)N2CCN(C(=O)[C@@H]3C[C@H]3C)CC2)sc1C,0.8423,3.1379,-5.67,-7.41
C[C@@H]1CN(C2CCSCC2)[C@H](c2ccccc2)CO1,0.8224,3.3286,-5.62,-7.18
CC[C@@H](Oc1c(C)cc(Br)cc1[N+](=O)[O-])C(=O)NN,0.37,3.0359,-5.54,-7.47
CCS(=O)(=O)c1ccc(CC(=O)Nc2nnc(C3=COCCO3)o2)cc1,0.7992,2.7268,-5.9,-8.6
C[C@H](C(=O)Nc1ccc(F)c(S(=O)(=O)NC(C)(C)C)c1)n1cccn1,0.8468,2.8246,-6.0,-8.71
NCC#Cc1cc(C(=O)N2C[C@@H]3CC[C@H](C2)O3)cs1,0.7804,4.4871,-5.55,-7.52
Cc1n[nH]c(C)c1CCCNC(=O)c1cn(C2CCC([NH3+])CC2)nn1,0.6678,3.255,-5.95,-8.26
CC(C)CC[NH+]1CCC(CNS(=O)(=O)c2ccc3c(c2)C(C)(C)C(=O)N3C)CC1,0.7006,3.6065,-6.09,-8.26
COc1ccc(Br)cc1CNC(=O)N[C@@H]1CCC[C@@H]1CO,0.7581,2.9025,-5.49,-7.84
CCOc1ccc(NC(=O)Cc2n[nH]c(=O)c3ccccc23)cc1S(=O)(=O)N(C)C,0.589,2.3127,-6.35,-9.11
CC[NH+](CC)C(C)(C)[C@H](Cc1ccc(C)cc1)NC,0.7671,3.7312,-5.38,-7.09
Cc1ccc(C)c2sc(OC3CCN(C(=O)c4ccc(Br)o4)CC3)nc12,0.5842,2.6069,-6.34,-9.06
C[NH2+]Cc1cc(Cl)ccc1OC[C@H]1CN(C)CCO1,0.8674,3.6102,-5.55,-6.88
CN(C[C@H]1CCC[NH+]1C)C(=O)C1(C[NH3+])CCCC1,0.6599,5.3323,-5.34,-6.76
CCCCc1noc([C@H]2NCCc3ccccc32)n1,0.9145,2.922,-5.37,-8.05
O=S1(=O)CC[C@H]([C@H](CCl)Cc2cccc(O)c2)C1,0.8646,3.3804,-5.7,-7.84
CC[C@H](C#N)OC(=O)CNC(=O)Cc1cccc(F)c1,0.7961,2.7701,-5.54,-6.96
CC(C)[C@@H](NC(=O)[C@H]1CC(=O)N(C)C1)c1ccccc1,0.9124,2.7688,-5.78,-7.97
Cc1nc(C)n(-c2ccc(C(=O)NC[C@H](C)[NH+]3CCC(C)CC3)cc2)n1,0.8492,3.8242,-5.95,-8.74
COc1cc(OC)c(NCc2cn[nH]c2-c2cccc(C)c2)cc1F,0.7069,2.2771,-6.1,-8.91
COc1cc(C(=O)NCCc2nc(C)ncc2-c2ccncc2)ccn1,0.7338,2.5028,-6.09,-9.09
C[C@H]1Cc2cc(-c3cc(CNC(=O)CCCBr)no3)ccc2O1,0.7812,2.9486,-5.95,-8.17
C[C@H](CNc1ccc([N+](=O)[O-])cc1)NC(=O)c1ccccc1Br,0.5945,2.4389,-6.0,-8.29
C[C@@H](c1cccc(O)c1)[NH+](C)Cc1ccc(N(C)CCC#N)cc1,0.8227,3.9101,-5.77,-8.5
CC(C)Oc1cncc(C(=O)OCCC(F)(F)F)c1,0.7762,2.3572,-5.23,-6.91
Cc1ccc(-c2csc(/C(C#N)=C/Nc3ccccc3[N+](=O)[O-])n2)c(C)c1,0.3699,2.5371,-5.96,-9.08
CCOc1ccc([C@H](C)[NH2+]C[C@H]2CCCS2(=O)=O)cc1[N+](=O)[O-],0.5916,4.2425,-5.61,-7.54
C[C@H]1SCCC[C@@H]1Nc1c(F)cc(F)cc1F,0.8687,3.5107,-5.53,-7.13
COc1ccc(NC2=C(Cl)C(=O)N(c3ccccc3)C2=O)c(OC)c1,0.8316,2.019,-6.1,-8.56
Cc1cnc(C(C)(C)NC(=O)[C@@H]2CC(=O)N(CC3CC3)C2)s1,0.9028,3.3256,-5.68,-7.72
Cc1[nH]c2ccc(F)cc2c1CC(=O)N[C@H]1CCS(=O)(=O)C1,0.897,2.8295,-6.11,-8.81
O=C(c1cc(-c2ccccc2)on1)N1CCN(C(=O)[C@@H]2C[C@@H]2c2ccc(F)cc2)CC1,0.6486,2.9416,-6.54,-8.68
CCCn1nc(C(=O)Nc2ccc3c(c2)nc(C2CC2)n3C)ccc1=O,0.7661,2.3615,-6.21,-8.85
C[C@H](C(N)=O)N1CC[NH+](CCCOc2cccc(Cl)c2)CC1,0.703,3.861,-5.54,-7.65
CC(C)C[C@H](O)C[NH2+]C1CC[NH+](Cc2ccccc2Br)CC1,0.657,4.8356,-5.49,-7.48
CCc1ccc(CCNC(=O)NCCC(=O)N(C)C)cc1,0.8008,1.8911,-5.38,-7.43
CC[C@H](C(=O)c1ccccc1)n1nnc2ccccc21,0.6801,2.4967,-5.93,-8.49
COc1cccc(C(=O)Nc2ccc(NC(C)=O)cc2C(F)(F)F)n1,0.8836,2.1391,-6.05,-9.0
CC(C)[C@H](NC(=O)CCc1ccccc1Cl)C(=O)N1CCCC1,0.8677,2.3681,-5.87,-8.58
O=C(O[C@@H]1CCOC1=O)c1ccc2c(c1)C(=O)N(Cc1ccco1)C2=O,0.6053,2.8658,-6.28,-8.88
CCOc1ccc(/C=N/NC(=O)c2ccccc2)cc1OC,0.6587,1.7211,-5.69,-8.75
COc1cccc(N2CCN(Cc3nc(-c4cccs4)oc3C)CC2=O)c1,0.6741,2.3805,-6.28,-8.8
O=C(Nc1n[nH]c2ccc([N+](=O)[O-])cc12)[C@H]1C[C@H]1c1cc(F)ccc1F,0.5505,3.2122,-6.4,-9.12
Cc1occc1C(=O)NCC(=O)NCCc1nc(C(C)(C)C)cs1,0.8388,2.4806,-5.8,-8.24
CN(Cc1cccn1C)C(=O)Nc1cccc(-c2ccc3c(c2)CCO3)c1,0.7534,2.3352,-6.45,-8.91
CCCC(=CC(=O)Nc1cc2c(cc1Cl)NC(=O)CO2)CCC,0.7672,2.7304,-5.67,-7.92
C#CCOC(=O)c1sc(-c2ccc(F)cc2)nc1C,0.6381,2.2582,-5.65,-8.08
Cc1nc(Cl)cc(N2CCN(C(=O)Cc3cccc(Cl)c3)CC2)n1,0.7851,2.1485,-6.11,-8.58
O=C(C[C@@H](O)c1ccccc1)N1CCN(CC(=O)N2CCCCCC2)CC1,0.8526,2.5028,-6.07,-8.26
CCSc1cncc(NCCC2CC[NH+](CC)CC2)n1,0.7516,3.9919,-5.39,-7.65
Fc1cc(CN2CCO[C@H]3CCCC[C@@H]32)ccc1N1CCOCC1,0.8486,3.0354,-5.78,-8.12
CCN(CC)C(=O)C[C@@H](Nc1cccc(Br)c1)C(N)=O,0.7956,2.687,-5.47,-7.36
COc1ccc(/C=C2\SC(=O)N(CC(=O)N[C@H](C)C(=O)[O-])C2=O)cc1OC,0.6417,2.9914,-5.78,-7.81
CC(=O)N(C)C1CCN(C(=O)c2ccc(Cl)cc2)CC1,0.8404,1.9078,-5.68,-7.68
C#CC1(OC[C@H](O)CN2CC[NH+](C)CC2)CCCCC1,0.6692,4.5717,-5.52,-7.01
C[C@H](c1cccc(O)c1)[NH+](C)Cc1ccc(-n2cncn2)cc1,0.7548,3.8105,-6.04,-8.86
CCOc1ccc(C(=O)/C=C/Nc2ccc(S(N)(=O)=O)cc2)cc1,0.5928,2.073,-5.82,-8.4
COc1ccc([N+](=O)[O-])cc1NC(=O)COc1ccc(Cl)cc1,0.6454,1.7294,-5.79,-8.32
Cc1nc2c3c(F)cccc3nn2c(C)c1C/C([O-])=N/c1ncn[nH]1,0.4486,3.3891,-6.44,-9.32
Cc1ccc(C)c(S(=O)(=O)N2C(=S)NC(=O)[C@H]2Cc2ccccc2)c1,0.8344,2.8682,-5.67,-8.02
Cc1c(Cl)cccc1Nc1c(-c2cccc(O)c2)nc2cnccn12,0.5564,2.4197,-6.43,-9.26
CCc1ccc(C2=CCN(C(=O)[C@H]3CS[C@@]4(C)CCC(=O)N34)CC2)cc1,0.8195,3.4148,-5.91,-7.57
CCc1ccc([C@@H]2C(C(=O)c3ccncc3)=C([O-])C(=O)N2CC[NH+](C)C)cc1,0.696,3.8448,-6.28,-8.48
C[C@H](NC(=O)/C=C/c1cn(C)c2ccccc12)c1nnc2ccccn12,0.5781,2.9034,-6.51,-9.23
NNc1ccc(Cl)c(CSC2COC2)n1,0.6241,2.9848,-5.18,-6.78
Cc1csc(=O)n1CCC(=O)NCC(C)(C)N1C[C@H](C)O[C@H](C)C1,0.8421,3.4593,-5.85,-7.29
O=C(Nc1ccccc1O)c1ccc(-n2cccn2)cc1,0.7244,1.8181,-6.04,-8.22
Cc1ccc(NC(=O)CSc2cccc[n+]2[O-])c(C)c1,0.5344,2.2084,-5.76,-8.48
COc1cc(OC)cc(-c2nnc(SCC(=O)Nc3ccc4c(c3)OCO4)o2)c1,0.5824,2.2871,-6.23,-8.94
CN1C(=O)C[C@@H](NC(=O)C2(C#N)CCCC2)[C@H]1c1ccc(Cl)cc1,0.915,3.5144,-5.96,-7.73
Cc1noc(C)c1S(=O)(=O)N1CCCC[C@@H]1C(=O)Nc1ccc(Cl)c(Cl)c1,0.794,2.6969,-6.44,-8.62
COc1cc(OCC(=O)Nc2ccccc2-c2cccs2)ccc1[N+](=O)[O-],0.483,2.0686,-6.14,-8.99
COCC[NH+](C)CCN1CC2(CC[NH+]([C@@H]3CCOC3)CC2)OC1=O,0.5513,6.0745,-5.71,-7.79
CC[C@@](O)(C(=O)[O-])[C@@H](C)c1ccc(OC(C)C)cc1,0.8453,3.4932,-5.45,-6.82
CN(C)[C@@H]1C[NH+](Cc2ccccc2)CC[C@@H]1CO,0.7869,4.5339,-5.41,-6.95
NC(=O)NC(=O)N/N=C/c1cccc([N+](=O)[O-])c1,0.4035,2.3274,-5.5,-6.92
CC(C)Cn1ncc(C(=O)OC2CCN(S(C)(=O)=O)CC2)c1C1CC1,0.7165,2.6867,-5.77,-7.69
N#C[C@@H](C(=O)c1cscn1)c1nc(N)nc(Nc2ccccc2)n1,0.6771,3.2541,-6.16,-8.84
O=C(Nc1ccccc1-c1nc2ccccc2[nH]c1=O)c1cc([N+](=O)[O-])ccc1Cl,0.3743,2.1716,-6.71,-9.93
CCCNC(=O)NC(=O)COc1ccc(-c2ccc(C#N)cc2)cc1,0.8477,1.9153,-5.81,-8.66
C[C@@H]1CN(C(=O)Nc2cc(-n3nnnc3C3CC3)ccc2F)CCO1,0.9178,2.9963,-5.98,-8.8
CCCCc1cc(NC(=O)c2ccc(Cl)c([N-]S(C)(=O)=O)c2)[nH]n1,0.7766,3.4079,-5.96,-8.91
CC(C)C(=O)NCCNC(=O)NCC(F)(F)F,0.6302,2.2137,-5.34,-6.72
CCOC(=O)NC(=O)COc1csc(C(=O)[O-])c1,0.793,2.8477,-5.25,-6.91
C[C@@H](C(=O)Nc1ccc(Cl)cn1)n1c(C(F)(F)F)nc2ccccc21,0.7493,2.7734,-6.3,-8.41
CC(C)N(C(=O)CSc1nnc(-c2ccc(Cl)cc2)o1)C1CCCC1,0.6828,2.3507,-5.97,-8.11
Cc1ccc([C@H](CNC(=O)[C@@H]2CCC[NH+]2Cc2ccccc2)[NH+]2CCCC2)cc1,0.6471,5.0236,-6.38,-8.83
O=C(Cn1ccccc1=O)NCc1cccc(C(F)(F)F)c1,0.9409,1.982,-6.02,-8.98
CC[NH+](C)C[C@@H]1CCN(Cc2ccc(C)c(F)c2)C1,0.8474,3.7844,-5.53,-7.4
CC[C@@H](C)n1nc(C)c(C2=NN=C([C@@H]3Nn4c(nnc4C(C)C)S3)C2)c1C,0.851,4.4507,-6.16,-8.32
CC[NH2+][C@H](Cc1nccn1C)[C@]1(N(C)C)CCC[C@H](C)C1,0.8613,4.7112,-5.5,-7.14
Cc1ccc(N2CCN(C(=O)CCn3cnc4c([nH]c5ccc(C)cc54)c3=O)CC2)c(C)c1,0.5236,2.4562,-6.2,-9.17
CC(C)(C)c1cc(NC(=O)c2cccc(Cl)c2)no1,0.9069,2.063,-5.88,-8.3
CC1(C)CCC[C@]2(C)[C@@H]1CC[C@]1(C)[C@@H](O)[C@@]3(C)CC[C@]12C3,0.6523,5.7926,-5.33,-7.37
COC(=O)c1c(C)n(C)c2ccc(OC(=O)/C=C/c3ccncc3)cc12,0.4102,2.3995,-6.18,-8.48
C[NH+](C)[C@@H](CNc1cc(-c2ccccc2F)nc2ccnn12)c1ccccn1,0.5411,3.6789,-6.46,-9.05
C/C(=N/NC(=O)CCC(=O)Nc1cccc(Cl)c1C)c1ccc(Cl)cc1,0.5589,2.0106,-6.2,-9.01
O=C1N=C(Nc2ccc(Cl)cc2)CS1,0.8005,2.6258,-5.2,-6.45
O=C(C[C@@H]1C(=O)NCCN1Cc1cccs1)NCCc1cccc(Cl)c1,0.7617,2.7553,-6.01,-8.47
CCC[C@@H]1C[C@@H]1NC(=O)N(C1CC1)[C@@H](C)C(C)C,0.7718,3.7691,-5.13,-6.72
CCCNC(=O)[C@H](C)NC(=O)c1cnn(-c2ccccc2)c1C,0.8538,2.3961,-5.72,-8.01
CCOC(=O)C1CCN(c2ccc(N)cc2C(=O)OC)CC1,0.6749,2.0407,-5.73,-7.97
COc1ccc(-c2csc(C)n2)cc1S(=O)(=O)Nc1ccc(NC(C)=O)cc1,0.6342,2.1005,-6.26,-8.91
Cc1cc([C@](C)(O)CNC(=O)c2ccc3c(n2)CCCC3)c(C)o1,0.9048,3.2548,-6.2,-8.57
O=[N+]([O-])c1ccc(NC[C@H](O)c2ccc(Cl)cc2)nc1,0.6535,2.5432,-5.69,-8.07
COc1ccc(NC(C)=O)cc1NC(=O)CCC1CCCCC1,0.8342,1.8506,-5.74,-8.33
Cc1csc([C@@H](C)Nc2nc(Cl)ncc2C)n1,0.8674,3.0991,-5.53,-7.76
CN(Cc1ccccc1N1CCOCC1)C(=O)c1cccnc1SC(F)F,0.7032,2.4212,-6.12,-7.99
Cc1cccc(NC(=O)CN(C[C@@H]2CCCO2)C(=O)Cc2ccccc2Cl)c1C,0.7401,2.6258,-6.45,-8.37
O=C(Nc1cccc(CN2C(=O)CNC2=O)c1)c1cccc([N+](=O)[O-])c1,0.4823,2.1218,-6.33,-9.21
C[C@H](CNC(=O)c1cccc(NC(=O)[C@H]2C[C@H]2C)c1)Nc1ccccc1,0.7148,2.8821,-6.21,-8.95
CC(=O)Nc1ccc([C@H]2c3cnn(C(C)C)c3[NH+]=C(c3ccccc3)N2C2CC2)cc1,0.6742,3.5495,-6.38,-8.31
COc1ccc(S(=O)(=O)N[C@@H]2CCS(=O)(=O)C2)cc1C,0.8711,2.6245,-5.64,-7.6
N#C[C@@H]1CN(C(=O)N[C@@H]2CCCN(c3ccccc3Cl)C2=O)CCO1,0.8683,3.3955,-5.95,-8.17
[NH3+]C1(C[C@H]2C[C@H]3CC[C@@H]2C3)CCC1,0.6728,5.1957,-5.09,-6.2
CCc1nn(C)c(CC)c1CN1CCO[C@@H](c2ccccc2Cl)C1,0.8243,3.0621,-5.85,-8.23
CCN(Cc1ccc2c(c1)OCCO2)C(=O)CN1C[C@H](C)O[C@@H](C)C1,0.8136,3.0521,-5.9,-7.36
C[C@@H](c1ccccc1F)N(C)C(=O)CN(C)C(=O)c1ccccc1,0.846,2.437,-5.93,-8.21
COc1ccc(F)cc1S(=O)(=O)NC[C@@H](c1ccc2c(c1)OCO2)N1CC[NH+](C)CC1,0.6337,3.6547,-6.18,-8.16
C[C@H]1CSC(S[C@H]2CCCC[C@@H]2O)=N1,0.7524,4.3461,-5.06,-6.67
CCc1ccccc1CNC(=O)CNC(=O)NCc1ccc(F)cc1,0.7229,1.8748,-5.82,-8.68
CC(C)CNC(=O)c1c(N)cnn1C,0.734,2.315,-5.02,-6.08
CCc1nnc([O-])c(-c2nc(-c3c[nH]c4ncccc34)cs2)c1CC,0.6094,3.2226,-6.4,-8.34
c1nc(N2CCC(CN3CCOCC3)CC2)c2sccc2n1,0.868,2.4472,-5.74,-6.79
Cc1cc(C(=O)N2CCN(C(=O)c3ccccc3O)CC2)c(C)n1C(C)C,0.9045,2.1675,-6.26,-8.82
Oc1ccc(CCNc2nccc(C(F)(F)F)n2)cc1,0.9055,2.1537,-5.62,-8.17
COc1ccccc1-n1cnnc1SCC(=O)Nc1ccc(C(F)(F)F)cc1,0.6241,2.1446,-5.96,-8.75
CC[S@@](=O)[C@H]1CCCC[C@@H]1NC(=O)c1ccc(Nc2cc[nH+]cc2)cc1,0.8185,4.2145,-6.17,-9.05
N#CC1(NC(=O)CSc2nnc(-c3ccc(Cl)cc3)o2)CCCC1,0.819,2.4391,-5.96,-8.5
Cc1cc(O)c(C[NH+]2CCc3ccccc3C2)cc1C,0.8569,3.838,-6.15,-8.39
CSCc1ccc(NC(=O)N(CCO)[C@H]2CCc3ccccc32)cc1,0.8205,2.7474,-6.2,-8.13
CCN1CCN(C(=O)CCc2cn3ccccc3n2)[C@H]2CS(=O)(=O)C[C@H]21,0.7811,3.4955,-6.06,-8.55
Cc1ccccc1-c1ncc(CN2CCC[C@H](c3ncccc3S(C)(=O)=O)C2)cn1,0.625,2.9536,-6.65,-8.38
CC[C@H](C)N(C)C(=O)NC[C@H](c1cccs1)[NH+](C)C,0.8133,4.258,-5.14,-6.84
CC[C@@H](Oc1ccccc1OC)C(=O)N1CCC[C@@H](c2cc(C(F)F)n3ncnc3n2)C1,0.5524,3.5085,-6.25,-8.56
CN(Cc1ccc(Cl)c(Cl)c1)Cc1cc(=O)n2ccccc2[nH+]1,0.7263,3.2322,-6.31,-8.74
CCNC(=S)N/N=c1/nc(N2CCOCC2)nc(N2CCOCC2)[nH]1,0.4455,3.1096,-5.53,-7.78
Cc1ccc([C@@H](CNC(=O)NCCc2ncnn2C)N2CCOCC2)o1,0.7499,3.0946,-5.79,-8.3
O=C(NCCCc1nc2ccccc2s1)c1cccc(F)n1,0.5809,2.2049,-5.82,-8.45
N#Cc1ccc(S(=O)(=O)N2CCC(C(=O)O[C@@H]3C[C@H]4CC[C@@H]3C4)CC2)cc1,0.7402,4.0075,-5.99,-7.81
COC(=O)Cn1ncc2c3ccccc3n(C)c2c1=O,0.6537,2.2294,-5.95,-7.96
C[C@@H]([NH2+]CCC(=O)Nc1sccc1C#N)c1ccc(F)cc1F,0.851,3.6576,-5.89,-8.05
CCCCC[C@@H]([NH2+]C)c1ccc(F)cc1,0.6951,3.3685,-5.08,-6.26
CC[NH2+]CC/C=C(/C)c1cc(C)cc(F)c1,0.7372,3.6047,-5.14,-6.28
CCn1c(SCC(N)=O)nnc1-c1cccc(C)c1,0.8458,2.0262,-5.57,-7.48
COCCOC(=O)C1=C(C)NC2=C(C(=O)C[C@@H](c3ccccc3)C2)[C@H]1c1cccnc1,0.5702,3.1702,-6.47,-8.61
Cc1cc(C(=O)NCc2ccccc2C[NH+]2CCCC2)c(C)o1,0.8868,3.3649,-6.03,-8.42
O=C([O-])[C@H]1CSC2(CCCCC2)[NH2+]1,0.5965,5.5733,-5.03,-6.01
C[C@H](CCc1ccccc1)NC(=O)Nc1cccc(C(=O)NC(C)(C)C)c1,0.7099,2.3671,-6.22,-9.33
COC(=O)c1ccc(C(=O)N[C@H]2C[C@@](C)(OC)C2(C)C)cc1,0.8676,3.1878,-5.64,-7.63
Cc1nc([C@@H](Cc2ccsc2)NCc2ccc(F)cc2)sc1C,0.6766,2.8721,-6.06,-8.81
CCc1noc(C)c1C(=O)N[C@H](Cc1cc(=O)[nH]c(N2CCOCC2)n1)c1ccccc1,0.5824,3.2469,-6.42,-8.51
CCCC(=O)Nc1c2c(nn1-c1cccc(C)c1C)CSC2,0.9282,2.5178,-5.62,-7.88
Cc1nc(C(=O)N2CCC[C@@H](CCc3ccc(F)cc3)C2)cs1,0.8452,2.5583,-5.98,-8.32
Cc1ccc2ncc(C(=O)NC3CCCCC3)n2c1,0.8988,2.2206,-5.81,-8.19
CC1=C(CC[NH+]2CCC[C@@H](C(N)=O)C2)C(C)(C)CCC1,0.7559,4.7361,-5.77,-8.04
CCc1ccccc1N1C[C@H](c2nnc(NC(=O)c3ccc(OC)cc3OC)s2)CC1=O,0.5846,2.8199,-6.22,-8.85
C[C@@H]1C[C@@H]2CCCC[C@@H]2[NH+]1Cc1cnc(C2CC2)s1,0.899,4.9904,-5.46,-7.09
Cc1noc(C)c1COc1ccc(C(=O)NCCc2ccc[nH]2)cc1,0.6927,2.2915,-6.09,-8.99
Cc1cccc(C(=O)N2CCC[C@@H](C(=O)Nc3cccc(C(F)(F)F)c3)C2)c1,0.8387,2.3992,-5.89,-9.76
Cn1cc(S(=O)(=O)N[C@H](CO)c2ccc(Cl)cc2)cc1C(N)=O,0.7085,2.791,-5.94,-8.5
O=S(=O)(Nc1cc(F)ccc1F)c1ccc(Cl)cc1F,0.9393,1.9366,-6.0,-8.21
O=C1[C@H](Nc2ccc3c(c2)OCCCO3)CCCN1Cc1ccccc1,0.9156,2.6066,-6.33,-8.66
c1ccc([C@H]2[C@H]3[NH+]=c4ccccc4=C3CC[NH+]2Cc2ccc(Oc3ncccn3)cc2)nc1,0.4678,4.835,-6.42,-9.05
O=C(Nc1cnccn1)C1CC[NH+](Cn2nc(-c3ccc(Cl)cc3)oc2=S)CC1,0.6018,3.5148,-6.33,-7.74
O=C([O-])c1ccc2c(=O)n3cc(C(=O)c4cc(F)ccc4O)cc(Cl)c3nc2c1,0.4071,2.8116,-6.88,-9.28
C[C@H](NC(=O)CNC(=O)c1ccc2c(c1)OCO2)c1ccc(S(N)(=O)=O)cc1,0.646,2.5213,-6.2,-9.08
O=C(Nc1ccc(Cl)c(C(F)(F)F)c1)[C@@H]1CC(=O)N(Cc2ccco2)C1,0.8654,2.7077,-6.32,-8.87
Cc1cccn2cc(C(=O)Nc3ccc([C@H](O)Cn4cncn4)cc3)nc12,0.5673,2.9379,-6.35,-9.0
CC/C(=C\c1cc2c(cc1[N+](=O)[O-])OCO2)CO,0.6542,2.7189,-5.54,-6.81
O=C([O-])[C@@H](Cc1ccccc1)Nc1ccc(Cl)c(Br)c1,0.8991,2.8048,-5.88,-7.76
CC(C)[C@@H](O)c1cccc([N+](=O)[O-])c1,0.5941,2.4704,-5.14,-6.01
Cc1oc(-c2ccc(Cl)cc2)nc1C[NH+]1CCC[C@@H](C(=O)NC2CC2)C1,0.8443,3.9892,-6.17,-8.81
CON(C)C(=O)C[NH+]1CCCC[C@@H]1c1ccc(C)o1,0.8177,4.681,-5.61,-7.36
CS(=O)(=O)[C@H]1CCC[C@H](NC(=O)NCc2ccco2)C1,0.8802,3.1476,-5.67,-7.68
Cc1nc([C@@H]2CCCN(C(=O)c3ccccc3)C2)sc1C(=O)Nc1ccc(Cl)cc1,0.5934,2.5704,-6.56,-9.25
CC[C@H]1CCCC[C@H]1OC[C@@H]1CSc2ccccc21,0.7763,3.6027,-5.34,-7.05
CC1CC[NH+](Cc2ccc(NC(=O)C[C@H]3Oc4ccccc4NC3=O)cc2)CC1,0.7283,3.7386,-6.24,-8.02
CCC(CC)[NH+](C)CCC(=O)NC(N)=O,0.5475,4.4114,-4.99,-6.07
O=C(Cn1c(-c2cccs2)noc1=O)NCCc1c(F)cccc1F,0.7266,2.4572,-5.97,-8.57
CC(C)C[C@@H]1COCCN1C(=O)c1cc(Cl)nc(N2CCCC2)c1,0.7812,2.9713,-5.92,-7.57
OC[C@@H]1O[C@@H](O[C@]2(CCl)O[C@H](CCl)[C@H](O)[C@H]2O)[C@H](O)[C@@H](O)[C@H]1Cl,0.3489,5.0191,-5.82,-7.94
CCc1nnc(S(=O)(=O)Cc2ccc(Cl)cc2Cl)n1C,0.8622,2.5255,-5.79,-8.24
COc1cc(C[NH2+]C2CCCCCC2)cc(Br)c1OCc1cccnc1,0.6829,3.0495,-6.14,-7.94
C[C@H](NC(=O)CC(F)(F)F)c1ccc(F)cc1,0.8197,2.361,-5.42,-6.73
CC1CC[NH+](CCCC[NH2+]Cc2cc(F)ccc2F)CC1,0.7042,4.5273,-5.58,-7.12
Cc1c(NC(=O)c2cnn(C)c2Cl)c(C(=O)N(C)C)nn1C,0.9148,2.7136,-5.69,-8.12
CC(C)([C@@H]([NH3+])c1ccc(Cl)cc1F)N1CCOCC1,0.9219,3.4962,-5.56,-6.88
Cc1cc(Nc2nncs2)nc([C@H]2CCCN(C(=O)C[NH+](C)C)C2)n1,0.7917,3.9877,-5.91,-8.31
Cc1ccc(O)c(S(=O)(=O)NNC(=O)c2cc3c(s2)CCCCC3)c1,0.5612,2.4597,-5.68,-8.51
C[NH2+]C1CCC([NH+](C)[C@@H](C)C(=O)NC2CCCCC2)CC1,0.649,4.9409,-5.21,-7.72
CC(=O)N1C=Cc2ccccc2[C@H]1CC(=O)NC1(c2noc(C)n2)CCCCC1,0.8556,3.3764,-6.46,-8.94
O=c1cc(C[NH+]2CCCC[C@H]2c2nc3ccccc3s2)nc2ccc(Br)cn12,0.5146,4.1829,-6.58,-8.85
COCCn1ccc2ccc(NC(=O)N(C)CC[C@@H](C)O)cc21,0.8239,2.8567,-5.58,-8.2
C=CCN1C(=O)NC(=O)/C(=C\N[C@H](CC)CC2=c3ccccc3=[NH+]C2)C1=O,0.3094,4.2087,-5.74,-8.4
CCc1nc(Cn2cnc3cc(F)c(F)cc32)cs1,0.7355,2.4721,-5.58,-8.05
CC(C)[NH+]1CCC(CNC(=O)C(=O)NC2CCCCC2)CC1,0.6522,3.4148,-5.74,-8.23
C[NH+](C)Cc1nc(C(C)(C)NC(=O)c2cccc(SCC#N)c2)no1,0.7152,3.5512,-5.76,-8.44
O=C(Cc1ccc(F)cc1)[C@@H]1CSCCS1,0.8276,3.0806,-5.29,-6.78
CC(=O)N[C@@H](CC(=O)N[C@@H]1CCCC[C@@H]1C)c1ccccc1,0.8783,2.8597,-5.85,-7.95
COc1ccccc1[C@H](NC(=O)[C@H](C)NC(=O)c1ccoc1)C(C)(C)C,0.8301,3.0975,-5.98,-8.03
COc1ccc(-c2cc(-c3cnn(C(C)C)c3)c(C#N)c(N)n2)cc1OC,0.7425,2.477,-6.1,-8.61
CC(C)c1ccc(Cc2cnc(N3C(=N)SCC3=O)s2)cc1,0.925,2.7359,-5.85,-7.98
Cc1occc1CN(C)[C@@H]1CC[C@H]([NH3+])C1,0.8122,4.1185,-5.15,-6.28
CC(C)(C)N(CC(=O)[O-])C(=O)NC1CC1,0.6998,3.0532,-5.32,-6.06
C[C@@H]1CCC[C@](CO)(Nc2ccc(C(=O)N(C)C)nn2)C1,0.8797,3.473,-5.65,-8.09
Cc1cc(C)n([C@@H]2CCN(c3ncc(F)c(N4CCOCC4)n3)C2)n1,0.8434,3.099,-5.95,-8.22
Cc1cc(C)n(-c2ccc(CNC(=O)N3CC[C@@H](C)[C@H](O)C3)cn2)n1,0.89,3.1743,-5.94,-8.65
CCn1c([C@H]2CCC[NH+]2Cc2ccon2)nc2ccccc21,0.8007,4.3848,-6.03,-8.37
CCN(CCC(=O)OC)C(=O)c1cnc2c(c1)c(C)nn2C,0.7782,2.3633,-5.68,-7.06
Cc1ccc(NC(=O)CN2C(=O)N[C@@](C)(c3ccco3)C2=O)c(F)c1,0.8306,2.7339,-6.21,-8.81
C[C@H]1CC(C(=O)NCc2ncnn2C)C[C@H](C)O1,0.8566,3.3814,-5.44,-6.79
CC(=O)Nc1ccc(OCC(=O)N[C@H]2CCCC[C@H]2C)cc1,0.8786,2.5176,-5.79,-8.38
CN(CCOCC1CC1)[C@@H]1CC(C)(C)CC[C@H]1[NH3+],0.7313,4.1117,-5.23,-6.73
CCCc1nc(C[S@](=O)CCC2C[C@@H](C)C[C@@H](C)C2)no1,0.7695,4.1299,-5.5,-8.02
Cc1ccc([C@H](CO)Cc2ccncc2Cl)cc1,0.9155,2.5864,-5.64,-7.56
O=C1[C@H]2C[C@H]2C(=O)N1Cc1ccc(Cl)cc1,0.734,2.5984,-5.55,-7.32
O[C@@H](Cc1ccc(F)cc1)[C@@H]1CCO[C@]2(CCOC2)C1,0.9232,4.013,-5.64,-7.54
COc1cc(F)cc(CNC(=O)CCc2cccc(F)c2)c1,0.8896,1.828,-5.85,-8.54
CS(=O)(=O)c1ccc(Cl)c(NC(=O)c2ccnc3ccccc23)c1,0.7746,1.9024,-6.33,-8.63
CC[C@H](C)Sc1nnc(NC(=O)C2CCN(C(=O)[C@@H]3CC(=O)N(C(C)(C)C)C3)CC2)s1,0.5097,3.4374,-6.14,-8.01
O[C@H]1Cc2ccccc2[C@@H]1[NH2+]Cc1ccc(-c2ccccc2)s1,0.7606,3.6789,-6.28,-9.18
CC[C@@H]1CN(C(=O)[C@@H]2CCN(C)C(=O)C2)C[C@@H]1N1CCOCC1,0.7555,3.6295,-5.81,-7.94
COc1ccc(CN(C(=O)c2cccnc2)[C@@H]2CCCC[C@@H]2C)cc1OC,0.7619,2.9043,-6.17,-7.7
C[C@H]1OCC[C@H]1C(=O)N1CCC(Nc2ccc(F)cc2)CC1,0.9333,3.0446,-5.83,-8.12
COc1cc(CN2CCO[C@@H](c3cccc(F)c3)C2)cc(Cl)c1OC,0.7988,2.6314,-5.99,-8.11
CC[C@@H]1CO[C@H]2c3ccccc3CC[C@@H]2[NH2+]1,0.7576,4.5244,-5.44,-6.74
C[C@@H](C[NH3+])c1ccc(S(C)(=O)=O)cc1,0.7931,3.1133,-5.11,-6.2
O=C(C[C@@H]1C(=O)Nc2nc(-c3ccccc3)nn21)Nc1cccc2ccccc12,0.5633,2.951,-6.67,-9.97
CCn1ccc(C(=O)Nc2nnc(-c3cc(C)oc3C)o2)n1,0.7941,2.6169,-6.0,-8.65
CCOc1ccc(/C=C2\CC/C(=C\C(C)C)C2=O)cc1,0.7573,2.481,-5.53,-7.1
Cc1ccccc1CN1CCN(CC(=O)NCc2ccco2)C1=O,0.8839,2.2069,-6.06,-8.46
COc1ccc(CNc2nc3c(S(=O)(=O)c4ccccc4)nnn3c3ccccc23)cc1OC,0.3793,2.431,-6.6,-9.37
O=C1[C@H]2CCCC[C@H]2C(=O)N1c1ccc(Br)c(Cl)c1,0.7284,2.8534,-5.72,-7.26
C[C@@H]1CC[C@H](C(N)=O)CN1C(=O)CCc1c[nH]c2ccccc12,0.9074,2.9376,-6.13,-8.52
O=[S@](CC1CC[NH2+]CC1)c1ccc(F)cc1F,0.8656,4.4267,-5.66,-7.36
Cc1cc([N+](=O)[O-])ccc1NC(=O)CS[C@H](C)[C@H](C)O,0.6209,3.0452,-5.39,-6.96
COc1ccc(NC(=O)c2cnn(-c3ccccn3)c2C)cc1N1CCCCC1=O,0.7031,2.299,-6.48,-9.03
C[C@@H](CCc1cccn1C)NC(=O)NC12CC3CC(CC(C3)C1)C2,0.8514,4.212,-5.83,-8.1
CCSc1nc2nc(C)c(C(C)=O)c(C)n2n1,0.6161,2.6473,-5.45,-7.02
Clc1ccc2oc(SC3CCCC3)nc2c1,0.7873,2.3578,-5.61,-7.42
O=C(c1cc2ccccc2[nH]1)N1CCCC[C@@H]1CCc1ccc(O)cc1,0.7292,2.5992,-6.55,-9.58
CCCCOc1ccc(NC(=O)[C@@H]2CCCN(c3ncnc4[nH]cnc34)C2)cc1,0.5965,2.8767,-6.14,-8.35
CC1(C)C(C(=O)N(C[C@H]2CCCO2)c2ccncc2)C1(C)C,0.857,3.1195,-5.78,-7.37
Nc1nc(Cl)c(Cl)c(Cl)c1Cl,0.6966,2.7377,-5.21,-6.02
CC(C)c1cc(C(=O)Nc2ccc(N3C(=O)CCCC3=O)cc2)n(C)n1,0.8558,2.339,-6.28,-8.71
CCC[C@@H]1[C@H]2C[C@@H](C)CC=C2C(C#N)=C(N)C1(C#N)C#N,0.8395,4.3656,-5.57,-7.33
Cc1cccc(C)c1NC(=O)CN1CCN(C(=O)Cn2ccccc2=O)CC1,0.8446,2.1067,-6.24,-8.68
CCc1nc2n(n1)CCC[C@@H]2[NH2+]Cc1ccc(OC)c(O)c1,0.8686,3.9296,-5.84,-8.11
C[NH+](C)CCNc1cc(-c2ncccc2C(F)(F)F)c2cc[nH]c2n1,0.6612,3.5048,-6.06,-8.53
CCCS(=O)(=O)N1CCC(NC(=O)c2cnc3ccc(C)cn23)CC1,0.8729,2.5191,-5.91,-8.75
CC(=O)NC[C@@H]1CCCN(C(=O)C2CCC(c3ccccc3)CC2)C1,0.9122,2.5242,-6.09,-8.86
CC[C@H](C)N(C)C(=O)COc1ccc(C(C)=O)cc1OC,0.7249,2.4468,-5.01,-6.83
CCC[C@]1(c2ccccc2)NC(=O)N(CC(=O)NC(C)(C)CC)C1=O,0.7455,2.8509,-5.81,-7.78
NC1=C(N)C(=O)c2ccccc2C1=O,0.6083,2.3694,-5.29,-6.46
COc1ccccc1C(=O)NCC(=O)N(C)Cc1ccc(Br)s1,0.8157,2.0869,-5.93,-7.67
O=C(NCC(F)(F)F)NNC(=O)c1ccc(Br)c(F)c1,0.5599,2.2745,-5.5,-7.8
Cc1ccc(OC(=O)[C@H]2CC(=O)N(CC3CC3)C2)cc1,0.6236,2.5153,-5.63,-8.07
COc1ccc(S(=O)(=O)c2cn(CC(=O)Nc3ccccc3OC)c3nc(C)ccc3c2=O)cc1,0.4202,2.3531,-6.61,-8.94
CCNC(=O)c1ccc(N2CC[C@@H](c3cc(OC)cc(OC)c3)C2)nc1,0.8632,2.6368,-5.9,-8.51
Cc1ccc(NC(=O)c2nnc(C(=O)N3CCC[C@@H](C(=O)NC4CCCCCC4)C3)s2)cc1,0.6486,2.8435,-6.44,-8.26
C[S@@](=O)c1ccc(CNC(=O)CNC(=O)C(C)(C)C)cc1,0.858,2.7174,-5.58,-7.7
COCCN1C(=O)C[C@](CC(=O)N2CCC[C@@H](C(C)=O)C2)(c2ccccc2F)C1=O,0.6295,3.3215,-6.1,-7.64
Cc1cccc2c1NC(=O)[C@H]2CC(=O)N1C[C@H]2CC=CC[C@H]2C1,0.854,3.77,-5.96,-8.34
CC(C)[C@H](C)S(=O)(=O)[C@H](C)C(=O)N1CCN(c2ccccc2)CC1,0.815,3.0364,-5.86,-8.0
CCCS(=O)(=O)N1CCC[C@H](C(=O)Nc2ccc(OCC)cc2)C1,0.8161,2.4214,-5.65,-7.81
O=C(NNC(=O)c1c[nH]c2ccccc12)c1ccc2c(c1)COCO2,0.6246,2.2647,-6.5,-9.69
C[C@@H](CC[NH+](C)C)NC(=O)C(=O)Nc1ccccc1N1CCCCC1,0.6624,3.3443,-5.98,-8.07
CC(C)COC(=O)C[C@H]1C(=O)NCCN1C=C1C(=O)CC(C)(C)CC1=O,0.4479,3.5987,-5.7,-7.86
CC[C@H](CC(=O)NNC(=O)[C@@H]1CCS(=O)(=O)C1)c1ccc(C)cc1,0.7849,3.1354,-5.81,-8.23
CCC[NH+]1CCC[C@@H]([C@@H](C)[NH2+][C@@H](C)CC)C1,0.6584,6.1692,-5.13,-6.87
C[C@H](Cc1ccc(F)cc1)NC(=O)N[C@H]1CC(=O)N(C2CC2)C1,0.8695,2.9137,-5.87,-8.3
C[C@@H]1CCC[C@H](NC(=S)Nc2ccc(F)c(Cl)c2)[C@@H]1C,0.7807,3.0399,-5.58,-7.41
CSCc1ccnc(N[C@H]2CCc3cc(F)ccc32)c1,0.9131,2.8348,-5.78,-8.84
Cc1cc(NC(=O)Cn2ncc3cc(-c4ccccc4Cl)ccc32)n(C)n1,0.5817,2.3208,-6.62,-9.03
CN(C[C@@H]1CCC[NH+]1C)C(=O)N[C@H]1COC[C@]1(C)C(=O)[O-],0.5988,5.5129,-5.6,-7.53
O=S(=O)([O-])c1ccc(Nc2ccc3ccccc3c2)cc1,0.7515,2.1184,-6.19,-9.36
NC(=O)[C@H]1CCCN(C(=O)c2ccccc2OCCOc2ccccc2)C1,0.7614,2.35,-6.12,-8.38
Cc1ccc(O[C@H](C)C(=O)Nc2ccccc2C(=O)N(C)C2CCCCC2)cc1,0.7651,2.4518,-6.37,-8.38
CC(=O)Nc1ccc(S(=O)(=O)N2CCC[C@@H]([NH+]3CCOCC3)C2)cc1,0.7657,3.7534,-5.85,-7.57
C=CCS(=O)(=O)N(C)C[C@@H](C)C(=O)OC,0.4886,3.3323,-5.03,-5.98
O=C(CS[C@H]1N=Nc2nc3ccccc3n21)Nc1ccc2ccccc2c1,0.5399,3.0943,-6.4,-9.33
CC(=O)Nc1ccc(C(=O)[C@@H](C)Sc2cc(C)c3cccc(C)c3n2)cc1,0.4912,2.6282,-6.29,-9.25
Cc1ccc([C@@H](C)NC[C@@H](c2ccco2)N(C)C)cc1F,0.8794,2.9825,-5.21,-8.66
O=C(N[C@@H](c1ccccc1)c1cccc(F)c1)N1CCC[C@H](CO)C1,0.8954,2.7725,-6.34,-9.22
Cc1ccc([C@@H]2NC(=O)N[C@@](O)(C(F)(F)F)[C@@H]2C(=O)c2ccc(Br)cc2)cc1,0.6131,3.3946,-6.26,-8.82
COC(C)(C)[C@H]([NH3+])[C@H]1CCOC2(CCSCC2)C1,0.8521,5.1543,-5.43,-7.3
C[C@@H]1CN(C2CCN(Cc3ccc(F)cc3OC(F)(F)F)CC2)CCO1,0.7523,2.9239,-5.95,-7.37
CCn1cc([C@@H](O)[C@H]2CCOC3(CCSCC3)C2)cn1,0.9313,4.4458,-5.42,-7.46
COC[C@@H]1CN(C(=O)C(=O)Nc2ccccc2-c2ccccc2)CCO1,0.8547,2.6111,-6.24,-8.44
Cc1ccc([C@@H]2C[C@@H](C(F)(F)F)n3nc(C(=O)Nc4cccc([C@@H](C)O)c4)cc3N2)cc1,0.5196,3.8007,-6.52,-8.47
CC(C)C1CCC([NH+]2CC[C@@H]([NH+]3CCCC3)C2)CC1,0.7377,5.8329,-5.53,-7.46
CO[C@H]1CCC[C@@]([NH2+]C(C)C)(C(N)=O)C1,0.68,4.5996,-5.04,-6.02
CC[C@@H](Sc1nncn1C)C(=O)Nc1nnc(C(C)C)s1,0.8199,3.1097,-5.57,-7.82
COc1cccc(C(N)=O)c1OCc1ccc(F)cc1F,0.9215,1.9271,-5.86,-8.28
Cc1ccc(/C=C/C[NH2+]C(C)(C)C)cc1F,0.809,3.28,-5.29,-6.53
C[C@H](CS(C)(=O)=O)NC(=O)C1(c2ccc(F)cc2F)CCOCC1,0.864,3.0876,-5.81,-8.11
COC(=O)C[C@H](NC(=O)Cc1ccccc1Cl)c1cccs1,0.8222,2.5042,-5.69,-7.4
Cc1ccc([C@@](O)(CC(=O)N2CC[C@@H](C)[C@H](O)C2)C(F)(F)F)o1,0.8855,3.8033,-5.83,-7.79
CC(C)[C@H]1CN(C(=O)CN2CCOC2=O)CCC(=O)N1CC1CC1,0.7484,3.212,-5.95,-7.68
C[NH+](C)CCCn1c(=S)[nH]c2cc(Br)cnc21,0.8368,3.8486,-5.47,-7.08
CCNC(=O)c1ccc2c(c1)sc1nc(-c3ccc(C)cc3)cn12,0.6075,2.1921,-6.32,-9.84
Cc1ccc(CN2C(=O)/C(=C3\SC(=S)N([C@@H]4CCS(=O)(=O)C4)C3=O)c3ccccc32)cc1,0.4917,3.0667,-6.44,-7.67
COc1ccc(S(=O)(=O)N2CCC[C@H]2C(=O)Nc2nc3c(Cl)c(Cl)ccc3s2)cc1,0.5776,2.7527,-6.41,-8.83
O=C(Nc1ccc(Br)cc1)N[C@@H](Cc1ccccc1)C(=O)N1CCCCC1,0.7474,2.3065,-6.32,-7.82
Clc1ccc(Cl)c2c1OCC[C@@H]2[NH2+]CCCCn1cnnc1,0.8208,4.2046,-5.78,-8.12
C[C@H]1CC[C@@H](C)N(C(=O)c2cc(C(C)(C)C)nn2C)C1,0.7912,3.2006,-5.66,-7.74
COc1ccccc1N1CCN(C(=O)Cc2cc(=O)oc3cc(C)c(C)cc23)CC1,0.6223,2.2175,-6.48,-9.29
O=C(C1=C([O-])C(=O)N(CCCN2CCOCC2)[C@H]1c1ccc(Cl)cc1)c1ccco1,0.6259,3.1707,-6.17,-9.06
Cc1nn(-c2ccccc2)cc1CCCNC(=O)c1csnn1,0.7057,2.3953,-5.86,-8.42
C[C@@]1(C(=O)NC2CCCCC2)CN(S(=O)(=O)c2ccccc2)CC(=O)N1c1ccc(Cl)cc1,0.695,2.8922,-6.55,-8.49
C[C@@]1(c2ccc(NC(=O)/C=C/c3cccnc3)cc2)NC(=O)NC1=O,0.5852,2.8348,-6.19,-8.29
Cc1cccc(NC(=O)N2CCN(/C(=C/C#N)c3ccc(F)cc3)CC2)c1,0.8419,2.3327,-5.99,-9.18
CCc1onc(C)c1[C@H]1CCC[NH+]1Cc1sccc1C,0.9387,4.7391,-5.74,-7.47
C[C@H](Sc1nnnn1C1CC1)C(=O)Nc1ccccc1OC(F)(F)F,0.7841,2.7851,-5.97,-8.15
NC(=O)N/N=C/c1ccc(Oc2ccc([N+](=O)[O-])cn2)cc1,0.4931,2.2617,-5.76,-8.32
CCc1ccc(C[C@@](C)(O)c2cc(F)cc(F)c2)cc1,0.8953,2.574,-5.79,-8.09
COCC(=O)NC[C@H]1C[C@H]2CC[NH+]1C[C@@H]2C[NH+]1CCCC1,0.5174,6.7186,-5.51,-8.02
COc1ccc(N[C@H]2CCC[NH+](CC(=O)Nc3ccc(C)cn3)C2)cc1,0.7346,3.8539,-5.97,-8.47
CCc1nn(C)cc1C(=O)O[C@@H](CC)c1cccc(OC)c1,0.7683,2.8623,-5.72,-7.85
CCC(=O)Nc1ccc(NC(=O)[C@]23CC[C@H](C[C@@H]2Br)C3)cc1,0.7948,4.1344,-5.59,-8.08
Cc1nc(N(C)C[C@@]2(C)CC[NH+](C)C2)c2c(C)nn(C)c2n1,0.8884,4.7396,-5.79,-7.9
O=C(NCc1csc(C2CC2)n1)Nc1ccc(C(=O)N2CCCC2)cc1,0.8447,2.1441,-6.11,-8.57
CCC(=O)Nc1c(C)noc1/C=C/c1ccc(S(=O)(=O)[N-]c2ccccc2F)s1,0.5573,3.5037,-6.24,-8.65
O=C(Cc1ccc(Cl)cc1)Nc1ccc(SCc2nc3ccccc3[nH]c2=O)cc1,0.4154,2.1359,-6.55,-9.13
CC(=O)Nc1cc(NC(=O)CC[C@@H](C)O)ccc1C,0.7613,2.3032,-5.38,-7.24
N#Cc1ccc(Nc2nc(Cl)ncc2Cl)cc1,0.8451,2.1967,-5.56,-7.55
Cc1noc(-c2ccc3c(c2)OCO3)c1C(=O)NCCc1cccc(Cl)c1,0.7192,2.2845,-6.42,-9.06
CC(C)C(=O)N1CCC[C@@H]1C(=O)NC1CCN(C(=O)c2ccoc2)CC1,0.8839,2.8108,-5.79,-7.96
O=C(Nc1nnc(C(F)(F)F)s1)c1ccc(Cl)c(Cl)c1,0.8934,2.1653,-5.86,-8.91
Cc1csc(CCCCNC(=O)[C@H]2COc3ccc(F)cc3C2)n1,0.8153,2.8123,-6.06,-8.64
CCOC(=O)c1ccc(NC(=O)[C@@H]2CCCc3sc(NC(=O)c4ccc5c(c4)OCO5)nc32)cc1,0.4903,2.8835,-6.33,-9.46
CC[C@]1(C)OC(=O)N(CCC2=c3ccccc3=[NH+]C2)[C@@]1(C)O,0.7708,4.6691,-5.66,-7.92
O=C(NCCc1cn2ccccc2n1)c1ccc(OCC(F)F)nc1,0.713,2.5324,-6.04,-8.88
Cc1ccc(N(CC(=O)[O-])C(=O)C[C@H]2C[NH2+]CCO2)cc1,0.7102,4.1748,-5.52,-7.48
C[NH+]1[C@H]2CC[C@@H]1CN(S(=O)(=O)c1cc(Cl)sc1Cl)CC2,0.8727,5.445,-5.93,-7.16
C[C@@H](NC(=O)Cn1c(=O)c(C#N)cn(C2CC2)c1=O)c1ccco1,0.8679,3.0147,-5.83,-8.42
Cc1ccc2ccc3cc(C(=O)NCc4ccc(F)cc4)[nH]c3c2n1,0.5931,2.2009,-6.47,-9.62
CC[C@H](C)CN(C)C(=O)NCC1(c2ccccc2C)CC1,0.85,2.8837,-5.27,-7.57
O=C1COc2ccc(NC(=O)C3CCOCC3)cc2N1,0.8553,2.2245,-5.69,-8.13
CCOC(=O)c1cccc(N2CCCC[C@@H](SCC)C2)n1,0.7802,2.8952,-5.67,-7.47
COC(=O)[C@@]1([NH3+])CCC[C@@H](n2nc(C)c(C)c2C)C1,0.8141,4.0976,-5.49,-7.39
Cc1cc(NCC(=O)NCCc2ccccc2)ccc1-n1cnnn1,0.6864,2.1202,-5.97,-9.1
O=C1CN(C(=O)C(=O)Nc2cc(F)ccc2Cl)CCN1,0.7358,2.2688,-5.9,-7.96
Cc1cc(C)c(C)c(OCC[NH2+]CCO)c1,0.6931,3.3967,-5.05,-5.99
CSc1ccc(Nc2ccc(N)c(OC(C)(C)C)n2)cc1,0.8243,2.3479,-5.6,-8.14
Cc1nc(-c2ccccc2)sc1CSc1ncc(C#N)c(N)n1,0.5763,2.5347,-5.95,-8.75
O=C(c1n[nH]c([O-])n1)N1CCC[C@H]1c1ccccc1Cl,0.9086,3.3221,-6.02,-7.64
CN(C)c1cc(C(=O)Nc2cccc(Cl)c2Cl)ccn1,0.9398,2.02,-5.84,-8.5
CCn1c(=O)[nH]c2cc(C(=O)N3C[C@H](C)S[C@H](C)C3)ccc2c1=O,0.8967,3.2562,-6.18,-8.64
CO[C@@H](CNC(=O)CCC1CCN(C(C)=O)CC1)c1ccc(F)cc1,0.8224,2.6752,-5.81,-7.97
NS(=O)(=O)c1ccc2c(c1)N(C1CCCC1)CCC2,0.9013,2.1826,-5.78,-7.47
CC(=O)c1cccc(NC(=O)C2CCN(c3ccccc3[N+](=O)[O-])CC2)c1,0.4946,1.9606,-6.15,-9.13
Cc1ccc(S(C)(=O)=O)cc1C(=O)NCC(=O)NC(C)(C)C,0.8646,2.0292,-5.84,-7.95
Cn1nc(C2CC[NH+](Cc3ccccc3)CC2)n(C2CCCC2)c1=O,0.9192,3.5531,-6.17,-8.67
CCC[C@@H](C(=O)N[C@@H]1CC[C@H]([NH+](C)C)C1)c1ccccc1,0.8218,3.9948,-5.27,-7.53
CC1(C)CCCC[C@H]1NC(=O)c1ccc(/C(N)=N/O)cn1,0.3422,3.0726,-5.73,-8.14
Cc1ccc2nc(SCc3nc(Cc4ccccc4)no3)n(C)c(=O)c2c1,0.3908,2.2574,-6.31,-9.42
CN(C)c1ccc(Cl)cc1NC(=O)C(=O)N[C@H]1CCCC[C@H]1CO,0.7232,3.0713,-5.8,-8.11
O=C(NC1CC1)[C@@H]1Cc2ccccc2CN1C(=O)Cc1n[nH]c2c(Cl)cccc12,0.6962,3.0337,-6.41,-9.57
CC[C@H](C)N(C)C(=O)NCc1ccc(OC)c(OC(F)F)c1,0.84,2.6573,-5.26,-7.11
Cc1cc(NC(=O)N[C@H]2CCCC[C@@H]2CO)ccc1F,0.797,2.8004,-5.7,-8.14
CC(C)c1csc(CNC(=O)NCC2(c3ccc(F)cc3F)CC2)n1,0.8105,2.6486,-6.04,-8.18
Cc1cccc(OCCN2C(=O)/C(=N\O)c3ccc(Cl)cc32)c1,0.6911,2.234,-6.09,-8.53
COc1ccc(NC(=O)NC[C@H](C)N2CCc3ccccc32)cc1OC,0.8347,2.5253,-6.12,-8.91
CC(C)[C@@H](CO)N[C@@H](C)CC#N,0.6441,3.55,-4.77,-5.16
CC[C@@](C)([NH3+])COC(=O)Nc1cccc2ccccc12,0.8992,3.0081,-5.84,-8.21
COc1ccc([C@@H]2C(C#N)=C(N)Oc3cc(OC(=O)Cc4ccc(Cl)cc4)ccc32)cc1,0.45,2.7991,-5.65,-8.85
O=C(C1=C([O-])C(=O)N(CCN2CCOCC2)[C@@H]1c1ccc(F)cc1)c1ccco1,0.6773,3.173,-6.31,-8.82
COc1ccc([C@@H]2NC(=O)C3=NN=C(c4ccc(C)cc4)[C@H]32)cc1,0.9451,3.2639,-6.0,-8.21
C[C@@H](c1cccc(S(N)(=O)=O)c1)N(C)Cc1ccccc1Br,0.862,2.5422,-6.01,-8.3
Cc1ccc(CN2CCN([C@H](C)C(=O)N3CCOCC3)CC2)cc1[N+](=O)[O-],0.5688,2.6524,-5.78,-7.86
CCC[NH2+][C@H](Cc1cccs1)[C@@H]1C[NH+]2CCN1CC2,0.7021,6.2695,-5.37,-6.55
Cc1ccsc1CN(C)S(=O)(=O)c1cccc(F)c1,0.87,2.1461,-5.74,-7.0
CCCc1cc(C(=O)N2CCc3c(c(C(=O)N(C)C)nn3Cc3ccccc3)C2)no1,0.6111,2.6177,-6.37,-8.67
CC(C)c1cc(Br)ccc1NC(=O)COc1ccc([N+](=O)[O-])cc1,0.5789,1.9573,-5.97,-8.68
CC(C)Oc1ccccc1CN1C(=O)CN(c2ccccc2)C1=O,0.7917,2.1101,-6.09,-8.6
C[C@@H]1C[C@@H](C)C[NH+](CCNC(=O)NCc2ccccc2F)C1,0.7516,4.0634,-5.77,-8.16
O=C(NCCCO)NCC(=O)N1CCc2ccccc2C1,0.6804,2.0809,-5.88,-7.7
CCOc1ccccc1CNC(=O)c1ccc([C@H]2Nc3ccccc3S(=O)(=O)N2)cc1,0.5492,2.8744,-6.48,-8.67
Cc1cc2[nH]ccc2[nH+]c1C(=O)[O-],0.645,4.5366,-5.37,-6.0
O=C(NNC(=O)c1cc(-c2ccco2)nc2ccccc12)c1ccc[nH]c1=O,0.4756,2.3193,-6.69,-9.53
Fc1cccnc1N1CC[C@@H]([NH+]2CCCC2)C1,0.8059,4.3906,-5.52,-7.11
CC1=C(C(=O)COC(=O)c2[nH]nc3ccccc23)C[C@@H](C)N1c1ccc2c(c1)OCO2,0.6318,3.3971,-6.44,-9.14
COc1cc([C@H]2c3c(oc4ccc(Cl)cc4c3=O)C(=O)N2Cc2ccco2)ccc1O,0.505,2.9002,-6.66,-8.83
C[C@@H]1CCC[C@H](NC(=O)[C@@H](C)[NH+]2CCC(c3ccc(O)cc3)CC2)[C@@H]1C,0.7736,4.4199,-6.17,-8.48
CO[C@@H](C)C(=O)O[C@H](C)c1ccc(C)c([N+](=O)[O-])c1,0.4651,3.0567,-5.38,-6.79
O=C(NCc1cccc2cccnc12)Nc1cccnc1,0.7737,1.9532,-6.02,-8.65
CCOC(=O)C1=C(N)OC2=C(C(=O)CC(C)(C)C2)[C@H]1c1c(OCC)ccc2ccccc12,0.6834,3.1226,-6.56,-9.11
COC(=O)c1ccc(NC(=O)CN2CCN(c3ccccc3F)CC2)cc1,0.818,1.7833,-6.07,-8.85
C[NH+](CCNS(C)(=O)=O)C1CCC(c2ccc(O)cc2)CC1,0.7118,3.8251,-5.68,-7.73
C[C@H](NC(=O)Nc1cccnc1)c1ccc(Cl)s1,0.9016,2.5656,-5.64,-7.62
O=C1c2cc(Cl)c(Cl)cc2C(=O)N1CN(C[C@@H]1CCCO1)C[C@@H]1CCCO1,0.6708,3.342,-6.13,-7.18
CCC[C@H](C)N(C)c1cc(C)c(F)cc1[C@H](C)[NH3+],0.8587,3.8866,-5.34,-6.42
CCc1ccc(C(=O)CCC(=O)Nc2ccc(N3CCSCC3)cc2C)cc1,0.6886,2.1623,-6.11,-7.99
CC(=O)N1C=Cc2ccccc2[C@H]1CC(=O)Nc1cn[nH]c1,0.912,3.0947,-5.93,-8.28
Cn1cc(C(N)=O)c(NC(=O)COc2cc(F)ccc2F)n1,0.8535,2.3401,-5.76,-8.29
O=C(Cn1c(=O)n(Cc2ccco2)c(=O)c2c3c(sc21)CCCC3)Nc1ccccc1F,0.501,2.4874,-6.68,-9.54
CCN(CCc1nccs1)C(=O)Nc1cncc2ccccc12,0.7759,2.4642,-5.69,-7.93
COc1ccc(C)cc1CCNC(=O)Cc1ccc(NC(C)=O)cc1,0.8143,1.8068,-5.83,-8.74
CC(C)(C)N(C(=O)[O-])C1[C@@H]2C[NH+](Cc3ccccc3)C[C@H]12,0.8602,5.0979,-5.7,-7.36
CNC(=O)c1cccc(CCNC(=O)Nc2ccc(F)c(C)c2)c1,0.7893,1.8793,-6.01,-9.27
Cc1ccc(C(=O)c2ccc(C[N+]3=CCCC3)cc2)c(C)c1,0.6177,2.6607,-5.94,-8.48
C[C@H](CNC(=O)c1ccc(I)cc1)[NH+]1CCc2sccc2C1,0.7208,4.1507,-6.27,-7.54
Cc1ccc(N2C[C@@H](C)[C@H](C)C2)cc1N,0.7126,3.0527,-5.31,-6.51
CCCN1C(=O)c2ccc(Cl)cc2N[C@H]1c1cc2ccccc2[nH]c1=O,0.7302,2.9167,-6.45,-9.1
O=C([O-])[C@H]1CCCN(c2cc(-c3ccccn3)nc(-c3ccccc3F)n2)C1,0.694,3.0613,-6.54,-8.46
CCn1cc(CNC(=O)c2c(N)cnn2CC)cn1,0.8266,2.5042,-5.56,-7.67
C[C@H](CO)NC(=O)C(=O)Nc1cccc(OC2CCCC2)c1,0.7184,2.5753,-5.79,-8.55
CS(=O)(=O)NCC[C@@H](O)c1ccco1,0.7437,2.9086,-4.96,-5.64
C#CCN1CCC(C(=O)N[C@H]2CCCc3ccccc32)CC1,0.8694,2.6848,-5.97,-8.42
CC(C)C[C@@H]1COCCN1C(=O)c1csc(-c2ccccc2F)n1,0.8431,2.8648,-6.03,-7.75
Cc1ccccc1NC(=S)N1CCN(c2ccc(F)cc2)CC1,0.8474,1.8201,-6.11,-7.28
Cc1c(Cl)cccc1NC(=O)Cn1nnc2sc(-c3ccccc3)cc2c1=O,0.5486,2.2634,-6.55,-9.53
Cc1cc(C)c(NCC(=O)Nc2cccc(OCC(C)C)c2)c(C)c1,0.7681,2.0128,-5.93,-9.04
C[C@@H]1CCCC[NH+]1Cc1ccc(NC(=O)[C@@H]2CCCN2C(N)=O)cc1,0.7646,4.117,-5.95,-8.48
CN(C(=O)Cn1c(=O)cc(-c2nc(-c3cccnc3)no2)c2ccccc21)c1ccccc1,0.4154,2.4478,-6.76,-8.96
COc1cccc(C[C@H](C)NC(=O)Nc2cc(-c3nnco3)ccc2C)c1,0.6924,2.7174,-6.16,-8.96
CC(=O)c1ccc(Sc2ccc(Cl)cc2)c(F)c1,0.749,1.9041,-5.72,-7.84
CCOc1nnc(CSc2cc3c(cc2Cl)OCCO3)s1,0.7715,2.7466,-5.78,-7.62
Cc1onc(-c2ccccc2Cl)c1NC(=O)N[C@@H]1CCSC1,0.8901,3.0302,-5.95,-8.14
CN(C(=O)c1ccccc1)c1cccc2ncccc12,0.7077,1.8004,-6.01,-8.21
CC(C)[C@H]([NH3+])c1n[nH]c(-c2ccc(Br)o2)n1,0.9016,4.0513,-5.56,-7.35
Cc1c([C@@H]2[C@@H]([NH3+])CCN2C2CC2)cnn1C,0.7779,4.2406,-4.99,-5.81
CCOC(=O)CNC(=O)[C@@H]1CCC(=O)N(c2ccc(C)c(C)c2)C1,0.8333,2.5181,-6.0,-8.25
N#Cc1ccc(N(C(=O)c2ccccc2F)C2CC2)cc1,0.8632,2.0741,-5.84,-7.46
COC[C@@H]1CCC[NH+]1Cc1cc2ccc(C)cc2nc1-c1ccc(OC)cc1,0.7151,3.9225,-6.07,-8.85
Cc1cc(C)c2nc(N(CC[NH+](C)C)C(=O)c3cc(C)n(C(C)C)n3)sc2c1,0.6922,3.4154,-6.14,-8.17
O=C(Nc1cccc(-c2nnco2)c1)N1CCN(Cc2ccncc2)CC1,0.7652,2.2785,-6.21,-8.96
O=C([O-])Cc1cccnc1Cl,0.5887,2.9271,-4.79,-5.37
Cc1ccc2ncc(C(=O)/N=c3\[nH]c4cc(Cl)ccc4n3C)n2c1,0.5791,3.0691,-6.43,-8.92
Cc1cc(C)cc(C(=O)NCCS(=O)(=O)N2CCN(c3cccc[nH+]3)CC2)c1,0.78,3.0972,-6.19,-9.09
Cc1ccc(S(=O)(=O)N(CC(=O)Nc2cc(C)on2)c2ccccc2)cc1,0.7037,2.0695,-6.31,-8.74
O=C(c1csc(NS(=O)(=O)c2ccccc2)n1)N1CCc2ccccc21,0.7482,2.1336,-6.4,-8.72
CC[S@](=O)[C@H]1CCCC[C@@H]1[NH2+]Cc1c(C)nn(-c2ccc(F)cc2)c1C,0.8403,4.2762,-6.24,-8.01
CCCC[C@@H](NC(N)=O)C(=O)N1CCN(C[C@@H](C)O)CC1,0.603,2.9125,-5.57,-7.39
COc1cc(C[NH+]2C[C@@H]3OCCN(C)[C@H]3C2)ccc1OCC(F)(F)F,0.8391,4.4406,-5.66,-7.5
CCCc1cc(C(=O)NNC(=O)c2cccc(Br)c2)[nH]n1,0.7384,2.331,-5.8,-9.03
COC(=O)CN(Cc1ccccc1C)S(=O)(=O)c1ccc2c(c1)n(C)c(=O)n2C,0.5678,2.3685,-6.27,-8.47
CC(C)(C)c1ccc(S(=O)(=O)CC(=O)Nc2sc3c(c2C#N)CCCC3)cc1,0.8088,2.4286,-6.43,-8.11
CC(C)c1ccc(OCCNC(=O)c2ncoc2[C@@H]2CCCO2)cc1,0.7788,2.9483,-5.94,-8.3
COCCN1Cc2cccc(C(=O)Nc3ccc(C)c(Cl)c3)c2C1=O,0.8894,2.1772,-6.24,-8.79
Cc1ccc(C[C@@H]2CCCN2C(=O)C[C@@H](O)c2ccccc2)cc1,0.9122,2.7056,-6.14,-8.57
CC(C)CN(C(=O)c1ccc(NN)nn1)C1CCCC1,0.6331,2.5038,-5.67,-7.33
O=C(Cc1noc(CCc2cccc(Cl)c2Cl)n1)NC1CCCC1,0.8431,2.3552,-5.96,-8.87
O=C(N[C@@H]1C=CS(=O)(=O)C1)c1ccc2nc(NS(=O)(=O)c3ccc(Cl)cc3)sc2c1,0.575,3.0173,-6.36,-9.11
C[C@H](NC(=O)c1n[nH]c2ccccc12)c1cccc(C(F)(F)F)c1,0.7589,2.5227,-6.45,-9.5
C/C=C/CSCc1cccc(C(=O)NC)c1,0.6278,2.3286,-5.21,-6.87
CC[NH2+][C@H](C)[C@@H](C)[C@@H]1CCCc2cccnc21,0.8478,4.4347,-5.36,-7.28
C[C@H](O)C[C@H]1CCCCCN1C(=O)c1ccc(O)cc1,0.8923,2.8049,-5.73,-7.46
COC(=O)c1ccc(Cn2nc(-c3ccc(C)cc3C)ccc2=O)o1,0.6838,2.2665,-5.86,-9.49
Cc1cccc(CNS(=O)(=O)c2cc(N3C(=O)CCS3(=O)=O)ccc2C)c1,0.8137,2.4549,-5.71,-8.71
Cc1ncn(CC(C)(C)C(=O)NN)c(=O)c1Br,0.4782,3.0432,-5.39,-7.07
Cc1nc(C(=O)N[C@@H](CO)c2ccco2)nn1-c1ccccc1C(C)C,0.7099,3.0445,-6.04,-8.45
O=C([O-])CCCCN1C(=O)N[C@@H]2NC(=O)N[C@@H]21,0.4781,4.2315,-5.38,-6.29
O=C(Cc1ccccc1)Nc1ccccc1C(=O)N1CCOCC1,0.939,1.7062,-6.15,-8.76
CC(=O)[C@@H](C)SCC(=O)/C=C1\N(C)c2ccccc2C1(C)C,0.778,3.1482,-5.24,-7.33
CCn1c(NC(=O)[C@@H]2C[C@@H]2c2ccccc2)nc2ccccc21,0.7967,2.75,-6.2,-8.63
C[C@@H](Oc1ccc2c(c1)OCO2)C(=O)NC1CC1,0.8773,2.4012,-5.48,-7.13
Cc1oc2cc3oc(=O)c(CCC(=O)N[C@@H](C)C(=O)[O-])c(C)c3cc2c1C,0.6835,3.331,-6.22,-9.06
CN(C)c1nc(Nc2ccc(Cl)cc2Cl)nc(N(C)C)n1,0.9314,2.3656,-5.74,-8.32
O=C(CSc1nncn1-c1ccccc1)Nc1sc2c(c1C(=O)c1ccccc1)CCCC2,0.2954,2.3829,-6.57,-9.06
CC1(CNC(=O)[C@@H]2CCCN(S(C)(=O)=O)C2)Cc2ccccc2C1,0.8965,2.975,-6.13,-8.56
Cc1ccc(-c2ccc(=O)n(C/C(N)=N/O)n2)cc1,0.371,2.2243,-5.85,-7.83
CC[C@H]1CCc2sc(C(=O)N/N=C/c3csc(C)n3)cc2C1,0.6834,3.1701,-6.1,-8.32
C[C@@H]([NH2+]Cc1ccnc(OCC(F)(F)F)c1)c1ccc(F)cn1,0.8276,3.8451,-5.75,-7.97
Cc1ccccc1CC(=O)NCCCn1ccnc1,0.8039,1.9712,-5.48,-7.58
CCOc1cc(C)ccc1NC(=O)C(=O)NCc1cccc(Cl)c1,0.8161,1.8771,-6.02,-9.02
COc1ccnc(N2CCC(N(CC3CC3)C(=O)c3ccc(S(C)(=O)=O)cc3)CC2)n1,0.6474,2.4965,-5.92,-7.94
CN(C)C1([C@H]([NH3+])[C@H]2CCOC3(CCC3)C2)CCCCC1,0.8614,4.7747,-5.26,-7.54
CC(C)[NH+](CC1CC[NH2+]CC1)[C@@H](C)c1cccnc1,0.7926,5.2802,-5.52,-7.37
COC(=O)[C@H](C)[C@@H](C)[S@@](=O)c1ccc(S(C)(=O)=O)cc1,0.7669,3.5186,-5.36,-7.46
COC(=O)N1C[C@H](c2ccccc2)OC[C@@H]1C,0.7488,2.9344,-5.49,-7.08
CC(C)(NS(=O)(=O)c1cc(F)cc(F)c1)c1ccc([N+](=O)[O-])cc1,0.6585,2.3576,-5.97,-8.47
CCOC(=O)c1c(NC(=O)Cc2ccc(Cl)s2)sc(C)c1C,0.8047,2.2578,-5.77,-7.96
CN(C)c1cc(CNC(=O)N2CCC[C@H]2CO)c2ccccc2[nH+]1,0.8904,3.748,-6.24,-8.5
N#Cc1ccc(/C=C/C=C/C(=O)c2occc2Br)cc1,0.4758,2.7586,-5.71,-8.39
O=C([C@@H]1CN(CC(=O)N2CCc3ccccc32)c2ccccc2O1)N1CCCCC1,0.7881,2.7866,-6.42,-8.82
CCC[C@@H]([NH3+])c1ccn(Cc2cncn2C)c1,0.8325,4.0177,-5.37,-7.15
C[C@@H](CNC(=O)N1CCCSCC1)C[NH+]1CCCCC1,0.8072,4.301,-5.63,-7.64
C(=C/c1ccccc1)\CN1CCC2=NN=C(c3ccc4c(c3)OCO4)[C@@H]2C1,0.8378,3.3329,-6.14,-9.28
CCCCNC(=O)[C@H]1CC(=O)N(c2cccc(C)c2C)C1,0.8466,2.3932,-5.67,-8.4
CC(C)(C)c1ncc2c(n1)CN(c1ncc(C#N)c(N)n1)C2,0.8502,2.9433,-5.84,-7.8
O=C(CCc1ncc(-c2ccc(Cl)cc2)o1)N[C@H]1CCS(=O)(=O)C1,0.8736,2.7615,-5.93,-8.53
COc1cc(/C=C2\S/C(=N/c3nnc(C)s3)N(c3ccccc3)C2=O)cc(OC)c1OC,0.4856,2.5892,-6.21,-8.52
COc1cc(-c2noc(C3C[C@H](C)O[C@H](C)C3)n2)ccn1,0.865,3.6033,-5.78,-8.1
Cc1ccc([C@@H](CC(=O)[O-])NC(=O)c2ccc(OC(F)F)cc2)cc1,0.8321,2.7562,-5.85,-7.93
CCOC(=O)CCCn1c(=S)[nH]c2c(C)nn(C)c21,0.6734,2.821,-5.58,-7.58
CS[C@H](C)C[NH2+][C@H](C)[C@@H](C)c1ccccc1,0.8054,4.2276,-5.0,-6.66
CO[C@@H](c1ccccc1)c1nc(-c2ccc(C)c(Cl)c2)no1,0.7143,2.5887,-6.11,-8.5
CCN1CCO[C@H](c2nc(N)c3c(n2)CCC3)C1,0.8436,3.1995,-5.34,-6.91
C[NH+](C)CCN1C(=O)C(=O)/C(=C(/O)c2ccco2)[C@H]1c1ccc([N+](=O)[O-])cc1,0.2487,3.624,-6.27,-8.49
C[C@H](NC(=O)CS(=O)(=O)Cc1ccccc1)c1ccccc1Cl,0.8692,2.3861,-6.03,-8.39
CCOc1ccc(N2C(=O)C[C@H](NCC[NH+]3CCC(C)CC3)C2=O)cc1,0.7001,3.8031,-5.7,-8.04
Cc1nc(N2CCN(C(=O)c3cccc(F)c3)CC2)cc(-n2cnc(C)c2C)n1,0.6833,2.4735,-6.42,-8.8
Cc1ccc(O[C@H](C)CNC(=O)N(C)C[C@@H]2CC[NH+](C)C2)cc1,0.8193,4.194,-5.7,-7.99
C[C@@H](C(=O)NC[C@@H](C)N(C)c1ccccc1)n1cncn1,0.8739,3.0989,-5.63,-7.43
C[C@@H]([NH2+]CC(=O)NC1CCCCC1)c1cccc(F)c1,0.8494,3.344,-5.79,-8.07
CCCOc1ccc(C(=O)Nc2cc(C(=O)OC)ccc2C)cc1,0.8192,1.6503,-5.79,-8.54
O=C(Nc1c2c(nn1-c1ccccc1)C[S@](=O)C2)c1ccc2ccccc2c1,0.577,2.8477,-6.83,-10.08
Cc1cccc(N2CCN(C(=O)CNC(=O)c3ccccc3Cl)CC2)c1C,0.8797,1.9318,-6.19,-8.81
COC(=O)C1=C(C)Nc2[nH]c(=O)[nH]c(=O)c2[C@H]1c1cccc(Oc2ccccc2)c1,0.5755,2.8886,-6.51,-9.28
O=c1[nH]nc(CC2CC[NH+](CCC(F)(F)F)CC2)n1-c1ccccc1,0.8508,3.6625,-6.22,-8.78
Cc1cc(C[NH+]2CCN(C)C(=O)C2(C)C)oc1C(=O)[O-],0.7375,4.8376,-5.68,-7.33
COc1ccccc1/C=C/C=N/NC(=O)C1=NN=C(C2=C(C)NN(c3ccccc3)[C@H]2C)C1,0.5054,3.6176,-6.15,-8.53
CC(C)CCNC(=O)C(=O)Nc1ccc(C(=O)N(C)C2CCCCC2)cc1,0.7518,2.1243,-6.01,-8.89
Cc1cc(C)c(C#N)c(SCC(=O)N[C@@H](C)c2ccc(Cl)cc2Cl)n1,0.7369,2.7537,-5.96,-8.46
Nc1cc(Oc2ccc(Cl)cc2)ccc1S(N)(=O)=O,0.8503,1.9483,-5.85,-7.72
C[C@@H](Sc1nc2ccccc2c(=O)n1C)C(=O)Nc1ccc(C(C)(C)C)cc1,0.5269,2.4714,-6.34,-9.0
Cc1ccccc1NC(=O)NC[C@@H](c1ccccc1)N1C(=O)c2ccccc2C1=O,0.6327,2.4711,-6.56,-9.29
CC(C)(C)CS(=O)(=O)/N=C(\[O-])Cc1cccs1,0.6157,3.4041,-5.17,-6.55
CC1(C)CCCC[C@H]1[NH2+]Cc1c[nH]cn1,0.7755,4.5207,-5.34,-6.46
CC(=O)c1ccc(S(=O)(=O)NCCC(=O)N(C)C)cc1,0.7815,1.9077,-5.38,-7.33
CCOc1ccccc1[N-]C1=NC(=O)/C(=C\c2cccnc2)S1,0.7922,3.2768,-5.97,-8.12
COC(=O)CNC(=O)N1CCC[C@H]1c1cc(C)on1,0.8258,2.8951,-5.68,-7.33
CN(Cc1ccc(Br)o1)C[C@@H](O)c1ccc(F)cc1F,0.9006,2.8609,-5.88,-8.21
Cc1cccc(C(=O)O[C@H]2CCC[NH+](C)C2)c1,0.7684,3.9941,-5.62,-7.54
C[C@H]1C[NH+]2CCC[C@H]2CN1C(=O)[C@H]1CC[C@H]([NH3+])C[C@H]1C,0.6568,6.0535,-5.63,-7.5
Cc1cc(C)c(C[NH+]2[C@@H]3CCNC[C@H]2CC3)c(-n2cccn2)c1,0.8984,5.3443,-6.0,-8.06
CCc1c(C(=O)N2C[C@@H](c3ccccc3C)C[C@@H]2C)[nH]c(C)c1C(C)=O,0.8285,3.2966,-6.16,-8.73
OCc1ncc(-c2cccc(Br)c2)s1,0.9093,2.335,-5.17,-6.87
CC(C)N1CCc2c(C#N)c(N3CCC(Cc4ccccc4)CC3)n3cnnc3c2C1,0.6494,2.9885,-6.44,-8.99
CCC(CC)NC(=O)N[C@@H]1C=C[C@@H](C(=O)[O-])C1,0.6709,4.0982,-5.24,-6.7
CCN(CC)C(=O)C1=CC(c2ccccc2OC)=NS(=O)(=O)N1C,0.8037,2.7846,-5.62,-6.87
CCc1cc(C(=O)N2C[C@H](O)C[C@H]2c2cc(F)ccc2F)oc1CC,0.917,3.4532,-6.17,-8.95
COCCOc1ccccc1NC(=O)Nc1cc(-c2ncco2)ccc1C,0.6076,2.2119,-6.04,-9.11
Cc1n[nH]cc1NS(=O)(=O)c1ccc2c3c(cccc13)C(=O)N2C,0.7631,2.8094,-6.32,-9.27
CC(C)CCNc1ncnc(N2CCN(c3ccc(F)cc3)CC2)c1N,0.8273,2.2459,-6.02,-8.46
O=C(c1ccc([C@H]2CCC[NH2+]2)s1)N1CCN(CCn2ccnc2)CC1,0.8581,3.8166,-5.79,-7.79
Cc1cc(NC(=O)Nc2ccccc2C)no1,0.8345,1.8131,-5.75,-7.92
CC[C@@H]1CO[C@@H](C)CN1[C@]1(C[NH3+])CC(C)(C)OC1(C)C,0.8535,4.9774,-5.53,-7.47
C[C@@H]([NH3+])C(C)(C)C[NH+]1CCC(C[NH+](C)C)CC1,0.5045,6.3286,-5.15,-6.49
C=CCN(Cc1cccc(C#N)c1)C(=O)NCc1cc(C#N)ccc1F,0.8119,2.4617,-5.94,-8.0
C[C@@H]1C[C@@H]1c1ccc(CN(C(=O)[C@@H]2CCCN(C(N)=O)C2)C2CC2)o1,0.8908,3.4897,-5.82,-8.22
O=C(CNCC(F)(F)F)NNC(=O)c1ccccc1Cl,0.7333,2.1217,-5.65,-8.0
CCC[NH+]1CCCn2nc(CNC(=O)[C@@H]3CCc4ccccc4C3)cc2C1,0.8416,4.2163,-6.34,-8.76
Cc1cc(C)n2c(=S)n(CN(Cc3ccccc3)CC(F)(F)F)nc2n1,0.6286,2.7414,-6.07,-8.07
Cc1cnc2c(S(=O)(=O)N3CCN(Cc4c(C)noc4C)CC3)cccc2c1,0.6699,2.4065,-6.44,-8.6
CC1(C)[C@H]2CC[C@@]3(C)Oc4oc(C(=O)[O-])cc(=O)c4C[C@@H]3[C@]2(C)CC[C@H]1O,0.8048,4.8328,-5.96,-7.8
Cc1noc([C@@H](C)OC(=O)[C@H]2CC(=O)N(C3CCC(C)CC3)C2)n1,0.7855,3.3677,-5.88,-7.85
CC(C)CNC(=O)c1cccc(C[NH+]2CCOc3ccccc3C2)c1,0.8755,3.5331,-6.21,-9.31
COc1ccccc1-n1cnnc1SCc1cc(Cl)c2c(c1)OCCCO2,0.5889,2.4794,-5.96,-8.57
NC(=O)c1ccccc1OCc1ccc(C(F)(F)F)cc1,0.9397,1.7293,-5.88,-8.45
CN(Cc1cc(-c2cccs2)n[nH]1)C(=O)[C@@H]1CNCC(=O)N1,0.75,3.4448,-5.85,-7.49
COCC[S@](=O)[C@H](C)C(=O)Nc1ccc(F)c(Cl)c1,0.8764,3.0961,-5.34,-7.93
C[C@H]1CN([C@]2(C[NH3+])CCCC2(C)C)CCO1,0.7611,4.5591,-5.27,-6.86
O=C(COC(=O)c1cccc(S(=O)(=O)N2CCc3ccccc3C2)c1)NCc1cccs1,0.5362,2.244,-6.3,-9.32
O=C1NC(=O)/C(=C\c2cccc([N+](=O)[O-])c2O)N1,0.3044,2.575,-5.6,-6.65
COc1ccc([C@@H](C)[NH2+]Cc2ccnc(OC3CCC3)c2)cc1,0.8549,3.4401,-5.84,-8.35
N#CCOc1c(F)cc(CBr)cc1F,0.7844,2.6065,-4.79,-5.72
COc1ccc(C(=O)OCC(=O)N[C@H](C)c2ccccc2)cc1,0.8329,2.0042,-5.69,-8.11
COc1c(Br)cc(Cl)cc1[C@@H]([NH3+])C1(CC(C)C)CCCC1,0.7721,3.7073,-5.56,-7.17
C=CCn1c(=O)c2ccccc2n2c(SCc3cc(=O)oc4cc(O)ccc34)nnc12,0.2581,2.6516,-6.61,-9.43
CCC(CC)N(C)C(=O)c1cccc(OCc2cn3ccccc3n2)c1,0.6416,2.4047,-6.02,-8.93
C[C@H]([NH2+][C@@H]1CCCc2sccc21)[C@@H](C)O,0.8042,4.6119,-5.14,-6.44
Cn1ccc(C[NH+]2CCC(CCc3ccc(O)cc3)CC2)cc1=O,0.8746,3.5104,-6.14,-8.43
CCCOc1cccc([C@@H](O)[C@]2(C#N)CCC[C@H](C)C2)c1,0.8814,3.6445,-5.65,-7.54
N#Cc1c([C@H]2CCOC2)cc(-c2cnn(-c3ccccc3)c2)nc1N,0.7968,3.0788,-6.06,-8.56
Cc1ccc(O)c2c1[C@@H]1C=CC[C@@H]1[C@H](c1cc([N+](=O)[O-])ccc1O)N2,0.3309,3.6693,-6.23,-8.4
C[C@@H](CN(C)Cc1cnccn1)c1cccc(Br)c1,0.8445,2.8168,-5.66,-8.51
O=C([O-])c1ccc(N2C(=O)C[C@H](Nc3ccc(O)cc3)C2=O)cc1O,0.535,3.077,-6.21,-8.7
Cc1cc(-n2c(C)cc(C(=O)CN3C(=O)N[C@@](Cc4ccccc4)(c4ccccc4)C3=O)c2C)no1,0.3135,3.0604,-6.77,-9.93
C[C@H]1CCC[C@H](Oc2ccc(C[C@@H](C)[NH3+])nc2)C1,0.8891,3.8409,-5.36,-7.37
COc1cc(OC)cc(C2(O)CC[NH+](Cc3c(F)cccc3F)CC2)c1,0.8535,3.4347,-5.97,-8.61
CC(=O)Nc1cccc(NC(=O)[C@H](C)c2ccc3ccccc3c2)c1,0.7367,2.2758,-6.43,-10.22
Cc1cc(C)cc(-n2nc3c(c2NC(=O)c2cccc(F)c2)CSC3)c1,0.7343,2.4568,-6.22,-9.48
CC[NH+]1CCN(C(=O)c2sc3ncccc3c2-n2c(C)ccc2C)CC1,0.768,3.6441,-6.09,-8.38
C[C@H]1[C@@H](C)OCCN1Cc1cccc(F)c1Cl,0.8074,3.2542,-5.6,-7.12
COc1ccc(C(=O)[O-])cc1NCc1cc(C#N)cs1,0.9025,2.7579,-5.52,-7.06
Cc1cc(OC(=O)c2ccc(Cl)cc2)cc2c1C(=O)/C(=C/c1ccccn1)O2,0.3615,2.4603,-6.37,-8.44
O=C1NC[C@H](C(=O)N2CCc3[nH]c4c(Cl)cccc4c3C2)N1,0.7428,3.2718,-6.33,-8.81
Cc1csc([C@H](C#N)C(=O)C2(Cc3cccc(Cl)c3)CCCC2)n1,0.748,3.2431,-6.02,-8.07
O=C(Nc1cccc(CN2CCn3c(nnc3C(F)(F)F)C2)c1)c1ccc(F)cc1,0.6554,2.307,-6.56,-9.56
C#CCN(CC(=O)[O-])C(=O)c1c[nH]c(=O)[nH]1,0.5498,3.6961,-5.22,-5.95
CCOC(=O)C(C=N)C(=O)OCC,0.3832,2.8181,-4.85,-5.64
Cc1ccc(CC(=O)NCCc2nnc3n2CCC3)cc1,0.9034,2.1096,-5.83,-8.1
C[NH+](CC(=O)N1C[C@@H]2CC[C@H](C1)[NH+](Cc1ccccc1)C2)Cc1ccccn1,0.7291,5.7434,-6.1,-8.09
CC[C@@H](Cl)CCc1nccs1,0.6638,3.2038,-4.82,-5.59
CCC[C@@H]1NC(=O)N(CC(=O)N[C@@H](C)c2ccc(C)c(C)c2)C1=O,0.7845,2.9439,-5.86,-7.94
CC(C)C[C@H](C(=O)Nc1cnn(C)c1)N1CCCCC1=O,0.8993,2.8903,-5.72,-7.47
Cc1ccc(NC(=O)C[C@@H](C)[NH2+]CCC2=CCCC2)c(C)c1,0.747,3.5599,-5.81,-8.01
CSc1ccccc1[C@H](Cl)[C@@H](C)c1ccncc1,0.583,3.2075,-5.04,-7.4
CC[C@H](C)C[C@@H](C)Nc1nc(Br)cs1,0.8744,3.4966,-5.05,-5.89
Cc1ccccc1-c1noc(CN2CCN(C(=O)c3cc(C4CC4)[nH]n3)CC2)n1,0.7177,2.451,-6.09,-9.21
Cc1nn(-c2nc3ccccc3o2)c2c1[C@H](c1ccc(C(=O)[O-])cc1)CC(=O)N2,0.5763,3.4994,-6.77,-10.0
O=C(Nc1cccc2nsnc12)c1ccc(OCc2ccccc2)cc1,0.5674,1.9249,-6.51,-9.34
c1ccc2c(c1)nnn2C[NH2+]C1CCCCC1,0.8648,3.2472,-5.78,-7.32
CC[C@@H](c1ccccc1)[S@](=O)CC(=O)N[C@@H](C)c1ccc(F)cc1,0.8255,3.297,-5.93,-8.57
C[C@H]1CCCC[C@@H]1NC(=O)N1CCC[C@H](CCO)C1,0.8254,3.1362,-5.53,-7.84
CCC[C@H](NC(=O)c1ccnc(C2CCCC2)n1)C(=O)OC,0.8149,2.8006,-5.82,-8.13
C[C@H]1C[C@@H]1NC(=O)C(=O)Nc1ccc2c(c1)CC(=O)N2,0.6911,3.0527,-5.72,-8.58
C[C@H](C(=O)NCc1cccs1)N1CC[C@@]2(CCC1=O)NC(=O)c1ccccc1O2,0.8051,3.9487,-6.15,-8.4
Cc1noc([C@@H]2CCCN2C(=O)c2cccc(N(C)C)c2)n1,0.8708,2.7102,-5.83,-8.32
CCN(C(=O)CNc1ccccc1C(=O)NC)c1ccccc1C,0.8584,2.0699,-5.87,-8.41
COC(=O)C[C@@H]1Oc2ccccc2N(Cc2cncnc2)C1=O,0.7922,2.8739,-5.84,-7.73
CC(C)NC(=O)N1C[C@@H](C)C[C@@H]1c1cccc(F)c1,0.8728,2.9698,-5.82,-8.15
Cc1cccc(NC(=O)C(=O)NCCCCc2ccccc2)c1C,0.632,1.7795,-6.03,-8.81
O=C(c1ccco1)N(C(=O)c1ccco1)c1ccc(Cl)cc1F,0.6753,2.4618,-6.13,-7.77
Cc1nc(C)n(-c2ccccc2NC(=O)N(C)C[C@H](C)c2ccccc2)n1,0.7405,2.7947,-6.24,-9.23
CC(=O)N[C@H]1CCC[NH+](Cc2ccn(-c3ccc(F)cc3)n2)C1,0.8719,4.1209,-5.99,-8.52
O=C(CC[NH+]1CCN(c2cnccn2)CC1)Nc1ccccc1-c1ccccc1,0.6769,3.0913,-6.55,-8.7
Cc1cc(=O)n2ncnc2n1C[C@@H](O)c1cc(Cl)ccc1Cl,0.7944,3.1284,-5.92,-7.99
COc1ccc([C@@H](C)NC(=O)CNC(=O)c2ccc3c(c2)OCO3)cc1F,0.8094,2.4824,-6.06,-8.79
Cc1nc2ccccc2c(=O)n1CCCC(=O)N1CCOC[C@H]1C,0.8568,2.6968,-6.2,-8.16
Cc1ccc(CCC(=O)N(C)c2ccccc2S(C)(=O)=O)o1,0.8487,2.3764,-5.86,-7.94
Cc1ccnc(NC(=O)c2c[nH]c3ccccc3c2=O)c1,0.7564,2.0051,-6.12,-8.48
CC(C)CN1C(=O)C2(CCCC2)NC12CC[NH+](Cc1ccccn1)CC2,0.8554,4.6403,-6.06,-8.1
CCc1nn(C)cc1C(=O)N1CCCCC[C@@H]1[C@H]1CCCCC1=O,0.8549,3.3313,-6.21,-7.88
CC(=O)Nc1cccc(C(=O)/N=C(/[N-]Cc2ccncc2)Nc2cccc(Br)c2)c1,0.4101,3.0112,-6.33,-9.46
Cc1ccc(C)n1-c1ccc(C(=O)NC[C@H](c2ccco2)[NH+](C)C)cc1,0.7152,3.4693,-6.11,-8.99
O=C(N[C@@H]1CC[NH2+]C[C@H]1O)c1ccc(OCCc2ccccc2)cc1,0.7252,3.4244,-6.08,-8.66
NC(=O)[C@@H](CNC(=O)c1cc(F)ccc1O)Cc1ccc(F)cc1,0.7512,2.4885,-6.13,-8.71
C[NH2+][C@H]([C@@H]1CCOC1)[C@@H]1C[NH+]2CCN1CC2,0.5448,6.8195,-5.29,-6.52
COc1ccc(S(=O)(=O)N2CCOCC2)cc1NC(=O)C12CC3CC(CC(C3)C1)C2,0.7703,3.5071,-6.1,-7.85
CCOCC1CCN(C(=O)N[C@H]2CCCn3nc(CC)nc32)CC1,0.8946,3.2309,-5.59,-7.77
C[C@@H]1c2ccccc2O[C@H]1C(=O)OCc1nncn1C1CC1,0.8099,3.4727,-5.72,-7.86
Cc1cccc(OCCSc2ccc(N)c(F)c2)c1,0.5114,2.0238,-5.65,-7.67
CC(C)(C)CN(CCCO)C(=O)N[C@H]1CCCN(c2ccc(C#N)cc2F)C1,0.7822,3.066,-6.01,-7.53
CCN(CC)S(=O)(=O)c1cc(C(=O)Nc2cc(C)ccc2C)ccc1C,0.8339,1.9532,-5.4,-8.57
Cc1ccc(S(=O)(=O)N2CCN(CC(=O)N[C@@H]3CCCC[C@H]3C)CC2)c(C)c1,0.8132,2.8535,-5.6,-8.27
COC1CCN(C(=O)C[C@@H](c2cccc(O)c2)c2cccc(Cl)c2)CC1,0.8538,2.6817,-6.21,-8.79
C[C@H](NC(=O)c1cc(F)ccc1O)[C@H](C)N1CCOCC1,0.8808,2.9973,-5.68,-7.81
Cc1ccc(C(=O)NCCC[NH+]2C[C@@H](C)C[C@@H](C)C2)s1,0.7972,4.5213,-5.58,-7.52
CC[C@H]1CCCC[C@@H]1NC(=O)C(=O)Nc1cccc(Oc2ccccn2)c1,0.7857,2.9573,-6.19,-9.36
CCC[C@@H](N=[N+]=[N-])n1nnc2ccccc21,0.4469,3.4436,-5.33,-6.84
O=C(Nc1cccnc1Cl)N1CCC[C@@H](C(=O)N2CCOCC2)C1,0.824,2.65,-5.88,-8.1
CN(C)S(=O)(=O)c1ccc(C(=O)Oc2ccc(Cl)cc2)cc1,0.6344,1.7123,-5.92,-8.05
c1ccc2c(c1)CCSC[C@@H]2[NH2+]CCCOC1CCOCC1,0.8154,3.9027,-5.72,-7.53
O=C(Cc1cccnc1)N1CC[C@@H](Nc2ncnc3c2CCC3)C1,0.9256,2.9037,-6.04,-8.63
Cc1ccc(N(C)[C@@]2(C[NH3+])CS[C@@H](C)C2)cc1,0.8898,4.2569,-5.31,-7.12
O=C(NCC1(c2ccc(F)cc2)CCOCC1)c1cc(=O)c2ccccc2o1,0.752,2.3893,-6.57,-9.67
C[NH+]1CCCN(CCC[NH2+][C@@H](c2ccccc2)C2CC2)CC1,0.6964,4.8131,-5.54,-6.88
C[C@@H]1C[C@@H](C)C[NH+](C(C)(C)C(=O)[O-])C1,0.6247,5.3844,-5.1,-6.18
C[C@H]1OCC[C@@H]1C(=O)Nc1ccccc1OCCC(N)=O,0.8266,3.0255,-5.39,-6.99
C[C@H]1CN(C(=O)c2cc(F)cc3cccnc23)C(C)(C)CO1,0.813,3.1876,-6.02,-8.38
Nc1ccc2oc(NC[C@@H]3CCCCO3)nc2c1,0.8146,2.874,-5.81,-7.63
Cc1nnc(C[NH2+]C[C@H]2CN3CCC[C@@H]3CO2)n1C,0.7632,4.4293,-5.36,-6.59
C[C@@H]1CCN(C(=O)Nc2nnc(C(F)(F)F)s2)C[C@@H]1O,0.8288,3.3892,-5.51,-8.16
Cc1nc([C@H]2CCCN(C(=O)c3ccc(N4CCCC4)nn3)C2)no1,0.8399,2.9735,-6.04,-8.59
COc1ccc(C(=O)Nc2nnc(C(C)C)s2)cc1F,0.9412,2.0292,-5.58,-7.96
CCOC(=O)CC[C@H]1CCC[NH+](Cc2ccc(C#N)o2)C1,0.802,4.5711,-5.62,-7.12
Cc1nc(=O)c(-c2ccccc2)c(C)n1-c1ccc(C(=O)[O-])cc1,0.7385,2.4944,-6.29,-9.01
CC(C)OC(=O)c1cc(NC(=O)[C@@H]2CCC(=O)NC2)ccc1Cl,0.8254,2.666,-6.03,-8.16
C[C@@]1(C(=O)N2CCc3ccccc32)CC1(Br)Br,0.7037,2.9582,-5.97,-7.31
Cc1ccc(S(=O)(=O)N[C@@]2(c3cccc4c3NCC4)CCCCC2=O)cc1,0.8483,3.2601,-6.55,-9.21
O=C(c1cc2ccccc2[nH]1)N1CC[C@@H](c2ccc3c(c2)OCO3)[C@H](O)C1,0.7332,3.0758,-6.53,-9.35
O=C(c1cccc(F)c1)c1ccccc1CN1CCC2(CC1)OCCO2,0.7883,2.7379,-6.25,-8.99
O=C1[C@H]2CC3=c4ccccc4=[NH+][C@H]3CN2C(=O)CN1/N=C/c1ccccc1Cl,0.6685,4.3766,-6.3,-8.28
CCSc1ccccc1OC(=O)Cc1csc(-c2ccoc2)n1,0.3693,2.5809,-5.92,-8.81
CC(C)(C)c1ccc2c(c1)O[C@H](C(=O)N/N=C\c1cccnc1)CO2,0.6892,2.916,-6.11,-8.78
CC1=Nc2ncnn2[C@H](c2ccc(OCc3c(F)cccc3Cl)cc2)[C@H]1C(N)=O,0.6925,3.3257,-6.06,-8.18
N#Cc1cccc(NC(=O)C(=O)N[C@H]2CCCc3c2cnn3Cc2ccccc2)c1,0.659,2.8229,-6.41,-9.28
CCNC(=S)N/N=C1\C(=O)N(Cc2ccccc2)c2ccccc21,0.664,2.1432,-6.18,-8.14
Cc1c(C(=O)NC2CCN(C(=O)c3ccsc3)CC2)nc2cc(Cl)ccn12,0.7297,2.6097,-6.41,-8.97
C[C@@H](CC(=O)Nc1cnc(-c2ccccc2)s1)n1cccc1,0.7673,3.0089,-6.01,-8.74
O=C(O[C@@H]1C[C@H]2CC[C@@H]1C2)c1ccccc1Cn1cncn1,0.8141,4.0275,-5.84,-8.2
CCc1nn2c(=O)cc(COc3cccc(C)c3C)nc2s1,0.7426,2.3608,-5.77,-8.42
O=C(NCCc1ccccc1)C1CCN(C(=O)c2cc3oc(-c4ccccc4)cc3[nH]2)CC1,0.4576,2.2966,-6.89,-9.66
CN(Cc1cccc(F)c1)C(=O)N[C@@H](CS(C)(=O)=O)c1ccccc1,0.8571,2.6138,-6.11,-8.65
O=C(Nc1cccnc1)[C@H]1CCCO1,0.7655,2.4156,-5.18,-6.38
COc1ccccc1-c1noc(CS(=O)(=O)c2nc3ccccc3[n-]2)n1,0.5266,3.1673,-6.42,-9.15
COc1cc(NC(=O)c2ccco2)c(C(=O)NCc2ccc(F)cc2)cc1OC,0.6345,1.9988,-6.4,-8.98
Cc1ccc(-c2csc3ncn(CCC(=O)Nc4ccc(NC(=O)C5CC5)nc4)c(=O)c23)cc1,0.4183,2.4318,-6.7,-9.76
COc1cccc(-n2c(=O)[nH]c3c(C(N)=O)ncnc32)c1,0.7135,2.388,-6.13,-7.42
c1cnc2nc(N3CCC[C@H]([C@@H]4CCC[NH2+]4)C3)ccc2n1,0.8925,4.2213,-5.09,-8.23
Cc1ccc(S(=O)(=O)N2CCN(CC(=O)Nc3ccc(Br)cc3)CC2)cc1,0.7578,1.8281,-6.14,-9.4
CC1(C)[C@H]2CC[C@]1(C)[C@H](OC(=O)CSc1nc3ccccc3o1)C2,0.5948,4.1591,-6.03,-8.56
C/[NH+]=C(/NCc1nnc2ccccn12)N[C@@H]1CC[NH+](C2CCCC2)C1,0.3856,5.0354,-6.19,-8.64
CC1CCN(C(=O)NC2(C[NH3+])CCCCC2)CC1,0.768,3.0028,-5.44,-7.21
Cc1cnn(CCNC(=O)[C@@H]2CCC(=O)N(C3CC3)C2)c1,0.8682,2.8761,-5.67,-8.17
CC(=O)N(C)c1cccc(NC(=O)[C@@H](C)NC(=O)C2CCC2)c1,0.8705,2.4625,-5.8,-8.53
O=C([C@@H]1CCCN(c2ccc(-n3ccnc3)nn2)C1)N1CCN(c2ccccc2Cl)CC1,0.6071,2.9307,-6.48,-8.24
CC[S@](=O)[C@H]1CCCC[C@@H]1NS(C)(=O)=O,0.7985,3.8348,-5.27,-6.67
NC(=O)[C@H]1C[C@@H](O)[C@H](O)[C@H]2[C@@H]1S/C(=N\Cc1ccco1)N2Cc1ccc(F)cc1,0.677,4.3222,-6.29,-8.01
CC/[NH+]=C(/NCC(=O)OC(C)(C)C)N1C[C@@H]2[C@H](C1)C[NH+]1CCCC[C@H]21,0.3244,5.5772,-5.77,-8.27
Cc1cc(C(=O)CN2C(=O)c3ccccc3S2(=O)=O)c(C)n1CCc1ccc(Cl)cc1,0.5246,2.44,-6.45,-8.99
CC(C)C[NH2+]C[C@@H](c1ccccc1)c1ccc(F)cc1,0.8315,3.2042,-5.8,-7.97
O=C(c1ccc(S(=O)(=O)C(F)F)cc1)N1CCN(c2ccc(C(F)(F)F)cn2)CC1,0.6715,2.3138,-6.44,-9.91
C[C@H]1C[C@@H]1/C([O-])=N/S(=O)(=O)c1ccc(C2CCCCC2)cc1,0.6325,3.4116,-5.88,-7.44
CS(=O)(=O)c1cccc(NS(=O)(=O)CCCC(=O)[O-])c1,0.7133,2.6191,-5.44,-7.78
Cc1ccc(CNC(=O)C(=O)NC[C@H](O)C2CCCCC2)cc1,0.7227,2.5139,-5.85,-8.36
CC(C)CCN1CC2(CCN(C(=O)C[C@@H](C)N3CCOCC3)CC2)OC1=O,0.7038,3.6648,-5.85,-7.8
CCOc1ccc(N2CN(Cc3ccccc3)CNC2=S)cc1OCC,0.7498,2.3772,-5.98,-7.26
Cc1ccc(C)c(Cn2cccc(C(=O)Nc3ccc([N+](=O)[O-])cc3)c2=O)c1,0.5421,2.0827,-5.79,-9.13
COC(=O)C[C@@H](C)SC[C@@H]1CSc2ccccc21,0.7714,3.479,-5.4,-7.14
CC(C)Cn1cc(C(=O)NCc2cccc(F)c2)c(=O)c(C(=O)NC(C)C)c1,0.7666,2.3316,-6.33,-8.79
O=C(c1ccccc1)N(CCS(=O)(=O)N1CC[NH2+]CC1)C1CCCCC1,0.7883,3.1172,-6.02,-7.61
CCOc1ccccc1[C@H](CC(C)C)NC(=O)N1CCC(NC(C)=O)CC1,0.7664,2.6953,-5.91,-7.71
CCC(CC)c1nnc(NC(=O)C(=O)N[C@@H]2C[C@@H]2C2CCCCC2)s1,0.7572,3.4769,-5.85,-7.92
CCc1ccccc1NC(=O)NCCn1nc(-c2ccccc2)ccc1=O,0.7064,2.008,-5.75,-8.76
COc1ccc(-c2noc([C@@H]3C[C@H](NCc4ccc(N(C)C)cc4)C[NH+]3C)n2)cc1,0.6228,3.9678,-6.23,-8.6
COC(C)(C)CNC(=O)N1CCO[C@H](c2ccccc2F)C1,0.9284,2.9602,-5.84,-8.21
CC(C)Cn1ncc(C(=O)NC2CC(C)(C)[NH2+]C(C)(C)C2)c1C(F)F,0.8504,3.654,-5.84,-8.16
O=C(NCCC1=CCCCC1)c1cccc(-c2ccc(N3CCOCC3)nn2)c1,0.7611,2.3886,-6.39,-9.23
O=C(Nc1nnc([C@H]2CCCO2)o1)c1ccc(N2C(=O)CCC2=O)cc1,0.831,2.9362,-6.37,-8.76
CC(C)(C)n1nc2c(c1NC(=O)COc1ccc(Cl)cc1)C[S@](=O)C2,0.8828,3.1443,-5.9,-8.42
C[C@H]1CC([NH2+][C@@H]2CCN(C[C@@H]3CCCO3)C[C@@H]2C)C[C@@H](C)O1,0.8527,4.8673,-5.58,-7.06
CN(C)S(=O)(=O)c1ccc(NC(=O)Cn2cnc3ccccc3c2=O)cc1,0.7119,1.9626,-6.29,-8.73
CCc1ccc(NC(=O)C[NH+]2CCC[C@H]2C)cc1,0.8248,3.9757,-5.51,-7.53
Cc1cc(C(=O)NCC2CCN(C(=O)c3ccno3)CC2)no1,0.9102,2.5026,-5.87,-8.58
Cc1nc(CNc2ccc3c(c2)N(C(=O)C(C)(C)C)CCO3)oc1C,0.9207,2.6712,-6.02,-8.48
Cc1cccc(Oc2nc(C(F)(F)F)ccc2C(N)=S)c1,0.875,2.3033,-5.74,-7.96
Cc1cc(C)cc(OCCNC(=O)COc2ccc3c(c2)OCO3)c1,0.783,2.0554,-5.95,-8.7
C[C@H](CNC(=O)Nc1c[nH]nc1-c1ccccn1)c1ccc(F)cc1F,0.6514,3.1806,-6.36,-9.05
COc1ccc([C@@H](C)[C@H](C)Br)c(C)c1,0.7462,2.8922,-4.93,-5.33
CCO[C@H]1C[C@@H]([NH2+][C@@H]2CCCCC2(C)C)[C@@]1(C)CC,0.8143,4.8979,-5.52,-7.58
CC(C)[C@@H](CO)NC(=O)CNc1ccccc1,0.696,2.3211,-5.19,-6.36
COc1ccc(CCNC(=O)[C@H](C)Nc2ccc3c(c2)OCCCO3)cc1,0.7841,2.503,-6.06,-8.71
CC[C@@H]1COCCN1C(=O)N[C@@H](Cc1ccc(F)cc1)C(C)C,0.9042,3.0512,-5.92,-8.31
CC(=O)Nc1ccc2cnn(CC3(O)CCN(C(=O)C4CCC4)CC3)c2c1,0.8632,2.6485,-6.06,-8.81
CC[C@H](C#N)OC(=O)[C@H](C)Oc1cc(C)ccc1Cl,0.7774,3.1722,-5.3,-6.37
Cc1cc(C(=O)N2CCC(C)CC2)ccc1NC(=O)C(=O)NC[C@H](C)C#N,0.7922,2.7276,-5.82,-8.22
COc1cc(/C=N/NC(=O)c2ccc(C)c(Cl)c2)ccc1O,0.6718,1.9579,-5.75,-8.44
CCOc1ccccc1N[C@H](C)[C@@H](C)O,0.7813,2.6635,-5.07,-6.44
Cc1ccc(S(=O)(=O)NCCC(=O)N2CCC[C@@H](C)C2)c(C)c1,0.8951,2.5196,-5.86,-8.33
Cc1n[nH]c(C)c1CCC(=O)N1CCC(OCc2ccccc2F)CC1,0.8608,2.3717,-6.17,-8.57
CCn1nc(C)c(NC(=O)N[C@H](C)c2oc3ccc(F)cc3c2C)c1C,0.716,2.9538,-6.19,-8.79
CCN(CC#N)CCC(=O)NC1CCCCC1,0.7149,2.3058,-5.15,-6.38
COCC[NH+](C)C[C@@H]1CN(C(=O)c2c(C)n(C)c3ccc(O)cc23)C[C@@H]1CO,0.6235,4.404,-6.11,-8.62
CN(C1CCCCC1)S(=O)(=O)c1ccc(C(=O)Nc2ccc3c(c2)n(C)c(=O)n3C)cc1,0.6385,2.3099,-6.57,-8.98
O=C1N=C(COC(=O)c2cccnc2Cl)N=C2S[C@H]3CCCCC3=C12,0.5981,3.8278,-6.03,-7.7
CC(C)S(=O)(=O)[C@H](C)/C([O-])=N/c1nc2ccc(F)cn2n1,0.6032,4.0244,-5.82,-7.78
Cn1ncnc1C[NH+](C)CC(=O)NCc1ccc2c(c1)OCO2,0.7046,3.7238,-5.8,-8.36
Cc1cccc2sc(NC(=O)C3CCN(S(=O)(=O)c4ccc(F)cc4F)CC3)nc12,0.6521,2.2854,-6.58,-9.24
O=S(=O)(Nc1ccc(Cl)c(Cl)c1)c1ccc(F)cc1F,0.9169,1.856,-6.02,-8.29
OC[C@@H]([NH2+][C@H]1CCOc2ccc(F)cc21)c1ccc(Cl)c(F)c1,0.8987,3.9855,-6.15,-8.35
N#CCNC(=O)CN1C(=O)CCCc2cc(N)ccc21,0.6206,2.3631,-5.86,-8.15
Cc1ccc(CNS(=O)(=O)c2ccc3c(c2)NC(=O)[C@@H](C)CS3)cc1,0.8595,2.8098,-6.17,-8.57
C[NH+]1CCC[C@@H]2CN(S(=O)(=O)N3CCC(C(C)(C)C)CC3)CC[C@@H]21,0.8,4.558,-5.82,-7.69
COc1ccc(C(=O)[O-])cc1C(F)(F)F,0.7472,2.5252,-5.15,-6.09
CN(Cc1nc(-c2ccccc2)no1)C(=O)c1cn(C[C@H]2CCCO2)nn1,0.6537,2.9117,-6.14,-8.58
CCS(=O)(=O)C[C@@H](C)[NH2+][C@H](C)c1ccccc1C,0.8502,3.9344,-4.69,-6.81
Cc1ccc(/C=C2\SC(N3CC[NH2+]CC3)=NC2=O)cc1,0.7793,3.3501,-5.64,-7.55
COc1ccc2c(c1)[C@@H]1[NH2+][C@H](C)CC[S@@](=O)[C@@H]1C2,0.8155,4.9245,-5.76,-7.25
CCCn1c(S(=O)(=O)CCCc2ccc(Cl)cc2)n[nH]c1=O,0.8333,2.5028,-5.89,-8.04
Cc1ccc(OCC(=O)O[C@H](C)[C@H]2CCOC2)c(C)c1,0.7767,3.0073,-5.52,-7.32
CS(=O)(=O)N1CCC(NC/C(Cl)=C/Cl)CC1,0.8481,2.8758,-5.54,-7.59
O=S(=O)(Nc1ccc(I)cc1)c1ccccc1C(F)(F)F,0.7502,2.0145,-6.04,-7.99
CN(CC(=O)c1nccs1)C(=O)C[NH3+],0.6547,3.5492,-4.92,-5.45
Cc1cc(C)cc(OCC(=O)Oc2ccc(F)cc2)c1,0.6327,1.781,-5.74,-8.05
CC(=O)c1c[nH]cc1C(C)=O,0.6496,2.7216,-4.98,-5.65
Cn1c2c(cc(C(=O)N3CCC[C@H]3c3nc4ccccc4s3)c1=O)CCCC2,0.6645,2.9857,-6.5,-9.65
O=C1[C@@H]2CCCN2C(=O)CN1CCCCO,0.663,2.8195,-5.29,-5.76
CC(=O)Nc1ccc(S(=O)(=O)N2CCN(C)[C@H](c3ccc(F)cc3)C2)cc1,0.8693,2.5383,-6.19,-8.64
Fc1ccc(OCc2nn3c(C[NH+]4CCCCC4)nnc3s2)cc1,0.7587,3.527,-6.09,-8.99
CC[C@@H](NC(=O)[C@H](C)Sc1ccccn1)c1cccc([N+](=O)[O-])c1,0.4693,2.9501,-5.77,-8.76
CNc1cc(C[NH+]2C[C@@H](C)CC[C@@H]2C)ccc1[N+](=O)[O-],0.6524,4.5766,-5.59,-8.18
CC1(C)CCC[C@H]1[NH2+]C[C@@]1(O)CCc2ccccc21,0.8563,4.2724,-5.82,-7.8
CCN(CC)C(=O)Cc1cn(Cc2ccc(Cl)cc2)c2ccccc12,0.6265,2.0338,-6.31,-8.34
Cc1ccc(NC(=O)Nc2ccc(S(=O)(=O)[N-]c3ccc(Cl)nn3)cc2)cc1,0.6359,2.8593,-6.33,-8.89
Cn1nnc2cc(C(=O)N3CCN(c4cccc[nH+]4)CC3)ccc21,0.6976,3.176,-6.44,-8.74
O=C(N/N=C1/C[C@H]2C=CC[C@H]12)c1ccc(Cl)c(Cl)c1,0.6561,3.248,-5.7,-8.13
CC[C@](C)(NC(=O)COc1ccccc1C)C(=O)OC,0.8069,2.494,-5.32,-6.73
CC(=O)c1cccc(OCC2=C[C@@H](C(=O)NCc3ccco3)N=N2)c1,0.7849,3.3129,-5.76,-8.71
CCc1nc(C(=O)N2C[C@H](O)C[C@H]2c2cc(F)ccc2F)c[nH]1,0.9104,3.6498,-6.08,-8.35
CCCCO[C@@H]1CCC[C@]([NH2+]CC)(C(N)=O)C1,0.6413,4.3859,-5.17,-6.9
CCOC(=O)[C@H]1CCCN(C(=O)C[NH+](C)Cc2cccs2)C1,0.778,3.8977,-5.72,-7.64
CN(CC(N)=O)c1cc2c(cc1Br)[C@@H](O)C(=O)N2,0.7503,3.4604,-5.51,-7.5
O=C(NCC(C1CC1)C1CC1)NC[C@H](O)C1CCCC1,0.6697,3.0203,-5.51,-8.08
C[C@](N)(C#N)c1ccccc1Cl,0.7192,2.8672,-4.99,-5.49
COc1ccccc1N1CCN(CC(=O)Nc2sc3c(c2C(N)=O)CCC3)CC1,0.7559,2.1833,-6.27,-7.99
COC(=O)c1ccc(OC(=O)c2cncc(Br)c2)cc1,0.637,1.8964,-5.63,-8.19
COC1CCN(CN2C(=O)c3ccccc3C2=O)CC1,0.7808,2.0731,-5.81,-7.45
CN(C)C(=O)c1ccc(F)c(NC(=O)C=C(C2CC2)C2CC2)c1,0.8481,2.4855,-5.83,-8.32
Cc1noc(C)c1COc1cccc(C(=O)N[C@@H]2[C@@H]3CCO[C@@H]3C2(C)C)c1,0.873,3.5382,-6.13,-8.79
O=C(NCc1ccc(COC2CCCCC2)cc1)c1cc2ccncc2cn1,0.6931,2.2957,-6.4,-8.93
CC(C)[C@@H]([NH2+]Cc1cc2ccccc2[nH]c1=O)c1ccccn1,0.76,3.491,-6.23,-8.89
CCCc1nc(C)c(C(=O)NCC2(c3ccc4c(c3)OCO4)CCOCC2)s1,0.7993,2.6806,-6.23,-8.36
CCOc1ncccc1C(=O)N[C@@H](C)c1ccccc1,0.9084,2.1994,-5.68,-7.93
CCOc1ccc(-c2nnc(S[C@H](C)C(=O)N3CCCC3)n2-c2ccccc2F)cc1,0.5037,2.6351,-6.28,-8.62
Cc1noc([C@@H](C)S(=O)(=O)c2nnc(C)n2-c2ccccc2C)n1,0.7116,3.2483,-6.17,-8.51
CC(=O)NCc1ccc(C(=O)N2CCCC[C@H]([NH+]3CCCC3)C2)cc1,0.8561,3.6679,-5.97,-8.94
C=CCc1cc(C(=O)N2CCC[C@H](Cn3nnc(-c4cccs4)n3)C2)ccc1OC,0.5421,3.0531,-6.27,-8.37
C[C@H](OC(=O)C1CCN(C(=O)c2ccc(Cl)cc2)CC1)C(=O)NC1CCCCC1,0.7386,2.4974,-6.35,-8.91
Cc1ccc(OC2CCN(C(=O)c3scnc3C)CC2)cc1C,0.8605,2.2782,-5.87,-7.97
Cc1cc(Br)ccc1OCC(=O)Nc1ccccc1OC[C@H]1CCCO1,0.7246,2.4553,-6.12,-8.56
Cc1ccc2c(c1)c(C[NH2+][C@H](C)Cn1ccnc1)nn2C,0.766,3.836,-5.72,-7.89
Cn1nc([C@H]2CCCN(C(=O)[C@@H]3COc4ccccc4O3)C2)n(-c2ccccc2)c1=O,0.6486,3.2333,-6.56,-8.94
CC[NH2+]Cc1ccc(OCc2cccnc2C#N)cn1,0.8489,3.269,-5.57,-7.3
Nc1cccc(Oc2ncccn2)c1,0.7286,2.0498,-5.27,-6.37
O[C@H]1CSc2nc(-c3ccccc3)nn2C1,0.8088,3.2223,-5.7,-7.7
Cc1sc2ncnc(SCC(=O)N3C[C@H](C(N)=O)CC[C@H]3C)c2c1C,0.6522,3.3246,-6.14,-9.03
C[C@H](NC(=O)C#Cc1ccccc1)C(=O)N1CCCC[C@@H]1C,0.8484,3.0997,-5.94,-8.03
CCn1cc[nH+]c1C1CCN(C(=O)Nc2ccccc2C(C)C)CC1,0.9019,3.1314,-6.23,-8.69
Cc1ccc(N2C[C@H](C(=O)Nc3ccc(S(=O)(=O)NC(C)C)cc3)CC2=O)cc1,0.7582,2.4843,-6.49,-8.53
C[C@@H]1CN(C(=O)OC(C)(C)C)CCN1Cc1ccc(C#N)o1,0.8397,3.0903,-5.61,-7.55
Cc1cc(C)nc(SCC(=O)N2CCc3ccccc3C2)n1,0.6456,2.133,-5.92,-8.88
COc1cc(F)c(NCC(=O)Nc2cc(C)nn2C)cc1OC,0.8497,2.2058,-5.69,-8.18
C=CCc1cc(C(=O)N2CCN(Cc3nc(N)c4ccccc4n3)CC2)cc(OC)c1OC,0.5567,2.4785,-6.31,-8.83
CC[NH+](C[C@@H]1CCCC(C)(C)C1=O)C1CC1,0.7667,4.8525,-5.12,-5.64
O=C(/C=C/c1ccc(F)cc1)Nc1cc([N+](=O)[O-])c(F)cc1F,0.5302,2.1513,-6.1,-8.61
Cc1ccc(S(=O)(=O)CC(=O)Nc2nc(-c3ccc4c(c3)CCCC4)cs2)cc1,0.6556,2.2561,-6.54,-8.87
COc1ccc(/C(N)=N/OC(=O)Cc2ccccc2[N+](=O)[O-])cc1,0.2847,2.1672,-5.88,-8.09
NC(=O)[C@@]1([NH2+]C2CC2)CC[C@H](Sc2ccc(Cl)c(Cl)c2)C1,0.861,4.4502,-5.76,-7.95
Cc1cccc(-c2cccc(O)c2)c1C(=O)[O-],0.8495,2.3445,-5.75,-7.69
CC(C)Cn1cnnc1[C@@H]1CCCN1Cc1ccc(-n2cncn2)cc1,0.6832,3.0535,-6.12,-8.5
COc1ccc(OC(F)F)c(/C=C(/C#N)C(=O)Nc2ccncc2)c1,0.6417,2.3619,-5.81,-8.32
Cn1cc(C[NH+]2CC[C@H](CNC(=O)c3coc4ccccc34)C2)cn1,0.7289,4.1958,-6.38,-8.96
O=C1C[C@@H](c2ccc(Cl)cc2)c2c(c3ccccc3oc2=O)O1,0.5027,2.766,-6.51,-9.09
Cc1ccc(S(=O)(=O)Oc2ccc3oc(=O)cc(C)c3c2)cc1,0.5446,2.0796,-6.19,-8.66
Cc1[nH+]cn(C[C@H](C)N[C@@H](Cc2ccccc2)C(=O)N2CCCCC2)c1C,0.8153,3.7432,-6.11,-7.65
O=C(Nc1ccccc1)[C@H]1CCCN(C(=O)[C@@H]2C=C(c3ccncc3)N=N2)C1,0.8905,3.4004,-6.37,-8.46
CCN(CC(C)C)c1cc(C)c(F)cc1[C@H](C)[NH2+]C,0.8399,3.8162,-5.33,-6.82
CO[C@@]1(C)C[C@H](N(C)C(=O)[C@@H]2CC(=O)Nc3ccccc32)C1(C)C,0.927,3.9148,-6.11,-7.79
CC1CCC2(CC1)OC[C@@H](C(=O)[O-])N2C(=O)c1ccc([N+](=O)[O-])cc1,0.5974,3.8034,-5.96,-7.89
CCc1cccc(C)c1NC(=O)c1ccc(C)cc1,0.8756,1.5507,-6.21,-8.06
COc1ccc(-n2nnnc2S[C@H](C)C(=O)Nc2cc(Cl)ccc2OC)cc1,0.5861,2.4988,-6.18,-8.57
O=C(C1=C([O-])C(=O)N(CCCn2cc[nH+]c2)[C@@H]1c1ccccc1)c1ccncc1,0.5681,3.931,-6.36,-8.04
CNC(=O)[C@H](C)Oc1ccc(C[NH2+]C(C)C)cc1[N+](=O)[O-],0.5678,3.6004,-5.45,-7.31
CCCS(=O)(=O)N1CCC[C@H](C(=O)OC)C1,0.6848,2.5919,-5.14,-6.79
Cc1ccc(C(C)C)c(OCC(=O)N2CCC(n3c(=O)[nH]c4ccccc43)CC2)c1,0.695,2.3044,-5.79,-9.12
O=C(CCCOc1ccc(Cl)cc1Cl)Nc1nc2c(s1)CCC2,0.7468,2.1505,-5.86,-7.93
COc1cccc(OCC(=O)Oc2c(C)cc(C)cc2[N+](=O)[O-])c1,0.3495,2.1353,-5.82,-8.3
CCO[C@H]1C[C@H]([NH+](C)Cn2ncc3ccccc3c2=O)C1(CC)CC,0.8339,4.437,-6.0,-8.05
C[NH2+][C@@H]1c2ccccc2CCC[C@H]1SCC[NH+](C)C,0.7533,4.9376,-5.63,-6.81
COc1ccc(NC(=O)CN2C(=O)CCC2=O)c([N+](=O)[O-])c1,0.4854,2.0662,-5.69,-7.75
Cc1cc(NC(=O)C(=O)N(C)Cc2ccncc2)c2ncccc2c1,0.747,2.3463,-6.14,-8.77
COc1ccccc1-c1nccnc1C[C@H]1CCC[NH2+]CC1,0.9398,3.7195,-5.97,-7.96
CC[C@]1(C[NH+]2CCC(C)(C)C2)CCC[NH2+]C1,0.6788,6.0861,-5.22,-5.9
COc1ccc(C(=O)NNC(=O)CCC(=O)Nc2ccc(Cl)cc2Cl)cc1,0.6377,1.8668,-6.02,-8.9
COc1ccc(CC(=O)OCC(=O)N2c3ccccc3C[C@@H]2C)cc1,0.7862,2.4134,-6.02,-8.41
COC(=O)c1ccc(NC[C@@H](C)c2nc(-c3ccccc3)no2)nn1,0.6834,2.8631,-6.1,-8.64
Cc1nnc(NC(=O)COc2ccccc2C(C)C)s1,0.9195,1.986,-5.61,-8.01
CC(C)N1C[C@H](C(=O)N[C@H]2CC[NH+](CC3CCCC3)C2)CC1=O,0.7601,4.4976,-5.78,-8.58
COc1ccc([C@@H]2CCCN2S(=O)(=O)c2ccc(F)cc2F)cc1,0.8452,2.4564,-6.26,-7.97
O=C(/C=C/C1CC1)NCc1ccc(C[NH+]2CCCCC2)cc1,0.7722,3.5255,-5.67,-8.22
[NH3+]C1(c2ccccc2Cl)CCC1,0.688,2.9535,-5.01,-5.76
COc1cccc(CNc2cc3c(cc2Cl)OCCO3)c1,0.934,1.9743,-5.87,-8.01
Fc1cc(F)cc(COC2C[NH2+]C2)c1,0.7518,3.3465,-5.27,-6.36
Cc1[nH+]c(SCc2cc([O-])n3ncc(C#N)c3n2)n(C2CCCCC2)c1C,0.6465,3.9311,-6.08,-8.19
[NH3+][C@@H]1C=C[C@@H](C(=O)N2CCN(CCO)CC2)C1,0.5783,3.9863,-5.4,-6.55
O=C(NC(=S)Nc1ccc(S(=O)(=O)NC2CCCCC2)cc1)c1ccccc1F,0.6253,2.0785,-6.43,-7.98
CCCc1n[nH]cc1C(=O)N1CCC[C@@H]1c1nc2ccccc2n1C,0.7947,3.1945,-6.35,-8.61
CC(C)c1cc(C(=O)Nc2ccc3nc(C4CC4)oc3c2)on1,0.7852,2.4776,-6.16,-9.27
COCCOc1ccc(NC(=O)c2nc(C)n[nH]2)cc1,0.7782,2.3223,-5.61,-7.96
C[C@H]1CC[C@H](C(N)=O)CN1C(=O)CSc1ccc(C#N)cc1,0.8573,3.0427,-5.62,-8.05
C[C@@H](OC(=O)Cc1c[nH]c2cc(Cl)ccc12)c1nccs1,0.7355,2.9266,-5.84,-7.59
C=CCN(C(=O)c1ccccc1S(C)(=O)=O)c1nc(-c2ccccc2)cs1,0.5877,2.3155,-6.23,-8.51
Cc1ccc(-c2nnc([C@@H](C)Nc3ccccc3OCC3CC3)o2)cc1,0.6497,2.6305,-6.17,-8.86
CCn1c(S[C@H](C)C(=O)c2ccc3c(c2)CCC3)nnc1-c1cccs1,0.4496,2.8082,-6.16,-9.05
COc1ccc(Nc2nc(NCCO)nc3c2cnn3C)cc1Cl,0.6277,2.3724,-5.54,-8.14
Brc1cccc(CSc2n[nH]c(N/N=C/c3ccccc3)n2)c1,0.3754,2.3505,-5.94,-9.12
CC(C)CC1CCN(C(=O)C(=O)Nc2ccc([S@](C)=O)c(F)c2)CC1,0.8313,3.0403,-5.88,-8.75
O=C(CN1C(=O)N=C2C=CC=C[C@@H]2C1=O)NCCc1c[nH]c2ccc(F)cc12,0.8318,3.4494,-6.21,-8.98
CC[C@H](C)NC(=O)NCCCc1c(C)nn(C)c1C,0.7744,2.6306,-5.29,-6.95
COc1cccc(C(=O)N[C@](C)(C(N)=O)c2cccc(Cl)c2)c1F,0.8693,2.7731,-6.03,-9.03
Cc1ccc(OCc2nc(CC(=O)N3C[C@@H](C)CC[C@@H]3C)cs2)cc1,0.8035,2.9794,-6.02,-9.72
CN(C(=O)CSc1nc2ccccc2o1)[C@H]1CCCc2ccccc21,0.6507,2.7438,-6.32,-8.81
C[C@H]1CN(c2ncc(N)cc2Br)C[C@@H](C)O1,0.858,3.3107,-5.46,-7.21
Nc1nnc(SCCC(=O)Nc2ccc3c(c2)OCO3)s1,0.8111,2.2984,-5.73,-8.04
COc1c(Cl)cc(C(=O)Nc2ccc(C(=O)[O-])c(Cl)c2)cc1Cl,0.8919,2.3516,-5.92,-8.58
CS(=O)(=O)N(CC(=O)Nc1cccc(C(F)(F)F)c1)Cc1ccccc1,0.8297,2.0094,-6.09,-8.73
C[NH2+][C@@H]1CCC[C@H]1CCSc1nnnn1C1CC1,0.7772,4.3323,-5.36,-6.99
CC[C@@H]1COCCN1C(=O)NC[C@H]1CCO[C@@H]1c1ccccc1,0.9282,3.4571,-5.8,-8.26
CCc1ccc2c(c1)[C@@H](NC(C)=O)C(=O)N2,0.7874,2.7562,-5.39,-6.89
COC(=O)[C@@H](CNC(=O)c1c[nH]c2cccc(F)c12)CC(C)C,0.804,2.8688,-5.82,-8.08
C[C@@H](Cc1cccs1)N(C)C(=O)/C=C/c1ccc2c(c1)CCO2,0.7822,2.9865,-6.03,-8.12
CNC(=O)CC[NH2+][C@H]1CCC[C@H]1[C@@H]1CCCC[NH2+]1,0.5779,5.5602,-5.2,-7.1
Cc1ccc(NC(=O)Cn2c(=O)oc3cc(S(=O)(=O)N4CCCCC4)ccc32)c(Cl)c1,0.6246,2.2963,-5.81,-9.15
Cc1cccc(NC(=O)N2CCc3[nH]cnc3[C@@H]2c2ccncc2)c1,0.7556,2.8683,-6.39,-8.82
COCCN1CC[NH+](Cc2cc(=O)[nH]c(N3CCN(C(=O)C4CCCCC4)CC3)n2)CC1,0.5777,3.5695,-6.15,-8.19
COc1ccc([C@H]2CC(c3ccccc3)=NN2C(=O)CCCC(=O)[O-])cc1,0.7538,2.9015,-5.89,-8.19
C=CC1CCN(C(=O)Nc2ccn(-c3ncccc3Cl)n2)CC1,0.8772,2.6764,-5.93,-8.23
C[C@H]([NH3+])COCc1cc(Cl)ccc1Cl,0.8523,3.2585,-5.14,-6.41
CCc1[nH]c(C(=O)N[C@@H](C)c2ccc(-n3cncn3)cc2)c(C)c1C(=O)OC,0.6394,2.9259,-6.36,-8.69
CCCC[NH+](CC)[C@H]1CCC[C@]([NH3+])(C(=O)[O-])C1,0.5875,5.9148,-5.17,-6.79
N#Cc1ccc(-c2ccccc2C(F)(F)F)cc1O,0.8461,2.1355,-5.92,-8.09
COC(=O)c1cc(C(C)C)nc2c1c(-c1cccs1)nn2[C@H]1CCS(=O)(=O)C1,0.6019,3.2727,-6.47,-8.84
CC(C)(C[NH2+]C[C@H]1C[C@H]2CC[C@@H]1C2)c1ccccc1,0.836,4.7599,-5.53,-7.5
Cc1ccc(Cl)cc1N1CCN(C(=O)[C@@H]2C[C@@H]3C=C[C@H]2C3)CC1,0.7747,3.919,-5.73,-8.07
CC(=O)c1ccc(SCC(=O)N2CCO[C@H](c3cccc(F)c3)C2)c(F)c1,0.5737,2.7897,-6.28,-8.93
O=C(Nc1ccc(N2CCOCC2)cc1)C1(S(=O)(=O)c2ccccc2)CC1,0.8544,2.1929,-6.28,-8.56
C[C@H]1C[C@@H]1c1cc(NC(=O)CCCn2ccnn2)n(-c2ccccc2)n1,0.7104,3.2749,-5.99,-8.69
CC1CCN(c2ccc(NC(=O)COCc3cc(-c4ccc5c(c4)OCO5)on3)cc2)CC1,0.5698,2.4574,-6.41,-9.01
CN(CC(=O)NC(C)(C)C)C(=O)c1cnn(-c2cccc(C(F)(F)F)c2)c1-n1cccc1,0.6489,2.6655,-6.28,-9.12
CCC(C)(C)[C@H]1CCc2[nH]nc(C(=O)N/N=C/c3cccc([N+](=O)[O-])c3)c2C1,0.4503,3.2108,-6.11,-9.09
CN(Cc1ccccc1F)C(=O)C(=O)Nc1ccc(NC(=O)C2CC2)nc1,0.7894,2.247,-6.2,-8.89
N#Cc1ccc(Cc2cnc(N)s2)cc1,0.8348,2.2701,-5.33,-6.21
CC[NH+](CC)[C@@H]1CCN(C(=O)C(=O)Nc2cnccc2OC)C1,0.7208,3.9176,-5.65,-7.14
CC[C@]1(C)C[C@@](O)(C2(C#N)CCC2)CCO1,0.7817,4.3302,-5.09,-6.1
N#CCn1ccn(-c2cccc3ccccc23)c(=O)c1=O,0.6691,2.3933,-5.97,-8.17
O=C(Nc1cccc(C(F)(F)F)c1)C(=O)N1CCCCCC1,0.8101,1.9739,-5.94,-8.78
CC(=O)Nc1ccc(NCC(=O)NCc2cccs2)c(C(F)(F)F)c1,0.7284,2.2012,-6.08,-8.4
NC(=O)c1oc2ccccc2c1NC(=O)[C@@H]1C[C@H]2CC[C@@H]1C2,0.9132,3.9371,-6.01,-8.87
N#CCN(CC#N)C(=O)CCCN1C(=O)c2ccc(Br)cc2C1=O,0.544,2.5978,-5.66,-7.68
C[NH2+]C1CCC([NH+](C)[C@@H](C)c2ccccc2OC)CC1,0.8189,4.8968,-4.91,-7.0
COC(=O)c1cc(CN2C[C@H](c3ccccc3)OCC2(C)C)c[nH]1,0.8761,3.1781,-6.03,-8.59
CC(=O)Oc1ccc(C(C)(c2ccccc2)c2ccc(OC(C)=O)cc2)cc1,0.3624,2.1044,-6.43,-8.99
Brc1ccc(C[NH+]2CCCC2)s1,0.8108,4.5177,-5.03,-6.27
Cc1cc(NC(=O)[C@@H](C)OC(=O)[C@@H]2CCCN2S(C)(=O)=O)no1,0.7611,3.1098,-5.88,-7.82
COC(=O)c1ccc(NC(=O)NC[C@@H](O)c2ccco2)cc1,0.7326,2.4502,-5.64,-7.97
COc1cccc(C(=O)N(C)CC(F)(F)F)c1F,0.7856,2.2321,-5.4,-6.36
CCC(C)(C)c1ccc(OC(=O)C2CCN(S(C)(=O)=O)CC2)cc1,0.603,2.2207,-5.75,-8.29
CC(C)(C)[C@@H](NC(=O)NC[C@@H]1CCS(=O)(=O)C1)c1ccccc1,0.8856,3.0991,-5.71,-7.76
Cc1cc(N[C@H](C)C[NH+]2CCCCC2)[nH+]cc1N,0.7179,5.5493,-5.27,-6.46
CC1(C)N=C(c2ccc(F)cc2)C(=O)N1CC(=O)Nc1ccc(Cl)cc1F,0.8648,2.3768,-6.32,-8.92
CC(C)(C)c1noc(CCC(=O)NCC(C)(C)c2ccncc2)n1,0.8806,2.5566,-5.75,-8.38
Cc1cccc(-n2nnnc2SCC(=O)N[C@H](C)c2ccc3ccccc3c2)c1,0.491,2.5722,-5.61,-9.58
CC(C)COc1ccc(C(=O)NC#N)cc1,0.6201,2.0493,-5.06,-6.09
COc1ccc([C@H](NC(=O)c2cccc(OC)n2)c2nccn2C)cc1,0.7367,2.6724,-6.06,-8.58
N#C[C@@]1(NC2CC2)CCC[C@@H](OCC(F)(F)F)C1,0.8464,3.8273,-5.45,-7.34
COc1cccnc1N(C)C(=O)[C@@H]1C[C@@]12CCc1ccccc12,0.8753,3.8516,-6.14,-8.22
C[C@@H](Cc1cccs1)N(C)CC(=O)c1ccc(Br)s1,0.7172,2.9856,-5.7,-7.4
Cc1ccc(N(C)C(=O)C2=CCCCO2)cc1Cl,0.8211,2.6253,-5.57,-7.13
Cc1ccc(OCCC[NH+](C)CC(=O)N2CCOCC2)cc1C,0.7416,3.4616,-5.58,-8.13
CCOc1ccccc1NC(=O)c1ccc(Cl)c(NC(=O)c2ccncc2)c1,0.6368,1.8541,-6.31,-9.43
CCOc1ccc(Cc2nc3sc(CC)cc3c(=O)[nH]2)cc1,0.7835,2.2384,-5.85,-9.16
O=C(N[C@@H]1CCCc2ccccc21)[C@@H]1CCCN1S(=O)(=O)c1ccccc1C(F)(F)F,0.7612,3.0543,-6.54,-9.31
CCCO[C@H]1CCC[NH+](CC2(CS)CCOCC2)C1,0.7171,4.8736,-5.16,-6.51
CCC(CC)(NC(=O)c1cc(C)ccc1OC)C(=O)[O-],0.843,2.6407,-5.35,-6.63
COc1ccc(C(=O)NCc2ccc(-c3nn4c(C)nnc4s3)cc2)cc1,0.5762,2.1203,-6.43,-9.34
COc1ccc(-c2cc3c(=O)n(CC(=O)NCc4ccc(C)cc4)ccn3n2)cc1OC,0.4853,2.3337,-6.64,-9.33
COc1cc([N+](=O)[O-])ccc1N[C@H](C)C[C@H]1CCCC[NH2+]1,0.6201,4.0475,-5.72,-7.53
CCC1CCC([NH2+][C@H]2CCO[C@@]3(CCOC3)C2)CC1,0.8477,5.1129,-5.49,-6.96
Cc1ccccc1NC(=O)C[C@H]1C(=O)Nc2c(-c3ccc(Cl)cc3)c(C)nn21,0.6906,2.9347,-6.39,-9.03
Cc1cccc2sc(N[C@H](C)c3cccc(F)c3)nc12,0.7391,2.4966,-5.98,-8.58
COc1cccc([C@H](O)CNC(=O)Nc2cc(OC)ccc2F)c1,0.7587,2.3606,-5.88,-8.71
O=C(Nc1ccc(F)cc1OCC(F)F)c1cc[nH]c(=O)c1,0.8904,2.3844,-6.07,-8.64
CCOC(=O)C(=C(N)N)[C@@H]1CC(=O)Oc2ccccc21,0.4798,3.303,-5.72,-7.7
CC[C@@H](C)CN(CC)c1cc(Cl)ccc1C#N,0.7873,2.8698,-5.14,-6.26
CC(C)Cc1nc2oc3c(N(C[C@H](C)O)C[C@@H](C)O)ncnc3c2c2c1CCC2,0.6314,3.8951,-6.35,-8.31
C/C(=N/OCC(=O)N/N=C\c1ccc(N(C)C)cc1)c1cccs1,0.6203,2.4622,-5.64,-7.46
CC(C)(C)OC(=O)N1CCCN1C(=O)CCCn1ccnn1,0.8405,2.8315,-5.58,-7.69
COC(=O)c1cc(-c2oc3ccc(Br)cc3c(=O)c2C)cc([N+](=O)[O-])c1,0.3587,2.3872,-6.28,-8.95
Cc1ccccc1N1C(N)=[NH+]C[C@]12CCC[C@@H](C1CC1)C2,0.8652,4.4885,-5.7,-7.67
O=C1[C@H]2[C@H]3C=C[C@H](C3)[C@H]2C(=O)N1CCNCc1nc2c(s1)CCC2,0.5003,4.5255,-5.85,-7.66
CC1(C)[C@@H](CNC(=O)CC[C@@H]2Cc3ccccc3NC2=O)[C@H]1c1ccccc1,0.7962,3.499,-6.42,-9.09
CO[C@@H]1CCSC1=C1CCCCC1,0.6387,3.6403,-5.09,-6.26
Cc1cc(CNC[C@H](O)C(F)(F)F)cc(C)c1F,0.8196,2.9352,-5.38,-6.71
COC(=O)c1ccc2c(=O)n(-c3ccc4c(c3)OCO4)c(N3CC[NH+](Cc4ccccc4)CC3)nc2c1,0.4193,3.2662,-6.23,-9.05
O=C([O-])CC[NH+]1CCN(Cc2ccccc2C2CC2)CC1,0.7607,3.816,-5.6,-7.43
C[NH2+][C@]1(C(N)=O)CC[C@H](Sc2ncnc3ccccc23)C1,0.8139,4.2008,-5.88,-8.38
Cn1cc(CCNC(=O)c2cc(=O)[nH]c3ccccc23)cn1,0.7598,2.1455,-6.16,-8.81
C[C@@H](Cn1cncn1)Nc1ccc2nnc(-c3ccccc3F)n2n1,0.5991,3.0544,-6.27,-9.16
CNC(=O)/C(C#N)=c1\s/c(=C/c2ccc(F)cc2)c(=O)n1-c1ccccc1,0.7452,2.4382,-6.32,-8.48
O=C(/C=C/c1ccccc1)Nc1ccc(Cl)c(C(=O)NC2CC2)c1,0.8113,1.8607,-6.1,-8.91
Cc1nc(C[NH+]2CCC(C(=O)NCCOc3ccc(F)c(F)c3)CC2)cs1,0.7011,3.353,-6.16,-8.47
COc1cccc2cc([C@@H](C)NC(=O)CC(C)C)oc12,0.9055,2.578,-5.75,-7.96
COc1ccc(C(=O)N[C@H](C(=O)Nc2cccc(C#N)c2)C(C)C)cc1,0.8369,2.2745,-5.94,-8.69
O=C(NCc1ccc(F)cc1)Nc1cccc(C(F)(F)F)c1,0.8208,1.7189,-6.06,-9.12
COC(=O)c1ccc(Nc2nc(N3CC[NH+](C)CC3)c3ccccc3n2)cc1,0.6706,2.9875,-6.37,-8.63
CCCN1C(=O)c2ccccc2N[C@H]1/C=C/c1ccccc1OC,0.904,2.8881,-6.01,-8.3
CC[C@@H](CNc1ncccn1)[NH+]1CCCC1,0.7535,4.5002,-5.11,-6.18
COc1ccc(CNC(=O)[C@@H]2CCCN(c3ncnc4onc(C)c34)C2)cc1,0.7255,2.7691,-6.34,-8.6
O=C(NC[C@@H](O)c1ccc(Cl)cc1)[C@H](c1ccccc1)N1CCCCC1=O,0.8002,2.8896,-6.45,-8.8
CCCC(=O)N1CCC[C@@H]1C(=O)N1CCN([C@@H](C#N)c2ccccc2)CC1,0.7989,3.0404,-5.96,-7.72
CCOc1ccc(O)c(C[NH+](CCO)[C@H]2CCc3ccccc32)c1,0.7271,3.9788,-6.13,-8.34
O=C(NCCn1c(=O)[nH]c2ccccc21)c1nc(C2CC2)n2ccccc12,0.5719,2.4851,-6.38,-8.88
CCCCN(C)C(=O)C1CCN(C(=O)Nc2cc(OC)ccc2F)CC1,0.841,2.1179,-5.8,-8.38
Cc1cc(OCC[C@H]2CCCC[NH2+]2)ccc1Cl,0.8781,3.7366,-5.49,-7.0
Cc1cccc([C@@H](CNC(=O)N(C)C[C@H](C)O)N2CCOCC2)c1,0.8245,3.0531,-5.72,-8.19
CCN(CC(F)(F)F)[C@@H]1CCC[C@]([NH3+])(C(=O)[O-])C1,0.75,4.5663,-5.44,-6.96
C[C@@H](C(=O)N(C)Cc1ccccc1)n1ccc2cc(S(=O)(=O)N3CCCCCC3)ccc21,0.5548,2.7746,-6.41,-8.96
CN(Cc1ncnn1C)C(=O)N[C@@H]1C[C@@H]2CCCc3cccc1c32,0.943,3.5684,-6.15,-8.38
C[C@H](CC[NH+](C)C)NC(=O)c1csc(C#CCN)c1,0.6493,4.2605,-5.34,-6.69
N#Cc1cccc(C(=O)NCC#CCN2CCc3ccccc3C2)c1,0.8796,2.4088,-6.38,-9.4
COc1ccc(C(=O)C[n+]2cccc(C(=O)N/N=C/c3ccco3)c2)cc1,0.3015,2.4882,-6.03,-8.62
O=C(NNc1ncnc(Sc2cccc3cccnc23)c1[N+](=O)[O-])c1ccc(Cl)cc1,0.2489,2.5282,-6.5,-8.97
Cc1cc(C)c2c(c1)N(C(=O)NC(C)C)CCC2,0.8107,2.2882,-5.66,-7.32
COc1cccc(C(=O)N2CC[C@@H](C)Sc3ccccc32)c1F,0.8185,2.7393,-6.12,-7.96
COc1ccc(OC)c([C@@H]2S[C@H](C)C(=O)Nc3[nH]nc(C)c32)c1,0.9031,3.6769,-6.05,-8.16
C[C@H]1[NH2+]CC[C@@H]1C(=O)Nc1ccc(Cl)c(F)c1,0.8264,3.9046,-5.6,-7.44
N#CCCNS(=O)(=O)c1ccc(C(=O)NNc2ccc(F)c(F)c2F)cc1,0.3756,2.3811,-6.02,-8.72
O=C(Cn1ccc(C(F)(F)F)n1)N1CCC(OCc2ccccc2F)CC1,0.7427,2.4312,-6.2,-8.61
C[C@@H]1[C@H](C(=O)[O-])CCN1C(=O)N1CCc2ccccc21,0.7536,3.5989,-5.75,-7.67
Brc1ccc2sc(C[C@H]3C[NH2+]CCO3)nc2c1,0.9136,4.1249,-5.56,-7.32
Cc1ccc(CCC(=O)NCCN2CCS(=O)(=O)CC2)cc1,0.8394,2.1207,-5.67,-8.04
Cc1ccc(-c2cc(C(=O)NCCn3nccc3C)c3c(C)nn(C)c3n2)cc1,0.5696,2.3873,-6.81,-9.18
O=C(CSc1nc2ncc(Cl)cc2[n-]1)N1CCCCCCC1,0.8052,3.3185,-5.87,-8.09
CCN1CCN(C(=O)c2cc(C(C)C)n[nH]2)C[C@@H](Cc2ccc(-c3cccnc3)cc2)C1=O,0.6264,3.1979,-6.48,-8.99
Cc1sc(C(=O)NC(C)(C)c2ccc([N+](=O)[O-])cc2)cc1[N+](=O)[O-],0.6545,2.5029,-5.9,-8.35
O=C(Cc1csc(-c2nc[nH]n2)n1)N[C@H](c1ccc(F)cc1)c1cccs1,0.5191,3.2775,-6.5,-9.16
COc1cc(CCNC(=O)N2CC[C@H](C[NH+]3CCCC3)C2)ccc1F,0.8067,3.7843,-5.84,-8.3
C[C@H](CNC(=O)NC[C@H]1CCS(=O)(=O)C1)Nc1ccccc1,0.7338,3.0446,-5.53,-8.21
CC(C)c1cccc2sc(N(Cc3ccccc3)C(=O)[C@@H]3CCCN3S(C)(=O)=O)nc12,0.5509,2.8896,-6.47,-8.12
Cc1ccc([C@@H]([NH2+]C[C@@H](C)Cn2cc[nH+]c2C)C2CC2)cc1,0.8141,4.8938,-5.83,-8.11
C[C@H](NC(=O)c1ccoc1)c1ccc(OC(F)F)cc1,0.9137,2.5561,-5.55,-7.91
Nc1ccc(C(F)(F)F)c(Cl)n1,0.6472,2.5256,-5.0,-6.05
CNC(=O)c1cc(NC(=O)NC[C@H]2CCCc3ccccc32)ccc1Cl,0.7613,2.58,-6.36,-9.4
CC(=O)N[C@H](C(=O)Nc1cc(-n2cnnn2)ccc1F)C(C)C,0.852,2.7031,-5.73,-8.65
Cc1ccc(C)c(N2C(=O)C[C@@H](SCC(=O)[O-])C2=O)c1,0.7516,3.2087,-5.65,-7.47
CCC1CCC([C@H](CC)[C@H](C)O)CC1,0.7314,3.3137,-5.0,-5.74
CCc1ccsc1CNC(=O)N1CCN(C(=O)N(C)C)CC1,0.9219,2.5351,-5.76,-7.55
NC1=C(N)C(=O)c2ncccc2C1=O,0.5775,2.7276,-5.13,-5.97
O=C(N/N=C\c1ccc(OCc2cccc(F)c2)cc1)c1cccs1,0.5319,2.0051,-6.14,-9.29
C[C@@H](NC(=O)CNc1ccccc1C(N)=O)c1ccc(F)cc1F,0.7586,2.4347,-6.06,-9.04
Cc1ccc(-c2cc(C(=O)N3CCC[C@H](CNS(C)(=O)=O)C3)on2)cc1,0.8608,2.7551,-6.09,-8.71
COC(=O)c1ccc(CSc2nccc(=O)[nH]2)cc1,0.5239,2.0521,-5.7,-8.01
COc1ccc2c(C)cc(SCC(=O)N[C@@H](C)c3ccccc3)nc2c1,0.6518,2.484,-5.91,-9.1
O=S(=O)(NC1CC[NH+](Cc2ccc(Cl)cc2)CC1)c1cncc(F)c1,0.8187,3.43,-6.18,-8.73
C[C@H]1CCC[C@@H](CCN[C@@H]2CS(=O)(=O)C[C@@H]2N2CCCC2)C1,0.8391,3.758,-5.7,-8.33
Cc1cc(NC(=O)c2ccc3c(c2)C(=O)N(C2CCCCC2)C3=O)no1,0.8558,2.2437,-6.41,-9.06
CC(C)(C)c1csc(CNCC(F)(F)F)n1,0.8938,2.6337,-5.04,-6.56
O=C(NCCCCn1cnnc1)NCc1nccc2ccccc12,0.6519,2.509,-6.05,-8.54
COc1ccccc1C1(CNC(=O)C2(c3ccccc3OC)CCOCC2)CCOCC1,0.7139,2.6633,-6.12,-8.29
C/C(=C/C(=O)N1CCN(Cc2nc(C)c(C)o2)CC1)c1ccccc1,0.8036,2.3633,-6.11,-8.62
COC(C)(C)c1noc(C[C@@H]2NCCNC2=O)n1,0.7584,3.6402,-5.33,-6.92
C[C@@H](NC(=O)NCCc1ccc(N(C)C)cc1)C(=O)NC(C)(C)C,0.7438,2.5239,-5.73,-7.89
CC[C@@H](C)c1ccc(S(=O)(=O)N2CCN(C(=O)[C@@H]3CC=CCC3)CC2)cc1,0.7243,3.0099,-6.0,-8.64
Cc1cccc(O[C@H](C)C(=O)N(CCO)Cc2ccccc2)c1,0.8549,2.3512,-5.85,-7.86
C[C@H](O)CCC(=O)N[C@H]1CCOc2ccccc21,0.8549,2.8624,-5.49,-7.19
C[C@H](S[C@H](C)c1nc2scc(-c3ccccc3)c2c(=O)[nH]1)[C@@H](C)O,0.715,3.6028,-5.75,-8.85
CC(=O)CCc1ccc(OCC(=O)Nc2ccn(C)n2)cc1,0.8482,2.0494,-5.67,-8.2
C[NH+](CCS(C)(=O)=O)[C@H]1CCC[C@@H]1O,0.6059,5.0193,-5.04,-5.78
CC[C@@H](OC(=O)Cn1cnc2c(cnn2C)c1=O)c1cccc(OC)c1,0.6263,2.8908,-6.05,-8.57
CN(C(=O)NCc1ccccc1Oc1cnccn1)C1CCOCC1,0.9037,2.4787,-5.95,-8.18
O=C(c1cc(-c2ccccc2)on1)N1CCN(S(=O)(=O)c2c(Cl)cccc2Cl)CC1,0.5844,2.2493,-6.47,-8.62
C=C(C)C[N+](C)(C)Cc1cccc2ccccc12,0.5597,2.4777,-5.69,-7.87
C[C@@H]1CCC[C@H](NC(=O)c2ccc(C(=O)N(C)C)cc2)[C@@H]1C,0.933,2.8256,-5.77,-8.41
C[C@H]1CCC[NH+](C(C)(C)CNC(=O)/C=C/c2ccc3c(c2)OCO3)C1,0.7979,4.2003,-5.89,-8.24
Cc1ccc([C@@H](C)NC(=O)N2CCCC[C@@H]2C2OCCO2)cc1F,0.9225,3.1483,-5.95,-8.14
CC(=O)C[NH+]1CCn2c3c(c4cc(C)ccc42)CCC[C@H]31,0.8938,4.4285,-6.09,-8.16
O=C(NC1CCN(C(=O)c2ccoc2)CC1)[C@@H]1CCCN(C(=O)c2ccoc2)C1,0.8499,2.9575,-6.31,-8.8
C[C@H]1CCC[C@@H]([C@H](O)Cc2nccs2)C1,0.8578,3.5672,-5.08,-6.08
CCN(CC)C(=O)C1CCN(c2cncc(-n3ccnc3C)n2)CC1,0.8319,2.6105,-5.85,-7.86
O=C(NCc1ccncc1)c1nnn(-c2ccccc2Cl)c1-c1ccncc1,0.5647,2.2949,-6.7,-8.91
Cc1ccc(C)c(CC(=O)Nc2cccc(C(=O)Nc3ccncc3)c2)c1,0.7194,1.8943,-6.2,-9.8
Cc1nn(C)cc1CN(C)[C@H](C)[C@@H](C)c1ccc(Cl)cc1,0.8321,3.1542,-5.6,-7.94
CNC(=O)NC(=O)CS[C@H](C)c1ccccc1F,0.8803,2.6779,-4.78,-7.1
CCS(=O)(=O)CCC[NH+]1CC=C(c2c(C)[nH]c3ccccc23)CC1,0.8394,4.1077,-6.13,-8.57
COc1cccc(NC(=O)CC[NH+]2CCSC(C)(C)C2)c1,0.8647,3.9007,-5.7,-7.85
CC[NH2+]C[C@H](C)C(=O)NCC(C)(C)S(C)(=O)=O,0.6288,4.3855,-5.29,-6.93
CN(CC[NH+]1CCCC1)[C@@H](C(N)=O)c1ccc(C#N)cc1,0.7539,4.188,-5.67,-7.47
COc1ccc(C(=O)N[C@@H](C)c2ccc(F)cc2)cc1S(=O)(=O)NC1CC1,0.7589,2.4175,-6.1,-8.78
CCc1ccc(C(=O)/C=C/c2cnc(N3CC[NH+](C)CC3)nc2)o1,0.6519,3.6418,-5.82,-8.19
CCOc1cccc2sc(NC(=O)COc3ccccc3C)nc12,0.7348,1.9476,-5.95,-8.67
Cc1ccc([C@H](CNC(=O)c2cccc([N+](=O)[O-])c2)[NH+](C)C)cc1,0.6234,3.2368,-5.97,-9.14
Cn1nnnc1-c1cccc(C(=O)NC2CCCCC2)c1,0.935,2.0574,-6.02,-8.56
Cc1ccccc1CC(=O)Nc1ccc(OC(C)C)cc1,0.9015,1.6275,-5.82,-8.23
C[C@H]([NH2+]CC(=O)Nc1cccc(S(C)(=O)=O)c1)c1ccc2c(c1)OCCO2,0.7691,3.3548,-6.21,-9.03
CCn1ccc(NC(=O)c2cc(C)nc3onc(C)c23)n1,0.7977,2.481,-5.96,-7.96
CC1=C(C(=O)Nc2c(F)c(F)c(F)c(F)c2F)C2(CCCCCC2)OC1=O,0.3555,3.3011,-6.27,-8.52
COCCn1c([O-])c(C(=O)[C@@H](C)Oc2ccc(Cl)cc2Cl)c(C)c(C#N)c1=O,0.6334,3.3258,-5.91,-8.04
Cc1cccc(C)c1CCNC(=O)c1cnc([C@H]2CCCO2)s1,0.9114,2.9793,-5.81,-8.02
COc1ccc([C@H]2Nn3c(nnc3-c3ccccc3Cl)S2)cc1OC,0.7453,2.9311,-6.14,-8.24
NC(=O)c1n[nH]c2ccc(NC(=O)C(=O)NCC[C@H]3C[C@H]4CC[C@@H]3C4)cc12,0.5956,4.2021,-6.08,-8.75
CC(C)c1ccccc1OCCC(=O)N[C@@H]1CC[C@@H]([NH+](C)C)C1,0.8041,3.7375,-5.16,-7.57
CSC1(CN[C@@H]2CC[NH+](Cc3ccccc3)[C@@H](C)C2)CCOCC1,0.8233,4.7858,-5.7,-7.86
Cn1cc(/C([O-])=N/S(=O)(=O)c2ccccc2[N+](=O)[O-])c(C(C)(C)C)n1,0.3452,3.1532,-6.04,-8.84
COCc1cccc(C(=O)N[C@H]2CCCC[C@H]2OC2CCCC2)c1,0.8615,2.9274,-6.1,-8.79
CCCCc1[nH]c(CN2C[C@@H]3c4ccccc4OC[C@]3(C(=O)[O-])C2)c[nH+]1,0.8346,4.6851,-6.01,-8.32
CCOc1ccc(N[C@H](C)c2ccc(Br)s2)cn1,0.8792,2.7754,-5.57,-7.67
COC[C@H]1CN(C(=O)N[C@@H](c2ccccc2)c2ccco2)CCO1,0.9144,3.0591,-5.87,-7.94
CCCOc1ccccc1NC(=O)Nc1ccc(C)c(S(C)(=O)=O)c1,0.8178,1.9422,-5.97,-8.9
N#Cc1ccc(NC(=O)CNc2cc3c(cc2Cl)OCCCO3)cc1Cl,0.8196,2.3389,-6.28,-8.77
Cc1nc(C)c(-c2nnc(SCc3ccn(-c4ccccc4)n3)o2)s1,0.4889,2.5675,-6.26,-9.29
Cc1cc2c(n1C)CCC[C@H]2Nc1snc(Cl)c1C#N,0.9177,3.7223,-5.82,-7.84
O=C1OCC2=C1[C@H](c1ccccc1)CC(=O)N2c1cccc(Br)c1,0.7408,2.7993,-6.26,-8.9
CC[NH+]1CCC[C@H]1CN1Cc2ccc(C(=O)N3CCOCC3)cc2C1=O,0.8356,4.1064,-6.16,-8.82
CCCOC[C@]1(O)C[C@@H](C)CC[C@@H]1C(C)C,0.732,3.6808,-5.12,-7.24
CC(C)c1nc(C[S@@](=O)Cc2cc(-c3cccs3)on2)no1,0.6858,3.5191,-5.97,-8.05
CCOc1ccc2c(c1)CN(C(=O)C[C@H]1CCCO1)CC2,0.8548,2.6113,-5.85,-7.48
O=C(NC1CCCCCC1)C1CCN(C(=O)[C@H]2Sc3ccccc3NC2=O)CC1,0.5871,2.8687,-6.31,-7.92
CN(CCCOc1ccccc1)C(=O)Cn1c(=O)[nH]c2ccccc21,0.6715,2.0795,-6.21,-8.64
CCCCCN(C(C)C)S(=O)(=O)c1cnn(C)c1,0.7141,2.4171,-5.37,-7.08
CN(C)S(=O)(=O)c1ccc(N2C[C@@H](C(=O)/N=c3\[nH]c4ccccc4s3)CC2=O)cc1,0.6644,3.1879,-6.44,-8.7
CCc1ccc([C@@H](C)N/C(NC[C@@H]2C[NH+](C)CCN2C)=[NH+]\C)cc1,0.3871,4.8927,-5.7,-8.47
NC(=O)c1ccc(/C=C/C(=O)NC[C@@H]2C[C@@H]2c2ccccc2)cc1,0.8033,2.809,-6.04,-8.96
CCC[NH2+]C/C(C)=C/c1c(F)cccc1F,0.7421,3.6186,-5.1,-5.98
CC(=O)Nc1c(-c2ccc(C)cc2)c(C)nn1-c1ccc(C(=O)N2CC[NH+](C)CC2)cc1,0.6633,3.0789,-6.41,-9.06
COC[C@H](NC(=O)[C@H]1[C@H](C=C(C)C)C1(C)C)C(N)=O,0.7004,3.6431,-5.41,-7.34
COc1ccccc1COC1CCN(S(=O)(=O)N2CCCCC2)CC1,0.7737,2.2155,-5.95,-7.56
Cc1cc(C(=O)N/N=C/c2cc3c(cc2Br)OCO3)[nH]n1,0.6538,2.7571,-5.87,-8.41
CC[NH+]1CCC2(CC1)N=C(SCC(=O)Nc1ccc(Cl)cc1)C(c1ccccc1)=N2,0.7474,3.7742,-6.18,-8.27
Cc1cccn2cc(CC(=O)N[C@@H]3CCN(c4ccccc4)C3=O)nc12,0.7852,2.8113,-6.34,-9.19
CCCCCCOC(=O)[C@@H]1CCCCC[C@@H]1[NH3+],0.4413,3.46,-5.18,-6.66
CC(C)(C)c1n[nH]cc1/C=C1\SC(NC2CCCCC2)=NC1=O,0.8119,3.0762,-5.86,-7.93
CC[C@@H]1SC[C@H](C(=O)[O-])N1C(=O)[C@](C)(N)C(F)(F)F,0.7727,4.6058,-5.55,-7.35
CCOC(=O)N1CCC([NH2+]CC2(c3ccc(Cl)cc3)CC2)CC1,0.8972,3.1819,-5.74,-8.38
CC(=O)c1csc(NC(=O)c2scnc2C)n1,0.8665,2.4368,-5.6,-7.83
CCc1ccc([C@H](CNS(=O)(=O)c2ccc(C#N)c(Cl)c2)[NH+](C)C)cc1,0.7557,3.4774,-6.03,-8.17
CC[C@@H](C)[C@@H](NC(=O)C(F)(F)F)C(=O)[O-],0.7231,3.6341,-5.11,-6.04
CC1(C)COC(CCCC(=O)c2ccc([N+](=O)[O-])cc2)OC1,0.4573,2.5636,-5.64,-7.63
CC[C@@](C)([C@H](Cc1ncnn1C)NC)[NH+]1CCCC1,0.7491,5.0196,-5.41,-7.12
Cc1cc(F)ccc1NC(=O)Cn1cc(Br)c(=O)[nH]c1=O,0.8718,2.1657,-5.94,-8.49
CC(C)OCC[C@@H]1CCCCN1C(=O)c1cnc(Cc2ccccc2)s1,0.7163,2.8654,-6.06,-7.92
C[C@H]1COCCN1C(=O)N[C@@H]1CCCc2c1cnn2Cc1ccccc1,0.922,3.1797,-6.16,-8.65
O=C(NCc1ccc2c(c1)OCO2)c1cc2sccc2n1Cc1ccc(F)cc1,0.5272,2.2818,-6.58,-9.78
CS(=O)(=O)[C@@H]1CC[C@@H](OC(=O)/C=C/c2ccc(Cl)c(Cl)c2)C1,0.6067,3.2526,-5.72,-7.46
CN(C(=O)c1ccc(=O)n(Cc2c(Cl)cccc2Cl)c1)c1ccccc1,0.6626,2.1642,-6.6,-8.35
CC(C)[C@@H](NC(=O)C1CCN(c2ccccc2[N+](=O)[O-])CC1)c1nc2ccccc2[nH]1,0.4585,2.7797,-6.45,-9.13
COCCOc1ccc(NC(=O)N2CC[C@@H]3CC[C@H](C2)[NH+]3C)cc1,0.79,4.6995,-5.69,-8.13
Cc1cccc(C)c1OC1CN(C(=O)c2cccn2C)C1,0.8678,2.3272,-5.94,-7.84
COc1ccc(C(C)(C)C)cc1NC(=O)NC[C@H](C)n1cc[nH+]c1,0.8841,3.6723,-5.85,-8.6
C[C@H]1CC(Nc2cccc(N(CC(N)=O)Cc3ccccc3)c2)C[C@@H](C)O1,0.7853,3.2782,-6.23,-8.43
Cc1ccc(-n2cnnc2SCN2C(=O)c3ccccc3C2=O)c(C)c1,0.5251,2.3599,-5.88,-8.67
COc1ccc(C(=O)C2=C([O-])C(=O)N(C[C@@H]3CCCO3)[C@@H]2c2ccc(O)cc2)cc1,0.7339,3.3557,-6.35,-8.38
CC(C)(C)c1ccc(SCC(=O)NC2(C(N)=O)CCCC2)cc1,0.8132,2.371,-5.74,-7.98
C[C@H]1CN(CC(=O)NC2CCCC2)CC[C@@H]1[NH3+],0.7292,3.556,-5.19,-6.78
COc1ccc(OCCn2c(C[NH+]3CCCC3)nc3ccccc32)cc1,0.7094,3.0548,-6.13,-8.36
COc1ccccc1Cc1nnc(NC(=O)Cc2ccc(Br)cc2)s1,0.6554,2.0512,-6.1,-8.34
COc1ccc([C@@H](C)COC(=O)c2cccc(C#N)c2)cc1,0.7917,2.3884,-5.68,-8.1
Nc1cc(F)ccc1N1CC2(CCOCC2)C1,0.7581,2.9507,-5.45,-7.06
Cc1ccc(/C=C(/NC(=O)c2ccccc2)C(=O)NCCC2=c3ccccc3=[NH+]C2)o1,0.4904,3.2189,-6.5,-8.88
CC[C@@H]1CCCCC[NH+]1CCCOC(=O)NC(N)=O,0.634,4.6215,-5.58,-7.73
COC(=O)[C@@H](NC(=O)c1cccnc1Cl)c1ccc(Cl)c(F)c1,0.6743,2.6429,-5.96,-8.26
CNc1cc(CN2C[C@@H](C)CC2=O)ccc1[N+](=O)[O-],0.6656,2.8259,-5.69,-7.52
Cc1nc2ccccn2c1C(=O)NCC(C)C,0.8782,2.1424,-5.68,-7.76
C[C@@H]1CCN(C(=O)NCc2ccco2)C[C@H]1O,0.8131,3.019,-5.34,-7.1
CC(C)CN1CCO[C@H](CNC(=O)N2CCN(C(=O)[C@H]3C[C@H]3C)CC2)C1,0.7836,3.3497,-5.65,-7.94
CO[C@@]1(C)C[C@@H](N(C)C(=O)c2cnc3c(C)cccn3c2=O)C1(C)C,0.8576,3.7419,-6.08,-7.86
C[C@@H](NC(=O)NCC(=O)Nc1ccccc1)c1ccc(Cl)s1,0.7822,2.4107,-5.87,-8.33
CCOc1cccnc1C(=O)N1CCC(c2cc(C)n[nH]2)CC1,0.9411,2.5858,-5.84,-8.24
COc1cccc([C@@H]2C[C@H](C(F)(F)F)n3ncc(C(=O)N4CCC(C)CC4)c3N2)c1,0.7955,3.6208,-6.27,-8.4
Cc1ccc(S(=O)(=O)N(C)c2ccsc2C(=O)NCc2ccc(F)cc2)cc1,0.6592,2.1794,-6.34,-8.79
COC(=O)C1=C(C)C(C(=O)NC[C@@H](c2ccccc2)[NH+]2CCCC2)=N[C@H]1C,0.7297,4.5222,-5.94,-8.05
COc1ccccc1OCC#CCNC(=O)c1ccc(F)cc1,0.8634,2.0216,-5.89,-8.59
C[NH+](CCC(N)=[NH2+])[C@@H]1CCSC1,0.3386,6.1579,-5.08,-5.44
O=S(=O)(Cc1ccccc1Cl)/N=C(\[O-])[C@H]1C[C@@H]1c1ccco1,0.6184,3.8061,-6.03,-8.3
COc1cccc(OCC(=O)Nc2ccc(-c3cc[nH]n3)cc2)c1,0.7306,2.1698,-5.96,-9.07
Cn1cnc(S(=O)(=O)NCC(=O)N[C@H]2CCC[C@H]([NH+](C)C)C2)c1,0.5712,4.2644,-5.66,-7.76
COc1ccc(NC(C)=O)cc1NS(=O)(=O)c1cccc2cc(C)cnc12,0.7022,2.1467,-6.3,-9.04
COC(=O)C[C@H](NC(=O)Nc1nccs1)c1ccc(Br)cc1,0.7754,2.6417,-5.84,-7.59
COc1cccc(C(=O)NC[C@H]2CCC[NH+]2C)c1F,0.8206,4.1311,-5.66,-7.51
C[NH2+]C1CCC(N(C)c2nc(C(C)C)ns2)CC1,0.9029,3.8831,-5.41,-7.0
NC(=O)N/N=C/c1ccc(SCC(=O)Nc2ccc3ccccc3c2)o1,0.3525,2.3714,-6.26,-9.38
C[C@H]1CCC[C@H](C)N1C(=O)COc1ccc(C(=O)N2C[C@H](C(=O)N(C)C)Oc3ccccc32)cc1,0.6573,3.437,-5.52,-9.11
Cc1ccc(NC(=O)C2=NO[C@@H](c3ccccc3)C2)c(Cl)c1,0.9267,2.6076,-6.07,-8.18
CSc1ccc(CNC(=O)N2CC[C@@H]([N+]3=CCCC3)C2)cc1,0.684,3.565,-5.73,-8.43
O=C(CSc1nncs1)N[C@@H]1CC[NH+](CC2CCCC2)C1,0.7512,4.4569,-5.61,-7.81
COc1cccc2c1OC[C@H](NC(=O)Nc1nc(C)cs1)C2,0.9119,2.8404,-5.97,-8.46
CC(C)[C@H]1CCCN(C(=O)c2cccc(Br)c2)CC1,0.792,2.3117,-5.72,-7.99
O=c1c2cnc3ncnn3c2ccn1-c1cccc(F)c1,0.531,2.518,-5.93,-7.45
COc1ccccc1N1CCN(C(=O)c2ccccc2SCc2ccccc2)CC1,0.5305,1.9276,-6.29,-8.81
Cc1ccc(C)c(OCC2=C[C@@H](C(=O)NC[C@H]3N=NC4=C3CCC4)NO2)c1,0.8086,4.2954,-5.72,-7.85
COc1ccc(N(C)C(=O)C2CCN(S(=O)(=O)c3cccc4nonc34)CC2)c(OC)c1,0.5504,2.5635,-6.4,-8.59
CC[C@@H](C)CN(C)C(=O)Nc1ccc(F)c(C(=O)N(C)C)c1,0.9087,2.6512,-5.55,-7.92
O=C(c1ccc(Cl)c([N+](=O)[O-])c1)N1CCC[C@@H]1c1nc(-c2cccc(Cl)c2)no1,0.4272,2.7459,-6.58,-8.94
CCCc1cc2c(c(=O)n1CCO)[C@@H](c1ccc(Cl)cc1Cl)C(C#N)=C(N)O2,0.773,3.2485,-6.19,-7.92
CC[C@H](CO)N1CCN(S(=O)(=O)c2c[nH]c3nccc(Cl)c23)CC1,0.8251,3.2104,-6.12,-8.43
O=C(NC1CCCCC1)[C@H](c1cc2c(cc1[N+](=O)[O-])OCO2)N1CCC2(CC1)OCCO2,0.5416,3.7609,-6.37,-8.46
C/C=C(\C)C(=O)N(CC)Cc1cccc(F)c1,0.7341,2.2689,-4.86,-5.57
Cc1nn(C)c(C[C@H]([NH2+]C(C)C)c2ccc(F)cn2)c1Cl,0.9197,3.9172,-5.58,-8.02
CCN(CC(F)(F)F)S(=O)(=O)c1ccc(Br)cc1,0.8406,2.137,-5.43,-6.75
CCN(CC)C(=O)c1ccc(N/C=C2/C(=O)NC(=O)N(c3ccccc3)C2=O)cc1,0.5678,2.2561,-6.25,-8.54
O=C(Nc1ccc2c(c1)COC2)C(c1ccccc1)c1ccccc1,0.7658,2.0453,-6.59,-8.97
Cc1ccc(C)c(S(=O)(=O)Oc2ccc(C(=O)O[C@@H](C)c3nnc(C)o3)cc2)c1,0.4422,2.8526,-5.71,-8.81
C=CCOc1ccccc1[C@@H]1CC(=O)Nc2c1c(=O)nc(SCc1cccc(Cl)c1)n2C,0.3077,3.1393,-6.36,-9.2
CC(C)(C)c1ncc(NC(=O)c2ccc(NC=O)cc2)cn1,0.8497,2.2775,-5.68,-8.41
Cc1c2c(cc3c1O/C(=C\c1cccc(Br)c1)C3=O)CN(Cc1ccncc1)CO2,0.5051,2.8237,-6.31,-8.57
CN(CC(=O)Nc1ccccc1)C(=O)C[C@@H]1OC(=O)c2ccccc21,0.8495,2.5582,-6.17,-8.29
CN(CCCc1ccccc1)C(=O)C1CCN(C(=O)C2CC2)CC1,0.8055,1.9747,-5.9,-8.51
c1ccc(OCc2nnc3sc(-c4cc5ccccc5[nH]4)nn23)cc1,0.535,2.3718,-6.38,-9.53
C[NH2+][C@@H]1CCC[C@@H]1Sc1cc2ccccc2[nH]1,0.8573,4.3667,-5.69,-7.62
Cc1ccc(-c2n[nH]cc2C[NH2+]CCCc2ccccc2)o1,0.6586,3.388,-5.99,-8.79
CC[C@H]1S/C(=N\c2cccc(C(F)(F)F)c2)NC1=O,0.9065,3.4721,-5.86,-8.0
C#Cc1cccc(NC(=O)C(=O)N[C@H](C)c2ccc(N3CCOCC3)cc2)c1,0.6338,2.696,-6.23,-9.23
CC[S@](=O)[C@@H](C)C(=O)N1CCCc2ccccc21,0.8393,3.2296,-5.86,-7.54
CCc1nc2c(s1)[C@H](N(C)C(=O)NCc1cn(C)nc1CC)CCC2,0.8893,3.6114,-6.04,-8.3
c1ccc(CCC[NH2+]Cc2ccc(-n3ccnc3)cc2)cc1,0.6673,2.8455,-5.99,-8.47
COc1ccc(-c2nc(C(=O)OC[C@@H]3CC=CC[C@H]3C)cs2)cc1,0.5889,3.1197,-5.85,-8.53
C=CCc1c(C)[nH+]c2c(C)cccc2c1SC(N)=[NH2+],0.3814,4.3369,-5.8,-7.61
CC[C@H](C)Sc1ccc(NC(=O)C(=O)Nc2cnn(C(C)C)c2)c(C)c1,0.5856,2.944,-5.86,-8.56
CNS(=O)(=O)c1ccc(NC(=O)CSc2ccccc2)cc1,0.794,1.7569,-5.81,-7.77
COc1ccc(C)cc1[N+](=O)[O-],0.499,1.6217,-4.88,-5.76
Cc1ccc(NC(=O)N[C@@H]2C[C@H]2C)c(OCC(=O)N(C)C)c1,0.8738,2.8581,-5.69,-7.8
COc1ccc(C(=O)N2CCN(C(=O)[C@@H]3CC=CCC3)CC2)cc1,0.8004,2.4922,-5.74,-8.71
Cc1ccc(C)c(S(=O)(=O)NCCC(=O)N2CCN(c3ccccc3Cl)CC2)c1,0.7568,2.0926,-5.7,-8.66
CCCN(CC(=O)NC)C(=O)C1C[C@@H](C)O[C@H](C)C1,0.8157,3.2947,-5.42,-7.26
Cc1ccc(CNC(=O)COC(=O)c2ccccc2Br)cc1,0.8313,1.6784,-5.86,-8.21
Cc1ccc(NC(=O)Cn2cc(-c3nc(-c4ccc(Br)cc4)no3)ccc2=O)cc1C,0.4527,2.2661,-6.61,-9.54
Cc1ccccc1CN1CCN(C(=O)[C@H]2C[C@H]2C)CC1,0.8427,2.5765,-5.56,-7.25
COc1ccc(C(=O)NCc2ccc(C[NH+]3CCC[C@H](C)C3)cc2)cc1[N+](=O)[O-],0.5538,3.7525,-6.27,-8.99
O=C(NCC1(O)CCOCC1)[C@@H]1CCN(c2cc(F)cc(F)c2)C1=O,0.7903,3.1742,-6.08,-8.11
[NH3+][C@H]1CCCCC[C@@H]1C(=O)OCC1CCCCC1,0.6204,3.5392,-5.43,-6.89
COc1cccc(NC(=O)C[NH+]2CCC[C@H](C(F)(F)F)C2)c1,0.8835,4.0298,-5.79,-8.5
CCOC(=O)c1ccccc1NC(=O)c1cccnc1,0.8666,1.6371,-5.68,-7.78
CCc1c(C(=O)Nc2ccc(C(F)(F)F)cc2)nnn1-c1ccc(OC(F)F)cc1,0.5804,2.3477,-6.27,-8.65
c1ccc([NH+]2CCCCCC2)c(NC2CCSCC2)c1,0.8903,3.7291,-5.76,-6.74
C[C@H]1C[C@@H](C)C[NH+](Cc2csc(NC(=O)COc3ccc(Cl)cc3)n2)C1,0.7916,4.1024,-6.01,-8.33
CCN(C(=O)[C@@H](C)n1nnc(-c2ccccc2)n1)[C@H]1CCS(=O)(=O)C1,0.7839,3.2653,-5.92,-8.46
Cn1nc(C(=O)Nc2cc(Cl)ccc2N2CCCCC2)c2ccccc2c1=O,0.7302,2.1065,-6.52,-8.96
COc1nc(-c2ccc(F)cc2)n(-c2cccc(NC(=O)c3cccc([N+](=O)[O-])c3)c2)n1,0.3595,2.24,-6.78,-9.9
C[C@@](O)(CNC(=O)C(=O)NCc1ccc(F)cc1)c1ccc2c(c1)OCO2,0.6835,2.7683,-6.19,-9.03
CC(=O)NCC(=O)NCCc1cccc(F)c1,0.7897,1.7417,-5.28,-6.83
CC1=C(C(=O)[O-])S(=O)(=O)CCO1,0.4988,4.0211,-5.06,-5.82
Cc1ccc2ncc(C(=O)N3C[C@@H](c4ccccc4C)C[C@H]3C)c(=O)n2c1,0.7035,3.2238,-6.38,-8.59
Cc1cc(C(=O)Nc2ccnn2Cc2cccs2)ccc1[N+](=O)[O-],0.5677,2.2835,-6.03,-8.75
COc1ccc(NC(=O)COc2ccc(Br)cc2)cc1NC(=O)c1ccco1,0.5656,1.9268,-6.29,-9.05
[O-]C1CC([NH2+][C@H]2CCCC[C@H]2[C@@H]2CCCC[NH2+]2)C1,0.6739,5.9388,-5.35,-6.48
CCCSc1nnc2ccc(C(F)(F)F)cn12,0.7944,2.4148,-5.46,-7.25
C[C@@H]([NH2+]Cc1cccc(-c2ccccn2)c1)c1ccc2c(c1)C(C)(C)C(=O)N2,0.7156,3.5484,-6.55,-8.63
CC(=O)Nc1cccc([C@H](C)[NH2+][C@H](C)c2csc(C(C)C)n2)c1,0.8488,3.8583,-5.74,-8.72
COCCN(CC(F)F)C(=O)N[C@@H]1CC[C@@H](SC)C1,0.7828,3.6399,-5.53,-7.86
COc1ccc(NC(=O)N2C[C@@H]([NH3+])C[C@@H](C)C2)cc1,0.8418,3.2842,-5.54,-7.84
Cc1cc(C)nc(SCc2ccc(C(=O)NNC(=O)c3ccccc3F)cc2)n1,0.3815,2.1115,-6.3,-9.26
CCN1C(=O)/C(=c2/sc3nc(=O)c(Cc4ccccc4)nn3c2=O)c2ccccc21,0.5039,2.5586,-6.6,-9.29
CC(=O)N(C)CC(=O)Nc1cc(F)ccc1Cl,0.9002,1.8583,-5.35,-6.81
CC(C)C[C@@H]1COCCN1CC(=O)NCc1ccccc1F,0.8757,2.6999,-5.7,-7.75
O=C1N=C2NC3=C(C(=O)CCC3)[C@@H](c3ccc(OC(F)F)cc3)[C@H]2C(=O)N1,0.8447,3.7761,-6.07,-8.61
CCc1c(C)nc(Cl)nc1NC[C@@H]1CCC[NH2+]C1,0.8125,4.1731,-5.44,-7.83
C[C@H]1C[C@@H]1NC(=O)NCc1cccc(Cn2ccnc2)c1,0.8835,2.9186,-5.68,-7.86
C[C@@H](C[NH+]1CCCCC1)NC(=O)/C=C/c1c(Cl)nc2sccn12,0.8028,4.4054,-5.88,-7.7
Cc1cccc(/C=N\NC(=O)c2cccs2)c1,0.6544,1.9597,-5.6,-7.98
C[C@H](CNC1=[NH+]CCCCC1)[NH+](C)C,0.4902,5.6429,-4.99,-6.08
Cc1cc(C(=O)N2CC(=O)N(c3ccccc3C#N)C[C@H]2C)ccc1F,0.8356,2.8122,-6.32,-8.59
Cc1ccc([C@@H](C)NC(=O)N(CCc2cccc(F)c2)C2CC2)o1,0.8624,2.7549,-6.02,-8.3
Cc1cc2ccc3ccccc3c2c2c(=O)c(=O)c12,0.3528,2.2141,-6.08,-8.44
C[C@H]([NH2+]C(C)(C)CNC(=O)N[C@H]1CCC[C@@H]1CO)c1ccccc1,0.6104,4.0157,-5.81,-8.24
C[C@H]1CN(C(=O)c2ccc(Cl)c3cccnc23)C[C@@H]1[NH+](C)C,0.9109,3.9252,-6.01,-8.01
O=C(Nc1cccnc1)C1CCN(C(=O)c2ccc(-c3n[nH]c4ncccc34)[nH]2)CC1,0.4734,2.6875,-6.7,-9.29
COC(=O)CCNC(=O)C(=O)Nc1cc(Cl)ccc1O,0.4304,2.0029,-5.51,-7.58
Cc1cc(NC(=O)CC(C)C)c(C)cc1I,0.8367,2.1064,-5.6,-6.82
C[C@@H](Oc1ccc(C#N)cc1)C(=O)Nc1ccccc1N1CCc2ccccc21,0.696,2.5356,-6.5,-9.0
O=C(NC[C@H]1C[C@H](O)C[NH+]1Cc1ccccc1)c1ccccc1,0.7588,3.9063,-6.0,-8.65
CC(C)(CC(=O)[O-])Nc1ccc2nnnn2n1,0.7122,3.4573,-5.5,-7.41
COCc1ccc([C@H](O)c2sccc2C)cc1,0.8994,2.593,-5.46,-7.52
Cn1cc(C[C@@H]2CC[NH+](Cc3c[nH]nc3-c3ccc4c(c3)OCCO4)C2)cn1,0.6986,4.5138,-6.33,-9.13
CC(C)CC[NH+](C)CC(=O)N[C@](C)(C#N)C1CC1,0.687,4.5418,-5.26,-6.85
COc1ccccc1N1CC[C@H](N[C@H](C)c2cncc(F)c2)C1=O,0.9163,3.0842,-6.1,-8.54
CC1(C)Cc2nc(C(C)(C)C)ncc2[C@@H](NS(=O)(=O)c2ccccc2)C1,0.8889,3.0496,-6.24,-8.43
O=C(N=c1[nH]c2ccccc2[nH]1)c1cc(Cl)ccc1[N+](=O)[O-],0.5607,2.6328,-6.17,-8.79
CCCc1cc(NC(=O)c2ccc(-c3cccs3)nc2C)n(C)n1,0.7619,2.4537,-6.19,-8.9
Cc1cc(CN(C)C(=O)c2ccc3ccccc3n2)no1,0.7404,2.164,-6.18,-8.57
CNC(=O)Cc1ccc(NC(=O)/C=C/C2CC2)cc1,0.7922,2.1384,-5.52,-7.78
Cc1ccc(CNC(=O)c2nn(C)c3ccccc3c2=O)cc1,0.8063,1.9272,-6.28,-8.38
Cc1sc(NC(=O)CCc2cccs2)nc1-c1ccc(F)cc1,0.7145,2.0921,-6.1,-8.97
O=C([O-])CCNC(=O)N[C@@H]1CCOC1,0.562,3.3483,-5.07,-5.77
CC[C@H]1CC[C@@H]([NH+](CC(=O)OC)C2CCOCC2)C1,0.7514,4.7603,-5.32,-7.56
O=C(Nc1cccc(F)c1)C1CCN(S(=O)(=O)c2ccccc2F)CC1,0.8868,1.907,-6.4,-9.49
N#C/C(=C\n1c([S-])nc2ccc([N+](=O)[O-])cc21)c1cccc(Cl)c1,0.3063,3.2176,-6.15,-8.31
Cc1ccccc1O[C@H](C)CNC(=O)c1ccc(-n2ccnc2)cc1,0.7512,2.5253,-6.07,-8.67
Cc1ccc2nc(NC(=O)c3cc(-c4ccccc4)on3)sc2c1,0.5979,2.0361,-6.28,-9.43
CNC(=O)CCOc1ccc(NC(=O)NC(C)(C)c2cccc(C)c2)cc1,0.698,2.1688,-5.72,-9.38
[NH3+][C@H]1CCN(C2CC2)[C@@H]1c1ccc(F)c(F)c1,0.8324,3.7752,-5.16,-6.15
O=C(NCCc1cn2ccccc2n1)NCc1ccnc(OC2CCC2)c1,0.6746,2.5174,-6.2,-8.93
Cc1cccc(/C=N/NC(=O)C(C)(C)C)n1,0.6097,2.4548,-5.24,-6.32
C=CC[NH+](CC(=O)[O-])C[C@H]1CN(C(C)C)CCO1,0.5311,5.0163,-5.26,-6.49
C[NH+](C)C(C)(C)[C@@H](O)CC[C@@H]1CCCO1,0.6897,4.3868,-5.02,-5.77
CCc1nn(C)cc1C(=O)N1CCc2[nH]c3ccc(Cl)cc3c2C1,0.7764,2.6159,-6.28,-9.46
Clc1ccc([C@@H](Cl)[C@H]2COCCO2)c2ccccc12,0.7739,3.1653,-5.94,-7.95
NC(=O)CC[C@@H]1CCCN(C(=O)c2ccc(Nc3cc[nH+]cc3)cc2)C1,0.8353,3.405,-6.12,-9.05
CC(C)c1[nH+]ccn1CCC(=O)N[C@@H]1CC(=O)N(c2ccccc2)C1,0.8694,3.5835,-6.11,-8.64
CCc1ncc(S(=O)(=O)N(CC)CC(C)(C)O)[nH]1,0.802,2.9692,-5.44,-6.49
Cc1cnc(N2CCNC(=O)[C@H]2C(C)C)c([N+](=O)[O-])c1,0.6639,3.262,-5.74,-7.0
COc1ccc2cc(/C=C3\C(=O)NC(=S)N3C(C)=O)c(N3CCOCC3)[nH+]c2c1,0.5993,3.7209,-6.23,-7.74
CN(C)C(=O)CNS(=O)(=O)c1ccc2ccccc2c1,0.9207,1.9058,-5.81,-8.34
CC[NH+](CC)[C@H](C)CNC(=O)Nc1ccc(N(C)C)c(C)c1,0.7148,3.6826,-5.44,-7.95
CC(C)(C)N(Cc1ccccc1)C(=O)C[NH+]1CCC(Oc2ccccn2)CC1,0.8342,3.3643,-6.12,-8.05
CS(=O)(=O)N1CCC[C@@H](Cc2ccnc(Cl)c2)CC1,0.8054,2.6737,-5.69,-7.69
CNC(=O)c1ccc(Cl)cc1NCC(=O)N[C@@](C)(C#N)C(C)C,0.7417,2.8145,-5.66,-7.39
C[C@H]1CN(c2ccc(C(=O)NCC3(c4ccncc4)CC3)cn2)C[C@@H](C)O1,0.8808,3.252,-5.99,-8.82
COc1ccc2c(c1)SC(=O)C2=O,0.6354,2.4016,-5.2,-6.04
COC1=N[C@H]2Nc3ccccc3N(C)[C@@H]2[C@@H]1c1ccccc1,0.8776,3.6513,-5.69,-7.82
CCc1cccc(C(C)(C)C)c1N,0.6552,2.1258,-5.02,-5.98
Cc1noc(C)c1COc1cccc(C(=O)NC[C@H]2COc3ccccc3C2)c1,0.6897,2.7495,-6.35,-9.28
CC(C)(C)CC(C)(C)NC(=S)N[C@H]1C[C@H]2CC[C@@H]1C2,0.7688,4.3087,-5.48,-7.42
COc1ccc([C@H]2Nc3c(C(N)=O)cccc3[C@H]3C=CC[C@@H]32)cc1OC,0.826,3.3334,-6.13,-8.87
Cc1cccc(NC(=O)Cn2cnc3c(cnn3-c3ccc(Cl)cc3)c2=O)c1C,0.5611,2.1703,-6.72,-9.31
C#CCNC(=O)c1cccc(C#N)c1,0.6947,2.1364,-5.04,-6.38
C[C@]1(c2ccccc2Cl)NC(=O)N(CC(=O)NCCC2=CCCCC2)C1=O,0.5792,2.8605,-6.15,-8.44
NC(=O)[C@@H]1CCCN(C(=O)[C@@H]2C=C[C@@H]([NH3+])C2)C1,0.5976,4.2865,-5.49,-6.47
CCN(CC(=O)Nc1ccc(N2CCOCC2)cc1)C(=O)Cc1csc(C)n1,0.7693,2.2623,-5.94,-7.83
CO[C@@H]1CC[C@H]2OCCN(Cc3cnc(CC(C)C)s3)[C@H]2C1,0.8334,3.8347,-5.57,-7.35
CC[C@H](C)N1C(=O)C(CC)(CC)NC(=O)[C@@]1(C)C1CC1,0.8408,3.8753,-5.72,-7.87
CS[C@H]1CCCC[NH+](Cc2ccc(N(C)CCC#N)cc2)C1,0.8734,4.4334,-5.61,-8.07
COc1ccc([C@@H]2[C@@H](C(=O)OC(C)(C)C)N3c4ccccc4C=C[C@@H]3C2(C#N)C#N)cc1OC,0.6261,3.7862,-6.17,-8.72
CCc1ccc(C(=O)/C=C/c2cnc3c(C)cccn23)o1,0.5406,2.7257,-5.78,-7.89
CC[C@@H](C#N)Oc1cccc(CNC(=O)Cn2ncc3ccccc32)c1,0.7116,2.812,-5.96,-8.75
C[C@H](CNC(=O)c1cc2c(cc1O)OCO2)Cn1cc[nH+]c1,0.8553,3.8824,-5.84,-7.85
O=C(Nc1cc2c(cc1C(=O)Cc1ccccc1)OCCO2)c1cccs1,0.6751,2.1851,-6.43,-9.11
CC(=O)N1c2ccccc2C(CBr)=CC1(C)C,0.7246,2.761,-5.26,-6.71
C[NH+](C)C1CCN(CC[NH2+][C@H](c2cccs2)C2CC2)CC1,0.7473,4.7783,-5.44,-6.75
O=c1[nH]ncc(NC[C@@H](O)c2ccco2)c1Cl,0.7626,3.1304,-5.61,-7.37
c1ccc([C@H](C[NH2+][C@@H](c2ccccn2)C2CCCC2)N2CCOCC2)cc1,0.8192,3.6778,-6.16,-8.26
CC(=O)Oc1ccc(/C=C2\N=C(c3ccc(Cl)cc3Cl)OC2=O)cc1OC(C)=O,0.4073,2.4797,-6.35,-8.45
Cc1ccc(CNC(=O)c2nc(N3CCCCC3)c3oc4ccccc4c3n2)o1,0.5622,2.5377,-6.64,-9.48
COCCN[C@H]1CS(=O)(=O)C[C@@H]1S(=O)(=O)c1ccc(C)cc1,0.7381,3.1575,-5.62,-7.93
CCN1C[C@H](CN(C)Cc2[nH+]cc(C)c(OC)c2C)Oc2ccccc21,0.7978,3.8076,-5.96,-8.14
CCCCC1CCC(NC(=O)Cc2ccc[nH]2)CC1,0.8103,2.3804,-5.51,-7.78
Cc1nnc(-c2cc(C)n(-c3cccc(C(=O)N[C@@H](C)c4cccc5ccccc45)c3)n2)o1,0.4093,2.8425,-6.72,-9.72
Cn1cc(CN(Cc2ccccc2C#N)C2CCCC2)c(=O)n(C)c1=O,0.824,2.5383,-6.0,-7.62
Cc1ccc([C@H](CNC(=O)c2cccc(Cl)c2)[NH+]2CCCCC2)cc1,0.8462,3.5472,-6.29,-9.19
Cc1c(C[NH+](C)Cc2nc3ccccc3o2)cc(C#N)n1C,0.7944,4.0126,-5.97,-8.39
CCNC(=O)Nc1cccc(COCc2ccc(OC)cc2)c1,0.8214,1.7698,-5.78,-8.71
CCc1noc(C)c1C(=O)N1CCC[C@@H]1c1nc2ccccc2s1,0.7185,2.8372,-6.15,-8.86
O=C(/C=C/c1nc2ccccc2o1)N1CCc2ccc(Cl)cc2C1,0.6614,2.3679,-6.56,-9.27
C[C@H](NC(=O)N[C@H]1CCN(C(=O)OC(C)(C)C)C1)c1ccncc1,0.8892,2.9402,-5.75,-8.21
O=C(c1ccc(Br)cc1)N1CCN(C2=[NH+]N=C(c3ccccc3)CS2)CC1,0.769,2.9016,-6.26,-7.93
CCC[NH2+]C[C@]1(c2ccccc2OC)CC[C@H]1C,0.7683,4.1294,-5.28,-7.04
Cc1nn(CC(C)C)c(C)c1CC(=O)Oc1ccc2ccc(=O)oc2c1,0.3987,2.4578,-5.93,-8.9
Cc1cccc(-n2c(SCC(=O)c3ccc4c(c3)NC(=O)CO4)nnc2C2=c3ccccc3=[NH+]C2)c1,0.3026,3.3294,-6.0,-9.38
CCCCn1c(S(=O)(=O)Cc2nc(-c3cccs3)no2)nc(C)c1C,0.6239,2.768,-6.03,-8.38
C[C@H](NC(=O)N1CC[C@@H](C(N)=O)C1)c1cc(F)c(Cl)cc1Cl,0.8245,2.9991,-5.84,-8.48
COc1ccc(O)c(C(=O)NCc2ccc(-c3nc4ccccc4s3)o2)c1,0.542,2.1944,-6.55,-9.91
O=C(NCCN1C(=O)CCC1=O)Nc1cnc(-c2ccccc2)s1,0.8126,2.4286,-6.09,-8.32
Cc1cc(NC(=O)C[NH+]2CCC[C@H]2c2cnn(C)c2)n(C)n1,0.8232,4.563,-5.91,-8.32
CCCc1noc(C[NH+](C)C2CCN(CCC)CC2)n1,0.8069,3.9868,-5.42,-7.34
Cc1cnc(CCNC(=O)N2CC[NH+](CC(C)C)CC2)s1,0.8347,3.8668,-5.62,-7.48
Cc1ccc(CN2C[C@H](C(=O)Nc3ccc(Br)cc3Cl)CC2=O)cc1,0.7954,2.4195,-6.15,-8.57
COc1cc(N[C@@H](C)C(=O)N[C@@H](C)c2ccccc2C)ccc1NC(C)=O,0.6961,2.7311,-6.08,-8.62
COC(=O)c1ccccc1OC(=O)c1ccsc1,0.6301,1.9534,-5.76,-7.76
CN/C(=N\c1ccc(Cl)c(Cl)c1)S[C@H]1CC(=O)N(c2ccc(F)cc2)C1=O,0.449,3.1168,-6.31,-8.06
COCC[C@H](C)C(=O)NC[C@H]1CCN(c2cc(Cl)ccc2C)C1,0.8293,2.9569,-5.66,-8.27
CC[NH+](CC1CCN(c2cccc[nH+]2)CC1)C[C@H](O)c1ccc(F)c(F)c1,0.7703,4.7828,-6.04,-8.55
COc1ccc(S(=O)(=O)N(C)CC(=O)NC2CCCCC2)cc1C,0.8485,2.0418,-5.82,-7.39
CS(=O)(=O)[N-]c1ccccc1C=O,0.6905,3.5474,-5.13,-6.31
CC(=O)Oc1c(Cl)cc(-c2ccccc2)cc1C(=O)[O-],0.6422,2.3934,-5.95,-8.21
O=C([O-])C1([NH+]2CCOCC2)CCC1,0.5205,4.9599,-5.03,-5.79
N#Cc1cccc(NC(=O)[C@@H]2CCCN(C(=O)NC3CCCC3)C2)c1,0.887,2.5429,-6.09,-8.78
C[C@H]([NH2+][C@@H](C)c1ccc(F)cc1N(C)C)C(=O)OC(C)(C)C,0.8485,3.9627,-5.56,-7.29
COc1ccc(-c2c(C(=O)[O-])nnn2-c2ccc3c(c2)OCCO3)cc1,0.6926,2.5703,-6.17,-8.42
CC(C)[C@@H](CNC(=O)N[C@@H]1CCCC1(C)C)N1CC[NH+](C)CC1,0.6975,4.5323,-5.67,-8.22
Cc1ccc(NC(=O)[C@H](CC(C)C)NC(N)=O)cc1C(F)(F)F,0.7746,2.579,-5.9,-8.36
Cc1ccc(NC(=O)C(=O)NC[C@H]2CCC[C@@H](O)C2)cc1Br,0.7162,2.9434,-5.49,-8.1
CCc1cccc(NC(=O)CSc2nc3cc(Cl)ccc3o2)c1,0.6757,2.0221,-6.06,-9.43
O=C(NCc1ccccc1)[C@@H]1CCCN1C(=O)c1ccn2ccsc12,0.784,2.8914,-6.29,-8.56
Cc1ccc(=O)n([C@H](C)C(=O)N2CCCc3ccccc32)n1,0.8526,2.6905,-6.24,-8.08
CN(C(=O)NCCCS(=O)(=O)c1ccccc1)[C@@H]1CCc2ccccc21,0.7922,2.6856,-6.24,-8.25
NC(=O)[C@H]1CCC[NH+](Cc2ccccc2C2=NC(=O)CC(C3CCCC3)=N2)C1,0.8044,4.5335,-6.2,-8.62
CC(C)Cn1nccc1NC(=O)[C@@H]1CS[C@]2(C)CCC(=O)N12,0.9196,3.5414,-5.9,-7.56
CCNS(=O)(=O)c1cc(/C=C/C(=O)N2C[C@@H](C)C[C@H](C)C2)ccc1OC,0.7696,3.1018,-5.75,-7.89
CN1CC[C@H](CNC(=O)c2cccc(NC(N)=O)c2)c2ccccc21,0.8004,2.6272,-6.32,-9.36
Cc1ccc(-c2ccc(=O)n([C@@H](C)C(=O)N3CCN(c4ccc(Cl)c(Cl)c4)CC3)n2)cc1,0.565,2.7177,-6.49,-8.59
CN(Cc1ccc(Cl)cc1Cl)Cc1ncnn1C,0.8659,2.3093,-5.57,-7.71
CC1=C(C(=O)[O-])N2C(=O)[C@H](NC(=O)c3c(Cl)c(C(F)(F)F)nn3C)[C@@H]2SC1,0.6924,4.0352,-6.04,-7.63
CS(=O)(=O)c1cccc(NC(=O)COc2ccc3c(c2)CCC3)c1,0.904,1.9248,-6.08,-9.24
CCOC(=O)N/N=C/c1ccc(Oc2ccccc2)cc1,0.6743,1.8368,-5.67,-8.46
COC(=O)c1ccc(CN(C)Cc2ncc(C)o2)cc1,0.7836,2.1626,-5.61,-8.39
CC(C)n1c([C@@H](C)NC(=O)[C@H](C)Sc2ccccn2)nc2ccccc21,0.6565,3.0539,-6.12,-8.32
O=C([O-])[C@H]1CC2(CCN(C(=O)c3cccc(O)c3)CC2)CN1C(=O)C1CC1,0.8276,3.7262,-6.09,-8.3
Cc1ccc(CNC(=S)Nc2ccc(F)cc2)cc1,0.8359,1.5792,-5.86,-7.99
Cc1nc(=O)c(-c2ccccc2)c(C)n1N1CCC(C)CC1,0.8552,2.5824,-6.2,-8.23
CC(=O)c1cccc(NC(=O)[C@@H](C)Sc2nnc(-c3ccc(C(C)(C)C)cc3)n2N)c1,0.339,2.6936,-6.42,-9.35
CNC(=O)c1ccc(NC(=O)c2ccc(F)cc2)cc1,0.9012,1.4431,-5.92,-8.34
C[C@H](Cc1ccc(O)cc1)NC(=O)C[C@@H](O)c1cccc(F)c1,0.7671,2.7642,-6.01,-8.34
COc1ccc(OC)c(CN(C)C(=O)[C@H]2CC(=O)N(C(C)C)C2)c1,0.7974,2.6783,-5.79,-7.57
CC(=O)N1CCc2c(nc(-c3ccccn3)nc2NCCOCCO)C1,0.7091,2.6109,-5.79,-8.51
CC[C@@H](CNC(=O)C(=O)Nc1ccccc1F)Oc1cccc(F)c1,0.7891,2.5545,-6.09,-9.22
O=C(NCCCCc1ccccc1)C(=O)Nc1ccc(Br)cc1,0.5996,1.7178,-5.96,-8.79
COc1ccccc1C[C@@H](C)Nc1ccc(C#N)cn1,0.9043,2.5504,-5.54,-7.69
Cc1cccc(-n2c(C)cc(C(=O)Nc3cccc([C@]4(C)NC(=O)NC4=O)c3)c2C)c1,0.5663,2.8596,-5.92,-9.53
COc1ccc(NC(=O)c2ccncc2Cl)cc1-n1nnnc1C,0.7798,2.2508,-6.29,-8.51
O=C(CN1c2ccccc2Sc2ccccc21)N1CCCCC1,0.8226,2.0429,-6.06,-8.15
O=C(c1cc2c(s1)-c1ccccc1S(=O)(=O)C2)N1CCc2ccccc21,0.6423,2.5848,-6.46,-9.08
Cc1ccc(C(=O)[C@H](C#N)c2nc(C)cs2)c(C)c1,0.8012,2.8503,-5.6,-7.12
C[NH+](CC(=O)Nc1cc(-c2ccco2)ccc1F)[C@@H]1CCS(=O)(=O)C1,0.8163,4.0472,-5.94,-8.61
OC[C@H]1CN(c2nnc(Br)s2)CCO1,0.8545,3.3081,-5.15,-6.79
Cc1ncn(C[C@H](C)[NH2+]C[C@H]2CCN(c3ccc(F)cc3)C2)c1C,0.8803,3.8761,-5.91,-8.15
Cc1ccc(C(C)C)cc1CN1C(=O)[C@@](O)(CC(=O)/C=C/c2ccco2)c2ccccc21,0.5295,3.0733,-6.59,-8.37
CCCc1cc(NC(=O)N2CCC[C@H](C)[C@H]2CCC)n(C)n1,0.8991,3.4654,-5.54,-8.07
CC(C)(C[S@@](=O)c1ccc(C(C)(C)C)cc1)C(=O)[O-],0.8463,3.5069,-5.53,-7.45
CC[C@@H]1CCC[C@@](C#N)([C@H](O)C=O)C1,0.6965,4.3615,-5.08,-6.19
O=C(c1ccccc1)c1ccccc1NC(=O)[C@H]1COc2ccccc2O1,0.7217,2.3815,-6.51,-9.02
O=C(NCc1csc(C2CC2)n1)c1cc(-c2ccc(Cl)cc2)on1,0.7387,2.3183,-6.12,-9.02
C[C@@H]1C[NH+]2CCC[C@@H]2CN1c1ccc(C(N)=[NH2+])cc1F,0.4577,5.299,-5.7,-7.65
COCC[C@H](C)C(=O)Nc1ccc(C)c(I)c1,0.8311,2.5852,-5.57,-7.5
COCCNC(=O)[C@H]1CC(c2ccccc2)=NO1,0.7889,2.5446,-5.36,-7.1
Cc1ccc2c(c1)N(C(=O)C[C@H](O)c1ccc(Cl)cc1)CC2,0.9387,2.5554,-6.21,-8.64
C[n+]1ccc(/C=C/c2cc(-c3ccccc3)cc(-c3ccccc3)[n+]2Cc2ccccc2)cc1,0.2718,2.755,-6.71,-9.72
C[C@@H]1C[C@@H](C)CN(C(=O)C[NH+]2CCN(C[C@H](O)Cn3cccn3)CC2)C1,0.6761,4.5689,-5.72,-7.53
C[C@@H](Cc1ccc(Br)cc1)NC(=O)c1ccc(F)cc1F,0.8806,2.2476,-5.97,-8.4
COc1cccc(C[NH+](Cc2cccc3cn[nH]c23)C[C@H]2CCCO2)c1,0.6862,3.9967,-6.31,-8.66
C[C@H]1C[C@H](C)CN(S(=O)(=O)c2ccc(C(=O)Nc3cccc(Cl)c3F)cc2)C1,0.7906,2.8036,-6.35,-9.24
COc1ccc(OCCC[NH+]2CCN(C(=O)CO)CC2)cc1,0.6464,3.2889,-5.41,-7.44
CC(C)CCNC(=O)C(=O)Nc1ccc(-n2cncn2)c(F)c1,0.8176,2.2697,-5.72,-8.59
CCOc1ccccc1CNC(=O)c1cnn(-c2ccc(Br)cc2)c1C,0.6556,1.996,-6.24,-8.53
Cc1ccc(S(=O)(=O)c2cn(CC(=O)NCC[NH+](C)C)c3ccccc23)cc1,0.6226,2.9073,-6.3,-8.78
Cn1c([C@H]2C(c3ccccc3)=NCN2CCc2c[nH]c[nH+]2)cc2ccccc21,0.5753,4.0878,-6.56,-9.47
CN(Cc1ccccc1)C(=O)c1cccc(NC(=O)CCCCl)c1,0.7739,1.8157,-5.91,-8.97
C[C@@H](c1ccccc1F)S(=O)(=O)c1ccc(C(=O)N2CCCC2)cn1,0.8385,2.7727,-6.22,-8.81
[NH3+]CCc1ccc(C(=O)N2CCO[C@H](C(F)(F)F)C2)cc1,0.9008,3.294,-5.61,-8.32
Cc1nc2ccccn2c(=O)c1NC(=O)[C@@H](C)Oc1ccc2c(c1)OCO2,0.7597,2.8057,-6.18,-9.43
C=CCn1c(SCC(=O)Nc2ccccc2[N+](=O)[O-])nc2sc(C)cc2c1=O,0.2073,2.4481,-6.08,-9.14
C[C@H](O)CN(C)C(=O)N[C@H](C)COc1ccc(F)cc1F,0.8414,2.9976,-5.65,-7.04
NC(=O)c1ccc(C(=O)NN(Cc2ccccc2)Cc2ccccc2)cc1,0.6365,1.9294,-6.34,-8.87
O=[N+]([O-])c1ccc(Br)cc1N[C@H]1c2ccccc2C[C@@H]1O,0.6577,3.0296,-5.95,-8.06
CCC(=O)N1CCc2[nH]cnc2C12CCN(C(=O)CSc1nc(C)n[nH]1)CC2,0.7433,3.815,-6.2,-8.54
COc1ccc(C[C@H]2COc3c(cccc3OC)C2)cc1C(N)=O,0.9162,2.7262,-5.96,-8.87
C[NH+](C)[C@H](CNS(=O)(=O)c1ccc(C#N)cc1)c1ccccc1,0.8196,3.3138,-5.91,-8.17
CC(C)(C)OC(=O)N[C@@H](CS)C(=O)CO,0.6154,2.9099,-4.89,-5.5
C[C@]1(Cn2c(CCl)nc3cnccc32)CCCO1,0.8014,3.4752,-5.6,-7.6
CCOC(=O)c1c(NC(=O)C2CCCCC2)sc2c1CC[C@@H](C)C2,0.8103,2.6183,-4.89,-8.41
[NH3+][C@H](CC[C@H]1CCOC2(CCOCC2)C1)c1ccccc1,0.9265,4.2866,-5.2,-7.88
COC(=O)c1cc(S(=O)(=O)N[C@@H]2CCCC[C@@H]2C)c[nH]1,0.8277,3.1042,-5.64,-7.84
CC(C)(C)OC(=O)NC[C@H]1CCCC[C@]12NC(=O)N(Cc1cccnc1Cl)C2=O,0.5726,3.9213,-6.22,-8.29
CC(=O)Nc1cccc(OCC#CCNC(=O)CC(C)C)c1,0.7916,2.3095,-5.5,-7.92
CS(=O)(=O)[C@@H]1CCC[C@@H](Sc2ccc(C(=O)[O-])cn2)C1,0.8201,3.9128,-5.68,-7.46
C[C@H](NC(=O)NCCC1CC[NH+](C)CC1)c1nc(-c2cccc(F)c2)no1,0.7142,3.7782,-6.14,-8.74
CNC(=O)CC1CCN(C(=O)N[C@H](CC(C)C)c2ccccc2C)CC1,0.8145,2.7509,-5.95,-8.0
C[C@H]1C[C@@H]([NH2+]Cc2ccc([S@](C)=O)cc2)C[C@H](c2ccccc2)C1,0.8869,4.2892,-6.09,-8.54
C[C@H](NC(=O)NC[C@H]1CCCO1)c1cccs1,0.8658,2.8846,-5.31,-7.35
O=[N+]([O-])c1ccc(Cl)nc1Sc1ccncc1,0.4852,2.5318,-5.65,-6.88
O=C1[C@H]2[C@@H]3CC[C@@H](O3)[C@@H]2C(=O)N1c1ccn(Cc2ccc(Cl)cc2)n1,0.7903,4.3242,-6.12,-8.13
Cc1cc(NC(=O)c2ccccc2[N+](=O)[O-])ccc1-c1cc2ccccc2oc1=O,0.2972,2.1347,-6.87,-10.17
COc1cc(-c2n[nH]c3c2[C@H](c2cccs2)C(C#N)=C(N)O3)cc(OC)c1OC,0.6623,3.3825,-6.32,-8.48
O=C(c1cncs1)N1CCC(n2c(CCc3ccccc3)nc3cccnc32)CC1,0.4893,2.5446,-6.59,-8.53
Cc1oc(C)c(S(N)(=O)=O)c1C(=O)NCCC(c1ccccc1)c1ccccc1,0.6199,2.3238,-6.41,-8.65
Cc1ccc(CNC(=O)C2CCN(S(=O)(=O)c3cccc(-c4noc(C)n4)c3)CC2)cc1,0.6137,2.2186,-6.49,-9.37
CC[C@H]1CO[C@@H](C)CN1Cc1cc(Cl)ccc1N,0.857,3.1393,-5.54,-7.24
C[C@H]([NH2+]CC1(O)CCCC1)[C@H](C)C(=O)[O-],0.5938,4.9434,-4.95,-5.68
CCOCCN(C)C(=O)[C@H]1CCCn2ccnc21,0.7401,3.3195,-5.24,-6.71
Cc1nc2ccccn2c1C(=O)N(Cc1ccccn1)c1nc2c(F)cc(F)cc2s1,0.4079,2.6711,-6.5,-8.53
CC(C)(C)C(=O)NNC(=O)c1cnccn1,0.6685,2.3194,-5.19,-6.09
COCC(=O)N(Cc1cccs1)Cc1cc2cc(C)ccc2n2nnnc12,0.5135,2.6399,-5.91,-8.59
COC[C@@H](O)CN(C)C(=O)NCc1cc[nH+]c(N2CCCCC2)c1,0.7652,3.786,-5.68,-7.85
CC(C)N(C)c1ccc(NC(=O)c2cn(Cc3cccnc3)nn2)cc1F,0.7239,2.436,-5.97,-8.98
COC(=O)c1cccc2c1CCCN2C(=O)c1ncccc1C(F)(F)F,0.7658,2.4224,-6.18,-8.59
COc1ccc([C@H]2C(C#N)=C(N)Oc3cc(O)ccc32)cc1Cl,0.8828,2.8034,-5.94,-7.86
CC[C@@H](CO)NC(=O)C(=O)Nc1ccc(C(F)(F)F)cc1Cl,0.7363,2.6746,-5.71,-8.19
CCOc1ccc(OCC(=O)Nn2cnc3c(cnn3-c3ccc(F)cc3)c2=O)cc1,0.4895,2.3597,-6.77,-9.37
CC1CCN(C(=O)c2ccc(NC(=O)c3ccc(C(C)(C)C)cc3)cc2)CC1,0.8069,1.8438,-6.24,-9.19
N#C[C@@H]1CN(c2ccc(N)cc2C(F)(F)F)CCO1,0.7936,3.2497,-5.59,-7.09
C[C@H](O)C1CCN(C(=O)N[C@@H]2CCCC[C@@H]2OC2CCCC2)CC1,0.828,3.4757,-5.91,-8.38
C[C@@H]([NH2+]C[C@@H]1CN(C2CC2)CCO1)c1ccc(N2CCCCCC2)cc1,0.8482,3.707,-5.93,-7.75
O=C(Cn1cc(Cl)cn1)NCc1ccco1,0.8785,2.1909,-5.4,-7.07
Fc1cc(CC[NH2+][C@@H]2CCc3[nH]c4ccccc4c3C2)c2c(c1)COCO2,0.7451,3.9025,-6.46,-9.61
CCN(Cc1ccccn1)S(=O)(=O)N1CCCC[C@@H]1CO,0.85,2.8571,-5.66,-6.85
BrCc1cccc2ccsc12,0.6498,2.3722,-5.31,-6.27
CC(C)NC(=O)c1sc2ncccc2c1[C@H]1CN(Cc2ccc3ncccc3c2)CCO1,0.4869,3.1484,-6.59,-9.16
C[C@H]1CC[C@H]([NH2+]Cc2cc(Cl)ccc2[N+](=O)[O-])C[C@@H]1C,0.6854,4.2939,-5.31,-7.03
COc1ccc(N2C(=O)C[C@H](Nc3c[nH]c(=O)[nH]c3=O)C2=O)cc1,0.6678,2.8868,-6.11,-8.22
C[C@H](CCOc1ccccc1)C(=O)Nc1cccc(-c2[nH+]ccn2C)c1,0.7083,3.3616,-6.29,-9.38
Cn1ccc2c(C(=O)NCc3ccc(S(N)(=O)=O)cc3)cccc21,0.7555,2.0035,-6.28,-9.09
Cc1ccc(C)c(NC(=O)CCCSCc2ccccc2)c1,0.7323,1.774,-5.73,-8.68
O=C(/C=C\c1ccccc1)NCCS(=O)(=O)N1CCN(c2ccccc2Cl)CC1,0.6813,2.1865,-6.31,-8.73
CC(C)N1CCO[C@@H]([C@H](O)c2cccs2)C1,0.8769,3.3569,-5.09,-6.4
Cc1sc2ncc(C(=O)N(Cc3ccccc3)Cc3ccccc3)c(=O)n2c1C,0.5014,2.3226,-6.56,-8.67
Cc1cc(C(=O)N2CCC(C)CC2)ccc1NC(=O)C(=O)NC1CCCCC1,0.7842,2.1089,-6.22,-8.65
C=CCc1ccccc1OC[C@H](S)CN1CC[NH+](C)CC1,0.5759,4.1956,-5.34,-6.49
Cc1ccc(CN2CC[NH+](CC(=O)N/N=C/c3cc(Br)ccc3F)CC2)cc1,0.5229,3.2503,-5.75,-8.94
C[C@@H]1OCC[C@@H]1C(=O)N1CCCCCC1,0.6618,3.0549,-5.35,-6.39
C[C@H](CO)[C@H](C)[NH2+]Cc1ccn(-c2ccccc2)n1,0.8124,3.8723,-5.58,-7.84
CCS[C@H]1CCC[C@H]1NC(=O)Nc1ccc2[nH]c(C(F)F)nc2c1,0.7498,3.4822,-6.07,-8.92
CCn1ccc2ccc(NC(=O)CCn3cc[nH+]c3C(C)C)cc21,0.7415,3.2639,-6.2,-9.26
Cc1cc(C(=O)CSc2nnnn2C[C@H]2CCCO2)c(C)n1-c1ccc(F)cc1,0.4351,2.8993,-6.35,-8.75
Cc1cccc(OCCNC(=O)C[NH+]2CC(n3nc(C)cc3C)C2)c1,0.7176,3.2253,-5.87,-8.75
C[S@@](=O)CCCNC(=O)N[C@@H]1CCO[C@@H]1c1ccc(Cl)c(F)c1,0.7634,3.7293,-5.85,-8.01
CCC[NH+](C)C[C@@H]1CCN(Cc2cc(OC)cc3c2O[C@H](C)C3)C1,0.8235,4.3154,-5.57,-7.65
CCc1cccc(N[C@H](C)[C@H](C)C(=O)OC)c1,0.7975,2.8719,-5.12,-6.85
CCOc1ccc(NC(=O)NCc2ccc3c(c2)CCN3C(=O)CC)cc1,0.8177,2.0389,-6.14,-8.95
Cc1cc(NC(=O)C(=O)N(C)Cc2ccc(OC(F)F)cc2)n(C)n1,0.8345,2.4451,-5.87,-8.44
O=C(c1cc2c(s1)CCCC2)N1CCC[C@@H]1c1nc(-c2ccccc2)n[nH]1,0.7352,2.8928,-6.58,-9.88
CN[C@@]1(C(=O)OC)CC[C@H](Sc2ncccc2Br)C1,0.8505,3.7736,-5.57,-7.27
Cc1ccccc1CSc1nc(-n2ccc3c(cnc4nc(C5CCCCC5)nn43)c2=O)n[nH]1,0.3822,3.087,-6.59,-9.44
N#Cc1csc(CNc2cnccc2CO)c1,0.8653,2.6998,-5.38,-7.1
CCSc1nnc2cc(C)nc(C)n12,0.7064,2.5411,-5.26,-6.24
CC(C)Oc1ccc(Br)c(CO)c1,0.8866,2.0225,-4.93,-5.53
Cc1ccn2/c(=N/C(=O)c3cc(C(C)C)n(C(C)(C)C)n3)[nH]nc2c1,0.7787,3.3557,-6.09,-8.52
OCC1(CNc2nn3cc(-c4ccc(F)cc4)nc3s2)CC1,0.7592,2.7175,-5.78,-8.84
CC(=O)N[C@H]1CCCN(C(=O)c2nn(-c3ccc(F)cc3)cc2[O-])C1,0.8919,3.1054,-6.1,-8.38
O=C(NCC1CCC(C(=O)N2CCOCC2)CC1)c1ccnc2[nH]ccc12,0.8612,2.4616,-6.08,-8.73
COc1ccccc1-c1ccc(C[NH+]2CCCC[C@@H]2c2ncon2)cc1,0.7684,4.0658,-6.52,-8.82
CCOC(=O)Nc1ccc(N[C@H](C)C(=O)Nc2ccc(F)c(F)c2)cc1,0.7255,2.3675,-5.87,-8.89
[NH3+][C@H](c1nnn[n-]1)c1ccccc1C1CC1,0.7833,4.5775,-5.56,-7.04
CC[C@@H](c1ncnc(OC)c1[N+](=O)[O-])[C@H](C)Cl,0.4612,3.6898,-5.13,-6.25
CC(C)[C@H](C[C@H]1Cc2ccccc21)C(=O)[O-],0.7703,3.5207,-5.29,-6.71
COCCOC(=O)C1=C(C)NC2=C(C(=O)CC(C)(C)C2)[C@H]1c1cccc2ccccc12,0.5653,2.9407,-6.56,-9.14
O=C(N[C@H](c1nnn[n-]1)C1CC1)c1ccc2c(c1)C(=O)N(C[C@H]1CCCO1)C2=O,0.6997,3.993,-6.5,-9.14
CCOc1ccc(C(=O)NNC(=O)C[C@H]2C[C@H]3CC[C@@H]2C3)cc1OC,0.7766,3.7442,-5.69,-7.91
C[C@H]1CCN(C(=O)C(=O)N(C)Cc2ccccc2F)c2ccccc21,0.787,2.8934,-6.25,-8.36
C[C@H]1CCCN(/C(=C/C#N)c2ccccc2)C1,0.7235,2.8591,-4.83,-7.02
CC1(C)CCC[C@@]1(CC(=O)[O-])[NH+]1CCCCC1,0.7615,5.156,-5.29,-6.61
COC(=O)[C@H](c1ccccc1Cl)N1CCCSCC1,0.8026,2.7706,-5.55,-7.22
Nc1noc(-c2cccs2)c1Cl,0.7701,2.8174,-5.27,-5.69
CC(=O)c1cccc(NC(=O)NCCc2nc3ccc(F)cc3n2C)c1,0.6906,2.1124,-6.23,-9.43
C[C@@H](CNC(=O)N[C@@H](C)C1CCC1)c1nc(-c2ccccc2)no1,0.8522,3.0253,-5.8,-8.53
Cc1cccnc1CN1CCO[C@@H](c2ccc(Br)cc2)[C@@H]1C,0.8227,3.1671,-5.92,-7.95
Cc1nn(C)cc1[C@@H](C)NC(=O)[C@H]1CC(=O)N(c2ccc(Cl)cc2)C1,0.9109,2.9531,-6.12,-8.13
CC(C)(C)OC(=O)NC[C@H]1CCCC[NH+]1Cc1cnn2c1NCCC2,0.762,4.7195,-5.86,-8.2
Cc1cccc(Oc2nc(C(F)(F)F)nc3ccccc23)c1,0.6851,2.1224,-6.26,-9.14
COCc1cc(C[NH2+]CC(=O)NC2CCCCCCC2)n[nH]1,0.698,3.3104,-5.72,-8.23
COc1cccc(S(=O)(=O)N[C@H](CC(C)C)C(=O)[O-])c1,0.7724,2.8237,-5.49,-7.04
O=C(NCCn1nc(-c2ccccc2)ccc1=O)c1ccc(Br)o1,0.7293,2.1359,-5.87,-8.67
CC[C@H](C#N)OC(=O)CCNC(=O)C1CCCCC1,0.7448,2.7998,-5.5,-7.47
Cc1nc2ccc(Cl)cn2c(=O)c1NC(=O)c1cccs1,0.7895,2.3413,-5.92,-7.9
CSCCOC(=O)C1=C(C)NC(=O)N[C@@H]1c1ccc([N+](=O)[O-])cc1,0.3515,2.8853,-5.83,-7.3
CC(C)(C)c1ccc(C(=O)[C@@H]2CCCN(C(=O)CCC3=NNC(=O)CC3)C2)cc1,0.7731,3.0552,-6.13,-8.15
CCC[NH2+][C@H](COCC)[C@H]1CSCCO1,0.6964,4.9956,-4.95,-6.24
CC[NH+]1CCC[C@H]1C[NH2+]Cc1ccccc1C,0.7224,5.1829,-5.3,-7.13
CCOc1ccc(NCc2cc3ccc(OC)cc3n(CC)c2=O)cc1,0.6971,2.0738,-6.09,-8.43
COc1ccc(Br)c(CN2CCn3c(nnc3-c3ccccc3)C2)c1,0.6708,2.211,-6.26,-8.65
C[C@H](Sc1ncnc2ccccc12)C(=O)NCc1ccccc1,0.5772,2.3252,-6.05,-8.61
C#CCOc1ccc(F)cc1NC(=O)N(C)C[C@H](C)C(=O)NC,0.7833,2.9843,-5.72,-7.36
COc1cccc(/C=N/NC(=O)C2=NN=C(c3ccc(Br)s3)C2)c1,0.6128,2.8239,-6.03,-8.6
C[NH+](C)[C@@H](CNC(=O)Cc1cccc(Cl)c1)c1ccc(F)cc1,0.8318,3.2358,-6.0,-8.81
CCNC(=O)C1CCN(C(=O)N[C@H](CC(C)C)c2ccccc2)CC1,0.8306,2.4868,-5.89,-8.66
[NH3+][C@H]1CCCCC[C@@H]1C(=O)N1CCC[NH+]2CCC[C@@H]2C1,0.6231,5.4133,-5.6,-7.43
CC[C@H](C)C(=O)Nc1cccc(CNS(=O)(=O)c2ccc(F)cc2)c1,0.7916,2.3174,-6.09,-9.29
CN(C)C(=O)c1ccc(C[NH+](C)C2(CO)CCSCC2)[nH]1,0.7166,4.6002,-5.69,-7.0
O=C1NC(=O)N(c2ccc(Br)cc2)C(=O)/C1=C/c1ccc(O)cc1,0.6131,2.1456,-6.18,-8.79
C[C@@H](NC(=O)Nc1ccc(-c2ccccc2)cc1)c1nc[nH]n1,0.6909,2.8046,-6.28,-8.89
CCCOc1ccc2c(c1)OCC(C#N)=C2,0.7781,2.6552,-5.15,-6.3
COC(=O)C(C)(C)[C@@H]1CCCN(Cn2ncc3cc([N+](=O)[O-])ccc32)C1,0.4626,3.213,-5.95,-8.43
O=C(CCn1nc(-c2ccc(Cl)cc2)ccc1=O)NCc1cc(F)cc(F)c1,0.6842,2.1469,-5.87,-9.03
CCc1nnc(NS(=O)(=O)c2ccc(NC(=O)c3cccc(F)c3)cc2)s1,0.6541,2.0771,-6.18,-9.17
CCC(=O)Nc1nc2ccc(NC(=O)N[C@@H](C)CC)cc2s1,0.7873,2.5139,-5.68,-8.3
Brc1cc(CSc2nnc(-c3ccccc3)o2)cs1,0.6286,2.2726,-5.82,-8.7
CC(C)(C)NC(=O)N1CC[C@@]2(C1)C(=O)Nc1ccccc12,0.7673,3.3846,-5.88,-7.66
CCOC(=O)C1(C)CCN(S(=O)(=O)c2cc(F)cc(F)c2)CC1,0.7844,2.4316,-5.87,-7.82
C[C@@H]1CN(Cc2ccc(C3CC3)cc2)[C@H](C)C[NH2+]1,0.8593,3.8518,-5.4,-7.21
C[C@H]1CCCCN1C(=O)[C@H](Cc1ccccc1)N1C(=O)[C@H]2CCCC[C@H]2C1=O,0.7518,3.3745,-6.29,-8.0
Cc1cc(Cl)ccc1OC(=O)[C@@H]1COc2ccccc2O1,0.63,2.5393,-5.95,-8.21
O=[N+]([O-])c1ccc(Sc2nnc3n2CCCCC3)nc1,0.6374,2.5674,-5.84,-7.68
C[C@H](C/C(N)=N/O)[NH+](C)CCSc1ccccc1,0.2255,4.2074,-5.32,-6.86
O=C(CCC1CCCCC1)Nc1ccc(S(=O)(=O)N2C[C@H]3C[C@@H](C2)c2cccc(=O)n2C3)cc1,0.6738,3.8953,-6.47,-9.69
O=C(Cn1nnc2ccccc2c1=O)NCCc1c[nH]c2ccc(Cl)cc12,0.5544,2.2107,-6.62,-9.61
Cc1cccn2c(=O)cc(C[NH+](Cc3ccc(F)cc3)C3CC3)nc12,0.7716,3.7313,-6.41,-9.09
Cc1ccc(/C=C(\C#N)C2=NC(=O)C3=C4CC[C@@H](C)C[C@@H]4SC3=N2)o1,0.7526,4.4334,-5.99,-7.43
Cc1nc([C@H]2CCCN2C(=O)c2ccc(F)cc2)ncc1C(=O)NCc1ccc(F)cc1,0.6568,2.7343,-6.49,-9.34
CCOC1CCN(C(=O)Cn2c(=O)oc3ccccc32)CC1,0.8608,2.2216,-5.96,-8.23
CS(=O)(=O)N[C@H]1CCC[NH2+]C1,0.5285,4.6905,-4.97,-5.93
CS[C@H]1CCC[C@@H](NS(=O)(=O)c2cc(C)c(C)s2)C1,0.9258,3.5226,-5.48,-7.27
O=C(NC[C@H](c1cccc(F)c1)N1CCOCC1)N[C@@H]1C=C[C@H](CO)C1,0.6689,3.623,-5.93,-8.4
CCOc1ccccc1N1C(=O)[C@@H]2C3c4ccccc4C(C=O)(c4ccccc43)[C@@H]2C1=O,0.4726,3.9642,-6.63,-8.08
CN(CCc1cccs1)C(=O)NCC1(c2ccc(F)cc2F)CC1,0.8408,2.5554,-6.05,-7.91
O=C(NC1CC1)c1cc(N2C[C@H]3CC=CC[C@H]3C2)nc2ccccc12,0.8742,3.176,-5.86,-9.03
O=C(COc1ccc2oc3c(c2c1)CCCC3)OCc1nc2ccccc2o1,0.4742,2.4554,-6.18,-9.89
C=CCn1c(SCc2coc(-c3cccc(Cl)c3)n2)nnc1[C@H]1CCS(=O)(=O)C1,0.397,3.2552,-6.32,-8.37
CN(C)c1ncc2c(=O)[nH]c(C3CCN(C(=O)Cc4ccccn4)CC3)cc2n1,0.7266,2.736,-6.18,-9.24
C#CCn1/c(=N/C(=O)c2cn(C)nc2OC)sc2cc(CC)ccc21,0.676,2.8514,-5.68,-8.5
CC[C@@H](C)[C@H](O)CNC(=O)C(=O)Nc1ccnn1C(C)(C)C,0.7096,3.4985,-5.47,-7.34
O=Cc1cn(CC(=O)c2ccc(Cl)cc2)c2ccccc12,0.5394,1.9568,-6.06,-8.8
Cc1ccc(N(CC(=O)N(C)C)S(=O)(=O)c2ccc(F)cc2)cc1,0.8321,1.965,-6.03,-8.18
O=C(N[C@H]1CCN(c2c(F)cccc2F)C1=O)c1scnc1C1CC1,0.9086,3.26,-5.99,-8.47
COC(=O)CNC(=O)CCc1ccc(F)c(F)c1,0.806,1.8454,-5.4,-7.14
CCN(CC)C(=O)[C@H](C)[NH+]1CCCCC[C@@H]1CC(C)=O,0.7915,4.6209,-5.46,-7.37
C[NH+](C)C1([C@H](O)[C@H]2CCOC3(CCC3)C2)CCCCCC1,0.7805,5.0157,-5.2,-7.09
CCOC(=O)C1CC[NH+]([C@H](C)C(N)=O)CC1,0.5896,4.3227,-5.14,-6.54
COCC(=O)NCC[C@H]1C[C@H]2CC[C@@H]1C2,0.7494,3.935,-4.98,-6.3
N#Cc1cccc(NC(=O)c2ccsc2)c1,0.8588,1.9265,-5.63,-7.55
CCCCN(CC(N)=O)S(=O)(=O)c1c(C)sc2ccccc12,0.8406,2.4522,-5.76,-7.73
CCc1ccc([C@@H](COC)NC(=O)C(=O)Nc2cccc(F)c2C)o1,0.7868,2.9498,-5.92,-8.75
O=C(NC[C@H]1CN2CCCC[C@@H]2CO1)c1cc2cccc(F)c2o1,0.9385,3.24,-5.98,-8.43
O=C(c1cccc[n+]1[O-])N1CCCC[C@@H]1CCc1ccccc1,0.6437,2.798,-6.07,-8.43
CC[C@H](C)[C@@H]1CN(C[C@@H]2CCCN(S(C)(=O)=O)C2)CC[NH2+]1,0.7733,4.4366,-5.43,-7.39
COc1ccc2[nH]cc(CCNS(=O)(=O)N3C[C@@H](C)O[C@H](C)C3)c2c1,0.8134,3.1597,-5.9,-8.18
COC(=O)C[C@@H](C)NC(=O)CNC(=O)C(C)(C)C,0.6907,2.6189,-5.24,-6.6
C[C@H](CNC(=O)[C@@H]1CN(C)CCO1)C[C@@H](C)O,0.7053,3.6277,-5.17,-6.64
COC(=O)C1=C[C@H](S(=O)(=O)N(Cc2ccccn2)C2CC[NH+](C)CC2)C=N1,0.6518,4.602,-5.86,-7.66
Cc1ccc(/C=C/CC(=O)Nc2nnc([N-]S(C)(=O)=O)s2)cc1,0.8617,3.2517,-5.84,-8.29
CSCC(=O)NNC(=O)NCC(C)(C)[NH+](C)C,0.4611,3.6873,-5.33,-6.83
CCOc1ccccc1[C@H](CC)NC(=O)N1CCC[C@H]1c1c(C)n[nH]c1C,0.7905,3.2843,-6.2,-8.37
C[C@@H]1CCO[C@@H]1C(=O)Nc1ccnc(-c2ccccc2)n1,0.9397,3.0657,-6.02,-8.28
C[C@H](NC(=O)[C@@H]1CC[NH2+][C@@H]1C)c1nnc2n1CCCCC2,0.8326,4.3414,-5.65,-7.67
CC(=O)N1CCN(C(=O)Cn2cnc3sc(C)cc3c2=O)CC1,0.7994,2.3297,-5.97,-8.1
COC(=O)c1ccc(NCc2ncc(C(C)C)o2)cc1C,0.8529,2.3745,-5.73,-7.92
CCCOC(=O)c1nc(C)n(-c2c(Cl)cccc2Cl)n1,0.8112,2.3746,-5.63,-8.07
COCCN(CCC#N)Cc1cc(=O)n2cc(Cl)ccc2n1,0.7764,2.5889,-5.73,-7.35
C[C@H]1C[C@H](C)CCN1C(=O)C[C@H](O)c1ccc(Cl)cc1,0.9281,3.1172,-5.7,-7.73
CCN(CCC#N)C(=O)c1ccncc1/C=C/C(=O)[O-],0.6899,3.0694,-5.23,-6.63
NC(=O)NC(=O)CNc1ccccc1-c1cc(F)c(F)c(F)c1,0.7554,2.2046,-6.12,-9.0
CCCc1cc([O-])nc(SCC2=NC(=O)C3=C4CC[C@@H](C)C[C@H]4SC3=N2)n1,0.5559,4.7377,-6.11,-7.48
CN(C)C(=O)CNc1nc2c(Br)cccn2n1,0.9178,2.6899,-5.54,-7.63
N#C[C@]1(NC(=O)c2ccc(Cl)c(N3CCNC3=O)c2)CCSC1,0.8727,3.3611,-5.88,-7.45
CC1CC[NH+](C[C@H](O)CSc2nnc(N)s2)CC1,0.6594,4.6123,-5.36,-7.3
Cc1cc(C)cc(C(=O)NCCCCC(N)=O)c1,0.7518,1.8169,-5.45,-6.82
Cc1ccc(F)cc1N1C(=O)CS[C@@H]1c1ccccc1[N+](=O)[O-],0.633,2.7873,-6.1,-7.92
CS(=O)(=O)CCC(=O)Nc1ccc(F)c([N+](=O)[O-])c1,0.6454,2.0773,-5.43,-7.65
CC(=O)N[C@H](CC(=O)Nc1c2c(nn1-c1ccccc1)CCC2)c1cccs1,0.6703,2.8943,-6.34,-8.46
C#CC[C@H](C)OC(=O)/C=C(/C)c1cccc(F)c1,0.4631,3.1155,-5.31,-6.83
Cc1noc(C[NH+]2CCC(c3nc4ccccc4s3)CC2)n1,0.8025,3.6024,-5.95,-8.52
Cc1ccc(C(=O)N(C)Cc2nc3ccccc3[nH]2)c(=O)[nH]1,0.7733,2.3073,-6.17,-8.08
CC[C@@H](C)NC(=O)c1ccc(NC(=O)COc2ccc(Cl)cc2C)cc1,0.763,2.2241,-5.91,-9.06
COCc1ccc(C[NH+]2CCCC[C@H]2c2ncc[nH]2)o1,0.869,4.6537,-5.78,-7.99
Cc1nsc(N[C@H](C)c2cccs2)c1C(=O)[O-],0.9204,3.6279,-5.36,-7.23
COc1ccc(N2CCN(c3cc(Cl)nc(N)n3)CC2)cc1F,0.8659,2.1867,-6.0,-7.83
Cc1ncccc1NC(=O)CCOC(C)C,0.83,2.0869,-5.07,-6.21
CC(C)CN1CCO[C@@H](C[NH2+]Cc2ccco2)C1,0.8113,3.8583,-5.27,-6.63
CC[C@H]1S/C(=N/N=C/c2cc(Br)ccc2OC)N(Cc2ccccc2C)C1=O,0.45,3.0258,-6.19,-8.2
Cc1cc(=O)oc2cc(NC(=S)N3C[C@@H](C)O[C@H](C)C3)ccc12,0.6401,3.1117,-5.97,-8.47
COc1cc2[nH]c(=S)n(/N=C/c3cccc([N+](=O)[O-])c3)c(=O)c2cc1OC,0.3123,2.5198,-6.3,-8.36
Cn1c(SCc2csc(Cc3ccc(Cl)cc3)n2)n[nH]c1=O,0.7165,2.4198,-5.89,-8.75
CC(C)[NH+](C)CCNC(=O)[C@H]1CCC[NH2+][C@H]1C,0.5345,5.6482,-5.17,-6.72
CCn1nnc(-c2cccc(OC)c2)n1,0.7573,2.0146,-5.4,-6.24
Cc1cc(Oc2ncccc2C#N)ccc1NC(=O)CCCn1ccnn1,0.6923,2.4913,-5.91,-8.8
O=C(COc1cccc2ccccc12)NNC(=O)c1ccc(F)cc1,0.719,1.7518,-6.35,-9.21
Cc1cc(Cl)cc2s/c(=N/C(=O)CCS(=O)(=O)c3ccc(F)cc3)n(C)c12,0.598,2.5651,-6.41,-8.9
O=C1NC2(CCN(S(=O)(=O)c3ccc(F)c(Cl)c3)CC2)N=C1c1ccc(F)cc1,0.7983,3.0033,-6.55,-8.37
O=C(NC[C@@H](c1ccccc1)c1c[nH]c2ccccc12)[C@@H]1CC(=O)N(Cc2ccco2)C1,0.4669,3.0856,-7.07,-9.49
CC[NH+]1CCCC[C@@H]1C(=O)N1CCOc2ccc([C@H](O)C3CCCCC3)cc2C1,0.815,4.3211,-6.29,-8.9
CC[C@@H](C)C[C@@H](C)NC(=O)N1CCC([C@@H](C)O)CC1,0.8066,3.3307,-5.61,-7.72
CN1CCN(Cc2cc(NN)cc[nH+]2)C(C)(C)C1=O,0.5874,4.1134,-5.64,-7.14
CN(C(=O)Cc1ccccc1F)C1CCC(=O)CC1,0.8391,2.2108,-5.84,-7.7
O=C(NC[C@H](O)c1ccco1)c1ccc(SC(F)F)cc1,0.8047,2.7254,-5.63,-7.73
COc1cccc2c1OCC(C(=O)Nc1c(C)cnn1-c1ccccc1)=C2,0.771,2.5389,-6.3,-8.43
Fc1ccccc1-c1nnc(SC[C@@H]2COc3ccccc3O2)n1C1CC1,0.6132,2.8317,-6.11,-9.0
CCCc1nc(-c2ccc3c(c2)nnn3CC[NH+]2CCCCC2)no1,0.7354,3.5774,-6.02,-8.6
CCOc1ccc(NS(=O)(=O)c2ccc3c(c2)NC(=O)[C@@H](C)S3)cc1,0.8337,2.6659,-6.06,-8.35
COCCNC(=O)NC(=O)CN1CCCc2c(C(=O)NC(C)C)cccc21,0.6179,2.3494,-5.84,-7.94
COC(=O)c1c(NC(=O)c2cccs2)sc(Cc2ccccc2)c1C,0.6587,2.1837,-6.25,-8.78
C=CCN(Cc1cccc(C#N)c1)C(=O)CS[C@H]1CCS(=O)(=O)C1,0.6916,3.1842,-5.73,-7.44
CCCCN(c1nc2nc(C)c(Cl)c(C)n2n1)S(=O)(=O)c1ccc(C)cc1,0.6219,2.6369,-6.18,-8.28
Cc1cc(=O)oc2cc(OCC(=O)NCc3ccc(F)cc3)ccc12,0.7247,1.9444,-6.26,-9.18
Cc1ccc2nc(CCl)n([C@H]3CCC(=O)N(C)C3)c2c1,0.7981,3.0003,-6.02,-7.71
CCc1ccc(C(=O)N2CCN(Cc3nc(-c4ccccc4)no3)CC2)cc1,0.684,1.9361,-5.77,-9.06
CC(C)[C@@H](CO)NC(=O)C(=O)Nc1ccc2c(c1)CCC2,0.7302,2.6627,-5.94,-8.48
OCCc1cn(C2CC[NH+](Cc3ccc4occc4c3)CC2)nn1,0.7329,3.8017,-6.08,-9.02
Cc1noc(-c2cccnc2N2CCC[C@@H](NC(=O)C(C)C)C2)n1,0.9254,2.8794,-6.02,-7.78
CC(=O)c1ccc(NC(=O)[C@@H]2CCO[C@@H]2C)cc1,0.8334,2.8422,-5.47,-7.37
Cc1ccc(CN2C[C@H](C(=O)N[C@H](c3ccccn3)C(C)C)CC2=O)cc1,0.8547,2.9424,-6.29,-8.61
COC(=O)c1ccc(CO/N=C(/N)c2ccc(C#N)cn2)cc1F,0.3871,2.5212,-5.76,-7.91
CCc1nc2n(n1)CCC[C@H]2NC(=O)N1CC[C@@H](Cc2cnn(C)c2)C1,0.9027,3.6536,-5.98,-8.67
CCOC(=O)C(=O)N1CCC(Cn2cnc3cc(C)c(C)cc32)CC1,0.6342,2.4559,-6.0,-8.39
O=C(C1CCC1)N1CCC(C(=O)N2CC(c3ccccn3)C2)CC1,0.8536,2.2472,-6.05,-8.53
Cc1ccc(N)c(C)c1OC[C@@H]1CSc2ccccc21,0.8603,3.0156,-5.87,-7.4
O=C(NC(=S)Nc1ccc(NC(=O)c2ccco2)c(Cl)c1)c1ccc(Br)cc1,0.4558,2.0723,-6.26,-8.91
Cc1cnn(CCC(=O)Nc2nc(C(C)C)cs2)c1,0.9145,2.3996,-5.32,-7.75
O=C(Nc1nc(-c2ccc(Cl)s2)cs1)[C@H]1CCCO1,0.9406,2.8231,-5.79,-8.04
CC(=O)CCc1ccc(OC(=O)c2scnc2C2CC2)cc1,0.6014,2.4682,-5.69,-7.42
O=C(Nc1nc(-c2ccccc2)cs1)c1ccc(-c2ccccc2F)o1,0.5229,1.9849,-6.51,-9.63
O=[N+]([O-])c1cc(C(F)(F)F)cc([N+](=O)[O-])c1NCCc1ccc(Cl)cc1,0.5632,2.3175,-6.1,-8.76
C[NH2+][C@]1(C(=O)[O-])CCCCC1(C)C,0.6163,4.7976,-5.05,-5.86
Cc1cc(Cl)ccc1OCc1nnc(S[C@H](C)C(=O)N(C)C)n1C1CCCCC1,0.5779,2.8582,-6.09,-8.1
COc1ccc(CN2C(=O)/C(=C/c3ccsc3)c3ccccc3C2=O)cc1,0.4989,2.1712,-6.21,-9.27
Cn1cc(Br)cc1C(=O)NNC(=O)Cc1cccc(F)c1,0.8278,2.1769,-5.84,-8.58
Clc1cccc2c1OCC[C@@H]2NCc1cnc(-c2ccccn2)s1,0.7478,3.0187,-6.14,-8.23
COC(=O)c1ccc(OC(=O)[C@@H]2[C@H](C=C(C)C)C2(C)C)c(OC)c1,0.468,3.0813,-5.59,-7.22
CC[C@H]1CN(C(=O)CCCc2nc(C)no2)CC[C@@H]1c1ccccc1,0.8029,3.0762,-6.04,-8.45
Cc1noc(C)c1CCC(=O)N[C@@H]1CC[NH+](Cc2ccccc2)[C@H](C)C1,0.832,4.159,-6.13,-8.59
CC(C)[NH+]1CCC(CNC(=O)CSCc2ccccc2)CC1,0.802,3.2356,-5.64,-8.22
Cc1c(C(=O)N(CC(N)=O)CC(N)=O)cnn1C(C)C,0.7067,2.6286,-5.38,-6.63
CCC1(C(=O)N2CC[C@@H](Oc3ccc(C(F)(F)F)cn3)C2)CCC1,0.8386,3.0756,-5.87,-8.47
Cc1nc(C)c(C(=O)Oc2ccccc2C(=O)NCc2ccccc2)s1,0.5491,1.9542,-6.25,-9.18
C[NH+](Cc1cnc(-c2cccnc2)s1)C(C)(C)CO,0.8574,4.0043,-5.42,-7.23
CCC1(CC)C[NH+]([C@H](C)CCC(=O)[O-])C1,0.6529,5.071,-5.02,-5.79
O=C(CNC(=O)c1ccccc1Cl)Nc1ccc(N2CCN(Cc3ccccc3)CC2)cc1,0.5561,1.8967,-6.5,-8.79
CCCCN(C)c1ccc([N+](=O)[O-])c(C(=O)[O-])c1,0.5596,2.6998,-5.28,-6.2
COC(=O)c1ccc(/C=C/C(=O)NCc2ccnc(OC)c2)cc1,0.6503,2.0623,-5.8,-8.45
COc1ccc(NC(=O)c2ccccc2)c2nc3ccccc3nc12,0.5761,1.8968,-6.49,-9.05
O=C([O-])[C@@H](Cc1ccccc1)N1C(=O)/C(=C/c2ccc3ncccc3c2)SC1=S,0.4678,3.0665,-6.34,-8.37
CCc1n[nH]c([C@@H]2CN(Cc3cn4c(C)cc(C)nc4n3)CCO2)n1,0.7759,3.556,-6.11,-8.88
Cc1cccc(N2CCN(C(=O)c3sc(Cc4ccc(F)cc4)nc3C)CC2)c1,0.6387,2.1588,-6.04,-9.11
O=C(CSc1nc2ncccn2n1)N1CCC[C@H]2CCCC[C@@H]21,0.8082,3.291,-5.9,-8.23
CC(C)(C)c1nc(CN2CCN(C(=O)C3CC=CC3)CC2)cs1,0.7979,2.6149,-5.77,-7.8
O=C(Nc1ccccc1C(=O)[O-])c1ccc(C(=O)Nc2ccccc2C(=O)[O-])cc1,0.6286,2.3188,-6.5,-8.71
CN(CC(C)(C)O)S(=O)(=O)c1cc(Cl)cc(C(=O)[O-])c1Cl,0.8406,3.1065,-5.69,-7.48
CCN1CCC(CNC(=O)[C@H](c2ccc(F)cc2)N(C)C)([NH+](C)C)CC1,0.7412,3.7305,-5.78,-8.4
COc1ccc(CN(C)C(=O)CCC(C)(C)C)cc1,0.8137,1.891,-5.38,-6.74
Cn1c(=O)[nH]c(=O)c2c1nc(NC1CCCC1)n2CC(=O)[O-],0.71,2.9605,-5.91,-8.66
CC1CCC(C(=O)C2([NH+](C)C)CCCCCC2)CC1,0.7792,3.5024,-5.62,-7.61
CC(C)OC[C@@H]([NH3+])[C@H]1CCc2ccccc2C1,0.8475,3.6291,-5.53,-7.7
Cc1c(C(=O)NCc2ccc(F)cc2)cnn1C(C)C,0.9323,2.0265,-5.71,-8.03
O=C(NCCc1ccccn1)Nc1cccc(C(=O)N2CCSCC2)c1,0.8485,2.1601,-6.1,-8.67
CC[C@@]1(c2ccc(Cl)cc2)NC(=O)N(CN(C)Cc2c(C)noc2C)C1=O,0.7661,3.0472,-5.96,-8.45
Cn1cc(S(=O)(=O)N2CCc3ccccc3[C@H]2Cc2ccccc2)cn1,0.7124,2.7342,-6.28,-8.72
Cc1onc(-c2ccccc2)c1-c1nnc(CN2Cc3ccccc3C[C@H]2C(N)=O)o1,0.533,3.0003,-6.55,-9.47
Cc1cc(Br)oc1C(=O)O[C@H](C)[C@@H]1CCOC1,0.8056,3.6589,-5.43,-6.92
Cc1cccc(N2CCN(C(=O)[C@@H]3CC(=O)N(c4ccc(F)c(Cl)c4)C3)CC2)c1C,0.7451,2.6596,-6.28,-8.18
COc1cc(Cl)c(C)cc1NC(=O)C[C@H]1S/C(=N\N=C(/C)c2ccc(F)cc2)NC1=O,0.4982,3.3055,-6.39,-8.61
CC(C)[NH2+]Cc1ccc(O[C@@H](C)C(N)=O)cc1,0.7522,3.4734,-5.25,-6.44
CCc1ccsc1CNC(=O)[C@H](NC(=O)c1ccco1)C(C)C,0.8176,2.8876,-5.7,-7.7
O=C(NCCc1ccc2c(c1)OCO2)NC[C@H]1CCCO1,0.8613,2.5586,-5.71,-8.01
Cc1cc2ncc([C@@H](C)[NH2+][C@H]3CCc4c(O)cccc43)c(C)n2n1,0.7774,4.1946,-6.33,-8.94
CC(C)(CNC(=O)/C=C/C1CC1)c1ccccc1Cl,0.8172,2.473,-5.5,-7.61
Oc1ccc(/C=N/N2[C@H]([C@H]3C=C(c4ccccc4)N=N3)N=N[C@@H]2S)cc1,0.6366,4.4294,-6.07,-8.12
CCOC[C@@H]1CCCN(CN2C(=O)C(=O)c3cccc(F)c32)C1,0.7794,2.9291,-6.0,-7.54
C[C@H]([NH2+]Cc1cccc(C#N)c1)c1ccc(F)cc1F,0.9137,3.4814,-5.75,-7.96
Cc1cc(Br)cc(N)c1OCC(=O)OC(C)C,0.6859,2.285,-5.37,-6.58
CCc1ccc(-c2noc(C[NH3+])n2)cc1,0.8119,2.6036,-5.4,-6.58
Cc1nnc(NC(=O)c2ccc(S(C)(=O)=O)cc2)s1,0.9271,1.904,-5.68,-7.8
CC[S@](=O)[C@H]1CCCC[C@@H]1NC(=O)NC[C@H](O)c1ccco1,0.7409,3.9319,-5.79,-7.6
c1ncc(CS[C@@H]2CCC[NH2+]C2)s1,0.8181,4.9667,-4.91,-5.95
COc1cc(C=O)ccc1OCc1ccc(SC(F)F)cc1,0.5584,2.0801,-5.57,-8.25
OCC[C@H](Nc1ncccc1Cl)c1cccs1,0.8743,2.839,-5.25,-7.19
O=[N+]([O-])c1ccccc1SN1CCN(Cc2ccccc2)CC1,0.4778,2.2914,-5.86,-8.28
CCC1(CC)[C@@H](OC)[C@H](C)[C@H]1NC(=O)c1cnn(C(C)C)c1C(F)(F)F,0.816,4.1232,-5.61,-7.48
CCN(C(=O)[C@H](C)N[C@@H](C)c1ccc2c(c1)OCCO2)c1ccccc1,0.8619,2.9621,-6.12,-8.42
Cc1ccc(CNC(=O)C2CCN(S(=O)(=O)c3ccc4c(c3)sc(=O)n4C)CC2)cc1,0.6353,2.2924,-6.5,-9.36
C[C@@H](NC(=O)c1ccc(OC[C@@H]2CCCO2)cc1)c1nc2ccccc2[nH]1,0.6996,2.8236,-6.22,-8.8
O=C(CCN1C(=O)[C@@H]2CC=CC[C@H]2C1=O)Nc1cc(C(F)(F)F)ccc1-n1cncn1,0.5776,3.3684,-6.35,-9.04
CC(C)[C@@H]1N=N[C@H](NC(=O)CSC2[NH+]=c3ccccc3=[NH+]2)S1,0.5651,5.6214,-5.56,-7.21
Cc1noc(-c2ccc(C(=O)Nc3cccn(C)c3=O)cc2)n1,0.7988,2.1252,-6.12,-8.86
C[C@H]1[C@@H]([NH3+])CCN([C@@H]2CC[NH+]3CCCC[C@H]23)[C@H]1C,0.6515,6.2684,-5.36,-6.84
Cc1cc(F)ccc1CCN1CC[C@H](C)[NH2+]C[C@H](C)C1,0.8966,3.8723,-5.58,-7.57
CC(C)Oc1ccc([C@H](C)NC(=O)N2CCCN(c3nccs3)CC2)cc1,0.8436,2.6992,-6.2,-7.68
Cc1nc2ccccc2n1Cc1[nH]nc([S-])[nH+]1,0.6804,3.7596,-5.35,-7.63
CCS(=O)(=O)[N-]c1ccc(C(=O)/C=C/c2ccc(C)c(F)c2)cc1,0.5756,3.1204,-5.96,-9.27
CCCN1CCO[C@H]([C@H]([NH2+]C)c2ccc(F)c(F)c2)C1,0.8836,3.8981,-5.58,-7.09
CC(C)CN1C[C@@H](C(=O)NCC2(O)CCOCC2)CC1=O,0.7571,3.0597,-5.67,-8.19
CCN(Cc1cnn(C)c1)C(=O)CCNC(=O)NC1CCCCC1,0.7972,2.3202,-5.62,-7.97
O=C(CSc1cccc(Br)c1)NC1CC1,0.8623,1.8965,-5.31,-7.32
COc1cc(OC)nc(C2CCN(C(=O)CCC(=O)N3CCN(c4cccc[nH+]4)CC3)CC2)n1,0.5993,3.3156,-5.96,-9.0
C[C@@H](C(=O)N1CCOCC1)[NH+](C)CC(=O)Nc1cccc2ccccc12,0.822,3.549,-6.23,-8.86
CC[NH+]1CCN([C@@H](C)CNC(=O)/C=C/c2c(C)nn(C)c2Cl)CC1,0.7135,4.2018,-5.75,-8.02
CCn1cc(C(=O)Nc2ccc(O)cc2C)c(=O)c2ccc(C)nc21,0.7197,2.2334,-5.81,-8.84
CCC[NH2+][C@H](C)C(C)(C)C[NH+]1CCC[C@@H]1C1CCCC1,0.7079,5.5915,-5.47,-7.08
COc1cccc(CC(=O)Nc2cc(S(=O)(=O)N3CCOCC3)ccc2N2CC[NH+](C)CC2)c1,0.5788,3.0345,-6.09,-9.11
CCn1cc([C@@H]2CC(=O)N[C@H]3C2=C(C)NN3C2[NH+]=c3ccccc3=[NH+]2)cn1,0.4512,5.214,-6.34,-8.84
CC(=O)NC(C)(C)c1noc(COc2ccccc2C(C)(C)C)n1,0.9092,2.4921,-5.85,-8.49
COc1ccc([C@H]2[NH+]=C3CCCCN3C2=[NH2+])cc1,0.6928,4.1353,-5.46,-6.87
C[C@@H]([NH2+]CCCNC(=O)C1CCC1)C1CCCC1,0.6626,3.5783,-5.3,-6.8
Cc1c(-c2nn3c(CC(C)C)nnc3s2)cnn1Cc1ccccc1,0.5505,2.5612,-6.31,-8.96
COc1ccc([C@@H](O)[C@@H](C)CC(=O)[O-])c2ccccc12,0.8991,3.2443,-5.76,-7.78
O=C(Nc1ccn(-c2ncccc2Cl)n1)C1=CCCC1,0.9444,2.6298,-5.82,-7.93
Cc1c(NC(=O)C(=O)N[C@@H](C)CCC(C)C)cccc1C(N)=O,0.6986,2.5533,-5.7,-7.94
CCCn1nccc1/C=C/CC[NH2+]C,0.6705,3.9589,-4.96,-5.92
CCc1c([O-])nc(SCC(=O)NC23CC4CC(CC(C4)C2)C3)n(-c2ccc(F)cc2)c1=O,0.5329,4.0285,-6.33,-9.32
CC(C)Oc1ccc(S(=O)(=O)NC[C@H]2CCO[C@H]2C(C)C)cc1,0.8281,3.2117,-5.58,-7.72
COc1ccc(C[C@@H](C)CN(C)c2cn[nH]c(=O)c2Cl)cc1,0.8885,2.9327,-5.81,-8.04
CCN1C(=O)/C(=c2\sc3nc(-c4cccnc4)nn3c2=O)c2cc(Br)ccc21,0.4645,2.6937,-6.52,-9.05
CC/[NH+]=C(/NCC1(O)CCOCC1)N1CC[C@H]([NH+]2CCCC2)C1,0.3361,5.2385,-5.72,-8.8
Cc1cccc(N(C)C(=O)C2CCN(C(=O)N(C)C)CC2)c1,0.8416,2.184,-5.78,-8.23
C[C@H](C(=O)NCc1ccccc1)N1CCN(Cc2ccc(Cl)cc2)CC1,0.8468,2.1791,-6.13,-8.6
COCCn1nnnc1[C@@H](c1cc2cc(C)cc(C)c2[nH]c1=O)N1CCc2ccccc21,0.506,3.1714,-6.59,-9.01
CC[C@@H](Sc1nc(N)cc(N)n1)C(=O)N[C@H](C)c1ccccc1,0.554,3.0525,-5.85,-8.52
CSCCCNc1ncnc(OC(C)C)c1N,0.727,2.5837,-5.25,-6.65
CC[C@@H](NC(=O)N1CCN(C(=O)C2CCCCC2)CC1)c1ccc(OC)cc1,0.84,2.5134,-6.15,-8.57
CCOc1ccc(CC(=O)N2CC[C@@H](C)C[C@@H]2C)cc1,0.8437,2.6565,-5.6,-7.89
