SMILES,QED,SAScore,EGFR_Docking,HER2_Docking
CCN(CCN1CCCc2ccccc21)[C@@H]1CCS(=O)(=O)C1,0.8307,2.8778,-5.92,-7.63
Cc1nc([C@H]2CCCCN2C(=O)Cc2ccccn2)ncc1C(=O)N1CCCCC1,0.7781,2.9349,-6.29,-8.71
CN1C(=O)C[C@H](NC(=O)NC[C@H](O)c2ccco2)[C@@H]1c1ccc(Cl)cc1,0.7443,3.5554,-6.27,-8.24
NC(=O)[C@H]1COCCN1C(=O)c1cnn(Cc2ccccc2Cl)c1,0.8888,2.8281,-6.1,-8.22
CCC[C@@H](CC)[NH2+][C@H]1CCc2cc(N)ccc21,0.7535,4.2894,-5.5,-7.45
CCN(CC)S(=O)(=O)c1ccc(NC(=O)C2CCCC2)cc1,0.8748,1.8347,-5.8,-8.04
N#Cc1ccc(Oc2ccnc(-c3ccccc3)n2)c(Cl)c1,0.7164,2.0921,-6.14,-8.46
CCc1onc(C)c1NC(=O)c1cc(=O)[nH]c2cc(F)ccc12,0.7777,2.5439,-6.35,-8.58
O=C([O-])CC1C[C@@H]2CC[C@H](C1)N2C(=O)c1ccc(Cl)s1,0.8565,4.5872,-5.39,-7.51
Cc1nc(-c2ccccc2)sc1C(=O)NNC(=O)NC(Cl)=C(Cl)Cl,0.5347,2.6525,-6.26,-8.57
CC(C)c1cc(C(=O)Nc2ccc(C[NH+]3CCCC3)cc2)n[nH]1,0.7901,3.5048,-5.98,-8.55
C[C@@H]1CC[C@@H](NC(=O)OC(C)(C)C)C[NH2+]1,0.6737,4.2526,-5.23,-6.4
CCc1n[nH]c(C(=O)Nc2cc(C(=O)[O-])ccc2Cl)n1,0.8589,2.8791,-5.82,-8.42
CC(C)(C)c1ccc(-n2ncc3c2CCC[C@H]3NC(=O)CCc2ccccn2)cc1,0.6734,2.86,-6.37,-8.63
CC(C)N(Cc1cccs1)C(=O)NCc1ccccc1,0.8897,1.962,-5.57,-6.8
C[C@H](Oc1ccc(C#N)cc1)C(=O)Nc1ccc2c(c1)OC1(CCCC1)O2,0.8866,3.2248,-6.13,-8.68
CCCN(C(=O)Nc1ncnn1C)[C@H]1C[C@@H](OCC)C1(C)C,0.8746,3.9603,-5.55,-7.64
C[C@@H]1CCCC[C@@]12NC(=O)N(Cc1ccccc1C(F)(F)F)C2=O,0.8347,3.4942,-6.26,-8.34
Cc1cccc(CNC(=O)C(=O)Nc2ccc(NC(=O)C3CC3)nc2)c1,0.7166,2.0321,-5.85,-9.51
CCc1ccccc1OCC[NH+]1CCC(c2nnc3ccccn23)CC1,0.7399,3.3952,-6.1,-8.73
Cn1cc([C@@H]2SCC(O)=Nc3c2cnn3C(C)(C)C)cn1,0.8794,4.1253,-5.86,-7.39
C=CCNC(=O)CSc1ccc(-c2sc(-c3cccs3)nc2C)nn1,0.4888,2.7199,-5.98,-8.61
CS(=O)(=O)[N-]c1ccc(O)c(C(=O)N2CCC[C@H]3CCC[C@H]32)c1,0.9182,3.9147,-6.06,-7.7
NC(=O)[C@H]1COCCN1C(=O)Cc1csc(-c2cccc(F)c2)n1,0.8988,2.8601,-6.03,-7.99
CSc1ccc(NC(=O)c2ccc(C)[nH]c2=O)cc1,0.8458,2.0286,-5.99,-7.62
CCOC(=O)c1nnc2ccccc2c1N1CC[NH+](C(C)C)CC1,0.8455,3.4922,-5.9,-8.24
Cn1ncc2c(NCc3ccco3)nc(CCc3ccccc3)nc21,0.5859,2.3255,-6.13,-9.23
CCN1CCN(C2=NC(=O)/C(=C/c3ccc(N(C)C)cc3)S2)CC1,0.7874,2.3374,-5.82,-7.52
CCC(CC)[C@H]([NH3+])c1cc(F)c(F)c(F)c1,0.773,3.5845,-5.27,-6.59
CN(C)c1ccc(/C=C2\C(=N)N3N=C(C(F)(F)F)SC3=NC2=O)cc1,0.8161,2.8934,-5.98,-7.68
COc1ccc(/C=C2\NC(=O)N(CC(=O)Nc3ccccc3C(F)(F)F)C2=O)cc1,0.5755,2.2631,-6.26,-9.01
Cc1occc1C(=O)Nc1nc(CC(=O)OCC2CCCCC2)cs1,0.7867,2.3893,-5.92,-8.33
Cc1nc2nc(N)nn2c(C)c1CCC(=O)N[C@@H](C)c1ccc(F)cc1F,0.7146,2.9558,-6.29,-8.92
CN1CCN(C)C1=NSc1ccccc1[N+](=O)[O-],0.4743,3.0974,-5.64,-6.87
NC(=O)c1cc(-c2csc(NC(=O)Cc3cccs3)n2)c[nH]1,0.6688,2.4895,-5.94,-8.77
CN1C[C@H](NC(=O)/C=C/c2cnc(C(C)(C)C)s2)CCC1=O,0.8682,3.3403,-5.81,-7.65
Cc1ccccc1O[C@H](C)CNC(=O)NC[C@@H]1CCC[C@H](O)C1,0.7544,3.1544,-5.84,-8.27
O=C(C[NH+]1CCc2sccc2C1)N[C@@H]1CCC[C@H]1Oc1ccccc1,0.857,4.2928,-6.25,-7.85
C[C@@H](C1CC1)N(C)C(=O)NC[C@H](c1cccc(F)c1)[NH+](C)C,0.8199,4.0551,-5.72,-8.36
O=C(c1ccc(F)cc1)[C@H]1CCCN(C(=O)CCCn2ccnn2)C1,0.7544,2.7629,-6.0,-8.8
Cc1cccc([C@H](C)NC(=O)[C@H]2COCCO2)c1C,0.9057,3.0488,-4.95,-7.44
Cc1ccccc1-c1cc(N(C)C(=O)c2n[nH]c(=O)[nH]2)n[nH]1,0.6714,3.0287,-6.23,-9.08
C[C@@H]1C(=O)CCN(c2ccc(F)cc2F)[C@H]1C,0.7507,3.1573,-5.65,-7.04
CCNC(=O)NC(=O)C[NH+](CC)[C@H](C)c1cccc(O)c1,0.6049,4.016,-5.56,-7.33
C[NH2+][C@@H](C)c1cc(F)ccc1OC[C@H](O)c1ccccc1,0.8564,3.4389,-5.79,-8.24
O=C(NCc1cc(F)ccc1Br)NC[C@H](O)c1ccco1,0.7704,2.7393,-5.94,-8.35
COc1ccc(CNS(=O)(=O)c2c[nH]nc2N)cc1,0.7384,2.4779,-5.75,-7.49
C[C@H]1Cc2ccccc2N1C(=O)CNCC[NH+](C)C,0.7149,3.6793,-5.7,-7.44
C[C@H]([NH2+][C@H](C)c1ccccc1)c1ccc(N2CCCS2(=O)=O)cc1,0.9055,3.7148,-6.15,-8.24
c1ccc(-c2nc(SCc3cn4cccnc4n3)oc2-c2ccccc2)cc1,0.3827,2.4537,-6.33,-8.87
CC(C)n1cc(S(=O)(=O)[N-]c2ccccc2F)c2cccnc21,0.7206,3.3231,-6.14,-8.6
O=C([O-])[C@H]1CCCN1C(=S)Nc1ccccc1,0.7778,2.8643,-5.47,-7.05
Cc1cc(C(=O)N[C@@H]2CC2(C)C)sc1/C=C/C(=O)[O-],0.8452,3.7969,-5.46,-7.61
CCc1n[n-]c([S@@](=O)CC(=O)Nc2c(Cl)cccc2Cl)n1,0.8955,3.9296,-5.77,-8.24
O=C(CCCOc1ccccc1)Nc1ccc(N2CCOCC2)cc1,0.7858,1.7538,-5.94,-8.5
COc1ccc(Cl)cc1CNC(=O)C[NH+]1CCC(NC(N)=O)CC1,0.5627,3.4077,-5.69,-7.5
CC(C)CC[C@H](C)[NH2+]CC(=O)Nc1ccc(Cl)cc1,0.7939,3.3281,-5.29,-7.11
CNC(=O)c1ccc(Cl)c(NC(=O)C[C@H](C)c2cccc(OC)c2)c1,0.822,2.3777,-6.12,-8.91
CC[NH+](CC)C[C@@H](C)NC(=O)[C@@H]1CCC[NH2+][C@@H]1C,0.5487,5.6944,-5.42,-7.04
CC[C@@H](C[NH3+])[C@@H](O)c1csc(I)c1,0.8163,4.8671,-5.35,-6.71
Fc1cccc([C@H]2Nc3c(F)cc(F)cc3[C@@H]3C=CC[C@@H]23)c1,0.7364,3.4642,-6.09,-8.21
CCOc1ccc(NC(=O)CSc2ccc(Br)cn2)cc1,0.7853,1.8843,-5.63,-8.27
O=C(Nc1ccccc1C(=O)N1CCOCC1)c1ccc(OC[C@@H]2CCCO2)cc1,0.7924,2.4791,-6.21,-8.61
CC[C@H](C)[NH2+]CCNS(=O)(=O)c1ccc(C)s1,0.7206,3.96,-5.27,-6.61
Cc1ccc([C@@H](C)CNC(=O)N(C)Cc2nnc(C)n2C)cc1,0.9212,2.7924,-5.71,-8.22
O=C(NCc1ccc(Cl)cc1)Nc1cc(N2CCN(c3ccccc3)CC2)ncn1,0.6542,2.0967,-6.56,-9.28
Cc1ccc([C@H](NC(=O)CCc2nc(=O)c3c4c(sc3[nH]2)CCC4)c2cccs2)cc1,0.4487,3.1564,-6.62,-9.5
Cc1cc(NC(=O)CSCC(=O)N[C@@H](C)C(C)C)no1,0.802,2.7514,-5.27,-7.36
C1C[C@H]2CO[C@H](c3noc(C[C@@H]4C[NH2+]CCO4)n3)CN2C1,0.7794,4.8232,-5.48,-7.67
Cc1ccc2c(c1)cc(CN(C[C@H]1CCCO1)C(=O)N(C)C)c1nnnn12,0.706,3.2092,-5.91,-8.42
CCOc1ccc([C@H](C)NC(=O)[C@H]2Cc3ccccc3CN2C(C)=O)cc1,0.8838,2.8046,-6.27,-8.61
COc1ccc(NC(=O)N2CCOCC2)cc1,0.8474,1.614,-5.34,-6.87
COCCC(=O)NC[C@@H]1CC[C@@H](C(=O)[O-])O1,0.5957,3.617,-5.26,-6.63
O=C(NCc1ccc(N2CCCC2)[nH+]c1)Nc1nnc(C2CC2)s1,0.8695,3.2845,-5.88,-8.29
O=C(c1ccc(NCc2ccccc2)nc1)N1CCCN(c2ncccn2)CC1,0.7245,2.1392,-6.47,-8.89
COc1ccc(Br)cc1NC(=O)C(=O)N1CCC(C)CC1,0.8302,2.0497,-5.55,-7.69
COc1ccc(S(=O)(=O)N2CCCC[C@@H]2C(=O)[O-])cc1C,0.7977,2.8383,-5.73,-7.2
COc1nc(Cl)nc(N[C@H]2CCCCC[C@@H]2C(=O)[O-])n1,0.8144,3.6247,-5.5,-7.94
CC1(C)Cc2nc(C(C)(C)C)ncc2[C@@H](NS(=O)(=O)c2ccccc2)C1,0.8889,3.0496,-6.24,-8.43
Cc1cc(C(F)(F)F)c(C#N)c(SCCN2C(=O)CNC2=O)n1,0.6662,2.8257,-5.91,-7.54
CC[C@@H](C)CN(C)c1cccc(F)c1C(N)=[NH2+],0.5879,3.4692,-5.27,-6.19
CSc1cccc(N(C)C(=O)[C@@]23CC[C@@H](C[C@@H]2Br)C3)c1,0.595,4.667,-5.64,-7.51
O=[N+]([O-])c1cccc(-c2nc3nc4ccccc4nc3n2-c2ccc3c(c2)OCCO3)c1,0.3131,2.5171,-6.77,-10.12
O=C([O-])C1CCN(C(=O)CSCc2ccccc2)CC1,0.8091,2.3274,-5.73,-7.84
O=C(NCc1nnc2n1CCC2)C1=NN(c2ccccc2)C(=O)CC1,0.9008,2.5101,-6.29,-8.79
CC(C)CNC(=O)[C@H]1CCC(=O)N(C)[C@@H]1c1cccs1,0.9269,3.1869,-5.63,-7.61
C[C@@H]1CN(c2ccccc2NC(=O)CCOc2cccc(C=O)c2)C[C@@H](C)O1,0.7424,2.9374,-6.13,-8.9
C[C@@H]1C[NH+]=C(N2CCN(Cc3cnnn3C)CC2)S1,0.7153,4.3479,-5.4,-7.19
C[C@H]1C[C@](O)([C@@H]2CCC[C@H](S(C)(=O)=O)C2)CCO1,0.8303,4.2781,-5.56,-7.49
CSC[C@H](C)N(C)C(=O)N[C@@H]1CC[C@H](C)C[C@H]1C,0.8521,3.8568,-5.09,-7.73
CC(=O)Nc1ccc(C)c(NC(=O)NC[C@@H]2CCC[NH+]2CC2CCCCC2)c1,0.6059,3.9332,-6.23,-8.73
Cc1c(F)cccc1NC(=O)NCc1[nH+]ccn1CCc1ccccc1,0.7017,2.9469,-6.51,-9.11
Cc1cccc([C@@H]2CCCCN2C(=O)NCCNC(=O)C(C)C)c1C,0.8044,2.6742,-6.12,-8.15
CCC(=O)CCc1ccc(F)cc1Br,0.8083,2.0978,-5.04,-5.4
C[C@@H](Nc1nc2ccc(Br)cn2n1)c1nncn1C,0.7958,3.3099,-5.88,-8.47
COc1cc(C(=O)N(C[C@H]2CCCO2)c2nc3ccccc3s2)c([N+](=O)[O-])cc1OC,0.4007,2.8587,-6.53,-7.96
O=C(Nc1cccnc1-n1cccn1)c1ccc(-c2cscn2)cc1,0.6116,2.3373,-6.32,-8.65
COCC[C@H](N[C@@H](C)c1scnc1C)c1ccc(Cl)cc1,0.8119,3.1618,-5.6,-7.73
N#Cc1cccnc1N1CC[NH+](Cc2nc(=O)c3c(-c4cccs4)csc3[nH]2)CC1,0.5109,3.8598,-6.59,-8.52
Cc1cccc(NC(=S)NC(=O)c2cccs2)n1,0.8285,2.1583,-5.63,-7.63
CCc1nn(C)cc1NC(=O)C(=O)N1CCN([C@@H](CC)CO)CC1,0.7286,3.2449,-5.71,-7.81
CCC(CC)S(=O)(=O)/N=C(\[O-])c1ccc2ccccc2c1,0.6291,2.9762,-5.95,-8.86
Cc1ncn(C[C@H](C)[NH2+]CCc2c[nH]c3ccc(F)cc23)c1C,0.7205,3.7745,-5.98,-8.24
Cc1nccn1CC[NH+]1CCN(Cc2cc(F)ccc2F)CC1,0.8842,3.5299,-5.91,-8.02
COc1cc(Cl)c(C)cc1NC(=O)CCCn1ccnn1,0.8905,2.2676,-5.56,-8.03
COc1ccc(F)cc1NC(=O)[C@H](c1ccccc1)N1CCCCC1=O,0.8916,2.4936,-6.37,-8.88
O=C1/C(=C\c2csc(-c3ccco3)n2)CN(CC2CC2)C/C1=C\c1csc(-c2ccco2)n1,0.3243,3.2379,-6.45,-9.53
C[C@H]1CCN(C(=O)Nc2cccc(Cl)c2-n2cccn2)C[C@H]1O,0.8868,3.1938,-5.95,-8.39
Cc1nn(C)c(C)c1C[C@@H](C)NC(=O)c1ccn(C(F)F)n1,0.9182,3.136,-5.71,-7.95
CCc1nc([C@H]2C[NH+](C)C[C@@H]2C(=O)N2CCNC(=O)C2)c(C)[nH]1,0.6317,4.7694,-5.87,-8.13
C[C@H](NS(=O)(=O)c1cccc(F)c1)C(=O)N1CCCC1,0.9057,2.3835,-5.87,-8.38
Cc1csc(C(C)(C)[NH2+]CC2CCN(C(=O)OC(C)(C)C)CC2)n1,0.9043,3.3065,-5.79,-7.93
CCN(Cc1nc2ccccc2c(=O)[nH]1)C(=O)c1ccc(CSc2ncn[nH]2)cc1,0.4452,2.5229,-6.62,-8.43
CC(C)OC[C@H](O)CC1(C(=O)[O-])CCCCC1,0.751,3.6032,-5.16,-6.65
CCOC(=O)c1c(C(=O)c2ccsc2)cnn1C,0.6247,2.5033,-5.32,-7.23
CCN(C(=O)c1csc2nc(-c3ccc(C(F)(F)F)cc3)cn12)[C@@H](C)CCO,0.6575,3.1815,-6.12,-8.73
O[C@@H]1C[C@H](CNCc2ccc(-n3cncn3)cc2)[NH+](Cc2ccccc2)C1,0.5736,4.1404,-6.06,-8.58
O=C1NN(c2cccc(Cl)c2)C(=O)/C1=C/c1ccc(O)c([N+](=O)[O-])c1,0.378,2.4301,-6.36,-8.68
C[C@H](C(=O)NCc1ccccc1)N1CCN(Cc2ccc(Cl)cc2)CC1,0.8468,2.1791,-6.13,-8.6
C[C@H](C1CC1)N(C(=O)NC[C@@H]1CN2CCCC[C@@H]2CO1)C1CC1,0.8443,3.7048,-5.79,-7.99
CC(C)CC[C@H]1CCC[C@H]1NC(=O)CSc1nnc([S-])s1,0.6077,3.8618,-5.51,-7.62
CCC(=O)Nc1ccc(NC(=O)N2CC[C@H](C)[C@@H](O)C2)cc1,0.801,2.7458,-5.64,-8.13
C[C@H](C(=O)NC1CCCC1)N1CCN(c2ccc(C(N)=O)nn2)CC1,0.7861,2.7265,-5.93,-8.15
CC(C)c1[nH+]ccn1[C@H]1C[C@@H](C(C)(C)C)CC[C@@H]1C#N,0.8048,4.8521,-5.54,-7.38
COc1cccc(-n2cc(C(=O)Nc3cccc(Cl)c3)c3ccccc3c2=O)c1,0.5256,1.9985,-6.65,-9.31
CCc1ccc(CCNC(=O)C(=O)Nc2cccc(SC)c2)cc1,0.6256,1.9221,-5.93,-9.17
Fc1ccccc1CNC(=S)N[C@H]1C[C@H]2CC[C@@H]1C2,0.8313,3.803,-5.67,-7.59
CN(C)C(=O)Cn1cc(NC(=O)NC[C@H](O)c2ccccc2F)cn1,0.7234,2.7944,-5.91,-8.69
S=c1n(C[NH+]2CCOCC2)nc(-c2ccccc2Cl)n1-c1ccccc1,0.699,3.347,-6.17,-7.56
CC(=O)C1=C(C)C(C(=O)NC[C@@H](c2cccs2)[NH+]2CCCC2)=N[C@@H]1C,0.804,4.8556,-5.88,-7.35
S=c1oc(-c2cccs2)nn1C[NH+]1CCCSCC1,0.8781,4.5657,-5.65,-6.99
CCCNC(=O)[C@H]1CCC[C@@H](C)[NH2+]1,0.6394,4.4114,-5.1,-5.97
CCCCN1C(=S)N[C@@H]2CS(=O)(=O)C[C@H]21,0.7202,3.7777,-5.27,-6.63
CCO[C@@H]1C[C@H](NC(=O)NNC(=O)c2ccc(C)o2)C12CCC2,0.7383,3.9397,-5.81,-7.88
CCN1CCO[C@H](c2noc(C[NH2+]C3CCCC3)n2)C1,0.8495,4.1588,-5.45,-7.29
CCc1ncsc1C(=O)N(C[C@H]1CCCCO1)C(C)C,0.8381,3.1766,-5.58,-7.14
CC(C)(C)[C@H]1CC[C@@H](C(=O)[O-])[C@H](Sc2ccncc2)C1,0.8593,3.9713,-5.64,-7.51
O=C(N[C@H]1CCN(c2c(F)cccc2F)C1)N1CCC(CO)CC1,0.8851,2.7811,-6.07,-8.42
CC(=O)Nc1ncc(S(=O)(=O)[N-]c2ccccc2)s1,0.9381,3.3242,-5.75,-7.57
O=C1c2ccccc2C(=O)N1CNc1cccc(Cl)c1Cl,0.8779,2.0609,-6.23,-8.28
CC(=O)NC[C@H]1CCCN(C(=O)[C@H](C)Oc2ccc(F)c(F)c2)C1,0.8931,2.8733,-5.76,-8.29
Cc1ccc(C(=O)C[C@]2(O)C(=O)N(C)c3ccc(Br)cc32)c(C)c1,0.8193,2.7768,-5.56,-8.56
O=C(NCc1ccco1)c1cc(=O)[nH]c2ccc(S(=O)(=O)N3CCCCC3)cc12,0.6635,2.3066,-6.47,-9.19
CCc1ccc([C@@H](C)NC(=O)Nc2cccc(OC[C@H]3CCCO3)c2)cc1,0.7453,2.7191,-6.23,-9.2
Clc1ccccc1[C@H](CNCc1nnnn1C1CC1)[NH+]1CCCC1,0.7891,4.1114,-5.96,-8.15
CC(C)(C)c1ccc([C@H](C#N)NC(=O)Cc2coc(-c3cccs3)n2)cc1,0.7012,3.0311,-6.16,-8.72
O=C(/C=C/c1csc(Br)c1)OCCNc1cccnn1,0.4909,2.7563,-5.78,-8.22
O=C1CCCC[C@H]1CN1CC[NH+](C[C@@H]2CCCCC2=O)CC1,0.8315,4.4675,-5.85,-7.04
COc1ccc(NC(=O)C2CCN(c3cc(-c4cccc(C)c4)ncn3)CC2)cc1Cl,0.6112,2.1856,-5.79,-8.86
C[C@@H]([NH2+][C@@H]1CCC[C@@H]1CNC(=O)OC(C)(C)C)c1nc2ccccc2n1C,0.8464,4.0597,-6.25,-8.38
CC1=C(CC(=O)Nc2ccc(NC(=O)c3ccc(C)o3)cc2)C(=O)N=N1,0.8578,2.5393,-6.11,-8.52
CCN1CCO[C@H](C[NH2+]C[C@@H]2COCCO2)C1,0.653,4.3612,-5.13,-6.47
C=C[C@H]1C[NH+]2CC[C@@H]1C[C@@H]2CNC(=O)C1CCCCC1,0.743,5.5206,-5.52,-7.86
Cn1cc(C(=O)N2C[C@@H](c3cc(C(F)F)[nH]n3)[C@H](c3ccccc3)C2)ccc1=O,0.7343,3.626,-6.55,-8.6
COC1CC[NH+](CC(=O)N(Cc2ccc(C)cc2)C2CC2)CC1,0.8548,3.387,-5.58,-7.18
Cc1cccc(NC(=O)CNC(=O)CN2C(=O)NC3(CCCCCC3)C2=O)c1C,0.6572,2.6964,-6.2,-8.2
COc1ccccc1NC(=O)C(=O)NC[C@@H](c1cccnc1)N1CCc2ccccc2C1,0.5878,2.7133,-6.45,-8.7
Cc1c(N)nnn1-c1ccccc1[N+](=O)[O-],0.6009,2.4429,-5.57,-6.73
Cc1ccc(C[S@](=O)Cc2ccc(C(=O)N[C@@H](C)C34CC5CC(CC(C5)C3)C4)o2)cc1,0.6307,4.5562,-6.23,-8.96
CN1[C@H]2CC[C@@H]1C[NH+](CC(=O)NCC(=O)c1ccccc1)CC2,0.736,4.9129,-5.74,-8.08
O=C([C@H]1CCCN(c2cnccn2)C1)N1CCN(Cc2ccc(-c3cccc(F)c3)s2)CC1,0.5721,2.9425,-6.4,-8.76
CSc1ccc(C(=O)Nc2ccc(CC(N)=S)cc2)cc1,0.6547,1.8858,-5.78,-8.13
O=C(Cc1cccc(F)c1)Nc1nc2ccccc2s1,0.7988,1.7526,-5.9,-8.76
C/C(=C\c1cc(Cl)ccc1OC(F)F)CO,0.8856,2.4534,-5.16,-5.79
COc1ccc2nc(SCC(=O)N[C@H]3CCCc4ccccc43)[nH]c2c1,0.6722,2.6375,-6.3,-9.62
COc1ccc(OCCS(=O)(=O)[N-]c2cccc(C#N)c2)cc1,0.7777,2.9566,-5.7,-8.05
N#CC1(NC(=O)COc2cccc(Cl)c2)CCCC1,0.9209,2.1941,-5.57,-7.92
CC(C)NC(=O)C[C@H](C)NC(=O)N1CCCCC[C@H]1c1ccncc1,0.8605,3.0232,-6.07,-8.07
Cc1cc(NC(=O)N[C@@H](C)CCCO)ccc1-n1cnnn1,0.7447,2.7845,-5.73,-8.39
O=C(NC[C@H]1CCC[C@@H]1O)C(=O)Nc1cc(F)cc(F)c1,0.7333,2.9475,-5.8,-8.39
Cc1ccccc1OC[C@@H](O)C[NH+]1CCC[C@@H]1c1noc(C2CC2)n1,0.7946,4.4157,-5.94,-8.28
O=C(O[C@H]1[C@H](Oc2ccc(O)cc2CO)O[C@H](CO)[C@@H](O)[C@@H]1O)c1ccccc1,0.416,3.5679,-6.22,-8.81
COC(=O)c1occc1Cn1cnc(-c2ccc([N+](=O)[O-])cc2)n1,0.4008,2.4918,-5.78,-8.88
C[C@@H](NC(=O)C1CC1)C(=O)NNC(=O)c1ccc(S(=O)(=O)N2CCCC2)cc1,0.578,2.4931,-6.22,-8.31
Cc1nc([C@H]2CN(C(=O)[C@@H]3C[C@@H]3c3ccc(F)cc3)CCO2)no1,0.8625,3.5001,-6.01,-8.12
COCCNC(=O)CN(C)c1nc2ccccn2c1[N+](=O)[O-],0.4523,2.6053,-5.51,-7.93
CNC(=O)[C@H]1CC(=O)N(CCc2ccc(Cl)cc2)/C(=N/c2ccc(Cl)cc2)S1,0.7604,2.8882,-6.4,-8.31
Cc1nn(C)c2ncc(NC(=O)[C@@H](Sc3ccccc3)c3ccccc3)cc12,0.5014,2.6336,-6.43,-9.37
CC(C)CCN1CCN(C(=O)C(=O)Nc2nn(C(C)(C)C)cc2C#N)CC1,0.8087,2.9122,-5.87,-7.96
C[C@H](Oc1ccc(Cl)cc1Cl)C(=O)/C=C\N(C)C,0.7776,2.8313,-5.25,-6.2
COc1cc2c(cc1OC)-c1c(c(C(=O)Nc3cccnc3)nn1-c1cccc(Cl)c1)C2,0.4208,2.4356,-6.72,-8.92
Cc1noc(C)c1[C@H](C)NC(=O)NCC(=O)NCC(=O)[O-],0.5853,3.3969,-5.28,-7.26
Cc1ccc(C)c(S(=O)(=O)N2CCN(C(=O)/C=C/c3ccccc3F)CC2)c1,0.7391,2.1727,-5.77,-8.74
CCCn1cc[nH+]c1[C@@H](N)C(C)(C)[NH+]1CCCC1,0.771,5.5885,-5.42,-6.92
COc1ccc(C)cc1NC(=O)c1oc2c(c1C)[C@@H](O)CC(C)(C)C2,0.8775,2.9778,-6.08,-8.14
C[C@@H](CNC(=O)NCc1ccc(Cl)nc1)N(C)c1ccccc1,0.7993,2.6534,-5.8,-8.43
C[C@@H]1C[NH+]2CCCC[C@@H]2CN1Cc1ccc(Cl)cc1N,0.812,4.6456,-5.59,-7.22
O=C(NCC1CC1)c1ccc(OC2CCN(C(=O)c3cccnc3)CC2)cc1,0.8377,2.0974,-6.05,-8.84
CC(C)CCNC(=O)C1CCN(S(=O)(=O)c2ccc3c(c2)C[C@H](C)N3C(=O)C2CCC2)CC1,0.6554,2.905,-6.28,-8.47
OC[C@@H](O)CSCc1nnc(-c2ccccc2)o1,0.8207,2.7186,-5.48,-7.07
Cc1cc(CS(=O)(=O)[C@@H](C(=O)N2CCCC2)c2ccccc2)no1,0.8278,2.8694,-6.1,-8.58
C[C@@H](NC(=O)CNC(=O)N1CC(=O)Nc2ccccc21)C(=O)[O-],0.6156,3.1511,-5.83,-8.03
[NH3+][C@@H]1CC[C@@H](NCC(=O)NCc2ccccc2)C1,0.6893,3.3029,-5.45,-7.13
NC(=O)c1ccc(NC(=O)N[C@@H]2C[C@H]3CCCc4cccc2c43)cc1F,0.7874,3.1838,-6.41,-9.5
CNC(=O)[C@@]1(CCCc2ccncc2)CCCC[NH2+]1,0.8178,3.9858,-5.6,-7.58
O=C(CSc1cc(N2CCN(c3ccc(F)cc3)CC2)ncn1)Nc1cccc(Cl)c1Cl,0.3871,2.3408,-6.35,-8.99
COc1c(C)cc(C[NH2+]Cc2n[nH]c(-c3ccco3)n2)cc1C,0.7287,3.4615,-5.95,-8.46
COc1ccc(OCCc2cc([C@@H]3CCN(C(=O)c4ccccc4)C3)n[nH]2)cc1,0.6673,2.6961,-6.36,-9.22
COc1ccccc1[C@@]1(Cc2sccc2C)NC(N)=NC1=O,0.9039,3.4874,-5.69,-8.07
CCn1cc(NC(=O)C(=O)N[C@H](C)CCc2ccccc2)ccc1=O,0.7882,2.5765,-6.12,-8.81
COc1cc(/C=N/NC(N)=O)c(Br)cc1OC(C)=O,0.3767,2.3628,-5.4,-7.5
CCN1C[C@@H](C(=O)N2CCOC[C@H]2C2CC2)CC1=O,0.7469,3.283,-5.54,-7.61
CC(C)=CCC[C@H](C)[NH2+]CC1(O)CCOCC1,0.6881,4.2949,-5.26,-6.58
Cc1c(C(=O)NC(=S)Nc2ccc(N3CCC(C)CC3)c(Cl)c2)cccc1[N+](=O)[O-],0.3935,2.3069,-6.28,-8.88
O=C(C[NH+]1CCC[C@H]1C(=O)NC1CC1)NCc1cccc(Cl)c1,0.6987,3.993,-5.85,-8.25
CCCCNC(=O)N[C@H]1CCC[C@@H]1SC,0.712,3.2257,-4.97,-6.58
O=C(Nc1ccccc1)[C@@H]1CCCN(C(=O)Cn2ccnc2)C1,0.9352,2.4721,-5.97,-7.98
CCC[NH2+][C@@H](Cc1ccc(F)cc1Br)[C@@H](C)OC,0.821,4.2198,-5.2,-7.06
COc1cccc([C@@H]2c3c(oc4ccc(Cl)cc4c3=O)C(=O)N2[C@@H]2CCS(=O)(=O)C2)c1,0.5967,3.304,-6.31,-8.11
CCOc1ccc(N2C(=O)/C(=C/c3cccn3C(C)(C)C)C(=O)NC2=S)cc1,0.4875,2.6629,-6.36,-7.47
C[C@H]1CS(=O)(=O)N(c2cc(C(=O)Nc3ccc4cn[nH]c4c3)ccc2Cl)C1=O,0.6787,3.0389,-6.49,-9.53
CCOc1ccccc1Oc1coc2cc(OCC(=O)N3C[C@@H](C)O[C@H](C)C3)ccc2c1=O,0.5344,3.166,-6.54,-8.89
CC(C)(CNC(=O)Nc1cnc2ccccc2c1)NC(=O)OC(C)(C)C,0.7776,2.3398,-6.07,-8.79
NC(=O)C1(C[NH2+]Cc2cc(Cl)ccc2OC2CCCC2)CCOCC1,0.7733,3.3287,-5.76,-7.82
CC(=O)c1sc(NC(=O)c2cnn(-c3ccccc3)n2)nc1-c1ccccc1,0.5238,2.3177,-6.6,-9.56
O=C([O-])CC1(CC(=O)Nc2ccc(F)cc2F)CCCCC1,0.9076,2.653,-5.71,-8.32
CO[C@H](CNC(=O)[C@@H]1CSCN1C(=O)C(C)(C)C)c1ccc(F)cc1,0.8679,3.3071,-5.86,-7.42
Cc1cccc(CN(C)C(=O)CC2C[NH2+]C2)n1,0.7927,3.2872,-5.33,-6.61
CC(C)Oc1ccc(C2=CCCCC2)cc1OC(C)C,0.7327,2.2564,-5.2,-7.38
CN(C(=O)NCc1ccc(N2CCSCC2)cc1)C1CCS(=O)CC1,0.8695,2.8531,-5.84,-7.39
O=C(C[S@@](=O)c1cccc(F)c1)NCc1ccccc1F,0.9216,2.6618,-6.02,-8.88
Fc1ccc(N2CC[NH+]([C@@H]3CCCN(Cc4cccc5c4OCO5)C3)CC2)cc1,0.8524,3.7639,-6.39,-8.66
C[C@@H](c1ncc(C(C)(C)C)o1)[S@@](=O)Cc1ccccc1,0.8554,3.5595,-5.39,-8.06
COc1ccc(N2C[C@H](/C([O-])=N/c3ncn[nH]3)CC2=O)c(OC)c1,0.621,3.4153,-5.94,-8.24
O=C(COc1ccc(Cl)cc1C(=O)Nc1ccccc1)NCc1ccco1,0.6474,1.8829,-6.4,-8.59
CC(C)N1CCO[C@@H]([C@H](O)c2cccs2)C1,0.8769,3.3569,-5.09,-6.4
CCn1cc(NC(=O)c2cc(C)nc3c2c(C)nn3Cc2ccccc2)c(C)n1,0.5629,2.3803,-6.81,-9.37
COc1ccc(-c2noc([C@@H]3CCCN(C(=O)Nc4ccc(C)cc4)C3)n2)cc1,0.7087,2.5187,-6.47,-9.14
CCn1nnc2cc(C(=O)N[C@H](CC(=O)OC)C3CC3)ccc21,0.8167,2.8326,-5.78,-8.4
O=C1NCCCC[C@H]1N[C@H]1CC(=O)N(c2ccccc2)C1=O,0.8005,3.0209,-5.91,-8.06
COC(=O)c1c(C)nc(C)c(C(=O)OC)c1-c1ccc(Cl)cc1,0.803,2.0899,-5.64,-8.33
Cc1ccccc1[C@@H](C)[NH2+][C@@H](C)c1ccccc1N(C)C,0.8907,3.599,-5.83,-7.76
COc1ccc(-c2csc(NC(C)=O)n2)cc1C,0.9244,1.8808,-5.57,-7.83
CCn1cc(C[NH+](CC2CC2)[C@H](C)c2ccccc2)cn1,0.8288,4.0313,-5.79,-8.02
C[C@@H](OC(=O)CNS(=O)(=O)c1c(Cl)cc(Br)cc1Cl)C(=O)NC(N)=O,0.525,2.9399,-5.76,-7.71
Cc1cc2nc(/C(C#N)=C/c3ccc(OCC(=O)N4CCCC4)cc3)[nH]c2cc1C,0.6494,2.4712,-6.32,-9.11
C[C@@H]1C[NH+](Cc2ccccc2)CCCN1C(=O)c1cc2c(cc1O)OCO2,0.8595,3.9774,-6.35,-8.81
Cc1ccc(/C=C(/C#N)C(=O)c2cc3ccccc3o2)s1,0.4029,2.5369,-6.06,-8.32
COC(=O)[C@H](Oc1ccc2c3c(c(=O)oc2c1C)CCC3)c1ccccc1,0.5191,2.8317,-6.44,-9.02
CC(C)NS(=O)(=O)c1ccc(Cl)c(C(=O)N[C@@H]2CCC[C@@H](C)[C@H]2C)c1,0.8115,3.0859,-5.86,-8.27
O=C1CN(C(=O)c2cc(Cl)c3ccccc3c2O)[C@H]2CCCC[C@H]2N1,0.8226,3.2192,-6.36,-8.73
O=C([O-])[C@@H]1CCCC[C@@H]1C(=O)N1CCN(C(=O)c2sc3cc([N+](=O)[O-])ccc3c2Cl)CC1,0.4902,3.5091,-6.53,-8.38
O=C([O-])c1ccncc1-c1ccc(F)cc1F,0.7885,2.5782,-5.83,-7.74
COc1cc([C@H]2NC(=S)NC(C)=C2C(=O)N/N=C/c2cccc([N+](=O)[O-])c2)ccc1O,0.2318,3.0789,-6.43,-7.95
Cc1ncccc1N[C@H](C)c1cc(Cl)ccc1Cl,0.8677,2.5226,-5.68,-7.74
C[C@H]1CCC[C@@H](N(Cc2ccc3c(c2)OCO3)C(=O)c2ccncc2)[C@@H]1C,0.8105,3.3302,-6.12,-7.82
Cc1occc1C(=O)Nc1nc(CC(=O)NCC2(c3ccccc3)CCC2)cs1,0.6159,2.4625,-6.41,-9.4
CCOC(=O)c1cc(Br)c2[nH]cnc2c1,0.852,2.4309,-5.53,-7.21
O=C(/C=C/c1ccc(-n2ccnc2)cc1)N1CCN(c2cc[nH+]cc2)CC1,0.6694,3.1129,-6.29,-8.29
C[C@H]1COCCN1C(=O)[C@H]1CCCN1C(=O)C1CC1,0.7366,2.9804,-5.49,-7.1
CCOc1cc2c(cc1NC(=O)N(C)Cc1nc(CC)no1)O[C@@H](C)C2,0.8516,3.0549,-5.84,-8.64
COc1ccccc1C[C@@H](C)[NH2+]CCc1cn2ccccc2n1,0.7259,3.4882,-6.0,-8.79
CC(=O)N1CCc2cc(NC(=O)CCCNS(=O)(=O)c3ccc(F)cc3)ccc21,0.6741,2.1453,-6.16,-9.12
COc1ccc(-c2nnc(CN(c3ccc(F)cc3)C(C)C)o2)cc1,0.669,2.1692,-5.93,-8.32
COC(=O)Cn1ccc(=[NH2+])cc1,0.5348,3.5044,-4.94,-5.43
Cn1cc(C=C(C#N)C#N)c(-c2cccs2)n1,0.7576,2.8789,-5.39,-6.92
Cc1nnc(SCC(=O)Nc2nc(-c3ccc(F)cc3)cs2)s1,0.695,2.1558,-5.99,-8.82
COCCN1C(N)=[NH+]C[C@@]1(C)c1ccccc1C,0.7599,3.8701,-5.36,-6.81
CCOc1ccc(C2=CCN(C(=O)c3ccc(C(N)=O)cn3)CC2)cc1,0.8967,2.2596,-6.14,-8.67
CC(C)COC(=O)/C=C/c1nc2ccccc2s1,0.6242,2.2503,-5.45,-7.83
C[C@H]1CN(S(=O)(=O)NCCNc2ccc([N+](=O)[O-])cc2)C[C@@H](C)O1,0.4261,3.1188,-5.61,-7.86
O=C(CSc1nnc(NC(=O)c2c(F)cccc2F)s1)NCc1ccc(F)cc1,0.4349,2.1748,-6.15,-8.53
CC/C(=C\c1cccc(C(F)(F)F)c1)C[NH3+],0.8265,2.9769,-5.33,-6.71
Cc1c(Cl)cccc1NC(=O)[C@@H](C)[NH+]1CCC(NS(=O)(=O)c2cccs2)CC1,0.6403,3.7785,-6.24,-8.22
O=C(Cc1ccc([N+](=O)[O-])cc1)NC[C@@](O)(c1cccs1)C(F)(F)F,0.6007,3.0534,-6.0,-7.9
COc1ccc(C[NH2+][C@@H](C)c2ccc(C#N)cc2)cc1Br,0.9042,3.4078,-5.67,-8.47
CCn1c(S[C@H](C)C(=O)/C(C#N)=C2\Nc3ccccc3S2)nc2ccccc21,0.3628,3.0965,-6.09,-8.69
C[NH+]1CCC(CN2CCC[NH+]3CCCC[C@@H]3C2)CC1,0.6578,5.755,-5.49,-6.94
CCC(CC)(C(=O)[O-])n1nnnc1CC[C@@H]1CCCO1,0.7008,3.8266,-5.45,-7.17
Cc1ccc([C@](C)(O)CNC(=O)Nc2cnccc2C)o1,0.8058,3.1158,-5.74,-8.05
CC[C@@H](C)n1nc(C)c(CC[NH2+]C(C)C)c1C,0.8078,4.006,-5.12,-6.31
Cc1cc(C)n(-c2cccc(C[NH+]3CCC(n4cc([C@@H](C)O)nn4)CC3)c2)n1,0.7034,4.1212,-6.31,-8.9
Cc1ccc([C@@H](C)N[C@H](C)Cc2cc(C)n[nH]2)cc1,0.8625,3.1843,-5.66,-7.9
Cc1cc(CN2CCN(CC(=O)N[C@@](C)(C#N)C3CC3)CC2)on1,0.8338,2.9753,-5.68,-7.89
Cc1ccccc1[C@H](C)CC(=O)NC[C@@H]1CCCN(c2ncccn2)C1,0.8664,2.9998,-6.11,-8.47
COc1ccccc1[C@H](NC(=O)[C@H](C)NC(=O)c1ccoc1)C(C)(C)C,0.8301,3.0975,-5.98,-8.03
O=C(NC1CCCCCCC1)c1ccccc1SC(F)F,0.8056,2.0434,-5.55,-7.69
COc1ccc([C@@H]2[C@H](C(N)=O)C(C)=Nc3ncnn32)c(OC)c1,0.9091,3.3342,-5.56,-8.01
CC1(C)C(=O)NC(=O)N1CC(=O)N(Cc1ccsc1)c1ccccc1,0.8365,2.5723,-6.14,-8.6
Cc1ccc(OCc2noc(C3CC3)n2)c(CC[NH3+])n1,0.8497,3.1274,-5.67,-7.94
CCOc1ccc([C@@H](C)NC(=O)Nc2ccncc2)cc1OCC,0.811,2.4077,-5.71,-8.44
O=C(NCCCn1nc2ccccn2c1=O)N[C@@H]1CCCC[C@H]1CO,0.6709,3.2278,-6.14,-8.4
Cc1sc(NC(=O)C[NH+]2CCC[C@@H](C)C2)nc1-c1ccccc1,0.904,3.9954,-6.12,-8.42
CCO[C@@H](C)c1noc(CN2CCCc3cccc(CC)c32)n1,0.8136,3.1469,-5.92,-8.25
Cc1ccc(CS[C@@H](C)c2nc(C3CC3)no2)cc1,0.8167,2.8233,-5.71,-7.84
CC(C)CC[C@H]1CCC[C@H]1NC(=O)NCCC(=O)N(C)C,0.7576,3.0959,-5.57,-8.21
CCc1n[n-]c(S(=O)(=O)Cc2ncc(-c3cccc(OC)c3)o2)n1,0.6617,3.3732,-6.0,-8.74
COc1ccc(OC)c(COc2cc(F)ccc2[N+](=O)[O-])c1,0.6044,1.9242,-5.85,-7.76
COCCC(=O)NCCNC(=O)c1ccc(C)c(F)c1,0.7336,1.8623,-5.45,-7.28
COc1ccc(C[C@H](C)[NH2+][C@H](C)C(=O)N2CCc3ccccc32)cc1,0.8766,3.4241,-6.17,-8.32
Cc1c(N2C(=O)/C(=C\c3ccc4c(c3)C[C@@H](C)O4)SC2=S)c(=O)n(-c2ccccc2)n1C,0.4302,3.1425,-6.44,-8.81
COc1ccc(C[NH+]2C[C@@H](C(=O)[O-])[C@H](c3ccccc3OC)C2)c(OC)c1,0.7561,4.2463,-5.89,-8.38
CCCCCC[C@@H](C)NC(=O)Nc1nnc(C)s1,0.7468,2.5945,-5.32,-6.74
CCOc1ccccc1Oc1ccc(CNC(=O)N(C)C2CCC2)cn1,0.8162,2.2031,-6.03,-8.22
Cc1c(/C=C(/C#N)C(=O)NC[C@]2([NH+](C)C)CCC[C@H](C)C2)cc(C#N)n1C,0.6071,4.5429,-5.88,-8.19
C[C@H]([NH2+][C@@H]1c2cccc(F)c2CC[C@@H]1C)c1nccs1,0.9241,4.357,-5.85,-6.94
S=c1[nH]c2cc(Br)cnc2n1[C@H]1C[C@H]1c1ccccc1,0.6891,3.3598,-6.04,-7.83
CCc1cccc2sc(NC(=O)c3ccc(N(C)C)cc3)nc12,0.7826,2.0082,-5.94,-9.09
CCn1nccc1C(=O)Nc1nnc(-c2cc(C)cc(C)c2)o1,0.8004,2.4312,-6.07,-8.6
CN(C)c1ccc(-c2noc(C(=O)NCCC[NH+]3CCCC3)n2)cc1,0.7197,3.4611,-5.87,-8.32
Cc1cccc2sc(N[C@H](C)c3cccc(F)c3)nc12,0.7391,2.4966,-5.98,-8.58
O=C(CSc1nnc(C2CC2)n1-c1ccccc1)Nc1cc2[nH]c(=O)[nH]c2cc1Br,0.3602,2.5257,-6.61,-8.81
CC(C)OCCCNC(=O)c1cnc2nc([O-])[nH]c(=O)c2c1,0.7212,2.9673,-5.89,-8.46
CC(C)(C)C[C@@](C)(O)C(C)(C)C,0.6436,3.1335,-4.86,-5.86
Cn1cncc1-c1nnc([C@H]2CCN(Cc3cc4ccccc4o3)C2)o1,0.5632,3.1306,-6.35,-9.67
CCCCN(C(=O)c1ccc(-n2c(C)nc3ccccc3c2=O)cc1)c1ccccc1,0.4413,2.0867,-6.74,-8.91
Cc1ccc(CNC(=O)NCCC(=O)NC2CCCCC2)s1,0.7531,2.1342,-5.8,-7.67
C[C@H]1[NH2+]CC[C@@H]1C(=O)N1CCN(c2ccc(O)cc2)CC1,0.8067,3.6971,-5.77,-7.7
CCOc1ccc(N[C@H]2CCOC(C)(C)C2)cn1,0.892,2.9184,-5.41,-7.1
CCN1CCc2nc[nH]c2C12CC[NH+](Cc1cccc(-n3cccn3)c1)CC2,0.7254,4.4866,-6.17,-8.83
O=C(CN1C(=O)CSc2ccc(S(=O)(=O)N3CCCCC3)cc21)Nc1cccc2c1CCCC2,0.676,2.5284,-6.48,-8.93
CC[NH+](CCN1C(=O)CNC1=O)C1CCC([NH3+])CC1,0.5049,5.1491,-5.6,-7.7
COc1cccc(C[NH2+]Cc2cccc(N(C)C)c2)c1,0.8707,2.8718,-5.66,-7.87
COc1c(C)cnc(C[NH+]2CCC(N(C)Cc3[nH]cc[nH+]3)CC2)c1C,0.8029,4.6814,-5.87,-8.22
Cc1cnc([C@@H](C)NC(=O)C(=O)Nc2c(F)cccc2F)s1,0.8521,2.8838,-5.96,-8.3
COCCN(Cc1ccc2c(c1)OCO2)Cc1ncccc1C,0.7861,2.2582,-5.8,-7.52
CCn1cc(/C=C(/C#N)C(=O)N(C)C)c2ccccc21,0.6338,2.4237,-5.73,-7.99
CCn1c(O)c(/N=N/C(=O)CNc2cccc(C)c2)c2ccccc21,0.6779,2.743,-6.3,-9.39
C[C@H](NC(=O)CC1CCC1)c1ccc(OCc2cccnc2)cc1,0.8364,2.3891,-5.93,-8.77
CCCOc1cncc(N[C@@](C)(C(=O)[O-])C(F)(F)F)n1,0.8321,3.7831,-5.37,-7.52
C[NH2+][C@@]1(CO)CCC[C@@H]1CCSc1ccc(Br)cc1,0.7781,4.2036,-5.5,-7.44
COc1ccccc1NC(=O)c1ccccc1SCc1ccccc1,0.6186,1.6736,-6.29,-8.65
O=[N+]([O-])c1ccccc1[C@H]1CC(c2ccccc2)=Nc2ncnn21,0.5473,2.8703,-6.06,-8.34
CN(C)c1ncc(CN(CCO)Cc2cccnc2)s1,0.8398,2.5262,-5.46,-7.17
CCOC(=O)c1cccc(N[C@H]2CCCN(c3ccccc3)C2)n1,0.8546,2.4996,-5.96,-8.67
COCC(=O)N1CCOc2ccc(F)cc21,0.7587,2.1522,-5.36,-6.33
COc1ccc(CNC(=O)Nc2cc(C(=O)Nc3ccccc3)ccc2C)cc1,0.5774,1.7067,-6.54,-9.35
CC(C)(C(=O)Nc1ccn(CCC(N)=O)n1)c1cccc(Cl)c1,0.8491,2.4431,-5.77,-8.65
C[C@@H]1Cn2cc(C(=O)Nc3cccc(C(F)(F)F)c3)c(=O)c3c(Cl)ccc(c32)O1,0.6505,3.118,-6.59,-9.28
COCCN1CCN(C(=O)c2cc(Cc3ccccc3)ccc2O)CC1=O,0.8457,2.1843,-6.18,-8.66
COc1ccc(NCc2cc(C(=O)[O-])cs2)cc1Br,0.9078,2.6881,-5.63,-8.04
O=C1OCCN1CCC1OCCCO1,0.6702,2.7494,-5.18,-6.12
Cc1c(Cl)cccc1S(=O)(=O)NC[C@H](c1cccs1)N(C)C,0.8615,2.722,-5.84,-7.84
C[C@@H]1CN(C(=O)Cn2cc(-c3ccccc3)nn2)C(C)(C)CO1,0.8689,3.112,-6.0,-8.28
CCOC(=O)[C@H]1C(=O)C2=C(C[C@H]1c1cccs1)NC(=O)C[C@H]2c1cccs1,0.6276,3.7434,-6.2,-8.47
CCc1nnc(C[NH+]2C[C@H]3CC[C@@H]2CN(C(=O)c2cccnc2)C3)o1,0.8674,5.1764,-5.97,-8.42
CC1(C)CC[NH+]([C@H](CC(=O)[O-])C(F)(F)F)C1,0.7126,5.5496,-5.26,-6.71
C[C@@H](NC(=S)Nc1ccc(F)cc1)[C@@H](c1ccccc1)N1CCOCC1,0.7839,2.8541,-6.09,-7.85
O=C(C[C@@H](O)c1ccccc1)NCc1ccnc2ccccc12,0.7615,2.3822,-6.15,-8.67
Cc1cc(NC(=O)C[NH+](C)[C@H](C)c2ccccc2)no1,0.861,3.8066,-5.76,-8.11
CCc1cccc(CC)c1NC(=O)C(=O)NC[C@@H]1CC[NH+](C)C1,0.6884,3.9729,-5.8,-8.31
Cc1ccc(C(=O)N[C@]2(C)CCS(=O)(=O)C2)cc1NC(=O)c1ccccc1F,0.8196,2.7264,-6.32,-9.0
CCc1c(C)nc([C@@H]2CCCN2C(=O)c2cccnc2C)[nH]c1=O,0.9386,3.0076,-6.14,-8.48
C[C@@H](C(=O)NCCc1c[nH]c2ccccc12)[NH+]1CCN(c2ccccc2O)CC1,0.5106,3.6052,-6.49,-9.05
CCCS(=O)(=O)c1ccc(NCc2cn[nH]c2N)cc1,0.7537,2.4154,-5.72,-7.93
CCCCc1ccc(NC(=O)[C@@]23CC[C@@](C)(/C(=N/O)C2)C3(C)C)cc1,0.5832,4.019,-5.82,-8.35
O=C(CNC(=O)[C@H]1COc2ccccc2O1)N/N=C/C=C/c1ccccc1,0.603,2.8209,-6.1,-8.78
CCc1ccc(N2C[C@@H](C(=O)NCCCCl)CC2=O)cc1,0.6476,2.4738,-5.64,-8.32
CN1CCc2cc(CNC(=O)CCc3nnc(CC4=c5ccccc5=[NH+]C4)o3)ccc21,0.5384,3.3782,-6.37,-9.45
CCOC(=O)Nn1c(C)c(C(N)=O)c(C(=O)OC)c1C,0.7893,2.6239,-5.33,-7.23
C[C@H]1CCC[C@]([NH3+])(c2nc(-c3cncc(Br)c3)no2)C1,0.9126,4.0799,-5.72,-8.35
C[C@H](Sc1nnc([C@@H](C)[NH+]2CCCCC2)n1-c1ccc(F)cc1)C(=O)N1CCc2ccccc21,0.548,3.9825,-6.42,-8.52
CC(C)(C)c1nnc(SCC(=O)Nc2nc3ccccc3s2)o1,0.724,2.34,-5.95,-9.07
O=C(Cc1ccc(F)c(F)c1)Nc1ncc(Br)s1,0.9358,2.1535,-5.66,-8.0
CC(C)C[NH+]1CCC(C(=O)Nc2cc(C(F)(F)F)c[nH]c2=O)CC1,0.769,3.7093,-5.98,-8.39
Cc1ccccc1[C@@H]1CCCN1C(=O)NCc1ccc(C(=O)N(C)C)cc1,0.8972,2.4676,-6.4,-8.53
CC[C@H](C[NH2+]C(C)C)C[C@H]1COc2ccccc21,0.8223,4.1812,-5.34,-7.5
COC(=O)Nc1ccc(OCc2ccccc2Cl)cc1,0.9224,1.6122,-5.86,-8.33
CCN(CCS(=O)(=O)c1ccc(C)cc1)C(=O)C[C@H]1C(=O)N(C)C(=O)N1C,0.6395,3.023,-5.81,-7.3
CCOC[C@H]1CCCCC[C@H]1O,0.6594,2.934,-4.85,-5.95
Cc1nc(C)c(S(=O)(=O)/N=C(\[O-])C[C@@H](c2ccccc2)C(C)C)s1,0.5818,3.5171,-5.91,-8.32
O=C(NCc1ccc(F)cc1)[C@@H]1CCC(=O)N1Cc1cccs1,0.9151,2.5968,-6.0,-7.9
CCCc1cc(C(=O)NCc2cccc(-n3cccn3)c2)n(C)n1,0.7578,2.3423,-5.98,-8.93
CC(C)OCC[NH+]1CCC(NC(=O)C[C@@H]2CCc3ccccc32)CC1,0.7898,3.9292,-5.87,-8.1
CNC(=O)[C@H]1CCCCN1c1nc(Br)cs1,0.9089,3.1052,-5.26,-7.17
Cc1cc(C)cc(NC(=O)CN2CCN(c3c(C)n[nH]c3C)CC2)c1,0.8963,2.3294,-6.03,-8.62
Cc1ccc(CN2CCN(CCS(N)(=O)=O)CC2)cc1F,0.8611,2.0859,-5.66,-7.46
CS(=O)(=O)N1CCN(CCNC(=O)Cn2c(=O)oc3ccccc32)CC1,0.7076,2.2521,-6.25,-8.76
COCc1nc(C[NH+]2CCC(c3ccc(C(F)(F)F)cc3)CC2)cs1,0.8733,3.5189,-5.9,-8.67
O=C(CCSc1ccc(F)cc1)Nc1nnc(-c2ccc(Br)s2)o1,0.5705,2.446,-5.99,-8.79
COc1ccc(OC)c(N2C(SCC(=O)Nc3cc(C)ccc3C)=N[C@@H]3CS(=O)(=O)C[C@@H]32)c1,0.6661,3.3221,-5.62,-8.8
O=C(NC[C@H](O)c1ccco1)c1n[nH]c(=O)c2ccccc12,0.6652,2.7248,-5.93,-8.28
COc1ccc(C)cc1[C@H](C)NC(=O)Cc1c[nH]c2c(C)cccc12,0.733,2.5833,-6.42,-9.07
CCS(=O)(=O)N1CCC[C@H]1c1nc(C)c2c(n1)N(Cc1cccc(F)c1)C(=O)CC2,0.7255,3.2186,-6.63,-8.78
CCSc1ncnc2c1c(-c1ccccc1)cn2-c1ccccc1OC,0.3614,2.2759,-6.27,-9.35
COc1ccc(NC(=O)C2=C(C)Nc3ncnn3[C@@H]2c2ccccn2)cc1,0.7409,3.0712,-6.23,-8.05
CC[NH+]1CCN(/C(S)=N\c2ccc([N+](=O)[O-])cc2)CC1,0.2841,4.0254,-5.34,-6.95
CN(CCOCC1CC1)c1ccc2nnc(C(F)(F)F)n2n1,0.7633,2.8231,-5.65,-7.66
O=S(=O)(CC1CCCCC1)N[C@H](CO)c1ccc(Cl)c(F)c1,0.8292,2.8521,-5.81,-7.86
CCC(=O)c1cccc(NC(=O)N[C@@H]2CC[C@@H]([NH+](C)C)C2)c1,0.7214,3.7543,-5.29,-8.38
Cc1nc(CCNC(=O)N[C@@H]2CCN(c3ccccc3)C2)sc1C,0.8768,2.6748,-5.9,-8.37
C[C@H]1C[C@@H](Nc2ncc(S(N)(=O)=O)s2)CN1c1ccccc1,0.8883,3.3352,-6.01,-8.01
CCNC(=O)c1cccc(NC(=O)C(=O)N[C@@H](C)c2ccccc2)c1,0.7303,2.2567,-6.08,-9.36
CCNS(=O)(=O)[C@@H]1CCN(Cc2sccc2Br)C1,0.8813,3.2626,-5.62,-7.5
COc1cc(Br)cc(C)c1NC(=O)NC[C@H](O)C(C)C,0.7685,2.7878,-5.43,-7.03
COc1cc(CNC(=O)c2ccc(Cn3nc(C)c(Cl)c3C)o2)cc(OC)c1,0.6497,2.3214,-6.12,-8.73
O=C(Nc1ccccc1OC1CCCC1)c1cc[n+]([O-])cc1,0.697,2.2642,-6.05,-8.65
CCC[NH+]1CCC[C@@](O)([C@]2(C[NH3+])CCC[C@H](CC)C2)CC1,0.6974,5.7934,-5.46,-8.07
CCCc1cc(=O)n2c(n1)SC[C@@H]2CC(=O)N[C@@H]1CCCC[C@@H]1C,0.8303,3.6028,-5.73,-7.91
CC[C@H](CSC)N(C)C(=O)c1cc(-c2ccc(C)cc2)no1,0.8111,3.0162,-5.63,-7.95
O=C(OCc1ccc([N+](=O)[O-])cc1)C1(c2ccccc2)CCOCC1,0.4731,2.1903,-6.02,-8.54
CCC[C@@H](C)/C([O-])=N/S(=O)(=O)Cc1ccccc1,0.5823,3.2756,-5.38,-6.98
CCOC(=O)[C@@]1(CC)C(=O)O[C@@H](C(=O)NC2CCCCC2)[C@@H]1C,0.6171,3.7214,-4.39,-7.8
N#CCSC1=Nc2ccccc2OC1,0.705,2.9555,-5.26,-6.56
CC(C)C(=O)Nc1ccc(N[C@H]2CCCS[C@H]2C)cc1,0.8818,3.0935,-5.7,-7.89
Cc1cscc1CNC[C@H](O)c1ccc2ccccc2c1,0.7449,2.7702,-5.77,-9.22
CC(C)C(=O)NCCNC(=O)c1cccc(C(=O)N(C)C)c1,0.7662,1.9077,-5.55,-7.87
Cc1ccc(CN(C)C(=O)CN(CC#N)c2ccccc2)o1,0.7689,2.413,-5.69,-7.49
CCOc1ccc(C(=O)Nc2sccc2C(=O)NC2CC2)cc1OC,0.7942,2.0231,-5.78,-8.0
CCc1ccccc1N1C(=O)C2=CN=NC2=N[C@H]1SCc1cc(=O)n2c(C)cccc2n1,0.5971,3.9314,-6.19,-8.89
Cc1ccc(C)c(OC(=O)CCCNC(=O)C(C)(C)C)c1,0.5149,2.083,-5.49,-7.05
Cc1noc(COCC(=O)N[C@@H]2CCCN(c3ccccc3F)C2=O)n1,0.8329,2.9011,-6.08,-8.55
OC1=Nc2nc(N3CCCCC3)sc2[C@@H](c2ccc(F)cc2)C1,0.8873,3.2916,-6.08,-8.1
Cn1cnc(CNC(=O)Nc2cccc(COCC3CC3)c2)n1,0.8193,2.4812,-5.8,-8.46
Cc1cc(C)nc(CCNC(=O)C[C@@H]2C(=O)NCCN2Cc2ccccc2F)n1,0.7325,2.9334,-6.22,-8.78
COc1cccc([C@@H](Nc2nc(-c3ccsc3)nc3ccccc23)c2nccn2C)c1,0.3982,2.9389,-6.39,-9.31
CCc1cc(CN(C)Cc2nc(-c3sccc3C)oc2C)on1,0.6773,2.8033,-5.87,-8.7
CCOC(=O)c1nn(-c2ccc(Cl)cc2)cc1C(C)=O,0.642,2.0954,-5.59,-7.7
CC(C)c1cc(C(=O)N2CCN(C(=O)c3ccncc3)CC2)on1,0.858,2.2809,-5.94,-8.4
C[C@](O)(c1cc(F)cc(F)c1)c1ccc[nH+]c1N,0.8516,4.0284,-5.75,-7.43
O=C(Cn1nc(-c2ccc(F)cc2)ccc1=O)Nc1ccc(Oc2ccccc2)cc1,0.504,1.9506,-6.59,-9.54
O=C(NNC(=O)c1ccccc1Cl)c1ccncc1,0.8213,1.7352,-5.91,-7.89
CCc1ccc(O)c(NC(=O)CCCc2nc(C(C)(C)C)no2)c1,0.7897,2.3407,-5.94,-8.63
CNC(=O)CC1CCN(C(=O)c2cc(Cl)cc(Cl)c2)CC1,0.9268,2.0956,-5.8,-8.35
CC[C@]1(C)C[C@]2(CCO1)C[NH+]=C(N)N2C1CCCCCC1,0.751,4.8416,-5.64,-7.72
CCn1cc([C@@H]2C[C@H](C(=O)NCc3ccc4c(c3)OCO4)N(C)S(=O)(=O)N2)c(C)n1,0.7192,3.7096,-6.22,-8.54
O=[N+]([O-])c1ccc(NCC2(N3CCOCC3)CCCCC2)c(S(=O)(=O)N2CCOCC2)c1,0.4778,2.7596,-6.19,-8.37
CC[C@](C)(NC(=O)C1CC[NH+](C)CC1)c1nc(C)cs1,0.8745,4.4688,-5.63,-7.47
N#Cc1ccccc1NC(=O)COc1cccc(NC(=O)c2ccco2)c1,0.6999,1.9909,-6.27,-9.26
C[C@@H]1COCCN1c1nccc(OCc2ccccc2)n1,0.8622,2.6748,-5.73,-8.07
O=C(Cc1ccccc1[N+](=O)[O-])NC[C@H](O)c1ccc(Cl)cc1,0.6271,2.401,-5.85,-8.39
COCc1ccccc1CNC(=O)c1cc(F)c(F)c(F)c1F,0.5197,2.1629,-5.83,-8.7
COc1ccc2oc(CN3CCO[C@@H](C#N)C3)cc2c1,0.8566,3.0932,-5.76,-7.13
COc1ccc2c(CC(=O)Oc3ccc4oc5ccccc5c4c3)coc2c1,0.3083,2.2649,-6.16,-9.84
C[C@]1([C@H](O)c2ccc3[nH]c(=O)oc3c2)CCCO1,0.8494,3.8034,-5.73,-7.75
CC[NH2+][C@H](c1ccc(F)c(F)c1)[C@@]1(C)CCCO1,0.8774,4.3053,-5.47,-7.49
C=CCNC(=O)[C@H](C)N1CCOC(C)(C)C1,0.7206,3.075,-5.07,-5.97
Cc1cc(C)nc(N/C(=N/C(=O)NC23CC4CC(CC(C4)C2)C3)N2CCC[C@@H](C)C2)n1,0.5472,4.5114,-6.21,-9.2
CCC[C@]1(c2ccccc2)NC(=O)N(CC(=O)Nc2ccc(C(=O)NC)cc2)C1=O,0.6108,2.6397,-6.33,-8.91
CCc1nc(CO[C@H]2CCC[C@@H]([NH3+])C2)no1,0.8197,4.0812,-5.23,-6.48
Cn1ccnc1[C@@H](NC(=O)c1cc(F)ccc1Br)c1ccc(Cl)cc1,0.673,2.6057,-6.32,-7.71
COc1ccc(COc2ccc(CO)cc2)cc1[N+](=O)[O-],0.6527,1.8115,-5.81,-8.01
O=C(Nc1nc2c(F)cc(F)cc2s1)c1ccc(S(=O)(=O)N2CCCCC2)cc1,0.6692,2.1915,-6.48,-9.25
CC(C)[C@H]([NH3+])c1noc(C2C(C)(C)C2(C)C)n1,0.8771,4.1338,-5.3,-6.72
C[NH+]1[C@H]2CC[C@@H]1CN(C(=O)[C@H]1COc3ccccc3C1)CC2,0.8203,5.1698,-5.95,-8.01
CC[C@@H](C)NC(=O)C(=O)Nc1cccc(C#Cc2cccc(C(=O)OC)c2)c1,0.4867,2.6817,-6.09,-9.22
CSCCC[NH2+][C@@H](c1ccc(C)cc1)C1CC1,0.7362,3.7876,-5.2,-7.12
COc1ccc2c(c1)OC[C@@H](C(=O)NCc1cc(C#N)ccc1F)C2,0.9285,2.7362,-6.02,-8.54
CCCNC(=O)CNC(=O)/C=C/c1ccc(C)cc1C,0.7791,2.0285,-5.42,-7.2
Cc1nc(COc2ccc(F)cc2)sc1C(=O)Nc1ccc(N2CCCCC2)cc1,0.5736,2.1027,-6.53,-8.99
COc1cc(NCc2cnc(-c3cccnc3)s2)cc(OC)c1,0.7454,2.2592,-5.85,-8.25
CN(C)C(=O)[C@@H](Cc1ccccc1)NC(=O)Nc1cccc2cnccc12,0.7325,2.5246,-6.27,-8.87
COC(=O)c1ccc2oc(=O)n(C3CCN(C(=O)c4cc(C)nc(Cl)c4)CC3)c2c1,0.4684,2.5607,-6.5,-9.08
O=C1CC[C@H](NC(=O)c2cc(Br)cnc2Cl)CN1,0.8065,2.9109,-5.83,-7.69
CNC(=O)c1ccc(NC(=O)CN2CCc3sccc3[C@@H]2c2cccs2)cc1,0.6721,2.7426,-6.44,-8.62
COc1ccc(OCCC2OCCCO2)c(C(C)(C)C)c1,0.8323,2.3533,-5.5,-6.83
Cc1cc2occ(CC(=O)Nc3c(O)cccc3F)c2cc1C,0.7163,2.2865,-6.29,-9.29
CC[C@H](C)[NH+](C)CCNC(=O)c1cnc2ccc(C)cn12,0.8218,4.1834,-5.71,-8.29
C[C@@H]1CCC[NH+](Cc2c([C@@H]3CCC[NH2+]C3)[nH]c3ncccc23)C1,0.7718,5.5214,-6.07,-8.67
c1c[nH+]c(N2CCOCC2)c(CNCc2ccsc2)c1,0.9105,3.3745,-5.59,-7.26
CC(=O)c1ccc(S(=O)(=O)N2CCC(Cn3cc[nH+]c3C(C)C)CC2)cc1,0.712,3.1034,-6.17,-8.82
CCc1ccc([C@@H]2COCCN2C(=O)[C@]2(C)CC2(Cl)Cl)o1,0.7977,3.7306,-5.71,-7.99
C[C@H]1C[NH+]2CCC[C@@H]2CN1C(=O)NCC(=O)[O-],0.548,5.5936,-5.47,-6.77
O=C1CCCN1[C@H]1CCCN(S(=O)(=O)CCC2CC2)C1,0.7665,2.937,-5.53,-7.55
Cc1ccc(NC(=O)Nc2ccc(Cl)c([N+](=O)[O-])c2)cc1,0.658,1.7233,-5.94,-8.76
O=C(CCCOc1ccc(Br)cc1)Nc1ccc(N2CCOCC2)cc1,0.6876,1.8641,-5.97,-8.92
Cc1cc(C)c(NC(=O)CNc2cc(-c3nc(C)no3)cc[nH+]2)c(C)c1,0.7362,3.2591,-6.15,-9.12
CCOc1ccc([C@H](C)[NH3+])cc1CSc1ccncc1,0.8314,3.1564,-5.56,-7.93
Cc1c(F)cc(N)cc1S(=O)(=O)N1CCOC[C@H]1C,0.8279,2.9659,-5.74,-7.11
CC(=O)c1c(C)[nH]c(C(=O)N2CCC(OCc3ccccc3C)CC2)c1C(C)C,0.715,2.5879,-6.21,-8.81
CCc1ccc(CCNC(=O)c2cnc3sc(C)cn3c2=O)cc1,0.7757,2.2997,-6.06,-8.73
O=[N+]([O-])c1ccc(-c2nc(C[S@](=O)Cc3ccccc3)co2)cc1,0.5034,2.8603,-6.05,-8.94
COc1ccc(OC)c(NC(=O)c2sc(C)nc2C)c1,0.9406,1.8855,-5.52,-7.8
CCn1cc(S(=O)(=O)N2C[C@@H](C)O[C@H](C)C2)c(C)n1,0.832,3.1993,-5.68,-7.79
COc1ccc([C@H](C)[NH+]2CC[C@H](C(=O)[O-])[C@@H]2C)cc1,0.8183,4.7648,-5.53,-7.34
O=C(NCCc1c[nH]c[nH+]1)c1cccc([C@H]2Cc3ccccc3OC2=O)c1,0.538,3.7136,-6.57,-9.74
CN(C1CCCCC1)S(=O)(=O)c1ccc(NC(=O)c2ccccc2[N+](=O)[O-])cc1,0.5678,2.0922,-6.39,-8.2
CCNC(=O)c1cccc(CNc2cc(C)nc3ncnn23)c1,0.7504,2.3,-6.04,-9.08
COc1cc(C(=O)N[C@H](c2ccccc2)c2cccnc2)cc(OC)c1OC,0.6799,2.4355,-6.28,-8.46
O=C([O-])[C@H](Oc1cccc([N+](=O)[O-])c1)c1ccccc1,0.6065,2.7429,-5.84,-8.0
Cc1cc(C)cc(NC(=O)c2nnn(Cc3nsnc3C)c2C)c1,0.7876,2.6475,-6.03,-8.75
Cc1ccc(CN(C)C(=O)c2ccc(-n3c(C)ccc3C)cc2)o1,0.7193,2.1918,-6.36,-8.34
C[C@@H]1CCC[C@H](CCNC(=O)C(=O)Nc2cccc([S@](C)=O)c2)C1,0.8019,3.3591,-5.97,-9.13
Cc1nn(-c2ccccc2)cc1CCCNC(=O)N1CCNC(=O)C1,0.8036,2.381,-6.11,-8.43
CN(C)c1cc(C(=O)N2CCCN(C(=O)c3ccncc3)CC2)ccn1,0.837,2.1991,-5.96,-8.45
COc1ccc2[nH]cc(CCNC(=O)C3CCN(c4ncnc5[nH]cnc45)CC3)c2c1,0.4425,2.6403,-6.38,-9.2
N#Cc1ccc(Sc2nnc(-c3ccncc3)n2-c2ccccc2)nc1,0.5539,2.3596,-6.26,-8.37
CC(C)(C)C(=O)Nc1ccc(-n2cccc(C(=O)NCc3ccccc3F)c2=O)cc1,0.6559,2.2004,-6.53,-9.09
COc1ccc(C(=O)Nc2ncc(C)s2)c(OC)c1OC,0.9194,2.114,-5.68,-7.66
C[NH2+]Cc1ccc(-c2ccc(F)cc2C)s1,0.8432,3.1435,-5.79,-7.65
C[C@@H]1CCC[C@@H]1NC(=O)c1cn(C)nc1-c1cccs1,0.9436,3.0318,-5.56,-7.24
FC(F)(F)COc1ccccc1OCc1noc(C2CC2)n1,0.8169,2.291,-5.82,-8.32
COc1cc(C#N)ccc1O[C@@H](C)C(=O)Nc1c(C)nn(C)c1C,0.9096,2.6414,-5.7,-7.99
CC(C)(C)OC(=O)N1CC[C@H](C(=O)N2CC[C@H]([NH+]3CCCC3)C2)C1,0.7988,4.2779,-5.69,-8.68
Cc1ccn2cc(C(=O)Nc3cccc(Cn4ccnc4)c3)nc2c1,0.6247,2.3846,-6.28,-9.45
Cc1[nH]ccc1C(=O)NCc1ccnc(OC(C)(C)C)c1,0.9083,2.641,-5.71,-8.15
N#CCCN1CCN(c2cc(Cl)c(C#N)cc2F)CC1,0.8582,2.4029,-5.49,-6.92
O=C(NCc1ccco1)N[C@@H]1CCCCC[C@H]1C(=O)[O-],0.7961,3.3048,-5.67,-7.81
c1csc(C[NH+]2CCC[C@H](CNCc3nc4c(s3)CCC4)C2)c1,0.8386,4.4296,-5.93,-7.37
CCC[C@@](C)(CO)NC(=O)N[C@H](c1ccc(F)cc1)C1CCC1,0.7191,3.1865,-5.78,-8.07
CS(=O)(=O)CCNC(=O)c1ccn(-c2ccc(Cl)cc2Cl)n1,0.8817,2.2692,-5.63,-8.46
C[NH+]1CCC(CNC(=O)CCl)CC1,0.5856,4.1613,-5.31,-5.99
COc1cccc(C[NH+]2C[C@H]3CC=CC[C@H]3C2)c1O,0.8052,4.632,-5.52,-7.25
C[C@@H](CC(=O)NCCc1cccc(O)c1)NC(=O)C1CCCCC1,0.7178,2.4937,-5.96,-8.53
Cc1ccc(S(=O)(=O)CCCN2CCS(=O)(=O)[C@@H](C)[C@@H]2C)cc1,0.7996,3.4629,-5.68,-7.48
Cc1ccc(-n2c(S[C@@H](C)c3nc4ccccc4c(=O)[nH]3)nc3ccccc3c2=O)nc1,0.3322,2.938,-6.64,-8.97
CC[C@H]1CCCCN1C(=O)c1ccnc2ccccc12,0.8328,2.3705,-5.79,-8.0
Cc1ccccc1C(=O)N1CCc2c(nc(-c3cccnc3)nc2N(C)C)C1,0.7059,2.4075,-6.55,-8.54
CC(C)c1ncc(Cl)c(C(=O)N(C)Cc2nccs2)n1,0.8708,2.6271,-5.5,-6.82
COc1ccc(/C=N/NC(=O)c2ccc(Cl)cc2Cl)cc1C(=O)[O-],0.6484,2.4473,-5.79,-8.14
Brc1ccc(Nc2nc3ccccc3o2)cc1,0.7625,1.8901,-5.96,-8.72
O=C(CCCNC(=O)c1ccsc1)NCc1cnc2ccccc2c1,0.6412,2.1235,-6.02,-9.19
CC(C)(C)OC(=O)N1CCC(C(=O)N2CCC(C(=O)Nc3ccccc3)CC2)CC1,0.8194,2.0326,-6.22,-8.47
CN(C[C@@H]1CCC[NH+]1C)C(=O)c1ccc(/C(N)=N/O)cn1,0.2847,4.4379,-5.71,-7.7
CCOc1ccc(/N=C2\S/C(=C\c3ccc(O)c(OC)c3)C(=O)N2CC)cc1,0.7294,2.3495,-6.21,-8.24
CC(=O)NCC(=O)NCC(=O)NC[C@@H]1CCC[C@@H](C)C1,0.6497,2.8743,-5.55,-8.1
COc1cc(/C=C/C(=O)N[C@@H](C)c2nc(C)cs2)ccc1OC(C)C,0.7541,2.7826,-5.75,-8.27
C[C@H]1Sc2ccc(C(=O)N(CCC(N)=O)c3ccccc3)cc2NC1=O,0.8473,2.8447,-6.27,-8.16
[NH3+]C[C@@H](Cc1ccc(F)c(Br)c1)c1ccc(F)cc1,0.8925,3.0444,-5.85,-8.14
CN(C)C(=O)[C@H](NC[C@@H]1CCCO1)c1ccccc1,0.8758,2.8609,-5.59,-7.38
CCCCN(CCO)C(=O)N[C@H](C)c1ccccc1Cl,0.812,2.5072,-5.28,-7.11
COc1cc(-c2nc(CCc3ccccc3)n[nH]2)ccn1,0.7801,2.3055,-5.76,-8.76
O=C([O-])CC[C@@H](C(=O)[O-])N1C(=O)/C(=C/c2ccc3cccc(Cl)c3n2)SC1=S,0.4828,3.8065,-6.3,-7.87
CC(C)(C)OC(=O)N1CCC[C@H]1CCC(=O)NNc1cccnc1Cl,0.6147,2.9301,-5.8,-8.16
[NH3+][C@H]1CCCCC[C@@H]1C(=O)N1CCCCC1,0.6695,3.441,-5.3,-6.27
Cc1nnc(-c2cccc(C(=O)NC(C)(C)c3cccc(F)c3)c2)o1,0.7838,2.2732,-6.3,-9.33
C[C@@H]1CCC[C@H](NC(=O)Nc2cccc(OCC(=O)N3CCCC3)c2)C1,0.8465,2.7641,-6.07,-9.03
CC(C)n1c([C@@H](C)NC(=O)[C@H](C)Sc2ccccn2)nc2ccccc21,0.6565,3.0539,-6.12,-8.32
C=CCSc1nc2c(c(=O)[nH]1)[C@@H](c1ccc(Cl)cc1)C(C(=O)OC)=C(C)N2,0.3425,3.2755,-6.25,-8.52
CCCCCCSc1nc2ncccn2n1,0.5711,2.4646,-5.19,-6.41
C[C@@H](C(=O)NC1CCCC1)[NH+](C)CCOc1ccccc1F,0.7938,3.6755,-5.65,-7.79
CC[C@@H]1COCCN1C(=O)NCc1nccn1Cc1ccccc1,0.9157,2.7677,-5.92,-8.36
CN(Cc1nccs1)C(=O)[C@@H]1CCCN1C(=O)c1ccccn1,0.8573,2.8534,-5.84,-7.21
CCOc1ccc([C@@H](C)Nc2ccc([N+](=O)[O-])cc2C#N)cc1OC,0.6026,2.6089,-5.94,-8.39
Cc1ccc(N2C[C@H](C(=O)NCCCN3CCCC3=O)CC2=O)cc1,0.7956,2.5554,-5.92,-8.71
Cc1cc(CN2CCOCC2)oc1C(=O)N1CCC(c2ccncc2)CC1,0.8294,2.4808,-6.05,-8.64
COc1ccc(-c2cc(C(=O)N3C[C@@H](C)C[C@@H](C)C3)c3ccccc3n2)cc1OC,0.6115,2.8075,-6.43,-9.35
C=CCOc1ccccc1[C@H]1Nc2ccccc2C(=O)N1CCOC,0.7856,2.8041,-6.03,-8.45
CC[C@](C)([C@@H](O)C1CCOCC1)N1CCOCC1,0.8235,3.6748,-5.41,-6.94
O=C(N[C@H]1CCN(c2ccccc2)C1)c1cnc(Cc2ccccc2)s1,0.751,2.568,-6.28,-8.8
C=CCNC(=O)Nc1c(F)cccc1F,0.7412,2.0571,-5.31,-6.3
C[C@H](Sc1ccc(Cl)cc1)C(=O)NNC(=O)c1cccnc1,0.6654,2.4463,-5.85,-8.1
O=C(CSc1ccc(-c2ccc([N+](=O)[O-])cc2)nn1)c1ccc(Cl)cc1,0.2648,2.1132,-6.15,-8.83
Cc1ccc(NC(=O)Cn2c(=O)ncc3cc(S(=O)(=O)N4CCCC[C@@H]4C)ccc32)c(C)c1,0.6196,2.9106,-6.02,-8.75
Cc1cccc(CSc2nc([O-])c(C#N)c(-c3ccccc3)n2)c1,0.538,2.5563,-6.02,-8.97
COc1ccc(C(=O)/C=C/C(=O)c2ccc(OC)cc2)cc1,0.6059,1.7741,-5.68,-7.96
NC1=[NH+]C[C@H](c2cn(CCO)nn2)N1,0.3993,4.7305,-5.22,-6.2
CC[C@H](C)n1nccc1NC(=O)[C@@H]1CC(=O)N(Cc2ccc(C)cc2)C1,0.8664,3.0307,-6.09,-8.51
CC(C)[C@H](C)NC(=O)c1ccc2c(c1)OCCCO2,0.9116,2.4551,-5.71,-7.66
Cc1ccc([C@H]2C[C@H]2C(=O)N2CCN(C)C[C@@H]2C)s1,0.8287,3.5406,-5.41,-6.91
CC(=O)c1ccc(SC(F)F)cc1,0.5527,1.9386,-5.08,-6.17
O=C(NC1CC1)C(=O)N1CCN(c2ccc(F)cc2)CC1,0.8183,1.9478,-5.8,-8.01
COc1ccc(C(=O)COC(=O)c2ccc(-c3nc(C)no3)cc2)cc1F,0.4858,2.0908,-6.06,-9.0
CCC[C@H]1CCC[C@](O)(Cc2[nH+]ccn2CC)CC1,0.8168,4.3869,-5.51,-7.31
C[C@H]1CN(C/C=C/c2ccccc2[N+](=O)[O-])[C@H](C)CO1,0.6265,3.2504,-5.63,-7.11
CC(C)[C@@H](O)c1ccn(C[C@@H](C)O)c1,0.769,3.714,-4.9,-5.85
O=C([O-])CCCCCN1C(=O)/C(=C/c2cccc(O)c2)SC1=S,0.4595,2.7001,-5.64,-6.71
O=C1CN(C(=O)COC(=O)/C=C/c2ccc(OC(F)F)cc2)c2ccccc2N1,0.5934,2.4046,-6.21,-8.89
CC(C)NC(=O)[C@@H]1CCC[C@@H](NC(=O)NC[C@@H](C)Nc2ccccc2)C1,0.6034,3.1479,-5.85,-8.13
O=S(=O)(/N=C(\[O-])CSc1ccc(F)cc1)c1cccs1,0.4783,2.8613,-5.7,-7.76
CCN(CC(=O)NC[C@@H]1CCS(=O)(=O)C1)c1ccc(F)c(F)c1,0.8442,2.9119,-5.68,-7.68
C[NH2+][C@@H](C(OC)OC)[C@H]1CCO[C@]2(CCOC2)C1,0.6929,5.4067,-5.4,-6.86
Cc1nc(-c2ccccn2)sc1C(=O)NC[C@H]1CCS(=O)(=O)C1,0.9051,2.9049,-5.97,-8.1
Cc1cc(C[NH+](Cc2ccccc2C)CC(C)C)n(C)n1,0.8645,3.8475,-5.6,-7.95
CO[C@]1(C)C[C@H](NC(=O)NCC2(C(=O)N(C)C)CCCC2)C1(C)C,0.806,3.9887,-5.66,-7.76
COc1ncccc1CNC(=O)C1=Cc2cc(F)ccc2OC1,0.9407,2.3991,-5.89,-8.29
CCn1cc(C[NH+]2CCCN(C(=O)c3ccn(C)c(=O)c3)CC2)cn1,0.8158,4.0427,-6.17,-8.49
Cc1ccc(CN(C(=O)C[C@H]2C[NH2+]CCO2)C2CC2)cc1,0.8729,3.6104,-5.57,-7.49
CC(=O)/N=C1\S[C@@H]2CS(=O)(=O)C[C@@H]2N1c1ccc(Br)cc1Cl,0.6946,3.5267,-5.84,-7.05
CC(=O)Sc1ccc2ccccc2c1,0.6585,1.9605,-5.56,-6.99
Cc1ccc2[nH]c(C)c([C@H](O)C[NH+]3CCC(C)CC3)c2c1,0.7951,4.1477,-6.02,-8.3
CN(Cc1ccco1)C(=O)c1nn(C)c2ccc(Cl)cc2c1=O,0.739,2.3629,-6.02,-7.98
COC(=O)[C@H](NC(=O)[C@H]1C[C@@H]1c1ccccc1)c1ccc(Cl)c(F)c1,0.8275,3.0828,-6.06,-8.28
CC(C)(CNC(=O)N1CCC[C@@H]1C[NH+]1CCC[C@@H]1CO)c1ccccc1F,0.6993,4.4871,-6.05,-8.29
Cc1ccc(NC(=O)C[C@H]2C(=O)NCCN2C(=O)CCC(=O)[O-])c(C)c1,0.7082,3.0718,-5.71,-7.45
CCn1nc(C)cc1C(=O)N(CCN1CCOCC1)c1nc2ccc(Br)cc2s1,0.5424,2.5988,-6.29,-8.31
Cc1c(F)cccc1NC(=O)c1ccc(S(=O)(=O)CCCC#N)cc1,0.7993,2.1215,-5.98,-8.85
COC[C@H](O)C[NH+]1CCC(NC(=O)NCc2ccn(C)c2)CC1,0.5127,4.2143,-5.51,-7.65
CCOC(=O)c1sc(NC(=O)c2cccc3ncccc23)cc1C,0.7281,2.1416,-6.17,-8.51
C[C@@H](Cn1cccn1)NC(=O)N1CCCc2ccccc21,0.9408,2.7156,-6.05,-8.21
CCCN1C[C@H]2CC[C@@H]1C[NH+](Cc1cccc(OC)c1OC)C2,0.8624,4.9796,-5.45,-7.41
CCOC(=O)[C@@H]1[C@H](c2ccncc2)[C@@H](C#N)C(SCC(N)=O)=N[C@@]1(C)O,0.7254,4.2472,-5.76,-7.68
CC1(C)C[C@H]([NH2+]Cc2ccn(C3CCCC3)n2)c2ccc(F)cc2O1,0.9224,3.9295,-6.19,-8.32
O=C1O/C(=C/c2ccccc2)c2ccc([N+](=O)[O-])cc21,0.4754,2.2344,-5.96,-8.19
CCc1ccccc1NC(=O)CCSCc1nc2sc3c(c2c(=O)[nH]1)CCC3,0.5665,2.4644,-6.26,-8.74
Cc1ccc(NC(=O)CN2CCN(C(=O)C3CCN(C(=O)c4cccs4)CC3)CC2)cc1,0.7541,2.1144,-6.34,-7.99
CCCSc1ccccc1C(=O)NC(C)(C)C,0.8264,1.9943,-5.25,-6.49
CC[NH+]1CCC[C@@H]1CNC(=O)C[C@H](O)c1ccc(Cl)cc1,0.7324,4.369,-5.68,-8.15
O=S(=O)(Nc1cccc(S(=O)(=O)Nc2cccc(Cl)c2)c1)c1ccc(F)cc1,0.6036,1.9099,-6.42,-9.08
Cc1ccc2c(c1)CCN2C(=O)CN1C(=O)c2ccc(C)cc2C1=O,0.793,2.1332,-6.36,-8.91
CCNS(=O)(=O)c1ccc(C)c(C(=O)N2CC[S@@](=O)C(C)(C)C2)c1,0.8628,3.3313,-5.88,-8.34
Cc1ccc(CCC(=O)Nc2ccc3c(c2)C(=O)N(C[C@H]2CCCO2)C3=O)cc1,0.7653,2.5438,-6.44,-9.23
CCCCOc1ccc(NC(=O)[C@]2(C)CC[C@](C)(C(=O)[O-])C2(C)C)cc1,0.7561,3.4764,-5.61,-8.07
CC(C)CC(=O)/N=C1/S[C@H]2CS(=O)(=O)C[C@@H]2N1c1ccc(Br)cc1F,0.7092,3.5724,-5.95,-7.37
CCOC(=O)N1CCN(C(=O)c2c(F)c(F)c3c(c2F)N(CCCOC)CCS3(=O)=O)CC1,0.4393,3.0626,-6.06,-8.33
CC(C)c1ccc(NC(=O)C(=O)N[C@@H](C)CC[NH+](C)C)cc1,0.6805,3.3783,-5.49,-7.83
Cc1cc(NC(=O)CCNS(=O)(=O)c2ccc3c(c2)CCCC(=O)N3)ccc1Br,0.5901,2.3199,-6.44,-9.87
Cc1ccc(COc2ccc(/C=N/NC(=O)[C@H](O)c3ccccc3)cc2)cc1,0.4886,2.4047,-6.36,-9.19
CC(=O)c1ccc(NC(=O)NCC[C@H](C)[S@](C)=O)cc1C,0.7926,3.2263,-5.61,-8.27
Cc1nc(SCC(=O)c2ccc(O)c(O)c2)c(C#N)c(-c2ccc(Br)cc2)c1C#N,0.3014,2.633,-6.24,-8.97
C=Cn1ncc(C[NH+]2CCC(c3cc4c(C)cccc4cn3)CC2)c1C,0.787,3.9771,-6.36,-9.1
CC[C@@H]1CN(C(=O)c2cnn(CC)c2)CC[C@H]1c1ccccc1,0.8657,2.9785,-5.97,-8.7
C[C@H]1CCCCN1C(=O)[C@@H](Cc1ccccc1)[NH+](C)C,0.8757,3.6164,-5.79,-7.25
CCCCN1C(C)=CC(=Cc2sc3ccccc3[n+]2C)C=C1C,0.7149,3.1677,-5.84,-7.51
Cc1nn(Cc2nc(C(C)(C)C)cs2)c(C)c1C(=O)[O-],0.8624,3.0313,-5.61,-7.35
COCCNCc1cc(=O)nc([C@H]2CN(C)CCO2)[nH]1,0.6855,3.333,-5.63,-7.3
CC(C)[C@](C)(CNC(=O)OC(C)(C)C)NC(=O)c1cncc(Br)c1,0.7929,3.1138,-5.7,-7.23
O=C(NC[C@@H]1C[C@H]1c1ccccc1)c1cccc2cc[nH]c12,0.7558,2.9078,-6.28,-8.83
CNS(=O)(=O)c1ccc(CNC(=O)CCc2cccc(Cl)c2)cc1,0.7901,1.841,-5.93,-8.92
O=C(OCc1cnc(-c2ccc([N+](=O)[O-])cc2)o1)C1CC=CC1,0.3636,2.6657,-5.86,-7.98
COc1ccccc1NC(=S)Nc1ccc(C(F)(F)F)cc1,0.8125,1.7653,-5.91,-7.57
CN(Cc1csc(Br)c1)Cc1cc(N)cc[nH+]1,0.9425,3.8227,-5.61,-7.26
O=C(CSCc1nc(-c2ccccc2)no1)NCc1ccccc1Cl,0.679,2.0365,-6.06,-8.6
CCCCOc1ccc(S(=O)(=O)Nc2ccc(Cl)cn2)cc1C,0.7622,2.0254,-5.7,-8.02
Cn1cc(N2CC[C@H](NC(=O)c3ccccc3Cn3cncn3)C2=O)cn1,0.7138,3.0576,-6.38,-8.69
COc1ncnc2c1nc([S-])n2[C@H](C)c1sc(C)nc1C,0.6906,3.9183,-5.84,-8.43
O=C(COc1cccc(C(F)(F)F)c1)N1CCN(c2ccc(O)cc2)CC1,0.8856,2.012,-6.13,-9.38
CCC[C@H](C)NC(=O)[C@@H](C)N1CC[NH+](Cc2ccon2)CC1,0.7481,4.4657,-5.58,-7.71
O=C(COc1ccccc1F)Nc1cccc(-c2cn[nH]c2)c1,0.7599,2.0137,-6.26,-9.43
COc1c(C)cccc1C(=O)NC(=S)N1CCN(c2c(Cl)cccc2[N+](=O)[O-])CC1,0.4353,2.4394,-6.34,-9.05
Cc1ccc(-c2nn(-c3ccccc3)cc2/C=N/NC(=O)c2cccs2)cc1,0.4001,2.1723,-6.55,-9.39
CCc1ccc(-n2c(CCl)nc3c(C)nn(C)c32)cc1,0.6928,2.5728,-5.98,-8.97
Cc1ccc(C(=O)N(C[C@@H]2CCCO2)c2nc3ccc(S(C)(=O)=O)cc3s2)cc1,0.6148,2.7471,-6.38,-8.23
O=C(Nc1ccc(NC(=O)[C@@H]2C=CC=NC2=S)cc1)[C@@H]1CCCO1,0.8225,3.4718,-5.74,-8.16
Cc1onc(-c2ccccc2Cl)c1C(=O)Nc1ccc(Cl)cc1F,0.6809,2.0355,-6.43,-9.24
O=S(=O)([O-])c1cc(O)cc2ccc(Br)cc12,0.8193,2.7381,-5.65,-7.82
Cc1csc([C@H](NC(=O)N2CCOC[C@H]2C2CC2)C2CC2)n1,0.9275,3.5731,-5.72,-6.91
Cc1nn(-c2ccccc2)c(C)c1CN1C[C@@H](C[NH+]2CCCC2)[C@@H](CO)C1,0.8046,4.1693,-6.2,-8.5
CC1CC[NH+](CC(=O)N2CCCCC2)CC1,0.7188,3.6938,-5.25,-6.53
Cc1ccc(CC(=O)Nc2cccc(C[NH+]3CCCCC3)c2)s1,0.8688,3.3268,-6.14,-8.61
COc1ccc(CCNC(=O)CNc2ccc(Cl)cc2C)cc1,0.8164,1.7622,-5.77,-8.53
C[C@H](NS(=O)(=O)c1cccs1)C(=O)OCc1ccccn1,0.8142,2.6534,-5.63,-7.54
CCC(CC)NC(=O)C(=O)Nc1ccc(Sc2nccn2C)cc1,0.7888,2.38,-5.69,-8.16
COc1cccc2cc(S(=O)(=O)N3CCCCCC3)c(=O)oc12,0.8037,2.2241,-5.93,-8.38
CC(C)[C@H](C(=O)N(C)C[C@H]1CCC[NH+]1C)/C(N)=N/O,0.2633,5.1039,-5.56,-7.3
CN(Cc1cnn(-c2ccc(F)cc2)c1)C(=O)[C@H]1CC(Cc2cccc(F)c2)=NO1,0.6251,3.084,-6.29,-8.77
O=C(Cc1cccc(C(F)(F)F)c1)N(CC1CC1)CC1CC1,0.7801,2.1901,-5.71,-7.72
Cc1cc(CNC(=O)C(=O)NCc2ccc(Cl)cc2)c(C)o1,0.8502,2.0806,-5.92,-8.67
Cc1cccc(N2C[C@@H](C(=O)N3CCCN(C(=O)C(C)(C)C)CC3)CC2=O)c1C,0.7683,2.7593,-6.21,-8.61
C[C@H]1C[C@@H](C)C(=O)C(=C(CC2CC(=O)NC(=O)C2)N2CCCC2)C1=O,0.4766,4.0404,-5.99,-8.21
Cc1nnc2ccc(N[C@H]3CC[NH+](CC4CC4)C3)nn12,0.8174,4.6089,-5.74,-7.98
C[C@H]([NH3+])c1nc(C(=O)NCC2(C)COC2)cs1,0.8081,3.8235,-5.26,-7.3
CCc1cc(C[NH+]2CCC[C@H](CNC(=O)c3ccc(-c4ccccc4)cc3)C2)on1,0.6361,3.793,-6.51,-10.01
COCCOC[C@@H]1CCN(c2ccc(I)c(C)[nH+]2)C1,0.5614,4.0153,-5.51,-7.15
CN(C[C@H]1CCC[NH+]1C)c1nc(Br)cn2ccnc12,0.8984,4.9773,-5.63,-7.75
C[C@H]1C[C@H]([NH2+]Cc2cccc(OCC#N)c2)c2ccccc2S1,0.9176,4.0213,-6.02,-8.36
Cc1cc(C)cc(C(=O)NCc2n[nH]c3ccccc23)c1,0.7736,2.1072,-6.25,-8.96
O=C(NCCc1cccs1)[C@H](Sc1ccccc1)c1ccccc1,0.6096,2.4144,-6.14,-8.75
CC(C)Sc1c(Cl)cccc1NC(=O)C(=O)NC1CCCC1,0.6464,2.3228,-5.9,-8.39
CN(C)c1ncccc1C(=O)Nc1ccc(F)cc1OCC(F)F,0.8782,2.3418,-5.99,-8.3
Cc1cc(C)n2nc(C(=O)N3CCN(Cc4ccc(-c5cccc(Cl)c5)s4)CC3)nc2n1,0.4531,2.573,-6.52,-9.35
Clc1ccc2nc3ccccc3cc2c1,0.5138,1.6456,-5.58,-7.38
Cc1nc(Nc2cnccn2)cc([C@H]2CCC[NH+]2C(C)C)n1,0.8941,4.496,-5.82,-7.85
CC[C@@H]1OCC[C@@H]1C[NH2+]C(C)C,0.6658,4.8294,-4.84,-5.54
C=CC1CC[NH+](Cc2c[nH]nc2C(C)(C)C)CC1,0.7841,4.6817,-5.42,-7.02
CCS(=O)(=O)N1CCC(C(=O)N2CCCc3cc(C)cc(C)c32)CC1,0.8284,2.4378,-6.25,-8.45
C[C@@H]([NH3+])[C@H](c1ccco1)[NH+]1C[C@H](C)[C@@H](C)C1,0.7526,5.6618,-5.24,-6.59
CC1CCC(NC(=O)CS(=O)(=O)C[C@H]2CCCO2)CC1,0.8301,2.9474,-5.69,-7.89
COc1ccccc1[C@@H](C#N)NC(=O)[C@@H](C)Sc1ccccn1,0.8257,3.0437,-5.68,-8.0
CC1CCC(C[NH+](C)C2CCN(S(C)(=O)=O)CC2)CC1,0.8327,3.9935,-5.6,-7.36
C/[NH+]=C(/NCc1cc(C)on1)NCc1ccccc1-n1ccnc1,0.4583,3.199,-6.08,-8.66
O=S(=O)(NC[C@@H](c1ccccc1Cl)[NH+]1CCCC1)c1cc(F)cc(F)c1,0.7801,3.8559,-6.38,-8.45
Cc1ccc(C)n1NC(=O)CC1C[NH2+]C1,0.7074,3.7702,-5.33,-6.49
O=C1/C(=C/C=C/c2ccccc2)SC(=S)N1c1cccc([N+](=O)[O-])c1,0.3426,2.3708,-6.33,-7.33
[NH3+]CC(=O)N(C1CC1)[C@@H]1CCCC[C@H]1NC(=O)OCc1ccccc1,0.8174,3.4919,-5.81,-7.65
CSc1ccccc1NC(=O)Cc1csc(NC(=O)c2ncccn2)n1,0.6331,2.374,-6.12,-8.36
Cc1cccc([C@H]2C[C@H]2C[NH3+])c1,0.6794,3.6546,-4.86,-5.79
CCOC(=O)C1=C(C)NC2=NC(SC)=NC(=O)[C@@H]2[C@@H]1c1ccccn1,0.8295,3.9198,-5.9,-7.08
Cc1ccc(C)c(NCN2C(=O)S/C(=C\c3ccc(C)o3)C2=O)c1,0.839,2.4332,-5.97,-8.0
CCc1cccc(C)c1N1C(=O)/C(=C/c2ccc3c(c2)OCO3)SC1=S,0.5678,2.4666,-6.31,-7.93
COc1cc(C)ccc1NC(=O)c1cc[nH]n1,0.8483,2.3319,-5.56,-7.35
Cc1ccc2oc(=O)cc(CNC(=O)COc3c(F)c(F)c(F)c(F)c3F)c2c1,0.301,2.5012,-6.0,-9.15
CC(=O)Oc1ccc2cc(-c3ccc4c(c3)OCO4)c(=O)oc2c1,0.4095,2.2369,-6.4,-9.38
COc1ccc(NC(=O)C[C@H]2SC(N)=NC2=O)c([N+](=O)[O-])c1,0.6057,2.8274,-5.82,-7.8
CCC(CC)(CNC(=O)N[C@@H]1CCC[C@]1(C)CO)S(C)(=O)=O,0.6563,4.1742,-5.59,-7.88
O=C(c1ccc(O)cc1)C1CCN(C(=O)c2ccc3c(c2)OCCCO3)CC1,0.826,2.1472,-6.34,-8.81
C[NH2+][C@H](C1CCCCC1)C(OC)OC,0.6676,4.043,-5.06,-6.01
CCc1cc(CN2CC[C@@H]([NH3+])[C@H](C)C2)n(CC)n1,0.8648,3.9458,-5.38,-7.0
CC(C)[C@@H](CNC(=O)N1CCC1)N1CC[NH+](C)CC1,0.7054,4.0807,-5.45,-7.4
CC(C)C[C@H]1CSC(N[C@H]2CCCC2(C)C)=[NH+]1,0.8035,4.9002,-5.19,-6.86
C[C@H]([NH3+])c1c(F)cccc1N1CCO[C@@H](C#N)C1,0.8463,4.0572,-5.44,-6.84
Cc1cccc(C2(Cc3nccs3)C[NH2+]C2)c1,0.8725,3.4501,-5.52,-7.43
COc1ccc(C(=O)NCc2ccc(SC)cc2)c(O)c1,0.8336,1.8307,-5.66,-8.18
CCc1ccc(CCNC(=O)Nc2ccc(C(=O)N(C)OC)cc2)cc1,0.7492,1.9742,-5.91,-8.6
O=C(NCC1(O)CCOCC1)[C@@H]1CCN(c2cc(F)cc(F)c2)C1=O,0.7903,3.1742,-6.08,-8.11
Nc1cc(C(=O)Nc2c(F)cccc2F)ccc1F,0.821,1.8493,-6.1,-8.66
Cc1ccc(CNn2c(-c3ccncc3)n[nH]c2=S)s1,0.7271,2.7213,-5.77,-7.36
CCc1nc(COC(=O)Cc2csc(CC)n2)cs1,0.7689,2.4692,-5.49,-7.68
Cc1cnc(Cl)nc1Nc1ccccc1C(F)(F)F,0.8413,2.2544,-5.83,-7.89
COc1ccc(Cc2nc3ccccc3n2CC(=O)N2CCCCC2)cc1OC,0.6414,2.0691,-6.4,-9.31
CC(C)c1nc(CS(=O)(=O)[C@@H](C)C(=O)NCc2cccs2)cs1,0.8106,3.0493,-5.76,-7.58
CC[NH+](CC(C)(C)O)CC1(C[NH3+])CCC(C)CC1,0.6218,4.9905,-5.42,-7.06
CCc1nc(C)ncc1C(=O)Oc1ccc2cn[nH]c2c1,0.5892,2.494,-6.05,-8.59
Cc1cc(C)nc(Nc2nc(-c3ccc(NC(=O)NC4CCCCC4)cc3)n[nH]2)n1,0.5067,2.5007,-6.46,-9.03
Cc1csc(=O)n1CCC(=O)Nc1ccc(/N=N/c2ccccc2)cc1,0.6441,2.3465,-6.15,-8.78
C[C@H](Oc1ccc(Br)cc1)C(=O)N1CCN(C(=O)[C@H]2CCCO2)CC1,0.7615,2.8509,-5.84,-7.39
CCC(CC)CN(CC)C(=O)c1cccnc1N1CCCCC1,0.7633,2.316,-5.63,-7.32
O=[N+]([O-])c1cccnc1SC[C@@H]1CCCC[NH2+]1,0.4976,4.1765,-5.55,-7.21
CN(C[C@@H]1CCC[NH+]1C)C(=O)c1csc(/C=C/C(=O)[O-])c1,0.7289,5.0839,-5.65,-7.25
COCCNC(=O)[C@H](C)S(=O)(=O)c1cccc(C)c1,0.7889,2.5288,-5.33,-7.04
O=c1oc(-c2ccc([N+](=O)[O-])cc2)nc2ccc(O)cc12,0.5719,2.1156,-6.14,-8.36
COc1ccc(OCC[NH+]2CCC[C@H]2c2cc(C(C)C)on2)cc1,0.8472,4.2076,-5.83,-8.08
C[C@H]1CCc2c(sc(NC(=O)c3nc4ncccn4n3)c2C#N)C1,0.774,3.1977,-5.82,-8.47
C[C@@H](C(=O)Nc1cncc2ccccc12)c1cccs1,0.7875,2.6812,-5.95,-8.06
COc1ccc2[nH]c3c(N4C[C@@]5(C)C[C@@H]4CC(C)(C)C5)ncnc3c2c1,0.7379,4.1795,-6.2,-8.67
Cc1cccc(C)c1C(=O)Nc1ccc(CC(=O)N(C)C)cc1,0.9426,1.8497,-6.01,-8.43
C[NH+](C)CCNc1nc2cccc(Cl)c2s1,0.8685,3.462,-5.36,-7.32
C[C@H]1CCC[C@@H](C)N1C(=O)Cn1cc(Cl)c(=O)[nH]c1=O,0.8843,3.2343,-5.73,-7.66
Cc1cccc(N2C[C@H](C(=O)Nc3ccc4c(c3)OCCO4)CC2=O)c1,0.9223,2.5024,-6.05,-9.12
C[C@@H]1Cc2ccccc2[C@@H]1NC(=O)NCCc1cscn1,0.9121,3.253,-6.0,-8.15
COc1ccc([N+](=O)[O-])cc1C[NH+](C)C1CCC(=O)CC1,0.6522,3.8721,-5.62,-7.27
CC1(C)CCC[C@]2(CC[NH2+]C[C@H]2c2ccc(F)cc2)CC1,0.8088,4.5663,-5.76,-6.9
Cc1n[nH]c(C)c1CC(=O)N1CCCC[C@@H]1C(=O)[O-],0.8114,3.277,-5.61,-6.78
O=C(Cc1cccc(NC(=O)c2cc(-c3ccccc3)nc3ncccc23)c1)NC1CC1,0.4833,2.1664,-6.86,-10.14
CCOC(=O)Nc1cccc(/N=C/c2cc(OCC)ccc2O)c1C,0.7617,2.3691,-5.62,-9.34
CCc1ccccc1NC(=O)Cn1nnc(C(=O)Nc2cc(C)ccc2C)c1C,0.6711,2.1365,-5.66,-8.79
CC(=O)Nc1ccc(NC(=O)CCc2c(C)noc2C)cc1,0.8891,1.8994,-5.75,-8.14
O=c1cc(NCc2ccc(Cl)cc2)c2ccccc2o1,0.738,1.8496,-6.16,-8.31
CCOC(=O)c1c(NC(=O)c2ccc(C)c(S(=O)(=O)N3CCOCC3)c2)sc2c1CCC2,0.6407,2.3578,-6.54,-8.68
COC(=O)[C@]1(Cc2ccc(O)cc2)[NH2+][C@@H](c2ccc(F)cc2)[C@@H]2C(=O)N(C)C(=O)[C@H]21,0.5629,4.2752,-6.38,-8.82
COc1cc(C[NH+]2CCC[C@H]2CN2CCOCC2)ccc1F,0.8677,4.1445,-5.66,-6.84
COc1ccccc1[C@H]1CC[NH+](Cc2ccccc2OCc2ccccn2)C1,0.6887,3.7046,-6.32,-8.19
CCC(CC)[S@](=O)CCC(=O)[O-],0.5964,4.3915,-4.85,-5.75
CCN(Cc1ccc2c(c1)OCO2)C(=O)c1nc2n(n1)-c1ccccc1S(=O)(=O)[N-]2,0.6284,3.3435,-6.3,-8.76
CCOC(=O)N1CCC(Nc2nn3cc(-c4ccccc4)nc3s2)CC1,0.76,2.4266,-6.18,-9.08
O=C(Nc1ccccc1)C1CCN(C(=O)c2c[nH]c3c[nH+]ccc23)CC1,0.7617,2.853,-6.54,-9.29
C[NH+](C)CCN(Cc1cccs1)C(=O)c1cccc(-n2cncn2)c1,0.6901,3.1317,-5.85,-8.08
CCC[C@H](/C([O-])=N/S(=O)(=O)c1cccc(OC)c1)c1ccccc1,0.5703,2.9847,-5.78,-8.38
O=C(C[C@H](O)c1ccccc1)NC1c2ccccc2Oc2ccccc21,0.7477,2.6627,-6.55,-9.19
Cc1cccc(C(=O)OCC(=O)NCc2ccc(F)cc2F)c1,0.8623,1.8055,-6.02,-9.05
O=c1cc(CO)occ1OC[C@H]1CCCO1,0.8176,2.9846,-5.41,-6.19
N#Cc1cc(NCC(=O)Nc2ccnn2C2CCCC2)ccc1Cl,0.8689,2.431,-6.03,-8.62
C[C@@H](C[NH+]1CCCC1)n1c(N)nc2cc(Cl)c(Cl)cc21,0.912,4.3639,-5.9,-7.98
CCCNc1ccc(C#N)cc1NC(=O)c1cccc(OC)c1F,0.8465,2.1791,-5.79,-8.32
CCSCC[C@H](C)Nc1ncc(C)cc1[N+](=O)[O-],0.4673,3.0955,-5.31,-6.75
COc1ccc([C@@H](C)CC[NH2+][C@H](C)c2ccc(F)cn2)cc1,0.8536,3.7207,-5.73,-8.04
N#Cc1ccc(Nc2cccc(Cn3cccn3)c2)nc1,0.7946,2.216,-5.81,-7.93
CC(C)CN(C)[C@H]1CCC[NH2+]C1,0.6473,4.5615,-4.88,-5.54
N#Cc1ccc(S(=O)(=O)[N-]Cc2ccnc(OC3CCC3)c2)cn1,0.7974,3.4195,-5.86,-8.15
N#Cc1csc(C(=O)Nc2cnn(C[C@H]3CCCO3)c2)c1,0.939,3.0848,-5.65,-7.53
C[C@@H]1Oc2ccccc2O[C@@]1(C)O,0.658,3.354,-4.93,-5.97
O=C(N[C@H]1CCN(c2cccc(OC(F)(F)F)c2)C1=O)c1ccc(OC(F)F)cc1,0.7098,2.7958,-6.23,-9.21
Cc1ccn2cc(-c3ccc(/C=N/NC(N)=[NH2+])cc3)[n+](C)c2c1,0.2694,3.5503,-6.05,-8.66
CC(C)=CCC[C@H](C)[NH2+][C@H]1CCO[C@@H]1C,0.6917,4.9318,-5.09,-5.88
CCNC(=O)CCCC(=O)Nc1cc(-c2ccccc2C)nn1C,0.8202,2.1519,-5.83,-8.77
COc1ccccc1NC(=O)c1cccc(C)c1OC,0.928,1.5988,-6.0,-7.92
O=C1[C@@H]2CNCCN2C(=O)N1c1cccc([N+](=O)[O-])c1,0.477,2.8891,-5.79,-7.18
COc1ccc(OC)c2c1[C@H]1CC[C@@H]2C1,0.7367,3.5867,-5.26,-6.26
CC(C)(C)OC(=O)[C@@H]1CCCN1Cc1cnn([C@]2(C)CCS(=O)(=O)C2)c1,0.7366,3.7229,-5.88,-7.3
CCn1c(C[C@@]2(O)CCC[C@@H](C)[C@@H]2C)[nH+]c2ccccc21,0.9248,4.5198,-5.89,-7.79
O=C(CC[C@H]1CCCOC1)O[C@@H](C1CCCCC1)C(F)(F)F,0.71,3.4401,-5.85,-7.61
CCC[C@H](C)C(=O)N[C@H](C)c1cccc(Br)c1,0.8722,2.6472,-5.31,-6.81
COc1ccc(S(=O)(=O)Nc2ccc(C(=O)Nc3sc4c(c3C#N)CC[C@H](C)C4)cc2)cc1,0.5254,2.7097,-6.33,-9.05
C[C@]12CC[C@H]3O[C@H](Cc4ccccc4)OC[C@@]3(C)[C@@H]1CC[C@H]1OC(=O)C[C@H]12,0.7349,4.309,-6.01,-7.67
Cc1ccccc1CNC(=O)NC1CCC(C(=O)OC(C)(C)C)CC1,0.8171,2.112,-5.97,-8.25
C#CCNC(=O)N[C@@H](C)Cc1cc(C)cc(C)c1,0.783,2.7644,-5.4,-6.95
CCc1nsc(Nc2ccc(CC(=O)N3CC[NH+](CC)CC3)cc2)n1,0.8108,3.4521,-5.81,-8.17
C[NH+](C)CCSCC(C)(C)C(=O)[O-],0.5448,4.9146,-4.86,-5.63
CCOCc1ccc(NC(=O)N(CC)CCC#N)cc1,0.8315,2.0957,-5.21,-7.0
Cc1cn(-c2ccccc2Cl)nc1NC(=O)NC[C@H]1CC[NH+](CC(C)C)C1,0.7092,4.2604,-6.3,-8.62
C[C@H]1CCC[C@H](C)C1NC(=O)c1ccc2c(=O)n(C)c(=O)n(C)c2n1,0.8865,3.279,-6.06,-8.56
Cc1ncccc1C(=O)N(C)[C@H]1CC[NH+](Cc2ccccc2)C[C@@H]1C,0.9253,4.2174,-6.19,-8.36
COc1ccc(S(=O)(=O)N(Cc2ccco2)C[C@@H]2C=c3ccc(C)cc3=[NH+]C2=O)cc1,0.5651,3.7187,-5.68,-8.16
CCN(Cc1ccccn1)S(=O)(=O)c1cnc2c(c1)c(C)nn2C,0.7052,2.4287,-6.07,-7.87
CCNS(=O)(=O)[C@@H]1CCN(C(=O)[C@@H](C)c2cccc(F)c2)C1,0.89,3.2448,-6.02,-8.53
C[C@H](Oc1cccc(F)c1)C(=O)N1CCOC[C@@H]1C1CC1,0.8543,3.0557,-5.63,-7.34
O=C(Nc1ccc(Oc2ccccc2)cc1)c1snc2c([O-])ncnc12,0.5975,2.6343,-6.41,-9.38
COCCN1C(=O)c2oc3ccc(C)cc3c(=O)c2[C@H]1c1ccc(C(=O)OC)cc1,0.6044,2.7301,-5.88,-8.87
Cc1ccc([C@H](O)C[NH+]2CCC[C@@H]2c2ccc[nH]2)cc1,0.7792,4.5651,-5.92,-8.07
O=C(Cc1ccc(F)cc1F)NCc1cc(Cl)c2c(c1)OCCO2,0.9175,2.2045,-6.11,-8.81
CC(C)[C@H]1CN(Cc2cccc(O)c2)C2(CCCC2)C[NH2+]1,0.8945,4.3509,-5.71,-6.83
CSCC[C@H](NC(=O)c1ccccc1Br)C(N)=O,0.8347,2.4409,-5.48,-6.76
CC[C@@H](c1ccccc1)[C@H]1CCCN1S(=O)(=O)c1cn(C)cn1,0.8453,3.3317,-5.87,-7.62
CCOC(=O)Nc1cccc(C(=O)Nc2cccc(N3CCCC3=O)c2)c1,0.8446,1.9583,-6.27,-9.23
CCOC(=O)[C@@H]1Nc2ccc3cc4ccccc4cc3c2[C@@H]1O,0.5627,3.2547,-6.27,-9.57
O=C([O-])CN(CC(=O)[O-])[N+](=O)[O-],0.308,4.4385,-4.85,-5.29
CCOC(=O)c1sc2nc(SCC(=O)N3CCCc4ccccc43)n(N)c(=O)c2c1C,0.2711,2.5621,-6.38,-9.26
C[C@@H](NC(=O)c1ccc2c(c1)OCO2)c1ccccc1Br,0.9208,2.3465,-5.99,-8.49
C[NH+](C)CCN(Cc1cccs1)C(=O)NCC1(C)CCCC1,0.7906,3.4924,-5.6,-7.2
COC1CC[NH+](CCNC(=O)/C=C(/C)c2ccc(C(F)(F)F)cc2)CC1,0.7507,3.5831,-5.63,-8.41
C[C@H](c1ccncc1)N(C)C(=O)[C@H]1CCCN(C(=O)c2ccc(Cl)c(Cl)c2)C1,0.7341,2.9619,-6.39,-8.89
C[C@@H]1CN(Cc2ccccc2)CCN1C(=O)c1ccc(F)nc1,0.8173,2.4834,-6.06,-8.32
C[C@@H]1CN(C(=O)c2ccccc2)c2ccccc2N(CC(=O)N2CCOCC2)C1=O,0.7821,2.7313,-6.44,-8.57
O=C(Nc1cccc(-c2nn3cnnc3s2)c1)c1cc([N+](=O)[O-])ccc1Cl,0.4125,2.4411,-6.56,-10.14
COC(=O)c1ccc(C(=O)Nc2cc(Cl)ccc2Cl)cc1NC(=O)c1ccc([N+](=O)[O-])o1,0.295,2.2617,-6.57,-9.05
CC1CC[NH+]([C@@H](C)CNC(=O)N[C@@H](C)[C@H](O)c2ccc(Cl)cc2)CC1,0.6179,4.3499,-5.75,-8.21
C[C@@H]1CCCC[C@H]1OC/C([O-])=N/S(=O)(=O)Cc1ccccc1C#N,0.5748,3.8326,-5.85,-7.58
CN(C)c1cccc(C(=O)NC[C@@]2(O)CCOc3ccccc32)c1,0.9037,2.8426,-6.05,-9.07
CCOC(=O)[C@@]1(NC)CC[C@H]([NH+](CC)CC)C1,0.6447,4.7832,-5.14,-6.84
Cc1ccoc1[C@@H](C)[NH2+][C@@H](c1ccc2c(c1)OCCO2)C1CC1,0.9221,4.0544,-5.88,-8.26
CC(=O)c1cccc(NC(=O)c2cccc(S(=O)(=O)N3C[C@@H](C)O[C@H](C)C3)c2)c1,0.7568,2.7902,-6.31,-9.04
CCc1n[nH]c(=O)c2cc3sc(C)cc3n12,0.6995,2.866,-5.61,-7.6
CC(C)c1ccc2[nH+]c3sc(C(=O)Nc4nccs4)c(N)c3cc2c1,0.5652,3.4508,-6.49,-8.85
CCN(CC)S(=O)(=O)c1cc(C(=O)N[C@H]2CCCC[C@H]2C)ccc1C,0.8396,2.8122,-5.94,-8.12
O=C(CN1C(=O)CCC1=O)N1CCN(C[C@@H](O)c2ccccc2)CC1,0.7608,2.57,-5.9,-7.65
O=S(=O)([O-])c1ccc2c(/N=N/c3ccc(/N=N/c4ccccc4)cc3)c(O)ccc2c1,0.2945,2.9804,-6.77,-9.66
O=c1cc(N2CCOCC2)nc2ccccn12,0.718,2.2045,-5.76,-7.63
CCCC[C@@H](NC(N)=O)C(=O)Nc1nc(C)c(-c2ccccc2)s1,0.7174,2.5969,-5.92,-8.27
CCOC(=O)Cc1nc(COc2ccc3ccccc3c2)n[nH]1,0.7081,2.275,-6.0,-9.28
C[C@@H]1S[C@]2(C(=O)N(CN3CCOCC3)c3ccccc32)N(c2ccc(F)cc2)C1=O,0.7542,3.75,-6.33,-7.53
CCOc1ccc(C(=O)N(c2ccc(C#N)cc2)C2CC2)cc1,0.8447,2.0195,-5.83,-7.36
COc1ccc([C@H]2N[C@@H](C(=O)[O-])CC3=c4ccccc4=[NH+][C@@H]32)cc1Cn1cc([N+](=O)[O-])cn1,0.3274,4.6989,-6.27,-8.89
CS(=O)(=O)N1CCC[C@@H](COc2ccc(CC#N)cc2)C1,0.8314,2.6528,-5.66,-7.31
C[C@@H](C(=O)Nc1ccccc1SC(F)F)[NH+](C)Cc1cnn(C)c1,0.7447,4.0516,-5.82,-8.29
O=C(Nc1cccc2ccccc12)N1CCO[C@@H](c2ccc(F)c(F)c2)C1,0.7109,2.5839,-6.66,-9.58
CCCCNC(=O)NS(=O)(=O)c1ccc(NC(=O)c2ccccc2C)cc1,0.6332,1.9026,-6.15,-8.8
CCc1noc(CC)c1CNC(=O)c1ccc(N2CC[NH+](CC)CC2)cc1,0.7734,3.4688,-5.98,-8.76
COc1ccccc1CS(=O)(=O)Cc1ncoc1C(C)C,0.8203,2.6923,-5.74,-7.55
CCc1n[nH]c(C(=O)N2C[C@H]3CCCN3C[C@@H]2C)n1,0.8517,3.5661,-5.56,-7.57
CCC[NH+](C)CCC(=O)Nc1cc(N)ccc1C,0.655,3.69,-5.45,-6.46
Cc1ccccc1[C@H]1CCCN1C(=O)NCCCOC[C@@H]1CCOC1,0.771,3.055,-5.81,-7.78
O[C@@H](c1ccn(C[C@H]2CCCc3ccccc32)c1)C1CC1,0.8982,3.4462,-6.05,-7.9
Nc1ncc2cc(-c3c(Br)cccc3Br)c(N)nc2n1,0.6596,2.7733,-6.28,-8.55
O=C(N[C@H]1C=C[C@H](C(=O)[O-])C1)c1ccc(Br)c([N+](=O)[O-])c1,0.4879,3.7741,-5.65,-7.62
O=C(CN1CCN(c2ccccc2O)CC1)N1CCCCC1,0.9197,1.8889,-5.79,-8.14
CCCC(=O)NNC(=O)c1c([O-])n(CCC)c2ccccc2c1=O,0.7996,2.6531,-5.96,-8.53
CC[NH+](CC)[C@H](CNC(=O)Nc1cccnc1)c1ccco1,0.725,3.7533,-5.6,-7.93
CS(=O)(=O)Cc1cccc(C(=O)NC[C@@H]2CCOC2)c1,0.8797,2.5635,-5.64,-8.2
N#Cc1cccc(COC(=O)c2sccc2-n2cccc2)c1,0.6894,2.3516,-5.84,-7.13
O=C(NCCc1cc2ccccc2o1)N[C@@H]1CCCC[C@@H]1CO,0.7938,3.0266,-6.14,-9.05
CN(c1ccccc1)S(=O)(=O)c1ccc(C(=O)NCc2ccc(Cl)cc2)cc1,0.66,1.8085,-6.45,-8.93
COc1ccc(CNC(=O)NCC2CC2)c(OC2CCCC2)c1,0.8113,2.1302,-5.7,-8.42
CCn1nc(C)c(CNS(=O)(=O)c2cc(C)ccc2C)c1C,0.9205,2.1979,-5.69,-8.11
Cc1ccc2sc(N(C[C@H]3CCCO3)C(=O)CCSc3ccccc3)nc2c1C,0.4608,2.9133,-6.25,-8.02
O=C(NC[C@@H]1CN2CCCC[C@@H]2CO1)N1CCC(Oc2ccccc2)CC1,0.8811,3.1195,-6.14,-8.27
CCCOc1cccc(C(=O)N(Cc2c(F)cccc2Cl)[C@H]2CCS(=O)(=O)C2)c1,0.6512,2.7718,-6.02,-7.96
Cc1ccc(-c2cc(C(=O)N/N=C\c3ccoc3)c3ccccc3n2)s1,0.4256,2.4745,-6.55,-9.77
O=C(COc1cccc(Cl)c1)N/N=C/c1cc2ccccc2nc1Cl,0.416,2.1375,-6.24,-9.58
COc1cc([C@@H]2CC(=O)N(c3cccc(F)c3)c3c2sc(=O)n3C)cc(OC)c1OC,0.5986,3.0744,-6.33,-8.65
Cc1nsnc1COc1cccc(C(=O)N[C@@H]2CCS(=O)(=O)C2)c1,0.8563,2.9755,-5.93,-8.5
Cc1ccc2ncc(C(=O)N(C)CC(=O)NC(C)(C)C)n2c1,0.9368,2.5099,-5.75,-7.94
CC(C)Cn1c(SC[C@@H]2CCCO2)nnc1-c1ccco1,0.7649,2.898,-5.69,-7.73
CC[C@H](NC(=O)c1ccc(C)c(NC(=O)c2ccco2)c1)c1ccc(OC)cc1,0.6091,2.4238,-6.34,-8.65
Cc1[nH+]c(N2CCC([NH+]3CCC[C@H]3C)CC2)ccc1I,0.7629,5.6378,-5.68,-7.41
CCOC(=O)c1c(NC(=O)[C@H](C)n2cc([N+](=O)[O-])cn2)sc2c1CCCC2,0.4586,2.9542,-6.33,-8.39
CC(=O)N1C=Cc2ccccc2[C@H]1CC(=O)O[C@@H](C)c1nccs1,0.7949,3.4921,-5.86,-7.77
CC1(C)C[C@@H](NC(=O)[C@H]2CC(=O)N(c3n[nH]c4ccccc34)C2)CCO1,0.8804,3.4477,-6.25,-8.71
CCNS(=O)(=O)[C@H]1CCN(C(=O)c2cc(Cn3cc(C)cn3)on2)C1,0.7903,3.3262,-6.0,-8.83
CC(C)CN1C(=O)/C(=C2\C(=O)N(CC(=O)Nc3ccccc3Cl)c3ccccc32)SC1=S,0.4966,2.4513,-6.21,-6.7
CC(C)[C@H](C)NC(=O)C(=O)Nc1cc(F)ccc1OCC(F)(F)F,0.6339,2.7302,-5.81,-7.59
O=C([O-])CCCN1C(=O)C(=O)/C(=C(\O)c2ccccc2)[C@H]1c1ccc([N+](=O)[O-])cc1,0.2404,2.9403,-6.27,-8.6
Cc1[nH+]ccn1[C@@H](C)[C@H](C)C[NH2+]C(C)C,0.747,5.8952,-5.03,-5.79
O=c1c2c3nc4ccccc4nc3n(Cc3ccccc3Cl)c2ncn1C[C@@H]1CCCO1,0.4147,2.9846,-6.95,-8.87
Cc1nc(-c2cccc(C(=O)NCc3ccc[nH]3)c2)no1,0.7687,2.3092,-6.02,-9.06
Cc1ccc(CC(=O)N2CC[C@@H](C)C[C@@H](C)C2)cc1O,0.9005,2.7834,-5.74,-7.93
O=C(CCC(=O)c1ccccc1)Nc1ccn(-c2ncccc2Cl)n1,0.6869,2.1846,-6.07,-8.37
COc1cccc2sc(NC(=O)OCC(F)(F)F)nc12,0.9437,2.2641,-5.71,-8.29
C[C@H]1CSC(S[C@H](C)C(=O)Nc2nc3ccccc3s2)=N1,0.9242,3.4112,-5.96,-8.07
CC(C)CC(C)(C)C(=O)Nc1ccc(C(=O)NC(C)C)cc1,0.8387,2.0611,-5.59,-8.14
O=C(CC[NH+]1CCC[C@H](O)C1)c1cc(F)cc(F)c1,0.7858,4.3954,-5.68,-7.4
Cc1ccccc1[C@@H]1CCN(C(=O)c2ccc(C#N)cc2)C1,0.8494,2.3479,-5.99,-8.59
C[C@@H]1CN(C(=O)Cc2c[nH]c3cc(F)ccc23)C[C@H]1N1CCOCC1,0.926,3.2671,-6.15,-8.9
Cc1cc(F)cc([C@H](C)[C@H](C)[NH3+])c1,0.7228,3.728,-5.13,-6.04
CC1CC[NH+](Cc2nnnn2CCCC(=O)N2CCNC(=O)[C@@H]2c2cccc(F)c2)CC1,0.6318,4.0463,-6.26,-8.93
O=c1c(N[C@H]2CCC[NH2+]C2)nccn1-c1ccccc1,0.8476,3.6485,-5.98,-8.24
CCOC(=O)c1c(C)nsc1N[C@@H](C)c1cccs1,0.8512,3.0151,-5.53,-7.36
CC(C)C[C@H](NC(=O)N1CCC(n2cncn2)CC1)c1ccc(Cl)cc1,0.8564,2.8755,-6.01,-8.36
Cc1ccc(NC(=O)COc2ccc(Br)cn2)cc1,0.9409,1.7846,-5.68,-8.57
O=C(NCc1ccc(CNC(=O)Nc2ccccc2)cc1)Nc1ccccc1,0.5179,1.5962,-6.57,-9.21
C/C=C/COC(=O)[C@H]1CCCN1C(=O)c1ccccc1OC(F)F,0.5905,2.8371,-5.87,-7.6
COC(=O)c1ccccc1NC(=O)[C@@H]1CC(=O)N(c2ccccc2OC)C1,0.8198,2.3639,-6.21,-8.29
COc1ccc(N2CCN(C(=O)c3noc4c3CCCCC4)CC2)cc1,0.7925,2.2276,-6.16,-8.31
CS[C@@H]1CC[C@H](NC(=O)C(=O)N2CCc3ccc(C)cc32)C1,0.8513,3.3801,-5.88,-8.44
CCC[C@H]1SCCN1C(=O)c1ccc(CNS(C)(=O)=O)o1,0.8566,3.2254,-5.64,-7.67
C[C@@H](Nc1ccc(COC(C)(C)C)cc1)c1nc(-c2cccs2)no1,0.6496,2.8617,-5.9,-8.4
CCC[C@H]1CN(C(=O)c2ccccc2[N-]S(C)(=O)=O)CCO1,0.8319,3.5602,-5.76,-7.76
O=C(CCc1ccccc1)NNC(=S)Nc1ccccc1,0.5999,1.6726,-5.84,-8.27
CCOc1ccc(F)c(C(=O)N[C@H]2CCC[C@H](SCC)C2)c1F,0.8429,3.2348,-5.69,-7.9
C[C@H]1C(=O)N(c2ccc3c(c2)CCC3)CCN1C(=O)c1ccc(Cl)c(Cl)c1,0.7479,2.7314,-6.59,-8.9
O=C(NCCC[NH+]1CCC([C@@H](O)c2ccc(F)cc2)CC1)C(F)(F)F,0.526,4.0007,-5.85,-8.34
O=C(Nc1cccc(S(=O)(=O)N2CCCCC2)c1)C1CCCCC1,0.9051,1.8598,-6.26,-8.76
Cc1ccc([C@@H]2NC(=O)N[C@@](O)(C(F)(F)F)[C@@H]2C(=O)c2ccc(Br)cc2)cc1,0.6131,3.3946,-6.26,-8.82
O=S(=O)(Nc1ccc(Cl)c(Cl)c1)c1ccc(F)cc1F,0.9169,1.856,-6.02,-8.29
CCc1ccc(S(=O)(=O)NCC2([NH+](C)C)CCOCC2)s1,0.7863,3.6622,-5.49,-7.72
O=C([O-])C[C@@H](NC(=O)c1cc(-c2ccc(F)cc2)on1)c1cccc(Br)c1,0.6467,2.9948,-6.14,-8.96
Cn1c(CSCCOc2cc(Cl)cc(Cl)c2)nnc1C1CC1,0.6917,2.5385,-5.75,-7.82
COc1cccc2c1C[C@@H](C)[C@@H](C)[C@@H]2Cl,0.6597,3.5703,-5.36,-6.7
CCC[C@@H]1CN(Cc2c[nH]nc2C)CC[NH+]1CCOC,0.7522,4.9932,-5.46,-7.11
COc1ccc(NC(=O)c2ccccc2NC(=O)c2ccc([N+](=O)[O-])cc2Cl)cc1Cl,0.3774,1.9773,-6.5,-8.07
COC(=O)c1ccccc1Nc1ncnc(Nc2ccc(F)c(F)c2)c1[N+](=O)[O-],0.3621,2.2853,-6.32,-9.11
O=C1Cc2cc(C(=O)CSc3nnc(-c4ccncc4)o3)c(Cl)cc2N1,0.5304,2.6082,-6.3,-8.53
CCC[NH2+][C@H](CC(F)(F)F)[C@@H]1CCCc2cccnc21,0.8863,4.3491,-5.74,-7.25
O=C([O-])Cn1cc(/C=C2\SC(N3CCOCC3)=NC2=O)c2ccccc21,0.7392,2.8553,-6.22,-8.22
Cc1ccc([C@@H]2CSCCN2C(=O)CCOC2CCOCC2)o1,0.8255,3.2921,-5.69,-7.23
COc1ccc(C(=O)N2CCN(S(=O)(=O)c3cccc(Cl)c3Cl)CC2)cc1,0.7493,1.9454,-6.38,-8.89
CC1CCN(C(=O)NC2CC[NH+](CC[NH3+])CC2)CC1,0.5874,4.1468,-5.5,-8.08
CSC(C)(C)CNC(=O)CCn1ccc2ccccc21,0.8855,2.4947,-5.59,-8.28
Cc1cc2c(N3CC[C@H]4[C@H](CCC[NH+]4C4CC4)C3)ncnc2s1,0.9153,4.702,-5.45,-7.95
Cc1ccc2ncc(C(=O)N3C[C@@H](c4ccccc4C)C[C@H]3C)c(=O)n2c1,0.7035,3.2238,-6.38,-8.59
CC(=O)Nc1cc(NC(=O)C(=O)N(C)C[C@H](C)c2ccccc2)ccc1Cl,0.7705,2.6729,-6.19,-9.02
Cc1noc(-c2cccnc2NC[C@H](O)C2CCCC2)n1,0.8786,3.01,-5.82,-7.88
Cc1ccc2nc(S[C@H](C)C(=O)N3C[C@H](C)O[C@H](C)C3)[nH]c2c1,0.8775,3.313,-5.87,-8.43
COc1ccc([C@@H]2[C@H](C(=O)N3CCC[C@H](C)C3)CCC(=O)N2C)cc1,0.8471,3.1669,-6.01,-8.49
Cc1ccc(NC(=O)C/C=C/c2ccc(F)cc2)cc1C(=O)N(C)C,0.8979,2.1408,-6.14,-8.92
C[C@H](CCn1cccn1)[NH2+]Cc1ccc2nonc2c1,0.7251,3.9539,-5.64,-7.54
O=C(NCCCCN1CCOCC1)NC[C@@H]1C[C@]12CCc1ccccc12,0.7365,3.6827,-5.85,-8.35
CNC(=O)[C@H](CC(C)C)NC(=O)/C=C/c1cccc([N+](=O)[O-])c1,0.455,2.6621,-5.73,-8.15
CN1CCCc2cc(NC(=O)CCSc3nnnn3C)ccc21,0.8403,2.3604,-5.87,-8.66
O=C([O-])[C@H]1Cc2c([nH]c3ccccc23)[C@@H](c2ccc(OC(F)(F)F)cc2)[NH2+]1,0.725,4.0703,-6.46,-9.14
Cc1ccc2cc(C(=O)Nc3ccc(=O)n(C)c3)c(C)nc2c1,0.7915,2.1496,-6.34,-8.94
C[C@H](CC(=O)[O-])CC(=O)NC(=O)N(C)C[C@@H]1CCC[NH+]1C,0.5929,5.1655,-5.6,-7.53
CN1C(=O)/C(=N\O)c2cc(Cl)ccc21,0.5212,2.333,-5.27,-6.5
C[C@H](c1ccc(NCc2cn(C)nc2C(C)(C)C)cc1)N1CCOCC1,0.8865,2.9487,-5.95,-8.47
COc1ccc(OC)c(/C=C2/C(=O)NC(=O)N=C2[O-])c1,0.7882,2.8489,-5.68,-7.21
CC(=O)Nc1ccc(S(=O)(=O)N2CCN=C2SCc2cccc(C(F)(F)F)c2)cc1,0.7374,2.4802,-6.22,-10.03
C=CC[NH+](CC(=O)Nc1cc(Cl)ccc1F)Cc1cccc(C#N)c1,0.7473,3.7,-5.96,-8.77
C[C@H](Oc1ccc(/C=C2/SC(=S)N(c3ccc(F)cc3)C2=O)cc1)C(=O)[O-],0.5659,2.9675,-6.21,-6.79
NN1[C@@H](SCC(=O)Nc2ccc(F)c(Cl)c2)NN[C@@H]1[C@@H]1C=C(c2ccccc2)N=N1,0.5071,4.2482,-6.17,-9.76
CON1C(=O)C(c2cccs2)=C2SCC=C21,0.8085,3.4547,-5.34,-6.79
Cc1nn(C)c2ncc(NC(=O)N[C@H]3CCCC[C@H]3OC3CCCC3)cc12,0.8592,3.3004,-6.25,-8.58
Cc1ccccc1[C@@H]1C[C@@H]1C(=O)N1CCC[C@H](CNC(=O)OC(C)(C)C)C1,0.873,3.1977,-6.02,-8.53
CCN(CC)S(=O)(=O)c1ccc(C)c(NC(=O)[C@@H]2CCCN(S(C)(=O)=O)C2)c1,0.7067,2.6755,-6.12,-7.63
COc1cccc(-c2nc(C[NH+](C)Cc3ccc(C)o3)cs2)c1,0.7557,3.5867,-5.91,-8.91
c1ccc([C@H]2CN/C(=[NH+]\[C@@H]3C[NH+]4CCC3CC4)S2)cc1,0.6642,6.1317,-5.69,-7.12
COC[C@@H](C)NC(=O)CN1CCCC[C@@H]1C(=O)OC,0.6979,2.857,-5.31,-6.83
Cc1ccc(S(=O)(=O)n2nc(C)c(S(=O)(=O)N3CCCCCC3)c2C)cc1,0.7714,2.3105,-6.26,-8.21
O=C(CC1CCCC1)N1CCC[C@@H](c2n[nH]c3nccnc23)C1,0.945,3.2074,-5.99,-8.16
CCOc1cccc(C(=O)N(C[C@H]2CCCO2)[C@H]2CCSC2)c1,0.8001,3.1016,-5.68,-7.07
C[C@@H](OC(=O)c1ccccc1Oc1cccnc1)[C@H]1CCOC1,0.7913,3.039,-5.91,-8.0
O=C(OCCN1CCOC1=O)c1ccc2c(c1)Cc1ccccc1-2,0.6929,2.295,-6.27,-8.74
CC(=O)Nc1cc(NC(=O)c2cnccn2)c(F)cc1F,0.9055,2.1502,-5.81,-8.05
COc1ccc(N2C(=O)NC(=O)/C(=C\Nc3ccc(N4CCOCC4)cc3)C2=O)cc1,0.5623,2.3072,-6.27,-8.52
CCc1ccc(NC(=O)[C@@H](CC)n2cc(Br)cn2)cc1,0.9028,2.5958,-5.68,-8.47
COc1ccc(NC(=S)N[C@@H](C)c2ccc(C)cc2)c(OC)c1,0.8094,2.2651,-5.77,-7.55
Cc1ccc(S(=O)(=O)N2CCN([C@@H](C)C(=O)NC34CC5CC(CC(C5)C3)C4)CC2)cc1,0.7567,3.9256,-6.12,-8.25
c1cc(C[NH2+]C[C@H]([C@H]2CCOC2)N2CCOCC2)c2c(c1)OCCO2,0.7984,4.083,-5.69,-7.85
CN(C)c1ccc([N+](=O)[O-])cc1C(=O)NC[C@@H]1CN(C2CC2)CCO1,0.6149,2.8915,-5.72,-7.89
CSCc1nc2sc(C(=O)NNC(=O)[C@H](C)Oc3ccccc3F)c(C)c2c(=O)[nH]1,0.4976,3.0388,-6.28,-8.98
COc1ccc(F)cc1C(=O)C1=C([O-])C(=O)N(C)[C@H]1c1ccc(C)cc1,0.7892,3.0552,-6.31,-8.08
Clc1ccccc1/C=C\c1nc2ccccc2s1,0.6303,2.0338,-5.8,-7.89
c1ccc2c(c1)CCSC[C@@H]2NCc1nncn1C1CC1,0.9426,3.1784,-5.86,-8.07
COc1cccc(C(=O)N2CCC(C(=O)N3CC[NH+](C)[C@@H](C(=O)[O-])C3)CC2)c1,0.6444,3.9229,-6.14,-7.9
COc1cccc(NC(=O)[C@@H](NC(=O)c2ccco2)C(C)C)c1,0.8584,2.2973,-5.72,-8.26
CCCCNC(=O)[C@H]1CC[C@@H](C)N(S(=O)(=O)c2ccc(C)cc2Br)C1,0.702,2.995,-5.49,-7.77
C#CCNC(=O)c1ccc(Br)cc1F,0.8049,2.1695,-4.92,-5.47
CN(C)C(=O)c1ccc(N(C)c2ccc(C#N)cc2)nc1,0.866,2.2639,-5.47,-7.23
Cc1ccc2nc(-c3cccc(NC(=O)c4ccccc4C(=O)[O-])c3)[nH]c2c1,0.5765,2.3482,-6.26,-9.86
N#CCOc1ccccc1C1=NO[C@@H]2[C@@H]3C[C@@H]([C@H]4C(=O)N(Cc5cccnc5)C(=O)[C@@H]34)[C@H]12,0.6761,4.8308,-6.26,-8.32
Cc1[nH+]ccn1C[C@H](C)C[NH2+][C@@H]1CN(Cc2ccccc2)C(C)(C)C1,0.8196,4.8936,-5.93,-8.38
CC(C)(CO[N+](=O)[O-])C(=O)Cl,0.3684,3.208,-4.79,-5.34
CCOc1cccc(-c2nc(-c3ccc(CNC(C)=O)o3)cs2)c1,0.7322,2.2336,-5.97,-9.41
O=C(COc1ccc(I)cc1)OCC(=O)N1CCN(c2ccccc2F)CC1,0.4532,2.0726,-6.09,-9.02
CN1C(=O)[C@H]2C=CC=C[C@@H]2N=C1SCc1ccccc1Br,0.8041,3.7944,-5.68,-6.87
C[C@@H](Cl)C(=O)NCCS(=O)(=O)N1CCc2ccccc21,0.8279,2.7466,-5.86,-8.0
Cc1ccc(C(=O)N2CCN(C(=O)[C@H](C)CC3CCCC3)CC2)s1,0.8347,2.7884,-5.87,-7.6
CC1=C([C@@H](C)N(C)C(=O)c2cc(C)nc3c(C)cccc23)[C@@H](C)N=N1,0.8317,3.6646,-6.05,-8.35
CCN(C(=O)c1ccc([N+](=O)[O-])o1)[C@H]1CCS(=O)(=O)C1,0.6015,3.076,-5.66,-7.42
C#CC[C@H](C)OC(=O)c1cccnc1OCC(C)C,0.5833,3.0342,-5.21,-6.65
CC[C@@](C)([C@H](CCC(F)(F)F)NC)[NH+](C)C,0.7148,4.7899,-5.13,-6.48
C[C@H](O)CCC(=O)Nc1ccc([N+](=O)[O-])cc1,0.6027,2.2796,-5.22,-6.51
Cc1ccc(-c2ncco2)cc1NC(=O)CCS(C)(=O)=O,0.9125,2.3062,-5.69,-8.5
[NH3+][C@H]1CCOc2c(-c3ccccc3)cccc21,0.7962,3.0676,-5.91,-7.55
C[C@H](NC(=O)Nc1cn[nH]c1)c1ccc(S(=O)(=O)N(C)C)cc1,0.769,2.7156,-5.94,-8.26
Cc1ncc(C(=O)N(C)C)c(-c2ccc(CNC(=O)c3ccn(C)n3)cc2)n1,0.731,2.407,-6.18,-8.94
C[C@H]1CCC[C@@H]([NH+](C)CN2Cc3ccc(F)cc3C2=O)C1,0.9028,4.3407,-6.09,-7.31
Cc1cc([C@@H](C)NC(=O)N[C@H](C)CO)c(C)s1,0.7724,3.0783,-5.35,-6.52
CSc1ncnc(N2CC[NH+](Cc3ccccc3C)CC2)c1C#N,0.6712,3.638,-5.98,-8.19
N#C[C@@H]1CCC[C@H]2OC[C@@H](c3ccccc3)N12,0.7405,3.6376,-5.44,-6.94
O=C(CCNC(=O)c1ccccc1Cl)Nc1ccc(-c2ccccc2)cc1,0.6489,1.6281,-6.47,-9.39
CCN1C(=O)Cc2cc(NS(=O)(=O)c3ccc(C)s3)ccc21,0.9334,2.3721,-6.13,-8.23
CC[C@H](NC(=O)N1CC[C@H]2OCCC[C@@H]2C1)c1cccc([N+](=O)[O-])c1,0.6691,3.3812,-5.93,-8.21
Cc1ccc(C(=O)CCC(=O)N[C@H](CO)c2ccco2)cc1C,0.77,2.6596,-5.75,-8.28
CCC[NH2+][C@@H]1[C@H](N2CCN(CC)CC2)CCCC1(C)C,0.8267,4.1438,-5.45,-7.05
CNS(=O)(=O)c1cccc(NC(=O)c2nc[nH]n2)c1,0.7269,2.6972,-5.78,-7.95
CCOC(=O)N1CCN(C(=O)c2cnn3c2N[C@H](c2ccco2)C[C@H]3C(F)(F)F)CC1,0.7873,3.7834,-6.27,-8.33
CC(C)NC(=O)[C@@H]1CS[C@H]2c3ccccc3C(=O)N21,0.8955,3.073,-5.96,-7.98
O=C(NC[C@H]1COc2ccccc2O1)c1ccc(NC(=O)c2ccccc2Cl)cc1,0.6468,2.4159,-6.59,-9.38
COc1cccc2c1OC[C@H](C(=O)N[C@@H]1CCc3[nH+]c(C)cn3C1)C2,0.9143,4.1578,-6.28,-8.55
O=C1c2ccccc2S(=O)(=O)N1[C@H]1CCCc2ccccc21,0.8132,2.7922,-6.28,-8.49
COC(=O)[C@](C)(NCc1ccon1)C1CC1,0.7588,3.4009,-5.12,-6.29
CC[NH2+][C@@H](Cc1cccc(O)c1)c1ccncc1,0.8387,3.5715,-5.48,-6.74
O=C(NCCCN1CCCCCC1=O)N[C@H]1C[C@@H]2CCCc3cccc1c32,0.7786,3.2873,-6.29,-8.51
Clc1ccc(Br)cc1N[C@@H]1CCOC2(CCOCC2)C1,0.8553,3.5438,-5.46,-7.48
CC[C@@H](NC(=O)c1ccccc1Oc1ccccc1)C(=O)OC,0.832,2.2245,-5.81,-8.15
CCn1nccc1/C=C/C(=O)N[C@H](C)c1ccc(-n2ccnc2)cc1,0.7044,3.0344,-5.96,-8.31
NC(=O)CCNC(=O)NCc1cccc(NC(=O)c2ccc(F)cc2)c1,0.6046,1.8449,-6.14,-9.58
O=C(Nc1ccncc1)c1ccc(-c2ccccc2Cl)o1,0.7863,1.9001,-6.19,-8.99
O=C(CN1CCCCC1=O)NNC(=O)c1cc2c(s1)CCC2,0.8157,2.3728,-6.03,-7.75
CC(C)N1C[C@@H](OCc2ccc(OC(F)(F)F)cc2)CN(C2CC[NH+](C)CC2)CC1=O,0.7258,3.9697,-6.16,-7.32
C1CCC(c2noc(C3C[NH2+]C3)n2)C1,0.7405,3.5796,-5.24,-6.25
NC(=O)c1cc([N+](=O)[O-])cnc1N1CCC[C@H](c2ccncn2)C1,0.6605,3.1115,-5.95,-8.53
CCn1cc(NC(=O)C[NH+]2CCc3ccccc3[C@@H]2c2cccc(OC)c2)c(C)n1,0.6621,3.969,-6.21,-8.98
O=P([O-])([O-])C[NH+]1CCCCCC1,0.5311,5.2484,-4.99,-5.84
Cn1nc2c(c1NC(=O)c1cc3cc([N+](=O)[O-])ccc3s1)CCC2,0.584,2.6252,-6.13,-9.4
Cc1ccc2nc(-c3ccccc3NC(=O)C3CC3)ccc2c1,0.7704,1.8743,-6.47,-9.65
Cc1cccc(NC(=O)C(=O)NCCc2ccc(S(C)(=O)=O)cc2)c1,0.7939,1.8681,-5.77,-9.46
CN(C(=O)Nc1cccc(OC[C@H]2CCCO2)c1)C1CCCCC1,0.8851,2.6065,-5.97,-8.27
Cc1cccc(NC(=O)CN2C(=O)[C@@H]3CCCN3c3ncc(Cl)cc32)c1C,0.8813,2.8579,-6.26,-8.81
Cc1ccc(-n2c(SCC(=O)Nc3ccc4c(c3)OCO4)nc3c(=O)[nH]cnc32)cc1,0.4638,2.574,-6.67,-9.45
O[C@H](c1cncc(F)c1)c1cc(F)cc(Br)c1,0.9236,2.8511,-5.41,-7.54
CC[C@@H](C)Nc1cc(OC)c(C(=O)[O-])cc1Cl,0.8744,3.0904,-5.18,-6.06
O=C(N/N=C/c1ccccc1O)c1ccc(CN2CCN(c3ccccc3)CC2)cc1,0.4787,2.038,-6.55,-8.87
O=C(Nc1ccc2c(c1)CCN2C(=O)c1cccnc1)N[C@H]1CC=CCC1,0.8207,2.8782,-6.33,-8.98
CCc1ccc(N2C[C@@H](c3nnc(NC(=O)c4ccc([N+](=O)[O-])cc4)s3)CC2=O)cc1,0.463,2.7603,-6.34,-9.24
CO[C@@H](CNC(=O)N1CC[C@@](O)(C(F)(F)F)C1)c1ccccc1,0.8874,3.3535,-5.92,-8.22
N#Cc1c(NC(=O)COc2ncnc3ccccc23)sc2c1CCC2,0.7811,2.3613,-5.99,-8.91
C[C@@H](NC(=O)[C@@H]1COc2ccc(F)cc2C1)c1ccc(-n2cccn2)cc1,0.7706,2.997,-6.28,-9.05
CCSc1nc(N)c2c(n1)NC1=C(C(=O)CC(C)(C)C1)[C@@H]2c1ccc(N(C)C)cc1,0.5555,3.3795,-6.5,-8.6
O=C(N[C@@]1(C(=O)[O-])CCCc2ccccc21)C1CCN(C(=O)C2CC2)CC1,0.8474,3.2023,-6.15,-8.58
C[C@@H](NC1CC[NH+](C2CC2)CC1)c1ccccc1N(C)C,0.8582,4.1179,-5.7,-7.13
CCCN(Cc1ccccc1O)C(=O)c1cnn(C(C)(C)C)c1,0.9198,2.4496,-5.68,-7.37
CCCCN(C(=O)c1ccc(Br)cc1N)C1CC1,0.8468,2.1582,-5.45,-7.04
C[C@@H](CCO)S[C@@H](c1cccc(F)c1)[C@@H](C)[NH3+],0.8197,4.0447,-5.29,-6.69
CCOc1ccc2c(c1C)O/C(=C\c1cn(CC)c3ccc(OC)cc13)C2=O,0.5877,2.5302,-6.23,-8.91
CC(C)OCCOC(=O)[C@H]1C=C[C@@H]([NH3+])C1,0.4021,4.2903,-5.07,-5.83
Cc1cc(N2CC[C@H](Oc3ccc(C(F)(F)F)cn3)C2)ncn1,0.8688,2.9702,-5.92,-8.38
Cc1cccc2sc(NC(=O)c3cc([N+](=O)[O-])cc([N+](=O)[O-])c3)nc12,0.5594,2.2427,-6.11,-9.16
Cc1ccc(N2C(=O)[C@H]3[C@@H](C2=O)[C@@H]2C[C@H]3[C@@H](Br)[C@H]2Br)c(C)c1,0.5079,4.5465,-5.52,-7.32
N#Cc1cccnc1N1CCC(CNC(=O)c2ccccn2)CC1,0.9311,2.2546,-5.89,-8.26
CC(C)CC[C@H](NC(=O)Cn1ccc(=O)n(C)c1=O)c1ccc(Cl)cc1,0.8052,2.8049,-6.08,-8.42
Cc1cccnc1[C@@H](O)Cc1nc2ccccc2n1C,0.7931,2.7119,-5.95,-8.11
Cc1ccc(CC(=O)c2cscc2Br)cc1C,0.7601,2.392,-5.63,-7.59
CCC(C)(C)[NH+]1CCC(=O)C1,0.5984,5.224,-4.79,-5.06
Cc1nc(C)c(C(=O)NCCCC[NH+]2CCN(c3ccccc3)CC2)s1,0.7262,3.2625,-5.92,-8.14
O=C(Nc1ccnn1Cc1ccco1)c1cc(=O)c2ccccc2o1,0.6191,2.3412,-6.35,-9.3
O=C([O-])c1cc(S(=O)(=O)ON2C(=O)c3cccc4cccc(c34)C2=O)ccc1Br,0.5287,2.8557,-6.42,-8.96
CC[C@@H](C)[C@@H](C)[NH2+][C@@H]1CCCc2cccnc21,0.8503,4.3343,-5.51,-7.71
C[C@@H](C(=O)NCc1cccs1)S(=O)(=O)Cc1nc(-c2cccs2)no1,0.657,3.028,-6.19,-8.51
CCC1(CC)[C@@H]([O-])C[C@@H]1Oc1cccnc1C,0.8009,3.9713,-5.32,-6.62
C[C@H](c1ccc(Cl)cc1Cl)[NH+](C)CCOc1ccc(S(N)(=O)=O)cc1,0.7439,3.6604,-5.96,-7.94
Cc1cc(C(=O)N2CCC(CNC(=O)c3ccc(C(F)(F)F)cc3)CC2)no1,0.8622,2.2282,-6.29,-9.25
CCN(Cc1ccccc1)C(=O)c1cc(NC(=O)Cc2ccccc2)n(C)n1,0.6882,2.0845,-6.21,-8.65
COc1ccc(N2CCC(NC(=O)N[C@@H](C)c3cn(C)nc3C)CC2)cc1,0.8478,2.6875,-5.9,-8.46
CCOc1ccc(/C=C2\SC(=S)N(CC(=O)N3CCCC[C@H]3CC)C2=O)cc1,0.5147,2.7601,-6.27,-6.96
C[C@@H]([NH2+]C[C@@H](O)C1CCOCC1)c1ccc([N-]S(C)(=O)=O)cc1,0.7746,4.8892,-5.69,-7.64
Cc1nn(C(C)C)c(C)c1S(=O)(=O)NC[C@@H]1C[C@@]12CCc1ccccc12,0.8748,3.995,-6.31,-8.41
COc1ccc(NC(=O)N(C)[C@@H](C)CSC)cn1,0.8909,2.9715,-5.1,-6.6
Cc1ccc(-c2nc(NC=C3C(=O)NC(=O)NC3=O)sc2-c2ccc(C)cc2)cc1,0.4425,2.532,-6.36,-8.9
COC(=O)C1=C(C(=O)c2ccccc2)[C@H](c2ccc(Cl)cc2Cl)Nc2nnnn21,0.5004,3.2335,-6.41,-8.6
Cc1cccc(N2C[C@]34C=C[C@H](O3)[C@@H](C(=O)OCc3ccccc3)[C@@H]4C2=O)c1,0.6089,4.5773,-4.75,-9.02
O=C(Cc1ccc(Br)cc1)Nc1ccc(Cl)c([N+](=O)[O-])c1,0.6485,1.8048,-5.79,-8.75
Cc1nc(CNC(=O)CCC(F)(F)F)sc1C,0.9101,2.4445,-5.21,-6.84
CCc1cc(C[C@]2(CC(C)C)CCC[NH2+]2)n(CC)n1,0.8392,4.359,-5.5,-7.38
CC[C@@H](C)[NH+](C)CC(=O)NC1CC[NH+](CC)CC1,0.5314,5.6692,-5.41,-7.04
CC(C)Oc1nc(Oc2ccc(Br)cc2Cl)ccc1N,0.8644,2.2948,-5.66,-7.78
CCNC(=O)CNC(=O)[C@@H](C)NC(C)=O,0.536,2.3554,-4.93,-5.81
Cc1cccc(Cn2nccc2NC(=O)COc2ccc(Br)cc2C=O)c1,0.5809,2.2615,-5.62,-8.84
COc1ccc(S(=O)(=O)CCCC(=O)Nc2nc3c(s2)C[C@@H](C)CC3)cc1,0.7582,2.7481,-6.03,-8.43
C[C@@H](NC(=O)Cc1ccc[nH]1)c1ccccc1Br,0.895,2.7182,-5.69,-7.59
Cc1cccc2[nH+]c(CNC(=O)C[C@H](C)NC(=O)C3CCCC3)cn12,0.8384,3.7451,-6.18,-8.58
Cc1cc(S(=O)(=O)Nc2ccc3c(c2)C(=O)Nc2ccccc2O3)ccc1F,0.6892,2.2732,-6.61,-9.16
COc1ccc(-c2cc(C[C@@H]3C[C@H](NC(=O)C4CC4)C3(C)C)no2)cc1,0.8561,3.2696,-5.91,-8.28
CC(C)C(=O)N[C@H]1CCCN(C(=O)CN(C)c2ccccc2[N+](=O)[O-])C1,0.6148,2.8031,-5.87,-7.99
CCC(=O)N1C[C@H](C(=O)NCc2ccc(F)cc2)[C@H](c2ccc(OC)cc2)C1,0.8326,2.8023,-6.16,-8.47
COc1ccc(NC(=O)c2cnc[nH]2)cc1NC(=O)c1ccccc1,0.6673,1.9536,-6.27,-9.02
O=C1OCC[C@H]1N1CCc2ccc([N+](=O)[O-])cc2C1,0.4557,2.9217,-5.66,-6.97
CNC(=O)c1ccc(NC(=O)N(C)[C@H]2CCC[C@@H](C)C2)c(Cl)c1,0.8821,2.9332,-5.8,-8.22
O=C(Nc1ccc2c(c1)C(=O)N1CCCC[C@H]1CCO2)c1ccccc1C(=O)c1ccccc1,0.5664,2.6689,-6.79,-9.38
CCn1c(C)cc(C[NH2+]CC(C)(C)NS(C)(=O)=O)c1C,0.7707,3.6453,-5.38,-6.93
CN(C1CCCCC1)S(=O)(=O)N1CCC[C@H](c2ncc[nH]2)C1,0.921,3.1226,-5.79,-7.68
CC[NH+]1CCN(Cc2ccc(NC(=O)c3cc(C#N)cs3)cc2)CC1,0.8563,3.3365,-5.8,-8.01
CC(=O)NCCNS(=O)(=O)c1c(C)cc(C)cc1C,0.7929,2.0699,-5.47,-7.18
O=C(Cc1ccc(Br)s1)Nc1ccncc1,0.9456,2.0696,-5.45,-7.73
O=S(=O)([O-])CCc1cc[n+](CCBr)cc1,0.4501,3.564,-5.21,-6.55
COc1c(C)cc(C(=O)N[C@@H]2CC(=O)N(C3Cc4ccccc4C3)C2)cc1C,0.8901,2.8184,-6.32,-9.06
C[C@@](NC(=O)C[C@@H]1CCC[NH2+]C1)(C(=O)[O-])C(F)(F)F,0.6604,5.0786,-5.58,-8.03
CCc1nn(C)c(OC)c1CNc1nn2cc(C(C)(C)C)nc2s1,0.7675,3.1269,-5.91,-8.76
C[C@H]([NH3+])c1cc(F)ccc1OCC#N,0.7826,3.4164,-5.03,-5.95
CN(C)c1ccc(C(=O)/N=c2\sccn2C)cc1[N+](=O)[O-],0.6394,2.5992,-5.79,-7.26
CCc1ccc(NC(=O)[C@@H](C)S(=O)(=O)Cc2nncn2C)cc1,0.8584,2.8489,-5.75,-8.31
CC(C)c1ccc(C[NH+](C)C2CCC(=O)CC2)cc1,0.8814,3.8248,-5.64,-7.33
Cc1nc(CC(=O)NC[C@@](C)(O)c2ccc(F)cc2)cs1,0.8895,2.7219,-5.69,-8.23
Cc1nc(N2CCOCC2)nc(N2CCOCC2)c1Br,0.805,2.4436,-5.48,-7.16
CC(C)CCN(C(=O)NCc1ccc(N2CCOCC2)cc1)C1CC1,0.825,2.1964,-5.7,-7.88
COC(=O)c1ccccc1C(=O)Nc1nc2cc3c(cc2s1)OCCO3,0.7131,2.186,-6.3,-8.97
Cc1ccc(-c2cccc(CN3CCC[C@H](c4nnc5n4CCC5)C3)c2)cc1,0.6722,2.6935,-6.5,-9.46
CC[NH2+][C@H](c1ccc(C)cc1C)[C@@H]1CSCCS1,0.9142,4.4488,-5.46,-6.89
O=C(CCn1ccn2nc(-c3ccc(F)cc3)cc2c1=O)N1CCOCC1,0.6989,2.4299,-6.36,-8.78
Cc1ccc([C@H](C)NC(=O)C[S@](=O)Cc2cccc(C(F)(F)F)c2)cc1C,0.7829,3.0633,-6.19,-9.61
O=C(NNc1ncnc2c1cnn2Cc1ccccc1)c1ccc(Cl)cc1Cl,0.4845,2.2592,-6.71,-9.22
Cn1c(SCC(=O)Nc2ccc3[nH]c(=O)[nH]c3c2)nnc1-c1ccncc1,0.4532,2.3708,-6.5,-8.88
CN(CC1CCCC1)C(=O)C(=O)Nc1cccnc1Cl,0.6875,2.3213,-5.72,-7.96
CCOCCNC(=O)N1CCN(C(=O)c2ccc(Cl)cc2)CC1,0.8327,1.8893,-5.64,-8.44
CO[C@H](C(=O)N1CCC(Nc2cccnn2)CC1)c1ccccc1,0.9128,2.7544,-5.89,-8.45
CCc1nn(C)cc1NC(=O)Nc1ccc(OC(F)(F)F)cc1,0.9021,2.3629,-5.84,-8.44
COc1cc(NC(=O)c2nc3n(n2)[C@@H](C(F)F)C[C@H](C)N3)cc([N+](=O)[O-])c1,0.6011,3.9009,-6.0,-8.34
Cc1ccc(NS(=O)(=O)c2ccccc2Cl)cc1F,0.9412,1.7362,-5.43,-8.28
Cc1ccsc1C(=O)OCC(=O)NCc1ccccc1F,0.8641,1.9554,-5.64,-7.24
Cc1nc2c(C(=O)[O-])cnn2c(C)c1Cc1ccccc1Br,0.7179,2.7822,-6.02,-8.44
COc1ccc(Cl)cc1CN(C)C(=O)N[C@@H](C)CCSC,0.8297,2.6611,-5.38,-6.95
C[C@H](CNC(=O)Cc1c(F)cccc1Cl)c1ccccc1,0.8904,2.2757,-5.92,-8.33
O=c1c2c3nc4ccccc4nc3n(/N=C/c3cccc(Cl)c3)c2ncn1-c1ccccc1,0.362,2.5849,-6.96,-9.12
COc1cc2[nH]c(O)c(C(=O)NCCC[NH+](C)C)c(=O)c2cc1OC,0.5048,3.2517,-6.18,-8.37
Cc1cc(=O)n2nc(-c3cccs3)nc2n1CC(=O)Nc1cccc(Cl)c1,0.5709,2.4688,-6.44,-9.5
CC(C)[C@@H](O)c1ccn(CCC(C)(C)C)c1,0.8284,3.3262,-5.05,-6.34
CC(=O)Nc1ccc(N)cc1Cl,0.6552,1.7364,-5.08,-5.76
C[C@H](CNC(=O)c1ccc(Br)s1)c1cccs1,0.8982,2.7986,-5.59,-7.4
C[C@@H]1CCC[C@H](CCNC(=O)CN2CCCOC2=O)C1,0.8404,3.1211,-5.73,-8.32
Cc1nn(-c2ccccc2)c(C)c1C(=O)NCC(=O)OCc1ccccc1,0.6836,1.9549,-5.52,-8.71
O=C(CCSc1nncs1)Nc1ccc(Br)cc1F,0.8268,2.3357,-5.77,-7.95
CC(=O)c1c(C)[nH]c(C(=O)COC(=O)c2cnn(C)c2)c1C,0.6686,2.4276,-5.81,-8.04
O=C(N[C@H]1C[C@H]2C(=O)NC[C@@H](CCC(=O)N3CCN(c4ccccc4)CC3)[NH+]2C1)c1ccco1,0.5413,4.3822,-6.34,-8.98
Cn1c(C[NH+]2CCOCC2)nnc1SCCOc1ccccc1,0.5864,3.3932,-5.65,-7.93
COC(=O)c1c(NC(=O)C[NH+]2CCC(C)CC2)sc(C(N)=O)c1C,0.6571,3.5906,-5.72,-7.41
CC(=O)c1c(C)nsc1NCCC1CCCCC1,0.8179,2.5699,-5.47,-7.52
Cc1ccc(C)c(NC(=S)NC(=O)c2ccc(I)cc2)c1,0.5804,1.8964,-5.44,-7.72
Cc1ccc(-c2nnc([C@H](C)[NH+]3CC[S@@](=O)C(C)(C)C3)o2)cc1,0.9247,4.6666,-5.85,-8.34
CC(C)Nc1ccc(F)cc1NC(=O)c1occc1Br,0.874,2.4091,-5.9,-8.32
N#CCNC(=O)CNc1cccc(I)c1,0.651,2.2798,-5.53,-7.78
C[C@H](OCC(F)(F)F)C(=O)NCc1ccc(S(N)(=O)=O)cc1,0.8043,2.6122,-5.61,-7.73
O=C1/C(=C/C=C/c2ccccc2)SC(=S)N1CC(=O)N1CCCC[C@@H]1c1cccnc1,0.4936,2.9977,-6.6,-7.29
C[C@@H]1CC(N(C)[C@@H](c2ccccc2)C(F)(F)F)C[C@@H](C)O1,0.8303,3.6005,-5.73,-6.99
NS(=O)(=O)NC[C@H]1CCCN(c2ccc([N+](=O)[O-])c3cccnc23)C1,0.6034,2.9755,-6.07,-7.87
CN(CC(F)F)C(=O)NCCNC(=O)C1CC1,0.6701,2.4109,-5.19,-6.88
Cc1ccc(F)cc1C(=O)NC[C@H]1CN(Cc2ccccc2)CCO1,0.9084,2.3902,-6.12,-8.99
C[C@H]([NH2+]C[C@H](O)C1CCCC1)c1ccc(-n2cnnn2)cc1,0.8283,3.9343,-5.82,-8.24
C[NH+](C)C1(CNC(=O)N[C@@H]2C[C@@H]2c2ccccc2F)CCOCC1,0.7405,4.1548,-5.87,-8.1
O=C(C1=C([O-])C(=O)N(c2ccccn2)[C@@H]1c1ccccc1)c1ccc2c(c1)OCCO2,0.6104,3.1088,-6.54,-8.46
CC(C)Cc1ccc([C@@H](C)[NH2+][C@H](C)c2ccc(F)cn2)cc1,0.8637,3.7134,-5.79,-8.12
CCC1CCC2(CC1)NC(=O)N(CC(=O)Nc1nc(C)cs1)C2=O,0.8151,2.9295,-5.92,-8.11
Cc1nc2ccccc2nc1COC(=O)c1cccc(C[S@](C)=O)c1,0.6584,2.7779,-6.09,-9.12
CCC(CC)[NH2+]C[C@@H](C)Sc1ccncc1,0.74,4.1673,-5.0,-6.33
CN(C)c1ccc(NC(=O)N[C@@H](CO)Cc2ccccc2)c[nH+]1,0.7515,3.4911,-5.79,-8.05
CC[NH+](CC)C[C@H]1CCN(C(=O)Cn2nc([O-])c3ccccc3c2=O)C1,0.7361,4.031,-6.15,-8.53
Cc1ccc(-n2nnnc2SCC(=O)Nc2ccc(C)c([N+](=O)[O-])c2)cc1,0.3945,2.1251,-6.16,-8.91
N#C/C(=C\[C@@H]1C=CC=N1)C(=O)N[C@@H]1N[C@H](c2ccccc2)CS1,0.6552,4.5346,-5.95,-8.03
Cc1c(C(=O)N2CCCN(C(=O)C3CCC3)CC2)nc2cccc(Cl)n12,0.7593,2.596,-6.28,-8.26
O=C(Nc1ccc2c(c1)OCCO2)N1CCOc2ccc(COCc3ccccc3Cl)cc2C1,0.5395,2.4279,-6.52,-8.99
C[C@@]1(c2ccc(Cl)c(Cl)c2)NC(=O)N(Cc2cccc(F)c2F)C1=O,0.8041,2.6966,-6.31,-8.58
C[C@@H](NC(=O)C[C@@H]1CSc2nc3c(c(=O)n21)CCCC3)c1ccccc1,0.8416,3.2341,-6.14,-8.15
COC(=O)c1ccc(NC(=O)C(C)(C)F)cc1,0.8222,1.9067,-5.39,-6.89
Cc1ccc(F)cc1S(=O)(=O)N1CCC[C@](C)(C(=O)NCc2ccc(F)cc2)C1,0.8034,2.759,-6.57,-9.05
O=C([O-])[C@H]1CCCN(C(=O)c2cccc3[nH]ccc23)C1,0.8761,2.9438,-5.79,-7.8
CC[NH+](CCCS(=O)(=O)c1ccc(C)cc1)C1CC1,0.8167,3.7635,-5.14,-7.39
Cc1ccn2/c(=N/C(=O)Cc3noc4ccccc34)[nH]nc2c1,0.6111,3.065,-6.24,-8.67
CC[NH+]1CCN(CC(=O)NC2=c3c(C)cccc3=[NH+][C@@H]2C(=O)OC)CC1,0.4646,4.8805,-5.81,-7.98
O=C1C[C@H](c2ccc(OCc3ccccc3)cc2)c2c(n3ccsc3nc2=O)N1,0.5624,2.9331,-6.56,-9.96
COc1ccc([C@H]2C[C@@H](C)N(C(=O)NCC(C)(C)c3ccncc3)C2)cc1,0.8703,3.1887,-6.11,-8.61
CC(C)(C)NC(=O)NC(=O)CN(Cc1cccnc1)C[C@@H]1CCCO1,0.8172,2.8417,-5.73,-6.99
O=C(Nc1cc(Br)cc(C(F)(F)F)c1)N1CC[C@@H](O)C1,0.8155,2.7023,-5.58,-8.07
COc1cc2oc(=O)cc(C)c2cc1CCC(=O)NCCC1=c2cc(Cl)ccc2=[NH+]C1,0.5326,3.3449,-6.36,-8.73
CCOC(=O)/C=C(/C)NC(=O)c1ccc(Cl)c([N+](=O)[O-])c1,0.3895,2.2908,-5.47,-7.61
COc1ccc(CN2C[C@@H](OCc3ccccc3F)CN(C(=O)C3=NNC(=O)CC3)CC2=O)cc1,0.6494,3.141,-6.19,-9.51
CC[NH+](Cc1ccc2c(c1)CC(C)(C)O2)[C@@H](C)CS(C)(=O)=O,0.8555,4.3545,-5.68,-8.5
CCOc1cccc(C(C)(C)[C@H]2CC[C@@H](C)C[C@@H]2O)c1,0.8945,3.3024,-5.59,-7.64
O=c1c2cn[nH]c2nc(SCc2cn3ccccc3n2)n1-c1ccccc1,0.3862,2.5493,-6.54,-9.41
O=C1CCCCCN1CC(=O)N1CCC[C@H](OCc2ccccn2)C1,0.8187,2.7602,-6.05,-8.16
CCOc1ccc([C@@H]2C(C#N)=C(N)Nc3oc(C)nc32)c(OCC)c1,0.8612,3.3803,-5.87,-8.46
O=C(NC1CCCC1)c1cc(=O)[nH]c2ccc(S(=O)(=O)N3CCCC3)cc12,0.8352,2.224,-6.4,-8.93
CCO[C@@H]1C[C@H](N(C)C(=O)c2cn(C)nc2CC)C12CCCC2,0.8383,4.3261,-5.61,-7.51
CCCC(=O)Nc1cccc(CNC(=O)N[C@@H](C)c2ccc(C#N)cc2)c1,0.6962,2.443,-6.01,-9.42
COc1cccc([C@H](C[NH3+])N2CCN3C(=O)NC[C@@H]3C2)c1,0.799,3.7359,-5.91,-7.35
CCC(=O)N1CCN(C(=O)Cc2ccc(Br)s2)CC1,0.8422,2.1753,-5.47,-7.4
C[C@@H]1CCCC[C@@H]1NC(=O)CSc1nnc(-c2ccco2)n1N,0.6407,3.0968,-5.71,-8.01
CCCOc1ccc(C(=O)Nc2c(C)[nH+]c3scc(C)n3c2=O)cc1,0.762,3.0846,-6.09,-8.99
Cc1cccn2c(=O)c(C(=O)N[C@H]3[C@@H]4CCc5ccccc5[C@H]34)cnc12,0.776,3.4279,-6.38,-8.89
COc1ccc([N+](=O)[O-])cc1NC(=O)C[C@H]1Sc2ccccc2NC1=O,0.6156,2.6774,-6.2,-8.54
CCN(Cc1cccc2c1OCO2)C(=O)Cc1ccn(C(C)C)n1,0.8176,2.5866,-5.78,-7.74
Cc1c(C(=O)Nc2ccc3c(c2)C(=O)N(C[C@@H]2CCCO2)C3=O)cccc1[N+](=O)[O-],0.4607,2.7208,-6.45,-9.18
Cc1ccc(C(C)C)c(Oc2nc3ccccn3c(=O)c2/C=C(\C#N)C(=O)NCc2ccco2)c1,0.31,2.7802,-6.13,-9.24
C[C@@H]1CCc2c(sc3ncn(CC(=O)NC[C@H]4COc5ccccc5O4)c(=O)c23)C1,0.6947,3.2554,-6.35,-8.87
Cc1onc(-c2ccccc2Cl)c1C(=O)N1CCc2nc(NC(=O)[C@@H]3CCCO3)sc2C1,0.6142,3.12,-6.75,-8.95
COc1ccccc1NC(=O)[C@@H](C)Oc1ccc(C(C)C)cc1,0.8681,2.0996,-5.9,-8.43
CC[C@H](CC(=O)N1CCOC[C@H]1C(N)=O)c1ccccc1,0.8876,3.0205,-5.73,-7.59
O=C(NC[C@](O)(Cc1ccccc1)c1cccs1)c1ccccc1Cl,0.6797,2.6988,-6.33,-8.46
COCc1nc(-c2ccc(Cl)cc2)nn1[C@@H]1CCS(=O)(=O)C1,0.851,2.996,-5.9,-8.03
Cc1cccc(C(=O)N[C@H](C(=O)Nc2cccc(S(=O)(=O)N3CCCC3)c2)C(C)C)c1,0.6871,2.457,-5.42,-9.13
Cc1cnn(Cc2nc(-c3ccc(NC(=O)c4ccco4)cc3)oc2C)c1,0.5787,2.3415,-6.44,-9.61
CC(C)CCn1cc(C(=O)[O-])c(-c2ccoc2)n1,0.8033,3.0804,-5.51,-7.29
COc1cccc(C(=O)Nc2nc3c(C)cc(C)cc3s2)c1,0.7893,1.901,-6.06,-9.14
C[C@H]1C[C@@H]([NH2+]CCC(C)(C)O)CC[C@H]1C,0.7315,4.8902,-4.66,-5.32
CC[C@H]1C(=O)NCCN1C(=O)N1CCC[C@@H](C)C1,0.7591,3.17,-5.52,-6.97
CC(C)[C@H](CCl)Nc1cccnn1,0.7557,3.2682,-4.97,-5.95
Cc1c(C(=O)NCc2ccc(OC(C)C)nc2)cnn1C,0.9112,2.228,-5.58,-7.78
O=C(Cc1ccc(Cl)c(Cl)c1)Nc1ccc2nc3n(c(=O)c2c1)CCCC3,0.7137,2.1887,-6.55,-9.59
O=C(NO[C@@H]1CCCCO1)c1ccc(CSc2nc3ccccc3[nH]2)cc1,0.4962,2.8223,-6.39,-8.94
C[NH+](Cc1ccccc1NC(=O)N[C@H]1CCCC[C@@H]1CO)C1CCCCC1,0.6185,4.0707,-6.11,-8.21
CC(C)c1cc(=O)n2c(n1)SC[C@H]2CC(=O)Nc1ccon1,0.867,3.4146,-5.76,-8.16
O=C(NCc1cccnc1)C1(c2cc(-c3ccc4c(c3)OCO4)on2)CC1,0.7501,2.6478,-6.13,-8.38
CCc1ccc([C@H](NCC(=O)N2CCN(C(=O)C3CC3)CC2)C(C)C)cc1,0.8016,2.594,-5.78,-8.32
CS(=O)(=O)c1ccccc1NC(=O)C[C@@H]1C[C@H]2CC[C@@H]1C2,0.93,3.7515,-5.78,-8.17
CC[C@H](C)c1ccc(NC(=O)Cn2c(C)cc(C)c(C(N)=O)c2=O)cc1,0.834,2.6119,-6.11,-8.77
O=S(=O)(NCC[NH2+][C@@H]1CCc2ccccc21)c1cccs1,0.7867,3.6404,-6.04,-7.92
C[NH+](CC[C@H]1CCCO1)C1CCC2(CC1)OCCO2,0.8182,4.9962,-5.45,-7.03
CC(=O)Nc1ccc(Cl)c(NC(=O)C(=O)N2CCCC2)c1,0.8185,1.9492,-5.87,-8.55
c1cnn(CC2CCN(c3ccc(-c4nc(C5CC5)no4)cn3)CC2)c1,0.7038,2.5898,-6.17,-8.64
CNC(=O)Nc1cccc(C)c1,0.6519,1.5479,-4.92,-6.08
COc1cccc(-n2nnnc2SCC(=O)N2[C@@H](C)CCC[C@@H]2C)c1,0.7622,3.023,-5.97,-8.58
CSc1ccc(NC(=O)C(=O)NCC(C)(C)[NH+]2C[C@@H](C)C[C@@H](C)C2)cn1,0.5308,4.528,-5.78,-7.88
C[NH+](C)CCn1c(=O)oc2ccc(NC(=O)C[C@@H]3OC(=O)c4ccccc43)cc21,0.606,3.6327,-6.36,-9.01
C[C@H]1C[C@H]1C(=O)Nc1ccc(C(=O)Nc2ccc3c(c2)CC(=O)N3)cc1,0.7928,2.7682,-6.15,-9.23
[NH3+][C@@H](CO)c1cc(C(F)(F)F)cc([N+](=O)[O-])c1[O-],0.5898,4.1782,-5.44,-6.71
CCC(NC(=O)Nc1ncccc1C)(C(F)(F)F)C(F)(F)F,0.8293,2.7989,-5.86,-7.89
O=C(CN1CCCCCC1=O)NCCc1ccc(C(F)(F)F)cc1,0.8945,2.0325,-6.1,-8.61
COC(=O)c1ccccc1NS(=O)(=O)c1ccc(OC)c(F)c1,0.8462,1.8109,-5.91,-8.67
Cn1ncnc1CCNC(=O)CC[C@H]1Cc2ccccc2NC1=O,0.8303,2.9847,-6.06,-8.56
O=C(CN1C(=O)c2ccccc2C1=O)N1CC(=O)N(Cc2ccccc2)C[C@@H](OCc2cccnc2)C1,0.463,2.9355,-6.54,-8.38
Cc1cccc(OCCN2CCC([NH+]3CCCC3)CC2)c1,0.8849,3.3867,-5.62,-7.53
CC(C)c1noc([C@@H](C)SCCOc2ccc(F)cc2)n1,0.7171,2.8778,-5.6,-7.86
CCN(CC)c1ccc(C2=NC(=O)C3=C4CC[C@H](C)C[C@@H]4SC3=N2)cc1,0.7896,3.9219,-6.02,-7.39
C#CCN1CCN(C(=O)C(=O)Nc2ccc3c(c2)nc(C2CC2)n3C)CC1,0.6547,2.5987,-6.01,-8.62
CS(=O)(=O)N1CCN(C(=O)COc2ccc(OCc3ccccc3)cc2)CC1,0.7028,1.8939,-6.0,-8.83
CC1(C)CC([C@@H]2CCCc3cccnc32)=C[C@H]([NH3+])C1,0.7722,4.268,-5.73,-7.63
O=C(Cc1cccc2ccccc12)NNC(=O)c1ccc(NC(=O)C2CCCCC2)cc1,0.5267,2.0029,-6.69,-10.14
C[C@H](CNC(=O)Cn1cnc2ccc(F)cc2c1=O)Cn1cccn1,0.7287,2.8395,-5.98,-8.56
Cc1ccc(NC(=O)CCl)c(Br)c1,0.8159,1.8589,-5.0,-5.47
O=C(NCCn1cc[nH+]c1)c1ccc(Cl)s1,0.8844,3.5827,-5.34,-7.19
BrCC1(C[C@H]2COc3ccccc32)CC1,0.7581,3.2425,-5.32,-7.39
O=C(CSc1nc(-c2cc(Br)ccc2O)n[nH]1)Nc1ccccc1[N+](=O)[O-],0.2969,2.5322,-6.24,-9.01
O=C(N/N=C/C(Br)=C/c1ccccc1)[C@H]1C=C(c2ccc(Cl)cc2Cl)N=N1,0.4476,3.6011,-5.95,-9.13
O[C@H](CSc1nnc(N2CCCCC2)n1C1CC1)c1ccccc1,0.8138,2.7438,-5.96,-8.38
O=C(COCC1CC1)N1CCN(C(=O)c2ccc(F)cc2F)CC1,0.8207,2.1011,-5.96,-7.93
C[C@H]1C[C@H](NC(=O)NCC2(O)CCCCC2)C(=O)N1c1ccccc1,0.7822,3.2437,-6.14,-8.23
CC(C)(C)[C@@H](NC(=O)NNC(=O)[C@@H]1CCCO1)c1ccccc1,0.7479,3.0717,-5.92,-7.77
CCN(CCC#N)c1nc2cc(N)ccc2o1,0.8139,2.7101,-5.42,-6.86
CCC[NH2+][C@H](C)c1cc(F)ccc1Oc1cccnc1C,0.8853,3.5664,-5.67,-8.04
Cc1cc(Br)ccc1CN(C)Cc1nnc(C2CC2)n1C,0.8298,2.416,-5.99,-8.16
CN(Cc1cn(-c2ccccc2)nc1-c1cccs1)C(=O)Cc1ccc(N2CCCC2=O)cc1,0.3849,2.4566,-6.51,-9.32
C[NH2+][C@]1(C(N)=O)CCC[C@H]1CC[NH+]1CCC[C@@H](C)C1,0.5833,6.0446,-5.61,-7.76
C=CCn1/c(=N/C(=O)c2ccc3ncsc3c2)sc2cc(S(N)(=O)=O)ccc21,0.5023,2.7347,-6.42,-9.39
C[C@H](Oc1cccc(Cl)c1)C(=O)NNC(=O)[C@H](C)Oc1ccccc1F,0.7554,2.7438,-6.0,-8.75
COC(=O)c1c(NC(=S)NN2CCOCC2)sc(C(=O)N(C)C)c1C,0.5876,2.67,-5.72,-7.35
CC(C)CC[C@@H](C)NC(=O)c1ccc(Cl)c(S(C)(=O)=O)c1,0.8695,2.4653,-5.63,-7.79
CC(C)c1nnc(NC(=O)CCc2nc(-c3ccsc3)no2)s1,0.7333,2.5214,-6.03,-8.76
O=C1COc2ccc(C(=O)C[n+]3cccc([O-])c3)cc2N1,0.6472,3.1461,-6.01,-8.18
C[C@H]1CCc2c(F)cccc2[C@@H]1NC(=O)CNC(=O)c1ccc(C#N)cc1,0.874,3.1115,-6.23,-9.22
CCC[C@H](NC(=O)c1ccnn1C(C)C)c1cccs1,0.8797,2.8963,-5.38,-7.11
Cc1ccc(N2CC[C@H](C(=O)N[C@H](CO)c3ccccc3F)C2=O)cc1C,0.7953,3.067,-6.46,-8.9
Cc1ccc(NC(=O)CNc2ccc(C(=O)N3C[C@@H](C)O[C@H](C)C3)cc2)c(Br)c1,0.7065,2.8752,-5.65,-9.24
CCCn1nc2c(c(C(F)F)cc(=O)n2CCC(=O)Nc2ncnc3c2cnn3C)c1C,0.4688,3.0477,-6.89,-9.28
COc1ccc(O)c(CNC(=O)NCCC(F)(F)F)c1,0.7785,2.1581,-5.62,-7.52
O=C(CCS(=O)(=O)c1ccccc1)Nc1nc2c(s1)C(=O)CCC2,0.8796,2.3132,-6.15,-8.25
COCCc1noc([C@@H]2CCC(=O)N(C3CCCC3)C2)n1,0.8292,3.0174,-5.64,-7.67
CN(C)/C=C(/C(=O)C(F)(F)F)c1ncc(C(F)(F)F)cc1Cl,0.6165,2.9813,-5.53,-7.48
Cc1cc(NC(=O)N2CCC[C@@H]2C(=O)N2CCOCC2)ccc1F,0.899,2.5645,-5.9,-8.33
COCC[C@@H](C)C(=O)N1CCN(c2ncnc3ccsc23)CC1,0.8371,2.9381,-5.62,-7.49
CC1CCC(OCC[C@@H]2CCC[C@]2(C#N)NC(C)C)CC1,0.8035,3.8865,-5.53,-7.48
CC1(c2nc(C3CCCCC3)n[nH]2)CCCC1,0.8462,2.8976,-5.39,-7.04
N#Cc1ccc(CN2CCO[C@@H]([C@@H]3CCCO3)C2)o1,0.8265,3.5935,-5.46,-6.86
Cc1sc(-c2ccco2)nc1C(=O)Nc1ccc2c(C)n[nH]c2c1,0.5876,2.5976,-6.4,-9.08
CN(C)c1ccc(NS(=O)(=O)c2ccc([N+](=O)[O-])cc2)cc1,0.6743,1.8435,-5.72,-7.96
O[C@@H]1c2ccccc2CCC[C@@H]1CC(F)F,0.7668,3.2044,-5.56,-6.93
CC[C@@](C)(C#N)[C@H](O)c1cccc(Cl)c1Cl,0.891,3.5481,-4.75,-6.66
CCOC(=O)c1ccc(CNC(=O)c2ncoc2CC)o1,0.8175,2.5259,-5.7,-7.96
O=C(COc1ccc(Cl)cc1Cl)NCC[C@@H]1CCCOC1,0.8694,2.5222,-5.67,-7.95
CCc1nnc2n1N[C@H](c1ccc(Cl)cc1)[C@@H](C(=O)Nc1cc(C)cc(C)c1)S2,0.6406,3.3319,-6.39,-8.49
CC(C)=C[C@H]1[C@@H](/C([O-])=C(/C#N)C(=O)Nc2ccccc2)C1(C)C,0.4019,3.6577,-5.63,-8.38
CN(C(=O)Nc1c(F)cccc1F)[C@@H]1CCc2ccccc21,0.8891,2.6229,-6.27,-8.47
C[C@@H](CO)[NH2+]Cc1ccc(OC(F)F)c(Br)c1,0.8361,3.8904,-5.25,-7.43
CC(C)c1c(CO)cnn1Cc1cccc(Cl)c1,0.9209,2.2405,-5.6,-8.08
CCN(Cc1ccccn1)c1cccc(C(N)=[NH2+])n1,0.5812,2.9116,-5.66,-7.09
CCOC(=O)CNS(=O)(=O)c1cc(Br)sc1C,0.8264,2.3992,-5.44,-7.4
CN(C)S(=O)(=O)c1ccc(F)c(C(=O)Nc2nnc(C3CC3)s2)c1,0.8696,2.2828,-5.95,-8.26
CN(Cc1cc([N+](=O)[O-])ccc1OC(F)F)C1CCS(=O)CC1,0.5834,2.9327,-5.71,-7.25
CCCc1sc(C(=O)N2CCCS2(=O)=O)cc1CC,0.858,3.119,-5.52,-6.71
C[C@@H](S[C@@H]1NN=C2CCCCCN21)C(=O)C1=c2ccccc2=[NH+]C1,0.7605,4.9066,-6.09,-8.02
Cc1nc2ccccc2n1CC(=O)N/N=C/c1ccc(N(C)C)cc1,0.5757,2.1533,-6.16,-8.86
COCc1cccc(CNC(=O)CN2CCN(C(C)=O)CC2)c1,0.8346,1.905,-5.68,-7.82
CSc1ncc(C(=O)N2CCC(COc3ccccn3)CC2)cn1,0.6132,2.4037,-5.92,-8.27
CC(C)c1nnc(C2CCN(C(=O)Nc3ccc(Cl)cc3)CC2)o1,0.8992,2.2417,-6.05,-8.65
CCCCc1nnc(NC(=O)N2CCC[C@H]2c2ccc(OCC)cc2)s1,0.766,2.6736,-5.98,-7.74
COc1ccc(-c2ccc(CO)o2)cc1NC(=O)c1ccc2ccccc2c1,0.5244,2.0145,-6.89,-9.72
O=c1cc(C[NH+]2CCc3ccccc3[C@H]2Cc2ccccc2)occ1[O-],0.7806,4.3786,-6.5,-9.21
COc1ccccc1[C@@H](Nc1ncc([N+](=O)[O-])cc1C)c1ccccn1,0.5354,2.8188,-6.16,-8.42
C[C@@H](NC(=O)CN1CC[NH+](Cc2ccccc2)CC1)C(=O)N1CCCCC1,0.7325,3.5444,-6.03,-8.25
C[C@H]1[C@H](C(=O)[O-])CCN1S(=O)(=O)N(C)Cc1ccccc1,0.7555,3.5461,-5.77,-7.3
C[C@H]1CN(C(=O)NCCCn2nc3n(c2=O)CCCC3)C[C@H](C)O1,0.8155,3.3313,-6.07,-7.5
C[C@@H]([NH2+]C[C@H](O)C1CCOCC1)c1ccc(Cl)cc1Cl,0.8754,3.9868,-5.59,-7.39
O=C1[C@H](NS(=O)(=O)C2CCOCC2)CCCN1c1ccccc1F,0.8853,2.9428,-6.02,-7.84
CS(=O)(=O)/N=C(\[O-])[C@H]1C[C@H]1c1ccccc1Cl,0.6124,3.6582,-5.7,-7.35
CC(=O)NCCC1=c2ccccc2=[NH+][C@@H]1/C=C1\C(=O)N(c2ccc(C)cc2)C(=S)N=C1[O-],0.444,4.2548,-6.44,-8.25
O=C(NCCOCCO)Nc1c[nH]c2ccccc12,0.5924,2.1534,-5.77,-7.93
COc1ccc(F)cc1NC(=O)[C@H](OC(C)(C)C)c1ccccc1,0.8869,2.4413,-6.02,-8.63
Cc1nc(CSc2nc(NC3CC3)c3ccccc3n2)no1,0.5723,2.4309,-5.94,-8.84
O=C(c1ccc(S(=O)(=O)N2CCCC2)cc1)N1CCCSC[C@H]1C[NH+]1CCCCC1,0.7354,3.7882,-6.24,-7.22
CCCCNC(=O)CN1C(=O)C[C@H](C)Sc2ccc(S(=O)(=O)N3CCCCC3)cc21,0.6416,2.9147,-6.08,-7.87
CC(C)n1ncc2c1N=C(O)C[C@@H]2c1cccc(Cl)c1,0.8987,3.3512,-5.96,-8.19
C[C@@H]1OCC[C@@H]1C(=O)Oc1ccccc1Br,0.6189,3.1652,-5.46,-6.97
CCc1nn(C)c(Cl)c1CN1CCC(N2CCO[C@H](C)C2)CC1,0.842,3.0911,-5.74,-7.7
O=C(/C=C/c1ccco1)Nc1ncc(Cc2ccccc2)s1,0.7252,2.2235,-5.81,-8.68
O=C1C(=Cc2cc(Br)ccc2O)C(=O)N(c2ccccc2)C(=S)N1c1ccccc1,0.3299,2.3178,-6.36,-8.44
CC(=O)Nc1ccc([S@@](=O)Cc2nnc(Cc3ccccc3)o2)cc1,0.7347,2.8332,-5.97,-8.68
C[C@H]1[NH2+]C[C@@H](c2cc(F)ccc2F)O[C@@H]1C,0.7717,4.4806,-5.47,-6.93
CSCC(=O)NC[C@@H]1Cc2cc(Cl)cc(-c3ccncc3)c2O1,0.9012,2.9559,-5.91,-8.3
COc1ccc(/C=N/NC(=O)c2cc3cc(Br)ccc3o2)c(OC)c1,0.5169,2.2359,-6.28,-8.76
CN(C(=O)C(=O)NCCCc1ccccc1)c1ccccc1,0.6802,1.8699,-5.95,-8.33
Cc1ccccc1[C@H]1CN(C(=O)NCCCCn2cc[nH+]c2)[C@@H](C)CO1,0.8079,4.0993,-6.17,-8.45
Cc1ccn2nc(NCc3cc(C)c(C)s3)nc2c1,0.7949,2.7125,-5.63,-8.19
CS[C@H]1CCC[C@@H]1[NH+](C)CCn1nc2ccccn2c1=O,0.8637,4.6751,-5.85,-8.3
C[C@@H](C(=O)N[C@H](C)c1ccc(N2CCOC2=O)cc1)[NH+](C)C,0.8252,3.7585,-5.68,-7.83
C[C@@H](CCl)CS(=O)(=O)N[C@H]1CCc2ccccc2C1,0.8486,3.248,-5.75,-8.05
Cc1ccc(-c2nc(NC(=O)c3ccncc3Cl)sc2C)s1,0.7392,2.412,-6.18,-8.3
Cc1cccc(-c2nnc(SCc3ccnn3C)n2N)c1,0.589,2.477,-5.79,-8.08
CCOc1cc(/C=C2/SC(=S)N=C2[O-])ccc1OCc1cccc(F)c1,0.702,2.7496,-6.06,-7.19
C[C@@H]1CN(C(=O)c2ccc([N-]S(=O)(=O)CCC3CC3)cc2)C[C@@H](C)O1,0.7761,3.9406,-5.74,-7.8
C[C@H](C(=O)Nc1cccc(C(F)(F)F)c1)N1C(=O)[C@H]2CCCC[C@H]2C1=O,0.8335,3.0867,-6.19,-8.93
CC(C)NC(=O)NNC(=O)[C@@H](Sc1ccccc1)c1ccccc1,0.5764,2.5134,-6.03,-7.91
C1=NN=C(c2ccc(-c3ccccc3)cc2)[C@@H]1CN1CCCO1,0.8679,3.3696,-6.03,-8.26
COc1ccc(NC2[C@@H](C)CCC[C@H]2C)cc1F,0.8739,3.0428,-5.46,-7.42
CCN(Cc1cccc(C)c1)C(=O)N[C@@H](C)Cc1ccc(O)cc1,0.8466,2.4623,-5.95,-8.07
COC[C@H](C)N1CC[NH+](C2CCC(C(C)(C)C)CC2)CC1,0.8524,4.362,-5.46,-7.43
COc1ccc(/C=C/C(=O)Nc2cc(C)nc3c(C)cc(C)cc23)cc1OC,0.6481,2.2261,-6.32,-8.75
O=C(NC[C@@H]1Cc2ccccc2O1)Nc1cccc(Cn2ccnc2)c1,0.7446,2.6849,-6.36,-9.1
C[C@@H](NC(=O)[C@@H](C)[NH+](C)C[C@@H]1CCCO1)c1ccc2c(c1)OCCO2,0.7944,4.1909,-5.84,-8.12
C[C@@H]1Nc2ccccc2C(=O)N1NS(C)(=O)=O,0.7997,3.1297,-5.67,-6.99
COc1ccccc1N1C(=O)c2ccc(-c3nc4cc([N+](=O)[O-])ccc4o3)cc2C1=O,0.2784,2.3153,-6.62,-9.97
C[NH2+][C@H](Cc1ccc(C)cn1)c1occc1C,0.8711,3.9051,-5.54,-7.52
CNC(=O)[C@@H]1CC(=O)N/C(=N\N=C(/C)c2cccs2)S1,0.6498,3.8583,-5.77,-7.79
C[C@@H](NC(N)=O)C(=O)Nc1ccc(N2CCOCC2)c(F)c1,0.7608,2.4741,-5.76,-8.43
CN(Cc1cccc(C#N)c1)C(=O)c1c[nH]c2cccc(F)c12,0.8054,2.291,-6.29,-8.43
Cc1cnc(C(C)(C)NC(=O)Nc2cc(F)ccc2C)s1,0.9016,2.5309,-5.95,-7.98
Cc1ccc(NC(=O)c2nnc(C(=O)N3CCC[C@@H](C(=O)NC4CCCCCC4)C3)s2)cc1,0.6486,2.8435,-6.44,-8.26
COCc1nc(C)cc(NCCC[NH+]2C[C@@H](C)C[C@@H](C)C2)n1,0.7456,4.6627,-5.49,-7.52
Cc1cc(C)n(-c2nc(-c3ccccn3)cc3n[nH]c(=O)n23)n1,0.6019,2.7513,-6.31,-8.43
C[C@@H]1[NH2+]CC[C@@H]1c1nc2ccccc2n1C(C)(C)C,0.8361,4.1958,-5.89,-8.12
FC(F)COc1cc(CN[C@H]2CCc3[nH]c4ccccc4c3C2)ccn1,0.7044,3.0604,-6.26,-9.1
Cc1nccn1-c1cncc(N[C@@H](C)c2ccc(-n3cncn3)cc2)n1,0.5978,3.0946,-6.4,-8.67
O=C([O-])C1CCN(S(=O)(=O)C2CC2)CC1,0.6212,2.8835,-5.32,-6.61
CCOC(=O)c1ccc(NC(=O)Nc2ccc(Cl)cc2Cl)cc1,0.7751,1.679,-5.95,-9.04
O=C(CC1CCCC1)N1CCC[C@H](CO)C1,0.7953,2.51,-5.35,-6.31
COC[C@H](C)[NH+]1CCN(CC(=O)NCc2ccc(C)c(F)c2)CC1,0.7349,3.7146,-5.68,-7.9
Cc1nn(C)c(C)c1CCC[NH2+][C@@H](C)c1cccc(F)c1,0.8147,3.59,-5.76,-8.11
COC(=O)c1cc(NS(=O)(=O)c2ccc([O-])c([N+](=O)[O-])c2)c(F)cc1F,0.4662,2.7531,-6.09,-8.64
C[C@@H](NC(=O)Nc1ccncc1)C1CCCCC1,0.8616,2.4802,-5.55,-7.68
Cc1cc([C@H](C)NC(=O)/C=C/c2ccc(OCC#N)cc2)c(C)s1,0.8033,2.839,-5.9,-8.12
O=C(Nc1ccc(NCc2ccc(F)cc2)cc1)[C@H]1CCCO1,0.8871,2.2813,-6.02,-8.61
CCOCC(=O)NNC(=O)[C@@H]1C[C@@H]1c1cccc(F)c1F,0.8041,3.0635,-5.76,-7.85
CC[C@](C)(C(=O)[O-])[C@@H]1CCC[C@@H]1O,0.6882,4.3553,-5.17,-6.1
[NH3+]C[C@H](CO)Cc1ccc(Cl)cc1Cl,0.8134,3.3584,-5.14,-6.04
O=C(Cn1cc[nH+]c1)Nc1ccccc1OCC(F)(F)F,0.9164,3.1696,-5.82,-8.16
CCCOc1ccc(NCCN2CCc3ccccc32)cc1,0.837,1.9136,-5.87,-8.86
COc1ccccc1[C@H](C#N)NC(=O)CSCC(F)(F)F,0.8758,2.9903,-5.32,-6.98
Nc1ccc(Cl)cc1S[C@H]1CC(=O)N(C2CC2)C1=O,0.6866,3.0485,-5.69,-7.37
COP(=O)(OC)[C@@H](Nc1cccc2ccccc12)c1ccc([N+](=O)[O-])cc1,0.3346,2.8419,-6.42,-9.31
CCC1(CC)CC(=O)N(c2cc(C)c(Br)cn2)C1=O,0.8019,2.9148,-5.56,-8.15
CCOC(=O)c1cc(=O)c2c([N+](=O)[O-])ccc(OC)c2o1,0.4806,2.382,-5.68,-7.5
COC(=O)c1ccc(N2C(=O)CS[C@@H]2c2ccc(Cl)c(Cl)c2)cc1,0.7306,2.593,-6.03,-7.84
C[C@@H](c1ccncc1)[C@@H](O)C[C@H](C)C(C)(C)C,0.8643,3.4536,-5.23,-6.52
Cc1ccccc1N1C[C@](O)(c2cccs2)[N+]2=C1CCCC2,0.8611,3.329,-6.05,-7.3
CC(C)(C)n1cc(C[NH+]2CCC[C@H]2C[C@H](O)c2ccc(F)cc2)cn1,0.8733,4.5788,-6.12,-8.37
C[C@@H](C(=O)Nc1ccccc1[C@@H](C)O)N1CCN(c2ncccn2)CC1,0.8493,2.8337,-5.97,-8.46
CCn1ccc2ccc(NC(=O)CCn3cc[nH+]c3C(C)C)cc21,0.7415,3.2639,-6.2,-9.26
CNc1cc(C(=O)N2C[C@H](C)[C@@H](C)C2)c2ccccc2n1,0.9212,3.0145,-6.1,-8.56
C[C@@H](NC(=O)c1cnc([C@@H]2CCCO2)s1)c1nc(C2CCCC2)no1,0.875,3.5562,-5.91,-8.36
COC(=O)CCCc1csc(NC(=O)[C@@H]2CC=CCC2)n1,0.6478,2.8853,-5.52,-8.17
COC(=O)c1cc(CNC(=O)c2c[nH]nc2-c2ccccc2)oc1C,0.6967,2.5465,-6.32,-9.17
C[NH+](C)[C@@H](CNC(=O)c1cc2ccccc2o1)Cc1ccccc1,0.728,3.2293,-6.37,-9.35
CCS(=O)(=O)C[C@@H](C)[NH+](C)[C@@H]1C[C@H](C)CC(C)(C)C1,0.834,4.9847,-5.51,-7.01
Cc1cc(=O)n2nc(-c3ccccc3)cc2n1C[C@@H](O)COc1ccccc1F,0.5468,2.895,-6.58,-9.1
O=c1oc2cc(O)ccc2cc1-c1cccc(Cl)c1,0.6853,1.9952,-6.22,-8.65
CC(C)(C)c1nn(-c2ccccc2)cc1C[NH+]1CCC(n2cccn2)CC1,0.7733,3.6228,-6.16,-8.21
COc1nn(C)cc1C(=O)Nc1nc2c(cc3c4c(cccc42)CC3)s1,0.6036,2.663,-6.67,-9.43
C[NH+](Cc1ccnc(Cl)c1)C[C@H](O)C1CC1,0.7381,4.4916,-5.26,-6.65
[NH3+]CC[C@H]1CCC[NH+](Cc2cc(Cl)ccn2)C1,0.7913,5.2699,-5.36,-7.04
C[C@@H](CNC(=O)Nc1cccc(Cl)c1)C[NH+]1CCCC1,0.7619,3.8531,-5.7,-8.31
CCC[C@@H]1CN(C(=O)[C@@H](C)OC)CCO1,0.7033,3.1008,-4.98,-6.02
CCOc1ccc(C[NH+](C)[C@H]2CC(=O)N(c3ccc(N(C)C)cc3)C2=O)cc1,0.7377,3.6862,-6.2,-8.25
CCc1ccc(C[C@@]2([NH3+])CC[C@@H](C)[C@H](C)C2)nc1,0.8761,4.1748,-5.37,-7.37
COc1ccc(OC)c(-c2csc(NC(=O)Nc3ccccc3)n2)c1,0.7081,1.8804,-6.15,-9.04
COc1ccc(Br)cc1-n1c(=S)[nH]c2cnccc21,0.723,2.4327,-6.02,-7.93
CC(C)[C@@H](CNC(=O)c1ccc(NC(=O)c2cccs2)cc1)N1CCOCC1,0.748,2.6175,-6.01,-8.1
C[C@@H](NS(=O)(=O)c1ccc(Cl)cc1)c1ccc(N2CCOCC2)cc1,0.8648,2.3687,-5.96,-8.38
CC(C)CCCCNC(=O)N1CCC[C@@H](c2nnc3ccccn23)C1,0.8173,2.827,-6.18,-8.61
Cc1ccc([C@@H](O)CNc2c(C#N)c(=O)n(C)c(=O)n2C)cc1,0.8512,2.8767,-5.85,-8.1
CC[NH+]1CCC[C@H]1CNC(=O)c1sc(-c2ncccn2)nc1C,0.8456,4.3322,-5.81,-8.02
CCN(CC)C(=O)N1CCC[C@H]1c1nc(-c2ccncc2)n[nH]1,0.9401,3.0056,-5.79,-7.85
CC1(c2ccc(OS(=O)(=O)c3ccc(Cl)cc3)cc2)SCCS1,0.7085,2.7462,-6.07,-8.05
CN1CCO[C@H](C(=O)Cc2ccc[nH+]c2N)C1,0.7697,4.3359,-5.38,-6.74
C[NH+](C)CCCNS(=O)(=O)c1cc2c3c(cccc3c1)C(=O)NC2=O,0.4784,3.2515,-6.14,-9.04
N#Cc1ccc(-c2csc(NC(=O)c3cccc(Br)c3)n2)cc1,0.7122,1.9576,-6.27,-9.24
CCn1c(C(=O)NCc2ccccc2C)cc2sccc21,0.7769,2.138,-5.82,-8.71
CCC[NH+]1CCC(NC(=O)c2oc3ccccc3c2C)CC1,0.9063,3.4341,-6.03,-8.82
CCOC(=O)Cc1cccc(O)c1,0.7168,1.6807,-5.01,-5.88
O=C(CSc1nnc2n1CCN2c1ccccc1)Nc1cc(C(F)(F)F)ccc1Cl,0.5604,2.3746,-6.46,-8.54
Cc1cc2c(cc1C)O[C@@H](C(=O)NCCC(=O)N(C)C)C2,0.9063,2.757,-5.79,-7.92
O=c1c(=O)n(-c2ccc(Br)cc2)ccn1Cc1ccccc1Cl,0.6418,2.1323,-6.28,-8.57
CC1CCN(S(=O)(=O)N2CCC[C@H](c3cccc(C(=O)[O-])c3)C2)CC1,0.8031,3.1524,-6.02,-7.98
CN(Cc1cccn1C)C(=O)Nc1cccc(-c2ccc3c(c2)CCO3)c1,0.7534,2.3352,-6.45,-8.91
CC[NH+]1CC[C@H]2CC[C@@H](C1)N2C(=O)Cc1ccc(C)c(O)c1,0.8718,5.0674,-5.82,-7.77
O=C(CCc1ccccc1)N1CCN(c2ccccc2)CC1,0.8653,1.5572,-5.99,-8.42
Cc1ccc(C)c(N(C)C(=O)c2cnc(N3CCOCC3)c3ccccc23)c1,0.695,2.3336,-6.04,-8.82
CCCCC(=O)Nc1ccc(/N=C/c2cccc(C)c2O)cc1OC,0.7243,2.2761,-5.93,-9.02
C/C([O-])=C(/Cl)C(=O)Nc1cccc2ccccc12,0.6666,2.4104,-5.96,-8.18
COc1ccccc1OCC(=O)N1CCC[C@H](c2noc3nc(C)cc(C(F)(F)F)c23)C1,0.5767,3.0469,-6.48,-8.77
NC(=O)C1([NH2+]CC(=O)Nc2cccnc2Cl)CCCC1,0.6685,3.4559,-5.69,-7.74
Cc1cccc(N(C)S(=O)(=O)c2c(-c3ccccc3)csc2C(=O)NCc2ccco2)c1,0.4123,2.4821,-5.91,-9.46
CC[C@H](C[NH3+])[C@@](C)(O)c1ccccc1C,0.7731,3.8742,-5.17,-6.51
COc1ccc(Br)cc1/C=C(\C#N)C(=O)Nc1cccc(C)c1C,0.6172,2.1392,-6.05,-8.67
C[C@H](N[C@@H](C)c1cccc(Cl)c1)C(=O)NCc1ccccc1,0.853,2.4679,-5.82,-8.75
CCOc1ccc([C@H]2c3c(oc4ccccc4c3=O)C(=O)N2Cc2ccc(Cl)cc2)cc1OC,0.3629,2.6888,-6.63,-8.58
O=C(Cn1nc(-c2cccc3ccccc23)ccc1=O)N1CCN(c2ccccc2)CC1,0.5038,2.1242,-6.81,-9.7
CCC(CC)N(CC(C)C)C(=O)[C@H]1CC[C@@H]([NH3+])C1,0.7758,4.0679,-5.34,-6.79
CCc1cccc(C)c1NC(=O)CSc1nc(=O)[nH]c(C)c1C#N,0.6425,2.4885,-6.02,-8.63
O=C1CC[C@@H](CC[NH2+]Cc2cccc(C(F)(F)F)c2)N1C1CCCC1,0.7825,3.6997,-5.99,-8.47
COc1cc(NC2CC[NH+]([C@H](C)C(=O)NC3CCCC3)CC2)cc(OC)c1,0.6766,3.7046,-5.94,-8.12
CCC[C@H]1CC(=O)N(CN2CCN(c3ncccc3F)CC2)C1,0.8313,2.958,-5.89,-7.56
CCc1noc(CC)c1CNC(=O)N1CCC[C@H]1Cc1ccccc1,0.8711,2.9654,-6.23,-8.46
O=C(Nc1ccccc1-c1ccccc1)N(Cc1ccco1)C[C@@H]1CCCO1,0.6464,2.5741,-6.64,-8.73
C[C@H](C1CC1)N(C)C(=O)c1cn(C2C[NH2+]C2)nn1,0.7656,4.1431,-5.28,-6.46
COc1cccc(Cn2c(N)nc3c(OC)ncnc32)c1,0.7807,2.3533,-5.84,-7.88
CCC(=O)N1CCN(Cc2cncs2)CC1,0.7949,2.3183,-5.05,-6.48
C[C@H]1[C@H](C)CCCN1C(=O)c1ccc(-n2cccc2)nc1,0.849,3.0739,-5.85,-7.95
CCCCC/C=C\CC(=O)OC,0.3478,2.2439,-4.76,-5.78
Cc1cc(N2CCOCC2)ccc1NC(=O)N1CCC([NH+]2CCCC2)CC1,0.8444,3.3496,-5.9,-8.17
CCC(=O)N[C@H](C)c1nc2ccccc2n1Cc1c(C)cc(C)cc1C,0.7318,2.6405,-6.32,-9.13
CC(C)c1cc(C(=O)N(C)[C@@H]2CCCC[C@H]2N(C)C(=O)c2cc(C(C)C)[nH]n2)n[nH]1,0.7553,3.8345,-6.48,-8.71
COC(=O)N1CCc2c(sc(NC(=O)CN3C(=O)CCC3=O)c2C#N)C1,0.7805,2.5965,-5.25,-7.89
COc1ccc(F)c(NC(=O)c2ccc(NC(=O)C3CC3)cc2)c1,0.8834,1.6699,-5.98,-8.88
COC(=O)c1c(C)[nH]c(C(=O)N2CCN(c3ncnc4c3cnn4C)CC2)c1C,0.6582,2.5384,-6.4,-8.73
CSCc1cc(F)ccc1CNS(=O)(=O)Cc1ccccc1,0.8417,2.1895,-5.79,-8.44
COc1ccccc1N1CCC[C@@H]([NH2+][C@@H]2CCOC2)C1,0.8927,3.9162,-5.63,-6.47
Cc1ccc(CCCC(=O)Nc2ccc(S(C)(=O)=O)cc2)s1,0.8783,1.9748,-5.83,-8.21
c1cc([C@@H]2CC[NH+](C3CCCCC3)C2)n[nH]1,0.769,5.27,-5.32,-6.58
C[C@H]([NH3+])Cc1noc(CC23CC4CC(CC(C4)C2)C3)n1,0.9144,4.8609,-5.48,-7.68
Cc1ccc(NC(=O)[C@H](C)S(=O)(=O)Cc2ccc(OC(F)F)cc2)c(C)c1,0.7704,2.6216,-5.44,-8.51
Cc1ccc(OCC(=O)NCC[NH+]2CCN(c3ccc(F)cc3)CC2)cc1,0.7634,2.9897,-5.95,-8.75
CC[NH+](CC)CC(=O)Nc1ccc(Br)cc1C(=O)c1ccccc1,0.7144,2.8985,-5.99,-8.45
CCc1ccc(CN(C)S(=O)(=O)c2ccc(CC#N)cc2)cc1,0.8182,1.9948,-5.77,-8.01
C[C@H]1CCCN(C(=O)COC(=O)[C@@H]2COc3ccccc3O2)C1,0.7924,2.9146,-5.84,-8.18
CC(=O)O[C@H]1CC[C@@]2(C)C(=CC[C@@H]3[C@@H]4CC[C@](O)([C@H](C)OC(C)=O)[C@@]4(C)CC[C@H]32)C1,0.5371,4.4835,-6.15,-7.61
C[C@H](Sc1nnnn1-c1ccc(Cl)cc1)C(=O)Nc1cccc(Cl)c1Cl,0.5941,2.5656,-6.28,-8.7
COc1ccc(C(=O)N[C@@H]2C[C@H](C)N(c3ccccc3)C2)c(OC)c1,0.9086,2.7399,-6.06,-8.59
COc1cc2c(cc1OC)CN(C(=O)CSc1ncccn1)CC2,0.6112,2.2368,-5.85,-8.52
COc1ccc(F)c(NC(=O)C(=O)N[C@H]2CCc3ccccc32)c1,0.8512,2.4683,-6.3,-9.03
Cc1ccc(C(=O)/C=C/c2ccccc2F)o1,0.5951,2.1097,-5.75,-8.05
c1cc2c(cc1-c1nc3ncc4c(n3n1)CCCC4)OCCCO2,0.6893,2.6145,-6.14,-9.32
C=CCOc1cc(Br)c(/C=C2\C(=O)NC(=O)N(c3ccc(C)c(C)c3)C2=O)cc1OC,0.3748,2.5632,-6.15,-8.98
COC(=O)[C@]1(C)CC[NH+](CCCNC(=O)C(F)(F)F)C1,0.5324,4.6416,-5.49,-7.66
Cc1cccc(NC(=O)c2ccc(Br)c([N+](=O)[O-])c2)c1,0.6825,1.7766,-5.85,-9.04
O=C(COc1ccc2oc3c(c2c1)CCCC3)N1CCN(c2cccc[nH+]2)CC1,0.6851,3.1699,-6.26,-9.51
[NH3+][C@]1(C(=O)[O-])CCC[C@H]1CCSc1ncnc2nc[nH]c12,0.5597,4.5791,-5.73,-7.94
CNC(=O)[C@H]1CCCC[C@H]1[NH2+][C@H](Cc1cccc(C)c1)C1CC1,0.8303,4.1063,-5.87,-8.2
COC(=O)Nc1ccc(Br)cn1,0.8038,1.9912,-5.01,-5.86
COCC[NH+](C1C[C@@H](C)C[C@H](C)C1)[C@@H](C)C(N)=O,0.7148,5.0065,-5.42,-7.01
COc1ccc(F)cc1C(=O)NCCOc1cccnc1,0.8271,1.8589,-5.69,-7.74
C[C@H]1CCCC[C@H]1N1C(=O)C(=O)N(CC(=O)N2CCC(c3nc4ccccc4s3)CC2)C1=O,0.5069,3.2932,-6.53,-8.84
CCc1nnc(NC(=O)N[C@@H](C)c2ccc(C(F)(F)F)cc2)s1,0.8808,2.6424,-5.84,-8.66
N#C/C(=C\c1cccc2c1OCO2)C(=O)Nc1cc(Cl)ccc1Cl,0.6548,2.3745,-6.17,-9.21
CCS[C@H]1CC[C@@H](NC(=O)NNC(=O)c2ccc(C)o2)C1,0.7445,3.3896,-5.63,-7.67
C[C@H]1CCC[C@@H](C)N1C(=O)Cn1c2ccccc2n2c(SCC(=O)Nc3ccc(F)cc3)nnc12,0.4032,3.2399,-6.57,-8.81
CCOC(=O)C1(C)CCN(C(=O)N[C@H](C)c2ccc(C)o2)CC1,0.865,2.9701,-5.68,-8.18
CSCCNS(=O)(=O)c1cc(N)c(C)cc1Cl,0.6423,2.3923,-5.32,-6.45
CCOCCN(C)C(=O)C[C@@H]1CCCc2cc(OC)ccc21,0.727,2.7422,-5.78,-7.75
Cc1c(C(=O)N2c3ccccc3C[C@@H]2C)oc2c1/C(=N/NC(=O)COc1ccccc1)CCC2,0.5753,3.0793,-6.51,-9.45
O=C(c1ccoc1)N1CCC(C(=O)N(Cc2ccccc2)c2ccccc2)CC1,0.6523,2.1492,-6.57,-8.54
C[C@@H](OC[C@H]1CCCO1)C(=O)Oc1cc(Cl)ccc1Cl,0.6156,3.004,-5.61,-7.44
Cc1cccc(C(=O)N2CCCC2)c1NC(=O)NCc1ccccc1F,0.8786,1.9388,-6.36,-8.62
O=C(Cn1c(=O)oc2ccccc21)Oc1ccccc1F,0.5477,2.0437,-6.08,-8.01
C[C@@H]([NH2+]CC1(N2CCSCC2)CCCC1)C(=O)Nc1ccc([N+](=O)[O-])cc1,0.5448,3.7316,-6.08,-7.75
CC[C@H](C)[C@@H]1NC(=O)[C@@H](CC)N(Cc2cscc2C)C1=O,0.909,3.8426,-5.59,-7.08
NC(=O)c1ccc(N2CCO[C@@H](c3ccc(F)c(Cl)c3)C2)nn1,0.9261,2.9156,-5.98,-8.34
CC(C)(C)C(=O)NNC(=O)N[C@@H]1C[C@H]2CC[C@]1(C)C2(C)C,0.6507,4.3563,-5.67,-8.01
CC(C)[C@](C)(C#N)NS(=O)(=O)/C=C/c1ccccc1Cl,0.9075,3.144,-5.49,-6.66
[NH3+][C@H]1c2ccccc2CCC[C@H]1CCSc1ccccc1,0.6675,3.3579,-6.07,-8.24
CC[C@H](C)NC(=S)NC1=CCS(=O)(=O)C1,0.7149,3.628,-5.33,-6.65
O=c1c2nnc(-c3ccc(Cl)cc3)n2ccn1-c1ccc(F)cc1,0.5621,2.2149,-6.58,-8.95
O=C(Nc1cnn(Cc2c(F)cccc2Cl)c1)Nc1ccccc1C(F)(F)F,0.5646,2.2517,-6.36,-8.84
Cn1cnnc1SC[C@@H](O)c1c(F)cccc1F,0.8631,2.9926,-5.51,-7.39
COc1cc(C[NH2+]C[C@H](O)C2CCOCC2)cc(Br)c1O,0.7072,3.8597,-5.66,-7.43
[NH3+][C@H]1CCC[C@@H]1CC[NH+]1CC[C@H](N2CCOCC2)C1,0.6717,5.5111,-5.46,-7.04
Cc1ccc(N2C[C@@H](C(=O)N[C@@H]3C=CCCC3)CCC2=O)cc1C,0.8668,3.2471,-6.19,-8.53
CC[C@H](C)c1ccc(NC(=O)[C@@H]2CCC(=O)N2S(=O)(=O)c2ccc(C)cc2)cc1,0.7787,2.9031,-6.39,-8.72
CC[NH2+][C@@H](CSC1CCCC1)c1ccc(Cl)c(OC)c1,0.831,3.7086,-5.45,-6.54
Cc1cc(NC(=O)C[C@H]2Sc3ccccc3NC2=O)n(Cc2ccccc2)n1,0.6945,2.7737,-6.27,-8.97
COC(=O)c1ccc([C@@H]2C(C#N)=C(N)OC(C)=C2C(=O)OC(C)C)cc1,0.8249,2.8753,-5.72,-7.94
CCc1nn(C)cc1NC(=O)N[C@@H]1CCC[C@H]1C(N)=O,0.7578,3.412,-5.62,-7.63
O=S1(=O)CC[C@H]([C@H](CCl)Cc2cccc(O)c2)C1,0.8646,3.3804,-5.7,-7.84
C[C@@H](c1ccc(S(C)(=O)=O)cc1)N(C)CC[NH+]1CCCCC1,0.8531,3.943,-5.75,-7.95
O=C(NC[C@H](c1ccc(Cl)cc1)N1CCOCC1)c1ccccc1,0.9056,2.2613,-6.07,-8.66
Cc1ccc(NC(=O)C(=O)NCc2ccccc2C)c(Cl)c1,0.8542,1.8185,-5.95,-8.95
CNC(=O)[C@@H](C)NC(=O)Nc1cc(C(=O)NC2CC2)ccc1C,0.655,2.4086,-5.85,-8.27
Fc1ccc(Br)cc1-c1nc(-c2cnccn2)no1,0.7256,2.336,-6.03,-8.24
CC(C)N(CC(N)=O)C(=O)c1sc(-c2ccccc2)nc1-c1ccccc1,0.7074,2.2137,-6.25,-8.58
CCCn1cnc2cc(-c3noc(CCC4CCCC4)n3)ccc21,0.6637,2.388,-6.04,-8.4
O=C(CCC(F)(F)F)Nc1cccc(C(=O)Nc2ccncc2)c1,0.8754,1.9796,-6.03,-9.08
Cc1cc2ncc([C@@H](C)NC[C@H](c3ccccc3)C(C)(C)CO)c(C)n2n1,0.6676,3.5181,-6.04,-8.89
CC[C@@H](C)NS(=O)(=O)c1ccc(NC(=O)c2ccc(Br)cc2)cc1,0.7599,2.2219,-6.01,-9.02
Cc1csc(C[S@@](=O)Cc2c(C)cccc2C)n1,0.8569,3.1505,-5.43,-7.67
CC(=O)Nc1cccc(NC(=O)[C@H](C)Sc2cccc[n+]2[O-])c1,0.5004,2.7337,-5.91,-8.94
Cc1ccc([C@H](C)[NH2+][C@@H](C)c2cnc(C)s2)s1,0.9054,4.3932,-5.47,-7.58
CCc1onc(C)c1NC(=O)N1CC[C@H]2[C@H](CCC[NH+]2C2CC2)C1,0.8833,4.818,-5.83,-8.32
CC[C@@H]1C[NH+]2CCCC[C@@H]2CN1C[C@@H]1CC[NH+](C(C)C)C1,0.734,6.2053,-5.57,-7.21
CC(C)C(=O)NC[C@H](C)NC(=O)C(C)C,0.7147,2.5974,-4.94,-5.87
Cc1ccccc1C(=O)NC(=S)Nc1cccc(C(=O)N2CCOCC2)c1,0.7976,1.9739,-6.2,-9.16
Cc1c(C(=O)Nc2ccc(N3CCOCC3)cn2)oc2c(F)cccc12,0.7802,2.3605,-6.44,-9.06
CC(=O)N1CC[C@H](CN(C)S(=O)(=O)c2ccc(OC(C)C)cc2)C1,0.7832,2.6146,-5.73,-7.62
O=C(CN1CC(=O)N2CCC[C@@H]2C1=O)c1ccccc1,0.7612,2.5742,-5.83,-7.43
O=C(CCn1cncn1)N1CCC[C@H](c2[nH+]ccn2Cc2ccccc2)C1,0.668,3.5918,-5.71,-8.42
CC1=C2C(=O)N=C(CS[C@H](C)C(=O)Nc3nc(-c4ccc(C)cc4)cs3)N=C2S[C@@H]1C,0.6445,3.9307,-6.18,-8.56
CC(=O)[C@@H](C)S[C@@H](C(=O)NC1CCCCCCC1)C(C)C,0.8073,3.2545,-5.64,-8.01
COc1ccc(-c2noc(CS[C@@H](C)[C@@H](C)O)n2)c(OC)c1,0.8387,3.2072,-5.65,-8.21
Cc1cnc(CCNCc2csc(-c3ccc4c(c3)OCO4)n2)s1,0.6812,2.5822,-6.11,-9.08
COc1ccc(C(=O)N2CCC3(CC2)OCCO3)cc1S(=O)(=O)N(C)Cc1ccccc1,0.6586,2.8362,-6.24,-9.11
COc1cccc([C@@H](C)N2CC[NH+](CCCc3nnc(C)o3)CC2)c1,0.8193,3.9503,-5.74,-8.27
O=C(CSc1ncccn1)N[C@H]1C[C@H]2CC[C@@H]1C2,0.6654,3.9415,-5.44,-7.45
CC[C@@H]([NH3+])Cc1ccc(OCc2ccc(C#N)cc2)cn1,0.8813,3.1776,-5.6,-7.44
COc1ccc(OC)c([C@@H]2CCC[NH+]2CC(=O)Nc2cc(C)nn2-c2ccccc2)c1,0.6153,3.8465,-6.41,-8.89
CC(C)(C)OC(=O)N1CCC(NC(=O)COc2cccc([N+](=O)[O-])c2)CC1,0.6214,2.1407,-5.86,-8.54
CN(C)C(=O)c1cc2c(s1)CCN(C(=O)[C@H]1CC(=O)N(C3CC3)C1)C2,0.8164,3.0601,-6.07,-7.94
NC(=O)[C@H]1CC(C(=O)NC[C@@H]2CCCO2)=NN1c1ccc(F)cc1,0.8212,3.1143,-5.91,-7.98
O=C(NCC(O)(c1cccs1)c1cccs1)Nc1ccc(C(F)(F)F)cc1,0.559,2.6638,-6.39,-8.94
N#Cc1ccc(Nc2ccc(CC[NH+]3CCSCC3)cc2)nc1,0.8811,3.5014,-5.72,-7.76
O=C(NCc1ccco1)c1nnc(Cc2ccc3c(c2)OCO3)o1,0.7638,2.4299,-5.95,-9.1
O=[N+]([O-])c1ccc2nc(O[C@@H]3CC[NH2+]C3)cnc2c1,0.631,3.9664,-5.78,-8.05
Cc1cccc(NC(=O)Cn2nnc(-c3ccc(C(N)=O)cc3)n2)c1C,0.7263,2.0744,-6.14,-9.17
O=C1C[NH+](Cc2cn(C3CCN(c4ncnc5sccc45)CC3)nn2)CCN1,0.6224,4.2104,-6.37,-7.61
NC(=O)Cc1ccc(NC(=O)[C@@H]2Cc3ccccc3CN2C(=O)c2ccco2)cc1,0.6827,2.682,-6.45,-9.31
Cc1cn2c(=O)c(C(=O)N(C)Cc3ccc(F)cc3F)cnc2s1,0.7304,2.5571,-6.1,-8.46
C[C@H](Oc1cccc(Cl)c1)C(=O)NC[C@H]1CCCN(c2ncccn2)C1,0.8416,2.9177,-6.04,-8.82
O=C(CN1C(=O)[C@H]2CC=CC[C@@H]2C1=O)NC[C@H](c1ccccc1)c1c[nH]c2ccccc12,0.4675,3.3637,-6.7,-8.83
Cc1ccc(N(CC(=O)Nc2cccc(N(C)S(C)(=O)=O)c2)S(C)(=O)=O)cc1Cl,0.6844,2.354,-6.1,-9.33
CC[NH+](C)C[C@H]1CCN(C(=O)c2cccc(C(F)(F)F)c2F)C1,0.8359,3.9341,-5.93,-7.77
Cc1ccc(-c2nn3c(C(C)C)nnc3c3ccccc23)cc1S(=O)(=O)N1CCN(CCO)CC1,0.4395,2.6483,-6.61,-8.88
CN1C(=O)N=C(N)C12CCSCC2,0.6237,4.1319,-4.94,-5.98
O=C(N/N=C/c1ccccc1F)c1cncc(Br)c1,0.6977,2.1299,-5.74,-8.38
O=c1[nH]c(=O)n(CCc2ccccc2)c2c1C[NH+](Cc1ccccc1Cl)CN2,0.6092,3.6824,-6.36,-8.42
CC(C)N1CC[C@@H](Oc2ccc(C(=O)NC3CC3)cc2)C1=O,0.9044,2.7317,-5.81,-8.28
CCCc1oncc1C(=O)N1CCC([C@H](O)CC(C)C)CC1,0.8772,3.1921,-5.55,-7.71
C[C@H]1CCN(C(=O)c2csc(Br)c2)C[C@H]1O,0.865,3.2304,-5.27,-7.28
Cc1ccc(F)cc1C[NH2+]C[C@@]1(O)CCCN(CC(C)(C)C)C1=O,0.8574,3.8287,-6.04,-8.21
Cc1ncsc1CCC(=O)N[C@@H](Cc1c[nH+]c[nH]1)C(=O)[O-],0.6831,4.4459,-5.77,-8.09
O=C(c1ccc2nonc2c1)N1CCCC[C@@H]1CN1CCOCC1,0.8502,2.8271,-5.9,-8.27
Cn1cc([C@H](O)CNC(=O)Nc2ccc(F)cc2OCC(F)F)cn1,0.7069,2.9979,-5.93,-8.52
Cn1cc[nH+]c1C[C@@H](O)c1cccc(C(F)(F)F)c1,0.9123,3.8644,-5.86,-7.96
O=C(Cc1ccc(F)c(F)c1)Nc1cnn(C[C@@H]2CCCO2)c1,0.9205,2.6791,-5.74,-8.47
COc1ccc(NC(=O)COC(=O)c2ccc3c(c2)C(=O)N(c2ccc(F)cc2)C3=O)cc1,0.458,2.0272,-6.36,-9.09
Cc1cc(C)c(C)c(OCCC(=O)Nc2ccnn2C(C)C)c1,0.8819,2.2933,-5.72,-8.37
[NH3+]CC(=O)N1CCC[C@@]2(CCC(=O)N(Cc3ccccn3)C2)C1,0.8554,3.9025,-5.91,-8.42
CC(C)[C@H](Sc1ccccc1F)C(=O)N1CCN(c2cccc[nH+]2)CC1,0.755,3.7178,-6.09,-8.4
CC[NH2+][C@@H](C(CC)CC)C(C)(C)[NH+](C)C,0.6107,5.2813,-4.9,-5.8
COc1cc(NC(=O)c2cc3c(F)cccc3s2)c(OC)cc1Cl,0.7102,2.0949,-6.29,-8.87
COC(=O)N1CC[C@@H]([NH2+][C@@H](C)c2ccc(SC(C)C)cc2)C1,0.8475,4.0031,-5.73,-8.01
O=C(CCc1ncc(-c2ccc(Cl)cc2)o1)N[C@H]1CCS(=O)(=O)C1,0.8736,2.7615,-5.93,-8.53
COCCNC(=O)c1cccc2c1N[C@@H](c1ccc3ccccc3c1)[C@H]1CC=C[C@H]21,0.4675,3.3605,-6.55,-9.16
Cc1cc(Nc2ncccc2C)nc([C@@H]2CCCN(C(=O)C3CCOCC3)C2)n1,0.855,3.0801,-6.33,-8.78
Cc1nccn1-c1ccc([C@@H](C)NC(=O)N[C@@H](C)C(C)C)cc1,0.8859,2.9479,-5.85,-8.39
C[C@@]1(c2ccccc2)CN(C(=O)C(=O)Nc2cccnc2Cl)CCO1,0.6601,3.0189,-6.2,-8.57
CS(=O)(=O)c1ccccc1NC(=O)N1CCC[C@H]1C1CCCCC1,0.9044,2.622,-6.23,-8.18
CC[NH2+][C@H](c1cccc(Cl)c1)c1ncc[nH]1,0.8347,3.8815,-5.48,-7.03
Cc1ncc(Cc2ccccc2)c([C@@H]2CCCN(C(=O)c3ccc4c(c3)OCO4)C2)n1,0.6413,2.8666,-6.49,-9.27
O=C1NC(=O)N(Cc2ccco2)C(=O)[C@@H]1/C=N/CCC[NH+]1CCOCC1,0.3616,4.395,-5.85,-8.14
C[C@H](c1ccsc1)N1CCC(=O)CC1=O,0.7191,3.1839,-5.13,-6.22
C[C@@H]1[C@H](C(=O)[O-])CCN1C(=O)C1CC1,0.5913,3.7688,-5.06,-6.1
O=C(Nc1ccccc1C(F)(F)F)c1ccc(N2C(=O)[C@H]3CC=CC[C@@H]3C2=O)cc1,0.5976,2.9679,-6.42,-8.67
COc1ccc(OCCC[NH+]2CCC[C@H](C)C2)cc1,0.7916,3.9396,-5.44,-7.21
CN(C[C@@H]1CC[NH+](C)C1)C(=O)c1cccc(S(=O)(=O)[N-]c2ccc(Cl)cc2)c1,0.7776,4.6263,-6.28,-8.07
COc1ccc(C[NH+]2CCC(CN3CCCCC3=O)CC2)c2ccccc12,0.8816,3.2796,-6.44,-8.44
Clc1ccc(NCc2ccc[nH]2)cc1Br,0.8749,2.4109,-5.53,-7.36
C[C@H]1CN(Cc2ccccc2CNC(=O)[C@H]2COc3ccccc3C2)C[C@@H](C)O1,0.8464,3.2077,-6.38,-8.8
CC[C@H](CCO)NC(=O)N[C@@H]1CCC[C@H]([S@@](=O)CC)C1,0.6672,3.9843,-5.62,-7.72
CC[NH+](CC)C[C@H]1CCN(C(=O)Cc2nc(-c3cccs3)oc2C)C1,0.8199,3.842,-5.84,-7.68
O=C1CCC(c2ccc(NC(=O)c3ccc4[nH]cnc4c3)cc2)=NN1,0.6862,2.4222,-6.34,-9.58
Cc1ccc(Sc2ccc(NC(=O)N3CCC[C@@H](CO)C3)cc2)cc1C,0.8207,2.6004,-6.2,-8.83
CC(C)CNS(=O)(=O)c1ccc(CNC(=O)[C@@H]2CCOC2)cc1,0.7829,2.5556,-5.68,-8.32
Nc1[nH+]cccc1CN1CCC[C@@H](c2[nH]ncc2Cc2ccccc2)C1,0.7446,3.5955,-6.39,-8.85
C[C@H](NS(=O)(=O)c1ccc([N+](=O)[O-])cc1)c1ccc(OC(F)F)cc1,0.5942,2.4999,-5.84,-8.47
CCC(=O)NCC(=O)N1N=C(c2cccs2)C[C@H]1c1ccc2c(c1)OCO2,0.8582,2.9712,-6.1,-7.91
O=C(CN1CCN(c2ccc(Cl)cc2)C1=O)NC1CCCC1,0.9266,2.0727,-5.94,-7.99
Cc1ccoc1C(=O)NC[C@H]1Cc2cccc(-c3ncccn3)c2O1,0.7932,3.0373,-6.19,-8.57
CCOc1cc(/C=C2/S/C(=N\C(C)=O)NC2=O)cc(Cl)c1OC(C)=O,0.4886,2.9886,-5.81,-8.03
c1cnc(N2CC[NH+](C[C@H]3CCCO3)CC2)nc1,0.7737,4.1508,-5.36,-6.65
COc1cc([C@@H]2c3c(C)nn(C)c3NC(=O)[C@H]2NC(=O)c2ccccc2)cc(Cl)c1OC(C)C,0.5522,3.5637,-6.49,-8.92
Cc1ccccc1[C@H]1CN(C(=O)NCc2cccc(OCC(F)F)n2)CCO1,0.8207,3.0634,-6.2,-8.59
Cc1cccc(-n2cc(CN3CC(c4cc[nH+]cc4)C3)cn2)c1,0.7425,3.2153,-6.13,-9.04
COc1ccc(C(C)C)cc1S(=O)(=O)NC1CCCC1,0.9085,1.9882,-5.68,-8.22
CCOC(=O)C(=O)N1CCC(Cn2cnc3cc(C)c(C)cc32)CC1,0.6342,2.4559,-6.0,-8.39
Cc1noc2ncnc(NCC3([NH+](C)C)CCOCC3)c12,0.8279,3.8298,-5.8,-7.64
CCC[C@@](C)([NH3+])C[NH2+]C1C(C)(C)C1(C)C,0.6795,5.0213,-5.03,-6.03
O=C(Nc1ccc(Cl)cc1)c1nnc([C@H]2CCCN(C(=O)NCc3ccc(F)cc3)C2)s1,0.5633,2.7461,-6.44,-8.7
CCc1nn(C)cc1CNc1ccc(NC(=O)C[NH+]2CCCCCC2)cc1,0.6985,3.4177,-6.06,-8.55
O=[N+]([O-])c1ccccc1C[NH+]1CCN(c2ccc(Cl)cc2)CC1,0.6892,3.1648,-6.07,-8.36
COc1ccccc1NC(=O)CSc1nnc(-c2ccccn2)o1,0.6888,2.0453,-5.91,-8.55
O=C(Cn1nnc(-c2ccccc2)n1)NCC(F)(F)F,0.9099,2.1582,-6.02,-8.33
CC(=O)NCCOc1ccc(C)c(C)c1,0.7647,1.6559,-5.12,-6.2
COc1cccc(NC2CC[NH+](Cc3c(C)nc4sc(C)cn34)CC2)c1,0.7247,3.604,-6.13,-8.99
CNC(=O)[C@H]1CCCC[C@@H]1[NH2+][C@H](C)C(C)(C)c1ccccc1,0.8606,4.0514,-5.63,-7.91
CC[C@@H](NC(=O)[C@](C)(N)C(F)(F)F)c1cccc(Cl)c1,0.8973,3.2191,-5.58,-7.1
C[C@@H]1CCC[NH+](Cc2ccc(CNC(=O)[C@@H]3CSCN3C(=O)C3CCCC3)cc2)C1,0.7276,4.2389,-6.24,-7.98
Cc1cc(CN(C)C(=O)CCC(=O)c2ccc(C)c(C)c2)no1,0.768,2.2006,-5.83,-8.09
CC(C)(C(=O)[O-])C1CCCCC1,0.6255,2.9003,-4.81,-5.76
O=C(OC1CCCC1)c1ccc(NC(=O)N2CCC[C@@H]2c2ccccn2)cc1,0.7913,2.6537,-6.25,-8.84
CCN(Cc1cccc(NS(=O)(=O)c2cc(F)ccc2C)c1)C(C)=O,0.8552,2.0723,-6.09,-8.36
NC(=O)[C@@H]1CCC[C@H]1NC(=O)NCCc1cccs1,0.7585,3.0144,-5.66,-7.5
C[C@@H]1CCC[C@@H](NC(=O)CCn2c(=S)[nH]c3ccccc3c2=O)[C@@H]1C,0.8225,3.1957,-6.21,-8.4
COc1cc(C)sc1C(=O)NNC(=O)c1cccc2ncccc12,0.7179,2.2303,-6.13,-8.5
COc1ccc(C(=O)CCCC(=O)[O-])cc1,0.6662,2.2227,-4.99,-5.92
O=C1Nc2ccc(S(=O)(=O)N3CCC[C@H]3C(=O)[O-])c3cccc1c23,0.8614,3.2177,-6.44,-8.61
COc1ccc(O)c([C@H](C)NC(=O)Nc2cccc(C)c2Cl)c1,0.7826,2.5114,-6.08,-8.74
CSc1ccc2nc(N(CCN3CCOCC3)C(=O)c3ccc(S(C)(=O)=O)cc3)sc2c1,0.4688,2.482,-6.29,-8.1
O=C([O-])CC[C@@]1(c2ccc(F)cc2)NC(=O)NC1=O,0.7094,3.4041,-5.63,-7.13
CN(Cc1cccs1)C(=O)Cn1cnc2ccc(Br)cc2c1=O,0.6863,2.2656,-6.07,-8.45
CC(C)c1nn(C)cc1C[NH+]1CCC[C@@H](CCC(N)=O)C1,0.8067,4.5679,-5.61,-7.33
CC[NH+]1CC[C@@H](N(C)c2nc(Cl)c(C(=O)OC)s2)[C@H](C)C1,0.8451,4.8783,-5.47,-7.78
CC(=O)Nc1ccc(NC(=O)CSc2nc(C3CCCCC3)nc3sc(C)c(C)c23)cc1,0.34,2.4132,-6.42,-8.75
COc1ccc(C[NH+]2CCSCC2)cc1O,0.8087,3.8914,-5.19,-6.31
CSc1ncccc1C(=O)NC[C@H](c1cccc(F)c1)[NH+](C)C,0.7883,3.5145,-5.89,-8.56
O=C(C[NH+]1CCN(Cc2ccc(Br)s2)CC1)NCc1ccccc1Cl,0.7179,3.3431,-5.97,-7.85
O=C(CC[S@](=O)Cc1ccc(Cl)cc1)N1CCc2ccccc21,0.8288,2.7443,-6.16,-8.67
CC1CCN(C(=O)c2ccccc2NC(=S)NC(=O)c2ccccc2[N+](=O)[O-])CC1,0.4398,2.1667,-6.32,-8.34
CC(C)CS(=O)(=O)CCC(=O)N[C@H]1C[C@H]2CC[C@]1(C)C2(C)C,0.8148,4.3319,-5.62,-8.05
COc1ccc(NC(=O)COc2ccc3ccccc3c2Br)cc1,0.6958,1.731,-6.42,-9.51
Cc1ccc(C)c(CC(=O)Nc2cnn(C)c2-c2ccccn2)c1,0.8023,2.2845,-6.21,-8.5
CCn1nc(C)c(NC(=O)c2ccc3ccccc3c2O)c1C,0.7761,2.0782,-6.36,-9.07
COc1ncccc1CNC(=O)N1CCC[C@@H]1c1nc2ccccc2[nH]1,0.7568,2.7387,-6.4,-8.68
CCn1c(CC2CCN(C(=O)C/C=C/c3ccccc3)CC2)nn(C)c1=O,0.787,2.6196,-6.29,-8.77
CCCC(=O)N1CCC[C@H](C(=O)Nc2ccc(OC3CCCC3)cc2)C1,0.8365,2.4815,-6.11,-8.85
Cc1ccccc1CCNC(=O)[C@H](C)Nc1ccc2c(c1)OCCO2,0.8488,2.4962,-6.09,-8.83
Cc1nn(-c2cccc(Cl)c2)c(Cl)c1/C=C(\C#N)C(=O)NCc1ccc(Cl)cc1,0.4241,2.3703,-6.27,-9.1
Cc1ccc([C@H](CNC(=O)[C@@H](C)NC(=O)c2cccs2)[NH+](C)C)cc1,0.6943,3.648,-5.92,-7.91
CCc1cc(C[C@H](CO)c2ccc(Cl)cc2)n(C)n1,0.9131,2.8631,-5.52,-7.63
CC(C)(C)c1ccc(OCC(=O)Nc2ncccn2)cc1,0.9378,1.9159,-5.71,-8.35
Cc1ccc(-c2nnc(SCC(=O)N(C3CC3)[C@H](C)C3CC3)n2C)cc1,0.6979,2.8558,-5.76,-8.07
O=C1CN(C[C@@H]2Cc3ccccc32)C(=O)N1,0.7459,2.9305,-5.02,-6.75
O=C([O-])Cc1ccc2c(c1)NC(=O)CO2,0.6942,2.7919,-5.26,-6.52
COc1ccc(S(=O)(=O)[N-]c2nc3ccc(C)cc3s2)cc1,0.7231,2.9153,-5.97,-8.85
O=C([O-])c1ccc(-n2cccc2)c(F)c1,0.7315,2.6527,-5.57,-6.7
CCn1cc(-c2cc(C(=O)N3CCC[C@@H]3Cc3cccnc3)c3ccccc3n2)cn1,0.4895,2.8755,-6.6,-9.08
Cn1ncc2c(S[C@@H]3C=CCCC3)ncnc21,0.6031,3.5613,-5.54,-7.25
Cc1ccc2[nH]c3c(=O)n(CCCO)cnc3c2c1,0.7478,2.313,-5.84,-8.11
O=C(CCc1ncc(-c2ccccc2F)o1)Nn1cnc2ccccc21,0.5975,2.4056,-6.49,-9.11
COc1ccccc1/C=C1\Oc2c(cc3c(c2C)OC[NH+](CCN2CCOCC2)C3)C1=O,0.7188,3.9968,-6.36,-8.29
Cc1nnc2sc(-c3cccc(NC(=O)c4ccc([N+](=O)[O-])o4)c3)nn12,0.4318,2.5432,-6.43,-9.62
CC1CCC(NS(=O)(=O)c2ccc(N3CCC[C@@H]3CO)c([N+](=O)[O-])c2)CC1,0.563,2.9004,-5.99,-7.81
CN(CC(=O)OCC1CCCCC1)c1ncc(C=O)cn1,0.5881,2.6107,-5.56,-7.52
O=C(/C=C/c1ccccc1)C[C@@]1(O)C(=O)N(C/C=C/c2ccccc2)c2ccccc21,0.5801,2.8538,-6.67,-8.06
CC1(C)C[NH+](C[C@@H](O)COCc2ccco2)C1(C)C,0.8043,4.4771,-5.37,-7.24
COc1ccccc1N1CCN(CCNC(=O)C2(c3ccc(Cl)cc3)CCCC2)CC1,0.7022,2.2403,-6.33,-8.44
CC(C)(C)Oc1cc(CNC(=O)N2CCC[C@@H]2C[C@@H](O)c2ccccc2)ccn1,0.7709,3.2212,-6.34,-8.88
CS(=O)(=O)c1cc(Cl)ncn1,0.6095,2.6578,-5.05,-5.87
CO[C@H]1CCC[C@@H](OC(=O)CCn2c(=O)oc3ccccc32)C1,0.7919,3.0836,-6.03,-8.12
CCC[C@@H](C)NC(=O)[C@@H](C)Sc1nnc(C(C)(C)C)n1N,0.6201,3.2253,-5.4,-7.56
Cc1nc(C[n+]2c(C)n(-c3ccccc3)c3ccccc32)cs1,0.5221,2.5882,-6.31,-8.84
CCc1cc(OCC(=O)Nc2ccc(N)cc2)ccc1Cl,0.8309,1.7755,-5.8,-8.8
Oc1ccc(N2CCN(c3ncnc4cc(F)c(F)cc34)CC2)cc1,0.776,2.1776,-6.31,-8.62
COc1ccc(C2=C(O)C(=O)N(Cc3ccc(SC)cc3)[C@@H]2c2ccccc2F)cc1,0.5116,2.7051,-6.26,-8.18
O=C(Cc1cccs1)N1CC[NH+](Cc2nnnn2-c2ccc(Cl)cc2)CC1,0.6853,3.3746,-6.18,-8.75
O=C(c1c[nH]cc1-c1ccc(F)cc1)N1CCc2[nH]ncc2C1,0.7642,2.6768,-6.38,-9.1
Cc1ccc(CNC(=O)Cc2csc(SCc3ccc(C)cc3)n2)cc1,0.5904,2.0141,-6.08,-8.91
CCOc1cccc(NC(=O)c2ccc(C)cc2)c1,0.9053,1.3928,-5.97,-8.23
Cc1cccnc1CNC(=O)N1C[C@H](C)N(C(=O)OC(C)(C)C)C[C@@H]1C,0.8777,3.2244,-6.01,-8.01
CCc1nnc(N2CCN(c3ccc(N)[nH+]c3)CC2)c(C#N)c1CC,0.8996,3.502,-5.91,-7.9
C[C@@H]1CCN(C(=O)C(=O)Nc2cccc(OC(F)F)c2)C[C@@H]1O,0.8235,3.0954,-5.94,-8.41
Cc1cc(/C=C2/C(=N)N3C=CSC3=NC2=O)c(C)n1-c1cccc(Cl)c1Cl,0.6855,3.0772,-6.16,-8.03
Nn1c(COc2ccccc2F)nnc1SCC(=O)NC1CCCC1,0.5744,2.2308,-5.98,-8.3
CCCCCC[C@H](O)[C@@]1(C[NH3+])CCOc2ccccc21,0.7518,3.804,-5.49,-7.41
C[C@H]([NH3+])c1cc(F)ccc1O[C@@H]1CCO[C@@]2(CCSC2)C1,0.9329,4.8467,-5.75,-7.79
CC1CC[NH+]([C@@H](C)CNC(=O)[C@@H](C)N2C(=O)[C@@H](C)Oc3ccccc32)CC1,0.8086,4.4401,-6.0,-8.47
CN(C)c1ccc(CNC(=O)[C@H]2CSCN2C(=O)C(C)(C)C)cc1,0.9063,2.8352,-5.79,-7.36
C[NH+]1[C@H]2CC[C@@H]1CN(C1CCC(c3ccc(O)cc3)CC1)CC2,0.8753,4.9269,-5.73,-7.16
Cc1ccc(-c2cc(C(=O)Nc3ccc(S(=O)(=O)N4CCCCC4)cc3)n[nH]2)c(O)c1C,0.542,2.4262,-6.65,-9.5
CC(=O)Nc1ccc(NC(=O)C(=O)NCC2(c3ccccc3)CC2)cc1,0.7232,2.0342,-6.19,-8.92
O=C(Cn1nc(-c2ccco2)c2sc(N3CCOCC3)nc2c1=O)c1ccc2ccccc2c1,0.3574,2.6566,-6.57,-9.59
CN(C)N(C(=O)/C=C/c1cc(Cl)cc(Cl)c1)[C@@H]1CCS(=O)(=O)C1,0.5977,3.3074,-5.88,-7.89
CC[NH2+][C@@H](c1ccc(C)cc1)c1cscc1Br,0.89,3.9621,-5.48,-7.42
COc1cccc(CN(C)C(=O)C[NH+]2C[C@@H](C)CC[C@@H]2C)c1,0.8911,4.1485,-5.75,-7.57
Cc1cc(C[S@@](=O)Cc2cc(=O)n3ccccc3n2)c2ccccc2n1,0.5591,3.0569,-6.29,-9.89
Cc1cccc(NC(=O)C[NH+](C)[C@H]2CCN(CC(F)(F)F)C2=O)n1,0.7899,4.236,-6.01,-8.06
CCOC(=O)c1c(N)oc2c(-c3ccc(Cl)cc3)c3c(C(=O)OCC)c(N)oc3cc12,0.4118,2.8893,-6.94,-9.63
Cc1cc(C)c(NC(=O)[C@H]2CCCN(c3ccc(-n4cccn4)nn3)C2)c(C)c1,0.7385,2.8815,-6.49,-8.79
Cc1cccc([C@H]2CCCN2c2cc(C)c([N+](=O)[O-])cn2)c1,0.6355,2.7862,-5.94,-7.63
COC[C@@H]([NH2+][C@H]1CCc2ccc(OC)cc2C1)C1CC1,0.8552,4.0443,-5.53,-7.24
O=C(C[NH+]1CCCCCC1)Nc1ccc(NC(=O)[C@@H]2C[C@@H]2[N+](=O)[O-])cc1,0.5119,4.1084,-5.86,-8.13
Cc1ccnc(NC(=O)c2ccc3nc4c(nc3c2)[C@H]2CC[C@@H]4C2)c1,0.7723,3.8846,-6.33,-9.09
CN(Cc1ccc(F)cc1)[C@H]1CC[C@H]([NH3+])C1,0.8252,3.5169,-5.41,-6.5
COc1ccc(-c2csc(NC(=O)[C@@H]3CCO[C@H]3C)n2)cc1F,0.9303,3.1286,-5.91,-8.08
COc1ccccc1C1(CNC(=O)c2nn(-c3ccccc3F)c(C)cc2=O)CCCC1,0.6368,2.4948,-6.4,-8.52
COc1ccccc1N1Cc2cccc(N)c2C1,0.8203,2.0111,-5.88,-7.85
COc1ccc(N2C(=O)C[C@H](c3cccc(Br)c3)c3sc(=O)n(C)c32)cc1,0.6001,2.9375,-6.36,-8.62
Cc1ccc(S(=O)(=O)N(C)CC(=O)N(C)C)c(Cl)c1,0.8437,2.1413,-5.5,-7.06
C=Cn1cc(C[NH+]2CC[C@@H](CNC(=O)c3ccc(C#N)cc3)C2)cn1,0.8149,4.5096,-5.95,-8.5
CCC[NH2+][C@@H]1CCC[C@@H]1CCSc1ccc2c(c1)CCC2,0.7581,4.1441,-5.43,-7.11
CC(C)(C)OC(=O)N1C[C@H](O)[C@@H](C#N)C1,0.6423,3.3931,-5.01,-6.26
CC[C@@H](O)CNC(=O)c1cnn(-c2ncc(C)c(-c3ccc(F)cc3)n2)c1-c1cccs1,0.443,3.1308,-6.66,-9.06
O=C(NCCc1cccnc1)C1(c2ccc(F)cc2F)CCCC1,0.9111,2.3051,-6.17,-8.75
CCC[NH+](CC(=O)[O-])[C@H]1CCOC2(CCCCC2)C1,0.759,5.4119,-5.49,-7.8
Cc1ccc(/C=C2\SC(=O)N(CC(=O)Nc3ccccc3)C2=O)cc1,0.8528,1.8774,-6.22,-8.48
C[C@@](O)(CNC(=O)N[C@H]1CCCOc2ccccc21)c1ccco1,0.8047,3.3512,-6.0,-8.42
O=C([C@@H]1CCCCN1S(=O)(=O)c1cc(C(F)(F)F)ccc1Cl)N1CCCC1,0.7455,2.699,-6.49,-8.31
COc1cccc2cc(C(=O)Nc3ccccc3)/c(=[NH+]/NS(=O)(=O)c3ccc(C)cc3)oc12,0.3775,2.793,-6.76,-9.53
COC(=O)c1c[n+]([C@@H](C)c2ccc(Cl)cc2)cc2c(O)n(-c3cccc(C)c3)nc12,0.3913,3.3708,-6.24,-9.35
C[C@@H](CNC(=O)c1nccnc1N)Oc1ccc(Cl)cc1,0.8804,2.5983,-5.72,-7.9
O=C1NCCN1[C@@H]1CCCN(c2cncc(Cl)n2)C1,0.8826,3.1151,-5.73,-7.37
Cc1c(COC(C)C)cccc1NC(=O)c1ccc2c(c1)COCO2,0.8916,2.3171,-6.13,-9.0
CC(C)[C@@H](NC(=O)c1ccccc1Cl)C(=O)O[C@@H](C)[C@@H]1CCOC1,0.7982,3.2409,-5.8,-7.9
CC(=O)N1CCCC[C@@H]1c1ncc2c(n1)CCN(C(=O)[C@@H](C)n1nccc1C)C2,0.7941,3.6049,-6.29,-8.62
O=C1CC(C(=O)Nc2ccc3c(c2)OCCO3)=c2ccccc2=[NH+]1,0.7337,3.2028,-6.17,-9.04
CCc1ccccc1NC(=O)[C@H](C)S[C@@H](C)C(=O)OC,0.8199,2.8125,-5.33,-7.23
CCCN1C(N)=[NH+]C[C@@H]1c1cc(Cl)c2c(c1)OCO2,0.8332,3.9918,-5.33,-7.39
CCS[C@H]1CC[C@H](NC(=O)Nc2cc(OC)ccc2F)C1,0.8727,3.0513,-5.74,-7.94
CN(C(=O)COc1ccc(C(N)=S)cc1)[C@H]1CCSC1,0.8384,2.8177,-5.58,-7.48
O=S1(=O)CC[C@@H]([NH+](C/C=C/c2ccco2)Cc2ccccc2F)C1,0.8628,4.3099,-6.22,-8.16
COc1ccc(NS(=O)(=O)c2ccc(/C=C/c3onc(C)c3[N+](=O)[O-])cc2)cc1Cl,0.4147,2.4833,-6.27,-8.18
CN(CC1=NC(=O)[C@@H]2SC=CC2=N1)C(=O)[C@@H]1CC=CCC1,0.747,4.4918,-5.82,-7.81
CC[C@H](Oc1cccc(Cl)c1)C(=O)N[C@H](CC)c1ccc(C)cc1,0.7601,2.7161,-5.89,-8.78
C[C@@H]1Sc2c(Cl)cccc2C(=O)[C@H]1C,0.6719,3.5527,-5.31,-6.48
Cc1ccccc1C(=O)Nc1ccc(OCC(=O)[O-])c(-c2nc3ccccc3s2)c1,0.517,2.3925,-6.56,-9.39
CCn1c(SCC(=O)NN2C(=O)NC(c3ccccc3)(c3ccccc3)C2=O)nc2ccccc21,0.3076,2.5365,-6.74,-9.21
CCCN(CCC)C(=O)c1ccc[nH]c1=O,0.823,2.193,-5.09,-6.04
O=S(=O)(N/N=C/c1ccc(-c2ccccc2)cc1)c1ccccc1,0.5708,1.8014,-6.41,-9.51
Cc1ccc(N2C[C@@H](C(=O)NCC3CC[NH+](C4CCCC4)CC3)CC2=O)cc1,0.812,3.7661,-6.11,-9.17
CC(C)C[NH2+]C[C@H]1CCO[C@H]1c1cccc(F)c1,0.8532,4.1415,-5.49,-7.17
COc1cc(OC)cc([C@]2(O)C[C@@H]2C)c1,0.8245,3.0246,-5.26,-6.3
O=C(C[NH2+]C1CCCC1)N[C@@H]1CCCCC[C@H]1C(=O)[O-],0.6543,4.4386,-5.6,-7.87
COC(=O)[C@H]1CN(Cc2ccc(-c3ccccc3OC)cc2)CCO1,0.7828,2.466,-6.01,-8.44
C[C@H](CCc1ccccc1)NC(=O)Cc1ccc(Cl)cc1,0.8576,2.0415,-5.76,-7.96
C[C@@](N)(C(=O)N(CCO)C1CCCCC1)C(F)(F)F,0.8192,3.2016,-5.57,-7.27
FC(F)(F)c1ccc(Cl)c2[nH]ccc12,0.693,2.4241,-5.42,-6.82
CNC(=O)c1[nH]nc2c1CN(c1ncnc3sc(C)c(C)c13)CC2,0.7433,2.9952,-6.05,-8.61
O=C1CCCC[C@H]1Sc1nc2cc(Cl)ccc2s1,0.8141,2.8771,-5.8,-7.61
CCCC(=O)N1CCC(C(=O)Nc2cccc(C(=O)OC)c2)CC1,0.8405,1.8434,-5.84,-8.59
CCSC[C@@H](C)N(C)C(=O)NCc1cccc(-n2cccn2)c1,0.8472,3.0572,-5.6,-8.23
Cc1nc(CN2CCN(c3ccc4nncn4n3)CC2)oc1C,0.7151,2.6526,-6.09,-8.56
C[C@@H](NC(=O)c1nn(C)c(=O)c2ccccc12)c1ccc(F)cc1,0.8048,2.3729,-6.27,-8.58
O=C(Nc1cccc(OC[C@H]2CCCO2)c1)c1cc(-c2cccnc2)on1,0.7189,2.6881,-6.12,-8.46
NC1=C(c2nc3ccccc3s2)C(=O)CN1c1ccc(C(=O)OCC(=O)NC2CCCCC2)cc1,0.5073,2.5385,-6.48,-9.35
O=C(OCc1csc(Br)c1)c1cccc2c1OCCO2,0.789,2.4006,-5.75,-7.94
COc1ccc(CN(C(=O)[C@H]2CS[C@@]3(C)CCC(=O)N23)[C@H](C)C2CC2)cc1,0.7505,3.555,-6.01,-7.67
O=C(/C=C/c1cccs1)NCC(=O)N1CCCC1,0.8378,2.1898,-5.47,-7.24
COc1cc2c(cc1OC)[C@]1(O)C(=O)c3ccc4c(c3O[C@H]1CO2)C[C@H](C(C)=O)O4,0.815,3.9782,-6.36,-8.91
O=C(Nc1ccc2ncccc2c1)C(=O)N1CCc2ccccc2C1,0.6976,2.0933,-6.5,-9.73
CC(=O)NC[C@H](C)OC(=O)[C@H]1CCC[NH+](C)C1,0.6214,4.6747,-5.14,-6.61
CCCc1cc(NC(=O)CNC(=O)c2cc(C)cc(C)c2)n(C)n1,0.8545,2.2493,-5.86,-8.76
CCOC(=O)[C@@]1(C#N)[C@@H]2C=CC(C(N)=O)=CN2[C@H](C(N)=O)[C@@H]1c1cccc(Cl)c1,0.6879,4.2429,-5.88,-7.7
CCN(C[C@H](C)C#N)C(=O)Cn1cnc2c(cnn2-c2ccccc2)c1=O,0.6616,2.9394,-6.05,-8.02
CC/C=C(/C)C(=O)Nc1ccc(OCC2CCOCC2)cc1,0.8134,2.2722,-5.43,-7.76
O=C(NCCCc1cccc(F)c1)C(=O)Nc1cnc(-c2ccccc2)s1,0.5043,2.2814,-6.3,-9.28
CCc1cc2c(=O)n(Cc3ccc(F)cc3)c(=S)[nH]c2s1,0.744,2.392,-5.95,-7.77
Cc1cccc(NC(=O)C(=O)NCc2ccc(COC(C)C)cc2)c1,0.7938,1.9063,-5.98,-9.37
Cc1ccc(NC(=O)N2CCN(C(=O)[C@H]3CCC(=O)N3)CC2)cc1,0.847,2.5275,-6.16,-8.54
CC[C@@H](CO)[NH2+][C@@H](C)c1nc2ccc(Cl)cc2n1C,0.8756,4.1144,-5.58,-7.55
O=[N+]([O-])c1cc(C(F)(F)F)ccc1Oc1cccnc1,0.6348,2.0711,-5.79,-7.73
Cc1nn(-c2ccc(Cl)cc2)c(C)c1/C=C1/Cc2c(O)cccc2C1=O,0.6721,2.5353,-6.34,-8.67
C[C@H](Cc1ccsc1)N(C)C(=O)c1nn(-c2ccc(F)cc2)cc1[O-],0.7046,3.3452,-5.97,-8.64
Nc1cc(C(=O)N2CCC[C@@H](N3CCN(c4ccccc4)CC3)C2)n[nH]1,0.8712,2.8517,-6.23,-8.7
Cc1cc(NC(=O)CCc2cnn(C)c2C)ncc1Br,0.9333,2.4442,-5.61,-8.35
Cc1cc(C)nc(SCC(C)(C)C(=O)NN)n1,0.2773,2.7886,-5.38,-6.26
O=C(NCc1ccc(N2CCC(O)CC2)c(F)c1)c1ccn(-c2ccc(F)cc2)n1,0.676,2.2916,-6.38,-9.36
CC(C)NC(=O)C1CCN(S(=O)(=O)c2cc(Cl)ccc2Cl)CC1,0.8749,2.0095,-5.9,-8.5
C[C@H]1CN(C(=O)Cc2cccc(OCc3cccnc3)c2)CCO1,0.8468,2.5307,-5.9,-8.64
Fc1cc(Cl)cnc1NC[C@H]1CCCC[NH2+]1,0.8442,4.2294,-5.57,-7.05
Cc1ncccc1N[C@@H](C)c1ccc2c(c1)NC(=O)CO2,0.9088,2.8088,-5.99,-8.01
CCCC[C@@H]1CN(c2cccc(C)c2)C(=O)CN1C(=O)CN1CCOC1=O,0.7664,3.0371,-5.49,-7.96
COc1ccc2nc(N(CC[NH+](C)C)C(=O)c3ccno3)sc2c1,0.7225,3.3309,-5.94,-7.87
COCCn1cc(C(=O)NC(C)(C)C)c2ccccc21,0.9313,2.0726,-5.83,-8.15
CC(=O)c1cc(C)cc([N+](=O)[O-])c1[O-],0.4017,2.8509,-5.16,-6.15
CC1(C)C(C(=O)N2CCOC[C@H]2C(=O)[O-])C1(C)C,0.6749,3.576,-5.39,-6.54
CCC(=O)Nc1cccc(NC(=O)c2cccc(S(C)(=O)=O)c2)c1,0.8704,1.7624,-5.96,-9.0
CCc1noc(CCC/C([O-])=N/S(=O)(=O)c2ccccc2)n1,0.5577,2.8535,-5.71,-7.45
Cc1ccnc2c1nc(CCl)n2CC(C)(C)NS(C)(=O)=O,0.8481,2.8581,-5.68,-7.94
CCCN(C(=O)[C@@H](C)n1cncn1)C1CCC([NH3+])CC1,0.859,3.7681,-5.46,-7.3
COc1cc(NC(=S)NC(=O)c2ccc3c(c2)OCO3)c(OC)cc1Cl,0.7707,2.1458,-6.07,-8.63
Cc1c(NC(=O)c2ccnnc2)cccc1S(=O)(=O)NC(C)(C)C,0.8811,2.4115,-6.04,-8.39
O=C(NCc1cnn(Cc2ccccc2)c1)c1cccs1,0.7868,1.9324,-5.66,-8.34
Cn1cc[nH+]c1N1CCN(C(=O)C=C2CCSCC2)CC1,0.7639,4.0102,-5.52,-7.0
C=CCN(C(=O)[C@H](C)S(C)(=O)=O)c1nc(-c2ccccc2)cs1,0.7515,2.9499,-5.91,-8.03
CC[NH+](CC)CCNC(=O)Nc1ccc(N2C[C@H](C)O[C@@H](C)C2)c(F)c1,0.6843,3.9396,-5.72,-8.16
Cc1ccc([C@H](C(=O)N2CCC(O)CC2)N(C)C)cc1,0.9114,2.5323,-5.54,-7.27
Cc1ccc(OCC(=O)NC2CCCCCC2)c(C[NH3+])n1,0.8041,2.6513,-5.76,-8.02
[NH3+][C@@H](CC[C@@H]1CCCO1)c1ccc(Cl)c2ccccc12,0.915,3.4435,-5.87,-8.15
CCc1ccc(C2=CCN(c3ccc(C#N)cn3)CC2)cc1,0.8623,2.3275,-5.98,-8.03
Cc1ccc(C(=O)C[C@@H](C(=O)[O-])[NH+]2CCN(Cc3ccccc3)CC2)cc1,0.7056,3.6747,-5.95,-8.52
CC(C)(C)C(=O)NC[C@H]1CCCN(C(=O)c2c[nH]c3cccc(F)c23)C1,0.8829,2.8876,-6.29,-8.89
NC(=O)[C@@H](N[C@H]1CCN(c2cccc(Cl)c2)C1)c1ccc(F)cc1,0.874,2.8518,-6.11,-9.12
CC(C)n1cc(C[NH+]2CCCC[C@H]2C(=O)Nc2ccc(Oc3ccccc3)nc2)cn1,0.6156,4.0513,-6.3,-8.58
O=C(COC(=O)c1cccc(C(F)(F)F)c1)NCc1cccs1,0.8482,1.9817,-5.75,-8.8
CCc1cccc(N2C[C@@H](C(=O)N(C)[C@H](C)c3cccc([N+](=O)[O-])c3)CC2=O)c1,0.551,3.0279,-6.39,-8.74
CC(C)([NH3+])COCc1cccc(O)c1,0.7523,2.8114,-5.01,-6.02
Cc1csc(NC(=O)CCSc2ccccn2)n1,0.8549,2.1936,-5.44,-7.59
COc1ccccc1CCNC(=O)[C@@H](c1ccccc1)n1cccc1,0.7191,2.5522,-6.28,-8.8
CC(C)c1ccc(C(=O)CN2C(=O)NC3(CCCC3)C2=O)cc1,0.6862,2.602,-5.87,-8.08
COC(=O)c1c(NC(=O)c2nc3ccccc3s2)sc2c1CCN(C(=O)OC)C2,0.6374,2.4841,-6.37,-8.84
Cc1nn2c(=O)c3c(cc(C)n3CC(=O)Nc3ccc(F)c(C)c3)nc2s1,0.588,2.6317,-6.24,-9.42
O=C(NCCn1ncc2c(N3CCOCC3)ncnc21)c1ccc(F)c(F)c1,0.7108,2.3827,-6.46,-9.09
CC1(C)CCCC[C@H]1NC(=O)c1scnc1C1CC1,0.9153,3.3847,-5.6,-7.81
CC(=O)N(C)c1cccc(NC(=O)N[C@H](C)c2nnc3ccccn23)c1,0.7549,2.8276,-6.19,-9.28
CCC[NH2+][C@@H](c1ccc2c(c1)CCCO2)[C@]1(C)CCCO1,0.9044,4.3383,-5.52,-7.38
Cc1cnc([C@@H](NC(=O)N2CCOCC2)C2CC2)s1,0.921,3.11,-5.46,-7.08
COc1ccc2oc(=O)c(C(=O)C[NH3+])cc2c1,0.6081,2.7317,-5.77,-7.57
Cc1nn(C)c2ncc(NC(=O)c3ccc(Br)o3)cc12,0.7815,2.3425,-6.0,-8.7
CN(C(=O)c1ccc(OCc2cn3ccccc3n2)cc1)c1ccccc1,0.538,2.1149,-6.56,-9.53
Cc1ccc(NS(=O)(=O)c2ccn(S(=O)(=O)c3ccccc3)c2)cc1,0.7419,2.1814,-6.32,-8.93
Cc1ccc(NC(=O)N2CCN(c3cc(N4CC[NH+](C)CC4)ncn3)CC2)cc1Cl,0.7636,3.1735,-6.3,-8.21
CC[NH+]1CCN(C2=NC(=O)/C(=C/c3ccc(OC)c(OC)c3)S2)CC1,0.8067,3.405,-5.81,-7.72
CN(CCS(C)(=O)=O)[C@@]1(C[NH3+])CCC[C@H](C2CC2)C1,0.7762,4.195,-5.49,-7.65
Cc1c(-c2ccccc2)oc2c(C(=O)N[C@H](CO)Cc3ccccc3)cccc2c1=O,0.4988,2.67,-6.84,-9.72
O=C1Nc2cc(Cl)c([N+](=O)[O-])cc2/C1=C\c1ccc(F)cc1,0.5186,2.2958,-6.16,-8.29
COc1ccc(F)cc1S(=O)(=O)NC[C@@H](c1ccc2c(c1)OCO2)N1CC[NH+](C)CC1,0.6337,3.6547,-6.18,-8.16
COc1cc(Cl)c(C)cc1NC(=O)CSc1nnnn1-c1ccc(Br)cc1,0.548,2.185,-6.11,-8.53
COc1ccc(C(=O)C(=O)O[C@@H](c2ccccc2)c2ccccn2)cc1,0.3871,2.5292,-6.12,-8.25
Cc1sc2nc(/C(C#N)=C/c3ccc(Br)s3)[nH]c(=O)c2c1C,0.6537,2.8926,-6.22,-8.57
CCn1cc[nH+]c1-c1cccc(NC(=O)NCc2cc(F)cc(OC)c2)c1,0.6986,3.0115,-6.43,-9.37
Cc1ccc(CNC(=O)NCCC(=O)N(C)C)c(N(C)C)c1,0.8334,2.2231,-5.52,-7.65
O=C1c2ccccc2N[C@H](/C=C/C2=c3ccccc3=[NH+]C2)N1C1CCCCC1,0.8541,3.9454,-6.5,-9.01
CC[C@@H]([NH3+])c1ccn(CCC[NH+]2CCCC2)c1,0.7117,5.4287,-5.21,-6.89
C[NH+](C)CC(C)(C)CNC(=O)c1ccccc1I,0.7596,3.2563,-5.75,-7.2
O=C(Nc1ccc2c(c1)COC2)[C@H]1CCCN1C(=O)c1ccc([N+](=O)[O-])s1,0.6419,2.9936,-6.24,-8.43
CCOc1ccc(C2=C[C@H](C(=O)N/N=C/c3cc(Br)ccc3O)N=N2)cc1OC,0.4843,3.401,-6.03,-8.74
CC(=O)c1cccc(OCC(=O)O[C@@H](C)[C@@H]2CCOC2)c1,0.5941,3.0155,-5.54,-7.48
CN(C)c1nc2ccc(NC(=O)C(=O)Nc3cnn(C)c3)cc2o1,0.7001,2.5519,-6.09,-8.83
C=C(C)COc1cccc([N-]S(=O)(=O)c2ccc([N+](=O)[O-])s2)c1,0.4252,3.523,-5.85,-7.76
COc1cc(NCCc2ncc(C)s2)ccc1[N+](=O)[O-],0.654,2.3956,-5.52,-7.45
Cc1ccc2[nH]c([C@H]3CCCN(C(=O)c4ccnn4C(C)C)C3)c(-c3ccncc3)c2c1,0.4783,3.1381,-6.19,-8.98
CCC[NH+](C)Cc1ccc(C[NH2+]C2CC2)cn1,0.6703,5.1756,-5.27,-6.67
CCOC(=O)C1(C)CC[NH+]([C@H](C)C(=O)Nc2ccc(C)c(C)c2)CC1,0.7998,3.8077,-5.87,-8.55
C[NH+](C)[C@@H]1CC[C@@H](NC(=O)C2CCN(S(=O)(=O)c3ccccc3)CC2)C1,0.7703,3.6026,-5.8,-8.45
O=C(/C=C\c1ccccc1)Nc1cc(Cl)ccc1Cl,0.8199,1.6901,-6.02,-8.49
CC(C)Cn1cc(NC(=O)[C@H](NC(=O)c2ccco2)C(C)C)cn1,0.8152,2.7425,-5.68,-8.14
C[C@H](CNC(=O)N1CCC(OCc2ccc(F)cc2)CC1)[S@@](C)=O,0.8507,3.2506,-5.84,-8.31
CC(=O)c1c(C)nc(C)nc1SCc1nc2ccc(F)cc2o1,0.4106,2.5731,-5.99,-8.62
CC[C@H](C)C(=O)NCC1(c2ccc3c(c2)OCO3)CC1,0.8982,2.8066,-5.61,-7.84
Cc1ccc(-c2nc(C(=O)N(Cc3ccccc3)[C@@H](C)CCO)cs2)o1,0.6791,2.8967,-5.93,-8.48
C[C@H]1C[C@H](Nc2ncc(C(N)=O)cc2Cl)CN1c1ccccc1,0.9038,3.1022,-5.99,-8.7
Cc1ccc(C)c(NC(=O)CSc2n[nH]c(N/N=C/c3cccc(O)c3)n2)c1,0.2767,2.4594,-5.73,-9.25
CC(C)(C[NH3+])NC(=O)[C@]1(C)CCCO1,0.6577,4.2682,-5.02,-5.98
COC(=O)[C@H]1CCN(C(=O)c2ccn(C)c(=O)c2)c2ccccc21,0.7877,2.8719,-6.17,-8.43
N#CC(C#N)=c1s/c(=C\c2ccc(F)cc2)c(=O)n1CCc1cccnc1,0.6941,2.6673,-6.15,-8.28
C[C@@H](c1ccc(F)c(F)c1)N(C)C(=O)c1cc(Cl)c[nH]1,0.9195,2.841,-5.86,-7.9
Cn1cc[nH+]c1-c1ccccc1C(=O)NCC[C@H]1CCC[NH+](C)C1,0.8275,4.8188,-6.0,-8.88
Cc1noc(C)c1CNc1cc(Cl)c(Cl)cc1[N+](=O)[O-],0.6776,2.3535,-5.71,-7.91
CC[C@H](NC(=O)c1ccc(CN2CC[NH+](C)CC2)cc1)c1ccc(OC)cc1,0.769,3.2622,-5.9,-7.53
Cc1cc(NC(=O)NCCOc2ccc(Cl)cc2)no1,0.8317,1.9399,-5.61,-7.87
CC[C@H](C)OC(=O)CSc1nc2ccc(NC(C)=O)cc2s1,0.6425,2.7132,-5.45,-8.31
CCc1cccc(OC[C@@H](O)Cn2cnc3sccc3c2=O)c1,0.7539,2.7188,-5.88,-8.51
Cc1c(C)c(C)c(S(=O)(=O)NCCC(=O)NCC(F)(F)F)c(C)c1C,0.7965,2.4543,-5.72,-8.02
O=C(CCn1nnc2ccccc2c1=O)OCc1nc2ccccc2[nH]1,0.5512,2.242,-6.27,-9.26
Cc1ccc(F)cc1NC(=O)[C@@H]1CCC[NH+]1Cc1ccc(F)cc1,0.8865,3.8322,-6.17,-8.95
Cc1ccccc1[C@H](C#N)NC(=O)c1ccc(CN2CCCC2=O)cc1,0.903,2.6194,-6.29,-8.85
CC[C@H]1CCCN(C(=O)[C@H](C)NS(=O)(=O)c2cccs2)C1,0.8985,3.0158,-5.72,-7.56
CCc1nn(C)cc1C(=O)N1CCOCC1,0.7313,2.3786,-5.12,-6.06
COc1ccc(NC(=O)[C@@H](C)S(=O)(=O)c2ccc(Br)cc2)cc1,0.8394,2.3037,-5.92,-8.45
Cc1ccc(-c2csc(NC(=O)c3ccc(F)c(F)c3)n2)cc1C,0.7297,1.9283,-6.38,-9.2
COc1cc(C(=O)N2CCC3=c4ccccc4=[NH+][C@H]3[C@H]2c2ccccc2)cc(OC)c1OC,0.6446,3.7737,-6.39,-8.76
C[C@H]([NH2+]C1CCN(CC(F)F)CC1)[C@H](C)N1CCOCC1,0.7704,4.2759,-5.43,-7.09
CCCCS(=O)(=O)Nc1ccc(C)c(N2CCCC2=O)c1,0.8781,2.1834,-5.76,-7.78
C[C@H](NC(=O)C[NH+]1CCC(O)CC1)c1cccc2ccccc12,0.7904,3.6761,-6.07,-8.57
CCc1nn(C)c2c1NC(=O)CC(C)(C)N2,0.757,3.3707,-5.19,-6.19
CC[C@@H](C)CN(C)C(=O)c1ccc(F)cc1Br,0.8301,2.5908,-5.29,-6.63
COc1ccc(C)cc1C[S@@](=O)CCCc1ccc(Cl)cc1,0.7417,2.5915,-5.85,-7.94
CC1CCN(C(=O)c2cc(S(=O)(=O)N(C)CC(=O)N3CCc4ccccc43)c[nH]2)CC1,0.7642,2.5595,-5.99,-8.72
CNC(=O)CC1CCN(/C(=C/C#N)c2ccccc2)CC1,0.8633,2.4988,-5.73,-7.95
O=C(N[C@H]1CCC[C@H]1c1ccc(F)cc1)N1CCC[C@H](c2[nH]cc[nH+]2)C1,0.8706,4.1524,-6.36,-8.56
O=C(Cc1cn2ccccc2n1)NCc1ccccc1Cn1ccnc1,0.5837,2.3897,-6.42,-9.05
CC(C)c1ocnc1CN1CCCN(c2nccs2)CC1,0.8688,2.7953,-5.69,-6.88
CCS(=O)(=O)c1ccc(O)c(NC(=O)c2ccc(OC)c(OC)c2)c1,0.7626,1.95,-6.03,-8.75
O=C([O-])CC[C@@H](C(=O)[O-])N1C(=O)/C(=C/c2ccco2)SC1=S,0.4853,3.9093,-5.57,-7.15
C#Cc1cc(F)c(NC(=O)c2cc(Br)ccc2C)c(F)c1,0.8057,2.2972,-5.87,-8.66
COc1ccc(C[C@@H]2c3cc(OC)c(OC)cc3CCN2C(=O)Nc2c(F)cccc2F)cc1OC,0.4742,2.8776,-6.5,-9.32
CCc1nnc(NNC(=O)c2cccc(C)c2)nc1[O-],0.7888,2.7971,-5.74,-8.56
CSCC(=O)NNC(=O)c1cc(Cl)ccc1F,0.8248,2.0486,-5.52,-6.79
COc1ccc(NC(=O)C(=O)NCC2CCN(c3ncccn3)CC2)cc1,0.7748,2.1215,-5.96,-8.26
COc1c(Cl)ccnc1C(F)(F)F,0.7127,2.4855,-5.11,-6.04
Cc1ccc([C@H]([NH2+]CC2(N(C)C)CCOCC2)C2CC2)cc1,0.872,3.8171,-5.53,-7.47
C[C@H]1NC(=O)[C@@H]2C[C@H](NC(=O)c3c(Cl)cccc3Cl)CN2C1=O,0.8363,3.3511,-6.07,-8.39
Cc1ccccc1[C@@H]1C[C@@H]1C(=O)N1C[C@@H](C)C[C@@H](C)C1,0.8045,3.2316,-5.69,-7.36
C[C@H]1C[C@@H](C)C[NH+](Cc2ccccc2CNC(=O)[C@@H]2CSC(=O)N2)C1,0.7373,4.6706,-5.96,-7.91
Cc1nn(-c2ccccc2)c(Cl)c1C[NH2+][C@@H](C)[C@@H]1CN(C)CCO1,0.8919,3.976,-5.97,-8.34
CC(=O)NC1=NC(=O)/C(=C\c2ccc(OCc3ccc(F)cc3)c(Cl)c2)S1,0.7766,2.2618,-6.23,-8.43
O=C(CSc1nc2ccc(NC(=O)c3ccccc3F)cc2s1)NC[C@@H]1CCCO1,0.536,2.6899,-6.61,-8.79
O=C(COc1ccccc1)N1CCC(NS(=O)(=O)c2ccccc2)CC1,0.8395,1.8587,-6.05,-8.56
Cc1nc(SCC(=O)N[C@@H](C)c2cccc3ccccc23)c(C#N)c(C)c1C,0.6236,2.761,-6.04,-9.02
CC(C)=CC[NH2+][C@H](C)Cn1cc(C)cn1,0.7227,4.3053,-5.06,-6.2
O=C(CNC(=O)c1ccc2c(c1)CCC2)NCc1cscn1,0.8816,2.2159,-5.86,-8.66
Cc1cc(Cl)c([N+](=O)[O-])cc1NC(=O)[C@H](O)c1ccccc1,0.6679,2.5094,-5.96,-8.4
O=C(N[C@H]1CCCCC[C@@H]1C(=O)[O-])c1cncc(Br)c1,0.8405,3.3431,-5.7,-7.83
CCOC(=O)C(=Cc1ccc(I)o1)C(=O)OCC,0.264,2.6424,-5.52,-6.97
COc1ccc2c(=O)c(C(=O)N(C)CC(C)C)c[nH]c2c1,0.9384,2.2218,-6.0,-7.82
Cc1cccc([C@H]2CCC[NH2+]2)c1,0.6424,4.0946,-4.89,-5.97
CCN(C)C(=O)N[C@@H]1C[C@](C)(OC)C1(C)C,0.8007,3.9235,-5.23,-6.36
Fc1ccc(Cn2cc(-c3ccccc3Cl)cn2)cc1,0.698,1.827,-6.02,-7.9
COc1ccc(/C=N/Nc2cc(-n3nc(C)cc3C)nc(C)n2)cc1,0.5723,2.4,-6.11,-9.18
Cc1ccccc1OCC(=O)NCCOc1ccc2c(c1)CCC(=O)N2,0.7491,2.0913,-6.05,-8.76
O=C(Nc1cccc2[nH]ccc12)c1cccn(Cc2ccccc2)c1=O,0.5941,2.0458,-6.62,-9.14
O=C(NCCNc1ccccc1[N+](=O)[O-])c1ccccc1,0.4848,1.7015,-5.77,-7.97
Cc1ncsc1C(=O)N1CCCC1,0.6845,2.1465,-4.96,-5.74
CC[C@H](C)[C@H](O)c1nccc2ccccc12,0.8516,2.9484,-5.41,-7.02
O=C(CSc1ccccn1)N1CCc2c(c(C(=O)N3CCCC3)nn2Cc2ccccc2)C1,0.5273,2.4869,-6.41,-7.85
CC[C@@H]([NH2+][C@H](C)CC(=O)Nc1ccc(F)cc1)c1c(C)noc1C,0.8177,3.8071,-6.0,-8.46
CCn1c(CC2CC[NH2+]CC2)nn(Cc2cccc(C)n2)c1=O,0.8643,3.5472,-5.92,-8.17
CC[C@H](C)[C@@H](NC(=O)[C@@H]1CCCN1C(=O)C1CC1)C(=O)[O-],0.7262,3.4058,-5.55,-7.57
Cn1cc(S(=O)(=O)NCc2ccnc(OCC(F)F)c2)cn1,0.8153,2.6485,-5.77,-8.06
CCOC(=O)[C@H]1CCC[NH+](CC(=O)NN2C(=O)N[C@@](C)(CC)C2=O)C1,0.4009,4.5986,-5.78,-7.95
CCOc1ccc(NC(=O)[C@H]2C[C@@H]3C=C[C@H]2C3)cc1S(=O)(=O)N1CCOCC1,0.7328,4.0393,-6.18,-8.03
O=C(CSc1ccc(Cl)cc1)Nc1ccc(C(=O)[O-])cc1,0.8591,2.1169,-5.67,-8.6
CC(C)c1c(N)nnn1-c1cc(F)cc(F)c1F,0.8392,2.8684,-5.76,-7.8
Cc1ccc(C)n1-c1ccc(C(=O)N2CCOCC2)cn1,0.8472,2.2084,-5.87,-7.75
C=CCNC(=O)[C@@H](C)Nc1ccc(NS(C)(=O)=O)c(C)c1,0.6655,2.6875,-5.41,-7.5
CC/C(=C\c1c(F)cccc1Cl)C[NH2+]C1CC1,0.832,3.6439,-5.43,-7.03
O=C(Nc1ccc(-c2ccco2)cc1)[C@H]1CCCN(C(=O)c2ccc3nccnc3c2)C1,0.5232,2.6899,-6.63,-9.25
Fc1cc(C[NH2+]CCCn2cc[nH+]c2)cc(F)c1F,0.5978,4.5847,-5.59,-7.6
CC(=O)c1ccc(NC(=O)N[C@H]2[C@H]3CCO[C@@H]3C2(C)C)cc1C,0.8419,3.545,-5.78,-8.21
O=C(CSc1nc(-c2ccc(Cl)cc2)n[nH]1)Nc1ccccc1C(=O)NC1CCCC1,0.4544,2.2911,-6.48,-8.94
Cc1ccc(-n2nc(C(=O)[O-])c3c2CCC3)c(F)c1,0.8131,2.7168,-5.77,-7.79
Cc1nnc(NC(=O)c2ccc(C)c(-n3cccc3)c2)s1,0.8075,2.2035,-5.77,-9.09
C[C@H](Cc1ccc(Cl)cc1)[NH2+]C1CCN(CC[NH+](C)C)CC1,0.747,4.3599,-5.57,-7.52
CN(C1CC1)[C@@H](c1ccccc1)[C@H]([NH3+])Cc1ccccc1,0.8669,3.207,-5.82,-8.38
COc1ccc([C@@H]2CC[NH+]3CCCC[C@H]23)cc1OC,0.8945,4.3437,-5.61,-7.14
COc1ccc(NC(=S)NNC(=O)[C@@H]2C[C@@H]2c2ccc(C)s2)cc1F,0.5619,3.1802,-5.96,-8.12
C[C@@H](NC(=O)Nc1ccccc1CC(N)=O)c1cccc(C(F)(F)F)c1,0.7561,2.5228,-6.24,-9.81
CCCCn1nc(C(=O)N(C)C[C@@H](C)c2ccccc2)ccc1=O,0.7855,2.6633,-5.92,-8.33
COc1ccc(-c2nc3c(C)cccc3cc2CN(C)Cc2cc[nH]n2)cc1OC,0.4901,2.7349,-6.63,-9.84
Nc1ccc(SCc2cc(=O)c(O)co2)cc1F,0.6591,2.626,-5.83,-7.36
O=C(/C=C/c1ccc([N+](=O)[O-])cc1)NC(=O)c1ccccc1,0.5332,1.8617,-5.87,-8.39
CC(C)=CC(=O)Nc1cc([N+](=O)[O-])ccc1C,0.4962,2.0678,-5.4,-6.69
C[C@@H](CN1CC[NH+](C)CC1)NC(=O)CNC(=O)c1cc2ccccc2[nH]1,0.5476,3.6566,-6.12,-8.12
C/C(=N\NC(=O)C12CC3CC(CC(C3)C1)C2)c1cccc([N+](=O)[O-])c1,0.5152,3.625,-5.71,-8.37
Cc1[nH]c2nc(N(Cc3ccc(Cl)cc3)C(=O)c3ccccc3Cl)nn2c(=O)c1C,0.514,2.7887,-6.73,-8.96
O=C(CCC(=O)c1ccccc1)Nc1ccc2nc(N3CCOCC3)sc2c1,0.6441,2.1029,-6.45,-9.25
COC1CCN(CC[NH2+]Cc2cccc(-c3ccccc3)c2)CC1,0.7928,2.7959,-5.9,-8.85
Cn1c(C(=O)N2CCCN(c3ccc(F)cc3)CC2)cc2ccccc21,0.7047,2.0074,-6.66,-9.4
Cc1ccc([C@H](C)NC(=O)CCl)cc1C,0.7879,2.3006,-5.28,-6.47
C[C@@H]1CCC[C@H]([NH+](C)CC(=O)NCCc2ccc(S(N)(=O)=O)cc2)C1,0.6365,4.0165,-5.74,-8.01
COc1ccc2nc([S@@](=O)Cc3c(C)c(OC)c(C)c[n+]3[O-])[nH]c2c1,0.5552,3.5447,-5.98,-8.28
CN(C)c1ncccc1N(C)C(=O)c1cc(F)c(F)cc1Cl,0.812,2.4689,-5.94,-8.28
CCOC(=O)c1c(-c2ccccc2)oc2ccc(O)c(CN3CCOCC3)c12,0.6778,2.3409,-6.5,-8.85
Cc1ccc(S(=O)(=O)/N=C(\[O-])N(Cc2ccccc2)Cc2ccc(Br)cc2)cc1,0.4036,2.419,-6.36,-8.44
CCN(C)c1ccccc1NC(=O)N(C)CC(C)(C)O,0.8698,2.5039,-5.47,-7.0
CC(C)C(=O)N(C)Cc1ccc(C(=O)O[C@H](C)c2nccs2)cc1,0.7488,2.7924,-5.73,-8.82
O=C([O-])[C@@]1(Cc2ccnc3ccccc23)C[C@H]2CC[C@@H]1O2,0.8549,4.6177,-5.84,-7.91
C[C@H]1CCC[C@H](CS[C@@H](C)C(=O)N(C)C)C1,0.7563,3.4721,-5.25,-6.89
Cc1ccc(NC(=O)c2ccccc2NC(=O)[C@H]2CCCC[C@H]2C(=O)[O-])cc1,0.8344,2.9317,-6.42,-8.52
C[C@@H](CCc1ccco1)NC(=O)c1ccc(C#N)cc1,0.9063,2.427,-5.57,-7.77
FC(F)(F)c1c[nH+]c(N2CCN(c3nc(CCl)cs3)CC2)c(Cl)c1,0.74,3.471,-6.12,-7.5
O=S(=O)(c1cccc(F)c1)N1CCc2sccc2[C@@H]1c1ccccc1,0.6892,2.6226,-6.54,-8.43
CC(=O)N1CSC[C@H]1C(=O)N1CCC[C@@H]1c1c(C)n[nH]c1C,0.898,3.6685,-5.74,-7.52
N#C[C@@H](NC(=O)CNc1cccc(F)c1)c1ccc(F)cc1F,0.8904,2.6878,-6.01,-8.77
Cc1cccnc1C[C@@H](Cl)c1ccoc1,0.7418,3.1133,-5.28,-6.47
CCOc1cccc(/C=N\c2ccc(NS(=O)(=O)CC)c(C)c2)c1O,0.7366,2.4723,-5.83,-8.73
COC[C@H](O)CC[NH2+][C@H](C)C(C)(C)C,0.657,4.5447,-4.87,-5.44
C[C@H](SCC(=O)N(C)CC(=O)NC1CC1)c1ccc(F)cc1,0.8375,2.6793,-5.66,-8.09
C#CCNCC(=O)NCCC[NH+]1CCCC[C@@H]1C,0.4092,4.7166,-5.19,-6.95
Cc1sc2ncn(CC(=O)N3CCSCC3)c(=O)c2c1C,0.8432,2.497,-5.82,-7.77
CC(C)c1ncc(C(=O)NN2Cc3ccccc3C2)s1,0.9438,2.6426,-6.03,-8.34
CCC[C@@H](C[NH3+])[C@]1(O)CCCC[C@@H]1c1ccccc1,0.8419,3.9744,-5.61,-7.77
C=CCn1c(=S)sc2c(=O)n(CC(=O)Nc3ccccc3C(F)(F)F)cnc21,0.4974,2.6604,-6.21,-8.55
C[C@H](CCc1cccc(F)c1)C(=O)Nc1cccn(C)c1=O,0.923,2.5615,-6.02,-8.85
CCOc1cc(F)ccc1NC(=O)NCc1cn(-c2ccccc2)nn1,0.7118,2.1409,-6.02,-9.02
O=C([C@@H]1CCCN(c2ccc(-c3ccccc3)nn2)C1)N1CCN(CCc2ccccc2)CC1,0.5668,2.6322,-6.5,-8.95
CC(C)NC(=O)C(=O)N1CCN(C(=O)c2ccc(Cl)cc2)CC1,0.823,1.9385,-5.83,-8.36
COCc1nc([C@H](C)OC)[nH]c(=O)c1I,0.8464,3.55,-5.71,-6.94
CN1C[C@H](C(=O)N[C@@H](c2ccccc2)c2ccc(F)cc2)CC1=O,0.9384,2.7072,-6.29,-8.76
CN(Cc1nccn1C(F)F)C(=O)Nc1ccc2oc(C3CC3)nc2c1,0.7462,2.727,-6.2,-8.79
COc1ccccc1-c1nnc(SC[C@H]2CCCCO2)n1-c1ccccc1,0.584,2.5748,-6.23,-8.49
NC(=O)c1ccc(CNC(=O)NCC(=O)N2CCc3ccccc32)o1,0.7435,2.3252,-6.0,-8.88
CC(C)OC(=O)N[C@H]1C=C[C@@H](C(=O)[O-])C1,0.6578,4.1884,-5.36,-6.31
CCNC(=O)[C@@H]1CCCN(C(=O)Nc2cccc3cccnc23)C1,0.9103,2.5162,-6.12,-8.82
CCOc1cccc(NC(=O)c2ccc[n+]([O-])c2)c1,0.6732,2.0943,-5.78,-8.03
Cc1ccc(Cn2ccn(-c3ccc4c(c3)OCO4)c(=O)c2=O)cc1,0.6872,2.2387,-6.31,-8.89
CCCCOc1ccc(C[NH+]2CCN(c3ccccc3F)CC2)cc1,0.7787,3.0139,-5.97,-8.66
CC1=CC(=O)N(c2cccc(Cl)c2C)C1=O,0.7016,2.3054,-5.4,-6.54
O=C1[C@@H]2[C@@H](C(=O)N1/N=C/c1cccs1)[C@H]1C=C[C@@H]2C12CC2,0.4776,5.2859,-5.67,-7.74
C[C@H](NC(=O)CC(F)(F)F)c1ccc(F)cc1,0.8197,2.361,-5.42,-6.73
NC(=O)C[C@@H]1CCCC[NH+]1Cc1ccc(-c2nc3ccccc3s2)o1,0.737,4.1865,-6.34,-8.89
Cc1nn(C)cc1CN(C)C(=O)C(C)C,0.7532,2.3949,-5.16,-6.23
C[C@@]12CC3CC(N4CC[C@H]([NH3+])C4=O)(C1)C[C@](C)(C3)C2,0.7669,6.1904,-5.58,-7.67
CC[C@@H](NC(=O)[C@H](C)Oc1ccccc1)c1nc(-c2ccccc2)c[nH]1,0.6744,3.0559,-6.29,-9.12
CC1(C)CCC[C@@H]1Nc1cccc2cnccc12,0.8495,2.8702,-5.8,-7.92
Cc1cc(CN(C)c2ccc(N)c(N)[nH+]2)no1,0.8103,3.7583,-5.67,-6.89
O=C(Nc1ccc(-c2nc3cc(Cl)ccc3[nH]2)cc1)c1cnccn1,0.5867,2.1213,-6.49,-9.42
Cc1ccc(F)c(C[NH+]2CCC(C(=O)N[C@@H](C)C(C)C)CC2)c1,0.8554,3.8626,-5.89,-8.34
CN(C(=O)c1ccc(Br)cc1N)[C@@H]1CCS(=O)(=O)C1,0.8179,2.844,-5.59,-7.16
C[C@@]1([C@@H](Br)c2cc(F)ccc2F)CCCO1,0.7491,3.6705,-5.29,-6.79
Cc1ccc(CCC(=O)N2CCn3cccc3[C@H]2c2ccccc2)o1,0.7244,2.7732,-6.54,-8.37
N#Cc1cc2c(=O)n3ccccc3nc2n(CCc2ccccc2)/c1=N/C(=O)c1ccc(F)cc1,0.3806,2.6152,-6.68,-9.53
COc1ccc(Cl)cc1NC(=O)N1CCn2cccc2[C@@H]1Cc1ccccc1,0.6766,2.7088,-6.47,-9.13
COCc1ccc(C(=O)N[C@H](c2ccc(Cl)cc2)c2noc(C)n2)o1,0.7241,2.9489,-6.02,-8.4
O=C(N[C@@]1(C(F)(F)F)N=C(O)N(Cc2ccc(F)cc2)C1=O)c1ccccc1,0.7815,2.9066,-6.45,-9.01
Cc1ccccc1CCNc1ccc(C(=O)[O-])cc1N,0.808,2.3798,-5.87,-8.25
Cc1c([C@H](C[NH3+])Nc2cccc(F)c2)cnn1C,0.8568,3.3795,-5.51,-7.52
COc1ccc(C(=O)N2CCN(S(=O)(=O)C3CC3)CC2)c(OC)c1,0.787,2.1164,-5.74,-7.58
COc1ccc(-c2onc3ccc(C(=O)/C=C/N(C)C)cc23)cc1,0.5286,2.3842,-6.04,-8.52
C/C([O-])=C\C(=O)c1c(Cl)ccc(F)c1Cl,0.349,3.0623,-5.31,-6.38
C[NH+](CCn1cnnc1)Cc1ccc(-n2cncn2)cc1,0.6672,4.0426,-5.78,-7.88
CCOC(=O)c1ccc(NC(=O)c2c([O-])c3sccc3[nH]c2=O)cc1,0.6946,2.5664,-6.14,-9.18
[NH3+]CC[NH+]1CCC(CO)CC1,0.4204,5.5841,-4.85,-5.26
COC(=O)c1cc(C)ccc1OCC(=O)N(C(C)C)C(C)C,0.7584,2.1011,-5.37,-6.61
Cc1nnc(-c2cccc(NC(=O)C(=O)NC[C@@H](O)CC(C)C)c2)o1,0.6825,2.8141,-5.86,-8.88
COCCOCCNC(=O)N[C@@H]1C[C@H]2CC[C@]1(C)C2(C)C,0.7082,4.1372,-5.4,-7.93
CC(C)(C)Oc1ccccc1NCc1ccccc1N1CCOCC1,0.8791,2.0945,-6.0,-8.37
C[NH+]1[C@H]2CC[C@@H]1CN(C(=O)Nc1ccc3c(c1)OCCO3)CC2,0.803,4.8753,-5.78,-8.57
CC[C@H](C[NH2+]C(C)(C)C)N1C[C@@H]2CCCC[NH+]2C[C@@H]1C,0.7604,5.957,-5.54,-7.25
CCOC(=O)[C@H]1Nc2ncccc2Cc2ccccc21,0.8508,2.9267,-5.94,-7.91
Cc1noc(C)c1C(=O)N1CCC[C@H]1c1nc(N(C)C)ncc1-c1ccncc1,0.6736,3.2075,-6.5,-8.63
COc1cccc(CN(C)C(=O)Cn2ncnc2-c2cccc(C#N)c2)c1,0.6734,2.3694,-6.03,-8.49
COc1cc2c(cc1NC(=O)c1cccc(NC(N)=O)c1)oc1ccccc12,0.4932,2.0501,-6.77,-9.89
CCc1nc2c(s1)[C@H]([NH2+][C@@H]1CCCC[C@@H]1O)CCC2,0.8895,4.6947,-5.6,-7.73
N#C[C@@H]1CCC[C@H]1[NH+]1CCCCC1,0.6318,5.2893,-5.03,-5.94
Cc1csc([C@@H](NC(=O)N2CCC[C@@H]2c2cccc(C)c2C)C2CC2)n1,0.818,3.2902,-6.3,-8.67
CCc1ccc([C@@H](CO)NC(=O)Cc2cc(C)on2)cc1,0.8515,2.6039,-5.77,-8.03
C[C@@H](NC(=O)[C@@H]1C[C@@H]1c1ccco1)c1noc(Cc2ccccc2)n1,0.7466,3.4036,-6.15,-8.47
C[C@@H](C(=O)N1CCCC1)N1CCN(C(=O)CC2(O)CCCC2)CC1,0.8255,2.8623,-5.71,-8.06
COc1ccc(N2CCN(c3ncc4c(n3)C[C@H](c3ccccc3O)CC4=O)CC2)cc1,0.6793,2.8488,-6.51,-8.77
COc1ccccc1N1CCC[C@@H](NC(=O)NC[C@@H]2CCC[C@@H]2O)C1,0.7628,3.1096,-5.82,-7.89
COc1ccc(N2CCN([C@@H](C)CS(=O)(=O)c3ccc4ccccc4c3)CC2)cc1,0.6019,2.5811,-6.39,-9.0
O=C(Nc1cnc(-c2ccccc2)s1)c1csc([C@H]2CCCO2)n1,0.7529,3.0225,-6.14,-9.2
Cc1cccc(C(=O)N2CCC3(CC2)c2nc[nH]c2CCN3C(=O)C2CC2)c1,0.8734,3.1968,-5.76,-9.1
COC(=O)[C@H](C)Oc1cc(Br)c(C=O)cc1OC,0.6154,2.703,-5.17,-6.68
C[NH2+][C@@H](C)c1ccc(-n2nc(C)cc2C)cc1,0.8561,3.3541,-5.59,-7.47
O=C(Cc1ccc[nH]1)N1CCN(C(=O)c2cc(Cl)ccc2F)CC1,0.9243,2.2854,-6.13,-8.72
C[C@@H]1CN(CC(=O)N(C)Cc2cnn(C)c2)c2ccccc2NC1=O,0.9143,3.0299,-6.24,-8.66
CCOc1ccc(NC(=O)[C@@H](Cc2ccccc2)n2cnnn2)cc1F,0.7045,2.6396,-5.97,-9.15
CN1C(=O)CC[C@H](c2nc(C3CC3)no2)[C@H]1c1cccc(Cl)c1,0.8605,3.3657,-6.2,-7.99
O=C(Nc1ccncc1)c1cn(Cc2ccccc2)c2ncccc12,0.6208,2.0384,-6.18,-9.38
Cc1cccc(NC(=O)NCc2ccc(F)cc2)c1Cl,0.878,1.7533,-5.96,-8.46
Cc1nn(C)cc1C[NH2+]C[C@@]1(O)CCCN(CC2CCCCC2)C1=O,0.7948,3.8782,-5.97,-7.81
O=C1C(=Cc2ccco2)C(=O)c2ccccc21,0.5524,2.1064,-5.66,-7.39
O=C(c1cc(Br)c[nH]1)N1CCN([C@H]2CCC[C@@H]2O)CC1,0.8554,3.1777,-5.59,-7.58
CO[C@@H]1CCCN(C(=O)[C@@H](C)NC(=O)c2n[nH]c3ccccc23)C1,0.8849,3.0218,-6.06,-8.61
NC(=O)c1cc([N+](=O)[O-])ccc1N1CCC[C@H](c2nnc3ccccn23)C1,0.5577,2.9189,-6.48,-9.05
O=c1c([N-]S(=O)(=O)c2cn[nH]c2)cccn1Cc1ccc(F)cc1,0.7643,3.2512,-6.07,-8.65
Cn1nc(-c2ccccc2)c([N+](=O)[O-])c1NCc1ccccc1,0.577,2.1046,-6.09,-8.7
N#CC1=C(N)N(N2CCOCC2)C2=C(C(=O)CCC2)[C@@H]1c1cccc(Cl)c1,0.8436,3.3402,-6.01,-7.46
C[C@@]1(c2ccc(Cl)cc2Cl)NC(=O)N(CC(=O)N2CCCCC2)C1=O,0.8153,2.6471,-6.07,-8.5
CCOc1ccc(CN2CCN(C(=O)N[C@@H](C)COC)CC2)cc1,0.8274,2.3785,-5.62,-7.78
O=C(Nc1ccccc1)O[C@@H]1c2cc(Cl)ccc2OC(=O)N1c1ccccc1,0.6268,2.8069,-6.5,-9.07
CC[C@H](C)[C@H](C)[NH2+]Cc1ccc(C(N)=O)o1,0.7539,4.2751,-5.19,-6.23
CCN1C(=O)CN(CN(CCC#N)CC2CC2)C1=O,0.6394,2.9617,-5.42,-6.75
C[C@@H](C(=O)NCc1ccc(F)cc1)C1CCN(S(=O)(=O)c2ccc(Cl)s2)CC1,0.7345,2.7891,-6.31,-8.33
CCOC(=O)C1CCN(c2ncnc(Nc3ccccc3)c2N)CC1,0.8073,2.1401,-5.93,-8.38
CC1(C)[C@@H](C(=O)OC(c2ccccc2)c2ccccc2)N2C(=O)C[C@@H]2[S@@]1=O,0.6016,3.6934,-6.29,-8.32
CC(C)(C)OC(=O)c1cccc(C(=O)NC2CC=CC2)c1,0.6863,2.2496,-5.7,-8.22
