SMILES,QED,SAScore,EGFR_Docking,HER2_Docking
O=C(NC(=S)Nc1ccc(NC(=O)c2ccccc2)cc1)c1ccc(Cl)cc1,0.5452,1.6993,-6.49,-9.05
Cn1c(=O)[nH]c(=O)c2[nH]c(CCC(=O)Nc3ccc4c(c3)Cc3ccccc3-4)nc21,0.4279,2.5394,-6.65,-8.75
C[NH2+][C@H](c1ccc(-c2ccccc2)cc1)[C@@H]1CSCCO1,0.9393,3.7389,-5.88,-7.75
Nc1ccc(OCc2nccs2)cc1Cl,0.8395,2.2375,-5.34,-7.02
CC(C)c1ccccc1NC(=O)[C@H](C)Nc1ccc2c(c1)oc(=O)n2C,0.7333,2.6891,-6.28,-9.24
CCOC(=O)c1sc2ncnc(Cl)c2c1C,0.6124,2.2893,-5.44,-7.34
C[C@H]1C[C@H](Nc2nc3ccc([N+](=O)[O-])cc3o2)CC[C@H]1C,0.6825,3.4359,-5.85,-8.32
CCc1c([O-])nc([C@](C)([NH3+])CC)[nH]c1=O,0.6896,4.6347,-5.18,-6.43
c1ccc(-n2ncc3c(NC4CCCCCC4)ncnc32)cc1,0.7444,2.1097,-6.16,-8.77
Cc1cccc([C@@H](NC(=O)Cc2cccc(OCC#N)c2)C(C)(C)C)c1,0.8426,2.7191,-5.62,-8.54
CC(C)CCn1cc(C(=O)[O-])c(-c2ccoc2)n1,0.8033,3.0804,-5.51,-7.29
C[C@H](OC(=O)/C=C/c1ccc2ccccc2n1)[C@H]1CCCO1,0.6411,3.2351,-5.96,-8.25
CN(C1CCCCC1)S(=O)(=O)c1ccc(NC(=O)CC2CCCC2)cc1,0.8082,2.0882,-6.01,-8.25
CCOc1cccc2sc(N(Cc3ccccc3)C(=O)[C@H]3CCCCN3S(C)(=O)=O)nc12,0.5174,2.8408,-6.33,-8.19
Cc1cccc(OCC(=O)NC[C@@H](c2cccs2)[NH+]2CCCCCC2)c1C,0.7668,3.7427,-6.2,-7.98
COc1ccc([C@@H](C)[NH+](C)CC(=O)N(C)C2(C#N)CCCCC2)cc1,0.8581,4.0277,-5.8,-7.65
O=C(CN1C(=O)N[C@H](CCc2ccccc2)C1=O)Nc1cccnc1Cl,0.6005,2.6318,-6.22,-8.23
CC(C)[C@@H](NC(=O)CN1C(=O)N[C@H](Cc2c[nH]c3ccccc23)C1=O)c1ccc(F)cc1,0.4963,3.1367,-6.51,-8.78
CN[C@]1(C#N)CCC[C@H]1CCN(C)C1CC[NH+](C)CC1,0.759,5.2046,-5.4,-7.58
O=C(NCCc1ccc(-c2ccccc2)cc1)c1cnc2cc(-c3ccccc3)[nH]n2c1=O,0.4175,2.3081,-6.76,-10.0
O=C(CSc1nncs1)N[C@H]1CCCc2ccccc21,0.8826,2.7533,-5.77,-8.2
C[C@@H]1C[C@@H]1NC(=O)CCCOc1ccc(F)cc1F,0.8062,2.696,-5.51,-7.79
O=C1OCc2ccc(NS(=O)(=O)c3cccc4cccnc34)cc21,0.7411,2.2674,-6.33,-8.71
CN(CCS(C)(=O)=O)[C@H]1CCCCC[C@@H]1C#N,0.7158,3.4152,-4.88,-7.0
Cc1ccc(C(=O)N[C@H](C)c2ccco2)c(N)c1,0.8155,2.458,-5.63,-7.71
COC(=O)N1CCC[C@H](NC(=O)NCCC[NH2+]C2CCCCC2)C1,0.6247,3.6682,-5.71,-8.03
CCc1ncc(C[NH+](C)Cc2cc(Cl)cn2C)s1,0.8903,4.4452,-5.4,-7.0
C[NH+](C)CCN(Cc1ccc(F)cc1)C(=O)[C@@H]1C[C@H]1c1ccc(F)cc1,0.8058,3.5973,-6.13,-7.91
C/C=C(\C)C(=O)Nc1sc2c(c1C(=O)OCC)CCC2,0.6841,2.4239,-5.33,-7.32
CC(C)Oc1ccc(NC(=O)N2CCC(OC[C@@H]3CCCO3)CC2)cc1,0.8388,2.6677,-5.72,-8.09
O=C(Cl)c1ccc([N+](=O)[O-])cc1,0.4021,1.8323,-5.08,-6.12
Cn1ncc2c1CCC[C@H]2NC(=O)NCC(C)(C)NC(=O)OC(C)(C)C,0.7631,3.1953,-5.9,-7.65
C[NH+](CC(=O)NCC(F)(F)F)[C@H]1c2cc(Cl)cc(Cl)c2C[C@@H]1O,0.7429,4.5386,-5.92,-8.11
C=CCC[C@H](C)OC(=O)[C@@H]1CNC(=O)C1,0.5454,3.5999,-5.04,-5.96
O=C([O-])[C@H]1[C@@H]2CC[C@@H](O2)[C@@H]1C(=O)Nc1ccc(F)c(F)c1,0.878,4.4309,-5.76,-7.84
CNc1cc(C2CC2)nc(-c2ncc[nH]2)n1,0.8187,2.8465,-5.35,-6.72
CC[C@H](C)Oc1cccc(NC=C2C(=O)OC(C)(C)OC2=O)c1,0.5108,3.0393,-5.64,-8.45
COc1cc(F)cc(CNC(=O)c2ccc(=O)n(C)c2)c1,0.9271,2.0449,-5.88,-8.6
Cc1ncc(C(=O)N(C)CC2CCCC2)c(Br)c1Cl,0.8271,2.612,-5.6,-6.95
Cc1nn([C@@H](C)C(=O)[O-])c(=O)c2cc3cc(F)ccc3n12,0.6838,3.4367,-6.12,-7.97
CC(C)(C)OC(=O)Nc1ccc(SCC(=O)[O-])cc1,0.8529,2.417,-5.3,-7.01
CC(=O)Nc1cccc(NC(=O)c2cnn(-c3ccc(Cl)cc3Cl)c2)c1,0.695,2.0634,-6.43,-9.27
O=C(CCCc1c(-c2ccc3ccccc3n2)[nH]c2ccc(F)cc12)NCc1cccnc1,0.3497,2.3752,-6.75,-9.48
N#CCNC(=O)COc1ccc(C[NH2+]C2CC2)nc1,0.6365,3.442,-5.45,-7.03
N=C1NC(=O)/C(=C\c2ccc(-c3cccc(C(F)(F)F)c3)o2)S1,0.8102,2.7825,-6.1,-8.85
COc1ccc([C@@](O)(C(=O)NNc2ccc(C)cc2)c2cccs2)cc1,0.5831,2.7489,-6.19,-8.2
CC(C)[C@H]1CCC[C@H]([C@@H](C)O)CC1,0.6533,3.1356,-5.23,-5.94
CCN(Cc1ccccc1)C(=O)Cn1nc2c(SC3CCCCC3)nccn2c1=O,0.5804,2.6626,-6.24,-7.9
Cc1ccc(-n2ccnc2SCCNS(=O)(=O)c2ccccc2)cc1C,0.4973,2.1884,-6.02,-8.55
Cc1cc(OCCO[C@H]2CCCCO2)n2nc(C3CCOCC3)cc2n1,0.7373,3.4093,-5.9,-8.03
CCOc1ccc(NS(=O)(=O)c2ccc(CNC(C)=O)cc2)cc1,0.8051,1.7422,-5.75,-8.35
CN(Cc1nc(COc2ccc(F)cc2)no1)c1ccccc1,0.6977,2.0724,-5.93,-8.54
Cc1ccc(S(=O)(=O)c2nc(-c3ccc(F)cc3)oc2N2CCCC2)cc1,0.6717,2.2105,-6.41,-8.9
C[C@H]1C[C@@H]1C(=O)N1CCN(CC(=O)NC(N)=O)CC1,0.6847,2.8394,-5.39,-7.51
Cc1ccc(CNC(=O)[C@@H](C)Nc2ccc(N3CCOCC3)cc2C)cc1,0.8229,2.4681,-6.08,-8.68
CCC[C@@H]1C[C@H]1NC(=O)C(=O)Nc1cccc(N2CCCCC2)c1,0.8166,2.9652,-5.99,-8.83
Cc1sc2nc(NCCO)[nH]c(=O)c2c1C,0.7465,2.5726,-5.5,-7.55
Cc1ccc(N2C[C@H](c3nc4ccccc4n3CC(=O)N(Cc3ccccc3)C(C)C)CC2=O)cc1C,0.3355,2.8982,-6.74,-8.11
Cc1ccc(NC(=O)c2ccc(Cl)cc2F)cc1S(=O)(=O)N(C)C,0.8976,1.9508,-5.99,-8.73
Cc1ccc2c(CC(=O)N[C@H](CO)c3ccccc3F)coc2c1,0.7559,2.6957,-6.45,-9.27
C[C@@H](CCl)CS(=O)(=O)N1CCc2ccccc21,0.7894,2.8959,-5.67,-7.12
C[C@@H](OC(=O)c1ccc(F)cc1OC(F)F)c1ccccn1,0.7893,2.7357,-5.81,-8.03
CC(=O)N(c1ccc(C)c(C)c1)c1nc(C[NH+]2CC[C@H](C)[C@H](O)C2)cs1,0.8629,4.5096,-6.02,-7.67
C[C@H](SCCC(=O)Nc1ccccc1Cl)c1nc2scc(-c3ccco3)c2c(=O)[nH]1,0.3686,3.092,-5.98,-8.92
CCOc1cc(C(=O)N2CC[NH+]3CCC[C@H]3C2)ccc1OC(F)F,0.875,4.1462,-5.83,-8.21
O=C(NCc1ccc[nH+]c1N1CCOCC1)[C@@H]1C[C@H]1c1ccccc1,0.9037,3.7535,-6.17,-8.55
O=C(Nc1ccc(F)cc1)C(=O)N[C@@H](c1ccccc1)c1ccccn1,0.7113,2.4164,-6.38,-8.49
CSCc1cccc(C(=O)NCc2c[nH]nc2C)c1,0.8812,2.5978,-5.69,-8.24
O=C([O-])[C@H]1CN(C(=O)N[C@H]2CCOC2)c2ccccc2O1,0.7931,3.5554,-5.8,-7.71
COc1ccccc1/C=N\NC(=O)[C@@H]1C=C(C(C)(C)C)N=N1,0.6854,3.4964,-5.51,-7.24
O=C(Nc1ccc(=O)n(Cc2ccccc2Cl)c1)[C@H]1C[C@@H]2C=C[C@H]1C2,0.851,4.0011,-6.34,-8.51
CN(CCCS(C)(=O)=O)C(=O)[C@@H]1C[C@@H]1c1ccccc1F,0.8048,3.0513,-5.66,-7.65
C[C@H](Cc1ccc(Cl)cc1)N(C)C(=O)c1c[nH]c2nccc(Cl)c12,0.739,2.9263,-6.26,-8.21
Cc1cnc(NC(=O)[C@H]2CSCN2C(=O)CCc2ccccn2)s1,0.8834,3.0096,-5.83,-7.71
CC(C)[C@H](NC(=O)[C@H]1CC(=O)N(c2ccc3c(c2)OCO3)C1)C(=O)N1CCCCC1,0.7939,3.0182,-6.34,-8.48
COc1ccc(O)c(-c2nc([C@H]3CSCCO3)no2)c1,0.9298,3.3124,-5.84,-7.16
O=C(NCc1cc[nH+]c(N2CCCCC2)c1)[C@@H]1CCC[C@@H](C(F)(F)F)C1,0.8821,3.9703,-6.02,-8.77
COC[C@@H](O)CN(C)C(=O)c1ncoc1-c1ccc(C)cc1,0.8793,2.8984,-5.6,-7.5
C[C@H](CC(=O)N(C)c1ccccc1)[NH2+]C1CCC(NS(C)(=O)=O)CC1,0.7485,3.6929,-5.73,-8.25
CCN(C(=O)NCCC(C)C)[C@@H](C)c1ccc(F)cc1,0.84,2.542,-5.26,-7.2
O=C(c1nnc2n1CCCC2)N1CC[C@]2(CCCN(CC3CC3)C2=O)C1,0.8215,3.7529,-6.15,-7.9
C[C@H]1CCCN(S(=O)(=O)NCCC2CCCCC2)C1,0.8449,2.7099,-5.59,-8.08
CCc1nn(C)c(OC)c1CNC(=O)[C@H]1C[C@H]1c1ccc(C)s1,0.8842,3.5433,-5.7,-7.91
CS(=O)(=O)N1CCN(C[C@H]2CCOC2)CC1,0.6818,2.6975,-5.24,-6.66
CC(C)n1ncnc1C[C@H](N)C(C)(C)[NH+]1CCCCC1,0.8291,4.5249,-5.47,-7.49
CC[NH+]1CCC2=c3ccccc3=[NH+][C@H]2[C@@H]1c1c([O-])[nH]c(=O)[nH]c1=O,0.4459,5.7708,-6.25,-8.52
C[NH+](CC(=O)NC1CCC2(CC1)OCCO2)Cc1nccn1C(F)F,0.7557,4.6515,-5.71,-7.69
O=C(Nc1cccc(C#CCCO)c1)N[C@@H]1CCOC1,0.7283,2.8271,-5.75,-7.84
C=CCN(Cc1cccc([N+](=O)[O-])c1)C(=O)NCc1ccccc1C,0.4734,2.1841,-6.02,-8.27
CCC(CC)NC(=O)[C@@H](C)N1CCO[C@H](C(N)=S)C1,0.7028,3.4608,-5.34,-7.22
COc1ccc(C2=C[C@@H](C(=O)NCc3ccccc3OC)N=N2)cc1,0.8797,2.9507,-5.93,-8.29
CC(C)C[C@H]([NH2+]C[C@@](C)(O)C#Cc1ccccc1)C(=O)[O-],0.6943,4.4145,-5.6,-7.17
O=[N+]([O-])c1cc(S(=O)(=O)N2CCCCCC2)ccc1N[C@H]1CC[NH+](C2CC2)C1,0.5467,4.0081,-6.09,-8.12
CC1CCC(NC(=O)Nc2ccc(C(N)=O)cc2)CC1,0.7914,1.8323,-5.66,-8.39
CCOc1ccccc1CNC(=O)[C@H]1CCN(c2ccc(F)cc2)C1=O,0.8099,2.5125,-6.26,-8.68
Cc1ccc(S(=O)(=O)Cc2noc([C@@H]3C[C@@H](O)C[NH+]3Cc3ccc(F)cc3)n2)cc1,0.6109,4.2527,-6.46,-8.7
CCNS(=O)(=O)[C@@H]1CCN(C(=O)[C@H]2C[C@@H]2c2ccco2)C1,0.8767,3.721,-5.68,-7.98
O=C(CCc1nc(-c2cc(Br)cs2)no1)Nc1nc[nH]n1,0.714,3.1301,-5.88,-8.97
CS(=O)(=O)c1ccc(NC(=O)c2cccc3ccccc23)cc1,0.8015,1.6301,-6.46,-9.16
Cc1cc(CN2CCN(C(=O)[C@H]3CCC[NH+]3C)CC2)c(C)n1C1CC1,0.8741,4.1525,-5.74,-8.34
CCOC(=O)Nc1ccc(S(=O)(=O)N2CCCc3ccccc32)cc1,0.9066,1.9753,-6.37,-8.68
Nc1ccsc1C(=O)N1CCC[NH+](Cc2ccccc2F)CC1,0.8915,3.8775,-6.04,-7.44
Cc1cc([N+](=O)[O-])ccc1NC(=O)C(=O)NCC(C)(C)[C@H](O)c1ccccc1,0.4009,2.8342,-6.21,-8.88
COc1ccc(C(=O)N2CCCC[C@@H]2C[NH+](C)C)c(O)c1,0.8518,3.4182,-5.74,-7.43
C[C@@H]1C[C@@H]1c1ccc(CN(C)C(=O)COc2ccc(N3CCCC3=O)cc2)o1,0.7344,3.0801,-6.31,-8.44
O=C(CCCC1CCCCC1)N1CCN(S(=O)(=O)c2cccc3nsnc23)CC1,0.6939,2.4642,-6.54,-8.16
C[C@@]12CCCC[C@@H]1CC[C@@H]1[C@@H]2CC[C@]2(C)[C@@H]1CC[C@]2(O)C[NH2+]CCO,0.6829,4.8646,-5.84,-8.03
CC1(C)CN(C(=O)c2cn(Cc3ccccc3)nn2)c2ccccc2S1,0.7081,2.5469,-6.17,-8.84
c1ccc(CN(C[C@@H]2CCCO2)c2ncnc3sccc23)cc1,0.7134,2.8537,-5.93,-8.02
CC[C@H](C)OCC(=O)N[C@H](c1ccc(Cl)cc1)c1noc(C)n1,0.8398,3.253,-5.73,-8.25
CC[C@H](C[NH3+])C(=O)N1C[C@@H]2CCC[NH+]2C[C@@H]1C,0.6229,5.9533,-5.33,-6.44
CCN(CC)C(=O)CSc1nc2ccc(C)cc2cc1C,0.7874,2.243,-5.69,-7.71
COc1ccc(F)c(NC(=O)CCn2c(=O)oc3ccccc32)c1,0.7805,2.0016,-6.24,-9.18
Cc1ccccc1OCC(=O)N/N=C\c1ccccn1,0.6659,1.9794,-5.6,-7.9
CCn1c(=O)n(CC)c2cc(S(=O)(=O)Nc3ccc(F)c(F)c3)ccc21,0.7386,2.241,-6.35,-8.83
CCOc1nnc(CS[C@@H](C)[C@H](C)O)s1,0.8335,3.8656,-4.98,-5.96
C[C@@H]1C(=O)[C@H](C)[C@@H](c2ccccc2)[NH2+][C@H]1c1ccccc1,0.9014,4.0542,-6.09,-8.12
O=C(NCCSc1ccccc1)c1ccccc1O,0.6503,1.7338,-5.66,-7.62
Cn1cc(-c2cccc(C[NH+]3CC[C@@](O)(C(F)(F)F)C3)c2)cn1,0.8891,4.3754,-6.03,-8.43
CC(C)c1cccc(N2C[C@H](C(=O)NCCCN3C(=O)NC4(CCCC4)C3=O)CC2=O)c1,0.5028,3.3792,-6.24,-8.38
C[C@]12CC[C@H]3c4ccc(O)cc4CC[C@H]3[C@H]1CC[C@H]2O,0.7572,3.5853,-5.56,-7.02
CCOc1cc(C[NH+]2CCC(C)(C)C2)ccc1OCC(=O)N1CCCCC1,0.7952,3.6226,-5.86,-8.44
CC(C)COC(=O)Nc1cccc(NC(=O)c2ccc(-c3cnco3)cc2)c1,0.6416,2.1746,-6.22,-9.46
Cc1ccc(NC(=O)[C@H](C)[NH+]2CCC(C(=O)N(C)C)CC2)cc1[N+](=O)[O-],0.5917,3.8407,-5.84,-8.06
COc1ccccc1NC(=S)NNC(=O)c1ccccc1F,0.5991,1.8052,-5.99,-7.61
Cn1cc(CCC(=O)NC2CCCCC2)c(-c2ccccc2)n1,0.9188,2.0709,-5.97,-8.58
CC[NH+]1CCc2[nH]cnc2C12CCN(C(=O)c1cnn3ccccc13)CC2,0.7006,4.6734,-6.25,-8.9
O=C(NCCCn1cc[nH+]c1)c1cc2ccccc2c2cccnc12,0.4514,3.0208,-6.36,-9.19
CCOC(=O)Nc1ccc(NC(=O)N[C@H](C)c2ncc(C)s2)cc1,0.7638,2.66,-5.83,-8.04
Cc1nnc(SCC(=O)N2[C@@H](C)CCC[C@@H]2C)n1N,0.6656,3.2217,-5.52,-7.3
CC(=O)N1CCN(c2ccc([N+](=O)[O-])cc2-n2cnnc2)CC1,0.6147,2.4998,-5.97,-8.4
CSC(C)(C)CNC(=O)C=C(C)C,0.7066,3.1017,-4.93,-6.03
CC(/C=N\Nc1nc(=O)c(C)n[nH]1)=C\c1ccccc1,0.6564,2.6467,-5.91,-8.06
CSc1cccc(NC(=O)Cn2nnc(C(=O)Nc3cc(C)ccc3C)c2C)c1,0.6044,2.2326,-5.56,-8.79
CC[NH+](C)C[C@H]1CCN(C(=O)c2cccc(NC(C)C)c2)C1,0.8356,3.7471,-5.73,-8.55
CCCC(C)(C)NC(=O)Nc1ccccc1S(=O)(=O)C(C)C,0.8389,2.3386,-5.77,-8.01
O=C(c1cc(-c2cccs2)n[nH]1)N1CC[C@H]2CCCC[C@H]21,0.922,3.1682,-5.95,-7.49
COc1cc(=O)n(-c2ccccc2)nc1C(=O)N1CCC[C@@H](C)C1,0.866,2.5643,-6.16,-8.52
O=C(Nc1ccc(F)cc1)N1CCC[C@@H](c2nc(-c3ccc(F)cc3)no2)C1,0.7254,2.5419,-6.55,-9.18
CCOc1ccc([C@@H]([NH3+])Cc2ccccc2)c(Br)c1,0.9005,2.9085,-5.64,-7.85
CCN(CC)C(=O)CCNC(=O)[C@H]1C=C[C@H]([NH3+])C1,0.6297,4.0125,-5.31,-6.75
C[C@@H]1C[C@H](NC(=O)N[C@@H]2CCC[C@@H]2C(N)=O)CC[NH+]1Cc1ccccc1,0.6195,4.5323,-5.93,-8.3
CCc1nnsc1C(=O)Nc1ccc(C[NH+]2CCCC[C@@H]2C)cc1,0.8742,4.0939,-5.97,-8.22
C[C@H]1CCC[C@@H](C)N1C(=O)COc1ccccc1OCC(F)(F)F,0.8148,2.9219,-5.89,-7.76
Nc1nn(-c2cc(Cl)ccc2Cl)nc1C(=O)[O-],0.859,3.0407,-5.59,-7.56
C[C@H]1CCCC[C@H]1N(C)C(=O)Cn1c(-c2cccnc2)noc1=O,0.8555,3.3067,-6.19,-8.26
Cc1nnc(NCCCc2ccc(N(C)C)cc2)s1,0.8236,2.1053,-5.43,-7.57
C[C@H](NC(=O)CSc1nc(N)c2ccsc2n1)c1ccccc1,0.5484,2.6557,-5.99,-8.35
CCOC(=O)N1CCC(NC(=O)c2cc3n(n2)CCC[NH+](C)C3)CC1,0.781,3.8488,-5.84,-7.83
CCOC(=O)CC(OC)OC,0.4374,2.3727,-4.73,-5.49
CCOc1ccc(NC(=O)c2cccc(OC)c2O)c(C)c1,0.8883,1.7712,-5.82,-8.18
O=C(Nc1ccsc1-c1nnc(C2CC2)o1)c1ccc(Cl)cc1,0.751,2.288,-6.08,-8.8
Fc1ccc(C[N+]23CCN(CC2)CC3)cc1Br,0.7572,3.7104,-5.06,-6.76
O=C1CCC(=O)N1CCSc1ncc(-c2ccc(F)cc2)[nH]1,0.679,2.434,-5.99,-8.24
CCCCS(=O)(=O)c1nc2nc(C)c(Br)c(C)c2s1,0.8321,3.1015,-5.62,-7.72
COc1ccc([C@H]2C[C@@H](C)N(C(=O)[C@@H]3CCCN3C(=O)C(C)C)C2)cc1,0.8312,3.2184,-5.78,-7.65
Cc1ccc(C)c(NC(=O)CN2C(=O)CC3(CCCCC3)C2=O)c1,0.8676,2.662,-5.98,-8.62
CCN(CC)S(=O)(=O)c1cccc(C(=O)NN=C2CCCCC2)c1,0.8005,2.2828,-5.94,-8.26
CCCNC(=O)C1CN(C(=O)c2cccs2)C1,0.879,2.0255,-5.29,-7.05
O[C@@H](C[NH2+]C[C@@H]1CNc2ccnn2C1)c1ccc(F)c(F)c1,0.7534,4.5828,-5.85,-8.28
Fc1ccccc1CNc1ccc(-n2cncn2)cc1,0.7906,1.9258,-5.91,-8.43
CCOC(=O)COc1cccc(NC(C)C)c1,0.7719,1.8237,-5.23,-6.88
CSCCN(C)Cc1sc(N(C)C)nc1-c1ccccc1,0.7744,2.5326,-5.54,-7.71
O=C(NC[C@@H](O)c1ccccc1F)N[C@H]1C[C@@H]2CCCc3cccc1c32,0.7835,3.4251,-6.49,-9.08
CS(=O)(=O)c1ccc(C(=O)Nc2n[nH]c3ccc([N+](=O)[O-])cc23)cc1,0.5403,2.1916,-6.28,-9.45
Cc1ccc(NC(=O)N[C@H](C)c2nc(Cc3ccccc3)no2)c(F)c1,0.7259,2.5979,-5.71,-9.18
O=C(CCn1cnc2ccccc21)N1CC[NH+]2CCCC[C@H]2C1,0.9066,4.1757,-6.08,-8.02
CCN(C(=O)CNC(=O)NC1CCCCC1)c1cc(C)ccc1C,0.8695,2.2027,-5.87,-7.97
COc1ccc(CCNC(C)=O)cc1S(=O)(=O)N1C[C@H]2CCCC[C@H]2C1,0.8208,2.9792,-5.95,-8.17
COC(=O)[C@@H](CC(C)C)NC(=O)c1ccc(OC)cc1,0.809,2.1181,-5.25,-6.59
CNC(=O)[C@H](C)CN(C)C(=O)Nc1ccc(F)cc1OC(F)F,0.8389,2.9072,-5.75,-7.56
C[C@H](O)[C@@H](C)N1CCN(C2C[NH2+]C2)CC1,0.5896,4.335,-5.25,-6.19
Cc1cccc(CCN2CC(=O)CC2=O)c1,0.7164,2.2519,-5.1,-6.0
C[C@H]([NH2+][C@@H](C)c1ccc(F)cc1N(C)C)C(=O)OC(C)(C)C,0.8485,3.9627,-5.56,-7.29
COC(=O)c1occc1CSc1nnc2sc3ccccc3n12,0.4156,2.5774,-6.09,-9.08
O=[N+]([O-])c1ccc(CN2CCc3c(F)ccc(F)c3C2)o1,0.6446,2.5827,-5.93,-8.18
CN1C(=O)/C(=N\Nc2ccc(Cl)cc2Cl)c2ccccc21,0.8559,2.1249,-6.06,-8.17
CC(C)Oc1ccc(C(=O)N2CCOc3ccccc3C2)cn1,0.8742,2.1695,-6.01,-8.35
CN(C)C(=O)c1ccc(CN(C)[C@@H]2CCCN(c3ccccc3)C2)[nH]1,0.91,2.9504,-6.13,-8.93
CC(=O)N[C@@H](CC(=O)Nc1ccc(C)c(C(N)=O)c1)c1ccc(C)cc1,0.7438,2.4201,-6.05,-8.86
Cc1ccc(C[NH2+]C(C)(C)CO)c(C)c1,0.7646,3.3384,-5.11,-6.24
CC[C@@H](C)N(C)c1ccccc1CO,0.7934,2.5874,-4.99,-6.53
Cc1cccc(N2N=C(C(=O)NCc3ccco3)CCC2=O)c1,0.9417,2.3138,-5.99,-8.59
O=C(Nc1ccccc1)NC1CC[NH+](C[C@H](O)c2ccc(F)c(F)c2)CC1,0.6438,3.5825,-6.26,-9.09
COC(=O)c1cccc(NC(=O)C[C@H]2C[NH2+]CCO2)c1C,0.77,3.5106,-5.59,-7.76
CNC(=O)c1cccc(-c2noc(C3CN(C(=O)Nc4cccc(C(F)(F)F)c4)C3)n2)c1,0.6373,2.3923,-6.59,-9.72
COC(=O)c1cc(CNC(=O)[C@@H]2CC(=O)N(C(C)C)C2)oc1C,0.8242,2.8516,-5.8,-8.15
COC(=O)c1ccc([C@@H]2C3=C(CC(C)(C)CC3=O)Nc3nc(SC(C)C)[nH]c(=O)c32)cc1,0.4052,3.3974,-6.59,-9.55
COC(=O)NCCC(=O)Nc1nc2ccc(Cl)cc2s1,0.909,2.0161,-5.62,-8.17
CCN(C(=O)C[NH+](C(C)C)[C@H]1CCCC[C@@H]1O)c1ccccc1C,0.8356,4.2142,-5.94,-7.74
O=C(NCc1cc(-c2ccc3c(c2)OCO3)on1)c1ccc([N+](=O)[O-])cc1,0.5441,2.2293,-6.14,-9.2
Cc1cc(NC(=O)C[NH+]2CCC[C@H]2c2cnn(C)c2)n(C)n1,0.8232,4.563,-5.91,-8.32
COc1cccc(-c2cc(CNC(=O)c3ccc(S(=O)(=O)N4CCCC4)cc3)no2)c1,0.6047,2.1587,-6.41,-8.86
O=C(Cc1ccccc1Br)C1([NH+]2CCCCC2)CCCC1,0.8851,3.7442,-5.68,-7.36
COCC[C@]1(O)CCN(C(=O)c2cnn(C)c2)C[C@H]1C,0.8806,3.4604,-5.4,-7.63
COc1ccc(Cc2ncc(C(=O)[O-])c(C)n2)cn1,0.7749,2.7758,-5.6,-7.53
CCCc1ncc(C(=O)N(C)[C@@H](C)CSCC)s1,0.7708,3.4191,-5.0,-6.5
CC1CCN(/C=C(\C#N)S(=O)(=O)c2ccc(Cl)cc2)CC1,0.8009,2.5958,-5.7,-7.5
CSc1cccc(NC(=O)c2cc(S(=O)(=O)NC3CC3)c(Cl)cc2Cl)c1,0.6649,2.2113,-6.25,-8.66
C[C@@]([NH3+])(C(=O)[O-])c1ccc(S(=O)(=O)[O-])cc1,0.6037,4.2128,-5.43,-6.46
Cc1nn(C)c2ncc(NC(=O)c3cc(-c4cccs4)nc4ccccc34)cc12,0.4727,2.3212,-6.62,-9.58
C[C@@H](NC(=O)N[C@H]1CC=CCC1)[C@H](O)c1ccc(Cl)cc1,0.7482,3.327,-5.69,-8.09
Cc1nn(C)cc1-c1cc(C(=O)Nc2ccc(OCc3ccccc3F)cc2)n[nH]1,0.506,2.3678,-6.56,-9.68
N#Cc1c(N)nc2c(c1N)[C@H](C(C#N)C#N)c1ccccc1O2,0.8186,3.7774,-5.89,-7.88
COC(=O)[C@]1([NH2+]C(C)C)CCC[C@@H](Sc2nncn2C)C1,0.8115,4.5392,-5.53,-7.66
C[C@H]1C[C@H]1C(=O)Nc1cc(Cl)ccc1N(C)C,0.897,2.7382,-5.46,-6.92
CCOc1cc(C)ccc1NC(=O)c1ccc2c(c1)NC(=O)CS2,0.8891,2.1704,-5.97,-8.54
CCCOC(=O)C1C(C)=NC2=C(C(=O)CC(C)(C)C2)[C@@H]1c1ccccc1OCC,0.6434,3.2862,-6.1,-7.48
O=S(=O)(c1cccc(Br)c1)N1CCN(C[C@H](O)c2ccccc2F)CC1,0.7723,2.5544,-6.07,-8.42
CCCCCn1c(SCC(=O)[O-])nc2ccccc2c1=O,0.4393,2.3646,-5.7,-7.75
CC(C)(C)OC(=O)N1CC[C@@H](n2c(CCl)nc3cccnc32)C1,0.789,2.924,-5.88,-8.36
O=C(NCC(=O)N1CCC[C@@H]1CN1CCOCC1)c1ccoc1,0.846,2.8423,-5.64,-7.57
CCOC(=O)Cc1cccc(O)c1,0.7168,1.6807,-5.01,-5.88
CC[C@H](NC(=O)N1CC[C@@H]2CCCC[C@@H]21)c1c(C)nn(C)c1C,0.9276,3.5106,-5.84,-8.24
CCN(CC)C(=O)Cn1cc(S(=O)(=O)Cc2ccccc2Cl)c2ccccc21,0.579,2.3041,-6.37,-8.47
CCN(CC[NH2+]C(C)C)C[C@@H]1CN(C)CCO1,0.662,4.0917,-5.11,-6.35
CCC(C)(C)NC(=O)[C@H](c1ccccc1F)N(C)C,0.8885,2.676,-4.86,-7.2
CNC(=O)[C@H]1CCCC[C@@H]1[NH2+][C@@H](C)c1ccc(F)cn1,0.869,4.3312,-5.71,-7.8
CCC[C@H](C)NC(=O)[C@@H](C)N1CC[NH+](Cc2ccon2)CC1,0.7481,4.4657,-5.58,-7.71
Cc1ccccc1CC(=O)NC[C@@H]1CN(Cc2ccccc2)CCO1,0.8801,2.3678,-6.09,-8.78
CC(=O)Nc1cccc(NC(=O)CCn2cnc3cc(C)c(C)cc32)c1,0.7375,2.1022,-6.28,-9.45
C[C@H](NC(=O)N(CCC(F)(F)F)C1CCC1)c1nnc2ccccn12,0.8951,3.1181,-6.01,-8.11
Cc1ccccc1C[C@@H](C)NC(=O)CN(C)CC#N,0.7876,2.6861,-5.46,-6.92
C[C@@H](NC(=O)c1ccco1)C(=O)Nc1ccc2c(c1)CCC(=O)N2,0.7984,2.6302,-6.18,-8.93
C#Cc1cc(F)c(NC(=O)c2cc(S(N)(=O)=O)c(C)o2)c(F)c1,0.831,2.7148,-6.03,-8.65
Cc1nn(C)c(C)c1[C@H](C)[NH2+]CC1(CC(C)C)CC1,0.8414,4.1382,-5.4,-7.33
O=C([O-])c1cccc(N2C(=O)C[C@H](N3CCOCC3)C2=O)c1,0.6664,3.0792,-5.8,-7.62
CCNC(=O)NNC(=O)[C@H]1CC(=O)N(c2cccc(Br)c2)C1,0.6986,2.6816,-5.69,-8.06
CCO[C@@H]1C[C@@H]([NH+](C)Cc2cn(C)c(=O)n(C)c2=O)C12CCCCC2,0.8269,5.0135,-5.78,-7.87
O=C(Cc1ccccc1Cl)N1CC[C@@H](c2ccccc2)C1,0.8416,2.2126,-6.07,-8.28
CCn1ncc([C@H]2C(C#N)=C(N)OC3=C2C(=O)CCC3)c1C,0.9011,3.3631,-5.61,-7.55
COCCn1c(S[C@H]2CCCCC2=O)nc2ccc(Br)cc2c1=O,0.7062,2.8989,-6.16,-7.98
O=C(COc1cccc2c1NC(=O)CO2)Nc1ccccc1Cl,0.9022,2.1366,-6.14,-8.64
CCOC(=O)N1CCC(NC(=O)Cc2ccc(-n3c(=O)[nH]c4ccccc4c3=O)cc2)CC1,0.617,2.2807,-6.54,-9.38
CC(=O)Nc1ccc(SCCCC(=O)Nc2nc(C)cs2)nn1,0.5879,2.4668,-5.75,-8.19
O=C(NC[C@@H](O)c1ccc(F)cc1)C1CCN(C(=O)N2CCCC2)CC1,0.8582,2.5541,-6.02,-8.87
Cc1cccc([C@@H]2[C@H]3[NH+]=c4ccccc4=C3CCN2Cc2ccoc2)n1,0.7665,4.3014,-6.37,-8.47
Cc1ccc([N+](=O)[O-])cc1NC(=O)C(=O)N1CC[C@H]([NH+]2CCCC2)C1,0.4611,3.9944,-5.88,-8.08
CC(C)N(C(=O)COc1ncc(Cl)cn1)c1ccccc1Cl,0.8345,2.4579,-5.82,-7.83
COc1ccc(NS(=O)(=O)c2c(C(=O)N3CCC(C)CC3)c(C)n(C)c2C)cc1,0.8061,2.3157,-6.03,-8.56
Cc1cc(C(=O)N2CCC[C@@H]2C(=O)NC[C@@H](O)c2cccc(C(F)(F)F)c2)ccc1[N+](=O)[O-],0.5018,3.0979,-6.58,-10.09
C[C@@H](NC(=O)c1cccc(SCC#N)c1)[C@@H](C)N1CCOCC1,0.8081,3.2594,-5.66,-7.79
CO[C@](C#N)(c1ccccc1)C(F)(F)F,0.7592,3.2022,-5.28,-6.69
C[C@H](c1nc(Cc2ccc(Cl)cc2)no1)[S@@](=O)C1CCCC1,0.8243,3.4918,-5.95,-8.41
COc1ccc(S(=O)(=O)N2CCC[C@H](C(=O)N3CCC[C@H](C(=O)[O-])C3)C2)cc1,0.6819,3.14,-6.17,-7.72
COc1ccccc1-c1noc(-c2ccc(N3CCCC3=O)cc2)n1,0.7293,2.0446,-6.42,-8.75
COc1ccc2c(c1)OC[C@@H](CNC(=O)Cc1csc(C(C)=O)c1)C2,0.8057,2.9522,-5.92,-8.42
CC[C@@H]1CCC[C@H](OCc2cc(Cl)ccn2)C1,0.8016,3.0754,-5.35,-7.05
CC(=O)c1cccc(NC(=O)CSc2nc3cc(C)[nH]c3c(=O)n2C(C)C)c1,0.376,2.4587,-6.24,-9.26
CC[C@H]1C[C@]1(O)c1cc(C)c(Br)s1,0.8642,4.3333,-5.16,-6.19
COc1cc(OC)c(NC(=O)[C@H](C)Sc2nnc(-c3cccnc3)o2)cc1Cl,0.5739,2.7469,-6.19,-8.23
NC(=O)CN1C(=O)[C@@]2(SCC(=O)N2c2cccc(F)c2)c2ccccc21,0.8882,3.4197,-6.18,-8.64
CC[C@H]1CC[C@@](C(=O)[O-])(C2CCCC2)C1,0.714,3.7729,-5.32,-6.43
Cc1cccc(NC(=O)CSc2nnc(-c3cccc(Br)c3)o2)c1,0.6328,2.0179,-5.51,-9.27
CCNC(=O)NC(=O)[C@@H](C)Sc1nc2cc(Cl)ccc2c(=O)n1CC(C)C,0.5636,2.7562,-6.25,-8.38
COCCCN(C(=O)[C@H]1CC=CCC1)[C@@H]1CCS(=O)(=O)C1,0.5488,3.424,-5.55,-7.68
CC1CCN(c2nc3c(c(=O)[nH]2)C[NH+](Cc2c(F)cccc2F)CC3)CC1,0.8534,4.0461,-6.35,-8.8
O=CN[C@@H](NC(=S)Nc1cccc2ccccc12)C(Cl)(Cl)Cl,0.3304,2.9726,-6.12,-7.47
C[NH+](C)C(C)(C)COc1cc(CCl)c2ccccc2n1,0.8563,3.2799,-5.65,-8.11
O=C1[C@H]2CCCN2c2ccc(S(=O)(=O)N3CCOCC3)cc2N1C/C=C/c1ccccc1,0.6964,2.9801,-6.56,-8.33
COC(=O)[C@H]1CCCN1C(=O)[C@@H]1C=C[C@@H]([NH3+])C1,0.5131,4.2538,-5.47,-6.33
c1nc(NCC2(c3ccc4c(c3)OCO4)CCOCC2)c2nc[nH]c2n1,0.7427,2.9174,-6.37,-9.5
COC(=O)[C@@]1(F)CCN(c2c(C#N)cnc3c(C)cc(C)cc23)C1,0.7936,3.4236,-5.94,-8.3
Cc1cc(C)cc(N2C(=O)NC(=O)/C(=C\c3ccc(C)o3)C2=O)c1,0.6803,2.3798,-6.13,-8.38
O=C1[C@H]2CCCN2C(=O)CN1[C@H]1CC[NH+](C2CC2)C1,0.6694,4.8438,-5.64,-7.07
O=C(N/N=C\c1ccccc1Br)c1ccc(O)cc1O,0.5957,2.1273,-5.81,-8.38
COCCN(C)C(=O)N[C@H](C)c1ccc(NC(=O)NC2CC2)cc1,0.7155,2.5177,-5.68,-8.23
O=C(Nc1sc2c(c1C(=O)NCCCO)CCCC2)c1ccccc1,0.6948,2.0499,-5.06,-8.47
O=C1NC(=S)/C(=C/c2ccc(-c3ccc(C(=O)[O-])cc3)o2)S1,0.6874,2.9631,-5.93,-7.74
CC(C)[C@H](NS(=O)(=O)CCC(=O)[O-])c1ccccc1,0.787,3.0542,-5.48,-6.69
CC1(C)[C@H](C(=O)[O-])[C@H]1C(=O)Nc1ccccc1C(=O)Nc1nccs1,0.8381,3.3283,-6.0,-8.23
CC(C)[C@@H](S[C@@H](C)c1cccs1)C(=O)NC(C)(C)C,0.8681,3.5864,-5.36,-6.96
C[C@H](Oc1cccc(Cl)c1)C(=O)NNc1ccc(F)cc1F,0.8264,2.4845,-5.99,-8.77
COc1ccc2c(c1)[C@@H]([NH2+]Cc1cc(C)on1)CC2,0.9096,3.745,-5.63,-7.87
CCc1ccc(-c2csc3[nH]cnc(=S)c23)cc1,0.6915,2.7341,-5.83,-8.12
CCSCc1ccc(C(=O)NCc2ccc(N3CCCC3=O)cc2)cc1,0.8037,2.0262,-6.34,-8.78
COc1ccc2[nH]cc(C(=O)N[C@@H]3CC[C@@H]([NH3+])C3)c(=O)c2c1,0.7664,3.4877,-6.03,-8.19
COc1ccc(Br)cc1[C@H]1C(C#N)=C(N)Oc2cc(OC(=O)c3ccco3)ccc21,0.4451,3.019,-6.34,-8.69
CCOC(=O)c1cn(C)nc1NC(=O)c1ccc(C)c(NC(=O)c2ccco2)c1,0.619,2.3018,-6.31,-9.0
CCc1ccc(C(=O)NNC(=O)N[C@H]2C[C@@H]2C)cc1,0.7233,2.6879,-5.58,-7.55
C[C@H]1CC2=C(C[C@@H]1[C@@H]1NC(N)=[NH+]c3nc4ccccc4n31)C(C)(C)CCC2,0.6816,4.7506,-6.17,-8.25
CN(CC(F)(F)F)C(=O)C[NH+]1CCCN(C(=O)c2ccsc2)CC1,0.8458,4.1625,-5.84,-7.67
CN1CCO[C@H](C[NH2+]C2CCCCCCCCCCC2)C1,0.8672,4.1002,-5.56,-7.31
COc1cccc(C(=O)NCC2(O)CCCCCC2)c1F,0.8396,2.2167,-5.8,-7.99
CC(=O)N[C@@H](C)C(=O)Nc1ccc2c(c1)OCO2,0.8345,2.3158,-5.58,-7.09
C[NH+]1CCCN(Cn2nc(-c3ccccc3F)ccc2=O)CC1,0.8811,3.7235,-6.09,-7.66
CC[C@H](CNC(=O)c1cccc(-c2nnc(C)o2)c1)c1ccccc1,0.7399,2.535,-6.22,-9.25
CCOc1ccc(CNC(=O)Nc2cn(C)nc2CC)cc1OC,0.8171,2.2761,-5.68,-8.36
COc1ccc2c(C)c(C(=O)N3CCCO[C@@H](Cn4cccn4)C3)oc2c1,0.7073,2.957,-6.1,-8.72
Cc1cc(C)n(-c2ccc(=O)n(CCNC(=O)Cn3cnccc3=O)n2)n1,0.6212,2.6038,-6.14,-8.91
CCN(CC)C(=O)Cn1c(CNC(=O)c2ccccc2F)nc2ccccc21,0.6832,2.1069,-6.24,-8.54
CCOc1cc(C(F)(F)F)n(-c2ccccc2N)n1,0.8732,2.48,-5.77,-7.78
Cc1cc(F)ccc1NCC(=O)N1CCc2ccccc21,0.9388,1.9606,-6.2,-8.95
COCCOc1ncccc1CNC(=O)C1=Cc2cc(F)ccc2OC1,0.7696,2.4907,-5.89,-8.48
COc1ccc(CNC(=O)CCC(=O)N2CCN(c3nc4cccnc4s3)CC2)cc1,0.6085,2.251,-6.28,-8.6
CCOC(=O)N1CCN(C(=O)c2ccccc2NS(=O)(=O)c2cccs2)CC1,0.797,2.1329,-6.07,-7.91
COc1cccc(OCC(=O)Nc2ccc(-c3cc[nH]n3)cc2)c1,0.7306,2.1698,-5.96,-9.07
Cc1n[nH]c(-c2ccc(NC(=O)C(=O)NC[C@@H](C)[NH+](C)C3CC3)cc2)n1,0.5421,4.1092,-5.94,-8.6
O=C(CSc1nnc(-c2cccs2)o1)N(C1CCCC1)[C@H]1CCS(=O)(=O)C1,0.6544,3.1486,-6.21,-7.32
Cc1cccc(OCCNC(=O)Cn2c(=O)c3c(ncn3C)n(C)c2=O)c1,0.612,2.3179,-5.74,-8.74
O=C(NCCC1=CCCCC1)[C@H]1CC12CCN(C(=O)CCc1cccnc1)CC2,0.717,3.5339,-6.17,-8.16
C[C@@H]1[C@H](NC(=O)CC2=c3ccccc3=[NH+]C2)C(=O)N(c2ccccc2)N1C,0.7104,4.2579,-6.34,-8.74
Cc1cccc(OCCNC(=O)CCc2c(C)nc3cc(C)nn3c2C)c1,0.6526,2.2929,-5.77,-8.98
COC[C@H](C)[NH2+][C@H](Cc1ccccc1)C1CC1,0.7618,3.8097,-5.26,-7.2
N#Cc1cn(C[C@H]2CCCC[C@H]2O)c(=O)nc1[O-],0.7764,3.9891,-5.5,-6.61
Cc1noc(C2CCN(C(=O)NCc3cc[nH+]c(N4CCCC4)c3)CC2)n1,0.8864,3.2949,-6.12,-8.87
O=C(NNC(=O)c1c[nH]c2ccccc12)c1ccc2c(c1)COCO2,0.6246,2.2647,-6.5,-9.69
COCCCCC(=O)Nc1ccc2[nH]nc(C(N)=O)c2c1,0.6695,2.1745,-5.68,-8.19
C[C@]1(c2nc3ccc(Br)cc3s2)CC[NH2+]C1,0.8598,4.2417,-5.63,-7.33
CCN(CC)S(=O)(=O)c1ccc(NCc2ccco2)nc1,0.8492,2.2381,-5.6,-7.28
Cc1cc(C)cc(CSC[C@H]([NH3+])c2ccccc2C)c1,0.8885,3.1469,-5.72,-7.59
C[C@H](Nc1ccc(CCN2CCOCC2)cc1)C(=O)Nc1cccnc1Cl,0.7135,2.5637,-6.03,-8.6
CCOC(=O)[C@H](CC)[NH+](C)Cc1ccc(C)o1,0.7528,4.3019,-5.22,-6.44
CCN(C)C(=O)Nc1cccc(OC(F)F)c1,0.8844,2.0457,-5.29,-6.68
COC(=O)[C@](NC(=O)c1ccccc1C)(Nc1ncc(C)s1)C(F)(F)F,0.609,3.0593,-5.61,-8.42
CC[C@@]1(C)C[NH2+][C@H](C)CN1C[C@@H]1Cc2ccccc2S1,0.9204,4.758,-5.77,-7.11
CCc1ccc(CCC(=O)N2CCC(C(N)=O)CC2)cc1,0.8992,1.8194,-5.79,-8.21
CC[NH2+][C@H](C(C)C)C1CCC(C(F)(F)F)CC1,0.7919,4.0571,-5.38,-6.78
C[C@H]1CCN(C(=O)C(=O)N(C)Cc2ccccc2F)c2ccccc21,0.787,2.8934,-6.25,-8.36
CC(C)CC(=O)Nc1ccc(OCc2cc(=O)n3ccccc3n2)cc1,0.7398,2.1039,-5.96,-9.37
N=C1/C(=C/c2cccc3ccccc23)C(=O)N=C2SC=C(c3ccccc3)N12,0.6252,2.5635,-6.66,-9.24
COCCN(CC(=O)[O-])C(=O)N[C@H]1CC[NH+]2CCC[C@H]12,0.5524,5.2865,-5.1,-7.49
C/C(=N\NC(=O)[C@H](C)Oc1ccc(Cl)cc1)c1ccccc1,0.6759,2.2793,-5.89,-8.56
Cc1c(C(=O)NCc2ccc(C(=O)Nc3ccccc3)cc2)nc2cccc(Cl)n12,0.4691,2.2628,-6.76,-9.93
O=C(Cn1c(-c2ccccn2)noc1=O)C12CC3CC(CC(C3)C1)C2,0.8556,3.8426,-6.18,-8.51
CCNC(=O)CN(CC)C(=O)c1cccnc1,0.816,1.9763,-5.15,-6.51
C[NH+]1CCN(c2ccc(C(=O)NC3CCCC3)cc2[N+](=O)[O-])CC1,0.6247,3.1298,-5.93,-8.24
O=C(Nc1ccccc1F)N1CCC[C@H](c2nnc(C(F)(F)F)o2)C1,0.8323,2.8828,-6.25,-8.72
COc1ccc2[nH]cc(CC(=O)NC[C@H](O)c3ccc(F)cc3)c2c1,0.6447,2.5116,-6.16,-9.15
CCn1cnc(S(=O)(=O)NC[C@H]2CCCC[C@@H]2CCl)c1,0.8177,3.5516,-5.54,-7.67
Cc1ccc(S(=O)(=O)[N-]c2ccccc2-n2cnnn2)c(C)c1,0.7339,3.1537,-6.11,-8.94
Cc1ccc(SCCNC(=O)N2CCC[C@@H](c3nc(C)no3)C2)cc1,0.6538,2.8228,-6.07,-8.55
CCc1cccc2c1NC(=O)/C2=C1/SC(=S)N=C1[O-],0.6311,3.444,-5.63,-7.1
O=C(CSCC(F)(F)F)NCc1cc[nH+]c(N2CCCCCC2)c1,0.8465,3.3764,-5.82,-8.06
CC(C)CCCNC(=O)C(=O)Nc1ccc(N(C)C)nc1,0.6172,2.2015,-5.39,-7.52
CCOC(=O)c1cn[nH]c1-c1ccc([N+](=O)[O-])c(C)c1,0.5247,2.2837,-5.7,-7.66
CCOc1ccc(CN(C(=O)c2ccc(Cl)cc2Cl)[C@H]2CCS(=O)(=O)C2)cc1,0.6722,2.6326,-6.2,-7.57
Cc1ccc(N2C(=O)C[C@@H](C(=O)OCC(=O)NC(=O)NC3CCCC3)[C@H]2c2cccs2)cc1,0.6307,3.232,-6.35,-7.99
CC(C)[NH2+][C@]1(CO)CSCC(C)(C)C1,0.7368,5.062,-4.95,-6.08
c1ccc(-c2cnc(C[NH+]3CCC[C@@H]3CN3CCOCC3)o2)cc1,0.8963,4.0781,-5.91,-8.32
CC(=O)N(Cc1ccc(NC(=O)N(C)CC[C@H](C)O)cc1)C1CC1,0.8048,2.7422,-5.67,-8.07
C[C@H](C(=O)N[C@@H](C)C1CCCCC1)c1ccsc1,0.8776,3.1209,-5.55,-7.59
COc1ccc(/C=C\C(=O)[C@@H](C#N)c2nnc(-c3ccccc3)n2C)cc1F,0.6151,2.985,-6.16,-8.4
O=[N+]([O-])c1ccc2nc(NCCO)sc2c1,0.6247,2.2058,-5.4,-7.33
O=C(Nc1cc2c(cc1Br)OCCO2)[C@@H]1CCCN(C(=O)c2ccc(Cl)cc2)C1,0.71,2.6319,-6.5,-9.06
Cc1ccccc1CC(=O)N[C@@H](C(=O)N1CCOCC1)C(C)C,0.8957,2.4287,-5.7,-7.97
CC(=O)c1ccc(NC(=O)N[C@@H]2CC=CCC2)cc1C,0.6539,2.7227,-5.68,-8.19
O=C(Cc1cccc2ccccc12)NNC(=O)c1ccc(NC(=O)C2CCCCC2)cc1,0.5267,2.0029,-6.69,-10.14
C[C@@H](CSC(C)(C)C)[NH2+]C[C@]1(O)CCc2ccccc21,0.8742,4.2662,-5.58,-7.01
CC#C[C@]1(O)CC[C@H]2[C@@H]3CCC4=C(CCC5(C4)OCCO5)C3=CC[C@@]21C,0.6652,5.1501,-6.1,-7.65
CN(C(=O)c1cccc(-n2cnnn2)c1)c1ccc2ccccc2c1,0.5793,2.1752,-6.52,-9.45
CCCn1c(NC(=O)c2nc(C)n(-c3ccc(F)cc3)n2)nc2ccccc21,0.574,2.3233,-6.65,-9.31
CC1=NN(c2ccc(C(=O)N3CCC(OCc4ccccc4)CC3)cc2)CC1,0.7882,2.3194,-6.22,-8.98
CCc1nnc(NS(=O)(=O)c2ccc3ccccc3c2)s1,0.802,2.0576,-5.87,-9.12
CC(C)c1ccc(C(=O)OCC(=O)Nc2ccc(F)cc2)cc1,0.8551,1.6057,-5.88,-8.96
CCOC(=O)C1(C)CCN(C(=O)NCC(C)(C)c2cccc(OC)c2)CC1,0.7734,2.4854,-5.81,-8.45
Cc1nc(C(=O)NC2CC(C)(C)[NH2+]C(C)(C)C2)ccc1C#N,0.8629,3.5125,-5.73,-8.02
C=CCOCC1CCN(C(=O)c2ccccc2SC)CC1,0.4578,2.2769,-5.56,-7.24
O=S(=O)(Nc1ccc(Br)cn1)c1cccc2cccnc12,0.7749,2.1157,-6.21,-8.42
CC1([C@H]([NH3+])Cc2c(F)cccc2Cl)CCCC1,0.8602,3.4736,-5.54,-7.25
NS(=O)(=O)c1ccc(NC(=O)[C@@H]2CC(=O)N(c3ccccc3)C2)cc1,0.8578,2.3063,-6.29,-8.57
Cc1n[nH]c(C)c1NC(=O)N[C@@H](C)c1ccc(-c2ccc(F)cc2)cc1,0.636,2.5343,-6.43,-9.02
CCCOc1cc(C)ccc1NC(=O)NC,0.8221,1.824,-5.1,-6.28
N#CCCN(Cc1cccnc1)C(=O)c1ccc(Cl)c(Cl)c1,0.832,2.1168,-5.83,-7.69
CC(=O)N[C@@H]1C[C@H](CC(C)C)O[C@H](c2c[nH]nc2C2CCCCC2)C1,0.8375,4.0139,-6.11,-8.12
CC(C)Oc1ccc([C@H](C)[NH2+][C@H](CO)c2ccc(Cl)cc2)cc1,0.8139,3.5892,-5.72,-8.21
COc1ccc2[nH]cc([C@@H](C)NC[C@](C)(O)c3ccc(F)cc3F)c2c1,0.6224,3.2122,-6.2,-8.97
CC(C)C[C@H](CNc1cccc(F)c1C#N)CC(=O)[O-],0.8257,3.3065,-5.39,-6.71
Cc1ccc(C(=O)c2ccc(C[NH+]3CCC3)cc2)cc1C,0.8529,2.9381,-5.91,-8.29
CC[NH2+][C@H](c1cccc(OC)c1)c1cc(C)c(Br)s1,0.885,3.8506,-5.63,-7.83
CCC(CC)[C@@H](NC(=O)N1CCSCC1)c1cccs1,0.8916,3.1045,-5.53,-7.42
CC(C)OCCS(=O)(=O)N1[C@H](C[NH3+])CCC[C@H]1C,0.7559,4.0978,-5.41,-7.27
O=C(NC[C@H]1CC[NH+](C2CC2)C1)N[C@@H](c1cccc(C(F)(F)F)c1)C1CC1,0.6957,4.3828,-5.94,-8.7
COc1cccc(CC(=O)N2CCc3ccc(N)cc32)c1,0.8795,2.0022,-6.07,-8.55
C[C@H](OCCCNC(=O)Nc1cccc2c1OCCO2)c1ccccc1,0.7416,2.6771,-6.14,-8.71
CC[NH+]1CCC(NC(=O)[C@@H](C)Oc2ccc(C)cc2C)CC1,0.8598,3.7072,-5.76,-7.72
C[NH+](CC(=O)NCc1ccc(C(C)(C)C)cc1)[C@H]1CCSC1,0.864,3.991,-5.76,-7.38
CC[C@@H]1C(=O)NC(=O)C[C@]1(C)Cc1ccccc1OC,0.8579,3.3772,-5.79,-7.82
O=C(NNC(=O)c1cc2ccccc2o1)C(=O)NC1CC1,0.5519,2.1541,-6.08,-8.35
O=C1NC2(CCC3(CC2)NC(=O)N([C@H]2CCS(=O)(=O)C2)N3)NN1c1ccccc1,0.5495,4.723,-6.13,-8.43
CCOC(=O)c1cnn2c(C(=O)N3CCc4cc(C)ccc43)ccnc12,0.6781,2.4585,-5.97,-8.4
C[C@@H](c1ccc(F)c(F)c1)[S@](=O)CCCCC#N,0.7433,3.5282,-5.26,-7.0
CNC(=O)/C(=C\c1ccc(Cl)cc1)NC(=O)c1ccco1,0.8523,2.173,-5.77,-8.18
Cc1cc(C)cc(CCNC(=O)c2cnc3sc(C)cn3c2=O)c1,0.7934,2.4399,-6.13,-9.09
CS(=O)(=O)CCNC(=O)c1ccncc1C#CCCO,0.7201,2.5663,-5.38,-7.26
C[C@@H](NC(=O)/C(C#N)=C\c1ccco1)c1ccc(Br)cc1,0.6766,2.7208,-5.79,-8.02
c1ccc2c(c1)CCSC[C@@H]2[NH2+]CCCOC1CCOCC1,0.8154,3.9027,-5.72,-7.53
O=C(C[NH+]1CCC(=Cc2ccccc2)CC1)NCC(=O)c1ccccc1,0.7809,3.1962,-6.16,-8.78
C[C@H]1CN(CCCNC(=O)Nc2cc(C#N)ccc2Cl)C[C@H](C)O1,0.8004,2.9903,-5.8,-7.45
CC/C=C(/C)C(=O)N1CSC[C@@H]1C(=O)Nc1ccc2c(C)n[nH]c2c1,0.8236,3.358,-5.85,-8.32
CCNC(=O)CS(=O)(=O)c1ccc(C(C)C)cc1,0.8849,1.9425,-5.29,-6.89
CCCOc1cccc(/C=C2\N=C(c3cccc(F)c3)OC2=O)c1,0.6174,2.1933,-5.96,-8.68
C[C@H]1CN(C(=O)CNC(=O)Cc2cccc(F)c2)C(C)(C)CO1,0.914,2.9697,-5.96,-8.62
Cc1cccc(OC[C@@H](C)NC(=O)c2ccccc2Cn2cncn2)c1,0.7113,2.6072,-5.58,-9.09
COC(=O)c1cccc(CC(=O)N(C)c2ncccc2OC)c1,0.7904,2.1821,-5.75,-8.32
C[C@@H]1CC[C@@H](CO)C[NH+]1Cc1cnc(-c2cccs2)s1,0.9069,4.6724,-5.68,-7.11
O=C(C[C@@H]1CCS(=O)(=O)C1)OCc1nccn1Cc1ccccc1,0.744,2.8232,-5.89,-8.15
CCOC(=O)[C@H](C)NC(=O)c1noc2c1COc1ccc(C)cc1-2,0.8646,2.9378,-5.92,-8.5
CC(C)NC(=O)[C@@H]1CCCC[C@@H]1C(=O)[O-],0.7193,3.3916,-5.26,-6.1
CC(C)C[C@@H](C[NH3+])c1nc(C2CCOCC2)no1,0.8599,3.7723,-5.3,-6.69
CC1(C)CC(N(Cc2ccccn2)Cc2ccc(Br)o2)CC(C)(C)[NH2+]1,0.8219,3.4602,-6.0,-7.65
N#C/C(=C\C=C\c1ccc(C#N)cc1)C(=O)c1ccc(F)c(Cl)c1,0.3517,2.5015,-5.96,-8.65
CC1CCC(NC(=O)C(=O)Nc2ccc3nc(C(C)C)sc3c2)CC1,0.8122,2.3298,-6.02,-8.74
C[C@@H](c1ccco1)N(C(=O)NCCCc1cccc(F)c1)C1CC1,0.77,2.8139,-5.96,-8.19
C[C@@H](CC1CCOCC1)N[C@H](c1ccc(F)cc1)C(F)(F)F,0.8204,3.2062,-5.74,-7.05
O=C([O-])C1CCN(c2ccnnc2)CC1,0.6486,2.9307,-5.39,-6.03
COC(=O)[C@@H]1CCN(C(=O)C[C@@H](C)Cc2cccc(F)c2)c2ccccc21,0.7461,3.0757,-6.24,-9.14
CCN(CC)C(=O)CCSc1nnc(-c2ccc3ccccc3c2)o1,0.5933,2.2386,-5.88,-8.8
CC(C)Cc1noc(CNc2ccc(C(F)(F)F)cc2Cl)n1,0.8716,2.3733,-5.65,-8.41
Cc1cccc(CN2CCOC[C@H]2C#N)c1C,0.7796,3.0016,-5.35,-6.87
COc1cccc(-c2nnn(CC(=O)N3CCCC3)n2)c1,0.8375,2.0534,-5.85,-7.98
CC[C@@H](NC(=O)Nc1cc(OC)c(OC)cc1F)c1cc(F)ccc1F,0.7948,2.6078,-6.06,-8.82
CCNS(=O)(=O)[C@@H]1CCN(c2ncc([N+](=O)[O-])cc2C)C1,0.6368,3.2245,-5.76,-7.87
CCOc1nc2cc(C#N)ccc2n1C(C)C,0.8127,2.4889,-5.5,-6.96
O=C(NCCc1ccccc1F)C(=O)Nc1cccnc1Cl,0.6695,1.9997,-6.02,-8.43
O=S(=O)(CCC1CC1)NC[C@@H]1COc2ccccc2O1,0.8649,2.8185,-5.6,-7.74
CC(C)(C)[C@H]1NN[C@H](NC(=O)NCC2=CC=C[C@H]3N=CC=C23)S1,0.6334,5.1771,-5.86,-7.65
CCNC(=O)[C@H](C)NC(=O)c1cc(-c2ccc(Cl)cc2)on1,0.8843,2.4899,-5.68,-8.04
CC(C)CC(=O)N1CCc2nc(NC(=O)[C@@H]3CCCO3)sc2C1,0.9141,2.9773,-5.8,-7.85
C=C(C)CO/N=C(/N)Cc1ccccc1,0.3453,2.367,-5.06,-6.53
O=C(N[C@@H]1CCCOc2ccccc21)N1CC[C@@H](Nc2ccccc2)C1,0.8844,2.8541,-6.29,-8.93
CCn1nc(C)c(NC(=O)N[C@@H]2CCCCc3ccccc32)c1C,0.834,2.6422,-6.43,-8.81
COc1ccc2c(c1OC)C(=O)O[C@H]2NNC(=O)[C@@H]1C=CN=N1,0.6147,4.1717,-5.51,-7.18
O=C(NCc1ccco1)C(=O)Nc1cc(Cl)ccc1Cl,0.856,1.9504,-5.78,-8.54
CCOc1ccc(Cl)cc1/C=C1/NC(=O)N(CC(=O)Nc2ccccc2)C1=O,0.5761,2.1682,-6.26,-8.81
C[C@@H]([NH2+][C@@H]1C[C@@H]2CCCc3cccc1c32)c1ccc(F)cn1,0.9241,4.2611,-6.11,-8.23
CN(CC[NH+](C)C)C(=O)c1ccc(NC(N)=O)cc1,0.664,2.991,-5.39,-7.15
CC(C)(O)[C@H]1CC[C@@]2(C)CCC[C@@](C)(O)[C@@H]2C1,0.7391,4.0628,-5.49,-7.33
N#Cc1cccc(C(=O)N[C@H](CC(F)(F)F)c2ccc(F)cc2)c1,0.854,2.5879,-6.15,-8.55
OC[C@H]1CN(c2nnc(Br)s2)CCO1,0.8545,3.3081,-5.15,-6.79
CCNC(=O)C1CC[NH+](Cc2cc(Br)ccc2OC)CC1,0.8375,3.4126,-5.52,-7.75
CCOC(=O)N1CCC([NH2+]CCc2cccc(C(N)=O)c2)CC1,0.8003,3.0669,-5.82,-8.26
COc1cccc2c1CC[C@@H]2[NH2+]C[C@@H](C)[S@](C)=O,0.866,4.5737,-5.54,-7.05
C[C@@]1(C(=O)N[C@@H]2CONC2=O)COC[C@@H]1[NH3+],0.4756,5.0163,-5.32,-6.41
CC[C@H](NC(=O)c1ccc2c(c1)CCCC2)c1c(C)nn(C)c1C,0.9293,2.7704,-6.32,-8.66
N#CCN(C(=O)COC(=O)CC12CC3CC(CC(C3)C1)C2)c1ccccc1,0.5686,3.6816,-5.84,-7.69
COC(=O)CN(Cc1ccc(F)c(F)c1)C1CCN(C(N)=O)CC1,0.8234,2.3354,-5.79,-7.48
CN(C)c1ncccc1N(C)C(=O)[C@H]1C[C@H]1c1ccc(Cl)c(Cl)c1,0.8151,3.2816,-6.09,-8.17
Cc1cc(C)c(O)c(NC(=O)[C@@H]2[C@@H]([NH3+])[C@H]3CC[C@@H]2C3)c1,0.717,4.7137,-5.79,-8.27
COCCN1C[C@H](C(=O)N[C@H](C)C23CC4CC(CC(C4)C2)C3)CC1=O,0.8005,4.413,-5.75,-8.37
NC(=O)c1cccc(NC(=O)c2cc3cc(F)ccc3s2)c1,0.7775,1.9797,-6.05,-9.62
Cc1cccc2c(N3CCCN(S(C)(=O)=O)CC3)c(C#N)cnc12,0.8313,2.4258,-6.08,-8.34
COc1ccc(C(C)C)cc1S(=O)(=O)n1ccnc1C(C)C,0.8465,2.3785,-5.71,-8.1
Cc1cc(C)n(C[C@@H]2CCCN2C(=O)c2c(C)nn3cccnc23)n1,0.7338,3.1197,-6.21,-8.3
O=C(Nc1cc([N+](=O)[O-])ccc1O)c1ccnc(-n2cncn2)c1,0.4212,2.3521,-6.24,-9.24
O=C([C@H]1CCCO1)N1CCN(C(=S)NCc2ccc(F)cc2)CC1,0.8369,2.6149,-5.87,-8.34
Cc1cn2c([nH+]1)CC[C@@H](NC(=O)COCCc1ccccc1)C2,0.8172,3.6346,-5.94,-8.66
O=C(Nc1ccccc1OCC(F)(F)F)c1c[nH]c2cccc(F)c12,0.6795,2.2322,-6.48,-8.61
O=C(NCc1ccccc1F)c1ccc(F)cc1,0.8873,1.4429,-5.8,-8.18
O=C(NC[C@@H]1CC2c3ccccc3C1c1ccccc12)[C@H]1CC(=O)N(Cc2ccco2)C1,0.6698,3.9692,-6.61,-9.4
COc1ccccc1C(=O)Nc1cc(C)c(Br)cn1,0.9424,1.9147,-5.81,-8.04
Cc1cccc(OCCCNC(=O)c2ccc(S(C)(=O)=O)cc2)c1,0.7816,1.7536,-5.9,-8.98
N#Cc1c(N)nc2c(c1-c1ccc(OCCn3cc[nH+]c3)cc1)COCC2,0.7478,3.5276,-6.11,-8.41
N#Cc1cccnc1NCC1(CN2CCOCC2)CCCCC1,0.9051,2.6218,-5.54,-7.86
Cc1n[nH]c(SCC(=O)Nc2ccc(C)c(F)c2)n1,0.843,2.4239,-5.26,-7.75
Cc1nnc(S[C@@H](C(N)=O)c2ccccc2)n1N,0.6219,2.7326,-5.68,-7.31
COc1ccc(-c2nn(C[NH+]3CCc4cc(OC)c(OC)cc4C3)c(=S)[nH]2)cc1,0.607,3.9325,-6.15,-8.37
O=C(c1cnn(-c2ccccc2)c1)N(Cc1cccs1)C[C@H]1CCCO1,0.6665,2.7593,-6.04,-8.03
CNC(=O)CSc1ncnc2sc(C)c(C)c12,0.6836,2.3834,-5.48,-7.11
CC(C)COCCC(=O)Nn1cnc2sc3c(c2c1=O)CCCC3,0.8133,2.6786,-6.01,-8.05
Cc1cccc(CN(C(=O)Cn2c(=O)oc3ccccc32)C2CC2)c1,0.7193,2.1679,-6.4,-8.16
CC[C@H]([NH2+][C@@H](C)Cn1c[nH+]c(C)c1C)c1cc(F)ccc1F,0.8499,4.9602,-5.71,-8.24
O=C(Nc1ccc(F)cc1F)Oc1ccc2ccccc2c1,0.7426,1.7959,-6.27,-9.55
O=C1C[C@@H](C(=O)Nc2ccc3[nH]ccc3c2)c2ccccc2N1,0.6798,2.6991,-6.54,-9.5
CCOC(=O)C[C@@H](C)Sc1snc(Cl)c1C#N,0.6157,3.523,-5.2,-6.77
O=C(NCc1nnc2n1CCN(C(=O)c1c(F)cccc1Cl)CC2)[C@@H]1CCOC1,0.8061,3.0185,-6.42,-8.56
COC(=O)[C@H]1CN(Cc2ccc(-c3ccccc3OC)cc2)CCO1,0.7828,2.466,-6.01,-8.44
CCn1nc(C)cc1CC(=O)C(C)(C)[NH+](C)C,0.7983,3.6925,-4.74,-6.83
COCCc1noc(C[NH2+][C@@H](C)C(C)(C)C)n1,0.7995,4.0699,-5.15,-6.27
CC[NH+]1CCC[C@@H]1CN(C)c1ccc(CNC(C)C)nn1,0.7672,4.5981,-5.57,-7.11
COC(=O)c1c(C)[nH]c(C(=O)NCc2nc(-c3ccccc3)no2)c1C,0.6809,2.2191,-6.19,-9.05
O=C([C@@H]1CCCN(c2nc3ccccc3cc2CO)C1)N1CCCC1,0.9337,2.6379,-6.21,-9.06
CCCc1cc(NC(=O)C[C@H](C)c2ccccc2C)n(C)n1,0.8813,2.7637,-5.84,-8.62
C[NH+]1CCCN(c2nc3ccccc3c(=O)n2CC(=O)[O-])CC1,0.6995,4.0851,-6.07,-7.78
Cc1cncnc1C1CC[NH2+]CC1,0.6685,4.13,-5.04,-5.72
C[C@@H]1CN(C(=O)N2CCC(CC(=O)[O-])CC2)C[C@@H](C)S1,0.7559,3.822,-5.48,-7.46
C=CCn1c(SCC(=O)N2CCC[C@@H]2c2ccc3c(c2)OCCO3)nnc1-c1ccncc1,0.3898,3.0448,-6.52,-8.75
Cc1cc(C(=O)Nc2ccccc2[C@@H](C)O)sc1Br,0.8828,2.68,-5.77,-7.94
Cc1cccnc1[C@H](NS(=O)(=O)CCC1CC1)C(C)C,0.8414,3.0266,-5.53,-7.75
O=C(Oc1ccccc1)c1ccc(N2CCCC2)c([N+](=O)[O-])c1,0.3742,1.85,-6.06,-8.33
CN1C(=O)C(=Cc2ccc(-c3ccc(N4CCCCC4)c([N+](=O)[O-])c3)o2)C(=O)N(C)C1=O,0.3111,2.6392,-6.55,-8.07
CCC1CCC(NC(=O)N2CCC(NC(=O)c3ccccc3F)CC2)CC1,0.8429,2.1382,-6.04,-8.41
Cc1cc(CCC(N)=O)cc([C@H]2CCC[NH+]2Cc2cccnc2)n1,0.8359,4.3147,-6.04,-8.26
CCOc1ccc([C@@H](C)NC(=O)Cn2ccnc2)cc1OC,0.8511,2.5151,-5.73,-7.94
CC[C@H](NC(=O)COc1ccccc1C#N)c1ccc(Cl)cc1,0.8755,2.375,-5.87,-8.34
C[C@H](NC(=O)c1ccc(C(=O)OC(C)(C)C)cc1)C(=O)N1CCCC[C@@H]1C,0.8216,2.7874,-6.07,-8.33
O=C([O-])CC1CCN(C(=O)NCc2ccccn2)CC1,0.8475,2.5264,-5.58,-7.1
CCCS(=O)(=O)N1CCCc2cc(NS(=O)(=O)CC)ccc21,0.8531,2.4107,-5.83,-7.86
COc1ncccc1C(=O)N[C@H]1CN(S(C)(=O)=O)C[C@@H]1C1CC1,0.8433,3.266,-5.82,-7.65
Cc1[nH]c2ccccc2c1C(=O)N1CCC[C@H](S(N)(=O)=O)C1,0.874,2.8212,-6.23,-8.64
CC(=O)N(C)C1CCN(c2cc[nH+]c3cc(F)ccc23)CC1,0.853,3.3322,-6.18,-8.33
CC(=O)N1N=C(c2ccc(Cl)c(Cl)c2)O[C@@H]1c1ccc([N+](=O)[O-])o1,0.6056,3.2754,-6.04,-8.65
Cc1nc(N2CCN(C3CC3)C(=O)C2)c2cc[nH]c2n1,0.8873,2.6801,-5.9,-7.98
CC[NH+](CC(=O)Nc1cc(F)ccc1N)CC(C)C,0.6716,3.8372,-5.43,-6.92
Nc1cc([O-])nc2nnc(SCC(=O)Nc3nccs3)n12,0.6393,3.1982,-5.75,-8.2
CCCCCN(C(=O)c1nnn[n-]1)C(C)C,0.6702,3.6766,-4.89,-6.11
O=C(c1ccc(S(=O)(=O)NCc2ccco2)cc1)N1CCC[C@@H](c2ccn[nH]2)C1,0.6443,2.9013,-6.44,-8.62
OCC[NH2+]Cc1cccc(-c2ccccc2)c1O,0.6902,2.9821,-5.71,-7.6
O=C(Nc1ccccc1-n1ccnn1)c1nnn[n-]1,0.6807,3.5009,-5.93,-7.24
Cc1cc(CNC(=O)NCC2(c3ccccc3)CC2)no1,0.8867,2.2859,-5.84,-8.25
CC(=O)NC[C@H]1CCCN(C(=O)C(=O)Nc2cc(Cl)ccc2C)C1,0.817,2.5991,-5.82,-8.38
CC[C@@H](CO)NC(=O)N[C@@H](C)c1cnn(-c2ccc(F)cc2)c1C,0.7591,3.0062,-5.86,-8.24
Cc1cc(-n2c(C)cc(C(=O)CN3C(=O)N[C@](C)(c4ccc(Cl)cc4Cl)C3=O)c2C)no1,0.4374,3.1108,-6.49,-8.43
CC[C@H](C)NC(=O)CNc1cc(Cl)cc(Cl)c1,0.8651,2.4115,-5.17,-7.04
Cc1cncc(NC(=O)C(=O)NCCCn2c(C)nc3ccccc32)c1,0.5447,2.2537,-6.12,-8.93
Cn1cc(C(=O)N2CCC(c3csc(N)n3)CC2)cn1,0.9089,2.5393,-5.75,-7.63
CCc1nc(CCNC(=O)N(C)[C@H](C)Cc2cccs2)sc1C,0.8224,3.1423,-5.75,-7.69
N#Cc1ccc(N2CCC(C(=O)NNC(=O)c3cc(-c4cccnc4)nc4ccccc34)CC2)nc1,0.4325,2.4936,-6.76,-9.23
O=C(NCCOc1ncccc1Cl)c1ccccc1C(F)(F)F,0.8437,2.114,-5.99,-7.84
CCc1nn(C)c(CC)c1CN[C@@H]1C[C@H](C)[NH+](C)C[C@@H]1C,0.8474,4.9651,-5.42,-7.48
CC[C@H](C)Sc1nnc(N/N=C(\C)c2cccs2)[nH]1,0.4854,3.6245,-5.38,-7.65
Cc1nn([C@@H]2CCS(=O)(=O)C2)c(C)c1CN(C)C(=O)/C=C/c1cc(Cl)c2c(c1)OCCCO2,0.5932,3.4097,-6.47,-8.86
CCc1c(C)nc(-n2nc(C)cc2C)n(CC(=O)Nc2ccc(C)cc2)c1=O,0.739,2.3649,-6.34,-8.72
CCCc1ccccc1-n1c(CCl)nc2cccnc21,0.6754,2.3007,-5.87,-8.56
CC[NH+](C1CCC([NH3+])CC1)[C@@H]1CCOC2(CCCCC2)C1,0.8103,5.683,-5.14,-7.02
CCC[NH+]1CCN(c2ccccc2C[NH+]2C[C@@H](C)[C@H](C(=O)OC)C2)CC1,0.6791,5.313,-5.86,-8.17
CC(C)OCCCNC(=O)N[C@H]1CCCc2ccc(F)cc21,0.7921,2.6843,-5.83,-8.36
COCCCOC(=O)c1cccc(C2OCCO2)c1,0.5814,2.2305,-5.43,-7.46
N#Cc1cccc(S(=O)(=O)NC[C@H](c2ccco2)[NH+]2CCCC2)c1,0.8117,4.0131,-6.07,-8.48
COc1ccc2cc(C(=O)N3CCCC[C@H]3CC(N)=O)[nH]c2c1,0.9047,2.7127,-6.02,-8.72
CC[NH+](CC)C[C@@H]1CCN(S(=O)(=O)c2cc(C)c(C)s2)C1,0.8537,4.0896,-5.41,-7.71
CCOC(=O)c1c(NC(=O)CC[NH+]2CCC(C)CC2)sc2c1CC[C@H](C)C2,0.7308,3.8941,-5.95,-7.8
C/C(Cl)=C\Cn1c(SCc2ccccc2Cl)nc2c1c(=O)[nH]c(=O)n2C,0.6526,2.6771,-6.13,-8.75
Cc1ccccc1C[C@H](C)NC(=O)N[C@@H]1CC[C@H]([NH+](C)C)C1,0.7541,4.0121,-5.37,-7.94
Cn1cnc2cc(OC(=O)CCc3ccccc3)ccc21,0.5446,1.9882,-5.95,-8.66
Cc1cc(C)cc(C2=CCN(C(=O)CC3CCC3)CC2)c1,0.8172,2.3303,-5.81,-7.16
COCCCn1c(C2CCCCC2)nc2oc3cc(OC)ccc3c(=O)c2c1=O,0.466,2.5961,-6.29,-8.56
Cc1cccc2c1N(C(=O)c1cccc(CN3CCCC3=O)c1)CCC2,0.8483,2.2259,-6.61,-9.18
C[NH2+][C@H](c1cc(OC)cc(OC)c1)c1ccccc1F,0.9076,3.2118,-4.71,-8.06
CS(=O)(=O)[C@H]1CCC[C@H]([C@H](O)C2(c3ccccc3)CC2)C1,0.9302,3.7106,-5.85,-7.99
CCC(=O)N1CCc2cc(C(=O)N[C@H](C)c3cc(C)sc3C)ccc21,0.8943,2.7566,-6.3,-8.49
CCOC(=O)c1cccc(NC[C@@H]2CCO[C@@H]2C(C)(C)C)n1,0.847,3.3919,-5.63,-7.98
C[C@@H]1C[C@@H](C)C[NH+](C[C@@H](C)NC(=O)C(=O)Nc2c(F)cc(F)cc2F)C1,0.6937,4.4608,-5.91,-8.21
CC[NH+]1CC[C@@H](N(C)CC(=O)Nc2ccc(OC)cc2)[C@H](C)C1,0.8179,4.1006,-5.67,-7.97
CCCc1cc(C(=O)Nc2cccc(CN(C)C(C)=O)c2)[nH]n1,0.86,2.3614,-5.77,-8.68
NC(=O)NC(=O)CCSc1ccccc1N,0.5378,2.1424,-5.24,-6.5
O=C(NCc1ccc2c(c1)OCCCO2)N1CCN(Cc2ccncc2)CC1,0.8788,2.1979,-6.17,-8.71
O=C(NCCc1csc(-c2cccs2)n1)c1ccccc1,0.7771,1.9557,-5.86,-8.51
CCC[C@H]1CN(C(=O)[C@H](C)CC2CCCC2)CCO1,0.7651,3.1926,-5.48,-6.99
Cc1ccc(NC(=O)C[C@@H]2Sc3ccc(Cl)cc3NC2=O)c(C)c1,0.8525,2.6152,-5.86,-8.56
O=C(OCn1ncc(Cl)c(Cl)c1=O)c1c(F)cccc1Cl,0.7971,2.4195,-6.21,-8.18
Cc1ccc(O)c(C(=O)N2C[C@H](O)C[C@H]2c2cccc(C(F)(F)F)c2)c1,0.8538,3.0509,-6.02,-9.33
CCOC(=O)c1ccc2c(c1)s/c(=N\C(=O)c1ccco1)n2CC(=O)OC,0.6223,2.4546,-6.13,-8.78
CCCOc1ccc([C@H](O)[C@@](C)(CC)C[NH3+])cc1,0.7811,3.5778,-5.31,-6.84
CCOCCN(C)C(=O)C(C)(C)CC,0.6144,2.4299,-4.9,-5.95
O=C(Nc1ccc(Oc2ccccc2)cc1)c1ccccc1S[C@@H]1CCS(=O)(=O)C1,0.5845,2.6307,-6.53,-8.61
COc1ccc(C(=O)/N=C2\S[C@@H]3CS(=O)(=O)C[C@@H]3N2c2ccc3c(c2)OCCO3)cc1,0.6892,3.3572,-6.21,-8.27
COC[C@@H]([NH2+]Cc1csc(Br)c1)c1ccc(F)c(F)c1,0.838,3.9003,-5.71,-7.7
COc1cccc(F)c1[C@H]([NH3+])c1ccc(Br)o1,0.9468,3.4158,-5.56,-7.41
Cn1cnc2cc(C(=O)N3CCC[C@@H](c4ncc[nH]4)C3)ccc2c1=O,0.7709,2.9528,-6.31,-8.66
C[C@H]1C[C@H]1C(=O)Nc1cccc(C(=O)NC2CC2)c1,0.8692,2.4736,-5.57,-7.89
CN(C)[C@H]1CCC[NH+](C[C@@H]2C[C@@H]2c2ccccc2)C1,0.8587,4.5857,-5.54,-6.97
CCC[C@@H](CC)Nc1c(F)c(F)nc(F)c1F,0.6373,3.2425,-5.17,-6.58
CS(=O)(=O)c1ccc(Cl)nn1,0.6516,2.4479,-5.04,-5.83
CC(C)[C@H](NC(=O)c1cc(-c2ccccc2)nc2ccccc12)c1nnc2ccccn12,0.4299,2.7328,-6.76,-9.82
COc1ccc(/C=C(/C)C[NH2+]C2CCC(Oc3ccc(C#N)cn3)CC2)cc1,0.8022,3.2953,-5.87,-8.18
Cn1ncnc1/N=C(\[O-])N1CCCC[C@H]1CN1CCCC1=O,0.5618,3.8389,-5.84,-7.24
CC[C@@H](CCO)NC(=O)N[C@H]1CCC[NH+](C2CCCCC2)C1,0.5868,4.6191,-5.56,-7.84
CCn1nc(C)c(Br)c1CN1C[C@H]2C[NH2+]CCN2C1=O,0.85,4.3179,-5.66,-7.49
CCCc1nn(C)c2c1NCC1(CCC(C)CC1)N2,0.86,3.925,-5.52,-7.29
C[C@H](NC(=O)C[NH+](C)[C@@H]1CCC[C@@H](C)C1)C(=O)N(C)C,0.7265,4.6219,-5.57,-7.77
CC[NH+]1CCC[C@@H]1CN(C)C[C@@](C)(C#N)NC(C)C,0.6956,5.1819,-5.48,-7.27
CCC1CCC(NC(=O)[C@H]2CCCCC[C@@H]2[NH3+])CC1,0.7572,3.5356,-5.71,-7.59
C[C@@H](CCCO)Nc1ccc(S(N)(=O)=O)cc1,0.7067,2.4488,-5.34,-6.4
Cc1ccc(CNC(=O)NNc2cccc(F)c2F)cc1F,0.7595,2.1505,-5.64,-8.96
Cn1cc(/C=C2\SC(=S)N(c3cccc(C(=O)[O-])c3)C2=O)c2ccccc21,0.5057,2.6978,-6.43,-8.42
COc1ccc(CN2C(=O)c3oc4ccc(C)cc4c(=O)c3[C@@H]2c2ccc(OCC(N)=O)cc2)cc1,0.4279,2.8016,-6.15,-7.96
COc1ccc(NC(=O)Cn2c(Cl)nc3ccccc32)cc1,0.8031,1.8553,-6.07,-8.77
C[C@H](Cc1ccsc1)NC(=O)C(=O)Nc1cnc(-c2ccccc2)s1,0.6739,2.9736,-6.18,-8.77
N#Cc1ccccc1N1CCCN(C(=O)[C@H]2CCCN2C(=O)C23CC4CC(CC(C4)C2)C3)CC1,0.6881,4.1418,-6.27,-8.32
Cc1cc([C@](C)(O)CNC(=O)CNC(=O)c2cccs2)c(C)o1,0.7488,3.0935,-5.85,-8.04
Cc1nn(CCCc2ccccc2)c(C)c1S(=O)(=O)N1CCCCC1,0.7931,2.09,-6.15,-8.53
C[NH+]([C@@H]1CCOC2(CCCC2)C1)C(C)(C)C(=O)[O-],0.741,5.3574,-5.36,-6.83
C1CO[C@H](CSc2nnc(N3CCOCC3)s2)C1,0.7848,2.9161,-5.32,-6.91
CCC[C@@H]1NC(=O)[C@H]2Cc3ccccc3CN2C1=O,0.8673,3.0569,-5.78,-7.04
Cc1ccc(N2CCOC2=O)cc1NCc1cn2ccccc2[nH+]1,0.8028,3.4218,-6.36,-8.92
Cn1cc(C(=O)N/N=C\c2cccc(O)c2)ccc1=O,0.641,2.2066,-5.95,-8.52
CCc1nn(C)c2c1nc(N)n2[C@H](C)c1ccccc1,0.7944,3.1274,-6.03,-8.08
CNC(=O)c1ccc(C)c(NC(=O)c2cc3ccccc3[nH]2)c1,0.6954,1.8992,-6.26,-9.54
CCc1ncc(C(=O)N2CCCCC2)c(-c2ccc(OC)cc2)n1,0.8649,2.1085,-5.91,-8.4
CCOC(=O)[C@@]1(NC)CCC[C@@H]([NH+]2C[C@@H](C)C[C@@H](C)C2)C1,0.7613,5.2016,-5.64,-7.77
CC(=O)c1cc(-c2[nH]cnc2-c2ccccc2)cs1,0.7295,2.483,-5.93,-8.05
Cc1noc(CNCc2c[nH+]cn2C2CC2)n1,0.8229,3.7658,-5.46,-7.58
Cn1ccnc1[C@@H](NC(=O)c1cnn(Cc2ccccc2Cl)c1)c1ccc(Cl)cc1,0.4806,2.766,-6.67,-8.4
COCC(=O)N1CCN(C(=O)NC[C@@H](c2ccco2)[NH+](C)C)CC1,0.6943,3.614,-5.66,-7.56
COC[C@@H](C)OC(=O)/C(C#N)=C\c1ccsc1,0.4572,3.1544,-5.16,-6.31
COc1ccc(Br)cc1[C@@H]1CC(=O)N2CN(c3ccc(Cl)cc3)CSC2=C1C#N,0.5819,3.1271,-6.1,-7.88
CCOc1ccc(CNc2ccc3c(c2)CCN3C(C)=O)cc1OC,0.8726,2.028,-5.95,-8.53
O=C1NC(=O)N(c2ccccc2)C(=O)/C1=C/NC(CO)(CO)CO,0.3134,2.6836,-5.91,-8.21
CCCn1nccc1[C@]1(C)CCC[NH2+]1,0.7608,4.5834,-4.92,-6.39
Cc1cn2c(CN(C)C(=O)C[C@@H](C)n3cccc3)c(C)nc2s1,0.7192,3.5125,-5.91,-8.69
CON/C=C/C(=O)Nc1ccc(F)cc1,0.5835,2.3689,-5.06,-6.0
CC(C)C[C@H](CNC(=O)N1CC[C@@H](C)[C@@H](O)C1)N1CCOCC1,0.7949,3.4934,-5.6,-8.03
Cc1cc2nc(-c3cccc(NC(=O)C(C)C)c3)oc2cc1C,0.7623,2.0343,-6.33,-9.67
ON=C1C[C@H]2CC3(C[C@@H](C1)c1ccccc12)OCCO3,0.5837,4.9096,-5.72,-7.57
O=C(NCCCN1CCOCC1)N[C@H]1CCc2ccccc21,0.8141,2.5088,-5.91,-8.02
CN(C)c1cc(CNC(=O)NCc2ccco2)c2ccccc2[nH+]1,0.756,3.1978,-6.23,-9.15
CC[C@H](C)[C@@H](C)NC(=O)C(=O)Nc1ccc([S@](C)=O)c(F)c1,0.8125,3.4665,-5.82,-8.25
CC(C)C(=O)N1CCC[C@H]1C(=O)[C@H](C#N)c1ccc(F)cn1,0.8529,3.4302,-5.4,-6.64
C[C@](O)(CNC(=O)/C=C/c1ccc2c(c1)OCCO2)c1ccc(F)cc1,0.8076,2.816,-6.14,-8.87
CCOc1ccc2nc(N(Cc3ccccn3)C(=O)[C@H]3CC(=O)N(c4ccccc4)C3)sc2c1,0.3905,2.8441,-6.46,-8.25
CO[C@@H]1CCCN(C(=O)Nc2nn(-c3ccccc3Cl)cc2C)C1,0.9234,2.9263,-6.16,-8.39
C[C@H](CNC(=O)N1CCCN(CC(F)F)CC1)c1ccsc1,0.9005,2.9944,-5.75,-7.77
CC(=O)N[C@H]1CCCN(C(=O)CCCC2CCCC2)C1,0.8408,2.5618,-5.6,-7.55
Cc1cnc(C(=O)N[C@H](C)c2ccc(NC(=O)c3ccncc3)cc2)cn1,0.7282,2.5278,-6.26,-8.98
C#CCOc1ccc(F)cc1NCc1noc(-c2ccc(OC)cc2)n1,0.6557,2.3653,-5.99,-8.74
COc1ccc(-c2cc(CNC(=O)c3cccn(C)c3=O)no2)cc1,0.768,2.1808,-6.17,-8.71
C1C[C@H]2CO[C@@H](c3nc4c(s3)C[NH2+]CC4)CN2C1,0.7947,4.7405,-5.41,-7.19
CC(=O)C[C@H]1CCCCC[NH+]1C1C[C@H](C)C[C@@H](C)C1,0.833,5.0253,-5.06,-7.81
CCOc1ccccc1C[NH+](CC)CC1CC[NH2+]CC1,0.7458,4.7354,-5.47,-7.12
Cc1nn(-c2ccccc2)c(C)c1CNc1ncccc1F,0.7991,2.1147,-6.02,-8.33
CN(C)S(=O)(=O)c1cc(NC(=O)COC(=O)[C@@H]2CS[C@]3(C)CCC(=O)N23)ccc1Cl,0.6204,3.3514,-6.08,-7.74
CCNC(=O)C[NH+](CC)Cc1cn2cc(C)ccc2[nH+]1,0.7412,5.0537,-5.63,-7.71
COc1ccc(NC(=O)N(C)C2CCCCC2)cc1C,0.912,1.9403,-5.7,-7.76
C[C@H]1CCCC[C@H]1NS(=O)(=O)c1ccc2[nH]c(=O)ccc2c1,0.9111,2.9076,-6.09,-8.9
C[C@@H](NC(=O)N1CCSC2(CCCCC2)C1)c1nc2ccccc2[nH]1,0.85,3.7379,-6.22,-9.17
CCCC1=C(C(=O)OCC)[C@H](c2ccc([N+](=O)[O-])cc2)NC(=O)N1C,0.4842,2.8782,-5.87,-7.16
Cc1c(C(=O)N2CCCC[C@@H]2c2nnc3n2CCCC3)cnn1C(C)C,0.8474,3.1449,-6.19,-8.2
COc1cc(C[C@H](C)[NH3+])c(OC)cc1I,0.8538,3.4443,-5.23,-6.65
COc1cccc(C(=O)/C=C2\Nc3ccc(C(=O)Nc4ccc(C)c(C)c4)cc3NC2=O)c1,0.3941,2.4036,-6.6,-9.41
C[NH+](C)[C@@H](CNC(=O)C1CC1)c1ccc2c(c1)OCO2,0.8041,3.589,-5.02,-7.84
O=C(Nc1nnc(-c2ccc(Cl)cc2)o1)c1ccc([N+](=O)[O-])s1,0.5679,2.3322,-6.13,-8.93
C[C@@H]1[NH2+][C@H](C)CC[C@@H]1NS(=O)(=O)N1CCCC1,0.7145,4.4646,-5.51,-7.45
C[C@@H](NC(=O)N1CCC[C@H](CC(N)=O)C1)c1ccc(Cl)s1,0.8908,3.1142,-5.69,-7.76
O=C([O-])[C@@H]1CN(C(=O)Cc2csc3[n+]2CCCN3)C[C@H]1c1ccccc1,0.789,4.2034,-6.04,-8.06
COC(=O)CN1C(=O)N[C@](C)(c2ccccc2Br)C1=O,0.6659,2.6355,-5.71,-7.39
CNC(=O)NCC(=O)Nc1ncc(Cc2cccc(F)c2)s1,0.7839,2.2319,-5.87,-8.53
O=C(Nc1cccc(NC(=O)N2CC[C@@H](CCO)C2)c1)c1ccoc1,0.7778,2.692,-5.95,-9.01
O=C(c1cnc2nc([O-])[nH]c(=O)c2c1)N1CCC(OCc2ccc(F)cc2)CC1,0.7115,2.8247,-6.44,-9.11
O=C1OCC[C@H]1Sc1nc2ccccc2c(=O)n1Cc1ccco1,0.5355,2.8476,-6.09,-8.73
COc1cc([C@H](O)CO)ccc1O,0.6366,2.4414,-5.03,-5.81
Cn1cc(C(=O)Nc2ccccc2OC2CCCC2)ccc1=O,0.9439,2.0766,-6.08,-8.47
COc1ccc2c(c1)O[C@@](O)(C(F)(F)F)CC2=O,0.8395,3.0801,-5.86,-7.21
COc1ccc(N2C[C@@H](C(=O)NCc3cn(-c4ccccc4)nc3-c3ccncc3)CC2=O)cc1,0.4486,2.7652,-6.68,-8.63
Cc1ccc(-n2nnnc2SCC(=O)N[C@H](C)c2ccco2)cc1,0.6923,2.6293,-5.77,-8.24
CS(=O)(=O)Nc1cccc(C(=O)Nc2ccc(F)cc2)c1,0.9107,1.6238,-5.96,-8.83
CC(C)OCCS(=O)(=O)N1CC(N2CC[NH2+]CC2)C1,0.634,3.7965,-5.33,-7.3
CCC[NH2+][C@H](COC)[C@H]1CCCc2ccccc21,0.8194,4.0333,-5.35,-7.33
CNS(=O)(=O)c1ccc(NC(=O)CSc2ccccc2)cc1,0.794,1.7569,-5.81,-7.77
CN(Cc1cccs1)C(=O)CCCC[C@H]1CCSS1,0.5486,3.1332,-5.39,-7.13
CN1CCO[C@H](CN2C[C@H]3C[NH2+]C[C@H]3C2(C)C)C1,0.7016,5.0017,-5.39,-6.63
COc1ccc(CN(C)C(=O)c2sc(C)cc2OC)cc1C,0.8441,2.2256,-5.6,-7.21
O=C([O-])COCCNC(=O)c1cnn(-c2ccccc2)c1,0.6842,2.4913,-5.56,-7.64
COC(=O)c1cc(Cl)c2c(c1)C[C@@H](CNC(=O)C1CC1)O2,0.8636,2.7211,-5.58,-8.2
CC[NH2+][C@H](C)c1ccc(O[C@@H](C)C(N)=O)cc1,0.7597,3.7584,-5.27,-6.53
Cn1c(-c2ccc(NC(=O)CCCn3ccnn3)cc2)nc2ccccc21,0.5725,2.2541,-6.38,-8.64
N#Cc1ccccc1-c1ccc(CNC(=O)[C@H]2COc3ccccc32)cc1,0.7697,2.5931,-6.57,-9.47
C[C@H]1CN(C(=O)CCSc2ccccc2)C(C)(C)CO1,0.7985,2.998,-5.57,-7.75
CC1(C)CN(C(=O)c2ccc(NC(=O)c3ccccc3)cc2)CCO1,0.9349,1.9172,-6.23,-9.17
O=C1CS[C@@]2(C(=O)Nc3ccccc32)N1c1ccc(OC(F)(F)F)cc1,0.8669,3.4795,-6.17,-8.05
O=C(NCc1ccc2c(c1)OCO2)[C@@H]1COc2ccccc2C1,0.9447,2.5326,-6.08,-8.98
COc1nc(Cl)nc(N(CC(=O)[O-])C(C)(C)C)n1,0.7556,3.4086,-5.19,-6.63
O=C(CCC(=O)N1CCN(c2ccccc2F)CC1)c1ccc(Cl)s1,0.7396,2.1058,-6.01,-8.02
NC(=O)c1ccc(C(=O)Nc2ccc(C(=O)N3CCCCCC3)cc2)s1,0.8647,2.0125,-6.11,-8.49
CC(C)COC(=O)N1CCCN(C(=O)CCc2cccc(F)c2)CC1,0.8199,2.0524,-6.02,-8.85
O=C(CCCc1ccccc1)NNC(=O)NCc1ccccn1,0.7128,1.9361,-5.65,-8.18
C[C@H](NC(=O)C[C@@H]1CCCCO1)c1cccc(N)c1,0.8189,2.7902,-5.74,-7.75
O=C(NC[C@@H]1CCCO1)[C@H]1CC(=O)N(c2ccc(OCC(=O)N3CCCC3)cc2)C1,0.7261,2.9416,-6.22,-8.43
Cc1cc2nc(NC3=[NH+][C@H](CC(=O)[O-])C(=O)N3)nc(C)c2cc1C,0.602,4.2498,-6.24,-8.52
Cc1nc(-c2cnn(C)c2)sc1C(=O)NC[C@H]1CCCN(c2ncccn2)C1,0.7106,3.024,-6.22,-8.7
Cc1ccnc(C[C@@H](C)[NH+]2CCC(Oc3ccccc3C(=O)N3CCCCC3)CC2)c1,0.7783,3.6703,-5.71,-8.82
CC(C)(C)CNC(=O)NCC(=O)NCc1ccccc1,0.7656,1.873,-5.57,-7.16
COCC[C@@H](C)C(=O)N(c1ccc(C#N)cc1)C1CC1,0.7998,2.9003,-5.44,-7.25
CCCCNc1ncnc(N)c1[N+](=O)[O-],0.4299,2.329,-4.95,-5.78
C=CCn1c(N)cc(=O)nc1SCC(=O)Nc1ccc(Cl)c(Cl)c1,0.4533,2.4115,-6.21,-8.42
COc1ccc(C(=O)[C@@H](C)Cl)cc1C,0.5691,2.3628,-5.16,-6.16
CCn1c(-c2ccc3c(c2)OCCO3)cnc1SCC(=O)NC1CC1,0.8036,2.3815,-5.91,-8.5
CC[C@H]1SC[C@H](C(=O)[O-])N1C(=O)N1C[C@@H](C)[C@@H](C)C1,0.745,4.4996,-5.41,-7.52
N#Cc1ccccc1NC(=S)NC(=O)/C=C/c1ccc(-c2ccccc2)o1,0.5252,2.2561,-6.39,-8.62
Cc1ccc(N2CCn3c2nnc(C(=O)NCc2ccc4c(c2)OCO4)c3=O)cc1,0.7061,2.4828,-6.5,-8.9
Cn1cccc1[C@@H]1CCCCCN1C(=O)CNC(=O)Cc1ccccc1,0.8986,2.5963,-6.31,-8.75
O=C(Nc1ccc(OC(F)(F)F)cc1)c1cc([O-])n(-c2ccccc2)c(=O)n1,0.7383,2.5598,-6.37,-9.26
Cc1noc(C)c1COc1cccc(C(=O)N[C@@H](C#N)C(C)(C)C)c1,0.8984,2.9808,-5.92,-8.33
Cc1c(CN2CCO[C@H]3CCCC[C@@H]32)cc(C#N)n1C,0.8303,3.5002,-5.63,-7.01
CC1=CC(=O)C(=C(C)C)C[C@H]2[C@@]1(O)CC[C@@]2(C)O,0.6475,4.5558,-5.4,-6.68
CCOCC(=O)NNC(=O)c1cccc(C)n1,0.7323,2.0826,-5.29,-6.45
CC1=C(NC(=O)CSc2nc(-c3cccs3)c(-c3cccs3)[nH]2)[C@H](C)N(C)N1,0.5116,3.6769,-6.21,-8.53
O=C(CCS(=O)(=O)c1ccc(Cl)cc1)Nc1cc(Cl)cc(Cl)c1,0.8174,1.9435,-6.16,-8.89
CCCNC(=O)c1cccc(NC(=S)NC(=O)c2ccccc2C)c1,0.7202,1.8346,-6.12,-8.64
CCOC(=O)Cc1c(C)nc2c(-c3ccccc3)c(C)nn2c1C,0.6903,2.2068,-6.17,-9.21
Cc1ccc(C[NH2+]CCC(=O)[O-])cc1,0.6223,3.7306,-5.03,-6.19
Cc1csc(N(C(=O)/C=C/c2ccccc2)c2ccccc2)n1,0.6451,2.179,-6.19,-7.95
CC[C@@H]1COCCN1C(=O)NC[C@H](C)Oc1ccc(OC)cc1,0.8728,2.9732,-5.72,-7.83
O=C(N/N=C/c1ccccc1F)c1ccn(Cc2ccc(Br)cc2)n1,0.5248,2.1866,-6.16,-8.44
CCCN(C(=O)CN1C(=O)N[C@@]2(CCCc3sccc32)C1=O)[C@H]1CCS(=O)(=O)C1,0.6958,4.0123,-6.1,-7.94
COc1ccc(F)cc1C(=O)NC[C@@H](C)Oc1ccc(F)cc1,0.8888,2.302,-5.92,-8.35
Cc1nnc(NC(=O)CN2CCN(CCn3ccnc3)CC2)s1,0.8179,2.3412,-5.63,-7.83
COc1cccc(N2CCC[C@@H]([NH2+][C@@H](C)c3ccc4[nH]c(=O)[nH]c4c3)C2)c1,0.6467,3.8241,-6.45,-8.61
Cn1c(CCNC(=O)c2ccc(-n3cccc3)nc2)nc2c(F)cccc21,0.593,2.4456,-6.49,-9.29
C[NH+]1CCCC[C@@H]1CCn1c(=O)ccc2ccccc21,0.8986,4.0309,-6.04,-8.09
O=C([C@H]1C[C@H]1c1ccco1)N1CCC[C@@H]1c1ccc(F)cc1,0.8613,3.1632,-5.97,-7.8
C[C@@H](NC(=O)[C@@H]1C[C@@H]1c1ccccc1Br)c1cccnc1,0.9153,3.0639,-6.11,-7.76
Cc1nnc2n1CCC[C@H]2NC(=O)N(C)[C@@H](C)c1cccc(Cl)c1,0.9241,3.3214,-6.1,-8.65
CC[C@@H](C(=O)OCC(=O)Nc1cccc(Cl)c1)c1ccccc1,0.8134,2.2369,-5.88,-9.08
Cc1ccc2oc(C(=O)NCc3ccc(N4CCOCC4)cc3)c(C)c2c1,0.7647,2.0971,-6.4,-9.42
CCC[NH2+][C@H]1CCC[C@@H](Oc2ccccc2OCC)C1,0.8321,3.8255,-5.45,-7.39
Cc1nc(COc2ccc(C(=O)Nc3cccnc3)cc2)cs1,0.777,1.9259,-5.85,-8.92
CCOc1ccc(NC(=O)C(=O)N[C@@H]2CCC[C@@H]2SC)cc1C,0.8115,3.1109,-5.74,-8.12
CC(=O)C1=C([O-])C(=O)N(CCC2=c3ccccc3=[NH+][C@H]2C)[C@H]1c1ccccc1F,0.7282,4.3525,-6.46,-8.76
COC(=O)c1c(C)n(C)c2ccc(OC(=O)/C=C/c3ccncc3)cc12,0.4102,2.3995,-6.18,-8.48
Cc1n[nH]c(C)c1[C@@H]1CCCCCN1C(=O)Nc1nccs1,0.8873,3.0991,-5.84,-7.76
CCn1cc(N2C[C@@H]3CCC[NH+]3C[C@@H]2C(C)C)cn1,0.8725,5.0693,-5.46,-7.01
O=C(NCc1ccc(F)cc1)c1nccnc1C(=O)NCC1(c2ccc(Cl)cc2)CCC1,0.5661,2.4011,-6.44,-8.14
C[C@@H]1CN(C(=O)CCSc2ccccn2)CC[C@@H]1c1ccccc1,0.7643,2.9644,-6.04,-8.28
CCc1ccc(-c2ccc(C(=O)N3CCS(=O)(=O)C[C@H]3C)o2)cc1,0.8561,2.9086,-6.04,-8.6
CCNc1cc[nH+]c(CN2CC[C@H]3CCCC[C@@H]3C2)c1,0.9145,4.0726,-5.57,-7.5
COc1cccc2c1OC[C@@H](NC(=O)C(=O)Nc1ccc(C(C)C)cc1)C2,0.8139,2.6962,-6.16,-8.83
COc1ccc(C=C2C(=O)N(C3CCCCC3)C(=O)N(C3CCCCC3)C2=O)c(OC)c1,0.4962,2.5151,-6.25,-7.52
CCc1ccc(-n2nc(C(=O)N3CCCC[C@@H]3CCO)c3c2CCC3)cc1,0.8821,2.8196,-6.29,-8.65
C[C@H]1CC[C@H](C)N(C(=O)NC[C@@H](C)c2nc(-c3ccccc3)no2)C1,0.9201,3.3145,-6.33,-8.81
C[C@@H]1CN(C(=O)c2ccc(Br)cc2)[C@H](C)CO1,0.7976,2.8032,-5.36,-6.99
C[C@H](Oc1ccc(Br)cc1)C(=O)N1CCN(C(=O)[C@H]2CCCO2)CC1,0.7615,2.8509,-5.84,-7.39
COc1ccc(C2=NO[C@H]([C@@H]3C=C(c4ccc5ccccc5c4)N=N3)N2)cc1,0.7431,3.7781,-6.24,-8.3
O=C(Cn1cnc2c(nnn2-c2ccccc2)c1=O)Nc1ccccc1Oc1ccccc1,0.4358,2.2285,-6.73,-9.21
CCCc1nnc2n1N[C@H](c1ccccc1)[C@H](C(=O)Nc1cc(C)cc(C)c1)S2,0.6617,3.2972,-6.38,-8.73
N#C/C(N)=C(C#N)\N=C\c1ccco1,0.5477,3.2992,-5.06,-5.81
CN(C1CCCCC1)S(=O)(=O)N1CCC[C@H](C(=O)NC2CCCC2)C1,0.8059,2.7834,-5.94,-8.24
CC(C)c1ncc(Cl)c(C(=O)NC[C@H](CCO)c2ccccc2)n1,0.8064,2.8113,-5.95,-8.69
O=C(c1ccc(Cl)cc1)N1CCN(c2cc(-n3ccnc3)ncn2)CC1,0.7091,2.2567,-6.37,-8.34
CC[C@@H](C)[NH+](C)Cc1ccc(/C(N)=N/O)cc1F,0.3139,4.2769,-5.49,-6.53
CSC1=NSC2=NC(=O)/C(=C\c3ccco3)C(=N)N12,0.6337,3.2765,-5.59,-7.04
O=C(NC1CCCC1)C1=NN=C2c3ccccc3OC[C@H]12,0.9009,3.1478,-6.11,-8.05
CCO[C@H](C)c1nc(CN(C)C(=O)[C@@H]2CCCN2C(=O)C2CC2)cs1,0.7451,3.3225,-5.67,-7.09
CCO[C@H](C)C(=O)Cc1cccc(O)c1,0.8038,2.6055,-5.23,-6.12
COc1cccc([C@H](O)CSc2ccccc2OC)c1,0.8261,2.3772,-5.51,-8.06
CCOc1ccc(-c2n[nH]cc2C=O)cc1Cl,0.8491,2.6449,-5.58,-7.44
CCc1cccc2sc(N(C[C@@H]3CCCO3)C(=O)c3ccc(C#N)cc3)nc12,0.6396,2.847,-6.28,-7.83
COC[C@H](NC(=O)c1cnn(Cc2ccccc2)c1C)C(N)=O,0.7753,2.6064,-5.81,-8.06
COc1ccc(-c2csc(NC(=O)CN3CCCCCC3=O)n2)cc1OC,0.8207,2.1299,-6.22,-8.5
COc1cccc(C(=O)N[C@@H]2CCN(c3ccccc3)C2)c1F,0.9434,2.3681,-6.02,-8.59
Cc1csc([C@H](C)NC(=O)c2cccc(NC(=O)C3CCCCC3)c2)n1,0.8149,2.5335,-6.28,-9.22
C[C@@H](NC(=O)c1ccc(NC(=O)c2ccc(Cl)cc2)cc1)c1ccccc1,0.6497,2.0115,-6.52,-9.3
NC(=S)[C@@H]1CN(Cc2ccccc2Cl)CCO1,0.8508,2.7689,-5.53,-6.72
CS(=O)(=O)c1ccc(NC(=O)CCc2nc(-c3cccs3)no2)cc1,0.7086,2.1237,-6.12,-8.58
N#CC1=C([S-])N(c2cccc3ccccc23)[C@@H](c2ccccc2)NC1=O,0.7106,3.2001,-6.46,-7.92
Cc1cs/c(=N\S(=O)(=O)c2cc(C)c(Br)s2)[nH]1,0.9025,3.7137,-5.68,-7.88
O=C(CCc1nc2ccccc2[nH]c1=O)NCc1cccnc1,0.7486,2.0774,-6.12,-8.74
C#CCN(CC(=O)NC(C)(C)C)[C@H]1CCc2ccccc21,0.8618,2.9942,-5.88,-7.82
COc1cc(C)c(SCc2nnc(-c3ccccc3F)o2)cc1OC,0.6037,2.2412,-5.86,-8.65
CC1(C)[C@H]2CC[C@@]3(C)Oc4oc(C(=O)[O-])cc(=O)c4C[C@@H]3[C@]2(C)CC[C@H]1O,0.8048,4.8328,-5.96,-7.8
Cc1nc(S(=O)(=O)NCCC(=O)Nc2cnn(-c3ccccc3)c2)cn1C,0.6322,2.4493,-5.84,-8.87
O=[N+]([O-])c1cccc(CNc2cc(CO)ccc2Cl)c1,0.6544,1.9642,-5.93,-8.14
CCCCN(C)C(=O)C(=O)NCC[NH3+],0.538,3.2006,-4.89,-6.04
CCOc1ccc(OCC(=O)Nn2cnc3c(cnn3-c3ccc(F)cc3)c2=O)cc1,0.4895,2.3597,-6.77,-9.37
CCn1c(SCC(=O)c2cccc(OC)c2)nc2c1c(=O)n(C)c(=O)n2C,0.469,2.316,-6.11,-8.83
COc1cccc(CNC(=O)[C@H]2CCCN(c3nnc(N4CCCC4=O)s3)C2)c1,0.7783,2.8457,-6.4,-8.65
CCOC(=O)[C@@H]1CCC[C@@]12CC[NH2+]C2,0.6486,5.1326,-5.09,-6.39
Cc1cc(C)n([C@@H]2CCCN(C(=O)Cc3ccc4c(c3)CCO4)C2)n1,0.8638,2.8808,-6.26,-8.6
COc1cc(OC)c(C2=CC[NH+](CC(=O)Nc3nc(C)cs3)CC2)c(OC)c1,0.7361,3.8795,-5.83,-8.13
CCCN(CC)c1cc[nH+]c(C(=O)[O-])c1,0.6893,4.1067,-4.96,-5.87
COCc1noc(Cn2c(COc3ccccc3)nc3ccccc32)n1,0.5095,2.1853,-5.81,-9.5
CCCN(CCOC)C(=O)Nc1ccc(S(N)(=O)=O)cc1,0.7896,2.0052,-5.32,-7.29
c1ccc(-n2nnnc2CSC[C@H]2CCCCO2)cc1,0.8464,2.7918,-5.83,-7.9
CC[C@@H](Cc1ccc(C)cc1)N(C)C(=O)Nc1cnn(C[C@@H]2CCCO2)c1,0.8051,3.2092,-6.02,-8.03
CCc1cccc(-n2nc(C)c3c2NC(=O)C[C@H]3C(=O)c2cccc(OC)c2)c1,0.6681,3.0783,-6.36,-8.76
Cc1cccc(C)c1NC(=O)COc1cc2oc(=O)c(C)c(C)c2cc1Cl,0.6609,2.2349,-6.41,-9.26
CC1CCN(C(=O)NCCCOC2CCOCC2)CC1,0.7858,2.2843,-5.55,-8.05
COc1ccc([C@@H]2CN(C(=O)CCC3CCCCC3)C[C@H]2[NH+](C)C)cc1,0.8467,3.6473,-5.98,-8.0
CCN(C[C@H]1CCCO1)C(=O)c1cnc2ccc(C)cn12,0.8665,2.9667,-5.69,-7.6
CC[C@@H]1C(=O)NCC[NH+]1Cc1nc(-c2ccccc2OC)oc1C,0.8565,4.187,-6.06,-8.37
CCOc1ccc(NC(=O)N[C@H]2CCCC[C@H]2C)c(C(F)(F)F)c1,0.8238,2.827,-5.96,-8.3
O=C(NCCCC(=O)N1Cc2ccccc2C1)c1c(F)cccc1F,0.8479,2.0838,-6.26,-8.84
Cc1ccnc(NNC(=O)c2ccc(S(=O)(=O)N(C)C)cc2)c1,0.8066,2.1156,-5.74,-8.48
COc1ccc(Br)cc1SCCCO,0.6625,2.1444,-4.97,-5.95
Cc1ccsc1[C@@H](O)[C@]1(C#N)CCc2ccccc21,0.9065,3.7347,-5.79,-6.81
Cc1ccccc1Cc1nc(CS(=O)(=O)c2ccccc2F)no1,0.7097,2.2775,-6.28,-8.85
COCCOc1ccc(S(=O)(=O)N2CCN(C(C)=O)CC2)cc1,0.7064,1.8903,-5.66,-7.81
CCO[C@@H](C)c1noc(CNc2cccc(C(=O)N3CCOCC3)c2)n1,0.8098,2.8814,-5.88,-8.63
Cc1ccc(C(=O)N2CCC(NC(=O)[C@H]3C[C@H]4CCCC[C@@H]4N3C(=O)c3ccccc3)CC2)cc1,0.724,3.1865,-6.5,-9.67
Cc1ccc(/C=C/C(=O)N(C)Cc2sccc2C)o1,0.7983,2.5025,-5.57,-7.19
O=C(Cc1cccc(O)c1)N1CCO[C@H](c2ccc(Cl)cc2)C1,0.9394,2.5125,-6.19,-8.42
COc1ccccc1CCc1nnc(CCC(=O)N2CCCCC2)o1,0.7731,2.1661,-5.71,-8.35
CCCOc1ncnc(Oc2cc(C)ccc2C)c1N,0.905,2.2959,-5.53,-7.78
COc1ccc(Cn2nnnc2[C@@H](c2cc3cc(C)cc(C)c3[nH]c2=O)[NH+]2CCCCCC2)cc1,0.4495,3.849,-6.8,-9.19
COc1cc(OC)c(NCc2cnn(-c3ccccc3)c2)cc1F,0.7508,2.095,-6.0,-8.76
CC(C)(C)[C@H]1CCc2c(sc3c2C(=O)N[C@H](c2ccc([O-])c([N+](=O)[O-])c2)N3)C1,0.5898,4.0065,-6.42,-8.15
CCN1C(=O)Cc2cc(NC(=O)c3ccc(OC(C)C)cc3)ccc21,0.9054,2.0376,-6.1,-8.95
Cc1noc(C)c1S(=O)(=O)N(C)Cc1ncc(-c2cccc(Cl)c2)o1,0.6722,2.5113,-6.0,-8.38
O[C@H](CN1CCOCC1)C[NH+]1CCC(Cc2ccccc2)CC1,0.7875,3.729,-5.57,-7.64
CCC(CC)n1nccc1C(=O)N[C@@H](CO)c1ccco1,0.82,3.2141,-5.55,-7.7
CSCC[C@H](NC(=O)c1sc(C)nc1C)c1nnc2ccccn12,0.7305,3.0577,-5.85,-8.31
Cc1ccc(OC(=O)c2nc(C3CC3)n3ccccc23)c([N+](=O)[O-])c1,0.3138,2.4559,-6.2,-8.42
O=C(OCCCc1cccnc1)[C@@H]1Cc2ccccc2S1,0.6273,2.7557,-5.79,-7.59
CCC[C@@]1(C)CCC[NH+](CC(=O)N2CCN(c3oc(C)nc3C#N)CC2)C1,0.8316,4.5133,-5.7,-7.96
CC1(C)CS(=O)(=O)N(c2ccc(S(=O)(=O)N3CCN(c4ccccn4)CC3)cc2)C1=O,0.671,2.5561,-6.49,-8.55
COc1ccc(-c2ccc(=O)n(CC(=O)Nc3cc(C(F)(F)F)ccc3OC)n2)cc1,0.6427,2.1241,-5.95,-9.1
CCC(=O)N1CCC[C@H](c2nnc(-c3cccs3)o2)C1,0.8721,2.8303,-5.71,-7.0
Cc1ccc([C@@H]2CNC(=O)C23CC[NH2+]CC3)cc1,0.7456,4.4995,-5.65,-7.1
CCSc1ncc(CN2C[C@@H]([NH3+])C[C@H]2C(=O)NC(C)C)cn1,0.5805,3.9112,-5.66,-7.45
O=C(c1ccc([C@@H]2CCCN2C(=O)[C@@H]2C=CC=N2)s1)N1CCSCC1,0.816,3.9046,-5.7,-7.44
Cc1ccc(-c2ccc(=O)n(C[NH2+]C3(c4ccc(F)cc4)CCCC3)n2)s1,0.7329,3.3234,-6.26,-8.79
Cc1nnc(N2CCCN(c3ncccc3C#N)CC2)s1,0.8426,2.4172,-5.81,-7.1
CCC[NH+]1CCC(O)(C[C@@H]2C[C@H]3CC[C@@H]2C3)CC1,0.7809,5.8729,-5.31,-7.55
COCCOc1ccc(NCC2CC2)cc1,0.7176,1.7412,-5.23,-6.23
C#CCN(C(=O)N[C@@H](C)C(C)(C)c1ccccc1)[C@H]1CCS(=O)(=O)C1,0.8167,3.5905,-5.92,-7.98
O=C(C=C(C1CC1)C1CC1)NCC(=O)Nc1ccc(F)cc1,0.7937,2.3164,-5.65,-8.04
[NH3+][C@H]1C=C[C@@H](C(=O)NC2COC2)C1,0.5219,4.6655,-5.15,-5.76
Nc1nc(-c2cccc(C(F)(F)F)c2)cs1,0.8344,2.0482,-5.51,-7.44
Cc1cc(C)c(Cn2cnc(-c3ccc([N+](=O)[O-])cc3)c2)c(C)c1,0.5273,2.3128,-6.16,-8.7
O=C(Cn1nc(-c2ccc(Cl)cc2)n(-n2cccc2)c1=S)Nc1ccccc1F,0.4725,2.5171,-6.55,-8.22
COc1cc(C)c(Br)cc1S(=O)(=O)NC1CCCCCC1,0.8144,2.1408,-5.73,-7.44
COc1ccccc1CN(C)C(=O)CN1CCN(c2ccccc2)CC1,0.7994,1.8516,-5.98,-8.17
CCCN(CCO)C(=O)Nc1cccc(C(=O)Nc2cccc(C#N)c2)c1,0.7001,2.0931,-6.05,-8.78
Cc1nn(C)c(C)c1CN(C)C(=O)[C@@H]1CC=CC[C@@H]1C(=O)[O-],0.7509,3.7735,-5.75,-7.22
C/C=C\C(=O)NC[C@H]1OCCc2ccccc21,0.8079,2.9012,-5.65,-7.32
CC(=O)N[C@@H](C(=O)NC[C@@](C)(O)c1ccc(F)cc1)C(C)C,0.7411,2.8979,-5.62,-7.77
O=C(CC1=N[C@H]2NN(c3ccccc3)C(=O)C2=C1CC(=O)c1ccc(F)cc1)c1ccc(F)cc1,0.5171,3.2882,-6.4,-9.31
O=C(NCc1ccc(N2C(=O)[C@H]3[C@H]4C=C[C@H](C4)[C@H]3C2=O)cc1)Nc1ccc2ncccc2c1,0.4779,4.098,-6.57,-8.94
CS(=O)(=O)[C@@H](Cc1ccccc1)C(=O)Oc1ccc2cn[nH]c2c1,0.5656,2.8809,-6.08,-9.15
C[C@@H](NC(=O)c1cc2cccc([N+](=O)[O-])c2[nH]1)c1cc2ccccc2o1,0.4232,2.8243,-6.56,-9.54
C=CCOc1c(OC)cccc1[C@H]1CC(=O)Nc2[nH]nc(C)c21,0.8323,3.3575,-5.98,-8.46
Cc1ccc(CN(C)C(=O)c2cc(COc3ccc4sc(C)nc4c3)on2)o1,0.4812,2.5838,-6.43,-8.89
COC(=O)c1ccccc1NC(=O)C1=C(C)NC(=O)N[C@@H]1c1ccc(O)c(O)c1,0.396,2.7592,-6.52,-8.54
O=C(CSc1nnc(-c2ccccc2F)o1)Nc1ccc(I)cc1,0.4614,2.1041,-6.18,-8.7
Cc1cc(F)c(N)cc1S(=O)(=O)NCCNS(C)(=O)=O,0.4832,2.3994,-5.59,-7.56
COc1cccc(CNC(=O)NCc2ccnc(-n3ccnc3)c2)c1O,0.629,2.371,-6.14,-8.61
O=C(c1ccc(=O)n(Cc2ccccc2)n1)N1CCN(S(=O)(=O)c2ccccc2F)CC1,0.5813,2.1871,-6.54,-8.75
Cc1ccccc1[C@@H]1C[C@H]1C(=O)OCc1ccc(-n2ccnc2)nc1,0.6714,3.0992,-6.23,-8.08
Cc1ccc(CC(=O)NNC(=O)CCSc2ccc(F)cc2)cc1O,0.5454,2.1613,-6.02,-8.47
O=C(CNc1cc([N+](=O)[O-])ccc1F)Nc1cccc2nsnc12,0.5423,2.3453,-5.88,-9.07
Cn1nccc1CNc1ccc([N+](=O)[O-])cc1S(=O)(=O)N1CCCC1,0.6164,2.4173,-6.2,-7.78
Cc1cc(NC(=O)c2cc3c(C)nn(C)c3s2)ccc1C(=O)N(C)C,0.7835,2.3168,-6.12,-8.61
CC(C)NC(=O)NC(=O)[C@H](C)Sc1nc2ccccc2c(=O)n1C1CC1,0.6193,2.6875,-6.27,-8.2
COc1ccc(C[NH+]2CC[C@@H](c3ccccc3OC)C2)cc1O,0.8868,3.8756,-5.98,-8.17
O=S(=O)(c1ccc(Cl)cc1)N(C[C@@H]1CCCO1)C[C@@H]1CCCO1,0.7832,2.9363,-5.62,-6.99
Cc1cccc(NC(=O)[C@@H]2CCCN(c3nc(C4CC4)no3)C2)n1,0.9286,2.9634,-6.02,-8.76
Cc1sc(C(=O)N[C@H]2CCCC2(C)C)cc1N,0.8499,3.1832,-5.44,-7.15
CCCCC1CCC(C(=O)NC2CC2)CC1,0.7612,1.9383,-5.2,-6.41
CCCCCNC(=O)[C@H](C)Nc1ccc(Br)cc1,0.7559,2.2203,-5.2,-7.22
O=C(Nc1ccc2c(c1)CCC2)C1CCN(c2nnnn2-c2ccccc2)CC1,0.7436,2.2492,-5.95,-9.11
Cc1cc(C(=O)N[C@@H]2CC[S@](=O)C2)c(C)n1C1CCCCC1,0.9301,3.4857,-5.89,-7.7
CNC(=O)c1ccc(NC(=O)[C@H]2COc3ccc(F)cc3C2)cc1Cl,0.8815,2.587,-6.11,-8.86
CCCCOc1ccc(/C=C2/SC(=S)N=C2[O-])cc1,0.618,2.8206,-5.22,-6.51
CCC[C@@H](NC(=O)Cc1ccccc1)C(=O)Nc1nc2ccc(F)cn2n1,0.669,2.7945,-6.01,-8.88
Cc1cc(/C=N\NC(=O)C(=O)Nc2ccc(F)cc2)c(C)n1-c1cc(Cl)ccc1Cl,0.3478,2.3099,-5.98,-8.99
C[C@H](Oc1ccc([N+](=O)[O-])cc1)C(=O)N1CCN(CCC#N)CC1,0.5768,2.61,-5.57,-7.4
CCOC(=O)[C@@H](C#N)c1nc2ccccc2nc1N1CCN(C(=O)c2ccco2)CC1,0.5794,2.9638,-6.22,-8.64
Cc1cc(C(=O)NCc2cccc(F)c2)c(C)n1C1CC1,0.9166,1.964,-5.99,-8.42
COc1ccc(CN(Cc2ccco2)C(=O)c2ccc(Cl)cc2)cc1,0.6384,1.8353,-6.29,-7.82
COC(=O)c1c(NC(=O)[C@@H]2CCCO2)sc2c1CCCCCC2,0.8596,2.7223,-4.66,-7.87
Cc1cc(C)n(C[C@H](C)CNC(=O)Cc2cccs2)n1,0.8889,2.7719,-5.36,-7.13
CCOC(=O)c1cnc2ccc(Cl)cc2c1NCc1ccccc1,0.6852,1.9415,-6.13,-8.73
CCN(C(=O)Nc1ccc(F)nc1)[C@@H]1CCS(=O)(=O)C1,0.8525,2.953,-5.68,-7.37
COC[C@@H](O)CN1CCN(C2=NS(=O)(=O)c3ccccc32)CC1,0.8153,2.8649,-5.94,-7.6
C[C@@H]1C[NH+]([C@@H]2CCCC(=O)C2)C[C@@H]1C,0.6538,5.4697,-5.16,-6.37
CCc1ccc([C@@H](C)NS(=O)(=O)c2ccc(C)cc2)cc1,0.9171,2.1303,-5.91,-8.49
N#CC(C#N)=CNC1(C#N)CCCCC1,0.6879,3.4091,-5.03,-5.93
O=C(NN1C(=O)NC2(CCCCC2)C1=O)c1cc(-c2ccccc2)nn1-c1ccccc1,0.6212,2.8778,-6.6,-9.46
CC1(C)C(=O)O[C@H](c2ccc(F)cc2Cl)C2(CCCCC2)C1=O,0.5539,3.609,-6.08,-7.47
C=CN1CC[C@H](C(=O)c2ccccc2)C1=O,0.5698,2.9692,-5.49,-6.6
c1ccc(CCc2ccccc2-c2nc(-c3ccccn3)no2)cc1,0.5381,2.0224,-6.41,-8.99
O=C(C[NH+]1CCC[C@H](C(=O)NCC(F)(F)F)C1)Nc1cccnc1,0.7029,4.1405,-5.89,-7.96
C/[NH+]=C(/NCCc1csc(N2CCCC2)n1)NC(C)(C)C,0.5541,3.2778,-5.64,-7.68
Clc1cc(Cl)cc(Nc2cccc3nccnc23)c1,0.7442,2.1124,-6.04,-8.34
Cc1noc([C@H](OC(=O)[C@@H](C)Sc2ccccc2)c2ccccc2)n1,0.4884,3.0496,-6.05,-8.23
CCn1cc[nH+]c1-c1nc(Cl)ncc1F,0.7314,4.0411,-5.37,-7.2
CCCOc1ccc(C(=O)Nc2c(C(=O)N3CCOCC3)sc3nc(C)cc(C)c23)cc1,0.5973,2.38,-6.37,-9.14
CCC(=O)c1ccc(OC(=O)c2ccccc2-c2cncnc2)cc1,0.4018,2.0815,-6.27,-9.02
CO[C@H]1CC[C@@H]2OCCN(CC(=O)Nc3ccc(F)cc3F)[C@@H]2C1,0.9127,3.3617,-5.97,-8.1
O=C([O-])[C@@H]1CN(C(=O)CN2CCOCC2)C[C@H]1c1ccc2c(c1)OCO2,0.682,3.4172,-5.97,-7.72
Cc1ccsc1C(=O)N(C)C1CCN(c2cccc(F)c2)CC1,0.8499,2.253,-6.06,-8.14
CC1(C)CCC[C@H](CN2CCSC[C@@H]2S(C)(=O)=O)C1=O,0.7938,3.9073,-5.72,-7.38
O=C(CN1C(=O)/C(=C/c2ccccc2F)Sc2ccccc21)N1CCc2ccccc21,0.5555,2.3311,-6.61,-8.97
Cc1cccc(OC(=O)c2cc3c([nH]c2=O)CCCC3=O)c1,0.682,2.3012,-6.18,-8.6
CC(C)(C)c1n[nH]c(C(=O)Nc2sccc2C#N)n1,0.8787,2.8877,-5.68,-7.34
Cc1cc(Cl)cc(C)c1O[C@H](C)C(=O)NN[C@H](C(N)=O)c1ccc(F)cc1,0.6303,3.1307,-6.05,-8.55
CC(C)(C)OC(=O)NC[C@@H]1CC[NH+](Cc2cccnc2)C1,0.8707,4.1871,-5.64,-8.22
CCSc1nnc(NC(=O)CSc2ncnc3c2cnn3-c2ccc(Cl)cc2)s1,0.2476,2.5289,-6.42,-8.8
CC[C@@H](C1=NN2C(=N)/C(=C\c3cc(Cl)c(O)c(Cl)c3)C(=O)N=C2S1)c1ccccc1,0.5903,3.3978,-6.31,-8.47
COc1ccccc1CN1C[C@H](c2[nH]cc(-c3cccc(C)c3)[nH+]2)CC1=O,0.7568,3.543,-6.34,-9.4
CCN(CCC[NH3+])[C@H]1CCO[C@]2(CCOC2)C1,0.7543,4.9223,-5.13,-6.33
[NH3+]CCc1cn(Cc2sccc2Br)cn1,0.9106,3.637,-5.38,-6.96
C[C@H](c1ccc(F)c(Cl)c1)[NH+](C)CCCc1n[nH]c(N)c1C#N,0.7527,4.4519,-5.84,-7.83
Cc1ccc(NC(=O)NC(=O)[C@H](C)[N+]23CCN(CC2)CC3)cc1,0.8231,3.9963,-5.71,-8.27
O=C(Nc1nnc(-c2cc3ccccc3o2)o1)c1ccccc1Br,0.5627,2.2112,-6.7,-9.09
[NH2+]=C1c2ccccc2CN1NCc1ccco1,0.7945,3.1106,-5.86,-7.98
CCOc1ccc(N[C@H](C)c2ccc(Br)s2)cn1,0.8792,2.7754,-5.57,-7.67
Cc1cnc(-c2cccc(NC(=O)c3cnc(Cl)c(Cl)c3)c2)o1,0.7024,2.3011,-6.31,-9.47
COC[C@H](O)CN(C)C(=O)c1cscc1C,0.8433,3.1668,-5.06,-5.96
Cn1ncc(C(=O)Nc2ccc(C(F)(F)F)cc2)c1-n1cccc1,0.7972,2.2798,-6.18,-8.55
CC[C@H](CC[NH3+])CNC(=O)c1c(F)cccc1OC,0.7814,3.1951,-5.31,-6.47
CCOc1ccccc1NC(=O)c1cccc(OC)c1,0.9068,1.4677,-5.72,-8.16
COc1ccc(NC(=O)NN(c2ccccc2)c2ccccc2)cn1,0.6931,2.1821,-6.22,-8.44
CC(C)C[C@H](NC(=O)Cc1cccc(F)c1F)C(=O)Nc1nccs1,0.7898,2.7191,-5.88,-8.31
CNC(=O)c1ccc(CSCC(=O)N2CCO[C@H]3CCCC[C@H]32)cc1,0.8741,3.0327,-5.89,-8.15
C[C@@H]1C[C@@H]1C(=O)Nc1cccc(C(=O)N(CC(F)(F)F)c2ccccn2)c1,0.8601,3.0463,-6.22,-8.47
COC(=O)C1=C(C)C(C(=O)COc2cc(C)ccc2C(N)=O)=N[C@@H]1C,0.7843,3.2385,-5.66,-7.38
CSc1nc(SC)c2c3c(sc2n1)CN(C)C(C)(C)C3,0.4744,3.1747,-5.7,-7.86
COC[C@@H](NC(=O)N1CCC2(C1)OCCO2)c1ccc(F)c(F)c1,0.9066,3.628,-5.86,-8.01
C=C(C)CN1C(=O)S/C(=C/c2cccc([N+](=O)[O-])c2)C1=O,0.3691,2.3668,-5.53,-6.91
Cc1ccc(Nc2nnc(S[C@@H](C)C(=O)N3CCCC3)s2)cc1C,0.8148,2.656,-5.88,-8.1
Cc1cc(C)cc(C(=O)N2CCC[C@H](C(=O)N(C)Cc3ccccc3N3CCCC3)C2)c1,0.7014,2.712,-6.59,-8.99
Oc1ccc(/C=N\n2cnnc2)cc1O,0.553,2.7026,-5.54,-6.48
CCC[NH+]1CC[C@@H](CNC(=O)C(=O)Nc2c(F)cccc2F)C1,0.6833,4.1631,-5.92,-8.28
C#CCN1CCC(C(=O)Nc2ccc(Br)nc2C)CC1,0.6812,2.5068,-5.4,-7.78
CCCc1cc(NC(=O)CO[C@H]2CCC[C@@H](C)C2)n(C)n1,0.8771,3.2011,-5.65,-8.33
CCc1cc(NC(=O)C(=O)NCc2cc(F)cc(OC)c2)n(C)n1,0.8093,2.3761,-5.82,-8.47
Cc1csc(CCCNC(=O)Nc2cnn(CC(=O)N(C)C)c2)n1,0.7402,2.5024,-5.61,-8.3
CC[C@H](C(N)=S)S(=O)(=O)N1CCC(CC)(CC)C1,0.7594,3.5849,-5.44,-7.58
CN(CC(C)(C)O)C(=O)[C@H]([NH3+])CCS(C)(=O)=O,0.5961,4.0358,-5.28,-6.69
O=C([O-])c1ccc(OCc2sccc2Br)cn1,0.864,2.8735,-5.51,-7.17
CON(C)CC(=O)N(C)Cc1cc(Cl)cc(Cl)c1,0.7812,2.5485,-5.27,-7.29
O=C(Cc1ccc2c(c1)OCO2)N1CCN(c2nc3ccc(Cl)cc3s2)CC1,0.6542,2.2469,-6.41,-9.34
C[C@H](Nc1ccc2c(c1)oc(=O)n2C)C(=O)NC(=O)NC1CC1,0.7772,2.8319,-5.91,-8.57
C[C@@H]1CN(C(=O)CCS(=O)(=O)c2ccc(Cl)cc2)C[C@@H](C)O1,0.8383,2.8572,-5.78,-7.19
CC(C)S(=O)(=O)c1ccc(C(=O)Nc2cccc3c2C(=O)c2ccccc2C3=O)cc1,0.5265,2.138,-5.62,-9.17
Cc1nccn1-c1ccc([C@@H](C)NC(=O)N[C@@H](C)[C@@H]2CCCO2)cc1,0.8772,3.3198,-5.79,-8.43
CCOC(=O)Nc1nc2c(s1)CN(S(=O)(=O)c1ccc(OC)c(OC)c1)CC2,0.7545,2.3854,-6.14,-8.72
Cc1ccc([N+](=O)[O-])c(NCC2CC([O-])C2)c1,0.6326,2.7672,-5.39,-6.65
O=C(COc1ccc(Cl)cc1C(=O)[O-])NC1CC1,0.8364,2.3424,-5.54,-7.28
COCc1cccc(C(=O)N[C@@H](C)C(C)C)c1,0.8516,2.2398,-5.22,-7.12
C[C@H]1CCCC[C@H]1NC(=O)c1cc2ccccc2nc1N1CCCC1,0.9152,2.8108,-6.32,-9.04
[NH3+]Cc1nc2ccc(Cl)cc2[nH]1,0.6784,2.963,-5.12,-6.34
C=C1C=C(C)[C@H](CNC(=O)c2ccccc2CN2C(=O)CNC2=O)C(=O)N1,0.6642,3.4006,-6.01,-8.07
O=C(Cn1nc(-c2ccc(F)cc2)ccc1=O)Nc1ccc(Oc2ccccc2)cc1,0.504,1.9506,-6.59,-9.54
CCOC[C@H]1CCN(C(=O)Nc2ccc(-c3nccc(C)n3)cc2)C1,0.9063,2.6649,-5.95,-8.52
COc1ccc([C@@H](C)NC(=O)N[C@@H](C)Cn2cccn2)c(OC)c1,0.8158,2.9625,-5.64,-8.23
CNC(=O)N1CCC[C@@H](c2cccc(C(=O)N3CCN(c4ccc(F)cc4)CC3)c2)C1,0.8226,2.6502,-6.52,-9.15
Nc1ccc2c(c1)CC[C@H]2Nc1ccc(I)cc1,0.6354,2.6261,-6.29,-8.61
N#Cc1ccc(CN2CC[C@@H]([NH+]3CCCC3)C2)o1,0.8397,4.6548,-5.35,-6.85
CC[C@@H]1C[C@@]1([NH3+])c1ccc(Cl)cn1,0.7691,4.2734,-5.09,-6.45
Cc1cc(N(C)C)ccc1NC(=O)[C@](C)(N)C(F)(F)F,0.8972,2.9588,-5.57,-7.09
CCCC(=O)Nc1ccc(Cl)c(NC(=O)/C=C/C(=O)[O-])c1,0.7743,2.4414,-5.35,-7.73
CC[C@H](NC(=O)c1ccn(-c2cccc(Cl)c2)n1)C(=O)OC,0.8569,2.6016,-5.82,-8.19
COc1ccc(CC(=O)Nc2c(C)nn(COc3ccc(F)cc3F)c2C)cc1,0.6499,2.2065,-6.19,-8.97
O=C(CN1CCCc2ccccc21)Nc1ncc(S(=O)(=O)c2ccc([N+](=O)[O-])cc2)s1,0.4441,2.4549,-6.39,-9.11
C[C@H]([NH2+][C@H](C)c1ccoc1)c1cccc(OC(F)F)c1,0.8829,4.0271,-5.61,-7.92
NC1=NC(SCc2c(F)cccc2Cl)=NC(=O)C1,0.9068,3.0706,-5.53,-7.66
Cc1nc(N2CCCC2)cc(N2CCN(C(=O)c3ccc4c(c3)OCO4)CC2)n1,0.7879,2.3139,-6.38,-8.86
C[NH+](C)[C@@H]1CC[C@@H](NC(=O)c2ccc(Cl)c(Cl)c2)C1,0.8768,3.7765,-5.24,-7.95
CC(=O)N[C@H](C)C(=O)Nc1cccc(C[NH+]2CCC(C(N)=O)CC2)c1,0.5537,3.7441,-5.98,-8.27
CC(C)[C@H](NC(=O)c1ccccc1Cl)C(=O)Nc1cccnc1-n1cccn1,0.6674,2.6245,-6.26,-8.08
COc1ccc(C[NH2+][C@H]2CCCc3c2cnn3-c2ccccc2F)cc1O,0.7279,3.5953,-6.25,-9.18
Cc1ccc(N2C(=O)/C(=C\c3cc(C)n(-c4ccc(C)cc4)c3C)C(=O)NC2=S)cc1,0.3778,2.361,-6.59,-8.44
C[C@@H](CNC(=O)[C@H]1SCCc2sccc21)Cn1cccn1,0.9209,3.7675,-5.63,-7.22
C[C@@H](CN1CCOCC1)C(=O)N1CCC(c2ccc(Nc3ncccn3)cn2)CC1,0.7822,3.0457,-6.24,-8.52
CCCC(=O)N1CCc2[nH]nc(C(=O)NC[C@@H]3CCCO3)c2C1,0.8472,2.9841,-5.77,-8.22
CCSCCC(=O)N1CCC(NC(=O)Nc2ccc(F)cc2)CC1,0.7728,2.1182,-5.79,-8.34
Cc1cccc(CN(C)C[C@H]2CC[NH2+]C2)n1,0.7968,4.0027,-5.24,-6.33
C[C@@H]1CCC[NH+](CCNC(=O)NC[C@H](O)c2c(F)cccc2F)C1,0.6121,4.4636,-5.78,-7.88
Cc1cc2oc(=O)cc(CC(=O)N3CCc4ccccc4C3)c2cc1C,0.6664,2.2342,-6.63,-9.8
O=C(c1cn(Cc2ccccc2)nn1)N1CCc2ccc([N+](=O)[O-])cc2C1,0.5241,2.2646,-6.24,-8.42
Fc1ccc(C[NH2+]Cc2ccc(-n3ccnc3)cc2)cc1,0.7652,2.925,-5.9,-7.95
CC(C)n1c(SCC(=O)N2CCCCCCC2)nc2ccccc2c1=O,0.6031,2.1001,-6.34,-8.41
CCn1nc(C)c(NC(=O)N2CCC[C@@H](c3nccs3)C2)c1C,0.9363,2.9847,-5.85,-7.24
CCOc1cc(Cl)c([C@@H](O)[C@@]2(C)CCCO2)cc1OCC,0.8686,3.4881,-5.46,-7.95
COc1ccc(-c2noc(CN3C[C@@]4(CCOC4)CCC3=O)n2)cc1OC,0.7945,3.4856,-5.64,-8.67
C[C@H](CNC(=O)[C@@H]1C[C@@H]1c1ccccc1F)Oc1ccccc1F,0.8773,3.0519,-6.07,-8.41
Fc1cccc(CN[C@@H](c2ccccc2)c2ccccn2)c1Cl,0.7313,2.5152,-6.02,-8.66
CC[NH2+][C@H](Cc1ccccn1)[C@@](C)(CC)[NH+]1CCCC1,0.7443,5.2075,-5.53,-7.31
O=C([C@@H]1CCOC1)N1CCC2=C(C1)[C@H](c1ccc(C(F)(F)F)cc1)[NH+]=N2,0.8681,4.1892,-6.16,-8.31
CCOc1ccc(/N=C2\S/C(=C\c3ccc(O)c(OC)c3)C(=O)N2CC)cc1,0.7294,2.3495,-6.21,-8.24
CC[NH2+]Cc1nc(C)ccc1OC[C@H]1C[C@H]2CC[C@@H]1C2,0.8649,4.9775,-5.44,-7.53
Oc1cccc(-c2ccc(C(F)(F)F)cc2)c1,0.7932,1.6734,-5.78,-7.65
COc1cc(OC)c(OC)cc1/C=N\NC(=O)c1ccncc1,0.6499,2.0548,-5.68,-8.11
Cc1cc2c(cc1C)O[C@H](C(=O)OCc1c(C)nn(C)c1Cl)C2,0.8095,3.0478,-5.86,-7.65
C[NH2+][C@H](Cc1nc2ccccc2o1)C1C(C)(C)C1(C)C,0.9302,3.7749,-5.62,-8.13
Cc1ccc(CNC(=O)c2nc(N3CCCCC3)c3oc4ccccc4c3n2)o1,0.5622,2.5377,-6.64,-9.48
CN(C)c1ccc(C[NH2+]Cc2ccncc2)cc1,0.8597,3.0423,-5.49,-7.45
COc1cccc(-n2c(SCC(=O)N3CCC(C)CC3)nnc2-c2ccccn2)c1,0.5632,2.2907,-6.33,-8.97
Cc1ccc(C(=O)c2c(F)cc(Br)cc2F)cc1,0.7572,1.9032,-5.8,-8.27
C[C@H](O)CNC(=O)c1cccc(OCc2nccn2C(F)F)c1,0.8159,2.7991,-5.82,-8.77
C[C@@H]1CCCC[C@@H]1NC(=O)COc1ccccc1OCCO,0.8096,2.6383,-5.53,-7.85
C[C@H]1Cc2cc(C(=O)Cn3cnc(C#N)n3)ccc2N1S(C)(=O)=O,0.7563,3.206,-5.96,-8.37
Cc1nc(C[NH+]2CCC[C@H](NC[C@](C)(O)c3ccccc3)C2)no1,0.7154,4.5353,-5.94,-8.71
C[C@H]([NH2+]CCn1cc([N+](=O)[O-])cn1)c1ccccn1,0.6063,3.8351,-5.62,-7.08
Cc1ccccc1CN(C)C(=O)Nc1ccc(N2CCOC2=O)cc1,0.9254,2.1068,-6.31,-8.22
COc1cc2c(cc1OC)[C@H](c1ccccn1)N(C(C)=O)CC2,0.874,2.6852,-6.01,-8.07
Cc1ccncc1NC(=O)N1CC[C@@H]2[C@@H](CCC[NH+]2Cc2ccccc2)C1,0.878,4.1675,-6.29,-8.73
Cc1nc2ncnn2c(C)c1CCC(=O)N1CCC[C@H](COc2ccccc2F)C1,0.6232,2.9483,-6.4,-8.07
CCOc1ccc(NC(=O)NCc2n[nH]c(=S)n2C2CC2)cc1,0.7097,2.2358,-5.73,-8.12
O=C(NCCNC(=O)c1ccccc1)Nc1ccccc1,0.7365,1.4882,-5.89,-8.46
O=C1NC(=S)NC(=O)C1=CNCCc1ccc(F)cc1,0.3247,2.4401,-5.53,-7.45
NC(=O)c1c(F)cc(Br)cc1N1CCO[C@H](c2ccco2)C1,0.9036,3.1946,-5.88,-8.31
CC(=O)c1sc(-c2cncn2C2CC2)nc1C,0.7835,2.6898,-5.49,-7.47
NC(=O)c1cccnc1N1CCN(CC(=O)NC2CC2)CC1,0.7708,2.0513,-5.68,-7.68
COc1cccc(NC(=O)CSC(=O)c2ccc(Cl)cc2Cl)c1,0.8413,2.0334,-5.9,-8.74
CCc1noc(CCCC(=O)Nc2ccc3c(C)n[nH]c3c2)n1,0.7291,2.4789,-6.03,-8.72
Cc1ccc(C(=O)Nc2ccccc2[C@H](C)[NH3+])c(F)c1,0.8872,2.7603,-5.47,-8.42
Cc1ccccc1-c1cc(NC(=O)c2cccc3cc[nH]c23)n(CCO)n1,0.5086,2.4459,-6.62,-9.83
C[C@@H]1CC[C@@H](NC(=O)OC(C)(C)C)C[NH2+]1,0.6737,4.2526,-5.23,-6.4
CCN1C[C@@H](COC(=O)CCc2nc(C)no2)CC1=O,0.7142,3.0431,-5.45,-7.71
CC(C)OCC[NH+]1CCC(NC(=O)c2cc(C#N)cs2)CC1,0.8149,3.9166,-5.63,-7.27
CC(=O)c1ccc(NCC(C)(C)N2CCOCC2)c([N+](=O)[O-])c1,0.4916,2.4213,-5.73,-7.87
CC(C)COC(=O)[C@H](C)NC(=O)[C@H]1CCO[C@H]1C,0.7495,3.485,-5.35,-6.98
CC(C)C[C@@H](C)N(C)C(=O)[C@@H]1CC[C@@H]2CCCC[C@@H]2[NH2+]1,0.8422,4.6226,-5.64,-7.28
C[C@H](Sc1nnnn1C[C@H]1CCCO1)C(=O)N1CCNC1=O,0.7528,3.3842,-5.59,-7.7
C=CCOc1ccccc1/C=C1\SC(=S)N(CC(=O)[O-])C1=O,0.4423,2.7858,-5.65,-6.68
COC(=O)C[C@@H](NC(=O)[C@@H]1CCCc2ccccc21)C1CC1,0.8504,3.0492,-6.04,-8.12
CNC(=O)c1ccc(NC(=O)CN2CCc3sccc3[C@@H]2c2cccs2)cc1,0.6721,2.7426,-6.44,-8.62
Cc1ccc(-c2noc(-c3ccc(NCc4ccc(F)cc4)nn3)n2)cc1,0.5725,2.1733,-6.47,-9.59
Cc1ccc(CNC(=O)c2cc(-c3cccnc3)n3c2CSC3)o1,0.7891,2.8257,-6.0,-8.18
COc1ncccc1C(=O)Nc1cnn(CC(=O)N(C)C)c1,0.8747,2.2682,-5.72,-7.79
COc1ccc(OC)c([C@H]2CCC[NH+]2Cn2ncn(C)c2=S)c1,0.838,4.3958,-5.8,-7.99
CC1=C(C(=O)OC2CCCCC2)[C@@H](c2cccc(C)c2)n2nnnc2N1,0.8538,3.2032,-5.91,-8.65
Cc1cc([N+](=O)[O-])ccc1C(=O)O[C@H](C)[C@H]1CCOC1,0.4804,3.1505,-5.55,-7.33
COc1cc(NC(=S)NC(=O)c2ccco2)ccc1-c1cc2ccccc2oc1=O,0.3777,2.3207,-6.72,-9.68
Cc1cc(CCCC(=O)NCC[C@H](C)O)c(C)s1,0.799,2.7598,-5.3,-6.87
COC[C@@H](O)CCCc1ccc2c(c1)CCO2,0.8202,2.6461,-5.37,-7.1
CC(C)(C)OC(=O)N1[C@H]2CC[C@@H]1CC[NH+](Cc1ccncc1)C2,0.9016,5.1014,-5.7,-7.81
Cc1cccc(NC(=O)[C@H]2CCC[NH+](Cc3cccnc3)C2)n1,0.8924,4.0141,-6.05,-8.64
Cc1ccc(-n2nc(C)cc2NC(=O)[C@H]2C[C@H]2C)cc1,0.9304,2.7284,-5.95,-8.08
C[C@H]1CC(C(=O)N2CCCC[C@@H]2c2ncc(-c3cccc(F)c3)[nH]2)C[C@H](C)O1,0.8479,3.5056,-6.38,-8.9
CCOc1ccc(N[C@H](C)C(=O)N2CCc3ccccc32)cc1F,0.9114,2.5103,-6.14,-8.71
CCCOc1ccc(CNC(=O)[C@H]2CC(=O)N(C)[C@@H]2c2cccnc2)cc1,0.8167,2.9753,-6.05,-8.4
CCc1nn(C)cc1C(=O)N1CCN(c2nc(C)c(C)s2)CC1,0.8622,2.5636,-5.77,-7.94
[NH3+]C[C@@H]1CCCN(c2nccs2)C1,0.7561,3.626,-5.02,-5.5
Cc1cc(NC(=O)Cn2ccccc2=O)n(C)n1,0.8585,2.1884,-5.75,-7.44
C[C@H](NC(=O)CN(C)S(C)(=O)=O)c1ccc(-n2cccn2)cc1,0.8508,2.6679,-5.84,-8.12
CC[C@@H]([NH2+]CC(C)(C)C[C@@H](C)O)c1ccccc1Br,0.7915,4.2132,-5.48,-7.13
C[C@@H]1CCC[C@@]([C@H](O)[C@@H]2CCc3cccnc32)([NH+](C)C)C1,0.8861,4.7879,-5.68,-7.06
COc1ccc(C(=O)N[C@H]2CCCC[C@H]2C)cc1S(=O)(=O)NC1CC1,0.8098,2.7852,-5.74,-8.07
CC(=O)NCc1ccnc(OCc2ccccc2)c1,0.8926,1.8102,-5.57,-8.1
C[C@H](c1ccccc1F)N(Cn1nc(N2CCOCC2)sc1=S)C1CC1,0.6957,3.2476,-5.94,-7.28
O=C(c1cccc(C(F)(F)F)c1)N1CCC[C@H]1c1nc2cc(-c3cccnc3)ccc2o1,0.4013,2.8601,-6.78,-9.4
CC1CCN(C(=O)N[C@H](C)C(=O)N2CCc3ccccc32)CC1,0.911,2.5874,-5.98,-8.51
Cn1nccc1CN1CCC2(C1)OCCO2,0.7259,3.3726,-5.12,-6.08
Cc1nc2cc(C(F)(F)F)ccc2n1C1CCN(C(=O)c2ccccc2F)CC1,0.5643,2.2769,-6.54,-9.11
O=C(NCc1ccc(Oc2ccccc2)cc1)c1ccc(N2CCCC2=O)cc1,0.6768,1.8459,-6.66,-9.71
CCOC(=O)c1cc(N)c(Sc2nncn2N)c(Cl)c1,0.5005,2.8221,-5.66,-7.92
O=C(C[C@@H]1CCS(=O)(=O)C1)NC[C@H]1CC2c3ccccc3C1c1ccccc12,0.8645,3.9756,-6.26,-9.24
CCN1CCN(C(=O)CN2CCCC2=O)C[C@H](Cc2cccc(-c3ccccc3C)c2)C1=O,0.6836,2.9776,-6.71,-9.5
C[C@H]1CCCC[C@H]1n1c(SCC(=O)c2ccc(F)c(F)c2)nnc1-c1cccnc1,0.3915,3.134,-6.21,-8.21
CC[C@@H](C)NC(=O)CSc1nc(-c2ccccc2)cn1N,0.6341,2.6434,-5.52,-7.66
Cc1ccc([N-]S(=O)(=O)c2cc(-c3noc(C4CC4)n3)sc2C)cc1C,0.614,3.4094,-6.06,-8.75
COC(=O)c1ccc(C(=O)N[C@H]2CC[C@@H]3CCCC[C@@H]3C2)cc1,0.8677,2.8206,-5.9,-8.18
O=C(Nc1ccc(-c2cc[nH]n2)cc1)c1cccc([N+](=O)[O-])c1,0.5703,2.2354,-6.17,-9.33
COC(=O)[C@H]1NCCOC1(C)C,0.5636,3.597,-5.0,-6.03
C[C@H]1CCCN(c2ncnc(NNC(=O)c3ccco3)c2[N+](=O)[O-])C1,0.6213,2.99,-5.86,-8.25
CCOc1ccc(N2C(=O)NC(=O)/C(=C/c3ccc(N4CCOCC4)cc3C)C2=O)cc1,0.574,2.3959,-6.49,-8.91
O=C(NCCC12CC3CC(CC(C3)C1)C2)NC[C@@H]1CCCO1,0.8199,4.0899,-5.74,-8.28
O=C([C@H]1C[C@H]1c1ccccc1F)N(Cc1cccnc1)c1ccc(F)cc1,0.6576,2.9174,-6.42,-7.82
CC(C)[C@@H]([NH2+]Cc1ccc(N2CCCC2=O)cc1)c1ccc2c(c1)CCO2,0.8544,3.5241,-6.43,-8.54
CC[C@@H](NC(=O)Nc1cc(C#N)ccc1Cl)c1noc(C)n1,0.9002,3.0287,-5.71,-8.32
Cc1ccc2c(CC(=O)OCC(=O)c3ccc4c(c3)OCO4)coc2c1,0.5172,2.2738,-6.31,-9.33
C[C@H]([NH3+])c1ccnc(O[C@H]2CCCC[C@H]2C)c1,0.8739,3.9778,-5.45,-7.23
Cn1ccc(C[NH+](CCCO)Cc2ccc(Cl)c(Cl)c2)c1,0.8025,4.0397,-5.61,-7.87
C[C@]1(C(=O)Cc2cc(F)ccc2F)CCCO1,0.8115,3.1074,-5.49,-7.48
O=C(NC[C@@H]1CCCN(c2ncccn2)C1)NCC1(Cc2ccccc2)CC1,0.7758,2.8766,-6.23,-8.6
COc1cc(C)cc(C[NH2+][C@H](C)c2ccc(S(=O)(=O)N(C)C)cc2)c1,0.8191,3.3243,-5.87,-8.01
COc1ccc(-c2cnc(C[NH2+]C[C@H]3C[C@@H]4C=C[C@H]3C4)s2)c(OC)c1,0.7748,4.9819,-5.76,-8.02
Cc1c(Cl)cnc(NC(=O)COC(=O)c2ccc(-n3cnnn3)cc2)c1Cl,0.6469,2.4203,-6.18,-9.23
Cc1nc2c(cnn2C(C)C)c(C)c1CCC(=O)N1CCC(n2c(=O)[nH]c3ccccc32)CC1,0.4863,2.6948,-6.54,-9.22
C[N+]12CCCC[C@H]1[C@H](CNc1ccccc1[N+](=O)[O-])CCC2,0.5267,3.7031,-5.58,-8.17
Cc1cc(C)c(NC(=O)CSc2ncnc3c2[nH]c2ccccc23)c(C)c1,0.3976,2.3317,-6.63,-9.61
COc1ccc([C@@H]2Oc3ccc(Cl)cc3C3=Nc4ncnn4[C@@H](c4cccs4)[C@@H]32)cc1OC,0.3879,3.7065,-6.04,-8.23
O=C(c1csc2c1CCCC2)N1CCO[C@H]2CCCC[C@H]21,0.7955,3.2718,-5.81,-7.19
Fc1cc(Br)cc(C[NH+]2CCC[C@H]2CCCCl)c1,0.7885,4.6978,-5.01,-7.47
C[C@]1([C@@H](Br)c2ccc(F)c3ccccc23)CCCO1,0.7081,3.4778,-6.01,-8.15
Cc1ccc(OCc2nc(C)c(C)s2)cc1,0.807,1.8908,-5.55,-7.64
CC(C)COc1ncc(CNC(=O)N(C)C[C@@H]2CC[NH+](C)C2)cc1Cl,0.7644,4.2249,-5.66,-7.95
COc1ccc(NC(=O)Cn2nc(SC)c(-c3nc(-c4ccc(C)cc4)no3)c2N)cc1Cl,0.3672,2.5613,-6.56,-8.36
CC[C@@H](C[NH2+][C@H](C)c1ccc(F)cn1)Oc1cccc(F)c1,0.8541,3.8784,-5.73,-8.32
CC(C)c1nnc2n1C[C@@H](C[NH2+]Cc1c[nH]nc1C(C)(C)C)CC2,0.8762,4.4878,-6.1,-8.09
Cc1csc([C@H](C)NS(=O)(=O)c2ccc(Br)cc2Cl)n1,0.8537,2.8045,-5.94,-8.04
O=C(N/N=C/c1cccs1)c1ccc2ccccc2c1,0.577,1.9539,-5.9,-8.38
Cc1ccc(-c2nnc(SCC(=O)Nc3ccccc3I)n2N)cc1,0.3433,2.1285,-6.3,-8.44
C[C@H](NC(=O)c1ccccc1Cl)[C@H]1COc2ccccc2O1,0.9446,2.7657,-6.07,-8.81
C[C@H]1Sc2ccc(C(=O)NC3CC[NH+](Cc4ccc(Cl)cc4)CC3)cc2NC1=O,0.6985,3.8014,-6.46,-8.98
CC(C)[C@@H]([NH2+]Cc1ccc(CN2CCCC2=O)cc1)c1ccccc1,0.8271,3.2729,-6.2,-8.44
Cc1cnc([C@H](C)NC(=O)NC[C@H](C)Nc2ccccc2)s1,0.7653,3.0997,-5.73,-7.68
CCOC(=O)[C@@H]1C[NH2+]CCN1C[C@@H]1Cc2ccccc2S1,0.8237,4.2978,-5.67,-7.27
CCOC(=O)Nc1nc2c(s1)CN(C(=O)CSc1nc3ccccc3s1)CC2,0.6113,2.5168,-6.24,-9.18
Cc1ccc(F)c(C(=O)[C@H]2C[NH+](C)CCN2C)c1,0.7567,4.2245,-5.55,-7.13
O=C1C[C@H](N2CCN(c3cccc[nH+]3)CC2)C(=O)N1c1ccc(F)cc1,0.7738,3.5194,-5.84,-8.38
C=CCN1C(=O)/C(=C/c2ccc(-c3ccc(Cl)c(C(=O)[O-])c3)o2)C(=O)NC1=S,0.3454,3.0065,-6.29,-8.11
COc1cccc(-c2cnc(CNc3ccccc3-n3cccn3)o2)c1,0.5681,2.2837,-6.28,-9.18
Cc1occc1CN(C)Cc1cnc(N2CC[NH+](C)CC2)nc1,0.8623,3.6069,-5.75,-8.04
CCOC(=O)[C@H](CC)[NH+]1CCC(CC)(CC)C1,0.7142,4.7699,-5.17,-6.66
CCOc1cc(C=C2C(=O)NC(=S)NC2=O)cc(Br)c1OCC(C)C,0.415,2.6167,-5.61,-7.87
CCn1cc([C@H]2OCC[C@@H]2C[NH2+]Cc2c(C)nc3sccn23)cn1,0.7398,4.5364,-5.84,-8.39
CCNC(=O)Cn1cnc2cc(-c3ccc(OC)cc3)sc2c1=O,0.7712,2.2075,-5.92,-8.84
CC(C)(C)NC(=O)[C@@H]1CC(=O)O[C@]12CCOC(C)(C)C2,0.7452,4.1502,-5.7,-7.86
Cc1cccc(CNC(=O)N[C@@H](CC2=c3ccccc3=[NH+]C2)C(=O)[O-])c1,0.5547,3.9043,-5.57,-9.16
Cc1ccc(-c2nc(C)c(C(=O)N(C)Cc3ncnn3C)s2)c(C)c1,0.7212,2.5373,-5.87,-8.19
CC/C(=C\c1ccc(Cl)s1)C[NH2+]C(C)C,0.8196,3.8996,-5.01,-6.2
O=C(CCc1ccccc1F)N1CC[C@@H](c2cc(=O)[nH]c(-c3ccncc3)n2)C1,0.7242,2.9799,-6.5,-8.98
Cc1nc(-c2cccc(NC(=O)C(=O)NC[C@@H](C)C[C@@H](C)O)c2)oc1C,0.6872,3.1488,-6.02,-8.98
Cc1ccc(C(=O)N2/C(=N/c3cccc(C(F)(F)F)c3)SCC2(C)C)o1,0.7115,2.9221,-6.2,-9.72
CC(C)CC[NH+]1CCC[C@@H]1[C@@H]1CCCCC1=O,0.7927,4.8315,-5.38,-7.06
NC(=O)c1cccc2c1N[C@@H](c1c[nH]c3ccccc13)[C@@H]1CC=C[C@H]21,0.6196,3.4825,-6.53,-8.58
CO[C@H](C[NH2+][C@H](C)CC(F)(F)F)c1ccccc1Cl,0.858,4.0802,-5.32,-6.87
C[C@@H](NS(=O)(=O)c1cccc2nonc12)c1ccc2c(c1)OCO2,0.7695,2.8458,-6.24,-8.84
CC[C@@H](C)N1C(N)=[NH+]C[C@@]1(C)c1ccc(O)cc1,0.7116,4.2864,-5.39,-6.84
Cc1ccc([C@H](C)NC(=O)N[C@@H]2CCN(C)C2=O)cc1F,0.8912,2.9706,-5.88,-8.23
CCOc1ccc(-c2ccc(=O)n(CC(=O)Nc3cc(C(F)(F)F)ccc3Cl)n2)cc1,0.5932,2.1689,-6.05,-9.25
CCOc1ccc(OC)cc1NC(=O)NC[C@](C)(O)c1ccc(F)cc1,0.7063,2.5604,-5.92,-8.61
COc1nc2ccccc2nc1N1CCC[C@H](C(=O)NCc2cccc(C)c2)C1,0.7224,2.6472,-6.17,-9.4
CCC/C=C/c1ncccc1C(=O)N1CCCC1,0.8149,2.3541,-5.5,-7.4
C[C@H]1CN(c2ccc(NC(=O)N3C[C@H]4CCCC[C@H]4C3)cc2)CCO1,0.8928,3.1567,-5.85,-8.56
Cc1ccccc1[C@@H](C)[NH2+]CCCC(=O)N1Cc2ccccc2C1,0.8155,3.3215,-6.17,-8.7
Cc1noc(C)c1CCCNC(=O)N1CCN(C(=O)OC(C)(C)C)CC1,0.8273,2.316,-5.76,-7.92
Cc1ccc2oc([C@H]3CCN(Cc4ccccc4)C3)nc2c1,0.7267,2.4227,-6.24,-8.75
CC[C@@H](NC(=O)NCc1cc(C(=O)OC)c(C)o1)c1ccncc1,0.7939,2.8023,-5.79,-8.36
O=C(CCSc1nnnn1C1CC1)Nc1ccc(N2CCCC2=O)cc1,0.7496,2.33,-6.34,-8.3
CN(Cc1ccccc1Cl)C(=O)c1cnn(Cc2ccccc2)c1,0.7077,1.9632,-6.21,-8.15
COc1cc(NC(=O)c2cc(C#N)cs2)c(OC)cc1Cl,0.9341,2.2925,-5.69,-7.6
COCCn1cc(NC(=O)NCC#Cc2cccc(C(F)(F)F)c2)cn1,0.7999,2.5829,-5.92,-9.14
COc1ccc([C@H](NC(=O)c2cc3ccccc3[nH]2)C2CC2)cc1,0.7447,2.487,-6.5,-9.34
O=C(NC[C@H](c1cccs1)N1CCOCC1)c1cccc(F)c1,0.914,2.5247,-5.78,-7.95
CSC[C@@H]1CCN(S(=O)(=O)c2cc(C)c(F)c([N+](=O)[O-])c2)C1,0.6029,3.1552,-5.73,-7.4
Fc1cccc([C@@H](NCc2cccnc2)c2ccccc2)c1,0.7655,2.2868,-6.06,-8.61
CCCc1nn(C)c2c1nc(N)n2-c1cccc(Cl)c1Cl,0.8006,2.8524,-6.02,-8.8
CCNC(=O)N[C@@H]1CN([C@@H](C)C(=O)NCc2ccccc2)C[C@@H]1OC,0.6777,3.1805,-5.75,-7.75
C[C@H](C[NH+]1CCCCC1)Nc1ncc([N+](=O)[O-])cc1Br,0.629,4.3986,-5.63,-7.37
COc1ccccc1OCC(=O)Nc1c(C)cccc1C,0.9163,1.5907,-5.84,-8.33
C[C@]12CCC(=O)C=C1CC[C@H]1[C@@H]2C(=O)C[C@@]2(C)C(=O)CC[C@H]12,0.6897,4.0606,-5.88,-8.15
O=C(Nc1ccc(Br)cc1)[C@H]1CCCN(c2nccnc2Oc2ccccc2)C1,0.5963,2.5923,-6.37,-8.47
CCOC(=O)CN(CC(C)C)C(=O)c1cc(C)c(Br)s1,0.7282,2.5255,-5.55,-6.64
Cc1c(NC(=O)c2ccc(F)cc2)cccc1-c1nc2cccnc2s1,0.5536,2.0813,-6.51,-9.03
CN1CCc2cc([C@H](CNC(=O)Nc3ccc(F)cc3)N3CC[NH+](C)CC3)ccc21,0.698,3.5833,-6.23,-8.67
OCCOc1ccccc1C[NH+]1CCc2onc(-c3ccccc3F)c2C1,0.6978,3.7678,-6.28,-8.84
COc1ccc2nc(C(=O)Nc3ccc(C)c(C(=O)N(C)C)c3)ccc2c1,0.77,2.0217,-6.28,-9.39
Cc1cccc(OCCNC(=O)[C@H]2CN(Cc3ccccc3)CCO2)c1,0.776,2.4511,-5.76,-8.9
COc1ccc(C[NH+]2CCC(=O)NC[C@@H]2C)cc1Cn1cncn1,0.7844,4.2606,-5.99,-8.65
Cc1cc(C)n2c(SCC(=O)Nc3c(C#N)c(C)c(C)n3Cc3cccs3)nnc2n1,0.4467,2.8174,-6.27,-8.69
Cc1ccccc1CNC(=O)[C@@H](C)Sc1nc2ncccn2n1,0.7277,2.8012,-5.9,-8.34
CC(C)[NH2+]Cc1ccc(OCc2ccccc2)c(Cl)c1,0.8669,2.6024,-5.64,-7.93
C[C@H](C(=O)Nc1cccc2ccccc12)[NH+](C)CC(=O)N1CCN(Cc2ccccc2)CC1,0.5852,3.3802,-6.48,-8.99
C[C@H](CCN1CCOCC1)[NH2+]Cc1cccc(F)c1F,0.849,3.5396,-5.45,-6.88
C[C@H](NC(=O)Cc1ccc(OC(F)F)cc1)c1ccncc1,0.8919,2.4226,-5.73,-8.18
COc1cccc([C@@H](CNC(=O)c2nn(C(C)C)c(=O)c3ccccc23)[NH+]2CCCC2)c1,0.5962,3.7368,-6.44,-8.58
CC[C@@H](Cc1ccc(C)cc1)NC(=O)[C@@H]1C[C@@H]1C,0.8483,2.8494,-5.3,-7.56
NC(=S)[C@H]1CN(c2ncccc2C(F)(F)F)CCO1,0.8387,3.1912,-5.57,-7.33
Cc1c([C@H](C)NC(=O)C[C@H]2C[NH2+]CCO2)cnn1C,0.7544,4.2845,-5.4,-7.43
N#Cc1ccc(C(=O)Nc2cnn(-c3ncccn3)c2)cc1,0.7928,2.2261,-5.97,-8.91
Cc1ccc(C)c(N2C[C@H](C(=O)Nc3ccccc3C#N)CC2=O)c1,0.9374,2.5129,-6.23,-8.64
Cc1ccccc1C(=O)N[C@H](CC(C)C)C(=O)/N=C1/NCCS1,0.8677,3.328,-5.86,-7.76
C[C@H]1CCN(C)c2ccccc2N1C(=O)C[NH+](C)C1CC1,0.8959,4.1159,-5.26,-7.18
O=C(CCCn1ccnn1)N[C@H]1CCOc2ccccc21,0.908,2.8343,-5.64,-7.85
CC(C)Cn1c(=O)[nH]c(=O)c2c(C(=O)N3CCC[C@@H](C)CC3)cc(C3CC3)nc21,0.8577,2.9666,-6.37,-9.09
c1ccn2cc(CN3CCN(Cc4cn5ccccc5[nH+]4)CC3)[nH+]c2c1,0.5551,4.1773,-6.35,-8.99
CC(C)(Nc1ncc(N)cc1Br)C(N)=O,0.7683,2.7666,-5.36,-6.49
CCc1ccc(CCOC(=O)c2cnc([C@H]3CCCO3)s2)cc1,0.7519,2.8697,-5.62,-7.82
Nc1cc(C(F)(F)F)ccc1NC(=O)CSC[C@@H](O)CO,0.5919,2.8163,-5.65,-7.83
COc1cc(C[C@H]2NS(=O)(=O)c3ccccc3[C@@H]2O)cc(OC)c1O,0.7553,3.4854,-5.98,-8.29
COc1cccc(-c2nn(C(C)(C)C)cc2CNc2ccc3c(c2)COC3)c1,0.6829,2.6191,-6.31,-8.5
CCc1nc2n(n1)CCC[C@H]2NC(=O)NC[C@](C)(O)c1ccc(C)o1,0.7645,3.8782,-5.98,-8.42
Cn1cc(/C=C/C(=O)N2CC[NH+](C3CC3)CC2)c2ccccc21,0.8449,3.5498,-6.17,-8.69
Cc1ccc(OS(=O)(=O)c2ccc(Cl)cc2)c(C)c1,0.8107,1.7799,-5.88,-7.67
[NH3+][C@H]1CCCCC[C@H]1C(=O)N1CCSCC1,0.691,3.8323,-5.14,-6.45
Cn1cc(C(=O)N2C[C@@H](c3cc(C(F)F)[nH]n3)[C@H](c3ccccc3)C2)ccc1=O,0.7343,3.626,-6.55,-8.6
N#Cc1cc(Cl)nc(NNC(=O)/C=C/c2cccnc2)c1,0.5127,2.6916,-5.7,-8.23
CC[C@H](C)[C@H](NC(N)=O)C(=O)NNC(=O)Cc1ccc(F)cc1,0.5745,2.78,-5.8,-7.75
CC(C)c1ocnc1CSc1nnc(-c2ccncc2)n1C,0.673,2.7975,-5.77,-7.86
Cc1ccc(N2C(=O)C[C@]3(CCN=N3)C2=O)cc1,0.7065,3.6793,-5.54,-7.0
COc1ccc(C[S@@](=O)CC2CCOCC2)cc1Br,0.821,3.0108,-5.45,-7.59
Cc1ccc([C@H](CO)Cc2ccncc2Cl)cc1,0.9155,2.5864,-5.64,-7.56
O=C(NCCC(=O)N1CCCCC1)c1ccc([N+](=O)[O-])c(O)c1,0.629,2.0714,-5.89,-8.36
CCCn1nc(C)c(C(=O)N2CCC[C@@H]([C@@H]3Nc4ccccc4S(=O)(=O)N3)C2)c1C,0.7754,3.6022,-6.36,-8.8
CCCC(=O)N(Cc1ccco1)c1nc2ccc(F)cc2s1,0.7019,2.2639,-5.79,-7.92
COc1ccccc1C(=O)NC(=O)CSc1nnc2ccccn12,0.7116,2.0944,-5.99,-8.6
C/C(=N/Nc1ccc([N+](=O)[O-])cc1[N+](=O)[O-])C1CC1,0.4989,2.4691,-5.49,-7.33
CC(=O)N1c2ccc(S(=O)(=O)N3CCC(C(=O)N4CCN(C)CC4)CC3)cc2C[C@H]1C,0.6932,2.8466,-6.24,-8.44
Cc1cc(CSCc2nsc(N(C)C)n2)no1,0.8309,3.0166,-5.36,-7.17
COc1ccc(/C=N/NC(=O)C(C)(C)O)cc1OC(C)C,0.618,2.3098,-5.18,-6.97
C[C@H]1CCN(C(=O)CCOc2ccc(Cl)cc2[N+](=O)[O-])C[C@@H]1O,0.654,3.0186,-5.63,-7.39
O=C(c1ccccn1)N1CCCCC[C@@H]1c1ccncc1,0.8487,2.4899,-6.04,-7.76
Cc1cc(C)c(S(=O)(=O)N2CCC[C@](C)(C(=O)NCc3ccccc3C)C2)cc1C,0.7819,2.8614,-6.59,-9.15
C[C@H]1SCCC[C@@H]1Nc1c(F)cc(Br)cc1F,0.8647,3.596,-5.35,-6.99
CN1CCN(C(=O)c2cccc(S(C)(=O)=O)c2)[C@H](CNC(=O)OC(C)(C)C)C1,0.804,2.8263,-6.0,-8.26
CC1(C)CCC[C@H]([NH2+]CCCC(=O)NC2CC2)C1,0.6936,3.9627,-5.34,-6.86
COc1ccc(/C(C)=N/NC(=O)c2ccc(C)c(Br)c2)cc1,0.663,1.8983,-5.81,-8.37
CCCCN1CC(=O)N2[C@@H](c3ccc(OC)c(OC)c3)c3[nH]c4ccccc4c3C[C@@H]2C1=O,0.6258,3.2082,-6.36,-8.42
Cc1nn(-c2nncc(-c3ccccc3)n2)c2c1[C@@H](c1ccc(O)cc1)CC(=O)N2,0.5489,3.2252,-6.78,-9.75
CCOc1ccc(NC(=O)[C@@H](C)Sc2nc3ccccc3[nH]2)cc1,0.663,2.3523,-6.04,-8.86
Cc1nc(C)c(C(=O)N2CCC(NC(=O)OC(C)(C)C)CC2)s1,0.8992,2.252,-5.64,-7.88
COC(=O)CC1CC[NH+](Cc2cn(-c3ccccc3)nc2C)CC1,0.8472,3.4092,-5.87,-8.48
c1cnc2c(OC[C@@H]3CCC[NH+]4CCCC[C@@H]34)cccc2c1,0.9418,4.3582,-5.87,-8.02
CC1(C)CCCC[C@H]1[NH2+][C@H](CC#N)c1ccccc1,0.8839,4.0901,-5.68,-7.66
CCN(Cc1cccs1)C(=O)CSc1nnc(C)n1-c1cc(C)ccc1C,0.5519,2.3827,-5.28,-7.83
CC(=O)N1CCc2ccc(NC(=O)c3cc(C)cs3)cc2C1,0.9251,2.2498,-6.14,-8.75
CC(C)/C(C=O)=C\c1ccc(-n2cccn2)cc1,0.6077,2.6132,-5.43,-7.32
C=CCC[C@H](O)c1ccc(F)cn1,0.7223,3.0593,-4.95,-5.73
Nc1c(N2CCCC2)c2ccccc2oc1=O,0.7608,2.2587,-5.86,-8.06
CCc1ccc(-c2nnc([C@@H](Br)CC)o2)o1,0.8029,3.1702,-5.54,-6.82
CCOc1ccc2[nH]c3nc(SCc4cccnc4)nnc3c2c1,0.5609,2.429,-5.97,-9.14
CCOC(=O)c1c(NC(=O)C(C)(C)C)sc(C)c1-c1ccccc1,0.8032,2.115,-6.0,-8.19
C[NH+]1CCC2(CC1)OC[C@@H](C(=O)[O-])N2C(=O)c1ccc(C(C)(C)C)cc1,0.7775,4.6805,-5.91,-7.55
C[C@H](NS(=O)(=O)Cc1ccc2ccccc2c1)c1ccc(NC(=O)C2CC2)cc1,0.6096,2.495,-6.58,-9.68
CCCCc1nc(C)c(C[NH2+]C(C)(C)C)c(C)n1,0.871,3.3351,-5.22,-6.57
N#Cc1ccc(OC2CCC(NC(=O)c3cccnc3)CC2)nc1,0.9339,2.3309,-5.93,-8.27
CCCCCO[C@H]1CC[C@]([NH3+])(C(N)=O)C1,0.6211,4.0578,-5.01,-5.88
Cc1c(I)cnn1C,0.6053,2.7735,-4.96,-5.65
Cc1cc(N2CC[C@@](O)(C3CCC3)[C@H](C)C2)cc[nH+]1,0.8859,4.4911,-5.63,-7.71
CN(CC(C)(C)C[NH3+])C(=O)Cc1ccc(F)c(F)c1,0.8601,2.9403,-5.46,-6.93
Cc1ccc(-c2ccncc2)cc1NC(=O)c1c(C)c(C)nn(C)c1=O,0.7892,2.2361,-6.26,-8.83
CCOC(=O)[C@@]1(N)CC[C@@H](OCC2CCOCC2)C1,0.7618,3.5434,-5.37,-7.44
CC(C)OC(=O)c1ccc2ncc3c(=O)[nH]c(N)nc3c2c1,0.5491,2.5076,-6.16,-9.13
COc1ncccc1CNC(=O)N[C@@H](c1ccccc1)c1cccc(F)c1,0.698,2.5125,-6.52,-9.07
CC(C)[NH+]1CCC(CC(=O)N2CCC[C@@H]2c2nc3ccccc3n2C)CC1,0.8988,3.8246,-6.33,-8.11
Cc1nc(-c2ccc(N3CCN(C(=O)/C=C\c4ccc5c(c4)OCO5)CC3)[nH+]c2)no1,0.5955,3.2665,-6.37,-9.07
Nc1cc(S(=O)(=O)[N-]c2cc(Cl)ccc2F)c(F)cc1F,0.8683,3.3191,-5.86,-8.0
CCC1CC[NH+](C[C@@H](CS)C(C)(C)C)CC1,0.6996,4.8868,-4.95,-6.33
C[C@H](CNC(=O)c1ccc(Cl)s1)[NH+]1CCc2sccc2C1,0.8781,4.3645,-6.16,-7.61
CN(C(=O)c1ccco1)c1ccccc1C(=O)Nc1ccn(CC[NH+](C)C)n1,0.642,3.1531,-6.15,-8.62
O=C(Nc1ccc(Br)cc1F)N[C@@H]1CC(=O)N(c2ccc(F)cc2)C1,0.8118,2.5376,-6.22,-8.19
CCOc1ccc(COc2ccc(N3CCCC3)cc2)nc1,0.8149,1.9025,-5.74,-8.19
Cc1ccc(C(=O)NCCc2nc3ccccc3n2CC(=O)N2CCCC[C@@H]2C)cc1,0.6635,2.5814,-6.54,-9.19
CC[C@@H](C)[C@@H](C(=O)NCc1ccc([N+](=O)[O-])cc1)c1ccccc1,0.6163,2.6578,-5.9,-8.55
Cc1cc(C)cc(OC[C@@H]2CSc3ccccc32)c1,0.8076,2.7956,-5.93,-7.62
Cc1nc(-c2cccc(C(=O)Nc3ccc4c(c3)COC4)c2)cs1,0.771,2.1951,-6.32,-9.32
CCCCN1C[C@]2(CCCN(C(=O)c3cnn4cccnc34)C2)CCC1=O,0.8296,3.6069,-6.23,-8.38
C[C@H]1CCC[NH+](Cc2ccccc2CNC(=O)N[C@@H]2C=C[C@H](CO)C2)C1,0.5783,4.7712,-5.93,-8.77
Cc1occc1C(=O)NC1CCN(CC(=O)Nc2nccs2)CC1,0.8613,2.2893,-5.81,-7.86
O=C(CN1CCN(C(=O)CCC(=O)c2ccc3c(c2)CCCC3)CC1)Nc1cccc(F)c1,0.655,2.2001,-6.41,-10.03
C[C@H]1CCCC[C@@H]1[NH+]1CCC(NC[C@@H]2CC[C@H](C(N)=O)O2)CC1,0.6783,4.9786,-5.8,-8.23
O=C(NCc1cccnc1OC1CCCC1)Nc1cccc(C[NH+]2CCCC2)c1,0.6753,3.2671,-6.37,-9.54
N#Cc1ccc(N2CC[C@@H](Nc3cccc4c3OCCO4)C2=O)cc1,0.9329,2.947,-6.1,-8.4
Cc1nc(-c2ccco2)nc2sc(C(=O)Nc3ccc4c(c3)OCCCO4)c(C)c12,0.5019,2.5322,-6.6,-9.38
CN(C)N(C(=O)[C@]1(C)CC1(Cl)Cl)[C@H]1CCS(=O)(=O)C1,0.5739,3.9682,-5.72,-7.53
COc1ccccc1-c1noc([C@H]2CCCN2C(=O)c2ccc(F)cc2)n1,0.7003,2.5189,-6.56,-8.71
C#CCCNC(=O)c1c(F)cccc1F,0.5956,2.1616,-5.23,-6.23
O=C(NCCCN1CC[NH2+]CC1)[C@@H]1CCCO1,0.5801,3.8667,-5.14,-6.63
COC(=O)c1ccc(Cl)cc1NC(=O)[C@@H]1Cc2ccccc2C(=O)O1,0.8521,2.5649,-6.36,-8.67
COCCOC(=O)c1sc2nc(/C(Cl)=C/c3ccc4ccccc4c3)[nH]c(=O)c2c1C,0.3278,2.6329,-6.59,-9.35
O=C(CNC(=O)c1ccc(Cl)c(Cl)c1O)NCc1ccco1,0.7771,2.1776,-5.9,-8.24
O=C(c1cc2ccccn2n1)N1CCN(c2ccc(F)cc2)CC1,0.7269,2.1907,-6.44,-8.94
O=C(NCc1cccc(OCCN2CCOCC2)c1)c1csnn1,0.8097,2.2743,-5.74,-8.34
CN(Cc1ccc(F)cc1)C(=O)CNC(=O)c1cc2occc2n1C,0.7729,2.3462,-6.18,-9.17
COc1cc(N2CCn3c(nc4ccccc43)C2)ccc1NC(=O)Cn1nc(C)c2ccccc2c1=O,0.4003,2.5159,-6.11,-8.51
Cc1cc(NC[C@H](c2ccccn2)N2CCOCC2)n2nc(C)cc2n1,0.7595,3.1286,-6.24,-8.74
Cc1ccc(Cn2c(=O)n(C[C@@H]3CCCO3)c(=O)c3ccccc32)cc1,0.7269,2.4843,-6.4,-9.0
CCCN1CCc2nc(NC(=O)c3ccccc3C)sc2C1,0.9394,2.1414,-5.75,-8.32
CCN(C(=O)C[C@H](C)CC(C)C)c1ccc(Br)cn1,0.7817,2.9381,-5.4,-7.14
COc1cc(F)cc(CNC(=O)N[C@@H](CN2CCOCC2)c2ccccc2)c1,0.7669,2.5973,-6.08,-8.78
O=C(N[C@@H]1CCSc2ccccc21)C1CCC(n2cccc2)CC1,0.8877,2.9869,-6.22,-8.15
c1ccc2c(c1)CC[C@@H](N[C@@H]1CC[NH2+]C1)C2,0.7405,4.0991,-5.45,-7.01
O=S(=O)(NCC[NH2+][C@@H]1CCc2ccccc21)c1cccs1,0.7867,3.6404,-6.04,-7.92
O=C(NCC[C@@H]1C[C@H]2CC[C@@H]1C2)c1ccc(-n2ccnc2)c([N+](=O)[O-])c1,0.6362,4.1023,-6.0,-8.58
Cc1cc(CC(=O)Nc2cc(Br)c[nH]c2=O)no1,0.9012,2.4641,-5.86,-8.16
CN1C(=O)N(C)[C@H]2OC3O[C@@H]4[C@@H](OC3O[C@@H]21)N(C)C(=O)N4C,0.572,4.9063,-5.58,-7.18
CC(C)CN1CCO[C@@H](CNC(=O)c2ccc[nH]c2=O)C1,0.827,2.8221,-5.75,-7.63
COc1cccc(CNC(=O)CCc2nnc3ccc(N4CCC5(CC4)OCCO5)nn23)c1,0.5782,3.1335,-6.4,-9.03
CC(C)[NH+]1CCCN(C(=O)C(C)(C)c2cccc(C#N)c2)CC1,0.9157,3.9791,-5.87,-7.9
COc1ccc(C(=O)C[NH+]2CCC([NH+]3CCCCC3)CC2)cc1,0.7495,4.3592,-5.8,-7.61
CC[NH2+][C@@H](C)c1ccnc(Oc2cccc(Cl)c2)c1,0.9116,3.4974,-5.53,-7.63
Cc1cc(Br)cnc1SCC1(CC(=O)[O-])CC1,0.7815,3.3525,-5.31,-7.3
CC(=O)Nc1ccc2oc(-c3ccc(O)c(Br)c3)nc2c1,0.7368,2.1416,-6.26,-9.13
O=C(CSc1n[nH]c(N/N=C/c2ccc(F)cc2)n1)Nc1ccc(F)cc1,0.3281,2.2919,-6.09,-9.03
C[C@H](C#N)CNC(=O)Nc1ccc(Oc2ccc(C#N)cc2)cc1,0.8785,2.5336,-5.75,-8.3
COC(C)(C)CNC(=O)C[C@H](C)c1cccc(C(F)(F)F)c1,0.8678,2.8369,-5.46,-8.61
O=C1OC(/C=C\c2ccccc2)=N/C1=C\c1cccc(Cl)c1,0.6243,2.3389,-6.1,-8.49
C[C@@H]1CC[C@H]([NH3+])[C@H](C(=O)N(C)C[C@@H]2CCC[NH+]2C)C1,0.6902,5.7341,-5.53,-7.37
Cc1ncc(Cl)c(C(=O)N[C@H]2CC[C@H]([NH+](C)C)C2)n1,0.8351,4.2285,-5.27,-7.62
O=C(CCc1ccco1)N(CCO)Cc1ccccc1,0.8414,1.9608,-5.65,-7.13
O=C(Nc1ccc(C(=O)Nc2ccccc2C(=O)NC2CC2)s1)c1ccco1,0.5918,2.2238,-6.53,-8.39
COc1cccc(CNc2ccc(Cl)cc2C#N)c1O,0.903,2.0936,-5.67,-7.72
COc1ccc([C@H]2[C@H](C(=O)Nc3ccc(Cn4cncn4)cc3)c3ccccc3C(=O)N2C)cc1OC,0.416,3.1784,-6.74,-8.23
CN(C)c1nccc(N2CCN(Cc3ccccn3)CC2)n1,0.8468,2.2427,-5.77,-7.96
[NH3+][C@@H]1CC[C@@H](Nc2cc(C(F)(F)F)ccc2F)C1,0.7903,3.6503,-5.71,-7.68
CCOC(=O)c1c(NC(=O)c2nc3n(n2)[C@@H](C(F)F)C[C@H](C)N3)sc2c1CC[C@H](C)C2,0.6666,4.1775,-6.35,-8.79
O=C(Cn1cccc1-c1nc(-c2ccc(F)c(Br)c2)no1)NCc1ccccc1F,0.4458,2.4504,-6.59,-9.16
CCOc1ccc(C2=CCN(C(=O)C[C@H](NC(N)=O)c3cccs3)CC2)cc1,0.7465,2.8927,-6.11,-7.94
CC(C)(CNC(=O)C(=O)c1cnn(-c2ccccc2)c1)[NH+]1CCCCC1,0.6005,3.4985,-6.09,-8.3
CSCC[C@@H](C)NC(=O)N1CCN(c2ncccc2C#N)CC1,0.8912,2.8517,-5.72,-7.92
COc1ncc(C)cc1NCc1ccn(-c2ccccc2)n1,0.7849,2.2642,-5.91,-8.48
CCc1cccc(C)c1NC(=S)NCCC1=c2cc(C)ccc2=[NH+][C@@H]1C,0.7023,3.7517,-5.86,-8.18
Cc1ccc(-c2nc(NC(=O)c3ccoc3C)sc2C)cc1C,0.7454,2.2107,-6.24,-9.0
CCn1ncc(NC(=O)c2cccc(OC)c2)c(N2CCCCC2)c1=O,0.8908,2.2383,-6.09,-8.86
CSCC[C@H](NC(=O)c1ccccc1Br)C(=O)N1CCCCCCC1,0.7441,2.5139,-5.94,-7.85
CC(=O)N[C@H](C)C(=O)NCCC[NH+]1CCC[C@H](C)C1,0.5608,4.5525,-5.48,-7.85
Cc1cccc(NC(=O)C[NH2+][C@@]2(CO)C[C@H](C)CC(C)(C)C2)c1C,0.7744,4.0505,-5.91,-8.3
C[C@H](Oc1ccc(Cl)cc1)C(=O)N1CCN(CC(N)=O)CC1,0.8659,2.3527,-5.49,-7.47
COc1cccc(Nc2nnc(S[C@@H](C)C(=O)N[C@@H]3CCCc4ccccc43)s2)c1,0.5056,3.0143,-6.39,-9.39
CC[C@@](C)([C@@H]([NH3+])CCC1CC1)[NH+]1CCCCC1,0.6949,5.3081,-5.18,-7.04
Cc1cccn2c(=O)c3cc(C(=O)NCc4ccccc4)c(N)[n+](Cc4ccncc4)c3nc12,0.3153,2.7728,-6.61,-9.73
C[C@@H](C(=O)NC[C@@H](O)c1c(Cl)cccc1Cl)S(C)(=O)=O,0.8524,3.1288,-5.64,-7.79
[O-]c1nc(-c2ccncc2)nc2c1C[NH+](Cc1ccncc1)CC2,0.7432,4.2621,-6.21,-8.67
CCOC(=O)N1CCc2c(sc3c2C(=O)N[C@@H](c2ccc(Cl)cc2)N3)C1,0.817,3.0567,-6.36,-8.56
Cc1n[nH]c(=S)n1CCNC(=O)Nc1ccc(N2CCCC2)c(F)c1,0.7132,2.4087,-6.01,-8.62
CCNC(=O)N1CC[C@@H]([NH2+][C@@H](CC(C)C)c2cccs2)C1,0.8313,4.1438,-5.55,-7.92
C[C@H](NC(=O)[C@H]1CS[C@H]2c3ccccc3C(=O)N12)C(=O)NC1CCCCCC1,0.7605,3.3147,-6.2,-8.18
Cc1cc(C)cc(NC(=O)C(=O)NCC2CCN(c3cc[nH+]cc3)CC2)c1,0.8127,3.0455,-6.13,-9.36
COC(=O)C1CC[NH+]([C@@H](C)C(=O)N(C)CC(=O)Nc2ccc(C)cc2)CC1,0.6977,3.6345,-5.74,-7.81
O=C(c1cn(CCC2CCCCC2)nn1)N1CCCN(c2ncccn2)CC1,0.7887,2.4506,-6.08,-8.27
Cn1cnnc1COc1cccc(C(=O)NCc2ccccc2)c1,0.756,1.9858,-5.96,-9.05
CC[C@H](C)Oc1ccccc1-c1ncc[nH]1,0.8514,2.6825,-5.34,-7.23
Cc1ccc(S(=O)(=O)OC[C@H]2CCC[NH+]2Cc2ccccc2)cc1,0.8135,3.9082,-6.12,-8.36
O=C1N[C@@]2(C(=O)Nc3c(F)cc(Cl)cc32)N2CCCC[C@H]12,0.7645,4.23,-5.73,-8.02
C[NH+](C)[C@@H]1CC[C@H](NCc2csc(COc3ccc(Cl)cc3)n2)C1,0.7905,3.8299,-5.7,-8.25
C[C@H]1C[C@@H]1C(=O)Nc1ccc(/C([O-])=N/S(=O)(=O)c2ccc(Cl)cc2F)cc1,0.6056,3.4143,-6.23,-8.85
CC(C)OCc1c(C(=O)[C@@H](C#N)c2ccc(F)cn2)oc2ccccc12,0.6153,3.2159,-6.02,-8.63
Cc1ccc(C(=O)NNC(=O)N[C@@H]2CCc3cc(Cl)ccc32)o1,0.7389,2.7759,-6.27,-8.95
CN(CCNc1ccc(Cl)c(Cl)c1)c1ccccc1,0.8707,1.8412,-5.63,-7.97
COc1cccc(C(=O)Nc2ccccc2NC2CC[NH+](C)CC2)c1,0.7807,2.9048,-6.09,-8.7
NS(=O)(=O)c1ccc(NC(=O)Cc2cc(Cl)c3c(c2)OCCCO3)cc1,0.8241,2.2054,-6.22,-8.75
CCC[C@](O)(CCN1CCOCC1)c1ccc(OC)cc1,0.8381,2.6528,-5.31,-6.63
COc1ccc(-c2csc(NC(=O)C(F)(F)F)n2)cc1OC,0.9329,2.0869,-5.79,-8.5
CC[C@H](Nc1cc(C#N)ccc1OC(C)C)C(=O)Nc1cc(C)on1,0.7989,2.9225,-5.84,-8.49
CCC[NH+]1CCC(CNC(=O)NCC(C)(C)SC)CC1,0.6601,4.2152,-5.54,-8.18
Nc1cc(N)nc(SCC(=O)Nc2ccc(F)c(F)c2)n1,0.5853,2.2016,-5.68,-8.36
CN(CC[C@H]1CCCC[NH+]1C)[C@@H]1CCN(c2ccc(C#N)cc2)C1=O,0.871,4.4893,-5.91,-7.75
COC(=O)C(C)(C)[C@H]1CCCN(C(=O)CCc2c(C)noc2C)C1,0.773,3.0619,-5.77,-7.94
CCCC[C@@H]1CCC[C@H]1[NH2+][C@@H]1CCCN(c2cccnn2)C1,0.8774,4.3768,-5.11,-7.02
COc1cc(CNCCc2cn3ccccc3[nH+]2)cc([N+](=O)[O-])c1O,0.3861,3.4034,-6.02,-8.57
Cc1cc(F)cc(NC(=O)c2cc(C)ccc2O)c1,0.868,1.8301,-6.04,-8.2
COC(=O)c1cccc(NC(=O)c2cnc3ccc(C)cn3c2=O)c1,0.7388,2.0835,-6.3,-9.05
CCn1nc(C)c2c(C(F)(F)F)cc(-c3ccc(OC(F)F)cc3)nc21,0.603,2.4295,-6.11,-8.96
CC(C)[C@@H]1CC[C@@H](C)C[C@H]1[NH3+],0.5981,4.3858,-4.88,-5.54
CNS(=O)(=O)c1cc(NC(=O)c2cccc(F)c2)ccc1C,0.9067,1.8197,-6.1,-9.33
C[C@@H]1CCCN(C(=O)Nc2ccc3nc(N(C)C)oc3c2)[C@H]1CO,0.9024,3.4143,-5.75,-7.75
Cc1cccc(NC(=O)c2ccc(-n3cnc4ccccc4c3=O)cc2)n1,0.6107,2.0326,-6.73,-9.97
COc1ccccc1NC(=O)N(C)[C@H]1CCC[C@@H](C)C1,0.9134,2.7215,-5.77,-7.96
O=C(OCCCc1ccncc1)[C@@H]1C[C@@H]1c1ccccc1F,0.6051,2.8385,-5.82,-8.21
Cc1cccn2c(=O)c(C(=O)N[C@H]3CCN(C(=O)C(C)C)C3)cnc12,0.9015,2.8274,-6.09,-8.29
C[NH+](CC(=O)N1CCC[C@H](COc2ccc(F)cc2)C1)Cc1ccccn1,0.8023,3.6467,-6.06,-7.88
CCOC(=O)C(C)(C)N(C)C(=O)C[C@@H](O)c1cc(Cl)cc(Cl)c1,0.7895,3.0998,-5.58,-7.55
Cc1ccc(C(=O)NC2CCCCCCC2)o1,0.8529,1.8877,-5.58,-7.35
Cc1cc(C[NH2+][C@@H]2CCCn3c(C)nnc32)ccc1Oc1cccnc1,0.768,3.7135,-6.26,-8.4
Cc1cccc([C@H]2CCCN(C(=O)c3coc(CN4CCOCC4)c3)C2)c1,0.8294,2.825,-5.83,-9.07
Cc1nc(NC(=O)[C@@H](C)Sc2ccccn2)sc1C,0.879,2.6717,-5.62,-7.73
CC[C@H]1NC(=O)[C@H](C)N(c2cccnc2C)C1=O,0.8484,3.2894,-5.5,-6.57
CC(=O)N1c2ccccc2[C@@]2(O)N=C(C)S[C@@H]12,0.7598,3.9296,-5.3,-6.63
CC(=O)N1c2ccc(S(=O)(=O)N3CCCCC3)cc2C[C@@H]1C(=O)Nc1ccc(C)c(C)c1,0.7656,2.7495,-6.62,-9.59
CCOC(=O)/C=C(\C(=O)OCC)n1cc(C)c(=O)[nH]c1=O,0.5959,2.7519,-5.55,-7.16
Cc1cc(S(=O)(=O)[N-]c2cccc3[nH]ccc23)sc1C(=O)[O-],0.79,3.8492,-5.94,-8.32
C[NH2+]C[C@@H](Cc1cnn(C)c1)c1cccc(Br)c1,0.8962,3.6564,-5.38,-8.24
Cc1cc(NC(=O)c2cc3ccccc3o2)n(-c2nc3ccc(F)cc3s2)n1,0.4726,2.3731,-6.71,-9.7
C[C@H](CNC(=O)c1ccccc1F)Oc1ccccc1,0.909,2.1217,-5.76,-8.09
C[C@H]1CC[C@@]2(CO)C(C(=O)[O-])=C[C@@H](O)C[C@@H]2[C@@]1(C)CCc1ccoc1,0.8452,4.9096,-5.79,-7.81
Cc1ccc(C(=O)N(C)[C@@H]2CCc3ccccc3C2)cc1,0.8219,2.3274,-6.29,-8.08
COc1ccc(-n2cnnc2SCC(=O)N(C)[C@H]2CCC[C@@H](C)C2)cc1,0.7254,3.0828,-6.03,-8.1
NC(=O)[C@@H]1Cc2ccccc2CN1C(=O)[C@@H]1Cc2ccccc2O1,0.9089,3.0122,-6.39,-8.44
Cc1nc(S[C@H](C)C(=O)NC(N)=O)c(C#N)c(C)c1C,0.8215,2.9889,-5.3,-7.38
Cc1ncsc1CN(C)C(=O)CC[C@@H](C)O,0.8524,3.0161,-5.13,-6.18
C[NH+](C)[C@@H]1CC[C@H](NC(=O)c2ccnnc2)C1,0.7262,4.3298,-5.43,-6.69
CC[NH2+][C@H](COCC)c1ccc(Br)cc1,0.8437,3.7506,-5.14,-5.84
CCc1ccc([C@H]2CCCCCN2C(=O)c2ccc(C)nc2)o1,0.8484,2.7549,-6.11,-8.46
CNS(=O)(=O)CCn1ccnc1-c1ccc(-c2ccccc2)s1,0.7456,2.4892,-6.07,-8.29
CC[C@@H](C)NNC(=O)CC[NH+]1CCCCC1,0.5544,4.6901,-4.62,-6.37
NS(=O)(=O)c1cc(N2CCCCCCC2)cc([N+](=O)[O-])c1,0.6783,2.1599,-5.74,-7.45
O=C(C[C@@H]1CSCC[NH2+]1)NC[C@H]1CCCC[C@@H]1CO,0.6652,4.5893,-5.53,-7.42
CCCNC(=O)N1CCN(c2ccccc2OC)C(=O)[C@@H]1C,0.9232,2.5999,-5.75,-7.25
Cn1cc(C(=O)Nc2cc([N+](=O)[O-])ccc2OC(F)F)c(-c2cccs2)n1,0.5048,2.4597,-6.22,-8.43
Brc1cccc(-c2nn3c(COc4ccccc4)nnc3s2)c1,0.5269,2.1999,-6.32,-9.05
CCNC(=O)N1CCCN(c2nc(Cc3ccccc3)nc3c2cnn3-c2ccccc2)CC1,0.497,2.3951,-6.61,-9.39
CC[C@@H]([NH2+]C[C@H]1CCCN(S(C)(=O)=O)C1)C1CCCCC1,0.8085,4.0432,-5.57,-7.64
CCc1nn(C)cc1CNC(=O)Cc1c(C)nc2ccccc2c1C,0.779,2.4179,-6.12,-8.9
C[C@H]1CCC[C@@H](NC(=O)[C@@H](C)[NH+]2CCC[C@H](O)C2)[C@@H]1C,0.7002,4.9941,-5.71,-7.86
C[NH+](Cc1ccc(N)cc1)[C@@H]1CCOC2(CCCC2)C1,0.8255,4.72,-5.53,-7.49
CN(C)C(=O)CN(CC(F)(F)F)C(=O)CCCO,0.7517,2.4967,-5.28,-6.13
CCc1nnc2n1CCN(CC(=O)Nc1ccnn1[C@H](C)C1CC1)C2,0.8588,3.231,-5.78,-8.36
CCN(CC)c1ncc(CN(C)C[C@@H]2CCC[NH+](C)C2)s1,0.8222,4.4858,-5.42,-6.99
CCCCN1C(=O)C[C@H](C(=O)N2CCN(C(=O)Nc3ccccc3)CC2)[C@@H]1c1ccc(OC)cc1,0.657,3.0178,-6.33,-8.92
COc1ccc(OC)c(/C=N/N=C2/NC(=O)[C@@H](CC(=O)[O-])S2)c1,0.5669,3.7786,-5.98,-7.67
COc1cccc(NC(=O)[C@H]2C[C@@H]2c2cc(Cl)cc(Cl)c2)c1,0.8754,2.6848,-6.08,-8.54
C[C@H]1CC[C@@H](C)CN1C(=O)c1ccc(S(N)(=O)=O)o1,0.8832,3.2205,-5.78,-7.8
O=C(Nc1ccc(N2CCCCC2)c(Cl)c1)c1ccc([N+](=O)[O-])o1,0.6631,2.1554,-6.07,-8.73
COc1cc(F)ccc1N1CCN(CCS(N)(=O)=O)CC1,0.8421,2.1202,-5.64,-7.07
CCOc1ccc(C(F)(F)F)cc1NC(=O)NCCn1c(C)nc2ccccc21,0.6295,2.2062,-6.29,-9.33
NC(=O)Nc1ccc(CNC(=O)[C@@H]2CCCN(C(=O)c3ccoc3)C2)cc1,0.7452,2.6289,-6.16,-8.63
O=C(CCS(=O)(=O)C1CCCC1)N1CCN(c2cc[nH+]cc2)CC1,0.7892,3.27,-5.85,-7.94
COC(=O)c1ccc(NC(=O)C(=O)NC[C@H]2COC3(CCCC3)O2)cc1,0.6165,3.2408,-5.84,-8.38
CN(Cc1ccc(OC(F)F)cc1)C(=O)c1ccc([O-])nn1,0.8346,2.7106,-5.68,-7.85
C[NH+](C)C1([C@@H](O)[C@@H]2CCOC3(CCSCC3)C2)CCCC1,0.8282,5.4354,-5.17,-6.57
Cc1nc2ccccc2nc1SCc1coc(-c2ccccc2)n1,0.4979,2.2396,-6.27,-9.15
C=CCS(=O)(=O)/N=C(\[O-])c1cnc(OCC)c(Cl)c1,0.4393,3.4939,-5.38,-6.5
CC(=O)Nc1ccc(OS(=O)(=O)c2ccc(C(C)(C)C)cc2)cc1,0.8559,1.9034,-5.98,-8.56
N#CC1(NC(=O)CCc2ccco2)CCCCC1,0.8874,2.4166,-5.43,-7.36
CC(C)NS(=O)(=O)[C@@H]1CCN(C(=O)C[C@H](O)c2cccc(F)c2)C1,0.7994,3.2861,-5.91,-7.72
COc1ccc(NC(=O)NC[C@H]2CN3CCCC[C@@H]3CO2)cc1C,0.888,2.9881,-5.82,-8.11
Clc1ccc(/C=N/c2ccc3[nH]ncc3c2)cc1,0.6919,2.2779,-5.85,-7.96
Cc1ccc2cccc(NC(=O)c3cnn(CC(C)C)c3C(F)F)c2n1,0.7258,2.5172,-6.21,-8.4
C[NH+](C)CCN1C[C@H](C(=O)Nc2cc(F)ccc2Cl)CC1=O,0.8225,3.4583,-5.98,-8.03
O=S1(=O)CCc2nc3ccccc3c(-c3ccccc3)c2C1,0.6922,2.3318,-6.5,-9.23
COC(C)(C)C(=O)Cc1csc(C)n1,0.7675,2.6617,-4.94,-5.71
C[NH+](CC(=O)N1CCCCCCC1)CC1CC[NH2+]CC1,0.7015,4.7149,-5.6,-7.32
Cc1ccc(-c2noc3c(=O)n(CCC(=O)Nc4nc5ccc(C)cc5s4)cnc23)cc1,0.4325,2.5092,-6.0,-9.4
Cc1cc(C)n2c(C[NH+]3CCC[C@H](C)CC3)cnc2n1,0.9008,4.6667,-5.83,-8.22
COc1ccccc1CNc1ccccc1OCC(C)C,0.8204,1.736,-5.64,-7.85
O=C(COc1cccc(Br)c1)/N=C1\N=C2C=CC=CN2Cc2ccccc21,0.7488,2.9395,-6.19,-8.8
C[C@](O)(CNC(=O)NCC1(Sc2ccccc2)CC1)c1ccco1,0.7201,3.4728,-5.91,-8.22
C[C@@H]1C[NH+]2CCC[C@@H]2CN1C(=O)Nc1c[nH]nc1-c1ccccn1,0.7618,4.9156,-6.2,-8.54
Cc1ccc(C[NH2+][C@@](C)(CO)C2CC2)c(C)c1,0.7962,3.8201,-5.31,-7.48
C[C@H](NC(=O)N1CCN([C@H](C(N)=O)c2ccccc2)CC1)[C@H]1CCCO1,0.8233,3.2559,-5.73,-8.21
COc1ccccc1NC(=O)[C@@H](C)Nc1ccc(C)c(C(N)=O)c1,0.7598,2.3029,-5.83,-8.82
C[C@H]1C[C@@H]1NC(=O)CCCOc1ccccc1Br,0.8197,2.6755,-5.33,-7.11
CCOC(=O)[C@H]1C(=O)C=C(O)C[C@H]1C,0.5349,3.5327,-5.14,-6.35
C[C@H](CNC(=O)Cn1cc(C(F)(F)F)ccc1=O)c1ccccc1,0.9114,2.5562,-6.12,-8.92
C[C@H]([NH2+]C/C=C/c1ccc(C#N)cc1)[C@@H](O)Cc1ccccc1,0.823,3.6471,-5.77,-8.3
CC(C)(C)c1cc(=O)[nH]c(N2CCC[NH2+]CC2)n1,0.7288,3.9393,-5.45,-6.71
CCCCC(=O)c1cc(C)c(C)cc1C,0.6778,1.8373,-5.2,-6.29
CCOC(=O)C1CCC([NH+](C)[C@H]2CCCC[C@@H]2S(C)(=O)=O)CC1,0.7539,4.4507,-5.63,-8.01
CC[C@H](NC(=O)[C@H]1CN(C)CCO1)c1ccc(Br)cc1,0.9141,3.0376,-5.66,-7.54
CSC[C@@H](C)N(C)C(=O)Nc1cccc(I)c1,0.8298,2.9644,-5.64,-7.83
NN1CCc2cccc(CCO)c21,0.6467,2.7055,-5.0,-5.73
[NH3+]C[C@@H]1CC[C@H](C(=O)Nc2ccccc2C(F)(F)F)O1,0.8838,3.5446,-5.52,-8.08
CCc1cccc(C)c1NC(=O)C[S@@](=O)c1ccc(COC)cc1,0.8361,2.721,-5.92,-8.68
CNC(=O)C1CCN(C(=O)/C=C\c2cc(C)c(C)cc2C)CC1,0.872,2.2664,-5.86,-8.61
Cc1cc(C)c(CNC(=O)N(C)Cc2cn(-c3ccccc3)nc2-c2ccccc2)c(=O)[nH]1,0.4708,2.4579,-6.74,-9.03
O=C([O-])CCCCCN1C(=O)[C@@H]2CC=CC[C@H]2C1=O,0.3912,3.56,-5.64,-7.34
C[C@H]1C[C@@H](c2ccccc2)C[C@H]([NH+]2CCC(N3CCCNC3=O)CC2)C1,0.8574,4.4767,-6.14,-7.65
CN(c1nc(C(F)F)nc2ccccc12)C1CCS(=O)CC1,0.8704,3.0988,-6.07,-8.21
C=CC[C@]1(O)CCO[C@](C)(CC)C1,0.6817,3.973,-4.99,-6.13
[NH3+]C[C@H](Cc1ccn(C2CCCC2)n1)c1ccccc1F,0.9031,3.4007,-5.75,-7.91
O=C([O-])[C@H]1Cc2cc(O)ccc2C[NH2+]1,0.5483,4.58,-5.34,-6.38
Cc1ccc(CN(C)C(=O)c2cc(-c3cnn(C)c3C)[nH]n2)o1,0.8012,2.7286,-6.08,-8.68
CCc1cc(=O)[nH]c(SCC(=O)OC)n1,0.4639,2.5905,-5.26,-6.27
COC(=O)[C@]1(N)CC[C@@H](SCc2ccco2)C1,0.8328,3.7204,-5.44,-7.2
COC[C@H](C)[C@@H]1CCc2ccccc2[C@@H]1O,0.848,3.3273,-5.45,-6.82
CS(=O)(=O)[C@@H]1CCC[C@H](n2cncn2)C1,0.7523,3.5574,-5.27,-6.79
O=C(Nc1nonc1-c1ccc2c(c1)CCCC2)c1cc2ccccc2oc1=O,0.5342,2.4382,-6.86,-9.69
Cc1ccc(S(=O)(=O)Oc2ccccc2/C=C2/SC(=N)NC2=O)cc1,0.6336,2.6286,-6.26,-8.34
CC(=O)Nc1ccc(/C=C/C(=O)OCc2ccccc2F)cc1,0.6783,1.8719,-5.94,-8.62
Nc1ccc(NC(=S)N[C@@H]2CS(=O)(=O)C[C@H]2Cl)cc1,0.4277,3.2513,-5.68,-7.82
C[C@H]1CC2=C(C(=O)O1)[C@H](C)Nc1ccccc1N2,0.6884,3.4946,-5.65,-6.99
CN(C(=O)[C@@H]1C[C@@]12CCc1ccccc12)[C@H]1CCC[C@@H]1S(C)(=O)=O,0.8431,4.4844,-6.09,-7.67
CC[NH2+]C[C@](CC)(c1ccccc1)[C@@H](C)CC,0.7468,4.0734,-5.21,-6.81
CC(C)COC[C@@H](O)CNC1=NS(=O)(=O)c2ccccc21,0.8094,3.0118,-5.46,-7.3
O=C(N/N=C/c1cccc(Br)c1)c1ccc(Cl)cc1,0.6703,1.7704,-5.9,-8.72
COc1nc2c(cc1C(=O)NCc1ccc3c(c1)n(C)c(=O)n3C)CCC2,0.7623,2.4842,-6.39,-9.25
Cc1ccc([C@]2(C)NC(=O)N(Cc3ccc(C(F)(F)F)cc3)C2=O)o1,0.8592,2.8189,-6.16,-8.6
CN(CC(=O)NCc1ccc2c(c1)OCO2)c1ccc(F)cc1,0.9195,2.0215,-5.85,-8.39
C[NH+](Cc1ccccc1)CC(C)(C)Nc1cncc(C(N)=O)n1,0.6938,3.8372,-5.82,-8.33
O=C1CCC2(CC[NH2+]CC2)CC1,0.5604,4.7406,-4.87,-5.76
Cc1occc1-c1nnc(S[C@@H](C)C(=O)NC2CCCCC2)o1,0.8414,2.861,-5.8,-8.33
CCOc1cc(N2CC[NH+](C)CC2)ccc1NC(=O)c1ccc(C=O)cc1,0.7586,3.0096,-6.03,-8.39
C[NH+]1CCCC[C@@H]1CCC(=O)NCCc1cc(=O)[nH]cn1,0.6473,4.4623,-5.75,-7.74
NC(=O)C[NH2+]C[C@@H]1CN2CCC[C@H]2CO1,0.5628,4.5708,-5.07,-5.76
COc1ccc(C(=O)NC(=S)Nc2cccc3ccc(C)nc23)cc1,0.705,1.961,-6.22,-8.41
Cc1nn(C)c(C)c1C(=O)C(=O)Nc1ccc2nc(-c3cccc(F)c3)[nH]c2c1,0.4111,2.3985,-6.66,-9.79
Cc1ccccc1[C@@H](n1cc[n+]([C@H](c2ccccc2C)C(C)(C)C)c1)C(C)(C)C,0.441,3.8593,-6.39,-8.71
CC[C@@H](NC(=O)[C@@H](C)c1cccs1)c1nc(C(F)(F)F)cs1,0.8583,3.4789,-5.81,-8.29
CCc1cccc(CC)c1NC(=O)COC(=O)[C@]1(C)CC1(Cl)Cl,0.6203,2.8302,-5.8,-8.32
CC(=O)C1=C(C)Nc2ncnn2[C@H]1c1cccnc1,0.881,3.3539,-5.59,-6.91
COc1ccccc1NC(=O)CN(C)C(=O)c1ccco1,0.9131,1.8664,-5.63,-7.54
C[NH+]1[C@H]2CCC[C@@H]1CC(NC(=O)c1ccccc1CSc1ncn[nH]1)C2,0.6943,5.1987,-6.01,-8.18
CC(C)=CC(=O)NCc1ccc(C(=O)NCc2cnn(C)c2)cc1,0.7966,2.179,-5.79,-8.61
CC[C@H](C)NC(=O)c1ccc(CN2CCc3ccccc3C2)cc1,0.9085,2.2563,-6.18,-8.92
C[C@H]1CC[C@@H](C)[NH+]1Cc1ccc(Cl)o1,0.7962,5.1765,-5.32,-6.45
O=C(CCc1cnn(-c2ccccc2)c1)N1CCc2ccc(O)cc2C1,0.7889,2.2343,-6.35,-8.71
Cc1cccc(N2CCN(C(=O)CNC(=O)c3ccco3)CC2)c1,0.9275,1.9873,-5.97,-8.96
O=C(Nc1ccccc1C(F)(F)F)N1CC[C@H](c2ccccc2)C1,0.8462,2.3841,-6.27,-9.05
COC(=O)[C@@H]1C[NH2+]C[C@H]1c1cccc(Cl)c1,0.7772,4.0218,-5.42,-6.92
NC(=O)C1CCN(c2nc(Cl)ncc2Br)CC1,0.8404,2.4665,-5.36,-7.45
CN(CC(C)(C)C)C(=O)[C@H]1C=C[C@@H]([NH3+])C1,0.6708,4.6109,-5.32,-6.28
COc1ccccc1N1CCN([C@@H](CNC(=O)C(C)(C)C)c2cccnc2)CC1,0.8131,2.6829,-6.06,-8.28
CCc1ccc(/C=C2\NC(=O)NC2=O)cc1,0.58,2.1681,-5.46,-6.86
NC(=O)C[C@@H]1CCC[NH+](Cc2cc3cc(F)ccc3o2)C1,0.8902,4.3494,-5.99,-8.12
Cc1ccc(C(F)(F)F)cc1/C=C/C(=O)[O-],0.725,2.7361,-5.34,-6.78
CSc1ccc(NCC(=O)Nc2ccnn2C2CCCC2)cc1F,0.7773,2.4611,-5.95,-8.26
CCc1ccccc1NC(=O)CSc1nnc(N)n1C,0.8187,2.077,-5.61,-7.86
Clc1cccnc1OCC[NH2+]C1CCN(c2ccccc2)CC1,0.8256,3.061,-5.86,-7.28
CNC(=S)n1nnc2cc(Cl)ccc21,0.6907,2.5699,-5.38,-6.65
Cc1c(-c2cn3ccccc3n2)sc2ccccc12,0.4937,2.2888,-5.95,-7.89
CC[C@H]1C[NH2+]CCC12CCC2,0.5833,5.3745,-4.81,-5.66
Cc1cccc(C(=O)N2CCN(c3c(N)cccc3Cl)CC2)c1,0.8608,1.953,-6.17,-8.75
Cc1cc(C)n(-c2nc(-c3ccccc3)cc(=O)n2CC(=O)Nc2ccccc2)n1,0.558,2.182,-6.74,-9.51
CC(=O)N1CCc2nc([C@H]3CCCN3C(=O)[C@H]3CC(=O)N(C4CC4)C3)ncc2C1,0.7611,3.5132,-6.24,-8.37
CCOCc1noc(-c2ccc(OC)c(O)c2)n1,0.8739,2.223,-5.46,-7.28
COc1ccc(NC(=O)NNC(=O)c2ccc3ccccc3c2O)c(OC)c1,0.5196,2.0649,-6.37,-9.21
O=C(C1CCCC1)N1CCCC[C@H]1CC[NH+]1CCCC1,0.831,3.9792,-5.55,-7.17
CC[C@H](CO)NC(=O)NCCCc1nc2ccccc2s1,0.6872,2.6519,-5.54,-8.12
CCCCc1cn(C2CCN(C(=O)[C@@H]3CCCO3)CC2)nn1,0.8342,2.9443,-5.61,-7.91
Clc1n[nH]c2nc3ccccc3nc12,0.6106,2.5321,-5.49,-6.81
COc1ccc([C@@H](NC(=O)Nc2cc(C#N)ccc2Cl)C2CC2)cc1,0.8291,2.5675,-5.98,-8.51
COC(=O)[C@@H]1CCCN(CN2C(=O)[C@H]3CCC[C@H]32)C1,0.5609,3.4527,-5.54,-7.18
Fc1ccc(N2CCCCCCC2)c(C[NH2+]C2CC2)c1,0.8969,2.9778,-5.62,-7.09
Cc1ccc(NC(=O)[C@H](C)OCC2CC2)cc1N1CCCS1(=O)=O,0.8522,2.9412,-5.71,-8.15
CC(=O)N(c1nc(COc2ccc(C#N)cc2)cs1)c1cccc(C)c1C,0.6345,2.3717,-6.14,-7.36
Cn1cc(CNC(=O)NC2(c3ccc(Cl)cc3)CCOCC2)cn1,0.8919,2.5451,-5.76,-8.5
COc1c(C[NH2+][C@@H](C)c2ccc3c(c2)CCO3)c(C)nn1C,0.9104,3.812,-5.88,-7.89
Cc1ccc(C(=O)NCc2ncc[nH]2)cc1S(=O)(=O)NC1CCCC1,0.7295,2.2956,-5.99,-8.92
COc1ccc(C(=O)N(CCC[NH+](C)C)c2nc3cc4c(cc3s2)OCCO4)cc1,0.6255,3.0453,-6.27,-7.89
COc1ccc(CN(c2ccc(C)cc2)S(=O)(=O)c2ccc3nncn3c2)cc1,0.4884,2.3608,-6.48,-8.48
CC(C)(C)OC(=O)NC[C@H]1CCC[NH+](Cc2ncccc2C(F)(F)F)C1,0.8512,4.229,-5.89,-8.36
COc1ccc(S(=O)(=O)N[C@H](C(=O)N[C@@H]2C[C@@H]2C)C(C)C)cc1,0.7881,2.951,-5.63,-7.91
COc1cc(NC(=O)COc2ccc([N+](=O)[O-])cc2)c(OC)cc1Br,0.554,1.9558,-5.96,-8.61
C[C@H]1COC[C@H](C)N1Cc1ccccc1OCc1ccccn1,0.8485,3.0183,-5.84,-8.04
Cc1occc1C[NH+](C)CC(=O)Nc1c(C#N)cnn1-c1ccccc1,0.7013,3.7726,-6.03,-8.29
C=CCN1C(=O)/C(=C\c2ccc(Sc3ccc(C)cc3)o2)SC1=S,0.4124,2.6302,-6.03,-6.87
Cc1csc(C(=O)NC[C@@H](c2ccccc2Cl)[NH+](C)C)c1,0.8697,3.6386,-5.76,-8.3
CCC[NH2+][C@@H](C)c1ccccc1NC(C)C,0.7591,3.7237,-5.04,-6.27
O=C(Nc1nc(CN2CCc3ccccc3C2)cs1)c1ccc(F)cc1,0.7553,2.0144,-6.33,-9.13
CCN[C@@H](COC)C1([NH+](C)C)CCCC1,0.6555,4.51,-4.89,-5.54
COC(=O)C1(c2ccccc2)CC[NH+](CC(=O)N[C@@H](C)C(C)C)CC1,0.7531,3.8909,-5.8,-7.98
Cc1cccc(NC(=O)c2cc3ccccc3o/c2=[NH+]\c2ccc(F)c(F)c2)n1,0.5633,3.0748,-6.81,-9.67
CCSc1nnc2c(n1)O[C@@H](c1ccccc1C)N(C(C)=O)c1ccc(F)cc1-2,0.5906,3.1612,-5.34,-9.2
Cc1ccc(C)c2sc(NC(=O)CN(C)S(=O)(=O)c3ccccc3C#N)nc12,0.6911,2.4356,-6.16,-8.88
Cc1n[nH]c(C)c1NC(=O)[C@@H]1C[C@@H]1c1c(F)cccc1Cl,0.9106,3.1912,-6.04,-8.16
CC(C)C[C@@H](CNc1ncc(C(=O)N2CCCCC2)cc1Cl)[NH+](C)C,0.7772,3.58,-5.81,-8.31
O=C(COc1ccc(CO)cc1)Nc1ccc(Oc2ccccc2)cc1,0.6767,1.6535,-6.23,-9.03
CCCc1noc(CS(=O)(=O)Cc2nc(-c3cccs3)no2)n1,0.6348,2.7432,-5.73,-8.49
Cn1c(C[C@H]2CCS(=O)(=O)C2)nnc1SCCOc1ccccc1,0.5501,2.8481,-5.83,-8.03
CCn1c(C2CC2)nn(C[NH+]2Cc3ccccc3N(C)C[C@@H]2C)c1=S,0.8502,4.3613,-6.12,-7.51
N#Cc1n[nH]c2cc(Cl)c(Cl)cc12,0.7292,2.7392,-5.29,-6.4
COc1ccc(NC(=O)c2ccc(NC(=O)CC#N)cc2)cc1Cl,0.8693,1.8537,-5.85,-8.69
S=C(NC[C@H]1CCCO1)Nc1ccc(Oc2ccccc2)cc1,0.8138,2.3202,-5.89,-7.94
COc1ccc(NC(=O)c2cc(-c3cccs3)[nH]n2)cc1,0.7756,2.0178,-5.71,-8.59
O=[N+]([O-])c1cccc(-c2cs/c(=[NH+]\c3ccccc3)n2N2CCOCC2)c1,0.546,3.3817,-6.43,-8.73
O=C(C1=C([O-])C(=O)N(CCCN2CCOCC2)[C@H]1c1ccco1)c1ccccc1,0.6587,3.1702,-6.17,-8.48
CCc1c(C)sc2[nH]c(=S)n(Cc3ccc(C)cc3)c(=O)c12,0.7251,2.4559,-5.96,-8.58
Cc1ccc(NC(=O)C2CCN(C(=O)[C@@H]3Cc4ccccc4C[NH2+]3)CC2)cc1,0.8562,3.2187,-6.34,-8.71
[NH3+]C1(CCN2CCO[C@H]3CCCC[C@@H]32)CCC1,0.8033,4.0473,-5.33,-6.84
O=C(N[C@H]1C=C[C@@H](C(=O)[O-])C1)c1ccc(Cl)cc1[N+](=O)[O-],0.4988,3.7224,-5.76,-8.03
C[C@H](Nc1oc(-c2cccs2)nc1S(=O)(=O)c1ccc2c(c1)OCCO2)c1ccccc1,0.4169,3.0264,-6.62,-9.34
Cc1nc(C)n(-c2ccc(C(=O)N[C@@H](C(N)=O)c3ccccc3)cc2)n1,0.7334,2.5745,-6.2,-8.46
CC[NH2+]C[C@@H]1CCCO[C@H]1c1cncn1C,0.8078,4.6931,-5.14,-6.16
CCCN(Cc1ccc(C#N)cc1)C(=O)Nc1cccnc1C,0.9152,2.1673,-5.83,-7.13
CCc1ccc2nc(NC(=O)/C=C/C(=O)[O-])sc2c1,0.8471,2.6657,-5.38,-8.0
C[C@H]([NH2+][C@@H]1CC(=O)N(C(C)(C)C)C1)c1ccc([S@](C)=O)cc1,0.9116,4.5613,-5.87,-8.04
CC[C@@H]([NH3+])Cc1ccccc1OC[C@@H]1CN(CC)CCO1,0.8254,3.5421,-5.5,-7.48
CCn1ccnc(N2CCC[C@H](n3cccn3)C2)c1=O,0.8456,3.0762,-5.78,-7.53
CN(CCOCC1CC1)C(=O)c1ccc(Cl)o1,0.7354,2.4934,-5.0,-6.32
Cc1ocnc1CNC(=O)NCC(C1CC1)C1CC1,0.8266,2.9527,-5.56,-7.72
O=C(c1cnc(-c2ccccn2)nc1)N1C[C@H]2C3CCC(CC3)[C@H]2C1,0.8468,3.965,-6.1,-8.5
O=[N+]([O-])c1ccc([O-])c(/C=[NH+]/Cc2ccccc2)c1,0.4872,3.4918,-5.87,-8.09
CC[NH+]1CCC(CCNC(=O)C(=O)Nc2nn(C(C)(C)C)cc2C#N)CC1,0.6427,4.0093,-5.78,-7.98
CN(Cc1ccc(N2CCOCC2)cc1)C(=O)c1ccc(Cl)c(S(=O)(=O)N2CCCC2)c1,0.6385,2.2232,-6.63,-9.44
CCc1cc(CSc2cccc(N)c2)n(CC)n1,0.6629,2.4682,-5.53,-7.51
CCO[C@H](C)c1nc(CN2CCC3(CC2)OCCO3)cs1,0.8359,3.669,-5.43,-7.04
O=C(Nc1nc(-c2ccc(Cl)cc2)cs1)c1ccc(F)cc1F,0.7223,1.8613,-6.33,-9.25
Cc1ncc(/C=C/c2nc(-c3cnccn3)no2)s1,0.7278,2.9863,-5.68,-8.07
CCC[NH2+]C[C@]1(c2cc(C)cc(C)c2)CC[C@@H]1C,0.7694,4.3295,-5.36,-7.31
CS[C@@H]1CCCCN(C(=O)Nc2cccc(CC[NH+]3CCCC3)c2)C1,0.8449,3.9619,-6.12,-9.05
CCN(Cc1ccccc1)C(=O)[C@@H]1CC(=O)N(c2ccccc2)C1,0.8486,2.3023,-6.13,-8.34
C[C@@H](NC(=O)c1ccco1)C(=O)Nc1cc(F)c(N2CCCC2)c(F)c1,0.8566,2.6678,-6.13,-8.8
COc1cc(CNC(=O)NCc2ncc(-c3ccccc3)o2)ccn1,0.7212,2.2258,-6.16,-8.7
Cc1ncncc1C(=O)N1CCO[C@@](C)(C(=O)NC2CCCC2)C1,0.8951,3.2372,-5.8,-8.17
O=C(Cc1ccc(Cl)cc1)NC[C@@H](O)CN1CCCC1=O,0.8228,2.5244,-5.75,-8.11
CC(C)(C)c1ccc(CN2CCO[C@H](CC(=O)[O-])C2)cc1,0.8392,2.9399,-5.55,-7.65
Cc1noc([C@H]2CCCN2C(=O)COc2cccnc2)n1,0.848,2.7752,-5.78,-7.63
CC(=O)Nc1ccc(Cl)c(NC(=O)c2cccs2)c1,0.9083,1.7814,-5.75,-7.4
CC(=O)N1CCN(C(=O)CC[NH2+][C@H]2C(C)(C)[C@H]3CC[C@]2(C)C3)CC1,0.8272,4.9362,-5.68,-8.19
CC(C)[C@@H](NC(=O)Nc1ccccc1C(F)(F)F)C(=O)N1CCOCC1,0.8526,2.6071,-6.01,-8.18
Cn1nnc2cc(C(=O)N[C@@H](C#N)c3ccc(Cl)c(Cl)c3)ccc21,0.7771,2.8917,-6.21,-8.47
CCC1(CC)CC[NH+](C[C@H](C#N)NC2CC2)C1,0.7135,5.0167,-5.09,-6.7
Cc1cc(NC(=O)C(=O)N[C@@H]2CCN(CC(F)(F)F)C2)n(C)n1,0.786,3.0233,-5.87,-8.07
COCC[NH2+][C@]1(CO)CC(C)(C)OC1(C)C,0.6512,4.7849,-5.05,-6.59
CC[C@H](CS(=O)(=O)c1ccccc1)N[C@@H]1CCCc2nc(C)sc21,0.8495,3.4451,-6.01,-8.25
O=S(=O)(Nc1cccc(I)c1)c1ccc(Cl)s1,0.798,2.1649,-5.91,-7.78
CN(Cc1cnn(-c2ccc(F)cc2)c1)C(=O)c1ccccc1-c1nnn[n-]1,0.5297,3.107,-6.6,-8.79
CC(=O)NC1=NN(C(C)=O)[C@@](C)(c2cccs2)S1,0.8563,3.5127,-5.35,-6.84
C[C@@H](OC(=O)c1cc(S(C)(=O)=O)ccc1Cl)c1ccccc1,0.7981,2.3284,-6.01,-8.07
C=CCOc1ccc(C[NH+]2CCC([C@@H](O)C(F)(F)F)CC2)cc1Cl,0.7609,4.2547,-5.73,-7.61
O=S(=O)(c1ccccc1)N1CCCCC[C@H]1C1CC[NH+](Cc2nnnn2C2CC2)CC1,0.7272,3.869,-6.4,-8.26
CCC[C@H](C)NC(=O)[C@H]1CCCN(S(=O)(=O)c2ccccc2Cl)C1,0.8341,2.7593,-5.96,-8.71
O=C(Nc1ccc(-c2csnn2)cc1)[C@@H]1CCCS1,0.9441,2.9709,-5.76,-8.21
O=[N+]([O-])c1ccc(S(=O)(=O)NCC[C@@H](O)C2CC2)cc1,0.5772,2.6377,-5.57,-7.92
C[C@H](C[C@@H]1CCCC[NH2+]1)NCc1ccc(C#N)cc1,0.8416,4.0351,-5.62,-7.52
CCc1nn2c(=O)cc(COc3cccc(C)c3C)nc2s1,0.7426,2.3608,-5.77,-8.42
O=C(COc1cccc(Oc2ccccn2)c1)Nc1ccc2c(c1)OCO2,0.7197,2.0521,-6.35,-9.41
Cc1ccc(N)cc1S[C@H](C)CC(=O)NN,0.244,3.028,-5.26,-6.26
Nc1cccc(COc2ccc(Cl)cc2Cl)n1,0.9264,1.9301,-5.67,-7.5
COc1cccc(C(=O)Nc2cc(S(N)(=O)=O)cc(C)c2C)c1F,0.8822,2.1421,-6.08,-8.46
Cc1ccc(/C=N/Nc2nc3ccccc3s2)o1,0.5753,2.2306,-5.78,-7.83
Cc1ccc2[nH]cc(CCC(=O)Nc3ccc(O[C@@H]4CCOC4)cc3)c2c1,0.6884,2.6393,-6.34,-9.45
O=C(CN1CCc2ccccc2C1)N1CCC[C@@H]1c1ccc2c(c1)OCCCO2,0.8009,2.7685,-6.49,-8.63
CC(=O)N[C@@H]1[C@H](O)[C@H]2O[C@@H](c3ccco3)OC[C@H]2O[C@@H]1Oc1ccccc1,0.8324,3.9192,-6.02,-8.32
O=Cc1ccc(C(=O)NCc2ccc(NC(=O)c3cccnc3)cc2)cc1,0.6622,1.8511,-6.11,-9.37
CC(C)c1ccc(OCC(=O)Nc2ccc(N3CCN(C(=O)C(F)(F)F)CC3)cc2)cc1,0.7233,2.1359,-6.28,-9.36
Cn1ccnc1[C@@H](O)[C@@H]1CCC[NH+](Cc2ccccc2N2CCOCC2)C1,0.8159,4.3439,-5.97,-8.01
CC(=O)N[C@H]1[C@H](O)[C@H]2O[C@@H](c3ccco3)OC[C@@H]2O[C@@H]1Oc1cccc(C)c1,0.8206,3.9939,-5.64,-8.66
Cc1cc(=O)c(C(=O)N2CCO[C@H](C)C2)nn1-c1ccccc1F,0.8373,2.7674,-6.15,-8.34
CCN(CCC#N)c1nc2cc(N)ccc2o1,0.8139,2.7101,-5.42,-6.86
C[C@@H](NC(=O)/C=C/c1cscn1)c1nc(-c2ccccc2)cs1,0.7091,2.9998,-6.16,-8.78
O=c1ccc(S(=O)(=O)N2CCCC2)cn1Cc1nc(-c2ccsc2)no1,0.6565,2.5019,-5.78,-8.94
CCCCOc1ccc(C(=O)NCc2ccsc2)cc1,0.7861,1.7789,-5.38,-7.45
COc1ccc(-c2cc3c4ccccc4nc([O-])n3n2)cc1,0.5691,2.456,-6.14,-8.66
COc1cccc([C@@H](Nc2ncc(C(F)(F)F)cc2Cl)c2[nH+]ccn2C)c1,0.7044,3.7411,-6.18,-8.89
Cc1nnc(C[NH+](C)[C@@H](C)C(=O)NCc2ccccc2)n1C,0.7795,3.7723,-5.72,-8.05
Cc1ccccc1OC[C@H](O)CSc1nc(-c2cccs2)n[nH]1,0.6413,2.9659,-5.79,-8.14
O=C(NC[C@@H]1CCCN(C(=O)C2=CCCCC2)C1)c1ccco1,0.9288,2.8678,-5.94,-8.11
Cc1ccc(N2C[C@@H](C(=O)N3CCC(c4nc5ccccc5[nH]4)CC3)CC2=O)cc1,0.7273,2.7055,-6.58,-9.65
COc1ccc(C)cc1NC(=O)C[NH+]1CCC(NC(=O)c2ccc(F)cc2)CC1,0.6892,2.9875,-5.69,-8.6
Cc1cc(S[C@@H](C)c2ccc(C(=O)[O-])o2)n(C)n1,0.7841,3.7572,-5.48,-7.34
Cn1cccc1C(=O)N1CCN(CC(N)=O)CC1,0.7684,2.1308,-5.38,-6.74
O=C(N(CCO)Cc1ccccc1)C1(c2cc(-c3ccc(Cl)cc3)on2)CC1,0.6539,2.5321,-6.29,-8.95
Cc1cccc(C[NH+]2C[C@@H](N(C)C)[C@H](C(C)C)C2)n1,0.8733,4.6551,-5.45,-6.86
Cc1ccc([C@@H]2CSCCN2Cc2cc3cnn(C(C)C)c3nc2Cl)o1,0.5953,3.4635,-6.03,-8.31
COC(=O)[C@H](Cc1c[nH]c2ccccc12)NS(=O)(=O)c1cccc2nonc12,0.4722,2.8789,-6.61,-9.02
CC(C)(C)N1C[C@H](C(=O)N2CCC(C(=O)Nc3cccc(F)c3)CC2)CC1=O,0.8641,2.7245,-6.16,-8.93
C[NH+](C)CCCN(C(=O)Cc1cccs1)c1nc2ccc(Cl)cc2s1,0.6681,3.1776,-6.05,-7.74
Cc1nc(C[NH+]2CCC(C)CC2)cs1,0.7795,4.2158,-5.08,-6.1
CCc1nn(C)c(OC)c1CNC(=O)Nc1ccccc1N(C)C,0.8524,2.4953,-5.77,-8.19
Cc1nnc2ccc(Nc3cccc(N(C)C(C)C)c3)nn12,0.8017,2.5542,-5.8,-8.7
CC(C)[C@](C)(O)CNC(=O)[C@H](C)Sc1ccc([N+](=O)[O-])cc1,0.4563,3.2042,-5.54,-7.61
Cc1csc([C@H](C)n2nnnc2N)n1,0.7856,3.4649,-5.32,-5.8
CCn1nc(C)c2[nH]c(=S)n([C@H](C)c3ccccc3F)c21,0.7435,3.2924,-6.0,-8.34
COC(=O)c1ccccc1N(C)C(=O)c1oc2c(c1C)/C(=N/NC(N)=[NH2+])CCC2,0.2944,3.171,-6.28,-8.6
CCOC(=O)c1c(NC(=O)c2cc(C)no2)sc2c1CC[NH+](C(C)C)C2,0.7755,3.8991,-5.54,-8.4
C[C@@H](NC(=O)[C@@H]1CCS(=O)(=O)C1)c1cc(=O)n2nc(C(C)(C)C)cc2[nH]1,0.8224,3.8923,-6.08,-8.67
CNC(=O)Cn1ccc2ccc(NC(=O)COc3cccc(C=O)c3)cc21,0.6285,2.2599,-6.11,-9.07
COc1ccc(/C=N/NC(=O)C(=O)Nc2ccccc2Cl)c(OC)c1,0.4861,2.0162,-5.93,-8.37
O=C(c1cc(-c2ccco2)n(-c2cccc(Cl)c2)n1)N1CCN(C(=O)[C@H]2CCCO2)CC1,0.6041,2.9661,-6.54,-8.21
Cc1cc(C(=O)N2CC[C@@]3(CCCN(Cc4ccc(F)cc4)C3=O)C2)no1,0.8321,3.3229,-6.25,-8.75
Cc1ccccc1[C@@H]1C[C@H](C)N(C(=O)c2ccc(-n3ccnn3)cc2)C1,0.7281,3.1423,-6.36,-8.72
COc1ccc([C@H]2O[C@@H]2C(=O)[O-])cc1Oc1ccccc1,0.7815,3.0949,-5.8,-7.87
CC1CCN(S(=O)(=O)c2ccc(C(=O)Nc3cc(Cl)ccc3Cl)cc2)CC1,0.7716,1.9092,-6.33,-9.18
COc1ccc(S(=O)(=O)Nc2ccccc2SC)cc1C(=O)N1CCOCC1,0.7208,2.1609,-6.06,-8.67
Cc1cc(COC(=O)c2ccc([N+](=O)[O-])c(C)c2)on1,0.4834,2.1909,-5.64,-7.7
O=C(c1ccc(OC2CCCC2)cc1)N(C1CC1)[C@H]1CCS(=O)(=O)C1,0.8069,2.808,-5.82,-7.83
N#Cc1cccc(CSc2ccnc(C(=O)[O-])c2)c1,0.788,2.686,-5.55,-7.48
CCOC[C@@H]1CCCN(C(=O)CCc2nncn2-c2ccccc2)C1,0.7755,2.8289,-5.89,-7.83
Cc1ccc(F)c(OC(F)(F)F)c1F,0.6494,2.3236,-5.25,-6.51
CC[NH2+][C@@H](Cc1cnn(C)c1)C1(N(C)C)CCCC1,0.8256,4.2656,-5.46,-6.89
CC(=O)c1ccc(NC(=O)[C@@H]2CC=CC[C@@H]2C(=O)Nc2ccc(Cl)cc2)cc1,0.5677,2.7809,-6.34,-8.93
Cc1noc(-c2nn(C)c(C)c2[N+](=O)[O-])c1[N+](=O)[O-],0.6078,3.0518,-5.59,-7.3
O=C([O-])[C@H]1CC(c2ccc(C(F)(F)F)cc2)=NO1,0.7929,3.1946,-5.62,-7.54
CN(C)C(=O)CNCc1c(O)ccc2ccccc12,0.8777,2.0701,-5.76,-7.65
CCCn1c(C)cc(/C=C(/C#N)C(=O)N(C)[C@H](C)c2ccco2)c1C,0.5841,3.2624,-5.77,-8.32
Clc1ccc(C2=Nn3c(nnc3-c3ccncc3)SC2)cc1Cl,0.6914,2.6075,-6.15,-8.09
O=C([O-])[C@@]1([NH2+]C2CC2)CC[C@@H](N2CC[NH+]3CCC[C@@H]3C2)C1,0.5853,6.3491,-5.61,-7.76
C1C[C@@H](C2CC2)C[C@H](N2CCOC3(CCOCC3)C2)C1,0.7756,3.9719,-5.52,-6.99
CC(C)CC(=O)N[C@@H](C(=O)NC[C@@H]1CCC[C@@H]1O)c1ccccc1,0.7159,3.1115,-5.89,-8.01
C[C@H](c1ccc([S@](C)=O)cc1)N(C)C(=O)c1cccc2c1OCO2,0.8548,3.2156,-6.03,-8.66
O=C(Nc1nc(-c2ccccc2Cl)cs1)c1cc(F)cc(F)c1,0.7223,1.9792,-6.3,-9.31
Cn1ncc2c(N3C[C@H](O)[C@@H]([NH+]4CCCC4)C3)nc(C(C)(C)C)nc21,0.7947,4.681,-6.0,-8.13
CC(C)Oc1cccnc1C(=O)N[C@@H](C)c1nc2ccccc2[nH]1,0.7549,2.7088,-6.22,-8.68
O=C(OCCOc1ccccc1F)c1cc(C2CC2)[nH]n1,0.6559,2.2559,-5.73,-8.11
CC(C)c1ccc(C(=O)N[C@@H]2CC(=O)N(CCc3ccccc3)C2)c(=O)[nH]1,0.82,2.8287,-6.29,-8.71
CNC(=O)c1cc(Cl)ccc1NCC(=O)N(c1ccccc1)C(C)C,0.8287,2.1433,-6.12,-8.6
CCc1ccc(/C=C2/SC(=S)N(CCC(=O)Nc3cccnc3)C2=O)cc1,0.5921,2.2047,-6.25,-7.15
CC1(C)[C@@H]2CC[C@@]1(C)[C@H](NC(=O)Cc1ccccc1O)C2,0.8961,3.9673,-5.8,-8.14
CC(C)CCOc1ccc([C@H]2Nc3ccccc3C(=O)N2C[C@H]2CCCO2)cc1,0.7288,3.0712,-6.42,-8.23
Cc1cc(C(=O)N(C(C)C)C2CCC2)nc2c1c(=O)n(C)c(=O)n2C,0.8419,2.6313,-6.21,-8.08
O=C(NCC(=O)N1CCC(c2cccc3ccccc23)CC1)C1CC1,0.9327,1.9938,-6.3,-9.12
Cc1ccc2c(c1)C(=O)NCC1(CCN(C(=O)C[C@@H]3SC(=O)N(C)C3=O)CC1)O2,0.7847,3.8022,-5.67,-8.26
CCC[C@H]1CN(C(=O)CCn2c(=O)oc3ccccc32)CCO1,0.8458,2.7842,-5.98,-8.12
COc1ccc(Oc2cc(N[C@@H](C)C(=O)N3CCCC3)ccc2OC)cc1,0.8005,2.4149,-6.03,-8.25
O=C(NC1CCOCC1)[C@H]1CCC[NH+](C2CCN(Cc3cccnc3)CC2)C1,0.7784,4.0843,-5.96,-7.77
CC[C@H]1CCCC[C@@H]1OC(=O)CC1([NH3+])CCC1,0.7646,3.978,-5.26,-6.84
NC(=O)c1c[nH]nc1NC(=O)c1cccs1,0.7349,2.7607,-5.54,-7.49
COc1ccc(NC(=O)C2CCN(C(=O)c3ccc(F)cc3)CC2)cc1Cl,0.8586,1.8036,-6.18,-9.08
CCNc1cccc(CN(C)CC(=O)NC(C)C)[nH+]1,0.7695,3.5003,-5.39,-6.87
O=C([O-])c1ccc(-c2ccc(OCc3ccccc3)cc2)nc1,0.7268,2.0624,-6.14,-9.29
CC1CCN(c2nc(N)c([N+](=O)[O-])c(Nc3ccc(Cl)cc3)n2)CC1,0.631,2.3456,-5.93,-8.46
COc1ccc(CNC(=O)[C@]2(C)Cn3nc(-c4cccs4)cc3C(=O)N2c2ccccc2F)cc1,0.432,3.0722,-6.44,-9.43
CN1CC(=O)N(CCCC(=O)N2CCC[C@H]2c2ccccc2)C1=O,0.7767,2.6872,-5.98,-8.02
COC(=O)[C@H]1C=c2ccc(C)cc2=[NH+]1,0.5219,4.2771,-5.19,-6.56
COc1ccc(-c2nc3n(n2)[C@@H](c2ccc(Cl)cc2)C2=C(CCCC2=O)N3)cc1OC,0.6416,3.1545,-6.55,-8.71
COc1ccc(OCCC(=O)Nc2cc(C)ccc2C)cc1,0.884,1.6045,-5.68,-8.68
Cc1ccc(CN2CCN3C(=O)[C@H]([C@@H](C)O)NC(=O)[C@H]3C2)cc1C,0.8296,3.25,-6.12,-7.82
COC(=O)[C@@H]1CCN(C(=O)c2ncoc2-c2ccco2)c2ccccc21,0.6728,3.1535,-6.21,-8.51
CCOc1ccc(/N=C2\C(=O)N(CN3CCOCC3)c3ccccc32)cc1,0.8176,2.3096,-6.24,-8.49
Cc1ccc(C)c(C(=O)NNC(=O)[C@@H]2CCS(=O)(=O)C2)c1,0.7781,2.676,-5.73,-8.18
CC1=NC(SCC(=O)[O-])=C(C#N)[C@H](c2cccs2)C1C(=O)Nc1ccccc1,0.7882,3.677,-6.01,-8.09
COc1ccccc1C(=O)N1CCC[C@H](c2nnc(C(=O)Nc3ccccc3)s2)C1,0.6757,2.6158,-6.52,-8.32
CC/C=C(/C)C(=O)Nc1ccc(OCC2CCOCC2)cc1,0.8134,2.2722,-5.43,-7.76
CC[C@H](NC(=O)c1ccccc1NC(=O)c1ccc(OC)cc1)C(=O)N1CCCC1,0.7357,2.3664,-6.17,-8.36
Cc1c(N2C(=O)[C@H](C)S[C@]23C(=O)Nc2ccccc23)c(=O)n(-c2ccccc2)n1C,0.6918,3.9574,-6.35,-8.01
CC[NH+](Cc1cc(C)n(Cc2ccco2)c1C)CC(C)(C)O,0.8206,4.0353,-5.65,-7.99
Cc1cc(NC(=O)CCOC2CCOCC2)ccc1OC(C)C,0.8369,2.1943,-5.56,-7.73
CCN(Cc1cccc(Cl)c1)C(=O)N[C@@H](c1ncc(C)s1)C1CC1,0.8016,3.031,-6.06,-7.77
O=C(NCCc1c[nH]c2ccccc12)/C(=C/c1ccc(F)cc1)NC(=O)c1ccccc1,0.3817,2.1568,-6.83,-9.51
O=C(N/N=C\c1cc(Br)c(Br)s1)c1ccncc1,0.6464,2.5888,-6.0,-8.1
CCCC1(CCC)C[NH+]([C@H]2CCC[C@@H](C(=O)[O-])C2)C1,0.7728,4.9773,-5.56,-7.11
COC(=O)c1sc(NC(=O)c2cccc(N(C)C)c2)nc1C1CC1,0.8432,2.3105,-5.91,-8.74
N#Cc1ccsc1N1C(=O)c2ccccc2C1=O,0.7341,2.3549,-5.89,-7.02
COc1ccc(-c2cccc(S(=O)(=O)NC(C)(C)C)c2)cc1O,0.8998,2.0359,-5.95,-8.44
Cc1cccc(C(C)C)c1NC(=O)NC[C@](C)(O)c1ccsc1,0.7679,2.9825,-5.9,-8.34
C[C@@H]1CN(CC(=O)Nc2ccc(S(C)(=O)=O)cc2)C(C)(C)CO1,0.8995,2.9152,-5.73,-8.16
NS(=O)(=O)c1ccc(NC(=S)Nc2cc(Cl)c(Cl)cc2Cl)cc1,0.5238,2.0191,-6.13,-7.43
CCn1nc(C)cc1C(=O)NC[C@](C)(O)CCC(C)C,0.8043,2.9958,-5.5,-7.13
CC1(C)[C@H]2CC[C@]1(C)/C(=N\N=C1\NC(=O)[C@H](CC(=O)Nc3cccc(C(F)(F)F)c3)S1)C2,0.6242,4.7999,-6.43,-8.78
Cc1cc(C)c(C(=O)CSc2nnc(C3CC3)n2-c2ccccc2)cc1C,0.4457,2.2247,-6.17,-8.87
COC(=O)/C=C/Cn1nnc2ccccc21,0.5715,2.3431,-5.51,-6.88
C/C(=C/C(=O)NC[C@H](O)C1CCCC1)c1ccc(F)cc1F,0.8215,2.8899,-5.89,-8.06
COC[C@H](O)[C@H]1CCC[C@H](S(C)(=O)=O)C1,0.776,3.7228,-5.17,-6.67
CCn1nc(C)c(NC(=O)N[C@H]2CC[NH+](Cc3ccccn3)C[C@@H]2C)c1C,0.746,4.346,-6.04,-8.47
COc1ccc([C@H](C)[NH2+][C@H]2CC(=O)N(C(C)(C)C)C2)cc1NC(C)=O,0.85,3.9755,-5.79,-7.52
COc1ccc(OCC(=O)N2c3ccccc3[C@H](Nc3ccccc3)C[C@@H]2C)cc1,0.6267,2.8116,-6.4,-8.75
CS(=O)(=O)NC1CCC(NC(=O)Nc2cnn(CC(F)F)c2)CC1,0.7027,2.6414,-5.64,-8.09
Cc1c(Cl)cccc1S(=O)(=O)Nc1ccc2c(c1)CCC(=O)N2C,0.9076,2.2116,-6.23,-8.33
O=C(CSc1ccc(Cl)cc1)NNC(=O)c1cnc(Cl)c(Cl)c1,0.4753,2.1567,-6.2,-8.61
Cc1cccc(C)c1NC(=O)c1ccc(F)c(S(=O)(=O)N2CCCCC2)c1,0.8618,1.9813,-6.52,-9.4
Cc1ccn2c(NC3CCCCC3)c(-c3ccco3)[nH+]c2c1,0.7916,3.3816,-6.09,-8.76
CN(Cc1ccc(Cl)cc1Cl)Cc1ncnn1C,0.8659,2.3093,-5.57,-7.71
O=C(N[C@@H](c1ccccc1)c1ccncc1)c1scnc1C1CC1,0.7683,2.8934,-6.06,-8.07
CCCN(CCO)C(=O)N[C@H]1CCc2c(O)cccc21,0.7686,2.8661,-5.58,-7.66
O=[N+]([O-])c1cc(C(F)(F)F)ccc1Oc1cccnc1,0.6348,2.0711,-5.79,-7.73
CCCC(CCC)SC1CCS(=O)(=O)CC1,0.7382,3.0075,-5.47,-7.31
O[C@H]1C[C@H](C2CCCCC2)[NH+](Cc2cc[nH]c2)C1,0.7378,4.9249,-5.44,-7.21
CCc1ccc(NC(=O)Cn2ncc3ccccc3c2=O)cc1,0.8055,1.8288,-6.17,-8.93
CCSCCn1nnc(-c2ccccc2)n1,0.743,2.2731,-5.39,-7.49
O=C1CSc2ccc(C(=O)N3CCN(Cc4nc(-c5cccs5)no4)CC3)cc2N1,0.6656,2.56,-5.73,-9.25
C=C(C)C(=O)Nc1ccc(/C=C/C(=O)c2ccccc2)cc1,0.6657,1.9091,-5.97,-8.67
Cc1ccc(-c2nc(C(=O)NC[C@H](O)c3ccccc3)cc3c2[nH]c2ccccc23)cc1,0.367,2.6916,-6.79,-9.63
O=C(/C=C/c1ccc2c(c1)CCO2)NCCSCc1ccco1,0.6255,2.4802,-5.81,-8.51
CC(C)[NH+](Cc1cn(C)nc1-c1cccnc1)C1CCC1,0.9094,3.9214,-5.75,-7.77
COc1ccccc1NC(=O)C/C=C/c1ccc(C)cc1,0.8977,1.852,-5.87,-8.18
CCC(=O)Nc1ccc(S(=O)(=O)N2CCc3ccccc3[C@@H]2CC(=O)NC2CCCCC2)cc1,0.6181,2.7797,-6.38,-9.35
COc1ccc(-c2nc(C[NH+](C)CC(C)C)c(C)o2)c(OC)c1,0.8509,3.6172,-5.72,-8.13
Cc1cccc(C[NH+]2CCCN(S(C)(=O)=O)CC2)c1,0.8513,3.9285,-5.79,-7.62
Cc1ocnc1CNC(=O)N[C@H](C[C@@H]1CCOC1)c1ccccc1,0.8541,3.4087,-5.9,-8.18
O=C(Nc1ccc2c(c1)CCC2)[C@@H](Cc1ccccc1)n1cnnn1,0.7788,2.6858,-6.21,-9.19
CC(C)[C@@H](Sc1nnc(-c2cc3c(s2)CC[C@@H](C)C3)o1)C(=O)NC(N)=O,0.7532,3.5834,-6.26,-8.88
N#C/C(=C\c1ccc(-c2ccccc2)o1)C(=O)c1cccc(C#N)c1,0.3987,2.2842,-6.36,-8.88
COc1ccccc1NC(=O)CCC1=NC(=O)C2=C3CCCC[C@H]3SC2=N1,0.8399,3.5021,-6.01,-8.34
C[NH+](C)CC1CC[NH+](CC[C@@H]2CCC[C@H]2O)CC1,0.5773,5.7691,-5.17,-7.06
COc1ccc(Cl)cc1[C@@H](O)C(C)(C)[NH+]1CCCCCC1,0.8959,3.9639,-5.61,-7.04
C=CCSc1ccccc1C(=O)Nc1ccccc1NC(C)=O,0.6184,2.0393,-5.85,-7.81
COc1ccccc1CNc1ccccc1C#N,0.8893,1.7245,-5.66,-7.61
CO[C@H](C)[C@H](O)CC1CCOCC1,0.7201,3.3992,-4.98,-5.59
C[C@H]1C[C@@H](C)C[NH+](C[C@@H](C)NC(=O)Nc2ccnc(C(=O)N(C)C)c2)C1,0.7267,4.544,-5.81,-8.05
Cc1nc(C)n(-c2ccccc2NC(=O)[C@@H]2COc3ccc(F)cc3C2)n1,0.7728,2.8474,-6.29,-9.39
BrCC/C=C/[C@H]1CCOC2(CCC2)C1,0.5546,4.2367,-5.18,-6.67
O=C(Nc1cccc2nsnc12)c1ccc(-n2ccnc2)nn1,0.6183,2.6072,-6.28,-8.63
C#CCCN1CCN(C(=O)c2ccc(N3CCCC3=O)cc2)CC1,0.7899,2.2049,-6.13,-8.88
CCC1CCC(C(=O)NCc2nc(Cc3ccccc3)n[nH]2)CC1,0.856,2.3114,-6.06,-8.74
Cc1ccc(F)cc1NC(=O)[C@@H]1CCCCN1C(=O)OC(C)(C)C,0.8919,2.401,-6.1,-8.09
Cc1[nH]c(=O)ccc1C(=O)N(Cc1ccccc1)[C@H](C)CCO,0.8573,2.8135,-5.97,-7.58
O[C@H](CNc1nc(-c2cccnc2)nc2c1C[NH2+]C2)c1ccccc1Cl,0.64,3.6544,-6.24,-8.73
C[C@@H](NC(=O)CSc1nc(-c2ccco2)n[nH]1)c1cc2ccccc2o1,0.5028,3.0427,-6.42,-9.59
COCCCN1C(=O)c2oc3ccccc3c(=O)c2[C@H]1c1ccc(SC)cc1,0.4646,2.7571,-6.09,-8.4
CC/[NH+]=C(/NCC(C)C)N1CCC(OCC)CC1,0.5447,3.3825,-5.21,-7.02
CC(C)C(=O)Nc1cccc(C(=O)Nc2nnc(CSc3ccccc3)s2)c1,0.5507,2.143,-6.16,-9.1
O=C1CN(C(=O)Cc2ccc(C(F)(F)F)cc2)c2ccccc2N1,0.9166,2.1342,-6.37,-9.0
C[C@H]1CC[C@@H](C)[NH+](CC[NH+]2CCCCC2)C1,0.6572,6.2597,-5.26,-6.46
CN(Cc1nc2c(F)cccc2[nH]1)[C@@H]1CCSC1,0.9256,3.1141,-5.66,-7.35
Cc1ccccc1C1(O)CCN(C(=O)CCCOc2ccc3c(c2)OCO3)CC1,0.757,2.3534,-6.12,-8.83
CCOc1cc(CN2CCN(c3cncc(OC)n3)CC2)ccc1OC,0.7519,2.1835,-5.76,-7.96
CC(C)CO[C@@H](C)C(=O)N1CCN(C[C@H](O)c2ccccc2)CC1,0.8277,2.8535,-5.67,-8.18
CC(C)CN(C(=O)C[NH+]1CCC(C(=O)Nc2ccccc2)CC1)C1CC1,0.7773,3.2325,-5.82,-7.87
CC(=O)c1cccc(NC(=O)[C@@H]2CCCN(S(=O)(=O)c3ccc(F)cc3)C2)c1,0.7766,2.381,-6.39,-9.13
Cn1ccnc1-c1sc(NC(=O)C[C@@H]2CCS(=O)(=O)C2)nc1-c1ccccc1,0.6901,3.0378,-6.16,-8.28
CCC[C@@H](C#N)[C@@H](O)c1ccc(F)cc1,0.8246,3.1173,-5.01,-5.84
COc1ccc([C@H]([NH2+]Cc2cc[nH]n2)C2CCOCC2)cc1,0.8526,3.9784,-5.85,-7.92
C[C@H]1C[NH+]2CCC[C@@H]2CN1CCC[C@](C)([NH3+])C(=O)[O-],0.5694,6.1039,-5.44,-7.58
COc1ccc([C@H]([NH3+])c2cc(C)ccc2C)cc1C,0.9003,2.962,-5.77,-7.92
CC(C)c1noc([C@@H](C)SCCOc2ccc(F)cc2)n1,0.7171,2.8778,-5.6,-7.86
CC1(C)CCC[C@]1([NH3+])Cc1c(F)cccc1Cl,0.8417,3.643,-5.63,-7.36
Cc1nc(CNC(=O)c2cccc(NC(=O)[C@H]3C[C@H]3C)c2)c(C)s1,0.875,2.9755,-5.95,-8.56
C[C@@H](NC(=O)C[NH+]1CCC[C@@H]1[C@@H](C#N)c1ccccc1)c1ccccc1,0.8409,4.2826,-6.16,-8.48
Cc1cc([N-]S(=O)(=O)N2CCC(C(=O)[O-])CC2)ccn1,0.7836,3.8197,-5.7,-7.5
COC[C@@H]1CCC[NH+]1Cc1cc2ccc(C)cc2nc1-c1ccc(OC)cc1,0.7151,3.9225,-6.07,-8.85
N#C[C@@H](C(=O)CCN1C(=O)NC2(CCCC2)C1=O)c1nc2ccccc2[nH]1,0.7855,3.5984,-6.19,-8.25
COc1cc2c(cc1OC)CN(C(=O)c1nnn(-c3ncc(C)s3)c1C)CC2,0.6706,2.6409,-6.15,-8.87
CC1(C)CC(=O)C=C(NC2=C[C@@H](c3ccccc3)[NH+]=N2)C1,0.8904,4.1793,-5.86,-8.12
O=C(Cc1ccccc1)c1ccccc1C(F)(F)F,0.7616,1.713,-5.82,-8.02
C[C@@H]1OCC[C@@H]1C(=O)NCC1CC[NH+](CC(=O)NC(C)(C)C)CC1,0.6456,4.5979,-5.67,-8.04
CCOC(=O)c1cc([C@@H](C)c2ccccc2)sc1NC(=O)c1nn(CC)cc1Cl,0.5217,2.9709,-6.12,-8.52
Cc1ccc2nc([C@@H](C)Cl)n(-c3ccccc3C)c2c1,0.6094,2.5192,-6.1,-8.33
C[C@@H]1NC(C(=O)NC[C@@H](C2CC2)[NH+](C)C)=NN(c2ccccc2)C1=O,0.6426,4.2418,-5.93,-7.99
Cc1cccc(-c2nnc(-c3ccc(C(=O)N(Cc4ccccc4)C4CC4)cc3)o2)c1,0.4209,2.0957,-5.99,-9.26
COC1CCN(C(=O)c2cc3ccc(OC(F)(F)F)cc3[nH]2)CC1,0.931,2.3852,-6.07,-9.13
O=c1c2cnc(N3CCCCC3)nc2ccn1-c1cccc2ccccc12,0.5461,2.2889,-6.74,-9.48
Nn1c([S-])nnc1-c1cccc([N+](=O)[O-])c1,0.3519,3.0334,-5.73,-7.43
NC(=O)c1cc(-c2cs/c(=N\C[C@@H]3CCCO3)n2/N=C/c2ccccn2)ccc1O,0.5924,3.3845,-6.36,-8.47
CCCN(CC(=O)[O-])C(=O)[C@H]1C=C[C@@H]([NH3+])C1,0.5587,4.8726,-5.18,-5.86
CC(C)C(=O)N1C[C@@H](c2ccc(F)cc2)[C@@H]2C[NH+](Cc3ccccc3)CC[C@@H]21,0.8655,4.3265,-6.33,-8.66
O=C(N[C@H]1CCS(=O)(=O)C1)[C@@H]1Cc2ccccc2S1,0.8846,3.2283,-5.75,-7.65
CN(N[C@H]1OC(=O)c2ccccc21)c1ncc(C(F)(F)F)cc1Cl,0.6721,3.2702,-4.77,-8.54
O=C(Cn1c(-c2ccccc2)cn2c3ccccc3nc12)NCc1ccco1,0.5108,2.346,-6.63,-9.29
c1cn2ccc(C3CC3)nc2n1,0.6323,2.7434,-4.9,-5.74
CCCCNC(=O)[C@H]1CCCN(c2nc3cccnc3n(Cc3ccccc3)c2=O)C1,0.5958,2.7015,-6.28,-8.5
C[C@H]1C[C@@H](C)CN(S(=O)(=O)Cc2ccccc2Cl)C1,0.8599,2.8487,-5.73,-7.11
COc1ccc(CCC(=O)N2CCN(S(=O)(=O)c3ccc(F)cc3F)CC2)cc1OC,0.6425,2.1297,-6.27,-9.2
COc1ccc(/C=C2\C=C(c3ccc(OC)cc3OC)OC2=O)c(OC)c1,0.5722,2.4058,-6.19,-8.55
COC(=O)N1CCC[C@@H]1C(=O)N1CCC(CN2CC[NH+](C)CC2)CC1,0.7281,3.7808,-5.63,-7.16
COCCn1nc(C)c(NC(=O)[C@H]2C[C@H]2c2cccc(F)c2F)c1C,0.8715,3.1458,-6.02,-8.46
CCc1ncnc(N2CCC(OCc3ccccc3OC)CC2)c1F,0.8032,2.4782,-5.98,-8.18
COc1cccc([C@@H]2CCCN2C(=O)c2nc[nH]n2)c1,0.9243,3.1115,-5.8,-7.28
CCN(Cc1ccccc1)C(=O)CN1C(=O)N(c2cc(C)cc(C)c2)[C@@H]2CS(=O)(=O)C[C@H]21,0.6278,3.3755,-6.29,-8.6
Cc1c(NC(=O)c2ccco2)cccc1C(=O)N1CCc2sccc2C1,0.759,2.2311,-6.49,-8.75
C[C@H](c1ccc(Cl)c(Cl)c1)N1CCCC2(C1)OCCO2,0.826,3.4952,-5.62,-7.07
COc1ccc([C@@H](C)N(C)C(=O)N[C@H](C)Cn2cc[nH+]c2)cc1,0.8867,3.9433,-5.68,-8.02
COc1cccc(CN(Cc2cc(=O)n3ccsc3[nH+]2)C[C@H]2CCCO2)c1,0.6256,3.7341,-6.19,-7.61
Cc1cccc(C2=CCN(C(=O)C[C@H]3CCOc4ccccc43)CC2)c1,0.814,2.8556,-6.44,-8.98
CC[C@H](C)[C@@H](C(=O)[O-])N1C(=O)/C(=C/c2ccccc2OC)SC1=S,0.5684,3.4425,-5.56,-6.86
Cc1ccc([C@H]2C[C@@H](C)CC[NH+]2CCOCCO)o1,0.7553,4.8207,-5.4,-7.23
COCCCC(=O)N1CCC(OCc2ccccc2C)CC1,0.7271,2.0383,-5.58,-7.73
Cc1nc(C#N)c(N/N=C/c2cn(-c3ccccc3)nc2-c2ccc(S(=O)(=O)N(C)C)cc2)o1,0.3202,2.7511,-6.57,-9.13
O=C(Nc1cc(F)cc(F)c1)[C@H]1CCCN1C(=O)C1CC1,0.9297,2.4149,-5.89,-8.12
C[NH2+][C@@]1(C(=O)[O-])CCC[C@H]1CCSc1nccs1,0.7535,4.8758,-5.39,-7.18
CC1([NH2+]C[C@@H]2CC[C@H]3CCCC[C@@H]3[NH2+]2)CCCC1,0.7559,5.4527,-5.44,-6.9
COc1ccc(-n2c(-c3ccccn3)nc3ccccc3c2=O)cc1,0.5775,1.9091,-6.53,-8.98
O=C([O-])c1ccc(C(F)(F)F)nc1NC[C@@H]1CCOC1,0.8916,3.4094,-5.62,-8.12
C[C@H](NCc1nc(C2CC2)cs1)c1ccccc1OC(F)F,0.8156,2.9182,-5.74,-8.41
Cc1ccc(NCCNC(=O)c2sccc2Br)n[nH+]1,0.8155,3.4303,-5.64,-7.23
Cc1cc(N2CCN(C(=O)c3cc4ccccc4o3)CC2)nc(C)[nH+]1,0.7192,2.9652,-6.47,-9.08
C=C(C)COc1cc(C[NH+]2CCCC[C@H]2[C@H]2CNC(=O)C2)ccc1OC,0.7292,4.502,-5.94,-7.91
Cc1ccc2c(c1)c(=O)cc(C(F)(F)F)n2C[C@@H](C)NC(=O)CSc1nnc(C)o1,0.5918,3.2407,-5.58,-7.87
C[C@@H](Sc1ccccn1)C(=O)N1CCCC[C@@H]1CNC(N)=O,0.8062,3.1177,-5.85,-8.13
Cc1c(NC(=O)C(=O)N[C@H](C)c2ccc(Cl)c(Cl)c2)cccc1C(N)=O,0.6944,2.5045,-6.19,-9.03
O=C(COc1ccccc1)NCC(=O)Nc1nc(-c2ccc(I)cc2)cs1,0.4939,2.0325,-6.18,-8.32
C[C@@H](NC(=O)c1ccc(C(C)(C)C)cc1)C(=O)NC1(C(N)=O)CCCC1,0.7494,2.7457,-5.95,-8.49
CN(C[C@H]1COc2ccccc2O1)S(=O)(=O)c1cccc(S(N)(=O)=O)c1,0.7962,2.7499,-6.19,-8.01
CN(Cc1ccc(C#N)cc1)C(=O)NCc1ccc([N+]2=CCCC2)cc1,0.8428,2.8507,-6.11,-8.5
CSc1nc2ncc([C@@H](O)[C@@H](C)O)nc2c(=O)[nH]1,0.5239,3.7823,-5.89,-7.55
CCSc1ccc([C@@H](C)NC(=O)C(=O)Nc2cncc(C)c2)cc1,0.6453,2.7131,-5.85,-8.82
C[C@]1(C(=O)Nc2ccc(NC(=O)c3ccco3)cc2C(F)(F)F)Cc2ccccc2C(=O)O1,0.5545,2.9684,-5.8,-9.76
O=C([O-])c1ccc2c(c1)[C@@H](C1CCOCC1)C(=O)N2,0.8401,3.4612,-5.85,-7.47
CC(C)CN(C)S(=O)(=O)c1ccc(O)c(N)c1,0.6286,2.2295,-5.34,-6.8
CC1(C)CC[NH+](CCCOc2ccccc2N)C1,0.6107,4.0346,-5.36,-6.96
C[C@@H]1CCN(C(=O)c2cccc(OCc3cscn3)c2)C[C@H]1O,0.9346,3.0702,-5.81,-8.47
CN(Cc1cnn(-c2ccccc2)c1)CN1C(=O)N[C@](C)(c2ccccc2Br)C1=O,0.5628,2.9489,-6.28,-8.29
Cc1cccc(CC(=O)/N=C2/S[C@@H]3CS(=O)(=O)C[C@@H]3N2c2ccc(N(C)C)cc2)c1,0.7238,3.3511,-5.62,-8.49
O=C1CCN(C(=O)NC[C@@H](CCO)c2ccccc2)CCN1,0.7482,2.7748,-5.91,-8.08
CC[NH2+]C[C@H](C)C(=O)NCC(C)(C)S(C)(=O)=O,0.6288,4.3855,-5.29,-6.93
CCCCN1C[C@H](C(=O)N2CC[NH+](C)CC2)CC1=O,0.7102,3.9568,-5.54,-7.35
CCOc1nc(N[C@@H]2CCC[C@@H](C)C2)ccc1N,0.8607,3.0468,-5.44,-7.54
COc1cccc(-c2cc3c(c(OC)c2)OCCN(C(=O)/C=C/c2cccc(F)c2)C3)n1,0.5594,2.5774,-6.49,-8.94
CC[NH+]1CCN(c2nc3ncn(CC(=O)Nc4cccc(C)c4)c(=O)c3s2)CC1,0.6374,3.3956,-5.82,-9.41
O=C(N[C@@H](c1ccccc1)C1CCC1)c1ccc2c(c1)COCO2,0.9302,2.6299,-6.35,-9.11
CCC(C)(C)C(=O)N1CCCC[C@H]1C[C@@H](C)O,0.8215,3.2783,-5.38,-6.7
CCc1cc(=O)[nH]c(C2(N)CCCCC2)n1,0.7936,2.9639,-5.35,-6.56
C[C@@H]1[C@@H](Cl)CC[C@H]1Cc1cccc(O)c1,0.7617,3.3501,-5.34,-6.83
Cc1ccc(-n2ncc(NCCNC(=O)c3ccccc3Cl)c(Cl)c2=O)cc1Cl,0.5466,2.2697,-6.46,-8.55
CCOC(=O)C(=O)[C@](Br)(C(N)=O)c1c(C)cc(C)cc1C,0.3774,3.3108,-5.54,-7.36
Cc1cccc(CNc2cnn(-c3ccccc3)c(=O)c2Cl)c1,0.7932,1.9744,-6.25,-8.76
O=C(c1cccc(NCCOc2ccc(F)cc2)c1)N1CCc2ccccc21,0.6434,1.9663,-6.55,-9.52
CC[NH+]1CCC(NC(=O)N[C@@H](C)c2ccc(Cl)s2)CC1,0.7795,4.1206,-5.51,-7.6
O=C(Nc1ccccn1)N1CCC(n2cc[nH+]c2)CC1,0.9015,3.2708,-6.05,-7.81
C[C@H]1CN(C(=O)c2cc3c(s2)-c2ccccc2OC3)CCO1,0.8112,2.878,-6.07,-8.01
COC(=O)N[C@@H]1c2ccccc2Oc2ccc(C)cc21,0.8609,2.6672,-6.06,-8.28
O=C(CSc1nnc(-c2cccnc2)o1)Nc1nc(-c2ccc([N+](=O)[O-])cc2)cs1,0.2576,2.3832,-6.6,-9.52
O=C(NCCc1cccs1)N[C@@H](c1ccc(F)cc1)[C@@H]1CCCO1,0.8371,3.0316,-6.03,-7.95
C[C@H](Sc1nc(-c2cccs2)nc2ccccc12)C(=O)NC1CC1,0.5525,2.6801,-6.15,-8.72
COc1ccc(OCC(=O)Nc2cccc(N3CCCn4c(nc5ccccc54)C3)c2)cc1,0.4771,2.2267,-6.6,-9.59
COc1ccc([C@@H](NC(=O)C2CCN(S(=O)(=O)c3ccccc3)CC2)c2ccccc2)cc1,0.5735,2.4308,-6.43,-8.73
CCOC(=O)C(C)(C)N(C)Cc1cccc(Br)c1O,0.8436,2.5916,-5.63,-7.03
Cc1ccc(C)c(N2CCN(C(=O)c3ccc(Cn4c(=O)[nH]c5ccccc5c4=O)cc3)CC2)c1,0.4985,2.1948,-6.25,-9.7
CCO[C@H](C)c1nc(CC(=O)N2CCC(O)(C(F)(F)F)CC2)cs1,0.8704,3.3832,-5.72,-7.64
CCN(CC)c1ccc(/C=N\Nc2nnc3c(n2)[nH]c2c(C)cccc23)cc1,0.3926,2.6533,-6.41,-9.29
C[C@]1(c2ccccn2)NC(=O)N(Cc2ccc(F)cc2)C1=O,0.8837,2.5688,-5.98,-8.24
CC[C@@H](C)NC(=O)Nc1cccn(C)c1=O,0.811,2.5275,-3.67,-6.19
CCn1ccnc(NCCc2csc(C(C)(C)C)n2)c1=O,0.9224,2.6625,-5.66,-7.99
Cc1[nH]c2ccccc2c1C1CC[NH+](CC(=O)N2C[C@H](C)C[C@@H](C)C2)CC1,0.8593,4.1928,-6.32,-9.03
CCNC(=O)[C@@H]1C[C@@H](NC(=O)c2[nH]c3c(C)cc(C)cc3c2C)CN1CC,0.7564,3.368,-6.19,-8.94
CC[C@@]1(c2ccccc2)NC(=O)N(NC(=O)CN2CCCSc3ccccc32)C1=O,0.7216,3.0767,-6.31,-7.99
COc1cccc(CNC(=O)COc2ccc(C(C)C)cc2)c1,0.8506,1.6568,-5.84,-8.75
COCCC(=O)N1Cc2ccccc2C[C@H]1C(=O)[O-],0.7485,3.0209,-5.67,-7.23
CNc1ccccc1C(=O)OCC(=O)c1c[nH]c2ccccc12,0.5605,1.9672,-6.22,-8.68
COc1ccc(S(=O)(=O)NCc2cccnc2)cc1C(=O)NC1CCCCC1,0.7407,2.0823,-6.35,-8.56
O=[N+]([O-])c1ccc(/C=N/N2CCOCC2)cc1,0.4491,2.2996,-5.36,-6.78
C[C@H]1CCCC[C@H]1NC(=O)NCc1noc2ccccc12,0.9106,2.9494,-6.09,-8.39
Cc1ccc(NC(=O)C2CCN(S(=O)(=O)c3ccc(-c4ccn[nH]4)o3)CC2)cc1C,0.648,2.5198,-6.55,-8.65
Cc1ccc(C(=O)Nc2cc(F)c(F)cc2Cl)s1,0.8225,2.0278,-5.8,-7.81
Cc1ccc([C@@H]2C(C(=O)c3ccccc3)=C([O-])C(=O)N2CCc2ccccc2)cc1,0.5982,2.7755,-6.72,-8.66
C#CCN(CC(=O)[O-])C(=O)Nc1cc(Br)ccc1C,0.8392,2.9419,-5.47,-7.26
Cc1sc(NC(=O)[C@H](C)CCOc2ccccc2)c(C(N)=O)c1C,0.8048,2.5964,-5.88,-8.1
O=C(CCn1cnc2ccsc2c1=O)N1CCN(c2cccc[nH+]2)CC1,0.6872,3.2658,-6.23,-8.52
C[C@H]([NH2+][C@@H]1CCO[C@H]1C)c1ccc(SCC(F)(F)F)cc1,0.8436,4.4517,-5.61,-7.67
CN(Cc1cnn(C)c1)C(=O)c1cc(N)nn1C,0.829,2.716,-5.65,-7.06
COc1cccc(C[NH+](Cc2cc(C(N)=O)cs2)C2CCC(O)CC2)c1,0.6899,3.9524,-6.05,-8.28
Cc1nn(C)cc1C(=O)N1CCC([C@@H]2Nc3ccccc3S(=O)(=O)N2)CC1,0.8074,3.3143,-6.15,-8.82
COc1ccc(-c2cc(-c3ccc(OC)cc3OC)c3c(N)ncnc3n2)cc1,0.5529,2.2541,-6.7,-9.45
O=C(Nc1ccc(Cl)cc1Cl)C(=O)N[C@@H]1CCSc2ccc(F)cc21,0.7353,2.7819,-6.3,-7.89
O=C(Nc1cc(Cl)ccc1Cl)[C@H]1Cc2ccccc2CN1S(=O)(=O)c1cccs1,0.5992,2.7133,-6.45,-9.41
COc1cccc2c1O/C(=N/O)[C@@H](C(=O)Nc1cccc(C)c1C)C2,0.6636,3.093,-6.24,-8.54
COC(=O)c1ccc(COc2cc([N+](=O)[O-])ccc2OC)o1,0.4589,2.0574,-5.69,-8.01
CC(=O)c1cnc2nc(SCc3cccc(Cl)c3)nn2c1C,0.5396,2.4021,-5.97,-8.91
CCc1noc(CC)c1CNC(=O)c1cc(C)nc2c1cnn2[C@@H](C)CC,0.6853,3.2978,-6.08,-8.94
CC(C)[C@H](C[NH2+][C@H](C)c1ccoc1)[NH+](C)C,0.7073,5.5432,-5.15,-5.86
NC(=O)CCN(Cc1ccnc(Cl)c1)c1ccc(F)cc1,0.8348,2.2128,-5.04,-7.05
COc1ccccc1CNC(=O)Cc1cc(-c2cc3ccccc3o2)on1,0.5618,2.223,-6.54,-9.75
Cc1ccc(N2C(=O)c3ccc(C(=O)n4ccnc4C)cc3C2=O)cc1,0.6695,2.2824,-6.37,-8.69
O=C(NCc1ccc2c(c1)OCCO2)NC[C@H]1CCC[C@@H]1O,0.7858,2.9296,-5.81,-8.02
CSc1ccc(-c2noc(Cn3cnc4c(sc5cccc(Cl)c54)c3=O)n2)cc1,0.3625,2.6056,-5.89,-8.85
CCc1nc(CCNC(=O)c2ncccc2OC(C)C)cs1,0.8521,2.3781,-5.57,-7.78
CCC[NH2+][C@@H]1CCCC[C@H]1Cc1ccc(CC)cn1,0.8381,4.1154,-5.51,-7.75
N#C[C@]1(NC(=O)Cc2c(F)cccc2F)CCSC1,0.9225,3.2083,-5.77,-7.62
COCCOc1ccc(NC(=O)N2CCOC[C@H]2C2CC2)cc1,0.8175,2.6661,-5.55,-7.96
O=S1(=O)CC[C@H](n2nc(Cc3cccs3)nc2-c2cnccn2)C1,0.703,3.3602,-6.05,-7.96
C/C(=N/NC(=O)c1cc(-c2ccc(F)cc2)n[nH]1)c1ccncc1,0.5719,2.27,-6.19,-9.02
C[C@H](OC(=O)[C@H]1CCC(=O)N1)C(=O)Nc1ccc(Cl)c(C(F)(F)F)c1,0.7884,3.0558,-6.12,-8.32
COc1ccc(C[C@H](C)CNC(=O)Nc2c[nH]nc2-c2ccccn2)cc1,0.5976,2.9908,-6.08,-8.29
C=CCn1c(=O)c2c(nc3n(CCN4CCOCC4)c(C)c(C)n23)n(C)c1=O,0.589,2.817,-6.34,-8.09
Cc1cccc(C)c1NC(=O)CCCN1CCOC[C@@H]1C1CC1,0.8765,2.7271,-5.67,-8.08
C[C@@H]1C[C@@H]1NC(=O)NCc1cccc(COC(C)(C)C)c1,0.8746,2.9089,-5.68,-8.29
Cc1cc(NC(=O)N[C@@H](C)[C@H](O)c2ccc(F)cc2)no1,0.8073,2.9329,-5.88,-8.43
O=C(NCC1(N2CCOCC2)CCCCC1)c1cc(S(=O)(=O)N2CCCC2)c[nH]1,0.7228,2.7141,-6.16,-8.25
Cc1cc(C(=O)N(C)C)sc1C,0.6524,2.2361,-5.05,-6.23
OCC#Cc1csc(CN2CCC[C@H](c3nc4ccccc4o3)C2)c1,0.7317,3.0881,-6.15,-8.9
Cc1ccc(CNC(=O)C(=O)Nc2cc(C)nn2C)cc1,0.8348,2.0317,-5.77,-8.24
Cc1[nH]c[nH+]c1CN1CCC(Oc2ccc(C(=O)NCc3ccccn3)cc2)CC1,0.6315,3.0093,-6.14,-8.43
C[C@H]1CCC[C@H]2CCCN(C(=O)c3cnn(C)c3)[C@H]12,0.7786,3.4058,-5.53,-7.48
CCOC(=O)C[C@@H](C)CNC(=O)Nc1ccc(C)nc1,0.7814,2.6005,-5.32,-6.9
[NH3+]CC1CCN(C(=O)Cc2ccc(F)c(F)c2)CC1,0.8737,2.5947,-5.69,-7.75
Cc1cc(NCC(=O)NC[C@H]2CCCO2)n2nc(-c3cccnc3)nc2n1,0.6741,3.0401,-6.23,-8.67
CCOc1ccc(NC(=O)CSc2ncnc3c2sc2ccccc23)cc1,0.3686,2.1874,-6.43,-9.43
Cc1ccccc1C(=O)Nc1nc(C)c(C(=O)Nc2ccccc2Cl)s1,0.6693,1.9016,-6.3,-8.86
COc1ccc(CCC(=O)NNC(=O)[C@@H]2CCOc3ccccc32)cc1,0.8083,2.5753,-6.12,-8.63
O=C(Cn1cnc2cc(F)ccc2c1=O)NC1CCCCCCC1,0.9405,2.066,-6.16,-8.52
O=C(N[C@H]1CCSc2ccc(F)cc21)c1ccccc1F,0.9105,2.5542,-6.09,-8.24
CC(C)C[C@H](NC(N)=O)C(=O)N1CCc2ccc(Cl)cc2C1,0.8918,2.6496,-6.06,-8.23
C[NH+]1CCN(c2ncnc(NCCCN3CCOCC3)c2N)CC1,0.547,3.4342,-5.58,-7.39
COC(=O)c1ccc(Cn2c(C)csc2=O)nc1,0.7871,2.3211,-5.59,-7.61
O=C(Nc1cnn(CCc2ccccc2)c1)c1ccc(F)cc1F,0.7773,1.9342,-6.22,-9.16
Cc1ccccc1CNC(=O)c1cc(C)c(C#CCO)s1,0.8561,2.5453,-5.98,-8.39
O=C1N(Cc2ccccn2)C(=O)C2(CC[NH+]([C@@H]3CCc4ccccc4C3)CC2)N1CCc1ccccc1,0.5351,4.2319,-6.49,-8.7
CC[C@H]1CCC[C@H](NC(=O)N[C@@H](CS(C)(=O)=O)c2ccccc2)C1,0.8261,3.1971,-5.89,-8.19
COC[C@@H](O)CN(C)C(=O)[C@H](C)Oc1ccc(Cl)c(Cl)c1,0.8296,2.9672,-5.44,-7.46
O=C(Nc1ccccc1Br)[C@@H]1CCCN(c2ncccn2)C1,0.9129,2.4728,-5.99,-7.91
C[C@@H]1C[NH2+]CC[C@]12CCC[NH+](Cc1ccccc1)C2,0.7707,5.9038,-5.62,-7.62
Fc1ccc(Br)c(C[NH2+]CCCO[C@@H]2CCOC2)c1,0.7732,3.89,-5.54,-7.35
Cn1cc(N2CCC[C@@H](NC(=O)NCCNc3ncccc3C#N)C2)cn1,0.6579,3.0871,-6.02,-8.24
Cc1cccc(C(C)(C)NC(=O)Nc2ccc(-c3ncon3)cc2)c1,0.7514,2.4342,-6.3,-9.39
CCOC(=O)CN(C)Cc1cc(=O)oc2cc(C)c(Cl)cc12,0.6252,2.307,-5.87,-8.14
Cc1ccc(C(=O)/C=N/N2CCCCC2)cc1,0.5904,2.2611,-5.31,-7.16
CN(CCOCC1CC1)C(=O)[C@@H]1CCC[NH2+]C1,0.6572,4.049,-5.07,-6.54
CC(C)CC[NH+]1CCN(CC(=O)Nc2cc(Cl)ccc2[N+](=O)[O-])CC1,0.5626,3.3514,-5.65,-7.74
COc1cccc(C(=O)NCc2c(C)nn(-c3ccccc3)c2C)c1,0.7771,1.856,-6.17,-9.28
COc1ccc([C@@H](Cn2cnc3c4c(sc3c2=O)SCC(=O)N4)[NH+]2CCCC2)cc1,0.6302,4.2877,-6.36,-8.69
CCc1onc(C)c1NC(=O)NC[C@@H](O)c1cccc(C(F)(F)F)c1,0.7652,3.0108,-6.06,-9.38
C/C=C(\C)C(=O)N1CC[C@@H](c2ccc(OC)cc2)C1,0.781,2.6413,-5.28,-6.64
Cc1nc2c(C#N)cnn2c(C)c1CCC(=O)NCc1ccc2c(c1)OCO2,0.7313,2.525,-6.29,-9.21
O=C(COc1ccc(Br)cc1Cl)NNC(=O)c1ccc(Br)o1,0.698,2.1797,-5.97,-8.88
Cc1cc(F)c([C@H](C)[NH2+]C[C@@H]2COCCO2)cc1F,0.8968,4.2113,-5.37,-7.34
O=C(CSc1nc2ccccc2o1)NC[C@H]1CCCO1,0.856,2.5908,-5.71,-8.11
NS(=O)(=O)c1ccc(CCNC(=O)COc2ccc3ccccc3c2Br)cc1,0.563,2.0319,-6.25,-9.05
CSCC(=O)NNC(=O)Nc1nc(C(F)(F)F)cs1,0.7413,2.6229,-5.39,-7.49
COc1cc(NC(=O)Cn2c(=O)n(-c3ccc(C)c(C)c3)c(=O)c3ccccc32)cc(OC)c1OC,0.4269,2.293,-6.73,-8.47
Cc1cnn(C[C@@H]2CCCCN2C(=O)[C@@H](C)OC[C@@H]2CCCCO2)c1,0.7919,3.5148,-5.78,-7.86
Cn1ccnc1COC(=O)[C@@H]1C[C@H]1c1cccc(Cl)c1,0.8134,3.0137,-5.62,-7.81
CC[NH2+]Cc1c(C)nn(C[C@@H]2CN(CC)CCO2)c1C,0.8159,3.8909,-5.45,-7.0
CCOc1ccc(C[NH+]2CCC(C(=O)N3C[C@H](C)O[C@@H](C)C3)CC2)cc1OC,0.7991,4.0132,-5.96,-7.87
O=S(=O)(c1c[nH]c2nccc(Cl)c12)N1CCC[C@@H](Nc2ccccc2)C1,0.7144,2.9282,-6.39,-7.95
CCC[NH2+][C@H](C)c1cccc(NC(=O)OC(C)(C)C)c1,0.87,3.4535,-5.35,-7.34
CC(C)c1ccc([C@@H]2C[C@H]2C(=O)O[C@@H]2CCS(=O)(=O)C2)cc1,0.7997,3.379,-5.75,-7.6
CCCN1C(=O)S[C@H](Nc2ccccc2)C1=O,0.8918,2.7166,-5.36,-6.59
CC[NH2+][C@@H](c1c(C)cc[nH+]c1N)[C@H]1CSCCS1,0.8627,5.7875,-5.49,-7.02
COCCCN1C(=O)c2nc3ccccc3n2C[C@]1(C)C(=O)NC1CCCCCC1,0.5842,3.0191,-6.4,-8.72
CC(C)(C(=O)Nc1cccc(CS(C)(=O)=O)c1)c1cccc(C#N)c1,0.8919,2.3107,-6.04,-9.39
CCOC(=O)c1noc2ncn([C@@H](C)C(=O)N(C)c3cccc(C)c3)c(=O)c12,0.6199,3.1365,-5.57,-8.72
C[C@H]1Cc2ccc(CNS(=O)(=O)c3cccc(Cl)c3)cc2N1C(=O)c1ccccc1,0.6386,2.6299,-6.66,-8.94
NC(=O)[C@H]1COCCN1C[C@H](O)c1c(F)cccc1F,0.8279,3.2769,-5.72,-7.3
Cc1ccc2[nH]c(=O)c(CN(C(=O)c3cccnc3)C(C)C)cc2c1,0.7955,2.2502,-6.38,-8.02
O=C1C[C@H](c2noc(C3CCC3)n2)CN1c1ccc(F)cc1,0.8741,2.7572,-6.09,-8.76
CSC[C@H](C)NC(=O)C(=O)Nc1ccc(Oc2cccc(F)c2)cc1,0.7729,2.6064,-5.9,-8.89
CN(C)C(=O)CN1C(=O)[C@H]2CC[C@@H]1C[NH+](Cc1cc3ccccc3n1C)C2,0.8413,5.0955,-6.3,-8.39
COc1ccc([C@@H]2[C@H](C(=O)NCc3ncn(C)n3)CCC(=O)N2C)cc1,0.8639,3.3522,-6.2,-8.54
O=C(Nc1cc(F)c(F)cc1Cl)c1cc(=O)c2ccccc2o1,0.7206,2.0665,-6.56,-9.26
Cc1cc(Cl)cc2sc(N(Cc3ccccn3)C(=O)CN(C)S(C)(=O)=O)nc12,0.5901,2.5935,-6.21,-8.17
COc1ccc(CCNC(=O)NC[C@H](O)c2cccc3ccccc23)cc1,0.6015,2.3602,-6.3,-8.94
CC(C)C[C@H](NC(N)=O)C(=O)NCC1(c2ccc(F)cc2)CCCC1,0.7071,2.7857,-5.84,-8.13
C[C@@H]1OCC[C@@H]1C(=O)NC1CC[NH+]([C@@H](C)c2ccncc2)CC1,0.8605,4.7062,-5.69,-8.06
Oc1cccc(C[NH+]2CC[C@H]([N+]3=CCCC3)C2)c1,0.7437,5.1936,-5.55,-7.46
CN(Cc1ccc(F)cc1F)C(=O)c1n[nH]c(C2CC2)n1,0.9397,2.5633,-5.98,-8.5
Cc1ccc(N2C[C@H](C(=O)NCc3cc(C)oc3C)CC2=O)cc1,0.9395,2.6064,-6.21,-8.98
Cc1nn2c(=O)cc(CSc3nnc(-c4ccc(C(C)(C)C)cc4)n3C)nc2s1,0.4615,2.6043,-6.36,-9.23
Cc1ccc(C(C)C)cc1O[C@@H]1CCC(C)(C)[C@@H]1O,0.8903,3.2457,-5.72,-7.83
O=C(NCCc1nccn1Cc1ccccc1)N[C@@H]1CC[NH+]2CCCC[C@H]12,0.7119,4.2485,-6.19,-8.58
C#CCNC(=O)N[C@@H](C)c1ccc(OC(C)C)cc1,0.799,2.6009,-5.33,-7.38
CC(C)(C)OC(=O)N[C@H]1CCCN(C(=O)Nc2ccc(F)cc2F)C1,0.8531,2.5708,-5.96,-8.52
CC[C@H](Cc1ccccc1)N(C)Cc1cnc2ncccn12,0.6999,2.9901,-5.84,-7.97
CC[C@@H](C)NC(=O)CCNC(=O)Nc1ccc(C(=O)NC)c(Cl)c1,0.6032,2.4437,-5.51,-8.06
O=C1CC[C@H](C(=O)N2CC[C@H](Oc3ccc(C(F)(F)F)cn3)C2)O1,0.7822,3.3772,-6.18,-8.42
CC/C=C/COC(=O)c1ccc(Cl)cc1OC,0.5962,2.1179,-5.12,-6.12
C#CC[NH+](Cc1cnc(S(C)(=O)=O)n1Cc1ccccc1F)C1CCCCC1,0.7166,4.0454,-6.37,-8.12
N#Cc1cccc(COc2ccc(NC(=O)NC3CCCC3)cc2)c1,0.8597,1.913,-6.12,-9.19
O=C(c1ccccc1CSC1=NCCS1)N1CCC[C@@H](O)C1,0.9218,2.9942,-5.61,-7.77
COc1ccc(CCNc2ncc3c(n2)C[C@@H](c2ccc(OC)cc2)CC3=O)cc1,0.6413,2.7,-5.46,-8.9
CC[NH+]1CCC[C@@H]1CNC(=O)c1ccc(N2CCCCCC2)nc1,0.854,3.9421,-5.9,-8.37
CC(C)C[C@@H](C)NS(=O)(=O)c1ccc(Cl)nc1,0.8406,2.664,-5.18,-6.72
C/[NH+]=C(/NCc1ccc([N+]2=CCCC2)cc1)N[C@H]1CC[C@@H](SC)C1,0.4266,4.7023,-5.86,-8.41
CC(C)(C=O)C[NH+]1CCCCC1,0.6037,4.7876,-4.84,-5.39
O=C(Cn1c(=O)cnc2ccccc21)NCCC[NH+]1CCCC1,0.7117,3.4047,-5.94,-7.89
Cc1noc(C)c1C[C@@H](C)C(=O)N[C@@H](C)c1ccc(-c2ccncc2)cc1,0.7043,3.0038,-6.13,-8.84
Cc1cc(C(=O)NNC(=O)/C=C/c2ccc(Cl)cc2)c(C)o1,0.6747,2.1685,-5.95,-8.1
Cc1cc(C[NH+]2CC[C@H](CNc3cccc[nH+]3)C2)ccc1-n1cncn1,0.6946,5.0331,-6.16,-8.82
COc1ccc(C(=O)[C@H](C)Sc2nc3ccccc3o2)cc1,0.5217,2.4059,-6.05,-8.91
Cc1ccc(-c2n[nH]c(SCc3noc(Cc4ccccc4)n3)n2)cc1,0.5207,2.3994,-6.34,-9.28
CCOC(=O)N1CCC([NH2+]C[C@@]2(O)CCCN(CC(C)(C)C)C2=O)CC1,0.7408,3.9534,-5.8,-7.95
Cc1cc(Cl)cc2sc(N(CC[NH+](C)C)C(=O)c3ccc4c(c3)OCCO4)nc12,0.6732,3.157,-6.47,-8.25
Cc1ccsc1[C@@H](C)[C@@H](C)O,0.7228,3.3528,-4.88,-5.64
CC1(C)CN(Cc2csc(-c3cccc([N+](=O)[O-])c3)n2)CC[S@@]1=O,0.6147,3.4098,-6.01,-8.34
c1cnc(CNC[C@@H]2CCC[NH2+]2)cn1,0.6641,4.3421,-5.22,-6.11
COc1cc(OC)cc(-c2nnc(S[C@H]3CCCc4ccccc43)o2)c1,0.6368,2.856,-6.16,-9.18
C[C@@H](NS(C)(=O)=O)C(=O)N1CCN(c2cccc[nH+]2)CC1,0.7797,3.7918,-5.65,-7.53
COC(=O)C1=C(C)NC(=S)N[C@H]1c1cccc(OC2CCCC2)c1,0.6456,2.8452,-6.04,-7.83
CC(C)C[C@@H](C)[NH2+]Cc1ccc(F)c(Br)c1,0.8576,3.7933,-5.13,-6.3
Cc1cccc(CNc2ccc(Cl)c(Br)c2)n1,0.9075,2.0744,-5.58,-8.11
CC(C)(C)[C@H]1C[NH2+]C[C@H](c2ccccc2)O1,0.7662,4.1899,-5.41,-6.92
Oc1c(Cl)cc(Cl)cc1/C=N/Nc1ncc(F)c(N2CCOCC2)n1,0.6213,2.6659,-6.16,-9.03
Cc1ccccc1OCCN(C)C(=O)c1ccc(=O)[nH]c1,0.9119,2.0808,-5.8,-7.63
CN(CCc1cccs1)C(=O)c1ccc(OCC(F)(F)F)nc1,0.8066,2.4146,-5.69,-7.6
C[C@@H](NS(=O)(=O)c1cn(C)c(=O)n(C)c1=O)[C@H](C)c1ccccc1,0.8519,3.149,-6.14,-8.69
O=C(NNS(=O)(=O)c1ccc(Br)s1)Nc1ccccc1,0.717,2.1683,-5.89,-8.15
O=C(CCn1[nH]c(=O)c2ccccc2c1=O)Nc1cccc2cccnc12,0.5833,2.228,-6.55,-9.08
Cc1ccc(C(=O)N2CCC[C@@H](C(=O)N[C@@H](c3ccccc3)c3ccc4c(c3)CCCO4)C2)cc1,0.5683,2.9648,-6.6,-9.93
C=CCOc1ccc(C(=O)N/N=C(/C)c2ccc([N+](=O)[O-])cc2)cc1,0.3623,2.0872,-5.87,-8.51
O=C(Nc1ccc2nn(-c3ccccc3)nc2c1)c1cc(Br)ccc1Cl,0.4953,2.0429,-6.65,-9.39
O=C([C@H]1C[C@H]1c1ccccc1)N1CCOC[C@@H]1C1CC1,0.8447,3.2319,-5.74,-7.38
C[C@@H]1[NH2+]CC[C@H]1c1nc[nH]n1,0.5571,5.9003,-4.9,-5.51
Cc1cccc(N2CCN(C(=O)CNC(=O)c3cccc([N+](=O)[O-])c3)CC2)c1C,0.618,2.0737,-6.18,-9.15
CCCn1cc(NC(=O)Nc2cc(C#N)ccc2OC(C)C)cn1,0.8477,2.3305,-5.75,-8.29
CCN(CC)S(=O)(=O)c1cc(C(=O)N2CCC(C)CC2)cs1,0.825,2.3585,-5.66,-7.03
C[C@H](C[NH+]1CCCCC1)NC(=O)NC[C@@H](c1cccs1)[NH+](C)C,0.5408,5.199,-5.71,-7.53
C[C@]1(c2ccc([N+](=O)[O-])cc2)NC(=O)N(Cc2ncc(-c3ccccc3)o2)C1=O,0.4045,2.7993,-6.41,-9.19
COCC(=O)Nc1c(C(=O)OC)n(C)c2ncc(NC3CCN(C(C)=O)CC3)cc12,0.6823,2.6636,-6.2,-8.76
COc1cc([N+](=O)[O-])ccc1NC(=O)C[NH+]1CCC(C(C)C)CC1,0.6087,3.4037,-5.65,-7.44
Cc1ccccc1Cc1noc(C[NH+](C[C@H](C)O)C2CCCCC2)n1,0.807,4.1444,-5.88,-8.22
N#CC1([C@@H](O)c2cccnc2)CCOCC1,0.8152,3.5411,-5.2,-6.0
C[C@@]([NH3+])(CO)CCCN1CC[NH+]2CCC[C@@H]2C1,0.5295,5.8194,-5.18,-6.66
Cc1noc(CNC(=O)CCc2ccc(Br)c(C)c2)n1,0.9102,2.203,-5.64,-8.41
COC(=O)c1c(C(F)(F)F)cnc(Cl)c1Cl,0.5828,2.6361,-5.41,-6.76
CCn1cc(S(=O)(=O)N2C[C@@H](C)O[C@H](C)C2)c(C)n1,0.832,3.1993,-5.68,-7.79
NC(=O)C[C@@H]1CCC[NH+](Cc2ccc(-c3cccc(Br)c3)s2)C1,0.8052,4.215,-6.22,-8.03
C[C@@H]1C[C@@H](Nc2cc(S(C)(=O)=O)ccc2F)CS1,0.8687,3.4383,-5.59,-7.45
Cc1ccnn1CC(=O)N1CCC[C@@H]1c1nc(-c2ccccn2)no1,0.7226,2.9596,-6.2,-8.55
NC1=C(c2nc3ccccc3s2)C(=O)CN1c1ccc(C(=O)OCC(=O)NC2CCCCC2)cc1,0.5073,2.5385,-6.48,-9.35
COc1ccc(/C=C(/C#N)C(=O)NC[C@@H](C)N2CCc3ccccc32)cc1,0.634,2.77,-6.03,-8.66
Cc1nc(-c2cccc(NC(=O)[C@@H](CC(C)C)N3CCCCC3=O)c2)n[nH]1,0.8182,2.9307,-6.37,-9.07
CCNC(=O)[C@H](C)Oc1ccc2c(c1)[C@@H](c1cccc(C)c1)N(C(=O)c1ccco1)CC2,0.6312,3.094,-5.93,-8.28
Cc1ccc(OC(F)F)c([C@@H](C)[NH2+][C@H](CO)c2ccccc2F)c1,0.8136,3.797,-5.85,-8.49
CCC[C@H](CS)CN1C(=O)Cc2ccc(Cl)cc21,0.8193,3.1013,-5.26,-6.38
C[NH+](C)C[C@H]1CCCCN1C(=O)Cn1nnc(-c2ccc(Cl)cc2)n1,0.8405,3.4899,-6.02,-8.14
