SMILES,QED,SAScore,EGFR_Docking,HER2_Docking
O=C(CSc1ccccc1Cl)Nc1ccc([N+](=O)[O-])cc1C(F)(F)F,0.4428,2.1295,-6.18,-8.62
C[C@H](c1nc(N)nc(N(C)C)n1)[NH+]1CCN(Cc2ccc(OC(F)(F)F)cc2)CC1,0.7095,3.9308,-6.15,-8.37
CCOC[C@H]1CCCN(C(=O)CSc2cccc(C(F)(F)F)c2)C1,0.7155,2.7347,-5.87,-8.01
Cc1ccccc1[C@@H]([NH2+]Cc1ncccc1F)C1CC1,0.89,3.5758,-5.2,-8.0
C[C@@H](COc1ccc(F)cc1F)NC(=O)c1cccc2cc[nH]c12,0.7503,2.6657,-6.42,-9.24
C[NH2+]C[C@H](C)C(=O)NCCCc1ccccc1,0.6667,3.1302,-5.3,-6.89
COCCn1c(SCC(=O)NC2CCCC2)nc2ccc(Br)cc2c1=O,0.5296,2.2175,-6.22,-8.22
O=C1Cc2cc(NC(=O)c3ccc(Oc4ccccc4)cc3)ccc2N1,0.7443,1.8822,-6.6,-9.97
O=C(CCCNC(=O)c1ccco1)Nc1cccc(C2SCCS2)c1,0.7171,2.4093,-6.14,-8.47
C[C@H]1C[C@H](NC(=O)NCC2(O)CCCCC2)C(=O)N1c1ccccc1,0.7822,3.2437,-6.14,-8.23
CC(=O)N1CCN(C(=O)[C@@H]2CC(=O)N(CC3CC3)C2)CC1,0.732,2.6612,-5.65,-7.99
CCN(C)C(=O)/C=C/c1ccc(C(N)=O)cc1,0.7946,2.0746,-5.46,-6.89
COC(=O)c1ccccc1C[NH+]1CCC[C@H](C(=O)Nc2ccc(Cl)cn2)C1,0.7679,3.8717,-6.39,-8.61
O=C1NCC[NH+](CCc2ccccc2)[C@@H]1CC(=O)N1CCCCO1,0.7682,4.3609,-6.04,-8.19
COc1ccc([C@@H]2[C@@H](C(=O)NCCO)CCC(=O)N2C)cc1,0.8397,2.9036,-5.7,-7.95
COc1cccc(C(=O)N(C)[C@@H](C)Cc2cccs2)c1F,0.8445,2.7338,-5.7,-7.16
CCNC(=O)c1ccc(CNC(=O)N[C@@H]2CCCC[C@@H]2CO)cc1,0.6396,2.7769,-5.83,-8.27
O=C(COC(=O)c1nn(-c2ccccc2)c2c1CCC2)NC[C@H]1CCCO1,0.7856,2.7387,-6.14,-8.61
C[NH+]1CCCN(C(=O)[C@@H]2CN(C(=O)NCc3ccco3)CCO2)CC1,0.7274,4.1315,-5.97,-7.67
COCCCN1C(=O)c2ccc(C(=O)Nc3cccc([N+](=O)[O-])c3)cc2C1=O,0.3395,2.0795,-6.25,-9.38
CC[C@H](C)[NH2+]Cc1ccccc1,0.6951,3.6317,-4.77,-5.44
NNC(=O)c1cnc2cc(C(F)(F)F)c(Cl)cc2c1N,0.427,2.5869,-5.84,-8.01
CC[C@H](Sc1nnc2c3ccccc3n(C(C)C)c2n1)C(=O)Nc1nnc(C)s1,0.4598,3.1997,-6.41,-9.29
CN(CCCS(C)(=O)=O)C(=O)Nc1cccc(Oc2ccccc2)c1,0.8192,2.0398,-5.98,-8.64
CC(=O)N[C@H](CC(=O)N(C[C@H]1CCCO1)[C@@H]1CCSC1)c1ccccc1,0.795,3.4381,-5.81,-7.08
CC(C)N(C(=O)[C@@H]1CCCN(S(=O)(=O)c2ccc(Cl)cc2)C1)c1cccc(C#N)c1,0.6946,2.7962,-6.44,-7.99
CCc1ccc(NC(=O)c2cc(C(=O)Nc3ccc(CC)cc3)n(C)n2)cc1,0.6814,1.9894,-6.17,-8.98
CCCNC(=O)N[C@H](CC)c1cccs1,0.796,2.5417,-4.94,-6.14
CCc1nc(CCNC(=O)NCc2csc(C3CC3)n2)cs1,0.8164,2.5578,-5.73,-8.23
N#C/C(=C/c1cc(F)ccc1F)c1nc([O-])c2ccc(Cl)cc2n1,0.6656,2.9965,-6.21,-8.67
COc1cccc([C@@H]2C[C@H]2C(=O)NC2(c3cccc(F)c3)CCOCC2)c1,0.873,3.1804,-6.18,-9.0
C[C@@H](CC#N)N(C)c1ccc([C@@H](C)O)c(O)c1,0.8376,3.4559,-5.25,-6.31
O=C(CSc1ncccn1)N/N=C/c1ccc(Cl)cc1Cl,0.3929,2.2557,-5.81,-7.99
N#C[C@H](C(=O)c1ccc(N2CCCCC2=O)cc1)c1nc2ccccc2[nH]1,0.722,2.7937,-6.41,-8.88
COc1ccccc1C(=O)Nn1c(C)ccc1C,0.9011,2.0629,-5.84,-7.73
O[C@@H]1CCC[NH+](CCOc2ccccc2F)C1,0.7905,4.2712,-5.44,-7.12
CC[C@@H](C)NC(=O)c1cccc(CNc2nccc(C(F)(F)F)n2)c1,0.833,2.6366,-6.06,-9.45
O=C(Nc1cccc2[nH]ccc12)c1cccn(Cc2ccccc2)c1=O,0.5941,2.0458,-6.62,-9.14
C[NH+]1[C@H]2CC[C@@H]1CN(CCOc1cccc(Br)c1)CC2,0.8964,4.9354,-5.59,-7.72
CCC[NH2+][C@H](CCC)c1ccc(Br)o1,0.8379,4.3663,-4.88,-5.22
O=[N+]([O-])c1ccc(F)c2c1[C@H]1C=CC[C@H]1[C@@H](c1ccccc1O)N2,0.4909,3.61,-6.17,-8.22
C/C(=C/C(=O)N1CCC[C@@H]1C(=O)N(C)C)c1ccc(F)cc1F,0.8022,2.8882,-5.91,-7.53
C[C@H](C(=O)Nc1ccc2c(c1)OCO2)N(c1ccc(Oc2ccccc2)cc1)S(C)(=O)=O,0.58,2.6723,-6.46,-8.94
C[NH+](C)CCC1CC[NH+](CC[NH+]2CCCCC2)CC1,0.4888,6.0393,-5.41,-7.0
CCCOc1cccc(C(=O)Oc2ccc(-n3cnnn3)cc2)c1,0.5122,2.0457,-5.88,-9.21
Cc1cccc(OCCNC(=O)/C=C/C2CC2)c1,0.6173,2.146,-5.35,-7.45
CCc1nc2ccccc2n1C1CCN(C(=O)c2cccnc2OC)CC1,0.7111,2.2637,-6.01,-7.98
CC(=O)Nc1cc(C(=O)NCc2ccncc2)nn1-c1ccccc1,0.7476,2.0899,-6.16,-8.99
COc1ccc(/C=C(/C)C[NH2+]C2CCC(Oc3ccc(C#N)cn3)CC2)cc1,0.8022,3.2953,-5.87,-8.18
COCCn1/c(=N/S(=O)(=O)c2ccccc2)sc2cc(F)ccc21,0.6976,2.2867,-6.16,-8.67
COc1ccc(C(=O)N(C)c2ccc3nc(C)sc3c2)cc1OC,0.7215,2.1023,-6.01,-8.61
CC(=O)N1C=Cc2ccccc2[C@H]1CC(=O)Nc1ccc(-c2noc([O-])n2)cc1,0.7343,3.2722,-6.27,-9.1
COc1cccc2cc(C[NH+]3CCC[C@@H]3c3cccc(C)n3)oc12,0.802,4.2189,-6.47,-9.09
O=C(c1cc2c(=O)[nH]c3ccccc3c2s1)N1CCC2(CC1)OCCO2,0.7149,3.0716,-6.43,-9.03
C[C@@H](O)C[C@@H](C)CNC(=O)Cn1ccc2ccccc21,0.8479,2.9391,-5.67,-7.8
c1cnc2ncc(CN3CC[NH+](C[C@@H]4CCOC4)CC3)n2c1,0.8245,4.3999,-5.8,-7.83
COc1cccc(SCC(=O)N[C@H](C)c2nc3ccccc3[nH]2)c1,0.6731,2.5281,-5.84,-9.26
CCOc1ccc(/C=C/C(=O)Nc2ccc3c(c2)COC3)cc1OCC,0.7593,2.2564,-5.93,-8.71
CCNc1ccnc(N[C@@H]2CCC[NH+](Cc3ccc(Cl)cc3)C2)n1,0.7504,4.0964,-5.91,-8.48
Cn1cnn(-c2ccc(NC(=O)NCC(=O)NC(C)(C)C)cc2)c1=O,0.7531,2.4575,-6.05,-8.45
CCc1nnc(-c2cc3ccccc3n2CC(=O)NC(C)(C)C)o1,0.799,2.4218,-6.05,-9.01
CCCOC(=O)c1ccc(N[C@@H]2CC[C@H]([NH3+])C2)cc1,0.7965,3.3516,-5.39,-7.79
Cc1ccc([C@@H](C)NC(=O)c2cc(-c3ccc(F)cc3)nc3ncnn23)c(C)c1,0.5718,2.7975,-5.81,-9.35
CCCn1nnc(NCc2ccc(F)cc2)n1,0.8587,2.2359,-5.49,-7.62
CC(C)(C)CC(=O)NCC(=O)N1CC=C(c2ccccc2Cl)CC1,0.9048,2.3834,-6.02,-8.26
C[C@H](NC(=O)[C@H]1CS[C@H]2c3ccccc3C(=O)N12)C(=O)NC1CCCCCC1,0.7605,3.3147,-6.2,-8.18
OC[C@@H](O)CSCc1nnc(-c2ccccc2)o1,0.8207,2.7186,-5.48,-7.07
Cc1cc(OCC(=O)NNC(=O)COc2cccc(F)c2)ccc1Cl,0.7696,1.9587,-5.94,-8.76
CC(C)CC[C@H](C)NS(=O)(=O)CCO,0.6682,2.8906,-4.99,-5.76
CC[C@H](C)[C@@H](C)[NH2+]Cc1cc(F)cc(Br)c1,0.8576,4.131,-4.92,-6.64
O=C(COc1ccccc1)NCC(=O)N[C@@H]1C[C@H]2C[C@@H]1[C@H]1CCC[C@@H]12,0.8321,4.1296,-5.84,-8.2
N#C[C@H](c1ccccc1)[C@H]1CCCN1Cc1coc(-c2cccs2)n1,0.6712,3.4464,-6.16,-8.05
Cc1cc(=O)c(C(=O)O[C@@H](C)[C@@H]2CCOC2)nn1-c1cccc(Cl)c1,0.782,3.293,-6.17,-8.24
COC(=O)CCC(=O)N1CCc2[nH]nc(-c3cccc(OC)c3)c2C1,0.8387,2.3479,-5.96,-8.59
N#Cc1cc(F)ccc1CSc1nnc(Cc2ccccc2F)o1,0.6527,2.3991,-6.02,-8.79
COc1ccc(C=O)cc1Oc1nc(C[NH+]2CCCC2)nc2sc(C)c(C)c12,0.6466,3.6138,-6.21,-8.74
COc1ccccc1CNC(=O)C(=O)Nc1ccc2c(c1)CCCN2C(=O)c1cccs1,0.5828,2.2884,-6.4,-9.49
COc1ccc(NC(=O)CSc2nc3ccsc3c(=O)n2-c2ccccc2Cl)c(OC)c1,0.2962,2.2903,-6.41,-8.77
COc1ccc(-c2cc(N)cc[nH+]2)cc1,0.8044,3.1934,-5.54,-6.37
CCn1c(-c2nc(C(=O)NCc3cccc(OC)c3)cs2)cc2ccccc21,0.5172,2.2171,-6.49,-9.4
C=CCOc1cccc(NC(=O)c2ccccc2C(=O)[O-])c1,0.8253,2.2536,-5.82,-8.41
COc1ccc2c(c1)[C@H](NC(=O)CSC1=NCCS1)CO2,0.9187,3.1138,-5.67,-7.73
c1ccc2c(c1)C[C@H](C[NH2+]C(C1CC1)C1CC1)S2,0.8601,4.0764,-5.65,-7.22
COC(=O)[C@@H](NC(=O)Cc1ccc(C)o1)c1ccc(Cl)c(F)c1,0.8503,2.7819,-5.95,-8.43
Cc1nc2ncnn2c(NCCOC2CCCCCC2)c1C,0.6794,2.6365,-5.75,-8.35
O=C(NCc1ccccc1)c1cccnc1[C@H]1CCCC[NH+]1CC(=O)N1CCNC1=O,0.6378,3.9817,-6.4,-8.64
c1csc(CN2CCCN(c3ccc(Cn4cc[nH+]c4)cn3)CC2)c1,0.7066,3.1333,-6.03,-8.12
CC(C)OC(=O)CSc1nnc(C(F)(F)F)n1-c1ccccc1,0.6145,2.2942,-5.76,-8.26
CCc1ccccc1-n1cc([O-])c(C(=O)N(C)Cc2cccc(OC)c2)n1,0.6743,2.5918,-6.0,-8.35
CC[NH+](C)C[C@H]1CCN(C(=O)Nc2cc(C)nn2Cc2ccccn2)C1,0.8112,3.9699,-6.02,-8.63
Cc1ccc(-c2ccc(/C=C3\C(=O)N(c4ccc5c(c4)OCO5)C(=O)N=C3[O-])o2)c(C)c1,0.5894,2.9987,-5.79,-8.92
C[C@H](NC(=O)N1CCC[C@@H](CCO)C1)c1cccc(-n2cccn2)c1,0.8776,3.0678,-5.99,-8.91
CC(=O)N1Cc2ccccc2O[C@]2(CCCN(C(=O)CCn3ccnc3)C2)C1,0.8151,3.5979,-6.26,-8.32
CC[NH2+]Cc1ccc(O[C@H]2CCO[C@@]3(CCSC3)C2)cc1,0.9056,4.8325,-5.69,-6.99
Cc1ccc(-c2c(C)noc2C)cc1S(=O)(=O)N1CCN(c2ccc(F)cc2)CC1,0.629,2.2703,-6.52,-8.84
O=C(CCc1cccc(Cl)c1Cl)NCc1ccccc1CO,0.8431,1.9576,-6.06,-8.6
Cc1cc(C(=O)N2CCC(c3nnsc3-c3cc(C)no3)CC2)on1,0.7089,3.0241,-6.25,-8.85
CC1(C)CCC(CNC(=O)C2CCN(C(=O)C(C)(C)C)CC2)CC1,0.8558,2.3818,-5.86,-8.79
CCOc1cccc(C[NH+]2CCC[C@H](OC)C2)c1,0.8505,4.1498,-5.44,-7.2
O=C(NNc1c(Cl)cc(Cl)cc1Cl)c1ccccc1[N+](=O)[O-],0.6282,2.1495,-6.11,-8.8
C[C@@H]1CN(C)c2ccccc2CN1C(=O)N[C@@H]1CC[NH+]2CCCC[C@H]12,0.8056,4.7539,-6.15,-8.69
Cc1ccccc1Cc1cccc(C2CCN(C(=O)c3cnccn3)CC2)n1,0.6991,2.3917,-6.43,-8.95
CC[NH2+][C@@H](CC[C@H]1CCCO1)c1ccc(Cl)cn1,0.8608,4.1159,-5.42,-6.86
O=C(NC[C@@H](C(=O)[O-])c1ccccc1)c1nnn[n-]1,0.6644,4.1662,-5.66,-7.42
CCOC(=O)[C@H](C)NC(=O)N1CC[C@H](C(=O)[O-])[C@@H]1C,0.6686,3.8767,-5.44,-7.3
C[C@H]1CCCN1C(=O)CC[NH+](C1CC1)[C@@H](C)C1CC1,0.7676,4.5457,-5.42,-7.04
C[C@H]1CCN(C(=O)C2CCOCC2)c2ccccc2S1,0.7946,2.8361,-5.7,-7.29
CSc1nccnc1CN(C)C[C@@H]1CCC[NH2+]C1,0.7939,4.3403,-5.5,-7.09
CNc1cc(S(=O)(=O)N[C@@H]2CCCC2(C)C)ccn1,0.8861,3.1219,-5.61,-7.55
CN(c1ccccc1C(N)=O)S(=O)(=O)/C=C/c1ccc(Cl)cc1,0.8998,2.3175,-6.14,-8.46
O=C(NCc1ccccc1Cl)c1ccc(-c2noc(C3CC3)n2)cc1,0.7461,1.9553,-6.33,-9.54
CC(C)CC(=O)Nc1nnc([C@@H]2CC(=O)N(c3ccc(OC(F)(F)F)cc3)C2)o1,0.7803,3.0209,-6.34,-8.97
Cc1ccc(-n2cc(C)cn2)c(NC(=O)NNc2ccc(Cl)nn2)c1,0.6233,2.6179,-5.91,-8.91
CCn1c(C)nnc1CS[C@H]1CCc2ccc(F)cc21,0.8609,3.2054,-5.82,-8.0
O=C(COc1ccc2oc3c(c2c1)CCCC3)OCc1nc2ccccc2o1,0.4742,2.4554,-6.18,-9.89
C[NH2+]CCN1C[C@@H](C)CS1(=O)=O,0.5905,5.0081,-5.07,-6.14
C[C@H]1Sc2nnc(-c3ccncc3)n2N=C1c1ccc(F)c(F)c1,0.7159,3.193,-6.1,-8.05
COc1cccc(F)c1[C@H](C)NC(=O)NCC[NH+]1CCC(OC)CC1,0.6814,3.9783,-5.69,-7.51
O=C(Nc1ccn(Cc2ccc(Cl)c(Cl)c2)n1)c1nc2ncccn2n1,0.5807,2.5683,-6.56,-8.93
Cc1nc(-c2ccc(S(=O)(=O)N3CC[NH2+][C@H](C(=O)[O-])C3)s2)cs1,0.7295,4.2054,-5.94,-8.1
CC[C@@H](NC(=O)c1ccc2[nH]c(C)c(C)c2c1)C(=O)OC,0.849,2.5707,-5.78,-8.29
COc1ccc2cc(CN3CCO[C@H]4CC[C@@H](OC)C[C@@H]43)ccc2c1,0.8499,3.3062,-6.03,-8.15
Cc1ccc(N[C@H](C)C(=O)N/N=C/c2cc([N+](=O)[O-])ccc2O)cc1,0.4236,2.6843,-6.06,-8.73
C/[NH+]=C(/NCc1cc(C(C)C)no1)N1CCN(c2ccc(F)cc2)CC1,0.6272,3.0339,-6.09,-8.6
COc1ccc(NC(=O)/C=C/c2cccc(Cl)c2)c([N+](=O)[O-])c1,0.511,1.9996,-6.03,-8.45
COC(=O)[C@H](Nc1cc(C)c([N+](=O)[O-])cn1)C(C)C,0.4972,2.8887,-5.24,-7.0
Cc1nn(-c2ccccc2)c(N2CCC(C(=O)NCc3cccc(Cl)c3)CC2)c1NC(=O)C(C)C,0.4872,2.3839,-6.42,-9.13
CCc1ccc(-c2n[nH]c(=O)c3c2CCCC3)cc1S(=O)(=O)N(CC)CC,0.8234,2.5923,-6.48,-8.28
C[C@@H]1C[C@@H](C)C[NH+](CCNC(=O)C2CCN(C(=O)OC(C)(C)C)CC2)C1,0.7865,4.0613,-5.6,-8.67
C[C@H](Sc1nnnn1C1CC1)C1=NC(=O)C2=C(c3ccccc3)CSC2=N1,0.7224,3.7886,-6.21,-8.04
CC[C@@H](OC(=O)c1cccc(C)n1)c1cccc([N+](=O)[O-])c1,0.4783,2.7021,-5.9,-8.22
C[C@@H](NC(=O)Cc1ccc2c(c1)CCCC2)C(=O)N1CCOCC1,0.9095,2.5888,-6.12,-8.43
COCc1cc(CNC(=O)c2ncccc2OC(C)C)ccc1F,0.8463,2.2063,-5.8,-8.39
CC(C)OCCN1CCN(C(=O)N[C@@H]2CCCC[C@@H]2C)CC1,0.8473,2.9041,-5.62,-7.93
CC[NH+]1CCN(CCNC(=O)CC[C@H]2Cc3ccccc3NC2=O)CC1,0.6378,3.8403,-5.91,-8.24
O=C(C[NH+]1CCCC[C@H]1CCO)Nc1cc(C(F)(F)F)ccc1Cl,0.7484,4.1493,-5.93,-8.7
[NH3+]CCOCC(=O)N[C@]1(C(=O)[O-])CCOC1,0.4567,4.384,-5.08,-6.22
CCCO/N=C/c1cccc(C)n1,0.402,2.5758,-4.96,-6.0
Cc1ccc(C)c(C(=O)[C@H](C)SC[C@H](C)CO)c1,0.8032,3.0545,-5.47,-6.89
O=C(N[C@H]1CCCc2ccc(F)cc21)[C@H]1CCOc2ccccc21,0.9097,3.0138,-6.47,-9.35
COc1ccccc1[C@H](CNC(=O)N1CCOC(C)(C)C1)[NH+]1CCCC1,0.8286,4.0361,-5.96,-8.0
O=C(NCC(F)(F)F)NNC(=O)c1ccc(Br)c(F)c1,0.5599,2.2745,-5.5,-7.8
Cc1cc(F)cc(S(=O)(=O)N[C@H]2CCC[C@H]2C(N)=O)c1,0.8712,3.0994,-5.81,-8.16
COC(=O)[C@H]1CCCCC[C@H]1NS(=O)(=O)N(C)C(C)C,0.6131,3.231,-5.51,-7.61
Cc1cscc1[C@H]([NH3+])c1cc(F)cc(F)c1,0.8355,3.7528,-5.57,-7.37
Cc1cc(-c2csc(NC(=O)CNC(=O)c3ccc4c(c3)OCO4)n2)c(C)s1,0.6648,2.3816,-6.36,-9.14
CCN(CC)C(=O)c1cccc(S(=O)(=O)NC2CC2)c1,0.867,1.9403,-5.55,-7.8
CC1(C)CCC[C@]1([NH3+])Cc1c(F)cccc1Cl,0.8417,3.643,-5.63,-7.36
Cc1ccc(OS(=O)(=O)c2ccc(C#N)c(Cl)c2)c([N+](=O)[O-])c1,0.4743,2.31,-5.73,-7.97
Cc1nc(CNC(=O)NC[C@@H](C(C)C)N2CCOCC2)cs1,0.8334,2.8973,-5.62,-7.62
C=CCN(Cc1ccc(Cl)s1)C(=O)c1ccc2c(c1)nnn2CC,0.6243,2.5261,-6.05,-8.19
CC(=O)C[C@H]1CCCCCN1C(=O)Cc1ccccc1Cl,0.8515,2.5115,-5.84,-8.0
CCN(CC(=O)NC)C(=O)CCOc1ccc(Cl)cc1,0.8334,1.9427,-5.3,-7.24
Cc1cccc([C@H]2C[C@H]2C(=O)N2CCN(CC[NH+]3CCCC3)CC2)c1,0.8619,4.0503,-5.89,-8.68
O=C(N[C@H]1CC[NH+](CC2CCCC2)C1)N(CCO)Cc1ccccc1,0.6909,3.9699,-5.8,-8.36
Cn1cc(-c2cc(C(=O)N3CCC(O)(c4cccnc4F)CC3)no2)cn1,0.7045,2.861,-6.16,-7.97
COc1ccc(N2C(=O)c3cc4occc4n3C[C@@]2(C)C(=O)N[C@@H]2CCC[C@@H](C)[C@H]2C)cc1OC,0.5776,3.9436,-6.48,-9.24
Cc1[nH]c2ccccc2c1C(=O)C[NH+](Cc1ccc(F)cc1)C1CC1,0.6667,3.5686,-6.5,-9.02
CSc1ncc(C(=O)NC2CCCC2)c(Cl)n1,0.5214,2.2777,-5.5,-7.32
Nc1c(C(=O)Nc2ccccc2O)cc(F)cc1[N+](=O)[O-],0.3467,2.1613,-6.0,-8.22
O=C(OCC1CC1)c1ccc(Cn2cc(Br)cn2)o1,0.7934,2.4581,-5.62,-7.96
CC(C)Oc1ncc(C(=O)N(Cc2cnn(C)c2)C(C)C)cc1Cl,0.8015,2.5569,-5.77,-7.69
CS(=O)(=O)c1ccc(CNC(=O)NC2CC[NH+](C3CC3)CC2)cc1,0.7031,3.3089,-5.79,-7.94
CN(CC(=O)NC1(C#N)CCCCC1)Cc1nccn1C(F)F,0.8686,2.8928,-5.79,-7.73
N#Cc1cccc(Oc2ccccc2)c1,0.7357,1.5545,-5.52,-7.28
COC(=O)C(C)(C)NC(=O)c1ccc(-c2nc3ccccc3s2)o1,0.7349,2.3861,-6.1,-8.93
COc1ccc([C@@H]2CCCCCN2C(=O)N[C@@H](C)c2ncc(C)s2)cc1,0.8335,3.0403,-5.95,-7.79
CN1C(=O)C(=C/C=C/Nc2ccccc2)C(=O)N(C)C1=O,0.6761,2.5815,-5.52,-7.3
CC(C)(C)C(=O)N1CCC[C@@H](c2nc(=O)c3nnn(Cc4ccc(C(C)(C)C)cc4)c3[nH]2)C1,0.6575,3.3176,-6.63,-9.06
CC(C)(C)C(=O)NCCCC(=O)NC(C)(C)c1ccc(F)cc1Cl,0.7621,2.4436,-5.73,-7.79
O=C(NCC(=O)N1CCN(c2ccnc(N3CCOCC3)n2)CC1)c1ccccc1,0.7626,2.2194,-6.19,-8.63
Cc1ccc([C@H](C)[NH2+]CCC(=O)NC2CC2)c(C)c1,0.8025,3.4869,-5.51,-7.45
COc1cc(OC)c(NC(=O)NC2CCCC2)cc1F,0.8923,1.9329,-5.74,-7.94
CCC(C)(C)NC(=O)CN1C(=O)N[C@@](C)(c2ccc(C)cc2)C1=O,0.8108,2.6974,-5.92,-8.23
CC[NH2+][C@@H]([C@@H]1CCOC1)[C@@H]1CCOC2(CCCCC2)C1,0.8569,5.037,-5.21,-7.15
CCCC[C@@H]1C[C@@H]1C(=O)Nc1ncc2c(n1)CC(C)(C)CC2=O,0.9037,3.4729,-5.94,-8.02
CCN(CC)C(=S)S[C@@H](C(=O)N(C)C)c1ccccc1,0.7795,2.9111,-5.29,-7.28
CNc1nc(N)c2c([nH+]1)CCC2(C)C,0.6912,4.4306,-5.09,-6.36
Cc1nn(-c2ccc(F)cc2)c(C)c1C(=O)Oc1ccc(-n2cnnn2)cc1,0.4008,2.3125,-6.59,-9.53
C[C@H]([NH2+][C@@H](C)c1cccc(F)c1F)c1ccc(F)cn1,0.9171,3.9118,-5.77,-7.83
COc1cc(C(=O)OCc2cc(=O)oc3cc(C)ccc23)c([N+](=O)[O-])cc1OC,0.2678,2.2803,-5.99,-8.72
CCS(=O)(=O)CCN(C)C(=O)[C@@H]1Cc2ccccc2N1C(C)=O,0.7979,2.9608,-5.82,-7.68
COc1ccccc1/C=C1\SC(=S)N(CC(=O)Nc2cccc(O)c2)C1=O,0.5926,2.1623,-6.18,-7.59
CCNC(=O)c1ccc(C[NH2+][C@@H](c2cc(C)sc2C)C(C)C)cc1,0.7915,3.5281,-5.86,-8.32
NC(=O)c1ccc(C(=O)OCC(=O)c2ccc(F)cc2)cc1,0.6754,1.6468,-5.81,-8.4
CCc1nc(CN(C)c2nnc(Cl)cc2C(N)=O)cs1,0.911,2.8181,-5.52,-7.26
COc1cc(CN(C)C(=O)[C@]2(C)CC2(Cl)Cl)ccc1OCc1ccccc1,0.6172,2.6774,-6.0,-8.0
Cn1nccc1C(=O)Nc1nc2c(ccc3ccccc32)s1,0.6169,2.2347,-6.11,-8.75
N#C[C@@H]1CN(C(=O)c2cc([N+](=O)[O-])ccc2Br)CCO1,0.6032,3.1035,-5.61,-7.59
Cc1cc2nnc([C@@H]3CCC[C@H]3[NH3+])n2c(C)n1,0.7831,4.1344,-5.7,-7.41
O=C(NCc1cn2ccsc2n1)Nc1cnc(-c2ccccc2)s1,0.5841,2.6287,-6.5,-9.95
O=C(Nc1cccc(N2CCCCCC2)c1)N1CCOC[C@@H]1C1CC1,0.9098,2.7272,-6.05,-8.62
C[C@H]1c2cccn2CCN1C(=O)CCn1c(CO)nc2ccccc21,0.794,2.9458,-6.28,-8.57
Cc1ccc(N2C(=O)C(Cl)=C(N3CCN(C)CC3)C2=O)c(C)c1,0.7751,2.2887,-5.92,-7.42
O=C(NNc1c(Cl)cc(Cl)cc1Cl)[C@@H]1CC(=O)N(c2ccc3c(c2)OCO3)C1,0.7028,2.9182,-6.46,-8.67
COCCNc1nnnc2c1sc1[nH+]c(N3CCOCC3)c3c(c12)CC(C)(C)OC3,0.6112,3.8793,-6.29,-9.36
C[NH2+][C@@H](COC)C(c1ccccc1)c1ccccc1,0.8405,3.132,-5.6,-7.96
O=C1CCN(c2cccc(Cl)c2F)C(=O)C1,0.707,2.3838,-5.57,-6.55
Cc1ccc(C)c(-n2ncc(CCl)c2C(C)C)c1,0.7522,2.385,-5.64,-7.82
CC1=C(NC(=O)CSc2nc(-c3cccs3)c(-c3cccs3)[nH]2)[C@H](C)N(C)N1,0.5116,3.6769,-6.21,-8.53
O=C([C@H]1C[C@@H]2C=C[C@H]1C2)N1CCCc2cc(F)cc(F)c21,0.7251,4.2979,-5.95,-7.22
O=C(NCC1CCN(C(=O)c2ccccc2F)CC1)c1ccc(Br)o1,0.8416,2.1269,-6.22,-8.36
COc1ncccc1NC(=O)CSCC#N,0.7808,2.3319,-5.1,-6.12
CN(CCOCC1CC1)C(=O)[C@@H]1CCC[NH2+]C1,0.6572,4.049,-5.07,-6.54
O=C(CCl)N1C(=O)CSc2ccccc21,0.705,2.5042,-5.46,-6.76
CC[C@@H]([NH3+])Cc1ccnc([C@@H]2CN3CCC[C@@H]3CO2)n1,0.8739,4.418,-5.48,-7.25
CCOc1ccccc1-c1nc(-c2nnn(Cc3ccccc3)c2C)no1,0.5203,2.2448,-6.38,-9.16
Cc1nc2cc(C(=O)[O-])ccc2n1C,0.6455,2.7011,-5.46,-6.25
CC(C)C1=NN=C(C(=O)NCc2cccnc2OC2CCCC2)C1,0.8721,2.8897,-5.67,-8.24
CCC[C@@H](C)NC(=O)[C@@H]1CCCN(C(=O)C(C)(C)c2cccc(C#N)c2)C1,0.8353,3.1249,-6.05,-9.19
CNC(=O)Cc1nc(CN2CCN(C(=O)C3CCCCC3)CC2)cs1,0.8629,2.294,-5.91,-8.68
Cc1cccc(O[C@@H](C)C(=O)Nc2ccc(Br)cc2)c1C,0.8852,2.164,-5.9,-8.73
O=C1OCCCN1Cc1nc(-c2cccc(C[NH+]3CCCCC3)c2)no1,0.8808,3.5346,-5.81,-8.94
C[C@H]1C[C@@H](S[C@@H](C)[C@@H](C)O)C(=O)O1,0.7015,4.3831,-5.2,-6.16
Cc1ccc(NC(=O)C(=O)Nc2ccc(C[NH+]3CCCC[C@@H]3C)cc2)cc1,0.7284,3.6343,-6.22,-9.1
CN1CCc2c(c3cc(S(=O)(=O)c4ccccc4)ccc3n2CCc2ccccn2)C1,0.4774,2.4679,-6.69,-9.06
CCC[C@H](C)N1C[C@@H](C(=O)NCc2nnc3ccccn23)CC1=O,0.8682,3.1829,-5.96,-8.67
Cc1ccc(NC2=[NH+]CC(=O)N2Cc2ccc3c(c2)OCO3)cc1,0.8685,2.9746,-6.09,-8.51
CCN(CC)C(=O)C1(NCc2n[nH]c(=O)[nH]2)CCCCC1,0.7219,3.1465,-5.61,-7.69
O=C(NCC[NH+]1CCCCCC1)[C@H]1CC(=O)N(CCc2ccccc2)C1,0.7521,3.6381,-5.91,-8.61
C=CCN(C(=O)CSCC(F)(F)F)[C@H]1CCS(=O)(=O)C1,0.6921,3.4355,-5.59,-7.13
COc1ccc(N)c(N2CC(C(C)C)C2)c1,0.7947,2.2077,-5.26,-6.28
CCS(=O)(=O)C[C@H](C)[NH+](C)Cc1ccc(F)c(Cl)c1,0.8606,4.1649,-5.27,-6.57
C[C@@H]1CCC[C@@H]([NH+](C)CCC(=O)NC(N)=O)C1,0.6309,4.6442,-5.34,-6.73
COc1cccc(C(=O)N[C@H](C)c2nnc3n2CCN(Cc2ccc(-c4ccccc4C)cc2)CC3)c1,0.3984,2.7843,-6.71,-8.82
CC[NH+]1CC[C@@H](NCCn2cnnc2C2CC2)[C@H](C)C1,0.7734,4.8603,-5.37,-7.46
CCn1nc(C)c([C@H](C)[NH2+]CC[C@@H](C)[S@](C)=O)c1C,0.8213,4.866,-5.21,-6.79
CN(CCOCC1CC1)c1cccc(F)c1C(N)=[NH2+],0.4195,3.0007,-5.51,-7.15
CC1=C[C@H]2C[C@@H]1[C@H]1C(=O)N(c3ccc(OC(F)(F)F)cc3)C(=O)[C@H]21,0.6145,4.243,-6.07,-7.42
Cc1ccc(N(C(=O)c2cccc([N+](=O)[O-])c2)[C@H]2C=CS(=O)(=O)C2)cc1,0.6071,2.946,-6.06,-8.31
Cc1ccc(CCNC(=O)c2csc3c2CC[C@H](C)C3)cc1,0.9023,2.5458,-5.98,-8.39
Cc1nn(C)c(C)c1C(=O)N1CCO[C@H](/C(N)=N/O)C1,0.3327,3.266,-5.63,-7.42
CC(C)Cn1ncnc1/C=C1\CC[C@@H]([NH3+])C1,0.831,4.4261,-5.21,-6.66
CCN(CC)S(=O)(=O)/N=C(\[O-])CCc1c[nH]c2ccc(C)cc12,0.617,3.0893,-5.88,-7.52
Cc1cccc([C@H]2N=C(c3ccc4nc([O-])oc4c3)CS2)c1,0.7272,3.8336,-6.04,-8.47
CC[NH2+][C@H]1CCN([C@@H](CC)c2cccs2)[C@@H](C)[C@H]1C,0.8795,4.776,-5.54,-6.89
CCC(CC)(NC(=O)N(C)C1CC[NH2+]CC1)C(=O)[O-],0.6486,4.4343,-5.44,-7.5
O=C(Nc1ccc(Oc2ccccc2)cc1)[C@H]1CC(=O)n2ncnc2N1,0.751,2.9952,-6.28,-8.56
CCCCNC(=O)NNC(=O)c1cc([N+](=O)[O-])ccc1Cl,0.4379,2.0576,-5.42,-7.81
CC(C)(C)C(=O)C[C@](O)(c1ccccc1)C(F)(F)C(F)F,0.8406,3.1651,-5.58,-7.71
CC(C)c1ccc2nc(NC(=O)c3ccco3)sc2c1,0.7821,2.0722,-5.79,-8.62
COc1ccc2c(c1)=C(CC[NH2+][C@H]1CC(=O)N(c3ccccc3)C1=O)C[NH+]=2,0.5731,4.3674,-6.22,-8.6
C[C@H]1CCCC[C@@]12NC(=O)N(CC(=O)N1CCN(S(=O)(=O)c3ccc4ccccc4c3)CC1)C2=O,0.6505,3.5874,-6.62,-9.99
CCNC(=O)NNC(=O)c1sc2cccc(F)c2c1C,0.7441,2.2947,-5.88,-8.24
Cc1cnc(S[C@H]2CC[C@](CO)([NH2+]C(C)C)C2)nc1,0.7949,4.6961,-5.46,-7.49
NC(=O)[C@@H]1Cc2ccccc2N1Cc1nnc(-c2ccccc2Br)o1,0.7294,2.8662,-6.28,-8.7
CCn1cc(Cl)c2nc(CCl)cc(=O)n21,0.759,3.4541,-5.67,-7.22
CC/[NH+]=C(/NCc1ccc(C)c(F)c1)N1CCC(OCC)CC1,0.6316,3.0827,-5.77,-8.51
Cc1cc2c(C)cc[n+](CCCS(=O)(=O)[O-])c2cc1C,0.6395,3.219,-5.83,-7.89
C[NH+](C)CCCCNc1ncc(Cl)cc1F,0.7393,3.5519,-5.11,-6.03
C[NH+](C1CCC([NH3+])CC1)[C@@H]1CCCC[C@@H]1O,0.5784,5.6505,-5.3,-6.36
O=C(C[C@H](c1ccccc1)N1CCOCC1)N1CCc2[nH]c3ccccc3c2C1,0.7428,2.7915,-6.62,-9.42
Cc1ccc(-c2nnn(Cc3nc4ccccc4s3)n2)cc1,0.5825,2.1466,-6.03,-9.06
N#Cc1nc(/C=C/c2ccccc2)oc1NCCCn1ccnc1,0.675,2.6775,-5.89,-8.11
CCC[NH+]1Cc2cccc(N[C@H](C)C(=O)NC(=O)Nc3ccccc3)c2C1,0.632,3.8741,-6.22,-8.75
Cc1cc2ncc([C@H](C)[NH2+]C[C@H](C(C)C)N3CCOCC3)c(C)n2n1,0.8572,4.1681,-5.85,-8.26
C[C@H](NC(=O)C1C[C@@H](C)O[C@H](C)C1)c1cccc(-n2cncn2)c1,0.9366,3.4141,-6.01,-8.48
CC1(C)C[C@@]2(C)OC(=O)[C@@H](c3ccccc3)N2C(=S)N1,0.635,3.7417,-5.8,-6.51
Cc1cc([C@H]2CCCN2CCc2ccc([N+](=O)[O-])cc2)no1,0.6257,2.7707,-5.84,-8.18
CC[C@H]([NH2+]C[C@@H](C)N1CCc2ccccc21)C(=O)Nc1cc(C)on1,0.8026,3.9623,-5.97,-8.67
CSC1=NC(=O)[C@H]2C(=N1)NC(=O)C[C@H]2c1cccc(O)c1,0.8171,3.9646,-5.84,-8.01
C[C@@H](CN(C)c1nc(-c2ccncc2)nc2c1cnn2C)N1CCOCC1,0.6779,3.2075,-6.2,-8.39
CC[C@@H]1C[NH+](CCNC(=O)C(C)(C)O)Cc2cc(OC)ccc2O1,0.6904,4.3055,-5.68,-7.57
Cc1ccc([O-])c(C[NH2+][C@@H]2CCCC[C@@H]2OC2CCCC2)[nH+]1,0.8887,5.2414,-5.7,-7.7
COC(=O)c1c(C)nn2c1ncc1c(=O)n(N3CC[NH+](C)CC3)ccc12,0.5683,3.8781,-6.29,-8.36
Cc1ccc(C(=O)Nc2nc3ccc(C(=O)OC(C)C)cc3s2)cc1,0.7042,1.9233,-6.21,-9.22
CCCCCc1nn2c(C)c(-c3ccccc3)nc2s1,0.6461,2.2359,-5.8,-8.05
Cc1cccc(OCC(=O)NCc2ccc(-c3nc4ncccc4o3)cc2)c1,0.5547,2.1056,-6.22,-9.56
CSC1=N/C(=C/c2ccc3c(c2)OCO3)C(=O)N1CN1CC[NH+](C)CC1,0.7601,3.7105,-5.92,-7.42
COCCCNC(=O)N(C[C@@H]1C[C@H]1C)C(C)C,0.6946,3.0814,-5.09,-6.72
C[C@H](Oc1ccc(F)cc1)C(=O)Nc1ccc(Br)cc1,0.9153,2.0202,-5.9,-8.58
Cc1ccc(S(=O)(=O)NC[C@H]2CN3CCCC[C@@H]3CO2)cc1,0.9123,2.9695,-5.79,-8.03
O=C1NCCN1[C@H]1CCCN(c2ccc3cc([N+](=O)[O-])ccc3n2)C1,0.682,2.9163,-6.05,-8.3
COCCCn1ccc(NC(=O)N[C@@H](C)c2ccccc2C)n1,0.7713,2.6346,-5.69,-7.93
Cc1nc(C)c(CC(=O)NN=C(c2ccccc2)c2ccccc2)c(=O)[nH]1,0.5413,2.3887,-6.25,-9.09
COc1cccc(C[C@@H](C(=O)NC[C@@H]2CCOC2)n2nnnc2C)c1,0.8025,3.2165,-5.75,-8.47
O=C(N[C@@H]1CC(=O)N(Cc2ccccc2Cl)C1)c1ccoc1,0.9416,2.698,-6.04,-8.39
O=C(NNC(=O)c1c[nH]c2cccc(F)c12)C(=O)NC1CC1,0.4752,2.3886,-6.12,-8.14
O=C(Nc1ccc(F)cc1F)c1[nH]c2ccc(Cl)cc2c1Cl,0.6765,2.1043,-6.35,-9.17
CC[NH2+]C[C@H](Cc1nc(C)cs1)c1ccc(Cl)cc1,0.8721,3.6816,-5.49,-7.48
COc1ccccc1/C=C/C(=O)Nc1ccccc1C(N)=O,0.8315,1.8222,-5.95,-8.62
CCCNc1nnc(S[C@@H]2CCN(c3cccc([N+](=O)[O-])c3)C2=O)s1,0.5822,3.103,-6.09,-8.18
CS[C@@H](CO)[C@@H](C)NC(=O)Nc1cnccc1C,0.7592,3.458,-5.25,-6.35
C[C@H]1Cc2cc([N+](=O)[O-])ccc2N1Cn1nc(-c2ccncc2)n(C2CC2)c1=S,0.3587,3.3039,-6.27,-7.66
CSCC[C@H](C(=O)Nc1ccc(C(C)=O)cc1)N1C(=O)c2ccccc2C1=O,0.5738,2.5896,-6.21,-8.96
CC(C)n1nccc1NC(=O)c1cc2ccccc2n1Cc1ccccc1F,0.5408,2.3033,-6.67,-9.0
O=C1CCCN1CCC[NH2+]Cc1ccccc1F,0.7494,3.1394,-5.47,-6.98
Cc1ccc(S(=O)(=O)c2ccc(C(=O)Nc3ccccc3F)o2)cc1,0.7684,2.0047,-6.46,-8.92
C[C@H](OC(=O)c1ccc(COc2ccccc2C#N)o1)[C@H]1CCCO1,0.7485,3.2599,-5.97,-8.35
CCCC(=O)N1CCC(C(=O)NN=C(c2ccccc2)c2ccccc2)CC1,0.6176,2.1016,-6.2,-8.94
Cc1cccc(NC(=O)[C@H]2CCCN(Cc3cnc(N(C)C)s3)C2)n1,0.8894,2.9045,-5.9,-8.35
CCOc1ccc2c(c1)CN(C(=O)C[C@H]1CCCO1)CC2,0.8548,2.6113,-5.85,-7.48
O=C(Nc1ccc(Cl)cn1)C1CCN(C(=O)c2ccc3[nH]cnc3c2)CC1,0.7266,2.3072,-6.38,-9.47
CC(C)(CNC(=O)NC[C@H]1CCN(c2ccccc2)C1)C(N)=O,0.7391,2.6888,-5.72,-8.42
O=C(c1cnn(-c2ccc(F)cc2)c1-n1cccc1)N1CCN([C@@H]2CCS(=O)(=O)C2)CC1,0.5964,3.0754,-6.38,-8.44
Cc1ccc(NC(=O)NCC2CC[NH+](Cc3ccccc3F)CC2)cc1F,0.7405,3.1566,-6.26,-9.19
CCC[C@H](C)NC(=O)c1cc(Br)c(Br)s1,0.8623,2.8033,-5.38,-6.8
Cc1ncccc1NC(=O)N[C@@H]1CCC[C@@H]1CNC(=O)OC(C)(C)C,0.7789,3.1178,-5.88,-8.03
O=C(NCc1ccsc1)c1ncccc1C(F)(F)F,0.9417,2.311,-5.65,-7.63
COc1ccccc1S(=O)(=O)N1C[C@H](c2ccccc2)O[C@H](C)C1,0.8533,2.7816,-6.24,-8.38
CC(C)c1ccc2c(c1)[C@H]([NH2+]CC[C@H](C)O)CCC2,0.8404,4.1045,-5.13,-8.06
CCNC(=O)CO[C@@H]1CC[C@@H]([NH3+])C1,0.6111,4.0258,-4.96,-5.88
O=C(Cn1cc(C(=O)c2ccncc2)c(=O)c2cc(Br)ccc21)Nc1ccccc1F,0.4352,2.2709,-6.02,-9.12
CNC(=O)c1ccc(N(C)C[C@H]2CC[NH+](Cc3ccccc3)C2)[nH+]n1,0.7647,4.9325,-6.03,-8.41
O=C(C[C@H]1S/C(=N\N=C\c2cccc(O)c2)NC1=O)Nc1ccc(Cl)c(Cl)c1,0.4909,3.2884,-6.35,-9.02
O=c1c2c(ncn2Cc2ccco2)n(Cc2ccccc2)c(=O)n1Cc1cc(-c2ccco2)on1,0.3522,2.7262,-6.52,-9.03
COc1ccc2nc(-n3nc(C)c4c3NC(=O)C[C@H]4c3ccc(Cl)cc3)sc2c1,0.5061,3.0912,-6.52,-9.5
CC[C@@H](C)C(=O)N1CCC[C@@H](C(=O)NCCn2cccc2)C1,0.8724,3.0673,-5.7,-8.45
CCCN1C(=O)CCc2cc(NC(=O)c3cccc(OC)c3O)ccc21,0.8631,2.1362,-6.16,-8.89
Cc1ncoc1C(=O)N1CCC[C@H](O)C1,0.7359,2.9712,-5.27,-6.21
Cc1cc(F)ccc1[N-]S(=O)(=O)c1c[nH]c2ncccc12,0.8052,3.3133,-6.18,-8.7
[O-]c1ccc(-c2ccc(F)cc2)[nH+]c1,0.6673,3.8795,-5.37,-6.48
CC[C@H](C)S(=O)(=O)NC[C@@H]1C[C@H](O)C[NH+]1Cc1ccccc1,0.6561,4.7129,-5.65,-7.45
C[C@H]1CCCCN1c1ccc(N2CCN(S(=O)(=O)c3ccc([N+](=O)[O-])cc3)CC2)nn1,0.5078,2.836,-6.44,-8.19
CC(=O)N[C@H](CC(=O)Nc1ccccn1)c1ccc(Cl)cc1,0.8903,2.3699,-5.87,-8.19
CC(C)C[NH+]1CC[C@H](NC(=O)OC(C)(C)C)[C@@H](C)C1,0.8159,4.654,-5.41,-7.77
CC(=O)c1ccc(NC(=O)C[NH+]2CCN(c3nc(C(C)C)c4c(c3C#N)CCC4)CC2)cc1,0.6636,3.488,-6.47,-9.1
CC(C)(C)CC(=O)N1CCC2(CC1)Nc1ccccc1C(=O)N2CC(F)(F)F,0.8243,3.2905,-6.21,-8.95
C[C@H]1C[C@H](C)CN(C(=O)CSc2nnc(-c3c[nH]c4ccccc34)o2)C1,0.7069,3.1748,-6.2,-9.14
O=C1CCCc2cc(C(=O)Cn3cccc(C(F)(F)F)c3=O)ccc2N1,0.8516,2.476,-6.39,-9.08
CC(/C=C/c1ccccc1)=N\NC(=O)c1cccnc1,0.6823,2.1133,-5.8,-8.43
COc1ccc(C)cc1[C@H](C)NC(=O)Cc1c[nH]c2c(C)cccc12,0.733,2.5833,-6.42,-9.07
CC(=O)N[C@H]1CCCN(C(=O)CCCC2CCCC2)C1,0.8408,2.5618,-5.6,-7.55
C[C@@H](CN/C(N)=[NH+]/Cc1ccco1)Oc1ccccc1,0.5207,3.5017,-5.69,-7.78
CCc1ccccc1NC(=O)C(=O)NC[C@H](c1ccc(F)cc1)N1CC[NH+](C)CC1,0.6198,3.4663,-6.3,-8.45
CCc1nnsc1C(=O)N1C[C@H](C)[C@@H](C(=O)OC)C1,0.7733,3.4115,-5.36,-7.5
CCc1nc(CCNC(=O)N[C@H]2C[C@@H]2C)sc1C,0.8596,3.2539,-5.25,-7.72
COc1cc([C@@H](C)[NH2+][C@@H](C)c2c(C)noc2C)ccc1O,0.887,3.9431,-5.71,-7.69
CCOCCN(C)C(=O)N[C@H]1CCN(c2cccc(Cl)c2)C1,0.8177,2.6653,-5.68,-8.38
Cc1ccc(CNC(=O)CCc2nc(-c3ccsc3)no2)cc1,0.7536,2.0941,-5.87,-8.8
O=c1oc2cc(O)ccc2cc1-c1cccc(Cl)c1,0.6853,1.9952,-6.22,-8.65
CCN(c1ccc(C(=O)NCc2ccc([S@](C)=O)cc2)cc1)C(C)C,0.8228,2.671,-5.83,-8.61
CN(Cc1nnc(-c2ccccc2)o1)C(=O)c1cnn2c(-c3ccccc3)ccnc12,0.4387,2.3976,-6.58,-8.81
CCCn1c(C)nnc1S[C@H](C)c1ccc(F)c(F)c1,0.7775,2.7584,-5.5,-7.73
Cc1ccc(CNC(=O)CC[C@@H]2N=C3c4ccccc4NC(=S)N3C2=O)o1,0.7755,3.2067,-6.32,-7.85
O=C([O-])COc1ccc(/C=C/C(=O)c2ccc(F)cc2F)cc1[N+](=O)[O-],0.322,2.6413,-5.97,-8.6
C[C@@H](Cc1ccco1)NC(=O)C1=NN(c2ccccc2)C(=O)[C@H](C)N1,0.8666,3.3758,-6.01,-8.35
Cc1cc(C)cc(-n2c(C)cc(/C=C(\C#N)C(=O)NCc3cccs3)c2C)c1,0.4933,2.5121,-6.49,-9.21
O=C(OCc1nc(C2CC2)cs1)c1sccc1Br,0.7805,2.6776,-5.71,-7.33
COc1ccc(CN2C(=O)[C@H]3Cc4ccccc4C[NH+]3C[C@@]2(C)C(=O)NC2CCCCCC2)cc1,0.6526,4.1233,-6.44,-9.21
CC[S@](=O)[C@@H]1CCC[C@H](NC(=O)N(C)CCc2ccccn2)C1,0.8665,3.6627,-5.78,-7.92
Cc1sc2ccccc2c1S(=O)(=O)OCC(F)(F)C(F)F,0.6129,2.8319,-5.79,-8.4
COc1ccc(Cl)cc1S(=O)(=O)NCc1nc2cccnc2n1C,0.747,2.258,-6.05,-8.17
O=C(COC[C@H]1CCCCO1)N1CCC[C@H]([C@@H]2C[C@H](C(F)(F)F)n3ncnc3N2)C1,0.7712,4.3156,-6.22,-8.37
Cc1ccc2nc([C@H](C)Cl)n([C@@H](C)c3nc(C)cs3)c2c1,0.6346,3.3145,-6.01,-8.35
Cn1cc(C(=O)N2CCO[C@@H](c3ccc(Cl)c(Cl)c3)C2)c(C(C)(C)C)n1,0.7632,3.0354,-6.21,-8.36
CC(C)[NH+]1CCCN(Cn2nc(-c3cccs3)oc2=O)CC1,0.8913,4.1432,-5.97,-7.37
CC(=O)Nc1ccc(OC(=O)c2nc(C3CC3)n3ccccc23)cc1,0.5858,2.2572,-6.25,-8.56
CCn1nc(C)c2nc(SCC(=O)[O-])n(CC3CC3)c21,0.7368,3.2466,-5.54,-7.65
C[C@@H]1[NH2+]CCC[C@H]1C(=O)N[C@@H]1CCCC[C@@H]1O,0.625,4.5597,-5.32,-6.75
COc1ccc(CN(C(=O)c2ccno2)[C@@H]2CCCC[C@H]2C)cc1OC,0.7831,3.1658,-6.0,-7.71
Cc1ccc(OCc2csc(CC(=O)Nc3ccccc3)n2)c([N+](=O)[O-])c1,0.4891,2.1158,-5.76,-8.73
COC[C@@H](C)NC(=O)Nc1ccc(C)c(C(F)(F)F)c1,0.8945,2.5206,-5.59,-7.87
Cc1cncc([N-]S(=O)(=O)c2c(Cl)cc(Cl)cc2Cl)c1,0.8026,3.4211,-5.96,-7.98
O=C1[C@H]2[C@@H]3C=C[C@@H](C3)[C@@H]2C(=O)N1CNc1ccccc1C(F)(F)F,0.682,4.289,-6.08,-7.87
Cc1ccc(-c2cc3c(=O)n(Cc4nc(-c5ccccn5)no4)ccn3n2)cc1C,0.4614,2.6146,-6.23,-8.68
O=C(c1ccc(S(=O)(=O)C(F)F)cc1)N1CCC[C@H]1c1ccccc1,0.8309,2.474,-6.26,-8.77
Cc1cc(C)c(/N=C(\O)CN(C)C(=O)c2cc3cc(C)ccc3nc2C)c(C)c1,0.4964,2.6895,-6.05,-8.75
CCO[C@H](CCNC(=O)[C@@H]1SCCc2ccccc21)C(C)C,0.8339,3.5889,-5.67,-7.6
[NH3+][C@H]1C[C@H](n2ccc(=O)[nH]c2=O)O[C@@H]1COCc1ccccc1,0.7867,3.7904,-5.9,-8.25
CC[C@](C)(C(=O)c1ccoc1)[NH+]1CCCC1,0.7795,4.7969,-5.09,-6.19
COCCC(=O)N1CCC[C@@H](c2noc3nc(C(C)C)cc(C(F)(F)F)c23)C1,0.757,3.3235,-6.33,-8.41
Nc1ccc(Cl)cc1S[C@H]1CS(=O)(=O)C[C@@H]1O,0.8003,3.5593,-5.69,-7.15
COc1ccc(C(=O)O[C@H](C)/C(O)=N/c2c(C)n(C)n(-c3ccccc3)c2=O)cc1,0.3828,2.9465,-6.38,-8.99
COc1ccc2[nH]c3c(=O)n(CCc4ccccc4)cnc3c2c1,0.6285,2.0964,-6.3,-9.04
Cc1ccc(C(=O)[C@@H](C)Br)cc1Cl,0.587,2.4692,-4.95,-5.42
COC(=O)[C@H](C)Oc1ccc(Cl)cc1C,0.7464,2.2275,-5.2,-6.39
CCCc1nnc2sc(-c3ccc(NC(=O)c4cccc(C)c4)cc3)nn12,0.5606,2.1829,-5.83,-9.74
NC(=O)[C@@H](Cl)c1cccc(C2CC2)c1,0.7634,2.7191,-5.34,-6.52
COc1ccc(C(=O)[O-])cc1NC(=O)[C@H]1CC(O)=Nc2c(C)c(-c3ccc(C)cc3)nn21,0.6365,3.51,-6.49,-8.61
COCCSc1nc2ccc(C)cc2c(=O)n1C,0.481,2.0947,-5.6,-7.53
N#Cc1cccc(N2CCC[C@@H](c3[nH]ncc3Cc3ccccc3)C2)n1,0.7849,2.9786,-6.12,-9.0
Cc1ccc(CNC(=O)Cn2cnc3ncccc3c2=O)cc1,0.7905,2.027,-6.12,-8.45
CC1=CC[C@@H]2[C@@](C)(CCC[C@@]2(C)C(=O)[O-])[C@@H]1C[C@]12O[C@H]1[C@@H](O)C(CO)=C[C@H]2O,0.4802,5.4857,-6.06,-8.34
CCO[C@H]1CCCN(C(=O)NNC(=O)CC2CCCCC2)C1,0.782,2.8298,-5.7,-8.61
[NH3+][C@@]1(CO)CCC[C@H]1CCOc1cccc2cccnc12,0.8803,3.714,-5.71,-7.46
Cc1nc2ccc(NS(=O)(=O)c3c(C)c(C)c(C)c(C)c3C)cc2o1,0.7491,2.4431,-6.23,-8.88
C=C1C=C([O-])N2C(=NC(NC[C@@H]3CCCO3)=N[C@H]2c2ccc(Cl)cc2)N1,0.8386,4.109,-5.84,-8.25
O=C(CSc1ccccc1)N1CCC(Cc2ccc(-n3cccc3)cc2)CC1,0.5504,2.1768,-6.51,-9.03
Cc1nn(C)c(C)c1C(=O)Nc1ccc(Br)c2cccnc12,0.7607,2.2412,-6.12,-8.29
Cc1ccc(CN2C[C@]34C=C[C@H](O3)[C@H](C(=O)N(C)Cc3ccccn3)[C@H]4C2=O)cc1C,0.702,4.8623,-6.45,-8.28
CC(C)COCCC(=O)Nn1cnc2sc3c(c2c1=O)CCCC3,0.8133,2.6786,-6.01,-8.05
CCc1ncc(C[NH+](C)Cc2cc(C(N)=O)cs2)s1,0.8378,4.3051,-5.56,-7.29
CC[NH+]1CCN(c2ccc(C[NH2+]Cc3ccc(OC)c(F)c3)cn2)CC1,0.7426,4.0107,-5.87,-8.22
CCCCc1noc([C@H](C)[NH+]2CCC(CNC(C)=O)CC2)n1,0.7849,4.1527,-5.47,-8.08
CC[NH+]1CCN(C(=O)CCC2CCN(C(=O)c3cccc(C(=O)OC)c3)CC2)CC1,0.6984,3.1093,-6.16,-8.14
C[C@H]1C[C@@H]1c1ccc(/C=C/C(=O)NC[C@](C)(O)c2ccc(F)cc2)o1,0.7882,3.4721,-6.1,-8.57
CC(=O)c1ccc(NC(=O)N2CC[C@@H](C)C[C@@H]2C)cc1C,0.8403,2.87,-5.74,-8.57
C[C@H](NCc1ccnc(OC2CCCCC2)c1)c1ccc2[nH]c(=O)[nH]c2c1,0.6194,2.9528,-6.29,-8.84
CCCn1ccnc1CC(=O)c1ccco1,0.7234,2.4328,-5.01,-6.16
C[C@H]([NH2+][C@@H](C)c1ccc2c(c1)OCCO2)C(=O)Nc1ccc(Cl)cc1,0.8603,3.4857,-6.1,-8.76
Cc1ccccc1CCNC(=O)CCN1C(=O)[C@@H](C)Oc2ccccc21,0.8696,2.5393,-6.18,-8.57
[NH3+]C[C@@H]1CC[C@H](C(=O)Nc2ccc(-n3cncn3)nc2)O1,0.78,3.8048,-4.92,-8.3
CCC[NH2+][C@H](CC)Cc1ccc2nccnc2n1,0.8348,4.0984,-5.24,-7.22
CC[C@@H](NC(=O)CNC(=O)c1cccc(OC)c1)c1cccc(Cl)c1,0.7953,2.3001,-5.97,-8.87
COc1cccc(C[NH+]2CC[C@H](Nc3ccccc3)C2)c1O,0.7869,3.8749,-5.95,-8.42
Cn1ccnc1C(=O)c1ccc(N2CCC[C@@H]2C(C)(C)O)c([N+](=O)[O-])c1,0.4998,3.2593,-6.07,-8.38
O=[N+]([O-])c1c(-c2ccccc2)nc2ccccn12,0.5099,2.187,-5.87,-8.05
CSc1nc2c(c(=O)[nH]1)CCCC2,0.5448,2.7342,-5.15,-6.47
CCOc1ccc(NC(=O)Cc2n[nH]c(=O)c3ccccc23)cc1S(=O)(=O)N(C)C,0.589,2.3127,-6.35,-9.11
O=C(Nc1ccccc1C(=O)NCc1ccccc1)c1cnc2ccccc2n1,0.5497,1.8715,-6.59,-10.08
Cc1ccc(C)c(S(=O)(=O)NCCNC(=O)Cc2cccc(Cl)c2)c1,0.7248,1.9771,-5.4,-8.97
CCCCc1[nH]ncc1C(=O)[O-],0.6918,3.1795,-4.88,-5.29
CCCn1cc(CNC(=O)C(=O)Nc2c[nH]ccc2=O)c(C)n1,0.6994,2.736,-5.83,-8.44
Cc1ccc(F)cc1S(=O)(=O)N[C@H]1CC[NH2+]C[C@@H]1C,0.8443,4.0405,-5.58,-7.88
CCCOc1ccc(CNC(=O)[C@@H]2C[C@@H]3C=C[C@H]2C3)cc1,0.8144,3.7551,-5.5,-7.72
C#CCN(CCN(C)c1ccccc1)[C@@H]1CCS(=O)(=O)C1,0.7417,3.1152,-5.56,-6.94
C=CCn1c(C)c(C)n2c3c(=O)n([C@@H](C)C(C)=O)c(=O)n(C)c3nc12,0.6643,3.3952,-6.12,-8.17
Cc1cc(NC(=O)NCc2ccc(NC(=O)NC(C)C)cc2)n(C)n1,0.6705,2.1146,-5.98,-8.74
CC(C)(C)N(Cc1ccccc1)C(=O)CN1C(=O)c2cccc3cccc1c23,0.67,2.2242,-6.54,-8.96
CC(C)CN1C(=O)N[C@@](NC(=O)c2ccccc2F)(C(F)(F)F)C1=O,0.6362,2.9408,-6.21,-8.35
C=CC[C@]1(CO)CCCN(C(=O)Cc2ccc3c(c2)OCO3)C1,0.8454,3.0539,-5.78,-8.5
COc1cccc([C@@H]2CC(=O)Nc3c2c(C)nn3-c2nncc(-c3ccc(Cl)cc3)n2)c1,0.5052,3.2343,-6.74,-9.68
NS(=O)(=O)c1ccc(NCc2ccccc2O)cc1,0.7925,1.7925,-5.85,-7.98
COc1ccc(CCC(=O)Nc2ccc(C)c(N3CCCCC3=O)c2)cc1,0.8376,1.9336,-6.29,-9.03
C[C@@H](CC#N)[NH2+]CCC(=O)NC1CC1,0.6022,4.1819,-5.04,-5.9
CCNC(=O)N1CC[C@@H]([NH2+][C@H](C)[C@@H]2CN(Cc3ccccc3)CCO2)C1,0.7819,3.9899,-5.86,-8.32
COc1ccc(CN(C)C(=O)c2ccc(N)c([N+](=O)[O-])c2)cc1F,0.515,2.0906,-5.84,-8.17
CCCOc1c(Cl)cc(C[NH+]2CC[C@@]3(CCOC3)C2)cc1OCC,0.8167,4.7278,-5.56,-7.73
C[C@H]1CCC[C@H](/C([O-])=N/S(=O)(=O)c2ccccc2[N+](=O)[O-])C1,0.3628,3.626,-6.02,-7.47
COCC1CCN(C(=O)Nc2cc(F)c(OC)cc2OC)CC1,0.9037,2.1367,-5.72,-7.51
Cc1n[nH]c(SCCC(=O)NCc2ccc(Br)s2)n1,0.7765,2.849,-5.79,-7.99
C[C@]1(C[NH2+]CC[NH3+])CCCO1,0.4762,5.7108,-4.8,-4.89
C[C@H]1C[C@@H]([NH2+]CC(C)(C)O)CS1,0.6676,5.4036,-5.06,-5.82
C[C@@H](O)[C@H]1C[C@@H]1c1cccc(C(F)(F)F)c1,0.8268,3.2759,-5.48,-6.94
C[C@H](NC(=O)c1ccnn1C)C12CC3CC(CC(C3)C1)C2,0.9289,4.1948,-5.6,-7.95
O=C(NCCOc1ccc(F)cc1F)N[C@H]1CCCC[C@H]1CO,0.7012,2.9092,-5.88,-7.84
CNS(=O)(=O)c1ccc([C@@H](C)[NH2+]Cc2nc(C)sc2C)cc1,0.8365,3.7013,-5.78,-8.21
CCOC(=O)[C@]1(C[C@@H]2CC(c3ccccc3F)=NO2)CCC[NH+](C(C)C)C1,0.7746,4.4808,-5.93,-8.27
C[C@H](C(=O)Nc1ccc(NC(=O)CCc2ccncc2)cc1)n1cncn1,0.6704,2.5678,-5.96,-8.49
O=C(Cc1ccc(Cl)cc1)c1cccc(I)c1,0.5894,1.7611,-5.99,-8.71
COCCC[NH+]1CCC[C@]2(CCC(=O)N(CCc3ccccn3)C2)C1,0.748,4.7228,-5.74,-8.05
CC(C)c1nc(-c2ccc(F)cn2)nc([O-])c1Br,0.8552,3.0772,-5.67,-7.77
CC[C@@H](C)C(=O)NC[C@@H](C)Cc1ccc(OC)cc1,0.8209,2.5942,-5.22,-7.11
Cc1cc([N-]S(=O)(=O)C[C@@H]2CCCCO2)ccc1Oc1cccnc1,0.7742,3.6281,-6.1,-8.13
[NH3+]CCSCC12CC3CC(CC(C3)C1)C2,0.7311,4.741,-5.07,-6.17
COCCCCC(=O)Nc1cccc(N(C)C(C)=O)c1,0.7792,1.961,-5.27,-7.26
COc1cc(CN2CC[NH+](Cc3ccccc3Br)CC2)cc(OC)c1O,0.7487,3.2342,-6.02,-8.2
CC/C=C(/C)C(=O)N1CSC[C@H]1C(=O)NCCc1ncc(CC)s1,0.7527,3.4772,-5.46,-7.26
CC(C)(C)c1ccc(COC(=O)[C@@H]2C[C@H]3CC[C@@H]2O3)cc1,0.7973,3.9311,-5.72,-7.67
Cc1nc2ccccc2n1CCC(=O)N1CC[C@H](O)C[C@@H]1C(=O)[O-],0.8396,3.3658,-5.97,-8.18
Cc1cccc(NC(=O)CSc2nc(N)c(NC(=O)c3ccc(Br)o3)c(=O)[nH]2)c1,0.3151,2.5746,-5.75,-9.48
Cc1cc(NC(=O)CN2CCN(C(=O)c3[nH]c4ccc(Cl)cc4c3Cl)CC2)no1,0.6555,2.4444,-6.5,-8.97
CNC(=S)N(CCC1=c2cc(Cl)ccc2=[NH+][C@H]1C)Cc1cccs1,0.762,4.0762,-5.91,-6.96
C[C@H]1CCN(c2ncccc2F)C[C@@H]1O,0.7614,3.0793,-5.27,-6.27
CCCC1CC[NH+](CC[C@H]2CCC[C@@H]2O)CC1,0.75,4.7023,-5.15,-7.06
CC1=C2[C@H](c3ccsc3C)C(C#N)=C(N)O[C@H]2N=N1,0.8526,4.3789,-5.28,-6.73
Cc1cc(NC(=O)c2ccc(-n3ccnc3)cc2)n([C@@H]2CCS(=O)(=O)C2)n1,0.7404,2.9762,-6.3,-8.8
O=C(c1ccc[n+]([O-])c1)N1CCOc2ccc(C3=CCCCC3)cc2C1,0.6167,2.7455,-6.59,-8.83
CC(C)(C)OC(=O)N(CCNC(=O)N1CCC([NH+]2CCCC2)CC1)C1CC1,0.753,3.6892,-5.67,-8.11
CCC(=O)N1CCN(c2ccccc2NC(=O)c2cccc([N+](=O)[O-])c2C)CC1,0.6184,2.0909,-6.28,-8.65
CC(C)[C@@H](Cn1nc(-c2cccs2)ccc1=O)NC(=O)c1cc(-c2ccco2)on1,0.4855,3.1858,-6.5,-9.07
COC(=O)c1n[nH]c2ccc(NC(=O)c3ccc(OC(F)F)cc3)cc12,0.6809,2.1538,-6.26,-9.23
CC(C)n1ncc2cc(C[NH+]3CCC(c4nncn4C)CC3)c(Cl)nc21,0.7065,3.9482,-6.03,-8.52
CC(C)(C)[C@@H](CS)COc1cccnc1[N+](=O)[O-],0.5073,3.2631,-5.14,-5.98
Cc1cc(NC(=O)c2cccn(Cc3ccc(C(F)(F)F)cc3)c2=O)ccc1Br,0.5734,2.1491,-6.4,-9.05
CCC(=O)N1CCc2cc(C(=O)NC3(C(=O)[O-])CCCC3)ccc21,0.8837,2.7366,-6.08,-8.55
CC(C)c1cccc(NC(=O)CCCn2cnc3c2c(=O)n(C)c(=O)n3C)c1,0.7046,2.3136,-6.3,-9.01
C[C@@H]1OCC[C@H]1C(=O)NCc1cccnc1,0.8302,3.0578,-5.31,-6.5
CSC[C@@H](C)NC(=O)N(C)Cc1ccccc1C(F)(F)F,0.8989,2.8663,-5.61,-7.15
Cc1nc(C[NH2+]C[C@H](C)CCl)sc1C,0.7713,4.5023,-4.98,-6.05
CCC[NH2+][C@@H](c1cscc1C)c1c(F)cccc1F,0.8654,4.0616,-5.65,-7.41
Cc1ccccc1[C@H]1CCN(C(=O)c2cccc(S(C)(=O)=O)c2)C1,0.8607,2.3905,-6.18,-9.14
O=C(NCc1nnc(SCC(=O)N2CCCC2)o1)c1ccco1,0.7935,2.3342,-5.5,-8.46
CC[C@@H](C)C(=O)Nc1cccc(CNC(=O)N2CCC[C@H](O)C2)c1,0.7734,2.7872,-6.03,-9.04
CC1(C)C(Nc2[nH]c3ccccc3[nH+]2)C1(C)C,0.8181,3.9186,-5.73,-7.82
CC(C)OCCS(=O)(=O)N1CCC[C@H](C(=O)[O-])C1,0.6348,3.3433,-5.38,-7.02
CNC(=S)N/N=C/c1c(Cl)cccc1Cl,0.488,2.3289,-5.2,-6.63
C[C@@]1(c2ccccc2)NC(=O)N(CCc2ccccn2)C1=O,0.8786,2.4925,-5.9,-8.42
Cc1nc(C)c(C(=O)Nc2ccc(Oc3ccccc3)cn2)o1,0.7942,2.2295,-6.23,-8.95
Cc1ccc(/C=N/Nc2nnc(SCC(=O)Nc3cccc(F)c3C)n2N)cc1,0.2377,2.4187,-6.19,-8.96
C[NH+](CCCOc1cccc(Cl)c1)C1CCN(C(N)=O)CC1,0.7709,3.6961,-5.75,-8.09
Cc1cccc(NC(=O)CN(C)C(=O)[C@@H]2C[C@H]2C)c1C,0.916,2.7096,-5.52,-7.84
Cc1cc(C(=O)N(CC2CC[NH2+]CC2)C2CC2)no1,0.8641,3.6441,-5.5,-7.03
CC1(C)OC([O-])=C2C1=NC(=O)C[C@@H]2c1cc(Cl)cc2c1OCOC2,0.7755,4.0877,-6.08,-7.87
C[C@H](Sc1ccc(S(=O)(=O)N(C)C)cn1)C(=O)NCc1ccc(F)cc1,0.7253,2.6171,-6.04,-8.07
COC(=O)c1ccccc1NC(=O)O[C@@H]1CCN2Cc3ccccc3N=C12,0.8441,3.0555,-5.79,-8.58
C[C@H](O)[C@H]1CCCC[NH+]1Cc1ccc(O)c(Cl)c1,0.7767,4.658,-5.63,-7.47
CCN(Cc1ccoc1)C(=O)N[C@H](C)c1cccc([N+](=O)[O-])c1,0.6522,2.8089,-5.83,-8.0
Cn1nc(-c2ccc(Cl)cc2)cc1C(=O)Nc1ccncc1,0.8062,2.0024,-6.07,-8.37
C[C@@H](NS(=O)(=O)c1ccc(Cl)cc1)C(=O)NCc1ccco1,0.839,2.404,-5.88,-8.27
COc1ccc(Cl)cc1CNC(=O)c1cc(F)c(F)cc1Cl,0.8426,1.893,-5.94,-8.66
COc1ccc(NC(=O)NC[C@@](C)(O)c2ccsc2)cc1Cl,0.7805,2.8264,-5.78,-7.94
CC[C@H](C(=O)[O-])N1C(=O)/C(=C\c2cc(OC)ccc2OC)SC1=S,0.5566,3.1658,-5.44,-6.88
COc1cncc(N2CCN(C(=O)Cc3cc(F)ccc3F)CC2)n1,0.841,2.3278,-6.1,-8.23
Cc1nc2c(c(N[C@H]3C[NH+](C(C)C)C[C@@H]3O)n1)Cc1ccccc1OC2,0.7567,4.6016,-6.22,-8.6
Cc1ccc(Cn2cc(-n3c([S-])nnc3[C@@H](C)Cn3nc(C(F)(F)F)cc3C)cn2)cc1,0.4063,3.7202,-6.52,-8.87
Cc1ccc(NC(=O)C(=O)N(CCC(F)(F)F)C2CCC2)cc1,0.8626,2.3415,-5.89,-8.1
CC(C)(C)NC(=O)N1CCC[C@@H]1c1nc(C2CC2)no1,0.9022,2.9771,-5.65,-7.4
C[NH+]1CCC(NC(=O)[C@H]2C[C@H]3CCCC[C@@H]3[NH2+]2)CC1,0.5707,5.6337,-5.51,-7.28
CCSC[C@@H]([NH3+])C[C@H]1CCCN(S(C)(=O)=O)C1,0.7668,4.093,-5.53,-7.06
COc1ccc(O[C@@H](C)C(=O)N2CCCC2)c(C[NH3+])c1,0.8678,2.9847,-5.44,-7.15
c1cc2c(cc1[C@H]1NN=C3C4CC[NH+](CC4)[C@H]31)OCO2,0.7617,5.4533,-5.69,-7.49
COCCNc1nc(SCc2cc(F)cc3c2OCOC3)nc2ccccc12,0.3648,2.6305,-6.0,-9.19
Cc1cc([C@H](C)N2CC(=O)NC2=O)c(C)o1,0.7713,3.2142,-5.44,-6.44
C=CCOc1cccc(C(=O)NCC2CC[NH+](C)CC2)c1,0.7645,3.2484,-5.65,-8.13
CCCc1cc(NC(=O)c2cc3ccccc3c(Cl)n2)n(C)n1,0.7404,2.4042,-6.17,-9.27
Cc1c(/C=C2\C(=O)N(C(c3ccccc3)c3ccccc3)C(=S)N2C)c(=O)n(-c2ccccc2)n1C,0.2988,2.8112,-6.68,-8.31
CC(C)(O)CN1CCN(C(=O)Cn2ncc(=O)c3ccccc32)CC1,0.8637,2.3698,-6.21,-8.46
O=C([O-])[C@@H](Cc1ccc(F)cc1)C[C@H](O)C(F)(F)F,0.8194,3.4501,-5.56,-6.77
NC1=[NH+]C[C@H](c2cc(Br)cs2)N1c1ccc(Cl)cc1,0.8645,3.8891,-5.62,-7.57
CN(Cc1nccs1)C(=O)C(C)(C)Cc1cccc(Cl)c1,0.8325,2.5282,-5.7,-7.79
CN[C@]1(C#N)CCC[C@@H]1CCN(C)CC[NH+]1CCCC1,0.7029,5.3338,-5.47,-7.84
C[NH+](C)[C@@H]1CC[C@@H](NC(=O)NCc2ccccc2OC(F)F)C1,0.7338,3.8451,-5.72,-7.51
Cc1nnsc1C(=O)Nc1sccc1C#N,0.8841,2.6041,-5.47,-7.41
CN(C[C@@H]1CCC[NH+]1CCN1CCCC1=O)C(=O)OC(C)(C)C,0.8015,4.4589,-5.93,-7.86
CCc1nnc2n1CCN(C(=O)c1csc(-c3cnn(C)c3)n1)C2,0.717,2.7329,-6.05,-8.61
COc1cccc(CN(C)C(=O)c2ccc(C)cc2O)c1,0.9392,1.8214,-5.82,-7.89
CNC(=S)NC(=O)/C=C/c1ccc([N+](=O)[O-])cc1,0.3715,2.2548,-5.48,-7.1
CCCCc1cn(C2CC[NH+](C[C@@H](C)CC)CC2)nn1,0.827,4.3277,-5.42,-7.22
CC1(C)CCN(S(=O)(=O)c2ccc(CCl)o2)C1,0.7976,2.8093,-5.51,-7.5
C[NH2+][C@H](c1cccc(F)c1)c1cc(C)c(F)cc1F,0.8794,3.4466,-5.23,-7.98
Cc1cc([C@@](C)(O)CNC(=O)CCC(=O)c2ccc(F)c(F)c2)c(C)o1,0.7389,3.0493,-5.93,-8.71
COc1ccc(C(=O)N[C@@H](NC[C@H]2CCCO2)C(Cl)(Cl)Cl)cc1,0.5875,3.0245,-5.67,-7.96
COc1ccc(Cl)cc1Nc1nnc(-c2ccncc2)s1,0.7874,2.1152,-5.71,-7.87
Cc1ccc(S(=O)(=O)N[C@H]2CC(C)(C)Oc3ccccc32)cc1,0.9352,2.5939,-6.23,-8.54
C[C@H](c1ccccn1)[NH+](C)CCC(=O)N1CCN(c2ncccn2)CC1,0.8011,3.7792,-6.0,-8.36
COC[C@H]([NH3+])[C@H]1CCCOC1,0.6142,4.219,-4.79,-5.28
CCc1nn(C)c(CC(=O)C(C)(C)N2CCOCC2)c1Br,0.8076,2.9572,-5.52,-7.3
Cc1csc(NC(=O)CCCN2C(=O)/C(=C/c3cccc(Br)c3)SC2=S)n1,0.4721,2.4197,-6.04,-7.24
C/C=C/C(=O)N1C[C@@H](C)[C@H](C(=O)OC)C1,0.5018,3.3893,-5.1,-6.33
O=C1c2ccccc2N[C@H](c2ccccc2C(F)(F)F)N1O,0.7905,2.8496,-6.13,-7.71
C[NH+](C)[C@H](CN/C=C1/C(=O)NC(=O)c2ccccc21)c1cccc(F)c1,0.5526,3.6153,-6.33,-9.1
CC(=O)Nc1sc2c(c1[C@@H](c1ccccn1)[NH+]1CCN(CCO)CC1)CCCC2,0.6645,4.025,-6.32,-8.16
C[C@H]([NH3+])c1noc(C[C@H]2CCCCO2)n1,0.7905,3.9723,-5.21,-6.25
Cc1csc2nc(COC(=O)c3ccccc3C(=O)c3cccs3)cc(=O)n12,0.3702,2.4835,-6.51,-9.35
CCN(Cc1ccccc1)C(=O)CN(C)S(=O)(=O)c1ccc2c(c1)CCCC(=O)N2,0.7331,2.3385,-6.33,-8.65
Cc1ccc(C)c([C@@H]2CN(C(=O)[C@@H]3CN(C)CCO3)[C@H](C)CO2)c1,0.8298,3.7095,-5.72,-7.95
Cc1cc([C@H]([NH2+]C2CC2)c2nc(C)c(C)s2)ccc1Br,0.8944,3.9579,-5.78,-7.56
C#CCN1CCC(C(=O)Nc2ccc(Br)nc2C)CC1,0.6812,2.5068,-5.4,-7.78
Cc1cccc(Cn2nc(C)cc2NC(=O)c2ccc(C#N)nc2)c1,0.7961,2.312,-6.13,-9.31
CC(C)[C@@H](CO)NC(=O)[C@@H](C#N)Cc1ccccc1,0.8138,2.9426,-5.34,-6.93
COc1cc(NC(=O)c2cc(C#N)cs2)c(OC)cc1Cl,0.9341,2.2925,-5.69,-7.6
COc1ccc(C(=O)Nc2cc([N+](=O)[O-])ccc2C)cc1S(=O)(=O)NC(C)C,0.5365,2.0795,-6.15,-8.72
CCNc1cc2c([nH+]n1)CCN(C(=O)Cc1cn3ccsc3n1)C2,0.7713,3.7063,-6.09,-9.42
CC(C)c1ccc([C@H]2CCCN2C(=O)[C@@H]2CC(=O)N(c3cn[nH]c3)C2)cc1,0.903,3.2418,-6.29,-8.21
CCc1ccc(CC)c(NC(=O)NC[C@@H]2CCCN(c3ncccn3)C2)c1,0.8177,2.7715,-6.1,-8.84
O=C(Cc1ccc(F)c(F)c1)N1CCC([C@]2(c3cccnc3)NC(=O)N(C[C@H]3CCCO3)C2=O)CC1,0.6188,3.5171,-6.57,-9.37
O=C([O-])C[C@@H](c1cccc([N+](=O)[O-])c1)N1Cc2ccccc2C1=O,0.6108,3.061,-6.2,-8.93
Cc1cn2c(CC(=O)N[C@@H](C(=O)[O-])[C@H](C)O)csc2n1,0.7253,3.792,-5.65,-7.8
CCCc1cc(NC(=O)N[C@H]2CCCn3c(C)nnc32)n(C)n1,0.9014,3.2517,-5.91,-8.61
CCc1ccc(C(=O)NNC(=O)c2cccnc2OCC(F)F)cc1,0.7848,2.2115,-5.98,-8.65
C=CCN(C(=O)[C@H](CC)c1ccccc1)c1nnc(-c2ccncc2)s1,0.5862,2.9853,-5.99,-8.01
C#CCN1CCN(C(=O)N[C@@H](C)c2cc3cccc(OCC)c3o2)CC1,0.8382,2.9509,-6.06,-8.94
Cc1csc([C@H]2CN(Cc3ccccc3OCC3CC3)CCO2)n1,0.7979,2.8691,-5.9,-7.93
COc1ccccc1-c1nnc(S[C@@H](C)C(=O)NC2(C#N)CCCCC2)o1,0.7573,2.9556,-6.27,-8.61
O=C(NCCC(=O)N1CCC1)c1n[nH]c2ccccc12,0.8682,2.0094,-5.97,-8.14
CCNS(=O)(=O)[C@@H]1CC[NH+](CCC(=O)Nc2ccccc2C#N)C1,0.6151,4.2554,-5.79,-8.02
O=C1/C(=C\c2ccco2)Oc2c1ccc1c2CN(c2ccc(F)cc2)CO1,0.6322,2.7112,-6.26,-9.04
C[NH2+][C@]1(C(=O)[O-])CC[C@H](SC2CCCCC2)C1,0.7872,4.8947,-5.46,-7.14
Cc1cc2ncn(CC3CCN(C(=O)c4ccc(C#N)cc4)CC3)c2cc1C,0.6959,2.3171,-6.43,-8.88
Cc1sc2nc(SCC(=O)Nc3sc4c(c3C#N)CCCC4)n(C)c(=O)c2c1C,0.4823,2.6138,-6.38,-8.98
C=CCN1N=C(C)[C@H](C)n2c1nc1c2c(=O)n(CC)c(=O)n1C,0.787,3.4942,-5.94,-7.7
CN(c1ccccc1)c1cc2c(cc1Cl)[C@@H](O)C(=O)N2,0.8927,2.9959,-6.05,-8.21
Cn1c(C[NH+](C)C)nnc1[C@@H]1CCCN(C(=O)CCCn2cnnn2)C1,0.6526,3.9077,-5.98,-8.55
O[C@H](Cc1ccc(F)cc1Cl)[C@@H]1CSCCO1,0.9199,3.5146,-5.58,-6.67
CCC(=O)N[C@@H]1CCCN(C(=O)N[C@H](C)C2CCCCC2)C1,0.8384,2.9754,-5.73,-8.39
Clc1ccc(-n2nccc2-c2nccs2)cc1,0.705,2.3067,-5.51,-7.12
Cc1nc(-c2ccc(NC(=O)Nc3cccc(C#N)c3)cc2)no1,0.7678,2.0315,-6.3,-9.47
Cc1cccc(CS(=O)(=O)N2CCC(C(=O)Nc3ccc(Br)cc3)CC2)c1,0.7492,2.0132,-5.66,-9.71
CCOc1ncccc1C(=O)N[C@@H](c1ccc2c(c1)OCCCO2)C(C)C,0.8382,2.7708,-6.29,-8.64
Cc1nc2ccccc2nc1COC(=O)[C@H]1CCCCN1S(=O)(=O)c1ccccc1,0.5833,2.6925,-6.45,-8.7
Cc1ccc(N(C)C(=O)c2ccc(C)nc2)c(C)c1,0.8236,2.0119,-5.7,-7.61
[NH3+][C@@H]1CC[C@@H]2CN(C(=O)NC3CCCC3)C[C@@H]2C1,0.7179,3.9595,-5.43,-7.07
CC(=O)N1c2ccccc2C[C@H]1C(=O)Nc1cc(C)ccc1C,0.9258,2.418,-6.24,-9.0
CC(=O)OC1CC[NH+](Cc2ccc(F)c(C(F)(F)F)c2)CC1,0.6817,3.6352,-5.89,-7.81
NC(=S)c1ccc(OCC(=O)NCC2CCC2)cc1,0.7761,1.8972,-5.59,-7.66
O=C(/C=C/c1cccc2ccccc12)NC[C@@H](c1cccs1)N1CCOCC1,0.6423,2.755,-6.54,-8.86
COC(=O)c1ccccc1CN1CC[C@H](C[NH+]2CCCC2)C1,0.8233,3.7598,-5.88,-8.3
CCNc1ccc(S(N)(=O)=O)c(N)c1,0.6334,2.2146,-5.16,-5.95
Cc1cnc(CN2CCN(c3cccc(F)c3C#N)CC2)o1,0.8704,2.4136,-5.86,-7.9
Cc1nc(C)c([C@@H](C)N(C)C(=O)Nc2ccc(C(=O)N(C)C)c(C)c2)s1,0.8797,2.9326,-6.0,-8.02
CC[C@@H](C)Oc1cccc(N2CCC(=O)CC2=O)c1,0.7825,2.7523,-5.6,-7.26
CC(=O)N1CCc2cc(C(=O)NC[C@@H]3CCOC3)ccc21,0.9134,2.6374,-5.84,-8.32
CC1(C)[C@H](C=C(Cl)Cl)[C@@H]1C(=O)Nc1ncc(S(=O)(=O)c2ccc([N+](=O)[O-])cc2)s1,0.4872,3.5636,-6.39,-8.33
COC(=O)[C@H]1CN(C(=O)c2cccc(C)c2)C[C@@H]1C,0.7636,2.7771,-5.61,-7.95
CNS(=O)(=O)CC(=O)N[C@@H]1CCC[NH+](C2CCCCC2)C1,0.6103,4.5809,-5.68,-7.97
C#CCN1CCN(C(=O)N[C@@H](C)c2ccc(-c3ccncc3)cc2)CC1,0.8646,2.6862,-6.02,-8.74
C#CCOCC1CCN(C(=O)Cc2noc3ccccc23)CC1,0.6276,2.5469,-5.95,-8.22
Cc1noc(-c2ccc(CCl)cc2)c1C(=O)[O-],0.7787,2.7066,-5.52,-7.26
Cc1ccc(NC(=O)C(=O)N2CCC[C@@H]([C@@H](C)O)C2)c(Cl)n1,0.6389,3.2396,-5.79,-8.13
SCCCCn1cc[nH+]c1,0.4968,4.6696,-4.67,-5.02
Cn1c(C(C)(C)C)nc2cc(NC(=O)C[C@H](O)c3cccc(F)c3)ccc21,0.7284,2.812,-6.34,-9.4
N#Cc1nc(NCCC2CCN(c3cc[nH+]cc3)CC2)ccc1Cl,0.9061,3.4203,-5.99,-8.45
Cc1ccc([N+](=O)[O-])cc1NC(=O)C(=O)NC[C@@](O)(c1cccs1)C1CC1,0.3976,3.1659,-6.19,-8.15
C[C@@H]1CCN(C(=O)COC(=O)c2ncc(Cl)c(Cl)c2Cl)c2ccccc2S1,0.614,3.0592,-6.25,-7.7
O=C(Cn1ncc(Cl)c(Cl)c1=O)NCCOc1cccc(F)c1,0.7989,2.1887,-6.04,-8.69
CCc1noc(C)c1C(=O)OCCn1nc2ccccn2c1=O,0.6571,2.5775,-6.03,-8.53
CCOCCO[C@@H](C)C(=O)N1CCCCc2cc(Br)ccc21,0.7191,2.7452,-5.73,-7.43
CCSc1nc2c(c(C(F)(F)F)c1C#N)CCCC2,0.772,2.7506,-5.62,-7.19
COc1ccc(N2CCN(CCOc3ccc(Cl)cc3Cl)CC2)cc1,0.7489,1.8088,-5.92,-7.9
COC(=O)c1ccc(S(=O)(=O)N[C@@H](C#N)c2ccccc2F)cc1C,0.8244,2.7859,-5.94,-8.56
CCCCNC(=O)Cn1cccc1-c1nc(-c2ccc(Cl)cc2)no1,0.6523,2.2357,-5.88,-8.81
Cc1nnc([C@H]2Cc3ccccc3CN2Cc2cc(C)n(C3CC3)c2C)o1,0.6887,3.2223,-6.24,-8.5
CC1(C)CCSC[C@@H]1Nc1ccc2oc(C3CC3)nc2c1,0.8954,3.4141,-5.74,-8.32
Cc1nn(-c2ccccc2)cc1CCCNC(=O)N1CCNC(=O)C1,0.8036,2.381,-6.11,-8.43
COC(=O)[C@](O)(NC(=O)OCc1ccccc1)C(F)(F)F,0.6475,2.7758,-5.53,-7.44
NC(=O)[C@H]1CCCCN1C(=O)[C@H]1CCCCC[C@@H]1[NH3+],0.6924,3.7332,-5.6,-6.8
C[C@@H](CN1CCOCC1)N1CCN([C@H](C)C(F)(F)F)CC1,0.7785,3.3271,-5.35,-6.95
CC(C)CC(=O)Nc1ccc(NC(=O)CNc2ccc(F)cc2)cc1,0.7148,1.7698,-6.02,-8.54
Cc1cncc(NC(=O)N[C@@H](C)c2ncc(-c3ccccc3)o2)c1,0.7625,2.751,-6.23,-9.09
O=C(c1ccc(-n2cccn2)cc1)N1CCN(Cc2nc(-c3cccs3)no2)CC1,0.4939,2.3439,-5.77,-8.65
Cc1c(C(=O)Nc2cccc(C(F)(F)F)c2)nnn1-c1ccc(C(C)C)cc1,0.6865,2.1507,-6.46,-9.64
CC[NH2+][C@H](C1CCOCC1)C(C)(C)[NH+](C)C,0.642,5.0523,-5.12,-6.34
CCc1nn(C)cc1NC(=O)N[C@@H](CC)c1ccc(OC)cc1,0.8592,2.7772,-5.66,-8.16
O=C(COC(=O)/C=C/c1cc(Br)ccc1F)Nc1ccc2c(c1)OCO2,0.59,2.2105,-5.9,-8.96
CCc1ccc(CC)c(NC(=O)c2cc(C3CC3)[nH]n2)c1,0.8794,2.3112,-5.91,-8.0
O=C1O[C@@H](N2CCN(Cc3ccccc3)CC2)c2ccccc21,0.8163,2.4988,-6.02,-8.42
CCCc1cc(NC(=O)c2ccnc(SCC)c2)n(C)n1,0.833,2.5129,-5.62,-8.39
CC(=O)c1sc(N2C(=O)C([O-])=C(C(=O)c3c(C)nc4ccccn34)[C@H]2c2ccccc2F)nc1C,0.3981,3.5576,-6.6,-8.2
C/C1=C/C[C@H]2C[C@@H]3CC[C@@H]3[C@@H]2C(=O)[C@H]2CC=C[C@H]12,0.5911,4.5639,-5.65,-7.17
Fc1ccc(NCc2noc(-c3cccs3)n2)c(OCC(F)F)c1,0.6885,2.5904,-5.87,-8.76
NC(=O)CCn1cnc2c(N)ncnc21,0.6879,2.3755,-5.47,-6.23
COc1ccc(C[C@@H](C)[NH2+]Cc2cccc(F)c2)cc1,0.8604,3.1214,-5.7,-8.05
C[C@@H]1CCCN(C(=O)C2CCN(C(=O)N(C)Cc3ccccc3)CC2)C1,0.8337,2.5349,-6.07,-9.12
CC1CCN(C(=O)c2ccc(CN3CCN(C(C)C)C(=O)C3=O)cc2)CC1,0.7621,2.2603,-5.92,-8.74
CN(Cc1cccc(Cl)c1)C(=O)c1ccc2c(c1)OCC(=O)N2,0.941,2.1441,-6.29,-8.69
FC(F)(F)c1ccc2c(n1)CCN(Cc1ccccc1)C2,0.8395,2.1241,-6.08,-8.32
CCOC(=O)c1cccc(N(CC)C(=O)c2ccccc2C)c1,0.7882,1.8669,-5.88,-7.91
Cc1c(C(=O)N(C)CC(C)(C)O)cnn1-c1ccc(F)cc1,0.9415,2.3592,-5.75,-7.91
C[C@H](CC(N)=O)[NH2+][C@H](CO)CC(C)(C)C,0.5663,4.6007,-5.03,-5.89
CC(C)c1ccc(OCC(=O)NNC(=O)Cc2ccccc2)cc1,0.8019,1.7486,-5.87,-8.55
Cc1ccc(CC(=O)Nc2nc(C[NH+]3CCCCCC3)cs2)cc1O,0.7664,3.3981,-6.06,-8.35
Cc1cn(-c2ccccc2Cl)nc1NC(=O)N(CC(C)(C)O)C(C)C,0.8461,2.8007,-6.1,-8.13
Fc1cccc(Cl)c1C[C@@H]1COCC[C@@H]1[NH2+]C1CC1,0.9008,4.2235,-5.67,-6.93
C[C@H]1CC(C(=O)Nc2scnc2-c2ccccc2)C[C@H](C)O1,0.9325,3.2032,-6.1,-8.0
CC(=O)c1ccc(NC(=O)Nc2ccc(O[C@H]3CCOC3)cc2)cc1C,0.7956,2.5625,-6.0,-8.99
COc1ccnc(N2CCN(C(=O)c3cc(C)ccc3C)CC2)n1,0.864,2.1022,-5.78,-8.45
CCOc1ccccc1C(=O)NC1(C(N)=O)CCCCC1,0.8699,2.1262,-5.8,-7.75
Cc1ccc(NC(=O)[C@@H]2CCCN2S(=O)(=O)c2cccc3nsnc23)c(Br)c1,0.6156,2.8901,-5.78,-8.91
CC(=O)Nc1cccc(/C(C)=N/NC(=O)c2ccc(C(N)=O)cc2)c1,0.5712,1.9283,-6.11,-9.43
CC(C)C[C@@H](C[NH+](C)C)NC(=O)N1CCC([NH+]2CCCC2)CC1,0.5994,5.0177,-5.66,-8.26
COc1ccc(C[NH2+][C@@H](C)[C@H]2CN(C)CCO2)c(OC(F)F)c1,0.8122,4.0871,-5.46,-7.4
O=C(Cc1ccc2c(c1)CCCC2)NCCNS(=O)(=O)c1ccccc1,0.7319,2.0192,-6.25,-9.21
CCOc1ccc(OCC(=O)Nc2cccc(Cl)c2Cl)c(C=O)c1,0.7435,2.0219,-5.95,-8.79
C[C@@H](N[C@H](CC(F)(F)F)c1ccc(F)cc1)c1ccccc1[N+](=O)[O-],0.4462,3.0335,-6.15,-8.18
Cc1[nH+]ccn1Cc1nnc([C@@H]2CCC[NH+](Cc3cccnc3)C2)n1C,0.7098,5.0875,-6.24,-8.11
CCO[C@H]1C[C@H](NC(=O)N[C@@H](C)c2ccncc2)C12CCCCC2,0.8668,3.9969,-5.85,-7.98
Cc1cc(N(C)C)ccc1N[C@@H]1CCC[C@H]([NH3+])C1,0.8593,3.6123,-5.47,-7.22
C#CCSc1nnnn1-c1ccc(OC)cc1,0.6026,2.2987,-5.29,-6.79
N#Cc1cccc(CNC[C@H](O)c2ccccc2)c1,0.8587,2.2745,-5.76,-7.74
Nc1ccc(=O)n(CCC[NH+]2CCCC[C@H]2CCO)c1,0.6662,4.5745,-5.7,-7.83
O=C(NC[C@@H]1CCC[NH2+]1)[C@H]1CSc2ccccc21,0.8438,4.4786,-5.78,-7.85
CC(C)c1ccc(NC(=O)N2CCO[C@@H](c3cccc(F)c3)C2)cc1,0.8886,2.5202,-6.26,-9.37
Cc1ccc(/C=C/c2nnc(-c3ccc(C)cc3)o2)cc1,0.7054,2.0507,-6.0,-8.49
O=C(c1cnc([C@@H]2CCCO2)s1)N1CC[C@H](COCc2ccccc2)C1,0.7763,3.2107,-6.03,-7.98
CN(C)C(=O)[C@H]1CCC[NH+]1CC(=O)N(CCC(N)=O)c1ccc(F)cc1,0.6611,4.1945,-5.79,-7.77
c1csc(NCC2CCCCC2)n1,0.803,2.1679,-5.16,-5.98
Nc1cn(-c2ccccc2)cn1,0.684,2.1718,-4.93,-5.7
CNC(=O)NC(=O)[C@H](C)Oc1cccc(N)c1C,0.6926,2.5785,-5.45,-6.48
CCOC(=O)c1s/c(=N\C(=O)c2cc3c(OC)ccc(OC)c3n2C)[nH]c1C,0.6612,2.9882,-6.23,-8.43
Cc1ccc(-n2nc(C(=O)N3CCCC3)c(=O)n(Cc3ccccc3)c2=O)cc1C,0.6686,2.1694,-6.52,-8.57
COc1ccc(NC(=O)Cn2cc(C(=O)c3ccccc3OC)c(=O)c3ccc(C)nc32)cc1Cl,0.388,2.356,-5.74,-8.8
O=C([C@H]1CCC[NH+](C2CCN(S(=O)(=O)c3cccs3)CC2)C1)N1CCCC1,0.7965,4.1288,-6.25,-7.59
C[C@@H]1CCC[C@](C#N)([C@H](O)c2ccc(F)cc2)C1,0.8677,3.6655,-5.49,-7.64
CC(C)c1sc(NC(=O)C2CCN(C(=O)N(C)C)CC2)nc1-c1ccccc1,0.8336,2.3909,-6.31,-8.74
Cc1ccccc1C(=O)N1CCN(c2cccc(C)c2C)CC1,0.8465,1.7494,-6.04,-8.23
CCc1n[n-]c(S(=O)(=O)[C@@H](C)C(=O)N[C@@H](C)CC)n1,0.794,4.38,-5.22,-6.98
O=C(NCc1cn2cc(Cl)ccc2n1)N[C@@H](CO)Cc1ccccc1,0.6327,2.7578,-6.02,-8.94
COc1ccccc1N1C[C@H](C(=O)Nc2c3c(nn2C)CSC3)CC1=O,0.8901,3.0284,-6.1,-7.87
COc1cccc([C@@H]2c3c(oc4ccc(Cl)cc4c3=O)C(=O)N2[C@@H]2CCS(=O)(=O)C2)c1,0.5967,3.304,-6.31,-8.11
Cc1cc(C(=O)NNS(=O)(=O)c2ccc([N+](=O)[O-])cc2)c(C)o1,0.6254,2.2477,-5.91,-8.48
Cc1ccc(S(=O)(=O)n2cc(-c3cnn(S(=O)(=O)c4ccc(C)cc4)c3)cn2)cc1,0.4707,2.5726,-6.72,-9.16
CC[C@H](NC(=O)N1CCCN(c2nccs2)CC1)c1ccc(OC)cc1,0.8699,2.6622,-5.88,-7.4
COC[C@H]([NH2+][C@H]1CCc2cc(N)ccc21)C(C)C,0.7769,4.2757,-5.41,-7.01
Cc1noc([C@H](NC(=O)Nc2ccc(Oc3cccnc3)nc2)C(C)C)n1,0.6841,2.9792,-6.28,-8.39
Cc1ccc(NC(=O)COC(=O)CCC2CCCC2)c(Br)c1,0.7657,1.9815,-5.52,-7.67
CC(C)(C)[C@H]1OCC[C@H]1CNC(=O)c1c[nH]c2nccc(Cl)c12,0.903,3.6727,-5.97,-8.51
O=S(=O)(c1ccccc1Br)N1CCCC1,0.8373,1.7694,-5.64,-6.79
C#CCN(CC(=O)[O-])[C@H](C)c1nc2ccccc2s1,0.7639,3.6101,-5.46,-7.24
COc1cc(NC(=O)c2cc(Br)ccc2O)ccc1NS(C)(=O)=O,0.6968,2.0044,-5.93,-8.64
C=CCN(Cc1cccc([N+](=O)[O-])c1)C(=O)NCc1ccccc1C,0.4734,2.1841,-6.02,-8.27
NC(=O)[C@@H]1CC[NH+](CC(=O)N2CCN(Cc3ccccc3)CC2)C1,0.7061,3.773,-5.82,-7.94
C[C@@H]1CC[C@H]([C@H](O)[C@@H]2CCO[C@]3(CCOC3)C2)C1,0.822,4.7982,-5.5,-7.14
C[C@]1(C2CC2)NC(=O)N(CC(=O)Nc2nccs2)C1=O,0.8036,2.8714,-5.76,-7.71
CC(C)(C)[C@@H]1CCc2c(sc(NC(=O)c3c(F)c(F)c(F)c(F)c3F)c2C(N)=O)C1,0.3981,3.1666,-6.36,-8.88
CCOC(=O)c1ccc(NC(=O)NCc2n[nH]c(=O)c3ccccc23)cc1,0.6003,2.0718,-6.36,-9.28
C[C@@H]1C[C@H](NC(=O)C(=O)Nc2cccc(C#N)c2)C(=O)N1c1ccccc1,0.813,3.0566,-6.24,-8.92
CN(C)C(=O)c1ccc(CNC(=O)c2scnc2C2CC2)cc1,0.9171,2.3575,-5.71,-8.32
Cc1csc([C@H]([NH2+][C@@H](C)c2nc3cc(Cl)ccc3n2C)C2CC2)n1,0.7515,4.0555,-6.07,-8.56
CCC(=O)N1CCC[C@H](C(=O)NCC(=O)OC2CCCCC2)C1,0.7799,2.6522,-5.88,-8.67
C[C@@H](CNC(=O)N[C@H](C)c1ccc(NC(N)=O)cc1)Oc1ccccc1,0.6126,2.7195,-5.99,-8.62
CCOc1c(C(N)=O)cn(C)c1-c1nc2cc(NC(=O)C3CCCC3)ccc2n1C,0.6522,2.6211,-6.58,-8.97
C[C@H]([NH2+]CCC[C@H]1CCCC[C@@H]1O)c1ccc(N2CCC(O)CC2)cc1,0.6544,4.0111,-5.67,-7.63
O=C([O-])c1cccc(-c2cnc(O)c(C(=O)[O-])c2)c1,0.7681,3.1945,-5.75,-7.87
COCCN(CC(=O)[O-])C(=O)N(C)Cc1ccoc1,0.6676,3.1066,-5.19,-6.4
CC(=O)Nc1cccc([C@H](C)NC(=O)c2nnn[n-]2)c1,0.8272,3.5904,-5.72,-8.11
O=C(NC[C@H](O)Cc1ccccc1)C(=O)Nc1ccc(Cl)c(N2CCCS2(=O)=O)c1,0.576,2.9121,-6.33,-9.37
COc1ccc2[nH]cc(CC(=O)Nc3ccc(C)cc3F)c2c1,0.7696,1.9407,-6.08,-9.26
Cc1ccc(C)c(-n2ncc(NC(=O)NCC(C)(C)c3ccncc3)c2C)c1,0.6966,2.5512,-5.61,-8.93
NC(=O)CC[C@@H](C(=O)[O-])N1C(=O)/C(=C\c2ccc(-c3ccc(Br)cc3)o2)SC1=S,0.4639,3.3295,-6.02,-7.57
Cc1cnc(NC(=O)N[C@@H]2CCN(c3c(F)cccc3F)C2=O)s1,0.8918,3.0039,-6.2,-8.45
C[NH+]1CC[C@H](NC(=O)c2ccc(CC#N)cc2)[C@@H]1c1ccc(Cl)cc1,0.8837,3.9722,-6.06,-9.15
CC1CC[NH+]([C@@H](C)CNC(=O)N2CCN(c3cnn(C)c3)C(=O)C2)CC1,0.7561,4.1781,-5.87,-8.1
CC1(C)O[C@H]2[C@@H](CO)O[C@H](n3c(Br)nc4c(N)ncnc43)[C@@H]2O1,0.7203,4.0525,-5.73,-8.16
CC[C@@H]([NH2+][C@@H](C)c1ccc(Br)s1)c1c(C)noc1C,0.8941,4.3947,-5.61,-7.7
O=C(CCCN1C(=O)NC2(CCCC2)C1=O)NCc1cccs1,0.7807,2.785,-5.74,-7.68
C#CCNCCSc1cc2ccccc2[nH]1,0.469,2.8202,-5.36,-7.36
O=C(CCNC(=O)Nc1ccc2c(c1)COC2)NCc1ccccc1,0.7566,2.0474,-6.19,-8.97
CCN(CC)C(=O)[C@@H]1CCCCC[C@H]1[NH3+],0.6998,3.707,-5.21,-6.23
CC[C@H](C)C[C@@H](C)NC(=O)N1C[C@H](C)O[C@H](C)C1,0.8398,3.4684,-5.56,-7.46
CCc1cccc2c(/C=C3/C(=O)N(C4CCCCC4)C(=O)N=C3[O-])cn(CC(N)=O)c12,0.7434,3.2067,-6.45,-8.91
O=C(CO)[C@H](O)[C@@H](O)CO,0.3484,3.4729,-4.78,-5.08
COc1ccc(C(=O)N2CC(C(=O)N3CCN(c4ccccc4)CC3)C2)cn1,0.8045,2.1105,-6.09,-8.24
Cc1ccc([C@@H](C)Nc2c(N)cccc2Cl)cc1F,0.8089,2.5358,-5.53,-7.92
Cc1cc(C)n(-c2ccc(-c3ccc(C)c(S(=O)(=O)NCC[NH+]4CCCCCC4)c3)nn2)n1,0.552,3.4493,-6.43,-8.76
N#Cc1ccc(OCCCS)cc1,0.5874,2.0535,-4.74,-5.44
Cc1cc(CNC(=O)CCC[NH+]2CCN(c3ccccc3)CC2)on1,0.7801,3.2984,-5.95,-8.7
O=C(c1cc2c(s1)-c1ccccc1CC2)N1CCN(S(=O)(=O)c2cccc([N+](=O)[O-])c2)CC1,0.4172,2.4464,-6.52,-8.9
CC[C@@H](C(=O)NCc1cccnc1)N(c1ccccc1F)S(C)(=O)=O,0.8147,2.7563,-5.92,-8.16
O=C(Cn1c(=O)[nH]c2ccccc2c1=O)NCc1ccccc1OC1CCCC1,0.6722,2.1925,-6.46,-8.96
CCCn1nc(C)c(C(=O)N2CCN([C@H](C#N)C(C)C)CC2)c1C,0.8296,3.0318,-5.65,-7.62
O=C(NC1CCCCC1)[C@@H](c1ccccc1)N(Cc1ccc2c(c1)OCO2)C(=O)c1ccco1,0.5457,2.8048,-6.49,-8.61
CCNC(=O)Cn1cnc(CC[NH3+])c1,0.6222,3.3582,-4.91,-5.94
COc1ccc(C)cc1NC(=O)CN1CCC(=O)Nc2cc(F)ccc21,0.8827,2.1834,-5.9,-8.89
COc1cc(F)ccc1N1CCN(C(=O)c2ccccc2C(C)=O)CC1,0.7905,1.949,-6.13,-8.5
CS(=O)(=O)CCCNC(=O)N[C@H]1C=C[C@@H](C(=O)[O-])C1,0.4519,4.0028,-5.63,-7.43
CCn1nc(C)cc1CNc1ccn(C)n1,0.8485,2.5295,-5.3,-6.21
Cc1cc(C)cc(NC(=O)c2ccccc2SCc2c(C)noc2C)c1,0.6099,2.1691,-6.25,-8.96
CCOC(=O)C1(C)CCN(C(=O)[C@@H]2C[C@H]2c2ccccc2OC)CC1,0.77,3.0779,-5.79,-7.65
COc1ccc(NC(=O)Cc2ccc(Cl)cc2)cc1S(=O)(=O)N1CCCCC1,0.7695,1.9198,-6.47,-8.79
C[NH+](C)CCN(C(=O)Cc1ccc(Cl)cc1)c1nc2c(S(C)(=O)=O)cccc2s1,0.5954,3.0971,-6.14,-7.91
Cc1c(NC(=O)c2cccnc2N2CCCC2)cccc1[N+](=O)[O-],0.6885,2.0545,-6.11,-8.41
CCc1ccc([C@@H]2COCCN2C(=O)NCCC(=O)NC(C)C)o1,0.8295,3.0455,-5.76,-8.15
O=C(c1ccccc1I)N1CCC[C@H]2CCCC[C@@H]21,0.6833,2.7811,-5.91,-7.39
CC(C)c1[nH+]ccn1[C@@H]1CCCC[C@@H]1C#N,0.7522,4.6772,-5.33,-6.34
C[NH+](CC(=O)NC1CC1)Cc1ccc(Cl)nc1,0.7286,3.8859,-5.36,-6.6
CC[C@@H](C)[C@@H](C)NC(=O)c1ccc(Br)nc1,0.864,2.9329,-5.21,-6.01
COC(=O)[C@H](NC(=O)COc1cc(Cl)c(Cl)cc1Cl)C(C)C,0.6177,2.4914,-5.56,-7.09
CCCn1ccc(NCc2cccc(OC)c2OC)n1,0.8437,2.1542,-5.54,-7.52
Cc1ccoc1C(=O)Nc1cccc(COCc2ccco2)c1,0.7424,2.2226,-6.03,-8.9
O=Cc1ccc(Oc2ccc([N+](=O)[O-])c3cccnc23)c(F)c1,0.4145,2.2827,-6.09,-8.58
C[C@H]1CSc2ccccc2N(S(=O)(=O)c2cc(S(N)(=O)=O)ccc2Cl)C1,0.8036,3.043,-6.3,-7.81
O=C1C[C@@H]2C=C[C@H]3C=C(c4ccccc4)[C@@H]1[C@H]32,0.6672,4.0682,-5.44,-6.82
O=c1c2c3c(sc2ncn1[C@H]1CCC[NH+](Cc2ccccc2)C1)CNCC3,0.7234,4.2487,-6.38,-8.89
C=CCNC(=O)N1CC[C@H](c2ccccc2)[C@H](CC)C1,0.8371,2.9846,-5.65,-7.75
CCOc1ccc(S(=O)(=O)N(C)Cc2cnn(C)c2)cc1,0.8135,2.0528,-5.68,-7.33
CC1(C)C(C[NH2+]C[C@]2(C)CCC[NH2+]C2)C1(C)C,0.7213,5.5754,-5.24,-7.3
Cc1nc(-c2c[nH]c(C(=O)Nc3cn[nH]c3)c2)cs1,0.6846,2.6875,-5.76,-8.37
Cc1cc(C)nc(NC(=O)[C@@H]2CSc3nccc(=O)n3C2)n1,0.8315,3.3308,-6.02,-7.88
CCCCn1c(=O)n(C)c(=O)c2c1nnn2CC(=O)Nc1ccc(C)c(C)c1,0.6908,2.4884,-6.3,-8.34
CN(Cc1nccs1)C(=O)[C@H]1C[C@H]1c1ccccc1OC(F)(F)F,0.8183,3.2819,-5.89,-7.34
COc1cc2c(cc1OC)C(=O)N[C@@H](c1cc(Cl)cc(Cl)c1O)N2,0.771,2.9902,-6.27,-7.87
Cc1ccc(CCNC(=O)Nc2cccc(-c3[nH+]ccn3C)c2)cc1,0.739,2.8489,-6.3,-9.27
COC[C@H](NC(=O)Cc1coc(-c2ccc(Cl)cc2)n1)C(N)=O,0.7877,2.7627,-5.84,-8.24
Cc1cnc([C@H](NC(=O)N2CCSC(C)(C)C2)C2CC2)s1,0.9257,3.677,-5.68,-7.07
COc1ccccc1C(=O)Nc1ccc(C(=O)N[C@@H](C)c2ccccc2)cc1,0.6703,2.0707,-6.5,-9.22
C[C@@H]1COc2c(F)c(F)cc3c(=O)c(C(=O)[O-])cn1c23,0.7664,3.613,-5.92,-7.86
NC1=[NH+]C[C@@H]([C@@H]2CCCOC2)N1c1ccc(F)cc1,0.78,4.0198,-5.58,-7.77
C[C@H](NC(=O)c1ccco1)C(=O)N1CC[C@@H]2CCCC[C@@H]2C1,0.9326,3.1287,-5.81,-8.36
COc1ccc(O)c(NC(=S)NC(=O)c2ccc(C)c(C)c2)c1,0.5956,1.9223,-6.0,-7.95
Cn1cnnc1Sc1ccc(C(=O)Nc2nc(-c3ccc(F)c(F)c3)cs2)cc1[N+](=O)[O-],0.3224,2.5634,-6.59,-9.38
COC(=O)c1cccc(N2CCN(Cc3nc(C)c(C)o3)CC2)n1,0.7915,2.3589,-6.01,-8.54
Cc1ccc(Oc2nc3ccccn3c(=O)c2/C=C(\C#N)C(=O)N2CCCCC2)c(C)c1,0.4626,2.6209,-5.99,-8.49
CC(C)(C)N(C(=O)[O-])C1[C@@H]2C[NH+](Cc3ccccc3)C[C@H]12,0.8602,5.0979,-5.7,-7.36
C[C@@H](NS(=O)(=O)c1ccc(Cl)s1)c1ccc(N)cc1,0.8516,2.5859,-5.61,-7.94
CCCCOc1ccccc1NC(=O)c1cnc([C@@H]2CCCO2)s1,0.7537,2.788,-5.81,-7.69
CNS(=O)(=O)c1ccc(C(=O)Nc2cc(CC3CCCCC3)n[nH]2)cc1,0.7208,2.5381,-6.15,-8.91
CCn1nc(C)c2[nH]c(=S)n([C@H](C)[C@H]3CCCO3)c21,0.8793,3.9373,-5.84,-7.62
CCCN(Cc1ccc(C)cc1)C(=O)C[NH+]1CCC(C(=O)NC)CC1,0.7664,3.29,-5.68,-8.07
NC(=O)c1cc(NC(=O)c2ccc(Cl)c(Cl)c2)c(F)cc1F,0.8918,1.9391,-5.98,-9.05
COc1cccc(C[NH+](C)Cc2nc3cc(Cl)ccc3n2C)c1,0.7789,3.442,-6.19,-8.72
CCn1nc(C)c(NC(=O)CCc2ccc(Br)c(C)c2)c1C,0.866,2.1458,-5.85,-8.21
CC(C)OCc1c(C(=O)NCC#Cc2ccccc2)oc2ccccc12,0.7059,2.4318,-6.55,-9.19
CCOc1ccc(C(=O)Nc2ccc3[nH]ccc3c2)cc1OCC,0.7134,1.9355,-6.24,-9.41
CN(CCc1ccncc1)c1cnn(C)c(=O)c1Br,0.8579,2.61,-5.76,-7.9
Cc1cc([N+](=O)[O-])cnc1N1CCC[C@H](c2nncn2C(C)C)C1,0.6323,3.2108,-5.97,-8.31
CC[NH+]1CCC2(CC1)N=C(SCC(=O)Nc1ccc(Cl)cc1)C(c1ccccc1)=N2,0.7474,3.7742,-6.18,-8.27
Cc1ccc(C(=O)N[C@@H](C)c2cn(C)nc2C)cc1[N+](=O)[O-],0.6935,2.6302,-5.8,-8.15
CC[C@@H]1CCCC[C@@H]1[C@@H](C)[C@@H](C)[NH2+]C(C)C,0.7412,4.605,-5.2,-6.11
Cc1ccc([C@@H](O)[C@@H]2CCC[C@H](S(C)(=O)=O)C2)o1,0.9158,3.7341,-5.63,-7.42
CCCN1C/C(=C/c2ccc3c(c2)OCO3)C(=O)/C(=C/c2ccc3c(c2)OCO3)C1,0.7193,2.6852,-6.32,-8.87
CC(C)C[C@@H](C[NH+](C)C)NCc1cc(F)cc(Br)c1,0.7829,3.776,-5.18,-7.27
COC(=O)ON1C(=O)c2ccccc2N[C@H]1c1ccccc1[N+](=O)[O-],0.518,3.1413,-6.26,-8.71
CCC(CC)(NC(=O)N(CCC#N)C1CC1)C(=O)[O-],0.7202,3.324,-5.33,-6.76
COC(=O)c1ccc(NC[C@@H](C)c2nc(-c3ccccc3)no2)nn1,0.6834,2.8631,-6.1,-8.64
COc1ccc(C)cc1[C@H](C)N[C@H](C)C(=O)NCc1ccc(C)cc1,0.8085,2.6169,-5.89,-8.5
C[C@@H](OC(=O)c1ccccc1O)C(=O)Nc1sccc1C#N,0.8443,2.6092,-5.77,-7.63
CCC[C@H](C)n1c(CCCl)nc2c(C)nn(C)c21,0.7808,3.4301,-5.43,-7.74
CCNC(=O)[C@@H]1CC(=O)N(c2ccccc2)C1,0.8503,2.1943,-5.56,-7.38
CCOc1cccc(C(=N)NC(=O)c2cc(C)oc2C)c1,0.6697,2.4929,-5.74,-7.43
O=C1CC[C@@H](C(=O)NCc2cc(Cl)c3c(c2)OCCCO3)N1,0.8808,2.9006,-6.15,-8.05
CC1(C)CN(C(=O)CCc2nc(-c3ccco3)no2)CCO1,0.8578,2.598,-5.74,-8.13
Cc1cc(NC(=O)c2ccc(C(=O)OC(C)(C)C)cc2)no1,0.8805,1.9453,-5.88,-8.4
CC(C)c1ocnc1CS(=O)(=O)[C@H](C)C(=O)N(C)c1ccccc1,0.8001,3.3044,-5.98,-8.03
CN(C)c1ccc(C(=O)NNC(=O)CCC(=O)N2CCN(c3ccc(F)cc3)CC2)cc1,0.668,2.134,-6.31,-8.85
N#CC1=C(NC(=O)c2ccc(N3CCCC3)c([N+](=O)[O-])c2)S[C@@H]2CCC[C@H]12,0.6292,3.427,-5.98,-7.8
CSC[C@H](C)NC(=O)NC[C@H]1Cc2ccccc2O1,0.8676,3.1076,-5.7,-7.94
C[NH+](C)CC(=O)Nc1cccc(Cl)c1Cl,0.824,3.1537,-5.24,-6.28
N#Cc1ccc(NC(=O)[C@H]2CC(=O)N(c3ccc4c(c3)OCCO4)C2)cc1,0.9036,2.623,-6.17,-8.41
Cn1c(=O)c2c(nc(NCc3ccccc3)n2CC(N)=O)n(C)c1=O,0.6501,2.3168,-6.18,-8.28
O=C(NC[C@H]1CCCO1)Nc1ccccc1Oc1ccccc1,0.8831,2.2768,-6.01,-8.6
COc1ccc(CN2C(=S)N(C)C(=O)[C@@H]2CC(=O)Nc2ccc(F)cc2)cc1,0.7546,2.6041,-6.17,-7.43
CC(C)NC(=O)c1cn(Cc2ccccc2)cc(C(=O)N2CCCC[C@H]2c2cccnc2)c1=O,0.6091,2.9003,-6.53,-8.36
O=C(CSc1nnc(-c2ccc(S(=O)(=O)N3CCCC3)cc2)o1)Nc1ccc(Cl)cc1,0.513,2.142,-6.46,-9.0
Cc1cc(C)cc(NC(=O)CNc2cccc([N+](=O)[O-])c2)c1,0.6553,1.9126,-5.92,-8.56
COc1ccccc1CCc1nnc(CCC(=O)N2CCCCC2)o1,0.7731,2.1661,-5.71,-8.35
COc1cc(C)c(NC(=O)c2cc(Br)ccc2I)cc1OC,0.6555,1.9714,-5.89,-8.48
C[C@@H](c1cc2ccccc2[nH]1)N(C)C(=O)c1cnn2ccn(C)c12,0.6305,3.3132,-6.35,-9.03
COc1cc([C@H]2C3=C(C[C@H](C)CC3=O)Nc3ncnn32)cc(OC)c1OC,0.8848,3.6371,-6.13,-8.01
CC[C@@H](NC(=O)CSc1nnc(C2CC2)s1)c1ccc(Cl)cc1,0.7353,2.7316,-5.71,-7.82
CCCn1c(C[C@H](O)CCSC)nc2ccccc21,0.8455,2.7213,-5.46,-7.29
O=C(NCCCn1cncn1)c1ccsc1,0.7924,2.31,-5.23,-7.24
O=[N+]([O-])c1csc([N+](=O)[O-])n1,0.4918,3.5159,-4.95,-5.61
CCCCCC[C@@H](C)n1ccc(N)n1,0.709,2.8396,-4.98,-5.82
O=C([O-])[C@H]1[NH2+]CC[C@H]1c1cccc(Oc2ccccc2)c1,0.8956,3.8636,-6.02,-8.34
N#CCc1ccc(OCc2ccccc2NC(=O)NCc2ccc(F)cc2)cc1,0.61,2.0152,-6.54,-9.79
CCc1c(-c2ccccc2)[n+]([O-])c(-c2ccc(OC)c(OC)c2)c(C)[n+]1[O-],0.5135,2.9083,-6.23,-8.95
CCN(CC)c1ccc(C(=O)Nc2cccc(COC)c2)cc1,0.842,1.816,-5.78,-8.34
CC(C)(C)C1C[NH+]([C@H]2CCCCC[C@H]2[NH3+])C1,0.6102,5.1443,-5.31,-6.28
O=C([O-])[C@H]1CCCCN1C(=O)c1nc(C2CC2)n[nH]1,0.7862,3.5279,-5.63,-6.59
CCOc1ccc2nc(N[C@@H](C)c3ccc(C)o3)sc2c1,0.7372,2.7153,-5.8,-8.97
CC[NH2+]Cc1cc(Nc2cc[nH+]c3cc(Cl)ccc23)ccc1O,0.6302,3.9926,-6.19,-8.89
Cc1cc(C(=O)N[C@H](c2ccccc2)c2cccc(F)c2)on1,0.8002,2.4723,-6.35,-8.93
COc1ccc(/C=C/C(=O)Oc2ccc(Cl)cc2C)c(OC)c1,0.4654,2.0234,-5.73,-8.08
CCc1ccccc1N1C(=O)/C(=C(\C)c2ccc([N+](=O)[O-])cc2)SC1=S,0.3228,2.4803,-6.29,-6.99
C[C@H](CNC(=O)N[C@@H]1[C@@H]2CCO[C@@H]2C1(C)C)Nc1ccccc1,0.7821,3.7436,-5.78,-8.17
COc1ccc(C)cc1[C@@H](C)[NH2+][C@@H](CO)CC(C)(C)C,0.8404,3.9502,-4.76,-6.55
C[NH+]1CCN([C@H](CNC(=O)Nc2ccccc2)c2ccsc2)CC1,0.768,3.595,-5.98,-7.61
CC(C)Oc1ccc([C@@H](O)[C@@H]2CCc3cccnc32)cc1,0.9313,3.0644,-5.94,-8.17
Nn1c(SCC(=O)Nc2cc(C(F)(F)F)ccc2Cl)nnc1-c1ccccc1,0.4734,2.158,-6.28,-8.96
Cc1cc(N)cc(Cl)c1[NH+]1CCC(C)CC1,0.7235,4.099,-5.4,-6.85
C[C@H](CNC(=O)c1ccccc1F)Oc1ccccc1,0.909,2.1217,-5.76,-8.09
CN(C(=O)c1ccc(OC2CC[NH+](CCc3ccccc3)CC2)cc1)[C@H]1CCOC1,0.7627,3.6876,-6.1,-8.62
COc1ccc(C2=NN(c3ccc(F)cc3)C(=O)/C2=C(\C)NCc2ccccc2)cc1,0.5966,2.2204,-6.29,-8.78
COc1ccccc1NC(=S)N/C(=N\c1nc(C)cc(C)n1)N1CCc2ccccc2C1,0.3559,2.6794,-6.44,-9.18
O=C(CN1C(=O)N[C@]2(CCc3ccccc32)C1=O)NC[C@H](c1ccccc1)c1c[nH]c2ccccc12,0.368,3.643,-6.86,-8.73
CC1(C)C(CNc2ccc([N+](=O)[O-])cc2F)C1(C)C,0.6653,2.5668,-5.35,-7.39
Cc1ccc(/C=C2/SC(=S)N(c3cccc(C(F)(F)F)c3)C2=O)cc1[N+](=O)[O-],0.2885,2.3962,-6.27,-6.82
Cc1cc(CCC(=O)NC2CCC2)cc([C@@H]2CCC[NH+]2C)n1,0.8621,4.2039,-5.8,-7.93
COc1ccc(N(CN2C(=O)[C@@H]3[C@H](C2=O)[C@@H]2C=C[C@H]3[C@@H]3C[C@H]23)C(=O)c2ccc(Cl)c(Cl)c2)cc1,0.4455,4.6445,-6.35,-8.6
CC[C@H](C(=O)N1CCC(Cc2nc(C)no2)CC1)n1cccn1,0.8428,3.1508,-5.79,-8.07
COc1ccc(C)cc1NS(=O)(=O)c1ccc2c(c1)NC(=O)CO2,0.8828,2.1558,-6.07,-8.52
COc1ccccc1[C@H](O)CNC(=O)Nc1cc(Cl)c(Cl)cc1Cl,0.6589,2.4935,-6.12,-8.52
O=C(COc1ccccc1)NNC(=O)COc1ccc(Br)cc1,0.7538,1.7296,-5.85,-8.33
COC(=O)Nc1ccc(OCc2ccccc2Cl)cc1,0.9224,1.6122,-5.86,-8.33
Cc1ccc(CN2CCN(C(=O)[C@H]3CCCN(S(C)(=O)=O)C3)CC2)cc1,0.7915,2.463,-5.8,-8.13
CCc1cccc(C(=O)N(Cc2cccnc2)[C@H]2CCS(=O)(=O)C2)c1O,0.8666,2.8643,-6.04,-7.88
Cc1nnc2ccc(N3CCN(Cc4cnc(-c5cccs5)s4)CC3)nn12,0.5276,2.6624,-6.44,-8.99
O=C([O-])c1cc(NS(=O)(=O)c2ccc3c(c2)OCCCO3)ccc1N1CCSCC1,0.7329,2.7882,-6.26,-8.52
C[C@]12CCC(=O)N1[C@@H](C(=O)OCc1cc3c(Cl)cccc3[nH]1)CS2,0.8485,3.5219,-6.12,-8.68
Cc1cccc([C@H]2CCCN2c2cc(C)c([N+](=O)[O-])cn2)c1,0.6355,2.7862,-5.94,-7.63
CCOc1cccc([C@@H]2C(C#N)=C(N)Oc3cc(C)[nH]c(=O)c32)c1OCc1ccc(Cl)cc1,0.5552,3.1061,-6.38,-8.3
C[C@H]1CCC[C@H]1[NH2+]Cc1cn(-c2ccccc2)nc1-c1ccncc1,0.7794,3.7472,-6.32,-8.42
O=C(NC1CCC(CO)CC1)c1nc(C2CC2)n2ccccc12,0.9111,2.4546,-5.87,-8.21
CC(C)Oc1ccc([C@@H](C)NC(=O)N(Cc2cccs2)C2CC2)cc1,0.759,2.6628,-6.03,-7.42
CC(C)[C@@H](NC(=O)c1ccc(F)cc1)C(=O)N[C@@H](C)c1ccc(Br)cc1,0.7341,2.54,-6.13,-8.12
CCCCC(=O)/N=C1/S[C@@H]2CS(=O)(=O)C[C@@H]2N1c1cccc(Cl)c1,0.7948,3.3682,-5.83,-7.25
O=C(/C=C/c1ccc(Br)s1)OCCN1CCOC1=O,0.6073,2.6864,-5.63,-7.31
CC(C)N(Cc1cccnc1)C(=O)NC[C@H]1C[C@@]12CCc1ccccc12,0.8895,3.7889,-6.28,-8.14
[NH3+][C@H]1CCCCC[C@H]1C(=O)NCC1CCCCC1,0.7413,3.4575,-5.49,-6.98
COc1ccc(NC(=O)N2CC[NH+](C(C)C)CC2)cc1C,0.8776,3.2183,-5.63,-7.48
Cc1ccc(CNC(=O)C[NH+]2CCN(CC(=O)N3C[C@@H](C)C[C@H](C)C3)CC2)cc1,0.7218,3.9114,-6.03,-8.34
CC(C)c1nn(C)c(Cl)c1C[NH+](CC(N)=O)Cc1ccccc1,0.7999,3.9208,-5.9,-7.64
C[C@H]([NH2+]Cc1cccc(COc2ccccc2)c1)c1ccc(F)cn1,0.715,3.2109,-6.12,-9.06
NC(=O)[C@@H]1CN(C(=O)N[C@H]2CCN(c3c(F)cccc3F)C2)CCO1,0.8245,3.2404,-6.06,-8.45
CCn1ncc(Br)c1C(=O)NC[C@@H](C)c1ccc(F)cc1,0.8954,2.6989,-5.87,-8.06
C[C@H]1CN(C(=O)c2n[nH]c3ccccc23)[C@H](C)CN1C(=O)OC(C)(C)C,0.8498,3.1697,-6.13,-8.32
NC(=O)c1cc(NC(=O)/C=C\C(=O)[O-])ccc1N1CCOCC1,0.6616,2.6106,-5.57,-7.7
CC[C@@H](CCO)CNC(=O)/C=C/c1c(Cl)cccc1Cl,0.7561,2.8318,-5.36,-7.39
COc1cc(CC[NH2+][C@H]2CCN(Cc3ccccn3)C[C@@H]2C)ccc1O,0.7943,3.7663,-5.64,-8.31
C[NH+](CC(C)(C)C[NH3+])[C@H]1CCCC[C@@H]1C(C)(C)C,0.7616,5.2899,-5.4,-7.22
O=C(Nc1ccc(Cl)c(Cl)c1)N[C@H](c1ccccc1)c1ccccn1,0.6531,2.3829,-6.33,-8.85
Cc1ccncc1NC(=O)N(C)[C@@H](C)c1ccncc1,0.9323,2.7108,-5.68,-7.86
CN(C(=O)c1cncc(-c2ccccc2)c1)c1cccc2ncccc12,0.549,2.0965,-6.69,-9.34
C[C@@](N)(c1cc(F)cc(F)c1)c1ccccc1C(F)(F)F,0.8264,2.8784,-5.89,-7.81
CC(C)(C)NC(=O)NC(=O)C[NH+]1CCC[C@H]1Cc1cccc(F)c1,0.7693,4.1808,-6.07,-8.48
COc1c(C)cc(C(=O)N[C@@H]2CC(=O)N(C3Cc4ccccc4C3)C2)cc1C,0.8901,2.8184,-6.32,-9.06
COC(=O)[C@](NC(=O)Nc1ccc(Cl)cn1)(Oc1ccccc1)C(F)(F)F,0.5899,2.9555,-6.22,-8.62
COc1ccc(-c2nnc(NC(=O)c3ccc(-c4ccccc4)cc3)o2)c(OC)c1,0.5051,2.0058,-6.6,-9.96
Cc1nc(C2CCN(C(=O)NC[C@H](C(C)C)N3CC[NH+](C)CC3)CC2)no1,0.7599,4.0485,-5.7,-7.78
CC[C@@H]1C(=O)NCCN1Cc1cc(=O)oc2c(C)c(O)ccc12,0.839,3.0275,-6.0,-7.91
O=[N+]([O-])c1c(NNc2ccccc2)ncnc1Sc1ccc(Cl)cc1,0.3694,2.3662,-6.04,-8.3
C[C@H]1Oc2ccc(NC(=O)c3cc(Cl)c4c(c3)OCCO4)cc2NC1=O,0.8433,2.8473,-6.08,-8.6
Cc1nonc1C(=O)Nc1ccc(F)c(S(=O)(=O)N2CCOCC2)c1,0.846,2.3882,-6.12,-8.66
CCc1ccc(C(=O)OCCn2c([N+](=O)[O-])cnc2C)o1,0.4591,2.6247,-5.58,-8.1
C[C@H](CN(C)Cc1nnc(-c2ccccc2)o1)c1ccccc1,0.6908,2.4933,-6.07,-8.86
O=C1c2ccccc2C(=O)N1Cc1ccc(-c2nc3ccccc3o2)cc1,0.5149,1.9288,-6.7,-9.49
C[C@H]1CC[C@@H](OC[C@@H]2COc3ccccc32)C[NH2+]1,0.8747,4.4941,-5.6,-6.99
CC[C@H]1CCCC[C@@H]1Oc1ccc(C)nc1C[NH2+]C(C)C,0.8738,4.0356,-5.6,-7.52
Cc1ccccc1NC(=O)Nc1nc(C)c(C(=O)N(C)C)s1,0.9129,2.0345,-5.84,-8.17
Cc1nc(Sc2ccc(C#N)cc2[N+](=O)[O-])oc1C,0.6303,2.6761,-5.77,-6.79
CCCNC(=O)c1ccc2c(c1)[C@H]1C=CC[C@H]1[C@@H](c1cccnc1)N2,0.8301,3.3437,-6.1,-9.03
C[C@H]1CO[C@H](C)CN1C(=O)/C=C/c1ccccc1[N+](=O)[O-],0.486,3.1681,-5.78,-7.32
CC(=O)c1ccc([C@@H]2C[C@H]2c2ccccc2)cc1,0.7312,2.4371,-5.93,-7.8
CN(C)N(C(=O)/C=C/c1cc(Cl)cc(Cl)c1)[C@@H]1CCS(=O)(=O)C1,0.5977,3.3074,-5.88,-7.89
Cc1ccc(C(=O)N(C)C)cc1NC(=O)Cn1cnc2c(cnn2C)c1=O,0.7331,2.2645,-6.26,-9.01
Cc1cc(C(=O)NC[C@H](C(C)C)[NH+]2CCC(C)CC2)ccc1F,0.8564,3.8663,-5.92,-8.83
Cc1cc(OCC(=O)Nc2c(C)cccc2C)c2c3c(c(=O)oc2c1)CCCC3,0.6594,2.362,-6.54,-9.71
Cc1cccc(-n2nnnc2SC[C@@H]2CNC(=O)O2)c1C,0.8617,3.1147,-5.98,-7.96
Cc1nnnn1-c1cc(NC(=O)c2cc(Cl)ccc2OC(C)C)ccc1F,0.7172,2.2627,-6.34,-8.99
COC(=O)C[C@@H](C)SC[C@@H]1CSc2ccccc21,0.7714,3.479,-5.4,-7.14
N#Cc1ccc(NC(=O)CCn2nc(-c3cccs3)oc2=O)cc1,0.7687,2.3066,-5.92,-8.75
CCc1ccccc1NC(=O)[C@H]1CCC(=O)N(c2ccc(OC)cc2)[C@@H]1c1ccc(OC)cc1,0.5155,2.9124,-6.45,-8.54
CN(Cc1ccccc1F)C(=O)Nc1cccc(OC[C@@H]2CCCO2)c1,0.8476,2.5174,-6.22,-8.81
C[NH2+][C@H](c1ccc(OC)c(Br)c1)c1cscc1C,0.9174,3.8461,-5.51,-7.6
Cc1nn(C)c(Cl)c1CSCC(=O)N(C)[C@@H]1CCCc2ccccc21,0.7851,3.0177,-6.3,-7.31
Nc1nc(CCNC(=O)C[C@@H]2C(=O)NCCN2Cc2ccccn2)cs1,0.6367,3.0131,-5.94,-8.1
O=C(Oc1ccc(/C=N/c2cccc(Br)c2)cc1)c1ccncc1,0.3702,2.1738,-6.22,-8.94
N#C/C(=C/C=C\c1ccccc1)C(=O)Nc1cccc(Cl)c1Cl,0.4772,2.2762,-6.15,-8.74
O=C([C@@H]1COc2ccc(F)cc2C1)N1CCN(c2ccccc2)CC1,0.8427,2.4844,-6.3,-8.83
Cc1cc(C[NH+](C)C(C)(C)CO)c(OC(F)F)cc1C,0.8351,3.9879,-5.36,-6.16
O=C(/C=C/SCc1ccco1)N1CCc2[nH]ncc2C1,0.8775,3.1518,-5.74,-8.25
COC(=O)CN(C(=O)c1cc(Cl)ccc1OC(C)C)C1CC1,0.7546,2.1869,-5.64,-7.08
CC[C@H](C)C1(O)CCC(C(C)(C)CC)CC1,0.7535,3.4095,-5.24,-6.38
Cc1cccc(CCNC(=O)c2cnn(-c3ccc(Br)cc3)c2C)c1,0.6996,1.973,-5.73,-9.16
[NH3+]Cc1nccn1-c1snc2ccccc12,0.7207,3.3668,-5.65,-7.45
COc1ncnc(N2C[C@H]3CCC[NH+]3C[C@@H]2C)c1N,0.7408,5.0685,-5.46,-6.95
C[C@H]1CC(C(=O)N2CCC(Oc3cccc(C#N)c3)CC2)C[C@H](C)O1,0.8465,3.2199,-5.92,-7.84
c1ccc2[nH]c(-c3cscn3)nc2c1,0.6573,2.3033,-5.48,-7.11
FC(F)(F)c1cccc(-c2noc(CSC[C@@H]3CCCO3)n2)c1,0.8147,2.8871,-5.97,-8.57
Cc1ccc(O)c(CN2CCO[C@H](c3ccccc3Cl)C2)c1,0.9308,2.5827,-6.06,-8.42
COc1ccccc1CCNC(=O)c1nc(-c2ccco2)cc2c1nc(C)n2[C@@H]1CCS(=O)(=O)C1,0.4188,3.2355,-6.62,-8.53
Cc1ccsc1CNc1cccc(C(=O)N(C)Cc2snnc2C)c1,0.7076,2.6014,-6.13,-8.43
CN(C(=S)S[C@H]1CCS(=O)(=O)C1)[C@H]1CCS(=O)(=O)C1,0.6683,3.9874,-5.6,-7.09
CCc1onc(C)c1NC(=O)[C@H]1Cc2ccccc2CN1C(=O)[C@H](C)CC,0.8754,3.3503,-6.23,-8.37
CC[NH2+][C@@H](Cc1[nH+]ccn1C)c1ccc(F)c(C)c1,0.84,4.8625,-5.55,-7.43
N#C[C@@H]1CCCC[C@@H]1Sc1ccccc1Cl,0.772,3.1555,-4.84,-6.97
Cc1cc2oc(=O)cc(CNc3ccccc3N3CCCC3=O)c2cc1C,0.7084,2.3091,-6.53,-9.23
COc1cccc(C2=NN3[C@@H](C2)c2cccc(OC)c2O[C@@H]3c2ccc(OC)c(OC)c2C(=O)[O-])c1,0.4982,3.6177,-6.19,-8.62
COC(=O)NCC(=O)N1CC=C(c2cc(C)cc(C)c2)CC1,0.9316,2.376,-5.74,-8.22
CCc1ccc2oc(C(=O)NC[C@@H](c3ccccc3Cl)[NH+](C)C)cc(=O)c2c1,0.6694,3.4596,-6.47,-9.32
O=C(COc1cccc(Br)c1)Nc1ccsc1C(=O)[O-],0.8886,2.4559,-5.74,-8.05
CC[C@@](C)([C@@H](NC)c1ccc(Cl)cc1)[NH+](C)C,0.822,4.0367,-5.25,-6.54
COCCOC(=O)c1c(C)[nH]c(C(N)=O)c1C,0.5796,2.2648,-5.23,-6.5
CC(C)C[C@H](NC(=O)CCC(F)(F)F)c1ccccc1,0.833,2.4758,-5.42,-7.37
CN(CC(C)(C)O)S(=O)(=O)c1ccc(C(=O)[O-])s1,0.7889,3.2004,-5.41,-7.13
CN(CC[NH+](C)C)C(=O)[C@H]1Cc2ccccc2CN1C(=O)OC(C)(C)C,0.8678,3.6091,-6.05,-8.05
C[C@H](C(=O)NCc1cnn(-c2ccccc2)c1)n1cncn1,0.7705,2.7081,-5.96,-8.41
C[C@H]1CCCC[C@H]1[NH2+]C[C@H](C(=O)N1CCOCC1)c1ccccc1,0.8937,3.8861,-5.95,-8.24
CCNC(=O)C1CCN(C(=O)Nc2ccc([N+](=O)[O-])c(Cl)c2)CC1,0.6401,2.1101,-5.76,-8.48
CCN1CCc2nc(NC(=O)CCCOc3ccc(Cl)cc3Cl)sc2C1,0.6719,2.3117,-5.98,-8.12
COc1nc2c(cc1CNC(=O)[C@H]([NH3+])CO)C(=O)N(C1CCCC1)C2,0.6216,3.6445,-5.99,-7.98
Cc1cnc(C(=O)/N=c2\[nH]c3ccccc3n2C(C)(C)C)cn1,0.7503,3.0513,-6.29,-8.35
CCn1nc(C)c(C(=O)N2C[C@@H](c3ccccc3)[C@@H]3[C@H]2C2CC[NH+]3CC2)c1C,0.8838,5.1439,-6.22,-8.34
CN(c1ccccc1)c1ccc(CNC(=O)C2=NN=C(C3CC3)C2)cn1,0.8729,2.8043,-6.01,-8.4
O=C(CCc1ccccc1)Nc1cc(C(=O)[O-])cc(C(=O)[O-])c1,0.8063,2.6053,-5.83,-8.68
CCN[C@]1(C#N)CC[C@@H](Oc2cc(C(C)C)ccc2C)C1,0.8919,3.4505,-5.61,-8.0
CC(C)C(=O)NCCNC(=O)Nc1ccnn1C1CCCCC1,0.7024,2.3424,-5.79,-8.03
Cc1ccc(NC(=S)N(Cc2ccccn2)C2CC2)c(C)c1,0.862,2.1362,-5.83,-7.46
CCCCCC(C)(C)C(=O)N1CCC2(CC1)OCCO2,0.7282,3.0796,-5.57,-7.26
CC[C@H](C#N)OC(=O)c1ccc2c([O-])n(C)c(=S)nc2c1,0.6343,3.67,-5.85,-7.34
C[C@H](c1ccccc1)N(C)C(=O)[C@H]1SCCc2ccccc21,0.8449,3.138,-6.26,-8.13
N#CCCN(c1ccc(F)cc1)S(=O)(=O)c1cc(C(=O)[O-])ccc1Cl,0.7607,2.6735,-6.02,-7.85
CN(C)C(=O)c1cccc(CN2CC[S@@](=O)C(C)(C)C2)c1,0.8537,3.2215,-5.75,-7.72
CCC(CC)(CO)NC(=O)C[C@@H]1CSCC[NH2+]1,0.6161,4.6261,-5.31,-6.77
CCC[C@@H]1C[C@@H]1NC(=O)C(=O)Nc1cccc(-c2ccc3c(c2)CCO3)c1,0.7978,3.1009,-6.3,-9.48
O=C1N[C@@H](C(=O)N2CCC[C@@H]2C2CCCC2)CS1,0.833,3.3442,-5.7,-7.26
CN(C[C@@H](O)C(F)(F)F)c1cncc(C(N)=O)n1,0.7941,3.3874,-5.41,-6.79
CC(=O)c1ccc(NC(=O)N[C@H]2CCOC3(CCCC3)C2)cc1C,0.8282,3.3558,-5.74,-8.44
O=C1[C@H]2CC=CC[C@@H]2C(=O)N1CC(=O)N1CCCc2cc(OC(F)(F)F)ccc21,0.57,3.3347,-6.17,-7.86
O=C(CCSc1nncn1-c1ccccc1)Nc1ccccc1,0.7062,1.9188,-5.72,-8.45
CC(C)N(C)C(=O)NCc1ccc(CN2C[C@H](C)O[C@H](C)C2)cc1,0.9011,2.9215,-5.67,-7.74
Fc1ccc(-c2c(CCl)nnn2-c2ccccc2F)cc1,0.686,2.2163,-6.15,-8.81
Cc1nn(-c2ccc(NC(=O)[C@@H]3CC(=O)N(C(C)C)C3)cn2)c(C)c1Cl,0.8905,2.9246,-6.18,-8.25
Cc1ccccc1[C@H](C)N[C@H](C(N)=O)c1ccccc1,0.8757,2.5868,-5.32,-8.0
C[C@@H](CCN1CCOCC1)NC(=O)[C@@H](C)Oc1cccc(C#N)c1,0.8204,2.9337,-5.65,-7.79
C[NH+](CCC(=O)N[C@H]1CCCc2ccccc21)Cc1cccc(C#N)c1,0.8404,3.7563,-6.22,-9.39
Cc1ccc(CN2CCN(C(=O)c3cc4occc4n3Cc3ccc(C)cc3)CC2)cc1,0.4569,2.239,-6.71,-9.35
FC(F)(F)CN(Cc1coc(-c2cccs2)n1)C1CCCC1,0.7949,2.6711,-5.6,-7.17
CCCOc1cc([N+](=O)[O-])c(Cl)cc1NC(C)=O,0.6597,2.0686,-5.18,-6.65
CCCNC(=O)CCCc1c(-c2ccc3ccccc3n2)[nH]c2ccc(F)cc12,0.4463,2.2784,-6.75,-9.87
Cc1cccc([C@@H]2C=NN=C2C2CC[NH+](Cc3cccc4c3OCO4)CC2)c1,0.892,4.3958,-5.53,-8.85
COc1ccccc1[C@@H](NS(=O)(=O)C[C@@H]1CCOC1)c1ccccn1,0.8164,3.2309,-5.73,-8.02
O=C(CN1C(=O)c2ccccc2N[C@H]1O)NCCc1c[nH]c2ccc(Cl)cc12,0.5299,2.9921,-6.4,-8.9
CCN(CCOC)C(=O)Cn1cccc1C(=O)[O-],0.6467,2.8467,-5.19,-6.51
C[C@H](NC(=O)c1cc(C#N)cn1C)c1ccc2ccccc2c1,0.8042,2.6827,-6.28,-9.3
O=C(CCCc1cc(F)ccc1F)N[C@H]1CCCN(c2cccnn2)C1,0.8606,2.7937,-6.1,-8.73
CCc1onc(C)c1NC(=O)c1cc(C)c2c(=O)[nH]c([O-])nc2n1,0.7254,3.3829,-6.24,-9.16
O=C(NC1CC[NH+](C[C@@H]2CCOC2)CC1)N[C@H]1CC(=O)N(C2CC2)C1,0.603,4.4234,-5.77,-8.05
O[C@@H](C[NH+]1CCSCC1)c1c(F)cccc1F,0.833,4.4334,-5.49,-6.84
Cc1[nH+]c(C2CCN(C(=O)C[NH+](C)C)CC2)nc2c1CCCN2Cc1ccccn1,0.7751,3.9352,-6.28,-9.02
Cc1nnc2ccc(C(=O)NC[C@@H]3C[C@]34CCc3ccccc34)cn12,0.8021,3.8409,-6.43,-8.79
CC(=O)c1c[nH]c(C(=O)Nc2ccc(OC(F)F)cc2)c1,0.8324,2.1179,-5.86,-8.37
O=c1oc2c(C[NH+]3CCCCCC3)c(O)ccc2cc1C1[NH+]=c2ccccc2=[NH+]1,0.3744,4.6865,-6.54,-9.22
Cc1nc2n(n1)C[C@H]([NH2+]C[C@@H](O)CN(C)Cc1ccccc1)CC2,0.7472,4.1628,-5.91,-8.14
O[C@H](CSc1ccc(F)cc1)[C@H]1CCCc2cccnc21,0.8723,3.2412,-6.02,-8.15
Cc1nc(SCC(=O)N(C)Cc2cnn(Cc3ccccc3)c2)c2c(C)c(C)sc2n1,0.3032,2.5437,-6.46,-9.01
Cc1c(N)cccc1NC(=O)[C@H](C)SC[C@@H](O)CO,0.5843,3.0445,-5.42,-6.5
C[C@H]1CCC[C@@H](NC(=O)CS(=O)(=O)c2ccc(O)cc2)[C@@H]1C,0.8879,3.1202,-5.94,-8.11
O=C(c1ccc(F)cc1)[C@H]1CCC[NH+](Cc2c[nH]cn2)C1,0.8314,4.3088,-5.95,-7.71
CC1(C)CC2=NC3=NC(SCc4ccccc4F)=NC(=O)[C@@H]3[C@H](c3cccs3)C2=C([O-])C1,0.6576,4.4267,-6.32,-7.81
CNC(=O)c1cc(C)ccc1NC(=O)[C@H]1C[C@H]1c1ccccc1Cl,0.8886,2.7443,-6.32,-8.76
O=C(Nc1cc(Br)ccc1-n1cccn1)c1ccc(F)cc1F,0.744,2.0982,-6.33,-8.63
O=C(CSc1ncc(-c2ccccc2)n1-c1ccc(OC(F)F)cc1)N1CCCC1,0.5037,2.275,-6.29,-8.75
CCc1ccccc1-n1cc([O-])c(C(=O)N(C)C2CCCCC2)n1,0.8677,2.761,-6.04,-8.2
Cc1ccccc1[C@@H](NC(=O)N(C)C[C@H](C)O)C(C)C,0.8698,3.0282,-4.85,-7.05
C=CCN1/C(=N/C(=O)Cc2ccc(F)cc2)S[C@H]2CS(=O)(=O)C[C@H]21,0.7563,3.4999,-6.01,-7.39
O=[N+]([O-])c1ccc(S(=O)(=O)N2CCCn3nccc32)cc1,0.63,2.5519,-5.92,-7.82
CCCNC(=O)Cn1c(=O)n(Cc2cccc(Cl)c2)c(=O)c2ccccc21,0.7077,2.0074,-6.34,-9.08
Cc1cccc(N(CCC(N)=O)C(=O)C[C@@H](C)C(C)C)c1,0.8389,2.7527,-5.48,-7.53
COc1cc(OC)c(NC(=O)C[NH+]2[C@@H](C)CCC[C@@H]2C)cc1Cl,0.8624,3.9832,-5.66,-7.91
COCCN1C(=O)C[C@](CC(=O)N2CCC[C@@H](C(C)=O)C2)(c2ccccc2F)C1=O,0.6295,3.3215,-6.1,-7.64
Cc1ccc2c(c1C)[C@H](N[C@@H](C)[C@H](O)c1ccc(F)c(F)c1)CCO2,0.8743,3.5134,-6.0,-8.69
COc1ccc(CN2CCN(C(=O)c3cc(Cl)cn3C)CC2)cc1,0.853,2.0212,-5.86,-8.41
O=C(CSc1nnc(-c2ccccc2[N+](=O)[O-])o1)Nc1ccc(Cl)c(Cl)c1,0.3467,2.1951,-6.24,-8.85
O=C(c1cncc(OC2CCCC2)c1)N1Cc2nn3nccnc3c2C1,0.7181,3.0397,-6.22,-8.75
Cc1ccc(NC(=O)COC(=O)c2cnc3c(C)cccn3c2=O)cc1,0.7273,2.073,-6.23,-8.84
CSc1ccc(Cl)c(C(=O)Nc2cc(C(=O)N(C)C)ccc2Cl)c1,0.781,2.0136,-5.93,-8.4
CC[NH+]1CCN(c2ccccc2C[NH2+]C[C@H]2CCS(=O)(=O)C2)CC1,0.6833,4.7351,-5.85,-7.85
C[C@H](c1ccccc1)N1C[C@@H](C(=O)Nc2cccc(Cl)c2)CC1=O,0.916,2.6405,-6.33,-9.14
Cc1cc(C)n(C[C@H](C)CNC(=O)N[C@H]2CCCn3c(C)nnc32)n1,0.8656,3.4983,-5.93,-8.5
CC1=NC(C)=C(C(=O)N2CCCC2)[C@@H]1S(=O)(=O)[N-]c1cccc(Cl)c1,0.8021,3.8283,-6.09,-7.89
c1cncc(Cc2nnc3n2CCN(c2nccc(C4CCCC4)n2)CC3)c1,0.6982,2.6901,-6.39,-8.45
N#Cc1ccc(N2CC[NH+](CC3CC3)CC2)cc1N,0.7635,3.8645,-5.58,-7.27
Cc1cc(-c2cccc3c2O[C@H](C[NH3+])C3)nc(N(C)C)n1,0.9157,3.5678,-5.93,-8.18
Cc1nn(-c2ccccc2)c2nc(C3CC3)cc(C(=O)Nc3ccc4c(c3)OCCO4)c12,0.5148,2.3626,-6.87,-9.75
CC[C@@H]1CN(CC(=O)Nc2nc(C)cs2)c2ccccc2S1,0.9247,2.9702,-5.88,-8.24
C=CCS(=O)(=O)/N=C(\[O-])c1cnc(OCC)c(Cl)c1,0.4393,3.4939,-5.38,-6.5
COc1ccc([C@H](NC(=O)NCc2cc(F)cc(OC)c2)c2nccn2C)cc1,0.641,2.6883,-6.22,-8.48
Cc1cc(C)c(NC(=O)CNC(=O)c2cc3c(C)nn(-c4ccc(F)cc4)c3s2)c(C)c1,0.4574,2.3653,-6.58,-9.07
CO[C@@H]1C(=O)C(C(C)=O)=C(O)[C@]2(O)C(=O)c3c(cc4cccc(O)c4c3O)C[C@@H]12,0.5554,4.0917,-6.24,-8.91
Cc1noc(C)c1[C@@H](C)NC(=O)c1[nH]c(C)c(C(=O)OC(C)C)c1C,0.809,3.075,-5.92,-8.61
O=C(Cc1cc([O-])nc(SCc2ccc(F)cc2)n1)N1CCN(c2cccc[nH+]2)CC1,0.4292,3.4864,-6.4,-9.31
Cc1[nH]c2ccc(C(=O)O[C@H](C)C#N)cc2c1C,0.8233,2.7788,-5.5,-7.08
O=C(CCc1nnc(-c2ccccc2)o1)Nc1ccncc1,0.7821,1.9421,-5.96,-8.63
Cc1ccc(NC(=O)C(=O)NCc2ccc(F)c(C)c2)c(Cl)n1,0.669,2.1671,-5.89,-8.88
C[C@H]1CCC[C@H](C)N(C(=O)c2ccc(S(N)(=O)=O)c(F)c2)C1,0.9028,2.957,-5.93,-8.0
COc1cccc(N2CCN(C(=O)c3csc(NC(=O)Nc4ccc(C)cc4)n3)CC2)c1,0.6108,2.1357,-6.39,-9.07
O=C(Cc1ccccc1)[C@@H]1CCCN(C(=O)Nc2ccc(F)cc2F)C1,0.8974,2.4681,-6.21,-9.22
CC(=O)c1ccc(S(=O)(=O)N[C@@H](C)COc2ccc(F)cc2F)cc1,0.762,2.4554,-6.0,-8.86
Cc1c(C(=O)N(C)CC(=O)Nc2c(Cl)cccc2Cl)sc2nc3n(c(=O)c12)CCCCC3,0.5799,2.5987,-6.48,-9.04
COCC[NH+]1C[C@H]2CC[C@@H]1CN(Cc1[nH]c3ccc(Cl)cc3c1C)C2,0.8548,5.2377,-5.87,-8.45
N#CCn1cnc(Cl)c1Cl,0.6529,2.9898,-4.86,-5.7
C[C@H](Cn1cccn1)[NH2+]CC(=O)N1C[C@H](C(N)=O)Oc2ccccc21,0.709,4.0203,-5.96,-8.29
NC(=S)[C@@H]1CN(c2ncccc2F)CCO1,0.7729,3.1857,-5.43,-6.75
CC(C)CC(=O)NCCc1cccc(Cl)c1,0.8409,1.6914,-5.19,-6.69
CCc1nncn1CCNC(=O)N[C@H]1C[C@@](C)(OC)C1(C)C,0.8308,3.9412,-5.53,-7.45
Cc1cccc(Oc2ccc(NC(=O)COc3ccc(C(N)=O)cc3)cc2)c1,0.6542,1.7714,-5.72,-9.75
Cc1ccc(S(=O)(=O)[N-]c2c(-n3cnnc3)nn(C)c2C)cc1,0.7283,3.4508,-5.95,-8.73
N#CCC(=O)NC1CCCCCCCCCCC1,0.8122,2.439,-5.49,-6.95
COC(=O)c1cc(NC(=O)CSc2nnc(-c3ccc4ccccc4c3)o2)ccc1Cl,0.3218,2.1727,-6.57,-9.78
CC(C)Oc1ccc([C@@]2(C(C)C)CCC[NH2+]2)cc1,0.8708,3.8884,-5.38,-7.44
CCc1ccc(N2C(=O)N(CC(=O)NC3CCCC3)[C@H]3CS(=O)(=O)C[C@@H]32)cc1,0.7559,3.2836,-6.16,-8.15
Cc1csc(CCCCNC(=O)[C@H]2COc3ccc(F)cc3C2)n1,0.8153,2.8123,-6.06,-8.64
COCCNC(=O)C(=O)NC[C@@H]1COC2(CCCCC2)O1,0.5487,3.4325,-5.51,-7.7
O=C(Nc1cccc(F)c1)N1CCC[NH+](CCO)CC1,0.7274,3.8221,-5.8,-7.87
CC(C)(CNC(=O)N[C@@H](CO)Cc1ccccc1)c1ccncc1,0.7301,2.6899,-5.83,-8.45
CCC(CC)N(C)C(=O)N[C@@H]1CCC[C@H](C)C1,0.8023,3.1439,-5.27,-6.69
CCOC(=O)N/N=C1\CCCc2oc(C(=O)NCc3ccccc3Cl)c(C)c21,0.7388,2.5756,-6.26,-9.0
CCCN1C(=O)CCc2cc(NC(=O)CCC(=O)NC3CCCC3)ccc21,0.7727,2.1953,-5.91,-8.65
Cc1cccc(C)c1NC(=O)C[C@H]1CCCCN1S(=O)(=O)c1ccccc1,0.8481,2.4676,-6.41,-8.79
Cc1cccc(C(=O)NCc2cnn(-c3ccccc3)c2)c1O,0.7786,1.9758,-6.27,-8.65
CCNC(=O)C[NH2+][C@H]1CCN([C@@H](C)c2ccccc2)C1,0.7958,3.831,-5.6,-7.57
COC(=O)c1ccc(NC(=O)[C@H]2C[C@H]2c2ccco2)c(O)c1,0.6688,2.97,-5.76,-8.35
COc1ccc(CNC(=O)c2c(C)cc(C)c([N+](=O)[O-])c2C)cc1,0.673,2.1357,-5.81,-8.09
O=C(C[NH+]1CCC(Cn2cc[nH+]c2)CC1)NCc1ccccc1Cl,0.7875,4.2968,-6.05,-8.52
CC(C)NC(=O)Cc1ccc(NCCn2c(=O)oc3ccccc32)cc1,0.6847,2.1361,-6.22,-8.7
COC[C@@](C)(O)CNC(=O)C1(c2ccc(F)cc2)CC1,0.8278,2.8789,-5.58,-7.67
CCOc1ccc(NC(=O)c2oc3c(c2C)/C(=N/NC(=O)c2ccncc2)CCC3)cc1,0.5705,2.5013,-6.54,-9.49
Cc1ccc(C)c(S(=O)(=O)N(C)c2ccccn2)c1,0.8652,2.0812,-5.79,-7.96
COC[C@](C)(CCO)[NH2+]Cc1ccon1,0.6445,4.6032,-4.99,-5.96
Cc1ccccc1C(c1ccccc1C)C(CC(=O)[O-])CC(=O)[O-],0.7694,3.0943,-5.78,-8.26
O=C(c1cccc(CS(=O)(=O)c2ccccc2)c1)N1CCC[C@@H]1c1ccc[nH]1,0.7119,2.765,-6.58,-9.3
Cc1cc(O[C@@H](C)C(=O)c2ccccc2)c2c(C)cc(=O)oc2c1,0.5367,2.5955,-6.36,-8.61
COc1ccccc1C1(CNC(=O)c2cccc(-n3cnnn3)c2)CCOCC1,0.6901,2.4844,-6.34,-8.01
CC[NH+](C)C[C@@H]1CCN(Cc2sccc2OC)C1,0.8332,4.323,-5.32,-6.47
O=C(CCS(=O)(=O)c1ccc(Cl)cc1)N1CCCN(c2cccc[nH+]2)CC1,0.7587,3.0084,-6.35,-8.41
CCOc1ccccc1Nc1nc(Br)cs1,0.9246,2.1723,-5.45,-7.6
CN(C(=O)c1ccc(-c2ccccc2)cc1)c1c(N)n(Cc2ccccc2)c(=O)[nH]c1=O,0.512,2.127,-6.76,-9.34
CC(C)c1ccc([C@@H](C)[NH2+]C[C@]2(O)CCOC2)cc1,0.8481,4.038,-5.46,-7.47
Cc1csc(N(C(=O)CN2C(=O)N[C@](C)(c3ccccc3)C2=O)c2ccccc2)n1,0.6398,2.8528,-6.35,-8.55
C[C@@H](C(=O)N(C)CC(=O)Nc1cccc(C(=O)N(C)C)c1)n1cccn1,0.8426,2.745,-5.93,-8.66
CCN(CC)c1ccc([C@@H]2Nc3c(C(=O)N4CCC(C)CC4)cccc3[C@H]3C=CC[C@@H]32)cc1,0.5564,3.5393,-6.19,-8.33
C[C@H]1C[NH+]2CCCC[C@@H]2CN1S(=O)(=O)c1csc(C[NH3+])c1,0.7705,5.4201,-5.85,-7.3
CC[NH2+][C@@H](c1cc(C)cc(C)c1)[C@H]1CSCCO1,0.9025,4.4175,-5.43,-6.94
CC(C)NC(=O)CN(C)C(=O)OCCO,0.6561,2.2467,-4.82,-5.76
CCN(CCC#N)Cc1ccccc1C#N,0.7537,2.2483,-5.03,-6.23
CCC(CC)N(CCOC)C(=O)Nc1ccc(F)c(F)c1F,0.7776,2.4395,-5.33,-7.41
CC(C)CS(=O)(=O)CCC(=O)Nc1ccccn1,0.8492,2.196,-5.33,-6.94
CCCC[C@@H](C(=O)OC)C(=O)[C@@H]1CCc2ccccc2C1,0.5954,3.0493,-5.73,-8.36
N#C/C(=C\c1c[nH]c2ccccc12)C(=O)Nc1cc(Cl)ccc1Cl,0.511,2.2146,-6.41,-9.28
CCc1cccc(C)c1NC(=O)N[C@@H](C)C[NH+]1CCCCC1,0.7666,3.8598,-5.85,-8.05
O=C1N/C(=N\N=C\c2ccccc2O)S[C@H]1Cc1cccc(Cl)c1Cl,0.611,3.4635,-6.42,-8.4
Cc1cc(C(=O)NNC(=O)c2ccccc2I)n[nH]1,0.5518,2.2632,-6.16,-8.12
Cc1ccc(CCC(=O)NCC(=O)N2CCCC2)o1,0.8705,2.0611,-5.5,-7.48
N#Cc1cccnc1N1CC[C@H](Oc2ccc(C(F)(F)F)cn2)C1,0.8633,2.9647,-5.98,-8.31
COCCN1CCN(C(=O)NC[C@@H](C(C)C)[NH+]2CCCCCC2)CC1=O,0.6624,4.0701,-5.8,-8.01
C[NH+](C)[C@@H]1CC[C@H](NC(=O)C[C@H]2OCCc3ccsc32)C1,0.869,4.6613,-5.36,-7.68
Br[C@H]1CC[NH2+]C1,0.4582,6.4674,-4.69,-5.26
CCNC(=O)N1CCN(CC(=O)N(CC)C2CCCCC2)CC1,0.834,2.1948,-5.72,-7.83
O=C(Cn1cnc2c(nnn2-c2cccc(Cl)c2)c1=O)N1CCCCCC1,0.6871,2.3497,-6.45,-8.71
Cc1ccc(S(=O)(=O)NCc2ccc(Cn3ccnc3)cc2)cc1,0.7497,1.9601,-6.06,-8.2
Cc1ccc(C(=O)C2=C(O)C(=O)N(CCCC(=O)[O-])[C@H]2c2ccc3c(c2)OCO3)cc1,0.6769,3.1132,-6.36,-9.12
CSc1ccc(C[NH2+]Cc2ccc(OC(C)C)cc2)cc1,0.7927,2.8991,-5.59,-8.04
COc1ccccc1-n1nnnc1SCC(=O)NC1CCCCC1,0.807,2.0949,-5.94,-8.2
O=C(Nc1ccc(Cl)cc1)N[C@@H]1c2ccccc2C[C@@H]1O,0.798,2.6463,-6.18,-8.44
Cc1cn2c([nH+]1)CC[C@H](NC(=O)[C@H](C)c1cccs1)C2,0.922,4.4224,-5.9,-7.51
Cc1cccc(O[C@H](C)CNC(=O)N[C@H](C)c2ccc(NC(N)=O)cc2)c1,0.6006,2.8174,-5.39,-9.04
COc1cc(C)c(C[NH+]2CCC([C@@H](NC(=O)C(C)(C)C)c3nccs3)CC2)cc1C,0.7379,4.144,-6.24,-7.66
CC[C@H]([NH3+])[C@H](SC[C@H](O)CO)C(F)(F)F,0.6207,4.8487,-5.17,-5.8
Cc1nc2ccccc2n1CCCOC(=O)[C@@H]1COc2ccccc21,0.5288,2.7356,-6.29,-8.71
Cc1ccccc1N1CCN([C@@H]2CCCN(C(=O)COc3ccccc3)C2)CC1,0.7817,2.4622,-6.24,-8.29
COc1c(C)c(C)c(OC)c(S(=O)(=O)N2CCc3ccccc32)c1C,0.8377,2.4699,-6.24,-8.21
CCCc1cc(=O)[nH]c(-n2nc(C)cc2NC(=O)C(=O)N2CCC(C)CC2)n1,0.7717,2.8644,-6.37,-8.92
N#Cc1ccc(CS(=O)(=O)c2ccc(O)cc2)cc1,0.9298,1.9076,-5.73,-7.59
COC(=O)c1c(S(=O)(=O)Nc2ccc(C)c(F)c2)sc2c1CCN(C(=O)c1csnn1)C2,0.5397,2.8338,-6.48,-8.83
CCCCS(=O)(=O)NCC(=O)N1CCC[C@H](O)C1,0.6975,2.785,-5.42,-6.94
CC(=O)Nc1ccc(NC(=O)C[NH2+]C(C)(C)c2nc(C)cs2)cc1,0.745,2.9955,-5.85,-8.38
COc1ccc(OC)c([C@H]2CC(=O)C3=C(C2)Nc2ccccc2N[C@H]3c2ccco2)c1,0.6032,3.285,-6.48,-8.86
COc1cccc([C@H](O)CSc2ccccc2OC)c1,0.8261,2.3772,-5.51,-8.06
CCOC[C@H]1CCN(C(=O)CCc2ncc(-c3ccccc3)o2)C1,0.7833,2.6771,-5.8,-8.07
CC(C)C(=O)N(C)CCC1CCN(c2cc[nH+]cc2)CC1,0.8337,3.3868,-5.7,-7.9
O=C(N[C@@H]1CCCCC[C@H]1C(=O)[O-])[C@@H]1CCOC1,0.7097,3.665,-5.46,-6.77
CC(C)(C)Oc1ccc(C(=O)N2CCN(C(=O)C3CCCC3)CC2)cc1,0.8326,1.9934,-5.93,-9.21
CC(C)n1cnnc1[S@](=O)Cc1ccc(Br)s1,0.8636,3.7026,-5.4,-7.65
CC(C)(C)c1ccc(C(=O)NCC(=O)N2CCC[C@@H](O)C2)cc1,0.891,2.4395,-5.87,-8.23
Cc1cc(C)c(/N=C/c2ccc(O)cc2)c(C)c1,0.7872,2.1563,-5.84,-7.72
Cc1ccc(CNC(=O)[C@H]2CCCN(c3nc4ncccc4n4cccc34)C2)cc1,0.5681,2.8422,-6.7,-8.44
Cc1cc(OCc2ccc(Cl)nc2)cc(C)c1Cl,0.7683,2.0564,-5.78,-7.85
O=C1CN(C(=O)C[NH+]2CCC[C@@H](O)C2)c2ccccc2N1,0.6547,4.3093,-5.87,-7.77
O=C(NC[C@@]1(O)CCSC1)c1c(F)cc(OC(F)F)cc1F,0.8075,3.4242,-5.8,-7.5
Cc1cc2oc(=O)cc(CN(C)CC(=O)OC(C)(C)C)c2cc1Cl,0.6226,2.4,-6.05,-8.15
CC[C@H](Oc1ccc2c(c1)CCC2)C(=O)N1CCCCCC1,0.8477,2.5455,-6.01,-8.16
CC(C)([NH3+])c1cccc(C(F)(F)F)c1,0.7258,2.7267,-5.2,-6.55
O=C([O-])CN1C[C@@]2([N+](=O)[O-])C[C@]([N+](=O)[O-])(CC=C2Cl)C1,0.4806,5.5507,-5.57,-7.21
NNC(=O)c1nc(-c2cn(-c3ccc(F)cc3)nn2)no1,0.3965,2.5653,-6.04,-8.86
CCCNC(=O)CCNS(=O)(=O)c1c(Cl)cccc1Cl,0.7996,2.0231,-5.59,-7.61
CC(=O)c1cccc(Oc2ncnc3sccc23)c1,0.681,2.1772,-5.59,-7.74
C[NH+]1[C@H]2CCC[C@@H]1CC(NC(=O)C(=O)Nc1cccc3cnccc13)C2,0.7021,5.0685,-6.26,-8.78
CC[C@@H](C)C(=O)Nc1cccnc1Oc1ccc(OC)cc1,0.8795,2.3321,-5.66,-8.03
COCCOCC(=O)NCc1ccccc1Cl,0.7554,1.7959,-5.22,-6.66
Cc1cc(OC(=O)[C@@H](C)Sc2nncn2C)cc(C(C)C)c1,0.4805,2.922,-5.61,-7.88
CN(C(=O)c1sccc1N)C1CCC(C)(C)CC1,0.8917,2.68,-5.48,-7.2
Cc1csc(CN(C[C@@H]2CCCO2)C(=O)c2ccc(Br)cc2F)n1,0.7391,2.8693,-6.17,-7.49
C[C@H](C[C@@H]1CCCC[NH2+]1)[NH2+]CCOC1CCCC1,0.6364,5.2099,-5.24,-7.23
C[C@H](Cn1cc[nH+]c1)NC(=O)C[C@@H]1Sc2ccccc2NC1=O,0.8671,4.1295,-5.86,-7.47
COC(=O)CCC[NH2+][C@@H](C)c1cc(F)cc(F)c1,0.6211,3.676,-5.25,-6.69
CC(C)n1nnnc1COc1cccc(C(=O)Nc2ccccc2Br)c1,0.6604,2.1826,-6.17,-8.94
Cc1cc(C)c(C(=O)N[C@@H](C)CCc2ccc(OC(C)C)cc2)c(=O)[nH]1,0.7971,2.6819,-6.11,-8.65
Cc1nnc(S[C@@H](C)C(=O)Nc2nc(C)c(C)s2)s1,0.8786,2.8515,-5.63,-7.86
CCOC(=O)c1cc(C(=O)NN2Cc3ccccc3C2)cc([N+](=O)[O-])c1,0.502,2.3701,-6.05,-8.8
C[C@H](NC(=O)CN(C)CC(C)(C)C[NH3+])c1cccs1,0.7882,3.5004,-5.41,-6.78
CC(C)[C@H](NC(=O)c1ccc(F)cc1)C(=O)N1CCC[C@@H](c2[nH]cc[nH+]2)C1,0.842,3.767,-6.39,-8.63
C[NH+]1CCC(NCc2ccnc(O[C@H]3CCOC3)c2)CC1,0.803,4.0722,-5.47,-7.54
Cc1cc2n(n1)C[C@H](C[NH2+]C[C@H](c1ccsc1)N(C)C)CN2,0.8397,4.8071,-5.67,-7.71
C[C@H](Sc1nc2ccccc2s1)C(=O)c1ccccc1,0.5182,2.3104,-5.93,-8.8
COc1ccc(C(=O)C2CCN(C(=O)NC3CC[NH+](C)CC3)CC2)cc1,0.787,3.0456,-5.8,-8.19
CCOc1ccccc1CCNC(=O)N1CCCC[C@H]1C,0.9044,2.3799,-5.88,-7.9
CCc1nc(C(=O)Nc2cc(C(=O)OC)ccc2F)n[nH]1,0.8332,2.3279,-5.78,-8.17
Cc1ccc(-n2c(C)c(C[NH2+]Cc3ccc(F)cc3)c(C(=O)[O-])c2C)cc1,0.7268,3.278,-6.25,-8.96
CCCOc1nc2ccccc2cc1/C=C/C(=O)N(C)Cc1ncnn1C,0.6021,2.69,-6.08,-8.91
COc1cc(CCNC(=O)NCc2cccc(C)n2)ccc1F,0.8606,2.0372,-5.71,-8.62
COc1ccc(C(=O)C(=O)O[C@@H](c2ccccc2)c2ccccn2)cc1,0.3871,2.5292,-6.12,-8.25
C[C@@]1(c2ccccc2)CCCN(C(=O)C2=CCCCO2)C1,0.8344,3.0951,-5.82,-7.43
Cc1cnc(CNC(=O)N[C@H](C)c2ccc(C)c(F)c2)s1,0.9086,2.7564,-5.42,-8.12
O=C(Nc1ccc2c(c1)OCO2)C1CC[NH+](Cc2cccc(Cl)c2)CC1,0.8654,3.1437,-6.22,-9.27
Cc1ccc(F)c(NC(=O)CN2C(=O)N[C@@]3(C[C@@H](C)CC(C)(C)C3)C2=O)c1,0.7965,3.5411,-5.52,-8.6
CC[C@H]1CN(CC(=O)NC2CC2)c2ccccc2O1,0.8993,2.618,-5.61,-7.8
Cc1ccc(CCCC(=O)NCc2nc(-c3ccncc3)no2)s1,0.7132,2.3514,-5.82,-8.34
COC[C@@H](O)CN(C)C(=O)[C@@H]1CCC(=O)N1Cc1ccc(C)cc1,0.806,3.1077,-5.84,-7.91
CCCNC(=O)c1ccc(NC(=O)[C@H](C)Oc2cccc(C)c2)cc1Cl,0.763,2.3151,-5.46,-8.91
CC[NH2+][C@@H]1CCN(C(=O)OC(C)(C)C)[C@H](C)C1,0.7957,4.2491,-5.31,-7.08
Cn1cnnc1[C@H]1CCCN(c2ccc3cc(C#N)ccc3n2)C1,0.7262,2.9915,-6.13,-8.63
CCCCc1nnc(SCC(=O)Nc2cc(Cl)ccc2O)n1N,0.3999,2.2546,-5.57,-8.34
O=C(c1ccc(F)cc1)c1ccc(OCn2nnc3ccccc3c2=O)cc1,0.501,2.0293,-6.65,-9.83
CCCN[C@@H](C#N)CSC1COC1,0.6948,3.6553,-4.85,-5.92
CCN1C[C@H](C(=O)N(C)Cc2ccccc2N2CCOCC2)CC1=O,0.8084,2.7399,-5.91,-8.1
C[C@H](CCC1=c2ccccc2=[NH+]C1)[NH+]1CCC(CO)(Cc2ccccc2)CC1,0.6039,4.6819,-6.11,-8.59
COc1ccc(-c2n[nH]cc2CN2CCC[C@@H](c3nncn3C)C2)cc1,0.7641,3.1936,-6.28,-8.73
O=C(C[C@H]1CSc2nc3c(cnn3-c3ccc(F)cc3)c(=O)n21)N1CCc2ccccc21,0.4506,3.1077,-6.63,-9.02
C/C=C/C=C/C(=O)Nc1cccc(C(=O)N2CCCCC2)c1,0.684,2.1493,-5.81,-8.99
CC[C@H](O)Cn1nc(-c2ccc(C)o2)nc1Cc1cccc(OC)c1,0.7142,2.9385,-5.85,-8.6
Cn1ccnc1S[C@H]1C[C@@H]2[C@@H]3CC=C4C[C@@H](O)CC[C@]4(C)[C@H]3CC[C@@]2(C)C1=O,0.7485,4.4924,-6.1,-7.73
C[NH+](C)[C@@H]1CCCN(C(=O)c2cc3c([nH]c2=O)CCC3)CC1,0.8081,3.8076,-6.17,-8.09
CCn1ncc(CN(C)C(=O)Cn2cc(C)c(N)n2)c1C,0.8888,2.7036,-5.57,-7.69
Cc1c(OC(=O)[C@H]2Cc3ccccc3S2)cccc1[N+](=O)[O-],0.375,2.8788,-6.07,-7.66
Cn1ncc2c(=O)n(CCC(=O)N(C[C@@H]3CCOC3)C3CC3)cnc21,0.7634,3.1353,-5.9,-7.93
O=P1(NC2CCCC2)COc2ccccc2OC1,0.8359,3.2802,-5.75,-7.61
C[NH2+][C@@H](Cc1cccc(F)c1)c1cncc(Br)c1,0.9235,3.5166,-5.76,-8.08
CC1CCN(C(=O)C(=O)Nc2ccc(CCC(=O)N3CCCC3)cc2)CC1,0.8267,2.0883,-6.01,-8.78
CC1(C)C[NH+]=C(N2CCN(C(=O)[C@@H]3COc4ccccc43)CC2)S1,0.793,3.8633,-5.9,-7.92
Cc1ccc([C@H](Cl)Cc2ccccn2)o1,0.7418,2.8033,-5.34,-6.91
CNS(=O)(=O)c1ccc(NC(=O)c2ccc3ccccc3c2)cc1,0.7665,1.7066,-6.36,-9.72
CCCS(=O)(=O)[C@H](C)C(=O)N(C)C1c2ccccc2-c2ccccc21,0.8237,3.013,-6.12,-8.32
CCN1C[C@@H](CN(C)c2nc3nonc3nc2N(C)C)CC1=O,0.7811,3.685,-5.87,-8.29
CC(C)CCN1CC(=O)N2C[C@@H](c3ccccc3Cl)C3=c4ccccc4=[NH+][C@H]3[C@@]2(C)C1=O,0.7504,4.4899,-6.43,-8.71
CN(C[C@H]1CCCN1C(=O)[C@@H]1Cc2ccccc2O1)C(=O)OC(C)(C)C,0.8316,3.186,-6.12,-7.6
C[C@@H](c1cccc(Cl)c1)N(C)C(=O)Cc1cccc(O)c1,0.9328,2.4176,-5.9,-8.42
O=C(C[NH+]1CCC[C@@H]1c1nc2ccccc2s1)Nc1cccc(Cl)c1,0.7377,3.887,-6.3,-9.64
C[C@@H]([NH2+]CCc1nc(-c2ccccn2)cs1)C1CCCC1,0.8913,3.6516,-5.67,-7.65
c1cnc(N2CCC[C@@H](C[NH2+]Cc3cnc4cnccn34)C2)nc1,0.7395,3.88,-6.15,-7.73
O=C=Nc1ccc2c(c1)O[C@@H](F)C(F)(F)O2,0.55,3.9492,-5.31,-6.79
CC1(C)CCC[C@@]1(O)[C@]1(C[NH3+])COc2ccccc2C1,0.865,4.2679,-5.76,-7.89
CCC[C@H](C)[C@@H](O)Cc1nccs1,0.79,3.3412,-4.79,-5.43
CN(C)C(=O)COc1ccc(NC(=O)Cc2c(F)cccc2F)cc1,0.873,1.9538,-5.93,-8.54
Cc1cc(N)c(C)c(S(=O)(=O)N[C@H](C)Cn2ccnc2)c1,0.818,2.9755,-5.71,-8.12
CSc1ccccc1NC(=O)NC[C@H]1CN2CCCC[C@@H]2CO1,0.831,3.1109,-5.92,-8.21
Cc1nnc(Sc2ccc(NC(=O)N[C@H]3CC[C@@H]([NH+](C)C)C3)c(C)c2)s1,0.7311,4.0205,-6.15,-8.14
C[C@@H](NC(=O)OC(C)(C)C)C(=O)N[C@H](C)c1cccc(C#N)c1,0.8928,2.7936,-5.59,-8.01
Cc1ccc(C#N)cc1-n1c(=S)[nH]c2cnccc21,0.6877,2.555,-5.82,-7.8
Cc1ccc2ncc(C(=O)Nc3c(F)cccc3N3CCCC3)n2c1,0.7932,2.3687,-6.35,-8.99
C[C@H](O)[C@@H](C)SCC(=O)Nc1nc2ccccc2s1,0.8903,3.0286,-5.56,-7.67
Cc1ccc(N(C)C2CCN(C(=O)c3ccncc3)CC2)n[nH+]1,0.8578,3.1732,-5.85,-7.94
CC(=O)Nc1ccc(CCNC(=O)Nc2cncc(C)c2)cc1,0.7935,1.9443,-5.9,-8.76
c1cncc(-c2noc(CN3CCO[C@@H](Cn4cncn4)C3)n2)c1,0.673,3.0189,-6.03,-8.21
O=C1N[C@H](c2ccc(-c3ccccc3F)s2)N2CCOC[C@H]12,0.9243,3.5004,-6.04,-7.61
O=C(OCCCn1c(=O)[nH]c2ccccc21)c1ccc(F)cc1Br,0.5334,2.1655,-6.28,-8.71
COC(=O)[C@@H]1CN(C(=O)c2c(F)cc(Br)cc2F)C[C@@H]1C,0.7603,3.2134,-5.53,-7.57
C[C@@H](CCc1ccccc1)NC(=O)C1CCN(C(=O)c2ccc(Cl)cc2)CC1,0.7868,2.2782,-6.31,-9.13
CCOc1ccc([C@]2(CC)Nc3ccccc3C(=O)N2[C@H](C)CC)cc1,0.794,3.2981,-6.25,-8.27
O=c1cc(C[NH+](CCc2ccccc2)[C@@H]2CCOC2)occ1[O-],0.8228,4.6467,-5.99,-8.19
Cc1ccc([N+](=O)[O-])c(C(=O)NN2Cc3ccccc3C2)c1,0.6976,2.3041,-6.08,-8.68
CCOc1cc(C)ccc1NC(=O)CCc1nc(-c2ccsc2)no1,0.6894,2.22,-5.71,-9.01
CNC(=O)n1cc(Br)c(/C(N)=[NH+]/N(C)C(=O)[O-])n1,0.3003,4.4203,-5.25,-7.58
N#CC1=C(N)Oc2c(c(=O)sc3ccccc23)[C@H]1c1ccncc1,0.7395,3.1211,-6.06,-7.8
COC(=O)CN(Cc1ccccc1C)S(=O)(=O)c1ccc2c(c1)n(C)c(=O)n2C,0.5678,2.3685,-6.27,-8.47
COCCn1cc(NC(=O)C(=O)N(C)Cc2ccc(Cl)s2)cn1,0.8012,2.592,-5.69,-8.11
COc1ccc(CCNC(=O)Cc2csc(-c3cccc(F)c3)n2)cc1,0.6871,1.9634,-6.1,-9.45
CCCN(c1cccc(Cl)c1/C=C/C(=O)[O-])C1CC1,0.7511,2.9776,-5.39,-6.99
CCCn1cc(-c2ccncc2)cc1C(=O)NCc1ccc(C)o1,0.7505,2.3859,-6.01,-9.12
CC(=O)N[C@@H]1CCN(c2nc(C)nc3c2c(C)nn3C)C1,0.8799,2.9272,-5.83,-7.81
CC[C@H](C)[C@H](NC(=O)c1cc(Br)cn1C)C(N)=O,0.8617,3.077,-5.31,-6.85
COC[C@@H](O)CNC(=O)N[C@H](C)c1ncc(C)s1,0.7163,3.292,-5.17,-6.3
Cc1ccc(C)c(NC(=O)CNC(=O)c2c[nH]c3ccccc23)c1,0.6904,1.8632,-6.41,-9.54
Cc1ccc(NC(=O)CSc2nnc(-c3ccncc3)n2C)c(C)c1,0.7131,2.0565,-5.68,-8.56
Cc1c(Cl)cccc1NC(=O)c1ncccc1OCC(F)(F)F,0.9023,2.1599,-5.99,-8.4
CNC(=O)c1cccc2[nH]cc(CN3CCSCC3)c12,0.9093,2.4523,-5.86,-8.0
CCOC(=O)Cc1cccc2ccc(OC)cc12,0.7756,1.7176,-5.56,-8.03
C[NH2+][C@@H](C(OC)OC)[C@H]1CCO[C@]2(CCOC2)C1,0.6929,5.4067,-5.4,-6.86
CCC[NH+](CCC)CC(=O)Nc1ccc(C)c(C)c1,0.7743,3.3236,-5.36,-7.17
Cc1ccccc1OCCn1c(=S)[nH]c2ccccc21,0.7314,1.9746,-5.94,-7.75
CCNC(=O)[C@]1(C)Sc2ccccc2N(C)C1=O,0.8263,2.8695,-5.43,-6.76
CC(C)N(C)C(=O)C1CC[NH+](CC(=O)N2CC(=O)Nc3ccccc32)CC1,0.7882,3.5892,-6.08,-8.49
Cc1cc(C)cc(N/C=C2/SC(=S)N(C(C)C)C2=O)c1,0.6794,2.5327,-5.39,-7.21
CNc1cc(C[C@@H](NC(=O)c2ncc[nH]2)c2cccc(C)c2)nc(C2CC2)n1,0.5887,3.264,-5.59,-8.8
CC(C)C[C@@H]1COCCN1C(=O)/C=C/c1cc2cnn(C(C)C)c2[nH]c1=O,0.8183,3.6029,-6.17,-8.82
CCN1CCC[NH+]([C@@H](C)C(=O)Nc2ccc(C(N)=O)cc2)CC1,0.6985,3.8812,-5.95,-8.25
CC[C@H](C)[C@@H](C)NC(=O)c1cc(N2CCCC2=O)ccc1Cl,0.8995,2.8662,-5.95,-8.09
CCn1cc[nH+]c1C[C@H](O)CSCC(C)C,0.7901,4.5234,-5.05,-6.51
C/[NH+]=C(/NCc1cccc([N+]2=CCCC2)c1)N1CCC[C@H](C)C1,0.4971,4.2423,-5.79,-8.5
CCc1ncc(C[NH+](C)Cc2cc(Cl)cn2C)s1,0.8903,4.4452,-5.4,-7.0
c1ccc(CC[C@@H]2C[NH+](Cc3ccc4nonc4c3)CCO2)cc1,0.7751,4.0945,-6.27,-8.82
Cc1ccc(S(=O)(=O)Nc2ccc(NC(=O)c3cccc([N+](=O)[O-])c3)cc2)cc1,0.4701,1.8388,-6.38,-9.26
C[C@H](C(=O)Nc1ccccc1)[S@@](=O)Cc1nnnn1C1CC1,0.8661,3.2852,-5.84,-8.25
C[C@@H](c1cccc(O)c1)N(C)C(=O)N[C@H](C)Cc1ccccc1F,0.8744,2.896,-5.98,-9.02
Cc1ccc(C(=O)NC2CC[NH+](CCC(=O)NC(N)=O)CC2)o1,0.5526,3.621,-5.86,-8.04
CCOC(=O)C1CC[NH+](Cc2cccc(OCC)c2O)CC1,0.7741,3.4189,-5.66,-7.3
CN1C(=O)[C@](O)(C/C([O-])=C2/CCc3ccccc3C2=O)c2cc(Cl)ccc21,0.6382,3.4167,-6.43,-8.54
C=C(C)COc1cccc([C@]2(C)Nc3ccccc3C(=O)N2CCC)c1,0.7616,2.9868,-6.17,-8.95
CCOc1c(C)cc(S(=O)(=O)Nc2ccc3c(c2)N(C)C(=O)C(C)(C)CO3)cc1C,0.7749,2.5534,-6.29,-8.66
C[C@H](Sc1cccc[n+]1[O-])C(=O)Nc1ccc(Cl)cn1,0.535,2.9493,-5.77,-8.14
C[C@H](NC(=S)Nc1ccc(S(N)(=O)=O)cc1)c1ccncc1,0.7365,2.4913,-5.85,-7.53
CCc1nn(C)c(OC)c1CNc1cc(C#N)nc2ccccc12,0.7815,2.7406,-5.98,-8.93
CCOc1ccc(NC(=O)[C@@H]2C=C[C@@H]([NH3+])C2)c(C)c1,0.807,3.649,-5.56,-7.41
CN(C)S(=O)(=O)c1ccc(SC[C@@H]2CCCO2)nc1,0.7733,2.8407,-5.61,-7.27
O=C(Cc1cc(F)ccc1F)N[C@H]1CCC[C@@H](C2CC2)C1,0.9028,2.8676,-5.87,-8.24
C[C@H]1C[C@@H](CC(=O)NCc2nnc3n2CCCCC3)CC(C)(C)C1,0.9182,3.3786,-6.03,-8.3
CC(C)[NH+](CCS[C@H]1CCCC[C@H]1O)C(C)C,0.7601,4.595,-5.43,-6.54
COc1cc(OC)cc(C(=O)Nc2ccc3oc(-c4ccc(F)cc4)nc3c2)c1,0.5227,2.0275,-6.59,-9.73
CC[C@@H](C)c1ccccc1O[C@H](C)C(=O)Nc1cccc([N+](=O)[O-])c1C,0.5693,2.7782,-6.01,-8.77
CN1CCO[C@@H](CNc2nccn(C(C)(C)C)c2=O)C1,0.8848,3.2126,-5.65,-6.99
O=[S@](C[C@H]1CCC[NH2+]C1)c1cnccn1,0.7598,5.0883,-5.33,-6.38
COc1cc(OC)c2c(c1)OC(=O)[C@@H](CC(=O)N1CC[C@H]3N=CN=C3C1)[C@H]2C,0.5825,4.3594,-5.86,-7.8
Cc1ccc(-c2csc3ncn(CCC(=O)Nc4[nH+]cccc4O)c(=O)c23)cc1,0.5313,3.1689,-6.64,-9.26
CN(Cc1ccccc1Br)C(=O)C(=O)Nc1ccc2c(c1)COC2,0.8214,2.4129,-6.14,-8.76
COc1ccc(N2C[C@H](C(=O)Nc3cccc(-n4c(C)c[nH]c4=O)c3)CC2=O)cc1,0.6804,2.7491,-6.43,-9.0
C=CCOc1cccc(C(=O)N[C@@H](c2ccccc2)C(C)C)c1,0.7709,2.3412,-5.87,-9.01
CCN(C(=O)C(C)(C)S(C)(=O)=O)C1CCC([NH3+])CC1,0.8037,3.517,-5.53,-7.25
COc1ccc(OCC(=O)Nc2ccc(C(=O)N3CCCCCC3)cc2)cc1,0.8266,1.7268,-5.99,-8.65
O=C(NCCc1cn2ccccc2[nH+]1)[C@H]1SCCc2ccccc21,0.7942,4.0813,-6.22,-8.8
Cc1ncccc1N[C@H]1CC[NH+](C2CC2)C1,0.7787,4.6438,-5.33,-6.34
COc1ccc(-c2cc3c4ccccc4nc([O-])n3n2)cc1,0.5691,2.456,-6.14,-8.66
Cc1noc(C2C[NH+](CC(=O)NC[C@@H]3CCCO3)C2)n1,0.6977,4.0554,-5.53,-7.45
C[C@H](CNC(=O)C1(c2ccc(Cl)cc2)CCC1)C[C@@H](C)O,0.8469,3.0829,-5.66,-7.94
CCC(CC)[C@]1([NH3+])C[C@H]2CC[C@@H]1C2,0.693,5.3947,-5.06,-6.32
Cc1nn(-c2ccc(F)cc2)c(C)c1/C=C/C(=O)N[C@]1(C)CCS(=O)(=O)C1,0.8114,3.153,-6.24,-8.71
C[C@@H]1C[NH+](Cc2cc3ccccc3o2)CC[C@@H]1N,0.8343,4.6038,-5.72,-8.29
COc1cc(/C=C2\C(=O)N(c3ccc(Br)cc3)N=C2C)ccc1OCc1ccccc1,0.4193,2.1859,-6.23,-9.03
C[NH+](Cc1nccn1Cc1ccccc1)[C@H]1CCCC[C@@H]1O,0.8726,4.0443,-5.88,-7.91
Cc1ccc(-c2n(C)c3ccccc3[n+]2CC(=O)O[C@H]2C[C@@H](C)CC[C@@H]2C(C)C)cc1,0.4074,3.7373,-6.58,-8.95
CCc1ncc(C[NH+]2CCC3(CC2)C[C@@H](c2ccccc2)C[NH+](C)C3)cn1,0.8435,5.4826,-6.17,-8.66
O=C(Cn1nc(C(F)(F)F)c(Cl)c1C1CC1)N1N=C(C(F)F)C[C@@]1(O)C(F)F,0.7205,3.8748,-6.04,-7.78
C[NH2+][C@H](C)c1ccnc(OCc2cccc(Cl)c2)c1,0.9122,3.3587,-5.61,-8.01
C[C@H]1CCN(C(=O)[C@@H](C)OCC2CC2)C[C@@H]1O,0.7995,3.4049,-5.08,-6.77
CCn1nc(C)c(NC(=O)N2CCN(CCOC)C(=O)C2)c1C,0.8708,2.4553,-5.59,-7.96
O=C(NC(=S)Nc1cccc(NC(=O)c2ccccc2Cl)c1)c1ccccc1F,0.52,1.8942,-6.56,-8.86
C[C@@H](CO)C[NH2+][C@@H]1CCOC2(CCOCC2)C1,0.7263,5.1719,-5.21,-6.59
Cc1nsc(N)c1-c1nc2cccc(Cl)c2n1C1CC1,0.7771,2.8587,-5.96,-7.95
CC(C)N1C(=O)c2cc3occc3n2C[C@]1(C)C(=O)NC1CCCCCCC1,0.8654,3.3926,-6.35,-8.61
CC(=O)Nc1ccc(C(=O)N2CCC(Cn3cc[nH+]c3)CC2)cc1,0.9304,2.9591,-5.97,-8.88
Cc1c[nH]c(=O)n1-c1ccc(C[NH3+])cc1,0.7215,2.9892,-5.58,-6.75
NC(=O)NC1CCN(C(=O)c2ccc(Cl)cc2)CC1,0.8641,1.8378,-5.75,-7.73
Cc1ccc([C@H](C)NC(=O)N(C)CC[C@H]2CCCC[NH+]2C)cc1F,0.8505,4.2769,-5.99,-8.83
Nc1cc(Cl)ccc1Oc1ccc(F)cc1,0.8055,1.6351,-5.71,-7.44
C[C@H]1CCCC[C@H]1CNc1nc2c(cnn2C(C)(C)C)c(=O)[nH]1,0.9118,3.6136,-6.0,-8.6
Cc1cccc([C@H](CNC(=O)N2CCC[C@H](C)C2)N2CCOCC2)c1,0.9126,2.914,-6.0,-8.72
O=C(COc1ccc([C@H]2CC(c3ccccc3)=NN2C(=O)c2cccs2)cc1)N1CCOCC1,0.5408,2.8395,-6.37,-8.62
Cc1ccc(-c2csc3nc(SCCCCC(=O)N(C)C)n(C)c(=O)c23)cc1C,0.3121,2.496,-5.2,-8.38
Cc1[nH+]ccn1C[C@H](C)C[NH2+]Cc1cc[nH]c1,0.7241,5.5034,-5.5,-7.31
Cc1cccc([C@@H]2CCCN2Cn2c(CCC3CCCC3)n[nH]c2=S)c1,0.7131,3.0745,-5.73,-7.52
CC(C)OC(=O)[C@H](C)CNC(=O)NCC1(O)CCCCCC1,0.5164,2.965,-5.6,-7.79
CN(C)c1ccc(C(=O)OCC(=O)N2CCCC[C@H]2C(N)=O)cc1,0.8038,2.4759,-5.76,-7.8
COC(=O)c1c(SCC(=O)NCc2ccccc2Cl)[nH]c2ccccc2c1=O,0.4748,2.2923,-6.33,-8.78
CC(C)(C)c1nc(C(=O)N2CC([NH3+])C2)n[nH]1,0.652,3.6257,-5.26,-6.36
C[C@@H]1C[C@@H]1C(=O)Nc1ccc(F)cc1C(=O)N[C@@H]1CCN(c2ccccc2)C1=O,0.8171,3.109,-6.38,-8.67
COc1ccc(C[C@H]2Nc3ccc(C(=O)NC[C@@H]4N=CC(C)=N4)cc3O2)cc1OC,0.7348,3.8872,-6.0,-8.92
CC(C)C[NH+]1CCC(C(=O)N2CCC[C@H](C)C2)CC1,0.8163,4.086,-5.48,-7.46
CCOC(=O)c1c(NC(=O)c2cccs2)sc(C(=O)Nc2ccccc2)c1C,0.5676,2.087,-6.45,-8.64
CCCC[C@H]1CCC[C@@H]1NC(=O)Nc1ccc(N2CCOC2=O)cc1,0.8144,3.026,-5.77,-8.46
CC[C@@H](NC(=O)C[C@@H](C)NC(=O)C1CCCC1)c1ccc(C)c(F)c1,0.7876,2.877,-5.83,-8.43
Cc1ccc(C(=O)/C=C/c2cc(C)c(OCc3ccccn3)c(C)c2)o1,0.4611,2.4067,-6.08,-8.62
CC(=O)c1ccc(C(=O)NCC2([NH+]3CCCCC3)CCCCC2)s1,0.8025,3.7517,-5.78,-7.73
CC(C)[NH+](CC(=O)N[C@H]1CCCC[C@H]1C)C[C@@H]1CCCCO1,0.7814,4.3675,-5.61,-7.89
O=C([O-])c1sc2ccccc2c1CSC[C@H](O)CO,0.8261,3.3914,-5.53,-7.15
CCCCN(C(=O)NCc1csc(C2CC2)n1)[C@@H]1CCS(=O)(=O)C1,0.7986,3.123,-5.61,-7.56
Cc1cccc(NC(=O)[C@H]2C[C@H]2C(=O)[O-])c1,0.7939,3.1273,-5.38,-6.53
Cc1cccc(C)c1-n1c(C)cc(/C=N/NC(=O)C(=O)Nc2ccccc2Cl)c1C,0.3699,2.3514,-6.57,-9.38
O=S(=O)(Nc1cnn(Cc2ccccc2F)c1)c1ccc(Cl)cc1,0.7519,1.9849,-6.04,-8.7
CSc1cccc(NC(=O)Nc2ccc3nc(C)oc3c2)c1,0.6985,2.1347,-6.1,-8.83
COCCn1ccc2ccc(NC(=O)N(C)CC[C@@H](C)O)cc21,0.8239,2.8567,-5.58,-8.2
COc1cc(COC(=O)[C@H]2C[C@@H]2C)ccc1OC(F)F,0.7541,2.7917,-5.44,-7.4
C[C@@H]1CCC[NH+](CCCNC(=O)NNc2cccc(F)c2F)C1,0.4702,4.3098,-5.87,-8.08
Cc1ccc(CCCC(=O)NC[C@H]2CCO[C@H]2c2ccccc2)s1,0.815,3.1042,-5.97,-8.26
CCc1nn(C)cc1CNC(=O)[C@@H](NC(=O)c1ccccc1F)C(C)C,0.7947,2.748,-5.84,-8.38
O=C(CCn1ccccc1=O)N1CCC[C@@](CO)(CC2CC2)C1,0.8671,3.1094,-5.79,-8.33
O=C(NC1(c2cccc(F)c2)CCOCC1)c1ccc2ncccc2c1,0.7814,2.3588,-6.5,-9.86
CC[C@@H]1CCCCN1C(=O)CS(=O)(=O)Cc1coc(-c2ccccc2)n1,0.774,2.892,-6.27,-8.45
C[C@H](NC(=O)NCc1csc(C(C)(C)C)n1)C(C)(C)C[NH+](C)C,0.7389,4.081,-5.53,-7.32
O=[S@](Cc1ncn(-c2ccccc2)n1)c1ccc(Cl)c(Cl)c1,0.7159,3.0179,-6.11,-8.64
Cc1ccc(S(=O)(=O)N2CCCN(C(=O)Nc3ccccc3)[C@@H]2C(C)C)cc1,0.8445,2.6424,-6.46,-8.8
CCc1ccc(-c2cncc(N)n2)cc1,0.8069,2.0409,-5.32,-6.53
NC(=O)CCn1c(-c2cccs2)nn(CN2CCOCC2)c1=S,0.7924,2.6337,-5.78,-7.27
O=C(N/N=C1/C(=O)N(Cc2ccccc2)c2ccccc21)c1ccc(Cl)cc1,0.6848,1.9585,-6.62,-9.64
CC1(C)C(CN2CCC(=O)NC3(CCCC3)C2=O)C1(C)C,0.849,3.441,-5.83,-7.89
Cc1cncc(/C=C/C(=O)N2C[C@H](C)N(C(=O)OC(C)(C)C)C[C@@H]2C)c1,0.7605,3.3699,-5.86,-7.97
Cc1cccc(OCCCC(=O)N2CCO[C@@H](c3nc(-c4ccccn4)no3)C2)c1C,0.5383,2.9828,-6.41,-8.55
CNC(=O)c1ccc(OC)c(NC(=O)N[C@H]2CCC[C@H](C)C2)c1,0.7982,2.7052,-5.81,-8.35
COC(=O)c1cccc(C(=O)Nc2cc(C(C)C)c(O)cc2C)c1,0.6602,1.9687,-6.03,-8.83
O=C(Cc1ccc[nH]1)NCCOc1cccc(F)c1,0.7811,2.1896,-5.67,-7.87
CC[NH+]1CCC[C@H]1CNC(=O)c1nc(-c2ccc(S(=O)(=O)N(C)C)cc2)no1,0.6558,4.104,-6.24,-8.23
C/[NH+]=C(/NCC1([NH+](C)C)CCOCC1)N1CC[C@@H](CN2CCOCC2)C1,0.3561,4.5767,-5.66,-7.95
C[C@@H](NC(=O)c1cccc(S(=O)(=O)NC[C@H]2CCCO2)c1)c1ccccc1,0.7637,2.6858,-6.29,-9.19
O=[N+]([O-])c1ccc(CN(CCO)CCO)cc1F,0.5497,2.2921,-5.29,-6.22
C[C@H]1CCN(C(=O)CCc2nc(-c3ccccn3)no2)[C@H]2CCCC[C@H]12,0.8402,3.4092,-6.15,-8.55
O=C(NC[C@@H](c1ccccc1)c1c[nH]c2ccccc12)[C@@H]1CC(=O)N(Cc2ccco2)C1,0.4669,3.0856,-7.07,-9.49
CCc1nn(C)cc1NC(=O)NCc1ccncc1,0.8774,2.3848,-5.6,-7.49
C[C@H]1CCC[C@@H](NC(=O)COc2cccc([N+](=O)[O-])c2)[C@@H]1C,0.6696,2.9773,-5.75,-8.1
CCOC[C@H]1CCN(C(=O)COc2cc(F)ccc2F)C1,0.8083,2.6056,-5.66,-6.75
COC(=O)c1ccc(=O)n(Cc2ccccc2C)c1,0.79,1.8742,-5.8,-8.01
COc1ccc2c(c1)CCC[C@@H]2CC(=O)N[C@H]1CCCn2c(C)nnc21,0.9161,3.3185,-6.2,-8.96
C[NH+](CC(=O)Nc1cc(S(=O)(=O)N2CCCCCC2)ccc1Cl)Cc1ccccc1F,0.656,3.3101,-6.44,-9.51
Cn1cc(C#N)cc1C(=O)[C@H](C#N)c1nnc(-c2ccccc2)n1C,0.6825,3.2982,-6.01,-8.18
O=C(NCCNC(=O)c1cccs1)NC[C@H]1CCCN(c2ncccn2)C1,0.6242,2.8123,-5.98,-8.13
COCC[C@H](C)NC(=O)N1[C@@H](C)CCC[C@@H]1C,0.8221,3.2694,-5.41,-6.94
CCc1cc(NCc2nncn2-c2ccccc2)c2ccccc2[nH+]1,0.6099,3.2199,-6.34,-9.66
Cc1cccc([C@@H](c2sc3nc(C)nn3c2[O-])[NH+]2CCC(C)CC2)c1,0.7796,4.4742,-5.88,-8.74
C#CCN1CCN(CC(=O)Nc2cc(C(C)(C)C)no2)CC1,0.846,2.5858,-5.4,-7.82
C[C@H](Oc1cccc([N+](=O)[O-])c1)C(=O)NCc1ccc2c(c1)OCO2,0.6379,2.5125,-6.03,-8.92
CCO[C@@H]1C[C@H]([NH+](C)Cc2ccc([N+](=O)[O-])o2)C12CCCC2,0.6438,5.1538,-5.69,-7.69
CCOC(OCC)[C@@H](O)Cc1ccccn1,0.7123,2.986,-5.02,-6.17
COc1ccc(NC(=O)Cn2c(COc3ccccc3)nc3ccccc32)cc1,0.5145,1.833,-6.59,-9.87
COc1ccc(Cl)cc1NC(=O)CC[S@](=O)Cc1ccc(C)cc1,0.8082,2.5507,-5.87,-8.52
CC1=C(C(=O)OC(C)C)[C@@]2(C(=O)Nc3ccc(Br)cc32)C(C#N)=C(N)O1,0.714,3.8417,-5.77,-7.6
COc1cccc(CNC(=O)/C=C/c2ccc(Cl)c(Cl)c2)c1,0.8255,1.8554,-5.89,-8.72
CC(C)c1cc(N2CCC[C@@H](CN3CC[NH+](C)CC3)C2)nc(N)n1,0.8258,4.0323,-5.76,-7.28
CCCCNC(=O)NCC(=O)c1c(N)n(C)c(=O)n(C)c1=O,0.4559,2.3931,-5.42,-7.58
CC(=O)Nc1ccc(Cl)cc1[C@@H](O)c1ccccc1,0.9021,2.2475,-5.97,-8.08
COc1cccc(OC)c1C(=O)N1CCN(Cc2csc(-c3ccccc3)n2)CC1,0.6039,2.1192,-6.44,-8.66
O=C(N[C@H]1CCCc2ccccc21)N(CCCCO)C1CC1,0.7937,2.7258,-5.83,-8.13
COc1ccc(CN2CCN(S(=O)(=O)C3=Cc4ccccc4CC3)CC2)cc1F,0.7508,2.3864,-6.26,-8.51
C[C@@H]1CCCN(c2ccc3cccc(OCC(=O)N4CCc5ccccc54)c3n2)C1,0.6484,2.7459,-5.48,-9.21
CC[S@](=O)[C@@H]1CCCC[C@@H]1NC(=O)COc1ccc(C)c(C)c1,0.8683,3.3599,-5.86,-7.95
COC(=O)C(C)(C)[C@H]1CCCN(Cn2ccc(-c3ccccc3)n2)C1,0.782,2.9986,-6.09,-8.48
C[C@H](C#N)Sc1nc(-c2ccccc2)cs1,0.7726,2.6925,-5.43,-7.44
C[C@@H]1C[C@@H](C)CN(S(=O)(=O)c2ccc(C(=O)Nc3nnc([C@@H]4CCCO4)o3)cc2)C1,0.7693,3.4484,-6.37,-8.98
CC(C)Oc1ncc(C(=O)N2CCC[C@H]([C@H](C)O)C2)cc1Cl,0.9238,3.1512,-5.78,-7.62
c1nc(N2CCCC[C@H]2Cn2cncn2)c2sccc2n1,0.7428,3.1844,-5.68,-7.45
CCOc1ccc(S(=O)(=O)N2CCCCC2)cc1NC(=O)[C@H]1CS[C@]2(C)CCC(=O)N12,0.6911,3.2523,-6.29,-7.9
C[C@H](C(=O)Nc1cc(Cl)ccc1N)[NH+](C)C1CC1,0.7117,4.0046,-5.45,-7.33
Cc1cc(C)cc(CS(=O)(=O)C[C@@H](Br)C(F)(F)F)c1,0.771,3.0926,-5.58,-7.27
COCCn1cc[nH+]c1[C@@H]1CCCN(C(=O)c2cnc(N(C)C)nc2C)C1,0.7586,3.8824,-5.93,-8.22
CC(C)OC(=O)[C@@H](C)CNC(=O)Cc1n[nH]c2ccccc12,0.7971,2.8598,-5.74,-8.17
COc1cccc2c1OCC(C(=O)N1C[C@H]3CCc4c(nc(N5CCCC5)[nH]c4=O)[C@H]3C1)=C2,0.7757,3.8296,-6.5,-9.24
C[C@H](C1CC1)N(C)C(=O)c1cn(C2C[NH2+]C2)nn1,0.7656,4.1431,-5.28,-6.46
CCc1cnc(CO/N=C(/N)[C@H]2CCOC2)o1,0.4717,3.6232,-5.26,-6.72
COc1ccc(NC(=O)[C@H](C)[NH+]2CCC(c3c[nH]c4ccccc34)CC2)cc1Cl,0.5991,3.5891,-6.53,-9.12
CC(C)CNC(=O)[C@@H](NC(=O)c1cc2ncsc2[nH]1)C(C)C,0.7614,3.2213,-5.71,-8.24
C[C@H](Cl)CCc1c[nH+]cn1C1CC1,0.6628,4.6827,-5.05,-5.96
Cc1ccc(-c2noc(C[S@@](=O)[C@@H](C)c3ccccc3)n2)cc1,0.7094,3.073,-6.16,-8.95
COC(=O)C1=C(C)C(C(=O)O[C@@H](C)C(=O)NC(=O)NC(C)(C)C)=N[C@H]1C,0.711,3.6534,-5.68,-7.65
CCCNC(=O)[C@H]1Sc2nnc(-c3ccccc3)n2N[C@@H]1c1ccc(OC)c(Cl)c1,0.6011,3.277,-6.33,-8.15
Cc1noc(CNC(=O)N[C@H](c2ccccn2)C(C)C)n1,0.8774,2.9197,-5.62,-8.24
C[C@H]1CC[C@H](C(=O)NC[C@@H]2CN(C)CCO2)C[C@@H]1[NH3+],0.7249,4.2304,-5.46,-7.95
Cc1ccc([C@@H](C/[NH+]=C(/N)N[C@H]2CCOc3ccccc32)[NH+]2CCCC2)o1,0.4349,4.8577,-6.33,-8.43
C#CCNC(=O)c1ccccc1SCC(=O)NC1CCCCCCC1,0.6054,2.2227,-5.99,-8.43
Cc1ccc(NC(=O)NC[C@H](C)C[C@@H](C)O)c(F)c1,0.7685,2.8483,-5.49,-7.13
C[C@H]([NH2+]C[C@@H]1CCN(S(C)(=O)=O)C1)c1cccnc1Cl,0.8103,4.0897,-5.63,-7.31
O=C([O-])c1ccc(-c2c(F)cccc2F)cn1,0.7885,2.5203,-5.74,-7.54
CC(C)OC(=O)c1cc2c(ccn2-c2ccc(F)cc2)n1CC(=O)N1[C@@H](C)CCC[C@H]1C,0.5301,3.3949,-6.58,-8.95
C[C@H]1CCCC[C@H]1NC(=O)c1cc(S(=O)(=O)N2CCOCC2)ccc1N1CCCCC1,0.7476,2.981,-6.31,-8.23
C[C@@H](Cc1cccs1)[NH+](C)C[C@H](O)c1ccc(N)cc1,0.7067,4.1562,-5.64,-7.02
CCNC(=O)c1cccc(Nc2nc(C(F)(F)F)nc3ccccc23)c1,0.7338,2.1442,-6.33,-9.8
CC(=O)c1cccc(OC(=O)/C=C/c2cn(CCC#N)c3ccccc23)c1,0.2837,2.378,-6.2,-8.86
CCn1c(=O)[nH]c2cc(C(=O)N(CCC#N)CCOC)ccc2c1=O,0.7957,2.4377,-5.93,-7.84
Cc1cc(C(=O)[O-])cc(S(=O)(=O)N[C@@H](C)CC(C)C)c1C,0.8595,3.1583,-5.43,-7.66
C[C@@H]1Cc2cc(C(=O)C3=C([O-])C(=O)N(CCc4ccccc4)[C@H]3c3cccnc3)ccc2O1,0.5516,3.4623,-6.6,-8.63
Cc1nn([C@H]2CCS(=O)(=O)C2)c(C)c1CN(C)CC(=O)C1=c2ccccc2=[NH+][C@@H]1C,0.6245,4.2853,-6.22,-8.36
Cc1nc(C2CC[NH+](CC(C)(C)C)CC2)n[nH]1,0.8033,4.2888,-5.34,-6.83
CCCCNC(=O)CCS(=O)(=O)c1ccc2c(c1)n(C)c(=O)c(=O)n2C,0.5489,2.3926,-6.01,-8.77
CCCn1/c(=N/C(=O)[C@@H](CCSC)NC(N)=O)[nH]c2ccccc21,0.7067,3.4102,-5.87,-8.5
O=C(c1cccc(Cl)c1Cl)N1CCN(CN2CCOC2=S)CC1,0.7594,2.5256,-5.81,-7.83
CC(C)CCOc1ccc(C(=O)NC[C@H]2CCCO2)cc1,0.8398,2.2945,-5.61,-8.3
CCCOCCOc1ccc(C(C)(C)C)cc1N,0.6225,2.0805,-5.26,-6.39
CCCN1C(=O)[C@@]2(c3ccccc31)c1c(oc3ccc(Cl)cc3c1=O)C(=O)N2CCCOC,0.514,3.556,-6.38,-7.84
Cc1cc2cc(C(F)(F)F)nc-2n(CC2(O)CCN(C(=O)CCc3ccccc3)CC2)c1,0.6372,2.7872,-6.16,-8.46
COc1ccsc1C(=O)NCc1c[nH]cn1,0.8445,2.7033,-5.3,-7.32
CCCC[C@@H](c1nnnn1C(C)(C)CC)N1CC[NH+](C)CC1,0.8123,4.2404,-5.38,-7.24
CC(C)Oc1ccc(F)cc1NC(=O)CN1CCCOC1=O,0.9065,2.2097,-5.81,-7.87
CC[NH+](CC)CCNS(=O)(=O)N1CCC[C@@H](C)C1,0.6582,4.1192,-5.42,-7.8
CCCc1cc(NC(=O)C(=O)NC[C@@H](C)CO)n(C)n1,0.6426,3.0001,-5.38,-6.32
CC[C@@H](C)NC(=O)Nc1cc(NC(=O)c2ccccc2)ccc1C,0.772,2.1357,-6.05,-9.03
CCc1ccc(C[NH+](C)[C@H](C)C(=O)Nc2ccc(N(C)C)cc2)cc1,0.8118,3.4977,-5.87,-8.46
Cc1ccc(C(=O)COc2ccc(Cl)cc2N2C(=O)[C@H]3CCCC[C@@H]3C2=O)cc1,0.5329,2.8713,-6.37,-8.69
C=CCc1ccccc1OCC(=O)Nc1nc2ccc([N+](=O)[O-])cc2s1,0.3865,2.2344,-6.03,-9.13
C[NH+](C)[C@H](CNC(=O)[C@@H]1Cc2ccccc2O1)c1ccc(F)cc1,0.8636,3.6918,-6.15,-8.68
C[C@@H]1C[C@@H](C)CN(C(=O)CSCC(=O)Nc2ccccc2)C1,0.9074,2.6939,-5.84,-8.04
O=c1c2cc(Br)ccc2nc(-c2ccccc2)n1NC[C@@]1(O)OC[C@H](O)[C@@H](O)[C@@H]1O,0.3582,3.9118,-6.3,-9.17
CCc1noc(CC)c1CNC(=O)[C@@H]1Cc2cccc(F)c2O1,0.92,3.2545,-5.89,-8.33
CC[C@@H](C)CN(CC)C(=O)[C@@H]1CC[C@H](C[NH3+])O1,0.7452,4.3197,-5.22,-6.23
Cc1cc2ncc([C@H](C)NC[C@@]3(O)CCc4ccccc43)c(C)n2n1,0.769,3.526,-6.33,-8.7
CC[C@H](C)NC(=O)[C@H]1COC2(CCC(C)CC2)N1C(=O)c1ccccc1,0.8979,3.6231,-6.05,-8.62
CCn1c(N2CCN(C(=O)C3CCCCC3)CC2)[nH+]c2ccccc21,0.8614,3.0381,-6.26,-8.49
CCC[C@@H](C)[C@H](O)[C@@H]1CCO[C@]2(CCOC2)C1,0.8223,4.6528,-5.25,-6.79
O=C(c1cncc(Br)c1)N1CCN(c2cccc[nH+]2)CC1,0.8289,3.1892,-5.87,-8.37
COCCN1[C@@H](C)CN(C(=O)C[NH+](C)C2CC2)C[C@H]1C,0.696,4.5955,-4.96,-7.18
CC(C)CCNC(=O)CC1CCN(C(=O)[C@H]2C=c3cc(Cl)ccc3=[NH+]2)CC1,0.7175,3.7469,-6.05,-8.41
C[NH+](C)CCN1C[C@H](C(=O)Nc2cc(F)ccc2Cl)CC1=O,0.8225,3.4583,-5.98,-8.03
CN(C(=O)CSc1nnc(-c2ccc(F)cc2)n1C)[C@@H]1CCS(=O)(=O)C1,0.7073,2.8421,-6.15,-7.97
Cc1ccc(-c2noc3ncnc(N4CCC(C(=O)NC(C)C)CC4)c23)cc1,0.7485,2.3913,-6.28,-8.37
CN(CC(C)(C)O)C(=O)c1cccc(OC(F)F)c1,0.8938,2.3244,-5.42,-7.01
C1=[N+]([C@@H]2CCN(c3ncnc4scc(-c5ccccc5)c34)C2)CCC1,0.674,3.6085,-6.23,-8.92
CC[C@H]1CCC[C@H](NC(=O)c2n[nH]c(C)c2[N+](=O)[O-])C1,0.6524,3.284,-5.61,-7.75
Nc1nc(-c2ccc(-c3ccc(Cl)cc3Cl)o2)cs1,0.7275,2.281,-6.04,-8.29
C[C@H]1CCC[C@@H]1NC(=O)NCCNC(=O)c1ccc(F)cc1F,0.7264,2.7833,-5.92,-8.12
COc1ccc(C[C@]2(C)NC(=O)N(CC(=O)N(C)C)C2=O)cc1OC,0.7619,2.7224,-5.69,-7.24
CC[C@]1(C)NC(=O)N(CC(=O)N(CC2CC2)C2CCCCC2)C1=O,0.7572,2.9451,-5.89,-7.59
Cc1cc(C(=O)NCC(C)C)ccc1NC(=O)C(=O)N[C@@H]1CCC[C@@H](C)[C@@H]1C,0.6778,3.1057,-6.0,-8.26
O=C(Cc1csc(-c2cccs2)n1)Oc1cccc(F)c1,0.5353,2.1999,-5.94,-8.61
Cn1c(CSc2nc3ccccc3s2)nnc1SCC(=O)C(C)(C)C,0.5787,2.507,-5.91,-8.39
CCc1n[nH]c([C@@H]2CN(C(=O)CO[C@@H]3CCC[C@H](C)C3)CCO2)n1,0.8876,3.8415,-5.8,-8.51
CCN(Cc1cccc(C)c1)C(=O)c1occc1C,0.8388,2.1195,-5.55,-7.35
O=C(Nc1nc(-c2cccnc2)cs1)c1ccccc1N1CCCC1=O,0.7677,2.1774,-6.49,-8.72
Cc1ccccc1[C@@H]1C[C@@H](C)N(C(=O)CCNC(=O)OCC(F)(F)F)C1,0.8621,3.2173,-5.95,-8.14
O=C(NCc1ccc(C(F)(F)F)cc1)c1cncn1-c1ccccc1,0.7813,2.0716,-6.35,-9.45
C[C@H]1Cc2cc(-c3cc(CNC(=O)CCCBr)no3)ccc2O1,0.7812,2.9486,-5.95,-8.17
CC(C)CC[C@@](C)(O)CNC(=O)Cn1ccc(=O)n(C)c1=O,0.7322,3.1066,-5.58,-7.5
O=C([O-])C1(Cc2cccc(Cl)c2)CCCC1,0.8087,2.5967,-5.46,-7.37
CC(C)[C@H](NC1CC[NH+](C2CCCC2)CC1)c1cccnc1,0.8742,4.1942,-5.69,-6.99
Cc1c(OC(=O)c2ccco2)ccc2c1O/C(=C\c1ccco1)C2=O,0.4083,2.6404,-6.05,-8.83
O=C(c1ccc(F)c(F)c1)N1CC(C(=O)N2CCN(c3cccc(Cl)c3)CC2)C1,0.7678,2.1246,-6.42,-8.73
COC(=O)Cc1csc(NC(=O)/C=C/c2ccc(C)cc2)n1,0.6801,2.0975,-5.58,-8.16
CC1CC[NH+]([C@H](CNC(=O)C[C@@H]2Sc3ccccc3NC2=O)c2cccs2)CC1,0.6604,4.2634,-6.17,-8.23
CC(C)c1ccc2c(c1)CC[C@@H]1[C@](C)(C[N+](C)(C)C)CCC[C@@]21C,0.6403,3.8814,-5.8,-8.06
COc1ccc(S(=O)(=O)N2CCOCC2)cc1NC(=O)/C=C/c1ccc(F)c(Cl)c1,0.6776,2.2415,-6.22,-8.92
CCNC(=O)N1CCc2ccc(NC(=O)[C@@H](C)NC(=O)C3CCC3)cc21,0.7521,2.641,-6.18,-8.93
CN1C(/C=N/Nc2nc(-c3ccccc3)cc(-c3ccccc3)n2)=N[C@H]2C=CC=C[C@H]21,0.5033,3.5998,-6.34,-8.92
CC(=O)O[C@@H](C)C(=O)N1CCN(c2nccc(-c3ccc(C(C)(C)C)cc3)n2)CC1,0.7214,2.7382,-6.17,-8.22
C[C@@H](CCc1ccc2c(c1)OCO2)[NH2+][C@H]1C=CCCC1,0.8369,4.0465,-5.6,-7.88
CC(C)(C)C[C@H](CO)NC(=O)C(=O)c1cnn(-c2ccccc2)c1,0.6267,2.9823,-5.83,-8.34
COc1ccc(F)c(N[C@@]2(C[NH3+])CC[C@H](C)C2)c1,0.8625,3.735,-5.54,-7.36
CCc1ccc(OCC(=O)NNC(=O)c2ccc(C(C)C)cc2)cc1,0.7936,1.7812,-5.92,-8.8
CCCn1c([C@@H]2CC(=O)N(c3ccc(C)cc3)C2)nc2ccccc21,0.7147,2.5218,-6.42,-8.82
CCc1ccc(-c2cc3c(=O)n(CC(=O)N4CCCC[C@H]4CC)ncn3n2)cc1,0.6681,2.958,-6.38,-8.87
COC(=O)c1c(NC(=O)c2ccno2)sc2c1CC[NH+](C(C)C)C2,0.8074,4.0511,-4.97,-8.33
COc1ccc(CNC(=O)Nc2ccc(N(C)C)c(C)c2)cc1OC(F)F,0.7636,2.1678,-5.84,-8.54
C[C@H](Cn1c(=S)[nH]c2cc(Cl)c(Cl)cc21)[NH+](C)C,0.8372,4.0483,-5.76,-7.12
CCn1c(C2CC2)nn(C[NH+]2Cc3ccccc3N(C)C[C@@H]2C)c1=S,0.8502,4.3613,-6.12,-7.51
C[C@@H]1Cc2ccccc2N1S(=O)(=O)c1cccc(C#N)c1,0.8561,2.5663,-6.13,-8.13
CCSCCOC(=O)C1=C(C)NC(=O)N[C@@H]1c1ccccc1C,0.6199,2.8889,-5.77,-7.74
Cc1cc(C(=O)CSc2nncs2)c(C)n1[C@H](C)c1ccccc1,0.4799,2.8981,-6.03,-8.47
O=C(CCCCCc1cccs1)N1CCN(C(=O)[C@@H]2CCCO2)CC1,0.6992,2.6982,-5.72,-7.69
Cc1c(C(=O)Nc2ccc(Cl)c(Cl)c2)nnn1Cc1ccccc1,0.758,1.9323,-6.22,-8.86
C/C(=C/C(=O)OCCNc1ncccn1)c1ccc(F)cc1,0.5047,2.2916,-5.65,-8.17
NC(=O)C[C@@H]1CCC[NH+](CCCNC(=O)C(F)(F)F)C1,0.5628,4.5855,-5.58,-7.75
O=C(NCCc1c[nH]c2ccccc12)[C@H]1C=C2N=C(c3ccc(F)cc3)C=C(C(F)(F)F)N2N1,0.496,3.6429,-6.34,-8.95
Cc1c(Cl)cccc1Nc1c(-c2cccc(O)c2)nc2cnccn12,0.5564,2.4197,-6.43,-9.26
C[C@@H](CNC(=O)NCc1cccc(CN2CCCC2=O)c1)c1ccsc1,0.7828,2.7907,-6.3,-8.64
Cc1nc([C@@H]2CCCN(C(=O)c3ccccc3)C2)sc1C(=O)Nc1ccc(Cl)cc1,0.5934,2.5704,-6.56,-9.25
C/C(=N\N=C1\NC(=O)[C@H](Cc2cccc(C)c2)S1)c1ccccc1,0.6851,3.1716,-6.19,-8.85
N[C@H](C[NH3+])c1ccc(Cl)c([N+](=O)[O-])c1,0.5685,3.465,-5.18,-6.05
CN(Cc1cnn(-c2ccccc2)c1)C(=O)Nc1ccc(F)c(F)c1F,0.7164,2.2529,-6.28,-8.89
Cn1c(SCc2ccccc2)nc(=O)c2c1NC(=O)C[C@H]2c1cccc(O)c1,0.5251,2.9354,-6.33,-9.14
O=C(Nc1nc2c(s1)CCC2)[C@@H]1CC(=O)N(C2CC2)C1,0.9195,2.8523,-5.58,-7.91
Cc1cccc(NC(=O)CSC2=N[C@H]3CS(=O)(=O)C[C@@H]3N2c2ccccc2F)c1C,0.779,3.2763,-6.28,-9.18
Cc1ccc(-n2nc(C(=O)[O-])c(C)c(C#N)c2=O)cc1Cl,0.8143,2.7851,-5.83,-7.68
FC(F)c1nnc2ccc(Nc3cnn(-c4ncccn4)c3)nn12,0.6091,2.9356,-6.32,-8.3
CC[C@@H](COC)NC(=O)NC[C@H]1CCC[NH+]1CC,0.5911,4.8019,-5.3,-7.1
CSc1ccc(Cl)c(C(=O)N(C)CC(C)(C)O)c1,0.8659,2.4398,-5.35,-6.63
CC[NH+](C)CC[C@@H](c1ccccc1)[NH+]1CCOCC1,0.7133,5.2293,-5.33,-6.93
Cc1ccc(NC(=O)N[C@@H]2C[C@H]2C)cc1S(=O)(=O)N1CCCCC1,0.8753,2.808,-6.04,-8.79
CCCn1nc(C(=O)Nc2sc3c(c2C(N)=O)CCCCC3)ccc1=O,0.7833,2.3881,-5.75,-8.24
COCCc1ccc(S(=O)(=O)NC2(c3ccc(Br)cc3)CCC2)cc1,0.7314,2.2787,-6.13,-8.54
Cc1cc2oc(=O)cc(C)c2cc1OCC(=O)NNC(=O)O,0.5768,2.364,-5.95,-7.84
C[C@@H]1CCN(c2cc(-n3cccn3)nc(N)n2)[C@H](C)C1,0.9031,3.3766,-5.87,-7.98
CCOC(=O)[C@@](C)(O)[C@H]1CCO[C@H](C(C)C)C1,0.7655,3.8659,-5.32,-6.69
ClCc1ccc(OCc2ccc3ccccc3n2)cn1,0.6806,2.14,-5.91,-8.66
Cc1ccc(S(=O)(=O)N2CCOCC2)cc1C(=O)NC(=S)Nc1ccccc1C#N,0.6941,2.2997,-6.31,-8.86
C/C=C/CS(=O)(=O)[C@@H](C)C(=O)N[C@@H](C)CC,0.7191,3.5222,-5.1,-6.27
CNS(=O)(=O)c1cccc([C@H](C)[NH2+]CC2(C(C)C)CC2)c1,0.8042,3.8281,-5.61,-8.35
CN(CC(C)(C)O)C(=O)CSC(C)(C)C,0.804,2.8518,-5.13,-6.32
Cc1ccc(O[C@H](C)CNC(=O)c2cccc(C)n2)cc1,0.9182,2.3758,-5.77,-8.18
O=C(CC[NH+]1CCN(c2ccccc2)CC1)NCCc1ccc(F)cc1F,0.7692,3.0974,-6.23,-9.15
C[C@@H](Sc1nc(-c2ccccc2F)n[nH]1)C(=O)c1ccc(F)cc1,0.5583,2.7371,-6.29,-8.92
CC(C)(C)n1nnn(CN(Cc2cccs2)CC(F)(F)F)c1=S,0.7585,3.1573,-5.73,-6.68
CCC(C)(C)N(C)c1cc(N)cc(S(N)(=O)=O)c1C,0.8261,2.8513,-5.51,-6.99
O=C(N/N=C/c1ccc(Br)cc1)c1cc(-c2ccc(Cl)s2)n[nH]1,0.4975,2.4432,-6.2,-8.91
CC1CCC(NC(=O)[C@H](C)Sc2nnc(C3CC3)n2-c2ccccc2)CC1,0.7537,2.715,-6.07,-8.19
O=[N+]([O-])c1ccc(O)c2c1[C@H]1C=CC[C@@H]1[C@H](c1ccc(Cl)cc1)N2,0.3562,3.5221,-6.15,-8.32
O=c1c2ccccc2oc2cc3c(c(O)c12)CCCC3,0.6332,2.3093,-6.11,-8.84
CN(C)c1ccc(/C=C(/NC(=O)c2ccccc2)C(=O)NC2CCCCC2)cc1,0.7326,2.1345,-6.42,-8.96
O=C(CCCc1nc(-c2cnccn2)no1)c1ccc(Cl)cc1,0.645,2.2273,-5.95,-8.17
CCc1cc(CNC(=O)[C@@H]2CCCN(C(=O)NCC(C)C)C2)on1,0.8308,2.8299,-5.75,-8.2
CCOC(=O)[C@H](F)[C@@]1(O)CCC[NH+](C(C)C)CC1,0.7064,5.1861,-5.46,-7.07
CCc1nn(C)cc1C(=O)N[C@H](COC)c1ccco1,0.8721,3.1214,-5.41,-7.54
O=C1Cc2cc(C(F)(F)F)ccc2N1,0.6845,2.1761,-5.25,-6.6
CN1C(=O)C[C@H](C(=O)Nc2cnn(CC(F)(F)F)c2)[C@H]1c1cccc(F)c1,0.8247,3.3649,-6.28,-8.92
CC(=O)c1cccc(NC(=O)[C@H](C)OC(=O)C[C@@H]2Oc3ccccc3NC2=O)c1,0.5735,3.005,-6.33,-8.64
C[C@H]([NH2+]CCC(=O)N(C)C)c1nc2cc(Cl)ccc2n1C,0.9057,3.6832,-5.75,-7.76
C[C@@H]1CCC[C@H](NC(=O)[C@@H](C)[NH+]2CCC(c3ccc(O)cc3)CC2)[C@@H]1C,0.7736,4.4199,-6.17,-8.48
Cc1ccnc(N2CCC3(CC[C@H](CNC(=O)c4ccco4)O3)CC2)n1,0.9055,3.5474,-6.03,-8.48
CC1=C2C(=O)N=C(CSC3=NN[C@@H](C)N3Cc3ccccc3)N=C2S[C@@H]1C,0.8418,4.4126,-6.07,-7.51
COc1ccc(-c2csc(C[C@@H](C)n3cc(Cl)cn3)n2)cc1,0.6911,2.8302,-5.8,-8.26
CCc1ccc(C(=O)N(C)[C@@H](C)C2CC2)o1,0.7829,2.8592,-5.3,-6.45
CCc1ccc(CNC(=O)[C@H](CC)n2nc(C)c3sc4ccccc4c3c2=O)cc1,0.4905,2.8915,-6.68,-9.45
Cc1cccc(-n2ncc3c(=O)n(Cc4ccccc4Cl)cnc32)c1C,0.5537,2.2038,-6.7,-9.01
COc1ccc(C2=C3C([O-])=NC(=S)N=C3S[C@H]2C)cc1OC,0.7922,3.8511,-5.67,-6.88
C=CCOc1cccc2c1N[C@@H](c1ccc(N(C)C)cc1)[C@H]1CC=C[C@H]21,0.7584,3.5084,-6.11,-8.6
CS(=O)(=O)[C@@H]1CCC[C@H](C(=O)C2CCCC2)C1,0.7805,3.2737,-5.67,-7.19
CS[C@@H](C)C(=O)N1CCC[C@H]1CN1CCOCC1,0.766,3.1257,-5.44,-6.57
Cc1ccc([C@@H](C)NC(=O)N(CCc2cccc(F)c2)C2CC2)o1,0.8624,2.7549,-6.02,-8.3
C[C@H]1CCN(C(=O)N[C@@H]2[C@@H]3CCO[C@@H]3C23CCCC3)C[C@@H]1O,0.7756,4.7818,-5.72,-8.28
C[C@@]1(c2ccccc2)O[C@@H](COC(N)=O)CS1,0.8956,3.6007,-5.48,-7.11
Cc1nn(CC(=O)Nc2nc(C[NH+]3CCCCC3)cs2)c(C)c1[N+](=O)[O-],0.5767,3.6126,-5.94,-8.12
O=C(Nc1ccc(Cl)cc1F)N1C[C@H]2CCCC[C@H]2C1,0.83,2.7934,-5.81,-8.36
CC(=O)/N=C1\NC(=O)/C(=C\c2cn(C(C)=O)nc2-c2ccccc2)S1,0.8355,3.0777,-6.21,-8.49
CC(C)CNC(=O)CNC(=O)Nc1cccc2cccnc12,0.7907,1.9993,-5.85,-8.18
CCC[C@H]1C[NH2+]CC[C@H]1c1c[nH+]cn1C,0.7435,6.0171,-5.3,-6.5
COC(=O)[C@@]1(F)CCN(C(=O)c2ccncc2Cl)C1,0.7725,3.133,-5.49,-7.43
COc1cc2[nH]ccc2cc1F,0.6887,2.1326,-5.15,-6.34
Cc1nn(C)cc1C[NH+]1CCC[C@@H]1C(=O)N1CCSCC1,0.8445,4.6468,-5.5,-6.7
O=Cc1cccc(OCC(=O)N[C@@H]2CCOc3ccccc32)c1,0.8618,2.5425,-5.89,-8.75
O=C(CCOC1CCOCC1)Nc1ncc(Cl)s1,0.9039,2.5485,-5.29,-7.5
COC[C@@H](NS(=O)(=O)c1cc(C)c(C)cc1[N+](=O)[O-])c1ccco1,0.6037,3.0026,-5.81,-8.26
CC(=O)O[C@]1(C(C)=O)C[C@@H](O)[C@H]2[C@@H]3C=C(Cl)C4=CC(=O)[C@@H]5C[C@@H]5[C@]4(C)[C@H]3CC[C@@]21C,0.6743,5.1233,-6.15,-7.4
CN(Cc1ccc(F)cc1F)C(=O)[C@](C)(N)C(F)(F)F,0.8693,3.0335,-5.71,-6.87
CS(=O)(=O)c1ccc(-c2cccc3c2O[C@@H](CNC(=O)Cc2ccc(Cl)cc2)C3)cc1,0.6077,2.6801,-6.54,-9.2
COc1ccc2oc(C(=O)Nc3ccc4c(c3)NC(=O)[C@@H](C)O4)cc2c1,0.7538,2.7285,-6.33,-9.63
Cc1ccc([C@@H](CNC(=O)[C@@H]2CCCN(c3ncccn3)C2)[NH+](C)C)cc1,0.7987,3.6819,-6.11,-8.63
C[C@@H]1CN(c2nc3ccccc3cc2CO)C[C@@H](C)S1,0.9212,3.2462,-5.94,-7.95
CCCCn1nnnc1CSc1cc(OC)ccc1N,0.6234,2.4241,-5.42,-7.62
Cc1ccccc1N1C[C@H]2C[C@@H]1C[NH2+]2,0.6825,4.9411,-5.23,-6.62
Cc1nn(C)c2nc(N3CCC[C@@H](OCc4cccnc4)C3)sc12,0.7289,3.0851,-6.15,-8.07
COC(=O)C1=C(C)C(C(=O)O[C@@H](C)C(=O)c2ccccc2)=N[C@H]1C,0.6104,3.3385,-5.71,-7.46
N#Cc1cn[nH]c1NC(=O)c1c(Cl)cccc1Cl,0.8875,2.5316,-5.85,-7.79
Cc1c(CN2CC[C@@H](C)[C@@H]2c2cccc(F)c2)c(=O)n(-c2ccccc2)n1C,0.6799,3.2471,-6.54,-8.88
COc1ccc(N2C(N)=[NH+]C[C@@H]2c2ccccc2C)cc1,0.8815,3.2716,-6.03,-7.95
O=C(Nc1ccc(F)cc1)c1cn(Cc2ccccc2)nc1-c1cccs1,0.5289,2.0012,-6.57,-9.38
COc1ccc(NC(=O)NC(=O)CN2CC[C@@H](C[NH+]3CCCCC3)C2)cc1,0.6855,3.5903,-5.84,-8.11
O=C1C[C@@H]([NH+]2CCC(c3nc4ccccc4[nH]3)CC2)C(=O)N1c1ccc(Cl)cc1,0.652,3.7586,-6.47,-9.09
O=C(Nc1ccc2c(c1)OCO2)[C@@H]1CCCN1C(=O)NC1CCCCC1,0.8697,2.5856,-6.02,-8.26
Cc1cc(NC(=O)C(=O)N(C)Cc2c(C)noc2C)c2ncccc2c1,0.7324,2.5448,-6.02,-8.83
CN(C)c1ccc(NC(=O)CCS(C)(=O)=O)cn1,0.8443,2.2054,-5.27,-6.81
C[C@H](CNC(=O)CCC(=O)c1ccc(F)c(F)c1)c1ccsc1,0.7788,2.6964,-5.82,-8.07
CC[C@@](C)([NH2+]CC(=O)Nc1ccc2c(c1)OCO2)c1nc(C)cs1,0.8371,3.6978,-5.88,-8.65
CC(C)CO[C@H]1CCN(C(=O)C(=O)Nc2nn(C(C)C)cc2C#N)C1,0.8146,3.5079,-5.71,-7.81
COC(=O)Cn1c(C)cc(=O)c2cc(C)cc(C)c21,0.7759,2.266,-5.76,-7.7
C[C@@H](/C([O-])=C(\C#N)C(=O)Nc1ccccc1)c1ccc2c(c1)OCCO2,0.5193,3.1041,-5.8,-8.8
C[C@H]1C[C@H]1NC(=O)C(=O)Nc1ccc(-n2cccn2)c(Cl)c1,0.8497,3.0234,-5.75,-8.49
Cc1cccc(C(=O)NCC(=O)NC#N)c1,0.5648,2.0464,-5.22,-6.79
C[C@H]1OCC[C@@H]1C(=O)Nc1c(F)cc(S(N)(=O)=O)cc1F,0.8669,3.3653,-5.83,-7.98
C/C(=N/NS(=O)(=O)c1ccccc1)c1cccc(NC(=O)C2CCCCC2)c1,0.5702,2.0891,-6.5,-9.09
Cc1ccc([C@H]2CC[NH2+]C[C@@H]2C)s1,0.7045,4.8529,-5.06,-6.34
COc1ccc(CCNC(=O)N2c3ccccc3C[C@@H]2C)c(OC)c1OC,0.8465,2.6871,-6.15,-8.29
CCc1nn(C)cc1C(=O)N(C)C1CCC(NC(=O)OC(C)(C)C)CC1,0.8911,2.6397,-5.74,-7.84
CCCC[NH2+][C@@H](c1cccc(S(C)(=O)=O)c1)c1ccc(F)c(F)c1,0.7776,3.4919,-5.95,-8.63
COC(=O)c1cccc(NC(=O)COc2ccc(Br)cc2C(C)C)c1,0.7238,1.8946,-6.02,-9.09
CC[C@H]([NH2+]C1CCC(O)CC1)c1cccc(Br)c1,0.881,3.9472,-5.36,-7.06
CCCc1c(C(=O)N2CCC(C(=O)N(C)C)CC2)cnn1Cc1ccccc1,0.7719,2.3192,-6.02,-8.42
Cc1nc2sccn2c(=O)c1NC(=O)Nc1ccc(F)cc1F,0.7553,2.3953,-6.01,-8.72
CC[NH+]1CCC(O)(C[C@H]2CCCN(S(C)(=O)=O)C2)CC1,0.7345,4.4231,-5.65,-8.27
CC[C@@H](C)CN(CC)C(=O)Nc1ccc(F)c(C(=O)N(C)C)c1,0.8718,2.6776,-5.64,-7.99
CC(=O)NC[C@H]1CCC[NH+](Cc2nc3sc(C)c(C)c3c(=O)[nH]2)C1,0.7534,4.3555,-6.06,-8.86
CCN[C@]1(C#N)CC[C@@H](n2cc(C)cn2)C1,0.8411,3.9138,-5.23,-6.41
C[C@H](CC1CCCC1)C(=O)NCCNC(=O)c1ccccc1,0.7609,2.4004,-5.78,-8.09
CN1CCN(S(=O)(=O)c2ccc(NC(=O)CC(c3ccccc3)c3ccccc3)cc2)CC1,0.579,2.0602,-6.54,-8.91
O=C(Nc1ccccc1)c1cccc(NC(=O)c2c3c(cn2-c2ccccc2)CCC3)c1,0.4488,2.2266,-6.85,-10.07
Cn1cc(C(=O)/C=C/c2ccc(OC(F)(F)[C@@H](F)C(F)(F)F)cc2)cn1,0.4302,3.1222,-5.97,-8.61
Cc1ccc(C)c(S(=O)(=O)N2CCC(O)(C(F)(F)F)CC2)c1,0.9014,2.5026,-5.97,-8.27
Cc1n[nH]c(C(=O)Nc2ccc3[nH]ncc3c2)n1,0.6291,2.7081,-5.81,-8.2
O=C(/C=C/c1ccc(C(F)(F)F)cc1)OCc1cccc([N+](=O)[O-])c1,0.3471,2.1034,-6.04,-9.06
CSc1nc2nc3c(cn2n1)C(=O)CC(C)(C)C3,0.7356,3.0123,-5.83,-7.49
N#Cc1ccccc1COc1cccc(C(=O)N2CCN(c3ccc(Br)cn3)CC2)c1,0.5496,2.2028,-6.36,-9.09
CC[C@H]1CN(c2ccc3nnnn3n2)[C@@H](CC)C[NH2+]1,0.8038,4.6677,-5.72,-7.73
C[C@@H]1CCCC[C@@H]1NC(=O)C1=CN2CCS(=O)(=O)N=C2C=C1,0.8275,3.7051,-5.82,-8.03
O=C(CSc1nncc2ccccc12)N1CCN(c2cccc[nH+]2)CC1,0.66,3.1941,-6.2,-8.88
CC[C@@H](C)C(=O)[C@@](C)(CC)[NH+](C)C,0.6771,4.7443,-4.9,-5.63
[NH3+][C@H](CSc1ccccc1Cl)[C@@H]1CCO[C@]2(CCOC2)C1,0.8642,4.7203,-5.77,-7.94
CSCCCn1cnc2cc(-c3ccccc3)sc2c1=O,0.6701,2.311,-5.78,-8.24
Cn1c(CNc2ccc(F)cc2[N+](=O)[O-])nc2ccccc21,0.5928,2.0872,-6.06,-8.36
CC(C)=NNc1cc([N+](=O)[O-])cc2c1C(=O)N(C)S2=O,0.5168,3.9967,-5.67,-7.56
CC[C@@H](C)N(C)C(=O)NCc1cc(OC)c(OC)cc1Br,0.847,2.6559,-5.37,-6.76
O=C(CCc1ccsc1)N1CCc2ccc(Cl)cc2C1,0.8414,2.1654,-6.09,-7.78
C[C@H](CC(=O)NC1CCCC1)NC(=O)C1CCCCC1,0.8127,2.4352,-5.56,-8.17
Cc1cc(-n2cncn2)ccc1C(=O)Nc1ncnc2oc(C)c(C)c12,0.611,2.6362,-6.82,-9.51
O=C(N/N=C\C=C\c1ccc2c(c1)OCO2)[C@@H]1COc2cc3ccccc3cc2O1,0.5337,3.0912,-6.52,-9.71
C[C@H](c1ccco1)N(C(=O)NCCCc1nc2ccccc2s1)C1CC1,0.6111,2.978,-6.05,-8.57
Cc1cc(C)cc(CN2CCN(C(=O)c3c4c(nn3C)CCCC4)CC2=O)c1,0.8216,2.639,-6.51,-8.82
CCOc1ccc(NC(=O)c2cccc(NN)n2)cn1,0.5621,2.1957,-5.65,-7.64
COC(=O)[C@@]1(C(C)C)O[C@]12CCC[C@H](C(C)(C)C)CC2,0.5684,4.4408,-5.64,-8.06
C/C=C(\C)C(=O)N1CC[C@@H](c2ccc(OC)cc2)C1,0.781,2.6413,-5.28,-6.64
CC[C@@H]1CCC[NH+](Cc2ncn(-c3ccccc3)n2)C1,0.9138,4.2731,-5.78,-8.01
Cc1onc(-c2ccccc2)c1-c1nnc(C[NH+]2CC[C@H](C)C[C@@H]2C)o1,0.7809,4.3374,-6.14,-9.09
CCOc1ccc(OCC(=O)N2CCCc3cc(OC)ccc32)cc1,0.8073,1.9138,-6.0,-8.47
C[C@H]1CC[NH+](C2CCN(C(N)=O)CC2)[C@H](c2ccco2)C1,0.8595,4.7443,-5.49,-7.87
CCOc1cccc([C@H](C)[C@@H](C)O)c1,0.7979,2.6349,-4.95,-5.77
O=S(=O)(Nc1ccc2cn[nH]c2c1)c1ccccc1F,0.7782,2.0759,-6.13,-9.14
COc1ccccc1/C=c1/sc2nnc(-c3ccc(Cl)cc3)n2c1=O,0.5567,2.243,-6.42,-8.88
CCC[C@@H]1CNc2ccccc2C[NH2+]1,0.7255,4.0794,-5.27,-6.78
COC(=O)[C@H]1CCCCN1C(=O)c1cccc(OC)c1,0.7914,2.2276,-5.66,-7.49
CC(C)CC[NH+](CCC1([NH3+])CCCC1)C1CCCC1,0.7057,4.9593,-5.52,-7.45
Cc1cccc(CN2CCO[C@H](CO)C2)c1,0.8319,2.3912,-5.33,-6.61
CC(C)NC(=O)[C@H]1CCCN(S(=O)(=O)c2ccc3c(ccn3C)c2)C1,0.9042,2.703,-6.05,-8.59
C/C(=N\NC(=O)c1ccc(Cl)cc1)c1c([O-])n(-c2ccccc2)c2ccccc2c1=O,0.3936,2.5072,-6.77,-9.76
C[NH+]1CC[C@H](CNC(=O)C(=O)Nc2cccc(-c3nnnn3C3CC3)c2)C1,0.6016,4.0176,-6.07,-9.08
Cc1c([N+](=O)[O-])c(C(F)(F)F)nn1CCC[NH3+],0.6339,3.3761,-5.23,-6.29
Cn1cc(Cl)cc1C(=O)N[C@H]1C=C[C@H](C(=O)[O-])C1,0.7898,4.1082,-5.6,-7.77
Cc1nc2c(c(C)nn2C(C)(C)C)c(C)c1CCC(=O)N1CCN(C)CC1,0.8325,2.5782,-6.0,-8.06
O=C(COc1ccc(Br)cc1F)N1CCc2ccccc2C1,0.8338,1.9563,-5.99,-8.74
Cc1ccc(S(=O)(=O)N(CC(=O)N2CCc3ccccc3C2)Cc2cccc(C)c2)cc1,0.571,2.1755,-5.85,-9.27
Cc1ccc(Oc2ccc3c(c2)C(=O)N(c2ccc(O)cc2)C3=O)cc1C,0.6941,2.0218,-6.44,-8.71
C[C@@H]1C[C@H]1C(=O)Nc1ccc(F)cc1C(=O)NCC(=O)N1CCN(c2ccc(Cl)cc2)CC1,0.6764,2.9081,-6.47,-8.82
CC(C)c1ccc(O[C@H](C)C(=O)Nc2cccc(C(=O)[O-])c2)cc1,0.8847,2.6208,-5.91,-8.93
C[C@H](Oc1cccc(Cl)c1)C(=O)N1CCC[NH+](Cc2noc(-c3ccccc3)n2)CC1,0.6358,3.8794,-6.4,-8.73
COc1ccc([C@@H]2C[C@H](C)N(C(=O)c3[nH]nc(C4CC4)c3Cl)C2)cc1,0.8982,3.4215,-5.93,-8.48
O=C(N[C@H](c1ccc(F)cc1)[C@H]1CCCO1)c1ncoc1-c1ccco1,0.7537,3.3652,-6.2,-8.47
Cc1nc(Cn2cccc(C(F)(F)F)c2=O)n(C)n1,0.8289,2.6632,-5.71,-7.74
CC[C@@H](C)N/C(N)=[NH+]/Cc1cccc(Br)c1OC,0.5548,3.7397,-5.34,-7.16
Cc1cccn(Cc2nc(-c3ccc(S(C)(=O)=O)cc3)no2)c1=O,0.7135,2.2327,-6.2,-8.74
CCCN1CCN(C(=O)c2nn(-c3ccc(C)cc3)c(OCC)cc2=O)CC1,0.7631,2.33,-6.22,-8.74
CCc1nnc(N2C(=O)c3oc4ccc(C)cc4c(=O)c3[C@H]2c2ccccc2OC)s1,0.4777,2.9591,-6.1,-8.74
C[C@@H]([NH2+][C@H]1CC(C)(C)Oc2ccccc21)c1nc2c(s1)CCCC2,0.9163,4.1247,-6.25,-8.16
C[C@]1(c2ccc(Cl)s2)NC(=O)N(C[C@H](O)COCc2ccccc2)C1=O,0.7076,3.1749,-6.14,-8.15
C[C@@]1(c2ccccc2)C[NH+]=C(N)N1C[C@@H]1CCCO1,0.7907,4.0221,-5.64,-7.15
Cc1c(C(=O)Nc2cc(C(C)(C)C)nn2C)nnn1-c1ccccc1,0.7964,2.336,-6.19,-8.89
N[C@@H]1CS(=O)(=O)C[C@H]1Cl,0.4906,4.1401,-4.78,-5.65
Cc1noc(C)c1C(=O)NC[C@@H](c1ccccc1Cl)c1c[nH]c2ccccc12,0.5015,2.7811,-6.75,-9.08
CC(C)(CCBr)c1ccc(F)c(F)c1,0.7221,2.4094,-5.06,-5.73
Cc1ccc(S(=O)(=O)N2CCN(Cc3nonc3C)CC2)cc1,0.8344,2.1786,-5.92,-8.25
Cc1occc1-c1cc(NC(=O)NCc2ccncc2)n(CCO)n1,0.6371,2.5802,-5.75,-8.91
Cc1n[nH]c2cc(NC(=O)CCc3nc(-c4ccsc4)no3)ccc12,0.5717,2.5296,-6.44,-9.39
COc1cccc(C(=O)N2CCn3cccc3[C@H]2c2ccccc2)c1,0.7321,2.4862,-6.5,-8.41
CCOc1cccc2c1[C@@H](C)[C@H](C)[C@@H]2O,0.8059,3.3885,-5.31,-6.1
CC(C)n1nc(-c2ccccc2)cc1NC(=O)[C@H]1CCS(=O)(=O)C1,0.9213,2.848,-6.19,-8.71
CCc1ccc(Nc2ncnc(N(C)Cc3ccccc3)c2[N+](=O)[O-])cc1,0.4968,2.1842,-5.92,-8.8
CSCC(=O)N[C@@H](C)c1ccc(Br)cc1,0.9225,2.3269,-5.14,-5.92
Cc1ccc(OCC(=O)N[C@@H](C)CCCO)cc1C,0.792,2.3285,-5.4,-6.52
CS[P@]1(=S)N=C(N2CCCCC2)C(C#N)=C2CCCN21,0.6914,4.1146,-5.7,-7.09
CC1(C)/C(=N/N)[C@]2(C)CC[C@H]1C2,0.4344,4.9444,-4.29,-5.87
Cc1cccc(C)c1OCCNC(=O)c1ccc([S@](=O)C(C)C)cc1,0.7682,2.7088,-6.03,-9.06
COc1cccc(C[NH2+][C@@H](C)c2ccc(Cl)cc2)c1,0.8918,3.1528,-5.64,-8.12
CC(C)[C@H](C)NC(=O)N[C@H](CO)c1ccc(Cl)cc1,0.7785,2.7696,-5.37,-6.53
C[C@H]([NH2+]CC1(CO)COC1)c1ccc(S(=O)(=O)N(C)C)cc1,0.711,3.7489,-5.59,-7.7
O=C(NCc1nnc2n1CCCCC2)N[C@@H]1CCCC[C@H]1OC1CCCC1,0.8287,3.3479,-6.22,-8.15
CCOC(=O)[C@H]1CCCN(C(=O)c2csc(COc3ccc(C)cc3C)n2)C1,0.6885,2.6955,-5.75,-8.17
CCCCCc1ccc(OS(=O)(=O)c2cn(C)cn2)cc1,0.5826,2.3659,-5.6,-7.73
COc1ccc(-n2c(CCl)nc3c(C)nn(C)c32)cc1C,0.6984,2.6499,-5.97,-8.7
CN(C)c1ccc(CNC(=O)[C@H]2CC(=O)N(Cc3cccc(C(F)(F)F)c3)C2)c[nH+]1,0.7782,3.5551,-6.44,-9.64
CC(C)COC1CCN(C(=O)NC[C@@H](c2ccccc2)[NH+](C)C)CC1,0.7881,3.5111,-5.73,-8.25
FC(F)(F)c1ccnc(Sc2nc3ccccc3o2)c1,0.7026,2.4318,-6.0,-8.29
O[C@@H](CNc1ccc(OC(F)F)cn1)c1ccco1,0.8434,2.9474,-5.52,-7.51
O=[N+]([O-])c1cc(Cl)ccc1OC1CC[NH2+]CC1,0.6565,3.4207,-5.5,-7.02
Cc1ccc(-c2cc(C(=O)[O-])ccc2F)cc1O,0.8781,2.4495,-5.96,-7.93
Cc1cc([C@@H](C)NS(=O)(=O)CCO)c(C)o1,0.8088,3.0331,-5.31,-5.95
C[C@H](C(=O)NC[C@H]1CCC(C)(C)c2ccccc21)N1CC[NH+](C)CC1,0.8605,4.1695,-5.96,-8.13
Cc1onc(-c2ccccc2Cl)c1C(=O)Nc1ccc(C(=O)NC(C)(C)C)cc1,0.6262,2.1297,-6.44,-9.41
O=C1C[C@H](c2ccc(S(=O)(=O)NC(c3ccccc3)c3ccccc3)cc2)CN1,0.6592,2.6427,-6.6,-8.57
Cn1cc(/C=C/C(=O)c2ccc(Cl)c([N+](=O)[O-])c2)c(C(C)(C)C)n1,0.3596,2.6316,-5.97,-8.41
COc1ccccc1C[NH+](C)[C@@H](C)c1ccc(C(=O)[O-])o1,0.8371,4.2784,-5.67,-7.84
CCOC(=O)[C@H](CC)N1CCN(C(=O)C[NH+]2CCCC2)CC1,0.6494,4.0252,-5.5,-7.56
CC1(C)C[C@H]2C[C@](C)(CN2c2cncc(/C(N)=[NH+]\NC(=S)N3CCCC3)n2)C1,0.2947,5.0903,-5.91,-7.61
Cn1c(C(=O)NCc2nccc3ccccc23)cc(Cl)c1Cl,0.7917,2.3357,-6.22,-9.33
O=C(CSc1nnc(COc2ccccc2)o1)N1CCCCC1,0.7573,2.0607,-5.78,-8.44
Nc1ccc(-n2cc[nH]c2=O)cc1,0.6279,2.3593,-5.36,-6.19
COc1ccc2c(c1)=[NH+][C@H](SCC(=O)c1ccc3c(c1)OCO3)[NH+]=2,0.5992,4.1166,-5.91,-8.38
[NH3+][C@@H](Cc1cccc(F)c1F)[C@H]1CN2CCC[C@@H]2CO1,0.8981,4.0903,-5.77,-7.24
O=C(C[NH+]1CCC(OCc2ccccc2F)CC1)Nc1ccc(F)cc1,0.8282,3.1094,-6.19,-8.69
COc1ccc(Cl)cc1[C@@H](CC(C)C)NC(=O)N[C@@H]1C=C[C@H](CO)C1,0.6446,3.6719,-5.62,-7.61
COc1cc([C@H]2NC(=S)NC(C)=C2C(=O)N/N=C/c2cccc([N+](=O)[O-])c2)ccc1O,0.2318,3.0789,-6.43,-7.95
Cn1ccc(C(=O)N2CCC(CO)CC2)cc1=O,0.817,2.2119,-5.6,-6.78
CC(C)(C)OC(=O)N1CCC[C@@H]([S@](=O)c2ccc(F)c(F)c2)C1,0.8244,3.3882,-5.82,-8.09
Cc1noc(-c2ccnc(-n3cnc(C(=O)NCc4cccs4)c3)c2)n1,0.5829,2.6687,-6.35,-8.77
COc1ccc([C@@H]2CCCN2C(=O)NC[C@H]2CC=CCC2)c(OC)c1,0.8242,3.1003,-5.67,-8.44
Cc1ccc(N(C)C(=O)C=C2CCSCC2)cc1,0.7604,2.8409,-5.37,-6.86
CCCOC(=O)CCN1C(=O)/C(=C/c2cccc(Br)c2)SC1=S,0.4003,2.2966,-5.5,-6.61
COCCOC1CCN(c2cc(C)[nH+]c3c(F)cccc23)CC1,0.7951,3.221,-5.96,-8.6
Cc1cccnc1C[NH+](C)Cc1ccc(F)cc1Cl,0.9096,3.6473,-5.69,-7.39
CC(C)C[C@@H](C[NH3+])c1nc2ccccc2n1CC(F)(F)F,0.9063,3.4315,-5.8,-7.73
CC[C@H](C#N)OC(=O)CCSc1ccccc1,0.5741,2.8073,-5.06,-6.58
O=C(N[C@@H](C(=O)N1CCCCC1)C1CCN(C(=O)c2cccs2)CC1)c1ccccc1Cl,0.7113,2.7647,-6.48,-7.87
CC[C@@H](CSC)N(C)C(=O)/C=C/c1cn(C)c2ccccc12,0.7576,3.179,-5.69,-8.41
Cc1ccc(O[C@H](C)CNC(=O)CNC(=O)c2ccsc2)cc1,0.8179,2.5388,-5.65,-7.95
Cc1ccc([C@@H](C)N(C)C(=O)N[C@H](C)Cc2cccs2)cc1,0.8715,2.8863,-5.67,-7.66
Cc1cccc(CS(=O)(=O)NCC[NH+]2CCN(c3ccc(F)cc3)CC2)c1,0.7381,3.2181,-5.66,-8.73
COc1ccc(Cc2n[nH]c(SCc3ccc(Cl)cc3)n2)cc1,0.6747,2.1914,-5.88,-8.77
CNC(=O)[C@H]1CCC[NH+](C[C@H](O)COCc2ccccc2)C1,0.6426,4.2269,-5.74,-7.67
CCOc1ccc(NC(=O)C(=O)NCCc2cccc(F)c2)c(C)c1,0.7921,1.8974,-6.1,-8.99
CN(C)c1cc(C(F)(F)F)nc(NCCCO)n1,0.7862,2.5638,-5.31,-6.47
COc1ccc(Br)c(CC(=O)c2c(F)cccc2F)c1,0.7809,2.0332,-5.85,-8.66
O=C(Nc1ccc(F)c(C(F)(F)F)c1)c1ccc(=O)n(Cc2ccccc2)n1,0.6901,2.1045,-6.33,-9.19
CC[C@]1(C)NC(=O)CCN(C[C@]2(C)CCCO2)C1=O,0.8328,3.8675,-5.54,-7.5
CC[C@H]1CCC[C@@H](C(=O)[C@@](C)(CC)N2CCOCC2)C1,0.7743,3.6905,-5.68,-7.5
O=C([O-])[C@@H]1CC[C@@H](CNC(=O)N2CC[NH2+]CC2)O1,0.5584,4.8738,-5.58,-7.13
c1coc(CN2CCO[C@H](c3ccco3)C2)c1,0.8158,2.8711,-5.58,-7.07
O=C(C1CCC1)N1CCN(c2ccc(-c3noc(C(F)(F)F)n3)c[nH+]2)CC1,0.8118,3.3383,-6.14,-8.41
C[C@@H](OC(=O)COc1ccc2ccc(=O)oc2c1)c1ccc([N+](=O)[O-])cc1,0.2835,2.7153,-6.26,-8.64
O=C(N[C@H]1C[C@@H](CO)[C@H](O)C1)c1ccc(Oc2ccccc2)cc1,0.7875,2.9417,-5.95,-8.64
CC(C)[NH2+]Cc1cc(F)ccc1N1CCC(C(N)=O)CC1,0.8508,2.9936,-5.79,-7.98
[NH3+][C@@H]1CC[C@H](Nc2c(Cl)cc(Cl)cc2Cl)C1,0.8577,3.8115,-5.54,-7.68
CCCC(CBr)(CCC)CN1CCO[C@H](C#N)C1,0.6767,3.7509,-5.23,-7.3
COc1ccc(S(=O)(=O)N[C@@H](C)c2cccc(-n3cncn3)c2)cc1,0.7307,2.5471,-6.07,-8.59
COc1cc2c(cc1OC)CN(C(=O)CSc1nnc3scc(-c4ccccc4)n13)CC2,0.3978,2.5142,-6.45,-9.52
Cc1nnc(SCC(=O)Nc2ccc(N3CCCCC3)nc2)s1,0.837,2.1962,-5.86,-8.06
Cc1cccc([C@H]2CCCN2c2cc(Cl)nc(N)n2)c1,0.8611,2.7513,-5.87,-7.93
COc1ccc([C@@H]2CCCN2C(=O)C2=NC=C(C(C)=O)C2)cc1,0.8586,3.0854,-5.75,-7.57
COC(=O)[C@@H]1CCCCC[C@@H]1NC(=O)c1ccc([S@](C)=O)cc1,0.6757,3.2005,-5.89,-8.11
O=C(CSc1nnc(-c2ccc(F)cc2)o1)Nc1ccccc1F,0.7122,1.9251,-6.06,-9.19
CCC(CC)[C@@H](C[NH3+])Nc1cc(OC)ccc1F,0.7851,3.3473,-5.24,-6.87
Cc1ccc(F)c(C[NH+]2CCCC[C@H]2CN2CCCC2=O)c1,0.8996,4.2213,-6.03,-7.46
Brc1cc(Br)nc([C@@H]2CCOC2)c1,0.7439,3.4775,-5.28,-6.9
Cc1ccc2c(c1)nc(C[C@@H](O)C(F)(F)F)n2C,0.8975,2.8783,-5.65,-7.41
O=C(COc1ccccc1N[C@@H]1CCC[C@@H](C2CC2)C1)N1CCOCC1,0.8476,2.9447,-5.89,-8.05
CCOC(=O)c1cccc(N[C@H]2CSCC(C)(C)C2)c1,0.8568,2.9797,-5.61,-7.82
O=[N+]([O-])c1ccc2nc(N[C@@H]3C=CS(=O)(=O)C3)oc2c1,0.6727,3.3841,-5.98,-8.25
Cn1nncc1CN1CCC[C@@H]([NH+]2CCCCCC2)C1,0.8606,4.5284,-5.52,-7.33
N#Cc1ccccc1OCC[NH+]1CCC[C@@H](O)C1,0.7858,4.3504,-5.42,-6.98
Cc1ccc(S(=O)(=O)N[C@@]2(c3cccc4c3NCC4)CCCCC2=O)cc1,0.8483,3.2601,-6.55,-9.21
CCc1ncsc1C(=O)O[C@@H](C)c1ccccc1N(C)C,0.7901,3.1363,-5.61,-7.52
CS(=O)(=O)c1ccc2c(c1)CCCN2Cc1cccc2cccnc12,0.7227,2.1952,-6.35,-9.05
C[C@@H](O)[C@@H](NC(=O)Nc1ccc(F)cc1F)C(=O)[O-],0.6934,3.1742,-5.54,-7.25
Cc1ccc(C(=O)NC2=c3ccccc3=[NH+][C@@H]2C(=O)NCCc2ccc(Cl)cc2)cc1,0.5343,3.3308,-6.34,-9.31
COc1ccc(-c2cc(F)cc(C(=O)[O-])c2)cc1C,0.8484,2.3337,-5.77,-7.72
CCNC(=O)c1ccc(C)c(NC(=O)N[C@H](C)C(C)(C)c2ccccc2)c1,0.7148,2.6153,-6.11,-9.48
Cc1ccc([C@@H](C)NC(=O)C(=O)Nc2cccnc2-n2cccn2)o1,0.7078,2.9344,-6.09,-8.32
O=C(c1cn(Cc2ccccc2)nc1-c1ccc(Cl)cc1)N1CCN([C@@H]2CCS(=O)(=O)C2)CC1,0.5397,2.8504,-6.43,-8.69
CO[C@@]1(C)C[C@H](NC(=O)N[C@@H]2CCC[C@@H]2C(N)=O)C1(C)C,0.7262,4.1527,-5.67,-7.77
COc1cc(C(=O)N2CCc3c(sc(N)c3C#N)C2)ccc1C,0.9195,2.3891,-5.8,-8.06
CC1(C)CCC[C@H]1NC(=O)[C@@H](N)c1ccccc1,0.86,3.0219,-5.63,-7.65
CC(C)c1cccc2c1OCC[C@H]2[NH2+]Cc1nncn1C(C)C,0.9224,4.0629,-5.87,-8.3
Cc1c(N2C(=O)/C(=C\c3ccc4c(c3)C[C@@H](C)O4)SC2=S)c(=O)n(-c2ccccc2)n1C,0.4302,3.1425,-6.44,-8.81
Cc1nn(C)c(C)c1C(=O)N[C@H]1CCc2ccccc21,0.91,2.5524,-6.06,-8.22
Cc1ccccc1Cn1cc(NC(=S)N2CCC[C@H](C)C2)cn1,0.8717,2.683,-6.03,-8.28
CCOCCN1CC[NH+](C[C@H]2CCCCO2)CC1,0.6672,4.1484,-5.32,-6.7
COc1ccc([C@]2(C)NC(=O)N(CC(=O)Nc3cccc(C(C)=O)c3)C2=O)cc1,0.5769,2.4989,-6.26,-8.97
NC(=O)[C@H]1CCN(C(=O)CCC(=O)c2ccc3c(c2)CCC3)C1,0.8358,2.5766,-6.0,-8.33
CCCNC(=O)C[S@@](=O)Cc1nc2ccccc2s1,0.8875,2.8901,-5.53,-7.97
Cc1ccc2c(c1)[C@H]([NH2+]C[C@@](C)(O)C[NH+](C)C)CC2,0.6557,5.0619,-5.61,-7.39
N#C/C(=C\c1ccccc1)C(=O)Nc1sc2c(c1C(N)=O)CCCC2,0.6534,2.3226,-5.07,-8.55
Cc1ccc(Br)c(NC(=O)C(C)(C)F)c1,0.8789,2.248,-5.34,-6.36
CCOC(=O)C1=c2s/c(=C\C(=O)OC)c(=O)n2C(N)=C(C#N)[C@@H]1c1ccccc1F,0.6869,3.3005,-6.18,-8.33
O=C1N=C(N2CCC(Cc3ccccc3)CC2)S/C1=C\[C@@H]1C=NN=C1c1ccccc1,0.6711,3.4154,-6.35,-8.23
Cc1ccc([C@H]2CN(c3ccc4nnc(C)n4n3)CCO2)c(C)c1,0.7255,3.0057,-6.12,-8.46
CCOC[C@@H](O)CN1CCN(C(=O)C2CCC2)CC1,0.7555,2.5189,-5.28,-7.19
O=C(NCc1csc(=O)[nH]1)c1cc2cccc(Cl)c2o1,0.781,2.7154,-5.96,-8.96
O=C(CSc1nc2ccccc2s1)N1CCN(C[C@@H]2CCCO2)CC1,0.75,2.6588,-6.13,-8.03
Cc1cccc(CC(=O)N2CCC(c3nc(-c4nccs4)cc(=O)[nH]3)CC2)c1,0.7373,2.6385,-5.96,-8.66
C=CCN1C(=O)/C(=C/c2ccc(Cl)c([N+](=O)[O-])c2)SC1=S,0.2752,2.4509,-5.56,-6.51
CN1N[C@H](C(=O)N[C@@H](CC2=c3ccccc3=[NH+]C2)C(=O)[O-])c2ccccc2C1=O,0.4886,4.665,-6.42,-8.9
Cc1nc(-c2cccc(CNC(=O)c3ccc(-n4cncn4)nc3)c2)n[nH]1,0.5596,2.4418,-6.53,-9.75
C[C@@H](c1ccccn1)N(C)C(=O)Nc1cccc(C2SCCS2)c1,0.8527,3.0438,-6.01,-8.12
ClCCn1cc(-c2ccccc2)cn1,0.7066,1.9803,-5.41,-6.46
O=C(NN1CCCCC1)[C@@H]1CN(Cc2ccccc2)CCO1,0.9132,2.6863,-5.79,-7.67
NC(=O)N1CC[NH+](CCO)CC1,0.4248,4.6931,-4.9,-5.54
O=C(c1cccc2c1OCC2)N1CCC(c2[nH]ncc2-c2ccccc2)CC1,0.754,2.4245,-6.69,-9.11
Cc1ccc2c(c1)N[C@H](c1ccccc1)CN2,0.7734,2.7304,-5.47,-7.47
N#Cc1cccnc1Nc1cccc(Cn2cccn2)c1,0.7946,2.2178,-5.74,-7.59
Cc1noc2nc(-c3ccccc3)cc(C(=O)OC[C@@H]3CCCCO3)c12,0.6626,2.7394,-6.41,-8.87
COCC[NH+](C)CC(=O)Nc1c(C)cc(C)cc1Cl,0.8207,3.7687,-5.31,-6.85
C[C@]1(CO)CCCN(C(=O)NCCC2CCN(c3cc[nH+]cc3)CC2)C1,0.8416,3.8998,-5.84,-8.51
COc1ccccc1NC(=O)[C@H](C)Sc1nc2ccc(Br)cc2c(=O)n1C[C@@H](C)O,0.3864,2.9509,-6.13,-8.79
Cc1cn(-c2ccccc2Cl)nc1NC(=O)N1CC[C@H]2OCCC[C@@H]2C1,0.8676,3.3686,-6.31,-8.42
C[C@]1(c2ccc(Cl)cc2Cl)NC(=O)N(CC2(CS(C)(=O)=O)CCC2)C1=O,0.7443,3.2761,-6.12,-8.25
CC(C)[C@H](NS(C)(=O)=O)c1nnc2n1CC[NH+](Cc1ccccc1-c1ccco1)CC2,0.5749,4.3418,-6.58,-8.72
[NH3+][C@@H](CCCCC(=O)[O-])c1ccc(-c2ccccc2)cc1,0.7891,3.2417,-5.81,-8.37
CC(C)Sc1ccccc1C(=O)NC[C@@](C)(O)c1ccc(F)cc1F,0.7579,2.8404,-6.18,-8.93
C/C(=C\C(=O)OCc1ncc(Cl)n1C)c1ccccc1,0.6413,2.4458,-5.64,-7.81
C[C@H]([NH3+])c1ccccc1N(C)CCc1cccs1,0.8812,3.2268,-4.92,-7.07
O=C(Nc1ccc(F)cc1)NC1CCN(C(=O)CCc2nc(-c3ccccn3)no2)CC1,0.6117,2.3132,-6.53,-8.87
CC1(C)CCC[C@@H]1Nc1cc([N+](=O)[O-])ccc1F,0.6584,2.9118,-5.59,-7.69
CCn1c(SCC(=O)NCC(F)(F)F)nnc1-c1ccccc1C,0.8066,2.2095,-5.83,-8.45
O=C(Nc1ccc(Cl)c(C(=O)NC2CC2)c1)c1cnn(-c2ccccc2F)c1,0.6858,2.1205,-6.35,-9.14
CCc1ccc(NC(=O)N[C@H]2CC(=O)N(c3cccc(OC)c3)C2)cc1,0.8672,2.415,-6.25,-9.08
COc1ccc(-c2noc(-c3ccc(S(=O)(=O)NC(C)C)o3)n2)cc1,0.7171,2.3602,-6.11,-8.84
Cn1cccc1C(=O)CN1C(=O)N[C@@H](Cc2ccccc2)C1=O,0.6695,2.7668,-5.9,-7.84
Cc1ccc(-c2n[nH]c(=O)n2/N=C/c2ccccc2)cc1,0.7478,2.1362,-6.2,-8.44
COc1ccc(NC(=O)C2CC2)cc1OCc1ccc2ccccc2n1,0.7262,1.9184,-6.34,-9.61
Cc1cc([C@@H](O)[C@H](C)c2ccncc2)sc1Br,0.9272,3.5541,-5.56,-7.02
Cc1sc(NC(=O)C2CC2)c(C(=O)NCc2n[nH]c(=S)n2C(C)C)c1C,0.6554,2.7342,-6.22,-8.29
Cn1cc(C(=O)C[C@@H]2CCCN2S(=O)(=O)c2ccc(C#N)cc2F)cn1,0.7423,3.074,-6.12,-8.54
CC[C@@H](CNC(=O)NCc1nncn1CC)c1ccccc1,0.8239,2.7776,-5.74,-8.38
CCc1cnc(NC(=O)CNC(=O)c2ccccn2)s1,0.8731,2.1485,-5.58,-7.74
CC(=O)Nc1ccc(NC(=O)c2cccc(N3C(=O)[C@@H](C)CS3(=O)=O)c2)cc1,0.8156,2.6509,-6.43,-9.1
Cc1ccc2c(c1)[C@@H](NC(=O)c1c(C)cc(C)[nH]c1=O)CC1(CCOCC1)O2,0.8364,3.6557,-5.57,-8.81
CCCC1(CNC(=O)C(=O)Nc2ccc(C)nc2Br)CCC1,0.6195,2.7345,-5.59,-7.51
CC[C@@H]1CCCCN1S(=O)(=O)c1ccc(F)c(C(=O)Nc2ccc(F)c(Cl)c2)c1,0.7212,2.6116,-6.45,-8.94
O=C(CSCc1cccc(Cl)c1)Nc1ccc(Cl)cc1,0.8496,1.6847,-5.79,-8.68
C[C@H](C(=O)Nc1c(F)c(F)c(F)c(F)c1F)[NH+](C)Cc1ccc(Cl)cc1,0.4567,3.9162,-6.23,-8.57
OC[C@@H](C[C@H]1CSc2ccccc21)c1ccccc1,0.9044,3.1313,-5.74,-7.59
O=C(Nc1ccccc1OCc1cscn1)c1c(O)cc(Cl)cc1Cl,0.6388,2.3712,-6.17,-8.61
Cc1cccc(C)c1N/C(SCc1ccccc1Cl)=C(/C#N)S(=O)(=O)c1ccccc1,0.4022,2.5645,-6.33,-8.37
C[C@H](NCC(=O)Nc1ccc(Cl)c(Cl)c1)c1ccccc1,0.862,2.1166,-5.96,-8.8
Cc1ccc([C@@](C)(O)CNC(=O)N[C@H](C)C[NH+]2CCCCC2)o1,0.6171,4.7107,-5.85,-7.73
CCc1ccc(-c2csc(/C(C#N)=C/Nc3ccc4c(c3)OCCO4)n2)cc1,0.6136,2.5071,-6.37,-9.1
C[NH+](C)Cc1nc(=O)c(-c2ccccc2)c([O-])[nH]1,0.7399,3.7248,-5.87,-7.59
O=C1NC(=O)N(c2cccc(Cl)c2Cl)C(=O)/C1=C/c1cccn1-c1ccccc1,0.4971,2.4509,-6.54,-9.21
COc1ccccc1-c1coc2c(C[NH+]3CCCC[C@H]3C)c(O)ccc2c1=O,0.73,4.0619,-6.69,-9.18
C[C@H](CNC(=O)NCc1ccc2c(c1)CCC2)C[C@@H](C)O,0.7531,2.9724,-5.84,-8.3
C[C@](NC(=O)/C=C/c1ccco1)(C(=O)[O-])C(F)(F)F,0.8108,3.6736,-5.45,-6.85
N#Cc1ccccc1OCCN1CC[NH+](CCCO)CC1,0.712,3.4933,-5.45,-6.78
C[C@H](CC(=O)N(C)C)[NH2+]C[C@H](C(=O)N1CCOCC1)c1ccccc1,0.7577,3.7058,-5.75,-7.81
Clc1ccc(-c2nc(-c3cccnc3)no2)cn1,0.6615,2.1553,-5.66,-7.51
COc1ccc(/C=N\NC(=O)[C@H]2COc3ccccc3O2)cc1O,0.6584,2.7073,-5.82,-8.59
COc1ccc2c(c1)C=C(C(=O)N(C)c1cccc(C#N)c1)CO2,0.8719,2.4992,-5.97,-7.85
C=C(C)CN(CC)C(=O)[C@@H](C)Nc1ccc(N2CCCC2)c(F)c1,0.7738,2.8157,-5.63,-8.26
C[C@H]1CCCCN1C(=O)C1CCN(C(=O)N(C)Cc2ccccc2)CC1,0.8326,2.548,-6.24,-8.73
O=C(N[C@H]1CCCOc2c1ccc1ccccc21)C1CC1,0.9134,2.5714,-6.27,-8.48
C[C@@]1(c2ccc(Cl)cc2)NC(=O)N(CC(=O)c2ccc3c(c2)OCCO3)C1=O,0.6298,2.7086,-6.41,-9.01
O=C(NCCOCC(F)(F)F)N1CCC(Cc2ccccc2)CC1,0.8053,2.1624,-5.89,-8.26
Cc1cccc(C)c1NC(=O)CSc1nnc(-c2cccc(NC(=O)c3ccccc3F)c2)n1C,0.3476,2.213,-6.72,-8.77
COc1ccc(N2C(=O)NC(=O)/C(=C(/C)NCc3ccccc3C(F)(F)F)C2=O)cc1,0.5579,2.4228,-6.29,-8.91
CCN1C(=O)[C@@]2(c3ccccc31)c1c(oc3ccccc3c1=O)C(=O)N2CCCOC,0.5955,3.4574,-6.29,-8.39
C[C@@H](CCc1ccccc1)NC(=O)C1CCN(C(=O)[C@H]2CC(=O)N(c3ccccc3)C2)CC1,0.7072,2.8377,-6.42,-9.32
Cc1ccccc1Cn1cc(C(=O)N2CCCC[C@@H]2CCn2cccn2)nn1,0.6613,2.9264,-6.24,-8.17
O=C(Cc1ccc(NC(=O)C2CC2)cc1)Oc1ccc2nccnc2c1,0.5664,2.0697,-6.1,-9.04
O=C(Nc1cccc(CNS(=O)(=O)c2ccccc2)c1)C1CC1,0.8544,1.7195,-6.13,-9.15
O=C1CCCN1CCC(=O)N1CCN(c2ncccc2F)CC1,0.8264,2.244,-5.93,-7.93
COc1nc2cc(C)ccc2cc1C[NH+](Cc1ccccn1)C[C@@H]1CCCO1,0.6868,3.9784,-5.92,-7.73
Cc1ccc(CNC(=O)c2cccc(C#N)c2)cc1,0.9102,1.6042,-6.09,-8.14
COC(=O)C1(c2ccccc2)CC[NH+](CC(=O)Nc2ccc(SC)cc2)CC1,0.5772,3.2471,-6.12,-8.42
CCOc1ccc(NC(=O)c2cc(C)nc3c2c(C)nn3-c2ccc(F)cc2)cc1,0.5174,2.093,-6.89,-9.46
CCCC(=O)N[C@H]1CCC[NH+](C[C@H](O)c2cc(C)ccc2C)C1,0.7402,4.2987,-5.26,-8.27
COc1ccc(-c2cc(-c3cnn(C(C)C)c3)c(C#N)c(N)n2)cc1OC,0.7425,2.477,-6.1,-8.61
Cc1ccsc1C(=O)NC1CC[NH+](Cc2ccccc2)CC1,0.8893,3.3138,-5.89,-7.38
CCOC(=O)C1=NN(c2ccc(F)cc2)[C@]2(N3CCOCC3)CCC[C@@H]12,0.7711,3.712,-5.94,-7.68
O=C1OCCN1C[C@H]1CN(c2ccccc2)C(=O)O1,0.8272,2.7708,-5.66,-7.2
CC1(C)CN(CC(=O)[O-])c2ccc(S(=O)(=O)N3CCCCC3)cc21,0.798,2.8219,-5.93,-7.83
COc1ccc(OCC(=O)Nc2nc(-c3cc(C)ccc3OC)cs2)cc1,0.6626,1.9297,-5.42,-8.92
Cc1cccnc1C[C@@H](N[C@H]1CCSc2ccccc21)C(F)(F)F,0.864,3.4617,-6.01,-7.9
CCc1ncc(C(=O)OC[C@H]2CC[NH+](Cc3ccccc3)C2)s1,0.8232,4.2015,-5.71,-7.9
CCC[C@@]1(C)CCC[NH+](CC(=O)NCC#N)C1,0.668,4.9502,-5.12,-6.32
CCn1nc(C)cc1NC(=O)c1cc(-c2ccc(OC)cc2)[nH]n1,0.7552,2.3237,-6.15,-9.31
C[NH+]1CCCC[C@H]1C(=O)N1CCN(c2cccc(Cl)n2)CC1,0.8036,4.035,-5.99,-8.27
CC1CC[NH+](CCCNC(=O)NCc2ccc(Cl)nc2)CC1,0.5442,3.5234,-5.64,-8.15
CC1(C)CCC[C@H]1n1c(N)[nH+]c2ccccc21,0.8041,4.152,-5.74,-7.67
CC[C@@](C)([C@H](O)c1ccc(C)nc1)[NH+]1CCCCC1,0.8668,4.6008,-5.56,-7.49
Cc1cc([N+](=O)[O-])cc(S(=O)(=O)N2CCC[C@H]2c2ccccc2)c1C,0.6144,2.6479,-6.28,-8.11
COCCN1CCC[C@@]2(CCN(C(=O)CCc3nc(Cl)n[nH]3)C2)C1=O,0.8032,3.7966,-5.81,-7.92
Cc1cc(C)cc(Nc2ncnc(NCC[NH+]3CCCCC3)c2N)c1,0.6453,3.5256,-5.87,-8.53
Cc1ccc(N(CCC(=O)N2CCC(C)CC2)S(=O)(=O)c2ccc(C)cc2)cc1,0.7135,2.1313,-6.29,-8.15
C[C@H](c1ccc(F)c(F)c1)N(C)C(=O)C1CCCCC1,0.8177,2.5026,-5.74,-7.54
Cc1noc(C)c1S(=O)(=O)N1CCN(C(=O)[C@@H](C)Nc2ncnc3sc(C)c(C)c23)CC1,0.5926,3.1559,-6.4,-8.7
Cc1cccc([C@H](N[C@@H](C)c2ccc(C)c([N+](=O)[O-])c2)c2ccccn2)c1,0.4928,3.0121,-5.99,-8.77
C[C@@H]1CC[C@](C#N)(c2c([O-])n(-c3ccccc3)n(-c3ccccc3)c2=O)C1,0.721,3.6577,-6.41,-8.62
CC1(C)C(CNc2ccc(N)cn2)C1(C)C,0.8215,2.7391,-5.45,-6.49
O=C(Cn1c2ccccc2c(=O)c2ccccc21)N/N=C/c1ccc([N+](=O)[O-])cc1,0.2402,2.2044,-6.71,-10.1
O=C([C@@H]1CCC(=O)N(C2CCCC2)C1)N1CC(Oc2ccccc2Cl)C1,0.8108,2.8087,-6.02,-8.43
C[C@H](SC[C@@H](O)CO)C(=O)NC1CCCCC1,0.6646,3.0337,-5.42,-6.76
O=C1NC(=O)[C@@H](Cc2ccc(NC(=O)C3(c4ccccc4F)CC3)cc2)N1,0.7086,2.8044,-6.32,-8.94
CC[C@H](Oc1ccccc1N)C(=O)c1ccc(C)cc1C,0.668,2.5393,-5.92,-8.21
Cc1ccc(S(=O)(=O)Oc2ccc3oc(=O)cc(C)c3c2)cc1,0.5446,2.0796,-6.19,-8.66
O=C(N[C@@H](c1cccc(C(F)(F)F)c1)C1CC1)N1CCC[C@H]1CO,0.8819,3.0846,-5.96,-8.38
COc1ccc(C)cc1C[NH+]1CCC[C@H]([C@@H]2C[C@H](C(F)(F)F)n3ncnc3N2)C1,0.8129,5.0678,-5.67,-8.17
CCOc1cc2c(cc1NC(=O)c1cnn(C(C)C)c1C)O[C@H](C)C2,0.8979,2.9418,-6.05,-8.12
C[C@H](c1cccc(OC(F)F)c1)[NH+](C)C1CCC([NH3+])CC1,0.8482,4.8041,-5.19,-7.6
CC[C@H](C)CN(CC)C(=O)Cc1csc(N)n1,0.8471,2.9498,-5.19,-6.68
Cc1ccc(Cl)cc1S(=O)(=O)NCCc1ccc(N2CCCC2)cc1,0.8319,1.9353,-6.22,-8.43
C[C@@H](CCc1ccc(F)c(F)c1)NC(=O)N[C@@H](C)c1cccc(C#N)c1,0.813,2.8917,-6.21,-9.23
C[C@@H](CCNC(=O)N1CCC[C@H]1CN1CCOCC1)c1ccccc1,0.8621,2.931,-5.92,-7.92
Cc1nn(C[C@@H](O)COc2ccccc2C(C)C)c(C)c1[N+](=O)[O-],0.6212,2.7587,-5.72,-7.98
Cc1ccc(S(=O)(=O)Nc2ccccc2OCCC(N)=O)cc1F,0.7978,1.989,-5.86,-8.67
Cc1cc(NC(=O)COc2ccc(Cl)cc2)n(-c2nc(-c3ccc4c(c3)OCO4)cs2)n1,0.4409,2.4078,-6.57,-9.72
CCC[C@@H]1NC(=O)[C@@](C)(CC)N(C(CC)CC)C1=O,0.8042,3.7488,-5.46,-7.18
Cn1ccs/c1=N\C(=O)[C@@H]1CC(=O)N(Cc2ccco2)C1,0.8542,3.2361,-5.87,-7.08
Cc1ccc(S(=O)(=O)NCC2(C(N)=O)CCOCC2)c(C)c1,0.8383,2.5427,-5.7,-8.14
COc1ccc(C[NH2+]Cc2nc(C)c(C)s2)c(OC)c1,0.8864,3.1762,-5.41,-7.39
O=C(Nc1ccnn1Cc1ccco1)c1cc(=O)c2ccccc2o1,0.6191,2.3412,-6.35,-9.3
C[C@@]1(CNC(=O)c2cnc(Oc3ccccc3)cn2)CCCC[C@@H]1O,0.8733,3.2452,-6.05,-8.52
[NH3+]CC(=O)N1CCC[C@H]1c1ccc(C(=O)NCC2=NN=C(C3CC3)C2)s1,0.7757,4.0094,-5.72,-7.52
O=C(C[NH+]1CC[C@](O)(C(F)(F)F)C1)Nc1ccc(Cl)c(Cl)c1,0.7676,4.2577,-5.83,-8.4
CCOc1cc(CNn2cnnc2)cc(Cl)c1OC,0.8789,2.5932,-5.57,-7.55
CCCc1noc(CN2CCc3cc(F)ccc3C2)n1,0.8601,2.2636,-5.74,-8.24
Cc1nc(C)c(/C([O-])=N/S(=O)(=O)Cc2ccccc2)s1,0.6311,2.899,-5.71,-8.16
COc1ccc(C(=O)NNC(=O)NCCc2cccs2)cn1,0.7249,2.2147,-5.69,-7.46
O=C(Cc1cccc(Cl)c1)Nc1ccc(Cl)nc1,0.8737,1.7844,-5.8,-8.08
C[NH+](C)CC[C@@H](NC(=O)c1cc(F)c(F)cc1Cl)c1ccc(Cl)cc1,0.7322,3.3481,-6.2,-7.87
CC[C@@H](NC(=O)C[C@@H](O)c1cccc(F)c1)c1c(C)nn(C)c1C,0.8541,3.1812,-6.04,-8.79
Cc1ccc(NC(=O)CSc2nncn2C)c([N+](=O)[O-])c1,0.5127,2.1836,-5.54,-8.06
Cc1ccc2c(=O)c(C(=O)Nc3cccc(F)c3)cn(CC(=O)Nc3ccc(F)cc3)c2n1,0.4848,2.2139,-5.81,-9.43
O=C(Nc1ccc2c(c1)C(=O)N1CCCC[C@H]1CCO2)c1ccccc1C(=O)c1ccccc1,0.5664,2.6689,-6.79,-9.38
CC1=C(C(=O)OC2CCCC2)[C@@H](c2ccc(Cl)cc2)NC(=O)N1C,0.8452,2.7701,-5.86,-6.87
CC(C)C[NH+]1CCN([C@H](C)[C@@H](C)C(=O)[O-])CC1,0.6461,5.429,-5.15,-6.43
COc1ccccc1NC(=O)[C@H]1c2cc(OC)c(OC)cc2C(=O)N2CCc3ccccc3[C@H]12,0.6206,3.0755,-6.58,-8.86
CC/[NH+]=C(/NCC1(O)CCOCC1)N1C[C@H]2CC=CC[C@@H]2C1,0.3728,4.5473,-5.61,-8.62
Cc1cc(Cl)ccc1N(CC(=O)Nc1ccc(I)cc1)S(C)(=O)=O,0.6672,2.1267,-6.16,-8.4
CC[C@H](C)N(C)C(=O)NCc1ccccc1Cn1cccn1,0.8915,2.7221,-5.67,-7.99
Cc1ccc(S(=O)(=O)Nc2ccnn2Cc2ccsc2)s1,0.7764,2.6048,-5.94,-8.07
CS(=O)(=O)c1ccccc1C(=O)N1CCc2ccc([N+](=O)[O-])cc2C1,0.6172,2.1775,-6.23,-8.64
CCc1cccc2c(CC(=O)N(C)[C@H](C)Cc3ccccn3)c(C)[nH]c12,0.7293,2.9544,-6.29,-8.91
CCOc1ccc(NC(=O)Cn2c(=O)c3c(OC)c(CC)cnc3n(C)c2=O)cc1,0.6335,2.3546,-6.22,-8.42
COc1ccc(C2=C/C(=C\c3ccc(N(C)C)c(Br)c3)C(=O)O2)cc1,0.5596,2.4948,-6.13,-7.83
CC(C)N1CCO[C@H](c2noc(CC(=O)C(F)F)n2)C1,0.8118,3.4712,-5.52,-7.53
COc1ccc(C)cc1S(=O)(=O)[C@H]1CS(=O)(=O)C[C@@H]1N1CCC(C(N)=O)CC1,0.7045,3.3285,-5.45,-7.53
CCc1nn(C)cc1C[NH2+]C[C@@H](O)C[NH+](C)C,0.4971,5.3182,-5.18,-6.18
CCC1(CNC(=O)Cc2ccc([N+](=O)[O-])cc2Cl)CCC1,0.6455,2.3704,-5.68,-8.06
CN(CC(C)(C)C[NH3+])C(=O)Cc1ccc(F)c(F)c1,0.8601,2.9403,-5.46,-6.93
CC1CCC(C[NH3+])(NC(=O)N[C@H]2CCOC2)CC1,0.6773,3.7701,-5.42,-7.38
Cc1ccc(CNC(=O)NCC(=O)Nc2c(C)cccc2C)c(N(C)C)c1,0.7334,2.1664,-5.71,-8.97
O=C(COc1cc(Cl)c(Cl)cc1Cl)N1CCN(C(=O)Nc2ccccc2)CC1,0.7139,2.0039,-6.26,-8.61
CC(C)Cn1c(S[C@@H](C)C(=O)N(C)C)nc2sc3c(c2c1=O)CC[C@H](C)C3,0.5586,3.304,-6.21,-8.19
CC[C@H](C(=O)N1CCC2(CC1)OCCO2)n1sc2ccccc2c1=O,0.8411,3.7414,-6.15,-7.81
C[C@@H](NC(=O)Nc1cccc2c1OCCO2)c1ccc(OC(F)F)cc1,0.8432,2.696,-6.1,-8.64
CCOC(=O)c1c(C)n(C)c2c1cc(O)c1c2c(-c2ccccc2)nn1-c1ccccc1,0.3929,2.5426,-6.99,-9.41
COc1cccc(/C=N/NC(=O)COc2cccc3ccccc23)c1,0.5552,1.8824,-6.16,-9.35
Cc1ccc(Sc2ccc(/C=C3\C(=N)N4N=C(C(F)(F)F)SC4=NC3=O)o2)cc1,0.6909,3.0984,-6.37,-8.15
Cc1ccccc1-n1cnnc1SCC(=O)N1CCC[C@@H]1c1ccc2c(c1)OCCO2,0.5669,2.9057,-6.51,-8.73
CC[NH2+][C@@H]1CCCC[C@H]1[C@@H]1CCOC2(CCCC2)C1,0.8349,5.0445,-5.56,-7.76
O=C(NC1CCCCC1)[C@H]1Cc2cc([N+](=O)[O-])ccc2N2CCN(c3ncccn3)C[C@@H]12,0.5803,3.3505,-6.29,-8.93
CC(C)Cc1cn(C[C@H]2CCCN(C(=O)c3cc(C4CC4)n[nH]3)C2)nn1,0.8627,3.2882,-5.96,-8.37
Cc1cnc(Cl)nc1NCC[NH+](C)C(C)C,0.7513,4.2181,-5.15,-6.1
Cc1cnc(CNC(=O)C(=O)Nc2c(F)cccc2F)s1,0.8516,2.3757,-5.79,-8.07
CNC(=O)C[NH+](C)Cc1cccc(Cl)n1,0.6828,4.1977,-5.15,-6.15
FC(F)(F)c1nnc2ccc(NCc3cn4ccsc4n3)nn12,0.6207,2.9085,-6.31,-8.97
C[C@@H](Sc1nnnn1-c1ccc(Cl)cc1)C(=O)NCC(=O)Nc1ccc(F)c(F)c1F,0.4064,2.7936,-6.19,-8.61
CCn1c([C@H](C)[NH2+][C@@H]2CCCC[C@@H]2n2cccn2)nc2ccccc21,0.7772,4.1469,-6.24,-8.21
N#Cc1ccsc1NC(=O)Cn1cc(-c2ccccc2)cn1,0.8047,2.2122,-5.8,-8.66
Cc1ccc(C[C@H]([NH3+])[C@@H]2CCS(=O)(=O)C2)nc1,0.8244,3.9524,-5.51,-7.09
Cn1nc2n(c1=O)CCN([C@@H](C(=O)NC1CC1)c1ccc(F)cc1)C2,0.8788,3.1042,-6.07,-8.54
C[C@H](OC(=O)C1CCN(S(=O)(=O)c2ccc(Cl)cc2)CC1)C(=O)N1CCc2ccccc21,0.6183,2.6829,-6.38,-8.77
CC(C)Oc1ccc([C@H]2C(C(=O)c3ccc(Cl)cc3)=C([O-])C(=O)N2Cc2cccnc2)cc1,0.4945,3.0562,-6.34,-7.92
[NH3+][C@H]1CCCC[C@@H]([C@@H]2CCOC3(CCOCC3)C2)C1,0.7407,4.8266,-5.59,-7.56
COC(=O)C1=C(C)Nc2nc(SCc3ccccc3Cl)nn2[C@H]1c1ccncc1,0.4849,3.2486,-6.26,-7.91
Cc1ccc(CNC(=O)N2C[C@@H](C)C[C@H](C)C2)s1,0.8754,2.9766,-5.46,-7.92
CN(C)c1nc(NCc2noc(C3CCCC3)n2)ncc1F,0.9077,2.717,-5.88,-8.57
Cc1cc(-c2ccc(S(=O)(=O)NCc3cccs3)s2)n[nH]1,0.7502,2.566,-5.86,-8.58
CC[C@@H](C(=O)Nc1c(C)cccc1C)n1c(C)cc(C)nc1=O,0.9432,2.7235,-5.98,-8.48
Cc1cccc(-n2c(C)cc(/C=N/NC(=O)COc3ccccc3C)c2C)c1,0.5175,2.1491,-5.78,-9.37
CC(=O)c1cccc(NC(=O)[C@H](c2ccccc2)N2C[C@H](C)O[C@H](C)C2)c1,0.8204,3.0326,-6.17,-9.1
O=[N+]([O-])c1cccc(Nc2ccnc3cc(Br)ccc23)c1,0.5547,2.052,-6.18,-8.68
CCOC(=O)[C@H](F)[C@@H](C)N[C@@H]1CCOC1,0.6898,3.7456,-4.94,-6.03
CC(=O)N1CCOc2ccc(S(=O)(=O)N3CCN(c4ccc(Cl)cc4)CC3)cc21,0.7407,2.2423,-6.32,-8.31
COc1ccc(NC(=O)Nc2cc3c(cc2Oc2ccccc2)n(C)c(=O)n3C)c(OC)c1,0.4578,2.2845,-6.67,-9.39
O=C1CC[C@@H](Cn2c(CCCl)nc3cccnc32)N1,0.8623,3.1441,-5.84,-7.86
CC1(C)C[C@]2(C)NC(=C(C#N)C#N)[C@@]1(C#N)C(N)=C2C#N,0.6418,5.5962,-5.5,-6.81
Cc1cccc(C(=O)NCc2ccc(F)cc2)c1,0.8815,1.4059,-5.9,-8.39
C[NH+](CC(=O)Nc1ccccc1Cl)[C@H](C(=O)Nc1ccc(F)cc1)c1ccccc1,0.5425,3.3729,-6.41,-8.5
C[C@H]1[C@H](c2ccc(Br)cc2)OCCN1C(=O)[C@@H]1CCO[C@@H]1C,0.8051,3.864,-5.64,-7.15
Cc1ccc2nc(SCC(=O)N[C@@H]3CCC[C@H](C)[C@@H]3C)[nH]c2c1,0.8354,3.1837,-5.86,-8.87
Cc1ncc([C@H](C)NCc2ccccc2F)s1,0.8988,2.6639,-5.59,-7.95
O=C(COc1c(Cl)cccc1Cl)Nc1cc(Cl)ccc1-n1cncn1,0.6988,2.2018,-6.27,-9.06
C[C@@H](NC(=O)[C@@H]1CCCO1)c1ccc(OC(F)(F)F)cc1,0.9301,2.8297,-5.83,-8.03
C[C@H](CCC(=O)NC[C@@H]1CCCN(c2ncccn2)C1)c1ccccc1,0.8297,2.9149,-6.09,-7.97
Cc1nnsc1-c1nnc2sc(C(F)(F)F)nn12,0.6862,3.2183,-5.69,-7.85
CNC(=O)[C@H]1CCCCN1C(=O)c1ccc2ccccc2n1,0.9216,2.4438,-6.16,-8.55
[NH3+][C@H](C(=O)[O-])c1c(F)cc(I)cc1F,0.7553,4.331,-5.61,-7.0
CSc1nc2ccccc2n1CN(C)Cc1ccc2c(c1)OCO2,0.6635,2.357,-6.01,-8.44
Cc1cc(C(=O)N(C)CCc2scnc2C)c(=O)[nH]c1C,0.9401,2.7067,-5.78,-7.42
COc1ccc([N+](=O)[O-])c(C(=O)Nc2sccc2C(=O)NC2CC2)c1,0.607,2.2069,-5.89,-8.19
C[C@H](Cc1ccc(Cl)cc1Cl)C(=O)N[C@H](CO)c1ccco1,0.8429,3.1032,-5.92,-8.67
O=C(c1ccccc1)c1ccc2nc(Nc3ccccc3)c3nncn3c2c1,0.4821,2.2248,-6.71,-9.71
CCC(=O)N1CCc2[nH]cnc2C12CCN(C(=O)[C@H](CC)n1cccn1)CC2,0.8718,4.0918,-6.15,-8.14
Cc1ccc(NC(=O)[C@H](C)OC(=O)CSc2ccc3c(c2)OCCO3)cc1F,0.5851,2.6766,-6.26,-8.82
[NH3+][C@H](Cc1ccc(F)cc1F)c1c(Cl)cccc1Cl,0.8931,3.1309,-5.93,-8.17
Cc1ccc(Cl)cc1C[NH3+],0.6368,2.8316,-4.84,-5.5
Cc1ccc(C(=O)NC[C@H](C)C#N)cc1Cl,0.877,2.438,-5.23,-6.62
CCc1cnc(CCNC(=O)c2ccc(Br)s2)s1,0.9012,2.4858,-5.61,-7.72
Cc1cc(N(C)C)ccc1NC(=O)N[C@H](C)c1ccc(S(C)(=O)=O)cc1,0.84,2.4735,-6.07,-8.54
CS(=O)(=O)N(CC(=O)Nc1cc(Cl)ccc1Cl)c1ccc(I)cc1,0.6333,2.1168,-6.14,-8.3
C[C@H]1CN(C(=O)NCCc2ncnn2C)CC[C@@H]1c1ccccc1,0.9362,3.1474,-5.98,-8.4
O=C(NC1CC1)[C@H](c1ccccc1)N1CCC[C@H]1C[C@H](O)c1ccccc1,0.7893,3.1868,-6.28,-8.7
C[NH+](C)CCNC(=O)c1cccc(NC(=O)c2cccc(-n3cccc3)c2)c1,0.5856,2.7518,-6.39,-9.34
CC1=C(C(=O)OC(C)C)[C@H](C)N=C1C(=O)Nc1ccc(C)cc1,0.8686,3.0209,-5.52,-7.82
CCS(=O)(=O)C[C@H](C)NC(=O)Cc1c(C)noc1Cl,0.8503,3.1915,-5.27,-7.35
COc1cccc(N2CCN(c3ccccc3[N+](=O)[O-])CC2)c1,0.6414,1.8269,-5.98,-8.28
Cc1ccc(S(N)(=O)=O)c(C(=O)N(C[C@H]2CCCCO2)C(C)C)c1,0.8763,2.837,-5.65,-7.29
COc1ccccc1-c1nnc([S-])n1/N=C/C=C/c1ccccc1[N+](=O)[O-],0.2817,3.0518,-6.22,-8.59
C[C@@H](OCc1ccccc1)C(=O)N1CC[C@H](C(=O)[O-])[C@H]1C,0.7951,3.6035,-5.64,-7.59
CCCCO[C@@H]1C[C@H](NC(=O)c2occc2Br)C1(C)C,0.7998,3.5325,-5.44,-7.26
CC1(C)CCC(NC(=O)C(=O)Nc2ccc(F)cc2F)CC1,0.8251,2.2286,-5.95,-8.34
Cc1ccc(OC2C[C@H](C)C[C@@H](C)C2)c(C[NH2+]C(C)C)n1,0.9053,4.1248,-5.54,-7.54
CCc1ncc(CN(C)C/C=C/c2ccc(C#N)cc2)s1,0.8155,2.6333,-5.51,-7.62
C[C@]1(C(N)=O)CN(Cc2ccc3ncccc3c2)CCO1,0.923,2.9664,-5.86,-7.91
COc1cc(OC)cc(C(=O)N2CCC(C(=O)N3CC[C@@H](C)[C@H]4CCCC[C@@H]43)CC2)c1,0.7278,3.2791,-6.25,-8.36
c1ccc([C@@H]2C[NH2+]C[C@H]2c2ccccc2)cc1,0.8045,3.5018,-5.62,-7.29
C#CC[C@@H](C)OC(=O)c1ccc(-n2cccn2)cc1,0.6215,2.8243,-5.08,-7.21
COCCN1C(=O)c2ccccc2N[C@@]1(C)c1cccc(OC[C@H]2CCCO2)c1,0.7745,3.2777,-6.34,-8.89
O=C(C1CC1)N1CCn2nnc(-c3ccccc3)c2C1,0.8326,2.3887,-5.94,-7.75
O=C(NC[C@H]1CCC[C@@H]1O)c1cc(-c2ccco2)[nH]n1,0.7894,3.2335,-5.82,-8.22
Cc1nc2c(-c3ccccc3)nc(SCC(=O)N3C[C@@H](C)O[C@H](C)C3)nc2s1,0.4779,3.3131,-6.3,-8.93
C[S@](=O)c1ccc(CN2CCN(C3=[NH+]CC(C)(C)S3)CC2)cc1,0.8599,3.8655,-5.61,-7.63
C[C@@H]([NH2+]C(C)(C)CNC(=O)N[C@H]1CC[C@H]([NH+](C)C)C1)c1ccccc1,0.5682,4.796,-5.6,-8.14
