smiles,egfr,qed,sa,her2,source
[C@@]1(C(=O)Nc2cccc(C(F)(F)F)c2)CCC2=C(C1)NN2CC(=O)NC(c1ccccc1)c1ccccc1,-10.8,0.384,2.977502515934105,-11.7,seed42
[C@@](C(=O)c1ccc(C(=O)N2CCN(Cc3ccc(Cl)c4ccccc43)CC2)cc1OCc1ccccc1)c1ccccc1,-11.0,0.25,2.6556629190135226,-11.2,seed42
Clc1cccc(-c2noc(CSc3nnnn3-c3ccccc3F)c2N2CCN(C(=O)C3CCCC3)CC2)c1,-10.1,0.36,2.8429363670984813,-12.0,seed42
[N+]n1cc(-c2ccccc2)nc1C[NH+]1CCC[C@H](c2ncc(-c3cc(F)ccc3)OC2)C1,-10.2,0.757,4.773175623726271,-11.6,seed42
[C@@][C@](CC(=O)NCc1ccc(Cl)cc1)CN1C(=O)c2ccccc2N1C1CC(C)(C)Oc2ccccc21,-9.9,0.436,3.5915580375170766,-11.8,seed42
Clc1ccc(S(=O)(=O)N2CC[NH+](CCCCc3cccc(-c4ccccc4)c3)CC2)cc1,-10.1,0.588,2.932591519070876,-11.6,seed42
[C@@]1(c2ccccc2)NC(=O)N(CC(=O)c2cccc3ccccc23)C1=O,-9.1,0.664,2.358270104848277,-12.5,seed42
[N+]=C1C([O-])=C(C(=O)c2ccccc2Cl)[C@H]1C(=O)N1CCN(c2ccc3ccccc3c2)CC1,-10.2,0.643,3.3783768495417013,-11.2,seed42
Clc1cnc(-c2cc(F)cc(Oc3ncnc4ccccc34)n2)cc1,-9.5,0.616,2.482902237230384,-11.8,seed42
Clc1ccc(-n2ccnc2-c2ccc(/N=C/C(=O)Nc3ccccc3Cl)o2)cc1,-9.6,0.492,2.818496789653093,-11.7,seed42
Clc1ccccc1Oc1cccc(O[C@H](Cc2ccccc2F)C(=O)c2ccccc2)c1,-9.2,0.35,2.570658857980309,-12.0,seed42
Clc1cccc(-c2nc(CNc3ccccc3)nc(-c3ccccc3)n2)c1,-10.0,0.584,2.03006076953033,-11.2,seed42
[C@@](C#Cc1ccc(C(=O)CS(=O)(=O)[C@@H](C#N)c2ccccc2)cc1)c1ccc2c(c1)CCC2,-9.7,0.488,3.50944209202598,-11.4,seed42
[N+]/c1/C(=C/CSc2nc3ccccc3s2)c(O)c2c1Cc1ccccc1-2,-9.4,0.723,3.3256201777227696,-11.6,seed42
Clc1nc(-c2ccc3ccccc3c2)oc1N1CCN(c2ncccn2)CC1,-9.6,0.6,2.457611622512525,-11.4,seed42
[C@@]1(CCc2nnc(NC(=O)Cc3ccccc3)s2)CCCc2ccccc21,-9.4,0.763,2.5040440387611,-11.4,seed42
[C@]1(CC(=O)c2ccccc2)O[C@@H](Cc2ccccc2)Nc2cc(Br)ccc21,-10.0,0.624,3.110761067810936,-10.8,seed42
Fc1ccc(-c2cccc(NC(=O)COc3cccc(Cl)c3)c2)cc1,-8.9,0.766,1.673355082330488,-11.9,seed42
[N+]1=C(CC2=cc3ccccc3=[NH+][C@H]2SC(=O)c2ccc(F)cc2)NC[C@]1(O)C(F)(F)F,-9.9,0.641,5.325761780429092,-10.9,seed42
[C@](O)(CNC(=O)c1cccc(C(=O)N2CCOCC2)c1)c1cccc(C)c1,-9.6,0.929,2.2716736141856746,-11.2,seed42
[N+]1=CCCC[C@@H]1c1cccc(/N=C/c2cn(-c3ccccc3Cl)nc2OC(F)F)c1,-9.5,0.566,4.059535724347205,-11.2,seed42
[N+]1=C2C=C[C@H](Oc3cc(Cc4ccccc4)c([O-])o3)C(=O)N2C(c2ccco2)=N1,-9.7,0.743,4.527908806920223,-11.0,seed42
[C@]1(C(=O)NCc2cccc(F)c2F)[C@H]2CN(CCC3=NC(=O)CCN3)C(=O)C[C@H]21,-9.4,0.82,4.082440129744699,-11.2,seed42
[C@@]1(CCNC(=O)N[C@@H](c2ccccc2)[C@@H](O)c2ccccc2)c2ccccc2C1,-8.9,0.647,3.1899542606353286,-11.6,seed42
[N+]1=CC[C@H](c2ccccc2)C1NC(=O)N1CC=C(c2ccccc2)CC1,-9.2,0.89,3.727445732262314,-11.3,seed42
Cl[C@@H](Cc1nc2ccccc2n1[C@@H]1CCCC[C@@H]1C[NH3+])CN1C(=O)N(c2ccccc2)C1=O,-9.9,0.609,4.100310669018215,-10.6,seed42
[C@@]1(c2ccccc2)c2ccccc2C(=O)N1Cc1ccc2nc[nH]c2c1,-9.8,0.69,2.439403915038086,-10.6,seed42
[N+]([O-])=C1\C(=C(/C#N)c2cccc(CNC(=O)c3ccc(F)cc3)c2)C1,-9.1,0.609,2.884309957736773,-11.3,seed42
Clc1ncccc1/N=N/C(=C\c1ccccc1)c1c[nH]c2ccccc12,-9.7,0.408,2.7422840349182067,-10.7,seed42
Clc1ccc(-c2n[nH]cc2Cn2cccc(C(F)(F)F)c2=O)cc1,-8.5,0.855,2.6738415295927744,-11.9,seed42
Clc1ccc2ccccc2c1C[NH+]1CCC(c2cnn(-c3ccccc3F)n2)CC1,-10.5,0.616,3.489423333437492,-9.8,seed42
[C@](O)(C[NH+](C)c1nc(-c2ccccc2F)nn1-c1ccccc1)c1ccc2c(c1)OCO2,-10.1,0.57,3.630983920015047,-10.2,seed42
[N+]([O-])C(c1ccc(F)cc1F)C(=O)Nc1cccc2ccccc12,-9.2,0.819,2.9528148341853946,-11.1,seed42
Clc1cc(Cl)c(CN2CCO[C@H](c3cccc(Cl)c3)C2)c2ccccc12,-9.3,0.581,2.7668802526907115,-10.9,seed42
[C@@](C(=O)c1ccc(NC(=O)c2ccc([N+](=O)[O-])cc2)cc1)c1ccccc1F,-9.2,0.475,2.272548537846694,-11.0,seed42
[C@@][C@@H](CNC(=O)[C@@H]1CCCN(c2ncnc3ccccc23)C1)[NH+]1CCN(c2ccccc2O)CC1,-9.6,0.577,4.108141682446417,-10.6,seed42
FC(F)(F)c1ccc(-c2n[nH]c(=O)c3cc(NCc4ccccc4)nn23)cc1,-10.2,0.642,2.4607952369703554,-10.0,seed42
Clc1cccc(-c2nncc(-c3ccccc3Cl)n2)c1,-9.0,0.779,2.054139137566505,-11.2,seed42
[C@@][C@@H]1CC(C)(CC(=O)c2c[nH]c3ccccc23)C(=O)N1c1ccccc1,-9.2,0.8039999999999999,3.550259334875916,-10.9,seed42
[C@@](CN(C)C(=O)Cc1ccccc1Cl)c1cccnc1N[C@@H]1CCc2ccccc21,-9.3,0.6699999999999999,3.162032806575321,-10.8,seed42
[C@]1(CC(=O)OC[C@@H]2C=CC[C@H]2[C@H]2CCC(=O)N2)CCc2ccccc21,-9.2,0.743,4.130774343241915,-10.9,seed42
[C@](O)(CCC1=c2ccccc2=[NH+]C1)C(=O)Nc1ccc(F)cc1[N+](=O)[O-],-8.9,0.577,3.5914115758704046,-11.2,seed42
[N+]c1cc(CN2CCC[C@@H](Oc3ccc(Cl)cc3)C2)nc([O-])c1OC(F)F,-8.8,0.829,3.719432271623777,-11.3,seed42
[N+]c1ccc(NC(=O)[C@H]2CC(=O)Nc3[nH]c4ccccc4c32)cc1,-9.2,0.757,3.439878349825765,-10.9,seed42
[C@@]1(c2ccc(F)cc2)N[C@@H]1c1ccc(C(=O)N2CC[C@@H](C)[C@@H](O)C2)cc1,-9.5,0.914,3.457910475377222,-10.5,seed42
[C@@]=C1C(=O)c2cccc(C(=O)NCCc3ccccc3F)c2C1=O,-8.8,0.775,2.5779021495698125,-11.2,seed42
[C@]1(c2ccccc2)NC(=O)c2cc(NC(=O)c3ccncc3)c(Cl)cc21,-9.5,0.827,2.4848516433098133,-10.5,seed42
[C@](C#Cc1nnc(-c2cccnc2)n1N[C@H]1CCC[NH2+]C1)c1cccc(C(F)(F)F)c1,-8.8,0.708,4.4539375437525255,-11.2,seed42
[C@]1(C)CC[C@@H](CNC(=O)c2ccc(O[C@@H](C)C(N)=O)cc2)c2ccccc21,-9.2,0.905,3.188953974445813,-10.8,seed42
[N+]=Cc1c[n+]2c3c(sc2nc1Cc1ccccc1)C[C@H](c1cccnc1)N3,-8.9,0.523,4.18080980198815,-11.1,seed42
Clc1ccc2ccccc2c1Cn1ccc(-c2cncc(Br)c2)n1,-8.7,0.532,2.3493123644295792,-11.3,seed42
Clc1nc(CNc2ncccc2-c2cccs2)ccc1Oc1c(F)c(F)c(F)c(F)c1F,-9.5,0.219,2.8928955885497825,-10.5,seed42
[C@]1(C#N)N(c2ccccc2)c2nc(-c3cccc([N+](=O)[O-])c3)nnc2N1,-9.1,0.648,2.8996454894636603,-10.8,seed42
[C@@]1(C(=O)CCc2ccc(Cl)cc2)CN(C(=O)COc2ccccc2C(F)(F)F)CC1,-9.2,0.707,2.5739586481228063,-10.7,seed42
[C@@][C@@H](Cc1ccc(Cl)cc1)n1cnc2c1c(=O)n(-c1ccccn1)n2CCc1ccccc1,-10.1,0.439,3.501957577855939,-9.8,seed42
[C@@](C#Cc1cnn(-c2ccccc2)n1)c1nncn1C1CCCCC1,-8.7,0.773,3.307402005407411,-11.2,seed42
[C@@](Cc1cccc(F)c1)NC(=O)C(=O)Nc1ccc(-c2ccccc2)o1,-8.5,0.627,2.7791414894636617,-11.4,seed42
[C@]1(C(=O)c2cc(Cl)ccc2N2CC[NH+](Cc3ccccc3)CC2)c2ccccc21,-9.4,0.741,3.354109265412628,-10.5,seed42
[C@]1(CC(=O)NC[C@H]2CCc3ccccc32)NC=C1CCc1cccc(Br)c1,-9.0,0.76,3.318430590693115,-10.9,seed42
[C@]1(c2ccc3c(c2)C(C)(C)CC3=O)CC[NH+](Cc2csc(C(C)C)n2)C1,-8.5,0.876,4.370826554060574,-11.4,seed42
Clc1ccccc1-c1cnc(CNc2cccc(C(=O)OC3CCCC3)n2)cn1,-8.8,0.664,2.494987998444301,-11.1,seed42
Cl[C@@H](Cc1nnc(-c2ccccc2)o1)C(=O)Nc1ccc(F)cc1F,-9.1,0.78,2.6982845346149613,-10.8,seed42
[C@@][C@@H]1[C@@H](C(=O)NCc2ccccc2)c2ccccc2N1Cc1noc(C(C)C)n1,-9.3,0.78,3.582541061049655,-10.5,seed42
[C@]1(CC2CCN(C(=O)N[C@@H]3CC[C@H]([NH+](C)C)C3)CC2)c2ccccc2O1,-8.8,0.944,4.231885380613964,-11.0,seed42
[N+]([O-])c1ccc(-c2cccc(NS(=O)(=O)c3ccccc3)n2)c(Cl)c1,-8.9,0.765,2.591407249177726,-10.9,seed42
Cl[C@@H](C)c1ccccc1C(=O)N1CCC[C@@H](c2nc3ccccc3[nH]2)C1,-8.9,0.75,3.020692149844733,-10.9,seed42
Clc1ccc2nc(N3CCC(c4ccc[nH]4)CC3)ncc2c1,-9.0,0.858,2.525368327600958,-10.8,seed42
[C@](C#Cc1c(F)cccc1N1CCN(c2cccnc2)CC1)c1nccn1C(F)F,-9.7,0.697,3.1819376932156445,-10.1,seed42
[C@@](C#Cc1cc(Cl)ccc1OCO)c1ccc(-c2c[nH]c3ccccc3c2=O)cc1,-9.7,0.4579999999999999,2.863590743613523,-10.1,seed42
[C@@]n1c(-c2cc(-c3ccc(C)cc3)ccc2Cl)nc2ccccc21,-9.6,0.539,2.397255546464933,-10.2,seed42
[N+]=c1s/c(=C\c2ccc(F)cc2)nc1-c1ccc(Sc2nnnn2C2CC2)cc1,-8.7,0.701,3.300862174268479,-11.1,seed42
[N+]c1ccc(-c2noc(CSc3nnnc4[nH]ccc34)n2)cc1,-8.8,0.653,3.437894071616368,-10.9,seed42
Clc1n[nH]c(-c2n[nH]c([O-])n2)c1C[NH+]1CCN(Cc2cccc(F)c2)CC1,-9.3,0.646,4.1855602813646495,-10.4,seed42
[C@@]Oc1ccc(-n2nc(CC(=O)Nc3nc(C(F)(F)F)sc3C)ccc2=O)cc1F,-8.7,0.697,3.300484351687535,-11.0,seed42
[C@@]1(c2cccc(F)c2)NN(C(=O)c2oc3ccccc3c2C#N)C1,-8.6,0.868,2.9479760166597018,-11.1,seed42
[C@@](Cl)C(=O)Nc1ccc2c(c1NC(=O)CCc1c[nH]c3ccccc13)[nH]c1ccccc12,-9.7,0.356,2.799139906167648,-10.0,seed42
c1ccc(-n2cc(NC(=O)C3C[C@@H]4CCC[C@@H]4C3)nc2C(=O)[O-])cc1,-8.7,0.904,3.777122762630743,-11.0,seed42
[C@]1(C)C[C@H](C(=O)Nc2cccc(-c3nnc(C4CC4)o3)c2)CC1=O,-8.5,0.914,3.106617096628834,-11.2,seed42
[N+]([O-])c1nc2ccccc2cc1N[C@H]1CCOc2ccc(S(=O)(=O)OCC(F)(F)F)cc21,-9.7,0.507,3.641592505622988,-10.0,seed42
[C@@]1(CCc2cccc(Cl)c2)NC(=O)N1CCCN1C(=O)c2ccccc2C1=O,-9.1,0.8079999999999999,2.531440044662663,-10.5,seed42
[C@@]1(C(=O)N2CCC[C@H]2C(N)=O)CCC[C@@H]1Nc1nc2ccccc2s1,-9.3,0.959,3.4410402811730982,-10.3,seed42
[C@](C(=O)Cc1ccc(F)cc1)N1CCN(CCc2ccccc2)c2ccccc21,-9.1,0.6749999999999999,2.6036721613402314,-10.5,seed42
[C@](C#Cc1c(Cl)ccc2oncc12)NCn1cnc2ccc([N+](=O)[O-])cc21,-8.6,0.2719999999999999,3.5335164943824005,-11.0,seed42
[C@]1(c2ccc(C(=O)c3cccc(C(F)(F)F)c3)nn2)CCC1(Cl)Br,-8.5,0.612,3.517320490293992,-11.1,seed42
c1ccccc1C[C@@H](CC(=O)NCCc1cccnc1)c1ccccc1,-9.0,0.747,2.35898310983357,-10.6,seed42
[N+]1=C(O)C(=O)N(c2ccnc(-c3ccccc3)c2)c2ccccc21,-9.1,0.868,2.894253463330678,-10.5,seed42
[N+]([O-])c1ccc(/C=C/CC(=O)N[C@@H](CCn2ccccc2=O)c2ccccc2)cc1,-9.1,0.631,3.29084659967877,-10.5,seed42
[N+]=Cc1ccc(-n2cnc3ccccc32)cc1OCc1ccccc1,-9.1,0.603,2.48813855426396,-10.5,seed42
Clc1ccc2c(c1)CCN(CC(=O)N1CCC([NH+]3CCCC3)CC1)C2,-8.6,0.959,3.4704895923410257,-11.0,seed42
Cl[C@@H](CCc1c[nH]c2ccccc12)c1nnc2ccccn12,-8.9,0.656,2.9437958955617365,-10.7,seed42
[C@@](NC(=O)c1cccc(OCC(F)F)n1)C1CCN([C@@H]2CCCN(c3ccccc3)C2=O)CC1,-8.5,0.6789999999999999,3.5687563768431607,-11.0,seed42
[C@](C#Cc1ccccc1)C(=O)N[C@@H]1c2ccccc2C[C@H]1O,-8.7,0.91,3.467632354106289,-10.8,seed42
[C@]1(C(N)=O)[C@H](c2ccc(Cl)cc2)Nc2nc3ccccc3nc21,-9.1,0.84,3.148981305431655,-10.4,seed42
[C@]1([C@@H](c2ccc3c(c2)OCO3)N[C@@H](CO)c2ccccc2)c2ccccc21,-9.2,0.784,3.236998852988324,-10.3,seed42
FC(F)c1nc(CCCO[C@H]2CCO[C@@H]2c2ccccc2)nc2ccccc12,-8.5,0.615,3.438139225681633,-11.0,seed42
[N+]=Cc1ccccc1NC(=O)COc1cccc2ccccc12,-8.6,0.816,2.289106707531813,-10.9,seed42
[N+]1=C(C2=Nc3cccc(C(F)(F)F)c3N2)C(=O)c2ccccc21,-8.9,0.829,3.387934329186852,-10.6,seed42
[N+]=C/C=C/c1ccc(N2C(=O)C[C@@H](Cc3ccccc3)C2=O)cc1F,-8.7,0.703,3.3046739170634982,-10.8,seed42
[N+]1=C[C@@H](c2ccc(F)cc2)NC(=O)N1CN1C(=O)COc2ccccc21,-9.1,0.89,3.764353483459942,-10.4,seed42
[C@@][C@@H]1[C@@H](C(=O)NCc2ccccc2)O[C@@H]1n1nc(C2CC2)n(C2C[C@@H]2C)c1=O,-8.6,0.912,4.402777915016348,-10.8,seed42
[C@@][C@@H]1[C@H](C(=O)Nc2cccc(C(F)(F)F)c2)C(=O)N=C1SCc1ccccc1,-8.4,0.853,3.4977428914342656,-11.0,seed42
[C@@][C@@H](Sc1nc2ccccc2c(=O)[nH]1)C(=O)NNC(=O)c1[nH]ccc1C,-9.2,0.3919999999999999,3.6294446784019865,-10.2,seed42
[C@](CNC(=O)Cn1c(CC(=O)[O-])cc2ccc(Br)cc2c1=O)c1ccc(Cl)cc1,-9.0,0.647,3.0899418445981475,-10.4,seed42
[N+]1=CCCC[C@H]1c1ccc(COC2CCN(c3ccccc3F)CC2)cc1,-8.8,0.85,3.433982878911225,-10.6,seed42
[N+]c1nnc(NCC(=O)N2CCC(c3nc(-c4ccccc4)n[nH]3)CC2)[nH]1,-9.3,0.699,3.1891027875439617,-10.1,seed42
Clc1ccc(-c2nnc3n2n2ncnc2-c2ccccc23)cc1,-9.6,0.5549999999999999,2.68563660555302,-9.8,seed42
[C@@]1(CNc2nc3ccccc3c(=O)[nH]2)CCCC1=C([O-])C(=O)Nc1ccccc1,-10.4,0.539,3.077822064378368,-8.9,seed42
[C@@]1(Cc2ccccc2)Nc2ncccc2C12CC[NH+](Cc1ccccc1)C2,-9.5,0.833,4.537123419634177,-9.8,seed42
[C@@][C@@H](NC(=O)c1ccc(Cn2cc(Cl)cn2)cc1)c1ccc(F)cc1,-8.8,0.838,2.958022779468699,-10.5,seed42
N[C@@](C(=O)c1ccc(Cl)c(C(F)(F)F)c1)c1ccc(O)c(F)c1,-9.4,0.734,2.5846757124442004,-9.9,seed42
[C@](C#N)c1ccc([C@@H]2C3=C(c4ccccc4F)OC3=NC(=O)N2Cc2cccs2)cc1,-9.3,0.631,3.8014052360602175,-10.0,seed42
[N+]=C([N-]c1ccc(C(F)(F)F)cc1)NNC(=O)c1ccccc1F,-8.4,0.4619999999999999,3.275357279514494,-10.9,seed42
[N+]c1ccccc1CN1CCC(CNc2ccccc2C(=O)[O-])CC1,-8.9,0.956,2.9295973900227974,-10.4,seed42
Clc1ccc([N+](=O)[O-])c(OCc2ccc(OCc3ccccc3F)cc2)c1,-8.3,0.474,1.9292060817181405,-11.0,seed42
Clc1cc(C(=O)Nc2cccnn2)ccc1NC[C@H](O)c1ccccc1,-9.0,0.699,2.6083085603830174,-10.3,seed42
[C@@]Oc1ccc(CC(=O)N(C)[C@H]2CCc3ccccc3C2)cc1SC,-8.6,0.845,3.2753337220472467,-10.7,seed42
n1n[C@H]n2cccc(F)c2c1OC(=O)CCNC(=O)c1ccc(F)cc1,-8.7,0.9,3.396773356407527,-10.6,seed42
[N+]([O-])c1ccccc1NS(=O)(=O)c1ccc2c(c1)CCC(=O)N2,-9.2,0.915,2.7377082936838946,-10.1,seed42
[C@@]1(CNC(=O)c2cccc(F)c2)C[NH2+][C@@H](c2ccccc2)C1,-8.8,0.869,3.4836324377215,-10.4,seed42
[C@@]1(CNC(=O)/C=C/C2=Cc3cc(Cl)ccc3O2)CC(=O)N(C)C1=O,-8.4,0.76,2.993741414782212,-10.8,seed42
[C@](N[C@]S[C@@H]1SCCc2ccc(F)cc21)c1cccc2cccnc12,-8.8,0.583,3.9344800867217806,-10.4,seed42
Clc1ccccc1O[C@@H]1C=C[C@H](C(=O)N[C@H](C(=O)[O-])c2ccccc2F)C1,-8.9,0.851,3.885769755498602,-10.3,seed42
[C@@][C@@H](NC(=O)c1cccc2ccccc12)c1nc(Cc2ccco2)cs1,-8.5,0.649,3.228545515848607,-10.7,seed42
[C@@]1(COc2cccc(F)c2)NC(=O)N(C[C@H]2CCCO2)[C@@H]1c1cccc(Cl)c1,-9.2,0.86,3.411720734958264,-10.0,seed42
[C@](C#Cc1ccc(C(F)(F)F)cc1)Cc1ccc(NC2CCOCC2)cc1,-8.6,0.846,2.7471614647966014,-10.6,seed42
Fc1ccc(C[C@@H](C[NH2+][C@H]2CCC[C@H](C3CC3)n2C)c2ccccc2F)cc1,-9.1,0.841,3.985608109578303,-10.1,seed42
Fc1ccccc1CNC(=O)[C@@H]1CC(=O)N(c2ccc(Br)cc2)C1,-8.6,0.95,2.368953069479512,-10.6,seed42
[C@]12C[C@H](c3ccccc3)N=C[C@@H]2[C@H]1CC(=O)Nc1cccc(CC#N)c1,-7.9,0.868,3.857543121180921,-11.2,seed42
[C@@](F)(c1ccccc1)[C@H]1CCC[C@@H]1N1C(=O)CN(C(=O)c2cccnc2)C1,-9.2,0.916,3.518002728727968,-9.9,seed42
[C@@](CNC(=O)[C@H]1Cc2cc(O)ccc2O1)c1ccc(Br)cc1,-8.9,0.862,3.1564857687654566,-10.2,seed42
[C@@]1(C(=O)N2CCCS[C@@H]2CNC(=O)c2cccc(F)c2)Nc2ccccc21,-9.3,0.931,3.2358053641183275,-9.8,seed42
[C@]1(c2ccco2)N(Cc2ccccc2F)CN1C(=O)[C@@H]1CN(Cc2ccco2)CC1=O,-8.6,0.649,3.5557867745217564,-10.5,seed42
[C@]1(c2ccco2)NC(=O)[C@H]1CC(=O)Nc1cc(F)ccc1F,-8.6,0.931,3.1168423089994164,-10.5,seed42
[C@]1(c2cc(F)ccc2F)NC(=O)N(C[C@@H](O)COc2ccc(Br)cc2)C1=O,-8.7,0.758,3.09699703275738,-10.4,seed42
c1ccc(-c2nc3cc(C(F)(F)F)cc(C(F)(F)F)c3[nH]2)cc1,-9.0,0.6849999999999999,2.3552518608859216,-10.1,seed42
Fc1ccc2c(c1)CC[C@@H]2[C@@H]1CCCN1c1ccccn1,-9.1,0.91,2.94463558106138,-10.0,seed42
[N+]c1/cc(CCCOCC2=c3ccccc3=[NH+]C2)nc2ccccc12,-8.7,0.747,3.757572649898057,-10.4,seed42
Cl[C@@H](Cc1cccnc1)C(=O)Nc1nnnc2ccccc12,-8.7,0.827,3.001096139644577,-10.4,seed42
Clc1nc(-c2ccc(F)cc2)nc(-c2ccccc2F)n1,-8.8,0.7939999999999999,1.9778190050475537,-10.3,seed42
Clc1ccc(-c2noc(-c3ccc(F)cc3)n2)cc1F,-8.5,0.785,1.897783811585768,-10.6,seed42
NC(=O)c1ccc(-c2csc(NC(=O)C3CCN(c4ccc(F)cc4)CC3)n2)cc1,-9.3,0.73,2.078113925403665,-9.7,seed42
[C@@](C#Cc1ccc(C(=O)N(C)Cc2ccc(-n3cncn3)cc2)cc1)c1cnn(C)c1,-8.6,0.5559999999999999,2.9351329343716284,-10.4,seed42
[C@@]1(C[NH+]2CCC[C@@H]2C(=O)c2ccccc2)CCN(c2ccccc2)C1,-8.5,0.93,4.086446362254179,-10.5,seed42
[C@@](O)(CC(=O)Nc1ccccc1C(F)(F)F)C(=O)N1CCN(c2ccccc2)CC1,-9.0,0.859,2.3921866701008287,-10.0,seed42
[C@@]1(CC2CC[NH+](CCc3c[nH]c4ccccc34)CC2)CCC1=O,-8.4,0.954,3.9134280082679513,-10.6,seed42
[C@]Oc1ccc(NCc2ccc(-c3cccc(OC)c3)cc2)cc1Cl,-8.5,0.712,2.2375050823304896,-10.5,seed42
[C@]1(NC(=O)OCc2ccccc2)[C@H](C(=O)[O-])[NH+](C)c2ccccc21,-8.5,0.894,4.10163033314937,-10.5,seed42
[C@@]1(c2cnn(-c3ccccc3)c2[O-])NC(=O)N1c1ccc(OC(F)(F)F)cc1,-9.2,0.825,2.940455451186517,-9.8,seed42
[C@](O)(CNc1cccc2cccnc12)NC(=O)c1cccc(C#N)c1,-8.5,0.748,2.47704354386895,-10.5,seed42
[C@]=N[C@H](c1ccccc1)C(=O)Nc1nc(-c2cccc(O)c2)sc1C,-9.0,0.765,3.3815668748099776,-10.0,seed42
FC(F)(F)c1ccccc1NCC1CCN(C(=O)COc2ccccc2)CC1,-8.8,0.871,2.0705171600472774,-10.2,seed42
Fc1cc(CN2CC[NH+](Cc3cccc(F)c3F)CC2)c([N+](=O)[O-])cc1,-9.3,0.73,3.3798233777671376,-9.7,seed42
[N+]c1cc(/C=C2\N=C(N)N(c3cccc([N+](=O)[O-])c3)[C@@H]2c2cccc(F)c2)ccc1O,-9.5,0.569,3.754607835529714,-9.5,seed42
[N+]1=c2ccccc2=[NH+][C@@H]1C(=O)NCc1ccc(OCC(=O)N(C2CCCCC2)C2CC2)cc1,-9.5,0.663,3.8130330586251713,-9.5,seed42
[N+]/C=C(\C=C/C1=NN(c2ccc(F)cc2)C(=O)N1c1ccccc1)c1ccccc1,-9.7,0.5529999999999999,2.8826697887063606,-9.3,seed42
ClCc1ccc(S(=O)(=O)N2CCN(Cc3ccc(C(=O)NC(=O)C4CC4)cc3)CC2)cc1,-8.7,0.571,2.180452511626706,-10.3,seed42
[C@@]n1c(NC(=O)COC(=O)c2ccc(C)nc2)nc2ccc(F)cc21,-8.4,0.816,2.7237707966162024,-10.5,seed42
[C@@](C#CN(C)C(=O)CCC(=O)c1cccc2ccccc12)C(F)(F)F,-8.4,0.5589999999999999,3.0247161191197858,-10.5,seed42
[C@@][C@@H]([NH2+][C@@H]1CC(C)(C)Oc2ccccc21)c1ccccc1F,-8.8,0.904,4.04251035503681,-10.1,seed42
[C@@][C@@H](NC(=O)c1cn(Cc2ccccc2)nc1-c1ccco1)c1ccc(Cl)cc1,-9.1,0.578,3.076055355077946,-9.8,seed42
[C@@][C@@H](SCC(=O)N1CCN(c2ccccc2)CC1)C(=O)NC(=O)NCc1ccccc1,-8.6,0.773,2.9405295057231378,-10.3,seed42
[C@@]=C(Nc1nc(/C=C(c2cccnc2)c2cccc([N+](=O)[O-])c2)cs1)c1ccccc1,-9.5,0.38,2.922609857448551,-9.4,seed42
[C@@](C#Cc1ccc(Cl)cc1)C(=O)N1CCO[C@@H](c2ccc(Cl)cc2)C1,-8.5,0.825,3.156025460942155,-10.4,seed42
[C@]1(c2ccccc2)NC(=O)N(CC(=O)c2ccccc2)C1=O,-8.3,0.772,2.267727752791151,-10.6,seed42
[C@@](C(=O)C1=CCCCC1)C(=O)Nc1c[nH]c(Cc2ccccc2)n1,-8.1,0.938,3.328170166627382,-10.8,seed42
[C@]Oc1cccc(-c2nc(CN3CCOC[C@H]3C[C@@H](O)c3ccc(F)cc3F)cs2)c1,-8.9,0.6689999999999999,3.763697696740598,-10.0,seed42
Fc1ccc(-c2cccc3ncccc23)c(CNc2ccccc2OCC(F)(F)F)c1,-9.2,0.433,2.28923801648053,-9.7,seed42
Fc1ccc(/C=C/C2=NO[C@@H](c3cccs3)N2Cc2c[nH]c3ccccc23)cc1,-9.1,0.529,3.284852786716077,-9.8,seed42
[N+]c1ccc(C(=S)N2CCC(c3nc4ccccc4s3)CC2)cc1F,-8.7,0.695,2.922405082330489,-10.2,seed42
[N+]/N=C/c1cccn1C[C@@H]1c2ccccc2C(=O)N1c1ccc(F)cc1,-9.8,0.607,3.4839245603830182,-9.1,seed42
[N+]1=CCCC[C@@H]1c1ccc(C(=O)NC[C@@H]2C[C@H]2c2ccccc2)cc1,-8.0,0.868,3.882357170115152,-10.9,seed42
[N+]c1cccc(-c2ccc(NCCc3ccncc3)nn2)c1,-8.3,0.863,2.76238678913942,-10.6,seed42
[N+]1=C([C@@]2(O)CSC3(CCN(CCC4CCCCC4)C3)CC2)c2cc(Cl)ccc2N1,-8.9,0.815,4.925930453726634,-10.0,seed42
[N+]c1cccc(C(=O)COc2ccc(/C=N/c3ccccc3)cc2)c1,-8.5,0.577,2.576650182435861,-10.4,seed42
[N+]1=CC[C@H](c2ccccc2F)CN1Cc1ccccc1,-8.6,0.916,3.421608696819272,-10.3,seed42
Clc1cccnc1C1CCN(C(=O)c2cc(F)ccc2F)CC1,-8.2,0.909,2.2260566960507564,-10.7,seed42
ClC1=c2ccccc2=[NH+][C@H]1C[C@H](c1ccc(F)cc1)N1C[C@H](Cc2ccccc2)CC1,-9.3,0.712,4.002023962093693,-9.6,seed42
[C@@][C@](C)(C#Cc1ccccc1)C(=O)N/N=C\c1c(C)cc3c(c1)OCO3,-8.4,0.609,3.441876635227094,-10.4,seed42
[C@@]Oc1cccc(NC(=O)CCNC(=O)N2CCN(c3ccc(F)cc3)CC2)c1,-8.5,0.866,2.403151297795553,-10.3,seed42
[C@@]c1n[nH]c2cc(NC(=O)NC[C@@H](O)c3cccnc3)cc(=O)n12,-8.4,0.626,3.686420716538336,-10.4,seed42
[C@@](O)(CNC(=O)N1CCc2cc(F)ccc2C1)c1ccccc1,-8.4,0.895,2.377518094652157,-10.4,seed42
[C@@][C@@H]1[C@@H](C(=O)NCC[NH+](C)Cc2cc(C#N)cc(F)c2)n2c(nc3ccc(Cl)cc32)S1,-8.9,0.6769999999999999,4.870332657112202,-9.9,seed42
[C@@](CCC(=O)Nc1ccc(F)cc1Cl)c1cccc(-n2cccn2)c1,-8.5,0.787,2.59449931309972,-10.3,seed42
c1nc(NCc2n[nH]c(=O)[nH]2)cn2c(C[C@@H]3CCCO3)c([C@@H]3CCCO3)cc12,-8.9,0.6789999999999999,4.303243276406105,-9.9,seed42
[N+]1=CCC2=c3ccccc3=[NH+][C@@H]2[C@H]1c1ccc(F)cc1,-8.8,0.8069999999999999,4.864595811704712,-10.0,seed42
[C@@][C@@H](Cc1ccc(Cl)cc1)C(=O)NC[C@@]1(O)COc2ccccc21,-8.6,0.957,3.679721735864304,-10.2,seed42
c1ncc(CN2CCC[C@](CO)(C(F)(F)F)C2)nc1-c1cc[nH+]c(N(C)C)c1,-9.1,0.919,4.335010615582021,-9.7,seed42
[C@](O)(CC(=O)NCc1nc2ccccc2[nH]c1=O)c1ccccc1,-8.6,0.748,2.4497986902776425,-10.2,seed42
Cln1ccnc1Cc1ccc(OC2CCC(Nc3ncccn3)CC2)cc1,-9.1,0.775,2.7239694233764844,-9.7,seed42
Cl/C=C(\CCc1c(F)cc(F)cc1Cl)c1ccc(Cl)cc1,-8.7,0.6729999999999999,2.523637254384424,-10.1,seed42
Clc1ccc(-c2ccc(C[NH2+][C@H]3C[C@H]3C3CCC3)cc2F)cc1,-7.6,0.917,3.710183188599661,-11.2,seed42
COc1cccc(C(=O)Oc2cccc3ccccc23)c1,-8.3,0.615,1.5990300012644525,-10.4,seed42
[C@@]1(CCOc2ccccc2)N[C@@H](c2ccccc2)N1Cc1ccccc1,-8.8,0.75,2.660915992335683,-9.9,seed42
[N+]=Cc1c(N)ccc2ccc(-c3ccc(F)cc3)cc12,-8.9,0.638,2.577020248832733,-9.8,seed42
[N+]=Cc1cccc(/C=C/C(=O)Nc2ccccc2OC(F)F)c1F,-8.4,0.731,2.818422241418263,-10.3,seed42
[N+]c1ccc(S(=O)(=O)/N=C(\[O-])[C@@H]2C[C@H]2c2cccc(Cl)c2)cc1OCC(F)(F)F,-8.8,0.583,4.183349073625764,-9.9,seed42
[N+]c1ccccc1-c1nnc(-c2ccccc2Br)[nH]1,-8.4,0.865,3.086711600867175,-10.3,seed42
Clc1cc(C[C@H](O)c2ccccc2)sc1-c1ccccc1,-8.4,0.768,2.588401924642828,-10.3,seed42
Clc1cccc([C@H]2CCCN2CCNC(=O)c2ccccc2F)c1,-8.4,0.866,2.4046756742404813,-10.3,seed42
[C@](C#Cc1ccc(CCC(=O)N2CCN(C(C)C)CC2)cc1)c1c([O-])c(CC(N)=O)s1C,-9.0,0.576,4.046580284361103,-9.7,seed42
[C@@]Oc1nc(NC(=O)CCc2ccccc2)cc2c1nc(N)n2C,-8.5,0.829,2.8873828039900182,-10.2,seed42
[C@@](=C(/N)N1CCC[C@@H]1c1nc2c([nH]1)CCCC2)c1ccccc1,-8.7,0.896,3.466102346155636,-10.0,seed42
[C@@](CNCCN1C(=O)c2ccccc2C1=O)Nc1ccc2nn(C)c([O-])c2c1,-8.7,0.442,3.2457735062011253,-10.0,seed42
[N+]=C1CCC[C@H](Oc2cc(C(F)(F)F)c(-c3ccccc3)o2)N1,-8.1,0.918,4.031992429692009,-10.6,seed42
[N+]=Cc1cc(Nc2ccc(F)cc2)sc1-c1cccc(Cl)c1,-8.6,0.738,2.908747533010933,-10.1,seed42
[N+]=C(c1ccccc1)N1CCN(c2nc3ccccc3o2)CC1,-8.0,0.618,2.587469410982882,-10.7,seed42
Clc1ccc2c(c1)CCC[C@@H]2[NH2+]Cc1cc(F)cc(Br)c1,-8.6,0.907,3.672558229813066,-10.1,seed42
Cl[C@@H](C(=O)NCc1n[nH]c2ccccc12)C1CCOCC1,-8.5,0.931,3.216247826282172,-10.2,seed42
Cl[C@@H](C(=O)N1CCc2ccccc21)C1CC[NH+](C=C2CC2)CC1,-8.7,0.923,4.326321864872213,-10.0,seed42
[C@@]1(Cc2ccc(-n3cccn3)c(Cl)c2)SC(=S)N1c1ccccc1F,-8.9,0.65,2.766243543868949,-9.7,seed42
[C@@](C#Cc1ccc(C(=O)NN)nn1)c1ccc(N2CCCCC2)cc1,-8.6,0.4649999999999999,2.9265823215296454,-10.0,seed42
[C@@](C)(C#N)c1cccc(CC[NH+]2CCC[C@]2(C)C(=O)c2ccccc2)c1,-8.3,0.897,4.281461621778204,-10.3,seed42
[C@@]1(NC(=O)c2ccc(N(C)C(C)(C)C)cc2)CCC[NH+]1Cc1ccccc1,-8.9,0.935,3.728120733162238,-9.7,seed42
[C@]1(C(=O)c2ccc(C(C)(C)C)cc2)[NH+]=C(C#N)c2ccccc21,-8.4,0.944,3.046301551819988,-10.2,seed42
[C@](O)(CCCc1ccc(Cl)cc1)C(=O)N1CCN(c2cccc[nH+]2)CC1,-8.5,0.927,3.271073181771353,-10.1,seed42
Fc1ccc(C(C)CC2(OCc3ccccc3)CCN(Cc3cccc(Cl)c3)CC2)nc1,-9.5,0.4639999999999999,3.088161091230928,-9.1,seed42
FC(F)(F)c1cc(/C=N/n2cnnc2)ccc1OC(=O)c1ccccc1F,-8.6,0.381,2.6200024800566464,-10.0,seed42
FC(F)(F)c1cc(-c2cncnc2)ccc1Oc1ccccc1Cl,-8.7,0.696,2.1844665143972577,-9.9,seed42
[N+]n1c(=O)oc2cc(NC(=O)c3cc([N+](=O)[O-])ccc3Cl)ccc12,-8.6,0.654,2.720166370423584,-10.0,seed42
[N+]1=CN=C(NCc2ccc([N+](=O)[O-])cc2F)c2ccccc21,-8.4,0.777,3.3308508297142287,-10.2,seed42
[N+]([O-])c1cc(C[NH+]2CC[C@H](Oc3cccc(C(F)(F)F)c3)C3=CCC[C@@H]32)c[nH]1,-8.6,0.6869999999999999,5.221225032655227,-10.0,seed42
[N+]=C/C=C/c1ccc(S(=O)(=O)[N-]c2ccc(Cl)cc2)cc1CN1C(=O)CCCS1,-8.6,0.5449999999999999,4.248117079119725,-10.0,seed42
Clc1ccccc1OCCN(Cc1ncc(-c2ccccc2)n1Cc1ccccc1)c1ccccc1,-9.1,0.284,2.354971487608521,-9.5,seed42
Clc1ccc2[nH]c3c(c2c1)CN(CCS(=O)(=O)c1ccc(Br)cc1)C3,-8.8,0.736,2.407602482113804,-9.8,seed42
Clc1ccccc1C[N+]1(CC[NH+]c2cccc3ccccc23)CCC1,-8.5,0.728,3.3051797925517743,-10.1,seed42
Cln1cc(-c2nnc(-c3cccnc3)nc2-c2ccc(CO)cc2)nc1C1CC1,-9.7,0.623,2.9038451413014457,-8.9,seed42
[C@](C(=O)Cn1nnc(-c2ccc(F)cc2)n1)N[C@@H]1CCC[C@H]1C1CC1,-8.1,0.862,3.712813358096176,-10.4,seed42
[C@@][C@](O)(c1cccc(OCC(F)F)c1)C(=O)c1ccc(C(C)(C)C)cc1,-8.2,0.863,3.213083109833569,-10.3,seed42
[C@@]1(CNC(=O)Nc2cnc(Cc3ccccc3)o2)CCCCC1=C,-8.3,0.95,3.0311266501438645,-10.2,seed42
[C@@]1(COc2ccccc2)NC(=O)N(C(C)Cc2ccccc2)C1=O,-8.4,0.912,2.899083700996334,-10.1,seed42
[C@@][C@@H]1CN(CC2CCN(c3ccc(NC(=O)[C@@H]4CCCO4)o3)CC2)N=N1,-8.5,0.953,4.387538473731372,-10.0,seed42
[C@@]1(CNC(=O)Nc2cccnc2Cl)Cc2ccccc21,-8.5,0.932,2.523318447911331,-10.0,seed42
[C@@](CNC(=O)c1ccccc1)N1CCC(c2ccccc2)=[NH+]1,-8.3,0.93,3.1166310494944494,-10.2,seed42
[C@@][C@@H](Cc1ccccc1)NC(=O)c1ccc(Cl)cc1O,-8.2,0.888,2.8475688663107963,-10.3,seed42
[C@@H](C[C@@H](O)COc1ccc(Br)cc1F)NNC(=O)c1cc(Cl)c2ccccc2n1,-8.3,0.414,3.185219774804562,-10.2,seed42
[C@]1(CNC(=O)Nc2ccc(Br)cc2)SC(SCC(=O)Nc2ccc(Cl)cc2)[C@H]1C,-8.4,0.515,3.390475214172465,-10.1,seed42
[C@]O[C@@H](COC(=O)NCc1cccc(O)c1)c1nc(C2CCCCC2)no1,-8.4,0.847,3.417314239857971,-10.1,seed42
[C@@](O)(c1ccccc1)c1nccn1CCC(=O)Nc1ccccc1F,-8.5,0.8039999999999999,2.2927743130997182,-10.0,seed42
FC(F)(F)C[NH2+]C1CCC(Cc2nnnn2-c2ccccc2)CC1,-8.5,0.884,3.3530394929532283,-10.0,seed42
FC(F)(F)COc1cc(F)ccc1CNC(=O)[C@@H]1CC=CC[C@@H]1C(=O)N1CCOCC1,-8.8,0.621,3.3536731862646345,-9.7,seed42
[N+]c1ccc(/C=C/C[NH+]2C[C@@H](O)C[C@H](c3ccccc3)N2)cc1Cl,-8.6,0.875,4.896669715059504,-9.9,seed42
[N+]=C(c1ccccc1F)N1CCC(C[NH2+]Cc2ccc(O)cc2)CC1,-8.7,0.72,3.4184935438689514,-9.8,seed42
[N+]c1ccc(Oc2cc(C(=O)NC3CC3)cn2-c2ccccc2)cc1,-8.4,0.851,2.91022431309972,-10.1,seed42
[N+]c1cc(C[NH2+][C@H]2CCCc3c(Br)cccc32)cc(OC)c1O,-8.3,0.942,4.340261068745262,-10.2,seed42
Cl[C@@H](Cc1ccccc1)C(=O)N1CCCc2ccccc21,-8.0,0.869,2.515920714050141,-10.5,seed42
Clc1ccc(COc2cc(Cl)c3ccccc3n2)cc1,-8.3,0.75,1.8499441773543024,-10.2,seed42
Cl[C@H](CC(=O)Nc1ccc([N+](=O)[O-])cc1)C(=O)Nc1ccc(N2CCCCC2)cc1,-8.8,0.47,2.672158280128139,-9.7,seed42
[C@]1(O)CCC[NH+](CC[NH+]2CCC(Cc3c[nH]c4ccccc34)C2)C1,-8.5,0.703,5.476563539544879,-9.9,seed42
[C@@]1(COc2ccc(F)cc2)NC(=O)N(c2ccc(Cl)cc2Cl)C1,-8.1,0.871,2.543632080666141,-10.3,seed42
[C@@]1(CCOCc2n[nH]c3c2CCC3)CN(C[C@@H](C)C#Cc2ccccc2)C1=O,-8.4,0.539,3.8204757187715135,-10.0,seed42
[C@@][C@@H]1CN(Cc2ccco2)C[C@@H](C(=O)Nc2ccccc2F)C1,-8.6,0.923,3.3565209508374227,-9.8,seed42
[C@@]Oc1ccc(NC(=O)NC[C@H](O)c2ccccc2Cl)cc1O[C@@H](C)C(=O)N(C)C,-8.2,0.6749999999999999,3.4309665017496567,-10.2,seed42
[C@@]1(C#N)C(=O)N(c2ccc(C[NH+]3CCC[C@@H]3C(=O)N3CCC(O)CC3)cc2)C1,-8.5,0.778,4.529388128120657,-9.9,seed42
[C@]1(C(C)(C)C)CN(Cc2ccc(OCc3ccccc3)cc2)CC1,-7.7,0.84,2.212379292284332,-10.7,seed42
Fc1cc(N2CCN(C/C(Cl)=C\C(=O)c3ccc(F)cc3)CC2)ccc1Cl,-8.4,0.604,2.406237905157859,-10.0,seed42
FC(F)c1cccc(CC(=O)N2CCC[C@@H](C(F)F)C2)c1,-8.0,0.857,2.9467599539509965,-10.4,seed42
[N+]=Cc1nc(CN2CCN(C(=O)c3ccco3)CC2)c2ccccc2[nH+]1,-8.3,0.733,3.496170177722769,-10.1,seed42
[N+]=Cc1cn(-c2ccccc2)nc1-c1cc([O-])nc(N(C)C)n1,-8.4,0.741,3.4414124356957263,-10.0,seed42
[N+]1=C(C2CCN(S(=O)(=O)c3ccccc3Cl)CC2)N=C1N[C@@H]1C=CCC1,-8.2,0.877,3.772537757888216,-10.2,seed42
[N+]/c1nnc(N2CCC[C@@H](CS(=O)(=O)c3ccccc3)C2)c(=O)[nH]1,-8.8,0.943,3.5067607617872056,-9.6,seed42
[N+]=Cc1cccc(-c2nc(CCc3ccccc3)no2)c1,-7.9,0.753,2.5748401464867605,-10.5,seed42
[N+]1=C[C@H](/C=C/c2cccn2-c2ccccc2)c2ccccc2N1,-9.0,0.858,3.7852923422209512,-9.4,seed42
[N+]1=N/N=C(c2ccc(Br)o2)S/C1=N\N=C/c1nc2ccccc2c(=O)n1CCC[NH+](CCC#N)C1CC1,-8.4,0.37,5.004567305258682,-10.0,seed42
Clc1ccc(-c2nc(COc3c(Cl)cccc3[N+](=O)[O-])co2)cc1,-8.5,0.542,2.271569003085041,-9.9,seed42
Clc1cccc(-c2cnc(SCc3ccc(-n4cncn4)cn3)[nH]c2=O)c1,-8.6,0.491,2.660121872256717,-9.8,seed42
ClC1=C[C@@H](c2ccc(C(=O)[O-])cc2F)S/C1=C\Nc1ccccc1,-8.5,0.873,3.642723883959152,-9.9,seed42
Cl[C@H](CO/N=C1/NC(=O)c2ccccc21)c1ccco1,-8.2,0.775,3.5395220493346686,-10.2,seed42
Cl[C@H](Cc1ccccc1)C(=O)N1CCN(c2ccc(Cl)cc2Cl)CC1,-8.5,0.79,2.547652031906402,-9.9,seed42
Clc1[nH]cc(S(=O)(=O)Oc2ccc(F)cc2)c1NCc1ccccc1,-8.3,0.709,2.422308657628431,-10.1,seed42
N(N[C@@H]N=C(c1cccs1)c1ccc(F)cc1)c1ccc(F)cc1,-8.4,0.47,2.6535914853086986,-9.9,seed42
[C@@](C#N)Cn1c(NC(=O)c2cccc(Cl)c2)nc2cc(Cl)ccc21,-8.5,0.841,2.674726242904045,-9.8,seed42
[C@@](CNC(=O)[C@@H]1CCCN(C(=O)NC[C@H]2CCCN(c3ncccn3)C2)C1)c1ccccn1,-9.0,0.748,3.576249063431847,-9.3,seed42
[C@@]c1cc(C(=O)NCC[NH2+][C@@H](C)c2ccc(Cl)cc2)ccc1O,-8.4,0.79,3.8685688054316536,-9.9,seed42
[C@@]Oc1ccc(C(=O)NCc2nc3ccc(OC)cc3[nH]c2=O)cc1OCC(N)=O,-8.4,0.575,2.7512817250458834,-9.9,seed42
[C@@]1([O-])CCC[C@H]1[NH2+]Cc1cccc(Oc2ccc(C#N)cc2)c1,-7.8,0.896,3.7747227520447417,-10.5,seed42
[C@@]1(C#N)CCC[C@@H]([NH2+]Cc2ccc(OCc3ccccc3F)cc2)C1,-7.9,0.956,3.714858838181355,-10.4,seed42
[N+]=Cc1ccc(F)cc1NC(=O)NCC1CCN(c2cnccn2)CC1,-8.3,0.881,2.863355643309814,-10.0,seed42
[N+]/C=C/c1cc(Cl)ccc1OCC(=O)N/N=C/c1ccccc1O,-8.3,0.703,2.7463984148497467,-10.0,seed42
[N+]=C1/C(=N/N=C\C=C\c2ccccc2)n2ncnc2N1,-8.3,0.738,3.8314790287682303,-10.0,seed42
ClC[C@H](c1nncn1-c1ccc(F)cc1)NCCc1ccccc1,-7.8,0.747,2.830201149634652,-10.5,seed42
Clc1c(Cl)cc(C[NH+]2CCCc3ccc(C(F)(F)F)cc32)cc1F,-8.9,0.644,4.081605804979307,-9.4,seed42
[C@](C#CNC[C@H]1CCCN(C(=O)c2ccc(Cl)cc2)C1)c1cnnn1C1CC1,-8.6,0.704,3.7187550600264654,-9.7,seed42
[C@@][C@@H](NC(=O)c1cccc2cccnc12)c1ccccn1,-8.2,0.879,3.015548961212815,-10.1,seed42
[N+]c1ccc(OCc2cccc(C(=O)N3CCOCC3)c2)cc1O,-8.2,0.913,2.5530889912809887,-10.1,seed42
[N+]c1ccc(CC(=O)N2CCc3[nH]c4ccccc4c3C2)cc1,-8.7,0.857,2.73938776378899,-9.6,seed42
[N+](=O)c1ccccc1C(=O)N1CCN(c2ncc(Cl)cn2)CC1,-8.7,0.937,2.6720069058409663,-9.6,seed42
Fc1ccc(-n2nnc(/C=N/c3ccccc3)c2Cl)cc1,-8.4,0.77,2.53032684867933,-9.8,seed42
[N+]=C(c1ccc2ncccc2n1)c1cccc(F)c1,-8.3,0.736,2.6072721603077333,-9.9,seed42
ClCc1cccc(-n2ncc(C(F)(F)F)c2C(=O)N2CCN(c3ncccc3)CC2)c1,-8.8,0.645,2.6235003819240745,-9.4,seed42
Clc1cccc(CN(Cc2nccc3ccccc23)C2CCCC2)c1,-8.4,0.655,2.168389697715103,-9.8,seed42
Cl[C@@H]1CC[C@H](C(=O)N2CCC([C@H](O)c3ccccc3)CN2)O1,-8.3,0.913,4.3681719346190455,-9.9,seed42
[C@](O)(c1ccc(F)cc1)[C@@H]1Oc2ccccc2O[C@@H]1[NH3+],-8.1,0.952,3.6356707310761527,-10.1,seed42
[C@@](C#Cc1nc(-c2cccnc2)no1)c1ccccc1O,-8.0,0.8069999999999999,3.0779669454942056,-10.2,seed42
[C@@][C@]1(Cc2ccccc2)NC(=O)N(Cc2csc(-c3ccccc3)n2)C1,-8.2,0.83,3.2454651514761377,-10.0,seed42
[C@@][C@@H]1[C@@H](C(=O)[O-])CC(=O)N1[C@@H]1CCc2ccccc2C1,-9.0,0.845,4.174724684482902,-9.2,seed42
[C@@][C@]1(C(=O)OCCCn2ccc3cc(F)ccc32)CCCC1=O,-8.0,0.564,3.4816035539523646,-10.2,seed42
[C@@](O)(CCC(=O)Nc1cc(Cl)ccc1Cl)c1ccccc1O,-8.2,0.838,2.200689813681082,-10.0,seed42
[C@](O)(c1ccc(C(C)C)o1)C(=O)Nc1cnn(-c2ccc(Cl)cc2)c1,-7.8,0.7979999999999999,2.7249457416711493,-10.4,seed42
c1nc(-c2cccc(F)c2)sc1C(=O)OCc1ccc([N+](=O)[O-])cc1,-8.1,0.4669999999999999,2.1667340097411056,-10.1,seed42
[C@](C#N)(OCc1ccccc1OCC1CC1)c1nnc(-c2ccccc2)n1C,-7.7,0.6789999999999999,2.6995767754318933,-10.5,seed42
[N+]1(C(F)(F)C(F)F)CCCN(C(=O)Cc2ccc(F)cc2F)C1,-8.1,0.5499999999999999,3.2652511873658927,-10.1,seed42
Cl[C@@H](Cc1c[nH]c2ccccc12)c1nnc(C2CC2)s1,-8.0,0.8049999999999999,3.008751227053501,-10.2,seed42
Clc1cc(F)ccc1N1CCN(Cc2cc(Cl)ccc2Cl)CC1,-8.0,0.818,1.926012672382118,-10.2,seed42
Cl[C@@H]([NH2+][C@@H]1CCCc2ccccc21)[C@@H](O)c1ccc(Cl)c(Cl)c1,-8.7,0.692,3.966215737297758,-9.5,seed42
Clc1ccc(Cl)cc1N1CCN(C(=O)c2ccccc2Cl)CC1,-9.1,0.852,1.8068313706069696,-9.1,seed42
[C@@][C@]1(C[C@H]2CCCO2)CCC[NH+](CC(=O)Nc2ccc(F)cc2)C1,-8.2,0.94,4.675378076263518,-9.9,seed42
[C@@]n1c(C)nnc1S[C@@H](C(=O)Nc1ccc([N+](=O)[O-])cc1)c1ccccc1,-9.1,0.48,3.0433373323525217,-9.0,seed42
[C@@][C@@H]1CN(Cc2ccc(C(=O)OCCN3CCOCC3)cc2)C(=O)N1Cc1ccccc1,-8.8,0.6779999999999999,3.0898732500398607,-9.3,seed42
[C@@](NC(=O)c1cccc(O)c1)c1ccc(Cl)c(Cl)c1,-8.2,0.931,2.48530815977996,-9.9,seed42
[C@@][C@@H]1C[NH+](CCNC(=O)Nc2ccc3c(c2)NC(=O)CC3)C1,-7.6,0.701,3.7309089651272034,-10.5,seed42
[C@@]n1c(OCc2ccccc2)nc2ncnc(Nc3cccc(S(=O)(=O)N(C)C)c3)c21,-9.5,0.5559999999999999,2.8897068504555445,-8.6,seed42
[C@@]1(C(=O)N[C@@H]2CCO[C@]3(CCOC3)C2)CCCN(CC2CCCCC2)C1,-8.2,0.914,4.29495120078407,-9.9,seed42
[C@@][C@]1(C(=O)N2CCC(N3CCN(C(=O)c4ccccc4F)C3)=NC2=O)CC1,-8.9,0.875,3.399772731068791,-9.2,seed42
[C@]1(C)CCC[C@@]1(O)c1cc(OCc2ccco2)n(-c2ccccc2)n1,-8.7,0.844,3.428304149034883,-9.4,seed42
[C@@H](C)CN(C)c1ccc(C(=O)c2c[nH]c(=O)[nH]2)cc1OCC(=O)Nc1cccc(F)c1,-8.7,0.537,2.866913252674016,-9.4,seed42
[C@]1(CNc2ccc(Cl)c(F)c2)NC(=O)N(Cc2ccc(C#N)cc2)C1=O,-8.1,0.871,2.637331913067454,-10.0,seed42
c1ccc(CC[C@@H]2CCCN(C(=O)C3CCCCC3)C2)c(OC(F)F)c1,-8.5,0.787,2.6580162526907127,-9.6,seed42
[C@](O)(c1ccccc1)[C@@H]1CCC[N+](NC(=O)/C=C/c2ccco2)C1,-7.8,0.736,3.745467523261025,-10.3,seed42
N[C@]1(C(N)=O)CCC[C@@H]1c1ccccc1NC(=O)C1=CCCC1,-8.9,0.874,3.550021273591592,-9.2,seed42
F[C@H](c1ccc(Cl)cc1)c1nc(CSc2n[nH]c([O-])n2)nn1Cc1cccs1,-8.8,0.526,3.746418307889714,-9.3,seed42
[N+]1=N/c2ccc(Cl)cc2C(=O)N1CC[NH+]1CCc2sccc21,-7.7,0.897,5.0440225819522695,-10.4,seed42
[N+]=Cc1cn(CC(=O)c2ccsc2)c2c1CCN(Cc1ccccc1)C2,-8.5,0.579,3.055161068411029,-9.6,seed42
[N+]n1ccnc1NCc1nc(-c2ccc(F)cc2)cc[nH+]1,-8.2,0.864,3.9258648058041743,-9.9,seed42
[N+]n1cc(CN2CC[C@H](c3cccnc3)C2)c2c1CC[NH2+]C2,-7.9,0.867,4.478701694378305,-10.2,seed42
[N+]n1ccc(CN2CCN([C@@H]3CCN(c4ccccc4)CC3)C2)c1Cl,-8.4,0.924,3.012183796766738,-9.7,seed42
[N+]1=CC[C@H](C2=NNC(c3cn(-c4ccccc4)cc3C(F)(F)F)C2)C1,-9.0,0.89,4.600838358096175,-9.1,seed42
[N+]=C(c1cccc(C(F)(F)F)c1)N1CCN(C(=O)c2ccc(=O)[nH]n2)CC1,-9.3,0.698,2.855988115684175,-8.8,seed42
[N+](=C/c1cccc2c1OCCO2)c1ccccc1[N+](=O)[O-],-8.5,0.573,3.003645133673027,-9.6,seed42
ClCc1cccc(OCC(=O)Oc2ccccc2C(F)(F)F)c1,-8.1,0.537,2.086901551819988,-10.0,seed42
ClCc1cc[nH+]c(N2CCC[C@H]2c2noc(C34CC4CC3)n2)c1,-8.7,0.888,4.99614184241436,-9.4,seed42
Cl[C@H]1CCC[C@H](Oc2cccc(COc3ncccc3F)c2)C1,-7.7,0.82,3.129492279508751,-10.4,seed42
Cl[C@@H](CCC(=O)Nc1nccnc1-c1nccn1C1CC1)c1ccccc1,-8.1,0.696,3.09891128127809,-10.0,seed42
ClN1[C@H](N(Cc2ccccc2)N2CCC[C@H]2CC(CO)COCCc2ccccc2)CC1=O,-8.1,0.369,4.081237091082992,-10.0,seed42
[C@H](O)[C@H](NC(=O)N1CCC[C@@H](OCc2ccccc2)C1)c1nc(C(C)(C)C)cs1,-8.5,0.8119999999999999,3.5853632066677745,-9.5,seed42
[C@]1(SCCn2ccccc2=O)CS(=O)(=O)c2ccccc21,-8.0,0.944,2.952350543509091,-10.0,seed42
[C@@]1(c2ccccc2)NC(=O)N(Cc2ccc(F)cc2)S1,-8.0,0.956,2.6724152648874586,-10.0,seed42
[C@@](C#N)c1ccc(CNC(=O)C2CCN(c3ccc(F)cc3)CC2)cc1,-8.5,0.881,2.371955643309816,-9.5,seed42
[C@@][C@@H]1Cc2cc(C(=O)Nc3cc[nH+]cc3)ccc2N1CN1CCOCC1,-7.9,0.885,4.051597337710955,-10.1,seed42
[C@@]1(CCc2ccccc2)CCCC(=O)N1c1ccccc1,-8.6,0.893,2.190817069563684,-9.4,seed42
[C@@]1(C[NH+]2CCC(N(C)c3cccc(F)c3)CC2)CN(c2cnccn2)C1=O,-8.7,0.87,3.9040200446782576,-9.3,seed42
[C@@](CN/C=C1\C(=O)NC(=O)c2ccccc21)CCn1cc(Cl)cn1,-8.3,0.5569999999999999,3.0967592253947,-9.7,seed42
[C@@H](C(=O)Nc1cccc(Br)c1)c1ccc(F)cc1F,-8.1,0.891,2.310548798386636,-9.9,seed42
c1ccc(-c2cnc(NC[C@@H]3CCCC[NH2+]3)n2C2CC2)cc1[N+](=O)[O-],-8.5,0.703,4.001586999403693,-9.5,seed42
[C@]1(C(=O)NCCCNc2ccc(F)cc2F)N=C(c2ccccc2)OC1(C)C,-8.0,0.7939999999999999,2.687438898119334,-10.0,seed42
[C@]1(C[NH+]2CCC[C@@H]2CNC(=O)COc2ccccc2NC(=O)[C@H]2C[C@H]2C)NC1=O,-8.4,0.498,4.536460995901011,-9.6,seed42
[C@]1(CCC[NH2+]CCc2cccn2CC2CC2)c2ccccc2NC1Oc1cccnc1,-7.8,0.5489999999999999,4.200882694254199,-10.2,seed42
[C@][C@@](C)(C(=O)N1CC[C@@H](Nc2ccccc2)C1)c1ccccc1,-7.9,0.92,3.1553069648234366,-10.1,seed42
[C@]1(Cc2cccnc2)C[C@]2(C)CC(=O)N1[C@@H](c1ccc(-n3cncn3)cc1)N2,-8.4,0.84,4.80300221555037,-9.6,seed42
FC(F)(F)C1=N[C@@H](Nc2cccc(F)c2F)Nc2ncnn21,-8.5,0.913,3.901731346138903,-9.5,seed42
[N+]c1ccc(S(=O)(=O)N2CCOCC2)nc1N[C@@H]1C(=O)NCC2(CCCCC2)N1,-9.3,0.7,4.630521665769582,-8.7,seed42
[N+]1=CC=C[C@H]1Cc1nnc(-c2ccc(Cl)cc2)n1Cc1ccccc1F,-8.3,0.771,3.542436001678566,-9.7,seed42
[N+]c1ccccc1-c1ccccc1NC(=O)[C@@H](CC(=O)[O-])C(=O)[O-],-8.9,0.7949999999999999,3.8439386721121735,-9.1,seed42
[N+]1=Cc2sccc2CN1CC(=O)N1CCN(Cc2nc3ccccc3s2)CC1,-8.6,0.74,3.2810540692224404,-9.4,seed42
[N+]=Cc1ccc2c(c1)OC(=O)N2CC(=O)Nc1ccc(Cl)cc1,-7.8,0.824,2.6207849800744256,-10.2,seed42
[N+]c1ccc(OCc2nc(C(=O)Nc3ccc(Cl)cc3Cl)cs2)cc1,-8.2,0.746,2.661297173338074,-9.8,seed42
[N+]/c1cc([N+](=O)[O-])ccc1C(=O)N1CCc2cc(Cl)ccc21,-8.2,0.71,2.7530877960266054,-9.8,seed42
Clc1cc(CCNC(=O)[C@@H]2CC(Br)=C3C=CC=C[C@@H]23)ccc1O[C@H](C#N)C(=O)[O-],-8.6,0.731,4.433659097547978,-9.4,seed42
Clc1ccc(-c2noc(CSc3nnnn3Cc3ccccn3)n2)cc1,-8.1,0.5469999999999999,2.346641877076049,-9.9,seed42
Cl[C@@H](CC(=O)NCCc1ccccc1)C(=O)c1ccc(F)cc1,-8.2,0.704,2.4554778734789924,-9.8,seed42
ClCc1ccc(N2CCC[C@H](OC(=O)Cc3ccc(F)cc3Cl)C2)cc1,-8.6,0.608,2.715034015684475,-9.4,seed42
[C@]1(CC2CCN(C(=O)c3cccc(Cl)c3)CC2)NC(=O)N=C1SCc1nccs1,-8.1,0.8049999999999999,3.0645742621805665,-9.8,seed42
[C@@](Cc1ccccc1)C(=O)Nc1ccc(F)c(C(=O)NCCOC2CCCCC2)c1,-8.1,0.69,2.5448411414915064,-9.8,seed42
[C@@]1(C(=O)NNc2cccc(Cl)c2)CC[C@H](O)[C@@H]1Oc1ccc(OC(C)C)cc1,-8.6,0.693,3.4295082498343863,-9.3,seed42
[C@@][C@]1(c2ccccc2)NC(=O)N(Cc2ccc(Cl)cc2F)C1=O,-7.9,0.96,3.1395039015855,-10.0,seed42
[C@@][C@@H]1CCC[C@@H](NC(=O)c2ccc3[nH]c(C)cc3[nH+]2)C1,-8.1,0.942,4.875924172371699,-9.8,seed42
[C@@](CNC(=O)CNC(=O)c1ccn(-c2ccccc2)n1)c1ccc(Cl)cc1,-8.4,0.741,2.4702845417196784,-9.5,seed42
[C@@][C@@H](CC(=O)Nc1ccccc1)N1C(=O)/C(=C/C=C/c2ccccc2)SC1=S,-8.4,0.651,3.19731715404356,-9.5,seed42
[C@@]n1c(C(=O)Oc2ccc(F)cc2F)nc2ccccc21,-8.2,0.617,2.6925025513317795,-9.7,seed42
[C@@]1(c2cccc(Cl)c2)NC(=O)N(Cc2ccccc2)C1,-7.9,0.9,2.377401471784012,-10.0,seed42
[C@@]1(NC(CC)CCN(C(=O)c2ccc3c(c2)COC3)NC(=O)Cc2ccc(F)cc2)CCC1,-8.5,0.644,3.5247586826022577,-9.4,seed42
[C@@]Oc1ccc(NC(=O)COC2=NC(=O)CS2)cc1OC/N=C/[C@@H]1C(=O)c2ccccc2C1=O,-8.3,0.531,3.644791084492802,-9.6,seed42
[C@@]1(C)C[C@H](OC(=O)OCC(=O)Nc2ccccc2C(F)(F)F)C1,-7.8,0.938,2.5081211625519977,-10.1,seed42
[C@@](O)(c1ccccc1)c1ccc(NC(=O)[C@H]2C[NH2+]CCO2)cc1,-8.0,0.865,3.5066632801733304,-9.9,seed42
[C@](C#N)([C@@H]([NH3+])Cc1nc2ncccc2cc1OCC(N)=O)c1ccccc1,-8.6,0.723,3.68748977201812,-9.3,seed42
[C@]1(C(=O)Nc2scnc2N[C@H]2CC[NH+](Cc3ccccc3)C2)N(CCc2ccccc2)C1,-8.5,0.521,4.526308936866234,-9.4,seed42
[C@][C@@]1(c2cccc(OC3CCCC3)c2)NC(N)=NC1=S,-8.2,0.915,3.8386140080112,-9.7,seed42
[N+]1=C[C@H]2c3ccccc3[C@@H]1C(=O)N2CCC[NH+]1CCCC[C@H]1c1ccccc1,-9.2,0.937,5.795616943206859,-8.7,seed42
[N+]1=Nc2ccccc2N[C@@H]1c1c(F)cccc1Cl,-8.4,0.907,3.721982698094704,-9.5,seed42
[N+]([O-])c1cc(F)ccc1NC[C@H]1CCC[NH+](C2CCCC2)C1,-8.2,0.9,4.873261440644752,-9.7,seed42
[N+]c1ccccc1-c1nsc(NC(=O)[C@H]2CC=CCC2)n1,-8.2,0.864,3.61899385402492,-9.7,seed42
[N+]([O-])c1ccccc1CN1CCN(C(=O)N[C@@H]2CC[C@@H]([NH+](C)C)C2)CC1,-8.1,0.822,4.223826070842653,-9.8,seed42
[N+]1=N/[C@H](C(=O)Nc2ccccc2F)c2ccccc21,-8.3,0.861,3.460866140318001,-9.6,seed42
[N+]=Cc1ccccc1OCc1nc2ccc(Br)cc2s1,-7.9,0.754,2.69072322244714,-10.0,seed42
ClCc1ccccc1OCc1c[nH]c2ccc([N+](=O)[O-])cc12,-8.4,0.511,2.2184947857581854,-9.5,seed42
FC(F)(F)c1ccccc1NC(=O)c1cc2cccc[n+]2c2nc([C@H]3CC[NH+](Cc4ccccc4)C3)[nH]c12,-11.6,0.3869999999999999,4.414767634260902,-11.2,seed123
[N+]=Cc1cccc(/C=C2\C(=O)N(Cc3ccccc3)N=C2Cc2ccc3c(c2)CC(=O)N3)c1,-10.3,0.5569999999999999,3.16127181462889,-12.2,seed123
FN(C(=O)c1ccccc1F)c1nc([C@H]2CCCN(C(=O)c3ccccn3)C2)nc2cccc(F)c12,-12.0,0.4609999999999999,3.3171403894939377,-10.3,seed123
Fc1ccccc1CN1CC[C@@H](c2cccc(OCc3ccccc3C)n2)c2ccccc21,-9.9,0.417,2.899234203549834,-12.1,seed123
[C@H]1c2cccc(OCC(=O)Nc3ccccc3)c2C(=O)N1[C@H]1CCN(c2ccc(Cl)cc2)N1,-10.1,0.659,3.4069960393944,-11.8,seed123
Fc1ccc(-c2ncc([C@@H]3CCCN3C(=O)c3ccccc3)o2)c(N2CCOCC2)c1,-9.4,0.709,2.9752931650543,-12.2,seed123
[N+]1=C[C@@H](c2ccc(O)cc2F)[C@H](N2C(=O)/C(=C/c3ccc(-c4ccccc4[N+](=O)[O-])cc3)CC2=O)O1,-10.3,0.3329999999999999,4.124949435002744,-11.2,seed123
FC(F)Cc1ccc(-c2cc(/C=C3\C(=O)N(Cc4cccnc4)C3=O)ccc2Cl)cc1,-9.7,0.383,2.468736570735264,-11.6,seed123
[N+]1=N/C(=C/c2ccc(-c3ccccc3)o2)C(=O)N1c1ccccc1,-8.9,0.765,2.907018502798252,-12.3,seed123
[N+]([O-])=C[C@H]1[C@@H](c2ccc(Oc3nc4ccccc4[nH]3)cc2)C(=S)N1c1ccccc1,-9.6,0.305,3.796360630182198,-11.4,seed123
[N+]1=NN(C(=O)CN2CCC(c3c[nH]c4cc(F)ccc34)CC2)C(=O)N1c1ccc(F)cc1,-9.8,0.754,3.230407060121689,-11.1,seed123
F[N+]([O-])=C(/C(=O)Nc1cccc2cc[nH]c12)c1ccc2ccccc2c1,-9.5,0.3329999999999999,2.82154025869443,-11.4,seed123
FC(F)(F)c1cc(F)ccc1Nc1ccc2cc(S(=O)(=O)N3CCOCC3)ccc2c1,-9.7,0.658,2.3075684250878084,-11.1,seed123
[NH+](CCN1CCN(c2ccccc2C(=O)Nc2ccccc2)CC1)N1CCN(c2ccccc2F)CC1,-10.4,0.575,2.821611058945738,-10.2,seed123
[P@@]1C[C@H](c2cccc3ccccc23)n2nc(Nc3ccccc3)ncn21,-10.0,0.755,3.7315946905605344,-10.6,seed123
[P@@](=C/c1ccco1)c1ccc(-c2ccccc2COc2ccc(F)cc2)cc1,-9.8,0.4529999999999999,2.6906957745051105,-10.7,seed123
[N+]1=CCCC[C@@H]1C(=O)NC[C@H](c1ccccc1)N1CCN(C(=O)c2ccc3c(c2)OCCO3)CC1,-10.2,0.77,3.73889196140789,-10.3,seed123
[N+]c1ccc(N2C(=O)[C@@H]3[C@@H]4C=C[C@@H](C4)C(=O)[C@H]3S2)cc1OCC(F)(Cl)c1ccc(Cl)cc1,-9.5,0.4059999999999999,5.778615980231283,-11.0,seed123
FC(F)c1cccc(Oc2cccc3c2O[C@@H](COc2ccccc2F)C3)c1,-8.7,0.605,2.8525807010521067,-11.8,seed123
Fc1cccc(Cn2ccnc(Nc3n[n-]c4ccccc34)c2=O)c1,-8.9,0.701,3.15603205809445,-11.6,seed123
FC(F)(F)c1ccc(Cl)c(NN=C2C=C(c3cccc(C(F)(F)F)c3)C(=O)N2CCc2ccccc2)c1,-10.1,0.345,2.8620941813635348,-10.4,seed123
Fc1ccc2c(c1)c1c(Cl)cc(C[NH+]3CCC[C@@H]3CCc3ccccc3)nc12,-9.5,0.6,4.158110520240733,-11.0,seed123
Fc1ccc(-c2cccc(NCc3ccccc3Cl)c2)c(F)c1,-9.2,0.708,1.798247465281527,-11.2,seed123
FC(F)(F)[n+]1ccc2ccccc2c1CNCc1cccc2cccnc12,-9.2,0.62,2.832295784323227,-11.2,seed123
Fc1ccc2[nH]cc(CCN[C@@H](c3ccccc3)c3ccccc3)c2c1,-9.5,0.572,2.0065389799731506,-10.9,seed123
FC(F)(F)c1cccc(Cn2cnnc2-c2ccccc2)c1,-8.4,0.8119999999999999,2.050890390153789,-12.0,seed123
Fc1ccc2c(c1)CCN(Cc1cccc3ncccc13)C2,-9.0,0.791,1.9899247773051023,-11.4,seed123
[N+]1=C[C@H](c2cc(OCc3ccccc3)ncc2[O-])CC(=O)N1c1ccc2c(c1)OCO2,-10.0,0.713,3.973687586017952,-10.3,seed123
[N+]/[C@H]1C(=O)[C@H](CC(=O)NCc2ccc(Cl)cc2)Nc2ccc(NC(=O)c3ccc(Cl)cc3)cc21,-9.0,0.5499999999999999,3.394795137419472,-11.3,seed123
Fc1cccc(-c2noc(CSc3nnnn3-c3ccccc3)n2)c1,-8.8,0.589,2.17890903243444,-11.5,seed123
Fc1ccc(-n2cnc3cc(S(=O)(=O)[N-]c4ccccc4)ccc32)cc1,-8.9,0.612,2.950625181771352,-11.4,seed123
Fc1ccc(-c2noc(-c3ccccc3OCc3ccccn3)n2)cc1F,-9.5,0.595,2.133577178975316,-10.8,seed123
Fc1ccccc1CC1CCN(C(=O)c2cc(-c3ccccc3F)[nH]c(=O)c2Cl)CC1,-11.1,0.693,2.479343039266734,-9.2,seed123
P=C(\NC1=CC(C(=O)OC2CC2)=C(c2ccccc2F)C1)c1ccccc1,-9.8,0.6739999999999999,3.2078066811187416,-10.4,seed123
[N+]c1ccc(C(=O)/C=C/C(=O)c2ccc(Cl)cc2)cc1OCc1ccccc1,-9.3,0.49,2.538164083124201,-10.9,seed123
[N+]=C(c1ccccc1)N1CCN(C(=O)c2cc([N+](=O)[O-])ccc2F)CC1,-9.3,0.443,2.511106201792428,-10.9,seed123
[C@H]1Cc2ccccc2[C@H]1CC(=O)N1CCc2ccccc2C1,-9.7,0.909,3.041547611538068,-10.5,seed123
N#C/C(=C\c1ccc(OC(F)(F)F)cc1)c1ccc(N2CCOc3ccccc32)cc1,-9.1,0.4519999999999999,2.4349213354087933,-11.1,seed123
[N+](=C/c1ccccc1)C(=O)Nc1ccc2[nH]nc(-c3ccccc3)c(=O)c2c1,-9.0,0.622,2.7974904714919315,-11.2,seed123
[N+]c1cc2c(cc1F)[C@@H](c1nc3cc(C)c(Cl)cc3[nH]1)CCC2,-9.5,0.763,3.635138228508577,-10.7,seed123
FC(F)(F)c1ccc(-c2nc(CO[C@H](C(N)=O)C3CCCCC3)no2)cc1,-8.7,0.901,3.068070935591389,-11.5,seed123
FC(F)(F)Oc1cccc(NC(=O)N2CCC(NCc3ccccc3F)C2=O)c1,-9.1,0.817,2.825855171927764,-11.1,seed123
N/C(=N/c1ccccc1)c1ccc2c(c1)O/C(=C/c1ccco1)C2=O,-9.3,0.528,2.5333193078310146,-10.8,seed123
[N+](=O)c1ccc(CN2CCO[C@]3(CCC[NH2+]C3)C2=O)c2ccccc12,-8.7,0.886,4.714473184127057,-11.4,seed123
F[N+]([O-])=C(C(=O)c1cnc(Oc2ccccc2)cc1)c1ccc(F)c(Cl)c1,-9.1,0.288,2.72326745981373,-11.0,seed123
[N+]1=C[C@H](c2cc(OCc3ccccc3)ccc2[O-])N(Cc2ccc(C(F)(F)F)cc2)C([O-])=C1Cl,-9.5,0.573,3.882527913342376,-10.5,seed123
Fc1ccc(F)cc1C[NH2+][C@H]1C[C@@H]2CCCc3cccc1c32,-9.0,0.872,3.922748940644752,-11.0,seed123
FC(F)c1ccc(OCc2noc(-c3ccccc3OC(F)(F)F)n2)cc1F,-8.7,0.603,2.54997263342006,-11.3,seed123
Fc1ccc(-c2ccc(-c3csc(S(=O)(=O)Nc4cccnc4)n3)cc2)cc1,-8.9,0.591,2.2676656643207806,-11.1,seed123
[N+]1=N/C(=C/c2ccc(OCc3ccccc3)s2)C(=O)N1c1ccccc1,-8.8,0.712,3.1739963226304937,-11.1,seed123
FC(F)(F)Oc1cccc(-c2n[n-]nc2Cc2ccccc2)c1,-8.8,0.817,2.948055157589218,-11.1,seed123
Fc1ccc(C[NH+]2CCc3nc(NC[C@@H](C#N)Cc4cc5cc(Cl)ccc5o4)[nH]c3C2)cc1,-9.2,0.4669999999999999,4.570649321163806,-10.7,seed123
CC(=O)c1cccc(Nc2cccc(C(=O)N3CCC(C(N)=O)CC3)c2)c1,-8.9,0.877,1.97681766224288,-10.9,seed123
Cc1nn(Cc2ccccc2)cc1CN1CCO[C@H](c2cccc(C(F)(F)F)c2)C1,-9.3,0.6779999999999999,2.8126327387201613,-10.5,seed123
[P@@](=N/c1cccc2[nH]ccc12)Nc1cccc2cccnc12,-8.7,0.571,3.0513338466972453,-11.1,seed123
[N+]1=CCCC[C@@H]1c1[nH]c2ccccc2c1C[NH+]1CC(C2=CCCCC2)C1,-10.1,0.875,4.765595697246156,-9.7,seed123
[N+]1=C(C2=NC=C(c3ccccc3)NC2Oc2ccccc2)N1Cc1ccc(F)cc1,-9.2,0.768,3.886226712133956,-10.6,seed123
[N+]N/Cn1c(=O)oc2cc(-c3cc4c(cc3C#N)CCCC4)ncc2s1,-9.6,0.743,3.788886104848277,-10.2,seed123
[N+]=CC1[NH+]=c2ccccc2=[NH+][C@H]1C(=O)Nc1ccc2c(c1)CCC2,-8.8,0.593,4.840314321513947,-10.9,seed123
[N+]c1cccc(C(=O)NCCN2CC(=O)c3ccccc3S2)c1,-9.0,0.956,3.137059353393415,-10.7,seed123
c1n[nH]c2c1CC[NH+](Cc1cn3cc(-c4ccccc4OC)ccc3c1Cl)O2,-9.6,0.638,4.245198045225548,-10.1,seed123
Fc1ccccc1On1cnnc1CN[C@@H](CCc1ccccc1)c1ccccc1,-9.1,0.52,2.9600478037439792,-10.6,seed123
FC(F)(F)C1=NN(C2CCN(C[C@@H]3CCCCC3)C[C@H]2c2ccc[nH]2)c2ccccc21,-9.2,0.632,3.6594115947527,-10.5,seed123
[C@H](CCNC(=O)Nc1ccc(Cl)cc1F)c1ccc2c(c1)CC(=O)N2,-8.7,0.791,2.679585797390077,-10.9,seed123
[N+]=C(C(=O)c1cccc(F)c1)N[C@@H]1C[C@H]1c1cccc(Cl)c1,-8.6,0.616,3.4441778488333368,-11.0,seed123
[N+]c1ccc(-c2nn(Cc3ccccc3)c(=O)[nH]c2=O)cc1F,-8.6,0.874,2.840904743388034,-11.0,seed123
[N+]c1ccc(F)c(C[NH+]2CCC[C@H]2c2nc3ccccc3o2)c1,-9.0,0.888,4.764086538980622,-10.6,seed123
[N+]1=C[C@@H](Nc2nc(N[C@@H]3CCN(c4ncccn4)N=C3C(=O)c3cccs3)ccc2O)c2ccccc21,-10.2,0.3999999999999999,4.623121645932313,-9.4,seed123
[C@@H][N+]=C(\C)N1CCN(C(=O)NC[C@@H](C)c2nc(-c3ccccc3)no2)CC1,-8.6,0.734,3.344383877912225,-11.0,seed123
Fc1ccc(Cc2cccc(F)c2)cc1N[C@H]1CCn2cccc2C1,-9.1,0.8039999999999999,2.992927963576508,-10.5,seed123
FC(F)(F)[C@@H](c1ccccc1)N1CCN(Cc2cccc(C#CCC(F)F)c2)CC1,-9.2,0.568,3.1529619000376394,-10.4,seed123
Fc1ccc(SCC[C@H]2Cc3cc(-c4ccccc4)ccc3O2)cc1,-8.3,0.604,2.543564702106396,-11.3,seed123
FC(F)(F)c1ccccc1CN1CCN(C(=O)Cc2ccccc2)CC1,-8.7,0.91,1.89155048738466,-10.9,seed123
[C@H]1O[C@@H](c2ccc(Cl)cc2)N1C(=O)CNC(=O)c1cc(Cl)ccc1O,-8.9,0.935,3.126023318085012,-10.6,seed123
[C@H](C(=O)Nc1c(F)c(F)cc(F)c1F)[C@H]1C[C@@H](C)N(c2ccccc2)C1,-9.4,0.727,3.644012765229348,-10.1,seed123
[NH+]/C(=C\c1ccc(Cl)cc1)N[C@@H](c1ccc(C)cc1)c1ccccc1O,-10.1,0.8029999999999999,3.0086304813809406,-9.4,seed123
Fc1ccc(-c2ccnc(NC[C@@H](O)c3ccccc3)c2)cc1,-8.5,0.828,2.346062132067704,-11.0,seed123
Fc1ccccc1Cn1c[nH+]cc(C(=O)Nc2ccc([N+](=O)[O-])cc2)c1=O,-8.7,0.628,2.838839119732759,-10.8,seed123
FC(F)(F)c1ccc2oc(C(=O)N3CCC[C@@H](C(=O)NC4CC4)C3)cc2c1,-9.4,0.865,2.7589644173727663,-10.1,seed123
Fc1ccc(-c2noc(-c3ccc(NCc4cccnc4)o3)n2)cc1,-8.4,0.6699999999999999,2.4379368910622983,-11.1,seed123
Fc1cccc(C[C@H]2CCCC[C@@H]2[NH2+][C@@H]2CC(F)(F)OC2=O)c1,-8.8,0.943,4.51643419883622,-10.7,seed123
[C@H]OCc1cccc(NC(=O)c2ccc(=O)n(-c3ccccc3)n2)c1C,-8.5,0.85,2.4863438345780065,-10.9,seed123
[C@H]Oc1cccc([N-]S(=O)(=O)c2ccc3c(c2)C(=O)N(Cc2ccccc2)C3)c1,-8.7,0.693,3.341655282967009,-10.7,seed123
[P@@]=C(NC(=S)NCc1ccc(Cl)cc1)N1c2ccccc2C[C@H]1Cc1ccccc1,-9.7,0.4639999999999999,3.0594534962304936,-9.7,seed123
[P@@]Cc1nc(CN2CCC[C@@H]2c2ccccc2F)oc1NC(=O)c1ccco1,-8.7,0.6769999999999999,3.460570444641851,-10.7,seed123
[C@H][NH+](Cc1ccc(F)c(Br)c1)C(c1ccccc1)c1nc(C(F)(F)F)cs1,-9.0,0.619,4.039224929911399,-10.4,seed123
[N+](=O)c1ccccc1NC(=O)c1cc[nH+]c(N2CCCCC2)c1,-9.2,0.922,3.489471116257416,-10.2,seed123
[N+]=C/C=C/C(=O)N[C@H]1CCCC[C@@H]1CCN1CCc2ccccc2C1,-8.8,0.72,3.667464438180475,-10.6,seed123
Fc1ccc(CN2CCC([NH+]3CCC[C@@H]3CCc3ccccc3)CC2)cc1,-8.8,0.901,3.776145583757554,-10.6,seed123
Fc1cc(/C=N/N=C2\Sc3ccccc3N2)ccc1OCc1ccccc1,-9.1,0.471,2.53093673106879,-10.3,seed123
Fc1cc(N2CCCC2)ccc1NCC1CCN(S(=O)(=O)c2cc(F)ccc2F)CC1,-9.0,0.792,2.351513144161837,-10.4,seed123
Fc1cc2c(cc1NC(=S)N[C@H]1CCCC[C@H]1C(=O)NC[C@@H]1CCCC[C@@H]1O)N(c1ccccc1)C2=O,-9.9,0.492,3.7715031625247217,-9.5,seed123
[C@H]Oc1cccc(-c2cnc(NC(=O)[C@@H](C)N3CCC(c4ccccc4)CC3)nn2)c1N,-8.8,0.658,3.3342526059574364,-10.5,seed123
[C@H]1CCCCN1C(=O)CS[C@@H]1N=C2N=NN(c3ccccc3)[C@@H]2C1,-8.5,0.923,4.450225180514101,-10.8,seed123
Fc1ccc(-c2ccccc2NC(=O)c2cccc(Cl)c2Cl)cc1,-9.4,0.6849999999999999,1.7273846139447713,-9.9,seed123
Fc1ccc(-n2ncc3c(=O)n(-c4cccc(F)c4)ncc32)cc1,-9.0,0.65,2.204386650143864,-10.3,seed123
F[N+]([O-])=C(CC[NH+]1CCn2cccc2C1)c1c([O-])c2ccccc2oc1=O,-9.0,0.316,4.9106410207693685,-10.3,seed123
FC(F)(F)Oc1ccc(Nc2nc3cc(Cl)cc(Cl)c3s2)cc1,-8.3,0.665,2.30257486912768,-11.0,seed123
Fc1cccc(CN2CC[NH+](CCc3nc(-c4ccc(Cl)cc4)no3)CC2=O)c1,-8.9,0.749,3.6101789814515737,-10.4,seed123
[NH+]/1(C(=O)Cn2ncc(C(F)(F)F)n2)c2ccccc2C(=O)c2ccccc21,-9.2,0.825,3.667626164267171,-10.1,seed123
[P@@]=C(\N=c1/[nH]c(Cl)nc2c1cnn2-c1ccccc1)c1ccccc1F,-9.6,0.509,3.0828965663867374,-9.7,seed123
[N+]1=C2CCC[C@@H]2[C@H]1C(=O)NCc1ccc(OCc2ccccc2)cc1,-8.6,0.863,3.399344075351893,-10.7,seed123
[NH+]=C(/NCc1cccnc1)N1CCN(c2nc3ccccc3c(=O)[nH]2)CC1,-9.3,0.493,2.827690129316114,-9.9,seed123
[NH+]Nc1cccc(C(=O)NCc2cc(=O)n(C)c3c2CCC3)c1,-8.9,0.856,2.946467820311112,-10.3,seed123
[C@H]n1c(SCCC(=O)N[C@H]2CCCc3ccccc32)nnc1-c1ccc(F)c(F)c1,-9.0,0.6729999999999999,3.195126298648605,-10.2,seed123
[P@@]=C(OCc1ccncc1)NC(=O)c1cc(=O)[nH]c2ccc(Cl)cc12,-8.7,0.754,2.780032817975126,-10.5,seed123
[N+]/c1cc(N2CCN(c3ccc(Cl)cc3)CC2)ccc1OCc1ccc(Cl)cc1,-8.7,0.613,2.398687998444302,-10.5,seed123
FC(F)c1cccc(C[S@@](=O)c2nc3cc(Cl)ccc3[nH]2)c1,-8.2,0.842,3.031793425624727,-11.0,seed123
FC(F)(F)c1cccc(C(=O)NCc2nnnn2C[C@@H]2CCCO2)c1,-8.7,0.864,2.7864650329898257,-10.5,seed123
Fc1ccc(-c2cccnc2)cc1OCC(=O)N1CCN(Cc2ccco2)CC1,-9.1,0.722,2.209486821973714,-10.1,seed123
FC(F)(F)c1ccc(C[NH+]2CCC[C@@H](c3nc4ccccc4[nH]3)C2)o1,-8.7,0.842,4.31352297348079,-10.5,seed123
[NH+]1CCN(Cc2c[nH+]c3ccccc3n2)C[C@@H]1Cc1ccccc1,-8.8,0.854,4.318020490293993,-10.3,seed123
[P@@](=C/Nc1ccc2ccccc2c1)Nc1ccc([N+](=O)[O-])cc1,-8.4,0.478,2.7639574538004705,-10.7,seed123
[P@@](=NC(=O)Nc1nnc(C2CC2)s1)OCc1cccc(C(F)(F)F)c1,-8.2,0.792,3.2083743130997195,-10.9,seed123
[NH+](CC1CC1)[C@H]1CCN(C(=O)c2ccc(C3CCCC3)cc2)C1,-8.3,0.87,3.43694272908263,-10.8,seed123
[N+]([O-])c1ccc(Nc2ncnc3c2CCN(c2ccc(F)cc2)C3)cc1,-8.4,0.8069999999999999,2.788735562338156,-10.7,seed123
[N+]c1ccc(Br)cc1Oc1ccc(NC(=O)C2CCCCC2)cc1,-8.6,0.837,2.468045513020119,-10.5,seed123
Fc1ccc(Oc2sc3cc(NCc4ccccc4)c[nH+]c3c2CN2CCOCC2)cc1,-9.3,0.506,3.1177178557562613,-9.8,seed123
Fc1ccc(C2=NS(=O)(=O)c3cc(F)ccc3O2)cc1C(F)(F)F,-8.9,0.8089999999999999,2.820572448960432,-10.2,seed123
FC(F)(F)c1ccccc1NC(=O)CN1CCN(C(=O)COc2cccc(F)c2)CC1,-9.1,0.783,2.093167894583829,-10.0,seed123
FC(F)(F)C1CCN(C(=O)c2cnn3c2OCCC3)[C@]1c1ccccc1Cl,-9.1,0.85,3.741068708870742,-10.0,seed123
Fc1cc(F)ccc1C(=O)N1CCC(O)(F)c2ncccc21,-9.2,0.861,3.189140173377238,-9.9,seed123
[P@@]1/c2ccccc2C(=O)N1CCC[NH+]1CCC(Cc2ccccc2F)CC1,-8.9,0.841,4.125754783649121,-10.1,seed123
[N+]1=C[C@H](C(=O)Nc2ccccc2)[C@@H](c2c[nH]c3ccccc23)N1c1ccc(F)cc1,-9.2,0.614,3.5959029378745075,-9.8,seed123
[N+]c1ccc(C[NH+]2CCC(CN3C(=O)c4ccccc4C3=O)CC2)cc1O,-8.5,0.879,3.848265022777082,-10.5,seed123
[N+]n1c(=O)c2ccccc2nc1-c1ccc(Br)cc1C(F)(F)F,-9.4,0.725,2.7484760367100964,-9.6,seed123
[N+]=C(/C=C/c1ccc2c(c1)OCO2)Nc1ccc(Cl)c(Cl)c1,-8.7,0.761,2.6978310494944484,-10.3,seed123
[N+]1=C(C2(c3ccccc3)N=N2)/C(=C/c2ccc(O)cc2)C1,-9.1,0.9,3.3496355498142627,-9.9,seed123
Fc1ccc(F)c(CN2CCC(c3nncn3CCc3ccccc3)CC2)c1,-9.2,0.721,2.310391221960975,-9.8,seed123
Fc1ccc(-c2ccc([C@H]3CCCN3C(=O)Cc3cccc(Cl)c3Cl)o2)c(Cl)c1,-9.8,0.509,2.863764427712629,-9.2,seed123
FC(F)(F)c1ccccc1SC1CCN(C(=O)c2ccccc2[N+](=O)[O-])CC1,-8.7,0.605,2.4099560653727217,-10.3,seed123
Fc1ccc(COc2ccccc2CN2CCN(Cc3ccco3)CC2)cc1,-8.7,0.691,1.965824597489356,-10.3,seed123
FC(F)(F)c1nnc(-c2ccccc2)n1[C@H]1CC(=O)N(c2cccc(Cl)c2)C1,-9.5,0.719,2.929833692505099,-9.5,seed123
[NH+]=C(c1cccc(Cl)c1)[NH+](C)C/Cc1c[nH]c2c(Cl)cccc12,-8.4,0.5539999999999999,3.8760293527689313,-10.5,seed123
[NH+]1(c2nc(-c3c[nH]c4ccccc34)nn2-c2ccccc2)CC1,-9.0,0.648,3.093599275236277,-9.9,seed123
[P@@]/N=C(\NCc1cccc2c1CCCC2)N1CCc2ccccc21,-9.1,0.58,2.831806585138448,-9.8,seed123
[N+]=C[C@@H]1CC(C(=O)Nc2ccccc2C#N)=C(C)c2ccccc21,-8.9,0.862,3.4573686803392416,-10.0,seed123
[N+]([O-])c1ccc([C@H]2CN(C(=O)c3ccc(F)c(F)c3)N=N2)cc1,-8.4,0.894,3.6819020154908255,-10.5,seed123
[N+]([O-])C[C@H](c1ccco1)N(Cc1c[nH]c2ccccc12)C(=O)Cn1nnc(-c2ccccc2)n1,-8.8,0.42,3.446848932573144,-10.1,seed123
[N+]1=CCCC[C@H]1C(=O)N1CCC(NC2=Cc3ccccc3C(=O)N2C2CCC2)CC1,-9.3,0.928,3.790633867583279,-9.6,seed123
[N+]=Cc1ccc(Cl)c(S(=O)(=O)Nc2ncn(Cc3ccccc3)n2)c1,-8.4,0.747,2.7536861224171627,-10.5,seed123
Fc1cccc([C@H]2c3cc(NC(=O)CCCn4cccc4)[nH]c3CCS2)c1,-8.9,0.725,3.522710434899542,-10.0,seed123
FC(F)(F)CCC[NH2+][C@H]1CCc2c(OCc3ccccc3)nc(-c3ccccc3)nc2C1,-9.1,0.603,3.5951298257222444,-9.8,seed123
FC(F)c1cc(C(=O)[O-])cc(-c2cc(F)ccc2F)c1,-8.9,0.892,2.7352747697504114,-10.0,seed123
Fc1cccc(COc2ccc3nn(-c4ccc(OCC(F)(F)F)cc4)n3c2)n1,-8.8,0.436,2.976488832549956,-10.1,seed123
Fc1cccc(-c2nc(-c3ccc(Cl)cc3)no2)c1,-8.5,0.783,1.766699852615428,-10.4,seed123
[NH+]=C(/NCC(=O)NCc1ccccc1)N1CCN(c2ncccn2)CC1,-8.5,0.523,2.554374833593215,-10.3,seed123
[NH+]N=C([O-])CCC(=O)Nc1cccc(C(=O)NOCc2ccccc2)c1,-8.3,0.4649999999999999,2.796608075742247,-10.5,seed123
[N+]1=C/C=C/C1=C\c1ccc(OCc2coc(-c3ccccc3)n2)cc1,-8.3,0.784,3.0512758515612584,-10.5,seed123
[N+]n1c(=O)[nH]c(=S)n1/N=N/c1nc2ccc(Cl)cc2n1CCC(=O)N1CCN(Cc2ccccc2)CC1,-9.3,0.365,3.388865739975285,-9.5,seed123
[N+]([O-])Cc1ccccc1C(=O)N1CCC2(CC1)NC(=O)N(c1ccc(Cl)c(Cl)c1)C2,-10.0,0.8029999999999999,3.581334207729947,-8.8,seed123
[N+]1=CCCC[C@@H]1C(=O)Nc1ccc(Cl)cc1N[C@H]1CCCc2ccccc21,-9.5,0.884,3.838657046756581,-9.3,seed123
FC(F)c1ccn(-c2cccc(C[NH+]3CCc4ccccc43)n2)c1,-8.9,0.862,4.285242028755532,-9.9,seed123
Fc1cccc(/C=C/C[NH2+]Cc2cccc(C(F)(F)F)c2)c1,-7.9,0.722,3.027810205821992,-10.9,seed123
[N+]c1cccc2c1CN(Cc1cc(F)ccc1F)CC2,-8.6,0.904,2.751651827780101,-10.2,seed123
[N+]=Cc1ccc(Cn2c(Nc3ccccc3)nc3ccccc32)cc1,-9.2,0.643,2.388384500209906,-9.6,seed123
[nH+]1/N=C(/NC(=S)NCc2cccc(Br)c2)nc2ccccc21,-8.2,0.77,3.1352757610329114,-10.6,seed123
Fc1ccc(F)c([C@H]2CCC[NH+](Cc3ccccc3)C2)c1,-8.7,0.866,3.9030049542054215,-10.1,seed123
[P@@](=C\c1sc2ccccc2c1Nc1ccc(F)cc1)C1CCCC1,-9.4,0.586,3.0158824247917515,-9.3,seed123
FC(F)(F)c1ccc(OCC(=O)N2CCC(COc3ccccc3)CC2)cc1,-8.4,0.8099999999999999,1.984741967739588,-10.3,seed123
FC(F)(F)c1cccc(CNC(=O)c2cccn2CC(F)(F)F)c1,-8.3,0.911,2.337186176771084,-10.4,seed123
FC(F)(F)Oc1cccc(-c2csc(NC3CCCCC3)n2)c1,-8.4,0.882,2.2138691436032047,-10.3,seed123
[P@@]C1CC[NH+](Cc2ccc(OCc3ccc4nc[nH]c4c3)nc2)CC1,-8.6,0.773,3.916801548026955,-10.1,seed123
[P@@]C1CCCC[C@H]1c1ccc(F)c(OCc2ccc(F)cc2)c1,-8.5,0.706,3.185655216571688,-10.2,seed123
[NH+](N/C([O-])=N/c1nnnn1-c1ccccc1)c1cc(F)cc(Br)c1,-8.6,0.4529999999999999,3.8117505297425263,-10.1,seed123
[N+]n1ccc(-c2cccc(CCC(=O)N3CCCC3)c2)c1Br,-8.0,0.905,2.7983211593845603,-10.7,seed123
[N+]c1cccc(-c2cnn(CS(=O)(=O)c3nnc(NCc4ccco4)o3)c2)c1,-8.5,0.58,3.50324515150027,-10.2,seed123
Fc1ccccc1C(=O)/C(CCOc1ccc(F)cc1)c1ccccc1,-9.0,0.612,2.391682714229173,-9.7,seed123
Fc1ccccc1N1CC[C@H](c2c[nH]nc2-c2cccs2)C1,-8.2,0.863,3.077871398520317,-10.5,seed123
FC(F)(F)c1cccc2nc([C@H]3CCCCN3C(=O)Cc3cccc(Cl)c3)[nH]c12,-9.2,0.6839999999999999,2.9082730581066247,-9.5,seed123
FC(F)(F)c1cccc(-c2cc(Br)ccc2OCc2ccco2)c1,-8.6,0.595,2.09421606190857,-10.1,seed123
Fc1cn[nH]c1C(=O)N/N=C\C1=CCC[C@H](c2nc(C3CC3)no2)C1,-8.6,0.719,3.888502384019079,-10.1,seed123
[C@H]Oc1ccc(-c2ncoc2C(=O)[C@@H]2C[C@H]2c2ccccc2F)cc1OCC(F)(F)F,-8.7,0.446,3.862953822869409,-9.9,seed123
[P@@]1CC[C@H](C(=O)Nc2ccc3c(c2)N(CCc2ccccc2)C3)C1,-8.2,0.911,3.345444867325412,-10.4,seed123
[P@@]1CCN(C(=O)CCC/C=C\c2cc(Cl)c(Cl)cc2)c2ccccc21,-8.1,0.5459999999999999,3.129916620792028,-10.5,seed123
[N+]1=C[C@H](S(=O)(=O)C2CC2)[C@H]2N=C(c3ccccc3)[C@@H](O)[C@@H]2[C@@H]1Nc1cccc(F)c1,-9.1,0.841,4.754929429196991,-9.5,seed123
[N+]([O-])Cc1cccc(-c2csc(-c3ccccc3)n2)c1,-8.1,0.756,2.461390371662624,-10.5,seed123
[N+]=Cc1ccc(CSc2nnc(Nc3ccccc3C)o2)cc1,-8.2,0.634,2.7687519428934664,-10.4,seed123
[N+]1=C[C@@H](C2=CCCCC2)[C@@H](c2ccc3c(c2)CCN3C(=O)COC(=O)CCC[NH+]2CCCC2)C1,-8.5,0.5539999999999999,4.951634060496396,-10.1,seed123
[N+]([O-])=C1\C(=N/C(=O)c2cn(C3CCCCC3)nc2-n2c(C)cc(=O)[nH]2)N=C1O,-9.9,0.667,4.0089684015273175,-8.7,seed123
[N+]1=CCCC[C@@H]1C(=O)N1CCC(Nc2ccc(Cl)c(Cl)c2)CC1,-8.0,0.885,3.601062424312774,-10.6,seed123
[N+]=C(c1ccccc1)N1CCN(c2cnn(Cc3ccccc3)c(=O)c2[N+](=O)[O-])CC1,-8.9,0.35,2.812733089946392,-9.7,seed123
[nH+]1cnc2c1n[nH]c1nc(-c3ccccc3)[nH]c12,-8.8,0.602,3.703061579838068,-9.8,seed123
FC(F)(F)c1ccc(C(=O)Nc2ccc(Cl)cc2)cc1,-8.2,0.942,1.511939291894933,-10.4,seed123
Fc1ccc2c(c1)[C@H]([NH2+]CCN1CCOC[C@H]1c1ccccc1)CCC2,-8.0,0.874,3.866856721273304,-10.6,seed123
Fc1ccc(-c2cccc(-n3ccnc3OCCN3CCOCC3)c2)cc1,-8.6,0.75,2.377273846453408,-10.0,seed123
FC(F)(F)CC[NH+](Cc1ccncc1)C(=O)c1cccc(C[C@@H]2CCCO2)c1,-8.4,0.867,4.051169666582196,-10.2,seed123
FC(F)(F)C1CCN(C(=O)c2cccnc2CC2CCCC2)CC1,-8.1,0.905,2.465317419374633,-10.5,seed123
FC(F)(F)c1ccc(Cl)c(-c2ccc(Nc3ncccn3)n2C(F)(F)F)c1,-8.4,0.636,2.9314550678671267,-10.2,seed123
FC(F)(F)COc1cccc2c1NC(=O)/C2=C/C1NC(=S)[N-]c2ccccc21,-9.6,0.66,4.171136126779684,-9.0,seed123
[C@H]1C(=O)c2ccccc2C(=O)N1c1ccc([N+](=O)[O-])c(F)c1,-8.7,0.71,2.648819447981209,-9.8,seed123
[C@H](CN1CCN(C(=O)c2ccc(Cl)c3ccccc23)CC1)[NH+]1CCCC1,-8.0,0.871,3.221963497560827,-10.5,seed123
S[C@H]1CCCN(C(=O)Cc2cccc(OCc3ccccc3)c2)C1,-8.2,0.92,2.5813244463379466,-10.3,seed123
[NH+]/1(SCc2ccc(F)cc2)C[NH+](Cc2ccc(C(F)(F)F)cc2)C1=O,-8.2,0.701,4.244293852601669,-10.3,seed123
P=C(/C=C(\c1ccccc1)c1ccccc1)c1ccc(Cl)c(F)c1,-8.1,0.565,2.421327787267611,-10.4,seed123
[P@@]1(=O)C[C@@H](c2ccc(Cl)c(Cl)c2)N(Cc2cc(C(F)(F)F)ccc2F)C1,-8.8,0.494,3.796694888739639,-9.7,seed123
[P@@]1/C(=C/N=C/C=C/c2ccccc2)N=C1Nc1cccc(C(F)(F)F)c1,-8.7,0.597,3.3334272025613725,-9.8,seed123
C[NH+][C@@H]Sc1nc(-c2ccccc2)cc(-c2ccc(OC)c(O)c2)n1,-8.7,0.607,2.914520466945872,-9.8,seed123
[N+]1=CCCC[C@@H]1c1cc(C[NH+](Cc2cccnc2)CCCc2ccccc2)co1,-8.5,0.69,4.7756492582948695,-10.0,seed123
[N+]1=CCCC[C@H]1c1ccc(NC(=O)c2cccc(Cl)c2)cc1,-8.0,0.885,3.268047822336885,-10.5,seed123
[N+]c1cc(OCc2ccccc2)nc(-c2cccnc2)n1,-8.4,0.814,2.6005805931368826,-10.1,seed123
[N+](=O)c1ccc([N+](=O)[O-])cc1CCNC(=O)[C@@H](c1ccccc1)C(F)F,-8.3,0.655,3.3343671757676345,-10.2,seed123
[N+]c1ccc(N2CCN(C(=O)Cc3ccccc3)CC2)cc1,-8.2,0.951,2.355408453340603,-10.3,seed123
FC(F)(F)CS(=O)(=O)c1ccc(-c2nc(-c3cccnc3)no2)cc1,-8.4,0.782,2.356426401011808,-10.1,seed123
Fc1ccc(Cl)cc1N1CCC(NC(=O)[C@@H]2CCCO2)CC1,-7.8,0.908,2.62711214239183,-10.7,seed123
FC(F)C(F)(F)c1ccccc1CNc1cccc(C(F)(F)F)c1,-8.5,0.764,2.4217499637533315,-10.0,seed123
FC(F)Oc1ccc(S(=O)(=O)NNc2nc3ccccc3s2)cc1,-8.3,0.731,2.259932125256986,-10.2,seed123
FC(F)COc1ccccc1OC1CCN(C(=O)[C@@H]2CCCN(c3ccccc3)C2)CC1,-8.9,0.705,2.7803640688984235,-9.6,seed123
Fc1ccc(-n2c3ccccc3nc2NCCC[NH+]2CCCC2)cc1,-9.2,0.757,3.3047547704801765,-9.3,seed123
FC(F)(F)CCCNC(=O)[C@@H](c1cccc([N+](=O)[O-])c1)Nc1ccccc1F,-8.8,0.379,2.801929396800803,-9.7,seed123
n1ccc(-c2nc(CN(Cc3ccco3)c3n[nH]c4ccccc34)c2C#N)cc1,-8.7,0.628,3.1389130431670225,-9.7,seed123
[P@@]C1(CNC(=O)C2=C/C(=c3c(Cl)cc(C(=O)[O-])cc3=O)N=NC2)CCC1,-8.8,0.658,4.4732372901137145,-9.6,seed123
[P@@]=C(Nc1ccc(-n2cccc2C(F)(F)F)cc1)c1ccccc1,-8.1,0.698,2.7080975098723705,-10.3,seed123
C[P@@](Cc1ccccc1)C(=O)N1CCN(C(=O)c2ccc(C(C)C)cc2)CC1,-8.9,0.748,2.950134958327883,-9.5,seed123
Cn1c(=O)n(CC(=O)N2CCN(C(=O)CCc3ccccc3)CC2)c2ccccc21,-8.7,0.727,2.0832836928455247,-9.7,seed123
[N+]=Cc1ccccc1Cn1ccnc1C(=O)c1ccccc1,-8.3,0.614,2.671265184109833,-10.1,seed123
[N+]C1=C(Cl)[C@]2(CN(CCc3c[nH]c4ccc(Cl)cc34)N[C@@H]2c2ccccc2)c2ccccc21,-9.4,0.471,4.470933642083166,-9.0,seed123
[N+]([O-])CN(Cc1ccc(F)cc1)C(=O)c1ccc(N2CCCC2=O)cc1,-8.5,0.828,2.55145817969235,-9.9,seed123
[N+]c1cc(C[NH+]2CC=C(c3ccc(Cl)s3)CC2)ccc1[O-],-8.2,0.905,5.236797460582297,-10.2,seed123
FC(F)(F)CC1CCN(C(=O)c2cc3ccc(Cl)cc3s2)CC1,-8.1,0.785,2.4489784748969097,-10.3,seed123
Fc1cccc(CNCCSc2nc([O-])c3ccccc3n2)c1,-8.4,0.508,2.5587388544893344,-10.0,seed123
Fc1ccc(CN2CCC[C@H](CN(Cc3ccccc3)Cc3ccccc3)C2)cc1,-8.5,0.5539999999999999,2.362356014634212,-9.9,seed123
FC(F)(F)c1cccc(NCCNc2ccc(Oc3ccccc3)cc2)c1,-7.7,0.578,1.9147448967492653,-10.7,seed123
FC(F)(F)c1ccc(NCc2cc(C(F)(F)F)ccc2Cl)cn1,-8.4,0.828,2.275599574462668,-10.0,seed123
[P@@]=C(NS(=O)(=O)c1ccc2c(c1)CCO2)NNC(=O)c1ccc2c(c1)OCO2,-8.4,0.5529999999999999,2.836498506201126,-9.9,seed123
[P@@]=C(\CCc1nc2ccccc2[nH]1)c1cccc(F)c1,-8.0,0.792,2.599013938627513,-10.3,seed123
[N+]n1ccnc1C(=O)N1CCN(Cc2csc(Nc3ccc(Cl)cc3)n2)CC1,-9.0,0.771,2.837378484833604,-9.3,seed123
[N+]1=C/C(=C\c2ccccc2F)c2ccc([N+](=O)[O-])cc21,-8.4,0.699,3.226531180006821,-9.9,seed123
O[N+]12CCC(C(=O)Nc3ccccc3[N+](=O)[O-])C[C@@]1(c1ccccc1)N2,-8.9,0.417,3.921651847518594,-9.4,seed123
[N+]=C(c1ccc(F)cc1)[NH+]1CCN(Cc2ccccc2F)CC1,-8.4,0.742,3.3332677450018053,-9.9,seed123
S([C@H]O)c1ccc(CC[NH+]2CCC3(CC2)Oc2ccccc2O3)cc1,-8.8,0.888,4.270808776950471,-9.5,seed123
[C@@H]Oc1ccc(CNC(=O)CS[C@@H](c2ccccc2)c2cccs2)cc1,-8.3,0.6809999999999999,3.0292046251603466,-10.0,seed123
FC(F)(F)c1ccc([C@H]2NC(=O)C(c3cccs3)=C2C(=O)Nc2cccc(F)c2)cc1,-9.3,0.624,2.9536205676252045,-9.0,seed123
FC(F)(F)/C(=O)COc1cccc(C(=O)NCc2ccccc2)c1,-8.0,0.861,1.9291395778132097,-10.3,seed123
FC(F)(F)/C(Cl)=N/C(=N/c1cnn(-c2ccccc2)c1)c1ccccc1,-8.5,0.54,2.904754021688193,-9.8,seed123
Fc1ccccc1OCC[NH2+][C@@H]1CCOC2(CCN(Cc3ccc(F)cc3)CC2)C1,-8.8,0.784,3.955992761989497,-9.5,seed123
N#Cc1cc(NC(=O)[C@@H]2CC(=O)N(C3CCCCC3)C2)cc(Cl)c1Cl,-8.1,0.942,2.9245855158872107,-10.2,seed123
[N+]c1ccc(N2CCN(C(=O)CCn3cc(C(F)(F)F)cn3)CC2)cc1,-8.1,0.916,2.8932107328777814,-10.2,seed123
[N+]c1ccnc(O[C@H]2CCC(=O)N[C@@H]2c2ccc(F)cc2F)c1,-8.7,0.925,4.006111451106383,-9.6,seed123
[N+]=C1C(=NC(=O)c2ccccc2)S/C1=C/c1cccc(F)c1,-8.1,0.934,2.902789291252692,-10.2,seed123
[N+]([O-])c1ccc(NC[C@H]2CCCN(c3cccc(Cl)c3)C2)cc1,-8.2,0.907,2.9896892273604703,-10.1,seed123
[N+](=O)c1cccc(NC(=O)Cn2cc(C(=O)[O-])ccc2=O)c1,-8.7,0.883,3.0588903180947025,-9.6,seed123
FC(F)(F)/C(Cl)=N/C=N/C=C/Cc1ncc(-c2ccc(F)c(Cl)c2)o1,-8.2,0.4669999999999999,3.632813109086341,-10.1,seed123
[N+]=C[C@H]1CC=CC[C@H]1C(=O)N1CCC[C@@H](C(=O)c2cccc(F)c2)C1,-9.3,0.5599999999999999,3.903483596866932,-8.9,seed123
FC(F)(F)c1cc(C[NH+]2CC[C@H](OO)c3ccccc32)ccc1Cl,-8.9,0.722,4.383143519480159,-9.3,seed123
FC(F)(F)CC[NH+]1CCC[C@@H]([C@@H]2CCCN(c3nc(C(F)(F)F)c(Cl)cc3Cl)C2)C1,-8.4,0.703,4.705485990711992,-9.8,seed123
FC(F)(F)/N=C(\[O-])CCNC(=O)c1ccn(-c2ccccc2)n1,-8.4,0.59,2.8773936191276803,-9.8,seed123
[P@@]=C(Nc1ccc(C(F)(F)F)cc1F)c1ccccc1,-7.8,0.711,2.4639983128739544,-10.4,seed123
[NH+]/C=C/[C@H]1CCCN(C(=O)NCc2cc(F)ccc2F)C1,-8.1,0.875,3.387433262407592,-10.1,seed123
[N+]=C(c1cccc(OC(F)F)c1)N1CC[NH+](CC(=O)N2CCC(O)CC2)C1,-8.5,0.585,4.302805348546854,-9.7,seed123
[N+]=C1CCCC[C@@H]1OC(=O)c1cnn(-c2ccccc2)c1,-8.1,0.891,3.267685152889989,-10.1,seed123
[N+]=C1/C(=N/C(=O)c2ccc(O)cc2O)SC(=S)N1c1ccccc1,-8.5,0.882,3.1209483034159664,-9.7,seed123
[N+]1=NC(=O)C[C@@H](Cc2cccc(Br)c2)N1c1ccccc1,-8.0,0.936,3.547338872940431,-10.2,seed123
Fc1ccc(-c2nc(Cc3ccccc3)no2)cc1,-7.8,0.7979999999999999,1.7492879545135285,-10.4,seed123
FC(F)(F)COc1ccccc1CNC(=O)c1ccc(F)cc1,-8.1,0.931,1.822636888358451,-10.1,seed123
[P@@]=C(NC(=O)c1cc(Cl)ccc1Cl)Nc1cccc(F)c1,-8.0,0.885,2.4592717371430446,-10.1,seed123
[P@@]=C(Nc1ccc([N+](=O)[O-])cc1)Nc1ccc(C(F)(F)F)cc1,-7.9,0.5529999999999999,2.464552959787021,-10.2,seed123
[P@@]C1CCC(NS(=O)(=O)c2cccc(Oc3ccc(F)cc3)c2)CC1,-8.0,0.852,2.569678538451832,-10.1,seed123
P=C(\CCc1ccc2c(c1)OCCO2)Nc1ccc(Cl)cc1,-8.1,0.901,2.4796171071867583,-10.0,seed123
[P@@](=O)/C(=C/C(=O)c1ccc(OCc2ccccc2)cc1)NCCc1ccccc1,-8.1,0.359,2.41257406179272,-10.0,seed123
[N+]1=Nc2c(s1)[C@@H](C(=O)N1CCOCC1)C1=C(C[C@H](c3ccco3)C1)[C@@H]2c1ccco1,-9.3,0.631,4.779187694023753,-8.8,seed123
[N+](Cl)c1ccccc1[C@@H]1CCCN1C(=O)c1cc(F)c(F)cc1F,-9.0,0.83,3.184471351373212,-9.1,seed123
[N+]c1ccc(-c2nnc(-c3ccccc3Cn3cc[nH+]c3C(C)(C)C)s2)cc1,-8.6,0.595,3.759522929278047,-9.5,seed123
[N+]n1ccc(NC(=O)c2ccn(-c3ccccc3)n2)n1,-8.0,0.851,2.763964601757486,-10.1,seed123
[N+]1=CCCC[C@@H]1C(=O)Nc1ccc(CC[NH+]2CCCCC2)cc1,-8.0,0.923,4.667634925341156,-10.1,seed123
[N+]=C(c1ccccc1)[C@@H]1CCCC[NH+]1Cc1ccc(F)cc1Cl,-8.8,0.915,4.326003468319939,-9.3,seed123
[N+]n1c(=O)n([C@@H]2CCCO2)c2c1N[C@@H](c1cccc(F)c1)C2,-8.5,0.896,4.249225314271124,-9.6,seed123
[N+]n1cnnc1SCc1nc2ccccc2c(=O)n1-c1ccc(F)cc1,-9.2,0.597,2.7554867202328914,-8.9,seed123
FC(F)(F)c1cccc(O[C@@H]2CCCC[C@@H]2C[NH2+]Cc2ccco2)c1,-8.0,0.932,3.829778742711559,-10.1,seed123
Fc1ccc(Cl)c(NCc2ncc(-c3ccc(F)cc3)o2)c1Br,-8.1,0.656,2.4533019031513508,-10.0,seed123
Fc1c(Cl)ccc2nc(Oc3ccccc3)ccc12,-8.3,0.748,1.9534391533147275,-9.8,seed123
Fc1ccccc1OC[C@H]1CCCN1C(=O)N[C@@H]1CC(=O)N(c2ccccc2)C1,-9.0,0.923,2.961454790693505,-9.1,seed123
Fc1ccccc1OCCN/N=C1/C(=O)C(C(=O)NCCc2ccccc2)=NC1,-8.2,0.577,2.7994171193234223,-9.9,seed123
Fc1cccnc1CN1CCN(C(=O)Nc2cc([N+](=O)[O-])ccc2F)CC1,-8.6,0.733,2.266007338356241,-9.5,seed123
FC(F)(F)c1ccc(C[NH2+][C@@H]2COc3ccc(Cl)cc3C2)cc1,-8.2,0.888,3.5388201219997013,-9.9,seed123
[C@H]1CCCc2sc([C@@H]3CCCN(C(=O)c4ccc5ccccc5n4)C3)nc21,-9.6,0.737,3.2971707635266103,-8.4,seed123
[C@H]1CCCN(C(=O)Nc2ccc(NC(=O)C(C)(C)C(C)C)cc2)C1,-7.6,0.951,2.676739796997012,-10.4,seed123
[C@H]1C(=O)N=C(N2CCC[NH+](CC[NH2+]CCc3ccccc3)C2=O)CC1,-8.0,0.759,4.977013527327824,-10.0,seed123
[P@@]=C(Cc1ccnc(OC2CCCC2)c1)NCc1cccc(Cl)c1,-8.3,0.792,2.7315077490449635,-9.7,seed123
[P@@]1C[C@H](c2cnn(C[C@@H]3CCCO3)c2)C[NH+]1Cc1cc(Cl)c(O)cc1Br,-8.4,0.757,4.906636246686993,-9.6,seed123
[P@@]C1(NC(=O)c2cc3cc(F)cc(F)c3cc2)CCC1,-8.2,0.908,2.889218732454376,-9.8,seed123
[P@@](=C\c1ccc(OCc2cccc(Br)c2)o1)c1cccc(Cl)c1,-7.9,0.587,3.1503168108613195,-10.1,seed123
Cc1c(C(=O)N[C@@H](C)CS(=O)(=O)c2cc(Cl)ccc2OC(F)F)sc2ccccc12,-8.6,0.6,3.008372037991508,-9.4,seed123
COc1ccccc1CNC(=O)Nc1cccc(C(C)=O)c1,-8.0,0.913,1.667695813762439,-10.0,seed123
[C@H](=C[C@H](O)c1ccn(C2CCCC2)n1)C(=O)Nc1cccc(OC)c1,-7.8,0.871,3.118979307096001,-10.2,seed123
Fc1ccccc1OCc1ncc(-c2ccccc2F)o1,-7.8,0.8009999999999999,1.9840484123615525,-10.2,seed123
FC(F)(F)c1ccc(Nc2ncnc3nonc23)cc1F,-8.0,0.813,2.673441795138819,-10.0,seed123
F[C@@H](Cc1ccccc1)C1CCN(S(=O)(=O)c2ccccc2)CC1,-7.7,0.908,2.533830189290647,-10.3,seed123
FC(F)(F)c1ccccc1CNC(=O)c1ccc(/N=N\CC(=O)[O-])cc1,-8.2,0.878,2.7230698740790444,-9.8,seed123
Fc1cc(/N=C(\NCc2nc(-c3ccco3)cs2)c2ccccc2)cs1,-9.4,0.447,3.020095423529595,-8.6,seed123
FC(F)(F)c1cc(NCC[NH+]2CCCC2)nc(-c2ccccc2)n1,-8.8,0.959,3.4842950113478786,-9.2,seed123
FC(F)C1CCN(C(=O)CNc2cccc(OCC(F)(F)Cl)c2)CC1,-7.7,0.656,2.737550901728481,-10.3,seed123
COc1cc(/C=C2\C(=O)NC(=O)N(c3ccc(Cl)c(Cl)c3)C2=O)c(OC)cc1OC1CCCCC1,-8.8,0.487,2.5628066844533794,-9.1,seed123
[NH+]=C1/C(=C/c2ccc3c(c2)OCO3)C([O-])=NC(=S)N1Cc1ccccc1,-8.5,0.873,3.1945574894636604,-9.4,seed123
[P@@](=C/c1ccc2ccccc2c1)N[C@@H]1CCCC[C@@H]1CCO,-8.2,0.883,3.701434680289721,-9.7,seed123
[P@@]1CCC(C[C@H](O)c2ccccc2)=C1N1CCc2ccccc21,-8.7,0.902,3.5127394502280334,-9.2,seed123
[P@@]=C(N[C@H](c1ccccc1)c1ccccc1)Nc1cccc(Cl)c1,-8.0,0.642,2.252986650143864,-9.9,seed123
C[P@@](C)(COc1cc(C)cc(F)c1)Cc1c(C(C)(C)C)c(C)nn1CCc1ccccc1,-8.8,0.422,3.059883945193139,-9.1,seed123
[P@@]1CCC(Nc2ccccc2[N+](=O)[O-])=C1CC1(c2ccc(Cl)cc2)CC1,-9.2,0.438,3.282267535201706,-8.7,seed123
[C@@H]Oc1ccc(/C=C(\C#N)C(=O)N2CCc3ccccc32)cc1,-8.9,0.726,2.676381031715092,-9.0,seed123
[N+]([O-])CCOC(=O)c1cc(S(=O)(=O)N(Cc2ccccc2)c2ccccc2)nc2ccccc12,-8.8,0.286,2.7753839181687,-9.1,seed123
[N+]c1ccccc1OC[C@H]1CCCN1C(=O)Cc1cncc(F)c1,-8.1,0.927,3.3071479150431564,-9.8,seed123
[N+][C@@H]1CCCCN1C(=O)c1c[nH+]ccc1N1CCc2ccccc21,-8.3,0.931,4.10392268809619,-9.6,seed123
[N+]=Cc1cccc(S(=O)(=O)Nc2cc(C(F)(F)F)ccc2F)c1,-8.1,0.764,2.6747194255792923,-9.8,seed123
[N+]=Cc1cccc(Oc2cc(OCc3ccccc3)n[nH]2)c1,-7.8,0.79,2.945809984405692,-10.1,seed123
[N+]=Cc1ccccc1NC(=O)c1nnc([C@@H]2CCCO2)s1,-8.0,0.953,3.475123236118236,-9.9,seed123
[N+]n1cc(-c2ccccc2)cc1/C=N/NC(=O)COc1ccc(Br)cc1,-8.2,0.579,2.6851094894636613,-9.7,seed123
[nH+]1c(C(=O)N2CCN(c3ccc(Cl)cc3)CC2)noc1N1CCOCC1,-8.3,0.871,3.064968153431272,-9.6,seed123
Fc1cccc(C(F)(F)CO[C@H](C2=CCCCC2)N2CCOCC2)n1,-8.6,0.657,3.787077384019078,-9.3,seed123
FC(F)(F)c1ccc(NC(=O)[C@@H]2COc3ccc(Cl)cc3N2)cc1,-8.3,0.929,2.711247011533948,-9.6,seed123
FC(F)C(F)(F)c1cccc(NCc2ccccc2)c1F,-8.3,0.863,2.34283513236851,-9.6,seed123
Fc1cccc(-c2cc(-c3ccccc3)no2)c1,-8.4,0.751,1.7581907525521476,-9.5,seed123
Fc1ncc(F)c(-c2ccccc2)c1NCc1ccc(Cl)cc1Cl,-8.2,0.659,2.363698867338435,-9.7,seed123
COCOC1=C(CNC(=O)CN2C(=O)N[C@@]3(CCc4ccc(F)cc4)C(=O)[C@@H]32)c2ccc(F)cc21,-8.4,0.586,3.924458177715853,-9.4,seed123
[C@H](C)C(=O)NC[C@H](c1ccc(F)cc1)c1cccc(F)c1,-8.3,0.877,2.679925309343707,-9.5,seed123
[P@@]=C(NCc1cc(=O)[nH]c(-c2ccc(Cl)cc2)n1)[C@H]1CCCO1,-7.9,0.895,3.469886899837249,-9.9,seed123
[P@@]=C(SCC(=O)Nc1ccc2c(c1)OCO2)c1cccc(Cl)c1,-7.9,0.882,2.5983789338129952,-9.9,seed123
P=C(\C1CCCC1)c1ccc(Cn2cccnc2=O)cc1,-8.4,0.893,2.68375812232372,-9.4,seed123
[N+]1=C[C@@H]2C[C@@H](C(=O)[O-])[NH+](Cc3ccccc3)[C@@H]2C1c1ccc(Br)cc1Cl,-9.4,0.866,5.349316667749537,-8.4,seed123
[N+]1=CCN(c2nc(C[NH+]3CCCCC3)c3ccc(Cl)cc3n2)CC1,-8.9,0.886,4.473761514715912,-8.9,seed123
[N+]([O-])Cc1cc(Cn2c(=O)n(-c3cccc(Cl)c3)c(=O)n2C[C@H]2C[C@@H](C(N)=O)N(c3ccccn3)C2)c[nH]1,-9.9,0.385,4.382002575985843,-7.9,seed123
[N+]([O-])c1ccc([C@H]([NH3+])CN2CCc3ccccc3C2)cc1F,-7.8,0.956,3.757116537996225,-10.0,seed123
[N+]([O-])CN1CCc2nc(NCc3ccccc3)cc(Cl)c2O1,-8.0,0.938,3.3017735975713727,-9.8,seed123
[N+]N[C@H]N[NH+](Cc1ccccc1)Cc1nc2ccccc2n1Cc1ccccc1,-8.8,0.4659999999999999,3.748713430723232,-9.0,seed123
FC(F)(F)C(F)(F)c1ccc(-c2ccncc2)[nH]c1=O,-8.3,0.944,2.637026051801694,-9.5,seed123
Fc1ccc(-c2nnn(-c3ccccc3)n2)cc1,-7.9,0.771,1.863774206833714,-9.9,seed123
O[C@H]1c2cc(F)ccc2C(=O)N1C[C@@H](O)C[NH+](CCO)Cc1ccccc1,-8.2,0.591,4.344733318251636,-9.6,seed123
[NH+]=C(Nc1ccc(C#N)cc1)N1C(=O)/C(=C/c2cccnc2)SC1=S,-8.7,0.439,3.01653877680503,-9.1,seed123
[P@@]=C(/CC(=O)N1CCN(c2ccc(Br)cc2)C1=O)c1ccccc1O,-8.7,0.846,2.8524193680447745,-9.1,seed123
[P@@]1CO[C@H](c2ccc(F)cc2)N1/N=C/c1ccc([N+](=O)[O-])cc1,-8.2,0.448,3.5835260606764088,-9.6,seed123
[N+]1=CCCC[C@@H]1c1nc(-c2ccc(F)cc2)n[nH]1,-8.1,0.96,3.872244766867732,-9.7,seed123
[N+]c1cccc(C[NH+]2CCC(Oc3ccccc3F)CC2)c1,-8.2,0.902,3.947614462955987,-9.6,seed123
[N+]1=C2CCN(CCCCOc3ccccc3)C(=O)[C@H]2[C@@H]2c3ccccc3C(=O)N12,-9.2,0.7939999999999999,3.781183400906821,-8.6,seed123
Fc1ccc(N[C@@H]2CCCN(c3cccc(F)c3)C2)cc1,-8.2,0.896,2.2914450520072656,-9.6,seed123
Fc1cccc(NC2CC[NH+](CCOc3c(F)cccc3F)CC2)n1,-8.1,0.862,3.6043416207920274,-9.7,seed123
FC(F)(F)c1ccc(S(=O)(=O)N2CCN=C2c2ccccc2)cc1,-8.2,0.93,2.2343749394664822,-9.6,seed123
n1ccc(-c2csc(CC[NH+]3CC(C)(Cc4cccnc4)C3)n2)cc1,-7.9,0.821,3.3966288968721106,-9.8,seed123
[P@@]1C=N[C@H](c2c(Cl)cccc2Cl)[C@H]1c1ccc([N+](=O)[O-])cc1F,-8.4,0.469,4.048796846816442,-9.3,seed123
[P@@]c1cn(-c2ccccc2)nc1-c1ccccc1Cl,-8.3,0.724,2.4248100624056352,-9.4,seed123
[P@@]1C[C@@H](c2ccccc2)NC(=O)N1CN1CCC(OCc2ccccc2)CC1,-8.3,0.823,3.4045215516339216,-9.4,seed123
[N+]n1ccc(N=C2c3ccccc3C(=O)N2C[C@H]2CCCO2)c1Cl,-8.4,0.94,3.862792062200347,-9.3,seed123
[N+]n1ccc(NC(=O)[C@@H]2CC(=O)N(c3ccccc3)C2)c1Cl,-7.9,0.919,3.233431390885272,-9.8,seed123
[N+]1=C[C@@H]2[C@H](CC2=O)N[C@@H]1/C=C/C(=O)c1ccc(Cl)cc1,-7.9,0.755,4.5495656619265095,-9.8,seed123
[P@@]=C(Nc1ccc2c(c1)OCO2)c1cc(F)ccc1F,-8.0,0.955,2.5935433257558103,-9.7,seed123
P=C(/C=C(\C)c1ccc(Cl)cc1F)Cc1ccccc1,-7.7,0.74,2.6002696415452835,-10.0,seed123
[NH+](NCCc1ncc(C2CC2)n1C[C@@H]1CO[C@H](Cn2CCCC2)C1)[C@H]1CCS(=O)(=O)C1,-8.0,0.4599999999999999,4.76765446082573,-9.7,seed123
[N+]=C/C=C\C(=O)OC[C@@H]1c2ccccc2C(=O)N1c1ccccc1,-9.0,0.5619999999999999,3.300571995310713,-8.7,seed123
[N+]1=CCCC[C@@H]1SCc1cc(C(F)(F)F)ccc1F,-7.8,0.848,4.019999909944602,-9.9,seed123
[N+]/C=C/c1cccc(OO[C@@H](CO)c2ccccc2)c1,-7.7,0.728,3.497370059944749,-10.0,seed123
O[N+](c1ccccc1)N1CCC(CN(CCO)Cc2ccccc2)CC1,-8.0,0.645,2.6519373842005027,-9.7,seed123
O[N+]1(c2ccccc2)c(=O)n(-c2cccc(Br)c2)N1,-8.1,0.74,3.5219135529054144,-9.6,seed123
[N+]c1ccc(Nc2ncnc3sc(C(C)C)cc23)c(F)c1,-8.1,0.86,3.176956006351335,-9.6,seed123
[N+]1=CN=C([C@@H]2NC(=O)N(CCSc3ccccc3)c3ccc(Cl)cc32)S1,-8.1,0.6839999999999999,3.86282142677978,-9.6,seed123
FC(F)(F)CC[NH2+][C@@H]1CCN(CC2CCN(c3ccc(F)cc3)CC2)C1,-8.0,0.854,3.603781209031669,-9.7,seed123
Fc1cccc2ncnc(N[C@@H](CO)c3ccccc3)c12,-8.2,0.853,2.582509364743709,-9.5,seed123
FC(F)c1ccc(O[C@H]2CCO[C@@]3(CCC[NH2+]C3)C2)cc1,-8.0,0.909,4.768158718693506,-9.7,seed123
FC(F)(F)c1nnc(Sc2ccccc2F)n1-c1cccc([N+](=O)[O-])c1,-8.6,0.4569999999999999,2.4713487202328928,-9.1,seed123
Fc1ccccc1N1CCN(CNc2ccccc2F)CC1,-8.1,0.916,1.983727924494449,-9.6,seed123
NOc1ccc2c(c1)OCC[C@@H]2NC(=O)N1CCC[C@@H](Nc2ccc(F)cc2)C1,-9.0,0.766,3.25339929618801,-8.6,seed123
S/C(=C\c1ccc(Cl)cc1)n1nnc2ccccc21,-8.5,0.8029999999999999,2.502580132335707,-9.1,seed123
[P@@]=C(Nc1cccc(C(F)(F)F)c1)c1ccccc1Cl,-7.9,0.832,2.4116623688180105,-9.7,seed123
[P@@]=C(NCCCN1C(=O)CCc2ccccc21)c1ccc(Cl)cc1,-8.1,0.701,2.532590663521791,-9.5,seed123
P=C(\[O-])c1ccccc1Oc1cccc2ccccc12,-8.1,0.766,2.3513898006964773,-9.5,seed123
[P@@]C1(c2nnc(NC3CCCC3)n2CC2Cc3ccccc3C2)CC1,-9.2,0.889,3.2055026587266955,-8.4,seed123
[P@@]=C(NCc1ccc([N+](=O)[O-])c(F)c1)NNC(=O)c1ccc2c(c1)OCO2,-7.8,0.4559999999999999,2.778972722971625,-9.8,seed123
[P@@]=C(NC(=O)c1ccc(Br)cc1)N1CCc2ccccc21,-8.3,0.926,2.4609136204321693,-9.3,seed123
[P@@]CC(=O)Nc1sc(-c2cccnc2)nc1-c1cccc(F)c1,-8.2,0.7959999999999999,2.7293111016451626,-9.4,seed123
[P@@]1CCC[C@@H](CCC/C(Cl)=C2\C(=O)C(=S)N(CO)C2)N1c1ccccc1,-7.7,0.51,4.460375387825847,-9.9,seed123
[P@@]CS(=O)(=O)c1ccc(O[C@H]2CCN(c3ccccc3)C2=O)cc1,-7.5,0.848,3.0625374586197847,-10.1,seed123
[P@@]=C(Nc1ccccc1F)N1CCN(c2ccccc2)CC1,-7.8,0.951,2.275591866802141,-9.8,seed123
SC(NC[C@H]1CCc2ccccc21)c1ccccc1,-8.0,0.713,3.109593208301193,-9.6,seed123
C[C@H](CCC(C)C)NC(=O)[C@@H]1C[C@]12CCc1ccccc12,-8.0,0.955,3.8448242803871153,-9.6,seed123
[C@@H]1C(=O)N(C2CCN(C(=O)c3ccccc3Cl)C2)CC1,-8.0,0.916,3.021613198294601,-9.6,seed123
[P@@]#Cc1cccc(N2CCC(C[NH2+]Cc3ccccc3)CC2)c1,-7.9,0.916,3.323382306910485,-9.7,seed123
[N+]1=C[C@@H]([C@@H]2NC(=O)C[NH+]=C2c2ccc(F)cc2F)N=N1,-9.0,0.757,5.287205953748217,-8.6,seed123
[N+]=Cc1ccc(CN2CCC[C@@H](NC(=O)C(F)(F)F)C2)cc1,-7.8,0.938,3.1735893537051068,-9.8,seed123
[N+]([O-])C(c1ccccc1)N(CC(=O)c1ccc([N+](=O)[O-])cc1)C(=O)Nc1ccccc1,-8.3,0.414,3.044178627668609,-9.3,seed123
[N+]c1ccc(OCC2=NN=NN2)cc1NCc1ccc(O)cc1,-8.2,0.719,3.0524348361196427,-9.4,seed123
[N+](Cc1ccccc1)Cc1nc(-c2ccccc2)no1,-7.7,0.791,2.5081881030837465,-9.9,seed123
[N+]=Cc1cncc(CSc2nccc(-c3ccccc3)n2)n1,-7.7,0.491,2.951090694464863,-9.9,seed123
[N+]([O-])c1ccc(NC[C@H]2CCCN2S(=O)(=O)Cc2ccccc2)cc1,-8.1,0.85,3.108133153249849,-9.5,seed123
[N+](=CCCCc1ccccc1)NC1C[C@H]2CCCC[C@@H]2C1,-7.7,0.5589999999999999,3.6303829401539,-9.9,seed123
c1nn(CN2CCN(C(=O)[C@@H]3CCCN(Cc4ccc(F)cc4)C3)CC2)cc1F,-8.0,0.848,2.887127882550475,-9.6,seed123
[C@H]Oc1ccccc1C[C@@H](N)CNc1ccc2c(c1)CCC2,-7.9,0.94,3.0545011877215,-9.7,seed123
[C@@]1(CCc2cccc3ccccc23)[C@@H](C(=O)NCCc2c[nH]c3ccccc23)c2ccccc21,-11.0,0.383,2.98770746874984,-12.4,seed333
[C@@](C#Cc1nc2ccccc2c(=O)n1[C@@H]1CCCCC1=O)c1ccc(C(F)(F)F)cc1,-10.5,0.648,3.468737893402875,-12.2,seed333
[C@@](C#Cc1ccc(C(=O)Nc2ccccc2C(F)(F)F)cc1)C(=O)Nc1cnccn1,-10.3,0.707,2.769012444861138,-11.8,seed333
Fc1cc(-c2nc(C[C@@H](C(=O)c3ccc(Cl)cc3)C(F)F)ccc2F)c(Cl)cc1Cl,-9.7,0.292,3.1688607809558613,-12.2,seed333
c1cccc2c1Nc1cc(CNS(C)(=O)=O)cc(-c3ccc4c(c3)OCCO4)c12,-9.9,0.618,2.4571418445981497,-11.9,seed333
[C@]1(c2cc(F)cc(F)c2)NC(=O)N1c1ccc(CC(=O)Nc2cccc(C#N)c2)cc1,-9.4,0.736,2.588269787518481,-12.2,seed333
n1cc(C(=O)NCc2ccccc2CNC(=O)c2ccc(F)cc2Cl)ccc1N1CCCC1,-10.1,0.623,2.173848656734153,-11.5,seed333
c1ccc(-n2ccc(C(=O)N3CCC[C@H](c4nnnn4C4CCCCC4)C3)n2)cc1,-10.0,0.745,3.0137522116955786,-11.5,seed333
[C@@](C#Cc1nc2ccccc2n1-c1ccc(F)cc1F)c1nc(C2CCCC2)oc1N1CCCC1,-11.1,0.422,3.21768389101935,-10.4,seed333
[C@]1(Cc2ccc(C(N)=O)cc2)c2ccccc2-c2ccccc21,-9.7,0.861,2.143963883191974,-11.7,seed333
[C@](C#Cc1ccccc1)NC(=O)c1cc(-c2ccc(F)cc2)nc2ncncc21,-9.8,0.515,2.850184197539326,-11.6,seed333
[C@]1(C)[C@H](CCNC(=O)S[C@@H](c2cc3ccccc3cc2)NC(=O)Cn2ccc(=O)[nH]c2=O)c2ccccc21,-10.5,0.379,3.900939567282009,-10.8,seed333
[C@@]1(C(=O)N2CCC(CNC(=O)c3ccccc3)CC2)NCc2ccccc21,-9.5,0.958,2.4219680261028707,-11.8,seed333
[C@@](O)(c1ccc(=O)n(Cc2ccccc2)n1)[C@H]1CCCc2ccccc21,-9.5,0.865,2.8251432891279595,-11.7,seed333
[C@@](O)(C(=O)NCc1ccn(-c2ccccc2)n1)c1ccc(C(=O)NCc2ccccc2)cc1,-9.8,0.472,2.3443025838596583,-11.2,seed333
[C@](O)(c1ccc(C#N)cc1)c1nnc(-c2ccc3ccccc3c2)o1,-9.3,0.694,2.40948727411131,-11.6,seed333
[C@@](C#CN(C)c1ncnc2c1cc(CC(N)=O)c1ccccc12)c1ccc(S(N)=O)cc1,-9.8,0.36,3.985186875868129,-11.0,seed333
c1ccc(-c2ccccc2C[NH2+][C@H]2CCN(c3ccc(F)cc3)C2)cc1,-9.1,0.823,3.1206798131302715,-11.7,seed333
Fc1ccc(-c2noc(C3CCN(c4nc5ccccc5[nH]4)CC3)n2)cc1,-9.2,0.6719999999999999,2.2998426926072533,-11.6,seed333
[C@@](C#COc1ccc(NC(=O)c2ccc(Cl)c(Cl)c2)cc1[N+](=O)[O-])c1ccc2[nH]ncc2c1,-9.9,0.303,2.9934063481804447,-10.8,seed333
[C@@]([C@H]1CCCCN1C(=O)c1cccc(F)c1)c1cc2ccccc2[nH]1,-9.4,0.836,3.056624064735621,-11.3,seed333
FC(F)(F)c1ccnc(SC[C@H]2CCCN(c3ccc(-c4ccccn4)cn3)C2)c1,-9.3,0.575,3.0571855917212103,-11.4,seed333
[C@@]1(COc2ccc3ccccc3n2)OC[C@H]1C(=O)NCCC1=c2ccccc2=[NH+]C1,-9.2,0.658,4.069339419992899,-11.4,seed333
[C@@]1(Cc2cnc(-c3cccnc3)nc2CN2CCO[C@H]3CCC[C@@H]32)Cc2ccccc21,-10.5,0.715,3.780287971923915,-10.1,seed333
FC(F)(F)c1ccccc1C(=O)Nc1cccc(-c2nc3ccccc3o2)c1,-9.6,0.57,2.015615429278048,-11.0,seed333
c1cccc(Cn2ncc3c(-c4ccc(Cl)cc4)noc3C2)c1,-9.3,0.7989999999999999,2.745364433607317,-11.2,seed333
[C@]1(c2ccccc2)NN(c2ccccc2)[C@H]1c1ccc(F)c(F)c1,-9.8,0.838,2.7955106001841017,-10.7,seed333
[C@](O)(c1ccccc1)[C@@H]1C(=O)NCCN1C(=O)c1ccc(C(C)C)cc1,-10.0,0.87,2.8913763959994565,-10.5,seed333
[C@@](C1CCCCC1)[n+]1c(-c2ccc(F)cc2)sc2nc3ccccc3n12,-10.1,0.5429999999999999,3.1847549639891355,-10.4,seed333
[C@@](C#Cc1ccc2ccccc2c1)NC1CC[NH+](Cc2ccc(F)cc2)CC1,-9.3,0.612,3.665123021956452,-11.2,seed333
Fc1cccc(Oc2ccccc2C[NH2+][C@H]2c3ccccc3C2=O)c1,-9.4,0.854,3.28062258949853,-11.1,seed333
[C@@](C#Cc1ccccc1Cl)NC(=O)c1cc(-c2ccc(Cl)s2)nn1Cc1ccccc1,-9.8,0.38,2.916996011294705,-10.6,seed333
[C@@]1(CNC(=O)C2=c3ccccc3=[NH+]C2)[C@@H](c2ccccc2)N2CCO[C@@H]12,-9.4,0.7999999999999999,4.408525452542034,-11.0,seed333
FC(F)(F)c1cccc(C[NH+]2CCCC[C@@H]2c2noc3ccccc23)c1,-9.5,0.839,4.057730303690886,-10.8,seed333
[C@](C#CCn1nnc(-c2ccccc2F)n1)C(=O)N1CCC2(CC1)OCCCO2,-9.1,0.8069999999999999,3.802849259408912,-11.2,seed333
[C@@]1(c2nnc(-c3ccccc3)o2)CCCN(Cc2ccccc2Cl)C1,-8.7,0.767,2.386926911852319,-11.6,seed333
Fc1ccc(-n2cc(Cl)cc(C(=O)/C=C/c3ccc(Cl)cc3)c2=O)cc1,-9.9,0.536,2.2517468761865267,-10.3,seed333
[C@@]1(Cc2ccc(C(N)=O)cc2)N=N[C@@H](c2ccc(Cl)cc2)N1Cc1cccc[nH+]1,-9.5,0.753,3.994333926506518,-10.7,seed333
c1cccc(C(=O)N2CCC[C@@H](c3nc4ccccc4[nH]3)C2)c1,-9.5,0.866,2.3436679570153647,-10.6,seed333
c1nn(Cc2ccc(C(=O)N(C)CCCc3ccc4c(c3)OCO4)cc2)c2ccccc12,-9.5,0.515,2.293607896242092,-10.6,seed333
[C@@]1(/N=C/c2ccc(/C=C/C(=O)OCc3cc4ccccc4[nH]3)cc2)N(c2ccccc2)C1=O,-9.1,0.2749999999999999,3.170543164691785,-11.0,seed333
[C@@](C#CC[C@@H]1CCC[NH+]1CCN1C(=O)c2ccccc2C(=O)N1)SCc1nc2ccccc2s1,-9.3,0.3889999999999999,4.698263291265625,-10.8,seed333
FC(F)(F)c1nc(SCCN2C(=O)c3ccccc32)nc2ccc([N+](=O)[O-])cc12,-9.3,0.345,2.630774323230627,-10.8,seed333
Fc1ccc(O)c([C@@H]2CCCN2Cc2nc(-c3ccccc3)no2)c1,-9.4,0.86,2.6382179530390992,-10.7,seed333
[C@@](C#Cc1ccc(F)cc1)C(=O)N[C@H](c1ccccc1)c1ccncc1,-9.5,0.817,3.055076892366825,-10.5,seed333
[C@@]1(CC2CCN(c3ccccc3NC(=O)NC[C@H]3c4ccccc4OC3)CC2)CCS1,-9.1,0.729,3.253918862433844,-10.9,seed333
FC(F)c1ccc(CC(=O)N[C@@H](c2ccccc2Cl)c2ccccn2)cc1,-9.6,0.718,2.688300960829308,-10.4,seed333
Fc1ccc(C[NH+]2CCc3ccccc3C2)cc1OC[C@@H]1CCCO1,-9.0,0.882,3.946014553522371,-11.0,seed333
N[C@@H]1c2ccccc2-c2cc(C[NH+]3CCC[C@H](OCCC(=O)NCc4ccccc4[N+](=O)[O-])C3)ccc21,-9.5,0.3879999999999999,4.318987414280125,-10.5,seed333
O[C@H](CC[C@@]1(c2ccccc2F)NC(=O)N1C[C@@H]1CCCO1)c1nc2ccccc2[nH]1,-9.5,0.621,3.920742153133423,-10.4,seed333
[C@]1(Cn2ccc3ccccc32)NC(=O)N(c2ccccc2)C12CCCC2,-9.2,0.814,3.1528856073360654,-10.7,seed333
c1cc2c(cc1CN1CCC[C@H](c3n[nH]cc3C(F)(F)F)C1)n2C,-8.6,0.944,3.5640534100724466,-11.3,seed333
[C@@]Oc1ccc(NS(=O)(=O)c2ccc(C(=O)c3ccccc3)cc2)cc1S(=O)(=O)NC(N)=O,-9.8,0.49,2.620150428322887,-10.1,seed333
[C@@]1(CCCCNC(=O)NCC(c2ccccc2)c2ccccc2)C(C)(C)CO1,-9.1,0.69,2.567375066030186,-10.8,seed333
Fc1cc(C(=O)Nc2cnc3c(C(F)(F)F)noc3n2)ccc1Cl,-9.2,0.785,2.7851111256683403,-10.7,seed333
FC(F)(F)c1ccc(OCC(=O)N2CCN(Cc3csc(-c4ccc(F)cc4)c3)CC2)cc1,-9.4,0.531,2.3083737786223413,-10.5,seed333
c1ccc(-n2nc(C(=O)Oc3ccccc3)nc2SCc2ccccc2F)cc1,-8.9,0.3389999999999999,2.221796867222583,-10.9,seed333
[C@@]1(CCc2ccc(Cl)cc2Cl)NC(=O)N(CC(=O)N2CCc3c(Cl)cccc32)C1=O,-9.3,0.751,2.87509436240852,-10.5,seed333
FC(F)Oc1cccc(OCc2ccnc(Nc3cc(C(F)(F)F)ccc3Cl)n2)c1,-8.8,0.527,2.427942714056872,-11.0,seed333
[C@H]1nc(NC2CCN(C(=O)c3ccc4ccccc4c3)CC2)S1,-9.4,0.902,2.446473412468668,-10.4,seed333
[C@]Oc1ccccc1CC(=O)N1CCN(C(=O)C2C[C@@H]2CN2C(=O)C[C@H]2C(=O)c2ccccc2Br)CC1,-9.6,0.443,4.040755613930942,-10.2,seed333
[C@@]Oc1cncc(NC(=O)C2CCC(Cc3ccc(F)cc3)CC2)c1O,-8.7,0.935,2.806764416698588,-11.1,seed333
c1cc2c(cc1O[C@@H](CO)C(=O)Nc1ccc3[nH]c(=O)ccc3c1)C2,-8.4,0.598,2.8932639224806174,-11.3,seed333
[C@@]1(C#N)CCC[C@@H]1C1CCN(C(=O)c2ccccc2NC(=O)CCn2c(=O)oc3ccccc32)CC1,-9.8,0.638,3.232264914110472,-9.9,seed333
[C@@]1(O)C[C@@H]1C(=O)Nc1ccc(C)c(C(=O)Nc2cccc(C(C)=O)c2)c1,-8.9,0.7999999999999999,2.613535593969152,-10.8,seed333
[C@@]1(C[NH2+]c2cc(Cl)cc3ccccc23)C[C@H]1CC(=O)NCc1ccccc1,-8.8,0.6799999999999999,3.5385896948800672,-10.9,seed333
FC(F)(F)c1ccc(SCc2nc(-c3ccc4c(c3)OCO4)no2)cc1,-8.4,0.688,2.314772874079045,-11.3,seed333
FC(F)c1cccc(C(=O)NCC[NH+]2CCN(c3nccn3Cc3ccccc3)CC2)c1,-9.3,0.644,3.378480849095688,-10.4,seed333
[P@@]C1=Nc2ccccc2C2=C1C[C@@H](c1ccccc1)N2,-8.9,0.76,3.255769322634133,-10.8,seed333
n1ccc(-c2cncc(C(=O)Nc3cccc(C(F)(F)F)c3)n2)cc1,-8.4,0.864,2.170899556870033,-11.3,seed333
c1ccc(-c2nnc(SCc3csnn3)nc2-c2ccc(F)cc2)cc1,-9.0,0.5549999999999999,2.4753625563967283,-10.7,seed333
Fc1ccccc1-c1cc(/C=C/c2ccc(S(=O)(=O)[O-])cc2)on1,-8.6,0.756,2.6793382338542706,-11.1,seed333
FC(F)(F)c1ccccc1CNC(=O)c1cccc(C(F)(F)F)c1F,-8.7,0.859,2.165853991630144,-11.0,seed333
c1ccc(Cn2ncc3ncn(Cc4ccc5c(c4)OCO5)c(=O)c32)cc1,-8.9,0.639,2.3683811541457143,-10.7,seed333
[C@](O)(C[NH+](C)[C@@H](C)c1nc2ccccc2c(=O)[nH]1)c1ccccc1,-9.4,0.746,3.889173319574709,-10.2,seed333
[C@]Oc1cc([N+](=O)[O-])ccc1OC(=O)c1ccc(Cc2ccccc2F)cc1,-8.8,0.354,2.442495178547766,-10.8,seed333
[C@](Cc1ccccc1F)N1CC[C@@](CNC(=O)C2=NC(=O)N(Cc3ccccn3)C2)C1,-8.7,0.791,3.584249857448551,-10.9,seed333
[C@](O)(c1ccc(Br)cc1)c1nc2scc(-c3ccccc3)c2s1,-8.8,0.531,2.6970929302643043,-10.8,seed333
[C@]1(CCc2ccccc2)c2ccccc2N1C(=O)COc1ccccc1[N+](=O)[O-],-10.0,0.521,2.416246240202544,-9.6,seed333
[C@]1(Cc2cccs2)NC(=O)N(CC(=O)N2CCC([C@@H](N)c3ccccc3)C2=O)CC1,-9.4,0.822,3.883540134979727,-10.2,seed333
[C@][N+][C@]1(Cc2ccc(C(C)(C)C)nc2)NC(=O)N(CC(=O)N2CCN(c3ccccc3)C2=O)CC1,-9.3,0.776,3.916020116440242,-10.3,seed333
[C@@](C#CCNC(=O)c1ccccc1O)c1ccccc1Cn1cnnn1,-8.9,0.76,2.9145114732693287,-10.7,seed333
[C@@](CNc1ccc(C(=O)N2CCC[C@@H](C(N)=O)C2)o1)c1ccc(F)c(F)c1F,-9.0,0.819,3.498097597830544,-10.6,seed333
[C@@]1(c2ccccc2)NC(=O)N(CC(=O)c2cc(F)ccc2F)C1=O,-8.7,0.771,2.497069543370042,-10.9,seed333
Fc1cccc(COc2ccc(/C=N/N3CCN(c4ccccc4F)CC3)cc2)c1,-9.0,0.635,2.1955427390318967,-10.6,seed333
[P@@]=C(NCc1ccccc1Cl)c1cn(CCc2ccccc2)nc1-c1ccccc1,-8.9,0.421,2.485092564206722,-10.7,seed333
[NH2+]=C1COc2ccc(S(=O)(=O)N3CCN(C(=O)c4ccc(Cl)cc4)CC3)cc2N1,-10.1,0.8079999999999999,2.6923260847482418,-9.5,seed333
[NH2+][C@]1(CNS(=O)(=O)c2cccc(F)c2)Cc2ccccc2C(=O)N1C(c1ccccc1)c1ccccc1,-10.9,0.476,3.259390871852553,-8.7,seed333
[C@@](C#N)(C(=O)Nc1cccc(C(F)(F)F)c1)N1CCc2ccccc21,-9.1,0.902,2.513576291121696,-10.4,seed333
[C@@]1(NC(=O)OC[C@H]2CC(=O)N2NC(c2ccccc2)c2ccccc2)CCC(=O)N1,-8.8,0.69,3.481982408697336,-10.7,seed333
FC(F)(F)c1cccc(C[NH+]2CCC[C@@H]2c2nc3ccccc3o2)c1,-8.7,0.862,4.041415281173098,-10.8,seed333
FC(F)(F)c1cc(C[NH+]2CCc3ccccc3C2)ccc1N1CCCC1,-9.4,0.96,3.6744494834599415,-10.1,seed333
[C@]1(CCc2ccccc2)NC(=O)[C@@]12CCN(C(=O)CCCNCc1cccc(F)c1)C2,-8.6,0.5619999999999999,3.5406621531334226,-10.8,seed333
c1nc(NC[C@@H](c2ccco2)N2CCC(C(=O)NCCn3cccn3)CC2)nc2ccccc12,-9.4,0.477,3.081998405535826,-10.0,seed333
[C@]1(CNC(=O)c2ccccc2CN2CCCCC2)N(C2CC2)[C@H](O)c2ccccc21,-9.1,0.854,3.056671533365773,-10.3,seed333
[C@@](C(=O)CCCN1C(=O)c2ccccc2C1=O)N1CCC(N[C@H]2CCc3ccccc32)CC1,-8.9,0.713,3.3266840201636327,-10.5,seed333
[C@@](C#Cc1ccc(Cl)cc1OCCN1CCCCC1=O)c1cccc(F)c1,-9.1,0.7979999999999999,2.809057322784767,-10.3,seed333
[C@@]1(Cc2cccc(C(F)(F)F)c2)NC(=O)N(Cc2ccc(COC(N)=O)cc2)C1=O,-9.1,0.781,2.65435948222846,-10.3,seed333
Fc1cc(F)cc(/C=N/N2CCc3ccccc32)c1O,-8.7,0.934,2.640780572719372,-10.7,seed333
Fc1cccc(/C=C/C(=O)C2=NO[C@H](c3ccc(Cl)cc3)N2)c1,-8.8,0.95,3.2343889977393463,-10.6,seed333
FC(F)(F)c1cccc(CNC[C@H]2CCC[NH+](Cc3ncnn3C=O)C2)c1,-8.3,0.779,4.441161585256056,-11.1,seed333
[P@@]C1CCN(Cc2ccc(N(C(=O)c3ccccc3)c3ccccc3)nn2)CC1,-9.4,0.654,2.817937319711272,-10.0,seed333
[P@@](=C/c1ccnc2ccccc12)C(=O)Nc1cccc(Cl)c1,-8.4,0.751,2.7652654244944497,-11.0,seed333
O=C(NC1CON(C(=O)C(F)(F)F)CC1)c1ccc2c(c1)[nH]c(=O)n2CC(F)(F)F,-8.8,0.791,3.512146334426779,-10.6,seed333
[C@@](C#CCCNC(=O)CCC(=O)c1ccc2c(c1)CCCC2)CNc1ncccn1,-8.9,0.4629999999999999,2.9646588229479818,-10.4,seed333
[C@@]Oc1cccc(N2CCN(CCC(=O)Nc3cccc(C)c3)CC2)c1C,-8.5,0.934,2.427086800998861,-10.8,seed333
[C@@](C(=O)c1cccc(C(=O)O/N=C\c2ccc(F)c(F)c2)c1)c1ccco1,-8.5,0.365,2.9381267610388218,-10.8,seed333
[C@@](CNC(=O)c1ccnc(OC2CCCCC2)c1)C1c2ccccc2C1,-8.3,0.94,3.2316989939494523,-11.0,seed333
[C@@]1(CC2CC2)CC(C(=O)c2ccc(Cl)cc2Cl)[C@H]2Cc3ccccc3N=C12,-9.8,0.621,3.733774172668644,-9.5,seed333
[C@@](N)(c1ccc(C(=O)N2CCOCC2)cc1)[C@H]1Oc2ccccc2C[C@H]1O,-9.0,0.936,3.225435273106667,-10.3,seed333
[C@@](C#Cc1ccccc1)[C@H]1CCCC[C@H]1C(=O)Nc1ccc(Cl)c(C(F)(F)F)c1,-9.5,0.6689999999999999,3.4397692104201214,-9.8,seed333
FC(F)c1ccccc1CSc1ncc(=O)n(-c2ccc(F)cc2)n1,-8.5,0.723,2.547819166837531,-10.8,seed333
Fc1cc(F)c(F)c(F)c1C(=O)Nc1ccc(Cl)c(Cl)c1,-8.9,0.5559999999999999,2.0676123017508505,-10.4,seed333
FC(F)(F)c1cccc(Oc2nnc(Cc3ccc(Cl)cc3)n2-c2ccccc2)c1,-8.9,0.4519999999999999,2.305881546155005,-10.4,seed333
Fc1ccc2oc(CN3CCN(C(=O)c4ccc([N+](=O)[O-])cc4)CC3)nc2c1,-8.3,0.587,2.182221006201125,-11.0,seed333
[C@@](C#Cc1ccc(CC(C)(C)C)cc1)c1cccc2c1OCCO2,-8.7,0.838,2.8805465163646,-10.6,seed333
[C@@](O)(Cn1nc(-c2ccccc2)c(=O)[nH]c1=O)c1cccc(C#N)c1,-8.7,0.83,2.6628456023738245,-10.6,seed333
[C@@](C#Cc1cccc(C(=O)NC2CCCC2)c1)c1ccc(O)cc1,-8.7,0.931,2.5268121446493588,-10.6,seed333
FC(F)(F)c1cccc(-c2nnc(NC3CCCC3)o2)c1,-8.2,0.906,2.256078235816785,-11.1,seed333
Fc1ccc(Cl)c(C[NH+]2CCC(c3nc(COC(=O)c4ccccc4F)c[nH+]c3N3CCCC3)CC2)c1,-9.6,0.5549999999999999,3.96637350824299,-9.7,seed333
[P@@]1C[C@@H](c2ccc(-c3ccc(OC(F)F)cc3)cc2)C(=O)N1C1CCCCC1,-8.6,0.648,3.3612644617358667,-10.7,seed333
n1nc(-c2ccco2)nc(c2cnc(-c3ccc(Cl)cc3)n2N)n1,-8.6,0.651,2.924772364429579,-10.7,seed333
c1ccc(-n2ccc3c(NCc4ncnnn4)noc32)cc1,-8.8,0.693,3.217078601942001,-10.4,seed333
[C@]1(C[NH+]2CCN(c3cccc(F)c3)CC2)Cc2ccccc2N1,-8.8,0.88,3.607385248086956,-10.4,seed333
Fc1cc(/C=C2\C(=O)S2)ccc1N1CCN(Cc2ccccc2F)CC1,-8.8,0.6799999999999999,2.277648616282788,-10.4,seed333
Fc1ccccc1CNC(=O)c1ccccc1-c1cccnc1,-8.9,0.876,1.758730817749953,-10.3,seed333
Fc1ccc(COc2nc3ccccc3c(=O)n2Cc2ccccc2)cc1,-9.9,0.617,1.9501244039022885,-9.3,seed333
[C@]1(c2ccco2)NC(=O)N(CC(=O)[C@@H](C#N)c2nc(-c3ccc(F)cc3)nn2-c2ccccc2)C1=O,-9.6,0.479,3.5345693663423328,-9.6,seed333
[C@@]1(CC(=O)Nc2ccc3c(c2)CCCC3)NC(=O)NC1=O,-8.5,0.8109999999999999,2.6337182358167848,-10.7,seed333
Nc1ccc(C2=Nn3c4c(cc3C2)CN4Cc2cccc(Cl)c2)cc1,-9.1,0.8059999999999999,2.938086009622376,-10.1,seed333
Fc1cc(Oc2ccc(Cl)cc2)c2ccccc2c1NC1CCCCC1,-9.0,0.606,2.119663902419127,-10.2,seed333
Fc1ccc([C@H]2C[NH2+][C@H](N(Cc3ccccc3)[NH2+]Cc3ccccc3)C2)cc1,-9.0,0.5609999999999999,4.056102775942715,-10.2,seed333
Fc1ccc(=O)n(CC2CC[NH+]([C@@H]3C[C@H]3Cc3ccccc3)CC2)n1,-8.7,0.87,4.361623342290064,-10.5,seed333
FC(F)(F)c1ccc(-c2n[nH]c(SCc3nc(-c4ccncc4)no3)n2)cc1,-8.6,0.578,2.5973665190216373,-10.6,seed333
FC(F)(F)c1ccc(NCC(=O)N2CCC[C@@H]2c2nc3ccccc3s2)cc1,-8.7,0.738,2.6888015771204827,-10.5,seed333
[P@@]CCc1cccc(C(=O)N2CCC(OCc3ccc(F)cc3)CC2)c1,-8.6,0.775,2.417967335617508,-10.6,seed333
[C@]1(C[NH2+]C[C@@H]2C[C@@]23CCc2ccccc23)CCC(=O)N1Cc1ccc(Cl)cc1,-8.7,0.88,4.523837418552211,-10.4,seed333
[C@@](C#Cc1ccccc1)C(=O)Nc1cccnc1Oc1cccc(Cl)c1,-8.8,0.772,2.629198720232891,-10.3,seed333
[C@@]1(CCl)[C@@H](N/C=C2/C(=O)N(c3cccc(Cl)c3)N=N[C@H]2C(=O)[O-])C(C#N)=C(C#N)c2ccccc21,-9.3,0.569,4.706271592872126,-9.8,seed333
[C@@]1(C(=O)Nc2ccccc2)[C@@H](C2CCCC2)[NH+]c2ncccc21,-8.8,0.893,3.554110943440704,-10.3,seed333
[C@@]1(CCCn2cccn2)C[C@@H]2CC[C@@]1(CNc1ccccc1-c1ncccc1Cl)C2,-9.2,0.5479999999999999,4.513029521175356,-9.9,seed333
N/C(=N\OCCc1cnn(C(C)(C)C)c1)c1ccc2nnccc2c1,-8.2,0.414,2.9500869891560573,-10.9,seed333
FC(F)(F)c1ccc(C(=O)N[C@H]2CCCN(c3ccccc3F)C2=O)cc1,-8.8,0.905,2.5219994942958426,-10.3,seed333
Fc1cccc(CCSc2nnc3cccc(-c4ccccc4)n23)c1,-9.1,0.5619999999999999,2.2438905293159355,-10.0,seed333
[P@@]=C(N[C@@H]1CCCc2ccccc21)c1ccc2c(c1)CCO2,-9.0,0.939,3.1226221677510857,-10.1,seed333
[NH2+]=C(Sc1noc(-c2ccccc2F)n1)Nc1cccc(Cl)c1,-8.6,0.512,2.9112495631836257,-10.4,seed333
c1ccc(N2CCCC2)[nH+]c1[N-]S(=O)(=O)c1ccc2c(c1)OCO2,-8.6,0.927,3.679816979814194,-10.4,seed333
[C@@]1(c2cccc(Cl)c2)NC(=O)N1CCCN1CCN(c2cccc[nH+]2)CC1,-8.7,0.909,3.422745241292745,-10.3,seed333
[C@@](C#CNC(=O)CSc1nccn1-c1ccccc1)C1([NH+]2CCCCC2)C[NH2+]C1,-8.9,0.423,4.387183835548376,-10.1,seed333
[C@@]Oc1ccc(/C=C2\C(=O)N(c3ccccc3)C3=C2C(=O)C[C@@H](c2cccs2)N3)cc1Br,-8.9,0.565,3.703583709636367,-10.1,seed333
FC(F)c1cccc(OCc2ccc(-c3nnco3)cc2)c1,-8.4,0.787,2.229460376417526,-10.6,seed333
FC(F)CN1CCC(Nc2ccc(C(=O)N3CCCCC3)cc2)CC1,-8.3,0.862,2.145107005407411,-10.7,seed333
[P@@](=C/c1ccccc1F)[C@@H]1Cc2ccccc2C(=O)N1c1ccc([N+](=O)[O-])cc1,-9.8,0.426,3.341274757964218,-9.2,seed333
[C@](C#Cc1ccc(OCC(=O)O[C@@H]2CCCC[C@H]2C(=O)NC2CC2)nc1)c1ccc(OC(F)F)cc1,-8.9,0.498,3.831668839299191,-10.0,seed333
c1CCCN(Cc2ccccc2NC(=O)C2CCCCC2)c1[N+](=O)[O-],-9.1,0.729,2.574576236176643,-9.8,seed333
[C@]1(c2ccccc2)NC(=O)N(CC(=O)NCc2cc(C#N)ccc2F)C1=O,-8.6,0.863,2.590096609611301,-10.3,seed333
c1ccc2c(c1)CN(COC(=O)c1ccc(Cl)cc1Br)CC2,-8.3,0.825,2.19389918136258,-10.6,seed333
[C@@]Oc1ccccc1-n1cc(C(=O)C[NH+]2CCC(C(N)=O)CC2)c(=O)c2ccccc21,-9.1,0.662,3.741833773532468,-9.8,seed333
[P@@]1C[C@H](C(=O)N2CCC(O)(CC(C)C)N=N2)C[NH+]1Cc1ccc(Cl)cc1,-8.0,0.831,5.29655744373652,-10.9,seed333
[P@@]=C(Nc1nnc(-c2ccc(Br)cc2)o1)N1CCN(c2ccccc2F)CC1,-9.4,0.65,2.6568383138934326,-9.5,seed333
[P@@]1C[C@@H](c2ccccc2)Nc2c1ccc(Cl)c2[C@H]1CC[NH2+]CC1,-8.9,0.882,4.650726328056089,-10.0,seed333
n1cc(/C=C/C(=O)N2CCO[C@@H](C)C2)n2c1c(=O)n(C)c1ccccc12,-8.8,0.735,3.2822379657884246,-10.1,seed333
N[C@](C1CCCCC1)c1nc2ccc(Cl)cc2n1C1CCCCC1,-8.9,0.865,2.6148103864076,-10.0,seed333
C[C@H](NC(=O)c1cccnc1)c1ccc(Oc2ccc(Cl)cc2)cn1,-8.5,0.817,2.4819850763267706,-10.3,seed333
[C@](C(=O)N(C)c1ccc(Cl)cc1)[C@@H]1CCCc2ccccc21,-8.3,0.897,3.073578076457764,-10.5,seed333
[C@](O)(CCC(=O)NC[C@@H]1CCC(C)(C)N(c2ccccc2)C1)c1ccccc1,-8.8,0.823,3.049391769428176,-10.0,seed333
[C@@]Oc1cccc(NC(=O)C2CN(C(=O)Cc3ccccc3)C2)c1,-8.5,0.899,2.3401054284244065,-10.3,seed333
[C@@]1(Cn2c(=O)[nH]c(=O)c3cccnc32)C=C1Cc1ccc(Cl)cc1,-8.9,0.874,2.6933946768997163,-9.9,seed333
[C@@]1(CCc2ccccc2)NC(=O)N(CC(=O)Nc2ccc(F)cc2)C1=O,-8.4,0.863,2.294679385513556,-10.4,seed333
[C@@]Oc1cc(-c2ccncc2)nc(S[C@@H](C)C(=O)NCc2ccccc2)c1C,-8.5,0.694,3.156744461735869,-10.3,seed333
[P@@]=C(/NCC(=O)N1CCc2ccccc21)c1ccc(F)cc1F,-8.5,0.954,2.631420956405785,-10.3,seed333
c1ccc(NC[C@@H]2CCN(S(=O)(=O)c3cccc4ccccc34)C2)nc1,-8.7,0.831,2.5686596858890915,-10.1,seed333
[C@@](C#C[C@@H](O)CNC(=O)[C@@H]1CC(=O)Nc2ccccc21)c1ccccc1,-8.7,0.818,3.684046611383193,-10.1,seed333
[C@@](CC(=O)NCCc1cc(C2CC2)nc2c1cnn2C)c1ccccc1,-8.2,0.7949999999999999,2.889192566386738,-10.6,seed333
[C@@][C@]1([C@H](O)c2ccccc2)[C@@H](C)[C@@H](c2ccncc2)Cc2ccccc21,-8.7,0.835,3.876828572390456,-10.1,seed333
FC(F)(F)c1ccc(CCNC(=O)C(=O)c2ccccc2)cc1,-8.2,0.759,1.859517417204604,-10.6,seed333
[C@](O)(c1cccc(C(F)(F)F)c1)NC(=[NH2+])C(CCO)C1CCCC1,-8.3,0.5499999999999999,3.708258951832456,-10.4,seed333
[C@](O)(c1c[nH]c2cc(NC(=O)Cc3ccc(O)cc3)nn12)[C@H]1COCCO1,-8.8,0.615,3.64810477240235,-9.9,seed333
[C@@]1(c2nc3cc(Cl)ccc3[nH]2)CC[C@@H](C(=O)[O-])c2ccccc21,-8.8,0.868,3.468605081655429,-9.9,seed333
[C@]1(C(C)C)C[C@H]1C(=O)N1CCN(c2ncnc3c2cnn3-c2ccccc2)CC1,-8.6,0.766,3.147999311121902,-10.1,seed333
[C@](C#C[C@@H](C[NH3+])N1CCN(C(=O)C2CCCCC2)CC1)[C@H]1CCOC2(CCCC2)C1,-8.6,0.7969999999999999,4.783003561241419,-10.1,seed333
[C@](C#C[C@@]1(C)CCCN(C(=O)c2cc3cccnc3n2C2CC2)C1)c1ccccc1,-9.5,0.6809999999999999,3.6984391726230665,-9.2,seed333
[C@](Cc1ccc(F)cc1)NC(=O)Nc1ccc2[nH]ncc2c1,-8.6,0.727,2.6566380206482965,-10.1,seed333
[C@](O)([C@@H]1CCC[NH+](Cc2cccc([N+](=O)[O-])c2)C1)c1ccccc1,-8.5,0.735,4.081320427581792,-10.2,seed333
[C@@]1(C(=O)Nc2ccccc2)[C@@H](c2cccc(F)c2)N[C@H]1[NH3+],-8.6,0.874,3.47371305004401,-10.1,seed333
[C@@](O)(c1ccccc1)NC(=O)CCNC(=O)c1cccc(C#N)c1,-8.6,0.833,2.241078957836171,-10.1,seed333
[C@@](C#Cc1ccccc1)[C@@H]1CCCCN1C(=O)[C@H]1CN(c2ccccc2)C1,-9.2,0.864,3.0405680785217424,-9.5,seed333
[C@@](CCNC(=O)COc1ccc(F)cc1)C1CCN(C(=O)c2ccccc2Cl)CC1,-8.0,0.724,2.462410705367885,-10.7,seed333
[C@@](CNS(=O)(=O)c1cccc(Br)c1)c1ccc(-n2cccc2)nc1,-8.6,0.767,2.782014074893029,-10.1,seed333
[P@@]1CCN(C(=O)Nc2ccccc2)/C1=C/c1ccccc1,-8.5,0.894,2.810943868571126,-10.2,seed333
[C@@H]S/C(=N\NC(=O)Cc1c[nH]c2ccccc12)[C@H](C)C/C=C/c1cccc(Br)c1,-8.6,0.3319999999999999,3.4911735531449413,-10.0,seed333
[C@]1(C(=O)Nc2ccc(Cl)c(Br)c2)C=C(C(=O)[O-])[C@H]1CCOc1ccc(Cl)cc1,-8.9,0.725,3.4357455268246264,-9.7,seed333
[C@]([NH3+])c1cc(CNC(=O)CCCc2c[nH]c3ccccc23)ccc1[N+](=O)[O-],-8.4,0.5,2.697780906892966,-10.2,seed333
c1ccc(C[C@H](CO)NC(=O)CSC2[NH+]=c3ccccc3=[NH+]C2)c(C)c1,-8.4,0.504,4.510735842152423,-10.2,seed333
[C@]1(C(=O)N2CCN(c3ccc([N+](=O)[O-])cn3)CC2)CC(=O)N(c2ccccc2)C1=O,-8.6,0.503,2.634127788394297,-10.0,seed333
[C@](COC(=O)Cc1cccc2ccccc12)NCc1ccc(F)cc1,-8.4,0.484,2.4183677799068857,-10.2,seed333
[C@]1(C(C)C)[C@@H](C(=O)Nc2cnn(C[C@@H](O)c3ccccc3)c2)C(=O)N(CCC(F)(F)F)[NH+]1C,-8.4,0.594,4.371907187236838,-10.2,seed333
c1ccc(-c2cc(CN3CC(C)CCC3=O)ncn2)cc1,-8.2,0.949,2.6466079776062568,-10.4,seed333
[C@@](C#N)(CNC(=O)C(=O)Nc1cccc(OC(C)(C)C)c1)c1ccc2c(c1)OCO2,-8.5,0.817,2.751006450320608,-10.1,seed333
[C@@]Oc1ccccc1C(=O)NCCc1n[nH]c2ccccc12,-8.3,0.839,2.633013020648296,-10.3,seed333
[C@@]1(Cc2ccc(C(N)=O)cc2)n2nc(N/N=C/c3ccccn3)nc21,-8.5,0.6,3.3345467201623853,-10.1,seed333
[C@@](C#Cc1ccc(OC(F)F)cc1)NC(=O)c1ccc(-c2ccco2)cc1,-8.3,0.62,2.708049630477074,-10.3,seed333
Fc1ccc(-c2cccc(S(=O)(=O)/N=N\c3cccnc3)n2)cc1,-8.1,0.756,2.675121767200721,-10.5,seed333
[P@@]O[C@H]1CCc2cc(-c3ccc4c(c3)OCO4)ccc21,-8.5,0.844,3.133866845450301,-10.1,seed333
[NH2+]Cc1ccccc1NC1CCN(C(=O)Cc2ccccc2)CC1,-8.7,0.862,2.3737745622317767,-9.8,seed333
[C@](O)(CC(=O)NCc1ccc(F)cc1)c1cccc(OC2CCCC2)c1,-8.2,0.865,2.339622104848276,-10.3,seed333
[C@](O)(CNC(=O)NCC1CCN(C(=O)c2ccccc2Br)CC1)c1ccccc1,-8.5,0.698,2.4045726138289165,-10.0,seed333
[C@](O)(c1ccc(F)cc1)c1ccc(NCC(=O)N[C@@H]2CCOC2)cc1F,-8.5,0.82,2.918473308823767,-10.0,seed333
[C@]1(C(=O)NC[C@]2(C)CN(C)c3ccc(F)cc32)CCCN1CCc1ccccc1,-8.7,0.894,3.3903518663979515,-9.8,seed333
[C@]1(O)C[C@H](c2ccccc2)[C@H]2C(=O)N(Cc3ccc(C(C)(C)C)cc3)CCN21,-8.6,0.958,3.318498902219976,-9.9,seed333
[C@]Oc1ccccc1NC1CCC([NH2+]Cc2ccccc2[N+](=O)[O-])CC1,-8.4,0.6719999999999999,3.4813741048482765,-10.1,seed333
[C@@](C#Cc1ccc([N+](=O)[O-])cc1)c1ccccc1C(=O)N[C@H]1CCC[C@H]1CO,-8.4,0.5569999999999999,3.476189089659119,-10.1,seed333
[C@@](C#Cc1ccccc1)C(=O)N1CCc2ccccc2C1,-8.7,0.8119999999999999,2.561239650208845,-9.8,seed333
[C@@](CNS(=O)(=O)c1ccc(S(N)(=O)=O)cc1)c1ccccc1OCc1c[nH]cn1,-8.9,0.539,2.8787814318401743,-9.6,seed333
[C@@](C#Cc1ccc(F)c(F)c1)NC(=O)c1ccccc1,-8.0,0.739,2.5336356334481174,-10.5,seed333
[C@@](C#Cc1ccccc1[N+](=O)[O-])N1CCc2c(oc3ccccc32)C1,-8.7,0.487,3.132216673479066,-9.8,seed333
[C@@]1(Cc2ccc(CC(C)C)cc2)NC(=O)N(CC(=O)NCc2ccccc2)C1=O,-8.3,0.758,2.4182448464743214,-10.2,seed333
[C@@](C#Cc1ccccc1CNC(=O)c1c(C)cc(C)cc1C)N1CCOCC1,-9.1,0.916,2.929281583124201,-9.4,seed333
[C@@]1([O-])CN=C(Nc2ccccc2N2C[C@@H](C)O[C@@H]2C#Cc2ccccc2)C1,-8.9,0.917,4.236462304789686,-9.6,seed333
Fc1ccc(-n2ccc(CCNC(=O)Nc3ccc(Br)cc3)n2)cc1,-8.7,0.753,2.058932005407412,-9.8,seed333
Fc1cccc(CNC(=O)C[NH+]2CCC[C@H](C(=O)NCc3ccc(Cl)cc3)C2)c1,-8.7,0.721,3.667519745016291,-9.8,seed333
FN(C(F)(F)F)c1nc(CN2CCN(C(=O)c3ccc(F)cc3)CC2)ncn1,-8.6,0.524,2.7804578405206524,-9.9,seed333
FC(F)(Cl)c1cccc(CCOc2ccc(F)cc2)c1,-8.0,0.8049999999999999,2.0468092019848445,-10.5,seed333
Fn1cc(/C=C(\C#N)C(=O)N2CC[C@H](c3ccccc3)C2)cc1,-8.8,0.726,3.284342144592493,-9.7,seed333
FC(F)(F)c1ccc(OCCSc2ncc(-c3ccccc3)cc2F)cc1,-7.5,0.368,2.191761526273586,-11.0,seed333
[P@@]1C[C@@H](c2ccc(F)cc2F)CN1c1ccc(Br)cc1,-8.8,0.75,3.5337289877682867,-9.7,seed333
Cc1[nH]c(=O)nnc1N1CCN(C(=O)c2cc(Cl)ccc2Cl)CC1,-8.2,0.953,2.5102047902127502,-10.3,seed333
[P@@]N[C@@]([C@]NC(=O)c1ccc(S(=O)(=O)N2CCCC2)cc1)c1ccccc1,-8.4,0.633,2.853014273526332,-10.1,seed333
[C@]1(Cc2nc(NC(C)(C)C)ns2)CCCN1C(=O)c1ccccc1,-7.9,0.898,3.1037595008225978,-10.5,seed333
[C@](O)(C(=O)CCN1C(=O)COc2ccccc21)c1ccccc1,-8.7,0.9,2.4257950177290777,-9.7,seed333
[C@]([O-])(C(=O)Cn1c(C)nn(Cc2ccccc2)c1=O)c1ccccc1F,-7.9,0.743,2.675803356692322,-10.5,seed333
[C@](O)(c1cccc(C(F)(F)F)c1)S(=O)(=O)/C=C/c1cccnc1,-7.9,0.905,2.7349507619848232,-10.5,seed333
Cl[C@H](Cc1nc2ccccc2s1)c1cc(F)ccc1F,-8.2,0.694,2.763171093031444,-10.2,seed333
Cl[C@H]1CCc2ccc(NC(=O)CSc3ccccc3F)cc21,-7.9,0.723,2.6811604940401814,-10.5,seed333
[C@@](C#Cc1ccc(C(N)=O)cc1)[C@H]1CCCN(C(=O)Cc2ccccc2)S1,-8.5,0.739,3.495985245775133,-9.9,seed333
[C@@]1(NC(=O)c2nnnn2-c2ccc(F)cc2)S(=O)(=O)c2ccccc21,-9.2,0.824,2.8099658623954937,-9.2,seed333
[C@@](C#C[C@H](O)CCNC(=O)C(=O)Nc1ccccc1F)c1ccc(Cn2cncn2)cc1,-8.9,0.4659999999999999,3.3887146460912145,-9.5,seed333
[C@@]1(CCc2ccccc2)NC(=O)N(C[C@@H]2CCCN2S(=O)(=O)OCc2ccc(Cl)cc2)C1,-8.4,0.6769999999999999,3.4575751812082727,-10.0,seed333
[C@@]1(C(C)=C2CCOC3=c4ccccc4=[NH+][C@H]32)C([O-])=NC(=O)[C@@H]1C/C=C\c1cccc(F)c1,-9.4,0.842,4.978364416154934,-9.0,seed333
[C@@](CC(=O)N[C@@H](C)c1ccc(F)cc1)c1cccc(F)c1F,-8.2,0.874,2.911179769846342,-10.2,seed333
FC(F)Oc1ccccc1Nc1ccc2ncccc2c1,-8.7,0.842,1.9472380718823583,-9.7,seed333
Fc1ccc(-c2csc(-c3ccccc3Br)n2)cc1,-8.4,0.693,1.8599952372308104,-10.0,seed333
F[C@@H](Cc1ccccc1)c1cc(CO)nc2ccc(Cl)cc12,-8.5,0.841,2.7600835709632587,-9.9,seed333
FC(F)Oc1ccc(S(=O)(=O)N2CCO[C@@H](c3ccccc3)C2)cc1,-8.6,0.893,2.557527654874983,-9.8,seed333
FC(F)(F)c1ccc(CCNC(=O)N[C@H]2CCC[C@@H](n3cc[nH+]c3)C2)cc1,-8.4,0.9,3.847400746095216,-10.0,seed333
[P@@]1=NC[C@H](c2cccc(S(=O)(=O)N3CCCC3)c2)N(Cc2ccc3[nH]c(=O)[nH]c3c2[O-])C1,-9.5,0.632,4.132385549101248,-8.9,seed333
[P@@]=C(Nc1ccc(F)cc1)NC(=O)[C@H]1COc2ccccc2O1,-8.0,0.926,3.052802983753332,-10.4,seed333
Fc1cccc(-n2cnc3ccc(NC(=O)C(F)(Cl)F)c(Cl)c32)c1,-8.4,0.762,2.7064985382557527,-10.0,seed333
[C@](C#C/C([O-])=N/c1nnc(SCC(=O)Nc2ccc(F)cc2)[nH]1)c1cccs1,-8.4,0.36,3.626822929278048,-9.9,seed333
[C@]Oc1cccc(NC(=O)C(=O)NCc2ccc3nc[nH]c3c2)c1,-8.3,0.718,2.6636675865987147,-10.0,seed333
c1ccc(N2CC[C@@H](CNC(=O)Nc3cccnc3Cl)C2)cc1,-8.3,0.925,2.463006334134296,-10.0,seed333
[C@@](C#C[C@@H]1CCCN1C(=O)c1ccc(F)cc1)N1CCC[C@@H]1C[NH+]1CCC(C)CC1,-8.9,0.852,4.639903462350031,-9.4,seed333
[C@@]Oc1ccc(-c2cccc(NC(=O)c3csnn3)c2)cc1[N+](=O)[O-],-8.4,0.637,2.766260770304486,-9.9,seed333
[C@@](C#Cc1cccc([N+](=O)[O-])c1)N1CCN(c2c(C#N)c3ccccc3o2)CC1,-9.0,0.471,3.220420965477269,-9.3,seed333
[C@@]1(NC(=O)CSCc2ccccc2)c2ccccc2C1=O,-8.3,0.903,2.256318273647805,-10.0,seed333
[C@@](C#Cc1ccccc1Br)NCc1nc(C(C)(C)C)ccc1F,-7.9,0.568,3.2289712633584484,-10.4,seed333
[C@@](C#CNC(=O)c1cc(Cl)cc(Cl)c1)C1CC[NH+](CCc2ccccc2)CC1,-8.3,0.652,3.84990156175668,-10.0,seed333
[C@@]1(CCN2CCN(c3ccccc3Cl)CC2)CCCN(CC(=O)N2CCOCC2)C1,-8.9,0.768,2.632314941829099,-9.4,seed333
Fc1ccc(Oc2ccc(CSc3nncc(Cl)c3F)o2)cc1,-8.0,0.6769999999999999,2.8273943184283787,-10.3,seed333
FC(F)Oc1ccc(Cl)cc1CNC[C@@H]1COc2ccccc2C1,-8.4,0.92,2.7602910588558665,-9.9,seed333
[C@]1(c2ccccc2Cl)NC(=O)N(Cc2ccccc2CC(C)(C)C)C1,-8.6,0.899,2.707920906506313,-9.7,seed333
[C@@](C#Cc1n[nH]nc1C1CC[NH+](Cc2csc3cc(Cl)ccc23)CC1)[C@@H]1CCCO1,-8.7,0.693,4.902029999076737,-9.6,seed333
[C@@](C#Cc1nc(C2CC2)nn1CC(=O)N1CCCCC1)c1ccc2nncn2c1,-8.6,0.717,3.487205012018963,-9.7,seed333
FC(F)(F)Cc1csc(CN2CC(c3n[nH]c(=O)n3Cc3ccc(F)cc3)C2)n1,-8.1,0.695,2.816499109555414,-10.2,seed333
[P@@]/C(=N/Nc1cccc(OCC(=O)N2CCN(Cc3cccs3)CC2)c1)c1ccccc1,-8.7,0.379,2.651588419973676,-9.6,seed333
[C@]1(C(=O)c2ccc(Cl)cc2)c2c([O-])noc2S(=O)(=O)N1,-8.9,0.886,3.670056214971857,-9.3,seed333
[C@]1(CCC[NH+]2CCCCC2)CCCN1c1ccc(OCc2ccccc2)cc1,-8.3,0.82,3.398621280926399,-9.9,seed333
c1nc(C[NH2+][C@@H](C(=O)Nc2ccc3c(c2)CCO3)C2CCOCC2)n[nH]1,-8.8,0.766,4.113990302640762,-9.4,seed333
[C@](C#Cc1nc(C2CC2)no1)c1nc(-c2ccccc2)no1,-7.9,0.77,3.313789629376105,-10.3,seed333
[C@@]c1c(C(=O)Nc2cc(OC(F)F)co2)cnn1-c1ccc(F)cc1,-7.9,0.847,3.2566716757370813,-10.3,seed333
[C@@]Oc1cccc(C(=O)N2CCN([C@@H](c3ccc(C)cc3)n2)c2ccccc2)c1,-9.3,0.816,3.325302607825199,-8.9,seed333
[C@@](C#CCn1c2ccccc2c2cc(Cl)c(Cl)cc21)NCc1ccco1,-8.3,0.366,3.01170054209524,-9.9,seed333
Fc1ccc(-n2cnc3ccc(NCc4cccnc4)nc32)cc1,-8.8,0.705,2.253177766070192,-9.4,seed333
[P@@]=C(NCc1nc2ccccc2s1)c1c[nH]c2ccccc12,-8.3,0.625,2.653377084997407,-9.9,seed333
[C@](C#Cc1nnc(-c2ccc3c(c2)OCCO3)s1)N1CCN(Cc2ccc(Cl)cc2Cl)CC1,-8.7,0.574,3.195944296785907,-9.5,seed333
c1ccc(-c2nc3nc[nH]c3cc2[N-]C2CCCCC2)cc1,-8.6,0.821,3.297873007536407,-9.6,seed333
[C@]1(CCc2ccccc2)NC(=O)C[C@@H]1c1ccc(C2CC2)cc1,-8.0,0.955,2.839834577532688,-10.2,seed333
[C@]Oc1c(C(=O)/C=C/c2ccc(F)cc2F)c(C)c(C#N)c(Cl)n1,-8.0,0.5569999999999999,3.2722829815048105,-10.2,seed333
[C@@](C#C/C=C1/CS[C@H](c2ccc(F)cc2)NC1=O)c1cccnc1,-8.6,0.757,3.917420929854432,-9.6,seed333
[C@@]1(NC(=O)c2ccccc2F)Nc2ccccc21,-8.0,0.928,2.2443275561694307,-10.2,seed333
[C@@](CNS(=O)(=O)CCOc1ccccc1C(F)(F)F)c1ccccc1[N+](=O)[O-],-8.1,0.581,2.8024399122950303,-10.1,seed333
[C@@]=C([NH+]1CCCC1)c1ccc(NC(=O)C(=O)N(C)Cc2ccccc2)cc1,-8.1,0.874,3.3280578299698886,-10.1,seed333
[C@@](=N\NC(=O)CCc1ccc(F)cc1F)c1ccnc(OCC(N)=O)c1,-8.2,0.624,2.973317371444693,-10.0,seed333
[C@@]1(CNc2cccc(C(F)(F)F)c2)CCCN(c2cnccc2F)C1,-8.0,0.9,2.827490022742189,-10.2,seed333
N/C(=N/NC(=O)CCc1c[nH]c2ccccc12)[C@@H](O)Cn1cccn1,-8.5,0.368,3.1609216147883084,-9.7,seed333
[P@@]CC(CC(=O)N1CCN(c2ccccc2F)CC1)c1ccc(Cl)cc1,-8.2,0.77,2.885399712150172,-10.0,seed333
[C@]1(C(=O)Nc2ccc(NC(=O)CC=C3CCSCC3)cc2)CCCCC1,-7.9,0.7999999999999999,3.0698999348077898,-10.2,seed333
[C@](O)(CNC(=O)NC[C@H](c1ccccc1)c1ccc(F)c2ccccc12)c1ccc(C#N)cc1,-8.9,0.439,3.0382904427772264,-9.2,seed333
c1cc(CN2CCC[C@H](c3nnc(-c4ccncc4)nn3)C2)oc1C(C)(C)C,-8.1,0.766,3.3583345472059527,-10.0,seed333
[C@](CC(=O)Nc1ccc2oc(=O)ccc2c1)NNC(=O)c1cncnc1,-8.2,0.3399999999999999,2.9459470279251985,-9.9,seed333
[C@]1(CC(N)=O)NC(=O)N(CC(=O)Nc2ccc(C(C)C)cc2)C1,-7.8,0.813,2.6315375751716363,-10.3,seed333
[C@]Oc1ccc(NC(=O)[C@]2([C@@H]3C=c4ccccc4=[NH+]C3=O)N=N2)cc1OC(C)C,-8.4,0.7949999999999999,4.509504744577336,-9.7,seed333
c1csc(S(=O)(=O)N2CCC[C@@H]2c2nnc(-c3ccccc3Cl)o2)c1,-8.4,0.747,2.860742768634463,-9.7,seed333
c1cc(C(=O)Nc2cccc(-n3cccn3)c2)nnc1C[C@@H](C)Cn1cccn1,-8.3,0.606,3.0784266349745213,-9.8,seed333
c1cncc([C@H](CNC(=O)N[C@@H]2CCC[C@H](S(C)(=O)=O)C2)n2cc[nH+]c2)c1,-7.9,0.843,4.425534900879536,-10.2,seed333
[C@@](O)(C[NH2+]Cc1ccccc1Oc1ccccc1F)c1cnn(C)c1,-8.0,0.773,3.1582185438689496,-10.1,seed333
[C@@](c1c(F)cccc1Cl)N1CCC([NH+]2CCC[C@@H](C(=O)N[C@H]3CCOC3)C2)C1,-8.6,0.848,5.0180036190424495,-9.5,seed333
[C@@]1(CC[NH+]2CCCc3cc(OCc4ccc(F)cc4)ccc32)CSC1(C)C,-8.0,0.874,4.191972819739627,-10.1,seed333
[C@@]1(NC(=S)NCc2ccccc2F)[NH+]=c2ccccc2=[NH+]1,-8.2,0.5489999999999999,3.6591356759176654,-9.9,seed333
[C@@](C#Cc1ccccc1C(=O)NCc1ccc(C#N)cc1)[C@@H]1CCCN(c2ncccn2)C1,-8.8,0.702,3.294006606404709,-9.3,seed333
[C@@](O)(CC[NH+]1CCN(Cc2ccc(Cl)cc2Cl)CC1)c1ccccc1C(F)(F)F,-8.2,0.78,3.472468340324644,-9.9,seed333
[C@@](C#Cc1ccccc1OCC(F)(F)F)c1cc2ccccc2n1C,-8.6,0.715,2.8814783217671085,-9.5,seed333
[C@@](C)(c1nc(CSc2nncn2-n2cccn2)cs1)c1cc(Cl)ncn1,-7.8,0.441,3.609366129139774,-10.3,seed333
Fc1ccc(-c2nc(C[NH+]3CCC[C@@H]3c3cccs3)co2)cc1,-8.1,0.874,4.1882628677440445,-10.0,seed333
FC(F)(F)c1cc(N2CCOCC2)nc(-c2cccc(Cl)c2)n1,-8.6,0.914,2.254848175340697,-9.5,seed333
FCCOc1ccc(CCNC(=O)[C@H]2CCCN(S(=O)(=O)c3ccc(Cl)s3)C2)[n+](C(F)F)c1,-8.4,0.5619999999999999,3.698542611300757,-9.7,seed333
[P@@](C1CC(c2ccccc2)[C@@H]1C(=O)c1ccccc1)c1ccccc1,-9.2,0.533,3.5665189164768982,-8.9,seed333
CC(C)CC(=O)Nc1ccc(C(=O)c2c(F)cccc2Cl)cc1,-8.2,0.886,1.880304608138669,-9.9,seed333
c1cc(-c2n[nH]c3c2[C@H](c2cccs2)N(Cc2ccccc2)C3)cc(F)c1,-9.0,0.599,2.9723226866035333,-9.0,seed333
[C@](C#CNC(=O)Nc1cccc2cnccc21)n1cnnn1,-7.8,0.62,3.4609316412104256,-10.2,seed333
[C@](O)(c1ccco1)NC(=O)c1cc(C(F)(F)F)ccc1F,-8.0,0.937,2.541021758083991,-10.0,seed333
c1ccc(-c2cnc(C[NH2+]CC3CC[NH+](C4CCCC4)CC3)nn2)cc1,-8.0,0.889,4.252367359286146,-10.0,seed333
O[C@](Cc1ccccc1)c1cc(Cl)cc2c1CCOC2,-8.3,0.907,2.593991126956425,-9.7,seed333
[C@](O)(C[C@@H]1CCCCO1)NC(=O)Cc1c[nH]c2ccccc12,-8.2,0.875,2.993699264644576,-9.8,seed333
[C@]1(c2cccc(Br)c2)NC(=O)N(CC(=O)Nc2ccc(C#N)cc2)C1=O,-7.8,0.833,2.53218839357325,-10.2,seed333
[C@]1(NC(=O)Cc2ccccc2F)Nc2ccccc21,-8.0,0.864,2.321583209258783,-10.0,seed333
Cl[C@@H](Cc1c[nH]c2ccccc12)c1nncn1C1CC1,-7.6,0.825,3.068592871615837,-10.4,seed333
[C@@]1(CNc2ccc(CN3CCN(c4ccccc4F)CC3)c([N+](=O)[O-])c2)CCCO1,-8.7,0.63,2.665905862976917,-9.3,seed333
[C@@](C#CN(C)C(=O)N1CCSC[C@@H]1C[C@@H]1CCCO1)c1ccccc1O,-8.7,0.735,4.303900149844732,-9.3,seed333
[C@@](C#Cc1ccccc1)C(=O)N[C@H](C(=O)N1CCCC1)C(F)(F)F,-8.4,0.936,3.3766373674466905,-9.6,seed333
[C@@](CNC(=O)c1cccc(O)c1)c1cccc(F)c1,-8.2,0.863,2.400377148652723,-9.8,seed333
[C@@](C#C[C@@H](O)COc1cccc(C[NH+]2CCCC2)c1)c1ccc(F)cc1,-8.3,0.859,4.298895110990307,-9.7,seed333
[C@@](CC(=O)NC[C@@H](c1ccccc1)C(C)(C)c1ccco1)c1ccc(F)nc1,-8.0,0.667,3.5761219617358684,-10.0,seed333
[C@@]Oc1ccc(S(=O)(=O)N2CCc3nc4c(C)cccc4cc32)cc1OC,-8.3,0.774,2.8723085529311376,-9.7,seed333
[C@@](CNC(=O)Cc1ccc(Br)cc1)C(=O)N1CCN(c2ccccc2)CC1,-8.6,0.85,2.3829224115421628,-9.4,seed333
Fc1ccc(-c2cc(C[NH+]3CCN(C[C@@H]4CCCO4)CC3)on2)cc1,-8.0,0.868,3.843125408967104,-10.0,seed333
Fc1ccccc1N1C(=O)CNc2nc(-c3cccnc3)n[nH+]c21,-8.9,0.854,3.354996100693315,-9.1,seed333
FC(F)(F)[C@H]1CCN(C(=O)/C=C/c2ccccc2[N+](=O)[O-])C1,-8.4,0.569,2.835780274259962,-9.6,seed333
FC(F)(F)c1ccc(-c2csc(Nc3ccccc3)n2)cc1,-8.4,0.762,1.854365115428516,-9.6,seed333
[P@@](=C\c1cccc([N+](=O)[O-])c1)N1CCC[C@@H]1c1ccccc1,-8.1,0.5559999999999999,3.3554213800291928,-9.9,seed333
[P@@]/C(=C\c1ccccc1Cl)[NH+]1CCN(c2ccccc2)CC1,-8.1,0.927,3.387392587955988,-9.9,seed333
[NH2+][C@@H](CN1CCC(Cc2ccccn2)CC1)c1ccc(F)cc1,-8.3,0.9,3.096184749748532,-9.7,seed333
CC[C@@H](C(=O)Nc1ccccc1C#N)/C(C)=C/c1ccccc1,-8.5,0.955,2.7275505362008854,-9.4,seed333
[C@](C#C[C@@H](O)c1ccc(F)cc1)C(=O)NCc1ccc(Cl)cc1,-8.1,0.927,3.097933021407984,-9.8,seed333
[C@]1(C2CCN(C(=O)c3ccco3)CC2)NN(c2ccccc2)C1=O,-7.9,0.92,2.573256100693316,-10.0,seed333
c1ccc(-c2nnc(SCCCOc3cccc([N+](=O)[O-])c3)n2N)cc1F,-8.0,0.287,2.307090996803055,-9.9,seed333
[C@]1(c2cc(C(F)(F)F)ccc2N=C(C#N)C#N)CCCN(S(=O)(=O)c2ccccc2)C1,-9.2,0.738,3.119495116840321,-8.7,seed333
c1cccc(COc2ccc(C[NH2+]Cc3ccccn3)c(C)c2)c1,-8.1,0.8059999999999999,2.667234320783084,-9.8,seed333
[C@](CC(=O)Nc1cncc(-c2ccccc2)n1)C(F)(F)F,-7.9,0.922,2.6986253674986624,-10.0,seed333
[N+]C(=O)Nc1nnc([C@H]2CC(=O)N(c3cccc(Cl)c3F)C2)s1,-8.1,0.896,3.461593565047038,-9.8,seed333
[C@@]1(CNC(=O)c2ccc(N(C)[C@H]3CCCN(C(=O)OC(C)(C)C)C3)cc2)CC[C@@H]1O,-8.4,0.851,3.491031914620652,-9.5,seed333
[C@@](C)(C(=O)Nc1c(C)cccc1C)S(=O)(=O)c1ccc(F)cc1,-8.3,0.952,2.2932444876140323,-9.6,seed333
[C@@](O)(Cc1ccccc1)C(=O)N[C@@H]1CCCO[C@H]1c1ccc([N+](=O)[O-])cc1,-8.6,0.6819999999999999,3.277011135705606,-9.3,seed333
[C@@](C(=O)c1cccc(OCc2ccccc2)c1)[C@@H]1CN(C)CCO1,-8.0,0.846,3.037523567217069,-9.9,seed333
[C@@]1(CNC(=O)N[C@@H]2CCC(O)(C(F)(F)F)C2)CCC1(C(C)C)C(F)(F)F,-8.0,0.722,4.583568662976586,-9.9,seed333
[C@@]1(c2ccc(F)cc2)NC(=O)N1c1cc(F)ccc1F,-8.4,0.878,2.4683603008859425,-9.5,seed333
[C@@]1(c2ccc(Cl)cc2F)N(C[C@@H]2CCCO2)c2ccccc21,-8.9,0.912,2.924671860798423,-9.0,seed333
[C@@]Oc1ccc(-c2cc(C(=O)Nc3cccnc3CC)cc(Cl)c2O)cc1,-8.5,0.745,2.7203980266153494,-9.4,seed333
[C@@](C#Cc1n[nH]c2c1CCC2)NC[C@@H](O)c1ccc(Cl)cc1,-8.2,0.541,3.806286764644577,-9.7,seed333
[C@@]1(CCCCn2c(=O)[nH]c3ccccc32)NC(=O)N(CCCn2cccn2)C1=O,-8.0,0.506,2.919964372070675,-9.9,seed333
[C@@](C#N)(C(=O)Nc1cc([N+](=O)[O-])c[nH]c1=O)c1ccc(Cl)cc1Cl,-7.7,0.715,2.8937674785462324,-10.2,seed333
[C@@]Oc1ccccc1C[C@@H](C)NS(=O)(=O)c1ccc(F)c(C(F)(F)F)c1,-7.8,0.849,3.1482791537896126,-10.1,seed333
[C@@]C=CC[C@@H]1CCCN([NH2+]CCc2cc(C)cc(C)c2)C1,-7.9,0.876,4.459248229813067,-10.0,seed333
Fc1ccc(C(=O)O[C@@H]2CCc3ccccc32)cc1,-8.2,0.846,2.2850583081501696,-9.7,seed333
F[C@H](C(=O)[O-])c1ccc(Cl)c(NCc2ncccc2C(F)(F)F)c1,-8.4,0.911,3.3546260524241704,-9.5,seed333
Fn1c(=O)c2ccccc2nc1S[C@@H](C(=O)[O-])Cc1ccccn1,-8.5,0.586,3.4174897210632222,-9.4,seed333
FC(F)(Br)/N=C(\[O-])c1ccc(-c2ccccc2F)o1,-7.9,0.4549999999999999,3.079332375477181,-10.0,seed333
Fc1cc(C2=CC=C[C@@H]2c2ccc(F)c(Cl)c2)[nH]n1,-8.4,0.861,3.658216117007978,-9.5,seed333
FC(F)(CC1CCOCC1)N[C@@H]1CCCc2c1cnn2Cc1ccccc1,-8.8,0.845,3.28800585846332,-9.1,seed333
Fc1ccc(-c2nc(C[S@@](=O)CCNC(=O)c3ccc(OC(F)F)cc3)no2)cc1,-8.3,0.631,3.013786877413205,-9.6,seed333
Fc1ccccc1/C=N/N1CC[NH+](Cc2ccccc2)CC1,-7.9,0.929,3.344023238843562,-10.0,seed333
Fc1ccc(-c2nnc(SCc3ccc(Cl)cc3)o2)cc1,-8.0,0.726,1.8833346670904287,-9.9,seed333
[P@@]=C(\CCc1cnn(Cc2ccccc2)n1)c1ccccc1,-7.9,0.727,2.720850457778472,-10.0,seed333
Cn1nccc1-c1cccc(NC(=O)NCC[C@@H]2CCCO2)c1,-8.3,0.871,2.712460295098703,-9.6,seed333
[NH2+][C@H](Cc1cc(F)cc(F)c1)C(=O)Nc1ccc(Cl)cn1,-8.0,0.88,3.215251200635347,-9.8,seed333
[C@]1(C#N)CCN(S(=O)(=O)c2cccc(N(C)C(=O)c3ccc(F)cc3)c2)C1,-8.5,0.889,2.648823807991869,-9.3,seed333
c1cnn(C[C@@H]2CCCN(C(=O)Cc3ccccc3)C2)c1,-8.3,0.944,2.491402770755995,-9.5,seed333
[C@]1(C(=O)Nc2ncc(OC(F)F)cn2)[C@@H]2CCCC[C@@H]21,-7.7,0.901,3.638777613667246,-10.1,seed333
[C@](C#CCCCNC(=O)N1CCN(C(=S)NCc2ccccc2)CC1)c1ccc(F)cc1,-8.5,0.482,2.724663975646557,-9.3,seed333
[C@](CN(CC(=O)Nc1cccc(Cl)c1)NC(=O)[C@H]1CCCO1)c1ccco1,-8.3,0.758,3.518369861159747,-9.5,seed333
[C@]1(Cc2ccc(Cl)cc2)NC(=O)N(CC(=O)N(C)C[C@H]2CCC[C@H]2O)C1,-7.9,0.875,3.631723829507536,-9.9,seed333
c1cncc(CN2CCC(c3c[nH]c4ccccc34)CC2)c1,-7.9,0.872,2.019382098445499,-9.9,seed333
[C@@]1(C)C[C@@H]1C(=O)NCc1ccc(CNc2ccccc2F)cc1,-8.0,0.934,2.5452797669701166,-9.8,seed333
[C@@]=C1c2ccccc2C(=O)N1c1ncccc1C,-8.9,0.84,2.662601851331281,-8.9,seed333
[C@@](CC(=O)c1ccco1)c1ccccc1Cc1ccc(F)cc1,-8.3,0.697,2.50642932521264,-9.5,seed333
[C@@](C#CCNC(=O)Nc1ccccn1)c1ccc(C#N)cc1,-8.4,0.93,2.830755568725218,-9.4,seed333
[C@@]Oc1ccccc1NC(=S)NNC(=O)C(=O)N1CCC(n2cccc2C(C)C)CC1,-8.3,0.4649999999999999,3.1358564887482867,-9.5,seed333
Fc1cccc(C(=O)Nc2nnc(C3CC3)o2)c1,-7.9,0.883,2.10056746219101,-9.9,seed333
FC(F)(F)c1ccc(C[C@H]([NH2+]Cc2ccc[nH]2)C2CC2)cc1,-8.0,0.902,3.743610795351773,-9.8,seed333
FC(F)(F)c1[nH]c2ccccc2c1C[NH2+]Cc1ccccn1,-8.4,0.845,3.205415664879064,-9.4,seed333
Fc1cccc2c1NC(=O)/C[C@H]2c1cc([N+](=O)[O-])ccc1C1CCOCC1,-9.0,0.731,3.125745915874264,-8.8,seed333
[P@@]=C(\NCc1nc2ccccc2[nH]1)c1ccc(Cl)cc1,-7.9,0.7979999999999999,2.532268315285336,-9.9,seed333
[P@@]#Cc1ccccc1OCc1c[nH]nc1-c1cccc(F)c1,-8.0,0.7999999999999999,2.9655392225713726,-9.8,seed333
[C@](O)(CCc1cnn(-c2ccccc2)c1)c1cccnc1,-8.1,0.86,2.394212603062442,-9.7,seed333
[C@H](c1cc(C(F)(F)F)ccc1OC(=O)[C@@H]1CC[C@H](c2ccccc2)[NH2+]1)c1ccccc1,-10.2,0.5569999999999999,3.959849468564281,-11.9,seed999
Cc1ccc(-c2cc(C(=O)Nc3cccc(C(=O)[O-])c3)ccc2F)cc1C,-9.6,0.849,2.221797346453405,-12.4,seed999
[C@]1(c2ccccc2)[C@H](C(=O)NCCC2=c3ccccc3=[NH+]C2)N1C(=O)c1ccc(F)cc1,-10.8,0.636,4.022133107491648,-11.2,seed999
[C@H]Oc1cccc(-c2cccc(CNC(=O)c3ccc(-c4cnn(C)c4)cc3)c2)c1,-10.1,0.593,2.3908862343297024,-11.5,seed999
[C@](O)(c1nc2ccccc2n1CC(=O)NCc1nc(C2CCCC2)n[nH]1)[C@@H]1COc2ccccc2O1,-10.2,0.445,3.428679338582951,-11.2,seed999
[C@H]1c2ccc(C(=O)Nc3nc(Cc4ccccc4Cl)c[nH]3)cc2NC1=O,-9.3,0.742,3.1015944125405843,-11.9,seed999
[C@](C#Cc1nc(-c2ccccc2)no1)c1cc(F)ccc1Oc1ccccc1,-9.3,0.5479999999999999,2.727955274041719,-11.9,seed999
[C@]1(COc2ccc(Cl)cc2)NC(=O)N(c2ccc3c(c2)CCCC3)c2ccccc21,-9.7,0.642,2.558596760010918,-11.5,seed999
[C@H]1CCN(c2cccc(NC(=O)CCN3C(=O)/C(=N\O)c4ccccc43)c2)C1,-9.5,0.7,2.675204125859244,-11.6,seed999
[C@]1(CCc2cccc(OCc3ccccc3Cl)c2)NC(=O)c2cccnc21,-9.4,0.764,2.501814764174925,-11.7,seed999
[C@H](CCNNC(=O)c1cn(Cc2ccccc2)nc1-c1ccccc1)c1nc2ccccc2[nH]1,-9.5,0.311,2.7333559591404573,-11.3,seed999
[C@]Oc1nc2ccc(NC(=O)C(=O)N[C@@H]3CCc4cc(F)ccc4C3)cc2nc1C,-9.3,0.734,3.312508687367957,-11.5,seed999
NNC(=O)c1ccc(NC(=O)N2CCC[C@H](c3nc4ccccc4s3)C2)cc1,-10.1,0.44,2.6260507865221925,-10.7,seed999
[C@H]Oc1ccc(-c2ccccc2NC(=O)NCC2CCN(C(=O)C3CC3)CC2)c(C)c1,-9.2,0.8049999999999999,2.590878528777223,-11.6,seed999
[C@](Cc1ccccc1)[C@H]1Oc2ccccc2NN1C(=O)Cn1nc2ccccc2n1,-10.2,0.639,3.5072742514535733,-10.6,seed999
[C@]1(c2ccccc2)NC(=O)N(Cc2csc(-c3ccccc3F)n2)C1,-9.4,0.85,2.62376124671405,-11.3,seed999
[C@H](c1ccc(-c2cncc3ccccc23)cc1)[C@H](C[NH3+])c1ccccc1,-9.0,0.653,3.1766524405029006,-11.7,seed999
[C@H]1C(=O)c2ccccc2C(C(N)=O)=C1\C=C\c1cccc([N+](=O)[O-])c1,-9.6,0.766,2.780947499912905,-11.0,seed999
[C@H](C)c1c(C(=O)N2CCC[C@H](C(=O)NCCc3ccccc3)C2)cccc1NC(=O)c1ccc(F)cc1,-10.5,0.5439999999999999,2.89165792555357,-10.1,seed999
[C@H]1C(=O)N2CCCC[C@@H]2C(=O)N1c1cc(-c2ccccc2)ccn1,-9.4,0.935,3.142236094689597,-11.2,seed999
N#Cc1cccc2c1N[C@@H](c1ccccc1)[C@@H]2C(=O)NC1CCC(c2ccccc2)CC1,-10.3,0.652,3.254918340583881,-10.2,seed999
[C@H]1c2ccccc2C(=O)O[C@@H]1CC(=O)NCc1ccc2c(c1)OCO2,-8.9,0.945,3.057231019424769,-11.6,seed999
[C@H]1CCCC[C@@H]1[C@@H]1CCCN1C(=O)c1ccc(C(=O)c2ccc(F)cc2)cc1,-9.4,0.778,3.111983982821512,-11.1,seed999
[C@H](CCNC(=O)N1CCC[C@H]1c1nc2ccccc2n1CC(=O)N1CCCCC1)c1ccc2ccccc2n1,-9.6,0.422,3.298177917158835,-10.9,seed999
[C@H]1C(=O)n2nc(CC[NH2+]Cc3c(F)c(F)cc(F)c3Cl)nc2[C@@H]1c1ccccc1F,-9.6,0.446,4.350717213547659,-10.9,seed999
[C@H]OC(=O)c1ccc([N-]S(=O)(=O)c2ccc(-c3cccc4cccnc34)cc2)cc1,-9.4,0.502,3.2064643726308564,-11.1,seed999
[C@](C#Cc1cccc(C(=O)NCCC2=CCNc3ccccc32)c1)c1ccc(F)cc1,-9.3,0.6679999999999999,2.9642447010664714,-11.2,seed999
[C@H]Oc1ccc(-c2cc(C(=O)NNC(c3ccccc3)c3ccccc3)sc2C)cc1,-9.7,0.448,2.673446780525474,-10.7,seed999
[C@H]1CCC[C@@H](CC(=O)Nc2n[nH]c(=O)c3ccc(C(F)(F)F)cc23)C1,-9.3,0.865,3.3036279334696266,-11.1,seed999
[C@H](C(=O)N[C@@H]1CCCC[C@@H]1Cc1c[nH]c2ccccc12)c1ccc(F)cc1,-8.5,0.753,3.212919558927954,-11.9,seed999
[C@]O[C@]([C@](=O)c1ccc2c(c1)c1ccccc1O2)C(=O)Nc1ccc(Br)cc1F,-9.8,0.4049999999999999,2.875975052853308,-10.6,seed999
n1cc[nH+]cc1CNc1nc2c(s1)CN(C(=O)CCC[NH+]1CCC(Cc3ccccc3)C1=O)CC2,-9.5,0.5499999999999999,4.775488974103931,-10.8,seed999
[C@H]1C(=O)c2ccc(S(=O)(=O)NC3CCCC3)cc2[C@H]1c1cccc([N+](=O)[O-])c1,-9.6,0.693,3.191776633108799,-10.7,seed999
[C@H](CC(=O)NC[C@@H](c1cccnc1)c1ccccc1F)c1cccc(F)c1,-9.1,0.76,3.018342642224836,-11.2,seed999
[C@H]1C=c2ccccc2=C1CCNC(=O)Cn1n[nH+]c2ccccc21,-8.9,0.8109999999999999,3.7175762492771263,-11.3,seed999
[C@](C#N)(NC(=O)CN1C(=O)N[C@@](c2ccccc2)c2ccccc21)c1nc(-c2ccccc2)on1,-9.6,0.533,3.045614062789328,-10.6,seed999
C=CCOc1ccccc1CN1C(=O)CCc2cc(NC(=O)Cc3ccccc3)ccc21,-8.8,0.601,2.2174629830907264,-11.3,seed999
[C@H]O/C(=N/O)[C@H]1CCCN(c2ccc(-c3cc(=O)oc4ccncc34)[nH+]n2)C1,-9.0,0.3979999999999999,4.490483265154671,-11.1,seed999
[C@](C#CCNC(=O)Nc1cccc(-c2nnc(C(C)C)o2)c1)c1ccccc1,-9.0,0.741,2.7950742113293288,-11.1,seed999
[C@H](C)N1C(=O)c2ccccc2C(C(=O)NCCc2ccc(OCC(=O)Nc3ccc(Cl)cc3)cc2)C1=O,-9.5,0.409,3.042691224330264,-10.5,seed999
[C@H]1c2ccccc2C(=O)O[C@@]1(C)C(=O)N[C@H](C)COc1ccccc1,-8.4,0.932,3.38384621291741,-11.6,seed999
[C@]1(C(=O)N2CCc3ccc(NC(=O)C4CCCCC4)cc32)CCCC1,-8.7,0.875,2.548982532277801,-11.3,seed999
[C@H]Oc1cccc(NC2CCN(C(=O)N[C@@H](C)c3ccccc3)CC2)c1,-9.0,0.933,2.8352267142291723,-10.9,seed999
[C@H](CNc1ccc(F)cc1C(N)=O)c1ccccc1O[C@@H]1CCCc2ccccc21,-10.0,0.661,3.1052397031270456,-9.9,seed999
[C@H]Oc1ccc(C(=O)Nc2ccc(F)cc2)cc1OCc1c(F)cccc1Cl,-9.0,0.6729999999999999,2.2842879730949903,-10.9,seed999
[C@]1(c2ccccc2)NC(=O)N(CC(=O)Nc2ccnn2Cc2ccccc2)C1=O,-8.7,0.712,2.500655031411336,-11.2,seed999
[C@](CO)(NC(=O)NCc1c(F)cccc1F)[C@@H]1C[C@]12CCc1ccccc1-2,-9.2,0.836,4.040621299532058,-10.7,seed999
[C@](C#Cc1ccccc1)c1ccc(C(=O)Nc2cc([N+](=O)[O-])ccc2C)cc1,-9.0,0.494,2.4138671600472783,-10.9,seed999
[C@]([C@@H]1CCCc2c1nnn2Cc1ccc(O)cc1)c1ccc(F)cc1,-9.4,0.87,3.3600008824384666,-10.5,seed999
[C@](c1ccccc1)C(=O)Nc1ccc(Cc2ccccc2)cc1,-8.8,0.826,2.0617635286299425,-11.1,seed999
c1ccc2sc(NC(C(=O)c3cccc(C(F)(F)F)c3)NCc3ccc[nH]3)nc2c1,-9.0,0.363,3.197000359471501,-10.8,seed999
[C@H](C)c1nc(C2CCCC2)nc2c1CCN(CC(=O)NCC1(C)CCCCC1)C2,-9.0,0.863,3.1729517347080387,-10.8,seed999
[C@H]1CCCCN1C(=O)CSc1nnc(-c2ccccc2)n1-c1cccc(Cl)c1,-9.0,0.643,2.556864580309941,-10.8,seed999
[C@](C#Cc1ccccc1)[C@@H]1CCCCN1C(=O)[C@H]1Cc2ccccc2S1,-9.4,0.829,3.581690687307269,-10.4,seed999
[C@]1(c2ccccc2)NC(=O)N(CC(=O)NC2CCN(c3ccccc3)CC2)C1=O,-9.0,0.843,2.4249577786640835,-10.8,seed999
[C@]1(c2ccco2)NCCN(Cc2nc(-c3ccc(F)cc3)sc2-c2ccccc2)C1,-9.8,0.564,2.7941293482092373,-10.0,seed999
[C@]1(C(=O)c2ccccc2)c2ccccc2C(=O)N1c1ccc(F)cc1,-10.2,0.753,2.137933928484335,-9.6,seed999
[C@]1(c2ccccc2)NC(=O)N(CC(=O)Nc2cccc(C(=O)NCC3CC3)c2)C1,-9.2,0.757,2.484992076294162,-10.6,seed999
[C@H]1CCC(C(=O)Nc2c(C(C)c3ccccc3)n[nH]c2-c2ccccc2)C1,-9.4,0.741,3.451532606639735,-10.3,seed999
[C@H]Oc1ccccc1NC(=O)NCCc1nccn1C(=O)c1ccccc1,-8.8,0.786,2.577546080181218,-10.9,seed999
[C@H](C)NC(=O)Cc1cc2ccccc2cc1OCC(=O)NCc1ccccc1,-8.9,0.714,2.323240023295142,-10.8,seed999
O[C@H]1CCCc2nc(N/N=C/c3c(F)c(F)c(F)cc3F)cnc21,-8.9,0.376,3.6070931653801,-10.8,seed999
[C@]1(SCc2c[nH]c3ccccc23)NC(=O)N(CC(=O)Nc2ccccc2C(F)(F)F)C1=O,-9.4,0.5619999999999999,2.729237127011322,-10.3,seed999
[C@H]Oc1cccc(COC(=O)c2ccc3c(c2)N(CC(=O)Nc2ccccc2F)C3=O)c1,-9.2,0.654,2.477381353554009,-10.5,seed999
[C@](C#Cc1ccccc1)C(=O)NC1(c2ccccc2F)[C@H](C(F)(F)F)C1,-9.1,0.735,3.9050222488963655,-10.6,seed999
c1ccc(-c2ccccc2CN2CCN(c3cccc[nH+]3)CC2)cc1,-9.3,0.8099999999999999,2.719366928484334,-10.3,seed999
[C@H]Oc1ccc2nc(NC(=O)[C@@H](C)Sc3ncnn3-c3ccccc3)[nH]c2c1O,-9.2,0.5,3.556926101801104,-10.4,seed999
[C@H](C)n1ncc2ccc(OCc3cccc(C(F)(F)F)c3)cc21,-8.5,0.779,2.577009832145432,-11.1,seed999
[C@H](C(=O)N1CC(C(=O)Nc2ccc(Cl)cc2[N+](=O)[O-])C1)c1ccc2c(c1)COC2,-9.1,0.6779999999999999,2.84756748562379,-10.5,seed999
[C@H]1c2ccsc2NC(=O)[C@H]1C[NH2+][C@@H]1CCC[C@@H](CC(=O)Nc2ccccc2)C1,-9.2,0.781,4.524133198696503,-10.4,seed999
O[C@H](Cn1cnc2ccc(F)cc21)c1cc(Br)cc2c1OCOC2,-9.4,0.82,3.21207500534416,-10.2,seed999
[NH+][C@H](NC(=O)N1CCN(C(=O)Cn2cc([N+](=O)[O-])c3ccccc32)CC1)c1ccc(F)cc1,-10.0,0.538,3.295769922769092,-9.6,seed999
[C@](C#N)([C@H]1CCCN(C(=O)c2ccc(-n3nccn3)cc2)C1=O)c1cccc(OC(F)F)c1,-9.0,0.614,3.4776405156628147,-10.6,seed999
[C@]1(Cn2cnnc2[C@]2(C)C(=O)N=C2c2ccccc2)CCCN1c1ccccc1,-9.2,0.756,3.617577947191715,-10.4,seed999
[C@]1(c2ncccc2)NC(=O)N(CC(=O)Nc2ncnn2-c2ccccc2)[C@H]1C,-8.8,0.784,3.379572154043559,-10.8,seed999
c1ccc(Cn2nnnc2C[NH+]2CCC[C@@H](CNC(=O)Cc3ccccc3)C2)cc1,-8.9,0.663,3.766300350854785,-10.6,seed999
[C@H]1C=NN([C@H](CC(C)(C)c2ccc3c(c2)OCCO3)C2CC2)c2ccccc21,-9.4,0.82,3.650312324983732,-10.1,seed999
[C@H]Oc1ccc(NC(=O)NC2CCCC2)cc1OCc1cnn(-c2ccc(F)cc2)c1-n1cccc1,-9.2,0.424,2.8852718347380275,-10.3,seed999
[C@H]Oc1cccc(C(=O)Nc2cccc(C[NH+](Cc3ccc(F)cc3)C(C)C)c2)c1,-9.2,0.6719999999999999,3.5728049769607173,-10.3,seed999
[C@H]Oc1ccc2ccc(C(=O)C(=O)N[C@H]3CCN(CC(F)(F)F)C3)cc2c1,-8.6,0.722,3.2833865712189194,-10.9,seed999
[C@H]1C(=O)N(C(=O)CSc2nnc3ccccn23)C(=O)N1C1CCCCC1,-8.4,0.6829999999999999,3.018552566386738,-11.1,seed999
[C@H]Oc1ccc2[nH]c(=O)c([C@@H](C)N[C@H](C)c3noc(-c4ccc(Cl)cc4)n3)nc2c1,-8.8,0.5609999999999999,3.7737168560151897,-10.7,seed999
[C@H]Oc1ccc(NC(=O)N2C(=O)N=C([O-])/C(=C\c3ccc(O)cc3)C2=O)cc1[N+](=O)[O-],-9.1,0.504,3.395505332561674,-10.4,seed999
O[C@H]1C[C@@H](c2ccccc2)O[C@@H]1C(=O)Nc1ccc2c(c1)OCCO2,-8.6,0.876,3.184841150407352,-10.9,seed999
[C@]O[C@H](C)c1ccc(C(=O)N2CCC(Cc3ccccc3)CC2)cc1,-8.6,0.891,2.7582312301729246,-10.9,seed999
[C@]Oc1ccc([C@H]2NC(=O)c3cc(NC(=O)c4cccnc4)ccc3N2)cc1OC,-8.6,0.6869999999999999,3.2017241519580866,-10.9,seed999
[C@]1(C(=O)Nc2cccc(Br)c2)C(=O)C[C@@H]1c1cccc(Cn2ccccc2=O)c1,-9.5,0.721,3.05894667640722,-10.0,seed999
n1ncc(SCc2csc(-c3ccccc3)n2)c(-c2ccccc2)n1,-8.2,0.5499999999999999,2.4226549284843344,-11.3,seed999
[C@H](C)c1ccc(F)cc1NC(=O)c1ccc(-c2ncc[nH]2)cc1,-9.0,0.844,2.456997115631177,-10.4,seed999
[C@H]1CCN(c2ccccc2C(=O)Nc2cnc3snc(-c4ccccc4)c3c2)C1,-9.9,0.603,2.7354586603405444,-9.5,seed999
[C@H]2/C(=N\c3ccccc3)c3ccccc3C(=O)N2c1cccnc1,-9.8,0.7969999999999999,2.6123489470019354,-9.6,seed999
[C@]Oc1cccc(NC(=O)N2CC[C@H](Oc3ccc(Cc4ccccc4F)cn3)C2)c1,-8.7,0.724,3.1412513899063708,-10.7,seed999
[C@]1(C(N)=O)[C@H](CC(=O)c2c[nH]c3cc(C)ccc23)NC1C1=NC=C1C(=O)c1ccc(F)cc1,-9.0,0.567,3.944231269054626,-10.4,seed999
[C@]1(c2ccccc2)NC(=O)/C1=NC1=[N+]([O-])[C@H](C(=O)Nc2ccccc2)CC1=O,-9.1,0.5539999999999999,3.715099269428176,-10.3,seed999
[C@](C#C[C@H]1CCCCN1C(=O)c1cccc(Cl)c1)c1ccc(N2CCOCC2)cc1,-9.6,0.774,3.2046038519092983,-9.8,seed999
[C@]1(C(=O)NCc2cccc(F)c2)CCCN(S(=O)(=O)c2ccccc2-c2ccco2)C1,-8.9,0.712,2.6747771694623808,-10.5,seed999
[C@](O)(Cc1nc2ccccc2n1C)C(=O)Nc1ccc(Cl)c(C(F)(F)F)c1,-8.8,0.769,2.542881471193532,-10.6,seed999
[C@H](CNC(=O)Nc1cccc(C(F)(F)F)c1)c1c(F)cccc1F,-8.3,0.876,2.446064971822185,-11.0,seed999
[C@H](Cc1cnc2ccccc2c1N)c1c2ccccc2n1,-8.9,0.87,2.870810617950781,-10.4,seed999
[C@H]([C@H](C)NC(=O)Nc1cc(Cl)ccc1OCC1CCCCC1)[NH+]1CCN(c2ccccc2)CC1,-9.3,0.601,3.655513533971746,-10.0,seed999
[C@](O)(CC(=O)NC[C@H](c1ccccc1)c1c[nH]c2ccccc12)c1cccs1,-9.4,0.504,2.960366150291214,-9.9,seed999
[C@H]1c2ccc(Cl)c(Cl)c2CCN1C(=O)c1ccccc1OCc1ccccc1,-9.1,0.625,2.538829766884886,-10.2,seed999
[C@](C#CNc1ncnc2c1CCCC2)c1c[nH]c2ccccc12,-8.2,0.644,3.255390609094235,-11.1,seed999
[C@H]Oc1ccc(-n2nc(C(=O)NCc3ccccc3)cc2CN2CCOCC2)cc1,-8.4,0.736,2.584728228542387,-10.8,seed999
[C@H](c1ccc(F)cc1)[C@H]1CCCN1C(=O)Cc1csc(OCc2ccccc2)n1,-8.8,0.651,3.1515180376894527,-10.4,seed999
[C@H]1C(=O)CCCN1C(=O)CN1C(=O)N[C@]2(CCc3ccccc32)C1=O,-8.4,0.884,3.832144701959022,-10.8,seed999
[C@](O)(C[NH+]1CCC[C@H]1C(N)=O)c1nc2sccc2cc1NC(=O)c1ccc(Cl)cc1,-9.4,0.5459999999999999,4.3345838243409816,-9.8,seed999
[C@H]1c2ccccc2C(=O)N1c1cnn(CC[NH+]2CCC[C@]3(CC(C)(C)CSC3)C2)c1,-9.5,0.901,5.534277620802547,-9.7,seed999
[C@H]1CCN(C(=O)c2cn(Cc3ccccc3)nc2-c2ccccc2)C1,-8.7,0.8119999999999999,2.333821298546704,-10.5,seed999
[C@H]Oc1ccccc1NC(=O)C(=O)[C@@H]1CC(=O)N(c2cccc(OCCO)c2)C1,-8.6,0.738,3.1693726828721047,-10.6,seed999
[C@H](C)N=C1CCN(CC(=O)N[C@@H](C)c2ccc(Cl)cc2)c2ccccc21,-8.7,0.93,3.081107612358071,-10.5,seed999
[C@](O)(CNc1cc(C(=O)c2ccccc2)[nH]n1)c1cccc(F)c1,-8.6,0.689,2.5939792922843328,-10.6,seed999
[C@]1(C(=O)N2CCC(CCCCc3cccnc3)C3=C2CCC3)CCC1,-8.5,0.776,3.5184615779073827,-10.7,seed999
[C@](O)(CC(=O)N1CCC[C@@H](C)C1)C(=O)Nc1ccc2c(c1)NC(=O)C=C2,-8.6,0.86,3.072068703691765,-10.6,seed999
[C@]1(C(N)=N/S(=O)(=O)c2cccc(F)c2)NC(=O)[C@H]1c1ccccc1,-9.2,0.575,3.152515668250364,-10.0,seed999
[C@](CCCNC(=O)N1CCc2ccccc21)c1ccc(F)cc1,-8.5,0.917,2.487061242549036,-10.7,seed999
[C@]1(C(=O)/C=C/c2ccccc2Oc2ccccc2)=NC(=O)[C@H]1C,-9.0,0.872,2.945203683054032,-10.2,seed999
[C@H]Oc1ccc(-c2ncco2)cc1NC(=O)c1ccnc(OCCc2cccnc2)c1,-8.8,0.5439999999999999,2.843512325749481,-10.3,seed999
[C@H]1C[C@@H](CC(=O)N2CCC(Oc3ccc(Cl)cc3)CC2)CC(=O)N1Cc1ccco1,-8.5,0.767,3.312156944506356,-10.6,seed999
[C@H]Oc1ccccc1OCC(=O)N1CCC(c2c[nH]c3ccccc23)CC1,-8.7,0.826,2.4727238196763857,-10.4,seed999
[C@H]1CCN(C(=O)NCc2ccc(-n3ccnc3)cc2)c2ccccc21,-8.8,0.878,2.633687826613233,-10.3,seed999
[C@H]1C(C)(C)Cc2ccccc2N1CCCC(=O)c1cccc(Cl)c1Cl,-8.4,0.66,2.794002444967852,-10.7,seed999
[C@H]Oc1ccccc1-c1nc2ccccc2n1CC(=O)NC[C@H](C)c1ccccc1,-8.9,0.573,2.8621076076363305,-10.2,seed999
[C@H]Oc1ccc(CN2CCN(c3cc(C)[nH+]cc3C#N)C[C@H]2c2c[nH]c3c(C)cccc23)cc1,-9.5,0.563,4.068488087989158,-9.6,seed999
[C@H]1C(=O)c2ccccc2N[C@@H]1c1ccc(F)cc1Cl,-9.0,0.93,3.0669750913669525,-10.1,seed999
[C@H](C(=O)NCCc1ccccc1)N1CCN(C(=O)c2ccccc2[N+](=O)[O-])CC1,-8.5,0.65,2.4427029196676564,-10.6,seed999
[C@H]1C(=O)c2ccc(NS(=O)(=O)c3ccc(C(C)(C)C)cc3)cc2N=C1S,-8.5,0.857,2.8475389152491424,-10.6,seed999
[C@H]1C(C#N)C(=O)N(CCN2CCN(c3ccccc3F)CC2)c2ccccc21,-8.8,0.902,3.122156769428175,-10.3,seed999
[C@H](C(=O)c1ccc(C(N)=O)cc1)c1c[nH]c2ccccc12,-8.6,0.7989999999999999,2.282595928124477,-10.5,seed999
[C@]1(CCc2nc(-c3ccc(F)cc3)no2)Oc2ccccc21,-8.4,0.815,2.4914196885477047,-10.7,seed999
[C@](C#CNC1=Nc2nnnn2[C@@H]1C(F)(F)F)c1ccccc1,-8.7,0.72,4.257890164369852,-10.4,seed999
[C@H](C)NC(=O)CNc1ccccc1C(=O)NNC(=O)c1ccc(F)cc1,-8.8,0.6699999999999999,2.331047403056917,-10.2,seed999
[C@H]Oc1cccc(NC(=O)c2ccccc2Sc2ccccc2F)c1,-9.1,0.76,2.336901236176644,-9.9,seed999
[C@H]1C[C@@H](C)CN(C(=O)Cc2ccc([S@@](=O)Cc3ccccc3)cc2)C1,-8.2,0.902,3.468211435019252,-10.8,seed999
[C@H]1c2ccccc2C(=O)N1CCCNC(=O)c1ccc(F)cc1,-8.6,0.943,2.414722290456352,-10.4,seed999
[C@H](c1ccc(Cl)cc1)c1ccc(NC(=O)NC[C@H]2CCCO2)cc1,-8.5,0.933,2.6911204902939936,-10.5,seed999
[C@H]Oc1ccc(-c2noc(CNc3ccc[nH]c3=O)n2)cc1OC[C@H]1CCCO1,-8.6,0.6779999999999999,3.3886603001328925,-10.4,seed999
[C@H]Oc1ccc(OCc2ccccc2NC(=O)[C@H](C)Oc2ccc(Br)c(C)c2)cc1,-8.8,0.535,2.832162805015015,-10.2,seed999
[C@H](c1cccc([N+](=O)[O-])c1)N1CCN(C(=O)Cc2csc(Cc3ccccc3)n2)CC1,-8.8,0.499,2.68506062667932,-10.2,seed999
[C@H]1CN(C(=O)[C@H]2CCCCN2Cc2ccc(Cl)cc2)CCC1(C)C,-8.6,0.899,3.081329540067747,-10.4,seed999
[C@](C#Cc1ccccc1-n1cccc1)NC(=O)C1CCN(S(=O)(=O)c2ccc(Cl)cc2)CC1,-9.7,0.527,2.863792300458849,-9.3,seed999
[C@]1(NCc2ccccc2F)C=CC[C@@H]1CCS(=O)(=O)Cc1ccccc1Cl,-8.4,0.772,3.269323338451686,-10.6,seed999
[C@](C#N)(C(=O)Nc1cccc(C(=O)N2CCC[C@@H](C)C2)c1)c1ccccc1,-8.7,0.884,2.7912084533368,-10.3,seed999
[C@]1(CC(=O)N2CCC[C@H]3CCCC[C@@H]32)CN(c2cnccn2)C1,-8.7,0.94,3.5120139787050766,-10.3,seed999
[C@H](C)C1(CNC(=O)C(=O)Nc2nccc(-c3ccccc3)n2)CC[NH2+]CC1,-9.0,0.76,3.562673299116128,-9.9,seed999
[C@H]1C(=O)c2ccc(S(=O)(=O)c3ccc(C(C)(C)C(=O)[O-])cc3)cc2N1,-8.9,0.865,3.164648973733202,-10.0,seed999
[C@H]Oc1cc(/C=C2/C=C(c3ccc(F)cc3)N=N2)c(Br)cc1OCC(=O)NC1CC1,-8.4,0.689,3.2823672454078743,-10.5,seed999
[C@H]1CC[C@H](Oc2cccc(Cn3cc(-n4cccc4F)nn3)n2)C1,-8.4,0.8029999999999999,4.071232949665607,-10.5,seed999
[C@]1(c2ccc(Cn3c(C#N)cc4cc(Cl)ccc43)s2)Nc2ccccc21,-8.8,0.584,2.993337991487952,-10.1,seed999
[C@](CC(=O)N1CC[C@](Cc2ccccc2)NC1=O)c1ccc(F)cc1,-8.8,0.889,2.9834339284843345,-10.1,seed999
[C@](COC(=O)[C@@H]1C(=O)N(Cc2ccccc2)c2ccccc21)c1nc([C@@H]2CCCC[NH+]2CC(=O)NC2CCCCC2)no1,-9.2,0.358,4.708752577335757,-9.7,seed999
[C@]1(C(C)C)C(=O)C(=O)[C@@H]1NC(=O)COc1ccccc1OCc1ccccc1,-8.4,0.792,2.849972933011429,-10.5,seed999
[C@](O)(Cn1cc([N+](=O)[O-])ccc1=O)c1ccc(Oc2ncccc2OC(F)F)cc1,-8.6,0.52,2.803793263507421,-10.3,seed999
Cc1cc(Cl)ccc1CCNC(=O)N[C@H]1CCN(Cc2ccccc2)C1,-8.8,0.891,2.4169233296137875,-10.0,seed999
[C@H](c1ccccc1)CCNC(=O)N[C@@H](COC(=O)c1c[nH]c2ccccc12)c1ccco1,-9.3,0.347,3.16666415865081,-9.5,seed999
[C@H](CCCCc1ccc(S(N)(=O)=O)cc1)C(=O)Nc1ccccc1[N+](=O)[O-],-8.8,0.4659999999999999,2.4164816541457146,-10.0,seed999
[C@H]Oc1cccc(-c2nc(NC(=O)CNc3cc(F)ccc3F)co2)c1,-8.3,0.783,2.840148616282788,-10.5,seed999
[C@H](c1cscc1C#N)[C@@](CC(=O)c1cccc2c1OCO2)c1ccccc1,-9.0,0.663,3.1575055139314987,-9.8,seed999
[C@H]1C(=O)CN[C@@H]1/C(=C\Nc1nnc(-c2cccs2)s1)c1cccc(Cl)c1,-8.4,0.753,3.8199311433789713,-10.4,seed999
[C@H]Oc1ccc(-c2nc([C@@H](C)NC(=O)N[C@@H]3CCOC3)sc2C)cc1F,-8.5,0.917,3.706722565018598,-10.3,seed999
[C@H]Oc1ccccc1Oc1ccccc1NC(=O)C(=O)N[C@H]1CC(=O)N(C[C@@H]2CCCO2)C1,-9.3,0.706,3.487161001325749,-9.5,seed999
[C@H](C)C(=O)N1CCC(CCc2c[nH]c3cc([N+](=O)[O-])ccc23)CC1,-8.4,0.754,2.6274233017275748,-10.4,seed999
[C@H]1c2ccccc2CC[C@H]1C(=O)N/N=C/c1ccn[nH]1,-8.3,0.736,3.703469453012232,-10.5,seed999
[C@H](C)CNC(=O)CO/N=C(\[O-])Cc1nc(-c2cccc3ccccc23)no1,-7.9,0.447,3.0875531807729333,-10.9,seed999
[C@H]Oc1ccc(CNC(=O)c2ccc(-c3ccc(Cl)cc3Cl)cc2)cc1OC,-8.5,0.647,2.229548343104728,-10.3,seed999
[C@H](C)[C@@H](NC(=O)NCCn1ncc2c1CCCC2)c1cc(F)ccc1F,-8.3,0.909,3.4118024148528736,-10.5,seed999
[C@H]1CCC[C@@H]1C(=O)Nc1ccc([N+](=O)[O-])c(OCc2ccccc2)c1,-8.3,0.714,2.874698537865232,-10.5,seed999
[C@]1(Cc2ccncc2)NC(=O)N(CC(C)(C)c2nnnn2-c2ccc(F)cc2)C1,-8.8,0.773,3.1911242357010225,-10.0,seed999
[C@H](C(=O)NC[C@@H]1CCN(c2ccc(F)cn2)C1)c1ccc(F)c(F)c1,-8.1,0.884,3.0893603742682654,-10.7,seed999
[C@H](C)c1ccc(NC(=O)CCc2n[nH]c3ccccc23)cc1,-8.1,0.833,2.4200721552636804,-10.7,seed999
[C@H]1C(=O)c2ccc(OC[C@@H]3CCCCO3)cc2[C@H]1C(=O)NCc1ccccc1F,-9.1,0.891,3.434937208275924,-9.7,seed999
[C@H](c1ccc(S(N)=O)cc1)N1CCN([C@@H](c2ccccn2)c2cccc(F)c2)CC1,-9.2,0.742,3.69051248091767,-9.6,seed999
[C@H](c1ccccc1F)[C@H]1CCCN1C(=O)CCc1cc[nH+]c(Cl)c1,-8.6,0.843,3.929396075578273,-10.2,seed999
[C@H]Oc1ccc(NC(=O)c2ccccc2)cc1OC(=O)Cc1ccccc1Cl,-9.2,0.563,2.265278890816509,-9.6,seed999
[C@]1(C(=O)NCc2ccc3c(c2)OCO3)CN(c2ccccc2Cl)C(=O)NC1=O,-8.7,0.898,2.657178698508816,-10.1,seed999
[C@](O)(c1ccc(F)cc1)C1(C(=O)NCc2nc3ccccc3o2)CC1,-8.6,0.828,2.578173446360825,-10.2,seed999
[C@]1(C(C)(C)C(=O)NCc2ccccc2F)C(=O)C=C1c1ccccc1Cl,-9.1,0.929,2.624989104848275,-9.7,seed999
[C@](O)(c1ccccc1Br)C1CCN(C(=O)c2ccccc2)CC1,-8.6,0.954,2.091936975771036,-10.2,seed999
[C@]1(CC(C)C)CCCN(Cc2nc(-c3ccc(F)cc3)no2)C1,-8.2,0.913,2.6018803324143924,-10.6,seed999
CN(Cc1cccc([N+](=O)[O-])c1)C(=O)c1cccnc1SCc1ccccc1,-8.8,0.414,2.1307842754318944,-9.9,seed999
N[NH+]1c2ccccc2C[C@H]1C(=O)Nc1ccc(C(F)(F)F)cc1,-8.3,0.817,3.810030741047212,-10.4,seed999
[C@H](C)NC(=O)c1cccc(C#Cc2c(F)cccc2OC(F)F)c1,-8.4,0.946,2.8024867649544287,-10.3,seed999
[C@H]1c2ccccc2C(=O)N1CCCN1CCN(c2ccc(C#N)c[nH+]2)CC1,-8.3,0.891,3.609002300689044,-10.4,seed999
[C@H]1C(=O)[C@H](N2C[C@@H](C[NH+](C)Cc3ccccn3)[C@@H]2C(=O)NC[C@H](c2ccccc2)Nc2ncccn2)C1,-9.4,0.437,4.918383291304741,-9.3,seed999
[C@H]1C(=O)c2ccc(OC(=O)c3cccc(Br)c3)cc2N1,-8.3,0.757,2.6183352285898174,-10.4,seed999
COc1cccc(C2=CC[C@@H](CNC(=O)c3ccc4c(c3)CCN4CCCOC)C2)c1,-8.4,0.694,2.956840620675603,-10.3,seed999
[C@](C#Cc1cccc(Cl)c1)[C@H](CC(=O)Nc1ccccc1C(F)(F)F)NC1(C#N)CCCC1,-9.8,0.618,3.570482081578024,-8.9,seed999
[C@]1([C@H](Cc2ccccc2)c2ccc(O)cc2)CCCN(C(=O)c2ccc(Br)o2)C1,-9.3,0.629,3.0616438166164084,-9.4,seed999
[C@H]Oc1ccc(NC(=O)c2cnc(C(=O)Nc3cc4c(cc3F)SCCC4)cc2)cc1OC,-8.6,0.623,2.8397906362328182,-10.1,seed999
[C@H]Oc1ccccc1Oc1ccc(F)cc1NC(=O)Cc1ccccc1,-9.2,0.772,2.184847951002123,-9.5,seed999
[C@H]Oc1ccc([C@@H](CNC(=O)COc2ccc(F)c([N+](=O)[O-])c2)C(F)(F)F)cc1,-8.5,0.485,3.2663374179517826,-10.2,seed999
[C@H](C(=O)c1ccc(Cl)cc1)c1c[nH]c2nc(-c3cccs3)nn12,-8.2,0.653,3.1162883378418016,-10.5,seed999
[C@](C#CCNNC(=O)N1Cc2ccccc2C[C@@H]1C(=O)N1CCN(C)CC1)c1cccc([N+](=O)[O-])c1,-9.6,0.365,3.7321660803079775,-9.1,seed999
NS(=O)(=O)c1cccc(C(F)(F)F)c1NCc1nc2ccccc2c(=O)[nH]1,-8.9,0.703,2.57482118013324,-9.7,seed999
[C@H]Oc1cccc(NC(=O)COc2ccccc2[C@@H]2CCCN2C(=O)C2CCCC2)c1,-8.9,0.791,2.911177543752524,-9.7,seed999
[C@H]C1=N[C@@H](NS(=O)(=O)c2ccc(NC(=O)c3ccccc3Cl)cc2)C(C)(C)C1,-8.8,0.856,3.2713355906069967,-9.8,seed999
[C@H]Oc1cccc(C(=O)N[C@@H](Cn2cc[nH+]c2)c2c[nH]c3ccccc23)c1,-9.0,0.635,3.962061165181918,-9.6,seed999
[C@H]Oc1ccc(NC(=S)Nc2ccccc2[N-]S(=O)(=O)c2ccccc2)cc1,-8.8,0.641,3.136030621585739,-9.8,seed999
[C@H]Oc1ccccc1CC(=O)N1CCC(C(=O)NN[C@@H]2CC[NH+](C)C2)CC1,-8.6,0.664,4.321908438402909,-10.0,seed999
[C@H](CNC(=O)Cc1cccc2ccccc12)[NH+]1CCCCC1,-8.1,0.945,3.2438260790802484,-10.5,seed999
[C@H](C)Cn1c(=O)n(CC(=O)NCCN2CCc3cc(Cl)ccc32)c2nc3c(F)cccc3nc21,-9.1,0.518,3.071810117006681,-9.5,seed999
C[C@H](CNC(=O)c1ccccc1F)N1CCN(c2cccc[nH+]2)CC1,-8.7,0.877,3.4301773840190783,-9.9,seed999
C[C@H]1COC[C@@H](C)N1C(=O)c1ccc(NC(=O)C[C@@H]2CCCO2)cc1,-8.0,0.889,3.2546879305614045,-10.6,seed999
[C@H]Oc1ccc(Br)cc1NC(=O)COc1cccc2ccccc12,-8.4,0.776,2.2442896601773104,-10.2,seed999
[C@H]Oc1ccc(OCC(=O)N[C@@H](C)c2ccoc2)cc1NC(=O)c1ccccc1,-8.7,0.688,2.957429345545311,-9.9,seed999
Cc1csc(Nc2ccc(Cl)c(C(=O)NC3CCCCC3)c2)n1,-8.5,0.904,2.0796663464004066,-10.1,seed999
[C@]1(CO)CCC[C@@H]1CC(=O)NC[C@@H](c1ccc(Cl)cc1)N1CCc2ccccc21,-9.4,0.7929999999999999,3.4455328126715274,-9.2,seed999
[C@]1(CCCOc2ccc(Cl)c(C)c2)Nc2ccc(C(=O)[O-])cc21,-8.0,0.907,2.9562091220862605,-10.6,seed999
N#C/C(=C\C1=CCCCC1)Nc1cc(-c2cccnc2)ccc1O,-8.6,0.709,2.889856320473534,-9.9,seed999
CNc1cccc(CNC(=O)c2ccc(C[NH+]3CSCC3)cc2)c1,-8.2,0.829,3.589526204579707,-10.3,seed999
[C@H]Oc1cccc(OCC(=O)N[C@H](C)CCc2c[nH]c3ccccc23)c1,-8.0,0.731,2.890072252690711,-10.5,seed999
[C@H]Oc1ccccc1-n1c(C)cc(C(=O)N[C@@H](C)c2nc(-c3ccccc3)no2)c1C1CC1,-8.7,0.504,3.309627749705367,-9.8,seed999
[C@H]1CC[C@@H](c2nnnn2-c2ccccc2)[C@H](c2ccccc2)[C@@H]1O,-9.5,0.886,3.6247535720475854,-9.0,seed999
[C@H](CN1CCC[C@@H](C(=O)N2CCC[C@H](C(N)=O)C2)C1)c1ccccc1,-8.4,0.865,3.167386435019252,-10.1,seed999
[C@H]Oc1cccc(-c2csc(N3CCN(C(=O)c4ccccc4Cn4cc[nH+]n4)CC3)n2)c1,-9.4,0.523,3.3654668978961366,-9.1,seed999
[C@H](CCN(C)C(=O)NCc1nc(C2CCCCC2)n[nH]1)c1ccc(Cl)cc1,-8.2,0.823,2.903477441127963,-10.3,seed999
[C@H]1CN(C(=O)C(=O)NC[C@@H]2CCC(O)(CC(F)(F)F)C2)CCC1(C)C,-8.3,0.834,4.293663214582972,-10.2,seed999
[C@H]OC(=O)[C@@H]1C=C(NC(=O)C(=O)Nc2ccc(Oc3ccccc3C)cc2)C1,-8.1,0.696,3.1869691954636785,-10.4,seed999
[C@H]Oc1ccc(-n2cccn2)c(NC(=O)C(=O)N2N=C(C(=O)c3ccccc3)[C@H]2c2ccccn2)c1,-10.1,0.416,3.615531778015796,-8.4,seed999
[C@H]1CC(C)(C)c2ccc(NC(=O)CN3CCN(c4ccccc4F)[C@@H]3C(=O)OC(C)(C)C)cc2O1,-9.5,0.714,3.619095960036997,-9.0,seed999
[C@H](C(N)=O)c1cc(C(=O)N2CCO[C@@H]3CCCC[C@H]32)ncc1C(C)C,-8.5,0.885,3.768470775678592,-10.0,seed999
[C@H]1C(=O)[C@H]([NH+]2CCC(c3ccccc3[N+](=O)[O-])CC2)N=C1COC(=O)c1cccc([N+](=O)[O-])c1,-9.1,0.4509999999999999,4.143388009496221,-9.4,seed999
[C@H]Oc1cc(C)ccc1NC(=O)C(=O)NCC1(CC2CCCC2)CCCCC1,-8.6,0.783,2.8786340831242008,-9.9,seed999
[C@H]Oc1c(C(=O)NN[C@H](C)c2cccn2C)cccc1-c1ccncc1,-8.1,0.752,3.412041915892376,-10.4,seed999
[C@H](CNC1CC[NH+](Cc2cc(F)ccc2F)CC1)c1ccccc1,-8.4,0.911,3.609524012781227,-10.1,seed999
[C@H]1CCCC[C@@]1([NH3+])C(=O)Nc1ccc2c(c1)CCC2,-7.9,0.916,3.5804087976606587,-10.6,seed999
[C@](CC(=O)NCc1ccc2c(c1)CCC[NH2+]2)NCc1ccc(F)cc1,-8.3,0.489,3.535431847346296,-10.2,seed999
[C@](O)(c1ccccc1)[C@@H]1CCC[C@](N)(OCc2cccnc2)C1,-8.7,0.91,3.553604104996696,-9.8,seed999
N[C@@H]N1C(=O)/C(=C/c2ccccc2OCc2ccccc2)C([O-])=NC1=S,-8.5,0.722,3.118605996740168,-9.9,seed999
[C@H](c1ccccc1)[C@@H]1CCCN1c1ccc(F)c(Cl)c1,-8.2,0.871,2.8895525533134485,-10.2,seed999
[C@H]1CCC[C@H](Cc2cccc(CCCNC(=O)c3ccncc3)[nH+]2)C1,-8.0,0.869,3.982282997324691,-10.4,seed999
[C@H](Cc1ccc(Cl)cc1)C(=O)c1c(N)n(C)c2ccccc12,-8.3,0.819,2.52501616115698,-10.1,seed999
[C@H]1CCN(Cc2cccc(OCC(=O)NCCc3ccccc3)c2)C1,-8.2,0.885,2.191778471103877,-10.2,seed999
[C@H]Oc1cc(C)c(NC(=O)CSc2nnnn2Cc2ccccc2)cc1C(=O)[O-],-8.4,0.629,2.911934527524979,-10.0,seed999
[C@H]1CCN(C(=O)Cn2nc(CC(=O)Nc3ccc(F)cc3)nn2)[C@@H]1C,-8.2,0.946,3.323795260508785,-10.2,seed999
[C@H](N)C1CC[NH+](CC(=O)O[C@@H]2c3ccccc3C(=O)N2Cc2ccccc2)CC1,-9.2,0.8059999999999999,4.104320190242783,-9.2,seed999
[C@H]1CC[C@@H](Cn2cc(-c3c[nH]c4ccccc34)nn2)C1,-8.2,0.868,3.298138866310797,-10.2,seed999
[C@H]1C=C(C(=O)Oc2cccc(CC[NH+]3CCCC3)c2)CCC1,-8.3,0.747,4.011245960737052,-10.1,seed999
[C@H]1C(=O)N(CCC[NH+](C)Cc2cnc(-c3ccccc3)o2)C(=O)c2ccccc21,-8.1,0.708,3.9338262341988255,-10.3,seed999
[C@H]1C(C)=NC2=C(C(=O)C[C@@H](c3cc(Br)ccc3)N2)c1,-8.3,0.943,3.86776739905926,-10.1,seed999
[C@H](C(=O)Nc1ccc2oc(C3CCCCC3)nc2c1)[C@@H]1CSCCO1,-8.2,0.868,3.514645991087685,-10.2,seed999
[C@H]Oc1cccc(CNC(=O)[C@H]2CCCN(Cc3ccccc3)C2)c1OC(F)F,-8.3,0.8089999999999999,2.9630612269169525,-10.1,seed999
[C@H](c1ccccc1Br)CN1C=C(c2ccccc2)N=N1,-8.1,0.8059999999999999,2.4586258345048666,-10.3,seed999
[C@H]Oc1cccc(N2CCN(C(=O)N(C)[C@@H](C)CN3C[C@@H]4CCC[C@@H]4C3)CC2)c1,-8.0,0.844,3.824260127308044,-10.4,seed999
[C@H]Oc1cc(C(=O)N2CCC(c3noc(=O)n3-c3ccccc3)CC2)ccc1NC(=O)C(C)C,-9.4,0.6809999999999999,2.8540027270384005,-9.0,seed999
[C@H](C(=O)NCc1ccc(F)cc1)C1(Cc2ccccc2)CCC1,-8.6,0.936,2.368090122624184,-9.8,seed999
[C@H]1C(=O)c2ccccc2C(=O)N1c1ncccn1,-8.6,0.834,2.66442252658363,-9.8,seed999
[C@]Sc1cccc(C(=O)N[C@H]2C[C@@H]2Cc2ccc(Cl)cc2)c1,-8.1,0.907,3.3138253142711243,-10.3,seed999
[C@](C#Cc1cccc(C(=O)[O-])c1)c1ccccc1F,-8.1,0.842,3.0504540717296456,-10.3,seed999
[C@](C#Cc1ccc(C(=O)[O-])cc1)[C@@H]1CN(Cc2ccccc2)[C@H](C)O1,-8.4,0.88,3.987936435019252,-10.0,seed999
[C@](CNC(=O)c1cccc2ccccc12)NC1CN(C(=O)c2csnn2)C1,-8.3,0.582,2.916716494382401,-10.1,seed999
[C@]1(CCCNC(=O)[C@H]2CCO[C@@H]2c2ccccc2)CN(Cc2ccccc2)C1,-7.7,0.7929999999999999,3.277854797914279,-10.7,seed999
[C@H]Oc1ccccc1CCCCNC(=O)c1ccc(C(F)(F)F)cc1,-7.8,0.827,2.2916758515612585,-10.5,seed999
[C@H]1CC[C@@H](C)[C@H](NCc2ccc(OCc3ccccc3)cc2)C1=O,-8.0,0.956,3.1080576182172432,-10.3,seed999
[C@H]1C(=O)N(C2CCCC2)C2(CCCC2)C1C(=O)/C([O-])=N/c1ccc(Cl)cc1,-8.9,0.6689999999999999,4.334599835944472,-9.4,seed999
O[C@H]1CCC[C@H]1N[C@@H]1CCCC[C@H]1C[NH+](Cc1ccc(F)cc1)C1CC1,-8.5,0.778,4.569064143841013,-9.8,seed999
[C@H]Oc1ccccc1N1CCN(Cc2csc(NC(=O)CCc3ccccc3)n2)CC1,-8.5,0.659,2.427748843078305,-9.8,seed999
[C@H]1CCN(C(=O)c2ccc(OCc3ccccc3)c(F)c2)C1,-8.4,0.945,2.191171434109835,-9.9,seed999
[C@H](C)n1ncc2c1CC[C@H](Cc1c[nH]c3ccccc13)C2,-8.4,0.858,3.408605500284532,-9.9,seed999
[C@H](C)[C@H](NC(=O)NC[C@@H](c1c[nH]c[nH+]1)c1ccco1)c1ccc2c(c1)OCCO2,-8.9,0.651,4.463738514028993,-9.4,seed999
[C@H](CNC(=O)N[C@H]1CC(=O)N(CC(F)(F)F)C1)c1cccc(C#N)c1,-8.4,0.923,3.4157469492364694,-9.9,seed999
[C@]1(C)CC[C@H](CNC(=O)CSc2nnnn2-c2cccc(F)c2)C1,-7.8,0.892,3.0838957411301138,-10.5,seed999
[C@H]1CCN(C(=O)c2ccc(Cl)cc2N2CCc3ccccc32)C1,-8.7,0.91,2.531242872859023,-9.6,seed999
[C@H]Oc1cc(CN2CCC[C@H](NC(=O)c3ccc(F)c(F)c3)C2)cc(Br)c1OC(C)C,-8.7,0.6709999999999999,3.153862230693491,-9.6,seed999
[C@H]Oc1ccc(Cl)c(NC(=O)c2ccnc(N3CCCC3)c2)c1,-8.2,0.91,2.441797814931876,-10.1,seed999
[C@H]1C(=O)N2CCC[C@@](C(=O)Nc3ccccc3F)[C@@H]2C1,-8.6,0.876,3.459287692221727,-9.7,seed999
[C@H]1CCN(C(=O)CNC(=O)[C@@H](Oc2ccccc2)c2ccccc2)C1,-8.7,0.96,2.810306678012756,-9.6,seed999
[C@H](C)CCN1CC[C@@](Cc2cc(C#N)ccc2F)c2ccccc21,-8.2,0.879,3.072739158505069,-10.1,seed999
[C@]1(c2ccccc2)N[C@@H](C(=O)Nc2ccc([N+](=O)[O-])cc2)C1,-8.1,0.75,2.656946775500657,-10.2,seed999
[C@]1(CCC(=O)NC[C@@H](C#N)c2ccc(F)cc2)CCCN1Cc1ccccc1,-8.6,0.83,3.0824422395136457,-9.7,seed999
[C@H]1C(=O)N2CCCC[C@@H]2[C@H]2c3ccccc3C(=O)N21,-8.8,0.788,3.6006699815279664,-9.4,seed999
[C@H]Oc1ccccc1NC(=O)N(C)C/C(C)=C/c1ccc(N2CCCC2=O)cc1,-8.3,0.872,2.768086497506218,-9.9,seed999
[C@]1(CCNC(=O)Cc2ccon2)CCCc2ccccc21,-8.3,0.898,2.7853441167100854,-9.9,seed999
[C@](O)(CNC(=O)[C@@H]1C[C@@H]1c1ccccc1)c1ccc2c(c1)OCO2,-8.3,0.867,3.135382013821639,-9.9,seed999
[C@]12C[C@@H](C(=O)N3CCC[C@@H]3CCc3ccccc3)[C@H]1CC[C@@H]2O,-8.3,0.908,3.808426369103844,-9.9,seed999
n1cc(-c2nnc(SCc3csc4ccccc34)n2N)ccc1Cl,-8.3,0.409,2.4864565402537533,-9.9,seed999
[C@H]S[C@H]1[C@H](CNC(=O)c2ccccc2Cl)c2ccccc2S1(=O)=O,-8.7,0.864,3.677198398929068,-9.5,seed999
[C@H]Oc1ccccc1C(=O)N1CC[C@H]([NH2+]Cc2ccnc(C(=O)NC)n2)C1,-8.0,0.819,4.117511750040097,-10.2,seed999
[C@H](C)[C@@H](C)[C@@H](CNC(=O)c1cccc(OC(F)F)c1)c1ccccc1,-8.1,0.835,3.1146415449093627,-10.1,seed999
[C@H](C)c1ccc(CN2CCN(C(=O)[C@@H]3CC=CCC3)CC2)cc1,-8.0,0.877,2.923506678565982,-10.2,seed999
[C@H]1C[C@@H](C(=O)NC2CCN(c3ccc(F)c(Cl)c3)C2)CC1,-8.0,0.91,3.337757665428625,-10.2,seed999
[C@]1(C(=O)N/C=C/c2ccccc2)O[C@H]1Cc1ccc(O)cc1,-8.0,0.913,3.151612485798424,-10.2,seed999
[C@]([C@@H]1CCCCN1C(=O)c1[nH]c2ccccc2c1C)C(=O)N1CCCCC1,-9.1,0.884,3.1767319913372614,-9.1,seed999
[C@](O)(c1ccccc1)[C@@H]1CCCCN1C(=O)CN1CCc2ccccc21,-9.7,0.9,2.7792888356866623,-8.5,seed999
[C@](C#Cc1ccccc1)C(=O)N/N=C/c1ccc(Oc2ccccc2)cc1,-8.5,0.508,2.512952307991867,-9.7,seed999
[C@H]OC(=O)COc1ccccc1/C=C1\N=C(c2ccc(OC)cc2)C(=O)N=C1SC1CCCCC1,-8.9,0.581,3.194973164084073,-9.2,seed999
[C@H]1CCCc2sc(C(=O)N3CCC[C@@H]3CN3CCO[C@@H](C)C3)cc21,-8.2,0.923,3.743914541294165,-9.9,seed999
[C@H]Oc1cccc(NC(=O)c2ccccc2Cn2ccc(C#N)c2)c1,-8.4,0.856,2.6788358515612583,-9.7,seed999
[C@H]1CCCN(C(=O)[C@@H]2CC(=O)N(CCc3ccccc3)C2)C1,-7.8,0.932,2.915024985798423,-10.3,seed999
[C@H]O/N=C1\S/C(=C\c2ccccc2)C1C(=O)Nc1ccc(OC(F)(F)F)cc1,-8.6,0.7959999999999999,3.5150562825732585,-9.5,seed999
[C@H]Oc1ccc(NC(=O)c2nn(-c3ccccc3)nc2C)c(C=O)c1OC,-7.9,0.756,2.917293978032353,-10.2,seed999
[C@H]1CCCN(c2ccc(-c3ncccc3Cl)cc2)C1,-8.4,0.894,2.4721808116563846,-9.7,seed999
[C@H](CC(=O)N1CCC[C@H]1CN1CCc2ccccc21)c1ccccn1,-8.3,0.923,3.1284617915034847,-9.8,seed999
[C@H]Oc1cccc([C@H]2C[C@@H]2C(=O)N2CCC[C@@H]2C(=O)Nc2ccccc2)n1,-8.5,0.867,3.5506818078187505,-9.6,seed999
[C@H]Oc1c[nH+]cc(C(=O)N2CCC(CCc3ccccc3)CC2)c1,-8.2,0.929,3.1922919248691395,-9.9,seed999
[C@H]Oc1ccc(Cl)cc1CCNC(=O)NCc1cccc(F)c1,-8.2,0.928,2.3725596546306384,-9.9,seed999
[C@H]1CC[C@@H](C(N)=O)[C@H]1C#CCNC(=O)c1ccc(Cl)cc1,-8.2,0.916,3.689910338179603,-9.9,seed999
[C@H]1C(C)(C)C[C@@]1(O)CCNc1nc(C(C)(C)C)nc2cc(F)ccc12,-8.4,0.951,3.5438709546275744,-9.7,seed999
[C@H](C)c1ccc(C(=O)N[C@H](CSc2cnn(C)c2)c2ccccc2)cc1,-8.5,0.717,2.997258098844558,-9.6,seed999
[C@H](C(=O)NNC(=O)c1c(F)cccc1Cl)c1c(Cl)cccc1Cl,-8.3,0.883,2.485546366380428,-9.8,seed999
[C@H]1c2ccccc2C(=CCN(CCn2cc(Cl)cn2)S(=O)(=O)c2cccs2)C1,-8.9,0.638,3.2836759207310395,-9.2,seed999
[C@H](c1cc(F)cc(F)c1)[NH+](C)[C@@H]1CS(=O)(=O)c2ccccc21,-8.6,0.91,4.207024665739329,-9.5,seed999
[C@H](C)c1ccccc1CN1C[C@H](c2ccncc2)n2cccc2C1=O,-8.4,0.8109999999999999,3.3820598919221343,-9.7,seed999
C[C@](O)(CNC(=O)CCC(=O)N1CCCCC1)c1ccccc1[N+](=O)[O-],-8.4,0.646,2.804421021921481,-9.7,seed999
[C@](C#C[C@@H]1CCCN1C(=O)c1ccc([N+](=O)[O-])s1)c1ccc(F)cc1,-8.5,0.5599999999999999,3.521258965817561,-9.6,seed999
[C@]1(Cc2ccnn2C2CCC(CNC(=O)c3ccco3)CC2=O)CC[C@H]1[NH3+],-8.1,0.88,4.516042754564314,-10.0,seed999
[C@](O)(c1ccc(F)cc1)N1CCC([NH+](C)CC(=O)Nc2ccccc2)CC1,-8.3,0.8039999999999999,3.589333128661475,-9.8,seed999
[C@]1(C[NH2+][C@H]2CC[C@@H](C(F)(F)F)O2)[C@@H](O)[C@@H](O)c2ccccc21,-8.5,0.847,5.042966314010147,-9.6,seed999
[C@](C#CNC(=O)N1CCC[C@H]1c1ccccc1F)[C@H]1CCCCC1,-8.8,0.718,3.4942864243599274,-9.3,seed999
[C@]1(c2cccnc2)O[C@H]([NH2+]Cc2ccc(C[NH+]3CCCC3)cc2)CS1,-8.4,0.89,4.977503845557539,-9.7,seed999
[C@H]Oc1ccccc1COc1ccc(C(=O)NC[C@@H](O)CN2C[C@@H](C)O[C@H](C)C2)cc1,-8.5,0.721,3.489874355930626,-9.5,seed999
[C@H]Oc1cccc(C(=O)Nc2cc(F)ccc2F)c1,-8.3,0.9,2.20310525702234,-9.7,seed999
[C@H](c1cccc([N+](=O)[O-])c1)N(C)Cc1ccc(Cn2ccnc2)cc1,-7.9,0.57,2.634951236176642,-10.1,seed999
[C@H](C)n1nnnc1CSc1nnc(C2CC2)n1Cc1cccc2ccccc12,-8.4,0.528,2.8390643926926824,-9.6,seed999
[C@H]1c2ccc(C(=O)N3CCC[C@@H]3c3nc4ccccc4[nH]3)cc2S1,-9.1,0.846,3.155647250857373,-8.9,seed999
[C@H](N)c1cc(Br)ccc1OCc1cc(F)c2c(c1)OCO2,-8.2,0.896,2.699951312739861,-9.8,seed999
[C@H]1CCC[C@H](C[NH2+]Cc2cc(C(=O)OCC(F)(F)F)ccc2Cl)C1,-8.0,0.866,4.001702350225106,-10.0,seed999
[C@H](C(=O)Nc1c(C(=O)[O-])cnn1C)c1ccc(C(F)(F)F)cc1,-8.4,0.888,3.098116944189714,-9.6,seed999
[C@H]Oc1ccccc1NC1CCN(S(=O)(=O)c2ccc(C(C)C)cc2)CC1,-9.0,0.891,2.432461791797536,-9.0,seed999
[C@H](CCNC(=O)NCC(=O)Nc1ccc(Cl)cn1)c1ccccc1F,-8.4,0.741,2.52144126867935,-9.6,seed999
[C@H]1CCCN(C(=O)NCc2ccccc2C(=O)Nc2nccs2)C1,-8.6,0.876,2.5995598369570523,-9.4,seed999
[C@H]1C(C#N)C(=O)N(CCN2C(=O)c3ccccc3C2=O)C=C1,-8.1,0.858,3.482380770537878,-9.9,seed999
[C@H]1C(=NNN2CCN(c3ccc(Br)cc3Cl)CC2)N[C@@H]1C(C1CC1)C1CC1,-7.7,0.728,3.933377210895032,-10.3,seed999
[C@H]Oc1cc(OC)ccc1C(=O)N1CC[C@H](c2ccccc2F)C1,-8.7,0.942,2.845059178076797,-9.3,seed999
[C@H]Oc1cc(C(=O)NCc2nnc(-c3ccc(Br)s3)n2-c2ccccc2)cc(OC)c1,-8.5,0.479,2.756376132297298,-9.5,seed999
[C@H](C[NH2+]C1CCN(C(=O)c2cnn(Cc3ccccc3)c2N)CC1)c1ccccc1,-8.5,0.713,3.1392855711997294,-9.5,seed999
[C@H]Oc1ccc(C(=O)C(=O)N[C@@H](CO)c2ccccc2)cc1F,-8.1,0.711,3.010193805431654,-9.9,seed999
[C@](C#N)([C@H](N)c1nc2ccccc2s1)[NH+]1CCCc2ccccc21,-8.4,0.853,4.274143112722738,-9.6,seed999
[C@](C#C/N=C(\C#N)C(=O)NCc1ccccc1)c1ccc(Cn2cccn2)cc1,-8.3,0.608,3.0831954192587814,-9.7,seed999
[C@](C#CNC(=O)N[C@H](CO)c1ccc(Cl)cc1)c1ccc(F)c(F)c1,-8.2,0.658,3.425832109293803,-9.8,seed999
[C@](C#N)(NC(=O)N[C@@H](C)c1ccc(OC2CCCC2)c([N+](=O)[O-])c1)c1ccccc1,-8.4,0.602,3.1344015380466894,-9.6,seed999
[C@](C#N)c1cccc(NC(=O)C(=O)N2CCN(c3ccccc3C(=O)N(C)C)CC2)c1,-8.2,0.843,2.673180096175342,-9.8,seed999
[C@](C#N)(Oc1cccc(C(N)=O)c1)NC[C@@H]1CN(Cc2ccccc2)C1,-7.9,0.839,2.521649655783828,-10.1,seed999
[C@H](C(=O)N1CCC(/C(c2ccccc2)C2CCCC2)S1)c1ccccc1,-9.0,0.736,3.772228149844731,-8.9,seed999
[C@H]1CCN(C(=O)CCn2nc(-c3ccccc3)nn2)C1,-8.1,0.916,2.619083983135896,-9.8,seed999
[C@H](N)c1ccc(F)cc1NC(=O)c1ccnc(C(F)(F)F)c1,-8.8,0.936,2.604514895648297,-9.1,seed999
[C@H]1CC(C(=O)NCC(C2CC2)[C@H]2C[C@@H]2C(=O)[O-])=N/C1=N\c1ccc(O)cc1,-8.3,0.828,4.650509229182813,-9.6,seed999
[C@H]Oc1cc(NCc2ccc(Cl)cc2)ccc1NC(=O)c1ccco1,-8.3,0.744,2.352003159253565,-9.6,seed999
[C@H]1CCC[C@@H]1NC(=O)c1ccc(NC(=O)CC2(O)CCOCC2)cc1,-8.1,0.842,3.257315845557539,-9.8,seed999
[C@H]1C=C(C(=O)N[C@@H]2CCN(c3ccccc3)N2)CC1(CO)C(N)=O,-8.5,0.6799999999999999,4.341193229076971,-9.4,seed999
O[C@H](CCc1nc2sc(C3CC3)nc2c(=O)[nH]1)c1ccccc1,-8.1,0.835,3.065883403333752,-9.8,seed999
[C@H]1CCN(C(=O)c2cccc3c2NC(N)(c2ccccc2)N(C)[C@@H]3O)c1=O,-9.3,0.776,4.144937982542979,-8.6,seed999
[C@H]OC(=O)C1CCN(C(=O)Nc2ccc(CS(N)(=O)=O)c(C(F)(F)F)c2)CC1,-7.7,0.8009999999999999,2.852491852354971,-10.2,seed999
[C@H](C)n1ccc(NC(=O)C(=O)Nc2cccc(F)c2)n1,-8.0,0.916,2.679415245940889,-9.9,seed999
[C@H]1CCN(C(=O)/C=C/c2cccc(-n3cccn3)c2)C1,-8.2,0.88,2.7751418710107334,-9.7,seed999
[C@H](C)C(=O)NCc1ccccc1NC(=O)C(=O)Nc1ccccc1Cl,-8.0,0.7979999999999999,2.190640466945874,-9.9,seed999
[C@H]1CCN(C(=O)c2nccc(Oc3ccccc3)c2)C1,-8.0,0.938,2.408056864491829,-9.9,seed999
[C@H]1C(C)(C)C[C@@H]1C(=O)Nc1ccc(C(=O)NCCCN2CCOCC2)cc1,-8.0,0.8009999999999999,2.8629401663606195,-9.9,seed999
[C@]1(COc2ccccc2)c2cc(Cl)ccc2NC1=O,-8.2,0.911,2.2938405519161247,-9.7,seed999
[C@]=CCC(=O)N(C)Cc1nnc(Nc2ccc(C)c(C)c2)s1,-7.9,0.87,2.9591276447025194,-10.0,seed999
[C@]1(COc2ccc(C(F)(F)F)cc2)CCSc2ccccc21,-8.0,0.847,2.527850829714229,-9.9,seed999
[C@]1(c2cccs2)NC(=O)N(c2ccc(OC(F)(F)F)cc2F)C1,-8.2,0.938,2.903902513358449,-9.7,seed999
[C@]1(COc2ccccc2C(N)=O)C[NH+]1Cc1cccc([N+](=O)[O-])c1,-8.2,0.524,3.536639947307568,-9.7,seed999
[C@](C#Cc1csc(-c2ccccc2)n1)NC1CCC(O)CC1,-8.2,0.756,3.083951996240012,-9.7,seed999
[C@](CO)c1ccc(F)c(Sc2nnc(C(C)(C)C)n2-c2ccccc2)c1,-8.4,0.8089999999999999,2.900850775027412,-9.5,seed999
[C@]1(c2cccs2)NC(=O)N(CC(=O)N2CCN(c3ccc(F)cc3)CC2)C1=O,-8.1,0.871,2.578111967739586,-9.8,seed999
[C@]#CC(c1ccccc1Cl)C(=O)N[C@H]1COc2ccccc2O1,-8.0,0.862,3.680770601187072,-9.9,seed999
[C@H]Oc1cccc2cc(C(=O)N[C@@H](C)C(=O)NCc3cccnc3)cn12,-8.0,0.79,3.325430481380941,-9.8,seed999
[C@H]1CCCN(S(=O)(=O)c2ccc(-n3nnnc3CN3CCCOC3)cc2)C1,-8.5,0.825,2.970713887836075,-9.3,seed999
[C@H](C)C[C@H]1CCC[NH+]1Cc1c[nH]nc1-c1cccc(F)c1,-7.8,0.949,4.899063213978436,-10.0,seed999
[C@H]Oc1ccc(C(=O)Nc2cccc(F)c2F)cc1[N+](=O)[O-],-8.4,0.775,2.415807972571372,-9.4,seed999
[C@H]1CCCN1C(=O)CC[NH+]1CCC(Cc2ccccc2)CC1,-8.0,0.959,3.881965487364272,-9.8,seed999
[C@H](CCN[C@@H]1CC(=O)N(CC(F)(F)F)C1)c1ccc2c(c1)COC2,-7.8,0.888,3.661837684864128,-10.0,seed999
[C@H](CNC(=O)CNc1ccc([N+](=O)[O-])c(Cl)c1)N1CCCc2ccccc21,-7.7,0.641,2.747405881917942,-10.1,seed999
[C@H]1C(=O)N(CCCCCn2ccc([N+](=O)[O-])n2)C(=O)N1c1ccccc1,-7.8,0.3929999999999999,2.961023668257841,-10.0,seed999
[C@H]1C[C@H](C(=O)[O-])[C@@H](C(=O)NCc2cccc3ccccc23)S1,-8.3,0.908,3.705401138446949,-9.5,seed999
[C@]1(Cc2ccccc2)NC(=O)N(C[C@@H]2CCCO2)C12CCCC2,-8.3,0.907,3.672307000785402,-9.5,seed999
[C@](C#Cc1ccccc1)[C@H]1CCCC[NH+]1Cc1cc(O[C@@H]2CC[C@H]([NH3+])C2)c[nH]1,-8.5,0.762,5.471700951963879,-9.3,seed999
[C@]1(c2cccc(F)c2)NC(=O)N1c1cccc(F)c1,-8.4,0.863,2.412866892242466,-9.4,seed999
[C@]Oc1ccc(CN[C@H](c2ccc([N+](=O)[O-])cc2)C(F)(F)F)cc1OC,-8.0,0.6729999999999999,3.1630757889854024,-9.8,seed999
[C@]1(c2ccccc2)OCCO[C@@H]1CN/C=C1\C(=O)N(c2cnccc2Cl)C1,-8.8,0.714,3.711629811725248,-9.0,seed999
[C@]1(C[NH2+]Cc2cccc(Cl)c2)C(n2c(C)cc(C)c2C)C1,-7.9,0.955,4.115182414949963,-9.9,seed999
[C@]1(C#N)c2ccc(C(=O)NCc3ccccc3F)cc21,-7.9,0.907,2.324388669885364,-9.9,seed999
S=C1C[C@@]2(CCCN(Cc3cccnc3)O2)CCN1Cc1ccc(Cl)cc1,-8.6,0.777,3.838423242917245,-9.2,seed999
[C@H](C(=O)Cc1ccc(F)c(F)c1)c1ccccc1O,-8.1,0.898,2.386731381840919,-9.7,seed999
[C@H](C)c1ccc(C(=O)Nc2ccc(F)cc2Br)cc1,-8.1,0.871,2.105118899983154,-9.7,seed999
[C@](O)(c1ccccc1)C(=O)/C=C/c1ccccc1O,-8.1,0.904,2.34451304608862,-9.7,seed999
[C@]1(c2ccc(Cl)cc2)NC(=O)N(c2ccc(Cl)cc2)C1,-8.1,0.87,2.4171481840554065,-9.7,seed999
[C@](C#N)(CNC(=O)N[C@H]1C=C[C@@H](C(=O)[O-])CC1)c1ccc(F)cc1,-8.1,0.854,4.188547193418161,-9.7,seed999
[C@H]1C=CC(=O)N1CCCNC(=O)c1ccc(Nc2ccccc2)nc1,-7.9,0.843,2.6308417525096246,-9.8,seed999
[C@H](c1ccc(Cl)cc1)/[NH+]=C(\NCc1cccc(N(C)C)c1)N1CCO[C@H](C#N)C1,-9.3,0.654,3.8228356476769134,-8.4,seed999
[C@H](CO)c1ccccc1C(=O)Nc1cccc(C(=O)N(C)C)c1,-8.4,0.869,2.266905878743064,-9.3,seed999
[C@H](C)Oc1ccc(C(=O)Nc2cc[nH+]c(NCC[NH+]3CCCC3)c2C)cc1,-7.9,0.744,4.428570932252223,-9.8,seed999
[C@H]Oc1ccc(OCCNC(=O)c2ccc(OCC3CCCCC3)cc2)cc1,-7.9,0.73,2.279938126276172,-9.8,seed999
