smiles,qed,sa,egfr,her2,source
COc1ccccc1CNC(=O)NCc1cc(-c2ccccc2)nc2ccccc12,0.4859,2.9708,-10.4,-10.3,seed42
Cc1cccc(-n2cc(C(=O)N3CCC(C(=O)Nc4ccccc4C)CC3)nc2C)c1,0.69,3.2734,-9.8,-10.8,seed42
C[C@@H](NC(=O)C1=CCN(c2ccccc2)CC1)c1ccc2c(c1)CCC(=O)N2,0.8586,3.9412,-9.4,-10.6,seed42
CNC(=O)Cc1cccc(NC(=O)Nc2ccccc2C(=O)Nc2ccccc2F)c1,0.4848,2.9597,-9.9,-9.9,seed42
CCNC(=O)c1cc(NC(=O)N2CCC[C@H](C(=O)Nc3ccccc3)C2)cc(C)c1C,0.6817,3.5837,-9.5,-10.2,seed42
C[C@@H]1Oc2ccccc2C(=O)N1CCCNC(=O)C(=O)Nc1ccc(F)c(F)c1,0.5924,3.9006,-9.5,-9.8,seed42
Cc1cccc(-c2cc(C(=O)Nc3cccc(C)c3)no2)c1,0.7863,2.8615,-9.3,-9.9,seed42
C[C@H]1CN(c2ccc(C(=O)Nc3ccccc3C(F)(F)F)cc2)C[C@@H](C)O1,0.8507,3.7765,-9.6,-9.6,seed42
Cc1cccc(C)c1NC(=O)c1ccc(NC(=O)CN2CCN(c3ccccc3O)CC2)cc1,0.5196,3.0496,-9.0,-10.2,seed42
Cc1ccc(S(=O)(=O)N2CCC(C(=O)Nc3ccccc3C(=O)NC3CCCCC3)CC2)cc1,0.6467,3.0952,-9.1,-10.0,seed42
C[C@@H](c1nc(-c2cccc(F)c2)no1)N(C)C(=O)c1cccc(S(N)(=O)=O)c1,0.6971,3.8195,-9.0,-10.1,seed42
CNC(=O)N1CCC(C(=O)N2CCC(c3nc4ccccc4cc3C(C)C)CC2)CC1,0.8093,3.5256,-9.7,-9.4,seed42
C[C@@H](c1ccccc1)N(C)C(=O)[C@@H]1CCCN(C(=O)c2ccccc2F)C1,0.8213,3.7143,-9.3,-9.7,seed42
CCOc1cc(F)cc(C(=O)N2CCC(c3nc4ccccc4o3)CC2)c1,0.6855,3.2208,-9.2,-9.8,seed42
C[C@H]1CN(c2cccc(CC(=O)NCc3ccc(N4CCOCC4)cc3)c2)C[C@@H](C)O1,0.7742,3.948,-9.1,-9.9,seed42
Cc1cccc(NC(=O)C(=O)NC2CCC(C(=O)Nc3ccccc3)CC2)c1,0.7128,2.9294,-8.8,-10.1,seed42
COc1ccccc1NC(=O)c1ccc(CNC(=O)c2ccc(C)cc2)cc1,0.6799,2.6086,-9.4,-9.5,seed42
COc1ccccc1-n1c(SCC(=O)Nc2ccc(C)cc2C)nnc1-c1ccccc1,0.3923,3.0296,-8.7,-10.2,seed42
C[C@@H]1COc2ccccc2N1C(=O)CSc1nc2ncccc2c(=O)[nH]1,0.5633,4.0617,-9.5,-9.4,seed42
C[C@H]1CCCN(S(=O)(=O)c2cccc(C(=O)Nc3ccccc3)c2)C1,0.9112,3.2136,-9.2,-9.7,seed42
CNC(=O)c1cccc(NC(=O)C(=O)N2CCC[C@@H]2c2ccccc2)c1,0.8334,3.4621,-9.0,-9.8,seed42
CC(C)NC(=O)N1CCC(NC(=O)CN2C(=O)CCc3ccccc32)CC1,0.8434,3.2348,-8.9,-9.9,seed42
C[C@H]1CCCCN1S(=O)(=O)c1ccccc1C(=O)NCCc1ccccc1,0.8289,3.3985,-9.3,-9.5,seed42
Cc1cc(O)c(C(=O)NCC(=O)N2CCC[C@H](C(=O)Nc3ccccc3)C2)c(C)c1,0.7069,3.6158,-8.9,-9.9,seed42
Cc1cc(C)cc(NC(=O)CSc2nnc(NC(=O)c3ccccc3)n2C)c1,0.6245,3.1717,-8.7,-10.1,seed42
COc1ccccc1[C@H]1C[C@@H](C)N(C(=O)C(=O)Nc2ccccc2C(C)C)C1,0.8104,4.065,-8.7,-10.1,seed42
CCOc1ccccc1NC(=O)C(=O)N1CCC[C@@H](C(=O)N(C)Cc2ccc(F)cc2)C1,0.6992,3.6722,-8.6,-10.2,seed42
C[C@H]1CN(c2ccccc2CN2C(=O)CCC2=O)CC(=O)N1c1ccc(F)cc1,0.7472,3.9079,-9.2,-9.6,seed42
Cc1ccc(NC(=O)CCNC(=O)Nc2cccc(C(F)(F)F)c2)c(C)c1,0.7172,2.9159,-9.1,-9.7,seed42
CN(C(=O)Cc1ccccc1)[C@H]1CCCc2c1cnn2Cc1ccccc1,0.6903,3.6718,-9.2,-9.6,seed42
CNC(=O)NC1CCN(C(=O)[C@@H]2CCCN(C(=O)c3ccccc3F)C2)CC1,0.8226,3.6312,-9.4,-9.3,seed42
Cc1cc(C)nc(SCC(=O)Nc2cccc(C(=O)Nc3ccccc3)c2)n1,0.4878,2.9045,-9.0,-9.7,seed42
C[C@H]1CCCC[C@H]1NC(=O)NCCc1ccc(NC(=O)c2ccccc2)cc1,0.6979,3.5597,-8.7,-10.0,seed42
Cc1ccc(OCC(=O)N2CCC(Cc3ccccc3)CC2)cc1C,0.8196,2.8457,-8.7,-10.0,seed42
Cc1ccc(-c2nnc(SCC(=O)Nc3cccc(C)c3)n2C)cc1,0.7091,2.8817,-8.6,-10.1,seed42
CN(CC(=O)NCc1ccc(Cl)cc1)C(=O)CN1C(=O)c2ccccc2C1=O,0.749,3.0094,-8.8,-9.8,seed42
C[C@H]1CN(c2ccccc2CNC(=O)NC[C@@H](C)Cc2ccccc2)C[C@@H](C)O1,0.7456,4.1392,-9.0,-9.6,seed42
C[C@H]1CN(c2ccccc2C[NH+]2CCC(OCc3ccccc3)CC2)C[C@@H](C)O1,0.8142,4.9153,-8.7,-9.9,seed42
C[C@@H]1Oc2ccccc2C(=O)N1CC(=O)N1CCC(CC(=O)N2CCCCC2)CC1,0.7606,3.9894,-9.2,-9.4,seed42
Cc1ccc(NC(=O)CSc2nnc(NC(=O)c3ccccc3)o2)cc1F,0.6295,3.1045,-8.8,-9.7,seed42
C[C@@H]([NH2+][C@@H]1CCCc2ccccc21)c1ccc2c(c1)CCC(=O)N2,0.8952,4.8142,-8.9,-9.6,seed42
Cc1cccc2nc(C(=O)Nc3cccc(C#N)c3)c(C)cc12,0.7784,3.0968,-9.1,-9.4,seed42
C[C@@H](NC(=O)NC[C@@H](C)[NH+](C)C1CCCCC1)c1ccc2c(c1)CCC(=O)N2,0.6039,5.1891,-8.4,-10.1,seed42
Cc1ccc(CN(C)C(=O)N[C@@H]2CCCc3c2cnn3C)cc1C,0.9411,3.8722,-8.9,-9.5,seed42
COc1ccc(C(=O)Nc2cccc(C(=O)N3CCCC3)c2)cc1OCC(F)(F)F,0.7605,3.0304,-8.8,-9.6,seed42
C[C@@H]1COC[C@@H](C)N1C(=O)c1cccc(NC(=O)c2ccccc2)c1,0.9349,3.7456,-8.8,-9.6,seed42
CC1CCN(C(=O)C(=O)Nc2ccc(-c3ccccc3)cc2)CC1,0.8597,2.8206,-8.4,-10.0,seed42
Cc1ccc(S(=O)(=O)Nc2cccc(C(=O)NCC(C)C)c2)cc1C,0.8279,2.8592,-8.9,-9.5,seed42
Cc1cc([N+](=O)[O-])cc(C)c1OC(=O)CCN1C(=O)c2ccccc2C1=O,0.264,3.2449,-8.8,-9.5,seed42
C[C@@H](CCc1ccccc1)NC(=O)NCc1cccc(NC(=O)C2CC2)c1,0.6648,3.3142,-8.8,-9.5,seed42
C[C@@H](OC(=O)c1ccc(NC(=O)Cc2ccccc2)cc1)c1ccccc1Cl,0.5672,3.2505,-8.6,-9.7,seed42
C[C@H]1CN(c2ccccc2CNC(=O)CCc2nnc(-c3ccccc3)o2)CCO1,0.649,3.7188,-8.6,-9.7,seed42
C[C@@H](NC(=O)Nc1cccc(OCc2ccccc2)c1)c1ccccc1,0.6485,3.0834,-8.6,-9.7,seed42
C[C@H]1CN(c2ccccc2C(=O)N2CCC(C(=O)N[C@@H]3CCCC[C@@H]3C)CC2)C[C@@H](C)O1,0.7711,4.4018,-8.8,-9.4,seed42
CC1=C(C(=O)Nc2cccc(C(=O)NCc3ccc(Cl)cc3)c2)SC1,0.8253,3.2241,-8.9,-9.3,seed42
C[C@H]1CN(c2cccc(-c3nc4ccccc4s3)c2)C[C@@H](C)O1,0.6899,3.8425,-8.8,-9.4,seed42
C[C@H]1CN(c2cccc(N3CCCC3)c2)C(=O)N1CCc1ccccc1,0.8103,3.6933,-8.9,-9.3,seed42
C[C@@H]1OCC[C@@H]1C(=O)N1CCC[C@@H](c2ncc(-c3ccccc3)nn2)C1,0.8494,4.6098,-8.4,-9.8,seed42
C[C@@H]1Oc2ccc(C(=O)Nc3ccccc3)cc2N[C@H]1c1ccccc1,0.7123,3.7709,-9.0,-9.2,seed42
COc1ccccc1N1CCN(C(=O)CSc2nccc(-c3ccccc3)n2)CC1,0.4487,3.1003,-8.6,-9.6,seed42
COc1ccc(-n2nc(C(=O)NCc3ccccc3)c(=O)c3c2c(=O)[nH]n3C)cc1,0.5207,3.5675,-9.2,-9.0,seed42
Cc1ccccc1CS(=O)(=O)c1ccc(C(=O)NCCc2ccccc2)cc1,0.6612,2.82,-8.5,-9.6,seed42
C[C@H]1CC(C(=O)Nc2cccc(NC(=O)c3ccccc3)c2)C[C@@H](C)O1,0.8711,3.8754,-8.5,-9.6,seed42
Cc1cccc2c1N[C@H](c1ccc(F)cc1)[C@@H]1CC=C[C@@H]21,0.7274,4.23,-8.7,-9.4,seed42
C[C@H]1CN(c2ccccc2NC(=O)NCCC(=O)N2CCCCC2)C[C@@H](C)O1,0.8135,3.9202,-8.7,-9.4,seed42
C[C@H]1CN(c2cccc(C(=O)NCCc3ccccc3)c2)C(C)(C)CO1,0.8928,3.7524,-8.4,-9.7,seed42
COc1ccc2cc(C(=O)NC[C@H](c3ccccc3)[NH+](C)C)ccc2c1,0.7179,4.0778,-8.6,-9.5,seed42
COc1ccc2ccccc2c1/C=C(\C#N)C(=O)Nc1ccc(C)cc1C,0.5278,3.1219,-8.7,-9.4,seed42
Cc1cc(C)c(NC(=O)NCCCN2C(=O)[C@@H]3CC=CC[C@@H]3C2=O)c(C)c1,0.4756,4.1227,-8.6,-9.5,seed42
C[C@H]1CCCC[C@@H]1NC(=O)Nc1cccc(C(=O)N2CCCCC2)c1,0.8708,3.6366,-8.8,-9.2,seed42
COc1cccc(C(=O)N2CCN(c3ccc(C(F)(F)F)cc3)CC2)c1,0.8331,2.8405,-8.7,-9.3,seed42
Cc1ccc(-c2nc3ccccc3nc2OC(=O)c2ccc(Cl)cc2)cc1,0.4455,3.0004,-9.1,-8.9,seed42
Cc1cc(N2CCN(C(=O)Cc3ccc(F)cc3)CC2)nc(C(C)C)n1,0.8451,3.147,-8.5,-9.5,seed42
C[C@H]1CN(c2ccccc2NC(=O)N2CCN(c3ccccc3OC(F)F)CC2)C[C@@H](C)O1,0.7229,4.0941,-8.8,-9.2,seed42
C[C@@H](CC(=O)N1CCN(c2ccccc2)CC1)c1ccc(F)cc1,0.8558,3.2507,-8.7,-9.3,seed42
C[C@@H]1OCC[C@H]1C(=O)Nc1cccc(NC(=O)c2ccccc2F)c1,0.8943,3.8221,-8.2,-9.8,seed42
CN(C(=O)[C@@H]1CCCN(C(=O)c2ccc(Cl)cc2)C1)c1ccccc1F,0.8145,3.4804,-9.0,-9.0,seed42
CNC(=O)c1ccc(NC(=O)N2CCC(OCc3ccccc3)CC2)cc1,0.8521,2.9259,-8.2,-9.8,seed42
Cc1cc([N+](=O)[O-])ccc1NC(=O)CCNC(=O)c1ccc(C(C)C)cc1,0.5726,2.9008,-8.6,-9.4,seed42
CNC(=O)c1cccc(NC(=O)Cn2ccc(=O)c3ccccc23)c1,0.7652,2.9727,-8.7,-9.3,seed42
Cc1cc(C(=O)N2CCC([C@@H](C)O)CC2)nc(-c2ccccc2)n1,0.942,3.6601,-9.0,-9.0,seed42
Cc1ccccc1CCNC(=O)c1cnc(-c2ccc(F)cc2)nc1,0.7755,2.9243,-8.3,-9.6,seed42
C[C@@H]1CCCN(C(=O)C(=O)Nc2ccc(NC(=O)c3ccccc3)cc2)C1,0.8205,3.3118,-8.2,-9.7,seed42
CNC(=O)c1ccccc1NC(=O)C1CCN(S(=O)(=O)c2ccc(Cl)cc2)CC1,0.7543,2.9552,-8.5,-9.4,seed42
Cc1ccc(C(=O)NCC(=O)NCc2cccc(C(F)(F)F)c2)cc1,0.8708,2.7842,-8.5,-9.4,seed42
CCOC(=O)c1ccc(NC(=O)CN2C(=O)N[C@](C)(c3cccc(Cl)c3)C2=O)cc1,0.5423,3.5276,-8.7,-9.2,seed42
CC[C@@H]1CCCC[NH+]1Cc1ccc(NC(=O)c2ccc(C)cc2)cc1,0.8587,4.6583,-8.4,-9.5,seed42
COC(=O)c1ccc(-c2cc(C(=O)NCc3ccccc3)no2)cc1,0.7243,2.8426,-8.4,-9.5,seed42
CN(C)C(=O)c1ccc(CNC(=O)N(Cc2ccccc2)Cc2ccco2)cc1,0.6644,3.0646,-9.1,-8.8,seed42
C[C@H]1CCC[C@@H](C)C1NC(=O)N1CCC(C(=O)N(C)Cc2ccc(F)cc2)CC1,0.8252,4.2831,-8.8,-9.1,seed42
C[C@H]1CCC[C@]2(CCCN(C(=O)CCC(=O)N3CCCCC3)C2)C1,0.7911,4.556,-9.0,-8.9,seed42
C[C@@H]([NH2+][C@@H](C)c1ccc(N2CCCC2=O)cc1)c1ccc(C(C)(C)C)cc1,0.8323,4.5598,-8.6,-9.3,seed42
Cc1cccc2nc(C(=O)NCc3cccc(C(=O)N(C)C)c3)nn12,0.7853,3.3134,-8.6,-9.3,seed42
C[C@H]1CN(c2cccc(F)c2C#N)C(=O)N1c1ccc(F)cc1,0.849,3.8848,-9.0,-8.9,seed42
C[C@H]1CN(c2ccccc2CC(=O)NCc2ccc(F)cc2)C[C@@H](C)O1,0.8938,3.7759,-8.5,-9.4,seed42
C[C@@H]1Oc2ccc(C(=O)NCc3ccccc3F)cc2NC1=O,0.9144,3.5074,-9.1,-8.8,seed42
C[C@H]1CN(c2cccc(C(=O)NCCc3ccc(F)cc3)c2)C[C@@H](C)O1,0.8926,3.6998,-8.3,-9.6,seed42
C[C@@H](Oc1ccc(Cl)cc1)C(=O)Nc1ccccc1C(=O)NC1CC1,0.828,3.1955,-8.5,-9.3,seed42
C[C@H]1CN(c2ccccc2CNC(=O)NCc2cccc(C#N)c2)CCO1,0.8552,3.6779,-8.5,-9.3,seed42
C[C@H]1CCCN(C(=O)Nc2ccccc2C(=O)N2CCCC2)C1,0.911,3.3324,-9.0,-8.8,seed42
CC1=C(C(=O)Nc2cccc(C(=O)NCCc3ccc(Cl)cc3)c2)SC1,0.7789,3.2558,-8.7,-9.1,seed42
Cc1cc(O[C@@H]2CCCN(C(=O)c3ccccc3)[C@H]2c2ccccc2)ccc1F,0.5847,3.8461,-9.7,-8.1,seed42
Cc1ccccc1C(=O)N1CCC(C(=O)NCCc2ccccc2)CC1,0.9001,2.7307,-8.4,-9.3,seed42
Cc1ccccc1-n1ncc(NC(=O)C(=O)NCCc2cccc(F)c2)c1C,0.6685,3.2297,-8.4,-9.3,seed42
COc1ccc2nc(NC(=O)CSc3nc4sc(C)cc4c(=O)[nH]3)sc2c1,0.3794,3.4914,-8.4,-9.3,seed42
Cc1ccc(N2CCC[C@H](NC(=O)C3CCN(C(N)=O)CC3)C2)cc1,0.8785,3.5334,-8.4,-9.3,seed42
CN(CC(=O)N1CCCCC1)C(=O)Nc1cccc(C(=O)NC2CCCCC2)c1,0.7962,3.1212,-8.6,-9.1,seed42
C[C@H]1CN(c2cccc(NC(=O)C(=O)Nc3ccc(C#N)cc3)c2)C[C@@H](C)O1,0.8011,3.9143,-8.5,-9.2,seed42
Cc1ccc(C2=N/C(=C/c3ccc([N+](=O)[O-])cc3)C2=O)cc1,0.4946,3.3123,-8.5,-9.2,seed42
CCOc1cc(NC(=O)c2cccc(Cl)c2)ccc1OCC(=O)N1CCCC1,0.7598,2.902,-8.5,-9.2,seed42
CN(C(=O)C1CCN(S(=O)(=O)c2ccc(Cl)cc2)CC1)c1ccccc1,0.8007,2.968,-8.0,-9.7,seed42
CCc1ccc(C(=O)Nc2ccc(C(=O)NC3CCCC3)cc2)cc1,0.8606,2.6444,-8.2,-9.4,seed42
C[C@H]1CCC[C@@H](C)C1NC(=O)c1ccc(CNC(=O)N2CCCC2)cc1,0.8656,4.0673,-8.4,-9.2,seed42
C[C@@H](c1ccccc1)N(C)C(=O)CCc1ccc(-n2cccn2)cc1,0.6831,3.4729,-8.4,-9.2,seed42
CN(C)c1cccc(C(=O)N2CCC(Cc3ccccc3)CC2)c1,0.8535,2.8563,-8.6,-9.0,seed42
CNC(=O)CCNC(=O)c1ccc(C(=O)N2CCc3ccccc32)cc1,0.8615,2.9348,-8.6,-9.0,seed42
Cc1cccc(C)c1NC(=O)CNC(=O)CCc1ccc(Cl)cc1,0.84,2.7646,-8.4,-9.2,seed42
CN(C)c1ccc(CNC(=O)N2CCC(OCc3ccccc3)CC2)cc1,0.8477,3.015,-8.3,-9.3,seed42
CC[C@@H]1CCCCN1C(=O)CN1CCN(C(=O)CCc2ccccc2)CC1,0.7719,3.4532,-8.4,-9.2,seed42
COc1ccccc1[C@@H]1CCCN1C(=O)c1cccc(C(F)(F)F)c1,0.8044,3.3883,-8.1,-9.5,seed42
CCN1CCN(C(=O)CNc2cccc(C(=O)Nc3ccccc3)c2)CC1,0.8246,2.858,-8.8,-8.8,seed42
CNC(=O)c1ccc(NC(=O)C(=O)N[C@@H](C)c2ccc(Cl)cc2)cc1,0.7329,3.2793,-8.2,-9.4,seed42
C[C@H]1CN(c2cccc(NC(=O)C(=O)NCc3ccccc3)c2)CCO1,0.8267,3.4513,-8.2,-9.4,seed42
CN(C(=O)CSc1nnc(-c2ccccc2)n1-c1ccccc1)c1ccccc1,0.4407,2.997,-8.1,-9.5,seed42
COc1ccc(C(=O)Nc2cccc(OCc3ccccc3)c2)cc1OC,0.6697,2.615,-8.2,-9.3,seed42
C[C@@H](CNC(=O)C(=O)Nc1cccc(C(=O)NC2CC2)c1)[NH+]1CCCCC1,0.5328,4.6202,-8.6,-8.9,seed42
Cc1cccc(O[C@@H](C)C(=O)NNC(=O)c2ccccc2F)c1,0.851,3.2799,-8.4,-9.1,seed42
Cc1ccc(C)c(NC(=O)CN2CCN(C(=O)Cc3ccccc3)CC2)c1,0.8862,2.7884,-8.6,-8.9,seed42
C[C@H]1CN(c2ccccc2)[C@@H](C)CN1C(=O)CCc1ccccc1,0.8558,3.7004,-8.3,-9.2,seed42
CNC(=O)C1CCN(C(=O)c2cc(C)nc3ccccc23)CC1,0.9241,2.9556,-8.5,-9.0,seed42
C[C@H]1CCCC[C@@H]1NC(=O)C(=O)Nc1cccc(C(=O)NC2CC2)c1,0.7326,3.7254,-8.7,-8.8,seed42
C[C@@H]([NH2+]C1CCN(C(=O)c2ccccc2)CC1)c1ccccc1Cl,0.9085,4.1771,-8.4,-9.1,seed42
C[C@@H]1CN(S(=O)(=O)c2ccc(C(=O)NCC(=O)NC3CCCC3)cc2)C[C@@H](C)O1,0.7171,3.8904,-8.5,-9.0,seed42
Cc1cc([N+](=O)[O-])ccc1NC(=O)CN1CCN(c2ccccc2F)CC1,0.645,2.9448,-8.5,-9.0,seed42
Cc1ccc(S(=O)(=O)N2CCN(C(=O)c3ccccc3F)CC2)cc1,0.8417,2.7751,-8.3,-9.2,seed42
C[C@@H]1Oc2ccccc2O[C@@H]1C(=O)N1CCN(C(=O)c2ccccc2Cl)CC1,0.7774,3.9082,-8.9,-8.5,seed42
C[C@H]1CCCC[C@@H]1NC(=O)N1CCC(OCc2ccccc2)CC1,0.9078,3.7609,-8.5,-8.9,seed42
CC(C)(C)[C@@H](O)CNC(=O)Nc1ccccc1C(=O)NCc1ccccc1,0.6304,3.446,-8.5,-8.9,seed42
COc1ccc2ccccc2c1C(=O)NCCC(=O)N1CCCCC1,0.9102,2.9272,-8.3,-9.1,seed42
COc1ccc(NC(=O)CSc2nc3ccccc3c(=O)[nH]2)cc1OC,0.5111,3.0395,-8.4,-9.0,seed42
COc1ccc(N2CCN(C(=O)CN(C)C(=O)c3ccccc3)CC2)cc1OC,0.7473,2.9679,-8.4,-9.0,seed42
C[C@@H]1OCC[C@H]1C(=O)Nc1cccc(C#Cc2ccccc2)c1,0.8631,4.0389,-8.4,-9.0,seed42
Cc1cccc2nc(C(=O)NCCCNC(=O)c3ccc(Cl)cc3)nn12,0.6503,3.234,-8.3,-9.1,seed42
C[C@H]1CCC[C@](C#N)(C(=O)NCC2(c3ccccc3)CCOCC2)C1,0.9112,4.4707,-8.7,-8.7,seed42
C[C@H]1CCCC[C@H]1NC(=O)C(=O)Nc1cccc(CCC(=O)N2CCCC2)c1,0.7652,3.8407,-8.2,-9.2,seed42
CCN1C[C@H](C(=O)N2CCC(C(=O)Nc3ccccc3C)CC2)CC1=O,0.8965,3.5061,-8.1,-9.3,seed42
CN(C(=O)CN1CCN(c2ccccc2)C1=O)Cc1ccccc1,0.8487,2.9593,-8.5,-8.9,seed42
Cc1cc(O)ccc1NC(=O)Cc1nccn1Cc1ccccc1,0.7096,3.0246,-8.3,-9.1,seed42
CC(=O)c1cccc(OCc2ccc(C(=O)N3CCCC3)cc2)c1,0.7882,2.7088,-8.4,-9.0,seed42
CN(C(=O)C1=NN(C(=O)c2cccs2)[C@H](C(=O)NCc2ccccc2)C1)c1ccccc1,0.6308,3.9811,-9.0,-8.3,seed42
Cc1ccccc1C(=O)N/N=C/c1ccc(C(F)(F)F)cc1,0.6803,2.8829,-8.4,-8.9,seed42
C[C@H]1CCC[C@](C#N)([C@]2(O)CCCN(C(=O)c3ccccc3)C2)C1,0.906,4.7154,-8.0,-9.3,seed42
Cc1ccc(/C=C/C(=O)NC[C@@H](C)c2ccc(Cl)cc2)cc1,0.8042,3.3255,-8.3,-9.0,seed42
C[C@@H]1CN(c2ccc(NC(=O)C(=O)Nc3ccccc3)cc2)C[C@@H](C)O1,0.8327,3.6685,-8.0,-9.3,seed42
C[C@H]1CN(c2cccc(C#N)c2)C[C@@H](c2ccccc2)O1,0.8429,3.8616,-8.3,-9.0,seed42
C[C@@H](NC(=O)N1CCC(C(=O)N2CCCC2)CC1)c1ccccc1,0.9269,3.3299,-8.2,-9.1,seed42
COc1ccc(C(=O)N2CCC(Cc3ccccc3)CC2)cc1OC,0.8316,2.7471,-8.2,-9.1,seed42
C[C@H]1CCC[C@H](C)N1C(=O)CC[NH+]1CCC(Cc2ccccc2)CC1,0.8735,5.0522,-7.9,-9.3,seed42
CC1CCC(CNC(=O)c2cccc(NC(=O)CCC(=O)N(C)C)c2)CC1,0.771,3.0977,-8.3,-8.9,seed42
CN(C)c1ccc(C(=O)Nc2ccc(C(=O)Nc3ccc(Cl)cc3)cc2)cc1,0.647,2.6703,-8.1,-9.1,seed42
CC(C)CC(=O)N1CCc2cc(NC(=O)C(=O)NC3CCCCC3)ccc21,0.7988,3.2736,-8.2,-9.0,seed42
CNC(=O)c1ccc(NC(=O)c2ccc(Cl)c(S(=O)(=O)N(C)C)c2)cc1,0.8108,2.8997,-8.7,-8.5,seed42
CNC(=O)COc1cccc(C(=O)Nc2ccc(-c3cscn3)cc2)c1,0.7012,3.0949,-8.5,-8.7,seed42
Cc1cc([N+](=O)[O-])ccc1NC(=O)COC(=O)C(C)(C)c1ccccc1,0.486,3.0775,-8.1,-9.1,seed42
Cc1cc([N+](=O)[O-])ccc1NC(=O)CN1CCN(c2ccc(Cl)cc2)CC1,0.6275,2.9142,-8.2,-9.0,seed42
C[C@H]1CN(c2ccccc2)S(=O)(=O)N1CC(=O)Nc1ccccc1,0.9223,3.8812,-8.0,-9.2,seed42
C[C@H]1CCCN(S(=O)(=O)CC2CCN(C(=O)c3ccccc3)CC2)C1,0.8251,3.5773,-8.0,-9.2,seed42
COc1ccc2nc(NC(=O)c3cccc(C)c3)sc2c1,0.7984,2.7517,-8.1,-9.1,seed42
C[C@H]1CN(c2ccccc2)S[C@@H]1NC(=O)C(=O)Nc1ccccc1,0.6656,4.322,-8.5,-8.7,seed42
Cc1cccc(C(=O)NCC(=O)NCc2ccc(F)cc2)c1,0.889,2.6115,-8.2,-8.9,seed42
CNC(=O)C1CCN(C(=O)CCc2ccc(F)cc2F)CC1,0.923,3.0235,-8.5,-8.6,seed42
CNC(=O)c1ccc(OCC(=O)N2CCC[C@@H]2c2ccccc2)cc1,0.9119,3.2821,-8.3,-8.8,seed42
CN(C(=O)NC1CCN(C(=O)[C@@H]2CC=CCC2)CC1)c1ccccc1,0.8587,3.8206,-8.0,-9.1,seed42
COC(=O)Cn1nc(C(=O)NCc2ccccc2)c2c1CCCC2,0.851,3.1387,-8.4,-8.7,seed42
C[C@H]1CCCN(C(=O)C2(C(=O)NCCNC(=O)c3ccccc3)CC2)C1,0.5992,3.7176,-8.0,-9.1,seed42
C[C@@H]([NH2+]CC1(CO)CCC1)C(=O)N1CCc2[nH]c3ccccc3c2C1,0.7631,4.7233,-8.3,-8.8,seed42
C[C@@H]([NH2+]Cc1ccc(N2CCCCC2)cc1)c1ccc(F)c(F)c1,0.8837,4.2208,-8.1,-9.0,seed42
Cc1cc(N2CCO[C@@H](C(=O)NCc3ccc(C)cc3)C2)no1,0.9319,3.7717,-8.3,-8.8,seed42
CN(C)c1ccc(C(=O)N2CCC([C@@H](O)c3ccc(Cl)cc3)CC2)cc1,0.882,3.4943,-8.5,-8.6,seed42
C[C@@H](CC#N)N(C)C(=O)c1cccc(NC(=O)c2ccccc2)c1,0.9179,3.3961,-8.4,-8.7,seed42
C[C@H]1CCC[C@@H](CCC(=O)N2CCCC[C@@H]2C2CCCC2)C1,0.7019,4.1716,-8.1,-9.0,seed42
C[C@@H](NC(=O)Cn1ccccc1=O)c1ccccc1-c1cccnc1,0.7807,3.5593,-8.4,-8.6,seed42
Cc1cc(CCCC(=O)N[C@@H](C)c2ccc(F)cc2)ccc1F,0.8364,3.2772,-8.1,-8.9,seed42
COc1ccc2c(c1)CN(C(=O)CCNC(=O)c1ccc(C)o1)CC2,0.905,3.17,-8.0,-9.0,seed42
C[C@H]1CCC[C@](C#N)([C@]2(O)CCCN(Cc3ccccc3)C2=O)C1,0.927,4.7455,-8.1,-8.9,seed42
CNC(=O)c1cc(NC(=O)N[C@@H](C)c2ccccc2)ccc1OC,0.7898,3.2206,-8.1,-8.9,seed42
CC[C@@H](NC(=O)Nc1ccc(C)c(F)c1)c1ccc(C)cc1,0.8428,3.257,-8.0,-9.0,seed42
CN(C(=O)COc1ccc(C(=O)Nc2ccccc2)cc1)C1CCCCC1,0.8369,2.8435,-8.0,-9.0,seed42
C[C@H]1CCC[C@H]([C@H](C)NC(=O)C(=O)Nc2ccccc2F)C1,0.8431,4.0748,-8.2,-8.8,seed42
CC1(C)CCC[C@@H]1NC(=O)N[C@@H]1CCCN(c2ccccc2)C1,0.896,4.0358,-8.0,-9.0,seed42
COc1ccc(CNC(=O)[C@H]2CC(=O)N(CC(=O)NC3CCCCC3)C2)cc1,0.7441,3.5315,-7.9,-9.1,seed42
Cc1cccc2sc(C)c(C(=O)NCCC[NH+]3CCC(C)CC3)c12,0.8028,4.642,-8.3,-8.7,seed42
Cc1cccc(-c2noc(CNc3ccccc3)c2N)c1,0.7612,3.2931,-8.1,-8.9,seed42
CCOc1cc(/C=N/NC(=O)c2ccccc2)ccc1OCc1ccccc1,0.4687,2.8286,-7.8,-9.2,seed42
CNC(=O)NC(=O)[C@H](C)NC(=O)c1cccc(-n2cccn2)c1,0.7613,3.606,-8.4,-8.5,seed42
CN(CCc1ccccc1)C(=O)C(=O)Nc1ccc(C(=O)N(C)C)cc1,0.8364,2.993,-7.8,-9.1,seed42
COc1ccc(NC(=O)CCNC(=O)N2CCN(c3ccccc3)CC2)cc1,0.8053,2.8133,-8.3,-8.6,seed42
CC(=O)N1CCc2cc(NC(=O)C(=O)N[C@@H](C)CO)c(C)cc21,0.6997,3.8425,-8.3,-8.6,seed42
CC1=NN(c2ccc(C(=O)N(C)C)cc2)[C@@H](C(=O)Nc2ccc(F)cc2)C1,0.9018,3.7131,-9.0,-7.9,seed42
C[C@H]1CCC[C@@H](OCC(=O)N2CCN(C(=O)Cc3ccccc3)CC2)C1,0.8125,3.7968,-7.8,-9.1,seed42
COC(=O)c1cccc(NC(=O)CSc2nnc(-c3ccccc3)o2)c1,0.5263,2.9299,-7.9,-9.0,seed42
C[C@H]1CN(c2ccccc2)NC(=O)N1CCCc1ccccc1,0.9179,3.7739,-7.9,-9.0,seed42
COc1ccc2c(c1)CC[C@H](NC(=O)CCc1ccccc1OC)C2,0.8782,3.4357,-8.0,-8.9,seed42
C[C@@H](NC(=O)NCc1ccc(Cl)cc1)c1cccc(C#N)c1,0.902,3.3121,-8.2,-8.7,seed42
C[C@@H](Oc1ccccc1)C(=O)Nc1ccc(N2CCCC2=O)cc1,0.9185,3.229,-8.0,-8.9,seed42
C[C@H]1CN(c2ccccc2C[NH2+]Cc2ccccc2)C[C@@H]1C,0.8985,4.6819,-8.5,-8.4,seed42
CCOc1cc(C(=O)N2CCCCC2)ccc1OCC(=O)N1CCCCC1,0.7677,2.9523,-8.4,-8.5,seed42
CCCNS(=O)(=O)c1ccc(NC(=O)c2ccc(C)c(C)c2)cc1,0.843,2.7401,-8.2,-8.7,seed42
CNC(=O)c1ccccc1OCC(=O)NCc1ccc(Cl)cc1C,0.8447,2.8777,-8.1,-8.8,seed42
C[C@H]1CN(c2cccc(C[NH2+]Cc3ccccc3)c2)C[C@H](C)O1,0.9193,4.6081,-8.2,-8.7,seed42
COc1ccc(-c2nc(C)c(C(=O)N(C)[C@@H](C)c3ccccc3)s2)cc1,0.6408,3.4679,-8.2,-8.7,seed42
C[C@H]1CCC[C@@H](CNC(=O)NCCNC(=O)c2ccccc2)[C@@H]1C,0.7016,4.0475,-7.8,-9.1,seed42
C[C@@H](C(=O)NCC1(c2ccccc2)CC1)c1ccccc1,0.8892,3.3951,-8.3,-8.5,seed42
CN(Cc1cccs1)C(=O)c1ccc(NC(=O)COc2ccc(Cl)cc2)cc1,0.6097,2.9183,-8.0,-8.8,seed42
C[C@@H](Oc1ccccc1)C(=O)NCc1ccc(N2CCCC2)c(F)c1,0.8734,3.3063,-7.8,-9.0,seed42
CNC(=O)CCNC(=O)c1ccccc1NC(=O)c1ccccc1,0.7567,2.6662,-8.3,-8.5,seed42
CC[C@@H](C)NC(=O)CN(C)C(=O)Nc1ccccc1C(=O)Nc1ccccc1,0.6861,3.3721,-8.3,-8.5,seed42
Cc1ccc(C(=O)NCCNC(=O)c2ccccc2F)cc1,0.8324,2.5909,-8.3,-8.5,seed42
C[C@H]1CCC[C@H](OCC(=O)N2CCC(Cc3ccccc3)CC2)C1,0.815,3.8227,-7.7,-9.1,seed42
C[C@@H](CC1CCCCC1)C(=O)N1CCN(c2ccc(F)cc2)CC1,0.8293,3.5383,-8.0,-8.8,seed42
COc1ccccc1C[C@@H](C)NC(=O)C(=O)Nc1ccc(C(C)=O)cc1,0.6168,3.3744,-8.0,-8.8,seed42
CCCc1cc(C(=O)N2CCC(C(=O)NCC3CCCCC3)CC2)no1,0.8443,3.3131,-8.1,-8.7,seed42
C[C@H]1CCCN(C(=O)Nc2ccc(C(=O)NC3CCCC3)cc2)[C@@H]1C,0.8709,3.7496,-8.2,-8.6,seed42
C[C@H]1CN(c2ccc(NC(=O)C=C3CCSCC3)cc2)CCO1,0.8625,4.1754,-8.6,-8.2,seed42
Cc1cc(O[C@@H](C)C(=O)Nc2ccc(F)c(Cl)c2)ccc1Br,0.8067,3.3383,-8.1,-8.7,seed42
C[C@@H]([NH2+]C[C@@H]1CCC[NH+](Cc2ccccc2)C1)c1ccccc1,0.8119,5.6603,-8.1,-8.7,seed42
Cc1ccc(/C=C/CC(=O)NCc2ccc(C#N)cc2)cc1,0.9146,3.0494,-7.9,-8.8,seed42
COc1ccc(CN(C)C(=O)NCc2ccc(N3CCCC3)[nH+]c2)cc1,0.8659,3.9334,-7.9,-8.8,seed42
COc1ccc(-c2nc(C(=O)N[C@@H](C)c3nc(C)no3)cs2)cc1,0.765,3.7027,-7.9,-8.8,seed42
CN(Cc1ccc(Cl)cc1)C(=O)CCCC(=O)Nc1cccc(Cl)c1,0.7541,2.831,-7.9,-8.8,seed42
CN(Cc1ccccc1)C(=O)CSc1nc(-c2ccccc2)n[nH]1,0.7011,3.1249,-7.9,-8.8,seed42
C[C@H]1CCC[C@@H](C(=O)Nc2ccccc2C(=O)NC2CC2)C1,0.8957,3.6045,-7.9,-8.8,seed42
C[C@H]1CN(c2ccc(C#N)cc2)CC[C@@H]1NC(=O)CCc1ccccc1,0.9002,3.7807,-8.0,-8.7,seed42
C[C@@H]1C[C@@H]1C(=O)Nc1cccc(OCc2ccccc2)c1,0.9034,3.3367,-8.1,-8.6,seed42
COc1ccccc1OCCN(C)C(=O)c1cc(C)nc2ccccc12,0.6801,2.9487,-8.1,-8.6,seed42
C[C@H]1CCC[C@@H](NC(=O)C(=O)Nc2ccc(C(=O)NCC(C)C)cc2)C1,0.7065,3.7572,-7.5,-9.2,seed42
C[C@@H]1CO[C@H](CO)CN1Cc1cccc(-c2cccnc2)c1,0.9408,4.0189,-8.1,-8.6,seed42
C[C@@H](O)C[C@@H](C)CNC(=O)NCc1ccccc1OCc1ccccc1,0.6442,3.752,-8.5,-8.2,seed42
C[C@H]1CN(c2ccccc2C#N)CC[NH+]1CC(=O)N1CCCCC1,0.8875,5.0015,-8.2,-8.5,seed42
CCCN1C(=O)CCc2cc(OCC(=O)NCc3ccccc3)ccc21,0.8331,2.9895,-7.7,-9.0,seed42
C[C@H]1CCC[C@](CNC(=O)C(=O)Nc2ccc(F)c(F)c2)C1,0.8436,4.0216,-8.1,-8.6,seed42
CN(C)/C=C/C(=O)N1CCC[C@H](c2nc(-c3ccccc3)no2)C1,0.808,3.8814,-7.8,-8.9,seed42
Cc1ccccc1NC(=O)C(=O)NC[C@@H](O)c1ccccc1,0.7529,3.1963,-7.8,-8.8,seed42
CN(C(=O)c1ccccc1Br)C1CCC(N2CCCCC2)CC1,0.7811,3.1567,-7.7,-8.9,seed42
C[C@H]1CCC[C@H](NC(=O)c2cccc(-n3cccn3)c2)C1,0.9401,3.7871,-8.2,-8.4,seed42
CN(C(=O)CCC(=O)N1CCCCC1)c1ccc(C(=O)NC2CC2)cc1,0.8495,3.0664,-8.0,-8.6,seed42
CCNC(=O)COc1ccc(C(=O)N2CCN(c3ccccc3OC)CC2)cc1,0.7754,2.8937,-7.9,-8.7,seed42
CCOC(=O)C1=C(C)NC(=O)N[C@@H]1c1ccccc1OCc1ccccc1,0.7679,3.5154,-7.6,-9.0,seed42
CN(Cc1ccccc1)C(=O)[C@H](C)Sc1nnc(Cc2ccccc2)n1C,0.5884,3.5231,-8.0,-8.6,seed42
C[C@@H]1OCC[C@@H]1C(=O)NC[C@@H](c1ccc(F)cc1)[NH+]1CCCC1,0.8524,5.647,-8.0,-8.5,seed42
COC(=O)c1cccc(NC(=O)NC[C@@H](O)c2ccccc2)c1,0.7392,3.2005,-8.1,-8.4,seed42
CCN(CC)c1cccc(C(=O)N2CCC[C@@H](c3nc(C)c(C)[nH]c3=O)C2)c1,0.8618,4.0087,-8.3,-8.2,seed42
Cc1cc([N+](=O)[O-])ccc1C(=O)N(C)Cc1cccc([N+](=O)[O-])c1,0.6186,3.0877,-8.1,-8.4,seed42
Cc1ccc(CNC(=O)C[C@@H]2C(=O)NCCN2C(=O)C(C)(C)C)cc1,0.8651,3.7079,-7.8,-8.7,seed42
C[C@H]1CCC[C@H](C)N1C(=O)NCCCNC(=O)C(=O)Nc1ccc(Cl)cc1,0.5294,3.9361,-8.2,-8.3,seed42
CNC(=O)c1ccc(NC(=O)N[C@H](C)c2ccccc2)cc1,0.8118,3.0582,-8.0,-8.5,seed42
C[C@@H](NC(=O)c1ccc(F)cc1)c1ccc(OC(F)F)cc1,0.9089,3.1838,-8.3,-8.2,seed42
C[C@@H](c1ccc(F)cc1)N(C)C(=O)CCc1ccc(F)cc1,0.8135,3.2533,-8.1,-8.4,seed42
Cc1cc(CCC(=O)N[C@@H](C)c2ccccc2)ccc1[N+](=O)[O-],0.6525,3.2916,-7.9,-8.6,seed42
Cc1cc(O[C@@H](C)C(=O)Nc2ccc([N+](=O)[O-])cn2)ccc1Cl,0.6675,3.5431,-7.9,-8.6,seed42
CN(C)c1ccc(CNC(=O)N2CCC[C@@H]2c2ccc(F)cc2)cc1,0.9142,3.418,-8.2,-8.3,seed42
C[C@@H]1CN(C(=O)CCc2ccccc2)c2ccccc2S1,0.8481,3.4991,-8.1,-8.4,seed42
C[C@H]1CCC[C@H](NC(=O)[C@@H](C)CC(=O)NCc2ccccc2)C1,0.8473,3.9363,-7.9,-8.6,seed42
CCCc1nn(C)c2nc(C(=O)NCc3ccccc3)nn12,0.771,3.6272,-8.3,-8.1,seed42
C[C@@H]1COCCN1C(=O)CN1CCN(C(=O)CCc2ccccc2)CC1,0.7874,3.5396,-7.6,-8.8,seed42
Cc1cc(O)c(C(=O)NCCc2ccccc2)c(C)c1,0.8961,2.8019,-8.0,-8.4,seed42
CN(C(=O)Cc1cccc(Cl)c1)[C@H]1CCC[C@H](S(C)(=O)=O)C1,0.8442,4.128,-7.7,-8.7,seed42
CN(CCc1ccccc1)C(=O)CCS(=O)(=O)Cc1ccccc1,0.7391,2.9558,-7.7,-8.7,seed42
COCC[C@@H](C)C(=O)Nc1cccc(C(=O)Nc2ccc(C)cc2)c1,0.8041,3.2471,-7.5,-8.9,seed42
CC1(C)CCC[C@@H]1NC(=O)C(=O)Nc1ccc(F)c(F)c1,0.8242,3.8293,-7.8,-8.5,seed42
C[C@@H]1C[C@@H](C)CN(C(=O)CCCNC(=O)c2ccc(Cl)cc2)C1,0.8381,3.6371,-7.7,-8.6,seed42
COc1ccc(CNC(=O)c2ccc(-n3cccc3)cc2)cc1OC,0.7503,2.8561,-7.8,-8.5,seed42
COc1ccc([C@@H](CNC(=O)c2ccc(C)o2)[NH+]2CCCC2)cc1,0.8488,4.7709,-8.0,-8.3,seed42
C[C@H]1CCC[C@H](C)C1NC(=O)c1ccc(-n2cccn2)cc1,0.9432,3.9664,-7.5,-8.8,seed42
COc1ccc2nc(NC(=O)CCOc3ccc(Cl)cc3)sc2c1,0.7071,2.8823,-7.9,-8.4,seed42
COC(=O)CC1=NC(=O)C2=C(C(=O)CCC2)[C@@H]1c1ccc(OC)cc1,0.7854,4.2494,-7.8,-8.5,seed42
CNC(=O)c1ccccc1NC(=O)CN1C(=O)N[C@@](C)(C(C)C)C1=O,0.69,3.7506,-7.8,-8.5,seed42
C[C@@H](c1nc(C(=O)NCCC2=CCCCC2)cs1)N1CCCC1=O,0.8019,4.1725,-7.8,-8.5,seed42
C[C@H]1CCC[C@]2(CCN(C(=O)c3ccccc3)C2)C1,0.7504,4.2565,-7.8,-8.5,seed42
COc1ccccc1C(=O)NCCC(=O)NCCc1ccccc1,0.7811,2.6202,-7.9,-8.4,seed42
C[C@H]1CCCC[C@@H]1NC(=O)Nc1ccc(C(=O)NC2CC2)cc1,0.7978,3.5641,-8.1,-8.2,seed42
C[C@H]1CN(c2cccc(C(=O)NCCCn3cccn3)c2)C[C@@H](C)O1,0.8187,3.9796,-7.6,-8.7,seed42
CNC(=O)c1ccc(CNC(=O)N2CCOC[C@@H]2C2CC2)cc1,0.8809,3.6959,-8.1,-8.2,seed42
C[C@H]1CCC[C@H](N(C)C(=O)NCc2ccc(S(N)(=O)=O)cc2)C1,0.8791,3.9118,-8.1,-8.2,seed42
CC1=NC(=O)[C@@H]2C(=C1)NC(=O)C[C@H]2c1ccccc1C(F)(F)F,0.8642,4.7621,-7.6,-8.7,seed42
CC1(C)CCC[C@@H]1NC(=O)N1CCC[C@@H]1c1ccccc1,0.8714,4.0339,-7.9,-8.3,seed42
C[C@H]1CN(c2cccc(F)c2C(=O)NC2CCCC2)C[C@H](C)O1,0.9303,3.9995,-7.9,-8.3,seed42
CNC(=O)NCCC(=O)N1CCC(C(=O)Nc2ccc(OC)cc2)CC1,0.7077,2.9575,-7.9,-8.3,seed42
COCCCn1cc(C(=O)N2CCC(C(=O)NCc3ccccc3)CC2)cc1C,0.6967,3.2533,-7.4,-8.8,seed42
C[C@H]1CN(c2ccccc2)CCN1C(=O)CSc1ccccc1,0.8034,3.3535,-7.9,-8.3,seed42
CC1CCN(C(=O)c2ccn(-c3ccccc3)n2)CC1,0.8405,2.9475,-7.9,-8.3,seed42
CN(C(=O)CCC(=O)c1ccccc1)c1ccc([N+](=O)[O-])cc1,0.4657,2.9351,-7.9,-8.3,seed42
CN(C)c1cccc(C(=O)N2CCC(C(=O)NCCC(C)C)CC2)c1,0.8624,3.01,-7.7,-8.5,seed42
C[C@@H](CNC(=O)c1ccc(C(=O)N2CCCC2)cc1)n1cccn1,0.9149,3.5446,-7.7,-8.5,seed42
CC(=O)c1ccc(NC(=O)CNc2ccccc2C(C)C)cc1,0.791,2.7782,-7.7,-8.5,seed42
CC1CCC(NC(=O)C(=O)Nc2ccc(C(N)=O)cc2)CC1,0.7359,2.9557,-7.6,-8.6,seed42
COc1ccccc1NC(=O)CNC(=O)c1cccc(Br)c1,0.8586,2.6338,-7.7,-8.5,seed42
CNC(=O)NC(=O)CSc1nnc(COc2ccccc2C)s1,0.7723,3.2706,-7.8,-8.4,seed42
Cc1cc(NC(=O)Cc2ccccc2)ccc1NC(=O)CCC(C)C,0.7778,2.7376,-7.5,-8.7,seed42
CCCOC(=O)CCCNC(=O)c1ccc(-c2ccccc2)cc1,0.5928,2.6875,-7.8,-8.4,seed42
Cc1cc(N2CCN(C(=O)c3ccccc3)CC2)nc(C)[nH+]1,0.8434,3.7632,-7.6,-8.6,seed42
CC1=Nc2nc(NC(=O)c3cccc(Cl)c3)sc2C1,0.9171,3.6345,-7.6,-8.6,seed42
C[C@H]1CCC[C@@H](C)C1NC(=O)NCCc1ccccc1,0.8683,3.9529,-7.7,-8.5,seed42
Cc1cc(C(=O)NCCCC(=O)NCc2ccccc2)ccc1F,0.7679,2.7071,-8.2,-7.9,seed42
Cc1cc([N+](=O)[O-])ccc1NC(=O)CSc1ccccc1OC(F)(F)F,0.448,3.1886,-7.6,-8.5,seed42
COC(=O)c1cc(NC(=O)C(=O)N[C@@H]2CCCC[C@@H]2C)ccc1OC,0.642,3.755,-7.8,-8.3,seed42
COC(=O)Cc1ccccc1NC(=O)c1cccc(C#N)c1,0.8787,2.8547,-8.1,-8.0,seed42
COc1ccc2nc(C)c(C(=O)NCCCC(=O)NC(C)C)cc2c1,0.7574,3.0599,-7.7,-8.4,seed42
COCCCNC(=O)c1ccc(-c2ccccc2)cc1[N+](=O)[O-],0.4837,2.8476,-7.9,-8.1,seed42
Cc1ccccc1C(=O)N1CCCC[C@@H]1c1nc2ccccc2[nH]1,0.7678,3.4318,-8.3,-7.7,seed42
C[C@H]1CCCC[C@@H]1NC(=O)CCNC(=O)CCc1ccccc1,0.8125,3.5367,-7.8,-8.2,seed42
Cc1cc(NC(=O)C(=O)N2CCCC[C@@H]2C(=O)NC2CC2)ccc1N(C)C,0.7879,3.7649,-7.7,-8.3,seed42
C[C@@H]1OCC[C@@H]1C(=O)NCc1cccc(N2CCCC2=O)c1,0.9233,4.0967,-7.8,-8.2,seed42
C[C@@H](NC(=O)CCC[NH+]1CCCC1)c1cccc(-n2cccn2)c1,0.8098,4.8536,-7.9,-8.1,seed42
C[C@@H]1CO[C@@H](C(=O)NCCc2ccccc2)[C@@H](C)C1,0.9036,4.1609,-7.8,-8.2,seed42
C[C@@H](CC(=O)NCCc1ccccc1)c1ccccc1,0.8519,3.0106,-7.7,-8.3,seed42
COC(=O)[C@@H]1CC[C@H](CNc2ncnc3c2c(C)nn3C(C)(C)C)C1,0.8582,4.4318,-7.7,-8.3,seed42
CNC(=O)CCc1cccc(NC(=O)NC[C@@H]2CCCO2)c1,0.7477,3.4688,-7.6,-8.4,seed42
Cc1ccc(OCC(=O)N2CC[C@@H](C)C[C@@H]2C)cc1C,0.8465,3.7383,-7.4,-8.5,seed42
CC[C@@H]1CCc2c(sc(NC(=O)c3cccc(C)n3)c2C(=O)NC(C)C)C1,0.8034,3.8731,-7.9,-8.0,seed42
C[C@@H]1CN(C(=O)c2ccccc2)[C@@H]2CCCC[C@@H]21,0.7405,3.9393,-8.0,-7.9,seed42
CNC(=O)CCNC(=O)NCc1cccc(C(=O)NC2CC2)c1,0.5894,2.9441,-8.0,-7.9,seed42
CN(Cc1ccc(Cl)s1)C(=O)CN1CCN(c2cccc[nH+]2)CC1,0.8133,4.2295,-7.8,-8.1,seed42
C[C@@H]([NH2+][C@@H]1CCCC[C@H]1C(N)=O)c1ccccc1,0.8288,4.9882,-8.2,-7.7,seed42
CNC(=O)N1CC[C@@H](CNC(=O)N2CCC(C(=O)NC)CC2)C1,0.6715,3.7802,-7.7,-8.2,seed42
C[C@@H](c1ccccc1)[NH+](C)CC(=O)NCc1ccccc1,0.829,4.3422,-7.8,-8.0,seed42
CN(C(=O)c1cccc(N2CCCC2=O)c1)[C@@H]1CCS(=O)(=O)C1,0.8275,3.7509,-7.5,-8.3,seed42
Cc1cc(C(=O)N(C)Cc2ccc(C#N)cc2)ccc1[N+](=O)[O-],0.6412,3.0294,-8.0,-7.8,seed42
Cc1cc(N2CCCCC2)nc(SCC(=O)N2CCCC2)n1,0.63,3.1686,-7.8,-8.0,seed42
Cc1ccc(O[C@@H](C)C(=O)Nc2ccc(C#N)cc2)cc1,0.9345,3.1228,-7.7,-8.1,seed42
COc1ccc2nc(SCC(=O)N[C@H](C)c3ccccc3)sc2c1,0.6685,3.3796,-7.5,-8.3,seed42
CCN1C(=O)C(C(=O)C(=O)Nc2ccccc2)=C(C)N=C1C,0.688,3.2272,-7.6,-8.2,seed42
COCCN1C(=O)c2ccccc2N[C@@H]1c1ccccc1OC,0.9221,3.5796,-7.6,-8.2,seed42
CC[C@@H](NC(=O)NCCc1nc(C)c(C)s1)c1ccccc1,0.8522,3.6073,-7.6,-8.2,seed42
C[C@H]1CN(c2ccccc2C(=O)N2CCCC2)C[C@@H](C)O1,0.8382,3.7192,-8.2,-7.6,seed42
Cc1cc(NC(=O)C(=O)NCCc2ccccc2)no1,0.8218,2.9268,-7.6,-8.2,seed42
CCOc1cc(OC)ccc1C(=O)N1CCN(c2ccccc2)CC1,0.8389,2.7625,-7.6,-8.2,seed42
Cc1ccc(/C=N/NC(=O)C2CCCCC2)cc1,0.6442,2.8476,-7.6,-8.2,seed42
COCCN1C(=O)NC(=O)C12CCN(C(=O)c1ccc(OC)cc1)CC2,0.7864,3.7781,-7.4,-8.3,seed42
CCN(CC)C(=O)CN1CCN(C(=O)Nc2ccccc2N2CCCC2)CC1,0.8138,3.13,-7.4,-8.3,seed42
CC[C@@H]1C(=O)NCCN1C(=O)c1ccccc1NC(C)=O,0.8709,3.5641,-7.4,-8.3,seed42
C[C@@H]([NH2+][C@@H](C)c1ccc(F)cc1)c1ccc(F)cc1,0.8699,4.4437,-7.7,-8.0,seed42
Cc1cc(OCC(=O)Nc2ccccc2OCC(F)F)ccc1[N+](=O)[O-],0.5697,3.1541,-7.5,-8.2,seed42
CCC[C@@]1(C)NC(=O)N(CCC(=O)Nc2ccc(F)cc2)C1=O,0.789,3.5808,-7.5,-8.2,seed42
CN(CCCNC(=O)C1CCCC1)c1nc2ccccc2[nH]1,0.8064,3.2599,-7.3,-8.4,seed42
Cc1cc(OCC(=O)Nc2cccc(C#N)c2)ccc1F,0.9383,2.8275,-7.7,-8.0,seed42
CNC(=O)NC(=O)CN(c1ccc(Cl)c(C(F)(F)F)c1)S(C)(=O)=O,0.8195,3.4039,-7.8,-7.9,seed42
CCOC(=O)c1ccc(NC(=O)NCc2ccccc2Cl)cc1,0.8174,2.6553,-7.5,-8.2,seed42
COc1ccccc1C(=O)NC(=S)Nc1ccc(C)cc1,0.8552,2.641,-7.6,-8.1,seed42
Cc1cc([N+](=O)[O-])ccc1NC(=O)C(=O)NC[C@@H](C)C[NH+]1CCCCC1,0.3922,4.8409,-7.7,-8.0,seed42
CC[C@@H](C(=O)Nc1ccc(Cl)c(C(F)(F)F)c1)c1nc(C)cs1,0.806,3.8703,-7.5,-8.2,seed42
COC(=O)[C@H]1CCCC[C@H]1NC(=O)c1ccc(C)cc1,0.8621,3.5628,-7.8,-7.9,seed42
CCN1C[C@@H](C(=O)Nc2ccc(C)cc2C)CC1=O,0.9046,3.3491,-7.9,-7.8,seed42
CC1=NN(c2ccccc2)C(=S)N1CC(=O)Nc1ccc(F)cc1,0.7386,3.1849,-7.5,-8.2,seed42
CC(=O)Nc1ccc(NC(=O)C(=O)NC2CCC([NH+](C)C)CC2)cc1,0.5847,3.9285,-7.5,-8.2,seed42
C[C@H]1CCC[C@@H](C)N1C(=O)COC(=O)c1ccccc1Cl,0.805,3.7039,-7.7,-7.9,seed42
COc1ccc(CNC(=O)CCC(=O)Nc2ccccc2)cc1,0.8258,2.5286,-7.3,-8.3,seed42
C[C@H]1CCCCN1C(=O)CN1CCN(C(=O)c2ccncc2)CC1,0.8367,3.5077,-7.2,-8.4,seed42
CNC(=O)c1ccc(OCC(=O)N2CCC(C)CC2)cc1,0.9176,2.803,-7.3,-8.3,seed42
C[C@@H]1OCC[C@H]1C(=O)NCCCn1nnc2ccccc21,0.8435,4.1629,-7.9,-7.7,seed42
CCOc1cc(C(=O)NCCc2ccccc2)ccc1OC(C)C,0.801,2.7176,-7.4,-8.2,seed42
CCC1(CC)CC[NH+](CCC(=O)NCc2ccc(F)cc2)CC1,0.7938,4.3971,-7.5,-8.1,seed42
CN(CC1CC1)C(=O)CCN1C(=O)/C(=C/c2ccccc2)SC1=O,0.7446,3.2394,-7.4,-8.2,seed42
CC(C)C[C@@H](C)NC(=O)N1CCN(c2ccccc2F)CC1,0.9276,3.4271,-7.5,-8.1,seed42
CC(C)c1nnc(NC(=O)c2cccc(C#N)c2)s1,0.9314,3.134,-7.5,-8.1,seed42
CCOC(=O)C1(C)CC[NH+](Cc2ccc(C(=O)NC)cc2)CC1,0.7892,4.4366,-7.8,-7.8,seed42
CN(CC(=O)Nc1ccc(OCC#N)cc1)C(=O)c1ccccc1Cl,0.8612,2.9721,-7.6,-8.0,seed42
CCOC(=O)c1ccc(CNC(=O)N2CCC[C@H](C)C2)cc1,0.8702,3.2671,-7.5,-8.1,seed42
CC(C)CCNC(=O)C1CCN(C(=O)c2cccc(Cl)c2)CC1,0.896,2.8556,-7.3,-8.2,seed42
COc1ccc(NC(=O)CNC(=O)c2ccccc2)cc1OC,0.8556,2.5395,-7.4,-8.1,seed42
CNC(=O)CN1C(=O)C(=Cc2ccccc2OC)C(C)=NC1=O,0.847,3.5305,-8.2,-7.3,seed42
CNC(=O)c1ccc(NC(=O)N(C)CC(=O)N2CCCC2)cc1,0.873,2.9576,-7.3,-8.2,seed42
COc1ccccc1OCC(=O)Nc1cccc(S(=O)(=O)N(C)C)c1,0.8118,2.785,-7.6,-7.9,seed42
CCOc1ccc(C(=O)Nc2ccc(C(=O)NC)cc2)cc1OC,0.8546,2.6359,-7.4,-8.1,seed42
COCCCNC(=O)c1ccc(NC(=O)c2ccc(Cl)cc2)cc1,0.7553,2.6008,-7.6,-7.9,seed42
Cc1cccc2sc(N(CC[NH+](C)C)C(=O)c3cccc(Cl)c3)nc12,0.7449,3.9716,-7.6,-7.9,seed42
CCN(Cc1ccccc1)C(=O)c1ccnc(OCC(F)F)c1,0.7852,3.2254,-7.6,-7.9,seed42
CN(C(=O)Cn1cnc2sccc2c1=O)C1CCC(C)(C)CC1,0.8677,3.6635,-7.4,-8.1,seed42
CC(C)n1nnnc1SCC(=O)Nc1cccc(-n2cccn2)c1,0.6899,3.3596,-7.4,-8.0,seed42
Cc1cc(OCC(=O)Nc2ccc(C)c([N+](=O)[O-])c2)c(C)s1,0.6739,3.2179,-7.5,-7.9,seed42
C[C@H]1CCCN(S(=O)(=O)CC(=O)NCCc2ccccc2)[C@H]1C,0.8599,3.9653,-7.0,-8.4,seed42
CC[C@@H]1C(=O)NCC[NH+]1Cc1cccc(C(=O)NC)c1,0.6835,5.2602,-7.5,-7.9,seed42
COc1ccc(CC(=O)Nc2cccc(Cl)c2C(=O)[O-])cc1,0.9128,3.1509,-7.4,-8.0,seed42
CCOc1cc(C(=O)NCc2ccc(Cl)cc2)cc(OC)c1OC,0.8279,2.7575,-7.4,-8.0,seed42
O=C(Nc1ccc2c(c1)CCCC2)c1ccc2c(c1)N(C(=O)c1ccccc1)CC2,0.6757,3.0651,-10.0,-12.5,seed123
Cc1cccc(C(=O)N2CCC(C(=O)Nc3ccccc3C(=O)Nc3ccccc3F)CC2)c1,0.571,2.9793,-11.0,-10.3,seed123
Cc1cc(C)cc(C(=O)Nc2nnc(-c3cccc(C(F)(F)F)c3)o2)c1,0.7388,3.1898,-10.2,-10.9,seed123
O=C(c1cccc(NC(=O)C(=O)N2CCC[C@H](c3nc4ccccc4s3)C2)c1)N1CCCC1,0.5992,3.7736,-10.3,-10.6,seed123
CCc1ccc(C(=O)N2CCC[C@@H](c3nc(-c4ccc(C)cc4)no3)C2)cc1,0.6671,3.4921,-9.9,-10.8,seed123
O=C(Nc1ccccc1C(=O)Nc1cc(Cl)ccc1Cl)c1cccc2ccccc12,0.3771,2.8164,-10.3,-9.9,seed123
O=C(Nc1cccc(N2CCCC2=O)c1)c1ccc2c(c1)CCC(=O)N2,0.8941,3.1493,-9.5,-10.5,seed123
Cc1nc(-c2ccccc2)c(C(=O)Nc2cccc(C(=O)NCc3ccccc3)c2)s1,0.4386,2.9619,-9.4,-10.6,seed123
O=C(Nc1ccccc1)c1ccc(C(=O)N2CCC(c3nc4ccccc4s3)CC2)cc1,0.4504,3.0028,-9.4,-10.5,seed123
COc1cc([C@H]2CC(=O)NC(=O)C2=NN2CCN(C(=O)c3ccccc3)CC2)ccc1O,0.7001,4.1666,-9.1,-10.8,seed123
Cc1noc(-c2ccc(NC(=O)c3cccc(OCc4ccccc4)c3)cc2)n1,0.512,2.8995,-9.5,-10.4,seed123
O=C(Nc1ccccc1OCc1ccccc1)[C@H]1CCCN(C(=O)c2ccccc2)C1,0.6329,3.265,-9.6,-10.2,seed123
O=C(Nc1cccc(N2CCCC2)c1)c1ccc2c(c1)C(=O)N(Cc1cccnc1)C2=O,0.6289,3.151,-9.7,-10.1,seed123
O=C(c1cccc2c1OCCO2)c1ccc(S(=O)(=O)N2CCC(Cc3ccccc3)CC2)cc1,0.4943,3.3192,-10.0,-9.7,seed123
O=C(Cn1nc(-c2ccccc2)ccc1=O)N1CCC2(CCCCC2)C1,0.8538,3.75,-9.2,-10.5,seed123
O=C(Cn1cnc2ccccc2c1=O)Nc1ccccc1C(=O)NCc1ccccc1,0.5092,2.8998,-9.6,-10.1,seed123
O=C(C1CCN(C(=O)c2cnn(-c3ccccc3)c2)CC1)N1CCN(C(=O)c2ccccc2)CC1,0.5863,3.2024,-9.7,-9.8,seed123
CCOc1ccc(C(=O)C2=C([O-])C(=O)N(c3ccccc3)[C@H]2c2ccc(C)cc2)cc1,0.5745,3.8257,-9.4,-10.1,seed123
O=C(Nc1ccccc1C(=O)NCc1ccccc1)c1ccccc1C(F)(F)F,0.6431,2.8145,-9.3,-10.2,seed123
O=C(Nc1cccc(N2CCCC2=O)c1)c1ccccc1C(=O)Nc1ccc(Cl)cc1,0.5958,2.9605,-9.5,-10.0,seed123
Cc1ccc(Cn2cc(C(=O)NCCCc3nc4ccccc4s3)c(=O)c3ccccc32)cc1,0.3291,3.2601,-9.2,-10.2,seed123
O=C(Nc1ccc(-c2nnc(-c3ccccc3)o2)cc1)c1ccccc1,0.5862,2.6904,-8.9,-10.5,seed123
O=C(NCc1ccc(C(=O)N2CCCCC2)cc1)c1ccc(S(=O)(=O)N2CCCC2)cc1,0.7254,2.9618,-9.6,-9.8,seed123
O=C(Nc1ccc(N2CCN(C(=O)c3ccccc3)CC2)cc1)c1ccccc1Cl,0.6743,2.758,-8.6,-10.8,seed123
O=C(Nc1cccc(NC(=O)c2ccccc2)c1)c1ccc(F)cc1F,0.7278,2.6452,-9.2,-10.2,seed123
O=C(c1cccc(C(F)(F)F)c1)N1CCN(C(=O)c2ccccc2)CC1,0.8225,2.786,-9.3,-10.0,seed123
O=C(Nc1cccc(OCc2ccccc2)c1)[C@H]1CCCN(c2ncccn2)C1,0.6934,3.4428,-9.4,-9.9,seed123
CC1=NN(C(=O)CCc2ccccc2)C(=O)/C1=C/c1cccc([N+](=O)[O-])c1,0.4625,3.4169,-9.4,-9.8,seed123
Cc1noc(C)c1CCC(=O)N1CCC[C@H](C(=O)N2CCc3ccccc32)C1,0.8164,3.788,-8.9,-10.3,seed123
Cc1ccc(-c2cccc(NC(=O)C(=O)N[C@@H](C)c3ccc(C#N)cc3)c2)c(C)c1,0.6284,3.5524,-8.8,-10.4,seed123
O=C(c1cccc2ccccc12)N1CCC(n2ccccc2=O)CC1,0.7209,3.0654,-9.4,-9.8,seed123
O=C(c1ccc(S(=O)(=O)N2CCCCC2)cc1)N1CCC[C@H](c2ccccc2)C1,0.7657,3.398,-9.5,-9.6,seed123
O=C(c1cccc([N+](=O)[O-])c1)N1CCN(c2ccc(C(=O)NC3CCCCC3)cc2)CC1,0.5705,3.0648,-9.9,-9.2,seed123
O=C(c1cccs1)[C@@H]1CCCN(C(=O)c2cccc(OCc3ccccc3)c2)C1,0.5385,3.4772,-8.9,-10.2,seed123
O=C(NCCC1=Cc2ccccc2C1)N1CCC(Oc2ccc([N+](=O)[O-])cc2)CC1,0.5751,3.513,-8.9,-10.1,seed123
O=C(CCCN1C(=O)/C(=C/c2ccccc2)SC1=S)Nc1cccc(C(=O)N2CCCCC2)c1,0.4374,3.2475,-9.7,-9.3,seed123
O=C(CSc1nnc(NCc2ccccc2)n1-c1ccccc1)Nc1ccccc1Cl,0.3587,3.1053,-9.1,-9.9,seed123
CC[C@@H](NC(=O)Nc1ccc(-c2ccccc2)cc1)c1ccc(C)cc1,0.5911,3.1511,-8.6,-10.4,seed123
CC(=O)Nc1ccc(S(=O)(=O)N2CCc3c([nH]c4ccccc34)[C@H]2C(=O)[O-])cc1,0.6659,4.0678,-9.1,-9.8,seed123
O=C(Nc1ccc(N2CCCC2)cc1)C(=O)Nc1ccccc1-c1cccnc1,0.6666,3.0051,-9.2,-9.7,seed123
O=C(Nc1cccc(F)c1)[C@H]1CCCN(C(=O)Nc2ccccc2Cl)C1,0.8367,3.3215,-9.1,-9.8,seed123
CCOc1cc(C(=O)N2CCC(C(=O)Nc3ccc(C)cc3)CC2)ccc1F,0.8469,2.8811,-8.9,-10.0,seed123
O=C(c1cccc(C(F)(F)F)c1)N1CCN(C(=O)c2ccc(Cl)c(Cl)c2)CC1,0.6972,2.9636,-8.5,-10.3,seed123
O=C(NC[C@@H](c1ccccc1)N1CCN(c2ccccc2)CC1)c1ccccc1,0.6972,3.2252,-8.9,-9.9,seed123
O=C(c1ccc(C[NH+]2CCCCC2)cc1)N1CCC(c2nc3ccccc3o2)CC1,0.725,4.1678,-8.9,-9.9,seed123
O=C(NCCCNC(=O)N1CCC(Cn2cc[nH+]c2-c2ccccc2)CC1)c1ccccc1,0.5213,3.8994,-9.1,-9.7,seed123
O=C(CSc1nnc(Nc2ccc(S(=O)(=O)N3CCCC3)cc2)o1)c1ccccc1,0.4152,3.2961,-9.2,-9.6,seed123
O=C(Nc1ccccc1)c1ccc(Cn2ccc3ccccc32)cc1,0.566,2.6783,-8.9,-9.8,seed123
Cc1cc(C)cc(C(=O)NCC(=O)N2CCC(C(=O)Nc3ccccc3)CC2)c1,0.8199,2.9464,-8.9,-9.8,seed123
O=C(CSc1nc2ccccc2n1CC(=O)Nc1ccc2c(c1)OCCO2)NCc1ccccc1,0.366,3.2116,-9.0,-9.7,seed123
O=C(c1ccc(-c2ccccc2)cc1)N1CCN(C(=O)c2cccc(Cl)c2)CC1,0.6394,2.745,-9.1,-9.6,seed123
CCCc1ccc(C(=O)N2CCC[C@@H](C(=O)NCc3ccc(F)cc3)C2)cc1,0.8225,3.3056,-8.5,-10.2,seed123
Cc1ccc(S(=O)(=O)N2CCN(C(=O)C(=O)Nc3ccccc3)CC2)cc1C,0.7945,2.9982,-9.2,-9.5,seed123
O=C(CNC(=O)c1ccccc1)Nc1ccc(-c2ccccc2)cc1,0.7489,2.4849,-8.7,-9.9,seed123
CCOC(=O)c1cccc(NC(=O)N2CCC(C(=O)Nc3cccc(C)c3)CC2)c1,0.7294,2.9402,-8.4,-10.2,seed123
O=C(c1ccc(-n2cccn2)cc1)N1CCC(Oc2ccc(F)cc2)CC1,0.7084,3.0718,-9.0,-9.6,seed123
Cc1ccc(C)c(C(=O)N2CCC[C@@H](c3nc(C)c(C)c(=O)[nH]3)C2)c1,0.9144,3.867,-8.9,-9.7,seed123
O=C(c1cccc(F)c1)N1CCN(c2ccc(N3CCCCC3)nc2)CC1,0.8343,3.0375,-8.9,-9.7,seed123
O=C(C[C@H]1S/C(=N/C(=O)c2cccc(F)c2)NC1)N1CCC(OCc2ccccc2)CC1,0.7205,4.3231,-9.1,-9.5,seed123
Cc1cc(C)c(NC(=O)C(=O)NCCCNC(=O)c2ccc(F)cc2)cc1C,0.5277,2.9932,-8.7,-9.8,seed123
O=C(Nc1ccc(N2CCOCC2)cc1)c1cccc(C(=O)NC2CC2)c1,0.8547,2.8573,-9.2,-9.3,seed123
Cc1cc(=O)oc2cc(OCC(=O)NCCc3ccccc3)ccc12,0.7024,2.9084,-9.0,-9.5,seed123
O=C(Nc1cccc(Cl)c1)c1ccc(-c2ccccc2)cc1,0.7024,2.4011,-9.1,-9.4,seed123
COc1ccc(-c2nc(C)c(C(=O)Nc3ccccc3C)cc2NC(=O)C(C)C)cc1,0.5761,3.1253,-8.7,-9.8,seed123
CC(=O)c1ccccc1C(=O)N1CCC[C@@H](c2ccc(OCC(=O)N(C)C)cc2)C1,0.6876,3.5948,-8.8,-9.7,seed123
O=C(c1ccc(C(F)(F)F)cc1)N1CC[C@H](c2ccccc2)C1,0.8064,3.2462,-9.0,-9.4,seed123
O=C(Nc1ccc(C(F)(F)F)cc1)c1ccc(COc2ccc(Cl)cc2)o1,0.5951,2.949,-8.8,-9.6,seed123
O=C(Cc1ccccc1)Nc1ccccc1C(=O)NCc1ccccc1,0.7145,2.545,-8.5,-9.8,seed123
O=C(c1ccc(Cn2ccccc2=O)cc1)N1CCN(c2ccccc2)CC1,0.7065,2.8974,-8.4,-9.9,seed123
Cc1nnc2n1CCC[C@@H]2NC(=O)C(=O)Nc1cc(C)ccc1C,0.8232,3.888,-8.4,-9.9,seed123
O=C(c1cccc(OCc2ccccn2)c1)N1CCC[C@H]1c1ccccc1,0.6673,3.3746,-9.0,-9.3,seed123
O=C(NCc1ccc(F)cc1)Nc1cccc(Oc2ccccc2)c1,0.6932,2.6509,-8.9,-9.4,seed123
CCc1ccc([C@@H](C)NC(=O)C(=O)Nc2cccc(C(N)=O)c2)cc1,0.7276,3.3373,-8.5,-9.8,seed123
O=C(CSc1nc2ccccc2c(=O)n1Cc1ccccc1)c1ccc(F)cc1F,0.2568,3.0311,-9.5,-8.8,seed123
O=C(NCc1cccc(Cl)c1)c1ccccc1SCc1ccccc1,0.5775,2.7415,-8.8,-9.4,seed123
O=C(c1cccc(C(F)(F)F)c1)N1CCC[C@@H](C(=O)N2CCCCC2)C1,0.8008,3.4729,-8.8,-9.4,seed123
CC(=O)Nc1cccc(N2C(=O)/C(=C/c3ccc(OC(C)C)cc3)C2=O)c1,0.5013,3.112,-8.8,-9.4,seed123
O=C(Nc1ccccc1)c1cccc(-c2nc(C3CC3)no2)c1,0.7943,2.8874,-8.8,-9.4,seed123
O=C([O-])c1cc(S(=O)(=O)N2CCCCC2)ccc1OCc1ccccc1,0.7695,3.2162,-9.2,-9.0,seed123
O=C(C[n+]1ccccc1)[C@H]1CC(=O)N(c2ccccc2)c2ccccc21,0.6815,3.967,-8.6,-9.6,seed123
O=C(c1cccs1)c1cc(-c2ccccc2)nc2ccccc12,0.4867,2.8662,-9.5,-8.7,seed123
O=C(c1ccc(Cn2cccn2)cc1)N1CCC(c2ccccc2)CC1,0.718,2.953,-9.1,-9.1,seed123
CCCn1nc(C)c(CNC(=O)c2ccc(-c3ccccc3)cc2)c1C,0.7131,2.9069,-8.7,-9.4,seed123
Cc1noc(-c2ccc(NC(=O)C(=O)NCCc3ccccc3)cc2)n1,0.6885,2.9815,-8.7,-9.4,seed123
O=C(c1cccc(S(=O)(=O)N2CCCCC2)c1)N1CCC(OC2CCCC2)CC1,0.732,3.2607,-8.8,-9.3,seed123
Cc1csc(=O)n1CCC(=O)N1CCC[C@H](C(=O)N2CCC(C(=O)NCc3ccccc3)CC2)C1,0.6347,3.8714,-8.5,-9.6,seed123
O=C([O-])c1cc(OCC(=O)N2CCCC[C@H]2c2ccccc2)ccc1OC(F)F,0.7092,3.949,-8.7,-9.4,seed123
O=C([O-])c1cc(F)c(C(=O)N2CCC(Cc3ccccc3)CC2)cc1,0.8579,3.291,-8.8,-9.3,seed123
O=C(Cn1c(=O)oc2ccccc21)NCc1ccc(C(F)(F)F)cc1,0.7869,3.0439,-8.9,-9.2,seed123
O=C(Cc1ccc(F)cc1)Nc1cccc(C(=O)N2CCCC2)c1,0.9375,2.6771,-8.8,-9.3,seed123
CCc1ccccc1C(=O)NCCCN1C(=O)N[C@](C)(c2ccccc2)C1=O,0.5735,3.5472,-8.5,-9.6,seed123
CCOC(=O)c1cccc(NC(=O)C(=O)NCc2c[nH]c3ccccc23)c1,0.4778,3.0045,-8.5,-9.6,seed123
O=C(NCc1ccc(Oc2ccccc2)cc1)C1CC[NH+](Cc2ccccc2)CC1,0.6354,3.8048,-9.0,-9.0,seed123
O=C(Cn1cnc2ccccc21)N1CCC(OCc2ccccc2)CC1,0.7104,3.0681,-8.5,-9.5,seed123
Cc1cc(C)c(NC(=O)C(=O)Nc2cccc(C(N)=O)c2)c(C)c1,0.7546,2.9451,-8.5,-9.5,seed123
O=C(c1ccccc1)N(CC(=O)N1CCC(C[NH+]2CCCC2)CC1)c1ccc(Cl)cc1,0.7503,4.1507,-8.6,-9.4,seed123
O=C(CNc1ncccn1)N1CCN(C(=O)c2cccc([N+](=O)[O-])c2)CC1,0.6095,3.2098,-8.7,-9.3,seed123
O=C([O-])CC1CCN(C(=O)c2cccc(OCc3ccccc3)c2)CC1,0.7996,3.1958,-8.5,-9.5,seed123
COc1ccc(/C=C/C(=O)N2CCC(C(=O)Nc3ccc(C)cc3)CC2)cc1,0.8032,2.9133,-8.5,-9.4,seed123
Cc1nc(C)c(C(=O)N2CCC[C@H](CNC(=O)c3cccc(OC(F)F)c3)C2)s1,0.7701,3.7995,-8.7,-9.2,seed123
Cc1noc(C)c1CCCNC(=O)N1CCC[C@H](C(=O)Nc2ccccc2)C1,0.7484,3.6179,-8.4,-9.5,seed123
O=C(NCc1ccc(Cl)cc1)c1ccc(C(=O)N2CCCC2)cc1,0.924,2.6068,-8.7,-9.2,seed123
Cc1nc2ccccc2n1CC(=O)N1CCC(C(=O)N2CCCCC2)CC1,0.8367,3.1114,-8.7,-9.2,seed123
O=C(Cc1ccccc1)Nc1ccccc1C(=O)NC1CCCCC1,0.869,2.687,-8.5,-9.4,seed123
O=C(Nc1ccc(OCc2cccc(Cl)c2)cc1)c1ccccc1,0.697,2.4979,-8.4,-9.5,seed123
O=C(C1CCOCC1)N1CCC[C@H](c2nnc(-c3ccccc3)o2)C1,0.8585,3.7249,-8.7,-9.2,seed123
Cc1cc(NC(=O)CN2C(=O)N[C@@](C)(c3cccnc3)C2=O)ccc1Br,0.7486,3.7112,-8.5,-9.4,seed123
O=C(NC1CCN(c2ccccc2)CC1)c1ccc(Br)c(F)c1,0.8776,2.8599,-8.1,-9.8,seed123
CCc1cccc(NC(=O)CN2C(=O)c3ccccc3C2=O)c1,0.8825,2.7473,-8.6,-9.3,seed123
O=C(NCCc1ccccc1)c1ccc(-c2ccccc2)o1,0.7739,2.6442,-8.4,-9.4,seed123
O=C(NCCOc1ccccc1)c1ccc(NC(=O)c2ccccc2)cc1,0.6308,2.5579,-8.4,-9.4,seed123
CC[C@@H](NC(=O)N1CCC(C(=O)N2CCCCC2)CC1)c1ccc(F)cc1,0.8722,3.5268,-8.8,-9.0,seed123
O=C(CSc1ncnc2c1cnn2-c1ccccc1)Nc1ccccc1,0.4347,3.0168,-8.4,-9.4,seed123
COc1ccc(-n2nc(C(=O)Nc3ccc(Cl)cc3C)c(=O)[nH]c2=O)cc1,0.7141,3.1693,-8.5,-9.3,seed123
CCc1ccc(-c2nc(C(=O)Nc3ccc(C)cc3)no2)cc1,0.7944,2.9367,-8.6,-9.2,seed123
COCCn1c(=O)c2ccccc2n2c(=O)c3ccccc3n12,0.5763,3.6672,-8.8,-8.9,seed123
O=C(Nc1ccccc1F)c1ccc(S(=O)(=O)N2CCCCC2)cc1,0.9078,2.7198,-8.3,-9.4,seed123
O=C(Nc1ccc(Cl)cc1)c1ccccc1OCc1ccccc1,0.697,2.4865,-8.8,-8.9,seed123
O=C([O-])CCC(=O)N1CCC[C@@H](c2nc(-c3ccccc3)no2)C1,0.8108,3.9508,-8.3,-9.4,seed123
O=C(COc1ccc(Br)cc1)Nc1cccc(OCc2ccccc2)c1,0.5913,2.6475,-8.6,-9.1,seed123
O=C(NCC1CCN(c2ccccc2)CC1)c1ccccc1,0.9378,2.6219,-8.6,-9.1,seed123
O=C(CSc1nnc(Nc2ccc(Cl)cc2)n1C1CC1)Nc1ccc(F)cc1,0.5359,3.2248,-8.5,-9.2,seed123
COc1ccc(CCNC(=O)N2CCC[C@H](c3nc(C)n[nH]3)C2)cc1,0.8721,3.8767,-8.5,-9.1,seed123
O=C(NCc1ccccc1)c1ccc(NC(=O)C2CCCC2)cc1,0.8807,2.5645,-8.5,-9.1,seed123
COc1ccc(C(=O)NCC(=O)N2CCCC[C@H]2c2ccccc2)cc1,0.8991,3.2453,-8.5,-9.1,seed123
COc1cc(CC(=O)Nc2ccccc2C(=O)NCc2ccccc2)cc(OC)c1OC,0.5348,2.9157,-8.2,-9.4,seed123
O=C(Nc1ccccc1)c1ccc(-c2ccccc2)nc1,0.784,2.481,-8.8,-8.8,seed123
O=C(Cc1cccc(F)c1)N1CCCC[C@@H]1CCc1ccccc1,0.7986,3.3231,-8.6,-9.0,seed123
O=C(Nc1cccc(CN2CCOCC2)c1)c1cc(Cl)ccc1Cl,0.8879,2.8123,-8.7,-8.9,seed123
O=C(c1ccc(Cl)cc1Cl)N1CCN(C(=O)c2ccccc2)CC1,0.8183,2.6957,-8.5,-9.1,seed123
O=C(NCc1ccc(Cl)cc1)c1cc(-c2ccccc2)n[nH]1,0.7722,2.8001,-8.3,-9.3,seed123
O=C(NC1CCCC1)c1ccccc1C(=O)Nc1ccccc1,0.9062,2.6241,-9.1,-8.4,seed123
Cc1nnc2n1CCC[C@@H]2NC(=O)Nc1ccc(F)c(F)c1,0.8953,3.8461,-8.5,-9.0,seed123
Cc1nccc(C(=O)NCC2(C)Cc3ccccc3C2)n1,0.9391,3.5716,-8.6,-8.9,seed123
Cc1csc(NC(=O)c2ccc(NC(=O)c3ccc(Cl)cc3)cc2)n1,0.7031,2.7448,-8.3,-9.2,seed123
CC[C@@H]1CCCC[C@@H]1C(=O)N1CCN(c2ccc(C(=O)NC)cc2)CC1,0.9014,3.8301,-8.0,-9.5,seed123
Cc1noc(-c2ccccc2)c1C(=O)N1CCC(c2nnc(C3CC3)n2C)CC1,0.678,3.5899,-8.8,-8.7,seed123
O=C(NC1CCN(C(=O)c2ccccc2)CC1)c1ccc(Cl)cc1,0.9293,2.6419,-8.1,-9.4,seed123
COCCOc1ccc(NC(=O)N2CCC[C@@H](C(=O)NCc3ccccc3)C2)cc1,0.6536,3.3861,-8.1,-9.4,seed123
O=C([O-])[C@@H]1CC=CC[C@@H]1C(=O)Nc1cccc(S(=O)(=O)N2CCCC2)c1,0.762,4.3068,-8.8,-8.7,seed123
O=C(Cn1cnc2ccccc21)N1CCN(Cc2ccccc2)CC1,0.7355,2.8855,-8.2,-9.2,seed123
O=C(Nc1ccccc1OCc1ccc(F)cc1)c1ccccc1,0.7422,2.5003,-8.4,-9.0,seed123
O=C(Nc1ccccc1OCc1ccccc1)c1ccc(Cl)cc1,0.697,2.4812,-8.6,-8.8,seed123
Cc1nc2ccccc2n1CC(=O)N1CCC[C@H]1c1ccccc1OC(F)F,0.6576,3.7233,-9.2,-8.2,seed123
O=C([O-])[C@@H]1CCCN(C(=O)Nc2cccc(C(F)(F)F)c2)C1,0.9026,3.8532,-8.3,-9.0,seed123
O=C(Nc1ccc(Oc2ccccc2)cc1)c1ccccc1,0.7536,2.3524,-8.3,-9.0,seed123
O=C(CNC(=O)c1cccc(Cl)c1)Nc1ccc2c(c1)OCO2,0.9013,2.8219,-8.3,-9.0,seed123
O=C(C1CCN(c2ncccn2)CC1)N1CCN(Cc2ccccc2)CC1,0.8299,3.0092,-8.3,-9.0,seed123
O=C([O-])C1=NN(c2ccc(C(F)(F)F)cc2)C(=O)N1Cc1ccccc1,0.7039,3.5579,-7.9,-9.4,seed123
O=C(c1ccc(Cl)cc1)N1CCN(c2ccccc2F)CC1,0.8466,2.6276,-8.7,-8.6,seed123
Cc1nc2ccccc2n1CCNC(=O)NCCc1ccccc1,0.733,2.8998,-8.2,-9.1,seed123
O=C(CNc1ccccc1)N1CCN(C(=O)c2ccccc2)CC1,0.9372,2.6901,-8.1,-9.2,seed123
O=C(CN1CCN(c2cccc[nH+]2)CC1)Nc1ccccc1[N+](=O)[O-],0.6503,3.9144,-8.6,-8.7,seed123
O=C(NCCCC1CCCCC1)c1cnc2ccccc2c1[O-],0.8607,3.4622,-8.2,-9.1,seed123
Cc1ccc(NC(=O)CN(C)C(=O)c2ccc(S(C)(=O)=O)cc2)cc1C,0.8711,2.8953,-8.4,-8.8,seed123
O=C(C[C@H](O)c1ccccc1)N1CCN(c2ccc(F)cc2)CC1,0.9381,3.3163,-8.3,-8.9,seed123
O=C([O-])c1ccc(N2CCN(CC(=O)Nc3ccccc3)CC2)c(F)c1,0.8633,3.189,-8.3,-8.9,seed123
COc1ccc(-c2nnc(SCC(=O)Nc3ccccc3)n2C)cc1,0.6885,2.796,-7.9,-9.3,seed123
CC[C@@H](NC(=O)c1ccc2c(c1)nc(C)n2C)c1ccccc1,0.7974,3.4092,-8.3,-8.9,seed123
O=C(c1ccc(CSc2nnc(C3CC3)n2C2CC2)cc1)N1CCC[C@H]1c1ccccc1,0.4349,3.7604,-8.4,-8.8,seed123
O=C(NC[C@@H]1CCCO1)c1ccc(-c2ccccc2F)cc1,0.9394,3.1968,-8.2,-9.0,seed123
O=C(Cc1ccccc1)N(Cc1ccccc1)Cc1ccccn1,0.6918,2.7544,-8.5,-8.7,seed123
O=C([O-])c1cc(-c2ccccc2)nc2ccccc12,0.6986,3.0415,-8.6,-8.6,seed123
O=C(Nc1ccc(F)cc1)c1ccc(-c2cccs2)cc1,0.7384,2.5963,-8.6,-8.6,seed123
Cc1nc(C)c(C(=O)N2CCC(C(=O)NCCCc3ccc(F)cc3)CC2)s1,0.7512,3.1329,-8.1,-9.1,seed123
O=C(c1ccc(C#CCO)cc1)N1CCN(C(=O)c2ccccc2)CC1,0.8394,2.9606,-8.0,-9.2,seed123
O=C(CSc1ccccc1)N1CCN(C(=O)c2cccc(Cl)c2)CC1,0.7698,2.8425,-8.0,-9.2,seed123
O=C(C[C@H]1Sc2ccccc2NC1=O)Nc1ccc(Cl)c(Cl)c1,0.8436,3.5517,-8.2,-9.0,seed123
O=C(c1ccc(Br)cc1)N1CCN(c2ccc(C(=O)[O-])cc2)CC1,0.8044,3.1481,-8.5,-8.6,seed123
O=C(CCC1CCCC1)N1CCN(S(=O)(=O)c2ccccc2)CC1,0.8197,2.9172,-8.5,-8.6,seed123
O=C(C[C@H](c1ccccc1)N1CCCC1)Nc1cc(Cl)ccc1Cl,0.796,3.3513,-8.3,-8.8,seed123
Cc1nnc(-c2ccc(CNC(=O)c3ccccc3)cc2)s1,0.8029,2.7962,-8.5,-8.6,seed123
CCc1ccc(C(=O)NNC(=O)Cc2ccc(Cl)cc2)cc1,0.8521,2.6614,-8.1,-9.0,seed123
Cc1ccc(C(=O)NCCNC(=O)Nc2ccccc2F)cc1,0.7425,2.671,-8.2,-8.9,seed123
COCCn1nc(C)cc1C(=O)Nc1ccccc1C(=O)NCc1ccccc1,0.6171,3.0558,-8.5,-8.6,seed123
O=C([O-])Cc1ccc(S(=O)(=O)N2CCC(Cc3ccccc3)CC2)cc1,0.772,3.2657,-7.9,-9.2,seed123
COc1ccc(C)cc1OCC(=O)Nc1ccc(C(=O)N2CCOCC2)cc1,0.8281,2.8648,-8.1,-9.0,seed123
COc1ccc(COc2cccc(C(=O)Nc3ccc(OC)cc3)c2)cc1,0.6697,2.5914,-8.2,-8.9,seed123
O=C(NCc1cccc(Cl)c1)c1ccccc1Sc1ccccc1,0.663,2.7788,-8.2,-8.9,seed123
Cc1nnc2n1CCC[C@@H]2NC(=O)C(=O)Nc1ccc(F)cc1,0.8176,3.8102,-7.8,-9.3,seed123
O=C(c1cccc2c1NCC2)N1CCC[C@H]1c1ccccc1,0.9164,3.6013,-8.3,-8.8,seed123
CC[C@@H](C)NS(=O)(=O)c1ccc(C(=O)Nc2ccc(C)c(C)c2)cc1,0.8258,3.2525,-8.2,-8.8,seed123
O=C(c1ccc([N+](=O)[O-])cc1)N1CCC(Oc2ccccc2)CC1,0.6383,2.8536,-8.3,-8.7,seed123
Cc1nccn1CCC(=O)N1CCC2(CC1)c1ccccc1C2=O,0.871,3.9789,-8.5,-8.5,seed123
O=C([O-])c1ccc(N2CCN(C(=O)c3ccccc3F)CC2)cc1,0.8483,3.1491,-8.2,-8.8,seed123
O=C([O-])c1cccc(NC(=O)c2ccc(Cl)cc2Cl)c1,0.9472,3.114,-8.6,-8.4,seed123
CC[C@@H](NC(=O)c1ccccc1N1CCCC1)C(=O)NCc1ccccc1,0.7925,3.3304,-8.3,-8.7,seed123
CC(=O)c1cccc(NC(=O)C(=O)NCCc2ccc(OC(C)C)cc2)c1,0.5812,2.9379,-7.9,-9.1,seed123
O=C(C1CC1)N1CCC[C@@H](c2ncc(-c3ccccc3)o2)C1,0.8711,3.6264,-8.2,-8.8,seed123
Cc1nnc2n1CCC[C@@H]2NC(=O)CCSc1nc2ccccc2[nH]1,0.6861,4.0517,-7.6,-9.4,seed123
Cc1cc(Br)ccc1C(=O)N1CCC[C@H]1c1cccc(OC(F)F)c1,0.6816,3.6193,-8.4,-8.6,seed123
O=C(NC1CCC(O)CC1)c1ccc(-c2ccccc2F)o1,0.9155,3.1146,-8.4,-8.6,seed123
Cc1csc(C(=O)Nc2ccc(C(=O)NC3CCCCC3)cc2)n1,0.8876,3.0182,-8.5,-8.5,seed123
CC1CCC(CNC(=O)C(=O)Nc2ccc(F)cc2F)CC1,0.8435,3.0708,-8.3,-8.7,seed123
Cc1nccn1-c1ccc(CNC(=O)N2CCC[C@@H]2CC(C)C)cc1,0.8972,3.7919,-8.1,-8.8,seed123
COc1ccc(C(=O)NC(=S)Nc2ccc(C#N)c(C(F)(F)F)c2)cc1,0.7956,3.1008,-8.3,-8.6,seed123
O=C([O-])[C@H]1Cc2ccccc2N(CCc2ccccc2)C1,0.8552,3.7204,-8.4,-8.5,seed123
CCCNC(=O)[C@@H](C)NC(=O)c1ccc(-c2ccccc2)[nH]c1=O,0.7538,3.4616,-8.0,-8.9,seed123
CC1CCC(NC(=O)N2CCN(c3nc(C(C)C)cs3)CC2)CC1,0.9046,3.4139,-7.9,-9.0,seed123
O=C(c1ccc(OCC(=O)N2CCCC2)cc1)N1CCC[C@@H]1Cn1ccnc1,0.7681,3.7281,-8.0,-8.9,seed123
O=C(Nc1ccc(OC(F)F)c(F)c1)N1CCC[C@@H]1c1ccc(F)cc1,0.7773,3.5612,-8.3,-8.6,seed123
O=C([O-])c1cc(NC(=O)CSc2nc3ccccc3s2)ccc1O,0.5342,3.415,-8.2,-8.7,seed123
CCC(CC)C(=O)Nc1cccc(C(=O)Nc2ccccc2Cl)c1,0.777,2.7959,-7.9,-9.0,seed123
Cc1noc(C)c1CCCNC(=O)C(=O)Nc1ccc2c(c1)OCCO2,0.6228,3.3165,-7.9,-9.0,seed123
O=C(c1ccco1)N(CCC(=O)N1CCC(C(N)=O)CC1)c1ccccc1,0.8425,3.2398,-8.2,-8.7,seed123
O=C(c1cccs1)c1ccc(NCc2nc3ccccc3s2)cc1,0.503,3.0859,-8.3,-8.6,seed123
CC(C)Cn1c(=O)c(C(=O)N2CCC(C(=O)NC3CC3)CC2)cnc1SCC(=O)Nc1ccccc1,0.3954,3.4213,-8.2,-8.7,seed123
CCc1ccccc1NC(=O)N[C@@H](C)c1nc2ccccc2[nH]1,0.6813,3.4447,-8.3,-8.5,seed123
Cc1noc(C)c1CNC(=O)Nc1ccc(S(=O)(=O)N2CCCC2)cc1,0.8312,3.1255,-7.8,-9.0,seed123
O=C(NC1CCCCC1)c1ccccc1S(=O)(=O)N1CCCCC1,0.9078,2.9368,-8.9,-7.9,seed123
O=C(CCCNC(=O)c1ccccc1Br)Nc1ccc2c(c1)OCO2,0.7234,2.9426,-8.0,-8.8,seed123
O=C(CCNC(=O)N1CCC[C@@H](C(=O)N2CCCC2)C1)N1CCCC1,0.8234,3.5734,-8.1,-8.7,seed123
COc1ccc(NC(=O)c2ccc(C)c(C)c2)cc1OC(C)C,0.8923,2.7181,-8.2,-8.6,seed123
Cc1ncc(CN2CCC(NC(=O)c3ccncc3)CC2)c(C#N)c1C,0.9162,3.4725,-8.2,-8.6,seed123
Cc1noc(-c2ccccc2C(=O)N2CCC(CC(N)=O)CC2)n1,0.9212,3.2683,-8.6,-8.2,seed123
O=C(c1ccc(COc2ccccc2)cc1)N1CCCCC1,0.8561,2.5262,-8.2,-8.6,seed123
CCOC(=O)N1CCc2cc(C(=O)N3CCC(C)CC3)ccc21,0.8423,3.1157,-8.2,-8.6,seed123
O=C(c1ccco1)N(Cc1ccccc1)C[C@@H]1CCCCO1,0.8485,3.4687,-8.3,-8.4,seed123
O=C(c1ccccc1)N1CCN(C(=O)c2cccc([N+](=O)[O-])c2)CC1,0.6337,2.7533,-8.5,-8.2,seed123
Cc1cccc(C)c1NC(=O)CN(C)c1nc(C2CC2)no1,0.9188,3.5409,-8.0,-8.7,seed123
COc1ccc(N2CCC(C(=O)NCc3ccccc3)CC2)cc1,0.918,2.6338,-7.8,-8.9,seed123
O=C(c1cccs1)[C@@H]1CCCN(C(=O)c2ccc(F)cc2)C1,0.8109,3.406,-8.0,-8.7,seed123
O=C(c1ccco1)N1CCN(C(=O)c2ccc(Cl)cc2Cl)CC1,0.8334,2.9347,-8.2,-8.5,seed123
O=C(C1CC[NH+](Cc2ccccc2)CC1)N1CCCCC1,0.895,4.1494,-8.1,-8.6,seed123
CCc1ccccc1NC(=O)CN(C)C(=O)Nc1ccc(F)cc1,0.8819,2.8312,-8.1,-8.6,seed123
O=C(NCc1ccccc1)c1ccc(NC(=O)C(F)(F)F)cc1,0.9085,2.6923,-8.2,-8.5,seed123
O=C([O-])COc1ccc(C(=O)N2CCC[C@H](c3nc4ccccc4s3)C2)cc1,0.6627,3.8658,-8.1,-8.5,seed123
O=C(c1ccc(F)cc1)N1CCO[C@@H](c2ccccc2)C1,0.8485,3.2257,-8.2,-8.4,seed123
CCc1nc2ccccc2n1CC(=O)Nc1ccc(OC)c(C)c1,0.781,2.8807,-8.1,-8.5,seed123
Cc1cc(Br)ccc1NC(=O)N[C@H](C)c1ccc(F)cc1,0.8211,3.2034,-8.1,-8.5,seed123
O=C(Nc1ccc(F)cc1)c1ccc(N2CCCC2)c(Cl)c1,0.9131,2.6811,-8.2,-8.4,seed123
O=C(C1=C([O-])C(=O)N(Cc2ccco2)C1=O)c1ccccc1,0.4691,3.6222,-8.0,-8.6,seed123
COCCn1nc(C)c(C(=O)Nc2cccc(C(=O)N3CCOCC3)c2)c1C,0.8192,3.2081,-8.0,-8.6,seed123
CC1CCN(C(=O)CN2CCN(C(=O)c3ccccc3)CC2)CC1,0.8478,2.8255,-7.8,-8.8,seed123
Cc1nnc2n1CCC[C@@H]2NC(=O)c1ccc(Br)cc1,0.9178,3.7227,-7.9,-8.7,seed123
Cc1noc(C)c1CCCNC(=O)c1ccc(-n2cncn2)cc1,0.7025,3.2346,-7.9,-8.7,seed123
O=C(C1CC(O)C1)N1CCC(c2nc3ccc(F)cc3[nH]2)CC1,0.8918,3.4267,-8.1,-8.4,seed123
O=C([O-])[C@H]1[C@@H]2C=C[C@@H](C2)[C@@H]1C(=O)NCc1ccc(Cl)cc1,0.8483,5.3218,-8.0,-8.5,seed123
O=C(c1ccco1)N1CCC(OCc2ccc(F)cc2)CC1,0.8706,2.993,-7.8,-8.7,seed123
Cc1nnc2n1CCC[C@H]2[NH2+]Cc1ccc(CN2CCOCC2)cc1,0.8813,4.607,-8.1,-8.4,seed123
Cc1cc(C(=O)NCc2ccccc2)ccc1NC(=O)CC1CC1,0.8524,2.6928,-8.1,-8.4,seed123
O=C(Nc1ccc(NC(=O)C2CC2)cc1)c1ccc(F)cc1,0.9083,2.4913,-8.0,-8.5,seed123
Cc1ccccc1C(=O)NCCCC(=O)Nc1ccc(OC(F)F)cc1,0.7031,2.8509,-7.9,-8.6,seed123
O=C(CCC(=O)N1CCCC1)Nc1ccc(Cl)c(C(F)(F)F)c1,0.9016,2.9734,-7.8,-8.6,seed123
COc1ccc(-c2noc(CCc3ccccc3)n2)cc1,0.717,2.7082,-7.9,-8.5,seed123
O=C(Nc1ccc(Cl)c([N+](=O)[O-])c1)c1cccc(CO)c1,0.6706,2.8167,-8.0,-8.4,seed123
O=C(CNC(=O)c1ccc(Cl)cc1)NCc1ccccc1,0.8908,2.4712,-7.9,-8.5,seed123
O=C(NCCNC(=O)c1ccc(Cl)cc1)NCc1ccc(F)cc1,0.7017,2.7187,-7.6,-8.8,seed123
O=C([O-])c1ccc(N2CCC(OCc3ccccc3)CC2)cc1,0.8497,3.2195,-7.9,-8.5,seed123
O=C([O-])[C@@H](c1ccc(Cl)cc1)N1CCC(Oc2ccccc2)CC1,0.8365,3.7634,-7.8,-8.6,seed123
O=C(C[n+]1cnn(Cc2ccccc2)c1)c1ccccc1Cl,0.5366,3.3888,-8.2,-8.2,seed123
Cc1ccc(NC(=O)CSc2ccc(C(=O)N(C)C)cc2)cc1[N+](=O)[O-],0.4762,3.0296,-8.0,-8.4,seed123
CC(=O)Nc1ccc(C(=O)Nc2ccc(C)c(C)c2)cc1,0.9046,2.5012,-7.9,-8.5,seed123
O=C(NCc1ccccc1)c1ccc(NC(=O)C2CC2)cc1,0.8904,2.4687,-8.1,-8.3,seed123
COCCn1cc(C(=O)COc2ccc(Cl)c(F)c2)c2ccccc21,0.5876,3.1416,-7.9,-8.5,seed123
O=C(Cn1cccc(C(F)(F)F)c1=O)Nc1ccc(Cl)cc1,0.9395,2.9745,-7.8,-8.5,seed123
COc1cc(OC)c(OC)cc1C(=O)Nc1ccc2c(c1)nc(C)n2C,0.7609,3.0596,-7.8,-8.5,seed123
COc1ccc([C@@H]2CCCN2C(=O)c2ccc(F)cc2)cc1OC,0.8558,3.233,-8.0,-8.3,seed123
Cc1csc(NC(=O)c2ccc(-n3cccn3)c(Cl)c2)n1,0.8031,3.1794,-7.9,-8.4,seed123
CCOc1ccc(CNC(=O)NCC2(c3ccccc3)CC2)cc1,0.8172,2.9553,-7.5,-8.8,seed123
Cc1nc2c(s1)C(=O)N(CC(=O)NCc1ccc(Cl)cc1)C2=O,0.8563,3.3582,-7.7,-8.6,seed123
O=C(NC[C@@H]1CN2CCCC[C@@H]2CO1)c1ccc(Cl)cc1,0.9316,3.8345,-7.9,-8.4,seed123
O=C(C[C@H]1CCCO1)Nc1ccc(F)cc1OCc1ccccc1,0.8739,3.3493,-8.1,-8.2,seed123
Cc1cccc(C(=O)N2CCC[C@@H](C(=O)NCCC(=O)N(C)C)C2)c1,0.8779,3.4454,-8.2,-8.1,seed123
O=C(NC1CC1)c1ccc(NC(=O)c2ccccc2)cc1,0.9044,2.4239,-8.1,-8.2,seed123
O=C(c1ccco1)N1CCC(OCc2ccccc2)CC1,0.8666,2.9101,-8.2,-8.1,seed123
O=C(c1ccco1)N1CCC(OCc2ccccc2)CC1,0.8666,2.9101,-8.2,-8.1,seed123
COCCn1cc(C(=O)N2CCN(C(=O)c3ccccc3)CC2)cn1,0.8168,3.021,-8.1,-8.2,seed123
O=C(c1ccco1)N1CCC(OCc2ccccc2)CC1,0.8666,2.9101,-8.2,-8.1,seed123
O=C(c1cccc(Cl)c1)N1CCC(Cn2cccn2)CC1,0.8737,3.0649,-8.2,-8.1,seed123
O=C(C1CCCCC1)N1CCN(C(=O)c2ccccc2)CC1,0.842,2.6969,-7.6,-8.7,seed123
COc1ccc(C(=O)N2CCC(n3cccc3)CC2)cc1[N+](=O)[O-],0.6381,3.2796,-8.1,-8.2,seed123
CCOC(=O)C1(C)CCN(C(=O)c2cccc(C(F)(F)F)c2)CC1,0.7892,3.2439,-7.9,-8.3,seed123
COc1ccc(N2CCN(C(=O)CSc3nc(C)c(C)n3C)CC2)cc1,0.7529,3.1758,-7.8,-8.4,seed123
CCOc1ccc(NC(=O)c2ccc(C)c(S(=O)(=O)N(C)C)c2)cc1,0.8572,2.8068,-8.0,-8.2,seed123
O=C(NC[C@@H](O)COc1ccccc1)c1cccc([N+](=O)[O-])c1,0.5985,3.2612,-7.8,-8.4,seed123
O=C([O-])[C@@H](c1cccc(Cl)c1)N1CCc2ccccc21,0.8686,3.9301,-8.1,-8.1,seed123
Cc1cc(NC(=O)C(=O)NCCc2ccccc2)ccc1N(C)C,0.8298,2.9114,-7.6,-8.6,seed123
CCc1nc2ccccc2n1CC(=O)Nc1cccc(C#N)c1,0.8048,2.9638,-7.8,-8.4,seed123
O=C(c1ccco1)N(Cc1ccccc1)Cc1cccc(Br)c1,0.6412,2.8977,-8.1,-8.1,seed123
O=C(NC1CC1)[C@@H](Nc1cccc(Cl)c1)c1ccc(Cl)cc1,0.8489,3.3417,-8.0,-8.2,seed123
COc1cc(/C=N/NC(=O)CSc2ccc(C)cc2)ccc1O,0.4852,3.0302,-7.7,-8.5,seed123
O=C(NC[C@@H]1CCCO1)c1ccccc1C(=O)N1CCCCC1,0.9264,3.3678,-7.8,-8.4,seed123
COc1ccc([C@@H](C)CC(=O)NCc2ccc(C)cc2)cc1,0.8801,3.1139,-7.8,-8.4,seed123
COc1ccc(CNC(=O)C(=O)Nc2ccc(C(C)=O)cc2)cc1,0.6512,2.6919,-7.5,-8.7,seed123
O=C([O-])[C@H]1[C@@H](c2ccccc2F)N=C1c1ccc(F)cc1,0.8647,4.4005,-7.8,-8.4,seed123
O=C(Cc1ccccc1)N/N=C/c1ccc(C(=O)[O-])cc1,0.6481,3.1971,-7.8,-8.3,seed123
O=C(C1=CCCCN1C(=O)CCN1CCOCC1)Nc1ccccc1,0.8863,3.4256,-8.6,-7.5,seed123
O=C(c1ccco1)N1CCC(OCc2ccccc2)CC1,0.8666,2.9101,-8.2,-7.9,seed123
O=C(CCCCC(F)(F)F)Nc1ccccc1C(=O)c1ccccc1,0.566,2.8931,-7.8,-8.3,seed123
O=C(c1ccco1)N1CCN(C(=O)c2ccccc2)CC1,0.8458,2.7214,-8.3,-7.8,seed123
O=C(C[C@H]1SC(N2CCCC2)=NC1=O)NCc1ccccc1,0.9195,3.5789,-7.8,-8.3,seed123
COCCn1c(=O)oc2cc(C(=O)Nc3ccc(C)cc3)ccc21,0.7823,2.9766,-7.6,-8.4,seed123
CCCc1cc(C(=O)N2CCN(Cc3ccc(C)cc3)CC2)n[nH]1,0.9188,3.0999,-7.7,-8.3,seed123
Cc1noc(C)c1S(=O)(=O)N[C@@H](C)C(=O)Nc1ccccc1F,0.8624,3.5615,-7.9,-8.1,seed123
O=C(Cc1ccccc1)N1CCC[C@@H](c2ncc[nH]2)C1,0.9296,3.6014,-7.7,-8.3,seed123
COCCN(CC(=O)Nc1ccccc1F)C(=O)Cc1ccc(Cl)cc1,0.7673,2.9381,-7.6,-8.4,seed123
O=C(NC[C@@H](O)c1ccccc1)c1ccccc1OC(F)F,0.8625,3.2956,-7.9,-8.1,seed123
Cc1csc([C@@H](C#N)C(=O)CCCN2C(=O)C(=O)c3ccccc32)n1,0.7446,4.0058,-7.7,-8.3,seed123
CCOc1ccccc1C(=O)NCCCOC(=O)Nc1cccc(C)c1C,0.6869,2.9278,-7.6,-8.4,seed123
COc1cc(C(=O)Nc2ccc(C(C)=O)cc2)ccc1OCC(N)=O,0.7485,2.7525,-7.8,-8.2,seed123
COc1cc(C)ccc1NC(=O)C(=O)N1CCCC[C@@H]1C,0.8505,3.477,-7.6,-8.4,seed123
O=C(c1ccco1)N(C[C@@H]1CCCO1)c1ccc(F)cc1,0.8674,3.6181,-7.8,-8.2,seed123
O=C(Nc1ccc(F)cc1)N1CCC(OC[C@@H]2CCCO2)CC1,0.9269,3.563,-7.5,-8.4,seed123
COCC[C@H](C)C(=O)N1CCC[C@@H](C(=O)NCc2ccc(Cl)cc2)C1,0.8068,3.8019,-7.4,-8.5,seed123
O=C(NC1CC1)c1ccc(NC(=O)COc2ccccc2)cc1,0.8616,2.55,-7.9,-8.0,seed123
COCCOC(=O)c1cccc(NC(=O)C(=O)Nc2ccccc2)c1,0.4761,2.7926,-7.5,-8.4,seed123
O=C(c1ccccc1)N1CCN(c2ccccc2[N+](=O)[O-])CC1,0.6452,2.7239,-8.3,-7.6,seed123
Cc1noc(C)c1C(=O)N1CCC(c2nnc(C3CC3)n2C)CC1,0.8634,3.5893,-7.6,-8.3,seed123
CC[C@@H]1CCCC[C@@H]1NC(=O)Nc1cccc(OC(F)F)c1,0.8475,3.8587,-7.3,-8.6,seed123
O=C([O-])[C@H]1C[C@@H]2CCCC[C@H]2CN1Cc1ccc(F)cc1,0.8544,4.4052,-7.8,-8.1,seed123
O=C([O-])c1cc(S(=O)(=O)N2CCCCC2)ccc1Cl,0.8301,3.3273,-8.2,-7.7,seed123
COc1ccc(C(=O)NCCCNC(=O)c2ccccc2)cc1OC,0.7216,2.6301,-7.5,-8.3,seed123
CCOc1ccccc1C(=O)NCCNC(=O)c1ccc(Cl)cc1,0.7574,2.6674,-7.3,-8.5,seed123
Cc1nccn1-c1ccccc1C(=O)N1CCC[C@@H](c2[nH]ncn2)C1,0.7959,4.0283,-8.3,-7.5,seed123
O=C(c1ccco1)N1CCO[C@@H](c2ccccc2)C1,0.8298,3.4434,-7.7,-8.1,seed123
CC1CC[NH+](CCCNC(=O)N2CCC(C(=O)NCC(C)C)CC2)CC1,0.5851,4.383,-7.6,-8.2,seed123
COc1cc(CC(=O)NCC(=O)NCCc2ccccc2)ccc1N(C)C,0.7069,3.0042,-7.6,-8.2,seed123
O=C(CCCc1ccc(Cl)cc1)Nc1ccc(Cl)cc1,0.8312,2.4795,-7.6,-8.2,seed123
O=C(NC[C@@H](CCO)c1ccccc1)C(=O)NC1CCCCC1,0.6989,3.5955,-7.6,-8.2,seed123
COCCOCc1cccc(C(=O)NCc2ccccc2N2CCCC2)c1,0.6896,2.9975,-7.6,-8.2,seed123
CCCCC(=O)Nc1ccc(NC(=O)c2ccccc2)cc1,0.8439,2.4363,-7.6,-8.1,seed123
CCC(=O)N1CCC[C@H](C(=O)N[C@@H](C)c2ccccc2OC)C1,0.9074,3.6707,-7.6,-8.1,seed123
COCC[C@H](C)NC(=O)Nc1cccc(C(=O)N2CCCC2)c1,0.846,3.3721,-7.7,-8.0,seed123
O=C(c1cccs1)c1ccc(OCc2cccc(Cl)c2)cc1,0.6007,2.7876,-7.6,-8.1,seed123
O=C([O-])[C@@H](CC(=O)NCc1ccccc1)c1ccccc1,0.866,3.5281,-8.0,-7.7,seed123
CC1=C[C@H](C)CN1C(=O)CCNC(=O)Cc1ccccc1,0.9011,3.8704,-7.5,-8.2,seed123
O=C(NC1CCCCC1)[C@H]1CCCN(c2ncccn2)C1,0.9256,3.5423,-7.6,-8.1,seed123
COCCCc1cc(C)nc(NCC(=O)Nc2ccccc2)c1C,0.7301,3.1849,-7.7,-7.9,seed123
Cc1cc(C)cc(NC(=O)C[C@@H](C)Cc2ccccc2)c1,0.858,3.2305,-7.4,-8.2,seed123
COCCC(=O)Nc1cccc(NC(=O)c2ccc(F)cc2)c1,0.8605,2.6461,-7.4,-8.2,seed123
CC1=C(C(=O)Nc2ccccc2)[C@@H](c2ccc(F)cc2)NC(=O)N1,0.8114,3.3944,-8.1,-7.5,seed123
O=C(c1cccs1)[C@@H]1CC(=O)N(c2ccccc2)C1,0.8048,3.4662,-7.4,-8.2,seed123
O=C(c1cccs1)[C@@H]1CCCN1S(=O)(=O)c1ccc(F)cc1,0.805,3.6086,-7.5,-8.1,seed123
O=C([O-])[C@H]1[C@@H](N2CCOCC2)CC[NH+](CC(=O)Nc2ccc(Cl)cc2)C1,0.6573,5.4474,-7.0,-8.6,seed123
CC1CCC(CNC(=O)NCc2ccccc2)CC1,0.8565,2.7912,-7.6,-7.9,seed123
O=C([O-])c1ccc(N2C[C@@H]3CC=CC[C@H]3C2)cc1,0.7372,4.5581,-7.7,-7.8,seed123
CCCCCOc1ccc(C(=O)N2CCC[C@H](C(=O)NC)C2)cc1,0.7812,3.3272,-7.6,-7.9,seed123
O=C([O-])[C@H]1CCCN(C(=O)CCNc2ccccc2Cl)C1,0.8848,3.8395,-7.6,-7.9,seed123
COc1ccc(NC(=O)C[C@@H](C)Oc2ccccc2C)cc1OC,0.8391,3.3077,-7.5,-8.0,seed123
O=C([O-])[C@@H]1CCCN(c2ncccc2C(F)(F)F)C1,0.8084,4.1148,-7.7,-7.8,seed123
CC1CCC(CCNS(=O)(=O)c2ccc(F)cc2)CC1,0.9063,2.9603,-7.6,-7.9,seed123
CCC(=O)NCc1ccc(NC(=O)C(=O)N2CCOCC2)cc1,0.7917,3.0113,-7.6,-7.9,seed123
O=C([O-])[C@@H](Cc1cccc(F)c1)Nc1ccc(Cl)cc1,0.9195,3.6553,-7.6,-7.9,seed123
COCCn1cnc2cc(C(=O)Nc3ccc(Cl)cc3)ccc21,0.7779,2.9162,-7.6,-7.9,seed123
COc1cc(N2CCN(C(=O)c3ccccc3)CC2)cc(OC)c1OC,0.8244,2.8449,-7.5,-8.0,seed123
O=C([O-])[C@@H](Cc1ccccc1)Nc1ccc(Cl)c(Cl)c1,0.9238,3.6177,-7.7,-7.7,seed123
Cc1ccc(OCc2ccccc2F)c(C)c1,0.7734,2.5271,-7.7,-7.7,seed123
O=C(CCCn1cccn1)NC[C@@H](c1ccccc1)N1CCCC1=O,0.8005,3.777,-7.7,-7.7,seed123
CCc1nn(C)cc1CNC(=O)N[C@@H](C)CC(=O)N1CCCCC1,0.8281,3.9492,-7.5,-7.9,seed123
COCC[C@H](C)c1cccc(C(=O)N2CCC(C(=O)NC)CC2)c1,0.8702,3.5764,-7.7,-7.7,seed123
O=C(c1ccco1)N(Cc1cccc(Cl)c1)C1CCCC1,0.8319,3.0375,-7.5,-7.9,seed123
O=C(C[n+]1ccccc1)c1cnc(-c2ccccc2)n1C1CC1,0.5366,3.6456,-7.5,-7.9,seed123
Cc1csc(CN2CCN(C(=O)c3ccc(Cl)cc3)CC2)n1,0.8646,2.9526,-7.5,-7.9,seed123
CCOC(=O)[C@@H]1CCCN(C(=O)NCc2ccc(OC)cc2)C1,0.8445,3.3034,-7.5,-7.9,seed123
O=C(c1ccc(Br)s1)N1CCN(c2ccccc2)CC1,0.8272,2.8582,-7.3,-8.1,seed123
O=C(c1ccccc1O)N1CCN(CCn2cc[nH+]c2)CC1,0.8925,4.0413,-7.8,-7.6,seed123
O=C([O-])COc1ccc(NC(=O)c2ccccc2)cc1,0.881,2.8966,-7.8,-7.6,seed123
COc1ccc([C@@H](CNC(=O)c2ccc(C#N)cc2)[NH+](C)C)cc1,0.8385,4.2008,-7.3,-8.1,seed123
O=C([O-])c1ccccc1OCc1ccccc1Cl,0.8484,3.079,-7.8,-7.6,seed123
Cc1nnc(N2CCN(c3ccccc3C(F)(F)F)CC2)n1CO,0.9238,3.4587,-7.6,-7.8,seed123
Cc1nnc(SCC(=O)Nc2ccccc2C#N)c(C(C)C)n1,0.849,3.567,-7.6,-7.8,seed123
COCC[C@H](C)C(=O)N1CCC(c2nccn2CC(=O)N2CCOCC2)CC1,0.695,4.0771,-7.6,-7.8,seed123
O=C(c1ccc(NC(=O)CCCCCn2cccn2)cc1)N1CCCCC1,0.7224,3.0224,-7.7,-7.6,seed123
CCc1ccc(C(=O)CCC(=O)N2CCCCC2)cc1,0.7724,2.729,-7.4,-7.9,seed123
O=C(c1cccs1)N1CCC(Oc2ccccc2)CC1,0.8653,2.8849,-7.2,-8.1,seed123
O=C(c1cccs1)[C@@H]1CC(c2ccccc2)=NO1,0.7923,3.7637,-7.3,-8.0,seed123
O=C(C[C@H](O)c1ccccc1)N[C@@H]1CCCC1(C)C,0.8753,4.0556,-7.6,-7.7,seed123
O=C(c1ccc(Br)cc1)N1CCN(C(=O)c2ccc(F)cc2)CC1,0.7893,2.6807,-7.9,-7.3,seed123
Cc1nnc(N[C@@H](C)CC(=O)Nc2ccc(C#N)cc2)s1,0.8853,3.7265,-7.5,-7.7,seed123
COc1cc(OC)c(C(=O)NCCOc2cccc(C)c2)cc1OC,0.7454,2.8392,-7.2,-8.0,seed123
CCOC(=O)C1CCN(C(=O)c2cccc(C)c2C)CC1,0.8038,2.824,-7.7,-7.5,seed123
O=C(CSc1cccc(Cl)c1)Nc1cccc(F)c1,0.8562,2.7025,-7.4,-7.8,seed123
O=C(Cc1ccccc1)NCCC(=O)N1CCCCC1,0.889,2.6576,-7.5,-7.7,seed123
O=C(c1ccco1)N1CCC(N2CCCC2=O)CC1,0.8114,3.1754,-7.4,-7.8,seed123
O=C([O-])C1CCN(C(=O)c2ccc(Cl)cc2)CC1,0.8005,3.1464,-7.6,-7.6,seed123
CCOC(=O)C1=C(C)N=C(C(=O)c2ccccc2)[C@H]1C,0.6247,3.8128,-7.4,-7.8,seed123
COCCNC(=O)c1ccc(NC(=O)c2ccccc2Br)cc1,0.7608,2.677,-7.4,-7.7,seed123
O=C([O-])[C@H]1CCCN(C(=O)c2ccc(Cl)cc2Cl)C1,0.8333,3.7885,-7.4,-7.7,seed123
COc1cc(NC(=O)C(=O)NCCC[NH+]2CCCCC2)ccc1F,0.5177,4.3211,-7.4,-7.7,seed123
COc1cc(/C=N/NC(=O)c2ccccc2)cc(OC)c1OC,0.6568,2.8201,-7.2,-7.9,seed123
CCc1nn(C)cc1C(=O)NCC(=O)Nc1cccc(Cl)c1,0.8844,3.1853,-7.1,-8.0,seed123
COc1cc([C@H]2NC(=O)NC(=O)C2)ccc1OC(C)C,0.8794,3.805,-7.6,-7.5,seed123
CCc1nnc(SCC(=O)N2CCC[C@H](C(=O)NC)C2)cn1,0.7945,4.1287,-7.5,-7.6,seed123
C[C@@H]1Cc2ccccc2N1C(=O)c1cccc(NC(=O)c2ccc(OC3CCCC3)cc2)c1,0.5413,3.5927,-10.6,-12.0,seed333
O=C(NC1CC[NH+](CC2=Cc3ccccc3OC2)CC1)N1CCC[C@@H](c2nc(-c3ccccc3)no2)C1,0.5624,4.8994,-11.3,-11.1,seed333
O=C([O-])c1cccc(-c2ccc(NC(=O)c3ccc4ccccc4c3)cc2)c1,0.5905,3.0644,-10.3,-11.3,seed333
O=C(Nc1ccc2[nH]c(=O)c(-c3ccccc3)cc2c1)c1ccc(Cl)cc1,0.5236,2.8532,-9.9,-10.9,seed333
O=C(Nc1ccccc1)c1ccccc1C(=O)Nc1ccc2c(c1)CCC(=O)N2,0.6325,2.9651,-10.3,-10.3,seed333
O=C(NCC1CCN(c2cccc[nH+]2)CC1)c1cnc(-c2ccccc2)nc1-c1ccccc1,0.4762,3.9614,-9.9,-10.4,seed333
O=C(NCc1nnc(-c2ccc(F)cc2)n1-c1ccccc1)c1ccc(Cl)cc1Cl,0.4568,3.0656,-9.8,-10.5,seed333
O=C(Nc1ccc2c(c1)CCCC2)c1cccc(S(=O)(=O)N2CCCCC2)c1,0.8467,2.9901,-9.4,-10.7,seed333
O=C(Nc1ccccc1C(=O)NCCc1ccccc1)c1ccc(F)cc1F,0.6737,2.7557,-10.2,-9.9,seed333
Cc1ccc(C(=O)NNC(=O)c2ccccc2OCc2ccccc2)cc1,0.6827,2.6809,-9.5,-10.4,seed333
CS(=N/NC(=O)c1cccc(NC(=O)CCc2ccccc2)c1)C(=O)NCc1ccccc1,0.4366,3.9463,-9.4,-10.5,seed333
O=C(C[NH+]1CCc2ccccc2C1)Nc1cccc(C(=O)N2CCCC2)c1,0.864,4.3862,-9.7,-10.2,seed333
O=C(NCc1nc(-c2ccccc2)no1)c1ccc(-c2ccccc2)cc1,0.5784,2.778,-9.4,-10.5,seed333
O=C(NC1CCN(C(=O)c2ccccc2)CC1)c1cccc(NC(=O)c2ccc(F)cc2)c1,0.6204,2.8886,-9.7,-10.2,seed333
O=C(Nc1cccc(C(=O)N2CCN(Cc3ccccc3)CC2)c1)c1ccc(Cl)cc1,0.6418,2.7663,-9.9,-9.9,seed333
COc1ccc(CCNC(=O)N2CCC[C@@H](C(=O)Nc3ccc(C)c(C)c3)C2)cc1,0.7598,3.4255,-9.2,-10.6,seed333
CC(=O)Nc1cccc(CNC(=O)C(=O)Nc2ccccc2C(=O)Nc2ccc(F)cc2)c1,0.4331,2.9837,-9.7,-10.0,seed333
O=C(Nc1ccccc1C(=O)NCCc1ccccc1)c1cccc(F)c1,0.695,2.652,-9.7,-9.9,seed333
O=C(NC1CC1)c1cccc(C(=O)N2CCC(c3ccccc3)CC2)c1,0.9177,2.8434,-9.8,-9.8,seed333
Cc1cc(NC(=O)c2cccc(NC(=O)c3ccccc3)c2)ccc1Br,0.6176,2.6565,-9.2,-10.3,seed333
O=C(NC1CCN(c2ccccc2)CC1)c1ccc(-c2ccccc2)c([N+](=O)[O-])c1,0.4983,2.9855,-8.7,-10.8,seed333
Cc1cccc([C@@H]2CCCN2C(=O)Cn2c(=O)[nH]c3ccccc32)c1,0.7998,3.6114,-9.6,-9.9,seed333
O=C(CCc1nc2ccccc2[nH]1)Nc1cccc(C(=O)N2CCCCC2)c1,0.7116,3.004,-9.6,-9.9,seed333
O=C([O-])[C@H]1CCCN(C(=O)CN2C(=O)N[C@]3(CCc4ccccc43)C2=O)C1,0.7125,4.8645,-9.3,-10.1,seed333
O=C(Nc1ccc2[nH]c(-c3ccccc3)nc2c1)c1ccccc1O,0.5273,2.8856,-9.0,-10.4,seed333
O=C(Cn1nccc1-c1ccccc1)Nc1ccc(C(=O)N2CCOCC2)cc1,0.7267,3.1036,-9.3,-10.1,seed333
C[C@H](NC(=O)c1cccc(C(F)(F)F)c1)c1ccc(N2CCCC2=O)cc1,0.8639,3.4662,-9.1,-10.3,seed333
Cc1cc(C)c(C)c(S(=O)(=O)N2CCC(C(=O)NCc3ccccc3Cl)CC2)c1,0.7734,3.1323,-9.2,-10.1,seed333
O=C(NC1CC1)c1ccc(C(=O)N2CCC[C@H](c3nc4ccccc4o3)C2)cc1,0.7376,3.5614,-9.1,-10.2,seed333
O=C(NC1CCC(Cn2cc[nH+]c2-c2ccccc2)CC1)N1[C@H]2CCCC[C@@H]2C1,0.8349,4.9061,-8.6,-10.7,seed333
O=C(Nc1cccc(-c2nc(C3CC3)no2)c1)c1cccc(C(F)(F)F)c1,0.7074,3.1467,-8.9,-10.3,seed333
O=C(Nc1ccc(F)cc1)c1cccc(NC(=O)c2ccc(Cl)cc2)c1,0.6816,2.5447,-8.8,-10.3,seed333
O=C([O-])[C@H]1Cc2c(oc3ccccc32)[C@@H]1C(=O)Nc1ccc(Cl)cc1,0.7836,4.4561,-9.3,-9.8,seed333
O=C(Nc1ccc2[nH]ccc2c1)C1CCN(c2ccccc2F)CC1,0.7537,3.0313,-9.1,-10.0,seed333
CC(=O)N1CCc2cc(OCC(=O)N(Cc3ccccc3)C(=O)c3ccc(Cl)cc3)c(=O)[nH]c21,0.585,3.7835,-8.9,-10.2,seed333
O=C(C[NH+]1CCc2ccccc2C1)Nc1cccc(C(=O)NC2CC2)c1,0.7578,4.4236,-9.5,-9.5,seed333
O=C(Nc1ccc2c(c1)CCC(=O)N2)N1CCC[C@@H]1Cc1ccccc1,0.885,3.6103,-8.9,-10.0,seed333
O=C(NCCNC(=O)c1ccc(Cl)cc1)Nc1ccccc1C(=O)N1CCCC1,0.6341,2.9048,-9.1,-9.8,seed333
C[C@H](NC(=O)[C@@H]1CCCN(C(=O)c2ccccc2Cl)C1)c1ccc(Cl)cc1,0.8002,3.591,-8.9,-10.0,seed333
O=C(NCc1ccccn1)c1cccc(NC(=O)C2(c3ccccc3)CC2)c1,0.6943,3.0255,-8.8,-10.0,seed333
O=C(CN1C(=O)CCc2ccccc21)N1CCN(c2ccccc2)CC1,0.8541,2.9457,-8.9,-9.9,seed333
O=C([O-])[C@H]1Cc2ccccc2N1CC(=O)N1CCC(Cc2ccccc2)CC1,0.7949,3.9423,-8.9,-9.9,seed333
O=C(CSc1nc2ccccc2[nH]1)N1CCC(c2nc3ccccc3[nH]2)CC1,0.5167,3.3176,-9.0,-9.8,seed333
C[C@H]1CCCC[C@@H]1NC(=O)c1ccccc1NC(=O)Cc1ccccc1,0.8499,3.4835,-9.1,-9.7,seed333
O=C(CN(Cc1ccccc1)c1ccccc1)Nc1cccc2ccccc12,0.4896,2.807,-9.2,-9.6,seed333
O=C(Nc1ccc(Oc2ccc(F)cc2)cc1)c1cccc(C(F)(F)F)c1,0.5777,2.7477,-8.7,-10.1,seed333
C[C@H]1CCCC[C@@H]1NC(=O)CSc1nc2ccccc2n1CC(=O)NCc1ccccc1,0.5059,3.8505,-9.3,-9.4,seed333
O=C(Nc1ccc(N2CCCC2)cc1)c1ccccc1NC(=O)c1ccc(Cl)cc1,0.578,2.7681,-9.3,-9.4,seed333
C[C@H]1C[C@@H](C)CN(C(=O)CCCc2nc3ccccc3n2Cc2ccccc2)C1,0.6006,3.8282,-9.3,-9.4,seed333
COC(=O)c1ccc(NC(=O)CN2C(=O)N[C@@](C)(c3ccccc3)C2=O)cc1,0.6078,3.3948,-9.0,-9.7,seed333
Cc1ccccc1C(=O)Nc1ccc(C(=O)NCc2ccccc2)cc1,0.7294,2.5194,-9.0,-9.7,seed333
C[C@H](NC(=O)NCc1ccccc1)c1ccc(-c2ccccc2)cc1,0.6852,3.0383,-9.0,-9.7,seed333
O=C(NC1CC[NH+](Cc2ccc(Cl)cc2)CC1)c1ccc(Cn2cccn2)cc1,0.657,4.085,-9.0,-9.7,seed333
O=C(C[NH+]1CCc2nc(NC(=O)c3ccccc3)oc2C1)NCc1ccccc1,0.5889,4.6405,-8.9,-9.7,seed333
O=C(Nc1ccccc1)c1cccc(NC(=O)c2ccccc2)c1,0.7579,2.3896,-8.5,-10.0,seed333
Cc1ccc(NC(=O)C(=O)NCCC2CCN(c3ccccc3)CC2)cc1[N+](=O)[O-],0.4321,3.188,-8.8,-9.7,seed333
C[C@H]1Cc2ccccc2N1C(=O)CN(C)C(=O)c1ccc(Cl)cc1O,0.9167,3.6702,-8.5,-10.0,seed333
O=C(CSCc1ccc(Br)cc1)Nc1ccccc1C(=O)NCc1ccccc1,0.4739,2.8597,-8.9,-9.6,seed333
O=C([O-])[C@H]1Cc2cc(OCc3ccccc3)ccc2N1Cc1ccccc1,0.6798,3.6911,-9.1,-9.4,seed333
C[C@H](C(=O)NCc1ccccc1)[NH+]1CCC(c2nc3ccccc3s2)CC1,0.715,4.5242,-8.6,-9.9,seed333
O=C(Nc1cccc(-c2nc(C3CC3)no2)c1)c1ccc(Cl)cc1,0.7584,2.9471,-8.6,-9.9,seed333
O=C(Cn1nnc(-c2ccccc2)n1)NCc1ccc(N2CCCCC2)cc1,0.7157,3.0547,-8.8,-9.7,seed333
O=C([O-])[C@H]1Cc2cc(OCc3ccccc3)ccc2N1Cc1ccccc1,0.6798,3.6911,-9.1,-9.4,seed333
O=C([O-])c1cccc(/C=C/C(=O)Nc2ccccc2OC2CCCC2)c1,0.8124,3.4793,-8.8,-9.7,seed333
O=C(Cn1nc(-c2ccccc2)ccc1=O)Nc1ccc(F)cc1,0.8027,2.7652,-8.9,-9.6,seed333
Cc1cc(C(=O)NCc2ccccc2)nc(-c2ccccc2)n1,0.8036,2.7569,-9.1,-9.3,seed333
O=C(Cc1ccccc1)Nc1ccccc1C(=O)NCc1ccccc1,0.7145,2.545,-8.5,-9.9,seed333
O=C(Nc1ccccc1NC(=O)c1ccccc1)c1ccc([N+](=O)[O-])cc1,0.5275,2.6831,-9.3,-9.1,seed333
C[C@@H]1Cc2ccccc2N1C(=O)CSc1nnc(-c2cccc(Cl)c2)n1C1CC1,0.5404,3.7831,-8.2,-10.2,seed333
O=C(NC1CC[NH+](Cc2ccccc2)CC1)N1CCC(OCc2ccccc2)CC1,0.7719,4.063,-8.8,-9.5,seed333
O=C([O-])[C@H]1CCCN(C(=O)c2cc(C3CC3)nc3c2cnn3Cc2ccccc2)C1,0.6495,4.0865,-9.0,-9.3,seed333
O=C([O-])c1ccc(S(=O)(=O)N2CCC(c3nc4ccccc4s3)CC2)cc1,0.6686,3.4576,-9.0,-9.3,seed333
O=C(NCc1ccccc1)c1cccc(C2=NN=C2C2CC2)c1,0.9059,3.2276,-8.7,-9.6,seed333
O=C(CSc1nc2ccccc2c(=O)n1Cc1ccccc1)Nc1ccccc1,0.3889,2.7915,-8.6,-9.7,seed333
C[C@@H]1CCCC[C@@H]1NC(=O)C(=O)Nc1cccc(C(=O)NCC2CCCC2)c1,0.6801,3.834,-9.1,-9.2,seed333
CCOc1ccc(C(=O)Nc2ccccc2C(=O)NCc2ccccc2)cc1,0.649,2.6158,-8.9,-9.3,seed333
O=C(Nc1ccc(NC(=O)Cc2ccccc2)cc1)c1ccc(Cl)cc1,0.6845,2.5109,-8.3,-9.9,seed333
O=C([O-])[C@H]1Cc2c(oc3ccccc32)CN1CCc1ccccc1,0.739,4.1171,-8.9,-9.3,seed333
O=C(Nc1ccc2c(c1)OCO2)c1ccccc1-c1ccccc1,0.7817,2.7021,-8.9,-9.3,seed333
COc1cc([C@@H]2CC(=O)N(CC(=O)Nc3ccccc3)C2=O)ccc1OC(F)F,0.7177,3.6631,-8.8,-9.4,seed333
O=C(C[NH+]1CCc2[nH]nc(-c3ccccc3)c2C1)N1CCCCC1,0.8856,4.7228,-8.3,-9.9,seed333
COc1cc(CNC(=O)c2ccc(NC(=O)c3ccc(C)cc3)cc2)ccc1OC,0.619,2.6958,-8.5,-9.7,seed333
O=C(NCc1ncnn1Cc1ccccc1)c1ccc(-n2cccn2)cc1,0.5742,3.1539,-8.7,-9.5,seed333
O=C(CN(c1ccccc1)S(=O)(=O)c1ccccc1)N1CCCCC1,0.8257,2.8653,-9.1,-9.1,seed333
O=C([O-])c1cccc(OCC(=O)N2CCC(OCc3ccc(F)cc3)CC2)c1,0.7248,3.3916,-8.6,-9.6,seed333
O=C(Cn1ccccc1=O)Nc1ccccc1C(=O)NCc1ccccc1,0.7075,2.8249,-8.8,-9.3,seed333
C[C@H](Cc1ccccc1)C(=O)NCc1cccc(N2CCCC2=O)c1,0.8797,3.407,-8.7,-9.4,seed333
CC1(C)CCC[C@@H]1NC(=O)c1cccc(C#Cc2ccccc2)c1,0.8176,3.7735,-8.5,-9.6,seed333
CSc1nc(C)c(CCC(=O)N2CCC[C@H](C(=O)NCc3ccccc3)C2)cn1,0.5589,3.7606,-8.5,-9.6,seed333
O=C(CCCNC(=O)c1ccc(Cl)cc1)N1CCN(c2ccccc2)CC1,0.7767,2.7809,-8.7,-9.4,seed333
COc1ccc(NC(=O)c2ccc(C(=O)NCc3ccccc3)cc2)cc1,0.701,2.5046,-8.7,-9.4,seed333
CS(=N\N=C(\N)NC(=O)c1ccc(-c2ccccc2)cc1)c1ccccc1,0.4125,3.9883,-9.4,-8.7,seed333
Cc1cc(N2CCC(C(=O)NCc3ccc(C)cc3)CC2)nc(C)[nH+]1,0.9301,3.8083,-8.7,-9.4,seed333
O=C(NCCC1=CCCCC1)c1cccc(NC(=O)c2ccc(Cl)cc2)c1,0.6733,2.9727,-8.5,-9.5,seed333
C[C@H]1C[C@@H](C)C[NH+](Cc2cccc(C(=O)NC3CCCCC3)c2)C1,0.8749,5.0491,-8.6,-9.4,seed333
C[C@H](Cc1ccco1)NC(=O)C(=O)Nc1ccccc1C(=O)NC1CC1,0.6886,3.5989,-8.8,-9.2,seed333
O=C(CN1CCN(C(=O)c2ccccc2)CC1)Nc1ccc(F)cc1,0.9278,2.6192,-8.6,-9.4,seed333
CN1C(=O)C[C@H](CNC(=O)CCc2ccccc2)c2ccccc21,0.92,3.4983,-8.6,-9.4,seed333
C[C@@H](NC(=O)C1CCN(C(=O)c2ccccc2)CC1)c1ccccc1,0.93,3.1011,-8.3,-9.7,seed333
COCc1cccc(NC(=O)c2ccc(NC(=O)c3cccc(F)c3)cc2)c1,0.6647,2.7434,-8.2,-9.8,seed333
Cc1cccc(C)c1NC(=O)CN1C(=O)N[C@@](C)(c2ccccc2)C1=O,0.8315,3.4445,-8.8,-9.1,seed333
CN(C)c1ccc(C(=O)N2CCC(c3nc4ccccc4s3)CC2)cc1,0.6909,3.0666,-8.7,-9.2,seed333
C[C@H](NC(=O)c1cccc(C(F)(F)F)c1)C(=O)NCc1ccccc1,0.8704,3.2166,-8.4,-9.5,seed333
C[C@H]1Cc2ccccc2N1CCNC(=O)c1cccc(NC(=O)C2CC2)c1,0.8284,3.494,-8.6,-9.3,seed333
O=C(CSc1ccccc1C(=O)NCCc1ccccc1)N1CCCCC1,0.7419,2.8852,-8.5,-9.4,seed333
O=C([O-])c1cc(COc2ccccc2)nc(-c2ccccc2)n1,0.7212,3.2645,-8.9,-9.0,seed333
O=C(Nc1cccc(F)c1)[C@H]1CCC[NH+](Cc2cccc(O)c2)C1,0.8032,4.8221,-8.8,-9.0,seed333
O=C(NCCNC(=O)C1CCN(c2ccccc2)CC1)c1ccc(F)cc1,0.7697,2.8001,-8.4,-9.4,seed333
O=C(Cn1nnc(-c2ccccc2)n1)NCC1(c2ccc(Cl)cc2)CC1,0.7267,3.2571,-7.9,-9.9,seed333
Cc1cc(NC(=O)c2ccc(CNC(=O)c3ccco3)cc2)ccc1[N+](=O)[O-],0.5008,2.9932,-8.8,-9.0,seed333
O=C(Cn1nccc1-c1ccccc1)N(Cc1ccccc1)Cc1ccccc1,0.4621,3.0165,-9.5,-8.3,seed333
O=C(CCCc1ccccc1)N1CC=C(c2ccc(Cl)cc2Cl)CC1,0.6641,3.1236,-8.1,-9.7,seed333
CNC(=O)c1ccc(NC(=O)N2CCc3c(cnc4ccccc43)[C@@H]2C)cc1,0.7174,3.7383,-9.2,-8.6,seed333
O=C(Nc1ccc(Cl)c(Cl)c1)c1ccc(Oc2ccccc2)cc1,0.6176,2.5529,-8.6,-9.2,seed333
COc1cc(NC(=O)c2cccc(NC(=O)N3CCOCC3)c2)ccc1F,0.8636,2.9401,-8.7,-9.1,seed333
O=C([O-])[C@H]1Cc2c(F)cccc2[C@@H]1NC(=O)Cc1ccc(F)cc1,0.9183,4.386,-8.9,-8.8,seed333
O=C([O-])c1cc(NC(=O)CSc2nnc(-c3ccccc3)n2C2CC2)ccc1O,0.4527,3.4786,-8.3,-9.4,seed333
O=C(Nc1cccc2ccccc12)c1ccc(Cl)cc1,0.7217,2.4135,-9.0,-8.7,seed333
Cc1cccc(C(=O)N2CCC[C@@H]2c2ccccc2)c1,0.8042,3.0902,-8.7,-9.0,seed333
O=C(Cc1ccccc1)Nc1ccc(C(=O)NC2CCCCC2)cc1,0.869,2.6383,-9.0,-8.7,seed333
O=C(NCc1ncoc1C1CC1)c1cccc(S(=O)(=O)N2CCCCC2)c1,0.8199,3.5083,-8.6,-9.1,seed333
O=C(Nc1ccccc1Sc1ccc(F)cc1)c1ccc(F)cc1,0.6912,2.7457,-8.7,-9.0,seed333
O=C(CN1CCN(c2cccc[nH+]2)CC1)N1CCC(Cc2ccccc2)CC1,0.7989,3.8756,-8.7,-8.9,seed333
C[C@@H](C(=O)N1CCC(Cc2ccccc2)CC1)c1ccccc1,0.8257,3.2615,-8.4,-9.2,seed333
O=C([O-])[C@H]1Cc2ccccc2CN1C(=O)COc1ccc(Br)cc1,0.7956,3.84,-8.5,-9.1,seed333
CNC(=O)[C@@H]1CCCCN1C(=O)CSc1nnc(-c2ccccc2)n1-c1ccccc1,0.6019,3.6,-8.3,-9.3,seed333
O=C([O-])c1cccc(S(=O)(=O)N2CCN(c3ccc(Cl)cc3)CC2)c1,0.7973,3.2423,-8.4,-9.2,seed333
O=C(NCc1cccc(Cl)c1)Nc1ccc(N2CCCC2)cc1,0.8798,2.7214,-8.5,-9.0,seed333
CN(C)c1ccc(C(=O)N2CCC[C@@H](c3nc4ccccc4[nH]3)C2)cc1,0.786,3.542,-8.9,-8.6,seed333
COc1ccccc1CN1CCN(C(=O)N[C@@H](C)c2cccc(C#N)c2)CC1,0.8678,3.5187,-8.8,-8.7,seed333
CSc1ccc(C(=O)N2CCC(C(=O)NCc3ccccc3)CC2)cc1,0.8209,2.8235,-8.3,-9.2,seed333
O=C([O-])c1ccccc1OCc1ccc(OCc2ccccc2)cc1,0.6661,2.9624,-8.4,-9.1,seed333
O=C(NCc1ccccc1)C(=O)N1CCC[C@@H]1c1ccccc1,0.8863,3.2969,-8.8,-8.7,seed333
CC1CC[NH+](CCNC(=O)N2CCC(Cc3ccccc3)CC2)CC1,0.8418,4.2378,-8.2,-9.3,seed333
O=C(NCc1nc(-c2ccc(Br)cc2)cs1)c1ccc(F)cc1,0.7041,2.882,-8.3,-9.2,seed333
O=C(COc1ccc(Cl)cc1)N1CCC(c2ccc(Cl)cc2)CC1,0.7816,2.7999,-8.5,-9.0,seed333
Cc1cccc(C)c1NC(=O)CN(C)c1ncnc2sc(C)c(C)c12,0.7693,3.3825,-9.0,-8.5,seed333
O=C(Nc1ccccc1OCC1CC1)c1cccc(N2CCCC2)c1,0.8536,2.8588,-8.3,-9.1,seed333
CCC(=O)N1CCc2cc(C(=O)NCc3ccccc3)ccc21,0.9439,2.8356,-8.3,-9.1,seed333
O=C(COC(=O)C1CCN(c2ccccc2)CC1)Nc1ccccc1,0.8514,2.7084,-8.2,-9.2,seed333
CC1=C(C(=O)Nc2cccc(C)c2C)[C@@H](c2ccc(C)cc2)n2ncnc2N1,0.724,4.0022,-9.4,-8.0,seed333
Cc1ccc(C(C)C)c(OCc2ccc(C(=O)N3CCCC3)cc2)c1,0.7737,2.8361,-8.3,-9.0,seed333
O=C(COc1ccccc1Oc1ccccc1)Nc1ccc(Br)cc1,0.6164,2.6437,-8.4,-8.9,seed333
O=C([O-])c1cccc(N2CCC([NH2+]CCCc3ccccc3)CC2)c1,0.7723,4.2068,-8.3,-9.0,seed333
O=C([O-])c1cc(N[C@@H]2CCCCC2(C)C)ccc1OCc1ccccc1,0.8532,4.0,-8.5,-8.8,seed333
O=C(CCc1ccccc1)N1CCC[C@@H]1CNc1ccccc1Cl,0.8447,3.3501,-8.1,-9.2,seed333
C[C@@H](Cc1ccccc1)C(=O)N1CCN(C(=O)[C@H]2CCCO2)CC1,0.8445,3.7925,-8.7,-8.6,seed333
O=C(C[NH+]1CCC(NC(=O)c2ccccc2)CC1)Nc1ccc(F)cc1,0.7549,3.9054,-8.2,-9.1,seed333
Cc1cccc(N2CCN(C(=O)Cn3nc(C)cc3C)CC2)c1,0.8719,3.0192,-8.2,-9.1,seed333
O=C(NCC1CC1)C(=O)Nc1cccc(C(=O)Nc2ccccc2)c1,0.7323,2.7658,-8.3,-8.9,seed333
O=C(NCCc1ccccc1)c1ccc(CS(=O)(=O)N2CCCC2)cc1,0.8123,2.8439,-8.3,-8.9,seed333
O=C([O-])[C@H]1CC2(CCN(Cc3c[nH]c4ccccc34)CC2)C1,0.9412,4.1469,-8.4,-8.8,seed333
O=C(C[NH+]1CCN(c2ccc(F)cc2)CC1)NCc1ccccc1,0.8537,3.9528,-8.2,-9.0,seed333
Cc1cscc1C(=O)Nc1cccc(C(=O)N[C@@H]2CCCC[C@@H]2C)c1,0.8398,3.9462,-8.2,-9.0,seed333
CN1C(=O)C(=Cc2ccccc2OCC(=O)NCc2ccccc2)C1=O,0.4894,3.0113,-8.6,-8.6,seed333
CC[C@@H]1CCCC[C@@H]1NC(=O)CCCN1C(=O)N[C@](C)(c2ccc(C)cc2)C1=O,0.6874,4.2696,-8.2,-9.0,seed333
O=C(Nc1ccccc1-c1nccn1C(F)F)c1ccc([N+](=O)[O-])cc1,0.549,3.3047,-8.5,-8.7,seed333
O=C([O-])c1cc(F)ccc1N1CCC(OCc2ccccc2)CC1,0.8455,3.3448,-8.2,-8.9,seed333
O=C([O-])c1ccc2c(c1)N(Cc1cccc(Cl)c1)[C@H](c1ccccc1)N2C(=O)c1ccccc1,0.4109,4.0669,-9.3,-7.8,seed333
COc1ccccc1C(=O)N1CC[C@@](CC(=O)N2CCC(O)CC2)C1,0.8975,3.5444,-7.8,-9.3,seed333
O=C([O-])[C@H]1Cc2c(nc(-c3ccccc3)n2Cc2ccccc2)C1,0.7399,4.0007,-8.7,-8.4,seed333
CC[C@@H](C)NC(=O)CNC(=O)c1ccccc1NC(=O)c1ccccc1,0.7149,3.1581,-8.7,-8.4,seed333
O=C(Cc1ccccc1)NCCc1nc(C2CC2)n2ccccc12,0.7586,3.244,-8.3,-8.8,seed333
O=C(NCCc1ccccc1)c1cnn(Cc2ccccc2)c1,0.761,2.7319,-8.0,-9.1,seed333
O=C(CNc1ccc(C(=O)N2CCCC2)cc1)Nc1cccc(F)c1,0.8784,2.7796,-8.3,-8.8,seed333
COc1ccc(C(=O)N2CCCC[C@@H]2C(=O)Nc2ccc(C)cc2)cc1OC,0.8572,3.262,-8.5,-8.6,seed333
CN(CC(=O)Nc1ccc(F)cc1)C(=O)CCc1ccc(F)cc1,0.884,2.761,-8.1,-9.0,seed333
O=C(COC(=O)c1ccc(Cl)cc1)N/N=C/c1ccccc1F,0.5192,2.8739,-8.4,-8.7,seed333
O=C(Nc1ccc(Cl)c(C(F)(F)F)c1)C(=O)N1CCC(O)CC1,0.7634,3.2497,-8.3,-8.7,seed333
O=C([O-])[C@H]1Cc2ccccc2CN1C(=O)c1ccc(F)cc1,0.8352,3.7371,-8.3,-8.7,seed333
CN1C(=O)C(=Cc2ccc(NC(=O)CCC(=O)[O-])cc2)C(=O)N1c1ccccc1,0.5816,3.7543,-8.3,-8.7,seed333
CN(C(=O)CSc1nnc(-c2ccccc2)n1C1CC1)c1ccc(F)cc1,0.6005,3.1694,-7.2,-9.8,seed333
COc1ccc(NC(=O)c2cccc(NC(=O)N3CCCCC3)c2)cc1,0.8737,2.7016,-8.4,-8.6,seed333
O=C([O-])[C@H]1CCCN(C(=O)Nc2ccccc2C(F)(F)F)C1,0.9026,3.8939,-8.9,-8.1,seed333
O=C(Nc1ccc([N+](=O)[O-])cc1)c1ccc(CSc2ccccc2)o1,0.3927,3.0014,-8.2,-8.8,seed333
C[C@H]1C[C@@H]1C(=O)N1CCC(NC(=O)C(=O)Nc2ccccc2F)CC1,0.8141,3.8437,-7.9,-9.1,seed333
C[C@H]1C[C@@H]1c1nc(CN2CCO[C@@H](c3ccccc3)C2)n[nH]1,0.942,4.5418,-8.4,-8.6,seed333
O=C(CCC(=O)N1CCCCC1)N1CCN(c2ccccc2)CC1,0.8499,2.827,-7.9,-9.0,seed333
CN1CCN(C(=O)c2ccc(=O)n(CC(=O)NC3CCCCC3)c2)CC1,0.8571,3.1922,-8.3,-8.6,seed333
CS(=O)(=O)c1ccc(C(=O)NNC(=O)CSc2nnc(Cc3ccccc3)o2)cc1,0.4134,3.227,-8.2,-8.7,seed333
CN(C)C(=O)c1ccc(NC(=O)c2ccc(OC[C@H]3CCCO3)cc2)cc1,0.8502,3.3333,-8.1,-8.8,seed333
C[C@@H]1CCC[C@@H](NC(=O)CNc2ccccc2C(=O)NC2CC2)C1,0.7514,3.7606,-8.4,-8.5,seed333
C[C@H](CNC(=O)C(=O)Nc1cccc(Cl)c1)c1ccccc1,0.851,3.2249,-8.0,-8.9,seed333
CSc1ccccc1NC(=O)CN1CCn2c(nnc2-c2ccccc2)C1,0.6903,3.2339,-8.1,-8.8,seed333
C[C@H]1CN(Cc2ccccc2)CCN1C(=O)Cc1ccccc1,0.8668,3.183,-8.4,-8.5,seed333
O=C(COc1ccccc1)N1CCC(Cc2ccccc2)CC1,0.8452,2.6912,-8.0,-8.9,seed333
O=C(CN(Cc1ccccc1)c1ccccc1)Nc1ccccc1,0.7338,2.6231,-8.2,-8.7,seed333
C[C@@H]1Cc2ccccc2N1C(=O)COc1ccc(Cl)cc1,0.865,3.2742,-8.1,-8.8,seed333
O=C(NCc1nc[nH]n1)Nc1ccccc1C(=O)NCC(F)(F)F,0.6582,3.7241,-8.5,-8.3,seed333
CCOc1ccccc1OCC(=O)N1CCC(OCc2ccccc2)CC1,0.7123,2.9149,-7.8,-9.0,seed333
O=C(Nc1ccc(F)cc1)c1ccc(-n2cccn2)cc1,0.8006,2.6914,-8.5,-8.3,seed333
CCc1nc(C)c(C(=O)N2CCC[C@H](C(=O)Nc3ccccc3)C2)s1,0.9108,3.5269,-7.9,-8.9,seed333
O=C(Nc1ccc2c(c1)CCC2)c1ccc(Cl)cc1,0.876,2.5891,-8.2,-8.6,seed333
CN(CCc1cccs1)C(=O)CSc1nc2ccccc2c(=O)[nH]1,0.5428,3.3982,-8.2,-8.6,seed333
O=C(Cc1ccc(OC(F)F)cc1)Nc1ccccc1C(=O)NCC1CCCCC1,0.6509,3.057,-8.6,-8.2,seed333
O=C(CCN1C(=O)CCSC1)Nc1ccccc1C(=O)NCC(F)(F)F,0.7822,3.4811,-8.3,-8.4,seed333
CN1C(=O)CC[C@@H]1c1ccc(NC(=O)c2ccc(Cl)cc2)cc1,0.929,3.3502,-7.9,-8.8,seed333
CN(C)c1cccc(CNC(=O)C(=O)Nc2ccc(C(N)=O)cc2)c1,0.7091,2.9382,-8.1,-8.6,seed333
O=C(CN1CCc2ccccc21)Nc1ccc(F)c(Cl)c1,0.9413,2.8479,-8.2,-8.5,seed333
O=C([O-])c1cccc(CN(Cc2ccccc2)Cc2ccccc2)c1,0.6678,3.0676,-8.6,-8.1,seed333
O=C([O-])c1cc(-c2cccc(Br)c2)nn1-c1ccc(Cl)cc1,0.7044,3.3917,-8.2,-8.5,seed333
CS(=O)(=O)c1ccc(F)c(NC(=O)Cc2ccc(F)cc2)c1,0.8788,2.7757,-8.0,-8.7,seed333
O=C(Nc1cccc(OCC(F)(F)F)c1)c1ccc(Cl)cc1,0.8944,2.7391,-8.1,-8.6,seed333
CNC(=O)c1ccc(NC(=O)CSc2nc3ccccc3[nH]2)cc1,0.6233,2.9087,-8.0,-8.7,seed333
O=C(NCc1nc2ccccc2[nH]1)c1ccc(Cl)cc1Cl,0.771,2.8968,-8.2,-8.5,seed333
Cc1cccc(OCC(=O)Nc2ccc(C)c(S(=O)(=O)N(C)C)c2)c1,0.8569,2.9031,-8.1,-8.6,seed333
C[C@@H]([NH2+]Cc1cccnc1)c1cccc(N2CCCC2=O)c1,0.9176,4.4228,-8.2,-8.5,seed333
CCc1ccc([C@H](C)NC(=O)NCc2ccccc2Cl)cc1,0.8396,3.1855,-8.2,-8.5,seed333
O=C(C[NH+]1CCC([C@H](O)c2ccccc2)CC1)N1CCCCC1,0.8711,4.7118,-8.1,-8.5,seed333
COCc1ccc(NC(=O)C(=O)N2CCCC[C@@H]2c2ccccc2)cc1,0.8567,3.4376,-7.8,-8.8,seed333
O=C(Nc1ccc2[nH]c(=O)[nH]c2c1)c1ccc(F)cc1,0.6681,2.8398,-8.1,-8.5,seed333
COc1ccccc1C(=O)N1CCC(C(=O)N2CCC(C)CC2)CC1,0.8471,2.9163,-8.4,-8.2,seed333
Cc1csc(=O)n1CCC(=O)N1CCC(C(=O)N2CCCCC2)CC1,0.8181,3.3052,-7.7,-8.9,seed333
Cc1csc(OCc2ccccc2OCC(=O)Nc2ccc(Cl)cc2)n1,0.6368,3.144,-8.0,-8.6,seed333
Cc1csc([C@H]2CCCN(C(=O)[C@@H](C)Oc3ccccc3)C2)n1,0.8596,3.8708,-8.0,-8.6,seed333
O=C(Cn1cnnn1)N1CCN(C(=O)c2ccc(Cl)cc2)CC1,0.8063,3.1014,-8.3,-8.3,seed333
O=C(Nc1cccc(N2CCCC2)c1)c1ccc([N+](=O)[O-])cc1,0.6929,2.7416,-7.9,-8.7,seed333
COc1cc(C)ccc1NC(=O)CNC(=O)c1ccc(C)cc1,0.8917,2.6182,-7.7,-8.9,seed333
C[C@@H](Oc1ccc(F)cc1)C(=O)NCCCNC(=O)c1ccc(Cl)cc1,0.6931,3.2289,-7.7,-8.9,seed333
C[C@H]1Cc2ccccc2N1C(=O)CCCN1C(=O)CCC1=O,0.798,3.6751,-8.2,-8.4,seed333
O=C(Cc1ccc(C(F)(F)F)cc1)Nc1ccc(Cl)c(Cl)c1,0.8123,2.7434,-8.0,-8.6,seed333
O=C(C[NH+]1CCc2sccc2C1)N1CCN(c2ccccc2)CC1,0.9027,4.6198,-8.0,-8.6,seed333
O=C(Nc1ccccc1)c1cccc(CN2CCOCC2)c1,0.943,2.5999,-8.2,-8.4,seed333
O=C(CSCCN1C(=O)C(=O)N(Cc2ccccc2)C1=O)Nc1cccc(Cl)c1,0.3942,3.2132,-8.0,-8.6,seed333
O=C(CSc1nnc(-c2ccco2)n1C1CC1)NCCc1ccccc1,0.6176,3.1678,-7.9,-8.6,seed333
CC(C)C[C@@H](C)C(=O)Nc1ccc(NC(=O)NCc2ccccc2)cc1,0.6791,3.2493,-7.8,-8.7,seed333
O=C([O-])c1ccc(CN2CCO[C@H](c3ccccc3)C2)nc1,0.8427,3.9478,-8.2,-8.3,seed333
COc1ccc(CNC(=O)c2cnc(Cc3ccccc3)s2)cc1,0.7459,2.9281,-7.9,-8.6,seed333
O=C(NC1CCCCC1)c1cccc(NC(=O)C2CC2)c1,0.8932,2.6989,-8.1,-8.4,seed333
COc1ccc(NC(=O)[C@@H]2CC(=O)N(c3ccccc3)C2)cc1OC,0.9086,3.2233,-7.8,-8.7,seed333
O=C(COC(=O)c1cccc(C(F)(F)F)c1)Nc1ccccc1,0.8763,2.6659,-7.7,-8.8,seed333
O=C(NC1CCCC1)c1ccc(S(=O)(=O)Nc2ccccc2)cc1,0.8747,2.6902,-7.9,-8.6,seed333
Cc1cccc(NC(=O)CSc2nc(C)c(C)c(C)c2C)c1,0.8529,3.0953,-7.7,-8.8,seed333
O=C([O-])[C@H]1Cc2c([nH]c3ccccc23)CN1CCC(F)(F)F,0.9364,4.404,-8.1,-8.4,seed333
C[C@H]1Cc2ccccc2N1C(=O)COc1ccc(Cl)cc1,0.865,3.2742,-7.8,-8.7,seed333
O=C([O-])c1ccc2c(c1)C(=O)N(Cc1ccccc1)C2=O,0.7807,3.1919,-8.1,-8.4,seed333
O=C([O-])c1cccc(NC(=O)CSc2ncccc2OCC(F)(F)F)c1,0.7344,3.6513,-8.0,-8.5,seed333
C[C@@H](C(=O)NCc1cccc(C#N)c1)N(C)C(=O)c1ccc(Cl)cc1,0.8956,3.498,-8.0,-8.4,seed333
O=C(Nc1ccc(Cn2cccn2)cc1)c1ccccc1F,0.8023,2.7629,-7.9,-8.5,seed333
O=C(NCc1cccc(OCC(F)F)n1)Nc1ccc(F)cc1,0.8572,3.2175,-8.0,-8.4,seed333
O=C([O-])[C@H]1CC2(CCN(C(=O)c3ccccc3)CC2)C1,0.8088,3.9296,-7.7,-8.7,seed333
O=C([O-])[C@H]1CCCC[C@@H]1C(=O)N1CCN(Cc2ccccc2)CC1,0.8228,3.9945,-7.4,-9.0,seed333
O=C(CNC(=O)CC1(O)CCCCC1)Nc1cccc([N+](=O)[O-])c1,0.5397,3.2906,-8.1,-8.3,seed333
Cc1cc(C(=O)N2CCN(C(=O)c3cccc(C#N)c3)CC2)n(C)n1,0.8243,3.183,-7.8,-8.6,seed333
O=C(Cc1ccc(Cl)cc1)Nc1ccc(C(=O)NC2CC2)cc1,0.8833,2.6021,-7.9,-8.5,seed333
O=C(Cn1nc2ccccc2n1)NCc1ccc(F)cc1,0.7956,2.9655,-8.2,-8.2,seed333
C[C@@H](NC(=O)CCc1ccccc1)c1cccc(OC(F)F)c1,0.8343,3.2631,-7.9,-8.4,seed333
C[C@@H](C(=O)NC1CCC(C)CC1)N1CCN(c2ncccn2)CC1,0.9095,3.6387,-7.9,-8.4,seed333
O=C([O-])[C@H]1Cc2c(cnc3ccccc23)[C@@H]1C(=O)[O-],0.6851,5.0736,-8.0,-8.3,seed333
CCc1ccc(NC(=O)COC(=O)c2cccc(C#N)c2)cc1,0.8613,2.766,-7.5,-8.8,seed333
O=C(CCCOc1ccccc1)N1CCC[C@@H]1c1ccccc1,0.7481,3.1836,-8.0,-8.3,seed333
O=C(Nc1ccc(Cl)cc1)NCC(=O)Nc1ccc(Cl)cc1,0.7945,2.5823,-7.7,-8.6,seed333
O=C([O-])c1ccc(N2CCN(c3ccccc3)CC2)cc1,0.8524,3.0322,-8.2,-8.1,seed333
O=C([O-])c1cccc(CNC(=O)c2ccccc2)c1,0.8838,2.9527,-8.2,-8.1,seed333
O=C(Cc1cccc(OC(F)F)c1)Nc1cccc([N+](=O)[O-])c1,0.6528,2.9423,-7.9,-8.3,seed333
O=C(Cn1c(=O)oc2ccccc21)Nc1ccccc1,0.7919,2.7254,-7.9,-8.3,seed333
COC[C@H](NC(=O)Nc1cccc(C)c1)c1ccc(C)cc1,0.8815,3.2926,-7.9,-8.3,seed333
O=C(CCC(=O)c1c(Cl)cccc1Cl)Nc1ccccc1Br,0.6865,2.9346,-7.9,-8.3,seed333
O=C(Cc1ccc(F)cc1)Nc1ccc(F)cc1[N+](=O)[O-],0.695,2.7739,-8.1,-8.1,seed333
CS(=O)(=O)c1ccc(NC(=O)CNC(=O)c2ccccc2)cc1,0.8668,2.6028,-7.8,-8.4,seed333
CCn1cc(C(=O)N2CCC[C@H](C(=O)Nc3ccccc3F)C2)cn1,0.9267,3.5423,-8.0,-8.2,seed333
CS[C@@H]1CCC[C@@H](NC(=O)C(=O)Nc2ccccc2OCC(F)(F)F)C1,0.757,4.222,-7.8,-8.4,seed333
CCCCNC(=O)C1CCN(C(=O)c2ccc(F)cc2F)CC1,0.8468,2.8801,-7.9,-8.2,seed333
O=C(NC1CCCC1)[C@H]1CCCN1C(=O)c1ccc(Cl)cc1,0.9304,3.2862,-7.6,-8.5,seed333
C[C@H](NC(=O)Cc1ccccc1)c1ccc(Cl)cc1Cl,0.8902,3.0955,-7.8,-8.3,seed333
O=C([O-])c1ccc(NC(=O)C(=O)N2CCC(CC(=O)[O-])CC2)cc1,0.6588,3.8862,-7.9,-8.2,seed333
CCCS(=O)(=O)c1ccc(NC(=O)c2ccc(C)cc2)cc1,0.9186,2.6566,-7.8,-8.3,seed333
C[C@H](CC(=O)Nc1ccc(Cl)cc1)c1ccc(F)cc1,0.8754,3.0708,-7.8,-8.3,seed333
CNC(=O)C1CCN(C(=O)Nc2ccc(Cl)cc2C)CC1,0.882,2.9129,-7.7,-8.4,seed333
O=C(Nc1cccc(Cl)c1O)c1ccc(F)cc1,0.8174,2.6522,-8.2,-7.9,seed333
O=C(CSCc1ccccc1)NNC(=O)c1ccccc1,0.8336,2.6794,-7.8,-8.3,seed333
C[C@H]1C[C@@H]1C(=O)N1CCC(NC(=O)c2ccc(C(C)(C)C)cc2)CC1,0.9155,3.754,-7.7,-8.4,seed333
COCCNC(=O)c1cccc(NC(=O)c2cccc(Cl)c2)c1,0.7991,2.6579,-7.8,-8.3,seed333
COc1ccc(OCC(=O)Nc2ccccc2C(=O)N(C)C)cc1,0.8841,2.6842,-7.7,-8.4,seed333
C[C@H]1CN(Cc2ccccc2CN2CCC[C@@H]2C(=O)[O-])C[C@@H]1C,0.8258,4.5877,-8.0,-8.1,seed333
O=C(CSCCS(=O)(=O)c1ccccc1)Nc1ccccc1SC(F)F,0.4906,3.3026,-8.0,-8.1,seed333
C[C@H](CNC(=O)Nc1cc(Cl)ccc1Cl)[NH+]1CCCCC1,0.7802,4.8023,-7.8,-8.2,seed333
CSc1ccccc1C(=O)NC[C@H](C)c1ccc(F)cc1,0.8433,3.3256,-7.9,-8.1,seed333
O=C([O-])c1cc(CN2CCN(c3ccccc3F)CC2)ncn1,0.808,3.5451,-8.1,-7.9,seed333
O=C(Cc1ccc(F)cc1)NCCc1cccc(F)c1,0.8929,2.6083,-8.1,-7.9,seed333
O=C([O-])c1ccc(N2CCCC2)c(NCc2ccccc2)c1,0.9191,3.2172,-8.1,-7.9,seed333
O=C(NCc1ccccc1)N(CCC1CC1)c1ccccc1,0.8504,2.9006,-8.0,-8.0,seed333
C[C@@H](OC(=O)Cc1ccccc1)C(=O)N(C)Cc1ccccc1,0.7707,3.1927,-7.5,-8.5,seed333
O=C(NCc1nccn1Cc1ccccc1)c1ccccc1,0.7855,2.7198,-7.7,-8.3,seed333
COc1ccc(/C=C(\C#N)C(=O)NCc2ccccc2)cc1OC,0.6555,2.9081,-7.9,-8.1,seed333
O=C(C[NH+]1CCc2cc(Cl)ccc2C1)NC1CCCCC1,0.876,4.7559,-7.5,-8.5,seed333
O=C(NCCn1cccn1)[C@@H]1CC(c2ccccc2)=NO1,0.8965,3.765,-7.6,-8.3,seed333
CS[C@@H](C)C(=O)N1CCC(C(=O)N2CCN(c3ccccc3)CC2)CC1,0.8102,3.5357,-7.6,-8.3,seed333
O=C([O-])[C@H]1Cc2c(Cl)cccc2N1Cc1ccccc1,0.8669,3.9313,-7.9,-8.0,seed333
O=C(Cc1ccc(Cl)cc1)Nc1ccc(N2CCCC2)cc1,0.9203,2.6102,-7.6,-8.3,seed333
C[C@H](OC(=O)c1ccccc1)c1nc(C(C)(C)C)no1,0.8034,3.6001,-7.4,-8.5,seed333
O=C(Cc1ccc(F)cc1)NCCNC(=O)c1ccc(Cl)cc1,0.7977,2.6515,-7.6,-8.3,seed333
O=C(CSCC1=CCCCC1)N1CCC(C(=O)N2CCCCC2)CC1,0.7015,3.4482,-7.6,-8.3,seed333
COC(=O)c1ccc(C(=O)Nc2ccc(Cl)c(C)c2)cc1,0.8799,2.55,-7.8,-8.1,seed333
O=C([O-])c1cc(C(F)(F)F)ccc1Oc1ccc(Cl)cc1,0.8705,3.3067,-7.8,-8.1,seed333
CC[C@@H]1CCCC[C@@H]1NC(=O)c1ccccc1OCc1ccco1,0.8461,3.8082,-7.7,-8.2,seed333
O=C(C[NH+]1CCN(C(=O)c2ccccc2)CC1)N1CCOCC1,0.7686,4.1413,-7.8,-8.1,seed333
CSCC[C@H](NC(=O)c1cccnc1)C(=O)NCc1ccccc1,0.7711,3.3513,-7.7,-8.2,seed333
CC1CCN(C(=O)C2(c3ccccc3)CC[NH2+]CC2)CC1,0.88,4.1713,-8.1,-7.7,seed333
Cc1ccc(C(=O)NCCC(=O)N2CCCC2)cc1Cl,0.9268,2.7634,-7.7,-8.1,seed333
CCCCN(C)C(=O)C1CCN(C(=O)c2ccccc2)CC1,0.8389,2.827,-7.5,-8.3,seed333
O=C(Cn1ccc(=O)[nH]c1=O)NCc1ccc(Cl)cc1Cl,0.8833,3.136,-7.7,-8.1,seed333
COc1cc(/C=C(\C#N)C(=O)Nc2ccc(C)cc2)cc(Cl)c1OC,0.643,3.0909,-7.3,-8.5,seed333
COc1ccc(-c2noc(CSCc3ccccc3)n2)cc1,0.6832,2.8976,-7.3,-8.5,seed333
CN(Cc1ccccn1)C(=O)CNC(=O)c1ccc(Cl)cc1,0.9185,2.8614,-7.6,-8.2,seed333
CNC(=O)C(=O)Nc1ccc(C(=O)N2CCC(C(C)C)CC2)cc1,0.8302,3.0709,-7.6,-8.2,seed333
C[C@H](NC(=O)CCC(=O)c1ccccc1)c1ccncc1,0.8287,3.2423,-7.8,-7.9,seed333
C[C@@H]1CCCC[C@@H]1OCC(=O)Nc1ccc(F)c(F)c1,0.9181,3.7264,-7.7,-8.0,seed333
O=C([O-])c1ccc(CN2C(=O)c3ccccc3S2)cc1,0.7315,3.6433,-7.7,-8.0,seed333
CN1C(=O)c2ccccc2N[C@@H]1c1ccc(Br)cc1,0.8707,3.5673,-7.6,-8.1,seed333
O=C(CCc1ccccc1)Nc1cccc(F)c1,0.8757,2.3892,-7.7,-8.0,seed333
O=C(C[NH+]1CCC(OCc2ccccc2)CC1)N1CCCC1,0.8758,4.2021,-7.5,-8.2,seed333
O=C(COCc1ccccc1)Nc1ccc(N2CCCC2)cc1,0.8884,2.6818,-7.5,-8.2,seed333
C[C@@H]1CC(C(=O)Nc2cccc([N+](=O)[O-])c2)C[C@@H](C)O1,0.6805,3.9303,-7.6,-8.1,seed333
O=C(NCCNc1ccccc1)c1ccccc1[N+](=O)[O-],0.4848,2.7442,-7.8,-7.9,seed333
COC[C@@H]1CCCC[C@H]1NC(=O)N1CCC[C@H](C(=O)N2CCCC2)C1,0.8448,4.2638,-7.3,-8.4,seed333
O=C([O-])c1ccc(/C=C/C(=O)N2CCCCC2)cc1,0.762,3.36,-7.7,-7.9,seed333
O=C(CCc1ccc(F)cc1)N1CCC(CC(=O)[O-])CC1,0.8173,3.3174,-7.6,-8.0,seed333
O=C([O-])c1cc(N2CCN(Cc3ccccc3)CC2)ccn1,0.8338,3.2462,-7.6,-8.0,seed333
O=C(C[NH+]1CCCC[C@@H]1C(=O)c1ccccc1)N1CCCCC1,0.8516,4.8538,-7.5,-8.1,seed333
Cc1cscc1CN1CCN(C(=O)c2ccc(Cl)cc2)CC1,0.8547,3.1363,-7.5,-8.1,seed333
CNC(=O)[C@H]1CCCN(C(=O)c2cccc(C)c2)C1,0.8776,3.2566,-7.8,-7.8,seed333
CC(C)CCOC(=O)c1cccc(NC(=O)C(=O)NC[C@@H]2CCCO2)c1,0.5724,3.5804,-7.4,-8.2,seed333
O=C([O-])[C@H]1CCCN(C(=O)Nc2ccccc2)C1,0.8349,3.6365,-7.7,-7.8,seed333
COCC(=O)N1CCC(C(=O)NCc2ccccc2C(=O)[O-])CC1,0.7602,3.3788,-7.7,-7.8,seed333
CN1CCN(C(=O)CN2CCN(c3ccccc3)CC2)CC1,0.8171,2.7856,-7.5,-8.0,seed333
O=C(Nc1ccc([N+](=O)[O-])cc1)c1ccc(F)cc1F,0.6921,2.6828,-7.8,-7.7,seed333
CSCc1ccccc1C(=O)NCc1cccc(F)c1,0.9106,2.8373,-7.6,-7.9,seed333
C[C@@H]1CC[NH+](CC(=O)NCc2ccccc2F)C[C@@H]1O,0.7114,5.3248,-7.7,-7.8,seed333
O=C(COc1ccccc1)N1CCN(CCN2CCCC2=O)CC1,0.7749,2.9769,-7.4,-8.1,seed333
O=C([O-])[C@H]1CC2(CCN(C(=O)CCn3cc[nH+]c3)CC2)C1,0.7471,5.4627,-7.7,-7.8,seed333
CCOc1ccc(C(=O)Nc2ccc(CC(C)C)cc2)cc1,0.85,2.5289,-7.5,-8.0,seed333
O=C(Cn1cnc2ccccc21)Nc1ccc(Cl)cc1,0.8022,2.7095,-7.4,-8.0,seed333
CSCCn1/c(=N/C(=O)c2ccc(F)cc2)sc2ccccc21,0.7169,3.2322,-7.4,-8.0,seed333
O=C(NCCn1cc[nH+]c1)N[C@H](Cc1ccccc1)C1CC1,0.8017,4.6525,-7.8,-7.6,seed333
CN1CCO[C@H](CN2CCN(C(=O)Nc3ccccc3)CC2)C1,0.9087,3.547,-7.3,-8.1,seed333
O=C([O-])c1ccc(S(=O)(=O)Nc2ccc(F)cc2)cc1,0.9107,3.0925,-7.7,-7.6,seed333
C[C@@H]1Cc2ccccc2N1C(=O)CN1CCC([NH3+])CC1,0.8616,4.2292,-7.6,-7.7,seed333
C[C@@H](CC(F)(F)F)NC(=O)NCCCC(=O)Nc1cccc(F)c1,0.5226,3.6402,-7.3,-8.0,seed333
CS(=O)(=O)N1CCC(C(=O)Nc2ccc(S(C)(=O)=O)cc2)CC1,0.8517,2.9332,-7.3,-8.0,seed333
C[C@H](Oc1ccc(F)cc1)C(=O)Nc1ccc(Cl)cc1,0.9287,2.9539,-7.4,-7.9,seed333
C[C@@H]([NH2+][C@@H]1CCCC[C@@H]1C(C)C)c1ccc2c(c1)OCO2,0.9235,5.125,-7.4,-7.9,seed333
COC(=O)c1ccc(NC(=O)COc2cccc(C)c2)cc1,0.8622,2.564,-7.3,-8.0,seed333
O=C(Nc1ccccc1)c1ccc(Cl)cc1,0.8409,2.1603,-7.8,-7.5,seed333
O=C(CSCc1ccccc1)N1CCN(C(=O)C2CC2)CC1,0.8336,2.899,-7.4,-7.9,seed333
Cc1cscc1CN1CCC(C(=O)N2CCCCC2)CC1,0.8554,3.3123,-7.5,-7.8,seed333
CS[C@@H]1CC[C@@H](NC(=O)N[C@H](C)CCc2ccccc2)C1,0.843,4.1714,-7.2,-8.0,seed333
C[C@@H](O)CC(C)(C)CNC(=O)N(C)Cc1ccccc1C(F)(F)F,0.8261,3.9989,-7.3,-7.9,seed333
CNC(=O)[C@@H]1CCCCN1C(=O)c1ccc(OC)c(C)c1,0.9223,3.3264,-6.8,-8.4,seed333
C[C@@H](NC(=O)C1CCC1)c1ccc(N2CCCC2)c(F)c1,0.9214,3.3622,-7.3,-7.9,seed333
O=C(CCCc1ccccc1)Nc1ccccc1Cl,0.8645,2.4227,-7.5,-7.7,seed333
CCn1nccc1CNC(=O)[C@@H](C)Sc1nc2ccccc2[nH]1,0.6816,3.8313,-7.3,-7.9,seed333
Cc1csc(C(=O)NCC(=O)Nc2ccc(Br)cc2)n1,0.8867,3.0379,-7.4,-7.7,seed333
CC[C@@H](C)NC(=O)CN1CCN(C(=O)Cc2ccc(Cl)cc2)CC1,0.8518,3.3093,-7.1,-8.0,seed333
O=C([O-])[C@H]1CC2(CC[NH+](Cc3ccccc3)CC2)C1,0.831,5.5113,-7.6,-7.5,seed333
COCc1ccc(C(=O)NCc2cccc(F)c2)cc1,0.9093,2.5703,-7.5,-7.6,seed333
CN(Cc1ccco1)C(=O)c1ccc(Cn2cccn2)cc1,0.727,3.0719,-7.5,-7.6,seed333
O=C(NCCc1ccccn1)c1cc(Cl)ccc1Cl,0.9394,2.7515,-7.3,-7.7,seed333
CN1CCO[C@@H](CNC(=O)NCc2ccc(F)cc2)C1,0.864,3.5389,-7.5,-7.5,seed333
Cc1cc(C)c(C(=O)NCCCN2CCOCC2)cc1C,0.8441,2.9544,-7.2,-7.8,seed333
C[C@@H]1CN(C(=O)c2ccc(Cn3cccn3)cc2)C[C@@H](C)O1,0.8725,3.8162,-7.4,-7.6,seed333
O=C([O-])[C@H]1CC2(CC[NH+](Cc3ccccc3)CC2)C1,0.831,5.5113,-7.6,-7.4,seed333
O=C([O-])c1cc(C2CC2)nc2ccc(Cl)cc12,0.8157,3.5881,-7.4,-7.6,seed333
CSCc1nc(CN2CCN(c3ccccc3C(F)(F)F)CC2)no1,0.8028,3.4162,-7.1,-7.9,seed333
CCn1cc(C(=O)N(C)[C@@H](C)c2cccc(Cl)c2)cn1,0.8659,3.6459,-7.2,-7.7,seed333
CCC1(CC)C[NH+](Cc2ccccc2C(=O)[O-])CC1,0.8454,5.5275,-7.4,-7.5,seed333
O=C(COc1ccc(Cl)cc1Cl)NCCC(=O)N1CCCC1,0.8619,2.8598,-7.2,-7.7,seed333
C[C@H]1CN(C(=O)COc2ccccc2C(C)C)C[C@@H](C)O1,0.856,3.7648,-7.2,-7.7,seed333
CSc1nnc(NC(=O)COc2ccc(F)cc2)s1,0.6783,2.9788,-7.2,-7.7,seed333
C[C@@H]([NH2+][C@H]1CCC[C@@H](C)C1)c1ccc(OCC(F)F)cc1,0.8539,5.1595,-7.3,-7.6,seed333
O=C(CSc1ncc[nH]1)NNC(=O)c1ccc(Cl)cc1Cl,0.5861,3.3312,-7.1,-7.8,seed333
C[C@@H]([NH2+][C@H]1CCCC[C@@H]1OC(C)(C)C)c1cccc(Cl)c1,0.8902,5.1266,-7.1,-7.8,seed333
CCc1nn(C)c(OC)c1CNC(=O)Nc1ccc(C#N)cc1,0.8847,3.4181,-7.1,-7.8,seed333
CCC[C@H](C)C(=O)N1CCC[C@@H](c2nc(C)c(C)s2)C1,0.8435,4.1828,-7.3,-7.5,seed333
O=C([O-])[C@H]1CC(=O)N(CC(=O)Nc2ccccc2)C1,0.7698,3.7481,-7.3,-7.5,seed333
O=C(Cc1cccs1)NCCc1ccc2c(c1)OCCO2,0.9226,3.0546,-7.3,-7.5,seed333
Cc1cscc1CN(C)C(=O)N[C@H](C)c1cccc(C#N)c1,0.9323,3.9919,-7.3,-7.5,seed333
O=C(NC1CCCCC1)c1ccc(Cl)cc1Cl,0.8639,2.6707,-7.4,-7.4,seed333
O=C([O-])c1cccc(Cn2ccc([N+](=O)[O-])c2)c1,0.5885,3.8246,-7.3,-7.5,seed333
C[C@H]1CN(C(=O)CCc2ccccc2)C[C@@H](C)O1,0.8196,3.5379,-7.2,-7.6,seed333
C[C@@H]1CN(C(=O)CCc2ccccc2)C[C@@H](C)O1,0.8196,3.5379,-7.3,-7.4,seed333
COCCOc1ccccc1C(=O)N(C)Cc1ccccc1C,0.7363,2.8442,-7.0,-7.7,seed333
O=C(CCCC(F)(F)F)N1CCN(c2cccc[nH+]2)CC1,0.8515,4.3067,-7.4,-7.3,seed333
O=C([O-])c1cc(C(=O)N2CCOCC2)ccc1Cl,0.767,3.3598,-7.4,-7.3,seed333
O=C(c1cn(-c2ccccc2)nc1-c1ccccc1)N1CCC(c2nc3ccccc3[nH]2)CC1,0.3992,3.2749,-10.3,-11.2,seed999
O=C(NCc1cccc(N2CCCC2=O)c1)Nc1ccc(-c2nc3ccccc3o2)cc1,0.473,3.1732,-10.0,-11.3,seed999
O=C(C1=c2ccccc2=[NH+]C1)N1CCC[C@@H](c2nnc(-c3ccccc3)o2)C1,0.7019,4.5963,-9.7,-11.2,seed999
O=C(NCCN1C(=O)c2ccccc2C1=O)c1ccc(C(=O)N2CCCCC2)cc1,0.7739,2.9546,-10.0,-10.6,seed999
O=C(NCc1ccccc1)c1cccc(-c2nc(-c3ccccc3)no2)c1,0.5784,2.7771,-9.6,-10.9,seed999
O=C(c1cncc(NC(=O)c2ccccc2)c1)N1CCCc2ccccc21,0.7725,2.9812,-9.5,-10.9,seed999
O=C(Nc1ccccc1)c1ccc2c(c1)CCCN2S(=O)(=O)c1ccccc1,0.7275,2.8849,-9.7,-10.7,seed999
O=C(Nc1ccc(C2=NC(=O)c3ccccc32)cc1)c1ccc(F)cc1,0.7785,2.9555,-10.1,-10.3,seed999
O=C(c1cnn(-c2ccccc2)c1)N1CCC[C@@H](c2nc(-c3ccccc3)no2)C1,0.5194,3.6814,-9.3,-11.1,seed999
O=C(c1cn(-c2ccccc2)nc1-c1ccccc1)N1CCN(Cc2ccc(F)cc2)CC1,0.4542,3.0309,-10.2,-10.0,seed999
O=C(Cn1nnnc1-c1ccccc1)Nc1cccc(C(=O)N2CCCC2)c1,0.7369,3.0318,-9.7,-10.5,seed999
CCc1ccccc1C(=O)Nc1cccc(CN2CCN(c3ccccc3)CC2)c1,0.6452,2.865,-9.6,-10.6,seed999
O=C(c1cn(-c2ccccc2)nc1-c1ccccc1)N1CCC[C@@H]1c1nc2ccccc2[nH]1,0.413,3.6946,-10.6,-9.5,seed999
O=C(Nc1ccc(F)c(F)c1)c1cccc(CSc2nc3ccccc3s2)c1,0.4017,3.0242,-9.8,-10.2,seed999
O=C(C1=C([O-])C(=O)N(Cc2ccccc2)C1=O)Nc1cccc(OCc2ccccc2)c1,0.4612,3.3674,-9.6,-10.3,seed999
O=C(c1cn(Cc2ccccc2)nc1-c1ccccc1)N1CCN(c2cccc[nH+]2)CC1,0.4936,3.8472,-10.1,-9.8,seed999
O=C(c1cn(CCc2ccccc2)nc1-c1ccccc1)N1CCN(c2cccc[nH+]2)CC1,0.4625,3.8954,-10.3,-9.6,seed999
O=C(NCCC1=c2ccccc2=[NH+]C1)c1cccc(NC(=O)[C@H]2CC(=O)N(c3ccccc3)C2)c1,0.4687,4.4092,-9.8,-10.0,seed999
O=C(Cc1noc2ccccc12)N1CCC[C@H](c2ccccc2)C1,0.7377,3.5411,-9.6,-10.1,seed999
O=C(c1cnc2sc3c(c2c1)CCCC3)N1CCc2ccccc2C1,0.654,3.3703,-9.2,-10.5,seed999
CCOc1ccc(C(=O)N2CCC(C(=O)N3CCC(C(=O)NCc4ccc(F)cc4)CC3)CC2)cc1,0.6364,3.1316,-8.9,-10.7,seed999
O=C(Nc1ccc(NC(=O)c2ccccc2)cc1)c1cccc(NC(=O)c2ccccc2)c1,0.3767,2.5067,-9.4,-10.2,seed999
Cc1n[nH]c(C)c1CCC(=O)N1CCC[C@@H](C(=O)NCC2(c3ccc(F)cc3)CCCC2)C1,0.6647,4.0805,-9.9,-9.7,seed999
O=C(c1cnn2cc(Br)cnc12)N1CCC[C@H](c2nc3ccccc3[nH]2)C1,0.5342,3.9922,-9.2,-10.4,seed999
O=C(Nc1cccc(C(=O)N2CCCC2)c1)c1ccccc1C(F)(F)F,0.8899,2.8632,-9.9,-9.6,seed999
O=C(c1cn(-c2ccccc2)nc1-c1ccccc1)N1CCN(C(=O)C2CC2)CC1,0.6756,3.0497,-10.0,-9.5,seed999
COc1ccccc1[C@@H](CNC(=O)c1cccc([N+](=O)[O-])c1)NC(=O)c1ccccc1,0.4288,3.475,-9.6,-9.9,seed999
O=C(CS(=O)(=O)Cc1ccccc1)Nc1cccc(C(=O)Nc2ccccc2)c1,0.6259,2.8476,-9.4,-10.0,seed999
O=C(c1cn[nH]c1-c1ccccc1)N1CCC[C@H](c2nc3ccccc3s2)C1,0.553,3.7268,-9.5,-9.9,seed999
O=C(c1cnc2nc(-c3ccccc3)nn2c1CC1CCC1)N[C@@H]1CC[NH+](Cc2ccccc2)C1,0.4383,5.0546,-9.4,-10.0,seed999
O=C(c1cn[nH]c1)[C@@H]1CCCN1C(=O)CN1C(=O)N[C@@]2(CCc3ccccc32)C1=O,0.579,4.9379,-9.5,-9.9,seed999
O=C(Nc1cccc(-c2nc(C3CC3)no2)c1)N1CCC(OCc2ccccc2)CC1,0.6203,3.3075,-9.3,-10.1,seed999
O=C(Nc1ccc(N2CCCCC2)cc1)[C@@H]1CCCN(S(=O)(=O)c2ccccc2)C1,0.7897,3.4044,-9.3,-10.1,seed999
O=C(c1cn(-c2cccc(F)c2)nc1-c1cccnc1)N1CCN(Cc2ccccc2)CC1,0.4693,3.209,-10.0,-9.4,seed999
O=C(C1=C([O-])C(=O)N(c2ccc(F)cc2)[C@H]1c1ccccc1)c1ccccc1,0.6596,3.766,-9.5,-9.8,seed999
O=C(CSc1nnc(-c2ccccc2)n1-c1ccccc1)N1CCN(c2ccccc2)CC1,0.4042,3.0318,-9.0,-10.3,seed999
O=C(Cc1noc2ccccc12)Nc1cccc(C(=O)N2CCOCC2)c1,0.7678,3.1184,-9.5,-9.8,seed999
Cc1cccc(CNC(=O)C(=O)Nc2ccccc2C(=O)Nc2ccccc2)c1,0.5857,2.7955,-9.2,-10.1,seed999
O=C(c1cn[nH]c1-c1ccccc1)N1CCC(c2nc3ccccc3s2)CC1,0.553,3.2737,-9.1,-10.2,seed999
O=C(c1cn(Cc2ccccc2)nn1)N1CCC[C@@H](c2nc3ccccc3s2)C1,0.5175,3.7138,-8.7,-10.6,seed999
O=C(Nc1ccc(C(=O)N2CCCCC2)cc1)c1ccccc1OC1CCCC1,0.7884,2.9346,-9.2,-10.0,seed999
O=C(c1cncc(F)c1)N1CCC[C@@H](c2nc(-c3ccccc3)no2)C1,0.7232,3.6765,-9.1,-10.1,seed999
O=C(c1cn(-c2ccccc2)nc1-c1ccccc1)N1CCC(CN2CCOCC2)CC1,0.6191,3.2194,-9.7,-9.5,seed999
O=C(NCc1ccccc1)c1cccc(NC(=O)c2ccccc2Cl)c1,0.6988,2.5617,-9.0,-10.1,seed999
O=C(c1cn(Cc2ccccc2)nc1-c1ccccc1)N1CCC(Cc2ccccc2)CC1,0.39,3.0835,-9.5,-9.6,seed999
O=C(Nc1cccc(C(F)(F)F)c1)c1ccccc1C(=O)Nc1ccc(Cl)cc1,0.5569,2.8196,-9.3,-9.8,seed999
O=C(CSc1nc2ccccc2c(=O)n1Cc1ccccc1)Nc1ccc(Br)cc1,0.3139,2.8981,-9.6,-9.5,seed999
O=C(C1=Cc2cc(Cl)ccc2OC1)N1CCC(Oc2ccccc2Cl)CC1,0.7351,3.3982,-9.2,-9.9,seed999
Cc1nnc(CN2CCN(C(=O)C3CCN(C(=O)c4ccccc4)CC3)CC2)c(C)c1Cl,0.7085,3.4232,-9.8,-9.3,seed999
O=C(c1cn[nH]c1NC(=O)c1cccc2c1OCCO2)c1ccccc1,0.7065,3.4364,-9.4,-9.7,seed999
O=C(NCCc1ccccc1)c1ccccc1C(=O)Nc1ccc(F)cc1,0.695,2.6424,-9.7,-9.4,seed999
O=C(Cc1ccccc1)N1CCN(C(=O)c2cccc(NC(=O)C3CC3)c2)CC1,0.8517,2.8544,-9.5,-9.6,seed999
O=C(CCc1nc2ccccc2c(=O)[nH]1)N1CCC[C@@H]1c1ccccc1,0.7879,3.5885,-9.7,-9.3,seed999
O=C(CS(=O)(=O)c1ccc(F)cc1)Nc1ccccc1C(=O)Nc1ccccc1,0.6064,2.8454,-9.3,-9.7,seed999
O=C(c1cn[nH]c1)N1CCC[C@@H](c2nc(-c3ccccc3)no2)C1,0.7998,3.7827,-9.2,-9.8,seed999
O=C(NCc1ccccc1)c1cccc(Oc2ccccc2OC(F)F)c1,0.6368,2.8242,-9.2,-9.7,seed999
O=C(C1=C(C(=O)OCc2ccccc2)c2ccccc2C1)N1CCN(c2ccccc2)CC1,0.5633,3.2837,-9.8,-9.1,seed999
O=C(Nc1ccc(-c2nc(-c3ccccc3)no2)cc1)c1ccccc1,0.5862,2.679,-8.7,-10.2,seed999
Cc1ccc(S(=O)(=O)N2CCC(NC(=O)C(=O)Nc3ccccc3)CC2)cc1C,0.7487,3.0373,-8.7,-10.2,seed999
O=C(c1cn[nH]c1-c1nc2ccccc2[nH]1)N1CCN(C(=O)c2ccccc2)CC1,0.5522,3.3259,-9.2,-9.7,seed999
O=C(c1cnn2c1cnn2CC(=O)N1CCCCC1)N1CCN(c2ccccc2)CC1,0.6381,3.7726,-9.0,-9.9,seed999
O=C(c1cn(-c2ccccc2)nc1-c1ccccc1)N1CCCC[C@@H]1Cn1cccn1,0.4881,3.7556,-9.5,-9.4,seed999
O=C(NCCN1C(=O)CCc2ccccc21)c1ccc(N2CCCC2)cc1,0.8885,3.0124,-8.8,-10.0,seed999
CCc1ccc([C@H](C)NC(=O)c2ccc(NC(=O)c3ccccc3)cc2)cc1,0.6402,3.0757,-8.9,-9.9,seed999
O=C(CN(c1ccccc1)S(=O)(=O)c1ccccc1)N1CCN(C(=O)c2ccco2)CC1,0.5719,3.1666,-9.0,-9.8,seed999
O=C(Nc1cccc(S(=O)(=O)C(F)F)c1)C1CCN(C(=O)c2ccccc2)CC1,0.8023,3.0685,-8.8,-10.0,seed999
O=C(Nc1cccc(Cl)c1)c1cccc(NC(=O)c2ccccc2)c1,0.7066,2.5136,-8.5,-10.3,seed999
O=C(C1=c2ccccc2=[NH+]C1)N1CCC(OCc2ccccc2)CC1,0.8381,4.0252,-9.0,-9.8,seed999
O=C(Nc1ccc(-c2ccco2)cc1)[C@@H]1CCCN(C(=O)c2ccc(Cl)cc2)C1,0.6535,3.4104,-8.8,-10.0,seed999
O=C(c1cn[nH]c1-c1ccccc1)N1CCN(c2cccc([N+](=O)[O-])c2)CC1,0.5571,3.1799,-8.6,-10.2,seed999
C=CCn1c(SCC(=O)Nc2nc(-c3ccccc3)no2)c2ccccc2n1,0.3785,3.7009,-8.8,-9.9,seed999
O=C(NCCc1ccccc1)N1CCC(C(=O)N2CCN(c3ccccc3)CC2)C1,0.8305,3.4127,-8.8,-9.9,seed999
O=C(C1=c2ccccc2=[NH+]C1)N1CCN(C(=O)c2ccccc2)CC1,0.7296,3.8812,-9.1,-9.6,seed999
O=C(c1cn(CC(=O)c2ccccc2)nc1-c1ccccc1)N1CCCC1,0.6533,3.013,-9.5,-9.2,seed999
O=C(NCc1ccccc1)c1ccccc1C(=O)NCc1ccccc1,0.7184,2.4807,-9.0,-9.7,seed999
O=C(CNC(=O)c1ccc(-c2ccccc2)cc1)Nc1ccccc1F,0.7355,2.5944,-8.7,-10.0,seed999
Cc1nn(-c2ccccc2)c(C)c1C(=O)NCC(=O)NCc1ccc(F)cc1,0.6904,2.9833,-9.2,-9.5,seed999
C=CCc1ccccc1NC(=O)CSc1nnc(-c2ccccc2)n1Cc1ccccc1,0.2776,3.1308,-8.7,-10.0,seed999
O=C(c1cn[nH]c1)N(CCC(=O)N1CCC(Cc2ccccc2)CC1)c1ccccc1,0.6345,3.38,-8.6,-10.1,seed999
Cc1c(OCC(=O)N2CCC(C(=O)Nc3ccccc3F)CC2)cccc1[N+](=O)[O-],0.5762,3.1212,-8.7,-9.9,seed999
O=C(c1cn(-c2ccccc2)nn1)N1CCC(Oc2ccc(Cl)cc2)CC1,0.6913,3.1447,-8.7,-9.9,seed999
O=C(NCc1ccccc1)c1cccc(Oc2ccc(C(=O)[O-])cc2)c1,0.7443,3.0091,-9.0,-9.6,seed999
O=C(Cn1nc(-c2ccccc2)ccc1=O)Nc1ccc(F)cc1,0.8027,2.7652,-8.9,-9.7,seed999
CCOc1ccccc1NC(=O)[C@@H](C)Sc1nnc(-c2ccccc2)n1C1CCCCC1,0.4284,3.6029,-9.0,-9.6,seed999
O=C(C1=c2ccccc2=[NH+][C@@H]1c1ccc(Cl)cc1)N1CCC(OCc2ccccc2)CC1,0.6537,4.4003,-9.2,-9.4,seed999
CC[C@@H](C(=O)N1CCCC[C@H]1C(=O)Nc1ccc(C)c(C)c1)c1ccccc1,0.811,3.6951,-9.1,-9.4,seed999
O=C(c1cn[nH]c1NCc1ccc(-n2cccn2)cc1)c1ccccc1,0.526,3.3805,-9.2,-9.3,seed999
COc1ccc(C(=O)Nc2ccc(C(=O)Nc3cccc(C)c3)cc2)cc1,0.7035,2.5469,-8.6,-9.8,seed999
O=C(c1cnc2scc(-c3ccccc3)c2c1)N1CCCCC1,0.6912,3.1152,-9.7,-8.7,seed999
COc1cccc(-c2nnc(NC(=O)c3ccc(C)cc3)s2)c1,0.7928,2.8161,-9.0,-9.4,seed999
O=C(Nc1cccc(NC(=O)c2ccccc2)c1)c1ccccc1,0.7579,2.3697,-8.5,-9.9,seed999
CCN(CC(=O)Nc1cccc(F)c1)C(=O)C1CCN(c2ncccn2)CC1,0.8257,3.2199,-9.0,-9.4,seed999
O=C(Nc1ccc(NC(=O)C2CC2)cc1)c1cccc(NC(=O)c2ccccc2)c1,0.5687,2.6839,-8.9,-9.5,seed999
CC(=O)Nc1ccc(C(=O)N[C@@H](c2ccccc2)c2ccccc2)cc1,0.7299,2.6642,-8.8,-9.5,seed999
O=C(Cn1ncc2ccccc21)Nc1ccc(C(=O)N2CCCC2)cc1,0.7882,2.9258,-8.5,-9.8,seed999
O=C(c1cnc2ccccc2c1O)N1CCN(c2cccc[nH+]2)CC1,0.774,4.0919,-8.7,-9.6,seed999
O=C(c1cnn2c1OCCC2)N1CCC[C@@H](c2nnc(-c3ccccc3)o2)C1,0.6955,4.1739,-9.1,-9.2,seed999
O=C(NCCN1C(=O)S/C(=C/c2ccc(Cl)cc2)C1=O)c1ccccc1,0.7934,2.9694,-9.2,-9.0,seed999
O=C(Nc1ccc(S(=O)(=O)N2CCCC2)cc1)c1ccc(-c2ccccc2)s1,0.6731,2.9484,-8.7,-9.5,seed999
O=C(Nc1ccc(Cl)cc1)c1ccc(-c2ccccc2)cc1,0.7024,2.3476,-8.6,-9.6,seed999
Cc1ccc([C@@H](C)NC(=O)C(=O)Nc2cccc(C(N)=O)c2)cc1,0.7484,3.2851,-8.5,-9.7,seed999
O=C(Nc1ccc(Oc2ccccc2)cc1)N1CCC[C@@H]1c1ccccc1,0.6356,3.2181,-8.6,-9.6,seed999
O=C(CS(=O)(=O)c1ccc(Cl)cc1)Nc1cccc(-c2nc(C3CC3)no2)c1,0.6559,3.2567,-8.6,-9.6,seed999
O=C(Nc1ccc(Cl)cc1)Nc1ccc(C(=O)NCc2ccccc2)cc1,0.5888,2.5819,-8.7,-9.5,seed999
O=C(Nc1ccccc1C(=O)Nc1ccc(Cl)cc1)c1ccc(Cl)cc1,0.6233,2.5519,-9.0,-9.1,seed999
Cc1cccc(C)c1NC(=O)NCCCCCC(=O)NC(=O)Nc1ccccc1,0.4997,2.9914,-9.2,-8.9,seed999
Cc1ccc(-n2c(SCC(=O)N[C@@H]3CCC[C@@H]3CC)nc3ccccc32)cc1,0.5913,3.8984,-9.1,-9.0,seed999
O=C(CCCc1nc2ccccc2c(=O)[nH]1)Nc1ccc(F)cc1,0.757,2.9714,-8.9,-9.2,seed999
O=C(c1cnn2cc(Cl)ccc12)N1CCC(OCc2ccccc2)CC1,0.7022,3.2816,-8.7,-9.4,seed999
O=C(c1cnn(-c2ccccc2)c1)N1CCC(C(=O)N2CCCC2)CC1,0.8519,3.0662,-8.7,-9.4,seed999
Cc1n[nH]cc1CNC(=O)N1CCC2(CC1)c1ccccc1C2=O,0.8884,4.377,-8.6,-9.5,seed999
O=C(C1=c2ccccc2=[NH+][C@@H]1C(=O)[O-])N1CCC(c2ncccn2)CC1,0.6308,4.9935,-8.8,-9.3,seed999
COc1ccc([C@@H]2CC(c3ccccc3)=NN2C(=O)c2ccc(C(C)C)cc2)cc1,0.5441,3.4939,-9.4,-8.7,seed999
O=C(c1cn(CC(=O)N2CCCCC2)c(=O)[nH]1)N1CCC(OCc2ccccc2)CC1,0.7655,3.4921,-9.1,-9.0,seed999
O=C(Nc1ccccc1)c1ccc(-c2ccccc2)cc1,0.7417,2.2649,-8.9,-9.2,seed999
COC(=O)N1CCC[C@H](C(=O)N2CCC[C@@H](C(=O)Nc3ccc(C)cc3)C2)C1,0.8648,3.7877,-8.4,-9.7,seed999
O=C(c1ccc(-n2cccc2)cc1)N1CCC[C@H]1Cc1ccccc1,0.699,3.4392,-8.5,-9.5,seed999
COc1ccc(C(=O)C2=C([O-])C(=O)N(Cc3ccccc3)[C@@H]2c2ccccc2)cc1,0.5978,3.7384,-8.8,-9.2,seed999
O=C(CN(Cc1ccccc1)c1ccccc1)NCc1ccc(Cl)cc1,0.6607,2.7656,-8.7,-9.3,seed999
CCCc1ccc(C(=O)N2CCC(C(=O)NCCCNC(=O)c3ccccc3)CC2)cc1,0.5926,2.9477,-8.6,-9.4,seed999
CCCNC(=O)c1cccc(CNC(=O)Nc2cccc(C(C)=O)c2)c1,0.6672,2.8162,-8.9,-9.1,seed999
O=C(NCc1ccc(F)cc1)Nc1ccc(C(=O)N2CCCC2)cc1,0.8954,2.6989,-8.5,-9.5,seed999
O=C(NCc1ccc(-n2cccn2)cc1)c1ccccc1Cn1cccn1,0.5768,3.1668,-8.9,-9.1,seed999
O=C(c1cnc2ccccc2c1C1CC1)N1CCC(Cn2cc[nH+]cc2=O)CC1,0.6888,4.2886,-8.9,-9.1,seed999
O=C(CNC(=O)c1ccccc1)NCC1CCN(c2ccccc2F)CC1,0.8228,2.9036,-8.7,-9.3,seed999
O=C(Nc1ccccc1C(=O)NC1CCCC1)c1ccc(Cl)cc1,0.8715,2.6487,-8.7,-9.3,seed999
O=C(Nc1ccc(S(=O)(=O)N2CCCCC2)cc1)c1ccccc1F,0.9078,2.735,-8.5,-9.5,seed999
O=C(c1cccc(C(F)(F)F)c1)N1CCN(c2ccc(F)cc2)CC1,0.7677,2.8325,-9.0,-8.9,seed999
O=C(c1cn[nH]c1-c1ccccc1)N1CCC(OC2CCCCC2)CC1,0.9027,3.3454,-8.7,-9.2,seed999
Cc1c(Cl)cccc1NC(=O)CSc1nnc(-c2ccccc2Cl)n1N,0.4924,3.1068,-8.4,-9.5,seed999
O=C(CNC(=O)c1ccc(Cn2cncn2)cc1)Nc1cccc(C(F)(F)F)c1,0.6625,3.1102,-8.7,-9.2,seed999
O=C(c1cncc(-n2cccn2)n1)N1CCC(OCc2ccccc2F)CC1,0.6793,3.5251,-8.6,-9.3,seed999
Cc1ccc([C@H]2C[C@H]2C(=O)N2CCC(Cc3ccccc3)CC2)cc1,0.8018,3.6618,-8.4,-9.5,seed999
O=C(Cn1cc([N+](=O)[O-])cnc1=O)Nc1cccc2ccccc12,0.5827,3.1579,-9.1,-8.8,seed999
O=C(Nc1ccc(C(=O)N2CCCC2)cc1)c1ccc(Cl)cc1,0.9306,2.5356,-8.8,-9.0,seed999
O=C(c1cn(C2CCCC2)nn1)N1CCN(S(=O)(=O)c2ccccc2)CC1,0.7914,3.2375,-8.3,-9.5,seed999
CC[C@@H]1CN(C(=O)Nc2ccccc2C(=O)N2CCC(C)CC2)C[C@@H](C)O1,0.8807,4.0217,-8.8,-9.0,seed999
C=CCn1c(S[C@@H](C)C(=O)Nc2ccc(Cl)cc2F)nc2ccccc2c1=O,0.3643,3.6087,-8.5,-9.3,seed999
O=C(NCc1ccccc1)c1cccc(N2CCCC2=O)c1,0.9423,2.6952,-8.6,-9.2,seed999
O=C(NCCNC(=O)N1CCN(c2ccccc2F)CC1)c1ccccc1,0.7925,2.8702,-8.7,-9.1,seed999
O=C(C1=Cc2ccccc2S1)N1CCC(OC2CCCCC2)CC1,0.7967,3.2778,-8.2,-9.6,seed999
O=C(NCc1ccc(OC(F)F)cc1)c1ccc(S(=O)(=O)N2CCCC2)cc1,0.7615,2.9455,-8.6,-9.2,seed999
Cc1ccc(NC(=O)CNC(=O)CN2CCN(c3ccccc3C)CC2)cc1C,0.7902,2.9302,-8.6,-9.2,seed999
C=CCc1ccc(NC(=O)C(=O)NCC(=O)Nc2ccc(C)c(C)c2)cc1,0.5433,3.0542,-8.3,-9.4,seed999
O=C(NCCc1ccccc1)c1ccc(-c2ccccc2)o1,0.7739,2.6442,-8.4,-9.3,seed999
O=C(c1cn[nH]c1-c1ccccc1)N1CCN(C(=O)c2ccc(Cl)cc2)CC1,0.7404,3.024,-8.4,-9.3,seed999
O=C(c1cn[nH]c1-c1ccccc1)N1CCN(C(=O)c2ccccc2)CC1,0.7807,2.9643,-8.4,-9.3,seed999
C=C(C)COc1ccc(C(=O)N2CCC(C(=O)Nc3ccccc3)CC2)cc1,0.769,2.9006,-8.1,-9.6,seed999
O=C(CCN1C(=O)/C(=C\c2cccc(Cl)c2)SC1=S)Nc1cccc(I)c1,0.3303,3.2827,-8.5,-9.2,seed999
O=C(c1cnn2c1CCCC2)N1CCC(Oc2cccc(F)c2)CC1,0.8605,3.4749,-8.6,-9.1,seed999
O=C(c1cnn2c1NCCC2)N1CCC(NCc2ccccc2)CC1,0.8954,3.5582,-9.0,-8.7,seed999
O=C(c1cn[nH]c1)N1CCC(c2nc3ccccc3nc2C2CC2)CC1,0.7891,3.6033,-8.6,-9.0,seed999
Cc1n[nH]c2c1CC[C@@H](C(=O)N(Cc1ccccc1)C(C)C)C2,0.9419,4.0186,-9.2,-8.4,seed999
O=C(CN1C(=O)CNC1=O)Nc1ccccc1C(=O)Nc1ccccc1,0.7076,2.9531,-9.0,-8.6,seed999
O=C(NCC1(c2ccccc2)CC1)c1ccc(C(F)(F)F)cc1,0.9003,2.9523,-8.4,-9.2,seed999
O=C(c1cnn(Cc2ccccc2)c1)N1CCN(Cc2ccccc2)CC1,0.7025,2.8726,-8.7,-8.9,seed999
O=C(Nc1ccccc1[N+](=O)[O-])c1ccc(-n2cccn2)cc1,0.5922,2.9015,-8.9,-8.7,seed999
O=C(Nc1ccccc1-c1ccccc1)c1ccc(Cl)cc1,0.7024,2.4194,-8.9,-8.7,seed999
O=C(c1cnc2ncnn2c1[O-])N1CCN(c2ccc(Cl)cc2)CC1,0.674,3.6621,-8.2,-9.4,seed999
COc1ccccc1OCc1ccc(C(=O)N2CCCC[C@H]2C)cc1,0.8156,3.2043,-8.7,-8.8,seed999
O=C(NCc1ccccc1)[C@@H]1CC(=O)N(Cc2ccc(Cl)cc2)C1,0.9077,3.2142,-8.6,-8.9,seed999
CCc1ccc(-c2nc(CNC(=O)N(C)Cc3ccccc3)co2)cc1,0.7238,3.1065,-8.3,-9.2,seed999
CC[C@@H](C)NC(=O)c1ccc(C)c(N(C)C(=O)c2ccccc2)c1,0.9092,3.355,-8.2,-9.3,seed999
O=C(c1cnn(-c2ccccc2)c1)N1CCC([NH+]2CCCC2)CC1,0.92,4.3879,-8.2,-9.3,seed999
CCN(CC)C(=O)c1ccc(C)c(NC(=O)c2ccccc2N2CCCC2=O)c1,0.8103,3.1087,-8.7,-8.8,seed999
Cc1ccccc1NC(=O)CSc1nnc(-c2ccccc2)n1C1CC1,0.6619,2.9247,-7.7,-9.8,seed999
O=C(Cc1n[nH]c2ccccc12)NC[C@@H](O)c1ccccc1,0.673,3.538,-9.0,-8.5,seed999
Cc1nc2ccc(C(=O)NCc3nc(C)no3)cc2cc1C,0.8027,3.2756,-8.5,-9.0,seed999
O=C(Nc1ccccc1C(=O)N1CCC(C(=O)[O-])CC1)c1ccc(Cl)cc1,0.8731,3.146,-9.0,-8.5,seed999
O=C(Nc1cccc([N+](=O)[O-])c1)[C@H]1CCCN(c2ncccn2)C1,0.6824,3.5354,-8.3,-9.2,seed999
O=C(c1cnn(CCC(=O)NCc2cccc(C(F)(F)F)c2)c1)N1CCCC1,0.8194,3.2279,-8.3,-9.2,seed999
O=C(c1cn(C2CCCCC2)nn1)N1CCN(S(=O)(=O)c2ccccc2)CC1,0.7783,3.2524,-8.2,-9.3,seed999
O=C(NCCCc1ccccc1)c1ccc(C(=O)N2CCCCC2)cc1,0.8082,2.6706,-8.4,-9.1,seed999
O=C(Cn1ccc(=O)[nH]c1=O)N1CCC(c2ccc(F)cc2)CC1,0.9145,3.1969,-8.4,-9.1,seed999
O=C(Nc1ccc(OC(F)F)cc1)c1ccc(-c2ccccc2)o1,0.7313,2.8558,-8.2,-9.3,seed999
CCN1CCC(NC(=O)N2CCC[C@H](C(=O)Nc3ccc(F)cc3)C2)CC1,0.8492,3.4995,-8.2,-9.3,seed999
O=C(Cn1cccc(Br)c1=O)Nc1ccccc1C(=O)Nc1ccccc1,0.6556,2.9449,-9.0,-8.4,seed999
O=C(c1cnccn1)N1CCC(CNC(=O)c2ccccc2F)CC1,0.9208,3.1043,-8.3,-9.1,seed999
O=C(NCc1ccccc1)c1ccc(-c2ccccc2)nc1,0.7954,2.5395,-8.4,-9.0,seed999
COc1ccccc1C(=O)Nc1cccc(S(=O)(=O)N2CCCC2)c1,0.8895,2.7539,-8.3,-9.1,seed999
CCc1nn(C)cc1CNC(=O)c1ccc(C(=O)N2CCCCC2)cc1,0.8972,3.1678,-8.3,-9.1,seed999
C=C(C)CN1C(=O)c2ccc(OCC(=O)NCc3ccccc3)cc2C1=O,0.6051,3.0816,-8.7,-8.7,seed999
CCN1CCN(C(=O)Cn2nc(-c3ccccc3)ccc2=O)CC1,0.8434,2.9845,-8.4,-9.0,seed999
O=C(NCc1cccc(Cl)c1)c1ccc(S(=O)(=O)N2CCOCC2)cc1,0.8438,2.8553,-8.5,-8.9,seed999
C=CCn1c(SCC(=O)Nc2ccc(F)cc2)nnc1-c1ccccc1,0.5058,2.9677,-7.8,-9.6,seed999
C=CCOc1ccc(NC(=O)C2CCN(S(=O)(=O)c3ccccc3)CC2)cc1,0.7239,2.9571,-8.1,-9.3,seed999
O=C(CN(Cc1ccccc1)c1ccccc1)Nc1ccccc1F,0.7212,2.7303,-8.5,-8.9,seed999
O=C(NCC1CCN(C(=O)CN2CCOCC2)CC1)c1ccc(Cl)cc1,0.8445,3.0025,-8.5,-8.8,seed999
O=C(Nc1cccc(C(F)(F)F)c1)c1ccc(Cl)c([N+](=O)[O-])c1,0.6569,2.8669,-8.4,-8.9,seed999
O=C(NCc1ccc(F)c(Cl)c1)N1CCO[C@H](c2ccc(F)cc2)C1,0.8947,3.5714,-9.0,-8.3,seed999
CC[C@@H]1CCCC[NH+]1CCNC(=O)c1cccc(NC(=O)c2cccnc2)c1,0.6858,4.7946,-8.5,-8.8,seed999
O=C(c1cnn(C[C@@H]2CCCO2)c1)N1CCC(OCc2ccccc2)CC1,0.7857,3.7453,-8.5,-8.8,seed999
CC(C)[C@H](C(=O)Nc1cccc(Oc2ncccn2)c1)N1CCCCC1=O,0.846,3.8574,-8.4,-8.9,seed999
Cc1noc(C)c1NC(=O)[C@@H](C)Sc1nnc(-c2ccccc2)n1C,0.7058,3.6771,-8.4,-8.9,seed999
O=C(CSc1nnc(-c2ccccc2)n1C1CC1)Nc1ccccc1,0.6825,2.8595,-7.9,-9.4,seed999
CCOc1ccc([C@H]2CCCN2C(=O)Nc2ccc(C)c(C)c2)cc1,0.8453,3.3246,-9.1,-8.2,seed999
COc1cccc(C(=O)Nc2ccc(C(=O)NC3CCCCC3)cc2)c1OC,0.7911,2.855,-8.2,-9.1,seed999
O=C(NCc1ccc(C(F)(F)F)cc1)c1ccccc1C(=O)N1CCCC1,0.8807,2.8924,-8.6,-8.7,seed999
O=C(c1cncc(C(F)(F)F)c1)N1CCN(c2ccccc2OC(F)F)CC1,0.734,3.2978,-8.1,-9.2,seed999
O=C(c1cn[nH]c1NCc1ccccc1)N1CCC[C@H](C(=O)[O-])C1,0.8384,4.1557,-8.3,-8.9,seed999
C=CCOc1ccc(CNC(=O)[C@@H]2CCCN(C(=O)c3ccccc3)C2)cc1,0.7513,3.3864,-8.3,-8.9,seed999
CC(C)CC(=O)Nc1ccc(S(=O)(=O)N2CCC(C(=O)NC3CCCCC3)CC2)cc1,0.6657,3.1415,-8.5,-8.7,seed999
O=C(c1ccccc1)N1CCN(c2nc3ccccc3n(Cc3ccccc3)c2=O)CC1,0.5039,2.9885,-9.1,-8.1,seed999
C=CCN1C(=O)C(=CCN2C(=O)c3ccccc3C2=O)C1(C)C,0.3699,3.9403,-8.0,-9.2,seed999
Cc1c(C(=O)N[C@@H](C)c2ccccc2)sc2ccccc12,0.7452,3.2355,-8.3,-8.8,seed999
Cc1nn(C)c(C)c1CC(=O)N1CCC(C(=O)Nc2ccccc2)CC1,0.917,3.0145,-8.3,-8.8,seed999
Cc1c(C(=O)NCC2CC[NH+](Cc3ccc(F)cc3)CC2)cnn1C(C)C,0.8151,4.449,-8.2,-8.9,seed999
COc1ccccc1CC(=O)Nc1ccccc1C(=O)N1CCCC1,0.9112,2.7439,-8.3,-8.8,seed999
O=C(Cn1cnc2ccccc21)Nc1ccccc1C(=O)N1CCCC1,0.7882,2.9372,-8.6,-8.5,seed999
COc1ccc(-c2nc(C(=O)Nc3cccc(C)c3)cs2)cc1OC,0.7382,2.8912,-8.2,-8.9,seed999
O=C(NCc1ccc(Cl)cc1)NC[C@@H](c1ccccc1)N1CCOCC1,0.8171,3.3871,-8.7,-8.4,seed999
CC(=O)c1cccc(NC(=O)CN2CCN(c3ncccn3)CC2)c1,0.8307,2.96,-8.1,-9.0,seed999
CC(C)=CC(=O)N1CCC(c2ccc(NC(=O)C(C)C)cc2)CC1,0.8508,3.1721,-8.2,-8.9,seed999
COC(=O)[C@@H]1CCCC[C@H]1NC(=O)[C@H]1CCCN(C(=O)c2ccccc2F)C1,0.8019,4.1053,-8.4,-8.7,seed999
COC(=O)C1=C(C)NC2=C(C(=O)C[C@@H](c3ccccc3)C2)[C@H]1c1ccc(OC)cc1,0.7743,3.9522,-9.5,-7.5,seed999
O=C(c1cnn(Cc2cccnc2)c1)N1CCN(C(=O)c2ccccc2)CC1,0.6986,3.0699,-8.5,-8.5,seed999
CC(C)CCOc1ccc(NC(=O)NCCC2=c3ccccc3=[NH+]C2)cc1,0.6571,4.0377,-8.0,-9.0,seed999
COc1cccc(NC(=O)CN2CCN(c3ccc(C(N)=O)cc3)CC2)c1,0.8078,2.8112,-8.3,-8.7,seed999
O=C(Nc1cccc(F)c1)c1ccc(S(=O)(=O)N2CCCC2)cc1,0.9238,2.7052,-8.1,-8.9,seed999
O=C(c1cnn(C2CCCC2)c1)N1CCN(C(=O)CC2CCCC2)CC1,0.8315,3.3848,-7.8,-9.2,seed999
O=C(CSc1ccccc1)Nc1ccccc1N1CCCC1=O,0.855,2.8856,-8.3,-8.7,seed999
CCc1ccc(C(=O)NNC(=O)CCCN2C(=O)CCC2=O)cc1,0.5989,3.0565,-8.2,-8.8,seed999
O=C(c1cnc2ccccc2c1Br)N1CCC[C@@H]1c1ccccc1,0.6278,3.5469,-8.0,-8.9,seed999
CCOC(=O)c1cc(NC(=O)[C@H](C)Cc2ccccc2)nc(C)n1,0.8252,3.5916,-8.2,-8.7,seed999
O=C(CN1CCN(c2ccc(Cl)cc2)CC1)NCc1ccccc1,0.9064,2.6468,-8.0,-8.9,seed999
O=C(c1cnn(Cc2ccccc2)c1)N1CCC(CN2CCOCC2)CC1,0.8112,3.1831,-8.2,-8.7,seed999
Cc1ccccc1NC(=O)CNC(=O)c1ccc(F)cc1F,0.9121,2.674,-8.2,-8.7,seed999
Cc1cc(NC(=O)CN2CCN(c3ccccc3C#N)CC2)c(C)o1,0.9273,3.2987,-8.3,-8.6,seed999
O=C(Nc1cccc(NC(=O)C2CC2)c1)c1ccc(Cl)cc1,0.8977,2.542,-8.2,-8.7,seed999
Cc1ccc(CNC(=O)CSc2nnc(-c3ccccc3)o2)cc1,0.6967,2.8632,-7.9,-9.0,seed999
O=C(Cn1nnc2ccccc21)NCc1ccc(Cl)cc1,0.8047,2.7921,-8.6,-8.3,seed999
Cc1noc(N(Cc2ccccc2)[C@@H](C)c2ccc(F)cc2)n1,0.7049,3.8276,-7.8,-9.1,seed999
O=C(c1cnc2sccn2c1=O)N1CCC(OCc2ccccc2)CC1,0.7091,3.349,-8.2,-8.7,seed999
C=C(C)C(=O)NCC(=O)Nc1ccc(NC(=O)c2ccccc2)cc1,0.7081,2.7828,-7.9,-8.9,seed999
O=C(NCc1ccccc1)C(=O)Nc1ccc(N2CCCC2)c(F)c1,0.8408,2.8499,-7.8,-9.0,seed999
O=C(NCc1ccc(N2CCCCC2)cc1)c1ccc(F)cc1,0.9324,2.6224,-8.0,-8.8,seed999
O=C(Cn1nnc2ccccc21)NCCc1ccccc1,0.7748,2.7566,-8.5,-8.3,seed999
O=C(Cn1nc(-c2ccccc2)ccc1=O)N1CCCCC1,0.8695,2.8881,-7.9,-8.9,seed999
O=C(CCCc1ccc(Cl)cc1)Nc1ccccc1C(=O)[O-],0.8904,3.0606,-8.3,-8.5,seed999
O=C(CSc1nc([O-])cc(C(F)(F)F)c1Cl)NCc1ccccc1,0.8148,3.7499,-7.9,-8.9,seed999
O=C(Cc1n[nH]c2ccccc12)Nc1cccc(F)c1,0.7678,2.9774,-8.2,-8.6,seed999
Cc1nc(N2CCCCC2)nc(N2CCC(C)CC2)n1,0.8291,3.2581,-8.1,-8.7,seed999
O=C(C1=C([O-])C(=O)N(CC[NH+]2CCCC2)C1=O)c1ccccc1,0.4087,4.9317,-8.2,-8.6,seed999
O=C(c1cn[nH]c1NC[C@@H](O)COc1ccccc1)NCc1ccccc1,0.4652,3.6933,-8.1,-8.7,seed999
O=C(NCC1(c2ccccc2)CC1)c1ccc(N2CCCC2)cc1,0.9098,2.9262,-8.1,-8.7,seed999
COC(=O)C1=C(C)C(C(=O)OCC(=O)Nc2ccc(C)c(C)c2)=N[C@@H]1C,0.8138,4.0073,-7.9,-8.8,seed999
O=C(c1cn(CC2CCCCC2)nn1)N1CCC(OCC(F)(F)F)CC1,0.7949,3.6062,-8.3,-8.4,seed999
CCOc1ccc(NC(=O)NCC(=O)N2CCN(c3ccccc3)CC2)cc1,0.8053,2.8605,-7.9,-8.8,seed999
O=C(CCn1cccn1)NCc1ccc(C(=O)N2CCCCC2)cc1,0.8766,2.9918,-8.2,-8.5,seed999
COc1ccccc1CNC(=O)N1CCC[C@H](c2[nH]cc[nH+]2)C1,0.9047,4.5426,-8.1,-8.6,seed999
O=C(Nc1ccc(OC[C@H]2CCCO2)cc1)c1cc(Cl)ccc1Cl,0.8267,3.2895,-8.1,-8.6,seed999
COc1ccc([C@@H](C)NC(=O)C(=O)Nc2cccc(C)c2)cc1,0.8531,3.1841,-7.7,-9.0,seed999
O=C(c1cnn(-c2ccccc2)c1)N1CCC(OCC(F)(F)F)CC1,0.8488,3.3258,-8.0,-8.7,seed999
O=C(CSc1ccc(Cl)cc1)N1CCC[C@@H]1c1ccccc1,0.7502,3.2947,-8.2,-8.5,seed999
C=C(C)CCc1ccc(NC(=O)C(=O)N[C@@H](C)c2ccncc2)cc1,0.6267,3.6263,-7.8,-8.9,seed999
O=C(CN1C(=O)CCc2ccccc21)Nc1ccc(Cl)cc1,0.9451,2.7654,-8.0,-8.7,seed999
O=C(NCc1cccc(F)c1)c1ccc(N2CCCC2)cc1,0.9385,2.6405,-8.1,-8.6,seed999
O=C(CCc1ccc(Cl)cc1)N1CCN(c2cccc[nH+]2)CC1,0.8632,3.8587,-8.1,-8.6,seed999
O=C(Nc1ccccc1)c1cccc(CN2CCOCC2)c1,0.943,2.5999,-8.2,-8.4,seed999
COc1ccccc1CC(=O)NCCNC(=O)c1ccccc1OC(F)F,0.6572,2.9956,-7.9,-8.7,seed999
O=C(CCN1C(=O)COc2ccccc21)Nc1ccc(Cl)cc1,0.9368,2.8863,-7.9,-8.7,seed999
Cc1c(NC(=O)c2ccc([N+](=O)[O-])cc2)cccc1[N+](=O)[O-],0.6878,2.823,-8.4,-8.2,seed999
O=C(Nc1ccc(OC(F)F)cc1)c1ccc(N2CCCC2)c([N+](=O)[O-])c1,0.6064,3.0294,-8.0,-8.6,seed999
O=C(Nc1ccc(-n2cncn2)cc1)c1ccc(Cl)cc1Cl,0.7925,2.8985,-8.0,-8.6,seed999
C=CCn1c(SCC(=O)Nc2ccc(Cl)cc2Cl)nc2ccccc21,0.4599,3.0705,-8.0,-8.5,seed999
COc1ccccc1C(=O)Nc1ccc2c(c1)CCN2C(C)C,0.9356,2.9389,-8.0,-8.5,seed999
O=C(NCC1(CC(=O)[O-])CCCC1)c1ccccc1C(F)(F)F,0.9002,3.7327,-7.9,-8.6,seed999
Cc1nnc(CN2CCN(C(=O)c3ccc(OC(F)F)cc3)CC2)s1,0.8112,3.2425,-8.1,-8.4,seed999
C=C(C)COC(=O)c1cccc(NC(=O)c2ccccc2)c1,0.6761,2.7138,-8.4,-8.1,seed999
CC[C@@H](C)C(=O)Nc1cccc(CN2C(=O)CC[C@H](C)C2=O)c1,0.8493,3.8694,-7.8,-8.7,seed999
Cc1nc(-c2ccccc2)c(C(=O)Nc2cccc(C)c2)c(C(C)C)n1,0.7124,3.1296,-9.2,-7.3,seed999
O=C(NCc1cccc([N+](=O)[O-])c1)c1ccc(F)cc1Cl,0.6954,2.7953,-8.2,-8.3,seed999
O=C(CCCNC(=O)c1ccc(F)cc1Cl)Nc1ccc(F)cc1,0.7775,2.7465,-8.1,-8.4,seed999
Cc1noc(C)c1C(=O)NC1CC[NH+](Cc2ccccc2)CC1,0.8933,4.3413,-8.0,-8.4,seed999
O=C(Cc1ccccc1)Nc1cc(F)ccc1C(F)(F)F,0.8516,2.7719,-8.3,-8.1,seed999
O=C(Cn1nc2ccccn2c1=O)Nc1cccc(F)c1,0.7882,3.0391,-8.0,-8.4,seed999
COc1ccc(C(=O)Nc2ccc(C)c([N+](=O)[O-])c2)cc1OC,0.6755,2.7313,-8.1,-8.3,seed999
COc1ccc(OC)c(NC(=O)C(=O)N[C@@H](C)c2ccccc2)c1,0.827,3.2209,-7.8,-8.6,seed999
O=C(c1cnn2c1OCCC2)N1CCC[C@@H]1c1ccccc1,0.8559,3.9813,-8.2,-8.2,seed999
Cc1n[nH]c2c1[C@H](c1cccnc1)[C@@H]1CC=C[C@@H]21,0.7747,5.0518,-8.2,-8.2,seed999
O=C(c1cncc(Cl)c1)N1CCN(c2ccccc2OCC(F)F)CC1,0.7965,3.2777,-8.3,-8.1,seed999
Cc1noc(NC(=O)CNC(=O)c2cccc(C)c2)n1,0.8683,3.1257,-7.7,-8.7,seed999
C=C(C)CCn1nc(C)c(C(=O)N2CCN(c3ccccc3)CC2)c1C,0.7744,3.2683,-8.2,-8.2,seed999
O=C(NCc1cccc(F)c1F)N1CCC2(CC1)OCCO2,0.9087,3.8761,-8.1,-8.3,seed999
O=C(Cc1n[nH]c2ccccc12)Nc1ccc(F)cc1,0.7678,2.9143,-8.0,-8.4,seed999
O=C(NCC1(O)CCCC1)c1ccc(-c2ccccc2)s1,0.9085,3.1683,-7.8,-8.6,seed999
Cc1ccc(C(=O)Nc2ccc(OC(F)(F)F)cc2)cc1,0.9236,2.5903,-7.9,-8.4,seed999
O=C(CN1C(=O)/C(=C/c2ccco2)SC1=S)Nc1ccc(Cl)cc1,0.6477,3.1764,-8.0,-8.3,seed999
O=C(CCOc1ccccc1)N1CCC(OCCc2ccccc2)CC1,0.7262,2.922,-7.2,-9.1,seed999
O=C(c1cncc(Br)c1)N1CCC(OCc2ccccc2)CC1,0.8192,3.0443,-7.8,-8.5,seed999
O=C(c1cn(-c2ccccc2)nc1-c1ccsc1)N1CCCCC1,0.7173,3.1364,-8.4,-7.9,seed999
COCCCc1nc2cc(NC(=O)C(=O)NCCCc3ccccc3)ccc2o1,0.4289,3.218,-7.7,-8.6,seed999
COCC(=O)Nc1ccc(C(=O)NCc2nc3ccccc3[nH]2)cc1,0.641,2.9217,-7.9,-8.4,seed999
O=C(CN(Cc1ccccc1)C1CCCC1)N1CCCCC1,0.8314,2.9192,-8.0,-8.3,seed999
CCc1n[nH]c(=O)c(C(=O)N(Cc2ccccc2)Cc2ccccc2)c1C,0.7309,3.2121,-8.5,-7.8,seed999
COC[C@@H](NC(=O)N1CCC(C)(C)C1)C(=O)Nc1cccc(C)c1C,0.8602,3.7953,-7.8,-8.5,seed999
O=C(CNC(=O)c1ccc(Cl)cc1)Nc1ccc(Cl)c(Cl)c1,0.8682,2.6078,-7.7,-8.6,seed999
C=CCOc1ccc(C(=O)Nc2ccc(OC)c(C(=O)N(C)C)c2)cc1,0.7755,2.9429,-8.1,-8.2,seed999
CCc1nnc(NC(=O)CCCNC(=O)c2ccccc2)s1,0.767,2.9138,-8.2,-8.1,seed999
O=C(NCC1(N2CCOCC2)CCCCC1)c1ccc(Cl)c(Cl)c1,0.8765,3.3286,-8.1,-8.2,seed999
O=C(CCC1CCCC1)Nc1ccccc1C(=O)N1CCOCC1,0.9025,2.9349,-8.3,-7.9,seed999
COCC[C@H](C)C(=O)Nc1ccccc1C(=O)NCc1ccccc1,0.7752,3.2499,-7.9,-8.3,seed999
CCN(CC)C(=O)CN1CCN(C(=O)C2CCN(C(=O)c3cccc(C)c3)CC2)C1,0.7124,3.4003,-7.7,-8.5,seed999
Cc1nc(C)c(C(=O)N2CCN(C(=O)CSc3ccccc3)CC2)c(C)c1Br,0.6483,3.3914,-8.4,-7.8,seed999
CCCOc1ccc(C(=O)NCc2cccc(C(F)(F)F)c2)cc1,0.847,2.7391,-7.8,-8.4,seed999
CCc1nc(C)c(C(=O)N2CCC(Cc3ccccc3)CC2)s1,0.8461,3.1088,-7.5,-8.7,seed999
O=C(CCCS(=O)(=O)N1CCCC1)Nc1ccccc1C(=O)N1CCOCC1,0.7324,3.1544,-7.8,-8.4,seed999
O=C(c1cnc2sccc2c1)N1CCC[C@@H]1CN1CCCCC1,0.8659,3.8731,-7.7,-8.5,seed999
Cc1noc(N2CCC[C@@H](NC(=O)N3CCCCC3)C2)n1,0.895,3.8895,-8.2,-8.0,seed999
O=C(CCNC(=O)c1ccccc1)NCc1ccc(F)cc1,0.8595,2.5224,-7.5,-8.6,seed999
COCCOc1cccc(NC(=O)Nc2ccc(C(=O)N(C)C)cc2)c1,0.7466,2.8542,-7.7,-8.4,seed999
CCOC(=O)C1(C)CCN(C(=O)N[C@@H](C)c2ccccc2)CC1,0.8678,3.6119,-7.9,-8.2,seed999
O=C(NCCCN1CCOCC1)[C@H]1CCCC[NH+]1Cc1ccccc1,0.7055,4.8469,-7.9,-8.2,seed999
COc1ccccc1CNC(=O)CN1CCN(C(=O)[C@@H]2CCCO2)CC1,0.805,3.4905,-7.8,-8.3,seed999
COc1ccccc1OCC(=O)Nc1ccc(C)c(C(=O)NC)c1,0.8534,2.7365,-7.6,-8.5,seed999
Cc1nnc2ccc(C(=O)NCCCCc3ccccc3)cn12,0.7124,3.0477,-7.7,-8.4,seed999
O=C(CCC(=O)N1CCCC1)NCCN1C(=O)CSc2ccccc21,0.8363,3.2403,-7.6,-8.5,seed999
Cc1ccc(C(C)C)c(OCC(=O)NCCc2ccccc2)c1,0.8431,2.7507,-7.1,-8.9,seed999
C=CCOc1ccc(C(=O)Nc2cc(C)ccc2C)cc1,0.8371,2.6992,-8.1,-7.9,seed999
Cc1n[nH]c2cc(C(=O)NC[C@@H](C)N3CCOCC3)ccc12,0.8935,3.835,-7.7,-8.3,seed999
Cc1nn(C)c(C)c1CNC(=O)NCCC(=O)N1CCCCC1,0.8562,3.1983,-7.6,-8.4,seed999
Cc1cc(C)c(C#N)c(NC(=O)NCCCN2CCCCC2)n1,0.8183,3.2984,-7.6,-8.4,seed999
COc1ccc(NC(=O)c2ccc(=O)n(C(C)C)n2)cc1OC(C)C,0.8703,3.1841,-7.7,-8.3,seed999
C=CCc1cc(NC(=O)N(C)Cc2ccccc2)ccc1NC(C)=O,0.7817,3.1205,-7.5,-8.5,seed999
COc1ccc([C@@H](C)NC(=O)N(C)Cc2ccccc2)cc1OC,0.8812,3.2387,-7.8,-8.2,seed999
O=C(c1cn(CCC(F)F)c2ncccc12)N1CCC(C(=O)[O-])CC1,0.8141,3.9112,-7.8,-8.2,seed999
COc1ccccc1NC(=O)C[C@H](C)c1ccccc1,0.8955,3.0071,-7.7,-8.3,seed999
O=C(CS(=O)(=O)c1ccccc1)Nc1cccc(F)c1,0.94,2.718,-8.0,-8.0,seed999
O=C(Cc1nonc1C1CC1)N1CCN(CC(=O)N2CCOCC2)CC1,0.6958,3.6149,-7.7,-8.3,seed999
O=C(Nc1ccccc1OCC(F)F)c1ccc(C(=O)[O-])cc1,0.8821,3.2925,-8.0,-8.0,seed999
COC[C@@H](C)C(=O)Nc1ccc(C(=O)NCc2ccccc2)cc1,0.822,3.2014,-7.9,-8.0,seed999
O=C(Cc1ccc(Cl)cc1)N/N=C/c1ccc(OC(F)F)cc1,0.6456,2.9766,-7.4,-8.5,seed999
O=C(C1=Cc2cc(Cl)ccc2OC1)N1CCCC1,0.7797,3.248,-8.0,-7.9,seed999
COc1ccc(NC(=O)C(=O)NCc2ccccc2OCC(C)C)cc1OC,0.6814,2.9779,-7.6,-8.3,seed999
O=C(c1cn[nH]c1NCC1CCC1)N[C@@H](CO)c1ccccc1,0.6297,3.9389,-7.9,-8.0,seed999
C=CCNC(=O)/C(C#N)=C/c1ccccc1OCc1ccccc1,0.4829,3.1285,-7.8,-8.1,seed999
O=C(c1cnn2cc(Cl)ccc12)N1CCC[C@@H]1C(=O)NC1CC1,0.9327,3.8441,-7.8,-8.1,seed999
COC[C@@H](O)Cn1cc(C(=O)N2CCC[C@@H]2c2ccccc2)nn1,0.8624,4.0393,-7.3,-8.6,seed999
O=C(c1cn[nH]c1N1CCCC1)N1CCC(n2cc[nH+]c2)CC1,0.9219,4.5551,-7.7,-8.2,seed999
Cc1c(OCC(=O)N[C@H](C)c2ccccc2)cccc1[N+](=O)[O-],0.6557,3.2945,-7.7,-8.2,seed999
CC[C@@H](C)NC(=O)c1ccc(CNC(=O)N2CCCC[C@@H]2C)cc1,0.8695,3.6499,-7.8,-8.0,seed999
C=C(C)COc1ccc(C(=O)Nc2ccc(C)cc2Cl)cc1,0.8005,2.804,-7.5,-8.3,seed999
COCCn1ncc2cc(C(=O)Nc3ccccc3)ccc21,0.7871,2.8848,-8.0,-7.8,seed999
CC[C@@H](C)NC(=O)CN1CCN(C(=O)CCc2ccccc2)CC1,0.827,3.2548,-7.8,-8.0,seed999
Cc1c(C(=O)O[C@@H](C)C(=O)Nc2ccccc2)cnn1C(C)C,0.861,3.5177,-7.7,-8.1,seed999
CCc1noc(CC)c1CNC(=O)N[C@@H](C)c1ccccc1,0.8594,3.8109,-8.0,-7.8,seed999
CCN1C(=O)C(=O)N(CC(=O)NCc2ccc(C)cc2)C1=O,0.6307,2.9913,-7.8,-8.0,seed999
Cc1noc(C)c1[C@@H](C)C(=O)NCc1ccc(F)cc1F,0.9428,3.7539,-7.9,-7.9,seed999
O=C(CCNC(=O)c1ccc(S(=O)(=O)N2CCCC2)cc1)NC1CC1,0.7494,2.8921,-7.7,-8.1,seed999
C=CCOc1cc(C(=O)N2CCC(C(=O)N[C@@H](C)C(C)C)CC2)ccc1[N+](=O)[O-],0.408,3.7972,-7.5,-8.3,seed999
Cc1noc(N)c1S(=O)(=O)N1CCN(c2ncccn2)CC1,0.8288,3.5341,-8.3,-7.5,seed999
O=C(NCCCc1ccccc1)c1cccc(C(F)(F)F)c1,0.829,2.6495,-7.1,-8.7,seed999
O=C(Nc1ccccc1F)N1CCC[C@@H]1c1ccccc1,0.8806,3.1708,-7.4,-8.3,seed999
O=C(CCc1cccc(Cl)c1)Nc1cccc(Cl)c1,0.8793,2.5485,-7.5,-8.2,seed999
O=C(Nc1ccc(F)c(C(F)(F)F)c1)c1cccnc1,0.8576,2.884,-7.7,-8.0,seed999
O=C(Cn1ccccc1=O)Nc1ccc(N2CCCC2)cc1,0.9399,2.8501,-7.6,-8.1,seed999
O=C(Nc1cccc(OCC(F)F)c1)c1ccc(Cl)cc1,0.8968,2.7777,-7.6,-8.1,seed999
O=C(NCc1cccc(Br)c1)c1ccc(F)cc1,0.9234,2.4901,-7.7,-8.0,seed999
O=C(CCCn1cc([N+](=O)[O-])ccc1=O)NC1CCCCC1,0.642,3.2035,-7.7,-8.0,seed999
O=C(c1cn[nH]c1NC1CC1)N1CCC[C@@H](c2nncn2C2CC2)C1,0.8669,4.4109,-7.5,-8.2,seed999
Cc1nn(C)c(C)c1C(=O)N[C@@H]1CCCC[C@@H]1OC1CCCC1,0.9278,4.1789,-7.3,-8.3,seed999
Cc1n[nH]cc1CNC(=O)N[C@@H](C)c1ccc(Cl)cc1,0.8107,3.9319,-7.7,-7.9,seed999
C=CCc1nnc(SCC(=O)Nc2ccc(C)c(C)c2)n1C,0.6574,3.2735,-7.3,-8.3,seed999
O=C(c1cnc(C2CC2)nc1)N1CCN(Cc2ccccc2)CC1,0.8666,3.0289,-7.4,-8.2,seed999
O=C(CC1CCC1)N1CCC[C@@H]1c1ccccc1,0.7948,3.2874,-7.8,-7.8,seed999
O=C(CSc1ccc(C(=O)[O-])cc1)Nc1ccc(F)cc1,0.8569,3.1229,-7.5,-8.1,seed999
CCc1nc(CN2CCN(C(=O)Nc3ccc(C)cc3)CC2)cs1,0.9251,3.0459,-7.5,-8.1,seed999
C=CCN1C(=O)c2ccccc2N[C@@H]1c1ccc(C(C)(C)C)cc1,0.8287,3.7631,-7.4,-8.2,seed999
Cc1nc(NC(=O)CCCc2ccccc2)sc1C,0.9025,2.8017,-7.5,-8.1,seed999
O=C(c1cncc(OC2CCCC2)c1)N1CCCCC1,0.8505,3.0857,-7.5,-8.1,seed999
Cc1cc(N2CCN(C(=O)c3cccnc3)CC2)n(C)n1,0.8285,3.217,-7.5,-8.1,seed999
O=C(CCCC1CC1)Nc1cccc(C(=O)N2CCCC2)c1,0.8746,2.8087,-7.4,-8.2,seed999
O=C(NCC1(CC(=O)[O-])CCCC1)c1ccc(Cl)cc1Cl,0.9019,3.6671,-7.6,-8.0,seed999
COc1cccc(C(=O)Nc2ccccc2N2CCCC2)c1,0.9379,2.6219,-7.7,-7.8,seed999
O=C(c1cn(CCO)nc1)N1CCC(Oc2ccccc2)CC1,0.909,3.1745,-7.5,-8.0,seed999
O=C(CS(=O)(=O)c1ccc(Br)cc1)Nc1ccccc1,0.9185,2.7048,-7.6,-7.9,seed999
COC[C@@H]1CCCN(C(=O)Nc2ccc(C)c(C)c2)C1,0.9208,3.3859,-7.4,-8.1,seed999
O=C(NCCc1ccccc1)c1cccc(F)c1,0.8786,2.3943,-7.6,-7.9,seed999
O=C(CN(CCO)Cc1ccccc1)NCCc1ccccc1,0.7427,2.7648,-7.9,-7.6,seed999
COC(=O)Nc1ccc(S(=O)(=O)N(C)Cc2ccc(F)cc2)cc1,0.8977,2.8596,-7.3,-8.2,seed999
O=C(CS(=O)(=O)CC1CCCCC1)NCc1ccccc1,0.8767,3.0439,-7.4,-8.0,seed999
O=C(NCCNc1ccccc1)c1cccc(OC(F)F)c1,0.7728,2.8209,-7.3,-8.1,seed999
Cc1c(O)cccc1SCC(=O)Nc1ccc(F)cc1,0.8467,2.9019,-7.6,-7.8,seed999
O=C(c1cn[nH]c1)N1CCN(Cc2ccccc2)CC1,0.9161,2.949,-7.6,-7.8,seed999
