smiles,egfr,her2,qed,sa,source
Cc1cc(C2=CCC=C2)cc(C2=COC=CN2c2nc(O)c(F)c(C)c2C#N)c1,-9.6,-9.6,0.7968,3.914,seed42
CC1=CC(C)(c2cccc(-c3ccccc3)c2)C(C2CC=CC2)=C(CCl)C1F,-9.6,-9.4,0.375,3.9299,seed42
CC1=CNCC(Oc2ccccc2C2=CN(C)C=C(C)C2C2=CCC=C2)=C1,-9.5,-9.5,0.8055,4.3764,seed42
COC1(C2=C(Oc3cc(C4=CCC(C)C4)cc([SH]=O)c3O)C=CC(=O)C2=O)C(C)=CN(CO)C=C1C,-9.3,-9.4,0.2904,5.0003,seed42
CCC1=C(C2=C(C=O)C(C3=CC=CC=C3)=C(C(N)=O)C=C2)N=C(N)C=C1,-9.3,-9.3,0.6916,2.5798,seed42
CC1=CC(C)=C(CO)CC1(N=O)C1=CC(C)=NC(F)(C2=CC=CC=C2)C1,-9.2,-9.2,0.6256,4.6376,seed42
NC1=C2C(=C(F)C(c3ccccc3N)=CC2Cl)C=C(C=O)N1C=C1C=CCC1,-9.1,-9.1,0.4544,4.5645,seed42
Nc1ccc(COC2=C(C3C=CCC3)C(O)=C(S)N(c3ccccn3)N2)c(O)c1,-9.1,-9.1,0.2905,3.937,seed42
CC1=CC(C2=C(C)CC=NC2=O)=C(C=O)C(C)=C1C(C=O)=NN(C)C=O,-9.1,-9.1,0.443,4.0078,seed42
COC1=CC(C)=C(C)C=C1C1=CC(C2=CC(N)=CC(O)=C2N)=CC=C1S,-9.1,-9.1,0.3047,2.7247,seed42
CC(=O)c1c(C)c(C2(O)C=NC(N)C2)cc(C)c1C1=C(O)C(C)C(=O)N=C1,-9.1,-9.1,0.7025,4.9077,seed42
NC1=C(C2=C(O)C(Cl)NC=C2)NC(C2=CC=CC=C2)C=C1C1=CNC=CO1,-9.0,-8.9,0.4077,4.8712,seed42
CC1=CC(=O)C(C2=NN=C(CO)C(C3=CC=CC3)C2=O)(c2cc(C)c(O)nc2C)C(F)=C1,-8.9,-9.0,0.7553,5.0187,seed42
CC1=C(Cl)C(N2CCCC2)=C(C#N)C(C)=C1C1=CC(C=O)=CC=C1CO,-8.9,-8.9,0.8121,2.884,seed42
CC1=CCN(C(C2=CCCC2)C2=CNC(N)=C(N(C)C3(c4cc(O)ccc4N)C=CC=CN3)O2)C=C1C#N,-8.9,-8.9,0.221,5.2788,seed42
CC(NC1C=C(N)CC1)=C(F)C1=C(c2cccc(N)c2)CC(=O)C(O)=C1N=O,-8.9,-8.9,0.4549,4.4305,seed42
CC1=C(OC2=C(N)C(C)C=CC2)CN(C2=CCC=C2)C(C2=CCC=CC2)=C1O,-8.9,-8.9,0.6582,4.8556,seed42
CC1=C(c2cc(C)c(C)c(OC#N)n2)C=C(N(C)C2=CCC=C2)C(=O)C1=O,-8.9,-8.9,0.4654,3.9603,seed42
C#CC1=C(C)C=C(C2=C(OCF)CN=C(C)N2C2(N(C)C3=CCCC3)C(C)=CC(C)=CN2C)CC1=C,-8.9,-8.8,0.4192,5.2386,seed42
C=C(O)OC1=C(C(=O)C2(C=O)C=C(C)CC2)C=CC2C(=O)C(CC)=CC=C12,-8.8,-8.9,0.3345,5.0191,seed42
COC1=C(C2(N3C(CO)=NN=CC3C)CC=CN(C)C2)C(=O)C(C2=CC=CN=C2)=CC1O,-8.8,-8.9,0.7064,5.1756,seed42
Cc1cccc(-c2c(F)c(N3CC=CC3)c(C=O)c(C(=O)O)c2C=O)c1O,-8.8,-8.8,0.6208,3.3565,seed42
CNCC1=CN(C(C)(F)C(C)=O)C=CC1(OC1=C(C(N)=O)C(N)NC(=O)C1)C1=CCC=C1F,-8.8,-8.8,0.3882,5.5066,seed42
CC1=CC(N(C)C2=NC(C3=C(N)C=CC=C3)=CC=C2)=C(C(N)=O)C(F)=C1,-8.8,-8.8,0.7035,2.5774,seed42
CC1=CC=C(C2=C(O)C(O)=C(C(=O)C3=CC=CC(F)=N3)C(Cl)=C2O)C=C1,-8.7,-8.7,0.2769,2.6783,seed42
NC(=O)N1CC=C(C(=O)C(F)(NC2=CCC=C2)C2=NC(Br)=CC=N2)S(=O)C1=O,-8.7,-8.7,0.4921,5.074,seed42
CC1=CC(C)=C(C(N)=O)C(C)=C1C1=NC(N)=C(C2=C(C)C=CC=C2)[SH]1C,-8.7,-8.7,0.7232,3.8465,seed42
CC1=CC(N)(c2nc(N)c(C3=CC4C=CC(S)=CC4C(S)=C3)nc2N)NC1,-8.7,-8.7,0.3358,5.5968,seed42
CC1=NC=CC(C2=C(O)C(Cl)=CC(C3=CNC(C4=CNC=C4)=CN3C=N)=C2)C1C,-8.7,-8.7,0.4295,5.0161,seed42
C=C1C=C(N2CC(O)C(Cl)(C3=CCC(C)=CC3(C)F)C(O)=N2)C=CC1C,-8.7,-8.7,0.5599,5.618,seed42
NC1(c2c(-c3ccccc3)cc(O)c(C3C=CCC3)c2C=O)CN=COC1Cl,-8.7,-8.6,0.4629,4.5552,seed42
CC1(C2=C(C3=CC(C=O)CC=C3)N=C(C3NN3)C=C2N=O)CC=CCN1,-8.7,-8.6,0.3248,5.2921,seed42
CC1=CN(C(=O)NC2=CC(=O)C(N)=CC2=O)C=C(NC(N)=O)C1ONC=O,-9.0,-8.2,0.2159,4.5534,seed42
CC1=CC(C=O)N(C2=C(S)C(CCC3(O)CC=CN3)=C(C)C(=O)C2=O)C=C1,-8.6,-8.6,0.2896,5.239,seed42
CCc1c(C)c(C)c(C2=CCC(C)=CC2)c(C(N)CCl)c1N1CCC(N)=C1C,-8.6,-8.6,0.498,4.335,seed42
CC1=CN(CC(=O)NC2=C(C)C(O)=C(F)C(C3=C(C)CC(N)=C(C=O)O3)=C2Cl)CC=C1,-8.6,-8.6,0.5939,4.0691,seed42
CNC1=C(C2=CC=C(N)C=C2)ON=C(C(=O)C2([SH]=O)C=C(C3(O)N=CC=C3C)C(C)CN2)C1N,-8.5,-8.6,0.1861,5.7378,seed42
CCC1=NC(C)(C(=O)SC(=O)C(O)(F)F)N(C)C=C1C1(C)CC=C(C(N)=O)C1,-8.6,-8.5,0.7098,5.0395,seed42
COC(OC1=CC=CC(O)=C1)C1=C(C(O)N(C)C2=C(O)C(C3=C(O)C=NC=C3)=C(N)C=C2)N=CC(=O)C1,-8.5,-8.6,0.2258,4.4777,seed42
CNOc1nc(-c2cccc(C=C3CCC(C)=C3C)c2O)c(C)c(N)c1Cl,-8.5,-8.5,0.6433,3.5534,seed42
CCC1=C(N(C)C(=O)N2CC(N)=CC=C2C=O)OC(Cl)=C(C(=O)N(C)CC)C1N1C=NCC1,-8.5,-8.5,0.5823,4.9511,seed42
COC1(C2=C(S)C(=O)CC(N)=C2C2=CC(CN)C=C2)C=C(N)C(C(CC=O)=[SH]C)=CO1,-8.5,-8.5,0.2199,5.844,seed42
CC1=CC(N)=CC(C2(N3C(=O)C(N)=C(Cl)C3C)OC(=O)C(N)=CC2=O)=C1,-8.5,-8.5,0.4986,4.5119,seed42
CC1=C(C(=O)c2c(O)c(-c3cncc(F)c3)c(NNS)c(I)c2C=O)CCC1,-8.5,-8.5,0.1501,3.7675,seed42
CNC1=C(C2=NC=CC(C=O)=C2C)C(OC2=CC=CC(C)=C2)=CC(N)=C1,-8.4,-8.4,0.5211,2.7507,seed42
NCN1CC(O)=C(C2=CCC(=O)C2)C(C(=O)C2(NC=O)NC(N)=CC(F)=C2N)=C1Br,-8.4,-8.4,0.2144,5.0817,seed42
CC1=CC(N(C)C2=C(CO)C(C)C(N(C(N)=O)C3=CC=CC=C3)=C(C)N2C)CC(O)=C1,-8.4,-8.4,0.6705,4.4629,seed42
CC(=O)C1(C2=C(F)C(O)=C(NC3=CC(=O)C(=O)C(N)=C3)C(N)(S)N2)CC=CC1,-8.4,-8.4,0.1298,4.7701,seed42
CCCc1ccc(-c2cc(C)c(C)c(C=O)c2OC2(N)C=CCC2)nc1OC,-8.4,-8.4,0.4341,3.8158,seed42
CC(=O)C1=C(c2cccc(N)c2)C(=O)C(C)=C(C(Cl)(C=O)C2=NCOC2)C1O,-8.4,-8.3,0.4371,4.5838,seed42
CNC1=C(C2=C(NC)C(C3=CC=CC3)=NC(C)=C2F)C=C(C)C(C)=C1N,-8.3,-8.4,0.6903,3.5336,seed42
CNC(=C1C=CC(F)=C(CCO)N1)C1=C(CC2=CCCO2)N=C(N)C(N)(C(C)=O)C1=N,-8.3,-8.4,0.3478,5.0037,seed42
CC1=CC=CN(c2ccc(C(=O)C3=C[SH](C4C=CCC4)C(O)=C(C)O3)c(C)n2)C1,-8.4,-8.3,0.4062,4.9688,seed42
CC(=O)C1=C(N)C(=O)C2=CC(CC(N)=O)=C(O)C2=C1C(=O)C(C)(N)C(=O)[SH](=O)=O,-8.4,-8.3,0.2275,4.7296,seed42
CNC(=O)C1=NC(C)=NC(=C(C2=C(C)C(F)=C(C)N2)N(C=O)C=O)C1N,-8.3,-8.3,0.6359,4.6658,seed42
CCC1=C(C2=CC=C(O)C(C3=CC=CC(N4CC4)=C3)=C2)C(C)=C(C)C=C1,-8.3,-8.3,0.6119,2.1845,seed42
C#CC1=CCC=CC1N(C)C(=C=O)c1c(F)c(C)c(C2=CCCC2)c(C)c1Cl,-8.1,-8.5,0.3724,4.6484,seed42
CNC1=C(O)C(C)=C(C2(CC3=CC=NNC3F)C=CC(C)=C2)C(O)=C1N,-8.3,-8.3,0.2464,5.1006,seed42
CC(=O)C1=CC(C(Cl)CO)=C(C2=CCCC(C3CCC=C3C)=C2O)CC1(O)Br,-8.3,-8.3,0.4001,5.136,seed42
CC1=C(N)N(C2=C(C)N(C)C=C(C3(C(=O)O)OC(=O)N(C)C=C3F)O2)CC1=O,-8.3,-8.3,0.7137,4.7976,seed42
CCC1=CCCC1C1=C(N)NC(N)(C2=C(C)C(C)=NC(O)C2(N)N)C=C1C,-8.3,-8.3,0.3191,5.2917,seed42
CC(C)N(C1=CC(C2C=CCC2)C(CN)=C(N)N1)c1cncc(C(N)=O)c1,-8.3,-8.3,0.565,4.474,seed42
CCNN1C=CCCC1(CC)C1N=C(C)C(C2=CC=C(C)C=C2)=NC1=O,-8.3,-8.3,0.8831,4.4088,seed42
CC1=C(N(C(=O)C2=CC=CC(N)=C2)C2=C(C)C=C(C=O)C=C2)C=CC=C1,-8.2,-8.4,0.5521,2.3173,seed42
CC1C(=O)NN(C2=C(O)C(=O)CC(=O)N2c2cccc(N)c2)N=C1N1CC(S)=NC1=N,-8.3,-8.3,0.2472,4.6419,seed42
Cc1cc(Nc2c(C)c(C#N)nc(C(=O)F)c2C2=CCCC2)c(N)cc1CN,-8.3,-8.3,0.5331,3.4408,seed42
O=C1C(NC2=CCCC2)CC(O)=C(c2ccc(-c3ccncc3)c(O)c2)C1O,-8.3,-8.3,0.652,3.9965,seed42
CC1=CC(O)=CC(C2(C3=CN=C(S)C(N)=C3C)CC=C(C)N(C)N2)=C1O,-7.8,-8.7,0.411,4.397,seed42
CCC1=CC=C(N2C(C3(Cl)NC(O)=CC=C3N)=C(C)C=CC2CN)C=C1,-8.2,-8.3,0.4818,4.4524,seed42
C=CC1(C(F)C=O)C(=C)C(c2cnncc2N)=C(F)C(C2=CCC=C2)=C1N,-8.2,-8.3,0.615,5.1344,seed42
CC1=CC(N)(C2=COC(C=O)(C3=C(C=O)NCC=C3C)C=C2)C(N)=CC1,-8.2,-8.3,0.5192,5.5352,seed42
CC(=O)C(=O)C1=CC(N)=C(C=O)C(C(=O)C2(NC(=O)O)C=CC(N)=N2)=C1,-8.2,-8.2,0.2356,4.2114,seed42
CC(=O)c1c(O)c(N(C=O)C(N)=O)c(O)c(C2(C(=O)O)CCC(C)=C2O)c1O,-8.2,-8.2,0.3112,4.251,seed42
Cc1c(O)c(C(=O)CN(C)C)c(F)c(C2C=CC(C)C2)c1-c1ccccc1,-8.2,-8.2,0.6016,3.704,seed42
CC(=O)OCC1=C(N(C=N)C(C)=O)C(C)=C(C2=C(C)C(C)=C(F)C=N2)S1,-8.2,-8.2,0.4866,3.5824,seed42
CNC1=C(C(C)C2=CC=CC=C2)CN(CCl)C(C2(OC3=CCC=C3)C=CC=NC2)=C1C,-8.2,-8.2,0.4667,4.8325,seed42
CC(N)NC1=NC(O)(S)N=C(Nc2cc(N)cc(O)c2S)C1C1=CCC=C1,-8.2,-8.2,0.2168,5.2581,seed42
CONC(N)C1C=CN=C(N(C)c2cc(O)c(C3(C)C=CCC3)c(OC)c2)O1,-8.2,-8.2,0.3898,5.0164,seed42
CCc1c(F)ccnc1C1=C(N2CC(C)=C(C)C(C)=N2)SC(O)=C(N(C)C2CC=CC2)C1,-8.2,-8.2,0.5537,4.2321,seed42
Cc1cccc(C(O)C(=O)c2ccc(C=O)c(C)c2C(C)F)c1N1C=NCC1,-8.2,-8.2,0.6074,4.0922,seed42
C=C(NC)C1=C(C)C(F)(S)C(C2CC=NNC2)=C(C2=CC=C(C)N2)C1C,-8.5,-7.9,0.603,5.2571,seed42
CC1=C(C)C(C2=CN(C3(O)NN3)C(N)(C(=O)S)C(O)=C2C#N)=C(N)C=C1,-8.2,-8.2,0.2122,4.5407,seed42
CC1(C#N)C(=O)N(C2=CCC(C=O)=C2)C(C(=O)NCF)=C(C2=C(Cl)C(=O)C(=O)C=C2)C1F,-8.2,-8.2,0.2869,5.1097,seed42
CCC1=CC(=C2SC(NC)=CC=C2C#N)NC(C)=C1C1=C(C)C=CCN1,-8.2,-8.2,0.7037,4.421,seed42
CN=COC1OC(C(O)c2cccc(C)c2)=CON1C(=O)C(=O)N1C=CCC1,-8.2,-8.2,0.4757,4.8208,seed42
CC1=C(C(=O)O)C(NCC2=CC=CC=C2)=C(S)N=C1C1=CC(O)=C(N)N1,-8.2,-8.2,0.3831,3.0861,seed42
CNCC1(C2=C(F)C(Cl)=C(O)N=C2CC2=C(C)C=CC2)CCC=C(C)S1,-8.0,-8.3,0.716,4.6825,seed42
CCC(C)(C)c1c(C(N)=O)c(F)c(N2CC(C)=C(O)C2)c(NC)c1[SH](=O)=C=O,-8.1,-8.1,0.4217,4.6437,seed42
Cc1ccc(C2C=CCC2)cc1OC1=C(Cl)C(Cl)(Br)CC=C1N(C)C(=O)CO,-8.1,-8.1,0.4518,4.3675,seed42
CC1=CN(C2=C(C=S)C(Cl)=C(C(=C=O)C=O)C(C3(Cl)N=C(C=O)C=CN3)=C2)C=CC1,-8.1,-8.1,0.1737,5.351,seed42
CCN1C(=O)CSC(C(=O)c2c(CN(C)C(=O)c3cccc(C)c3)ccc(C3(C)C=NCC3)c2C)=C1OC,-8.1,-8.1,0.4511,4.0674,seed42
CCNC(=O)C1=C(C(N)=O)C(C(=N)O)=C(C(C)=O)C(C2=CC=CC=C2)=N1,-8.1,-8.1,0.354,2.71,seed42
CC(C1=CCC=CO1)=C1SC(C(C)C)=C(C)C(C2(F)CN=CC=C2N)=C1N,-8.1,-8.1,0.742,5.0561,seed42
COC1=CC(C2=CC=CC=C2)(N(C)C2=CC=CC=C2)C(=O)C(C(C)=O)=C1,-8.1,-8.1,0.7748,3.3996,seed42
CNC1C(O)=C(C(O)F)OC(C2=NCCN2)=C1C1(S(=O)N(C)C(N)=O)C=C(C(C)=O)C(F)=C(O)O1,-8.1,-8.1,0.2558,5.7299,seed42
CC1=CC(C2=CC(C3=CCCC3)=CNC2C)(N(C=O)CCN)CC=C1CN,-8.1,-8.1,0.6021,5.0115,seed42
CC1=C(O)C=C(O)C(C2=C(Cl)C(C3(O)C=CC=CC3)=NCC2(C)O)=C1C,-8.1,-8.1,0.6386,4.5558,seed42
CNOC1=C(C2(c3cc(C)cc(C)c3NC)C=C(N)CC2)C(F)=CCC1C,-8.1,-8.1,0.6663,4.6912,seed42
CC1=NN(C2=C(N)C(C3(C)CCC=CO3)=C([SH]=O)C(N)=C2NC(N)F)C=CC1,-8.1,-8.1,0.2187,5.5783,seed42
CN(O)C(=O)N(C1=C(F)C(O)(C(O)(O)F)C(=O)C=C1)C(C)(Cl)CCCO,-8.1,-8.1,0.14,4.8616,seed42
CC(=O)C(=O)C1=C(C(=O)S)C=C(C2(N)C=CC(O)=C2)C(=[SH]N2N=C(CF)CC(O)=C2N)C1=O,-8.1,-8.1,0.1319,5.4108,seed42
COC1(CC2(NC3=C(C)C=CC=C3)C=CCC(C)=C2)NC=C(C)C=C1C,-8.1,-8.0,0.7127,4.5854,seed42
COC1=C(N2C=CNC(C)=C2)C(C=O)=C(C2=C(C)C(C)=CC=C2C)C(=O)C1=O,-8.0,-8.0,0.4933,3.6374,seed42
CN1C=CC(C(=O)C2=NC(O)=CC(O)=C2C2=CC(O)C=C2)(N(C)C)C=C1,-8.0,-8.0,0.6998,4.6749,seed42
CC1=CC(OC2=NC(C(O)S)=C(N)C(C(N)=O)=C2C=O)=C(C)C(N)=C1C,-8.0,-8.0,0.2305,3.8679,seed42
CC1N=CCC1(c1nc(C=O)c(O)c(-c2ccccc2N)c1CO)N(C)C,-8.0,-8.0,0.5494,4.4725,seed42
C=CC1=CN(C2C=C(C3=C(ONC)C(O)(CN)C(=O)C(S)=N3)N=C(N)C2)CC1,-8.0,-8.0,0.3036,5.4978,seed42
CCC1=C(C2=C(NN)C(N3N=C(Cl)C(F)=CO3)=C(N)N=C2N)C=CC=C1C,-8.0,-8.0,0.4651,3.7591,seed42
CC1=C(C2CC=CN2)N(C(=S)C2=C(O)CC(=O)N=N2)NC(F)=C1Oc1ccc(N)nc1,-8.0,-8.0,0.4086,4.8147,seed42
CC1=C(C2(O)NC(=O)CC(C)(C3(N)C=CNC3)C2(C)N)ON=C(N)C1(C)O,-8.0,-8.0,0.2887,5.8389,seed42
Cc1cc(-c2c(N)c([SH]=O)cc(OC3=CCNC3)c2CN)nc(N)c1C(N)=O,-8.0,-8.0,0.2881,4.1659,seed42
CN=C1C=C(C)CC=C1C1=C(C)N(C2=C(N)C(C(N)=O)=C(Cl)C(N(C)S)=C2Br)C=C(C)C1,-8.0,-8.0,0.3352,4.4198,seed42
CC(=O)c1c(Oc2cc(N)c(C)c(C)c2S)cc(C2C=CCC2)c(F)c1SN,-8.0,-8.0,0.1906,4.1092,seed42
CC1=CC(C2(C(C)(F)C(=O)C3=CN=NC=N3)C=CC(C)C(N)=C2)=CC=C1,-8.0,-8.0,0.6754,4.6413,seed42
COC(=O)C1=C(C)C(=O)C(C)(C)C(c2cc(C3=CC=CC3)cc(S)c2S)=C1,-7.9,-8.1,0.5506,3.8231,seed42
CC1C=NC(=O)C1(C=O)C1=C(C(=O)C=O)C2(C=O)C=CC=CC2C=C1N,-8.0,-8.0,0.4301,5.582,seed42
CNc1cnc([SH]=O)c(C(=O)CC2(F)C=CCC2)c1-c1cc(O)c(O)c(O)c1,-7.9,-8.0,0.2165,4.5431,seed42
COC1=C(C(=O)N(O)C2=CC(C)C=CN2)C(O)C(C2=CCC=C2)=CC1(C)C,-8.0,-7.8,0.5236,5.0278,seed42
CC1=CC=CC(NC=O)=C1C1=C(Cl)N=CC=C1N(N)C1(N)C=CC=CC1,-7.9,-7.9,0.2472,4.0374,seed42
CCN1C(=O)C(N)C(C=C2C(=O)C(NC(C)(C=O)C(N)=O)=CC(C)=C2S)=C1C(C)C,-7.9,-7.9,0.2025,4.9378,seed42
CNc1cc(C(Cl)(NC=O)c2ccccc2OC2=CCOC2)cc(C=O)c1C,-7.9,-7.9,0.4036,4.0875,seed42
CC1=C(C2=C(C3=CC=CC=N3)C=CC(C)(C)C2=O)C=CC(N(C)C)=C1O,-7.9,-7.9,0.9014,3.1691,seed42
CC(C1=C(CCC(N)(O)F)N=C(CCl)C(N)(C2=CCC=C2)O1)=C1C=CC=CN1C,-7.9,-7.9,0.3483,5.3888,seed42
CN(C1=CCC=NC1)C1(c2ccccc2)N=C(C2=CCCC2)N=C(C(=O)O)S1,-7.9,-7.9,0.8234,4.5239,seed42
CC(=O)OC1=C(N)C(C)=CC(F)(N(S)C2(C)N=CC(=O)C=N2)C1C1C=CCC1,-7.9,-7.9,0.3235,5.3798,seed42
CC1=C2CCC=C2C=C(C2(O)N=C(N3NC(=O)C(C)(F)C(C)=C3Br)OC(N)=C2C)O1,-7.9,-7.9,0.4974,5.2984,seed42
COC1=C(N)C(C2=C(C)C(C)=C(C3C=CC=N3)C(=O)C2)=C(N)C(N)(N)N1,-7.9,-7.9,0.4371,4.6817,seed42
CC1=C(C)N(C2=NC(F)(C(=O)CN)C(O)=C(C(C)(F)Br)C2=O)C(C)=C2CCC=C12,-7.9,-7.9,0.4851,4.9559,seed42
CNC1=C(N)C(C=O)C(=C2NC(C)C2F)N=C1N(S)C1=CC(F)=CC=C1,-7.9,-7.9,0.4741,5.0121,seed42
CCN(N)C1=C(C=O)C(NC2=CC(N=C=O)=C(NC)C(C)=C2F)=CC=C1,-7.8,-7.9,0.2309,3.5671,seed42
COC1=C(NCC=O)CCC1(N)c1cc(C)c(C=O)cc1N(C)C(=O)C(N)=O,-7.8,-7.9,0.4349,4.2471,seed42
CC1(S)N=C(C2=C(O)C(C3=CC=CC=C3)=C(CO)C(=O)S2=O)CC=C1Cl,-7.8,-7.9,0.6693,4.6244,seed42
CNc1cc(-c2ccc(N3CC(C=O)=C(C4=NCOC4)C=C3C)c([SH]=O)c2-c2cnc(O)c(N)c2)ccc1C(N)=O,-7.9,-7.8,0.2009,4.3242,seed42
COC1C=CC(C)(N)C(C2=C(N(C)O)ONC(Cl)(C(=O)C3=CC=CC3)N2)=N1,-7.8,-7.8,0.2316,5.7209,seed42
Cc1ccc(N=O)c(-c2ccccc2-c2cc(F)cc(F)c2)c1C1C=CCC1,-7.8,-7.8,0.3441,3.2749,seed42
CC1=C(Cl)OC(F)(C2(N=O)NC(C(C)C)=C(C)C(C)=C2N)C(N2CO2)=C1,-7.8,-7.8,0.5692,5.5018,seed42
Cc1cc(NC(N)(N)N)c(C2(N)CN=CC(C3(O)CC=CC3)=C2N)c(S)c1N,-7.8,-7.8,0.1355,5.0029,seed42
CCC1=CC(c2cc(C#CN)cc(N)c2Cl)(N(CC)C2=CCCN2)NC(N)=C1,-7.8,-7.8,0.2957,4.8302,seed42
CNC1(C=O)C(F)=C(C2=CC=C(Cl)N2)CC(Cl)=C1N1C=CC(N)=CC1N,-7.8,-7.8,0.5837,5.2495,seed42
CNC(C)C1=C(CN)N(C(N)C2=CC(O)(C3(C)C=CCC3)NC=C2)OC(C)O1,-7.8,-7.8,0.4211,5.8477,seed42
CCC(=O)N1C(=O)C(=O)C(=O)C2(C(=O)C(=O)C3=CCC=C3)C=C(C)CNC12,-7.8,-7.8,0.4132,4.7354,seed42
CC1=C(NC2(O)N=C(C3=CCC(C)(C)N3)C=C(Cl)N2C)N(C)C(S)CC1,-7.8,-7.8,0.3347,5.3377,seed42
CNNC(c1c(C)cccc1N)C1(OC)C=NC(SC)=C(C2=CNCC2=O)C1C,-7.6,-8.0,0.3995,5.1055,seed42
CCN1CC(C)=CC(C2(NC)CN=CC(OCN(C)C3=CC=CC=C3)=N2)=N1,-7.8,-7.8,0.7816,4.5297,seed42
COC1=C(Cl)C(C2(O)C=CC(C3=CCN=C(C)C3)=CN2C)=CC(CN)=C1,-7.8,-7.8,0.8501,4.2998,seed42
C=CCN(C)c1c(O)ccnc1C1=CC(O)(CO)C(C2C=CCC2)C(C)=C1,-7.8,-7.8,0.673,4.772,seed42
CC1=CCC(C)(C2=C(C3=CC(O)=CC=C3)C(C)=CCC2=O)C(N(C)C)=C1,-7.8,-7.8,0.8465,3.9621,seed42
CC=C(C)C1=CC=CC1(N)OC1=C(C)C(C)=C(NC(C)CO)C=C1OC,-7.8,-7.8,0.6494,4.1746,seed42
CC(=O)c1c(C)c(C)cc(C)c1N(C=O)C1(c2nc[nH]c2C)C=CN(C)C1,-7.8,-7.8,0.6518,4.2188,seed42
CNC1=NC(O)=CC(C2=CC(NC)=C(C)C(Br)(C(C)N(C)C)C2)=C1CO,-7.8,-7.7,0.5252,4.7157,seed42
CCCC1=C(CO)N(C(CCO)C2=NC(C(=O)CN)=NC3=C2OC(F)=C(C(=O)C(C)O)S3)C(C)=NC1,-8.1,-7.4,0.2439,5.1039,seed42
CC1=CC(N)(C2=NC(N3C=CC(=O)[SH]3C)=C(N)C(OC=O)=N2)C=CC1O,-7.8,-7.7,0.3243,5.7308,seed42
CN1C=CC2(C)C(=C1NC1=CC(=O)C(=O)C(C(=O)S)(N(C)C#N)N1)N2C,-7.7,-7.7,0.1434,5.6015,seed42
CC1=C(C(=O)CN)C(O)=C(OC2=NC(N)=C(C(C)O)N2)C(C(=O)O)=C1C,-7.7,-7.7,0.4066,3.9514,seed42
CCC1=C(CN)C(N(C)C2=CCC=C2)=C(O)C(C2=CC=CC=C2)=C1OC,-7.7,-7.7,0.8121,3.1681,seed42
CCN1C(=O)C(=O)C(c2c(N)c(C)cc(C)c2O)=C(OC)C1(N)N1C=CCC1,-7.7,-7.7,0.525,4.1451,seed42
CC(=O)C(F)(S)NC1=C(C2=CC=CC=C2C)C(N)=C(C2=CCC=C2)C=N1,-7.7,-7.7,0.4113,3.8169,seed42
CNC1=NC(C2=C(O)C(S)=C(C(N)=O)N=C2C2(C)C=CCC=C2)=CSC1,-7.7,-7.7,0.4711,4.4592,seed42
CC1=NC(NC2(O)CCC=C2N)=C(N)NN1C(=N)c1c(N)c(C(N)=O)c(N)c(N)c1O,-7.7,-7.7,0.0799,4.8901,seed42
CCNC1(OC2=C(F)C(C=O)C(=O)C(=O)S2)C(NC)=C(N2C=CNC=C2Br)C=NC1N,-7.7,-7.7,0.1245,5.7416,seed42
CC1=CNCC=C1C1=C(C)C(C)(C(C=O)(NO)N2CCN=C2O)C(Br)=C(N)C1,-7.7,-7.7,0.3186,5.4248,seed42
CC1=C(C2(C)C(=O)C(=O)C=C(O)C2C2=CC=CC=C2)C(N)=CCC1C=O,-7.7,-7.7,0.6445,4.488,seed42
CNC1(c2c(C)cccc2-c2c(-c3ccc[nH]3)[nH]c(S)c2C(N)F)CC=CC1,-7.7,-7.7,0.2402,4.3329,seed42
CC1=NC(Nc2ncc(C3=CCCC3)c(C=O)c2C(C)O)=C(F)C(N)(CN)N1,-7.7,-7.7,0.4675,4.702,seed42
COc1c(O)c(N(O)C2(C)CC=CC2)nc(C(=O)S)c1C1=NN=C(N)NC1O,-7.7,-7.7,0.2251,4.874,seed42
O=CC(=O)C1=C(NCO)C(O)(C(O)=S)C2=CCC(O)=CC2=C1C1(O)CC=CC1,-7.7,-7.7,0.1209,5.0162,seed42
CC1OC=CC1(C(N)=O)C1(N)CNC(C(=O)C2=CN=NC=C2)=C(Cl)N1C,-7.7,-7.7,0.4778,5.1361,seed42
CNC1=C(C(=O)c2cc(N)ccn2)C(C)(NC)C(C2=CNCC2)=C(ON)C1=O,-7.7,-7.7,0.3353,4.453,seed42
CNC1=C(C2=CC(C)(N)C(C)=CS2)C(N(C)C2=CC=CC=C2)CC=C1C,-7.7,-7.7,0.818,4.4078,seed42
CC1=CC(S)=C(C)C(C2=C(Cl)C=CC(C(=O)C(N)=O)=C2C2=CC=CN2)=N1,-7.7,-7.7,0.3604,3.2517,seed42
CNC1=C(C2=CC(O)=C(OC)C(C(=O)F)N2C(C)=O)C(C)=C(C)C=C1Cl,-7.7,-7.7,0.7793,4.0196,seed42
CNC1=C(C2=CC=CC=C2)C(O)=C(C2(N)N=CN(C=O)C=C2C)N=C1O,-7.7,-7.7,0.6205,4.2104,seed42
CNc1cc(C)c(O)c(-c2c(NC)c(OC3=C(C)C(OC)=C(N)CN3C3(OC)C=COC3)nc(Cl)c2OC)c1C,-7.7,-7.7,0.2504,4.7739,seed42
CCc1cc(C2(C3=CC(=O)CN3)C=C(CN)C(F)=C(C)O2)c(N)c(CO)c1C=S=O,-7.3,-8.0,0.3901,4.9025,seed42
CNC1(C2=CC(=O)CC(c3c(C)nc(Cl)c(C)c3N(C)O)=C2CN)C=CCC1,-7.6,-7.7,0.398,4.4996,seed42
CC1(C)C(N)=CC(C2=CCC=C2)=C(c2nc(N)c(N)c(Cl)c2N)C1(O)[SH]=O,-7.6,-7.7,0.4159,4.8949,seed42
CNC1=C(C2=CC=CNC2)CC(N2C=CCCC2)(C(O)(O)F)C(N)=C1S,-7.4,-7.9,0.3215,4.9479,seed42
CNC1=C(C)C(N)=C(NCN)C(N)(C2=C3C(N)=CC(N)=C3C=C(C)N2)C1,-7.6,-7.7,0.3645,4.4923,seed42
COC(=C1N=C(C2N=NC(NC=O)N2C)N=C(CF)N1)C(C)(C)N(C)C,-7.6,-7.6,0.4954,5.3733,seed42
COC(N)(NC1(S)CC(N)=C(CO)N=C1C)C(C)(F)C1=CC(C)=CC=C1,-7.6,-7.6,0.3802,4.8912,seed42
CC1=CSC(C2=C(C)C(C3(O)NN3C)=C(O)N=C2SCN(C)C)=C(F)C1,-7.6,-7.6,0.3968,5.0668,seed42
CC1=C(C2=C(N(C)C=O)C=C(C3=CC=NC=C3)C=C2)C(N(C)C)C=CO1,-7.6,-7.6,0.7747,3.8342,seed42
Cc1cc(O)c(N(SC2=NN(C(O)F)CC(N)C2=O)C2CCC=N2)cc1S,-7.6,-7.6,0.3351,5.4847,seed42
CC1=CC(C(=C=O)C[SH]=O)=CN(C2(C)C(C)=CN(C3=CC(Cl)=CC3)C(C)=C2C)C1S,-7.6,-7.6,0.4556,5.8752,seed42
CCc1c(CN(C)OC)c(S)c(-c2cc[nH]n2)c(CN)c1C1(C)C=CCN1,-7.6,-7.6,0.3338,4.8148,seed42
CNc1c(C)c(N=C2C=NC=C(C(NC)C3(C)C=C(C(C)C(N)Cl)CO3)C2CN)c(C)c(NO)c1O,-7.6,-7.6,0.086,5.9068,seed42
CCC1=CCCC=C1OC1=C(N)C=CNC1=C(NC(C)=O)C1=C(Cl)C(=O)C(=O)C(N)=C1,-7.6,-7.6,0.3778,4.2512,seed42
COC12CC(=O)C(C(C)=O)=C(CC(=O)CN)C1C=CC(C)=C2N1C=C(S)CC1,-7.6,-7.6,0.5223,4.9627,seed42
CC1=CC(N)=C(C2=CC(Cl)=C(C)C(C)(C3(N)C=CC=C3)S2)N(C)C1(C)C,-7.6,-7.6,0.7268,4.8834,seed42
CNC1=C(N(C)C2CC(N)=CCS2)CC=C(C2=C(C)C(F)=C(S)C(O)=C2)N1C,-7.6,-7.6,0.5579,4.9213,seed42
CC1=C(N)C(N)=C(C(=O)C2=CC(ON)(C3CN3)NC=C2C=O)C(O)=C1O,-7.2,-8.0,0.0644,5.0568,seed42
CNC(O)(C1=CC(C)C(C2=CCC=N2)=CC1)c1c(N)c(N)nc(N)c1CN,-7.5,-7.6,0.3317,4.9724,seed42
Nc1ccc(C2=C(C(=O)C3(N)C=CCC3)SC(OCF)=C(CO)[SH]2N)c(F)c1,-7.6,-7.5,0.2672,5.1123,seed42
CC(=O)N1C=C(NN)C(C)NC1=C(C)C1=C(C2(O)CN=CC=N2)C(=O)C(CNC=O)=C(C)C1,-7.5,-7.6,0.2056,5.4486,seed42
CCC(=O)c1c(N)nc(O)c(C)c1C1=CN(C(N)(CN)C(=O)N(C)C)CC1,-7.5,-7.5,0.5071,4.3132,seed42
CCCC1=C(N2C(O)=C(O)N3C=CC(CC)=CC32O)C(C(C)C(C)O)=C(C)C(C)=C1C,-7.5,-7.5,0.5143,4.7927,seed42
CC1=CC(C)(C2C(C(N)(O)O)=NC(=C(N)C3=C(Cl)C(O)NC(=O)N3)C(N)=C2N)NC1,-7.5,-7.5,0.1626,5.5755,seed42
NNC1(C(=O)C(N)=O)C=CC(C(N)(N)C2(C=O)CCC(N)=C2N)=C(C=O)C1,-7.5,-7.5,0.0756,5.3461,seed42
COc1c(Br)c(N2C=C(C)CC2)c(C2=C(C)C(C)=CC(C)N2C)c(C)c1C=O,-7.5,-7.5,0.5567,4.3219,seed42
C#CC(NC)c1c(O)c(C(F)(Br)OC=O)cc(OC2N=C(C)CO2)c1OC,-7.4,-7.6,0.3594,5.2034,seed42
CC1=C(C)C(F)(C2=C(N)C(N)=C(C3=CC=C(N)C3)C(S)=C2)C(C)=C(Cl)N1,-7.5,-7.5,0.2946,4.7364,seed42
CC1=C(C2=NC=CC=N2)SC(O)=C1C(C=O)C1=CC=CC(OC2CO2)=C1,-7.5,-7.5,0.5308,4.0165,seed42
CC1=C(C2=CC=CC2)C(C2=C(C=O)C(O)=C(CF)N=N2)=CC=C1N(C)C,-7.5,-7.5,0.8273,3.5767,seed42
CC1=C(C2=C(O)CC(O)=C2C)C(C)(C(=O)O)N=C(C2=CC=C(N)C=C2)S1,-7.5,-7.5,0.5976,4.0838,seed42
CCNC1=C(C2=CSC(I)=C(CC)C2)C(N)=C(C2=NC(C)=CC=C2)NC1,-7.5,-7.5,0.5398,3.9444,seed42
CC1=CC(O)=C(C(N)C2=C(C3(N)C=CC(O)=C3C(=O)C=O)SC(=N)CN2C)C=C1C,-7.5,-7.5,0.3508,4.8402,seed42
CNC1=C(C(=O)O)C=C(N(C2=CC=CC=C2)C2=NCC=C2)C(Cl)=C1C#N,-7.5,-7.5,0.8514,3.2903,seed42
CNCC1=C(C2(N)C=CC(C(C)(C)N)=C(C(N)Cl)O2)C(O)=C(C)C=C1O,-7.5,-7.5,0.2563,4.7037,seed42
COC1C2=CCCC2=C(C)N(C)C1CC1(C(=O)CC(C)=O)OC(=O)CC=C1F,-7.5,-7.4,0.5121,5.0081,seed42
C=NC(=O)N(CC1=C(C(=N)N)C(C)=C(F)C(Cl)=C1O)C1(F)C=CCC=C1,-7.5,-7.4,0.3207,4.2865,seed42
CCNC1=C(C(=O)C(N)(O)O)C(O)=C(N2C=C(F)C(C(C)C=O)=C(C(S)C(C)=O)C2)OC1(O)Cl,-7.4,-7.5,0.0923,5.5863,seed42
CC1(C23N=CC(F)=C(N)N2C(O)(F)C(=O)C(C(=O)C(O)F)=N3)CC=CN1,-7.4,-7.5,0.4597,5.8309,seed42
CC(=O)C(=O)C1=C(Br)C(N(C)C=O)=C(N2C=C(C3=CCC=CC3)CC(C)=C2C)C(N)=C1S,-7.5,-7.4,0.1331,4.3364,seed42
CCC1=C(N(C)C2=C(C)C(N)(OCN)C(C)=C(Cl)S2)C(C)=C(Cl)C=C1C,-7.4,-7.4,0.6623,4.3438,seed42
CC1=CC(C2(C3=CCCC=C3)C(C)=C(O)C(C)=C(N)C2(C)C)C=C(N)C1,-7.4,-7.4,0.6009,4.8784,seed42
CC1=C(C2(C)C=CC=CN2)N=CC(C)(C2=CC=NC2)C1(Cl)c1ccccc1,-7.4,-7.4,0.7449,4.976,seed42
CCN(C)C1(C2=C(N)C=C(C3=CCC=N3)C(C)=C2)C(Br)=NN=C(F)[SH]1C,-7.4,-7.4,0.5452,5.2189,seed42
Cc1c(O)cc(C=C2C=NCC2)cc1C1=C(C2=CC=COC2)C(C)(O)C(C=O)=CS1,-7.4,-7.4,0.7081,4.84,seed42
COC1(NC2=NN=C(N(C=N)C=O)NC2C)CC(C=O)=C(C(N)C(C)N)C1,-7.4,-7.4,0.1569,5.8364,seed42
CC1=CC(N)(C(=O)C2=NC(=O)S(=O)C(O)=C2C2=C(N)C=C(C=O)C(C=O)=C2N)C(Cl)=C1,-7.4,-7.4,0.3684,5.1655,seed42
CCC(C)C(=S)C1(C2=CC=CC2)NC(N2C=CCC(C)=C2)=NC(O)=C1N,-7.4,-7.4,0.6566,5.0694,seed42
CC1=CCN(N(C=CC=O)c2cc(Cl)cc(C)c2C2=NNCC2)C(C)C1O,-7.3,-7.4,0.4609,4.8159,seed42
C=C1C(CO)=C(C2(C(C)=O)C=CCC2)C=CC1(OC)C1(F)C=C(C)C=CC1,-7.3,-7.4,0.7331,5.3431,seed42
CCCc1nc(C=C2CCC(CC)=C2OC[SH]=O)nc(CNC=O)c1C(C)C,-7.3,-7.4,0.4345,4.3402,seed42
Cc1cc(C(C=O)(C2=C(C=O)NC(N)=CN2CO)C(N)(N)F)cc(N2C=NCC2)c1C(N)=O,-7.4,-7.3,0.142,4.9186,seed42
CCCC1=C(O)C(N)=C(C)C(C2=CC=CC=C2C2=CCC=C2)(C(C)C)C1,-7.4,-7.3,0.6672,3.9507,seed42
CC1=C(F)C=CC(N)(c2cc(N)c(N)c(C)c2CN)N1C(C)C1=CCC=C1,-7.4,-7.3,0.6102,4.8196,seed42
CCc1c(N)c(NC)c(C2C=CCC(N)=C2)c(C2(N)C(=O)CC=C2Cl)c1N,-7.3,-7.3,0.398,4.9646,seed42
CCc1c(N)c(C)c(N(C)C)c(-c2ccccc2)c1OC1(OC)C=CCN1,-7.3,-7.3,0.463,3.9714,seed42
CC1=C(c2c(C3=C(C=O)C(O)C(C)=C(CN)N3)ncc(F)c2F)C(C)(C)CC1,-7.3,-7.3,0.6891,4.3397,seed42
CC1=C(S)C(O)(C2(C(=O)O)C=CN(C3=CCC(O)CC3)C2)C(=O)OC1(O)Br,-7.3,-7.3,0.2374,5.4879,seed42
C=CCC(=O)C(NC)(N1CNC=C1C)C1(Cl)NC(=S)C(C)=C(N)[SH]1CC,-7.3,-7.3,0.142,5.7875,seed42
CNC1=C(NC2=C(OC)C(C=C3C=C(C=S)C(Cl)=C(N)C3OC)=C(C(C)=O)CN2C)CC=C(N)C1=O,-7.3,-7.3,0.3434,5.1398,seed42
CCC1=C(C(C)(C=O)C2(S)CC=CC2)C=C(N)NC1(S)Nc1nnccc1N,-7.3,-7.3,0.1817,5.3041,seed42
CNC1=CNC(C)(c2cccc(C=O)c2)C(C(N)(N)C(=O)C2=CCC=C2)=C1,-7.3,-7.2,0.4483,4.385,seed42
CCC1=CN(C2=C(S)C(O)=C(C)C(O)=N2)C(=O)CN1C1=C(C)C=CC=C1,-7.3,-7.2,0.7201,3.4793,seed42
CCC1=CNN=C1C1=NC(C(N)(ON)C(=O)SC)=C(C(N)=O)C(C)=C1N,-7.2,-7.3,0.3372,4.4769,seed42
CC(=O)C1=C(N)C=C(C2=CSC(C3=CC(N)=CC3=O)=C(NS)S2)C(C)=C1,-7.2,-7.3,0.3468,4.013,seed42
Cc1nc(Cc2nccc(C(=O)C=O)c2C)sc1C(N)=C1N=C(S)CN1C,-7.2,-7.3,0.3438,3.8888,seed42
C=C1C=CC=C(C(=O)C2=C(N)C=C(C(N)NC)C(C3(N)CC3N)=C2N)N1,-7.2,-7.3,0.2133,5.0737,seed42
Cc1c(N)c(C23CC(N)=C(F)C2(N)C(N)C(O)=NC3=O)c(NO)c(N)c1F,-7.1,-7.4,0.2414,5.268,seed42
CC1=C(C2=C(C)C(N)=C(C=O)CN2C)C(NC2=C(N)C(F)=CC=C2)=C(S)C(S)=N1,-7.2,-7.2,0.2887,3.8128,seed42
CNC1=CC(C2=C(Cl)C(CO)=C(C(C)=O)C(C)(C3(C)CC=CC3)C2=O)C=CN1,-7.2,-7.2,0.6157,4.998,seed42
CC1=CC=C(C)C(C2(OC3(C)NOCO3)C(C(N)=O)=CC(N)=CN2C)=C1,-7.2,-7.2,0.7284,4.7882,seed42
CNc1c(C=O)c(C)c(C(=O)F)c(C(=O)NC(C)C)c1C1=C(N)CCN1CN,-7.2,-7.2,0.4075,3.7454,seed42
CCC(=O)C1=NC(C)C(C(=O)N(C)C#CF)=C(C2=CC=CC=C2C)C1=O,-7.2,-7.2,0.6162,4.0089,seed42
CC1=CC=C(Cl)C=C1C1=C(C(=O)C2=CNC=C2)C(C)=C(OC=O)N=C1O,-7.2,-7.2,0.5258,3.2427,seed42
CNN1C(O)=C(c2c(N)c(O)c(N)c(N)c2C2C=CCC2)SC(O)(O)C1(C)F,-7.2,-7.2,0.1184,5.0386,seed42
CC(=N)NC(N)(N)C1(O)N=C([SH]=O)C(N)=C2NCC(C(CF)CC(O)O)=C21,-7.2,-7.2,0.0918,5.8296,seed42
CNC(O)(O)C1(F)C=C(C)C(C)C(C2(C(C)CN)NC(O)=CC=C2C)=C1,-7.2,-7.2,0.3233,5.5658,seed42
CC1=CC=C(N(C)C(Cl)(C2=C(S)C(N)=C(N)C(=O)C2)C2=C(C#N)C(O)=CC(C)=C2C)C1,-7.2,-7.2,0.3114,4.7089,seed42
CC1=CN(C2(C3=C(N)C(C)N(CO)C(=O)C3)N=C(N)C(N)=C(C=O)N2)C=CC1,-7.2,-7.2,0.3785,5.3255,seed42
C=C(C)N1C(F)=CC(CC)N(O)C1(C1=C(C2(C)C=CCCC2)C(O)=CC(=O)C1)C1(N)CCC=C1F,-7.2,-7.2,0.3448,5.6896,seed42
CCC1=CC(CC)(C2(O)CC(O)=C(O)C(C=O)=C2C(C=O)CC)[SH](CC)C1,-7.2,-7.2,0.2851,5.7294,seed42
CC1=C(Cl)C(=O)N(C(O)C2(O)N=C(CO)OC(C=O)O2)C(=O)C1(C)CN,-7.2,-7.2,0.2983,5.405,seed42
CCC1=CC(Cl)(C(=O)ON)N=C(C2=CCC=C(NC)C2)N1C(C)(C)NC,-7.2,-7.2,0.3706,4.964,seed42
CCCC1=CC(C(=O)C(=O)C(C)=O)(C2(C=O)C=C(C)C(F)=C(O)C2NC)CC1,-7.2,-7.1,0.2856,5.1218,seed42
CC1(C2=C(C#N)C(N)=C(O)CN2c2nc(CF)ccc2C(N)(O)S)C=CCC1,-7.0,-7.3,0.2957,4.8918,seed42
NCC1=CC(CS)=C(N)C(N)=C1C1=NN=C(O)C(C(=O)Br)(C(O)(O)O)S1,-7.2,-7.1,0.1207,4.8539,seed42
COC1=C(O)C(=O)CC(N)=C1C1=C(C(=O)O)C(C)=C(C2=CCC=CS2)C(C)(C)C1=O,-7.1,-7.2,0.6203,4.198,seed42
NC(=O)C1=C(C(=O)C(N)C=O)NCC(S)(OC(=O)C(=O)C2(O)C=CNC2)N1,-7.1,-7.2,0.0543,5.5348,seed42
CCN(C1=C(N(S)S)C(C2(C=O)C=CCC(C)=C2)=CN=C1C1=NC(=O)C=CC1)C1C=NCC1=O,-7.3,-7.0,0.3431,5.5105,seed42
CNC1=C(CC2(S)C(C(N)=O)=C(C(C)C)C(C(=O)CO)=NC2N)CC(Br)=C(N(OC)C2=CC=CC=C2)O1,-7.1,-7.2,0.2045,5.0192,seed42
COC1=C(O)C(N)=C(C2=C(CF)C=CN2)C(C(=O)N(S)CN)=C1C(O)F,-7.1,-7.1,0.1924,4.4963,seed42
NOC1(c2c(N)nc(C(N)=O)c(S)c2N)C=C2C(=CS1)CC(C(N)N)=C2O,-7.1,-7.1,0.1842,5.0507,seed42
CCC1=C(N2CC2)C(C2=C(O)C=CC(C(C)O)=N2)=C(OC(C)=O)C(O)=C1,-7.1,-7.1,0.4286,3.472,seed42
CC(N)C1=C(C2=CC=CC2)NC(N(C(=O)C(O)(O)O)C(N)(N)O)=C1CN,-7.1,-7.1,0.2383,4.6419,seed42
CNC1(O)N=CC(C2(S)C=NCC2)=C(N)N1C(C)(N)c1cccc(C=O)c1,-7.1,-7.1,0.2774,5.2524,seed42
CN(C1=CC=CC=C1)C(Cl)N(CO)C1(O)C(=O)C=CC(C(Cl)=S=O)=C1O,-7.1,-7.1,0.2089,4.7087,seed42
NCC(=O)c1nc(C=O)ccc1C1=C(C=O)C(F)(N2CC=CC2)N=C([SH]=O)C1,-7.1,-7.1,0.2287,4.9929,seed42
CNC1(O)NC(O)=C(C(C)(C)N)C(O)=C1NC(F)(C1=CC=CC1)C(C)O,-7.1,-7.1,0.2456,5.3153,seed42
CCCC(N)(C(C)NN)N1CC(F)(C(O)(OC(N)O)C(C)NC)N=C1CC,-7.1,-7.1,0.0969,5.7435,seed42
CNC1=C(O)C(OC2=C(C(N)=O)C(=O)C(=O)C(S)=N2)=C(N)C(C=O)=C1S,-7.1,-7.1,0.0979,4.1193,seed42
CCC1=CC(O)(C(N)(ON)C2=NC(NC)(N(O)C(=O)O)N=C(N)S2)N(S)C1,-7.1,-7.1,0.0801,5.7686,seed42
CCC1(OC(C)NC)C(F)=C(C2=CC=CC=C2)C(OCF)=C(N)C1(C)C,-7.1,-7.1,0.7085,4.246,seed42
CNC(O)(F)C(=O)c1c(O)c(N=C(C)N)c(N)c(N)c1N1CC=C(C(=O)O)C1,-7.1,-7.1,0.062,4.4425,seed42
CC1=C(C2=C(N(CN)C3=CC=CC3)OC(ON(C)C)=CC2(C)C)C=C(C(C)Cl)C=C1,-7.1,-7.1,0.3562,4.6123,seed42
CN(CF)C1=C(C2=CC=CCN2)CNC(Cl)(C(=O)C(=O)C2C=CCC2)[SH]1NO,-7.1,-7.1,0.1045,5.6772,seed42
CN(C)C1=C(N(CF)C(=O)C2=CC(Cl)C(CF)=C(N)S2)NC=C(C2(C)C=CCC2)N1C,-7.1,-7.1,0.3508,5.4903,seed42
CCC(N)(C(C)=O)C(=O)NC12C=CC(=O)NC1(N)C(C#N)=C(C)C(Br)=C2O,-7.1,-7.1,0.3814,5.1148,seed42
C#CC1(C=N)NC(C2=NNC(C)(CO)C(N=N)=C2)=C(CC#N)C(N)=C1O,-7.1,-7.1,0.2087,5.7783,seed42
CCCc1nc(F)c(N)c(C2(C3=COCC3=NCN)OC=C(C)C(C)=C2C)c1CC,-7.1,-7.1,0.6847,4.7997,seed42
COc1cccc(CN)c1-c1nc(N2C=CCC2)c(C)c(CN)c1OCN,-7.1,-7.1,0.6398,3.4269,seed42
CC1=C(C2=CN(C)CC2)CN2C(CS)=C(C(=O)N(C)CO)CN(CN)C2(F)O1,-7.1,-7.1,0.3377,5.0287,seed42
CCC1=C(C(Cl)(CC)C(N)CC(N)(S)CC)C(C)(NNC=O)NCC1=O,-7.1,-7.1,0.1056,5.54,seed42
CCC1=C(C)[SH](N)C(=C(C2=C(C)C(=O)CC(C)=C2)C(CC(=O)F)(C(C)=O)C2=CCN=N2)N=C1,-7.0,-7.1,0.4055,5.6637,seed42
CCN(CC)C1(c2nc(OC(C)=O)c(CO)c(C(C)O)c2F)CC=C(CF)C1,-7.1,-7.0,0.5176,4.5862,seed42
COC1=C(C(C(C)C(N)O)C(N)(O)F)SC(F)(C(C)(O)N(S)CC=O)S1,-7.0,-7.1,0.1274,5.9906,seed42
CNC(N)(C1=CCC(C)=CN1)C1=C(C)NCC(OC)=C1C1=CC=CC=C1,-7.1,-7.0,0.6133,4.2522,seed42
CCC1C=C(C2(S(C)=O)NCNC(C)(C(C)=O)N2)CC(C=O)=C1C#CN,-7.1,-7.0,0.2274,5.8442,seed42
CN(S)C(C)(C(N)=O)C1=C(S)CC(=O)C(O)=C1C(O)C(N)(O)C1=CCCN1,-7.0,-7.0,0.199,5.4379,seed42
CCCC1=C(C2(Cl)C=CC(NC)=C2)C(F)=C(C=NC)C(O)(C=O)C1C=O,-7.0,-7.0,0.4037,5.4444,seed42
CCC1(c2cc(N)c(NC)c(-c3cccnc3C=O)c2CS)CC=CN1S,-7.0,-7.0,0.3309,4.472,seed42
CCC1=C(C(=O)NC)C(C2(CO)CC(C)=CN2)=NC(C)(N(C)CNC)C1=O,-7.0,-7.0,0.4625,4.9594,seed42
CNC(=O)C(O)(Br)C1=C(N)CN(C(S)(C(=O)NC)N(CN)C2(S)C=C(C)CC2)C=N1,-7.0,-7.0,0.1007,5.6924,seed42
CC1C=CC=C(N)C1C1=CC(CO)=C(Br)C(=O)C1(C=O)N(C)C1=NNCC1,-7.0,-7.0,0.449,5.4557,seed42
CCC(C)(N)C1(OC2=CCCN2)N=C(C2(N)C=CNC=C2N)N=C(NN)C1O,-6.9,-7.1,0.1914,5.9249,seed42
COC1=C(N(N)C(=O)NC2(SC)CC(=O)N2)C(C(O)NCN)=NC(=O)C1,-7.0,-7.0,0.09,5.1003,seed42
CCCC1=C(NCC)C(=NC(CN)=C2N=CC=C2C)C(C)C(F)=C1SN,-7.0,-7.0,0.5899,4.8394,seed42
CCC1(C(O)F)C(C2=CC=C(C)C=C2)=C(CCCl)C(N)=C(NC)C1(N)O,-7.0,-7.0,0.3821,4.5712,seed42
COC1=C(Cl)C(C2=CCC=C2)=C(C2(N)C=C(C)NC(N)=C2C)C(O)N1C,-7.0,-7.0,0.6002,5.006,seed42
CNC1(C(C)=O)C(F)=C(O)C(Cl)(C2=CC(CN)C=C(C)N2C)C(N)=C1Cl,-7.0,-7.0,0.5336,5.2785,seed42
CC(=O)C1=C(O)C(C2=CCC(O)=C2Cl)=C(N)C(NC(N)N)(C(=O)F)C1N,-7.0,-7.0,0.2359,4.9623,seed42
NS(=O)(C=S)=C(C(=O)C1=C(O)C(O)=NC(N=O)=C1Cl)C1(F)OC(C=O)O1,-7.0,-7.0,0.2456,5.1522,seed42
CC(=O)C(C)(Cl)C1=NN(C2(C(O)CF)ON=C(C(C)(F)CCN)N=C2N)CC1,-7.0,-6.9,0.4849,5.6681,seed42
COC(C)C1=C(CN)C(N)=C(CN)C1(F)C(=S)C(=O)C1=C(CCO)CC(=O)N=N1,-6.9,-7.0,0.3782,5.1495,seed42
CC1=NCC(C(=O)C2=C(C#N)C(N(C)C)=C(F)C(O)=C2C)=C(N2CC2)C1,-6.9,-6.9,0.6619,3.7417,seed42
CC(C)(N)C1=C(C(O)C=O)CCC1(F)Cc1sc(C(=O)S)c(C(=O)S)c1ON,-6.9,-6.9,0.1772,5.1814,seed42
CN(C1=CC(S)=C(F)C(Cl)=C1N)C1(C2=C(O)C=CC=C2)C=C(N)C=CN1,-6.9,-6.9,0.4084,4.3349,seed42
CCC(=O)C1=C(C2=CCNC2)C(C(=O)C(N)NC)N(C#N)C(C(=O)[SH]=O)=N1,-6.9,-6.9,0.2154,5.4301,seed42
CCC1=NC2=CC(C)C(C)CC2=CC1(NC(N)Cl)C(CO)(OC)C1=CNCC1,-6.9,-6.9,0.2947,5.8944,seed42
CCC1=CC(=O)N(C(=C2OC=NC=C2C)C(O)(NC)NC)C(CNC)C1,-6.9,-6.9,0.489,4.9108,seed42
CNc1cc(CF)nc(C2(N)CC(N)=C(O)N2)c1C(=O)N(C)C(S)C(C)S,-6.9,-6.9,0.2724,5.2215,seed42
CCC(NC)C1(C2=C(C)C=C(C)C(N)N2)C=CC(C(C)N)=CN1C1=CCNC1,-6.9,-6.9,0.4758,5.595,seed42
CCNC(C)C(O)(CCl)N(N)C1(S)N=CC(CC2=NCC(=O)C(=O)S2)(C(=O)OC(=O)C(C)NC)N=C1O,-6.9,-6.9,0.0248,5.9182,seed42
CNC1C=CCC=C1C1(Cl)SCC(=O)C(C2=C(OC)C=CC(C)C2)=C1N,-6.9,-6.9,0.5665,5.2331,seed42
CCc1c(OCNC)c(C)cc(C(C)(O)CN)c1N(OC)OC1=C(N)NCC1,-6.9,-6.9,0.2872,4.5201,seed42
CC1=C(NC(C)(C)N(C)C)N(C2=C(C)N(C)C(N(C)C)=C(OCC(C)C(N)=O)S2)OC1,-6.9,-6.9,0.5084,4.7739,seed42
CCC1(C2=C(O)C(N)=C(F)C(N)=C2C)NN=C(C(C#N)CO)C(N)=C1C,-6.9,-6.9,0.263,4.7653,seed42
CC(N)N(C)C(C1=CC(C2=NOC(Cl)=CN2)=C(O)C(N(C)C)=C1[SH]=O)(C1=NC(N)=CCC1=O)N(C)CS,-6.9,-6.9,0.182,5.8108,seed42
C=C(N)C1=NC(N)=C(N)C(C2=C(C)C=CC=C2)(C2(S)CC=C(C)C=N2)O1,-6.9,-6.9,0.6121,4.8005,seed42
C=COC1(SC2=CC=C(OC(C)=O)C(=C(C)N(CC)CN)O2)C=NCN1,-6.9,-6.9,0.3746,5.173,seed42
CC1=NCCN1c1c(N)c(C)c(C(=C=O)C(N)(N)CBr)c(S)c1C(C)NCN,-6.9,-6.9,0.114,4.8074,seed42
CN1C(=O)NC1C1(C(=O)Cl)C=C(O)CC(NC#N)(C2=CNC=CC2)S1=O,-6.9,-6.9,0.3026,5.872,seed42
CCC1=C(NCN)C(N)=C(C(C)(N)[SH]2C(=O)SC(=O)C=C2F)C(C)=C1C,-6.9,-6.9,0.2921,4.9685,seed42
CN=C(O)C1(C=O)C(C(N)=O)=C(C=O)C(C2(Cl)C=COCC2)=CC1NC,-6.9,-6.8,0.2601,5.604,seed42
CC(=O)CC1=C(N(C)C2=CC(C)CC=C2)C(S)(C2(N)C=CCC2)SC=C1C,-6.9,-6.8,0.5042,5.3617,seed42
CC(=O)C(NC1=C(N)NC(O)=NN1C1=C(C(C)=O)C(N)=C(N)C(N)=C1C)=C1C=CN=C1C(C)N,-6.8,-6.9,0.1571,4.8456,seed42
CNC1(C2=C(C(=O)C(=O)OC(=O)OC)OC(S)(Cl)C(F)=C2S)CN=C(C=O)C1,-7.0,-6.7,0.1415,5.3046,seed42
CC1=CC=C(C2=CC=C(O)C=C2)C(CS)(C2=CCC(N)=C(N(C)C)S2)C1,-6.8,-6.9,0.6536,4.3621,seed42
CNC1=C(C)CC(NC)(C2=C(C(C)(C)O)N=C(C(C)(S)Cl)C(Cl)=N2)C=N1,-6.9,-6.8,0.4366,5.0948,seed42
COC1=NC(O)(c2cc(N)c(C)cc2CF)N(N(C)C2=CCCC2)C(C)=C1O,-6.7,-6.9,0.6837,4.3883,seed42
CCNC1=C(C(C)(N)O)N=CC(C2(NC)CNC(C(C)N)=C(C)O2)=C1O,-6.8,-6.8,0.3427,5.064,seed42
CC1=CC(Cl)=NCC1(O)C(C)C1(CC=O)C(N(C)O)=CC(=O)C(O)=C1N,-6.8,-6.8,0.4109,5.414,seed42
CNC1(N)NC(C(N)Cl)=C(N)C(CO)=C1C1=CC(C(N)O)=C(O)C=C1C,-6.8,-6.8,0.1655,4.9953,seed42
CC(=O)C1=C(C(=O)c2ccc(F)cc2Cl)C(N(C)C=O)=C(C2=CCCN2C)[SH](C)C1=O,-6.8,-6.8,0.3026,4.3657,seed42
COC(C)(C1=C(N(C)C2=C(C)N=C(CS)NN2)OC(=O)C2CCN=C12)C(C)O,-6.8,-6.8,0.375,5.4428,seed42
CCC1=C(C)C=C(OC)C(S)(CC2(C3=CN=CC=C3)C=CC=CN2C)O1,-6.8,-6.8,0.7712,4.7811,seed42
CCN(C1=C(N)C(=N)C(C)(O)N(C(N)O)C1=O)C1(C)C=C(C)C(N)=C1O,-6.8,-6.8,0.2999,5.306,seed42
CNC(C1=C(C)C=C(NC=O)C(O)=C1N)(C(N)O)C1(O)C=C(N)C=C1N,-6.8,-6.8,0.1178,5.049,seed42
CCCC(N)(S)C(C(C)=O)C1=C(N2C=CCC(C(=O)N(C=O)CN)=C2C)C(N)=CCC1=S(=O)=O,-6.8,-6.8,0.1497,5.4543,seed42
CNC(N)(N)C1=C(N(C=O)C(C)(CS)C2=CC=CC2)C=CC(=C(N)C2=C(Cl)NC(=O)CO2)S1,-6.8,-6.8,0.1227,5.3343,seed42
CCC1=NC(O)=CC(C(F)(COCO)C2=C(C(=O)C(C)O)N(CO)C(=O)CC2C)=N1,-6.8,-6.8,0.3956,4.815,seed42
CNC1(C2=CC=CC=C2)SC=C(N2C=CC(O)C=C2)C(N)=C1C1(N)OC1O,-6.8,-6.8,0.4765,5.1175,seed42
CC1=C(C2=C(N)C(=O)C(N)(F)N=C2F)N(C)C(C(=O)C(S)S)=C(C=O)N1,-6.8,-6.8,0.1879,4.985,seed42
CCc1nc(C2=C(C(N)(C3=C(S)CN(CC)C3)C(C)O)OC(F)=C(C(N)=O)C2)c(C(C)=O)c(NC)c1SC,-6.8,-6.8,0.1643,5.0281,seed42
CCC(CC)C1=C(NC)OC(C)(OC2(C(C)(C)N)C=CC=CN2)N(C)C1,-6.8,-6.7,0.645,5.0606,seed42
CNC(C)(N)SC1(C(=O)C2=CCCN2C=O)C=C(S)C(C(N)(S)NC)=C(N)S1,-6.6,-6.9,0.1517,5.8215,seed42
CCOC1=NC(C=O)=CC(OC)(C(O)(C(C)(C)C)C2(NC)C=CC=C2)C1,-7.1,-6.4,0.708,5.063,seed42
CC1=C(C)C(Cl)(N=O)CC(Cl)=C1C(=O)C(C)N(C1CCC1O)C(C)(C)C,-6.8,-6.7,0.4169,5.0544,seed42
CCC(=O)C1(CCO)C(O)=CC(C)=C(F)C1(O)NC(=O)N=C1CC(Cl)=C(C(C)(C)NC)N1CN,-6.8,-6.7,0.2748,5.2591,seed42
CCC(=O)CC1=C(C=O)C(C(=O)C2=C(O)CCC2=O)C(C(O)CC)=NC1(c1nc(O)c(O)cc1CC)N(CC)CO,-6.71,-6.71,0.1317,5.2777,seed42
CNCOc1c(N(C)C)cc(Cl)c(C2(C3=C(C)C=CC(=O)C3)N=NC(N)C=C2C2=C(C)CC=C2)c1C=O,-6.7,-6.7,0.3765,5.1553,seed42
CCC1=C(C2(OC)C=C(C)N(C)C=C2C2C=CC=CO2)C(S)=CC(C)=C1,-6.7,-6.7,0.7639,4.7431,seed42
CC1=CC(N)(C2=C(C(=O)N3CC=CC3)C(N)(S)NC(N)C2(N)N)C=C(N)C1N,-6.7,-6.7,0.1261,5.6258,seed42
NC(=O)C1=NC(N)(Cl)N(S)C(c2nc(O)c(O)c(N)c2NC2=CCCC2)=C1N,-6.7,-6.7,0.186,4.8057,seed42
COC(C)N(C)C1=C(C)C(=O)C(=NC2=C(C3(F)CC(N(C)C)=C(C(N)(O)O)C3)N(C=O)SN2C(O)=S)S1,-6.7,-6.7,0.1413,5.7641,seed42
CNCN1C(C)=C(N2C=CNC2)C(C2=CC(CN)=CC(C)=C2C)=CC1C,-6.7,-6.7,0.7596,4.3358,seed42
CNCC1(N)SC(C)=CC(C(C)=O)=C1C(C)C1=C(C(O)(NC)C(C)C)NC(=S)C2NC(N)=NC12,-6.7,-6.7,0.1821,5.869,seed42
CC1=C(Cl)N=C(Cl)SC1(N)SN(C)C(O)(S)C1=C(OC(=O)O)C(=O)CC(O)=C1N1CC=CC1(C)N,-6.7,-6.7,0.0674,5.8213,seed42
CCCC1(CCl)N=CC(N)=C1C1=C(C(=O)F)C(S)=C(NC(C)C)C=C1O,-6.7,-6.7,0.315,4.4352,seed42
CC1=CC=CC(CS)=C1C1=C[SH](C2(F)CC(N)=CN2)C(N)=C(ON)N1C,-6.6,-6.7,0.2641,5.2906,seed42
CCNC1OC(=O)CC(N2C=C(N)CC=C2N)=C1C(C(N)=O)(C(=O)NC(C)N)C1=C(C=O)C(F)=NCC1C,-6.6,-6.7,0.0904,5.8288,seed42
CNC1=C(c2c(C(C)C(C)=O)nc(S)c(C3=NNC(C)=NN3C(C)NC)c2OC(=O)CCCO)C(=O)CC1,-6.7,-6.6,0.2038,4.9511,seed42
CCc1cc(CF)cc(C)c1C1=C(CN2CCC=C2C)NC(C)=C(C(=O)c2c(C)c(C3=C(CCN)CN(C)C=C3C)c(SCO)c(N(C)N(C)C)c2C)S1,-6.63,-6.63,0.0755,4.7648,seed42
COC1(N(C)C2=C(N)C(N)=C(C(C)N)C(F)=C2SC=O)C=CCC(C)=C1,-6.6,-6.6,0.2289,5.0379,seed42
CNC(=O)C(=O)C(N)(O)C1(C=O)N=C(S)C=C(C)N1C(N)(CN)C(C)N,-6.6,-6.6,0.0994,5.5491,seed42
CCC(C)NC1(N2C(=O)NC(Cl)(C(C)=O)C(C)(N)C2(Cl)NC)C=NC=N1,-6.6,-6.6,0.3783,5.688,seed42
CC1=C(N)C(C2=C(F)C(CO)C(N)=CC2(C)C(C)(S)N2C=CCC2)=CC(O)C1,-6.6,-6.6,0.4616,5.6011,seed42
CNC12N=C(C(C)Cl)C(C#N)=C(OC(=O)CC=O)C1=C(N(C)C=O)CN2C,-6.6,-6.6,0.2829,5.1331,seed42
CNC1=CC(C)=CC(C)N1C1=C(N)C(S)(Cl)NC(O)=C1C1(Cl)CCC=C1C,-6.6,-6.6,0.2044,5.4993,seed42
CCC(=O)C1=C(C2(O)C(O)=C(CN)CN2C)C(C(O)C(C)C)=CC=C1N,-6.6,-6.6,0.3811,4.2289,seed42
Cc1cc(S)c(-c2c(O)cc(C(=O)O)c(C3=CCCN3)c2N(C)C)cc1N,-6.6,-6.6,0.409,3.4959,seed42
CCOC1(F)C(=N)CNC(NC(=O)C=O)=C1C(F)(C1=C(N)CSC1)C(F)C(C)(N)N(C)C,-6.7,-6.5,0.1779,5.7357,seed42
CCN(C(=O)Cl)C12NC(=O)C(C)=C(NC(C)=O)C1(C(=O)CCO)OC(=O)O2,-6.6,-6.6,0.3108,4.7551,seed42
COC1(C2=NN(C)N(C)C(CCO)=C2C(C)=O)NC(CN)=C(NSC)O1,-6.6,-6.6,0.3971,5.004,seed42
CCN(O)C(N)(NC1=CCC=C1)C1(C)C(O)=C(N(C)C(N)C=O)N=CC1C,-6.6,-6.6,0.2351,5.766,seed42
CNC1(C2=C(C(C)S)SC=C(N)S2=O)C=C(C2C=CC=C2)CC(S)=C1N,-6.6,-6.6,0.3535,5.9226,seed42
CCC1C=CN=C1C1=NC=NC=C1C1=C(N)C(N)=CN(CN)C1(Br)CF,-6.6,-6.6,0.4898,5.139,seed42
COC1(c2nc(C(=O)C#N)c(N3CC=CC3)c(N)c2O)OC=C(N)C=C1N,-6.6,-6.6,0.3187,4.7881,seed42
CC1=CC=C(C=O)C(N)(C2=C(C(=O)NC=O)C(S)=C(C=O)N=N2)C1C=O,-6.6,-6.6,0.4463,5.0645,seed42
CCN(C)C1=CC(C=O)C(=O)C(C(F)(OC(C)=O)N2CCC=C2C(C)O)=C1OC(C=O)CF,-6.5,-6.6,0.2058,5.5301,seed42
COC1=C(C2=CC=CNC2)C(C(C)N(C)CN)(N2C=CC(C)C=C2CN)C(=O)C(F)=C1,-6.6,-6.5,0.5297,5.4875,seed42
CCCN(c1c(C(N)Cl)c(CN)nc(C)c1N1CC(C)=C(OC=N)C1)C(C)O,-6.6,-6.5,0.1617,4.8633,seed42
Cc1cc(OC2=C(c3cccc(C(N)O)c3)CC=C(C3=C(C4=CC(=O)CC4)OCC(=O)O3)O2)cc(C)c1C,-10.6,-10.6,0.4205,4.2473,seed123
CC1=CC(C2=C(F)CC(O)=CC2NC2=CC=CC=C2)=CC2=CCC=CC12,-9.6,-9.6,0.6647,4.5084,seed123
NC(=O)C(=O)C1(N)N=C(N)C(c2cc(C3(N)C=CCC3)c(N)cc2N)=CN1,-9.6,-9.6,0.184,4.9324,seed123
CC1=CC=CC(C2=CC=CC(N(C=O)C3=C(C=O)C(O)=CC(C)=C3)=C2)=C1,-9.5,-9.5,0.6769,2.6213,seed123
CC1=CC(NC(O)(C(=O)C2=C(O)NC(=O)C(C)C2)c2cc(C)c(C)c(C3=CNCC3)n2)([SH]=O)CN=C1C(O)C=O,-9.5,-9.5,0.1193,5.9211,seed123
CCC1(C2=C(C3=C(C)C(C(OC)(C4=CC(C)=CC=C4)N(C)C)=CC=C3)CN(C)C(=O)C2)C=CN=C1,-9.3,-9.6,0.5134,4.5304,seed123
CCC1=CC(c2ccc(F)c(O)c2)=NC(c2ccc(C3C=CCC3)cc2)N1C,-9.4,-9.4,0.6957,3.9669,seed123
CN(c1ccc(C2=CNC(SN)=C(C3=CNC=CC3)O2)c(CC2=CCCC2N)n1)c1cccc(O)c1C=O,-9.1,-9.5,0.193,4.8946,seed123
CC1=C(N)N=CC(Oc2c(F)c(F)c(C)c(F)c2C(C)(C)C)(C2C=CCC2)C1,-9.3,-9.3,0.5486,4.59,seed123
CC[SH]1C(C2C=CC=C2)=CC(C)C(C2=CC(O)=C(F)C(C)=C2O)=C1NC,-9.2,-9.3,0.4545,5.0814,seed123
CC(=O)C(=O)C=CC1=CC(C2(S)C=C(N)CC2)=NC(c2ccccc2)C1(C)C,-9.2,-9.2,0.4475,4.6552,seed123
NC1=CC=CCC1(N)c1cccc(C2=C(C(O)C3=CCC=C3)NC=CN2)c1,-9.2,-9.2,0.5674,4.8068,seed123
CC1=CC=C(C2(C)C(C3CC(C)NC(F)=C3C)=CNC(C)(O)N2C)C=C1,-9.2,-9.2,0.7076,4.7154,seed123
CC1=CNC=CC1(C=O)C1=C(C)C(F)=C(C(=O)C2CC=CCN2)C=C1Cl,-9.2,-9.2,0.4819,4.7334,seed123
CCC1=C(C=C2N=NC=C(CN3C=CC=CC3)O2)OC(OC(=O)N(C)C(C)=O)=C([SH]=O)C1,-9.1,-9.2,0.6054,4.9826,seed123
CC1=NC(C2=C(C3=CC=C(N(C)C)C(=N)C3)C(=O)C(C(F)(F)CN)=CC2)=C(C)N=C1,-9.1,-9.1,0.7732,4.0542,seed123
CC(=O)C1=C(C)C=C(N)C(C2=C(N(C)C=O)C(=O)CC(C(Br)N3C=CC(C)=CC3)=C2)=N1,-9.1,-9.1,0.2874,4.6405,seed123
CNC(=O)CC(N)(CN)N(C(=O)C1=C(N2CCC(Br)=C2CC(N)CO)N(C)CC1=O)C(CS)(NCO)NC(C)C,-9.0,-9.0,0.0508,5.525,seed123
CC1=CC(C2=NC=CC(C)=C2O)=CC(C2(C)C(N)=C(C)C(C)=CN2C)=C1,-9.0,-9.0,0.8451,3.7645,seed123
CNc1cc(-c2cc(F)c(C=O)c(OC3(O)N=CCN3C)c2)c(C)cc1C,-9.0,-9.0,0.6244,3.9162,seed123
CCOC1(C(=S)C2=C(C)C=CC(C3=CC=CC=C3)=C2)C=CC(=O)C(C)=C1,-9.2,-8.7,0.5373,3.354,seed123
CC1=CC(O)=CN(c2c(C)c(C)nc(C)c2C(=O)OC=C2CCC=C2S)C1,-8.9,-8.9,0.4443,4.1672,seed123
CCC(O)(C1=CN(C)C(N)C(C=O)=C1)C1(O)N=C(Cl)C(C)(C)C(C2=CCCC2)=N1,-8.9,-8.9,0.5904,5.3128,seed123
Nc1ccc(C=O)c(C2(N)NC(N(C=O)C3(O)CC=CO3)=C(O)OC2=O)c1,-8.9,-8.9,0.1864,5.0278,seed123
C=Cc1cccc(-c2nc(N3C=CC=C4CCC(CC)=C43)c(C)cc2S)c1,-8.8,-8.9,0.6006,3.5494,seed123
CC1=CC=C(C2=C(C)C(C)=C(N)C=C2C2=CC(C#N)SC(F)=C2)C=C1C,-8.8,-8.8,0.6646,3.8374,seed123
CC1=CC(O)(C=C2C=C(C)C(N(C)C3=CC=C(N(C)C)S3)C3OCC(C)N23)C=C1C,-8.8,-8.8,0.7817,5.2085,seed123
CC(=O)C1=C(C2(Cl)C=C(N)CC(C)=C2F)C(N)(N)CC(C2=CCNN2)=C1C,-8.8,-8.8,0.3673,5.0263,seed123
CNc1cc(-c2c(N)c(OC(C)=O)c(N)c(C3=CNC(=O)C3)c2O)cc(C2(N)C=CCC2)c1,-8.7,-8.7,0.1753,4.3142,seed123
CC1=C(C2=NN=CCC2)C(C)=C(C2=C(N)C(O)=NC=C2C2NC2=O)C=C1,-8.7,-8.7,0.7361,4.0384,seed123
CC1=C(C=O)C(=O)C(OC2(C#CC(=O)C(N)=O)C=NCC(C3C=CCN3)=C2N)=NC1N,-8.7,-8.7,0.0942,5.7491,seed123
CC1=COC(Br)=NC1(N)C1=C(C=O)C(CN)=CC=C1C(=O)N1C=CCC=C1,-8.7,-8.7,0.7125,4.6715,seed123
CC1=CCC(O)(C2=C(S)NC(CN(C(N)=O)C(N)(O)F)=C(C(N)=O)C2=C=O)C1,-8.7,-8.7,0.095,5.13,seed123
Cc1ccncc1-c1c(C)c(C2=CC=CC2)c(C(N)=O)c(C(C)(C)N)c1F,-8.7,-8.7,0.8541,3.3774,seed123
CC1C(F)=C(C(=O)C(=O)C(=O)C2(O)NNC([SH]=O)=C2F)C(CN)=NN1C(=O)F,-8.7,-8.7,0.1056,5.6012,seed123
C=CN1N(C2=NC=C(NCC)N=C2)C1(Cl)NN1C=CCC(C(C=O)=C2N=CN=C(C)N2C)=C1,-8.7,-8.6,0.1954,5.6476,seed123
CC1=CC(=O)C(C)C(C2=NC(O)(F)N(C3=C(C)C(=O)OC3C)C=C2)=C1C,-8.6,-8.7,0.6047,5.0392,seed123
CN=NC1=C(NC2(N3C=CC(C)C(N)=C3S)COC(Cl)=C(OC3=CCC=C3)C2=O)C(=O)NNC1Cl,-8.6,-8.6,0.1494,5.9862,seed123
C=CC(C(=O)c1ccc(Cl)cc1)(C1=CC(=C=O)C(C)=C(O)C1S)C1CC=CC1,-8.6,-8.6,0.2908,4.7469,seed123
CC1=CC(NC2=COC(C=O)=C(C3(C=O)SC(O)=C(N)C(F)=C3N)O2)=CC1,-8.6,-8.6,0.513,5.2621,seed123
CCC1=C(C2=C(CO)C(N)=NC=C2)C(C)=C(C2C=CCC=C2)C(Cl)=C1S,-8.6,-8.6,0.4973,3.7272,seed123
CC1=NC(=O)C(Cl)=C(NC(=O)C2=C(C3=CC(C4=NC=CC4)CC(=O)N3)C=CCN2C=O)C1N,-8.6,-8.6,0.5038,5.151,seed123
CNC1=NC(N(C)C(F)(C=O)C2=C(C)C=C3C=C(O)CC=C3C2=O)=CC=N1,-8.6,-8.6,0.6069,4.5111,seed123
CNC(=O)c1c(F)c([SH]2CCC=C2C=O)cc(F)c1N1C=CC(C(C)C(=O)O)=C(C(=O)Cl)C1,-8.6,-8.6,0.3027,5.2394,seed123
C=C1CC(N)=C(CC2=NC(=C(C)Cl)OC(C3=CCC=C3)=C2CN)C=C1N,-8.6,-8.6,0.7057,4.7014,seed123
C=CC1=C(C2=CC=C(OC3=CCC=C3)C=C2)C(C(=O)C(=O)NC)=CC=C1,-8.7,-8.4,0.632,2.96,seed123
CNC1=C(C2=C(C)C(S)=CC=C2)C(C2=CCC=C2)=NC(C2=CC=CN2)=C1,-8.5,-8.5,0.521,3.4494,seed123
CC1=CC=CC(C2=CC(Cl)=C(O)C(C3(C4=NCCO4)C=CC=CO3)=C2)=C1,-8.5,-8.5,0.8516,3.8412,seed123
CCC(C)(C(=O)F)c1c(N)c(N2CCC(N)=N2)c(C)c(N)c1C(=O)OC1=CNNC(=O)C1C,-8.5,-8.5,0.2353,4.9608,seed123
C=CNC1=C(N)C(C2=CC=CC=N2)=C(C(=O)OC2=CC=CC=C2)C=C1C,-8.5,-8.5,0.4067,2.6316,seed123
C=C1CSC(C)=C(C2=C(CCN)C(F)=C(C3=CCC=C3)C(OC)=C2F)C1,-8.5,-8.5,0.7148,3.9979,seed123
CNC1=C(O)N(C2(Nc3ncccn3)C=NC(O)=C(F)O2)C(NC2(O)C=C(N)CC2)=C(O)C1(N)N,-8.5,-8.5,0.21,5.4534,seed123
CNC1=CC(O)(OC2=C(C3(CCl)CC=CC3)C(=O)C(=O)C(C)=C2O)CC(C)=C1,-8.2,-8.8,0.2138,4.7077,seed123
COC1=C(O)C=CC=C1C1=CC(C=O)=C(C2=C(O)C(C)=CC=C2)C(C)=N1,-8.5,-8.5,0.6879,2.7053,seed123
CC1=CN(C=O)C(Cl)(C(=CC2=C(C)C=CC=C2)C2(C)NC=C(C)N2)NC1,-8.5,-8.5,0.4318,4.9101,seed123
CNCC1=C(C)C(C2=COC=CC2)=C(O)C(NC2=C(C)C(C)=CC=C2)=C1,-8.4,-8.4,0.6602,3.1794,seed123
CC(=O)C(C(=O)C1=CNCC1)=C1N=C(C2=C(F)CC(C=O)=CN2)C(C)=C(F)N1,-8.4,-8.4,0.2181,4.5566,seed123
CCc1nc(C2=NCCN2C)cc(C2(C)C(C)=C(C(N)O)C=C(N)N2C)c1C,-8.4,-8.4,0.6741,4.6264,seed123
CC1=C(C2(O)C=C(N(C)C3=C(N)C(O)=CC(N)N3)C=CN2)C=CC=C1N,-8.4,-8.4,0.3779,4.8788,seed123
CNC(F)(OC(C)=N)C1=C(N2C=CC=CC2)C(C)=CC(C)(S(=O)C2=CCCC2)C1,-8.4,-8.4,0.2897,5.4371,seed123
CC(=O)c1c(C)c(O)cc(N(C)c2ccc(C)cc2)c1N(C)C1CCC=C1C,-8.4,-8.4,0.5491,3.5844,seed123
CCC(NO)NC(=O)C1=C(C2=CC(=O)C=C2)C(NCCl)=C(F)C(O)=C1N,-8.4,-8.4,0.105,4.345,seed123
CNC1=C(c2cccc(C)c2)N=C(C)C2(C(N)=O)C(C)=CCC12N(C)C=O,-8.4,-8.4,0.6171,4.5134,seed123
CC1=C(C2=C(O)N(CC(C)(C)C3=NNC=CC3)C(=O)OC2)CC=CC1N,-8.4,-8.4,0.671,4.8443,seed123
CCC1=CN=CC(c2cc(C=O)cc(C3=CCCO3)c2C)(N(C=O)CC=O)C1,-8.3,-8.4,0.6492,4.6296,seed123
CC(=O)C1(O)C(=O)C(C)=C(N)C(F)=C1c1cc(N)cc(C)c1C1(C)CC=NC1,-8.3,-8.3,0.5439,4.7073,seed123
CC1=C(N(C=O)C2=CC(N)C(N)=CC2=C=O)C(C2=CC=CNC2)=CC=C1,-8.3,-8.3,0.562,4.6882,seed123
CCN1CC(=O)OC(Cl)=C1C12C(C)=C(C)CC1C=CC(C1(N)CC(N)(O)C(O)=C(C)N1C)=C2C,-8.3,-8.3,0.2701,5.5564,seed123
CCN(C=O)C1(c2cnc(C3=CCC=C3N)c(COC)c2)C=CCC(C)=C1,-8.3,-8.3,0.5936,4.551,seed123
CC1=C(N)C(NC2(O)C=COC2)=C(C)C(C2(O)C=CC=C(C=O)O2)=C1N,-8.3,-8.3,0.3037,5.1393,seed123
CCC(=O)C1=C(O)C(F)(OC)C(C2=C(C)C(C)=C(C)C=C2)=CN1C(C)=O,-8.3,-8.3,0.8838,3.8947,seed123
CC1(O)C=CC(C2(C)C(=O)N=C3C(=O)C(C)(C)C=C(C=N)C3=C2O)=CO1,-8.3,-8.3,0.6549,5.2791,seed123
CCN1CC(N)=CC(N2CC(=O)C(C)=C(N(C)C3=C(O)C(F)=C(C)C=C3)N2C)=C1O,-8.3,-8.2,0.6859,4.0415,seed123
CNC1=C(C)C(NC)=C(C(O)(O)C2=CCC=C(C)C2=O)C(C)=C1C(C)=O,-8.2,-8.3,0.477,3.7831,seed123
CNC1=C(C=O)C(C2(CN)CC=CC=C2C=O)C=C(C2=CCC(N)=N2)C1C,-8.2,-8.2,0.6175,5.4415,seed123
CNC1=CCCC=C1C(=O)C1=C(C)C(N)=C(C)C(N2C=CCC=N2)=C1CF,-8.2,-8.2,0.607,4.2234,seed123
CCc1c(N)cc(N(C)C)c(C#N)c1N1C=CCC(C(C#N)C(O)C(C)C2(C)C=CCC2)=C1,-8.2,-8.2,0.4587,5.2646,seed123
CNc1ccc(N)cc1N1C(OC=O)=CC=CC1c1ccc(C2=CC(=O)CC2)nc1,-8.2,-8.2,0.5629,3.9961,seed123
CC1=CC(N)(C2(C3=NC=CC=C3)N=C(N)C(N)=C(F)C2=O)C(C#N)C=C1,-8.2,-8.2,0.7147,4.8542,seed123
CC(=O)OC1NC(C=O)=C(O)C(CN)=C1C1=C2CC=CC(N)=C2SC=C1,-8.2,-8.2,0.4299,4.8737,seed123
CCC(C1=CC(C2=CN(CC)C3=CCOC3=C2C)=C(Cl)C(Cl)=C1)N(C)C(C)(C)CC,-8.1,-8.2,0.4305,4.1885,seed123
CNC1=C(C2=NC(NC3=CCC(=O)C=C3)=CC=C2C(C)=CN)N=CC=C1,-8.1,-8.1,0.7681,3.4715,seed123
CC1=CC(N)=C(C2N=C(N(C)C=O)C(C)=C(C3CC3)C2(O)O)C(C)C1C,-8.1,-8.1,0.5275,5.088,seed123
COCNC(N)(F)c1nc(C(=O)F)ccc1C1(Nc2ccccc2)C=CCC1,-8.1,-8.1,0.2787,4.3519,seed123
CC(=O)N1C=C(C(N)(O)CC=O)SC(C(N)(N)c2ccc3c(c2)C=CC3)=C1,-8.0,-8.2,0.4348,4.5912,seed123
CNCC1(C2(Cl)NC2=O)CC(C2=CC(C)=C(N)C(C)=C2O)=CC(=O)N1C,-8.1,-8.1,0.2681,4.5068,seed123
Cc1ccc(C)c(-c2nc(N)c(N)c(CC3=CCC(N)=C(N)O3)c2C(N)(F)C(=O)C2(O)C=CCC2)c1,-8.0,-8.2,0.2581,4.828,seed123
CNC1=CC(NC2(C3(C)CC(Cl)=C(C)N=C3N)C=C(C)C=N2)=C(S)C=C1,-8.1,-8.1,0.5766,4.7508,seed123
CC1=CNC=C(C2C=C(N(C)C)C(C3(F)CC=CC3)C(F)=C2CN(C)C)N1O,-8.1,-8.1,0.7011,5.2473,seed123
CCC1=C(C)NCC(N(C)CN)(C(N)(CC)C2=C(C(=O)NC3=C(N)CC=C3)C(=O)CC=C2)O1,-8.0,-8.1,0.2679,5.248,seed123
CN(CC1=C(C(=O)C2=CC=C(N)C=N2)C(=O)CC(=O)S1)C1=CC=CC=C1,-8.1,-8.0,0.4928,3.0394,seed123
CN(CC1(O)NC=CC(Cl)=C1C1=CC=CC(S)=N1)C1=NC(N)NC(=O)O1,-8.0,-8.1,0.468,5.1801,seed123
CC1=C(O)C(NO)=C(C2=C(CCl)CCC=C2)OC1C(F)(C=O)C1C=CCC1,-8.1,-8.0,0.2721,5.247,seed123
CC1=C(C)C(C(F)N(C2=CC=CC=C2)C2=CC=CC=C2)=C(C=O)C(O)=C1,-8.0,-8.0,0.4794,3.1201,seed123
CC1=CC=C(N2C(F)=C(C)C(C)=C(C3=CNC=CC3)C2(F)C(=O)CN)C1,-8.0,-8.0,0.7527,4.784,seed123
CC1=CC(=O)C(=O)C(C2=C(C)C(C)(N)CC=C2C=O)=C1C1=CC=C(C)C(N)(O)C1,-8.0,-8.0,0.2905,4.8945,seed123
COC1=C(C2=NCNC2)S(=O)C(C2=C(C)C(=O)C(C)C(C)=C2N)N=C1C(C)N,-8.0,-8.0,0.6236,5.5724,seed123
CC1=C(C#N)CC(N)=C(C(C)C(=O)OC2(N)C(C)=C(O)C(C)=C2N)C1=O,-8.0,-8.0,0.4268,4.7969,seed123
CCC1(NC2=C(Nc3cnc(N)cc3O)C(N)(C=O)C(O)C=N2)C=CCC1,-8.0,-8.0,0.3087,5.3096,seed123
CC(=O)c1cc(-c2[nH]c(C=O)c(C(C)=O)c2C(N)=O)cc(N)c1C1=CCCC1,-8.0,-8.0,0.4022,3.2502,seed123
CC(C)CC(=O)C1=C2C(=C(CI)NC(N)=C2C2(C(=O)O)C(=O)C(N)=NC(Cl)=C2Cl)OC1,-7.9,-8.0,0.1607,4.7314,seed123
NCc1ccc(N)c(Cl)c1C(F)(C=O)C1(CN)C=CC=C(C2=NCC=C2)O1,-8.5,-7.4,0.5065,4.9595,seed123
CC1=C(N(C)C#N)C(O)=C(N(CN)C(=O)C2=C(C)CC=C(F)C2=O)N=C1,-7.9,-7.9,0.3604,4.052,seed123
CC(=O)C1=C(OC2=CCC=C2)N=CC(C2(C(C)(N)CS)C=CC=CN2)=C1,-7.9,-7.9,0.5307,4.8231,seed123
CC1=CNC(N)(C2(N)OC(SCF)=NC(=C3N=CCN3)C2(C)C=O)NC1=O,-7.9,-7.9,0.3786,5.8838,seed123
CC1=CCCCC1COC1=C(C)C(C=O)(OC2=CC=C(Br)C2)C(N)=CN1,-7.9,-7.9,0.5028,5.1093,seed123
CCNC(F)(Br)c1c(OC2(N)CNC=C2N)nc(O)c(N2CC(O)=C(N)C(O)=N2)c1N,-7.9,-7.9,0.1333,5.4573,seed123
CNCC(C)(Cl)C1=C(C(N)C(Cl)C2=CCCC=C2N)C=CC(=C(Cl)Br)N1,-7.9,-7.9,0.4331,5.3996,seed123
CC1=C(N)C(C)=C(C2=CCC=C2)C(N)=C1CC1(C)N=C(O)C(I)=CC1=O,-7.9,-7.9,0.4665,4.4851,seed123
C#Cc1cc(C2=C(N)CCO2)c(F)c(C(C)(O)c2ccc(C)c(C)c2)c1NC,-8.1,-7.7,0.7066,3.8835,seed123
CC1=CN(C)C(C)=C(C2(N)C(C)=CC(NSN)(C3=CCC=C3)C=C2N)N1,-7.9,-7.9,0.3788,5.5359,seed123
COC1=C(N=O)OC=C(C(CSC2=COCC2)=C2C=C(C)C(C=O)C(=C=O)N2C(=O)C2=CCC=CO2)C1,-7.9,-7.9,0.2605,5.5902,seed123
CNC1(N(C(=O)c2ccc[nH]2)c2cc(C=O)c(C=O)c(C(F)F)n2)C=CCC1,-7.9,-7.9,0.4321,4.4552,seed123
Cc1ccc(C2CCS2)c(-c2cc(Nc3[nH][nH]c3C)c(Br)c(CO)c2N)c1,-7.9,-7.8,0.3397,3.9475,seed123
C=NCC1=C(C)C(C2=C(Cl)C(=O)C(Cl)=NC2=O)=C(C(C)(C)C2=C(C)CCC2=O)CC1=O,-7.9,-7.8,0.5735,4.2488,seed123
CC1=C2C(=O)NC(F)(C3(N)C=C(C=O)N(C)C(CF)=C3C)N(C)C2CC1,-7.9,-7.8,0.5781,5.289,seed123
CCCC1C(=CC2=C(C(O)CC(C)N)CC(=O)C=C2)C(C)=C(N2C=C(C(C)C)C=CC2)C(C(C)(O)N(C)C)=C1N,-7.9,-7.8,0.2974,5.5215,seed123
CCNC(=O)N(C(=O)C=O)c1nc(C2(N)CC=C(F)C2)c(C(=O)O)c(S)c1F,-7.9,-7.8,0.3228,4.513,seed123
CC=NC1=C(CC(=O)C2=C(C(=O)C(C)(C)C)N(C=O)C=C(N(C=O)CC)C2O)CN(C)C=N1,-7.8,-7.9,0.4105,5.0083,seed123
CNC(OC)C1=NC(C)(N)C(ON2C=C(Cl)N=C(N)C2)=C(NCC2=CCCC2)C1=O,-7.8,-7.9,0.2433,5.1695,seed123
CNc1c(-c2[nH][nH]c2OC)sc(N(C)C2=CCCC2)c1-c1ccc(C)cc1,-7.6,-8.0,0.5199,3.5276,seed123
CCC1(C2(C)CC=C(OCCN)C2)NC(C)(S)NC(Cl)=C1C1=CNC=C(C)N1,-7.8,-7.8,0.2898,5.5229,seed123
CC1=C(N)C(c2c(O)nc(C=O)c(NC3(C)C=C(N)CC3)c2C=O)=C(C)CC1,-7.8,-7.8,0.5756,4.6977,seed123
CNC1C(C2(Cl)C=C(N)CC(N)=C2)OC(C)=C(NC2=CC=CC=C2)N1O,-7.8,-7.8,0.5104,4.6707,seed123
Cc1cccc(Oc2c(N3CC=C(N)C3)nc(F)c(O)c2C(=O)CO)c1C,-7.8,-7.8,0.5443,3.3839,seed123
CC1=C(C2=C(C)C(C=O)=C(CN)C(N)=C2)C(C2=NCC=C2)=CC(C=O)=C1,-7.8,-7.8,0.6414,3.5842,seed123
C=CCC1=C(CC)CC(F)=NN1C1(C2(F)C=CC(F)=CO2)C=C(N)C(C(N)(O)F)=C(O)O1,-7.8,-7.8,0.2084,5.7981,seed123
CC1=NC(C2=C(C)C=NN=C2N(C=O)C2=CC=CC2)=C(CN)C(F)=C1C,-7.8,-7.8,0.8356,3.8477,seed123
CC(=O)C(=O)C1(c2cnc(C3=CC=CC3)c(N)c2)C(O)=NC(N)=C(N)S1=O,-7.8,-7.8,0.5268,4.934,seed123
CNC1=CN(c2c(CN)nc(C)c(C(C)=O)c2C2=C(C)OC(=O)C(F)O2)C=C(C2=CC=CC2)C1,-7.8,-7.8,0.4834,4.7855,seed123
CNC(O)C1=C(C)CC(F)=C(C(C)O)N1C1(O)C=CC=C(N(C)C2(C)CC(C)=C(N)C2)C1,-7.8,-7.8,0.3973,5.6891,seed123
C=CC1=CCC(C(NC)N(C)C2=C(C=O)CC(=O)C(C(=O)C=O)=C2C)=C1,-7.8,-7.8,0.3071,4.8744,seed123
CNC1(C)C(N)=C(C2=CCC=C2)C(C)=C(N)N1C1=CC(C(C)N)=CN=N1,-7.8,-7.8,0.648,4.7436,seed123
CC1=CC(C2(C(C)S)NC=CC2=O)=C(C2=C(C)OC(NC(C)C)=C(C)O2)C(=O)C1C,-7.8,-7.8,0.5782,5.3604,seed123
CCNC(C1=CC=C(c2ncncn2)C(C)N1C(=O)NN)N(C)C1=CCCC1,-7.8,-7.8,0.2937,4.7129,seed123
C=CN1C(c2c(C(C)=O)cc(C)c(C)c2F)=C(OC)C=C(C2=CCCC2)C1N,-7.8,-7.8,0.7475,4.1603,seed123
COCC(C)(C)NC1=CC(N)C(N)(C(N)=O)C(C2(F)C=CCC=C2)=C1C,-7.8,-7.8,0.5237,5.007,seed123
CCC1=C(N2C=C3C=CC=C3C(=O)C2CC)C=NC(OC(=O)C=O)=C1C,-7.8,-7.8,0.4605,4.196,seed123
O=CC1=CC2=C(c3ccccc3)C(O)(N3CCC=N3)C(Cl)(C=O)OC2=C(O)N1,-7.8,-7.8,0.5161,4.9186,seed123
CC1=CC(C2=CCC=C2)=CNC1(CN)C1=CC(N)(C(N)(N)F)C=CC1=O,-7.8,-7.8,0.3631,5.2048,seed123
CCc1c(S)c(O)c(Cl)c(N(CC)C2=CCNC2)c1Cc1cccc(N)c1,-7.8,-7.8,0.4266,3.6028,seed123
CNC(=O)C1=C(C(C)=O)C(C)=C(C2=C(C=O)C(OC)=C(C(N)=O)C=C2)N1,-7.8,-7.7,0.532,2.9741,seed123
CC1=NC(C)=C(C)C(N(C)CN(C)C)=C1C1=C(CN)C=C(C(N)=O)C=C1,-7.7,-7.7,0.7756,3.0073,seed123
CCNC1=C(C=O)C(F)=CC2(Cl)C(C)(N)C(C3(N)C=C(N)NC3)=CCC12C,-7.7,-7.7,0.2756,5.5765,seed123
CNCC1=C(C)C2=CC(C)=C3SCC(F)=C3C2(CO)C=C1C(=O)CC(N)O,-7.7,-7.7,0.5156,5.1172,seed123
Cc1cc(C2(C=O)C(ON(C)CO)=C(F)C=NN2C2=CCCC2)ccc1N,-7.7,-7.7,0.3437,4.5905,seed123
CCC12SC1C(N)(NC1=C(C)C(C)=C(C)C(N=O)=C1)C(=O)C(OC)=C2C,-7.7,-7.7,0.4612,4.921,seed123
CC(=O)C1=C(NC=O)OC(CN)(CC2=C(N(C(C)=O)C(=O)C(N)=O)CN=C(C(C)C=O)C2=O)C1,-7.5,-7.9,0.2486,5.1043,seed123
CC1(C(O)C2=C(F)N=C(C3=CNC=CN3)C(F)(C=O)S2)CC=CC=C1S,-7.7,-7.7,0.3336,5.8247,seed123
CSC1=C(C2=NC(C(N)O)=C(O)C=C2C)C(N)=C(C2=CC=CC=C2)N=N1,-7.7,-7.7,0.4073,3.549,seed123
NC1=CC=C(N2CC=CC(C(=O)C=O)=C2C(=O)C2=C(N)NC=C2)C(F)=C1,-7.7,-7.7,0.3244,3.5056,seed123
CC1=CN(C=O)C(C2(C=O)N(C)C(NC(=O)CN)C=CN2C2C=CCC2)=C2CC=CC=C12,-7.7,-7.7,0.4818,5.5147,seed123
CNc1c(N)cncc1OC(C)(C1=CC(C)(NC)C(C2=CCCC2F)=CO1)N(CN)[SH]=O,-7.7,-7.7,0.275,5.7322,seed123
CNC1=C(N(C2=CCC=CN2)C2=C(O)C(C3=C(N)C(S)=CC(O)=C3)=C(CF)C(C=O)=C2C)OC=CN1,-8.3,-7.0,0.1283,4.6879,seed123
CNC1=C(C(F)(S)NC)C(O)=C(S)C(C2=CC=C(C)CC2=CC2=C(Cl)OC(N)=C(NCN)N2)=C1Cl,-7.6,-7.7,0.1394,5.2302,seed123
CCC1=NC(C(C=O)=NC2=C(F)C(C=O)=C(N)C(O)=C2C=O)=C(C)C=C1,-7.7,-7.6,0.3539,3.689,seed123
CCc1c(N)cccc1C1(C)C=C(Cl)C(NC)(N(C)C2(O)CC=CC2)C(Cl)=C1,-7.6,-7.6,0.3776,4.2187,seed123
CNC1=C(C)C2=C(C)C(C)=C(C3=CC(N)NCS3)C(C)(CN)C2(F)CC1,-7.6,-7.6,0.6073,5.3648,seed123
CC1=C(C2(C)C=CCC2)OC(CN)(N2C=CC=CC2)C(c2ccccc2)=C1CN,-7.6,-7.6,0.7444,4.6318,seed123
CC=C(O)C1=C(F)C(C2=C(CN(C)CC)CC(Cl)=C2)=C(CC)C(O)=C1C,-7.6,-7.6,0.6364,3.7427,seed123
CC(=N)C1(OC2C=NC=CN2)C(N)=C(N)C(C2=CC=CC(N)=C2)=CC1C,-7.6,-7.6,0.415,5.0801,seed123
CNC1=C(C(=O)C(C)=O)C(C(N)=O)=CC(C2(O)C=CC(CO)=CN2)=C1S,-7.6,-7.6,0.234,4.4273,seed123
CNC1=C(C2=CNC(C)=C(C3=CC(=O)C(S)=NC3(O)C=O)S2)C(C)=CN1,-7.6,-7.6,0.3975,4.8868,seed123
CNC1=C(CC2=C(C)C(=C3C=CC=CN3)NC=C2N)C(O)=C(C)N=C1N,-7.6,-7.6,0.491,3.9422,seed123
CC#CC1(C2=C(C3(F)CC3)C=C(CC)N(C)N2)C=C(NC)C(F)=C(C)S1,-7.6,-7.6,0.7146,5.0608,seed123
CCC(=N)c1c(N)[nH]c(C(NO)c2cc(CC(C)=O)ncc2C)c1C1(C2=C(OC)SC(=O)C2)N=C(C)N=C1C,-7.8,-7.4,0.2179,5.1666,seed123
C=CC1=NC(Cl)=C(C2=CC(NC)C(CN(C)CN)=C3CCC(O)=C23)C(O)C1=O,-7.6,-7.6,0.3918,5.1772,seed123
CC(=O)C(C)(ON)C1(N)C=CCC(N)=C1C(=O)C(C1=CCCC1)C1=NCC=CO1,-7.5,-7.6,0.4319,5.4973,seed123
CCC1=C(OC(C)=O)NC(OC2C=CC(C)C2)=C(C2=C(S)NC=CC2)C1C,-7.6,-7.5,0.3734,5.2109,seed123
C=CC1=C(C2(O)C=CCC2)N(C(O)(F)CO)C2=C(CN)CC=CC2=C1C(=O)O,-7.5,-7.5,0.338,5.0367,seed123
CCC1=C(C2=CC(S)=C(N)N2)C(C(=O)NC2=NCC=N2)=C(O)C(N)=C1Cl,-7.5,-7.5,0.2703,4.0061,seed123
Cc1cc(C2(C(O)(F)N(C)C3=NCC=C3)OC=C(F)N=C2Cl)cc(O)c1Cl,-7.5,-7.5,0.5821,5.0946,seed123
CC1N=C(NNC2=C(Cl)SC(C3(S)CC=CN3)=C(N)C2=C(N)N)C=CC1=O,-7.5,-7.5,0.257,5.5201,seed123
CNCN(C(N)C1=CNC(C)(C2=CCCS2)NN1)C1(C)CC(O)=CC(O)=C1O,-7.5,-7.5,0.2988,5.7977,seed123
CCC1=CC(C)=CN(C(=O)O)C1(C)N1CN=C(N(C=O)C(=O)C(O)(C(=O)C2=C(O)C(O)=C(C)C=C2)N2C=CNC=C2C=O)O1,-7.5,-7.5,0.1212,5.5745,seed123
CC1=CC=CC(C2=C(N3CC=CC3(O)F)C(O)C(C)(C)C(C)=C2Cl)=C1N,-7.5,-7.5,0.4168,4.3907,seed123
CC(=O)OC(C)(F)C12C(F)=C(O)CNC1(F)OC(N)=C(C(O)(F)C1C=CNC1)N2C,-7.5,-7.5,0.2409,5.8741,seed123
CCC1=C(C)C(F)(C2=C(SC(C)(N)N)N=C(S)C(C(C)C)=C2ON)C=C1,-7.5,-7.5,0.251,4.8147,seed123
CNC1(N(c2cccc(N)c2)c2cc(OC)c(C(N)(O)Cl)c(F)n2)C=CCC1,-7.5,-7.5,0.1453,4.5282,seed123
CC1(O)C(N)=NC(c2cc(N)ncc2CO)N=C1C(N)(CF)C1(Br)C=CCC1,-7.5,-7.5,0.3277,5.386,seed123
CNC(N)(O)C1=C(C(N)=O)C(N)=C(SC#N)C(C(=O)C(=O)F)=C1C(N)=O,-7.5,-7.5,0.0575,4.34,seed123
COC1=C(CN)C=C(C)C(C2=CC=C(C=O)C=C2)=C1C1=C(O)C(=O)C=N1,-7.5,-7.5,0.8074,3.0009,seed123
CCC(O)C1=CC(C2(CF)CC=CN2)=C(N)SC1(O)C(F)C(C)CC=O,-7.5,-7.5,0.4757,5.8492,seed123
CNC1(N=O)N=CC=C(C)N1CC1(NC)C=CC(=O)N(C)C1(O)C1=CCCC1=O,-7.5,-7.5,0.5269,5.5269,seed123
CCOc1cc(N)c(C2=C(C)CCC2=O)c(Cl)c1C(CC)=C1C(NC)=CC(C)=CN1C(C)C,-7.5,-7.5,0.4578,3.8712,seed123
CC1=C(N)C=NN(c2c(CN)c(C3=CCCO3)c(C(N)=C=O)c(C=CO)c2OCO)C1,-7.5,-7.5,0.2412,4.6938,seed123
C#CC1=CC(C=O)=C(C)C(C2=CC(N)C=C(N)N2C)(N2C=CC=CC2)C1F,-7.5,-7.5,0.5848,5.638,seed123
CNC1(C2=C(C(F)(OC=O)C(N)NN)C(C)=C(C)C(N)C2=O)NC=CC(OC)=C1N,-7.5,-7.5,0.0981,5.667,seed123
CCCC1=C(NCC)C(C)=C(C2=CC=CN=C2)C(C2(N)C=CC(=O)N2)=N1,-7.5,-7.5,0.7439,3.8592,seed123
CC1=C(C)C(C2=C(O)C(O)=C(C=O)C(C)=C2N)=C(C#N)C(C(O)S)=C1F,-7.5,-7.5,0.1399,4.0944,seed123
CC1C(=O)C1(O)C1=C(N=O)C(C(=O)S)=C(Cl)C(O)=C1C1=C(N)C=NC=C1,-7.5,-7.5,0.4613,4.3415,seed123
CC1=C(N(C)C2(N)CN2)CC(C2=CC=CC=C2)(C2=C(C)C=CC=C2)C=C1,-7.5,-7.5,0.6567,3.9667,seed123
COC1=C(C(=O)C2C=CNC2)C(O)=C(F)C(c2ccc(NCN)nc2)N1C,-7.5,-7.5,0.5505,4.6277,seed123
CCN(C)C1(CC2=C(C(O)(O)S(C)=O)C(F)=C(C)CC2=O)NC=CC(C)=C1C(C)C1=CCCC1,-7.5,-7.4,0.3534,5.5002,seed123
CNC(O)C1=C(F)NC(O)(C2=C(N)C(C=O)=CC=C2O)C(N)=C1S(N)=O,-7.5,-7.4,0.1224,5.0909,seed123
CC1=CC(C)(C2CC2)C=C(O)N1C1(F)C(C)=C(C)C(C)=C(C)C1(C)N(C)S,-7.4,-7.4,0.4617,5.1759,seed123
CNC1=CC(C(CO)C2(C)C=CCS2)=C2SC(C)NC(C=O)=C2C1(N)C=O,-7.4,-7.4,0.3827,5.9841,seed123
CC1=NC(C(=O)C(C)(O)N(C=O)C=O)=C(C2=CCNC=C2)C(CN)N1C,-7.4,-7.4,0.3864,5.1337,seed123
CC(O)C(=O)C1=C(C(N)=O)C(N)=C(C(N)(O)Cl)C(N)=C1C1=C(NO)C=C(O)C1=O,-7.4,-7.4,0.0632,4.7304,seed123
CC1=C(C2=CSC(O)=C2N(C(=O)F)C2=CC=CC=C2)C=CC(O)=C1[SH]=O,-7.4,-7.4,0.3432,3.6605,seed123
CNCC(F)C(C)C1(N(C)C)C=C(NC)C(=O)C(C2=CC(F)=CC2=O)=C1,-7.4,-7.4,0.7153,5.0007,seed123
CCC(C)(CN(C=O)C1=C(N2C(C)=C(F)CC(S)=C2N)NC(=O)CO1)C(C)(O)NC1(C)CC(N)=C(C=N)C1,-7.4,-7.4,0.0933,5.7759,seed123
CC=C(ON)C(NC1=C(Br)C(=O)C(N)=CC1N)(C(=O)C1=C(N)C(C)C(=O)C(O)=C1)N1CC=NC1,-7.4,-7.4,0.1753,5.8149,seed123
CNC1(C2=C(C(C)CO)OC(C)=C(C(=O)N(C)C(=O)O)C2OC)CC=C(C)C1,-7.4,-7.4,0.5916,4.8413,seed123
COC1=CC(OC)(C(=O)F)C(N)(N)C(C2(N)CC(O)=C(C)C(C)C2)=C1F,-7.4,-7.4,0.4297,5.2305,seed123
CNC(=O)C(=O)N(C)C1=C(N2C(C)=C(C)CC(N)=C2O)C(C2(Cl)CC2)=CC(C=O)=C1C1=CC=CC=C1,-7.4,-7.4,0.315,3.7928,seed123
CC1=C(Cl)C(S)=C([SH]=O)C(O)C1(O)C1(O)CC(C)C=C(C2=CC=CC2)N1C,-7.4,-7.4,0.4439,5.7531,seed123
CC1=CCC(C)(C)C(C=O)=C1C1=C(NC2CC=CC2)C(N(C)C)=C(O)C(C)N1,-7.4,-7.4,0.499,4.4431,seed123
CC1=CC2NCC=C2C(C)=C1c1c(O)c(CN(C)C)c(S)c(F)c1C(=O)O,-7.4,-7.4,0.5945,4.3319,seed123
CCC(NC)C(C)(F)C(C)C(C)c1ccc(O)c(C2=NN(C=O)CC2)c1S,-7.3,-7.4,0.4644,4.9506,seed123
CCCc1c(C2(C)N=C(C(C)N)CN2C)ncc(C)c1C(C)(C#N)C(C)N,-7.4,-7.3,0.7998,5.0081,seed123
CNC1=NCC(C2=C(NC)CC(C=O)=C(O)S2)(C2(Cl)C=C(C)CC2)C(O)=C1,-7.4,-7.3,0.3231,5.34,seed123
CCC(C)C1=C(CC2=C(N(C#N)C3=C(C)C(OC(C)=O)=NC(N)=N3)C(C)C(=O)O2)N(C)C(C)C=C1S,-7.2,-7.5,0.2402,5.2617,seed123
CC(=O)N(C)C(F)(N=O)C1=C(OC2=CCC=N2)C=C(C)C=C1C=[SH]C=O,-7.4,-7.3,0.2594,4.9931,seed123
CC(N)C1(C(N)=O)C(C2=NC(C=O)N=C(N)O2)=CC(N)=C(C2=CC=CC2)C1(C)S,-7.4,-7.3,0.3066,5.7475,seed123
CC1=CC(O)=CC(CN(C)C)(N(C)C(=O)C2(O)C=CC(=O)C(C)=C2C)S1,-7.3,-7.3,0.7788,4.8592,seed123
CC(=O)c1nccc(C(=O)C2=CC3(N(C)C)C=CCC3(S)C(C=O)=C2)c1C,-7.3,-7.3,0.3671,4.7608,seed123
CC1=C(C2=CC(N)=CC=C2C2=C(C3(Br)CN3)S(=O)C(N)=CC2)C=CC=C1,-7.3,-7.3,0.3004,4.1904,seed123
CC(=O)NC(N)C1(C)SC(Cl)(C2=CC=CC2)N(C)NC1C1=CC=CC=C1,-7.3,-7.3,0.4173,4.7542,seed123
CCCC1(C2(N)C(O)=COC(Cl)=C2CC)C=C(N)C(=O)C(C2=CNCC2)=C1N,-7.3,-7.3,0.4719,5.2322,seed123
CC1=C(C2=CCCC2)C(C(=O)F)(C(N)N)C(N)C(O)=C1C(=O)C(N)(O)CN,-7.3,-7.3,0.2093,5.1063,seed123
CC1=CC(N)(O)C(N)(NC2=C(N)C(=O)C(C(=O)O)=C2C(C)NC(C)C=O)C(N)=C1N,-7.3,-7.3,0.1112,5.3685,seed123
CCCC(N)(N)CNC1=C(N)C(C2=C(N)C(N)=C(N)C(=O)C2)=C(N)[SH]1C,-7.3,-7.3,0.1878,5.1424,seed123
CC(=O)C1=C(O)C(N)=C(ON)C(N)=C1C1(CN)C(=O)CC(=O)C(F)=C1N,-7.3,-7.3,0.0942,4.4178,seed123
CC1(C2=CCC=CO2)CC(CCN)=NC=C1C1=CC(OCCl)=NC(Cl)=C1F,-7.3,-7.3,0.538,4.7867,seed123
CC1=C(N)C(C2=CC(C(O)OC=O)=C(O)C(N)=C2N)=C(C)C(CN)C1=O,-7.3,-7.3,0.1795,4.6771,seed123
CCN1CC(NC)=CC(C2=C(C3=C(C)C=CC(C(C)C(C)O)=C3C3CO3)C(=O)C(=O)C=C2)=N1,-7.3,-7.3,0.3777,4.7915,seed123
CC(=O)NC1(F)C=C(N)C(C2=CCC=C(N)C2=O)=C(N2COC2CO)C1=O,-7.3,-7.3,0.4468,5.0796,seed123
CC(CC1=C(O)C(C2(F)OC(CCl)S2)=C(C(=O)ON)C(N)=C1N)C(N)=O,-7.3,-7.3,0.1955,4.9455,seed123
COc1c(CCl)cc(CSC)c(NSC)c1C1=C2CCC=C2C(C2C=CC=CN2N)=C(F)O1,-7.3,-7.3,0.2445,4.7677,seed123
CC1=NN=C(N(C)C2=C(NC=O)C(N)=C(OC(C)(N)O)C(C)(Br)O2)C=C1,-7.3,-7.3,0.2804,4.7883,seed123
C=C1C(C2=C(C(C)(C3=C(CF)CC(C)C(C)=C3)N3CN3)C=CC(=O)C2)=C(N)C(C)=C(C)C1C,-7.3,-7.2,0.5549,5.5444,seed123
C=C(N)OC(=O)c1c(N)cc(N(C)N)c(C2(OC=O)CC(N)=CN2)c1CC,-7.3,-7.2,0.1075,4.8589,seed123
CNC1=C(C(C)(CN)Oc2c(OCN)ccc(C3=CCCN3C)c2N)NC(CN)=C(N)O1,-7.2,-7.3,0.1902,4.628,seed123
CC1=C(C2=C(C)C(N3C=CCC=C3S)=C(C)C(N)=C2)C(C2(CO)C(N)=CC=C2O)=C(C(=O)CF)N=C1,-6.7,-7.8,0.222,4.7906,seed123
C=C1C=CCN1C1(C2=C([SH]=O)C(F)=C(N)C=C2C(C)=O)C=C(C)CC=N1,-7.2,-7.3,0.3683,5.0842,seed123
CC#CC1=C(S)S(=O)C(C2=CSCC2)=C(c2ncc(OCC)c(C)c2NC)C1,-7.2,-7.3,0.513,4.7538,seed123
CCC1=CN(C2=C(C(C)O)C(C(C)C=O)C(O)=C(C(=O)CCl)C2(C)CC)CC1,-7.3,-7.2,0.4653,5.0982,seed123
NC1=CC(CO)C2(C3(CBr)C=COC(CO)=N3)C(=C1)C=NC=C2N1CC=CC1,-7.2,-7.2,0.4347,5.7428,seed123
CC(=O)C(F)(NCN)c1cc(C(C)C)cc(C)c1N1CCC(CN(C)C)=C1C,-7.2,-7.2,0.5263,4.0109,seed123
COc1c(O)c(C)c(C(=O)N2CCC(C)=C2CC(CN)CN=O)c(O)c1O,-7.2,-7.2,0.3217,4.0707,seed123
COC(N)C(=O)c1c(C)nc(C(=O)C2=C(C(O)F)COC2)c([SH]=O)c1CCO,-7.2,-7.2,0.2291,5.1051,seed123
CC(=O)N1C(N)=C(C)C(C2(N3C=CC(C)C(O)=C3C)C=NCC2)=C(N)C1(S)Br,-7.2,-7.2,0.2833,5.479,seed123
CNc1ccc(CC2(C)C(C(N)(N)F)=NNC(C(C)O)=C2C2CC=CC2)cc1,-7.2,-7.2,0.2925,4.39,seed123
CCC1=C(C)CC(ON)(C2=C(C(F)OC)C(CC)N(C(N)CC)C(CN)=C2)C1,-7.2,-7.2,0.4092,5.4156,seed123
C=NC1(C2(C)N(C)C=C(N)C3=C(C4=CCCC4)C(C)C=CN32)C=COC(C)=C1C,-7.2,-7.2,0.7158,5.5354,seed123
CC1=CC=NC(C2=CC(=O)C(O)(C(=O)F)C(C)=C2N(C)C)(C2CC=CC2)N1,-7.2,-7.2,0.4461,4.9548,seed123
CC(=O)C(=O)C1=C(C(N)=C=O)C(C2=C(C)N=C(O)C=C2)=C(O)N=C1C=O,-7.2,-7.2,0.3013,3.834,seed123
CCC1(C2=CC(C(=O)C(C)=O)=C(OC(C)(C)Br)C(OC)=C2)NC(=O)N1C,-7.2,-7.2,0.4106,3.9527,seed123
CCNC1=C(O)C(O)(N2CC(N)=C(O)C2)N(C(=O)F)C(C(CO)C(C)=O)=C1C,-7.2,-7.2,0.2649,4.9317,seed123
CC=C1C(CN)=C(CO)C(C)=C(c2c(O)cc(C(=O)F)cc2N2CC=NC2)N1C,-7.2,-7.2,0.655,4.1833,seed123
CCCC(CF)(NC)N1C=C(C2(C)NC(C)=NO2)N=C(CCN)C1(O)Cl,-7.2,-7.2,0.3659,5.6078,seed123
CNC1=CC=CC(N(C2=NC=CC(N)=C2C=O)C2=C(C(=O)N(C)S)CN(C=CO)N=C2C)=C1,-7.2,-7.2,0.2781,4.0979,seed123
CC1=C(N)C(NO)=C(N2CN=C(OC3(C)CO3)C(CF)=C2C)C(N)=C1C,-7.2,-7.2,0.3672,4.6448,seed123
C=C(N)CNC(N(CC)C(=O)C(=O)C12N=C(O)OC1(O)[SH]2N)(C(C)(C)O)C(N)(O)O,-7.2,-7.2,0.069,5.877,seed123
COC1(C(C)CCl)CN=CN1c1c(CN)cc(C=O)c(C)c1C(=O)C1=CC=CC(C)O1,-7.1,-7.2,0.3743,5.2646,seed123
CCC(C)CNC1=CN(C2=C(C)CCC=C2C)C(C2=C(C(C)C)CC(F)=C(Cl)N2C)=C2CCC=C12,-7.3,-7.0,0.356,4.7142,seed123
COC1=C(C(N)=O)C(N)=C(S)C(NC2C(C)=C(C)C(CF)=CC2C)=C1N,-7.1,-7.2,0.3978,4.5967,seed123
CCC1=C(N)C(N=O)=NC(C(C)=C2C=CC(CCN)=C2N)=C1SC(C)N,-7.2,-7.1,0.3258,4.6594,seed123
CCC1(C=O)C(=O)C(C2(S)CC=CN2C)=C(C)C(C2=CCC(C)=NC2)C1=O,-7.1,-7.1,0.3491,5.5156,seed123
CCN1CCC(C)=C1Cc1nc(C(=O)Cl)sc1C(=O)C(NC)C(C)(O)N(C)C,-7.1,-7.1,0.3536,4.6139,seed123
CNC1(C#N)C(CN2CC=CC2(F)Br)=C(c2ccccc2)N=C(O)C1(C)Br,-7.1,-7.1,0.3758,4.9419,seed123
CN(S)C1(Cl)C(=O)N=C(Br)C(C)(C2(O)NCC=C2O)N1C1=CNCC(=O)O1,-7.1,-7.1,0.1598,5.8539,seed123
CN1C=CC(CO)=CC1(C)C1=C(C(=O)C(C)(C)CF)OC=CN1C1=CCC=C1,-7.1,-7.1,0.7567,5.0112,seed123
CNC1=C(S)SC2=C(C(=O)O)C(C)(C(=O)OC(=O)C(N)F)C(O)=C(Cl)N12,-7.1,-7.1,0.1908,5.0105,seed123
CC(C)C1(N(C2=C(F)C(S)=C(O)C(O)(F)O2)C(O)O)C=C(N)C(N)=C1F,-7.1,-7.1,0.2671,5.405,seed123
COC1=C(C)C(C)=C(O)C(C(N)(N)C2=C(C=O)C(NC=O)=C(Cl)N2)=C1N,-7.1,-7.1,0.2467,3.8035,seed123
COCC1=CC(C2(N)NC(C)=C(C(=O)Cl)C(N)=C2O)=C(N)C(C=S)=C1F,-7.1,-7.1,0.2839,4.5186,seed123
CNC(=O)C1=CC(OC)(C2=C(OC(C)S)C(N)N=C(C=O)O2)C(=O)C(C2=CCC=C2)=C1C,-7.1,-7.1,0.2968,5.4111,seed123
CN(C)C1=C(C2(Cl)C(Cl)=CNC(C3=CC=CC=C3)=C2C2CC2)C=NC=C1,-7.1,-7.0,0.7426,3.6406,seed123
CCN1C(C)=CNC(OC)=C1C1=C(F)NN(C(C)=O)C(C)=C1C(C)=C1NC(C)=C(C(C)=O)C1=O,-7.1,-7.0,0.3196,4.2652,seed123
CCC1=C(C=O)C(C)C(O)(C(=O)N(C)CC)N(C=O)C1=NC1=C(OC)OCC1,-7.0,-7.1,0.6411,4.9945,seed123
CNC1=C(C(N)(S)C2=C(C=O)C(CN3C=CC=CC3)=C(C)C=C2)C(=O)C(N)C(N)O1,-7.1,-7.0,0.2486,5.1106,seed123
CCC(S)(CO)C(=C1NCC=C1NC)C1(C)C=NC(NC)=C(C(N)O)C1=O,-7.0,-7.0,0.2259,5.6131,seed123
CSC1=C(OC2=C(C)C=C(N)C(C(C)=O)=C2C)SC(C(=O)C(=O)O)=C1N,-7.0,-7.0,0.2933,3.3693,seed123
CC(NC1=CC(C)(N)C(N)=CC1(C1=CC=CC=C1)C(O)C(=O)F)C(O)O,-7.0,-7.0,0.2955,4.8635,seed123
CNC1=NCN(c2c(CN)c(OC(=O)C=O)c(N)c(C(F)C(O)S)c2N=O)C1,-7.0,-7.0,0.0596,5.0639,seed123
CCC1(Cl)CC(C(=O)F)=C(O)C(C=O)=C1C1(C(C)C(C)NCS)N=CCN1,-7.0,-7.0,0.16,5.8138,seed123
CC1=C(N(C2=C(O)C(N)C(=C=O)C(C)=C2[SH](=O)=O)C2CC2)C(N)=CC=C1,-7.0,-7.0,0.3548,4.5164,seed123
CC1=C(S)C(N)=CC(=C(C2=C(N(CS)C(=O)O)NC(=O)C3=CNCC32N)c2cc(O)ccn2)N1,-6.8,-7.2,0.2098,5.0853,seed123
COc1c(C)c(O)c(N)c(NC2(S)C=C(N)CC2)c1C1=C(C)C(C)C(=O)C=C1,-6.9,-7.1,0.2285,4.8319,seed123
CC1=C(C2(C3=CCCC=C3)C(=O)C(O)(O)C(Br)=C(O)N2CS)C=CC=C1,-7.0,-7.0,0.4311,4.221,seed123
COCN1C(C=O)=C(C)CC(C(N)=O)=C1C1=C(O)C(=O)C(C=O)(C(C)N)C(O)=C1,-7.0,-7.0,0.3324,4.9975,seed123
C#CC(=O)C1=NC(=O)C(N)=C(OC)C1(NC)C(O)NC1=CC=C(C)C=N1,-7.0,-7.0,0.2912,4.569,seed123
CCN(C#N)C(C)(C#N)N1C=C(N)C(OC)=C(C2(N(C)C(C(N)N)C3C=CCC3)C=CC=CO2)N1,-7.0,-7.0,0.1593,5.9536,seed123
CNC1(C)C(=O)C(=O)NC(Br)C1(N)C1(C2(N)C=CCN2)NC(N)=CC=C1C,-7.0,-7.0,0.1147,5.9106,seed123
CC1=CCOC1C1=C(c2c(NO)ncc(O)c2CO)C(C)=C(C)C(N)(N)C1,-7.0,-7.0,0.2641,4.5916,seed123
CC(=O)N(N)C(N)CN1C(N)=C(Cl)C(O)(C(C)N)C(=O)C1(O)C1=C(Cl)CC(=O)C(C2=C(C)NC=CO2)=C1CCl,-7.0,-7.0,0.063,5.7594,seed123
CCC(C)(N)C(NC)OC1=C(C(N)=O)C(=C(O)N(C=O)CS)C(F)=C1N,-7.1,-6.9,0.1365,5.031,seed123
COc1c(O)c(C(C)(O)CN)c(C(=O)F)c(C2=CC(=O)CO2)c1C(=O)CO,-7.0,-7.0,0.3694,4.2965,seed123
CNC1=C(C2=C(C=O)C=CC(Cl)(N3CC=CCC3)C2)C=C(CO)C=C1C,-7.0,-7.0,0.3584,4.3232,seed123
CCN(C)NC1=C(S)C(N)=C(C2(OCN)CC=C(C(C)N)N2)C(N)=C1Cl,-7.1,-6.9,0.1572,5.226,seed123
CN(C=O)C(=O)C1=C(ON)C=C(Cl)C(F)(OCN)C1(N)C1=CC=CC=C1,-7.0,-7.0,0.3654,4.7169,seed123
CNCC1=C(O)C(C=O)=CC(OC)=C1N1C=CC(C)C(C2=CNC=N2)=N1,-7.0,-7.0,0.6853,4.3387,seed123
C=CC1=C(O)C(C)C(OC(N)=O)(C(=O)O)C(NC)=C1C(=C)C1=NCC=C1,-7.0,-7.0,0.5689,5.1129,seed123
CCCC(=O)C1=C(C(N)S)C(=O)C(C2(C(=O)C(N)(S)NO)NC(N)=C(N)C(ON)=C2C(=O)O)=C1Cl,-6.95,-6.95,0.0776,5.449,seed123
CCC1C=CC(N)=C1C(=O)C(C)(N(C)C=O)C1(O)C(O)=C(S)C=CC1N,-7.0,-6.9,0.3382,5.5005,seed123
CCN(C)C1=C(C(=O)C2=CC=CC=C2)C(S)C(S)=C(C2=CN(C)C=CO2)C1,-6.9,-7.0,0.5722,4.2651,seed123
CNC1(C(N)=O)NC(NC(=O)O)(C(=O)ON)C2(C)CN2N1C(=O)C(C)=O,-7.0,-6.9,0.1542,5.386,seed123
CCN(C(C)=O)C(N)(OC)C1=C(C2(N)C=CNC=C2)NC(N2C=NC(N)=C(C(C)C)N2C)=C(N)O1,-6.9,-7.0,0.2497,5.1879,seed123
CNCC1(C(=O)F)CN(C2(O)NC(O)=CS2)C=C(C(C)C(=O)C#N)S1=O,-6.9,-6.9,0.3337,5.923,seed123
CC1=CC(C)C=C(O)C1(F)C(C)(O)C1=C(OCO)NC(C)=C(CC=O)C1,-6.8,-7.0,0.3271,5.3452,seed123
C#CC(=C)N1C(C=O)=C(C2=C(C)C=NC(S)=C2C)C(C(N)=O)SC1(N)F,-6.9,-6.9,0.3105,5.1534,seed123
CC1=CC(Cl)=C(C)C=C1C1=C(C)C(N(C)C)(C(N)(S)N(C)O)C(C)=CO1,-6.9,-6.9,0.4097,4.6062,seed123
CCC(C)C1=CC(N(NC=O)C(C)N)(C2(C(C)=O)C=C(N)C(Cl)=CO2)CC1,-6.9,-6.9,0.2504,5.5766,seed123
CC1=C(C)C(C2=CCC(Cl)=CN2C)(C2=C(S)C(CO)=CC(N)=C2OC(C)(N)O)C(=O)C(O)=C1,-6.9,-6.9,0.2087,5.1205,seed123
CCN(C(=O)C1(C(=O)C(C)=O)SC(=CN)C(C)C(N)(F)S1)C1=CCC=C1N,-6.9,-6.9,0.3485,5.414,seed123
C=NCC1=C(O)C(O)(CC)N(C)C(C)=C1SC1=CCC=C(N(C)CC)S1,-6.9,-6.9,0.6276,5.044,seed123
CC1CC(C2=C(N(C)C)CC(N)C(C)(C)[SH]2N)(C(N)(N)N)NC=C1CN,-6.9,-6.9,0.2217,5.8742,seed123
CCC1ON(CC)C(N2C(N(C)C3CC3)=NC(F)=C(C(C)(N)CCl)C2N)=C(O)C1=O,-6.9,-6.9,0.4162,5.2496,seed123
CNC1=C(c2ccccc2)N(C2(NC)CC=C(C)C2)C(=C(C)C(N)F)C=C1F,-6.9,-6.9,0.5302,4.6016,seed123
CC1=C(CS)OC(C2(C(C)(C)C)C=NC(F)=C3N=CC=C32)=C(C)C1(Cl)Br,-6.9,-6.9,0.3025,5.4168,seed123
CC1=CC=C(C(Cl)(C(=O)C=O)C(Cl)N(C=O)C2=C(C)C(S)N=CC2)C=C1,-6.9,-6.9,0.2455,4.9507,seed123
CNC1=C(O)C=C(N(S)C2=CC=C(S)C=C2)CC1(CO)C(C)(Br)C(C)=O,-6.9,-6.9,0.3321,4.9295,seed123
CCN1NC1(OC)C(C)(N)C1=C2C(=O)N=C(F)N=C2N(C(N)=S)C(O)(CCl)C1,-6.9,-6.9,0.1903,5.7571,seed123
CNC(C)(O)C1(NC2=CCC(N)=C2C)CC(O)=C(C(C)C(C)(C)C)CN1,-6.9,-6.9,0.4182,5.2752,seed123
CC(C)NC(=C=O)C(O)=C(O)C1=C(OC(=O)NS)C(C#N)C(C)C(=O)O1,-6.9,-6.9,0.1543,4.9827,seed123
CNC#CC1(N2CCC=C2C=O)C(=O)N(CC(C)=O)N(C(C)F)C(F)=C1C=O,-6.9,-6.9,0.2944,5.359,seed123
CNC(C)(O)C1=C([SH]2C(C=O)=CC(C)=C2C)C(N)=C(C)NC1(O)C(=O)O,-6.9,-6.8,0.2015,5.5835,seed123
CC1=C(F)C(N(C)C2=CC=CC2)=C(N)C(C2=C(N3C(=O)CCC(Cl)=C3[SH]=O)C(C)(C)C=CC2=O)=C1N,-6.9,-6.8,0.3836,4.5816,seed123
CC(=O)C1=C(C(O)CC=O)C(=CC2=C(CC(=O)S)C(F)C=CC2=O)N(C2OC(O)S2=O)C=C1,-6.8,-6.9,0.3231,5.9531,seed123
CC1=C(C2=C(F)C(N)=CC(N(C)C(C)N)=C2F)C(CONS)C(C)N=C1,-6.8,-6.9,0.2615,5.2155,seed123
COC1(C)CSC=C1c1cc(C(=O)N2C=C(C)NC(C)=C2CS)ccc1N(S)C(N)=O,-7.0,-6.7,0.4811,4.6518,seed123
CCNC1=C(O)C(C(C)C)=C(C(=O)C2(N)C=COC(N)=C2N)C(Cl)=C1C,-6.8,-6.8,0.3904,4.3099,seed123
CC(N)C1=C(NCN)C(N)(O)C(C2=CC=C(N)C(C(N)C=O)=C2)=C(N)N1,-6.8,-6.8,0.146,4.9595,seed123
CN(C=O)C1=C(N)C(=O)C2(Br)C=C(C=O)C(C3(N)CC=CC3)=CN2C1(C)[SH]=O,-6.8,-6.8,0.1695,5.7808,seed123
CCC1=C(S)C=C(N)C(C2=C(C3=CNC=C3)C(ON)=C(OC)C=C2)=C1O,-6.8,-6.8,0.2667,3.3734,seed123
CC1=C(C(O)(N(C)CN)C(N)(O)C=O)C=CC(S)(C2=C(N)C=CC=C2)C1,-6.8,-6.8,0.1779,5.0528,seed123
CCC#CC1(N(C(O)NN)C2(C(N)N)C=CC=CC2)C=CN=C(NC)O1,-6.8,-6.8,0.1541,5.7766,seed123
CNC1=C(C(C)=O)C(CNCN)(C(F)(S)C(=O)CO)OC(C)=C1C1CC=CC1,-6.8,-6.8,0.215,4.8904,seed123
CC1=C(NCS)CC(NC=NN)=C(C(=C2N=NC(F)=C2N)C(C)(N)N)N1,-6.8,-6.8,0.0598,4.9804,seed123
CCC(C)=C(COC)C(Cl)(NC12C=CC(=O)OC1(C(N)=O)N2)C(=O)C(CC)OC,-6.8,-6.8,0.1415,5.3292,seed123
CC1=C(C(=O)S)C(C(=O)O)(C2=C(C(=O)C(F)Cl)C(C3=CCC=C3)=C(O)CC2=O)C(C)=C(S)O1,-6.8,-6.8,0.313,5.1647,seed123
CCC1(C)C=NC(C)=NN1C1=C(N2CCCC2)S(=O)C(=O)C(C)(C)C1=O,-6.8,-6.8,0.7019,4.8878,seed123
CCC(=O)NC1=C(N)C2(Cl)OC(N)=CCC2(C(N)Cl)C=C1C(C)(N)CC,-6.8,-6.8,0.3465,5.2909,seed123
CCNC1=C(C2=CC=CC2)C2(O)C=CC(C)=CC2(C(C)=O)C(N)(S)C1=O,-6.8,-6.8,0.4455,5.1335,seed123
CCC1=C(OC)C(=O)C(Cl)(NC2(N)C(N)=C(N)C(C)=C2F)C(Cl)=C1CC,-6.8,-6.8,0.3171,4.8723,seed123
CC1C=CC(F)=C(C(C)(O)C(=O)C(C)(C)N)N1C(=O)C(N)(O)OC(N)N,-6.8,-6.8,0.2804,5.1116,seed123
CNC1=C(CCN)N(C2=C(F)C(N)(C(=O)OC)C(=C=O)C(Br)=C2NCF)CC1,-6.8,-6.8,0.2441,4.897,seed123
CCN(CC=O)c1cc(F)c(N2CC=CC2)c(N)c1C1=C(N(C)C)C=CCC1,-6.8,-6.8,0.4434,3.8566,seed123
CCNC(C)C(CC)(C1=C(F)NC(S)(Cl)C(NC)=C1)N1C=CC(N)(N)C1,-6.8,-6.7,0.1657,5.5878,seed123
CCN(C(=O)N=O)C1=CC(N)=C(O)OC1(F)C1=C2CCC(N)=C2OC(C)=C1CS,-7.0,-6.5,0.4016,5.1134,seed123
CC1=C(C2(O)C=C(O)C=CC2C)C(C)(C2=CCC=C2)C(C)=C(N)C1N(C)S,-6.7,-6.7,0.4376,5.5507,seed123
CCC1=CCC(C)(C2=NC=C(O)C(C3=NCC=C(CN(C)CC=O)N3CC)=C2C(C)(C)NC)C(C)=C1,-6.7,-6.7,0.4737,4.795,seed123
NC(=O)C1(N2CN=C(Cl)C2)C(S)=CC(O)=CN1C(N)(NC(=O)C(=O)F)C(=O)O,-6.7,-6.7,0.1172,5.4012,seed123
CCCC(C)Cc1c(N)nc(O)c(C2(C)C(O)=C(C)CC2(O)NC=S)c1Br,-6.7,-6.7,0.3119,4.9597,seed123
C=C(N)N1C(Cl)=C(C2=CCOC2)N(C)C(C(=O)C(N)C(NC)C(C)C)=C1CN,-6.7,-6.7,0.4223,4.9046,seed123
CCC1(C2=C(C(N)=O)C(C(C)(N)Cl)=C(OC)C(S)(OC)C2=O)C=C(N)OC1,-6.7,-6.7,0.2152,5.2516,seed123
CC1=CC(C(N)=O)(C(=O)F)SC(CN)=C1C(N)N(C(=O)F)C1=CC=CN1,-6.7,-6.7,0.2465,5.0637,seed123
CCOC(O)(C=O)C1=NN(C2(N(C)C)CC=C(O)C2)C(C(F)NC)C(C)=C1C,-6.7,-6.7,0.322,5.6035,seed123
CCN(C(=O)C1=CC=C(C)CC1)C1=C(C(=O)C=O)C(Cl)=C(O)C(O)=C1Cl,-6.7,-6.7,0.3405,3.612,seed123
CCC1(OC2(C)N(C)C=NN(C)C2(C)C2=CNCC(C)=C2C)CCC(C)=C1C,-6.7,-6.6,0.7271,5.4071,seed123
CNC(=O)C1(F)C=NC(C(C)N)=C(C(C)(N)O)C1(N)CC1=CC=CC=C1,-6.4,-6.9,0.4584,4.7221,seed123
COC1=C(N)N(C2(N(C)C(=O)O)C(=O)C=C(O)C(C)=C2C)C(=O)C(C)C1,-6.6,-6.6,0.6861,4.5775,seed123
CNC1(C(N)(N)C(F)(S)C(=O)N2N=C(N)CC=C2OC)SC=CC=C1OC,-6.6,-6.6,0.2973,5.4167,seed123
CNC1=C(C)CC(O)(C(OC2(OC)CC=CC2)C2=CNC(C)(Cl)C=C2N)C=C1,-6.6,-6.6,0.2341,5.5725,seed123
CCC1(C(=O)C2=CC=CC=C2)CN(C(C)C=O)C(C)=C(F)N1CCNC,-6.6,-6.6,0.4382,4.0568,seed123
CCNC(NCC)=C1NC(C(C)(N)C2(N)C=CSC2)=C(OCN)C(C)=C1O,-6.6,-6.6,0.2938,5.1316,seed123
CCC(CC=O)C(=O)C1=C(N(C)C)C(S)=C(C2([SH]=O)C=CCO2)C(=O)C1=O,-6.6,-6.6,0.1503,5.2013,seed123
CCCCNC1=C(O)NC(=O)C(NCC)(C2(O)OC=NC(O)=C2CC)N1,-6.6,-6.6,0.2961,4.9377,seed123
CCCC1=C(C(=O)CS)CN(c2c(O)cc(N(CC)CCC)c(NC)c2N)C1,-6.6,-6.6,0.2696,3.643,seed123
CC(N)C(N)C(=O)C(CN)(NC1(OCN)ON=C(O)O1)C(=O)C(C)(C)N,-6.6,-6.6,0.1434,5.5135,seed123
CCC1=C(C2(S)C=NCC(C)=C2N)C(C#N)=C(N2C(N(C=O)C(=O)NC)=COC(F)=C2C)C(=O)C1,-5.9,-7.2,0.389,5.2162,seed123
CNCC1=C(C)SC(C)=C(C2(C=O)C=C(C)CC(Br)=C2C(S)N(C)C)C1,-6.5,-6.5,0.2575,5.2254,seed123
CC(NP)C(=O)C1(C(F)C(N)(CN)C(C)(C)N)CC(S)=C(C(O)NCN)C1,-6.5,-6.5,0.1236,5.9526,seed123
CNC1=C(C)OC(S)(N2C(C)OC2N)N=C1C(CF)C(C(=O)O)N(C)C,-6.6,-6.4,0.4478,5.5671,seed123
CCC1=C(C2=CN(C)C=C3C(C)=CSC=C32)C(CC)(C2=CCC=C2C)C(=O)NC1,-6.5,-6.5,0.6457,4.954,seed123
CC(=O)N1C(=C=O)C2(NC(C)C=O)CCN=C2C(NCC(C)C=O)=C1C(C)N,-6.5,-6.5,0.3694,5.5213,seed123
CNc1cc(C2(OC)C(=O)C(N)(C=O)OC(N3CCC=N3)=C2S)c(Cl)nc1O,-6.5,-6.5,0.2296,5.2117,seed123
NCC(N)CC1=C(O)C2(F)OCC2(O)C(CCl)=C1C1=C(N(CN)C(N)=O)C(N)C(C(=O)O)=C(O)O1,-6.5,-6.5,0.1262,5.6604,seed123
CC(C)N(C)C1=C(C2(O)C=NCC2)CC(=O)C(NC(=O)S)=C1C(C)(F)C(N)=O,-6.5,-6.5,0.4819,5.0555,seed123
CNc1nc(Cl)c(CN=O)c(N(O)C(N)(N)NC(C)(C)O)c1CC1=NCCC1,-6.5,-6.5,0.148,4.318,seed123
CC(N)C1(N)C(=O)NC1(CO)C1=C(C(N)=O)C(O)=C(O)C(C(N)=O)=C1N,-6.5,-6.5,0.1068,4.7038,seed123
CCC(N(C)CC)N1C(N(S)C=O)=NCC(C(=O)C(NC)ONC)=C1CC1(C)OC=C(S)N1C,-6.5,-6.5,0.1311,5.8503,seed123
C#CC(N=O)C1(C2=C(C3=C(Cl)C(=O)C(=O)C(N(N)C(C)(N)N=C)=C3)OCC(=O)O2)C=CC(O)=C1N,-6.5,-6.5,0.0413,5.8606,seed123
CNCN(CN)C1(C2=C(C(C)(C)CN)C(Cl)=CC(C)=C2N)CNC=CN1,-6.5,-6.5,0.3035,4.7425,seed123
CC1=C(C(=O)C(=O)Cl)N=C(C=O)C(N(S)C=O)(N2C=C(N)CC2)C1(F)OC=O,-6.5,-6.5,0.2283,5.5251,seed123
CC(=O)C1=C(N)C=CC1(NC#N)C1=C(C(N)O)C(O)=C(N)C(O)=C1C=O,-6.5,-6.5,0.0858,4.9939,seed123
CCC(O)=C(S)C(O)(CO)C1(NC=O)SC(NC(C)C)=NC2C=CCC21,-6.5,-6.5,0.1659,5.5066,seed123
C=[SH]C(N)(C1=C(C(N)(C(C)N)N2C=CC(C)=CC2)OC(C(C)C)=C(OC)N1)N(CN)C(=O)OCO,-6.5,-6.4,0.1172,5.7834,seed123
CC1=C(CN)C(C(=O)C(C)CO)(C2(Cl)C=CC(NN)=C2N)C(O)=C(O)O1,-6.2,-6.7,0.1863,5.2834,seed123
CC1=NN(CCN)C(N)C(N=O)(C2(C(C)(O)Cl)C=C(C(C)(C)CBr)CC2)S1=O,-6.5,-6.4,0.2796,5.9526,seed123
CCC(C)(C)C(=O)C(C)C1=C(C(C)C)C(OC)(C(=O)OCC(C)(C)N)NC1,-6.7,-6.2,0.4706,4.5348,seed123
CCNC1(C(=O)C(N)=O)C(=O)N(C(=O)C=O)C(=O)C(O)=C1C(=O)OCN,-6.4,-6.5,0.084,4.2982,seed123
CC1=C(c2cc(-c3ccc(C=O)nc3)cc(-c3ccc(C)c(C)n3)c2)CCC1,-10.6,-10.7,0.5151,2.8219,seed333
CC1=C(N2C=CCC2O)C2=CC=CCN2C(C)=C1C1=C(O)C=C(C2=CC=CC=C2C=O)C(CC2=CC=CC=C2)=C1,-10.6,-10.6,0.3457,4.0583,seed333
CNCC1=CC(F)(C2=C(O)C(C3=C(C)C(N4CC(NC)=C(C)N=C4N)=CC(C)=C3)=CC(C)=C2O)NN1,-10.3,-10.3,0.3047,4.5563,seed333
Cc1ccc(N(C)C2=CNCC2)cc1C1=C(C=O)OC(N(C2=CC=CCO2)c2ccccc2)=CC1,-10.1,-10.1,0.5527,4.0568,seed333
CC1=CC(C2=CC(O)=C(C)C=C2)=C(C)C(N)=C1C1=C(C)C(N)=NC(C)(O)C1=O,-10.0,-9.9,0.5976,3.7235,seed333
CC1=CCCC=C1C1=CN(c2cccc(C)c2)CC(N(C)C2C=CCC2)=C1C,-9.9,-9.9,0.5731,4.1318,seed333
CC1=C(C)C(=O)C(C2=C(C)C(C3NC(C)NC(=O)N3C)=C(CO)C=C2F)=NC1=O,-9.8,-9.8,0.7087,4.415,seed333
CC1=CCN(C2=C(C)C(S)=CC(N(C=O)C3=C(C)C=CC=C3)=C2)C(C)=C1,-9.6,-9.6,0.5673,3.4492,seed333
CC1=C(N)C(C2=CC(C3=CC=CC(C4=CC=CN=C4)=N3)C=CC2)C=CC1,-9.5,-9.6,0.806,4.2085,seed333
Cc1cccc(C2=CC(N3N=CNCC3C)=C(O)C(C)(C3(C)C=CCC3)O2)n1,-9.5,-9.5,0.7789,5.0064,seed333
CC1=C(O)C=NC(CN)=C1CN(C=O)C1=CC(C2=CC=CC=C2)=CC=C1,-9.5,-9.5,0.67,2.8203,seed333
CC1=CC(NCN)=C(SC2=C(Cl)C(C3=CC(C)=C(C)C=C3)=C(C3=C(F)C(C)=CC=C3)C(NC3(O)C=CC=CN3)=C2)C1=O,-9.4,-9.5,0.1807,4.4183,seed333
Cc1cc(-c2cc(C)c(C#N)c(C3=C(O)C(F)=C(F)N(C4=NCCC4)C3)c2)c(N(C)C=O)cc1C,-9.4,-9.4,0.4583,3.7976,seed333
CC1=CC(C2=C(O)C(N)=C(C3(F)C=C(C)C(O)=C(C)N3)C=C2)=C(N)C=C1,-9.3,-9.3,0.3182,3.8041,seed333
Cc1cc(N)ccc1C(F)(C=O)C1=C(OC2(C)C=CCC2)OC(=O)C(=O)C1=O,-9.3,-9.2,0.2702,4.6083,seed333
CNC(O)c1cc(C=O)c(N2N=C(N=N)OC=C2C)nc1-c1nc(C)c(C(C)=O)c(N2C=CCC2=O)c1O,-9.2,-9.2,0.1824,4.9248,seed333
CC1=C(C2(N)CC=CO2)C(C)(C)OC(C2=C(C)C(C)=C(S)C(N)=C2C)=C1,-9.2,-9.2,0.5265,4.7199,seed333
CC1=CC(C2=CC(C3=CC(N)=CC=C3)=C(N)C=C2C(=O)C=O)=C(C)CO1,-9.2,-9.2,0.3808,3.2426,seed333
CC1=C(C)C=C(C2=C(F)C(C#N)=C(O)C(N3C(=O)C=CC3N)=C2O)C=C1,-9.1,-9.1,0.7684,3.7253,seed333
CC1=CC(=CC2=CCC(F)(C3=C(C)C(NCS)C(=O)C(O)N3C)C=C2)CC1,-9.1,-9.1,0.5097,5.393,seed333
CCC1=C(C)C=C(OC2(O)C=CC(C)=CC2)C(C2=CCC(O)=CC2)=C1O,-9.1,-9.1,0.6757,4.331,seed333
Cc1cc(C(=O)C2=CCCC=N2)c(C2=CCC=CC2)c(C)c1C1(F)C=CCC1,-9.1,-9.1,0.4371,4.568,seed333
NC(=O)c1cc(C(F)C(N)=O)[nH]c1C(=O)c1cccc(C2=CNCC2)c1O,-9.0,-9.1,0.4768,3.9649,seed333
CCC1=CC(C)=CC(N(C2=CC=C(C)C=C2)C2=C(C)C=CC(C=O)=C2)=C1,-9.0,-9.0,0.4957,2.3228,seed333
CNC1=CC(C2=NC(N)=CC(=O)C2C)(C2=NC(c3ccc(C)cc3)=NN(C)C2C)CO1,-8.9,-9.0,0.7749,5.0305,seed333
NC1=CC=CC(C2=COC(C(C=O)C=O)=C(C3=C(N)C(NS)=C(C4=CSC=C(C(=O)O)O4)C=C3)N2)=C1,-8.9,-8.9,0.1297,4.3878,seed333
CC1=C(C2=C(F)C(OC3=C(C)CC(=O)C=C3)=CN(C(N(C)C)N(C)C(=O)CO)C2)C=CC=C1,-8.9,-8.9,0.6377,4.3137,seed333
CC1=CCC(C2=C(C3(C4=C(C)C(F)=CC=C4C)C=CC=C3F)OCCC2=O)=C(N(C)C)C1=O,-8.9,-8.9,0.6405,4.3802,seed333
CC1(O)C(=C2CCC=C2SC=O)C(=O)N(CN)C(O)=C1c1cc(N)nc(O)c1,-8.9,-8.9,0.3637,4.6979,seed333
CNC1=C(N(C)C2=NC(C)=C(C)C(C3=CCC=N3)=C2C)C=C(N)C(C)=C1,-8.9,-8.9,0.7964,3.5097,seed333
Cc1cc(O)cc(NC2=C(C3C=CC(F)=C(C4=CCCC4)O3)CN(C)C=C2)n1,-8.9,-8.9,0.8061,4.4609,seed333
CC1=C(C2=CCN=C(F)N2)C(C)=C(C2=C(C)C(F)=CC(C=O)=C2)C(O)=C1,-8.8,-9.0,0.6398,3.5316,seed333
CC1=CC=CC(C2=C(C(=O)C(=O)C=O)C=C(C3=CC=CC=C3)C=C2)=C1C,-8.9,-8.9,0.2949,2.341,seed333
CC1=CCCC1Nc1nnnc(ON)c1C1(O)NC=C(Cl)C(N)(NC(C)Cl)N1,-8.9,-8.8,0.1046,5.6433,seed333
Cc1cccc(C2(S)C=CN(C)C(c3cccc(C=O)c3)=C2C2CC=CC2)c1,-8.8,-8.8,0.4083,3.8667,seed333
COC1=COC=CN1c1nc(C)c(N)c(N)c1-c1ccc(C)c(C2C=CCC2)n1,-8.8,-8.8,0.7566,4.3519,seed333
CCC#CN1C=CCC=C1C1=C(C(=O)N(C)C)C=CC=C1C1=CC(N)=C(C2=CC=CC=C2)C=C1C,-8.8,-8.8,0.3543,3.2781,seed333
CNC1=C(c2ccc(C)c(C)c2C(N)=O)SC(C(C)=C2C=CCO2)=C(Br)C1,-8.7,-8.8,0.6898,3.8927,seed333
CC1=C(C(=O)C2=CCC=N2)N=C(F)C(C2=C(N)C(CO)=C(C=O)C=C2)=C1,-8.7,-8.8,0.372,3.6039,seed333
C=CC(=C=O)C1N=CC(C2=CC3CC3(CC)C=C2)=C(C2=CC=CC=C2)N1,-8.7,-8.7,0.6417,5.0933,seed333
COC1(N)OC(C(=O)C2=CCNC=C2C2=CC=CC=C2)=NCN1C(N)=O,-8.7,-8.7,0.6553,4.2889,seed333
CC1=C(O)C(S(C)=O)=C(CN)CN1N=C1CC=CC(C2=CC(F)(C3CN3)CC=C2C(N)N)=C1C(C)(C)C,-8.7,-8.7,0.2612,5.6785,seed333
CC1=C(C=O)C(N(C)C(=O)C2=CC(C)N3C=CC=CC3=C2)=CC(O)C1N,-8.6,-8.6,0.7433,5.1396,seed333
CCN(C(=O)C(=O)C(C1=CCCC1)c1ccc(C)cc1)C1(F)CC=CNN1C,-8.6,-8.6,0.462,4.3803,seed333
CC1=CC=C(C2=C(C3=C(O)C=C(O)C(C4CO4)=C3)C(=O)C=CC2C)CC1,-8.6,-8.6,0.7946,4.2786,seed333
COC1=CC=CC(C2=C(C3CC=CC3)C(C)(N)C(C(C)=O)=C(NN)C2)=C1,-8.6,-8.6,0.4301,3.8353,seed333
NC(O)(F)C1=C(C2=CC=CC(NCC3=C(O)C=CSC3)=N2)C(=O)NCN1,-8.6,-8.6,0.3224,4.4897,seed333
CC1=NCN=C(C2=CC=C(C3=CC=CC3)C(C3=CC=CC=C3)=C2N)C1=O,-8.6,-8.6,0.8552,3.2802,seed333
Cc1nnc(-c2cc(O)c(C3(F)C=C(O)CS3)cc2NC(N)=O)c(C)c1N,-8.6,-8.6,0.5053,4.178,seed333
CNC1=C(C2(C)CC=CC2)S(=O)C=C(C2=NC(O)C(=O)N(C(C)=O)N2C)C1,-8.6,-8.5,0.6878,5.2473,seed333
CNC1(c2cc(C(=O)C3=CN=CC(C)C3)cc(N3N=C(C=O)CC=C3F)c2N(C)OC)CC=CC1,-8.6,-8.5,0.1977,5.0152,seed333
C=NCC1=C(c2c(C(C)NC)cc(-c3cccc(C4=CC=CC4)c3)c(C)c2S)N(S)C(F)=NC1,-8.6,-8.5,0.2354,4.5804,seed333
CCC1=C(C)C(C2(N)OC(C)=C(C3=CC=CC=C3)C(Cl)=C2C)=C(F)C=C1,-8.5,-8.5,0.7415,3.4738,seed333
CC1=NC(C2=C(O)C(C3=NC=C(O)C=C3)=CC(N)=C2C(=O)O)=CC(N)=C1,-8.5,-8.5,0.3552,2.9467,seed333
CC1=CCC(=O)C(C2=CN=NC(C(C=O)(C=O)C3=CC=CC(N)=C3)=C2)=C1,-8.5,-8.5,0.5043,3.7076,seed333
CCc1c(O)c(OC2(C(=O)S)C=CC(=O)N=C2O)cc(CO)c1C1CC=CC1,-8.5,-8.5,0.4284,4.5016,seed333
Cc1cc(C)c(-c2nc(NC=O)nc(COC3(Cl)C=CCC3)c2S)c(N)c1,-8.5,-8.5,0.2224,4.2541,seed333
CC1=CNC(C2=CC(N)=C(O)C(C)=C2C)=CC1(CF)C1=CCC(N)=CC1,-8.5,-8.5,0.3756,4.6864,seed333
CCCC1SC(N(C)C)=CC=C1C1=CC(C2=CC=CC=N2)=CC(OC)=C1,-8.5,-8.5,0.6778,3.4912,seed333
CC1=CCC(C=O)(C(=O)NC2=C(c3c(C(=O)C(N)=O)ncc(O)c3F)OC(=O)C(N)(O)C2)C1,-8.1,-8.9,0.0654,4.9608,seed333
CC1=CC(N)=C(N)C(C2(N=O)C=CC(C3=CC=C(N)C=C3)=CN2C=O)N1,-8.5,-8.4,0.3634,4.8008,seed333
COC1=CC=C(N(C=O)C2=CC(C(=O)C3CN3C)=C(C)C(C)=C2)C(C)=N1,-8.4,-8.5,0.4539,3.7823,seed333
C#CC1(C2=C(CC)C(N)=NC(C3=C(C)C=CC3=O)=C2)NC=C(N)C=C1C,-8.4,-8.4,0.7304,4.5742,seed333
CN(C)C1(C)C(CC2=CC=CC=C2)=C(F)N=C(C2=CC=CC=C2)C1(C)C,-8.4,-8.4,0.6869,3.3224,seed333
COc1cc(C=O)cc(C2=CN(C=O)C(C)(C3(C)CC=CN3C)OC2=O)c1,-8.4,-8.4,0.5842,4.5962,seed333
CC1=C(C(C)O)C(N)=NN(C2=C(C)C(C3=C(C(C)C(N)NCCN)CC(=O)C(F)=C3)=CC(N)=C2)C1,-8.4,-8.4,0.2372,5.091,seed333
C=NC1=C(Cl)CCC(C)=C1C1=CC(C2=CCC=CC2)=C(C)C(OC)=C1C,-8.4,-8.4,0.425,3.8855,seed333
CC#CC1=CCC(O)(C2=CN(C3=NC(C)=CC(N=O)=C3CN)NC(C=O)N2)C1,-8.4,-8.4,0.3368,5.2674,seed333
CC1=CCC(O)(C2=C(Cl)C(C3(Cl)OC=C(O)CO3)=C(C#N)C(O)=C2F)N1,-8.4,-8.3,0.5617,5.2281,seed333
CC1=CC(C)(C2(N)CC3(N)C=C(C)C(O)C(C)N3C(CN)=C2F)C=CC1,-8.3,-8.3,0.5613,5.6166,seed333
Cc1cc(C(N)(F)N(C)C2=C(Br)C(N)=C(N)NC2)ccc1C1=CNCC1F,-8.3,-8.3,0.3589,4.8597,seed333
CCC1=CC(C2=CC(C)=CCO2)=C(C2=NC=CC=C2)C=C1C(=O)N1C=C(N(C)COC)NC(C)=C1Cl,-8.3,-8.3,0.3984,3.8954,seed333
CC1=C(N)N(C2=C(C)C(=O)CC(N)=C2C2=CNC=CN2C)C=C2CCC(C=O)=C21,-8.3,-8.3,0.6319,4.4783,seed333
COC1=C(C2=C(C)C=CN=N2)C(C)=C(N)C(C2=NC(C)=CC=C2C)=C1S,-8.3,-8.3,0.5334,3.2087,seed333
NC1(O)C(=O)C=C(C2=CC(O)(S)NC(=O)C2C2=NC(CO)N=C2)C=C1O,-8.3,-8.3,0.212,5.7869,seed333
CC1=C(C)C(C2=CCCC2)=CC(O)(OC(O)(C(N)(O)O)C(O)(N=O)C(N)=O)N1,-8.3,-8.3,0.1702,5.2662,seed333
CCC1(c2cc(N)c(C(=O)CC3=CCC=C3)c(C)c2C)CNN=C(S)C1C,-8.2,-8.3,0.399,4.7349,seed333
O=COc1cccc(C(=O)C(=O)C(F)c2ccnc(O)n2)c1N1CC=CC1,-8.2,-8.3,0.3379,4.1058,seed333
CC1=C(N)N(CN(C2=C(C)C=CC=C2)C2=C(O)C(N)=C(C)N=N2)CC=C1,-8.2,-8.2,0.7764,3.4587,seed333
CC1=CC(N2C(CC3=CC=CC=C3)=C(O)C(Cl)=C(N(C)C)C2Cl)=CC=C1,-8.2,-8.2,0.56,3.3019,seed333
CC1=NC(C2=C(N)C(C(=O)NS)=C(C3=CC=CCC3)C(C)(O)C2)=CC=C1,-8.2,-8.2,0.6171,4.1305,seed333
C=CC1=C(C2(N)C=CCC(C)=C2)C(O)=C(C2(O)CCC=CN2)C(F)=C1Cl,-8.2,-8.2,0.6026,5.1333,seed333
CNC(C1=C(C)C(Cl)=C(C2(O)C=C(C)N=C(Cl)C2)C(N)=C1)C(O)=S(=O)=O,-8.2,-8.2,0.4373,4.9451,seed333
CC1=C(C2(S)C=C(O)C=CN2)CN(O)C(C=O)=C1NN(CO)CC1=CC=CC=C1,-8.2,-8.2,0.1721,4.6459,seed333
Cc1c(O)cccc1-c1nnc(C2(O)C=NN=CO2)c(C2=CNCC2)c1CN,-8.2,-8.2,0.6237,4.5586,seed333
CNCc1c(C2CN=NC2)ccc(C2(C)C=CC(=O)C(C)=C2N(C)C=O)c1C,-8.2,-8.2,0.7711,4.4621,seed333
CC1=C(C2C=CCC2)CC=CN1Cc1ccc(C)c(C2C=CC=CN2)c1S,-8.2,-8.2,0.498,4.6967,seed333
CCC(C)=C(Cl)C(N)(Cl)C1=C(C2=NC(C)(C)N=C2)C(=O)C(=O)C(F)=C1O,-8.2,-8.2,0.326,4.7599,seed333
CNC1=CC=CC(C2=CC(S)=C(C(=O)C3=CC=CCC3)C(C)=C2N)C1=O,-8.2,-8.2,0.432,4.4079,seed333
CN(C1C=CC=C1)C(N)(F)C1=C(F)C(O)=CC(C2=CC=CC=N2)=C1C=O,-8.2,-8.2,0.4887,4.0099,seed333
CNC1=C(N(C)C23C=C(C#N)N=C(N(C)C)C2CC=N3)CC=C(c2ccc(C=O)cc2)O1,-8.1,-8.2,0.7223,5.0337,seed333
CC(=O)C1=C(C2=CNCC(C)=C2)C(N)(F)C(C)(C(C)F)C(O)(C2=CCCC2)N1,-8.2,-8.1,0.4358,5.37,seed333
CC1=CCC=CN1c1nc(CCl)c(C)c(C2=CCCN2C)c1-c1ccc(C)c(C)c1O,-8.1,-8.2,0.562,3.7663,seed333
CNC(=O)C(O)(C(CCN)C1=C(C(C)(N)Cl)CC(OC)(C2=C(OC)C(CO)=NC2=O)C1)C(C)(S)CS,-8.13,-8.13,0.0768,5.726,seed333
CC1=CCCN1c1cc(N)c(C)cc1C1(N[SH]=O)NC(C)=C(C=O)C(N)=C1F,-8.1,-8.1,0.2883,4.8619,seed333
CCC1=CC2=C(N)C(C3=CC=CN(CC4CC=CC4)C3)=C(C=O)C(C=O)(NS)C2=CC1,-8.1,-8.1,0.3244,5.0885,seed333
CC1=C(C(C)O)C(C)C(c2c(O)cc(N3CCC=N3)c(C=O)c2O)N(C)C1C,-8.1,-8.1,0.543,4.9901,seed333
Cc1c(C2=C3NC=CC=C3C(C=O)=C(O)N2)cc(CF)c(C2=NCNC2)c1C,-8.1,-8.1,0.603,4.3348,seed333
CC1=CNC(NC2=C(N)C(N)=C(C=O)C(O)=C2C2=C(C)N=CN=C2)=C1C,-8.1,-8.1,0.2758,3.6343,seed333
CC1=CC=CC(C2=C(S)C(C)=C(C)C(CO)(N3C(=O)CC=C3N)O2)=C1O,-8.1,-8.1,0.6095,4.2967,seed333
CC1=C(NC2=CCC=N2)C(O)C(Oc2ccc(N)c(C)c2C)C(C)C1(N)O,-8.1,-8.1,0.4024,4.9519,seed333
CNCC1=CC(C)(O)C(N)(O)N=C1C1=C(O)C(N)=CC(C2=CNC(=O)C2)=C1,-8.1,-8.1,0.2047,4.7104,seed333
Cc1cc(C(=O)C(O)(CO)C2C=CCC2O)c(C2=CCN=CN2)c(N)c1C,-8.1,-8.1,0.2945,5.0206,seed333
CC1=C(C2=C(N)C=C(CO)C=C2O)C(C)CC2=C1N=C(F)N=C2C(N)=O,-8.1,-8.1,0.4862,3.8657,seed333
CC(O)C1(F)C(S)=CC(C(C)(C)C=O)=C2C=C(C(C)(N)CC=O)C(O)=C21,-8.1,-8.0,0.4183,5.3796,seed333
CC1=NC(F)(C2=C(C(=O)C3=CSC(O)=N3)CC(O)=CN2C)OC(C=O)=N1,-8.0,-8.1,0.4625,5.0218,seed333
COC1=CCC(C2=CC=CC=C2)(C2=NSC(N(C)C=O)=C(F)C2)C(C)=C1,-8.0,-8.1,0.5635,4.3623,seed333
CC1=NC(C(N)=O)=NC(O)C1(C1=C(F)CC(=O)C=N1)N(C1=CC=CC(NC(O)F)=C1)C(C)O,-8.1,-8.0,0.2816,5.3893,seed333
CC1=C(OC2(C3CC=CC3)C=NN(C)C(CC(N)N)=C2)N=C(N)N(CO)N1C,-8.0,-8.0,0.3599,5.1166,seed333
CCC1=C(C2=C(C)C=CC=C2)NC(C)(C2(NCN)C=CN=C2C)C(C)=N1,-8.6,-7.4,0.7136,4.5993,seed333
CCC(C)(OC)C1=C(NC)CN(c2c(F)c(N)c(N)c(N)c2N2CC(N)=C(C(N)=O)C2)N=C1N,-8.0,-8.0,0.2497,4.7718,seed333
CC1(C2=CCC(N)C2)C=CC2(Br)C(=C1)N(N)C(c1cccnc1)=C(S)N2C=O,-8.0,-8.0,0.1613,5.2226,seed333
CNc1ccc(CS)c(N(C=O)C2=C(NN)C3=CCCC3=C(C(C)=O)N2)c1O,-8.0,-8.0,0.1351,4.1205,seed333
CC1=NC(C2(N)C=CC(C)=C(C=O)N2)=CNC1(N)C1=C(S)N=CC=C1N,-8.0,-8.0,0.3301,5.3467,seed333
CC1=CCC(C)C(C(=O)C(C)(O)C2=C(C=O)C=CN(C)C2)(C2(F)CCC=C2C)N1CCl,-8.0,-8.0,0.2877,5.5677,seed333
COC1=C2N(NC(=O)O1)C(C)=C(C1(N)C=CCC=C1)C(C)(C)N2C(=O)S,-8.0,-8.0,0.5041,4.5846,seed333
CNC(N)(OC1=C([SH](C)C2=NCC(N)NC2=O)C(F)=C(N)C(N)=C1C1=C(C)C=CC=C1C)C1CCC=N1,-8.0,-8.0,0.168,5.6165,seed333
COC1(N2C(O)=C(C)C=CC2C)C=C(OC2=CC=CC=C2)C(O)N=C1C,-8.1,-7.9,0.8669,4.5804,seed333
CC(C)C(N)C12C=C(C3=NC(=O)C(C)(C)C(CO)=N3)C(F)=C(NO)C1=CCC2,-8.0,-8.0,0.5364,5.0943,seed333
CC1=COC(N2CC=CC(C3([SH]=O)C=C(C)C=CN3)=C2C)(C2(S)CN2C)C=C1,-8.0,-8.0,0.4848,5.9813,seed333
CNC1=C(OC(C)C2=CC=CC2)N(C)C(C=O)C(C2=CC(C)=CC=C2)=C1,-8.0,-8.0,0.7966,4.4258,seed333
CCC(S)C1=NC(C2=NN=C(OC3(NCN)C=CN=C3)CN2CN)=C(C)N=C1C,-8.0,-8.0,0.3758,5.4177,seed333
CCC1=CC(N2C(C)CC(C(C)CC)C3=C(C)C=CC32)=C(NC)C=C1Cl,-8.0,-8.0,0.6375,4.5089,seed333
CC1=NC=C(N)C(NC(=O)OC2(C#N)C=C(C(N)F)C=CC2)=C1C(N)=O,-8.0,-8.0,0.5805,4.5295,seed333
CCC(=O)C1=C(C(=O)S)C(C(=O)O)=C(C2=CC=CC(C)=C2C)C(Cl)=C1C,-8.0,-8.0,0.5369,2.8702,seed333
CC(=O)C1=C(C2=CC(NS)=C(O)C=C2)C=C(C2=CC=C(O)N=C2)N=C1N,-8.0,-7.9,0.2721,3.059,seed333
CCc1c(-c2cc(N3CC=C(C)C3)cc(C)c2O)cc(C)cc1N(C)CC,-7.9,-8.0,0.7137,3.1518,seed333
CC1=C(C=O)N=C(C2=C(Br)C(NN)=CC=C2O)C(C(=O)O)=C1N1SC1=O,-7.9,-8.0,0.1379,4.0053,seed333
CNC(=O)C1=C(NC(=O)NC2=C(N)NC(C)C=C2)C(=O)C(S)=C(F)C1=O,-7.9,-7.9,0.2152,4.3638,seed333
CCNC1=C(C(=O)CC(=O)NC)NCC(Br)(C2(O)OC(N)=C(O)O2)N1C,-7.9,-7.9,0.1633,4.9538,seed333
CCC1=C(C(C)F)C(C(C)(CO)N(CO)C2=C(C)C(C)CC(C)=C2NC)=C(OC)C(N2C(C)=C(C)CC(N)=C2N)=C1C,-8.6,-7.2,0.23,5.3968,seed333
CCC1C(C)=CC(=O)C(C2=CC=CC=C2)=C1NC1(OC)C=CNC=C1N,-7.9,-7.9,0.7114,4.3585,seed333
CC(=O)C1=CC(OC#N)=CC(C2=C(O)C(C)=C(C3=CCC=C3)C=C2)=C1S,-7.9,-7.9,0.4523,3.4935,seed333
CC(=O)C1=C(N)C(N)=C(C2=CC(C)=C(C3(O)NN3N)C(C)=C2)C=C1C=O,-7.9,-7.9,0.1782,4.1143,seed333
CC1=NN(C2=C(C(N)(N)ONC3=C(N)C=CC=C3)C=CC(N)(N)N2)C=CS1,-7.9,-7.9,0.2054,4.3833,seed333
CNCC1=C(C)C(N)(C2=C(O)C(C(N)=O)=C(C(C)=O)C(Cl)=N2)CC=C1C,-8.0,-7.8,0.4559,4.1176,seed333
CC(=O)c1c(C)c(NC(=O)O)c(C(C)(F)N(C)S)c(C2(O)C=CCC2)c1C,-7.9,-7.9,0.2609,4.5044,seed333
CSC1=C(N2C(=O)C=C(N(C=O)C3=CC=CCC3)CN2C)C=CC(C)=C1,-7.9,-7.9,0.5887,3.7755,seed333
CC1=CCC(C)=C(C=O)N1C(=O)c1[nH]c(I)c(C=C2CC=CC2)c1-c1cc(C)cc(C)c1C,-7.8,-8.0,0.2486,4.1273,seed333
CC(=O)c1c(Cl)c(C(=O)C(=N)N)c(C(=O)O)c(CNC2=CC=CC2)c1C=O,-7.9,-7.9,0.2298,3.6888,seed333
CC(=S)Oc1c(F)cc(N2CCC(O)=C2NS)nc1-c1cc(C)c(N)cc1C,-7.9,-7.9,0.3354,3.7605,seed333
CCC1=CC(F)=CC2(C)C(C)=C(N(C)C)C=CC12C1=C(C)C=C(C)C=N1,-7.9,-7.9,0.7087,4.5549,seed333
CCC1(O)CC(=O)OC(OC=O)=C1NC1(O)NC(F)=C(C(N)=O)C(S)=C1C1(N)C=CN=C1C(C)=O,-7.9,-7.9,0.0645,5.6693,seed333
N=C1C(C2(C=O)C(N)=CC(=O)C(O)N2NC=O)=CC(C2(N)CC=CC2)=CC1O,-7.9,-7.9,0.2294,5.7102,seed333
NC1=C(Cl)C(C2=CC=CC2)=C(N(S)C=O)C(C(=O)C2=CCCC=C2)=C1F,-7.9,-7.9,0.3321,4.1411,seed333
CNC(=O)C1=CC(C(O)(F)C=CO)=C(C2(Cl)ONCC(NC)=C2C)CN1,-7.9,-7.9,0.2945,5.4348,seed333
CC1=C(C(N)O)CCC1(C)C1=C(S)C(C)C(C2=CC(F)CC(CC(=O)Br)=C2)=C(C(C)N)N1CF,-7.8,-7.9,0.1173,5.874,seed333
CNc1c(F)c(C2=C(N)CC(C)=C(C)N2C)cc(C)c1C(=O)C1=CCOC1,-7.7,-8.0,0.7922,3.8928,seed333
CCC(C)NC1=C(NN)N(c2nc(S)c(CC(C)=O)c(N)c2C(C)(O)S)CC1,-7.8,-7.8,0.1438,4.8144,seed333
COC1C=CC(C2=C(O)C(N)=CC(C3=C(C(C)S)C=CC=C3)=C2C)CN1,-7.8,-7.8,0.2824,4.491,seed333
NCC1(O)C=CN=C(C2=C(N)N(C(=O)C(N)(C(N)=O)C(N)N)CC=C2)C1,-7.8,-7.8,0.1874,5.0718,seed333
C=C1C=CC=C1C1=C(NC2(N)N=CNC=C2C)N(C=O)C(N)=NC1(N)N,-7.8,-7.8,0.2585,5.3409,seed333
CCNC1=C(C)C(N(N)S)=C(C2=CC=CC=C2C2=CC=CC=C2)C=C1F,-7.8,-7.8,0.3201,2.6166,seed333
CC(=O)CC1=C(C2(C(C)=O)C=CC=C2)CC(O)(C(=O)C(=O)S)C(C)=C1C,-7.8,-7.8,0.5507,4.5561,seed333
CC1=C(NO)C=C(CN)C(C)=C1C1=CC(CO)=C(S)N=C1C1=CCC=C1,-8.5,-7.1,0.4089,3.8167,seed333
CCCC1=C(NC(C)OCN)N(C2(Cl)C=CC(F)=C2CC)C(N)C(C2=C(C=O)C=C(CC(N)=O)CN2)=C1O,-7.8,-7.8,0.0923,5.5536,seed333
COCC1=CC(C)=CC(C2=C(N)C(C)C(C)(F)C(C(O)F)=C2C#N)=C1C,-7.8,-7.8,0.8576,4.4625,seed333
CC1=CC(C2=CCCC2)=CC(=CC2=C(C)SC(N(C)C)=C(N3C=CN(C)CC3)N2C)C1,-7.8,-7.8,0.5658,4.4217,seed333
CC1=C(C(N)C2=C(O)C=CC(C(C)N)C2=O)C(N)=NC(C2(CCN)C=CN(C)C=C2F)=C1,-7.8,-7.8,0.4457,5.4095,seed333
CC(=O)OC1=C(N(C)C2=CC=C(Cl)S2)C(C2=CC=CC=N2)=CC(C)=C1C,-7.8,-7.7,0.4211,2.8935,seed333
CC(=O)C1N=C(N2C=CC=C(NC=S)C2)C(N)=C(C(=O)N(C)C(C)O)O1,-7.7,-7.7,0.4342,5.1296,seed333
COC(=O)N1N=C(C2=NC=CC(C3C=CCC3)=C2CN)S(=O)C(Br)=C1C,-7.7,-7.7,0.7306,4.6326,seed333
CC1=C(S)CC=C(C2=C(N)C=C(O)C=C2C(=N)C2=CC=CC=C2)N1C1=CC=CC=C1,-7.7,-7.7,0.248,3.1458,seed333
CCCC(=O)c1nc(-c2c(Cl)ccc(N)c2C)c(C2=CCNC2)c(CO)c1C,-7.7,-7.7,0.5031,3.3687,seed333
CC1=CC(=O)C(S)(C2=CCCC2)C=C1C1=C(Cl)C(O)(CO)N=C(N)C1(N)O,-7.7,-7.7,0.2255,5.3356,seed333
CN(C=O)OC1(C2=CCC=CO2)C=C(Cl)OC([SH](=O)=O)=C1C(=O)C1=CCC=C1N,-7.7,-7.7,0.3439,5.5546,seed333
CC1=C(N)C=CC(C2=C(C3=CC(F)=CN3)C(=O)C([SH]=O)=C(N)C2CCl)=C1,-7.7,-7.7,0.3639,4.4516,seed333
NCC(N)(C1=C2C=CCC(N)=C2C(O)(C=O)C(N)=C1F)C1(N)NC1(N)O,-7.7,-7.7,0.1327,5.6908,seed333
Cc1cc(O)c(C(N)=O)c(N2CC(C(N)=NCC(C)C)=C(N)C(N(C)N)=C2C=C2C=CCC2)c1O,-7.9,-7.5,0.1121,4.1886,seed333
CCc1cc(C)cc(F)c1-c1c(C2(NC)CC=CC2)nc(Br)c(C(O)S)c1O,-7.7,-7.7,0.2184,4.2591,seed333
CC1=C(C2=CN(C(Cl)(C(=O)CO)N3C(Cl)=COC=C3CN)N=C(SN)C2)C=CC=C1N(C)C,-7.1,-8.3,0.2871,4.8992,seed333
CCN(C1CC=CC1)C1NC(C)(C2=C(C3(CO)C=CC=CC3)C(=O)C(C)C=C2)C(C)=C(N(C)C)C1(C)O,-7.7,-7.7,0.4545,5.6669,seed333
CNC1=C(CC2=CC=CC2)C=CN(C2=CC(C(=O)N(C)S)=CC=C2S)C1,-7.8,-7.6,0.6712,4.0325,seed333
CC1=C(F)C(N)(N)C(C)=C(C(=O)C2=C(CN)C(N3CC(CN)=C(O)C(N)=C3C)=NC(C(N)S)=C2C(=O)CF)O1,-6.8,-8.6,0.123,5.0953,seed333
CCC(=O)C(C)C1N=C(F)C(C(C)C(C)=O)=C(C2(NCCl)C=C(F)CC2)C1=O,-7.6,-7.8,0.4859,5.3757,seed333
CNC1=CN=C(C2(Cl)C=CC(OC)=C(O)N2)N(C)C1(C)C1=CC=CC=C1,-7.7,-7.6,0.5582,4.6065,seed333
COC1=C(NC=O)N=C(N(C)C=O)C(C2=CC(C)=CC(N)=C2)=C1C(C)=O,-7.6,-7.7,0.4455,3.3143,seed333
CSC1(C)C=CC(F)(C2=C(N)C(C3=CC=NC=C3)C(=O)N=C2N)C(N)=C1,-7.5,-7.8,0.691,4.9261,seed333
CCC1=CCCC=C1C(=O)CC1=NCNC(O)(F)N1C(C)(F)N(N)CC,-7.6,-7.7,0.3581,5.1124,seed333
CC(=O)C(N)(CCC1(C(N)O)CC(N(C)C)=C(O)C=C1C)C1=CNC=C1,-7.7,-7.6,0.4674,5.1642,seed333
CNC1(C)C=C(C2=CNCC2)C(F)(c2cc(F)cc(N)c2C=O)C(F)=C1C=O,-7.6,-7.6,0.5309,4.895,seed333
CC1=CN(C2=NC(C(O)C3=CSCC=C3)=C(N(C)C)C=C2)C(CO)=CC1,-7.6,-7.6,0.8277,4.6856,seed333
CC1=CNC(=CN)C(NC2=CC=CC=C2)=C1C1=C(C)C=CC(C=S)=C1N,-7.6,-7.6,0.4875,3.4434,seed333
CC1=CC=C(C2=C(C(=O)C(=O)OC(=O)S)C(S)=C(C=O)C(Cl)=C2N)C=C1,-7.6,-7.6,0.135,3.3733,seed333
CCC1=C(C(C)(N)C(C)N)CC(N)=C(C2=C(O)C(C)=C(C3(C(F)(F)N(C)CC)C=C(N)C=CC3)C=C2N)O1,-7.6,-7.6,0.2183,5.3983,seed333
CC1=C(F)N(C2=NN(CO)N(C(=O)S)N=C2)N(C2CC=CC2)C(C(O)(S)Cl)=C1C,-7.6,-7.6,0.169,5.2564,seed333
CNC1(C2(NCN)C=CC(O)=C(C(N)=O)O2)N=C(Br)C(O)=C(C(=O)O)O1,-7.6,-7.6,0.2433,5.2855,seed333
CN=C1CC(=O)OC(C2(C(N)=O)C=NC(=O)C(N(C)C3=CC=NC3)=C2)=N1,-7.6,-7.6,0.6587,5.2256,seed333
CC1=CCC(=O)C(c2c([SH](=O)=O)ccc(C)c2OC2(N(C)O)C=CCC2)=C1C,-7.6,-7.6,0.3393,4.7258,seed333
CNc1cccnc1C(C)(C1=C(N2CC(C)NC(CC3C=CCC3)=N2)OC([SH]=O)=C(F)C1)C(C)C,-7.6,-7.6,0.3536,5.4271,seed333
CCC1=C(N)N=C(C2=NC(NC3=C(C)NC=CC3)=NC(N)=C2Cl)C(S)=C1,-7.6,-7.6,0.509,3.7679,seed333
CCN(C(C)=O)c1c(C=O)c(C2(OC)C=C(N)CC2)cc(Cl)c1C(=O)C(C)C,-7.6,-7.6,0.5484,4.1188,seed333
CC1=C(C2(CCl)C=CC(C)(N)C(C(=O)O)=C2)N(C(=O)C2(Cl)C=CN=C2)C=C(N)N1C,-7.6,-7.6,0.4418,5.5907,seed333
CCN(c1cc(NC)c(C2(C)C=C(C)C(O)=CN2)cc1N)N1C=CC(=O)C1,-7.6,-7.6,0.5929,4.6433,seed333
COC1(C)C=C(C2=C(C=O)CCC=C2)C(N)=C(C)C1C1=CC=C(N)C=C1,-7.6,-7.6,0.6398,4.3289,seed333
NC(=O)C1=CC(N)=C(Cl)NC1(O)C(=O)C1=C(N)C(C(=O)O)=CC(N)=C1F,-7.6,-7.6,0.1909,4.175,seed333
CNC(=O)N(C1=C(C)C(C)=C(C=O)N=C1)C1=C(F)C(=O)C=C(N(C#N)C=O)C1C,-7.6,-7.5,0.458,4.6959,seed333
CCCC(=O)c1c(NC(N)NCC)nc(C2(C)CN=C(C)N2C)c(Cl)c1N,-7.6,-7.5,0.3926,4.5873,seed333
CC1=CC=CN=C1OC1=C(C2=C(C)C(F)=CC=N2)OC=C(C)N1C(=O)S,-7.5,-7.5,0.8179,3.6125,seed333
CC(=O)C1(N(C)C)CC(Cl)=C(CN(C)C2C=CCC2)C(N)N1C1=CNN(C)C=C1,-7.5,-7.5,0.6345,5.405,seed333
COc1ccc(N)c(C(=O)C2(C=O)CC(C3=CCCC3)=C(N)C(CBr)=C2N)c1,-7.5,-7.5,0.2031,4.102,seed333
COCN1C(OC2C=C(C)C(C=O)=CN2C)=C(C)CC(N)=C1C1(C)CO1,-7.5,-7.5,0.5706,5.0975,seed333
CCC(C(C)=O)C(NCN)(C(N)(N)CC)C1(C(C)(N)CCl)CNC(C)=N1,-7.5,-7.5,0.2186,5.5047,seed333
CC1=C(C2CC=CS2)C(CON)=CNC1(N)C1(N)C=C(CCl)C(C)CC1,-7.5,-7.5,0.3237,5.6394,seed333
CCc1ccnc(C(N)(N)C(=O)C(C)(C2=NCCN2)C2(O)C=CC=CS2)c1O,-7.5,-7.5,0.4316,4.8861,seed333
CCC1(C)C=C(N2C(C(=O)CON3CC=C(C)C3)=C(C)C(C(=O)S)=C(C=O)C2O)C=CN1CCO,-7.5,-7.5,0.2319,5.3786,seed333
CN1CC(=O)OC1(O)C1(C=O)CC(N)=C(C(=O)C=C=O)C(CCO)=C1N,-7.5,-7.5,0.1701,5.1094,seed333
CC1=C(O)C(O)(N(C)C2=NN(C(N)(N)CO)OC(C(C)O)=C2)SC(CN2CC2)=C1S,-7.5,-7.5,0.1475,5.3776,seed333
COC(=O)NC(=O)C1=C(C2=C(OC(C)C)C3NC=CC3(C)O2)N=C(F)C=C1S,-7.5,-7.5,0.5187,4.6853,seed333
CC1=C(O)C=C(N)C(F)(C2(C(=O)NC3=CN=CC3)NNNC(C)=C2N)C1,-7.5,-7.5,0.3652,5.4667,seed333
CCC1=C(C2=C(C3=CC=CN3)C(=O)C(O)(F)N=C2O)C(O)=C(C)C(C)=C1,-7.5,-7.5,0.633,3.9461,seed333
CC1=C(C)N(C2=C(Cl)C(S)=CC=C2C2=CC(N)NC=C2C2OC=CO2)C=CC1,-7.5,-7.5,0.6273,4.963,seed333
CN=Cc1ccc(N2C=C(NC)C(OC(C)=O)=C(N3C=CCC3)C2F)cc1N,-7.5,-7.5,0.3507,4.4427,seed333
CN=C(F)C(C)(C(=O)C1=CCC(O)=C(O)C1=O)C1(C(N)=O)C=CC=NC1,-7.5,-7.5,0.4911,5.1505,seed333
COCc1cc(C#N)c(C)c(C2(C3=C(F)CC(=O)N3)CC=C(C)C(N)=C2CF)c1NC(O)(F)CO,-7.5,-7.5,0.2774,5.0401,seed333
CCC1=CC(=O)C(N(C(C)=O)C2=CC(=O)C=C2N(C)C(C)=O)=C1C1=C(C)C=C(C)C(C)=C1O,-7.5,-7.5,0.7424,3.7278,seed333
CC1=CCN(C2=C(C3(N(C)C4=CC(F)C=CC4)N=CC(=O)C(O)=C3C)OCC(C)=C2N)C1,-7.5,-7.5,0.6533,5.4692,seed333
CC1=NC(Cl)(C2(CN)CCC(C)=C2C(N)N)N(C(=O)O)C(N)=C1C(C)CF,-6.5,-8.5,0.2023,5.1511,seed333
CCC1N=C(N)C(C(C)=O)(C(=O)C2(O)NC(N)NC(O)N2C(N)=O)N1C,-7.5,-7.5,0.2355,5.6059,seed333
CC1=C(F)C(N2CC(=O)C=C(N(C(=O)CO)C3CC=CC3)C2=O)=C(C=O)CC1,-7.4,-7.6,0.5661,4.1205,seed333
CC1C=C(C2=C(N)N=C(C=O)C(C3=CC(N)C(N)=CN3)=C2F)NC=C1O,-7.4,-7.5,0.4311,5.1734,seed333
C=C(F)C1=C(C(=O)N2C=CCC(C3=CCCC3)=C2)N(C)C(C)C(C#N)(C(=O)O)C1,-7.5,-7.4,0.7803,4.9131,seed333
C=C(C)OC1=C(N)C=C(S)C(NC(=O)CC)(OC2=CCC=C(C)N2)C1C,-7.5,-7.4,0.3246,5.0628,seed333
C=Nc1c(O)c(CC)c(-c2c(C)c(F)cc(Cl)c2C2(Cl)CC=CC2)c(C)c1Cl,-7.5,-7.4,0.2934,3.8918,seed333
CC1=CC(OCN)(c2ccc(C3C=CCC3)cc2N)C(C)(C)C(C)=C1OC=O,-7.6,-7.3,0.3321,4.6888,seed333
CC1(C2=NC(=O)C(C)(N3C=C(N)CC(NC#N)=C3CN)C(Cl)=N2)C=NC(F)=N1,-7.4,-7.4,0.3449,5.5577,seed333
O=CC1=C2C(S)=C(C(=O)OC(=O)O)SC(C(=O)O)=C2N=C(NS)C1C=O,-7.4,-7.4,0.1895,4.9321,seed333
CC(=O)OC1=C(NC=O)C(N)=C(C)C(C2=C(S)C(C)=CC=C2)=C1OC=O,-7.4,-7.4,0.2359,3.4525,seed333
CN1C=C(N2C(CC(N)CO)C=CN(C)C2C2CC=C(N)C2)N(C(=O)ON)N=C1C(=O)Cl,-7.4,-7.4,0.2955,5.7063,seed333
NC(=O)C1=C(N)OC(Cl)(C=O)C(C2(N)C=C(O)N=CC2)=C1NC1=CC=CC1,-7.5,-7.3,0.3261,5.3121,seed333
CC1=CC(C)=C(N(C)C(C)N)C(C(=O)C(C)F)=C1C1(N)C=CC(S)=C1C,-7.4,-7.4,0.4171,4.9014,seed333
CC1=CC(OC(=O)c2c(S)cc(C)c(C3C=CCC3)c2C)(N(C)C)C(C)=CO1,-7.4,-7.4,0.3236,4.7917,seed333
CCCC1C(C=O)=CC(C(C)F)(C(N)(O)F)N=C1C1(C)C=C(C)C(F)=C1,-7.4,-7.4,0.427,5.5555,seed333
CC1=CC=C(CN)C(C2(N)C=CNN=C2C2(C)NN=CCS2)=C1CC=O,-7.4,-7.4,0.5696,5.1716,seed333
CCN(C1=C(C)NN=C1)C(N)C1=C(C(C)=O)OC=C(C2=C(N)C(O)=C(F)C(=O)C2=O)C1(C)C,-7.4,-7.4,0.2815,4.6676,seed333
NC1=CC(C2=C(O)C=CC=C2)=C(C2=C(F)C(N)=C(Cl)C(F)=C2C2CO2)N1,-7.4,-7.4,0.3116,3.738,seed333
CC1=CC(=N)C(C2(Br)C(C)=CCC=C2C#N)=C(OC2=CCCC=C2)C1O,-7.4,-7.4,0.5172,5.1833,seed333
CCC(OC)C1=C(C(=O)NC)OC(C(N)=C2OC(C(C)C)=C(C=O)CN2C=O)=C(C(N)NC)O1,-7.4,-7.4,0.2444,5.2697,seed333
CCC(C)(C(C)C1=CC=CC(N=C(N)F)(C(C)O)N1)C(N)C(C)NC=O,-7.4,-7.4,0.1787,5.7362,seed333
CNCC1=CCC(C)(CCC2(CC(C)(C)CN)C=C(C)C(N)(F)N=C2S)N1,-7.5,-7.3,0.2475,5.5007,seed333
CCNC12C=CCC1N(C1(NC)C=CC(N)=C(CCN)N1)C(N)(N)OC2,-7.4,-7.4,0.211,5.6572,seed333
CNC(=O)C1=CC(C(C)=N)=C(C2N=CC(C)(CN)C=C2O)C(N)=C1C=O,-7.4,-7.4,0.3056,4.7928,seed333
CC1=C(C)C(CN)=C(N)C(C(F)(C#N)C2=C(O)C=C(C(N)=O)C=C2)=C1C,-7.4,-7.4,0.6219,3.645,seed333
Cc1c(N2C=CCC2)cc(C2(CO)C=CC(N(C)C)=C(OC=O)O2)c(C)c1O,-7.4,-7.4,0.7267,4.6615,seed333
CNC1(C2=C(O)C=C(F)C(O)(N(C3=NC(Br)C=C(S)C3=O)C(N)(O)CN)O2)C=CC=C1,-7.4,-7.4,0.1125,5.9161,seed333
CC1=C(C(C)(C2=CC=C([SH]=O)N2)C2=C(N)C=CC=C2)C=NC(O)(N=O)C1,-7.4,-7.4,0.3657,5.1273,seed333
CC1=CC=CC(C2=C(S)[SH](C)C(C)(OC3=C(C(=O)C=O)C=C(C)C(O)C3=O)N(C)C2)=C1,-7.4,-7.4,0.3554,5.1092,seed333
CC1=NC(=O)C(C2(S)C=C(O)SC(N)=C2N)=C(N)C1(F)C(=C=O)C(C)Cl,-7.4,-7.4,0.2628,5.6334,seed333
CNCC(C1=CC(C)(C2=C(N(CO)CO)CN=C(C)C2=O)CC1)N(C)C(C)N,-7.4,-7.3,0.3229,5.1812,seed333
C#CC1=CCC(C)=C(CN)C1(NC)C1=C2OCC=C2C(C(C)(C)C)=CC1O,-7.3,-7.4,0.5307,5.1172,seed333
CCC12CC(C)=CC1(CBr)C(F)=C(NC(C)(N)C(C)O)C(C1=C(N)NC(=N)CN1)=N2,-7.4,-7.3,0.1727,5.8576,seed333
CCC1=C(OCNC)C=CC(CC2=C(C(S)N(C)C=O)CC(C)=C(S)O2)(C(C)CC)O1,-7.4,-7.3,0.2322,5.624,seed333
CNC1(O)C(NO)=C(C)C(C2=CC(CN)=C(F)C=C2)=C(C)C1(C#N)C=O,-7.2,-7.4,0.2999,4.5301,seed333
CN(C=O)C(=O)C1=C(C2=CCC=CN2)CC(C(=O)OC=NC[SH]=O)=NN1,-7.2,-7.4,0.1713,4.9868,seed333
CC1=NC(N2C=CC=CC2)=C(C2(N)C=CN=C(O)[SH]2C)C=C1N1CC1C,-7.3,-7.3,0.5624,5.3734,seed333
CCC(N)(CC1CC=CC1)C1(c2c(NC)cc(C)nc2C)C=CC(O)C(C)=C1,-7.3,-7.3,0.6419,4.8291,seed333
CC1=C(N)CN(C)C(C)(OC2(Cl)C(C3C=CCC3)=CC(CN)(CO)NC2N)O1,-7.3,-7.3,0.3195,5.8176,seed333
COC1(N)C(N)=C(N)N(c2cc(C(C)=O)c(C3=CCNC3)cn2)C([SH]=O)=C1N,-7.3,-7.3,0.193,4.7471,seed333
CCc1nc(C)c(C(C)O)c(N)c1-c1ccc(N)c(C2(O)CCC=C2C)c1S,-7.3,-7.3,0.3029,4.3509,seed333
CC1=C(C(=O)NC(N)O)C2(C(=O)O)NC(C)=C(O)C(=O)C2(NS)C(O)=C1,-7.3,-7.3,0.1938,5.2978,seed333
CC(CO)C(=O)C1(N(C)O)OC2=C(F)CC=CN2C2C(CN)=C(N)NNC21,-7.3,-7.3,0.3113,5.6797,seed333
N#CC(=O)NC1(C(O)(F)C(N)=O)OC(C2(N)CC(N)=C(N)O2)=NN=C1O,-7.3,-7.3,0.2346,5.5681,seed333
CCOC1=C(C2=C(O)C(C)(O)C=C(C)C2=O)C(C(C)(N)F)=C(Br)C(C)=N1,-7.3,-7.3,0.6353,4.3996,seed333
CC1(S)CNC(S)=C(OC2(N3C=CCC=C3)NC=C(C=O)C=C2CC2C=CCC2)C1=O,-7.3,-7.3,0.2787,5.8534,seed333
CON(C)C1(C2=C(O)C(C)=C(C(=O)O)C=C2)C=C(Cl)C=C(C(C)=O)C1=O,-7.3,-7.3,0.5971,4.0293,seed333
CCC1(N(C2=CC(O)=CC(NC)=N2)C2=C(C)N=COC2(C)F)C=CC=C1,-7.3,-7.3,0.8357,4.8475,seed333
CCC1(C(=O)C2(S)C=C(NC)CC2)C=NC(=O)C(C2=CN(C)C(F)=CN2C)=N1,-7.3,-7.3,0.5389,5.4875,seed333
CCN1CC=C(N)C(CN)=C1C1=C(N(C=O)CN)C(C)=C(C)C=C1N1CC(=O)OC(NC)=C1N,-7.1,-7.4,0.193,4.3304,seed333
N#CC(=O)c1c(C=O)c(C(N)=O)nc(S(=O)(=O)CC2C=C(N)CC2)c1OC=O,-7.2,-7.3,0.3144,4.5682,seed333
CCNC1=C(N)C(F)=C(N)C(C2(F)C=CC=N2)=C1ONC(C)(O)N(C)C,-7.2,-7.3,0.2122,4.956,seed333
CCCN(CCN)C1=C(N)C(O)=C(C2(F)C=CN=C2C)C(C(C)=O)=C1O,-7.2,-7.2,0.2544,4.2449,seed333
CNC1CC=C(F)C(C)=C1c1c(N(C)C)ccc(C)c1NC1(N)C=COC1,-7.2,-7.2,0.6925,4.6229,seed333
CC1=C(C)C(C=O)(C(=O)CN)C(F)(C2=C(O)C(C)=C(F)C(C)=C2N)C=C1,-7.2,-7.2,0.4323,4.7217,seed333
CN(S)C1CC(O)(c2cnc(C(=O)C=O)c(C(C)(F)C=O)c2S)C(O)=C1O,-7.2,-7.2,0.2026,5.2847,seed333
NC1=C(Br)C(N)=C(C(N)F)C=C1N(N)C1=NC(C2=CCC=C2)=NC=C1O,-7.2,-7.2,0.2179,4.5497,seed333
CCC1=CC(Br)=NC(F)(N(C2=CNC(N)=CN2C(C)(O)O)C2=C(N)C(NC)=C(O)C(C(=O)O)=C2)O1,-7.7,-6.7,0.1035,5.0567,seed333
CCNC1(C(=O)C2=C(C(NC(C)O)(C(C)=O)C(C)(C)F)C(CC)=CC2=O)CCN=C1NCN,-7.2,-7.2,0.2181,5.2656,seed333
C=C(OC1=C(I)N=CN(C2=C(CO)C(CC#N)=C(CO)C(O)=C2C)C1Cl)SC=O,-7.2,-7.2,0.1484,4.9397,seed333
CCC(=O)c1ccc(-c2c(C)cc(C)c(S)c2N)c(N2CC(O)=NC2=O)c1,-7.2,-7.2,0.4159,3.351,seed333
CC1=C(C2=C(OCN)N=C(F)C(C(=O)O)=C2O)C(C)=C(CN(C)C)CC1,-7.2,-7.2,0.5244,3.5747,seed333
CNC1C=CC(N(C#CO)C2=C(C)N(C(=[SH]C)C3=CC=C(C)N3)C(OC)=C3NC=CC=C32)=CC1=O,-7.2,-7.2,0.1871,5.4504,seed333
CC1=C(C2(O)C(C)C(C)(Cl)C=CN2C(C)(N)CNCN)C(C)(F)C=NC1,-7.2,-7.2,0.3248,5.9061,seed333
CC(=O)CC1=NC2SCC(O)=C2C(C(C)(CN)NC(N)=O)=C1CCC(C)N,-7.2,-7.2,0.4142,4.9898,seed333
CC1=CNC(=O)NC1=CC12NCC=C(F)C1(N)NCC(F)=C2OC(N)=O,-7.2,-7.2,0.3989,5.3955,seed333
COc1cc(S)nc(C2=CN(C)C(C(Br)N(CO)C3CC=CN3)=C(F)O2)c1,-7.6,-6.8,0.2616,5.2945,seed333
CCC(O)C1(C)NCC(C(N)(C(O)CF)N(C)C(=O)C2=CC=CC2)=C(N)N1,-7.1,-7.3,0.3156,5.4367,seed333
CCC1=CN=C(C(=O)C2=C([SH]=O)C(=O)C(C)N=C2)C(C=O)=C1N1C(=O)CC(C)=C1N(C)C(C)Cl,-7.3,-7.1,0.1897,5.241,seed333
CC1=CC(F)(C(O)S)C(C2=CCC(N)(S)C2)=C(c2ccc(CP)cc2C)C1=O,-7.1,-7.2,0.3281,5.2702,seed333
CNC1(F)OC(N)OC(C2=C(C)N(C3CC=CC3)C(C)N=C2)=C1N(C)C(=O)O,-7.1,-7.2,0.4901,5.3425,seed333
CC1=C(O)C(=C(Cl)C(=O)F)SC(C(N)=O)=C1C1(C=O)C=CC=C1C(N)=O,-7.1,-7.2,0.3631,4.7715,seed333
CC1=C(CN)C(=O)C(C)=C(C2=C(C(=O)O)C=C(Cl)C(C(N)F)=C2N)C1=O,-7.1,-7.2,0.3522,3.8823,seed333
CCC1(C)C(N)=COC(CN2C=CSC(N)=C2Cl)(C2(C3=NC(=O)C=CC3=O)CC=CN2)N1C,-7.4,-6.9,0.4942,5.7597,seed333
CCNCC(C)(C)C1=NC(O)(C2(O)C(C=O)=NC(=O)C(C)=C2F)N=C1N,-7.1,-7.2,0.4531,4.88,seed333
COC(Br)(C=O)N1N=C(CO)N(S)C(C2=C(C3OCC=C4C=CC=C43)C=CC(C)(C)C2)=N1,-7.1,-7.2,0.242,5.5967,seed333
O=Cc1cc(N(CS)c2cccnc2)c(C2CC=CC2)c(-c2cccnc2)n1,-7.2,-7.1,0.2842,3.4085,seed333
CN1C=C(C2=CC=CC=C2)C(N2C=CCC(CN)=C2C=O)=C(OC=O)C1Cl,-7.1,-7.1,0.4605,4.4108,seed333
CCN(S)C1=C(C2=CC=C(C)S2)C2C(O)=NC(O)=C(S)C2C(CN)=C1O,-7.1,-7.1,0.4253,5.0222,seed333
COC(C)C1(N2NCCC(NC3C=CCC3)=C2C)OC(N)=C(O)C(C(N)=O)=C1C,-7.1,-7.1,0.4129,5.142,seed333
NCN1C(S)=NC(C2(F)N=NC(F)=CO2)=C(N)C1(CN)C1=CC=CC=C1,-7.1,-7.1,0.463,5.021,seed333
CNC(NC(N)(NC)C1=C(N)C(F)(C(S)(I)C(=O)NC(N)=O)CC1)C(=O)CN,-7.4,-6.8,0.0663,5.527,seed333
CC(=O)C1=C(C(=O)C2(C)C=CC=CN2)C(N)(N)NC(C)=C1CNC1CO1,-7.1,-7.1,0.3093,5.0077,seed333
CCNCC1=C(C2=C(N(CN)C3=CC=CC3)C(C)C(C(=O)NC)=C(C(C)C)C2OC)CC(=O)CS1,-7.1,-7.1,0.3964,5.0375,seed333
CCC(=O)C(=O)N1C(C=O)=CC(=O)C2(C(C)(CCl)NC(C)O)N(C)C12Cl,-7.1,-7.1,0.1527,5.5571,seed333
CCC1=CC=C(C2=COC(CN)=C(O)C2(S)CCl)C2NC=CC(CC)=C12,-7.1,-7.1,0.4214,5.3215,seed333
CC1=CNC(C)(C2=C(C3=CCNC=C3)C(O)=C(N)C(C3(S)CC3)=C2)C=C1,-7.1,-7.1,0.3211,4.8585,seed333
C=C(N)C(O)(c1c(N)c(NC2CC=CN2C)c(C)c(N)c1O)C(C)(N)OC,-7.1,-7.1,0.1605,5.1794,seed333
CC1=NCC(NC2=C(N(CN)C(C)(O)C(N)=O)C(F)=C(N)C(N)=C2F)=C1,-7.1,-7.1,0.2982,4.5788,seed333
CNC1(C2C=NCCN2C)C(OCN)=C(C=O)C=C(C2(O)C=CCC2)N1C=O,-7.1,-7.1,0.2934,5.5859,seed333
CC1=CC=CC(N)N1C(=O)C1(C(=O)C=O)OC(C(=O)O)=C(C=O)C=C1C,-7.1,-7.1,0.3825,4.9672,seed333
CCC1=C(C)CC(ON)=C(N)C1(O)N(C)C(CN)OC1(C)C=C(C(C)C)CC1,-7.1,-7.1,0.283,5.3135,seed333
C#CN1C=C(C2C=CC(C)=C2)N(C)C(CN(C)O)=C1C1=CC(S)=C(CN)C=C1,-7.1,-7.1,0.4067,4.7364,seed333
C=C1C(C=O)=NN(C)C(C2=C(O)N=C(O)N=C2C2=CC(C)=CC=C2)=C1N,-7.1,-7.1,0.7164,3.577,seed333
CC(=O)C1=CC(C)=C(C(C)(C2=CCC=NC2=O)C(O)N(C)C)C(C)=C1C,-7.1,-7.1,0.6505,4.3379,seed333
CC1=C(C)C(F)=C(C2=C(S)CC=CN2C)C(C2=CC(C)=C(N)C(N)=C2)=C1,-7.1,-7.1,0.514,3.4685,seed333
CC(=O)C(C=O)NC1=C(C(N)C(N)S)C2=C(C)CN=CC2=C(C#N)C1O,-6.9,-7.2,0.1748,5.4764,seed333
CCCNc1nc(C2(C)CCC(CC(C)CC=O)=C2N)c(O)c(O)c1CCC,-7.0,-7.0,0.4478,4.3384,seed333
COC(=O)C1=C(c2c(C)cc(CO)c(F)c2N2CCC(N)=C2N)CC(F)C=C1,-7.0,-7.0,0.6801,4.2318,seed333
CCN1CC(C(C)OC)=C(S)C=C1OC1(C)OC=C(C)C(C)(C(=O)S)O1,-7.0,-7.0,0.6667,5.4117,seed333
CC1=C(N)C(F)(N(C)CN)C(C(=O)C(=O)C2(N)CCC(CCO)=C2O)=C(C)C1,-6.9,-7.1,0.2333,4.9531,seed333
CCNC1(F)C=CC(O)(C2=CC(C)=CC=C2O)C(N(C)C2=CCCC2)=N1,-7.0,-7.0,0.5708,4.4938,seed333
CC1=NC(C)=C(C2=CN(C=O)CC(OC3=CC=CC=C3)=C2C)C(C2=C(C)C=CC=C2N2C=CSC2)=C1C=O,-7.0,-7.0,0.3239,3.8705,seed333
CC1(O)NC(O)([SH]=O)OC(C(=O)C(N)(N)C(C)(C)C)=C1NC1(N)C=COC1,-7.0,-7.0,0.1724,5.8671,seed333
CC(N)(C(=O)CN)C(C=O)C(S)=NC1=C(OC(N)=O)NC(=O)C(N)(O)C1,-6.9,-7.1,0.0765,5.3443,seed333
CCC1=C(O)C(=O)C(C2=C(O)C=C(C=O)C(CCNC)=C2N)=C1C(=O)Cl,-6.9,-7.1,0.3235,3.5547,seed333
NCc1c(O)c(C(=O)Cl)c(N2CC=C(C=O)S2)c(C2(S)C=CCC2=O)c1NC(=O)F,-7.0,-7.0,0.1244,5.0497,seed333
CCN(C)C1=C(C(=C2C=C(CO)C=CC2)C2CC=C(C)CN2)C(O)=C(C)CC1=O,-7.1,-6.9,0.6207,4.7008,seed333
CNC1(C(=O)c2c(C(=O)C(=O)C=O)sc(C(=O)F)c2OC(O)S)C=C(N)CC1,-7.0,-7.0,0.0817,5.1958,seed333
CNC1=C([SH](C)N)OC(CC(=O)Cl)(C(N)(N)C2=CC=CC(N)=C2)C(=N)N1,-7.0,-7.0,0.1381,5.1711,seed333
CCC(C)C1C(O)=C(C2=C(N)NC(C=O)=C(O)S2)OC(=O)C1(O)N1CC1,-7.0,-7.0,0.2563,5.1683,seed333
CCC1=C(C(=O)C2(N)ONC(O)=C(C(C)(N)S)S2)C(O)=NC(=O)C1(O)O,-7.0,-7.0,0.2026,5.376,seed333
COC1(O)C(C)C(C)(N)SC(N)(c2ccc(C(=O)O)c(N)c2)C1N1CCC=N1,-7.0,-7.0,0.3528,5.2032,seed333
CC1=C(O)C(CC#N)(NC2=C(N=O)C(O)=C(Br)C(C(N)=O)=C2O)C=CO1,-7.0,-7.0,0.2714,4.6841,seed333
CNCN(CN)C1=CC(C2=CC(NC)=CC(C)=C2C=O)=C(C(=O)O)C=C1,-7.0,-7.0,0.4237,3.1018,seed333
CCC1=C(F)C2(C)C(N)=C(NC)C(=O)C(N)=C2C2(C=C=O)CC(Br)=CC12O,-7.0,-7.0,0.4977,5.5071,seed333
CCc1nc(C(C)CC)c(O)c(N2CCC(N(C)C)=C2NC=O)c1C(O)(O)Br,-7.0,-7.0,0.2688,4.4451,seed333
CNC1=CC=CC(F)(C(C)(C2=C(S)C(N)=CNN2C2=NCCC2)N2C=CCC=C2)O1,-7.0,-7.0,0.514,5.6029,seed333
C=CCC1=C(C2=C(NS)C(CC)(OCC)C(=O)N2)C(C)=CC(C(=O)CC)=C1CN,-7.0,-7.0,0.2665,4.2248,seed333
CNC1=C(C)C(S)=C(C=N)NC1(F)N(COC1(N)C=CC(O)=C1)C(=O)Cl,-7.0,-7.0,0.1321,5.6454,seed333
CCNc1c(C(=O)NC)c(C2(C=O)C=C(C)CN2)c(CN)c(O)c1N(C)C,-7.0,-6.9,0.3506,4.3407,seed333
CNC(OC1=C(O)CCC1)C1=C(CN)C(S)(C(=O)OC(=S)[SH]=O)C=C(Cl)C1N,-6.9,-7.0,0.1093,5.7386,seed333
NSC1=C(C(=S)C=O)C(C=O)=C(C2=CNC=CO2)C(C2=CC=CC=C2)=N1,-7.0,-6.9,0.3403,3.8851,seed333
CCC(CC)OC1=NOC(c2c(C)c(N3CCC(CO)=C3O)c(C(N)Cl)c(C)c2N(C)CO)=C(N(C)C)C1C,-6.8,-7.1,0.1867,5.204,seed333
CNON1C(S)=C(N)C=C(OC2=C(C=O)C(=O)C(=O)C([SH]=O)=C2NC)C1(C)N,-6.9,-6.9,0.066,5.4232,seed333
CC1=C(N(C)C(C(=O)C=O)C2(F)N=C(N)C(O)=CC2C)C(C=O)=CC=C1,-6.9,-6.9,0.4509,4.7437,seed333
C=NCC1=C(OC(C)N2C(N)=C(NCF)N(CC(C)N)C(C(S)CC)=C2CO)NC(C)=CN1O,-6.9,-6.9,0.1169,5.8094,seed333
CNC1(N(C)C(O)C2(S)OC(=C(C(=O)O)C(C)S)C=CN2C)C=CC=C1,-6.9,-6.9,0.2588,5.6756,seed333
CC(=O)C1=C(C)C(N)(N)C(C(O)C2(C)CC=C(C)C2)=C(N(C(C)C)C(C)O)N1,-6.9,-6.9,0.342,5.0481,seed333
COC1(N(C)C2=C(C(=O)N(C)C)C(O)=CC=C2C2=C(C)C=CC=C2)CO1,-6.9,-6.9,0.6592,3.4299,seed333
CC(C)C1=CCOC1(C=O)c1c(Cl)c(C(C)N)c(N)c(C(N)=O)c1N(C)C,-6.9,-6.9,0.3852,4.5916,seed333
NC(=S)C1=C(C2=C(C=O)C(N)=C(N)C=C2)C(N)=C(F)C(N2CO2)=C1C=O,-6.9,-6.9,0.2611,4.1826,seed333
CNC1=CC(CN)=C(C2=C(NC)C=CC=C2)C(C2=NC=CC(C)=N2)=C1S,-6.9,-6.9,0.5152,3.0383,seed333
CC1=CC(C2=CC(N)C=C2N)(C2=C(N)C(N)=C(N)C(N)=C2N)NC(F)=C1,-6.9,-6.9,0.2721,5.0925,seed333
CC1=CC(O)=C(C2(C=O)OC(O)CC=C2N(C)C)C(O)=C1C1=CCCC1,-6.9,-6.9,0.716,4.6299,seed333
CCN1C(C(O)(F)C(=S)C2C=CCC2)=C(CF)NC(N(C)C=O)C1(C)C=O,-6.7,-7.1,0.3645,5.5736,seed333
CC(=O)C1=CC=C(N(C(C)N(C)C)C(C)(C)C(N)C2=CCC=N2)C(=O)C1,-6.9,-6.9,0.7046,4.9303,seed333
Cc1nc(C(C)N(C)C)c(C=N)c(C2(Br)CC=C(C(C)N)C2)c1C(O)(S)CO,-6.9,-6.9,0.1383,5.4439,seed333
CN(CO)C1=C(N(C=O)C(=O)C2C=CCN2)OC(=C=O)C=C1NCC=O,-6.9,-6.9,0.1937,5.1567,seed333
CC1=C(CN)C(N)(c2c(C)cc(S)cc2C=O)C(=O)C(C)N1C1(O)C=CCC1,-6.9,-6.9,0.3479,5.1091,seed333
CNCC1=C(C2(N(N)C(N)=CCCl)CC=C(C)C2)NN(C(C)(N)O)C=C1O,-6.9,-6.9,0.1031,5.3035,seed333
CC1=CC(C)=C(C=O)N(C)C1(C=O)C1=NC(N(C)C(=O)O)=CC(NS)=C1,-6.9,-6.9,0.5347,4.709,seed333
NCN1C(=O)C(N)(C(N)(O)CO)C(N)(CO)C(N)=C1C1=CC=C(S)C=C1,-6.9,-6.9,0.1808,4.8999,seed333
COC1=C(C2=C(O)N(N3CCNC=N3)C(N(CCl)C(=O)C(C)OC)=CN2C)C(C)=C(C)C=C1C,-6.9,-6.9,0.4431,4.5761,seed333
COC1(C2=C(C=O)C=CC(C(=O)F)C2(N)NCCl)C=C(C(N)=O)C(N)=N1,-6.9,-6.9,0.1394,5.5108,seed333
C=C(O)C1=C(O)C(C)C(O)(C(=O)C(N)O)N(C)C1(N)C1(F)C=CC=C1C,-6.9,-6.9,0.2958,5.5035,seed333
CNC1=C(C(Cl)(Cl)C(N)(F)N(COC)CC2=CC(C)=C(N)N2)C=NC=N1,-6.9,-6.9,0.3011,4.3432,seed333
CNC(=O)C1(c2cc(C3(NC)C=CC(OC)=CS3)c(N(C)C)nn2)C=NCC1,-6.9,-6.9,0.7378,5.1414,seed333
CCCC1(C2=NC(F)=C(O)N(C3=NC=CC3)C2CS)C=CC(CN)=C(C)N1C,-6.5,-7.2,0.4846,5.2871,seed333
COC(N)C1=C(NC(N)CN)C(=O)SC(C(=O)F)(N2CC(C)=C(C(N)F)C2)O1,-6.9,-6.8,0.1304,5.742,seed333
CCN(C)OC(=O)C(=O)C1(N=O)COC(C2(C(=O)S)CCC=C2CN)=C(C)S1,-6.9,-6.8,0.194,5.3521,seed333
CCCNc1c(C(=O)O)cc(C(CC)CCF)c(C2(S)CC=C(C)C2)c1CC,-6.9,-6.8,0.3069,4.3506,seed333
CCCN1C(OCC)=C(C)C(C=O)NC1(F)OC1(C(N)=O)C=CC=C1C,-6.8,-6.8,0.4985,5.1351,seed333
CC(C)C(=O)C1=C(C(O)(F)C(=O)OC(N)(NS)C(=O)C(=S)Br)C=C(N)N1,-6.8,-6.8,0.0789,5.0109,seed333
CC(=O)NC(Br)C1(NC(N)(C2=CC=NC2)c2ccncc2)NCSC=C1O,-6.8,-6.8,0.2477,5.3823,seed333
CCNC(C)(N)C1=C(C=O)C(NC2CO2)=NC(=O)C1(Cl)N1C=C(N)C(C)C=C1N,-6.8,-6.8,0.12,5.6768,seed333
CCCC1=C(CC(Cl)OC)C(C#N)=CN=C1N1C=C(N)CC(C)=C1CC,-6.8,-6.8,0.7176,4.3584,seed333
CNC1=C(C=O)CC=CC1=CC1=C(N)C(F)=NC(C(=O)C(=O)C=O)=C1C,-6.8,-6.8,0.2569,4.1317,seed333
CNC(C)C(=O)C(=O)OC1=C(N(c2nc(C)c(C)c(CO)n2)C(C)N2CC=C(O)C2)N(C)CNC1=O,-6.8,-6.8,0.2507,4.9291,seed333
CNC1=C(C(C=O)(C2=CC(C=O)=C(C=O)C(C)(C)N2C)N(C2=CCCC2)C(N)NC)NC(=O)C(C)N1C,-6.8,-6.8,0.2312,5.5609,seed333
CC1=C(C)N(C)C(C2(C(C)O)C(=O)C(C(=O)O)=C(O)C(C(C)O)=C2Cl)=C(CO)C1,-6.8,-6.8,0.4167,4.8216,seed333
CCC(=O)N(C(=O)F)C12SC(F)=C(C)C(C)=C1C(NC)=C(F)C(F)=C2O,-6.8,-6.8,0.4225,4.66,seed333
CCC1(C)CC(C)=C(C2=C(F)C(O)=C(C=O)C([SH]=O)=C2F)C(CS)=C1N,-6.8,-6.8,0.4496,4.9377,seed333
CC1=C(CN)C(C(N)(S)OCN)=NC(N)=C1C(=O)C1(N)NC=CC=C1S,-6.6,-7.0,0.1718,5.2068,seed333
C=CNC1=C(C)N(C(c2cccc(C)c2)(C(C)N)C2(F)CC=CC2)C(N)=CS1=O,-6.8,-6.8,0.6196,5.2438,seed333
CNC(N)(N)C1=C(CN(CO)C2=CC=NC=C2)C(C)C(S)(C(C)=O)C=N1,-6.8,-6.7,0.3297,4.8205,seed333
Cc1cc(N)cc(C2=CC(O)=CC(F)(N=C(F)N(C)C3=CC=CC3)C2)c1C,-9.8,-9.8,0.3444,4.5177,seed999
CC1(N)C=C(C2=CC(C3(NC4=C(C(=O)F)C(=O)C=CC4=O)NC3=O)=C(O)C(C(N)=O)=N2)C=CC1,-9.7,-9.8,0.1546,4.8349,seed999
C=C1OC=C(C)C(C2=CC(C3=CC=CC=C3)=CC=C2)=C1C1=CC=NC=C1,-9.7,-9.7,0.5753,2.6739,seed999
CC1=C(c2ccccc2)OC(C(C)=C2C=CC(c3ccc(C)cc3)=NN2)=C(C2(O)C=CCC2)C1,-9.9,-9.3,0.5361,4.0935,seed999
CC1=CC([SH](C)C2(F)CC=CC2)=C2C(C)=C(C)C(C3=C(C)C=COC3)=NC2C1,-9.6,-9.6,0.4391,5.502,seed999
CC1=CC=C(N(S)C2=C(C)C(C3=C(F)C=CC=C3)=C(F)C(C)=C2)C=C1C,-9.6,-9.6,0.4942,2.7803,seed999
CC1=C(C)C(C2(c3cccc(C)c3)C=CN(C)CO2)=CC(C)(C2C=CCC2)O1,-9.5,-9.5,0.6402,4.7455,seed999
CCC1=C(C2=CC(N)=CC=C2)C(C)=CC(C(Cl)=C2C(C)=CSC=C2C)=C1,-9.5,-9.5,0.5636,3.3164,seed999
CC1=C(Br)C(N)=C(c2cc(C3=CCC=C3)cc(C(C=O)C(C)O)c2)C(=O)[SH]1N,-9.4,-9.4,0.3957,5.1355,seed999
CC1=CC=CC(C2=C(C)N=C(C)C(C3=C(N)C(C)=C(C)C=C3)=C2C)=C1N,-9.4,-9.4,0.6086,2.719,seed999
Cc1cnccc1NC1=C(C(O)=Nc2ccccc2)CC(C2CC=CC2)=CN1,-9.3,-9.3,0.3858,3.4586,seed999
CC(=O)C(=O)C1(C)C(C2=CCC(C3=CC=CC=C3)=C(C)O2)=CC(N)=CN1C=O,-9.3,-9.3,0.6285,4.2428,seed999
CC1=C(F)CC(C2(C)C(=O)C(=O)C(F)=NN2C(=O)O)=C2C=CNC(N)=C12,-9.3,-9.3,0.604,4.7043,seed999
CC1=C(C)C(N)=C(C2C(=O)C(=O)NC(F)C2(N)C2=CC=CC=C2)C=C1Cl,-9.2,-9.2,0.4264,4.1285,seed999
CC1=C(N)C=C([SH]2C=CC3(C)C(C)=C(O)N=CC3=C2C2CN2C=O)C=C1,-9.2,-9.1,0.3305,5.6965,seed999
CNC1=C(C2(Br)C=CC=CC2)C(C)=C(C2=C(N)C(C)=CC=C2N)C(O)=C1,-9.1,-9.1,0.4213,3.9158,seed999
CC(=O)C(O)(C1=CNN(C2=C(C)C(C)=CC=C2)C(C)=C1)C1=CC(C)C(N)(C2CN2)C(C)=C1,-9.0,-9.1,0.5319,4.9904,seed999
CCc1cc(C2C=C(NC3=CC(O)CC3)C(F)=C(C=O)C2[SH]=O)ccc1C,-9.1,-9.0,0.5171,4.9794,seed999
CC1=CC(Br)(c2c(N)c(-c3ccc(C)cc3C)c(N)c(C(=O)F)c2O)NC1,-9.0,-9.0,0.1921,4.0556,seed999
CCC1=C(C2=NC(C)N=C(C3=CC=CC3)O2)C2=CC=CSC2=C(NC)N1C,-9.0,-9.0,0.7929,4.9831,seed999
Cc1c(O)c(Oc2cccnc2)c(C2=CCC=C2)c(C)c1-c1ccccc1,-9.0,-9.0,0.6051,2.818,seed999
CC1=CC(O)=C(C2=CC(N)=C(C)N(C3=C(N)N(N)C(O)=C(N)N3)O2)C=C1,-9.0,-9.0,0.3558,3.9894,seed999
CC(C)(F)c1c(C2(F)CCC=C2N)cc([SH]=O)c(C(=O)N2C=CCC=N2)c1F,-8.8,-8.8,0.7452,5.1979,seed999
C=C1NC(C2(N)CC=CC2)=C(C2=CNC=CO2)C(C)=C1Nc1c(C)cccc1O,-8.8,-8.8,0.3974,4.2237,seed999
COC(C)(O)C1(C2=CC=CC=C2)C=CC(C2=CC=C(C)C(C)=C2)=C(C)O1,-8.8,-8.7,0.7996,3.7985,seed999
CC1(N)C=CC(c2ccccc2)(C(C)(N)NC2(Cl)NC(F)=C(N)C=C2N)C1,-8.7,-8.7,0.1982,5.2272,seed999
CC1=C(C)C(C)=C(C)C(N(C)C2=C(Cl)C(CS)=CC(C3(C)CCC3)=C2)=C1,-8.7,-8.7,0.5419,3.2885,seed999
CC1=CC(C=O)(C2=C(O)N(c3cccc(C)c3)C(N)=C(OC3(O)C=CCC3)C2)OC=C1,-8.6,-8.7,0.3783,4.8989,seed999
CC1=C(F)C(C2(O)C=CC=C(N)C2=O)=C(F)C(C(=O)C2(C)OC2N)=C1N,-8.6,-8.6,0.3419,4.9533,seed999
CCc1cc(N(C)c2c(N)c(C3(O)C=C(C)CC3)cc(C)c2C=O)cc(O)n1,-8.6,-8.6,0.4143,4.1308,seed999
CCC1OC(OC2(C=O)CC=CC2(O)CN)=NC(C2=C(F)C=CN(C)C2)=C1CN,-8.7,-8.5,0.4371,5.6069,seed999
CC(=O)C1=C(C)CC(F)(C2=CCC=C(N)N2)C(C2=CC(C)=CNC2C)=C1,-8.6,-8.6,0.7255,5.2065,seed999
C=C1C(C2=CC=C(C3=CCC(N)=CO3)C(N)=C2)=C(N)NC(=O)C1(N)C(C)=O,-8.6,-8.6,0.3823,4.4789,seed999
CNc1c(CO)nc(-c2c(O)c(C)c(O)c(O)c2O)c(F)c1N1C=CCC1,-8.6,-8.6,0.3536,3.6301,seed999
CC1=CC(O)=C(c2ccncc2)C(F)(C=O)N1C1=CC(C)=C2CCC=C2N1C,-8.6,-8.6,0.6296,4.4574,seed999
CC1=CN(C2=C([SH]=O)C(=O)NC3C=NC=CC23C(N)=O)C=C(C(=O)C(C)C2=CCCC2=O)C1,-8.6,-8.6,0.4906,5.7804,seed999
CN(C(=O)C(=O)C1=NC(CN)CC=C1C1=CC=CC=C1)C1=CC=CC=N1,-8.6,-8.6,0.8356,3.561,seed999
CNC1C=C(C)C=C(C(C)(CC2(F)CC(C)=C(F)C(C)=C2O)OC)N1C,-8.6,-8.6,0.7598,5.1973,seed999
CCc1ccc(C2=CN(C#N)C(C3=C(CCl)C4=C(C)CCC4(N(C)C)C(N)=N3)=C(C)C2)c(C)c1O,-8.6,-8.6,0.4284,4.7524,seed999
CCN(C)C(C)c1c(F)cc(F)c(F)c1-c1ccc(C2=CCC=C2)c(C)n1,-8.7,-8.5,0.614,3.6858,seed999
C=CC1=C(CC)C(F)(C2=C(O)C=CC=C2)C=C(C2=C(NC)C=CC=N2)N1,-8.6,-8.5,0.7429,3.9201,seed999
CCN(c1ccc(C)cc1C=O)C(NO)N1C=C(CC2(C3(O)CC=CC3)CC=CC(C)=C2S)C(S)=C(C)C1,-8.5,-8.6,0.0859,5.2856,seed999
CC1=NC(C2(C)C=CC(CN)=N2)=C(CS)C(C2=NC(N)=C(F)C(F)=N2)=C1,-8.6,-8.5,0.5613,4.4061,seed999
CN1CC=CC(C2=C(O)C(C(=O)C3=CC=CC=C3)=C(C(N)=O)NC2)=C1O,-8.6,-8.5,0.6065,3.3707,seed999
CC1C(F)=CC(Cl)=C(Oc2ccc(C3C=CCS3)c(OC=O)c2)C1N(C)O,-8.5,-8.5,0.4195,4.9701,seed999
CCc1c(C)ccc(C(N)=C=O)c1-c1ccc(N)c(NC2=NC(=O)CN2)c1,-8.5,-8.5,0.4855,3.4555,seed999
CC1=C(C)C(C(O)C2=C(C(=O)C(N)N(C)C(=O)C(=O)S)C(=O)C(=S=O)C(N)=C2)C=CC1=O,-8.5,-8.5,0.1138,5.4024,seed999
CC1=CC=C(C2=C(C3=C(C=O)C=CC(C(=O)C4=C(NCN)NC(N)=CO4)=C3N)CNC(N)=C2C)C=N1,-8.5,-8.5,0.1255,4.0956,seed999
Cc1cc(O)ccc1-c1c(C)c(C2(N)C=CSCN2)nc(C)c1N1C=NCC1,-8.5,-8.5,0.7401,4.4368,seed999
CC1=C(N)C(=O)S(=O)C(F)=C1NC1(C2=CCC=C2)C=C(N)C(C)C(CN)=N1,-8.4,-8.4,0.5571,5.6168,seed999
CCNC1(O)C=C(CN)CC(C2=CC=CC2)(N2C(NC3=CC=CC=C3)=NC(NC=O)=C(N)C2N)S1,-8.4,-8.4,0.1563,5.163,seed999
CN1C=CC(O)(NC2=C(O)C(C3=CCC=C3)=CC(C(O)(O)O)=C2)N=C1S,-8.4,-8.4,0.2328,4.7136,seed999
CC(F)C1=C(N)NC(N)=C(C2=NC(C3=CC(=O)CC3)=CC(N)(C(N)=O)C2(N)[SH]=O)N1,-8.4,-8.4,0.2076,5.6463,seed999
COC1=C(N)N(c2nc(C=O)c(-c3c(F)c(N4CC(C)=CC=N4)c(C=O)c(C(CF)=C4CCC=C4C)c3N(C)C)c(C)c2F)C=CC1,-8.4,-8.4,0.299,4.8887,seed999
CC1=C(C)C(C)(CCC=O)C(C)=C(c2cccc(C3=CCC(=O)C3)c2)C1C=O,-8.3,-8.4,0.4962,4.3872,seed999
NC1(Oc2ncc(C(=O)NC=O)c(CF)c2C2(O)C=C(O)C=CN2)CC=CC1,-8.3,-8.3,0.2684,4.8945,seed999
CCc1ccccc1C(N)(C=O)C(N)C(=O)C1(O)OC(F)=NC2CCC=C21,-8.3,-8.3,0.4942,4.9635,seed999
CC1=C(C2=COC=CC2)C(OC2(O)C=CC=C(N)N2)=C(N(C)C=O)C(N)=C1,-8.3,-8.3,0.3511,4.7568,seed999
CC1=C(C)C(N(C=O)C(C)O)=C(C2=CC=CC=C2)C(C2=CC=CC=C2)=C1,-8.3,-8.3,0.5255,2.9189,seed999
CCNC(N)(O)C1(N)NC(C2=CC=CC2)=C(C2=NC=CC=C2C)C=C1C,-8.3,-8.3,0.5122,4.4783,seed999
CC(=O)C1=CC=C(C2=C(N)NC(C)C(C3=CC(CO)=CC3)=C2C=O)C=C1,-8.3,-8.3,0.5595,3.906,seed999
CC1=CC(C#CC=O)=C(C2=CC=NC=C2)C(S)=C1C1=C(O)C=C(CO)N1,-8.3,-8.3,0.3268,3.6128,seed999
CCC1(C2=C(OC)C(N(C=O)C(Cl)=NC)=C(S)C(C)=C2)C=CC=C(C)C1,-8.2,-8.3,0.2507,4.5922,seed999
O=CC1=C(C=O)CN(C2=NC(C(=O)C3=CC=CC=N3)=CC(=O)C2(O)Cl)N=C1,-8.2,-8.3,0.4394,4.4967,seed999
CC1=C2C(=C(C(OC3=CC(=O)C=C3)C(N)=O)C(N)=C(O)C2CN)C=CC1,-8.3,-8.2,0.5737,4.6973,seed999
CC(=O)C(=O)N1NC1(NC1=C(C)C(N)=CC=C1)C1=NCN(CN)C(=O)O1,-8.2,-8.3,0.3036,4.6642,seed999
CC1=C(C=O)C(=O)C(C2=C(C)C(C3=NCN=N3)=CC(N)=C2N)=C(C)C1=O,-8.2,-8.2,0.3694,3.8798,seed999
CC1=C(O)OC(=C2CN=C(F)C2)C(=O)N1c1c(N)c(C)c(C(=O)F)c(O)c1N,-8.2,-8.2,0.1971,4.274,seed999
CC(NCN)(C(=O)NC1=C(C2(C(O)Cl)C=CC(F)=C2)C=C(C(=O)O)C(=O)C1F)C(N)O,-8.2,-8.2,0.1319,5.7033,seed999
COC1(N(C)C2(C(=O)C3=CC=CC=C3)C=COC=C2)C=C(C)C(C)=CC1,-8.2,-8.2,0.5876,4.3527,seed999
CCOC1(N)C=CC2C(N3CC(C)=C(N)C3)=C(CC)C(CC)=C(C)C2(CC)C1,-8.2,-8.2,0.5178,5.1709,seed999
CC1=C(N)C(S)=C(N(C)CC2=C(C)C=C(C3=CC=CC=C3)N=C2Cl)C=C1,-8.2,-8.2,0.3535,2.7438,seed999
CC1=C(CN)C=C(C(=O)C2=C(O)C(C(=O)C(O)=C=O)=C(OC3=CCNC=C3)CO2)C(Cl)=C1N,-8.2,-8.2,0.1289,4.4407,seed999
CNC1=C(C2(C=O)OCC(CN)=C2C=O)C(O)=C(c2cc(S)c(C=O)c(NC)c2)CN1CCN,-8.3,-8.1,0.1991,4.8831,seed999
CC1=CCN(C(C)(C)OC2(C=O)C(C3CC=CC3)=CC(N)(N)C(C)=C2O)C(C)=C1N,-8.2,-8.2,0.309,4.9172,seed999
CNC1=NN(C2=C(N=CN)NC(N3C=C(N)CC3)=C(C(Cl)NC)S2)NC=C1N,-8.1,-8.1,0.1266,5.427,seed999
CCC1=C(C2=C(C(C)=O)C(=O)CN=C2C2=CC=C(O)C=C2)C=C(C)C=C1,-8.1,-8.1,0.8581,2.7036,seed999
CCOC(C)(O)c1nc(-c2cncc(NC)c2)nc(C2(Cl)CC=CN2)c1C,-8.1,-8.1,0.397,4.5876,seed999
CC1=C(C(S)(C2=CC(C#N)=C(C)C(=O)C2)C2=CNC(C)=C(N)N2C)C=CC1,-8.1,-8.1,0.6552,4.943,seed999
CC1=C(N)C(C2(N)C=CNC2)=C(C)C(C)=C1C(F)(S)C1=CC(Cl)=CC=C1,-8.1,-8.1,0.4676,4.4156,seed999
CNc1c(F)ccc(C2=NC(F)(C#N)C(F)=C(C3=CCC=C3)N2CS)c1C,-8.1,-8.1,0.5925,4.5397,seed999
NC1=C(CO)C(O)C=CC1=C1C=C(C2=COC(=O)CN2)NC=C1N1C=CCC1,-8.1,-8.1,0.4313,4.9769,seed999
CC1=C(C2=C(N)C(N)=C(N)N=C2[SH]=O)C=C(F)C(C2=CCC(N)=C2)=C1O,-8.1,-8.1,0.445,4.2904,seed999
CCN(C1=C(NC)C(O)=CC(C2(O)CC(S)=NC(C)=C2C)=C1)C1=C(C)CC(=O)O1,-8.1,-8.1,0.3319,4.674,seed999
CCC(C)C1(C2=C(C3C=C(CN)C(C(C)Cl)N=C3N(C)CN)CC(N=O)=C(F)O2)CCC(C(=O)C(C)=O)=C1C,-8.0,-8.1,0.1298,5.9832,seed999
CC1=C(C(N)(C=C2C=CC=C2)C2=NC=C(C=O)N2)C(C2=COC=CO2)=C(C#N)C=C1,-8.0,-8.0,0.7456,4.6504,seed999
N#CC1=C(N2CC2=O)C(=O)C(C2=CC=CC=C2)C(C2=CC=CC=C2)=C1O,-8.0,-8.0,0.8697,3.4235,seed999
CC1=CNCC(C2=NC(O)=C(O)C(C)=C2C2(S)C=CC(N)=NN2C)=C1N,-8.0,-8.0,0.4225,5.0049,seed999
CNC1=C(C(C2=CCC(=O)C=C2)=C(C)OC2=NCC=C2)CC(N)=C(Cl)S1=O,-8.0,-8.0,0.7011,5.1641,seed999
CCSc1cc(C2=C(Cl)NC(C)=C(C3(O)CC=C(N)C3)N2CF)cc(C(C)CC=O)c1,-8.0,-8.0,0.2909,4.8675,seed999
C#CN1C(NC)=C(N)NC(NC=O)=C1C1=C(O)C=C(F)C(C(=[SH]C)C(=O)C2=CC(C)(C=O)C=CN2)=N1,-8.0,-8.0,0.0793,5.4986,seed999
CC1=C(C=O)C(NN)(OC(=O)C2=C(Cl)N(S)N(C(=O)OC(F)C(=O)C(=O)C=O)C=C2)C=C1,-7.9,-8.1,0.048,5.4944,seed999
CN(NC1=CC=C(CN)C=C1)C1(S)CC(O)=C(C(C)(C)CO)C(S)=C1F,-8.0,-8.0,0.2511,4.2659,seed999
CC1=CC(N)=C(C)C(=O)C1(Cl)Oc1nc(NN)c(N)c([SH]2CCC(N)=N2)c1N,-8.0,-8.0,0.1563,5.5333,seed999
CNC1=CC(C)=C(C2=NC3=C(C)C(N(C)C)=C(O)C(=O)C3=C(O)C2)C=C1,-8.0,-8.0,0.7768,3.386,seed999
CNC(N)(Cl)C1=CN(C2=NC=C(C)C=C2N(C)C2=CCC=C2)C(C)C=C1,-8.0,-8.0,0.4718,4.8294,seed999
CC1=C2OC(O)=C(C3=C(C)C(F)=C(CN)C=C3)C(C(C)(F)OC3(CS)C=CC=C3)=C2NCO1,-8.0,-8.0,0.4554,4.9478,seed999
CCC(F)(C(=O)NC1=C(N2N=CC=CN2)C(O)=C(F)C(N)(F)S1=O)C(C)Cl,-8.0,-8.0,0.3889,5.7004,seed999
CCC1=C(C)C2N(C)C2(CBr)C(OC)=C1C1=NC(NCO)=NC(=O)C1O,-8.0,-8.0,0.3315,5.3241,seed999
CC1C(N)=CC(O)(C(C)(N)C2(NC3=CC(Cl)=CC3)C=CSC=C2)C(F)=C1F,-8.0,-8.0,0.5657,5.7665,seed999
CCC1=C(CNC)CN(c2c(CC)c(CCl)c(C)c(C(C)=O)c2CCCN)C1,-7.9,-8.0,0.3487,3.4871,seed999
CC1=C(c2ccc(C(S)C=O)c(C3=CCCC3)c2C)C=C(O)C(O)(C(=O)F)O1,-8.0,-7.9,0.3906,4.7618,seed999
CC1=C(C(=O)N(C2=NNC(N)=C2)C2(Br)NN2)C(C)SC(N(C=O)CO)=N1,-7.9,-7.9,0.1341,4.9588,seed999
CCC1=C(CN2C(=O)C(S)C=C(S)C2(C)N)C(C)=CC(C2=CCC=C2)=C1,-7.9,-7.9,0.6843,4.6248,seed999
CC1=NC(C(C2=CC(C)(OC=O)C(N)=C(F)N2O)=C2NC=CC=C2N)=C(C)N1,-7.9,-7.9,0.3838,4.8628,seed999
C=C(O)N=C1C(CC)=CN=C1C1=C(CC)N=C(C2=C(N)C(N(C)CC)=C(F)C=C2)C(OC)=C1F,-7.8,-8.0,0.4091,3.8685,seed999
CC1=CC=CC(C2=CC=C(N)C=C2C2=C(C(C)O)C(N)=CC(C#N)=C2)=C1,-7.9,-7.9,0.6134,2.9857,seed999
CC1=CC(C2(F)C=C(C)C(C3=CCC=C(F)O3)=C(OCN)N2C)=CC=C1N,-7.9,-7.9,0.475,4.4749,seed999
CNc1c(F)c(C2=CCC=C2)c(N)c(N(C)C=O)c1-c1cccc(Cl)c1N,-7.9,-7.9,0.5284,3.5874,seed999
CC(=O)C(=O)c1c(F)c(O)nc(Cl)c1C1=C(N)N=CC(NC2=CCCC2)C1=O,-7.9,-7.9,0.3841,4.5088,seed999
CC1=NC(C2=CC(Cl)NC2)=NC(N2C(C)=C(NO)CCC2(C)F)=C1CN,-7.9,-7.9,0.3599,4.8799,seed999
COc1nc(N(C)C2=CCC=C2)c(-c2cccc(C)c2S)cc1C(=O)C=O,-7.9,-7.9,0.355,3.577,seed999
CC1=CC(N)(C2=C(c3cccc(N)c3)C=C(C)C(F)(C(N)=O)C2C(N)=O)CC1,-7.9,-7.9,0.4635,4.5815,seed999
CC1=CN(c2cc(F)c(C3=NC(=S=O)OC3)c(C)c2C=O)C(C=O)=C(C(N)=O)C1(N)N,-7.9,-7.9,0.3033,4.5316,seed999
C=C(C1=C(C)C(C)=C(C(N)O)C(C)=C1C1=NC=CN1)N1C=CCCC1F,-7.9,-7.9,0.5747,4.5857,seed999
CNC1=C(NC(C)(Cl)C2=C(N(C)C(=O)O)CNC(=O)C2)C(O)=CC(C2=CCC=C2)=C1N,-7.9,-7.9,0.1293,4.5967,seed999
CC1=C(C2(N(C)C)C=CC=C2C(=O)NN)C(O)=C(C(N)C(C)O)C=C1O,-7.9,-7.9,0.1875,4.6446,seed999
CC1=C(O)C(=O)N=C(C(=O)C2=C(CC(C)N(CN)C3(F)CC=CC3)CC=CO2)C1(Cl)C(C)C,-7.8,-7.9,0.2337,5.4032,seed999
CC1=CN(C2C=CC(O)=C(N3C(C)=CC4=CNNC4=C3C(=O)Cl)C2=O)C=C(S)C1,-7.9,-7.8,0.4044,5.1,seed999
CN(C)c1ccc(-c2c(N)c(CN)c(N(C)C=O)c(O)c2C2C=CCC2)cc1,-7.8,-7.8,0.3095,3.7586,seed999
COCC1=C(NC2(N)NC2=O)SC(OC(C)F)=C1C1=C(C)C=C(N)C=C1,-7.8,-7.8,0.3322,4.2508,seed999
N=C1C=C(Cl)C(=O)C(C(=N)C(N)CN)=C1C(=O)C1(N)C=CC=C(CN)N1,-7.8,-7.8,0.2164,5.0663,seed999
COC(F)C1(C(=O)C2=C(C(O)O)CC(N(C)CCN)=C(Cl)C2=O)CCC=C1C,-7.8,-7.8,0.3087,4.928,seed999
CCN(C=O)C1=C(S)C(N)=CC(C)(C2=C(CC(C)C)C=CC(C)=C2C)O1,-7.8,-7.8,0.5804,4.1838,seed999
CC1=CN(C)C(N(C)c2cncc(C(=O)N3C=CCC3)c2N)=C(CF)N1C,-7.8,-7.8,0.875,4.1004,seed999
CNC(Br)CC(=O)C(=S=O)C12CC=CC1C(N1C=C(O)CC(Cl)=C1)=CC=N2,-7.8,-7.8,0.2688,5.9038,seed999
CCc1c(C)cc(N(C)C(C)Br)c(N)c1N1N=C(O)NC(N2CCC=C2C)=C1N,-7.8,-7.8,0.3012,4.5713,seed999
CNC1=C(F)C(C2=C(NC)C(N)=C(N)C=C2Br)=NC(C2(N)C=CC=C2)=N1,-7.8,-7.8,0.4812,3.906,seed999
CCNCC1(N)OC(=C(C)C2=C(C3NN3)CC=CN2)OC(NC=O)=C1N,-7.8,-7.8,0.2124,5.1062,seed999
CC1=C(F)C(C2=CCC(S)=CC2=O)=C(OC#N)C(C)=C1N(C=O)C(N)=O,-7.8,-7.8,0.4768,4.229,seed999
CC1=CC=C(C(O)F)C(C2(F)C=CC(C)(N)C(O)=C2)(C(C)(O)C2=CCCC2)C1,-7.8,-7.8,0.5469,5.736,seed999
COC1=C2C(O)=C(F)C(N)(O)C(NC(N)(N)NC(=O)NC(=S)CN)=C2CO1,-7.8,-7.8,0.1684,4.939,seed999
CC1=C2NC(=C3NC=C(N)C(C(C)C(=O)O)O3)OC(C(=O)CO)=C2CS1,-7.8,-7.8,0.4525,5.0698,seed999
CC(CN)CNC1(Br)NC(OC(C)(C)N)=C(C(F)(F)C2=CNC(N)=C(F)O2)CO1,-7.8,-7.8,0.1671,5.3959,seed999
CN(C1=NC(Cl)=C(N)C(F)=N1)C1=C(N)C=C(N)C(N)=C1C1=CC(N)=CN1,-7.8,-7.8,0.2961,3.7824,seed999
CCC1C=C(C)C(C(O)(C(=O)F)N(C)C2=CC(C=O)=C(C)C=C2)=CC1=O,-7.6,-8.0,0.4802,4.353,seed999
CCC(N)(CC1=C(C(=O)OCCCN)C=NC(F)(F)O1)NC1(N)C=C(C)CC1,-7.8,-7.8,0.1498,5.0741,seed999
CCOC1NC(N2C(C)=CC(C(Cl)N(C)CN)=C(O)C2(F)C(=O)C=O)O1,-7.6,-7.9,0.1735,5.6193,seed999
CSc1nc(N2C=CC=C(C(C)(N)N)N2)c(C)c(CC(C)=O)c1NC1(C)C=CCC1,-7.8,-7.7,0.2979,4.6562,seed999
CNC1C=CC=C(OC2=C(C)C(C(C)(O)S)=C(C)C(C)=C2CN(C)C)O1,-7.8,-7.7,0.5245,4.6416,seed999
CC1=CC(C2=C(N)C(C)(C3=C(C)C=CC=C3)C(=O)C=C2C(=O)S)=CC=C1,-7.7,-7.8,0.8134,3.4368,seed999
CCC(C)(NC)C1=C(N2CC=CC=C2C)C(C)=C(CC=O)C(F)(CC)N1,-7.7,-7.8,0.5324,4.8854,seed999
COC(C)C1=C(C2CCC=N2)N(C)N(C(=O)C(=O)c2ccccc2)C(F)(S)O1,-7.6,-7.9,0.3516,4.7202,seed999
CCC1=C(C)C(C)=C(CCl)C(N(OC)C2=CC(=O)C(C)=C(C)C2)=C1NC,-7.8,-7.7,0.5464,3.7538,seed999
CCC1=CC2(N)C(=O)C=C(CN)NC2C(C(=C(C)C(N)=O)N2CN=C(N)C2)=C1,-7.6,-7.9,0.368,5.3007,seed999
CNC1N=C(N)C(C)(CCC=O)OC1(C1=NC(C)=CNC1N)N1CCC=N1,-7.8,-7.7,0.446,5.8977,seed999
C#CC(=O)C1=C(N)C(C2=C(C=O)C=CC=C2)=NC(=O)C1(O)N(C)C(C)=O,-7.7,-7.7,0.322,4.0811,seed999
CC1=C(C(=O)F)C(=O)CC(O)=C1N(C(=O)N1CC=C(N)C1)c1ccc(O)cc1,-7.7,-7.7,0.5385,3.7309,seed999
CNC1=C(C2=C(N)C(C)=C(C(C)=C3C=CCC3)C(=S)C2)C(C)(NC)C(C)=CC1,-7.7,-7.7,0.4745,4.9556,seed999
CCOC1=C(C2(CC)C=CC=C2C)C(S)=C(C(=O)C2=NC=CC=C2)CO1,-7.7,-7.7,0.5862,4.1943,seed999
CC1=C(O)C(C)=C(C2=C(C)C(S)=C(N3CC3O)C(=O)C2C)C(O)=C1CO,-7.7,-7.7,0.3137,4.5997,seed999
NC(=O)C1(N)C(F)=C(N)NC(C2(S)CC=CC2=O)=C1C1=CNC(C=O)=CC1,-7.7,-7.7,0.2731,5.4097,seed999
CCNC(F)C1=C(C2(N)NC(C(CN)CCNN)=CC(N)=C2N)N(C(C)C)CC1=O,-7.7,-7.7,0.112,5.2544,seed999
O=CC1(C=O)C2=CCCC2=C(CCO)NN1c1nc(ON=O)nc([SH](=O)=O)n1,-7.7,-7.7,0.152,4.8494,seed999
COC(N)C=S=C(NC(C)=O)C1(Cl)C=CCC(C(F)(C=O)C2C=CCC2)=C1O,-7.8,-7.6,0.1973,5.7632,seed999
CCN1C=C(OC2=NC(=N)CN2)C(CO)(C(=O)c2cnc(Cl)c(N)c2C)NC1,-8.1,-7.3,0.3434,4.871,seed999
C=C(C(=O)C1(OC)CC=CC(C(Cl)NC)=C1F)C1=C(C)C=C(C)C(C)=C1,-7.7,-7.6,0.4488,4.4178,seed999
CN=COc1cc(C2(O)C(O)=CN(C3=CC=CC3)C(C)=C2C)c(C)cc1O,-7.6,-7.7,0.5563,4.5476,seed999
C=C=C1C=C(C2=C(O)CN(CC)C=C2N=O)C=C(CCC)N1C1=C(C)CCS1=O,-7.6,-7.6,0.5038,5.1715,seed999
CC1=C(Cl)C(C(=O)S)(C(C)(O)N(O)C2=C(C(=O)C=O)C(=O)CC(=CN)N2)CC1,-7.6,-7.6,0.1013,5.3399,seed999
COCc1cc(NC2=CCCN2)c(N2C=CN(C)CC2)c(C(C)N)c1C=O,-7.6,-7.6,0.6335,4.4064,seed999
C=Cc1c(CN)c(C(=O)N2CC=C(C)C2)c(Br)c(F)c1C(N)(NC)NC(=O)O,-7.6,-7.6,0.3266,4.3895,seed999
COCC(O)=C1C(=O)NC(N)=C1C(N)(N=C(N)C(=O)OC(C)O)N1CC(N)=C(Br)C=C1C,-7.6,-7.6,0.053,5.1192,seed999
COC1(C=O)C(C(=O)CN)=C(F)C(C(N)CCN)=C(N2C=CCC=C2)[SH]1CO,-7.6,-7.6,0.259,5.5865,seed999
CC1=CCOC(NC2=C(C(C)(N)N)C(OC(=O)F)=C(C(N)=O)C(F)=N2)=C1,-7.6,-7.6,0.3415,4.1018,seed999
CC1(C)C(C=O)CN(C2=NC(N)(C3=CCNC3)C(N)C=C2O)C(S)N1C(=O)Cl,-7.6,-7.6,0.1385,5.7734,seed999
CC1C=CNC(NC2=C(Br)C(NC3=CCCC3)=C(C=O)C(=O)C2OC(=O)O)=C1,-7.6,-7.6,0.2773,5.0468,seed999
CC1=CC(c2nc(N)c(-c3c(O)nc(C(=O)S)c(F)c3O)nc2N)N(C)C1,-7.6,-7.6,0.3838,4.4392,seed999
CCC(C)(C)C(O)(C(=O)Cl)C1=NC2=C(C(N)C#N)COC2(C(N)=O)C(Cl)=N1,-7.6,-7.6,0.5281,5.3612,seed999
CC1=C2C(=CC(C3=CC(C)NC(=S)N3C)=C(C3(C)NCN3)S2=O)C=CC1,-7.6,-7.6,0.6303,5.3533,seed999
CNC(F)(C=O)c1c(C2=CCC=CC2)nnc(NC(=O)C2(N)C=NCC2)c1N,-7.6,-7.6,0.3144,5.1184,seed999
CNC1(C2=CC=CC=C2)C(N)=C(C2=CC=CC(N)=C2)C(=O)C(C)=C1OC,-7.6,-7.6,0.7382,3.3606,seed999
CC1=CC(C2=CC=C(O)C(C3(Cl)CC=CC=C3CC(C)N)=C2C=O)=CC1,-7.6,-7.6,0.5669,4.5873,seed999
CC1C(C2=NC(C3=CCC=C3)=C(CN)C=C2)=CC(C=O)(CN)C(O)=C1F,-7.6,-7.6,0.705,4.6799,seed999
CC1=CC=C(C(=NC2(C=O)CC2)C2=NC=C(N)C(N(C)C(=N)O)=C2)C=C1,-7.6,-7.6,0.4347,3.5535,seed999
CC(=O)C1(C2=CC=CC2)C(C)=C(C)C(C2=CC=CC=C2)=C(CF)N1C#N,-7.6,-7.6,0.74,4.0711,seed999
CC1=CC2(C)C(OC=O)=C(OC3=CC=CC=C3)C(C=N)NC2(N)C=C1N,-7.7,-7.5,0.4696,4.9097,seed999
CCC1=C(NC2=CC(=O)C(C)(N(C)C3=CSC=CC3)C(C)=C2)C=CC=C1,-7.6,-7.6,0.7706,4.1964,seed999
CNN(C1=C(Cl)C=CC(=O)C1(F)C(=O)N1CCC=C1C)c1ccc(O)c(C)c1,-7.6,-7.6,0.5946,4.3508,seed999
CCC1=C2C(N=O)=C(C)N(C)C(NC)=C2C(NC2=CNC=C2)=C(C(C)F)C1,-7.6,-7.6,0.6429,4.6987,seed999
CCCC1=C(C(C)N(C)C=O)C(C)=C(C2(OCNC)C=CCO2)C(C)=N1,-7.7,-7.5,0.4162,4.7116,seed999
CNC1=C(N(C)N)C(=O)C(N2CC=NC2)(C2(O)C=C(CF)C(C)=CC2)C=C1C,-7.6,-7.6,0.476,5.3953,seed999
CC(=O)C1=C(C2(C#N)C(O)=CC(F)=C(C)N2C)C(C=O)=C(c2ccc(C3C=NCC3)cn2)CC1=O,-7.4,-7.7,0.5129,5.0203,seed999
CC1=C(N)OC(c2ccccc2)(C(F)(Br)C(=O)OC2CC=CN2C)N=C1O,-7.7,-7.4,0.5523,4.8226,seed999
CCC(C)(C)C1=C(N)N(C(N)(NC)NC)N(S)C(C(C)(S)OC2(O)C=CC(O)=C2N)=N1,-7.6,-7.5,0.172,5.6111,seed999
CNC1=C(F)C(C2=CC=CC(C)=C2C(C)=O)=NC(C(O)NC)=C1C(=O)Cl,-7.5,-7.6,0.4058,3.6885,seed999
CCN(C=O)C(F)Oc1c(C)c(Cl)c(C(C)O)c(N2CCC(C=O)=C2C)c1N,-7.6,-7.5,0.2941,4.6566,seed999
CNCC1C=CC(OC)(C2=C(C)C=C(C)C(S)=C2C2=CC=CC2)SC1=O,-7.5,-7.5,0.5801,4.8384,seed999
CNc1c(C(=O)C2=C(C=O)C(=O)S(=O)C(N3CC(C)=CC3=O)=C2O)c(C#N)c(N)c(C=O)c1C(=O)F,-7.5,-7.5,0.1509,4.8749,seed999
CNC1=C(S)C(C)C(C=C2CC=C(C)C(N)=C2C(N)S)=C(C2(O)C=CCC2)N1C(C)=O,-7.5,-7.5,0.2199,5.5325,seed999
CCCC1=C(N(C)C2=C(F)C(C(C)=O)=C(NCN)C=N2)C(O)(O)C(C)=C1,-7.5,-7.5,0.4316,3.8763,seed999
CNC1=CC(C=O)=C(N2CNC2N)C(C2=C(F)C=CC=C2C=O)=C1OC,-7.5,-7.5,0.6774,4.0028,seed999
CNC1=C(CN)C(N)=C(C2=C(C)CC=C(N)N2)C(C2=CC(C)C=C2)=C1N,-7.5,-7.5,0.462,4.5633,seed999
NCN(N)C1=C(N)C=C(C(=O)C2(Cl)CC2N)C(C(=O)C2=CNCCO2)=N1,-7.6,-7.4,0.1321,4.9373,seed999
CC1=C(C2([SH]=O)C=CC=CO2)C(O)=C(Cl)C(C#CC=O)=C1NC(C)(N)O,-7.5,-7.5,0.17,5.4838,seed999
C=CC1=C(N)CNC(=C(C2=CC=CC=C2)C(C)(C(C)(C)N)C(N)(N)F)C1,-7.5,-7.5,0.4076,4.3062,seed999
CC(=O)OC(C)(C(N)=O)C1=C(F)CC(F)(C2=C(C(O)=S)C(C(N)(S)C(C)CO)=C(C)C2=O)C1,-7.5,-7.5,0.1452,5.4118,seed999
CC1=C(F)C(N)=C(N)C(N)(CCF)C1(SN)C1=C2CCC(CN)=C2C(O)=NN1,-7.5,-7.5,0.3198,5.4763,seed999
NC(=O)C1=C(S)N=C(F)C(N2NC(C=O)=CC2(F)C(N)(C=O)CF)=C1O,-7.5,-7.5,0.1839,5.2477,seed999
CCNC1=CC(C2(C)C=CC(C(C)N)=C2C)=C(CC)N(CC)C1(N)SC,-7.5,-7.5,0.5913,5.1027,seed999
CC1=C(C2=NC=CC2)C(N)=C(C2=CC(C(N)=O)=CC=C2S)N=C1OCN,-7.4,-7.5,0.4732,3.6287,seed999
COc1c(N)c(N2C=C(C3(C)CCC=N3)C(C)(N)C(OCN)=N2)c(NCN)c(F)c1F,-7.5,-7.4,0.3264,5.152,seed999
CN=CN(C1=C(C(=S)[SH]=O)N(C)C(=O)CC1C)C1(OC)C=C(N2C=CC=C(C)C2C)C=CC1C,-7.5,-7.4,0.1971,5.8813,seed999
CC(=O)C1(C(C)(N)CO)C(=O)C(N)=C(C(C)(F)C2=CC=CC=C2)C=C1C,-7.5,-7.4,0.6955,4.4666,seed999
COC1NC(F)(CN)NC(OCF)=C1C1=C(F)C(C2CC2)=CC(C)=C1C,-7.0,-7.9,0.6711,4.5989,seed999
C=CNC(=O)C1(N(O)C(O)C=O)NC(CC(C)(F)C(C)F)=C(C)C=C1N,-7.4,-7.5,0.2355,5.6269,seed999
CCc1c(N=O)cc(C)c(C(ONC)C(C)(Br)NCN)c1C1=CC(=O)OC1,-7.4,-7.4,0.1348,4.8533,seed999
CC(=O)C1=CCC=CC1=C1C(N)=C(N2C=CSC2)NC(C(=O)C=O)=C1O,-7.4,-7.4,0.5034,4.3222,seed999
CCC1=C(C2=C(C(C)=O)C(C)=CC(N)(N)N2)C(O)(CF)C(N)(O)OC1=O,-7.4,-7.4,0.2546,4.9699,seed999
CNC1=C(C(N)C(F)(C(=O)C(C)=O)C2=CCNC(O)=C2)C=CC(C)=C1C,-7.4,-7.4,0.5789,4.4127,seed999
CCCNC1=C(O)C(C(C)=O)=C(N(C)C2(N)CC(CN)=CC(C3=CCC=N3)=N2)C(=O)C1C,-7.4,-7.4,0.4178,5.1171,seed999
NC1=C(C2=CC(C=O)=C(OC=O)C=C2C2=CNC=N2)C=CC(N)(S)C1=O,-7.4,-7.4,0.3467,4.5196,seed999
CCOC(S)(C(=O)C1(S)C=CCC1)C1=CC(S)(CC2=C(F)OC(=O)NC2C)C(O)=C(CC)N1,-7.4,-7.4,0.1639,5.8758,seed999
CCCC(O)(O)c1c(C)c(OC(=O)CC=O)c(CC)c(O)c1N1C=C(C)CC1,-7.4,-7.4,0.2056,3.8268,seed999
CNC(N)NC1=C(C)N(C2(C3CO3)NC(C)=C(C(C)=O)C(C)=C2Cl)C(C(O)(F)F)=C(Cl)C1C,-7.4,-7.4,0.2631,5.4625,seed999
CC1=C(C(C)(C(=O)C=O)C2=NC(N(C)S)=C(Cl)C=N2)C(N)N(C=O)C=C1,-7.4,-7.4,0.4201,5.059,seed999
CC(=O)NC1=CC(C(C)O)=C(c2nc(N)c(C)cc2N2C=CCC2)OC1(F)S,-7.4,-7.4,0.5731,4.7368,seed999
Cc1cc(-c2c(CF)c(O)c(C(C)N3CC3)c(N(C)C)c2C2=CC(=O)CC2)c(C)cn1,-7.4,-7.4,0.681,3.8406,seed999
CCC1C=CN(C2=C(C)C=C(C)C=C2C2=C([SH]=O)OC(N)(N)C(N)=N2)C=C1,-7.4,-7.4,0.4611,4.4788,seed999
CNC1(C2=C(OC(C)N)C(N)=C(CN3CCCC=C3C)C(F)=C2F)CO1,-7.4,-7.4,0.405,4.656,seed999
CC(=O)C1=C(N(C)CO)C(C2(C)CN(N)C=CN2)=C(C2=CC(Cl)=C(O)C=C2C2CN2)C(C)(C)O1,-7.4,-7.4,0.2307,5.0569,seed999
CNC1=C(C2(NC)C(F)=C(O)C=C(C(N)=O)N2C)C(=O)C2=C(CN)CSC2=C1,-7.4,-7.4,0.4266,4.9259,seed999
CC1=CC(C)(Cl)C(C2=C(C)C(N)=C(N)N(C3(C(=O)C=O)C=CCO3)C2C)=CN1[SH](=O)=O,-6.8,-8.0,0.1768,5.7702,seed999
C=C(C)c1ccc(OCC(C)=O)c(-c2c(C)cncc2O)c1N1C=C(C)CC1,-7.4,-7.4,0.7763,3.3712,seed999
CC1=CC(CN)=C(C)SC1(NC(C)(C)N)C1=CC(S)(N=O)NC(O)=C1O,-7.3,-7.4,0.2112,5.538,seed999
COC(F)(C1=CC(=O)S(=O)C(C)=C1C1=CCC=CO1)C1=C(S)N(C)C=CN1,-7.3,-7.4,0.695,5.4981,seed999
CSC1(C(N)(N)N=C=O)NNC(OC(=O)C2(S)CC=CC2)=C(C(F)=CON)O1,-7.5,-7.2,0.0444,5.6676,seed999
CCC1=CC=CC(NC2=CC(N)=C(N)C(N3C=CC(C)C3)=C2C(C)=O)=N1,-7.4,-7.2,0.5609,3.7351,seed999
CNCC1=C(C)C(=O)C(C(C)(Br)N(C)C)=C(C2=C(C)N(C)C=C(OC=O)O2)C1=O,-7.3,-7.3,0.2621,4.672,seed999
CCC1(O)C=CS(=O)C(CF)(C2=CC=CC2=C(C)N)N1C1=CC=CCN1,-7.3,-7.3,0.699,5.6357,seed999
CN(C)C(c1ccccc1)c1c(-c2ccns2)cc(C2C=CCC2)nc1C=O,-7.3,-7.3,0.4345,4.1797,seed999
NCN(C1=C(O)C=NCC1)C1=C(C(N)O)C(=O)C(Br)=C(C2CC=CN2)C1F,-7.3,-7.3,0.3895,5.6487,seed999
CCC#CC1=C(F)C(N2C=C(S)C(O)C(CC)=C2C2(N)C=CC=C2)=C(CN)N=C1,-7.3,-7.3,0.4512,4.8255,seed999
CNC(=C1C=CC(C)=CN1)C1=C(C(=O)CC(C)=O)SC=CC1(C)C1CC1,-7.3,-7.3,0.6933,4.5152,seed999
CNC1C(=O)C=C(C)C=C1C1=CC(C(S)C(=O)C(=O)S)=NC=C1NC=O,-7.3,-7.3,0.3157,4.7169,seed999
CCNC1(C(=O)C2=C(N)C(N)=C(C(C)(C)C(N)O)C=N2)C=CC(F)=C1N,-7.3,-7.3,0.3038,4.8053,seed999
CCOC1=C(C=O)C(OC)(C(=O)NC(=O)N2C=C(CN)CC2)C=C(CC)C1=O,-7.3,-7.3,0.6071,4.4457,seed999
CC1=CNN(C(O)(C(=O)F)C2=NN(C(O)(N(N)C(N)O)C(C)(C)S)C(C(C)C)=C(O)C2)C=C1C,-7.3,-7.3,0.0736,5.7407,seed999
CNCc1c(C)cc(C2(C3(NO)C=CC=CC3N)CCC=C2C)c(S)c1[SH]=O,-7.3,-7.3,0.2423,5.4759,seed999
NC(=O)C1=CCN(c2c(N)c(C(O)(F)NS)c(CCO)c(O)c2C(=O)F)C1,-7.3,-7.3,0.0788,4.5348,seed999
CNC1(O)C(N)=C(C)NC(C2(C)SC=CN=C2C)=C1C1=C(N)C=CC=C1,-7.3,-7.3,0.4113,4.752,seed999
CC1CCC=C1C1=NC(CO)=C(F)C(N)C1(N)c1nc(C(N)=O)cc(F)c1N,-7.3,-7.3,0.496,4.9797,seed999
Cc1ccsc1N(C=O)C(N)(c1ccc(N)c(C2=CNCC2)c1)C(O)(S)CCl,-7.3,-7.3,0.1502,4.7899,seed999
COc1cc(N(C)C#N)ccc1-c1ccc(C2(S)C=CCO2)c(CN)c1O,-7.1,-7.4,0.318,4.0342,seed999
CC(N)C1=C(Br)C[SH](c2c(O)c(C(=O)CN)nc(N([SH]=O)C(C)S)c2CO)C1,-7.2,-7.3,0.1544,5.9366,seed999
COC([SH]=O)C1=CC(C)=C(C2(N)C(N)=C(C)NC(O)=C2CCl)C(C=O)=C1,-7.2,-7.3,0.2773,5.1337,seed999
CN1C(=O)C(=O)C(C(F)C2=C(O)C(F)=CC=C2)=C(N(S)C(=O)O)C1CF,-7.2,-7.3,0.5397,4.3872,seed999
CC1=C(N)C(C)=C(C2=C(C(S)(C#N)N(C)O)C=C(F)C(O)=N2)C=C1CF,-7.2,-7.2,0.2809,4.4685,seed999
CCN(C)C1(C2=CC(N(C=O)C(C)=O)=C(S)C(N)=C2C)C=C(N)C=C1C,-7.2,-7.2,0.4178,4.6066,seed999
COc1c(N)c(N)c(N(C(N)=O)C(C)O)c(C(C)(C)C2(N)C=C(N)CC2)c1O,-7.2,-7.2,0.2111,4.7924,seed999
COC(=O)N(Cc1c(F)cc(N(C)C=O)c(C(N)=O)c1C)C1(N)CC=C(N)C1,-7.2,-7.2,0.4787,4.3615,seed999
CCC1=C(C2=C(N3C=CCC=C3)SC(O)=NC2O)C(C)=CC(N(C(=O)CO)C(C)N)=C1C,-7.2,-7.2,0.4835,4.8772,seed999
CCC=C(O)NC1(O)NC(CC)=C(C2(O)CN=C(N)C2)C(C(C)(N)O)=C1CC,-7.2,-7.2,0.2226,5.4007,seed999
CCC1=C(OC2=CNC=CN2)C(COC)=C(C(C)=O)NC1C1(O)C=CCC1,-7.2,-7.2,0.5047,5.0197,seed999
CN1CC(C2=CC=CN=N2)=C(O)C(O)(C2=C(O)SC=CC2(C)N)C1(N)I,-7.2,-7.2,0.2355,5.2017,seed999
CNC(O)C1=C(N(C)C)C(Cl)(N(c2ccccc2)C2(F)C=CCC2)C(=O)C=N1,-7.2,-7.2,0.3285,4.9942,seed999
C=C(NC)C(=O)C1=C(F)C(N)=C(N2C(C)=CN(C)C2(O)CC)C(O)=C1N,-7.2,-7.2,0.2285,4.6568,seed999
CCC(C(C)=O)(C(=O)C1C(O)=C(N2CCN=C2NS)C(Br)C(F)=C1F)N(C)C,-7.2,-7.2,0.3069,5.2658,seed999
CC(=O)C1=C(C)OC2C=C(S)C(C3=CCCC3)=CC2(F)N1C1=CCCC(C)=C1,-7.2,-7.2,0.4903,4.9948,seed999
CNc1c(O)c(C(=O)C(=O)O)c(NC(N)=O)c(C#N)c1C1(O)CC(C)=C(C)C1,-7.2,-7.2,0.1888,3.6463,seed999
NC1=NC(S)=C(C2(O)CCC(C=O)=CS2)C(C=O)=C1C(F)N(C=O)CO,-7.2,-7.2,0.2291,5.2891,seed999
CCCC(C)(C)C(=C(Cl)C1(N)CN=C(N2CO2)C(=O)C1=O)C(C)C(O)F,-7.2,-7.1,0.5282,5.3115,seed999
CCC1(N2C=CCC2)N=C(C2=C(C)C=CC=C2C)C(N)=C(OCF)C1=O,-7.1,-7.2,0.8791,4.2067,seed999
CC1=C(C(C)(C)O)C(=C(O)C2=C(C)C(F)(C=O)C(N)=C(N=O)O2)C(C=O)=C(O)C1,-7.1,-7.2,0.3064,5.0138,seed999
CC1NC=CC(C2C=CCC2)=C1N(C)C(Cl)(C(=O)OCN)C1(N)C=CC=CN1,-7.2,-7.1,0.1737,5.5696,seed999
CCc1ccc(C2=C(N)C(Cl)CC=C2C(=O)N(CCl)C2C=CNC2)nc1S,-7.2,-7.1,0.3854,4.9977,seed999
CC(=O)N1C=C(NC=O)OC(C=O)(C2=C(NO)C(N)=C(CN)C=C2C)C1,-7.1,-7.1,0.2604,4.633,seed999
CC(=O)C1(C2=C(C(C)(CO)c3ccc(N)cc3)CN=CC2)NCC=C1CN,-7.1,-7.1,0.4436,4.8022,seed999
CCNC1(C(=O)NC)OC(C(O)OC2(C)CC=C(F)C2)=C(F)C=C1C(C)C,-7.1,-7.1,0.5863,5.2772,seed999
CC1=C(c2c(S)c(C(C)(N)OC(O)(O)CN)c(Cl)c(C=O)c2C(=O)F)COC1,-7.1,-7.1,0.1855,4.819,seed999
CCC(C(=O)O)C1=C(Cl)OC(NC(C)(C)C)=C(C(C)(CC)N2CCC(CN)=C2O)C1(C)CC,-7.1,-7.1,0.3567,5.0585,seed999
CNCC1=C(F)C(O)(C(=O)O)C(C2(C)CNC(C)=CN2)=C(C(N)O)C1=O,-7.1,-7.1,0.2778,5.1534,seed999
CC1=CC(C2=C(NO)NC(C)(CN)C(C(=O)CO)=C2C(=O)C=O)CC=C1,-7.1,-7.1,0.2352,4.8545,seed999
CCC1=C(C2=C(N)C(N)CC=C2)N(C)CC(N)(N)C1(N)C1=NC=CC=C1,-7.1,-7.1,0.478,4.6593,seed999
NC1=C(C2=C(Cl)NCC=N2)C(C2(N)CC=CC2)=C(S)OC1(F)C(=O)C(=O)O,-7.1,-7.1,0.1984,5.0931,seed999
CNC1CN(C(C)=O)C(O)CC1(C1=CC=CC=C1)C1(Cl)SC=C(NO)S1,-7.1,-7.1,0.4429,4.9543,seed999
CN(C(=O)C1=CC=CC=C1O)C1=C(N(N)O)C(N)=NC(NC(=N)N)=C1F,-6.9,-7.3,0.1713,3.3422,seed999
CCCCC(C1=C(F)C(C)CC(=O)O1)C(N)(OC)C1(O)CC=CC1C(=O)S,-7.1,-7.1,0.2503,5.3412,seed999
Cc1cnccc1N1C2=CCCC2=CN(C(N)S)C1(NO)c1ccccc1C,-7.1,-7.1,0.3613,4.4306,seed999
CNC1=C(CC23N=CC=C(C)C2S3)C(N)=CC(O)(C(=O)N=C(F)OC)N1,-7.1,-7.1,0.3135,5.7709,seed999
CCN(CC)C(C=O)(C1=C(C=C2C=C(C)C=C(C(F)OC)N2CO)CC(=O)N=C1)N(CC)C(=O)S,-7.2,-6.9,0.2514,5.3582,seed999
CNC1=C(N)C(NCO)=C(C(=O)OC2=CC=CC(C(C)=O)=C2)C(S)=C1N,-7.0,-7.1,0.1123,3.1764,seed999
CC1=CC(C2=CC=C(C)C2N)(C2C(C)=C(C)N=CN2C=O)C(S)=C(F)O1,-7.0,-7.1,0.5871,5.5305,seed999
CN(C1=CC(N)(S)NC=C1)C1=CN(C(N)(N)I)CC(C2(N)C=NC=NC2=O)=C1C(N)=O,-7.1,-7.0,0.0636,5.7145,seed999
CNC1=C(N(C)C2=CCC(N)=C2)C(C)(O)C(C2=CC(C)=CCN2C)=NN1C,-7.0,-7.1,0.6915,4.9507,seed999
CNC1=C(NC2=C(C)C=C(C)C=C2C2(C)CO2)C(N)=CN=C1C(=O)ON,-7.1,-7.0,0.4741,3.8647,seed999
CC1=C(C2=C(N)C(N)=C(N)C(C=O)=C2C(=O)C2=CCC=C2)CC(C)C=N1,-7.0,-7.0,0.4369,4.5728,seed999
CCC(C=O)C1=C(C#N)NC(CCC2=NCCC2)(N2C=CCC(C)=C2CS)CC1,-7.0,-7.0,0.4547,5.3018,seed999
CC=C(CC)C1=C(C=O)C(C(=O)O)=C(C(N)=O)C2(O)C=C(N)C=C(N)N12,-7.0,-7.0,0.401,4.5733,seed999
CNC1=C(C)C(N(CN(C)C=NO)C2(F)NC=NN2C)=C(C(O)F)C=C1,-7.0,-7.0,0.1426,5.1832,seed999
CNC(O)(C1=C(N)OC(O)(C2=C(OC(C)F)OC(S)(Br)C(N)=C2OCC(C)=O)C1)C(O)CF,-7.0,-7.0,0.1069,5.8703,seed999
CNCC12CN=CN1C(O)(O)C(C)(SNC)C(F)=C2Nc1ccc(O)cc1,-7.0,-7.0,0.2347,4.9119,seed999
NCN1CC(N)=C(C=O)C=C1C1(NC2=NCC=N2)OC(=O)C(O)C=C1N,-7.0,-7.0,0.2573,5.5122,seed999
CC1=C(C(C)C2=C(N)OC(C)C(N(C)C(N)N(C)C)=N2)C(N)=CC=C1N,-7.0,-7.0,0.4633,4.783,seed999
COC1=C(C2=CC=CCO2)SC(C)=C(Cl)C1(C=O)N(C)C1=CC=CC=C1,-7.0,-7.0,0.6876,4.2169,seed999
CNC1=C(N(N)C2=C(C3=C(OC=S)C(C)=C(C)C(C)=C3)C(N3C(O)=CCC=C3O)=CC(C=O)=C2F)C=CCC1,-7.0,-7.0,0.1353,4.4927,seed999
CCNC1=CC(N)=C(F)NC1(O)N(C)C1=C(CN)C(C(C)O)=C(O)C1=O,-7.0,-7.0,0.2243,4.9646,seed999
CNc1c(C)cc(C)cc1-c1c(C2(O)CNC=C2O)nc(C)c(O)c1C=O,-7.0,-7.0,0.5259,4.1524,seed999
CCC1=C(C(Cl)C(C)=O)CCN1[SH]=C(C(=O)ONC)C(O)(CC)OC(=O)O,-7.2,-6.8,0.1089,5.2266,seed999
CNc1c(S)c(C(N)(F)NC(C)(C)C)c(C2=C(N)CNC2)c(N)c1C(=O)CN,-7.0,-7.0,0.1101,4.6119,seed999
CC(=C1CC=CN1)C(ON)(SN1C=CCC=N1)C1=NC(C)C(N(C)C)=CC1=O,-7.0,-7.0,0.3988,5.7206,seed999
CCNC1=CC=CC(C)N1C1=C(C(=O)NC)C(F)=C(C(S)N=O)C=C1C,-7.0,-7.0,0.5239,4.5791,seed999
NC1=C(C(=O)c2c(F)c(N(C(=O)O)C(=O)S)c(NS)c(N)c2N(C(=O)C(O)(S)C2C=CCC2)C(O)O)CC(=O)C1,-6.99,-6.99,0.065,5.4682,seed999
CC1=C(C2=CC(=O)CC(C(=O)C=O)=C2N(C)C=O)C=C(C=O)C(Cl)=C1S,-6.9,-7.0,0.456,4.061,seed999
CCOC1=C(N(CNC(C)(O)[SH]=O)C2=C(Cl)N(C)C(=O)C2)C(C=O)=CC1(OC)C(=O)CCF,-7.0,-6.9,0.1406,5.5061,seed999
CCC(C(C)=C=O)C1(C2=C(F)C(=O)C(O)=C(CN)C2)OC(CCN(S)C#N)=NC(NC)=C1O,-6.9,-7.0,0.1439,5.5588,seed999
CCC1=NN(C2=CC(CCC#N)(N(CS)C(=O)OC)C=CC2)C(=O)CC1,-7.0,-6.9,0.4381,4.6079,seed999
CC1=C(C[SH]=O)NC(N2C(N)=C(O)C(C)C(C3(Cl)CCO3)=C2CN)=C(N)N1,-6.9,-6.9,0.2352,5.4822,seed999
CCC(=O)C1=CC(C(S)(S)CN(S)C=N)=C(C2(C)C=C(C)CO2)C(=O)C1=O,-6.9,-6.9,0.0734,5.0835,seed999
CNC(=O)C1=C(C(S)(CC(N)O)NC)C(=O)C(N2CON2C)=C(O)C1=O,-6.9,-6.9,0.1247,5.0595,seed999
Cc1cccc(C2(N3CC=NC3)C(CO)=CC(C(=O)C(=O)S)=C(N)N2C)c1O,-6.9,-6.9,0.4119,4.5393,seed999
CC(Cl)C1=C2N=CCC(CC=O)=C2C(SNCC(=O)O)=NC1(O)C(=O)O,-6.9,-6.9,0.277,5.1798,seed999
CNC1=C(N)C(C(=O)Cl)=C(N)C(C(=O)C(C)(S)C2(C)NC=C(N)N2)=C1N,-6.9,-6.9,0.1506,4.9411,seed999
CNC1=C(C2=C(F)C(=O)CC2)C(N)N(C(Cl)(C#N)S(=O)O)C(O)=C1N1C(C)=CNC(N)=C1F,-6.9,-6.9,0.1775,5.5084,seed999
CCC1=CCC(C)C1(Cl)CC1=C(NC=O)CNC(C(C)=S)=C1C(C)(F)S,-6.9,-6.9,0.1867,5.4482,seed999
CCC(=O)C1=C(N)N(C2=C(N)C(Cl)=C3NC3=N2)N(CN)C(C(N)O)=C1N,-6.9,-6.9,0.2444,4.7144,seed999
COC1(F)C(F)C(C(C)=O)=C(C=O)C(C=O)(C2=C(C=O)C=CC=C2)N1O,-6.9,-6.9,0.5972,4.6732,seed999
CC1=C(C2(C(=O)C=N)C=C(CN)C=NC2(NN)N2C=C(N)CC=C2N)C(=O)C=CC1,-6.9,-6.9,0.1904,5.6114,seed999
CC1=CC(O)(C2=C(Br)NC(O)=C(C)C2(N)OC(C)C)C=C1CC(N)C=O,-6.9,-6.9,0.2468,5.3289,seed999
CCCC1=C(C[SH]2C=C(NCC)CC2)C(C)=C(C(C)=O)C(N)(C#N)C1(O)CCl,-6.8,-7.0,0.3536,5.5699,seed999
CC(=O)C1=C(C2(O)CC(N=O)=C(CCCN)N2)C(C)=C(NCN)C(C)=C1,-6.9,-6.9,0.2692,4.228,seed999
CCC(CS)C1=CNC(N)(C2C(=O)C(NC(C)(N)C=O)=C(N)C(O)=C2N)C1,-6.9,-6.9,0.1524,5.6307,seed999
CC(=O)c1c(CCN)cc(CN)c(CN)c1C(=O)C1=C(C(=O)C2(O)C=NCC2)C(C)=C(C(N)CN)C1=O,-6.9,-6.9,0.1528,4.8705,seed999
CNCN(CN(N)C1=C(N2C=CNC2(C)N)C(=O)C(=O)C=C1C)C(C)=O,-6.9,-6.9,0.1455,4.7792,seed999
CNC1=CC(C(C)O)([SH]2C(C(=O)Cl)=C(O)C=C(C)C2(C)C(C)=O)C(F)=C1,-7.0,-6.7,0.4186,5.6124,seed999
CC1=CC(O)(C(N)(S)Br)C(C2=CCC(N)=C2)=C(C2=CC=CC(C)=C2C)N1,-6.7,-7.0,0.2187,4.6725,seed999
CCNC1C(N2CCC(C)=C2OC)=CS(=O)C(NC(C)(N)OC(N)=O)=C1CC,-6.9,-6.8,0.4349,5.2167,seed999
CC1=CC(C=O)(C(=O)C2=C(F)CC(=O)C(CN)=C2C)N(O)C=C1C(O)S,-6.9,-6.8,0.2396,5.2473,seed999
CC1=CC(C)=C(N2C(N3C=C(N)CC(SN4CC4)=C3O)=CCC(CN)=C2C)C(N)=C1C,-7.0,-6.6,0.312,4.2758,seed999
CCC1(C)C=CN(C)C(C2=C(N)CC(C)=C(NC)C2(O)N2N=C(O)SC(=NCF)N2)=C1CN,-6.8,-6.8,0.3114,5.7129,seed999
CNCC(C)CC1=NC(C=O)=C(C(C)(O)C(C)(NCN)OC)[SH]1C(C)=O,-6.8,-6.8,0.2059,5.6011,seed999
COC(=O)N(C=O)C1=C(N)C=C(C)C(C(C)(O)CN)=C1C1=C(C)C=CN1,-6.8,-6.8,0.4741,4.0996,seed999
CNCC1=C(C2=C(C=O)C(C)=CC(C3=CCC=C3C)C2SC)OC=NC1,-6.8,-6.8,0.726,5.2454,seed999
CCC(=O)C1=CNC(C)=C(Cl)C1(C)N(C(C)=O)C(=O)C1=C(N=O)CCC(=S)N1C(F)C1=CCN=C1,-6.8,-6.8,0.3082,5.3276,seed999
CCCCC1(C(C)=O)C=CN(C(CC(C)(O)CC)(OC(O)F)[SH]=O)C=N1,-6.8,-6.8,0.3661,5.6553,seed999
CNC(C#N)C1(C(O)(CN)C(C)=O)C=CC(NC(C)C(N)O)=C(C)N1C,-6.8,-6.8,0.2696,5.5266,seed999
CNCC1=C(C2=C(C=O)C(C)=CN3CC=CN(N)C23[SH]=O)C=CC(F)=C1,-6.8,-6.8,0.4046,4.6749,seed999
CNC1C(O)=CC(=CN)C(SC)=C1C1(C(C)(N)C2=CCCC2)NNC=C(C)N1,-6.8,-6.8,0.345,5.5371,seed999
COC(=O)C1(N)C(C)=C(N)C(O)(C2(C)C=C(C)C(CS)CC2)OC1(C)N,-6.8,-6.8,0.2752,5.3687,seed999
CC1=C(N(CO)[SH]=O)NC(C=O)C(N)(C2=C(N(C)C)C=CC(C=S)=C2)O1,-6.8,-6.8,0.2146,5.3679,seed999
CNN(C)C1C(N)=C(C=O)C(OC(=O)C(=O)F)=C(C=O)C1(C#N)C(C)O,-6.8,-6.8,0.154,5.3405,seed999
CCN(C)N1C=CC(=S)OC1(OCF)C1(SN2N=CCC=C2Cl)C=CC(=O)C(N)=N1,-6.8,-6.8,0.3382,5.8529,seed999
CCCC1=CCCN1C1=C(N)C(=O)C(C(=O)C#CNC)=C(C(=CO)C(N)=O)C1,-6.8,-6.7,0.1718,4.3797,seed999
COC(O)(C1=CC(O)=CC(C)=C1)C(Cl)(C#N)N(C(=O)S)C1=CC=C(N)C1,-6.8,-6.7,0.2629,4.7677,seed999
CNN(C)C(C(C)O)N(C)C(F)(OC1=C(O)N(C=O)C(O)=C(C(=O)CN)C1S)C1=C(C)C(C)=CC1=S,-7.1,-6.4,0.0545,5.8621,seed999
CN=C1CC(c2cc(C)cc(O)c2CNC)=C(N(c2ccnc(C=O)c2)C(O)C2=CCN=C2)C1C,-6.7,-6.8,0.4009,4.9432,seed999
CC1=C(O)C(S)(OC(C)C)C(C=O)=C(CC2(C=O)C=CC=CS2)C1CN,-6.7,-6.8,0.3487,5.5105,seed999
CCCC(O)N(C)C(C)(Cl)C1(N)C(F)=C(N)C(CC(=O)NC)=C1N(C)C,-6.7,-6.8,0.2767,4.801,seed999
CNC1(S)C(=O)N(C(=O)C2(C)NCO2)C(CN)=C(C)N1C(=O)C(=O)CN,-6.7,-6.7,0.1435,5.0691,seed999
CCC(NC1(N)OC(N)(O)N=C(C(F)(CC)CS)C1(C)F)C1=CNC=C1,-6.7,-6.7,0.3105,5.6557,seed999
COC1=C(C#N)C(N)=C(N(C)C2CN2)C2OC(C=O)=C(CCN)CC12C,-6.7,-6.7,0.4469,5.2378,seed999
CC1C(CBr)=C(OCN)C(C2=C(N(C)C=O)C=CC=N2)=CC1(C)CC#N,-6.7,-6.7,0.4164,4.7263,seed999
CCC(F)N(C)C1=C(C(C)C)C(C2=C(N)CC=CN2C(N)(S)CC(C)N)=C(ON)S(=O)C1=O,-6.7,-6.7,0.1368,5.8411,seed999
CNC(C)(C1=CCC(C)C1)C1(C2(NC)C=CNC=C2F)C=CN(CO)C(=O)O1,-6.7,-6.7,0.5166,5.7945,seed999
CC1=C(C#N)N(C)C(C(N)=S)(C2=C(O)C(NCO)=CC(=O)C2C)C(O)=C1C(O)F,-6.7,-6.7,0.2673,5.2954,seed999
CC(=O)C1=NN(C2=CC(C(=O)F)(N(C)C=O)C(C(C)(C)CN)=C(C)N2CF)CC1,-6.7,-6.7,0.3673,4.8734,seed999
C=C1NC(C(=O)OCS)=C(NC2=C(C#N)CC=CO2)C(C(C)(C)NC)=C1O,-6.7,-6.7,0.265,4.558,seed999
CCC1=C(N=O)N(C2NC(=O)NC(OCC(N)N=O)(C(S)C(C)C)N2C)CC1,-6.7,-6.7,0.3282,5.6573,seed999
CNC(C)C1(C(CO)(Cc2cc(N)ccc2F)N2CC=NC([SH]=O)=N2)C=C(N)CC1,-6.7,-6.7,0.313,5.4812,seed999
CNC(C)(N)C1=C(C(=O)S)C(C)=C(N(C)C)C(C2=CC(O)C(C)=C2)C1=O,-6.7,-6.7,0.4203,5.1381,seed999
CN(C1=C(NC(Nc2ccccc2)(C2=C(Cl)CCC=C2)C2C=C(Br)CC2)C(N)=CCC1=O)C(N)O,-6.7,-6.7,0.3039,5.158,seed999
CCC1C=CNC(C2=C(C3=NC(C)=CN=C3N=O)C(=O)C(O)=CC2)=C1C,-6.7,-6.7,0.7994,4.5352,seed999
CC1=CC(C#N)N(C2(C(N)=O)C=C(C)N(C(=O)C(N)=O)C(CN)=C2C)C=C1C=O,-6.7,-6.7,0.3977,5.0845,seed999
CC1=C(CO)N(C)CC(C2(F)CC=CC=C2C2(C)C=CC=CN2C)=C1P,-6.7,-6.7,0.7635,5.3634,seed999
C=CC1=C(C2=CC=CC=C2)C(NC)C(S)(C2(O)CC(O)(S)C2)C=C1CO,-6.7,-6.7,0.3429,4.6249,seed999
CN(C)C(CO)CC(=O)C1(C(O)C2(CCl)C=CCO2)CC(N)=C(O)OC1=O,-6.6,-6.8,0.1805,5.428,seed999
CC1=C(N2CCC(OCC(C)N)=C2Cl)C(N)(NCC(C)(N)N)N=C(S)[SH]1N,-6.6,-6.8,0.1522,5.6772,seed999
C=C(CC(=O)F)C1(N(C)CCBr)C=CC(C(C)(C)NC(O)C(N)=O)=C1C,-6.6,-6.8,0.2108,5.0948,seed999
CCC1=C(C(=O)C2=C(OC(F)NC)C(O)=C(OC)N(CO)N2C(F)=S)COC1,-6.7,-6.6,0.2285,4.947,seed999
CNC1(F)SC(O)=CN(C2(C3=CC=CC3)C(NS)=CC(C)OC2C)C1=O,-6.6,-6.7,0.4301,5.7496,seed999
CC1=C(N)C2(N)C(NC3=NNCC3)=C(C)C(F)=C(CN)C2(C(=O)C(C)N)C=N1,-6.6,-6.7,0.3657,5.4548,seed999
CC1=CC=CC(N(C2=NN=CCN2)C2(CS)N=C(C)C(N)=C(C)C2=O)=C1,-6.6,-6.7,0.7052,4.5624,seed999
CCC1=CC=CC2N(C(=O)F)CC(C(N)N(CC)CN)=C(C)C12C1=CN=CC1,-6.7,-6.6,0.3175,5.4484,seed999
CCC1=C(C)C(=CO)C(C2=C(C=O)S(=O)(=O)C(CC)=C(F)C2(C)C=O)=N1,-6.9,-6.4,0.5819,4.8759,seed999
CC(=O)c1cnc(OC(C)N)c(C2=NNOC(N)=C2C(N)N2CCC(C)=N2)c1C1=C(C)CC=C(O)N1C,-6.6,-6.6,0.2611,5.2317,seed999
C=CC(C)(C)C(C#N)(NC)C1=C(OCCO)C([SH]=O)=C(OC(C)=O)C1=O,-6.6,-6.6,0.2942,4.8095,seed999
CN(C)C1(C(C)(N)F)OC(C(N)O)=CC(C2(C=O)CCC(O)=C2N)=C1CCO,-6.6,-6.6,0.1868,5.5459,seed999
COC1(C(C)(O)C(=O)C2(N)N=C(NC#N)CC(CS)=C2N)C=CCC=C1,-6.6,-6.6,0.1941,5.3568,seed999
CCC(=O)C1=C(CCl)C(C(=O)O)=C(C2=CNCO2)C(C(Cl)CN)=C1OC,-6.6,-6.6,0.4522,4.3365,seed999
CC1=C(N(C)C)CC(C(=O)CS)=C(C2N=C(C(=O)S)C=C(C=O)[SH]2C)C1,-6.7,-6.5,0.4629,5.5718,seed999
CCOC(NC)C1(C2(N)C=CC=C2)CC(F)=NN(C(=O)C(=O)C[SH]=O)C1,-6.6,-6.6,0.2918,5.6396,seed999
COC(C)N(C)C1=C(N2C(C3=CC=CC=C3)=NC(C)=C(N(C)C)N2C)N(C)CC=C1C,-6.6,-6.6,0.6524,4.202,seed999
CCC(C)(F)N1N=C(F)C(CS)(C(C)(C)C2=C(C(C)(N)O)C(CCN)=CC2=S)C(N)=C1CC(C)=O,-6.7,-6.5,0.1269,5.5696,seed999
CNC1=C(S)C(NC)=C(C2=C(N)NC(N)(N3CS3)C(C=O)=C2C)N=C1Cl,-6.7,-6.5,0.1397,5.1026,seed999
