smiles,qed,sa,egfr,her2,dual_docking,source
Cc1cnc(Nc2cc([C@@H]3C([NH+]4CCC[C@H](C)C4)CO[C@@H]3C)c([C@@H]3CCCC[NH+]3C)cc2CCC=O)c(COc2ccccc2Cl)c1-c1ccnc2ccccc12,0.113,5.0,-10.3,-9.9,-10.1,seed42
CCO[CH]C(CN(Nc1ccccc1OCC)S(=O)(=O)C([C@@H](C)CCOC)[NH+](C)CC)(Oc1c(F)cccc1NC(=O)c1ccccc1)C(CC)Nc1ccc(F)cc1Cl,0.0496,5.0,-9.5,-9.2,-9.35,seed42
COc1cccc(C2C[C@H](C)C[NH+](C3CO[C@H](C)[C@@H]3c3cc(Nc4ncc(C)c(-c5ccnc6ccccc56)c4CO)ccc3[C@@H]3CCCC[NH+]3)C2)c1O,0.1322,5.0,-9.2,-8.0,-8.6,seed42
Cc1ccc(CC(C)[C@H](O)CC(CC(=O)N(c2ccc(F)cc2C)C2CCCCCC2)[C@@H](C)N)cc1O,0.3315,5.0,-8.8,-7.8,-8.3,seed42
CCC(=O)NCc1cc(-c2ncc(F)cc2COc2cc(CC=Cc3ccco3)ccc2C)ccn1,0.2961,5.0,-8.5,-8.0,-8.25,seed42
C[NH2+]c1nc(C2CC2)c(C2[C@H](C)OC(Cc3c(Nc4cccc(C)n4)cccc3OCNc3ccc4c(c3)COC4)[C@H]3CCC([C@@H](C)C(=O)OC)N23)s1,0.1037,5.0,-8.5,-7.8,-8.15,seed42
C[C@@H]1CCN(C2CC2[C@H]2COCCN2C2CCCC(Nc3nnc4cccc(COc5cccc(O)c5)n34)C2c2ccccc2F)C[C@@H]1O,0.2254,5.0,-8.8,-7.4,-8.1,seed42
C[C@@H]1C(Cc2ccc3c(c2)OCO3)CCCN1C(=O)NC(=O)Cc1ccc(-c2ccc(Br)s2)cc1,0.4178,5.0,-8.5,-7.7,-8.1,seed42
Cc1cc(-c2ccc3scc(C(O[NH+]4CCC[C@H](Cc5ccccc5Cl)C4)c4ccccc4F)c3c2)c(C)s1,0.2047,5.0,-8.8,-7.3,-8.05,seed42
CCOCNNc1c(F)ccc(F)c1C(=O)N(Cc1cccc(Cl)c1Cl)C[C@H](C)Oc1ccccc1,0.1613,5.0,-8.0,-8.0,-8.0,seed42
Cc1[nH+]ccn1CC1CC(Nc2ccc(OC(C)c3ncn(C)n3)cc2)(c2nnn[n-]2)CC(=O)N1CNC(=O)c1cccs1,0.2212,5.0,-8.0,-8.0,-8.0,seed42
Cc1csc(C2[C@H](C)O[C@@H](C)C(c3cccc([N+](=O)[O-])c3C)N2c2ccc3[nH]c(-c4cc(-c5ccc(F)c(Cl)c5)cnc4C[NH+]4CCCC[C@@H]4C)nc3c2)n1,0.117,5.0,-9.2,-6.8,-8.0,seed42
COc1ccccc1O[C@@H](CC(F)(F)c1c(C)ccc(Nc2ccc(Cl)c(NC3CC3)c2)c1NC(C)[C@]1(C)CCC(c2cc(Br)cs2)O1)c1ccccc1S(C)=O,0.091,5.0,-8.4,-7.6,-8.0,seed42
CNCc1ccc(CCBr)c(Sc2ccc(C)cc2)c1-c1c[nH]nc1[C@@H]1CN2CCCC[C@@H]2CO1,0.3283,5.0,-7.9,-8.0,-7.95,seed42
Cc1cc(F)c(Cl)cc1[C@H]1C(COc2ccccc2F)[NH+](C)C(NC2CCCCCC2)C(Nc2cc(Cl)ccc2Cl)N1C,0.2243,5.0,-8.6,-7.3,-7.95,seed42
C[C@H]1CN(c2ccc3[nH]c(-c4cncc(-c5ccc(F)c(Cl)c5)c4)nc3c2)C[C@H](C)O1,0.4474,4.1,-7.7,-8.0,-7.85,seed42
Cc1cccc(Oc2coc(C(=O)N(C)[N+]3=C(N(c4cncc(C)c4)c4ccccc4F)CCC3)c2)c1,0.2935,5.0,-8.6,-7.1,-7.85,seed42
Cn1nc(COc2ccccc2)cc1Nc1sc(C2CC2c2ncon2)nc1C(C)(C)C[C@H]1C[SH](c2nccs2)CCS1,0.1439,5.0,-8.4,-7.3,-7.85,seed42
CN1C[C@H](c2cc(Br)ccc2NC(C2=CCCCC2)(C(CO)Cc2nccs2)[NH+]2CCCCCC2)CC1=O,0.3621,5.0,-8.2,-7.3,-7.75,seed42
CC(C)(c1ccncc1)c1cc(-c2cccnc2CC2(c3cc4ccccc4o3)[CH]COC2)sc1Cl,0.2338,5.0,-8.1,-7.4,-7.75,seed42
COc1ccc(O[C@@H](CC(F)(F)c2c(C)ccc(Nc3ccc(Cl)c(NC4CC4)c3)c2NC(C)[C@]2(C)CCC(c3cc(Br)cs3)O2)c2ccccc2S(C)=O)c(OC)c1,0.085,5.0,-8.2,-7.3,-7.75,seed42
Cc1ccc(Nc2ccc(Cl)cc2)c(NC(C)[C@]2(C)CCCO2)c1C(F)(F)C[C@H](O)c1ccccc1S(C)=O,0.2305,5.0,-7.9,-7.4,-7.65,seed42
C[NH2+]c1nc(C2CC2)c(C2[C@H](C)OC(Cc3ccccc3OCNc3ccc4c(c3)COC4)[C@H]3CCC([C@@H](C)C(=O)OC)N23)s1,0.2241,5.0,-7.8,-7.5,-7.65,seed42
Cn1nc(COc2ccccc2)cc1Nc1sc(C2C(Cc3ccc(O)cc3)C2c2ncon2)nc1C(C)(C)C[C@H]1C[SH](c2nccs2)CCS1,0.0991,5.0,-8.4,-6.9,-7.65,seed42
C[NH2+]CC1(Nc2ccc(F)cc2C)C(NS(C)(=O)=O)N([SH](=O)=O)CCC1C(NS(C)(=O)=O)(c1ccccc1F)N(C(N)=NOC1CC[NH+](C)CC1)c1ncc(C)s1,0.032,5.0,-7.9,-7.4,-7.65,seed42
COc1ccccc1O[C@@H](CC(F)(F)c1c(C)ccc(Nc2ccc(Cl)c(NC3CC3)c2)c1NC(C)[C@]1(C)CCCO1)c1ccccc1S(C)=O,0.1121,5.0,-8.7,-6.6,-7.65,seed42
Cc1cnc(N(C(N)=NO)C(NS(C)(=O)=O)(c2ccccc2F)C2CCN([SH](=O)=O)CC2Nc2ccc(F)cc2C)s1,0.0586,5.0,-7.7,-7.5,-7.6,seed42
Clc1ccc(NN(c2ncc(Cc3nnc4ccccn34)s2)C2[CH]OCCC2)cc1Cl,0.3849,5.0,-7.9,-7.2,-7.55,seed42
Cc1ccc(Nc2ccc(Cl)cc2)c(NC(C)[C@]2(C)CCCO2)c1C(F)(F)C[C@H](O)c1ccccc1,0.2708,5.0,-7.8,-7.3,-7.55,seed42
Cc1cncc(NC2=[N+](N(C)C(=O)c3cc(Oc4cccc(C)c4)co3)CCC2)c1,0.6378,4.6,-7.4,-7.5,-7.45,seed42
Cc1cccc(Oc2coc(C(=O)N(C)[N+]3=C(Nc4ccccc4F)CCC3N3CCOC3=O)c2)c1,0.5053,5.0,-7.5,-7.4,-7.45,seed42
COc1ccc(CNC(c2ccccc2Nc2cc(Cl)cc(Cl)c2)N(C)C)c(N2C[C@H](C)C[C@@H](C)C2)c1,0.2735,5.0,-7.7,-7.2,-7.45,seed42
CCc1c(CNC(=O)c2ccco2)ccc(C)c1N(Nc1nccc(-c2cc(Br)cs2)n1)c1csc([C@@H](C)O)c1-c1ccc[nH]1,0.0998,5.0,-7.7,-7.2,-7.45,seed42
Cc1cncc(NN(C(=O)Cc2coc3ccc(C(C)(C)C)cc23)c2ccccc2F)c1,0.3837,4.3,-8.1,-6.8,-7.45,seed42
COc1ccc(O[C@@H](CC(F)(F)c2c(C)ccc(Nc3ccc(Cl)cc3)c2NC(C)[C@]2(C)CCC(c3cc(Br)cs3)O2)c2ccccc2S(C)=O)c(OC)c1,0.1085,5.0,-8.2,-6.7,-7.45,seed42
Cc1cccc(Oc2coc(C(=O)N(C)[N+]3=C(Nc4ccccc4F)CCC3)c2)c1,0.615,4.6,-7.4,-7.3,-7.35,seed42
CC(C)(C)c1cc(Cc2cccc(F)c2)c2occ(CC(=O)Nc3ccccc3F)c2c1,0.3769,4.0,-7.9,-6.8,-7.35,seed42
Cc1c(C(=O)N2CCN(C)CC2)nn(C)c1C=Cc1cccc(C[NH+](C)Cc2ccc(F)c(Cl)c2)c1,0.5303,5.0,-7.7,-6.9,-7.3,seed42
COc1cccc(OCc2cccc3nnc(NC4CCCC(N5CCOC[C@@H]5C5CC5N5CC[C@@H](C)[C@@H](O)C5)C4c4ccccc4F)n23)c1,0.2289,5.0,-8.4,-6.2,-7.3,seed42
Cc1ccccc1Nc1cnc2cc(N(C)CCC#N)ccc2c1-c1ccncc1OCC1CC1,0.3059,5.0,-7.3,-7.3,-7.3,seed42
O=CCNc1c(Cl)cc(F)cc1Cc1cc(Cl)ccc1OCC(=O)Nc1cc(Br)ccc1O,0.2286,5.0,-7.8,-6.7,-7.25,seed42
Cc1cc(F)c(Cl)cc1[C@H]1C[NH+](C)C(NC2CCCCC(Cn3cc[nH+]c3C)C2)C(Nc2cc(Cl)cc(N3C[CH][C@@H](C)CC3)c2Cl)N1C,0.2308,5.0,-7.4,-7.1,-7.25,seed42
Cc1cc(-c2ccc3scc(C(O[NH+]4CCC[C@H](C)C4)c4ccccc4F)c3c2)c(C)s1,0.3446,4.5,-8.0,-6.4,-7.2,seed42
O=C([C@H](Oc1ccccc1)c1cccc([C@H]2CCC=CC2Nc2cccc(Cl)c2Cl)c1)N1CCCC1,0.3249,5.0,-7.6,-6.8,-7.2,seed42
Cn1cc(Nc2ccc(O)cc2OCc2cccc3nnc(NC4CCCC(N5CCOC[C@@H]5C5CC5)C4c4ccccc4F)n23)cn1,0.1598,5.0,-7.8,-6.6,-7.2,seed42
C[NH2+]c1nc(C2CC2)c(C2[C@H](C)OC(Cc3ccccc3OC)[C@H]3CCC([C@@H](C)C(=O)OC)N23)s1,0.5587,5.0,-7.1,-7.2,-7.15,seed42
[CH](C[NH+]1CCc2ccccc2C1)c1sccc1-c1cc(-c2cccs2)c[nH]1,0.4941,4.2,-7.5,-6.8,-7.15,seed42
Cc1c(C2[C@H](C)O[C@@H](C)CN2c2ccc3[nH]c(-c4cncc(-c5ccc(F)c(Cl)c5)c4)nc3c2)cccc1[N+](=O)[O-],0.1718,5.0,-8.1,-6.2,-7.15,seed42
CCC(=O)NCc1cc(-c2ncc(F)cc2COc2cc(C)ccc2C)ccn1,0.6417,4.8,-7.4,-6.8,-7.1,seed42
O=C([C@H](Oc1ccc(-c2ccccc2)cc1)c1ccccc1)N1CCCC1,0.636,3.4,-7.9,-6.3,-7.1,seed42
CCNc1cc(-c2ccccc2OC(F)F)c(COc2c(F)cccc2S(N)(=O)=O)nc1Cl,0.4081,5.0,-7.3,-6.9,-7.1,seed42
Cc1ccc(Nc2cc([C@@H]3CC(Cc4ccccc4F)O[C@@H]3C)ccc2CCC=O)nc1,0.4499,5.0,-7.5,-6.7,-7.1,seed42
C[C@@H]1CCN(C(F)(F)OC(Oc2ccc(C#N)cc2)[NH+]2CCCCCC2[C@H]2Cc3ccccc3O2)C[C@@H]1O,0.4242,5.0,-7.7,-6.5,-7.1,seed42
Cn1cc(Nc2cc(C[C@@H]3OCCC3Cn3ccc4ccccc43)c(O)cc2O)c(CO)n1,0.254,5.0,-6.9,-7.3,-7.1,seed42
Cn1cc(Nc2ccc(O)cc2OCc2cccc3nnc(NC4CC(Cn5cccn5)CC(N5CCOC[C@@H]5C5CC5)C4)n23)cn1,0.1784,5.0,-7.6,-6.6,-7.1,seed42
CC[C@@H](O)c1cn(CC2CC(Nc3ccc(OC(Cc4ccccc4)c4ncn(C)n4)cc3)(c3nnn[n-]3)CC(=O)N2C)c(C)[nH+]1,0.2103,5.0,-7.9,-6.3,-7.1,seed42
C[C@@H]1C(Cc2ccc3c(c2)OCO3)CCCN1C(=O)NC(=O)Cc1ccccc1,0.8614,3.8,-7.2,-6.9,-7.05,seed42
COc1ccc(-c2ccc(Cl)cc2)cc1CN(c1ccc2c(c1)CCO2)c1nc(C)nn1C,0.3677,5.0,-7.2,-6.9,-7.05,seed42
COC(=O)[C@H](C)C1CC[C@@H]2CO[C@@H](C[C@H]3CCCNC3)C(c3scnc3C3CC3)N12,0.6931,5.0,-6.8,-7.3,-7.05,seed42
C[C@H]1CN(c2ccc3[nH]c(-c4cnccc4Cc4ccoc4N)nc3c2)C[C@H](C)O1,0.5349,4.6,-7.4,-6.6,-7.0,seed42
Cc1cncc(NN(C(=O)Cc2coc3ccc(C(C)(C)C)cc23)c2ccccc2)c1,0.4055,4.0,-7.9,-6.1,-7.0,seed42
COc1cc(NC2CC2)c(F)cc1Nc1cc2c(cc1Nc1cc(F)cc(F)c1)CCC2,0.3851,5.0,-7.1,-6.9,-7.0,seed42
Cc1cccc(C)c1OCc1cccc2nc(-c3cnccc3Cc3ccoc3N)[nH]c12,0.371,5.0,-8.0,-6.0,-7.0,seed42
CC(c1ccnc(S(=O)(=O)C(C)C)c1)c1cc(-c2cccnc2CN2CC[C@@H](C)[C@H](O)C2)sc1Cl,0.4378,5.0,-7.3,-6.7,-7.0,seed42
CC(C)(C)c1ccc2occ([C@H](OCc3cccc(Cl)c3)c3cccs3)c2c1,0.3352,3.7,-7.3,-6.7,-7.0,seed42
Cc1ccccc1Nc1cnc2cc(N(C)CCC#N)ccc2c1-c1ccncc1OCC1CC1NCc1ccccc1,0.1639,5.0,-8.0,-6.0,-7.0,seed42
Cn1nc(COc2ccccc2)cc1Nc1sc(C2CC2c2ncon2)nc1C(C)(C)C[C@H]1CSCCS1,0.2343,5.0,-7.4,-6.6,-7.0,seed42
COc1cc(NC2CC2c2ccc(C)o2)c(F)cc1Nc1ccc2c(c1)CCC2,0.5453,5.0,-7.2,-6.7,-6.95,seed42
Cc1cc(COc2ccc(C#N)cc2)cc(Cl)c1N1C[C@H](CN2CCCC2)C(C(C)(C)C[NH+](C)C)[C@@H](C)C1,0.4857,5.0,-7.5,-6.4,-6.95,seed42
CCc1cccc(C)c1Nc1cnc2cc(N(C)CCC#N)ccc2c1-c1ccncc1OCC1CC1,0.2562,5.0,-7.2,-6.7,-6.95,seed42
Cc1cc(F)c(Cl)cc1[C@H]1C(COc2ccccc2F)[NH+](C)C(NC2CCCCCC2)C(Nc2cc(Cl)cc(N3CC[C@H](C)[C@H](O)C3)c2Cl)N1C,0.1699,5.0,-8.0,-5.9,-6.95,seed42
Cc1cc(F)ccc1N(C(=O)CC(C[C@@H](O)C(C)C)[C@@H](C)N)C1CCCCCC1OC1CCCC1,0.4012,5.0,-7.1,-6.8,-6.95,seed42
CCCc1cc(O)c(C)c(O)c1N1CCC(c2cccc(C(=O)O)c2)CC1=O,0.7257,3.8,-6.7,-7.1,-6.9,seed42
CCCc1cc(O)c(C)c(O)c1N1CCC(c2cccc(C(=O)ON3CCSCC3)c2)CC1=O,0.6284,5.0,-7.4,-6.4,-6.9,seed42
COc1ccc(-c2cc(C(=O)Nc3nc(C)cs3)cc3c2COC3N2CCC(C(N)=O)CC2)cc1OC,0.4796,5.0,-7.6,-6.2,-6.9,seed42
COc1cccc(OCc2cccc3nnc(NC4CCCC(N5CCOC[C@@H]5C5CC5)C4)n23)c1,0.5225,5.0,-7.2,-6.6,-6.9,seed42
Cc1ccc(C)c(OCc2cc3ccc(-c4ccc([SH](=O)=O)cc4)cc3o2)c1,0.4704,4.0,-7.6,-6.2,-6.9,seed42
COC[C@H](C)NCc1nc(-c2cc(-c3ccc(C)c(C=C(C)C)c3)sc2Br)cs1,0.3632,5.0,-6.7,-7.1,-6.9,seed42
CCC(=O)NCc1cccc(-c2cc(Br)ccc2Oc2c(Cc3nc(C)no3)cccc2[N+](=O)[O-])n1,0.212,5.0,-7.6,-6.2,-6.9,seed42
Cc1ccc(Nc2ccc(Cl)cc2)c(NC(C)[C@]2(C)CCC(c3cc(Br)cs3)O2)c1C(F)(F)C[C@H](O)c1ccccc1S(C)=O,0.143,5.0,-7.6,-6.2,-6.9,seed42
Cc1cc(F)c(Cl)cc1[C@H]1C(COc2ccccc2F)[NH+](C)C(NC2CCCCCC2)C(Nc2cc(Cl)cc(N3C[CH][C@@H](C)CC3)c2Cl)N1C,0.1924,5.0,-7.8,-6.0,-6.9,seed42
C[C@@H]1CCCCN1C(=O)NC(=O)Cc1ccc(-c2ccc(Br)s2)cc1,0.7719,2.8,-7.5,-6.2,-6.85,seed42
C[CH]C1(SCCCc2nc(C3CC3)no2)CNCCC1C(=O)NNc1ccccc1,0.3948,5.0,-7.1,-6.6,-6.85,seed42
Cc1ccc(Nc2cc([C@@H]3C([NH+]4CCC[C@H](C)C4)CO[C@@H]3C)c([C@@H]3CCCC[NH+]3C)cc2CCC=O)nc1,0.4682,5.0,-7.4,-6.3,-6.85,seed42
COc1ccc(CNC(c2ccc(Nc3cc(F)cc(F)c3)cc2)N(C)C)c(N2C[C@H](C)C[C@@H](C)C2)c1,0.3209,5.0,-7.2,-6.5,-6.85,seed42
COc1ccnc(C(=O)N2CCC[C@H](C[C@@H]3OC[C@H]4CCCN4C3c3sc(C(=O)Nc4cccnc4Cl)nc3C3CC3)C2)c1,0.3197,5.0,-7.7,-6.0,-6.85,seed42
CCCc1cc(N(C2C[NH+]3C(Oc4ccc(F)cc4)C(c4ccc(C#N)cc4)C[C@@H]3CN2NCC=O)[C@@H]2CC(=O)N(C)C2)n(C)n1,0.3082,5.0,-6.8,-6.9,-6.85,seed42
N#Cc1ccc(-c2ccc(O[C@@H](C(=O)N3CCCC3)c3ccccc3)cc2)cc1,0.6261,3.7,-7.2,-6.4,-6.8,seed42
O=C([C@H](Oc1ccccc1)c1cccc([C@@H]2CC=CCC2)c1)N1CCCC1,0.6806,3.4,-7.4,-6.2,-6.8,seed42
Cn1nc(COc2ccccc2)cc1Nc1sc(C2CC2c2ncon2)nc1C(C)(C)C,0.4162,5.0,-7.4,-6.2,-6.8,seed42
COc1cccc(OCc2cccc3nnc(NC4CCCC([N+]5=CCCC5)C4)n23)c1,0.5872,5.0,-7.1,-6.5,-6.8,seed42
Cc1cc(F)ccc1N(C(=O)CC(C[C@@H](O)C(C)C)[C@@H](C)N)C1CCCCCC1,0.6004,4.5,-7.0,-6.6,-6.8,seed42
CCC=Cc1cc([C@@H]2Cc3ccc(NC(=O)Cc4ccccc4)cc3S2)co1,0.5398,4.2,-6.6,-7.0,-6.8,seed42
COc1cccc(OCc2cccc3nnc(NC4CCCC(N5CCOC[C@@H]5C5CC5)C4c4ccccc4F)n23)c1,0.277,5.0,-7.5,-6.1,-6.8,seed42
COc1cccc(CNC2C[NH+](CC(Cl)[C]c3ccncc3Cl)CC2Nc2cccnc2Cl)c1,0.2832,5.0,-7.1,-6.5,-6.8,seed42
Cc1cc(C(=O)N2C(Cn3ccnn3)C([C@@](C)(O)c3ccccc3)CC2N2CCOCC2)sc1-c1c[nH]c(-c2ccsc2[C@@H](C)O)c1,0.1887,5.0,-7.8,-5.8,-6.8,seed42
C[C@H]1CCC[NH+](OC(c2ccccc2F)c2csc3ccccc23)C1,0.7325,3.2,-7.0,-6.5,-6.75,seed42
O=C(Nc1cccnc1Cl)c1nc(C2CC2)c(C2[C@H](C[C@H]3CCCNC3)OC[C@H]3CCCN23)s1,0.5623,5.0,-7.0,-6.5,-6.75,seed42
CCC=Cc1cc([C@@H]2Cc3c(C[NH+]4CCCC[C@@H]4C)cccc3S2)co1,0.7956,3.4,-6.3,-7.2,-6.75,seed42
Cc1ccc(Nc2ccc(Cl)cc2)c(NC(C)[C@]2(C)CCCO2)c1C(F)F,0.5715,4.3,-6.2,-7.3,-6.75,seed42
Cc1cc(NN(C(=O)Cc2coc3ccc(C(C)(C)C)cc23)c2ccccc2)cnc1[C@@H]1C[NH2+]CCO1,0.3768,5.0,-7.4,-6.1,-6.75,seed42
Cc1cc(C(=O)N2CCCC2)sc1-c1c[nH]c(-c2c(NNc3ncccn3)csc2[C@@H](C)O)c1,0.2599,5.0,-6.9,-6.6,-6.75,seed42
CCO[CH]C(CNS(=O)(=O)C[C@@H](C)CCO)(Oc1c(F)cccc1NC(=O)c1ccccc1)C(CC)(Nc1ccc(F)cc1Cl)C(=O)c1ccccc1,0.0688,5.0,-7.6,-5.9,-6.75,seed42
CCCc1cc(O)c(C)c(O)c1N1CCC(c2cccc(C(=O)OC)c2)CC1=O,0.7433,3.8,-6.5,-6.9,-6.7,seed42
CC(C)(C)c1ccc2occ(CC(=O)Nc3ccccc3F)c2c1,0.7319,2.2,-7.4,-6.0,-6.7,seed42
Cc1cnn(CSc2ccccn2)c1C=Cc1ccccc1,0.6499,3.2,-6.9,-6.5,-6.7,seed42
OCC(Cc1nccs1)C(Nc1ccc(Br)cc1)[NH+]1CCCCCC1,0.6396,4.8,-6.7,-6.7,-6.7,seed42
CCS(=O)(=O)C(=C(C)C)c1cc(-c2cc(-c3csc(C)n3)c(Br)s2)ccc1C,0.3784,4.1,-7.0,-6.4,-6.7,seed42
Cc1ccc([SH](CCc2nnco2)NCc2ccccn2)cc1NCc1ccc(Cl)cc1,0.273,5.0,-6.7,-6.7,-6.7,seed42
CCOc1ccc(NC2(c3nnn[n-]3)CC(=O)N(CNC(=O)c3cccs3)C(Cn3cc[nH+]c3C)C2)cc1,0.3118,5.0,-6.7,-6.7,-6.7,seed42
CC(C)NC1CCCC([N-]S(C)(=O)=O)C1C(=O)N(C(=O)NC[C@@H]1CC(Nc2cccc(Cl)c2Cl)CO1)c1cc(-c2nccn2C)ccn1,0.2485,5.0,-7.4,-6.0,-6.7,seed42
Cc1cnc(-c2cnc(N(C(=O)NC[C@@H]3CCCO3)C(=O)C3CCCCC3NC(C)C)cc2-c2nccn2C)s1,0.4072,5.0,-6.6,-6.8,-6.7,seed42
COC(=O)[C@H](C)C1CC[C@@H]2CO[C@@H](C[C@H]3CCCNC3)C(c3sc(C(=O)Nc4cccnc4Cl)nc3C3CC3)N12,0.3353,5.0,-6.8,-6.6,-6.7,seed42
Cc1cnc(NC(NS(C)(=O)=O)(c2ccccc2F)C2CCN([SH](=O)=O)CC2Nc2ccc(F)cc2C)s1,0.225,5.0,-6.6,-6.8,-6.7,seed42
CCOCCN(C)C(NC1C(S)CNCCCC1c1ccc(C(F)(F)F)cc1[C@@H](C)C(=O)O)c1cccs1,0.1652,5.0,-7.3,-6.1,-6.7,seed42
O=C(Cc1ccccc1S(=O)(=O)N1CCCCC1)Nc1ccc2c(c1)S[CH]C2,0.8055,4.6,-6.8,-6.5,-6.65,seed42
C[NH2+]c1nc(C2CC2)c(C2[C@H](C)OC[C@H]3CCC([C@@H](C)C(=O)OC)N23)s1,0.791,4.6,-6.4,-6.9,-6.65,seed42
O=C(NCc1cccnc1)C(CC(=O)N1CCSCC1)[C@H]1CN2CC(Cc3ccccn3)C[C@@H]2CO1,0.5825,5.0,-6.9,-6.4,-6.65,seed42
CCOCc1cc(Cc2ccncc2)c(Nc2ccc(C(C)=O)c(N3C[C@@H](C)O[C@H](C)C3)c2)o1,0.428,5.0,-7.4,-5.9,-6.65,seed42
CN1C[C@H](c2cc(Br)ccc2NC(C(CO)Cc2nccs2)[NH+]2CCCCCC2)CC1=O,0.499,5.0,-6.9,-6.4,-6.65,seed42
Cc1cnc(NC(NS(C)(=O)=O)(c2ccccc2F)C2CCN([SH](=O)=O)CC2)s1,0.4265,5.0,-6.3,-7.0,-6.65,seed42
COc1cccc(CNC2C[NH+](CC(Cl)[C]c3ccncc3Cl)CC2Nc2cccnc2)c1,0.3858,5.0,-6.8,-6.5,-6.65,seed42
CC(C)[C@H](O)CC(CC(=O)N(c1ccc(F)cc1CS(=O)(=O)NC1CC1)C1CCCCCC1)[C@@H](C)N,0.3537,5.0,-7.1,-6.2,-6.65,seed42
C[C@@H](c1ccsc1)C1(SCCCc2nc(C3CC3)no2)CNCCC1C(=O)NNc1ccccc1,0.2473,5.0,-7.0,-6.3,-6.65,seed42
C[NH2+]c1nc(C2CC2)c(C2[C@H](C)OC(Cc3ccccc3OCNc3ccc4c(c3)COC4)[C@H]3CCC([CH]C(=O)OC)N23)s1,0.2377,5.0,-6.8,-6.5,-6.65,seed42
Cc1ccc(-c2ccc3c(c2)OC(C(=O)NC2CCCC2)C=C3)cn1,0.9263,2.7,-6.7,-6.5,-6.6,seed42
C[NH+](C)c1ccc(Cc2ccc(F)c(F)c2)c2c1C=CC(C(=O)NC1CCCC1)O2,0.7909,4.3,-7.1,-6.1,-6.6,seed42
Cc1cc(Nc2sc(C3CC3c3ncon3)nc2C(C)(C)C)n(C)n1,0.762,4.4,-6.7,-6.5,-6.6,seed42
CC([CH]O[C@H]1COc2ccccc2O1)(Oc1ccc(C#N)cc1)c1csnn1,0.6302,5.0,-6.8,-6.4,-6.6,seed42
Cc1ccc(Nc2cc([C@@H]3CCO[C@@H]3C)c([C@@H]3CCCC[NH+]3C)cc2CCC=O)nc1,0.6648,5.0,-6.6,-6.6,-6.6,seed42
C[C@@H]1C[C@H](C)CN(c2ccsc2[C@@H](O)c2coc3ccc(C(C)(C)C)cc23)C1,0.5588,2.7,-7.2,-6.0,-6.6,seed42
N#Cc1ccc(ONN(c2ncc(Cc3nnc4ccccn34)s2)C2[CH]OCCC2)cc1,0.4318,5.0,-6.7,-6.5,-6.6,seed42
C[C@@H](C(=O)O)c1cc(C(F)(F)F)ccc1C1CCCNCC(S)C1NCc1cccs1,0.4529,5.0,-6.9,-6.3,-6.6,seed42
CCNc1cc(-c2ccccc2OC(F)F)c(COc2c(S(N)(=O)=O)ccc(-c3cnc4ccc(C)cn34)c2F)nc1Cl,0.1706,5.0,-7.2,-6.0,-6.6,seed42
C[NH+](C)c1cc(Cc2ccc(O)cc2)c(Cc2ccc(F)c(F)c2)c2c1C=CC(C(=O)NC1CCCC1)O2,0.4321,5.0,-6.7,-6.4,-6.55,seed42
Cc1cc(C)cc(OC(CC(Cc2ccc([NH+](C)C3CC3)nc2)N2CCCC[C@H]2C)NC#N)c1,0.3205,5.0,-7.2,-5.9,-6.55,seed42
Cc1cccc(Oc2coc(C(=O)N(C)[N+]3=CCCC3)c2)c1,0.8142,3.0,-6.6,-6.5,-6.55,seed42
Cc1cc(COc2ccc(C#N)cc2)cc(Cl)c1N1C[C@H](C)C(C(C)(C)C[NH+](C)C)[C@@H](C)C1,0.6227,4.5,-7.0,-6.1,-6.55,seed42
Cc1ncccc1-c1cc(C(C)(C)c2ccnc(S(=O)(=O)C(C)C)c2)c(Cl)s1,0.5182,4.1,-6.8,-6.3,-6.55,seed42
CCC(=O)Nc1ccc(Br)c(N2C[C@@H](C)C[C@H](C)C2)c1-c1cc2ccccc2o1,0.4767,3.5,-6.8,-6.3,-6.55,seed42
COc1cccc(OCc2cccc3nnc(NC4CCCCC4)n23)c1,0.7248,4.8,-6.5,-6.5,-6.5,seed42
C[C@@H]1OCCC1Cn1cc(NCc2ccccc2)c2ccccc21,0.7386,3.4,-6.2,-6.8,-6.5,seed42
Cc1ccc(C(=O)N(C)C(C)C)c(CCOc2ccc(Cl)cc2Cl)c1,0.6713,3.5,-7.1,-5.9,-6.5,seed42
CS(=O)(=O)NCC1CCN(S(=O)(=O)c2ccccc2CC(=O)Nc2ccc3c(c2)S[CH]C3)CC1,0.5512,5.0,-6.8,-6.2,-6.5,seed42
Cc1cc(COc2ccc(C#N)cc2)cc(Cl)c1N1C[C@H](C)C[C@@H](C)C1,0.7061,2.7,-6.5,-6.5,-6.5,seed42
CNC(=O)NC(C)Cc1cc(O)c(C)c(O)c1N1CCC(c2cccc(C(=O)OC)c2)CC1=O,0.4818,5.0,-6.9,-6.1,-6.5,seed42
Cc1ncccc1-c1cc(C(C)c2ccnc(S(=O)(=O)C(C)C)c2)c(Cl)s1,0.5462,4.1,-6.9,-6.1,-6.5,seed42
Cc1ccc(Cn2ccnc2C[NH+](Cc2ccccc2)Cc2ccc(F)c(Cl)c2)cc1O,0.4141,5.0,-7.2,-5.8,-6.5,seed42
CC(C)=Cc1cc(-c2cc(-c3csc(C)n3)c(Br)s2)ccc1C,0.445,2.2,-6.7,-6.3,-6.5,seed42
CCCC(CNS(=O)(=O)C[NH+](C)CC)(Oc1c(F)cccc1NC(=O)c1ccccc1Cl)[C@@H](C)OCC,0.3108,5.0,-6.4,-6.6,-6.5,seed42
CCNc1c(CNCOc2ccc(C#N)cc2)ccc([NH+]2CCC(OC)CC2)c1OC[C@@H](C)C(=O)NC,0.2417,5.0,-6.8,-6.2,-6.5,seed42
COc1ccnc(C(=O)N2CCC[C@H](C[C@@H]3OC[C@H]4CCCN4C3c3scnc3C3CC3)C2)c1,0.6126,5.0,-7.0,-5.9,-6.45,seed42
CCCSC1([C@@H](C)c2ccsc2)CNCCC1C(=O)NNc1ccccc1,0.5687,5.0,-6.5,-6.4,-6.45,seed42
COc1ccc(-c2ccc3sc(C(C)N[C@H]4CC[C@H]([NH+](C)C[C@@H](C)C#N)C4)nc3c2)cc1,0.5406,5.0,-6.0,-6.9,-6.45,seed42
CCCOc1ccc(F)c(Cc2c(-c3cc(OC)cc(OC)c3)[nH]c3ccccc23)c1,0.3608,5.0,-6.9,-6.0,-6.45,seed42
Cc1c(NC(C=Cc2ccco2)c2cccs2)cc(Cl)cc1SC(C)C,0.4094,4.5,-6.4,-6.5,-6.45,seed42
COC[C@H](C)NCc1nc(-c2cc(-c3ccc(C)c(C=C(C)C)c3-c3n[nH]c(C)n3)sc2Br)cs1,0.221,5.0,-7.2,-5.7,-6.45,seed42
C[NH+](C)CC(C)(C)c1cccn2c(Cc3cnc(N(N)C4[CH]OCCC4)s3)nnc12,0.4339,5.0,-6.6,-6.3,-6.45,seed42
Cc1cc(F)c(Cl)cc1[C@H]1C[NH+](C)C(NC2CCCCCC2)C(Nc2cc(Cl)ccc2Cl)N1C,0.4371,5.0,-6.8,-6.1,-6.45,seed42
CCC[SH](NC(=O)Cc1ccccc1)C(C)[NH+](CC)C(CNC(=O)[CH]CC(N)=NO)c1scnc1C,0.068,5.0,-6.8,-6.1,-6.45,seed42
Cc1cnc(NC(=O)C2CCCCC2NC(C)C)cc1-c1nccn1C,0.8632,3.8,-7.0,-5.8,-6.4,seed42
C[C@@H]1CCCN(C(=O)N(C(=O)Cc2ccccc2)C(=O)N2CCCC[C@H]2C)C1,0.7755,2.3,-6.8,-6.0,-6.4,seed42
N#Cc1ccc(OC(OC(F)F)[NH+]2CCCCCC2[C@H]2Cc3ccccc3O2)cc1,0.736,5.0,-6.6,-6.2,-6.4,seed42
Cc1ccc(OCc2cc(Oc3cc(CC(C)[CH]O)cc(O)c3C)ccc2C#N)cc1,0.473,5.0,-6.4,-6.4,-6.4,seed42
CC(CNC(=O)NC1CCCCC1)[C@H](O)CC(CC(=O)NC1CCCCCC1)[C@@H](C)N,0.3368,5.0,-6.6,-6.2,-6.4,seed42
Cc1[nH+]c([C@H](O)C(C)c2csnn2)cn1CC1CC(N)(c2nnn[n-]2)CC(=O)N1C,0.4925,5.0,-6.6,-6.2,-6.4,seed42
CNCc1ccc(CCBr)c(Sc2ccc(C)cc2)c1-c1cn[nH]c1,0.5209,4.5,-6.3,-6.4,-6.35,seed42
FC(F)(F)c1ccc(C2CCCNCC(S)C2NCc2cccs2)cc1,0.6488,3.6,-7.0,-5.7,-6.35,seed42
FC(F)Oc1ccccc1-c1ccc(S)c(-c2ccccc2Cl)c1,0.5166,3.0,-6.9,-5.8,-6.35,seed42
CNC(=O)NC(C)([CH]O)Cc1cc(O)c(C)c(Oc2ccc(C#N)cc2)c1N1CCCCC1=O,0.493,5.0,-7.1,-5.6,-6.35,seed42
Cc1c(C(=O)N2CCN(C)CC2)nn(CSc2ccccn2)c1C=Cc1cccc(C[NH+](C)C)c1,0.491,5.0,-6.7,-6.0,-6.35,seed42
C[C@@H]1C[CH]CN(c2ccsc2[C@@H](O)c2coc3ccc(C(C)(C)C)cc23)C1,0.6103,2.7,-7.3,-5.4,-6.35,seed42
CCC[NH+](C)C[C@@H]1[CH]CN(c2cc(Cl)cc(Nc3n[nH]c(C)n3)c2)CC1N,0.5728,5.0,-6.7,-6.0,-6.35,seed42
CCc1nc(-c2c(-c3csc(N(Nc4cc(F)cc(F)c4)S(C)(=O)=O)n3)cnn2CC)no1,0.3676,5.0,-7.0,-5.7,-6.35,seed42
CC[C@@H](O)c1cn(CC2CC(N)(c3nnn[n-]3)CC(=O)N2C)c(C)[nH+]1,0.6824,5.0,-6.5,-6.2,-6.35,seed42
Cc1ccsc1-c1c[nH]c(-c2c(NNc3ncccn3)csc2[C@@H](C)O)c1,0.3417,5.0,-6.5,-6.2,-6.35,seed42
COc1ccc(F)c(Nc2cccc(OC(F)F)c2-c2ccc(S)c(-c3ccccc3Cl)c2)c1,0.2489,5.0,-6.9,-5.8,-6.35,seed42
CCc1cccc(C)c1N(Nc1nccc(-c2cc(Br)cs2)n1)c1csc([C@@H](C)O)c1-c1ccc[nH]1,0.1617,5.0,-6.5,-6.2,-6.35,seed42
CCC[NH+](C)C[C@@H]1[CH]CN(c2cc(Cl)cc(NC3C(N)[NH+](C)C[C@H](c4cc(Cl)ccc4C)N3C)c2Cl)CC1N,0.3222,5.0,-6.6,-6.1,-6.35,seed42
C[NH2+]NC(=O)C(O)(CCc1nccs1)OC(c1ncccc1C(C)(C)O)[NH+]1CCC(OC)CC1,0.1171,5.0,-6.5,-6.2,-6.35,seed42
CCOC(NNc1cc(F)ccc1F)[C@@H]1CCC[NH+]1Cc1ccccc1F,0.487,5.0,-6.4,-6.2,-6.3,seed42
COC(=O)[C@H](C)c1cc(C(F)(F)F)ccc1C1CCCNCC(S)C1NCc1cccs1,0.3988,5.0,-6.7,-5.9,-6.3,seed42
Cc1ccc(C(C=Cc2ccco2)(Nc2cc(Cl)ccc2C)c2ccnc(Cl)c2)s1,0.3025,4.8,-6.7,-5.9,-6.3,seed42
CCc1cccc(C)c1N(Nc1ncccn1)c1csc([C@H](O)CN2CCSCC2)c1-c1ccc[nH]1,0.2461,5.0,-6.7,-5.9,-6.3,seed42
Cc1ccc(SCCc2nnco2)cc1NCc1ccc(Cl)cc1,0.6028,4.8,-6.6,-6.0,-6.3,seed42
COc1ccc(-c2ccc3sc(C(C)N[C@H]4CC[C@H]([NH+](C)C)C4)nc3c2)cc1C,0.6452,4.5,-6.1,-6.5,-6.3,seed42
CCS(=O)(=O)C(=C(C)C)c1cc(-c2cc(-c3csc(CN[C@@H](C)COC)n3)c(Br)s2)ccc1C,0.2807,5.0,-6.8,-5.8,-6.3,seed42
COc1cc(OC)c(C(O)C(CSc2ccc(Cl)cc2)SC)c(-c2cccc(Cl)c2)c1[NH2+]C(C)C,0.2013,5.0,-6.0,-6.6,-6.3,seed42
C[C@@H]1CC(Nc2cncc(-c3nncn3C)c2)C[C@@H](C)C1,0.9411,2.5,-6.5,-6.0,-6.25,seed42
COc1ccc(-c2cccc3c2COC3N2CCC(C(N)=O)CC2)cc1OC,0.8602,4.3,-6.3,-6.2,-6.25,seed42
C[C@@H]1CCCCN1C(=O)NC(=O)Cc1ccccc1,0.887,1.2,-6.1,-6.4,-6.25,seed42
CCCOc1ccc(F)c(Cc2c[nH]c3ccccc23)c1,0.7218,2.9,-6.5,-6.0,-6.25,seed42
O=[SH](=O)c1ccc(-c2ccc3ccoc3c2)cc1,0.7185,1.7,-6.3,-6.2,-6.25,seed42
Cc1ccc(-c2ccc3c(c2)OCC=C3)cn1,0.7382,0.6,-6.2,-6.3,-6.25,seed42
O=C(NCc1cccnc1)C(CC(=O)N1CCSCC1)[C@H]1CN2CCC[C@@H]2CO1,0.7469,5.0,-6.3,-6.2,-6.25,seed42
CNC(=O)[C@H](C)N(c1ccc(Cl)cc1)c1cccc(SC[N-]S(=O)(=O)CNC(C)=O)c1,0.5006,5.0,-6.6,-5.9,-6.25,seed42
CCCC([CH]OCC)(CNS(=O)(=O)C[NH+](C)CC)Oc1c(F)cccc1NC(=O)c1ccccc1Cl,0.3202,5.0,-6.2,-6.3,-6.25,seed42
C[NH+](C)c1cc(Cc2ccc(O)cc2)c(Cc2cc(F)c(F)cc2-c2ccc(Br)s2)c2c1C=CC(C(=O)NC1CCCC1)O2,0.1889,5.0,-6.9,-5.6,-6.25,seed42
CCC[NH+](C)C[C@@H]1[CH]CN(c2cc(Cl)cc(NC3C(Nc4cc5ccccc5[nH]4)[NH+](C)C[C@H](c4cc(Cl)ccc4C)N3C)c2Cl)CC1N,0.1438,5.0,-7.5,-5.0,-6.25,seed42
CS(=O)(=O)[N-]CSc1cccc(Nc2ccc(Cl)cc2)c1,0.7875,4.1,-5.9,-6.5,-6.2,seed42
CCC(Nc1ccc(F)cc1Cl)C(=O)c1ccccc1,0.8187,2.7,-6.5,-5.9,-6.2,seed42
C[C@H]1CN(c2ccc3[nH]c(-c4cccnc4)nc3c2)C[C@H](C)O1,0.7894,2.5,-6.0,-6.4,-6.2,seed42
CCC(=O)Nc1ccc(Br)cc1-c1cc2ccccc2o1,0.7086,2.2,-6.5,-5.9,-6.2,seed42
Cc1c(C(=O)N2CCN(C)CC2)nn(CSc2ccccn2)c1C=Cc1ccccc1,0.5522,5.0,-6.5,-5.9,-6.2,seed42
COc1ccc(-c2ccc3sc(C(C)N[C@@H]4C[CH]CC4)nc3c2)cc1,0.67,3.7,-5.9,-6.5,-6.2,seed42
COc1ccc(-c2ccc3sc(C(C)N[C@H]4CC[C@H]([NH+](C)C)C4)nc3c2)cc1,0.6675,4.5,-5.9,-6.5,-6.2,seed42
CC(C)[C@H](O)CC(CC(=O)NC1CCCCCC1)[C@@H](C)N,0.6324,3.2,-6.5,-5.9,-6.2,seed42
CCC[NH+](C)C[C@@H]1[CH]CN(c2cc(Cl)cc(Nc3n[nH]c(C)n3)c2Cl)CC1N,0.5447,5.0,-6.4,-6.0,-6.2,seed42
COC(=O)c1ccc(C2CN(C(F)F)C[C@H](O)[C@@H]2C)cc1[C@H](O)CNc1nncs1,0.442,5.0,-7.2,-5.2,-6.2,seed42
Cc1cnc(-c2cnc(NC(=O)C3CCCCC3NC(C)C)cc2-c2nccn2C)s1,0.5955,5.0,-6.8,-5.6,-6.2,seed42
CCO[C@H](C)C(Oc1c(F)cccc1NC(=O)c1ccccc1Cl)C(CC)OC,0.5608,5.0,-6.6,-5.8,-6.2,seed42
CCOCNNc1c(F)ccc(F)c1C(=O)N(C)C[C@H](C)Oc1ccccc1,0.368,5.0,-6.3,-6.1,-6.2,seed42
Cc1cc(C)cc(OC(CC(Cc2cccnc2)N2CCCC[C@H]2C)NC#N)c1,0.4111,5.0,-7.1,-5.3,-6.2,seed42
[C]C(Cl)C[NH+]1CC(NCc2cccc(OC)c2)C(Nc2cccnc2Cl)C1,0.4615,5.0,-6.8,-5.6,-6.2,seed42
CCOC(NNc1c(F)ccc(F)c1C(=O)N(C)C)[C@@H]1CCC[NH+]1Cc1ccccc1F,0.4048,5.0,-6.6,-5.8,-6.2,seed42
C[C@@H](O)c1scc(NNc2nccc(-c3cc(Br)cs3)n2)c1-c1ccc[nH]1,0.2838,5.0,-6.6,-5.8,-6.2,seed42
CC(=O)c1ccc(Nc2occc2Cc2ccncc2)cc1,0.7156,3.2,-6.2,-6.1,-6.15,seed42
CC(C)[NH2+]Cc1cccc(OCc2ccccc2F)c1Cl,0.8677,3.2,-5.9,-6.4,-6.15,seed42
CNC(=O)NC(C)Cc1cc(O)c(C)c(Oc2ccc(C#N)cc2)c1N1CCCCC1=O,0.6381,4.9,-6.6,-5.7,-6.15,seed42
COc1ccccc1CNc1nc(CNC(C)N(C)c2cscn2)nn1C,0.546,5.0,-6.2,-6.1,-6.15,seed42
NN(c1ncc(Cc2nnc3ccccn23)s1)C1[CH]OCCC1,0.5805,4.4,-6.2,-6.1,-6.15,seed42
Cc1ccc(Cl)cc1NC(C=Cc1ccco1)c1cccs1,0.6052,3.2,-6.2,-6.1,-6.15,seed42
Cc1ccc(C(C=Cc2ccco2)Nc2cc(Cl)ccc2C)s1,0.5733,3.2,-6.0,-6.3,-6.15,seed42
CC(C)(c1ccncc1)c1cc(-c2cccnc2CC2[CH]COC2)sc1Cl,0.5634,4.0,-6.4,-5.9,-6.15,seed42
CCNc1c(CNCOc2ccc(C#N)cc2)ccc([NH+]2CCC(OC)CC2)c1OC,0.4009,5.0,-6.7,-5.6,-6.15,seed42
Cc1ccsc1-c1c[nH]c(-c2c(NNc3ncccn3)csc2[C@@H](C)OCn2ccnn2)c1,0.2457,5.0,-6.4,-5.9,-6.15,seed42
CCc1nc2cc(-c3ccc(OC)c(C)c3)ccc2s1,0.6857,1.9,-5.8,-6.4,-6.1,seed42
CN(CCC#N)c1ccc2c(-c3ccncc3OCC3CC3)ccnc2c1,0.6249,5.0,-6.4,-5.8,-6.1,seed42
Cc1ncccc1NCC(C)OC(=O)c1ccccc1CNC1CC1CO,0.5893,5.0,-6.3,-5.9,-6.1,seed42
C[C@@H]1CC(N(Oc2ccccc2C#N)c2cncc(-c3nncn3C)c2)C[C@@H](C)C1,0.5896,4.6,-6.5,-5.7,-6.1,seed42
CCOC([C@@H]1CCC[NH+]1C)N(Nc1cc(F)ccc1F)C(=O)c1ccccc1Br,0.4838,5.0,-6.1,-6.1,-6.1,seed42
Cc1ccc(Cl)cc1[C@H]1C[NH+](C)C(N)C(Nc2cc(Cl)cc(N3C[CH][C@@H](C)C(NC(N)=O)C3)c2Cl)N1C,0.3817,5.0,-6.4,-5.8,-6.1,seed42
Cc1cnc(NC(=O)C2CCCCC2)cc1-c1nccn1C,0.9454,2.5,-5.9,-6.2,-6.05,seed42
COc1cc(NC2CC2)c(F)cc1Nc1ccc2c(c1)CCC2,0.8435,3.7,-6.4,-5.7,-6.05,seed42
Cc1ccc(Nc2cc([C@@H]3CCO[C@@H]3C)ccc2CCC=O)nc1,0.8108,3.7,-6.4,-5.7,-6.05,seed42
CCn1cc(-c2csc(N(Nc3cc(F)cc(F)c3)S(C)(=O)=O)n2)cn1,0.6445,5.0,-6.2,-5.9,-6.05,seed42
Nc1occc1Cc1ccncc1-c1nc2ccccc2[nH]1,0.6057,3.0,-6.2,-5.9,-6.05,seed42
COc1ccc(CNC(c2ccccc2)N(C)C)c(N2C[C@H](C)C[C@@H](C)C2)c1,0.7134,4.2,-6.4,-5.7,-6.05,seed42
Cc1ccc(Oc2cc([C@H](C)n3cccn3)ccc2F)c(C)c1,0.6747,2.7,-6.4,-5.7,-6.05,seed42
Cc1ncccc1Nc1cc(F)cc(Cc2cc(Cl)ccc2OCC(N)=O)c1NCC=O,0.3981,5.0,-6.4,-5.7,-6.05,seed42
CC(C)CC(=O)N[C@H]1COCC1Cc1ncccc1-c1cc(C(C)(C)c2ccncc2)c(Cl)s1,0.4202,5.0,-6.7,-5.4,-6.05,seed42
CCc1nc(-c2c(-c3csc(N(Nc4cc(F)cc(F)c4CO)S(C)(=O)=O)n3)cnn2CC)no1,0.3154,5.0,-6.4,-5.7,-6.05,seed42
CS(=O)(=O)c1ccc(-c2ccc3ccoc3c2)cc1,0.7169,1.7,-5.8,-6.3,-6.05,seed42
CC(C(=O)NCc1cccnc1)[C@H]1CN2CCC[C@@H]2CO1,0.9047,3.0,-5.8,-6.3,-6.05,seed42
Cc1c(O)cc(CC(C)[CH]O)c(N2CCCCC2=O)c1Oc1ccc(C#N)cc1,0.7483,4.3,-6.3,-5.8,-6.05,seed42
COc1cccc(CNCOc2ccc(C#N)cc2)c1NC(C)C,0.5741,4.5,-6.1,-6.0,-6.05,seed42
CC(C)[C@@H](C)Nc1ccccc1NNC(=O)C1CCCC1,0.6986,3.2,-6.1,-6.0,-6.05,seed42
Cc1cc(F)c(Cl)cc1[C@H]1C[NH+](C)C(NC2CCCCCC2)CN1C,0.7997,2.5,-5.8,-6.3,-6.05,seed42
Cc1ccc(Nc2cccc(NCc3cnccc3-c3nccn3C)c2C(C)C)c(C)n1,0.3808,5.0,-6.6,-5.5,-6.05,seed42
Cc1cc(F)c(Cl)cc1[C@H]1C[NH+](C)C(N)C(Nc2cc(Cl)cc(N3C[CH][C@@H](C)C(NC(N)=O)C3)c2Cl)N1C,0.3707,5.0,-6.5,-5.6,-6.05,seed42
CCC[NH+](C)C[C@@H]1[CH]CN(c2cc(Cl)cc(NC3C(N)[NH+](C)C[C@H](c4cc(Cl)ccc4C)N3C)c2Cl)CC1NC(N)=O,0.2507,5.0,-6.5,-5.6,-6.05,seed42
Cc1[nH+]c([C@H](O)C(C)c2csnn2)cn1CC1CC(N)(c2nnn[n-]2)CC(=O)N1CC[S@](C)=O,0.351,5.0,-6.3,-5.8,-6.05,seed42
O=C([C@H](Oc1ccccc1)c1ccccc1)N1CCCC1,0.859,2.4,-6.1,-5.9,-6.0,seed42
NC(=O)c1ccc(-c2cc3ccccc3o2)nc1,0.7456,1.7,-5.8,-6.2,-6.0,seed42
NC(=O)C1CCN(C2OCc3ccccc32)CC1,0.8581,1.7,-6.3,-5.7,-6.0,seed42
Cc1ncccc1NC1C([C@@H]2CCCCO2)CC[C@@H]2CO[CH]CN12,0.9231,3.0,-6.1,-5.9,-6.0,seed42
COc1ccc(Oc2cccc(CCC=O)c2Nc2ccc(C)cn2)cc1,0.5672,5.0,-6.3,-5.7,-6.0,seed42
CC(=O)c1ccc(Nc2occc2Cc2ccncc2)cc1N1C[C@@H](C)O[C@H](C)C1,0.5929,4.8,-6.2,-5.8,-6.0,seed42
Cc1cc(F)c(Cl)cc1[C@H]1C[NH+](C)C(N)C(Nc2cc(Cl)cc(N3C[CH][C@@H](C)CC3)c2Cl)N1C,0.5516,5.0,-6.5,-5.5,-6.0,seed42
CCSc1cc(Cl)cc(NC(C=Cc2ccco2)c2cccs2)c1C,0.4295,4.5,-6.4,-5.6,-6.0,seed42
COc1ccc(-c2ccc3scnc3c2)c([SH](CC#N)c2csc(C(C)C)n2)c1,0.3486,5.0,-6.2,-5.8,-6.0,seed42
O=C(Cc1ccccc1)Nc1ccc2c(c1)S[CH]C2,0.9197,1.9,-5.7,-6.2,-5.95,seed42
Cc1c(C(=O)N2CCN(C)CC2)nn(C)c1C=Cc1cccc(C[NH+](C)C)c1,0.837,3.8,-6.4,-5.5,-5.95,seed42
C[C@@H]1CCCCN1C(=O)N(C=O)C(=O)Cc1ccccc1,0.8012,2.0,-5.9,-6.0,-5.95,seed42
COc1ccnc(C(=O)N2CCC[C@H](C[C@H]3CN4CCC[C@@H]4CO3)C2)c1,0.8249,3.8,-6.2,-5.7,-5.95,seed42
C[C@@H](C#N)C1CC(c2cccc(C(=O)O)c2Nc2c(F)cccc2F)CC(=O)N1,0.7071,4.4,-5.9,-6.0,-5.95,seed42
C[C]OC1(N2CCN(C(C)=O)CC2)CCOCC1c1cc(Cl)cc(Cl)c1,0.7782,3.6,-6.2,-5.7,-5.95,seed42
CC(C)=Cc1cc(-c2ccc(Br)s2)ccc1C,0.6468,0.6,-6.0,-5.9,-5.95,seed42
CCNc1cc(-c2ccccc2OC(F)F)c(COc2ccccc2F)nc1Cl,0.4418,5.0,-6.2,-5.7,-5.95,seed42
CCc1cccc(C)c1N(Nc1nccc(-c2cc(Br)cs2)n1)c1csc([C@H](O)CN2CCSCC2)c1-c1ccc[nH]1,0.1285,5.0,-6.7,-5.2,-5.95,seed42
O=C1CC(c2cccc(C(=O)O)c2Nc2c(F)cccc2F)CCN1,0.7928,3.6,-6.1,-5.8,-5.95,seed42
COc1ccccc1CN(c1ccc2c(c1)CCO2)c1nc(C)nn1C,0.7058,4.3,-6.1,-5.8,-5.95,seed42
CS[C@H](C)c1cc(-c2ccnc3cc(N(C)CCC#N)ccc23)ccn1,0.6125,4.0,-6.6,-5.3,-5.95,seed42
Cc1ncccc1-c1cc(C(C)(C)c2ccncc2)c(Cl)s1,0.6347,2.2,-6.1,-5.8,-5.95,seed42
CCC(=O)NCc1cccc(-c2cc(Br)ccc2Oc2ccccc2[N+](=O)[O-])n1,0.3878,5.0,-6.3,-5.6,-5.95,seed42
Cc1[nH+]ccn1CC1CC(c2nnn[n-]2)CC(=O)N1CNC(=O)c1cccs1,0.6205,5.0,-6.1,-5.8,-5.95,seed42
CCC(=O)NCc1cccc(-c2cc(Br)ccc2O)n1,0.9016,2.5,-6.0,-5.8,-5.9,seed42
Cc1c(O)cc(CC(C)[CH]O)cc1Oc1ccc(C#N)cc1,0.8716,2.7,-5.9,-5.9,-5.9,seed42
CC(C)NC1CCCCC1C(=O)Nc1cc(-c2nccn2C)ccn1,0.8769,3.8,-6.0,-5.8,-5.9,seed42
CN(CCC#N)c1ccc2c(-c3ccncc3)ccnc2c1,0.7351,2.7,-6.1,-5.7,-5.9,seed42
C=CCNC(=O)c1ccc(C)c(O)c1N1CCC(c2ccoc2)C[C@@H]1C,0.7972,3.5,-6.0,-5.8,-5.9,seed42
CCNCc1ccc(CCBr)c(Sc2ccc(C)cc2)c1,0.6786,3.4,-6.2,-5.6,-5.9,seed42
CCC=Cc1cc([C@@H]2Cc3ccccc3S2)co1,0.7582,1.6,-5.7,-6.1,-5.9,seed42
CC(C)[C@@H](C)Nc1ccccc1N(C=O)NC(=O)C1CCCC1,0.5988,4.0,-6.2,-5.6,-5.9,seed42
Cc1c(C2NC[C@H](C)O[C@H]2C)cccc1[N+](=O)[O-],0.646,1.5,-6.0,-5.8,-5.9,seed42
O=C(NCOCCc1ccc([N+](=O)[O-])cc1)c1ccccc1Br,0.3465,4.6,-6.3,-5.5,-5.9,seed42
CC(C)(C)OC(=O)NCC[CH]Oc1cc(Nc2ncccn2)ccc1NC[C@H]1CCCO1,0.4686,5.0,-5.9,-5.9,-5.9,seed42
Cc1[nH+]ccn1CC1CC(c2nnn[n-]2)CC(=O)N1,0.7487,3.4,-5.8,-6.0,-5.9,seed42
COc1ccc(-c2ccc3sc(C(C)N[C@@H]4C[CH]CC4)nc3c2)c(SCC#N)c1,0.4736,5.0,-5.9,-5.9,-5.9,seed42
CC(CNC=O)c1ccc(S(=O)(=O)NC2CC2)cc1Nc1cc(Cl)ccc1NOOCC(=O)[O-],0.1272,5.0,-6.2,-5.6,-5.9,seed42
CCNCc1ccc(C)c(Sc2ccc(C)cc2)c1,0.855,2.1,-6.0,-5.7,-5.85,seed42
CCNc1cc(-c2ccccc2OC(F)F)cnc1Cl,0.8289,3.3,-5.8,-5.9,-5.85,seed42
C[C@@H]1CCCCN1C(=O)c1cc(Br)ccc1CO,0.9119,1.2,-6.0,-5.7,-5.85,seed42
O=CCNc1c(Cl)cc(F)cc1Cc1cccc(Cl)c1,0.8325,3.0,-5.8,-5.9,-5.85,seed42
CC(C)C(C1=Cc2ccccc2OC1)c1nnn[n-]1,0.8395,2.5,-6.2,-5.5,-5.85,seed42
CC(=O)NCS(=O)(=O)[N-]CSc1cccc(Nc2ccc(Cl)cc2)c1,0.6573,5.0,-6.3,-5.4,-5.85,seed42
CC(C)(C)c1ccc2occ([C@H](O)c3cccs3)c2c1,0.7285,1.4,-6.3,-5.4,-5.85,seed42
O=C(NC1CCCC1)C1C=Cc2ccccc2O1,0.8664,1.4,-5.9,-5.8,-5.85,seed42
FC(F)OC[NH+]1CCCCCC1[C@H]1Cc2ccccc2O1,0.9188,3.0,-5.9,-5.8,-5.85,seed42
COc1ccc(-c2cc(CC=Cc3ccco3)sc2OCC#N)cc1OC,0.5376,5.0,-6.0,-5.7,-5.85,seed42
COC(=O)[C@H](C)C1CC[C@@H]2CO[C@@H](C)C(c3scnc3C3CC3)N12,0.7811,3.8,-5.9,-5.8,-5.85,seed42
CCCC(Oc1c(F)cccc1NC(=O)c1ccccc1Cl)[C@@H](C)OCC,0.5936,5.0,-6.2,-5.5,-5.85,seed42
C[CH]Nc1n[nH]c(CNC(=O)c2ccco2)c1C(C)Nc1cc(C)on1,0.4888,5.0,-5.9,-5.8,-5.85,seed42
CCc1c[nH]nc1N[C@@H](C)C(C)Nc1ccccc1C#N,0.7609,3.5,-5.9,-5.7,-5.8,seed42
CCn1cc(C2CCC(N3CCCCC3=O)C2)cn1,0.8384,2.2,-5.7,-5.9,-5.8,seed42
Cn1cc(Nc2cc(C[C@H]3CCCO3)c(O)cc2O)c(CO)n1,0.4952,4.1,-5.7,-5.9,-5.8,seed42
Cc1cc(C)cc(OC(CCN2CCCC[C@H]2C)NC#N)c1,0.4972,3.2,-5.9,-5.7,-5.8,seed42
C[NH2+]NC(=O)C(O)(CCc1nccs1)OCc1ncccc1C(C)(C)O,0.2071,5.0,-5.9,-5.7,-5.8,seed42
COc1ccc(-c2cccc(CC=O)c2)cc1O,0.8385,1.9,-5.6,-6.0,-5.8,seed42
Cn1ccnc1C[NH+](Cc1ccccc1)Cc1ccc(F)c(Cl)c1,0.7294,4.0,-6.0,-5.6,-5.8,seed42
CCc1cccc(NC(COC)[C@H](C)c2cccc(C)c2OSC)c1,0.6036,4.7,-6.0,-5.6,-5.8,seed42
CCSCC(O)c1c(OC)cc(OC)cc1-c1cc(Cl)ccc1Nc1ccc(N(C)C)cc1,0.3356,5.0,-6.3,-5.3,-5.8,seed42
COc1cc(OC)c(C(O)C(CSc2ccc(Cl)cc2)SC)c(-c2cccc(Cl)c2)c1,0.3171,5.0,-6.0,-5.6,-5.8,seed42
CCCc1cc(N(C2C[NH+]3C(Oc4ccc(F)cc4)CC[C@@H]3CN2NCC=O)[C@@H]2CC(=O)N(C)C2)n(C)n1,0.4305,5.0,-6.3,-5.3,-5.8,seed42
Cc1ccc(O)cc1Sc1ccc(F)cc1,0.8474,0.9,-5.5,-6.0,-5.75,seed42
CCSCC(O)c1c(OC)cc(OC)cc1-c1cccc(Cl)c1,0.7756,4.0,-5.9,-5.6,-5.75,seed42
CCc1nc(-c2sccc2Oc2cc(C)ccc2C)no1,0.6961,3.0,-5.8,-5.7,-5.75,seed42
Cc1csc(C2NC(c3cccc([N+](=O)[O-])c3C)[C@H](C)O[C@H]2C)n1,0.674,3.1,-5.8,-5.7,-5.75,seed42
COC(=O)c1ccc(C2CN(C(F)F)C[C@H](O)[C@@H]2C)cc1,0.6857,2.3,-6.0,-5.5,-5.75,seed42
Cc1cnc(N(Nc2ccc(Cl)c(Cl)c2)C2[CH]OCCC2)s1,0.7874,3.6,-5.5,-5.9,-5.7,seed42
CC(C)c1ccccc1Nc1cc(Cl)ccc1NOOCC(=O)[O-],0.4323,5.0,-5.7,-5.7,-5.7,seed42
Cc1ccc(Nc2cccc(NCc3cccnc3)c2C(C)C)c(C)n1,0.6122,3.7,-5.8,-5.6,-5.7,seed42
CCc1cccc(C)c1Nc1csc([C@@H](C)O)c1-c1ccc[nH]1,0.5868,3.2,-5.6,-5.8,-5.7,seed42
C[CH]Oc1cc(Nc2ncccn2)ccc1NC[C@H]1CCCO1,0.8166,4.8,-5.8,-5.5,-5.65,seed42
C=CCNC(=O)c1ccc(C)c(O)c1N1CCCC[C@@H]1C,0.8375,2.2,-5.3,-6.0,-5.65,seed42
COc1cccc(CNCOc2ccc(C#N)cc2)c1,0.6462,3.2,-6.1,-5.2,-5.65,seed42
O=C1CC(c2cccc(C(=O)O)c2)CCN1,0.7892,1.2,-5.6,-5.7,-5.65,seed42
COC(CCNC(=O)C(O)CCc1nccs1)Oc1ccc(F)cc1,0.6282,5.0,-5.9,-5.4,-5.65,seed42
COc1cccc(CN(COc2ccc(C#N)cc2)C2CC[NH+](C(=O)NC(C)C)C2)c1,0.6366,5.0,-5.4,-5.9,-5.65,seed42
CCC(=O)NCc1cc(-c2ccc(F)cn2)ccn1,0.9163,2.5,-5.7,-5.5,-5.6,seed42
O=C(CNc1ccc(F)cc1Cl)c1ccccc1,0.851,2.2,-5.7,-5.5,-5.6,seed42
COc1cc(OC)c(C(O)CSC)c(-c2cccc(Cl)c2)c1,0.8458,3.5,-5.7,-5.5,-5.6,seed42
COc1ccc(CNC(c2ccccc2)N(C)C)cc1,0.8165,2.9,-6.0,-5.2,-5.6,seed42
CCc1nc(C2CC2c2nc(C(C)(C)C)cs2)no1,0.8588,2.5,-5.7,-5.5,-5.6,seed42
CNCc1ccc(CCBr)c(Sc2ccc(C)cc2)c1,0.7511,2.9,-6.0,-5.2,-5.6,seed42
CCNc1c(CNCOc2ccc(C#N)cc2)cccc1OC,0.579,4.5,-6.1,-5.1,-5.6,seed42
C[C@H]1OCC[C@H]1c1ccc(CCC=O)cc1O,0.8137,1.9,-5.9,-5.3,-5.6,seed42
Fc1cc(CC[C@@H]2CCCO2)ccc1Cl,0.7684,1.4,-5.5,-5.7,-5.6,seed42
C[C@@H]1OCCC1Cn1ccc2ccccc21,0.7506,1.1,-5.4,-5.8,-5.6,seed42
FC(c1cscn1)N1CCCCC(NCc2cccs2)C(S)C1,0.6118,4.1,-5.9,-5.3,-5.6,seed42
CCCC(CNS(C)(=O)=O)(Oc1c(F)cccc1NC(=O)c1ccccc1Cl)[C@@H](C)OCC,0.4431,5.0,-6.1,-5.1,-5.6,seed42
CCc1cccc(C)c1Nc1csc([C@H](O)CN2CCSCC2)c1-c1ccc[nH]1,0.4699,5.0,-6.1,-5.1,-5.6,seed42
CCCc1cc(NC2C[NH+]3CCC[C@@H]3CN2NCC=O)n(C)n1,0.5727,5.0,-5.5,-5.7,-5.6,seed42
Cc1ccc(Nc2ccccc2CCC=O)nc1,0.8155,2.4,-5.4,-5.7,-5.55,seed42
COC(=O)c1ccc(C2CN(C(F)F)C[C@H](O)[C@@H]2C)cc1[C@@H](C)O,0.6475,3.1,-5.9,-5.2,-5.55,seed42
CNC(=O)c1cc(Oc2cccc(C)c2)co1,0.8832,1.7,-5.5,-5.6,-5.55,seed42
Cc1cc(Cl)cc(COc2ccc(C#N)cc2)c1,0.8294,1.4,-5.6,-5.5,-5.55,seed42
CCOCN(Nc1cc(F)ccc1F)C(=O)c1ccccc1Br,0.5991,4.1,-5.6,-5.5,-5.55,seed42
C=CCNC(=O)c1ccc(C[NH+](C)C2CC2)c(O)c1N1CCCC[C@@H]1C,0.6524,4.5,-5.6,-5.5,-5.55,seed42
c1ccn2c(NC3CCCCC3)nnc2c1,0.8382,1.7,-5.3,-5.7,-5.5,seed42
CC(C)(C)OC(=O)c1ccccc1CNC1CC1CO,0.8094,2.7,-5.4,-5.6,-5.5,seed42
Cc1ccc(Nc2c(O)cccc2CCC=O)nc1,0.6374,2.7,-5.6,-5.4,-5.5,seed42
CCNc1c(Nc2ccc(Cl)cc2)ccc(C)c1C(F)F,0.7332,3.0,-5.6,-5.4,-5.5,seed42
C[C@@H](O)c1scc(NNc2ncccn2)c1-c1ccc[nH]1,0.5443,4.1,-5.7,-5.3,-5.5,seed42
Nc1occc1Cc1ccncc1,0.7554,0.9,-5.4,-5.6,-5.5,seed42
N#Cc1ccccc1Nc1cc(O)ccc1N,0.5416,1.2,-5.4,-5.5,-5.45,seed42
CCCSC1CNCCC1C(=O)NNc1ccccc1,0.7043,3.5,-5.4,-5.5,-5.45,seed42
Cc1ncccc1NC1CCC[C@@H]2CO[CH]CN12,0.8676,1.7,-5.7,-5.2,-5.45,seed42
CSc1cccc(NNC(=O)C2CCNCC2)c1,0.5743,2.5,-5.7,-5.2,-5.45,seed42
C[NH+](C)c1cccc2c1C=CC(C(=O)NC1CCCC1)O2,0.8797,2.2,-5.6,-5.3,-5.45,seed42
O=CON1CCN(C(=O)Nc2ccc(O)cc2)C1=O,0.6202,2.9,-5.3,-5.6,-5.45,seed42
CCc1ccc(NC=O)c(CNC(=O)OC(C)(C)C)c1,0.8138,2.5,-5.3,-5.5,-5.4,seed42
O=CON1CCN(C(=O)Nc2ccc(F)cc2)C1=O,0.834,2.9,-5.3,-5.5,-5.4,seed42
COc1ccc(-c2ccc3scnc3c2)c(SCC#N)c1,0.6611,3.0,-5.4,-5.4,-5.4,seed42
C[NH+](Cc1ccccc1)Cc1ccc(F)c(Cl)c1,0.8661,1.9,-5.6,-5.2,-5.4,seed42
Clc1ccc(-c2cccnc2CC2[CH]COC2)s1,0.8506,2.2,-5.7,-5.1,-5.4,seed42
CC(C)OC(=O)c1ccccc1CNC1CC1CO,0.7673,3.2,-5.2,-5.6,-5.4,seed42
Cc1ccc(C(=O)N(C)C(C)C)c(C)c1,0.7267,0.1,-5.6,-5.2,-5.4,seed42
CNC(=O)NC(C)Cc1cc(O)c(C)c(O)c1N1CCCCC1=O,0.6734,3.1,-5.4,-5.4,-5.4,seed42
O=CN(NC(=O)C1CCCC1)c1ccccc1,0.6361,2.2,-5.2,-5.6,-5.4,seed42
Cc1cc(F)c(Cl)cc1[C@H]1C[NH+](C)CCN1C,0.7968,0.7,-5.4,-5.4,-5.4,seed42
[C]C(Cl)C[NH+]1CCC(NCc2cccc(OC)c2)C1,0.7481,3.2,-5.5,-5.3,-5.4,seed42
CCC[NH+](C)C[C@@H]1[CH]CN(c2cc(Cl)cc(N)c2Cl)CC1N,0.7086,3.3,-5.2,-5.6,-5.4,seed42
CC[NH2+]NC(=O)C(O)(CCc1nccs1)OCc1ccccn1,0.2586,5.0,-5.8,-5.0,-5.4,seed42
CCCSC(C)[NH+](CC)C(CNC(=O)[CH]CC(N)=NO)c1scnc1C,0.1391,5.0,-5.6,-5.2,-5.4,seed42
CS(=O)(=O)N(Nc1cc(F)cc(F)c1)c1nccs1,0.8798,3.7,-5.2,-5.5,-5.35,seed42
Cc1ccc(Nc2ccccc2C(C)C)c(C)n1,0.8499,1.1,-5.4,-5.3,-5.35,seed42
Cc1ccc(-c2ccc(Br)s2)cc1,0.7022,0.1,-5.4,-5.3,-5.35,seed42
CC(C)(C)c1csc(C2CC2c2ncon2)n1,0.8203,2.0,-5.5,-5.2,-5.35,seed42
O=C(NNc1ccccc1)C1CCNCC1,0.6679,1.7,-5.4,-5.3,-5.35,seed42
CCOCNNc1c(F)ccc(F)c1C(=O)N(C)C,0.4692,3.6,-5.0,-5.7,-5.35,seed42
CCCc1cc(N(C2C[NH+]3CCC[C@@H]3CN2NCC=O)[C@@H]2CC(=O)N(C)C2)n(C)n1,0.5168,5.0,-5.4,-5.3,-5.35,seed42
Cc1ccc(O)cc1Sc1ccccc1,0.8224,0.6,-5.4,-5.2,-5.3,seed42
OCC(CNc1ccc(Br)cc1)Cc1nccs1,0.8566,3.5,-5.0,-5.6,-5.3,seed42
COC(C)CC(COc1ccccc1C)n1cnc2ccc(COc3cccc(F)c3)cc21,0.2937,5.0,-7.9,-8.0,-7.95,seed123
CC(C)(C)[NH2+]Cc1ccc2c(c1)C[C@H](Cn1cc(-c3cccc4nc[nH]c34)c3ccccc31)O2,0.3928,5.0,-8.3,-7.3,-7.8,seed123
Cc1ccc(OCC(F)COc2ccc3oc(-c4ccc(F)cc4)cc3c2)cc1,0.3663,5.0,-7.8,-7.6,-7.7,seed123
O=C(Cc1ccc(Br)c(-c2cscc2-c2ccc(F)c([C@@H]3CCS(=O)(=O)C3)c2)c1)NC(=O)c1ccco1,0.2934,5.0,-8.2,-7.2,-7.7,seed123
Cc1ccc2c(c1)C[C@H](Cn1cc(-c3cc([C@@H]4CCCO4)cc4nc[nH]c34)c3ccccc31)O2,0.3479,5.0,-8.2,-7.1,-7.65,seed123
Cc1ccc2c(c1)C[C@H](Cn1cc(-c3cccc4nc[nH]c34)c3ccccc31)O2,0.4499,3.7,-8.3,-6.8,-7.55,seed123
Cc1ccc(OC2[C@H](CCc3ccc(O)cc3)O[C@H](C)CN2C(=O)C(C)c2c(F)cccc2Cl)cc1C,0.3793,5.0,-8.0,-6.9,-7.45,seed123
Cc1cc(OCC2CC[C@@H]3CO[C@@H](c4cc(C5([NH2+])CC5)c(Cl)cc4F)CN23)cc(C)c1N1CCO[C@@H](C)C1,0.5878,5.0,-7.8,-7.1,-7.45,seed123
NC(=O)Nc1ncccc1C1CC(c2nc(C3CC3C=O)no2)CC(N2CCCc3ccccc32)C1,0.5015,5.0,-7.8,-7.1,-7.45,seed123
CNN1CCC2(OCC(Cc3ccncc3-c3cnn(C)c3)O2)C(C(=O)NC2CCCCCC2)C1,0.611,5.0,-7.6,-7.2,-7.4,seed123
Cc1ccc(OC2[C@H](C)O[C@H](C)CN2C(=O)C(C)(N[C@@H](C)C(C)C)c2c(F)cccc2Cl)cc1C,0.5032,5.0,-7.5,-7.3,-7.4,seed123
O=C(NNc1cc(F)cc(F)c1)N(CCCc1ccc(Br)cc1)N1CCC2(CC1)OCCO2,0.5234,5.0,-7.4,-7.2,-7.3,seed123
Cc1cc(-c2nc(C)c(C)s2)cc(C(=O)NN(C)C(CC#N)C2(O)CCCC2)c1-c1c(C)noc1C,0.4239,5.0,-7.7,-6.9,-7.3,seed123
Cc1nc(-c2ccc(OCCc3cncc(NC4CCCCCCC4)c3)c(O)c2)no1,0.534,5.0,-7.5,-7.1,-7.3,seed123
c1ccc2c(c1)C[C@H](Cn1cc(-c3cccc4nc[nH]c34)c3ccccc31)O2,0.4781,3.7,-7.9,-6.6,-7.25,seed123
COc1cccc(CC2CC2[CH]ONC(=O)c2coc(-c3nc4c(s3)CCCC4)c2)c1,0.5026,5.0,-7.7,-6.8,-7.25,seed123
ClC(Cl)(Cl)C1O[CH]CC1Nc1cc2c(c(Cc3ccc4c(c3)OCO4)c1)CCC2,0.6121,4.6,-7.3,-7.2,-7.25,seed123
CCc1noc(CC)c1CC(C)[NH2+]C1CCCCc2nnc(N(S)C3C[C@@H](C)C[C@H](C)C3)n21,0.5573,5.0,-7.3,-7.2,-7.25,seed123
CN(C1C[NH+](C)C(c2cccn2C)CN1OCC1(O)CCCCC1)C1(N2CCCCCC2)CCCCC1,0.5824,5.0,-7.5,-7.0,-7.25,seed123
C[NH+][C@@H]1CC(C2CCOC(c3n[nH]c4ccccc34)C2)[C@@H](NC=Cc2ccccc2)C1,0.5769,5.0,-6.6,-7.8,-7.2,seed123
COc1cccc(N(C=O)c2cc(C)cc(N3Cc4ccccc4CC3(C#CCO)C(C)(C)OC)c2)c1,0.3662,5.0,-7.6,-6.8,-7.2,seed123
O=CC1CC1c1noc(C2CC(c3cccnc3)CC(N3CCCc4ccccc43)C2)n1,0.5515,5.0,-7.3,-7.0,-7.15,seed123
COC(C([NH2+])[C@@H]1CCC[NH2+]C1)N1CC[C@@H](C)[C@@H](Oc2n[nH]c3ccccc23)C1,0.6493,5.0,-7.6,-6.7,-7.15,seed123
Cc1cc(-c2nc(C)c(CNc3ccccc3F)s2)cc(C(N)=O)c1-c1c(C)noc1C,0.4017,5.0,-7.7,-6.6,-7.15,seed123
N#Cc1ccc(-c2ccc(O[CH]c3ccccc3C(=O)Nc3cccc(Cl)c3)cc2)cc1,0.3639,4.5,-7.9,-6.4,-7.15,seed123
Cc1nc(-c2ccc(OCCc3cncc(NC4CCCCCCC4)c3SCC(=O)[O-])c(O)c2)no1,0.3826,5.0,-7.6,-6.7,-7.15,seed123
COc1cc(C)c(C)cc1N1CC[NH+](C[C@@H]2COc3cc(-c4cccc(Cl)c4Cl)ccc3C2)CC1,0.5066,5.0,-7.4,-6.9,-7.15,seed123
O=C(Cc1ccc(Br)c(-c2cscc2-c2ccc(F)cc2)c1)NC(=O)c1ccco1,0.3739,4.6,-7.8,-6.4,-7.1,seed123
Cc1cc(C)cc(OCC2CC[C@@H]3CO[C@@H](c4cc(C5([NH2+])CC5)c(Cl)cc4F)CN23)c1,0.7549,4.8,-7.5,-6.6,-7.05,seed123
CC(C)c1ccc2occ(CC(=O)Nc3ccc([C@@H]4CCC[NH2+]4)cc3F)c2c1,0.6932,4.0,-7.3,-6.8,-7.05,seed123
CCC(Oc1ccc(C#N)c(-c2cc(C)cc(F)c2)c1)c1nc2ccccc2[nH]1,0.4528,4.0,-7.8,-6.3,-7.05,seed123
CC1(c2nc(C3CC3)no2)CC(c2cccnc2)CC(N2CCCc3ccccc32)C1,0.5729,4.5,-7.7,-6.3,-7.0,seed123
CN(C1C[NH+]C(c2cccn2C)CN1OCC1(O)CCCCC1)C1(N2CCCCCC2)CCCCC1,0.6012,5.0,-7.1,-6.9,-7.0,seed123
Cc1c([O-])ccc(-c2cnn(C(C)C)c2C)c1N1CCO[C@@H](C(Cn2cc[nH+]c2)N2CCCCC2)C1,0.5064,5.0,-7.5,-6.5,-7.0,seed123
Cc1ccccc1NC[C@H]1CCCC(Nc2ccccc2OC(C)C(=O)N(C)C2CCCCC2)N1C=O,0.4214,5.0,-7.1,-6.9,-7.0,seed123
Cc1ccccc1NCC(C)(O)C1[C@H](C)C[CH]C[NH+]1N[C@@H](C)c1ccc(C(N)=O)cc1,0.4484,5.0,-7.2,-6.8,-7.0,seed123
CSN(c1cc(-c2nncn2CCc2ncnn2C)cnc1N1CCC[C@@H](C)C1)C1C[C@@H](C)C[C@H](C)C1,0.3875,5.0,-7.4,-6.6,-7.0,seed123
CNN1CCC2(OCC(Cc3ccncc3-c3cn(C)nc3[S-])O2)C(C(=O)NC2CCCCCC2)C1,0.4492,5.0,-7.1,-6.9,-7.0,seed123
Cc1csc(-c2cc(C)c(-c3c(C)noc3C)c(C(=O)NN(C)C(CC#N)c3ccoc3)c2)n1,0.3504,5.0,-7.4,-6.6,-7.0,seed123
CNN1CCC2(OCC(Cc3ccncc3)O2)C(C(=O)NC2CCCCCC2)C1,0.7343,4.6,-6.7,-7.2,-6.95,seed123
Cc1n[nH]c(C(=O)N2CCC(c3cc(C(=O)Nc4ccccc4Br)c(Cl)cc3F)C[C@H]2C)n1,0.4734,5.0,-7.4,-6.5,-6.95,seed123
C[NH+]C1CCc2ccc(NC3C(Cc4cnn(C)c4)[CH]OC3(N3CCCCCCC3)C(Cl)(Cl)Cl)cc21,0.5155,5.0,-7.2,-6.7,-6.95,seed123
CNC(=O)[C@H](C)C1[C@H](C)O[CH]CN1C(=O)N(C(=O)c1ccccc1Cl)c1cc(-c2nncn2C)ccc1F,0.5276,5.0,-7.6,-6.3,-6.95,seed123
CC1(c2nc(C3CC3C=O)no2)CC(c2cccnc2)CC(N2CCCc3ccccc32)C1,0.528,5.0,-7.6,-6.3,-6.95,seed123
CCc1nc([C@@H]2CCCC[NH2+]2)c(Nc2ccc(-c3ccc(F)c(Cl)c3)cc2)cc1C(F)(F)F,0.4028,4.9,-7.3,-6.6,-6.95,seed123
COCC(C(Oc1ccc(C#N)c(-c2cccc(F)c2)c1)c1nc2ccccc2[nH]1)N1CCOC(C)(C)C1,0.335,5.0,-6.8,-7.1,-6.95,seed123
Cc1cc(Nc2cccc(NC(=O)C3CCCC3)c2NC(=O)C2CNCC[NH+]2C(C)N)n(C)n1,0.354,5.0,-7.1,-6.8,-6.95,seed123
COc1ccc(-c2c(O)ccc(-c3nccs3)c2NCCc2cccs2)c(OC)c1,0.3577,5.0,-7.0,-6.8,-6.9,seed123
CC1(c2ccc(Cl)cc2Cl)CCCC(c2ccc(Cl)nc2)C1,0.5495,1.7,-6.6,-7.2,-6.9,seed123
CN(C1C[NH+](C)CCN1OCC1(O)CCCCC1)C1(N2CCCCCC2)CCCCC1,0.6672,4.8,-7.1,-6.7,-6.9,seed123
CC(=O)NCc1cc(O)cc(-c2ccc(N(C)CN3CCN(C(C)=O)CC3)cc2)c1,0.764,4.6,-7.2,-6.5,-6.85,seed123
CC(OCc1ccccc1)Oc1cnccc1NCc1ccccc1,0.6098,4.7,-6.9,-6.7,-6.8,seed123
CCn1nc(C)c(NC2CC2COc2c(Cl)ccc(Cl)c2C(=O)Nc2ccc(C)cn2)c1C,0.4277,5.0,-6.9,-6.7,-6.8,seed123
Cc1cc(-c2cnn(C(C)CS(N)(=O)=O)c2Cc2cccc(C(N)=O)c2)ccc1[O-],0.5865,5.0,-7.3,-6.3,-6.8,seed123
Cc1ccccc1CNc1cc(F)c(Nc2ccc(F)cc2)c(F)c1Nc1cccc(F)c1,0.2526,5.0,-7.1,-6.5,-6.8,seed123
CC(C)c1ccc2occ(CC(=O)Nc3ccccc3F)c2c1,0.7461,2.7,-7.0,-6.5,-6.75,seed123
C[C@H](N[NH+]1C[CH]C[C@@H](C)C1(C(N)=O)C(C)(C)O)c1ccc(C(N)=O)cc1,0.4669,4.1,-6.7,-6.8,-6.75,seed123
CC(=O)OC1CC([C@@H]2CCCN(S(C)(=O)=O)C2)C[C@H](C)[NH+]1c1ccc(-c2noc(C)n2)cc1O,0.4753,5.0,-7.0,-6.4,-6.7,seed123
Cc1cc(-c2nc(C)c(C)s2)cc(C(=O)NN(C)CCC#N)c1-c1c(CNC(=O)c2ccoc2C)noc1C,0.2792,5.0,-6.9,-6.5,-6.7,seed123
C[C@@H]1CN(C(=O)N(C(=O)c2ccccc2Cl)c2cc(-c3nncn3C)ccc2F)C[C@H](C)O1,0.5729,4.5,-6.8,-6.6,-6.7,seed123
CCc1nn(C)cc1Cn1cnnc1-c1ccc(F)c(N(C(=O)c2ccccc2Cl)C(=O)N2C[CH]O[C@@H](C)C2)c1,0.3357,5.0,-7.3,-6.1,-6.7,seed123
CC(=O)N1CCN(CN(C)c2ccc(-c3cccc(O)c3)cc2)CC1,0.9301,3.0,-6.8,-6.5,-6.65,seed123
CC(C)(C)c1ccc2occ(CC(=O)Nc3ccccc3F)c2c1,0.7319,2.2,-7.3,-6.0,-6.65,seed123
N#Cc1ccc(-c2ccc(O[C@@H](C(=O)N3CCCC3)c3ccccc3)cc2)cc1,0.6261,3.7,-7.2,-6.1,-6.65,seed123
Cc1ccc(Nc2c(F)cc(F)cc2NNC(=O)N(C)N2CCC3(CC2)OCCO3)cc1Cl,0.5497,5.0,-7.0,-6.3,-6.65,seed123
Cc1ccc(OC2[C@H](C)O[C@H](C)CN2C(=O)C(C)c2c(F)cccc2Cl)cc1C,0.6798,3.3,-6.9,-6.4,-6.65,seed123
CC[C@H]1c2ccc(Cc3cnn(C)c3)cc2SC1[NH+](C)CNc1ccc(C)cc1Cl,0.5302,5.0,-7.4,-5.9,-6.65,seed123
Cc1cccc(NCCONC(=O)Nc2ccc(Br)cc2)c1OCCc1cccc(O)c1,0.2256,5.0,-7.0,-6.3,-6.65,seed123
CN(C)c1c(NC2CC[NH+](C)CC2)ccc(-c2ccc(Cl)s2)c1N1CCc2sccc2C1,0.5374,5.0,-7.3,-5.9,-6.6,seed123
Cc1csc(-c2cc(C)c(-c3c(CNC(=O)NC(C)C)noc3C)c(C(=O)NN(C)CCC#N)c2)n1,0.3696,5.0,-6.7,-6.5,-6.6,seed123
C[C@@H]1CC(Nc2cc(-c3nncn3C)cnc2N2CCC[C@@H](C)C2)C[C@@H](C)C1,0.8518,3.8,-7.2,-5.9,-6.55,seed123
C[C@H]1CN(C(=O)N(C(=O)c2ccccc2Cl)c2cc(-c3nncn3C)ccc2F)C[CH]O1,0.5963,4.5,-6.7,-6.4,-6.55,seed123
COc1cc(CC2CC2[CH]O)cc([C@@H](O)C2CC2Nc2ccn(C)n2)c1,0.6776,5.0,-6.7,-6.4,-6.55,seed123
Cc1occc1CN(C)c1c(NC2CC[NH+](C)CC2)cccc1N1CCc2sccc2C1,0.5953,5.0,-7.2,-5.9,-6.55,seed123
C[NH+]C1CCc2ccc(NC3C(Cc4cnn(C)c4)[CH]OC3C(Cl)(Cl)Cl)cc21,0.7001,4.9,-6.4,-6.7,-6.55,seed123
O=C(NCCCc1ccc(Br)cc1)NNC1CCNc2cc(N3CCCS3(=O)=O)ccc21,0.3304,5.0,-6.2,-6.9,-6.55,seed123
CC(=O)Nc1cc(C)cc(N2CCc3ccccc3C2)c1,0.9126,1.4,-6.5,-6.6,-6.55,seed123
CCc1nc(-c2cccc([NH2+]C3(c4ccc(F)cc4Cl)CC3)c2)no1,0.7018,4.3,-6.5,-6.6,-6.55,seed123
CSN(c1cc(-c2nncn2C)cnc1N1CCC[C@@H](C)C1)C1C[C@@H](C)C[C@H](C)C1,0.6232,4.6,-7.5,-5.6,-6.55,seed123
CCN(N[C@H](CNC1CCCCCCC1)C(C)C)c1csc(C(C)C)n1,0.5685,5.0,-7.0,-6.1,-6.55,seed123
C[C@@H](OCN1C([NH+]2CC(Nc3ccc4c(c3)COC4)CC[C@@H]2C)CCC[C@@H]1C)c1cccs1,0.6222,5.0,-7.3,-5.8,-6.55,seed123
c1ccc(CNc2ccncc2OC(Cc2cnc3ccccn23)OCc2ccccc2)cc1,0.2846,5.0,-7.1,-6.0,-6.55,seed123
Cc1cc(-c2nc(C)c(C)s2)cc(C(N)=O)c1-c1c(C)noc1C,0.7771,2.8,-6.4,-6.6,-6.5,seed123
CC1(c2nc(C3CC3)no2)CCCC(c2cccnc2)C1,0.8553,2.7,-6.6,-6.4,-6.5,seed123
COc1cc(CC2CC2[CH]O)cc([C@@H](O)C2(NC(=O)OC(C)(C)C)CC2Nc2ccn(C)n2)c1,0.4431,5.0,-7.0,-6.0,-6.5,seed123
N#Cc1ccc(-c2ccc(O[CH]c3ccccc3)cc2)cc1,0.6882,2.1,-6.5,-6.4,-6.45,seed123
C[NH+][C@@H]1CC(C2CCOC(c3n[nH]c4ccccc34)C2)[C@@H](N)C1,0.794,3.0,-6.9,-6.0,-6.45,seed123
COC(C)(C)C1CN(CN(C)c2ccc(-c3cc(O)cc(CNC(C)=O)c3)cc2)CCN1C(C)=O,0.6017,5.0,-6.9,-6.0,-6.45,seed123
C[C@H]1CN(C(=O)N(C(=O)c2ccc([C@@H](C)O)cc2Cl)c2cc(-c3nncn3C)ccc2F)C[CH]O1,0.5813,5.0,-7.0,-5.9,-6.45,seed123
Cc1csc(Cc2cc(-c3nc(C)c(C)s3)cc(C(N)=O)c2-c2c(C)noc2C)n1,0.4647,4.9,-7.0,-5.9,-6.45,seed123
CN(C)c1c(NC2CC[NH+](C)CC2)cc([NH+]2CCCCC2)cc1N1CCc2sccc2C1,0.6452,4.8,-7.0,-5.9,-6.45,seed123
CCOc1ccccc1NC1C(c2ncnn2C)CC[C@H](CNc2ccccc2C)N1C=O,0.4849,5.0,-6.6,-6.3,-6.45,seed123
COc1cc(C)c(C)cc1N1CC[NH+](C[C@@H]2COc3ccccc3C2)CC1,0.8979,3.2,-6.7,-6.1,-6.4,seed123
Cc1csc(-c2cc(C)c(-c3c(C)noc3C)c(C(=O)NN(C)CCC#N)c2)n1,0.6135,4.9,-6.7,-6.1,-6.4,seed123
CCc1nc([C@@H]2CCCC[NH2+]2)cc(-c2ccc(Cl)c([N+](=O)[O-])c2)c1C(F)(F)F,0.5828,4.2,-6.8,-6.0,-6.4,seed123
CC(N(c1c(F)cc(-c2cccc(N(C)C)c2)cc1F)[C@H]1CC[C@@H]([NH+](C)C)C1)[NH+]1CCCC[C@H]1C,0.6241,5.0,-6.9,-5.9,-6.4,seed123
CC[NH2+][C@@H](C)Oc1cc(NC2CCCCCCC2)c(Cl)cc1[NH2+]CC(C)C,0.435,5.0,-6.5,-6.3,-6.4,seed123
C[S@](=O)C(CCc1ccc(F)c(F)c1)[C@H](O)c1cccs1,0.8808,3.8,-6.1,-6.6,-6.35,seed123
C[NH+]1CCC[C@H]1c1ccc(C(F)(F)F)c(N(C(N)=O)c2ccccn2)n1,0.8731,3.7,-6.7,-6.0,-6.35,seed123
Cc1c([O-])cccc1N1CCO[C@@H](C(Cn2cc[nH+]c2)N2CCCCC2)C1,0.7993,4.3,-6.6,-6.1,-6.35,seed123
Cc1ncsc1-c1ccccc1COC(Cc1cnc2ccccn12)Oc1cccnc1,0.3042,5.0,-7.1,-5.6,-6.35,seed123
CCc1ccc(OC(C)COC([NH3+])C(C)CC(=O)Nc2ccc(Cl)cn2)cc1,0.5922,5.0,-6.4,-6.2,-6.3,seed123
CCCOC([NH3+])(Nc1cc(Cl)cc(Cl)c1)C(C)CC(=O)Nc1ccc(Cl)cn1,0.4966,5.0,-6.7,-5.9,-6.3,seed123
O=C(Cc1cc(O)ccc1-c1nccs1)N(Cc1ccccn1)c1cc(Br)ccc1F,0.3767,5.0,-6.7,-5.9,-6.3,seed123
COC(C)CCn1cnc2ccc(COc3cccc(F)c3)cc21,0.6527,4.5,-6.3,-6.3,-6.3,seed123
COc1ccc([CH]O)cc1NCCONc1cccc(C)c1,0.5154,4.5,-5.8,-6.8,-6.3,seed123
CCc1ccc(NC(C)[NH+](CC)c2ccccc2NC(=O)OC(C)C)cc1,0.6106,4.5,-6.0,-6.6,-6.3,seed123
CCNC(=O)NN(C(=O)c1ccccc1Br)C1CCNc2cc(N3CCCS3(=O)=O)ccc21,0.5202,5.0,-6.5,-6.1,-6.3,seed123
C[NH+]C1CCc2ccc(NC3C[CH]OC3C(Cl)(Cl)Cl)cc21,0.8242,2.8,-6.0,-6.6,-6.3,seed123
C[NH2+]c1c(C)cccc1OC(C=Cc1ccccc1C(=O)NC[C@@H]1CCCO1)[C@@H](O)CO,0.4189,5.0,-6.6,-6.0,-6.3,seed123
COc1ccc([C@H](O)c2csc(C=O)n2)cc1NCCONc1cccc(C)c1,0.2644,5.0,-6.5,-6.1,-6.3,seed123
FC(F)(F)C1(Nc2cc3c(c(Cc4ccc5c(c4)OCO5)c2)CCC3)C[CH]OC1C(Cl)(Cl)Cl,0.4646,5.0,-7.0,-5.6,-6.3,seed123
C[C@@H]1CC(Nc2cncc(-c3nncn3C)c2)C[C@@H](C)C1,0.9411,2.5,-6.4,-6.1,-6.25,seed123
O=C(NC1CCNc2cc(N3CCCS3(=O)=O)ccc21)c1ccccc1Br,0.7527,3.9,-6.4,-6.1,-6.25,seed123
Cc1occc1CN(C)c1ccccc1N1CCc2sccc2C1,0.6779,3.2,-6.0,-6.5,-6.25,seed123
[NH2+]C1(c2cc([C@H]3CN4CCC(c5[nH]cc[nH+]5)[C@@H]4CO3)c(F)cc2Cl)CC1,0.8521,4.1,-6.7,-5.8,-6.25,seed123
Cc1ccccc1CNc1cc(F)c(Nc2ccc(F)cc2)c(F)c1,0.6151,3.5,-6.4,-6.1,-6.25,seed123
CC(=O)Nc1c(-c2nc(C)c(C)s2)cc(C)c(-c2c(C)noc2C)c1C(=O)NN(C)CCC#N,0.4786,5.0,-6.3,-6.2,-6.25,seed123
Cc1ccc2ncc(CC(OCc3ccccc3)Oc3cnccc3NCc3ccccc3)n2c1,0.2642,5.0,-6.4,-6.1,-6.25,seed123
Cc1nc(-c2ccc(OCCc3cccnc3)c(O)c2)no1,0.7795,3.8,-6.5,-5.9,-6.2,seed123
C[S@](=O)C(CCc1ccc(F)cc1)[C@H](O)c1cccs1,0.8884,3.5,-5.9,-6.5,-6.2,seed123
Cc1cc(-c2nc(C)c(C)s2)cc(C(=O)NN(C)CCC#N)c1-c1c(C)noc1C,0.5868,4.9,-6.7,-5.7,-6.2,seed123
CCn1nc(C)c(NC2CC2COc2cc(Cl)c(N3CCC[C@@H](C)C3)cc2Cl)c1C,0.5657,5.0,-6.4,-6.0,-6.2,seed123
CCC(Oc1ccc(C#N)cc1)c1nc2ccccc2[nH]1,0.7846,2.7,-6.1,-6.3,-6.2,seed123
COc1cccc(-c2ccc(F)cc2C(C)(C)C[NH+](C)C)c1F,0.8938,2.7,-6.6,-5.8,-6.2,seed123
CC[NH+](C(=O)N(NCc1ccco1)C(N)=O)C(C(=O)Nc1ccccn1)C(C)C,0.4805,5.0,-6.3,-6.1,-6.2,seed123
CC(N)[NH+]1CCNCC1C(=O)Nc1ccccc1NC(=O)C1CCCC1,0.5068,4.1,-6.6,-5.8,-6.2,seed123
Cc1cc(Nc2cccc(NC(=O)C3CCCC3)c2)n(C)n1,0.9064,3.0,-5.8,-6.5,-6.15,seed123
O=C(Cc1ccc(Br)c(-c2ccsc2)c1)NC(=O)c1ccco1,0.724,3.3,-6.7,-5.6,-6.15,seed123
CCn1cc(C2CN(Cc3ccn[nH]3)C[CH][C@H]2CC[NH+]2CCC(C)CC2)cn1,0.7647,5.0,-6.5,-5.8,-6.15,seed123
Cc1csc(NCOc2cc([CH]O)cc(CC3CC3[CH]O)c2)n1,0.6453,5.0,-6.6,-5.7,-6.15,seed123
CCC[NH2+]CC1CCCC(=O)N1CC(c1cc(CC)on1)N1C[C@@H](C)C[C@H](C)C1,0.6415,5.0,-6.5,-5.8,-6.15,seed123
CCN1C[C@@H](c2cn(CC)c(CC(C)C)[nH+]2)OCC1c1nc2c(C(=O)N(C)C3CCCCC3)cccc2[nH]1,0.4555,5.0,-6.0,-6.3,-6.15,seed123
FC(F)(F)C1(Nc2ccc3c(c2)CCC3c2cncs2)C[CH]OC1C(Cl)(Cl)Cl,0.5381,4.5,-6.4,-5.9,-6.15,seed123
Fc1ccc(-c2cc3cc(OCC(F)F)ccc3o2)cc1,0.6833,3.0,-5.8,-6.4,-6.1,seed123
CCC(=O)N1C[C@@H](C)O[C@@H](C)C1Oc1ccc(C)c(C)c1,0.8589,1.7,-6.6,-5.6,-6.1,seed123
[NH2+]C1(c2cc([C@H]3CN4CCC[C@@H]4CO3)c(F)cc2Cl)CC1,0.9075,2.5,-6.4,-5.8,-6.1,seed123
Cc1cccc(NCCON)c1OCCc1cccc(O)c1,0.516,4.5,-5.9,-6.3,-6.1,seed123
C[NH2+]c1c(C)cccc1OC(C=Cc1ccccc1)[C@@H](O)CO,0.6807,3.7,-5.8,-6.4,-6.1,seed123
C[C@H]1C[C@@H](C[NH2+]C2CC2)C[NH+](N[C@@H](C)c2ccc(C(N)=O)cc2)C1,0.5493,4.5,-6.2,-6.0,-6.1,seed123
O=C(Cc1cc(O)ccc1-c1nccs1)NCc1ccccn1,0.7562,3.8,-5.9,-6.2,-6.05,seed123
CC(C)[NH2+]C1CCCCc2nnc(N(S)C3C[C@@H](C)C[C@H](C)C3)n21,0.8193,3.3,-6.2,-5.9,-6.05,seed123
Cc1n[nH]c(C(=O)N2CCC(c3ccc(Cl)cc3F)C[C@H]2C)n1,0.9147,2.6,-6.1,-6.0,-6.05,seed123
CNNc1c(OCc2ccccn2)cccc1-c1ccc(Br)s1,0.5994,4.3,-6.0,-6.1,-6.05,seed123
OCNc1nc(Cn2cncn2)c(COCC2(c3nc4ccccc4o3)CC2)s1,0.4036,5.0,-6.3,-5.8,-6.05,seed123
FC(F)(F)C1(Nc2ccc3c(c2)CCC3)C[CH]OC1C(Cl)(Cl)Cl,0.7035,2.9,-6.0,-6.1,-6.05,seed123
CC(N(c1c(F)cccc1F)[C@H]1CC[C@@H]([NH+](C)C)C1)[NH+]1CCCC[C@H]1C,0.8064,3.5,-6.3,-5.8,-6.05,seed123
Cc1csc(Cc2cccc(C(N)=O)c2-c2c(C)noc2C)n1,0.7958,3.3,-6.5,-5.5,-6.0,seed123
CCc1cc(C(CN2CCCCC2=O)N2C[C@@H](C)C[C@H](C)C2)no1,0.8297,3.5,-6.2,-5.8,-6.0,seed123
COCC[C@H](C)c1cccc2c1CN(c1cc(C)cc(NC(C)=O)c1)C(C#CCO)C2,0.6932,4.0,-6.9,-5.1,-6.0,seed123
[CH]OC(COc1ccccc1Cl)COc1cc(C)c(C)cc1N1CC[NH+](C)CC1,0.716,5.0,-6.2,-5.8,-6.0,seed123
CC[C@H]1c2ccc(Cc3cn(C)nc3-c3scnc3C3CC3)cc2SC1[NH+]C,0.67,5.0,-6.1,-5.9,-6.0,seed123
CON1CC[NH+](C)CC1N(C)C1(N2CCCCCC2)CCCCC1,0.8306,3.0,-6.4,-5.6,-6.0,seed123
C[C@@H](OCN1C([NH+]2CCCC[C@@H]2C)C(NC(=O)c2cccs2)CC[C@@H]1C)c1cccs1,0.6558,5.0,-6.3,-5.7,-6.0,seed123
C[NH2+]C(CCN1CC[NH+](C)C(Nc2cc(C)nn2C)C1)Cc1nc(C)c(C)s1,0.5554,5.0,-5.9,-6.1,-6.0,seed123
O=C(NO[CH]C1CC1)c1coc(-c2nc3c(s2)CCCC3)c1,0.8571,4.3,-6.0,-5.9,-5.95,seed123
Fc1ccc(-c2cc3ccccc3o2)cc1,0.5877,0.6,-5.9,-6.0,-5.95,seed123
CC(C)C[NH2+]c1cc(Cl)c(NC2CCCCCCC2)cc1O,0.5541,2.7,-6.0,-5.9,-5.95,seed123
Cc1csc(NCOc2cc([CH]O)cc(CC3CC3[CH]O)c2N2C(=O)CCC2=O)n1,0.4146,5.0,-6.4,-5.5,-5.95,seed123
Cn1cnnc1-c1ccc(F)c(NC(=O)c2ccccc2Cl)c1,0.7989,3.1,-6.1,-5.8,-5.95,seed123
Cc1nc(-c2ccc([NH+]3CCCC[C@@H]3C)c(O)c2)no1,0.8202,2.0,-6.3,-5.6,-5.95,seed123
CC(=O)OC1CCC[C@H](C)[NH+]1c1ccc(-c2noc(C)n2)cc1O,0.6571,3.1,-6.1,-5.8,-5.95,seed123
C[C@H](N[NH+]1C[CH]C[C@@H](C[NH2+]C2CC2)C1)c1ccc(C(N)=O)cc1,0.5307,4.5,-5.8,-6.1,-5.95,seed123
CC(=O)Nc1cc(C)cc(N2Cc3ccccc3CC2C#CCO)c1,0.8305,1.7,-6.2,-5.6,-5.9,seed123
CC[NH+]1CCN(Cc2ccc(F)cc2Nc2ccc3c(c2)OCO3)CC1,0.8578,4.3,-6.0,-5.8,-5.9,seed123
C[C@@H]1CCCN(C(=O)c2cc(O)cc([C@@H](C)Cl)c2Cc2cscn2)C1,0.7901,3.3,-5.8,-6.0,-5.9,seed123
CN(C(=O)NNc1cc(F)cc(F)c1)N1CCC2(CC1)OCCO2,0.8186,3.7,-5.8,-6.0,-5.9,seed123
Cn1cc(-c2cccc3nc[nH]c23)c2ccccc21,0.5461,1.4,-6.1,-5.7,-5.9,seed123
CCc1cc(C(CN2C(=O)C(OC(F)(F)F)CCC2C)N2C[C@@H](C)C[C@H](C)C2)no1,0.6767,5.0,-6.0,-5.8,-5.9,seed123
CCc1nc(-c2cccc([NH2+]C3(c4ccc(F)cc4Cl)CC3)c2[C@@H]2CCCCO2)no1,0.5315,5.0,-6.2,-5.6,-5.9,seed123
CCc1ccccc1NC[C@@H](CNCc1ccccn1)NC[CH]Cc1ncnn1C,0.3784,5.0,-6.2,-5.6,-5.9,seed123
O=C(Cc1ccc(Br)cc1)NC(=O)c1ccco1,0.9477,2.0,-5.8,-5.9,-5.85,seed123
Oc1ccc(Cl)c(NC2CCCCCCC2)c1,0.8092,0.9,-6.0,-5.7,-5.85,seed123
C[C@@H]1CC(N(S)c2nnc3n2CCCCC3)C[C@@H](C)C1,0.848,2.0,-6.1,-5.6,-5.85,seed123
CCc1cc(C(CN2C(=O)CCCC2C)N2C[C@@H](C)C[C@H](C)C2)no1,0.8155,3.5,-5.9,-5.8,-5.85,seed123
CCN1C[C@@H](c2cn(CC)c(CC(C)C)[nH+]2)OCC1c1nc2ccccc2[nH]1,0.7094,4.8,-6.3,-5.4,-5.85,seed123
CC(C)C1C[C@@H](C)CN(C(=O)c2cc(O)cc([C@@H](C)Cl)c2Cc2cscn2)C1,0.65,3.8,-6.2,-5.5,-5.85,seed123
COc1c(Cc2cccc(F)c2N2CC[NH+](C)CC2)cccc1NCCON,0.4656,5.0,-6.0,-5.7,-5.85,seed123
COC1CC[NH+](c2ccc(C(N)=O)cc2)C(C#Cc2ccccc2-c2ccc(Br)o2)C1,0.5617,3.8,-6.6,-5.1,-5.85,seed123
NC(=O)N(c1ccccn1)c1ncccc1C(F)(F)F,0.92,2.4,-5.8,-5.8,-5.8,seed123
Cc1csc(Cc2cccc(C(N)=O)c2)n1,0.8811,1.7,-5.6,-6.0,-5.8,seed123
Cc1cc(CN2C[CH][C@@H](C)CC2c2cccnc2Cl)[nH]n1,0.882,2.5,-5.6,-6.0,-5.8,seed123
FCCOc1ccc2oc(-c3ccc(F)cc3)cc2c1,0.6941,2.7,-5.5,-6.1,-5.8,seed123
CCn1nc(C)c(NC2CC2COc2cc(Cl)cc([NH2+])c2Cl)c1C,0.7678,4.6,-6.1,-5.5,-5.8,seed123
C[CH]C1C[C@@H](C)CN(C(=O)c2cc(O)cc([C@@H](C)Cl)c2Cc2cscn2)C1,0.7069,3.8,-6.1,-5.5,-5.8,seed123
Cc1ccc(F)cc1Nc1ccc2c(c1)OCO2,0.8763,1.7,-5.9,-5.6,-5.75,seed123
Cc1csc(C(C)c2cccc(C(N)=O)c2)n1,0.9049,1.7,-5.9,-5.6,-5.75,seed123
Cc1cc(-c2cnn(C(C)CS(N)(=O)=O)c2C)ccc1[O-],0.9131,3.1,-5.7,-5.8,-5.75,seed123
Cc1cc(CN2C[C@H](O)[C@@H](C)CC2c2cccnc2Cl)[nH]n1,0.8535,2.8,-5.6,-5.9,-5.75,seed123
CN(C)c1c(NC2CC[NH+](C)CC2)cccc1N1CCc2sccc2C1,0.8629,3.5,-5.9,-5.6,-5.75,seed123
COC1CC[NH+](c2ccc(C(N)=O)cc2)C(C#Cc2ccccc2)C1,0.8361,2.2,-6.0,-5.5,-5.75,seed123
CCc1ccccc1NC[C@@H](C)NC[CH]Cc1ncnn1C,0.6973,5.0,-5.8,-5.7,-5.75,seed123
CCOc1ccccc1NC1CCC[C@H](CNc2ccccc2C)N1C=O,0.6849,5.0,-6.1,-5.4,-5.75,seed123
C[C@@H](OCN1C([NH+]2CCCC[C@@H]2C)CCC[C@@H]1C)c1cccs1,0.8863,3.2,-5.7,-5.8,-5.75,seed123
Cc1nc(N(c2c(C)nn(C)c2C)C2CC2COc2cc(Cl)ccc2Cl)no1,0.5766,5.0,-5.7,-5.8,-5.75,seed123
CC1CCCC(c2ccc(Cl)nc2)C1,0.6368,0.1,-5.5,-6.0,-5.75,seed123
COCC[C@H](C)C1C[C@@H](C)CN(C(=O)c2cc(O)cc([C@@H](C)Cl)c2Cc2cscn2)C1,0.5229,5.0,-5.9,-5.6,-5.75,seed123
CCN(CCC(=O)c1ccc(Cl)cc1)C(C)NC1CCCCCCC1,0.5025,4.2,-6.0,-5.5,-5.75,seed123
CCNC(=O)NN(C(=O)c1c(Br)cccc1SC)C1CCNc2cc(N3CCCS3(=O)=O)ccc21,0.3641,5.0,-6.2,-5.3,-5.75,seed123
O=C(c1ncn[nH]1)N1[CH]CC(c2ccc(Cl)cc2F)CC1,0.9277,2.6,-6.0,-5.4,-5.7,seed123
ClC(Cl)(Cl)C1O[CH]CC1Nc1ccc2c(c1)CCC2,0.8217,2.0,-6.0,-5.4,-5.7,seed123
C[C@H](c1ccc(S[C@H](C)S(=O)C(N)=O)nc1)c1csc(-c2ncc[nH]2)c1,0.6036,5.0,-5.9,-5.5,-5.7,seed123
CC(=O)C(=O)c1ccc(C)cc1,0.4902,0.1,-5.7,-5.7,-5.7,seed123
CN1CCN(C(=O)CCNCCc2ccc(F)cc2)CC1,0.7986,3.5,-5.8,-5.6,-5.7,seed123
Cc1cc(N(C2CNCC[NH+]2C)[C@@H](O)C2CC2)n(C)n1,0.6007,3.3,-5.3,-6.1,-5.7,seed123
COc1ccc(C2CCC(C)(O)CC2)cc1OC,0.8955,1.4,-5.5,-5.8,-5.65,seed123
CCn1cc(C2CN(Cc3ccn[nH]3)C[CH][C@H]2C)cn1,0.9266,3.0,-5.8,-5.5,-5.65,seed123
O=S1(=O)CCCN1c1ccc2c(c1)NCCC2,0.8254,1.5,-6.0,-5.3,-5.65,seed123
CCn1nc(C)c(NC2CC2COc2cc(Cl)ccc2Cl)c1C,0.8169,4.3,-6.0,-5.3,-5.65,seed123
CCc1nc(-c2cccc([NH2+]C3CC3)c2)no1,0.8125,2.7,-5.7,-5.6,-5.65,seed123
CCCc1ccc(OC(C)COC([NH3+])C(C)C)cc1,0.7353,3.4,-5.8,-5.5,-5.65,seed123
Cc1cc(-c2cnn(C(C)CS(=O)(=O)NCN(C)c3ccccc3)c2C)ccc1[O-],0.5585,5.0,-5.9,-5.4,-5.65,seed123
Cc1csc(NCOc2cccc(CC3CC3[CH]O)c2N2C(=O)CCC2=O)n1,0.522,5.0,-5.9,-5.4,-5.65,seed123
CC[NH+]1CCN(Cc2ccc(F)cc2Nc2ccc3c(c2)OCO3)C(c2ccc([S@@](C)=O)cc2)C1,0.5246,5.0,-6.6,-4.7,-5.65,seed123
CC1CCCC(c2cccnc2)C1,0.6373,-0.2,-5.5,-5.8,-5.65,seed123
C[C@@H]1CC(c2ccc(Cl)cc2F)CCN1C(=O)c1ncn[nH]1,0.9242,2.6,-5.6,-5.6,-5.6,seed123
CCOC(=O)NC(C)[NH+](CC)c1ccccc1NC(=O)OC(C)C,0.6663,4.1,-5.5,-5.7,-5.6,seed123
C[NH+](C)C1CCc2ccc(NC3C[CH]OC3C(Cl)(Cl)Cl)cc21,0.8076,2.8,-6.2,-5.0,-5.6,seed123
CCc1cc(CCN2C(=O)C(OC(F)(F)F)CC(NC=O)C2COC)no1,0.6306,5.0,-5.3,-5.9,-5.6,seed123
O=C(Nc1ccccc1F)c1ccccc1Cl,0.8633,1.2,-5.6,-5.5,-5.55,seed123
OC1(Cc2ccc(Br)cc2)CCCC1,0.8592,0.6,-5.8,-5.3,-5.55,seed123
COc1c(Cc2cccc(F)c2)cccc1NCCON,0.6079,4.0,-5.8,-5.3,-5.55,seed123
CCc1ccc(OC(C)COC([NH3+])C(C)C)cc1,0.7566,2.9,-5.6,-5.5,-5.55,seed123
CCCc1ccc(OC(C)COCC(C)C)cc1,0.6919,3.1,-5.6,-5.5,-5.55,seed123
CN(C)c1ccc(-c2cccc(O)c2)cc1,0.8281,0.6,-5.4,-5.6,-5.5,seed123
CN(C)c1ccccc1N1CCc2sccc2C1,0.8146,1.4,-5.6,-5.4,-5.5,seed123
C[C@H](c1ccc(S[C@H](C)S(=O)C(N)=O)nc1)c1ccsc1,0.8447,3.6,-5.8,-5.2,-5.5,seed123
CCc1ccccc1NC[C@@H](C)NC[C@@H](C)Cc1ncnn1C,0.7468,5.0,-6.0,-5.0,-5.5,seed123
CCc1nccc(-c2ccc(Cl)c([N+](=O)[O-])c2)c1C(F)(F)F,0.5943,2.9,-5.6,-5.4,-5.5,seed123
C[C@H](c1ccc(S[C@H](C)S(=O)C(N)=O)nc1)c1cscc1[C@@H](C)CO,0.6944,4.9,-5.7,-5.3,-5.5,seed123
CCc1cc(C(C)N2C[C@@H](C)C[C@H](C)C2)no1,0.8063,1.4,-5.6,-5.4,-5.5,seed123
CC[C@@H]1CCC(COc2cccc(C)c2)C[NH2+]1,0.8482,1.6,-5.5,-5.5,-5.5,seed123
CC[C@@H]1CSc2ccccc21,0.6135,-0.2,-5.4,-5.6,-5.5,seed123
Fc1ccc(Nc2c(F)cccc2F)cc1,0.8149,1.2,-5.4,-5.5,-5.45,seed123
COc1cccc(-c2ccc(F)cc2)c1F,0.7503,0.9,-5.4,-5.5,-5.45,seed123
CC(C)NC(=O)Nc1ccc(NC(=O)[S]=O)nc1N1CCOC1=O,0.7474,4.3,-5.5,-5.4,-5.45,seed123
CC[NH+]C(C(=O)Nc1ccccn1)C(C)(C)O,0.6476,2.5,-5.5,-5.4,-5.45,seed123
CCOc1cnccc1NCc1ccccc1,0.8535,2.4,-5.3,-5.6,-5.45,seed123
COc1ccccc1NCCONc1cccc(C)c1,0.5981,3.7,-5.8,-5.1,-5.45,seed123
Cc1cc(-c2cnn(C(C)C)c2C)ccc1[O-],0.7941,0.9,-5.6,-5.3,-5.45,seed123
Oc1ccccc1OCCc1cccnc1,0.8512,1.9,-5.2,-5.6,-5.4,seed123
COc1ccc(-c2cc(-c3nccs3)ccc2O)c(OC)c1,0.7841,3.0,-5.8,-5.0,-5.4,seed123
CNNc1c(F)cccc1OCc1ccccn1,0.7961,3.0,-5.1,-5.7,-5.4,seed123
Cc1nn(C)c(C)c1NC1CC1COc1cc(Cl)ccc1Cl,0.8856,3.8,-5.8,-5.0,-5.4,seed123
CO[C@H](C)c1cc(NCc2cccc(Cl)c2)cs1,0.856,2.7,-5.0,-5.8,-5.4,seed123
CC[C@@H]1CSc2cc(Cc3cnn(C)c3)ccc21,0.8367,1.9,-5.6,-5.2,-5.4,seed123
CNN1CCC2(CC1)OCC(Cc1ccncc1)O2,0.8801,2.5,-5.6,-5.2,-5.4,seed123
CC[C@@](C)(O)c1ccc(F)cc1,0.7187,0.1,-5.1,-5.7,-5.4,seed123
OCNc1nc(Cn2cncn2)c(COCC2CC2)s1,0.7087,5.0,-5.0,-5.7,-5.35,seed123
CC[C@H]1c2ccc(Cc3cnn(C)c3)cc2SC1[NH+](C)C,0.934,2.7,-5.6,-5.1,-5.35,seed123
CCOc1ccccc1NC1CCC[C@H](C)N1C=O,0.8296,2.7,-5.5,-5.2,-5.35,seed123
CCC[NH+](C)c1c(NC2C[CH]OC2C(Cl)(Cl)Cl)ccc2c1CCC2,0.7459,3.8,-5.8,-4.9,-5.35,seed123
CC(C)(C)C(=O)NCc1nc2ccccc2[nH]1,0.8323,1.2,-5.1,-5.5,-5.3,seed123
CNNc1ccccc1OCc1ccccn1,0.7716,2.7,-5.1,-5.5,-5.3,seed123
OCN1C(Oc2ccccc2Cl)COC[C@H]1C1CC1,0.9189,3.0,-5.5,-5.1,-5.3,seed123
CNNc1c(I)cccc1OCc1ccccn1,0.6398,3.0,-5.3,-5.3,-5.3,seed123
CC(CCl)[C@H](C)NC[C@@H](C)Cc1ncnn1C,0.7594,3.5,-5.3,-5.3,-5.3,seed123
CC(C)[C@H](C)N(C[C@@H](C)Cc1ncnn1C)SCC(=O)[O-],0.626,5.0,-5.3,-5.3,-5.3,seed123
CC(=O)Nc1cccc(C)c1C(N)=NO,0.2929,1.0,-5.5,-5.1,-5.3,seed123
COc1ccc([C@H](O)c2csc(C=O)n2)cc1NCCO,0.6706,4.6,-5.6,-4.9,-5.25,seed123
CN1C(Oc2ccccc2Cl)COC[C@H]1C1CC1,0.8406,2.2,-5.0,-5.5,-5.25,seed123
CC(C)[C@H](C)NC[C@@H](C)Cc1ncnn1C,0.7983,2.7,-5.2,-5.3,-5.25,seed123
O=C(Nc1ccccc1)C1CCCC1,0.7611,0.6,-5.3,-5.2,-5.25,seed123
CC[NH+](CC)c1cc(N2CC[C@@H](C)[C@H](O)C2)ccc1NC(=O)OC(C)C,0.7252,3.8,-5.3,-5.2,-5.25,seed123
COC1CC[NH+](c2ccc(C(N)=O)cc2)CC1,0.7811,1.7,-5.3,-5.2,-5.25,seed123
CCNN[C@H](CNC1CCCCCCC1)C(C)C,0.6123,2.9,-5.3,-5.2,-5.25,seed123
CCC(=O)N1CCN(CN[C@H]2CC[C@@H]([NH+](C)C)C2)C(N(C)C(C)=O)C1,0.6396,4.1,-5.3,-5.2,-5.25,seed123
C[C@@H](Cl)c1cc(O)ccc1Cc1cscn1,0.8457,1.7,-5.1,-5.3,-5.2,seed123
Cc1n[nH]c(C(=O)N2CCCC[C@H]2C)n1,0.7521,1.0,-5.1,-5.3,-5.2,seed123
CC[NH+](C(=O)NC(N)=O)C(C(=O)Nc1ccccn1)C(C)C,0.5988,3.4,-5.3,-5.1,-5.2,seed123
COc1ccccc1NCCONc1ccccc1,0.5911,3.7,-5.4,-4.9,-5.15,seed123
CCCOC([NH3+])C(C)CC(=O)Nc1ccc(Cl)cn1,0.7488,3.8,-4.7,-5.6,-5.15,seed123
C[CH]OCCOc1cc(C)c(C)cc1N1CC[NH+](C)CC1,0.7985,3.2,-5.0,-5.3,-5.15,seed123
CC[NH+]C(C(=O)Nc1ccccn1)C(C)C,0.7565,2.2,-5.3,-5.0,-5.15,seed123
Cc1nc(CCCCN2CC[NH+](C)CC2)sc1C,0.8015,2.7,-4.9,-5.3,-5.1,seed123
[NH2+]c1cc(Cl)cc(OCC2CC2)c1Cl,0.7977,1.7,-4.7,-5.5,-5.1,seed123
C[S@](=O)CCCc1ccc(F)c(F)c1,0.7574,1.7,-5.2,-5.0,-5.1,seed123
CN1C(Oc2ccccc2Cl)COC[C@H]1C1(NN)CC1,0.6492,3.3,-5.1,-5.1,-5.1,seed123
Cc1nc(-c2cccc(O)c2)no1,0.7186,0.7,-5.2,-5.0,-5.1,seed123
CCC[NH2+]c1c(C)cccc1OC[C@@H](O)CO,0.6018,3.2,-4.9,-5.3,-5.1,seed123
C[NH2+]C(CCN1CC[NH+](C)CC1)Cc1nc(C)c(C)s1,0.7131,3.5,-5.2,-5.0,-5.1,seed123
C[NH+](C)[C@@H]1CC[C@@H](NNc2ccccn2)C1,0.63,2.2,-5.0,-5.2,-5.1,seed123
Cc1csc(C(C)c2ccccc2)n1,0.7263,0.6,-5.2,-4.9,-5.05,seed123
Clc1ccc(O[C@@H]2CCCO2)cc1,0.7278,0.9,-4.9,-5.2,-5.05,seed123
C[CH]OCCOc1ccc(C)c(C)c1,0.6693,1.6,-4.9,-5.2,-5.05,seed123
C[NH2+]c1cc(Cl)c(-c2c(NC(=O)NOC)ccc(Br)c2Cn2ccnn2)cc1Cl,0.3557,5.0,-5.4,-4.7,-5.05,seed123
COc1ccc([C@H](O)c2csc(C=O)n2)cc1,0.8424,2.5,-5.1,-4.9,-5.0,seed123
C[C@H](CN[C@@H](C)CCCl)Cc1ncnn1C,0.7414,3.5,-5.3,-4.7,-5.0,seed123
C[C@@H](OCN1CCCC[C@@H]1C)c1cccs1,0.7948,1.9,-4.9,-5.1,-5.0,seed123
C[C@@H](OCN1CCCC[C@@H]1C)c1cc(N)cs1,0.8962,2.2,-5.0,-4.9,-4.95,seed123
COc1cc(C)c(C)cc1N1CC[NH+](C)CC1,0.8103,0.9,-4.9,-5.0,-4.95,seed123
CCN1CCO[C@H](c2cn(CC)c(CC(C)C)[nH+]2)C1,0.8151,2.7,-4.7,-5.2,-4.95,seed123
CCCc1ccc(OC(C)C)cc1,0.686,0.8,-5.0,-4.9,-4.95,seed123
CC[NH+]1CCN(OC)C(N(C)C2CCCCC2)C1,0.7842,2.2,-4.9,-5.0,-4.95,seed123
CC(=O)C(=O)c1ccccc1,0.4697,0.1,-5.2,-4.7,-4.95,seed123
CCN(CC)C(=O)c1ccc(C)cc1O,0.8249,0.9,-5.1,-4.8,-4.95,seed123
[CH]OCCOc1cc(C)c(C)cc1N1CC[NH+](C)CC1,0.8027,2.7,-4.8,-5.1,-4.95,seed123
c1ccc2c(c1)CCCN2,0.5708,-0.7,-4.8,-5.1,-4.95,seed123
Cc1cc(CN2CC[C@H](C)[C@@H](O)C2)[nH]n1,0.7613,1.2,-4.9,-4.9,-4.9,seed123
CCNC(=O)c1ccc(C)cc1,0.7066,0.1,-4.9,-4.9,-4.9,seed123
CCC(=O)N1CCN(CN[C@H]2CC[C@@H]([NH+](C)C)C2)CC1,0.6907,3.0,-4.7,-5.1,-4.9,seed123
CC(C)NC[C@@H](C)Cc1ncnn1C,0.7635,2.2,-4.9,-4.9,-4.9,seed123
CON1CC[NH+](C)CC1N(C)C1CCCCC1,0.7504,1.7,-4.7,-5.1,-4.9,seed123
Cc1cc(CN2C[CH][C@@H](C)CC2)[nH]n1,0.774,0.9,-4.8,-5.0,-4.9,seed123
CCC(=O)N1CCCC[C@@H]1C,0.5651,-0.4,-4.4,-5.3,-4.85,seed123
NC(=O)c1ccccc1,0.5859,-0.4,-4.7,-4.9,-4.8,seed123
C[C@@H]1[CH]CN(Cc2ccn[nH]2)CC1,0.7431,0.9,-4.9,-4.7,-4.8,seed123
COC(C)CCn1cnc2ccccc21,0.7646,1.9,-4.8,-4.8,-4.8,seed123
Cc1cccc(OC[C@@H](O)CO)c1,0.7212,1.4,-4.6,-5.0,-4.8,seed123
CC(C)c1ccc(NC=O)cc1,0.6809,0.6,-4.9,-4.6,-4.75,seed123
CC[NH+](CC)c1ccccc1NC(=O)OC(C)C,0.8422,2.2,-4.5,-4.9,-4.7,seed123
CN(CNS(C)(=O)=O)c1ccccc1,0.7478,2.0,-4.9,-4.5,-4.7,seed123
CCN(CC)CCC(=O)c1ccc(Cl)cc1,0.7106,2.4,-4.7,-4.7,-4.7,seed123
CCc1ccc(Br)cc1,0.6303,-0.7,-4.7,-4.7,-4.7,seed123
CCNc1cc(C)cc(CCS)c1,0.704,1.1,-4.7,-4.7,-4.7,seed123
CCc1ncccc1C(F)F,0.6425,0.4,-4.4,-5.0,-4.7,seed123
CCNC(=O)c1ccc(C)cc1[NH+](C)CC,0.7783,1.4,-4.6,-4.8,-4.7,seed123
[NH2+]C1(c2ccc(F)cc2Cl)CC1,0.6863,0.4,-4.8,-4.6,-4.7,seed123
OCNc1ncc(COCC2CC2)s1,0.7034,3.5,-4.4,-4.9,-4.65,seed123
CCCc1nc2ccccc2[nH]1,0.718,0.6,-4.6,-4.7,-4.65,seed123
Cc1cc(O)ccc1-c1nccs1,0.7515,0.4,-4.8,-4.5,-4.65,seed123
CC(=O)Nc1cccc(C)c1,0.6493,-0.4,-4.7,-4.6,-4.65,seed123
C[NH2+]c1c(C)cccc1OC[C@@H](O)CO,0.5792,2.2,-4.6,-4.7,-4.65,seed123
Cc1ccc(O)cc1[C@@H](C)Cl,0.6429,-0.4,-4.7,-4.6,-4.65,seed123
O=C(NO[CH]C1CC1)c1ccoc1,0.7144,2.2,-4.6,-4.7,-4.65,seed123
CCn1nc(C)c(NC2CC2CO)c1C,0.7858,2.2,-4.5,-4.7,-4.6,seed123
CC(C)OC(=O)Nc1ccccc1,0.7574,0.4,-4.5,-4.7,-4.6,seed123
Cc1ccc(C=O)c(O)c1,0.594,-0.4,-4.7,-4.5,-4.6,seed123
CC(C)NC(=O)Nc1ccc(NC(=O)[S]=O)nc1,0.7708,2.4,-4.7,-4.4,-4.55,seed123
CCCOc1ccc(C#N)cc1,0.6813,0.6,-4.4,-4.7,-4.55,seed123
Cc1ccc(Br)cc1,0.5625,-1.2,-4.4,-4.7,-4.55,seed123
CC[NH+]CC(=O)Nc1ccccn1,0.6475,1.7,-4.7,-4.4,-4.55,seed123
Oc1ccc(-c2nccs2)cc1,0.7256,0.4,-4.5,-4.6,-4.55,seed123
CCNc1cc(C)cc(C)c1,0.6814,-0.2,-4.5,-4.6,-4.55,seed123
CC(C)Cc1ncnn1C,0.612,0.4,-4.3,-4.8,-4.55,seed123
C[NH2+]c1c(CCn2cnnn2)noc1C,0.7003,3.1,-4.5,-4.5,-4.5,seed123
CC1(c2nc(C3CC3C(=O)N[C@@H]3CCS(=O)(=O)C3)no2)CC(c2cccnc2)CC(N2CCCc3ccccc32)C1,0.47,5.0,-9.0,0.0,-4.5,seed123
CCc1ncccc1C(F)(F)F,0.639,0.2,-4.5,-4.4,-4.45,seed123
Cc1ccc(O)cc1,0.5359,-1.2,-4.3,-4.6,-4.45,seed123
C[C@@H](Sc1ccccn1)S(=O)C(N)=O,0.7953,1.8,-4.2,-4.6,-4.4,seed123
O=CNc1ccccc1,0.5861,0.1,-4.2,-4.6,-4.4,seed123
NC(=O)Nc1ccccn1,0.5938,0.2,-4.2,-4.6,-4.4,seed123
Cc1cccc(O)c1,0.5359,-1.2,-4.2,-4.6,-4.4,seed123
Cc1ccc(F)cc1,0.4796,-1.2,-4.3,-4.5,-4.4,seed123
Nc1c(F)cccc1F,0.5282,-0.6,-4.1,-4.7,-4.4,seed123
Cc1cccc(NCCON)c1,0.5232,1.4,-4.5,-4.3,-4.4,seed123
Cc1cc(O)ccc1Cl,0.5898,-0.9,-4.4,-4.3,-4.35,seed123
CCCc1cnn(CC)c1,0.623,0.6,-4.5,-4.2,-4.35,seed123
COc1ccc(Cl)cc1,0.5851,-0.4,-4.0,-4.6,-4.3,seed123
CCc1cc(CC)on1,0.602,0.1,-4.1,-4.5,-4.3,seed123
Oc1ccc(Cl)cc1,0.5671,-0.9,-4.0,-4.5,-4.25,seed123
COc1ccccc1NCCON,0.5265,2.2,-4.2,-4.3,-4.25,seed123
O=[S]C(=O)Nc1ccccn1,0.6768,0.5,-4.2,-4.2,-4.2,seed123
CNNc1ccccc1F,0.6061,0.4,-4.1,-4.3,-4.2,seed123
COc1cccc(C)c1,0.5532,-0.7,-4.2,-4.1,-4.15,seed123
CN(C)c1ccccc1,0.5468,-0.7,-3.9,-4.4,-4.15,seed123
CN(CN)c1ccccc1,0.6154,0.1,-4.4,-3.9,-4.15,seed123
Fc1cccc(Cl)c1,0.5063,-0.9,-4.0,-4.3,-4.15,seed123
COc1cc(Cl)ccc1Cl,0.64,-0.1,-4.1,-4.1,-4.1,seed123
CCOc1cccnc1,0.5939,0.1,-4.0,-4.2,-4.1,seed123
CCNc1ccccn1,0.6428,0.1,-4.2,-3.9,-4.05,seed123
c1ccc2[nH]cnc2c1,0.5584,-0.4,-4.0,-4.1,-4.05,seed123
CCC(=O)N1CCN(C)CC1,0.5401,-0.1,-4.0,-4.1,-4.05,seed123
COc1ccccc1F,0.5574,-0.4,-3.8,-4.2,-4.0,seed123
O=CNC(=O)c1ccco1,0.5937,0.7,-3.9,-4.1,-4.0,seed123
Brc1ccccc1,0.542,-1.2,-3.8,-4.1,-3.95,seed123
COc1ccccc1O,0.6128,-0.4,-3.9,-3.9,-3.9,seed123
Cc1csc(CCO)n1,0.6693,0.4,-3.7,-4.1,-3.9,seed123
Clc1ccccc1,0.4834,-1.2,-3.8,-4.0,-3.9,seed123
Fc1ccccc1,0.4618,-1.2,-3.8,-4.0,-3.9,seed123
CO[C@H](C)c1cc(N)cs1,0.7126,0.4,-3.8,-3.8,-3.8,seed123
COc1ccc(C2CCC(O)(CON3CC(c4cccn4C)[NH+]CC3N(C)C3(N4CCCCCC4)CCCCC3)CC2)cc1OC,0.3957,5.0,-7.6,0.0,-3.8,seed123
Cc1nc(CCO)sc1C,0.7015,0.4,-3.6,-3.9,-3.75,seed123
CCc1nc(C)cs1,0.5621,-0.4,-3.5,-3.8,-3.65,seed123
Cc1csc(NCO)n1,0.6037,0.7,-3.4,-3.8,-3.6,seed123
CO[C@H](C)c1cccs1,0.616,0.1,-3.6,-3.5,-3.55,seed123
c1ccccc1,0.4426,-1.5,-3.4,-3.6,-3.5,seed123
Nc1ccccn1,0.5127,-0.9,-3.5,-3.5,-3.5,seed123
CC(C)CCNC(=O)Cn1cnnc1-c1ccc(F)c(N(C(=O)c2ccccc2Cl)C(=O)N2C[CH]O[C@@H](C)C2)c1,0.4262,5.0,-6.6,0.0,-3.3,seed123
COCC[C@H](C)c1cccc2c1CN(c1cc(C)cc(NC(C)=O)c1)C(C#CCO)(C(C)(C)OC)C2,0.5175,5.0,-6.2,0.0,-3.1,seed123
COCC[C@H](C)c1cccc2c1CN(c1cc(C)cc(NC=O)c1)C(C#CCO)(C(C)(C)OC)C2,0.4123,5.0,-6.2,0.0,-3.1,seed123
CCc1cc(C(CN2C(=O)C(OC(F)(F)F)CCC2COCC(N)=O)N2C[C@@H](C)C[C@H](C)C2)no1,0.5215,5.0,-6.0,0.0,-3.0,seed123
CCN(CC)CC,0.5184,-0.2,-2.8,-3.1,-2.95,seed123
CC(C)(C)c1noc(-c2ccc(NC(=O)c3ccccc3[CH]Oc3ccc(-c4ccc(C#N)cc4)cc3)cc2Cl)n1,0.2155,5.0,0.0,0.0,0.0,seed123
Nc1cccc(-c2cc3c(cc2Cc2ccccc2F)OC([NH+]2CCc4ccccc4C2)CO3)c1,0.4375,4.5,-8.3,-7.0,-7.65,seed333
C[C@@H]1CCCN(C(=O)c2cccc([C@@H](Oc3ccc(-c4ccc(C#N)cc4)cc3)C(=O)N3CCCC3)c2)C1,0.4202,5.0,-8.2,-6.6,-7.4,seed333
Cc1nc(C2CCNC(C(=O)NCc3cnc(-c4ccc(F)cc4F)cc3[C@@H]3CCO[C@@H]3C)C2)cs1,0.4946,5.0,-8.3,-6.4,-7.35,seed333
C#Cc1cc2c(cc1-c1ccc(C[NH+]3CCC[C@H](C)C3)cc1C[NH+]1CCCC[C@H]1C)OCO2,0.6915,4.2,-8.0,-6.7,-7.35,seed333
C[C@H]1CCC(c2ccc3c(c2)OCO3)(c2cccc3[nH]ccc23)CN1C(=O)N[C@@H]1CCS(=O)(=O)C1,0.5787,5.0,-7.7,-6.8,-7.25,seed333
Cc1ccc(C(=O)N2CC(N(Cc3ccccn3)C(C)NC(=O)c3ccoc3C)CCCC2N)cc1F,0.4689,5.0,-7.3,-7.2,-7.25,seed333
C[C@@H]1O[C@@H](C)CC(c2ccc([C@@H](N)C#N)cc2F)C1(Nc1ccc(C(N)=O)cc1)[C@H]1CC[NH2+][C@@H]1C,0.5047,5.0,-7.7,-6.7,-7.2,seed333
CNC(=O)c1ccc(C2COC[C@@H](Cc3cc(-c4cc(Br)ccc4OC)no3)O2)cc1,0.5623,5.0,-7.8,-6.6,-7.2,seed333
CCOC(N[C@H]1[CH]CCC(Cc2ccc(F)c(F)c2)C1)c1cccc(N)n1,0.7139,4.8,-6.8,-7.5,-7.15,seed333
Cc1cc(C2=C[C@@H]([NH3+])C[C@@H]2C2C(Nc3cncc(-c4nncn4C)c3)C[C@@H](C)C[C@@H]2C)on1,0.6195,5.0,-7.9,-6.4,-7.15,seed333
Cc1cc(Cl)ccc1NC1C(Nc2cncc(-c3nncn3C)c2)C[C@@H](C)C[C@@H]1C,0.5912,4.6,-7.5,-6.5,-7.0,seed333
NCc1cc(CNc2cccc(-c3cc4c(cc3Cc3c(F)cccc3F)OCCO4)c2)on1,0.3991,5.0,-7.7,-6.3,-7.0,seed333
C#Cc1cc2c(cc1-c1ccc(C(=O)NC)cc1C[NH+]1CCCC[C@H]1C)OCO2,0.7872,3.5,-7.4,-6.5,-6.95,seed333
COc1ccc(C(=O)[C@@H]2CC(C(=O)Nc3ccc(C(=O)Nc4nccs4)cc3C)CO2)cc1Br,0.418,5.0,-7.1,-6.8,-6.95,seed333
CCn1nc(C)c(NC2(C(=O)N3CCC(C)CC3)C[C@@H](C)CN(C=O)C2[C@@H](O)C2CC2)c1C,0.6118,5.0,-6.6,-7.3,-6.95,seed333
COC[C@H](C)NCOc1ccc(-c2cccc(C(=O)Nc3ccccn3)c2)cc1Br,0.443,5.0,-7.2,-6.6,-6.9,seed333
CCC(=N)Nc1cc(-c2cc(C(N)=O)ccc2Sc2nncn2C)ccc1F,0.4335,5.0,-6.8,-7.0,-6.9,seed333
CCn1nc(C)c(N)c1Cc1nc(C(C)NC(=O)c2cccc(Cl)c2N2CCN(C(C)=O)CC2)no1,0.4908,5.0,-7.2,-6.6,-6.9,seed333
COC(C)(C)C(COc1c(F)cccc1NC(=O)c1cccc(F)c1)C(=O)Nc1ccccc1,0.4483,5.0,-7.5,-6.3,-6.9,seed333
CC(C)(CNC(=O)c1ccoc1)C(=O)NCCc1cc(Nc2ccc(C=O)cc2)ccc1Br,0.3418,5.0,-7.4,-6.4,-6.9,seed333
NCc1cc(CNc2cccc(-c3ccc4c(c3)OCCO4)c2)on1,0.7439,4.3,-6.8,-6.9,-6.85,seed333
COc1ccc(-c2cccc(C(=O)Nc3ccccn3)c2)cc1Br,0.7061,3.0,-7.0,-6.7,-6.85,seed333
C[C@H]1OCC[C@H]1c1cc(-c2ccc(F)cc2F)ncc1CNC(=O)C1CCCCN1,0.7822,4.6,-7.0,-6.7,-6.85,seed333
C[C@H]1Cc2ccccc2N1c1cc(NC(=O)C2CCCC2)cc([SH](=O)=O)c1O,0.5395,4.1,-7.0,-6.7,-6.85,seed333
CC[NH+](C)CC(CC#Cc1c[nH]c2ccccc12)[NH+]1CCCC[C@H]1C,0.684,2.9,-6.2,-7.5,-6.85,seed333
C[C@H]1CCC(c2cccc3[nH]ccc23)CN1C(=O)N[C@@H]1CCS(=O)(=O)C1,0.8465,3.1,-7.2,-6.4,-6.8,seed333
N#Cc1ccc(-c2ccc(O[C@@H](C(=O)N3CCCC3)c3ccccc3)cc2)cc1,0.6261,3.7,-7.2,-6.4,-6.8,seed333
C#Cc1cc2c(cc1-c1ccc(C(=O)NC)cc1)OC(Oc1cc(C)cc(C)c1)O2,0.659,3.5,-7.1,-6.5,-6.8,seed333
O=C(CCNC(=O)c1cccc(Cl)c1)NC1CCCC(C(=O)Nc2ccccc2F)CC1,0.5392,5.0,-6.6,-7.0,-6.8,seed333
O=C(Nc1cc(N2[CH]Cc3ccccc32)c(O)c([SH](=O)=O)c1)C1CCCC1,0.555,4.1,-7.0,-6.6,-6.8,seed333
CCN(Cc1ccccn1)C1CCCC(Nc2ccncc2)N(C(=O)c2ccc(C)c(F)c2)C1,0.5435,5.0,-7.5,-6.1,-6.8,seed333
CC[NH2+]C(C)(C)c1ccc(Nc2c(C)ccc(OC)c2Nc2ccc(Cl)c(Cl)c2)cc1,0.3551,5.0,-7.3,-6.3,-6.8,seed333
C[C@@H]1O[C@@H](C)CC(c2ccc([CH]C#N)cc2F)C1Nc1ccc(C(N)=O)cc1,0.8266,3.8,-7.1,-6.4,-6.75,seed333
C#Cc1cc2c(cc1-c1ccccc1C[NH+]1CCCC[C@H]1C)OCO2,0.8722,2.4,-7.0,-6.5,-6.75,seed333
CC(=O)Nc1cccc(-c2nnc(Cc3cc(Br)cnc3-c3nnc(C)o3)s2)c1,0.4633,5.0,-7.1,-6.4,-6.75,seed333
CCn1nc(C)c(N)c1Cc1nc(C(C)NC(=O)c2cccc(Cl)c2N2CCNCC2)no1,0.4777,5.0,-7.0,-6.5,-6.75,seed333
COc1cccc(Nc2ccc(O[SH](=O)=O)c(Nc3ccc(C)cc3Cl)c2C)c1,0.4363,5.0,-6.9,-6.6,-6.75,seed333
C[NH2+][C@@H](C)CC(COc1ccccc1OC)(Oc1cccc(C)c1)Oc1ccc2c(c1)OCO2,0.4319,5.0,-6.9,-6.6,-6.75,seed333
CC(C)(C)c1ccc2occ(CC(=O)Nc3ccccc3F)c2c1,0.7319,2.2,-7.4,-6.0,-6.7,seed333
Cc1ccc(-c2cccc(F)c2F)c(OC2[CH][C@H](C)CCC2)c1C,0.6688,1.9,-7.2,-6.2,-6.7,seed333
NOc1ccc([SH](=O)=O)c(O)c1N1c2ccccc2C[C@@H]1CCc1ccc2c(c1)OCO2,0.385,5.0,-7.4,-6.0,-6.7,seed333
O=C(CCOc1c(F)cccc1NC(=O)c1cccc(F)c1)Nc1ccccc1,0.6122,5.0,-6.8,-6.6,-6.7,seed333
NCc1cc(CNc2cccc(-c3cc4c(cc3Cc3ccccc3F)OCCO4)c2)on1,0.4205,5.0,-7.3,-6.1,-6.7,seed333
CCC[NH+](CCc1ccc(C(=O)N2CCCCC2)c(C(N)=O)c1)CNc1cccc(C(C)=O)c1,0.3509,5.0,-6.8,-6.6,-6.7,seed333
Nc1cccc(-c2cc3c(cc2Cc2ccccc2F)OCCO3)c1,0.7199,2.7,-7.1,-6.2,-6.65,seed333
Cc1c(Cl)cccc1NN1CCCCC1C(=O)NCc1cnccc1[C@@H]1CCO[C@@H]1C,0.6921,5.0,-7.3,-6.0,-6.65,seed333
Cc1nc(CC2CC2c2noc(-c3cccc4c3C=C(C#N)CO4)n2)sc1C,0.654,4.6,-6.8,-6.5,-6.65,seed333
Cc1c(Cl)cccc1Nc1cc(N)ccc1-c1cc(C#N)ccc1OC1CC1N,0.5202,4.3,-6.8,-6.5,-6.65,seed333
COc1ccc(Oc2ccc3oc([C@H](O)c4ccccc4)cc3c2)cc1,0.5316,3.7,-7.1,-6.1,-6.6,seed333
COc1ccc(Oc2ccc3oc([C@H](O)c4ccccc4)cc3c2O)cc1,0.5214,4.0,-6.8,-6.4,-6.6,seed333
C[C@@H]1O[C@@H](C)CC(c2c(F)cc([CH]C#N)cc2[CH]O)C1Nc1ccc(C(N)=O)cc1,0.6749,4.6,-6.8,-6.4,-6.6,seed333
CC(Cc1ccccc1OC(F)F)C[NH+]1C[C@@H](C)C[C@H](NC(=O)Cc2ccccc2)C1,0.6408,5.0,-6.8,-6.4,-6.6,seed333
COCc1ccc(C[CH]O)c([C@H]2COC(Nc3ccc(C)cc3)C2)c1,0.7945,4.2,-6.9,-6.2,-6.55,seed333
COc1ccc(C(=O)[C@@H]2CC(C(=O)Nc3ccccc3C)CO2)cc1Br,0.7463,3.8,-7.0,-6.1,-6.55,seed333
CCc1c(Nc2c(F)cccc2F)ccc(C)c1NC1CN(C)CCO1,0.8335,3.8,-6.3,-6.8,-6.55,seed333
CCOc1cccc(-c2c([C@H](O)c3ccccc3)oc3ccc(O)c(O)c23)c1,0.4274,4.0,-6.6,-6.5,-6.55,seed333
Cc1nnc(Nc2cc(C[C@@H]3CC=CCC3)c(C)c(O)c2-c2cccc(F)c2F)s1,0.4596,4.6,-6.8,-6.3,-6.55,seed333
Cc1c(Cl)cccc1Nc1c(Cc2ccccc2F)c(-c2cccc(N)c2)cc2c1OCCO2,0.3016,4.8,-6.8,-6.3,-6.55,seed333
CN(C=O)c1cccc(CNc2ccccc2-c2cccc(O)c2)c1,0.6631,3.7,-6.5,-6.5,-6.5,seed333
CCn1nc(C)c(N)c1Cc1nc(C(C)NC(=O)c2cccc(Cl)c2)no1,0.671,5.0,-6.4,-6.6,-6.5,seed333
O=C(CNC(=O)c1cccc(Cl)c1)c1ccc(OCOc2ccccc2)cc1,0.4541,5.0,-6.9,-6.1,-6.5,seed333
C[CH]c1cccc(C=C2CCSC([NH+](Cc3n[nH]c(=O)[nH]3)C3CC3)C2)c1,0.73,4.8,-6.7,-6.3,-6.5,seed333
Cc1cc(C=C2CCSCC2)cc([C@@H](C)ONC(=O)C(C)(C)C)c1,0.7737,2.2,-7.3,-5.7,-6.5,seed333
FC(F)(F)c1ccc(C2(Nc3ccc(Cl)s3)CCCCCC2)cc1,0.5664,2.8,-6.8,-6.2,-6.5,seed333
COc1ccc(C(C)c2ccc(C)nc2Nc2cc(Nc3cncc(C)c3)ccn2)cc1C,0.345,5.0,-7.3,-5.7,-6.5,seed333
CN1C(=O)C[C@@H](c2ccccc2)C1Oc1cccc(Br)c1,0.8461,2.2,-6.4,-6.5,-6.45,seed333
C[C@@H]1CN(C(=O)c2ccccc2OC2[C@H](c3ccccc3)CC(=O)N2C)C[C@@H](C)O1,0.7791,3.8,-7.0,-5.9,-6.45,seed333
C[C@@H]1O[C@@H](C)CC(c2ccc([C@@H](N)C#N)cc2F)C1Nc1ccc(C(N)=O)cc1,0.718,4.1,-6.7,-6.2,-6.45,seed333
Cc1csc(-c2cc(F)ccc2C(=O)Nc2ncccc2NOCC(N)=O)n1,0.5239,5.0,-6.4,-6.5,-6.45,seed333
COc1cc(-c2ccccc2Nc2cnn(C)c2)ccc1Nc1ccc2c(c1)OCO2,0.4455,5.0,-6.9,-6.0,-6.45,seed333
Cc1nc(-c2ccc(C[NH2+]CCOCC#Cc3ccccc3)c(F)c2N)no1,0.3706,5.0,-6.7,-6.2,-6.45,seed333
COc1ccc(C(=O)CNC(=O)c2cccc(Cl)c2)cc1OCC1CC1,0.7156,5.0,-6.8,-6.1,-6.45,seed333
Cc1cc(NC(=O)COCCNC(=O)c2cccc(N[C@@H](C)O)c2)no1,0.3889,5.0,-6.6,-6.3,-6.45,seed333
Cc1nn(C)c(C(c2nc(C(N)C[C@@H](C)O)no2)N2c3ccccc3C[C@H]2C)c1N,0.561,5.0,-6.6,-6.3,-6.45,seed333
CCOC(=O)NCc1cc(CNc2cccc(-c3ccc4c(c3)OCCO4)c2)on1,0.6096,5.0,-6.8,-6.0,-6.4,seed333
CCn1nc(C)c(N)c1C(c1nc(C(C)N)no1)N1c2ccccc2C[C@H]1C,0.6986,4.9,-6.5,-6.3,-6.4,seed333
CCOC(N[C@@H]1CCCC[C@H]1Cc1ccc([S@](C)=O)cc1)c1cccc(N)n1,0.6576,5.0,-6.8,-6.0,-6.4,seed333
CCc1c(Nc2c(F)cccc2F)cc(CNC(=O)c2cccs2)c(C)c1N,0.5004,4.6,-6.7,-6.1,-6.4,seed333
CCn1nc(C)c(N)c1C(c1nc(C(N)C[C@@H](C)O)no1)N1c2ccccc2C[C@H]1C,0.5259,5.0,-6.7,-6.1,-6.4,seed333
C[C@H]1C[C@H](C)C[NH+](C2[CH]N(C(=O)c3ccc(OCF)c(-c4ccccc4C#N)c3)CCC2)C1,0.7543,4.3,-7.5,-5.2,-6.35,seed333
CC(Cc1ccccc1OC(F)c1cc(F)cc(F)c1)Cn1ccnn1,0.6228,5.0,-6.8,-5.9,-6.35,seed333
CC(C)C(COc1c(F)cccc1NC(=O)c1cccc(F)c1)C(=O)Nc1ccccc1,0.4876,5.0,-6.8,-5.9,-6.35,seed333
CC(=Cc1ccc(OCCn2cncn2)cc1Nc1cnn(C)c1)[C@@H]1C[NH2+]CCO1,0.5794,5.0,-6.6,-6.1,-6.35,seed333
CC(Cc1ccc(S(C)=O)cc1OC(F)c1cc(F)cc(F)c1)Cn1ccnn1,0.5445,5.0,-6.5,-6.2,-6.35,seed333
COc1cc(-c2cc(C=O)cc([N+](=O)[O-])c2)ccc1C(=O)c1ccc(Br)cc1CO,0.2348,5.0,-6.9,-5.8,-6.35,seed333
COCc1ccc(C([CH]O)C(=O)[O-])c([C@H]2COC(Nc3ccc(C)cc3)C2)c1,0.7277,5.0,-6.7,-5.9,-6.3,seed333
CCOc1cc(-c2cc(C=O)cc([N+](=O)[O-])c2)ccc1C(=O)c1ccc(Br)cc1CO,0.2097,5.0,-6.9,-5.7,-6.3,seed333
COc1ccc(C(=O)CNC(=O)c2cccc(Cl)c2)cc1,0.864,3.0,-6.5,-6.1,-6.3,seed333
C[C@@H]1CC(Nc2cncc(-c3nncn3C)c2)C[C@@H](C)C1,0.9411,2.5,-6.5,-6.1,-6.3,seed333
COc1c(Nc2ccc3c(c2)OCO3)ccc(-c2ccccc2)c1F,0.7292,3.5,-6.8,-5.8,-6.3,seed333
CN1C(=O)C[C@@H](c2ccccc2)C1Oc1ccccc1,0.8551,1.9,-6.3,-6.3,-6.3,seed333
CCc1nc(-c2c[nH]nc2CCCc2cccc(OC)c2)cs1,0.7045,4.5,-6.1,-6.5,-6.3,seed333
O[C@H](c1ccccc1)c1cc2ccccc2o1,0.7222,1.1,-6.0,-6.6,-6.3,seed333
CCOc1cccc(-c2cc(C=O)cc([N+](=O)[O-])c2-c2ccnn2C)c1,0.382,4.6,-6.5,-6.1,-6.3,seed333
CN1C(=O)C[C@@H](c2cccc(O)c2)C1Oc1cccc(Br)c1,0.9093,2.5,-6.4,-6.1,-6.25,seed333
COc1ccc(C(C)c2ccc(C)nc2Nc2ccc(Cl)cn2)cc1C,0.6324,3.5,-6.4,-6.1,-6.25,seed333
COc1ccc(C)c(Nc2ccc(C(C)C)cc2)c1Nc1ccc(Cl)c(Cl)c1,0.429,4.0,-6.6,-5.9,-6.25,seed333
COc1ccc(OCCCc2sc(NC(=O)c3cccs3)cc2-c2ncn(C)n2)cc1,0.3649,5.0,-6.7,-5.8,-6.25,seed333
COc1ccc(-c2ccc(Br)cc2-c2cccc(C)c2Cl)cc1F,0.4607,2.2,-6.8,-5.7,-6.25,seed333
CC[NH+](CC)CN(OCn1ccnn1)c1cncc(-c2csc(C)n2)c1,0.4506,5.0,-6.3,-6.2,-6.25,seed333
COc1ccc(-c2ccc(Br)cc2-c2cccc(C)c2Cl)c(CF)c1F,0.4141,3.0,-6.4,-6.1,-6.25,seed333
CC(=O)c1ccc(Nc2ccc(Br)c(C)c2)cc1,0.8325,1.4,-6.2,-6.2,-6.2,seed333
CC(=O)NC(C)Oc1ccc(NC2CC2Oc2ccc(C#N)cc2)cc1,0.7493,4.8,-6.2,-6.2,-6.2,seed333
CCc1c(N)c(C)cc(C(=O)NCc2cccnc2)c1Nc1c(F)cccc1F,0.5367,4.6,-6.0,-6.4,-6.2,seed333
Cc1cnn(CCC(C)COC2(N)[C@H](Cc3ccon3)CC(O)S2(=O)=O)c1,0.6247,5.0,-6.2,-6.2,-6.2,seed333
O=Cc1cc(-c2ccccc2-c2ccnc(Cl)c2)cc([N+](=O)[O-])c1,0.2965,3.3,-6.2,-6.2,-6.2,seed333
CC(C)(C)C(=O)NCCc1cc(Nc2ccc(C=O)cc2)ccc1Br,0.6872,3.5,-6.8,-5.6,-6.2,seed333
CNC(=O)c1ccc(C2COC[C@@H](C)O2)c(-c2ccc(CN3CCOCC3)nc2OC)c1,0.7373,5.0,-6.6,-5.8,-6.2,seed333
CCCc1ccc(NC(=O)c2cc(-c3ccccc3Br)cs2)s1,0.5188,3.5,-6.1,-6.3,-6.2,seed333
CC(Cc1ccc(S(C)=O)cc1OC(F)c1cc(F)c(CS(N)(=O)=O)c(F)c1)Cn1ccnn1,0.4428,5.0,-6.6,-5.8,-6.2,seed333
C[C@@H](O)c1ccc([C@H](O)c2ccc(F)cc2)cc1O,0.7966,1.7,-6.6,-5.7,-6.15,seed333
Cc1nnc(Nc2cc(C)c(C)c(O)c2-c2cccc(F)c2F)s1,0.7104,3.1,-6.1,-6.2,-6.15,seed333
CCC(=N)Nc1cc(-c2cccc(C(N)=O)c2)ccc1F,0.5944,2.5,-6.3,-6.0,-6.15,seed333
CC(=O)c1ccc(Nc2ccc(Br)c(CCNC(=O)C(C)(C)C)c2)cc1,0.6433,3.5,-6.9,-5.4,-6.15,seed333
CC(C)c1noc(C[C@H]2OCCOC2[C@@H]2CN3CCCC[C@@H]3CO2)n1,0.8186,4.1,-6.2,-6.1,-6.15,seed333
Cc1cc(N(C)C=O)ccc1OC(=Cc1ccco1)c1ccoc1,0.4997,4.0,-6.1,-6.2,-6.15,seed333
CCC[NH+](CCc1cccc(C(N)=O)c1)CNc1cccc(C(C)=O)c1,0.4504,5.0,-6.3,-6.0,-6.15,seed333
COCC(=O)NC1[C@H](Cc2cc(C(=O)NCc3ccccc3)on2)CC(OCC#N)S1(=O)=O,0.4984,5.0,-6.4,-5.9,-6.15,seed333
Cc1ccc(C(=O)N2CCCCCC2Nc2ccncc2)cc1F,0.9271,2.5,-6.2,-6.0,-6.1,seed333
N#CC1=Cc2c(cccc2-c2nc(C3CC3)no2)OC1,0.8343,2.5,-6.3,-5.9,-6.1,seed333
COc1cc(-c2ccccc2)ccc1Nc1ccc2c(c1)OCO2,0.7471,3.2,-6.6,-5.6,-6.1,seed333
Fc1cc(NNc2cccnc2)cc(F)c1-c1ccc(Br)o1,0.6503,3.6,-6.1,-6.1,-6.1,seed333
COc1cccc(N(c2cc(F)cc(Br)c2)c2ccc(O)cc2C)c1,0.5742,3.0,-6.3,-5.9,-6.1,seed333
C[CH]c1cccc(C=C2CCSCC2)c1,0.7162,0.3,-5.9,-6.3,-6.1,seed333
CCOCN(CCN1CC[NH+](C)CC1)C(=O)Cc1ccc(-c2cccc(C(=O)OC)c2)cc1,0.4337,5.0,-6.8,-5.4,-6.1,seed333
COCCNC1CO[C@H](Cc2nc(C(C)C)no2)C([C@@H]2CN3CCCC[C@@H]3CO2)O1,0.6207,5.0,-6.2,-6.0,-6.1,seed333
COCc1ccc(S(=O)Nc2ccc(C#N)c(S(=O)(=O)NC(C)C)c2C(=O)NC(N)=O)cc1,0.4064,5.0,-6.5,-5.7,-6.1,seed333
CCCSOc1c(C)c(C)cc(Nc2nnc(C)s2)c1-c1cccc(F)c1F,0.3444,5.0,-5.6,-6.6,-6.1,seed333
CCc1ccc(NC(=O)c2cc(-c3ccccc3Br)cs2)s1,0.5751,3.0,-6.2,-5.9,-6.05,seed333
CCC(=N)Nc1c(F)ccc(-c2ccccc2)c1NC[C@H]1CCCO1,0.5182,4.0,-5.9,-6.2,-6.05,seed333
Cc1cccc(C=C2CCSCC2)c1,0.6682,-0.2,-5.9,-6.2,-6.05,seed333
Cc1ncccc1NC1(Nc2ccc(Cl)s2)CCCCCC1,0.5572,3.0,-6.2,-5.9,-6.05,seed333
CC[NH+](C)CC(CC#Cc1c(C)[nH]c2ccccc12)[NH+]1CCCC[C@H]1C,0.6804,2.9,-6.2,-5.9,-6.05,seed333
CC1CC[NH+](Cc2c(Cl)cccc2NN2CCCCC2)CC1,0.8883,2.7,-6.0,-6.1,-6.05,seed333
C#Cc1ccc2c(c1)OC(Oc1cc(C)cc(C)c1)O2,0.7795,1.4,-6.1,-6.0,-6.05,seed333
CCC(=NO)Nc1cc(-c2cccc(C(N)=O)c2)ccc1F,0.3505,2.8,-6.5,-5.6,-6.05,seed333
Cc1ccc(OC(ONc2cccnc2)C(N)=O)cc1Nc1ccccc1F,0.4074,5.0,-6.8,-5.3,-6.05,seed333
COC1(N)[C@H](Cc2nocc2-c2csc([C@@H](C)CO)c2)CC(O)S1(=O)=O,0.6102,5.0,-6.0,-6.1,-6.05,seed333
CNC(=O)c1ccc(C2COC[C@@H](C)O2)c(-c2cccnc2OC)c1,0.9248,3.3,-5.9,-6.1,-6.0,seed333
CC(C)CNC(=O)N(C=O)c1nc(-c2nc(C3CC3)no2)cs1,0.8134,5.0,-6.1,-5.9,-6.0,seed333
NC(=O)CONc1cccnc1NC(=O)c1ccc(F)cc1,0.6974,4.4,-6.1,-5.9,-6.0,seed333
C[C@@H]1CCCCN1C(=O)c1ccc(OCF)c(-c2ccccc2C#N)c1,0.8113,3.0,-6.3,-5.7,-6.0,seed333
CC(C)COc1cc(OCC(=O)N2CCC[C@@H](C)C2)ccc1Cl,0.7856,3.5,-6.0,-6.0,-6.0,seed333
CCOc1cccc(-c2cc(C=O)cc([N+](=O)[O-])c2)c1,0.474,3.0,-5.8,-6.2,-6.0,seed333
CCC(=N)Nc1cc(-c2ccccc2)ccc1F,0.6109,1.4,-5.8,-6.2,-6.0,seed333
CC(=O)N(C)c1cc(C)c(OC(=Cc2ccco2)c2ccoc2)cc1C,0.6037,3.5,-6.0,-6.0,-6.0,seed333
C[C@@H](C#N)c1c(Cl)ccc(NC(=O)NC[C@@H]2CCCO2)c1Cc1nc2ccccc2[nH]1,0.518,5.0,-6.2,-5.8,-6.0,seed333
Cc1ccc(CNc2c(Br)cnc(-c3nnc(C)o3)c2Cc2nncs2)cc1,0.4539,5.0,-6.1,-5.9,-6.0,seed333
Cc1cc(N(C)C=O)c(C)cc1OC(=Cc1ccco1)c1ccoc1,0.4848,4.0,-6.2,-5.8,-6.0,seed333
C=C(CONc1cc(CNS(C)(=O)=O)cc(-c2nc(C)no2)n1)c1ccnc(Cl)c1,0.3724,5.0,-5.9,-6.1,-6.0,seed333
N#C[CH]c1c(Cl)ccc(NC(=O)NC[C@@H]2CCCO2)c1Cc1nc2cc([C@@H]3CCCCO3)ccc2[nH]1,0.3955,5.0,-6.3,-5.7,-6.0,seed333
Cc1cc(O)cc(C[C@H](O)c2ccccc2)c1,0.8475,1.1,-5.7,-6.2,-5.95,seed333
N#Cc1ccccc1-c1cc(C(=O)N2[CH]CCCC2)ccc1OCF,0.8348,3.0,-6.7,-5.2,-5.95,seed333
C[C@H]1OCC[C@H]1c1ccncc1CNC(=O)C1CCCCN1,0.8891,3.0,-5.9,-6.0,-5.95,seed333
CC(NC=O)Oc1ccc(NC2CC2Oc2ccc(C#N)cc2)cc1,0.5714,5.0,-6.2,-5.7,-5.95,seed333
Cc1nc(-c2ccc(C[NH2+]NC(=O)C(C)C)c(F)c2)no1,0.4879,3.6,-6.0,-5.9,-5.95,seed333
CC(C)(C)c1ccc2occ(CC(=O)Nc3ccccc3F)c2c1-c1ccc(F)cc1F,0.3736,3.8,-6.9,-5.0,-5.95,seed333
Cc1ccc(OC2Oc3ccccc3C=C2C#N)cc1C,0.8326,1.4,-6.1,-5.8,-5.95,seed333
CC1CC[NH+](Cc2c(Cl)cccc2NN2CCCCC2C(=O)NCc2cccnc2)CC1,0.5989,5.0,-6.3,-5.6,-5.95,seed333
COC(=O)[C@H](Cc1cccc(O)c1)c1cc(C)c(C)cc1F,0.877,2.2,-5.9,-5.9,-5.9,seed333
CN(C=O)c1cccc(CNc2ccccc2)c1,0.8149,2.4,-5.8,-6.0,-5.9,seed333
COc1cccc(ONc2cccnc2CN)c1N1c2ccccc2C[C@@H]1C,0.6328,4.8,-5.7,-6.1,-5.9,seed333
C#CCOC(C)(C(=O)N1CCOCC1)c1nc2c(s1)C(c1cccc(C#N)c1)CCC2,0.6744,4.6,-6.3,-5.5,-5.9,seed333
Cc1ccc(C)c(OC(=Cc2ccco2)c2ccoc2)c1,0.626,2.4,-5.8,-6.0,-5.9,seed333
C[CH]c1cccc(C=C2CCSC([NH+](C)C3CC3)C2)c1,0.891,2.1,-5.9,-5.9,-5.9,seed333
CC(=O)N1C(C(=O)OC(C)C)[C@H](C)C[C@H](C)C1Oc1ccc(Cl)cc1Cl,0.6941,3.1,-5.8,-6.0,-5.9,seed333
O=[N+]([O-])c1cccc(-c2ccc(C[NH2+]I)c(F)c2)c1,0.3879,2.8,-5.8,-6.0,-5.9,seed333
CCn1cc[nH+]c1ON(C[NH+](CC)CC)c1cncc(-c2csc(C)n2)c1,0.4488,5.0,-5.8,-6.0,-5.9,seed333
COc1ccc(C)c(Nc2ccc(C(C)C)cc2)c1,0.8411,1.6,-6.2,-5.5,-5.85,seed333
CCC(=O)NC1CCCC(C(=O)Nc2ccccc2F)CC1,0.839,2.5,-5.8,-5.9,-5.85,seed333
C[C@H]1Cc2ccccc2N1c1cccc([SH](=O)=O)c1O,0.8338,2.0,-5.9,-5.8,-5.85,seed333
CC=Cc1ccc(OCCn2cncn2)cc1Nc1cnn(C)c1,0.7235,5.0,-6.2,-5.5,-5.85,seed333
Cc1ccc(-c2cccc(F)c2F)c(O)c1C,0.7915,0.4,-6.2,-5.5,-5.85,seed333
CC(C)C(C)C(=O)Nc1cccc(N[C@H]2CCCC[C@H]2C)c1,0.8113,2.4,-6.0,-5.7,-5.85,seed333
Cc1ccccc1C(=O)NC1CCO[C@H]1C(=O)NC(C)c1cc[nH]n1,0.7668,4.1,-6.2,-5.5,-5.85,seed333
CN1C(=O)C[C@@H](c2ccccc2)C1(Oc1ccccc1C=O)C(=O)NCC(F)(F)F,0.7296,5.0,-5.9,-5.8,-5.85,seed333
Cc1ccc(C(=O)N2CCCCCC2)cc1F,0.7319,0.4,-6.0,-5.7,-5.85,seed333
CC(C)COC1(N)[C@H](Cc2ccon2)CC(O)S1(=O)=O,0.7492,3.9,-5.6,-6.1,-5.85,seed333
C[C@H]1CC(c2ccc([CH]C#N)cc2F)C[C@H](C)O1,0.7988,0.9,-6.2,-5.5,-5.85,seed333
COc1c([SH](=O)=O)ccc(ONc2cccnc2CN)c1N1c2ccccc2C[C@@H]1C,0.3803,5.0,-5.7,-6.0,-5.85,seed333
COCc1ccc(S(=O)Nc2ccc(C#N)c(S(=O)(=O)NC(C)C)c2)cc1,0.699,5.0,-5.9,-5.7,-5.8,seed333
CC(Cc1ccccc1OC(F)F)C[NH+]1C[CH]C[C@H](C)C1,0.8519,3.2,-5.7,-5.9,-5.8,seed333
COc1ccc(Br)cc1-c1cc(C[C@@H]2COCCO2)on1,0.8448,3.3,-5.8,-5.8,-5.8,seed333
CCNS(=O)(=O)c1sc(NC(N)=O)nc1-c1nc(C2CC2)no1,0.6917,5.0,-5.5,-6.1,-5.8,seed333
Oc1ccc2oc([C@H](O)c3ccccc3)cc2c1O,0.6162,1.7,-6.0,-5.6,-5.8,seed333
C[C@H]1CC(c2c(F)cc([CH]C#N)cc2[CH]O)C[C@H](C)O1,0.9188,1.7,-6.1,-5.5,-5.8,seed333
N#C[CH]c1c(Cl)ccc(NC(=O)NC[C@@H]2CCCO2)c1Cc1nc2ccccc2[nH]1,0.5539,5.0,-6.0,-5.6,-5.8,seed333
C[C@H]1Cc2ccccc2N1c1c(ON)ccc([SH](=O)=O)c1O,0.5887,3.1,-5.8,-5.8,-5.8,seed333
Cc1[nH]c2ccccc2c1C#CCC[NH+]1CCCC[C@H]1C,0.7895,1.1,-6.1,-5.5,-5.8,seed333
C[CH]c1cc(C)cc(C=C2CCSCC2)c1,0.723,0.3,-6.1,-5.5,-5.8,seed333
CCOc1ccc(NC2CC2Oc2ccc(C#N)cc2)cc1,0.8843,3.7,-5.9,-5.6,-5.75,seed333
CCNS(=O)(=O)c1sc(NC(=O)NCC(C)C)nc1-c1nc(C2CC2)no1,0.6011,5.0,-5.7,-5.8,-5.75,seed333
COCc1ccc(C[CH]O)c([C@@H]2CCOC2)c1,0.8514,2.4,-6.0,-5.5,-5.75,seed333
Cc1cc(C=C2CCSCC2)cc([C@@H](C)O)c1,0.8546,0.6,-6.2,-5.3,-5.75,seed333
CCn1nc(C)c(NC2C[C@@H](C)CN(C=O)C2[C@@H](O)C2CC2)c1C,0.7801,4.3,-5.5,-6.0,-5.75,seed333
CC(Cc1ccccc1OC(F)F)C[NH+]1C[C@H](C)C[C@H](C)C1,0.8523,3.2,-5.5,-6.0,-5.75,seed333
COC1(N)[C@H](Cc2nocc2-c2ccsc2)C(c2nncn2C)C(O)S1(=O)=O,0.5571,5.0,-6.4,-5.1,-5.75,seed333
COc1cccc(Nc2c(C)cc(O[SH](=O)=O)cc2C)c1,0.8315,3.3,-5.9,-5.5,-5.7,seed333
NCc1cccc(-c2cccc(Br)c2)c1Cl,0.8816,0.9,-5.8,-5.6,-5.7,seed333
Cc1cccc(-c2cccc(Br)c2)c1Cl,0.6838,0.1,-5.8,-5.6,-5.7,seed333
COCC[NH2+]C(Nc1cc(C)nn1C)c1cccc(N)c1F,0.4008,4.6,-5.8,-5.6,-5.7,seed333
COc1cc(N)c(N2CCC3(CC2)OCCO3)c(N(c2cc(F)cc(Br)c2)c2ccc(O)cc2C)c1,0.3718,5.0,-6.6,-4.8,-5.7,seed333
Cc1cc(C)c(Nc2ccc(C=CC#N)s2)c(C)c1,0.799,1.4,-5.7,-5.6,-5.65,seed333
Cc1cc(C)cc(OC2Oc3ccccc3O2)c1,0.807,1.4,-5.8,-5.5,-5.65,seed333
C[NH2+][C@@H](C)CC(COc1ccccc1OC)Oc1ccc2c(c1)OCO2,0.743,5.0,-5.9,-5.4,-5.65,seed333
Cc1nnc(-c2nc(NC(C)(C)C)c(Br)cc2Cc2nncs2)o1,0.7,4.2,-5.6,-5.7,-5.65,seed333
CCOc1ccc(OCc2c(CC)noc2C(C)[C@H]2CC[NH2+][C@@H]2C)cc1,0.7856,5.0,-5.9,-5.4,-5.65,seed333
CCc1cccc(C)c1NC1CN(C)CCO1,0.8679,1.4,-5.8,-5.5,-5.65,seed333
COc1c([SH](=O)=O)ccc(ON)c1N1c2ccccc2C[C@@H]1C,0.6574,3.6,-5.6,-5.7,-5.65,seed333
CC(=O)N1C[C@H](C)C[C@H](C)C1Oc1ccc(Cl)cc1Cl,0.8173,1.5,-5.6,-5.7,-5.65,seed333
CNc1ncc(-c2csc(C)n2)cc1NOC(O)C(N)=O,0.4574,4.7,-5.5,-5.8,-5.65,seed333
CCNS(=O)(=O)c1scnc1-c1nc(C2CC2)no1,0.8952,4.7,-5.5,-5.7,-5.6,seed333
COc1cccc(Nc2ccc(O[SH](=O)=O)cc2C)c1,0.8297,3.3,-5.8,-5.4,-5.6,seed333
Cc1noc(-c2cc(CNS(C)(=O)=O)cc(N)n2)n1,0.8131,3.7,-5.8,-5.4,-5.6,seed333
COC(=O)c1ccc(Cc2ccco2)cc1,0.7403,1.4,-5.7,-5.5,-5.6,seed333
C[C@H]1Cc2ccccc2N1c1cccc([SH](=O)=O)c1OI,0.6164,2.8,-5.6,-5.6,-5.6,seed333
O=C(CCOc1ccccc1F)Nc1ccccc1,0.8948,2.7,-5.7,-5.4,-5.55,seed333
Cc1nocc1-c1csc([C@@H](C)CO)c1N1C[C@@H](C)O[C@H](C)C1,0.9269,3.3,-5.4,-5.7,-5.55,seed333
CCN(c1ccc(OC(C)C)cc1)S(=O)(=O)c1scnc1-c1nc(C2CC2)no1,0.5268,5.0,-5.2,-5.9,-5.55,seed333
CC(C)CNC(=O)Nc1nc(-c2nc(C3CC3)no2)cs1,0.8856,4.4,-5.3,-5.8,-5.55,seed333
Cc1cccc(-c2cccc(Br)c2C#N)c1Cl,0.731,0.4,-5.6,-5.5,-5.55,seed333
CC=Cc1ccc(OC)cc1Nc1cnn(C)c1,0.8958,2.2,-5.3,-5.7,-5.5,seed333
COc1ccc(-c2ccccc2)cc1Br,0.7913,0.6,-5.3,-5.7,-5.5,seed333
CCNS(=O)(=O)c1cc(C[NH2+])c(F)cc1-c1noc(C)n1,0.8075,4.2,-5.5,-5.5,-5.5,seed333
CC(C)CCNC(=O)C(C)Cn1nncc1NC(C)(C)C,0.8093,3.8,-5.0,-6.0,-5.5,seed333
Cc1cccc(OC2[CH][C@H](C)CCC2)c1C,0.7251,0.3,-5.7,-5.3,-5.5,seed333
CNc1ncc(-c2csc(C)n2)cc1NOC(O)C(=O)NOC(F)F,0.4049,5.0,-5.9,-5.1,-5.5,seed333
N#Cc1c(Br)cccc1-c1cccc(CN)c1Cl,0.905,1.2,-5.5,-5.4,-5.45,seed333
C#Cc1cc2c(cc1-c1ccc(C(=O)NC)cc1)OCO2,0.8588,1.7,-5.5,-5.4,-5.45,seed333
CCc1c(Nc2c(F)cccc2F)ccc(C)c1N,0.8149,1.7,-5.5,-5.4,-5.45,seed333
Clc1ccc(NC2CCCCCC2)s1,0.7348,0.9,-5.2,-5.7,-5.45,seed333
CC[NH+]1CCN(CCNC(=O)Cc2ccccc2)CC1,0.7394,3.2,-5.7,-5.2,-5.45,seed333
COC1(N)[C@H](Cc2ccon2)CC(O)S1(=O)=O,0.6869,2.9,-5.4,-5.5,-5.45,seed333
C[NH2+][C@@H](C)CCOc1ccc2c(c1)OCO2,0.803,2.7,-5.1,-5.8,-5.45,seed333
COC1(N)[C@H](Cc2nocc2-c2cscc2C)CC(O)S1(=O)=O,0.7906,4.2,-5.6,-5.3,-5.45,seed333
C[C@@H](C#N)c1cc(NC(=O)NC[C@@H]2CCCO2)ccc1Cl,0.8962,2.8,-5.2,-5.6,-5.4,seed333
C[C@@H]1CCCN(C(=O)COc2ccc(Cl)cc2)C1,0.8427,1.7,-5.6,-5.2,-5.4,seed333
COc1cccc(-c2ccccc2)c1F,0.7238,0.6,-5.3,-5.5,-5.4,seed333
CNC(=O)c1ccc(C2COC[C@@H](C)O2)cc1,0.8451,1.2,-5.2,-5.6,-5.4,seed333
C#CCOC(C)(C(=O)N1CCOCC1)c1nc2c(s1)CCCC2,0.7873,3.3,-5.6,-5.2,-5.4,seed333
COC1(N)[C@H](Cc2nocc2-c2ccsc2)CC(O)S1(=O)=O,0.7935,4.2,-5.6,-5.2,-5.4,seed333
COC(=O)[C@H](C)c1cc(C)c(C)c(C[NH2+]C2CC2)c1F,0.8377,2.7,-5.8,-5.0,-5.4,seed333
COC(=O)[C@H](C)c1cc(C)c(C)cc1F,0.7014,0.4,-5.5,-5.3,-5.4,seed333
CCC[NH+](C)CCc1cccc(C(N)=O)c1,0.7107,2.4,-5.1,-5.7,-5.4,seed333
CCc1nn(C)cc1CNc1ncccc1NOC(O)C(N)=O,0.4021,5.0,-5.4,-5.4,-5.4,seed333
COCc1ccc(S(=O)Nc2ccc(C#N)cc2)cc1,0.919,3.0,-5.3,-5.4,-5.35,seed333
CCc1ccc(C)nc1Nc1ccc(Cl)cn1,0.8979,1.7,-5.3,-5.4,-5.35,seed333
N#Cc1ccc(OC2CC2N)c(-c2ccc(N)cc2)c1,0.8337,2.2,-5.5,-5.2,-5.35,seed333
Cc1nc(-c2ccc(C[NH2+])c(F)c2)no1,0.7884,1.5,-5.4,-5.3,-5.35,seed333
C[NH2+]Cc1ccc(-c2noc(C)n2)cc1F,0.8382,2.0,-5.2,-5.5,-5.35,seed333
CCOC(N[C@@H]1CCCC[C@H]1C)c1cccc(N)n1,0.8019,2.7,-5.2,-5.5,-5.35,seed333
FC(F)SNCc1ccc([C@@H]2COCCO2)cc1,0.837,3.3,-5.3,-5.4,-5.35,seed333
CC(C)CCNC(=O)C(C)C(c1c(F)cccc1Cl)n1nncc1NC(C)(C)C,0.6468,5.0,-5.2,-5.5,-5.35,seed333
CCOC(N[C@H]1[CH]CCCC1)c1cccc(N)n1,0.7857,2.7,-5.4,-5.3,-5.35,seed333
CCOCN(CCN1CC[NH+](C)CC1)C(=O)Cc1ccccc1,0.6789,4.5,-5.5,-5.2,-5.35,seed333
CC1CC[NH+](Cc2c(N)cccc2Cl)CC1,0.7572,0.9,-5.4,-5.3,-5.35,seed333
COc1cccc(ONc2cccnc2CN)c1,0.7879,3.0,-5.2,-5.4,-5.3,seed333
COc1ccc(C(=O)[C@@H]2CCCO2)cc1Br,0.801,1.7,-5.2,-5.4,-5.3,seed333
COCC(=O)NC1[C@H](Cc2ccon2)CCS1(=O)=O,0.8013,3.9,-5.4,-5.2,-5.3,seed333
C[C@@H](O)NCCCc1ccc(NC(=O)c2cccs2)s1,0.5442,4.3,-5.2,-5.4,-5.3,seed333
NC1[C@H](Cc2ccon2)CC(O)S1(=O)=O,0.6948,2.1,-5.4,-5.2,-5.3,seed333
COc1cccc(Nc2ccc(O)cc2C)c1,0.7919,1.4,-5.5,-5.1,-5.3,seed333
CCn1nc(C)c(Nc2cccc3[nH]c(CN)nc23)c1C,0.6872,3.3,-5.3,-5.3,-5.3,seed333
N#Cc1ccccc1-c1ccccc1OC(F)F,0.8229,1.7,-5.3,-5.2,-5.25,seed333
CCN([C@@H](C)O)S(=O)(=O)c1scnc1-c1nc(C2CC2)no1,0.7891,5.0,-4.9,-5.6,-5.25,seed333
CC[C@@H](O)c1cc(F)cc([C@@H](C)C#N)c1,0.8277,0.9,-5.4,-5.1,-5.25,seed333
CCNS(=O)(=O)c1ccc(F)c(C[NH2+]I)c1,0.5956,3.1,-5.4,-5.1,-5.25,seed333
CC[NH+](CC)CN(O)c1cc(-c2csc(C)n2)cnc1NC,0.5341,4.6,-5.0,-5.5,-5.25,seed333
Fc1cc(F)cc(NNc2cccnc2)c1,0.7823,2.0,-5.0,-5.4,-5.2,seed333
Cc1nnc(-c2ncc(Br)cc2Cc2nncs2)o1,0.7306,3.4,-5.2,-5.2,-5.2,seed333
Cc1cc(O)cc([C@@H]2CC(=O)N(C)C2)c1C,0.784,0.4,-5.4,-5.0,-5.2,seed333
CCc1cc([C@@H](C)C(=O)OC)c(F)cc1C,0.7377,0.9,-5.4,-5.0,-5.2,seed333
CC([C@@H]1C(OCC#N)CC[NH+]1C)n1nccc1CCNC(=O)C(C)(C)C,0.7328,4.6,-5.5,-4.9,-5.2,seed333
C=CCONc1cc(CNS(C)(=O)=O)cc(-c2nc(C)no2)n1,0.4155,5.0,-5.4,-5.0,-5.2,seed333
C[C@H]1OCCOC1[C@@H]1CN2CCCC[C@@H]2CO1,0.6863,1.2,-5.2,-5.2,-5.2,seed333
Cc1noc(-c2cc(CNS(C)(=O)=O)ccn2)n1,0.8661,3.4,-5.3,-5.1,-5.2,seed333
C[C@H]1CCCCN1C(=O)N[C@@H]1CCS(=O)(=O)C1,0.7566,1.3,-5.1,-5.3,-5.2,seed333
CCOC(=O)NCc1cc(CNc2ccccc2)on1,0.8468,3.8,-5.1,-5.2,-5.15,seed333
COCC[NH2+]Cc1ccc(-c2noc(C)n2)c(N)c1F,0.5933,4.1,-5.2,-5.1,-5.15,seed333
Cc1cc(CNc2ccccc2)on1,0.8041,1.4,-4.9,-5.4,-5.15,seed333
CN1C[C@H](C[CH][C@@H]2CCOC2)C([C@@H](O)CO)C1=O,0.7068,3.0,-5.3,-5.0,-5.15,seed333
CN1C[C@H](c2cccc(O)c2)CC1=O,0.7273,0.4,-5.0,-5.3,-5.15,seed333
CCCc1ccc(NC(=O)c2cccs2)s1,0.8735,2.2,-4.9,-5.3,-5.1,seed333
CCOc1ccc(OCc2c(CC)noc2CC)cc1,0.7711,3.7,-5.0,-5.2,-5.1,seed333
N#Cc1ccccc1-c1ccccc1OCF,0.8031,1.4,-5.2,-5.0,-5.1,seed333
CNC(=O)c1ccc(C2COC[CH]O2)cc1,0.8167,1.2,-5.0,-5.2,-5.1,seed333
Cc1ccc(O)cc1[C@@H]1CC(=O)N(C)C1,0.7569,0.4,-5.2,-5.0,-5.1,seed333
CCOc1ccc(OCc2c(CC)noc2C(C)[C@H]2C(N(C)C)C[NH2+][C@@H]2C)cc1,0.6988,5.0,-5.5,-4.7,-5.1,seed333
Cc1cc(C)c(NCC(CCSc2nnnn2C)OC=O)c(C)c1,0.5491,5.0,-5.3,-4.9,-5.1,seed333
CCC(=O)C1CC1[C@H](O)C[C@@H](COC)NC(=O)SCF,0.6784,5.0,-5.1,-5.1,-5.1,seed333
CC(Cc1ccc(S(C)=O)cc1OCF)Cn1ccnn1,0.7864,4.6,-5.2,-4.9,-5.05,seed333
O=S1(=O)CC[C@@H](Cc2ccon2)C1,0.7046,1.5,-5.2,-4.9,-5.05,seed333
CCn1nc(C)c(N)c1Cc1nc(C(C)N)no1,0.8298,3.1,-5.0,-5.1,-5.05,seed333
CC[NH+](CC)CN(O)c1cncc(-c2csc(C)n2)c1,0.6272,3.8,-5.0,-5.1,-5.05,seed333
COCC(=O)NC1[C@H](Cc2ccon2)CC(OCC#N)S1(=O)=O,0.7076,5.0,-5.1,-5.0,-5.05,seed333
COc1cc(OC)cc(C(N[SH](=O)=O)[NH+]2CCC[C@H](C)C2)c1,0.6493,4.1,-5.3,-4.8,-5.05,seed333
Cc1ccc([C@@H]2COCCO2)cc1,0.6552,0.1,-5.0,-5.1,-5.05,seed333
CCNS(=O)(=O)c1ccc(F)c(C[NH2+])c1,0.7446,2.3,-5.0,-5.0,-5.0,seed333
Cc1ccc(CNSC(F)F)cc1,0.7549,1.7,-4.9,-5.1,-5.0,seed333
N#CCOC1C[C@@H](Cc2ccon2)C(N)S1(=O)=O,0.8049,3.4,-5.0,-5.0,-5.0,seed333
CCc1cccc(C(N)=O)c1,0.6772,0.1,-5.1,-4.9,-5.0,seed333
COCCNC(=O)c1cccc(N[C@@H](C)O)c1,0.5065,3.0,-4.9,-5.0,-4.95,seed333
FC(F)(F)NCc1ccccc1Cl,0.7389,1.0,-4.8,-5.1,-4.95,seed333
Cc1nc(-c2cncc(N(C)O)c2)cs1,0.7907,1.5,-4.9,-4.9,-4.9,seed333
Cc1nocc1-c1csc([C@@H](C)CO)c1,0.8699,1.7,-4.9,-4.9,-4.9,seed333
Cc1nc(-c2cncc(NO)c2)cs1,0.7418,1.5,-4.7,-5.1,-4.9,seed333
CC(C)CNC(=O)N(C=O)c1nccs1,0.7922,2.3,-4.9,-4.9,-4.9,seed333
Cc1cc(C)cc(C)c1,0.4934,-1.5,-4.7,-5.1,-4.9,seed333
COCC[C@@H](O)c1cccc(F)c1,0.7739,1.4,-4.9,-4.8,-4.85,seed333
CC[C@@H](O)c1cccc(F)c1,0.6924,0.1,-5.0,-4.7,-4.85,seed333
FC(F)SNCc1ccccc1,0.7306,1.7,-4.8,-4.9,-4.85,seed333
C[C@@H](O)N(CCCc1cccs1)[SH](=O)=O,0.5802,3.3,-5.0,-4.7,-4.85,seed333
N#Cc1ccc(OC2CC2N)cc1,0.7282,0.9,-4.9,-4.8,-4.85,seed333
Cc1cc(C)cc(O[SH](=O)=O)c1,0.7058,0.7,-4.9,-4.8,-4.85,seed333
CCc1noc(Cc2c(N)c(C)nn2CC)n1,0.8639,2.8,-4.6,-5.0,-4.8,seed333
CCn1nc(COCc2cccnc2)cc1C,0.7925,2.7,-5.0,-4.6,-4.8,seed333
Cc1ccc(O)cc1C,0.5577,-1.2,-4.5,-5.1,-4.8,seed333
Brc1cncc(Cc2nncs2)c1,0.827,1.5,-5.0,-4.5,-4.75,seed333
C[C@@H](C#N)c1cc(NC(N)=O)ccc1Cl,0.8078,1.0,-4.7,-4.8,-4.75,seed333
CCc1ccc(OC)c(C)c1N(CC)CC,0.7552,1.6,-4.6,-4.9,-4.75,seed333
CCc1ccc(OC)c(C)c1N(C)CC,0.7522,1.1,-4.6,-4.9,-4.75,seed333
C[C@@H](C#N)c1cc(F)cc([CH]O)c1,0.7548,0.4,-4.9,-4.6,-4.75,seed333
CC(C)CCNC(=O)C(C)Cn1ccnn1,0.7861,3.0,-4.7,-4.7,-4.7,seed333
CCCSc1ccc(Cl)cc1,0.6468,0.6,-4.5,-4.9,-4.7,seed333
CC(C)(C=O)CNC(=O)c1ccoc1,0.735,1.7,-4.7,-4.7,-4.7,seed333
CCc1ccc(F)cc1C,0.5593,-0.7,-4.8,-4.6,-4.7,seed333
COC[C@H](C[C@@H](O)C1CC1)NC(=O)SCF,0.7202,3.8,-4.4,-4.9,-4.65,seed333
Cc1ccnn1C(C)[C@@H]1C(OCC#N)CC[NH+]1C,0.8137,2.5,-4.5,-4.8,-4.65,seed333
N#Cc1ccc(OC2CC2)cc1,0.6616,0.6,-4.7,-4.6,-4.65,seed333
CC=Cc1ccc(OC)cc1,0.6262,-0.2,-4.6,-4.7,-4.65,seed333
CC(NC(=O)[C@H]1CCCO1)c1cc[nH]n1,0.7721,2.0,-4.6,-4.6,-4.6,seed333
NC(=O)Nc1ccc(Cl)cc1,0.664,0.2,-4.3,-4.9,-4.6,seed333
CC(C)C(=O)NCc1ncccc1N,0.7502,1.2,-4.5,-4.7,-4.6,seed333
CCC(=O)NC1CCCCCC1,0.631,0.1,-4.6,-4.6,-4.6,seed333
COCC[NH2+]Cc1ccc(F)c(N)c1F,0.5487,2.5,-4.6,-4.6,-4.6,seed333
COCc1ccc(C[CH]O)cc1,0.738,1.1,-4.7,-4.4,-4.55,seed333
NCc1ccccc1Cl,0.6343,-0.4,-4.4,-4.7,-4.55,seed333
C(=Cc1ccco1)c1ccoc1,0.6744,0.6,-4.4,-4.7,-4.55,seed333
CS(=O)(=O)NCc1ccnc(N)c1,0.7036,1.8,-4.6,-4.5,-4.55,seed333
CNC(=O)c1cccc(Cl)c1,0.6814,-0.1,-4.5,-4.6,-4.55,seed333
COc1ccc([C@H](O)COC=O)cc1,0.7108,2.2,-4.6,-4.5,-4.55,seed333
COc1ccc(C)cc1O,0.6397,-0.4,-4.3,-4.7,-4.5,seed333
COc1ccc(C)cc1,0.5532,-0.7,-4.3,-4.7,-4.5,seed333
CCc1nc(-c2c[nH]nc2CC)cs1,0.8403,1.7,-4.4,-4.5,-4.45,seed333
C[C@@H](O)c1ccccc1Cl,0.6622,-0.4,-4.7,-4.2,-4.45,seed333
Fc1ccccc1C[NH2+]I,0.602,0.4,-4.4,-4.5,-4.45,seed333
CN(C=O)c1cccc(CN)c1,0.6695,0.9,-4.4,-4.5,-4.45,seed333
CCc1ccc(C)nc1,0.5531,-0.7,-4.4,-4.5,-4.45,seed333
CCOc1ccc2c(c1)OCO2,0.6702,0.9,-4.3,-4.6,-4.45,seed333
Cc1nc(-c2cccnc2)cs1,0.6668,0.4,-4.4,-4.4,-4.4,seed333
COCc1ccc([S]=O)cc1,0.6834,0.9,-4.3,-4.5,-4.4,seed333
NCc1nc2ccccc2[nH]1,0.6324,0.4,-4.5,-4.3,-4.4,seed333
Cc1cccc(O)c1,0.5359,-1.2,-4.2,-4.6,-4.4,seed333
C[C@@H](O)c1ccccc1O,0.6161,-0.4,-4.6,-4.2,-4.4,seed333
CCCc1ccc(N)s1,0.6715,0.1,-4.5,-4.2,-4.35,seed333
C[C@@H](O)Nc1ccccc1,0.6043,0.1,-4.5,-4.2,-4.35,seed333
Cc1ccccc1F,0.4796,-1.2,-4.2,-4.5,-4.35,seed333
COc1ccc(C=O)cc1Br,0.707,0.4,-4.4,-4.2,-4.3,seed333
CCNc1cccc(C)n1,0.6704,0.1,-4.4,-4.2,-4.3,seed333
Cc1ccccc1Cl,0.5015,-1.2,-4.2,-4.4,-4.3,seed333
CCC(=O)NCc1ncccc1N,0.7169,1.2,-4.3,-4.3,-4.3,seed333
FCOc1ccc(Cl)cc1,0.6465,0.4,-4.3,-4.3,-4.3,seed333
O=C(C[CH]O)Nc1cccnc1Cl,0.7273,1.5,-4.3,-4.3,-4.3,seed333
CCOc1ccccc1F,0.6116,0.1,-4.3,-4.2,-4.25,seed333
CCOc1ccc(OC)cc1,0.6599,0.6,-4.0,-4.3,-4.15,seed333
Cc1ccccc1,0.4588,-1.5,-4.1,-4.2,-4.15,seed333
CCOCc1cccc(N)n1,0.7075,0.9,-3.9,-4.3,-4.1,seed333
Cc1nc(-c2ccc(C[NH2+]CCOCC#Cc3cccc(Cc4ccccc4F)c3)c(F)c2)no1,0.2938,5.0,-8.2,0.0,-4.1,seed333
COC(=O)Nc1cccnc1,0.6586,0.2,-4.1,-4.0,-4.05,seed333
c1ccc2c(c1)OCO2,0.5177,-0.4,-4.0,-4.1,-4.05,seed333
FCOc1ccccc1,0.5884,0.1,-4.0,-4.0,-4.0,seed333
COC[C@H](C)NC(=O)SC(F)F,0.7483,1.8,-3.9,-4.0,-3.95,seed333
Clc1ccccc1,0.4834,-1.2,-3.8,-4.0,-3.9,seed333
Cc1occc1C(N)=O,0.5998,-0.1,-4.1,-3.7,-3.9,seed333
CCn1nc(C)c(N)c1C,0.6328,-0.1,-3.7,-4.0,-3.85,seed333
COc1ccccc1,0.5316,-0.7,-3.8,-3.6,-3.7,seed333
CCCN1CCOCC1,0.5447,0.1,-3.7,-3.7,-3.7,seed333
Fc1ccccc1,0.4618,-1.2,-3.8,-3.5,-3.65,seed333
O=C(CNC(=O)c1cccc(Cl)c1)c1ccc(OCOc2cccc(OCC(F)F)c2)cc1,0.3115,5.0,-7.2,0.0,-3.6,seed333
CC1CC[NH+](Cc2c(Cl)cccc2NN2CCCCC2C(=O)NCc2cnccc2[C@@H]2CCO[C@@H]2C)CC1,0.473,5.0,-6.9,0.0,-3.45,seed333
COc1c(S(=O)(=O)N2CCCCCC2)ccc(ONc2cccnc2CN)c1N1c2ccccc2C[C@@H]1C,0.4013,5.0,-6.7,0.0,-3.35,seed333
C[C@@H]1CN(C(=O)c2ccccc2OC2(C(=O)NCC(F)(F)F)[C@H](c3ccccc3)CC(=O)N2C)C[C@@H](C)O1,0.6157,5.0,-6.4,0.0,-3.2,seed333
CCOc1ccc(OCc2c(CC)noc2C(C)[C@H]2C(N(C)CC(F)(F)F)C[NH2+][C@@H]2C)cc1,0.573,5.0,-4.9,0.0,-2.45,seed333
CON(C)C1[C@@H](C)O[C@H](C)CN1C(=O)c1ccccc1OC1(C(=O)NCC(F)(F)F)[C@H](c2ccccc2)CC(=O)N1C,0.4705,5.0,0.0,0.0,0.0,seed333
C[C@@H]1O[C@@H](C)C(N(C)C)C(COCc2ccccc2)(c2[nH]cc[nH+]2)C1CN1C[C@H](C)O[C@@H](C)C1,0.6415,5.0,-8.0,-8.4,-8.2,seed999
Cc1cccc(OCC(C)C(=O)N2CCC(C=O)(Cc3cccc(F)c3F)C[C@H]2C)c1,0.5982,4.8,-8.1,-7.5,-7.8,seed999
CC(C)c1cc2c(CC(=O)Nc3c(F)cccc3C[C@@H]3CCCO3)coc2cc1N1C[C@H](C)O[C@@H](C)C1,0.411,5.0,-8.0,-7.5,-7.75,seed999
C[C@@H](O)C1C[NH2+]CCC1C1CN(c2cc(S(=O)(=O)c3noc(CCc4ccco4)n3)ccc2Cl)CCO1,0.4286,5.0,-7.8,-7.7,-7.75,seed999
CC(C)=C(NC[C@H]1CC(N2CC[NH+](C)C(N3CCOC[C@@H]3C3CC3)C2)CO1)c1ccc2cccnc2c1,0.5994,5.0,-8.0,-7.0,-7.5,seed999
CC(C)c1cc2c(CC(=O)Nc3c(F)cccc3C[C@@H]3CCCO3)coc2cc1N1C[CH]O[C@@H](C)C1,0.4384,5.0,-7.5,-7.5,-7.5,seed999
C[C@H]1CN(c2cc3occ(CC(=O)Nc4c(F)cccc4C[C@@H]4CCCO4)c3cc2C(C)(C)C)C[C@H](C)O1,0.4067,5.0,-7.8,-7.2,-7.5,seed999
C[C@@H]1CC(C2(C3C[C@H](C)O[C@@H](C)C3)OCCNC2[C@@H](C)Sc2ccccn2)C[C@@H](C)O1,0.6594,4.3,-7.4,-7.5,-7.45,seed999
Cc1ccc(NS(=O)(=O)N2CCCC(NCc3ccc(Cl)c([C@@H]4CCC[NH2+]C4)c3)C2)c(Cl)c1,0.5302,5.0,-7.9,-6.9,-7.4,seed999
Oc1ccc(Cl)cc1C1C[NH2+]CCN1C1(c2c[nH]c3c(CBr)cccc23)CCNC1,0.4246,4.6,-7.6,-7.1,-7.35,seed999
Oc1ccc(Cl)cc1C1C[NH2+]CCN1C1(c2c[nH]c3ccccc23)CCNC1,0.5481,3.8,-7.2,-7.4,-7.3,seed999
Clc1ccc(-c2ccnc3c(Nc4nc5ccccc5s4)cccc23)cc1Cc1nccs1,0.2694,5.0,-7.6,-7.0,-7.3,seed999
CCSCc1cc(-c2c([C@]3(C)CCCO3)ccc(NC(=O)c3ccccc3F)c2O)cc2c1OCO2,0.3562,5.0,-7.3,-7.2,-7.25,seed999
CO[C@H](c1ccccc1)c1ccccc1Nc1cc([C@@H]2CC=CCC2)ccc1Cl,0.4266,3.9,-7.5,-6.9,-7.2,seed999
CC(=O)N(C(=O)N(C)C1CCCCC1)N(C=O)c1ccc(F)cc1C(=O)N(c1ccccc1)[NH+]1CCC[C@@H](C)C1,0.4183,5.0,-7.4,-7.0,-7.2,seed999
CCSCc1cc(-c2cccc(NC(=O)c3ccccc3F)c2O)cc2c1OCO2,0.5155,5.0,-7.3,-7.0,-7.15,seed999
C[C@H]1CN(c2cc3occ(CC(=O)Nc4ccccc4F)c3cc2C(C)(C)C)C[C@H](C)O1,0.5707,3.8,-7.6,-6.7,-7.15,seed999
CC(C)Oc1cccc(C(C)N(C)C(=O)C=CC[NH+]2CCCC(Nc3ccccc3F)[C@@H]2C)c1,0.5415,5.0,-7.2,-7.1,-7.15,seed999
C[C@@H]1CCCCN1C(=O)C1CCc2cc(NCC(=O)N(C)Cc3ccccc3)ccc21,0.7639,4.5,-8.2,-6.1,-7.15,seed999
CC[C@@H]1CCC(C(=O)NCc2cc(CN3CCCC3=O)co2)CN1c1sc(N)nc1C,0.6787,5.0,-7.2,-7.0,-7.1,seed999
NC(Nc1ccc(F)c(F)c1F)c1ccc(Br)cc1N1CCCCCCC1,0.4712,3.6,-7.1,-7.1,-7.1,seed999
CC(C)S(=O)(=O)Cc1ccc(S(=O)(=O)N2CCCC(NCc3ccc(Cl)c([C@@H]4CCC[NH2+]C4)c3)C2)s1,0.4793,5.0,-7.0,-7.2,-7.1,seed999
Cc1cc(Cl)ccc1NC1CN(C)C[C@H](C[C@H]2COc3c(cccc3-c3ccnc(Cl)c3)O2)O1,0.4565,5.0,-7.4,-6.7,-7.05,seed999
CCCCNC1CCCC[NH+](C(O)c2cc3cc([C@@H]4CCCNC4)ccc3o2)C1,0.5399,5.0,-7.3,-6.8,-7.05,seed999
C[C@@H](N)CCC(=O)Nc1ccc(F)cc1C(=O)Nc1ccc(F)c(N2CC[NH+]3CCC[C@@H]3C2)c1,0.4971,5.0,-7.1,-7.0,-7.05,seed999
CCN[C@@H]1CC[C@@H]([NH+](C)CC(Cc2cc(-c3ccc(C)nc3)ccc2F)n2ccnc2)C1,0.5415,5.0,-7.8,-6.3,-7.05,seed999
C[C@@H]1O[C@@H](CCc2nccs2)C(CN2C[C@H](C)O[C@@H](C)C2)C(C)(c2[nH]cc[nH+]2)C1N(C)C,0.6852,5.0,-7.3,-6.7,-7.0,seed999
O=C1CCCN1c1c(Br)cccc1N1CCCC(Sc2ccc(Cl)cc2)CCC1,0.4693,3.8,-7.7,-6.3,-7.0,seed999
CC(=O)Nc1cccc(-c2c(Cl)c(-c3ccc(F)c(Br)c3)cc(O)c2C2C[NH2+]CCN2)c1,0.4114,5.0,-7.5,-6.5,-7.0,seed999
C#Cc1ccc(-c2nc(C(=O)NCCCC)co2)c([NH2+]C2CC2)c1-c1sccc1C,0.3251,5.0,-7.1,-6.9,-7.0,seed999
O=S(=O)(c1ccc(Cl)c(N2CCOC(C3CC[NH2+]CC3)C2)c1)c1noc(CCc2ccco2)n1,0.5167,5.0,-7.4,-6.5,-6.95,seed999
C[C@@H]1CCCN(C(c2ccccc2)N(C)C(=O)CNc2ccc3c(c2)CCC3C(=O)N2CCCC[C@H]2C)C1,0.5341,5.0,-7.1,-6.8,-6.95,seed999
Cc1cc(-c2cccnc2NC(=O)c2ccccc2C(NC(=O)CN)N2CCC[C@@H](C)C2)c(C)o1,0.4757,5.0,-7.9,-5.9,-6.9,seed999
CCNC(=O)C1(c2ccccc2C#N)C(NC(=O)c2ccc(C)cc2)OCC[NH+]1Nc1ccc(C#N)cc1,0.384,5.0,-7.3,-6.5,-6.9,seed999
Cc1cccc(NC(=O)Cc2ccccc2Nc2ccc(F)cc2F)c1,0.6627,3.5,-6.7,-7.0,-6.85,seed999
Cc1ccc(COc2ccc([C@@H]3CCOC4(CCC4)C3)cc2F)o1,0.7793,3.2,-6.8,-6.9,-6.85,seed999
Cc1ccccc1CNc1cccc(-c2cnccn2)c1C(=O)N(CC1CC1)CN1CC[NH+](C)CC1,0.488,5.0,-7.0,-6.7,-6.85,seed999
CSC1(N)CC(NC(=O)c2ccoc2C)[C@@](C)(c2cnc(Cc3c(F)cccc3F)s2)O1,0.5119,5.0,-7.4,-6.3,-6.85,seed999
Cc1ccc(C(=O)NC2OCC[NH+]C2(C(=O)NC(C)c2cn(C)nc2C)c2ccccc2C#N)cc1,0.4816,5.0,-7.1,-6.6,-6.85,seed999
Cc1ccc(NC(=O)Cc2cscc2CCC#CCONC(=O)c2cccc(C)c2)nc1,0.3075,5.0,-6.9,-6.8,-6.85,seed999
N#Cc1ccc(-c2ccc(O[C@@H](C(=O)N3CCCC3)c3ccccc3)cc2)cc1,0.6261,3.7,-7.2,-6.4,-6.8,seed999
Cc1cccc(Nc2cc(Cl)cc(Nc3cc(F)ccc3F)c2)c1,0.5708,3.0,-7.4,-6.2,-6.8,seed999
CCN[C@@H]1CC[C@@H]([NH+](C)CC(Cc2ccccc2F)n2ccnc2)C1,0.7657,5.0,-6.9,-6.7,-6.8,seed999
CN(CC(=O)Oc1nc2c(COc3ccccc3F)cccc2s1)c1ccccc1,0.39,5.0,-6.9,-6.7,-6.8,seed999
O=CN(CN1CCC(C(=O)N2CCOCC2)C1=O)c1cccc(Cl)c1-c1n[nH]c2ccccc12,0.4306,5.0,-7.2,-6.4,-6.8,seed999
C[C@H]1CN(c2cc3occc3cc2C(C)(C)c2ccc(N[C@H]3CCS(=O)(=O)C3)cc2)C[CH]O1,0.5842,5.0,-7.1,-6.5,-6.8,seed999
CCc1noc(CC)c1-c1c(N)cc(-c2ccnc(C)c2)cc1[N+](=O)[O-],0.4158,4.1,-6.6,-7.0,-6.8,seed999
OC(c1cc2cc([C@@H]3CCCNC3)ccc2o1)[NH+]1CCCCCC1,0.8101,2.7,-6.8,-6.7,-6.75,seed999
CC(C)(c1ccc(N[C@H]2CCS(=O)(=O)C2)cc1)c1cc2ccoc2cc1N1C[CH]O[CH]C1,0.6138,5.0,-7.1,-6.4,-6.75,seed999
Clc1ccc([C@@H]2CC=CCC2)cc1Nc1cccc(Br)c1,0.6011,1.9,-6.8,-6.7,-6.75,seed999
C[NH+]1CCC[C@H]1C1C(C=O)C1[C@@H]1CNC(c2ncccc2OC2CCCC2)CO1,0.7022,5.0,-7.2,-6.3,-6.75,seed999
O=[N+]([O-])c1ccc(-c2ccccc2Nc2cc([C@@H]3CC=CCC3)ccc2Cl)o1,0.285,4.3,-7.3,-6.2,-6.75,seed999
CC(=O)N(NCCc1ccccn1)N(C=O)c1ccc(F)cc1C(=O)Nc1ccc(F)cc1,0.3837,5.0,-7.0,-6.4,-6.7,seed999
COC(=O)c1ccc(C(O)N[C@H](C)C(C)C)c([NH+]2CCCC(c3ccccc3)C2)c1,0.4837,4.5,-7.0,-6.4,-6.7,seed999
COC(=O)c1ccc(C(O)N[C@H](C)C(C)C)c([NH+]2CCCC(c3ccccc3O)C2)c1,0.4035,4.8,-6.9,-6.5,-6.7,seed999
Cc1ccncc1NNC(=O)C(Nc1ccc2c(c1)CCC2)N1CCOC1=O,0.6643,5.0,-6.8,-6.6,-6.7,seed999
CC(C)(C)c1ccc2occ(CC(=O)Nc3ccccc3F)c2c1,0.7319,2.2,-7.3,-6.0,-6.65,seed999
Cc1nc(N)sc1N1[CH]CCC(C(=O)NCc2cc(CN3CCCC3=O)co2)C1,0.7495,5.0,-6.8,-6.5,-6.65,seed999
C#Cc1ccc(-c2nc(C(=O)NCCCC)co2)cc1-c1sccc1C,0.5004,4.0,-7.0,-6.3,-6.65,seed999
CO[C@@H]1C(N2CCC(O)(C(Nc3nc(C)cs3)N(C)c3ccccc3)CC2)CO[C@@H]1C,0.6339,5.0,-7.2,-6.1,-6.65,seed999
CC(C)c1noc(CCc2cccc([C@H](CN3CCCC3=O)N3CCOCC3)c2[N+](=O)[O-])n1,0.417,5.0,-7.2,-6.1,-6.65,seed999
Cc1ccncc1NNC(=O)CNc1ccc2c(c1)CCC2,0.7415,3.5,-6.5,-6.7,-6.6,seed999
CN1CCO[C@@H](C[C@H]2COc3c(cccc3-c3ccnc(Cl)c3)O2)C1,0.7859,3.3,-7.2,-6.0,-6.6,seed999
CC(C)=C(NC[C@H]1CC(N2CC[NH+](C)CC2)CO1)c1ccc2cccnc2c1,0.825,4.0,-7.2,-6.0,-6.6,seed999
Clc1ccc([C@@H]2CC=CCC2)cc1Nc1ccccc1,0.6908,1.6,-6.6,-6.6,-6.6,seed999
C[C@H]1C[CH]CC(Nc2cncc(-c3nncn3C)c2-c2scnc2C2CC2)C1,0.6814,5.0,-6.0,-7.2,-6.6,seed999
CC(C)=Cc1ccc2nnc(-c3nnc(S)n3Cc3cc(C)sc3C)n2c1,0.5186,4.4,-6.7,-6.5,-6.6,seed999
C[C@H]1CN(c2cc3occc3cc2C(C)(C)c2cccc(OCCNC(N)=O)c2)C[CH]O1,0.5422,5.0,-6.9,-6.3,-6.6,seed999
O=C([O-])CCCc1ccc(O)cc1OC(C(=O)[O-])C(=O)Nc1ccc(Cl)cn1,0.5358,5.0,-6.5,-6.7,-6.6,seed999
CC[C@@H]1CCCCN1c1sc(Nc2ccc(-c3sc(N)nc3C)cc2C)nc1C,0.5009,4.6,-6.2,-7.0,-6.6,seed999
C[C@@H]1CCCCN1C1CN(c2cscc2C#N)C(N(C)CCc2ccc(S(=O)(=O)N3CCCCC3)s2)C[NH+]1C,0.5091,5.0,-6.8,-6.4,-6.6,seed999
Cc1ccc(C(=O)NC2OCC[NH+]C2c2ccccc2C#N)cc1,0.8867,2.5,-6.4,-6.7,-6.55,seed999
C[C@H](C(=O)[O-])C(N)c1ccccc1N(Cn1cccn1)[C@@H](C)c1ccc(-c2cnccn2)cc1,0.4127,5.0,-6.9,-6.2,-6.55,seed999
Cc1n[nH]c(CC(=O)c2ccc(Cl)cc2)c1Cc1cccc([C@H](C)C(=O)[O-])c1,0.622,4.8,-7.0,-6.1,-6.55,seed999
Cc1cc(C)n(Cc2cc(F)c(S(=O)(=O)C(C)C)cc2OCc2c[nH]c3ccccc23)n1,0.4287,5.0,-6.6,-6.5,-6.55,seed999
Cc1n[nH]c(CC(=O)c2ccc(Cl)cc2)c1Cc1ccccc1,0.7075,3.2,-6.9,-6.1,-6.5,seed999
CC(=O)NN(C=O)c1ccc(F)cc1C(=O)Nc1ccc(F)cc1,0.6505,3.9,-6.1,-6.9,-6.5,seed999
O=C1OCCN1C(N[C@@H](Cc1cncs1)c1ccc(-c2cnccn2)cc1)n1cccn1,0.4426,5.0,-6.8,-6.2,-6.5,seed999
O=S(=O)(c1ccc(Cl)c(N2CCOCC2)c1)c1noc(CCc2ccco2)n1,0.5964,5.0,-6.5,-6.4,-6.45,seed999
Oc1cc(-c2ccc(F)c(Br)c2)c(Cl)cc1C1C[NH2+]CCN1,0.7432,2.3,-6.5,-6.4,-6.45,seed999
Cc1ncc([C@]2(C)CCC(NC3(O)CCCCC3)(SCC(F)(F)F)O2)s1,0.6912,4.7,-6.5,-6.4,-6.45,seed999
COCCOc1coc(C)c1C(=O)NC1CC(N)(SC)O[C@]1(C)c1cnc(C)s1,0.4755,5.0,-6.5,-6.4,-6.45,seed999
OC1(C[C@H]2CN(CCc3cc4ccccc4[nH]3)C[CH]O2)CCCC1,0.886,3.7,-6.6,-6.3,-6.45,seed999
C#CCN1CCN(C2CS(=O)(=O)C[C@@H]2Nc2cccnc2NC(=Cc2cn(C)nc2C)c2nncn2C)CC1,0.387,5.0,-7.1,-5.8,-6.45,seed999
CC(C)S(=O)(=O)c1cc(OCc2c[nH]c3ccccc23)ccc1F,0.7568,3.8,-6.3,-6.5,-6.4,seed999
CCc1ccc(C=C(C)C(C)(SCC(=O)[O-])c2cnc([C@@H]3CCCO3)s2)s1,0.6301,5.0,-6.3,-6.5,-6.4,seed999
CC(=O)NN(C=O)c1ccc(F)cc1C(=O)N(c1ccc(F)cc1)[NH+]1CCC[C@@H](C)C1,0.5417,5.0,-7.1,-5.7,-6.4,seed999
CCN(c1c(COCC(F)(F)F)cc(N2CCOCC2)c(C)c1C)N1CCC2(CC1)OCCO2,0.5799,5.0,-6.8,-6.0,-6.4,seed999
C[C@H](Nc1ccccc1CN)c1ccc(-c2cnccn2)cc1,0.7528,3.2,-6.4,-6.3,-6.35,seed999
CC(C)OC(=O)c1cc(CNC(=O)c2cccnc2)cc(C(=O)NC(N)=O)c1,0.6428,4.7,-6.9,-5.8,-6.35,seed999
COC(=O)c1ccc(CO)c([NH+]2CCCC(c3ccccc3O)C2)c1,0.7408,3.0,-6.4,-6.3,-6.35,seed999
CC(C)S(=O)(=O)Cc1ccc(S(=O)(=O)N2CCCC(NCc3ccc(Cl)cc3)C2)s1,0.61,5.0,-6.4,-6.3,-6.35,seed999
C#CCOc1c(Cn2cnc3ccccc32)cc(C#N)cc1-c1ccc2c(c1)OCO2,0.4598,4.8,-6.9,-5.8,-6.35,seed999
Cc1cscc1CCSCc1ccccc1NCc1ccccn1,0.5377,4.7,-6.4,-6.3,-6.35,seed999
CO[C@@H]1C(N2CCC(O)(C(Nc3nc(C)cs3)C(=O)NCc3ccco3)CC2)CO[C@@H]1C,0.5425,5.0,-6.6,-6.1,-6.35,seed999
CCN(c1ccc(N2CCOCC2)c(CNC2CC2)c1)N1CCC2(OCCO2)C([N+](=O)[O-])C1,0.4578,5.0,-6.8,-5.9,-6.35,seed999
CCC(=O)N1CCC(Cc2cccc(F)c2F)(C(=O)N(C)C)C[C@H]1C,0.8358,2.8,-6.4,-6.2,-6.3,seed999
CCN(c1cc(CNC2CC2)c(N2CCOCC2)cc1COCC(F)(F)F)N1CCC2(CC1)OCCO2,0.496,5.0,-6.7,-5.9,-6.3,seed999
Cc1cccc(NC(=O)C(COc2ccccc2Cl)c2ccccc2)c1,0.6304,3.7,-6.6,-6.0,-6.3,seed999
CC(=O)NN(C=O)c1ccc(F)cc1C(=O)N(c1ccccc1)[NH+]1CCC[C@@H](C)C1,0.5595,4.9,-6.6,-6.0,-6.3,seed999
COc1ccc(-c2c(-c3cc(O)c(C4C[NH2+]CCN4)cc3Cl)ccc(F)c2Br)cc1OC,0.4614,5.0,-6.5,-6.1,-6.3,seed999
O=S(=O)(c1ccc(Cl)c(N2CCOCC2C(Cl)(Cl)Cl)c1)c1noc(CCc2ccco2)n1,0.421,5.0,-6.8,-5.8,-6.3,seed999
CC(C(=O)Nc1cccc(Cl)c1Cc1nc2ccc([C@@H]3CCO[C@H]3C)cc2[nH]1)N(C)C[SH](=O)=O,0.4053,5.0,-6.6,-6.0,-6.3,seed999
C[C@@H]1CC(Nc2cncc(-c3nncn3C)c2)C[C@@H](C)C1,0.9411,2.5,-6.4,-6.1,-6.25,seed999
C[C@H]1C[CH]CC(Nc2cncc(-c3nncn3C)c2)C1,0.9313,2.5,-6.1,-6.4,-6.25,seed999
Cc1n[nH]c(CI)c1-c1c(NCC=O)cc2c(c1NC(=O)c1cccnc1)CCC2,0.2505,5.0,-6.5,-6.0,-6.25,seed999
CC(C)c1noc(CCc2cccc([C@H](C)N3CCOCC3)c2[N+](=O)[O-])n1,0.542,5.0,-6.3,-6.1,-6.2,seed999
CCOc1ccc(C(C)Nc2nc(C)cs2)cc1Cc1cccc(F)c1F,0.5477,4.8,-6.6,-5.8,-6.2,seed999
CCS(=O)(=O)c1cc(NC(=O)Nc2cccnc2)c(O[C@@H](C)C(=O)NC)cc1-c1cc(F)cc(Br)c1,0.3583,5.0,-7.1,-5.3,-6.2,seed999
CS(=O)(=O)N1CCC[C@@H](c2ccc3oc(CO)cc3c2)C1,0.9419,2.8,-5.9,-6.4,-6.15,seed999
Cc1cc(-c2cc(NC3CCCC3)cc([N+](=O)[O-])c2)ccn1,0.6738,3.0,-6.4,-5.9,-6.15,seed999
Cc1n[nH]c(C)c1-c1cc2c(cc1NC(C=O)N1CCOC1=O)CCC2,0.806,4.6,-6.3,-6.0,-6.15,seed999
CCCc1ccc(O)cc1OC(C(=O)[O-])C(=O)Nc1ccc(Cl)cn1,0.7214,4.9,-5.7,-6.6,-6.15,seed999
CO[C@H]1OC(c2ccc(C)nc2)C[NH2+]C1NC(=O)c1ccccc1Br,0.806,3.6,-6.1,-6.2,-6.15,seed999
CCN(c1ccc(N2CCOCC2)c(CNC2CC2)c1)N1CCC2(CC1)OCCO2,0.7322,5.0,-6.7,-5.6,-6.15,seed999
Cc1ccc(-c2cc(-c3nc(C(C)(C)C)cs3)ncc2C=O)s1,0.6024,2.5,-6.6,-5.7,-6.15,seed999
CCC(=O)N1CCC(C=O)(Cc2cccc(F)c2F)C[C@H]1C,0.8015,2.5,-6.3,-6.0,-6.15,seed999
O=C(Nc1cc(CS(=O)(=O)CCOC2CCOCC2)cnc1Cl)C1C[CH]OC1,0.6273,5.0,-6.3,-6.0,-6.15,seed999
CN(CCc1ccc(S(=O)(=O)N2CCCCC2)s1)C1C[NH+](C)CCN1c1cscc1C#N,0.6344,5.0,-6.4,-5.9,-6.15,seed999
Cc1n[nH]c(CI)c1-c1cc2c(cc1NC(C=O)N1CCOC1=O)CCC2,0.377,5.0,-6.4,-5.9,-6.15,seed999
Cc1cccc(NC(=O)Cc2ccccc2)c1,0.8536,1.1,-6.3,-5.9,-6.1,seed999
CCC(=O)N1CCC(Cc2cccc(F)c2F)C[C@H]1C,0.8295,1.7,-6.4,-5.8,-6.1,seed999
Cc1cc(Cn2c(S)nnc2-c2nnc3ccccn23)c(C)s1,0.5815,3.9,-6.3,-5.9,-6.1,seed999
CCOc1cccc(C(Br)c2cc(CC)ccc2N[C@H]2CCS(=O)(=O)C2)c1,0.6175,4.8,-5.9,-6.3,-6.1,seed999
CC(C(=O)Nc1ccccc1Cc1nc2ccccc2[nH]1)N(C)C[SH](=O)=O,0.5399,5.0,-6.0,-6.2,-6.1,seed999
Cc1nn(C)c(C)c1C=C(Nc1ncccc1N[C@@H]1CCS(=O)(=O)C1)c1nncn1C,0.5927,5.0,-6.4,-5.8,-6.1,seed999
CCc1nc(C(=O)c2cccc(NC[C@H]3CCCO3)c2F)c(-c2cccc(OC)c2)s1,0.4791,5.0,-6.1,-6.1,-6.1,seed999
Clc1ccc(-c2ccnc3ccccc23)cc1Cc1nccs1,0.4862,2.7,-6.7,-5.5,-6.1,seed999
CC[C@@H](C)NC(=O)c1ncc(C(F)(Cc2cccs2)[C@H](O)Cc2cnn(C)c2)s1,0.5382,5.0,-6.3,-5.9,-6.1,seed999
O=CC1CC1[C@@H]1CN(CCC[NH+]2CCCCCC2)C(c2ccccn2)CO1,0.7373,5.0,-6.3,-5.9,-6.1,seed999
CC[NH+](CC)C(C)[C@@H]([NH3+])c1cc(F)c(COc2cccc(OC)c2)cc1OC,0.6504,5.0,-6.2,-5.9,-6.05,seed999
O=S(=O)(c1ccc(Cl)cc1)c1noc(CCc2ccco2)n1,0.7105,4.4,-6.0,-6.1,-6.05,seed999
Cc1cc(Cl)c(N[SH](=O)=O)c(-c2cc(Cl)ccc2O)c1,0.7524,2.6,-6.5,-5.6,-6.05,seed999
CO[C@@H]1C(N2CCC(O)(CN(C)c3ccccc3)CC2)CO[C@@H]1C,0.8888,3.5,-6.3,-5.8,-6.05,seed999
C[C@@H]1CCCCN1C(=O)C1CCc2cc(NCC=O)cc(NC(=O)c3cccnc3)c21,0.6994,5.0,-6.6,-5.5,-6.05,seed999
C[C@H](C(=O)[O-])c1cccc(Cc2cn[nH]c2CC(=O)c2ccc(Cl)cc2)c1,0.6374,4.8,-7.3,-4.8,-6.05,seed999
Cc1cc(Cn2c(S)nnc2-c2nnc3ccccn23)c(C[NH2+]C(C)C)s1,0.4864,5.0,-6.5,-5.6,-6.05,seed999
CCN(Cc1ccccn1)c1ccc(Cc2csc(CS)n2)nc1CN[NH+](C)C,0.3405,5.0,-6.0,-6.1,-6.05,seed999
CC(C)OC(=O)c1cccc(CNC(=O)c2cccnc2)c1,0.8614,3.0,-6.1,-5.9,-6.0,seed999
CC(C)=C(NC[C@H]1CCCO1)c1ccc2cccnc2c1,0.9269,2.4,-6.3,-5.7,-6.0,seed999
CCNC(=O)C1(c2ccccc2C#N)[NH+]CCOC1NC(=O)c1ccc(C)cc1,0.6818,4.1,-6.3,-5.7,-6.0,seed999
CC(SCC(=O)[O-])c1cnc([C@@H]2CC(c3nc4ccccc4[nH]3)CO2)s1,0.6982,5.0,-6.2,-5.8,-6.0,seed999
C[C@@H](c1ccc(-c2cnccn2)cc1)N(Cn1cccn1)c1ccccc1CN,0.5209,5.0,-6.2,-5.8,-6.0,seed999
CCN(c1cc(C)c(N2CCOCC2)cc1COCC(F)(F)F)N1CCC2(CC1)OCCO2,0.6009,5.0,-6.4,-5.6,-6.0,seed999
O=[SH](=O)N1CCCC(NCc2ccc(Cl)c([C@@H]3CCC[NH2+]C3)c2)C1,0.6716,4.1,-6.1,-5.9,-6.0,seed999
CCC(=O)OCC(NC[C@H]1CCCO1)(Nc1cccc2[nH]ccc12)C1CCN(C(C)=O)CC1,0.396,5.0,-6.2,-5.8,-6.0,seed999
C[NH+](C)NCc1ccc(-c2ccccc2[N+](=O)[O-])c(Cc2csc(CSC(F)F)n2)n1,0.3523,5.0,-6.3,-5.7,-6.0,seed999
Cc1ccc(-c2cc(-c3nc(C(C)(C)C)cs3)nc(-c3cncs3)c2C=O)s1,0.3514,4.1,-6.5,-5.5,-6.0,seed999
CC[C@@H]1CCC(C(=O)NCc2ccco2)CN1c1sc(N)nc1C,0.8677,4.1,-5.9,-6.0,-5.95,seed999
CCc1nc2cc(CN(Nc3cnccc3C)C(C)=O)ccc2n1C,0.7263,3.8,-6.2,-5.7,-5.95,seed999
CO[C@@H]1C(N2CCC(O)(CNc3nc(C)cs3)CC2)CO[C@@H]1C,0.8459,4.1,-6.0,-5.9,-5.95,seed999
C[C@H]1CC(C2OCCNC2[C@@H](C)Sc2ccccn2)C[C@H](C)O1,0.8559,3.0,-5.9,-6.0,-5.95,seed999
CCS(=O)(=O)c1cc(NC(=O)Nc2cccnc2)c(O)cc1-c1cc(F)cc(Br)c1,0.4422,5.0,-6.5,-5.4,-5.95,seed999
CC[C@@H](C)NC(=O)c1ncc(C(C)(F)[C@@H](Cc2cnn(C)c2)OC(=O)OC(C)C)s1,0.5967,5.0,-6.5,-5.4,-5.95,seed999
CC(C(=O)Nc1cccc(Cl)c1Cc1nc2ccccc2[nH]1)N(C)C[SH](=O)=O,0.5106,5.0,-6.2,-5.7,-5.95,seed999
CCc1ccc(C=C(C)C(C)c2cnc([C@@H]3CCCO3)s2)s1,0.687,3.2,-6.0,-5.9,-5.95,seed999
C[C@H]1CC(COCc2ccccc2)(c2[nH]cc[nH+]2)C(N(C)C)[C@H](CCc2ncnn2C)O1,0.5525,5.0,-6.2,-5.7,-5.95,seed999
C[C@H](OCN1CCC2(CC1)OCCO2)C1C[NH2+]CCN1OCC1CC1,0.6805,5.0,-5.7,-6.2,-5.95,seed999
CC[C@@H](C)NC(=O)c1ncc(C(C)(F)[C@H](O)Cc2cnn(C)c2)s1,0.7987,4.9,-5.8,-6.1,-5.95,seed999
Cc1ccc(NC(=O)Cc2cscc2Cc2cn[nH]c2)nc1,0.7607,3.8,-6.2,-5.6,-5.9,seed999
COc1ccc(N2CCOCC2[C@@H](C)Sc2ccccn2)cc1O,0.8394,3.8,-6.2,-5.6,-5.9,seed999
C[C@@H]1CCN(c2cc3c(cc2NC2CC2)COC3)C[C@H]1O,0.8968,2.7,-6.0,-5.8,-5.9,seed999
C[C@@H]1CCCCN1C(=O)C1CCc2cc(NCC=O)ccc21,0.8699,2.7,-6.0,-5.8,-5.9,seed999
Fc1ccc(OCc2c[nH]c3ccccc23)cc1,0.739,1.9,-5.5,-6.3,-5.9,seed999
CCC[C@H]1COc2c(cccc2-c2ccnc(Cl)c2)O1,0.7877,2.2,-6.0,-5.8,-5.9,seed999
CCN(c1ccc(N2CCOCC2)c(C)c1C)N1CCC2(CC1)OCCO2,0.8056,3.8,-6.0,-5.8,-5.9,seed999
CCN(C)C(=O)C=CC[NH+]1CCCC(Nc2ccccc2F)[C@@H]1C,0.7773,3.5,-6.0,-5.8,-5.9,seed999
CCS(=O)(=O)c1cc(NC(=O)Nc2cccnc2)c(O)c(CN2CCCC2=O)c1-c1cc(F)cc(Br)c1,0.3351,5.0,-6.2,-5.6,-5.9,seed999
O=CNc1ccc(F)cc1C(=O)Nc1ccc(F)cc1,0.8435,2.8,-5.3,-6.4,-5.85,seed999
C#Cc1ccc(-c2nc(C(=O)NCCC(C)C)co2)cc1,0.8573,2.7,-5.9,-5.8,-5.85,seed999
C[C@H]1CN(CCc2cc3ccccc3[nH]2)C[C@H](C)O1,0.9167,1.9,-5.4,-6.3,-5.85,seed999
O=CC(Nc1ccc2c(c1)CCC2)N1CCOC1=O,0.8347,3.0,-6.0,-5.7,-5.85,seed999
C[C@@H]1CC(C(Oc2ccsc2)[C@@H]2CCCO2)C[C@H](C)O1,0.8437,2.7,-5.9,-5.8,-5.85,seed999
CC(C)N(C)c1cc(F)c(Br)cc1-c1cc(O)c(C2C[NH2+]CCN2)cc1Cl,0.6566,3.6,-6.1,-5.6,-5.85,seed999
CCC[NH+](C)NCc1cccc(Cc2csc(CSC(F)F)n2)n1,0.6283,5.0,-5.6,-6.1,-5.85,seed999
COc1ccc(Cc2sccc2Cn2cnnc2Sc2ccccc2F)cn1,0.4414,5.0,-6.3,-5.4,-5.85,seed999
CC[NH+](CCSc1ccncc1)C(C)[C@@H]([NH3+])c1cc(F)c(CO)cc1OC,0.5267,5.0,-6.0,-5.7,-5.85,seed999
CC[NH+](CC)C(CNCc1ccc(Cl)cc1)[C@@H]([NH3+])c1cc(F)c(CO)cc1OC,0.4388,5.0,-5.9,-5.8,-5.85,seed999
CCN(c1cc(CNC2CC2)c(N2CCOCC2)cc1COCC(F)F)N1CCC2(CC1)OCCO2,0.4875,5.0,-6.5,-5.2,-5.85,seed999
C[C@@H](N)CCC(=O)Nc1ccc(F)cc1C(=O)Nc1ccc(F)cc1,0.7496,4.1,-5.9,-5.7,-5.8,seed999
C[C@@H]1CCCN(C(c2ccccc2C(=O)Nc2ccccn2)N(C)C(=O)CN)C1,0.784,4.6,-5.9,-5.7,-5.8,seed999
Cc1sccc1Cn1cnnc1Sc1ccccc1F,0.7301,3.3,-5.7,-5.9,-5.8,seed999
Cc1cc(NCOc2ccc(CCCC(=O)[O-])c(OCC(=O)[O-])c2)n(C)n1,0.5146,5.0,-5.9,-5.7,-5.8,seed999
CC(C)c1ccc(N[C@H]2CCS(=O)(=O)C2)cc1,0.8995,1.7,-5.6,-6.0,-5.8,seed999
C[C@H](Nc1ccccc1CN)c1ccccc1,0.8389,1.6,-6.3,-5.3,-5.8,seed999
OCc1cc2cc([C@@H]3CCCNC3)ccc2o1,0.8338,1.4,-5.8,-5.8,-5.8,seed999
Cc1ncsc1C(F)(Cc1cccs1)[C@H](O)Cc1cnn(C)c1,0.7416,4.6,-6.0,-5.6,-5.8,seed999
NC(Nc1ccc(F)c(F)c1F)c1ccc(Br)cc1,0.6605,2.3,-5.5,-6.1,-5.8,seed999
Cc1ncc([C@]2(C)CCC(N)(SCC(F)(F)F)O2)s1,0.8693,2.9,-5.8,-5.8,-5.8,seed999
COCCCNC(=O)C1(c2ccccc2C#N)[NH+]CCOC1NC(=O)c1ccc(C)cc1,0.5167,5.0,-6.3,-5.3,-5.8,seed999
O=C(Nc1ccoc1C=CCF)c1ccccc1F,0.9143,2.5,-5.9,-5.6,-5.75,seed999
Cc1csc(Nc2ccc(-c3sc(N)nc3C)cc2C)n1,0.7455,2.8,-6.1,-5.4,-5.75,seed999
C#Cc1ccc(-c2nc(C(=O)NCCC(C)C[C@@H](C)OCC)co2)cc1,0.6939,5.0,-5.8,-5.7,-5.75,seed999
CSC1(N)CC(NC(=O)c2ccoc2C)[C@@](C)(c2cnc(C)s2)O1,0.8077,3.9,-5.5,-6.0,-5.75,seed999
CCc1nc(C(=O)c2ccccc2F)c(-c2cccc(OC)c2)s1,0.6287,3.5,-6.1,-5.4,-5.75,seed999
Cc1cc(-c2cccc([N+](=O)[O-])c2)ccn1,0.57,1.2,-5.6,-5.9,-5.75,seed999
Clc1ccc(SC2CCCN(c3cccc(Br)c3)CCC2)cc1,0.5574,2.2,-6.0,-5.5,-5.75,seed999
C#Cc1c([C@@H]2CCCC[NH+]2C)cnc2ccccc12,0.7669,0.6,-6.2,-5.3,-5.75,seed999
CC(C)=CC1CCC(c2ccc(F)cc2F)OC1,0.7088,0.9,-5.8,-5.7,-5.75,seed999
CS(=O)(=O)NCCCc1ccc(O)cc1OC(C(=O)[O-])C(=O)Nc1ccc(Cl)cn1,0.3341,5.0,-5.8,-5.7,-5.75,seed999
O=CC1CC1[C@@H]1CN(CCC[NH+]2CCCCCC2)CCO1,0.7191,3.7,-6.0,-5.5,-5.75,seed999
COc1ccc(Cc2sccc2Cn2cnnc2Sc2ccc(-c3ccoc3)cc2F)cn1,0.2753,5.0,-6.2,-5.3,-5.75,seed999
CCSCc1cc(-c2ccccc2O)cc2c1OCO2,0.9212,2.7,-5.9,-5.5,-5.7,seed999
O=C(NCc1ccccc1)c1n[nH]c(=O)[nH]1,0.6783,2.3,-5.7,-5.7,-5.7,seed999
CCN(c1cc(F)cc(F)c1)c1cccc(C)c1C,0.771,1.4,-5.9,-5.5,-5.7,seed999
C[C@@H]1O[C@@H](C)CC(COCc2ccccc2)(c2[nH]cc[nH+]2)C1N(C)C,0.8755,4.0,-5.9,-5.5,-5.7,seed999
CO[C@@H]1C(N2CCC(O)(C(C=O)Nc3nc(C)cs3)CC2)C(N[C@@H](C)c2ccccc2)O[C@@H]1C,0.464,5.0,-6.2,-5.2,-5.7,seed999
C[C@H]1CN(CCc2cc3ccccc3[nH]2)C[CH]O1,0.8972,1.9,-5.3,-6.1,-5.7,seed999
CC1CC[NH+](CC(c2ccsc2)c2cc(OCC(=O)[O-])cs2)CC1C(=O)NC1CCCC1,0.5769,5.0,-6.1,-5.3,-5.7,seed999
C=C(Nc1ncccc1N[C@@H]1CCS(=O)(=O)C1)c1nncn1C,0.837,4.7,-5.6,-5.7,-5.65,seed999
C#Cc1ccc(-c2nc(C(=O)NCCCC)co2)cc1,0.6698,2.7,-5.7,-5.6,-5.65,seed999
CCS(=O)(=O)c1cc(N)c(O)cc1-c1cc(F)cc(Br)c1,0.638,2.6,-5.9,-5.4,-5.65,seed999
C[C@@H]1O[C@@H](C)CC(COCc2ccccc2)C1N(C)C,0.8257,2.4,-5.4,-5.9,-5.65,seed999
CC(C)=Cc1ccc2cccnc2c1,0.6571,-0.2,-5.8,-5.5,-5.65,seed999
CCc1ccc(N[C@H]2CCS(=O)(=O)C2)cc1,0.8753,1.7,-5.5,-5.7,-5.6,seed999
CN(CC(=O)Oc1nc2ccccc2s1)c1ccccc1,0.6929,3.0,-5.6,-5.6,-5.6,seed999
O=CN(CN1CCCC1=O)c1cccc(Cl)c1-c1n[nH]c2ccccc12,0.7013,4.6,-5.5,-5.7,-5.6,seed999
CC(OCC(=O)[O-])c1cc(SCF)ncc1-c1ccc(Cl)cc1F,0.697,4.9,-5.7,-5.5,-5.6,seed999
Oc1ccc(Cl)cc1C1C[NH2+]CCN1C1CCNC1,0.7327,2.0,-5.6,-5.6,-5.6,seed999
CC[NH+](CC)C([CH]c1cc(F)c(CO)cc1OC)CNCc1ccc(Cl)cc1,0.5353,5.0,-5.6,-5.6,-5.6,seed999
CCCCNC(C)(NC(=O)CC)NC(=O)[C@H]1CCC(c2nc(C)cs2)O1,0.4504,5.0,-5.6,-5.6,-5.6,seed999
C[C@@H]1CCCN(C(NC(=O)CN)c2ccccc2C(=O)Nc2ccccn2)C1,0.7118,4.6,-5.7,-5.4,-5.55,seed999
CC(NCCc1cccs1)N1CCCC(OC(F)(F)F)C1=O,0.8685,4.4,-5.4,-5.7,-5.55,seed999
COC(=O)c1ccc(CO)c([NH+]2CCCCC2)c1,0.7751,1.7,-5.7,-5.4,-5.55,seed999
N#Cc1ccc(O)c(-c2ccc3c(c2)OCO3)c1,0.8305,1.2,-5.8,-5.3,-5.55,seed999
Cc1ccc(NC(=O)Cc2cscc2C)nc1,0.9043,1.7,-5.5,-5.6,-5.55,seed999
CCc1nc(Cc2nc3ccccc3n2C)no1,0.7055,2.5,-5.6,-5.5,-5.55,seed999
CC(C)c1noc(CCc2ccccc2[N+](=O)[O-])n1,0.6101,3.3,-5.6,-5.5,-5.55,seed999
C[C@H]1COc2c(cccc2-c2ccnc(Cl)c2)O1,0.7358,1.2,-5.8,-5.3,-5.55,seed999
CO[C@@H]1C(N2CCC(O)(C(C=O)Nc3nc(C)cs3)CC2)CO[C@@H]1C,0.7255,4.9,-5.8,-5.3,-5.55,seed999
COc1ccccc1OC1(I)[C@H](COC(F)(F)F)CCS1(=O)=O,0.4933,4.5,-5.5,-5.6,-5.55,seed999
Cc1cc(-c2sc(N)nc2C)ccc1F,0.8046,0.7,-5.4,-5.6,-5.5,seed999
CC(CC(=O)Nc1ccc(F)cc1)[C@@H](C)N,0.8228,1.7,-5.8,-5.2,-5.5,seed999
CC1CC[NH+](CC(c2ccsc2)c2cc(OCC(=O)[O-])cs2)CC1,0.8066,4.8,-5.7,-5.3,-5.5,seed999
Cc1n[nH]c(C)c1Cc1ccccc1,0.767,0.6,-6.0,-5.0,-5.5,seed999
O=C(NCc1ccccn1)c1ccccc1,0.8452,1.4,-5.2,-5.7,-5.45,seed999
C#CCOc1ccc(C#N)cc1-c1ccc2c(c1)OCO2,0.8093,2.2,-5.4,-5.5,-5.45,seed999
Oc1ccccc1-c1ccc2c(c1)OCO2,0.7928,0.9,-5.7,-5.2,-5.45,seed999
CSC(C#CCO)Cc1cscc1CC(=O)Nc1ccc(C)cn1,0.7778,3.8,-5.1,-5.8,-5.45,seed999
Cn1cc(C[C@@H](O)C(F)(Cc2cccs2)c2cncs2)cn1,0.7523,4.6,-5.6,-5.3,-5.45,seed999
CN1CC(c2c(F)cccc2Cl)C(C(=O)N2CCOCC2)C1=O,0.7668,2.6,-5.6,-5.3,-5.45,seed999
O=C([O-])CCCc1ccc(O)cc1OCC(=O)[O-],0.6383,3.8,-5.1,-5.8,-5.45,seed999
N#Cc1ccc(CNC(=O)c2n[nH]c(=O)[nH]2)cc1,0.6977,2.6,-5.6,-5.2,-5.4,seed999
O=C(Nc1ccccn1)c1ccccc1,0.8042,0.9,-5.3,-5.5,-5.4,seed999
CCC(=O)OCC(N)(NC[C@H]1CCCO1)C1CCN(C(C)=O)CC1,0.5208,4.6,-5.3,-5.5,-5.4,seed999
CCc1ccc(N[C@H]2CCS(=O)(=O)C2)c(CBr)c1,0.8627,2.5,-5.6,-5.1,-5.35,seed999
C[C@@H](N)CCC(=O)Nc1ccc(F)cc1,0.7969,1.7,-5.5,-5.2,-5.35,seed999
CN(CCc1cccs1)C1C[NH+](C)CCN1c1cscc1C#N,0.8905,3.8,-5.0,-5.7,-5.35,seed999
Cc1cc(-c2cc(N)cc([N+](=O)[O-])c2)ccn1,0.487,1.5,-5.4,-5.3,-5.35,seed999
CCSCc1ccccc1NCc1ccccn1,0.849,2.9,-5.2,-5.4,-5.3,seed999
CCc1nc(C(=O)c2ccccc2F)cs1,0.7651,1.7,-5.4,-5.2,-5.3,seed999
C[NH+](C)NCc1cccc(Cc2csc(CSC(F)F)n2)n1,0.7154,5.0,-5.2,-5.4,-5.3,seed999
COc1ccc(CCCC(=O)[O-])c(OCC(=O)[O-])c1,0.5917,4.3,-4.9,-5.7,-5.3,seed999
CCOc1ccc(C(C)Nc2nc(C)cs2)cc1,0.8832,2.7,-5.3,-5.3,-5.3,seed999
Cc1cccc(Nc2cccc(Cl)c2)c1,0.7868,0.6,-5.5,-5.1,-5.3,seed999
Cc1cccc(-c2sc(N)nc2C)c1,0.7751,0.4,-5.1,-5.5,-5.3,seed999
Cc1ccncc1NCC(O)N(C)CCc1cccs1,0.7689,4.0,-5.6,-5.0,-5.3,seed999
CCC(=O)OCCNc1cc(F)ccc1F,0.6217,2.5,-4.8,-5.8,-5.3,seed999
Fc1ccc(C2CCCCO2)c(F)c1,0.6729,0.4,-5.3,-5.3,-5.3,seed999
NCc1cccc(Cc2csc(CSC(F)F)n2)n1,0.8907,4.1,-5.2,-5.3,-5.25,seed999
Cc1nc(C)c(C(F)(F)[C@H](O)Cc2cnn(C)c2)s1,0.9375,3.1,-5.3,-5.2,-5.25,seed999
CC(C)S(=O)(=O)Cc1ccc(S(=O)(=O)N2CCCCC2)s1,0.8155,3.9,-5.2,-5.3,-5.25,seed999
C[NH+]1CCN(CN(CC2CC2)C(=O)c2ccccc2-c2cnccn2)CC1,0.8211,4.8,-5.6,-4.9,-5.25,seed999
Brc1cccc(N2CCCCCCC2)c1,0.7367,0.1,-5.4,-5.1,-5.25,seed999
CO[C@H]1OCC[NH2+]C1NC(=O)c1ccccc1Br,0.8295,2.3,-5.4,-5.1,-5.25,seed999
COc1ccccc1OC1(I)[C@H](C)CCS1(=O)=O,0.596,2.3,-5.3,-5.2,-5.25,seed999
Cc1ccc(COc2ccccc2F)o1,0.7683,1.4,-5.0,-5.4,-5.2,seed999
CC(NCCc1cccs1)N1CCCCC1=O,0.8714,2.7,-5.0,-5.4,-5.2,seed999
COC(=O)c1cc(C2CC2)cc([N+](=O)[O-])c1C,0.4583,2.0,-5.2,-5.2,-5.2,seed999
C[C@@H]1CCC(NC2CCCCC2)O1,0.7097,0.6,-4.9,-5.5,-5.2,seed999
CC(C)(C)c1csc(-c2ccc(C=O)cn2)n1,0.7634,1.2,-5.3,-5.1,-5.2,seed999
CCc1nc2cc(CNC(C)=O)ccc2n1C,0.8748,1.7,-5.1,-5.2,-5.15,seed999
CC[C@@H]1CC(=O)N(Cc2ccc(Br)o2)C1,0.8473,1.7,-5.1,-5.2,-5.15,seed999
O=CN(CN1CCCC1=O)c1cccc(Cl)c1,0.7681,2.5,-5.0,-5.2,-5.1,seed999
Cn1c(CCc2cccs2)nc2ccccc21,0.6878,1.9,-5.1,-5.1,-5.1,seed999
CCCOc1ccc(F)cc1[C@H]([NH3+])CC,0.7986,1.9,-4.9,-5.3,-5.1,seed999
CSC1(N)CC[C@@](C)(c2cnc(C)s2)O1,0.8119,1.5,-5.4,-4.8,-5.1,seed999
c1cc2c(cc1NC1CC1)COC2,0.7442,1.1,-5.2,-5.0,-5.1,seed999
CCCc1ccc(F)cc1,0.5891,-0.2,-5.0,-5.2,-5.1,seed999
c1ccc2ncccc2c1,0.5312,-0.7,-4.8,-5.4,-5.1,seed999
Cc1nc(Cc2cccc(CN)n2)cs1,0.8574,1.7,-4.7,-5.4,-5.05,seed999
O=C(Nc1ccoc1)c1ccccc1F,0.8184,1.2,-4.9,-5.2,-5.05,seed999
Cc1ncsc1C(F)[C@H](O)Cc1cnn(C)c1,0.906,2.8,-5.1,-5.0,-5.05,seed999
C=C(Nc1cccc(C)n1)c1nncn1C,0.8445,2.0,-5.1,-5.0,-5.05,seed999
CC[NH+](CC)C(C)[C@@H]([NH3+])c1cc(F)ccc1OC,0.7613,2.7,-5.1,-5.0,-5.05,seed999
CCNc1cccc(C)c1C,0.6814,-0.2,-4.8,-5.3,-5.05,seed999
CCC(=O)NC(C)(NCCC(C)C)NC(=O)[C@H]1CCCO1,0.5868,4.3,-5.1,-5.0,-5.05,seed999
CCCc1ccc(F)c(F)c1,0.6172,0.1,-5.1,-5.0,-5.05,seed999
CC(C(=O)Nc1cccc(Cl)c1)N(C)C[SH](=O)=O,0.799,3.1,-5.1,-4.9,-5.0,seed999
CCS(=O)(=O)Cc1cnc(Cl)c(NC(=O)C2C[CH]OC2)c1,0.8315,3.9,-4.9,-5.1,-5.0,seed999
CC(N)N1CCCC(OC(F)(F)F)C1=O,0.7579,1.6,-4.9,-5.1,-5.0,seed999
CC[NH+](CC)C(C)[C@@H]([NH3+])c1cc(F)c(CO)cc1OC,0.6566,3.5,-5.2,-4.8,-5.0,seed999
CC(=O)c1ccc(Cl)cc1,0.5685,-0.4,-4.8,-5.2,-5.0,seed999
CCC[C@H]1COc2ccccc2O1,0.6927,0.6,-5.0,-5.0,-5.0,seed999
Cc1nc(C)c(C(F)[C@H](O)Cc2cnn(C)c2)s1,0.9245,2.8,-4.9,-5.0,-4.95,seed999
C[C@@H]1CC(=O)N(Cc2ccc(Br)o2)C1,0.8157,1.2,-4.9,-5.0,-4.95,seed999
CCC(=O)OCC(N)C1CCN(C(C)=O)CC1,0.7297,2.0,-5.0,-4.9,-4.95,seed999
C=C(C)C(C)c1cnc([C@@H]2CCCO2)s1,0.7293,1.4,-5.0,-4.9,-4.95,seed999
COc1ccc(CCCC(=O)[O-])cc1,0.6935,1.9,-5.0,-4.9,-4.95,seed999
CCCc1ccccc1F,0.5891,-0.2,-5.2,-4.7,-4.95,seed999
C=C(Nc1ccccn1)c1nncn1C,0.8126,2.0,-4.6,-5.3,-4.95,seed999
CC[C@@H]1CCCCN1c1sc(N)nc1C,0.8412,1.2,-4.8,-5.1,-4.95,seed999
C[NH+](C)NCc1cccc(Cc2csc(CS)n2)n1,0.543,3.8,-4.9,-4.9,-4.9,seed999
Cc1ccc(NC=O)cc1Cl,0.6762,0.4,-4.4,-5.4,-4.9,seed999
CCCc1c(F)cccc1F,0.6172,0.1,-5.0,-4.8,-4.9,seed999
CC(N)N1CCC(N2CC[NH+](C)CC2)C(OC(F)(F)F)C1=O,0.6719,3.2,-4.9,-4.9,-4.9,seed999
CCNc1ccc(N2CCOCC2)c(C)c1C,0.8696,1.4,-4.9,-4.8,-4.85,seed999
Cc1ccc(S(=O)(=O)N2CCCCC2)s1,0.801,1.5,-4.8,-4.9,-4.85,seed999
Cc1ccc(NC2CC2)cc1,0.6775,0.3,-4.9,-4.8,-4.85,seed999
O=Cc1ccccc1-c1cnccn1,0.6698,0.9,-5.0,-4.7,-4.85,seed999
CCCCNC(C)(NC(=O)CC)NC(=O)[C@H]1CCCO1,0.4566,4.3,-4.8,-4.9,-4.85,seed999
CC(SCC(=O)[O-])c1cnc([C@@H]2CCCO2)s1,0.8133,3.3,-4.7,-4.9,-4.8,seed999
CC(OCC(=O)[O-])c1ccnc(SC(F)F)c1,0.7213,3.6,-4.9,-4.7,-4.8,seed999
CC(C)CCNC(C)NC(=O)C(C)C,0.6412,1.9,-4.7,-4.9,-4.8,seed999
Cc1onc(NC(=O)OC=O)c1SCC(F)(F)F,0.5189,3.5,-4.7,-4.9,-4.8,seed999
O=C(Nc1cccnc1Cl)C1C[CH]OC1,0.7822,1.5,-4.8,-4.8,-4.8,seed999
COC(=O)c1ccc(CO)cc1,0.6656,0.4,-4.8,-4.8,-4.8,seed999
Cc1cccc(C(=O)OC(C)C)c1,0.6504,0.1,-4.8,-4.8,-4.8,seed999
CCc1cc2ccccc2[nH]1,0.6347,-0.2,-5.0,-4.6,-4.8,seed999
CCN[C@@H]1CC[C@@H]([NH+](C)CCn2ccnc2)C1,0.7261,3.2,-4.8,-4.8,-4.8,seed999
Cc1ccc(N[SH](=O)=O)c(Cl)c1,0.7207,1.0,-5.0,-4.5,-4.75,seed999
Cc1ccc(C=O)cc1,0.5164,-0.7,-4.6,-4.9,-4.75,seed999
Clc1ccccc1Cc1nccs1,0.7391,0.9,-5.0,-4.4,-4.7,seed999
C[C@@H](Sc1ccccn1)C1COCCN1,0.79,1.7,-4.5,-4.9,-4.7,seed999
CC(OCC(=O)[O-])c1ccnc(SCF)c1,0.6965,3.3,-4.7,-4.7,-4.7,seed999
Cc1ccc(NC(=O)NC(C)C)nc1,0.7535,0.7,-4.4,-5.0,-4.7,seed999
OCc1cc2ccccc2o1,0.6698,0.1,-5.0,-4.4,-4.7,seed999
O=C([O-])COc1csc(Cc2ccsc2)c1,0.8116,3.0,-5.1,-4.3,-4.7,seed999
CCc1ccnc(SC(F)F)c1,0.6779,1.2,-4.6,-4.8,-4.7,seed999
CN1CCC(C(=O)N2CCOCC2)C1=O,0.5413,1.0,-4.6,-4.8,-4.7,seed999
C#Cc1ccc(-c2ncco2)cc1,0.6121,0.1,-4.8,-4.6,-4.7,seed999
Cc1ccc(NC(=O)NC(C)(C)C)nc1,0.7421,0.2,-4.7,-4.6,-4.65,seed999
CC[C@@H]([NH3+])c1cc(F)ccc1OC,0.7595,0.9,-4.5,-4.8,-4.65,seed999
CSc1ccc(NCC(F)(F)F)cc1,0.7851,1.5,-4.5,-4.7,-4.6,seed999
CCS(=O)(=O)c1ccc(O)c(N)c1,0.5467,1.0,-4.7,-4.5,-4.6,seed999
CNC(COC)c1ccccc1[N+](=O)[O-],0.5905,2.5,-4.7,-4.5,-4.6,seed999
NCc1ccc(Br)cc1,0.7116,-0.4,-4.4,-4.8,-4.6,seed999
O=C(Nc1cccnc1)C1C[CH]OC1,0.7642,1.2,-4.7,-4.5,-4.6,seed999
CNC(COCSCC#N)c1ccccc1[N+](=O)[O-],0.3395,4.6,-4.6,-4.6,-4.6,seed999
CNC(=O)[C@H](C)C[C@@H]1CC(=O)N(C)C1,0.7058,1.2,-4.4,-4.7,-4.55,seed999
CN(CC(=O)O)c1ccccc1,0.7314,0.9,-4.5,-4.6,-4.55,seed999
CSC(C#CCO)Cc1cscc1C,0.7983,0.9,-4.5,-4.6,-4.55,seed999
CCCOc1ccc(F)cc1,0.6498,0.6,-4.5,-4.6,-4.55,seed999
c1coc(CCc2ncno2)c1,0.6884,1.7,-4.3,-4.8,-4.55,seed999
CC(=O)NNc1cnccc1C,0.6387,0.7,-4.5,-4.6,-4.55,seed999
CCc1nc2ccccc2n1C,0.6246,0.1,-4.5,-4.5,-4.5,seed999
c1csc(Cc2ccsc2)c1,0.6642,0.6,-4.6,-4.4,-4.5,seed999
c1ccc2[nH]ccc2c1,0.5439,-0.7,-4.4,-4.6,-4.5,seed999
CC(=O)c1ccccc1,0.517,-0.7,-4.6,-4.3,-4.45,seed999
C#CCOc1ccc(C#N)cc1,0.6103,0.1,-4.3,-4.6,-4.45,seed999
CO[C@@H]1C(N2CCC(O)CC2)CO[C@@H]1C,0.7165,1.2,-4.4,-4.4,-4.4,seed999
O=CNc1cccc(Cl)c1,0.6499,0.4,-4.3,-4.5,-4.4,seed999
CCc1nc(C(C)C)no1,0.6278,0.4,-4.3,-4.5,-4.4,seed999
O=Cc1ccccc1F,0.5199,-0.4,-4.3,-4.5,-4.4,seed999
CC(C)(N)C[C@@H]1CCS(=O)(=O)C1,0.6931,0.7,-4.6,-4.2,-4.4,seed999
CCSCc1ccccc1,0.6414,0.3,-4.3,-4.4,-4.35,seed999
Cc1ccc(N)nc1,0.5375,-0.9,-4.0,-4.7,-4.35,seed999
CC(O)N(C)CCc1cccs1,0.7196,1.4,-4.2,-4.3,-4.25,seed999
CCOc1ccc(F)cc1,0.6116,0.1,-4.2,-4.2,-4.2,seed999
CNCc1ccc(Br)cc1,0.7708,0.1,-4.2,-4.1,-4.15,seed999
CN(C)c1ccccc1,0.5468,-0.7,-3.9,-4.4,-4.15,seed999
c1cc(OC[C@@H]2CCCO2)cs1,0.7173,1.4,-4.0,-4.3,-4.15,seed999
Nc1ccc(Cl)cn1,0.5725,-0.6,-3.7,-4.5,-4.1,seed999
Cc1ccccc1,0.4588,-1.5,-4.0,-4.2,-4.1,seed999
COCc1ccccc1,0.5811,-0.2,-4.0,-4.1,-4.05,seed999
NCc1ccccc1,0.5719,-0.7,-4.2,-3.9,-4.05,seed999
C[NH+]1CCN(c2cscc2C#N)CC1,0.7017,0.7,-3.9,-4.2,-4.05,seed999
Cn1cc(C[C@@H](O)C(F)F)cn1,0.7315,1.5,-4.0,-4.0,-4.0,seed999
CCc1ccncc1,0.5313,-0.7,-4.1,-3.8,-3.95,seed999
Fc1ccccc1,0.4618,-1.2,-3.8,-4.0,-3.9,seed999
Cc1ncsc1C(F)[C@@H](C)O,0.7436,0.7,-3.9,-3.9,-3.9,seed999
NCc1ccccn1,0.5699,-0.4,-3.7,-3.8,-3.75,seed999
CSc1ccccc1,0.5179,-0.7,-3.7,-3.6,-3.65,seed999
Clc1ccccc1,0.4834,-1.2,-3.8,-3.5,-3.65,seed999
CCNc1nc(C)cs1,0.6816,0.4,-3.6,-3.6,-3.6,seed999
Cc1ncsc1N1[CH]CC(C(=O)Nc2cccc(Br)c2)C(C(=O)NCc2cc(CN3CCCC3=O)co2)C1,0.3954,5.0,-7.2,0.0,-3.6,seed999
CCN(c1ccc(N2CCOCC2)c(CNC2CC2)c1)N1CCC2(CC1C(=O)Nc1ccccc1C)OCCO2,0.4908,5.0,-7.0,0.0,-3.5,seed999
CCCNS(C)(=O)=O,0.5923,0.7,-3.7,-3.3,-3.5,seed999
CCNC(=O)C(C)C,0.5658,-0.4,-3.5,-3.4,-3.45,seed999
c1ccccc1,0.4426,-1.5,-3.4,-3.2,-3.3,seed999
Cc1nc(N)sc1N1[CH]CC(C(=O)Nc2cccc(Br)c2)C(C(=O)NCc2cc(CN3CCCC3=O)co2)C1,0.3485,5.0,-6.5,0.0,-3.25,seed999
CCC(=O)O,0.4908,-0.9,-2.9,-3.1,-3.0,seed999
C#CCN1CCN(C2CS(=O)(=O)C[C@@H]2Nc2cccnc2NC(=Cc2c(C)nn(C)c2C)c2nncn2C)CC1,0.3828,5.0,-5.8,0.0,-2.9,seed999
CCc1nn(C)cc1CNCN(C(=O)CN)C(c1ccccc1C(=O)Nc1ccccn1)N1CCC[C@@H](C)C1,0.3248,5.0,0.0,0.0,0.0,seed999
