smiles,QED,SA,EGFR_Docking,HER2_Docking,source
O=C(Nc1ccc2[nH]c(=O)[nH]c2c1)c1cccc(Cl)c1Cl,0.576,3.063,-9.35,-10.1,seed42
N#Cc1cc(NC(=O)c2occc2C(F)(F)Cl)ccc1OCC(=O)Nc1cc(Br)ccc1F,0.278,3.763,-9.45,-10.3,seed42
Fc1csc(-c2ccc(CNCCc3nnc[nH]3)cc2)n1,0.586,3.973,-8.6,-9.2,seed42
S=C(Nc1ccc2c(c1)OCO2)N1CCN(c2ccccc2F)CC1,0.731,3.08,-9.0,-10.1,seed42
O=C(Cc1cccc(F)c1)c1ccc(F)cc1Cl,0.666,2.764,-8.95,-9.2,seed42
O=[S@@](Cc1ccccc1)C(=O)/C=C/c1ccc2c(c1)CCO2,0.715,4.083,-8.95,-10.2,seed42
CSC[C@H](C)N(C)C(=O)Nc1ccccc1,0.774,3.601,-7.85,-7.7,seed42
SC1=NC=C(c2ccccc2)C1,0.53,3.867,-8.05,-6.8,seed42
S=C(NCc1ccncn1)N1CCCC1,0.654,3.317,-7.9,-6.9,seed42
S[C@@H]1CCCN(c2ccc([N+](=O)[O-])cc2[N+](=O)[O-])C1,0.422,4.011,-8.2,-6.6,seed42
[C@@H](CN(C)c1ccccc1)N1C(=O)[C@@](C)(c2ccccc2)c2ccccc21,0.566,4.19,-9.8,-7.8,seed42
O=C([O-])CN(Cc1ccc(Cl)cc1)C1CCCCC1,0.731,3.377,-8.4,-8.3,seed42
CC(=O)[C@@H](C)CNc1ccccc1Oc1ccccc1,0.757,3.328,-8.7,-9.0,seed42
N#Cc1ccc(C(=O)[C@@H](CO)CCc2ccco2)cc1O,0.694,4.04,-8.5,-8.5,seed42
Fc1ccc(CN/N=C/c2cn(-c3cccc([N+](=O)[O-])c3)s2)cc1,0.321,3.812,-8.85,-9.8,seed42
NC(=[NH2+])c1ccn(Cc2ccccc2)n1,0.414,3.577,-8.55,-8.3,seed42
NNC(=S)NNC(=O)CN1CCN=C1c1ccccc1F,0.234,3.763,-8.75,-8.5,seed42
N#Cc1csc(Cc2ccc(OCc3ccccc3)cn2)c1,0.61,3.311,-8.6,-9.3,seed42
FC(F)(F)c1ncccc1C(=O)N[C@H]1CCN(c2cccc(F)c2)C1,0.762,3.729,-9.15,-10.2,seed42
FC(F)(F)c1cccc2c1NC(=S)N2,0.553,3.658,-8.1,-7.4,seed42
F[C@H](CO)[C@@](CCl)c1ccccc1,0.641,4.245,-7.95,-6.8,seed42
O=C(NC(c1ccccc1)c1ccccc1)c1ccccc1Br,0.594,2.662,-9.55,-8.4,seed42
Cc1ccccc1NC(=O)CSc1ccc(F)cc1F,0.763,2.745,-8.7,-9.8,seed42
[C@H](C)CN1CCN([C@@H](C)C(=O)Nc2ccc(Cl)cn2)CC1,0.802,3.851,-8.5,-8.7,seed42
[C@H]1CCCC[C@H]1CNC(=O)C1CCN(S(=O)(=O)c2ccccc2)CC1,0.774,3.846,-9.1,-10.4,seed42
CC[C@H](C)C(=O)Nc1cc(C(=O)N2CC[C@@H](C(=O)[O-])C2)ccc1C,0.777,4.076,-9.25,-10.1,seed42
CCc1cc(C)cnc1COC(=O)[C@@H]1CN(C)CCO1,0.678,4.164,-8.5,-8.7,seed42
Cc1cc(NNC(=O)c2cccc3ccccc23)c(C)s1,0.608,3.214,-9.05,-9.8,seed42
COc1cccc(C(=O)N2CCC[C@@H](c3nc(C(C)C)co3)C2)c1F,0.741,3.985,-9.25,-9.2,seed42
CS/C([O-])=N/S(=O)(=O)c1ccc(F)cc1,0.467,3.874,-8.1,-7.0,seed42
C[C@H](NC(=O)NCc1nnc(-c2ccccc2)o1)[C@H]1CCS(=O)(=O)C1,0.728,4.215,-5.0,-10.0,seed42
Nc1cccc(C(=O)N2c3nc4ccccc4nc3CCC2)c1,0.602,3.294,-9.7,-10.4,seed42
O=C(CSc1cccc(Br)c1)NC1CCCC1,0.76,2.915,-8.35,-8.6,seed42
c1cc(C[NH+]2CCCC2)ccc1-c1ccccc1[N+](=O)[O-],0.592,4.254,-9.1,-9.5,seed42
c1ccc(CN2CCN(C(=O)[C@H](C#N)c3ccco3)CC2)c([N+](=O)[O-])c1,0.502,3.928,-8.95,-8.7,seed42
c1ccc(N2CC[C@@H](CNS(=O)(=O)c3cccc(C(F)(F)F)c3)C2)cc1Cl,0.693,3.612,-9.3,-11.7,seed42
c1cccc(OCCN(CCC(=O)NC2CC2)C(=O)C2CC2)c1,0.658,3.022,-8.7,-8.3,seed42
c1ccc(N[C@H](C)C(=O)NCc2cccnc2)cc1,0.761,3.163,-8.65,-8.9,seed42
c1cn(-c2ccccc2)c(SCCC(=O)Nc2cccc3ccccc23)c1,0.337,3.174,-9.2,-10.5,seed42
c1ccc2c(c1)[C@H]1CCC[C@H]1[C@@H]2C(=O)N(Cc1ccco1)C1CC1,0.733,4.469,-8.95,-7.8,seed42
c1ccnc(SC2CCCCC2)c1,0.613,3.172,-8.05,-7.2,seed42
Cc1nnsc1C(=O)NCC(=O)N(C)[C@@H](C)C(=O)N(C)C,0.691,4.125,-8.3,-8.0,seed42
O=C(NCC[C@H](O)c1ccccc1)C(=O)Nc1ccc2c(c1)COC2,0.626,3.701,-9.1,-10.5,seed42
c1ccc2c(c1)CCCN2C(=O)C(=O)Nc1ccc2c(c1)CCC2,0.721,3.163,-9.5,-10.4,seed42
c1cnc(COc2ccc(F)cc2C#N)nc1,0.708,3.188,-8.45,-7.9,seed42
c1ccc(NC[C@@H]2CCN(c3cccc(C(N)=O)c3)C2)cc1,0.791,3.335,-9.25,-10.5,seed42
c1coc(CO[C@H]2CCC[C@H]2CNc2ccccc2)c1,0.759,3.913,-8.6,-8.7,seed42
c1ccc(C(=O)N2CCC[C@@H]2c2ccccc2)nc1,0.723,3.224,-8.6,-8.2,seed42
c1ccc(C[NH2+]Cc2ccccc2C(F)(F)F)cc1,0.776,3.811,-8.9,-9.1,seed42
C=CCN(C(=O)c1csc(-c2ccc3c(c2)OCCO3)n1)[C@@H]1CCS(=O)(=O)C1,0.591,4.167,-9.2,-9.2,seed42
c1ccc(Oc2ccc(C=O)cc2)c(F)c1,0.634,2.661,-8.55,-8.1,seed42
c1cccc(CCNc2nccs2)c1,0.728,2.804,-8.1,-8.0,seed42
c1ccc(-n2cccc2CN2CCN(S(=O)(=O)c3ccccc3)CC2)cc1,0.583,3.019,-9.4,-9.8,seed42
COc1cccc(-c2nc(C)c(C(F)(F)F)cn2)c1,0.736,3.151,-8.75,-8.9,seed42
O=C(Cc1ccccc1)N(Cc1ccncc1)c1ccc(Cl)cc1,0.586,2.863,-9.15,-8.2,seed42
c1nc(N2CCCC2)nc(NCc2ccccc2)n1,0.806,2.981,-8.75,-9.6,seed42
c1coc(-c2ccc(NCc3csc(Nc4ncccn4)n3)c[nH+]2)c1,0.453,4.361,-9.4,-9.7,seed42
O=C(NCCN(c1ccc(F)cc1)S(=O)(=O)c1ccccc1F)C1CCCCC1,0.637,3.188,-9.75,-9.2,seed42
N#C[C@H](C(=O)CCCC1CC1)c1ncccc1OC(F)F,0.636,4.254,-8.45,-7.1,seed42
CC(C)O[C@@H](C(=O)N1C[C@H](C)O[C@H](C)C1)c1cccc([N+](=O)[O-])c1,0.51,4.469,-8.8,-7.4,seed42
c1cc(-c2cnccn2)cc(Cl)c1,0.591,2.807,-8.2,-7.7,seed42
c1ccc(-n2nnnc2S[C@H]2CCc3c(F)cccc32)cc1,0.641,3.849,-9.25,-9.4,seed42
c1ccc(-c2csc(NC3CCCCC3)n2)cc1,0.773,2.844,-8.9,-9.8,seed42
O=C(COc1c(Cl)cccc1NC(=O)c1ccccc1)NCc1ccccc1,0.528,2.787,-9.55,-9.6,seed42
c1ccc([C@H]2C(C#N)=C(N)Oc3c2c(C)nn3C2CCCCC2)cc1,0.803,4.085,-9.05,-8.5,seed42
c1nc(NC2CCN(c3cccc(Cl)c3)CC2)no1,0.836,3.472,-8.75,-8.7,seed42
N#Cc1ccc(Sc2cccc(NC(=O)Cn3ccnc3C(F)(F)F)n2)cc1,0.597,3.739,-9.1,-10.4,seed42
Cc1ccc(-c2noc(CN(C)CC(=O)N3CCc4ccccc4c3=O)n2)cc1,0.566,3.361,-9.65,-10.4,seed42
O=C1C[C@@H](C(=O)NCc2ccc(COc3ccccc3)cc2C(=O)[O-])CC(=O)O1,0.441,3.737,-9.5,-10.5,seed42
Fc1ccc(-c2csc(Cn3cc(Br)cn3)n2)cc1,0.624,3.245,-8.6,-8.8,seed42
c1ccc(-c2ncco2)cc1NCc1cccc(Br)c1,0.653,3.099,-8.95,-10.0,seed42
O=C(/C=C/c1ccccc1)N1CCC(Cc2ccccc2)CC1,0.676,2.842,-9.2,-9.5,seed42
N#C/C(=C/c1cccc(C(F)(F)F)c1)C(=O)Nc1ccc(-n2cccn2)cc1,0.436,3.329,-9.4,-9.7,seed42
c1[nH]c2ccc(NCc3cccc4cccnc34)cc2c1,0.483,3.12,-9.4,-10.5,seed42
c1ccc(C#N)c(N[C@H]2CCN(c3ccccc3)C2)c1,0.824,3.347,-9.05,-9.0,seed42
c1nc(-c2ccc(OCC(F)(F)Cl)o2)nc(N)c1C#Cc1ccccc1,0.452,4.109,-9.15,-10.7,seed42
n1cc(/C=C/C(=O)c2c(C)nn(-c3cccc(Cl)c3)c2C#N)ccc1Cl,0.274,3.696,-8.95,-9.1,seed42
n1cncn1CC(=O)Nc1ccc(Br)cc1,0.831,2.903,-8.25,-8.1,seed42
O=C([O-])c1ccc(OC(=O)c2cccc(Cl)c2)cc1,0.534,3.106,-8.9,-9.8,seed42
CCOc1cc(Cl)c(C)cc1NC(=O)CSC(Nc1ncccc1F)C(C)C,0.43,4.179,-9.0,-8.9,seed42
N#C[C@@H](S(=O)(=O)c1cccs1)c1cccc2ccccc12,0.636,3.828,-8.95,-7.7,seed42
n1nc(-c2cccs2)cc(CNc2cccc3ccc(C4CC4)cc23)c1,0.387,3.494,-9.4,-11.0,seed42
n1cncn1Cc1cccc(NC(=O)CN2CCOCC2)c1,0.775,3.046,-8.7,-8.9,seed42
n1ccnc(NC[C@@H]2CC(=O)N(N)c3ccccc32)c1,0.548,4.155,-9.05,-9.2,seed42
O=C1CCc2ccnc(Br)c21,0.515,3.798,-7.85,-6.4,seed42
Fc1cccc(CNCCOc2ccccc2F)c1,0.708,2.697,-8.65,-8.7,seed42
[nH]1C[C@H](c2ccccc2)ncn1-c1cccc(Cl)c1Cl,0.805,4.31,-9.1,-9.0,seed42
n1cc(-c2ccccc2F)nn1-c1ccccc1C(N)=O,0.7,3.24,-9.5,-10.5,seed42
n1c(SCC(=O)NCC(C)C)sc(C(N)=O)c1C,0.675,3.345,-7.95,-7.8,seed42
N=C1c2ccc([N+](=O)[O-])cc2N(C[C@H](O)c2ccc(F)cc2)C1,0.57,4.126,-9.5,-9.9,seed42
O=[N+]([O-])c1c(NCCCCC(=O)Nc2ccnn2C(F)F)cnn1-c1ccccc1,0.194,3.857,-9.0,-9.0,seed42
C[C@H](N[C@@H]1CCSc2ccc(F)cc21)c1ncc(Cl)cc1Cl,0.695,4.407,-8.75,-8.3,seed42
[NH3+]C[C@H]1CCCN1C(=O)C1CCCC1,0.585,4.24,-8.05,-6.8,seed42
[NH3+]CCSc1ccc(Br)cc1F,0.716,4.166,-7.7,-6.0,seed42
[NH3+]C[C@@H](O)CSc1ccc(C(F)(F)F)cc1,0.696,4.328,-8.25,-7.4,seed42
[NH3+][C@H](Cc1cccc(F)c1)c1cc(=O)[nH]c2ccccc12,0.66,4.068,-9.35,-9.9,seed42
[NH3+][C@]1(CC(=O)N2CCN(c3ccccc3)CC2)CCc2ccccc21,0.829,4.03,-9.5,-9.0,seed42
[C@](C(=O)Nc1cc(Cl)ccc1OC(F)F)N1CCN(Cc2ccccc2)CC1,0.659,3.625,-9.0,-9.2,seed42
[C@]1(c2ccccc2)Nc2cc(Cl)ccc2N1,0.679,3.425,-8.65,-9.2,seed42
[C@](C#N)S(=O)(=O)c1ccc2ccc(=O)[nH]c2c1,0.75,4.049,-8.6,-8.3,seed42
[C@]1(C(=[NH2+])Nc2cccc(Cl)c2)SCCO1,0.505,4.453,-8.35,-8.0,seed42
[C@](C#N)(O)CCNc1ccccc1CN1CCOCC1,0.673,3.513,-8.3,-7.3,seed42
[C@](O)(c1ccccc1F)C1(C)CC(=O)NC1=O,0.656,4.264,-8.7,-8.0,seed42
[C@]=C(c1ccccc1)NC(=O)NNc1cc(Cl)ccc1OC,0.642,3.622,-8.95,-10.0,seed42
[C@](C#Cc1ccccc1)c1ccc(NC(=O)C2CC2)nc1,0.774,3.567,-9.25,-9.7,seed42
[C@]1(C(=O)NCc2cccc(C(F)(F)F)c2)NC(=O)N(Cc2cccnc2)[C@@H]1C,0.723,4.142,-9.45,-10.7,seed42
[C@]1(Cc2ccc(Cl)cc2)NC(=O)NC1=O,0.642,3.607,-8.55,-8.4,seed42
[C@](C#Cc1ccc(Cl)cc1)NCCCn1cccc1,0.402,3.988,-8.25,-8.5,seed42
[C@]1(C(=O)Nc2cccc(Cl)c2)SCC(=O)N1Cc1ccccc1,0.822,3.289,-8.9,-9.2,seed42
[C@](C#N)(/N=C/C(=O)Nc1ccc(Cl)cc1)NC1CCCCC1,0.718,3.726,-8.45,-9.1,seed42
[C@]1(c2ccccc2)Oc2nc(SCc3ccccc3)[nH]c2N1,0.614,3.745,-9.25,-10.4,seed42
[C@](O)(c1ccsc1)N1CCN(C(C)C)CC1,0.774,3.669,-8.0,-7.3,seed42
[C@](O)(c1ccccc1)[C@H](CNC(=O)C(=O)Nc1ccc(C#N)cc1)c1ccccc1,0.454,3.756,-9.6,-9.3,seed42
[C@]1(C(=O)c2c[nH]c3cccc(Cl)c23)NC(=S)N1C1CCCCC1,0.551,3.919,-9.25,-9.2,seed42
[C@]1(C(=O)NCCc2cccs2)NC(=O)N(CCc2ccccc2)[C@@H]1C,0.701,4.065,-8.75,-9.4,seed42
[C@](C#N)(OCc1cc(Cl)cs1)Nc1cccc(F)c1,0.8,3.923,-8.4,-8.6,seed42
[C@]1(Cc2nc3ccccc3[nH]2)NC(=O)N(CC(N)=O)C1(C)C,0.682,4.001,-8.9,-9.2,seed42
[C@](O)(c1ccccc1)C1CCN(C(=O)c2ccc(N(C)C)cc2)CC1,0.828,3.152,-9.25,-10.5,seed42
[C@]1(CNC(=O)c2cccc(Cl)c2)[C@H]2CCCC[C@]2(C)Oc2ccccc21,0.724,4.308,-9.55,-11.1,seed42
[C@](C#N)(O[C@H](CO)c1ccccc1)c1ccncc1,0.787,4.119,-8.65,-7.9,seed42
[C@]1(c2cccc(Cl)c2)NC(=O)C1,0.556,3.479,-8.1,-7.8,seed42
[C@]1(C#Cc2ccccc2)NC(=O)N(C[C@@H]2Cc3ccccc3C(=O)N2)C1,0.718,4.498,-9.75,-10.3,seed42
Cc1ccccc1NC(=O)[C@@H](c1ccccc1)[C@@H]([NH3+])CSC1CCCCC1,0.645,4.336,-9.45,-9.3,seed42
O[C@H](Nc1c(F)cc(Br)cc1F)c1ccco1,0.754,4.15,-8.55,-7.9,seed42
[C@]1(C)CCN(C(=O)NCCNc2ccccc2F)C1,0.719,3.451,-8.6,-9.2,seed42
[C@](C#N)(/N=C(\[O-])c1ccc(C(=O)Nc2ccc(F)cc2)cc1)c1ccc(Cl)cc1,0.415,3.622,-9.45,-10.6,seed42
[C@]1(C#N)CCN(Cc2ccc([N+](=O)[O-])cc2)C1,0.487,3.599,-8.3,-7.8,seed42
[C@](O)(C1CCCCC1)C1CCN(C(=O)c2ccc[nH]2)CC1,0.796,3.609,-8.95,-8.7,seed42
[C@](O)(Cc1c[nH]c(C(N)=O)c1)C(=O)Nc1ccc(Cl)c(Br)c1,0.535,3.94,-8.95,-9.9,seed42
[C@]1(C#N)CCc2ccccc21,0.444,3.708,-7.9,-7.0,seed42
[C@]1(C(=O)NCc2ccccc2)c2ccccc2O1,0.79,3.133,-8.95,-9.5,seed42
[C@](O)(c1ccccn1)NC(=O)C1CCCCC1,0.739,3.37,-8.75,-8.5,seed42
[C@]Oc1c(C)cccc1C(=O)NCCC(=O)c1ccncc1,0.73,3.543,-8.9,-9.1,seed42
[C@]1(c2ccccc2)NC(=O)N(CC(=O)N2CCc3ccccc32)C1=O,0.769,3.474,-9.3,-10.7,seed42
[C@]1(Cc2cccc(F)c2)NC(C(=O)NC[C@@H]2CCCO2)C(=O)N1c1ccc(F)cc1,0.612,4.491,-9.5,-10.0,seed42
[C@](C#N)(O[C@@H](C)C(=O)NC(=O)C(C)(C)C)c1ccccc1F,0.826,4.153,-8.7,-9.4,seed42
[C@]1(NC(=O)c2ccccc2)CCC(=O)N1c1ccccc1,0.839,3.131,-8.95,-8.4,seed42
[C@]1(CCc2ccc(Cl)cc2)[NH2+]C[C@@H]1c1ccc(F)cc1,0.789,4.262,-9.15,-9.5,seed42
[C@](C#N)N(CC#N)c1ccccc1,0.409,4.222,-7.55,-6.1,seed42
[C@]1(COc2cc(F)cc(F)c2)N[C@H](c2cccnc2)N1C1CC1,0.82,4.316,-8.75,-8.8,seed42
[C@](C#N)(CNC(=O)Nc1cc2c(cc1Br)OCCO2)c1ccc(Cl)cc1,0.656,3.697,-9.45,-9.6,seed42
[C@]1(CNc2ccccc2C#N)CCCO1,0.716,3.76,-8.3,-7.7,seed42
[C@]1(C(=O)NCC2CCN(c3ccccc3F)CC2)N=NC(N)=N[C@@H]1C,0.772,4.449,-9.4,-10.4,seed42
[C@](CC(=O)Nc1ccc(C#N)c(Cl)c1)c1cccc(F)c1,0.833,3.54,-8.85,-9.9,seed42
[C@](O)(c1ccccc1)[C@H]1CCc2ccccc21,0.723,3.579,-9.2,-9.2,seed42
[C@](O)(CNC(=O)c1ccccc1[N+](=O)[O-])C(=O)N1CCCC1,0.518,3.398,-8.75,-9.5,seed42
[C@]1(c2cccnc2)N2CCCC[C@@]2(C(=O)NCc2cccnc2)C1=O,0.757,4.312,-9.2,-9.0,seed42
[C@](O)(c1cccnc1)[C@@H]1CCCN(C(=O)N2CCCC2)C1,0.808,3.921,-8.5,-9.2,seed42
[C@](O)(c1ccc(F)cc1)[C@H]1CCCCN1c1ccc2[nH]ccc2c1,0.638,3.941,-9.45,-9.0,seed42
[C@]1(CCc2ccccc2)NC(=O)N(CN2CCC(c3nc4ccccc4s3)CC2)C1,0.534,3.785,-9.6,-10.8,seed42
[C@](C#N)S(=O)(=O)Cc1ccccc1F,0.657,3.944,-7.95,-7.1,seed42
[C@]Oc1cc(NC(=O)N[C@H]2C[C@H]2C)ccc1OC1CCCC1,0.775,4.425,-8.8,-9.7,seed42
[C@](C#Cc1ccccc1)N1CCN(Cc2ccccc2)CC1,0.701,3.461,-8.95,-9.9,seed42
[C@](C#N)(OCc1cnc(-c2ccc(Cl)cc2)nc1)c1ccc(F)cc1,0.575,3.503,-9.3,-9.9,seed42
[C@]1(CC(C)C)OC(=O)C[C@H]1Nc1cccc(Cl)c1,0.746,4.215,-8.45,-8.7,seed42
[C@](O)CNc1nc(F)ccc1F,0.573,4.385,-7.85,-6.5,seed42
[C@]1(C(=O)/C=C/c2ccc(OC(=O)N3CCOCC3)cc2)CS1,0.53,3.583,-8.65,-8.8,seed42
[C@]Oc1ccccc1NC(=O)CC1CCN(c2ccccc2F)CC1,0.795,3.386,-9.15,-9.6,seed42
[C@](C#N)(NC(=O)c1ccc(Br)cc1)c1ccccc1,0.845,3.219,-8.9,-8.4,seed42
O=C(Nc1ccccc1)C(=O)Nc1cccc([N+](=O)[O-])c1,0.412,2.683,-9.2,-10.0,seed42
[C@](O)(CC(=O)N1CCC[C@H]1c1ccccn1)c1n[nH]c2ccccc12,0.668,4.129,-9.55,-9.0,seed42
[C@]1(CC(=O)Nc2ccccc2C(=O)N2CCCC2)CN1Cc1ccccc1,0.702,3.682,-9.15,-10.3,seed42
[C@](C#N)(NC(=O)c1cc(F)c(F)cc1F)[C@H]1CCCO1,0.764,4.302,-8.7,-8.4,seed42
[C@]1(c2ccncc2)NC(=O)N(CC(F)(F)F)C1=O,0.707,4.017,-8.8,-8.0,seed42
[C@]1(C)Cc2ccc(C(=O)NCc3ccc4c(c3)CC[NH2+]C4)cc21,0.791,4.365,-9.65,-11.6,seed42
[C@](C#N)(Oc1ccccc1C(F)(F)F)c1n[nH]c([O-])c1C#N,0.83,4.485,-8.85,-8.6,seed42
[C@]1(NC(=O)c2cncc3sccc23)NN(CCOc2ccccc2)C1=O,0.596,3.898,-9.25,-10.3,seed42
[C@](O)(c1ccc(Cl)cc1)N1CCN(Cc2ccccc2)CC1,0.837,2.974,-8.75,-9.2,seed42
[C@](O)(CCc1ccc(Cl)cc1)NC(C)(C)C,0.744,3.273,-8.25,-7.6,seed42
[C@]Oc1ccc(NC(=O)COc2ccc(N)c(Cl)c2)cc1OC,0.694,3.421,-8.55,-9.0,seed42
[C@](N)(c1ccc(Br)cc1)[C@H]1CCCC[C@@H]1O,0.776,4.14,-8.7,-8.2,seed42
[C@](O)(CC/N=C/c1ccc(F)cc1)c1ccc2ccccc2c1,0.578,3.43,-9.2,-10.8,seed42
[C@](O)(c1cccc(Cl)c1)[C@H]1CCCO1,0.715,3.888,-8.25,-7.6,seed42
[C@](C#Cc1ccccc1)C(=O)Nc1ccc(N2CCOCC2)cc1,0.785,3.486,-9.25,-9.5,seed42
[C@]O[C@@H](CO)CNC(=O)c1cc(C(C)C)c2ccccc2n1,0.756,4.245,-9.0,-9.1,seed42
[C@]1(C(=O)CCc2ccccc2OC[C@@H]2CCCO2)CCCO1,0.676,4.112,-8.85,-8.6,seed42
[C@]1(CCNC(=O)N(Cc2ccco2)Cc2ccccc2)CCCO1,0.743,3.596,-9.05,-9.0,seed42
[C@]1(c2ccccc2)CSCCN1Cc1cccc(F)c1,0.74,3.442,-8.85,-8.0,seed42
[C@](C#N)C(=O)c1ccc([N+](=O)[O-])c(N2CCCC2)c1,0.367,3.828,-8.4,-8.0,seed42
[C@](C(=O)c1ccc(Br)cc1)N1CCOCC1,0.694,3.87,-8.45,-7.7,seed42
[C@](Cl)c1nc2cc(NC(=O)c3ccccc3)[nH]c2s1,0.675,4.186,-8.55,-10.0,seed42
[C@]1(c2ccco2)NC(=O)N(CC(=O)N[C@@H]2CCCc3cc(F)ccc32)C1,0.784,4.316,-9.4,-10.6,seed42
[C@]Oc1ccc(S(=O)(=O)Nc2ccc(C#N)c(Cl)c2)cc1[N+](=O)[O-],0.542,3.699,-8.95,-9.3,seed42
[C@](O)(c1cccc(C#N)c1)[C@H]1CCCS1,0.73,4.33,-8.15,-7.4,seed42
[C@]Oc1ccc(C(=O)[C@@H](C#N)C(=O)CNc2cccnc2)cc1C,0.522,4.476,-8.6,-9.1,seed42
[C@](O)([C@H](CBr)c1ccc(Br)cc1)NC(C)=O,0.721,4.192,-8.45,-7.2,seed42
[C@]O[C@@H](C(=O)NCC(C)(C)NC(=O)c1cc2ccccc2oc1=O)c1ccccc1F,0.47,4.312,-9.7,-10.4,seed42
[C@](O)(CNc1ccccc1NC(=O)c1ccccc1)c1ncc(Cl)s1,0.499,3.504,-9.0,-9.0,seed42
[C@]1(C(=O)Nc2ccc(CNC(=O)OC(C)(C)C)cc2)CC1,0.795,3.221,-8.55,-8.4,seed42
[C@]1(c2ccccc2)NC(=O)N(CC(=O)Nc2ccccc2)C1=O,0.745,3.187,-9.15,-10.7,seed42
[C@](O)(c1ccccc1)[C@H]1CCCC1=O,0.675,3.831,-8.45,-8.0,seed42
[C@]1(C#N)CCc2c1ccc1ccccc21,0.528,3.612,-8.7,-8.3,seed42
[C@]1(Cc2cccc([N+](=O)[O-])c2)c2c(F)cccc2O1,0.527,3.594,-9.25,-9.4,seed42
[C@]1(NC(=O)Nc2nncs2)CC(=O)N(CC(C)(C)C)C1=O,0.71,4.218,-8.75,-9.1,seed42
[C@](O)(c1ccc(Cl)cc1)NC(=O)Cc1ccc(F)cc1,0.81,3.077,-9.0,-9.6,seed42
[C@]1(C(C)C)CCC[C@@H]1NC(=O)c1csc(Br)c1,0.797,4.429,-8.15,-8.2,seed42
[C@]1(CC2C[C@@H](C(N)=O)C2)CCC1(CO)Cc1ccccc1,0.744,4.419,-8.95,-9.4,seed42
[C@]S[C@H](C)C(=O)N[C@@H](C)c1cccc(-n2ccnc2)c1,0.819,4.498,-8.45,-8.5,seed42
[C@]1(Cc2cccc(F)c2)NC(=O)N(CC(=O)[O-])C1=O,0.621,4.141,-8.8,-8.6,seed42
[C@]1(C(=O)[O-])CCCN(C(=O)[C@@H](C)c2ccccc2)C1,0.704,4.281,-8.7,-8.5,seed42
[C@]1([O-])CCC[C@H]1OC1CCN(C(=O)Cc2ccccc2)CC1,0.75,4.082,-8.95,-10.0,seed42
[C@](C#N)(F)COc1ccccc1C(F)(F)F,0.65,3.627,-8.1,-7.3,seed42
[C@]1(C[NH+]2CCC(OCc3ccc(F)cc3)CC2)NC(=O)N(Cc2ccc(C(C)C)cc2)C1=O,0.505,4.426,-9.5,-9.4,seed42
[C@](O)(c1ccccc1)c1nnnn1C1CC1,0.738,3.6,-8.55,-8.2,seed42
[C@](c1ccc(Br)o1)c1cc(F)ccc1OCc1nnco1,0.603,4.241,-9.0,-9.4,seed42
[C@](O)(CNc1ccc(CCCN2CCOCC2)cc1)c1ccc(F)cc1,0.659,3.278,-9.0,-9.7,seed42
[C@]1([C@@](C)(C)CCCNC(=O)c2cc[nH]n2)CCC1(C)C,0.683,4.422,-8.55,-8.8,seed42
[C@](C#N)(NC(=O)NCC1(O)CCCCC1)c1ccc(F)cc1,0.697,3.766,-8.85,-9.0,seed42
[C@](O)(c1ccccc1)[N+](=O)[O-],0.411,3.355,-7.95,-6.5,seed42
[C@]1(C#N)CCC/C1=N\NC(=O)CNc1ccc(F)cc1F,0.734,3.889,-8.85,-9.8,seed42
[C@](O)(c1ccc(F)cc1)S(=O)(=O)/N=C/c1ccccc1,0.78,3.503,-8.8,-9.7,seed42
[C@]1(C(=O)c2ccccc2)c2ccccc2O1,0.611,3.192,-8.85,-9.0,seed42
[C@](O)(c1ccccc1)[C@@H]1CS(=O)(=O)c2ccc(F)cc21,0.765,4.174,-9.3,-8.8,seed42
[C@](COCCNC(=O)COc1cccnc1F)c1ccc[nH]1,0.439,4.074,-8.15,-8.2,seed42
[C@]1(C)CCC[C@@H]1CNS(=O)(=O)c1ccccc1F,0.813,3.999,-8.85,-8.8,seed42
[C@](O)(CCCCCNC(=O)N1CC[C@@H](O)C1)=N/NC(=O)c1cc(F)ccc1F,0.132,4.056,-9.25,-9.8,seed42
[C@]Oc1ccc(CNC(=O)NCc2cnn(C)c2)cc1Cl,0.788,3.669,-8.7,-8.9,seed42
[C@](O)(CN1CCc2ccccc21)C(F)(F)F,0.743,3.553,-8.3,-7.8,seed42
[C@](O)(c1ccc(F)c(F)c1)C1CCCCC1,0.711,3.302,-8.65,-8.5,seed42
[C@]1(C(C)C)[C@@H](C(=O)[O-])NC(=O)N1CCc1ccccc1,0.752,4.408,-8.7,-7.9,seed42
[C@](O)(c1ccco1)n1cnnc1Cc1cc(Cl)cc2c1CCCC2,0.684,4.066,-9.25,-11.0,seed42
[C@](CC(=O)Nc1cccc2c1OCCO2)c1cc(Cl)ccc1Cl,0.798,3.683,-9.15,-10.2,seed42
[C@](C#N)(OCc1cccc(C)c1)N1CCC[C@@H]1c1ccc(F)c(F)c1,0.695,3.983,-9.2,-9.8,seed42
[C@]Oc1ccc(NC(=O)C[NH+]2CCC(C(=O)Nc3ccccc3F)CC2)cc1OC,0.545,4.422,-9.3,-9.4,seed42
[C@](C#Cc1ccccc1)C(=O)Nc1c[nH]nc1-c1ccc(Cl)cc1Cl,0.571,4.097,-9.3,-10.1,seed42
[C@](COC(=O)c1cnc(-c2ccccc2)nc1)c1cccc(F)c1,0.574,3.462,-9.2,-10.1,seed42
[C@]1(COc2ccc(C#N)c(Cl)c2)[C@H]2CC[C@@]12C,0.717,4.389,-8.5,-8.3,seed42
[C@](O)(Cc1ccccc1)C(=O)NCc1ccc(F)cc1F,0.789,3.186,-8.9,-9.7,seed42
[C@]1(C(=O)Nc2cccc(-n3cccn3)c2)CCCN(c2ncn[nH]2)C1,0.658,3.985,-9.25,-11.0,seed42
[C@](Cl)C(=O)Nc1sc2ccccc2c1NC(=O)Cc1cccc(Br)c1,0.488,3.749,-9.05,-9.9,seed42
[C@]1(C#N)C2=Cc3ccccc3n2[C@H]1C(=O)Nc1ccc(C(N)=O)cc1,0.671,4.075,-8.95,-8.5,seed42
[C@]1(COc2ccccc2)NC(N)=NO1,0.627,3.973,-8.5,-8.1,seed42
[C@](O)(c1ccccc1)c1ccccc1F,0.691,2.843,-8.6,-8.4,seed42
[C@](N)c1nc2ccccc2cc1OC1CCCCC1,0.755,3.568,-8.8,-9.3,seed42
[C@](c1ccccc1OCc1cccc(C(F)(F)F)c1)[NH+]1CCCC1,0.785,4.236,-9.0,-9.5,seed42
[C@]1(c2ccccn2)NC(=O)N(CCCC(=O)N(C)[C@@H]2CCc3ccccc32)C1=O,0.667,4.242,-9.45,-10.6,seed42
[C@](C#N)(OC[C@@H](O)c1ccccc1)c1ccc(-c2ccccc2)cc1,0.624,3.704,-9.3,-10.8,seed42
[C@]1(CC2CN(c3ncccn3)CCC2=O)CC1,0.691,4.485,-8.6,-7.5,seed42
[C@]1(C)C[C@@](CO)(CC(=O)N/N=C/c2ccco2)C1,0.513,4.038,-8.3,-7.9,seed42
[C@]1(NC(=O)Cc2ccccc2)Oc2ccc3c(C#N)cccc3c21,0.707,3.487,-9.6,-10.2,seed42
[C@]=CCNC(=O)Nc1cnccc1C#Cc1ccccc1,0.745,3.95,-9.05,-8.3,seed42
[C@]1(c2ccccc2)NC(=O)N(CC(=O)Nc2ccccc2OC(F)F)C1=O,0.66,3.463,-9.05,-10.0,seed42
[C@](O)(c1ccccc1)c1cccc(CNC2CC2)c1,0.756,3.026,-8.75,-9.6,seed42
[C@]1(C#N)CCC[C@@H]1CCc1ccc(Br)cc1,0.709,4.153,-8.45,-8.0,seed42
[C@](CO)c1ccc(F)c(S(=O)(=O)C2CCCC2)c1,0.81,3.898,-8.75,-9.0,seed42
[C@](C#C[C@H]1CCCCN1C(=O)CCN1CCCC1=O)c1ccc(F)cc1,0.68,4.365,-9.6,-8.7,seed42
[C@]1(C#N)CCN(c2cc(OSc3ccccc3)ncn2)C1,0.709,4.243,-8.6,-9.0,seed42
[C@](O)(C[NH+](C)C(=O)c1ccc(Cl)cc1)c1ccc(Cl)cc1,0.808,4.467,-8.8,-9.0,seed42
[C@](C#N)(OCc1csc(Cc2cccc(Cl)c2)n1)n1nnnc1C,0.572,4.012,-8.85,-9.4,seed42
[C@](O)(C[NH2+]C1CC1)Nc1cccc2ccccc12,0.649,4.155,-8.65,-8.5,seed42
[C@]1(C#N)CCCN(c2ccc(Cl)c(S(=O)(=O)NC(F)(F)F)c2)C1,0.735,4.097,-8.85,-8.0,seed42
[C@](O)(c1ccccc1)C(=O)N[C@@H](CS(C)(=O)=O)[C@H](c1ccc(F)cc1)c1ccccc1,0.462,4.287,-5.0,-8.8,seed42
[C@](C#N)(Oc1ccc(F)cc1)c1cnc2ccccc2n1,0.638,3.438,-8.95,-9.8,seed42
[C@](C(=O)Nc1ccccc1F)N1CCN(c2ccccc2F)CC1,0.837,3.511,-9.0,-10.1,seed42
[C@](O)(c1ccccc1)[C@H]1CCC[C@@H]1OC(=O)C1CCCC1,0.756,4.16,-9.0,-9.5,seed42
[C@](C#N)(OC1CCN(C(=O)C2CC2)CC1)c1ccncc1,0.747,3.734,-8.7,-8.0,seed42
[C@]1(N)CC[C@@H](Oc2ccc(Cl)cc2Cl)C1,0.766,4.095,-8.45,-7.4,seed42
[C@]1(c2ccccc2)NC(=O)N(c2cccc(Sc3ccc(F)cc3Cl)c2C)[C@@H]1C,0.421,4.27,-9.45,-9.1,seed42
[C@](CN[C@@H](c1ccccc1Cl)c1cccs1)(c1ccccc1)c1ccncc1,0.3,3.968,-9.5,-8.2,seed42
[C@](CCN(C)c1ccccc1O)Cc1ccccc1,0.696,3.526,-8.6,-9.1,seed42
[C@](C#N)(OCc1ccc2c(c1)OCCO2)c1c[nH]c2cccc(F)c12,0.688,3.772,-9.3,-10.5,seed42
[C@]n1c(=O)c(C(=O)N2CCCCC2)ccc1SCC(=O)NC1CCCCC1,0.687,3.791,-9.35,-9.6,seed42
c1ccc(CN2CCC[C@@H]2c2cc[nH]n2)cn1,0.775,4.196,-8.4,-8.3,seed42
O=C(CSc1ccccc1)C1CCN(S(=O)(=O)c2cc([N+](=O)[O-])ccc2O)CC1,0.302,3.399,-9.45,-9.8,seed42
Nc1ccc(OCCc2ccc(C#N)cc2)c(Cl)c1,0.768,2.9,-8.7,-8.5,seed42
Brc1cc(F)cc(NC(=O)CN2C(=O)S/C(=C3/C=CCC3)N(c3ccccc3)C2=O)c1,0.467,3.941,-9.5,-11.9,seed42
BrCc1cccn1Cc1coc2ccccc12,0.562,3.462,-8.7,-8.5,seed42
Brc1ccc2ncncc2c1,0.565,3.055,-7.85,-6.8,seed42
Br[C@]1(F)CCN(S(=O)(=O)c2ccccc2)C1,0.685,3.955,-8.4,-8.0,seed42
Br/C=C(/CCO)NCc1ccc(Cl)cc1,0.773,3.631,-8.05,-7.3,seed42
O=C(NCc1cccc(C(F)(F)F)c1)N/N=C/c1ccccc1OCc1ccccc1C(F)(F)F,0.135,3.432,-9.85,-12.3,seed42
[C@]1(C(=O)CSc2n[nH]c(=O)n2Cc2ccc3c(c2)CCCN3)CCCO1,0.653,4.073,-9.4,-9.9,seed42
[C@](COC(=O)c1ccc(I)cc1)c1cccc(OCc2cccnc2)c1,0.286,3.489,-8.85,-9.8,seed42
[C@]1(c2ccco2)NC(=O)N(CC(=O)Oc2ccccc2[N+](=O)[O-])C1=O,0.183,3.773,-8.95,-9.8,seed42
[C@](Cl)c1cccc(CNC(=O)N[C@@H]2CCCC[C@@H]2CO)c1,0.683,4.309,-8.85,-9.0,seed42
[C@]1(CC(C)C)C[C@@H](NCc2ccccc2-c2ccccc2)C(=O)c2ccccc21,0.461,3.933,-9.65,-9.5,seed42
[C@](C#Cc1ccccc1)CC(=O)Nc1cc(C(=O)[O-])ccc1Cl,0.776,3.926,-9.15,-10.3,seed42
[C@]Oc1ccccc1OCc1nc(CC(C)C)cs1,0.702,3.706,-8.3,-8.6,seed42
[C@](O)(c1cnncc1OCC(N)=O)C(c1ccccc1)c1ccccc1,0.583,3.628,-9.3,-7.9,seed42
[C@](C#CCCNC(=O)c1cccc(F)c1)C1(c2ccccc2)CC1,0.56,3.646,-9.1,-10.5,seed42
[C@]1(c2ccccc2)Oc2ccc(Br)cc21,0.658,3.365,-8.8,-7.9,seed42
[C@]O[C@H](c1ccc(Cn2cccc2)cc1)C(=O)Nc1cc(C)on1,0.657,4.274,-8.95,-10.1,seed42
[C@](C#N)(CNC(=O)C(=O)Nc1ccc2c(c1)CCC2)c1cccc(F)c1F,0.714,3.678,-9.25,-10.9,seed42
[C@](O)(c1c(F)cccc1F)COc1n[nH]c2ccccc12,0.675,3.608,-9.2,-10.3,seed42
[C@]1(c2ccc(F)cc2)NC(=O)N(Cc2ccccc2)C1,0.813,3.329,-9.0,-9.7,seed42
[C@]1(C#N)N(c2ccc(C)c(C(F)(F)F)c2)C(=O)N(CCc2ccccc2)C1,0.69,3.717,-9.25,-10.7,seed42
[C@](O)(c1ccc([N+](=O)[O-])cc1)C(=O)N1CCC(c2ccccn2)CC1,0.582,3.518,-9.05,-9.9,seed42
[C@]1(CCc2ccccc2F)NC(=O)N1Cc1ccc(C#N)cc1,0.821,3.495,-9.1,-10.1,seed42
Nc1ccc(Sc2nc(N)cc(NCc3ccc4c(c3)OCO4)n2)cc1,0.366,3.493,-9.35,-10.3,seed42
CC(C)c1ccccc1NC(=O)CN1C(=O)N[C@](C)(c2ccccc2Br)C1=O,0.585,3.654,-9.3,-10.1,seed42
O=C(c1ccc(Cl)cc1Cl)N1CCC(C(F)(F)F)CC1,0.649,3.07,-8.9,-9.3,seed42
[C@]1(NC2CCCCC2)CCSC1(C)C,0.653,4.21,-8.0,-7.4,seed42
c1cnnnc1COc1ccc(S(=O)(=O)N2CCN(c3ccc(F)c(F)c3)CC2)cc1,0.473,3.45,-9.65,-10.5,seed42
c1ccc(CNc2ccc(Br)c(O)c2)cc1,0.795,2.752,-8.5,-8.8,seed42
c1ccc(-c2ccccc2NCC(=O)N2CCN(c3cccc(Cl)c3)CC2)cc1,0.564,2.939,-9.75,-10.7,seed42
[C@](O)(c1ccc([N+](=O)[O-])cc1)c1ccc(NCC(=O)NC2CC2)cc1,0.431,3.233,-9.0,-9.1,seed42
[C@]/C=C1/N=C(c2ccc(OC(C)C)c(OC)c2)C(=O)N=C1SCc1cccc(I)c1,0.38,4.249,-8.85,-10.2,seed42
[C@](C#Cc1ccccc1Cn1cccn1)NC(C1CC1)C1CC1,0.556,4.148,-8.8,-8.7,seed42
[C@]1(c2ccc(F)cc2F)NC(=O)N(Cc2cccc3ccccc23)C1=O,0.631,3.44,-9.75,-11.2,seed42
c1ccc(-c2coc(C(=O)N3C[C@@H]4CCC[C@@H]4C3)c2)cc1,0.738,4.022,-9.3,-10.3,seed42
O=C(c1cccc(F)c1)N1CCN(C(=O)/C=C/CCc2cc(F)ccc2F)CC1,0.618,3.297,-9.45,-10.0,seed42
[C@]1(CC(=O)Nc2nc3ccc(Cl)cn3n2)CCCN(Cc2ccc([O-])cc2)C1,0.615,4.299,-9.5,-11.0,seed42
c1ccc(-c2n[nH]cc2CN(Cc2nc3ccccc2-3)C2CCCC2)cc1,0.579,3.888,-9.8,-10.2,seed42
[C@](O)(c1ccccc1)[C@@H]1CCCCN1C(=O)NNc1ccccc1,0.654,3.791,-9.75,-8.6,seed42
[C@](O)(c1ccco1)[C@@H]1CCCCN1Cc1ccc(OCC(F)(F)F)cc1,0.714,3.959,-8.9,-8.7,seed42
[C@]1(NC(=O)c2cccc(C#N)c2)NCc2c1CC[C@@H](C)C2,0.774,4.471,-9.15,-9.8,seed42
[C@](CCl)(Oc1cnnc(Br)c1)NC1CCCC1,0.748,4.356,-8.25,-8.2,seed42
[C@]1(c2ccc(Cl)cc2)NC(=O)N1CC(=O)NCC1(c2ccccc2)CC1,0.723,3.566,-9.6,-10.3,seed42
[C@](C#Cc1ccc(Cl)c(Cl)c1)[C@H]1Oc2ccccc2NC1,0.692,4.472,-9.25,-10.1,seed42
[C@]1(C)CCC[NH+]1CCN1CCN(c2nc3ccccc3n2Cc2ccccc2)CC1,0.585,4.497,-9.35,-10.1,seed42
[C@](CN(C)C(=O)N1CCCC1)c1nc(C(C)C)nc(C(C)C)c1C,0.728,4.247,-8.8,-10.1,seed42
[C@]1(NC(=O)c2ccc[nH]2)Nc2c(Cl)cccc2N1,0.571,4.061,-8.8,-9.2,seed42
[C@]#CC1CCN(C(=O)NC[C@H](c2ccco2)N2CCOCC2)CC1,0.753,4.409,-8.5,-8.9,seed42
[C@]#Sc1n[nH]c2c1CN(C1CCCCC1)CC2,0.728,4.297,-8.15,-8.3,seed42
[C@]#CCNC(=O)CC[S@@](=O)Cc1ccc(C(F)(F)F)cc1,0.717,4.445,-8.4,-8.8,seed42
[C@](O)(c1ccc(F)cc1)c1nnc(SCc2cccc(Cl)c2)o1,0.589,3.459,-9.2,-10.3,seed42
[C@](Cc1ccccc1)c1ccc(Cl)nc1,0.616,3.417,-8.55,-8.4,seed42
[C@](C#Cc1ccccc1)c1ncc[nH]1,0.567,4.111,-8.2,-7.8,seed42
[C@]1(c2ccccc2)NC(=O)N(Cc2ccc(F)cc2)C1,0.813,3.335,-9.1,-9.9,seed42
[C@](C(=O)c1ccc(F)cc1)N1CCN(C(=O)c2ccccc2[N+](=O)[O-])CC1,0.359,3.587,-9.15,-10.1,seed42
[C@]1(c2ccccc2)OCC[C@@H]1OC1CCC1,0.675,4.126,-8.3,-8.0,seed42
[C@](CCl)c1ccc(F)c(C(F)(F)F)c1,0.433,3.96,-8.15,-7.9,seed42
[C@](C#Cc1nccc2ccccc12)NC[C@H](O)c1cccc(Cl)c1,0.335,4.382,-9.15,-10.5,seed42
O=C(Nc1ccccc1OCc1ccccc1)[C@H]1COCCO1,0.822,3.39,-8.95,-8.8,seed42
Nc1ccccc1COc1ccc([N+](=O)[O-])c(Cl)c1,0.428,2.986,-8.8,-9.0,seed42
[C@](C#N)([C@H]([NH3+])c1ccccc1)c1ccccc1O,0.756,4.298,-8.55,-8.5,seed42
[C@](O)(CCNC(=O)c1cc(F)cc(F)c1)N1CCN(c2ccccc2)CC1,0.717,3.304,-9.3,-9.2,seed42
[C@]1(C)[C@@H](CCO)C[C@@H]1NC(=O)Nc1cccc(-c2ccccn2)c1,0.69,4.264,-9.3,-10.2,seed42
[C@](O)(c1ncc[nH]c1=O)c1c(O)ccn1Cc1ccc(Cl)cc1Cl,0.563,3.938,-8.95,-8.8,seed42
[C@](C#N)(O[C@@H](C)C(=O)Nc1ccc(F)cc1)c1cccc([N+](=O)[O-])c1,0.541,3.841,-9.1,-9.9,seed42
[C@]1(C#N)CN(c2ccc(OC(F)F)cc2)CN1C(=O)c1cccs1,0.75,3.928,-8.85,-8.3,seed42
[C@]1(C#N)COc2ccc(S(=O)(=O)CCC(F)(F)F)cc21,0.759,4.088,-8.7,-7.8,seed42
[C@](O)(c1ccccc1)C1(CNC(=O)c2cccc(I)c2)CC1,0.644,3.442,-9.1,-10.0,seed42
[C@](O)(c1nc(C2CC2)no1)[C@@H](CO)c1ccc(Cl)cc1,0.786,4.209,-8.7,-8.7,seed42
n1cnn(-c2ccc(C(=O)Nc3nc(-c4ccc[nH]4)ccc3)cn2)c1,0.497,3.571,-9.3,-10.3,seed42
n1ccnc(Nc2cccc(C(F)(F)F)c2)c1,0.774,3.043,-8.65,-8.9,seed42
[C@](C#N)([C@H]([O-])Cc1ccc(Cl)cc1)NC(=O)N(C)c1ccc(F)cc1,0.791,4.306,-9.1,-9.0,seed42
[C@](F)(c1ccc([N+](=O)[O-])cc1)N1CCOCC1,0.358,3.42,-8.25,-7.8,seed42
[C@]1(C#N)CCN(C(=O)Cc2ccc(Br)s2)C1,0.741,4.081,-8.1,-7.9,seed42
O=C(COc1ccccc1Br)[C@@H]1CN(C2CC2)CC[C@@H]1c1c[nH]c2ccccc12,0.462,4.282,-9.4,-8.0,seed42
Fc1ccc(S(=O)(=O)N[C@@H]2CCCC2(CO)C(F)(F)F)cc1,0.725,4.453,-8.75,-8.3,seed42
[C@]([C@@H]1CCCCN1c1ccc(F)cc1)C(=O)Nc1ccccc1OCn1ccccc1=O,0.509,4.246,-9.6,-9.9,seed42
[C@](CNC(=O)Cc1ccc(C(F)(F)F)cc1)NNc1ncccn1,0.308,3.841,-8.95,-9.7,seed42
[C@](C#N)([C@H]1CCCN1c1ncnc(Nc2ccc(C)cc2)c1[N+](=O)[O-])c1ccccc1,0.366,4.138,-9.1,-8.3,seed42
n1cncn1CN1CCc2ccc(F)cc21,0.664,3.533,-8.5,-7.8,seed42
[C@]O[C@H](Cn1cnc(-c2cccc(OC)c2)n1)C(=O)NCC#Cc1ccccc1,0.528,4.419,-8.85,-9.3,seed42
[C@](CC(=O)NCCCNC(=O)c1ccccc1)c1ccc(C(C)(C)C)cc1,0.601,3.336,-9.15,-9.9,seed42
[C@]1(c2ccccc2)NC(=O)c2cccnc2N1CC(=O)Nc1ccc(N2CCCC2=O)cc1,0.536,3.592,-10.05,-9.5,seed42
c1ccc2c(c1)N(Cc1ccc[nH+]c1)CCC2,0.667,4.104,-8.85,-8.2,seed42
c1cncc(C(C)(C)NS(=O)(=O)CCO)n1,0.638,3.989,-8.15,-6.5,seed42
[C@]c1c(C)[nH]c2cc(C(=O)Nc3cccnc3OC)c(=O)n(C)c12,0.669,4.009,-9.55,-9.3,seed42
c1cc([C@@H]2C-c3ccccc3C(=O)N2C(C)C)nc2ccccc12,0.603,3.778,-9.55,-8.2,seed42
c1ccc(COc2nc3ccccc3[nH]2)cc1C(=O)[O-],0.677,3.526,-8.95,-10.2,seed42
[C@]c1c(C)sc(CCNC(=O)c2cc([N+](=O)[O-])cc([N+](=O)[O-])c2C)n1,0.522,4.054,-8.9,-9.7,seed42
[C@](c1cccc(Cl)c1)n1cnc2ccc(SCC(=O)NCc3ccc(F)cc3)cc2c1=O,0.307,3.747,-9.6,-11.0,seed42
[C@]1(C#N)C[C@H](Oc2ccccc2)c2ccccc21,0.694,3.999,-8.95,-8.5,seed42
[C@]c1cccc(NC(=O)c2cnc([C@H](C)O)n2Cc2ccccc2)c1,0.654,4.23,-9.15,-10.0,seed42
c1ccc(CNC2CCC(Oc3cccnc3)CC2)c(F)c1,0.814,3.101,-8.95,-9.6,seed42
c1nc(C[NH2+]Cc2cccnc2)sc1Cc1ccccc1,0.659,4.026,-8.55,-8.9,seed42
c1ccc(OCCNC(=O)CN2CC[NH+](S)CC2)cc1,0.377,4.047,-8.3,-7.7,seed42
c1ccc(C2=NOc3c2cnn3CC(N)=O)cc1,0.647,3.6,-8.95,-9.1,seed42
c1cc2cc(-c3ccccc3)nc(-n3cccc3)c2c(=O)n1COC(=O)c1ccccc1,0.287,3.532,-10.15,-10.8,seed42
[C@](C(=O)OCc1ccccc1Br)[C@H]1CCCO1,0.702,4.339,-8.45,-8.1,seed42
[C@]1(CCc2ccccc2)NC(=O)N(Cc2cccc(C(F)(F)F)c2)C1=O,0.721,3.435,-9.35,-11.9,seed42
O=C([O-])c1ccc(CN2C(=O)[C@@H]3CCCC[C@@H]3C2=O)cc1,0.667,4.107,-9.05,-10.1,seed42
C=CCN(C)C(=O)COc1cccc2ccccc12,0.669,2.984,-8.7,-9.1,seed42
NC(=O)COc1cccc(NC(=O)/C=C/c2ccccc2[N+](=O)[O-])c1,0.353,3.086,-9.0,-10.3,seed42
[C@](C#Cc1ccccc1)NC(=O)Nc1ccc([N+](=O)[O-])c(Cl)c1,0.292,3.729,-9.2,-9.3,seed42
[C@]1(C#N)CC[C@@H](Nc2ccc(Cl)cc2C(F)F)c(=O)n1Cc1ccccc1,0.689,4.211,-8.95,-8.8,seed42
[C@](O)(c1ccccc1)[C@H]1CCCCN1Cn1c(=O)[nH]c2ccccc21,0.67,3.965,-9.6,-8.7,seed42
c1ccc(C[C@@H]2Sc3ccccc3NC2=O)cc1,0.791,3.383,-8.75,-8.0,seed42
c1ccc(CC(=O)Nc2ccc(-c3nnc4n3CCC4)cc2F)cc1,0.696,3.079,-9.65,-11.2,seed42
c1ccc(C[NH+]2CCC(Oc3ccc(C(F)(F)F)cn3)CC2)cc1,0.829,4.35,-9.15,-10.6,seed42
c1nn(CC(C)C)c(C(=O)NCCOc2ccccc2)c1Cl,0.698,3.177,-8.55,-8.8,seed42
[C@](c1ccc2ccccc2c1O)c1n[nH]c(C2CC2)n1,0.663,3.976,-9.15,-10.0,seed42
[C@](O)(C1CCCCC1)C(=O)c1c(Cl)cccc1Cl,0.72,3.412,-8.65,-7.6,seed42
[C@](O)(c1ccc([N+](=O)[O-])cc1)c1cc(Br)cc(Cl)n1,0.424,3.646,-8.7,-8.5,seed42
[nH]1C[C@H](C(=O)NCc2ccc(NCc3ccccc3)s2)cn1,0.666,4.297,-8.9,-9.3,seed42
[C@]1(CO)C[C@H]1CNC(=O)c1ccccc1C1=CCCC1,0.764,4.322,-9.0,-8.4,seed42
C[C@H]1C[C@H](C)CN(S(=O)(=O)Nc2cccc(Cl)c2)C1,0.833,3.88,-8.65,-9.7,seed42
Nc1nc(SCC(=O)NC2CCCC2)c[nH]1,0.589,3.782,-8.3,-7.6,seed42
c1ccc(-c2nnc(CNC(=O)C3CC[NH+](CC4CC4)CC3)n2CC(C)C)cc1,0.617,4.349,-8.95,-9.7,seed42
[C@](O)(c1ccccc1)[C@H]([NH3+])c1ccc(Br)s1,0.799,4.479,-8.35,-7.7,seed42
[C@](C)(CNC(=O)N[C@H]1CCC[C@@H](C(N)=O)C1)NC1CC1,0.475,4.43,-8.9,-8.8,seed42
N#Cc1cccc(C(=O)NCc2nc3ccccc3c(=O)[nH]2)c1N,0.528,3.408,-9.3,-10.2,seed123
NC(=O)C[C@H](Cc1ccccc1)N(C)S(=O)(=O)C1CCCC1,0.728,3.915,-8.85,-8.6,seed123
Nc1ccc2c(c1)ncn2NCc1ccco1,0.572,3.576,-8.75,-8.1,seed123
NS(=O)(=O)c1cc(C(=O)N2CCC[C@@H]2c2ccc(F)cc2F)on1,0.797,4.134,-9.0,-9.0,seed123
Cc1cc(C)cc(NC(=O)C(=O)Nc2ccc(F)cc2Cl)c1,0.729,2.901,-9.3,-10.5,seed123
CCn1c(=O)c(C(=O)Nc2ccc(Br)cc2)cn2nc(C)nc21,0.66,3.522,-9.05,-9.7,seed123
C[S@](=O)c1ccc(CNC2CCCC2)c(Br)c1,0.824,3.938,-8.35,-7.9,seed123
Cc1ccc([C@H](C)NC(=O)N(C)CCC2CCCC2)cc1,0.762,3.472,-8.95,-9.9,seed123
COc1c(C)scc1C(=O)Nc1ccc2oc(C)c(C)c2c1,0.663,3.433,-9.2,-9.5,seed123
Cn1cnnc1SCC(=O)N(C)CCOc1ccccc1,0.625,3.136,-8.25,-8.2,seed123
[S@](=O)c1ccc(CNC(=O)[C@@H]2CCCC[C@@H]2C(=O)[O-])cc1,0.755,4.491,-8.9,-8.5,seed123
S1CCC[C@@H]([C@@H](CNC(=O)c2ccc(O)c(F)c2)N2CCOCC2)C1,0.734,4.386,-9.05,-8.4,seed123
O=C(N/N=C/c1ccc(F)cc1)c1cccc(F)c1,0.569,2.728,-8.85,-10.2,seed123
OC[C@@H](Nc1cccc(Cl)c1)C(=O)[O-],0.632,3.965,-8.05,-7.1,seed123
O=C(Nc1nc2cc(Cl)ccc2o1)c1c(F)c([N+](=O)[O-])ccc1O,0.45,3.603,-9.5,-11.2,seed123
CSc1ncccc1C(=O)Nc1nnc(-c2cccc(Cl)c2Cl)s1,0.536,3.348,-9.1,-8.8,seed123
S1=C/C(=C/c2ccc(NC(=O)C3CC3)cc2Br)S1,0.275,4.305,-8.5,-8.6,seed123
Sn1c(Cc2cccs2)nnc1SCC(=O)Nc1ccc(Cl)cc1Cl,0.34,3.613,-8.55,-8.8,seed123
S=C(NCC(F)(F)F)N(Cc1ccco1)c1ccccc1,0.771,3.39,-8.6,-7.2,seed123
S/C(=N/C(=C\NN=S)Nc1cccc(C(F)(F)F)c1)Nc1ccccc1Cl,0.12,4.267,-8.6,-6.1,seed123
SCCn1c(=O)[nH]c(=O)c2cc(Cl)ccc21,0.696,3.432,-8.3,-7.4,seed123
COc1cc(OC)c(C(=O)[C@H](C#N)c2nc3ccccc3s2)cc1OC(F)F,0.443,3.979,-8.85,-10.1,seed123
O=C(Nc1ccc(Cl)c(Cl)c1)c1ccc(Cl)c(-c2ccncc2)c1,0.512,2.846,-9.45,-11.3,seed123
n1cncn1CCNC(=O)c1cc(-c2ccccc2F)nn(C#N)c1=O,0.609,3.783,-9.3,-10.3,seed123
O=C(NCCOc1ccccc1)Nc1cccc(OCc2ccc(F)cc2)c1,0.461,2.774,-9.35,-10.4,seed123
NC(=O)COCCNC(=O)c1ccc([N-]S(=O)(=O)c2ccc(F)cc2)cc1,0.522,3.973,-8.9,-9.2,seed123
COc1ccc(-c2cc(C(=O)[C@@H](C(C)(C)C)C(C)C)ccc2O)cc1,0.624,3.729,-9.2,-8.2,seed123
O=C(Cn1c(=O)[nH]c2ccccc21)Nc1ccccc1OCC(F)(F)F,0.63,3.159,-9.1,-10.4,seed123
[NH3+]Cc1ccc(OC[C@H]2COc3ccccc32)cc1,0.809,4.1,-8.9,-9.0,seed123
[NH3+]Cc1ccc(N2CCOCC2)cc1C(F)(F)F,0.771,3.768,-8.6,-8.2,seed123
[NH3+][C@@H](c1ccccc1F)C1CCCCC1,0.674,4.099,-8.5,-8.1,seed123
[C@@H]O[C@@H](CNC(=O)Cc1ccc(-c2ccccc2)cc1)c1ccc(Cl)cc1,0.522,3.657,-9.15,-10.5,seed123
[C@@H](CNC[C@H]1CCCO1)N[C@H](C)c1ccc(C(N)=O)cc1,0.532,4.362,-8.45,-8.7,seed123
[C@@H]1[C@H](c2ccc(Cl)cc2)Nc2c1ccc1ccc(Cl)cc12,0.493,4.142,-5.0,-9.8,seed123
[C@@H](C#N)S(=O)(=O)NNC(=O)CSCc1ccccc1,0.616,3.76,-8.45,-7.8,seed123
[C@@H]1C(C)(C)C[C@H]1C(=O)NCc1cccc([N+](=O)[O-])c1,0.568,3.982,-8.75,-9.1,seed123
[C@@H]1C(=O)N(CCc2cccc(Cl)c2)Nc2cc(S(N)(=O)=O)ccc21,0.767,3.927,-9.35,-9.7,seed123
[C@@H](C)c1ccc(C(=O)N2CC[C@@H](CO)C2)c(OCc2ccccc2)c1,0.779,3.726,-9.2,-9.7,seed123
[C@@H]1CCCN(C(=O)c2ccccc2OC2CCC(C(=O)[O-])CC2)C1,0.745,3.961,-9.35,-9.4,seed123
[C@@H](C)c1ccc(CNC(=O)c2ccc(NC(=O)c3ccoc3)cc2)cc1,0.607,3.224,-9.25,-10.2,seed123
[C@@H]1CCCCN1C(C)C,0.419,4.205,-7.35,-5.6,seed123
[C@@H]S(=O)(=O)c1ccc(C(=O)N2CCOCC2)cc1,0.687,3.297,-8.45,-8.1,seed123
[C@@H]OC(=O)CCN1C(=O)c2ccc(S(=O)(=O)NCc3ccccc3C)cc2C1=O,0.445,3.58,-9.2,-10.4,seed123
[C@@H](C(=O)N1CCN([C@@H](C)c2ccccc2)C[C@@H]1O)c1ccc([N+](=O)[O-])cc1,0.547,4.42,-9.05,-9.5,seed123
[C@@H]([NH3+])c1cc(Cl)ccc1OC[C@H]1CCCCO1,0.795,4.196,-8.6,-8.2,seed123
[C@@H]OCCS(=O)(=O)Cc1cccnc1OCc1ccccc1,0.647,3.652,-8.55,-7.9,seed123
[C@@H]Oc1ccc(NC(=O)COc2ccccc2C(=O)OCc2ccccc2)cc1,0.487,3.13,-9.15,-9.8,seed123
[C@@H]1CCN(CCOc2c(Cl)cccc2Cl)C1,0.722,3.576,-8.25,-7.2,seed123
[C@@H]1CCC[C@@H]1CNC(=O)Nc1ccc(Cl)cc1Cl,0.762,3.971,-8.6,-9.2,seed123
[C@@H]#Cc1cccc(C(=O)Nc2c(F)cccc2F)c1,0.722,2.98,-9.3,-9.6,seed123
[C@@H](C)[C@@H](NC(=O)c1ccccc1Br)C(=O)N[C@@H](c1ccccc1)c1ccccc1,0.45,3.762,-9.55,-8.7,seed123
Nc1cccc(OCC(=O)N2CCC[C@H]2Cn2cccn2)c1,0.75,3.735,-8.9,-9.2,seed123
Cc1cccc(NC(=O)CN(C)c2[nH+]ccn2C)c1,0.797,4.189,-8.5,-8.5,seed123
CC(=O)N/C(=C\c1cc2ccccc2c2c(Cl)cccc21)c1ccc(C)cc1,0.213,3.445,-10.25,-11.1,seed123
O=C(Cn1ccsc1=O)N1CCN(c2ccc(Br)cc2)CC1,0.716,3.268,-8.75,-8.4,seed123
FC(F)(F)C1NN(C(=O)c2c(F)cccc2Cl)C1,0.702,4.246,-9.15,-7.9,seed123
FC(F)(F)CS(=O)(=O)c1ccc(Cl)cc1Cl,0.738,3.284,-8.45,-7.4,seed123
FC(F)(F)C1CCN(C(=O)c2ccc(F)cc2Cl)CC1,0.621,3.099,-8.85,-9.3,seed123
Fc1c(Cl)cccc1NCc1cc([N+](=O)[O-])ccc1C#N,0.587,3.278,-8.9,-9.0,seed123
FC(F)(F)c1ccc(Cn2c(=O)[nH]c3ccccc32)cc1,0.672,2.94,-9.2,-9.3,seed123
Fc1ccc([O-])c(CSc2nccs2)c1,0.674,4.029,-8.25,-7.6,seed123
FC(=O)c1cccc(C[NH2+]Cc2ccc(F)cc2Cl)c1,0.746,4.222,-8.95,-10.1,seed123
Fc1ccc(OCCNSc2nnc(Cc3ccccc3)o2)cc1,0.398,3.446,-8.65,-9.6,seed123
FC(F)(F)Oc1cccc(CO/N=C/c2ccccc2)c1,0.513,3.106,-8.8,-10.1,seed123
FC(F)(F)[C@@H](Oc1ccccc1)C(=O)NCc1ccccc1,0.82,3.44,-8.9,-9.6,seed123
Fc1ccc(CN(Cc2cccc(F)c2)C(=O)Cn2cnc3ccccc32)cc1,0.384,3.089,-9.75,-9.5,seed123
FC(F)Cn1nnnc1S[C@@H]1CCCCC1=O,0.723,4.347,-8.4,-8.2,seed123
F[C@H](c1ccccc1)[C@@H]1CN(Cc2cccc(F)c2)CCO1,0.753,3.961,-9.15,-9.4,seed123
Fc1cccc(C(=O)NNc2nncs2)c1,0.694,3.3,-8.6,-9.2,seed123
[C@H](C)NC(=O)Nc1ccc(N(C)C)cc1,0.695,3.383,-8.2,-7.5,seed123
[C@H]1CCCN(C(=O)C(=O)Nc2c(F)cccc2F)C1,0.688,3.717,-8.95,-8.5,seed123
[C@H](C(=O)NCc1ccc(C(C)(C)C)cc1)NCc1ccccc1,0.757,3.203,-8.65,-10.0,seed123
[C@H](C(=O)c1ccsc1)[C@H]1CCCC[C@@H]1c1ccc(Cl)cc1,0.555,4.378,-8.8,-9.1,seed123
[C@H]Oc1ccccc1CN(C)C(=O)Cn1cnc2cc(Cl)ccc2c1=O,0.593,3.553,-9.2,-9.3,seed123
[C@H]Oc1ccc2c(c1)NC(=O)[C@@H]2c1cccc(NC(=O)CCn2cccn2)c1,0.594,4.266,-9.45,-10.3,seed123
[C@H](C#N)CNC(=O)Nc1ccc([N+](=O)[O-])cc1C(F)(F)F,0.406,3.809,-8.6,-8.5,seed123
[C@H](CC[C@H](O)c1ccccc1)C(=O)Nc1ccc(Cl)c(Cl)c1,0.706,3.736,-8.75,-10.0,seed123
[C@H]1CCCN(C(=O)[C@@H]2CCCN(c3cnn(C)c(=O)c3)C2)C1,0.712,4.322,-8.65,-10.0,seed123
[C@H]Oc1cccc(S(=O)(=O)N[C@H]2CCCc3ccccc32)c1F,0.834,4.11,-9.3,-9.4,seed123
[C@H](C)OC(=O)CN1C(=O)/C(=C/Nc2ccc([N+](=O)[O-])cc2)Sc2ccccc21,0.242,3.822,-9.2,-8.2,seed123
[C@H]O/N=C1\Sc2ccccc2N(Cc2cccc(C(F)(F)F)c2)C1=O,0.566,3.867,-9.25,-9.2,seed123
[C@H]1C(=O)c2ccc(O)cc2[C@@H]1C(=O)NCc1ccc([N+](=O)[O-])cc1,0.561,4.132,-9.45,-10.2,seed123
[C@H]Oc1cccc(C(=O)N2CC[C@@](C)(C(=O)N3CCCC3)C2)n1,0.75,4.378,-8.75,-10.0,seed123
[C@H](C(=O)C1CCCCC1)c1ccccc1OCC(N)=O,0.765,3.389,-8.8,-8.9,seed123
[C@H](C)Oc1ccc(=O)n(CCNCc2cccc(C(F)(F)F)c2)c1,0.688,3.714,-8.85,-10.1,seed123
[C@H]Oc1cccc(CN(C[C@@H](O)c2ccccc2)c2nnnn2C2CCCC2)c1,0.533,4.393,-9.45,-8.5,seed123
[C@H]1C(=O)C(=O)N(c2ccc(Cl)cc2)[C@@H]1c1ccc(F)cc1,0.698,3.82,-9.4,-8.5,seed123
[C@H]Oc1ccccc1C[C@@H](C)Nc1ncnc2sccc12,0.678,4.23,-8.75,-9.9,seed123
[C@H]1CC[C@H](Cc2nnnn2Cc2ccccc2)C1,0.724,4.113,-8.7,-9.1,seed123
[C@H](C)c1cccc(NC(=O)Cn2cnc3cc(C(=O)[O-])ccc32)c1,0.673,3.815,-9.35,-10.6,seed123
[C@H](C)C(=O)N(Cc1ccccc1)[C@@H]1CCN(CC(F)(F)F)C1,0.734,3.995,-8.95,-8.3,seed123
[C@H]1C(=O)NC2=C(C(=O)CCC2)[C@H]1c1ccc2nccnc2c1,0.773,4.458,-9.35,-9.8,seed123
[C@H](C#N)CCCn1ncc2ccccc21,0.608,3.84,-8.1,-7.2,seed123
[C@H](C)[C@H](C)NC(=O)CCc1cccs1,0.694,4.104,-8.0,-7.2,seed123
[C@H]1CCCC[C@@H]1c1nc(CCC(=O)N2CCc3ccccc32)cs1,0.72,4.235,-9.45,-10.8,seed123
[C@H]1CCN(/N=C/c2cccc(Cl)c2)C1,0.581,3.969,-8.3,-8.0,seed123
[C@H](C)CNC(=O)Nc1ccc(F)cc1C(=O)[O-],0.703,3.941,-8.6,-7.8,seed123
[C@H]S/C(=C\c1cccc2ccccc12)c1c(C)nn(C2CC2)c1N,0.617,3.966,-8.95,-8.7,seed123
[C@H]1C[C@H](C)CN(C(=O)CNC(=O)c2ccc(O)cc2F)C1,0.783,4.24,-8.95,-8.8,seed123
NC1=NC(=O)[C@H](CSc2ccc3c(c2)OCCO3)C1,0.747,4.35,-8.9,-8.8,seed123
CNC(=O)c1cccc(N)c1COc1cccc(F)c1,0.741,3.048,-9.0,-8.8,seed123
O=C([O-])[C@H]1COc2ccccc21,0.481,4.179,-8.1,-7.0,seed123
[C@H]=C(C#N)Cc1ccc(F)c(C#N)c1,0.562,4.075,-8.15,-7.3,seed123
[C@H](C)c1nc2cc(OCc3ccncc3)nn2c(=O)[nH]1,0.663,4.157,-9.0,-10.1,seed123
[C@H](C#N)c1ccc(COc2ccccc2)nc1,0.7,3.423,-8.25,-8.5,seed123
[C@H]Oc1cccc(-c2csc(NC(=O)CN(C(C)=O)c3ccccc3)n2)c1,0.606,3.557,-9.45,-10.2,seed123
[C@H](C#N)C1=NN(Cc2cccc(C#N)c2O)C(=O)N1Cc1ccco1,0.652,4.176,-8.6,-7.9,seed123
[C@H]Oc1ccc(NC(=O)c2ccc(=O)n(C)c2)cc1[N+](=O)[O-],0.582,3.585,-9.0,-9.4,seed123
[C@H](C)Oc1ccccc1n1c(C(F)(F)F)nc2cc(S(=O)(=O)N3CCCCC3)cnc21,0.479,3.952,-8.95,-9.9,seed123
[C@H]1CCC[C@@H]1C(=O)OCCNC(=O)c1cn(C)nc1C(C)(C)C,0.565,4.483,-8.45,-9.3,seed123
[C@H]Oc1ccccc1OC[C@@H](O)Cc1ccccc1OCC(=O)[O-],0.634,4.269,-8.75,-8.8,seed123
[C@H](C(=O)Nc1ccccc1-n1cccn1)[NH+]1CCC(c2nnc(-c3ccccc3)o2)CC1,0.393,4.33,-9.45,-10.3,seed123
[C@H]Oc1ccc(Br)cc1C(=O)c1ccccc1[O-],0.719,4.075,-8.75,-9.2,seed123
[C@H]1CCN(C(=O)c2cccc([N+](=O)[O-])c2[N+](=O)[O-])C1,0.508,3.812,-8.4,-7.8,seed123
[C@H]Oc1ccc(C(=O)Nc2ccccc2C=O)cc1S(=O)(=O)N1CCC[C@H](C)C1,0.633,4.046,-9.6,-9.8,seed123
[C@H]1C(=O)NC[C@H](CC(=O)Nc2ccc(O)cc2O)C1,0.378,4.362,-8.6,-8.4,seed123
[C@H]Oc1cccc(OCCNC(=O)CCc2nnnn2C)c1,0.609,3.712,-8.5,-8.7,seed123
[C@H]Oc1ccc(NC(=O)Cc2cccnc2Cl)cc1,0.772,3.411,-8.5,-8.8,seed123
[C@H](CCNC(=O)c1cccc(F)c1)n1cncn1,0.709,3.751,-8.5,-8.2,seed123
[C@H]([C@H](C)c1cccc(F)c1)NC(=O)Nc1ccc(F)cc1,0.776,3.829,-9.0,-10.3,seed123
[C@H]Oc1ccc(NC(=O)CSc2nnc(C3CC3)n2C)cc1,0.729,3.518,-8.35,-8.6,seed123
[C@H]1CCc2nc(NC3CCCCC3)ncc2[C@@H]1c1ccccc1,0.807,4.2,-9.05,-9.0,seed123
[C@H]Oc1ccc(CN2CCC[C@@](CC(=O)Nc3nc(C)c(C)o3)C2)cc1,0.759,4.216,-9.3,-9.5,seed123
[C@H]Oc1ccccc1/C=C/C(=O)N[C@@H](CO)C(C)(C)C,0.71,4.319,-8.4,-6.5,seed123
[C@H](C#N)C1=NC(NC(=O)c2ccc(C#N)cc2)c2ccccc21,0.844,4.378,-8.8,-9.2,seed123
[C@H]Oc1ccccc1CNC(=O)N1CCN(c2cc(CCCCC#N)c([N+](=O)[O-])cc2F)CC1,0.238,3.903,-9.15,-10.1,seed123
[C@H]Oc1ccc(NC(=O)CCc2ccc([N+](=O)[O-])cc2)cc1Cl,0.543,3.271,-8.75,-9.5,seed123
[C@H]Oc1ccc(N2C[C@@H](C(=O)Nc3ccccc3)CC2=O)cc1,0.845,3.653,-9.15,-9.7,seed123
[C@H]Oc1ccccc1CCNC(=O)c1cc(C(C)C)ccc1OC,0.741,3.332,-9.0,-9.4,seed123
[C@H](C)C(=O)N1CCO[C@H](c2cccnc2)C1,0.65,4.151,-8.3,-7.6,seed123
[C@H]Oc1ccc(OCCN2CCc3cc([N+](=O)[O-])ccc32)cc1SC,0.326,3.799,-8.7,-8.8,seed123
[C@H]Oc1ccc(NC(N)=O)cc1NC(=O)C[C@H](O)c1ccccc1C(F)F,0.493,4.274,-9.15,-9.4,seed123
[C@H](c1cccc([N+](=O)[O-])c1)[C@@H]1CCCN1C(=O)c1ccc(OC(F)(F)F)cc1,0.459,4.067,-9.25,-10.4,seed123
[C@H]1CCN(C(=O)COCc2ccc(N(C)C3CCCCC3)cc2)C1,0.702,3.642,-8.9,-9.8,seed123
[C@H]Oc1cccc(NC(=O)N(C2CC2)[C@H](C)c2ccco2)c1F,0.798,4.39,-8.8,-8.8,seed123
[C@H](C)NC(=O)N1CCN(C(C)C)CC1,0.615,3.747,-7.8,-6.7,seed123
[C@H]1C(C)(C)C[C@]1(O)C(=O)OCc1ccccc1,0.713,4.007,-8.45,-8.7,seed123
[C@H](CC(=O)N1CCC(NC(=O)c2ccccc2)CC1)c1ccc(Cl)cc1,0.773,3.218,-9.35,-10.1,seed123
[C@H]OC(=O)[C@H](C)c1ccc(Cl)cc1,0.58,3.953,-7.95,-7.1,seed123
[C@H](C)c1ccc(OC(=O)Cc2csc(-c3ccccc3)n2)cc1,0.412,3.291,-9.1,-10.6,seed123
[C@H]1C[C@H](CO)CN(C(=O)Nc2cc(F)ccc2F)C1,0.763,4.192,-8.8,-9.2,seed123
[C@H]1COCCN1Cc1cc2ccccc2cc1OC(F)F,0.761,3.833,-8.85,-9.0,seed123
[C@H](C)C(=O)Nc1ccc(C(=O)Oc2cccc(Cl)c2)cc1,0.591,3.022,-8.9,-9.6,seed123
[C@H]1CC[C@@H](C)[C@@H](Oc2ccc(NC(=O)CN3CCOCC3)cc2)C1,0.801,4.244,-8.75,-9.3,seed123
[C@H]Oc1ccc(NC(=O)c2cc([N+](=O)[O-])ccc2F)cc1OC,0.576,3.342,-8.95,-9.5,seed123
[C@H](C)C(=O)NC[C@H]1CCc2c(O)cccc21,0.712,4.176,-8.85,-8.1,seed123
[C@H]1C=NN=C1c1cccc(OCc2cnn(C)c2)c1,0.736,3.954,-8.8,-8.8,seed123
[C@H]Oc1ccc(CC(=O)N[C@H](C)c2nc(-c3ccccc3C)cs2)cc1C,0.564,4.022,-9.1,-10.5,seed123
[C@H]Oc1ccc(S(=O)(=O)N2CCN(C(=O)c3cccc4ccccc34)CC2)cc1OC,0.512,3.371,-9.45,-10.2,seed123
N#C[C@H](c1ccccc1Cl)N1CC(O)(c2ccncc2)C1,0.846,4.171,-8.55,-9.0,seed123
Cc1ccc(C(=O)N(c2c(F)cc(F)cc2F)C(=O)c2ccccc2C#N)cc1C,0.468,3.502,-9.95,-7.2,seed123
O=C(c1csc(NCCc2ccccc2)n1)NC[C@@H]1CCCO1,0.719,3.546,-8.85,-9.1,seed123
[C@H]Oc1ccc(/C=N\NC(=O)/C(Cl)=C/c2ccc(OCc3ccccc3)c([N+](=O)[O-])c2)c(OC)c1,0.085,3.916,-9.35,-9.0,seed123
[C@H](C)[C@H](NC(=O)C[C@H](O)c1ccc(Cl)cc1)c1cccc(Br)c1,0.65,4.288,-9.0,-9.3,seed123
[C@H]Oc1cccc(C(=O)N(C)Cc2cc(=O)[nH]c([O-])c2C)c1,0.815,4.241,-8.7,-8.9,seed123
[C@H]1CCN(C(=O)CNc2cccc(CC(C)C)c2)C1,0.782,3.52,-8.65,-9.1,seed123
[C@H]Oc1cccc(-c2cc(C(=O)OCc3ccc(OC(C)C)cc3)no2)c1,0.473,3.544,-8.95,-9.9,seed123
[C@H](C)NC(=O)c1ccccc1-n1cccn1,0.746,3.573,-8.3,-7.2,seed123
[C@H]Oc1ccc(NC(=O)C[NH2+]c2ccccc2Oc2ccccc2)cc1,0.544,4.024,-9.25,-10.1,seed123
[C@H]Oc1ccccc1-n1ccc2c(C(=O)[O-])c(C#N)cnc21,0.625,4.407,-8.85,-7.6,seed123
[C@H](C)SCCn1nc2ccc(C(=O)NCc3cccnc3)nc2n1,0.562,4.191,-8.6,-9.0,seed123
[C@H]O/C=C/C=C/C(=O)Nc1ccc(OCC(N)=O)cc1,0.344,3.762,-8.45,-8.5,seed123
[C@H](C[NH3+])c1ccc(Br)cc1C(F)(F)F,0.752,4.417,-8.0,-7.1,seed123
[C@H](C#N)Cn1ncc2c(NC(=O)c3cccc(F)c3)ncnc21,0.694,3.782,-9.2,-9.3,seed123
[C@H]Oc1ccccc1CN(C[C@H]1CCCO1)C(C)=O,0.716,4.081,-8.45,-7.6,seed123
[C@H](C)[C@@H](NC(=O)c1cc(-c2cnn(C)c2)nn1C)C(=O)N(C)C,0.755,4.484,-8.65,-9.6,seed123
[C@H]#CC[C@H](C(=O)[O-])N1C(=O)c2ccccc21,0.554,4.471,-8.5,-7.7,seed123
[C@H](C(=O)C[C@H]1SCCN(c2ccccc2)C1)c1cccs1,0.735,4.359,-8.65,-8.6,seed123
[C@H]1CCCN(C(=O)CN2CCc3cnn(-c4ccccc4)c3C2)C1,0.768,3.785,-9.45,-9.2,seed123
[C@H]1c2ccccc2C(=O)N1c1cc(N2CCOCC2)nc(N2CCCC2)n1,0.731,3.886,-9.75,-9.6,seed123
[C@H]=C(C#N)Cc1cccc(NCCC(=O)N(C)C)c1,0.692,3.769,-8.5,-8.3,seed123
[C@H](C)OC(=O)c1ccccc1CCC(=O)NCc1ccc(F)cc1,0.693,3.244,-9.05,-9.4,seed123
[C@H](C[NH3+])c1ccccc1OC[C@H]1CCCO1,0.707,4.401,-8.1,-8.0,seed123
[C@H]#Cc1ccc(S(=O)(=O)N(CCO)Cc2ccccc2)nc1,0.714,3.449,-8.8,-7.8,seed123
[C@H]Oc1cccc(C(=O)C[C@@]2(O)C(=O)N(Cc3ccccc3)c3ccccc32)c1,0.557,3.908,-9.6,-9.2,seed123
[C@H](C)[C@@H](NC(=O)CN1CCN(Cc2ccccc2)C1)c1nccs1,0.738,4.225,-8.65,-8.5,seed123
[C@H]1C(=O)CN(Cc2ccc(CCO)cc2)C1=O,0.714,3.651,-8.6,-8.4,seed123
[C@H]Oc1ccc(/C=C(/C#N)C(=O)OC(C)C)cc1OC,0.368,3.776,-8.1,-7.2,seed123
[C@H]1CCN(C(=O)C[C@H]2CCCCO2)[C@@H]1c1ccc(Cl)cc1,0.75,4.438,-9.1,-8.1,seed123
[C@H]Oc1ccc(-c2ncoc2)cc1NCc1cc(-c2ccccc2)on1,0.448,3.918,-9.4,-10.3,seed123
[C@H](C#N)NCC1(CN2CCCC2=O)CCCC1,0.632,4.376,-8.2,-7.0,seed123
[C@H]S(=O)(=O)c1ccccc1CNC(=O)NC[C@@H](O)c1ccc(F)cc1F,0.612,4.032,-9.2,-10.3,seed123
[C@H](C#N)[C@@H]1CCCC[C@H]1CNC(=O)CCc1ccc2c(c1)OCO2,0.772,4.458,-8.95,-9.6,seed123
[C@H]1CC[C@H]1NC(=O)NCCc1nc2ccc(F)cc2[nH]1,0.697,4.168,-8.9,-9.5,seed123
[C@H](C#N)CNc1ccc(Br)cc1Cl,0.745,3.929,-7.8,-6.4,seed123
[C@H]Oc1ccc(NC(=O)c2csc(-c3cccc([N+](=O)[O-])c3)n2)cc1,0.452,3.441,-9.05,-10.6,seed123
[C@H](NC(=O)/C=C/c1cccc(C(F)(F)F)c1)c1ccc(Cl)s1,0.696,3.79,-8.9,-10.3,seed123
[C@H]1c2cc(C(=O)NCc3ccccc3)ccc2-n2c1nn1c2nnnc1=O,0.404,4.098,-10.0,-11.6,seed123
O=C1C[C@H](C(=O)N2CCN(c3ccc(OC(F)F)cc3F)CC2)c2cc(S(=O)(=O)N3CCCCC3)ccc2N1,0.476,4.174,-9.85,-12.4,seed123
[C@H]#C[C@](C)(O)CNC(=O)c1ccc2c(c1)COCO2,0.685,4.231,-8.7,-8.7,seed123
[C@H]Oc1cc(C)cc(O[C@@H](C)C(=O)N[C@H](C)c2ccc(F)cc2)c1F,0.76,4.265,-9.05,-9.2,seed123
[C@H]Oc1ccc(NC(=O)c2ccco2)cc1I,0.773,3.601,-8.55,-8.3,seed123
[C@H]/[C@H]/C([O-])=N/S(=O)(=O)c1ccc(Br)cc1,0.51,4.324,-8.25,-7.3,seed123
[C@H]/[C@H]/[NH2+]Cc1ccccc1OCc1cccc(F)c1F,0.761,4.057,-8.6,-8.6,seed123
[NH2+]=C(Nc1cc([N+](=O)[O-])ccc1[N+](=O)[O-])N1CCCCC1,0.262,3.812,-8.65,-8.6,seed123
[NH2+]CCCC(=O)N(CCc1ccccc1)C1CC1,0.667,3.573,-8.35,-7.3,seed123
[NH2+]=C(NC1CC1)N1CCC[C@@H](CNc2ccc(F)cc2)C1,0.468,4.11,-8.7,-8.9,seed123
[NH2+][C@@H](c1ccccc1Br)C1(c2ccc(F)cc2F)CC1,0.786,4.33,-9.0,-9.0,seed123
[NH2+]Cc1cccc(COc2ccc([N+](=O)[O-])cc2)c1,0.555,3.342,-8.8,-9.0,seed123
[NH2+][C@@H]1CN(Cc2ccccc2)CN(C(=O)Cc2cccs2)C1,0.815,4.277,-8.55,-8.2,seed123
[NH2+][C@@H](CC(=O)NCc1c[nH]c2ccccc12)C1CC1,0.634,4.177,-8.75,-9.2,seed123
[NH2+]=C1/C(=C/Nc2ccccc2)SC(=S)N1C1CCCCC1,0.741,3.898,-8.85,-8.7,seed123
[NH2+]CCNC(=O)Nc1ccc(F)cc1,0.526,3.449,-8.25,-7.3,seed123
[NH2+][C@H](c1ccccc1F)[C@@H]1COc2ccccc21,0.761,4.432,-5.0,-9.2,seed123
N#Cc1ccccc1CS(=O)(=O)CC1CC1,0.7,3.286,-8.35,-7.3,seed123
O=C(Nc1cc(C(F)(F)F)cc(Cl)c1)[C@@H]1CC(=O)N(c2ccc(Cl)cc2)C1,0.664,3.577,-9.6,-8.3,seed123
CCOCC1CCN(C(=O)Nc2ccccc2N2CCCC2)CC1,0.797,3.086,-8.7,-8.5,seed123
[NH2+]=C1CSC(=S)N1c1ncnc2cc(Cl)ccc12,0.703,4.321,-8.95,-7.5,seed123
[NH2+]=C1/C(=C/c2ccc(OCCO)cc2)C(=O)N[C@H]1c1cccc(F)c1,0.598,4.256,-9.1,-10.2,seed123
[NH2+]=C1CCCN1CCc1ccc(S(=O)(=O)N2CCCC2)cc1,0.746,3.624,-9.1,-9.6,seed123
[NH2+][C@@H](CSc1ccccc1)C1CCC1,0.65,4.268,-8.05,-7.6,seed123
[NH2+]=C(N[C@H]1CCCNC1=O)c1cc([N+](=O)[O-])ccc1[N+](=O)[O-],0.177,4.489,-8.75,-9.1,seed123
[NH2+][C@H](Cc1cc(C(F)(F)F)ccc1F)c1ccccc1,0.737,4.003,-9.15,-9.4,seed123
[NH2+]CC(=O)Nc1ccccc1C(=O)n1cnc(-c2ccccc2)n1,0.634,3.66,-9.7,-10.1,seed123
[NH2+]=[N+]=Cc1ncc(Cc2ccccc2)s1,0.356,4.284,-8.65,-7.9,seed123
[NH2+]c1ccc(S(=O)(=O)N2CCN(c3ccc(F)cc3C(F)(F)F)CC2)cc1,0.53,3.727,-9.25,-8.3,seed123
[NH2+][C@@H](c1cccc(Br)c1)[C@H]1COc2ccccc2C1,0.808,4.475,-5.0,-9.8,seed123
[NH2+]=C1/C(=C/C=C/c2ccccc2)Oc2ccccc21,0.769,3.824,-9.45,-10.6,seed123
[NH2+]Cc1ccc([N+](=O)[O-])cc1F,0.411,3.96,-7.9,-6.4,seed123
[NH2+][C@@H](CCc1ccc(Br)cc1)C(F)(F)F,0.78,4.275,-8.45,-7.8,seed123
[NH2+]=C(NCc1cncc(C(F)(F)F)c1)NCC1(CC2CC2)CCCCC1,0.434,4.239,-9.05,-10.1,seed123
[NH2+]=C1/C(=C/c2ccc(O)cc2)CS1,0.587,4.27,-8.25,-7.5,seed123
[NH2+][C@H](CN1CCC(c2ccccc2)CC1)c1ccncc1,0.831,4.033,-9.05,-9.6,seed123
[NH2+]=C(N/N=C/c1cccc([N+](=O)[O-])c1)c1ccccc1,0.271,3.594,-8.95,-10.3,seed123
[NH2+]/C=C/C(=O)c1ccc(F)cc1,0.404,3.701,-8.0,-6.9,seed123
[NH2+][C@H](Cc1ccccc1F)c1cncc([N+](=O)[O-])c1,0.568,4.316,-8.8,-8.8,seed123
[NH2+]=C(NCCN1CCCC1=O)c1ccc(Br)cc1,0.515,3.8,-8.6,-9.2,seed123
[NH2+]=C(c1ccsc1)N(CCc1ccccc1)C1CCCC1,0.567,3.69,-9.05,-8.1,seed123
[NH2+]CCC(=O)NC[C@H](c1cccnc1)N1CCCCC1,0.676,4.129,-8.65,-7.8,seed123
[NH2+][C@H](Cc1ccccc1)Cc1cc(F)ccc1F,0.756,3.882,-8.8,-9.0,seed123
O=C(/C=C/c1cccs1)N/N=C/c1ccco1,0.412,3.563,-8.4,-8.2,seed123
CCc1ncc(CN2CCCC[C@H]2Cn2ccccc2=O)cc1C,0.747,3.965,-9.05,-8.9,seed123
N#Cc1cccc(C(=O)N[C@@H](c2ccccc2)c2cccs2)c1,0.686,3.381,-9.15,-9.0,seed123
[NH2+]=C1CSc2ccc(N3CCSCC3)cc2N1,0.693,4.394,-8.6,-8.3,seed123
[NH2+]=C/c1c([N+](=O)[O-])cccc1Sc1ccc(F)cc1,0.428,3.834,-8.55,-8.2,seed123
[NH2+][C@@H](CSc1ccccc1)c1ccc(Br)cc1,0.761,4.0,-8.35,-8.5,seed123
[NH2+]=C1S/C(=C/c2ccc(SCc3ccccc3Cl)o2)S/C1=C\c1c(Cl)cccc1Cl,0.284,4.396,-9.1,-7.9,seed123
[NH2+]=[N+]=Cc1c[nH]c2ccccc12,0.234,4.305,-8.55,-7.3,seed123
[NH2+]Cc1ccccc1CO,0.478,3.883,-7.85,-6.1,seed123
[NH2+][C@H](C(=O)N1CCCCC1)c1cn(Cc2cccnc2)nc1C(F)(F)F,0.788,4.443,-8.95,-8.4,seed123
[NH2+]c1ccc(Cc2nc(Cc3ccccc3)no2)cc1,0.633,3.653,-8.95,-9.9,seed123
[NH2+]=[N+]([O-])c1ccc(S(=O)(=O)N2CCc3ccccc32)cc1,0.416,3.57,-9.2,-8.7,seed123
[NH2+]Cc1ccc(Oc2ccccc2[N+](=O)[O-])cc1,0.559,3.383,-8.85,-8.4,seed123
[NH2+][C@H](Cn1cccn1)C(=O)NCc1ccc(Cl)c(Cl)c1,0.761,4.22,-8.5,-8.9,seed123
[NH2+][C@@H](CSc1ccccc1)c1nccn1Cc1ccccc1,0.612,4.002,-8.8,-9.3,seed123
[NH2+]c1ccc(NC(=O)C2CCC2)cc1Br,0.691,3.756,-8.5,-8.2,seed123
[NH2+][C@@H](Cn1cncn1)c1ccc(F)cc1,0.679,4.403,-8.25,-7.2,seed123
[NH2+]=[N+]([O-])c1ccc(N2CCC(C(=O)NC3(C4CC4)CC3)CC2)cc1,0.385,3.983,-8.75,-9.8,seed123
[NH2+][C@H](C(=O)Cc1cc(C(F)(F)F)c(F)cc1)c1ccccc1C(F)(F)F,0.708,4.271,-9.4,-10.6,seed123
[NH2+][C@@H](CSCc1ccccc1)S(=O)(=O)c1ccc(Cl)cc1,0.777,3.954,-9.0,-8.6,seed123
[NH2+][C@H](Cc1c[nH]c2ccccc12)c1ccccc1,0.601,3.85,-9.1,-9.4,seed123
[NH2+][C@@H]1CC[C@@H](OCc2ccccc2)C1,0.664,4.423,-8.25,-8.0,seed123
[NH2+]Cc1cc(Br)ccc1O,0.591,4.112,-7.75,-6.4,seed123
Nc1ccc2nc(COc3ccc(C(=O)N4CCOCC4)cc3)[nH]c(=O)c2c1,0.565,3.272,-9.65,-11.3,seed123
O[C@@H]1CCCC[C@@H]1c1c(Cl)cccc1Cl,0.692,3.838,-8.5,-7.1,seed123
[NH2+]=C1CSc2cc(C(=O)Nc3ccc(Cl)cc3)oc12,0.788,4.051,-8.9,-10.1,seed123
[NH2+]=C1c2ccccc2C(=O)N1c1cccc(F)c1,0.695,3.495,-9.5,-9.3,seed123
[NH2+]Cc1ccc(OC2CCCC2)cn1,0.674,3.923,-8.2,-7.2,seed123
[NH2+]n1c(OCC(F)(F)F)nnc1SCc1c(F)cccc1F,0.41,4.186,-8.7,-9.5,seed123
[NH2+]=C1CSc2nc(SCc3cccc(Cl)c3)nnc2N1,0.733,4.469,-8.95,-9.2,seed123
[NH2+]CCN1CCN(C(=O)c2nc(C3CC3)no2)CC1,0.633,4.045,-8.25,-8.1,seed123
[NH2+]=C(Nc1ccc2nccnc2c1)N(CCCl)c1ccccc1,0.336,3.787,-8.9,-9.5,seed123
[NH2+]Cc1cccnc1N1CCOCC1,0.585,3.801,-8.1,-6.9,seed123
[C@H]1N/C(=[NH+]/c2ccc(OCCc3ccccc3)cc2)SC1=S,0.725,4.497,-8.85,-9.5,seed123
[C@H](C)CNC(=O)Nc1cc2c(cc1Br)OCCO2,0.801,3.654,-8.55,-8.1,seed123
[NH2+][C@H](CCc1ccc(F)cc1)c1ccc(F)c(F)c1,0.779,3.937,-9.05,-9.4,seed123
[C@H]Oc1ccccc1CC(=O)NCCS(=O)(=O)N1CCC(COc2ccccc2)CC1,0.509,3.573,-9.05,-9.9,seed123
[C@H](C)N(C(=O)C1CCCC1)[C@H](C)c1ccc(CN2CCOCC2)c([N+](=O)[O-])c1,0.426,4.294,-8.65,-8.4,seed123
[C@H]1CCC/C(=C/c2ccc(O)cc2)C1,0.612,3.897,-5.0,-8.1,seed123
[C@H]Oc1ccccc1C[C@@]1(C)CCCN(C(=O)NCc2ccncc2)C1,0.794,4.294,-9.1,-8.3,seed123
O=C(COc1ccc(F)cc1)Nc1ccc(Cl)cc1,0.83,2.404,-8.6,-9.5,seed123
[C@H]OC[C@@H](NC(=O)CSc1nc2ccccc2n1C)c1ccccc1,0.563,3.895,-8.75,-9.2,seed123
[C@H]Oc1cc2[nH]c(=S)n(-c3nccs3)c2cc1OCCO,0.607,4.25,-8.5,-7.1,seed123
[C@H]Oc1cc(C)c(NC(=O)c2ccc(S(=O)(=O)N3CCCC3)cc2)cc1OC,0.703,3.331,-9.15,-10.2,seed123
[C@H]=C(NSc1ccccc1)C(=O)Nc1c(F)cccc1F,0.556,3.774,-8.95,-9.4,seed123
[C@H]1C=[NH+]/C(=C/c2ccccc2Cl)c2ccccc21,0.703,4.3,-9.45,-7.6,seed123
[C@H]Oc1ccc(NC(=O)CSc2nccs2)cc1C(N)=O,0.694,3.692,-8.4,-8.3,seed123
[C@H]#C[C@@H](C(=O)OCCN1CCOCC1)c1ccccc1,0.498,3.809,-8.4,-7.8,seed123
[C@H](N)c1ccc(C#N)cc1OCC(=O)Nc1ccccc1,0.777,3.249,-8.6,-9.3,seed123
[C@H]1CC[C@H](C)C(Nc2ccccc2NC(=O)c2ccccc2F)C1,0.741,4.162,-9.5,-8.7,seed123
[C@H](C#Cc1ccccc1)C(=O)N(C)[C@H](C)Cn1ccnc1,0.703,4.474,-8.55,-8.4,seed123
[C@H](C#N)c1csc(-c2ccc(F)c(F)c2)n1,0.701,3.854,-8.45,-8.1,seed123
[C@H](c1ccccc1Cl)NC(=O)C1=CN(c2ccc(Cl)cn2)CC1,0.815,4.061,-9.45,-10.2,seed123
[C@H](N)c1ccc2c(c1)nc(C1CC1)n2C[C@@H]1Cc2ccccc2C1(C)C,0.655,4.485,-9.35,-8.4,seed123
[C@H]1CC[C@@H](Oc2ccc3c(c2)OCCO3)C1,0.665,4.243,-8.5,-8.0,seed123
[C@H](C)[C@H](NS(C)(=O)=O)c1ccc(Cl)cc1Cl,0.822,4.226,-8.1,-7.6,seed123
[C@H]1CN(C(=O)c2ccc(CS(N)(=O)=O)cc2)CCO1,0.752,3.717,-8.75,-8.6,seed123
[C@H](C)C(=O)NCCc1nc(-c2cccs2)no1,0.776,3.598,-8.25,-8.1,seed123
[C@H](C)CN(C[C@H]1CCCO1)C(=O)CN1CCN(c2ccccc2)CC1,0.658,3.854,-8.65,-8.2,seed123
[C@H]Oc1ccc2nc(C)c(C(=O)Nc3ccn(Cc4cccc([N+](=O)[O-])c4)n3)nc2c1,0.277,3.864,-9.7,-11.8,seed123
[C@H]Oc1ccc(-c2noc(N)c2C(N)=O)cc1C(=O)N[C@H](C)c1ccc(C)cc1,0.491,4.156,-10.05,-9.5,seed123
[C@H]Oc1ccc(NC(=O)CSc2nncn2C2CC2)cc1OC,0.685,3.659,-8.4,-9.5,seed123
[C@H](C)N(CCO)c1ccc(-c2nnnn2C(F)F)c(Cl)c1,0.786,4.277,-8.85,-7.9,seed123
[C@H]1CCCN1c1ccccc1CNc1ncnc2ccccc12,0.691,3.57,-9.45,-9.2,seed123
[C@H]Oc1ccc(CNC(=O)c2cc(C#N)cc([N+](=O)[O-])c2C)cc1O,0.536,3.767,-9.0,-9.3,seed123
[C@H]1C(C#N)=C(N)[C@@H]1c1ccccc1OCc1cc(F)ccc1F,0.839,4.256,-9.3,-9.3,seed123
[C@H](C(=O)NCC#CCOc1ccccc1)c1ccc(-c2cnn(C)c2)nc1,0.586,3.882,-8.95,-9.6,seed123
[C@H]Oc1cc(OC)ccc1OCC(=O)Nc1ccc(N2CCCCC2)c(Cl)c1,0.643,3.353,-9.0,-9.4,seed123
[C@H]1C(=O)Nc2ccccc21,0.464,3.825,-7.8,-6.6,seed123
[C@H]Oc1ccc(-c2noc(C(=O)[O-])n2)cc1OC,0.658,4.161,-8.45,-8.0,seed123
[C@H](C(=O)c1ccc(Cn2cccn2)c(F)c1)c1cc(Cl)c2cccnc2n1,0.39,3.891,-9.55,-10.6,seed123
[C@H]Oc1cccc(Oc2ccccc2NC(=O)c2c[nH]c3ccccc23)c1,0.413,3.324,-9.85,-9.6,seed123
[C@H](C)OC(=O)c1ccc(C(C)(C)C)cc1C(=O)[O-],0.663,4.149,-8.55,-7.3,seed123
[C@H]1CCCN(C(=O)Nc2ccc(N3CCCC3)c([N+](=O)[O-])c2)C1,0.586,3.54,-8.7,-9.7,seed123
[C@H]Oc1ccc(OCCNC(=O)C(=O)Nc2ccc(C)c(Cl)c2)cc1,0.513,3.334,-8.85,-9.0,seed123
[C@H](C(=O)NCc1noc(C(F)F)n1)NC(=O)c1ccc(Cl)cc1,0.734,3.852,-9.0,-9.6,seed123
Clc1ccccc1[C@@H]1CCCN1C(=O)Cc1ccc([N+](=O)[O-])cc1,0.518,3.418,-9.35,-8.7,seed123
Clc1cccc(Oc2ncccc2C2(CO)CC2)c1,0.828,3.401,-8.45,-8.4,seed123
ClCc1cc(-c2ccccc2)n[nH]1,0.629,3.082,-8.3,-7.4,seed123
Cl[C@@H](Cc1ccc(Cl)c(Cl)c1)Cc1ccccc1,0.564,3.293,-8.8,-9.3,seed123
ClCc1ccc(O[C@@H]2CCCc3ccccc32)cc1,0.624,3.466,-9.1,-8.9,seed123
Clc1ccc(NC[C@H]2CCCN(c3cccnc3)C2)cc1,0.823,3.428,-8.9,-9.4,seed123
ClCc1cccn1C1CC1,0.479,3.64,-7.35,-5.9,seed123
Clc1c(F)cc(C[C@@H]([NH3+])COc2ccccc2)cc1Cl,0.744,4.182,-8.75,-8.9,seed123
Cl[C@@H]1CCCC[C@@H]1OCC(=O)NC1CCN(Cc2c[nH]c3ccccc23)CC1,0.621,4.194,-9.1,-10.5,seed123
ClCc1ccc2c(c1)[C@@H](n1ccoc1=O)CC2,0.667,4.377,-8.6,-8.5,seed123
Cl[C@@H](CNc1ncccn1)c1ccc(F)cc1,0.749,3.671,-8.55,-8.8,seed123
ClCCS(=O)(=O)c1cccc(F)c1,0.632,3.083,-8.1,-6.7,seed123
ClC/Cn1ccc(-c2ccccc2Br)n1,0.689,3.317,-8.4,-7.5,seed123
Clc1ccc2c(c1)c1ccc(F)cc1-2,0.417,2.778,-8.65,-8.6,seed123
ClCCc1ccc(OC2CCOCC2)cc1,0.654,3.073,-8.15,-7.9,seed123
Clc1ccc(F)c(C(F)(Cl)N(C(Br)=O)C2CCC2)c1,0.307,4.444,-8.3,-7.2,seed123
Cl[C@@H](Cc1ccccc1Cl)c1c(F)cccc1Cl,0.542,3.56,-8.85,-8.5,seed123
Cl[C@@H](Cc1ccccc1)[C@@H]1COc2ccccc2C1,0.665,3.855,-9.15,-10.4,seed123
Cl[C@H](CCc1cccs1)C(=O)N1CCC[C@@H]1c1ccccc1Cl,0.556,4.126,-9.05,-8.1,seed123
Clc1ccc(-c2ccc(Cl)c(-c3ncoc3CC(F)(F)F)c2)cc1,0.43,3.559,-8.65,-10.2,seed123
ClC[C@H](O)c1cc(F)c(F)cc1Cl,0.508,3.905,-8.1,-6.5,seed123
Cl[C@H](Cc1ccccc1Cl)C(=O)NC[C@@H]1CCCO1,0.749,3.989,-8.6,-8.9,seed123
Clc1ccc2cc(CNc3cccc(F)c3)c(=O)oc2c1,0.637,3.131,-9.4,-10.4,seed123
Cl[C@@H]1CC[C@@H](CNC(=O)CCc2cccc(F)c2)O1,0.745,4.095,-8.75,-9.2,seed123
ClCc1ccccc1OCCN1CCCCC1=O,0.668,3.042,-8.4,-8.4,seed123
ClCOc1ccc(F)cc1NC(=O)OC(CO)CO,0.588,3.512,-8.35,-7.4,seed123
Cl[C@@H](C[C@H]1CCCO1)c1ccc(F)cc1,0.618,3.894,-8.2,-8.0,seed123
ClCCCNC(=O)CCc1ccccc1Cl,0.518,2.834,-8.2,-7.8,seed123
Cl[C@@H](Cc1c[nH]c2ccccc12)c1ccccc1,0.554,3.311,-9.0,-9.8,seed123
Cl/C=C(\Cl)COC(=O)c1cnc(Oc2ccccc2)s1,0.662,3.751,-8.25,-8.6,seed123
Clc1ccc(-c2nc3cc(NCCc4cc[nH]n4)ccc3o2)cc1,0.461,3.584,-9.4,-10.4,seed123
ClCc1cccc(OCC(F)(F)F)c1,0.616,3.007,-8.2,-7.4,seed123
Clc1ncccc1C(=O)Nc1c(F)cccc1F,0.75,2.882,-9.15,-8.7,seed123
ClC[C@@H]1CCCC[C@@H]1Oc1ccc(Oc2ccccc2F)cc1,0.544,3.85,-8.85,-9.8,seed123
Clc1ccc(-c2cccc(-c3nnco3)n2)cc1,0.606,3.204,-9.0,-9.8,seed123
Cl[C@H](Cc1ccccc1)c1ccc(Br)o1,0.653,3.609,-8.4,-8.5,seed123
ClCCOC[C@H]1CCCN(c2ncccn2)C1,0.496,3.831,-8.2,-7.1,seed123
Cl[C@@H](CC(=O)[O-])C(=O)Nc1ccc2c(c1)CCC2,0.722,4.16,-8.8,-9.0,seed123
Clc1ccccc1C[C@@H]1CCCN1C(=O)c1ccc(OCc2ccc(F)cc2)cc1,0.393,3.416,-9.55,-10.6,seed123
Cl[C@@H]1CC(C(=O)Nc2ccccc2Cl)=NC1,0.713,4.087,-8.6,-8.6,seed123
Cl[C@H]1CCO[C@@H]1c1ccccc1,0.507,4.058,-8.0,-7.0,seed123
Clc1ccccc1-n1cnnc1SCC(=O)Nc1ccoc1,0.625,3.497,-8.5,-8.9,seed123
Cl[C@@H]1CCN(c2cncc(C(=O)NCc3ccccc3)c2)C1,0.782,3.597,-9.05,-10.2,seed123
ClCCc1nnc2sc(-c3ccccc3)nn12,0.583,3.309,-8.75,-8.4,seed123
Clc1ccc(CBr)cc1F,0.54,2.977,-7.5,-6.2,seed123
Clc1cccc(OC[C@H](O)c2ccccc2)c1,0.798,3.087,-8.6,-8.7,seed123
ClCc1ccc2nccn2c1,0.493,3.612,-7.65,-6.8,seed123
ClC[C@@H]1CCCC[C@]1(O)c1ccccc1C(F)(F)F,0.705,4.338,-8.55,-7.7,seed123
Clc1ccc(Cl)cc1/C=N\N=C\c1ccccc1,0.485,3.169,-8.65,-8.2,seed123
Cl[C@@H](CC(=O)NC[C@@H]1CCCO1)c1nc2ccccc2s1,0.759,4.21,-8.75,-9.2,seed123
ClCC1CCN(C(=O)NCc2cccnc2)CC1,0.754,3.128,-8.55,-8.9,seed123
Clc1ccc(COCCO[C@H]2CCOC3(CCOCC3)C2)cc1,0.641,4.481,-8.5,-9.1,seed123
ClCc1cc(Br)ccc1O[C@H]1CCc2ccccc21,0.595,3.68,-8.95,-9.1,seed123
ClCC1CCN(c2ncccc2C2CC2)CC1,0.665,3.367,-8.45,-6.8,seed123
Clc1cccc(SCc2nc(-c3ccc(Cl)cc3)o[n+]2C2CC2)c1,0.33,4.057,-9.0,-9.5,seed123
Clc1ccccc1OC1(CCl)c2ccccc21,0.655,3.617,-8.55,-8.3,seed123
ClN1CCN(c2ccc(C=O)cc2Cl)CC1,0.502,3.497,-8.25,-7.2,seed123
ClCc1cn(Cc2nnc(-c3ccc(Cl)cc3)n2Cc2ccc(F)cc2)nc1N1CCOCC1,0.247,3.684,-9.7,-9.5,seed123
Cl[P@](Cc1ccc(F)cc1)SCCN1C(=O)c2ccccc2C1=O,0.427,4.144,-9.05,-9.7,seed123
Clc1ccc(CN2CCO[C@@]3(CCc4c(F)cccc4C3)C2)cc1,0.707,4.34,-9.55,-9.0,seed123
[P@]=C(Br)CCn1ncc(C(F)(F)F)cc1=O,0.704,4.32,-8.15,-8.0,seed123
[P@]=C(c1cccs1)N1CCOCC1,0.595,3.964,-7.75,-5.7,seed123
[P@]=C(\NCc1ccccc1)Nc1ccccc1C(=O)[O-],0.693,3.724,-8.9,-9.2,seed123
[P@]=C([O-])c1ccc2ccccc2c1O,0.616,3.729,-8.45,-7.5,seed123
[P@]=C(/CCCn1ccccc1=O)c1cc(Cl)ccc1Cl,0.638,3.715,-8.7,-8.8,seed123
[P@]=C([O-])COC(=O)c1cccc([N+](=O)[O-])c1C(F)(F)F,0.265,4.19,-8.45,-7.9,seed123
[P@]=C([O-])[C@H]1COCCN1S(=O)(=O)c1ccccc1,0.632,4.249,-8.35,-7.3,seed123
[P@]=C(S[C@H]1CCCO1)C(=O)N1CCN(c2ccc(Cl)cc2)CC1,0.661,4.356,-8.65,-8.3,seed123
[P@]=C(Cl)C(F)(F)Oc1cccc(Br)c1,0.66,4.048,-8.1,-7.4,seed123
[P@]=C([O-])CNS(=O)(=O)c1ccc(Cl)cc1Cl,0.748,3.951,-8.25,-7.4,seed123
[P@]=C(SCc1cccc(Cl)c1)Nc1cccc(C(N)=O)c1,0.675,3.55,-9.1,-9.5,seed123
[P@]=C(S)N1CCN(C(=O)c2ccsc2)CC1,0.556,3.88,-7.85,-6.7,seed123
[P@]=C(SCc1cccnc1)c1ccccc1,0.656,3.585,-8.25,-7.9,seed123
[P@]=C(\Cc1ccc(Cl)cc1)c1ccc(Cl)cc1[N+](=O)[O-],0.347,3.511,-8.55,-9.0,seed123
[P@]C1CCN(c2ccccc2-c2nc(-c3ccccc3)cs2)CC1,0.45,3.607,-9.3,-10.5,seed123
Nc1ccc(C(=O)NCc2ccccc2)c(Cl)c1,0.734,2.567,-8.9,-9.0,seed123
CC(=O)c1cccc(NC(=O)COc2ccc3ccccc3c2)c1,0.622,2.674,-9.45,-11.7,seed123
O=S(=O)(Cc1ccc(Cl)cc1)c1ccccc1,0.754,2.54,-8.75,-8.7,seed123
N#C/C(=C\Nc1ccc(Cl)cc1)c1ccc([N+](=O)[O-])cn1,0.429,3.451,-8.65,-9.0,seed333
CC(=O)c1ccc(/C=C(/C#N)C(=O)[O-])cc1,0.318,3.55,-8.25,-7.6,seed333
O=C(CCCn1cncn1)NCC(=O)c1cccc(Cl)c1,0.69,3.199,-8.45,-8.8,seed333
CC(C)c1nnnc(NC(C2CC2)C2CC2)c1Cl,0.789,4.15,-8.55,-8.2,seed333
O=C(NC1CCCC1)[C@@H]1C=CC[C@@H]1c1cccc2ccccc12,0.728,4.09,-9.2,-10.6,seed333
N#C/C(=C/c1c[nH]c(=O)c(Cl)c1Cl)c1ccccc1O,0.734,3.782,-8.85,-7.3,seed333
Nc1c[nH]c(C(=O)Nc2ccccc2F)c1C(F)(F)F,0.643,3.504,-8.9,-8.8,seed333
CCCS(=O)(=O)N1CCCc2cc(NC(=O)C(=O)Nc3ccccc3OC)ccc21,0.585,3.283,-9.3,-10.2,seed333
O=C(C[C@H]1CCCCO1)N1CCCCC1,0.598,3.415,-8.4,-7.8,seed333
Nc1c(Sc2ncccc2COC(=O)c2ccc(Cl)cc2)sc2c1CCC2,0.466,3.7,-9.3,-8.9,seed333
CCCNC(=O)N[C@H](CO)c1cnn(C)c1,0.569,3.838,-7.95,-7.2,seed333
Cc1ccccc1S(=O)(=O)N1CCC([C@@H](C)OC(C)C)CC1,0.735,3.776,-8.8,-9.0,seed333
C=C(C)CN(C[C@@H]1CCCCO1)C(=O)Nc1nc(C)cc(CC)c1C,0.685,4.251,-9.0,-7.3,seed333
COc1cccc(NC(=O)Cc2ccccc2)c1OC(F)F,0.789,2.899,-8.75,-8.7,seed333
C[C@@H]1C[C@@H](CNC(=O)N2CCC(C)CC2)C[C@@H](C)C1,0.715,4.04,-8.75,-10.4,seed333
Cn1cc(C#N)c(S[C@H](C)C(=O)NCCc2ccccc2)c1C,0.73,3.915,-8.65,-9.0,seed333
C[C@H](C[NH2+][C@@H](c1ccccc1)c1ccncc1)c1ccccc1,0.641,4.463,-9.3,-10.0,seed333
C[C@@H](OC(=O)CCc1nc2ccccc2c(=O)n1CCc1ccccc1)[C@@H]1CCCO1,0.42,4.115,-9.6,-10.2,seed333
[C@H]Oc1ccc(C(=O)Cn2cc(-c3ccccc3)nn2)cc1,0.578,3.433,-8.9,-10.2,seed333
[C@H]Oc1ccccc1CNC(=O)Cc1c[nH]c2ccccc12,0.659,3.323,-9.1,-9.9,seed333
[C@H]Oc1ccc(NC(=O)NCCc2ccccc2)c(OC)c1,0.761,3.166,-8.75,-9.4,seed333
[C@H](C)Oc1cccc(NC(=O)[C@@H]2CCCN2S(=O)(=O)c2ccccc2)c1,0.744,3.753,-9.15,-10.4,seed333
[C@H]1CCCC[C@H]1C(=O)N1CCN(C(=O)Cc2ccccc2Cl)CC1,0.743,3.912,-8.95,-10.3,seed333
Nc1cccc(-c2ccc([N+](=O)[O-])cc2Br)c1,0.422,3.02,-8.95,-8.4,seed333
[C@@H]#CCN(C(=O)c1cccc(NC(=O)N(C)CCN2CCOCC2)c1)C1CC1,0.627,3.524,-8.75,-8.6,seed333
[C@@H]Oc1ccc(CNC(=O)Nc2nnc(C(F)(F)F)s2)cc1OC,0.756,3.739,-8.8,-10.1,seed333
[C@@H](C)Nc1ccc2[nH]c(=O)n(CCOC(C)C)c2c1,0.74,3.81,-8.35,-7.4,seed333
O=C(NCCc1cccc(Cl)c1)C1CCN(c2ccc(Cl)cn2)CC1,0.757,2.985,-9.05,-10.2,seed333
Nc1ccc(NC(=O)CN2CCN(c3ccc(Cl)cc3)CC2)cc1,0.737,2.745,-8.9,-9.9,seed333
[C@@H]1n[C@@H](Cc2ccccc2Cl)NC(=O)N1c1ccc([N+](=O)[O-])cc1,0.558,4.399,-9.3,-9.7,seed333
N#C/C(=C/c1cnn(Cc2ccccc2)c1)C(=O)Nc1ncc(Cl)cc1F,0.44,3.563,-9.2,-10.2,seed333
C[C@@H](CNC(=O)NNC(=O)c1ccncc1)n1cccc1,0.635,3.94,-8.85,-9.1,seed333
O=C(CS[C@@H](N)c1ncoc1-c1ccccc1)c1ccccc1,0.45,3.952,-9.05,-9.8,seed333
[C@@H]OCC(=O)N[C@@H]1CCC[C@H](OCc2ccccc2)C1,0.766,4.179,-8.65,-9.1,seed333
[C@@H](CCO)CCCNC(=O)c1ccc(-n2cccc2)cc1,0.632,3.474,-8.55,-8.6,seed333
[C@@H]O/C=C/C(=O)C(=O)Nc1cccc(F)c1C,0.392,4.02,-8.45,-7.8,seed333
[C@@H](C(=O)/C=C/c1ccc([N+](=O)[O-])cc1)c1cccs1,0.375,3.614,-8.5,-8.8,seed333
[C@@H]1CC[C@@H](C)CN1C(=O)c1ccc(-n2cccc2)cc1,0.717,4.175,-8.7,-9.8,seed333
[C@@H]Oc1cc(OC)ccc1S(=O)(=O)Nc1ccc(N2CCOCC2)cc1,0.734,3.419,-8.6,-8.5,seed333
[C@@H]1CCN(C(=O)NC[C@H](O)c2ccc(C#N)cc2)C1,0.755,4.125,-8.45,-9.1,seed333
[C@@H](CCN(C)C(=O)c1n[nH]c2ccccc12)c1cc2ccc(C(F)(F)F)cc2s1,0.366,3.978,-9.5,-11.7,seed333
n1cc[nH+]c(CN(C)C(=O)CSc2ccc(F)cc2)n1,0.677,4.357,-8.45,-8.5,seed333
c1ccccc1[N-]CC(=O)N(Cc1cccnc1)[C@H](C)c1ccccc1,0.513,4.315,-9.0,-9.2,seed333
[C@@H]Oc1cc(C(=O)N(C)Cc2ccccc2)ccc1C,0.75,3.181,-8.55,-9.9,seed333
c1ccc(NC(=O)N2CCN(CC(=O)Nc3ccccc3F)CC2)cc1,0.785,2.732,-9.0,-10.0,seed333
c1ccc(OCC(=O)Nc2ccc([N+](=O)[O-])cc2)cc1F,0.578,2.682,-8.7,-9.6,seed333
[C@@H]Oc1ccc(N2CCN([C@@H](c3ccc(F)cc3)C(=O)c3ccc(F)cc3)CC2)cc1,0.439,3.889,-9.7,-10.7,seed333
c1coc(CN2CCO[C@H](COc3cccc(Cl)c3C)C2)c1,0.744,3.687,-8.9,-9.3,seed333
c1cn2c(n1)NC(c1cccnc1)[C@@H]2C(=O)Nc1ccc(Cl)c(Cl)c1,0.629,4.495,-9.65,-7.9,seed333
[C@@H]#Cc1cc(F)cc(CNC(=O)N[C@H](C)c2ccco2)c1,0.749,3.882,-8.85,-9.7,seed333
[C@@H]Oc1cc(Cl)ccc1C(=O)N(CCO)C(C)C,0.792,3.728,-8.2,-6.8,seed333
[C@@H](C)N(C(=O)c1ccc(Cl)cc1Cl)C1CCC1,0.708,3.681,-8.15,-6.8,seed333
n1cnc(CNS(C)(=O)=O)cc1,0.594,3.36,-7.75,-6.2,seed333
[C@@H](O)[C@@H]1CCC[C@@H](C)N1CCC(=O)NCc1ccccc1,0.746,4.209,-8.9,-8.8,seed333
c1cccc(-c2nnc(SCCOCc3cccc(Br)c3)n2C)c1,0.328,3.103,-8.6,-9.5,seed333
CN(C)C(=O)CN1CCN(Cc2ccccc2CO)CC1,0.752,2.981,-8.8,-8.4,seed333
O=C1CCC(=O)N1CCN(Cc1ccccc1)C[C@H]1CCCO1,0.62,3.648,-8.9,-8.5,seed333
c1ccc(CSc2nnc(-c3ccc(Cl)c(Cl)c3)n2C)cc1,0.515,2.907,-8.95,-10.2,seed333
n1cc(/C=C/C(=O)Nc2cccc(N3CCC(O)CC3)c2)no1,0.734,3.697,-8.8,-9.6,seed333
c1ccc([C@@H]2C[C@H](C)CN(c3cc(C(=O)NC4CCCC4)c[nH]3)C2)cc1,0.762,4.261,-9.35,-10.9,seed333
[C@@H]O/C=C/C(=O)N1CCN(c2ccccc2OC)CC1,0.517,3.539,-8.5,-7.0,seed333
[C@@H](C)NC(=O)c1cccc(S(=O)(=O)NC2CC2)c1,0.737,3.432,-8.45,-8.3,seed333
[C@@H]Oc1cccc(C(=O)N2CCN(Cc3cccc(F)c3)CC2)c1,0.766,3.219,-9.1,-9.8,seed333
[C@@H](O)CNC(=O)Cn1nc(-c2ccccc2)ccc1=O,0.733,3.375,-8.8,-9.0,seed333
O=C(CCc1noc(Cc2ccc(Cl)cc2)n1)Nc1nncs1,0.635,3.411,-9.0,-9.6,seed333
c1cnc(Cl)cn1,0.405,3.326,-7.0,-4.5,seed333
c1ncc(CCN2CCO[C@@H](CO)C2)cn1,0.66,3.881,-8.25,-6.9,seed333
c1ccc(S[C@@H](C)C(=O)Nc2cccc3c2OCCO3)cc1,0.776,3.492,-9.05,-9.7,seed333
c1ccc(CN(C(=O)c2sc3ccccc3c2N)C2CC2)cc1,0.679,3.047,-8.9,-9.0,seed333
c1ccc2c(c1)N(Cc1cn[nH]c1-c1ccccc1)CCC2,0.689,3.077,-9.5,-10.7,seed333
C[C@H](CNC(=O)c1cccc(NC(=O)c2ccco2)c1)N(C)c1ccccc1F,0.536,3.638,-9.6,-10.7,seed333
Fc1cccc(NC(=O)Cn2nc3ccccc3n2)c1,0.693,2.96,-8.95,-9.1,seed333
Fc1cc(F)cc(CNCC2(CO)CC2)c1,0.704,3.368,-8.35,-8.0,seed333
FC(F)(F)c1n[nH]cc1CNc1ncc([N+](=O)[O-])c(Cl)n1,0.408,4.259,-8.9,-9.5,seed333
Fc1cc(Cl)c(CN2CC[NH+](Cc3ccccc3F)CC2)cc1F,0.729,4.312,-9.3,-9.6,seed333
Fc1ccc(C[NH2+]CCc2cc(F)ccc2F)cc1,0.7,3.928,-8.75,-9.2,seed333
FC(F)[P@@](=O)(=O)c1cc(F)ccc1OCC1CCCC1,0.674,3.903,-8.9,-8.1,seed333
FN1CCCC[C@@H]1[C@H]1CCCN1c1ccc(Cl)cc1Cl,0.63,4.358,-5.0,-8.4,seed333
FC(F)Cn1c2ccccc2c2cc(Cl)c(I)cc21,0.421,3.543,-8.85,-9.0,seed333
Fc1csc(NC(=O)CCCc2c[nH]c3ccccc23)c1,0.624,3.424,-8.85,-9.9,seed333
Fc1ccc(Sc2ccc(Cn3cccn3)cc2)cc1,0.614,2.978,-8.7,-8.5,seed333
FC(F)(F)[C@@H]1CCCCC1,0.4,3.054,-7.65,-6.8,seed333
FC(F)N1CCCC[C@@H]1CNC(=O)c1ccccn1,0.749,3.892,-8.65,-8.6,seed333
Fc1cccc(CCn2ccc3c(Br)cccc32)c1,0.554,2.992,-9.1,-9.8,seed333
Fc1ccccc1CCN1CC[C@H](c2ccccc2)C1,0.714,3.212,-9.1,-10.2,seed333
Fc1ccc(SCCC(CO)CO)nc1,0.625,3.691,-7.95,-6.8,seed333
FC(F)(F)CC[S@](=O)Cc1ccccc1OCc1ccccc1,0.642,3.702,-8.9,-9.5,seed333
Fc1cccc(-c2cc(F)ccc2Br)c1,0.62,2.745,-8.7,-8.1,seed333
FC(F)(F)c1ccc(OC2CCCC2)cc1,0.645,2.817,-8.55,-8.7,seed333
Fc1ccccc1[C@H](Nn1cc(-c2ccccc2)nn1)c1ccc(Cl)cc1,0.427,3.882,-9.8,-10.8,seed333
FC(F)(F)CN1CCO[C@H](c2ccc(F)cc2)C1,0.661,3.649,-8.7,-7.7,seed333
Fc1cccc(CNCc2ccc([N+](=O)[O-])cc2)c1,0.564,2.7,-8.75,-9.1,seed333
FC(F)OCc1ccc(CN2CCC[C@@H]2c2ccc(Cl)o2)cc1,0.638,3.999,-8.8,-9.2,seed333
Fc1cccc(Cn2cccn2)c1Cl,0.645,3.123,-8.2,-6.9,seed333
FC(F)(F)COCCCCNC(=O)Nc1ccc(Br)cc1,0.616,3.032,-8.35,-8.6,seed333
Fc1ccc(CCNC(=O)C(=O)c2ccccc2)cc1,0.57,2.668,-9.15,-9.9,seed333
Fc1ccc2c(c1)OCC[C@@H]2NC(=O)[C@@H]1C[C@@H]1c1cccc(Cl)c1,0.804,4.203,-9.25,-9.3,seed333
Fc1ccc(O)cc1COc1ncc(Cl)cc1Cl,0.833,3.211,-8.85,-9.0,seed333
FC(F)(F)C1=CC(=O)c(-c2cc(F)ccc2F)[C@@H](CCCCc2ccccc2)N1,0.408,4.494,-9.6,-9.4,seed333
Fc1csc(/C=C/C(=O)N2CCC[C@H]3CCCC[C@H]32)c1,0.652,4.418,-8.95,-8.1,seed333
FC(F)(F)CCNC(=O)c1ccc(C[NH2+]C2CC2)cc1,0.72,4.082,-8.5,-8.5,seed333
FC(F)Cc1cc(F)c(F)c(F)c1F,0.303,3.658,-8.25,-7.7,seed333
F/C=C/C=C/c1ccc(I)cc1O,0.553,4.187,-8.05,-7.3,seed333
Fc1cccc(COC(=O)COCc2ccncc2)c1,0.66,2.94,-8.5,-8.7,seed333
[C@@H]Oc1ccccc1CCc1c(C)nn(C2CCN(S(=O)(=O)c3ccc(F)cc3)CC2)c1C,0.411,3.719,-9.5,-10.2,seed333
[C@@H](C)C[C@H](CCO)NC(=O)N1CCC[C@@H](N2CCCC2)C1,0.683,4.45,-8.5,-8.1,seed333
[C@@H]Oc1ccc(CNC(=O)N2CCSCC2)cc1,0.808,3.618,-8.25,-7.7,seed333
[C@@H]=C(Br)CN(C)C(=O)c1ccn(C)n1,0.716,4.181,-7.65,-6.5,seed333
[C@@H]Oc1ccc(/C=c2\sc3c(cc2C#N)C(=O)CC(C)(C)C3)cc1OCc1ccc(F)cc1,0.402,4.381,-9.55,-8.3,seed333
[C@@H]1CCC[C@@]1(O)CNC(=O)C1CCN(S(=O)(=O)c2cccs2)CC1,0.719,4.376,-8.8,-8.8,seed333
[C@@H]Oc1ccccc1CN1CCN(C(=O)NC[C@@H](O)CO)CC1,0.582,3.996,-8.7,-7.9,seed333
[C@@H](C)Oc1ccccc1/C=N/NC(N)=N\O,0.204,4.16,-8.3,-7.7,seed333
[C@@H]1c2ccccc2C(=O)N1COc1ccc(Br)cc1,0.768,3.622,-8.95,-9.9,seed333
[C@@H](C)CN1C(=O)C2=C(C(=O)CCC2)[C@@H]1c1ccc(Br)cc1,0.738,4.275,-8.85,-8.3,seed333
[C@@H]1CCCN(C(=O)c2cccc(N(C)Cc3ccccc3)c2)C1,0.758,3.321,-9.25,-10.1,seed333
[C@@H]Oc1c(Cl)cccc1NC(=O)N1CCN(c2cnccn2)CC1,0.825,3.644,-9.25,-9.0,seed333
[C@@H]Oc1ccc(NC(=O)CN2C(=O)N[C@](C)(c3ccccc3)c3ccccc32)cc1,0.577,3.991,-9.7,-8.5,seed333
[C@@H](C)CC(=O)N(Cc1ccc(C(F)(F)F)c(F)c1)[C@@H]1CCc2ccccc21,0.532,4.171,-9.3,-9.1,seed333
[C@@H]1c2cccc(C(=O)NNC(=O)c3ccc(OCc4ccccc4)cc3)c2NC1,0.488,3.441,-9.55,-10.6,seed333
[C@@H](C)NC(=O)[C@H](NC(=O)c1cccs1)c1ccc(F)cc1,0.792,3.957,-8.8,-8.1,seed333
[C@@H]Oc1ccc(CNC(=O)CN2CCOCC2)cc1OC,0.736,3.335,-8.4,-7.8,seed333
[C@@H]#Cc1cccc(NC(=O)[C@H]2CCCN(C(=O)c3cc(F)ccc3F)C2)c1,0.744,3.628,-9.5,-10.3,seed333
[C@@H]Oc1ccc(C(=O)[C@@H](C#N)c2ccccc2)c(Br)c1OCc1ccc(F)cc1,0.332,4.129,-9.3,-9.5,seed333
[C@@H](NC(=O)C[C@H](O)c1ccccc1)c1nn(C)c2ccccc12,0.66,4.097,-9.25,-10.3,seed333
[C@@H](C(=O)N1CCC(C(=O)N2CCC[C@@H](Oc3ccncc3)C2)CC1)c1ccc(Cl)cc1,0.612,4.044,-9.65,-9.5,seed333
[C@@H]1CCN(Cc2ccc(OC(F)F)cc2)S1,0.654,4.096,-8.15,-7.8,seed333
[C@@H](C)Oc1ccc(CCNC(=[NH2+])Nc2ccc(C#N)cc2)cc1,0.457,3.941,-8.7,-9.1,seed333
[C@@H](c1ccccc1F)O[C@@H]1CCC[C@@H](C(N)=O)C1,0.792,4.414,-8.9,-8.6,seed333
[C@@H]1CCC[C@@H]1NC(=O)Nc1cccc(COc2cccc([N+](=O)[O-])c2)c1O,0.307,4.181,-9.25,-10.2,seed333
[C@@H](CNC(=O)Nc1ccc2c(c1)N(C)C(=O)CN2C)c1cccc2ccccc12,0.619,3.646,-9.9,-11.9,seed333
[C@@H](C)CNC(=S)NN/C(=C\c1ccccc1)Sc1ccccc1,0.303,3.904,-8.7,-8.1,seed333
[C@@H]1C(=O)C=CC[C@H]1C(=O)Nc1cccc(Sc2ccccc2Cl)c1,0.757,4.193,-9.45,-10.3,seed333
[C@@H]OC(=O)C[C@@H](C)c1ccccc1,0.561,3.892,-8.0,-7.0,seed333
[C@@H](c1ccc(Cl)cc1)[n+]1ccc(NC(=O)CCc2cccc(-c3ccccc3)c2)cc1,0.265,3.508,-9.8,-11.2,seed333
NC(=O)C1CC(c2ccc(Cl)cc2Cl)C1,0.753,3.132,-8.6,-8.0,seed333
Cc1cc(=O)[nH]cc1S(=O)(=O)N1CCC[C@H]1c1ccc(OC(F)(F)F)cc1,0.752,3.982,-9.4,-8.7,seed333
O=Sc1ccccc1NC(=O)C1CCN(c2ccccc2F)CC1,0.737,3.633,-8.95,-10.3,seed333
[C@@H]Oc1cccc(C(=O)N2CCOC[C@H]2c2ccccc2)n1,0.772,4.134,-9.0,-8.1,seed333
[C@@H]OC(=O)[C@@H]1CCCN1S(=O)(=O)c1ccc(C(N)=O)cc1,0.697,3.922,-8.55,-7.7,seed333
[C@@H]1CC[C@H](C)CN1CC(=O)N1CCN(c2ncccc2F)CC1,0.751,4.27,-8.8,-9.8,seed333
[C@@H](C)NC(=O)[C@@H]1CCCN(C(=O)c2ccc3c(c2)CCN3C(=O)C2CCCCC2)C1,0.728,4.074,-9.3,-11.2,seed333
[C@@H]O/C=C(/Cc1cc(F)ccc1[N+](=O)[O-])c1c(C)n[nH]c1C,0.422,4.311,-9.0,-7.1,seed333
[C@@H]1CCC[C@@H](c2cccs2)C1,0.496,4.457,-7.85,-6.8,seed333
[C@@H]1CCC[C@H]1CNC(=O)NC[C@@H](O)c1ccccc1,0.659,4.248,-8.65,-9.2,seed333
[C@@H]Oc1ccc(CNC(=O)NCC(C2CC2)C2CC2)cc1,0.709,3.689,-8.5,-9.3,seed333
[C@@H](c1ccc(Cl)c(N)c1)[C@@H](C)Nc1cccc2ccccc12,0.556,3.924,-9.45,-10.4,seed333
[C@@H](C(=O)N(CC(C)C)C(F)(F)F)c1ccccc1,0.659,3.79,-8.5,-8.3,seed333
[C@@H]1COCCN1C(=O)Nc1ccccc1,0.658,3.612,-8.4,-7.5,seed333
[C@@H]#CCNC(=O)CNC(=O)C(=O)Nc1cccc(OC(F)F)c1,0.41,3.344,-8.6,-9.2,seed333
[C@@H]Oc1cc(/C=N/c2cccc(O)c2)ccc1SCC(=O)c1ccccc1,0.252,3.679,-9.15,-9.8,seed333
[C@@H](C)NC(=O)CCCSc1ccc(/C=C2\C(=O)N=N2)cc1OCCc1ccccc1,0.22,4.048,-9.25,-9.4,seed333
[C@@H]Oc1nc(C(C)C)ccc1C(=O)Nc1ccc(N(C)S(=O)(N)=O)cc1,0.701,3.862,-9.0,-9.1,seed333
[C@@H](C(=O)N1CC[C@H](c2ccc(O)cc2)C1)c1ccc(Cl)c(Cl)c1,0.799,3.886,-9.3,-10.2,seed333
[C@@H]CCCn1nc(C)c2nc(CN3CC(=O)Nc4ccccc43)c(C)nc21,0.655,4.146,-9.15,-10.0,seed333
[C@@H]([C@H](N)CN1CCOCC1)c1ccc(F)cc1F,0.778,4.174,-8.35,-7.8,seed333
[C@@H]([C@H]([NH3+])c1cc(C(F)(F)F)c(F)cc1F)N1CCN(c2ccccc2)CC1,0.72,4.488,-9.25,-10.4,seed333
[C@@H]#C[C@@H](O)Cc1ccccc1Br,0.663,3.925,-7.95,-6.4,seed333
[C@@H]O/C=C/C(=O)N[C@H](C)C(=O)Nc1ccc(N2CCC(O)CC2)cc1,0.434,4.104,-8.9,-9.4,seed333
[C@@H](C)CNC(=O)CN1CCN(C(=O)OC(C)(C)C)CC1,0.732,3.379,-8.2,-8.2,seed333
COc1cccc(/C=C2\SC(=S)NC2=S)c1,0.555,3.521,-8.3,-7.7,seed333
O=C1NCC(C(=O)Nc2ccc(-c3ccccc3)cc2)S1,0.815,3.718,-9.15,-10.1,seed333
[C@@H]Oc1nc(Cl)cnc1/C(=N/OCc1ccccc1)c1ccccc1,0.394,3.808,-8.75,-8.1,seed333
[C@@H]#CCN(Cc1ccco1)C(=O)c1ccc(F)nc1,0.523,3.545,-8.4,-6.9,seed333
[C@@H](C)[NH2+]CCOCc1ccc(Cl)cc1OCC(F)(F)F,0.649,4.345,-8.05,-7.7,seed333
[C@@H]/C(=N\NC(=O)c1ccc(OC)cc1)c1c(Cl)cccc1Cl,0.582,3.389,-8.95,-9.3,seed333
[C@@H]/O[C@H]1CCc2ccccc21,0.491,4.182,-7.85,-6.7,seed333
[C@@H]/S(=O)(=O)CC(=O)NC[C@H](C(=O)c1ccccc1)c1ccccc1,0.678,3.861,-9.05,-8.9,seed333
[C@@H]/[NH+]=C/c1cccn1CCc1ccc(Cl)cc1,0.523,4.057,-8.55,-8.3,seed333
S[NH+]S(=O)(=O)c1ccc(Oc2cccc(Cl)c2)cc1,0.749,3.655,-8.55,-8.6,seed333
S[NH+]S/C=C/c1ccc(-c2ccccc2)nc1,0.553,4.068,-8.4,-8.0,seed333
[NH+]S(=O)(=O)c1cccc(C(=O)Nc2ccnc(N3CCCC3)c2)c1,0.766,3.504,-9.3,-10.9,seed333
[NH+]Sc1nc2ccccc2n1Cc1cccc(F)c1,0.585,3.425,-8.85,-7.9,seed333
S/C(=C\c1cccs1)N1CC[C@H](CN2CCOCC2)C1,0.761,4.28,-8.2,-7.7,seed333
Sc1cc(F)ccc1N1CCc2ccccc2C1,0.665,3.27,-8.9,-8.2,seed333
S[NH+]S(=O)(=O)c1ccc(Br)cc1,0.659,4.223,-7.75,-6.3,seed333
S=C(N[C@H]1CCN(c2ccccc2)C1)N1CCCCC1,0.743,3.451,-8.65,-9.0,seed333
Sc1nc(-c2ccc(Br)cc2)c(N2CCN(c3cccc(Cl)c3)CC2)n1C1CC1,0.361,3.619,-9.4,-7.9,seed333
S=C1SC(F)=C1SCC(=O)N/c1cc(Cl)ccc1Cl,0.681,3.794,-8.25,-8.0,seed333
[NH+]S(=O)(=O)c1cc(NC(=O)c2ccc(CCCC(F)(F)F)cc2)ccc1Cl,0.68,3.524,-9.1,-10.8,seed333
S/C(=C/c1ccn(Cc2ccncc2)n1)Nc1nc2c(F)cccc2s1,0.401,3.931,-9.05,-10.2,seed333
Sc1cccc(CN2CCc3c(ccc4c3OCO4)C2)n1,0.765,3.872,-8.95,-9.5,seed333
S[C@@H]1[C@@H]2C(=O)N(CCOc3ccccc3)[C@@H]21,0.528,4.462,-8.1,-7.6,seed333
S=C1c2ccccc2NC(=S)N1Cc1nc(-c2ccccc2Cl)n[nH]1,0.391,3.693,-9.35,-8.4,seed333
SCCCSc1ccc(F)cc1F,0.361,3.378,-7.65,-6.1,seed333
S=[N+]([O-])c1cccc(/N=C(\c2ccccc2)c2nnc(CSc3ccccc3Cl)nc2N2CCOCC2)c1,0.017,4.214,-9.85,-7.6,seed333
SCCCCCNC(=O)CC1CCCCC1,0.422,3.15,-7.9,-7.2,seed333
Sc1cccc(Br)c1,0.496,3.411,-7.0,-5.4,seed333
Sc1noc(n1)N1CCN(C(=O)c2ccccc2Cl)CC1,0.756,3.512,-8.8,-8.6,seed333
SCCC[C@H](Cl)c1cccc(Cl)c1,0.482,3.886,-7.75,-6.8,seed333
S(=O)c1cccc(NCc2ccco2)c1F,0.705,4.206,-8.35,-7.8,seed333
Sc1nccnc1CSCc1ccccc1,0.741,3.543,-8.1,-7.2,seed333
S/C(=C\C1CCCC1)N1CCN(C(=O)c2ccccc2)CC1,0.764,3.448,-8.95,-8.5,seed333
S=C(NCc1ccc(O[C@@H]2CCCC2=O)cc1)Nc1[nH]cnc1-c1ccc(Br)cc1,0.335,4.182,-9.05,-10.2,seed333
SC[C@H](C(=O)[O-])c1cc(Cl)ccc1Cl,0.73,4.422,-7.95,-6.2,seed333
SCCCc1ccc(F)c(NC(=O)c2ccccc2Cl)c1,0.674,2.973,-8.75,-9.6,seed333
S/C(=C/c1ccc(OCc2nc3ccccc3s2)o1)Nc1ccccc1,0.315,3.703,-9.1,-10.5,seed333
Sc1ccccc1NC(=O)C1(CS)CCSCC1,0.647,4.192,-8.2,-7.2,seed333
Sc1ccc(CNc2ccccc2C(=O)[C@@H]2C[C@H]2C2CCCCC2)cc1,0.386,4.234,-9.3,-9.9,seed333
S=C(NCCc1ccccc1)N[C@H]1CCO[C@H]1c1c(F)cccc1F,0.698,4.144,-9.1,-8.3,seed333
SCCC[C@H]1CCCN1C(=O)c1ccc([N+](=O)[O-])cc1Cl,0.41,3.866,-8.3,-7.3,seed333
S/C(=C\c1ccccc1Cl)Nc1nnc(SCc2n[nH]c(=O)[nH]2)s1,0.276,4.192,-8.9,-9.1,seed333
Sc1cccc(Cl)c1Cl,0.48,3.471,-7.3,-5.3,seed333
SC1(C(=O)Nc2cc(F)ccc2F)CCCCC1,0.692,3.631,-8.65,-8.6,seed333
Sc1ccc(Nc2ccc([N+](=O)[O-])cc2[N+](=O)[O-])cc1,0.41,3.256,-8.65,-8.3,seed333
S=[N+]([O-])CCNC(=O)C(=O)Nc1ccc(F)cc1,0.363,3.548,-8.4,-7.9,seed333
S[C@H](Cc1cccc(OC(F)F)c1)Cn1cccn1,0.726,4.126,-8.3,-8.0,seed333
S=C(COc1ccc(Oc2ccccc2)cc1)Nc1nc(C2CC2)ns1,0.478,3.501,-8.9,-9.9,seed333
SC1=NO[C@H](c2ccccc2)N1NC(=O)c1ccc(Br)cc1,0.706,4.109,-9.0,-8.5,seed333
S=C(NCCN1CCCS1(=O)=O)NNc1c(F)cccc1Cl,0.439,3.853,-8.25,-8.1,seed333
SC[C@@H]1C(=O)N(Cc2cccc(F)c2F)C(=O)N1c1cc(F)ccc1F,0.398,4.146,-9.15,-8.4,seed333
S(=O)c1cccc(CNS(=O)(=O)c2cccc(F)c2)c1,0.724,3.83,-9.15,-9.6,seed333
Sc1cccc(C(F)(F)F)c1OCc1ccc(Cl)cc1,0.663,3.218,-8.6,-8.6,seed333
S=c1sc(-c2ccc([N+](=O)[O-])cn2)nn1Cc1ccccc1[N+](=O)[O-],0.28,3.716,-9.2,-9.8,seed333
Sc1cccc(Cn2ccc3ccccc32)c1,0.545,3.12,-8.7,-8.5,seed333
S=C(Oc1ccccc1)N(C1CCCC1)C[C@@H]1CCCO1,0.689,3.813,-8.55,-7.5,seed333
SCCCNc1ccc(C(=O)[O-])cn1,0.438,3.993,-7.85,-6.3,seed333
Sc1nnc(C2CC2)n1C[C@@H]1CCCCO1,0.72,4.068,-8.1,-7.2,seed333
S=C(NCCCOC1CCCCC1)NNC(=O)[C@@H]1COc2ccccc21,0.302,3.988,-8.95,-9.1,seed333
SCCCNc1nc(C2CC2)no1,0.459,3.987,-7.65,-6.4,seed333
S/C=C/C(CO)=N\c1cccc([N+](=O)[O-])c1,0.265,4.373,-8.0,-6.8,seed333
S=C(Nc1cccc([N+](=O)[O-])c1)N1CC[C@@H](Nc2ccccc2)C1,0.404,3.529,-9.0,-10.3,seed333
SCCCNC(=S)NNc1ncnc2c1CCCC2,0.186,3.889,-8.25,-8.3,seed333
Sc1cccc(=O)n1/N=C/c1ccccc1,0.521,3.611,-8.7,-7.3,seed333
S[C@@H](c1ccccc1)c1c(F)cc(Cl)c2ncnn12,0.633,4.288,-8.75,-7.5,seed333
SC1(CNC(=O)c2cccs2)CC1,0.638,3.868,-7.75,-6.4,seed333
Sc1cccc(-n2cc(C(=O)Nc3ccccc3)ccc2=O)c1,0.626,3.155,-9.25,-10.6,seed333
S[C@@H](c1ccc(Cl)cc1)c1ccc(CN2CCOCC2)cc1,0.742,3.56,-8.6,-9.0,seed333
SCC[C@@]1(c2ccccc2O)CCOC1,0.672,4.434,-8.0,-6.5,seed333
S/C(=C/c1cccc(C(F)(F)F)c1)Nc1ccccc1C(F)(F)F,0.399,3.522,-9.35,-9.1,seed333
Sc1cnccn1,0.401,4.317,-6.85,-4.1,seed333
SC1(CS)CCN(S(=O)(=O)c2ccccc2)CC1,0.739,3.781,-8.1,-6.7,seed333
S=C(NCCCO)NNC(=O)Cc1cccc(Br)c1,0.262,3.145,-8.35,-8.1,seed333
S[C@@H](c1ccccc1Cl)c1cc(Br)c[nH]1,0.662,4.346,-8.2,-6.5,seed333
S[C@H](c1cccc(OC(F)F)c1)c1c[nH]c2ccccc12,0.566,3.86,-9.2,-9.5,seed333
S[C@]1(c2ccccc2)CCN(Cc2ccccc2F)C1,0.739,3.893,-8.75,-9.0,seed333
[C@]1(C#N)C[C@H]1C(=O)c1ccc(F)cc1,0.567,4.109,-8.25,-7.5,seed333
[C@]1(Cc2ccccc2Cl)CCN(Cn2cnnn2)C1,0.754,4.049,-8.75,-9.3,seed333
[C@]1(C(=O)C2CC2)cc(-c2ccccc2)[NH+]1Cc1ccccc1,0.798,4.5,-8.9,-8.2,seed333
[C@](O)(c1ccccc1Cl)[C@@H]1CCCCN1c1ccc(C#N)cc1,0.802,3.784,-8.95,-8.5,seed333
[C@]Oc1ccccc1NC(=O)c1ccccc1C,0.791,3.116,-9.0,-8.7,seed333
[C@]([C@H]1CCCCN1C(=O)Cc1ccco1)NCc1ncc(-c2ccccc2)o1,0.536,4.342,-9.4,-10.5,seed333
[C@](C#N)(C[NH2+]Cc1ccc(C(F)(F)F)cc1)c1ccc(O)cc1,0.79,4.275,-8.7,-9.8,seed333
[C@]Oc1ccccc1NC(=O)c1cccc2ccccc12,0.683,3.11,-9.4,-9.7,seed333
[C@](N)[C@@]1(C)CN(Cc2nc3ccccc3s2)C1,0.742,3.909,-8.3,-8.7,seed333
[C@]1(C#N)CCC[C@@H](NC(=O)C(=O)Nc2ccc(CC#N)cc2)C1,0.731,4.211,-8.65,-9.7,seed333
[C@](O)(c1ccc([N+](=O)[O-])cc1)N1CCOCC1,0.53,3.354,-8.3,-7.6,seed333
[C@]1(C(=O)NCc2ccncc2)O[C@H](C2CCCCC2)N1C1CC1,0.807,4.194,-8.75,-9.5,seed333
[C@](CNC(=O)c1cccc(F)c1)NC[C@H]1CCCC[C@@H]1CO,0.433,4.466,-8.6,-9.2,seed333
[C@]1(n2cnc3ccccc3c2=O)Nc2c1cnn2C,0.6,3.947,-9.0,-9.5,seed333
[C@](C#N)(CO)CNC(=O)C1CCCC1,0.581,3.819,-7.95,-6.9,seed333
[C@]1(C#N)CC(=O)N(S(=O)(=O)Cc2ccco2)C1=O,0.611,4.472,-8.5,-7.7,seed333
[NH+]=C([O-])COc1ccc(S(=O)(=O)N2CCCCC2)cc1F,0.439,3.717,-8.7,-8.6,seed333
[C@]([C@@H]1CCCN1C(=O)c1ccccc1)[C@@H](C#N)C(=O)NCc1nc2ccccc2[nH]1,0.565,4.477,-9.25,-9.8,seed333
NC(=O)COC(=O)CN(C)c1ccc(Cl)s1,0.699,3.697,-8.2,-7.1,seed333
CSc1ccc(-c2nnc(SCC(=O)Nc3ccc(C)c(C)c3)o2)cc1,0.514,3.125,-9.15,-9.7,seed333
O=C(CSc1nncs1)Nc1cccc(C(=O)NC2CCCC2)c1,0.672,3.159,-8.9,-9.6,seed333
[C@]1(C(=O)NC2CCCC2)C[C@@H](c2ccccc2)OC1(Cl)Cl,0.755,4.236,-9.05,-8.9,seed333
[C@](C#N)(C(=O)[O-])c1cc2ccccc2[nH]1,0.656,4.058,-8.6,-8.0,seed333
[C@]1(NC(=O)c2ccc(Cc3ccco3)nc2)CC(C)(C)OC1,0.843,3.981,-8.8,-9.1,seed333
[C@](C#N)(OCc1ccc[nH]1)c1ccccc1,0.745,3.859,-8.3,-8.2,seed333
[C@](C#C[C@@H]1CCCCN1C(=O)COc1ccccc1Cl)c1ccc(C#N)cc1,0.638,4.239,-9.15,-8.3,seed333
[C@]1(CNc2ncnc3c2sc2ccccc23)CCC(=O)[C@@H]1C,0.699,4.439,-9.1,-10.2,seed333
[C@](C#N)(C(=O)[O-])C(=O)N(CCC#N)C1CCCC1,0.509,4.433,-8.1,-6.2,seed333
[C@]1(c2ccccc2F)[C@H](C(=O)NCc2ccc(C(C)(C)C)cc2)OC1=O,0.757,3.947,-9.15,-9.2,seed333
[C@]Oc1cccc(NC(=O)N2CCN(C(=O)CSc3ncnc4ccccc34)CC2)c1,0.391,3.613,-9.35,-10.3,seed333
[C@](NC(=O)C1(c2cccc(C(F)F)c2)CC1)c1cc2ccccc2n1C,0.581,4.027,-9.5,-11.7,seed333
[C@]1(CNc2nc(C(F)(F)F)cs2)CN(Cc2ccccc2)C1,0.809,3.656,-8.6,-9.6,seed333
[C@](O)(c1cccc(Cl)c1)[C@H](C)C(=O)[O-],0.713,4.374,-8.3,-7.4,seed333
[C@]1(Cn2c(=O)[nH]c3ccccc32)CCC(=O)N1Cc1ccc(C(C)(C)C)cc1,0.649,3.631,-9.55,-8.9,seed333
[NH+]=C(c1cccc(Cl)c1)N1CCN(c2ncnc3ccccc23)CC1,0.46,3.563,-9.2,-10.2,seed333
[C@]1([C@H](O)C2CCCC2)CCCO1,0.584,4.466,-7.95,-6.9,seed333
[C@][NH+][C@](CCSc1nc2ccccc2o1)c1nc(-c2ccc3ccccc3c2)c[nH]1,0.292,4.298,-9.4,-10.6,seed333
[NH+]=C1CCN(c2cccc(OCc3ccccc3)c2)CC1,0.828,3.42,-9.2,-10.0,seed333
[NH+]=C1NC(=S)N(c2ccc([N+](=O)[O-])cc2)C1=O,0.288,3.973,-8.65,-7.9,seed333
[C@](C#Cc1ccccc1)C(F)(F)C(F)(F)F,0.414,4.017,-8.6,-8.5,seed333
[C@]1(C#N)CCC[C@@H](Oc2ccc(F)cc2)C1,0.663,4.118,-8.35,-8.0,seed333
[C@]1(C(=O)NCc2ccc(Cl)cc2)N/C1=C\c1ccccc1C#Cc1ccccc1,0.402,3.609,-10.0,-10.7,seed333
[C@](O)(c1cccc(Br)c1)c1nc(-c2ccco2)no1,0.701,3.658,-8.8,-9.6,seed333
[C@](Cc1cccc(N2CCCOC2=O)c1)N1CCC(Cc2ccccc2)NC1=O,0.718,4.452,-9.8,-10.8,seed333
[C@]1(C(C)=O)C[C@@H]1CN(c1cnccn1)c1ccccc1,0.735,4.408,-8.45,-7.9,seed333
[C@](O)(CCC(=O)[O-])Nc1ccc(Cl)cc1Cl,0.748,3.996,-8.2,-7.3,seed333
O=C(Nc1ccccc1OCC[NH+]1CCCC1)c1cccc2ccccc12,0.608,3.942,-9.5,-8.9,seed333
N#C[C@H]1CNc2cc(C(=O)NC[C@H](O)c3ccccc3)ccc2N1,0.589,4.334,-9.2,-9.8,seed333
[C@]1(CNCc2ccncc2)N=N1,0.619,3.767,-7.7,-6.3,seed333
[C@]1(C(=O)Cc2cccc(F)c2)NCC[C@@H]1CCOc1cccc(C#N)c1,0.73,4.171,-9.2,-10.2,seed333
[NH+]=C(/NC[C@@H]1CN(C)CCO1)Nc1ccc(Cl)c(Cl)c1,0.452,4.37,-8.55,-8.9,seed333
[NH+]=C(/NCc1ccc(Cc2ccccc2)nc1)OCc1ccccc1,0.436,3.41,-9.1,-10.2,seed333
[C@](O)(c1ccccc1)[C@@H]1CCCC[C@@H]1O,0.678,3.991,-8.6,-7.8,seed333
[C@](C#CCNC(=O)N1CCC(OC(F)(F)F)CC1)c1ccccc1Cl,0.725,4.112,-9.0,-10.1,seed333
[C@]1(c2ccc(Cl)cc2)NC(=O)N1CCC1CCN(c2ccccc2)CC1,0.742,3.437,-9.65,-10.1,seed333
[C@]O[C@@H]1CC[C@@H](NC(=O)c2cccc(N3CCN(c4ccc(F)cc4)CC3)c2)C1,0.745,4.181,-9.25,-10.2,seed333
[C@](NC(=O)c1ccnc(-c2ccc(C(C)(C)C)cc2)n1)c1ncoc1C(C)C,0.569,4.116,-9.35,-9.8,seed333
[C@]1(Cc2ccccc2Cl)SC(=S)N1Cc1ccc(Cl)cc1,0.563,3.393,-8.95,-8.8,seed333
[C@](C#Cc1ccccc1)C(=O)N1CCC(OCc2ccccc2F)CC1,0.691,3.658,-9.35,-10.1,seed333
[C@]O[C@@H]1CC[C@@H](NC(=O)c2ccc(Cl)c(OC)c2)C1,0.822,4.273,-8.4,-8.7,seed333
[C@](C#C/C([O-])=N/S(=O)(=O)c1ccccc1)c1ccncc1,0.373,4.306,-9.2,-9.8,seed333
[C@]1(c2ccccc2)NC(=O)O1,0.551,3.464,-7.9,-7.1,seed333
[C@](C#Cc1noc2cc(C(=O)NCc3cc4ccccc4o3)oc12)C(F)(F)F,0.437,4.432,-9.75,-10.6,seed333
[C@]1(C(C)(C)C)NC(=O)N(CCc2cccnc2)C12CCCCC2,0.818,4.33,-8.8,-7.0,seed333
[C@](O)(c1ccc(Cl)cc1)[C@H]1CCCO1,0.715,3.793,-8.3,-7.6,seed333
[C@](O)(c1ccc(Cl)cc1)C(=O)Oc1ccc([N+](=O)[O-])cc1,0.306,3.215,-8.8,-9.2,seed333
[C@](C#N)([C@H](C#N)NCc1ccc(Cl)cc1)n1cncc1,0.812,4.475,-8.5,-7.8,seed333
[C@]1(C)CCC[C@@H]1NC(=O)N[C@@H](Cc1ccccc1)c1ccc(Cl)cc1,0.672,4.026,-9.5,-9.1,seed333
[C@](CC(=O)Nc1ccc2c(c1)CCC2)C1CCC1,0.76,3.594,-8.65,-10.2,seed333
[C@]1(c2cccs2)NC(=S)NC(=O)C1,0.581,4.301,-7.85,-6.1,seed333
[C@]1(c2ccccc2)NC(=O)/C1=C\c1ccccc1,0.528,3.236,-9.2,-9.7,seed333
[C@](S)(/N=C/c1ccc(C(=O)N(C)C)cc1)c1ccc(F)cc1,0.58,3.449,-8.9,-9.4,seed333
[C@](O)(Cc1ccc(Cl)cc1)NC(=O)c1ccc(S(C)(=O)=O)cc1,0.766,3.159,-8.8,-10.0,seed333
[C@](O)(c1ccccc1)c1cc(F)cc(Br)c1,0.784,3.153,-8.7,-8.8,seed333
[C@]1(c2ccccc2)Nc2ncnn2c1=S,0.631,4.223,-8.55,-7.7,seed333
[NH+]=C1CCC(Cc2ccccc2)S/C1=C\c1ccccc1Cl,0.81,4.404,-9.3,-9.1,seed333
[NH+]/C=C/C(=O)c1ccc(F)cc1OCC(F)F,0.472,4.113,-8.4,-7.3,seed333
O=C(Cc1ccc(F)cc1)Nc1ccccc1F,0.786,2.442,-8.85,-9.3,seed333
[NH3+]Cc1noc(COc2cccc([N+](=O)[O-])c2)n1,0.502,3.824,-8.6,-8.2,seed333
[NH3+]CC(=O)N1CCN(C(=O)N[C@@H]2CCCc3ccccc32)CC1,0.715,4.029,-8.95,-9.1,seed333
[NH3+][C@@H](Cc1cccc(Cl)c1Cl)c1ccc(Cl)cc1,0.781,4.037,-9.0,-9.0,seed333
[NH3+][C@H]1CCCC[C@@H]1c1nc2ccccc2n1CCc1ccccc1,0.685,4.221,-9.5,-9.2,seed333
[NH3+]CCn1ccc(COc2ccc(Cl)cc2F)n1,0.795,3.864,-8.4,-8.3,seed333
[NH3+][C@H](Cc1ccccc1)c1ccc(F)c(F)c1,0.745,3.858,-8.85,-9.1,seed333
[NH3+]C1CCN(CCOc2cccc(Br)c2)CC1,0.816,3.692,-8.35,-7.8,seed333
[NH3+][C@H](CCC(F)(F)F)Cc1ccccc1,0.702,4.21,-8.1,-8.0,seed333
[NH3+][C@H](C1(Cc2ccccc2)CC1)Cc1ccccc1,0.747,3.937,-8.7,-8.5,seed333
[NH3+][C@@H](Cc1ccccc1)c1ccc(Cl)cc1,0.743,3.702,-8.8,-8.8,seed333
[NH3+]C1(CCn2ccc(C(=O)N3CCCC3)c2)CC1,0.745,4.179,-8.4,-8.1,seed333
[NH3+][C@H](C(=O)N1CCOCC1)c1ccc(Oc2ccccc2)cc1,0.833,3.83,-9.05,-9.5,seed333
[NH3+]CCNCc1ccc(N2CCc3ccc(F)cc3C2)cc1,0.726,3.59,-8.85,-9.3,seed333
[NH3+][C@@H]1CCN(c2ccc([N+](=O)[O-])c(N3CCOCC3)c2)C1,0.538,4.355,-8.6,-7.9,seed333
[NH3+][C@@H](Cc1cccc(F)c1)c1ccccc1,0.715,3.796,-8.75,-8.8,seed333
[NH3+][C@@H](CC(=O)Nc1ccc(Cl)cc1)c1ccc2cc(O)ccc2c1,0.579,3.915,-9.4,-11.1,seed333
[NH3+]C1(Cc2ccccc2)CC1,0.548,3.821,-7.8,-6.6,seed333
[NH3+]C1CCc2cc(C(=O)N(C/C#N)c3ccc(F)cc3F)ccc21,0.779,4.478,-9.0,-8.9,seed333
[NH3+][C@@H](Cc1ccccc1)C(=O)N1CCN(Cc2ccccc2)CC1,0.798,3.655,-9.05,-9.9,seed333
[NH3+][C@H](CSc1ccccc1)C(=O)OCc1ccncc1,0.547,4.08,-8.45,-8.1,seed333
[NH3+][C@@]1(Cc2ccc(Cl)cc2)CCCOC1,0.719,4.488,-8.3,-7.7,seed333
[C@@]1(C)c2ccccc2N1CC1CCN(S(=O)(=O)c2cncc3ccccc23)CC1,0.556,3.615,-9.55,-10.1,seed333
[C@@]1(C(=O)N2CC[C@H](NCc3cccnc3)C2=O)C(=O)[C@@H]1c1cccc(F)c1,0.709,4.486,-9.1,-10.4,seed333
[C@@](C#CCCNC(=O)N[C@@H]1CC(C)(C)Oc2ccccc21)c1cccc(Cl)c1,0.48,4.411,-9.25,-10.3,seed333
[C@@](C#Cc1ccccc1)C(=O)Nc1cccnc1,0.709,3.604,-8.7,-9.0,seed333
[C@@]1(CCc2ccccc2)OC[C@H]1C(=O)Nc1cccc([N+](=O)[O-])c1,0.552,3.871,-9.3,-10.8,seed333
[C@@]S(=O)(=O)NCc1nnc(-c2ccccc2Cl)n1N,0.689,3.956,-8.6,-8.6,seed333
[C@@](C#N)(COC1CCOCC1)N1CCC[C@](O)(Cc2ccccc2)C1,0.759,4.372,-8.6,-8.9,seed333
[C@@]1(CC=C2CCCCC2)CCCN(C(=O)CCCc2ccccc2F)C1,0.505,3.865,-9.15,-9.8,seed333
[C@@](C)(C#N)c1ccc(-c2ccc(O)c(Cl)c2)cc1,0.776,3.324,-8.8,-8.8,seed333
[C@@]1(c2cccnc2)NC(=O)N(CCC(=O)Nc2nccs2)C1=O,0.696,3.762,-8.9,-9.4,seed333
[C@@]Oc1cccc(CNC(=O)N[C@@H](C)c2cccc(Cl)c2)c1,0.781,3.81,-8.95,-10.1,seed333
[C@@](O)(C(=O)c1ccccc1)[C@H]1CCCO1,0.667,3.779,-8.35,-7.8,seed333
[C@@]1(Cc2ccccc2)=NC(N)=N[C@@H]1C(=O)NC1CCCC1,0.777,4.132,-9.35,-9.6,seed333
[C@@](O)([C@H]1CC(=O)N(Cc2cccc(F)c2)C1)c1ccc(N)c(F)c1,0.747,3.942,-9.55,-10.1,seed333
[C@@]1(C)CCN(C(=O)NCc2ccccc2[N+](=O)[O-])C1,0.569,3.496,-9.1,-8.4,seed333
[C@@](O)(CNC(=O)c1ccc(C(C)(C)C)cc1)[C@@H]1CCCO1,0.796,3.827,-8.9,-9.8,seed333
[C@@]1(CCc2cccnc2)Nc2nc(C3CCCC3)ncc21,0.831,3.966,-9.1,-9.6,seed333
[C@@]1(C)CCCN1c1cc(C([N-])=O)cc([N+](=O)[O-])c1,0.506,4.246,-8.7,-7.9,seed333
[C@@](C#N)S(=O)(=O)c1noc(-c2ccccc2F)n1,0.727,4.201,-8.4,-8.4,seed333
[C@@]1(CC#N)CCCC(=O)N1c1ccccc1,0.658,3.617,-8.3,-7.5,seed333
[C@@](O)(c1ccccc1)c1n[nH]c(N2CCCC[C@@H]2C)c1[N+](=O)[O-],0.568,4.329,-8.8,-9.4,seed333
[C@@](C#Cc1ccc(C(=O)Oc2cccc([N+](=O)[O-])c2)cc1)C(=O)[O-],0.173,3.792,-9.2,-10.1,seed333
[C@@]1(C(=O)Nc2ccc(Cl)c(C(F)(F)F)c2)NC(=S)N1c1ccccc1,0.679,3.515,-9.35,-9.2,seed333
[C@@]1(CNc2cc([N+](=O)[O-])ccc2Cl)CCCCC1=O,0.578,3.67,-8.75,-9.1,seed333
[C@@]Oc1ccccc1OCC(=O)Nc1ccc([N+](=O)[O-])cc1F,0.553,3.39,-8.85,-9.4,seed333
[C@@]1(C)Cc2ccccc2N1CCn1cc([N+](=O)[O-])cnc1=O,0.535,3.874,-9.25,-9.7,seed333
[C@@]1(C(=O)CCC(=O)N/N=C/c2ccccc2C#N)n(CCCc2ccccc2)C1,0.286,4.123,-8.95,-10.2,seed333
[C@@]Oc1ccc(Nc2ncnc(-c3ccccc3)n2)cc1Cl,0.693,3.523,-9.1,-10.9,seed333
[C@@](C#Cc1ccc(C(=O)Nc2cc(S(=O)(=O)N(C)C)n[nH]2)cc1)c1ccc(F)cc1,0.516,4.081,-9.45,-10.5,seed333
[C@@](CNC(=O)N1CCN(C(=O)[C@H]2CCCO2)CC1)c1ccccc1N1CCCC1,0.721,4.126,-9.2,-9.5,seed333
[C@@](C#Cc1ccccc1)C(=O)Cn1c(=O)[nH]c2ccccc21,0.65,3.755,-9.2,-9.5,seed333
[C@@](O)(c1ccccc1F)N[C@@H](C(=O)Nc1ccc(Cl)cc1)c1cccc(C#N)c1,0.459,3.803,-9.6,-9.7,seed333
[C@@]Oc1ccc(C(=O)NC[C@@H]2CCCO[C@H]2c2ccccc2[N+](=O)[O-])cc1OC,0.468,4.477,-9.35,-9.6,seed333
[C@@]1(CNC(=O)c2ccc[nH]2)Nc2ccccc21,0.646,3.737,-8.65,-8.9,seed333
[C@@]1(CNC(=O)c2ccc[nH]2)CCC1(C)C,0.68,4.109,-8.25,-7.7,seed333
[C@@]Oc1ccc2nc(NC(=O)CCC(=O)c3cccc(OC)c3)oc2c1,0.556,3.655,-9.0,-10.5,seed333
[C@@]1(C(=O)c2cc(Br)c(F)cc2F)NC(=S)N=C1SCc1cccs1,0.319,4.301,-9.0,-8.8,seed333
[C@@](CCl)c1cccc(OCC(F)(F)F)c1,0.629,3.824,-8.15,-7.7,seed333
[C@@]1(c2ccccc2)NC(=O)N1CCNC(=O)c1cc2ccccc2[nH]1,0.571,3.482,-9.4,-11.0,seed333
[C@@](C#C/[NH+]=C(/N)Nc1cccc(OCC(=O)N2CCCC2)c1)C1CCCC1,0.21,4.344,-9.3,-10.2,seed333
[C@@](C#N)C(=O)Nc1cnn(C)c1,0.563,4.369,-7.45,-5.8,seed333
[C@@]1(CNc2ccccc2-n2cccn2)CCCN1C(=O)OCc1ccccc1,0.6,3.596,-9.25,-9.9,seed333
[C@@]1(CNC(=O)[C@@H]2CCCN(c3ccccc3)C2(C)C)CCC1,0.822,4.292,-8.55,-8.6,seed333
[C@@](CCl)CSc1nc(-c2ccccc2)n[nH]1,0.405,4.031,-8.3,-8.0,seed333
[C@@](CNCS(=O)(=O)c1cccc(Cl)c1)N1CCNC1=O,0.658,4.19,-8.45,-8.5,seed333
[C@@]=CCN1C(=O)/C(=C\c2ccc(S(=O)(=O)OC)cc2)SC1=S,0.359,4.03,-8.35,-7.1,seed333
[C@@](CNc1ncnc2c1nnn2Cc1ccccc1F)c1ccccc1,0.481,3.708,-9.4,-10.2,seed333
[C@@]1(C#N)C[C@H]1C(=O)N[C@H](Cc1ccccc1)c1ccccc1,0.819,4.063,-9.2,-8.4,seed333
[C@@]1(C)CC(=O)N(c2ccc(Cl)cc2)C1=Cc1ccccc1,0.686,3.429,-9.25,-9.2,seed333
[C@@]1(C#N)CCC[C@H]1C(=O)Nc1cccc([N+](=O)[O-])c1,0.565,4.098,-8.95,-9.0,seed333
O=C([O-])CCn1ncc2cc(CSc3nc4ccccc4nc3)ccc2c1=O,0.362,3.831,-9.4,-10.4,seed999
O=C(OC[C@@H]1COCCO1)c1ccc(N2CCCC2)c(Br)c1,0.663,3.766,-8.5,-8.9,seed999
N#CC(c1ccc(Cl)c(Cl)c1)C(=O)N1CCN(c2ccccc2F)CC1,0.691,3.673,-9.1,-7.4,seed999
O=C(NCC1CCN(S(=O)(=O)c2ccc(Cl)cc2)CC1)c1ccco1,0.762,3.048,-9.1,-9.1,seed999
Fc1ccc(-n2cccn2)nc1,0.536,3.155,-7.95,-6.7,seed999
FN(C#Cc1ccccc1)c1ccc([N+](=O)[O-])cc1,0.172,3.647,-8.8,-9.3,seed999
FN1CCC[C@@H]1c1ccc(Cl)cc1,0.527,3.881,-8.2,-7.5,seed999
O=C(CCN1c2ccccc2-c2ccccc21)Nc1ccccc1C(F)(F)F,0.373,2.973,-9.9,-11.5,seed999
FN1CC[C@H](Nc2ccc(Cl)cc2Br)C1,0.74,4.157,-8.4,-7.3,seed999
Nc1cc(F)cc(C(=O)N2CCC(c3nc(C(F)(F)F)cn3C(F)F)CC2)c1,0.518,3.931,-9.2,-9.7,seed999
Fc1ccc(-c2n[nH]c(SCc3ccc(Cl)cc3)n2)cc1,0.617,3.101,-9.05,-9.9,seed999
FC(F)(F)C(F)(F)C[C@@H](O)c1cc(Br)ccc1Cl,0.679,4.085,-8.5,-8.3,seed999
Fc1ccccc1-c1ncc(CN2CCN(c3cccc(Cl)c3)CC2)nc1Cl,0.504,3.305,-9.45,-9.5,seed999
c1ncc(C[NH2+]Cc2ccco2)c2ccc(Br)cc12,0.704,4.295,-8.8,-9.3,seed999
COc1ccccc1OCC(=O)N(C)CCc1ccc(OC)cc1,0.647,2.752,-8.7,-8.8,seed999
O=C(CCc1n[nH]c2ccc(Br)cc12)N1CCCCC1,0.835,3.317,-9.0,-9.6,seed999
c1ccc(CN2CCC[C@@H]2c2nc3ccccc3[nH]2)cc1,0.687,3.355,-8.95,-9.9,seed999
c1cc(NC[C@@H]2CCCN(c3ncccn3)C2)ccc1,0.825,3.425,-8.8,-8.4,seed999
c1ccc(-c2noc(-c3cccs3)n2)cc1,0.574,2.831,-8.55,-8.9,seed999
c1ccc(-c2nnc(NC3CCN(C(=O)NCc4ccco4)C3)o2)c(OC2CCCCC2)c1,0.447,4.087,-10.1,-10.7,seed999
CCc1nnc(CN(C)CN2CCN(c3ccccc3C(F)F)CC2)s1,0.636,3.722,-8.8,-9.4,seed999
Cc1nn(C)cc1NC(=O)CN(C)C(=O)c1ccccc1,0.824,3.018,-8.6,-8.4,seed999
COC(=O)[C@@H](C)NC(=O)[C@H](C)OC(C)C,0.58,4.017,-7.75,-6.4,seed999
CN(C)c1cc(C(=O)N(C2CC2)c2ccccc2)cc(OC(F)F)c1Cl,0.62,3.534,-8.6,-9.0,seed999
C[C@@H](NC(=O)Cc1cccc2sccc12)c1ccc(OC(F)F)cc1,0.577,3.591,-9.3,-10.1,seed999
[C@@H]Oc1ccc(NCCC(=O)NCC(C)C)cc1Cl,0.708,3.503,-8.15,-8.4,seed999
[C@@H](C(=O)N1CCSC[C@H]1CN1CCOCC1)c1cc(F)c(F)cc1F,0.655,4.482,-9.1,-7.6,seed999
[C@@H]1CCC[C@@H](Oc2ccccc2)C1,0.57,3.924,-8.2,-7.6,seed999
[C@@H]#C/C=C/c1cccc([N+](=O)[O-])c1,0.291,3.515,-8.1,-7.2,seed999
[C@@H]Oc1ccccc1CCNC(=O)NC[C@@H](c1ccco1)C(C)C,0.678,4.219,-8.7,-9.3,seed999
[C@@H](NCc1ccc2c(c1)CCC2=O)C1CCCC1,0.778,3.79,-8.95,-9.5,seed999
N#CC[C@@]1(O)CCCN1C(=O)Cc1ccccc1Cl,0.821,4.258,-8.7,-7.7,seed999
c1cccn1C[C@H]1CCCCN1C(=O)c1ccccc1,0.739,3.538,-8.55,-8.1,seed999
c1cnc(N2CCC[C@@H](C(=O)N[C@@H](C)Cn3cccn3)C2)cc1,0.812,3.982,-8.8,-9.0,seed999
c1ccc(C2(NCCOc3ccc(Cl)c(Cl)c3)CCOCC2)cc1,0.654,3.328,-9.15,-9.3,seed999
c1ccc(N2C[C@H]3c4ccccc4C[C@@H]3O[C@H]2c2cccnc2)cc1,0.6,4.427,-9.8,-9.9,seed999
c1ccc(Cl)c2c1N[C@@H](C#N)CN2c1ccc(F)cc1,0.763,4.192,-8.6,-7.5,seed999
c1csc(Cn2ccccc2=O)c1CNC(=O)c1ccc(Br)cc1,0.607,3.334,-9.25,-10.1,seed999
c1ccc2c(c1)CC[C@](CNC(=O)c1ccccc1)C2,0.806,3.227,-9.3,-10.4,seed999
c1cncc(CS(=O)(=O)Cc2ccc(C(N)=O)cc2)c1,0.798,3.023,-8.6,-9.2,seed999
c1ccc(-c2nc(C(=O)N3CCC(C(C)(C)C)CC3)oc2C#N)cc1,0.727,3.697,-9.15,-10.1,seed999
c1csc(-c2n[nH]c3c2CCC[C@H]3CN2CCN(c3ccc(F)cc3)CC2)c1,0.604,4.03,-9.75,-9.9,seed999
c1ccccc1CCN1CCN(C=O)c2ccccc21,0.694,3.176,-8.95,-9.3,seed999
O=C(/C=C/c1ccc(C(F)(F)F)cc1)N1CCC(OC2CCCCC2)CC1,0.583,3.383,-9.3,-10.4,seed999
c1ccc2nsnc2c1,0.45,3.029,-7.5,-5.8,seed999
c1ccc(C[C@@H](O)c2cccc(F)c2)cc1OC(F)(F)F,0.765,3.439,-9.35,-9.7,seed999
c1cnc(-c2ccccc2CNC(=O)C(=O)N(C)CC(C)(C)O)cc1,0.709,3.455,-9.1,-9.6,seed999
O=C(CC1CCCC1)N[C@@H]1c2ccccc2CC[C@H]1c1cc(F)ccc1F,0.665,4.045,-10.0,-10.2,seed999
Fc1ccc(C[NH2+]CCOc2ccccc2)cc1,0.675,3.674,-8.45,-8.6,seed999
c1ccccc1COc1ccccc1C(=O)N1CC[C@H](c2ccc(F)cc2)C1,0.526,3.273,-9.9,-11.0,seed999
c1ccc(CCCN2C(=O)C[C@@H](C)C2=O)cc1,0.643,3.348,-8.6,-8.7,seed999
O=S(=O)(c1cccc(F)c1)N(CCC(F)F)C1CCCCC1,0.693,3.435,-8.8,-7.9,seed999
c1ccc(-n2nnnc2SCC(=O)[O-])cc1,0.564,3.474,-8.25,-8.1,seed999
c1cccc2cc(CNC(=O)NCc3nc(C(N)=O)nc4ccccc34)cnc12,0.386,3.437,-9.6,-11.2,seed999
c1csc2c1[C@@H](c1ccccc1)CCC2,0.567,3.468,-8.55,-8.7,seed999
O=C([O-])COc1ccccc1C(=O)N/N=C\c1ccc(Cl)cc1Cl,0.524,3.442,-8.65,-7.7,seed999
c1cnn2cc(CNCCOc3occc3F)nnc12,0.578,4.151,-8.45,-8.3,seed999
c1cc2cc(CN3CCCC3)nn2cc1Cl,0.698,3.454,-8.5,-8.3,seed999
c1cccc(C(=O)N2CCC(NC(=O)c3ccncc3)CC2)c1,0.844,2.779,-9.0,-9.9,seed999
c1cncc(-c2noc(C3CC[NH+](CCS(=O)(=O)c4ccccc4)CC3)n2)c1,0.573,4.337,-9.4,-9.8,seed999
S=C(N[C@@H]1CCSc2ccccc21)N1CCc2ccccc21,0.691,3.873,-9.45,-8.5,seed999
COc1ccc(/C=C(\C#N)C(=O)Nc2ccc3[nH]ccc3c2)cc1,0.468,3.174,-9.05,-10.6,seed999
O=C(Nc1ccc(S(=O)(=O)N2CCN(c3ccccc3)CC2)cc1)N[C@H]1C=CCC1,0.62,3.745,-9.45,-10.4,seed999
S=[P@@]1(Cc2ccccc2)CN1c1ccccc1,0.504,4.391,-8.45,-8.7,seed999
Sc1ccc(-n2cc(-c3ccccc3)nn2)c(C(=O)[O-])c1,0.645,3.798,-8.85,-8.8,seed999
Sc1cc(S(=O)(=O)N2CCc3ccccc3C2)[nH]n1,0.724,3.875,-8.85,-8.6,seed999
S=C1CCCCN1c1ccc(NC(=O)C2=CCCC2)cc1,0.755,3.539,-9.05,-9.9,seed999
SC(/N=C/c1ccc2c(c1)OCCO2)c1ccccc1,0.591,3.975,-8.85,-8.8,seed999
Sc1ccc(C(=O)N2CCC[C@@H]2c2nccs2)cc1,0.76,3.879,-8.55,-7.1,seed999
S=C(NCCc1cccs1)NC[C@@H](c1ccccc1)N1CCN(C(=O)c2ccccc2)CC1,0.38,3.683,-9.2,-9.6,seed999
Sc1ccc(-c2cccnc2)cc1,0.577,2.977,-8.25,-7.5,seed999
S=C(c1ccc(Br)cc1)N1CCCC1,0.621,2.925,-8.15,-7.3,seed999
S[C@@H]1CCCN(Cc2nc(-c3cccs3)nc3nccn23)C1,0.65,4.471,-8.75,-7.6,seed999
S[C@H]1CC[C@@H](c2ccccc2)O1,0.554,4.365,-7.8,-6.9,seed999
[C@H]1CCCC[C@@H]1OCc1nc2ccccc2s1,0.717,4.184,-8.55,-9.1,seed999
[C@H](C)c1ccc(N/C=C2\Oc3c(c4c([nH]c5ccccc45)C3)C(=O)C2)cc1,0.599,4.416,-9.5,-11.8,seed999
[C@H](C)c1ccccc1O[C@H]1CCc2c(sc(N)n2)C1,0.834,4.388,-8.95,-8.8,seed999
[C@H]1C[C@@H]2CCC[C@@H]2C(=O)N1CCNC(=O)c1ccccc1,0.822,4.328,-9.05,-9.7,seed999
[C@H]S(=O)(=O)c1ccc(F)cc1C(=O)NNC(=O)c1cccc(F)c1F,0.534,3.601,-9.4,-9.9,seed999
[C@H]Oc1ccc(NC(=O)c2cccc(C#N)c2)cc1Br,0.835,3.378,-8.8,-9.6,seed999
[C@H]Oc1ccccc1NC(=O)[C@H]1CCCN(C(=O)Cc2ccccc2)C1,0.801,3.667,-9.6,-9.3,seed999
[C@H]1C=C/C(=N\Nc2ccc(F)cc2)C(=O)N1c1ccccc1,0.782,3.659,-9.15,-10.3,seed999
N#CC1[C@H]2CCCC[C@H]2C(=O)N1c1ccc(F)cc1,0.677,4.402,-8.7,-7.8,seed999
O=C1CCCC(=O)N1CCOc1ccc(F)cc1,0.666,2.845,-8.6,-8.7,seed999
[C@H]Oc1ccc(CCC(=O)OCC(=O)NCc2ccc(Cl)cc2)cc1,0.635,3.205,-8.5,-9.2,seed999
[C@H]1C(=O)NC2=C(C(=O)CCC2)[C@@H]1c1ccc(OC(F)(F)F)cc1,0.81,4.342,-9.2,-9.8,seed999
[C@H](C)C(=O)Nc1cccc(Br)c1[N+](=O)[O-],0.578,3.724,-8.15,-7.0,seed999
[C@H]1C(=O)C(=O)NC(=S)N1c1ccccc1Cl,0.505,3.925,-8.35,-7.1,seed999
[C@H]Oc1ccc(Cl)c(NC(=O)[C@@H]2CC(=O)N(c3ccccc3[N+](=O)[O-])C2)c1,0.526,4.013,-9.4,-9.4,seed999
[C@H]Oc1ccc(Nc2nc(CSc3ncn[nH]3)cs2)cc1OC,0.534,3.912,-8.55,-9.2,seed999
[C@H](CNC(=O)c1cccc(OCc2ccccc2)c1)NC[C@@H]1CCS(=O)(=O)C1,0.529,3.993,-9.2,-9.8,seed999
[C@H]1CCCC[C@@H]1NC(=O)CN(C)C(=O)c1cccc(Cl)c1,0.829,3.976,-8.7,-9.2,seed999
[C@H](S)C(=O)Nc1ccc(NC(=O)c2cccc(Cl)c2)cc1,0.654,3.051,-8.75,-9.6,seed999
[C@H]OC(=O)c1cc(C)cc(Oc2cccc(C(=O)NC3CCCCC3)c2)c1,0.682,3.4,-9.35,-11.0,seed999
[C@H](C#N)Nc1ncc(Cl)c2ncccc12,0.739,4.076,-8.05,-7.1,seed999
[C@H](C(N)=S)N(Cc1ccc(Cl)cc1)C1CCOCC1,0.748,3.894,-8.35,-6.9,seed999
[C@H](NC(=O)CCc1ccccc1)c1cccc(NN)c1,0.456,3.414,-9.1,-9.5,seed999
[C@H](C)CNC(=O)NC1CCCCC1,0.588,3.466,-8.15,-7.2,seed999
[C@H]1C[C@](C#N)([C@H]2CCCN(c3cccc(F)c3)C2)C1,0.71,4.35,-8.9,-8.9,seed999
[C@H](CNC(=O)[C@@H]1CCCN1C(=O)c1cccc(C(F)(F)F)c1)N1N=C(c2cccnc2)N=N1,0.507,4.381,-9.4,-10.2,seed999
[C@H]Oc1ccccc1-c1nnc(SC2CCCCC2)o1,0.743,3.806,-8.9,-9.9,seed999
[C@H](C)NC(=O)c1ccccc1N(C)Cc1c(F)cccc1F,0.816,3.586,-8.95,-7.9,seed999
[C@H]Oc1ccc(CNC(=O)/C=C/c2ccc(Cl)cc2Cl)cc1,0.725,3.422,-8.85,-9.2,seed999
[C@H](C)c1ccccc1Oc1ccccc1OCC#N,0.709,3.345,-8.5,-8.7,seed999
[C@H]1CC[C@H](C(=O)N2CCC(OCc3ccco3)CC2)C1,0.749,4.222,-8.6,-8.2,seed999
[C@H](C#N)NC(=O)CCN1C(=O)c2ccccc2C1=O,0.693,3.621,-8.6,-8.3,seed999
[C@H]1C(C)(C)O[C@@H]1C(=O)NCC(=O)Nc1ccc(F)cc1OCc1ccccc1,0.668,3.895,-9.25,-9.8,seed999
Cc1cc(F)cc(NCCn2ccc(C(=O)N3CCN(c4ccccc4)CC3)n2)c1C,0.559,3.337,-9.5,-10.1,seed999
O=C(NCc1cn(Cc2cccnc2)cn1)c1ccc(=O)[nH]c1,0.634,3.482,-8.85,-9.7,seed999
Nc1ccc2c(c1)N(C)C(=O)/C(=C\c1cccc3ccccc13)C2=O,0.321,3.297,-9.45,-9.8,seed999
FC(F)(F)C(F)(F)Oc1cc2c(cc1Cl)OCCO2,0.681,3.583,-8.7,-8.3,seed999
[C@H](C)Nc1ccccc1C#N,0.592,3.608,-7.65,-5.7,seed999
[C@H]Oc1ccc(F)cc1CN(C)C(=O)c1cc(Cl)ccc1N,0.779,3.564,-9.0,-8.8,seed999
[C@H](C#N)S(=O)(=O)CC(=O)Nc1ccccc1C(C)(C)C,0.82,3.717,-8.65,-8.4,seed999
[C@H]Oc1ccc(OC2CCN(C(=O)NC3CC3)CC2)cc1OC,0.806,3.555,-8.55,-9.0,seed999
[C@H](CNc1ncnc(N(C)C)n1)c1ccccc1,0.763,3.707,-8.55,-8.8,seed999
[C@H]Oc1cccc(OCC(=O)NC[C@](C)(O)c2ccccc2)c1,0.722,3.917,-8.8,-9.6,seed999
[C@H](C)N(C)c1ccc(C(C)C)nn1,0.61,4.267,-8.05,-7.2,seed999
[C@H]Oc1cccc(NC(=O)N2CCC(CC(C)C)CC2)c1,0.809,3.503,-8.8,-9.8,seed999
[C@H]Oc1cccc2cc(NC(=O)CCNC(=O)c3ccccc3)oc12,0.624,3.546,-9.25,-10.2,seed999
[C@H](C)S(=O)(=O)Cc1ccc(NCc2c(F)cccc2F)cc1,0.782,3.429,-8.7,-9.2,seed999
[C@H](C#N)c1ccc(C(=O)N[C@@]2(C)CCOC2)cc1,0.778,4.477,-8.6,-8.5,seed999
[C@H]Oc1cccc(C(=O)NC[C@](C)(O)CCCCCN2CCOCC2)c1,0.524,4.106,-8.55,-8.6,seed999
[C@H]1CCC[C@@H]1CNC(=O)c1cnc(-c2ccccc2F)s1,0.836,4.175,-8.8,-9.8,seed999
[C@H]Oc1ccc(S(=O)(=O)N2CCC[C@@H](C(=O)Nc3cccc(C#N)c3)C2)cc1,0.736,3.891,-9.35,-9.1,seed999
[C@H](C)[C@@H](NC(=O)C1=NN(Cc2ccccc2)c2ccccc2c1=O)c1ccccc1F,0.412,3.955,-9.85,-9.3,seed999
[C@H]Oc1ccccc1CC[C@@H](C)NC(=O)c1cccc2cnccc12,0.641,3.907,-9.3,-10.0,seed999
[C@H]1C[C@](CCC(=O)NNC(=O)Cn2cccn2)CC(=O)O1,0.482,4.421,-8.6,-8.9,seed999
[C@H]Oc1ccc2[nH]cc(CCC(=O)Nc3ccc(Cl)cc3)c2c1,0.628,3.352,-8.95,-10.3,seed999
[C@H](Cc1cccc(C(F)(F)F)c1)NNC(=O)c1ccc(-c2ccccc2)cc1,0.364,3.246,-9.7,-12.4,seed999
[C@H]1C(C)=NC=C1C(=O)N[C@H](c1ccc(Br)cc1)C1CC1,0.8,4.456,-8.7,-8.0,seed999
[C@H](c1ccccc1OCCNC(=O)C1CCOCC1)c1ccc(F)cc1,0.674,3.363,-9.15,-10.2,seed999
[C@H]1CCC[C@](C#N)(NC(=O)c2ccnc3ccccc23)C1,0.818,4.236,-9.1,-9.4,seed999
[C@H]Oc1ccc(OC(=O)C[C@@H]2C=CCC2)cc1,0.353,4.285,-8.25,-8.5,seed999
[C@H]1CCCN(C(=O)COc2ccc(F)cc2F)C1,0.727,3.452,-8.75,-8.8,seed999
[C@H](C)c1nnc(CN2CCN([C@H](c3ccccc3)C(=O)NCc3ccccc3)CC2)s1,0.49,4.025,-9.35,-9.1,seed999
[C@H](CCC1(C(=O)[O-])CCCC1)c1ccc(Br)cc1,0.738,4.201,-8.7,-9.0,seed999
[C@H]Oc1cccc(NC(=O)NCc2c(F)cccc2Cl)c1,0.801,3.376,-8.9,-9.7,seed999
[C@H](C)c1ccc(NC(=O)CCC(F)(F)F)cc1[N+](=O)[O-],0.566,3.591,-8.5,-9.1,seed999
[C@H]1CCN(c2ccccc2COC2CCCCC2)C1,0.71,3.577,-8.7,-7.9,seed999
[C@H]#CCNC(=O)N[C@H](C)c1cccc(Cl)c1,0.678,3.583,-8.3,-8.3,seed999
[C@H](C)c1c(C(=O)NNc2cccc(Br)c2)cnn1C,0.751,3.789,-8.55,-9.2,seed999
[C@H](C)n1nncc1CNC(=O)CCc1ccc(Br)cc1,0.781,3.775,-8.55,-9.1,seed999
[C@H]Oc1ccc(NC(=O)[C@@H]2CCCN(c3c(C#N)cc(=O)[nH]c3C)C2)cc1,0.768,4.361,-9.1,-8.3,seed999
[C@H](C#N)Cn1cc([N+](=O)[O-])ccc1=O,0.414,4.146,-8.0,-6.7,seed999
[C@H]Oc1ccc(CC[NH2+]CC2CCN(C(=O)OC(C)(C)C)CC2)cc1,0.705,4.366,-8.65,-9.0,seed999
[C@H]C(C#Cc1ccc(C#N)cc1)NC(=O)CNc1cccc(F)c1,0.75,4.172,-8.95,-9.7,seed999
[C@H](C(=O)Nc1cccc(Cl)c1C(N)=O)C(=O)CCc1ccc(C(N)=O)cc1,0.497,3.51,-9.35,-9.9,seed999
[C@H]1OC[C@@H](OCC(C)(C)CC(=O)Nc2ccc(-c3ccco3)cc2)C1,0.716,4.435,-8.85,-9.7,seed999
[C@H](C#N)CS(=O)(=O)N1CCN(c2cnccc2F)CC1,0.704,4.04,-8.6,-7.4,seed999
[C@H]1C(C)(C)[C@@H]1CC[C@](C)(O)c1ccc(C(C)C)cc1,0.715,4.494,-8.3,-9.2,seed999
[C@H]OC(=O)c1c(N)cccc1OCc1cc(C#N)cs1,0.589,4.072,-8.5,-7.4,seed999
[C@H](CCCNC(=O)[C@@H]1CC(=O)N(C2CC2)C1)c1ccccn1,0.677,4.127,-8.5,-9.4,seed999
[C@H](C)c1ccc(Oc2ccc(C(=O)NC[C@@H]3CCCO3)cc2)cc1,0.775,3.618,-8.85,-10.2,seed999
[C@H]1CCC[C@@H](NC(=O)c2[nH]c3cc(F)ccc3n2)C1,0.772,4.182,-8.95,-9.7,seed999
[C@H]Oc1cccc(F)c1C(=O)Nc1ccccc1SCc1ccccc1,0.493,3.322,-9.4,-8.7,seed999
[C@H]Oc1ccc(C(C)C)cc1S(=O)(=O)NCCNS(C)(=O)=O,0.573,3.777,-8.35,-8.8,seed999
[C@H](C#N)c1ccnc(Cn2cncn2)c1,0.631,4.21,-8.1,-7.1,seed999
[C@H]1CCCN(C(=O)[C@H](C)SCC(=O)Nc2ccccc2CN2CCOCC2)C1,0.656,4.083,-9.0,-9.7,seed999
[C@H]1C[C@@](C#N)(Nc2ccc(C(F)(F)F)cc2)CC1,0.77,4.448,-8.75,-9.3,seed999
[C@H]O/N=N\c1ccc2c(c1)C(=O)N(CC(=O)N1CCN(c3ccccc3)CC1)C2=O,0.332,3.764,-9.2,-10.0,seed999
O[C@@H](COc1ccc(Br)c([N+](=O)[O-])c1)C(F)F,0.569,4.015,-8.35,-7.6,seed999
CCCC1(CCC)CCOC(=O)C1(C)C,0.566,4.317,-7.9,-6.0,seed999
[C@H]=C(Nc1ccccc1)c1ccccc1[N+](=O)[O-],0.556,3.226,-8.9,-9.1,seed999
[C@H]Oc1cc(NC(=O)CN2CC[NH+](C)CC2)c(OC)cc1OCc1ccccc1C,0.586,4.342,-8.9,-8.8,seed999
[C@H]Oc1ccccc1CNC(=O)Cc1ccc(CC[NH+](C)C)cc1,0.668,4.101,-8.95,-9.0,seed999
[C@H](c1ccccc1Br)N1CCN(S(=O)(=O)/N=C/c2ccco2)CC1,0.61,4.222,-9.0,-8.7,seed999
[C@H](CNC(=O)C1CCCC1)n1ncnc1C1CC1,0.757,4.035,-8.4,-8.9,seed999
[C@H](C)c1ccc(OCCN(C)C(=O)[C@@H]2CCCO2)cc1,0.7,3.968,-8.35,-8.7,seed999
[C@H]1CCCC[C@H]1NC(=O)N[C@H](c1ccc(F)cc1)c1ccccc1,0.761,4.114,-9.3,-10.4,seed999
[C@H](C#N)CO[C@@H]1CCN(CC(=O)N2CCCC2)C1,0.564,4.271,-8.05,-7.5,seed999
[C@H]c1cnn(CC(=O)Oc2c(F)cccc2F)c1C,0.53,3.99,-8.65,-8.5,seed999
[C@H]#CCOc1ccc(/C=N/NC(=O)C[C@@H]2C=CCC2)cc1,0.277,4.027,-8.5,-9.3,seed999
[C@H](CC(=O)Nc1ccccc1NC(=O)C1CCC1)c1ccc(Cl)cc1,0.691,3.239,-9.65,-9.6,seed999
[C@H](CCN[C@H](CO)c1ccccc1)c1ccccc1,0.645,3.703,-8.7,-8.8,seed999
[C@H]Oc1ccc(NC(=O)C(=O)NCC(C)(C)c2nc(C)no2)cc1,0.704,3.969,-8.85,-9.9,seed999
[C@H]S(=O)(=O)c1ccc(NC(=O)N(CC(C)C)C2CCOCC2)cc1,0.784,3.689,-8.55,-8.6,seed999
[C@H]Oc1ccc(C)cc1C(=O)Nc1nc(-c2cccnc2)cs1,0.693,3.47,-9.25,-9.6,seed999
[C@H](C)[C@]1(c2ccccc2)NC(=O)N(c2ccc(Cl)cc2)C1,0.813,4.208,-8.95,-8.2,seed999
[C@H]1C(=O)/C(=C/c2cccc3ccccc23)[C@H]2CC[C@@]12c1ccccc1,0.48,4.437,-10.05,-11.3,seed999
[C@H]OC(=O)C(=O)Oc1ccccc1I,0.241,3.929,-8.0,-6.5,seed999
[C@H](CNC(=O)c1nccnc1NC(=O)c1cccs1)[C@H]1CCCO1,0.734,4.373,-8.65,-8.6,seed999
[C@H]1CC(=O)N(c2ccccc2)C(=O)C1,0.527,3.641,-8.5,-7.8,seed999
[C@H]O/C=C/C(=O)NCc1ccn(-c2ccccc2)n1,0.553,3.778,-8.35,-8.6,seed999
[C@H](C)NC(=O)C[C@@H](C)Nc1ccc2ccccc2n1,0.764,4.053,-8.65,-9.0,seed999
[C@H]OC(=O)Cn1cc(C(=O)Nc2cc(Cl)ccc2[N+](=O)[O-])cnc1=S,0.266,3.993,-8.85,-8.3,seed999
[C@H]1CCCC[C@@H]1CNC(=O)c1cccnc1OC(=O)c1cccs1,0.744,4.209,-9.2,-9.6,seed999
[C@H](CC(=O)c1ccccc1F)c1ccc(F)c(Br)c1,0.654,3.465,-9.05,-9.7,seed999
O=C(NCc1ncc(-c2ccccc2)s1)c1ccc(C(F)(F)F)cn1,0.657,3.27,-9.15,-10.3,seed999
NC(=O)COc1cccc(/C=C/C[N+]2=CCCC2)c1,0.686,4.114,-8.6,-8.9,seed999
[C@H]#Cc1c(F)cccc1NCC(=O)Nc1ccc(Cl)cc1N,0.499,3.336,-8.8,-10.0,seed999
[C@H]1Nc2cc(OC(=O)c3cccc(S(=O)(=O)NCCC(C)C)c3)ccc2O1,0.458,3.772,-9.0,-9.7,seed999
[C@H]#CCNc1ccc([N+](=O)[O-])cn1,0.325,3.583,-7.85,-6.7,seed999
[C@H]Oc1ccc(NC(=O)C(=O)N[C@H](C)c2ccccc2F)cc1OC1CCCC1,0.621,4.024,-9.35,-11.3,seed999
[C@H]1CCCN(C(=O)C(=O)Nc2ccccc2N2CCCCC2)C1,0.753,3.533,-9.0,-9.2,seed999
[C@H]Oc1ccc(OCc2nc(-c3cccc(C)c3)oc2C)cc1OC,0.558,3.476,-9.1,-10.5,seed999
[C@H](C)SCCNC(=O)Cc1cc(Br)ccc1F,0.716,3.701,-8.0,-7.8,seed999
[C@H]1C(C)(C)C1(C)-c1ccc(NC(=O)c2ccc3ccccc3n2)cc1,0.635,3.795,-9.55,-11.1,seed999
[C@H](CC(=O)Nc1cccc(C(N)=O)c1)c1cc(F)ccc1F,0.791,3.367,-9.35,-10.9,seed999
[C@H]Oc1ccc(C2=NN(c3ccccc3OC[NH3+])C2)cc1O,0.714,4.458,-8.9,-8.7,seed999
[C@H](C)NC(=O)c1cccc(C(=O)Nc2ccccc2)c1,0.795,2.976,-9.05,-9.6,seed999
[C@H](C)Oc1ccc(O[C@H](C)C(=O)N(C2CC2)S(=O)(=O)c2ccc(Cl)cc2)cc1,0.541,4.143,-8.7,-8.5,seed999
[C@H]O/N=C1\C(=N/c2ccc(C(C)=O)cc2)SC(=S)N1c1ccccc1,0.354,4.088,-8.85,-6.7,seed999
[C@H](C)C(=O)Nc1ccc(N(C)C)cc1,0.691,3.14,-7.95,-7.1,seed999
[C@H](C(=O)NCC#Cc1ccc(F)cc1)[C@H]1CCCN(c2ncccn2)C1,0.758,4.338,-9.25,-10.3,seed999
[C@H]1CCCCN1S(=O)(=O)c1ccccc1CN1CCOc2ccccc21,0.726,3.737,-9.65,-8.9,seed999
[C@H]Oc1ccc(C(=O)NCCCn2c(C)ccc2C)c([N+](=O)[O-])c1,0.381,3.74,-8.7,-8.9,seed999
[C@H](CNC(=O)[C@H]1COc2ccc(F)cc2C1)N1CCN(c2ncccn2)CC1,0.737,4.307,-9.2,-10.0,seed999
[C@H]1CCCC[C@@H]1C(=O)Nc1cccc(Oc2ccccn2)c1,0.819,3.915,-9.1,-10.2,seed999
[C@H](C)CN(Cc1ccccc1)c1ccc(Cl)cn1,0.708,3.353,-8.55,-7.5,seed999
[C@H]Oc1c(OC)cccc1C1(O)CCN([C@@H](C#N)c2ccccc2)CC1,0.796,4.328,-8.6,-8.6,seed999
[C@H](O)c1ccc(C(=O)N[C@@H]2CCN(c3ccccc3)C2)cc1Cl,0.805,3.706,-8.95,-10.2,seed999
[C@H](c1ccc(C(=O)OC2CC2)cc1F)c1cccc(C(=O)Nc2ccccc2)c1,0.505,3.321,-9.85,-11.2,seed999
[C@H]1c2ccccc2C(=O)N1CCN1CCN(C(=O)c2ccccc2)CC1,0.75,3.446,-9.4,-10.8,seed999
[C@H](C[NH2+]CC1(O)CCCCC1)c1ccc(F)cc1,0.667,4.421,-8.6,-9.1,seed999
[C@H]OCc1ccccc1C(=O)N[C@@H](C)c1cnn(C)c1C,0.817,4.072,-8.4,-8.5,seed999
[C@H]1CCCC[C@@H]1N(C)S(=O)(=O)c1ccc(OCC(N)=O)cc1,0.754,4.021,-8.7,-8.9,seed999
[C@H](Cc1ccccc1F)N(C)C(=O)NC(C1CC1)C1CC1,0.755,3.963,-8.6,-9.0,seed999
O=C(Nc1ccccc1)[C@H]1C[C@H]1c1ccc(F)cc1,0.792,3.341,-9.05,-7.6,seed999
c1ccc2cc(CN3CCC[C@@H](O)C3)nn2c1,0.746,3.971,-8.8,-8.7,seed999
[C@H]O/C=C/C(=O)N(Cc1ccccc1)C1CC1,0.473,3.742,-8.15,-7.0,seed999
[C@H](C#N)NC(=O)c1cccc(F)c1,0.638,3.669,-7.95,-7.1,seed999
[C@H]1CCCCN1S(=O)(=O)c1ccc(S(=O)(=O)NC2CC2)cc1,0.777,3.602,-8.7,-9.1,seed999
[C@H]Oc1ccccc1-c1nnc(NC(=O)CCc2ccco2)s1,0.65,3.624,-8.9,-9.9,seed999
[C@H](C)C[C@@H]1CCC[C@@H]1NC(=O)N1CCN(Cc2ccc(F)cc2)CC1,0.786,4.152,-8.75,-9.3,seed999
[C@H]OCc1ccccc1NC(=O)/C=C/c1ccncc1,0.746,3.538,-8.6,-8.9,seed999
[C@H](C)c1cnsc1C(=O)NNC(=O)c1ccccc1,0.738,3.714,-8.8,-9.1,seed999
[C@H]Oc1ccc(NC(=O)NNC(=O)c2ccc(C)c([N+](=O)[O-])c2)cn1,0.472,3.628,-8.95,-9.4,seed999
[C@H](C)c1ccc(S(=O)(=O)N2CCN(c3ccccc3)CC2)cc1,0.766,3.077,-9.15,-8.9,seed999
[C@H](C)OC(=O)CCc1nnc(S[C@@H](C)c2ccccc2)n1C,0.479,4.129,-8.55,-8.9,seed999
[C@H]1CCCC[C@@H]1Nc1cc(F)cc(F)c1,0.687,4.223,-8.55,-7.8,seed999
[C@H]Oc1ccc(Br)cc1OCCC(=O)NCc1ccc[nH+]c1,0.721,4.499,-8.55,-9.0,seed999
[C@H]1CCCC[C@@H]1NC(=O)CCNC(=O)c1cccs1,0.767,4.056,-8.4,-8.6,seed999
[C@H]Oc1cccc(OC(=O)Cn2nnc(-c3c[nH]c4ccccc34)c2C)c1,0.336,3.839,-9.45,-10.7,seed999
[C@H](C)OC(=O)[C@@H](C)Sc1ccc(N)cc1,0.385,4.207,-8.0,-7.2,seed999
[C@H]1CCC/C(=C/c2ccccc2)C1,0.502,3.749,-5.0,-8.1,seed999
[C@H]1CC(=O)N(c2ccc(C(F)(F)F)cc2Cl)C1,0.66,3.853,-8.7,-8.2,seed999
Clc1ccc(NCc2cc(-c3cccnc3)ncn2)o1,0.696,3.735,-8.9,-9.2,seed999
N#Cc1cccc(NC(=O)NCCc2cc(Cl)ccc2Cl)c1,0.779,2.964,-8.85,-10.6,seed999
CCCn1ncnc1CCC(=O)N1CC[C@H](C(=O)OC)c2ccccc21,0.642,4.02,-8.85,-9.1,seed999
O=C(C[NH+]1CCN(CCCO)CC1)N1CCC(OCc2ccccn2)CC1,0.519,4.422,-8.55,-8.2,seed999
Clc1ccc2c(c1)[C@@H]1CCC[C@H]1[C@@H]2C(=O)N1CCN(c2cccc(C(F)(F)F)c2)CC1,0.489,4.416,-10.15,-12.0,seed999
Clc1cc(F)c(Br)cc1OCc1cc(Cl)ncn1,0.512,3.425,-8.6,-8.4,seed999
ClCc1cccc2c1CN(CCc1nncn1C1CC1)CC2,0.695,3.755,-8.95,-10.6,seed999
Cl[C@@H](Cc1ccc(Cl)cc1)[C@H]1CCOC1,0.64,3.95,-8.5,-7.8,seed999
ClCc1cc(NS(=O)(=O)c2ccc(F)cc2)ccn1,0.783,3.026,-8.65,-9.0,seed999
Clc1ccccc1OC1CC[C@@]12CCc1ccccc12,0.672,4.446,-9.3,-8.1,seed999
Cl[C@@H]1CC[C@H](CNC(=O)c2c[nH]c3ccccc23)[C@@H]1Cc1ccccc1,0.527,4.294,-9.7,-10.7,seed999
Cl/C=C/c1c[nH]c2ccccc12,0.588,3.367,-8.2,-7.1,seed999
[C@H]/C(=C\c1cc2c(cc1OC)OCO2)c1ccccc1,0.693,3.569,-9.0,-8.7,seed999
c1cccc(COC2CC[NH+](Cc3ccncc3)CC2)c1,0.806,4.254,-8.8,-9.5,seed999
[C@H]=N/C(=N\NC(=O)CCc1ccc(F)cc1)c1ccccc1,0.415,3.47,-8.85,-10.1,seed999
[C@H](NC(=O)c1cnn(CC(=O)Nc2ncccn2)c1)c1ccccc1,0.606,3.638,-9.05,-9.8,seed999
[C@H]Oc1ccccc1CCNC(=O)C1CCN(C(=O)c2ccccc2F)CC1,0.735,3.32,-9.3,-9.8,seed999
[C@H]S(=O)(=O)c1ccc(C(=O)NNC(=O)c2ccc(Cl)cc2Cl)cc1,0.695,3.288,-9.3,-11.0,seed999
[C@H]1C(=O)C[C@@](CCCn2cccn2)C(C(=O)N2CCN(c3ccccc3)CC2)=N1,0.657,4.068,-9.15,-8.8,seed999
[C@H]Oc1ccc(NC(=O)COC(=O)c2ccc(S(=O)(=O)C(F)F)cc2)cc1,0.621,3.409,-8.9,-9.8,seed999
c1ccc(CNCc2cccc(Cl)c2)cc1OC1CCCC1,0.714,2.879,-9.05,-9.9,seed999
[C@H]Oc1ccccc1NC(=O)[C@@H]1CCCN1Cc1c[nH]c2ccccc12,0.638,3.885,-9.5,-9.8,seed999
[C@H]1CCN(C(=O)CSc2nnc(-c3ccccc3)n2CCC2Cc3ccccc3C2=O)C1,0.416,4.216,-9.5,-10.2,seed999
[C@H]1CCCC[C@@H]1NC(=O)C(=O)Nc1ccc(C#N)cn1,0.689,4.341,-8.8,-9.0,seed999
O=S(=O)(c1c(-c2ccccc2)cc(C(F)(F)F)n1Cc1ccc(F)cc1)Oc1cccc(Br)c1,0.093,3.64,-9.85,-8.5,seed999
c1cccnc1NC1CCN(S(=O)(=O)c2ccccc2)CC1,0.84,2.919,-9.0,-9.6,seed999
c1cc(Cl)cnc1-c1ccccc1F,0.597,2.671,-8.55,-8.0,seed999
c1ccc(NS(=O)(=O)c2ccc(C(F)(F)F)cc2)cc1,0.843,2.631,-8.8,-9.9,seed999
c1ccc(-c2ccc(Cl)nc2)cc1,0.527,2.528,-8.55,-7.7,seed999
[C@H]Oc1ccc(NC(=O)NCc2ccc(CCCO)cc2)cc1F,0.63,3.318,-8.85,-9.6,seed999
[C@H](c1ccc(OCc2ccccc2)c(Br)c1)NC(=O)Cc1ccccc1,0.503,3.205,-9.3,-10.6,seed999
[C@H]Oc1ccc(NC(=O)[C@H]2CCCN2C(=O)c2cc(F)ccc2F)cc1Cl,0.758,3.888,-9.3,-9.0,seed999
[C@H](C)C(=O)NC[C@@](C)(O)c1ccccn1,0.661,4.349,-8.2,-7.6,seed999
[C@H]Oc1ccc(NC(=O)COc2cccc(F)c2F)cc1OCC(C)C,0.668,3.463,-8.9,-9.6,seed999
[C@H]1CCC[C@@H]1CNC(=O)c1ccc2c(c1)CCCC2=O,0.818,4.066,-9.2,-10.5,seed999
[C@H]Oc1ccc(NC(=O)c2cccc(OCc3cccc(F)c3)c2)cc1OC,0.546,3.193,-9.3,-10.3,seed999
[C@H](C)c1ccc(S(=O)(=O)NCCOc2c(F)cccc2F)cc1,0.689,3.409,-8.95,-9.6,seed999
[C@H](c1ccccc1F)[NH+]1CCN(Cc2cnn(-c3ccccc3)n2)CC1,0.653,4.395,-9.15,-10.0,seed999
[C@H]1CCCN(c2ccc(-c3ccc(-c4ccc(C(N)=O)cc4)o3)cc2)C1,0.656,3.45,-9.7,-10.6,seed999
[C@H](C)Oc1ccccc1C(=O)Nc1cccc2ccccc12,0.659,3.07,-9.25,-9.5,seed999
[C@H]1CCC[C@@H]1C(=O)N1CCN(C(=O)c2noc(C3CC3)n2)CC1,0.738,4.415,-8.7,-9.4,seed999
c1ccc(N(Cc2ccco2)Cc2ccc[nH]2)cc1,0.648,3.349,-8.6,-7.3,seed999
O=C(NCC[S@@](=O)c1ccncc1)c1ccc(Br)s1,0.792,4.108,-8.55,-8.3,seed999
[C@H]Oc1ccc(OCCNc2c(C#N)c(=O)n(Cc3ccccc3)nc2N)cc1OC,0.406,3.843,-8.7,-8.2,seed999
[C@H](C)[C@H]1CCCN1c1ccc(F)cc1Br,0.691,4.186,-8.25,-6.8,seed999
[C@H](C(=O)N[C@@H]1CCCn2c(C(F)(F)F)cnc21)Nc1ccc(Cl)cc1,0.76,4.433,-8.9,-9.2,seed999
[C@H]1CCCN(c2ccccc2C2CCN(C(=O)CNc3ccc(F)cc3F)CC2)C1,0.68,3.674,-9.45,-10.5,seed999
[C@H](C)CC(=O)Nc1ccc2ccccc2n1,0.751,3.308,-8.75,-8.7,seed999
[C@H]1CCC[C@]1(Cn1ccnc1)c1ccc(Cl)cc1,0.718,4.483,-8.35,-7.4,seed999
[C@H]Oc1ccc(C(=O)OCCNC(=O)c2cccnc2)cc1OC,0.515,3.361,-8.65,-9.2,seed999
[C@H](N)c1cnc(COC(=O)c2ccc(OCc3ccccc3)cc2)cc1,0.562,3.192,-9.1,-9.6,seed999
c1cnn(-c2ccccc2CSc2cccc(C#N)n2)n1,0.592,3.745,-8.75,-8.7,seed999
[C@H](C#N)c1cc(NC(=O)CC(C)C)ccc1-n1cccc1,0.81,3.779,-8.65,-8.5,seed999
[C@H]O[C@@H](Cc1ccccc1)C(=O)NC1CCCC1,0.764,3.762,-8.4,-8.7,seed999
[C@H](C(N)=O)C(=O)N[C@H](c1ccccc1)c1ccccc1,0.707,3.181,-9.15,-8.3,seed999
[C@H]Oc1ccc(/C=C2\C(=N)N/C(=C/c3ccccc3)C2=O)cc1OC,0.743,4.037,-8.9,-9.8,seed999
[C@H](C#N)CNC(=O)NCCc1cccc(C(F)(F)F)c1,0.715,3.624,-8.65,-9.2,seed999
[C@H]Oc1cccc(C(=O)N/C(=N\NC2=NS(=O)(=O)c3ccccc3)S2)c1,0.594,4.001,-9.25,-10.5,seed999
[C@H](Cc1ccc(F)cc1)[C@@H](NC(=O)C1(C#N)CCC1)c1ccccc1,0.763,4.196,-9.2,-8.9,seed999
[C@H]Oc1cc(C(=O)CCc2ccccc2)c([N+](=O)[O-])c2c1OCCO2,0.355,3.918,-8.8,-9.1,seed999
[C@H]1CCCC[C@@H]1NC(=O)COc1ccc2nccnc2c1,0.835,4.063,-8.8,-9.6,seed999
[C@H](C(=O)NCc1ccc(-n2cccn2)cc1)c1ccc(C#N)cc1,0.687,3.431,-9.05,-9.4,seed999
[C@H](C#N)OC(=O)[C@H](Cc1ccccc1)N1CCCCC1=O,0.674,4.232,-8.7,-7.1,seed999
[C@H]1CCCN1S(=O)(=O)c1ccc2c(c1)CCCC2,0.723,3.732,-8.9,-9.2,seed999
[C@H]Oc1cc(F)c(NC(=O)/C=N\C2CC2)cc1,0.71,4.201,-8.25,-7.8,seed999
[C@H](C#CN(C)C(=O)Nc1ccc[nH]c1=O)c1ccc(F)cc1,0.559,4.161,-9.25,-10.0,seed999
[C@H]1CCN(C(=O)C(=O)Nc2cccc(C(=O)Nc3cccc(C(F)(F)F)c3)c2)C1,0.671,3.495,-9.9,-10.8,seed999
[C@H](C)NC(=O)[C@H](C)Sc1nc2ncccc2c(=O)n1C,0.574,4.302,-8.75,-8.4,seed999
[C@H]Oc1ccccc1C1=NO[C@@H](c2ccc(O)c(F)c2)C1,0.839,4.321,-9.2,-9.3,seed999
[C@H](C)OC(=O)CCN(C#N)Cc1cccc(Cl)c1,0.351,4.175,-8.25,-7.6,seed999
[C@H]#Cc1ccccc1OCC(=O)Nc1cc(C(C)(C)C)on1,0.781,3.447,-8.85,-9.8,seed999
[C@H](C)SCC(=O)N1CCN(Cc2ccc(Cl)s2)CC1,0.734,3.718,-8.0,-7.6,seed999
[C@H]#CN(C)C(=O)COc1ccccc1/C=C/C(=O)c1ccc(Br)cc1,0.222,3.483,-9.2,-8.8,seed999
[C@H]Oc1cncc(NCc2ccc(OCC3CCCC3)cc2)n1,0.745,3.638,-8.8,-9.3,seed999
[C@H]1CCCC[C@@H]1NC(=O)c1cc([N+](=O)[O-])ccc1N1CCCC1,0.584,4.032,-8.9,-8.0,seed999
[C@H]=C([C@@H]1CCCc2cc(C(N)=O)ccc21)S(C)(=O)=O,0.811,4.278,-8.85,-8.8,seed999
[C@H]Oc1ccc(C(=O)NCCNS(C)(=O)=O)cc1[N+](=O)[O-],0.311,3.613,-8.5,-8.3,seed999
[C@H](C#N)Cc1ccccc1NC(=O)c1cccc(F)c1,0.823,3.318,-8.85,-8.8,seed999
[C@H](C)NC(=O)CSc1nc(N)nc2c1CCC2,0.515,4.105,-8.6,-7.7,seed999
O=C(C1CCN(C(=O)c2cnccc2Cl)CC1)Nc1sc2c(c1C1CCCC1)CC2,0.619,3.677,-9.8,-10.4,seed999
c1ccc(C[S@@](=O)Cc2ccc(Br)o2)cc1,0.765,3.8,-8.2,-8.4,seed999
[C@H]1NCc2cc(NC(=O)c3cnn(-c4ccccc4F)c3)cn21,0.679,4.173,-9.0,-10.2,seed999
[C@H](C)CNC(=O)Cn1ccc(=O)c2ccccc21,0.781,3.46,-8.65,-8.0,seed999
[C@H](C)N(C(=O)c1ccc([N+](=O)[O-])cc1)c1ccc(C#N)cc1,0.539,3.497,-8.55,-7.4,seed999
[C@H]Oc1c(N(C)CC2CCN(c3ccc(F)cc3)CC2)cnn1-c1cccc(C(F)(F)F)c1,0.36,3.912,-9.4,-9.4,seed999
[C@H](C)C[C@@H]1CCCC[C@@H]1NS(=O)(=O)c1ccc(CNC(=O)c2ccc(F)cc2)cc1,0.558,4.089,-9.35,-10.9,seed999
[C@H]Oc1cccc(-c2nc(NCc3ccc([N+](=O)[O-])cc3)n[nH]2)c1,0.433,3.677,-9.0,-9.7,seed999
[C@H]1CCc2ccccc2N1Cc1ccc(-c2ccccc2)o1,0.569,3.49,-9.6,-11.2,seed999
[C@H]Oc1cccc([C@@H](C)CCCNC(=O)c2ccc(Cl)cc2)c1,0.648,3.758,-8.9,-9.9,seed999
[C@H](C(=O)N[C@@H](CO)c1cccc(C(F)(F)F)c1)c1c[nH]c2ccccc12,0.55,4.04,-9.45,-11.1,seed999
[C@H](C)[C@H](Nc1ccc([N+](=O)[O-])cc1)c1ccc([N+](=O)[O-])cc1,0.544,3.879,-8.75,-9.5,seed999
[C@H]Oc1ccc(OCCN(C)c2cccc(C)c2)cc1COC,0.643,3.553,-8.5,-9.2,seed999
[C@H](C)[C@@H](CNc1cc(Cl)ccn1)NCc1ccccc1,0.718,4.004,-8.6,-8.9,seed999
[C@H]Oc1ccnc(N2CC[C@@H](C(=O)Nc3cccc(F)c3)C2)c1,0.843,3.964,-8.8,-10.3,seed999
[C@H](N)C1(NC(=O)c2cccc3cccnc23)CCCC1,0.798,3.86,-8.8,-9.2,seed999
[C@H](c1cscc1C(=O)NN)n1nnc2ccccc21,0.325,4.186,-9.0,-8.4,seed999
[C@H]Oc1ccc2ncc(C(=O)NC[C@@H](C)Cc3ccc(Cl)cc3)nc2c1,0.616,4.04,-9.0,-10.3,seed999
[C@H]Oc1ccc(SCC(=O)N(CC2CC2)c2ccccc2)s1,0.607,4.005,-8.55,-7.9,seed999
[C@H](C)Nc1cnc(Oc2ccccc2)c2ncnn12,0.675,3.853,-8.35,-8.5,seed999
[C@H](c1ccc(Cl)c(C(=O)NCC2C(C)(C)C2(C)C)c1)c1ccccc1,0.67,3.668,-8.85,-10.3,seed999
[C@H]Oc1ccc(O)c(C(=O)Nc2ccc(Cl)nc2)c1,0.746,3.54,-8.75,-8.7,seed999
[C@H]Oc1cccnc1C(=O)NN/N=C/c1ccccc1Cl,0.555,4.025,-8.8,-9.0,seed999
[C@H]Oc1cccc(N2CCN(c3nc4cc(C(C)C)ccc4s3)CC2)c1,0.564,3.591,-9.3,-9.4,seed999
[C@H]1C(C)(C)C[C@@H]1C(=O)Nc1ccccc1C(=O)NC1CCCCC1,0.78,3.821,-9.3,-8.6,seed999
[C@H](C)OC(=O)c1cccc(OCC(=O)N(Cc2nc3ccccc3[nH]2)C2CC2)c1,0.494,3.634,-8.9,-8.9,seed999
CCOc1ccc(F)cc1[C@H](O)[C@@H](C)C(C)C,0.752,3.893,-8.2,-7.3,seed999
c1cc(C[NH+]2CCC(Oc3ccccc3F)CC2)ccc1N,0.748,4.294,-9.5,-9.8,seed999
c1csc([C@@H](CO)NC(=O)CS(=O)(=O)Cc2ccccc2)n1,0.681,3.869,-8.15,-8.1,seed999
c1ccc(-c2noc(CN3CC(C4CC4)C3)n2)o1,0.726,3.403,-8.35,-8.7,seed999
c1ccc2c(c1)C[C@H](CNS(=O)(=O)c1cccs1)CO2,0.842,3.724,-8.95,-9.7,seed999
c1ccc(Cn2c(CCc3ccccc3)nnn2)cc1,0.611,2.795,-8.95,-10.2,seed999
c1cncc(C[S@@](=O)Cc2ccc(S(=O)(=O)N3CCOCC3)cc2)c1,0.66,3.8,-8.85,-9.4,seed999
c1ccc2c(c1)CCN(CCOc1cccc[nH+]1)C2,0.734,4.128,-8.8,-9.7,seed999
c1ccc(Cn2nnnc2COCCO)cc1,0.624,3.096,-8.3,-8.1,seed999
c1ccc(-c2nnc2n2CCC[C@@H]2NC(=O)c2ccc(C(C)(C)C)cc2)cc1,0.784,4.078,-9.75,-8.3,seed999
[C@H]Oc1cc(/C=C(\C#N)c2ncnn2-c2ccccc2)ccc1F,0.59,3.967,-9.05,-8.6,seed999
c1cccc(C2=N/C(=C/c3ccc(O)c(Cl)c3)C(=O)OC2)c1,0.582,3.454,-9.4,-10.3,seed999
c1cc(-c2cccs2)nc(NCCc2nncn2C)c1,0.683,3.456,-8.65,-9.3,seed999
[C@H]O/N=C1\S/C(=C\c2ccccc2)C(C)=N1,0.631,4.262,-8.6,-8.3,seed999
c1cccc(C(=O)NC[C@H](O)CO[C@H]2CCOC2)c1,0.689,3.78,-8.45,-8.2,seed999
[C@H]Oc1cc(CCCCN[C@@H](C)CN2CCN(c3ccccc3)CC2)cc(Cl)c1OCC(C)C,0.277,4.152,-8.8,-8.6,seed999
c1nc(Cl)c(/C=N/NC(N)=S)s1,0.343,4.305,-7.75,-5.7,seed999
[C@H]#Cc1ccccc1C(=O)N1CCC(n2cncn2)CC1,0.687,3.533,-8.9,-8.7,seed999
[C@H]1C(=O)NC(=O)C[C@@H]1c1ccc(OC2CCCC2)cc1,0.759,4.175,-9.1,-9.8,seed999
[C@H]Oc1ccc(-c2cc(NC(=O)[C@H]3CC(=O)N(C(=O)c4ccco4)C3)ccc2OC)cc1,0.498,4.13,-9.55,-10.0,seed999
[C@H]1CCCN(c2cc([N+](=O)[O-])ccc2Cl)[C@@H]1c1cccc(F)c1,0.49,4.144,-8.85,-8.1,seed999
[NH3+]CC#Cc1ccccc1OCc1ccc([N+](=O)[O-])cc1,0.427,3.59,-8.8,-8.8,seed999
[NH3+]C[C@@H]1CCN(C(=O)C2CC2)C1,0.494,4.446,-7.8,-6.4,seed999
[NH3+]c1ccc2nc(SCC3CCCCC3)cnn12,0.764,4.36,-8.9,-8.6,seed999
[NH3+][C@@H](Cc1ccccc1)c1n[nH]c(=O)c2ccc(Br)cc12,0.664,4.22,-8.95,-9.9,seed999
[NH3+][C@H]1CCN(c2ccccc2Br)C1,0.689,4.417,-7.9,-6.6,seed999
[NH3+]C1(C(=O)NCCc2cccc(C(F)(F)F)c2)CCOCC1,0.775,3.918,-8.9,-9.7,seed999
[NH3+][C@@H](Cc1ccccc1)CSc1ccccc1N1CCCC1,0.73,3.991,-8.9,-9.3,seed999
[NH3+]CCOc1ccccc1C(=O)[O-],0.525,4.314,-7.9,-6.2,seed999
[NH3+]CCOC1CCC(n2nnnc2Sc2ccccc2)CC1,0.774,3.971,-8.75,-7.7,seed999
[NH3+][C@@H]1CC[C@H](C(=O)NCCc2cc(Cl)ccc2F)C1,0.766,4.469,-8.65,-9.2,seed999
[NH3+]C[C@H](O)COCc1ccccn1,0.528,4.433,-7.8,-6.4,seed999
[NH3+]Cc1cccc(Oc2cccc(F)c2Br)n1,0.846,3.99,-8.55,-8.6,seed999
[NH3+][C@@H](C(=O)N(Cc1ccccc1)C(F)(F)F)c1ncccc1F,0.59,4.391,-8.85,-8.7,seed999
[NH3+][C@H](Cc1ccccc1Br)c1cc2c(Cl)cccc2[nH]1,0.614,4.306,-9.1,-9.4,seed999
[NH3+]CC1CCC(C(=O)Nc2ccc(NC(=O)c3ccc(F)cc3)cc2)CC1,0.655,3.264,-9.0,-11.0,seed999
[NH3+]c1cccc(NC(=O)c2cnc(S[C@H](C)CO)cc2)c1,0.633,4.396,-8.9,-9.0,seed999
[NH3+][C@H]1CCCN(S(=O)(=O)N(Cc2ccccc2)C2CCCC2)C1,0.781,4.255,-8.95,-8.6,seed999
[NH3+]Cc1ccc(N2CCCC2)cc1,0.618,3.461,-8.15,-6.9,seed999
[NH3+]Cc1ccccc1NC[C@@H]1Cc2ccc(F)cc2C1,0.78,4.166,-9.05,-10.1,seed999
[NH3+]Cc1ccc(C2CC(COCCO)C2)cc1,0.622,3.936,-8.25,-7.4,seed999
[NH3+]c1nc(-c2cccnc2)n[nH]1,0.506,4.239,-8.1,-6.6,seed999
