smiles,qed,sa,egfr,her2,true_docking_score,source
Oc1cc(Cl)cc(OCc2nc(-c3ccc4c(c3)OCCO4)nc3c2c2ccccc2C3)c1,0.3872,2.7471,-11.2,-11.99,,seed42
O[C@@H](C=C1CCOCC1)[C@@H]1CCCN(S(=O)(=O)c2ccc3c(c2)CC[C@H](C(=O)N2CCCCC3)C2)C1,0.4902,5.2866,-10.4,-12.19,,seed42
Fc1cc(-c2noc(-c3cccnc3)n2)c(C[NH+]2CCCC[C@@H](CCc3ccccc3)C2)cc1,0.435,3.9166,-10.4,-12.09,,seed42
CC[C@@]1(c2ccccc2)NC(=O)N(Cc2cccc(Cn3cc(CNc4ncccc4C(Cl)(F)F)cn3)c2)C1=O,0.1936,3.3299,-10.6,-11.59,,seed42
F[C@H]1[C@@H][C@@H](C(=O)N2CCC[C@@H](c3nc4ccccc4[nH]c3=O)C2)CCc2ccc(Cl)cc21,0.5699,3.9443,-9.6,-12.49,,seed42
O=C1/C(=C/c2ccc(-c3ccc(F)cc3)o2)C(=O)N(c2cccc(Cl)c2)N=C1C(=O)N1CCCCCCC1,0.3092,2.7409,-9.7,-12.39,,seed42
O=C(Oc1ccccc1C(=O)Nc1ccccc1)c1cnc(C[NH+]2Cc3ccccc3C2)s1,0.3427,3.0949,-10.2,-11.89,,seed42
O=C1c2ccccc2C(=O)C1=C1CCN(C(=O)c2cc3ccccc3o2)CC1,0.4781,2.3917,-10.0,-11.99,,seed42
Fc1cc(/C=C2\CC(C(=O)N3CCOCC3)=NC2=O)nc2c1c1ccccc1C2,0.6292,3.229,-9.6,-12.19,,seed42
NC(=O)c1cccc(CNC(=O)C[C@@H]2CC(=O)N(c3cccc4ccccc34)C2)c1,0.665,2.6462,-9.5,-11.89,,seed42
O=C([C@H]1CSCN1C(=O)c1ccco1)Nc1nc2c(c(C(F)(F)F)c1Br)c1ccccc12,0.3962,3.4784,-9.8,-11.49,,seed42
[NH3+]c1c(C[NH+]2CCN(Cc3ccccc3)CC2)[nH]nc1-c1cnc2nc(-c3ccccc3)[nH]c2c1,0.3062,3.684,-9.6,-11.69,,seed42
c1n[nH]c2[nH]nc(-c3ccc(C(=O)Nc4ccc(C(F)(F)F)cc4)cc3F)c12,0.4551,2.6361,-9.9,-11.29,,seed42
O=[N+](Cn1cccc1[C@@H]1CC[NH2+]C1)N1CCC(C(=O)N(Cc2ccccc2)c2ccc3c(c2)CCC3)CC1,0.4682,4.1603,-9.3,-11.89,,seed42
F[C@@]1(Cc2ccccc2)Cc2ccccc2C[C@H]1[NH2+]Cc1c(F)cccc1F,0.6829,3.7869,-10.0,-11.19,,seed42
[NH3+]Oc1cccc([C@@H]2c3ccccc3OC[C@H]2[C@H]2COc3ccccc32)c1,0.7271,3.7609,-10.5,-10.59,,seed42
[NH3+][C@H]1[C@H](C(=O)N[C@@H]2C[C@@H](c3ccc4c(c3)OCO4)[C@@H]2CCO1)c1ccccc1,0.8305,4.7248,-9.3,-11.79,,seed42
F[C@@H]1N[C@@H](c2nc(CCc3ccccc3)[nH]n2)NC(Nc2ccc(F)cc2)C1,0.4916,3.9987,-9.6,-11.49,,seed42
c1coc(C[NH+]2CCC[C@H](c3nc4ccccc4c(-c4ccccn4)c3)c2)c1,0.5933,3.9842,-10.2,-10.79,,seed42
FC(F)(F)c1ccc(CN2CCC[C@@H](C(=O)Nc3cccc4c3OC(CC([O-])=O)C4)C2)cc1,0.7155,3.4596,-9.8,-11.09,,seed42
c1nn2c(-c3ccccc3C[NH2+]Cc3ccccc3)c3ccccc3nc2c1Cc1cc(F)cc(F)c1,0.3123,3.1619,-11.0,-9.89,,seed42
Oc1c(/C=C/c2ccccc2O)oc2cc3ccccc3nc12,0.5693,2.6087,-9.8,-11.09,,seed42
O=C1O[C@H](CNC(=O)NC[C@H]2CSCN2C(=O)c2ccc(Cl)cc2)CC12CCN(C(=O)c1ccccc1Cl)CC2,0.4817,4.1541,-9.9,-10.89,,seed42
F[C@H]1[C@H]c2ccccc2O[C@@H]2[C@H]1Nc1ccccc1N2C(=O)COc1ccc(Br)cc1Br,0.4445,3.9313,-9.6,-11.19,,seed42
F[C@H]1C[C@@H](c2ccc(Cl)cc2)[C@H]2COc3c(O)cccc3[C@H]2C1,0.7911,3.7978,-10.4,-10.29,,seed42
Cc1csc(Cn2c(=O)n([C@@H](C)C(=O)C(=O)NC(c3ccccc3)c3ccccc3)c3ccccc32)c1C,0.2705,3.287,-9.8,-10.89,,seed42
FC1c2ccccc2Oc2ccc(COc3nc(-c4cccs4)no3)cc21,0.4651,3.2671,-9.3,-11.39,,seed42
c1nnn(-c2ccccc2)c1-c1cccc(C(=O)Cc2ccccc2[N+](=O)[O-])c1,0.2813,2.294,-9.7,-10.99,,seed42
F[C@H]1[NH2+][C@H](Cc2nc(-c3ccccc3)n[nH]2)[C@@H](c2cccc(Br)c2)N1,0.586,4.1586,-9.1,-11.59,,seed42
Oc1ccc2c(c1)CCC[C@@H]2[NH2+]Cc1cc2nc3ccccc3nc2s1,0.5842,3.7074,-9.7,-10.89,,seed42
O[C@@H]([NH2+]Cc1c[nH]nc1-c1cccc(Cl)c1)c1cnc2ccccc2c1,0.4756,3.6974,-9.7,-10.89,,seed42
F[C@@]1(Nc2cc(-c3cccnc3)nnc2-c2nc3ccccc3s2)CCN1Cc1ccco1,0.3437,3.5833,-9.6,-10.99,,seed42
F[C@H]1[NH2+]c2ccccc2C[C@H]1S(=O)(=O)c1cccc(NC(=O)c2ccco2)c1,0.5187,3.8099,-9.4,-11.19,,seed42
c1nc(-c2ccc(CO)c(S(=O)(=O)c3ccc(F)cc3)n2)c2c(Cl)cccc2n1,0.4957,2.6551,-9.3,-11.19,,seed42
N[C@H]([C@H]1CCc2ccccc21)[C@H]1CCCN(C(=O)c2ccc(F)c(Cl)c2)C1,0.8499,3.3496,-9.6,-10.89,,seed42
Oc1ccc2[nH]cc(CCc3ccccc3)c2c1C(=O)NC1CCCCC1,0.6147,2.2894,-9.8,-10.59,,seed42
NOC(=O)c1nccnc1NCC1NCC[C@H]1C/C=C1\CCc2ccccc2C1,0.5115,4.122,-9.6,-10.69,,seed42
C/C(=N\NC(=O)c1ccc2c(c1O)CCCC2)c1cccc(F)c1,0.669,2.3091,-9.2,-11.09,,seed42
F[C@@H]1N2CCC[C@H]2CN1Cc1nnc(-c2ccc3c(c2)CCC3)n1C1CC1,0.7773,3.6532,-9.1,-11.19,,seed42
Oc1cc2ncc(Br)cc2c([C@@H]2CC(=O)N(c3ccc(Br)cc3)C2=O)c1,0.5532,2.9967,-9.3,-10.89,,seed42
Oc1cc(S(=O)(=O)Nc2ccc3c(c2)OCO3)ccc1NC(=O)[C@@H]1CCCN(S(=O)(=O)N2CCCC2)C1,0.4403,3.0431,-9.3,-10.89,,seed42
O=C(NC[C@H]1CCc2ccccc2C1)c1ccc(-n2cccc2)cc1,0.7703,2.544,-9.0,-11.19,,seed42
OC(=O)c1ccc2c(c1)CC[NH+](Cc1cc(=O)[nH]c3ccccc13)C2,0.6767,3.6857,-9.6,-10.49,,seed42
Oc1c(O)cc(Cl)cc1OCc1cn(C2CCCCC2)nc1-c1ccccc1,0.5408,2.4718,-9.6,-10.49,,seed42
F[C@@]1([NH2+][C@@H]2CC(=O)N(Cc3ccco3)C2)Cc2cc3ccccc3[nH]c2=[NH+]1,0.6632,4.7649,-9.0,-11.09,,seed42
O=C(Nc1nc2cccc(Cl)c2s1)[C@H]1CCCN(S(=O)(=O)c2ccccc2)C1,0.6715,2.6059,-9.0,-11.09,,seed42
FC1[NH+](C2CCN(c3cccc[nH+]3)CC2)C/C1=C\c1ccc2c(c1)OCCO2,0.8174,4.9235,-9.6,-10.49,,seed42
Cn1nnc2c(F)ccc(C(=O)Nc3cccc4c3OCCO4)c(=O)c12,0.7475,2.728,-9.2,-10.79,,seed42
c1c(Cl)cccc1OCCn1c(-c2ccccc2)nnc1-c1cccc(Br)c1,0.3529,2.0646,-9.2,-10.79,,seed42
Fc1ccccc1CN1CCN(S(=O)(=O)c2cccc3ccccc23)CC1,0.6915,1.9085,-9.1,-10.89,,seed42
O=C1[NH+]=c2ccccc2=C1CCNC(=O)CSc1nnc(-c2ccc3c(c2)OCCO3)o1,0.4485,3.2737,-9.1,-10.89,,seed42
Oc1cc(C[NH+]2CCC[C@@H]2c2ccnc(OCc3cccc(F)c3)c2)ccc1Cl,0.6398,4.1006,-9.5,-10.49,,seed42
N#Cc1cccc(S(=O)(=O)Cc2nc(-c3ccc(CO)s3)c3ncccc3n2)c1,0.5251,2.8118,-9.2,-10.69,,seed42
[NH3+]c1ccc(/C=N/NC(=O)c2ccc3cccnc3c2)c([N+](=O)[O-])c1,0.4277,2.8419,-9.2,-10.69,,seed42
CC1CCN(c2ccc(CNC(=O)c3csc4ccccc34)nn2)C[C@@H]1C,0.7402,3.217,-8.8,-11.09,,seed42
FCC[C@@H](Cc1ncnc2c1cnn2-c1nc2ccccc2s1)c1ccccc1,0.3952,3.2168,-8.9,-10.99,,seed42
O=C(NCCc1n[nH]c2c1CN(Cc1ccccc1)CC2)c1cccc(F)c1,0.693,2.2712,-8.8,-11.09,,seed42
c1cc(=O)[nH]c2ccc(NCc3ccnc(O[C@@H]4CCCCO4)c3)cc12,0.7363,2.9571,-9.2,-10.69,,seed42
C/N=C(/NCc1ccccc1)c1cccc(OCc2nc3ccccc3n2C)c1,0.3979,2.3151,-8.8,-10.99,,seed42
O=[N+]([O-])c1cccc(NC(=O)N[C@@H]2CCC(c3ccccc3)c2)c1F,0.6446,2.9118,-8.8,-10.99,,seed42
O[C@H](CSc1ccc(Cl)cc1)n1cnc2cc(-c3ccccc3)cn2c1=O,0.5149,3.1396,-8.8,-10.99,,seed42
O=C1c2ccccc2CN1C(=O)C1C[C@@H]2CCCO[C@]2(O)C1,0.8017,3.8665,-9.3,-10.39,,seed42
c1coc(=O)c(C[NH+]2CCC[NH+](Cc3c[nH]nc3-c3cc(C)ccc3F)CC2)c1,0.5812,5.201,-9.3,-10.39,,seed42
O[C@H](N[C@@H]1CCSc2ccccc21)[C@@H]1CCCc2ccccc21,0.8275,3.5126,-9.0,-10.69,,seed42
N[C@H](c1cccc(NC(=O)Nc2ccc3c(c2)OCCO3)c1)c1nccn1C,0.6467,2.7832,-9.6,-10.09,,seed42
Fc1c(NS(=O)(=O)c2ccc3c(c2)CC(=O)N3)c2ccccc2[nH]1,0.6813,2.589,-9.1,-10.59,,seed42
CNC(=O)c1cccc([C@@H](NC(=O)[C@@H]2CC(=O)N(Cc3ccccc3)C2)CCCC)c1,0.651,2.9017,-8.8,-10.79,,seed42
N=C1c2ccccc2C(=O)N1CCNC(=O)c1ccccc1Br,0.8663,2.2438,-9.3,-10.29,,seed42
c1nn(CCC[NH+]2CC[C@H]3CC[C@@H](C2)[C@@]3(O)C2CCC2)c2cc(-c3ccccc3)nn12,0.644,5.6274,-9.2,-10.39,,seed42
Fc1cc(/C=N/c2noc(-c3cccc([N+](F)(F)F)c3)n2)ccc1Cl,0.3578,3.3741,-8.7,-10.89,,seed42
Fc1c(N[NH+]2CCC(Cc3cc[nH+]cc3)CC2)c(-c2ccccc2)n[nH]1,0.6561,4.3775,-9.0,-10.59,,seed42
Oc1ccccc1[C@H]1C(c2ccc3c(c2)OCCO3)=Nc2ncnn21,0.7785,3.1566,-9.5,-10.09,,seed42
FC1c2ccccc2C[C@H]1CCN1C(=O)c2ccccc2C1=O,0.8131,3.0407,-8.7,-10.89,,seed42
c1cc(=O)n2c(n1)CCC[C@@H]2[NH2+][C@H]1CCc2ccccc2C1,0.9051,4.1219,-9.4,-10.19,,seed42
NS(=O)(=O)c1ccc(F)c(NC(=O)c2ccc(C3CCCCC3)cc2)c1,0.851,1.9587,-8.7,-10.79,,seed42
NNc1cc(Br)ccc1C(=O)NCc1nc(-c2ccc3c(c2)OCCO3)no1,0.4035,2.464,-9.0,-10.49,,seed42
c1coc(S[C@@H](CC(=O)c2ccco2)C(=O)Nc2nc3cc(Cl)ccc3s2)c1,0.306,3.2394,-9.2,-10.29,,seed42
NO[C@]1(C(=O)Nc2cccc3cc(C(F)(F)F)ccc23)C(=O)NC1=O,0.4345,2.9089,-9.4,-10.09,,seed42
c1cc2cc(C[NH+]3CCC[C@@H](S(C)(=O)=O)C3)ccc2cccc1OCc1cc([N+](=O)[O-])sc1,0.4776,4.8281,-8.9,-10.59,,seed42
Nn1c(SCC(=O)N/N=C/c2ccc3c(c2)OCCO3)nc2c(F)cccc21,0.2929,2.6456,-8.9,-10.59,,seed42
Cc1cc(-c2cc(C)ccc2CNC(=O)c2ccc(-n3cncn3)cn2)no1,0.5767,2.5839,-8.9,-10.59,,seed42
CS[C@H]1Cc2ccccc2NC(=O)/C1=N/Nc1cc2ccccc2[nH]c1=O,0.611,3.3371,-9.1,-10.39,,seed42
F[C@@]1(CBr)c2ccc(-c3ccccn3)nc2CSc2[nH]c3ccccc3c2C1,0.3761,3.6859,-9.4,-10.09,,seed42
Oc1cc(-c2noc([C@H]3CCC[NH2+]3)n2)cc(OCc2ccccc2)c1,0.7462,3.5485,-8.8,-10.69,,seed42
O[C@@H](CNC(=O)c1c[nH]c2cc(Cl)ccc12)c1ccc(F)c(C(F)(F)F)c1,0.5667,2.8063,-8.6,-10.89,,seed42
Cc1noc(C)c1CC(=O)Nc1cccc(Oc2ccc3c(c2)OCCO3)c1,0.7194,2.2234,-9.1,-10.39,,seed42
F[C@]1(C[NH2+]Cc2c[nH]nc2-c2ccccc2)CCC[NH+]1Cc1ccc(Cl)c(Cl)c1,0.4914,4.8324,-9.1,-10.29,,seed42
Fc1c([C@H](COc2nc3ccccc3s2)Nc2ccccc2)cnn1-n1cncn1,0.4308,3.6039,-9.1,-10.29,,seed42
Fc1c([C@@H]2OCCC[C@@H]2c2c[nH]c3ccccc23)sc2ccccc12,0.4597,3.3356,-9.4,-9.99,,seed42
O=C1N[C@H](C(=O)Nc2ccc(CNC(=O)c3ccccn3)cc2)Nc2ncoc21,0.5103,3.2369,-8.6,-10.79,,seed42
c1coc2sc3ccnc3c(C(=O)Nc3ccccc3F)c(=O)c12,0.6032,2.8339,-9.0,-10.39,,seed42
c1coc([C@]2(Cc3cccc(OCc4ccccc4)c3)CCc3ccc(F)cc32)n1,0.4068,3.057,-9.0,-10.39,,seed42
Fc1cc([N+](=O)[O-])ccc1OCC(=O)N1CCO[C@@H](c2ccc(F)c(F)c2)C1,0.5733,2.8062,-8.9,-10.49,,seed42
Cc1oc2ccc([C@@H](C)Nc3nc4ccccc4n3C)cc2c1,0.5909,2.7636,-8.7,-10.69,,seed42
c1cc(N[C@@H]2CC[C@H](C)C2)ccc1SCc1nc2ncccc2n1Cc1ccco1,0.375,3.3081,-8.8,-10.59,,seed42
O=C1CN(c2cccc(Cl)c2C(=O)Nc2ccc(Br)cc2)CC[S@@]1=O,0.7921,3.177,-9.3,-9.99,,seed42
F[C@@]1(O)CC[C@H](CNC(=O)c2ccccc2F)[C@@H]1CC(=O)N(Cc1ccccc1)C,0.7279,3.4947,-8.8,-10.49,,seed42
C[C@@H](c1ccccc1)S(=O)(=O)c1cccc(NC(=O)NCc2ccco2)c1,0.6686,2.6417,-8.8,-10.49,,seed42
[NH3+][C@@H](C(=O)Nc1ccccc1-c1ccccn1)c1ccc(F)cc1F,0.7666,2.9685,-9.1,-10.19,,seed42
NOC(=O)C1(C(=O)NCc2ccc(Oc3ccccc3)cc2)CCN(c2cc[nH+]cc2)CC1,0.4258,3.2755,-8.6,-10.69,,seed42
Nn1c(SCc2[nH+]ccn2Cc2ccccc2)nc2c3ccccc(=O)n3nc21,0.3553,3.5536,-8.7,-10.59,,seed42
N#Cc1ccccc1CS(=O)(=O)c1ccc(S(=O)(=O)Nc2ccccc2C(F)(F)F)cc1,0.5649,2.3067,-8.7,-10.59,,seed42
Fc1cc(Br)c(C[NH+]2CCN(Cc3ccccc3Cl)CC2)c(OCc2ccccc2)c1,0.5014,3.1223,-9.7,-9.59,,seed42
O=[N+](C)c1ccc(F)c(S(=O)(=O)N2CCC(C(=O)NCc3ccccc3)CC2)c1,0.7281,2.3017,-8.3,-10.89,,seed42
CNC(=O)[C@@](C)(O)c1ccc(F)c(NC(=O)c2ccc(Br)cc2)c1,0.7453,2.6448,-8.8,-10.39,,seed42
Fc1cc([C@H]CC2CCC2)cnc1N1CCO[C@H](c2cccc(F)c2)C1,0.7768,3.309,-8.1,-11.09,,seed42
F[C@@]1(Cn2ccc3ccccc32)CCC[C@H](OCc2ccccc2)C1,0.5987,3.2215,-9.0,-10.19,,seed42
NO/C(=N/c1ccc(Cl)cc1)C(=O)NNC(=O)C1CCN(c2cc[nH+]cc2)CC1,0.3923,3.5422,-8.6,-10.49,,seed42
O[C@@H](c1ccc2ccccc2c1)N1C[C@H](O)c2c(O)cccc21,0.6806,3.3128,-8.9,-10.19,,seed42
O[C@H](NCc1ccc(F)cc1)[C@@H](Cc1ccccc1)c1ccccc1Cl,0.5796,2.837,-9.2,-9.89,,seed42
Oc1c(-c2cccc(O)c2)nc2[nH]n3c([O-])ccc3c2c1O,0.4261,3.4418,-9.4,-9.69,,seed42
O=[N+](C/C=C/C[NH2+][C@@H]1CCc2ccc([N+](=O)[O-])cc2C1)[C@H]1Cc2ccccc2O1,0.3372,4.6072,-8.3,-10.79,,seed42
F[C@H]1[NH2+][C@@H](c2ccccc2Br)CN1Cc1cnn(Cc2ccccc2)c1,0.6497,3.7416,-9.1,-9.99,,seed42
O=C(c1ccc(F)c(F)c1)N1CCN(c2cc(F)c(Br)cc2)CC1,0.7668,1.9868,-9.1,-9.99,,seed42
Oc1cc(S(=O)(=O)N2CCC[C@H]2c2ccc(N3CCCC3=O)c[nH+]2)c(Cl)c(OC)c1OC,0.677,3.9545,-9.0,-10.09,,seed42
O[C@@H](C[C@H]1O[C@H]2c3ccccc3C[C@H]2[C@@H]1c1cccs1)C1CCC1,0.8744,4.0408,-8.9,-10.19,,seed42
Cn1c2c(nc1NCCCc1ccccc1)CN(c1ccccc1O)C2,0.6672,2.533,-8.7,-10.39,,seed42
NOS(=O)(=O)c1ccc(NC(=O)Nc2ccc(NC(=O)c3ccco3)o2)cc1,0.4527,2.7735,-8.7,-10.29,,seed42
F[C@H]1c2oc3ccccc3c2CC[C@H]1CCOc1ccccc1,0.6368,3.1644,-8.5,-10.49,,seed42
[NH3+][C@@H]1CCCn2cc(C(=O)NC[C@@H](c3ccccc3)[NH+]3CCCC3)cc21,0.7276,4.7936,-8.7,-10.29,,seed42
c1ccc2c(c1)[C@H]1C=CC[C@H]1[C@H](c1ccc(Br)cc1)N2,0.7035,3.1777,-8.8,-10.19,,seed42
NC(=O)c1cccc(N[C@@]2(C)CCCN(Cc3cn4ccccc4n3)C2)n1,0.7251,3.2847,-8.9,-10.09,,seed42
F[C@@]1(c2nc(-c3ccco3)cs2)CN(Cc2cccc3[nH]cnc23)CC1,0.5818,3.4931,-8.9,-10.09,,seed42
Fc1c(N/C=C/c2ccccc2Cl)c(=O)n(-c2cccc(Cl)c2)n1C1CC1,0.6099,2.8759,-8.7,-10.29,,seed42
c1noc([C@@H](Cc2ccccc2)[NH+]2CCCC[C@H]2c2cnn(-c3ccccc3)c2)n1,0.5392,4.3718,-9.4,-9.59,,seed42
C[C@@H]([C@@H](C)[NH+](C)Cc1ccccc1)C(=O)N[C@H]1CC(=O)N(CCc2ccccc2)C1,0.6635,3.9757,-8.3,-10.69,,seed42
C=Cc1ccc2[nH]c(=O)cc([C@H](O)C[NH+](Cc3ccco3)C(=O)C3CC3)c2c1,0.5844,4.3134,-8.8,-10.19,,seed42
Cn1nnnc1CNC(=O)C1(c2ccc3ccccc3c2)CC1,0.7962,2.4199,-8.7,-10.19,,seed42
C[NH+](Cc1ccc(CNC(=O)[C@@H]2C=C[C@@H]([NH3+])C2)c(Cl)c1)c1ccc(F)cc1F,0.6278,4.7962,-8.9,-9.99,,seed42
N[C@H](C(=O)N1CCO[C@H](c2cccc(F)c2F)C1)c1c(F)cccc1F,0.8481,3.3081,-8.6,-10.29,,seed42
O[C@H](Cc1ccc2oc(=O)ccc2c1)c1ccc(F)c(F)c1,0.7549,2.5799,-9.0,-9.89,,seed42
O=C1c2ccccc2O[C@H](c2ccc(Cl)cc2)[C@H]1Oc1ccc(Cl)cc1Cl,0.4918,2.985,-9.4,-9.49,,seed42
F[C@@]1([C@H]2CCCC[NH2+][C@@H]2CCc2cccs2)C[C@@H](c2ccccc2)CN1Cc1ccc[nH+]c1C,0.4811,5.2153,-9.7,-9.19,,seed42
F[C@@]1(N2CCc3ccccc3C2)CC[C@H]([NH+]2CCCC2)CC1,0.8241,4.141,-8.8,-10.09,,seed42
F[C@]12N(CCCc3ccccc3Cl)CC[C@H]2N1c1cc(F)cc(F)c1,0.5552,3.7991,-8.6,-10.29,,seed42
F[C@@H]1N[C@H](c2cccc(F)c2F)N(C[C@@H]2COc3ccccc32)CC1,0.8557,3.9905,-9.4,-9.49,,seed42
F[C@@H]1Nc2ccccc2[C@H]1[NH2+]C1Cc2ccccc2C1,0.8038,4.1178,-8.9,-9.99,,seed42
O[C@H](C1CCCC1)C1CCN(c2nnc(-c3ccccc3)o2)CC1,0.9309,2.921,-8.5,-10.39,,seed42
O=C(/C=C/c1ccc(F)cc1)N1CCC(n2cc(-c3ccccn3)nn2)CC1,0.6543,2.4406,-8.4,-10.49,,seed42
O=C(c1ccccc1)N1CCCC[C@@H]1CNc1ccccc1[N+](=O)[O-],0.6655,2.4211,-8.7,-10.19,,seed42
[NH3+][C@]1([C@@H](O)c2ccccc2)CCc2c1[nH]c1ccccc12,0.6619,3.515,-8.9,-9.99,,seed42
c1c(O[C@@H]2CCCC[NH2+]2)nn(-c2ccccc2)c1-c1cccc(Br)c1,0.7264,3.6176,-9.1,-9.79,,seed42
c1cc(CC(C)C)c2sc(N3CCCC3)nc2c1C(=O)OCc1ccccc1[N+](=O)[O-],0.2798,2.5998,-8.4,-10.49,,seed42
N=c1[nH]c2ccccc2nc1NC[C@@H](C)Oc1cccc(F)c1,0.6777,3.0117,-8.9,-9.89,,seed42
F[C@H]1c2ccccc2N1C(=O)[C@H](CC(F)(F)F)Nc1ccc(Cl)cc1,0.5988,3.3857,-8.9,-9.89,,seed42
O[C@@H](c1cccc2ccc(=O)cnc12)[NH+]1CCN(c2ccccn2)CC1,0.7157,3.9429,-8.5,-10.29,,seed42
Fc1cc2c(cc1OCCCc1ccccc1C(F)(F)F)COCCO2,0.5608,2.4581,-8.5,-10.29,,seed42
c1n[nH]cc1[C@@H]1CCC[C@H]1[NH2+][C@H]1CCC[C@@H]1c1ccccc1F,0.8948,4.5968,-8.9,-9.89,,seed42
c1noc2[C@H](C[NH2+]Cc3ccc4ccccc4c3)ccc12,0.7965,4.0298,-8.8,-9.99,,seed42
N[C@H](Sc1nc(-c2ccccc2F)n[n-]1)C(=O)Nc1ccccc1,0.5454,3.5703,-8.3,-10.49,,seed42
Fc1cc(-c2nc3ccccc3n2C[C@@H](CO)C2CC2)nc(C2CC2)n1,0.6895,3.3978,-8.4,-10.39,,seed42
[NH3+]O[C@@]1(Cc2ccc3c(c2)OCO3)CN(C(=O)Cc2ccccc2)CC1,0.8217,3.2264,-8.6,-10.19,,seed42
O=[N+](Cn1c(=O)oc2ccccc21)NC(=S)Nc1ccc(C(F)(F)F)cc1,0.3998,2.8447,-8.7,-10.09,,seed42
c1cc2cc3c(c2n1)CCN(C(=O)COCCc1ccccc1)C3,0.7829,3.0821,-8.6,-10.19,,seed42
CN(C)C(=O)c1cccc([C@@H]2NC(=O)Nc3ccccc32)c1,0.8943,2.6748,-9.2,-9.59,,seed42
c1c(O)cc(/C=C2\CN(C[C@@H](O)c3ccc(F)cc3)CC2)cc1,0.9095,2.8406,-9.1,-9.69,,seed42
[NH3+]Cc1cc2c(s1)[C@@H](c1ccc(Cl)cc1)CCN2C(=O)COCc1ccccc1,0.6396,3.4281,-7.9,-10.79,,seed42
Fc1ccc(CN2CCN(Cc3nnnn3-c3ccc(F)cc3)CC2)nn1,0.6625,2.5235,-8.8,-9.89,,seed42
N[C@H](CN1CCCCCCC1=O)c1ccc2ccccc2c1,0.9398,2.5057,-8.4,-10.29,,seed42
CCCn1cnnc1C1CCC(NC(=O)c2cc3ccccc3[nH]2)CC1,0.7369,2.4834,-8.9,-9.79,,seed42
c1nnn(-c2ccc(Cl)c(O)c2)c1-c1nc2ccccc2n1CCNC(=O)C(C)(C)C,0.4935,2.7679,-9.3,-9.39,,seed42
Fc1cccc(C[NH2+][C@@H]2CC[C@@H]3[NH2+]CCC[C@@H]3[C@H]2c2ccco2)c1,0.8818,5.2111,-8.9,-9.79,,seed42
FC(=O)c1ccccc1NC(=O)c1cnn2ccccc12,0.7516,2.2955,-8.9,-9.79,,seed42
CNC(=O)CS(=O)(=O)c1ccc(CNC(=O)N2C[C@H]3CCCC[C@@H]3C2)cc1Cl,0.7524,3.2452,-8.8,-9.89,,seed42
Cc1occc1C(=O)N[C@H](C)c1cn(-c2ccccc2)nn1,0.803,2.7912,-8.8,-9.89,,seed42
Nc1ccc2c(c1)CCCN2C(=O)c1cc(O)ccc1F,0.7921,2.1821,-9.7,-8.99,,seed42
Nc1nc(C(=O)c2cc(Cl)c3ccccc3c2)n[nH]1,0.7018,2.5362,-9.2,-9.49,,seed42
F[C@@]1([C@@H]2COc3ccc([N+](=O)[O-])cc32)CN(c2ccccc2)C1=O,0.4933,3.4533,-8.7,-9.99,,seed42
O[C@H](C[C@@H]1CN(c2cccc(Cl)c2)CC[NH2+]1)c1ccc(F)cc1,0.9001,3.7518,-9.1,-9.59,,seed42
c1noc(-c2ccc(CNCc3nnc4n3CCCCC4)cc2)n1,0.7756,2.6195,-8.6,-10.09,,seed42
C[C@@H](NC(=O)Cc1ccc(NC(=O)c2ccc(Cl)s2)cc1)c1ccccc1,0.6083,2.3282,-8.6,-10.09,,seed42
Fc1cc2c(cc1OCCOCC1=Cc3ccccc3OC2)[C@@H]=C1[O-],0.7405,4.6194,-8.6,-10.09,,seed42
N/C(CC(=O)Nc1cccc(O)c1)=[NH+]\CCCn1ccc2ccccc21,0.2927,2.9946,-8.3,-10.29,,seed42
NOC(=O)c1c(C(=O)N2CC[C@H](Oc3ccc(Cl)c(Cl)c3)C2)sc2c1CCCC2,0.6973,3.2393,-8.8,-9.79,,seed42
N=c1c(S(=O)(=O)c2ccc3c(c2)OCO3)c2c3c(sc2n1)CCCC3,0.8637,3.229,-8.6,-9.99,,seed42
c1c(NCc2ccc(Br)cc2)sc2c1CN(C(=O)[C@@H]1CC[NH2+]C1)OC2,0.7948,4.4277,-8.7,-9.89,,seed42
c1nnoc1-c1ccsc1[C@@H]1CN(C(=O)Nc2ccc3c(c2)CCCN3C)C[C@H](CO)N1,0.5564,4.0835,-8.8,-9.79,,seed42
C#CCn1/c(=N/C(=O)c2ccc(COc3ccccc3O)[nH]2)sc2cc(Cl)ccc21,0.4556,2.916,-8.5,-10.09,,seed42
C#Cc1cccc(NC(=O)c2cc3ccccc3nc2N)c1,0.7118,2.0914,-8.6,-9.99,,seed42
O=C1/C(=N/N=C/c2ccc(F)cc2)S/C(=C/c2ccc(Cl)cc2)C1=O,0.352,2.7178,-8.7,-9.89,,seed42
F[C@@]1([NH2+]Cc2ccccc2-c2ccccc2)CCCCC1,0.8158,2.8648,-8.9,-9.69,,seed42
F[C@@H]1N[C@](O)(c2ccccc2)C(=O)N1c1ccccc1F,0.8301,3.4186,-9.1,-9.49,,seed42
c1cc2nc3c(cc2cc1COc1ccccc1)CCC3,0.7106,1.9118,-8.6,-9.99,,seed42
N[C@H](c1ccc(F)cc1C(=O)NN1CCOCC1)c1ccc2c(c1)OCO2,0.8464,3.0251,-8.9,-9.69,,seed42
F[C@H]1[C@@H]2CCC[C@H]2[C@@H]1S(=O)(=O)[C@@H]1CCN(c2ccccc2Cl)C1,0.8308,4.1242,-8.5,-10.09,,seed42
c1nnnn1[C@@H](COc1ccccc1)C[C@@H]1Cc2ccccc2O1,0.6981,3.3002,-8.5,-10.09,,seed42
Oc1cc2c(cc1Br)NC(=O)c1ccccc1C2=O,0.669,2.2111,-8.6,-9.99,,seed42
C[C@@]1(Cc2ccccc2)CCN(C(=O)c2cc(C#N)ccc2Cl)C1,0.8367,2.7269,-8.2,-10.39,,seed42
OCc1ccccc1CN1CCO[C@H](c2cc(Cl)ccc2C)C1,0.9266,2.6575,-8.8,-9.79,,seed42
C=CCc1ccc(CNC(=O)N[C@@H](c2ccc(F)cc2)C2CC2)cc1,0.7169,2.5902,-8.5,-9.99,,seed42
[NH3+]S(=O)(=O)c1cncc(N[C@@H]2CCN(c3ccc(F)c(F)c3)C2=O)c1,0.8165,3.4035,-8.5,-9.99,,seed42
O=C(CN1C(=O)CCC[C@H]1C1CC1)N1CCN(c2ccc(F)cc2)CC1,0.8284,2.6745,-8.1,-10.39,,seed42
c1csc2[nH+]c3c(c2c1)C[C@@H](Cc1ccccc1)CC3,0.6731,3.6861,-8.9,-9.59,,seed42
C[C@@H](CNC(=O)c1ccc(Br)cc1[N+](=O)[O-])c1ccc(Cl)c(Cl)c1,0.522,2.5919,-8.6,-9.89,,seed42
Fc1cc(S(=O)(=O)N2CCC[C@@H]2Cc2ccccc2)ccc1F,0.8578,2.4143,-8.8,-9.69,,seed42
CNc1nc(-c2ccccc2Br)ncc1NC(=O)CC1(Nc2ccccc2)CC1,0.4744,2.6162,-8.2,-10.29,,seed42
Fc1c(N[C@@H](Cc2ccccc2Br)c2ccccc2)noc1C,0.6594,2.8076,-8.7,-9.79,,seed42
Oc1cc([C@H]([NH2+]Cc2cc[nH]n2)c2nc3ccccc3[nH]2)ccc1Cl,0.4433,4.0014,-8.8,-9.69,,seed42
Cn1c(-c2csc3c(C(=O)OCc4ccccn4)ncnc3[nH]2)c(O)c2ccccc21,0.4686,3.1679,-8.7,-9.79,,seed42
O[C@@H](C[NH+]1CCN(C[C@@H](O)Cc2ccccc2)CC1)c1cc2ccccc2o1,0.5769,3.9678,-8.4,-10.09,,seed42
C=Cc1c(/C=C/C(F)(F)F)cccc1NC(=O)Cn1nc(C)cc(O)c1=O,0.8362,3.0676,-8.5,-9.99,,seed42
c1cc(-c2csc(NC(=O)c3cccs3)n2)ccc1-n1cccc1,0.5675,2.1763,-8.2,-10.29,,seed42
C#CCn1/c(=S)/N=C/c2ccc(OCccc(OC)c2)sc2cc(C)ccc21,0.5196,5.1749,-8.9,-9.49,,seed42
O=C(N[C@@H](CO)c1ccn(Cc2ccccc2)c1)c1ccc(F)cc1,0.7254,2.6,-8.5,-9.89,,seed42
c1cn(CCCC(=O)c2ccc3ccccc3c2)n1Nc1nccs1,0.5015,2.9222,-8.3,-10.09,,seed42
O=C1CCN(S(=O)(=O)c2cccc(Cl)c2)N1Cc1cc(F)cc(F)c1,0.8114,2.6493,-8.2,-10.19,,seed42
CC1CC(NC(=O)N[C@@H](CC(=O)Nc2ccc(F)cc2F)C(C)C)CC1,0.7156,3.2216,-8.3,-10.09,,seed42
c1ccc2cc(-c3ccccc3F)[nH]c(=O)c2c1,0.6937,1.8524,-8.9,-9.49,,seed42
C/C(=C\c1ccc(C(N)=O)cc1)C(=O)NCc1ccccc1Cl,0.8274,2.0247,-8.4,-9.99,,seed42
Fc1c(/C=C/c2cnco2)c(=O)n(-c2ccccc2Br)c2c1CCC2=O,0.6483,3.3182,-8.9,-9.49,,seed42
F[C@]1(c2ccccc2F)C(=O)NC[C@@H]1NCc1ccc(Cl)cc1,0.9011,3.3697,-8.9,-9.49,,seed42
F[C@]1(OCCc2ccccc2)C[C@H](c2cccc(Br)c2)[NH2+]C[C@]12CCOC2,0.776,4.8483,-8.2,-10.19,,seed42
O=[N+](C1=c2ccccc2=[NH+]C1CCN1c2ccccc2)CN1C(=O)c1cc2ccccc2o1,0.4797,4.1366,-8.9,-9.49,,seed42
Fc1cc([C@@H](O)COc2ccc3c(c2)C(=O)N(Cc2ccccn2)C3)co1,0.7236,3.2547,-8.3,-10.09,,seed42
Fc1cc([N+](=O)[O-])c2ncccc2c1-c1ccccc1Cl,0.5131,2.1866,-8.6,-9.79,,seed42
F[C@@]1(CSCCn2c(=O)oc3ccccc3c2=O)c2ccccc21,0.6686,2.8565,-8.4,-9.99,,seed42
Oc1cc(=O)n(Cc2ccccc2)c(-c2ccccc2)n1,0.801,2.0272,-8.8,-9.59,,seed42
O[C@@H](C1CCCC1)N1CCc2[nH]c3ccccc3c2C1,0.8802,3.0176,-8.6,-9.79,,seed42
O[C@@H](C(=O)Nc1cc(Br)ccc1Cl)c1nnnn1-c1ccccc1,0.6923,2.7339,-8.1,-10.29,,seed42
c1c(F)cc([C@@H]2Nc3c(s2)NCCc2ccccc23)cc1,0.8404,3.2277,-8.8,-9.49,,seed42
c1c(-c2ccc(OCCc3ccccc3)cc2)noc1-c1ccco1,0.4856,2.021,-8.5,-9.79,,seed42
F[C@@H]1N=C(NCc2ccccc2F)C1Cc1ccccc1,0.855,3.1944,-8.4,-9.89,,seed42
c1coc(CS[C@H](c2ccc3ccccc3c2)CC2CCCC2)c1,0.4811,2.8288,-8.8,-9.49,,seed42
Fc1c(-c2ccncc2)sc2c1CCN(c1ncnc(N3CCOCC3)n1)C2,0.6716,2.9517,-8.8,-9.49,,seed42
c1ccccc1CN1CC[NH+](Cc2nc(-c3ccncc3)no2)CC1,0.7542,3.1704,-8.5,-9.79,,seed42
O[C@@H](C[C@@H](O)c1ccc2ccccc2c1)N1CCCCCC1,0.9084,2.9423,-8.5,-9.79,,seed42
[NH3+][C@]1(CNCc2ccccc2)CCCN(S(=O)(=O)c2cccc(Cl)c2)C1,0.785,3.1439,-8.0,-10.29,,seed42
c1cc(-c2nc3ccc(C(F)(F)F)cc3[nH]c2=O)ccc1O,0.7246,2.1413,-8.4,-9.89,,seed42
Fc1cccc(C2CC[C@H]([NH2+]Cc3cccnc3OCC3CC3)[C@@H]2c2ccco2)c1,0.6023,4.1731,-8.7,-9.59,,seed42
Oc1ccc(NC(O)c2ccccc2Br)c2ccc(F)cc12,0.4734,2.7947,-8.2,-10.09,,seed42
[NH3+][C@@H]1CCCCCC[C@H]1C(=O)N1CC[C@H](CNc2ccc(Br)cc2)C1,0.802,3.6107,-8.1,-10.19,,seed42
O=[N+](Cc1ccc(Br)cc1)c1ccc(NC(=O)Cc2ccc(Cl)s2)cc1,0.4713,2.447,-8.2,-10.09,,seed42
O=[N+](C[O-])c1ccc([O-])c(ONC(c2ccccc2)c2ccccc2)c1,0.4012,3.2739,-8.6,-9.69,,seed42
F[C@@H]1NOC[C@@H]1[C@@H](C(=O)[O-])[NH+]1CCC([NH+]2CCC[C@H]2c2ccc3c(c2)OCO3)CC1,0.4649,6.2201,-8.6,-9.69,,seed42
F[C@@]1(C[NH+]2CCC[C@@H]2CC2C[C@@H]3CC[C@@H](C2)[C@H]1C3)NC1CCCC1,0.7416,6.8241,-8.7,-9.59,,seed42
CNS(=O)(=O)c1ccc([C@H](C)N[C@@H](CO)Cc2c[nH]c3ccccc23)cc1,0.4772,2.9897,-8.7,-9.59,,seed42
Oc1cc(-c2coc(COc3ccc(Cl)cc3)n2)c(Br)cc1,0.6885,2.3188,-8.7,-9.59,,seed42
Fc1ccc2c(c1)CC[C@H]2NCc1ccc(F)cc1F,0.8974,2.5171,-8.4,-9.79,,seed42
NOc1cc(Cc2nc(Cc3cccc(Br)c3)no2)ccc1I,0.4383,2.6431,-8.4,-9.79,,seed42
F[C@@H]1[C@H](O)c2ccc(C(=O)Nc3ccccc3Br)cc2N1,0.7266,3.1983,-8.8,-9.39,,seed42
c1noc2nc(N3CCN(c4nccc[nH+]4)CC3)c(=O)[nH]c12,0.6764,3.9714,-8.8,-9.39,,seed42
FCCS(=O)(=O)Cc1nc2ccccc2c(=O)n1-c1ccccc1,0.7106,2.3517,-8.4,-9.79,,seed42
N#Cc1ccc(C(=O)NC[C@H](c2ccccc2)[NH+]2CCCC2)cc1,0.881,3.5989,-8.3,-9.89,,seed42
N#CCCn1c(SCC(=O)Nc2ccccc2)nnc1-c1ccccc1F,0.6306,2.1232,-8.3,-9.89,,seed42
O=C(C[C@H]1CSc2ccccc21)N1CCN(c2cc[nH+]cc2)CC1,0.8612,3.7283,-8.7,-9.49,,seed42
Fc1cc(-c2ccccc2)nc2ccccc12,0.6063,1.6617,-8.6,-9.59,,seed42
O[C@H](C1CCCC1)C1CCO[C@@H](c2nnc3n2CCCC3)C1,0.9323,3.8661,-8.5,-9.69,,seed42
Oc1cc(NC(=O)c2ccccc2Oc2ccccc2)ccn1,0.7681,2.0005,-8.7,-9.49,,seed42
C[C@@]1([NH2+]Cc2ccco2)CCC[C@H](O)[C@@H]1c1cccc(C(F)(F)F)c1,0.8836,4.2038,-8.2,-9.99,,seed42
Cc1ccccc1CNC(=O)CNc1ccccc1C(=O)[O-],0.836,2.2052,-8.1,-9.99,,seed42
C[C@@H](NC(=O)NCc1cccn1C)c1cnc(-c2ccc(F)cc2)s1,0.7278,2.9001,-8.2,-9.89,,seed42
NNc1nccc(Nc2nc3ccc(F)c(F)c3[nH]2)n1,0.4285,2.9008,-8.9,-9.19,,seed42
OC[C@@H]1C[C@@H](Oc2ccc(F)cc2)CN1C[C@@H]1COc2ccccc2O1,0.8889,3.3485,-7.9,-10.19,,seed42
[NH3+]O/C=C/c1ccc(CN2CCO[C@@H](c3ccccc3F)C2)cc1,0.6774,3.1787,-8.7,-9.39,,seed42
Oc1c(F)c(NC[C@H]2COc3ccccc32)c(F)cc1F,0.9116,3.1598,-8.8,-9.29,,seed42
O=[N+]([O-])c1cccc(S(=O)(=O)c2ccc(C(F)(F)F)cc2[N+](=O)[O-])c1,0.5959,2.2973,-8.0,-10.09,,seed42
Fc1c(O)cc(/C=C/CC2=c3ccccc3=[NH+]C2)cc1Cl,0.8763,3.7559,-8.3,-9.79,,seed42
COc1ccccc1CNC(=O)NCc1ccc(-n2cnnn2)cc1,0.7129,2.0378,-8.4,-9.69,,seed42
c1csc2nc(SCC(=O)Nc3ccccc3C[NH+]3CCCC3)nc2c1,0.6405,3.4316,-8.4,-9.69,,seed42
O=[N+](C)c1cn(CCc2nc(-c3ccco3)no2)c2ccccc12,0.5247,2.7707,-8.1,-9.99,,seed42
O=[N+](C/c1ccccc1O)[NH+]1CCC[C@@H](c2nncn2C2CC2)C1,0.8019,4.5107,-8.6,-9.49,,seed42
c1coc(S[C@@H](CCC(=O)NCc2cc(C3CC3)nc3ccccc23)C2CC2)n1,0.5018,3.4267,-8.1,-9.99,,seed42
N[C@H]([C@@H]1Cc2cc(F)ccc2O1)c1ccc(F)c(F)c1,0.9164,3.1079,-8.6,-9.49,,seed42
N#C[C@H]1CCC[C@@H]1NC(=O)c1cccc(S(=O)(=O)NCc2ccccc2)c1,0.8008,2.8562,-7.7,-10.39,,seed42
O[C@H](CCl)c1cccc(-n2nc3ncccc3c3nccc23)c1,0.5878,3.1145,-8.4,-9.69,,seed42
Oc1cccc(CC(=O)N[C@H]2CC(=O)N(C3CC3)[C@@H]2c2cc(Cl)c[nH]2)c1,0.7525,3.6384,-8.3,-9.79,,seed42
c1noc(Cc2cccc(C(=O)Cc3csc(-c4ccco4)n3)c2)n1,0.4914,2.6934,-8.2,-9.89,,seed42
Fc1cc2[nH]ccc2cc1C(=O)Nc1ccc(Br)cc1Cl,0.6594,2.15,-8.4,-9.69,,seed42
c1cc([C@@H]2CCCC[NH2+]2)ccc1COc1ccc(Cl)c(Cl)c1,0.8813,3.3393,-8.5,-9.59,,seed42
c1cc(S(=O)(=O)c2ccc3c(c2)CCC(=O)N3)ccc1Cl,0.9243,2.0592,-8.5,-9.59,,seed42
Cn1ccc(C[NH2+]C[C@H](c2cccc(C#N)c2)c2ccc(F)cc2F)c1,0.7281,3.725,-8.8,-9.29,,seed42
[NH3+][C@H](CC(=O)Nc1ccc(Br)cc1)[C@@H]1CCOC2(CCC2)C1,0.8584,4.1273,-8.4,-9.59,,seed42
C[C@@](O)([C@H]1CCCC[NH2+]1)c1cccc(OCc2ccccc2)n1,0.8873,3.9153,-8.3,-9.69,,seed42
N/C(C/c1nc2ccccc2s1)C(=O)c1ccc2c(c1)OCO2,0.7463,2.7613,-8.2,-9.79,,seed42
[NH3+][C@@H]1CCCCC[C@@H]1C(=O)Nc1ccc2[nH]c(=O)[nH]c2c1,0.6189,3.5397,-8.4,-9.59,,seed42
O[C@@H](c1cc(F)ccc1F)N1CCc2cc(OC(F)F)c[nH+]c2C1,0.8677,4.1126,-8.5,-9.49,,seed42
Fc1ccccc1[C@H]([NH2+]C[C@H](O)C1CCC1)C1CCCCCC1,0.7727,3.799,-8.5,-9.49,,seed42
c1nc(Cn2cnc3ccccc3c2=O)c2nnsc2c(Cl)c1=O,0.5435,2.9893,-8.4,-9.59,,seed42
F[C@@H]1CC[C@H]([NH+]2CCN(C3CCCC3)C2)c2ccccc21,0.8793,4.6409,-8.3,-9.69,,seed42
O=[N+](Cc1ccc(Cl)cc1)N1CCCN(C(=O)Cn2cccc2Cl)CC1,0.7297,2.9596,-8.1,-9.89,,seed42
F[C@@]1(F)C[C@H](c2cccc(F)c2)N1Cc1ccccc1Br,0.6897,3.1512,-8.7,-9.29,,seed42
FCC[C@H]1CCC[C@@H]1Cn1c(-c2cccnc2)nc2ccccc21,0.6702,3.1813,-8.8,-9.19,,seed42
FCC[C@@]1(C(=O)OCc2cc3ccc(F)cc3s2)CCCN(S(C)(=O)=O)C1,0.6753,3.4256,-8.0,-9.99,,seed42
CS[C@@]1(C)C(=O)N(C[C@H](O)c2ccc3c(c2)OCO3)C(F)(F)C(=O)N1C1CC1,0.7424,4.1073,-8.4,-9.59,,seed42
c1ccc2cc(C(=O)N[C@@H](c3cccnn3)C3CC3)sc2c1,0.8013,2.9372,-8.5,-9.49,,seed42
Fc1cc(Cn2cnc(-c3ccc(F)cc3)n2)ccc1Cl,0.7339,2.0755,-8.2,-9.79,,seed42
F[C@@]1(c2ccccc2)/C(=N/N=C\c2ccc(Cl)c(Cl)c2)CC1,0.528,3.255,-8.1,-9.89,,seed42
F[C@@]1(CNC(=O)c2cccc(F)c2)C[C@H](Cc2cccnc2)O1,0.9219,3.2783,-8.3,-9.69,,seed42
Oc1cc2[nH]c(=O)ccc2c(OCc2ccccc2Cl)n1,0.7799,2.4481,-8.3,-9.69,,seed42
Oc1cc([C@H]2N[C@H](Sc3ccccc3)N2/N=C/c2ccoc2)ccc1[N+](=O)[O-],0.3698,3.9586,-8.9,-9.09,,seed42
Cn1nc(N)cc1C(=O)NNC(=O)c1cnc(-c2ccccc2)s1,0.6188,2.5392,-7.8,-10.19,,seed42
C[C@@H](Oc1cc(F)ccc1OC(F)(F)F)C(=O)Nc1cccc(Cl)c1,0.7625,2.4983,-8.1,-9.89,,seed42
C=Cc1cc(C)ccc1[C@H](C)NC(=O)[C@@H](C)c1nc2ccccc2s1,0.6845,3.2166,-8.1,-9.89,,seed42
OC[C@@H]1[C@H](C2C[NH2+]C[C@H]2CC2CCCC2)Oc2ccc(F)cc21,0.8918,4.6423,-8.1,-9.89,,seed42
CSc1nc2ccccc2n1CCC(=O)N[C@H]1C=C[C@@H](C(F)(F)F)C1,0.6447,3.5763,-8.4,-9.49,,seed42
N/C(=N/OC(=O)c1ccc2c(c1)OCO2)c1nnc2n1CCC2,0.3779,2.7872,-8.3,-9.59,,seed42
c1nnc(-c2cc(C(=O)OCc3nc(-c4ccsc4)co3)sn2)c(C)c1,0.4806,3.2212,-8.2,-9.69,,seed42
F[C@]1(C[NH2+]Cc2cccnc2)c2ccccc2[C@H]1c1ccccc1F,0.7605,3.9276,-8.6,-9.29,,seed42
F[C@H]1[C@H](Oc2ccccc2-c2ccc3c(c2)OCO3)C1(C)C,0.8497,3.1326,-8.7,-9.19,,seed42
N/[NH+]=C(\Cc1ccccc1)NCC(=O)c1cccc(S(C)(=O)=O)c1,0.2142,2.7814,-8.4,-9.49,,seed42
Oc1c(F)cc(/C=C2\SC(=S)N(c3ccc(Cl)cn3)C2=O)cc1,0.6431,2.5106,-8.7,-9.19,,seed42
Oc1c(Cl)cccc1[C@H]1CCCN1C(=O)c1ccccc1F,0.9025,2.5006,-8.2,-9.69,,seed42
F[C@@]1(c2ccccc2)CC[NH+](C[C@H](O)c2ccccc2)C1,0.8811,4.1636,-8.3,-9.59,,seed42
N[C@H](Nc1ccc(Cc2cccnc2)nc1)c1cccc(F)c1,0.7101,2.8873,-8.1,-9.79,,seed42
N#C[C@]1(O)CCCC[C@@H]1C(=O)NCC(C)(C)c1ccccc1F,0.8383,3.4934,-8.1,-9.79,,seed42
Fc1cc(F)cc(S(=O)(=O)Nc2ccccc2N2CCOCC2)c1,0.917,2.0883,-8.2,-9.69,,seed42
F[C@@]1(c2ccccc2Br)CCCN(C2CCCCCC2)C1,0.6401,3.0078,-8.2,-9.69,,seed42
Oc1cc2c(cc1-c1cc3ncccc3[nH]1)OCCO2,0.7117,2.4721,-8.6,-9.29,,seed42
O=C([C@H]1CCCN(c2cnc3ccccc3n2)C1)N1C[C@H](O)C[C@H]1CO,0.8456,3.3864,-9.2,-8.69,,seed42
Oc1cc2nc(C[NH+]3CC[C@@H](c4ccc(Cl)c(Cl)c4)CC3)nc2c1O,0.7561,4.2741,-8.2,-9.69,,seed42
CNC(=O)CSc1ccccc1NC(=O)COc1ccc(C)c(F)c1,0.7433,2.0096,-8.5,-9.39,,seed42
Oc1cc(Br)ccc1C[NH+]1CCC[C@H](Cc2ccccc2)C1,0.8591,3.9478,-8.1,-9.79,,seed42
FC1=Nc2ccccc2C[C@@H]1CCc1ccccc1,0.7638,2.8496,-8.3,-9.59,,seed42
FC1N(c2ccc(F)cc2)CCN1C1CC[NH+](CCc2ccccc2)CC1,0.809,3.9324,-8.3,-9.59,,seed42
c1cc([C@H](CO)CCl)nc(-c2ccc3ccccc3c2)n1,0.7485,2.8447,-8.4,-9.49,,seed42
CSc1ccccc1C(=O)N1CCC[C@@H]1c1ccc(C(C)C)cc1,0.6846,2.4723,-8.4,-9.39,,seed42
c1n[nH]c2nc(N3CCN(C(=O)[C@@H]4CCCO4)CC3)ccc12,0.8873,2.9891,-8.0,-9.79,,seed42
F[C@@H]1CCCC[C@@H]1Cc1cncc(-c2ccccc2)n1,0.8344,3.1284,-8.3,-9.49,,seed42
Oc1ccccc1[N-]S(=O)(=O)c1ccc(C(F)(F)F)c(C(F)(F)F)c1,0.7715,3.277,-8.0,-9.79,,seed42
[NH3+]S(=O)(=O)c1ccc(NC(=O)c2cc(C(F)(F)F)c(Br)cn2)c(C[NH2+]C(C)(C)C)c1,0.5682,3.69,-8.4,-9.39,,seed42
O=C1S/C(=C/c2ccc(Oc3cccc(Cl)c3)o2)C(=O)N=C1[O-],0.7916,3.1404,-7.9,-9.89,,seed42
C[C@H](C(=O)[O-])[C@@H](C)NC(=O)[C@@H]1Cc2cc(F)ccc2N1Cc1ccco1,0.8387,3.8068,-8.3,-9.49,,seed42
OC=NC1=C(c2ccc(F)cc2)S/C1=N\c1ccc(Br)c(O)c1,0.5683,3.3547,-8.4,-9.39,,seed42
N[C@@H]([NH2+]Cc1cccc(-n2cccn2)c1)c1ccc(F)cc1,0.7047,3.3976,-8.4,-9.39,,seed42
c1noc(-c2ccc(S[C@@H]3CCS3(=O)CCc3cccc(F)c3)o2)n1,0.6598,4.4691,-7.9,-9.89,,seed42
C=CCN(Cc1ccccc1)C(=O)CCC(=O)Nc1cccc(C)c1,0.7427,1.935,-7.8,-9.99,,seed42
c1cc(/C=N/SC2CCOCC2)nc(N[C@@H](Cc2ccccc2)C(F)(F)F)c1,0.5212,3.615,-8.5,-9.29,,seed42
NOc1ccc(Cl)cc1[C@@H]1CC(=O)N(Cc2ccc(F)cc2)C1=O,0.6809,2.8348,-8.2,-9.59,,seed42
Oc1c([O-])cccc1S(=O)(=O)Cc1cccc(C(F)(F)F)c1,0.9371,2.751,-8.1,-9.69,,seed42
F[C@@H]1NS(=O)(=O)c2cc(S(=O)(=O)c3ccncc3)cc(Cl)c2S1,0.7847,3.8179,-8.7,-9.09,,seed42
O=C(CSc1ccccc1)Nc1cccc(NC(=O)c2cccs2)c1,0.6185,1.8342,-8.1,-9.69,,seed42
Oc1cc(O)c(S(=O)(=O)N2CCC[C@H]2CCCCCOc2cccc(F)c2)c(Cl)c1,0.5336,2.979,-8.2,-9.59,,seed42
C[C@@]1(C(=O)C(=O)N2CCOCC2)CCC[C@H]1C(=O)Oc1ccc2nccnc2c1,0.4404,3.5846,-8.1,-9.69,,seed42
O[C@H]1CCC[C@H]1C[NH+]1CCC([NH+]2CCC(C3CCCC3)CC2)CC1,0.6924,5.3439,-8.8,-8.89,,seed42
c1c(C[NH2+][C@@H]2CCCC[C@@H]2C[C@@H](O)c2ccccc2)cnn1C,0.8584,4.1122,-8.4,-9.29,,seed42
C/C(=N/OC(=O)CCc1ccc(F)cc1)c1cc2ccccc2o1,0.3949,2.2543,-8.3,-9.39,,seed42
O=C1O[C@H](Cc2nc(-c3ccccn3)no2)CN1Cc1ccccn1,0.7033,3.0382,-7.9,-9.79,,seed42
F[C@@H]1N2CCCC[C@@H]2[C@@H]1NC(=O)C[C@H]1C=Cc2c1CCCC2,0.8127,4.5539,-8.3,-9.39,,seed42
N#C/C(=N\OC(=O)c1ccc(N)cc1)S(=O)(=O)c1ccc(Cl)cc1,0.2934,2.5789,-8.4,-9.29,,seed42
Oc1cc2[nH]c(=O)c(C(F)(F)F)cc2nc1[C@@H]1CCC[NH2+]CC1,0.7414,4.1958,-8.4,-9.29,,seed42
c1noc(Nc2ccc(C[NH+]3CCC[C@@H](n4cnnc4)C3)cc2)n1,0.722,4.7312,-8.3,-9.39,,seed42
C[C@@H](c1ccccc1)[C@H](C)NC(=O)N1CC[C@H](n2cccn2)C1,0.9432,3.3652,-7.9,-9.79,,seed42
C[C@@]1(CCc2ccccc2)CN(C(=O)c2ccco2)CCN1C(=O)c1ccccc1F,0.6145,2.9693,-8.4,-9.29,,seed42
N[C@]1(CNC(=O)c2ccc(Cl)o2)CCC[C@H](Sc2ccccn2)C1,0.8471,3.6735,-8.1,-9.59,,seed42
[NH3+]c1ccc2c(c1)C(=O)N(Cc1cnn(C(F)(F)F)c1)C2=O,0.8409,3.3303,-7.7,-9.99,,seed42
O=C(NC[C@H]1CN2CCCC[C@@H]2CO1)c1cccc([N+](=O)[O-])c1,0.6726,2.9988,-8.0,-9.69,,seed42
OC(F)(F)[C@H]1CCC(F)(F)CC[NH2+][C@@H]1C[C@H](O)c1ccccc1,0.7374,4.565,-8.0,-9.69,,seed42
N[C@H](C(=O)Oc1cccc(OCc2ccccc2)c1)c1ccco1,0.5552,2.588,-8.2,-9.49,,seed42
CC[C@@H]1CN(C(=O)NCc2ccccn2)CC[NH+]1Cc1ccccc1,0.8667,3.9157,-8.0,-9.69,,seed42
O=C(Cc1nc(-c2ccco2)no1)N1CC[C@@H]([C@@H]2CCOC2=O)C1,0.7782,3.4392,-8.0,-9.69,,seed42
CO[C@@H](C)c1noc(C[NH+]2CCC[C@H](Oc3ccc(F)cc3F)C2)n1,0.8553,4.6156,-8.1,-9.59,,seed42
c1nnn(-c2ccc(NC(=O)[C@@H]3CCCN3C3=COC3)cc2)c1C,0.9287,3.2534,-8.2,-9.49,,seed42
O=C(Cc1ccccc1)NCCNC(=O)c1ccc(Cl)c2c1OCCO2,0.7599,2.197,-8.0,-9.69,,seed42
F[C@H]1[C@H]c2ccccc2S[C@@]1(CO)CCc1ccccc1,0.9192,3.712,-8.2,-9.49,,seed42
Fc1c(N/N=C\c2ccccc2O)oc2ccccc12,0.563,2.518,-8.1,-9.59,,seed42
O[C@@H](C[NH+]1CCC[C@H]1c1cccs1)c1nc(-c2ccccc2)no1,0.7465,4.3659,-8.1,-9.59,,seed42
Cc1nn(C)c(C)c1NC(=O)[C@@H]1Cc2ccc(C(F)(F)F)cc2C[C@H]1NC(=O)C(=O)[O-],0.6842,3.7583,-8.8,-8.790000000000001,,seed42
NC(=O)[C@H](NC(=O)c1ccc(CBr)cc1Cl)c1ccccc1,0.7808,2.4738,-8.2,-9.39,,seed42
Fc1ccc(Cl)cc1CNCc1cnn(-c2ccccc2)c1,0.7722,2.004,-8.1,-9.49,,seed42
c1c(S(=O)(=O)c2cccc(F)c2)ccn1Cc1cccnc1,0.7435,2.3922,-8.0,-9.59,,seed42
Fc1ccc2[nH]c(S[C@H]3CCC[NH+]4CCC[C@@H]4C3)nc2c1,0.893,4.8092,-8.3,-9.29,,seed42
O=C1C[C@H](c2ccc(Cl)cc2)CCN(C(=O)c2cccnc2)C1,0.8494,2.5869,-8.6,-8.99,,seed42
c1n[nH]c([C@H]2CCCN(c3cc[nH+]c4cncnc34)C2)n1,0.756,4.2549,-8.4,-9.19,,seed42
Fc1c(/C=C/C(Cl)c2ccccc2)nccc1N1CCOCC1,0.7897,3.2595,-8.1,-9.49,,seed42
F[C@]1(Cl)CCCCC[C@H]1CC[NH+]1CCC[C@H]1c1ccccc1,0.6225,4.8796,-8.3,-9.29,,seed42
c1noc2CSCc3nc(CSc4ccccc4)cnc3c(=O)[nH]c12,0.7031,3.7252,-8.0,-9.59,,seed42
O=[N+](CCC1CCC1)c1nc2ccccc2n1C[C@H](O)C[NH+]1CCCCC1,0.6975,4.4081,-8.2,-9.39,,seed42
N[C@H](Cc1cc(Cl)ccc1Br)C(=O)Nc1cc(C(=O)[O-])ccc1C,0.7903,2.91,-7.9,-9.69,,seed42
Fc1cc(Cl)ccc1CSCc1noc(-c2ccccc2)n1,0.6605,2.16,-7.8,-9.79,,seed42
Fc1cc(N[C@H]2CCCN(c3ncccn3)C2)c(Cl)c(Cl)c1,0.857,2.8261,-8.5,-9.09,,seed42
O[C@H](C1CC[NH2+]CC1)c1ccc(OCc2cc(F)ccc2Cl)cc1,0.8702,3.4892,-8.3,-9.29,,seed42
Oc1ccc(/C=N/NC(=O)c2cc(Cl)c3c(c2)OCO3)cc1,0.673,2.2291,-8.0,-9.59,,seed42
N#CCc1ccccc1C(=O)NCCCc1ccc(C(F)(F)F)cc1,0.7996,2.0818,-8.0,-9.49,,seed42
Cn1cccc1NC(=O)c1ccc(CN2CCO[C@H](C(=O)[O-])[C@H]2C)cc1,0.8486,3.6287,-8.2,-9.29,,seed42
NOC(=O)[C@@H]1CCCCN1C(=O)Nc1ccccc1C(F)(F)F,0.8156,2.7571,-8.1,-9.39,,seed42
OC[C@H]1CN(C(=O)c2cc3ccccc3n2CC2CCCC2)CCO1,0.9293,2.8393,-8.2,-9.29,,seed42
c1ncnc(N[C@@H]2CCC[NH2+]C[C@H]2CC2CCCCC2)n1,0.8836,4.324,-8.3,-9.19,,seed42
F[C@H]1OCCC[C@H]1C[S@@](=O)C(c1ccccc1)c1ccccc1,0.8182,3.6307,-8.4,-9.09,,seed42
[NH3+]S[C@]1(/C([O-])=[NH+]\Cc2ccccc2)C(=O)c2ccccc21,0.4319,4.2115,-8.4,-9.09,,seed42
F[C@]1([NH2+]CC2CCCCC2)CCCN(c2ccccc2)C1,0.8451,3.5082,-7.9,-9.59,,seed42
c1noc2c1CCC[C@@H]2NCc1csc(-c2ccsc2)n1,0.7892,3.4632,-8.4,-9.09,,seed42
[NH3+]Cc1ccccc1C[NH2+][C@H](Cc1cccs1)C1CCCCC1,0.784,4.0099,-8.1,-9.39,,seed42
OC=N/C(=NS(=O)(=O)c1cccc(F)c1)c1ccccc1,0.6988,2.6726,-8.3,-9.19,,seed42
F[C@H]1[NH2+]CC[C@H]1c1noc(OC[C@H](F)c2ccc(Cl)cc2)n1,0.8533,4.7626,-8.1,-9.39,,seed42
c1nnc3n(-c3ccc4c(c2)OCO4)c(=O)on12,0.5631,5.2336,-11.8,-14.29,,seed123
F[C@@]1(CCc2ccc3c(c2)OCCO3)CCCN1Cc1ccc2c(c1)OCCN2C(=O)C(O)c1cc2ccccc2oc1=O,0.2358,4.0307,-11.2,-12.09,,seed123
Fc1cc([C@H]2Oc3ccccc3C[NH+]2Cc2ccc3ccccc3c2)ccc1,0.554,3.7036,-11.3,-11.19,,seed123
Oc1cc(NC(=O)c2c[nH]c3nc(-c4ccccc4)ccc23)ccc1OCc1ccc(F)cc1,0.2985,2.2846,-10.0,-11.89,,seed123
F[C@@H]1c2ccccc2C(Cc2ccc3ccccc3c2)N1CCCC(=O)c1ccc(F)cc1,0.2231,3.2554,-10.5,-11.19,,seed123
C#CCCOc1ccc2c(c1)O[C@H](NC(=O)COc1ccc3cc(C)c(C)c(C)c3c1)C2,0.4398,3.3165,-9.6,-11.79,,seed123
Oc1cc([N+](=O)[O-])ccc1OCc1n[nH]c(-c2ccc3ccccc3c2)n1,0.412,2.4262,-9.6,-11.59,,seed123
O=c1nnc2cc(-c3ccccc3)ccc2n1C(=O)COC1CCCCC1,0.7097,2.4984,-9.5,-11.49,,seed123
Fc1ccccc1-c1nc(C[NH+]2CCC[C@@H]2CNc2ncnc3[nH]ccc23)no1,0.4615,4.3267,-9.9,-10.99,,seed123
F[C@@H]1c2ccccc2C[C@@H]1C(=O)N1CCN(c2ccc(Cl)c(Cl)c2)CC1,0.749,3.0518,-9.8,-11.09,,seed123
C/N=C(\NCc1ccc(C)cc1)NC(=O)C(=O)Nc1ccc(NC(=O)c2ccco2)cc1,0.2797,2.4176,-9.1,-11.79,,seed123
Cn1nc(-c2ccccc2)c2c1CCN(C(=O)c1ccc(F)cc1)C2,0.7196,2.0697,-9.5,-11.39,,seed123
O=C(Nc1ccccc1OCC1CC1)c1cccc(CN2C(=O)c3ccccc3C2=O)c1,0.5637,2.0422,-9.1,-11.69,,seed123
O[C@H](S(=O)(=O)c1ccc2ccccc2c1)c1cc(C(F)(F)F)ccc1C,0.7207,2.7493,-9.3,-11.39,,seed123
C[C@@]1(S(=O)(=O)c2ccc(NS(=O)(=O)c3ccc(F)cc3)cc2)CCCN1C(=O)c1ccccc1F,0.5254,3.0409,-9.7,-10.99,,seed123
O[C@H](c1ccccc1)c1ccccc1[C@H]1C=C(c2ccc3c(c2)OCO3)C1,0.7094,3.095,-9.8,-10.79,,seed123
Fc1c(Nc2ccc3ncnnc3c2)cccc1NC(=O)C[C@H](O)c1ccccc1,0.4505,2.9148,-9.4,-11.19,,seed123
C[C@@]1(Cc2ccc(F)cc2)CCCN(Cc2[nH+]ccn2Cc2ccccc2F)C1,0.6025,3.6679,-9.3,-11.19,,seed123
[NH3+]c1[nH]ccc1C(=O)N1CCC(C(=O)N[C@H]2CCCCC[C@@H]2C2CCCC2)CC1,0.6768,3.6348,-9.3,-11.19,,seed123
Fc1c(F)cc(NC(=O)[C@@H]2CSCN2C(=O)c2c[nH]c3ccccc23)cc1Cl,0.6211,2.9929,-9.5,-10.89,,seed123
Fc1cc2ncccc2c(NCc2cc3ccccc3[nH]c2=O)c1,0.6033,2.1509,-9.5,-10.89,,seed123
Fc1c(-c2ccccc2)cc(C(=O)N2CCC[C@@H]([NH+]3CCCCC3)C2)s1,0.8779,3.9894,-9.0,-11.29,,seed123
C[C@@H](C(=O)Nc1cccc(CCN(C)C(=O)c2ccc(Cl)cc2)c1)N1Cc2ccccc2C1,0.5385,2.6232,-9.3,-10.99,,seed123
Oc1cc(F)ccc1S(=O)(=O)N1CC[NH2+][C@H](COc2cccc3ccccc23)C1,0.662,3.5518,-9.1,-11.19,,seed123
Fc1cc([C@@H]2NC(=O)c3ccccc3N2CSc2ccccc2F)ccc1Cl,0.5603,3.0314,-10.2,-10.09,,seed123
c1c(/N=C(/[O-])CN=C2c3ccccc3c3ccccc32)cccc1O,0.4632,2.871,-9.4,-10.79,,seed123
NC(=O)c1ccc2c(CCC(=O)Nc3ccc(C(F)(F)F)cc3)c([S-])oc2c1,0.6257,2.6946,-9.4,-10.79,,seed123
O=C1N[C@]([O-])(C2CCN(c3ccc(Br)cc3F)CC2)CN1CCc1ccccc1,0.7448,3.2904,-8.9,-11.19,,seed123
Oc1cc(-c2cc[nH+]c(Nc3ccccc3F)c2)c(Br)cc1F,0.6967,3.2989,-9.8,-10.29,,seed123
F[C@@]1(c2ccccc2)c2nnc(NCc3ccco3)n2Cc2ccccc21,0.5951,3.2856,-9.5,-10.49,,seed123
c1cn(CCn2cc(-c3ccncc3)nc3c2(O)COCC3)c2ccccc21,0.7628,3.7833,-9.5,-10.49,,seed123
F[C@@]1([C@@H](O)c2ccc(F)cc2)CCCN(Cc2cc3ccccc3o2)CC1,0.7012,3.3211,-8.8,-11.19,,seed123
CO[C@H](C)c1ccc(C(=O)N[C@H]2[C@@H]3CO[C@@H](C3)[C@@H]2c2ccc(Cl)cc2)cc1,0.8319,4.4345,-9.1,-10.89,,seed123
[NH3+]CC#Cc1ccccc1O[C@H]1CC[NH+](Cc2ccccc2-c2ccc(N3CCOCC3)cc2)C1,0.5435,4.2466,-9.3,-10.69,,seed123
Oc1cc(Cl)cc(/C=C2\c3ccc(NC(=O)CC4CCCC4)cc3C2=O)c1,0.7058,2.4236,-9.3,-10.69,,seed123
C[C@H]([NH2+][C@H](CC(=O)NC1CCCCC1)c1ccc(F)cc1)c1ccc(F)cc1,0.7359,3.516,-9.4,-10.59,,seed123
Fc1cc([N+](=O)[O-])ccc1NC(=O)[C@@H]1CCCN(c2ncnc3[nH]ccc23)C1,0.5276,2.909,-9.3,-10.69,,seed123
CCOc1cc(C#N)ccc1OCCC(=O)N1CCN(c2ccc(C(=O)N3CCCCC3)cc2)CC1,0.561,2.3016,-9.3,-10.59,,seed123
OC[C@@H]1COCCN1S(=O)(=O)c1ccc(F)c(N[C@H]2CCCc3ccccc32)c1,0.7777,3.2134,-9.5,-10.39,,seed123
c1c(N[C@@H]2CCCN(Cc3nc4ccccc4nc3[N+](=O)[O-])C2)cccc1Cl,0.5109,2.8975,-9.1,-10.79,,seed123
Fc1c(NC(=O)COC2CCN(Cc3ccccc3)CC2)nnn1-c1ccccc1F,0.6272,2.5304,-8.8,-11.09,,seed123
Fc1cc(-c2nnc3n2CCCO3)ccc1NC(=O)OCc1ccccc1O,0.716,2.6876,-9.1,-10.79,,seed123
O=c1nn[nH]n1-c1ccccc1C[C@H]1CCC[NH+](c2ccccc2)C1,0.7503,4.3849,-9.6,-10.29,,seed123
C[C@@H](NS(=O)(=O)c1cccc(Cl)c1)C(=O)NC[C@@H](c1ccccc1)c1cccc(Cl)c1,0.4978,2.8523,-9.0,-10.79,,seed123
Fc1cc(C[NH+]2CCC(c3cnnn3-c3cccc(F)c3)CC2)cnc1C(F)(F)F,0.6557,3.8964,-9.1,-10.59,,seed123
Cc1nn(Cc2ccc(F)cc2F)c2c1C(=O)C[C@@H](c1ccc3c(c1)OCO3)[NH+]2,0.7377,3.7037,-9.2,-10.49,,seed123
c1nnn([C@@H](CN[C@H]2CCc3ccc(Br)cc3C2)[NH+]2CCCCC2)c1C,0.7804,4.5488,-9.3,-10.29,,seed123
c1n[nH]c2c1CCC[C@H]2N[C@@H]1CCCOc2c(F)cccc21,0.8932,3.5631,-9.5,-10.09,,seed123
Fc1cc([N+](=O)[O-])ccc1N1CCC([NH2+][C@H]2CCC3(CCSCC3)C2)CC1,0.6285,4.5538,-8.9,-10.69,,seed123
C[NH+](C)CCC1CCC(NC(=O)[C@@H](Cc2c(Cl)cccc2Cl)NC(=O)COC(=O)c2ccc3ccccc3c2)CC1,0.288,3.4594,-8.8,-10.69,,seed123
c1nc2ccccc2n1CCCNC(=O)c1cc(=O)[nH]c2c1CCCO2,0.6862,2.7175,-9.0,-10.49,,seed123
NO[C@H](c1ccccc1)c1ccc(F)c(NS(=O)(=O)c2ccccc2)c1,0.6479,2.6204,-9.1,-10.39,,seed123
O[C@@H](CNc1nc2c(Cl)cccc2s1)C1CC[NH+](Cc2ccccc2Cl)CC1,0.5489,3.9174,-9.0,-10.49,,seed123
NC(=O)CN1CCc2sc(NC(=O)[C@@H]3CCCN(C(=O)c4ccco4)C3)cc2C1,0.7708,3.1492,-8.5,-10.99,,seed123
F[C@@]1([NH2+]Cc2cn(-c3ccccc3)cc2)CCCc2ccccc21,0.7078,3.5618,-9.0,-10.49,,seed123
N[C@H](NC(=O)c1cccn1-c1ccc(F)cc1)c1ccc(-n2cncn2)cc1,0.524,2.9811,-8.9,-10.59,,seed123
Fc1c([C@H]2CCCN2Cc2ccccc2F)nnn1-c1ccccc1,0.7227,2.8835,-9.0,-10.49,,seed123
Cc1cc(C)c(-c2csc(NC(=O)c3cc(CO)c(C)nc3)n2)nc1,0.7506,2.5433,-8.9,-10.59,,seed123
O[C@@H](c1cccc(F)c1)c1nc2ccccc2n1CCS(=O)(=O)c1cccs1,0.5191,2.8983,-9.5,-9.99,,seed123
c1coc(=O)c2cc(C(=O)/C=C/c3ccc(F)cc3)ccc12,0.5446,2.1999,-9.0,-10.49,,seed123
c1n[nH]c(/C=C/C(=O)N[C@H](c2ccccc2CCc2ccccc2)C2CCCC2)n1,0.5408,3.1427,-9.1,-10.39,,seed123
N=C1SC(=O)N(c2cccnc2)[C@H]2c3ccccc3C(=O)N2[C@@H]1c1cnc(-c2ccccc2)s1,0.4006,3.8345,-9.2,-10.19,,seed123
C[NH2+][C@H](c1ccc([C@@H]2CCOC2)cc1)c1ccc(-c2ccc(F)cc2F)cc1,0.6967,3.5404,-8.9,-10.49,,seed123
c1cc(OC[C@@H]2CCC[NH+]2Cc2nnc(-c3cccnc3)n2Cc2ccccc2)cc(Br)c1,0.3963,3.9223,-8.2,-11.19,,seed123
Oc1cc(/C=N/n2c(=O)[nH]c3ccccc32)c(-c2cccs2)cc1C1CC1,0.5148,2.8402,-8.7,-10.69,,seed123
N[C@@H](c1ccc(Cl)cc1)C(=O)N1CCn2c(nc3ccccc32)C1,0.7798,2.7091,-9.1,-10.29,,seed123
C[C@@H](Sc1ccc(F)cc1)C(=O)Nc1cccc(-n2nc(C(F)(F)F)cc2)c1,0.4684,2.712,-8.8,-10.59,,seed123
NS(=O)(=O)c1ccc(NS(=O)(=O)c2ccc(S(=O)(=O)N3CCC(C(F)(F)F)CC3)cc2)cc1,0.5889,2.3563,-9.0,-10.39,,seed123
NC(=O)c1ccc(SCC(=O)N2CC[C@@H](c3cc(Br)ccc3Cl)C2)cc1,0.6862,2.6678,-8.5,-10.89,,seed123
Fc1cc2oncc2c(N2CCO[C@H](c3nccnc3CN3CCOCC3)C2)c1,0.6607,3.5508,-9.3,-9.99,,seed123
F[C@H]1[C@H]c2ccccc2C[C@@H]1[NH2+]Cc1cccc(CN2C(=O)OC[C@@H]2C2CC2)c1,0.8188,4.5077,-9.3,-9.99,,seed123
c1nn2c(Br)ccc2c(=O)n1-c1cncc(C[NH2+]Cc2ccccc2)n1,0.536,3.661,-8.8,-10.49,,seed123
O=c1[nH]cnn1-c1ccc2c(c1)CCCN2C(=O)c1occc1Br,0.7302,3.0512,-9.2,-10.09,,seed123
NOc1ccc([C@@H]2OCCO[C@@H](c3cc(C4CC4)c4c(c3)OCO4)C2)nc1,0.8276,3.8947,-9.1,-10.19,,seed123
c1nc2ccsc2n1-c1ccc(/C=N/Nc2ccc(-c3ccco3)cc2)o1,0.3309,2.9034,-8.7,-10.59,,seed123
c1cc(-n2ccc3ccccc32)ccc1N(C)Cc1ccc(F)cc1,0.4858,2.0054,-8.7,-10.59,,seed123
O=c1oc2ccccc2n1C(=O)c1cc(F)c2c(c1)OCCCO2,0.6861,2.5684,-9.7,-9.59,,seed123
O[C@@H](N[C@H](c1cccc(F)c1)c1cccnc1)c1cc2ccccc2o1,0.527,3.1914,-9.1,-10.19,,seed123
C[C@H](NC(=O)c1cccc2c1OCOC2)[C@@H]1CCCN(c2ncccn2)C1,0.8929,3.3217,-8.7,-10.59,,seed123
N=C1CCCN1C(=O)N1CCC(c2cc(F)ccc2F)CC1,0.8496,2.6419,-8.8,-10.39,,seed123
O[C@@H]([C@@H]1CCCc2ccccc21)C[NH+]1CCN(c2ccccc2F)CC1,0.8782,3.9915,-8.8,-10.39,,seed123
O=[N+]([O-])c1ccccc1NC(=O)C(=O)Nc1ccccc1CC(F)(F)F,0.4919,2.2363,-8.8,-10.39,,seed123
[NH3+]C/C=C/c1cc(CC(=O)N2CCc3ccccc32)ccc1OCC(F)(F)F,0.8231,2.8856,-9.4,-9.79,,seed123
O[C@@H]([NH2+]C[C@H]1CN2CCCC[C@@H]2[NH2+][C@@H]1COCc1ccccc1)c1ccc(F)cc1,0.5632,4.6802,-9.3,-9.89,,seed123
NS(=O)(=O)c1ccc(-c2nc(CNC(=O)/C=C/c3cccc(F)c3)no2)cc1,0.6057,2.3467,-8.6,-10.59,,seed123
O=C(C=C1CCN(c2ccccc2)C1=O)N1CCC(OCc2ccc(F)cc2)CC1,0.7092,2.4725,-8.7,-10.49,,seed123
c1cc([C@H]2CCC[NH2+]CC2)ccc1NC(=O)c1cccc(F)c1F,0.8921,3.3242,-8.7,-10.49,,seed123
Fc1c(C[NH+]2CCCc3ccccc32)nnn1-c1ccccc1,0.8037,3.947,-8.5,-10.69,,seed123
Oc1cc(S(=O)(=O)N2CCC3=c4ccccc4=[NH+][C@H]32)cc(Br)c1,0.7178,4.0466,-9.1,-10.09,,seed123
[NH3+]c1nc(-c2ccccc2)nc2c1c(Br)cn2Cc1ccccc1,0.5881,2.6459,-9.0,-10.19,,seed123
C[C@H](CCc1ccc(Cl)cc1)NC(=O)C(=O)[C@H]1Cc2ccccc2C1,0.8018,2.6839,-8.2,-10.99,,seed123
N=C/c1ccccc1C(=O)c1ccc(S(=O)(=O)Nc2ccccc2)cc1,0.5162,2.1028,-9.1,-10.09,,seed123
Fc1cc([C@H](Cc2nc3ccccc3[nH]2)[NH+]C[C@@H]2COCO2)cc2c1OCO2,0.6712,4.2261,-9.0,-10.09,,seed123
Nn1c[nH+]c2c1CCC[C@@H]2NC(=O)Nc1ccc(Cl)c(C(F)(F)F)c1C,0.6899,4.0466,-8.6,-10.49,,seed123
N/C(=N/NC(=O)c1ccc2c(c1)CCCC2)c1ccoc1,0.5146,2.4922,-9.3,-9.79,,seed123
O=C(CCC[C@H]1N(C(=O)c2cn3ccccc3n2)C=N1)NC(=S)Nc1ccc(Cl)cc1,0.5563,3.4341,-8.9,-10.19,,seed123
F[C@H](CN[C@@H]1CC[NH+](C2CCOCC2)C1)c1ccc2c(c1)CCCC2,0.852,4.6512,-8.6,-10.49,,seed123
COc1cc(C)cc(NC(=O)c2cccc(-c3nnc(-c4cccs4)n3C)c2)c1,0.5197,2.2363,-8.8,-10.29,,seed123
OC[C@@]1(c2ccc3c(c2)OCCO3)CCCO[C@H](Cc2ccc(F)cc2)C1,0.8903,3.3071,-8.3,-10.79,,seed123
NC(=O)c1cc2c(cc1C#N)CC[NH+](CCc1ccc(F)c(F)c1)CC2,0.8631,3.9839,-8.9,-10.19,,seed123
F[C@@]1(c2ccccn2)CCC[C@@H]1[NH2+]CC(=O)NC[C@H](C(F)(F)F)c1ccc(F)cc1,0.6667,4.4231,-8.5,-10.59,,seed123
Oc1cc(Cl)cc(Cl)c1Cn1c(-c2ccccc2)nc2ccccc21,0.4983,2.1298,-8.8,-10.29,,seed123
[NH3+]c1cc(NCc2ccc3c(c2)OCO3)nc(-c2ccccc2)n1,0.7705,2.6262,-8.8,-10.29,,seed123
C[C@@]1(O)CC[C@H]([NH+]2CCCN([C@@H](c3ccccc3)c3ccc(F)cc3)CC2)C1,0.8498,4.3576,-9.3,-9.79,,seed123
Cc1cccc(NC(=O)[C@H](CC(F)(F)F)n2nc3ccccc3n2)c1,0.7785,2.9061,-8.8,-10.19,,seed123
Cc1nc(C2CC(C(=O)Oc3ccc(-c4ncnnc4C)cc3)n2)no1,0.5511,3.6966,-8.5,-10.49,,seed123
CC(C)c1ccc(CC(=O)c2csc(-c3ccccc3)n2)cc1,0.5922,1.9431,-8.7,-10.29,,seed123
c1cc2ccccc2cc1N1CCC[C@H](c2nsc(N3CCSCC3)n2)C1,0.6445,3.0774,-9.8,-9.19,,seed123
c1nc2c(s1)CCC[C@@H]2[NH2+]Cc1cc(=O)[nH]c2cc(F)c(Cl)cc12,0.7502,4.1588,-8.9,-10.09,,seed123
c1nc(CS(=O)(=O)c2cccnc2)c2c(c1-c1ccco1)CCCC2,0.7158,2.7155,-8.7,-10.29,,seed123
c1cc(/C=N/Nc2nc3ccccc3nc2Nc2cccc(C(=O)[O-])c2)co1,0.3948,2.8565,-8.9,-10.09,,seed123
Nc1ccc(CNC(=O)c2cc(N3CCCC3=O)ccc2)cn1,0.8997,2.0523,-8.8,-10.19,,seed123
N[C@H](NC(=O)c1ccc(S(=O)(=O)NNC(=O)c2ccco2)cc1)c1ccccc1,0.3388,2.7388,-8.8,-10.19,,seed123
Fc1cc2c(cc1Cn1cc[nH+]c1Cc1ccccc1)NC(N)=C2,0.5958,3.4093,-8.8,-10.19,,seed123
O[C@H](S[C@H](C(=O)Nc1ccccc1)c1cccc[nH+]1)c1cc(F)ccc1,0.6508,3.8804,-9.0,-9.99,,seed123
C[C@@]1(c2ccc([N+](=O)[O-])cc2)CNC(=O)C[C@H]1c1ccccc1O,0.6699,3.3499,-9.3,-9.69,,seed123
O=c1oc2ccccc2n1C[C@H](O)c1ccc(OCc2ccccn2)cc1,0.5694,2.6409,-8.8,-10.09,,seed123
Fc1cc(S(=O)(=O)N2CCN(S(=O)(=O)c3cccc(F)c3)CC2)ccc1OC(F)F,0.6077,2.2614,-8.5,-10.39,,seed123
c1cc(-c2cc(-n3cccc3)c3ccccc3n2)ccc1Cl,0.4882,1.9731,-9.0,-9.79,,seed123
NN[C@@](C)(CS(=O)(=O)c1ccc(F)cc1)c1nc2ccc(C(F)(F)F)cc2n1C,0.2812,3.2879,-8.5,-10.29,,seed123
c1csc(/C=C/c2ccccc2)c1C(=O)NCc1ccc(Cl)c(Br)c1,0.506,2.3583,-8.3,-10.49,,seed123
c1noc(-c2ccccc2CN2C[C@@H]3CC[C@H]2C[NH+](Cc2ccccn2)C3)n1,0.736,5.174,-8.8,-9.99,,seed123
C[C@@]1([C@@H]2CCCC[C@H]2C[NH2+]Cc2ccccc2)CCCN(C(=O)c2ccc3c(c2)OCCCO3)C1,0.6584,4.0814,-9.3,-9.49,,seed123
c1c(Cl)cccc1NC(=O)[C@@H](Cc1ccccc1Cl)N(CCc1ccco1)S(=O)(=O)c1ccccc1,0.2634,2.9153,-9.7,-9.09,,seed123
CCn1c(=O)c2c(OC[C@@H](NC(=O)c3nc4ccccc4s3)CC2=O)n(C)c1=O,0.6827,3.3257,-8.7,-10.09,,seed123
F[C@]1(Cl)CC[C@H]([NH+]2CCCCCC2)[C@H]1c1cccc(C(F)(F)F)c1,0.5887,4.7499,-8.6,-10.19,,seed123
c1cc(OCc2ccccc2)sc1CC(=O)NC[C@](C)(O)c1ccccc1,0.6223,2.8006,-8.6,-10.19,,seed123
Oc1cc2c(cc1OC)CN(C(=O)c1cccc3c1OCCO3)C2,0.9167,2.3763,-9.1,-9.69,,seed123
c1n[nH]c2nc(C[C@@]3(O)CCc4ccccc43)ccc12,0.7473,3.2451,-8.8,-9.89,,seed123
O[C@H](c1ccc(Br)cc1F)c1nc(-c2cc(Cl)c(Cl)c(Cl)c2)no1,0.5197,3.0467,-8.3,-10.39,,seed123
Fc1cc2oc3ccccc3c(Cc3ccccc3I)cn2c1,0.4971,3.2226,-8.9,-9.79,,seed123
Oc1cccc(C[NH2+]C[C@H](Cc2ccccn2)c2cc(F)ccc2F)c1,0.684,3.5346,-9.2,-9.49,,seed123
Nn1ccc2cc(C(=O)O[C@@H](c3ccccc3)c3cccnc3)c(C(F)(F)F)nc12,0.4029,3.2169,-9.0,-9.69,,seed123
[NH3+]C1(C2CCCC2)[C@@H]2SC=C(c3cc([N+](=O)[O-])ccc3C2)C1,0.6725,5.0421,-9.1,-9.59,,seed123
Oc1cc(C(=O)OCc2nc3ccccc3s2)ccc1OC1CCCC1,0.6614,2.2387,-8.6,-10.09,,seed123
c1n[nH]c([C@@H]2CCCN2C(=O)c2cc3ccccc3[nH]2)n1,0.756,2.9381,-8.6,-10.09,,seed123
[NH3+][C@H](c1ccco1)C(F)(F)[C@]1(F)CCN(C(=O)c2ccc(F)cc2)C1,0.8553,3.9086,-8.5,-10.09,,seed123
O=C(Nc1ccc(NCc2ccccc2)nn1)c1ccc(Br)s1,0.6877,2.1607,-8.2,-10.39,,seed123
Oc1cc2cc(-c3ccc(F)cc3)c(C[NH+]3CCOCC3)nc2s1,0.7652,3.8171,-9.2,-9.39,,seed123
O=c1onc(-c2ccccn2)n1CCn1c(=O)cnc2cccnc21,0.5395,2.671,-8.2,-10.39,,seed123
O[C@@H](NS(=O)(=O)c1ccccc1)c1cccc(OCC2CCCCC2)c1,0.725,2.6567,-8.4,-10.19,,seed123
F[C@@H]1[C@H]c2cccc(OC3[C@H](c4ccccc4)[C@H]3C2)c1,0.7437,5.8848,-9.0,-9.59,,seed123
Fc1cc(OC2CC[NH+](Cc3oncc3-c3ccc(F)cc3)CC2)cs1,0.7416,3.9708,-8.9,-9.69,,seed123
O[C@H](Oc1ccc2c(c1)C(=O)CCC2)c1ccccc1C,0.8752,2.7387,-8.7,-9.89,,seed123
O[C@@H]([NH2+][C@@H](c1ccc(F)cc1)C1CCCC1)c1c(F)cc(F)cc1F,0.6231,3.7857,-8.6,-9.99,,seed123
Oc1cccc(CNc2cnc(-c3ccccc3)n2Cc2ccccc2)n1,0.5403,2.4565,-8.4,-10.09,,seed123
CN(C(=O)Cc1nc(-c2cccnc2)no1)C(=O)[C@H]1CC=CCC1,0.7986,3.2931,-8.2,-10.29,,seed123
OC[C@H]([NH2+][C@H]1CCc2cc(Cl)ccc21)c1c[nH]c2ccccc12,0.6773,3.889,-8.8,-9.69,,seed123
N=c1[nH]oc(CNc2ccc(NCc3ccccc3)cc2[N+](=O)[O-])n1,0.3858,2.7694,-8.5,-9.99,,seed123
[NH3+]Oc1cccc(CN2CC[NH+](CCCc3ccc4c(c3)OCO4)CC2)c1,0.6868,3.6401,-8.6,-9.89,,seed123
c1nn(-c2ccccc2)c(O)c1C[NH2+][C@H]1CCSc2ccccc21,0.769,3.7183,-8.7,-9.79,,seed123
N/C(=N/CC1CC1)c1cccc(NC(=O)c2cccc(Br)c2)c1,0.6191,2.1604,-8.7,-9.79,,seed123
CC[C@@](C)([NH3+])C(=O)NC(=O)[C@@H](C)Oc1ccc2ccccc2c1,0.88,3.34,-8.3,-10.19,,seed123
C[C@@]1(NC(=O)C(=O)NCCNC(=O)c2cc(F)ccc2Br)C(C)(C)CO1,0.4852,3.3514,-8.5,-9.99,,seed123
Oc1cc(NC(=O)c2ccc3c(c2)OCCO3)ccc1-n1cncn1,0.7578,2.2773,-8.6,-9.89,,seed123
[NH3+][C@@]1(c2ccc(C(N)=[NH2+])cc2)CCC[C@H]1C1CCCC1,0.5464,4.2438,-8.6,-9.89,,seed123
O=c1nn[nH]c(C2CCN(C(=O)c3cccnc3)CC2)c1-c1cnn(C)c1,0.7409,2.8569,-8.6,-9.89,,seed123
c1nn2cc(-c3ccc(C[NH2+]Cc4ccccc4)cc3)[nH+]c2cc1C,0.6,3.8501,-8.3,-10.19,,seed123
O[C@@H]([NH2+][C@H]1CCCCC1(Cl)Cl)c1coc(-c2ccc3c(c2)OCO3)n1,0.624,4.2718,-8.5,-9.99,,seed123
C#Cc1cccc(C)c1NC(=O)c1ccc(C)c(-n2ccnc2)c1,0.7488,2.4627,-8.2,-10.29,,seed123
O[C@@H]([C@H]1OCC[C@H]1C[NH2+]Cc1nc(-c2cccc(F)c2)no1)C1CCCCC1,0.7577,4.3102,-8.3,-10.09,,seed123
Fc1c(Cl)cc(CNc2cccc3cccnc23)cc1C,0.7402,2.1474,-8.6,-9.79,,seed123
c1cn(-c2[nH+]cnc(S[C@H]3CC[NH2+]CC3)c2)c2cccc(F)c21,0.7446,4.5153,-8.5,-9.89,,seed123
[NH3+][C@H]1CCC[C@H](C(=O)Nc2cccc(Oc3cnccc3)c2)C1,0.9105,3.2962,-8.7,-9.69,,seed123
N[C@H](CC(=O)N1CCO[C@@H](c2cccc(F)c2)C1)c1cccnc1,0.9337,3.0862,-8.3,-10.09,,seed123
c1cc(Cl)cc(C[NH+]2CCC[C@@H]2c2nc3ccccc3[nH]2)c1,0.7651,4.0082,-8.2,-10.19,,seed123
NN=C(/C=C(/C#N)C(=O)c1ccc(F)cc1)c1nc(Cc2ccco2)no1,0.1771,3.1639,-8.2,-10.19,,seed123
O=c1nc(C2CCS(=O)(=O)CC[C@H]2c2ccccc2)sc2c1C(=O)COC2,0.7615,3.8298,-8.9,-9.49,,seed123
NS(=O)(=O)c1cccc(CNC(=O)Cc2ccc3c(c2)OCO3)c1,0.8354,2.0245,-8.7,-9.69,,seed123
c1noc(Cl)c1N1CCN(c2ncnc3scc(-c4ccccc4)c23)CC1,0.5126,2.7087,-9.0,-9.39,,seed123
Fc1ccc(CC[NH2+][C@@H]2[C@H]3CCO[C@@H]3C2=O)c2ccccc12,0.9283,4.2657,-8.8,-9.49,,seed123
[NH3+][C@@H]1CCC[C@@H](C(=O)NC2CCN(c3ccc(F)cc3)CC2)C1,0.8906,3.3395,-8.3,-9.99,,seed123
c1cnc([C@@H]2CCCN2C(=O)c2ccc(-n3cnnn3)cc2)nn1,0.7031,3.0733,-8.4,-9.89,,seed123
Fc1c(CNC(=O)Cc2ccco2)c(=O)[nH]c2cc(Br)ccc12,0.7322,2.5514,-8.3,-9.99,,seed123
N#C[C@H](c1cccnc1)N1CCCCC[C@H]1c1nc(-c2ccccc2)n[nH]1,0.7608,3.3552,-9.0,-9.29,,seed123
N#C[C@@]1(Cc2ccccc2F)CCC(OC[C@H](O)c2c(Cl)cccc2Cl)C1,0.6881,3.6966,-7.9,-10.39,,seed123
O[C@H]([C@@H]1CCOC2(CCCCC2)C1)[C@@H]1COc2ccccc21,0.906,4.2312,-8.4,-9.89,,seed123
O[C@H](Oc1ccccc1SCc1nc2ccc(F)cc2[nH]1)c1cccs1,0.3564,3.0621,-8.5,-9.79,,seed123
[NH3+]c1cnc2ccc(C(=O)C3CCN(S(C)(=O)=O)CC3)cc2c1,0.8459,2.8788,-8.3,-9.99,,seed123
C#Cc1ccccc1NC(=O)[C@H]1CC(=O)N(c2ccccc2F)C1=O,0.5314,2.905,-7.9,-10.39,,seed123
NC(=O)COc1ccc(NC(=O)C(=O)N2CCC3(CC2)C[C@H](C(=O)[O-])C3)cc1,0.6363,3.194,-8.4,-9.89,,seed123
O[C@H](N1CCCCCC1)C1CC[NH+](Cc2ccccc2OCC(F)(F)F)CC1,0.7696,4.0209,-8.3,-9.99,,seed123
c1nn(C2CC2)c2c1CN(Cc1cnn(CCc3ccccc3)c1)C2=O,0.6889,2.6529,-8.1,-10.19,,seed123
C=CCOc1ccc(C(=O)Nc2cc(-c3ccccc3)on2)c(OC)c1,0.6476,2.1423,-8.2,-10.09,,seed123
[NH3+][C@@]1(CO)CCC[C@H]1CNCc1cc(-c2cccc3cnccc23)on1,0.627,3.956,-8.6,-9.69,,seed123
C[C@@H]([NH2+]Cc1ccccc1OCc1ccncc1)c1nc2ccccc2s1,0.5284,3.2623,-8.7,-9.59,,seed123
NNC(=O)c1cccc(C(=O)NN/N=C/c2cccnc2)c1,0.2668,2.5161,-8.4,-9.79,,seed123
Fc1c(F)cccc1S(=O)(=O)[C@@H]1C[C@@H](O)CN1C1CCCCC1,0.9143,3.5054,-8.9,-9.29,,seed123
N[C@@H](CNC(=O)[C@@H](CO)N1CCCC1=O)[C@H]1CC(c2ccccc2)=NO1,0.612,3.8283,-8.4,-9.79,,seed123
C[C@@]1(c2ccc(Br)cc2)NC(N2CCOCC2)C(=O)N=C2NC(N)=C2[C@H]1C,0.6495,4.3818,-8.3,-9.89,,seed123
C[C@@]1(O)CSC[C@@H](NC(=O)C(=O)Nc2ccc3c(c2)CCC3)C1,0.7162,3.4968,-7.9,-10.29,,seed123
NC(=O)C[NH+]1CCC(NC(=O)c2cnn(-c3ccccc3)n2)CC1,0.6223,3.5209,-8.8,-9.39,,seed123
[NH3+]c1ccc(F)c(Nc2nc3ccsc3c(=O)n2CC(=O)[O-])c1,0.6949,3.5926,-8.7,-9.49,,seed123
FC1(COc2ccccc2)CCC[C@@H]1NS(=O)(=O)c1ccc(Cl)cc1,0.821,3.146,-8.1,-10.09,,seed123
NOC(=O)[C@H]1[C@H]2c3ccccc3N(c3ccccc3)[C@@H]2C1=O,0.6763,3.5781,-9.0,-9.19,,seed123
FC(F)(F)C1CCN(C(=O)C2CCc3ccccc32)CC1,0.7765,2.7397,-8.6,-9.59,,seed123
Oc1ccc(-n2c(CCO)nc(SCC(=O)Nc3ccccc3C)n2)cc1,0.5415,2.3073,-8.2,-9.99,,seed123
N#Cc1ccccc1C(=O)NC1Cc2ccccc2C1,0.9035,2.02,-8.5,-9.69,,seed123
C[C@@H](Sc1nc2[nH+]cccc2s1)C(=O)Nc1ccnc([N+](=O)[O-])c1,0.4239,4.0211,-8.6,-9.59,,seed123
F[C@H]1c2ccccc2C[NH2+][C@@H]1Cc1cc(F)ccc1F,0.8695,4.0044,-8.6,-9.59,,seed123
c1noc(Cl)c1C=C[C@@H](C[NH2+]Cc1ccc(Br)cc1)C[NH+]1CCCCC1,0.6626,5.1372,-8.6,-9.59,,seed123
c1c(C[NH+]2CCC(c3ncc[nH]3)CCC2)cnn1-c1ccccc1,0.7713,4.2616,-8.3,-9.79,,seed123
O[C@@H](c1ccccc1)[C@@H]1CCCN(Cc2ccccc2F)C1,0.9287,2.6334,-8.3,-9.79,,seed123
FC(=O)[C@@H](NC(=O)c1cccc(CNC2CC2)c1)c1cccc(F)c1,0.7593,2.6993,-8.5,-9.59,,seed123
c1n[nH]c2c1CCC[C@H]2[NH2+][C@@H](CO)c1nc2ccccc2s1,0.6854,4.2677,-8.4,-9.69,,seed123
CNC(=O)CCc1cc(F)ccc1NC(=O)Nc1ccc(OCC(F)F)cc1,0.6363,2.2513,-8.2,-9.89,,seed123
O=c1[nH]c2ccccc2n1N1CCCc2ccccc21,0.7343,2.4501,-8.7,-9.39,,seed123
c1noc2ncc(NCc3ccccc3-n3cccn3)cc12,0.6256,2.7543,-8.6,-9.49,,seed123
O[C@@H](NS(=O)(=O)c1cccc(I)c1)c1cnn(-c2ccccc2)n1,0.4514,3.1612,-8.3,-9.79,,seed123
[NH3+][C@@]1(c2cc(Cl)ccc2Cl)CCCN1C(=O)COc1cccc(F)c1F,0.8529,3.3901,-8.5,-9.59,,seed123
C[C@@H](C(=O)N1CCC[C@@H]1C(=O)c1ccco1)c1ccccc1,0.8139,2.9166,-8.4,-9.69,,seed123
C=C[C@@H](C)CN(Cc1cccnc1)C(=O)[C@H]1CCN(c2ccccc2)C1=O,0.5603,3.3219,-8.2,-9.89,,seed123
[NH3+][C@]1([C@@](C)(O)CCCc2nc(-c3ccc(F)cc3F)cs2)C[NH+](C2CC2)c1,0.6598,4.3605,-8.4,-9.69,,seed123
NS(=O)(=O)c1cccc(NC(=O)CCc2nc3ccccc3s2)c1,0.7287,2.0143,-8.3,-9.79,,seed123
c1n[nH]c([O-])c1-c1ccc(-n2nc(C[NH2+]Cc3ccco3)cc2)cc1,0.5527,3.6453,-8.3,-9.79,,seed123
NC(=O)[C@H]1Cc2cc(C[NH+](Cc3ccccc3)c3ccncc3)ccc2S1,0.6949,4.1725,-9.1,-8.99,,seed123
O[C@H](NCc1ccccc1C[S@]1CCCC1)c1nc2ccccc2s1,0.6206,3.7301,-8.4,-9.69,,seed123
F[C@@H](c1ccc(Cl)c(Cl)c1)c1nc(-c2ccncc2)no1,0.7118,2.9418,-8.1,-9.89,,seed123
c1nc2nc(-c3ccc(Br)cc3)sc2c2cnccc12,0.5046,2.5234,-8.3,-9.69,,seed123
N/c1nnc(CN2CCOCC2)cc1C(=O)N[C@@]1(C#N)CCCc2ccccc21,0.8069,3.4479,-9.1,-8.89,,seed123
O[C@H](Sc1nnc(-c2ccc(Br)cc2)o1)c1ccccc1,0.5538,2.7193,-7.9,-10.09,,seed123
O[C@H](Sc1nc(-c2ccc(Cl)cc2)n[nH]1)c1ccccc1Cl,0.5337,2.9878,-7.9,-10.09,,seed123
c1cn(Cc2[nH]c(-c3ccco3)nn2)c(Nc2ncc(F)cc2Cl)n1,0.5674,3.2126,-8.4,-9.59,,seed123
N#C[C@H](C(=O)COc1ccc(-c2cccnc2)nn1)c1cc(F)ccc1F,0.6661,3.0729,-8.1,-9.89,,seed123
Fc1ccc(OCC(F)(F)F)cc1NC(=O)Nc1cccc(F)c1,0.7982,2.0107,-8.2,-9.79,,seed123
c1cc([C@@H]2C[NH2+][C@]3(CCOC3)SC2)cc(-c2ccco2)c1,0.926,4.7531,-8.1,-9.89,,seed123
N[C@H](Oc1cc(Cl)ccc1C(F)(F)F)c1nc2ccccc2o1,0.71,3.0391,-8.5,-9.49,,seed123
Fc1c(S(=O)(=O)N/C=C2\CCCC[C@H]2C(=O)[O-])sc2c1CCC2,0.8832,4.0599,-8.4,-9.59,,seed123
[NH3+]C(F)(F)c1n[nH]c(SCc2ccc3cc(OC)ccc3c2O)n1,0.4827,3.1724,-8.3,-9.69,,seed123
Oc1cc(Br)ccc1N1CC[NH+]([C@@H]2CCO[C@]3(CCOC3)C2)CC1,0.7863,5.1078,-8.7,-9.29,,seed123
Oc1cc(/C=N/N2CCOC[C@H]2Cc2ccccc2)ccn1,0.8777,3.2638,-8.5,-9.49,,seed123
Oc1cc([C@H]2Nc3ccccc3[C@H]2[NH2+]Cc2c(Cl)cccc2Cl)ccc1O,0.49,3.8029,-9.0,-8.99,,seed123
O=[N+]([O-])c1cccc(OCCC(=O)Nc2ccc([C@@H]3CSCC=N3)cc2)c1,0.5769,3.1525,-8.3,-9.69,,seed123
c1ncc2c(=O)cc(-c3ccccc3C(=O)[O-])cc2o1,0.6949,2.9564,-8.9,-9.09,,seed123
C[C@@H](Cc1cccs1)NC(=O)Nc1ccc(N2CCOCC2)cc1C(=O)NC1CC1,0.6324,2.7938,-8.4,-9.59,,seed123
C[C@@H]([C@@H](O)c1cc(F)c(Br)cc1)c1cccc(C(F)(F)F)c1,0.7063,3.0085,-8.2,-9.79,,seed123
C[C@H](NC(=O)[C@H]1CCN(C(=O)c2cc(Cl)c[nH]2)C1)c1ccncc1,0.8919,3.0667,-8.4,-9.59,,seed123
NC(=O)c1cccc(OC(=O)[C@H]2CCCN(C(=O)C3CC3)C2)c1,0.6703,2.5054,-8.5,-9.49,,seed123
O=c1nn[nH]n1-c1ccc(Cc2ccccc2F)cc1,0.7873,2.2897,-8.6,-9.39,,seed123
C#C[C@@H](C[C@H](O)c1ccccc1)C(=O)NC[C@@H](O)c1ccc(F)cc1F,0.6655,3.5013,-8.3,-9.69,,seed123
C#Cc1ccc(OC)c([C@@H]2NC(=O)[C@H]3CC=CC[C@@H]32)c1,0.6599,3.7967,-9.0,-8.99,,seed123
NC(=O)[C@]1(O)CCc2cc(C(=O)N3CCOC3(CCOCC3)C3)ccc12,0.8073,4.2898,-8.8,-9.19,,seed123
O[C@H](NCc1cccc(C(F)(F)F)c1)c1cccc(F)c1,0.6673,2.6148,-8.7,-9.29,,seed123
F[C@H](Cc1ccccc1)[C@@H](Cc1ccncc1)N(Cc1ccccc1)CC1CC1,0.4568,3.0901,-8.7,-9.19,,seed123
C=CCn1c(=O)n(C)c(=O)c2ccc(C(=O)NC[C@@H](C)Cn3cccc3)cc21,0.6346,3.0789,-8.3,-9.59,,seed123
C/C(=N/OC(=O)c1ccc(C)[nH]c1=O)[C@H]1CSc2ccccc21,0.5337,3.4088,-8.0,-9.89,,seed123
OC=C(Cn1ncc2ccccc21)C[NH+](Cc1ccccc1)Cc1ccncc1,0.4583,3.8275,-8.0,-9.89,,seed123
[NH3+]O[C@@H]1CCCC[C@H]1[NH+]c1ccc2c(c1)CCCC2,0.7846,4.5984,-8.5,-9.39,,seed123
C[NH2+][C@@]1(C(N)=O)CCC[C@H]([NH+](C)[C@H]2CCc3ccccc3C2)C1,0.6834,5.2668,-8.2,-9.69,,seed123
NN[C@@H](c1cccc(Br)c1)c1nc2ccccc2n1C(F)F,0.5457,3.0046,-8.2,-9.69,,seed123
NS(=O)(=O)c1ccc2nnc(N3CCN(c4ccc(N)c[nH+]4)CC3)n2c1,0.605,3.5468,-8.4,-9.49,,seed123
O=[N+]([O-])c1cc(/C=C2\SC(=O)N(Cc3ccc(C(F)(F)F)cc3)C2=O)sc1C,0.3789,2.6433,-8.2,-9.69,,seed123
CNS(=O)(=O)c1cc(Cl)c(Cl)cc1NC(=O)Cn1c(=O)oc2ccccc21,0.6463,2.3657,-8.2,-9.69,,seed123
O=c1[nH]c2ccccc2nc1-c1ccc(F)c(F)c1,0.7291,1.9351,-8.6,-9.29,,seed123
c1nnoc1CC1([NH+]2CCC[C@H](CCOc3cccc[nH+]3)CC2)CCCCC1,0.7928,5.4447,-8.4,-9.49,,seed123
Oc1ccc(F)c(CO[C@H]2CC[NH+](Cc3ccccc3)C2)c1,0.8845,4.0007,-8.5,-9.39,,seed123
Oc1ccc2[nH]c([C@@H]3C[C@H]3C[NH+]3CCCCCCC3)nc2c1,0.8139,4.4771,-8.2,-9.69,,seed123
Oc1cc(C[NH+]2CCN(CCc3ccccn3)CC2)c(OCc2ccco2)cc1Cl,0.577,3.431,-8.3,-9.59,,seed123
Oc1cc(F)cc(CN(CCc2cccnc2)c2ncccn2)c1,0.7551,2.4933,-8.3,-9.59,,seed123
Fc1cc(/C=N/Nc2nc3ccccc3[nH]2)cc(Br)c1,0.564,2.3516,-8.1,-9.79,,seed123
Fc1cc(S(=O)(=O)NNC(=O)c2ccc(Br)o2)ccc1O,0.6983,2.3777,-8.7,-9.19,,seed123
c1noc(/C=C2\SCC(c3cccc4c3C(=O)[NH+](C)CC4)C2=O)n1,0.8107,5.0458,-8.1,-9.79,,seed123
c1coc(-c2nc(C3CCCC[C@H]3CSC3CCCC3)no2)n1,0.7917,3.8586,-8.3,-9.59,,seed123
NS(=O)(=O)c1ccc(-c2cccc(C[NH+]3CCCC3)c2)cc1,0.8892,3.2068,-8.7,-9.19,,seed123
C#C[C@@H](C)Oc1ccc2c(c1)[C@H]1C=C[C@H](C[NH2+][C@H]1C1CCCCC1)O2,0.6791,5.5054,-7.6,-10.29,,seed123
NC(=O)[C@]1([NH2+]C2CCCC2)CC(Cc2ccccc2Br)CC[C@H]1C,0.7921,4.3664,-8.5,-9.39,,seed123
N/Oc1ccc2c(c1)[C@H](C(=O)N1CCCC1)CCC2,0.8272,2.8682,-8.4,-9.39,,seed123
CC1(Cc2cccc(CC(C)C)c2)CCC(C[NH2+]C2CC2)CC1=O,0.8161,4.2727,-7.9,-9.89,,seed123
c1csc2c1OC[C@@H](CN[C@@H]1CC[NH+](c3ccccc3F)C1=O)C2,0.8818,4.7412,-8.4,-9.39,,seed123
CN[C@@H](c1ccc(Cl)cc1)[C@@H]1CCCc2ccccc21,0.8602,2.8364,-8.4,-9.39,,seed123
N[C@H](S[C@H](C)c1ccccn1)c1cccc2ccccc12,0.7096,3.1727,-8.3,-9.49,,seed123
Cc1ccccc1OC[C@@H](O)CN1CCc2c(F)cccc2C1,0.9207,2.5793,-7.9,-9.89,,seed123
N=Cc1cccc(-n2cccc2)c1C(=O)Nc1ccccc1C(F)(F)F,0.6508,2.6164,-8.8,-8.99,,seed123
C[C@H](NC(=O)c1c(N)cccc1-n1cncc1)C(=O)Oc1ccccc1,0.4173,2.826,-8.1,-9.69,,seed123
Oc1cc(OCc2ccco2)c(C[NH+]2CCC[C@H](C(F)(F)F)C2)c(F)c1,0.7912,4.3739,-8.1,-9.69,,seed123
NS(=O)(=O)Cc1ccc(NC(=O)C(=O)Nc2ccc(F)cc2F)cc1,0.7046,2.0476,-8.2,-9.59,,seed123
Nc1ccc2c(c1)CCCN2C(=O)c1cccnc1,0.7929,2.0665,-8.7,-9.09,,seed123
[NH3+]C(CO)COc1ccc(/C=C2/C(=O)N(c3cccc(F)c3)C(=S)N=C2[O-])cc1,0.5199,3.7621,-8.2,-9.59,,seed123
c1csc(=O)c2cc(C(=O)Oc3ccccc3)ccc21,0.5336,2.1224,-8.2,-9.59,,seed123
Cc1[nH]nc2c1NC(=O)[C@](C)(NC(=O)[C@H]1C[C@@H]1c1ccccc1C)C(C)(C)C2,0.764,4.2142,-9.2,-8.59,,seed123
[NH3+][C@]1(c2ccc(Br)cc2F)CC(C(=O)c2ccccc2)=N1,0.8523,3.2817,-8.2,-9.59,,seed123
Fc1ccc(-c2nnc(SC[C@H](O)c3ccccc3)o2)cc1,0.7273,2.4933,-7.9,-9.79,,seed123
CNC(=O)c1ccc(NC(=O)C[C@@H]2Sc3ccccc3NC2=O)cc1,0.7863,2.5358,-7.9,-9.79,,seed123
CNc1cc(Br)c(Cl)cc1C[NH2+][C@@H]1c2ccccc2C[C@H]1C,0.8197,4.1573,-8.3,-9.39,,seed123
Nc1oc(-c2ccc(Cl)cc2)nc1-c1ccccc1,0.7575,1.9799,-8.3,-9.39,,seed123
Nn1nc(SC(F)F)cc1N(Cc1ccccc1Cl)C(=O)c1ccc(Cl)nc1,0.3453,3.1231,-8.3,-9.39,,seed123
[NH3+][C@@]1(c2cccc(Cl)c2)CCC[C@@H]1Cc1cccc(F)c1,0.8888,3.5283,-8.3,-9.39,,seed123
c1n[nH]c(Oc2ccccc2N[C@H]2CC(=O)N(CC[NH+]3CCCC3)C2)n1,0.6629,4.3568,-8.3,-9.39,,seed123
O[C@H](NS(=O)(=O)c1c(F)cc(F)c(Cl)c1)c1ccc(F)cc1,0.6572,2.8377,-8.4,-9.29,,seed123
N#Cc1ccc(C[NH+]2CCc3ccccc3C2)cc1[N+](=O)[O-],0.6903,3.9457,-8.2,-9.49,,seed123
C[C@H](C(=O)N1CCCCCC1)[S@@](=O)Cc1c[nH]c2ccccc12,0.9345,3.1979,-7.8,-9.89,,seed123
C/C(=C/Cc1ccccc1Br)C(=O)Nc1c(C)[nH]c(C)c1C,0.7531,2.7069,-8.1,-9.59,,seed123
F[C@]1(C[NH2+]CC2(Cc3cccs3)CCCc3ccccc32)CCC[NH2+]1,0.7405,4.8322,-8.5,-9.19,,seed123
CCc1oc(C)cc1CN1CCN(c2ccc(C)c(C(N)=O)c2)CC1,0.9082,2.4087,-8.1,-9.59,,seed123
O[C@H](C[NH+]1CCCC[C@@H]1Cc1ccccc1)c1ccc(CC#N)cc1,0.8519,4.1476,-7.7,-9.99,,seed123
Oc1ccc2c(c1)OCCN(Cc1cccc(O)c1)C2,0.8808,2.1161,-8.6,-9.09,,seed123
O[C@@H](Nc1ccccc1-c1cccnc1)c1ccccc1F,0.7151,2.5885,-8.2,-9.49,,seed123
FCC/C=C/c1cccc(NC(=O)c2ccc3c(c2)OCO3)c1,0.906,2.2322,-8.0,-9.69,,seed123
Oc1cc(F)cc(C(=O)OCc2ccc(C[NH+]3CCCC3)nc2)c1,0.8145,3.4946,-8.1,-9.59,,seed123
[NH3+]c1cnc(Cc2ccc(CSc3nc4ccccc4o3)cc2)o1,0.5627,2.8367,-8.1,-9.59,,seed123
C[C@@]1([NH3+])CCC[C@H]1C(=O)OCc1cccc(-c2ccccc2)n1,0.8826,3.4318,-8.0,-9.69,,seed123
O[C@H](N1CCO[C@H](c2ncnc3[nH]ccc23)C1)c1cccc(Br)c1,0.7209,3.7498,-7.8,-9.89,,seed123
NN(COc1ccccc1)C1CCN(S(=O)(=O)c2ccccc2)CC1,0.4841,2.2806,-8.0,-9.59,,seed123
NC(=O)[C@H]1CCCN1C(=O)N1CCc2c(F)cccc2C1,0.846,2.8087,-8.2,-9.39,,seed123
O=C(Cn1cncn1)N1CCC[C@@H](c2ccccc2Cl)C1,0.8743,2.6667,-8.3,-9.29,,seed123
[NH3+]Oc1cccc(CN2CCO[C@H](c3ccccc3)C2)c1,0.8715,2.9121,-8.6,-8.99,,seed123
[NH3+][C@@H]1CCCC[C@H]1C(=O)NC[C@@H](O)c1c[nH]c2ccccc12,0.6812,3.7494,-8.2,-9.39,,seed123
F[C@@]1(C[NH2+]Cc2ccccc2)Cc2ccccc2C1,0.8639,3.2084,-8.4,-9.19,,seed123
[NH3+]O[C@]1(C(=O)[O-])CCCCC[C@@H]1COc1cc2ccccc2o1,0.6558,4.2738,-8.2,-9.39,,seed123
NO[C@@](C)(NC(=O)[C@@H](CC(=O)[O-])CC1CCCC1)c1ccccc1,0.5493,3.8396,-8.1,-9.49,,seed123
NO[C@H](c1ccccc1)c1nc2ccccc2n1C(F)F,0.7488,2.8753,-8.4,-9.19,,seed123
F[C@]1(Oc2ccccc2)CCC[C@H]1Nc1ccccn1,0.9191,3.3763,-7.9,-9.69,,seed123
O=C1CN(C(=O)CCC2CC[NH2+]CC2)[C@@](c2ccccc2)CCN1Cc1ccccc1,0.7825,3.3185,-8.6,-8.99,,seed123
Fc1c(O)cc(CN2CCCSC[C@@H]2CSc2ccc(Cl)cc2)cc1,0.6927,3.0269,-8.5,-9.09,,seed123
FCCOc1ccc(CC(=O)NCCc2c(C[NH+](C)C)cc3c(c2)CCC3)cc1,0.6424,3.0628,-7.6,-9.99,,seed123
N#C[C@@H]1C(NC(=O)OC(C)(C)C)CCN1C(=O)Nc1cc(Cl)ccc1Cl,0.7856,3.3167,-7.6,-9.99,,seed123
N[C@]1(c2nc3ccccc3s2)CCCN(c2ccccc2)C1,0.7837,2.7802,-8.0,-9.59,,seed123
N=C/c1cccc(Cl)c1NC(=O)c1cccc(Br)c1,0.8037,2.2832,-8.2,-9.39,,seed123
c1noc([C@H]2CCCN(C(=O)CCc3ccccc3F)C2)n1,0.8707,2.9814,-8.0,-9.59,,seed123
O[C@H]([C@@H](O)[C@H]1CCOc2ccccc21)c1ccccc1,0.9011,3.1348,-8.3,-9.29,,seed123
c1coc([C@H]2CCC[C@@H]2n2c(=O)oc3ccccc32)c1,0.7124,3.2077,-8.5,-9.09,,seed123
[NH3+]c1c([C@H](C)Oc2cccc(Cl)c2)nc2ccccc2c1Cl,0.7635,3.1511,-8.1,-9.49,,seed123
O[C@H](NCc1ccc(F)cc1F)[C@@H]1COc2ccccc2O1,0.8505,3.2003,-8.2,-9.39,,seed123
FC(F)c1ccc(C[C@@H]2CCC[NH2+]C2CC2CCCC2)cc1,0.8436,4.0546,-8.2,-9.29,,seed123
Fc1ccc(-c2ncco2)cc1N1CC[C@H](O)[C@H]([NH2+]C2(CC(=O)[O-])CC2)C1,0.7153,4.5556,-8.2,-9.29,,seed123
c1c(C[NH+]2CCC(Cc3cccnc3)CC2)nnn1-n1cccn1,0.729,4.1582,-8.2,-9.29,,seed123
c1nnnn1-c1ccc(C[NH+]2CCCC[C@@H]2C2CCOCC2)o1,0.8947,4.7727,-8.1,-9.39,,seed123
c1cc(C(F)(F)F)cnc1NCCS(=O)(=O)c1cn2cccc2[nH]1,0.7347,3.1428,-8.0,-9.49,,seed123
O[C@H](c1cccc(F)c1)[C@@H]1CCOC2(CCCC2)C1,0.8841,3.718,-8.2,-9.29,,seed123
[NH3+]S(=O)(=O)c1ccc(CNC(=O)Nc2ccccc2OCC(F)F)cc1,0.6706,2.5529,-8.2,-9.29,,seed123
F[C@]1([C@H]2CCCCO[C@H]2CCc2ccccc2)CN1c1ccccc1,0.5618,3.5582,-7.8,-9.69,,seed123
N[C@@H](COc1ccccc1)C(=O)N1CCN(Cc2ccc(Cl)cc2)CC1,0.8442,2.3576,-8.0,-9.49,,seed123
F[C@@]1(C[NH2+]Cc2ccccc2F)C[C@@H](c2cccs2)CCO1,0.8978,4.2854,-8.2,-9.29,,seed123
N[C@H](Sc1ccccc1)C(=O)N(C)[C@H](Cc1ccccc1)C(Cl)(F)F,0.4462,3.4206,-8.2,-9.29,,seed123
C[C@@H](Cl)c1nc2c(s1)CCC[C@H]2NC(=O)c1c(F)cccc1F,0.8209,3.4352,-8.4,-9.09,,seed123
Cc1occc1C(=O)OCC(=O)N[C@H](c1cc(Cl)ccc1Cl)C1CC1,0.756,2.8498,-7.9,-9.59,,seed123
[NH3+]c1[nH]c2ccccc2c1Cc1ccccc1F,0.6927,2.5761,-8.3,-9.19,,seed123
[NH3+]c1[nH]c(=O)n(-c2ccc(Br)cc2F)c1C(=O)NC[C@H]1CCCO1,0.709,3.479,-8.1,-9.39,,seed123
Fc1cc([N+](=O)[O-])ccc1NC(=O)[C@@H](NC(=O)C(=O)c1cccs1)S(C)(=O)=O,0.2892,3.2128,-8.0,-9.49,,seed123
c1noc([C@@H](Cc2ccccc2)Cc2ccccc2)n1,0.7059,2.2817,-8.0,-9.49,,seed123
C[C@@]1([NH2+]C2CC2)C[C@H](NC(=O)[C@@H](C)CCc2ccc(F)cc2F)CS1,0.7761,4.4617,-7.6,-9.89,,seed123
NC(=O)[C@@H](c1ccccc1)[C@]1([NH3+])CCCCCC[C@H]1COc1ccccc1,0.8215,3.6081,-8.0,-9.49,,seed123
[NH3+]c1ccccc1-n1nnnc1-c1ccc(Cl)cc1[O-],0.7584,3.3794,-8.3,-9.09,,seed123
CC[C@H]([NH2+][C@@H](C)c1c[nH]nc1-c1ccccc1Cl)c1ccccc1,0.6812,3.9209,-8.0,-9.39,,seed123
NOS(=O)(=O)c1cc(Nc2ccccc2)ccc1OC[C@@H]1CCO[C@@H]1C,0.7147,3.4013,-8.0,-9.39,,seed123
O[C@H](Oc1cccc(C[NH+]2CCCC2)c1)c1ccc(F)cc1,0.8293,3.8981,-8.1,-9.29,,seed123
c1nc2c(s1)[C@H]([NH2+][C@@H](c1ncccc1C)CCC(F)(F)F)CCC2,0.8836,4.458,-8.2,-9.19,,seed123
F[C@@]1([C@H]([NH2+]Cc2ccon2)Cc2c(F)cccc2F)CCOC1,0.8795,4.5268,-8.1,-9.29,,seed123
c1n[nH]c2sc(SCCC(=O)N3CCC[C@@H]3c3ccccc3)cc12,0.6855,3.2377,-8.1,-9.29,,seed123
CN1CC[C@H](NC(=O)C(=O)NCCCN2CCOCC2)c2ccccc21,0.5917,2.7934,-8.0,-9.39,,seed123
N[C@H](c1ccc(F)cc1)C1Cc2ccccc2C1,0.8578,2.522,-8.3,-9.09,,seed123
Oc1cccc(C[NH2+][C@@H]2CC[NH+](Cc3ccccc3)C2)c1,0.7268,4.6507,-8.1,-9.29,,seed123
O[C@H](S(=O)(=O)c1ccc2c(c1)CCN2CCCC1CCCC1)c1ccco1,0.7726,3.1269,-7.8,-9.59,,seed123
C[C@H](Sc1cccc(N)c1)C(=O)Nc1ccc(C(=O)N(C)C)c(C(=O)[O-])c1,0.5735,3.0076,-8.3,-9.09,,seed123
[NH3+][C@]1([C@@H](c2ccccc2)NC[C@H]2CC=CCC2)C[C@H](CO)OC1=O,0.5353,4.4304,-8.5,-8.89,,seed123
[NH3+][C@]1(c2ccccc2O)CCC[C@H]1NC(=O)NCc1cccnc1,0.68,3.608,-7.7,-9.69,,seed123
c1n[nH]c(C2CCCN(C(=O)c3cccnc3F)CC2)n1,0.8546,2.9763,-8.3,-9.09,,seed123
CCOC(=O)c1ccc(NC(=O)[C@@H](SC)C(=O)Nc2ccc3c(c2)OCO3)o1,0.5322,3.2006,-7.8,-9.49,,seed123
O[C@H](Cc1ncc(-c2ccccc2)s1)C1(C(=O)[O-])CCCCC1,0.9135,3.4517,-7.7,-9.59,,seed123
Oc1cc2c(cc1NCc1cccc(Br)c1)CCCO2,0.8309,2.2709,-7.9,-9.39,,seed123
c1csc2c1CCC[C@@H]2NC(=O)Nc1cccc(Cl)c1,0.8361,2.7402,-7.7,-9.59,,seed123
c1cc(F)ccc1[C@H]1CCC[C@@H]1C[NH2+]C1CCCC1,0.8578,3.8765,-7.8,-9.49,,seed123
Fc1c(Cl)cc(CNC[C@@H](c2cccnc2)N2CCOCC2)cc1Cl,0.7714,2.886,-7.9,-9.39,,seed123
Oc1cc(CS[C@H]2C(=O)Nc3ccc(Br)cc32)ccc1O,0.7234,3.1705,-8.3,-8.99,,seed123
O[C@H]([C@@H]1CCOC2(CCc3ccsc32)C1)c1ccccc1Cl,0.8619,4.314,-7.8,-9.49,,seed123
c1coc(/C([O-])=C/c2cc(-c3ccccc3)on2)c1,0.6723,2.846,-8.0,-9.29,,seed123
C[C@@]1(c2ccccc2)NC(=O)N(CC2(O)CCCC2)C1=O,0.8327,2.8279,-7.8,-9.49,,seed123
C[C@@]1(/C=[N+]/C(=O)OCc2nc3ccccc3n2C)CCOCC1,0.8159,3.3333,-7.9,-9.39,,seed123
C[C@@]1([NH3+])CC[C@@H]([C@@H](C)N(C)C(=O)[C@@H]2CCCN(S(=O)(=O)c3ccc(Cl)nc3)C2)O1,0.6831,4.3471,-8.0,-9.29,,seed123
F[C@@H]1CCC[C@@H]1[NH+](Cc1n[nH]c(=O)[nH]1)[C@H](c1ccccn1)c1nc2ccccc2s1,0.4415,4.7693,-7.6,-9.69,,seed123
CCn1c(C)cc(C(=O)C(=O)N(Cc2ccc(C)cc2)CC(C)C)c1C,0.5494,2.319,-7.6,-9.69,,seed123
F[C@@]1([NH2+]CCc2ccc(Br)c(Cl)c2)CCC[NH+](CC(F)(F)F)C1,0.5389,5.2236,-8.1,-9.19,,seed123
O[C@H](Sc1nnc(-c2ccccc2)s1)c1ccccc1,0.5844,2.6623,-7.6,-9.69,,seed123
Fc1cc(Cl)ccc1C[NH2+][C@@H]1CCC[C@@H](NC(=O)C(F)(F)F)C1,0.8028,4.055,-8.1,-9.19,,seed123
N=C1c2ccccc2C(=O)C12CCCCC2,0.706,3.0573,-8.1,-9.19,,seed123
c1noc(C[NH2+][C@@H](Cc2ccc3c(c2)OCO3)C2CCCC2)c1,0.8881,3.796,-7.9,-9.29,,seed123
F[C@@H]1CC[C@@H](C[NH2+][C@@H]2CCCc3ccccc32)C1,0.8468,4.3759,-7.9,-9.29,,seed123
c1cnn(-c2cncc(NS(=O)(=O)c3ccc(F)cc3)c2)c1,0.7999,2.2045,-7.9,-9.29,,seed123
Cc1ccc(C(=O)OC[C@@H](C)c2ccccc2)c(C)c1,0.7742,2.232,-7.9,-9.29,,seed123
Nc1ncnc(NS(=O)(=O)Cc2csc3c2C(=O)CC(CC(=O)[O-])O3)c1,0.6555,4.2039,-7.9,-9.29,,seed123
Fc1c([C@H](CO)Cc2nc3ccccc3s2)sc2c1CCC2,0.7719,3.3326,-7.9,-9.29,,seed123
C[NH2+]C[C@@H](Cc1ccccc1)c1nc2ccc(C)cc2s1,0.7701,3.2619,-8.0,-9.19,,seed123
O[C@H]([NH2+][C@H](CO)c1ccccc1)c1cc(-c2ccccn2)on1,0.5907,3.8952,-7.8,-9.39,,seed123
Oc1cccc2oc(N3CC[NH+](C[C@@H]4C[C@H](C(=O)[O-])OC4)CC3)nc12,0.686,5.0333,-8.1,-9.09,,seed123
F[C@@]12OCCCc3ccc(S(=O)(=O)N4CCCC[C@@H]4C3)cc2C1,0.6808,5.9828,-15.1,-17.490000000000002,,seed333
N/[NH+]=C1/NC(=S)NC(SCC(=O)N/N=C/c2cccc3cc(-c4cccc(O)c4)oc23)C1=O,0.1201,4.1336,-10.5,-11.29,,seed333
Cc1ccc2[nH]c(=O)ccc2c1NC(=O)[C@@H](NC(=O)c1c(F)cccc1F)c1cccc(Cl)c1,0.3793,2.8985,-11.4,-10.39,,seed333
Oc1cc2[nH]c(=O)ccc2n1Cc1cccc(S(=O)(=O)N[C@H]2CCOc3ccccc32)c1,0.4318,3.1195,-9.9,-11.79,,seed333
N[C@]1(c2ccc3c(c2)CCC3)CCCN(Cc2noc(-c3ccccc3Br)n2)C1,0.6329,3.1871,-9.9,-11.79,,seed333
F[C@]12CCC[C@H]1C[C@@H](COc1ccccc1)/C2=C\c1ccc2ccccc2c1,0.4875,3.5674,-10.7,-10.99,,seed333
C[C@@]1(SCc2ccc3ccccc3c2)CCCN1C(=O)COc1ccccc1C(F)(F)F,0.4209,3.1908,-10.2,-11.39,,seed333
O=c1o[C@H](C(=O)NCc2ccccc2)nc1-c1cn(-c2ccccc2)nc1-c1ccc(F)cc1,0.4508,3.1164,-10.7,-10.69,,seed333
O[C@H]([C@@H]1CC[NH+](Cc2cccc3ccccc23)C1)[C@H]1CCOc2ccccc21,0.7355,4.3427,-9.5,-11.89,,seed333
FCCS(=O)(=O)c1ccc(S(=O)(=O)Nc2ccc3c(c2)[C@@H](CC(=O)c2ccc(F)cc2)CCCC3)cc1,0.2838,3.0701,-9.9,-11.39,,seed333
c1coc(-c2ccccc2)c1CN1CC[C@H](Nc2ccc(F)cc2)c2ccccc21,0.4079,2.8085,-9.1,-12.19,,seed333
Oc1cc(-c2nc3ccccc3n2-c2ccc(F)c(Cl)c2)cc(OCc2ccccc2)c1,0.3251,2.2279,-9.7,-11.39,,seed333
O=C([C@H]1CCC[C@H]1c1nc(C2CCCCC2)no1)N1CCc2ccc(F)c(F)c2C1,0.7181,3.5183,-9.7,-11.29,,seed333
N#Cc1ccc(-c2ccccc2CN2CCO[C@@H](c3ccccc3F)C2)[nH+]n1,0.7028,3.6441,-10.0,-10.89,,seed333
O=C1Oc2ccccc2[C@@H]1Cc1ccc(F)c(NC(=O)CCN2CCCC2=O)c1,0.6016,2.9658,-9.4,-11.49,,seed333
O=C1O[C@@H](C(=O)c2ccc(F)cc2)CN1C(=O)[C@@H]1COc2ccccc2C1,0.7779,3.2504,-9.1,-11.79,,seed333
OC(NC(=O)c1ccccc1)[C@@H]1CCC[C@@H]([C@H]2CCOc3ccccc32)C1,0.8019,3.4555,-9.9,-10.99,,seed333
N#C[C@](C(=O)NCCc1ccc2c(c1)OCCCO2)c1cccc(Oc2ccccc2)c1,0.6028,2.5601,-9.5,-11.39,,seed333
Cc1ccc(OCC(=O)N2CCC(Oc3ccc(-c4nc5ccccc5[nH]4)cc3)C2)cn1,0.5023,2.7997,-9.4,-11.39,,seed333
OC(Cl)c1ccc(F)c(/C=N/NC(=O)c2ccc3ccccc3c2)c1,0.4219,2.7855,-9.4,-11.29,,seed333
c1noc(-c2nc3ccccc3n2[C@]2(NCc3ccc4ccccc4c3)CCCCN2)n1,0.4349,3.5906,-10.3,-10.39,,seed333
Oc1c(S(=O)(=O)NCc2ccc(Cl)cc2)c2ccccc2c(=S)n1-c1ccccc1,0.4049,2.4351,-9.6,-11.09,,seed333
Oc1cc(NC(=O)c2c(O)cccc2Cl)ccc1OCc1ccc2c(c1)OCCO2,0.5596,2.3034,-9.7,-10.99,,seed333
Nc1cccc(C[C@@H]2CCCN(C(=O)c3cc(-c4cccc(F)c4)[nH]n3)C2)c1,0.6765,2.8292,-9.5,-11.09,,seed333
Oc1c(F)ccc(C(=O)NCc2ccc(-c3ccccc3)cc2)c1C,0.7406,1.8631,-9.6,-10.99,,seed333
O=c1[nH]c(-c2cccs2)nc2sc(OCC(=O)N3CCCc4ccccc43)cc12,0.5369,2.7589,-9.2,-11.39,,seed333
Cc1occc1C(=O)N1CC[C@H](NC(=O)[C@@H]2CCCN(S(=O)(=O)c3cccc(F)c3)C2)C1,0.7326,3.1408,-9.2,-11.39,,seed333
Oc1ccc(N2CCN(c3nc4ccccc4n3C(=O)OCc3ccc(F)cc3)CC2)cc1,0.5014,2.3592,-9.7,-10.69,,seed333
OC(OC[C@@H]1CCOc2ccccc21)C1=Cc2cc(F)ccc2C[C@H]1CCO,0.7465,4.0566,-8.9,-11.49,,seed333
N#C/C(=C/c1cccc(F)c1F)C(=O)Nc1ccc(S(=O)(=O)Nc2ccc(Br)cc2)cc1,0.3516,2.3239,-9.4,-10.99,,seed333
O=C1C(=O)N(CCSc2ccc(Br)cc2)C(=O)C[C@@H]1/C=C/c1cc2ccccc2[nH]1,0.3142,3.4144,-9.0,-11.29,,seed333
Nn1c(-c2ccccc2)nc2ccc(NC(=O)c3cc(Cl)ccc3Cl)cc21,0.4793,2.1251,-9.0,-11.29,,seed333
c1cn(-c2ccc(NC(=O)c3c(F)ccc(Cl)c3Cl)cn2)c(F)c1,0.681,2.6026,-9.2,-11.09,,seed333
[NH3+][C@@H]1C[C@H](c2ccc(C(F)(F)F)c(OCc3cnn(Cc4ccccc4)c3)c2)CO1,0.6654,3.6546,-9.7,-10.59,,seed333
N#Cc1cccc2c1N[C@H](c1nnc(-c3ccccc3[N+](=O)[O-])o1)C2=O,0.5641,3.3771,-9.0,-11.19,,seed333
C[C@@]1(c2ccc(F)cc2)NC(=O)N(Cc2ccc3c(c2)OCCCO3)C1=O,0.8439,2.6905,-9.1,-10.99,,seed333
OC(=O)c1ccc2nc[nH]c2c1C(=O)c1cccc(OCc2ccccc2)c1,0.4978,2.2683,-9.2,-10.89,,seed333
NC(=O)[C@H]1COCCN1CC(=O)N1CCN(c2cccc3ccccc23)CC1,0.8411,2.7307,-9.3,-10.79,,seed333
Nn1cc(S(=O)(=O)CC(=O)Nc2c(Cl)cccc2F)c2nc3ccccc3nc21,0.477,2.8158,-9.2,-10.89,,seed333
Oc1cc([C@@H]2CCO[C@H]2c2c(F)cccc2F)ccc1OC1CCCCC1,0.754,3.3322,-9.3,-10.79,,seed333
C[C@H](NC(=O)c1cnn(-c2c(Cl)cccc2Cl)c1)[C@@H]1CCSc2ccccc21,0.5859,3.4604,-8.7,-11.39,,seed333
c1n[nH]c([O-])c1-c1cccc([C@H](O)c2cc3ccccc3o2)c1,0.6091,3.2375,-9.3,-10.79,,seed333
Nc1cc(Sc2nc(-c3ccc4c(c3)CCO4)cs2)c(C(F)(F)F)cc1C(=O)[O-],0.6239,3.1053,-9.3,-10.69,,seed333
Fc1cccc(/C=N/n2ccc3c(NC4CCCCC4)nnc3c2)c1,0.7278,2.8544,-9.2,-10.79,,seed333
FCCn1cnnc1-c1ccc(S(=O)(=O)N2CCC(Nc3cccc[nH+]3)CC2)c(Cl)c1,0.5785,3.4892,-9.2,-10.79,,seed333
O[C@H](c1cccc(Cl)c1)C1CCN(C(=O)c2cc(Cn3cccn3)ncc2)CC1,0.6976,2.928,-9.2,-10.79,,seed333
F[C@@]1(Oc2ccccc2)c2ccccc2C[C@H]1CCCN1C(=O)/C(=C/c2ccccc2)SC1=S,0.2715,3.4979,-9.5,-10.49,,seed333
NS(=O)(=O)c1cccc(NC(=O)c2nn(-c3ccccc3C(F)(F)F)cc2)c1,0.6896,2.2644,-9.1,-10.89,,seed333
Fc1ccc(-c2ccc(NCCS(=O)(=O)c3ccc(F)c(F)c3)nn2)cc1,0.6498,2.2712,-8.9,-11.09,,seed333
N=C1c2ccccc2N(Cc2ccccc2)C(=O)[C@@H]1C1CCN(C(=O)c2ccc(Cl)cc2)CC1,0.5515,2.8651,-10.1,-9.79,,seed333
Cn1ncc(OCC[NH+]2CC3(CCc4ccccc4OC3)CC2)c1-c1ccccc1,0.711,4.6191,-8.8,-11.09,,seed333
O=C(Nc1ccc(Br)cc1)c1cccc(NC(=O)c2cccc(F)c2)c1,0.626,1.648,-9.1,-10.79,,seed333
O[C@H](NCc1cccc(Cn2nc(-c3cccnc3)oc2=O)c1)c1ccccc1,0.473,2.8925,-9.0,-10.89,,seed333
Fc1ccc2c(c1)CC[C@H]2[NH2+]Cc1nc2ccccc2n1C1CCCC1,0.757,3.5012,-9.6,-10.29,,seed333
N=C1NCCN1C(=O)c1ccc(CS(=O)(=O)Cc2nc3ccccc3[nH]2)cc1,0.6049,2.8044,-8.9,-10.89,,seed333
CNS(=O)(=O)c1cc(C(=O)NC[C@H](c2ccco2)c2nnc(-c3cccc(C)c3)n2C)co1,0.405,3.4394,-9.0,-10.79,,seed333
Cn1cc(C(=O)COC(=O)c2ccc(-n3cccn3)cc2)c(=O)c2ccccc21,0.3884,2.2537,-9.0,-10.79,,seed333
c1ccc(-c2ccccc2)c(C[NH+]2C[C@H]3CC[C@H]2C[NH+](Cc2ccco2)C3)c1,0.7024,5.5594,-9.3,-10.39,,seed333
Nc1cc(C(=O)NNC(=O)c2cccc(-c3ncccc3C3CC3)c2)oc1C,0.6058,2.6122,-9.4,-10.29,,seed333
O=c1cc(OCCCC(=O)c2ccc(Br)cc2)cccc1NC(=O)c1ccccc1Cl,0.3154,2.1384,-8.8,-10.89,,seed333
c1c(-c2ccccc2F)c(OCc2cccnc2)c2ccccc2n1,0.5271,2.0758,-9.1,-10.59,,seed333
Oc1c(F)cc(CNC(=O)[C@H]2CCOC3(CCCCC3)C2)cc1C,0.8874,3.5184,-9.2,-10.49,,seed333
CC[NH+]1CCN(Cc2csc(NC(=O)c3ccc4ccccc4c3)n2)CC1,0.7129,3.0758,-8.7,-10.89,,seed333
Fc1c(/C=C/c2ccncc2)oc2c1N(c1ccccc1)CCC2,0.6746,2.7624,-8.9,-10.69,,seed333
NOc1cc(Cl)ccc1NCc1nnc(-c2cc3ccccc3o2)o1,0.5211,2.5776,-9.0,-10.59,,seed333
N/c1nnc(NC(=O)c2ccc3ccccc3c2)o1,0.7295,2.1236,-9.5,-10.09,,seed333
c1noc([C@H]2CCCN(c3nc4ccccc4s3)C2)c1C,0.7176,3.0697,-9.5,-10.09,,seed333
N[C@]1(S(=O)(=O)c2cccc(N3CCCC3=O)c2)CN1c1ccc(C(N)=O)cc1,0.7156,3.4146,-9.4,-10.19,,seed333
O=c1[nH]c2cc(N3CCCCC3)ccc2n1CCCC(=O)N1CCCCC1=O,0.8596,2.4494,-8.7,-10.89,,seed333
c1nnc(SCn2ncc3ccccc3c2=O)c2ccccc21,0.5429,2.5028,-9.2,-10.39,,seed333
C[C@@]1([NH2+]Cc2ccc3c(c2)OCO3)[C@@H](C)CN(S(=O)(=O)c2ccccc2)C1,0.8428,3.8202,-9.1,-10.49,,seed333
C[C@@]1(CNC(=O)Nc2cc(-n3ccnc3)nnc2Cl)CC[NH+](Cc2ccccc2)C1,0.5616,4.3614,-9.0,-10.49,,seed333
Oc1c(Br)cccc1-c1cccc(SCC(=O)Nc2cccc(F)c2)c1,0.5095,2.0977,-8.9,-10.59,,seed333
Oc1c([C@@H]2C3=C([O-])[C@@H](c4ccccc4)N3C2)sc2c1CCCC2,0.9234,4.0323,-8.9,-10.59,,seed333
O=C(Oc1ccc(Cl)cc1)c1ccc(NC(=O)c2ccccc2F)cc1,0.5226,1.6479,-8.7,-10.79,,seed333
O[C@H](Nc1ccc(-c2ccccc2)nn1)c1c(F)cccc1F,0.7236,2.7793,-8.9,-10.59,,seed333
Fc1ccc2ccccc2c1[C@H]1CCCN1C(=O)[C@H](C)c1ccc(Br)o1,0.5407,3.2828,-8.8,-10.59,,seed333
c1ccc(Cc2cc3n(n2)CCCN(Cc2ccccc2F)C3)cc1,0.718,2.2404,-9.0,-10.39,,seed333
NN(Cc1nc(-c2ccc(F)cc2F)no1)C1(c2ccc(F)c(F)c2)CC1,0.417,2.874,-8.5,-10.89,,seed333
Oc1cc(-c2noc([C@@H]3CCCN3C(=O)c3cnco3)n2)cc2c1OCOC2,0.7238,3.4665,-9.2,-10.19,,seed333
[NH3+][C@@H]1CN(C(=O)c2ccccc2[N-]S(=O)(=O)c2nc(S(=O)(=O)NCc3ccccc3)cs2)CC1,0.4573,4.0937,-8.6,-10.79,,seed333
C[C@H](Sc1nnc(C(F)(F)F)c(C#N)c1)C(=O)N1CCC[C@@H](c2nc3ccccc3o2)C1,0.5317,3.6572,-9.4,-9.99,,seed333
Nc1c(-c2ccc(F)cc2)n[nH]c1NC(=O)[C@@H](C)Sc1nnc(N2CCCCC2)n1C1CC1,0.4492,3.2424,-9.1,-10.29,,seed333
c1c(=O)oc2ccccc2c1C[C@H](COc1nccn1C)c1ccccc1,0.489,2.9969,-9.2,-10.19,,seed333
O[C@H](CNC(=O)c1ccccc1F)c1cccc2ccccc12,0.7754,2.2262,-8.9,-10.39,,seed333
c1cnc(CSc2[nH]nc(-n3ccc4ccccc4c3=O)c2)nc1,0.5804,2.8937,-8.4,-10.89,,seed333
Oc1cc2ncc(CN3CCc4ccccc4C3)cc2cc1C,0.7819,2.2506,-9.0,-10.29,,seed333
[NH3+][C@H]1CN(c2ccc(OCc3cccnc3)cc2)CCN1C(=O)c1ccc(F)cc1F,0.6818,3.077,-8.7,-10.59,,seed333
N[C@]12CCC[C@@H]1CN(c1ccc(-c3ccccc3)nc1)C2=O,0.9256,3.2856,-8.8,-10.39,,seed333
NN(CCc1cccc(C(F)(F)F)c1)S(=O)(=O)c1ccc2c(c1)OCCO2,0.6142,2.5727,-8.9,-10.29,,seed333
O=c1o[C@H](-c2ccc(Cl)cc2)nc1C(=O)N[C@@H]1C[C@H]1c1ccccc1OC(F)F,0.7242,3.8083,-8.3,-10.89,,seed333
O=C(Cn1c(=O)[nH]c2ccccc21)Nc1cc(C(F)(F)F)ccc1Cl,0.7399,2.1087,-8.6,-10.59,,seed333
c1cncnc1-c1ccc(F)c(NCc2ccc3c(c2)OCCO3)c1,0.7872,2.2414,-9.0,-10.19,,seed333
c1cc(S(=O)(=O)N[C@@H]2CCN(c3ccccc3Br)C2=O)cc(Cl)c1O,0.7575,2.7908,-8.7,-10.49,,seed333
c1noc(/C=C2\C(=O)N(Cc3cccc(F)c3F)CC2=O)c1C,0.6431,3.0343,-8.7,-10.49,,seed333
N=C(/C=C1/CCCc2cc3ccccc3n21)[C@H]1CN(C(=O)Cc2ccccc2)CCO1,0.6483,3.448,-9.7,-9.49,,seed333
C/[NH2+][C@H](C(=O)Nc1cc(C(=O)N2CCOCC2)ccc1C)C(=O)O[C@H]1C[C@H](C)OC1(C)C,0.4835,4.1442,-8.7,-10.49,,seed333
N=C1Nc2ccccc2C[C@@H]1CCS(=O)(=O)c1cccc(Cl)c1Cl,0.8213,3.2777,-8.6,-10.49,,seed333
OC[C@@]1([NH2+][C@@H]2CCOc3ccccc32)Cc2ccccc2N1CCc1cccs1,0.6601,4.0273,-9.1,-9.99,,seed333
c1cn2ccc(-c3cccc(Cl)c3)cc2c1C1CCCC1,0.5528,2.3805,-8.8,-10.29,,seed333
c1cc2cc(C[NH+]3CCC(Cc4cnccn4)CC3)c(=O)[nH]c2cc1,0.7566,3.5177,-8.6,-10.49,,seed333
F[C@@H]1ON(Cc2ccc(Cl)s2)[C@H](Cc2ccccc2)CN1c1ccccc1,0.5224,3.4691,-8.6,-10.49,,seed333
Oc1cc([C@H](NC(=O)[C@H]2CC(=O)N(Cc3ccccc3)C2)c2ccccc2)cs1,0.6557,3.1294,-9.0,-10.09,,seed333
O[C@H](NS(=O)(=O)c1ccc2c(c1)CCCCCC2)c1ccc(F)cc1,0.8178,2.7064,-8.8,-10.29,,seed333
C[C@@]1(O)C(=O)N(Cc2ccc(NC(=O)[C@@H]3CC(=O)NC3=O)cc2)C(=O)NC1=O,0.3647,3.4139,-9.0,-10.09,,seed333
NOc1cc(C(=O)OCc2nc(-c3cccnc3)no2)ccc1OCC1CCCC1,0.4399,2.5367,-8.9,-10.09,,seed333
Oc1c(/C=C/Cc2ccc3ccccc3c2)[nH]c(C)c1C,0.712,2.5683,-8.8,-10.19,,seed333
Fc1c(S(=O)(=O)OCc2nccn2Cc2ccccc2)csc1C(=O)OCc1cccc(O)c1,0.2712,2.8492,-9.0,-9.99,,seed333
OC(c1n[nH]cc1-c1cccc(CO)c1)CC(=O)Cc1ccc(F)cc1,0.6088,3.1616,-8.8,-10.19,,seed333
Nc1c(F)ccc(Cl)c1NC(=O)Cn1cnc(-c2ccccc2)n1,0.7117,2.3693,-9.2,-9.79,,seed333
c1cn2ccnc2n1CCS(=O)(=O)c1cn(-c2ccccc2)nc1Cc1ccccc1,0.396,2.8819,-9.2,-9.79,,seed333
c1coc(-c2cc(CNc3cc(N4CCCC4=O)ccc3Cl)co2)c1,0.7036,2.598,-8.7,-10.19,,seed333
Nn1c(SCCC(=O)Nc2ccc3c(c2)OCCO3)nnc1-c1ccc(Cl)cc1,0.4558,2.2931,-8.7,-10.19,,seed333
c1n[nH]c2c1CCCC[C@H]2[NH2+][C@@H]1CCCSc2ccccc21,0.8349,4.3004,-8.8,-10.09,,seed333
O=C1CC(NC(=O)c2cccc3[nH]ccc23)c2ccccc21,0.7609,2.6953,-8.7,-10.19,,seed333
CC(=O)Nc1cccc(S(=O)(=O)Nc2cccc3cncnc23)c1,0.758,2.1355,-8.5,-10.39,,seed333
Fc1cc(-c2nnc(SCc3cnn([C@@H]4CCCC4)c3)o2)ccc1Cl,0.5756,2.5893,-8.5,-10.39,,seed333
Oc1c(O)cc(/C=C/C[NH+]2CCCN(c3cccc[nH+]3)CC2)cc1Cl,0.7208,4.96,-8.6,-10.29,,seed333
OC(c1ccc(F)cc1)c1cc(F)ccc1NC(=O)c1ccncc1[N+](=O)[O-],0.5157,2.7306,-8.9,-9.99,,seed333
c1noc([C@H]2Cc3ccc4ccccc4c3N2)c1,0.7019,3.1979,-8.9,-9.99,,seed333
N=C1NCCN(C(=O)CNC(=O)c2ccc3c(c2)OCCCO3)[C@@H]1C,0.7338,3.1854,-8.9,-9.99,,seed333
Nn1c(=O)[nH]c2cc(OCc3nc(-c4ccccc4)n[nH]3)ccc12,0.4914,2.5428,-8.8,-10.09,,seed333
[NH3+][C@H]1C[C@@H](c2cccc(OC(F)F)c2)c2nn(-c3ccccc3)cc2N1,0.7544,3.8686,-9.0,-9.89,,seed333
O=C(NCc1ccccc1-c1ccco1)c1coc(-c2ccccc2)n1,0.5773,2.1436,-8.3,-10.59,,seed333
F[C@H]1c2ccccc2O[C@H]1C(=O)NCC1(c2ccccc2F)CC1,0.933,3.3515,-8.7,-10.19,,seed333
F[C@H]1cc2c(=O)n(-c3ccncc3)c(S(=O)(=O)Cc3ccccc3F)c(-c3cccc(Cl)c3)[nH+]c21,0.5698,4.029,-10.3,-8.59,,seed333
F[C@@]1(c2cc(F)ccc2Br)CN(CC(=O)N2CCC[NH+]3CCC[C@@H]32)CC1,0.7927,4.8587,-8.4,-10.39,,seed333
Nc1oc(-c2ccc3c(c2)OCCO3)cc1NC(=O)[C@@H]1CCO[C@@H]1C,0.8886,3.5858,-8.3,-10.49,,seed333
[NH3+]c1[nH]c2ccccc2c1C(=O)Oc1ccc(F)c(F)c1,0.562,2.6444,-8.5,-10.29,,seed333
O=C(c1nnco1)N1CCC(c2nnc(-c3ccccc3Cl)o2)CC1,0.7085,2.676,-8.4,-10.39,,seed333
F[C@@H]1[C@@H]2c3ccccc3C[C@@H]2[C@H]1c1ccccc1,0.702,3.4151,-8.9,-9.89,,seed333
Fc1ccc(Nc2nnc(-c3ccc4c(c3)OCO4)o2)cc1,0.7995,2.1406,-8.7,-10.09,,seed333
O=[N+]([O-])c1ccc(NS(=O)(=O)c2ccc3[nH]c(=O)ccc3c2)cc1Cl,0.5327,2.2378,-8.6,-10.19,,seed333
CC[C@H](NC(=O)NCc1cccnc1OCc1ccccc1)c1ccc(F)cc1,0.5805,2.5151,-8.6,-10.19,,seed333
Oc1c(F)cc2c(c1)C[C@H](COCc1cn(COc3ccccc3)cn1)CO2,0.6751,3.3157,-8.7,-10.09,,seed333
Fc1c(F)c(F)c(N2CCO[C@H](CCSCc3c(F)cccc3F)C2)cc1C,0.3634,3.2321,-8.6,-10.19,,seed333
F[C@@]1([C@@H](O)c2cc3c(cc2Br)OCCO3)Cc2ccccc2C1,0.8639,3.3482,-9.2,-9.59,,seed333
OC(Oc1ccc(OCCc2ccccc2)o1)C(=O)Nc1ccccc1Cl,0.573,3.0315,-8.6,-10.19,,seed333
O=[N+]([O-])c1ccccc1/C=C/C(=O)N1C[C@H]2CCCC[C@H]2C1,0.4888,3.0132,-8.7,-10.09,,seed333
NS(=O)(=O)c1ccccc1C[NH+]1CCC[C@H](c2nnc3ccccn23)C1,0.6904,4.1685,-9.1,-9.69,,seed333
Fc1ccccc1[C@@H]1CCCN(C(=O)CSc2nc(-c3cccs3)no2)C1,0.5898,2.9353,-8.4,-10.29,,seed333
NS(=O)(=O)c1ccc(C[NH+]2CCc3cc(/C=C/C(=O)N(C)CCN4CCOCC4)ccc23)cc1,0.5282,3.8953,-8.8,-9.89,,seed333
Nn1cc(-c2nc(N3CCOCC3)nc3cc(Cl)ccc23)cn1,0.7201,2.7371,-9.4,-9.29,,seed333
C[C@@]1(c2ccccc2)NC(=O)N(C(=O)c2ccc(S(N)(=O)=O)cc2)C1=O,0.6115,2.7585,-8.8,-9.89,,seed333
Nn1c(NCCNc2ccccc2Cl)nnc1-c1nc2ccccc2s1,0.3475,2.5749,-8.1,-10.59,,seed333
c1c(NCc2ccco2)cc(-c2ccccn2)c(-c2ccccc2)n1,0.5593,2.1612,-9.1,-9.59,,seed333
O[C@@H](N(c1ccccc1)c1ccccc1)c1nnc2n1CCCC2,0.7482,2.9454,-8.6,-10.09,,seed333
O=C(Nc1cnc(-c2ccccc2)o1)N1CCC[C@H]1C(N)=O,0.9023,2.8184,-9.0,-9.69,,seed333
CC[C@]1(C)CCCC[NH+]1Cc1cccnc1N1CCC(C(=O)Nc2ccccc2)CC1,0.7482,3.843,-8.2,-10.49,,seed333
Oc1cc2ccccc2n1[C@@H]1CCc2cc(Cl)ccc21,0.697,2.7921,-9.1,-9.59,,seed333
Oc1c(/N=C/c2nc3ccccc3n2-c2cccnc2)sc2c1CCCC2,0.5232,2.904,-8.6,-10.09,,seed333
N[C@@H](Cc1ccc(F)c(Br)c1)[C@@H](O)c1ccc2ccccc2c1,0.7136,2.8481,-8.6,-10.09,,seed333
O[C@@H]([NH2+][C@H]1CCc2c1cnn2Cc1ccccc1Cl)c1cc(F)ccc1F,0.6576,3.8802,-8.5,-10.19,,seed333
Oc1cc(N/C(Cl)=N/c2cccc3cccnc23)cc(=O)o1,0.4304,3.1223,-9.0,-9.69,,seed333
CS(=O)(=O)c1cccc(NC(=O)c2cnc3cc(Br)ccc3n2)c1,0.7224,2.1082,-8.4,-10.19,,seed333
c1c(-c2ccccc2)cc(C(=O)OCc2cc(Cl)c(Br)cc2Cl)s1,0.3268,2.3291,-8.3,-10.29,,seed333
FCCCc1cc(S(=O)(=O)N[C@@H](Cc2ccccc2)C2CCOCC2)ccc1F,0.6622,2.9699,-8.5,-10.09,,seed333
c1cc(C2CC2)cc(N2CCO[C@H](c3cccc(F)c3)C2)n1,0.8641,2.7798,-8.9,-9.69,,seed333
CN1CCC[C@H]([NH+]2CCC[C@@H](C(=O)N[C@@H](C(N)=O)Cc3ccccc3)C2)C1,0.6342,4.297,-8.4,-10.19,,seed333
Fc1c(Br)cc(-c2ccccc2)c(SCc2nccn2Cc2cccs2)c1,0.2935,2.5582,-8.6,-9.99,,seed333
Cc1ccc(CN(C)n2cc(C(=O)NN3CCC(N4CCCC4)CC3)cc2)c(=O)[nH]1,0.7513,3.2097,-8.6,-9.99,,seed333
C[NH+](C)CCN1C(=O)c2ccc(NC(=O)NCc3ccccc3F)cc2C1=O,0.6461,2.8256,-8.3,-10.29,,seed333
[NH3+][C@H]1Cc2cc(Br)c(C(F)(F)F)cc2[C@@H]([NH2+]Cc2ccc(F)cc2)C1,0.7193,4.5309,-8.8,-9.79,,seed333
F[C@]1(NC2CCCCCC2)CCC[NH2+][C@@H]1Cc1ccc(F)cc1,0.6469,4.1081,-8.5,-10.09,,seed333
O=c1[nH]c2ccccc2n1CCN1Cc2ccccc2[C@H]1C,0.8064,2.7566,-8.9,-9.69,,seed333
c1coc([C@H]([NH2+]Cc2ccccc2OCc2ccc(F)cc2)C2CCC2)c1,0.6326,3.3018,-8.5,-10.09,,seed333
[NH3+][C@@H]1C=C[C@@H](C(=O)Nc2cccc3c(C[NH+](C)Cc4ccccc4)[nH]nc23)C1,0.481,4.7677,-8.0,-10.59,,seed333
[NH3+]Oc1ccccc1-c1csc(-c2ccc(F)c(F)c2)n1,0.7549,2.5718,-8.8,-9.69,,seed333
O[C@H](CNC(=O)c1ccccc1)c1ccc(C[S@@](=O)Cc2cc(Cl)co2)cc1,0.5831,3.2721,-8.6,-9.89,,seed333
F[C@H]1CCCCN1C(=O)c1ccccc1COc1ccccc1,0.7923,2.5522,-8.7,-9.79,,seed333
[NH3+][C@]1(O)CCC[C@H](Nc2ccc(Cl)c(Cl)c2)c2ccccc21,0.5773,3.4412,-9.2,-9.29,,seed333
[NH3+]c1[nH]ncc1C(=O)c1ccc(Oc2ccc3c(c2)OCO3)c(F)c1,0.7078,2.8234,-8.9,-9.59,,seed333
C=CC1(CC)Oc2ccccc2[C@H]1NC(=O)COc1ccccc1C(=O)N(C)C,0.7316,3.4696,-8.7,-9.79,,seed333
O=c1ccc2ccccc2nc1CNC(=O)c1ccccn1,0.7999,2.0966,-8.5,-9.99,,seed333
C/[NH2+][C@](C(=O)N[C@@H]1CCC[C@H](C)C1)C(=O)NCc1cc(F)c(F)c(Cl)c1,0.5127,3.9222,-8.2,-10.29,,seed333
F[C@]12OCC(CNC(=O)Cc3c(C)nn(-c4ccccc4)n3)[C@H]2C1,0.9034,3.9928,-8.6,-9.89,,seed333
Cc1occc1[C@@H]1CC=CC[C@H]1Cn1nc2c(N)nc3c(c(=O)c(=O)n(C)c3n2)c2ccccc2c1=O,0.2971,5.5975,-8.1,-10.29,,seed333
N=C1/C(=C/c2ccccc2)CCCN1c1ccccn1,0.8961,2.4188,-8.5,-9.89,,seed333
N/C(=N\OC(=O)[C@@H]1CN2CCCC[C@@H]2CO1)c1cc(F)ccc1Cl,0.3876,3.5694,-8.1,-10.29,,seed333
[NH3+]O[C@H]1CCCN(S(=O)(=O)c2ccn(Cc3cc(F)ccc3F)n2)C1,0.7744,3.512,-8.4,-9.99,,seed333
c1coc([C@H]2CCC[NH+]2Cc2ccc(-c3ccccc3)cc2)c1,0.7744,3.7926,-8.1,-10.29,,seed333
c1cn(CC[NH+]2CCC[C@@H]2c2ccccc2)c2ccccc12,0.7566,3.9342,-8.4,-9.99,,seed333
c1n[nH]c2c1[C@H](c1ccc(Cl)cc1)[C@H]1C=C[C@H]1C2,0.7769,3.8314,-8.8,-9.59,,seed333
Fc1cc2c(cc1CCc1cccs1)C[C@H](c1ccco1)OC2,0.6662,3.2191,-8.6,-9.79,,seed333
Oc1cc(NCc2cccc(N3CC[NH+](CC4CC4)CC3)c2)ccc1,0.7556,3.2368,-8.7,-9.69,,seed333
NS(=O)(=O)c1ccc(C(=O)N2CCN(c3ccc(Cl)cc3)CC2)cc1,0.883,1.7969,-8.5,-9.89,,seed333
OC(F)(F)[C@@H]1Oc2ccc(F)cc2[C@@H]1C(=O)N1CCc2cc(F)cc(Cl)c2C1,0.762,3.6934,-8.9,-9.49,,seed333
OC(Sc1nc(-c2cccc(F)c2)no1)c1ccccc1Cl,0.5679,3.0074,-8.2,-10.19,,seed333
Nc1[nH+]c2cccnc2n1[C@@H]1CCC[C@H](C(F)(F)F)C1,0.8755,4.3383,-9.2,-9.19,,seed333
O=[N+]([O-])c1ccc(C[C@@H](O)C2CCN(C(=O)/C=C/c3ccccc3F)CC2)nc1,0.4576,3.0241,-8.4,-9.99,,seed333
c1coc([C@H]2CCC[NH+](C[C@@H]3CCOc4ccccc43)C2)c1,0.9427,4.4319,-8.8,-9.59,,seed333
C[C@H](Cc1cccnc1)[S@@](=O)Cc1nnc(-c2ccc(Cl)cc2)o1,0.6697,3.2792,-8.4,-9.99,,seed333
C#C[C@@]1(C)CCCN(C(=O)c2cccc(NC(=O)c3cccs3)c2)C1,0.8525,3.0127,-8.3,-10.09,,seed333
C[C@@]1(CO)CCC[C@@H]1CNC(=O)N[C@H]1CCCc2ccc(N(C)C)cc21,0.7562,3.7294,-8.8,-9.59,,seed333
NOc1csc(COc2ccc(NC(=O)[C@@H]3C[C@H]3c3ccccc3)cc2)c1,0.5988,3.1118,-8.5,-9.79,,seed333
C[C@@]1(c2cc(NC(=O)[C@@H]3CC=CC3=O)cnc2)C(C)(C)CS(=O)(=O)C1=O,0.7987,4.3064,-8.5,-9.79,,seed333
[NH3+]C[C@H](Nc1ccc2c(c1)CCCCC2)c1ccccc1F,0.8336,3.0218,-8.5,-9.79,,seed333
O=C1[C@H](C(=O)NCc2ccccc2)CCC[C@@H]1S(=O)(=O)c1ccccc1,0.8192,2.995,-7.9,-10.39,,seed333
Oc1c(Cl)ccc([C@H]2CCC[NH+]2C2CCCCCC2)c1,0.802,4.383,-8.4,-9.89,,seed333
NOS(=O)(=O)c1ccc2c(c1)N(CCCCc1ccccc1)CC[NH2+]2,0.4403,3.2887,-8.5,-9.79,,seed333
N/[NH+]=C(/Nc1cccc(Br)c1)N1CCC[C@H]1c1ccccc1,0.3324,3.159,-8.5,-9.79,,seed333
N/O[C@H](C(=O)N[C@@H](CO)Cc1ccccc1)c1nc(-c2ccccc2)no1,0.5133,3.1371,-7.9,-10.39,,seed333
OC(NCC1(C[NH2+]Cc2c(F)cc(F)cc2F)CCCC1)c1ccccc1,0.6178,3.7987,-8.5,-9.79,,seed333
N[C@H](c1ccccc1C)c1nc(-c2ccc(F)cc2)no1,0.8011,2.5622,-8.5,-9.79,,seed333
[NH3+][C@]1(c2ccccc2)CCN(c2nc3ccccc3s2)C1,0.7899,3.2069,-8.4,-9.89,,seed333
F[C@@H]1Oc2ccccc2CN1NCc1cccc(F)c1F,0.8803,3.2757,-8.5,-9.79,,seed333
O=C(c1ccc(O)cc1)N1CCN(c2ccc(Cl)cc2)C(=O)C1,0.9201,1.9099,-8.4,-9.89,,seed333
N/[NH+]=C1/N=N[C@H](Sc2ccc(-c3ccccc3)o2)NS1=O,0.5597,4.7808,-8.6,-9.69,,seed333
c1nnoc1-c1ccccc1S(=O)(=O)C[C@@H](O)c1ccccc1,0.771,3.1088,-8.6,-9.69,,seed333
O[C@@H](c1ccc(F)cc1)[C@@H]1CCCN(C(=O)c2ccc(Cl)s2)C1,0.901,2.9535,-8.6,-9.69,,seed333
F[C@@H]1ON(Cc2ccc(Cl)c(CF)c2)[C@@H](Cc2ccccc2Cl)C1,0.6866,3.611,-8.6,-9.69,,seed333
FC(F)(F)C[C@@H]1CCCC[C@H]1NC(=O)Nc1ccnn1-c1ccc(Cl)cc1,0.7444,3.3407,-8.8,-9.39,,seed333
c1cc(OCc2ccc([N+](=O)[O-])cc2)c([N+](=O)[O-])cc1NC(=O)c1ccco1,0.4817,2.1005,-8.3,-9.89,,seed333
Oc1c([C@@H]2CCC[NH+]2CCCNc2ccccc2)oc2ccccc12,0.6047,4.0661,-8.8,-9.39,,seed333
NOC(=O)c1ccc(NC(=O)c2sc3ccc(Cl)cc3c2F)cc1,0.6887,2.3885,-8.4,-9.79,,seed333
N[C@H](NCc1ccn(C[C@@H]2COc3ccccc32)c1)C(=O)N1CCCC1,0.7741,3.628,-8.4,-9.79,,seed333
N[C@H]([C@@H]1CC[NH+](Cc2cc(F)ccc2F)C1)c1ccccc1,0.8898,4.193,-8.4,-9.79,,seed333
O=[N+]([O-])c1cc(NC(=O)c2c(CCl)c3ccccc3[nH]c2=O)sc1,0.4202,2.7444,-8.8,-9.39,,seed333
Oc1cc(F)c(Cl)cc1CN1CCO[C@H](c2ccccc2Br)C1,0.822,2.8771,-8.9,-9.29,,seed333
O=c1[nH]cc(CN2CCN(Cc3ccco3)CC2)c(C(=O)OCc2ccccc2)c1,0.6069,2.3268,-8.4,-9.79,,seed333
O=[N+]([O-])c1cc(Oc2ccc(F)cc2F)ccc1NC(=O)N1CCC[C@@H](CO)C1,0.5777,2.7336,-8.6,-9.59,,seed333
Oc1ccc(OC(=O)CSc2nnc(-c3cnccn3)n2Cc2ccccc2Cl)cc1,0.2556,2.4316,-8.1,-10.09,,seed333
OCc1cc(F)cc(CNC(=O)c2ccc3c(c2)OCCO3)c1,0.9052,2.0553,-8.6,-9.59,,seed333
F[C@@]12CCC[C@@H]1[C@@H](Cc1ccccc1OC(F)F)[NH+](CC1CCC1)C2,0.8266,4.7395,-8.5,-9.69,,seed333
Fc1c(F)cc(N[C@H]2CCSc3ccccc32)cc1C,0.8423,2.8473,-8.6,-9.59,,seed333
F[C@@H]1C[C@@H]([NH2+]C[C@@H]2CCCO2)[C@@H]1C(=O)Nc1ccc(Oc2ccccc2)cc1,0.7704,4.0092,-8.1,-10.09,,seed333
CCCn1cc(NC(=O)[C@@H]2CCC(=O)N(c3ccccc3-OC(C)(C)C)C2)cn1,0.8018,2.8969,-8.1,-10.09,,seed333
Oc1cc(Cl)cc(-c2nc(-c3ccccc3F)no2)c1,0.7774,2.1432,-8.5,-9.69,,seed333
CN1CC[NH+](C2CCC(NC(=O)c3ccc4c(c3)OCO4)CC2)cc1,0.85,3.9593,-8.2,-9.99,,seed333
CNc1nc(CN2CCCC[C@H]2C[NH+]2CCN(c3cccc(C)c3)[C@@H](C)C2)sc1C,0.7417,4.5684,-9.1,-9.09,,seed333
[NH3+][C@@H]1CCC[C@H](C(=O)N2CCC(OCc3ccccc3)CC2)C1,0.9232,3.3386,-8.6,-9.59,,seed333
NOS(=O)(=O)c1c(C(=O)Oc2ccc(Cl)cc2OC)sc2c1CCCC2,0.4523,2.7547,-8.6,-9.59,,seed333
OC(=O)c1ccc(CSc2nnc(-c3ccccc3)o2)c(Cl)c1,0.6907,2.019,-8.2,-9.99,,seed333
[NH3+]c1[nH]c2ccccc2c1C1=c2ccccc2=[NH+]C1,0.4931,3.9323,-8.7,-9.49,,seed333
N=CN1CCN(C(=O)[C@@H](Cc2ccccc2)N2CCCC2=O)CC1,0.6469,3.0724,-8.6,-9.59,,seed333
[NH3+][C@@H]1[C@H](c2nc3ccccc3[nH]2)NOc2ccccc21,0.6248,3.8011,-8.0,-10.19,,seed333
Oc1cc2ncccc2cc1C[NH2+][C@@H]1CCN(c2cnncc2)C1,0.7512,3.9596,-8.5,-9.69,,seed333
Oc1cc2occc2c(C2CCCCCCC2)c1,0.7682,2.2755,-8.7,-9.49,,seed333
O=c1cnn(-c2ccc(Cl)cc2Cl)c(C(=O)Nc2cccc(Br)c2)c1,0.6516,2.3778,-8.5,-9.69,,seed333
NS(=O)(=O)c1ccc(NC(=O)c2cnn(-c3ccc(Br)cc3)c2C)cc1,0.6573,2.0159,-8.1,-10.09,,seed333
O[C@H](Nc1cccc2ccccc12)c1ccccc1,0.6889,2.2708,-8.7,-9.49,,seed333
CN(C)C(=O)c1ccc(NC(=O)CSc2nc3ccccc3[nH]2)cc1,0.6906,1.9637,-8.1,-9.99,,seed333
[NH3+]c1ccccc1-c1ncc(SCc2cccnc2)n1C1CCCC1,0.7,3.1111,-8.2,-9.89,,seed333
FCC(F)(F)c1ccc(-c2n[nH]c(S[C@H](CCO)c3ccc(Br)cn3)n2)cc1,0.4554,3.6472,-8.1,-9.99,,seed333
c1cc2ncncc2c2c1nc(Nc1ccccc1Cl)n2C,0.6096,2.396,-8.9,-9.19,,seed333
C[C@@]1(c2ncc(Br)cc2F)CCCN(C(=O)CCc2ccccc2)C1,0.7509,2.9867,-8.6,-9.49,,seed333
c1cc([C@@H](CCc2ccc(F)cc2)N(CC(F)(F)F)C2CC2)n(Cc2ccccc2)n1,0.4012,3.1041,-8.8,-9.29,,seed333
CNC(=O)C(=O)NCc1cccc(N2CCN(C(=O)CCn3cccn3)CC2)n1,0.6263,2.5176,-8.2,-9.89,,seed333
F[C@@]1(Cl)CCc2cc(OCc3cccc(F)c3)ncc2C1,0.793,3.211,-8.5,-9.59,,seed333
N[C@H]([NH2+][C@@H]1CCCCc2cccc(Cl)c21)c1ccc(F)cc1Cl,0.632,3.8037,-8.4,-9.69,,seed333
c1nnn(-c2cc(=O)n(-c3ccccc3)nc2CN2CCCC2)c1C,0.7255,2.6372,-8.6,-9.49,,seed333
F[C@@H]1[C@@H](C(=O)[O-])CC[C@H]1Nc1ccc(-c2[nH+]c3c(s2)CCOC3)o1,0.8924,5.4742,-8.1,-9.99,,seed333
O[C@H](NCc1ccn(Cc2ccc(F)cc2)c1)c1ccc(F)cc1F,0.6675,2.9269,-8.3,-9.79,,seed333
Nc1cc(C(F)(F)F)ccc1NC(=O)C(=O)NCCc1ccccc1OC(F)F,0.3824,2.3391,-8.0,-10.09,,seed333
[NH3+][C@@H]1CCCCN1C(=O)N[C@H](c1ccc(F)cc1)C1CCOCC1,0.8869,3.5729,-8.4,-9.59,,seed333
c1nc2ccccc2n1-c1cccc(OCCNC(=O)C2CCC2)c1,0.7032,2.0381,-8.5,-9.49,,seed333
c1noc(C2CCN(C(=O)[C@@H]3C[C@@H]3c3cc(Cl)ccc3F)CC2)n1,0.852,3.486,-8.4,-9.59,,seed333
O[C@H]([C@@H]1CC[C@@H]([C@H]2CCOC2)C1)c1nc2ccccc2cc1[N+](=O)[O-],0.6772,3.8314,-8.5,-9.49,,seed333
c1n[nH]c2[nH+]cnc2c2n1CCCC[C@@H]2[C@H]1C[C@@H]1c1ccco1,0.8475,5.2568,-8.7,-9.29,,seed333
CCC1(CC)CCN(C(=O)c2nc(-c3ccc(F)cc3)n[nH]2)C1,0.9415,2.6584,-8.5,-9.49,,seed333
CCn1nc(Cl)cc1C(=O)N1CCN(C(=O)[C@@H]2COc3ccccc3C2)CC1,0.788,2.9773,-8.7,-9.29,,seed333
F[C@H]1[C@H]2CCC[C@H]2[C@@H]1CC(=O)Nc1cccc(-n2cncn2)c1,0.9436,3.7437,-8.0,-9.99,,seed333
NS(=O)(=O)c1cccc(C[S@@](=O)Cc2cccc(Cn3cncn3)c2)c1,0.6564,2.9693,-8.2,-9.79,,seed333
NS(=O)(=O)c1ccc(CNC(=O)N2CCC[C@@H](COCc3ccccc3)C2)s1,0.7144,2.798,-8.4,-9.59,,seed333
Fc1c(O)cc(Br)cc1C[NH+]1CC[C@@H](NCc2ccc(F)cc2)C1,0.7238,4.2009,-8.4,-9.59,,seed333
NOc1ccc(-c2noc(-c3ccccc3C(=O)[O-])n2)nc1,0.6859,2.8554,-8.1,-9.89,,seed333
Nn1ncnc1[C@H]1CCCN(C(=O)COc2ccc(Br)c(F)c2)C1,0.7926,3.1591,-8.4,-9.59,,seed333
OC(SCc1ccccn1)[C@@H]1CCCN(C(=O)Cc2ccccc2)C1,0.8082,3.1053,-8.0,-9.99,,seed333
N#C[C@H](COC(=O)c1ccc(-n2cnc3ccccc32)o1)c1ccco1,0.5112,3.3838,-8.3,-9.69,,seed333
C[C@@H]([NH+]c1ccc(Br)cc1)C(=O)[C@H]1COc2c(Cl)cccc2C1,0.8644,4.1295,-7.5,-10.49,,seed333
N[C@@H](Sc1nnc(-c2ccc(Br)cc2)n1C)c1cccc(Cl)c1,0.5033,2.8444,-7.8,-10.19,,seed333
N[C@@H](Oc1cccc2cccnc12)c1ccccc1N1CCCCC1=O,0.7292,2.8715,-8.6,-9.39,,seed333
Cn1c(SCC(=O)N(C2CCC2)C2CC2)nc2cc(S(=O)(=O)Cc3ccc(F)cc3)c([S-])nc12,0.3319,3.2016,-8.7,-9.29,,seed333
[NH3+][C@H]1COc2ccccc2N1C(=O)c1ccc(CN2CCOCC2)cc1,0.897,3.0318,-8.6,-9.39,,seed333
Oc1cc(F)c(CN2CCC(OCc3ccc(F)cc3)CC2)cc1,0.902,2.0575,-8.4,-9.59,,seed333
c1n[nH]c([C@@H]2COCCN2C(=O)c2cccnc2NCc2cccnc2)c1,0.7191,3.1758,-8.0,-9.99,,seed333
c1n[nH]c(=O)c(-c2noc(C[NH+](C)Cc3ccc4c(c3)OCCO4)n2)n1,0.6089,3.9854,-8.5,-9.49,,seed333
O[C@H](N(Cc1ccc2ccccc2n1)C(=O)c1ccco1)c1cccs1,0.5385,3.0246,-8.2,-9.79,,seed333
O=C(Nc1ccc(F)cc1Br)c1ccc(N2CCOCC2)cc1,0.885,1.8449,-8.4,-9.49,,seed333
c1ccsc1CNC(=O)C(=O)Nc1cccc2c1CC[NH2+]CC2,0.7236,3.192,-8.1,-9.79,,seed333
O=[N+]([O-])c1ccc(NCc2nc3ccc(Cl)cc3c(=O)[nH]2)cc1,0.5651,2.1698,-8.3,-9.59,,seed333
Oc1c(F)cc2sc(N3CCC[NH+](C(=O)c4ccco4)CC3)nn12,0.7133,4.6151,-8.4,-9.49,,seed333
c1ncoc1CNc1cc[nH+]c2nc(-c3ccccc3)cn12,0.6269,3.5174,-8.4,-9.49,,seed333
c1n[nH]c(Cc2ccccc2)c1CCc1ccc(F)c(F)c1,0.7557,2.2341,-8.3,-9.59,,seed333
O[C@H](Oc1ccccc1)C1(c2nc3ccccc3[nH]2)CCC1,0.7252,2.9645,-8.1,-9.79,,seed333
c1noc2sc3nc([S-])nc(SCC(=O)Nc4ccc(Cl)cc4)c3c21,0.2356,3.3705,-8.2,-9.69,,seed333
N[C@]1(C(=O)[O-])CCN(Cc2nc([C@H]3CCc4ccccc43)[nH]n2)C1,0.7861,4.0084,-8.4,-9.49,,seed333
CCc1nc(-c2ccc(F)c(F)c2)sc1C(=O)NCC[C@@H]1CCCO1,0.8422,2.8684,-8.2,-9.69,,seed333
CCNC(=O)c1ccc(C(=O)N/N=C/c2ccccc2Br)cc1O,0.5417,2.1448,-8.1,-9.79,,seed333
O=C1[C@@H]2CCCN2SC1=NS(=O)(=O)c1ccc(Cl)c(SCc2ncc(Cl)n2C)c1,0.4647,3.9595,-8.2,-9.69,,seed333
N/C(NCc1ccccc1)=N/OC(=O)Nc1ccc(Cl)cc1Cl,0.3394,2.2366,-8.1,-9.79,,seed333
N#C[C@@](CC(=O)/C=C/c1ccccc1[N-])S(=O)(=O)c1ccc(C(C)C)cc1,0.6464,3.22,-7.4,-10.49,,seed333
[NH3+][C@]1([C@H](O)c2ccc3c(c2)OCO3)C[C@H](CO)Oc2ccccc21,0.771,3.9697,-8.5,-9.39,,seed333
F[C@]1([C@H](Br)CCc2ccccc2Cl)Oc2ccc(F)cc21,0.6529,3.5061,-8.3,-9.59,,seed333
F[C@]1([C@@H]2O[C@H](c3ccccc3)CC2)[C@@H](N2CCCCCC2)CO1,0.8446,3.9444,-8.1,-9.79,,seed333
Oc1cc(OCC[C@H]2OCCO2)ccc1N[C@@H]1CCc2ccccc21,0.7858,2.9814,-8.2,-9.69,,seed333
O=c1[nH]c(-c2ccccc2)nn1-c1ccccc1I,0.7123,2.4778,-8.1,-9.79,,seed333
O=c1[nH]cc[nH+]c1[C@H]1CCC[NH2+]C[C@H]1Cc1ccccc1,0.8468,4.9216,-8.6,-9.29,,seed333
NS(=O)(=O)c1cccc(C(=O)N2CCCC[C@H]2c2cccc(F)c2)c1,0.9116,2.4511,-8.6,-9.29,,seed333
Nc1c(Br)cccc1C(=O)N/N=C\c1ccc2c(c1)OCO2,0.4992,2.3196,-8.3,-9.59,,seed333
C[C@@]1(CO)CCCN(C(=O)c2cccc3cnccc23)C1,0.9214,2.8445,-8.2,-9.69,,seed333
NN[C@@H](Cn1cnc2ccccc21)c1ccc(F)c(F)c1,0.5727,2.8096,-8.5,-9.29,,seed333
CSc1ccccc1NC(=O)CCn1c(C)nnc1-c1ccccc1,0.6812,2.0774,-7.9,-9.89,,seed333
O[C@@H](Nc1cccc(-c2ccccc2O)c1)c1ccco1,0.6371,2.7419,-8.4,-9.39,,seed333
Cn1c(CCOc2ccc(F)cc2)nnc1-c1ccccc1,0.7256,1.8975,-7.9,-9.89,,seed333
O=C(Cc1ccc(F)cc1F)N1CCC(Cn2cncn2)CC1,0.8661,2.3246,-8.4,-9.39,,seed333
F[C@]12N=C(OCCCC2=O)C[C@H]1CC(=O)c1ccccc1,0.6348,4.5307,-8.4,-9.39,,seed333
N[C@H](CNC(=O)c1ccnc(OCc2ccccc2)c1)c1ccco1,0.6916,2.6833,-8.3,-9.49,,seed333
[NH3+][C@]1(Oc2ccc(F)cc2)CCCN(CCc2ccccc2)C1,0.8612,3.0575,-8.0,-9.79,,seed333
c1nccc(NC(=O)c2ccc(OCc3ccccc3)cc2)c1,0.7772,1.5686,-8.3,-9.49,,seed333
[NH3+]c1[nH]ncc1[C@H]1CCCC[C@H]1COc1cc(Cl)ccc1F,0.9045,3.7796,-8.5,-9.29,,seed333
C=C[C@@H](CS(=O)(=O)CC(=O)Nc1cccc(Cl)c1Cl)c1c(C)noc1C,0.6901,3.3485,-8.3,-9.49,,seed333
O=[N+](Cc1nc(-c2ccc3c(c2)OCO3)no1)c1ccco1,0.6839,2.98,-8.0,-9.79,,seed333
c1n[nH]c([S-])c1-c1ccc([C@H](CBr)Cc2ccc(F)cc2)cc1,0.4989,3.2984,-8.4,-9.39,,seed333
Nc1ccccc1-c1ccc(CSc2cccnc2)cc1,0.5629,1.9586,-8.3,-9.49,,seed333
c1cnn(-c2ccc(C[NH2+]C3(c4ccco4)CCCC3)cc2)c1,0.7874,3.3619,-8.5,-9.29,,seed333
c1n[nH]cc1C[NH+]1CCN(Cc2nnc(-c3ccccc3Cl)o2)CC1,0.7109,3.5699,-8.2,-9.59,,seed333
c1noc2c1CCC[C@H]2[NH2+][C@H]1CCCC[C@H]1OC1CCCC1,0.9303,4.6422,-8.1,-9.69,,seed333
c1cc(Cl)c([C@H]2C[NH2+]CCN2c2ccc(Cl)cc2)cc1F,0.898,3.5415,-8.2,-9.59,,seed333
C/C(=C\C(=O)Nc1ccc([N+](=O)[O-])cc1)c1ccc(Cl)cc1F,0.5105,2.1236,-8.1,-9.69,,seed333
Fc1ccc(Br)cc1CNC[C@H]1Cc2ccccc2CO1,0.9053,2.7382,-8.6,-9.19,,seed333
C[C@@]1(NC(=O)c2ccccc2)Cc2ccccc2S(=O)(=O)C1,0.9239,2.9316,-8.2,-9.59,,seed333
CSCC(=O)Nc1c(-c2ccccc2)cn(Cc2ccccc2)n1,0.7419,2.0689,-8.3,-9.39,,seed333
Oc1c([N+](=O)[O-])c(CNC[C@H](O)c2ccc3c(c2)OCCO3)cc(Br)c1,0.4817,3.1151,-8.4,-9.29,,seed333
[NH3+][C@@]1(c2ccccc2)CCCN(C(=O)c2ccc3[nH]ncc3c2)C1,0.7565,3.284,-8.3,-9.39,,seed333
N[C@]1(C(=O)[O-])CCC[C@H]1CC[S@](=O)[C@@H]1CCC[C@H](C(F)(F)F)C1,0.8108,4.9472,-8.4,-9.29,,seed333
O=C([C@H]1CCCC[C@@H]1OC(F)F)N1CCCc2ccccc21,0.8505,3.2452,-8.4,-9.29,,seed333
c1n[nH]c(-c2ccccc2NCCc2ccccc2Cl)n1,0.7535,2.1592,-8.3,-9.39,,seed333
O[C@H](NCc1cnn(-c2ccccn2)c1)c1ccc(F)cc1,0.7088,2.8517,-8.3,-9.39,,seed333
C[C@@H]1[NH2+][C@H](Cc2ccccc2)CC(C(=O)NCC2CC2)C(=O)C1,0.7981,4.1335,-8.2,-9.49,,seed333
C[C@H]1CC(C(=O)Nc2sccc2C(=O)N(C)[C@@H](C)c2ccccc2)CCO1,0.8318,3.4046,-8.5,-9.19,,seed333
Cn1c(S[NH+]2CCC(c3nnc4ncccn34)CC2)nnc1-c1cccs1,0.5236,3.8079,-7.8,-9.89,,seed333
c1cc(-c2cc(F)ccc2NCc2nnc([S-])s2)ccc1O,0.7155,2.8558,-8.2,-9.49,,seed333
c1nc2cc(Cl)ccc2n1CCN1Cc2ccccc2C1,0.7347,2.1543,-8.1,-9.59,,seed333
c1cocc1CS(=O)(=O)Cc1nc(-c2ccc3c(c2)OCCO3)no1,0.6802,2.7039,-7.8,-9.89,,seed333
CCn1/c(=N/S(=O)(=O)c2cccc(Cl)c2)sc2cc(O)cc(Cl)c21,0.7181,2.6288,-8.2,-9.49,,seed333
O=c1oc2ccccc2nc1N1CCN(C(C2CC2)C(C)(C)C)CC1,0.8583,3.1789,-8.0,-9.69,,seed333
CNS(=O)(=O)c1cccc(NC(=O)c2ccc(Cl)c(N(C)C)c2)c1,0.8509,2.0358,-8.1,-9.59,,seed333
N#Cc1ccc(N(Cc2ccccc2)C(=O)CSc2ccccc2Br)cc1,0.4687,2.1283,-8.2,-9.49,,seed333
[NH3+][C@H]1C(=O)NCCCc2cccc(NC(=O)c3cccnc3)c21,0.7603,3.2096,-8.5,-9.19,,seed333
O=C([O-])COc1ccc(S(=O)(=O)N[C@H](CO)c2cc3ccccc3o2)cc1,0.5753,3.0597,-8.0,-9.69,,seed333
c1nnnc2c1CCC[C@@H]2[NH2+][C@H](Cc1ncn[nH]1)c1cccnc1,0.6991,4.6129,-8.9,-8.790000000000001,,seed333
C[C@H]([C@@H](C)C(=O)N1CC[C@@](O)(c2ccc(F)cc2)C1)[NH+]1CCCCC1,0.8617,4.4764,-8.0,-9.69,,seed333
c1n[nH]c(-c2ccccc2)c1C[NH2+]CC(=O)NC1CCCCC[C@@H]1CCO,0.5309,3.8724,-8.2,-9.49,,seed333
O[C@H](N[C@H]1CCc2ccccc21)c1ccc(F)cc1,0.8281,2.8951,-8.2,-9.49,,seed333
O[C@H](N[C@@H]1CCc2c(Br)cccc21)c1ccccc1,0.8456,3.1072,-8.5,-9.19,,seed333
c1c(/N=c2\[nH]c3ccccc3[nH]2)cc(OCC(F)(F)F)c(Br)c1,0.6877,2.8725,-8.2,-9.49,,seed333
Cc1[nH]c2ccccc2c1C(=O)OCc1cccc(N)c1,0.5703,1.9618,-8.7,-8.99,,seed333
Cc1ccc([N+](=O)[O-])c(S(=O)(=O)Cc2nc3ccc(Cl)cc3s2)c1,0.4992,2.3979,-8.1,-9.59,,seed333
c1cnn2nc(SCC(=O)OCCn3cnc4ccccc4c3=O)nc2c1,0.3615,2.7108,-8.0,-9.69,,seed333
NS(=O)(=O)c1ccc(C(=O)NCCc2ccc(C(F)(F)F)nc2)o1,0.8311,2.4584,-8.2,-9.39,,seed333
F[C@]1(C[NH2+]Cc2ccc3c(c2)OCCO3)COc2ccccc21,0.935,3.7933,-7.9,-9.69,,seed333
c1ncoc1C[NH+]1CCC[C@H](c2nnnn2-c2ccccc2)C1,0.7641,4.3884,-8.2,-9.39,,seed333
CS(=O)(=O)N1CCN(C(C)(C)CNC(=O)Nc2cccc(Cl)c2)CC1,0.8056,2.3123,-8.1,-9.49,,seed333
O=C1/C(=N/Nc2ccccc2OCCO)c2ccccc21,0.6935,2.2511,-7.9,-9.69,,seed333
O=C1/C(=C\c2ccccc2F)C(=O)N(CC2CC2)C1=O,0.3633,2.3435,-8.3,-9.29,,seed333
F[C@H]1c2c(F)cccc2CN1Cc1ccc(CO)cc1,0.8688,2.888,-8.3,-9.29,,seed333
N[C@H](NC(=O)Cc1ccc(F)cc1F)c1cccc(F)c1,0.8509,2.6487,-8.5,-9.09,,seed333
Fc1c(-c2ccccc2)c(SCC(=O)N2CCC(Oc3cccs3)CC2)cs1,0.4618,2.8675,-7.9,-9.69,,seed333
F[C@@]1(Nc2ccc3c(c2)OCO3)[C@@H](C2CC2)CN1Cc1ccccc1Cl,0.7725,3.517,-9.1,-8.49,,seed333
N[C@H](Sc1ccccc1)C(=O)N(CCc1ccccc1F)C1CCCC1,0.5847,2.8493,-8.1,-9.49,,seed333
[NH3+][C@@]1(c2cc(F)ccc2Br)c2ccccc2[C@H](c2ccccc2)CO1,0.6895,3.6071,-9.3,-8.290000000000001,,seed333
N[C@]1(CO)CCC[C@@H](Nc2ccc3c(c2)CCN3C(F)(F)F)C1,0.7462,3.7714,-8.3,-9.29,,seed333
[NH3+][C@@H]1[C@H](c2ccc(Br)cc2)S/C(=C/c2cccc3c2OCO3)C1=O,0.7801,3.906,-8.2,-9.39,,seed333
N[C@]1(NC(=O)OC[C@@H](O)C[NH+]2CCCCC2)CCCc2ccccc21,0.5761,4.624,-7.9,-9.69,,seed333
O=C(CCSc1nc2ccccc2[nH]1)Nc1ccc(F)c(Cl)c1,0.6677,2.0401,-8.1,-9.49,,seed333
O=C(NCc1ccccc1SCC(F)(F)F)c1c(F)cccc1F,0.6254,2.2759,-8.2,-9.39,,seed333
[NH3+][C@@H]1C(=O)N(C[C@@H]2CCc3ccccc32)C2(c3cccs3)CCCC[C@@H]2C1,0.8657,4.4423,-9.0,-8.59,,seed333
[NH3+][C@@H]1COCCN1Cc1noc(Cc2ccc3c(c2)OCO3)n1,0.8324,3.5318,-8.0,-9.59,,seed333
c1n[nH]c([O-])c1[C@H](c1cccc(F)c1)[NH+]1CCCC[C@H]1CN1CCCC1=O,0.8141,4.8424,-8.0,-9.59,,seed333
C[C@@]1([NH2+][C@H]2CC(=O)N(CCOc3ccccc3)CC2)c2ccccc21,0.875,3.4784,-7.9,-9.69,,seed333
C[C@H]([NH2+]Cc1cc(-c2ccc(Cl)cc2)oc1)[C@@H]1CCC(=O)N(C)[C@H]1C,0.8878,4.3404,-8.1,-9.39,,seed333
F[C@]1(n2cccc2)CCCNC1CC1CN1Cc1ccccc1,0.8558,4.2266,-7.9,-9.59,,seed333
[NH3+]c1[nH]c(-c2ccc3c(c2)OCCO3)nc1C(F)(F)F,0.8382,3.0639,-8.6,-8.89,,seed333
[NH3+]C[C@H](Cc1ccccc1)N1CCC[C@@H]1NC(=O)c1ccccc1,0.8494,3.3142,-8.0,-9.49,,seed333
F[C@@H]1[C@H](Cc2ccccc2)[NH2+]C[C@@H]1Cc1ccccc1,0.8782,3.802,-7.8,-9.69,,seed333
c1c(F)cc(Nc2cnn(-c3ccccc3)c2)c(Cl)c1,0.7732,1.951,-8.3,-9.19,,seed333
c1nc2ccccc2n1CSCc1ccccc1N1CCOCC1,0.7079,2.4043,-8.3,-9.19,,seed333
O=c1[nH]ncn1CN1CCC[C@H](c2nc3ccccc3[nH]2)C1,0.763,3.1442,-8.0,-9.49,,seed333
c1csc2nc(C[NH+](CCO)[C@@H]3CCc4cc(Cl)ccc43)ccc12,0.7345,4.3581,-8.0,-9.49,,seed333
CC[C@H]1CCCN(C(=O)CN2CCN(c3cccc[nH+]3)CC2)C1,0.8397,3.5496,-7.5,-9.99,,seed333
O=c1c2ccccc2n2c(nnc3-cnnc3c2=O)c(=O)[nH]c1=O,0.3875,2.9114,-8.4,-9.09,,seed333
F[C@@]1(F)c2ccccc2OC2(CCC[NH2+]CC2)C[NH2+]1,0.6489,5.4696,-8.1,-9.39,,seed333
OC(n1cnnc1)COc1cc(-c2ccccc2)ncc1C(F)(F)F,0.7659,3.3066,-8.4,-9.09,,seed333
F[C@@]1(O[C@H]2CCCc3ccccc32)CN(Cc2coc(-c3ccccc3)n2)C[C@@H]1c1ccccc1,0.3156,3.757,-11.8,-11.09,,seed999
c1cncc2cc(CNC(=O)c3cc(=O)n(-c4cc5ccccc5[nH]4)o3)ccc12,0.4967,2.8773,-9.8,-12.29,,seed999
c1cc(F)c(-n2cc(CN3Cc4ccccc4C3=c3ccccc3=O)o2)c(C2CC2)c1,0.5306,3.2375,-10.3,-11.69,,seed999
Cc1ccccc1COc1c[nH+]cc(NC(=O)c2cc3ccccc3[nH]c2=O)c1,0.5506,2.8573,-10.1,-11.69,,seed999
[NH3+][C@]1(Cc2cc3c(cc2Br)OCO3)[NH2+]C[C@H](c2cc3ccccc3c(=O)[nH]2)N1,0.4673,4.3992,-9.7,-11.89,,seed999
c1cc(-c2ccncc2)cc(O[C@@H]2CC[NH+](C[C@@H]3CCC4CCN4S(=O)(=O)c4ccccc43)C[C@@H]2C2CC2)n1,0.5129,4.9847,-10.5,-11.09,,seed999
F[C@@H]1N(c2cccc3ccccc23)[C@H](c2nc(-c3ccccc3)c[nH]2)[NH+]=N1,0.5506,3.971,-9.7,-11.89,,seed999
c1cc2[nH]c3ccccc3n2cc([C@H]2CCCc3ccccc32)c1,0.765,3.417,-10.3,-10.99,,seed999
F[C@H]1[NH2+]N(Cc2ccccc2)C[C@@H]1CCN(Cc1ccccc1)C(=O)c1cccc(C(=O)OCc2ccco2)c1,0.1706,3.7404,-10.0,-11.29,,seed999
F[C@H]1[NH2+][C@@H](c2ccccc2)[C@@]2(c3ccccc32)C(=O)N1C1Cc2ccccc2C1,0.677,4.3814,-10.3,-10.89,,seed999
Nn1cc([C@H]2CCS(=O)(=O)c3c2c(-c2ccccc3)nn2C)c2ccccc21,0.757,4.7008,-10.0,-11.19,,seed999
Cc1oncc1C[NH+]1CCC(CC(=O)c2c[nH]c3ccc(C)cc23)CC1,0.6942,3.7412,-9.7,-11.49,,seed999
O=C(Cc1cccc(Cc2ccccc2)c1)NCC1=c2ccccc2=[NH+]C1,0.6645,2.8887,-9.8,-11.19,,seed999
F[C@@H]1N(Cc2ccc(SCc3cccnc3)nc2)C[C@H](c2ccc(Cl)cc2)C1S(=O)(=O)c1ccccc1,0.1923,3.7229,-9.6,-11.39,,seed999
CS(=O)(=O)Cc1cc(C(=O)Nc2ccc(C(=O)c3ccc(F)cc3)cc2)n2c1CCCCC2,0.5443,2.5305,-9.3,-11.59,,seed999
c1c(C[NH+]2CCC(Cc3ccc(F)cc3)CC2)cccc1Oc1cccnc1,0.7015,3.1098,-9.9,-10.99,,seed999
Fc1c(NC(=O)c2cccc(-c3ccccn3)c2)cnn1-c1ccccc1,0.5908,2.1973,-9.5,-11.39,,seed999
Fc1cc(Br)c(Br)cc1NC(=O)C(=O)CCc1ccc2ccccc2c1,0.3804,2.3133,-9.2,-11.59,,seed999
Cc1cc(=O)[nH]c(C)c1C(=O)Nc1ccc(Oc2ccc(C3CCCC3)nc2)cc1,0.6215,2.4445,-9.3,-11.39,,seed999
C[C@H](Sc1ccc2ccccc2n1)C(=O)Nc1ccc(OCc2cccnc2)nn1,0.4525,2.8707,-9.4,-11.29,,seed999
N[C@@H](C(=O)Nc1ccccc1)c1cccc(-c2cc3ccccc3o2)n1,0.5836,2.6722,-9.4,-11.19,,seed999
O=[N+]([O-])c1cccc(NC(=O)C2CCN(C(=O)c3ccc(F)cc3F)CC2)c1,0.641,2.0171,-9.3,-11.29,,seed999
c1cc(/C=C2\CC(C(=O)NCc3ccc4c(c3)OCO4)=NC2=O)c([N+](=O)[O-])cc1,0.4731,2.7748,-9.7,-10.89,,seed999
N=c1n(Cl)c2ccccc2n1-c1ccc(NCc2ccc(F)cc2)cc1,0.5416,2.4304,-9.6,-10.89,,seed999
FC1c2ccccc2C[C@@]1(NCc1nc(-c2ccccc2)no1)C(F)(F)F,0.6853,3.5986,-9.4,-10.99,,seed999
F[C@@H]1NN(c2ccc3ccccc3c2)C(=O)[C@@H]1COc1ccccc1,0.7391,3.2404,-9.0,-11.39,,seed999
O=c1n(c2ccc(NC(=O)Nc3ccccn3)cc2)c(=O)[nH]c1=O,0.5802,2.1295,-9.8,-10.59,,seed999
[NH3+][C@H]1Cc2ccccc2N1c1c[nH+]2c(-c3cccc(F)c3)nnc2s1,0.8435,4.8445,-9.9,-10.49,,seed999
C[C@@]1(c2ccccc2)NC(=O)N(CCC(=O)Nc2ccccc2N2CCCC2=O)C1=O,0.702,2.7032,-9.3,-11.09,,seed999
OC(Cl)(c1ccccc1)c1cccc(CSc2ncncc2-c2ccccc2)c1,0.2415,2.9182,-9.1,-11.19,,seed999
F[C@@]1(C[NH2+]CC2(Cc3ccccc3)CCCCC2)Cc2cc3cc(F)ccc3n2C1,0.604,3.9563,-9.4,-10.79,,seed999
c1cc(OCCNC(=O)c2cc3c(s2)CCC3)c(N2CCCCCCC2)c2[nH]ccc12,0.5148,2.6852,-9.1,-11.09,,seed999
C[C@H](NC(=O)C(=O)Nc1ccccc1OC1CCCC1)C(=O)NC1=C(C)CCC1=O,0.619,3.1196,-8.9,-11.19,,seed999
Nn1c(SCC(=O)Nc2ccc3ccccc3c2)nnc1[C@H]1CS[C@H](c2ccccc2)C1,0.3157,3.3187,-8.3,-11.79,,seed999
Nn1c(SCC(=O)Nc2ccc3ccccc3c2)nc2ccccc21,0.4362,2.0501,-9.1,-10.99,,seed999
Fc1ccc2c(c1O)CCN(C(=O)c1cc3ccccn3c1)C2,0.7508,2.6738,-9.9,-10.09,,seed999
C[C@H]1CCCCN1C(=O)c1cccc(NC(=O)Cc2ccc(Cl)cc2)c1,0.8587,2.28,-9.0,-10.99,,seed999
O[C@@H]([C@H]1CC[C@H](Cc2ccccc2)C1)[C@H]1CCCN(S(=O)(=O)c2cccc(F)c2)C1,0.7441,3.4603,-8.8,-11.19,,seed999
CCOC(=O)c1c(NNC(=O)c2cccc(OC)c2)nn(-c2ccccc2)c1C,0.4723,2.2369,-9.2,-10.79,,seed999
Oc1c(N2CCOCC2)sc2c1C(=O)N(c1ccc(F)cc1)c1ccc(Cl)cc12,0.507,2.6791,-10.0,-9.99,,seed999
N=c1c2sc(N(Cc3ccccc3)C(=O)C3CCCCC3)nc2sc(=O)n(C)c1=O,0.6718,2.9189,-9.8,-10.19,,seed999
O=[N+]([O-])c1ccccc1CSc1nnc(-c2cccc(O)c2)n1-c1ccccc1,0.2807,2.1728,-9.3,-10.59,,seed999
CNC(=O)c1oc2ccc(Br)cc2c1NC(=O)CNC(=O)c1ccc(OC(F)F)cc1,0.464,2.407,-9.3,-10.59,,seed999
N#Cc1cccc(NC(=O)[C@@H](Cc2ccccc2)NC(=O)c2ccc3c(c2)OCCO3)c1,0.6287,2.5478,-9.4,-10.49,,seed999
F[C@@]1(c2ccccc2)CC[NH2+][C@@H](C[C@@H]2Cc3ccccc3C2)C1,0.8949,4.066,-9.4,-10.49,,seed999
F[C@@]1(O)c2ccccc2C[C@@H]1C(=O)Nc1cc2ccccc2o1,0.7626,3.4766,-8.9,-10.99,,seed999
C[C@@]1([NH2+]C2CC2)CCC[C@@H](/C([O-])=[N+]\NC(=O)c2ccc3ccccc3c2)C1,0.4749,4.4702,-8.9,-10.99,,seed999
C[C@@]1([C@H](O)CNC(=O)c2ccc([O-])cc2)C(=O)N(Cc2ccc3c(c2)OCO3)C1=O,0.5116,3.5624,-9.3,-10.59,,seed999
c1ccc(F)c2c1COC[C@@H]2c1[nH]nc2ccccc12,0.7345,3.1655,-9.4,-10.39,,seed999
Nc1[nH]nc(C(=O)N2CCCN(c3ccccc3F)CC2)c1C(=O)NCc1ccco1,0.574,2.542,-8.8,-10.99,,seed999
O=C(c1cn(-c2ccccc2)nn1)N1CCC[C@H]1CNC(=O)c1ccccc1,0.7421,2.5738,-9.0,-10.79,,seed999
C[C@@]1(c2ccccc2)NC(=O)N(CCc2coc(-c3cccnc3)n2)C1=O,0.7052,2.8553,-8.9,-10.89,,seed999
OC(C)NC(=O)c1ccc(-n2cc(-c3ccc4c(c3)OCO4)cc2Br)cc1,0.6209,3.0426,-9.1,-10.69,,seed999
N[C@@H]([NH2+][C@@H](c1ccccc1)C1CCCCCC1)c1ccc(-n2cncn2)cc1,0.5107,3.6518,-9.2,-10.59,,seed999
C[NH+]([C@@H]1CC(=O)N(c2ccccc2)C1)N[C@H]1CCc2ccc(F)cc21,0.8305,4.0169,-9.2,-10.59,,seed999
COc1ccccc1NC(=O)Nc1cccc(S(=O)(=O)NCc2ccc(Cl)cc2)c1,0.4995,1.9,-8.9,-10.79,,seed999
C[C@@H](Cc1ccccc1)N(C)C(=O)N1CCC[C@@]2(CCc3ccccc32)C1(C)C,0.6855,3.9288,-9.1,-10.59,,seed999
F[C@]12CCCO[C@H]2C[C@@H](O)CN1C(=O)[C@H]1COc2ccccc2C1,0.7935,4.1819,-9.0,-10.69,,seed999
c1nn(-c2ccc(NC(=O)c3nc4ccccc4o3)cc2)c(C2CC2)c1Cl,0.5534,2.4244,-8.6,-11.09,,seed999
OC(/C([O-])=N/S(=O)(=O)c1cccc2cccnc12)c1ccccc1,0.5709,3.0849,-9.0,-10.69,,seed999
Fc1cc(CN2CCO[C@@H](Cc3cn(C)nc3C)cc2-c2ccc(F)cc2)on1,0.6564,3.7699,-9.5,-10.19,,seed999
C[C@H](c1cccc2cccnc12)[NH+](C)CC(=O)Nc1nc2ccccc2s1,0.562,3.6554,-9.1,-10.59,,seed999
NS(=O)(=O)c1ccc2c(c1)S(=O)(=O)C[C@@H]([NH2+][C@H]1COc3ccccc31)C2=O,0.6924,4.2148,-9.4,-10.19,,seed999
c1cc(/C=C2\CCc3cc[nH]c32)cc(OCc2ccccc2)c1,0.7139,2.3619,-9.1,-10.49,,seed999
C[NH+](Cc1ccc(NC(=O)N2CCC[C@@H](n3cncn3)C2)cc1)c1cccc(Cl)c1,0.6595,3.9113,-9.0,-10.59,,seed999
C#CC[C@@H](NC(=O)Cn1c(=O)[nH]c2cc(Br)ccc2c1=O)c1nc2ccccc2n1C(F)F,0.385,3.353,-9.0,-10.59,,seed999
Fc1cc(/C=N/NC(=O)[C@@H]2COc3ccncc32)ccc1Nc1ncccc1,0.5271,3.1517,-9.2,-10.39,,seed999
[NH3+]c1noc2c1C[C@H](C[NH2+]C[C@H]1Cc3ccccc3C1)CCO2,0.8605,4.6199,-9.3,-10.29,,seed999
Oc1ccc(Cl)cc1OCc1ccc(-n2cnc3ccccc32)cc1,0.5653,1.9965,-9.0,-10.49,,seed999
c1cc2c(=O)n(CCCN3C[C@@H](C)O[C@@H](CCc4ccccc4)CC3)ccc2o1,0.6054,3.2729,-8.9,-10.59,,seed999
c1c(-c2ccc(CO)cc2)nc(N2CCC[C@H](C(F)(F)F)C2)c2c1CCC2,0.8564,2.9885,-9.5,-9.99,,seed999
F[C@]1(CNCCc2c[nH]c3ccccc23)C[NH+](Cc2ccccc2)CCS1,0.5475,4.1698,-8.8,-10.69,,seed999
Fc1c(Br)cccc1-c1nc2cccnc2n1-c1ccccc1C,0.4713,2.2792,-9.2,-10.29,,seed999
Fc1c([C@@H]2CCCN2Cc2ccccn2)noc1-c1ccc(F)cc1,0.7074,2.9445,-8.8,-10.69,,seed999
N#C[C@@H](C(=O)c1cccnc1)C(=O)Nc1ccc(Nc2cccc(C(F)(F)F)c2)cc1,0.4377,2.7889,-8.7,-10.79,,seed999
[NH3+]c1ccc(Oc2cccc(Oc3nc4c(F)cccc4[nH]3)c2)cc1,0.5875,2.8625,-8.8,-10.59,,seed999
OC[C@]1(c2ccccc2Br)[C@@H](COc2cccc3ccccc23)Oc2ccccc21,0.4133,3.3009,-10.1,-9.29,,seed999
c1cc(Cl)cc2c1N[C@@H](c1ccc(OCC(=O)[O-])cc1)[C@@H]1C=C(C2)O[C@]21CCCCC2,0.7651,5.1583,-9.6,-9.79,,seed999
c1nc(-c2ccccc2CC[NH2+][C@H]2CCCc3c2cnn3Cc2ccncc2)on1,0.5143,3.9647,-8.7,-10.69,,seed999
CCc1onc(C)c1NC1=NN([C@H](C)Oc2cccc(C(=O)N3CCOC3=O)c2)[C@@H](C)C1,0.7266,4.1192,-9.0,-10.39,,seed999
NS(=O)(=O)c1ccc(CNC(=O)Nc2ccc3c(c2)CCC3)cc1C,0.7813,2.1348,-9.2,-10.19,,seed999
Fc1ccccc1-n1ncc2c(F)c(C(F)(F)F)c(C3CCCC3)nc21,0.5699,2.7159,-9.4,-9.99,,seed999
c1nn2c(n1)CCC[C@H]2[NH2+]Cc1cc(=O)[nH]c(-c2ccc(Cl)cc2)n1,0.7352,4.0374,-8.9,-10.49,,seed999
c1csc([C@H](CNC(=O)c2cc(-c3ccccn3)ccc2Cl)[NH+]2CCCCC2)c1,0.6253,3.7098,-9.0,-10.39,,seed999
Cn1c2c(cc1Br)O[C@@H](C(=O)N1CCC[C@H]1Cc1c(F)cccc1F)C(=O)O2,0.5278,4.0035,-9.1,-10.29,,seed999
F[C@@H]1N[C@](C[NH2+]Cc2ccc3ccccc3c2)O[C@H]1C[NH+]1CCCCC1,0.6673,5.1871,-8.8,-10.49,,seed999
Fc1cc(F)ccc1[C@H]1CCCN(c2ccc(N3CCOCC3)cc2)C1,0.8184,2.5735,-9.0,-10.29,,seed999
c1c(C(F)(F)F)nnn1-c1cccc(S(=O)(=O)c2ccccc2Cl)c1,0.6858,2.4527,-9.2,-10.09,,seed999
Oc1c(O)ccc2cc(-c3ccc(F)cc3F)ccc12,0.6518,1.9943,-9.2,-10.09,,seed999
NOS(=O)(=O)c1ccc(NC(=O)[C@@H](Cc2ccccc2)c2cc3ccccc3oc2=O)cc1,0.317,2.9363,-9.2,-10.09,,seed999
F[C@@]1([NH2+][C@H](Cc2ccccc2)CCCOc2ccccc21)C(F)(F)F,0.6456,4.2095,-9.2,-10.09,,seed999
FCC[NH+]1CCC[C@@H]1c1cc2ccccc2c(Oc2ccc(Cl)cc2)c1,0.6687,3.9434,-9.1,-10.19,,seed999
Oc1c(CN(Cc2ccc(O)cc2)OCc2ccccc2)sc2c1CCCC2,0.5419,2.782,-9.3,-9.89,,seed999
Fc1cc2ccccc2n1CN(CC1CC1)[C@@H]1CCc2ccccc21,0.6272,3.1189,-9.4,-9.79,,seed999
F[C@@H]1[C@@H]([NH2+][C@@H]2CCCCC2)c2ccccc2N1Cc1ccccc1F,0.8295,3.8916,-9.3,-9.89,,seed999
F[C@@]1([C@@H]2CCCc3ccccc32)CC[NH+](Cc2ccc(F)cc2)C1,0.8802,4.2717,-8.9,-10.29,,seed999
[NH3+]O[C@@]1(C(F)(F)F)CC[C@H]([NH+](Cc2cccc(Cl)c2)c2ccc(F)cc2)C1,0.5828,4.9387,-9.3,-9.89,,seed999
c1cc(S(=O)(=O)N2CCN(c3ccccc3F)CC2)cc(-n2cncn2)c1,0.684,2.1788,-8.9,-10.29,,seed999
N/S(=O)(Cc1ccc(N/C=C2\CCCC2=O)cc1)c1ccc(Cl)cc1,0.548,3.4165,-8.5,-10.69,,seed999
N[C@H]([C@@H]1CN(c2cccc(C(F)(F)F)c2)CCO1)C(=O)N1CCC[C@H](C(N)=O)C1,0.7644,3.5677,-8.7,-10.49,,seed999
N=C1CCCN2SCC(C(=O)c3ccccc3C(=O)N[C@H](c3cccs3)c3ccccc32)C1,0.4404,5.308,-9.4,-9.69,,seed999
Nn1c(CCn2cccn2)nc2cc(C(=O)N3CCN(C(=O)c4ccccn4)CC3)ccc21,0.4624,2.6346,-9.0,-10.09,,seed999
NS(=O)(=O)c1cc(Cl)ccc1-c1ccn(CCC(=O)N2CCCCCC2)c1,0.8219,2.4676,-8.7,-10.39,,seed999
c1c(F)cccc1NC(=O)Nc1ccc2c(c1)C(=O)N(Cc1ccco1)C2=O,0.6736,2.1021,-8.7,-10.39,,seed999
[NH3+]O[C@]1(c2ccccc2)CCCN(S(=O)(=O)c2scnc2C2CCCCC2)C1,0.7504,3.7578,-8.5,-10.59,,seed999
NO/c1ncc(C(=O)c2ccc(C3CC3)cc2)c2c1CCCC2,0.6949,2.596,-8.6,-10.49,,seed999
c1cc(-c2nc(-c3ccc(S(=O)(=O)N4CCCC4)cc3)no2)ccc1O,0.7574,2.0294,-8.6,-10.49,,seed999
Fc1cc2[nH]c(=O)c(CCc3ccccc3F)nc2cc1OCC(F)(F)F,0.6786,2.5029,-9.0,-10.09,,seed999
O[C@H](Cc1coc2c1CCCC2)N1CCc2c(F)cccc2C1,0.9447,3.5053,-8.9,-10.19,,seed999
N[C@@H](NC(=O)N1CCC(C(=O)Nc2ccccc2)CC1)c1ccc(F)cc1,0.7234,2.5233,-8.9,-10.19,,seed999
Fc1cc(Cl)ccc1COc1ccc([N+](=O)[O-])cc1NC(=O)N[C@H]1CCCC[C@@H]1S(C)(=O)=O,0.4278,3.2686,-9.1,-9.99,,seed999
Cc1[nH]ncc1C(=O)c1nc(-c2ccc(C(F)(F)F)cc2)no1,0.7493,2.5591,-9.0,-10.09,,seed999
C[C@@]1(/C=N/NC(=O)Cc2ccccc2O)[C@H](SCC(=O)NCCc2ccccc2)c2ccc(NC(=O)CC(C)C)cc21,0.1636,3.7435,-8.7,-10.39,,seed999
N[C@H](Nc1cc(C(F)(F)F)ccc1Cl)C(=O)Nc1ccccc1[N+](=O)[O-],0.4115,2.8573,-8.9,-10.19,,seed999
OC1(c2cccc(F)c2)CCN(S(=O)(=O)Cc2ccccc2)CC1,0.9231,2.2024,-9.0,-9.99,,seed999
CCCN(Cc1ccccc1)C(=O)Nc1cccc(S(=O)(=O)N2CCCCC2)c1,0.7327,2.006,-8.6,-10.39,,seed999
c1nnsc1CNC(=O)[C@H]1CCCN(S(=O)(=O)c2c[nH]c3ccccc23)C1,0.6721,3.1061,-9.0,-9.99,,seed999
FC1(O)c2ccc(S(=O)(=O)N3CCC[C@H](c4ccccc4F)C3)cc2O1,0.8879,3.3479,-8.9,-10.09,,seed999
C/c1ncc(-c2cc(=O)n3ccc(C)c(C)c3n2)cc1Cl,0.6922,2.6079,-9.0,-9.99,,seed999
c1cn(/C=C/C[NH2+]Cc2nc3ccccc3n2Cc2ccccc2)c2ccccc12,0.4121,3.0563,-8.1,-10.89,,seed999
N=c1sc2cc(Cl)ccc2c(C)c1CCc1ccccc1,0.693,2.3607,-8.7,-10.29,,seed999
N=c1ccncn1CSc1nc2c(C(F)F)cc(Cl)cc2n1Cc1ccccc1,0.4319,3.0359,-9.2,-9.79,,seed999
OC(Sc1cccc2[nH]c3c(c12)CCCC3)NCC1(O)CCCSCC1,0.4619,4.0495,-8.7,-10.29,,seed999
Fc1cc(NCc2cn(-c3cccc(Cl)c3)nn2)ccc1C(F)(F)F,0.6774,2.36,-8.5,-10.49,,seed999
Fc1cc(/C=C/C(=O)CC2(c3ccccc3F)CC2)cc(-c2ccco2)n1,0.4383,2.8458,-8.8,-10.19,,seed999
c1cccc(-c2nnn(-c3cc4ccccc4o3)c2)c1,0.5525,2.2957,-8.7,-10.19,,seed999
c1nc(-c2ccoc2)oc1-c1ccnc(N2CCCC(C(F)(F)F)C2)c1,0.6706,3.2553,-8.1,-10.79,,seed999
CNS(=O)(=O)CC[C@@H]1Cc2ccccc2[C@@H]1NC(=O)c1cccc(OC)c1,0.7621,3.1145,-8.6,-10.29,,seed999
Cn1c(CC[C@@H]2CCc3ccccc32)nc2ccccc21,0.6995,2.5594,-8.8,-10.09,,seed999
O[C@H](Sc1nnc(-c2ccccc2)n1-c1ccccc1)c1ccco1,0.4295,2.7319,-8.9,-9.99,,seed999
COc1cc(Br)cc(-n2nnnc2NC(=O)c2cc(C)ccc2O)c1,0.6935,2.4343,-9.2,-9.69,,seed999
Fc1c(F)cc(NC(=O)Cn2cnc3ccccc3c2=O)c(Cl)c1,0.7393,2.0082,-8.5,-10.39,,seed999
c1cc(/C=N\c2ccccc2)ccc1/C([O-])=N/S(=O)(=O)c1ccc(F)cc1,0.503,2.5926,-8.9,-9.99,,seed999
Cc1onnc1-c1nnc(SCC(=O)N(C2CCCCC2)c2ccccc2)s1,0.5532,2.9038,-8.7,-10.19,,seed999
O[C@H](CNc1cccc(S(=O)(=O)Cc2cc3ccccc3[nH]2)c1)c1ncn[nH]1,0.3796,3.2446,-8.7,-10.19,,seed999
OC(c1ccccc1)[C@@H]1CC[C@@H](CNC(=O)c2ccccc2Br)C1,0.8013,2.9634,-8.6,-10.29,,seed999
O[C@@H](O[C@@H]1CC[NH+](Cc2ccccc2)C1)c1noc(-c2ccccc2Cl)n1,0.6356,4.3918,-8.4,-10.49,,seed999
C[C@@]1(NC(=O)c2cnc3ccccc3c2)CCC(C)(C)C1,0.9064,2.9044,-8.6,-10.29,,seed999
C[C@@]1(S(=O)(=O)c2ccc3c(c2)OCCO3)CCCN1C(=O)Oc1ccc(F)cc1,0.7558,3.199,-8.3,-10.59,,seed999
c1c(SCC(=O)c2ccccc2)cnn1-c1nc2ccccc2o1,0.4076,2.4479,-8.5,-10.29,,seed999
N/[NH+]=C(\NCc1cccc(NC2CCCCC2)c1)N1CCCC1=O,0.2796,2.9362,-8.8,-9.99,,seed999
N/c1nc2ccccc2cc1CNC(=O)N1CCCCCC1,0.8952,2.0508,-8.3,-10.49,,seed999
F[C@@]1([C@H](Cc2cccc(F)c2)C(F)(F)F)C[NH+]1Cc1c(F)cccc1F,0.4609,4.3423,-9.0,-9.79,,seed999
Oc1c(NC(=O)c2ccccc2I)cnn1-c1cccc(Cl)c1,0.6043,2.3271,-8.5,-10.29,,seed999
NOc1ccc2[nH]c3c(c2c1)C1(CCCCCC3=O)CCO1,0.7929,4.3189,-9.9,-8.89,,seed999
c1n[nH]c([O-])c1-c1noc(C2CCN(C(=O)c3cccnc3)CC2)n1,0.7529,2.8766,-8.3,-10.49,,seed999
O=c1[nH]c(SCc2ccc(Cl)cc2Cl)nc2cc(OC(F)F)ccc12,0.4745,2.4363,-8.5,-10.29,,seed999
O[C@H](Cc1cn(-c2ccccc2)nc1C1CC1)c1cc(Cl)ccc1Cl,0.6563,2.8582,-8.8,-9.99,,seed999
OC(c1ccccc1)S[C@@H]1CN(c2cccc(O)c2)C(=O)[C@@H]1C,0.846,3.7235,-9.0,-9.79,,seed999
O[C@H](c1ccc(Cl)cc1)c1nn(-c2ccc(Cl)cc2)c2c1OCCO2,0.7489,3.0144,-8.8,-9.99,,seed999
C[C@@]1([NH3+])CCC[C@@H](SC2CCC(C(=O)N[C@@H]3CCN(c4ccccc4)CC3)C2)C1,0.7707,4.1245,-9.0,-9.79,,seed999
OC[C@@]1(Cc2c[nH]nc2-c2ccc(F)cc2)CC[C@H]([NH2+]C2CCCC2)C1,0.7434,4.4996,-8.7,-10.09,,seed999
F[C@@]1([C@H]2CCOC3(CCCCC3)C2)Cc2ccccc21,0.7304,4.126,-8.6,-10.19,,seed999
O[C@H]([C@@H]1CCC[NH2+][C@H]1Cc1ccccc1Cl)c1cc(F)cc(Br)c1,0.7845,4.2329,-8.6,-10.19,,seed999
Nn1c(Cc2ccccc2)nc2c3c(ccc12)CCCC3,0.7309,2.3996,-9.1,-9.69,,seed999
c1n[nH]c([O-])c1-c1ccc2ccccc2c1-c1cc([N+](=O)[O-])ccc1N,0.3345,2.7873,-9.6,-9.19,,seed999
Oc1c([C@H]2CCC[NH+]2Cc2ccccc2O)csc1NC(=O)Nc1ccccc1OCC(F)F,0.3242,4.2596,-8.4,-10.29,,seed999
Oc1c(/C=C/c2ccccc2F)c2ccccc2n1C,0.7395,2.2622,-8.9,-9.79,,seed999
c1cn(-c2ccccc2)cc1CS(=O)(=O)c1cc(F)ccc1F,0.7297,2.2964,-8.9,-9.79,,seed999
O[C@@H](C[NH+]1CCCC(CCc2ccccc2)CC1)c1ccccc1,0.8386,3.885,-8.5,-10.19,,seed999
c1ncccc1CNC(=O)CN(Cc1ccccc1)C(=O)c1cc(Cl)ccc1F,0.6423,2.0424,-9.0,-9.69,,seed999
Fc1c(-c2ccc(F)cc2)cccc1NC1CCCCC1,0.7992,1.8816,-8.5,-10.19,,seed999
O=c1n2c(nc3ccccc3c2=O)c2ccccc21,0.4784,1.9098,-9.0,-9.69,,seed999
Fc1cc2oc(-c3ccccc3N3CCOC[C@H]3c3ccc(F)cc3)nc2c2c1CCC2,0.4077,3.2323,-9.6,-9.09,,seed999
[NH3+]CC1CCN(C(=O)Cn2c(-c3ccccc3Cl)nn3cccc32)CC1,0.7599,3.1483,-8.7,-9.99,,seed999
OC=C(CC1CCCCC1)NCc1nnc(C(F)F)c(-c2ccccc2)n1,0.6722,3.0829,-8.0,-10.59,,seed999
c1c(NCc2cccnc2)cccc1C(=O)N1CCCC[C@H]1CC(=O)[O-],0.8572,2.8926,-8.6,-9.99,,seed999
N/c1cccc(NC(=O)c2cccc(-c3ncco3)c2)c1,0.7214,2.037,-9.1,-9.49,,seed999
F[C@@H]1C[NH2+]C[C@@]12CCC[C@@H](NC(=O)NNC(=O)c1ccccc1)CC2,0.5972,4.5127,-8.4,-10.19,,seed999
F[C@]1(c2ccc(F)c(F)c2)CCCN(Cc2ccccc2)C1,0.8108,2.7489,-8.6,-9.99,,seed999
c1cc(=O)c2ccccc2n1C[C@H](CNC(=O)c1cccnc1)C1CC1,0.7457,2.9177,-8.8,-9.79,,seed999
N=c1[nH+]c(C[NH+]2CCCCCC2)nc(-c2ccc(Cl)cc2)n1N,0.6988,4.3398,-8.6,-9.99,,seed999
F[C@@H]1NN(Cc2ccc(Cl)cc2)C/C1=N/c1nc2ccccc2s1,0.7063,3.4654,-7.9,-10.69,,seed999
F[C@@H]1NOc2ccccc2[C@@H]1Cc1ccc(C(F)(F)F)cc1,0.662,3.3904,-9.0,-9.59,,seed999
C[NH+](Cc1ccccc1)C(=O)N(C)[C@H](C)[C@@H]1CCCc2ccccc21,0.9099,3.9668,-8.5,-10.09,,seed999
F[C@@]1([NH2+]Cc2ccnc3ccccc23)C[C@@H]([NH+]2CCCCC2)CC1,0.8209,5.0029,-8.5,-10.09,,seed999
OC(O)c1cccc(OCc2cccnc2Oc2ccccc2F)c1,0.6707,2.232,-8.7,-9.89,,seed999
O[C@@H](Oc1cccc2ncccc12)CCSc1nc2c(Cl)cccc2s1,0.3464,3.0054,-8.7,-9.89,,seed999
C[NH+]1CCC[C@@H]1C1CC[NH+](CCc2cccc(Cc3ccccc3)c2)CC1,0.7734,4.7324,-8.5,-9.99,,seed999
C[C@@]1(c2ccc(Cl)cc2)SCCN1C(=O)c1ccc(F)c(F)c1,0.7809,2.9747,-9.0,-9.49,,seed999
c1noc2nc(CCC(=O)Nc3ccc(C[NH+]4CCCC4)cn3)cnc12,0.679,3.9577,-8.7,-9.79,,seed999
F[C@]12C(=O)C[C@H](Oc3ccccc3)[C@](c3ccccc3)C[NH+]=C2CCC1,0.9227,4.2273,-9.1,-9.39,,seed999
CCc1ccccc1OCC(=O)Nc1cc(F)ccc1N1CCCCC1,0.8342,1.923,-8.5,-9.99,,seed999
F[C@@]1([C@H]2CCCC[NH2+][C@@H]2C2CCCCC2)COc2cc(F)ccc2C1,0.8629,4.5498,-9.1,-9.39,,seed999
F[C@H]1Oc2ccc(NCc3nc(-c4ccccc4)on3)c(Cl)c21,0.7692,3.1439,-8.3,-10.19,,seed999
c1nn2c(n1)CC/C2=C\c1cc(-c2ccccc2)on1,0.7138,3.1214,-8.9,-9.59,,seed999
FC1c2ccccc2[C@H](c2ccc([N+](=O)[O-])cc2)c2ccccc21,0.4842,2.3796,-8.8,-9.69,,seed999
Oc1c(/C=C/Cl)nnn1-c1ccc(C(=O)Nc2ccc(F)cc2)c(OCC)c1,0.6508,2.6778,-8.7,-9.79,,seed999
[NH3+]O[C@]1(c2cccc(F)c2)CC=C(Cc2ccccc2)C1,0.6793,3.4833,-8.9,-9.59,,seed999
[NH3+]c1ccc(Cl)c([C@@H]2OCC[NH+]2[C@@H]2CCCc3ccccc32)c1,0.8706,4.9648,-9.5,-8.99,,seed999
Fc1c(C[NH2+]CCc2ccc(C3CCC3)cc2)oc2c1C(=O)CC2,0.8283,3.5131,-8.5,-9.99,,seed999
c1noc2nc(COC3(c4ccccc4Cl)CCCC3)c(=O)oc12,0.7143,3.3309,-8.7,-9.79,,seed999
O=c1[nH]nc(SCc2ccc([N+](=O)[O-])cc2)n1-c1ccc(C(F)(F)F)cc1,0.4024,2.3443,-8.3,-10.19,,seed999
OC([O-])c1ccc(NCc2cc(Cl)c(OCc3ccccc3)cc2)cc1,0.621,2.5929,-8.4,-10.09,,seed999
N[C@@H](NC(=O)[C@@H]1CC[C@]([NH2+]C2CC2)C1=O)c1ccc(N2CCCC2)c(Cl)c1,0.5032,4.2089,-8.5,-9.99,,seed999
Fc1cc(-c2nc(C3CC3)no2)ccc1NC(=O)c1ccccc1OCC(F)F,0.6215,2.3917,-8.4,-10.09,,seed999
Fc1cc(F)ccc1NC(=O)c1cnc(-c2ccccc2)s1,0.7807,1.936,-8.8,-9.69,,seed999
C[C@H](Oc1ccccc1)/C([O-])=N/S(=O)(=O)c1ccc2c(c1)OCCO2,0.5886,3.0716,-8.3,-10.19,,seed999
NS(=O)(=O)c1ccccc1/C=C/CCS(=O)(=O)c1ccccc1,0.8631,2.3116,-8.8,-9.69,,seed999
O[C@@H](NS(=O)(=O)c1coc3ccccc13)[C@@H]1CCOc2ccccc21,0.6992,3.4894,-8.3,-10.19,,seed999
OC[C@@H]1c2ccccc2NC(=O)[C@H]1CCc1ccccc1F,0.9111,3.1344,-8.9,-9.49,,seed999
Nc1[nH]c2ccccc2c1C(=O)N1CCC[C@H]1CN1CCOCC1,0.899,2.8707,-8.7,-9.69,,seed999
F[C@@H]1c2ccccc2C(=O)C1=C(CC)c1ccccc1Cl,0.6776,3.1313,-9.1,-9.29,,seed999
[NH3+][C@@]1(c2c(O)cccc2Br)[C@H](c2ccc3c(c2)OCCO3)n2nc(-c3ccccc3)nc2C1,0.4438,3.9393,-9.6,-8.790000000000001,,seed999
Oc1c([C@H]2C[NH2+]C(c3ccccc3)=NN2Cc2ccccc2)sc3ccccc31,0.5421,3.5699,-9.6,-8.790000000000001,,seed999
Nn1c(-c2ccccn2)nnc1C1(c2ccc(F)cc2F)CCCC1,0.7429,2.7678,-8.3,-10.09,,seed999
F[C@]1(OCc2ccco2)[C@H](c2ccc(F)cc2)Sc2ccccc21,0.6146,3.5761,-8.7,-9.69,,seed999
Fc1c(-c2cccs2)n2nc(SCC(=O)Nc3ccccc3Cl)sc2n1,0.4556,2.6628,-8.3,-10.09,,seed999
O=c1n(CCc2ccccc2)n2n1CCN(Cc1cnn(C(F)(F)F)c1)C2,0.6789,3.3214,-8.4,-9.99,,seed999
NNC(=O)c1cccc(CNC(=O)c2cccc(Br)c2)c1,0.4488,1.789,-8.5,-9.89,,seed999
c1cn([C@H]2CCC[C@@H](N3CCCC3=O)C2)c(-c2ccccc2)n1,0.8676,3.0664,-8.5,-9.89,,seed999
O[C@H]([C@@H](O)c1cccc2cccnc12)c1ccc(F)cc1,0.7761,2.8082,-8.7,-9.69,,seed999
Fc1cc(=O)n(CCc2ccccc2)c2c1NC(=O)[C@H]2c1ccco1,0.7954,3.1856,-8.8,-9.59,,seed999
[NH3+][C@H]1CN(C(=O)c2cccs2)[C@H](CC[C@@H]2COc3ccccc32)C1=O,0.9052,4.1584,-8.3,-10.09,,seed999
Cn1cnc2c1nc(-c1ccccc1Cl)n2Cc1ccccc1Cl,0.5284,2.3483,-8.5,-9.89,,seed999
Fc1ccc(Cn2nc(COC3CCCC3)nc2C2CCCC2)cc1,0.7705,2.4619,-8.5,-9.79,,seed999
N#C[C@H]1CN(C(=O)c2ccccc2O)[C@H](Nc2ccccc2)C[C@H]1O,0.7975,3.5753,-8.3,-9.99,,seed999
Oc1c(Cl)cccc1-c1ncc2c(c1-n1cnnc1)CCCC2,0.7816,2.9906,-8.4,-9.89,,seed999
Oc1c(C[NH+]2CCC[C@@H](c3nccs3)C2)cccc1OCc1ccccc1,0.688,3.9601,-8.4,-9.89,,seed999
F[C@]1(c2ccccc2)NC(NC(=O)c2ccccc2)O1,0.8413,3.1799,-8.4,-9.89,,seed999
c1cc2[nH]c(C3CCCC3)nc2c(COc2ccccc2)c1,0.7498,2.0605,-8.5,-9.79,,seed999
N#C[C@H](C(=O)Nc1csc(c2ccccc2)n1)c1ccccc1,0.7885,2.6357,-8.3,-9.99,,seed999
C[C@@]1(Cc2ccccc2)CCN(CCC(=O)Nc2ccccc2Br)C1,0.759,2.6358,-8.4,-9.89,,seed999
Cc1[nH]c2ccccc2c1C(=O)Nc1cnccc1C,0.7454,2.0222,-8.4,-9.89,,seed999
C[C@H](Oc1ccc(OC(F)(F)F)cc1)C(=O)Nc1ccc(CC(=O)N(C)C)cc1,0.7572,2.5072,-8.5,-9.79,,seed999
C[C@H]([NH2+]CCc1cccnc1)c1nc(-c2ccc3c(c2)OCCO3)cs1,0.7268,3.5362,-8.3,-9.99,,seed999
N[C@H](c1ccccn1)[C@@H]1CCCN(C(=O)c2cc3ccccc3s2)C1,0.7796,3.0989,-8.5,-9.79,,seed999
CN[C@@H](Cc1ccc(F)c(F)c1)C(=O)N[C@@H](C)C1CCCCC1,0.8437,2.9079,-8.7,-9.59,,seed999
Fc1cc(F)cc(C(=O)N(Cc2ccccc2F)[C@@H]2CCS(=O)(=O)C2)c1,0.8159,2.7429,-8.7,-9.59,,seed999
O[C@@H]([NH2+]C[C@@H](O)c1ccc2c(c1)OCCOCCO2)c1c(C)noc1C,0.6565,4.4393,-8.7,-9.59,,seed999
C=C1C=C(C(=O)Cc2ccccc2)CC(=O)N1c1ccc(Cl)cc1,0.8324,2.5419,-8.7,-9.59,,seed999
Cc1cc(O)cc(C)c1NC(=O)[C@@H](C)Oc1ccc(F)cc1F,0.8444,2.5127,-8.4,-9.79,,seed999
Cn1cc(/C=N/NC(=O)CCNC(=O)c2ccco2)c2ccccc21,0.5324,2.2712,-8.3,-9.89,,seed999
c1ccc(NCc2ccc(CS(=O)(=O)c3ccccc3)cc2)cc1,0.7304,1.6906,-8.3,-9.89,,seed999
[NH3+]S(=O)(=O)c1ccc(-c2nncn2-c2cc(Cl)c(Cl)cc2)s1,0.7588,3.0575,-8.4,-9.79,,seed999
[NH3+]C[C@H]1CCCC[C@@H]1C(=O)N1CCO[C@@H](c2cccc(C(F)(F)F)c2)C1,0.8881,3.8067,-8.3,-9.89,,seed999
N#C/C(=C\c1ccccc1O)c1nc2c(F)cccc2[nH]1,0.7053,2.4942,-8.3,-9.89,,seed999
N#Cc1nc([C@H]2CCCN(C(=O)c3ccsc3)C2)ccc1NC(=O)c1ccco1,0.7088,3.1983,-7.9,-10.29,,seed999
[NH3+][C@H]1[C@H]2OCCC[C@H]2[C@H]1C(=O)Nc1ccnn1C1CCCCCC1,0.8267,4.1649,-8.4,-9.79,,seed999
N[C@@H]([C@@H]1CCOC2(CCN(c3cccc[nH+]3)CC2)C1)c1ccccc1,0.936,4.636,-8.4,-9.79,,seed999
c1csc(NCc2ccccc2)c(Sc2nc3ccccc3[nH]2)c1=O,0.5359,2.5542,-8.8,-9.39,,seed999
O[C@@H](Nc1cccc(NC(=O)c2ccccc2)c1)c1cccs1,0.6192,2.473,-8.4,-9.79,,seed999
C#Cc1ccccc1-n1c(Cc2nccs2)nc2cc(S(=O)(=O)N3CCCC3)c(C)cc21,0.4181,2.9146,-9.6,-8.59,,seed999
O[C@H](CCc1c[nH]c2ccccc12)C(=O)Nc1cccc(Cl)c1,0.6675,2.4821,-8.5,-9.69,,seed999
Nc1nc(CSc2ccccc2Br)c(=O)[nH]c1-c1ccccc1,0.6612,2.4127,-8.2,-9.99,,seed999
F[C@@]1(c2ccc(Cl)cc2Cl)C[NH+]=C1Oc2ccccc2O,0.8898,3.7215,-8.6,-9.59,,seed999
Fc1c(/C=C2\CCCCC2)ccc2ccncc12,0.7035,2.6218,-8.5,-9.69,,seed999
O=[N+](Cc1ccc(-n2cccc2)cc1)NCc1cccc(OC2CCCCC2)c1,0.4262,2.738,-7.6,-10.59,,seed999
c1n[nH]c(-c2ccccc2OCCO[C@@H]2CN(Cc3ccc(Cl)c(F)c3)CCO2)n1,0.549,3.064,-8.2,-9.99,,seed999
Nn1c(SCC(=O)Nc2ccccn2)nc2ccccc21,0.5672,2.1686,-8.7,-9.49,,seed999
OC(c1ccccc1OCc1ccncc1)c1cccc(F)c1,0.7775,2.3941,-8.6,-9.59,,seed999
C=Cc1cccc(C(=O)OCc2ncnn2Cc2ccc(C)cc2)c1,0.6464,2.2551,-8.2,-9.99,,seed999
FCC/C=C/C=C1/CCC[C@@H](c2c[nH]c3ccccc23)C1,0.744,3.3508,-8.6,-9.59,,seed999
c1csc(Cl)c1[C@H]1CCc2[nH]ncc2[C@H]1S(=O)(=O)c1ccc(C(F)(F)F)cc1,0.5864,3.8297,-8.7,-9.49,,seed999
N[C@H](Sc1ccnn1-c1ccc2ccccc2c1)C(=O)NCC(F)(F)F,0.5271,3.2748,-8.2,-9.99,,seed999
c1ccc2c(c1)CCC[C@@H]2[NH2+]Cc1ccc(Cl)c(F)c1,0.8891,3.4806,-8.6,-9.49,,seed999
O=C(NC[C@H]1CCC[NH+]1Cc1ccco1)c1ccc(S(=O)(=O)N2CCCC2)c(F)c1,0.6829,4.019,-8.5,-9.59,,seed999
c1n[nH]c2c1[C@H](CCc1ccccc1Br)CC(=O)N2,0.9121,3.3199,-8.8,-9.29,,seed999
F[C@]1(NCCCC[NH2+]Cc2ccc(F)cc2)CCCCc2ccccc21,0.4188,3.8008,-8.0,-10.09,,seed999
C/c1nc(NCc2cccc(OC)c2)nn1-c1ccccc1,0.7849,1.9913,-8.2,-9.89,,seed999
c1cc(S(=O)(=O)[C@@H]2CCC[NH2+][C@H](Cc3ccccc3)C2)on1,0.9171,4.4128,-8.4,-9.69,,seed999
O=[N+]([O-])[C@@H]1COc2ccc(P(=O)(O)c3cccc(F)c3)cc2O1,0.5158,4.0407,-8.1,-9.99,,seed999
Nn1cnc2ccc(NC(=O)c3ccc(Cl)cc3[N+](=O)[O-])cc21,0.4344,2.3879,-8.7,-9.39,,seed999
Fc1cc(C[NH+]2CCC[C@@H]2c2ccc(F)cc2)cnn1,0.9241,4.5835,-8.6,-9.49,,seed999
FCC[C@@]1(Cc2ccccc2)N=C2CC(c3ccccc3)=N[C@H]2C1,0.7783,3.7396,-8.3,-9.79,,seed999
O[C@@H](c1ccc2c(c1)CCO2)C1CN(c2ccccc2F)C1,0.9456,2.7627,-8.2,-9.89,,seed999
C[C@H](Sc1ccc(N)cc1)C(=O)N1CCC[C@H]1c1cccc(F)c1,0.666,2.8677,-8.5,-9.59,,seed999
F[C@@]1(O[C@H]2CCCCC[NH2+]C2CCc2ccccc2)C[C@@H](CCO)CCO1,0.7647,4.7018,-8.7,-9.39,,seed999
C[C@@]1(NC(=O)N[C@@H]2CCN(c3ccccc3)C2=O)CCCS1,0.8987,3.5523,-8.4,-9.69,,seed999
C[C@@]1(NC(=O)c2cccnc2)CCC(C)(C)Oc2ccc(Cl)cc21,0.8817,3.166,-8.9,-9.19,,seed999
CCn1c(=O)n(CC(=O)C(=O)N[C@@H]2CCCC[C@H]2C)c2ccccc2C1,0.8239,3.2944,-8.2,-9.79,,seed999
F[C@@]1(C[NH2+]Cc2ccccc2)[C@@H](c2ccccc2F)[NH+](Cc2ccco2)CS1,0.6373,4.8447,-8.3,-9.69,,seed999
Fc1cc2c(cc1OC)CC[NH+]([C@H]1C[C@H]1c1ccccc1)CC2,0.9186,4.2532,-8.3,-9.69,,seed999
O[C@@H](Oc1ccccc1)C1CCN(S(=O)(=O)c2ccc3c(c2)CCC3)CC1,0.8013,2.7898,-7.6,-10.39,,seed999
Fc1c(S(=O)(=O)CC(=O)Nc2ccc(OCC(F)F)cc2)ccc2c1OCCO2,0.725,2.635,-8.4,-9.59,,seed999
c1cc2ccccc2c2c(N3CCOCC3)cnnc12,0.6339,2.2609,-8.4,-9.59,,seed999
NO[C@H](c1ccccc1Cl)[C@@H](c1ccccc1F)[NH+]1CCCCC1,0.8135,4.2112,-8.8,-9.19,,seed999
O=C(NNC(=O)c1ncnn1Cc1ccc(Cl)cc1)C(F)(F)F,0.8192,2.5973,-8.1,-9.89,,seed999
NN=C1c2ccccc2[C@H]1[C@H]1c2ccccc2C1=O,0.6221,3.3716,-8.9,-9.09,,seed999
NC(=O)c1cc(-c2cccc(C(F)(F)F)c2F)[nH]c1C,0.8179,2.5973,-8.9,-9.09,,seed999
N=c1oc2ccccc2n1CCS(=O)(=O)c1ccc(Br)cc1,0.7551,2.4745,-8.6,-9.39,,seed999
c1coc(N2CCC[NH+](Cc3nc4ccccc4s3)CC2=O)c1,0.7963,4.0873,-8.6,-9.39,,seed999
[NH3+]CCc1cc(F)ccc1NC(=O)[C@H]1CCCN(c2ncccn2)C1,0.8549,3.1564,-8.5,-9.49,,seed999
NC(=O)C[C@H](NC(=O)C(=O)Nc1cccc(Br)c1)c1ccccc1Cl,0.6433,2.5899,-8.0,-9.89,,seed999
[NH3+]c1ccccc1S(=O)(=O)N1CCCC[C@@H]1C1CCCCC1,0.9292,3.2026,-8.7,-9.19,,seed999
N/C(=N/NC(=O)c1cc(F)ccc1I)c1ccccc1F,0.3596,2.3102,-8.7,-9.19,,seed999
OCc1ccc(CNC(=O)C2(c3ccccc3)CCOCC2)cc1,0.8881,2.1029,-8.7,-9.19,,seed999
Oc1ccc(-c2nnc(-c3ccc(S(=O)(=O)[O-])cc3)o2)cc1,0.7342,2.3855,-8.5,-9.39,,seed999
Oc1c(-c2ccc(CO)o2)cccc1-c1ccc(F)cc1,0.7653,2.0935,-8.4,-9.49,,seed999
[NH3+]c1[nH]ncc1CCCCCNC(=O)c1ccc(-c2ccco2)cc1,0.5502,2.6969,-8.2,-9.69,,seed999
Fc1c(Cl)ccc(Cl)c1N1CCO[C@@H](c2ccccc2)C1,0.7412,2.6902,-8.3,-9.59,,seed999
C/[NH2+][C@@H](Cc1ccc([C@]2(C)CCS(=O)(=O)C2)cc1F)c1c(C)nn(C)c1C,0.8398,4.4181,-8.1,-9.79,,seed999
NN=C(CO)O[C@H](Cc1ccccc1)C(=O)N1C[C@H]2CCCC[C@@H]2C1,0.3666,3.6795,-8.3,-9.59,,seed999
F[C@@H]1N[C@](O)(CN2COc3ccccc32)C(=S)O[C@]12COCO2,0.5939,5.2622,-8.3,-9.59,,seed999
C[C@@]1([NH2+]Cc2cccnc2OCc2cc3ccccc3n2CC(F)F)CCOC1,0.63,3.9786,-8.5,-9.39,,seed999
[NH3+][C@H]1[C@H]2CCC[C@@H]2S(=O)(=O)CC[C@H]1CCc1ccc(Cl)cc1,0.9169,4.3299,-8.2,-9.69,,seed999
Cc1oc(-c2ccc(S(=O)(=O)N3CCCC[C@H]3C)c(Cl)c2)[nH+]c1C,0.8299,3.7146,-8.2,-9.69,,seed999
[NH3+][C@@]1(CO)CCC[C@@H](Sc2ccnc(Nc3ccccc3)c2)C1,0.7881,3.8551,-8.5,-9.39,,seed999
Cn1c(CNS(=O)(=O)c2ccc(C(N)=O)cc2)cnc1-c1ccccn1,0.6712,2.3664,-7.9,-9.99,,seed999
N[C@H](Sc1ccc2c(c1)OCCO2)C(=O)NCc1ccc(F)cc1,0.6406,2.8008,-8.4,-9.49,,seed999
F[C@H]1[NH2+][C@@H](c2ccc3c(c2)OCCO3)C(C#N)=C(Nc2ccccc2)c2ccccc21,0.6336,3.8402,-9.6,-8.290000000000001,,seed999
FC(F)(O)[C@H]1CCCN(Cc2cnn(-c3ccccc3)c2)C1,0.944,2.8646,-8.0,-9.79,,seed999
c1csc(C[NH+]2CCN(Cc3cc(Cc4ccccc4)ncc3)CC2)c1,0.7258,3.2141,-7.8,-9.99,,seed999
N/[NH+]=C(\NCc1ccccc1F)NC[C@@H](c1ccco1)[NH+]1CCCC1,0.1974,4.6233,-8.3,-9.49,,seed999
O[C@H]([NH2+][C@@H]1CCOc2ccccc21)c1ccc(F)cc1F,0.8505,3.7925,-8.3,-9.49,,seed999
Cn1c(CCNC(=O)c2ccc3c(c2)OCO3)nnc1CCC(F)(F)F,0.8417,2.5105,-8.0,-9.79,,seed999
NOC(=O)c1ccc(CNC(=O)c2ccc3c(c2)OCO3)cc1,0.827,2.0263,-8.3,-9.49,,seed999
N#C[C@@H]1CCCCN1C(=O)CCCCn1cc(Cl)c2ccccc21,0.7567,2.8405,-8.0,-9.79,,seed999
c1cc(Br)cc(C[NH+]2CC[C@@H](c3nc4ccccc4[nH]3)C2)c1,0.7426,4.0119,-8.0,-9.79,,seed999
c1n[nH]c(OCc2cccc(C[NH+]3CCC[C@H]3[C@@H]3CCCC3)c2)c1,0.857,4.4005,-8.4,-9.39,,seed999
N/C(=N\OC(=O)c1ccccc1)c1nc2ccccc2s1,0.3488,2.197,-8.1,-9.69,,seed999
Nc1ccccc1NC(=O)c1ccc2c(c1)OCCO2,0.8211,1.8022,-8.7,-9.09,,seed999
O[C@@H](NCc1ccc(OC(F)F)cc1)c1cccc(S(=O)(=O)N2CCOCC2)c1,0.6264,2.8639,-8.1,-9.69,,seed999
Cn1nc(N)cc1C(=O)N1CCCc2ccccc21,0.8424,2.3925,-8.6,-9.19,,seed999
[NH3+]O[C@@H]1CCCCC[C@@H]1C(=O)N1CCC(c2ccc(F)cc2)CC1,0.6819,3.3626,-8.1,-9.69,,seed999
O=c1[nH]c(-c2ccc(Br)cc2)nc(S[C@H](CO)c2ccccc2)c1N,0.4351,3.0326,-8.1,-9.69,,seed999
NOS(=O)(=O)c1ccc(C(N)=O)c(Oc2cccc3c2OCCO3)c1,0.7447,2.6212,-8.2,-9.59,,seed999
N#C[C@@]1(CCc2ccc(C(=O)[O-])cc2)CCCN(C(=O)c2ccc(Cl)s2)C1,0.7698,3.4592,-8.6,-9.19,,seed999
c1n[nH]c([C@H]2CCN(C(=O)CCc3ccc(F)cc3)C2)n1,0.9343,2.7419,-8.1,-9.69,,seed999
Fc1cc([C@H](c2cccc(F)c2)[NH+](C)CCOc2ccccc2)ccn1,0.6597,3.7645,-8.2,-9.59,,seed999
O[C@@H](N[C@@H](c1ccccc1)c1ncccn1)c1cnccc1C(F)(F)F,0.6837,3.434,-8.1,-9.69,,seed999
F[C@H]1[NH2+][C@H](COCc2ccccc2F)CN1c1ccccc1Cl,0.8486,3.7665,-8.2,-9.59,,seed999
NC(=O)[C@@H](C1CC[NH2+]CC1)NC1CCN(C(=O)c2ccccc2)CC1,0.6846,3.572,-7.9,-9.79,,seed999
N/c1[nH]ncc1-c1ccc(C(=O)Nc2cccnc2)cc1,0.685,2.0928,-8.4,-9.29,,seed999
NN[C@H](c1nnc(-c2cscc2Br)n1-c1ccccc1)c1ccncc1,0.375,3.3528,-8.8,-8.89,,seed999
Fc1cc2ccccc2c(N2CCN(CCn3cc[nH+]c3)CC2)n1,0.6865,3.2585,-8.4,-9.29,,seed999
OC(/C=N/c1cnn(-c2ncccc2Cl)c1)c1ccccc1,0.7513,3.2919,-8.3,-9.39,,seed999
Fc1cc(F)c(C[NH+]2CCC[C@H](Oc3ccccn3)C2)cc1,0.9349,4.118,-8.3,-9.39,,seed999
[NH3+][C@]1(c2ccc(F)cc2)CCCC[NH+]1Cc1ccc(F)cc1,0.8638,4.1843,-7.9,-9.79,,seed999
O[C@@H](NCc1cccnc1-n1ccnc1)c1c(F)cc(F)cc1F,0.7038,3.225,-8.4,-9.29,,seed999
O=C(NCCCC(=O)Nc1ccc(F)cc1)NC[C@H](O)c1ccccc1,0.5462,2.3063,-8.0,-9.69,,seed999
C/C(=C/c1cc(Br)co1)C(=O)N(C)CCc1ccccc1C,0.7364,2.909,-8.0,-9.69,,seed999
Oc1c(I)cc(C[NH2+]Cc2cccc(F)c2)c2cc[nH]c12,0.5832,3.6008,-8.5,-9.19,,seed999
Fc1c(-c2ccc(F)cc2)nn(C2CCCCC2)n1,0.8262,2.4575,-8.2,-9.49,,seed999
NOn1cc(NC(=O)/C=C/c2ccco2)c2ncccc2c1=O,0.5475,2.9966,-8.2,-9.49,,seed999
NN(c1ccccc1)C(=O)c1ccc2c(c1)OCCO2,0.5146,2.1207,-8.5,-9.19,,seed999
NN1C(=O)[C@]2(CCCN(c3cc(C(F)(F)F)ccc3F)C2=O)N1,0.3471,3.9479,-8.1,-9.59,,seed999
NC(=O)c1cc(C(=O)N2CCN(c3ccc(C(N)=O)c[nH+]3)CC2)cs1,0.7781,3.3114,-8.5,-9.19,,seed999
F[C@@H]1NOc2ccc(=O)n(C(=O)c3ccccc3)c21,0.7873,3.3249,-8.6,-9.09,,seed999
Oc1cc(C[NH2+]Cc2ccc(Cl)s2)c(Oc2ccc(Cl)cc2)cc1,0.6434,2.9946,-8.0,-9.69,,seed999
O[C@H](C[C@H]1COc2ccccc21)c1cccc(OC(F)(F)F)c1,0.9166,3.1303,-8.5,-9.19,,seed999
FCCCCc1cccc(C[NH+]2CCC(Oc3ccccc3F)CC2)c1,0.7082,3.3216,-8.2,-9.49,,seed999
[NH3+][C@@]1([C@H]2CCCC[C@@H]2OCC(Cl)(F)F)c2ccccc2c2ccccc21,0.7778,3.8496,-8.1,-9.59,,seed999
F[C@@]1(Oc2ccc(F)cc2)CCC[C@H]([NH2+]Cc2ccc(F)cc2)[C@@H]1CO,0.8258,4.2922,-8.1,-9.59,,seed999
C[C@@]1(Sc2ccc([N+](=O)[O-])cc2)C(=O)CCN(Cc2ccccc2)C1=O,0.4574,3.0326,-8.2,-9.49,,seed999
Fc1ccc(-c2ncc(-c3ccc(Cl)cc3)o2)cc1,0.6701,1.814,-8.2,-9.39,,seed999
F[C@]1(C[NH2+]Cc2ccc(Cl)cc2)CCC[NH+](C2CCCC2)C1,0.8222,5.094,-8.3,-9.29,,seed999
C[C@@H]1COC2=C(C(=O)c3ccc(Cl)cc3)[C@H]2C12CCCC2,0.7443,4.0559,-8.4,-9.19,,seed999
C=CCSc1nc(SCC(=O)NCc2cccnc2)n(-c2ccc(F)c(F)c2)n1,0.4105,2.6885,-8.2,-9.39,,seed999
Fc1ccc(F)c(Oc2ccc(NC(=O)COc3ncc(Br)nc3)cc2)c1,0.6232,2.2931,-8.1,-9.49,,seed999
CCc1c(C(=O)Nc2cccc(Cl)c2)cnn1-c1ccc(OC)cc1OC,0.6843,2.1082,-7.9,-9.69,,seed999
FC1(F)C[NH+](Cc2ccc(Cc3ccccc3F)cc2)C1,0.8827,3.1061,-8.1,-9.49,,seed999
Oc1c(F)cccc1[C@H]1CCC[NH+]1Cc1ccc(O)cc1,0.8102,4.1509,-7.9,-9.69,,seed999
Fc1c(/C=C/c2cccnc2)nccc1NC(=O)c1ccco1,0.7988,2.5232,-8.1,-9.49,,seed999
NOn1c(CN2CCN(c3ccccc3)CC2)nc2c1CCCC2,0.8601,2.6864,-8.0,-9.59,,seed999
c1cn([C@@H]2CCCN(C(=O)c3cnn4ncnc4c3)C2)cc1,0.7167,3.3401,-8.1,-9.49,,seed999
Cc1ccc(S(=O)(=O)N(C)Cc2nc3ccccc3[nH]2)cc1,0.8047,1.9718,-8.0,-9.59,,seed999
O[C@H](C[C@H](O)Cc1cccc2ccccc12)c1ccco1,0.7532,2.8921,-8.3,-9.29,,seed999
OC(Nc1cccc2c1OCCO2)[C@H]1[C@H](O)C(=O)N(C2CC2)[C@@H]1c1ccccc1,0.6691,3.9757,-8.7,-8.89,,seed999
FCCc1ccccc1CCn1[nH]c2ccc(F)cc2c1=O,0.7718,2.5586,-8.3,-9.29,,seed999
[NH3+]c1noc(CCc2cccc3ccccc23)n1,0.7597,2.6792,-8.3,-9.29,,seed999
[NH3+][C@@]1(O)CCCC[C@@H]1CCS[C@H](c1ccccc1)[C@H]1CCCCC1,0.7408,4.0688,-8.1,-9.49,,seed999
Cn1cnc2nc(-c3ccc4c(c3)OCCCO4)[nH]c21,0.7353,2.7358,-8.2,-9.39,,seed999
O[C@@H](N[C@H]1CCO[C@]2(CCCOC2)C1)c1ccc(F)cc1C,0.8422,4.3723,-8.0,-9.59,,seed999
c1cnn(CCCc2cccc(NC3CC[NH+](C[C@@H]4CCCO4)CC3)c2)c1,0.7494,3.8536,-8.0,-9.49,,seed999
N=C(c1cc(Cl)ccc1Cl)NC[C@@H](O)c1ccc(F)cc1,0.5912,2.7831,-8.4,-9.09,,seed999
N[C@]1(C[NH2+]Cc2cccnc2-c2ccccc2)C[C@H](C)OO1,0.814,4.2846,-8.1,-9.39,,seed999
O=[N+]([O-])c1ccc(NC2=NS(=O)(=O)c3ccc(Cl)cc32)cc1,0.6702,2.391,-8.3,-9.19,,seed999
Nc1nc(CN2CCN(CCN3C(=O)NC4(CCC4)CCC3)C2)no1,0.7954,3.658,-7.9,-9.59,,seed999
CCn1cc(CCC(=O)N[C@@H](C)c2c(C)[nH]c3c(C)ccc(C)c32)nn1,0.7119,3.1757,-8.0,-9.49,,seed999
N[C@@H](c1ccccc1)C1(C(=O)Nc2ccccc2F)CC1,0.9052,2.6998,-7.8,-9.69,,seed999
[NH3+]c1ccc([C@@H]2CCCN2C(=O)c2ccccc2F)cc1,0.9058,2.9941,-8.3,-9.19,,seed999
Fc1c(Cl)cccc1CC[NH+]1CC[C@H](Nc2ccccc2)C1,0.8661,3.9566,-8.2,-9.29,,seed999
Fc1c(O)cccc1NC(=O)c1ccc(Cl)c(CO)c1,0.8152,2.0526,-8.5,-8.99,,seed999
C/C(=N\NC(=O)c1cccc(Cl)c1)c1ccccc1Br,0.6514,1.916,-7.8,-9.69,,seed999
O=[N+](Cc1cnccc1O)C1CCN(c2cccc[nH+]2)CC1,0.8697,4.1541,-8.2,-9.29,,seed999
O[C@@H]([NH2+]C[C@H]1C[NH+]2CCN1CC2)c1cccc(-c2ccc(F)cc2)n1,0.6117,5.5008,-8.0,-9.49,,seed999
Fc1ccc(Br)cc1CNC(=O)Cc1cccc(F)c1,0.9056,1.815,-8.3,-9.19,,seed999
Fc1cc(C[NH+]2CCCN(C(=O)c3cc(Cl)ccc3Cl)CC2)oc1,0.8999,4.0595,-8.3,-9.19,,seed999
O[C@@H](O)C[C@H]1OCC[C@@H]1Oc1cccc(-c2cccnc2)c1,0.8264,3.3419,-8.2,-9.29,,seed999
[NH3+]CCN(C(=O)c1cn(C2CCC2)cc1Cl)[C@H]1CCc2ccccc2C1,0.8609,3.6308,-8.3,-9.19,,seed999
C[C@@]1(C/C([O-])=C/c2ccc(NC(=O)C(C)(C)C)cc2)C(=O)N(C)C1=O,0.5124,3.019,-8.1,-9.39,,seed999
C[C@@]1([C@@H](C)c2ccccc2)CCC[C@@]1([NH3+])Cc1ccccc1Cl,0.83,3.855,-8.0,-9.49,,seed999
N[C@H]([NH2+]CC1CCCC1)c1cccc(N(C)Cc2ccccc2)c1,0.7691,3.3027,-7.9,-9.59,,seed999
