smiles,qed,sa,egfr,her2,source
CC[C@@H](CC(=O)Nc1cccc2ccccc12)S[C@H]1CC(=O)Nc2c(F)cccc21,0.5197,3.0,-8.8,-9.9,seed42
Cc1ccc(C)c(N2C[C@@H](C(=O)Nc3ccc(C(=O)N[C@H](C)c4ccccc4)cc3)CC2=O)c1,0.5612,3.25,-9.0,-9.7,seed42
CCn1ccc2ccc(NC(=O)c3cnccc3C(=O)Nc3ccccc3)nc2c1=O,0.5221,3.0,-9.5,-8.8,seed42
Cc1ccc([N+](=O)[O-])cc1NC(=O)C1CCC(CNC(=O)c2onc3ccccc32)CC1,0.4399,3.0,-9.0,-9.2,seed42
O=C(Nc1cccc(C(F)(F)F)c1)C1CCN(C(=O)c2cccc3ccccc23)CC1,0.6139,4.25,-8.6,-9.5,seed42
CCc1nc(-c2ccccc2)ccc1NC(=O)NCc1cccc2cccnc12,0.4996,3.0,-8.6,-9.4,seed42
Cc1cccc(NC(=O)CSc2nnc3c4ccccc4n(N)c3c2C)c1C,0.4063,3.0,-8.5,-9.4,seed42
Cc1ccccc1C[C@@H]1CCC[C@@H]1NC(=O)c1ccc(NC(=O)C2CCCCC2)cc1,0.6363,4.5,-8.7,-8.9,seed42
O=C(N/N=C/[C@@H]1C(=O)NCc2ccccc21)c1ccc(F)c(F)c1,0.6686,4.0,-8.4,-8.9,seed42
O=C(CSc1nc2ccc(O)cc2[nH]1)Nc1cccc(-c2cc[nH]n2)c1,0.4057,3.0,-8.5,-8.7,seed42
C[C@@H]1c2cccn2CCN(Cc2c[nH]nc2-c2ccccc2)CCN1C(=O)[C@@H]1COc2ccccc2O1,0.4591,3.0,-9.2,-8.0,seed42
O=C(c1cc2ccccc2c([O-])n1)N1CC[C@@H]2CCCC[C@H]2C1,0.8135,6.0,-8.2,-8.9,seed42
Cc1ccc(NC(=O)C(=O)N2CCC[C@@H](c3nnc4ccccn34)C2)cc1[N+](=O)[O-],0.403,3.0,-8.5,-8.5,seed42
O=C(c1cc([O-])[nH]n1)N1CCC(c2nn(Cc3ccccc3)c3cc(Cl)ccc23)CC1,0.5314,3.0,-8.8,-8.2,seed42
COc1ccc(C(=O)Cn2ccc3ccccc32)cc1S(=O)(=O)[N-]c1ccccc1Br,0.3069,3.0,-8.1,-8.9,seed42
Cc1ccccc1Cc1nc(CC(=O)N2CC[C@@]3(CCCCC3=O)C2)cs1,0.8045,3.0,-8.0,-8.8,seed42
CS[C@H]1CC[C@@H](NC(=O)C2CCC(C(=O)c3c[nH]c4ccccc34)CC2)C1,0.7432,3.5,-7.9,-8.8,seed42
O=C(CN1C(=O)c2ccccc2C(=O)/C1=C\Nc1ccccc1)Cc1cccc(Cl)c1,0.5732,3.25,-8.5,-8.2,seed42
N#Cc1cc(F)cc(N2CCC(CNC(=O)c3ccccc3F)CC2)c1,0.9135,4.0,-8.3,-8.3,seed42
Cc1ccccc1OCC(=O)NCCNC(=O)[C@@H]1CCC(=O)N1CCc1ccccc1,0.5711,3.0,-8.0,-8.6,seed42
Cc1ccc(CN2C(=O)C(=O)N(c3cccc(C(F)(F)F)c3)C2=O)cc1,0.6202,4.5,-7.6,-8.9,seed42
O=C(NCCC12CC3CC(CC(C3)C1)C2)C(=O)Nc1cccc(C(F)(F)F)c1,0.7455,3.75,-7.8,-8.7,seed42
Cc1ncccc1NC(=O)c1ccccc1NC(=O)c1nc(C2CC2)n[nH]1,0.6459,3.0,-8.7,-7.8,seed42
CC1=NC(c2ccccc2)=NC2=C(C(=O)c3ccccc32)[C@@H]1C(=O)NCc1ccccc1,0.6788,3.0,-9.2,-7.3,seed42
Cc1ccc(CNC(=O)C[C@H]2SC(N3CCC(C)(C)C3=O)=NC(=O)N2CC(=O)Nc2ccc(F)cc2)o1,0.566,3.0,-8.7,-7.8,seed42
O=C(CNc1nc(-c2ccccc2)cs1)N1CCC(Cc2ccccc2)CC1,0.6622,3.0,-7.9,-8.6,seed42
C/C(=C/C(=O)N1CCN(c2ncccn2)CC1)C(=O)Nc1cc(F)ccc1F,0.8121,3.0,-8.2,-8.3,seed42
COc1cccc(C2(CNC(=O)[C@@H]3Cc4cc(C)c(C)c(C)c4O3)CCOCC2)c1,0.8164,3.0,-8.2,-8.2,seed42
O=C(NC[C@H]1[C@@H]2CCN(CC2)CC[NH+]1C1CCCCC1)c1cc(=O)[nH]c2ccccc12,0.6993,3.5,-9.0,-7.3,seed42
Cc1ccc2c(c1)c1ccccc1n2CCCC(=O)Nc1nccs1,0.5523,3.0,-7.9,-8.4,seed42
COc1ccccc1N1CCN(C(=O)c2coc(-c3ccc(Cl)cc3)n2)CC1,0.6664,3.0,-7.8,-8.5,seed42
Cc1ccc(OCc2nc(-c3ccoc3)no2)cc1C(=O)NC1CCCCC1,0.6853,3.0,-8.0,-8.3,seed42
CCN(c1ccc(C)cc1)S(=O)(=O)c1cccc(C(=O)Nc2cccc(C)c2)c1,0.6388,3.75,-7.9,-8.3,seed42
C[C@@H](C(=O)Nc1c(F)c(F)c(F)c(F)c1F)[NH+](C)c1ccccc1,0.4985,4.5,-7.9,-8.2,seed42
O=C(CCN1CC2(CCCC2)C1=O)Nc1nc(-c2ccc(Cl)c(Cl)c2)cs1,0.6985,3.0,-8.2,-7.9,seed42
CCc1cccc(CNC(=O)c2cc(-c3cccs3)nc3nc[nH]c23)c1,0.5594,3.0,-7.8,-8.3,seed42
COc1ccc(NCc2noc(-c3ccc4ccccc4n3)n2)cc1,0.5973,3.0,-7.7,-8.4,seed42
Cc1cccc(C(=O)NCCn2nnc3ccccc3c2=O)c1C#N,0.7776,3.0,-7.4,-8.7,seed42
CCC(=O)Nc1c(C)cccc1C(=O)N[C@H](CO)Cc1c[nH]c2ccccc12,0.5079,3.25,-7.9,-8.1,seed42
O=C1c2ccccc2C(=O)N1CCNC(=O)CC1CCCCC1,0.8486,5.25,-7.8,-8.2,seed42
Cc1ccccc1-c1noc(C[NH+]2CCC([NH+]3CCC[C@H](Cn4cccn4)C3)CC2)n1,0.6164,3.0,-7.8,-8.2,seed42
CCc1c(CNC(=O)CCNc2ccccc2C#N)oc2ccccc12,0.6774,3.0,-7.5,-8.5,seed42
CC(C)c1ccc(NC(=O)c2cc3ccccc3cn2)cc1,0.765,5.75,-7.6,-8.3,seed42
CC(=O)NCc1ccc(-c2csc(CCC(=O)Nc3nccs3)n2)cc1C,0.6321,3.0,-7.7,-8.2,seed42
CCc1cccc(NC(=O)c2cc(C)n(-c3ccccc3C)n2)c1,0.7789,4.75,-7.8,-8.1,seed42
Cc1cccc([C@@H](C#N)C(=O)CCNC(=O)N2CCc3ccccc3C2)c1,0.8877,4.0,-7.8,-8.0,seed42
CC(=O)Nc1ccc(Nc2nc3ccccc3nc2N2CC[NH+](CC3CCCCC3)CC2)cc1,0.5251,3.0,-8.0,-7.8,seed42
Cc1cccc(-c2nc(Cl)ccc2F)c1C[S@](=O)CC(=O)NC1CCCCCCC1,0.6051,3.0,-8.1,-7.7,seed42
O=C(C[NH+]1CCC(c2nnc(-c3ccc(C(F)(F)F)cc3)o2)CC1)NC1CCCCC1,0.7546,3.0,-8.2,-7.6,seed42
COc1ccc(Oc2cccc3c2CCN(C(=O)c2ccc(Cl)o2)C3)cc1,0.6404,3.0,-7.6,-8.2,seed42
Cc1n[nH]cc1CN1CCC([NH+]2CCN(C(=O)CCC(=O)c3ccccc3)CC2)CC1,0.6525,3.0,-8.2,-7.6,seed42
c1cccc(-n2c(Sc3nncn3-c3ccccc3)nc3ccsc3c2=O)c1,0.4213,3.0,-9.0,-6.7,seed42
Cc1[nH]ncc1C(=O)Nc1ncc(-c2cccc(F)c2)s1,0.78,3.0,-7.7,-7.9,seed42
CC[C@@H](C(=O)[C@@H](C#N)c1ccccc1)Nc1ccc2c(c1)OCCCO2,0.855,3.0,-7.7,-7.9,seed42
Cc1ccc([C@](C)(O)CNC(=O)CC2CCCCC2)cc1[N+](=O)[O-],0.617,4.75,-7.4,-8.2,seed42
Cc1ccc(-c2csc(C[C@@H](C)NC(=O)Nc3ccc(F)cc3)n2)cc1Cl,0.5767,3.0,-7.4,-8.2,seed42
O=C(CCCC(=O)N1CCCCCC1)NC[C@@H]1C[C@@H](O)C[NH+]1Cc1ccccc1,0.6048,3.25,-7.4,-8.2,seed42
CCCc1cccc(CNC(=O)c2cccc3[nH]ccc23)c1,0.7318,5.75,-7.5,-8.0,seed42
CCC[C@H](Cc1cccc(C)c1)[NH2+]Cc1ccc2c(c1)OCCO2,0.8476,3.0,-7.4,-8.0,seed42
Cc1ccc(NC(=O)/C=C/c2ccsc2)cc1NC(=O)CCC1CCCC1,0.6109,3.0,-7.5,-7.9,seed42
COc1ccccc1CCNC(=O)NCCCC(=O)NC1CCCCCC1,0.4581,3.0,-7.4,-8.0,seed42
N#Cc1cccnc1NCCNC(=O)CCCCOc1ccc2ccccc2c1,0.5148,3.0,-7.4,-8.0,seed42
Cc1ccc(-n2nc(C)cc2NC(=O)Nc2cccc(Cl)c2C)o1,0.7237,3.0,-7.6,-7.8,seed42
CC(=O)c1cccc([N-]S(=O)(=O)c2ccccc2[N+](=O)[O-])c1,0.4774,3.0,-7.4,-7.9,seed42
COc1cc2c(cc1Cl)C=C(CCc1ccccc1OC)C[NH+]=C(N)N2,0.7521,3.0,-7.7,-7.6,seed42
COc1ccc(/C=N/N2[C@@H](C)C(S(=O)(=O)c3cccc(C)c3)\C(=N)N2)cc1,0.7695,3.0,-7.2,-8.1,seed42
C[C@@H](NC(=O)c1ccc(C#N)cn1)c1ccc2ccccc2c1,0.8035,4.25,-7.6,-7.7,seed42
COc1cccc(N2CCN(c3ccc(NC(=O)CCn4cncn4)cn3)CC2)c1,0.6411,3.0,-7.5,-7.7,seed42
COc1ccccc1CNC(=O)CSc1nnc(CC)n1-c1ccc(F)cc1F,0.5671,3.0,-7.4,-7.8,seed42
O=C(NCc1ccccc1)C1CCN(c2ncccc2C(F)(F)F)CC[NH2+]1,0.8477,3.0,-7.3,-7.9,seed42
CC(C)Sc1ccccc1NC(=O)NC[C@H]1CN2CCCC[C@@H]2CO1,0.7856,3.0,-7.4,-7.8,seed42
CNC(=O)c1ccccc1NC(=O)Cn1nc2n(c1=O)CCCC2,0.8471,3.0,-7.2,-8.0,seed42
Cc1cc(=O)c2cc3occc3n2n1C(=O)Nc1cccc(Cn2cccn2)n1,0.5123,3.0,-7.8,-7.4,seed42
O=C(Nc1nnc(-c2ccncc2)o1)c1ccccc1Cl,0.8038,3.0,-7.2,-7.9,seed42
Cc1ccc(NC(=O)CCc2nc3sc(C)cc3c(=O)[nH]2)c(N(C)C)c1,0.7227,3.0,-7.2,-7.9,seed42
COc1ccc(CC[NH2+][C@@H]2CCC[C@@H]2CCCc2ccccc2)cc1OC,0.6878,3.0,-7.5,-7.6,seed42
Cc1ccc(Br)cc1NC(=O)C(=O)N[C@@H](C)c1ccccc1Cl,0.7643,6.0,-7.0,-8.1,seed42
Cc1ccc(Nc2ccc3nnc(C)n3n2)cc1C,0.7627,3.25,-7.5,-7.5,seed42
COc1cccc(C[NH+]2CCN(CC(=O)Nc3ccccc3C)CC2)c1OC(F)F,0.6856,3.0,-7.3,-7.7,seed42
COc1cccc([C@H](OCc2ccccc2)C2CCN(C(=O)C(C)(C)C)CC2)c1,0.6715,3.0,-7.8,-7.2,seed42
CC(=O)NCCSc1nc2ccccc2n1Cc1ccc(F)cc1C,0.5397,3.0,-7.7,-7.3,seed42
CCc1cccc(C(=O)NCc2ccc[nH+]c2N2CC[NH+]([C@H](C)C(C)C)CC2)c1,0.7491,4.0,-7.3,-7.7,seed42
O=C(Cc1n[nH]c2ccccc12)NCCCOc1ccccc1F,0.6558,3.0,-7.1,-7.9,seed42
COc1ccccc1NC(=O)C1CCN(C(=O)c2csc3c2CCCC3)CC1,0.8426,3.0,-7.7,-7.3,seed42
C[C@@H](NC(=O)C1CCCCC1)c1nc(Cc2ccccc2)no1,0.9181,3.0,-7.1,-7.9,seed42
C[C@@H]([NH2+]C[C@](C)(O)c1ccccc1)C12CC3CC(CC(C3)C1)C2,0.8609,5.75,-7.4,-7.6,seed42
CC[C@@H](NC(=O)CCC(F)(F)F)[C@@H]1CC(=O)N2CCc3ccccc3[C@H]21,0.8664,4.25,-7.9,-7.1,seed42
CC(=O)O[C@@H]1C(=O)C[C@](CC(=O)c2ccccc2)(C(F)(F)F)N1c1ccc(Cl)cc1,0.5037,3.0,-7.2,-7.7,seed42
C[C@@H](Oc1ccccc1C#N)C(=O)NC[C@H](C)Cc1ccccc1,0.8503,3.0,-7.0,-7.9,seed42
O=C(NCc1ccco1)c1cc2ccccc2c(=O)[nH]1,0.763,4.75,-7.2,-7.7,seed42
Cc1ccc(C)cc1NC(=O)CNc1ccccc1N,0.7475,6.5,-7.1,-7.8,seed42
O=c1[nH]c(/C=C2/SC(=S)N(c3ccc4c(c3)OCCO4)C2=O)c(N2C[C@H]3CC=CC[C@H]3C2)ccc1=O,0.2848,3.0,-7.6,-7.2,seed42
C[C@H]1CCCCN1S(=O)(=O)c1ccc(S(=O)(=O)NCCc2ccccc2)cc1,0.7437,3.0,-6.9,-7.9,seed42
Cc1ccc(-c2csc(NC(=O)CN3CCCC3=O)n2)cc1,0.9433,3.0,-7.4,-7.4,seed42
NC(=O)[C@H]1CC(=O)N(Cc2ccc(F)cc2)C(=O)[C@@H]1c1ccccc1,0.8643,5.0,-7.5,-7.3,seed42
CC(C)[C@H](NC(=O)c1n[nH]cc1C(=O)[O-])c1ccc(F)cc1,0.862,3.5,-7.4,-7.4,seed42
CCc1ccccc1NS(=O)(=O)c1ccccc1NC(=O)[C@@H]1C[C@@H]1C,0.8276,4.0,-7.2,-7.6,seed42
CC1(CNC(=O)C[C@@H](C)c2c(F)cccc2Br)CCCC1,0.8084,6.25,-7.1,-7.7,seed42
CC(C)NC(=O)CNC(=O)c1cc2ccccc2c(Cl)n1,0.8502,4.5,-7.2,-7.6,seed42
CCc1noc2c([C@@H](C)[NH2+][C@H]3C[C@@H]4CCCC[C@@H]34)c[nH]c2c1=O,0.9084,3.0,-7.4,-7.4,seed42
O=C(Nc1ccc(F)cc1F)c1ccc(F)cc1Cl,0.8873,6.5,-7.4,-7.3,seed42
Cc1ccc(N2Cc3ccccc3C2=O)c(NC(=O)[C@H]2CCCC[C@H]2C(=O)[O-])c1,0.8677,4.5,-7.9,-6.8,seed42
O=C(COc1ccc2[nH]ccc2c1)NCCN1C(=O)CCCC1=O,0.7792,3.0,-7.0,-7.7,seed42
CC1(C)CC[C@H](CNC(=O)CCCN2C(=O)c3ccccc3C2=O)C1(C)C,0.7776,4.75,-6.7,-8.0,seed42
CCc1cc(=O)n2cc(C[NH2+]CC3(CCn4cccn4)CCCC3)[nH]c2n1,0.6309,3.0,-6.9,-7.8,seed42
Cc1ccc([C@@H](C)NC(=O)C2=CCCCO2)cc1C(F)(F)F,0.9193,5.25,-7.2,-7.5,seed42
C[C@@H](CC(=O)c1ccccc1)NC(=O)[C@@H]1CCC[NH+]1CC(=O)NC1CC1,0.5764,3.25,-7.4,-7.3,seed42
Cc1noc(C)c1Cn1cccc1CCC(=O)N1CCCCCC1,0.8437,3.0,-7.3,-7.4,seed42
CCn1c(S[C@H](C)C(=O)N2C[C@H](C)C[C@@H](C)C2)nc2ccccc2c1=O,0.6088,3.0,-7.0,-7.7,seed42
O=C(CCn1nnc2ccccc2c1=O)Nc1nccs1,0.7836,3.0,-7.2,-7.5,seed42
CCc1ccc[n+]c1SCC(=O)Nc1ccc(C)cc1C,0.9234,4.75,-7.1,-7.6,seed42
Cc1ccccc1C[NH2+][C@@H](C)CCN1C[C@H]2CCCC[NH+]2C[C@@H]1C,0.7978,5.75,-7.2,-7.4,seed42
CC[NH+](CC)CC(C)(C)CNC(=O)NCc1cccc(F)c1C(F)(F)F,0.5985,3.25,-7.2,-7.4,seed42
Cn1ccc([C@H](CNC(=O)N[C@@H]2CCCCC[C@H]2C(=O)[O-])C(F)(F)F)n1,0.7521,3.0,-7.2,-7.4,seed42
CC[C@H](Cc1ccccc1)NC(=O)N(CC)Cc1ccccc1F,0.8036,5.0,-7.0,-7.6,seed42
CCN(CC)C(=O)NCCCNC(=O)c1csc(-c2ccccc2)n1,0.7109,3.0,-7.1,-7.5,seed42
CCc1ccccc1N(C)C(=O)N[C@@H](C)c1cccc(C#N)c1,0.9269,5.5,-6.9,-7.6,seed42
COc1ccccc1CC(=O)N1C[C@@H](O)C[C@@H]1c1cc2ccccc2o1,0.7832,3.0,-7.5,-7.0,seed42
C#Cc1ccccc1Nc1ccc2nnc(C[NH+]3CCC(C)CC3)n2n1,0.705,3.0,-7.6,-6.9,seed42
COC(=O)c1ccc(Br)c(-c2ccc(N3CCC[C@@H](CO)C3)nn2)n1,0.7785,3.0,-7.5,-7.0,seed42
COc1cccc(CN2CCC[C@@H](c3nncn3C(C)C)C2)c1O,0.913,3.0,-7.2,-7.3,seed42
C[NH+](C)Cc1ccccc1NC(=O)c1ncoc1-c1ccccc1,0.7572,3.0,-6.9,-7.5,seed42
O=C(Cn1nc2ccccn2c1=O)N(CCO)Cc1ccccc1,0.716,3.0,-6.9,-7.5,seed42
CN(C)c1ccccc1NC(=O)NCc1cccc(Cn2ccnc2)c1,0.7175,3.0,-6.7,-7.7,seed42
CC(=O)c1ccccc1NCc1csc(-c2ccccn2)n1,0.7232,3.0,-6.9,-7.5,seed42
CO[C@@H](CNC(=O)c1cc(F)ccc1C)c1ccccc1,0.9164,5.0,-7.0,-7.4,seed42
O=c1ccc([N+](=O)[O-])cn1C[C@@H]1CCCC[NH+]1Cc1ccccn1,0.6493,3.0,-7.3,-7.1,seed42
CCn1/c(=N/C(=O)CCCCc2ccccn2)[nH]c2ccccc21,0.7083,3.0,-6.8,-7.6,seed42
C[C@H]1CN(C(=O)CCCCNC(=O)Nc2ccccc2)CC[NH+](C)C[C@@H]1C,0.6616,4.75,-7.3,-7.1,seed42
C[C@H]1CN(Cc2ccco2)CCN1C(=O)CCc1ccccc1Br,0.78,4.0,-7.1,-7.3,seed42
C[NH2+][C@H](c1ccc(F)cc1)[C@@H]1CCN(c2ccccc2OC)CCO1,0.9041,3.0,-7.1,-7.3,seed42
CN(C)c1ccccc1NC(=O)C[NH+]1CCC(NC(=O)CC2CCCCC2)CC1,0.6531,3.75,-6.8,-7.6,seed42
CCc1ccccc1NC(=O)NCCCC[NH+]1CCC[C@@H](C)C1,0.6646,5.25,-6.8,-7.6,seed42
CCNC(=O)[C@@H]1CCCN1C(=O)CCCc1c[nH]c2ccccc12,0.8564,4.5,-7.1,-7.3,seed42
CCC1(CC)NC(=O)N(CC(=O)NC2CCCCCC2)C12CCCCC2,0.7221,5.5,-7.6,-6.8,seed42
CSc1ccccc1NC(=O)CCn1c(=O)oc2ccccc2c1=O,0.711,3.0,-7.2,-7.1,seed42
Cc1ccccc1C[C@H]1CCC[NH+]1CCCNC(=O)CCC(=O)c1cccs1,0.4768,3.0,-6.7,-7.6,seed42
CCc1nc2ccccc2c(=O)n1NC(=O)CC[C@@H]1CCCO1,0.9155,3.0,-7.1,-7.2,seed42
CCC(=O)[C@H](CC)n1c([C@H]2CC(=O)N(c3ccccc3C)C2)nc2ccccc21,0.6087,3.0,-7.1,-7.2,seed42
C[C@@H]1CCCC[C@H]1NC(=O)c1ccc2c(c1)CCCN2S(C)(=O)=O,0.9113,5.75,-7.3,-7.0,seed42
Cc1ccccc1[C@@H](C)[NH2+][C@@H](CC(F)(F)F)c1ccc(Br)cc1,0.7375,5.5,-7.4,-6.9,seed42
Cc1ccc(-n2cccc2CN2CCCC2=O)cc1C[NH+](C)CC1CC1,0.8143,4.0,-7.2,-7.1,seed42
CNC(=O)c1cccc(OC(=O)c2ccccc2)n1,0.8479,4.5,-6.9,-7.4,seed42
CCc1ccsc1CNC(=O)N[C@@H]1c2ccccc2C[C@H]1C,0.8782,5.0,-7.0,-7.2,seed42
Cc1ccc(-c2cccs2)cc1NC(=O)N[C@H]1CCOC1,0.9093,4.0,-6.9,-7.3,seed42
CC1(C)CCC[NH+]1CCCCNC(=O)N1CCC[C@@H]1c1ccccc1,0.7652,5.25,-7.1,-7.1,seed42
Cc1cc(C(=O)N2CCN(C(=O)c3ccccc3)CC2)c(C)[nH]1,0.9244,6.5,-6.7,-7.5,seed42
CC(=O)Nc1ccc(Nc2ccccc2NC(=O)C(F)(F)F)cc1,0.7926,4.5,-7.1,-7.1,seed42
CC[NH+](CC(=O)NC1CCCCC1)S(=O)(=O)c1ccc(NC(C)=O)cc1,0.6463,3.25,-7.1,-7.1,seed42
COC(=O)Cn1/c(=N\C(=O)CCCS(=O)(=O)c2ccccc2)sc2cc(C)ccc21,0.5203,3.0,-7.1,-7.1,seed42
CC[C@@H](C)OC(=O)c1cccc(NC(=O)c2cc(C)on2)c1,0.8577,3.0,-6.9,-7.3,seed42
CCN(Cc1ccccc1Cl)C(=O)c1ccc(NC(=O)C2CC2)cc1,0.836,4.5,-7.2,-7.0,seed42
C[C@@H]1CCCCN1S(=O)(=O)c1csc(C(=O)Nc2ccccc2)n1,0.9033,3.0,-6.9,-7.3,seed42
N#Cc1cnn(-c2ncc(-c3ccccc3)oc2=O)n1,0.689,3.0,-7.2,-7.0,seed42
CCc1ccc([C@H](Cc2ccccc2)[NH2+]Cc2ncoc2C)cc1,0.7224,3.0,-7.6,-6.6,seed42
CC(C)c1ccccc1NC(=O)[C@@H]1CCCCC[NH+]1CC(=O)NC(C)(C)C,0.7415,5.75,-6.9,-7.3,seed42
C[C@H]1CCCN(C(=O)Cn2ncc3ccccc3c2=O)C1,0.8429,5.5,-6.9,-7.2,seed42
O=C(CCc1nc(C2CC2)n[nH]1)Nc1ccccc1-n1cccn1,0.7293,3.0,-6.9,-7.2,seed42
Cc1ccccc1CCn1c(CC[NH3+])nc2cccnc21,0.7745,3.25,-7.2,-6.9,seed42
CCCCN1C(=O)c2oc3ccc(C)cc3c(=O)c2[C@]12C(=O)N(Cc1ccccc1OC(C)C)c1ccccc12,0.2923,3.0,-7.7,-6.4,seed42
CNC(=O)CNC(=O)[C@@H]1C[C@@H]2CCCC[C@@H]2N1C(=O)c1ccccc1,0.8654,5.25,-7.4,-6.7,seed42
CCN(CC)S(=O)(=O)c1ccc(CCC(=O)Nc2ccccc2C#N)o1,0.7639,3.0,-6.8,-7.3,seed42
C=CCNC(=O)NC(=O)CSc1ncnc2ccccc12,0.4991,3.0,-6.8,-7.3,seed42
O=C1[C@@H]2C[NH+](Cc3ccccc3)CC[C@@H]2CCN1c1ccccc1,0.9204,6.5,-7.0,-7.1,seed42
CCC[C@@H](C)NC(=O)NCCN1C(=O)[C@H]2CC=CC[C@@H]2C(=O)N1CCc1cccs1,0.5888,3.0,-7.0,-7.1,seed42
CCNC(=O)NCC(=O)N[C@H]1CCN(c2cccc(C)c2C)C1,0.7664,5.25,-6.8,-7.3,seed42
CCCCNC(=O)C1CCN(C(=O)[C@H]2CCCN2C(=O)NC2CCCCC2)CC1,0.6655,4.0,-7.3,-6.8,seed42
C[C@H](CC1CCCCC1)C(=O)NCCNc1cccc(Br)c1,0.6927,5.25,-6.6,-7.5,seed42
Cc1cc([C@H]([NH2+]Cc2c(F)cccc2Cl)C2CC2)c(C)o1,0.8916,4.5,-6.8,-7.2,seed42
COC(=O)c1c(NC(=O)c2cccc(C#N)c2)sc(C)c1C(C)C,0.8488,3.0,-6.7,-7.3,seed42
C[C@@H]1CN(CC(=O)NCC[NH+]2CCCC2)c2ncccc2c1=O,0.7695,3.75,-6.8,-7.2,seed42
COc1cc(OC)c(Cl)cc1S(=O)(=O)Nc1ccccc1C(=O)NC(C)C,0.7273,3.0,-7.0,-7.0,seed42
CC(C)(C)c1ccc(OCC(=O)Nc2cccnc2Cl)cc1,0.8652,4.0,-6.7,-7.3,seed42
Cc1cc(C)c(N(C)C(=O)CCCn2c(-c3cccs3)n[nH]c2=S)cc1,0.6233,3.0,-6.9,-7.1,seed42
C[C@H]1C[NH+]2CCCC[C@@H]2CN1c1cc(C(=O)[O-])cc(-c2ccc(Cl)cn2)n1,0.8445,3.0,-7.2,-6.8,seed42
O=C(N[C@H](Cn1cncn1)c1cccs1)C(=O)Nc1cccc(F)c1,0.6819,3.0,-6.8,-7.2,seed42
COc1ccoc1CNC(=O)CCSc1cc2ccccc2[nH]1,0.65,3.0,-6.9,-7.1,seed42
CCOc1ccccc1/C=C/C(=O)Oc1cc(OC)ccc1Br,0.4232,3.0,-6.7,-7.3,seed42
CC(C)NC(=O)Cc1csc(NC(=O)CSc2ccccc2Cl)n1,0.7165,3.0,-6.7,-7.3,seed42
O=C(NC[C@@H](c1cccs1)N1CCOCC1)C(=O)Nc1ccccc1F,0.7824,3.0,-6.9,-7.1,seed42
CC[C@@H](C)NC(=O)[C@@H](CC(C)C)NC(=O)c1cccc(C)c1,0.8132,5.75,-7.2,-6.8,seed42
CCCCNC(=O)c1ccc(NC[C@H]2CCCC[NH2+]2)cc1[N+](=O)[O-],0.3819,3.25,-7.0,-7.0,seed42
CCc1noc(C)c1CNC(=O)Cc1ccc(CC)cc1,0.8879,3.5,-6.8,-7.2,seed42
CCN1CCC([NH2+][C@@H](C)c2cccc(-n3ccnc3)c2)CC1,0.9166,4.5,-6.7,-7.2,seed42
CCCn1cc(C(=O)N[C@@H](C)c2nc(-c3ccccc3)cs2)cn1,0.74,3.0,-6.7,-7.2,seed42
Cc1cc(F)cc(N[C@H](C[C@H]2CCCCO2)C(=O)[O-])c1N,0.7972,4.25,-6.9,-7.0,seed42
CC(=O)Nc1ccccc1CCNC(=O)c1ccc(OC)nc1,0.8548,3.0,-6.7,-7.2,seed42
CSc1ccccc1NC(=O)C(=O)c1cnc([C@@H]2CCCO2)s1,0.5084,3.0,-7.0,-6.9,seed42
CCCn1nc(C)c(NC(=O)c2cccc(C[S@](C)=O)c2)c1C,0.8835,3.5,-6.7,-7.2,seed42
C[C@@H](NC(=O)/C=C/c1ccco1)C(=O)N1CCn2c(nn(C)c2=O)C1,0.769,3.0,-7.1,-6.8,seed42
COc1cc([C@H]2CC(=O)N(c3ccccc3C(F)(F)F)[C@H]3CCCCC[NH+]2C3)ccc1Cl,0.7113,3.0,-7.6,-6.3,seed42
CCC[C@@H]1CN(C(=O)Cc2nc3c(s2)C[C@@H](C)CC3)C[NH2+]C(C)(C)C1,0.893,3.75,-6.8,-7.0,seed42
Cc1ccc(NCc2noc(-c3ccco3)n2)c(O)c1,0.7096,3.0,-6.3,-7.5,seed42
Cc1cccc(C[C@@H](C)NC(=O)[C@H]2CN(C)CCO2)c1Cl,0.925,5.25,-6.6,-7.2,seed42
COc1ccc(CN[C@@H](C)c2ccccc2[N+](=O)[O-])c(OC)c1,0.6253,3.0,-6.9,-6.9,seed42
Cc1occc1-c1nnc(SCC[C@H]2CCCCC[NH2+]2)[nH]1,0.8319,3.0,-6.7,-7.1,seed42
CC1(C)CCCN(c2cc(CNc3ncccn3)ncn2)C1,0.9352,3.0,-7.1,-6.7,seed42
CC[C@@H](C)c1ccccc1NC(=O)C(=O)NCCc1cccs1,0.7958,4.0,-6.7,-7.1,seed42
C[C@@H](CCCO)NC(=O)C1CC[NH+](Cc2ccc(N3CCOCC3)cc2)CC1,0.6081,3.0,-6.9,-6.9,seed42
CCOc1ccccc1[C@@H](CNC(=O)[C@@H]1Cc2ccccc2S1)NCC,0.7459,3.0,-6.8,-7.0,seed42
CC(C)CNC(=O)CNC(=O)C(=O)Nc1ccc(F)c(Cl)c1,0.7117,4.75,-6.5,-7.3,seed42
COc1cccc(NCc2noc([C@H]3CCC[NH2+]C3)n2)c1,0.8627,3.0,-6.6,-7.1,seed42
COc1ccsc1C[NH+]1CCC[C@@H](CN(C(=O)c2ccccn2)C2CCCC2)C1,0.7576,3.0,-7.2,-6.5,seed42
C[C@@H](C(=O)NCCN1C(=O)CSC1=O)N1CCN(C(=O)[C@@H]2CCCO2)CC1,0.6445,3.0,-6.7,-7.0,seed42
CN(C[C@@H]1CCC[C@@H]1CO)C(=O)c1n[nH]c(=O)c2ccccc12,0.8928,4.0,-6.7,-7.0,seed42
CCOC(=O)c1ccccc1NC(=O)[C@@H]1CCCC[C@@H]1[NH3+],0.8266,5.25,-6.6,-7.1,seed42
CNC(=O)c1noc(CS(=O)(=O)c2ccc3c(c2)OCO3)n1,0.8419,3.0,-6.6,-7.1,seed42
C[C@H]1C[C@H](c2ccc(F)cc2)C[NH+](C(C)C)[C@H](C)C1,0.8373,8.75,-6.9,-6.8,seed42
Cc1nc([N-]S(=O)(=O)c2ccccc2C#CCC(C)C)sc1C,0.7622,3.0,-6.7,-7.0,seed42
CCc1ccsc1C[NH2+][C@@H]1CC(C)(C)Cc2ccccc21,0.8757,6.0,-7.0,-6.7,seed42
Cc1ccccc1NC(=O)C[NH2+]CCc1ccccc1,0.771,6.0,-6.7,-7.0,seed42
Cc1ccc([C@@H](C)[NH2+]Cc2ncn(C3CCCCC3)n2)o1,0.9197,3.0,-6.6,-7.1,seed42
CC1(C)C(NS(=O)(=O)c2cc([N+](=O)[O-])ccc2F)C1(C)C,0.6822,4.75,-6.7,-6.9,seed42
NC(=[NH2+])Oc1ccc([C@@H]2CCC(=O)N2CCc2ccsc2)cc1,0.6363,3.0,-6.9,-6.7,seed42
COc1cccc(CN2CCN(CC(=O)N3CCC[C@@H]3C)CC2)c1OC(F)F,0.7072,3.0,-6.7,-6.9,seed42
CCc1cccc(C)c1NC(=O)C(=O)NCCC/C(N)=O,0.5353,5.25,-6.5,-7.1,seed42
CC[NH+]1CC[C@H](N2CCN(C(=O)c3ccccc3)CC2)C[C@H]1CCn1cccc1,0.8088,4.0,-6.6,-7.0,seed42
CC(C)Oc1ccc([C@@H](C)[NH2+][C@@H]2CCCc3cccnc32)cc1,0.9165,4.0,-6.8,-6.8,seed42
CC[NH2+][C@@H](C)c1ccc(OCc2ccc(F)cc2)cc1,0.8605,5.0,-6.8,-6.8,seed42
CCc1cccc(C(=O)N2CCCCCC[C@H]2c2ccco2)c1,0.7998,6.0,-7.1,-6.5,seed42
O=C([C@@H](c1ccccc1)c1ccccc1)N1CCCCCCC1,0.8105,7.5,-6.5,-7.1,seed42
CNC(=O)[C@H](CNC(=O)Nc1ccc(F)cc1)n1cccn1,0.7735,3.0,-6.6,-7.0,seed42
CC(C)NC(=O)c1ccccc1NCC(=O)N1CCCCCCC1,0.8717,5.75,-6.8,-6.8,seed42
C[NH+](CCc1ccccc1)Cc1cnc([C@H]2CCC[NH2+]C2)nc1,0.799,3.0,-6.5,-7.1,seed42
Cc1nc([C@@H](C)[NH2+][C@H]2CCC[C@H]2c2cccc(F)c2)cs1,0.9195,4.0,-6.7,-6.8,seed42
COc1ccc(CN(C[C@@H]2CCCO2)C2CCCC2)c([N+](=O)[O-])c1,0.5636,3.0,-6.9,-6.6,seed42
Cc1cccnc1C[C@@H]([NH3+])c1ccc([C@@H]2C[C@H]2C)s1,0.9134,4.5,-6.4,-7.1,seed42
C[C@@H]1Oc2ccccc2N(CC(=O)NCCC[NH+]2CCCC2)C1=O,0.7202,3.25,-6.8,-6.7,seed42
CC(C)[C@@H](CC(F)(F)F)n1cnc2ccccc2c1=O,0.8636,5.0,-6.5,-7.0,seed42
CC[C@H](C(=O)Nc1cccc(N(C)C(C)=O)c1)[NH+](C)Cc1cccs1,0.795,3.0,-6.7,-6.8,seed42
Cc1ccccc1C(=O)NCCCn1ccccc1=O,0.8446,6.0,-6.5,-7.0,seed42
CCN(CC)C(=O)CNC(=O)N[C@@H](C)c1ccc(C)cc1,0.844,5.75,-6.6,-6.9,seed42
Cc1nc(C(C)C)[nH]c(=O)c1CCC(=O)NCCSc1cccs1,0.5567,3.0,-6.5,-7.0,seed42
CCCc1ccc(NC(=O)[C@@H]2CCCC[C@@H]2C(=O)[O-])cc1,0.9021,6.25,-6.9,-6.6,seed42
CCc1nn(CC)cc1CNCC(C)(C)[NH+]1C[C@@H](C)C[C@@H](C)C1,0.8042,4.25,-6.7,-6.8,seed42
CC(C)(C)c1cccc(OCC2C[C@@H]3CC[C@H](C2)[NH2+]3)n1,0.9188,5.25,-6.7,-6.7,seed42
C[C@H](c1ccccc1)N(C)C(=O)Cc1ccc(OCC#N)cc1,0.822,3.5,-6.7,-6.7,seed42
Cc1cc(F)cc(N[C@H](C)c2cccnc2)c1,0.8692,6.5,-6.7,-6.7,seed42
CCc1ccc([C@@H](NC(=O)[C@@H](C)NC(C)=O)C(F)F)cc1,0.8456,5.25,-6.5,-6.9,seed42
Cn1c[nH+]cc1C1CCN(C(=O)c2ccccc2)CC1,0.8207,7.0,-6.7,-6.7,seed42
CSc1nnc(C[NH+](C)Cc2cccc3c2CCCC3)o1,0.8568,3.0,-6.4,-7.0,seed42
CCCCn1c(=O)c2ccc(Cl)cc2n(Cc2ccc(C(=O)[O-])cc2)c1=O,0.6495,3.25,-7.1,-6.3,seed42
O=C(Nc1cc(C2CC2)[nH]n1)[C@H]1Cc2ccccc2S1,0.9113,3.5,-6.8,-6.6,seed42
NC(=O)CCCNC(=O)c1cc(F)c(F)c(F)c1F,0.3679,4.75,-6.6,-6.8,seed42
Cc1ccccc1C[C@H]1CCCN1C(=O)N[C@@H]1CCCC[C@H]1C(C)C,0.8268,6.75,-7.1,-6.3,seed42
O=C(c1ccncc1Cl)N1CCc2[nH]ncc2C12CCCC2,0.8796,4.0,-7.1,-6.3,seed42
C[C@@H](Cn1cccn1)NC(=O)NCCC(=O)N1CCCCCC1,0.8302,3.25,-6.3,-7.1,seed42
C[C@@H](CCOC1CCCCC1)C[NH2+]C1CCCCCCC1,0.7537,5.5,-6.6,-6.8,seed42
CC[C@H](C(=O)NC1CC1)N(Cc1ccccc1)c1ccc(C#N)cc1,0.8417,3.5,-6.9,-6.4,seed42
Cc1n[nH]c(SCCCC(=O)Nc2ccccc2C)n1,0.6336,3.0,-6.7,-6.6,seed42
CCCCC[C@@H](C)NC(=O)Cc1ccc2c(c1)CCC(=O)N2,0.7599,5.25,-6.3,-7.0,seed42
Oc1ccccc1COc1ccc(Br)cc1F,0.9315,6.0,-6.5,-6.8,seed42
Cc1cncc(OCCC(=O)N2CC[C@@](C)(c3ccccc3)C2)n1,0.8481,3.0,-7.0,-6.3,seed42
Cc1cc(F)ccc1C(=O)NCCC(C)CC1CC1,0.8329,6.25,-6.3,-7.0,seed42
C[C@H](CNC(=O)c1ccccc1SC(F)F)NC(N)=O,0.7005,3.25,-6.9,-6.4,seed42
COc1ccccc1CCC[NH2+][C@@H]1CCN(C(C)C)C[C@@H]1C,0.7834,4.75,-6.5,-6.8,seed42
Cc1nn(-c2ccc(Cl)cc2)cc1C[NH+](C)CCC(=O)NC(C)C,0.8,3.0,-6.2,-7.0,seed42
CC(=O)NCc1cccc(Cn2ccc(C=O)c2)c1,0.8316,6.0,-6.5,-6.7,seed42
C#CCOc1ccccc1NCC(=O)N1CCC[C@H]1CC,0.817,3.75,-6.5,-6.7,seed42
CC(C)c1noc(C[C@]2([NH3+])CCc3ccccc32)n1,0.9128,3.5,-6.4,-6.8,seed42
N=C(S)N1N=C(c2ccccc2)[C@H]2C(=O)N=C(N3CCOCC3)C(=O)N21,0.409,3.0,-7.2,-6.0,seed42
Cc1noc(C)c1CCCNC(=O)C1CCC([NH3+])CC1,0.7934,3.75,-6.3,-6.9,seed42
C#CCNC(=O)c1cccc(NC(=O)c2ccco2)c1,0.8318,4.0,-6.4,-6.8,seed42
CC(C)C[NH+](CC)CC[NH2+]Cc1ccc2ccccc2c1,0.6858,5.5,-6.4,-6.8,seed42
CC1(C)CCC[C@H]1NC(=O)NCCC(=O)NC[C@@H]1CCCO1,0.6961,4.0,-6.3,-6.9,seed42
C[C@@H]([NH2+][C@@H](C)c1cccnc1)C1CCCCC1,0.851,6.75,-6.5,-6.7,seed42
Cc1nc(C[C@H](NC(=O)c2cc(C#N)cs2)C2CCCC2)no1,0.9098,3.0,-6.5,-6.7,seed42
Cc1ccc(C(=O)NNc2cccc(F)c2)s1,0.8222,5.5,-6.4,-6.8,seed42
O=C([C@@H]1CCCc2ccccc21)N(CCC(F)(F)F)CC1CC1,0.7904,5.25,-6.8,-6.4,seed42
C[C@@H]1CCC[NH+](Cc2ccc(CC#N)cc2[N+](=O)[O-])CC1,0.6788,5.25,-6.6,-6.6,seed42
Cn1cccc1[C@H]1CCC[NH+]1CCCCC[NH2+]CC1CCCCC1,0.6472,4.25,-6.6,-6.6,seed42
C[C@](O)(CSc1ccc2ccccc2n1)C[NH+]1CCCC1,0.8267,3.5,-6.5,-6.7,seed42
Cc1ccc(NC(=O)CC-c2ccco2)c(OCC2CC2)n1,0.8514,3.0,-6.7,-6.5,seed42
CC(C)C(=O)N1CSC[C@@H]1C(=O)Nc1ccccc1OCC1CC1,0.8586,3.0,-6.2,-6.9,seed42
Cc1cc(Cl)ccc1N1C(=O)/C(=C\c2ccc(N(C)C)cc2)C(=O)N=C1[O-],0.603,4.0,-6.9,-6.2,seed42
CCn1cc(-c2nc(C(F)(F)F)ccc2C(=O)NC2CCCCC2)n(C)c1=S,0.7397,3.0,-6.9,-6.2,seed42
N#CCCNCc1ccc(C[NH+]2CCC(C(=O)[O-])oc3ccccc32)o1,0.6726,3.0,-6.7,-6.4,seed42
CCCc1nc(CSCC(=O)N[C@H](C)CCC2CCCCC2)no1,0.6851,3.0,-6.4,-6.7,seed42
CCCc1ccc(-c2noc3nccnc23)cn1,0.7037,3.0,-6.4,-6.7,seed42
Cc1csc2nc(CSc3nnc(C[NH+](C)C)[nH]3)nc(C)c12,0.6891,3.0,-6.5,-6.6,seed42
CCN(Cc1ccc(C(=O)OC)cc1)[C@@H](C)c1cccc[n+]1,0.7581,3.75,-6.5,-6.6,seed42
N#CCCN(C(=O)c1csc(-c2ccccc2)n1)C1CC1,0.8503,3.0,-6.5,-6.6,seed42
C/[NH+]=C(/NCc1nonc1C)N[C@@H](C)c1ccccc1,0.5353,3.0,-6.6,-6.5,seed42
CCS[C@@H]1CCCC[C@@H]1NC(=O)Nc1ccccc1-n1cccn1,0.8598,3.0,-6.6,-6.5,seed42
CC(C)CNC(=O)CCCC(=O)c1ccc(F)c(F)c1,0.7816,5.25,-6.6,-6.5,seed42
C[C@H]1C[C@@H]([NH3+])CN(C(=O)c2ccc3c(c2)OCCO3)C1,0.815,5.25,-6.9,-6.1,seed42
NC(=O)CCNC(=O)[C@H]1CCC[NH+]1Cc1ccc([N+](=O)[O-])cc1,0.4466,3.25,-6.5,-6.5,seed42
CCc1n[nH]c([C@@H]2CNC(=O)[C@@H]2Cc2cccnc2)n1,0.8626,3.0,-6.7,-6.3,seed42
OCC[C@@H]1c2[nH]ncc2CCc2cc(F)ccc21,0.8527,6.0,-6.4,-6.6,seed42
CCOC(=O)c1ccccc1NC(=O)NCC(F)(F)F,0.8374,4.25,-6.2,-6.8,seed42
Cc1ccc(O[C@H](C)CNC(=O)Nc2cn[nH]c2)cc1,0.7824,3.0,-6.5,-6.5,seed42
CN(C(=O)[C@@H](Cc1ccc(F)cc1)C(=O)[O-])CCc1cccnc1,0.7054,3.0,-6.2,-6.8,seed42
C[C@@H](CC(F)(F)F)[NH2+]CCn1cnc2ccccc2c1=O,0.9047,3.5,-6.7,-6.3,seed42
CCS[C@H]1CC[C@H](NS(=O)(=O)c2ccc(Cl)c(C(=O)[O-])c2)C1,0.8312,3.0,-6.5,-6.5,seed42
CC(=O)NCCCCCC(=O)N[C@@H](C)c1ccc(C)cc1,0.7233,5.25,-6.5,-6.5,seed42
COc1ccccc1[C@H]1CCCN1C(=O)N[C@H]1CCCC[C@@H]1C,0.9111,5.75,-6.5,-6.4,seed42
CC(=O)Nc1cccc([C@H](C)N[C@H]2CC[NH2+]C2)c1,0.7318,6.75,-6.4,-6.5,seed42
CCCCc1ccc(S(=O)(=O)N[C@@]2(C#N)CCSC(C)(C)C2)cc1,0.8294,3.0,-6.1,-6.8,seed42
CC(C)C(=[NH2+])N1CCC[C@@H]([NH+]2CCCC[C@@H]2C(=O)NC2CC2)CC1,0.4729,6.0,-6.6,-6.3,seed42
CC(C)(C)c1cc(C(=O)N2CCC3(CC2)CC[NH+](CCCCO)C3)on1,0.7718,3.0,-6.3,-6.6,seed42
CC(C)[C@H](NC(=O)NCC1CCCCC1)c1ccncc1,0.8689,5.25,-6.3,-6.6,seed42
CSc1ccccc1NC(=O)Cc1ccccc1,0.848,6.0,-6.3,-6.6,seed42
CC1(CNC(=O)[C@@H]2CCCN2C(=O)CC(F)(F)F)[C@@H](C)CO1,0.8526,4.0,-6.1,-6.8,seed42
Cc1ccc(CN2CC[NH+]([C@H]3CCCC[C@H]3[NH3+])CC2)o1,0.8078,5.75,-6.1,-6.7,seed42
CCCNC(=O)c1ncoc1-c1cccc(Cl)c1,0.923,4.0,-6.3,-6.5,seed42
CCn1ncc(NCc2ccc(C#N)c(Cl)c2)c1CC(C)C,0.8669,3.0,-6.4,-6.4,seed42
Cc1ncccc1NC(=O)NCc1ncn(C)c1C,0.8818,4.0,-6.3,-6.5,seed42
NC(=O)N[C@H](c1ccccc1)c1ccccn1,0.8396,6.0,-6.4,-6.4,seed42
COc1ccc(C(C)(C)C)cc1C[NH+]1CCC[C@@H]1c1cccn1C,0.913,5.5,-6.6,-6.2,seed42
CCc1nc(C)cc(N2CCC[C@@H](C(=O)OC)C2)n1,0.7774,3.75,-6.4,-6.4,seed42
CCCSc1nnc([C@@H]2CC(=O)N(c3ccc(Cl)cc3)C2)n(C)c1=O,0.7482,3.0,-6.4,-6.4,seed42
C[C@@H](NC(=O)/C=C/c1cn(C)nc1C(C)(C)C)C1CCC1,0.8661,5.75,-6.4,-6.4,seed42
CC[C@H]1CCCCN1C(=O)CNc1ccccc1N(C)C,0.905,6.25,-6.5,-6.3,seed42
O=C(Nc1ccccc1)[C@@H](c1cccs1)N1CCCCC1,0.9281,5.0,-6.6,-6.2,seed42
Cc1ccccc1COCCCC(=O)N1CCCCC1,0.7455,5.25,-6.3,-6.5,seed42
CCC[C@H]1CN(C)CCN1C(=O)c1ccc(F)cc1N,0.8606,6.75,-6.9,-5.9,seed42
CN(C)S(=O)(=O)c1ccc(/C=C\C(=O)c2cc(C#N)cs2)cc1,0.6159,3.0,-6.1,-6.6,seed42
COCC[C@H](C(=O)[O-])N1C(=O)c2ccccc2C1=O,0.6636,4.25,-6.3,-6.4,seed42
CCS(=O)(=O)c1ccc(NCCNc2ccc(Cl)cc2)cc1,0.7564,4.0,-6.0,-6.7,seed42
CC1(CNC(=O)N[C@H]2CCC[C@@H](n3cccn3)C2)CCCC1,0.8968,4.75,-6.6,-6.1,seed42
Cc1ccc2c(c1)[C@@]1(NC(=O)C[C@@H]2C(=O)[O-])CCC[NH2+]1,0.6784,7.25,-6.6,-6.1,seed42
Cc1occc1-c1nnc(SCC(=O)NCC(F)(F)F)o1,0.8518,3.0,-5.9,-6.7,seed42
CN(CC(=O)Nc1ccccc1Cl)C(=O)CCCC[NH3+],0.7409,4.75,-6.2,-6.4,seed42
CC(C)c1nc([C@@H](C)NCCCC[NH+]2CCCCC2)cs1,0.7231,3.0,-6.2,-6.4,seed42
C[C@H](NC(=O)c1ccco1)C(=O)N(C)[C@H]1CCC[C@@H]1C#N,0.9107,3.75,-6.2,-6.4,seed42
C[C@@H]1OCC[C@@H]1C(=O)Nc1ccccc1N1CCOCC1,0.9233,4.25,-6.3,-6.3,seed42
CSC[C@@H](C)N(C)C(=O)N[C@H](c1ccc(F)cc1)C1CCCC1,0.8309,4.25,-6.1,-6.5,seed42
C[C@@H](C(=O)N[C@@](C)(C(=O)[O-])C(F)(F)F)n1nccc1Cl,0.8651,3.25,-6.0,-6.6,seed42
Cc1[nH]ncc1C(=O)NCCCc1cc(C(=O)[O-])cs1,0.7577,3.0,-6.3,-6.3,seed42
CCCn1c(=O)c2ccccc2oc2ccccc21,0.8132,6.5,-6.3,-6.3,seed42
CCc1n[nH]c(NC(=O)NCCc2cccs2)n1,0.7705,3.0,-6.3,-6.3,seed42
CCCCC(=O)N1CSC[C@@H]1C(=O)Nc1ccccc1,0.9075,4.75,-6.1,-6.5,seed42
COC(=O)C[C@@H]1CCCCN1C(=O)NCCC(=O)N[C@H](C)C(C)C,0.6896,3.5,-6.6,-6.0,seed42
CS[C@@H]1CCC[C@@H]1NC(=O)Nc1ccc(C#N)cc1C(F)(F)F,0.8723,3.25,-6.4,-6.1,seed42
CN1CCO[C@H](c2noc(C[NH2+]C3(C#N)CCCC3)n2)C1,0.8378,3.0,-6.1,-6.4,seed42
CN(Cc1ccc(Cl)cc1Cl)C(=O)CCCn1cccn1,0.8129,3.5,-5.9,-6.6,seed42
C[NH2+]CCC/C=C(\C)c1ccc(C)c(F)c1,0.7372,7.75,-6.2,-6.3,seed42
N#CCCN(CC(F)(F)F)C(=O)[C@H]1CCC[NH+]1Cc1ccc(F)cc1,0.7869,3.0,-6.2,-6.3,seed42
COc1ccccc1NCCCC[NH+]1CCC(CO)CC1,0.6307,3.75,-6.2,-6.3,seed42
Cc1occc1-c1nnc([C@H]2C[NH2+]CC[NH2+]2)[nH]1,0.5951,3.0,-6.4,-6.1,seed42
CC(C)(CCNC(=O)c1cncc(Br)c1)C(C)(C)O,0.8731,5.25,-6.4,-6.1,seed42
CCCC(=O)NCCNC(=O)Nc1cccc(Cl)c1C,0.7066,5.25,-6.1,-6.4,seed42
C[C@@H]1CCCN(C(=O)Nc2cccc(C(=O)NC3CC3)n2)C[C@@H]1CCO,0.7504,3.25,-6.3,-6.2,seed42
NC(=O)C1CCC(NC(=O)CCC(F)(F)F)CC1,0.8088,6.0,-6.0,-6.4,seed42
Cc1cscc1C[NH2+]Cc1ccccc1N1CCCCC1,0.8979,5.0,-6.4,-6.0,seed42
CC(=O)c1ccccc1S(=O)(=O)N1CCCCCCC1,0.8057,6.75,-6.4,-6.0,seed42
CCn1nc(C(=O)N2CCc3sccc3[C@H]2c2cccc(OC)c2)c(C(C)(C)C)n1,0.6207,3.0,-6.9,-5.5,seed42
CCCCNC(=O)c1ccccc1[N-]S(=O)(=O)CC1CC1,0.7499,3.0,-6.0,-6.4,seed42
CNC(=O)c1cnc(Oc2ccccc2)sc1=S,0.8768,3.0,-6.1,-6.3,seed42
CCn1c(C[NH+](CCO)[C@H]2C[C@@H]2C)nc2c(F)cccc21,0.8334,3.5,-6.3,-6.1,seed42
CC(C)NC(=O)C[NH+]1CCC(C(=O)NC[C@H]2CCOC2)CC1,0.5865,4.0,-6.1,-6.3,seed42
CCc1ccsc1C[NH2+]CC(C)(C)c1ccncc1,0.8628,4.0,-6.1,-6.3,seed42
CN(C)S(=O)(=O)N1CCC[C@H](COc2ccccc2)C1,0.8291,4.25,-6.1,-6.3,seed42
CC[C@@H]([NH2+]C[C@@H]1CCCN1S(C)(=O)=O)c1ccccc1,0.8555,5.25,-6.1,-6.3,seed42
CCCCCCNC(=O)c1cccc(C#CCCO)c1,0.5926,4.25,-5.8,-6.6,seed42
CC[C@@H](C)c1ccccc1NC(=O)CCn1cncn1,0.8793,3.0,-6.3,-6.1,seed42
CC(C)n1ccnc1C[NH+](CC(F)(F)F)C1CCC(C)CC1,0.8857,4.25,-6.3,-6.1,seed42
CCOC(=O)[C@@]1(C)CC[NH+](Cc2cccc(Br)c2)CCO1,0.8322,4.25,-6.1,-6.3,seed42
CN(CC[NH3+])C(=O)C[C@H]1CC[C@H]2CCCC[C@@H]21,0.7894,7.5,-6.2,-6.1,seed42
Cn1cccc1CCC[NH2+][C@@H]1CCN(C2CCCCC2)C[C@H]1C,0.8013,5.75,-6.1,-6.2,seed42
COc1ccc(/C=C(/C#N)c2cccc([N+](=O)[O-])c2)cc1,0.3704,4.0,-6.2,-6.1,seed42
CCCCCC[C@]1(Cc2ccccc2)[NH2+]CC[NH+](Cc2ccco2)CC1(C)C,0.6398,3.0,-6.2,-6.1,seed42
CC[C@@H](CSC)NC(=O)NC[C@@H](O)c1c(Cl)cccc1Cl,0.705,3.25,-6.0,-6.3,seed42
CC(C)N(CC(=O)N[C@@H]1CCCC[NH2+]C1)C(=O)C(C)(C)C,0.7937,7.0,-6.2,-6.1,seed42
Cc1ccc(NC[C@@H]2CCCC[C@@H]2[NH3+])nc1,0.8127,6.75,-6.4,-5.9,seed42
O=C(C[NH+](CCOCC1CC1)C1CCCC1)N1CCCCC1,0.6849,3.5,-6.0,-6.3,seed42
CC[C@H](C)n1nccc1NCc1ccccc1,0.8505,5.5,-6.1,-6.2,seed42
CCCNC(=O)[C@@H]1CCN(c2ccc(OC)cc2)C1=O,0.8306,4.75,-5.9,-6.3,seed42
Cc1ccc(C(=O)Nc2ccc(OCCS)cc2)cc1,0.8253,5.0,-5.9,-6.3,seed42
CCCn1cnc2sc(C(=O)NC(C)(C)C)cc2c1=O,0.9448,4.0,-6.0,-6.2,seed42
Cc1ccc(-c2cccc(CNCCCS)c2)o1,0.6126,5.0,-6.0,-6.2,seed42
CCCCNC(=O)[C@@H]1CCCC[C@@H]1NC(=O)CC(C)C,0.7052,6.0,-6.0,-6.2,seed42
CCCC(=O)NCCC(=O)NC1CCCCCCC1,0.7774,6.5,-6.3,-5.9,seed42
CC(C)NC(=O)[C@H]1C[NH2+]C[C@@H]1C1CCCCC1,0.755,8.0,-6.3,-5.9,seed42
COc1ccccc1NCCC(=O)NCc1ccco1,0.8135,3.0,-5.9,-6.3,seed42
Cc1ccc([C@@H](C)[NH2+]CC2(CC(C)C)CCCC2)o1,0.8314,5.75,-6.2,-5.9,seed42
C[C@@H](NC(=O)CCNC(=O)c1cccs1)c1cccs1,0.8619,3.0,-5.9,-6.2,seed42
CC(C)CNC(=O)Cc1cccc(C2(C)CC2)n1,0.8668,5.75,-5.9,-6.2,seed42
CCCCn1c(=O)[nH]c2ccccc2c1=O,0.8481,7.0,-5.9,-6.2,seed42
CC(C)[C@@H]([NH2+]C[C@H](C)Cc1cccs1)c1ccccn1,0.8326,3.5,-5.9,-6.2,seed42
O[C@@H](Cc1ccc(Br)cc1)c1ccccn1,0.9353,6.5,-6.0,-6.1,seed42
CCCOc1ccccc1CN(C)[C@@H]1CC[NH+](C2CCCC2)C[C@H]1C(=O)[O-],0.7338,3.0,-6.1,-6.0,seed42
COCCNC(=O)c1ccccc1NC(=O)[C@@](C)(Cl)CC(C)C,0.5643,3.25,-6.0,-6.1,seed42
CCCCC(=O)n1cnc2cc(C)cnc21,0.7934,5.0,-5.8,-6.3,seed42
Cc1ccc(C)c(-c2cccc(C(=O)NCc3ccccc3OC(C)C)c2)c1,0.6029,4.25,-8.7,-9.2,seed123
Cc1sc2ccccc2c1CCc1noc(-c2cccc(Cl)c2)n1,0.4716,3.0,-8.3,-9.3,seed123
COc1ccc(-c2nn(-c3ccccc3)cc2/C=C2\SC(=O)N(Cc3ccccc3F)C2=O)cc1,0.3172,3.0,-9.1,-8.5,seed123
CC(=O)N1CSc2c(O)cc(C(=O)Nc3c(F)c(F)c(F)c(F)c3F)cc2C1,0.4429,3.0,-8.6,-8.9,seed123
C[C@@H](NC(=O)Cc1cccc(NC(=O)C(=O)NC2CCCCCC2)c1)c1ccccn1,0.4913,3.0,-8.5,-9.0,seed123
Cc1cc(NC(=O)CCN2C(=O)c3ccccc3C2=O)nc(-c2ccccc2)n1,0.6805,3.0,-8.0,-9.4,seed123
O=C(Nc1cccc2cccnc12)C(c1ccccc1)c1ccccc1,0.5685,4.5,-8.9,-8.5,seed123
O=C(Nc1cc(Cl)ccc1Cl)c1cccc(S(=O)(=O)N[C@@H]2CCC[C@H](C3CC3)C2)c1,0.5899,3.0,-8.4,-9.0,seed123
O=C(CCc1ccccc1)NNC(=O)[C@H]1CCC(=O)N(CCc2ccccc2)C1,0.7085,3.5,-8.3,-9.0,seed123
Cc1nc(-c2ccccc2)sc1COC(=O)c1cccc(-c2noc(C3CC3)n2)c1,0.3908,3.0,-8.3,-9.0,seed123
C[C@@H](Cc1nc2ccccc2c(=O)[nH]1)NC(=O)c1n[nH]c2c1CCCC2,0.6675,3.0,-8.5,-8.7,seed123
CCc1[nH]ncc1C(=O)Nc1cccc(C(=O)N[C@H]2CCSc3ccccc32)c1,0.5929,3.0,-8.2,-8.8,seed123
O=C(NCc1cccc(Br)c1)N[C@H]1C[C@H]2CCCc3cccc1c32,0.7821,6.0,-8.0,-9.0,seed123
Cc1ccccc1-c1nnc(SCc2cc(=O)n3cccc(C)c3n2)o1,0.5147,3.0,-8.5,-8.5,seed123
CCc1ccccc1NC(=O)[C@H]([NH2+][C@@H]1CCS(=O)(=O)c2ccccc12)c1ccccc1,0.6227,3.25,-9.2,-7.8,seed123
O=C(CCCN1C(=O)c2ccccc2C1=O)Nc1ccc(N2CCCCCCC2)cc1,0.7015,3.5,-8.3,-8.7,seed123
COc1ccccc1-c1cccc(N2CCN(C(=O)c3ccc([N+](=O)[O-])cc3)CC2)n1,0.4644,3.0,-8.0,-8.9,seed123
CN(C)c1ccc(CCC(=O)Nc2cccc(-c3nnc4n3CCC4)c2)cc1,0.7159,3.0,-7.9,-9.0,seed123
Cc1cccc(NC(=O)[C@@H](C)Sc2nnc(Cc3ccc(Cl)cc3)o2)c1,0.6184,3.0,-8.3,-8.5,seed123
Cc1ccccc1-c1cccc(NC(=O)c2ccccc2Br)c1,0.6352,6.75,-8.3,-8.5,seed123
CCn1nc(C(=O)N2CCN(C(=O)c3ccccc3Cl)CC2)c2ccccc2c1=O,0.6474,3.0,-8.4,-8.3,seed123
Cc1cccc(C(=O)Nc2ccc(N3CC[NH+](Cc4ccccc4)CC3)c(F)c2)c1,0.6848,4.25,-8.0,-8.7,seed123
O=C(NC[C@H](c1ccco1)[NH+]1CCCC1)c1cccc(NC(=O)c2ccccc2)c1,0.5668,3.0,-8.0,-8.7,seed123
NC(=O)c1cccc(NC(=O)N2CCC(NC(=O)c3ccc(Cl)cc3)CC2)c1,0.7344,4.0,-8.3,-8.3,seed123
Cc1ccc(NC(=O)Cn2nc(-c3ccccc3)ccc2=O)c(C)c1,0.7975,4.25,-7.8,-8.8,seed123
COc1cc(C)ccc1NC(=O)C1=NN(c2ccccc2)[C@@H]1c1ccccc1Cl,0.6333,3.0,-8.2,-8.4,seed123
Cc1cccc(N2CCN(Cc3ccc(OCc4ccc(C)c(C)c4)cc3)CC2)[nH+]1,0.6148,3.25,-8.1,-8.5,seed123
Cc1ccc(C)c(N(C)S(=O)(=O)c2ccc(NS(=O)(=O)c3cccc([N+](=O)[O-])c3)cc2)c1,0.4086,3.0,-7.9,-8.7,seed123
Cc1ccccc1C[C@@H](C)NC(=O)c1cccc(Oc2ccccn2)c1,0.7126,3.0,-7.6,-9.0,seed123
Cc1nc(-c2ccc[nH]2)sc1CC(=O)NCc1ccc(C[NH+]2CCCCCCC2)cc1,0.5283,3.0,-8.1,-8.4,seed123
Cc1cc2nc([O-])cc(S[C@H](C)C(=O)Nc3ccc(F)cc3)c2cc1C,0.7007,3.0,-7.9,-8.6,seed123
Cc1ccc(CNC(=O)CN2C(=O)c3ccccc3C2=O)cc1,0.8774,5.5,-7.8,-8.7,seed123
Cc1ccc(C)c(S(=O)(=O)N[C@@H](C)c2nnc3n2CCCCC3)c1O,0.868,3.0,-7.9,-8.5,seed123
O=C(CSc1nc(-c2ccc(Cl)cc2)n[nH]1)Nc1ccc(N2CCCCCC2)cc1,0.5117,3.0,-8.1,-8.3,seed123
Cc1cc(CNC(=O)c2c(OCc3ccccc3F)cccc2OCCF)ccc1F,0.513,3.0,-8.5,-7.9,seed123
COC(=O)c1ccc(Cl)cc1NC(=O)c1ccc(NC(=O)C2CCCCC2)cc1,0.6814,3.0,-7.8,-8.6,seed123
O=C(O[C@H](C(=O)Nc1ccccc1Cl)c1ccccn1)c1ccc(F)cc1,0.6614,3.0,-8.3,-8.0,seed123
O=C(CCc1cccc(O)c1)Nc1ccccc1N1CCc2sccc2C1,0.6828,3.25,-8.6,-7.7,seed123
O=C(Cc1ccccc1)NCC(=O)N(CCc1ccccc1)c1ccccn1,0.6602,3.0,-8.0,-8.3,seed123
Cc1ccc(-n2ncc3c([O-])nnc(Nc4ccccc4F)c32)cc1,0.6228,3.0,-8.6,-7.6,seed123
COc1ccccc1-c1ccc(CN[C@@H](C)c2ccc(Cl)cc2Cl)cc1,0.5208,3.75,-7.6,-8.6,seed123
C[C@H]1CCCN(C(=O)c2cccc(NC(=O)c3ccc(F)cc3)c2)C[C@@H]1O,0.8709,5.5,-8.0,-8.2,seed123
C[C@@H]1C[C@@H](C)CN(C(=O)c2ccc(NC(=O)c3cccc([N+](=O)[O-])c3)cc2)C1,0.6406,4.5,-7.7,-8.4,seed123
CCn1c(=O)n(C[C@H](C)c2nc(C)nc3cc(Cl)c(C)cc23)c2ccccc21,0.4973,3.0,-8.0,-8.1,seed123
O=C(Cc1cccc(F)c1)N1CCc2c(cccc2N2CCOC2=O)C1,0.8516,4.0,-8.1,-8.0,seed123
O=C(N[C@H]1CCCc2ccccc21)N[C@H](c1ccccn1)C1CCCCC1,0.7957,4.5,-8.3,-7.8,seed123
O=C(NCc1cc(-c2ccccc2)[nH]n1)c1cc(Cl)ccc1Cl,0.7394,3.75,-7.6,-8.5,seed123
Cc1cccc(C(=O)C[C@@H](C)NC(=O)N[C@H]2CC(=O)N(c3ccccc3)C2)c1,0.7574,4.0,-7.6,-8.5,seed123
Cc1ccccc1NC(=O)c1cccc(OC[C@@H]2C[NH+](C)CCN2C)c1,0.8545,4.0,-7.6,-8.5,seed123
Cc1ccccc1O[C@H](C)CNC(=O)NC[C@@H]1COc2ccccc2O1,0.835,3.0,-7.7,-8.4,seed123
Cc1c(C(=O)N(C)C)cccc1NC(=O)CCCc1nc(-c2ccccc2)no1,0.6621,3.0,-7.7,-8.3,seed123
Cc1ccccc1NC(=O)C(=O)N[C@H](c1ccccc1)c1ccc(Cl)cc1,0.6569,5.25,-8.3,-7.7,seed123
O=C(NCc1nc(-c2cccs2)no1)c1cc2cc3c(cc2[nH]1)OCO3,0.5741,3.0,-7.9,-8.1,seed123
Cc1cccc(C)c1C[C@@H](C)N(C)C(=O)NC[C@@H](C)[NH+]1CCCCCC1,0.8041,5.75,-7.7,-8.3,seed123
Cc1ccc2c(CC(=O)Nc3ccc(N(C)C)cc3)cccc2c1,0.7733,6.25,-7.8,-8.2,seed123
Cc1ccc(NC(=O)CNc2cccc3c2O[C@H](C)CC3)c(C)c1,0.8912,5.0,-7.4,-8.6,seed123
C[C@@H](C[NH2+][C@H]1CCc2nc(-c3ccccc3)nn21)Cc1ccccc1F,0.7421,3.0,-7.6,-8.4,seed123
C[C@H]1CN(c2ccccc2Cl)C(=O)[C@H]1CCC(=O)Nc1ccc(F)cc1,0.8374,4.5,-7.6,-8.4,seed123
Cc1ccc([C@@H](C)NC(=O)c2cccc(F)c2F)cc1F,0.9132,6.5,-7.6,-8.3,seed123
Cc1cccc([C@H](C)[NH2+]Cc2ccc(Oc3ccccc3)cc2)c1,0.7053,4.75,-7.5,-8.4,seed123
O=C(c1ccccc1Oc1ccccc1)N1CCc2ccccc2C1,0.6982,5.25,-8.1,-7.8,seed123
Cc1ccc(N2C[C@H](C(=O)N[C@@H](c3ccccc3)c3ccccn3)CCC2=O)cc1C,0.6765,3.25,-8.2,-7.7,seed123
O[C@@H](c1cccc(F)c1)C1CCC([NH2+]Cc2ccccc2)CC1,0.8736,6.0,-7.8,-8.1,seed123
Cc1cc(C)cc(CCNC(=O)c2cccc(F)c2F)c1,0.9159,6.5,-8.0,-7.8,seed123
Cc1ccccc1[C@@H](C)NC(=O)CN1C(=O)c2ccccc2[S@@]1=O,0.9274,5.0,-7.9,-7.9,seed123
CCOc1ccccc1OCC(=O)N(C)Cc1nc2ccccc2c(=O)[nH]1,0.6929,3.0,-7.7,-8.1,seed123
Cc1cc(C)cc(NC(=O)CCCc2ccccc2C)c1,0.854,7.0,-7.4,-8.4,seed123
Cc1cc(NC(=O)C[C@H]2SC(N3CCOCC3)=NC2=O)n(-c2ccccc2)n1,0.844,3.0,-7.6,-8.2,seed123
CC(C)c1ccccc1NC(=O)CNS(=O)(=O)c1ccc(Cl)c(Br)c1,0.7014,3.5,-7.3,-8.4,seed123
C/C(=N\Nc1nnc(SCC(=O)Nc2cccc(C)c2)n1N)c1ccc(C)cc1,0.2392,3.0,-7.6,-8.1,seed123
Cc1ccccc1-n1c(SCC(=O)Nc2ccc3c(c2)OCO3)nnc1-c1ccccn1,0.4469,3.0,-7.8,-7.9,seed123
O=C(CSc1nnnn1C1CC1)Nc1cc(-c2ccccc2)on1,0.6867,3.0,-7.5,-8.2,seed123
CS(=O)(=O)[C@@H]1N[C@H](c2ccccc2)[C@@H]2[C@H]1C[C@H]2OC(=O)c1ccccc1Cl,0.7905,3.0,-8.0,-7.7,seed123
O[C@@H]1c2ccccc2N[C@@H]2[NH+]=c3ccc(Cl)cc3=[NH+][C@H]21,0.437,7.0,-7.6,-8.1,seed123
O=C(Nc1ccccc1Oc1ccccc1)c1ccc(Cl)cc1F,0.6778,4.25,-8.2,-7.5,seed123
Cc1noc(NC(=O)CSc2nc([O-])c3[nH]c4ccccc4n23)n1,0.5353,3.0,-7.7,-7.9,seed123
CNC(=O)c1ccc(NC(=O)c2cc3ccccc3cc2OC)cc1,0.7677,4.25,-7.7,-7.9,seed123
COc1ccc(CCNC(=O)c2ccc3[nH]c(=O)[nH]c3c2)cc1,0.6717,3.25,-7.6,-8.0,seed123
O=C(c1ccc2[nH]ccc2c1)N1CCC(C[NH+](C2CCCC2)C2CC2)CC1,0.8391,4.5,-7.8,-7.8,seed123
Cc1occc1C(=O)Nc1cccc(CN2CCN(CC(F)(F)F)CC2)c1,0.8611,3.0,-7.8,-7.8,seed123
O=C(C[NH+]1CCC[C@H]1c1ccccc1)NNC(=O)c1ccccc1F,0.7264,5.0,-7.6,-8.0,seed123
Fc1cccc(CN[C@H]2C[C@H](Cc3ccccc3)[NH2+][C@H](c3ccccn3)C2)c1,0.6924,3.25,-8.0,-7.6,seed123
C[C@@H]([NH2+]C[C@@H](c1ccccc1)c1ccccn1)c1ccccn1,0.7606,3.25,-7.8,-7.8,seed123
C[C@@H]([NH2+][C@H](c1ccccc1)C1CCCCC1)c1ccc(F)cc1,0.8186,6.5,-8.0,-7.6,seed123
COc1cccc(C(=O)Nc2c(-c3ccc(OC)cc3O)nn(-c3ccncc3)c2C#N)c1,0.4668,3.0,-8.0,-7.5,seed123
NC(=O)[C@H]1Cc2ccccc2N2C(=O)c3ccccc3N[C@H]12,0.8407,6.5,-7.7,-7.8,seed123
Cc1ccccc1-n1ncc(N2CC[NH+]([C@H]3C[C@H]4CC[C@H]2C4)CCCCO3)n1,0.8629,3.0,-7.8,-7.7,seed123
Cc1cccc(CNC(=O)[C@@H]2CSc3nccc(=O)n3C2)c1,0.8738,3.5,-7.4,-8.1,seed123
CC(C)c1cc(C(=O)Cn2ccc(=O)[nH]c2=O)sc1Cc1ccccc1,0.6793,3.0,-7.9,-7.6,seed123
C[C@H](NC(=O)c1ccc2c(c1)C[C@@H](C)N2S(C)(=O)=O)c1ccccc1Cl,0.8648,4.5,-7.7,-7.8,seed123
CC(C)c1ccccc1NC(=O)[C@H]1C[C@@H]1c1ccccc1Cl,0.8249,6.5,-7.5,-8.0,seed123
O=C([O-])c1sccc1-c1ccc2c(c1)C(=O)N(CN1CCOCC1)C2=O,0.7339,3.0,-7.5,-7.9,seed123
Cc1ccc(C)c(OCCn2cnnc2S(=O)(=O)Cc2ccc(Cl)cc2)n1,0.599,3.0,-7.9,-7.5,seed123
CCn1c(=O)c2cc([N+](=O)[O-])c(N3CCC(NC(=O)c5ccccc5OC)CC3)cc2nc1C,0.4388,3.0,-7.4,-8.0,seed123
COCCn1ccc2ccc(NC(=O)c3cccc4c3cnn4C)cc12,0.601,3.0,-7.5,-7.9,seed123
Clc1ccccc1-c1noc(C[NH+]2CCC[C@H]2c2ccccn2)n1,0.7924,3.0,-7.6,-7.8,seed123
Cc1ccc(N(C(=O)c2cccc(NC(=O)c3cccs3)c2)S(=O)(=O)c2cccs2)cc1,0.3985,3.0,-7.6,-7.8,seed123
COc1ccc(C2=NN(C(=O)c3ccc(C)cc3)[C@@H](c3cccc(OC)c3O)C2)cc1,0.6539,3.0,-7.8,-7.6,seed123
C[C@H](NC(=O)COc1ccccc1[O-])c1cccc(-n2cccn2)c1,0.7483,3.0,-7.3,-8.1,seed123
CC(C)COc1cccc(NC(=O)c2nn(-c3ccccc3)cc2C#N)c1,0.7196,3.0,-7.5,-7.8,seed123
COc1ccccc1CNC(=O)CNc1c(C#N)cnn1-c1ccccc1,0.6745,3.0,-7.3,-8.0,seed123
c1ccc(-c2nc(CNc3ccc(C4CCCC4)nc3)cs2)cc1,0.6711,3.0,-7.4,-7.9,seed123
Cc1cc([C@@H](C)NC(=O)c2cccc(Br)c2)nc(C)c1C,0.9014,6.0,-7.4,-7.9,seed123
Cc1ccccc1COc1ccccc1C(=O)NCc1nccn1C,0.7523,3.0,-7.6,-7.7,seed123
C[C@@H](NC(=O)[C@@H](C(C)C)N1C(=O)c2ccccc2C1=O)c1ccccc1,0.8424,5.0,-8.1,-7.2,seed123
COc1ccccc1[C@@H](NC(=O)[C@H]1Cc2ccccc2S1)c1ccc(F)c(F)c1,0.6493,3.0,-8.3,-7.0,seed123
Cc1cc(NC(=O)C[C@H](Sc2ccccc2Cl)c2ccccc2)no1,0.5804,3.0,-7.8,-7.5,seed123
CCc1ccccc1NS(=O)(=O)c1ccc(C(=O)N2CCC[C@H](CCC(F)F)C2)cc1,0.619,3.0,-7.1,-8.2,seed123
CCN(Cc1ccccc1C(=O)N[C@H](C)c1cccn1C)c1ccc(Cl)cn1,0.635,3.0,-6.9,-8.3,seed123
O=C(NCCCn1ccccc1=O)N[C@H]1CCN(c2ccccc2)C1,0.7885,4.0,-7.5,-7.7,seed123
c1ccc(-c2csc(N/[NH+]=C\Nc3ccc(Cl)cc3)n2)cc1,0.383,3.0,-7.1,-8.1,seed123
CCC(CC)C(=O)Nc1ccc2c(c1)CN(C(=O)Nc1ccccc1OC)CC2,0.7472,3.0,-7.6,-7.6,seed123
COc1ccc(CC(=O)NC2(c3ccc(F)cc3)CCOCC2)cc1,0.9069,3.0,-7.9,-7.3,seed123
O=C(Nc1ccc2c(c1)OCCO2)c1csc(N2CCOCC2)n1,0.9156,3.0,-7.3,-7.9,seed123
Cn1c(SCc2ccccc2)nnc1-c1cc2ccccc2o1,0.5183,3.0,-7.1,-8.1,seed123
Cc1ccc(C)c([C@H](C)NC(=O)[C@H]2C[C@@H]2c2ccccc2OC)c1,0.891,5.0,-7.0,-8.2,seed123
Cc1ccccc1NCC(=O)Nc1ccnc(C(=O)N2CCOCC2)c1,0.857,3.0,-7.3,-7.9,seed123
Cc1cccc(CN2CCN(S(=O)(=O)c3ccccc3)[C@H](C)C2=O)c1,0.8433,5.0,-7.1,-8.1,seed123
Cc1cccc(C(C)(C)Nc2ccc([N+](=O)[O-])nc2C)c1,0.6818,5.0,-7.5,-7.7,seed123
O=C(Nc1ccccc1Cl)[C@@H]1CCCN1S(=O)(=O)c1ccc2c(c1)OCCO2,0.8184,3.0,-7.9,-7.3,seed123
Cc1ccccc1CNC(=O)Cn1cccc(C(F)(F)F)c1=O,0.9393,5.0,-7.4,-7.8,seed123
CCc1cc(N2C[C@H](C(=O)[O-])[C@@H](c3ccccc3C(C)C)C2)nc(C)[nH+]1,0.8226,4.0,-7.9,-7.2,seed123
Cc1cccc(NC(=O)[C@H](C)N2CCN(C(=O)c3ccccc3)CC2)c1,0.9215,5.5,-7.7,-7.4,seed123
COc1ccccc1[C@H]1CCCN1S(=O)(=O)Cc1ccccc1F,0.8299,3.5,-7.7,-7.4,seed123
Cc1ccc(NC(=O)c2ccccc2)cc1NC(=O)c1cccs1,0.7335,4.25,-7.7,-7.4,seed123
Cc1cnc(NC(=O)[C@@H](C)Sc2nc3ccccc3c(=O)o2)s1,0.7302,3.0,-7.5,-7.6,seed123
C[C@@H](OC(=O)c1cncc(F)c1)C(=O)N1CCN(c2ccccc2)CC1,0.7846,3.0,-7.3,-7.8,seed123
COc1ccc(N2C[C@H](C(=O)N3CCN(c4ccccc4F)CC3)CCO2)cc1,0.7912,3.0,-7.6,-7.5,seed123
CN1CCCC[C@@H]1CNC(=O)C(=O)Nc1ccc2nn(C(F)F)c(C)c2c1,0.7992,3.0,-7.3,-7.7,seed123
Cc1ccc(-c2noc(CNC3CCCCCCC3)n2)cc1,0.9167,3.0,-7.6,-7.4,seed123
C/C(=N\NC(=O)c1ccccc1)[C@@H]1C[C@@H](C)CC(C)(C)C1,0.6546,6.75,-7.3,-7.7,seed123
C[C@@H](c1ccccc1OC(F)(F)F)[NH+]1CCC(C(=O)NCc2ccncc2)CC1,0.7729,3.0,-7.8,-7.2,seed123
CCc1ccccc1N1C[C@H](C(=O)N(C)C)[C@@H](c2ccccc2F)C1=O,0.8458,5.5,-7.9,-7.1,seed123
O=C(CCSc1ccccc1F)Nc1ccccc1C(=O)NCc1ccco1,0.5494,3.0,-7.4,-7.6,seed123
O=C(Cc1cccc(Cl)c1)NC[C@@H](O)c1ccccc1F,0.8921,5.5,-7.6,-7.4,seed123
COc1cc(C)ccc1NC(=O)[C@@H](C)NC(=O)Nc1ccccc1,0.7891,4.0,-7.2,-7.7,seed123
COCCc1nc(C[NH+]2CCC[C@H]2c2cc(-c3ccccc3)c[nH]2)c(C)o1,0.6756,3.0,-7.4,-7.5,seed123
COc1ccc(CC/C([O-])=N/S(=O)(=O)c2c(Cl)cc(Cl)cc2Cl)cc1,0.5256,3.0,-6.9,-8.0,seed123
O=C(COc1ccccc1Br)Nc1nc2ccccc2s1,0.7602,3.0,-7.4,-7.5,seed123
Cc1nc2ccccn2c1CNc1ccccc1C(N)=O,0.7702,4.25,-7.3,-7.6,seed123
Cc1nc(C(F)(F)F)nc(NC[C@@H]2Cc3ccccc3S2)c1C,0.9075,3.0,-7.8,-7.1,seed123
Cc1nc(C)c(C(=O)Nc2nnc(Cc3ccc(F)cc3)s2)s1,0.7822,3.0,-7.3,-7.5,seed123
COc1ccc(-c2csc(Nc3cc(F)ccc3F)n2)cc1OC,0.7158,3.0,-7.8,-7.0,seed123
COc1ccc(NC(=O)NC[C@H]2CN3CCCC[C@@H]3CO2)cc1F,0.8842,3.0,-7.2,-7.6,seed123
Cc1cccc(NC(=O)[C@H](C)Nc2cc(C#N)ccc2Cl)c1,0.8976,5.0,-7.2,-7.6,seed123
CCc1cccc(OC[C@H](O)CN2CCS(=O)(=O)c3ccccc32)c1,0.855,3.0,-7.3,-7.5,seed123
Cn1c(SCC(=O)Nc2ccc(Cl)cc2)nnc1-c1ccccn1,0.7077,3.0,-7.3,-7.5,seed123
C[C@H]1C[C@H]1C(=O)Nc1ccc(NC(=O)C(=O)N2CCC[C@H](C)C2)cc1,0.8278,5.75,-7.1,-7.7,seed123
O=C(Oc1ccccc1Cl)c1ccc(-n2cncn2)cc1,0.5505,3.0,-7.3,-7.5,seed123
CC(C)(C)C(=O)Nc1ccc(NC(=O)c2cccc(F)c2)cc1,0.8972,6.5,-7.0,-7.8,seed123
C[NH2+][C@@H]1c2ccccc2C[C@H]1[S@@](=O)Cc1ccc(F)cc1F,0.9185,5.5,-7.2,-7.6,seed123
C[C@@H](c1cc(F)ccc1F)N(C)S(=O)(=O)Cc1cccc(Cl)c1,0.8041,4.5,-7.3,-7.5,seed123
Cc1nc(NC[C@H](c2cccnc2)[NH+]2CCCCCC2)ccc1Cl,0.8748,3.0,-7.8,-7.0,seed123
Cc1ccc(S(=O)(=O)NC[C@H](C)[C@@H](C)c2ccccc2)c(Cl)c1,0.8397,5.0,-7.3,-7.5,seed123
O=C(OCc1cn2ccccc2n1)[C@@H]1CCCN1C(=O)C1CCCCC1,0.7912,3.0,-7.6,-7.1,seed123
CC(C)c1nccn1Cc1cccc(NC(=O)[C@H]2CC[C@H](C)O2)c1,0.9133,3.0,-7.1,-7.6,seed123
Nc1cc(-c2nc(-c3ccccc3)cs2)ccc1Br,0.6838,4.75,-7.2,-7.5,seed123
C[C@@H](Oc1ccccc1Cl)C(=O)N[C@@H](C)c1c(F)cccc1F,0.8834,4.0,-7.2,-7.5,seed123
Cc1ccc(CC(=O)Nc2cccc(Cn3cccn3)c2)cc1,0.7849,4.25,-6.9,-7.8,seed123
C[C@H]1C[C@@H](C)CN(C(=O)[C@H]([NH2+]Cc2ccccc2)c2ccccn2)C1,0.91,4.5,-7.3,-7.4,seed123
N#Cc1cc(=O)n(Cc2c[nH]cc2-c2ccccc2)cc1C,0.8051,5.25,-7.3,-7.4,seed123
COc1ccc(CC(=O)Nc2cc(C(F)(F)F)ccc2F)cc1,0.8611,4.0,-7.1,-7.6,seed123
O=C(CSc1nncs1)Nc1ccc(Oc2ccc(F)cc2)cc1,0.6668,3.0,-7.2,-7.4,seed123
O=C(Nc1nc2ccccc2s1)[C@@H]1CCCN(S(=O)(=O)[C@@H]2CCS(=O)(=O)C2)C1,0.7654,3.0,-7.4,-7.2,seed123
C[C@@H](Sc1ccccc1Cl)C(=O)NC[C@@H](O)c1ccccc1Cl,0.7448,3.5,-7.2,-7.4,seed123
CSc1cc(C(=O)N/N=C(\C)c2ccc(C)cc2)cc(Br)c1,0.4795,4.0,-7.2,-7.4,seed123
Cc1ccc([C@H](C)NC(=O)[C@]2(C)Oc3ccccc3NC2=O)cc1,0.8531,5.0,-7.2,-7.4,seed123
C[C@H]([NH2+][C@@H](C)c1ccc(Cl)cc1Cl)c1ccccc1Cl,0.8097,6.5,-7.2,-7.4,seed123
O=C(N[C@H]1CC[NH+](Cc2ccccc2)C1)c1ccccc1Br,0.8598,6.0,-7.3,-7.3,seed123
Cc1ccccc1[C@@H](C)NC(=O)CCC(=O)c1ccc(F)cc1,0.8201,5.5,-7.1,-7.5,seed123
Cc1ccc(F)c(C(=O)NCc2cccnc2N2CCOCC2)c1,0.9351,3.0,-7.3,-7.3,seed123
COc1ccccc1Nc1ncccc1CN1C[C@@H](C)O[C@@H](C)C1,0.9113,3.0,-7.3,-7.3,seed123
O=C(CSc1ncnc2ccccc12)Nc1ccccc1Br,0.5514,3.0,-7.5,-7.1,seed123
C[C@@H](Nc1ccc(C(=O)NC2CC2)cc1)c1ccccc1Cl,0.8582,5.5,-7.3,-7.3,seed123
Cc1ccccc1NC(=O)CN1CCN(C(=O)c2ccccc2Cl)CC1,0.8983,5.0,-7.3,-7.3,seed123
Cc1cc(C)cc(NC(=O)c2cc(Br)ccc2Cl)c1,0.8225,7.5,-7.3,-7.3,seed123
CCc1ccccc1NC(=O)[C@H](C)S(=O)(=O)Cc1ccccc1Cl,0.8453,4.5,-7.3,-7.3,seed123
Cc1ccc(S(=O)(=O)Nc2ccc(F)c(C#N)c2)cc1C,0.9468,5.0,-7.0,-7.6,seed123
NC(=O)C1CCN(C(=O)c2ccc(NC(=O)c3ccco3)cc2)CC1,0.8852,3.5,-7.3,-7.2,seed123
Cc1cc(N[C@@H](C)n2nc(C)cc2C)nc(Nc2ccccc2)n1,0.7437,3.0,-7.9,-6.6,seed123
COc1ccccc1/C=C/C(=O)N[C@H](CC(F)(F)F)C(F)(F)F,0.655,3.25,-7.4,-7.1,seed123
COC(=O)c1ccc(NC(=O)CN2CCN(Cc3ccccc3Cl)CC2)cc1,0.754,3.0,-7.2,-7.3,seed123
COc1ccccc1NC(=O)Nc1ncc(-c2ccccc2)s1,0.744,3.0,-7.3,-7.2,seed123
Cc1c(C(=O)NCc2ccccc2Cn2cccn2)cnn1C,0.7827,3.0,-7.2,-7.3,seed123
Cc1cc(NC(=O)c2ccccc2C)nc(=O)[nH]1,0.8415,6.0,-7.1,-7.4,seed123
C[C@@H](Nc1ncccc1F)c1ccc2ccccc2n1,0.7806,4.25,-7.1,-7.4,seed123
Cc1cccc(NC(=O)Nc2ccccc2N)c1,0.7065,7.5,-7.3,-7.2,seed123
C[C@@H](c1ccccn1)N(C(=O)[C@@H]1C[C@H]1c1ccccc1C(F)(F)F)C1CC1,0.7414,3.0,-7.3,-7.2,seed123
C[C@@H]([NH2+][C@H](C(=O)[O-])c1ccccc1F)c1ccccc1N(C)C,0.865,5.0,-7.0,-7.5,seed123
C[C@@H](Nc1ccccc1C(N)=O)c1ccccc1Br,0.9022,6.5,-7.0,-7.5,seed123
C[NH2+]Cc1ncc([C@@H](C)NC[C@@H]2C[C@@H]3CCC[C@@H]2C3)c(C)c1,0.8478,4.75,-7.1,-7.4,seed123
Cc1cc(C(=O)NCC2([NH+]3CCCC3)CCCC2)ccc1F,0.8745,6.25,-7.4,-7.0,seed123
Cc1cccc(CSCC(=O)NC[C@](C)(O)c2ccc(C)cc2)c1,0.808,4.0,-6.7,-7.7,seed123
Cc1nc(-c2ccccc2)sc1COC(=O)c1ccccn1,0.6864,3.0,-7.0,-7.4,seed123
O=S(=O)(N[C@@H](CCO)c1ccc(Cl)cc1)c1cccc(F)c1,0.8472,4.0,-7.0,-7.4,seed123
Oc1ccccc1CN/N=C/c1c(O)nc2ccccc2n1,0.5065,3.0,-7.2,-7.2,seed123
Cc1ccc(C(C)(C)C)cc1NC[C@](O)(c1ccccc1Cl)C(F)(F)F,0.6958,5.5,-7.2,-7.2,seed123
CC[C@@H]([NH2+][C@H](c1ccccc1)c1ccc([N+](=O)[O-])cc1)C(=O)c1ccsc1,0.3643,3.0,-7.1,-7.3,seed123
Cc1cc(NC(=O)[C@H](C)Nc2ccccc2N2CCOCC2)no1,0.8753,3.0,-7.3,-7.1,seed123
Cc1ccc(C(=O)c2ccc(CCNC(C)C)cc2)c(C)c1,0.8138,6.5,-7.1,-7.3,seed123
C[C@@H](CN1CCC(C(N)=O)CC1)N[C@H]1CS(=O)(=O)c2ccccc21,0.8142,4.25,-7.3,-7.1,seed123
O=C(c1ccccc1C1CC1)N1CCN(c2cc(C(F)(F)F)ccn2)CC1,0.8154,3.5,-7.3,-7.1,seed123
CC[C@@H](NC(=O)c1ccccc1Cl)c1cccc(OC)c1,0.8974,5.0,-7.1,-7.3,seed123
CC(C)c1ccc(C(=O)Nc2cccc(F)c2)cc1,0.8767,7.5,-7.1,-7.3,seed123
Cc1ccc(C)cc1O[C@H](C)CNC(=O)N[C@H]1C[C@H]2CC[C@@H]1C2,0.8725,4.75,-6.8,-7.6,seed123
Cc1ccc(Oc2ccc(Cl)cc2/C([O-])=N/c2nc(C)cs2)cc1,0.5043,3.0,-7.3,-7.1,seed123
Cc1ccccc1OCC[NH2+]Cc1cn2c(C)cccc2[nH+]1,0.6888,3.75,-6.9,-7.4,seed123
Cc1nnc2ccc(NS(=O)(=O)Cc3ccccc3Cl)nn12,0.7864,3.0,-7.4,-6.9,seed123
O=C(c1cccs1)N1CCC[C@H]1c1nc2ccccc2c(=O)[nH]1,0.7876,3.25,-7.2,-7.1,seed123
C[NH2+][C@@H](C)c1nc2ccccc2n1C[C@H]1Cc2ccccc2O1,0.8035,3.25,-7.5,-6.8,seed123
O=C(Cc1c(F)cccc1F)N1CCO[C@H](c2ccc(Cl)c(Cl)c2)C1,0.7821,4.0,-7.4,-6.9,seed123
Cc1cccc(C(=O)NNC(=S)Nc2ccccc2)c1,0.5863,7.0,-7.0,-7.3,seed123
COc1ccc(C(=O)[C@@H](C#N)c2nnc(C)c3c2CCCC3)c(OC)c1,0.7693,3.0,-6.8,-7.5,seed123
Cc1cc(C)cc([C@@H](C)n2nc(C(F)(F)F)cc2C(N)=O)c1,0.9457,4.5,-7.3,-7.0,seed123
Cc1ccc(C[NH2+]C[C@H]2CCC[NH+](C3CCOCC3)C2)cc1,0.8168,5.25,-6.8,-7.5,seed123
COc1cc(CN(C)C(=O)[C@H]2Cc3cc(Cl)ccc3O2)ccn1,0.8635,3.0,-6.7,-7.5,seed123
CSc1ccccc1[N-]S(=O)(=O)c1ccc(F)c(C(=O)[O-])c1,0.78,3.0,-6.9,-7.3,seed123
Cn1cc(C(=O)Nc2cccc(C(F)(F)F)c2)c(C(C)(C)C)n1,0.9074,5.0,-7.0,-7.2,seed123
O=C(c1cccc(Br)c1)N1CCN(c2ccc(Cl)cn2)CC1,0.8004,5.0,-7.3,-6.9,seed123
O=C([O-])C[C@H](NS(=O)(=O)c1ccccc1Cl)c1ccccc1,0.8644,4.0,-6.6,-7.6,seed123
COc1ccc(Nc2ncncc2N)c2ccccc12,0.7621,3.0,-7.0,-7.2,seed123
Cc1cccc(NC(=O)c2ccccc2Br)c1,0.8892,8.0,-7.0,-7.2,seed123
CCc1nn(C)cc1CN[C@@H](C(=O)N1CCOCC1)c1ccccc1,0.8676,3.0,-7.1,-7.1,seed123
CSc1ccccc1C(=O)NCC(=O)Nc1ccccc1Br,0.7818,4.0,-7.0,-7.2,seed123
N#CC1(C(=O)NC2CCC(c3ccccc3)=NC2)CCOCC1,0.9284,3.25,-7.3,-6.9,seed123
Cc1nc(N2C[C@@H](C)S(=O)(=O)c3ccccc32)cc(N2CCO[C@H](C)C2)n1,0.7814,3.0,-7.8,-6.4,seed123
CCCc1ccccc1[N-]S(=O)(=O)[C@@H](C)C(=O)Nc1ccc(Cl)cc1,0.7597,3.0,-6.4,-7.7,seed123
Cc1cccc2[nH+]c(CN[C@H](C)c3ncco3)c(Cl)cc12,0.8028,3.25,-6.7,-7.4,seed123
Cc1csc(COc2cccc(NC(=O)N(C)[C@H]3C[C@H](Cl)C3)c2)n1,0.8051,3.0,-6.7,-7.4,seed123
CC(C)(C)C(=O)Nc1ccc(NC(=O)NC[C@H]2CC[C@H](C(=O)[O-])O2)cc1,0.7242,3.25,-7.0,-7.1,seed123
NC(=O)[C@@H](c1ccccc1)N1CCN(Cc2ccccc2Cl)CC1,0.9077,5.0,-7.1,-7.0,seed123
Cc1ccc(CNS(=O)(=O)c2ccccc2)cc1,0.9187,6.5,-7.0,-7.1,seed123
Cn1c(=O)c2ccccc2n(CC(=O)NC[C@H](O)c2cccs2)c1=O,0.6981,3.0,-7.0,-7.1,seed123
C[C@@H](Oc1ccccc1Cl)C(=O)N(Cc1ccccc1)[C@@H]1CCS(=O)(=O)C1,0.7364,3.0,-7.3,-6.8,seed123
C[C@@H](CC(=O)NCCCn1ccccc1=O)Cc1ccccc1,0.7619,4.5,-6.5,-7.6,seed123
CSc1ccc(Cl)c(C(=O)N[C@H]2CS(=O)(=O)c3ccccc32)c1,0.8451,4.0,-7.0,-7.1,seed123
CC(C)[C@H]1C[NH2+]CC[C@H]1c1cccc(C(F)(F)F)c1,0.852,7.75,-7.3,-6.8,seed123
Cc1ccccc1OC1CN(S(=O)(=O)c2ccccc2)C1,0.8714,4.5,-7.1,-7.0,seed123
Cc1ccccc1[C@@H](O)[C@H]1CSc2ccccc21,0.8786,7.0,-6.8,-7.3,seed123
Cc1cccc(Cl)c1NCC[C@H](O)c1ccccc1,0.8577,6.5,-6.8,-7.3,seed123
Cc1ccccc1C(=O)Nc1ccccc1N1CC[NH2+]CC1,0.9043,6.5,-7.1,-7.0,seed123
CCc1nc(CNC(=O)C[NH+](C)Cc2ccc3c(c2)CCO3)sc1C,0.7821,3.0,-6.5,-7.6,seed123
Cc1ccc(OCCOc2ccccc2NC(C)=O)cc1,0.8273,3.5,-6.6,-7.4,seed123
COc1ccc(CCC(=O)Nc2ccccc2F)cc1,0.9063,5.0,-7.0,-7.0,seed123
Cc1cc(Cl)nc(N2CCN(Cc3ccccc3C(=O)[O-])CC2)n1,0.7733,3.0,-7.3,-6.7,seed123
Cc1ccc(S(=O)(=O)CCC(=O)Nc2ccc(Cl)cn2)cn1,0.9019,3.0,-6.8,-7.2,seed123
CCN(C[C@@H]1CCCCCO1)C(=O)N[C@H](Cn1cncn1)c1ccccc1,0.812,3.0,-6.8,-7.2,seed123
Cc1ccccc1CNC(=O)Cn1nc(SC)c(CC(C)C)c1C,0.7778,3.0,-6.7,-7.3,seed123
Cc1ccccc1NC(=O)c1[nH]ncc1C(C)(C)C,0.8671,6.5,-6.8,-7.2,seed123
Cc1ccc(NC(=O)[C@H]2CCN(C(C)=O)C2)cc1Cl,0.9046,7.25,-7.0,-7.0,seed123
Fc1cccc(N2CCN(S(=O)(=O)c3ccc(Cl)cc3F)CC2)c1,0.8308,4.5,-7.3,-6.7,seed123
C[C@@H](Sc1ccccc1)C(=O)Nc1ccccc1N1CCCCC1,0.7939,4.5,-7.0,-7.0,seed123
O=C(CNc1ccc(Cl)cc1Cl)Nc1ccccc1,0.8933,6.0,-6.6,-7.4,seed123
Nc1ncc(Sc2nc3cccnc3n(Cc3ccc(Cl)cc3)c2=O)s1,0.5609,3.0,-7.5,-6.5,seed123
O=C(C[C@@H](O)c1ccccc1)Nc1ccccc1Cl,0.8984,6.5,-6.9,-7.1,seed123
Cc1ccccc1CN(C)S(=O)(=O)c1ccc(C(=O)[O-])cc1,0.8292,5.0,-6.8,-7.2,seed123
COc1cccc2sc(N(Cc3ccccc3)C(=O)c3ccc(C#N)cc3)nc12,0.4724,3.0,-7.2,-6.7,seed123
Cc1nnc2n1CC[C@H]2NC(=O)N[C@@H](c1ccc(Cl)cc1)C1CC1,0.8938,3.0,-6.9,-7.0,seed123
[O-]c1ccccc1CSc1ncnc2c1CCCC2,0.6359,3.5,-6.9,-7.0,seed123
COc1ccccc1CNC(=O)c1ccc([C@@H](C)Cl)cc1,0.8501,5.0,-6.9,-7.0,seed123
Nc1c([C@H](c2ccccn2)n2cccc2)ncn1CCc1ccccc1,0.5823,3.0,-7.2,-6.7,seed123
O=C([O-])c1ccc(NC[C@H](O)c2ccccc2)nn1,0.7821,3.0,-6.9,-7.0,seed123
Cc1ccc(Cl)c(NC(=O)c2cc(C(C)C)n(C)n2)c1,0.9358,5.5,-6.6,-7.3,seed123
CSc1ccc(N[C@H](C)c2ccnc3ccccc23)nc1,0.7179,3.0,-6.8,-7.1,seed123
Cc1ccc(N2C(=O)[C@H](Cc3ccccc3Cl)S/C(=N\c3ccccc3)S2)cc1,0.4259,3.0,-7.6,-6.3,seed123
Cc1ccc2c(c1)C(C)(C)C[C@]1(CO1)C[C@H]1C(=O)NC(=O)N1CC2,0.5871,6.25,-7.8,-6.0,seed123
CC(C)Cc1ccc(OCC(=O)Nc2ncccn2)cc1,0.886,3.0,-6.6,-7.2,seed123
Cc1cc(C)cc(OCCC[NH2+][C@H](C)c2ccncc2)c1,0.7945,3.5,-6.9,-6.9,seed123
O=C([O-])c1sccc1S(=O)(=O)N1CCC[C@H]1c1cc(Cl)ccc1Cl,0.7839,3.0,-6.9,-6.9,seed123
COc1ccccc1NC(=O)c1nc(Cl)ccc1Cl,0.8798,4.0,-6.7,-7.1,seed123
C[C@H](Cc1cccs1)N(C)C(=O)NC[C@H](O)c1cccc(Cl)c1,0.8323,3.5,-6.6,-7.2,seed123
CS(=O)(=O)Nc1ccc(NC(=O)c2ccc(Cl)cc2)cc1,0.9075,5.0,-6.6,-7.2,seed123
N=C(O)[C@H]1C[C@@H](O)CN1Cc1cc(=O)c2ccccc2o1,0.5833,4.5,-6.7,-7.1,seed123
C[C@H](Sc1nc(C(F)(F)F)ccc1C#N)C(=O)NCc1ccco1,0.8322,3.0,-6.5,-7.3,seed123
Cc1cc(NC(=O)c2ccccc2Br)nnc1SC,0.8703,3.0,-6.5,-7.3,seed123
Cc1ccc(S(=O)(=O)Nc2ccccc2N2CCO[C@H](C)C2)cc1,0.9244,4.0,-6.9,-6.9,seed123
Cc1ccc(NC(=O)c2ccccc2N)cc1,0.7735,8.0,-6.8,-7.0,seed123
OC[C@@H](N[C@H]1CC[NH+](C2CCCC2)C1)c1cccc(Cl)c1,0.772,5.75,-6.6,-7.1,seed123
C[C@H]([NH2+]C[C@@H](c1ccc(F)cc1)N1CCCC1)c1cccs1,0.8654,4.0,-6.9,-6.8,seed123
O=C1S[C@H](c2cccc(F)c2)Nc2nc(-c3sccc3[O-])[nH]c(=O)c12,0.7157,3.0,-7.3,-6.4,seed123
Cc1ccc(C(=O)N[C@@H](C)c2nnc(C)n2Cc2ccccc2)s1,0.7732,3.0,-6.6,-7.1,seed123
Cc1ccccc1NC(=O)CSCc1ccc(C#N)cc1,0.9141,4.0,-6.7,-7.0,seed123
O=C(Nc1ccc(Cl)cc1)c1ccc(-c2cscn2)cc1,0.76,3.75,-6.6,-7.1,seed123
Cc1occc1C(=O)[C@@H](C#N)C(=O)c1ccccc1Cl,0.6377,4.0,-6.8,-6.9,seed123
C[NH+]1CCN(c2ccccc2NC(=O)c2ccc(O)cc2)CC1,0.7918,6.0,-6.8,-6.9,seed123
Cc1cnc(C(=O)Nc2sccc2C(N)=O)c(C)c1,0.8992,4.0,-7.1,-6.6,seed123
CC(=O)Nc1ccc(Cl)c(C(=O)NC[C@@H](c2cccs2)[NH+](C)C)c1,0.7316,3.0,-6.7,-7.0,seed123
OC1(c2ncccc2F)CC[C@@H](Sc2ncccn2)C1,0.8807,3.0,-6.8,-6.9,seed123
CCc1ccccc1CNC(=O)N1CC[C@H](C)[C@H](O)C1,0.8886,7.25,-6.7,-7.0,seed123
CCc1nccn1-c1ccc2ccccc2c1,0.6476,6.75,-6.6,-7.1,seed123
COc1cccc(-c2nnc(S[C@H](C)c3nc(C)cs3)o2)c1,0.6464,3.0,-6.6,-7.1,seed123
Cc1ccc([C@H](C)n2c(=S)[nH]c3ccccc3c2=O)cc1,0.7264,6.75,-7.0,-6.7,seed123
COc1ccc([C@@H](CNC(=O)c2ccc(Br)cc2)[NH+](C)C)cc1,0.8085,4.0,-6.7,-6.9,seed123
C[C@@H]1C(=O)NC(=O)[C@H](/C=N/c2ccc(F)cc2)N1c1ccccc1,0.6964,4.5,-7.2,-6.4,seed123
C[C@H](OC(=O)c1ccccn1)C(=O)NC1(C#N)CCCCCC1,0.6799,3.0,-6.7,-6.9,seed123
Cc1ccccc1[C@@H]1CCCN1c1cc(N)c(Cl)cc1[N+](=O)[O-],0.511,5.5,-7.2,-6.4,seed123
CN(Cc1ccccc1)C(=O)C[C@H](NC(N)=O)c1ccccc1,0.8595,5.0,-6.4,-7.2,seed123
C[C@@H](C(=O)N1CCc2sccc2C1)N1CCN(c2ccccc2)CC1,0.8471,4.5,-6.4,-7.2,seed123
Cc1ccc(NC(=O)c2ccccc2N)cc1,0.7735,8.0,-6.6,-7.0,seed123
Cc1ccccc1C[C@@H](C)[NH2+][C@H](C)c1ccccc1N(C)C,0.8669,6.5,-6.5,-7.1,seed123
CC[C@H](NC(=O)c1ccccc1F)c1ccncc1[N+](=O)[O-],0.6793,3.5,-6.5,-7.1,seed123
C[C@@H](N[C@@H]1[NH+]=c2ccc(Br)cc2=[NH+]1)c1ccc(Cl)s1,0.6614,4.5,-6.4,-7.1,seed123
CC(C)C[C@](C)(O)CNC(=O)CSc1nnnn1-c1ccccc1,0.7043,3.0,-6.5,-7.0,seed123
O=C(CSc1noc(-c2ccncc2)n1)N[C@@H]1CCS(=O)(=O)C1,0.7732,3.0,-6.7,-6.8,seed123
O[C@H]1[C@@H]([NH2+]Cc2ccccc2)CCN1c1ccccc1,0.8793,6.5,-6.8,-6.7,seed123
CNC(=O)c1ccccc1OCC(=O)Nc1ccc(Cl)cc1,0.8904,4.0,-6.7,-6.8,seed123
CCc1ccc([C@@H](C)NC(=O)[C@H](C)NC(N)=O)cc1,0.7515,6.25,-6.7,-6.8,seed123
Cc1nc(CSc2nc3ncccc3c(=O)n2CC(C)C)ccc1Br,0.4582,3.0,-7.0,-6.5,seed123
Cc1ccccc1[C@@H]1CN(c2ccc(F)cc2Cl)CC[NH+]1C,0.8942,7.0,-7.2,-6.3,seed123
CS(=O)(=O)Cc1ccccc1CNc1ccc(Cl)cc1Cl,0.8863,5.0,-6.3,-7.2,seed123
Cc1cccc(OCCN(C)Cc2ccccc2Cl)c1,0.7916,5.0,-6.4,-7.1,seed123
NC(=O)NC1CC[NH+](C2(CS(=O)(=O)N3CCCC3)CCCC2)CC1,0.6138,4.0,-7.0,-6.4,seed123
Cc1cc(N2CCN(C(=O)c3sccc3C)CC2)nc(SC)n1,0.6305,3.0,-6.7,-6.7,seed123
Cc1ccc(CNc2cccc3cnccc23)o1,0.7548,4.75,-6.5,-6.9,seed123
Cc1ccc(N[C@H](C)c2ccccc2S(=O)(=O)[O-])cc1,0.8785,6.0,-6.7,-6.7,seed123
O=C(CSc1ccc(Cl)cc1Cl)N[C@@H]1CCS(=O)(=O)c2ccccc21,0.7621,3.0,-6.5,-6.9,seed123
CCO[C@H](C)C(=O)Nc1cc(C(=O)N(C)C)ccc1C,0.8966,5.25,-6.8,-6.6,seed123
C[C@@H](NC(=O)N1C[C@H](CO)C[C@H](C)C1)c1ccc(Br)cc1,0.8752,6.75,-7.1,-6.3,seed123
CCc1cc(N2CCN(C(=O)[C@@H]3S[C@H](C)CS3)CCC2)nc(C)n1,0.8195,3.0,-6.8,-6.6,seed123
CSCc1ccc(SC)cc1NC(=O)Nc1cccc(Cl)c1Cl,0.5984,3.0,-6.6,-6.8,seed123
Cc1ccccc1NC(=O)[C@@H](C)Sc1nncn1N,0.6518,3.0,-6.6,-6.8,seed123
CCc1ccccc1NC(=O)c1ccc(Br)cc1N,0.8445,7.0,-6.8,-6.6,seed123
Cc1ccc(NC(=O)[C@@H]2CSCN2C(=O)c2ccccc2)cc1,0.9425,5.0,-7.1,-6.3,seed123
CCOc1ccccc1[C@H](C)NC(=O)c1cccc(Cl)c1Cl,0.8435,4.5,-6.3,-7.1,seed123
CCc1nnc(C[NH+]2CCC(OC3CCCCC3)CC2)c(O)c1[O-],0.8282,3.0,-6.5,-6.8,seed123
CC(C)Cc1ncc(C[NH+](C)[C@@H]2CCCN(C)C(=O)C2)c(=O)[nH]1,0.8015,4.25,-6.5,-6.8,seed123
Cc1nc(C(=O)Nc2cccc(C[NH+](C)C)c2)c[nH]c1=O,0.739,4.5,-6.5,-6.8,seed123
Cc1ccc(NC(=O)CC[C@H](C)[NH2+][C@H](C)CS(C)(=O)=O)cc1F,0.7438,3.75,-6.4,-6.9,seed123
C[NH2+][C@@H](C)c1ccc(O[C@H](C)c2ccccc2Cl)cc1,0.8919,5.5,-6.5,-6.8,seed123
CC(C)NC(=O)Sc1ccccc1NCC(=O)N1CCOC[C@H]1C,0.798,3.0,-6.7,-6.6,seed123
C[C@H](O)CCC(=O)Nc1ccc(N2CCCC2)c(F)c1,0.8711,5.75,-6.5,-6.8,seed123
COc1cccc(OC)c1CCOc1ccc(F)cc1[N+](=O)[O-],0.5774,3.0,-6.6,-6.7,seed123
CCOc1ccc(NS(=O)(=O)c2ccc(F)cc2)cc1,0.9222,4.0,-6.4,-6.9,seed123
O=C(COc1ccccc1Cl)NC[C@@H](c1cccs1)N1CCOCC1,0.8019,3.0,-6.6,-6.7,seed123
Nc1cccc(O[C@H]2CCC[C@H](S(C)(=O)=O)C2)n1,0.8973,4.25,-6.7,-6.6,seed123
Cc1ccccc1[C@H]1C[C@@H](C)N(C(=O)c2ccccc2F)C1,0.8151,7.5,-6.7,-6.6,seed123
Cc1cccnc1Cn1nc(-c2sccc2C)c(C#N)c1C,0.7382,3.0,-6.5,-6.7,seed123
COc1ccc(CN(C(=O)c2ccccc2C)[C@H]2CCS(=O)(=O)C2)cc1,0.8085,3.5,-7.1,-6.1,seed123
CCOCc1nsc(NC(=O)/C=C/c2ccccc2)n1,0.8305,3.0,-6.4,-6.8,seed123
Cc1ccc(O)c([C@@H](C)N2CC[C@H]([NH+]3CCCC3)CC2)c1,0.8894,7.25,-6.9,-6.3,seed123
Cc1ccc(CCS(=O)(=O)c2ccc(Cl)s2)c(F)c1,0.8574,4.5,-6.4,-6.8,seed123
O=C(Nn1cccc1)c1nnc(C2CCCCC2)s1,0.9374,3.0,-6.4,-6.8,seed123
CCn1cc(C[NH2+]Cc2cccc(CN3CCCC3)c2)c[nH+]1,0.8193,4.5,-6.2,-7.0,seed123
Fc1cccc(NC[C@@H](O)COc2ccccc2F)c1,0.854,4.0,-6.2,-7.0,seed123
Cn1c(SCc2cccc(Cl)c2)nnc1N1CCSCC1,0.7975,3.0,-6.6,-6.6,seed123
C[C@@H]1CN(c2ccccc2)[C@@H](C(=O)NC[C@@H]2COCCO2)C1,0.9142,3.75,-6.9,-6.3,seed123
CC(C)CCO[C@@H]1CCN(Cc2csc(-c3ccccc3)n2)C1,0.7499,3.0,-6.1,-7.1,seed123
COC(=O)c1ccccc1NC(=O)[C@H](C)[NH+]1C[C@H](C)C[C@@H](C)C1,0.824,5.25,-6.7,-6.5,seed123
CCc1cccc(Oc2cccc(F)c2)c1O,0.8695,6.5,-6.3,-6.9,seed123
CC[C@H]1CN(C(=O)[C@H]2C[NH2+]C[C@H]2C)c2ccccc2O1,0.8757,6.25,-6.7,-6.4,seed123
CC(C)[NH+]1[C@@H](C)C[C@H](C[NH+](CCO)Cc2ccccc2)C[C@H]1O,0.5457,5.25,-6.4,-6.7,seed123
Cc1ccccc1NC(=O)C[NH+](C)Cc1ccccn1,0.8527,5.0,-6.2,-6.9,seed123
Cc1nc(CNC[C@H](C)c2ccccc2)sc1C,0.8873,4.5,-6.4,-6.7,seed123
c1ccc(NCc2ccccc2F)cc1Cl,0.845,7.5,-6.4,-6.7,seed123
Cc1ccc(S(=O)(=O)N[C@H](C)CSC(F)F)cc1N1CC[NH+](C)CC1,0.7232,3.0,-6.6,-6.5,seed123
Cc1cc(NC(=O)[C@H](NC(=O)c2ccco2)C(C)C)ccc1Br,0.8315,4.0,-6.5,-6.6,seed123
O=C(N[C@@H]1CCCS[C@H]1COc1ccccc1)c1cccs1,0.9038,3.0,-6.6,-6.5,seed123
CC(C)NC(=O)CNc1cccc(NC(=O)NC2CC2)c1,0.6457,4.75,-6.4,-6.6,seed123
CS(=O)(=O)[C@@H]1CCC[C@H](Sc2ccccc2F)C1,0.8558,5.75,-6.5,-6.5,seed123
O=C(C[C@H]1C[NH2+]CCO1)N[C@@H]1CC(=O)N(Cc2ccccc2)C1,0.7505,3.75,-6.3,-6.7,seed123
Cc1ccc([C@H](C)[NH2+][C@H]2[C@H](C)[C@@H](C)C[C@H](C)O2)o1,0.8979,5.75,-6.4,-6.6,seed123
Cc1c(N)cccc1S[C@@H]1CCO[C@]2(CCSC2)C1,0.8434,4.25,-6.5,-6.5,seed123
NC(=O)[C@@H]1CCN(C(=O)c2ccccc2F)C[C@H]1O,0.798,6.75,-6.8,-6.2,seed123
CCC[C@H]1S[C@H](C(=O)N[C@H](C)c2ccccc2)S(=O)(=O)c2ccccc21,0.8302,3.5,-7.2,-5.8,seed123
Cn1cc(CCCS(=O)(=O)Cc2ccccc2Cl)cn1,0.8236,3.5,-6.2,-6.8,seed123
C[C@H]1C[NH+](CCS(=O)(=O)C2CCOCC2)c2ccccc2S1,0.8958,3.25,-6.9,-6.1,seed123
CC(C)Cn1cccc1CNCc1ccccc1Cl,0.8409,6.0,-6.5,-6.5,seed123
O[C@@H]1c2cc(Cl)ccc2OC[C@H]1[NH+]1CC[C@@H](O)C1,0.6617,6.25,-6.4,-6.5,seed123
Fc1cccc(Br)c1CNc1ccccc1,0.888,7.5,-6.4,-6.5,seed123
CCNc1nnc(S[C@@H](C)C(=O)Nc2ccccc2)s1,0.8028,3.0,-6.2,-6.7,seed123
Cc1ccccc1Cn1cc(C(=O)[O-])cc1Br,0.8682,7.0,-6.4,-6.5,seed123
CC(C)C[C@](C)([NH3+])CNS(=O)(=O)c1ccc(Cl)c(Cl)c1,0.834,4.75,-6.4,-6.5,seed123
O[C@@H](CNc1ccccc1)c1ccccc1F,0.8475,7.0,-6.4,-6.5,seed123
Cc1ccccc1OCCn1ccccc1=O,0.8047,6.0,-6.4,-6.5,seed123
C[C@H](NC(=O)c1ccccn1)c1ccccc1Br,0.9448,6.0,-6.5,-6.4,seed123
CC(C)C[C@@H]1COCCN1S(=O)(=O)c1ccc(C(F)(F)F)cc1,0.8372,3.75,-6.2,-6.7,seed123
O=S(=O)(Nc1ccc(Cl)cn1)c1cncc(Br)c1,0.9254,3.0,-6.1,-6.8,seed123
CC(C)n1ccnc1CN[C@@H](c1cc(F)ccc1F)C(C)C,0.8653,4.0,-6.3,-6.6,seed123
COc1ccccc1C(=O)NNC(=O)[C@H](C)S(=O)(=O)CC,0.7602,3.75,-6.3,-6.6,seed123
O=C(Nc1ccccc1F)[C@H]1CCCCC[C@@H]1Br,0.6459,7.75,-6.6,-6.3,seed123
CC(=O)NCCc1ccc(C)cc1NC[C@H]1CCOC1,0.8365,4.75,-6.3,-6.6,seed123
Cc1ccc(S(=O)(=O)NC[C@@H](c2cccs2)[NH+](C)C)cc1,0.839,3.5,-6.4,-6.4,seed123
CCCNC(=O)[C@@H](C)N1CCCc2cc(Cl)cc(Cl)c21,0.9195,6.25,-6.3,-6.5,seed123
CC(C)[NH2+]Cc1cc(F)cc(CS[C@@H]2CCS(=O)(=O)C2)c1,0.8629,3.75,-6.2,-6.6,seed123
C[C@H]1CCCCN1S(=O)(=O)c1cccc(C(=O)Nc2nnc(-c3ccc4c(c3)OCO4)o2)c1,0.6025,3.0,-9.6,-9.8,seed333
O=C(Nc1ncc(-c2ccccc2)s1)[C@@H]1CC(=O)N(c2cccc3cccnc23)C1,0.5387,3.0,-8.8,-9.6,seed333
Cc1cccc([C@@H](C)[C@@H](C)NC(=O)N[C@H](C)c2ccc3ccccc3c2)c1,0.6018,5.75,-8.4,-9.3,seed333
Cc1cc(-c2cn3c(CCC(=O)NC(=O)NC4CCCCCC4)nnc3s2)ccn1,0.6067,3.0,-8.6,-9.1,seed333
Cc1cccc(-n2ncc(/C([O-])=[NH+]/CC(=O)Nc3ccc(N4CCCCC4)cn3)n2)c1,0.4222,3.0,-8.4,-9.0,seed333
O=C(O[C@H](C(=O)N1CCOCC1)c1ccccc1)c1csc(-c2ccc(F)cc2)n1,0.5821,3.0,-8.7,-8.6,seed333
CC1=NN(C(=O)CSc2nnnn2Cc2ccc(Cl)cc2)C(=O)/C1=C/c1cccn1-c1ccccc1,0.2704,3.0,-8.1,-9.2,seed333
C[C@H]1C[C@@H]1c1ccc(/C=C/C(=O)Nc2nnc(-c3cccc(C(=O)[O-])c3)o2)o1,0.6539,3.0,-8.3,-8.9,seed333
Cc1ccc(-c2n[nH]cc2C[NH2+]C[C@H]2CCC[C@H](C(=O)NC3CCCCC3)C2)cc1,0.6522,3.0,-8.5,-8.7,seed333
CC(C)c1ccc(-c2cc(NC(=O)c3ccc(C(F)(F)F)cc3)nn2C)cc1,0.6442,3.25,-8.5,-8.7,seed333
O=C(CCc1ccccc1N1CCOCC1)Nc1ccc(C(=O)c2ccccc2)cc1,0.585,3.0,-8.1,-9.1,seed333
O=C(NC[C@H](c1cccc(Cl)c1)[NH+]1CCCC1)Nc1nnc(-c2ccc3c(c2)OCO3)o1,0.5267,3.0,-8.7,-8.5,seed333
O=C(NC[C@@H](O)c1ccc(F)cc1)Nc1nnc(-c2cccc(F)c2)o1,0.6496,3.0,-8.5,-8.6,seed333
O=C(CCc1nc(Cc2ccccc2)no1)N1CCN(Cc2cc3ccccc3o2)CC1,0.4452,3.0,-8.2,-8.9,seed333
O=C(NCCc1nc(C2CCCC2)no1)c1cccc(OCc2cccnc2)c1,0.629,3.0,-8.3,-8.7,seed333
CCc1cccc(C2=CCNC(=O)[C@@H]2CC(=O)Nc2n[nH]c(-c3ccc(C)o3)n2)c1,0.5833,3.0,-8.6,-8.4,seed333
C[C@@H](c1ccc(OCc2ccc(F)cc2)cc1)S(=O)(=O)c1nc2ccccc2o1,0.4425,3.0,-8.1,-8.8,seed333
Cc1nn(-c2ccccc2)c(C)c1CCC(=O)NCCc1nnc2n1CCCCC2,0.654,3.0,-8.1,-8.8,seed333
O=C(Nc1ccnn1Cc1ccccc1)C1CCN(C(=O)c2cnc3ccccc3n2)CC1,0.5137,3.0,-8.0,-8.9,seed333
Cn1c(C[C@H](O)c2cc(NC(=O)c3cccs3)nc3ccccc32)cccc1=O,0.5321,3.0,-8.0,-8.9,seed333
COc1ccc(Cl)cc1N1C[C@@H](c2nnc(NC(=O)Nc3cccc(Cl)c3)s2)CC1=O,0.5371,3.0,-8.0,-8.9,seed333
COc1ccc(C(=O)CCC(=O)N2CC[NH+](Cc3nc4sc(C)c(C)c4c(=O)[nH]3)CC2)cc1,0.5115,3.0,-8.2,-8.6,seed333
C[C@@H]1C[C@H](C)CC/C1/C=N\c1ccc(-c2nnc(Cc3ccccc3)o2)cc1,0.5076,3.0,-8.6,-8.2,seed333
CS(=O)(=O)[C@@H]1CC[C@H](OC(=O)c2cccc(OCc3cn4cccnc4c3)c2)C1,0.5764,3.0,-8.1,-8.6,seed333
O=C(NC[C@H](c1ccc(F)cc1)N1CCOCC1)C1=Cc2cc(Cl)ccc2OC1,0.8108,3.0,-8.5,-8.1,seed333
CC[C@@H]1[NH+]=c2ccc(Cl)cc2=C1NC(=O)[C@@H](C)OC(=O)c1cc2c(s1)CC[C@@H](C)C2,0.685,3.0,-8.2,-8.4,seed333
COc1cc(C(=O)NC[C@H]2C[C@@]23CCc2ccccc23)c(F)cc1F,0.921,4.0,-8.3,-8.3,seed333
O=C(/C=C/c1cccnc1)Nc1ccc(-c2cn3c4ccccc4nc3s2)cc1,0.4215,3.0,-8.0,-8.4,seed333
O=C(c1cc2ccccc2n1Cc1ccccc1)N1CCN(c2ccccn2)CC1,0.5227,3.0,-8.3,-8.1,seed333
Cc1ccccc1N1C[C@@H](CC(=O)Nc2ccc(S(=O)(=O)N3CCOCC3)cc2)CS1(=O)=O,0.6568,3.0,-8.2,-8.2,seed333
CC1(C)Cc2c(sc(NC(=O)CCC3=c4ccccc4=[NH+]C3)n2)CO1,0.827,3.0,-8.1,-8.3,seed333
CC(C)C(=O)NCc1ccc(O[C@H](C)c2nc(Cc3c[nH]c4ccccc34)on2)s1,0.4306,3.0,-7.8,-8.6,seed333
Cc1csc(NC(=O)c2cc(C3CCOCC3)nc3ccccc23)n1,0.7683,3.0,-8.3,-8.1,seed333
Cc1nc(C2CC2)nc([C@@H]2CCCN(C(=O)Cn3ccc4ccccc43)CC2)n1,0.6807,3.0,-7.8,-8.5,seed333
Cc1ccc(-c2csc(/C(C#N)=C/Nc3ccc4c(c3)OCCO4)n2)cc1,0.6593,3.0,-7.7,-8.6,seed333
Cc1ccc(NC(=O)Cc2csc(NS(=O)(=O)Cc3ccccc3)n2)cc1,0.6334,3.0,-7.9,-8.4,seed333
C[NH+](C)[C@@H]1CC[C@@H](NC(=O)C(=O)Nc2cnc3c(c2)C[C@@H](C)N3Cc2ccccn2)C1,0.6112,3.0,-7.9,-8.4,seed333
COc1cccc(CN2C(=O)CC[C@H](C(=O)N3CCCN(S(=O)(=O)C4CCCCC4)CC3)CC2=O)c1,0.5353,3.0,-8.1,-8.2,seed333
Cc1cc(O[C@H](C)C(=O)N/N=C/c2ccccc2[N+](=O)[O-])cc([N+](=O)[O-])c1,0.4505,3.0,-7.5,-8.7,seed333
C[C@@H]1CCCC[C@@]12NC(=O)N(CC(=O)NCCn1c(-c3ccccc3)n[nH]1)C2=O,0.6402,3.0,-7.7,-8.5,seed333
Cc1c(NC(=O)c2ccccc2Cl)cccc1N(C)S(=O)(=O)C1CCCC1,0.7879,4.0,-7.8,-8.4,seed333
Cc1ccc(NC(=O)C(=O)N[C@H](C)c2nnc(-c3ccccc3)o2)cc1,0.7053,3.0,-7.7,-8.4,seed333
CCOC(=O)c1cccc(-c2nn(CN3CCN(c4cccc(Cl)c4)CC3)nn2)c1,0.5606,3.0,-7.5,-8.6,seed333
CNC(=O)c1ccc(F)cc1NC(=O)c1ccc2cccnc2n1,0.7746,3.0,-7.9,-8.2,seed333
Cc1cccc(CN2CCN(C(=O)CCc3c[nH]c4ccc(C)cc34)CC2)n1,0.7419,3.25,-8.0,-8.1,seed333
CC(=O)Nc1cccc(-c2nn3c(=S)n(Cc4ccncc4)c3n2)c1,0.7286,3.0,-7.9,-8.2,seed333
O=C(CC1=c2ccccc2=[NH+]C1)NC1(c2ccccc2)CCCC1,0.8481,6.0,-7.8,-8.2,seed333
CC(=O)Nc1cccc(CN2CC[NH+](CC(=O)NCc3ccc4c(c3)OCO4)CC2)c1,0.5979,3.0,-7.6,-8.4,seed333
CC(=O)Nc1nc2cc(NC(=O)C[C@H](c3ccccc3)[NH+](C)C)ccc2o1,0.6217,3.0,-7.5,-8.5,seed333
Cc1cccc(C2=NN3N=C(C4CCCCC4)C(=O)[C@H]32)c1,0.8364,4.75,-7.6,-8.3,seed333
O=C([C@H]1CC(=O)N(c2cc(-c3ccco3)no2)S1)c1cc(F)cc(F)c1,0.5085,3.0,-7.9,-8.0,seed333
O=[N+]([O-])c1ccc(N/N=C/c2c(O)ccc3ccccc23)cc1,0.4345,3.75,-7.5,-8.4,seed333
Cc1ccc(-c2noc(SCc3nc(CC(=O)NC4CCC(C)CC4)no3)n2)cc1,0.5648,3.0,-7.8,-8.1,seed333
C[C@@H](NC(=O)c1nnn(-c2ccc(C(C)C)cc2)c1C)c1nncn1C,0.76,3.0,-8.1,-7.8,seed333
CCS(=O)(=O)[N-]c1cccc(/C=C2\N=C(c3cccc(Br)c3)OC2=O)c1,0.5228,3.0,-8.3,-7.5,seed333
Cc1cc(/C(=C/S(=O)(=O)c2cc(C)c(C)c(C)c2C)c2ccc(Cl)cc2)on1,0.5452,3.0,-8.0,-7.8,seed333
Cc1cc(C)c(NC(=O)CSc2nnc(NC3CC3)n2Cc2cccnc2)c(C)c1,0.5348,3.0,-7.7,-8.1,seed333
N#C/C(=C\c1ccc2c(c1)OCO2)C(=O)Nc1ccc(Cn2cccn2)cc1,0.5487,3.0,-7.6,-8.2,seed333
COC(=O)c1cccc(C(=O)N2CCC[C@H](Cc3nc4cc(Cl)ccc4n3C)C2)c1,0.5899,3.0,-8.2,-7.6,seed333
CCc1nnc(NC(=O)c2ccc(-c3ccc(F)cc3)o2)s1,0.7954,3.0,-7.6,-8.1,seed333
Fc1ccc(Cn2cccc2/C=N/c2ccc(S(=O)(=O)N3CCOCC3)o2)cc1,0.5779,3.0,-7.8,-7.9,seed333
COC(=O)c1cc(C)ccc1OCCC(=O)Nc1nc2cc(C(C)C)n(C)n2n1,0.6134,3.0,-7.9,-7.8,seed333
C[C@H]1OCC[C@@H]1CC(=O)NNC(=O)c1oc2ccc(Cl)cc2c1C,0.8338,3.0,-7.3,-8.3,seed333
Cc1noc(C)c1CCCNC(=O)C(=O)Nc1ccc(Cn2cccn2)cc1,0.4826,3.0,-7.3,-8.3,seed333
COC(=O)Nc1ccc(NC(=O)N[C@@H](C)c2cc3ccccc3o2)cc1,0.644,3.0,-7.6,-7.9,seed333
Cc1nc2cc(C(=O)Nc3nnc(Cc4ccsc4)o3)ccc2o1,0.6115,3.0,-7.5,-8.0,seed333
O=C(CCC(=O)N1CC[NH+](Cc2ccccc2)OC1)c1ccc(O)cc1,0.7634,3.0,-7.6,-7.9,seed333
c1ccc(-n2nnnc2SC[C@H]2CCC[NH+]2CCOc2ccc(F)cc2)cc1,0.5866,3.0,-7.4,-8.1,seed333
C[C@H](OCc1ccc(Cl)cc1)C(=O)N[C@H](CC(F)(F)F)c1ccc(F)cc1,0.6456,3.0,-7.7,-7.8,seed333
CCS(=O)(=O)c1cccc(C(=O)Oc2cc(Cl)c3c(c2)OCCCO3)n1,0.5781,3.0,-7.5,-7.9,seed333
C[NH+]1CCN(c2ccc(NS(=O)(=O)c3ccc(F)c(F)c3F)c(C(=O)[O-])c2)CC1,0.6315,3.0,-7.7,-7.7,seed333
CC(=O)c1ccc(NC(=O)N2C[C@H](C)O[C@H](C)C2)c(OC(=O)[C@@H]3CCCCCC3=O)c1,0.2575,3.0,-7.9,-7.5,seed333
Cc1ccc(S(=O)(=O)N2CCC[C@H](C(=O)N3CCCN(C(=O)c4ccc(Cl)cc4)CC3)C2)s1,0.6318,3.0,-7.7,-7.7,seed333
C[C@H]1C[C@H](C)CC([NH+]2CCC(NC(=O)c3cccc(C(F)(F)F)c3)CC2)C1,0.8251,5.75,-7.9,-7.5,seed333
C[C@@H]1C[C@@H](C)C[NH+](Cc2nc3c(C(=O)NCC4CCCCC4)noc3s2)C1,0.8219,3.0,-7.6,-7.8,seed333
C/[NH+]=C(/NCCc1c[nH]c2ccccc12)NCCCC1=C[C@H](C(=O)[O-])C1,0.2211,3.0,-7.6,-7.7,seed333
O=C(c1ccc([C@H]2CCC[NH2+]2)cc1)N1CCc2cc(O)ccc2C1,0.8879,6.5,-7.4,-7.9,seed333
COC(=O)c1c(C)[nH]c(C(=O)Nc2nc(C)c(-c3nc(C)cs3)c(C)c2C)n1,0.6498,3.0,-7.5,-7.8,seed333
C[C@H]1C[C@@H](C)CN(C(=O)C2=NN=C(C3=C4CCCC[C@@H]4SC(=O)[C@@H]3C#N)C2=O)C1,0.6933,3.0,-7.6,-7.7,seed333
Cc1cc(C)c([C@H](C)[NH2+][C@H](C)Cc2nc(-c3ccc(Cl)cc3)no2)s1,0.6964,3.0,-7.3,-8.0,seed333
Cc1ccccc1-c1ccc(C[NH2+][C@H](c2ccccn2)C(C)C)o1,0.7422,3.25,-7.7,-7.6,seed333
Cc1ccc(CC(=O)NNC(=O)c2c[nH]c3ccc(Cl)cc23)s1,0.6364,3.75,-7.1,-8.2,seed333
Cc1noc(CNC(=O)c2ccc(COc3ccccc3C#N)o2)n1,0.7333,3.0,-7.1,-8.2,seed333
O=c1[nH]c2ccccc2c2c(Cl)ccc(Cl)c12,0.6117,7.75,-7.4,-7.8,seed333
C[C@@](O)(CNC(=O)C(=O)Nc1ccc(F)cc1)c1ccccc1,0.7526,5.5,-7.4,-7.8,seed333
O=C(C1=C([O-])C(=O)N(c2ccc3c(c2)CCC3)[C@@H]1c1cccnc1)c1ccc(Cl)s1,0.5829,3.0,-7.2,-8.0,seed333
COC(=O)c1ccc2c(c1)s/c(=N\C(=O)CS(=O)(=O)c1ccc(Cl)cc1)n2CC,0.5543,3.0,-7.6,-7.6,seed333
C[C@H]1C[C@H]1c1nc(CC(=O)N2CCC(C3CC[NH+](C4CCCCC4)CC3)CC2)sn1,0.7795,3.0,-7.6,-7.6,seed333
C/C(=N\NC(=O)C1CC=CC1)c1nc(-c2ccc(Cl)cc2)n[nH]1,0.5137,3.0,-7.3,-7.9,seed333
Cc1ccc(S(=O)(=O)NCC(=O)NC[C@H](c2ccco2)N2CCc3ccccc3C2)s1,0.5405,3.0,-7.4,-7.7,seed333
C[C@H](Oc1ccccc1C#N)C(=O)NC(=O)NC[C@@H]1CC[NH+](CC(C)C)C1,0.656,3.0,-7.4,-7.7,seed333
C[C@H]1CCN(C(=O)CCSc2nc([O-])c3c(n2)CC[NH+](C)C3)[C@H](C)C(=O)O1,0.4036,3.0,-7.2,-7.9,seed333
CC(=O)N1CC[C@@H]([NH2+][C@H](C)CCc2c[nH]c3ccccc23)C1,0.867,5.5,-7.4,-7.7,seed333
COc1ccc(-c2cnnc(NCc3ccc(NC(=O)C4CC4)s3)n2)cc1,0.6504,3.0,-7.5,-7.6,seed333
C[C@@H](NC(=O)Cc1cccc(OC[C@H]2CCCO2)c1)C(=O)NC1CCCC1,0.7323,3.0,-7.3,-7.8,seed333
C[C@H](OCc1ccc(Cl)cc1)C(=O)NCc1ccc(-n2cccn2)nc1,0.6933,3.0,-7.0,-8.0,seed333
COc1ccc(C(=O)Nc2nnn(-c3ccc(C(C)C)cc3)n2)s1,0.7696,3.0,-7.2,-7.8,seed333
O=C(COc1ccc(C(F)(F)F)cc1)NCC(=O)NC(=O)NC1CC1,0.7108,3.0,-7.4,-7.6,seed333
CCC[C@H]1CCC[C@H](NC(=O)N[C@H](C)c2ccn(CC3CCCC3)n2)C1,0.7341,3.25,-6.8,-8.2,seed333
Cc1cccc([C@@H](CNCc2ccc3c(c2)CCO3)CC[NH+](C)C)c1,0.7719,3.5,-7.7,-7.2,seed333
CN(Cc1nccn1C(F)F)[C@H]1CCCCN(C(=O)c2ccccc2F)C1,0.7968,3.0,-7.5,-7.4,seed333
COc1cc([C@H]2c3c(oc4ccc(C)cc4c3=O)C(=O)N2Cc2cc(C)on2)cc(OC)c1OC,0.4085,3.0,-8.0,-6.9,seed333
Cc1ccc(OCC(=O)N/N=C/c2cc(C)n(-c3nc(C)cs3)c2C)cn1,0.5238,3.0,-7.3,-7.6,seed333
CC[C@@](C)(C(=O)Cc1noc(Cc2ccc(C)c(C)c2)n1)[NH+]1CCCCC1,0.8139,3.0,-6.7,-8.2,seed333
O=C(c1cccc(C(F)(F)F)c1F)N(Cc1cc(F)cc(Br)c1)C1CC1,0.5783,4.0,-7.5,-7.3,seed333
Cc1ccc([C@H](CNC(=O)c2cn[nH]c2C)[NH+]2CCCC2)cc1,0.776,4.0,-7.9,-6.9,seed333
CC(=O)c1c(F)cccc1NC[C@@H]1CN(C2CCCCCCC2)CCO1,0.7951,4.25,-7.4,-7.4,seed333
C[C@H]1C[C@@H]1NC(=O)N1CCC(NCc2cn3cccc(C)c3[nH+]2)CC1,0.8889,4.5,-7.0,-7.8,seed333
COc1ccc(N2C[C@@H](C(=O)Nc3ccc(Cl)cc3C)C[C@H]2CC(C)C)cc1,0.6919,3.5,-7.4,-7.4,seed333
O=C(C[NH+]1CCC[C@H]1c1cccc(Cl)c1)NC(=O)NC[C@@H]1CCCO1,0.7295,3.25,-7.4,-7.4,seed333
CC[NH+]1CCC[C@H]1CNC(=O)c1ccc(NC(=O)C[NH+]2CCC(O)CC2)cc1,0.3912,3.25,-7.4,-7.4,seed333
C[C@@H]1CCC[C@@H]([NH+](C)Cc2nc(-c3ccccc3)cs2)C1,0.9158,4.5,-7.1,-7.7,seed333
O=C(NCc1ccc(SC(F)F)cc1)c1c[nH]nc1-c1ccccn1,0.6575,3.0,-7.2,-7.6,seed333
Cc1sc(NC(=O)[C@H]2CC=CC[C@@H]2C(=O)[O-])nc1-c1ccccc1F,0.8507,3.0,-7.6,-7.2,seed333
C[C@H](c1cccc(Cl)c1)N1CCN(Cc2noc(C3CC3)n2)CC1,0.829,3.0,-7.1,-7.7,seed333
Cc1cc(NC(=O)C(=O)NC[C@H](C)Oc2ccccc2C)no1,0.8204,3.0,-7.0,-7.8,seed333
O=C(c1ccc(CNC(=O)N2CCCC[C@H]2C[NH+]2CCCC2)o1)c1cccs1,0.729,3.0,-7.2,-7.6,seed333
C[C@@H]1[C@H](C)N(C(=O)CCC(=O)c2ccccc2)[C@H](C)C(=O)O1,0.6317,5.25,-7.4,-7.4,seed333
C[C@H]1C[NH+](CC(=O)Nc2nc(-c3cccnc3)no2)C[C@H](C)O1,0.808,3.0,-7.2,-7.6,seed333
CCCc1nnsc1C(=O)NC[C@@H](c1ccccc1)[NH+]1CC[C@@H](C)CC1,0.7828,3.0,-7.5,-7.3,seed333
CC(C)(C)C(=O)N1CCC2(CC1)C[C@H]1C(=O)N2C(=N)CC(c2ccc3c(c2)OCO3)C1=O,0.6785,3.0,-8.0,-6.7,seed333
Cc1cc(F)ccc1S(=O)(=O)N1C[C@@H](c2ccccc2C)[C@@H](C)C1,0.8452,6.0,-7.8,-6.9,seed333
Cc1ccc(-n2c(=O)c3c([nH]c2=O)CCC[C@H](C)[C@@H]3C#N)cc1,0.8216,6.0,-6.9,-7.8,seed333
C[C@@H]1C[C@H](C)CN(C(=O)C(=O)NCCNC(=O)C2=CCCCO2)C1,0.5747,4.5,-7.1,-7.6,seed333
C[C@H]([NH2+]Cc1nnc(-c2ccccc2)s1)c1cccnc1,0.7867,3.0,-7.1,-7.6,seed333
Cc1occc1C(=O)N1CCN(c2nc(C(C)C)no2)CC1,0.8637,3.0,-7.2,-7.4,seed333
COc1cc(/C=N/NC(=O)C(=O)Nc2c(C)cc(C)cc2C)c(SC)n1C,0.357,3.0,-6.9,-7.7,seed333
C[C@H]1C[C@H]([NH2+]Cc2nc(-c3ncc[nH]3)no2)SC(NC2CCCCC2)=[NH+]1,0.5712,3.0,-7.4,-7.2,seed333
Cc1nn(C)c(C)c1SCC(=O)N1CCC[C@@H](c2cc[nH]n2)C1,0.8717,3.0,-7.2,-7.4,seed333
CCN(CC(=O)NC1CC1)C(=O)C(=O)Nc1nnc(-c2ccc(Br)cc2)s1,0.6533,3.0,-7.2,-7.4,seed333
O=C(Cc1ccc(N2CCOCC2)cc1)N[C@H]1CCCC[C@@H]1CO,0.862,4.25,-7.3,-7.3,seed333
CCC[NH+](Cc1nc(-c2ccsc2)no1)S(=O)(=O)c1cccc(F)c1,0.6773,3.0,-7.0,-7.6,seed333
CC(=O)c1ccc(OCC(=O)Nc2sc3c(c2C(=O)[O-])CCCCC3)cc1,0.6081,3.0,-7.0,-7.6,seed333
Cc1ccc(C)c(S(=O)(=O)N2CCN(Cc3noc(C4CC4)n3)CC2)c1,0.7948,3.0,-7.1,-7.4,seed333
C[C@H]1CC[C@@H](C)N(C(=O)CCc2ccc3c(c2)OCO3)C1,0.8584,4.75,-7.2,-7.3,seed333
CCOc1ccc(S(=O)(=O)N2CCC[C@H](C(=O)Nc3ccc(C)c(C)c3)C2)cc1,0.7783,3.0,-7.3,-7.2,seed333
CN(C)C(=O)N1CCC[C@H](C(=O)Oc2cc(C(F)(F)F)c[nH]c2=O)C1,0.813,3.75,-7.2,-7.3,seed333
CC1=C(C(=O)[O-])CCCC(C)=CC1[C@@H]1CC(=O)NC(=O)N1,0.7193,7.0,-7.2,-7.3,seed333
COc1ccc(F)c(NC(=O)[C@@H](C)Oc2ccc(Cl)cc2)n1,0.9165,3.0,-7.0,-7.4,seed333
CC(C)[C@H](C)CC(=O)N[C@@H](c1nc(-c2ccncc2)no1)C(=O)[O-],0.793,3.0,-6.9,-7.5,seed333
C[C@H](C(=O)N1CC(=O)Nc2ccccc21)n1nc(-c2cccs2)oc1=O,0.7615,3.0,-7.5,-6.9,seed333
CCN(C)C(=O)[C@@H]1CCCC[C@H]1[NH2+]CC1(c2ccc(F)cc2)CCCC1,0.8297,5.25,-6.9,-7.5,seed333
O=C(C[C@@H]1CCC[NH2+]1)C(=O)Nc1nnc(-c2cccnc2)o1,0.7364,3.0,-6.9,-7.5,seed333
Cc1cc(C)n(-c2cnc(-c3ccccc3)nc2C#N)n1,0.7209,3.0,-7.5,-6.9,seed333
Cc1ccc(-n2nnc(C(=O)Nc3cccnc3)c2C2CC2)cc1,0.8018,3.0,-7.1,-7.3,seed333
CC(=O)Nc1ccc(NC(=O)CCNS(=O)(=O)c2ccc(Cl)cc2)cc1,0.6697,3.0,-6.8,-7.6,seed333
Cn1c(C[NH+](C)C2CCCCCC2)nc2cccc(C[NH3+])c12,0.8152,5.0,-7.1,-7.3,seed333
CC(=O)Nc1ccc(C(=O)[C@@H](C)Sc2nnc(N3CC[NH+](C)CC3)s2)c(Cl)c1,0.5268,3.0,-7.3,-7.1,seed333
CCc1cccc(NC(=O)NNC(=O)c2sc(C)nc2C)c1,0.761,3.5,-6.8,-7.5,seed333
Cc1ncccc1N1CCC[C@@H](c2oncc2C(=O)[O-])C1,0.8407,3.0,-7.1,-7.2,seed333
Cc1cc(NC(=O)c2ccn([C@H](C)C(=O)[O-])n2)ccc1Cl,0.9248,4.0,-6.7,-7.6,seed333
Cc1ccccc1COC1CCN(C(=O)CC[C@@H](C)[NH+](C)CC2CC2)CC1,0.7219,3.0,-6.9,-7.4,seed333
CCN1CCN(C(=O)CC2(CC(=O)OCc3ccccc3C)CC2)CC1,0.7035,3.25,-7.1,-7.2,seed333
O=C1[C@H](C(=O)[O-])c2cc(F)ccc2NN1c1ccccc1,0.8366,6.0,-7.6,-6.7,seed333
C[C@H]1CN(c2ccc(NC(=O)c3n[nH]c(C4CC4)n3)cn2)C[C@@H](C)O1,0.8814,3.0,-6.8,-7.5,seed333
COc1ccccc1C[NH+](C)CC(=O)N1CCOc2ccc(C)cc21,0.895,3.0,-7.2,-7.1,seed333
C[NH+](CC(=O)Nc1ccc(Cl)c(F)c1)S(=O)(=O)c1ccc(Cl)nc1,0.7525,3.0,-7.0,-7.2,seed333
CCN(C(=O)CSc1nc(C)c2nc[nH]c2n1)c1cccc(C)c1,0.57,3.0,-7.1,-7.1,seed333
Cc1cc(-c2ccc(S(=O)(=O)N3CCO[C@@H](C)C3)cc2)on1,0.8647,3.0,-7.1,-7.1,seed333
CCN(Cc1ccc(Cl)s1)C(=O)CCCn1cnc2ccccc2c1=O,0.6146,3.0,-6.8,-7.4,seed333
Cc1nc(C(=O)NCc2cc(-c3cc(C)on3)no2)sc1C,0.7944,3.0,-6.9,-7.3,seed333
CC[C@H](C)c1ccc(N/C([O-])=C(/C#N)C(=O)c2ccc(Cl)cc2)cc1,0.3644,4.0,-6.4,-7.8,seed333
CC(=O)Nc1ccccc1-c1nc(C2CCCCC2)no1,0.9323,3.0,-7.2,-7.0,seed333
CC(C)Oc1cccc(CN2CCO[C@H](c3ccc(Cl)cc3)C2)c1,0.7836,3.5,-7.0,-7.2,seed333
CC[NH+](C)Cc1nnc(S[C@H](C)C(=O)NC[C@H](C)c2ccc(Cl)cc2)s1,0.6202,3.0,-6.9,-7.3,seed333
CCOC(=O)C(C)(C)N1CC[NH+](C[C@@H](C)c2ncc(-c3ccc(Cl)cc3)o2)CC1,0.6976,3.0,-6.9,-7.2,seed333
C[C@]1(CNc2cc(O)nc3ccccc23)CC[NH2+]C1,0.778,5.5,-7.0,-7.1,seed333
CC(=O)NCCc1ccc([C@@H](C)[NH2+][C@H](C)c2ccccc2Cl)s1,0.7879,3.5,-7.0,-7.1,seed333
Cc1ccc([C@@H](C)[NH2+][C@@H](C)c2cc(F)c(F)cc2F)o1,0.8569,5.0,-7.1,-7.0,seed333
COC(=O)[C@H](c1cccc(C)c1)[NH+]1CCC[C@H](c2nc3ccccc3[nH]2)C1,0.6997,3.0,-7.3,-6.8,seed333
C[C@@H]1C[C@@H]1C(=O)N1CCC(CNC(=O)COCc2ccccc2)CC1,0.825,3.25,-6.6,-7.5,seed333
Cc1ccc(-c2n[nH]cc2C[NH2+][C@H]2CCC[C@H](C)[C@@H]2C)s1,0.8939,4.0,-7.1,-7.0,seed333
CSc1ccc(C(=O)CCC(=O)Oc2ccccc2[N+](=O)[O-])s1,0.1874,3.0,-6.8,-7.2,seed333
CC1CCN([C@H](C)C(=O)Nc2nc(Cc3n[nH]c(C)n3)cs2)CC1,0.865,3.0,-6.5,-7.5,seed333
Cc1c([N-]S(=O)(=O)C2CC2)cccc1C(=O)NCCc1csc(C)n1,0.8007,3.0,-6.7,-7.3,seed333
O=S(=O)(/N=C(\[O-])C1(c2ccc(Cl)c(Cl)c2)CCCC1)C1CC1,0.6114,3.75,-7.4,-6.6,seed333
C[C@H]1C[C@@H](C)CN(C(=O)CCNS(=O)(=O)C2CCCCC2)CC1,0.8332,5.5,-7.1,-6.9,seed333
Cn1cc([C@H](O)c2ccc(O)c3cccnc23)nn1,0.7182,3.0,-6.7,-7.3,seed333
Cc1cc(NC(=O)[C@H]2C[C@H]2c2cccc(Cl)c2)sc1C,0.87,5.5,-6.8,-7.2,seed333
CCN1CC[NH2+][C@H](Cc2nc3c(C(C)C)ccc(O)c3s2)C1=O,0.8893,3.0,-6.9,-7.0,seed333
Cc1ccc([C@H](C(=O)[O-])[NH+]2CCN(c3ccc(C)c(C)c3)CC2)o1,0.8826,4.5,-7.2,-6.7,seed333
CC(C)Oc1cccc(CC(=O)N2CCCC[C@H](O)C2)c1,0.9264,5.75,-7.0,-6.9,seed333
O=C1CCCN1CC(=O)NC1(c2ccc(Cl)cc2)CCC1,0.9287,5.75,-7.0,-6.9,seed333
Cc1ccc2c(C(=O)N3CC[C@@](O)(C(F)F)C3)c[nH]c2c1,0.8928,6.0,-6.9,-7.0,seed333
CC(=O)[C@@]1(C)CCCN1Cc1ccnc2ccccc12,0.8569,6.0,-7.0,-6.9,seed333
CC(C)[C@H]1C(=O)NC(=O)C[C@@H]1c1ccc(Cl)c(Cl)c1,0.8509,7.25,-7.2,-6.7,seed333
CCOc1ccc2nc(C(=O)N3CC[C@H](C)C[C@H](C)C3)oc2c1,0.8654,3.0,-7.2,-6.7,seed333
CC(=O)c1c(C)[nH]c(C(=O)Oc2ccc(C(C)C)cc2)c1C,0.5233,5.5,-6.5,-7.4,seed333
Cc1noc(C(C)CC(=O)Nc2nnc(C(F)(F)F)s2)n1,0.9289,3.0,-6.7,-7.2,seed333
Cn1ccnc1[C@H](NC1(C#N)CCc2ccccc2C1)C1CCCCC1,0.9055,3.5,-7.2,-6.7,seed333
Cc1ccc(CC(=O)N2CCOc3c(ccc(O)c3CNS(=O)(=O)C3CC3)C2)o1,0.7381,3.0,-7.3,-6.6,seed333
Cc1ccc(N(CC(=O)N[C@H]2CCS(=O)(=O)C2)S(=O)(=O)c2ccc(Cl)cc2)s1,0.7088,3.0,-6.8,-7.1,seed333
COC(=O)[C@H]1C[C@@H]2CC[C@]1(C)C[C@H](c1nc(Cc3csc(C)n3)no1)C2,0.7544,3.0,-6.8,-7.1,seed333
CCOC(=O)[C@H]1[C@@H]2C(=O)[C@@H](C[C@@H]3CCCO3)CC(=O)N2C1C[C@H]1CCC[C@@H]1CC,0.6087,3.0,-7.1,-6.7,seed333
CCC[C@H](C(=O)[O-])N1CCN(C(=O)c2n[nH]c3ccccc23)CC1,0.8481,3.0,-6.8,-7.0,seed333
Clc1ccc(C2=Nn3cnnc3SC[C@@H]2C[C@H]2CCC[NH2+]2)cc1,0.9228,3.0,-6.9,-6.9,seed333
CCn1nc(C)c(C(=O)N[C@H](c2ccc(F)cc2)C(C)C)c1C,0.9119,4.5,-6.8,-7.0,seed333
CC[NH+]1CCC[C@@H]1CNC(=O)C1(c2cccc(Cl)c2)CC1,0.8502,5.75,-6.3,-7.5,seed333
C[C@H]1CN(c2nccc(NC(=O)C3(C)CC3)c2)C[C@@H](C)O1,0.9283,4.25,-6.8,-7.0,seed333
O=[N+]([O-])c1c(Nc2ccccc2)ncn1[C@@H]1CCS(=O)(=O)C1,0.6802,3.0,-6.9,-6.8,seed333
COc1cccc(CC(=O)Nc2ccnn2Cc2csc(C)n2)c1,0.7478,3.0,-6.7,-7.0,seed333
Cc1ccc(C)c(OCC(=O)NC[C@H](c2ccco2)[NH+](C)C)c1,0.8087,3.0,-6.7,-7.0,seed333
C[C@H](Cn1nnc(-c2ccc(C(C)(C)C)cc2)n1)C(=O)[O-],0.8381,3.0,-6.7,-7.0,seed333
CNC(=O)NCC(=O)Nc1nnc(-c2cccnc2)s1,0.7586,3.0,-6.6,-7.1,seed333
C/C(=N\N1C(=O)CC2(CCOCC2)C1=O)c1cccnc1,0.608,3.25,-6.8,-6.9,seed333
CCn1nc(C)c(NC(=O)c2csc(-c3ccco3)n2)c1C,0.7994,3.0,-6.6,-7.1,seed333
COc1ccc(C(=O)CNS(=O)(=O)c2cc(C)c(Cl)s2)cc1,0.8048,3.0,-6.5,-7.2,seed333
CC1(C)C[NH+](Cc2nnnn2-c2cccc(Cl)c2)CC[S@@]1=O,0.8691,3.0,-6.6,-7.0,seed333
Cc1cc(Cl)c(S(=O)(=O)N2CCC[C@H]2CNC(=O)OC(C)(C)C)cc1C,0.8337,3.75,-6.8,-6.8,seed333
C[C@H](OC(=O)c1cccc(Cl)c1)C(=O)C1=c2ccccc2=[NH+]C[C@@H]1O,0.7142,4.0,-6.6,-7.0,seed333
COc1ccnc(N2CCN(C(=O)c3ccc(F)cc3)CC2)n1,0.8605,3.0,-6.8,-6.8,seed333
CC[C@H](NC[NH2+][C@H](C)c1nc2ccccc2[nH]1)c1nncn1C,0.5681,3.0,-7.0,-6.6,seed333
CC(=O)c1ccccc1C(=O)OCc1sc(C)nc1C,0.6397,3.0,-6.8,-6.8,seed333
Cc1cc([C@@H](c2cccc(Cl)c2)N(C(=O)c2cc(C(C)C)on2)[C@H](C)CO)on1,0.6135,3.0,-7.0,-6.6,seed333
CCOC(=O)C(=O)NC1CCC(NC(=O)c2ccc(C)o2)CC1,0.6432,3.25,-6.6,-7.0,seed333
C[C@@H]([NH2+]C1CCC(OC(C)(C)C)CC1)c1ccc(C#N)cc1,0.9273,5.25,-6.6,-6.9,seed333
COc1ccc(C(=O)N2CC[C@@H](C)[C@H](NS(=O)(=O)C3CCC3)C2)cc1OC,0.7953,3.0,-7.0,-6.5,seed333
CC(C)[C@H]1OCC[C@H]1CNC(=O)[C@@H](c1ccc(Cl)cc1)N1CCOCC1,0.824,3.0,-6.9,-6.6,seed333
CC[C@@H](NC(=O)C(=O)Nc1ccc(OC)nn1)C1CCOCC1,0.7754,3.0,-6.6,-6.9,seed333
C[C@H]1CC[C@@H](C)N1C(=O)c1ccc(OCCn2cc[nH+]c2)cc1,0.8506,4.0,-6.7,-6.8,seed333
CCC[C@@H]1C[C@H]1NC(=O)C(=O)Nc1ccc([N-]S(C)(=O)=O)c(C)c1,0.7654,3.0,-6.5,-7.0,seed333
CC[C@H](C)C(=O)N[C@@H]1CCCN(CC(=O)Nc2ccc(C(C)=O)cc2)C1,0.7332,4.25,-6.5,-7.0,seed333
CCn1ncc(C(=O)N[C@H](C)CCCO[C@H]2CCCC[C@H]2C)c1C,0.737,3.0,-6.2,-7.3,seed333
CCN(Cc1nc(-c2cccs2)cs1)C(=O)c1csc(-c2cccc(OC)c2)n1,0.371,3.0,-6.7,-6.7,seed333
Cc1cccnc1C[NH+](C)[C@@H]1CCC[C@H]1CNC(=O)OC(C)(C)C,0.8669,3.75,-6.4,-7.0,seed333
Cc1nnsc1C(=O)Nc1ccccc1SC1CCCCC1,0.8933,3.0,-6.9,-6.5,seed333
C[C@@H](NC(=O)CCc1cccnc1)c1ccc(N(C)C)nn1,0.8796,3.0,-6.4,-7.0,seed333
O=C(Nc1cccc([N+](=O)[O-])c1)C1CCCC1,0.6452,6.75,-6.5,-6.9,seed333
N#C/C(=C\Nc1cccc(Cl)n1)c1ccc(C#N)cc1,0.6888,3.5,-6.5,-6.9,seed333
CCOCCCN1CCN(S(=O)(=O)c2sc3c(c2C#N)CC[C@H](C(C)C)C3)CC1,0.582,3.0,-6.7,-6.7,seed333
CCn1nc(C)c(CNC(=O)[C@@H](C)c2ccc(Br)s2)c1C,0.8712,3.0,-6.5,-6.9,seed333
C[C@H](OC(=O)N[C@@H](c1ccc(Cl)cc1)S(C)(=O)=O)C1CCOCC1,0.8552,3.0,-6.9,-6.5,seed333
Cc1nn(CC(=O)Nc2ccnc(C(=O)[O-])c2)c(C)c1,0.8379,3.0,-6.4,-7.0,seed333
C[C@H]1CC[C@H](C)N(C(=O)c2ccnc(OC(C)(C)C)c2)C1,0.8366,5.75,-6.6,-6.8,seed333
Cc1ccc(C(=O)NN(C)Cc2ccc(Cl)s2)cc1,0.8756,5.0,-6.6,-6.8,seed333
CC[C@@H](C)N1C[C@H](c2nc3ccc(OC(=O)C(C)C)cc3n2C)CC1=O,0.6086,3.0,-6.8,-6.6,seed333
O=C(Nc1cccc(Cl)c1)N[C@H]1C=C[C@H](C(=O)[O-])C1,0.8147,6.25,-6.8,-6.6,seed333
CCOc1c(Cl)cc(C(=O)NN2[C@@H]3CCCC[C@H]3CC2)c(OC)c1,0.8783,3.0,-6.6,-6.8,seed333
Cn1cc(S(=O)(=O)NCCNC(=O)C2CCCCC2)cn1,0.7431,3.0,-6.3,-7.1,seed333
Cc1nc(Cl)sc1C(=O)O[C@H](C(=O)c1nc(C2CC2)no1)C(C)C,0.5681,3.0,-6.6,-6.8,seed333
CCn1nc(C)cc1[N-]S(=O)(=O)Cc1cc(C)cc(OC)c1,0.8188,3.0,-6.4,-6.9,seed333
CCc1cccc(OCc2cccc(N)c2)c1,0.8123,6.5,-6.4,-6.9,seed333
CCN(Cc1c(Cl)cccc1Cl)S(=O)(=O)c1cc(C)c(C)cc1C,0.7145,5.0,-6.8,-6.5,seed333
Cc1cc(C2=C(N)N(Cc3ccccn3)[C@H]3CS(=O)(=O)C[C@H]32)on1,0.8818,3.0,-7.2,-6.1,seed333
C[C@H]1CN(C(=O)NCc2csc3ccccc23)C[C@H](C)O1,0.9253,4.5,-6.8,-6.5,seed333
Cc1ccc(N(C)C(=O)[C@@]23CC[C@@H](C[C@@H]2Cl)C3)cn1,0.7788,6.25,-7.0,-6.3,seed333
CS[C@H]1CC[C@H](NC(=O)C(=O)Nc2c(F)cc(Br)cc2F)C1,0.7766,4.25,-6.5,-6.8,seed333
CCC1(CNC(=O)[C@@H](NC(N)=O)C(C)C)CCCCC1,0.6976,6.0,-6.3,-7.0,seed333
O=C(Nc1cc(-c2cccnc2)n(C2CCCCC2)n1)N[C@H]1CC[NH+](CC2CCCC2)C1,0.6482,3.0,-7.3,-6.0,seed333
CCOc1cccc(CNC(=O)[C@H]2CC[NH2+][C@H](C)C2)c1,0.8455,5.25,-6.6,-6.7,seed333
CCc1ccc([C@H](C)[NH2+][C@H](C)CC(=O)N2CCC[C@@H](C)C2)o1,0.8777,4.75,-6.4,-6.9,seed333
Cc1ccc(C)c(-c2[nH]ncc2C(=O)NCCOC[C@H]2CCCO2)c1,0.7579,3.0,-6.3,-7.0,seed333
Cc1csc(CNc2nc3c(n(C)c(=O)n2C)S(=O)(=O)CCC3)n1,0.8471,3.0,-6.9,-6.4,seed333
COc1cccc(/C=C/C(=O)Nc2ccn(C)n2)c1OC(C)C,0.8325,3.0,-6.7,-6.6,seed333
C[C@@H]([NH2+]Cc1csc(C(C)(C)C)n1)[C@@H](O)C1CCCCCC1,0.8167,4.25,-6.5,-6.8,seed333
C[NH2+]C1CCN(C(=O)Nc2cccc(C)c2C(=O)c2ccco2)CC1,0.8344,4.0,-6.7,-6.6,seed333
CC(C)[C@H](C)NC(=O)N[C@@H]1c2ccccc2C[C@H]1O,0.7798,7.25,-6.6,-6.6,seed333
CSc1cccc([C@@H](C)[NH2+]Cc2nc(C3CC3)cs2)c1,0.8269,3.0,-6.5,-6.7,seed333
Cc1cc([N+](=O)[O-])cnc1CSc1ccc(Cl)cc1,0.4805,3.5,-6.5,-6.7,seed333
CC[NH+](CC)[C@H]1CCN(C(=O)Nc2cc(C(C)C)nn2C(C)(C)C)C1,0.856,4.25,-6.8,-6.4,seed333
CSC[C@H]1CCN(C(=O)C[NH+](C)[C@H](C)C(=O)Nc2ccc(C)cn2)C1,0.736,3.0,-6.1,-7.1,seed333
C[C@H](NC(=O)c1ccc(-c2nc(C#N)c[nH]2)s1)[C@H]1CC1(Cl)Cl,0.8258,3.0,-6.5,-6.7,seed333
CCOC(=O)c1c(C)[nH]c(CN2CCO[C@H](c3cc(Cl)sc3Cl)C2)c1O,0.7128,3.0,-6.6,-6.6,seed333
Cc1cc(CN(C)C(=O)N[C@H](C)c2ccc(C(N)=O)o2)sc1C,0.8802,3.0,-6.6,-6.6,seed333
CC(=O)[C@H]1[C@@H](c2ccc3c(c2)OCO3)NC(=O)N1CCN(C)C(=O)C1CC1,0.8122,3.0,-6.8,-6.4,seed333
COC(=O)[C@]1(C)CC(=O)NC(=O)[C@H]1c1ccc(Cl)c(Cl)c1,0.6671,5.25,-6.7,-6.4,seed333
CCn1cc[nH+]c1[C@H]1CCCN(c2ncc(Br)cn2)C1,0.8632,3.5,-6.4,-6.7,seed333
Cc1cccc(C[NH+](CC(=O)[O-])C[C@@H]2CCCO2)c1,0.7389,4.75,-6.4,-6.7,seed333
COC(=O)Cn1c(S[C@@H](C)C(=O)[O-])nc2sc3c(c2c1=O)CC[C@H](C)C3,0.4225,3.0,-6.9,-6.2,seed333
Cc1nn([C@@H]2CCS(=O)(=O)C2)c(C)c1NC(=O)CN1CCOC[C@@H]1C,0.8304,3.0,-6.9,-6.2,seed333
CC(C)[NH+](C)C[C@H](C)C(=O)C[C@H]1OCCc2ccccc21,0.8662,5.25,-6.4,-6.7,seed333
CC(=O)N1CCC[C@H](C(=O)NCc2nccn2CC(C)C)[C@H]1C,0.8994,4.25,-6.4,-6.7,seed333
Cc1nn(Cc2cccc(Cl)c2)c(C)c1/C=N/O,0.5257,4.5,-6.5,-6.6,seed333
Cc1n[nH]c(C)c1S(=O)(=O)N1CCO[C@H](c2cccc(C(F)(F)F)c2)C1,0.876,3.0,-6.6,-6.5,seed333
CC(=O)N1CC[C@H](Nc2cc(C)n(-c3nc(C)cs3)n2)C1,0.9416,3.0,-6.6,-6.5,seed333
Cc1nn(C)c(C)c1CCC(=O)N1CCCSC[C@H]1C1CC1,0.8556,3.75,-6.6,-6.5,seed333
COc1ccc(C(=O)N[C@H](CC(=O)[O-])c2n[nH]c(C)n2)cc1,0.7578,3.0,-6.5,-6.6,seed333
CC[C@H]1CCCC[C@H]1NC(=O)CCn1c(=O)n(C)c(=O)n1C,0.8528,4.75,-6.6,-6.5,seed333
Cc1cc([N+](=O)[O-])cnc1S[C@H](C)CS(=O)(=O)C1CCCCC1,0.4389,3.0,-6.6,-6.5,seed333
CC(=O)c1cc(OCC(=O)Nc2cc(Cl)sc2C)n(C)n1,0.8568,3.0,-6.3,-6.8,seed333
COc1ccc(-c2noc(/C=C/[C@H](C)O)n2)cc1OC,0.9012,3.0,-6.5,-6.6,seed333
C[C@@H]1SCCC[C@@H]1Nc1ccc(Cl)c(C(F)(F)F)c1,0.8197,5.75,-6.6,-6.4,seed333
CC[NH+](C)C[C@H]1CCN(C(=O)c2cccc(S(=O)(=O)NC)c2)C1,0.7397,4.25,-6.5,-6.5,seed333
CN(C)C(=O)N1CCC(C(=O)N(Cc2ccccc2)[C@H]2CCS(=O)(=O)C2)CC1,0.7595,4.25,-6.9,-6.1,seed333
CCOC(=O)/C=C\Nc1ccc(-n2cnnn2)cc1C#N,0.645,3.0,-6.5,-6.5,seed333
CC(C)[NH+]1C[C@@H](C)CC[C@H]1CCNC(=O)N(C)C1C[C@@H](C)O[C@H](C)C1,0.7939,5.0,-6.5,-6.5,seed333
C[C@H](C[NH+]1CCC[C@H]1CN1CCOCC1=O)N1CCC[C@@H]1CN1CCOCC1,0.6042,3.0,-6.6,-6.4,seed333
CC(=O)N1CCN(Cc2ccc(Cl)c(OC)c2)CC1,0.8502,5.75,-6.5,-6.5,seed333
CC(C)(C)NC(=O)COC(=O)c1nn(-c2ccc(Cl)cc2)s1,0.8676,3.0,-6.2,-6.8,seed333
CCc1ccc(CC)c(N2CCN(C(=O)[C@H]3C[C@H]3C)CC2)n1,0.8572,5.25,-6.5,-6.5,seed333
CC1(C)CC(=O)C2=C(C1)N/C(=C/c1cccs1)C(=O)C2=O,0.4916,6.25,-6.8,-6.2,seed333
COC(=O)/N=C(/NC)n1nnnc1-c1cccc(C#N)c1,0.5947,3.0,-6.6,-6.4,seed333
C[C@H]1CCC[C@H](NC(=O)C[NH+]2C[C@@H](C)CC[C@@H]2C)C1,0.7958,8.0,-6.2,-6.7,seed333
CC(C)c1ccc(S(=O)(=O)N[C@H](C)C[NH+]2CCCCC2)s1,0.8319,3.75,-6.5,-6.4,seed333
CCOCC(=O)N(C)[C@H](C)c1nnc(-c2ccccc2)o1,0.8158,3.0,-6.2,-6.7,seed333
Cc1ccc(C[NH+]2CCC[C@H](C(=O)NCC3(N(C)C)CCCC3)C2)s1,0.8082,3.75,-6.5,-6.4,seed333
COC1CC[NH+]([C@@H](C)C(=O)Nc2ccc(Cl)c(Cl)c2)CC1,0.8859,4.75,-6.5,-6.4,seed333
Cc1cc(C)n(CC[NH+](C)Cc2cc(F)ccc2O)n1,0.8586,4.5,-6.4,-6.5,seed333
C[C@@H]1CCC[C@@H](NC(=O)NCCCn2cc[nH+]c2C)[C@@H]1C,0.8027,5.75,-6.2,-6.7,seed333
Cc1onc(-c2c(Cl)cccc2Cl)c1C[NH2+]C1CC1,0.9417,3.5,-6.6,-6.3,seed333
CN1CCCN(C(=O)[C@@H]2C[C@H]2c2ccc(Cl)cc2)CC1,0.8365,7.25,-6.1,-6.8,seed333
CC[C@@H](C(=O)Nc1ccc([N+](=O)[O-])cc1)[N-]C(=O)C1CC1,0.6419,3.25,-6.3,-6.6,seed333
Cc1ccnc(OC(=O)c2ccc(C)nc2)n1,0.7332,3.0,-6.3,-6.6,seed333
CC[C@H](Cn1ncn(C)c1=O)NC(=O)c1cc(C(C)C)no1,0.8553,3.0,-6.3,-6.6,seed333
CC(C)(CNC(=O)CC1CCCCC1)C[NH+]1CCSCC1,0.7829,5.0,-6.3,-6.5,seed333
CC(C)C[NH+](C)C[C@@H](O)Cn1c(C(C)C)nc2ccccc21,0.8173,4.0,-6.3,-6.5,seed333
C[C@H](OC(=O)C1C[C@H](C)O[C@H](C)C1)c1ccncc1,0.7867,4.25,-6.1,-6.7,seed333
Cc1c(N)nc(-c2ccccc2)[nH]c1=O,0.7306,7.0,-6.2,-6.6,seed333
C[C@H]1CCC[C@@H](C)N1C(=O)Cn1nc([N+](=O)[O-])nc1C,0.6142,3.25,-6.4,-6.4,seed333
CC[C@H](C)NC(=O)CCC(=O)N1CCO[C@H](c2ccccc2F)C1,0.8678,3.75,-6.8,-6.0,seed333
C[C@H](C(=O)OCC(=O)N[C@H]1CCC[C@H](C(=O)[O-])C1)N1C[C@H](C)O[C@@H](C)C1,0.6261,3.0,-6.4,-6.4,seed333
COC(=O)c1nn(Cc2cccc(C)c2)c(Cl)c1Cl,0.8165,4.0,-6.1,-6.7,seed333
CCc1nn(C)cc1CNC(=O)[C@@H]1COC[C@@H](C)C1,0.8917,4.25,-6.3,-6.5,seed333
CCN(CC(=O)NC1CC[NH+](CC[NH+](C)C)CC1)S(=O)(=O)c1ccccn1,0.425,3.0,-6.6,-6.2,seed333
CCC[C@H](NC(=O)N1CCC(c2[nH+]ccn2C)CC1)C1(N2CCOCC2)CCCC1,0.7722,3.0,-6.8,-6.0,seed333
O=S(=O)(NCCOc1ccc(-c2cscn2)cc1)C1CC1,0.7934,3.0,-6.3,-6.5,seed333
CC1(C)N=C(SCc2nc(C(C)(C)C)sc2C)[N-]O[C@H]1C(C)C,0.7238,3.0,-6.3,-6.4,seed333
C[NH2+][C@H](c1ccc(C)o1)[C@@H]1CCOC2(CCCCC2)C1,0.923,5.25,-6.7,-6.0,seed333
CC[NH2+][C@H](Cc1nc(C[NH+](C)C2CCCCC2)no1)C(C)C,0.7378,3.0,-6.1,-6.6,seed333
Cc1cc(C)cc(OC(=O)[C@]2(C)CCCO2)c1,0.5828,6.25,-6.2,-6.5,seed333
CN(Cc1cccn1C)C(=O)CCc1nc(C(C)(C)C)no1,0.85,3.0,-6.1,-6.6,seed333
C[C@@](O)(CNc1nnnn1C1CC1)c1ccc(Cl)s1,0.8834,3.0,-6.2,-6.5,seed333
COC(=O)C(C)(C)[S@@](=O)Cc1conc1-c1ccc(C)cc1,0.7921,3.0,-6.1,-6.6,seed333
O=C1C(=O)N(Cc2ccco2)C(=O)/C1=C/NN1CCOC[C@@H]1C1CC1,0.3531,3.0,-6.6,-6.1,seed333
CC(=O)Nc1ccc(S(=O)(=O)[N-]c2cnc(C3CC3)s2)s1,0.901,3.0,-6.1,-6.6,seed333
C#CCn1/c(=N/C(=O)C2CCCC2)sc2cc(OC)ccc21,0.8176,3.0,-6.7,-5.9,seed333
Cc1nn(C)c(C)c1CS/C([O-])=N/S(=O)(=O)c1cccs1,0.6185,3.0,-5.9,-6.7,seed333
C[C@H](Cn1cc(C(F)(F)F)cn1)[NH2+][C@H](C)c1nc(C(C)(C)C)no1,0.9015,3.0,-6.4,-6.2,seed333
Cc1cc(Cl)c(OCc2nnc(SCC(=O)[O-])s2)cc1Cl,0.7337,3.0,-6.2,-6.4,seed333
C[C@@H](c1ccccc1)n1c(=S)[nH]s/c1=N\C1CCCCC1,0.8331,4.0,-6.4,-6.2,seed333
C[C@@H]1CC[C@@H](CC[NH+]2CCCC[C@@H]2C[NH2+]C[C@H](C)O)C1,0.6139,6.0,-6.4,-6.2,seed333
CC(C)N(C[C@@H](C)S(C)(=O)=O)C(=O)c1nc(C2CC2)n2ccccc12,0.7904,3.0,-6.1,-6.5,seed333
Cc1nn(CC(=O)NCC2(CC(=O)[O-])CC2)c(C)c1Br,0.8048,3.25,-6.0,-6.6,seed333
CCCC[C@H](CC)C(=O)Nc1nnc(-c2ccno2)s1,0.8466,3.0,-6.0,-6.6,seed333
C[C@@H](C(=O)NCC(F)(F)F)[NH+]1CCc2sccc2C1,0.8473,4.75,-6.1,-6.5,seed333
CCc1ccc(CC)c(N[C@H]2CS(=O)(=O)C[C@@H]2O)c1,0.8759,6.25,-6.3,-6.3,seed333
CC(C)c1ccc(N[C@H](C)/C(N)=N/O)cc1,0.3162,6.25,-6.1,-6.5,seed333
CC[C@@](C)(NC(=O)CCC1CCOCC1)c1ccc(Cl)s1,0.8422,3.25,-6.1,-6.5,seed333
CC[NH2+][C@H](Cc1ncn(CCc2nc(C)no2)c1C)C1CC1,0.7903,3.0,-6.3,-6.3,seed333
Cc1ccc(CCNC(=O)C2C[C@@H](C)C[C@H](C)C2)s1,0.8924,6.25,-6.5,-6.1,seed333
C[C@@H](NC(=O)c1ccc(Cl)nc1)c1ccc(Cl)s1,0.8725,4.0,-6.0,-6.6,seed333
CCC[NH+](Cc1ccc(C#CCCO)cc1)[C@H](C)CCC,0.7055,4.25,-6.3,-6.2,seed333
CC(C)[NH+]1CCC[C@@H](C(=O)C2CCCCC2)C1,0.7958,8.5,-6.1,-6.4,seed333
COC(=O)c1cc(C)ccc1S(=O)(=O)NCCC[NH+]1CCC[C@@H](C)C1,0.5497,3.0,-6.1,-6.4,seed333
CC(=O)c1ccc([N-]S(=O)(=O)C[C@@H](C)CCO)cc1F,0.7835,3.25,-6.1,-6.4,seed333
Cc1noc(C2CCN(C(=O)[C@@H]3CC3(Cl)Cl)CC2)n1,0.7865,3.0,-6.1,-6.4,seed333
O=C([C@H]1CC[C@@H]2CCCC[C@H]2[NH2+]1)N1CCSCC1,0.766,7.0,-6.3,-6.2,seed333
C[C@H]1C[C@@H](c2ccccc2)[NH2+][C@H](C)C1,0.6982,9.75,-6.1,-6.4,seed333
CCC[C@H]1C[C@H]1NC(=O)Nc1cnc(-c2n[nH]c(C)n2)s1,0.7907,3.0,-6.1,-6.4,seed333
Cc1cc(=O)n(C[C@@H](O)c2ccccc2)[nH]1,0.8134,7.0,-6.2,-6.2,seed333
Cc1ccc(-n2c(C)nnc2S[C@H](C(=O)N(C)C)c2cccs2)cc1,0.6382,3.0,-6.5,-5.9,seed333
C[C@@H]1C[NH+](Cc2nc(C(C)(C)C)no2)C[C@H](C)O1,0.8376,3.25,-5.9,-6.5,seed333
CCOC(=O)c1csc(Nc2ncnc3[nH]cnc23)n1,0.7046,3.0,-6.2,-6.2,seed333
COc1ccc(C(=O)N2CCC[C@@H](C(=O)[O-])C2)cc1,0.7851,5.75,-6.0,-6.4,seed333
C[C@H](SCC(=O)N1CCN(c2cc(Cl)nn2C)CC1)c1cccs1,0.7928,3.0,-6.3,-6.1,seed333
C[C@@H]1C[C@H](NC(=O)C2CCN(S(=O)(=O)C3CC3)CC2)CC(C)(C)C1,0.8416,5.5,-6.3,-6.1,seed333
CC(=O)c1csc(CNc2cc(Cl)cc(Cl)c2Cl)n1,0.6368,3.0,-6.1,-6.3,seed333
C[C@@H](NC(=O)[C@@H]1COc2ccccc2O1)C1(C)CC1,0.9064,4.75,-5.8,-6.6,seed333
Cc1c([C@@H](C)[NH2+]Cc2ccn(C)n2)sc2nccn12,0.7798,3.0,-6.3,-6.1,seed333
CC1(C)CC[C@H](C[NH2+]C(CC(C)(C)C)CO)CN1c1cccnc1,0.84,4.75,-6.6,-5.7,seed333
COC(=O)[C@H]1[C@H](c2ccccc2)NC(=O)N1[C@H](C)c1ccsc1,0.8764,3.0,-6.4,-5.9,seed333
COc1ccc(Cl)cc1CNC(=O)C[NH2+]C(C)(C)C,0.8574,5.25,-6.1,-6.2,seed333
C[C@H]1C[C@H](Nc2cc(C(F)F)nn2C)CC[NH+]1C,0.8432,5.25,-6.0,-6.3,seed333
CCC[C@@H](CCC)/C(=N/O)CCCc1ccncc1,0.4057,3.25,-6.4,-5.9,seed333
CC(C)[C@H](NC(=O)[C@@H]1CCCN1S(=O)(=O)c1ccc(Cl)s1)C(=O)[O-],0.7545,3.0,-6.5,-5.8,seed333
C=C(Cl)CSCC(=O)N1C[C@H](O)C[C@H]1C1CCCCC1,0.8471,5.0,-6.3,-5.9,seed333
C[NH+](C)[C@@H]1CC[C@H](NC(=O)C2(c3cccs3)CCCC2)C1,0.8728,5.25,-6.0,-6.2,seed333
CC(C)(C)[C@H](O)CNC(=O)CCc1csc(C(C)(C)C)n1,0.8785,4.25,-6.2,-6.0,seed333
COC[C@H](C)[NH2+]Cc1ccc(OCCN2CCOCC2=O)cc1,0.6959,3.0,-5.9,-6.3,seed333
C[C@H]([NH2+]CCc1ncc(C(C)(C)C)o1)C(=O)N1CCSCC1,0.8782,3.0,-6.0,-6.2,seed333
CC(C)n1nc(C(=O)Nc2ccnn2C(C)(C)C)cn1,0.9304,3.0,-6.0,-6.2,seed333
CCC[C@H](O)CNc1ncn(Cc2ccc(C)cc2)n1,0.8123,3.0,-5.7,-6.4,seed333
CCCCN1C[C@H](C(=O)N[C@H](C)Cn2cncn2)CC1=O,0.7904,3.0,-5.9,-6.2,seed333
CC[NH+](CC)[C@](C)(CC)[C@@H](C)C(=O)c1ccc(C(F)(F)F)cc1,0.7578,5.25,-5.9,-6.2,seed333
Cc1cc([C@@H]2CC[C@@H](C[NH3+])N(C(=O)c3cnn(CC[NH+](C)C)c3)C2)on1,0.6857,3.0,-6.2,-5.9,seed333
CCOc1cc(NC(=O)Nc2cc(C)sc2C)c(C)s1,0.8537,3.0,-5.9,-6.2,seed333
CC(=O)O[C@@H]1C(=O)C[C@@H](c2ccccc2C)[C@H]1C,0.7533,7.25,-6.0,-6.1,seed333
CC(=O)N1CCn2c(nnc2-c2ccccn2)C1,0.7393,3.5,-6.0,-6.1,seed333
NC(=O)[C@@H]1CC(=O)[C@@H](Cc2cccs2)c1,0.8409,6.25,-6.0,-6.1,seed333
CCOC(=O)c1sc(NC(=O)[C@@H]2CCO[C@H]2C)c(C#N)c1C,0.8603,3.0,-5.9,-6.1,seed333
COc1ccc2ccccc2c1[C@H]1C(c2ccccc2)=NCS1(=O)=O,0.7218,3.25,-6.1,-5.9,seed333
Cc1cc(C)n(CC(=O)OCC(=O)N[C@H](C)CS(C)(=O)=O)n1,0.6808,3.0,-5.7,-6.3,seed333
C[C@H]1CCc2c(F)ccc(F)c2C1,0.578,9.75,-6.1,-5.9,seed333
CN(C[C@@H](O)C1CC1)C(=O)N[C@@H]1CCCN(CC(F)(F)F)C1,0.8046,4.5,-6.1,-5.9,seed333
O=C(NCc1ccc(S(=O)(=O)Nc2ccccc2Cl)cc1)c1cccc(-c2nc3ccccc3[nH]2)c1,0.2612,3.0,-9.5,-10.2,seed999
CCc1cccc(NC(=O)COc2ccc(NC(=O)c3cc(-c4ccc(F)cc4)ncc3C)cc2)c1,0.3208,3.0,-8.8,-10.1,seed999
O=C(c1cccc(C[NH+]2CCC[C@H](c3nnc(-c4cccc(F)c4)o3)C2)c1)N1CCOCC1,0.6447,3.0,-9.4,-8.9,seed999
Cc1cccc(C(=O)N2CCN(CC(=O)Nc3cccc4c3CCCC4)CC2)c1,0.8703,5.0,-8.3,-9.8,seed999
COc1cccc(-c2ccc(CNC(=O)C(=O)N[C@H]3CCCc4ccccc43)cc2)c1,0.6159,3.25,-8.4,-9.7,seed999
CCc1ccc(C)c(C(=O)[C@@H]2CCCN(C(=O)Cc3cccc4ccccc34)C2)c1,0.5407,5.25,-9.0,-9.1,seed999
Cc1cccc(C(=O)N[C@H](C(=O)Nc2ccccc2-c2ccccc2)c2nc3ccccc3n2CC)c1,0.2889,3.0,-9.4,-8.4,seed999
O=C(CNC(=O)c1ccc2c(c1)-c1ccccc1C2)NC[C@@H]1CCCCO1,0.7314,3.5,-8.4,-9.3,seed999
C[C@@H]1CN(Cc2ccc(Cl)cc2)CCN1C(=O)c1cc(-c2cccnc2)nc2ccccc12,0.418,3.0,-9.5,-8.2,seed999
Cc1nn(-c2ccc(F)cc2)c(C)c1C[NH+]1C[C@@H](c2ccc(OCc3ccccc3)cc2)[C@@H](C(C)C)C1,0.3399,3.0,-8.7,-8.8,seed999
CC(C)Oc1cccc(NC(=O)c2nc3nc(-c4ccccc4)cc(C)n3n2)c1,0.5566,3.0,-8.1,-9.3,seed999
Cc1ccc(-n2nc(C)c(C(=O)NCCC(=O)Nc3ccccc3F)c2C)cc1Cl,0.6125,3.0,-8.3,-9.1,seed999
COc1ccccc1CNc1ccccc1C(=O)N/N=C\c1ccccc1,0.4937,3.0,-8.3,-8.8,seed999
CC(=O)Nc1ccc(NC(=O)COC(=O)Cc2cn(C)c(=O)c3ccccc23)cc1Cl,0.5719,3.0,-8.0,-9.1,seed999
O=C(Nc1ccccc1)c1ccccc1NC(=O)[C@H]1COc2ccccc21,0.7392,3.75,-8.7,-8.4,seed999
COc1cccc(CNC(=O)CN2C(=O)c3oc4ccc(Cl)cc4c(=O)c32)c1,0.7134,3.0,-8.3,-8.8,seed999
Cc1ccccc1-n1cc(NC(=O)N2CCc3ccccc3C2)cn1,0.7764,4.75,-7.9,-9.1,seed999
C[C@@H](NC(=O)c1cccc(F)c1)C(=O)Nc1cccc(C(=O)N2CCOCC2)c1,0.8057,3.0,-8.4,-8.6,seed999
O=C(NCCOc1ccc(NC(=O)c2ccco2)cc1)C(=O)NCc1cccc2c1NCCC2,0.3017,3.0,-8.4,-8.6,seed999
COc1cccc(NC(=O)C(=O)N2CCc3cnc(Nc4ccccc4)nc3C2)c1,0.6505,3.0,-8.6,-8.3,seed999
COc1ccc(NC(=O)c2cccc(NC(=O)c3cccc(C)c3)c2)cc1Cl,0.6275,3.25,-8.3,-8.6,seed999
O=C(Nc1cccc(C(=O)N2CCCC2)c1)c1cc(F)ccc1Cl,0.9139,5.5,-8.5,-8.4,seed999
O=C(COC(=O)C1CCCC1)Nc1ccc(Oc2ncnc3sc(-c4ccccc4)cc23)cc1,0.3401,3.0,-8.0,-8.8,seed999
O=C(OCc1nc2ccccc2c(=O)[nH]1)c1ccc(C(F)(F)F)cc1F,0.5694,3.0,-7.9,-8.8,seed999
Cc1ccc(C(=O)Nc2ccc(N(C)C3CCCCCC3)cc2)c(C)c1,0.7158,6.5,-7.6,-9.1,seed999
COc1ccccc1CN1CCN(C(=O)CN2C(=O)COc3ccc([N+](=O)[O-])cc32)CC1,0.497,3.0,-8.0,-8.7,seed999
COc1ccc(-c2ccc(O)cc2C[NH+]2CCC(C(=O)NC3CCCCCC3)CC2)nc1,0.6061,3.0,-8.2,-8.5,seed999
Cc1c(C(=O)NNC(=O)c2cccc([N+](=O)[O-])c2)cnn1-c1ccncc1,0.5318,3.0,-8.1,-8.5,seed999
COc1cccc(CCNC(=O)c2ccc(NC(=O)COc3ccc(F)cc3)cc2)c1,0.5497,3.0,-8.0,-8.6,seed999
Cc1ccccc1C(=O)N1CCN(C(=O)c2cc3ccccc3cc2OC(C)C)CC1,0.6277,3.75,-8.3,-8.3,seed999
CC(C)c1ccc(NS(=O)(=O)c2cccc(NC(=O)CCCc3ccccc3)c2)cc1Cl,0.3891,3.0,-7.5,-9.1,seed999
Cc1ccc(NC(=O)[C@H]2CC(=O)N(/N=C/c3ccccc3O)C2=O)cc1,0.5002,3.5,-7.9,-8.6,seed999
CNC(=O)c1ccc(Cl)c(OCC(=O)Nc2nc3ccc(F)cc3s2)c1,0.6952,3.0,-8.0,-8.5,seed999
O=C(CCN1CCCC1=O)N[C@@H](C(F)(F)F)c1ccc(-c2ccc(F)cc2)cc1,0.7278,3.0,-8.3,-8.2,seed999
COc1ccc(CNC(=O)C[C@H]2C(=O)Nc3nc(-c4ccccc4)nn32)cc1,0.6859,3.0,-7.9,-8.6,seed999
O=C(CSc1nnc(-c2ccccc2)n1Cc1ccco1)Nc1cccc(OC[C@@H]2CCOC2)c1,0.3213,3.0,-7.9,-8.6,seed999
COc1cccc(CNC(=O)CC/N=C(\O)c2cc3cc(Br)ccc3[nH]2)c1,0.392,3.0,-7.8,-8.6,seed999
Cc1cccc(N2CCN(C(=O)c3cnn(-c4ccc(C)cc4)c3C)CC2)c1,0.7009,4.25,-8.0,-8.4,seed999
CCc1ccccc1N1CCN(C(=O)/C=C/c2cnn(-c3ccccc3)c2)CC1,0.6266,3.25,-8.1,-8.3,seed999
CNC(=O)C1CCN(C(=O)c2ccccc2Cn2c(=O)[nH]c3ccccc3c2=O)CC1,0.6646,3.25,-7.7,-8.7,seed999
O=C(NCCN1C(=O)/C(=C/c2ccc(F)cc2)SC1=S)C(=O)NCc1ccc(F)cc1,0.3929,3.0,-8.0,-8.4,seed999
COc1ccc2c(c1)C(=O)/C(=C/c1cc(C)c3c(c1)OCO3)CC2,0.7856,3.5,-8.3,-8.1,seed999
O=C(Nc1ccc2c(c1)OCCO2)c1cccc([C@@H]2CCCC[NH2+]2)c1,0.903,3.5,-8.1,-8.3,seed999
CC(C)CNC(=O)CSc1cccc(NC(=O)c2ccc3[nH]c(=O)ccc3c2)c1,0.5197,3.0,-7.8,-8.6,seed999
CC(=O)c1ccccc1NC(=O)c1cccc(-c2ccoc2)c1,0.7266,4.75,-8.1,-8.3,seed999
Cc1cc2c(c(=O)o1)[C@@](C)(C(=O)NCc1c(F)cccc1O)NC(=O)C2=O,0.6771,3.0,-8.4,-8.0,seed999
Cc1c(Cl)ccc(C)c1NC(=O)C1CCN(c2ccccc2[N+](=O)[O-])CC1,0.6079,4.5,-7.9,-8.5,seed999
Cc1cc(O[C@H](C)C(=O)/N=C(\[O-])c2ccc(Cl)c(Cl)c2)ccc1Cl,0.5889,3.0,-7.4,-8.8,seed999
O=C(NCc1cc(-c2ccccc2)no1)c1cc2c(Cl)cccn2n1,0.6091,3.0,-7.8,-8.4,seed999
COc1ccc(CCN2C(=O)/C(=C/c3cccc([N+](=O)[O-])c3)N=C2C)cc1,0.4457,3.0,-8.0,-8.2,seed999
CCOc1ccc(NC(=O)c2cc(C)n(-c3cc(F)ccc3F)n2)cc1,0.7476,3.0,-7.7,-8.5,seed999
CN(C(=O)CCSc1nc(-c2ccccc2)cc(-c2ccccc2)n1)C(C)C,0.4122,3.0,-8.4,-7.8,seed999
CCc1ccc(CC)c(NC(=O)[C@H](C)n2c(=O)[nH]c3ccccc3c2=O)c1,0.7289,4.25,-7.6,-8.5,seed999
Oc1c(Cl)c(NC[C@@H](c2ccccc2)c2ccccc2)cc([N+](=O)[O-])c1,0.463,3.75,-8.2,-7.9,seed999
COc1ccccc1NC(=O)C1CN(C(=O)[C@@H]2CCOc3ccccc32)C1,0.9034,3.0,-7.8,-8.3,seed999
Cc1cc(NC(=O)C[NH+]2CCC[C@H](c3ncc(-c4ccccc4)o3)C2)no1,0.7208,3.0,-8.3,-7.8,seed999
CCc1ccc(C(=O)/C=C/c2cc(C(F)(F)F)cc(C#N)c2C)cc1,0.5549,5.0,-7.6,-8.5,seed999
N#Cc1ccc(Oc2cccc(C(=O)NCc3ccccc3Cl)c2)cc1,0.6992,3.0,-7.4,-8.7,seed999
CC(C)N(C[C@H]1COc2ccccc2O1)CNC(=O)c1cc2ccccc2o1,0.6613,3.0,-7.7,-8.3,seed999
Cc1ccc(NC(=O)[C@@H](C)N2CCC[C@@H](c3ccc(C)cc3)C2)cn1,0.92,5.0,-7.9,-8.1,seed999
Cc1cccc(CNC(=O)C(=O)NCc2nc(-c3ccccc3)oc2C)n1,0.6772,3.0,-7.4,-8.6,seed999
COc1ccc(CNC(=O)c2nnc3n2CCCCC3)cc1C(F)(F)F,0.9009,3.0,-7.6,-8.3,seed999
COC(=O)c1c(NC(=O)c2cccc(-c3ccccc3)c2)sc2c1CC[NH+](C(C)C)C2,0.5995,3.0,-7.9,-8.0,seed999
CCc1ccc(NC(=O)C(=O)NCCC(=O)Nc2ncc(-c3ccccc3)s2)cc1Cl,0.4656,3.0,-7.6,-8.3,seed999
Cc1ccc(C(=O)NCC(=O)NCC(=O)NCc2ccc(Cl)cc2)cc1C,0.6796,3.5,-7.4,-8.5,seed999
O=C(/C=C1\C(=O)N(CC(C)C)c2ccccc21)NCc1ccc2c(c1)OCO2,0.8121,3.0,-7.8,-8.1,seed999
Cc1ccc(Cl)cc1NC(=O)C1CCN(C(=O)CCc2ccc(Cl)cc2)CC1,0.7322,4.5,-7.3,-8.6,seed999
Cc1ccc(Cl)cc1NC(=O)Cn1cnc2nc(C)ccc2c1=O,0.7935,3.0,-7.4,-8.4,seed999
Cc1ccc(C(=O)/C=C/c2cc(C)n(-c3ccccc3)c2C)cc1,0.4729,6.75,-7.9,-7.9,seed999
CN1CCC[NH+](Cc2nc(-c3ccco3)nc3cc(Cl)c(N4CCCCC4)cc23)CC1,0.6745,3.0,-8.3,-7.5,seed999
O=C(c1ccc2[nH]c(-c3cccnc3)nc2c1)N1CCCCC1,0.7903,3.75,-7.8,-8.0,seed999
CC(C)c1cccc(OCC(=O)c2cn(CC(N)=O)nc2-c2ccccc2)c1,0.6095,3.0,-8.5,-7.3,seed999
COc1ccccc1NC(=O)c1n[nH]c(=O)c2ccccc12,0.7754,3.25,-7.8,-8.0,seed999
Cc1nc(NC(=O)/C=C/C2=c3ccccc3=[NH+][C@@H]2C)sc1C,0.7962,4.0,-7.6,-8.2,seed999
CN(CC(=O)Nc1cccc2ccccc12)S(=O)(=O)c1ccc(F)cc1,0.7477,3.75,-7.5,-8.2,seed999
O=C(Nc1ccccc1C(C)(C)C)C(=O)N1CCOc2ccc(COCC(N)=O)cc2C1,0.695,3.0,-7.9,-7.8,seed999
NC(=O)c1ccc(Cl)c(NC(=O)Cc2cc(Cl)ccc2[N+](=O)[O-])c1,0.6228,3.5,-7.3,-8.4,seed999
COc1ccc(Cl)cc1N1C[C@@H](C(=O)NCc2cc(C#N)ccc2C)CCC1=O,0.8146,3.0,-7.5,-8.2,seed999
O=C(Nc1cccc2ccccc12)C1CCCCC1,0.8462,8.0,-7.7,-8.0,seed999
O=C(Cn1nnc(-c2ccccc2)n1)NCc1ccccc1Cl,0.7802,3.0,-7.0,-8.7,seed999
COc1ccccc1CN1C(=O)c2ccccc2[C@@H](C)N1Cc1cccc(C)c1C,0.5712,3.75,-8.4,-7.2,seed999
CN(Cc1ccc(Cl)c(Cl)c1)C(=O)Nc1cc(C(F)(F)F)c[nH]c1=O,0.8126,4.0,-7.7,-7.9,seed999
O=C1C[C@H](c2ccc(Cl)cc2)C[C@H]1CC(=O)NNC(=O)c1cccnc1,0.8086,3.5,-7.5,-8.1,seed999
Cc1cccc(OC(=O)c2cc3c(Cl)cccn3n2)c1C,0.5336,4.25,-7.5,-8.1,seed999
CCCc1ccc(NC(=O)C2CCN(C(=O)c3cc(C)nc4ccccc34)CC2)cc1,0.6388,3.25,-8.2,-7.4,seed999
FC(F)(F)COc1ccc(Br)cc1CNC(=O)CSc1nnnn1-c1cccs1,0.4662,3.0,-7.6,-7.9,seed999
COc1ccc(C2=C/C(=C\c3ccccc3)CCO2)cc1,0.8203,5.5,-7.5,-8.0,seed999
Cc1ccc(F)c(NC(=O)COC(=O)c2c(Cl)cc(Cl)cc2Cl)c1,0.7563,3.5,-7.2,-8.3,seed999
O=C(NCCCn1c(C(F)(F)F)n[nH]1)[C@H]1COc2ccccc2C1,0.8165,3.0,-7.6,-7.9,seed999
CC(C)c1ccccc1NC(=O)CCNC(=O)C1CCCCC1,0.8376,5.75,-7.4,-8.0,seed999
Clc1ccccc1[C@@H]1CN(C(=O)c2cccc(Cl)c2)CCO1,0.8223,5.5,-7.8,-7.6,seed999
COc1ccccc1CN1CCN(C(=O)COc2ccc(NC(C)=O)cc2)CC1,0.7768,3.0,-7.8,-7.6,seed999
O=C(NC[C@@H]1CCCO1)c1ccc(NS(=O)(=O)c2ccccc2)cc1,0.8284,3.0,-7.8,-7.5,seed999
Cc1ccc(C)c(C(=O)N2CCN(C(=O)c3ccc(S(N)(=O)=O)cc3)CC2)c1,0.8431,4.5,-8.5,-6.8,seed999
O=C(OCc1cccc(Cl)c1)c1cccnc1N1CCCC1,0.8068,3.5,-7.7,-7.6,seed999
COc1ccccc1C[C@H]1CCCN1C(=O)NCc1cc(C(N)=O)cs1,0.8165,3.0,-7.7,-7.6,seed999
COc1cccc(NC(=O)c2nc3nc(C)cc([C@H](C)NC(=O)C4CCCCC4)c3n2CC(=O)N(C)C)c1,0.4659,3.0,-8.0,-7.3,seed999
CCn1c(-c2ccccc2)[nH+]c2c1C[C@H](C1CCC(C)C1)CC2,0.7933,7.0,-7.3,-8.0,seed999
Cc1cccc(Nc2nc(-c3ccc(C#N)cn3)no2)c1,0.7912,3.0,-7.1,-8.2,seed999
CCO[C@@H](C)c1cccc(CNC(=O)Nc2cccc(OC)c2)c1,0.8038,3.0,-7.3,-7.9,seed999
O=C(Nc1ccc(OCc2cncnc2)cc1)c1ccc(OC(F)(F)F)cc1,0.6839,3.0,-7.1,-8.1,seed999
C[C@]1(c2ccc(Cl)cc2Cl)[NH+]=C([O-])CN1C(=O)c1cccc(C(F)(F)F)c1,0.8149,4.5,-7.6,-7.6,seed999
O=C1O[C@@H](c2ccc([N+](=O)[O-])cc2)[NH2+][C@H]1c1ccccc1Cl,0.5331,4.0,-7.6,-7.6,seed999
C[C@H]1CCc2cc(F)ccc2[C@@H]1NC(=O)c1c[nH]c2nccc(Cl)c12,0.7134,4.25,-7.9,-7.3,seed999
CN(C)c1ccc(/C=N/NC(=O)COc2ccccc2C(=O)[O-])cc1,0.5897,3.0,-7.5,-7.7,seed999
COc1ccc(COc2ccc(NC(=O)N3CCO[C@@H](C)C3)cc2)cc1,0.8903,3.0,-7.2,-7.9,seed999
Cc1nc(NC(=O)c2cccc(C(F)(F)F)c2)sc1C#CCO,0.8262,3.0,-7.2,-7.9,seed999
Cc1ccc(CN(CC(N)=O)C(=O)c2cccc(NC(=O)C3CC3)n2)cc1F,0.7616,3.0,-7.7,-7.4,seed999
C[C@H](Sc1nnc(-c2ccccc2F)n1C)c1ccccc1Cl,0.613,3.0,-7.5,-7.6,seed999
Cc1cccc(C)c1NC(=O)[C@H](CCC(C)C)NC(=O)C1CCCC1,0.7722,5.25,-7.8,-7.2,seed999
COc1cccc2c1OC[C@H](NC(=O)Cc1cccc(OC)c1)C2,0.9159,3.0,-7.0,-8.0,seed999
Cc1ccc(CNC(=O)/C=C/C(=O)Nc2ccc(Cl)cc2C)cc1,0.8125,5.5,-7.3,-7.7,seed999
Cc1ccc2c(c1)CCC[C@H]2NC(=O)Cc1csc(-c2cccs2)n1,0.7103,3.0,-7.2,-7.8,seed999
O=S1(=O)N=C(N2CCN(c3ccccc3Cl)CC2)N(C[C@@H]2CCCO2)C1=O,0.7519,3.0,-7.9,-7.1,seed999
O=C([O-])[C@H](CCc1ccccc1C[NH+]1CCCC1)NCc1ccccn1,0.671,3.0,-7.5,-7.5,seed999
CCOC(=O)Cn1/c(=N/C(=O)[C@@H]2COc3ccccc3O2)sc2c(C)cc(C)cc21,0.5991,3.0,-7.4,-7.6,seed999
CCOc1ccccc1C(=O)CCC(=O)Nc1cccc2c1OCCO2,0.7701,3.0,-7.4,-7.6,seed999
CC(=O)N[C@H](CC(=O)Nc1cccc(OC)c1)c1ccccc1,0.8616,4.0,-7.3,-7.7,seed999
Cc1cc(NC(=O)C(=O)N[C@H]2CCC[C@H](C(F)(F)F)C2)ccc1F,0.6376,5.75,-7.2,-7.7,seed999
COc1ccc(-c2ccnc(NCc3ccccn3)n2)cc1Cl,0.7722,3.0,-7.5,-7.4,seed999
COc1cc(OC)c(C(=O)/C=C/c2cccc([N+](=O)[O-])c2)c(C)c1,0.3487,3.0,-7.4,-7.5,seed999
O=C1COc2ccccc2[C@H]1[C@@H](c1ccccc1)c1ccccc1,0.708,5.75,-8.0,-6.9,seed999
CC1(CNC(=O)c2ccc(C[NH+](C)C3CCCCC3)cc2)CCCO1,0.831,4.25,-7.2,-7.7,seed999
O=C(c1ccc2c(c1)COCO2)N1CCC([C@@H](O)CC(F)F)CC1,0.9137,3.0,-7.4,-7.5,seed999
Cn1ncc(Cl)c1CNc1ccc(OCc2ccccc2)cc1,0.7347,3.0,-7.3,-7.6,seed999
COc1cccc(CN2CC[C@@H](Nc3cccc(Cl)c3)C2=O)c1,0.911,4.0,-7.3,-7.6,seed999
CCOC(=O)c1csc(NC(=O)c2ccc3c(c2)C=CC3=O)n1,0.8723,3.0,-7.1,-7.8,seed999
O=C(/C=C/c1cccs1)O[C@@H]1CC[C@H](S(=O)(=O)c2ccccc2)C1,0.601,3.0,-7.0,-7.8,seed999
Cc1ccccc1C(=O)/C(C#N)=c1/s/c(=C\c2ccc(OC)cc2OC)c(=O)n1C,0.5911,3.0,-7.2,-7.6,seed999
O=C(NNC(=O)C1CCCC1)c1ccc(OCc2ccco2)cc1Cl,0.798,3.0,-7.1,-7.7,seed999
CCn1c(SCc2ccccc2C(F)(F)F)nc2ccccc21,0.5964,3.0,-7.3,-7.5,seed999
O=c1[nH]c(=S)[nH]c(-c2ccccc2)c1-c1ccc(Cl)cc1,0.6878,6.25,-7.5,-7.3,seed999
COc1cccc(C(=O)Nc2nonc2-c2ccc(F)c(Cl)c2)c1OCC(C)C,0.5902,3.0,-7.5,-7.3,seed999
O=C(NCc1c(F)cccc1Br)N[C@H]1c2ccccc2C[C@@H]1O,0.7679,5.5,-7.2,-7.6,seed999
COc1ccc(/C=C/C(=O)N2CCO[C@@H](c3ncccc3F)C2)cc1OC,0.7556,3.0,-7.2,-7.6,seed999
COc1ccccc1NC(=O)CCn1c(=O)c2ccccc2n1C,0.7831,3.25,-7.7,-7.1,seed999
O=C([O-])c1cccc(Oc2ccc(C(=O)N(CC[NH+](C)C)CC(F)(F)F)cc2)c1,0.7046,3.0,-7.0,-7.7,seed999
NC(=O)c1ccc(NC(=O)N(Cc2ccccc2)C[C@H]2CCCO2)cc1,0.8371,3.0,-7.5,-7.2,seed999
C[NH+](Cc1cccc(C(F)(F)F)c1)Cc1ccc([N+](=O)[O-])c(Cl)c1,0.656,4.0,-7.1,-7.6,seed999
C[C@H]1CC2=C(C(=O)N(Cc3ccccc3)CC2)[C@H](c2ccccc2Cl)C1,0.6945,6.5,-7.4,-7.3,seed999
CCC[NH+]1CCC(CNC(=O)c2ccc(N3CCCC3=O)cc2)CC1,0.816,4.75,-7.0,-7.7,seed999
CN(C)S(=O)(=O)c1ccccc1NC(=O)[C@H]1CCCN1C(=O)c1ccccc1Cl,0.7819,3.0,-7.6,-7.1,seed999
O=C(/C=N/NC(=S)Nc1ccc(Cl)cc1)c1ccccc1Cl,0.3757,4.0,-7.1,-7.6,seed999
Cc1cc(C(=O)Nc2ccc(C(=O)[O-])cc2)ccc1[N+](=O)[O-],0.679,5.0,-7.0,-7.7,seed999
COc1ccc(N)c(NC(=O)Cc2ccc(Cl)c(C)c2)c1,0.8507,5.0,-7.2,-7.5,seed999
COc1ccc2c(C(=O)NCC[NH+](C)C3CCCCC3)cc(=O)oc2c1,0.7646,3.0,-7.0,-7.7,seed999
O=C(CSc1nc2ccccc2c(=O)n1Cc1ccccc1Br)NC[C@H]1CCOC1,0.4076,3.0,-7.5,-7.2,seed999
CC(=O)Nc1ccc(NC(=O)C(=O)N(C)Cc2ccc(Cl)s2)cc1F,0.7962,3.0,-7.2,-7.4,seed999
O=C(N[C@H]1CCSc2ccc(F)cc21)[C@@H](O)c1ccccc1,0.9137,5.0,-7.2,-7.4,seed999
COc1ccc(N[C@H](C)C(=O)Nc2c(C)cccc2C)cc1S(=O)(=O)N(C)C,0.7394,3.0,-7.4,-7.2,seed999
Cc1cccc([S@@](=O)CC(=O)N[C@H]2c3ccccc3C[C@H]2C)c1,0.9375,6.0,-7.4,-7.2,seed999
COc1ccc(CCCC(=O)N(C)Cc2nc(C)cc(=O)[nH]2)cc1OC,0.78,3.0,-6.9,-7.7,seed999
CCCN(Cc1ccccc1)C(=O)CSc1nccn1-c1ccccc1Cl,0.4969,3.0,-7.4,-7.2,seed999
C[NH+](C)CCOc1ccccc1/C=C1\NC(=O)N(CC(=O)NC[C@@H]2CCCO2)C1=O,0.3679,3.0,-7.2,-7.4,seed999
COc1ccccc1C(=O)NS(=O)(=O)c1ccc(NC(=O)CNC(C)(C)C)cc1Cl,0.5936,3.0,-7.2,-7.4,seed999
COc1cccc(S(=O)(=O)N2CCC(C(=O)NCCc3ccccc3)CC2)c1,0.7719,3.0,-7.7,-6.9,seed999
O=C(Nc1ccccc1)c1ccc2cc[nH]c2c1,0.7032,7.25,-7.1,-7.5,seed999
C[C@@H]([NH2+]C[C@@H]1CCS(=O)(=O)C1)c1ccc(N2CCNC2=O)cc1,0.8086,4.25,-7.0,-7.6,seed999
O=C(Cc1ccc(Cl)cc1)C(=O)NCc1ccc(Cl)cc1,0.8575,5.5,-7.0,-7.6,seed999
Cc1cc(OCC(=O)NCC#CCOc2ccccc2Br)ccc1Cl,0.7162,3.0,-7.1,-7.5,seed999
O=C(CN1CCCOC1=O)Nc1ccc(C(F)(F)F)cc1Cl,0.9222,3.75,-7.0,-7.6,seed999
COc1ccc(C2(NC(=O)[C@@H](C)Oc3ccccc3Cl)CCCC2)cc1,0.7978,3.0,-7.3,-7.3,seed999
CCc1cccnc1N(C)Cc1nc(-c2ccc(F)cc2)no1,0.7218,3.0,-6.7,-7.8,seed999
CC(=O)NCCN1CCN(C(=O)NCc2ccc(-n3cccn3)cc2)CC1,0.7893,3.0,-7.4,-7.1,seed999
O=C(Nc1ccccc1)C1c2ccccc2C2(O)CCC[C@H]21,0.8912,7.0,-7.7,-6.8,seed999
Cc1ccc(/C=C/C(=O)Nc2ccc(C(N)=O)cc2)cc1,0.8452,6.5,-7.2,-7.3,seed999
COCc1ccc(CNC(=O)C(=O)Nc2cccc(C#N)c2)cc1C,0.8189,3.0,-6.9,-7.6,seed999
Cc1cccc(NC(=O)COC(=O)CCc2ccc(Cl)cc2Cl)c1,0.7705,3.5,-7.1,-7.4,seed999
CCc1ccc(NC(=O)c2cccc(C)c2N)cc1Cl,0.8374,7.0,-7.0,-7.5,seed999
COC(=O)CCCn1nc2c(N3CCCCCCC3)nc3ccccc3c2c1-c1ccccc1,0.3343,3.0,-7.6,-6.9,seed999
O=C(/C=C/NC(=O)NCc1cccs1)NCCc1ccc(Cl)cc1Cl,0.6224,3.0,-6.9,-7.5,seed999
COc1ccc(NS(=O)(=O)c2c(C)oc3ncc(Cl)c(Cl)c23)cc1,0.7238,3.0,-7.0,-7.4,seed999
O=C(N/C=C/c1ccccc1Cl)[C@H]1CCO[C@]2(CCOC2)C1,0.9306,4.25,-7.2,-7.2,seed999
COc1ccccc1CNC(=O)C(=O)N[C@@H]1CCCC[C@H]1CO,0.7058,4.25,-6.9,-7.5,seed999
O=C1c2ccccc2C(=O)N1Cc1ccc(Cl)cc1Cl,0.7917,6.5,-6.9,-7.5,seed999
COc1cccc(N2C(=O)c3ccccc3C2=O)c1,0.7724,6.0,-6.9,-7.5,seed999
CC(=O)c1c(C)oc2ccc(NC(=O)CN3CCCS3(=O)=O)cc12,0.8499,3.0,-7.1,-7.3,seed999
O=C(CNS(=O)(=O)c1ccccc1Cl)NC1CCCCCC1,0.8055,4.75,-7.6,-6.8,seed999
COc1cccc(OC)c1CCNC(=O)c1ccc(C(C)(C)C)cc1,0.8646,3.5,-6.8,-7.6,seed999
C[C@H](Sc1nnc(-c2ccc(Cl)cc2)n1C)c1ccccc1,0.6317,3.0,-7.1,-7.3,seed999
COc1ccc(C[NH2+]Cc2ccc(CC)c(F)c2)cc1OC(C)C,0.8035,3.0,-7.1,-7.3,seed999
Cc1c(N)cc2c3c(cccc13)CC(=O)N2,0.6578,8.5,-7.0,-7.3,seed999
O[C@@H](Cc1c(F)ccc(F)c1F)[C@@H]1CCO[C@]2(CCOC2)C1,0.8713,3.75,-7.3,-7.0,seed999
COc1ccccc1S(=O)(=O)Nc1ccc(OCC(F)(F)F)cc1Cl,0.7997,3.0,-6.9,-7.4,seed999
c1ccc2c(c1)CCC[C@@H]2[NH2+][C@@H]1CCO[C@@]2(CCSC2)C1,0.9089,5.25,-7.1,-7.2,seed999
CCS(=O)(=O)[C@@H]1CC[C@H](NC(=O)CSc2nc3ccccc3n2C(C)C)C1,0.7105,3.0,-6.7,-7.6,seed999
Cc1ccc(C)c(Cl)c1NC(=O)C1CCC(CC(=O)[O-])CC1,0.9263,6.25,-7.3,-7.0,seed999
CC(C)NS(=O)(=O)c1cccc(C(=O)N[C@@H]2CCCC[C@@H]2CO)c1,0.7238,4.25,-7.0,-7.3,seed999
N#CCOc1cccc(NC(=O)NC[C@H](c2ccco2)[NH+]2CCCCC2)c1,0.697,3.0,-6.7,-7.6,seed999
CCOc1cccc(C(=O)Nc2ccc(Cl)cc2C(C)C)c1OC(F)F,0.6651,3.0,-6.9,-7.4,seed999
Cc1ccn2c(SCC(=O)N(Cc3ccco3)Cc3cccs3)nnc2c1,0.4402,3.0,-7.2,-7.0,seed999
COc1ccccc1CNc1ccc(C(N)=O)cc1[N+](=O)[O-],0.6285,3.0,-7.0,-7.2,seed999
Cc1nc(-c2ccc(NC(=O)C(=O)N(C)c3ccccc3)cc2)cs1,0.7317,3.25,-7.0,-7.2,seed999
O=C(Nc1ccc([N+](=O)[O-])c(Cl)c1)c1ccccc1F,0.6936,5.5,-7.1,-7.1,seed999
CCCc1cc(C(=O)NNC(=O)c2ccccc2)n(CCOC)n1,0.7545,3.0,-6.8,-7.4,seed999
CCOc1ccccc1CN1C(=O)c2ccc(C)c(Cl)c2C1=O,0.8005,4.5,-6.9,-7.3,seed999
O=C(Cc1ccc(Cl)cc1)/N=c1\[nH]c2ccccc2s1,0.7728,4.25,-6.9,-7.3,seed999
COc1ccc(CN2CCO[C@@H](c3ccccc3OC)C2)c(OC)c1,0.8049,3.0,-6.9,-7.3,seed999
C[C@H]1CCCN(C(=O)CCNC(=O)c2cccc(OCC(F)F)n2)C1,0.8131,3.0,-6.7,-7.5,seed999
CC[NH+](CCC(C)(C)CNC(=O)COc1ccccc1)c1cccc(C)c1C,0.6599,3.0,-6.7,-7.5,seed999
COc1cccc(C[C@@]2(C)C[NH+]=C(N)N2c2ccccc2)c1,0.8817,5.0,-7.3,-6.9,seed999
CCn1/c(=N/C(=O)[C@@H]2CC(=O)N(C)C2)[nH]c2c(CO)ccc(C)c21,0.8676,4.0,-7.2,-6.9,seed999
Cc1ccc(S(=O)(=O)[N-][C@H](C)c2nc(C(C)(C)C)no2)cc1F,0.8477,3.0,-6.9,-7.2,seed999
CC(=O)c1ccc(Oc2ccccc2Cl)cc1C(C)C,0.6985,6.0,-7.2,-6.9,seed999
C[NH+]1CCCC[C@H]1[C@@H]1CCCCN1C(=O)Cc1cccc(F)c1,0.903,6.75,-7.5,-6.6,seed999
O=C(Cc1ccc(Cl)cc1)NC[C@H](c1ccc(Cl)cc1)N1CCOCC1,0.8135,3.0,-6.6,-7.5,seed999
CCOc1cc(NC(=O)c2ccc(-n3cnnn3)cc2)nn1C(C)C,0.7368,3.0,-6.8,-7.3,seed999
CC(C)N(C)C(=O)[C@@H]1CN(c2ccc(F)cc2)c2ccccc21,0.8572,6.5,-7.0,-7.1,seed999
Cc1ccc(-n2nc(C(=O)N3CCC[C@@H]3c3ccc(Cl)cc3)cc2C#N)cc1,0.6517,3.0,-7.6,-6.5,seed999
O=C(CNC[C@@H](O)c1ccccc1Cl)NNC(=O)c1cccs1,0.5921,3.0,-7.1,-7.0,seed999
O=C(c1ccc2ccccc2c1)N1CCCC1c1ccc(Cl)cc1,0.6077,6.75,-7.5,-6.6,seed999
CNS(=O)(=O)[C@@H]1CCN(C(=O)Nc2ccc(N(C)C)cc2C(F)(F)F)C1,0.8177,3.25,-7.0,-7.0,seed999
CCOC(=O)Cc1nc(C[NH+]2C[C@H](C)C[C@H](C)C2)nc2ccccc12,0.842,3.0,-6.9,-7.1,seed999
O=C1NC[C@@H](c2cccc(-c3ccc(Cl)cc3)[n+]2CCO)C(=O)N1,0.7277,4.5,-7.3,-6.7,seed999
Cc1cc(Cl)ccc1NC(=O)COc1ccccc1C#N,0.9391,4.0,-6.8,-7.2,seed999
COc1ccc(S(=O)(=O)NC[C@H](CCO)c2ccccc2)cc1Cl,0.7498,3.0,-6.7,-7.3,seed999
COc1ccccc1[C@@H]1C[C@H]1C(=O)N1CCC[C@H](Cn2cccn2)C1,0.8414,3.0,-7.0,-7.0,seed999
C[C@]1(c2ccccc2Cl)CNC(=O)c2cncc(C(N)=O)c21,0.887,5.0,-7.8,-6.2,seed999
CCOc1ccc(F)c(C(C)C)c1NC(=O)COc1ccc(Cl)c(Cl)c1,0.6514,3.0,-6.9,-7.1,seed999
O=C(CSc1nnc(-c2ccccc2)o1)NC1CCCC1,0.8602,3.0,-6.6,-7.4,seed999
O=C([O-])c1c(NC(=O)CCCn2cccc2)sc2c1CCCCC2,0.8179,3.0,-6.6,-7.4,seed999
N#Cc1c(-c2ccc([N+](=O)[O-])cc2)n[nH]c1N1CCCSCC1,0.6865,3.0,-7.1,-6.9,seed999
Cc1c(-c2ccccc2)[nH+][nH]c1C(=O)N1CCOC[C@H](CO)C1,0.8822,4.5,-7.0,-7.0,seed999
C[C@H](CC(F)(F)F)[NH2+]C1CCN(C(=O)c2ccccc2N)CC1,0.8268,5.25,-7.1,-6.9,seed999
CSCCCC1=C[C@@H](C(=O)[O-])N(C(=O)c2ccc3c(c2)COC3)C1,0.5746,3.0,-6.7,-7.2,seed999
COc1ccc(-c2csc(/C(C#N)=C\c3ccc(OCC(F)F)cc3)[n+]2C)cc1NC(C)=O,0.3748,3.0,-7.4,-6.5,seed999
COc1cccc(-c2nc(C[NH+]3CCNC(=O)C3)cs2)c1,0.856,3.0,-7.0,-6.9,seed999
CCOc1cccc2c1O[C@@H](C)[C@@H]2NC(=O)c1ccc(Cl)cc1Cl,0.8574,3.0,-7.0,-6.9,seed999
O=C(CN1C(=O)/C(=C\c2ccc(Cl)cc2Cl)SC1=S)c1cccc[n+]1[O-],0.2458,3.0,-7.0,-6.9,seed999
CC(=O)c1ccc(OCCCC(=O)Nc2ccccc2Br)cc1,0.5739,3.5,-6.6,-7.3,seed999
CCSc1ccccc1C(=O)NCc1ccc([N+](=O)[O-])cc1,0.5015,3.5,-6.8,-7.1,seed999
O=C(/C=C/c1ccc(Cl)nc1)NCCOc1ccccc1Cl,0.4978,3.0,-7.1,-6.8,seed999
COCC1CC[NH+]([C@@H](C)C(=O)N2CCC3=c4ccccc4=[NH+][C@H]3C2)CC1,0.6251,4.25,-7.1,-6.8,seed999
CCOc1cc(C)ccc1NC(=O)c1cc(Br)ccc1Cl,0.8187,5.0,-6.8,-7.0,seed999
COc1ccc(CNC(=O)Cc2cn3cc(Br)ccc3n2)cn1,0.7436,3.0,-6.5,-7.3,seed999
Cn1ncc(N2CC[C@@H](NC(=O)NCc3cccnc3)C2)c1C#N,0.8647,3.0,-6.7,-7.1,seed999
Cc1cc(NC(=O)COc2ccc(CC#N)cc2)ccc1Br,0.8824,3.5,-6.6,-7.2,seed999
COc1ccc(NC(=O)C(=O)NCCC(=O)N2CCCC2)cc1OC,0.7397,3.0,-6.7,-7.1,seed999
CSc1cc2c(cc1C(=O)[O-])[C@@H](c1ccc(C)c(C)c1)N(C(=O)c1nc[nH]n1)CC2,0.6488,3.0,-7.4,-6.4,seed999
O=C1NCc2ccccc2N1C(=O)CC[C@@H]1CCCO1,0.9189,5.25,-6.7,-7.1,seed999
COc1ccc(/C=N/NC(=O)COc2ccc(Cl)cc2C)cc1,0.6525,3.0,-6.5,-7.3,seed999
CN1C(=O)/C(=C\c2ccc(OCC#N)cc2)c2ccccc21,0.8161,4.5,-7.0,-6.8,seed999
COc1ccc(C(C)(C)C)cc1CNC(=O)CC1(O)CCCC1,0.8752,5.25,-6.9,-6.9,seed999
COc1ccc(CNC(=O)COc2ccc(Br)cc2)cc1Cl,0.8238,3.0,-6.5,-7.3,seed999
CCOc1ccc(NC(=O)[C@H](C)Oc2cccc(Cl)c2C)cc1Cl,0.7712,3.0,-6.7,-7.1,seed999
CC1=C(C(=O)N2CC[C@@H](C)[C@H](O)C2)[C@@H](c2c(F)cccc2F)[NH+]=C(N)N1,0.5691,5.25,-7.5,-6.2,seed999
CC(=O)N/C(=N\c1ccc(Cl)cc1)c1ccccc1[N+](=O)[O-],0.4069,4.5,-7.2,-6.5,seed999
C[C@]([NH3+])(CCSc1ncnc2sccc12)c1ccccc1,0.5801,3.0,-6.9,-6.8,seed999
C[NH2+]C[C@@H](Cc1ccc(Cl)c(Cl)c1)c1cccc(F)c1,0.8676,6.0,-7.0,-6.7,seed999
Cc1cc(OCC#N)cc(C)c1NC(=O)C1CCCCC1,0.9171,4.75,-6.8,-6.9,seed999
NC(=O)[C@@H]1Cc2c(cc([N+](=O)[O-])cc2Br)N1c1ccccc1,0.6716,5.0,-7.1,-6.6,seed999
COc1cccc(C[NH+](C)Cc2nnnn2-c2ccccc2C)c1OC(F)F,0.6354,3.0,-6.5,-7.2,seed999
CN(Cc1ccccc1)c1nc(C2CC2)nc(N)c1C(N)=O,0.8744,3.0,-7.0,-6.7,seed999
CC/[NH+]=C(\NCC1(O)CCCCC1)N[C@@H]1[C@@H]2CCO[C@@H]2C12CCC2,0.4396,4.5,-7.5,-6.2,seed999
CCOc1ccccc1[C@@H](C)NC(=O)CC1(CS)CCCCCC1,0.5413,4.25,-6.7,-7.0,seed999
COc1ccccc1CNC(=O)CN1CCO[C@@H](CC(=O)[O-])C1,0.7035,3.0,-6.5,-7.2,seed999
O=C(OC1CCCC1)[C@H]1CCCN1S(=O)(=O)c1cccnc1,0.7883,3.0,-7.2,-6.5,seed999
CC(C)N1C[C@@H](c2nnc3n2CCC(=O)N(Cc2cccs2)C[C@H]3C)CC1,0.809,3.0,-6.9,-6.8,seed999
COc1ccccc1-c1nc(C[NH+](C)CC(=O)NN)c(C#N)c(C)n1,0.3645,3.0,-7.0,-6.7,seed999
O=C(/C=C/c1c(F)cccc1F)NCC1CCC1,0.819,6.75,-6.9,-6.8,seed999
COc1ccccc1N1CC[NH+](Cc2ccccc2)CC1,0.9178,5.5,-6.9,-6.8,seed999
O=C(CN1CCN(C(=O)c2ccccc2OCC(F)F)CC1)NC1CCCC1,0.7686,3.0,-6.7,-6.9,seed999
Cc1csc(CCNC(=O)COc2ccccc2C#N)n1,0.8859,3.0,-6.9,-6.7,seed999
O=S(=O)(/N=C(\[O-])CCCSc1ncc[nH]1)c1ccc(F)cc1Cl,0.3456,3.0,-6.4,-7.2,seed999
CCCCN(Cc1ccncc1)C(=O)c1nc(C2CC2)n2ccccc12,0.6471,3.0,-6.7,-6.9,seed999
NC1=NC2(CCCCC2)C(=O)N1CSc1ccccc1Cl,0.8686,3.75,-6.9,-6.7,seed999
Cc1cc(Cl)cc(NC(=O)C(=O)NCc2ccc(Cl)s2)c1,0.8366,4.5,-6.7,-6.9,seed999
COc1ccc(NC(=O)Cc2ccc(OC(C)C)cc2)c(OC)c1,0.8419,3.0,-6.6,-7.0,seed999
CCNc1ccc(C(=O)NCc2ccc(N(C)C)[nH+]c2)nn1,0.821,3.0,-6.6,-7.0,seed999
CC[C@@](C)([NH3+])C(=O)N(Cc1ccc2c(c1)OCO2)C1CCCCC1,0.9001,3.25,-7.0,-6.6,seed999
Cc1cccc(C)c1C(=O)NCC(=O)N[C@@H](C#N)C(C)(C)C,0.893,5.75,-6.6,-7.0,seed999
CCOc1ccc(F)c(C(=O)N[C@@H](C)c2cccc(C)c2N)c1OC,0.7838,3.0,-6.3,-7.3,seed999
O=[N+]([O-])c1ccc(CN(Cc2ccncc2)C[C@H]2CCCO2)cc1,0.577,3.0,-6.8,-6.8,seed999
Cc1nc(CC[NH+](C)[C@@H]2CCCc3ccccc32)cs1,0.9146,4.5,-6.5,-7.1,seed999
C[C@@H]1CCN(C(=O)NCCOc2ccc(F)c(F)c2)C[C@H]1O,0.8326,4.25,-6.6,-7.0,seed999
COCc1cccc(NC(=O)N[C@@H](CC(C)C)CNC(C)=O)c1,0.6881,3.25,-6.6,-7.0,seed999
O=C(OCC(=O)N1CCOCC1)c1ccc(OC(F)F)cc1Cl,0.7603,3.0,-6.5,-7.1,seed999
COc1cccc2c1OC[C@H](NC(=O)C(=O)N1CCCC1)C2,0.8183,4.25,-6.9,-6.6,seed999
Cc1nc(C)sc1C(=O)N(C)Cc1nnc(-c2ccccc2)o1,0.7357,3.0,-6.5,-7.0,seed999
O=C(COC1CCCC1)NNC(=O)c1ccc(Cl)nc1Cl,0.6537,3.0,-6.5,-7.0,seed999
COc1cc(CC(C)C)ccc1NC(=O)NCCCNC(=O)OC(C)(C)C,0.5972,3.0,-6.6,-6.9,seed999
CCOC(=O)N1CCC(C(=O)N(Cc2ccc(OC)cc2)CC(C)C)CC1,0.7302,3.0,-6.7,-6.8,seed999
O=C(COc1cccnc1Cl)NCc1ccccc1Br,0.8381,3.0,-6.4,-7.1,seed999
CS(=O)(=O)c1ccc(NC(=O)CCCCSc2ccccc2)cc1Cl,0.52,3.0,-6.5,-7.0,seed999
Cn1c([C@@H]2CCCN(C(=O)c3ccc(F)cc3Cl)C2)nn(C(C)C)c1=O,0.822,3.5,-7.1,-6.4,seed999
Cn1nccc1CN[C@H]1CCCN(Cc2ccccc2)C1=O,0.9139,4.0,-6.8,-6.7,seed999
COc1ccc(CNC(=O)c2cccnc2Cl)cc1,0.8737,4.0,-6.8,-6.7,seed999
Cn1nccc1CC(=O)Nc1ccc2[nH]ccc2c1,0.7513,4.75,-6.7,-6.8,seed999
CC(C)C[C@H](C)NC(=O)c1cn(CCOc2ccccc2)nn1,0.8123,3.0,-6.5,-7.0,seed999
CCOc1ccc(C)cc1C(=O)Nc1cccc(Cl)c1,0.9111,5.5,-6.4,-7.1,seed999
OCC[NH+]1CCC(Nc2ccccc2Oc2ccccc2)CC1,0.7635,4.0,-7.0,-6.5,seed999
COc1cc2c(cc1O)CCN(C(=O)c1cncc(C)c1C)C2,0.9257,4.5,-6.9,-6.6,seed999
NC(=S)c1ccc(C(F)(F)F)nc1NCCCc1cccnc1,0.6246,3.0,-7.0,-6.4,seed999
COc1ccc(/C=C2\CCc3sccc3C2=O)c(OC)c1,0.8044,3.5,-6.9,-6.5,seed999
C[C@](O)(CN[C@@H]1CC[NH+](Cc2ccc(Cl)cc2)C1)CCCC1CCCC1,0.6159,3.75,-6.5,-6.9,seed999
CCc1cc(NCCc2ccccc2)nc(C(C)C)n1,0.866,4.0,-6.7,-6.7,seed999
COc1ccc(Cl)cc1N1C[C@@H](C(=O)NCC(C)C)CC1=O,0.9049,4.25,-6.4,-7.0,seed999
Cc1ccc(CN(C(=O)[C@@H]2CCS(=O)(=O)C2)C2CCCCC2)cc1Cl,0.7952,5.25,-7.0,-6.4,seed999
COCc1cc(C(=O)Nc2cnc(-c3ccccc3)s2)on1,0.7821,3.0,-6.5,-6.9,seed999
CC[C@H]1CN(C(=O)CCSc2nc(C)cc(=O)[nH]2)C[C@H](C)C1,0.6676,3.25,-6.3,-7.1,seed999
CC(C)CCO[C@H]1CC[NH+]([C@H](C)C(=O)Nc2cccc(Cl)c2C#N)C1,0.7795,3.0,-6.6,-6.8,seed999
COc1ccc(C(C)(C)C)cc1NC(=O)NCC1(C)CCCC1,0.8455,5.75,-6.8,-6.6,seed999
CO[C@]1(C)C[C@H](NC(=O)CCOc2ccc(F)cc2C)C1(C)C,0.8742,3.25,-6.6,-6.8,seed999
Cc1ccc(NC(=O)CNC(=O)CC[C@@H](C)[NH2+]C(C)C)cc1Cl,0.6752,4.25,-6.1,-7.2,seed999
CCOc1cc(/C=N/NC(=O)COc2ccccc2)ccc1OC,0.5973,3.0,-6.5,-6.8,seed999
Cc1c([O-])nc(SCC(=O)N[C@H]2CCC[C@H](C)[C@@H]2C)n1N,0.6389,3.25,-6.3,-7.0,seed999
O=C(CON[C@H]1CCCc2ccccc21)NC1CC1,0.7946,4.75,-6.5,-6.8,seed999
Cc1cc(Cl)ccc1NC(=O)[C@H](C)N1CCOCC1=O,0.9257,5.25,-6.6,-6.7,seed999
COCCNC(=O)CN(C)C(=O)[C@@H]1CC(=O)N(c2cccc(Cl)c2)C1,0.7266,3.0,-6.3,-7.0,seed999
COc1ccccc1C1(CNC(=O)[C@@H]2CC[C@H](C)O2)CCCC1,0.9071,3.75,-6.9,-6.4,seed999
CCOC(=O)[C@H]1CCCCN1C(=O)c1cc(C)c(F)cc1Cl,0.7998,5.25,-6.4,-6.9,seed999
CC1=NN(C(=O)c2cccc(Cl)c2)[C@@H](c2ccc([N+](=O)[O-])cc2)CC1,0.5946,4.0,-7.0,-6.3,seed999
C[C@H](Sc1nc2ccccc2c(=O)n1C)[C@@H](C)C(=O)[O-],0.615,3.5,-6.5,-6.7,seed999
Cc1ccc(F)cc1CN(C)C(=O)[C@@H](C)c1ccsc1,0.8347,5.5,-6.8,-6.4,seed999
Cn1cccc1C[NH+]1CCCN(c2ccccc2)CC1,0.8873,7.0,-6.5,-6.7,seed999
COc1ccccc1-c1ncc(Cl)nc1S(=O)(=O)Cc1nc(C)cs1,0.6566,3.0,-7.1,-6.1,seed999
O=C(/C=C/N1CCCC1)C12CC3CC(CC(C3)C1)C2,0.7242,7.0,-6.7,-6.5,seed999
COc1ccc(OC)c(-c2ccc(/C=N/N=C(\C)CCOC)o2)c1,0.5454,3.0,-6.3,-6.9,seed999
COc1ccc(F)cc1S(=O)(=O)NCc1ccncc1,0.9117,3.0,-6.4,-6.8,seed999
COc1cccc(Nc2ccc(C(N)=O)nn2)c1,0.8462,3.0,-6.6,-6.6,seed999
Cc1ccc(/C=C/C(=O)Nc2ccc(C[S@@](C)=O)cc2)o1,0.8634,4.5,-6.4,-6.7,seed999
CC(C)NC(=O)CNC(=O)C[NH+](C)Cc1cc(F)cc(Br)c1,0.6398,4.25,-6.2,-6.9,seed999
COC(=O)Cc1cc(NC(=O)c2ccc(Cl)cc2)no1,0.875,3.0,-6.4,-6.7,seed999
C[C@H]([NH2+]Cc1cccc(Cl)c1Cl)C1CCOCC1,0.9059,5.75,-6.4,-6.7,seed999
C[C@@](O)(CNC(=O)c1cccc(Cl)c1)c1cccs1,0.9107,5.0,-6.6,-6.5,seed999
CC[NH2+][C@@H]1CCC[C@@H](SCc2cc(F)cc(F)c2)C1,0.8797,5.25,-6.3,-6.8,seed999
COc1ccc(/C=C/C(=O)NC[C@H]([C@H]2CCOC2)N2CCOCC2)cc1,0.7481,3.0,-6.6,-6.5,seed999
CC(C)CC[C@H]1CCCCN1C(=O)C1CC[NH+](Cc2ccccn2)CC1,0.8489,4.25,-6.8,-6.3,seed999
CC[NH+]1CCC(N(C)c2nc(C#N)c(C#N)c(N3C[C@@H](C)C[C@@H](C)C3)n2)CC1,0.8425,3.0,-6.5,-6.6,seed999
CCOC1CCN(C(=O)COc2cc(Cl)ccc2Cl)CC1,0.8295,3.25,-6.3,-6.8,seed999
O=C1[C@@H]2CCCC[C@@H]2C(=O)N1CC1([NH2+]CCO)CCCCC1,0.7229,5.5,-6.5,-6.6,seed999
COc1ccc(CNC(=O)CCC[NH+]2CCCCC2)cc1Cl,0.8027,3.75,-6.3,-6.7,seed999
CCOc1ccc(-c2cccc(C(=O)Cl)n2)cc1,0.7907,4.5,-6.4,-6.6,seed999
CC(C)c1nc([C@@H](C)[NH2+]Cc2ncoc2C)ccc1C#N,0.913,3.0,-6.7,-6.3,seed999
COC(=O)CN1CCN(C(=O)Nc2cc(C)cc(C)c2)CC1,0.8622,5.25,-6.5,-6.5,seed999
COc1cc(C(=O)N(Cc2ccccn2)Cc2ccco2)cc(OC)c1OC,0.5932,3.0,-6.9,-6.1,seed999
Cn1c(=O)c2c(nc(N3CCCC3)n2C[C@H]2CCCO2)n(C)c1=O,0.8029,3.0,-6.8,-6.2,seed999
CC[C@H](C(=O)Nc1c(F)c(F)c(F)c(F)c1F)S(C)(=O)=O,0.5223,4.25,-6.5,-6.4,seed999
CSC[C@](C)(O)CNC(=O)c1occc1-c1cccc(OC)c1,0.814,3.0,-6.4,-6.5,seed999
CS(=O)(=O)CCNC(=O)CN1C(=O)c2ccccc2[C@@H]1c1cccs1,0.8247,3.0,-6.7,-6.2,seed999
CCOc1ccccc1NC(=O)c1cc(C)oc1C,0.9131,4.5,-6.5,-6.4,seed999
CS[C@@H]1CCC[C@@H](NC(=O)NCCc2ccc(Cl)cc2)C1,0.8624,4.75,-6.4,-6.5,seed999
CC(C)COC(=O)C[C@H]1CCCC[NH+]1Cc1ccccc1Cl,0.8157,4.75,-6.2,-6.7,seed999
COc1cccc(/C([O-])=N/c2nnc(C(C)(C)C)s2)c1Cl,0.6426,3.0,-6.4,-6.5,seed999
O[C@@H]1[C@@H](Cl)C[C@H]([NH+]2CCC[C@H](CO)C2)[C@H]1c1cc(Cl)c(Cl)cc1Cl,0.5265,5.25,-6.5,-6.4,seed999
O=C(CSCc1ccc(Cl)cc1)NC1CCC(O)CC1,0.8783,4.75,-6.1,-6.8,seed999
O=C(c1ccc(Br)o1)N(Cc1ccc(F)cc1)C1CC1,0.8447,4.5,-6.6,-6.3,seed999
COc1ccc(Cl)cc1C[NH+]1CCCC[C@H]1C(=O)[O-],0.8487,5.25,-6.3,-6.6,seed999
COCC[NH2+]Cc1ccc(-c2ccc(C(=O)[O-])o2)cc1,0.7225,3.0,-6.3,-6.6,seed999
Cc1nc(C)c(C(=O)N(C)CC(=O)N(C)c2ccccc2)s1,0.8704,3.5,-6.3,-6.5,seed999
C[C@@H](C#N)CN(C)C(=O)c1cc2ccccc2[nH+]c1[S-],0.8079,5.5,-6.4,-6.4,seed999
COc1nc2ccccc2c2oc(C=O)nc12,0.6289,3.0,-6.3,-6.5,seed999
O[C@@H](COCc1nc2ccccc2o1)Cc1cccs1,0.7576,3.0,-6.0,-6.8,seed999
COc1ccc(C(C)(C)C)cc1NC(=O)C1CCCC1,0.9007,6.75,-6.7,-6.1,seed999
O=C(CNS(=O)(=O)c1ccc(Cl)cc1)NCC(F)(F)F,0.8542,3.75,-6.6,-6.2,seed999
C[NH2+]C[C@@H](CC[NH+]1C[C@@H](C)[C@@H](C)C1)c1ccccc1Cl,0.7866,6.25,-6.6,-6.2,seed999
CC1CCN(CC(=O)NCc2ccc(Cl)cc2)CC1,0.9197,6.75,-6.4,-6.4,seed999
O=C([C@@H](O)c1ccccc1)N(Cc1ccccc1)C1CC1,0.9151,6.0,-6.7,-6.1,seed999
CC(C)OCc1ccc(NC(=O)C(=O)N(C)C[C@@H](O)CO)cc1Cl,0.6318,3.0,-6.3,-6.5,seed999
COC[C@H](C)NC(=O)CCCn1c(=O)c2ccccc2n1C,0.8376,3.0,-6.1,-6.6,seed999
CNc1nc(OC)c(CCC(=O)N2CCO[C@@H](C#N)C2)c(C)n1,0.844,3.0,-6.5,-6.2,seed999
Cc1cc2c(cc1C)O[C@H](C(=O)[O-])CC2,0.6793,7.75,-6.2,-6.5,seed999
CCOc1ccc(CNC(=O)N(C)CCC(N)=O)cc1F,0.7938,3.25,-6.4,-6.3,seed999
N#CC1(NC(=O)CCOc2cccc(Cl)c2)CCCC1,0.907,3.75,-5.7,-7.0,seed999
C[NH2+][C@@H]1CCN(c2cc(C)cc(F)c2)C(C)(C)C1=O,0.8737,7.75,-6.0,-6.7,seed999
C=CCOc1ccc(/C=N/NC(=O)NCC(C)(C)C)cc1OC,0.461,3.0,-6.4,-6.3,seed999
COc1ccc2c(c1)CCC[C@@H]2/C([O-])=N/S(C)(=O)=O,0.6075,4.25,-6.4,-6.3,seed999
O=C1CSC2(CCCCC2)[NH+]1CCOCCOc1ccc(Br)cc1Cl,0.6484,3.0,-6.1,-6.6,seed999
COc1ccc(/C=N/c2ccc(SC)cc2)cc1[N+](=O)[O-],0.3612,3.0,-6.3,-6.4,seed999
Oc1ccc(/C=C2/SC(=O)NC2=O)cc1Cl,0.7564,6.25,-6.2,-6.4,seed999
COc1cc(/C=C/[N+](=O)[O-])ccc1OC[C@@H]1CCCO1,0.5907,3.0,-6.3,-6.3,seed999
Cc1nc(SCC(=O)c2ccccc2Br)sc1C,0.6054,3.0,-6.0,-6.6,seed999
CC(C)CC[NH+]1CCC[C@@H](C[NH2+]Cc2cccc(Cl)c2)C1,0.7655,5.75,-6.0,-6.6,seed999
O=C(CCC(F)(F)F)Nc1nc(C[NH+]2CCCCC2)cs1,0.8708,3.0,-6.1,-6.5,seed999
O=C(Oc1ccc2c(c1)OCO2)C(C1CC1)C1CC1,0.6165,3.0,-6.1,-6.5,seed999
CNC(=O)[C@H](C)CN(C)C(=O)CSc1ccc(F)cc1Cl,0.8139,3.75,-6.0,-6.5,seed999
O=C(Nc1cc(Br)ccc1Cl)[C@@H]1CCC[NH2+]1,0.8592,7.25,-5.9,-6.6,seed999
CO/N=C/C=C\C(=O)NC[C@@H](c1ccccc1Cl)[NH+]1CCCC1,0.4487,3.0,-6.4,-6.1,seed999
CC(C)C(C)(C)C(=O)CCCC(=O)NC1C(C)(C)C1(C)C,0.7725,6.5,-6.0,-6.5,seed999
C[C@H]([NH3+])c1cc(OCC2CC2)c2c(c1)CCCN2S(C)(=O)=O,0.8911,3.75,-6.3,-6.2,seed999
COc1ccc(C(N)=O)cc1C[NH+](C)C1CCC1,0.7915,5.25,-6.2,-6.3,seed999
CC[NH+](CC1CCCCC1)[C@H]1CCO[C@]2(CCSC2)C1,0.8569,5.0,-6.3,-6.2,seed999
COc1ccccc1CN1C[C@@H](C)O[C@H](C)C1,0.8022,5.75,-6.1,-6.4,seed999
Cc1cc(NC(=O)C[NH+]2CCC[C@@H](C)C2)no1,0.7926,4.75,-5.9,-6.6,seed999
