smiles,qed,sa,egfr,her2,source
C[C@]1(c2ccc3ccccc3c2)NC(=O)N(CC(=O)NNC(=O)c2ccoc2)C1=O,0.4495,5.0,-10.0,-10.6,seed42
C[C@H](NC(=O)CN1C(=O)N[C@]2(C[C@H](C)CC2=O)c2ccccc21)c1nc2ccccc2[nH]1,0.5897,5.0,-9.9,-10.7,seed42
C[C@@]1(c2ccc3c(c2)OCO3)NC(=O)N(Cc2ccc(-c3ccc(Cl)cc3)[nH]2)C1=O,0.6204,5.0,-9.6,-10.9,seed42
COc1cccc(C(=O)Nc2cc(C(F)(F)F)cc(-c3ccncc3)n2)c1F,0.6624,5.0,-9.7,-10.2,seed42
O=C(C1=Cc2ccccc2OC1)N1CCC(c2nc(-c3cccnc3)no2)CC1,0.6847,5.0,-9.1,-10.7,seed42
CC(C)C[C@H](NC(=O)[C@H]1CCc2ccccc2C1)c1nc2sc3c(c2c(=O)[nH]1)CCCC3,0.5834,5.0,-10.2,-9.5,seed42
Cc1ccc(NC(=O)CSc2nc3ccccc3c(=O)n2-c2ccc3c(c2)OCCO3)cc1,0.3559,5.0,-9.8,-9.8,seed42
Cc1cc(C(=O)NCc2ccccc2F)c2c(C)nn(-c3ccc(C(F)(F)F)cc3)c2n1,0.4463,5.0,-9.8,-9.8,seed42
Cc1ccc(NCc2nnc3n2Cc2ccccc2CC3)cc1Cl,0.7846,5.0,-9.3,-10.3,seed42
COc1ccc(C(=O)C2=C([O-])C(=O)N(Cc3cccnc3)[C@H]2c2ccc(C(C)C)cc2)cc1,0.5211,5.0,-9.0,-10.6,seed42
Cc1cnc2n(c1=O)C[C@H](C(=O)Nc1cccc(C#Cc3ccccn3)c1)CO2,0.681,5.0,-9.4,-10.2,seed42
O=C(NNC(=O)c1cccc(C(F)(F)F)c1)c1cc2ccccc2o1,0.6962,5.0,-9.2,-10.3,seed42
O=C(CNC(=O)Nc1ccc(Cl)c(C(F)(F)F)c1)Nc1nnc(Cc2ccccc2)o1,0.5205,4.9612,-9.2,-10.3,seed42
O=C(Nc1ccc(S(=O)(=O)N2CCCCC2)cc1)c1c([O-])nnc2ccccc12,0.7032,5.0,-9.1,-10.4,seed42
C[C@@H](NC(=O)N[C@H]1CCCOc2c1ccc1ccccc21)[C@@H]1CCCO1,0.8782,5.0,-9.4,-10.0,seed42
Cc1cccnc1NC(=O)Cn1cnc2c(cnn2-c2ccccc2)c1=O,0.6,5.0,-9.4,-9.8,seed42
C[C@H](CC(=O)N[C@H](C)c1ccc2c(c1)OCCO2)[NH+]1CCc2ccccc2C1,0.8336,5.0,-9.0,-10.2,seed42
O=S(=O)(c1ccc(Cl)c(Cl)c1)N1CCc2c([nH]c3ccccc23)C1,0.7227,5.0,-9.3,-9.8,seed42
COc1cccc(-c2nn(C[NH2+]Cc3cccc(C)n3)c(-c3ccccc3)n2)c1,0.53,5.0,-9.8,-9.3,seed42
O=C1N[C@H](c2ccc(F)cc2)[C@@H](C(=O)c2cc3ccccc3o2)N=C1N1CCOCC1,0.6578,5.0,-10.0,-9.1,seed42
COC(=O)Cn1/c(=N/C(=O)c2cc3cc([N+](=O)[O-])ccc3s2)[nH]c2ccccc21,0.315,5.0,-9.2,-9.8,seed42
Cc1ccccc1-c1nnc(S[C@H](C(=O)[O-])c2c[nH]c3ccccc23)n1C,0.5406,5.0,-8.8,-10.2,seed42
Cc1ccc(N2C[C@H](C(=O)NCC3CCN(C(=O)c4ccco4)CC3)CC2=O)cc1,0.823,5.0,-9.2,-9.8,seed42
O=C(Nc1cc(-c2cccnc2)ccc1O)[C@@H]1COc2ccccc2O1,0.7105,5.0,-8.7,-10.2,seed42
CC(=O)N(C)c1ccc(NC(=O)c2ccc(OCc3cccc(C)c3C)cc2)c(OC)c1,0.5623,5.0,-8.8,-10.0,seed42
Cc1ccccc1NC(=O)CCSc1nnnn1-c1ccc(Cl)c(C(F)(F)F)c1,0.558,5.0,-8.8,-9.9,seed42
O=C(Cc1ccc(NC(=O)c2cc3c([nH]c2=O)CCC3)cc1)NC1CCCC1,0.7459,5.0,-8.8,-9.9,seed42
C[NH+]1CCC2(CC1)NC(=O)N(Cc1cc(=O)[nH]c3ccccc13)C2,0.7322,5.0,-9.4,-9.3,seed42
CC1=C(C(=O)Nc2ccccc2C)N(C(C)C)C[C@]1(C)C(=O)Nc1cccc(C(F)(F)F)c1,0.6124,4.7139,-9.4,-9.3,seed42
O=C1/C(=C/c2ccc3c(c2)OCO3)C(=O)N1c1cccc(Br)c1,0.4619,5.0,-8.6,-10.1,seed42
Cn1c(CC2=NN(c3ccc4c(c3)CCC4)CC2)nnc1-c1cccs1,0.7074,5.0,-8.6,-10.0,seed42
c1cn(-c2ccc(NC(=S)N3CCC[C@H]3C(N)=O)nn2)c(-c2ccccc2)n1,0.6535,5.0,-9.5,-9.1,seed42
Cn1c(-c2nnc(CC3CCCC3)n2C2CC2)c2cnn(-c3ccccc3)c2n1,0.5174,5.0,-8.7,-9.9,seed42
C[C@H]1CN(C[C@@H](O)C[NH2+][C@@H]2C(=O)N(c3ccccc3)C(=O)c3ccccc32)C(C)(C)CO1,0.665,5.0,-9.4,-9.2,seed42
CS(=O)(=O)N(C[C@H]1COc2ccccc2O1)C(c1ccccc1)c1ccccc1,0.6201,5.0,-9.5,-9.1,seed42
Cc1ccc(Cl)cc1NC(=O)Cn1c(C(F)(F)F)nc2cc(S(=O)(=O)N3CCOCC3)ccc21,0.5582,5.0,-9.3,-9.3,seed42
Cc1nn(C)c(C)c1CC(=O)Nc1cc(F)c(N2CCCCC2)c2ccccc12,0.7088,5.0,-9.2,-9.3,seed42
COc1ccc2ccccc2c1C(=O)N1CCCSC[C@H]1C[C@H](O)c1cccs1,0.6238,5.0,-8.6,-9.8,seed42
C[C@H](NC(=O)/C=C/c1ccccc1)c1cccc2ccccc12,0.6934,5.0,-8.8,-9.6,seed42
C[C@H](NC(=O)Nc1ccc(F)c(-n2cnnn2)c1)c1ccc(F)cc1,0.7621,4.962,-9.2,-9.1,seed42
Cc1cc(SCC(=O)NC[C@@H](O)c2cccc(F)c2)nc2ccccc12,0.6507,5.0,-9.1,-9.2,seed42
Cc1cccc(N2C[C@@H](C(=O)NCCC3=CCCCC3)CC2=O)c1C,0.8317,4.9563,-8.8,-9.4,seed42
Cc1cccc(NC(=O)C(=O)NCc2ccc(CN3CCOCC3)cc2)c1C,0.7805,5.0,-8.8,-9.4,seed42
CC[C@H](C(=O)Nc1cc(F)cc(Cl)c1)N1CCn2c(nc3ccccc32)C1=O,0.7257,5.0,-8.9,-9.3,seed42
C[C@@H](Oc1ccc(Cl)cc1Cl)C(=O)Oc1cccc(C(=O)NCc2ccco2)c1,0.4234,5.0,-8.9,-9.3,seed42
COc1ccc([C@H](CNS(=O)(=O)c2ccc(C)c(C)c2)[NH+]2CCCCC2)cc1,0.7464,5.0,-9.1,-9.1,seed42
O=C(CN1C(=O)C=C(c2ccccc2)NC1=O)Nc1cccc(F)c1,0.7623,5.0,-8.7,-9.5,seed42
CC(C)(NC(=O)NCc1ccc(S(=O)(=O)N2CCCC2)cc1)C1CCCC1,0.7787,4.9424,-8.9,-9.2,seed42
COc1cccc(CNC(=O)Nc2cnc(-c3ccccc3)[nH]c2=O)c1,0.6591,5.0,-8.5,-9.6,seed42
CC(=O)C[C@@]1(O)C(=O)N(CCc2ccccc2)c2ccc(Cl)cc21,0.9072,4.8555,-9.3,-8.8,seed42
Cn1ccnc1[C@](O)(CC(=O)Nc1cccc(-c2ccccn2)c1)C(C)C,0.7028,4.8447,-8.8,-9.2,seed42
Cc1c(C(=O)Nc2ccc(Cl)cc2)c2c([nH]c1=O)c(=O)n(C)c(=O)n2C,0.7011,4.9082,-9.2,-8.8,seed42
COc1cc(Cl)c(C)cc1NC(=O)c1cnc(-c2cccc(F)c2)[nH]1,0.7233,5.0,-8.4,-9.6,seed42
COC1CC[NH+](Cc2ccccc2CNC(=O)c2cc3ccccc3s2)CC1,0.6738,5.0,-8.6,-9.4,seed42
C[C@@H]1CCCC[NH+]1Cc1ccc(NC(=O)Cc2c(F)ccc(F)c2F)o1,0.7987,5.0,-9.1,-8.9,seed42
Cc1c(C(=O)N[C@H]2CCCCC[C@H]2C(=O)[O-])oc2c1C(=O)CCC2,0.8464,4.7531,-8.7,-9.3,seed42
CCCOc1ccc([C@@H]2c3[nH]c4ccccc4c3C[C@@H]3C(=O)OC[C@@H]3OC(C)=O)C[C@@H]2N1,0.6463,5.0,-9.1,-8.8,seed42
COc1ccc(C(=O)N[C@@H](C)C(=O)N2CCc3cc(F)ccc3C2)cc1Cl,0.8718,5.0,-8.5,-9.4,seed42
Cn1c(-c2nnc(SCc3nc4ccccc4s3)o2)cc2c1cnn2C,0.4394,5.0,-8.5,-9.3,seed42
O=C(NNc1ccc(N2CCOCC2)nn1)c1csc(-c2cccs2)n1,0.6478,5.0,-8.5,-9.3,seed42
C[C@]1(c2ccc(F)c(F)c2)NC(=O)N(C[C@H](O)COCc2ccccc2F)C1=O,0.6903,4.7698,-8.4,-9.4,seed42
O=C([O-])C[C@@H]1c2[nH]c3ccccc3c2C[C@@H]1C(=O)N1CCC(C(=O)[O-])CC1,0.7847,5.0,-8.3,-9.5,seed42
COc1ncccc1-c1nc2ccc(Cl)cc2c(=O)n1-c1ccc(Cl)c(C(F)(F)F)c1,0.3842,5.0,-9.7,-8.1,seed42
CCc1onc(C)c1NC(=O)N[C@@H]1CCCC[C@@H]1Cc1ccccc1,0.843,4.9455,-8.7,-9.1,seed42
COc1ccc(N2CCC[NH+]([C@@H]3CCCN(Cc4ccc(F)cc4)C3=O)CC2)cc1,0.8176,5.0,-9.4,-8.3,seed42
Cc1ccc(CNS(=O)(=O)c2c(C)cc(C)cc2C)c([N+](=O)[O-])c1,0.6629,4.2744,-8.3,-9.4,seed42
O=C(CNc1sc(-c2ccccc2)cc1)Nc1cccc(Cl)c1Cl,0.5925,4.9932,-8.3,-9.4,seed42
Cc1ccc(OCCCNC(=O)C(=O)Nc2ccc(F)cc2C)c(C)c1,0.6151,4.6261,-8.4,-9.3,seed42
O=C(Oc1ccc(-n2cnnn2)cc1)c1nccc2ccccc12,0.4262,5.0,-8.5,-9.2,seed42
O=C(NNc1ccc(F)cc1)c1cnc(Oc2ccc(F)cc2)cn1,0.6959,4.9731,-8.6,-9.1,seed42
COc1cccc(C(=O)Nc2cccc(CN3C(=O)NC(CO)(C)C3)c2)c1OC,0.663,4.937,-8.7,-9.0,seed42
COC(=O)c1cccc(CCNC(=O)C(=O)Nc2c(F)cccc2F)c1,0.6298,4.5986,-8.4,-9.2,seed42
COCCNC(=O)[C@@H]1c2ccccc2C(=O)N2CC[NH+](Cc3ccc(Cl)cc3)C[C@H]21,0.6774,5.0,-9.1,-8.5,seed42
COC(=O)[C@@H]1CCCC[C@@H]1NC(=O)Nc1cccc(-c2ncon2)c1,0.8258,4.9189,-8.6,-9.0,seed42
CC(C)(C)OC(=O)N[C@H](C(=O)n1nnc(-c2ccccc2)n1)C1CCCC1,0.8866,4.8087,-8.9,-8.7,seed42
C[C@H]1Sc2ccc(C(=O)Oc3ccc4c(c3)OCCO4)cc2NC1=O,0.6576,5.0,-8.5,-9.1,seed42
Cc1ccn(-c2ccc(NC(=O)N3CC[C@@H](C)[C@@H](O)C3)nn2)n1,0.8678,4.9086,-8.6,-8.9,seed42
CC(=O)c1cccc(NC(=O)COC(=O)c2ccc3c(c2)OCO3)c1,0.6633,5.0,-8.4,-9.1,seed42
CC[NH+]1CCN(c2ccc(NC(=O)Nc3ccc([N+](=O)[O-])c(C)c3)cc2)CC1,0.5447,5.0,-8.7,-8.8,seed42
CN(C)C(=O)c1cccc(C(=O)Nc2ccc(F)cc2Cl)c1,0.9416,4.6055,-8.7,-8.8,seed42
CC(=O)c1ccc(S(=O)(=O)NNC(=O)c2ccc([N+](=O)[O-])cc2)cc1F,0.4427,4.21,-8.3,-9.2,seed42
O=C(NC1CCCCCC1)c1cccnc1Oc1cccc(Cl)c1,0.7956,5.0,-8.4,-9.1,seed42
C[C@H](Cc1ccc(O)cc1)N(C)C(=O)c1cc2ccc(Br)cc2[nH]1,0.6999,4.8415,-8.3,-9.2,seed42
Cc1[nH]c2ccccc2c1C(=O)CSc1nnnn1C1CCCC1,0.5671,5.0,-8.4,-9.1,seed42
Cn1c(=O)c2c(nc(N/N=C\c3ccccc3Cl)n2C)n(C)c1=O,0.5675,4.7283,-8.4,-9.0,seed42
O=C(/C=C/c1cccnc1)NNC(=O)NC12CC3CC(CC(C3)C1)C2,0.5835,5.0,-8.3,-9.1,seed42
CCn1cc(CN2CCN(C(=O)c3nccc4ccccc34)CC2)c(C(C)=O)c1C,0.6107,5.0,-8.2,-9.2,seed42
COC(=O)CCOc1ccc(/C=C2\C(=O)N(c3ccc(F)c(F)c3)C(=S)N=C2[O-])cc1,0.3853,4.8207,-8.4,-9.0,seed42
O=C(NCCCc1cccc(F)c1)c1ccc(CSC2=NC=NC2=O)cc1,0.7453,4.6987,-8.6,-8.8,seed42
C/C(=C/C(=O)Nc1ccc(C(=O)N(C)C)cc1)c1ccc(F)cc1,0.8734,4.2343,-8.4,-9.0,seed42
O=C(CCc1ccccc1)Oc1cccc(S(=O)(=O)N2CCOCC2)c1,0.5719,5.0,-8.5,-8.9,seed42
C[C@@]1(c2ccc3c(c2)OCCCO3)NC(=O)N(Cc2ccco2)C1=O,0.8665,5.0,-8.2,-9.2,seed42
O=S(=O)([O-])C1=NN(c2cccc(Cl)c2)[C@H](c2ccccc2)C1,0.7902,4.7552,-8.6,-8.8,seed42
CSc1nnc(SC2CCCCC2)n1-c1nc2ccccc2s1,0.6095,5.0,-8.6,-8.8,seed42
Cc1ccc(NC(=O)NCc2ccc(F)c(Cl)c2)cc1S(C)(=O)=O,0.8643,4.4802,-8.5,-8.8,seed42
O=C(CSc1nnc(-c2ccccc2F)n1-c1ccccc1)NC1CC1,0.6773,5.0,-8.5,-8.8,seed42
Cc1nn(CC(C)C)c(Cl)c1C(=O)O[C@@H](C)C(=O)N1CCc2ccccc21,0.7322,4.8976,-8.4,-8.9,seed42
COCc1c(C(=O)Nc2cc(C)c(C)cc2[N-]S(C)(=O)=O)sc2ccccc12,0.6191,5.0,-8.9,-8.4,seed42
Cc1cc(F)cc([C@]2(C)Nc3ccccc3C(=O)N2c2ccncc2)c1,0.7436,5.0,-8.4,-8.9,seed42
Cc1ccc(N2CCOC2=O)c(C(=O)Nc2ccccc2C)c1,0.9435,5.0,-8.6,-8.7,seed42
CCn1c(-c2ccccc2F)nc2cc(NC(C)C)ccc2c1=O,0.7872,5.0,-8.7,-8.6,seed42
Cc1cnc2nc([C@@H](C)C(=O)N(Cc3ccccc3)[C@@H]3CCS(=O)(=O)C3)sc2c1,0.6215,5.0,-8.6,-8.7,seed42
C[C@H]1CCC[C@H](N(Cc2cc3ccccc3[nH]c2=O)[NH+](C)C)C(=O)C1,0.6545,4.9208,-8.1,-9.2,seed42
C[C@H](NC(=O)N(C)Cc1ccc(Cl)c(Cl)c1)c1cccc(C#N)c1,0.852,4.392,-8.1,-9.2,seed42
CC(C)c1noc(CCN(C)C(=O)c2n[nH]c(-c3ccccc3)n2)n1,0.7387,4.7461,-8.3,-8.9,seed42
NC(=O)[C@@H]1CN(C(=O)NCC(C2CCOCC2)c2ccccc2)CCO1,0.8209,4.842,-8.8,-8.4,seed42
O[C@H](c1cccc(F)c1F)[NH+]1CCN(c2cc(Cl)nc(Cl)n2)CC1,0.6294,4.8942,-8.8,-8.4,seed42
O[C@@H](C[NH+]1CCC2(C1)OCCO2)c1cnc2ccccc2c1,0.8561,5.0,-8.5,-8.7,seed42
O=C(NC1CC1)[C@H](Sc1nnnn1-c1ccc(Cl)c(Cl)c1)c1ccccc1,0.6088,5.0,-8.1,-9.1,seed42
C[C@@H]1CC(=O)[C@H](C2CCN(c3ccc(Cl)c(F)c3)CC2)C[C@@H]1O,0.8933,4.8963,-8.2,-9.0,seed42
C[C@@H](Oc1ccc(Cl)cc1)C(=O)O[C@@H](C)c1nc2ccccc2n1C,0.638,4.9382,-8.2,-9.0,seed42
COc1cccc([C@@H]2CCCN2C(=O)Nc2cccc(Cl)c2F)c1,0.8605,5.0,-8.5,-8.6,seed42
N#CC1(NC(=O)Cn2nc(-c3ccc(F)cc3)c(Cl)c(Cl)c2=O)CCOCC1,0.8124,4.8103,-8.4,-8.7,seed42
O=C(Cn1nnc(-c2ccccc2)n1)NCc1ccccc1Cl,0.7802,5.0,-8.0,-9.1,seed42
CCn1c(S[C@@H](C)C(=O)Nc2ccc(OC)cc2)nc2ccccc2c1=O,0.5206,5.0,-8.1,-9.0,seed42
N#C/C(=C/c1ccc(NC(=S)Nc2ccccc2)cc1)c1ccc([N+](=O)[O-])cc1,0.194,4.6512,-8.5,-8.6,seed42
Cc1ccc(F)cc1NC(=O)[C@H](C)Oc1ccc2c(c1)OCO2,0.9401,5.0,-8.3,-8.8,seed42
CC(C)C[C@H](CO)NC(=O)N[C@H]1CCCc2c3c(cc(C)cn23)C1,0.7255,4.4777,-8.1,-8.9,seed42
CC(C)Oc1ccc(F)cc1NC(=O)NC[C@@H](Cc1ccccc1)C(N)=O,0.6637,4.3723,-8.0,-9.0,seed42
C[C@H]1CCCN(C(=O)N[C@H]2CCCN(Cc3ccccc3)C2=O)C1,0.9266,5.0,-7.8,-9.2,seed42
O=C(c1cccc2ccccc12)N(CCC(C)(C)O)C[C@@H]1CCCO1,0.8729,4.878,-8.2,-8.8,seed42
O=C(NCCCN1CCCC1=O)c1cc(=O)[nH]c2ccccc12,0.8156,5.0,-8.7,-8.3,seed42
COC(=O)[C@]1(NC(=O)Cc2ccccc2)Cc2ccccc2C1,0.8796,5.0,-8.4,-8.6,seed42
Cn1ccc(NC(=O)N[C@@H](CCc2ccc(F)cc2)C(F)(F)F)n1,0.8183,4.2283,-8.3,-8.6,seed42
CC(C)OC(=O)[C@@H]1[C@@H](c2cccc(O)c2)CC(=O)N1c1ccccc1,0.8686,4.9216,-8.3,-8.6,seed42
Fc1ccc(OC2CCC2)cc1CN1CCO[C@@H]2CCCC[C@H]21,0.8399,5.0,-8.5,-8.4,seed42
C[C@@H](Sc1ccccc1)C(=O)Nc1cc(Cl)ccc1C(=O)NC[C@@H]1CCCO1,0.655,5.0,-8.6,-8.3,seed42
C[C@@H]1CCN(C(=O)c2csc(-c3ccccc3)n2)C[C@@H]1O,0.9276,5.0,-8.4,-8.5,seed42
O=C(Nc1ccccc1)c1cccc(C(F)(F)F)c1,0.8745,4.7123,-8.3,-8.5,seed42
Cc1ccsc1/C=C/C(=O)N[C@@H](C)c1cccc(C(F)(F)F)c1,0.7834,4.2817,-8.0,-8.8,seed42
Cc1cc(C(=O)NCC(C)C)n(-c2cccc(C(F)(F)F)c2)n1,0.9337,4.4595,-8.4,-8.4,seed42
Fc1ccccc1CN(c1nc(C(F)F)nc2ccccc12)C1CC1,0.6614,5.0,-8.4,-8.4,seed42
COC[C@H]1CCN(C(=O)NCCNC(=O)C(C)(C)c2ccc(F)c(F)c2)C1,0.7082,4.3606,-8.0,-8.8,seed42
Cc1ccccc1C(=O)O[C@@H](C)C(=O)NCc1ccccc1Cl,0.8529,4.6036,-8.2,-8.6,seed42
O=C(Nc1cccc(F)c1F)Nc1nnc(C(F)(F)F)s1,0.8313,4.2916,-8.2,-8.6,seed42
C[C@H](Sc1nnc(C2CC2)n1C1CC1)C(=O)N1CCN(S(=O)(=O)c2ccc(F)cc2)CC1,0.5676,5.0,-8.1,-8.7,seed42
C[C@@H]1CCC[C@@H](C)N1S(=O)(=O)c1cccc(C(F)(F)F)c1,0.8335,4.3509,-8.2,-8.6,seed42
O=C(OCC(=O)N1CCCCC1)c1cccc(S(=O)(=O)N2CCOCC2)c1,0.6861,5.0,-8.1,-8.7,seed42
COc1ccccc1N1CCN([C@@H](c2ccccc2)c2nncn2C)CC1,0.6975,5.0,-8.3,-8.4,seed42
CC(C)c1nc([C@H]2CCCN(Cc3c[nH]nc3C(C)(C)C)C2)no1,0.9267,4.6284,-8.3,-8.4,seed42
N#C/C(=C\Nc1ccccc1[N+](=O)[O-])c1nc2ccccc2[nH]1,0.4358,4.5296,-8.4,-8.3,seed42
CC[C@@H](CCOc1ccccc1)C(=O)Nc1ccc(N2CCCCCC2)c(Cl)c1,0.5624,5.0,-8.3,-8.4,seed42
COc1cc(Cl)c(C)cc1S(=O)(=O)NCc1cn2cc(Br)ccc2n1,0.6531,4.9539,-8.0,-8.7,seed42
COC(=O)C[C@@H](C)NC(=O)c1ccc(-c2ccccc2C#N)cc1Cl,0.8306,4.4257,-8.0,-8.7,seed42
Cc1ccc(S(=O)(=O)Nc2cc(C)cc(C)c2)c(C)c1,0.9357,4.5506,-8.1,-8.6,seed42
Cc1c(Cl)cccc1NC(=S)NC(=O)c1ccccc1Cl,0.7956,4.4753,-8.2,-8.4,seed42
CCOc1ccc(NC(=O)c2cc3cc(Cl)ccc3[nH]2)c(OC)c1,0.7168,5.0,-7.8,-8.8,seed42
Cc1ccc(C)c(OCc2ccc([N+](=O)[O-])c(NN)n2)c1,0.4974,4.2509,-8.3,-8.3,seed42
CC[C@@H](C)c1ccc(OCC(=O)N2CCN(C)c3ccccc32)cc1,0.824,5.0,-7.9,-8.7,seed42
O=C(Nc1ccc(Br)c(C(=O)N2CCCC2)c1)N1CCCSCC1,0.807,5.0,-8.0,-8.6,seed42
O=C(c1ccccc1)c1cccc2c1N[C@H](c1ccccc1[N+](=O)[O-])[C@@H]1CC=C[C@H]21,0.2676,5.0,-8.6,-8.0,seed42
COc1cccc(CCNC(=O)CCCc2cc(C)ccc2C)c1,0.7967,4.7176,-7.9,-8.7,seed42
CC(C)CNC(=O)NNC(=O)[C@H]1C[C@@H]1c1cccc(F)c1F,0.7449,4.344,-7.9,-8.7,seed42
C[C@@H](CO)c1nc2ccc(Br)cc2c2c1CC[NH+](Cc1ccc(O)cc1)C2,0.5992,5.0,-8.4,-8.2,seed42
CCOC(=O)CS[C@H]1N=NC(=O)[C@@H]2C(c3ccc(Cl)c(F)c3)=[NH+][C@@H]2C1=O,0.7293,4.5489,-7.7,-8.8,seed42
CC1(C)[C@@H]2CC[C@@]1(C)[C@H](NC(=O)c1ccc(Cl)cc1F)C2,0.8604,4.9039,-7.8,-8.7,seed42
Cc1cccc(CC(=O)N2CCCC[C@@H]2Cn2cccn2)c1,0.8701,5.0,-7.9,-8.6,seed42
Cc1ccc(NC(=O)c2cnc([C@H]3CCCO3)s2)c(OC[C@@H]2CCOC2)c1,0.8108,5.0,-8.3,-8.2,seed42
CCc1ccc(O[C@H](C)C(=O)N/N=C\c2cccc(OC)c2O)cc1,0.5988,4.3552,-8.0,-8.5,seed42
COC(=O)C1(NC(=O)c2cccc(S(=O)(=O)N3CCOCC3)c2)CCCCC1,0.7347,5.0,-8.3,-8.2,seed42
COc1ccc(CC(=O)c2cnn(-c3ccccc3)n2)cc1OC,0.6526,5.0,-8.0,-8.5,seed42
CCn1c(SCC(=O)N[C@@H]2CCCCC2=O)nc2ccccc2c1=O,0.6533,5.0,-8.0,-8.5,seed42
CC[C@]1(c2ccccc2)NC(=O)N(NC(=O)Cc2cc[nH]n2)C1=O,0.7073,4.5596,-7.8,-8.6,seed42
C[C@H](c1ccncc1)N(C)C(=O)c1cc(C2CC2)nc2ccccc12,0.7142,5.0,-8.4,-8.0,seed42
O=C(/C=C/C1CC1)NC[C@H]1CC[C@H](C(=O)NCc2ccccc2)N1Cc1ccccc1,0.6149,5.0,-7.5,-8.9,seed42
C[NH2+]C1CC(C)(C)[C@@H]([NH+]2CCC3(CCNC(=O)OC3)CC2)C1,0.6458,4.4048,-8.1,-8.3,seed42
O=C(Nc1ccnn1Cc1c(Cl)cccc1Cl)c1nnn[n-]1,0.7767,5.0,-8.2,-8.2,seed42
CC(C)c1cc(C(=O)NCC2CCN(c3nccs3)CC2)ncn1,0.902,5.0,-7.7,-8.7,seed42
COc1ccc(-n2cc(CNc3cccc(C)c3)cc2C#N)cc1,0.7639,4.9388,-8.0,-8.3,seed42
CC[C@@H](C)c1cc(C(=O)NC2CC[NH+](C[C@H]3CCOC3)CC2)on1,0.8132,4.9443,-7.9,-8.4,seed42
C[C@H](NC(=O)N1CCO[C@@H](CC(=O)[O-])C1)c1ccc(Cl)c(Cl)c1,0.8845,4.464,-8.4,-7.9,seed42
Cc1ccc(Cl)c(O[C@@H](C)C(=O)Nc2ccc(S(N)(=O)=O)cc2)c1,0.8471,4.4519,-7.8,-8.5,seed42
Cc1cc(C(=O)N[C@H](C)c2ccccc2C(F)(F)F)c(C)o1,0.9122,4.3897,-8.0,-8.3,seed42
COc1cc(CC(=O)NC[C@]2(N3CCOCC3)CCCC2)c(Cl)cc1Cl,0.795,5.0,-7.7,-8.6,seed42
Cc1cc(CCC(=O)Nc2ccc(C)c(C(N)=O)c2)c(C)o1,0.8899,4.447,-8.1,-8.2,seed42
COc1ccc(S(=O)(=O)N2CCN(C(=O)c3cccnc3)CC2)cc1,0.8185,5.0,-7.9,-8.3,seed42
CNC(=O)[C@@H]1CCCN1CNC(=O)Cc1csc(NC(=O)c2ccco2)n1,0.6433,4.8951,-7.9,-8.3,seed42
CNC(=O)c1cccc(NC(=O)NCc2cn(C)nc2CC)c1,0.7839,4.3832,-7.9,-8.3,seed42
C/[NH+]=C(/NCc1cc(C)on1)NCc1ccc2c(c1)OCO2,0.5293,5.0,-7.9,-8.3,seed42
CC(C)OCc1c(C(=O)N2CCCC[C@@H]2C)oc2ccccc12,0.841,4.9939,-8.3,-7.9,seed42
Cc1ccccc1NC(=O)[C@H](C)S(=O)(=O)Cc1noc(C(C)C)n1,0.8574,4.1664,-7.8,-8.4,seed42
C[C@@]([NH2+]Cc1c[nH]cn1)NC(=O)C[C@H]1OCCc2ccccc21,0.7374,4.8213,-8.0,-8.2,seed42
C[NH+](C)[C@@H]1CC[C@@H](NS(=O)(=O)c2ccc(N3CCCC3=O)cc2)C1,0.7929,5.0,-7.8,-8.4,seed42
CCc1nnc(SCCNC(=O)c2ccccc2F)n1-n1cccc1,0.5202,4.8355,-7.7,-8.5,seed42
CCOc1cc(O[C@@H]2C[C@H](C)OC2=O)cc(Cl)c1OCc1ccccc1Cl,0.5969,4.9218,-8.0,-8.2,seed42
CN(C[C@@H]1CCCO1)c1ncnc2c1oc1ccccc12,0.7393,5.0,-8.2,-8.0,seed42
Cc1csc([C@@H](C)NC(=O)Nc2ccc3c(c2)nc(C2CC2)n3C)n1,0.74,5.0,-7.5,-8.7,seed42
CC(C)C(=O)NC[C@@H]1CCC[NH+](Cc2csc(C3CCCC3)n2)C1,0.8273,5.0,-7.8,-8.3,seed42
CCN1CCN(C(=O)CC[C@@H](C)NC(=O)N2CCN(C)S(=O)(=O)c3ccccc32)CC1,0.7255,4.6754,-8.0,-8.1,seed42
O=C(N[C@H](CO)c1ccccc1F)c1cnc(Cl)c(Cl)c1,0.8479,4.4538,-7.9,-8.2,seed42
CCOC(=O)c1cn(CC(=O)Nc2nccs2)c2ccccc12,0.7305,5.0,-7.8,-8.3,seed42
Cc1ccc(O[C@H](C)CNC(=O)c2nc(C3CC3)n[n-]2)cc1,0.8799,5.0,-7.6,-8.5,seed42
CC[C@@H](COC)n1c(-c2cc(F)ccc2F)nc2ccccc21,0.6888,4.9341,-8.2,-7.9,seed42
Cc1nc(-c2ccc(NC(=O)C(=O)NCC[C@@]3(CCO)CCCO3)cc2)cs1,0.6169,4.8388,-7.5,-8.6,seed42
Cc1c(C[NH+]2CCC[C@H]2c2ccccc2C(F)(F)F)cnn1C,0.9213,5.0,-7.8,-8.2,seed42
COC(=O)C1(N(C)C(=O)c2c(C)oc3ncc(C)c(C)c23)CCSCC1,0.7658,4.5138,-8.1,-7.9,seed42
CCC[C@@H]1C(=O)NCCN1C(=O)C(=O)Nc1ccc(N(C)C)c(C)c1,0.8009,4.2398,-7.6,-8.4,seed42
C[C@@H](Nc1nc2cc(Cl)ccc2s1)c1ccccc1,0.7231,5.0,-7.7,-8.3,seed42
C[C@@H]1CCC[C@H](NC(=O)CNc2cc(S(N)(=O)=O)ccc2Cl)[C@@H]1C,0.7367,4.3023,-7.9,-8.1,seed42
C=CCN1C(=O)C(C(C)=O)[C@@H](c2ccc(F)cc2)N1/N=C/c1ccc(OC)cc1OC,0.3685,4.6192,-7.7,-8.3,seed42
CCS(=O)(=O)N(CC(=O)Nc1cc(C)ccn1)c1ccccc1,0.8786,4.3613,-7.8,-8.2,seed42
N#Cc1ccc(N/C=C2/C(=O)NC(=S)N(c3ccccc3Br)C2=O)cc1,0.447,4.4745,-8.0,-7.9,seed42
CCC[C@H]1CN(C(=O)NC(=N)NC(=O)NC2CCCC2)CCO1,0.4649,3.9711,-8.0,-7.9,seed42
CCN(C(=O)Nc1ccc(OC)cc1[N+](=O)[O-])C1CCCCC1,0.6602,4.4362,-8.0,-7.9,seed42
Cc1nc2cc(NC(=O)C(=O)NCC(C)(C)C[C@H](C)C)ccc2o1,0.8237,4.2438,-7.4,-8.5,seed42
CCc1ccc(NC(=O)/C(C#N)=C/c2cccc(OC)c2)cc1,0.6748,4.3986,-7.6,-8.3,seed42
CCCN(CCC)c1nc(-c2cccnc2)nc2c1CCN(C(C)=O)C2,0.7986,4.8982,-7.8,-8.1,seed42
Cn1ncc2c(NS(=O)(=O)c3ccc(Br)cc3)ncnc21,0.7631,4.8304,-7.7,-8.2,seed42
COc1ccc(NC(=S)NNC(=O)Cc2ccc(F)c(F)c2)cc1,0.5837,4.5187,-7.7,-8.2,seed42
Cc1ccsc1C(=O)OCCCn1nnc2ccccc2c1=O,0.5307,5.0,-7.8,-8.1,seed42
C#CCN1CCN(CN2C(=O)[C@@H](c3ccccc3)Oc3ccccc32)CC1,0.7836,5.0,-7.8,-8.1,seed42
COc1ccccc1N/C(O)=C(/C(=O)C[C@H](C)C(=O)OC)c1ccccc1,0.4182,4.1007,-8.1,-7.8,seed42
Cc1cncc(C(=O)Nc2sccc2C(=O)NC2CC2)c1,0.9115,5.0,-7.8,-8.1,seed42
C[C@H](Sc1cccc[n+]1[O-])C(=O)N(C)Cc1ccc(Cl)cc1,0.4786,3.9405,-7.4,-8.4,seed42
COc1ccc(C[NH+]2CCCN(C(=O)C(C)(C)c3cnn(C)c3)CC2)cc1O,0.7935,4.9576,-7.8,-8.0,seed42
CC[C@@H](NC(=O)NCCc1cn[nH]c1)c1ccc(C)cc1,0.7639,4.3058,-7.9,-7.9,seed42
Cc1cccc(NC(=O)[C@@H](C)N2CCCN(CC(F)(F)F)C2=O)c1,0.9137,4.3858,-7.5,-8.3,seed42
C[C@H]([NH+](C)[C@@H]1CCC[C@H](C2CC2)C1)C(=O)N1CCCC[C@H]1C,0.8465,5.0,-7.9,-7.9,seed42
O=C(NC[C@@H]1CCCCO1)[C@@H]1C[C@H]1c1ccc(F)cc1,0.9184,5.0,-7.5,-8.3,seed42
CC1(C)CN(C(=O)[C@@H]2C[C@@H]2c2cccc(F)c2)CCS1,0.8338,4.7518,-7.8,-8.0,seed42
C[C@@H]([NH3+])c1cccc(OCc2nc3ccccc3s2)c1,0.8001,5.0,-7.8,-8.0,seed42
CC[C@@H](Cc1ccccc1)NC(=O)c1cnc([C@@H]2CCCO2)s1,0.8775,5.0,-7.7,-8.1,seed42
CC(C)(C)OC(=O)N1CCCN(S(=O)(=O)c2ccccc2C(F)(F)F)CC1,0.7529,4.3505,-7.6,-8.2,seed42
O=C(c1ccccc1)[C@H]1CCC[NH+]1[C@H](C(=O)N1CCOCC1)c1ccccc1,0.8017,5.0,-8.2,-7.6,seed42
COc1ccccc1C[C@H](C)N(C)C(=O)[C@H]1CC(=O)N(C2CC2)C1,0.8025,4.9878,-7.6,-8.2,seed42
CCOc1ncccc1CNC(=O)C(=O)Nc1cc(C#N)ccc1Cl,0.7976,4.4441,-7.5,-8.2,seed42
CC(C)[C@H](Sc1nc2ccccc2[nH]1)C(=O)N[C@@H]1CCS(=O)(=O)C1,0.7886,4.7019,-7.3,-8.4,seed42
CC(=O)C1=C(C)C(C(=O)[C@@H](C)OC(=O)c2ccc(Cl)cc2)=N[C@H]1C,0.7666,3.9337,-7.2,-8.5,seed42
COc1ccccc1OCC(=O)Nc1cccc(C)c1C,0.9163,4.7585,-7.6,-8.1,seed42
COc1cc(OC)cc(C(=O)Nc2cc(C(=O)N(C)C)c(C)o2)c1,0.9099,4.3729,-7.7,-8.0,seed42
CCOCc1ccccc1NC(=O)N(Cc1c(F)cccc1Cl)C1CCCC1,0.6151,5.0,-7.6,-8.1,seed42
CC(C)(CNC(=O)c1cc(F)cc(Cl)c1)[NH+]1CCCC1,0.8711,4.6393,-7.9,-7.8,seed42
COc1ccc(OCC(=O)Nc2cc(Cl)ccc2O)cc1,0.8331,4.6785,-7.6,-8.0,seed42
COCC[C@H](NC(=O)N1CCCCC1)Cc1cccc(C)c1,0.877,4.5766,-7.7,-7.8,seed42
CS[C@@H]1CC[C@@H](NC(=O)Nc2ccccc2)[C@H]1c1cccs1,0.8623,4.726,-7.8,-7.7,seed42
COc1ccc(C(C)(C)C)cc1NC(=O)C[NH+]1CCN(CC(F)(F)F)CC1,0.8072,4.5121,-7.3,-8.2,seed42
C[C@@H](N[C@@H]1CCN(C(C)=O)C1)c1nc2ccccc2n1C,0.9365,4.9913,-7.8,-7.7,seed42
C[C@H]1C[C@@H]1NC(=O)NC1(c2cccc(F)c2)CCCC1,0.8735,4.8964,-7.7,-7.8,seed42
Cc1ccccc1[C@@H]1C[C@@H]1C(=O)N1CCC([NH3+])CC1,0.8556,5.0,-7.6,-7.9,seed42
CC(C)c1nc(C(=O)NCc2nc(-c3ccco3)n[nH]2)n[nH]1,0.6506,4.8301,-7.4,-8.1,seed42
COc1ccc(N2CC[NH+](CCS(=O)(=O)c3ccccc3)CC2)cc1,0.8297,5.0,-7.4,-8.1,seed42
CCN(CC)C(=O)CCNC(=O)c1cnn(-c2ccc(Cl)cc2)c1,0.8356,4.4379,-7.4,-8.1,seed42
CCCN(Cc1noc([O-])n1)C(=O)Nc1ccc(C)c(Cl)c1,0.912,4.4295,-7.4,-8.1,seed42
CCN(CC(C)(C)O)C(=O)N[C@H]1CCCc2ccc(F)cc21,0.8982,4.2324,-7.5,-8.0,seed42
O=C(O[C@H](CO)c1ccc(Cl)cc1)c1ccc(F)cn1,0.8812,4.3717,-7.4,-8.1,seed42
CCN(CC)C(=O)N[C@@H](C)c1ccc(NC(=O)c2cccs2)nc1,0.8404,4.3898,-7.6,-7.9,seed42
Cc1cccc(N(CCC#N)C(=O)Cn2ncc(Cl)c(Cl)c2=O)c1,0.8163,4.2401,-7.4,-8.1,seed42
CC(=O)Nc1ccc(Sc2ncnc3c2sc2ccccc23)c([N+](=O)[O-])c1,0.3004,5.0,-7.7,-7.7,seed42
O=C([O-])[C@@H]1[C@@H]2C(=O)N([C@@H]3CCC(=O)N(Cc4ccco4)C3)C=C2C1=O,0.6527,5.0,-8.0,-7.4,seed42
COC(=O)c1cc(COc2c(C)cc(C)cc2C(C)=O)on1,0.624,4.3368,-7.5,-7.9,seed42
Nn1c(SCc2ccc(Cl)cc2)nnc1-c1ccco1,0.5919,4.7177,-7.4,-8.0,seed42
Cc1ccc([N-]S(=O)(=O)N(C)CC(=O)NC(N)=O)cc1F,0.8207,3.759,-7.5,-7.9,seed42
CC(C)CC(=O)Nc1ccc(OCc2ccc([N+](=O)[O-])cc2)cc1,0.611,4.4898,-7.3,-8.1,seed42
NC(=O)C1CC[NH+]([C@@H]2CCOC3(CCCCC3)C2)CC1,0.7806,4.6885,-7.6,-7.8,seed42
CCCC[NH+](C)C1CCN(C(=O)c2cc([N+](=O)[O-])ccc2C)CC1,0.6373,4.5754,-7.7,-7.6,seed42
COC(=O)N1CC[C@@H](OC(=O)c2ccccc2[N+](=O)[O-])C1,0.4766,4.3757,-7.4,-7.9,seed42
Cc1ccc(N[C@@H](C)C(=O)N2CCOC[C@@H]2C)c(C)c1,0.9211,4.3968,-7.4,-7.9,seed42
Cc1cc(C)c(C(=O)N2CC[NH+](C3CCCCC3)CC2)c(=O)[nH]1,0.8418,5.0,-7.3,-8.0,seed42
CCC[C@@H](C)N1C[C@@H](C(=O)OCc2ccc3c(c2)OCCO3)CC1=O,0.7401,5.0,-7.3,-8.0,seed42
COc1ccc(OC)c(C(=O)c2ccccc2[N+](=O)[O-])c1,0.4797,4.5103,-7.7,-7.6,seed42
CC1(C)CN(c2ccc(F)cc2C#N)C[C@H]1C(N)=O,0.8795,4.1256,-7.6,-7.7,seed42
COC[C@@H]1CCCN(C(=O)Nc2ccc(CC[NH+]3CCSCC3)cc2)C1,0.7928,5.0,-7.5,-7.8,seed42
O=C(NC[C@@H]1C[C@H](O)C[NH+]1Cc1ccccc1)Nn1cccc1,0.6252,4.8906,-7.7,-7.6,seed42
OC1=Nc2cc(Cl)ccc2O[C@@H]1c1ccccc1,0.839,4.6051,-7.6,-7.7,seed42
O=C(c1cnccn1)N1CSC[C@H]1C[NH2+]Cc1cccc(O)c1,0.8317,4.8902,-7.7,-7.6,seed42
CC[NH+](CC(=O)N(Cc1ccccc1)[C@@H]1CCS(=O)(=O)C1)C1CC1,0.7671,4.9122,-7.4,-7.9,seed42
CCN(Cc1ccc(N)cc1)C(=O)N[C@H]1CCC[C@@H](S(C)(=O)=O)C1,0.7935,4.1674,-7.1,-8.2,seed42
CC(C)NC(=O)c1cccc(S(=O)(=O)[N-]c2cn(C)cn2)c1,0.9102,4.4688,-7.4,-7.8,seed42
O=C1CCCCN1CNS(=O)(=O)c1ccc(F)cc1,0.9002,4.2885,-7.4,-7.8,seed42
COc1ccccc1NS(=O)(=O)c1csc(-c2ccsc2)n1,0.7604,4.8982,-7.2,-8.0,seed42
COc1cc(Cl)cc(C)c1C[C@H]([NH2+]CCC)c1ccccc1,0.8225,4.6172,-7.4,-7.8,seed42
O=C(NC1CC1)[C@@H](NC[C@@H]1CC[NH+](C2CC2)C1)c1ccccc1,0.6924,5.0,-7.5,-7.7,seed42
COCCNC(=O)NC[C@@H]1C[C@]12CCc1ccccc12,0.8049,4.9142,-7.4,-7.8,seed42
O=S(=O)(CCCn1ccnc1)N[C@H]1CCN(c2ccc(Cl)cc2)C1,0.8125,4.8423,-7.2,-8.0,seed42
COCc1cc(C(=O)N[C@@H]2CCO[C@@H]2c2ccc(Cl)c(F)c2)no1,0.8933,4.9937,-7.2,-7.9,seed42
COC(=O)C1=C(C)Nc2nnnn2[C@@H]1c1ccc(OC)c(OC)c1,0.8329,4.7544,-7.2,-7.9,seed42
O=C(Nc1nncs1)NC1CCC(Cn2cc[nH+]c2)CC1,0.898,4.8288,-7.4,-7.7,seed42
O=C(Nc1ccc(CC(=O)NC2CCC2)cc1)C1CC1,0.8634,5.0,-7.6,-7.5,seed42
O=C(NCCCn1c(CCl)nc2cccnc21)c1ccsc1,0.5565,4.921,-7.5,-7.6,seed42
CSCC[C@@H](NC(N)=O)C(=O)N[C@H](C)c1ccc(C)c(F)c1,0.7169,3.6429,-7.6,-7.5,seed42
O=C(Nc1ccncc1)c1cc(-c2ncc[nH]2)no1,0.7422,4.9212,-7.6,-7.4,seed42
Cc1ncc([C@H](C)NC[C@@H](c2ccccc2)[NH+]2CCCC2)s1,0.8574,5.0,-7.3,-7.7,seed42
CCCS(=O)(=O)[C@H](C)C(=O)NC[C@H]1Cc2ccccc2O1,0.8598,4.2464,-7.2,-7.8,seed42
Cc1nc(CC(=O)NCc2ccc(N3CCOCC3)cc2)cs1,0.912,5.0,-7.2,-7.8,seed42
Cc1ccsc1-c1nc([C@]2(C)CCCO2)no1,0.8212,4.5457,-7.4,-7.6,seed42
COc1cc(OC)cc(C(=O)NCc2ncccc2C)c1,0.9162,4.7349,-7.4,-7.6,seed42
COc1cc(OC)c(C(=O)NC[C@@H](C)N2CCOC[C@@H]2C)cc1OC,0.803,4.4131,-7.2,-7.8,seed42
O=C(NCC(=O)N1CCCC1)N[C@H]1CCN(CC(F)(F)F)C1,0.7942,4.2244,-7.6,-7.4,seed42
CC[C@@H](C)Nc1cccc(C(=O)N2CCC(C)(C)C2)c1,0.9061,4.4597,-7.3,-7.7,seed42
CN(Cc1ccccc1)C(=O)NCCCOC1CCCCC1,0.7825,4.5071,-7.1,-7.9,seed42
C=CCNC(=O)CC(=O)N[C@H](C)c1ccc(F)c(F)c1,0.6176,3.7034,-7.6,-7.4,seed42
CC[C@@H](C(=O)N1CCO[C@H](C(N)=O)C1)c1ccccc1,0.8874,4.3362,-7.4,-7.6,seed42
CCOc1ccc([C@H](C)NC(=O)N(C)CCc2ccsc2)cc1,0.8295,4.3592,-7.1,-7.9,seed42
O[C@@H](C[C@@H](O)C(Cl)(C1)C(F)(F)F)c2ccccc21,0.5664,3.887,-7.4,-7.5,seed42
CCCCc1nnc(NC(=O)N2CCOC[C@H]2C[C@H](C)O)o1,0.8235,4.1535,-7.5,-7.4,seed42
C[C@@H](NC(=O)Nc1ccccc1N(C)C)c1cn2ccsc2n1,0.7715,4.8369,-7.0,-7.9,seed42
COc1ccc(C)cc1NC(=O)[C@H]1SCC[C@H]1C(N)=O,0.8825,4.2948,-7.3,-7.6,seed42
CCOC(=O)c1sc(Nc2ccc(F)c(F)c2)nc1C(=O)[O-],0.8407,4.479,-7.6,-7.3,seed42
O=C([O-])C1(CC(=O)NC[C@H]2CN(C3CC3)CCCO2)CCCCC1,0.7608,4.7709,-7.4,-7.4,seed42
C[NH+](Cc1ccccc1)C[C@@H]1CCC[NH+]1C1CCCC1,0.7818,5.0,-7.4,-7.4,seed42
COc1cc(-c2nnc(SCCN3CCOCC3)o2)cc(OC)c1C,0.6933,4.9557,-7.0,-7.8,seed42
N#C/C(=C/Nc1ccc(Cl)cc1)C(=O)N[C@H]1CC=CCC1,0.5088,3.9632,-6.8,-8.0,seed42
C[C@H]([NH2+][C@@H]1CCO[C@@]2(CCSC2)C1)C1CCCCC1,0.8618,4.3799,-7.3,-7.4,seed42
Cc1noc(C)c1COC(=O)[C@H](c1c(F)cccc1Cl)N(C)C,0.7804,4.2474,-7.6,-7.1,seed42
COc1ccccc1/C=C/C(=O)Nc1ccncc1,0.8534,4.5441,-7.2,-7.4,seed42
CS[C@H]1CCCC[C@@H]1NC(=O)N1CCC(N2CCCC2=O)CC1,0.8592,4.6588,-7.9,-6.7,seed42
C[C@@H]1CN(C(=O)NCc2nncn2C2CC2)[C@H](C)C[NH2+]1,0.7811,4.8968,-7.2,-7.4,seed42
CSC[C@@H](C)N(C)C(=O)NC[C@H]1CCCN(c2ncccn2)C1,0.8611,4.2114,-7.1,-7.5,seed42
C[C@H]1CCOCCN1C(=O)NCC[C@@H](O)c1ccco1,0.8778,4.333,-7.5,-7.1,seed42
CC[C@H](CCO)CNC(=O)NCc1ccccc1-n1cncn1,0.6874,4.263,-7.1,-7.5,seed42
C[C@@H](Cn1cncn1)Nc1cnc(-c2ccccc2)nc1,0.7759,4.8849,-7.0,-7.6,seed42
CCOC(=O)c1c(-c2ccccc2)csc1NC(C)=O,0.8757,4.4774,-7.3,-7.3,seed42
C[C@H]1C[C@@H](C)C[NH+](Cc2ccccc2N)C1,0.7223,4.5278,-7.4,-7.1,seed42
CCOc1ccc(O)c(C[NH+]2C[C@H]3[C@@H](C2)C3(C)C)c1,0.8612,5.0,-7.0,-7.5,seed42
CC[C@@H](CCO)CNC(=O)c1c[nH]c2ccccc12,0.7459,4.3542,-7.3,-7.2,seed42
CCC[C@@H](C[NH2+][C@H](C)C1CCCCC1)c1ccccc1,0.7706,4.5309,-7.2,-7.3,seed42
C[C@H](C(=O)N1CCC[C@@H]1CC(C)(C)C)N1CC[NH+](Cc2ccco2)CC1,0.8683,4.9108,-7.7,-6.8,seed42
CCc1c(C)nc(-c2nccn2CC(C)C)[nH]c1=O,0.9159,4.1679,-7.5,-7.0,seed42
C[NH+]1CCC[NH+](Cc2ccc(OC[C@H]3CCCO3)cc2)CC1,0.7709,5.0,-7.2,-7.3,seed42
NC(=O)[C@H]1C[NH2+]CCN1Cc1ccc(C(F)(F)F)cc1,0.8182,4.4169,-7.3,-7.2,seed42
CC(C)S(=O)(=O)CC(=O)N[C@H](C)c1ccc(Cl)cc1Cl,0.8977,3.6257,-7.2,-7.2,seed42
COC(=O)[C@H](C)CN(C)C(=O)c1cc2cccc(OC)c2o1,0.793,4.2966,-7.2,-7.2,seed42
CCCCC(=O)Nc1nn(C[C@@H](C)CO)c(C)c1C,0.796,3.6581,-7.4,-7.0,seed42
COc1cc(/C=N\NC(=O)COc2ccccc2)ccc1OC,0.6284,4.556,-6.9,-7.5,seed42
CCc1ccc([C@H](CC(=O)[O-])[NH+]2CCCC2)cc1,0.8024,4.7366,-7.2,-7.2,seed42
COCCN(Cc1ccncc1)C(=O)N[C@@H](C)c1nc(C(C)(C)C)cs1,0.799,4.2243,-7.5,-6.9,seed42
CC(C)c1nc(CS(=O)(=O)CCc2nncn2C2CC2)no1,0.7548,4.5839,-6.9,-7.5,seed42
CC(C)(C)N1C[C@H](C(=O)N2CCN3C(=O)NC[C@H]3C2)CC1=O,0.7332,4.5675,-7.1,-7.3,seed42
Cn1cc([C@H]2C[C@@H]2c2ncccn2)c(=O)n(C)c1=O,0.7683,4.7878,-7.3,-7.1,seed42
COc1ccc(/C=C2/NC(=O)N([C@H](C)C(=O)[O-])C2=O)c(Br)c1,0.6162,4.2088,-7.1,-7.3,seed42
CC(C)C[C@@H]1NC(=O)C[C@@]12CC[C@H](C(=O)N1CCOCC1)C2=O,0.778,4.5496,-7.2,-7.1,seed42
Cc1nc(-c2ccc(O)c(C(N)=O)c2)cs1,0.8331,4.381,-7.2,-7.1,seed42
CCOc1ccc(NC(=S)Nc2cccc(Cl)c2)cc1,0.8121,4.5909,-6.9,-7.4,seed42
C[C@@H]1C[NH+](Cc2ccc(C[NH2+][C@@H](C)CCCO)cc2)CC[C@@H]1[NH3+],0.4845,4.537,-7.1,-7.2,seed42
Cc1cccc(CN(C(=O)[C@@H](C)Sc2ncn[nH]2)C(C)C)n1,0.8277,4.1009,-7.1,-7.2,seed42
COc1ccc([C@H](C)NC(=O)[C@H](C)n2cncn2)cc1OC,0.8791,4.4002,-7.1,-7.2,seed42
CC[NH2+][C@]1(C(N)=O)CCC[C@@H]1CCOc1cccc(C#N)c1,0.7846,4.3416,-7.1,-7.2,seed42
CC[C@@H]([NH3+])Cc1nnc(-c2cc(Cl)ccc2Br)s1,0.9232,4.3089,-7.0,-7.3,seed42
CCO[C@H]1C[C@H]1C(=O)c1cc(NC(=O)c2cccs2)[nH]c1,0.806,4.8653,-7.1,-7.1,seed42
Cc1cc(NC(=O)NCc2ccncc2)n[nH]1,0.7469,4.4284,-7.1,-7.1,seed42
CCSCc1ccc(NC(=O)NCCC2CCCC2)cc1,0.7701,4.4257,-6.7,-7.5,seed42
CCc1cc(C[C@H](C)NC(=O)N2CCCC2)n[nH]1,0.8542,4.3792,-6.9,-7.3,seed42
O=C(Cn1cccc(C(F)(F)F)c1=O)[N-]c1nccs1,0.8748,4.4196,-7.1,-7.1,seed42
CCCc1nc(C(=O)N[C@H]2CCCC[C@H]2CO)n[nH]1,0.7423,4.207,-6.7,-7.4,seed42
CC(C)[C@H](NC(=O)N1CCOC[C@@H]1C1CC1)c1ccccc1,0.9277,4.9752,-7.6,-6.5,seed42
O=C([O-])C[C@@H]1CN(CCOc2ccc(Br)cc2)C(=O)O1,0.7631,4.3144,-7.0,-7.1,seed42
CNc1cc(COc2cccc([C@@H](C)[NH3+])c2)n[nH]1,0.7457,4.2721,-7.0,-7.1,seed42
CN(Cc1ccccc1)C(=O)[C@@H]1C=C[C@@H]([NH3+])C1,0.7696,4.351,-6.8,-7.3,seed42
N#Cc1csc(C(=O)N(CCO)Cc2ccccc2)c1,0.9166,4.2457,-6.8,-7.3,seed42
CSCc1ccc(C(=O)N(Cc2cccnc2)C2CC2)cc1,0.8143,5.0,-6.6,-7.5,seed42
CN(C(=O)CSc1ccc(Br)cn1)[C@@H]1CCC[C@@H]1CO,0.8214,4.1822,-6.8,-7.2,seed42
CCOC(=O)C[C@@H](C)CNC(=O)COc1ccccc1C,0.7453,3.8814,-6.7,-7.3,seed42
Cc1cccc(CCC(=O)NCC(C)(C)O)c1,0.8175,3.8257,-6.9,-7.1,seed42
C=CC[NH+](C)CCc1nnnn1-c1ccccc1,0.7223,4.212,-6.9,-7.0,seed42
Nc1cccc(NC[C@H]2CCS(=O)(=O)C2)c1,0.7765,4.1713,-7.0,-6.9,seed42
O=C([O-])C[C@H](Cc1cccc(O)c1)C1(C#N)CCOCC1,0.8724,3.9836,-6.9,-7.0,seed42
CC[S@@](=O)[C@@H]1CCCC[C@@H]1NC(=O)N1CCN(C=O)CC1,0.7704,3.5695,-7.2,-6.7,seed42
CCCn1nc(C(C)C)c2c1n1nc([S-])n1Cc1[nH+]ccn1CC2,0.6765,4.9819,-7.5,-6.4,seed42
C[NH+](CCC1C[C@@H]2CC[C@H](C1)[NH2+]2)C1(C#N)CCCCC1,0.7774,4.7664,-6.8,-7.1,seed42
C[C@H](CNc1cn[nH]c(=O)n1)Cc1ncnn1C,0.7462,3.9994,-7.1,-6.8,seed42
COC(=O)c1ccc(C(=O)N(C)CC(=O)NC(C)C)cc1,0.8237,3.8523,-6.6,-7.3,seed42
Cc1cc(C(=O)Nc2cccnc2OCC(C)C)on1,0.9073,4.482,-6.3,-7.6,seed42
CC(C)(C)c1nnc(N2CCC(OCC#N)CC2)c(=O)[nH]1,0.8913,3.9935,-6.6,-7.3,seed42
CCC(=O)Nc1cccc(NCc2ccsc2)c1,0.8601,4.5457,-6.9,-6.9,seed42
CCOc1ccc(NCc2cnc(N(C)C)s2)c(C)c1,0.8832,4.3673,-6.8,-7.0,seed42
C=CCN(CC(=O)[O-])C(=O)NC1(C#N)CCCCCC1,0.5864,3.145,-6.6,-7.2,seed42
[NH3+]CCC(=O)N1CCc2cc(C(=O)[O-])ccc2C1,0.7108,4.623,-6.9,-6.9,seed42
CCN(Cc1ccccc1O)C(=O)NCC(C)(C)C[NH+](C)C,0.7062,3.6395,-6.7,-7.1,seed42
C/C(=N/O)C(C)(C)[N-]c1cc(Br)ccc1F,0.5049,3.3944,-7.1,-6.7,seed42
CNC(=S)N(Cc1ccc(F)cc1)C1CCCCC1,0.8536,4.2413,-7.0,-6.8,seed42
O=C([O-])c1ccc(N2CCNC2=O)cc1,0.7123,4.4386,-6.7,-7.0,seed42
CCN(C(=S)Sc1ccc(F)cc1)[C@H]1CCS(=O)(=O)C1,0.6279,3.866,-6.9,-6.8,seed42
CCCCCC(C)(C)CNc1ccc(C(C)=O)cc1C,0.5206,3.6983,-6.9,-6.8,seed42
C[C@H]1CC[C@H](C)N(C(=O)c2csc(C#CC#N)c2)C1,0.7378,3.8918,-6.6,-7.1,seed42
CN(CCCn1cc[nH+]c1)C(=O)c1cccnc1N,0.847,4.3729,-7.0,-6.7,seed42
CC1CCC(C(=O)O[C@H](C)Cn2cc[nH+]c2)CC1,0.7689,4.2614,-6.7,-6.9,seed42
CCc1noc(CC)c1CNC(=O)N[C@H](C)CC,0.8177,3.5305,-6.5,-7.1,seed42
C[NH+](C/C=C/c1ccc(F)cc1)C[C@H]1CCOC1,0.8335,4.3615,-6.8,-6.8,seed42
CN(C)c1ccc(C(=O)NCCC[NH+]2CCCC2)cc1,0.7447,4.6638,-6.8,-6.8,seed42
COc1cc(C)sc1C(=O)NCc1csc([N+](=O)[O-])c1,0.6795,4.283,-6.6,-7.0,seed42
CN(C(=O)[C@H]1C[C@@H]1[N+](=O)[O-])c1ccc(Cl)c(Cl)c1,0.6344,4.0177,-6.6,-6.9,seed42
C[NH+]1CCC(N2CCC[C@H]2Cn2cncn2)CC1,0.7799,4.6952,-6.9,-6.6,seed42
C[NH2+][C@@H](C=C(C)C)c1ccc(OC(C)C)c(F)c1,0.8012,3.5942,-6.7,-6.8,seed42
CC(C)[C@@H](CO)[NH2+][C@@H]1CS(=O)(=O)c2ccccc21,0.8147,4.1111,-6.6,-6.9,seed42
CC(=O)N1CCc2cc(C(=O)Nc3cc4c(cc3Cl)NC(=O)N(C)C4=O)ccc21,0.6716,5.0,-10.3,-10.6,seed123
Cc1ccc(C)c(-c2nnc(SCc3cc(=O)oc4ccc(OC(F)F)cc34)o2)c1,0.3012,5.0,-9.7,-10.8,seed123
Cc1ccc(C(=O)Nc2sc3c(c2C(N)=O)CCN(C(=O)Nc2ccccc2)CC3)cc1,0.5609,5.0,-9.7,-10.7,seed123
Cc1[nH]c(S[C@H](C)c2nc3ccccc3c(=O)[nH]2)nc(=O)c1Cc1ccccc1,0.3903,5.0,-9.6,-10.6,seed123
O=C(NC1(c2nc(-c3cc(F)c(F)c(F)c3)no2)CC1)c1ccccc1,0.7234,5.0,-9.2,-10.7,seed123
O=C1CCc2c1nc(NNC(=O)c1ccccc1Cl)n2Cc1ccccc1Cl,0.615,5.0,-9.4,-10.4,seed123
COc1cccc(-n2cc(CNC(=O)C3CCN(S(=O)(=O)c4ccc(C)cc4)CC3)nn2)c1,0.5692,5.0,-9.6,-10.0,seed123
NC(=O)[C@@H]1CN(C(=O)Nc2cccc(OC3CCCC3)c2)c2ccccc2O1,0.8497,5.0,-10.0,-9.6,seed123
O=C(CN1C(=O)NC2(CCC1)Oc1ccc(C(F)(F)F)cc1C2)N1CCCCC1,0.8134,5.0,-9.1,-10.5,seed123
CCOc1ccc([N-]S(=O)(=O)c2cccc(C(=O)Nc3cccc4cnccc34)c2)cc1,0.4163,5.0,-9.4,-10.2,seed123
COc1ccccc1NC(=O)c1cccc(N2C(=O)C(=O)c3ccccc32)c1,0.7069,5.0,-9.6,-10.0,seed123
O=C(Nc1cccc(O)c1)c1cccc(S(=O)(=O)Nc2cccc(F)c2)c1,0.6245,5.0,-9.5,-10.0,seed123
Fc1ccccc1[C@H](NCc1[nH+]ccn1Cc1ccccc1)c1c(F)cccc1F,0.4744,5.0,-9.9,-9.5,seed123
Cc1cc(C)cc(C2=CCN(C(=O)[C@@H]3N=NC4=C3CCC4)CC2)c1,0.8052,5.0,-9.2,-10.2,seed123
CCCCc1c(C(=O)NCc2cc(=O)[nH]c3ccccc23)sc2ccccc12,0.4858,5.0,-9.3,-10.0,seed123
O=C(NCc1cccc(F)c1)c1nc(-c2cccc(C(F)(F)F)c2)no1,0.7139,5.0,-8.9,-10.4,seed123
O=S(=O)(/N=C(\[O-])COc1ccc2c(c1)CCCC2)c1cccc(F)c1,0.6035,4.9547,-9.4,-9.8,seed123
Cc1onc(-c2ccccc2Cl)c1C(=O)Nc1cccc(OCc2cc[nH]c2)c1,0.4442,5.0,-9.0,-10.0,seed123
Cc1ccc(NC(=O)[C@H](C)S(=O)(=O)c2nnc(C3CCCCC3)s2)c(C)c1,0.809,4.8904,-8.8,-10.2,seed123
CC(=O)Nc1ccc(S(=O)(=O)N2CCC(c3nc4ccccc4s3)CC2)cc1,0.7025,5.0,-9.5,-9.4,seed123
C[C@]1(c2ccc(Cl)cc2)NC(=O)N(CC(=O)NCc2ccc3c(c2)OCO3)C1=O,0.7292,5.0,-9.0,-9.9,seed123
Cc1ccc(CN2C[C@H](C(=O)NCc3ccc4c(c3)OCCO4)CC2=O)cc1,0.8652,5.0,-9.0,-9.9,seed123
O=C(NC1CCCC1)c1cccc(NC(=O)c2ccccc2[N+](=O)[O-])c1,0.6341,5.0,-9.2,-9.7,seed123
CN1C(=O)c2ccccc2Sc2cc(NCc3ccccc3)c(=O)[nH]c21,0.7442,5.0,-9.0,-9.9,seed123
N#Cc1ccc(OC(=O)c2cccc(NC(=O)c3ccccc3F)c2)cc1,0.5594,5.0,-9.0,-9.8,seed123
O=C(Nc1cccc(Cl)c1)Nc1cccc(S(=O)(=O)/N=C2/CCCN2)c1,0.7414,4.9133,-8.8,-10.0,seed123
C[C@@H]1CC[C@@H]2C(=O)N(c3ccc(-c4ccccn4)cc3)C(=O)[C@H]12,0.8,5.0,-8.8,-9.9,seed123
Cc1nn(-c2ccccc2)c(C)c1NC(=O)C(=O)N[C@H](C)CCc1ccccc1,0.632,5.0,-8.9,-9.8,seed123
O=C(NCc1ccccc1F)c1cnn2c(-c3ccccc3)ccnc12,0.6155,5.0,-8.8,-9.9,seed123
C[C@H]1CCC[C@H](C)N1C(=O)c1cccc(-c2ccccc2)c1,0.7817,5.0,-9.0,-9.7,seed123
CCOC(=O)c1ccccc1NC(=O)c1cccc(-c2noc(C3CC3)n2)c1,0.6516,5.0,-9.2,-9.5,seed123
CC(C)CNC(=O)NC(=O)C1=CN(c2cccc(F)c2)C(=O)N(C)C1=O,0.8386,4.3365,-9.1,-9.6,seed123
C[C@H](Sc1ccccc1)c1nc(-c2ccc(Cl)c(C(N)=O)c2)no1,0.6849,4.871,-9.0,-9.6,seed123
Cc1ccc(C(=O)N(C)c2ccc(NC(=O)c3cccs3)cc2)cc1C,0.7162,5.0,-9.3,-9.3,seed123
O=C(NCc1ccc(F)cc1C[NH+]1CCOCC1)c1cc2cc(Cl)ccc2o1,0.6881,5.0,-8.9,-9.7,seed123
C[C@@H](NC(=O)[C@@H]1CC(=O)N(c2cccc(Cl)c2)C1)C(=O)Nc1ccccc1,0.8302,5.0,-9.0,-9.6,seed123
O=C(Nc1nnc(CCc2c[nH]c3ccccc23)s1)c1ccc([N+](=O)[O-])cn1,0.3813,5.0,-8.9,-9.7,seed123
COC(=O)c1c(/N=C/c2cccc([N+](=O)[O-])c2)oc2c1/C(=N/NC(N)=S)c1ccccc1-2,0.1552,5.0,-9.0,-9.6,seed123
Cc1cc(C)c(NC(=O)[C@H]2CC(=O)N(C3CCCCC3)C2)c(C)c1,0.9189,5.0,-8.7,-9.9,seed123
CC(C)C[C@@H]1CCN(C(=O)c2nc(-c3cccnc3)nc3ccccc23)CC1,0.6701,5.0,-9.3,-9.2,seed123
CC(=O)Nc1ccc(C(=O)OCC(=O)N2CCc3cc(F)ccc3C2)cc1,0.8395,5.0,-8.6,-9.9,seed123
CC(C)Oc1ccc2c(C(=O)N(C)CCCc3ccccc3)cc(=O)oc2c1,0.5749,5.0,-9.2,-9.3,seed123
COc1cccc(NC(=O)CCc2nc3ccccc3c(=O)n2-c2ccccc2)c1OC,0.4806,5.0,-9.2,-9.3,seed123
NS(=O)(=O)c1cccc(S(=O)(=O)N[C@@H](c2ccccc2)c2ccc(F)cc2)c1,0.639,4.8592,-9.3,-9.1,seed123
O=[N+]([O-])c1ccc(S(=O)(=O)NCC[NH+]2CCc3[nH]c4ccccc4c3C2)cc1,0.4227,5.0,-9.1,-9.3,seed123
O=C(Nc1ccccc1NC(=O)N1CCc2sccc2[C@@H]1C1CC1)c1ccc(F)cc1,0.5538,5.0,-10.1,-8.3,seed123
Cc1nnc(-c2ccccc2NC(=O)N2C[C@H]3CC=CC[C@H]3C2)o1,0.8586,5.0,-8.7,-9.7,seed123
Cc1cc(NC(=O)NNc2ncc3c(n2)CCCC3)ccc1Cl,0.7524,5.0,-8.8,-9.6,seed123
Cc1cc2c(cc1C)O[C@H](C(=O)N(C)Cc1ccc3c(c1)OCO3)C2,0.8625,5.0,-8.5,-9.9,seed123
C[C@@H]1CCCCN1C(=O)CSc1nc2c(c(=O)[nH]1)[C@@H](C)CN2Cc1ccccc1Cl,0.5541,5.0,-9.4,-8.9,seed123
COc1ccc(C2=NN(C(=O)COC(=O)c3cccc(C(F)(F)F)c3)C2)cc1,0.7336,4.9809,-8.5,-9.8,seed123
O=C1CSc2ccc(C(=O)NC[C@H]3COc4ccccc4O3)cc2N1,0.8825,5.0,-8.8,-9.5,seed123
C[C@H](C(=O)N1CCOc2ccccc2C1)c1c[nH]c2ccc(Br)cc12,0.692,5.0,-8.5,-9.8,seed123
O=C(NC[C@@H](c1ccc(Cl)cc1)c1ccc(F)cc1)N(Cc1ccc(O)cc1)C1CC1,0.4975,5.0,-9.3,-9.0,seed123
Cc1ccc([C@@H](CNC(=O)Nc2cc(C(C)(C)C)on2)N2CCOCC2)cc1,0.8224,4.9223,-9.2,-9.1,seed123
COc1ccc(NC(=O)N2CCC3(CC2)Nc2ccccc2N(C)C3=O)cc1,0.8394,5.0,-8.6,-9.7,seed123
CCOc1ccc2nc(NC(=O)c3c[nH]nc3-c3ccc(NC(C)=O)cc3)sc2c1,0.4301,5.0,-8.9,-9.3,seed123
COc1ccc(-n2nc(C(=O)NCc3ccc4c(c3)OCO4)cc2C#N)cc1C,0.7193,5.0,-8.8,-9.4,seed123
O=C(CS(=O)(=O)c1ccccc1)N1CCC(c2nc3ccccc3s2)CC1,0.6725,5.0,-8.6,-9.6,seed123
CN(Cc1ccc(F)cc1)C(=O)c1ccc(/N=C(/Nc2ccccc2)N2CCOCC2)cc1,0.4622,5.0,-8.9,-9.2,seed123
Cc1ccccc1-c1cc(NC(=O)[C@H]2CSC(=O)N2)ccc1F,0.9045,4.9708,-8.4,-9.7,seed123
COc1cc(Br)ccc1[C@@H]1C(C#N)=C(N)Oc2ccc(S(=O)(=O)Nc3ccc(F)cc3)cc21,0.498,5.0,-9.0,-9.1,seed123
CC1(C)CN(C(=O)c2cccc(Br)n2)C[C@H]1C(=O)N1CCN(c2ccccc2)CC1,0.6453,5.0,-8.5,-9.6,seed123
CC(C)C[C@@H](Cc1ccccc1)NC(=O)C(=O)Nc1cnc(-c2ccccc2)s1,0.5657,4.9422,-8.2,-9.9,seed123
COc1ccc([C@H](C)NC(=O)N[C@@H]2CCCC[C@@H]2OC2CCCC2)cc1F,0.768,5.0,-8.8,-9.2,seed123
O=C(C[C@@]1(O)C(=O)N(Cc2ccccc2F)c2ccccc21)c1ccccc1,0.6897,5.0,-9.0,-9.0,seed123
C[C@@H](NC(=O)N1CCN(C(=O)NC2CCCC2)CC1)c1ccc(-c2ccccc2)s1,0.7583,5.0,-8.8,-9.2,seed123
CCOC[C@H]1CCN(C(=O)c2ccc(N3NC(=O)Nc4ccc(F)cc43)cc2)C1,0.8084,5.0,-8.5,-9.5,seed123
COc1ccc(NCc2nnc3n2CCN(Cc2cccc(F)c2)CC3)cc1F,0.6898,5.0,-8.8,-9.2,seed123
CC(=O)c1cc(S(=O)(=O)NCCC2=CCCCC2)c2ccccc2[nH+]1,0.636,4.9305,-8.9,-9.0,seed123
O=C(c1ccccc1)N1CCC(NC(=O)N2CC(C3CCCC3)C2)CC1,0.9056,5.0,-8.8,-9.1,seed123
Cc1cc(S(=O)(=O)NCc2n[nH]c(-c3cccnc3)n2)ccc1N1CCOCC1,0.6282,5.0,-8.8,-9.1,seed123
Cc1noc(CN2CCN(C(=O)[C@@H]3CC(=O)N(c4ccccc4C#N)C3)CC2)n1,0.7597,5.0,-8.7,-9.2,seed123
CS(=O)(=O)N1CCN(C(=O)c2cc(-c3ccccn3)n(-c3ccccc3)n2)CC1,0.6514,5.0,-9.0,-8.9,seed123
N#CCCN(Cc1ccccc1)C(=O)[C@@H]1CC(=O)N(CCc2ccccc2)C1,0.7124,4.8443,-8.4,-9.4,seed123
CC(=O)c1ccc(S(=O)(=O)Nc2ccc(NC(=O)c3ccoc3C)cc2)cc1,0.6138,4.9917,-8.8,-9.0,seed123
Cc1cc(C)nc(N2CCN(C(=O)[C@H](C)NS(=O)(=O)c3ccc(Cl)cc3)CC2)n1,0.7653,5.0,-8.5,-9.3,seed123
C[C@@H]1Sc2ccc(C(=O)N(C)c3ccc(Cl)c(Cl)c3)cc2NC1=O,0.8203,4.734,-8.3,-9.5,seed123
Cc1ccc(NCC(=O)Nc2ccccc2C(=O)C(C)C)cc1C,0.7833,4.5443,-8.5,-9.3,seed123
COc1ccc([C@H]2[C@@H]3[NH+]=c4ccc(O)cc4=C3N=C(O)CN2C(=O)C2(C#N)CCC2)c(OC)c1,0.5801,5.0,-9.2,-8.6,seed123
O=C(CCn1c(=O)oc2ccccc21)NNc1ccc(F)c(F)c1,0.7032,4.9822,-8.7,-9.1,seed123
CCc1ccc(-c2csc(NC(=O)Cc3ccc([N+](=O)[O-])cc3)n2)cc1,0.5147,5.0,-8.6,-9.2,seed123
Cc1cnc2c(c1)n(CC(N)=O)c(=O)n2CC(=O)NCc1ccccc1,0.6639,5.0,-8.7,-9.1,seed123
Cc1ccc2cccc(Oc3ncnc(N4CCO[C@@H](C)C4)c3[N+](=O)[O-])c2[nH+]1,0.5045,5.0,-8.1,-9.7,seed123
Cc1cc(I)ccc1NC(=O)/C=C/c1c(Cl)nc2ccccn12,0.4825,4.767,-8.4,-9.3,seed123
Cc1cc(NC(=O)CSc2nc3sc4c(c3c(=O)[nH]2)CCC4)no1,0.5462,5.0,-8.6,-9.1,seed123
O=C(COC(=O)c1ccc(S(=O)(=O)N2CCOCC2)cc1)Nc1ccc(F)cc1,0.7105,5.0,-8.5,-9.1,seed123
O=C1CCN(C(=O)COc2cccnc2Cl)c2ccccc2N1,0.8771,5.0,-8.7,-8.9,seed123
COC(=O)c1ccc(Cl)c(NC(=O)c2ccc(-c3cn[nH]c3)cc2)c1,0.6976,5.0,-8.4,-9.2,seed123
Cc1c(C(=O)N(C)Cc2ccccc2C)nnn1-c1ccccc1,0.7418,5.0,-7.7,-9.9,seed123
CCc1nc2n(n1)CCC[C@@H]2Nc1ccn(-c2ccccc2)n1,0.8047,5.0,-8.6,-9.0,seed123
O=C1N[C@]2(Cc3ccccc3O2)C(C(=O)NC2CCCCC2)N=C1c1ccc(Cl)cc1,0.7718,5.0,-9.0,-8.6,seed123
CC(=O)Nc1ccc(CC(=O)N[C@H]2c3ccccc3C[C@@H]2C)cc1,0.9077,5.0,-8.3,-9.3,seed123
Cn1ncc(S(=O)(=O)NCc2ccc3c(c2)OCO3)c1-c1ccc(F)cc1,0.7248,5.0,-8.2,-9.4,seed123
O=C(NCCCN1CCCCCC1=O)N(Cc1ccccc1)c1ccccn1,0.7467,5.0,-8.6,-9.0,seed123
CC(=O)c1ccc(NC(=O)N2CCN(Cc3ccc(Cl)cc3)CC2)cc1,0.8293,5.0,-8.1,-9.4,seed123
CC(C)(C)c1cc(NC(=O)Cn2nc3cccnc3n2)n(-c2ccccc2)n1,0.5922,5.0,-8.4,-9.1,seed123
C[C@@H](CNC(=O)Nc1ccc(-n2ncc3c(C)nn(C)c23)nn1)C(=O)[O-],0.6183,4.7914,-8.3,-9.2,seed123
COc1ccc(-c2nc(SCC(=O)c3ccc(C)c(C)c3)no2)cc1,0.4846,5.0,-8.0,-9.5,seed123
Cc1cccc(OCCCC(=O)N2CCC[C@H]2c2cccc(F)c2)c1,0.7155,5.0,-8.4,-9.1,seed123
Cc1nc(C2CCN(C(=O)NCCc3ccccc3F)CC2)no1,0.9342,5.0,-8.4,-9.1,seed123
C[C@@H](CCc1ccco1)NC(=O)NCC1(c2ccc(F)cc2)CCOCC1,0.7751,4.8607,-8.9,-8.6,seed123
CCn1c(CN2CC[NH+]([C@H]3CCN(C(=O)C4CCC4)CC3)C2)nc2ccccc21,0.8333,5.0,-8.0,-9.5,seed123
O=C(NC[C@@H](c1ccc2c(c1)OCO2)N1CCCCCC1)OCCS(=O)(=O)c1ccccc1,0.6254,5.0,-8.4,-9.1,seed123
COc1ccc(CNC(=O)N2CCC[C@@H]2c2ccc(Cl)c(F)c2)cc1,0.8674,5.0,-8.4,-9.1,seed123
Cc1cccn2c(=O)cc(CN(C)Cc3ccc(C(N)=O)cc3)nc12,0.7693,5.0,-8.8,-8.7,seed123
Cc1ccc(N(Cc2ccccc2[N+](=O)[O-])[C@@H]2CCS(=O)(=O)C2)c(Cl)c1,0.5695,4.7106,-8.6,-8.8,seed123
CC(=O)Nc1ccc(Cl)c(NC(=O)c2cccc(NC(C)=O)c2)c1,0.792,4.7255,-8.5,-8.9,seed123
COc1ccccc1NC(=O)[C@@H](C)Sc1nnc(Cc2ccc(Cl)cc2)n1N,0.4518,4.9808,-8.4,-9.0,seed123
C[C@@H](C(=O)Nc1ccc(CNC(N)=O)cc1)c1cccc(F)c1,0.7924,4.4947,-8.5,-8.9,seed123
c1ccc(C[C@@H]2CCC[C@H]2[NH2+]C[C@@H]2CN3CCCC[C@@H]3CO2)cc1,0.8973,5.0,-8.5,-8.8,seed123
Cc1ccc2[nH]c3c(c2c1)CCC[C@H]3N[C@@H]1CC[NH+]2CCCC[C@H]12,0.7796,5.0,-8.3,-9.0,seed123
CCOC(=O)c1ccc(N[C@H]2CC(=O)N(c3ccc(Cl)c(C(F)(F)F)c3)C2=O)o1,0.5719,4.8911,-7.9,-9.4,seed123
O=C(NC1=NCCS1)c1ccc(OCc2ccc(F)cc2F)cc1,0.9216,4.9455,-8.4,-8.9,seed123
CCn1cc(Br)c(CNC(=O)Cn2c(=O)n(C)c3cc(C)c(C)cc32)n1,0.6884,4.8946,-8.3,-9.0,seed123
CC(=O)N1CCCN(C(=O)c2cn(-c3ccccc3C)nn2)CC1,0.8327,5.0,-8.2,-9.1,seed123
Cn1c(=O)c2c(nc(N3CCN(Cc4ccccc4)CC3)n2Cc2ccco2)n(C)c1=O,0.4724,5.0,-8.8,-8.4,seed123
C[C@H](NS(=O)(=O)c1ccc(CC#N)cc1)c1nc2cc(Cl)ccc2n1C,0.7256,4.8202,-8.3,-8.9,seed123
CC[C@H](c1ccccc1)N(C)C(=O)Nc1ccccc1-n1nc(C)cc1Br,0.5799,4.8693,-8.5,-8.7,seed123
Cc1cccc(C(=O)/C(C#N)=C/c2cccc([N+](=O)[O-])c2)c1C,0.2808,4.1102,-8.0,-9.2,seed123
O=C(C[C@H](O)c1ccccc1)Nc1nc2ccc(Br)cc2s1,0.7191,5.0,-8.6,-8.5,seed123
COC(=O)CNC(=O)c1nn(-c2ccccc2C)c(=O)c2sccc12,0.7173,5.0,-8.4,-8.7,seed123
CCc1ccc2nc(N(C[C@H]3CCCO3)C(=O)CC(C)C)sc2c1,0.7776,4.9546,-8.3,-8.8,seed123
C[C@@H]1CCC[C@H](NC(=O)C(=O)Nc2cc(S(C)(=O)=O)ccc2Cl)[C@H]1C,0.7808,4.3013,-8.0,-9.1,seed123
Cc1nc(-c2n[nH]c3c2C[C@@H](CC(=O)NC2CC2)C3)c2c(C)c(C)[nH]c2n1,0.6626,5.0,-9.0,-8.0,seed123
C/C(=N\NC(=O)c1ccc([N+](=O)[O-])cc1)c1cccc(O)c1,0.5136,4.2415,-8.2,-8.8,seed123
O=C(NC(=S)Nc1ccnc2[nH]ncc12)c1ccc([N+](=O)[O-])cc1,0.3773,4.7426,-8.2,-8.8,seed123
CC[C@@H](C)[C@@H](C)N(C(=O)CCCn1c2ccccc2c(=O)c2ccccc21)CCC,0.4336,4.8818,-8.1,-8.9,seed123
C[C@H]1CCC[C@@H](C[NH2+][C@@H]2CCc3ccccc3[C@@H]2O)C1,0.8725,4.9701,-8.5,-8.5,seed123
CC(C)(C)CNC(=O)[C@@H](Cc1c[nH]c2ccccc12)NC(=O)C(F)(F)F,0.7582,4.1526,-8.3,-8.7,seed123
O=C(COc1ccccc1)Nc1cccc(OCc2ccccc2)c1,0.7018,5.0,-8.3,-8.7,seed123
O=C(CSc1nccc(=O)[nH]1)N/N=C/c1cc([N+](=O)[O-])ccc1[O-],0.2446,4.1199,-8.1,-8.9,seed123
COC(=O)[C@H]1CN(C(=O)Nc2ccc(Oc3ccccc3C#N)cc2)C[C@H]1C,0.8193,4.9341,-8.3,-8.7,seed123
Cc1nsc(N2CCCN(C(=O)c3ccc(-n4cccc4)cc3)CC2)n1,0.7141,5.0,-8.4,-8.5,seed123
C[C@H]1Cc2ccccc2N1CC(=O)NCc1cccc(Cl)c1,0.9377,5.0,-8.0,-8.9,seed123
COc1cc(C(=O)NCc2ccc(C[NH+]3CCCCC3)cc2)cc(OC)c1OC,0.7146,5.0,-8.5,-8.4,seed123
CCCn1nc(C(=O)NC2(C(N)=O)CCCCC2)c2cc(OC)c(OC)cc2c1=O,0.7081,4.9451,-8.6,-8.3,seed123
CCCc1c(C(=O)N2CCC[C@H]2COC)cnn1-c1nc2c(c(=O)[nH]1)CCC2,0.8161,5.0,-8.5,-8.4,seed123
N#CCc1ccc(NCC(=O)NCc2cccc3cccnc23)cc1,0.7281,4.9234,-8.0,-8.9,seed123
CCc1ccc2oc(-c3ccc(NC(C)=O)cc3[N+](=O)[O-])nc2c1,0.5787,5.0,-7.8,-9.1,seed123
C[C@H](NC(=O)CC1(O)CCCCC1)c1cc(=O)[nH]c2ccccc12,0.8069,4.9544,-8.2,-8.7,seed123
O[C@@H](Cc1c[nH]c2ccc(F)cc12)c1ccc(Cl)c(F)c1,0.7401,4.8795,-8.4,-8.5,seed123
CCCc1cc(C(=O)Nc2ccc(OCc3cccnc3)c(C)c2)[nH]n1,0.6772,5.0,-8.0,-8.8,seed123
CCCn1ncc(C(=O)N2CCC[C@H](c3cc4c(cc3CC)COC4)C2)c1C#N,0.7764,5.0,-8.3,-8.5,seed123
O=C(NC[C@H](O)c1ccccc1)Nc1ccc(Cl)c(C(F)(F)F)c1,0.7662,4.4337,-8.0,-8.8,seed123
O=C(NCCCn1cc[nH+]c1)Nc1cccc(C(=O)N2CCCC2)c1,0.7844,5.0,-8.5,-8.3,seed123
CC1(C)C[C@@](C#N)(C(=O)c2cccc([N-]S(C)(=O)=O)c2)c2ccccc21,0.7646,4.4736,-8.5,-8.3,seed123
Cc1cccc(O[C@@H](C)C(=O)N(Cc2ccccc2)Cc2ccco2)c1,0.6267,5.0,-8.2,-8.6,seed123
CNC(=O)c1cccc(/N=C\c2cc(C)ccc2O)c1,0.8408,4.2579,-8.2,-8.6,seed123
CS(=O)(=O)c1cnc(C2CC[NH+](Cc3cc(Cl)cc(Cl)c3Cl)CC2)nc1,0.7501,4.922,-8.1,-8.7,seed123
Cc1cc(C)nc(N2CCC(c3ccccc3)CC2)n1,0.8339,5.0,-8.1,-8.7,seed123
COc1ccc(S(=O)(=O)c2cccnc2)c(C)c1NC(=O)c1ccccn1,0.7274,5.0,-8.7,-8.1,seed123
Cc1cncc(NC(=O)C(=O)NCc2ccc(-n3ccnc3)c(Cl)c2)c1,0.6913,5.0,-8.0,-8.7,seed123
O=C1CN(c2ccc(NC(=O)[C@@H](c3cccs3)N3CCOCC3)cc2N2CCCOC2)CC1,0.6959,5.0,-7.8,-8.9,seed123
COC(=O)COc1ccc2c(c1C)O/C(=C/c1ccc(Cl)cc1)C2=O,0.6139,4.8808,-8.1,-8.6,seed123
Cc1nc([S-])sc1CC(=O)Nc1nc(-c2cccnc2)ccc1[O-],0.7198,5.0,-8.0,-8.7,seed123
C[C@@H](Sc1nnc(-c2ccccc2)s1)C(=O)N1CCN(c2nccs2)CC1,0.5924,5.0,-8.1,-8.6,seed123
CC(=O)N1C[C@@H](C)[NH+](C2CCN(CCCc3ccccc3)CC2)C1,0.8779,5.0,-8.0,-8.7,seed123
COc1cc(CN2CCN(c3nc(C)cc(C)n3)CC2)ccc1O,0.9276,5.0,-8.2,-8.5,seed123
CCOC(=O)c1cccc(NCc2ncc(-c3cccc(F)c3)o2)n1,0.6895,5.0,-8.1,-8.6,seed123
CCOc1ccc([C@@H](C)[NH+](C)Cc2csc(N(C(C)=O)c3ccc(F)cc3)n2)cc1,0.5866,4.9398,-8.3,-8.3,seed123
Clc1cccc(-c2nnc(-c3cccc(Cl)c3)o2)c1,0.686,5.0,-8.1,-8.5,seed123
CCOCc1ccc(C(=O)NC(=S)Nc2ccc(Cl)c(C(=O)[O-])c2)cc1,0.7345,4.4483,-7.9,-8.7,seed123
CCCC1=NN(c2ccc(C)cc2)C(=O)/C1=C\NC[C@@H]1CCCO1,0.8167,4.6973,-8.1,-8.5,seed123
CCNc1nnc(S[C@H](C(=O)N2CCCC2)c2ccccc2)n1-c1ccc(OC)cc1,0.5336,5.0,-9.0,-7.6,seed123
COCCCN1NC(=O)[C@@H](CC(=O)Nc2cccc([N+](=O)[O-])c2)S/C1=N\c1ccc(Br)cc1,0.2832,4.652,-8.4,-8.2,seed123
CCN(CC)C(=O)C1CCN(c2ccc(-c3noc(C4CC4)n3)c[nH+]2)CC1,0.7808,5.0,-8.1,-8.5,seed123
C[C@@H](c1nc(-c2ccccc2)no1)N(CCn1cccn1)C(F)(F)F,0.6362,4.5326,-8.1,-8.5,seed123
Cc1ncccc1NC(=O)C(=O)NCc1cccc(C[S@](C)=O)c1,0.8045,4.1281,-8.1,-8.5,seed123
C[C@@H]1CCN(C(=O)CN2C(=O)COc3ccc([N+](=O)[O-])cc32)C[C@@H]1O,0.6297,4.8693,-8.1,-8.5,seed123
CC(C)Cn1c(C2CCN(C(=O)[C@@H](O)CC3CCC3)CC2)nc2ccccc21,0.8216,5.0,-8.0,-8.6,seed123
CCC[C@H](Cc1ccccc1)Nc1ncnn1-c1ccc(OC)c(OC)c1,0.6175,4.9695,-8.2,-8.4,seed123
C[NH+](C)[C@@H]1CC[C@@H](NC(=O)C(=O)N(Cc2ccccc2)C[C@H](O)C2CCCCC2)C1,0.5838,4.8846,-8.9,-7.6,seed123
CC(C)NC(=O)c1cccc(CN2CCCC3(C2)OCCO3)c1,0.9242,5.0,-7.9,-8.6,seed123
C[C@H](CNC(=O)[C@H](C)N1CCOCC1)[NH+]1CCc2ccccc2C1,0.7886,5.0,-7.6,-8.9,seed123
COc1ccc(S(=O)(=O)NCC(=O)N2[C@H]3CCCC[C@H]2C3(C)C)cc1OC,0.7965,4.9942,-7.7,-8.7,seed123
CC(C)(CNC(=O)N1CCOC(C)(C)C1)c1ccccc1,0.9298,4.2258,-8.1,-8.3,seed123
CC1CCC(N2CCN(Cc3ccc(Cl)c(F)c3)CC2)C(=O)O1,0.792,5.0,-7.9,-8.5,seed123
C[C@@H]1C[C@H]1C(=O)N1CCN([C@H]2CC[NH+](Cc3ccccc3)C2)CC1,0.8787,5.0,-7.8,-8.6,seed123
Cc1ccc(C(=O)CSc2nnc(C3CC3)n2C)c(C)c1,0.6279,5.0,-7.8,-8.6,seed123
O=C([C@@H]1CCCC1=O)N1CCO[C@H](c2ccccc2)C1,0.7738,4.9284,-7.6,-8.8,seed123
COc1cc(CCNC(=O)N2CC[NH+](Cc3ccc(Cl)s3)CC2)c(OC)cc1Cl,0.6699,5.0,-7.7,-8.7,seed123
Cc1noc([C@H]2CCCN2S(=O)(=O)c2ccccc2)n1,0.8636,4.945,-8.3,-8.1,seed123
Cn1cc(NC(=O)C2CCN(S(=O)(=O)c3ccc(Cl)s3)CC2)cn1,0.8694,4.9613,-7.8,-8.6,seed123
CCC1(C)CCN(C(=O)Nc2ccccc2N2CCOCC2)CC1,0.9208,5.0,-8.3,-8.1,seed123
CCOC(=O)c1ccc(NC(=O)[C@@H](C)Oc2ccc(CC)c(OC)c2)cc1,0.7139,4.5646,-7.7,-8.7,seed123
FC(F)(F)c1ccc(-c2cnc(-c3cnccn3)o2)cc1,0.72,4.8034,-8.3,-8.1,seed123
Cc1cccc([N-]S(=O)(=O)c2cc(C)c(C)c(Br)c2C)c1,0.7599,4.4321,-7.8,-8.5,seed123
O[C@@H](Cc1nc(-c2cccc(Cl)c2)no1)c1ccccn1,0.8016,4.8606,-7.8,-8.5,seed123
Cc1cccc(C)c1N[C@@H](C)C(=O)NCC1CCCCC1,0.865,4.5599,-7.9,-8.4,seed123
CCC[C@@H]1[C@H](C)CCCN1C(=O)c1ccnc(OC2CCCCC2)c1,0.7678,5.0,-7.9,-8.4,seed123
COc1cccc([C@@H]2NC(=O)NC3=C2C(=O)O[C@@H](c2ccccc2)C3)c1OC,0.7967,5.0,-8.8,-7.5,seed123
COc1ccc(OC)c(NC(=O)N(C)CC(=O)c2ccc(F)cc2)c1,0.8159,4.5171,-7.6,-8.7,seed123
C[NH+](Cc1ccccn1)Cc1ccc(C(=O)N2CCN(C)C[C@@H]2C(N)=O)cc1,0.7081,5.0,-8.1,-8.2,seed123
O=C(Nc1cccc(Cl)c1)c1csc(-c2ccoc2)n1,0.7842,4.9924,-7.8,-8.4,seed123
O=C(Cc1ccc(Br)s1)Nc1ccc(S(=O)(=O)N2CCOCC2)cc1,0.7683,4.9924,-8.0,-8.2,seed123
Cc1cccc(NC(=O)C(=O)NCCC[NH+]2CCC(C)CC2)c1C,0.5577,4.6291,-7.7,-8.5,seed123
O=C(Nc1nc(-c2ccco2)cs1)[C@H]1CCCN1C(=O)c1ccco1,0.7742,5.0,-8.1,-8.1,seed123
O=C(Cc1ccc(-n2cnnn2)cc1)NC1CCCCC1,0.9268,5.0,-8.0,-8.2,seed123
Cc1ccc(Cl)cc1N1CCN(C(=O)CCCSc2ccccc2)CC1,0.5206,5.0,-7.6,-8.6,seed123
Cc1cc(N2CCC[C@H]2C(=O)NC[C@H]2CCCO2)ccc1C(N)=S,0.7964,4.967,-7.9,-8.2,seed123
NC(=O)[C@H]1CN(c2nc(-c3ccc(F)cc3)ns2)C[C@H]1CO,0.8714,4.7596,-7.8,-8.3,seed123
COc1ccc(NC(=O)C[C@H](O)c2ccccc2)cc1[N+](=O)[O-],0.6299,4.4755,-7.8,-8.3,seed123
COc1ccc(CCCC(=O)N2CCC[C@@H]3CCC[C@@H]32)cc1F,0.8223,5.0,-7.4,-8.7,seed123
Cc1cc(NC(=O)N[C@H](C)CCc2ccccc2)no1,0.8791,4.4794,-7.9,-8.2,seed123
C[C@@H](CC(=O)N(C)c1ccc(F)cc1)C(=O)[C@H]1CC=CC[C@@H]1C(=O)[O-],0.735,4.0824,-7.7,-8.4,seed123
Cc1ccc(CC(=O)N(Cc2ccncc2)C2CC2)cc1F,0.8486,5.0,-8.1,-7.9,seed123
C[C@@H](NC[C@](C)(O)c1ccc(F)c(F)c1)c1ccc(N)cc1,0.744,4.1155,-8.0,-8.0,seed123
CCn1c(C[NH+]2CCC(OC[C@@H]3CCCCC3=O)C2)cccc1=O,0.8378,4.838,-7.8,-8.2,seed123
C[C@H]1CC(NC(=O)NCc2nnnn2-c2ccccc2F)C[C@@H]1O,0.7655,4.9127,-7.9,-8.1,seed123
COc1cc([C@H]2Nc3c(C(=O)N(C)C)cccc3s2)ccc1OC,0.9179,4.8073,-8.3,-7.7,seed123
CS(=O)(=O)c1cc(C(=O)O[C@@H]2CCCC[C@H]2CO)ccc1F,0.8534,4.3278,-8.2,-7.8,seed123
Cc1ccc(C(C)C)c[n+]1CC(=O)Nc1cc(C)no1,0.8705,3.9746,-7.7,-8.3,seed123
COC(=O)C1(NC(=O)[C@H]2COc3ccccc3O2)CCCC1,0.8552,4.8623,-7.8,-8.2,seed123
CCCCc1ccc([C@@H](C)C(=O)N2CCc3nncn3CC2)cc1,0.8488,4.8946,-7.3,-8.7,seed123
CC(C)[NH+]1CCC(CNC(=O)c2cccc(C(F)(F)F)n2)CC1,0.8796,4.5691,-7.6,-8.4,seed123
O=C(NC[C@H]1CC[C@@H](C(=O)[O-])O1)c1nc(C2CCCC2)no1,0.7968,4.7343,-7.6,-8.3,seed123
CNS(=O)(=O)CCCNC(=O)C(c1ccccc1)c1ccccc1,0.7167,4.2563,-7.9,-8.0,seed123
CCCCN1C(=O)c2oc3ccc(F)cc3c(=O)c2C1=O,0.8132,4.9436,-7.9,-8.0,seed123
COc1cccc(NC(=O)CSc2nc3ncc(Cl)cc3[n-]2)c1,0.7148,5.0,-7.7,-8.2,seed123
C[C@@H](O)CC(C)(C)CNC(=O)N[C@H]1CCCN(c2ccccc2)C1,0.7499,4.2979,-8.1,-7.8,seed123
CC(C)OCCS(=O)(=O)/N=C(\[O-])Cn1ncc2ccccc2c1=O,0.5081,4.0563,-7.3,-8.6,seed123
CN(C(=O)CCCOc1cc(=O)[nH]c(N)c1)C1CCCCC1,0.7857,4.2565,-7.8,-8.1,seed123
C[C@H](NC(=O)CSc1ccccc1)c1ccc(OC(F)F)cc1,0.7674,4.4033,-7.7,-8.2,seed123
C[C@H]1Cc2cc(C(=O)N3CCN(C(=O)C4CC4)CC3)ccc2N1S(C)(=O)=O,0.7728,5.0,-7.8,-8.1,seed123
COc1cc(OC)c(/C=C2\C[NH+]([C@H](C)C(=O)N3CCCC3)CC2)c(Cl)c1,0.851,5.0,-8.2,-7.7,seed123
O=C([O-])/C=C/c1cc([N+](=O)[O-])ccc1Oc1ccc(Br)cc1,0.4627,4.2411,-7.9,-7.9,seed123
O=C([O-])c1n[nH]cc1-c1ccc(C(F)(F)F)cc1,0.8827,4.1811,-8.0,-7.8,seed123
C[C@@H]1CC[C@H]([NH3+])[C@H](c2nc3ccccc3n2C(F)(F)F)C1,0.8639,4.6372,-7.9,-7.9,seed123
Cc1nn(C)c(C)c1CNC(=O)[C@@H]1CC(=O)N(C)[C@@H]1c1ccc(Cl)cc1,0.8937,4.8807,-8.8,-7.0,seed123
COC(=O)[C@@H](NS(=O)(=O)c1ccc(OC)c(OC)c1)c1ccc(F)c(F)c1,0.7155,4.4065,-7.8,-8.0,seed123
COc1cccc(C(=O)Nc2cc(Cl)ccc2OC(C)C)c1OC,0.8395,4.6143,-7.5,-8.3,seed123
CC1=NCS(=O)(=O)N1c1ccc(NC(=O)c2cccs2)cc1,0.9359,4.4976,-7.4,-8.3,seed123
CCO[C@H](CNc1nc2ccc(C)cc2cc1C(C)C)C(=O)[O-],0.8479,4.3548,-7.9,-7.8,seed123
C[C@H](CN1CCOCC1)[NH2+][C@H]1CCN(C)[C@H](c2ccccc2)C1,0.8825,5.0,-7.5,-8.2,seed123
CCCN(CC(C)C)c1ncnc2c1c(C)nn2-c1cccc(C)c1,0.6725,4.8261,-7.7,-8.0,seed123
C[C@@H]([C@@H](C)c1cccc(F)c1)N(C)c1[nH+]cccc1Cl,0.835,4.1597,-7.7,-8.0,seed123
O=C(CCOCc1ccccc1)N1CC[NH+](C2CCCC2)CC1,0.8018,5.0,-7.1,-8.6,seed123
COc1ccc(F)cc1NC(=O)Nc1ccc(OC(F)F)c(Cl)c1,0.8098,4.4977,-7.5,-8.2,seed123
O=C(COc1ccc(Br)cc1Cl)C(=O)Nc1ccc(Cl)cc1,0.7564,4.4397,-7.7,-8.0,seed123
COC(=O)c1ccc(NC(=O)c2ccc(CSC(N)=O)o2)cc1,0.813,4.1833,-7.7,-8.0,seed123
COc1cc(S(=O)(=O)Nc2ccc(C)cc2)ccc1C,0.9413,4.5874,-7.6,-8.1,seed123
Cc1ccc(N(C)C(=O)c2ncccc2OCC2CC2)c(F)c1,0.8467,5.0,-7.7,-7.9,seed123
CCCNC(=O)Nc1cccc(-c2noc([O-])n2)n1,0.8388,4.4848,-7.7,-7.9,seed123
C[C@H]1CN[C@@H](c2csc3ccccc23)[C@H](C)N1,0.8082,4.4387,-7.7,-7.9,seed123
NS(=O)(=O)[C@H]1CC[C@H](OC(=O)/C=C/c2ccc([N+](=O)[O-])cc2)C1,0.3727,3.9163,-7.7,-7.9,seed123
Cc1n[nH]cc1CN(C)Cc1cccc(CN2CCOC2=O)c1,0.8886,4.8782,-8.1,-7.5,seed123
COc1cc(NC(=O)c2ccc(OC[C@H]3CCCO3)cc2)cc(OC)c1OC,0.747,5.0,-7.5,-8.1,seed123
CC1CCC(NC(=O)CN2C(=O)NC3(CCCC3)C2=O)CC1,0.7765,4.8759,-7.6,-8.0,seed123
CN(Cc1nc(-c2ccsc2)no1)C(=O)c1cc(OC)cc(OC)c1,0.673,4.9734,-7.5,-8.1,seed123
COc1cccc(C(=O)Nc2cc(C)cc(Br)c2)n1,0.9424,4.6121,-7.4,-8.2,seed123
COC(=O)c1ccc(CN(C)Cc2nc3ccccc3s2)cc1,0.6703,5.0,-7.8,-7.8,seed123
CCc1nnc(CSc2ccc(Cl)cc2C(N)=O)n1N,0.6451,4.2189,-7.6,-8.0,seed123
CC(C)C[C@@H]1NC(=O)N(Cc2cccnc2N2CCOCC2)C1=O,0.8248,4.8873,-7.5,-8.1,seed123
O=C(NCc1cccs1)NCc1ccc(Cn2cncn2)cc1,0.73,5.0,-7.6,-8.0,seed123
O=C(NCCSc1ccccc1)Nc1cnccc1C(F)(F)F,0.638,4.3645,-7.4,-8.2,seed123
CC1([C@](C)(O)c2cn(CC(C)C)c3cccc(F)c23)CC1,0.8839,4.5088,-7.5,-8.0,seed123
O=C(NCCc1ccccc1F)[C@@H]1CSCN1C(=O)OC(C)(C)C,0.9033,4.2556,-7.6,-7.9,seed123
Cc1cccc(CN[C@H](C)C[C@H]2CCCOC2)c1C,0.8742,4.3464,-7.5,-8.0,seed123
CCc1ccsc1CNC(=O)C1CCN(C(=O)C2CC2)CC1,0.9063,5.0,-7.1,-8.4,seed123
C[C@H](NC(=S)N/N=C/c1ccncc1)c1ccc(Cl)c(Cl)c1,0.4965,4.1998,-7.5,-8.0,seed123
CCC[NH2+]Cc1ccc(OCc2nn3c(C)ccc3nc2SC)cc1,0.4975,4.7934,-7.7,-7.8,seed123
COc1ccc(NC(=O)[C@H]2CCCN(C(=O)c3ccoc3)C2)c(OC)c1OC,0.8184,5.0,-7.5,-8.0,seed123
Cc1ccc([C@@H]2C[C@@H]2C(=O)[O-])cc1OCc1cnn(C)c1,0.8265,5.0,-7.7,-7.8,seed123
COC(=O)C[C@H](NC(=O)c1nc(C)c(C)[nH]1)c1cccc(Cl)c1,0.8228,4.3831,-7.9,-7.6,seed123
OCC[NH+](CCn1c(=O)[nH]c2ccccc2c1=O)c1cccs1,0.5926,4.9364,-7.9,-7.6,seed123
Cc1nccn1-c1ccc(N2CCC[C@H](C(=O)N(C)C)C2)c(N(C)C)c1,0.8455,4.8981,-7.7,-7.7,seed123
C[C@@H]1C[NH+](C)CC[C@@H]1NC(=O)NCCC(=O)NC1CCCC1,0.5606,4.3657,-7.7,-7.7,seed123
CCCCOc1ccc(C(=O)Nc2ccccc2N)cc1,0.6277,4.6758,-8.0,-7.4,seed123
COc1ccc(C(=O)N2CCCCCCC2)cc1C(F)(F)F,0.8214,4.6415,-7.4,-8.0,seed123
CC(C)[C@@](C)(C#N)NC(=O)c1c[nH]c2nccc(Cl)c12,0.9117,4.0513,-7.6,-7.8,seed123
CCn1c(C)cc(CN2CCO[C@@H](c3sccc3C)C2)c1C,0.8453,4.8188,-7.6,-7.8,seed123
Cc1cc(CN2CCC(NC(=O)NC[C@H]3CCCO3)CC2)no1,0.857,4.9982,-7.6,-7.8,seed123
Cc1ccc(C[NH2+]C[C@@H]2CN(C3CCCC3)C[C@H]2C)cc1,0.8821,5.0,-7.3,-8.1,seed123
C[NH+](C)CCCNC(=O)[C@H]1CCCN(C(=O)c2ccc(Cl)cc2Cl)C1,0.7273,4.6442,-7.8,-7.6,seed123
Cc1cccc(OC(=O)[C@@H](C)Nc2ccccc2Br)c1,0.6738,4.4707,-7.6,-7.8,seed123
COc1cccc([C@@H](C)NC(=O)NCc2ncoc2C)c1,0.8866,4.4292,-7.4,-7.9,seed123
Brc1ccc([C@@H]2C[C@@H](CSCc3nc(C4CC4)no3)C2)nc1,0.737,5.0,-7.5,-7.8,seed123
CCc1nn(C)cc1NC(=O)N[C@@H](C)c1ncc(C(C)(C)C)o1,0.9063,4.1273,-7.7,-7.6,seed123
[NH3+][C@H](Cc1ccc2ccccc2c1)C(=O)[O-],0.7663,4.8504,-7.7,-7.6,seed123
CC(=O)c1cccc(S(=O)(=O)NCC[C@@H](O)c2cccs2)c1,0.7586,4.3239,-7.5,-7.7,seed123
CCC[C@@]1(C)CCCN(C(=O)c2cc(S(C)(=O)=O)ccc2C)C1,0.8455,4.2787,-7.4,-7.8,seed123
CCCN1CC(=O)NC(=O)C[C@@H]1c1ccc(F)cc1F,0.8595,4.3567,-7.5,-7.7,seed123
COc1ccc(OC)c([C@@H](C)NC(=O)N[C@@H]2CC=CCC2)c1,0.8215,4.3997,-7.5,-7.7,seed123
NC(=O)c1ccnc(N2CC[C@@H]([NH+]3CCCC3)C2)c1,0.7663,5.0,-7.3,-7.9,seed123
COc1ccc(N2C(=O)OC3(CC[NH2+]CC3)[C@H]2CC(C)C)cc1,0.9251,4.757,-7.6,-7.6,seed123
COc1ccnc(N[C@@H](C)c2cnc(-c3cccs3)nc2)n1,0.7797,4.8861,-7.2,-8.0,seed123
C[C@H](Sc1ccccc1)C(=O)N[C@H](C)C(=O)N1CCCCC1,0.8487,4.458,-7.4,-7.8,seed123
C[C@@H]1CN(C(=O)c2cc(F)ccc2C(N)=S)CCC[NH2+]1,0.7696,4.4378,-7.4,-7.7,seed123
CCCCN(C)C(=O)c1cc(=O)[nH]c2ccc(Cl)cc12,0.9414,4.4068,-7.4,-7.7,seed123
Cc1nnc(Sc2ccc(NC(=O)NCCN3CCOCC3)c(Cl)c2)s1,0.757,5.0,-7.4,-7.7,seed123
CC[S@](=O)[C@@H]1CCCC[C@@H]1NC(=O)NC[C@@H]1CCC[C@H](OC)C1,0.7781,3.7144,-7.1,-8.0,seed123
CC[C@@H](C)NC(=O)c1cccc(Cn2cc(C)cn2)c1,0.9086,4.5653,-7.5,-7.6,seed123
Cc1nn([C@H]2CCS(=O)(=O)C2)c(C)c1C[NH2+][C@@H]1CCN(C)C1=O,0.7728,4.5593,-7.6,-7.5,seed123
C[NH2+][C@@H]1CCC[C@H](c2ccc(F)c(Cl)c2)C1,0.8214,4.5807,-7.5,-7.6,seed123
CN(C)C(=O)C1CCC([NH+]2CCC(CC(=O)[O-])CC2)CC1,0.7287,4.2938,-7.6,-7.5,seed123
CCOc1c(Br)cc(C)cc1NC(=O)N1CCOC[C@@H]1C1CC1,0.8607,5.0,-7.8,-7.3,seed123
CCN(C[C@H]1CCOC1)C(=O)N[C@@H]1CCOC2(CCCCC2)C1,0.8648,4.6781,-7.5,-7.6,seed123
CCNc1nc(OCC)nc(-c2cccc(I)c2)n1,0.8205,4.1754,-7.7,-7.3,seed123
C[NH+](Cc1cccc(C(F)(F)F)c1)Cc1ccccn1,0.91,4.5923,-7.3,-7.7,seed123
C[C@H](CSc1ccccc1)C(=O)N1CCC[C@H]1C(N)=O,0.843,4.3283,-7.1,-7.9,seed123
COc1ccc([C@H](O)c2cc(C)cc(F)c2)cc1OC,0.9314,4.4787,-7.3,-7.7,seed123
CCSc1ncccc1C(=O)N1CCC[C@@H](NCCC2CCCCC2)C1,0.7194,5.0,-7.1,-7.9,seed123
COC(=O)c1ccc(N2C(=O)C(O)=C2C=C(Cl)Cl)cc1OC,0.8503,3.9894,-7.4,-7.6,seed123
CCC[NH2+][C@@H](c1ccn(Cc2cccc(Cl)c2)c1)[C@@H]1COCO1,0.8445,4.9214,-7.6,-7.4,seed123
CC[C@H](C)NC(=O)c1cnc(Cc2ccc(Cl)cc2)o1,0.9181,4.4471,-7.2,-7.7,seed123
CCOCc1ccc(NC(=O)[C@@H](C)NC(=O)c2cccs2)cc1,0.8188,4.5101,-7.0,-7.9,seed123
O=C(NCc1ccn(Cc2ccccn2)n1)[C@@H]1CCCO1,0.8941,5.0,-7.3,-7.6,seed123
CC(C)(C)N1C[C@H](C(=O)N2CCN(c3nccs3)CC2)CC1=O,0.82,4.7884,-7.3,-7.6,seed123
COCCOc1ccc(CN2CCS(=O)(=O)[C@H]3CCCC[C@@H]32)cc1,0.7344,4.6932,-7.3,-7.6,seed123
COc1cc(Cl)ccc1C(=O)N1CCC([C@@H](C)C(C)C)CC1,0.8165,4.5009,-7.1,-7.8,seed123
C[C@@H](O)[C@@H]1CCC[NH+](Cc2c(O)cc(Cl)c(Cl)c2F)C1,0.7454,4.2126,-7.8,-7.1,seed123
Cc1nn(Cc2ccccc2)c(C)c1/C=C\CC[NH2+]C(C)C,0.7837,4.2616,-7.3,-7.6,seed123
COc1ncc(Cl)cc1S(=O)(=O)[N-]c1ccc(N)cc1F,0.8693,4.4254,-7.3,-7.6,seed123
CC(=O)N(c1ccccc1)c1nc(-c2cc(OC)c(OC)cc2OC)cs1,0.6253,4.9577,-7.6,-7.3,seed123
CC[C@](C)(NC(=O)CCn1cnc2ccccc21)C(=O)[O-],0.8363,4.3376,-7.4,-7.4,seed123
Cc1ccc(OC[C@H](O)Cn2cnc3[nH]ccc23)cc1,0.7468,4.7927,-7.3,-7.5,seed123
Cc1cccc(C[NH2+]Cc2c(C)nn(C)c2Cl)c1C,0.9147,4.3138,-7.3,-7.5,seed123
COc1ccc([C@H]2COCCN2Cc2nnn[n-]2)cc1OC,0.7856,5.0,-7.5,-7.3,seed123
CN(Cc1ccc(Br)cc1)C(=O)C[C@@H]1CCOC1=O,0.7982,4.288,-7.3,-7.5,seed123
CCCCCn1c(=O)[nH]c(=O)c2cc(Cl)c(OC)cc21,0.8625,4.4233,-7.5,-7.3,seed123
CCC[C@@H]1C[C@H]1/C([O-])=N/S(=O)(=O)c1cccc(F)c1,0.6102,4.2152,-7.4,-7.4,seed123
CCOC(=O)[C@H](NC(=O)[C@@H](C)c1ccsc1)c1c(C)nn(C)c1C,0.8138,4.1549,-7.5,-7.2,seed123
C=C(C)C=C(C)C(=O)c1cccc(F)c1F,0.433,3.2418,-7.3,-7.4,seed123
COc1ccc(OC)c(/C=C\C=C2\CCCCCN2)c1,0.9056,3.985,-7.4,-7.3,seed123
C/C=C/CS(=O)(=O)Cc1nc(-c2ccc(F)cc2)cs1,0.7947,3.8606,-7.0,-7.7,seed123
CCCCN1C[C@@H](C(=O)Nc2ccccc2OCC2CC2)CC1=O,0.7968,5.0,-7.0,-7.7,seed123
CC[C@@H](CC(=O)N[C@H]1CCCC[C@@H]1SC)c1ccccc1,0.8458,4.1993,-6.9,-7.8,seed123
CC(C)C[C@H](C[NH3+])C(=O)N1CCN(c2cccc(Cl)c2)CC1,0.899,4.5352,-7.3,-7.4,seed123
CNS(=O)(=O)Cc1ccc(C(=O)N2CCC[C@H](O)C2)cc1,0.8388,4.3382,-7.5,-7.2,seed123
COc1ccc(/C(C)=N/NC(=O)c2cccnc2)c(OC)c1OC,0.6492,4.3914,-7.1,-7.6,seed123
[NH3+][C@H]1CCC[C@@H]1NC(=O)NCCc1ccccc1F,0.7421,4.5856,-7.0,-7.7,seed123
CSC1(CNC(=O)Nc2ccc(F)cc2F)CCOCC1,0.8976,4.1558,-7.2,-7.4,seed123
Cc1ncccc1CN1CCC[C@H](Cc2[nH]cc[nH+]2)C1,0.9241,5.0,-7.4,-7.2,seed123
CC[C@@](C)([NH3+])C(=O)Nc1cnc2[nH]nc(C)c2c1,0.742,4.3337,-7.4,-7.2,seed123
CCC(CC)C(=O)Nc1cc(NC(C)=O)c(Cl)cc1Cl,0.8491,3.894,-7.1,-7.5,seed123
C[C@H](Nc1nnc(S(C)(=O)=O)c(=O)n1C1CCCC1)C(C)(C)C,0.8993,3.8917,-7.3,-7.3,seed123
COC(=O)C1=C(C)N([C@@H](C)C(=O)[O-])[C@@H](c2ccc(O)cc2)C2=C(CC(C)(C)CC2=O)N1,0.6946,4.5735,-8.0,-6.5,seed123
O=C([O-])C1CN(c2nc3cc(Cl)ccc3s2)C1,0.8187,5.0,-7.1,-7.4,seed123
O=C/C(=C\c1ccco1)c1n[nH]c(=S)n1-c1ccccc1,0.4559,4.2539,-7.2,-7.3,seed123
CN(C(=O)[C@H]1CC(=O)N(C2CC2)C1)c1ccccc1,0.827,4.9755,-7.2,-7.3,seed123
COC(=O)COc1ccc(C[NH+]2C[C@@H](C)[C@@H](C)C2)cc1,0.8139,4.6543,-7.4,-7.0,seed123
CC[C@H](C)SCC(=O)Nc1cnn(-c2ccccc2F)c1,0.8885,4.351,-6.9,-7.5,seed123
C[C@H]1CCCN(S(=O)(=O)c2cc(Br)ccc2C(=O)[O-])C1,0.8116,4.4471,-7.0,-7.4,seed123
CCOc1ccc(O[C@H]2CC[C@@]([NH3+])(C(=O)[O-])C2)c(OC)c1,0.7809,4.5689,-7.4,-7.0,seed123
Cc1n[nH]c(C2CC[NH+](C[C@@H]3CCCCO3)CC2)n1,0.8339,4.7586,-6.9,-7.4,seed123
CCC[C@H]1CN(C(=O)Cc2ccc(OC)cc2OC)C[C@@H](C)O1,0.8081,4.4574,-7.0,-7.3,seed123
CCC(CC)[C@H](NC(=O)NC[C@H]1CN2CCC[C@@H]2CO1)C(C)C,0.7564,4.0561,-6.8,-7.5,seed123
O=C(Nc1ccc(F)cc1)C[C@@H]1CCCCO1,0.8774,4.5882,-7.3,-7.0,seed123
Cc1ccc(NC(=O)C(=O)N[C@@H](C)CCCO)c(Br)c1,0.7156,3.7998,-7.1,-7.2,seed123
CCOC(=O)c1cnn(-c2cccc(F)c2)c1N,0.8415,4.5134,-7.3,-7.0,seed123
CCC(CC)[C@@H](O)[C@@H](C)C(=O)Nc1ccc(Cl)cc1,0.836,3.6887,-7.1,-7.2,seed123
COCCN(Cc1ccco1)c1cc(=O)[nH]c(C(C)C)n1,0.8459,4.1517,-7.1,-7.2,seed123
CC[C@H](C)CO/N=C(/N)C/C=C/c1ccccc1,0.455,3.2706,-6.9,-7.4,seed123
CCc1nn(C)cc1/C=C/C(=O)OCc1c(C)noc1C,0.6239,4.0851,-7.1,-7.2,seed123
C[C@@H]([NH2+]CCC(=O)NCC(F)(F)F)c1ccc2c(c1)OCO2,0.8255,4.4671,-7.1,-7.1,seed123
CC(C)N(C(=O)CN1CCN(C(=O)[C@H]2C[C@H]2C)CC1)C(C)C,0.7716,4.1224,-7.0,-7.2,seed123
COCc1cc(NC(=O)C(=O)N(C)Cc2ccncc2)no1,0.821,4.2748,-6.7,-7.5,seed123
COCc1ccc(C(=O)Oc2ccccc2C=O)o1,0.4691,4.2796,-7.1,-7.1,seed123
Cc1cccc(C(=O)Cn2ccc([C@H](C)O)n2)n1,0.8292,4.3001,-6.7,-7.4,seed123
COc1ccccc1N1C(=O)NC(=O)[C@@H](c2ccc(O)cc2)[NH+]1CC(C)C,0.7475,5.0,-7.9,-6.2,seed123
O=S1(=O)CCN(c2ccc([N+](=O)[O-])c(NC3CC3)c2)CC1,0.6673,4.7786,-7.1,-7.0,seed123
OCC[NH+]1CCN(c2ccccc2N)C[C@H]1C[C@H](O)c1cccs1,0.5745,4.797,-7.5,-6.6,seed123
C[C@@H]1C[NH+]([C@@H](C)CCCO)c2cc(F)ccc2C1,0.8373,4.4558,-7.1,-7.0,seed123
CCc1nn(C)c(Cl)c1CN1CCC[C@@H]1[C@@H]1CCC[NH2+]1,0.9103,4.7661,-7.1,-7.0,seed123
C[C@@H](NC(=O)c1ccc(Br)cc1O)C(C)(C)C[NH+](C)C,0.7573,3.6648,-6.8,-7.2,seed123
C[C@H](OC(=O)Cc1ccc(S(C)(=O)=O)cc1)C(=O)[O-],0.664,3.7444,-7.1,-6.9,seed123
C[C@@H]1CN([C@H](C[NH3+])c2ccc3ncsc3c2)C[C@@H](C)O1,0.9364,4.9005,-6.9,-7.1,seed123
CC[NH+](Cc1c(Cl)ccc2ccsc12)CCN1CCOCC1,0.8693,5.0,-7.1,-6.9,seed123
Cc1cccc([C@@H](C(=O)[O-])N2CCOCC2)c1,0.7451,4.5789,-6.9,-7.0,seed123
Cc1cc(S(=O)(=O)N(C)C)cc(NCC(C)C)c1Cl,0.9096,3.6605,-7.1,-6.8,seed123
CCC[C@@H]1CN(Cc2ccccn2)CC[NH+]1CC(C)C,0.8518,4.5691,-7.0,-6.8,seed123
C/[N+](=C\[O-])c1ccc(-c2nnc([S-])o2)cc1,0.3236,4.1218,-6.9,-6.9,seed123
C=CCN1CCCC[C@@H]1c1cncn1-c1cccc(F)c1,0.7982,4.7964,-7.6,-6.2,seed123
CC(C)CCC(=O)N1CCC[C@H]1Cn1cncn1,0.799,4.2676,-6.8,-7.0,seed123
O=C(CO[C@H]1CCS(=O)(=O)C1)c1cn2ccsc2n1,0.7799,4.6024,-6.9,-6.9,seed123
C[NH+](Cc1csc(Br)c1)C[C@H]1CCCN(S(C)(=O)=O)C1,0.8317,4.2772,-6.6,-7.2,seed123
COC(=O)CCC[C@@H]([NH3+])c1nc2ccccc2n1C(F)F,0.8297,4.3027,-6.8,-7.0,seed123
C[C@@H](c1ccco1)N(C)C(=O)NCCc1ccn[nH]1,0.8645,4.17,-6.8,-6.9,seed123
CCS[C@H](C)C(=O)N1CCCC[C@@H]1CC1C(C)(C)C1,0.7613,3.8839,-6.7,-7.0,seed123
CCOC(=O)c1c(C)noc1-c1ccccc1,0.762,4.5047,-6.7,-7.0,seed123
CN1[C@H]2CC[C@@H]1CN(C(=O)NC(C)(C)CC(=O)[O-])CCO2,0.7495,3.9865,-7.1,-6.6,seed123
CCCCNS(=O)(=O)c1cc([N+](=O)[O-])ccc1C,0.4869,3.7105,-6.7,-6.9,seed123
C[C@@H](NC(=O)CSc1nnnn1C)c1ccc(Cl)s1,0.8526,4.2478,-6.7,-6.9,seed123
Cc1nc(N[C@@H](C)C(=O)Nc2ccc3c4c(cccc24)CC3)nc2ccccc12,0.54,5.0,-10.0,-11.9,seed333
COc1ccc2c(c1)CCN(c1cccc(C(=O)NNc3nc4c(F)cccc4[nH]3)n1)CC2,0.4066,5.0,-10.7,-10.9,seed333
O=C(CN1C(=O)C(=O)N(Cc2ccc(Cl)cc2)C1=O)c1ccc2ccccc2c1,0.3679,5.0,-9.8,-11.1,seed333
CC(=O)N1CCc2cc(C(=O)Nc3cc4c(cc3Cl)NC(=O)N(C)C4=O)ccc21,0.6716,5.0,-10.3,-10.5,seed333
Cc1ccc(C(=O)Nc2sc3c(c2C(N)=O)CCN(C(=O)Nc2ccccc2)CC3)cc1,0.5609,5.0,-9.7,-10.6,seed333
Cc1cc(C(=O)CN2C(=O)N[C@]3(CCc4ccccc43)C2=O)c(C)n1Cc1ccccc1,0.4982,5.0,-10.1,-10.2,seed333
Cc1nnnn1-c1cccc(NC(=O)c2c(F)cc(NC(=O)c3ccco3)cc2)c1,0.5259,5.0,-9.8,-10.3,seed333
O=C(CN1C(=O)NC2(CCC1)Oc1ccc(C(F)(F)F)cc1C2)N1CCCCC1,0.8134,5.0,-9.3,-10.5,seed333
CCOc1ccc([C@H](C)NC(=O)Nc2nnc([C@H]3CC(=O)N(c4cccc(Cl)c4)C3)s2)cc1,0.4909,5.0,-9.4,-10.4,seed333
Cc1cccc(-n2c(SCC(=O)N[C@H](C)c3ccccc3)nc3ccccc3c2=O)n1,0.3688,5.0,-10.1,-9.7,seed333
COc1ccccc1NC(=O)c1cccc(N2C(=O)C(=O)c3ccccc32)c1,0.7069,5.0,-9.7,-10.0,seed333
CCn1c2ccccc2c2cc(NC(=O)C[NH+]3CCCN(C(N)=O)CC3)ccc21,0.6253,5.0,-9.1,-10.6,seed333
CCOc1ccc([N-]S(=O)(=O)c2cccc(C(=O)Nc3cccc4cnccc34)c2)cc1,0.4163,5.0,-9.6,-10.0,seed333
O=C(Nc1cccc(O)c1)c1cccc(S(=O)(=O)Nc2cccc(F)c2)c1,0.6245,5.0,-9.5,-10.0,seed333
C[C@@H](NC(=O)c1ccc(NC(=O)C2CCCCC2)cc1)c1ccccc1O,0.7337,5.0,-9.6,-9.9,seed333
C[C@@H](NC(=O)[C@@H]1CC(=O)N(c2cccc(Cl)c2)C1)C(=O)Nc1ccccc1,0.8302,5.0,-9.0,-10.4,seed333
Cn1c(CNS(=O)(=O)c2ccc(F)c(Cl)c2)nc2cc(S(=O)(=O)N3CCCCC3)ccc21,0.5603,5.0,-9.1,-10.3,seed333
Cc1[nH]c(S[C@H](C)c2nc3ccccc3c(=O)[nH]2)nc(=O)c1Cc1ccccc1,0.3903,5.0,-8.7,-10.6,seed333
O=C(NCc1cccc(F)c1)c1nc(-c2cccc(C(F)(F)F)c2)no1,0.7139,5.0,-8.8,-10.4,seed333
O=C(Nc1cnc2n(c1=O)CCCC2)c1ccc(NC(=O)C2CCCCC2)cc1,0.8316,5.0,-9.0,-10.1,seed333
Cc1nn(-c2ccc(F)cc2O)cc1/C=N/n1c([S-])nnc1-c1ccc(Cl)cc1,0.3962,5.0,-9.7,-9.4,seed333
O=C(NCc1ccccc1F)c1cnn2c(-c3ccccc3)ccnc12,0.6155,5.0,-9.0,-10.0,seed333
C[C@H]1CN(C(=O)Cn2nc3c4ccccc4n(C)c3c2)CC[NH+]1Cc1ccccc1,0.5664,5.0,-9.1,-9.9,seed333
Cc1ccc2c(c1)[C@H]([NH2+]Cc1ccc(-c3ccc(CC)cc3)o1)CCO2,0.7419,5.0,-8.8,-10.2,seed333
Cc1ccc2c(CC(=O)N[C@@H](C)c3ccc4c(c3)OCO4)c[nH]c2c1,0.7647,5.0,-9.1,-9.9,seed333
COc1ccc(C(=O)C[C@]2(O)C(=O)N(Cc3cccc4ccccc34)c3ccccc32)cc1,0.4378,5.0,-9.7,-9.3,seed333
Cc1ccc(CN2C[C@H](C(=O)NCc3ccc4c(c3)OCCO4)CC2=O)cc1,0.8652,5.0,-9.0,-9.9,seed333
O=C(NCc1ccc(F)cc1C[NH+]1CCOCC1)c1cc2cc(Cl)ccc2o1,0.6881,5.0,-9.2,-9.7,seed333
CN1C(=O)c2ccccc2Sc2cc(NCc3ccccc3)c(=O)[nH]c21,0.7442,5.0,-8.9,-10.0,seed333
CC[C@@H](Nc1ccc(C(=O)NCc2ccccn2)cc1)c1ccc2c(c1)OCCO2,0.6138,5.0,-9.6,-9.3,seed333
c1ccc(C2=NN=C3CCN(Cc4ccccc4)C[C@@H]3C2)cc1,0.8483,5.0,-9.3,-9.6,seed333
COc1cccc2cc(C(=O)Nc3cc(C)nn3-c3nc(C)cs3)c(=O)[nH]c12,0.5529,5.0,-8.9,-10.0,seed333
CC(=O)Nc1ccc(C(=O)OCC(=O)N2CCc3cc(F)ccc3C2)cc1,0.8395,5.0,-9.0,-9.8,seed333
O=C(Nc1nnc(CCc2c[nH]c3ccccc23)s1)c1ccc([N+](=O)[O-])cn1,0.3813,5.0,-8.9,-9.9,seed333
O=C(NC1CCCC1)c1cccc(NC(=O)c2ccccc2[N+](=O)[O-])c1,0.6341,5.0,-9.2,-9.6,seed333
O=C(c1ccc(CN2CCCC2=O)cc1)N1CCC(Cc2ccccc2)CC1,0.7939,5.0,-9.2,-9.6,seed333
O=C1N[C@]2(Cc3ccccc3O2)C(C(=O)NC2CCCCC2)N=C1c1ccc(Cl)cc1,0.7718,5.0,-9.9,-8.8,seed333
CC[NH+]1CCN([C@H](C)CNC(=O)c2ccc(-n3cnc4ccccc43)nc2)CC1,0.649,5.0,-8.9,-9.8,seed333
CCOC(=O)c1ccccc1NC(=O)c1cccc(-c2noc(C3CC3)n2)c1,0.6516,5.0,-9.2,-9.5,seed333
O=C(NC[C@@H](c1ccc(Cl)cc1)c1ccc(F)cc1)N(Cc1ccc(O)cc1)C1CC1,0.4975,5.0,-9.4,-9.2,seed333
CC(=O)N(C)c1cccc(NC(=O)c2c(C)oc3ccc(Cl)cc23)c1,0.7438,4.9609,-8.9,-9.7,seed333
COC(=O)c1c(/N=C/c2cccc([N+](=O)[O-])c2)oc2c1/C(=N/NC(N)=S)c1ccccc1-2,0.1552,5.0,-8.9,-9.6,seed333
Cc1cc(C)c(NC(=O)[C@H]2CC(=O)N(C3CCCCC3)C2)c(C)c1,0.9189,5.0,-8.6,-9.9,seed333
CCOc1ccccc1NC(=O)c1cc(S(=O)(=O)N2CCCCCC2)ccc1Cl,0.7199,5.0,-9.1,-9.4,seed333
O=C(Cc1noc2ccccc12)NN1Cc2ccccc2C1,0.8054,5.0,-9.1,-9.4,seed333
Cc1c(CNC(=O)C2CCN(c3cc(O)ccc3C)CC2)coc1C,0.8931,5.0,-9.0,-9.5,seed333
COc1ccc(NC(=O)N2CCC3(CC2)Nc2ccccc2N(C)C3=O)cc1,0.8394,5.0,-8.0,-10.4,seed333
Cc1nnc(-c2ccccc2NC(=O)N2C[C@H]3CC=CC[C@H]3C2)o1,0.8586,5.0,-8.7,-9.7,seed333
CC(C)CNC(=O)NC(=O)C1=CN(c2cccc(F)c2)C(=O)N(C)C1=O,0.8386,4.3365,-8.8,-9.6,seed333
CC(C)Oc1ccc2c(C(=O)N(C)CCCc3ccccc3)cc(=O)oc2c1,0.5749,5.0,-9.2,-9.2,seed333
Cc1cc(NC(=O)NNc2ncc3c(n2)CCCC3)ccc1Cl,0.7524,5.0,-8.8,-9.6,seed333
Cc1cc2c(cc1C)O[C@H](C(=O)N(C)Cc1ccc3c(c1)OCO3)C2,0.8625,5.0,-8.4,-9.9,seed333
C[C@H](NC(=O)c1ccc(-c2ccc(F)cc2)[nH]c1=O)c1cnn(C)c1,0.7653,4.9501,-8.8,-9.5,seed333
COC(=O)c1ccc([C@@H]2C(C(=O)Nc3ccc(C)c(F)c3)=C(C)Nc3nc(N)nn32)cc1,0.5371,5.0,-10.3,-8.0,seed333
CCOC(=O)c1ccc(N[C@H]2CC(=O)N(c3ccc(Cl)c(C(F)(F)F)c3)C2=O)o1,0.5719,4.8911,-8.6,-9.6,seed333
C[C@H](C(=O)N1CCOc2ccccc2C1)c1c[nH]c2ccc(Br)cc12,0.692,5.0,-8.5,-9.7,seed333
O=C(CS(=O)(=O)c1ccccc1)N1CCC(c2nc3ccccc3s2)CC1,0.6725,5.0,-8.6,-9.6,seed333
COc1ccc(N2CCN(C(=O)COc3cc(N4CCOCC4)nc(C)n3)CC2)cc1,0.6838,5.0,-8.6,-9.6,seed333
Cc1ccc(-c2nn(-c3ccccc3)cc2/C=C(\C#N)C(=O)Nc2ccccc2)o1,0.3819,5.0,-9.0,-9.2,seed333
CCOC[C@H]1CCN(C(=O)c2ccc(N3NC(=O)Nc4ccc(F)cc43)cc2)C1,0.8084,5.0,-8.8,-9.3,seed333
CS(=O)(=O)N1CCN(C(=O)c2cc(-c3ccccn3)n(-c3ccccc3)n2)CC1,0.6514,5.0,-9.0,-9.1,seed333
C[C@@]1(c2cccc(Br)c2)NC(=O)NC(=O)N[C@H]1c1ccc(Cl)c(Cl)c1,0.6283,4.5846,-10.4,-7.6,seed333
O=[N+]([O-])c1ccc(S(=O)(=O)NCC[NH+]2CCc3[nH]c4ccccc4c3C2)cc1,0.4227,5.0,-8.3,-9.6,seed333
COc1ccc(NCc2nnc3n2CCN(Cc2cccc(F)c2)CC3)cc1F,0.6898,5.0,-8.7,-9.2,seed333
Cc1ccc2cccc(Oc3ncnc(N4CCO[C@@H](C)C4)c3[N+](=O)[O-])c2[nH+]1,0.5045,5.0,-8.1,-9.8,seed333
Cn1nc(Cc2cccc(C(F)(F)F)c2)c(O)c1C(=O)c1ccccc1,0.7166,4.9101,-8.7,-9.2,seed333
CCOc1ccc(-c2nc(CC(=O)N3C[C@H]([NH+](C)CC)CC3)c3ccccc3n2)cc1,0.6389,5.0,-8.7,-9.2,seed333
Cc1ccc(CN(C)C(=O)Cn2nc3n(c2=O)CCCCC3)cc1C,0.8543,4.9895,-8.7,-9.2,seed333
Cc1cc(C)nc(N2CCN(C(=O)[C@H](C)NS(=O)(=O)c3ccc(Cl)cc3)CC2)n1,0.7653,5.0,-8.4,-9.4,seed333
C[C@H](NC(=O)CC1(O)CCCCC1)c1cc(=O)[nH]c2ccccc12,0.8069,4.9544,-9.1,-8.7,seed333
Cc1noc(CN2CCN(C(=O)[C@@H]3CC(=O)N(c4ccccc4C#N)C3)CC2)n1,0.7597,5.0,-8.6,-9.2,seed333
Cc1ccc(NCC(=O)Nc2ccccc2C(=O)C(C)C)cc1C,0.7833,4.5443,-8.6,-9.2,seed333
C[C@H](Sc1nc2ccccc2n1C(C)C)C(=O)N1CCCn2cccc2C1,0.6309,5.0,-8.2,-9.6,seed333
C[C@@H]1Sc2ccc(C(=O)N(C)c3ccc(Cl)c(Cl)c3)cc2NC1=O,0.8203,4.734,-8.3,-9.4,seed333
CC(=O)Nc1ccc(CC(=O)N[C@H]2c3ccccc3C[C@@H]2C)cc1,0.9077,5.0,-8.4,-9.3,seed333
Cn1ncc(S(=O)(=O)NCc2ccc3c(c2)OCO3)c1-c1ccc(F)cc1,0.7248,5.0,-8.3,-9.4,seed333
Cc1cc(I)ccc1NC(=O)/C=C/c1c(Cl)nc2ccccn12,0.4825,4.767,-8.4,-9.3,seed333
Cc1c(C(=O)N(C)Cc2ccccc2C)nnn1-c1ccccc1,0.7418,5.0,-7.8,-9.9,seed333
Cc1nc(C2CCN(C(=O)NCCc3ccccc3F)CC2)no1,0.9342,5.0,-8.6,-9.1,seed333
CC(C)C[C@@H](Cc1ccccc1)NC(=O)C(=O)Nc1cnc(-c2ccccc2)s1,0.5657,4.9422,-8.0,-9.7,seed333
C[C@@H]1C[C@H]1NC(=O)c1ccc(F)c(S(=O)(=O)Nc2ccccc2)c1,0.8724,5.0,-8.6,-9.1,seed333
Cc1ccc(F)c(NC(=O)Cc2ccc(N3CCCC3)c(F)c2)c1,0.9169,5.0,-8.5,-9.2,seed333
CC(=O)c1ccc(S(=O)(=O)Nc2ccc(NC(=O)c3ccoc3C)cc2)cc1,0.6138,4.9917,-8.6,-9.0,seed333
COc1ccccc1NC(=O)[C@@H](C)Sc1nnc(Cc2ccc(Cl)cc2)n1N,0.4518,4.9808,-8.5,-9.1,seed333
C[C@@H](NC(=O)N1CCN(C(=O)NC2CCCC2)CC1)c1ccc(-c2ccccc2)s1,0.7583,5.0,-8.9,-8.7,seed333
Cc1cnc2c(c1)n(CC(N)=O)c(=O)n2CC(=O)NCc1ccccc1,0.6639,5.0,-8.7,-8.9,seed333
Cc1cccn2c(=O)cc(CN(C)Cc3ccc(C(N)=O)cc3)nc12,0.7693,5.0,-8.8,-8.8,seed333
CCCn1c(C)nnc1SCC(=O)N1CC=C(c2ccccc2Cl)CC1,0.6978,4.9136,-8.2,-9.4,seed333
Ic1cc(Cl)ccc1OCC(=O)Nc1nc2c(F)cccc2s1,0.5715,5.0,-8.5,-9.1,seed333
Cc1nn(C(=O)[C@H]2CCCN(Cc3cccc(O)c3)C2)c(C)c1Br,0.8686,4.9831,-8.8,-8.8,seed333
COC(=O)c1ccc2c(c1)CCCN2S(=O)(=O)c1ccc(C)cc1,0.8026,5.0,-8.5,-9.1,seed333
CCCc1c(C(=O)N2CCC[C@H]2COC)cnn1-c1nc2c(c(=O)[nH]1)CCC2,0.8161,5.0,-8.6,-8.9,seed333
C[C@@H](CCc1ccco1)NC(=O)NCC1(c2ccc(F)cc2)CCOCC1,0.7751,4.8607,-8.9,-8.6,seed333
COc1cccc(NC(=O)CCc2nc3ccccc3c(=O)n2-c2ccccc2)c1OC,0.4806,5.0,-8.3,-9.2,seed333
O=C1N=C(N2CCN(c3cccc(Cl)c3)CC2)S/C1=C\c1ccncc1Cl,0.684,5.0,-8.6,-8.9,seed333
Cn1cnnc1SCC(=O)Nc1ccccc1-c1nc2ccccc2s1,0.5321,5.0,-9.1,-8.4,seed333
CCCn1nc(C(=O)NC2(C(N)=O)CCCCC2)c2cc(OC)c(OC)cc2c1=O,0.7081,4.9451,-8.6,-8.8,seed333
CCn1c(CN2CC[NH+]([C@H]3CCN(C(=O)C4CCC4)CC3)C2)nc2ccccc21,0.8333,5.0,-8.1,-9.3,seed333
C[C@@H](C(=O)Nc1ccc(CNC(N)=O)cc1)c1cccc(F)c1,0.7924,4.4947,-8.5,-8.9,seed333
COc1ccc(CNC(=O)N2CCC[C@@H]2c2ccc(Cl)c(F)c2)cc1,0.8674,5.0,-8.4,-9.0,seed333
O=C(CSc1nccc(=O)[nH]1)N/N=C/c1cc([N+](=O)[O-])ccc1[O-],0.2446,4.1199,-8.4,-9.0,seed333
O=C(NCCCN1CCCCCC1=O)N(Cc1ccccc1)c1ccccn1,0.7467,5.0,-8.4,-9.0,seed333
C[C@@H](c1nc(-c2ccsc2)no1)N(c1ccc(F)c(F)c1)[C@@H]1CCS(=O)(=O)C1,0.6184,5.0,-8.6,-8.8,seed333
O=C(NCc1ccc(Oc2ccccc2)cc1)[C@H]1CC(=O)N(CCN2CCOCC2)C1,0.7055,5.0,-8.3,-9.1,seed333
O=C(NCCc1cccs1)N[C@H]1C[C@H]2CCCc3cccc1c32,0.8703,5.0,-8.2,-9.2,seed333
O=C(c1cc(-c2ccccc2)on1)N1CCC[C@H](CN2CCOCC2)C1,0.8435,5.0,-7.8,-9.6,seed333
O=C(NC1=NCCS1)c1ccc(OCc2ccc(F)cc2F)cc1,0.9216,4.9455,-8.4,-8.9,seed333
CC[C@H](C)n1nccc1NC(=O)[C@H]1CC(=O)N(c2cccc(F)c2)C1,0.9066,5.0,-8.3,-9.0,seed333
N#Cc1ccc(OC[C@@H](O)Cn2cnc3cc(F)cc(F)c3c2=O)cc1,0.7544,4.8358,-8.5,-8.8,seed333
O=C(COc1ccccc1)Nc1cccc(OCc2ccccc2)c1,0.7018,5.0,-8.2,-9.1,seed333
O=C(Nc1ccccc1NC(=O)N1CCc2sccc2[C@@H]1C1CC1)c1ccc(F)cc1,0.5538,5.0,-9.1,-8.2,seed333
CCn1cc(Br)c(CNC(=O)Cn2c(=O)n(C)c3cc(C)c(C)cc32)n1,0.6884,4.8946,-8.1,-9.2,seed333
O=C(Nc1ccc(F)cc1Cl)c1cnn(-c2ncccn2)c1,0.8058,5.0,-8.6,-8.7,seed333
Cc1cccc(C(=O)/C(C#N)=C/c2cccc([N+](=O)[O-])c2)c1C,0.2808,4.1102,-8.0,-9.2,seed333
C=CCN1C(=O)c2ccccc2C(=O)[C@@H]1CC(=O)N(C)CCC1CCCCC1,0.6758,4.7708,-8.2,-9.0,seed333
Cn1c(-c2ccccc2)nnc1[S@](=O)CC(=O)Nc1sccc1C(=O)[O-],0.6616,4.6305,-8.1,-9.1,seed333
C[C@@H]1CCC[C@H](NC(=O)C(=O)Nc2cc(S(C)(=O)=O)ccc2Cl)[C@H]1C,0.7808,4.3013,-8.0,-9.1,seed333
CCc1nc2n(n1)CCC[C@@H]2Nc1ccn(-c2ccccc2)n1,0.8047,5.0,-8.6,-8.5,seed333
C[C@H](NS(=O)(=O)c1ccc(CC#N)cc1)c1nc2cc(Cl)ccc2n1C,0.7256,4.8202,-8.3,-8.8,seed333
CC[C@@](C)(NC(=O)N1CCC(c2ccc(C)c(C)c2)CC1)C(N)=O,0.8899,4.3114,-8.1,-9.0,seed333
CC[C@H]1CCCC[C@H]1NC(=O)Nc1ccc(N2CCCCC2)c(F)c1,0.8129,5.0,-8.0,-9.1,seed333
COc1ccc(CC[C@@H](C)NC(=O)c2cc(C)ccc2O)cc1OC,0.8077,4.589,-8.3,-8.8,seed333
C[C@H]([NH2+]Cc1cccc(NC(=O)C2CCC2)c1)c1ccccc1,0.8451,5.0,-8.5,-8.6,seed333
CCc1ccc2oc(-c3ccc(NC(C)=O)cc3[N+](=O)[O-])nc2c1,0.5787,5.0,-7.8,-9.2,seed333
COC(=O)[C@H]1CN(C(=O)Nc2ccc(Oc3ccccc3C#N)cc2)C[C@H]1C,0.8193,4.9341,-8.2,-8.8,seed333
CCc1nc(-c2ccc(C)c(NC(=O)c3c(C)csc3C)c2CC)no1,0.6792,4.9193,-8.7,-8.3,seed333
CS(=O)(=O)c1cnc(C2CC[NH+](Cc3cc(Cl)cc(Cl)c3Cl)CC2)nc1,0.7501,4.922,-8.2,-8.7,seed333
O[C@@H](Cc1c[nH]c2ccc(F)cc12)c1ccc(Cl)c(F)c1,0.7401,4.8795,-8.4,-8.5,seed333
CC(C)(C)C(=O)NC[C@H]1CCCCN1S(=O)(=O)c1cccc(C(=O)[O-])c1,0.8101,4.3949,-8.0,-8.9,seed333
Cc1ccc(NC(=O)C(=O)N/N=C/c2ccc(Cl)cc2)cc1,0.5192,4.4019,-7.9,-9.0,seed333
CC[C@@H](NC(=O)/C=C/c1ccc(NC(N)=O)cc1)c1ccccc1,0.7113,4.3418,-8.3,-8.6,seed333
CC(=O)Nc1nc(C#N)c(-c2ccc(F)cc2)c2c1CCCO2,0.9247,4.8559,-9.0,-7.9,seed333
Fc1cccc(NCc2ccc3c(c2)CCCC3)c1,0.8611,5.0,-8.4,-8.5,seed333
CC[C@H](c1ccccc1)N(C)C(=O)Nc1ccccc1-n1nc(C)cc1Br,0.5799,4.8693,-8.8,-8.0,seed333
N#CCc1ccc(NCC(=O)NCc2cccc3cccnc23)cc1,0.7281,4.9234,-7.8,-9.0,seed333
C[C@@H](CC(=O)N(C)c1ccc(F)cc1)C(=O)[C@H]1CC=CC[C@@H]1C(=O)[O-],0.735,4.0824,-7.7,-9.1,seed333
CCOC(=O)c1c(NC(=O)OCc2ccccc2)sc2c1CCC2,0.8265,5.0,-8.4,-8.4,seed333
COc1ccc([C@@H](NC(=O)c2cc(C)ccc2C)C(C)C)cc1,0.8863,4.569,-7.8,-9.0,seed333
Cc1cc(C)nc(N2CCC(c3ccccc3)CC2)n1,0.8339,5.0,-8.1,-8.7,seed333
COc1ccc(S(=O)(=O)c2cccnc2)c(C)c1NC(=O)c1ccccn1,0.7274,5.0,-8.7,-8.1,seed333
CC(C)Cn1c(C2CCN(C(=O)[C@@H](O)CC3CCC3)CC2)nc2ccccc21,0.8216,5.0,-8.2,-8.6,seed333
CCc1ccc2nc(N(C[C@H]3CCCO3)C(=O)CC(C)C)sc2c1,0.7776,4.9546,-8.3,-8.4,seed333
COc1ncc(Br)cc1C(=O)Nc1ccc2nc[nH]c(=O)c2c1,0.7326,5.0,-8.3,-8.4,seed333
CCOC(=O)c1cccc(NCc2ncc(-c3cccc(F)c3)o2)n1,0.6895,5.0,-8.1,-8.6,seed333
c1ccc(CN2CCC[NH+](Cc3cnc4cnccn34)CC2)cc1,0.7793,5.0,-8.0,-8.7,seed333
COc1ccc([C@@H](CNC(=O)Nc2cccc(C)c2)[NH+](C)C)cc1,0.7597,4.7339,-8.1,-8.6,seed333
N#C[C@@H](NC(=O)c1ccco1)C1CCN(C(=O)[C@@H]2COc3ccccc3O2)CC1,0.8488,5.0,-8.2,-8.5,seed333
CSCc1cc(F)ccc1CNC(=O)c1cncc2cccnc12,0.7708,5.0,-8.2,-8.5,seed333
CN(C)C(=O)c1cccc2c1N[C@H](c1cc(N3CCOCC3)nc3ccccc13)[C@@H]1CC=C[C@H]21,0.5865,5.0,-9.0,-7.7,seed333
CC1(C)C[C@@](C#N)(C(=O)c2cccc([N-]S(C)(=O)=O)c2)c2ccccc21,0.7646,4.4736,-8.2,-8.4,seed333
CC(C)NC(=O)c1cccc(CN2CCCC3(C2)OCCO3)c1,0.9242,5.0,-7.9,-8.7,seed333
C[C@@H]1CCN(C(=O)CN2C(=O)COc3ccc([N+](=O)[O-])cc32)C[C@@H]1O,0.6297,4.8693,-8.1,-8.5,seed333
C[C@H](CNC(=O)[C@H](C)N1CCOCC1)[NH+]1CCc2ccccc2C1,0.7886,5.0,-7.9,-8.7,seed333
C[C@H]1Cc2cc(C(=O)N3CCN(C(=O)C4CC4)CC3)ccc2N1S(C)(=O)=O,0.7728,5.0,-7.8,-8.8,seed333
Cc1ccc(Cl)cc1N1CCN(C(=O)CCCSc2ccccc2)CC1,0.5206,5.0,-7.6,-9.0,seed333
CC(=O)c1cccc([N-]S(=O)(=O)c2cc([N+](=O)[O-])cc(Br)c2)c1,0.4304,4.3581,-7.9,-8.7,seed333
CCOc1ccc(-c2nc(C)c(C(=O)N[C@H](C)c3cnccn3)o2)cc1,0.7317,5.0,-8.0,-8.6,seed333
Cn1ccnc1-c1ccc(OCC(=O)Nc2ccccc2F)cc1,0.7833,5.0,-7.9,-8.7,seed333
Brc1ccc(CN2CC[C@H](c3ccc4c(c3)CCO4)C2)o1,0.8395,5.0,-8.0,-8.6,seed333
COc1ccc(CCC(=O)N2CCC(Cn3cc[nH+]c3C)CC2)cc1,0.8097,5.0,-7.7,-8.9,seed333
Cc1cc(NC(=O)Nc2ccc([N+](=O)[O-])cc2)ccc1-n1cccn1,0.5591,5.0,-8.0,-8.6,seed333
COc1cc(C(=O)NCc2ccc(C[NH+]3CCCCC3)cc2)cc(OC)c1OC,0.7146,5.0,-8.2,-8.3,seed333
Cc1ccc(C(=O)CSc2nnc(C3CC3)n2C)c(C)c1,0.6279,5.0,-7.9,-8.6,seed333
CCC1(C)CCN(C(=O)Nc2ccccc2N2CCOCC2)CC1,0.9208,5.0,-8.3,-8.2,seed333
CCC[C@@H]1[C@H](C)CCCN1C(=O)c1ccnc(OC2CCCCC2)c1,0.7678,5.0,-8.2,-8.3,seed333
FC(F)(F)c1ccc(-c2cnc(-c3cnccn3)o2)cc1,0.72,4.8034,-8.3,-8.2,seed333
C[C@@H]1CCCCN1C(=O)CCc1ccc(S(=O)(=O)/N=C2/CCSC2)cc1,0.7686,4.6737,-7.7,-8.8,seed333
Cc1ccc(OCCCSc2ncc(C#N)c(Nc3ccccc3)n2)cc1F,0.3255,4.9178,-7.7,-8.8,seed333
C[C@@H](C#N)NC(=O)[C@@H]1CC(=O)N(c2ccc(OCc3ccccc3F)s2)C1,0.8263,4.7545,-7.8,-8.7,seed333
CC1CCC([NH+]2CCN(C[C@@H](O)c3ccc4c(c3)OCO4)CC2)OC1=O,0.7311,5.0,-7.9,-8.6,seed333
CC1(C)[C@@H]2CC[C@@]1(C)C(=O)NC(=O)[C@@H]2Cc1ccccc1,0.8492,4.6619,-8.1,-8.4,seed333
CC(C)[C@H]1CN(C(=O)Cc2c(F)cccc2Cl)C(=O)c2ccccc2C1=O,0.7942,4.9121,-8.5,-8.0,seed333
Cc1cccc([N-]S(=O)(=O)c2cc(C)c(C)c(Br)c2C)c1,0.7599,4.4321,-7.9,-8.5,seed333
CC1(C)CN(C(=O)c2cccc(Br)n2)C[C@H]1C(=O)N1CCN(c2ccccc2)CC1,0.6453,5.0,-8.5,-7.9,seed333
Cc1noc([C@H]2CCCN2S(=O)(=O)c2ccccc2)n1,0.8636,4.945,-8.3,-8.1,seed333
Cc1ncccc1NC(=O)C(=O)NCc1cccc(C[S@](C)=O)c1,0.8045,4.1281,-8.0,-8.4,seed333
COc1cc(CN2CCN(c3nc(C)cc(C)n3)CC2)ccc1O,0.9276,5.0,-8.2,-8.2,seed333
Cn1cc(NC(=O)C2CCN(S(=O)(=O)c3ccc(Cl)s3)CC2)cn1,0.8694,4.9613,-7.8,-8.6,seed333
COc1ccc(OC)c(NC(=O)N(C)CC(=O)c2ccc(F)cc2)c1,0.8159,4.5171,-7.7,-8.7,seed333
COc1cccc([C@@H]2NC(=O)NC3=C2C(=O)O[C@@H](c2ccccc2)C3)c1OC,0.7967,5.0,-8.7,-7.7,seed333
CCC[C@H](Cc1ccccc1)Nc1ncnn1-c1ccc(OC)c(OC)c1,0.6175,4.9695,-8.3,-8.1,seed333
O=C(N[C@H]1C=C[C@H](C(=O)[O-])C1)c1ccc(N2CCOCC2)nc1,0.7414,4.8158,-8.1,-8.3,seed333
CC(C)NC(=O)CSc1nc2ccccc2c(=O)n1CC(F)(F)F,0.6584,4.358,-8.1,-8.3,seed333
Cc1cccc(C)c1N[C@@H](C)C(=O)NCC1CCCCC1,0.865,4.5599,-7.9,-8.4,seed333
CNC(=O)c1ccc(NC(=O)C(=O)N2CCC[C@@H](O)C2)c(C)c1,0.6818,4.3916,-8.0,-8.3,seed333
O=C(/C=C/c1c(F)cccc1Cl)NC1CCCCCC1,0.6524,4.4272,-8.0,-8.3,seed333
COc1ccc(CNC(=O)Nc2cccc(F)c2C)cc1OC,0.8872,4.6948,-8.0,-8.3,seed333
COc1ccccc1NC(=O)/C(C#N)=C\c1ccc(N2CCCCC2)cc1,0.6392,5.0,-8.1,-8.2,seed333
C[C@H]([NH2+]CCS(=O)(=O)N1CCCC1)c1ccc(N2CCCCC2)cc1,0.7995,5.0,-8.1,-8.2,seed333
CCCCc1ccc([C@@H](C)C(=O)N2CCc3nncn3CC2)cc1,0.8488,4.8946,-7.4,-8.8,seed333
CCOC(=O)c1ccc(NC(=O)[C@@H](C)Oc2ccc(CC)c(OC)c2)cc1,0.7139,4.5646,-7.4,-8.8,seed333
Cc1nonc1C[C@H](C(=O)n1cncn1)c1ccccc1,0.723,4.7104,-8.3,-7.9,seed333
CC(=O)Nc1ccc(S(=O)(=O)NCCNC(=S)NC(=O)c2ccccc2)cc1,0.3955,4.3292,-7.4,-8.8,seed333
Cc1cc(NC(=O)N[C@H](C)CCc2ccccc2)no1,0.8791,4.4794,-8.0,-8.2,seed333
O=C(COc1ccc(Br)cc1Cl)C(=O)Nc1ccc(Cl)cc1,0.7564,4.4397,-7.7,-8.5,seed333
O[C@@H](Cc1nc(-c2cccc(Cl)c2)no1)c1ccccn1,0.8016,4.8606,-7.8,-8.4,seed333
C[C@@H](c1nc(-c2ccccc2)no1)N(CCn1cccn1)C(F)(F)F,0.6362,4.5326,-7.8,-8.4,seed333
O=C([C@@H]1CCCC1=O)N1CCO[C@H](c2ccccc2)C1,0.7738,4.9284,-7.6,-8.6,seed333
C[C@@H]1C[C@@H]1c1ccc(CNC(=O)Cc2ccc(F)cc2)o1,0.9155,5.0,-8.1,-8.1,seed333
COC(=O)C1(NC(=O)[C@H]2COc3ccccc3O2)CCCC1,0.8552,4.8623,-7.9,-8.2,seed333
COc1cc(CCNC(=O)N2CC[NH+](Cc3ccc(Cl)s3)CC2)c(OC)cc1Cl,0.6699,5.0,-7.6,-8.5,seed333
CCSc1ncccc1C(=O)N1CCC[C@@H](NCCC2CCCCC2)C1,0.7194,5.0,-7.5,-8.6,seed333
CC(C)[NH+]1CCC(CNC(=O)c2cccc(C(F)(F)F)n2)CC1,0.8796,4.5691,-7.7,-8.4,seed333
COc1ccc(C(=O)N2CCCCCCC2)cc1C(F)(F)F,0.8214,4.6415,-7.9,-8.2,seed333
COc1ccc([C@H](C)[NH2+][C@H]2CCCc3c2cnn3C)cc1OC,0.9193,5.0,-7.7,-8.4,seed333
C[C@@H]1C[NH+]=C(N2CCN(C(=O)c3ncn[nH]3)CC2)C1,0.619,4.8949,-7.9,-8.2,seed333
O=S(=O)(c1ccc(-c2nc(C3CC3)no2)cc1)N1CCOCC1,0.8441,5.0,-7.8,-8.3,seed333
Cc1ccc(Cc2nc3sccn3c2Nc2ccccc2)o1,0.5973,5.0,-7.9,-8.2,seed333
CC(=O)c1ccc(S(=O)(=O)Nc2ccc(C(=O)[O-])cc2)cc1,0.83,4.4826,-7.8,-8.3,seed333
COc1ccc(C(=O)NCc2nc3ccccc3n2C)cc1[N+](=O)[O-],0.5678,5.0,-7.8,-8.3,seed333
COc1ccc(CN2CCC[C@@H]2c2nc3ccc(C)cc3s2)c(OC)c1,0.6375,5.0,-7.8,-8.3,seed333
O=C(Nc1nc(-c2ccco2)cs1)[C@H]1CCCN1C(=O)c1ccco1,0.7742,5.0,-7.7,-8.3,seed333
O=C(Cc1ccc(-n2cnnn2)cc1)NC1CCCCC1,0.9268,5.0,-7.8,-8.2,seed333
C[C@H](NC(=O)CSc1ccccc1)c1ccc(OC(F)F)cc1,0.7674,4.4033,-7.7,-8.3,seed333
C[NH+](Cc1ccccn1)Cc1ccc(C(=O)N2CCN(C)C[C@@H]2C(N)=O)cc1,0.7081,5.0,-8.0,-8.0,seed333
O=C(CC1(O)CCCC1)Nc1cnc(-c2ccccc2)s1,0.9091,4.9235,-7.8,-8.2,seed333
Cc1nc(-c2c[nH]c(C(=O)NC[C@@H]3CCC[C@@H](O)C3)c2)c[nH]1,0.6955,4.9209,-7.7,-8.3,seed333
O=C(NN1C(=O)CSc2ccccc21)Oc1ccccc1F,0.9247,4.7871,-7.9,-8.1,seed333
CC(=O)Nc1ccc(F)c(NCc2cccc(OC)c2)c1,0.8862,4.6549,-7.8,-8.2,seed333
CCCCN1C(=O)c2oc3ccc(F)cc3c(=O)c2C1=O,0.8132,4.9436,-7.9,-8.0,seed333
O=C(NC[C@H]1CC[C@@H](C(=O)[O-])O1)c1nc(C2CCCC2)no1,0.7968,4.7343,-7.7,-8.2,seed333
Cc1nn(C)c(C)c1CNC(=O)[C@@H]1CC(=O)N(C)[C@@H]1c1ccc(Cl)cc1,0.8937,4.8807,-8.8,-7.0,seed333
COC(=O)c1ccc(NC(=O)c2ccc(CSC(N)=O)o2)cc1,0.813,4.1833,-7.8,-8.0,seed333
COC(=O)[C@@H](NS(=O)(=O)c1ccc(OC)c(OC)c1)c1ccc(F)c(F)c1,0.7155,4.4065,-7.9,-7.9,seed333
NS(=O)(=O)[C@H]1CC[C@H](OC(=O)/C=C/c2ccc([N+](=O)[O-])cc2)C1,0.3727,3.9163,-7.8,-8.0,seed333
C[C@@H](C(=O)Nc1ccc(S(N)(=O)=O)cc1)[NH+]1CCC(NC(N)=O)CC1,0.4232,4.388,-7.9,-7.9,seed333
O=C(NCCSc1ccccc1)Nc1cnccc1C(F)(F)F,0.638,4.3645,-7.6,-8.2,seed333
Cc1nnc(Sc2ccc(NC(=O)NCCN3CCOCC3)c(Cl)c2)s1,0.757,5.0,-7.4,-8.3,seed333
CCc1nnc(CSc2ccc(Cl)cc2C(N)=O)n1N,0.6451,4.2189,-7.6,-8.1,seed333
C[C@H]1CN[C@@H](c2csc3ccccc23)[C@H](C)N1,0.8082,4.4387,-7.8,-7.9,seed333
CN(C(=O)CCCOc1cc(=O)[nH]c(N)c1)C1CCCCC1,0.7857,4.2565,-7.8,-7.9,seed333
C[NH+](C)CCCNC(=O)[C@H]1CCCN(C(=O)c2ccc(Cl)cc2Cl)C1,0.7273,4.6442,-7.9,-7.8,seed333
COC(=O)C[C@H](NC(=O)c1nc(C)c(C)[nH]1)c1cccc(Cl)c1,0.8228,4.3831,-7.8,-7.9,seed333
C=CCn1c(SCC(=O)N2CCN(C)CC2)nnc1-c1ccc(F)cc1,0.572,4.8814,-7.3,-8.4,seed333
C/C(=C/C=N/Oc1ccc(C(F)(F)F)cc1)c1ccccc1,0.5636,3.7755,-7.5,-8.2,seed333
COC(=O)[C@H](C)CN(C)C(=O)Cc1c[nH]c2ccc(F)cc12,0.8607,4.2494,-7.6,-8.1,seed333
CCCc1nnc2c(C(=O)N3CC[C@@H](C(N)=O)C3)cnc1-2,0.802,4.5053,-7.9,-7.8,seed333
C[C@@H]1CC[C@H]([NH3+])[C@H](c2nc3ccccc3n2C(F)(F)F)C1,0.8639,4.6372,-7.9,-7.7,seed333
Cc1ccc([C@@H]2C[C@@H]2C(=O)[O-])cc1OCc1cnn(C)c1,0.8265,5.0,-7.7,-7.9,seed333
CCN(C[C@H]1CCOC1)C(=O)N[C@@H]1CCOC2(CCCCC2)C1,0.8648,4.6781,-7.7,-7.9,seed333
COC(=O)c1cc([N+](=O)[O-])ccc1OCC(=O)NC1CCCCC1,0.4846,4.4963,-7.7,-7.9,seed333
COC(=O)c1ccc(CN(C)Cc2nc3ccccc3s2)cc1,0.6703,5.0,-7.8,-7.8,seed333
C[C@H](NC(=S)N/N=C/c1ccncc1)c1ccc(Cl)c(Cl)c1,0.4965,4.1998,-7.6,-8.0,seed333
Cc1cc(CN2CCC(NC(=O)NC[C@H]3CCCO3)CC2)no1,0.857,4.9982,-7.6,-8.0,seed333
CC(=O)N(c1ccccc1)c1nc(-c2cc(OC)c(OC)cc2OC)cs1,0.6253,4.9577,-7.6,-8.0,seed333
COc1cc(S(=O)(=O)Nc2ccc(C)cc2)ccc1C,0.9413,4.5874,-7.6,-8.0,seed333
O=C(NC1CCCC1)[C@H](c1ccncc1)N(C(=O)c1ccccc1)c1ccccc1,0.6625,5.0,-8.6,-7.0,seed333
CNC(=O)c1cccc(N2CCN(Cc3scnc3CC3CC3)CC2)n1,0.8433,5.0,-7.6,-8.0,seed333
CCc1cccc(CC)c1NC(=O)N(C)[C@H]1CCC[C@H](C)C1,0.8466,4.3986,-7.4,-8.2,seed333
CCC[NH2+]Cc1ccc(OCc2nn3c(C)ccc3nc2SC)cc1,0.4975,4.7934,-7.6,-7.9,seed333
COc1ccc(NC(=O)[C@H]2CCCN(C(=O)c3ccoc3)C2)c(OC)c1OC,0.8184,5.0,-7.5,-8.0,seed333
O=C(NCc1cccs1)NCc1ccc(Cn2cncn2)cc1,0.73,5.0,-7.7,-7.8,seed333
Cc1cccc(OC(=O)[C@@H](C)Nc2ccccc2Br)c1,0.6738,4.4707,-7.6,-7.9,seed333
COc1cccc(C(=O)Nc2cc(Cl)ccc2OC(C)C)c1OC,0.8395,4.6143,-7.5,-8.0,seed333
OCC[NH+](CCn1c(=O)[nH]c2ccccc2c1=O)c1cccs1,0.5926,4.9364,-7.9,-7.6,seed333
C[C@H](Sc1ccccc1)C(=O)N[C@H](C)C(=O)N1CCCCC1,0.8487,4.458,-7.5,-8.0,seed333
COc1ccc(Nc2nnc(SCC(N)=O)nc2-c2ccccc2)s1,0.6138,4.798,-7.8,-7.7,seed333
C[C@@H]1C[NH+](C)CC[C@@H]1NC(=O)NCCC(=O)NC1CCCC1,0.5606,4.3657,-7.7,-7.7,seed333
CCn1c(C)cc(CN2CCO[C@@H](c3sccc3C)C2)c1C,0.8453,4.8188,-7.5,-7.9,seed333
COc1cc(OC)c(/C=C2\C[NH+]([C@H](C)C(=O)N3CCCC3)CC2)c(Cl)c1,0.851,5.0,-7.7,-7.7,seed333
CNS(=O)(=O)CCCNC(=O)C(c1ccccc1)c1ccccc1,0.7167,4.2563,-7.5,-7.9,seed333
C[NH+](Cc1nnnn1C[C@@H]1CCCO1)C1CCS(=O)(=O)CC1,0.7024,4.6158,-7.7,-7.7,seed333
CCc1noc(C)c1C(=O)NCc1ccc(OC)c(F)c1,0.9197,4.4835,-7.7,-7.7,seed333
CN([C@H]1CC[NH+](Cc2ccccc2)[C@H](C(=O)[O-])C1)[NH+]1CCCC1,0.6526,5.0,-7.4,-8.0,seed333
Cc1ccc(C[NH2+]C[C@@H]2CN(C3CCCC3)C[C@H]2C)cc1,0.8821,5.0,-7.3,-8.1,seed333
CN(C)C(=O)c1ccccc1CSc1nnc(C(C)(C)C)n1N,0.686,4.1163,-7.6,-7.8,seed333
COc1ccc(OC)c([C@@H](C)NC(=O)N[C@@H]2CC=CCC2)c1,0.8215,4.3997,-7.5,-7.8,seed333
CCCCOc1ccc(C(=O)Nc2ccccc2N)cc1,0.6277,4.6758,-7.9,-7.4,seed333
CCc1nn(C)cc1NC(=O)N[C@@H](C)c1ncc(C(C)(C)C)o1,0.9063,4.1273,-7.7,-7.6,seed333
[NH3+][C@H](Cc1ccc2ccccc2c1)C(=O)[O-],0.7663,4.8504,-7.7,-7.6,seed333
COC[C@H](C)NC(=O)C1(c2ccc(F)cc2F)CCOCC1,0.9061,4.3414,-7.5,-7.8,seed333
O=Cc1cc([N+](=O)[O-])ccc1OCC(=O)Nc1ccc(Cl)cc1,0.497,4.3439,-7.2,-8.1,seed333
CCCN1CC(=O)NC(=O)C[C@@H]1c1ccc(F)cc1F,0.8595,4.3567,-7.4,-7.8,seed333
Brc1ccc([C@@H]2C[C@@H](CSCc3nc(C4CC4)no3)C2)nc1,0.737,5.0,-7.4,-7.8,seed333
COc1ccc(N2C(=O)OC3(CC[NH2+]CC3)[C@H]2CC(C)C)cc1,0.9251,4.757,-7.6,-7.6,seed333
CCCCN1C[C@@H](C(=O)Nc2ccccc2OCC2CC2)CC1=O,0.7968,5.0,-7.4,-7.8,seed333
COc1ccnc(N[C@@H](C)c2cnc(-c3cccs3)nc2)n1,0.7797,4.8861,-7.1,-8.1,seed333
CC(C)C[C@H](C[NH3+])C(=O)N1CCN(c2cccc(Cl)c2)CC1,0.899,4.5352,-7.6,-7.6,seed333
C[NH+]1CCN(c2ccccc2NC(=O)N[C@@H](C)Cn2cc[nH+]c2)CC1,0.706,5.0,-7.6,-7.6,seed333
C[C@@H]1CN(C(=O)c2cc(F)ccc2C(N)=S)CCC[NH2+]1,0.7696,4.4378,-7.4,-7.7,seed333
COC(=O)c1ccc(N2C(=O)C(O)=C2C=C(Cl)Cl)cc1OC,0.8503,3.9894,-7.4,-7.7,seed333
CCCCN(C)C(=O)c1cc(=O)[nH]c2ccc(Cl)cc12,0.9414,4.4068,-7.4,-7.7,seed333
Cc1cnc(CN2CC[NH+](Cc3ccc(O)cc3OC(F)F)CC2)s1,0.8121,4.9295,-7.2,-7.9,seed333
O=S(=O)(N[C@H](C(=O)[O-])C1CC1)c1cccc(C2CC2)c1,0.821,5.0,-7.4,-7.7,seed333
CN(C)C(=O)C1CCC([NH+]2CCC(CC(=O)[O-])CC2)CC1,0.7287,4.2938,-7.6,-7.5,seed333
CC(C)C[C@@H]1NC(=O)N(Cc2cccnc2N2CCOCC2)C1=O,0.8248,4.8873,-7.5,-7.6,seed333
CCC[NH2+][C@@H](c1ccn(Cc2cccc(Cl)c2)c1)[C@@H]1COCO1,0.8445,4.9214,-7.6,-7.5,seed333
CCCCOC(=O)C1=C(C)Nc2ncnn2[C@H]1c1ccc(Cl)cc1Cl,0.6206,4.8417,-7.5,-7.6,seed333
O=C(Cc1cccs1)NCC1CCN(C(=O)C2CC2)CC1,0.905,5.0,-7.3,-7.8,seed333
Nc1ccc(Br)c(O[C@@H]2CCOC3(CCC3)C2)c1,0.85,4.7028,-7.6,-7.5,seed333
Cc1cccc(C[NH2+]Cc2c(C)nn(C)c2Cl)c1C,0.9147,4.3138,-7.2,-7.8,seed333
Cc1nn([C@H]2CCS(=O)(=O)C2)c(C)c1C[NH2+][C@@H]1CCN(C)C1=O,0.7728,4.5593,-7.5,-7.5,seed333
C[NH2+][C@@H]1CCC[C@H](c2ccc(F)c(Cl)c2)C1,0.8214,4.5807,-7.5,-7.5,seed333
COc1ccc([C@H](O)c2cc(C)cc(F)c2)cc1OC,0.9314,4.4787,-7.3,-7.7,seed333
CC[C@@H](CC(=O)N[C@H]1CCCC[C@@H]1SC)c1ccccc1,0.8458,4.1993,-7.0,-8.0,seed333
CC[NH+](CC)CCN1C(=O)C(C)(C)S(=O)(=O)c2cc(C)cc(C)c21,0.8632,3.7102,-7.5,-7.5,seed333
CO[C@H](C)C(=O)Nc1c(-c2ccc(Cl)cc2)csc1N,0.9061,4.3058,-7.7,-7.3,seed333
CCCN(C[C@@H]1CCCO1)C(=O)N[C@H]1CCCCC[C@@H]1C(=O)[O-],0.7461,4.1575,-7.6,-7.4,seed333
COC(=O)C1=C(C)N([C@@H](C)C(=O)[O-])[C@@H](c2ccc(O)cc2)C2=C(CC(C)(C)CC2=O)N1,0.6946,4.5735,-7.9,-7.0,seed333
OCC[NH+]1CCN(c2ccccc2N)C[C@H]1C[C@H](O)c1cccs1,0.5745,4.797,-7.5,-7.4,seed333
COc1ccc(OC)c(/C=C\C=C2\CCCCCN2)c1,0.9056,3.985,-7.7,-7.2,seed333
CCC[C@@H]1C[C@H]1/C([O-])=N/S(=O)(=O)c1cccc(F)c1,0.6102,4.2152,-7.4,-7.5,seed333
COC(=O)[C@H](C)NC(=O)Nc1ccc2[nH]c(C(F)F)nc2c1,0.754,4.2621,-7.4,-7.5,seed333
CO[C@@H]1CCC[C@@H](OC(=O)Cc2ccc(F)c(F)c2)C1,0.7973,4.5127,-7.2,-7.7,seed333
C[C@H]1CO[C@H](C)CN1C(=O)Nc1nnc(C(C)(C)C)s1,0.8646,4.0859,-7.2,-7.7,seed333
C[C@@H](O)[C@@H]1CCC[NH+](Cc2c(O)cc(Cl)c(Cl)c2F)C1,0.7454,4.2126,-7.6,-7.3,seed333
Cc1nn(Cc2ccccc2)c(C)c1/C=C\CC[NH2+]C(C)C,0.7837,4.2616,-7.3,-7.6,seed333
COc1ncc(Cl)cc1S(=O)(=O)[N-]c1ccc(N)cc1F,0.8693,4.4254,-7.3,-7.6,seed333
COc1ccc(/C(C)=N/NC(=O)c2cccnc2)c(OC)c1OC,0.6492,4.3914,-7.3,-7.6,seed333
CCOC(=O)C1CCN(c2cc(C)c(S(=O)(=O)N(C)C)cc2)CC1,0.757,4.4751,-7.3,-7.6,seed333
C[C@H]1CN(c2cc3c(cc2Cl)[C@@H](O)C(=O)N3)CC(C)(C)[NH2+]1,0.721,4.7586,-7.8,-7.1,seed333
CCOCc1ccc(NC(=O)[C@@H](C)NC(=O)c2cccs2)cc1,0.8188,4.5101,-6.9,-7.9,seed333
C/C=C/CS(=O)(=O)Cc1nc(-c2ccc(F)cc2)cs1,0.7947,3.8606,-7.1,-7.7,seed333
CCCCCn1c(=O)[nH]c(=O)c2cc(Cl)c(OC)cc21,0.8625,4.4233,-7.5,-7.3,seed333
[NH3+][C@H]1CCC[C@@H]1NC(=O)NCCc1ccccc1F,0.7421,4.5856,-7.1,-7.7,seed333
C=CCN(CCO)C(=O)c1cnn(-c2nccc(C)n2)c1C1CC1,0.7786,4.7745,-7.4,-7.4,seed333
COc1ccc([C@H]2COCCN2Cc2nnn[n-]2)cc1OC,0.7856,5.0,-7.5,-7.2,seed333
NC(=O)c1ccnc(N2CC[C@@H]([NH+]3CCCC3)C2)c1,0.7663,5.0,-7.0,-7.7,seed333
CCOc1c(Br)cc(C)cc1NC(=O)N1CCOC[C@@H]1C1CC1,0.8607,5.0,-7.4,-7.3,seed333
C[C@@H]1C[NH+]([C@@H](C)CCCO)c2cc(F)ccc2C1,0.8373,4.4558,-7.6,-7.1,seed333
C#CCCOc1ccc(OC)cc1/C=C(\C#N)c1ccccc1,0.3481,4.0286,-7.0,-7.7,seed333
CCCN(Cc1[nH+]ccn1C)C(=O)[C@@H](NC(C)=O)c1ccccc1,0.8353,4.2973,-7.3,-7.4,seed333
COc1ccc(OC/C([N+](=O)[O-])[C@@H](C)c2ccccc2)cc1,0.5796,4.0514,-6.8,-7.9,seed333
CCN(CC)C(=O)CC[C@@H]1CCC[NH+](C2CCN(C(N)=O)CC2)C1,0.7385,4.2711,-7.5,-7.2,seed333
CCc1nn(C)cc1/C=C/C(=O)OCc1c(C)noc1C,0.6239,4.0851,-7.4,-7.2,seed333
CC[C@@](C)([NH3+])C(=O)Nc1cnc2[nH]nc(C)c2c1,0.742,4.3337,-7.4,-7.2,seed333
Cc1ccc(NC(=O)[C@H](C)S[C@H](C)C(=O)N(C)C)c(NN)c1,0.5487,3.4864,-6.9,-7.7,seed333
CNS(=O)(=O)Cc1ccc(C(=O)N2CCC[C@H](O)C2)cc1,0.8388,4.3382,-7.6,-7.0,seed333
CCC(CC)C(=O)Nc1cc(NC(C)=O)c(Cl)cc1Cl,0.8491,3.894,-7.1,-7.4,seed333
O=C/C(=C\c1ccco1)c1n[nH]c(=S)n1-c1ccccc1,0.4559,4.2539,-7.2,-7.3,seed333
Cc1ncccc1CN1CCC[C@H](Cc2[nH]cc[nH+]2)C1,0.9241,5.0,-7.3,-7.2,seed333
Cc1noc(/C=C/c2ccccc2)n1,0.723,4.1709,-7.3,-7.2,seed333
CO[C@@H]1CCC[C@@H](OCC(=O)N2CC[C@H]([NH+]3CCN(C)CC3)C2)C1,0.7255,4.9315,-7.1,-7.4,seed333
O=C(Nc1ccc(F)cc1)C[C@@H]1CCCCO1,0.8774,4.5882,-7.2,-7.2,seed333
C[C@H]1CCCN(S(=O)(=O)c2cc(Br)ccc2C(=O)[O-])C1,0.8116,4.4471,-7.0,-7.4,seed333
CCOc1ccc(O[C@H]2CC[C@@]([NH3+])(C(=O)[O-])C2)c(OC)c1,0.7809,4.5689,-7.4,-7.0,seed333
C[C@H](Nc1nnc(S(C)(=O)=O)c(=O)n1C1CCCC1)C(C)(C)C,0.8993,3.8917,-7.3,-7.1,seed333
COCCN(Cc1ccco1)c1cc(=O)[nH]c(C(C)C)n1,0.8459,4.1517,-7.1,-7.3,seed333
O=C([O-])C1CN(c2nc3cc(Cl)ccc3s2)C1,0.8187,5.0,-7.0,-7.3,seed333
CN(Cc1ccc(Br)cc1)C(=O)C[C@@H]1CCOC1=O,0.7982,4.288,-7.2,-7.1,seed333
CN(C(=O)[C@H]1CC(=O)N(C2CC2)C1)c1ccccc1,0.827,4.9755,-7.1,-7.2,seed333
CC[C@@H](C)[NH+](C)CCCN1C(=O)c2ccccc2C1=O,0.7866,4.648,-7.2,-7.1,seed333
COC[C@@H]1CCCN1C(=O)N[C@@H](C)c1c(C)noc1C,0.9181,4.2738,-7.2,-7.1,seed333
Cc1ccc(NC(=O)C(=O)N[C@@H](C)CCCO)c(Br)c1,0.7156,3.7998,-7.1,-7.1,seed333
CCOC(=O)c1cnn(-c2cccc(F)c2)c1N,0.8415,4.5134,-7.3,-6.9,seed333
CC[NH+](Cc1c(Cl)ccc2ccsc12)CCN1CCOCC1,0.8693,5.0,-7.2,-7.0,seed333
CCC(CC)[C@@H](O)[C@@H](C)C(=O)Nc1ccc(Cl)cc1,0.836,3.6887,-7.1,-7.1,seed333
COCc1ccc(C(=O)Oc2ccccc2C=O)o1,0.4691,4.2796,-7.1,-7.1,seed333
CC[C@H](NC(=O)N1CCC(O)(C(=O)[O-])C1)C(C)=O,0.6203,3.4367,-6.9,-7.2,seed333
CC[NH2+][C@@H](c1cscc1C)c1cc2c(s1)CCCC2,0.8853,4.91,-7.2,-6.9,seed333
Cc1cccnc1NC(=O)c1ccco1,0.812,4.5805,-7.2,-6.9,seed333
C[NH+](C)CC[C@@H]1COC[C@@H](C(=O)N2CCCCC2)N1,0.681,4.1393,-6.8,-7.2,seed333
CCc1nn(C)c(Cl)c1CN1CCC[C@@H]1[C@@H]1CCC[NH2+]1,0.9103,4.7661,-7.1,-6.9,seed333
CC[C@H](C)N(C)C(=O)c1cn(Cc2cccnc2)nn1,0.8296,4.2855,-6.8,-7.2,seed333
CC(C)CNC(=O)NCC1CC[NH+](C[C@H](O)C(C)(C)C)CC1,0.5814,3.5483,-6.9,-7.1,seed333
CCC[NH2+][C@@H](Cc1nccs1)c1c(C)cc(C)cc1C,0.8683,4.3321,-7.2,-6.8,seed333
Cc1cccc([C@@H](C(=O)[O-])N2CCOCC2)c1,0.7451,4.5789,-6.9,-7.0,seed333
CC[C@H](C)CO/N=C(/N)C/C=C/c1ccccc1,0.455,3.2706,-6.4,-7.5,seed333
Cc1ccc(N(CCC(N)=O)C(=O)NC2CC2)c(Br)c1,0.8631,4.3298,-6.9,-7.0,seed333
CC(C)NSc1nnc(-c2cccs2)n1C[C@@H]1CCCO1,0.8271,4.6317,-6.7,-7.2,seed333
CCc1ccc([C@H](C[NH3+])N2C[C@H](C)OCC2(C)C)cc1,0.9146,4.0057,-7.6,-6.3,seed333
CCC(=O)[C@@](C)(C(=O)NN)S(=O)(=O)c1ccc(OC)cc1,0.3352,3.2489,-7.3,-6.6,seed333
C=CCCC(=O)Nc1ccc([C@H]([NH3+])C(C)C)cc1,0.7456,3.8343,-7.1,-6.7,seed333
C=CCNC(=O)NC(=O)CSc1cccc(OC)c1,0.6157,3.7113,-6.8,-7.0,seed333
COC(=O)CCC[C@@H]([NH3+])c1nc2ccccc2n1C(F)F,0.8297,4.3027,-6.9,-6.9,seed333
CCC(=O)Nc1ccc(Cl)c(NC(N)=O)c1,0.7578,3.9372,-6.9,-6.9,seed333
COCC[C@@H](C)C(=O)N(C)[C@@H](C)Cc1cccc(OC)c1,0.7396,3.7085,-6.9,-6.9,seed333
CSCC[C@@H](NC(=O)c1ccncc1)C1=CCCCO1,0.8755,4.1375,-6.9,-6.9,seed333
Cc1c(C(=O)N2CCC(C)(C)C2)csc1[N+](=O)[O-],0.6117,4.0745,-6.9,-6.9,seed333
C[C@H]([NH2+][C@@H]1CCOC1)c1cc(F)c(F)c(F)c1,0.8039,4.4387,-7.1,-6.7,seed333
C=CCOC(=O)[C@H]1[C@@H](C(=O)OC)[C@@H](C)CN1Cc1ccccn1,0.5836,4.1808,-6.6,-7.1,seed333
COc1cccc(COC[C@H](O)CN2CC[NH+](CC3CC3)CC2)c1,0.676,5.0,-6.4,-7.3,seed333
Cc1ccc(-c2csc(NC(=O)CSC(C)(C)C)n2)s1,0.8889,4.1517,-6.7,-7.0,seed333
CCOC(=O)c1c(C)noc1-c1ccccc1,0.762,4.5047,-6.7,-6.9,seed333
C1CC[C@@H](C[NH2+]Cc2ccc3c(c2)OCO3)C1,0.8597,5.0,-6.9,-6.7,seed333
C[C@@H](NC(=O)CSc1nnnn1C)c1ccc(Cl)s1,0.8526,4.2478,-6.7,-6.8,seed333
O=[N+]([O-])c1cc(-c2nnco2)ccc1Cl,0.5785,4.0964,-6.7,-6.8,seed333
[NH3+][C@H]1C=C(c2ccc(Cl)cc2)CC1,0.7097,4.3716,-6.7,-6.7,seed333
CCN(C(=O)COc1ccccc1F)[C@@H](C)CC,0.7799,3.8127,-6.4,-7.0,seed333
O=C(CCc1ccc(F)cc1)NCC1CC1,0.8117,4.6504,-6.8,-6.6,seed333
COCCNC(=O)NC(=O)CCOCc1ccc(Cl)cc1,0.7163,3.8423,-6.6,-6.8,seed333
Cc1ncsc1CN1CCC(C[NH+]2CCCC2)CC1,0.8983,5.0,-6.7,-6.6,seed333
C[NH2+]C[C@H](C)C(=O)NCc1ccc(OC)c(C)c1,0.771,4.0708,-6.7,-6.6,seed333
CC(C)[NH+]1CCCC[C@@H]1C(=O)N1CCN(C(=O)CO)CC1,0.6661,4.4792,-7.0,-6.3,seed333
COc1cccc(Cn2ccc3c(cnc4nc(-c5ccc(C)cc5)n4n3)CC2)c1O,0.5482,5.0,-10.1,-10.9,seed999
c1cc2c(cc1-c1noc(-c3ccccc3F)n1)O[C@H](C(=O)NC1CCCC1)N2,0.7009,5.0,-9.6,-11.1,seed999
CC[C@H](C)n1c([C@@H]2CC(=O)N(c3ccc4ccccc4c3)C2)nc2ccccc21,0.4545,5.0,-9.5,-11.0,seed999
O=c1c2ccc(C(F)(F)F)cc2o/c(=N\S(=O)(=O)c2ccccc2)n1-c1ccc([N+](=O)[O-])cc1,0.3159,5.0,-10.8,-9.2,seed999
Cc1ccc(-c2nc(C(=O)NC[C@H]3C[C@@H]3c3ccc4c(c3)OCCO4)co2)cc1,0.714,5.0,-9.3,-10.6,seed999
O=C(NCc1ncn(-c2ccccc2)n1)C1CCN(S(=O)(=O)c2ccc3c(c2)OCCO3)CC1,0.5679,5.0,-9.6,-10.1,seed999
C=C1c2ccccc2C(=O)N1CCn1c(-c2cc(C)cc(F)c2)n[nH]1,0.7932,5.0,-9.2,-10.4,seed999
C=C1c2ccccc2C(=O)N1CN(C)C(=O)CSc1nnnn1-c1ccc(F)cc1,0.5654,5.0,-9.1,-10.5,seed999
CC(=O)N[C@H](CC(=O)N[C@H](c1ccccc1)c1ccccc1F)c1ccc(F)c(F)c1,0.5813,5.0,-10.4,-9.0,seed999
C[C@@H](NC(=O)C(=O)Nc1ccc(Cl)cc1C(=O)c1ccccc1)c1cccnc1,0.4973,5.0,-9.0,-10.3,seed999
Cc1c(O[C@@H](C)C(=O)NCc2ccc(Cl)c(S(N)(=O)=O)c2)c(=O)oc2ccccc12,0.5549,4.9546,-8.8,-10.4,seed999
O=C(Nc1ccc(C(=O)NNC(=O)c2ccc(F)cc2F)cc1)c1ccc(Cl)cc1,0.5488,5.0,-8.9,-10.3,seed999
COc1ccc(-c2cc3c(N4CCN(C(=O)c5ccccc5)CC4)ncnc3s2)cc1,0.4824,5.0,-9.7,-9.5,seed999
COc1ccc(Cl)cc1-c1nnc(NC(=O)c2cc(C)cc(C)c2)o1,0.7541,5.0,-9.2,-10.0,seed999
C[C@@H](Sc1nnc(Cc2ccccc2)s1)C(=O)N1c2ccccc2C[C@@H]1C,0.5931,5.0,-9.0,-10.1,seed999
CC(C)(C)c1ccc(OCC(=O)N2CCC(n3c(=O)[nH]c4ccccc43)CC2)cc1,0.7139,5.0,-9.1,-9.9,seed999
CC(=O)c1ccc(N2CCN(C(=O)C[C@H]3C(=O)O[C@@H]4CCCC[C@@H]43)C2)cc1,0.602,5.0,-9.2,-9.7,seed999
Cc1ccccc1[C@H]1[C@@H]2C(=O)N(c3cccc(Cl)c3)C(=O)[C@H]2[C@@H]2CCC[NH+]21,0.8122,5.0,-9.9,-8.9,seed999
O=c1[nH]nc(SCc2cccc3ccccc23)n1-c1ccc(F)cc1,0.5622,5.0,-9.0,-9.8,seed999
C[C@@H](Oc1ccc(-c2ccccc2)cc1)C(=O)N(C)c1ccc(C#N)cc1,0.6682,4.8975,-8.7,-10.1,seed999
Cc1cccc(Nc2ncnc(Nc3cccc(C(=O)[O-])c3)c2[N+](=O)[O-])n1,0.4938,4.9648,-8.9,-9.8,seed999
C[C@@H]([NH2+]C1CCN(C(=O)C(=O)NC(C)(C)C)CC1)c1ccc(-c2ccccc2)cc1,0.7643,5.0,-9.3,-9.4,seed999
NC(=O)c1cc(NCCNC(=O)Cn2c(=O)c(C(F)(F)F)c3cnccc3n2)ccc1F,0.3656,4.9042,-9.1,-9.6,seed999
O=C(COc1ccc(NC(=O)c2c[nH]c3ccccc23)cc1)c1ccccc1,0.4841,5.0,-8.8,-9.8,seed999
O=C(NN[C@@H](CC(F)(F)F)c1ccccc1)c1ccc2c(c1)OCCCO2,0.7755,4.8722,-9.1,-9.5,seed999
CCN(c1ccccc1)S(=O)(=O)c1ccc(CN2C(=O)NC3(CCC(C)CC3)C2=O)cc1,0.6695,5.0,-9.5,-9.1,seed999
CCC[C@H](C)NC(=O)[C@@H]1COCCN1C(=O)N1CCN(c2ccccc2C)CC1,0.8205,5.0,-9.0,-9.6,seed999
C[C@H]1c2cccn2CCN1CCn1nc(-c2ccc(Cl)cc2)ccc1=O,0.7081,5.0,-8.9,-9.6,seed999
COc1ccc(C(=O)NC(=S)Nc2ccc3c(c2)C(=O)N(C)C3=O)cc1Br,0.555,4.9934,-8.9,-9.6,seed999
C[NH+](C1CCN(Cc2ccc(C(N)=O)cc2)CC1)S(=O)(=O)c1ccc(F)cc1,0.743,5.0,-8.8,-9.6,seed999
O=C(c1ccccc1)N1N=C(c2ccc(C3CCCCC3)c([N+](=O)[O-])c2)CC1,0.562,5.0,-9.4,-9.0,seed999
COc1ccc2nc(NC3CCN(C(=O)c4c([O-])noc4C)CC3)cc(=O)n2c1,0.6838,5.0,-8.6,-9.8,seed999
Cc1cc(NC(=O)c2c(C)nn(-c3ccccc3)c2C)sc1C(=O)N[C@H](C)C(N)=O,0.5624,4.8908,-8.9,-9.5,seed999
Cc1cc(CN2CCN(C(=O)C3CC[NH+](Cc4ccncc4)CC3)CC2)no1,0.8141,5.0,-8.8,-9.5,seed999
O=C(c1cncc(C(F)(F)F)n1)N1CCN(Cc2csc(-c3ccccc3)n2)CC1,0.6296,5.0,-8.7,-9.6,seed999
C[C@@H](NC(=O)NCc1cccc2ccccc12)c1ccccc1,0.7367,5.0,-8.6,-9.6,seed999
C[C@H]1C[C@@H](Sc2nc3ccccc3n2CC(=O)Nc2ccccc2)C[C@H](c2ccccc2)O1,0.3814,5.0,-9.2,-9.0,seed999
CCc1nn2c(c1-c1ccc(Cl)cc1)NC(=O)[C@H]2CC(=O)Nc1ccc(F)cc1OCCOC,0.4356,5.0,-8.5,-9.7,seed999
CN(Cc1ccccc1Cl)C(=O)[C@H]1CC(c2ccc(Cl)cc2)=NO1,0.8192,4.8513,-8.6,-9.5,seed999
O=C(N/N=C\c1cc2ccccc2[nH]c1=O)c1ccccc1OC(F)F,0.544,4.8492,-8.6,-9.5,seed999
CN(Cc1ccc[nH]1)C(=O)N[C@H]1C[C@@H]1c1cccc2ccccc12,0.7534,5.0,-8.8,-9.3,seed999
COc1ccc([C@@H]2C(C(C)=O)=C([O-])C(=O)N2CCOc2ccc(C(N)=O)cc2)cc1,0.693,4.9511,-9.1,-9.0,seed999
CCn1c(SCC(=O)N2CCN(c3cccc(C)c3C)CC2)nnc1-c1ccccc1Cl,0.4906,5.0,-8.3,-9.8,seed999
Cc1ccc([C@@H](CNS(=O)(=O)c2ccc(F)c(C)c2)NC(N)=O)cc1,0.7308,4.3527,-9.0,-9.1,seed999
Cc1nc(NCCS(=O)(=O)/C=C/c2ccccc2)c2ccccc2[nH+]1,0.7386,4.7862,-8.5,-9.6,seed999
COc1ccc(NC(=O)CN(C)C(=O)c2cnc3c(C)cccc3c2C)c([N+](=O)[O-])c1,0.4804,5.0,-8.7,-9.4,seed999
COc1cccc([C@@H]2CC(=O)Nc3c2c(C)nn3-c2nc3ccccc3s2)c1OC,0.5331,5.0,-8.9,-9.2,seed999
O=C(CN1CCN(S(=O)(=O)c2ccc(Cl)c(Cl)c2)CC1)NCc1ccc(F)cc1,0.7202,5.0,-8.6,-9.4,seed999
C[C@@H](NC(=O)Cn1c(=O)oc2ccccc21)c1ccc(-n2cncn2)cc1,0.5855,5.0,-8.6,-9.4,seed999
COc1ccc(CNC(=O)Cn2cnc3c(s2)-c2ccccc2C3=O)cc1,0.5783,5.0,-8.4,-9.6,seed999
CC1=NC(C)=C(C(=O)N2CCCCC2)[C@H]1c1ccc(OCc2ccccc2)cc1,0.7142,5.0,-9.1,-8.8,seed999
O=C(Cc1cccc(F)c1)NCC(=O)Nc1ccc(Oc2ccccc2)cc1,0.6549,5.0,-8.8,-9.1,seed999
COc1cccc(C(=O)N/N=C/c2ccc(-c3cccc([N+](=O)[O-])c3)o2)c1O,0.3829,4.8746,-8.6,-9.3,seed999
Cc1cccc(C(C)C)c1NC(=O)[C@H](C)Nc1ccc(N2CCCC2)c(F)c1,0.7116,5.0,-8.4,-9.4,seed999
CCn1c(CN2CCCCCC2=O)nnc1SCC(=O)Nc1cc(C)ccc1C,0.6997,5.0,-8.6,-9.2,seed999
COc1ccc(CC(=O)N[C@@H](C)c2ccc(-c3ccncc3)cc2)cc1OC,0.6718,5.0,-8.7,-9.1,seed999
CC1=C(C(=O)OC[C@H](O)c2ccccc2Cl)Oc2ccccc2C1=O,0.7203,4.9496,-8.6,-9.2,seed999
CC(=O)N1CCN(C(=O)c2nn(-c3ccc(C(F)(F)F)cc3)c(=O)n2C2CCCC2)CC1,0.7183,5.0,-9.2,-8.6,seed999
Cc1cc(Cl)cc2sc(OC3CCN(C(=O)c4ccoc4)CC3)nc12,0.6732,5.0,-8.8,-8.9,seed999
O=C(Cc1cnc[nH]c1=O)N1CCC(O)(c2ccccc2F)CC1,0.8771,4.8778,-8.6,-9.1,seed999
CC[NH+](CC)CCn1c(CN2CC[NH+](CCc3ccccc3)CC2)nc2c1c(=O)[nH]n2C,0.3755,5.0,-8.6,-9.1,seed999
COc1ccc(C(=O)N/N=C2\CCCc3oc4ccccc4c32)c(OC)c1,0.7123,5.0,-8.5,-9.2,seed999
COc1cc(NC(=O)C2CCN(C(=O)c3cccn3C)CC2)ccc1C,0.9172,5.0,-8.2,-9.4,seed999
COc1ccc([C@H]2CCCN2C(=O)NCC(=O)Nc2c(C)cccc2C)cc1,0.8276,5.0,-8.6,-9.0,seed999
O=C(Nc1ccc([N+](=O)[O-])cc1)[C@@H]1CN(Cc2ccc(F)cc2)CCO1,0.6551,5.0,-8.4,-9.2,seed999
CCOc1ccccc1Oc1ncccc1C(=O)Nc1ccc2c(c1)OCO2,0.6907,5.0,-9.0,-8.6,seed999
Cc1nc(C(=O)N[C@H](CO)CC(c2ccccc2)c2ccccc2)[nH]n1,0.6103,4.8234,-9.0,-8.6,seed999
O=S(=O)(c1cccc2nsnc12)c1cnn(-c2ccccc2F)c1,0.5613,5.0,-8.4,-9.2,seed999
Cc1ncsc1CN1CCC[C@@H](c2nnc(Cc3ccccc3)o2)C1,0.6973,5.0,-8.5,-9.0,seed999
CN(Cc1cnccn1)c1nc(-c2ccccc2)nc2c1CCC2,0.74,5.0,-8.8,-8.7,seed999
CN1CCO[C@@H](C(=O)NCc2c(C(=O)N3CCOCC3)nc3ccccn23)C1,0.7787,5.0,-8.8,-8.7,seed999
NC(=O)c1cccc(CNC(=O)c2cc(Cl)ccc2O)c1,0.8071,4.5573,-8.8,-8.7,seed999
COc1ccc2sc(N(Cc3ccccc3C)C(=O)N3CCN(c4cccc(C)c4)CC3)nc2c1,0.354,5.0,-9.7,-7.8,seed999
Cc1nc2ccccn2c1C(=O)Nc1ccc(C(=O)NN)c(C)c1,0.3885,4.951,-8.5,-9.0,seed999
COc1ccc2[nH]cc(-c3nc(-c4ccc(N)cc4)cs3)c2c1,0.5441,5.0,-8.5,-9.0,seed999
CN(CCc1ccccc1)C(=O)C(=O)c1cnn(-c2ccccc2)n1,0.5116,4.8221,-8.3,-9.2,seed999
Cc1ccc(NC(=O)CCn2nnc3cc(C(=O)[O-])ccc32)cc1,0.7585,5.0,-8.5,-9.0,seed999
COc1ccccc1[C@H](C)N[C@@H](C)c1noc(-c2ccc(Cl)cc2)n1,0.6855,4.9068,-8.2,-9.2,seed999
CCCOc1ccc(-n2c(=O)[nH]c3cc(C(=O)NCCC(C)C)ccc3c2=O)cc1,0.5973,5.0,-8.7,-8.7,seed999
NC1=C(c2nc3cccnc3[nH]2)SN=C1c1ccccc1,0.5938,5.0,-8.5,-8.9,seed999
CC(C)CCN1CCC[NH+](Cc2cc(=O)n(C)c(=O)n2C2CCCCC2)CC1,0.7926,4.8919,-8.7,-8.7,seed999
C[C@H](CC(=O)NNC(=O)CCc1ccccc1)c1ccccc1,0.806,4.5654,-8.2,-9.2,seed999
C[C@H](c1ccncc1)N(C)C(=O)Nc1cccc(CS(=O)(=O)c2ccccc2)c1,0.659,4.9758,-8.6,-8.8,seed999
Cc1ccc(NC(=O)C(=O)NC[C@@]2(C)C[C@@H](C)CC2=O)cc1,0.8392,4.2126,-8.4,-8.9,seed999
O=C([C@H]1COc2cc(F)ccc2O1)N1CCC[C@@H]1c1nc2ccccc2[nH]1,0.7553,5.0,-8.9,-8.4,seed999
C[C@@H]1CCC[C@@]2(C(=O)NCCc3cccc(O)c3)C(=O)[C@H]2C1,0.8395,4.8876,-8.5,-8.8,seed999
Cc1ccc(C(=O)CCC(=O)Nc2ccc(N3CCOCC3)cc2)cc1,0.8094,5.0,-8.4,-8.9,seed999
Cc1onc(-c2c(F)cccc2Cl)c1C(=O)N/N=C/c1ccccc1,0.5616,4.9064,-8.9,-8.4,seed999
Cc1cc(C)c(NC(=O)[C@@H]2CC(=O)N(Cc3ccccc3)[C@@H]2C(C)C)c(C)c1,0.825,4.9969,-8.8,-8.5,seed999
Cc1nc(C)n([C@@H]2CCCN(C(=O)C[C@H](O)c3cccc(F)c3)C2)n1,0.9222,4.9865,-8.6,-8.7,seed999
CCC[C@H]1C[C@@H]1NC(=O)C(=O)Nc1cccc(Oc2ccc(C)nn2)c1,0.7782,5.0,-8.3,-8.9,seed999
COc1cc(OC)cc(C(=O)NCc2cc3ccccc3[nH]c2=O)c1,0.7488,5.0,-8.4,-8.8,seed999
CS(=O)(=O)N1CCC(Cc2cccc3c2CCCC3)CC1,0.8609,4.9912,-8.4,-8.8,seed999
C[C@H]1OCC[C@@H]1C(=O)O[C@@H](c1ccccc1)c1c(F)cccc1Cl,0.761,4.8801,-8.9,-8.3,seed999
CS(=O)(=O)Cc1cccc(C(=O)N2CCN(c3ncccc3C#N)CC2)c1,0.7921,4.9461,-7.9,-9.3,seed999
Cc1cc([C@](C)(O)CNC(=O)[C@H](C)Oc2cc(F)cc(F)c2)ccc1F,0.8244,4.3304,-8.1,-9.1,seed999
Cc1noc([C@H](C)NC(=O)NCC2(c3cccc(F)c3)CCCC2)n1,0.8695,4.9069,-8.7,-8.5,seed999
COc1ccc(CNC(=O)c2csc(COc3ccc(C)cc3)n2)cc1,0.6855,5.0,-8.0,-9.2,seed999
FC(F)(F)c1ccc(-c2noc(C3CC[NH2+]CC3)n2)cc1,0.9244,4.8523,-8.3,-8.8,seed999
O=C(Nc1cc(F)ccc1-n1cncn1)[C@H](O)c1ccccc1,0.7728,4.9686,-8.1,-9.0,seed999
C[C@H]1COc2ccc(-c3nc(C(C)C)cs3)cc2NC1=O,0.915,4.769,-8.1,-9.0,seed999
C[C@H](C(=O)Nc1cccc(OCC(F)(F)F)c1)[NH+]1CCc2sccc2C1,0.8312,5.0,-8.2,-8.9,seed999
CCn1c(SCC(=O)N(C)Cc2ccc(F)cc2)nc2cc(S(N)(=O)=O)ccc21,0.5743,4.9071,-8.5,-8.6,seed999
NC(=O)[C@H]1CCCN1C(=O)c1ccc(-c2ccsc2)cc1,0.9463,4.9769,-8.6,-8.5,seed999
Cc1[nH]c(=O)c(C#N)c(C)c1CCC(=O)N[C@@H](C)c1ccccc1F,0.8767,4.2591,-8.3,-8.7,seed999
O=C(Oc1ccccc1)N1CCN(Cc2cnc(-c3ccccc3)s2)CC1,0.6839,5.0,-8.1,-8.9,seed999
Cc1cc(C(=O)C[NH+]2CCC[C@H]2c2ccc3c(c2)OCCO3)on1,0.8581,5.0,-8.5,-8.5,seed999
C[C@H](NC(=O)C(=O)Nc1cccc(OC(F)(F)F)c1)c1ccc(Cl)s1,0.7691,4.3253,-8.1,-8.9,seed999
CC(=O)N[C@@H](Cc1c[nH]c2ccccc12)C(=O)Nc1nccs1,0.6715,4.9853,-8.6,-8.4,seed999
CCCN1CC(=O)N2[C@@H](CC3=c4ccccc4=[NH+][C@H]3[C@H]2c2ccccc2)C1=O,0.7887,5.0,-8.7,-8.3,seed999
COc1ccc([C@H]2CCCN2C(=O)Cc2cccc(OC(F)F)c2)cc1,0.7739,5.0,-8.4,-8.6,seed999
COc1cccc([C@H](C)CCNC(=O)c2cnc3sc(C)cn3c2=O)c1,0.7229,5.0,-8.0,-8.9,seed999
CCc1ccc(C(=O)N[C@@H](C)C(=O)Nc2ccc(S(C)(=O)=O)cc2)cc1,0.8121,4.4685,-8.4,-8.5,seed999
CC[NH+]1CCC(Oc2cc(CNC(=O)NC[C@H](C)c3ccccc3)c[nH]2)CC1,0.5618,4.9577,-8.1,-8.8,seed999
CSCc1cccc(C(=O)NNC(=O)NCc2ccc(F)cc2)c1,0.7286,4.4433,-8.0,-8.9,seed999
O=C(c1cnc(-c2ccncc2)n1-c1ccc(F)cc1)N1CCC1,0.7448,5.0,-8.6,-8.3,seed999
CC(C)n1cc([C@@H](C)[NH2+][C@@H]2CCCn3nc(C(C)C)n3CC2)cn1,0.9136,4.6796,-8.3,-8.6,seed999
C[C@@H](Cc1ccccc1)C(=O)NNC(=O)NCc1ccncc1,0.7361,4.5035,-8.0,-8.9,seed999
COC(=O)c1cc(NCC2(C)C(=O)C[C@H](C)C2)nc2ccccc12,0.8718,4.8908,-8.2,-8.7,seed999
CC(C)(C)N1C[C@@H](NC(=O)c2cc3c([nH]c2=O)CCCC3)CC1=O,0.8588,4.7954,-8.0,-8.9,seed999
CS(=O)(=O)N1CC[C@@H](Nc2cccc(-c3nonc3C3CC3)c2)C1,0.8897,5.0,-8.5,-8.3,seed999
COc1cccc(Nc2ncnc(NC3CCCCCC3)c2N)c1,0.7212,5.0,-7.8,-9.0,seed999
O=C(Cc1csc(-c2cccc(C(F)(F)F)c2)n1)NCC1CCC1,0.8704,5.0,-7.8,-9.0,seed999
CC(C)(C)c1nn(CC(=O)NC2CCN(c3cccc[nH+]3)CC2)c(N)c1C#N,0.8255,4.9025,-8.1,-8.7,seed999
CCN(CC1CCN(c2[nH+]ccn2C)CCO1)C(=O)c1cccc(C#N)c1,0.8009,4.9389,-8.2,-8.6,seed999
C#CCNC(=O)/C=C/c1cccc(OCc2cccc(C)c2)c1,0.6565,4.2301,-8.1,-8.7,seed999
CC1(CNC(=O)Nc2ccc(Cl)c(C(F)(F)F)c2)CCOCC1,0.8537,4.3228,-7.9,-8.8,seed999
CC(=O)N1CCC[C@H]1c1nc(C)cc(-c2ccccc2)n1,0.8492,5.0,-8.2,-8.5,seed999
CC1(C)CN(C(=O)c2ccc3c(c2)OCO3)C[C@@H]1N1CCOCC1,0.8233,5.0,-8.9,-7.8,seed999
CCNC(=O)NC(=O)[C@@H](C)[NH+](Cc1ccc(C)cc1)C1CCCCC1,0.7371,4.6569,-8.1,-8.6,seed999
CCn1cncc1C1CC[NH+](CC(=O)N[C@H]2CCc3ccccc32)CC1,0.8553,5.0,-8.0,-8.7,seed999
Cc1ccccc1OCC(=O)N[C@@H](C)c1ccc(S(N)(=O)=O)cc1,0.8327,4.49,-8.0,-8.7,seed999
O=C(CC[NH2+][C@@H]1CCC[C@@H]2[C@@]1(C)C(=O)N2Cc1ccccc1)c1ccccc1,0.5959,5.0,-8.5,-8.2,seed999
O=C([O-])[C@H](c1ccccc1)[NH+]1CCC(N[C@H]2CCO[C@@H](C(=O)[O-])C2)CC1,0.5762,5.0,-8.1,-8.6,seed999
O=C(COc1ccc(S(=O)(=O)NC2CCCCC2)cc1)N1CCCCC1,0.8232,5.0,-8.1,-8.6,seed999
CCc1[nH+]ccn1CC1CCN(C(=O)C(C)(C)c2ccccc2)CC1,0.8243,4.9442,-8.2,-8.5,seed999
Cc1cc(C(=O)COc2ccc(C(=O)NC(C)C)cc2)ccc1F,0.8249,4.6112,-8.2,-8.5,seed999
COc1ccc(N2CC[NH+](CCNS(=O)(=O)c3ccc(C)c(C)c3)CC2)cc1,0.7227,5.0,-7.7,-8.9,seed999
COc1ccc(-c2noc(CNc3ccc(CS(N)(=O)=O)cc3)n2)cc1,0.6498,4.8453,-8.1,-8.5,seed999
COc1ccc(S(=O)(=O)N2CC[NH2+][C@H](C)C2)c2ccccc12,0.9096,5.0,-8.4,-8.2,seed999
Cc1c([C@@H](C)[NH+](C)CC(C)(C)C)cnn1-c1cc2ccccc2o1,0.7957,4.8343,-7.9,-8.7,seed999
CSc1ccc([C@@H]2C(C(=O)Nc3ccc(Cl)cc3)=C([O-])C(=O)N2C)cc1,0.8186,4.8794,-8.3,-8.2,seed999
O=C(c1csc(C2CC2)n1)N1CC[C@H](c2nnc(-c3cccs3)o2)C1,0.6971,5.0,-8.3,-8.2,seed999
CC1(C)C(=O)NCCN1C(=O)COc1ccc(Cl)c(C(F)(F)F)c1,0.8961,4.2338,-8.2,-8.3,seed999
Cc1ccc2c(Cl)c(C(=O)NCC[NH+]3CCOCC3)oc2c1C,0.8852,5.0,-7.8,-8.7,seed999
CC(C)c1nnc(NC(=O)NCCCn2ncc3ccccc32)s1,0.6725,5.0,-7.9,-8.6,seed999
C[C@H](CCCO)NC(=O)N1CCO[C@H](c2cccc(C(F)(F)F)c2)C1,0.8487,4.3669,-8.2,-8.3,seed999
CCS[C@H]1CCCCN(C2CC[NH+](Cc3cccc(C)c3)CC2)C1,0.875,4.9425,-8.1,-8.4,seed999
C[C@H](NCc1nncn1C1CC1)c1ccc(NC(=O)C2CCCC2)cc1,0.7978,5.0,-8.0,-8.5,seed999
CCc1noc(CC)c1C(=O)Nc1ccc2[nH]c(=S)oc2c1,0.7139,4.7457,-8.4,-8.1,seed999
Cc1nc(NCCS(=O)(=O)c2ccc(F)cc2F)cc(C)c1Br,0.7725,4.226,-7.9,-8.6,seed999
COC(=O)c1cc(F)ccc1NC(=S)NC(=O)c1ccc(F)cc1,0.6581,4.4554,-7.9,-8.6,seed999
Cc1sc(=O)n(CCC(=O)N(C)c2cccc(C(C)C)c2)c1C,0.8376,4.2562,-7.8,-8.6,seed999
CC(C)(C)CC(=O)N1CCC(c2nn(C)c(-c3ccccc3)n2)CC1,0.8573,4.9424,-7.9,-8.5,seed999
COc1ccc(NC(=O)c2ccc(N[C@H]3CCS(=O)(=O)C3)o2)c(OC)c1,0.7906,4.848,-7.9,-8.5,seed999
O=C(CCSc1cccc[n+]1[O-])N[C@@H](c1cccs1)c1cccc(F)c1,0.3793,4.5759,-8.1,-8.3,seed999
CNC(=O)[C@@H]1CCC[NH+](Cc2coc(-c3cccc(C)c3)n2)C1,0.8911,5.0,-7.8,-8.6,seed999
C#Cc1cccc(N(CC(=O)NCc2ccc(F)cc2C)C(=O)NC)c1,0.8119,4.1173,-8.0,-8.4,seed999
Cc1cccc(NC(=O)[C@H](C)Oc2c(C)[nH]c(=O)[nH]c2=O)c1,0.786,4.3763,-8.1,-8.3,seed999
Cn1ncc2c1CCC[C@@H]2[NH2+][C@@H](C(N)=O)c1ccccc1,0.8621,5.0,-8.2,-8.2,seed999
NC(=O)[C@H](Oc1ccc(F)cc1)C(=O)c1cccc([N+](=O)[O-])c1,0.3778,4.1421,-8.0,-8.4,seed999
CCOc1ncccc1CNC(=O)c1cc(OC)c2ccccc2n1,0.7485,5.0,-7.9,-8.5,seed999
Cc1nc(C(C)(C)NS(=O)(=O)c2ccc(Cl)c([N+](=O)[O-])c2)sc1C,0.6219,4.0151,-8.0,-8.3,seed999
CC(C)C(=O)N1CCC(NC(=O)CCc2c(F)cccc2Cl)CC1,0.8825,4.5147,-7.9,-8.4,seed999
C[C@H]1C(=O)N(C[C@H](O)COc2ccc(C#N)cc2)c2ccccc21,0.9174,4.7976,-7.5,-8.8,seed999
Cc1ccn(-c2nc(N)c3ccccc3n2)n1,0.684,4.8801,-8.4,-7.9,seed999
O=C(CCc1ccc(Cl)s1)Nc1nc(-c2ccccc2)cs1,0.6968,5.0,-7.7,-8.6,seed999
CC(=O)c1cccc(OCC(C)(C)c2ccccc2)c1,0.7579,4.4544,-8.0,-8.3,seed999
CCN(c1ccc([N+](=O)[O-])cc1)[C@@H](C)C(=O)Nc1cccc(F)c1,0.6482,4.3399,-7.9,-8.4,seed999
Cc1ccc(CN(C)C(=O)NC2(Cc3ccccc3)CCC2)o1,0.91,4.8422,-7.9,-8.4,seed999
O=S(=O)(c1ccc(Cl)cc1)N1CCN(S(=O)(=O)c2cccs2)CC1,0.7787,5.0,-8.1,-8.2,seed999
Cc1cc(C)cc(CS(=O)(=O)CC(=O)N2C[C@@H](C)O[C@H](C)C2)c1,0.8398,4.2482,-7.6,-8.7,seed999
Cc1ccc([C@@H](CNC(=O)N2CC[C@@H](C)[C@H](O)C2)N2CCOCC2)cc1,0.858,4.9801,-8.7,-7.6,seed999
CC[NH+]1CCC[C@@]1(CN1CCCN(C(=O)CO)CC1)c1cccc(C)c1,0.8,5.0,-8.8,-7.4,seed999
CCC[NH2+][C@@H](Cc1c(F)cccc1F)c1cc(F)cc(F)c1,0.7864,4.5923,-8.3,-7.9,seed999
COC[C@H]1CCN(C(=O)c2ccc(COc3ccc(Cl)cc3Cl)o2)C1,0.7464,5.0,-7.4,-8.8,seed999
COC(=O)c1ccc(C(=O)NC[C@@H](C)c2nnc3ncccn23)cn1,0.685,4.9645,-7.9,-8.3,seed999
CC[C@@H](C)CN(C)C(=O)Nc1ccccc1C[NH+]1CCC(C)CC1,0.8254,4.4318,-8.0,-8.2,seed999
C/[NH+]=C(\NS[C@H](C)c1cccc(C)c1)Nc1ccccc1,0.4613,4.0503,-8.0,-8.2,seed999
COc1c(Br)cccc1CNC(=O)N[C@@H]1CCN(CC(F)(F)F)C1=O,0.7632,4.3178,-7.6,-8.6,seed999
CN(CC/C=C/c1ccccc1)C(=O)N[C@H](C)c1nncn1C,0.8914,4.1572,-7.6,-8.6,seed999
C[C@H](OCc1cnc(-c2ccccc2F)s1)c1nc(C2CC2)no1,0.6587,5.0,-7.6,-8.6,seed999
Cc1ccc(C)c(C(=O)NCC(=O)N(C)C[C@@H]2CCCO2)c1,0.9,4.4527,-7.7,-8.5,seed999
COc1cccc(NC(=O)C[NH+](C)[C@@H](C)c2ccc(-n3cncn3)cc2)c1,0.6645,5.0,-7.7,-8.5,seed999
Cc1cnc2c(c1)nc(CCCl)n2-c1cccc(Cl)c1C,0.6666,4.9135,-8.4,-7.8,seed999
CC(C)CN(C(=O)CCCNC(=O)c1ccccc1)c1ccccc1,0.7426,4.4851,-7.1,-9.0,seed999
O=C(Cc1ccncc1)N(C[C@H]1CCCO1)c1cc(C(F)(F)F)c[nH]1,0.8982,4.7793,-7.7,-8.4,seed999
CC[C@H](C)c1ccc([C@@H](C)[NH2+][C@H](C)c2ccccc2F)cc1,0.7944,4.4888,-7.5,-8.6,seed999
CCCCN(C)C(=O)[C@@H](C)Sc1nc2ccccc2c(=O)n1C1CC1,0.561,4.9971,-7.8,-8.3,seed999
C[C@H](Sc1nnc(-c2ccco2)o1)c1nc(-c2cccs2)no1,0.4941,5.0,-7.6,-8.5,seed999
C[C@H]1CCCC[C@H]1NC(=O)NC[C@@H]1CCCS1c1ccc(F)cc1,0.6976,4.6193,-8.1,-7.9,seed999
C[C@@H](C(=O)N[C@@H]1CCCc2ccc(F)cc21)N1CCOCC1,0.929,5.0,-8.4,-7.6,seed999
COc1ccc(NC(=O)NCc2cccc(OCC(F)F)n2)cc1,0.8144,4.4021,-7.9,-8.1,seed999
CCCc1cc(NC(=O)C(=O)N[C@H]2C[C@H]2C2CCCCC2)n(C)n1,0.813,4.9313,-7.5,-8.5,seed999
Cc1ccc(C)cc1NC(=O)C1CCCCC1,0.8233,4.795,-7.9,-8.1,seed999
Cc1n[nH]c(C)c1NC(=O)C(=O)NC[C@@H]1CCCC[C@@H]1C(=O)[O-],0.6525,4.2037,-7.8,-8.2,seed999
O=C(NCC1CC1)[C@H]1CCN(c2c(F)cc(F)cc2C(F)(F)F)C1,0.8468,5.0,-7.8,-8.2,seed999
Cc1cc(N2CCC([NH+](C)Cc3ncoc3C(F)(F)F)CC2)n[nH]1,0.8804,4.6961,-7.8,-8.2,seed999
CO[C@H](C)C(=O)N1CCO[C@](C)(c2cccc3ccccc23)C1,0.8743,4.8318,-7.8,-8.2,seed999
CC[C@H]1CCC[C@H](Nc2ncnc(Oc3ccc(F)cc3)c2[N+](=O)[O-])C1,0.5932,4.8238,-7.5,-8.5,seed999
CC(C)Oc1cccc(/C([O-])=N/S(=O)(=O)C2CCCC2)c1,0.614,4.3796,-7.8,-8.2,seed999
COc1ccc(F)cc1NC(=O)C[C@@H]1SC(N2CCN(C)CC2)=NC1=O,0.8514,4.9477,-7.7,-8.3,seed999
O=[S@@](Cc1n[nH]c(-c2cccs2)n1)c1cc(F)cc(F)c1,0.8016,4.4385,-7.9,-8.1,seed999
COC(=O)c1cn(CC(=O)NCc2ccc(C(F)(F)F)cc2)nc1C,0.8357,4.4505,-7.6,-8.4,seed999
COc1cccc(C(N)=O)c1OCc1ccc(F)cc1,0.9116,4.5832,-8.2,-7.8,seed999
O=C(Nc1cc([N+](=O)[O-])ccc1F)N1CCCCCC1,0.668,4.4834,-7.9,-8.0,seed999
C[C@H]1CN(C(=O)Cn2c(Cl)nc3c2c(=O)n(C)c(=O)n3C)CC1,0.7186,4.806,-7.9,-8.0,seed999
CN(Cc1nccs1)C(=O)C1CCN(S(=O)(=O)c2c(Cl)cccc2Cl)CC1,0.7022,4.9915,-8.0,-7.9,seed999
CCN(CC(=O)NCc1cccs1)C(=O)[C@H]1C[C@H]1c1ccccc1,0.8408,4.9478,-7.5,-8.4,seed999
O=C(OC[C@@H]1CCCO1)c1cc(-c2cccc(Cl)c2)n[nH]1,0.8818,5.0,-7.8,-8.1,seed999
O=C(c1ccccc1C(F)(F)F)N1CCN(S(=O)(=O)c2cccs2)CC1,0.7906,4.9627,-7.8,-8.1,seed999
CC(C)n1ncc(C(=O)Nc2ccc3c(c2)OCCO3)c1C1CC1,0.9349,5.0,-7.8,-8.1,seed999
Cc1cc(C)n2nc(SCc3ccc(Br)cc3)nc2n1,0.6749,4.7667,-7.5,-8.3,seed999
Cc1ccccc1N1C[C@@H](C(=O)NCCC(C)C)CC1=O,0.9048,4.5308,-7.7,-8.1,seed999
COc1cc(F)cc(C=C2C(=O)N(C)C(C)=C2C(=O)N(C)CC)c1,0.7959,4.1718,-7.7,-8.1,seed999
O=C([O-])c1ccn(Cc2ncc(-c3ccc(Cl)cc3)s2)c1,0.7431,4.9745,-7.8,-8.0,seed999
CNc1cc[nH+]c(C(=O)N2CCC(C(C)(C)C)CC2)c1,0.9016,4.4446,-7.9,-7.8,seed999
CC(C)C[C@H]1CCN(C(=O)c2cccc3c2O[C@H](C)C3)CC1,0.8469,5.0,-7.8,-7.9,seed999
COc1ccc([C@@H]2CC(=O)c3cc(C)nnc32)cc1OCCCC#N,0.7526,4.8309,-7.5,-8.2,seed999
O=C(/C=C/c1ccco1)N[C@@H](c1ccccc1)C1CC1,0.8416,4.87,-7.9,-7.8,seed999
CSc1nsc(NC(=O)c2cccc(C(F)(F)F)c2)n1,0.8794,4.265,-7.3,-8.4,seed999
COc1ccc(C(=O)N[C@H]2CCc3ccc(Br)cc32)cc1,0.9162,5.0,-7.6,-8.1,seed999
Cc1noc(C)c1P(=O)(=O)NC[C@H](O)c1cc(Cl)cc(Cl)c1,0.792,4.348,-7.8,-7.9,seed999
C[C@@H]1C(=O)N2CCCC[C@@H]2C(=O)N1CN(C)c1ccccc1,0.8532,4.8027,-7.8,-7.9,seed999
O=C(NC[C@@H]1COCCO1)[C@H]1COc2ccc(F)cc2C1,0.9003,4.9739,-7.7,-7.9,seed999
C1CC[C@@H](OC(=O)CN2CSCC2=NC2=NC(S2(C)C)=N/CC2(Cl)CCOC2)CC1,0.4502,4.6724,-7.9,-7.7,seed999
O=C(C=C1CCS1)NNC(=O)c1ccccc1[N+](=O)[O-],0.4978,3.9227,-7.7,-7.9,seed999
CC[C@H]1C(=O)NCC[NH+]1CC(=O)NC(=O)NC1CCCC1,0.5114,4.3124,-7.7,-7.9,seed999
COC(=O)c1nn(C/C=C/c2ccccc2)c(C)c1C,0.8021,4.3398,-7.7,-7.9,seed999
c1ccc2c(Oc3ccc(Br)cc3)noc2c1CO,0.7957,4.7882,-7.9,-7.7,seed999
O[C@@H](CSc1ccc(Cl)cc1)Cc1nccn1Cc1ccccc1,0.6404,4.8248,-7.3,-8.3,seed999
CN(CC1CCCC1)C(=O)CSc1nnc(-c2ccco2)n1C,0.7602,4.9163,-7.5,-8.1,seed999
O=C(COCC1CC1)N1CCN(S(=O)(=O)c2ccc([N+](=O)[O-])cc2Cl)CC1,0.4909,4.955,-7.6,-8.0,seed999
CCc1ccc(C(=O)N[C@@H](C)C(=O)N2CCN(C)CC2)cc1,0.9074,4.5582,-7.4,-8.2,seed999
CCc1ccc(OC)c(NCc2ccc(-c3cccs3)o2)c1,0.6797,5.0,-7.6,-8.0,seed999
CC(C)c1nsc(N2C[C@@H](C)C[C@@H]2c2ccccc2)n1,0.8448,4.6708,-7.9,-7.6,seed999
CN(CC(C)(C)C)C(=O)c1cc(-c2ccccc2)n[nH]1,0.9316,4.2399,-7.5,-8.0,seed999
Cc1n[nH]cc1C(=O)N1C[C@@H](O)C[C@H]1c1cccc(Cl)c1Cl,0.8831,4.8414,-8.2,-7.3,seed999
CCOc1ccccc1N1CCc2sccc2[C@@H]1c1ccc([N+](=O)[O-])cc1,0.4505,5.0,-8.2,-7.3,seed999
CC(C)[C@H](c1ccccc1)n1c(=S)[nH]c2ccc([N+](=O)[O-])cc21,0.423,4.6339,-7.7,-7.8,seed999
NC(=O)NC[C@H]1C=CCN1C(=O)c1cccc(F)c1,0.7941,4.1798,-7.6,-7.9,seed999
Cc1nc(C2CC2)nc(N2CCC(OCC[NH+]3CCCC3)C2)c1C,0.8518,5.0,-7.7,-7.8,seed999
COc1ccc(NCC2CC[NH+](CCc3ccccn3)CC2)cc1OC,0.76,5.0,-7.5,-8.0,seed999
CCN(CC)C(=O)C1CC[NH+](CCC(=O)Nc2cc(C)on2)CC1,0.7582,4.4205,-7.4,-8.0,seed999
CO[C@@H]1CCCC[C@@H]1NC(=O)C(=O)Nc1ccccc1C(=O)N(C)C,0.8061,4.3628,-7.3,-8.1,seed999
C[NH+](Cc1nc(-c2ccccc2Cl)no1)C[C@H]1CCCO1,0.9111,5.0,-7.2,-8.2,seed999
COc1ccc(S(=O)(=O)N2CCCC[C@@H]2C)cc1S(=O)(=O)NC(C)(C)C,0.813,4.2721,-7.6,-7.8,seed999
O=C(NCC1(N2CCOCC2)CCCCC1)c1cncn1C1CC1,0.8957,5.0,-7.8,-7.6,seed999
O=C(OCC1CCCCC1)c1ccc2nncn2c1,0.7945,4.9827,-7.6,-7.7,seed999
CCN(CC)S(=O)(=O)c1ccc2c(c1)[C@@H]1C=CC[C@H]1[C@@H](c1cccc(OC)c1O)N2,0.6724,5.0,-8.1,-7.2,seed999
CCCOc1ccc(Cl)cc1NC(=O)[C@H]1C=C(C=O)[C@H](C)C1,0.8096,4.1569,-7.3,-8.0,seed999
CC[C@H](c1ccc(S(C)(=O)=O)cc1)[NH+]1CCN(CC(F)(F)F)CC1,0.8555,4.2951,-7.6,-7.7,seed999
CCN(C(=O)c1ccccc1C(=O)[O-])[C@H](C)c1ccc(F)cc1,0.8513,4.4557,-7.4,-7.9,seed999
Nc1ccccc1[C@H](O)c1ccccc1[N+](=O)[O-],0.492,4.0965,-7.8,-7.5,seed999
Cc1cccc(NC(=O)C(=O)NCC2CCC2)c1C,0.8182,4.6478,-7.4,-7.9,seed999
Cc1csc2nc(CNS(=O)(=O)N(C)Cc3ccccc3)cn12,0.7408,4.7604,-7.4,-7.9,seed999
CC(C)CS(=O)(=O)[N-]c1c([O-])nc2cc(Cl)c(C(=O)[O-])cc2n1,0.7684,4.5286,-7.6,-7.7,seed999
C[C@@H](CO)NC(=O)N[C@H](c1cccc(OC(F)F)c1)C1CC1,0.7237,4.3264,-7.4,-7.9,seed999
CCc1ccc(C[NH+]2CCN(Cc3scnc3C)CC2)cc1,0.9095,5.0,-7.5,-7.7,seed999
C=CC[NH+](Cc1cn(C)nc1-c1cccnc1)[C@H]1CCS(=O)(=O)C1,0.7603,4.7291,-7.9,-7.3,seed999
Cc1n[nH]c(C(=O)O[C@H](C)[C@@H](C)c2ccccc2)n1,0.8563,4.1243,-7.5,-7.7,seed999
O=C(c1ccc[nH]c1=O)N1CCC[C@H](Cn2ccnn2)C1,0.8916,4.9072,-7.3,-7.9,seed999
COC[C@H](C)NC(=O)NCc1cccc(-c2nc[nH]n2)c1,0.7473,4.3314,-7.5,-7.7,seed999
O=C(CO[C@@H]1CCCC[C@@H]1O)c1cccc(Br)c1,0.8695,4.4178,-7.5,-7.7,seed999
COc1ccc(CNC(=O)Cc2ccccc2C)c(OC)c1OC,0.8485,4.7017,-7.3,-7.9,seed999
CCCS(=O)(=O)N1CCC[C@H](C(=O)N[C@H](C)c2cccc(OCC#N)c2)C1,0.7299,4.3398,-7.4,-7.8,seed999
CO[C@@H](C)CNC(=O)NC1CC[NH+](C2CCCCCC2)CC1,0.6658,4.3784,-7.2,-8.0,seed999
Cc1cccc([C@@H]2CCCC[NH+]2CC(C)(C)S(C)(=O)=O)c1,0.9227,4.2694,-7.9,-7.2,seed999
COc1ccc([C@H]2N[C@@H](C(=O)[O-])CC(=O)N2[C@H]2CCS(=O)(=O)C2)c(OC)c1,0.6589,4.6653,-7.7,-7.4,seed999
CC(C)C[C@@H]1NC(=O)N(C)[C@@]1(C)c1ccc(F)cc1,0.8935,3.9073,-7.7,-7.4,seed999
O=c1[nH]nc(SC[C@@H]2CCCO2)n1-c1cccc(Cl)c1,0.8813,4.9062,-7.4,-7.7,seed999
CC[C@H](C)N(C)C(=O)NCc1cc(Cl)c2c(c1)OCCO2,0.9294,4.3271,-7.4,-7.7,seed999
COC(=O)c1cc([N+](=O)[O-])ccc1Oc1ccccc1F,0.4903,4.455,-7.2,-7.9,seed999
CC(C)Cn1nnnc1SCc1cc(=O)c(=O)[nH]c([O-])n1,0.5575,4.0818,-7.3,-7.8,seed999
COc1cccc(-n2cc(C(=O)[O-])c(C(C)(C)C)n2)c1,0.8504,4.4406,-7.6,-7.5,seed999
C[C@@H](CNC(=O)NCC(C)(C)c1ccncc1)N1CCOCC1,0.8309,4.3068,-7.6,-7.5,seed999
COc1ccc(/C=C/C(=O)Nc2nnc([S-])s2)c(OC)c1,0.5162,4.4868,-7.3,-7.8,seed999
O=C(CC1(O)CCCCC1)NCc1ccc(F)cc1,0.8786,4.4123,-7.5,-7.6,seed999
O=C(NC[C@H]1CC[C@@H](C(=O)[O-])O1)Nc1ccccc1,0.8061,4.4921,-7.2,-7.8,seed999
CC1CCC(NC(=O)N[C@H](C[NH+]2CCCC2)C(=O)[O-])CC1,0.5871,4.4275,-7.2,-7.8,seed999
N#CC[NH+](C[C@H]1COc2ccccc2O1)C1CCCC1,0.838,4.9122,-7.3,-7.7,seed999
CC(C)[C@H]1CN(C(=O)Nc2ccc(Cl)cc2)CCN1C(=O)OC(C)(C)C,0.8227,4.3244,-7.5,-7.5,seed999
C[C@H](NC(=O)N1CCC(n2cccc2)CC1)c1ccco1,0.9422,4.9555,-7.8,-7.2,seed999
CCOc1ccc(Cl)cc1NC(=O)N(CC[NH+](C)C)Cc1ccccc1Cl,0.6979,4.5583,-7.5,-7.5,seed999
CCCC(=O)NCC1(c2ccc(F)cc2F)CCCC1,0.8759,4.4522,-7.5,-7.5,seed999
Nc1nc(NCCN2CCOCC2)[nH+]c2c1CC[NH2+]CC2,0.5904,4.9341,-7.6,-7.4,seed999
COCCn1cnnc1S[C@@H](C)C(=O)Nc1ccc(F)c(F)c1F,0.6068,4.3108,-7.2,-7.8,seed999
CCCCN(C(=O)NC(C)C)[C@@H]1CCc2ccccc2C1,0.8787,4.4442,-7.4,-7.5,seed999
CS(=O)(=O)N1CCC[C@H](COc2ccc(F)c(Cl)c2)C1,0.8558,4.4353,-7.4,-7.5,seed999
CCNC(=O)CN(C)c1nc(-c2ccc(C)cc2)cs1,0.9202,4.378,-7.5,-7.4,seed999
CCOCCOCC[NH+]1CC=C(c2c(C)[nH]c3ccccc23)CC1,0.7289,4.8691,-7.2,-7.7,seed999
Cc1ccsc1CN1CC[NH+]([C@@H](C)C(=O)N2CCC(C)CC2)CC1,0.8891,5.0,-7.4,-7.5,seed999
COc1ccc(Cl)cc1NC(=O)Nc1cc(Br)cn(C)c1=O,0.8484,4.4865,-7.0,-7.9,seed999
C[C@@]1(C(N)=O)CCC[NH+](Cc2cnc(-c3cccs3)s2)C1,0.8969,4.8477,-7.0,-7.9,seed999
CC(C)CC1(CN2CCO[C@H]3CCCC[C@@H]32)CCCC1,0.7631,4.5146,-7.2,-7.7,seed999
CC(C)(C)C[NH+](CCO)Cc1c[nH]c2ccc([N+](=O)[O-])cc12,0.5584,4.1627,-7.3,-7.6,seed999
CCCN(CC)C(=O)[C@H]1CCCN(C(=O)COc2ccc(C#N)cc2)C1,0.7511,4.3549,-7.3,-7.6,seed999
COc1ccc(/N=C/c2cc([N+](=O)[O-])ccc2OC)c(Cl)c1,0.4736,4.1642,-7.3,-7.6,seed999
CC(=O)N(C)C1CCN(c2ccc([N+](=O)[O-])cn2)CC1,0.6171,4.2611,-7.4,-7.4,seed999
COC(=O)c1cccc2c1ccn2Cc1csc(N)n1,0.7514,5.0,-7.7,-7.1,seed999
CS(=O)(=O)NC[C@H]1CCCC[NH+]1CCOc1ccccc1F,0.7499,4.4745,-7.4,-7.4,seed999
CN(Cc1ccccc1)C(=O)N[C@@H]1CC[C@@H]([NH+](C)C)C1,0.8419,4.5805,-7.1,-7.7,seed999
COc1ccc(N2CCN(C(=O)CC(C)(C)C)CC2)cc1,0.8579,4.5138,-7.1,-7.7,seed999
CCN(CC)c1ccc(/C=N\NC2=NC(=O)C([O-])=NC2=S)cc1,0.4815,3.7635,-7.3,-7.5,seed999
COc1cccc(C(=O)Nc2ccc(C)nc2)c1O,0.8861,4.6309,-7.3,-7.5,seed999
C[C@@H]1C[C@H]1NC(=O)NCc1ccccc1CS(C)(=O)=O,0.863,4.2674,-7.2,-7.5,seed999
CCC[C@H]1CN(C(=O)C(=O)Nc2cc(OC)ccc2CC)CCO1,0.8386,4.4296,-6.9,-7.8,seed999
CC(C)CC[C@H](C)NC(=O)N1CCCCC[C@@H]1CC(C)C,0.7491,3.6859,-7.3,-7.4,seed999
Cc1c(Cl)ncnc1Nc1ccccc1N,0.6196,4.274,-7.5,-7.2,seed999
Cc1nc(N2CCOCC2)[nH]c(=O)c1CC(=O)OC(C)(C)C,0.8314,4.2311,-7.1,-7.6,seed999
COC(=O)[C@H](C(C)C)N1C(=O)c2ccccc2C1=O,0.6104,4.3679,-7.6,-7.1,seed999
CNS(=O)(=O)CC(=O)N[C@H](C)c1ccc(C)c(F)c1,0.8436,3.6755,-7.4,-7.3,seed999
Cc1cccc([C@H]2OCCC[C@@H]2CCOC(C)C)n1,0.8119,4.2223,-7.2,-7.5,seed999
C1CCC(n2c(=S)[nH]c3cc(Br)ccc32)CC1,0.7377,4.7555,-7.5,-7.2,seed999
CN(CC(=O)N[C@H]1CCS(=O)(=O)C1)S(=O)(=O)c1ccc(Cl)nc1,0.6978,4.1647,-7.3,-7.4,seed999
Cc1cc(N)ccc1S(=O)(=O)c1ccccc1,0.8289,4.3899,-7.4,-7.3,seed999
CC(C)C(=O)NCc1nnc(Cc2ccccc2)s1,0.9113,4.5174,-7.0,-7.7,seed999
COc1cccc2c1CC[C@H]2N1CC[NH+](C)C[C@@H]1C,0.8518,5.0,-7.4,-7.2,seed999
CCN(Cc1ccccn1)C[C@@H]1COCC(=O)N1C[C@@H]1CCCO1,0.753,4.7762,-7.3,-7.3,seed999
CC(C)OCCN1CCN(C(=O)c2cc(C(C)(C)C)no2)CC1,0.8309,4.3114,-7.0,-7.6,seed999
CCCC(=O)N[C@H]1CC[NH+](Cc2ccccc2)C1,0.7912,4.8223,-7.1,-7.5,seed999
CCCN1C(=O)CCc2cc(NC(=O)NCCOC)ccc21,0.7911,4.5337,-7.0,-7.6,seed999
COCCC1(CNC(=O)NCc2cccc(C)c2)CC1,0.804,4.4263,-7.1,-7.5,seed999
CCN(C(=O)COc1cccc(N)c1)C1CCCC1,0.8292,4.5159,-7.1,-7.5,seed999
C[C@@H]1C[C@@H]1NC(=O)NC[C@H](O)c1c(F)cccc1F,0.7796,4.3256,-7.3,-7.3,seed999
Cc1cc(NC(=O)N2CCC(OCC(=O)[O-])CC2)cn1C,0.8528,4.4101,-7.1,-7.4,seed999
CCS(=O)(=O)CCC(=O)N(Cc1cccs1)c1c(C)cc(C)cc1C,0.7297,4.146,-7.1,-7.4,seed999
O=C(Cl)N1CCC(NS(=O)(=O)c2ccc(Cl)s2)CC1,0.6774,4.1001,-7.2,-7.2,seed999
Cc1cc(N2CCC[C@@H]2C(N)=O)c(C)n1CC(C)C,0.9052,4.3247,-7.4,-7.0,seed999
CS[C@H]1CC[C@H](NC(=O)NNC(=O)c2ccncc2)C1,0.734,4.2013,-7.2,-7.2,seed999
OC1(c2cccnc2)[C@H]2CCCC[C@@H]2N1,0.7263,4.5555,-7.3,-7.1,seed999
C[C@@H]1CCC[C@@H](NS(=O)(=O)c2cnn(C)c2)[C@@H]1C,0.9063,4.1203,-7.1,-7.2,seed999
CCOc1ccccc1NC(=O)Nc1cccc(OC)c1,0.8799,4.7787,-6.9,-7.4,seed999
C[NH+](C)C(C)(C)CNC(=O)[C@H]1SCCc2ccccc21,0.8701,4.2648,-6.8,-7.5,seed999
C[NH+](C)[C@@H](CNC(=O)Cc1ccccc1Br)c1ccco1,0.8295,4.4252,-7.0,-7.3,seed999
CCN(C)Cc1ccc(C(=O)N[C@H]2CC[C@@H]([NH+](C)C)C2)cc1,0.8204,4.5705,-6.8,-7.5,seed999
CNC(=O)[C@H]1CCCN(C(=O)NC[C@@H]2CCC[C@@H]2C[NH3+])C1,0.6714,4.3054,-6.9,-7.4,seed999
COc1ccc(CN/C([O-])=C(\C#N)C(=O)C2CC2)cc1O,0.4498,4.2899,-7.1,-7.1,seed999
C[C@H]1CS(=O)(=O)CCN1c1cc(C(C)(C)C)nn1[C@@H]2CCS(=O)(=O)C2,0.7541,4.4524,-7.7,-6.5,seed999
CC(C)(C)NC(=O)CSc1ccc(C(F)(F)F)cc1N,0.6653,3.6401,-7.0,-7.2,seed999
CCOC(=O)c1ccccc1N(C)C(=O)C1CCC(C)CC1,0.7976,4.4218,-7.2,-7.0,seed999
COCCCN(C)C(=O)NCc1cn(-c2ccccc2)nn1,0.7858,4.3549,-6.7,-7.4,seed999
NC(=O)C1(NC(=O)c2ccc([N+](=O)[O-])s2)CCCCC1,0.6479,3.9951,-6.9,-7.2,seed999
Cc1ccccc1[C@@H]1SCC(=O)NC1=O,0.7296,4.1192,-7.2,-6.9,seed999
COc1ccc(N[C@@H]2C[NH+]3CCC[C@H]2C3)cc1S(=O)(=O)N(C)C,0.7942,4.9902,-7.1,-7.0,seed999
CSC[C@@H](C)N(C)C(=O)N(C)[C@H]1CCc2ccccc2C1,0.8521,4.0714,-7.0,-7.1,seed999
CC(C)Cn1cc(NC(=O)[C@@H]2CCCN(S(C)(=O)=O)C2)cn1,0.8785,4.3379,-6.6,-7.5,seed999
C[C@@H]1CCC[C@H](NC(=O)CN2C(=O)CCC2=O)[C@@H]1C,0.7772,4.3518,-7.1,-7.0,seed999
CCOC(=O)[C@H]1CN(C(=O)CCl)c2cc(C)cc(Br)c2O1,0.601,4.1593,-6.8,-7.3,seed999
C[NH+](C)[C@H]1CCC[C@@H](NC(=O)Cn2cc(C(=O)[O-])cc2F)C1,0.6992,4.3725,-7.0,-7.1,seed999
C[C@@H]1CN(CCOc2ccc(N)cc2F)C[C@H](C)O1,0.8473,4.4055,-7.0,-7.0,seed999
Cn1c(Cl)cnc1NC(=O)N[C@H]1CCC[C@@H]1CO,0.7772,4.2226,-7.1,-6.9,seed999
FC(F)(F)[C@@H](N[C@H]1CCO[C@]2(CCOC2)C1)C1CC1,0.8593,4.1208,-7.1,-6.9,seed999
COCCOc1ccc2ccccc2c1NC(=O)CSC,0.7983,4.4515,-6.9,-7.1,seed999
COc1cc([C@H]2N[C@H](C(=O)[O-])CS2)cc(Cl)c1OC,0.8874,4.1537,-7.2,-6.8,seed999
COc1ccc(CCNCc2ccc(I)cc2)cc1,0.622,4.3331,-6.9,-7.1,seed999
COc1ccc(CCNC(=O)C[NH+]2CCC[C@]2(C)CO)cc1,0.6528,4.5794,-6.6,-7.3,seed999
CN(C)C(=O)CC[NH2+]Cc1ccn(-c2ccccc2)n1,0.7753,4.4534,-6.8,-7.0,seed999
CC[C@@H]([NH3+])c1c(F)cccc1N1CCC[C@@H]1C(=O)[O-],0.8482,4.5476,-7.0,-6.8,seed999
COc1cc(Cl)cc(C(=O)[O-])c1NC[C@@H]1CCOC1,0.8785,4.477,-6.7,-7.1,seed999
COc1cccc([C@H]2C[C@H]2C(=O)OCCCS(C)(=O)=O)c1,0.5668,4.3331,-6.6,-7.2,seed999
CC(=O)N/N=C/c1c(C)cc(C)cc1C,0.5813,3.6486,-6.9,-6.9,seed999
C[C@H]1OCC[C@@H]1C(=O)N1CCN(CC(=O)OC(C)(C)C)CC1,0.7247,4.1976,-6.8,-7.0,seed999
O=C1CCC(=O)N1CCC[NH2+][C@H]1CCC[C@H]1CC(=O)[O-],0.4492,4.4039,-7.3,-6.5,seed999
CCN(C1CCCC1)[C@@H]1[C@@H](C)[C@@H](C(=O)OC)C(C2CC2)O1,0.7312,4.4771,-7.1,-6.7,seed999
COc1ccc(C(=O)C[C@H]([NH2+]C[C@@H]2CCCOC2)C2CC2)s1,0.7452,4.9336,-6.9,-6.9,seed999
C[C@@H](CNC(=O)NC1CC(C)(C)[NH2+]CC1)C1CC1,0.6839,4.2676,-6.6,-7.1,seed999
C[C@H](CNc1ncccc1C#N)Cc1cccs1,0.8936,4.1611,-6.9,-6.8,seed999
CCOc1ccc(CC(=O)N[C@](C)(C#N)C2CC2)cc1,0.8648,4.2853,-6.8,-6.9,seed999
CCC1(C(=O)n2nc(C)cc2C)CCCC1,0.7672,4.1866,-6.7,-7.0,seed999
C[C@H](CCC(=O)[O-])NS(=O)(=O)c1ccc([N+](=O)[O-])cc1,0.5477,3.6945,-6.7,-7.0,seed999
CC(=O)NCC1(c2ccc(Cl)cc2)CC1,0.8384,4.3893,-6.9,-6.8,seed999
CCN(C(=O)N[C@H]1CCCC[C@@H]1C)[C@H](C)CS(=O)(=O)CC,0.8176,3.3094,-6.4,-7.2,seed999
Cc1ncccc1C[NH+](C)C1CCC(N)CC1,0.8073,4.5094,-6.9,-6.7,seed999
C[C@](O)(c1ccc(F)cc1)[C@H](CO)C(=O)[O-],0.7188,3.4777,-6.8,-6.8,seed999
CCn1ccnc1SCC(=O)Nc1ccccc1OC,0.8313,4.5499,-6.8,-6.8,seed999
C[C@H]([NH2+]CCC(=O)NC1CCCCC1)c1nccs1,0.8325,4.5479,-6.6,-6.9,seed999
C[NH+](CC(=O)NC(C)(C)C)Cc1ccc(F)c(F)c1,0.8378,3.9946,-6.7,-6.8,seed999
Cc1cn(-c2ccccc2)nc1NCCO,0.8172,4.3916,-6.7,-6.8,seed999
Cc1ccc([C@H](C[NH3+])N2CCC(C)(C)C2)cc1,0.8504,4.3071,-6.7,-6.8,seed999
C[C@@H]1CO[C@H](COC)CN1c1ccc(CCl)c(F)c1,0.7951,4.1429,-6.7,-6.8,seed999
COc1ccc2c(c1)OCC[C@H]2[NH2+][C@H](C)CCCO,0.8144,4.5247,-6.7,-6.7,seed999
C=CCCOC(=O)/C=C(\c1ccc(F)cc1)C(N)=O,0.3681,3.3609,-6.8,-6.6,seed999
C[C@H]1CCCC[C@@H]1[NH+](C)CCn1cc([N+](=O)[O-])cn1,0.6361,4.2887,-6.9,-6.4,seed999
