smiles,qed,sa,egfr,her2,source
O=C1N=C(N2CCN(c3cccc4ccccc34)CC2)SC1=Cc1ccccc1O,0.6313,5.0,-10.1,-11.9,seed42
Cc1cccc(N2CCN(C(=O)c3noc4c3COc3ccccc3-4)CC2C)c1,0.6655,5.0,-9.8,-11.4,seed42
O=C1N=C(N2CCN(c3cccc4c3=CC=C[SH]=4)OC2)SC1=Cc1ccccc1O,0.4277,5.0,-9.5,-11.6,seed42
Cc1cccc(N2CC[SH](C(=O)c3noc4c3COc3ccccc3-4)CC2C)c1,0.6286,5.0,-10.1,-10.8,seed42
Cc1ccnc(N2CCN(C(=O)c3noc4c3COc3ccccc3-4)CC2C)c1,0.6687,5.0,-10.3,-10.4,seed42
O=C1N=C(N2CCN(c3cccc4c3=CC=C[SH]=4)CC2)SC1=Cc1ccccc1O,0.4311,5.0,-10.1,-10.6,seed42
O=C1N=C(N2CCN(c3cccc4c3=CC=C[SH]=4)CC2)SC1=Cc1ccccc1O,0.4311,5.0,-10.1,-10.6,seed42
Cc1cccc(N2CCN(C(=O)c3noc4c3COc3ccccc3-4)PC2C)c1,0.5879,5.0,-10.0,-10.6,seed42
Cc1cccc(C2CCN(C(=O)c3noc4c3COc3ccccc3-4)CC2C)c1,0.6323,5.0,-10.0,-10.5,seed42
Cc1cccc(N2CCN(C(=O)c3noc4c3COc3ccccc3-4)PC2C)c1,0.5879,5.0,-10.0,-10.4,seed42
O=C(CN1CNCc2ccccc21)Nc1ccccc1C(=O)Nc1ccccn1,0.6268,5.0,-9.7,-10.6,seed42
CC1CN(C(=O)c2noc3c2COc2ccccc2-3)CCN1c1cccc(F)c1,0.6642,5.0,-9.6,-10.4,seed42
Cc1cccc(N2CCN(C(O)c3noc4c3COc3ccccc3-4)CC2C)c1,0.7339,5.0,-9.8,-10.2,seed42
Cc1cccc(N2CCN(C(O)c3noc4c3COc3ccccc3-4)CC2C)c1,0.7339,5.0,-9.8,-10.2,seed42
O=C1N=C(N2CCN(c3cccc4c3=CC=C[SH]=4)CC2)PC1=Cc1ccccc1O,0.3294,5.0,-9.0,-10.9,seed42
O=C(CN1CNCc2ccccc21)Nc1ccccc1C(=O)Nc1ccccc1,0.628,5.0,-10.0,-9.8,seed42
O=C(CN1CSCc2ccccc21)Nc1ccccc1C(=O)Nc1ccccc1,0.6542,5.0,-9.5,-10.2,seed42
N=C(CN1CNCc2ccccc21)Nc1ccccc1C(=O)Nc1ccccc1,0.3967,5.0,-9.2,-10.4,seed42
O=C(CN1CNCc2ccccc21)Nc1ccccc1C(=O)Nc1ccccc1,0.628,5.0,-9.9,-9.6,seed42
O=C(CN1CNCc2ccccc21)Nc1pcccc1C(=O)Nc1ccccc1,0.6005,5.0,-9.7,-9.8,seed42
Cc1cccc(N2CCN(C(=O)c3poc4c3COc3ccccc3-4)CC2C)c1,0.5956,5.0,-9.9,-9.5,seed42
O=C1N=C(N2CCN(c3cccc4c3=CP=C[SH]=4)CC2)SC1=Cc1ccccc1O,0.3162,5.0,-8.9,-10.4,seed42
O=C1N=C(N2CCN(c3cccc4c3=CCC[SH]=4)CC2)SC1=Cc1ccccc1O,0.4297,5.0,-8.8,-10.5,seed42
CC1CN(C(=O)c2noc3c2COc2ccccc2-3)CCN1c1cccc(P)c1,0.6114,5.0,-9.2,-10.1,seed42
O=C(C[SH]1CNCc2ccccc21)Nc1ccccc1C(=O)Nc1ccccc1,0.4852,5.0,-9.4,-9.8,seed42
O=C(CCOc1c#ccc(C(=O)F)c1)NCc1cc(=O)[nH]c2ccccc12,0.6284,4.1969,-9.3,-9.8,seed42
O=C1N=C(N2CCN(c3cccc4c3=CC=C[SH]=4)CC2)CC1=Cc1ccccc1O,0.4482,5.0,-9.8,-9.3,seed42
O=C1N=C(N2CCN(c3cccc4c3=CC=C[SH]=4)CC2)SC1=Ic1ccccc1O,0.3428,5.0,-8.6,-10.4,seed42
O=C1N=C(N2CCN(c3cccc4c3=CC=C[SH]=4)CC2)SC1Cc1ccccc1O,0.5714,5.0,-9.0,-9.9,seed42
NC(=O)c1cccc(OCCC(=O)NCc2cc(=O)[nH]c3ccccc23)c1,0.5912,5.0,-9.0,-9.9,seed42
O=C(Nc1ccccc1C(=O)Nc1ccccc1)NN1CNCc2ccccc21,0.5516,5.0,-8.9,-10.0,seed42
O=C(CN1CNCc2ccccc21)Nc1ccccc1C(O)Nc1ccccc1,0.4877,5.0,-9.4,-9.5,seed42
O=C(CN1CNCc2ccccc21)Nc1cnccc1C(=O)Nc1ccccc1,0.6268,5.0,-8.9,-9.9,seed42
O=C1C2C3C=CC(CC3)C2C(=O)N1N=CC1=C(O)CCS2=CC=CC=C12,0.3526,5.0,-9.2,-9.6,seed42
NC(=O)c1cc#cc(OSCC(=O)NCc2cc(=O)[nH]c3ccccc23)c1,0.5377,4.1416,-9.6,-9.2,seed42
O=C1N=C(N2CCN(c3cccc4c3=CC=I[SH]=4)CC2)SC1=Cc1ccccc1O,0.2606,5.0,-8.8,-9.9,seed42
NC(=O)C1=CC(OCCC(=O)NCc2cc(=O)[nH]c3ccccc23)=C=C=C1,0.6407,4.4119,-8.9,-9.8,seed42
Cc1ccc(C(C[NH3+])S(=O)(=O)c2c#cc(F)cc2)cc1,0.9278,3.8274,-9.1,-9.4,seed42
Cc1ccc(C(C[NH3+])S(=O)(=O)c2c#cc(F)cc2)cc1,0.9278,3.8274,-9.1,-9.4,seed42
Cc1ccc(NC(=O)CC2N(NC(=O)c3ccc(Cl)cc3)C(=S)N(C)[PH]2=P)c(C)c1,0.4805,4.5325,-9.2,-9.3,seed42
O=C(CN1CNCc2ccccc21)Nc1ccccc1C(=O)Nc1ccncc1,0.6268,5.0,-9.1,-9.4,seed42
CCOC(=O)Nc1cccc(NC(=O)NC(O)c2ccc(C)c(F)c2)c1C,0.597,4.4019,-8.9,-9.5,seed42
Cc1ccc(NC(=O)CC2C(=P)N(C)C(=S)N2NC(=N)c2ccc(Cl)cc2)c(C)c1,0.2728,4.3491,-9.7,-8.7,seed42
O=C1C2C3C=CC(CC3)C2C(=O)[SH]1N=CC1=C(O)C=CS2=CC=CC=C12,0.3294,5.0,-9.0,-9.4,seed42
O=C(CN1CNCc2ccccc21)Nc1ncccc1C(=O)Nc1ccccc1,0.6268,5.0,-8.8,-9.5,seed42
NC(=O)c1cc#cc(OCCC(O)NCc2cc(=O)[nH]c3ccccc23)c1,0.4461,4.2737,-9.0,-9.3,seed42
CCc1c(C(=O)N2CCP(Cc3cc(=O)n4ccsc4n3)CC2)cnn1-c1ccc(F)cc1,0.4053,5.0,-8.6,-9.7,seed42
CC(=NNC(=O)COc1ccccc1C#P)c1ccc2c(c1)CCCC2,0.491,4.6574,-8.3,-9.9,seed42
CC(=O)N1CCCC(C(=O)N2CCC(NCC3=CC=CCC3)CC2)C1,0.8489,4.7106,-8.6,-9.6,seed42
CCc1c(C(=O)N2CCP(Cc3cc(=O)n4ccsc4n3)OC2)cnn1-c1ccc(F)cc1,0.4032,5.0,-8.5,-9.7,seed42
CCOC(=O)Nc1cccc(NC(=O)NC(C)c2ccc(C)c(F)c2)c1C,0.6978,4.5463,-9.0,-9.1,seed42
O=C1C2C3C=CC(CC3)C2C(=O)N1N=CC1=C(O)C=CS2=CC=CC=C12,0.3534,5.0,-8.7,-9.3,seed42
Cc1ccc(NC(=O)NC2C(=P)N(C)C(=S)N2NC(=O)c2ccc(Cl)cc2)c(C)c1,0.4793,4.512,-9.3,-8.7,seed42
CC(=O)c1cc#cc(OCCC(=O)NCc2cc(=O)[nH]c3ccccc23)c1,0.632,4.419,-8.5,-9.5,seed42
NC(=O)c1cc(OCCC(=O)NCc2cc(=O)[nH]c3ccccc23)c#cn1,0.5688,4.55,-9.2,-8.8,seed42
O=C(C[SH]1CNCc2ccccc21)Nc1ccccc1C(=O)Nc1ccccc1,0.4852,5.0,-9.4,-8.5,seed42
Cc1ccn(F)c(=O)c1NC(=O)C(=O)NCC(C)OC1=CC=CCC1F,0.7727,3.6686,-8.6,-9.3,seed42
CC(=NNC(=O)COc1cccnc1[PH]#P)c1ccc2c(c1)CCCC2,0.4868,4.8296,-8.3,-9.6,seed42
CCOC(=O)Nc1cccc(NC(=O)NC(C)c2ccc(F)c(F)c2)c1C,0.7051,4.5596,-8.8,-9.1,seed42
Cc1ccc(C(=O)NN2C(=S)N(C)C(=P)C2CC(=O)Nc2ccc(C)cc2C)cc1,0.5508,4.5864,-9.5,-8.4,seed42
CCOC(=O)Nc1cccc(NC(=O)NC(C)c2ccc(C)c(F)c2)c1C,0.6978,4.5463,-8.8,-9.0,seed42
Oc1ccccc1C=C1SC(N2CCN(c3cccc4c3=CC=C[SH]=4)CC2)=NC1O,0.4982,5.0,-9.6,-8.2,seed42
CC1CC(C)CN(C(=N)C(Cc2ccccc2)NC(=O)c2ccco2)C1,0.6376,4.8119,-9.1,-8.7,seed42
Cc1ccc(NC(=O)CC2C(=P)[SH](C)C(=S)N2NC(=O)c2ccc(Cl)cc2)c(C)c1,0.3355,4.5797,-9.1,-8.7,seed42
O=C1C2C3C=CC(CC3)C2C(=O)N1NCC1=C(O)C=CS2=CC=CC=C12,0.4563,5.0,-8.6,-9.2,seed42
CC1CC(C)CN(C(=O)C(Cc2ccccc2)NC(=O)c2ccco2)C1,0.8972,5.0,-8.8,-8.9,seed42
COc1ccc(C(=O)NN=Cc2ccc(OCC3CONOO3)nc2)cc1,0.4193,4.4392,-8.9,-8.8,seed42
Cc1ccc(NC(O)CC2C(=O)N(C)C(=S)N2NC(=O)c2ccc(Cl)cc2)c(C)c1,0.4671,4.6028,-9.1,-8.6,seed42
O=C1C2C3C=CC(CC3)C2C(O)N1N=CC1=C(O)C=CS2=CC=CC=C12,0.4472,5.0,-8.5,-9.2,seed42
Cc1ccc(NC(=O)CC2C(=P)N(C)C(=S)N2NC(=O)c2ccc(Cl)cc2)c(Br)c1,0.4512,4.5948,-9.0,-8.7,seed42
CCOC(=O)Nc1cccc(NC(=O)NC(C)c2ccc(C)c(S)c2)c1C,0.5426,4.2756,-9.0,-8.7,seed42
CC(=O)N1CCCC(C(=O)N2CCC(OCC3=CC=CCC3)CC2)C1,0.7859,4.6793,-8.1,-9.5,seed42
CC1CC(C)CN(C(=O)C(Cc2ccccc2)NC(=O)c2ccco2)C1,0.8972,5.0,-8.8,-8.8,seed42
CC1CC(C)ON(C(=O)C(Cc2ccccc2)NC(=O)c2ccco2)C1,0.8942,4.7797,-8.8,-8.8,seed42
CCOC(=O)Nc1cccc(NC(=O)NC(C)c2ccc(N)c(F)c2)c1C,0.5895,4.4797,-8.6,-9.0,seed42
CC1CC(F)CN(C(=O)C(Cc2ccccc2)NC(=O)c2ccco2)C1,0.894,4.8858,-8.6,-9.0,seed42
CC(=NNC(=O)COc1cccnc1C#P)c1ccc2c(c1)CCCC2,0.5003,4.6567,-8.2,-9.3,seed42
O=C(Cl)N1CCCC(C(=O)N2CCC(OCc3ccccc3)CC2)C1,0.6083,4.9076,-8.5,-9.0,seed42
NC(=O)c1cc#cc(OCCC(=O)NCS2=CC(=O)Nc3ccccc32)c1,0.6262,4.1071,-8.4,-9.1,seed42
CC(NC(=O)c1cnoc1)C(=O)NC(O)c1noc(Cc2ccccc2)n1,0.5116,4.6421,-8.5,-9.0,seed42
O=C(Cl)N1CCCC(C(=O)N2CCC(OCc3ccccc3)CO2)C1,0.607,4.622,-8.4,-9.1,seed42
Cc1ccc(NC(O)CC2C(=O)N(C)C(=S)N2NC(=O)c2ccc(Cl)cp2)c(C)c1,0.4485,4.0559,-9.0,-8.5,seed42
CC(=NNC(=O)COc1nccnc1C#P)c1ccc2c(c1)CCCC2,0.5014,4.5691,-8.1,-9.4,seed42
CCOC(O)Nc1cccc(NC(=O)NC(C)c2ccc(C)c(F)c2)c1C,0.5504,4.2923,-8.8,-8.7,seed42
NC(=O)c1cc#cc(OCCC(=S)NCc2cc(=O)[nH]c3ccccc23)c1,0.5465,4.2332,-8.7,-8.8,seed42
CC(=O)N1CCCC(C(=O)N2CCC(OCC3=CCCCC3)CC2)C1,0.7342,4.8141,-8.2,-9.3,seed42
O=C(Cl)N1CCCC(C(=O)N2CCC(OCc3ccccc3)CC2)C1,0.6083,4.9076,-8.4,-9.0,seed42
O=C1C2C3C=CC(CC3)C2C(=O)N1N=CC1=C(O)C=CS2=CC=CC=C12,0.3534,5.0,-8.7,-8.7,seed42
O=C(Cl)N1CCCC(C(=O)N2CCC(SCc3ccccc3)CC2)C1,0.5856,4.7553,-8.3,-9.1,seed42
Cc1ccc(NC(=O)CC2C(=P)N(C)C(=S)N2NC(=O)c2ccc(Cl)cc2)c(I)c1,0.321,4.5016,-8.9,-8.5,seed42
CC1CC(C)CN(C(=O)C(CC(=O)c2ccco2)Cc2ccccc2)C1,0.7309,4.9284,-8.8,-8.6,seed42
CC(=NNC(=O)COc1cccpc1C#P)c1ccc2c(c1)CCCC2,0.4596,4.2286,-8.0,-9.4,seed42
C=C(C)N1CCCC(C(=O)N2CCC(OCC3=CC=CCC3)CC2)C1,0.7649,4.5233,-8.0,-9.4,seed42
Cc1ccc(NC(O)CC2C(=O)N(C)C(=S)N2NC(=O)c2ccc(Cl)pc2)c(C)c1,0.4485,4.21,-9.1,-8.3,seed42
CC(=NNC(=O)COC1=CC=CN=S1C#P)c1ccc2c(c1)CCCC2,0.4744,4.3964,-8.0,-9.3,seed42
NC(=O)c1cc#cc(OCCC(=O)NCc2cc(=O)[nH]c3cpccc23)c1,0.5798,3.7814,-8.4,-8.9,seed42
Cc1ccc(C(C[NH3+])S(=O)(=O)c2c#cc(Cl)cc2)cc1,0.9389,3.8364,-8.3,-9.0,seed42
CC1CC(C)CN(C(=O)C(Cc2ccccc2)NC(=N)c2ccco2)C1,0.6399,4.7318,-8.9,-8.4,seed42
CCc1c(C(=O)N2CCP(Cc3cc(=O)n4ccsc4n3)CC2)nnn1-c1ccc(F)cc1,0.4065,5.0,-8.8,-8.5,seed42
O=C(Cl)N1CCCN(C(=O)N2CCC(OCc3ccccc3)CC2)C1,0.6106,4.7764,-8.2,-9.1,seed42
O=C1C2C3C=CC(CC3)C2C(=O)N1N=CC1=C(O)C=CS2=CC=CI=C12,0.2171,5.0,-8.7,-8.6,seed42
O=C(Cl)N1CCCC(C(=O)N2CCC(OCc3ccccp3)CC2)C1,0.5868,4.3379,-8.2,-9.1,seed42
CCOC(=O)Nc1cccc(NC(=O)NC(C)c2ccc(C)c(F)c2)c1S,0.549,4.2756,-8.4,-8.8,seed42
O=C1C2C3C=CC(CC3)C2C(=O)N1N=CC1=C(O)C=CS2=CP=CC=C12,0.2614,5.0,-8.4,-8.8,seed42
CC1CC(C)CN(C(=O)C(Cc2ccccc2)NC(=O)c2ncco2)C1,0.8942,5.0,-8.5,-8.7,seed42
Cc1ccn(C)c(=O)c1NC(=O)C(=O)NCC(C)OC1=CC=CCC1F,0.7728,3.9268,-8.2,-8.9,seed42
Cc1ccn(C)c(=O)c1NC(=O)C(=O)NCC(C)OC1=CC=CCC1F,0.7728,3.9268,-8.2,-8.9,seed42
O=C(C1CCCN(C(=O)Cl)O1)N1CCC(OCc2ccccc2)CC1,0.6069,4.6222,-8.4,-8.7,seed42
CC(=NNC(=O)COc1cccnc1C#P)c1cpc2c(c1)CCCC2,0.4787,4.2293,-8.2,-8.9,seed42
CC(=NPC(=O)COc1cccnc1C#P)c1ccc2c(c1)CCCC2,0.5382,4.4008,-8.1,-9.0,seed42
Cc1ccn(C)c(=O)c1NC(=O)C(=O)NCC(C)O[PH]1=CC=CCC1F,0.5933,4.0155,-8.2,-8.9,seed42
Cc1cc(C)c(NC(=O)CC2C(=P)N(C)C(=S)N2NC(=O)c2ccc(Cl)cc2)cp1,0.4929,4.0355,-8.6,-8.5,seed42
O=C1C2C3C=CC(SC3)C2C(=O)N1N=CC1=C(O)C=CS2=CC=CC=C12,0.344,5.0,-8.9,-8.2,seed42
Cc1ccc(C(C)NC(=O)Nc2cccc(NC(=O)OCS)c2C)cc1F,0.4382,4.2194,-8.2,-8.9,seed42
CC(NC(=O)C1=COCC1)C(=O)NC(C)c1noc(Cc2ccccc2)n1,0.7675,4.7162,-8.1,-8.9,seed42
CCCNC(=O)C[NH+]1CC(c2c(-c3cc(C)no3)cnc3cc(C)nn23)CCO1,0.6371,5.0,-8.9,-8.1,seed42
CCCNC(=O)C[NH+]1CC(c2c(-c3cc(F)no3)cnc3cc(C)nn23)CCO1,0.6275,5.0,-9.0,-8.0,seed42
CC1CN(C)CN(C(=O)C(Cc2ccccc2)NC(=O)c2ccco2)C1,0.8908,4.9336,-8.7,-8.3,seed42
CC(NC(=O)C(I)NC(=O)C1=COCC1)c1noc(Cc2ccccc2)n1,0.3556,4.6084,-7.9,-9.1,seed42
CC1CN(C(=O)C(Cc2ccccc2)NC(=O)c2ccco2)CC(C)N1,0.8581,4.9602,-8.3,-8.7,seed42
O=C(C1CCC[SH](C(=O)Cl)C1)N1CCC(OCc2ccccc2)CC1,0.6318,4.6214,-8.2,-8.8,seed42
CCC1(CC)NC(=O)N(CC(=O)NC2CC3CNCc4cccc2c43)C1N,0.6269,5.0,-8.1,-8.9,seed42
Cc1ccc(NC(=O)CC2C(=P)P(C)C(=S)N2NC(=O)c2ccc(Cl)cc2)c(C)c1,0.4706,4.5296,-9.1,-7.9,seed42
O=C(C1CCC[SH](C(=O)Cl)C1)N1CCC(OCc2ccccc2)CC1,0.6318,4.6214,-8.2,-8.8,seed42
CCc1c(C(=O)N2CCP(Cc3cc(=O)n4ccsc4n3)CC2)pnn1-c1ccc(F)cc1,0.3812,5.0,-8.4,-8.6,seed42
O=C1C2C3C=CC(CC3)C2C(=O)N1N=CC1=C(O)C=CS2=CC=CC=S12,0.2606,5.0,-8.4,-8.6,seed42
CC(NNC(=O)COc1cccnc1C#P)c1ccc2c(c1)CCCC2,0.6065,4.6585,-8.0,-9.0,seed42
CC(=NNC(=O)COc1cccnc1C#P)c1ccc2c(c1)CCCS2,0.4852,4.5433,-8.1,-8.9,seed42
Cn1cc(CC(=O)NNC(=O)NNCc2cccs2)c2ccccc21,0.5254,4.8473,-8.0,-8.9,seed42
Cn1cc(CC(O)NNC(=O)NNCc2cccs2)c2ccccc21,0.3275,4.5945,-8.2,-8.7,seed42
CC(=NNC(=O)COc1cccnc1C#P)c1ccc2c(p1)CCCC2,0.4787,4.1467,-8.0,-8.9,seed42
O=C1C2C3C=CC(NC3)C2C(=O)N1N=CC1=C(O)C=CS2=CC=CC=C12,0.3361,5.0,-8.7,-8.2,seed42
CCC1(CBr)NC(=O)N(CC(=O)NC2CC3CNCc4cccc2c43)C1O,0.5232,4.9954,-8.0,-8.9,seed42
Cn1cc(CC(=O)NNC(=O)NCCc2cccs2)c2ccccc21,0.614,4.9599,-7.9,-9.0,seed42
CCCNC(=O)C[NH+]1CC(c2c(-c3cc(C)no3)ccc3cc(C)nn23)CCO1,0.6562,5.0,-8.6,-8.3,seed42
Cc1ccc(NC(=O)CC2C(=P)N(C)C(=S)N2NC(O)c2ccc(Cl)cc2)c(C)c1,0.3457,4.4464,-8.8,-8.1,seed42
Cc1cc(O)ccc1NC(=O)CC1C(=P)N(C)C(=S)N1NC(=O)c1ccc(Cl)cc1,0.3593,4.6069,-8.8,-8.1,seed42
CC(=O)N1CSCC(C(=O)N2CCC(OCC3=CC=CCC3)CC2)C1,0.7688,4.4882,-8.2,-8.7,seed42
Cc1ccc(N2CC(C(=O)OCC(=O)Cc3ccc(CO)cc3)CC2=O)cc1,0.7436,4.9516,-7.5,-9.4,seed42
CC1=CCC(O)C([N-]S(=O)(=O)c2c(C)cccc2[N+](=O)[Se-])=C1,0.8035,3.7622,-8.3,-8.5,seed42
COc1ccc(C(=O)NN=Cc2ccc(OCC3CONCO3)nc2)cc1,0.5542,4.6045,-7.9,-8.9,seed42
CCCNC(=O)C[NH+]1CC(c2c(-c3cc(C)no3)cnc3cc(C)nn23)CCO1,0.6371,5.0,-8.8,-8.0,seed42
CC(NC(=O)C1=COCC1)C(=O)NC(C)c1cc(Cc2ccccc2)on1,0.7808,4.7562,-7.8,-9.0,seed42
COc1ccc(C(=O)NN=Cc2ccc(OCC3CONCO3)cc2)cc1,0.5689,4.6008,-8.0,-8.8,seed42
CCC1(SC)NC(=O)N(CC(=O)NC2CC3CNCc4cccc2c43)C1O,0.6072,5.0,-8.0,-8.8,seed42
Cc1cnn(C)c(=O)c1NC(=O)C(=O)NCC(C)OC1=CC=CCC1F,0.7502,3.9201,-7.9,-8.9,seed42
CC(NC(=O)C1=COCC1)C(=O)NC(I)c1noc(Cc2ccccc2)n1,0.3556,4.6012,-8.0,-8.8,seed42
CC(=O)N1CCCC(C(=O)N2CCC(OCC3CC=CCC3)CC2)C1,0.734,4.749,-7.9,-8.9,seed42
O=C(Nc1nc2c(s1)CN([SH](=O)(O)CCN1C(=O)CCCC1=O)CC2)C1CC1,0.4553,5.0,-8.1,-8.7,seed42
CC1(C)S[NH+]=C(N2CCN(Cc3ccccc3C(F)(F)F)CC2)S1,0.7998,4.7133,-8.2,-8.6,seed42
Cn1cc(CC(=O)NNC(=O)NNCc2cccs2)c2ccccc21,0.5254,4.8473,-7.9,-8.8,seed42
CCCNC(=O)C[NH+]1CC(c2c(-c3cc(C)no3)cnc3nc(C)nn23)CCO1,0.609,5.0,-8.8,-7.9,seed42
CC1=CCC(O)C([N-]S(=O)(=O)c2c(C)cccc2[P+](=O)[Se-])=C1,0.6171,3.3511,-8.3,-8.4,seed42
CCC1(CC)NC(=O)N(CC(=O)NC2CC3CNCc4cccc2c43)C1O,0.6274,5.0,-8.0,-8.7,seed42
CC1=CCC(O)C([N-]S(=O)(=O)c2c(C)cccc2[N+](=O)[Se-])=C1,0.8035,3.7622,-8.2,-8.5,seed42
CC1=CCC(O)C([N-]S(=O)(=O)c2c(C)cccc2[C+](=O)[Se-])=C1,0.6353,3.3156,-8.2,-8.5,seed42
Cc1ccn(C)c(=O)c1NC(=O)C(=O)NCC(N)OC1=CC=CCC1F,0.511,3.8449,-8.1,-8.6,seed42
CC(=O)N1CCCC(C(O)N2CCC(OCC3=CC=CCC3)CC2)C1,0.8284,4.5196,-8.0,-8.7,seed42
COc1ccc(C(=O)NN=Cc2ccc(OCC3CONCS3)nc2)cc1,0.5519,4.5431,-8.0,-8.7,seed42
CC(NC(=O)C1=COCC1)C(=O)NC(Cl)c1noc(Cc2ccccc2)n1,0.5514,4.5389,-7.8,-8.9,seed42
CCC1(CC)NC(=O)N(CC(=O)NC2CC3CNCc4nccc2c43)C1O,0.6089,5.0,-8.1,-8.6,seed42
O=C(CC1Sc2ccc(Cl)cc2NC1=O)Nc1cc(Cl)n[nH]1,0.7876,4.6711,-8.0,-8.7,seed42
CC(NC(=O)c1ccoc1)C(=O)NC(O)c1noc(Cc2ccccc2)n1,0.5323,4.7159,-7.6,-9.0,seed42
Cc1ccn(C)c(=O)c1NC(=O)C(=O)NCC(N)OC1=CC=CCC1F,0.511,3.8449,-7.9,-8.7,seed42
Cc1cpn(C)c(=O)c1NC(=O)C(=O)NCC(C)OC1=CC=CCC1F,0.7629,3.6609,-7.9,-8.7,seed42
O=C(Cl)N1CCCC(C(=O)N2CCN(OCc3ccccc3)CC2)C1,0.6067,4.7592,-8.1,-8.5,seed42
CCC(NC(=O)NNC(=O)COC1CCC(C#N)CC1)c1cccc(Cl)c1,0.6463,4.244,-7.9,-8.7,seed42
Cc1ccc(C(C[NH+])S(=O)(=O)c2c#cc(F)cc2)cc1,0.8453,3.8274,-8.3,-8.3,seed42
CC1CC(C)CN(C(=O)C(CS2=CC=CC=C2)NC(=O)c2ccco2)C1,0.806,4.7609,-8.1,-8.5,seed42
CC1=CCC(O)C([N-]S(=O)(=O)c2c(C)cccc2[N+](=O)[Se-])C1,0.6315,3.8509,-8.1,-8.5,seed42
CC1=CCC(O)C([N-]S(=O)(=O)c2c(C)cccc2[Se+](=O)[Se-])=C1,0.6914,3.5297,-8.2,-8.4,seed42
CC(NC(=O)c1ccoc1)C(=O)NC(O)c1noc(Nc2ccccc2)n1,0.4557,4.6425,-7.9,-8.7,seed42
O=C(NN=Cc1ccc(OCC2COCCO2)cc1)C1=CC=C(OF)CC1,0.5842,4.3945,-8.0,-8.6,seed42
Cc1ccc(C(C)NC(=O)N(O)CCN(N)C2CC[NH+](C)CC2)cc1,0.3379,4.0072,-8.1,-8.5,seed42
Cc1ccp(C)c(=O)c1NC(=O)C(=O)NCC(C)OC1=CC=CCC1F,0.7692,3.6007,-7.8,-8.8,seed42
CC(N[PH](=O)c1ccoc1)C(=O)NN(C)c1noc(Cc2ccccc2)n1,0.4402,4.2055,-7.7,-8.9,seed42
O=C(Nc1nc2c(s1)CN([SH](=O)(O)CCN1C(=O)CCCC1=O)CC2)C1CC1,0.4553,5.0,-8.4,-8.1,seed42
CC(=O)N1CCCC(C(=O)N2CCC(OCC3=CC=CCC3)CC2)C1,0.7859,4.6793,-8.1,-8.4,seed42
CC(N[PH](=O)c1ccoc1)C(=O)NC(C)c1noc(Cc2ccccc2)n1,0.5694,4.3414,-7.8,-8.7,seed42
COc1ccc(C(=O)NN=Cc2ccc(OCC3CONCO3)nc2)cc1,0.5542,4.6045,-7.8,-8.7,seed42
COC1=CC=C(C(=O)NN=Cc2ccc(OCC3COCCO3)cc2)CC1,0.5863,4.7259,-8.0,-8.5,seed42
COC1=CC=C(C(=O)NN=Cc2ccc(OCC3COCCO3)cc2)CC1,0.5863,4.7259,-7.9,-8.6,seed42
O=C(Nc1nc2c(s1)PN([SH](=O)(O)CCN1C(=O)CCCC1=O)CC2)C1CC1,0.3329,5.0,-8.4,-8.1,seed42
O=C(Cl)N1CCCC(C(=O)N2CCC(OCc3ccpcc3)CC2)C1,0.5868,4.3035,-8.1,-8.4,seed42
CCC1(CF)NC(=O)N(CC(=O)NC2CC3CNCc4cccc2c43)C1O,0.6142,4.9791,-8.2,-8.3,seed42
CC(NC(=O)C(Cl)N[PH](=O)c1ccoc1)c1noc(Cc2ccccc2)n1,0.3342,4.1731,-7.7,-8.8,seed42
CCC1(CC)NC(=O)N(CC(=O)NC2CC3CNCc4cccc2c43)[SH]1O,0.4975,5.0,-7.9,-8.6,seed42
Cc1ccn(C)c(=O)c1PC(=O)C(=O)NCC(C)OC1=CC=CCC1F,0.5702,3.6514,-8.0,-8.5,seed42
CCC(NC(=O)N1CCN(C2=CCCC=C2)CC1)c1c(C)nn(Cl)c1C,0.873,4.3839,-8.1,-8.4,seed42
CC(NC(=O)C1=COCC1)C(=O)NC(C)c1noc(Cc2cccnc2)n1,0.7461,4.7052,-8.0,-8.5,seed42
CC(NC(=O)C1=COSC1)C(=O)NC(C)c1noc(Cc2ccccc2)n1,0.6979,4.445,-7.8,-8.7,seed42
CCCNC(=O)C[NH+]1CC(c2c(-c3cc(C)co3)cnc3cc(C)nn23)CCO1,0.6562,5.0,-8.6,-7.9,seed42
Cn1cc(CC(O)NNC(=O)NNCc2cccs2)c2ccccc21,0.3275,4.5945,-8.1,-8.4,seed42
Cc1cc(NC(=O)CC2Sc3ccc(Cl)cc3NC2=O)[nH]n1,0.804,4.7647,-8.0,-8.4,seed42
CC(N[PH](=O)c1ccon1)C(=O)NC(C)c1noc(Cc2ccccc2)n1,0.5571,4.5431,-7.7,-8.7,seed42
COc1ccc(C(=O)NN=Cc2ccc(OCC3CONCO3)nc2)cp1,0.5478,4.2029,-8.0,-8.4,seed42
Cc1cpn(C)c(=O)c1NC(=O)C(=O)NCC(C)OC1=CC=CCC1F,0.7629,3.6609,-7.7,-8.7,seed42
CC(=O)N1CCCC(C(O)N2CCC(OCC3=CC=CCC3)CC2)C1,0.8284,4.5196,-8.0,-8.4,seed42
COc1ccc(C(=S)NN=Cc2ccc(OCC3CONCO3)nc2)cc1,0.4207,4.3906,-8.1,-8.3,seed42
C=C1NC(CC)(CC)C(O)N1CC(=O)NC1CC2CNCc3cccc1c32,0.6346,4.9437,-8.3,-8.1,seed42
CC(NC(=O)C1=COCC1)C(=O)NC(I)c1noc(Cc2ccccc2)n1,0.3556,4.6012,-8.0,-8.4,seed42
CCC1=S(C(=O)N2CCP(Cc3cc(=O)n4ccsc4n3)CC2)C=NN1c1ccc(F)cc1,0.386,5.0,-8.5,-7.9,seed42
O=C1C2C3C=[SH]C(CC3)C2C(=O)N1N=CC1=C(O)C=CS2=CC=CC=C12,0.3316,5.0,-8.4,-8.0,seed42
O=C(Nc1nc2c(s1)CN([SH](=O)(O)SCN1C(=O)CCCC1=O)CC2)C1CC1,0.3432,5.0,-8.2,-8.2,seed42
CC1C(=O)CCCC(=O)N2CC[SH](=O)(O)N(C)C[SH]2C2=C3N=C2NC(=O)C31,0.4078,4.8535,-8.7,-7.7,seed42
C=C(Nc1c(C)ccn(C)c1=O)C(=O)NCC(C)OC1=CC=CCC1F,0.7314,3.7712,-7.6,-8.8,seed42
CC(NC(=O)C1=COCC1)C(=O)NC(C)c1nsc(Cc2ccccc2)n1,0.7603,4.6447,-7.9,-8.5,seed42
Cc1ccc(NC(=O)CC2C(=P)N(C)C(=S)C2NC(=O)c2ccc(Cl)cc2)c(C)c1,0.5182,4.6432,-8.7,-7.7,seed42
Cc1cc(NC(=O)CC2Sc3ccc(Cl)cc3NC2=O)[nH]n1,0.804,4.7647,-7.9,-8.4,seed42
CC(=O)N1CCCI(C(=O)N2CCC(OCC3=CC=CCC3)CC2)C1,0.2791,4.7426,-7.7,-8.6,seed42
CCC1(CC)NC(=O)N(CC(=O)NC2CC3CNCc4nccc2c43)C1O,0.6089,5.0,-7.9,-8.4,seed42
CC(O)N1CCCC(C(=O)N2CCC(OCC3=CC=CCC3)CC2)C1,0.8284,4.6205,-8.0,-8.3,seed42
CP1CN(C(=O)C(Cc2ccccc2)NC(=O)c2ccco2)CI(C)C1,0.3044,4.4158,-8.5,-7.8,seed42
Cc1cc(NC(O)CC2Sc3ccc(Cl)cc3NC2=O)[nH]n1,0.6433,4.5155,-8.0,-8.3,seed42
CC(=O)N1CCCC(C(=O)N2CC[SH](OCC3=CC=CCC3)CC2)C1,0.7769,4.3415,-7.7,-8.6,seed42
CCCNC(=O)C[NH+]1CC(c2c(S3=CC(C)=NO3)cnc3cc(C)nn23)CCO1,0.6697,5.0,-8.5,-7.8,seed42
Cn1cc(CC(=O)NNC(=O)ONCc2cccs2)c2ccccc21,0.6109,4.7389,-7.8,-8.5,seed42
O=C1C2C3C=CC(CC3)C2C(=O)N1N=CC1=C(P)C=CS2=CC=CC=C12,0.2418,5.0,-8.3,-8.0,seed42
Cc1cc(NC(O)CC2Sc3ccc(Cl)cc3NC2=O)[nH]n1,0.6433,4.5155,-8.0,-8.3,seed42
CC(=O)N1CCCC(C(=O)N2CCC(OCC3=CC=CCC3)CS2)C1,0.72,4.3404,-8.0,-8.3,seed42
O=C(Cl)N1CCCC(C(=O)N2CCC(OCc3cccpc3)CC2)C1,0.5868,4.1763,-7.9,-8.4,seed42
CC1CP(C)C[SH](C(=O)C(Cc2ccccc2)NC(=O)c2ccco2)C1,0.601,4.2506,-8.3,-8.0,seed42
Cc1cc(NC(=O)CC2Sc3ccc(Cl)pc3NC2=O)[nH]n1,0.7881,4.4936,-7.9,-8.4,seed42
CC1=CCC(F)C([N-]S(=O)(=O)c2c(C)cccc2[N+](=O)[Se-])=C1,0.7447,3.6515,-8.0,-8.3,seed42
Cc1ccc(C(C)NC(=O)N(C)CCN(Cl)C2CC[NH+](C)CC2)cc1,0.7529,4.3323,-7.9,-8.4,seed42
CC(=O)[SH]1CCCC(C(=O)N2CCC(OCC3=CC=CCC3)CC2)C1,0.7783,4.3252,-8.0,-8.3,seed42
Cc1ccn(C)c(=O)c1NC(O)C(=O)NCC(C)OC1=CC=CCC1F,0.6301,3.8124,-7.7,-8.6,seed42
O=C(Cl)N1CCCC(C(=O)N2CCC(OCc3ccccc3)CS2)C1,0.4539,4.5043,-8.2,-8.1,seed42
CC(N[PH](=O)c1ccoc1)C(=O)NC(C)c1noc(Cc2ccccn2)n1,0.5571,4.3336,-8.1,-8.2,seed42
COc1ccc(C(=O)CN=Cc2ccc(OCC3CONCO3)nc2)cc1,0.5572,4.4178,-7.9,-8.3,seed42
O=C(Nc1nc2c(s1)PN([SH](=O)(O)CCN1C(=O)CCCC1=O)CC2)C1CC1,0.3329,5.0,-8.3,-7.9,seed42
CCC1(CC)NC(=S)N(CC(=O)NC2CC3CNCc4cccc2c43)C1O,0.573,5.0,-7.9,-8.3,seed42
CC1(C)S[NH+]=C(N2CCN(Cc3ncccc3C(F)(F)F)OC2)S1,0.789,4.3807,-7.8,-8.4,seed42
CC(NC(=O)C1CCOC1)C(=O)NC(C)c1noc(Cc2ccccc2)n1,0.7605,4.9425,-7.8,-8.4,seed42
CCCNC(=O)C[NH+]1CC(c2c(-c3cc(C)ns3)cnc3cc(C)nn23)CCO1,0.6339,5.0,-8.4,-7.8,seed42
O=C(NN=Cc1ccc(OCC2CONCO2)nc1)c1ccc(OS)cc1,0.2836,4.2188,-7.7,-8.5,seed42
COC1=CC=C(C(=O)NN=Cc2ccc(OCC3COCCO3)nc2)CC1,0.5763,4.7078,-7.7,-8.5,seed42
COC1=CC=C(C(=O)NN=Cc2ccc(OCC3COCCO3)cn2)CC1,0.5763,4.7068,-7.7,-8.4,seed42
Cc1ccc(C(C[NH3+])S(=O)(=O)c2c#cc(F)cp2)cc1,0.9395,3.1213,-7.9,-8.2,seed42
CC(=O)N1CCCC(C(=O)N2CCC(OCC3=CC=CCC3)CP2)C1,0.721,4.1715,-7.9,-8.2,seed42
CC(=O)N1CCCC(C(=O)N2CCI(OCC3=CC=CCC3)CC2)C1,0.4792,4.7666,-7.9,-8.2,seed42
Cn1cc(CC(=O)NNC(=O)NNCc2cccs2)c2cpccc21,0.5167,4.1474,-7.7,-8.4,seed42
CC1CC1CCNC(=O)C(Cc1ccccc1)NC(=O)c1ccco1,0.7761,4.9859,-7.9,-8.2,seed42
O=C(C1CCCN(C(Cl)=[IH])C1)N1CCC(OCc2ccccc2)CC1,0.4824,5.0,-7.5,-8.6,seed42
Cn1cc(CC(=O)NNC(=O)NNCc2cccs2)c2ccpcc21,0.5167,4.1474,-7.7,-8.4,seed42
CC1=CCC(O)C([N-]S(=O)(=O)c2c(C)ccnc2[N+](=O)[Se-])=C1,0.7901,3.7054,-8.0,-8.1,seed42
CCCNC(=O)C[NH+]1C[SH](c2c(-c3cc(C)no3)cnc3cc(C)nn23)CCO1,0.4014,5.0,-8.9,-7.2,seed42
COC1=CC=C(C(=O)N[SH]=Cc2ccc(OCC3COCCO3)cc2)CC1,0.5519,4.8411,-7.7,-8.4,seed42
CC1=CC[SH](O)C([N-]S(=O)(=O)c2c(C)cccc2[N+](=O)[Se-])=C1,0.5946,3.6104,-8.1,-7.9,seed42
Cc1ccc(C(C)NC(=O)N(C)CCN(N)C2CC[NH+](Br)CC2)cc1,0.3735,4.166,-7.6,-8.4,seed42
COc1ccc(C(=O)NN=Cc2ccc(OCC3COSCO3)nc2)cc1,0.4411,4.558,-7.6,-8.4,seed42
CN1C=S(CC(=O)NNC(=O)NNCc2cccs2)c2ccccc21,0.4712,4.3291,-7.6,-8.4,seed42
CC1(C)S[NH+]=C(N2CCN(Sc3ncccc3C(F)(F)F)CC2)S1,0.7742,4.3098,-7.8,-8.2,seed42
O=C(Nc1nc2c(s1)CN([SH](=O)(O)CCN1C(=O)CCCC1=O)CC2)C1CP1,0.3315,4.9098,-8.0,-8.0,seed42
CC(NC(O)C(C)N[PH](=O)c1ccoc1)c1noc(Cc2ccccc2)n1,0.3756,4.029,-7.9,-8.1,seed42
CC1=CPC(O)C([N-]S(=O)(=O)c2c(C)cccc2[N+](=O)[Se-])=C1,0.6165,3.4437,-8.0,-8.0,seed42
CC1(C)S[NH+]=C(N2CCN(Cc3ncccc3C(F)(F)F)CC2)S1,0.795,4.7102,-7.9,-8.0,seed42
Cc1cc([SH](=O)(O)NC2=CCC(Cl)C=C2F)ccc1OCC(=N)[O-],0.2632,3.932,-7.9,-8.0,seed42
Cc1ccc(C(C)NC(=O)N(C)CCN(N)C2CC[NH+](Cl)CC2)cc1,0.3996,4.1864,-7.6,-8.3,seed42
CCCNC(O)C[NH+]1CC(c2c(-c3cc(C)no3)cnc3cc(C)nn23)CCO1,0.499,5.0,-8.3,-7.6,seed42
Cc1cc(NC(=O)CC2Sc3ccc(Cl)cc3NC2=P)[nH]n1,0.7387,4.6346,-8.0,-7.9,seed42
CCCOC(=O)C[NH+]1CC(c2c(-c3cc(C)no3)cnc3cc(C)nn23)CCO1,0.6224,5.0,-8.4,-7.5,seed42
Cc1cccc([N+](=O)[Se-])c1S(=O)(=O)[N-]C1=CC(C)CCC1O,0.8015,3.8503,-7.6,-8.3,seed42
CC1=CCC(O)C([N-]S(=O)(=S)c2c(C)cccc2[N+](=O)[Se-])=C1,0.7859,3.5996,-7.8,-8.1,seed42
COC1=CC=C(C(=O)NI=Cc2ccc(OCC3COCCO3)cc2)CC1,0.4757,4.6626,-7.8,-8.1,seed42
CC(N[PH](=O)c1ccoc1)C(=O)NC(C)C1=NOS(Cc2ccccc2)=N1,0.6512,3.9285,-7.7,-8.2,seed42
COC1=CC=C(C(=O)NN=Cc2ccc(OCC3COCCO3)pc2)CC1,0.5722,4.2841,-7.7,-8.2,seed42
CC(NC(=O)C1=COCC1)C(=O)NC(C)c1noc(Cc2cccpc2)n1,0.7534,4.128,-7.7,-8.2,seed42
CCC(NC(=O)N1CCN(C2=CCCC=C2)CC1)c1c(C)nn(P)c1C,0.8228,4.4627,-7.5,-8.3,seed42
O=C(Nc1nc2c(s1)CN([SH](=O)(Cl)CCN1C(=O)CCCC1=O)CC2)C1CC1,0.3914,5.0,-7.2,-8.6,seed42
Cc1ccc(C(C[NH3+])S(=O)(=O)c2c#cc(F)cc2)cn1,0.9093,3.8721,-7.5,-8.3,seed42
CC1(C)S[NH+]=C(N2CCN(Cc3ncccc3C(F)(F)F)CO2)S1,0.789,4.368,-7.8,-8.0,seed42
CCCc1cc(OC(=O)NCCc2c(F)cccc2F)n(O)n1,0.8007,4.1911,-7.8,-8.0,seed42
Cc1ccc(C(Cl)NC(=O)N(C)CCN(N)C2CC[NH+](C)CC2)cc1,0.3,3.9464,-7.7,-8.1,seed42
COc1ccc(C(O)NN=Cc2ccc(OCC3CONCO3)nc2)cc1,0.3564,4.2886,-7.8,-8.0,seed42
COC1=[SH]C=C(C(=O)NN=Cc2ccc(OCC3COCCO3)cc2)CC1,0.3344,4.8855,-7.6,-8.2,seed42
C=C(NC(Cc1ccccc1)C(=O)N1CC(C)CP(C)C1)c1ccco1,0.7821,4.1436,-8.2,-7.6,seed42
Cc1ccc(C(C)NC(=O)N(C)CCN(N)C2CC[NH+](I)CC2)cc1,0.2595,4.1284,-7.6,-8.2,seed42
CCC(NC(=O)N1CCN(C2=CCCC=C2)CC1)c1c(C)nn(P)c1C,0.8228,4.4627,-7.4,-8.3,seed42
Cc1ccc(NC(=O)CC2C(=P)N(C)C(S)N2NC(=O)c2ccc(Cl)cc2)c(C)c1,0.4677,4.548,-8.3,-7.4,seed42
Cc1ccc(C(C)NC(=O)N(C)CCN(N)C2CC[NH+](C)CC2)cc1,0.5196,4.1743,-7.8,-7.9,seed42
CCC1(CC)NC(=O)N(CC(=O)NC2CC3CNCC4=S3C2=CC=C4)C1O,0.5169,4.9104,-8.0,-7.7,seed42
CC1(C)S[NH+]=C(N2CCN(Cc3ncccc3C(O)(F)F)CC2)S1,0.7629,4.4898,-7.8,-7.9,seed42
CCOC1=CCC(CN2CCN(C(=O)NCCC(=O)N(F)I)CC2)C=C1,0.4489,3.7807,-7.8,-7.9,seed42
Cc1cccc([N+](=O)[Se-])c1S(=O)(=O)[N-]C1=CC(N)=CCC1O,0.7496,3.735,-7.9,-7.7,seed42
O=C(Nc1nc2c(s1)NN([SH](=O)(O)CCN1C(=O)CCCC1=O)CC2)C1CC1,0.3849,5.0,-8.3,-7.3,seed42
N=C(Nc1nc2c(s1)CN([SH](=O)(O)CCN1C(=O)CCCC1=O)CC2)C1CC1,0.2342,5.0,-8.4,-7.2,seed42
O=C1C2C3C=CC(CC3)[SH]2C(=O)N1N=CC1=C(O)C=CS2=CC=CC=C12,0.3302,5.0,-8.1,-7.5,seed42
Cc1ccc(C(C)NC(=O)N(C)CCN(S)C2CC[NH+](C)CC2)cc1,0.6692,4.2551,-7.6,-8.0,seed42
CC1CN(C(=O)C(Cc2ccccc2)NC(O)c2ccco2)CP(C)C1,0.6026,4.0969,-8.1,-7.5,seed42
CC1=NNS(NC(=O)CC2Sc3ccc(Cl)cc3NC2=O)=C1,0.7245,4.6526,-7.6,-8.0,seed42
CCCNC(=O)C[NH+]1CC(C2=C(c3cc(C)no3)C=NS3=CC(C)=NN23)CCO1,0.6631,5.0,-8.6,-7.0,seed42
CCCc1cc(OC(=O)NCCc2c(F)cccc2I)n(C)n1,0.7136,4.2092,-7.5,-8.1,seed42
O=C(Nc1nc2c(s1)CN([SH](=O)(O)CCP1C(=O)CCCC1=O)CC2)C1CC1,0.4554,5.0,-8.2,-7.4,seed42
Cc1cc([SH](=O)(O)NC2=CCC(Cl)C=C2F)ccc1OCC(=O)[O-],0.512,4.0727,-7.6,-7.9,seed42
Cn1cc(C(=O)SCc2cn3ccccc3n2)c(C(C)(C)C)n1,0.7389,4.5735,-7.6,-7.9,seed42
NC(=O)Cn1ncc(NC(=O)CCc2ccc(Br)s2)n1,0.8087,4.1699,-7.6,-7.9,seed42
Cc1ccc(C(C[NH3+])S(=O)(=O)c2c#cc(F)cc2)pc1,0.9395,2.8279,-7.8,-7.7,seed42
Cc1ccc(C(C)NC(=O)N(C)CCN(N)C2CC[SH+](C)CC2)cc1,0.3504,4.1743,-7.3,-8.2,seed42
O=C1C2C3C=CC(CC3)C2C(=[IH])N1N=CC1=C(O)C=CS2=CC=CC=C12,0.2843,5.0,-7.9,-7.5,seed42
O=C(Nc1nc2c(s1)CN([SH](=O)(O)CCN1C(=O)CCCC1=O)SC2)C1CC1,0.3432,5.0,-8.0,-7.4,seed42
CCC(NC(=O)N1CCN(C2=CCCCC2)CC1)c1c(C)nn(P)c1C,0.8188,4.549,-7.4,-8.0,seed42
CC1CN(C(=O)C(Cc2ccccc2)NC(=O)c2ccco2)CP(C)C1,0.8203,4.2833,-8.1,-7.3,seed42
Cc1nn(P)c(C)c1C(CO)NC(=O)N1CCN(C2=CCCC=C2)CC1,0.7842,4.4431,-7.2,-8.2,seed42
CCCc1cc(OC(=O)NCCc2c(F)cccc2F)n(C)n1,0.889,4.3684,-7.2,-8.1,seed42
CC1CN(C(=O)C(Cc2ccccc2)NC(=O)c2ccco2)CP(C)C1,0.8203,4.2833,-8.1,-7.2,seed42
Cn1cc(C(=O)SCc2cn3ccccc3n2)c(C(C)(C)C)n1,0.7389,4.5735,-7.6,-7.7,seed42
CC1(C)S[NH+]=C(N2CCN(Cc3pcccc3C(F)(F)F)CC2)S1,0.7784,4.1131,-7.5,-7.8,seed42
Cc1cc([SH](=O)(O)NC2=CCC(Cl)C=C2F)ccc1OCC(=O)[OH+48],0.5226,4.0826,-7.5,-7.8,seed42
CCc1c(C(=O)N2CCC(Cc3cc(=O)n4ccsc4n3)CC2)cnn1-c1ccc(F)cc1,0.4502,5.0,-5.0,-10.3,seed42
Cc1ccc(C(C[NH3+])S(=O)(=[IH])c2c#cc(F)cc2)cc1,0.7824,3.9553,-7.4,-7.9,seed42
CCC(NC(=O)N1CC[SH](C2=CCCC=C2)CC1)c1c(C)nn(P)c1C,0.602,4.2046,-7.5,-7.8,seed42
CC1(C)S[NH+]=C(N2CCN(Cc3npccc3C(F)(F)F)CC2)S1,0.778,4.066,-7.6,-7.7,seed42
CC1=PCC(O)C([N-]S(=O)(=O)c2c(C)cccc2[N+](=O)[Se-])=C1,0.6139,3.7864,-7.3,-8.0,seed42
Cc1ccc(C(C)NC(=O)N(C)CCN(N)C2CC[NH+](C)CC2)nc1,0.4968,4.1466,-7.7,-7.6,seed42
CC1(Br)S[NH+]=C(N2CCN(Cc3ncccc3C(F)(F)F)CC2)S1,0.5609,4.816,-7.4,-7.9,seed42
CC1(C)S[NH+]=C(N2CCN(Cc3ncccc3C(F)(F)F)CC2)S1,0.795,4.7102,-7.5,-7.7,seed42
CCc1c(C(=O)N2CCP(Cc3cc(=O)n4ccsc4n3)CC2)ccn1-c1ccc(F)cc1,0.3968,5.0,-5.0,-10.2,seed42
CCCc1cc(OC(=O)NCCc2c(F)cccc2F)p(C)n1,0.8587,4.2625,-7.2,-8.0,seed42
CCCc1cc(OC(=O)NCPc2c(F)cccc2F)n(C)n1,0.8222,4.0001,-7.4,-7.8,seed42
Cn1nc(CCO)cc1OC(=O)NCCc1c(F)cccc1F,0.8451,4.316,-7.4,-7.8,seed42
O=C(CN1SNCc2ccccc21)Nc1ccccc1C(=O)Nc1ccccc1,0.5597,5.0,-5.0,-10.2,seed42
CCP(NC(=O)N1CCN(C2=CCCC=C2)CC1)c1c(C)nn(P)c1C,0.8008,4.0207,-7.4,-7.8,seed42
CCCc1cc(OC(=O)NCCc2c(F)cccc2F)n(Cl)n1,0.8737,4.0861,-7.4,-7.8,seed42
Cn1nc(CCI)cc1OC(=O)NCCc1c(F)cccc1F,0.5611,4.097,-7.2,-8.0,seed42
Cc1cc([SH](=O)(O)NC2=CCC(Cl)C=C2F)ccc1OCC(=O)[I-],0.2201,4.0826,-7.5,-7.7,seed42
Cc1cc([SH](=O)(O)NC2=CCC(Cl)C=S2F)ccc1OCC(=O)[O-],0.3821,4.2723,-7.4,-7.8,seed42
CCCc1cc(OC(=O)NCCc2c(F)ccpc2F)n(C)n1,0.874,3.8454,-7.3,-7.9,seed42
CCCc1cc(OC(=O)NCCS2=C(F)C=CC=C2F)n(C)n1,0.6373,4.0816,-7.4,-7.8,seed42
CCC(C)NC(=O)CI1CCN(C(=O)Nc2cc(Cl)ccc2SC)SC1,0.2373,4.1245,-7.4,-7.8,seed42
Cc1cc([SH](=O)(O)NC2=COC(Cl)C=C2F)ccc1OCC(=O)[O-],0.4982,4.0891,-7.7,-7.5,seed42
CC1(C)S[PH+]=C(N2CCN(Cc3ncccc3C(F)(F)F)CC2)S1,0.7167,4.7102,-7.4,-7.7,seed42
Cc1cc([SH](=O)(O)NC2=CCC(Br)C=C2F)ccc1OCC(=O)[O-],0.4764,4.0295,-7.5,-7.6,seed42
C=C(Nc1ccccc1)c1ccccc1NC(=O)CN1CNCc2ccccc21,0.5939,5.0,-5.0,-10.1,seed42
CCSc1cc(OC(=O)NCCc2c(F)cccc2F)n(C)n1,0.8203,4.2292,-7.3,-7.8,seed42
CC1(C)S[NH+]=C(N2CCN(Cc3nccpc3C(F)(F)F)CC2)S1,0.778,4.0809,-7.5,-7.6,seed42
CCOC1=CCC(CN2CCN(C(=O)NCCC(=O)N(C)I)CC2)C=C1,0.4513,3.8967,-7.2,-7.8,seed42
CC1=CCC(O)C([P-]S(=O)(=O)c2c(C)cccc2[N+](=O)[Se-])=C1,0.6199,3.7622,-7.3,-7.7,seed42
CCC(C)NC(=O)CN1CCN(C(=O)Nc2cc(Cl)ccc2SC)CC1,0.7224,4.3991,-7.2,-7.7,seed42
CCOC1=CCC(CN2CCN(C(=O)NCCC(=O)N(C)I)CN2)C=C1,0.4293,3.6225,-7.2,-7.7,seed42
CCC(NC(=O)N1CCN(C2=CSCC=C2)CC1)c1c(C)nn(P)c1C,0.7992,4.2625,-7.1,-7.8,seed42
CCC(NC(=O)N1CCN(C2=CCCC=P2)CC1)c1c(C)nn(P)c1C,0.799,4.3087,-7.2,-7.6,seed42
CC1(C)S[NH+]=C([SH]2CCN(Cc3ncccc3C(F)(F)F)CC2)S1,0.594,4.2686,-7.1,-7.7,seed42
CC1(P)S[NH+]=C(N2CCN(Cc3ncccc3C(F)(F)F)CC2)S1,0.6078,4.6222,-7.2,-7.6,seed42
CC1(C)S[NH+]=C(N2CC[SH](Cc3ncccc3C(F)(F)F)CC2)S1,0.594,4.2482,-7.3,-7.5,seed42
CC1(C)S[NH+]=C(N2CC[SH](Cc3ncccc3C(F)(F)F)CC2)S1,0.594,4.2482,-7.3,-7.5,seed42
CCC(C)NC(=O)CN1CCN(C(=O)Nc2cc(O)ccc2SC)SC1,0.5047,3.9915,-7.5,-7.3,seed42
CC1(P)S[NH+]=C(N2CCN(Cc3ncccc3C(F)(F)F)CC2)S1,0.6078,4.6222,-7.2,-7.6,seed42
CC1CN(C(=O)C(Cc2cccpc2)NC(=O)c2ccco2)CP(C)C1,0.7914,3.7578,-7.8,-6.9,seed42
CC(Cc1ccsc1)N(C)C(=O)Nc1ccc(Br)cc1,0.8557,4.2587,-7.2,-7.5,seed42
Cc1cc([SH](=O)(O)NC2=CCC(Cl)C=C2F)ccc1OCC=O,0.4135,3.8407,-7.3,-7.4,seed42
NC(=O)Sn1cc(NC(=O)CCc2ccc(Br)s2)cn1,0.841,3.8246,-7.4,-7.3,seed42
CCC(C)NC(=O)CN1CC[SH](C(=O)Nc2cc(Cl)ccc2SC)SC1,0.3502,4.008,-7.3,-7.4,seed42
CCOC1=CCC(CN2CCN(C(=O)NCCC(=O)N(C)I)CC2)N=C1,0.443,3.8334,-7.5,-7.2,seed42
CCOC1=CCC(CN2CCN(C(O)NCCC(=O)N(C)I)CC2)C=C1,0.2948,3.9142,-7.4,-7.3,seed42
CCOC1=CCC(CN2CCN(C(=O)NCCC(=O)N(C)I)CC2)C=C1,0.4513,3.8967,-7.2,-7.4,seed42
CCOC1=CCC(CN2CCN(C(=O)NCCC(=O)N(C)I)CC2)[SH]=C1,0.2427,4.0526,-7.4,-7.2,seed42
CCC(C)NC(=O)CN1CCC(C(=O)Nc2cc(Cl)ccc2SC)SC1,0.6649,4.2402,-6.9,-7.7,seed42
Cc1ccc(N2CC(C(=O)OCC(=O)Nc3ccc(CO)cc3)CC2=O)cc1,0.7455,5.0,-5.0,-9.6,seed42
CCc1c(C(=O)N2CCP(Cc3cc(=O)n4ccsc4n3)CC2)cnn1-c1ccc(F)cc1,0.4053,5.0,-5.0,-9.6,seed42
CC1CN(C(=O)C(Cc2ccccn2)NC(=O)c2ccco2)CP(C)C1,0.8177,4.3163,-7.8,-6.8,seed42
CCC(C)NC(=O)SN1CCN(C(=O)Nc2cc(Cl)ccc2SC)SC1,0.5033,3.6683,-7.0,-7.6,seed42
CCC(C)NC(=O)CN1CCN(C(=O)NC2=CC(Cl)=CC=S2SC)CC1,0.5136,4.1588,-6.8,-7.8,seed42
Cc1ccc(N2CC(C(=O)OCC(=O)Nc3ccc(CF)cc3)CC2=O)cc1,0.7772,4.9673,-5.0,-9.6,seed42
CCI(C)NC(=O)CN1CCN(C(=O)Nc2cc(Cl)ccc2SC)CC1,0.2654,4.3045,-7.1,-7.5,seed42
Cc1ccc(N2CC(C(=O)OCC(=O)Nc3ccc(CI)cc3)CC2=O)cc1,0.381,4.8746,-5.0,-9.6,seed42
Cc1ccc(C(C[NH3+])S(=O)(=O)c2c#pc(F)cc2)cc1,0.9413,3.8686,-6.8,-7.8,seed42
Cc1ccc(N2CC(C(=O)OCC(=O)Nc3ccc(OO)cc3)CC2=O)cc1,0.4501,4.9044,-5.0,-9.6,seed42
CCC(C)NC(=O)CN1CCN(C(=O)Nc2cc(Cl)ccc2SC)SC1,0.546,4.0372,-6.9,-7.6,seed42
NC(=O)Cn1cc(NC(=O)CCc2ccc(Br)s2)cn1,0.8256,4.2493,-7.3,-7.2,seed42
CCOC1=CCC(CN2CCN(C(=O)NCCC(=O)N(C)I)CC2)C=[SH]1,0.2438,4.0499,-7.4,-7.1,seed42
NC(=O)c1cc#cc(OCCC(=O)NCc2cc(=O)[nH]c3ccccc23)c1,0.5871,4.3883,-5.0,-9.4,seed42
CC(=NNC(=O)COc1cccnc1C#P)c1ccc2c(c1)CCCC2,0.5003,4.6567,-5.0,-9.4,seed42
CC(C)CCC1CC[NH+](Cc2nnnn2C2CC2)CC1,0.8515,4.7503,-6.9,-7.5,seed42
NC(=O)c1cc#cc(OPCC(=O)NCc2cc(=O)[nH]c3ccccc23)c1,0.5384,3.8162,-5.0,-9.4,seed42
O=C(CN1CNCc2ccccc21)Nc1ccccc1C(O)Nc1ccccc1,0.4877,5.0,-5.0,-9.4,seed42
CCC(NC(=O)NNC(=O)CSC1C=CC(C#N)CC1)c1cccc(Cl)c1,0.4954,3.958,-5.0,-9.4,seed42
CCc1c(C(=O)N2CCP(Cc3cc(=O)n4ccsc4n3)CC2)cnn1S1=CC=C(F)C=C1,0.3916,5.0,-5.0,-9.4,seed42
O=C(CN1CNCc2ccccc21)Nc1ccccc1[PH](=O)Nc1ccccc1,0.5475,5.0,-5.0,-9.4,seed42
CCC(C)NC(=O)CN1CC[SH](C(=O)Nc2cc(Cl)ccc2SC)SC1,0.3502,4.008,-6.9,-7.5,seed42
Cc1ccc(N2CC(C(=O)OCC(=O)Nc3ccc(CO)cp3)CC2=O)cc1,0.727,4.6016,-5.0,-9.4,seed42
CC1CN(C(=O)C(CS2=CC=CC=C2)NC(=O)c2ccco2)CP(C)C1,0.6188,4.0331,-7.7,-6.7,seed42
CCC(C)NC(=O)CN1CCN(C(=O)Nc2cc(Cl)ccc2SC)CC1,0.7224,4.3991,-6.8,-7.6,seed42
CCC(C)NC(=O)CN1CCN(CC)CC1c1cc(Cl)ccc1S,0.7556,4.2152,-7.1,-7.3,seed42
Cc1cccc(N2CCN(C(=O)c3noc4c3COc3ccccc3-4)NC2C)c1,0.7236,5.0,-9.8,-11.8,seed123
Cc1cccc(N2CCN(C(=O)c3noc4c3COc3ccccc3-4)CC2C)c1,0.6655,5.0,-9.8,-11.3,seed123
Cc1cccc(N2CC[SH](C(=O)c3noc4c3COc3ccccc3-4)CC2C)c1,0.6286,5.0,-10.3,-10.8,seed123
O=C1N=C(N2CCN(c3cccc4c3=CC=C[SH]=4)CC2)SC1=Cc1ccccc1O,0.4311,5.0,-10.1,-10.6,seed123
Cc1cccc(N2CNN(C(=O)c3noc4c3COc3ccccc3-4)CC2C)c1,0.7236,5.0,-9.6,-11.0,seed123
Cc1cccc([SH]2CCN(C(=O)c3noc4c3COc3ccccc3-4)CC2C)c1,0.6369,5.0,-9.6,-11.0,seed123
Cc1cccc(N2NCN(C(=O)c3noc4c3COc3ccccc3-4)CC2C)c1,0.7236,5.0,-9.9,-10.5,seed123
O=C(CN1CNCc2ccccc21)Nc1ccccc1C(=O)Nc1ccccn1,0.6268,5.0,-10.4,-9.9,seed123
O=C1N=C(N2CCN(c3cccc4c3=CC=C[SH]=4)CC2)CC1=Cc1ccccc1O,0.4482,5.0,-9.8,-10.5,seed123
O=C(CN1CNCc2ccccc21)Nc1ccccc1C(=O)Nc1ccccc1,0.628,5.0,-10.1,-10.2,seed123
Cc1cccc(N2CCN(C(=O)c3noc4c3COc3ccccc3-4)CC2P)c1,0.6065,5.0,-9.6,-10.7,seed123
Cc1cccc(N2CCN(C(=O)c3noc4c3COc3ccccc3-4)CC2C)n1,0.6687,5.0,-9.6,-10.5,seed123
O=C1N=C(N2CCN(c3cccc4c3=CC=C[SH]=4)CO2)SC1=Cc1ccccc1O,0.4277,5.0,-9.1,-10.7,seed123
O=C(CN1CSCc2ccccc21)Nc1ccccc1C(=O)Nc1ccccc1,0.6542,5.0,-9.7,-10.0,seed123
O=C1N=C(I2CCN(c3cccc4c3=CC=C[SH]=4)CC2)SC1=Cc1ccccc1O,0.1963,5.0,-9.2,-10.1,seed123
CC1CN(C(=O)c2noc3c2COc2ccccc2-3)CCN1c1cccc(S)c1,0.6537,5.0,-9.1,-10.1,seed123
C=c1nc(N2CCN(c3cccc4c3=CC=C[SH]=4)CC2)sc1=Cc1ccccc1O,0.4918,5.0,-9.0,-10.2,seed123
O=C(CN1CNCc2ncccc21)Nc1ccccc1C(=O)Nc1ccccc1,0.6268,5.0,-9.3,-9.5,seed123
O=C(CN1CNCc2cpccc21)Nc1ccccc1C(=O)Nc1ccccc1,0.6005,4.8549,-9.1,-9.7,seed123
O=C(CN1CNCc2ccccc21)Nc1ccccc1C(O)Nc1ccccc1,0.4877,5.0,-9.2,-9.5,seed123
Cc1ccc(C(C[NH3+])S(=O)(=O)c2c#cc(F)cc2)cc1,0.9278,3.8274,-9.1,-9.4,seed123
O=C1N=C(N2CCN(c3cccc4c3=CC=C[SH]=4)CC2)SC1=Cc1ccncc1O,0.4286,5.0,-9.9,-8.5,seed123
O=C(C[SH]1CNCc2ccccc21)Nc1ccccc1C(=O)Nc1ccccc1,0.4852,5.0,-9.3,-8.9,seed123
CCOC(=O)Nc1cccc(NC(=O)NC(C)c2ccc(C)c(F)c2)c1C,0.6978,4.5463,-9.1,-9.1,seed123
C=C(CCOc1c#ccc(C(N)=O)c1)NCc1cc(=O)[nH]c2ccccc12,0.5734,4.2082,-9.1,-9.1,seed123
CC1=CC=CS(N2CCN(C(=O)c3noc4c3COc3ccccc3-4)CC2C)=C1,0.7056,5.0,-9.1,-9.1,seed123
O=C1C2C3C=CC(CC3)C2C(=O)N1N=CC1=C(O)C=C[SH]2CC=CC=C12,0.3407,5.0,-8.8,-9.3,seed123
O=C1C2C3C=CC(CC3)C2C(O)N1N=CC1=C(O)C=CS2=CC=CC=C12,0.4472,5.0,-8.6,-9.5,seed123
NC(=O)c1cc#cc(OCCC(=O)NCC2=CS(=O)Nc3ccccc32)c1,0.6711,3.9102,-8.8,-9.3,seed123
O=C1C2C3CCC(CC3)C2C(=O)N1N=CC1=C(O)C=CS2=CC=CC=C12,0.462,5.0,-8.8,-9.3,seed123
O=C(CCOc1c#ccc(C(=O)I)c1)NCc1cc(=O)[nH]c2ccccc12,0.4075,4.0842,-8.4,-9.5,seed123
CCc1c(C(=O)N2CCP(Cc3cc(=O)n4ccsc4n3)CC2)cnn1-c1ccc(Cl)cc1,0.3838,5.0,-8.3,-9.6,seed123
CCc1c(C(=O)N2CCP(Cc3cc(=O)n4ccsc4n3)CN2)cnn1-c1ccc(F)cc1,0.4399,5.0,-8.5,-9.4,seed123
Cc1ccc(NC(=O)Cn2c(=P)n(C)c(=S)n2NC(=O)c2ccc(Cl)cc2)c(C)c1,0.4386,4.6997,-9.0,-8.8,seed123
CCc1c(C(=O)N2CCP(Cc3cc(=O)n4pcsc4n3)CC2)cnn1-c1ccc(F)cc1,0.3812,5.0,-8.5,-9.3,seed123
CCC(NC(=O)NNC(=O)COC1C=CC(C=N)CC1)c1cccc(Cl)c1,0.3253,3.9011,-8.3,-9.5,seed123
CCc1c(C(=O)N2CCP(CS3=CC(=O)N4C=CSC4=N3)CC2)cnn1-c1ccc(F)cc1,0.4589,5.0,-8.5,-9.3,seed123
Oc1ccccc1C=C1SC(N2CCN(c3cccc4c3=CC=C[SH]=4)CC2)=NC1O,0.4982,5.0,-9.6,-8.2,seed123
Cc1ccc(N2CC(C(=O)OCC(=O)Nc3ccc(CO)cc3)CC2=O)cn1,0.7305,5.0,-8.6,-9.2,seed123
CC1CC(C)CN(C(=O)C(Cc2ccccc2)NC(=O)c2ccco2)C1,0.8972,5.0,-8.8,-8.9,seed123
O=C(CCOc1c#ccc(C(=O)S)c1)NCc1cc(=O)[nH]c2ccccc12,0.5489,4.1287,-8.5,-9.2,seed123
CCc1c(C(=O)N2CCP(Cc3cc(=O)n4ccsc4n3)CO2)cnn1-c1ccc(F)cc1,0.4032,5.0,-8.2,-9.4,seed123
CCC1(CC)NC(=O)N(CC(=O)SC2CC3CNCc4cccc2c43)C1O,0.7208,4.8689,-8.2,-9.4,seed123
Cc1ccc(NC(=O)PC2C(=P)N(C)C(=S)N2NC(=O)c2ccc(Cl)cc2)c(C)c1,0.4839,4.3689,-9.1,-8.5,seed123
Cc1ccc(NC(=O)OC2C(=P)N(C)C(=S)N2NC(=O)c2ccc(Cl)cc2)c(C)c1,0.5286,4.5186,-9.0,-8.6,seed123
CC(=O)N1CCCC(C(=O)N2CCC(OCC3=CC=CCC3)CC2)C1,0.7859,4.6793,-8.1,-9.4,seed123
CC(=NNC(=O)COc1cccnc1C#P)c1ccc2c(c1)CCOC2,0.5011,4.6025,-8.2,-9.3,seed123
O=C1C2C3C=CC(CC3)C2C(=O)N1NCC1=C(O)C=CS2=CC=CC=C12,0.4563,5.0,-8.5,-9.0,seed123
O=C1N=C(N2CCN(c3cccc4c3=CC=C[SH]=4)CC2)SC1=Pc1ccccc1O,0.416,5.0,-8.7,-8.8,seed123
CCC(NC(=O)NNC(=O)COC1C=CC(C#N)CC1)c1cccc(F)c1,0.5256,4.0719,-8.1,-9.4,seed123
O=C(Cl)N1CCCC(C(=O)N2CCC(PCc3ccccc3)CC2)C1,0.4509,4.2568,-8.3,-9.1,seed123
O=C(Cc1cn(F)c2ccccc12)NNC(=O)NNCc1cccs1,0.5245,4.4626,-8.5,-8.9,seed123
CC(=NNC(=O)POc1cccnc1C#P)c1ccc2c(c1)CCCC2,0.459,4.364,-8.3,-9.1,seed123
CC1CC(C)CN(C(=O)C(Cc2ccccc2)NC(=O)c2ncco2)C1,0.8942,5.0,-8.6,-8.8,seed123
Cc1cnc(NC(O)CC2C(=O)N(C)C(=S)N2NC(=O)c2ccc(Cl)cc2)c(C)c1,0.4612,4.6144,-8.6,-8.8,seed123
O=C1C2C3C=CC(CC3)C2[PH](=O)N1N=CC1=C(O)C=CS2=CC=CC=C12,0.3402,5.0,-8.4,-9.0,seed123
CC1CC(O)CN(C(=O)C(Cc2ccccc2)NC(=O)c2ccco2)C1,0.8565,4.9874,-8.5,-8.8,seed123
Cc1ccc(NC(O)CC2C(=O)[SH](C)C(=S)N2NC(=O)c2ccc(Cl)cc2)c(C)c1,0.2966,4.5797,-8.8,-8.5,seed123
O=C1C2C3C=CC(CC3)C2C(=O)N1N=CC1=C(O)C=CS2=CC=CC=C12,0.3534,5.0,-8.7,-8.6,seed123
CC1CC(C)C[SH](C(=O)C(Cc2ccccc2)NC(=O)c2ccco2)C1,0.7834,4.8991,-8.7,-8.6,seed123
O=C(Cl)N1CCCC(C(=O)N2CCC(OCc3ccccc3)CC2)C1,0.6083,4.9076,-8.3,-8.9,seed123
CC(=[SH]NC(=O)COc1cccnc1C#P)c1ccc2c(c1)CCCC2,0.3569,4.821,-8.4,-8.8,seed123
C[PH](=NNC(=O)COc1cccnc1C#P)c1ccc2c(c1)CCCC2,0.6336,4.2904,-7.9,-9.3,seed123
CCC1=CC=C(C(=O)NN=Cc2ccc(OCC3COCCO3)cc2)CC1,0.5917,4.7236,-8.3,-8.9,seed123
CCC(NC(=O)NNC(=O)COC1C=CC(S#N)CC1)c1cccc(Cl)c1,0.4932,4.1693,-7.9,-9.3,seed123
CC(=NNC(=O)COc1cccnc1C#P)c1cpc2c(c1)CCCC2,0.4787,4.2293,-8.1,-9.1,seed123
CCOC(=O)Nc1cccc(NC(=O)NC(C)c2ccc(C)c(F)n2)c1C,0.6809,4.3951,-8.6,-8.6,seed123
CCC1(CC)NC(=O)N(CC(=O)NC2CC3CNCc4cccc2c43)C1O,0.6274,5.0,-8.1,-9.0,seed123
COc1ccc(C(=O)NN=Cc2ccc(OCC3CONOO3)nc2)cc1,0.4193,4.4392,-8.3,-8.8,seed123
Cc1ccc(NC(=O)CC2C(=P)N(C)C(=S)N2NC(=O)c2ccc(Cl)nc2)c(C)c1,0.4043,4.6089,-9.1,-8.0,seed123
O=C(C1CCCN(C(O)Cl)C1)N1CCC(OCc2ccccc2)CC1,0.642,5.0,-8.4,-8.7,seed123
CCC1(SC)NC(=O)N(CC(=O)NC2CC3CNCc4cccc2c43)C1O,0.6072,5.0,-8.1,-9.0,seed123
CC(=O)N1CCCC(C(=O)N2CCC(OCC3=C[SH]=CCC3)CC2)C1,0.613,4.864,-8.0,-9.1,seed123
O=C(COc1cccnc1C#P)NN=C(P)c1ccc2c(c1)CCCC2,0.489,4.4389,-8.0,-9.1,seed123
CCC1(NC)NC(=O)N(CC(=O)NC2CC3CNCc4cccc2c43)C1O,0.5036,5.0,-7.9,-9.2,seed123
Cc1ccc(NC(=O)CC2C(=P)N(C)C(=S)N2NC(=O)c2ccc(Cl)cn2)c(C)c1,0.5257,4.6273,-8.9,-8.1,seed123
O=C(Cl)N1CCCC(C(O)N2CCC(OCc3ccccc3)CC2)C1,0.6424,4.7015,-8.3,-8.7,seed123
CCC1(CC)NC(=O)N(CC(=O)NC2CC3CNCc4ccnc2c43)C1O,0.6089,5.0,-7.8,-9.2,seed123
CC(=NNC(=O)COc1cccnc1C#P)c1ccc2c(p1)CCCC2,0.4787,4.1467,-8.0,-9.0,seed123
Cc1ccc(NC(O)CC2C(=O)N(C)C(=S)N2NC(=O)c2ccc(Cl)cc2)c(C)n1,0.4612,4.5693,-8.9,-8.1,seed123
O=C1C2C3C=CC(OC3)C2C(=O)N1N=CC1=C(O)C=CS2=CC=CC=C12,0.35,5.0,-8.5,-8.5,seed123
Cc1ccn(C)c(=O)c1NC(=O)C(=O)NCC(C)OC1=CC=CCC1F,0.7728,3.9268,-8.0,-8.9,seed123
CCCNC(=O)C[NH+]1CC(c2c(-c3cc(C)no3)cnc3cc(C)nn23)CCO1,0.6371,5.0,-8.9,-8.0,seed123
CC(=NNC(=O)COc1cccnc1C#P)c1ccc2c(c1)NCCC2,0.4845,4.5875,-8.2,-8.7,seed123
Cc1ccn(C)c(=O)c1NC(=O)C(=O)NC[SH](C)OC1=CC=CCC1F,0.5304,3.6605,-8.1,-8.8,seed123
CC(=NNC(=O)COc1cccnc1C#P)c1ccc2c(c1)CCCS2,0.4852,4.5433,-8.1,-8.8,seed123
Cc1ccc(NC(=O)CC2C(=P)N(C)C(=S)N2NC(O)c2ccc(Cl)cc2)c(C)c1,0.3457,4.4464,-8.8,-8.1,seed123
CC1=CCC(O)C([N-]S(=O)(=O)c2c(C)cccc2[N+](=O)[Se-])=C1,0.8035,3.7622,-8.3,-8.5,seed123
CC(=NNC(O)COc1cccnc1C#P)c1ccc2c(c1)CCCC2,0.3555,4.3603,-8.0,-8.8,seed123
Cc1cc(NC(=O)CC2Sc3ccc(Cl)cc3NC2O)[nH]n1,0.6904,4.6116,-8.3,-8.5,seed123
CC1CC(C)CN(C(O)C(Cc2ccccc2)NC(=O)c2ccco2)C1,0.8352,4.8777,-8.2,-8.6,seed123
Cc1ccc(C(C)NC(=O)N(N)CCN(N)C2CC[NH+](C)CC2)cc1,0.325,4.0601,-8.2,-8.6,seed123
CC(NC(=O)c1ccoc1)C(=O)NC(O)c1noc(Cc2ccccn2)n1,0.5116,4.6864,-8.1,-8.7,seed123
Cn1cc(CC(=O)NNC(=O)NNCc2cccs2)c2ccccc21,0.5254,4.8473,-7.9,-8.8,seed123
Cc1ccn(C)c(=O)c1NC(=O)C(=O)NCC(C)OC1=CC=CCC1Cl,0.6004,3.907,-7.9,-8.8,seed123
Cc1ccn(C)c(=O)c1OC(=O)C(=O)NCC(C)OC1=CC=CCC1F,0.6287,3.8537,-7.8,-8.9,seed123
CC(NC(=O)C1=COCC1)C(=O)NC(C)c1noc(Cc2cccnc2)n1,0.7461,4.7052,-7.7,-9.0,seed123
NOc1ccc(C(=O)NN=Cc2ccc(OCC3CONCO3)nc2)cc1,0.4684,4.3473,-7.8,-8.9,seed123
CC(NC(=O)C1CCOC1)C(=O)NC(C)c1noc(Cc2ccccc2)n1,0.7605,4.9425,-8.0,-8.7,seed123
O=S(=O)(c1ccc2c(c1)OCCO2)N1CCCC1c1nc(F)no1,0.8233,5.0,-8.0,-8.7,seed123
CC1(C)S[NH+]=C(N2CCN(Cc3ccccc3C(F)(F)F)CC2)S1,0.7998,4.7133,-8.2,-8.5,seed123
CPC(NC(=O)NNC(=O)COC1C=CC(C#N)CC1)c1cccc(Cl)c1,0.3823,3.732,-7.7,-9.0,seed123
CC(NC(=O)C1=COCC1)C(=O)NC(N)c1noc(Cc2ccccc2)n1,0.6052,4.5812,-7.8,-8.9,seed123
C=C1C(NC(=O)C(=O)NCC(C)OC2=CC=CCC2F)=C(C)C=CN1C,0.7356,3.4618,-7.8,-8.8,seed123
CC1CC(C)CN(C(=O)C(Cc2ccccc2)NC(=[IH])c2ccco2)C1,0.662,5.0,-7.9,-8.7,seed123
Nc1cc(NC(=O)CC2Sc3ccc(Cl)cc3NC2=O)[nH]n1,0.6846,4.6689,-7.9,-8.7,seed123
CCOC(=O)Nc1cccc(NC(O)NC(C)c2ccc(C)c(F)c2)c1C,0.549,4.2514,-8.0,-8.6,seed123
CC(=O)N1CCCC(C(O)N2CCC(OCC3=CC=CCC3)CC2)C1,0.8284,4.5196,-8.0,-8.6,seed123
CC(OC(=O)C1=COCC1)C(=O)NC(C)c1noc(Cc2ccccc2)n1,0.7432,4.7076,-7.6,-9.0,seed123
CCC(NC(=O)NNC(=O)COI1C=CC(C#N)CC1)c1cccc(Cl)c1,0.3127,4.2116,-7.7,-8.9,seed123
CCCNC(=O)O[NH+]1CC(c2c(-c3cc(C)no3)cnc3cc(C)nn23)CCO1,0.6644,5.0,-8.8,-7.8,seed123
COC1=CC=C(C(=O)NN=Cc2ccc(OCC3COCCO3)cc2)CC1,0.5863,4.7259,-8.0,-8.5,seed123
O=C(NN=Cc1ccc(OCC2COCCO2)cc1)C1=CC=C(OF)CC1,0.5842,4.3945,-7.9,-8.6,seed123
CCC1(CC)NC(=O)N(CC(=O)NC2CC3CNCc4cpcc2c43)C1O,0.618,4.6352,-7.9,-8.6,seed123
CC(=O)N1CCCC(C(=O)N2CCC(OCC3CC=CCC3)CC2)C1,0.734,4.749,-7.6,-8.9,seed123
CCc1c(C(=O)N2CCP(Cc3cc(=O)n4ccsc4n3)CC2)cpn1-c1ccc(F)cc1,0.364,5.0,-8.2,-8.3,seed123
O=C(Cl)N1CCCC(C(=O)N2CCN(OCc3ccccc3)CC2)C1,0.6067,4.7592,-8.1,-8.4,seed123
CCC1(CC)NC(=O)N(CC(=O)N[SH]2CC3CNCc4cccc2c43)C1O,0.4867,4.9975,-7.7,-8.7,seed123
O=C(Cl)N1CCCC(C(=O)N2CCC(OCc3ccccc3)CP2)C1,0.4549,4.3236,-8.2,-8.2,seed123
CC(NC(=O)c1ccoc1)C(=O)NC(O)c1noc(Cc2ccncc2)n1,0.5116,4.672,-7.8,-8.6,seed123
CCCNC(=O)C[NH+]1CP(c2c(-c3cc(C)no3)cnc3cc(C)nn23)CCO1,0.5644,5.0,-8.8,-7.6,seed123
CC1CP(C)C[SH](C(=O)C(Cc2ccccc2)NC(=O)c2ccco2)C1,0.601,4.2506,-8.3,-8.1,seed123
Cc1ccn(C)c(=O)c1NC(=O)C(=O)NCC(S)OC1=CC=CCC1F,0.4063,3.6943,-7.9,-8.5,seed123
CCC1(CC)SC(=O)N(CC(=O)NC2CC3CNCc4cccc2c43)C1O,0.7208,5.0,-8.0,-8.4,seed123
CC(N[PH](=O)c1ccop1)C(=O)NC(C)c1noc(Cc2ccccc2)n1,0.5537,4.4863,-7.7,-8.7,seed123
O=C(Nc1nc2c(s1)CN([SH](=O)(O)CCN1C(=O)CCCC1=O)CC2)C1CC1,0.4553,5.0,-8.4,-7.9,seed123
Cc1cc(NC(O)CC2Sc3ccc(Cl)cc3NC2=O)[nH]n1,0.6433,4.5155,-8.0,-8.3,seed123
COc1ccc(C(=O)CN=Cc2ccc(OCC3CONCO3)nc2)cc1,0.5572,4.4178,-7.9,-8.4,seed123
Cc1ccc(C(C)CC(=O)N(C)CCN(N)C2CC[NH+](C)CC2)cc1,0.5666,4.1035,-7.5,-8.8,seed123
CC1=CCC(O)C([N-]S(=O)(=O)c2c(C)cccc2[N+](=O)[SeH])C1,0.6278,3.8415,-7.9,-8.4,seed123
Cc1ccc(C(C[NH3+])S(=O)(=O)c2c#cc(F)cc2)nc1,0.9093,3.8361,-7.7,-8.6,seed123
CCC1(CC)NC(=O)N(CC(=O)NC2CC3CNCc4ccpc2c43)C1O,0.618,4.5608,-7.5,-8.8,seed123
CC(N[PH](=O)c1ccoc1)C(=O)NC(I)c1noc(Cc2ccccc2)n1,0.2119,4.2345,-7.9,-8.4,seed123
CC1CN(C(=O)C(Cc2ccccc2)NC(=O)c2ccco2)C[SH](C)C1,0.7912,4.8783,-8.1,-8.2,seed123
CCCNC(=O)C[NH+]1CC(c2c(-c3cc(C)no3)cnc3cc(S)nn23)CCO1,0.5137,5.0,-8.7,-7.6,seed123
CC(=O)N1CCCC(C(=O)N2CCC(OCC3=CC=COC3)CC2)C1,0.7762,4.5464,-8.1,-8.2,seed123
COS1=CC=C(C(=O)NN=Cc2ccc(OCC3CONCO3)nc2)C=C1,0.4032,4.2323,-7.9,-8.3,seed123
O=C(Nc1nc2c(s1)CN([SH](=O)(O)CCN1C(=O)CCCC1O)CC2)C1CC1,0.4899,5.0,-7.9,-8.3,seed123
CC(NC(=O)c1copc1)C(=O)NC(O)c1noc(Cc2ccccc2)n1,0.5258,4.4959,-7.6,-8.6,seed123
O=C1C2C3C=CC(CC3)C2C(=O)N1N=CC1=C(O)P=CS2=CC=CC=C12,0.2614,5.0,-8.9,-7.3,seed123
Cc1cc(NC(=O)CC2Sc3ccc(Cl)cc3NC2=O)[nH]n1,0.804,4.7647,-8.0,-8.1,seed123
CC1=CCC(O)C([N-]S(=O)(=O)c2c(C)ccnc2[N+](=O)[Se-])=C1,0.7901,3.7054,-8.0,-8.1,seed123
CCC1(CC)NC(=O)N(CC(=O)NC2CC3CNPc4cccc2c43)C1O,0.5658,4.926,-7.7,-8.4,seed123
CCCNC(=P)C[NH+]1CC(c2c(-c3cc(C)no3)cnc3cc(C)nn23)CCO1,0.5705,5.0,-8.4,-7.7,seed123
Cc1ccc(C(C[NH3+])[SH](=O)(O)c2c#cc(F)cc2)cc1,0.7494,4.1727,-7.9,-8.2,seed123
COC1=CCC(C(=O)NN=Cc2ccc(OCC3COCCO3)cc2)CC1,0.5851,4.7679,-7.8,-8.3,seed123
CC(=O)N1CCCC(C(=O)N2CCC(OCC3=CC=NCC3)CC2)C1,0.7768,4.5942,-7.9,-8.2,seed123
CC1CN(C(=O)C(Cc2ccccc2)SC(=O)c2ccco2)CP(C)C1,0.7152,3.9802,-8.4,-7.6,seed123
CCCNC(=O)C[NH+]1CC(c2c(-c3cc(C)no3)cnc3pc(C)nn23)CCO1,0.6294,5.0,-8.4,-7.6,seed123
CC1(C)NC(N2CCN(Cc3ncccc3C(F)(F)F)CC2)=[NH+]S1,0.7584,4.8022,-8.1,-7.9,seed123
Cc1cccc([N+](=O)[Se-])c1S(=O)(=O)[N-]C1=CC(C)CCC1O,0.8015,3.8503,-7.6,-8.3,seed123
O=C(C1CCCN(C(=S)Cl)C1)N1CCC(OCc2ccccc2)CC1,0.4549,5.0,-7.4,-8.5,seed123
Cc1ccc(C(C[NH3+])S(=O)(=O)c2ccc(F)cc2)cc1,0.8754,4.3001,-7.7,-8.2,seed123
CCC(NC(=O)N1CCN(C2=CCCC=C2)CC1)c1c(C)nn(P)c1C,0.8228,4.4627,-7.5,-8.3,seed123
CC1(C)S[NH+]=C(N2CCN(Cc3ncccc3C(F)(F)F)CC2)S1,0.795,4.7102,-7.8,-8.0,seed123
Cc1ccc(C(C)NC(=O)N(C)CCN(N)C2CC[NH+](C)CC2)cc1,0.5196,4.1743,-7.9,-7.9,seed123
CCCc1cc(CC(=O)NCCc2c(F)cccc2F)n(C)n1,0.8518,4.4481,-7.7,-8.1,seed123
CCC(NC(=O)N1CCN(C2=CCCC=C2)CP1)c1c(C)nn(P)c1C,0.794,4.0055,-7.4,-8.4,seed123
CCCNC(=S)C[NH+]1CC(c2c(-c3cc(C)no3)cnc3cc(C)nn23)CCO1,0.5924,5.0,-8.4,-7.4,seed123
CC1CP(C)CI(C(=O)C(Cc2ccccc2)NC(=O)c2ccco2)C1,0.2863,4.4454,-8.2,-7.6,seed123
Cc1ccc(C(C[NH3+])S(=O)(=O)c2c#cc(F)cc2)cn1,0.9093,3.8721,-7.4,-8.3,seed123
Cc1ccc(C(C)NC(=O)N(C)CCN(N)I2CC[NH+](C)CC2)cc1,0.193,4.384,-7.6,-8.1,seed123
Cc1ccc(C(C)NC(=O)N(C)CCN(N)C2CC[SH+](C)CC2)cc1,0.3504,4.1743,-7.5,-8.2,seed123
CC(N[PH](=O)c1ccoc1)C(=O)NP(C)c1noc(Cc2ccccc2)n1,0.5491,3.8993,-7.8,-7.9,seed123
CCOC1=CCC(CN2CCN(C(=O)NCCC(=O)N(C)I)CC2)CC1,0.4506,4.0468,-7.5,-8.2,seed123
CC(N[PH](=O)c1ccoc1)C(=O)NC(C)c1noc(CS2=CC=CC=C2)n1,0.5092,4.0378,-7.7,-8.0,seed123
Cc1ccc(C(Cl)NC(=O)N(C)CCN(N)C2CC[NH+](C)CC2)cc1,0.3,3.9464,-7.8,-7.9,seed123
C[IH]1(C)S[NH+]=C(N2CCN(Cc3ncccc3C(F)(F)F)CC2)S1,0.3871,5.0,-7.6,-8.0,seed123
O=C(Nc1nc2c(s1)CN([SH](=O)(O)CCN1C(=O)CCCC1=O)CC2)C1CP1,0.3315,4.9098,-8.2,-7.4,seed123
CCCc1cc(OC(=O)NCCc2c(C)cccc2F)n(C)n1,0.8896,4.3724,-7.4,-8.2,seed123
CCCc1cc(OC(=O)NCCc2c(F)cccc2F)n(C)n1,0.889,4.3684,-7.5,-8.0,seed123
CCOC1=CCC(CN2CCN(C(=O)NCCC(=O)N(C)I)CC2)C=C1,0.4513,3.8967,-7.6,-7.9,seed123
CC1CN(C(=O)C(Cc2ccccc2)NC(O)c2ccco2)CP(C)C1,0.6026,4.0969,-8.1,-7.4,seed123
CCCc1cc(OC(=O)NCCc2c(F)cccc2F)n(C)c1,0.8831,4.3788,-7.7,-7.8,seed123
Cc1cc([SH](=O)(O)NC2=CCC(Cl)CC2F)ccc1OCC(=O)[O-],0.5083,4.0199,-7.5,-8.0,seed123
Cc1ccc(C(C[NH3+])S(=O)(=O)c2c#cc(F)nc2)cc1,0.9093,3.9153,-7.6,-7.9,seed123
CCC1(CC)NC(=O)N(CC(=O)NC2CC3CNCS4=C3C2=CC=C4)C1O,0.522,4.6394,-7.6,-7.9,seed123
CC1=CCC(O)C([N-]S(=O)(=O)c2c(C)cccc2[N+](=O)[S-])=C1,0.6725,3.9962,-7.4,-8.1,seed123
CC(NC(=O)N(C)CCN(N)C1CC[NH+](C)CC1)c1ccc(O)cc1,0.4279,4.1225,-7.7,-7.8,seed123
CC1(C)S[SeH+]=C(N2CCN(Cc3ncccc3C(F)(F)F)CC2)S1,0.6691,4.4768,-7.5,-7.9,seed123
Cc1nn(P)c(C)c1C(CO)NC(=O)N1CCN(C2=CCCC=C2)CC1,0.7842,4.4431,-7.1,-8.3,seed123
CCCc1cc(OC(=O)NCCc2c(O)cccc2F)n(C)n1,0.8571,4.3231,-7.5,-7.9,seed123
CCCc1cc(OC(=O)NCCc2c(F)cccc2F)n(O)n1,0.8007,4.1911,-7.7,-7.7,seed123
CC1CN(C(=O)C(Cc2ccccc2)NC(=O)c2ccco2)CP(C)C1,0.8203,4.2833,-8.1,-7.3,seed123
[NH3+]CC(c1ccc(I)cc1)S(=O)(=O)c1c#cc(F)cc1,0.7905,3.4848,-7.8,-7.6,seed123
CC1(C)S[NH+]=C(N2CCN(Cc3ncccc3[PH](F)(F)F)CC2)S1,0.6215,4.7829,-7.6,-7.8,seed123
Cc1cc([SH](=O)(O)NC2CCC(Cl)C=C2F)ccc1OCC(=O)[O-],0.5083,4.2148,-7.8,-7.6,seed123
CCOC1=CCC(CN2CCN(C(=O)NCCC(=O)N(C)I)NC2)C=C1,0.4293,3.6305,-7.8,-7.6,seed123
COOC1=CCC(CN2CCN(C(=O)NCCC(=O)N(C)I)CC2)C=C1,0.2603,3.6752,-7.6,-7.8,seed123
Cn1cc(C(=O)SCc2cn3ccccc3n2)c(C(C)(C)C)n1,0.7389,4.5735,-7.6,-7.7,seed123
CC1=CCC(O)C([N-][SH](=O)(O)c2c(C)cccc2[N+](=O)[Se-])=C1,0.5449,3.7852,-7.5,-7.8,seed123
CCCc1nc(OC(=O)NCCc2c(F)cccc2F)n(C)n1,0.8856,4.3276,-7.5,-7.8,seed123
CCC(C)NC(=O)CI1CCN(C(=O)Nc2cc(Cl)ccc2SC)CC1,0.3395,4.4342,-7.2,-8.1,seed123
CCC(NC(=O)N1CC[SH](C2=CCCC=C2)CC1)c1c(C)nn(P)c1C,0.602,4.2046,-7.8,-7.5,seed123
CCC(NC(=S)N1CCN(C2=CCCC=C2)CC1)c1c(C)nn(P)c1C,0.6295,4.3037,-8.2,-7.1,seed123
Cc1ccc(C(C)NC(=O)N(C)CCN(N)C2CC[NH+](C)CN2)cc1,0.4188,4.0052,-7.3,-7.9,seed123
CCCc1cc(OC(=O)NCCc2c(F)cccc2F)p(C)n1,0.8587,4.2625,-7.3,-7.9,seed123
CCPc1cc(OC(=O)NCCc2c(F)cccc2F)n(C)n1,0.8209,3.9372,-7.4,-7.8,seed123
CCOC1=CCC(CN2CCN(C(=O)NCCC(=O)N(C)I)CS2)C=C1,0.3351,3.5972,-7.7,-7.5,seed123
CCC1(CC)NC(=O)N(CC(=O)NC2CC3CNCC4=S3C2=CC=C4)C1O,0.5169,4.9104,-7.4,-7.7,seed123
CP1CN(C(=O)C(Cc2ccccc2)NC(=O)c2ccco2)CP(C)C1,0.7945,4.4158,-7.9,-7.2,seed123
CC1=CC([SH](=O)(O)NC2=CCC(Cl)C=C2F)=CC=S1OCC(=O)[O-],0.3567,3.5785,-7.2,-7.9,seed123
Cc1cc([SH](=O)(O)NC2=COC(Cl)C=C2F)ccc1OCC(=O)[O-],0.4982,4.0891,-7.4,-7.7,seed123
CCCc1cc(OC(=O)NCCc2c(F)cccc2F)n(C)p1,0.8577,4.06,-7.3,-7.8,seed123
CC1=CCC(P)C([N-]S(=O)(=O)c2c(C)cccc2[N+](=O)[Se-])=C1,0.5745,3.2959,-7.5,-7.6,seed123
O=C(Nc1nc2c(s1)CN([SH](=O)(O)CCP1C(=O)CCCC1=O)CC2)C1CC1,0.4554,5.0,-7.5,-7.6,seed123
Cn1cc(C(=O)SCc2cn3cnccc3n2)c(C(C)(C)C)n1,0.7391,4.5237,-7.3,-7.7,seed123
CC1CN(C(=O)C(Cc2ccccc2)NC(=O)c2ccco2)CP(C)S1,0.7932,4.557,-7.8,-7.2,seed123
Cn1cc(C(O)SCc2cn3ccccc3n2)c(C(C)(C)C)n1,0.7459,4.375,-7.1,-7.9,seed123
CCC(C)NC(=O)CN1CCN(C(=O)NC2=CC(Cl)=CC=S2SC)SC1,0.3801,3.7968,-7.4,-7.6,seed123
CC1(C)S[NH+]=C(N2CCN(Cc3ncccc3C(F)(F)S)CC2)S1,0.6061,4.5234,-7.2,-7.8,seed123
Cn1cc(C(=O)SCc2cn3ccccc3n2)c(C(C)(C)N)n1,0.7947,4.4468,-7.4,-7.5,seed123
CCOC1=CCC(CN2CCN(C(=O)NCCC(=O)N(C)I)OC2)C=C1,0.4473,3.6509,-7.3,-7.6,seed123
NC(=O)c1cc#cc(OCCC(=O)NCc2cc(=O)[nH]c3ccccc23)c1,0.5871,4.3883,-5.0,-9.8,seed123
CN1C=C(C(=O)SCc2cn3ccccc3n2)S(C(C)(C)C)=N1,0.853,4.3609,-6.9,-7.9,seed123
NC(O)c1cc#cc(OCCC(=O)NCc2cc(=O)[nH]c3ccccc23)c1,0.4689,4.2788,-5.0,-9.8,seed123
N=C(N)c1cc#cc(OCCC(=O)NCc2cc(=O)[nH]c3ccccc23)c1,0.3758,4.2857,-5.0,-9.8,seed123
CC1(C)S[NH+]=C(N2CC[SH](Cc3ncccc3C(F)(F)F)CC2)S1,0.594,4.2482,-7.3,-7.5,seed123
CCC(C)NC(=O)CN1CCN(C(=O)Nc2cc(Cl)ccc2SC)SC1,0.546,4.0372,-7.1,-7.6,seed123
CCC(NC(=O)N1CCN(C2=CCSC=C2)CC1)c1c(C)nn(P)c1C,0.7992,4.2538,-7.0,-7.7,seed123
CC1CN(C(=O)C(Cc2ccccc2)NC(=O)c2ccco2)CP(S)C1,0.6078,4.1714,-7.6,-7.1,seed123
CCOC1=CCC(CN2CCN(C(=O)NCCC(=O)N(C)S)CC2)C=C1,0.6553,3.7711,-7.5,-7.2,seed123
O=C(Nc1nc2c(s1)CN([SH](=O)(O)CCN1C(=O)CCCC1=O)PC2)C1CC1,0.3447,5.0,-7.2,-7.5,seed123
CC(Cc1ccsc1)N(C)C(=O)Nc1ccc(Br)cc1,0.8557,4.2587,-7.2,-7.5,seed123
CCC(C)NC(=O)NN1CCN(C(=O)Nc2cc(Cl)ccc2SC)CC1,0.6642,4.2293,-6.9,-7.7,seed123
Cc1ccc(N2CC(C(=O)OCC(=O)Nc3ccc(CO)cc3)CC2=O)cc1,0.7455,5.0,-5.0,-9.6,seed123
CCC(NC(=O)N1CCN(C2=CSCC=C2)CC1)c1c(C)nn(P)c1C,0.7992,4.2625,-7.1,-7.5,seed123
CC1=CCC(O)C([N-]S(=O)(=O)c2c(C)cpcc2[N+](=O)[Se-])=C1,0.7821,3.0424,-7.0,-7.6,seed123
CCOC1=CCC(CN2CCN(C(=O)SCCC(=O)N(C)I)CC2)C=C1,0.4032,3.6644,-7.3,-7.3,seed123
CCCc1cc(OC(=O)SCCc2c(F)cccc2F)n(C)n1,0.742,4.1065,-7.1,-7.5,seed123
CC(=NNC(=O)COc1cccnc1C#P)c1ccc2c(c1)CCCC2,0.5003,4.6567,-5.0,-9.5,seed123
CCc1c(C(=O)N2CCP(Cc3cc(=O)n4ccsc4n3)CC2)cnn1-c1ccc(F)cc1,0.4053,5.0,-5.0,-9.5,seed123
CSc1ccc(Cl)cc1NC(=O)N1CCN(CC(=O)NC(C)CN)CS1,0.4856,3.9778,-6.9,-7.6,seed123
CCc1c(C(=O)N2CCP(Cc3nc(=O)n4ccsc4n3)CC2)cnn1-c1ccc(F)cc1,0.4065,5.0,-5.0,-9.5,seed123
CCOC1=CCC(CN2CCN(C(=O)NCCC(=O)N(C)I)SC2)C=C1,0.3351,3.5854,-7.3,-7.2,seed123
CCC(NC(=O)NNC(=O)COC1C=CC(C#N)CC1)c1cccc(Cl)c1,0.5127,4.0788,-5.0,-9.4,seed123
Cc1ccc(N2CC(C(=O)OCC(=O)Nc3ccc(CO)cc3)CC2O)cc1,0.6573,4.9542,-5.0,-9.4,seed123
CCC(NC(=O)NNC(=O)COC1C=CC(CN)CC1)c1cccc(Cl)c1,0.4207,4.1657,-5.0,-9.4,seed123
CCOC1C=CC(CN2CCN(C(=O)NCCC(=O)N(C)I)CC2)CC1,0.345,3.9154,-7.0,-7.4,seed123
NC(=O)Cn1cc(NC(=O)CCc2ccc(Br)s2)cn1,0.8256,4.2493,-7.3,-7.1,seed123
CC1=CCC(O)C([N-]S(=O)(=O)c2c([N+](=O)[Se-])ccpc2C)=C1,0.7821,2.9193,-7.1,-7.3,seed123
CC(C)CCC1CC[NH+](Cc2nnnp2C2CC2)CC1,0.8763,4.4642,-7.1,-7.3,seed123
CCO[PH]1=CCC(CN2CCN(C(=O)NCCC(=O)N(C)I)CC2)C=C1,0.333,3.7851,-7.1,-7.2,seed123
CCC(C)NC(=O)CN1CCN(C(=O)Nc2cc(Cl)ccc2NC)SC1,0.6407,4.0711,-7.2,-7.1,seed123
CC(C)CCC1CC[NH+](Cc2nnnn2C2CC2)CC1,0.8515,4.7503,-7.1,-7.1,seed123
Cc1ccc(N2CC(C(=O)OCC(O)Nc3ccc(CO)cc3)CC2=O)cc1,0.4975,4.877,-5.0,-9.2,seed123
CCC1(CC)NC(=O)N(CC(O)NC2CC3CNCc4cccc2c43)C1O,0.4812,4.8711,-5.0,-9.2,seed123
CCOC1=CSC(CN2CCN(C(=O)NCCC(=O)N(C)I)CC2)C=C1,0.4339,3.7527,-7.0,-7.2,seed123
CCC(C)NC(=O)CN1CCN(C(=O)Nc2cc(Cl)ccc2SC)CC1,0.7224,4.3991,-6.7,-7.4,seed123
NC(O)Cn1cc(NC(=O)CCc2ccc(Br)s2)cn1,0.6826,4.12,-7.2,-6.9,seed123
CCC(C)NC(O)CN1CCN(C(=O)Nc2cc(Cl)ccc2SC)SC1,0.3574,3.8534,-6.7,-7.4,seed123
CC[NH2+]C(Cc1cccc(Cl)c1)C1C(C)(C)C1(C)P,0.8045,3.9003,-6.8,-7.3,seed123
CC1=C(C=O)N(C(Cc2ccccc2)NC=O)C1,0.762,3.6258,-7.0,-7.1,seed123
NC(=O)Cn1cc(NC(=O)CCc2cnc(Br)s2)cn1,0.8087,4.1482,-7.3,-6.8,seed123
CC(NC(=O)c1ccoc1)C(=O)NC(O)c1noc(Cc2ccccc2)n1,0.5323,4.7159,-5.0,-9.0,seed123
CC1=CC=C(NCc2cc(C=N)cs2)C(F)C1,0.7893,3.4302,-7.1,-6.9,seed123
CC(C)CCC1CC[PH+](Cc2nnnn2C2CC2)CC1,0.7536,4.7503,-6.7,-7.3,seed123
CC(Br)CCC1CC[NH+](Cc2nnnn2C2CC2)CC1,0.7939,4.478,-7.0,-7.0,seed123
CC(NC(=O)C1=COCC1)C(=O)NC(C)c1noc(Cc2ccccc2)n1,0.7675,4.7162,-5.0,-8.9,seed123
Cc1ccn(C)c(=O)c1NC(=[IH])C(=O)NCC(C)OC1=CC=CCC1F,0.5933,3.9268,-5.0,-8.9,seed123
CSc1ccc(Cl)cc1NC(=O)N1CCN(CC(=O)NC(C)CS)CS1,0.3641,3.8739,-6.7,-7.2,seed123
C=C(N)Cn1cc(NC(=O)CCc2ccc(Br)s2)cn1,0.8369,4.0444,-7.1,-6.7,seed123
CC(NC(O)C1=COCC1)C(=O)NC(C)c1noc(Cc2ccccc2)n1,0.6016,4.4955,-5.0,-8.8,seed123
CC1CCCC1CC[NH+](C)Cc1nnnn1C1CC1,0.8284,4.6392,-6.8,-7.0,seed123
N#CC1C=CC(OCC(=O)NNC(=O)NC(CI)c2cccc(Cl)c2)CC1,0.2408,3.817,-5.0,-8.8,seed123
CC(N[PH](=O)c1ccoc1)C(=O)NC(C)c1noc(Cc2ccccc2)n1,0.5694,4.3414,-5.0,-8.7,seed123
COc1ccc(C(=O)NN=Cc2ccc(OCC3CONCO3)nc2)cc1,0.5542,4.6045,-5.0,-8.7,seed123
CC(C)CCP1CC[NH+](Cc2nnnn2C2CC2)CC1,0.7947,4.0253,-6.7,-7.0,seed123
CC(NC(=P)c1ccoc1)C(=O)NC(O)c1noc(Cc2ccccc2)n1,0.3985,4.5547,-5.0,-8.7,seed123
CC(NC(=O)c1ccoc1)C(O)NC(O)c1noc(Cc2ccccc2)n1,0.4299,4.4876,-5.0,-8.7,seed123
CCc1c(C(=O)N2CCP(Cc3cc(=O)n4ccsc4n3)CC2)cnp1-c1ccc(F)cc1,0.3633,5.0,-5.0,-8.7,seed123
CC(NC(=O)C1=COCC1)C(=O)NC(C)c1noc(Cc2ccccn2)n1,0.7461,4.6866,-5.0,-8.7,seed123
NC(=O)Cn1cc(NC(O)CCc2ccc(Br)s2)cn1,0.6543,4.0578,-6.9,-6.8,seed123
CC(NC(=O)C1=COCC1)C(=O)PC(C)c1noc(Cc2ccccc2)n1,0.7002,4.4718,-5.0,-8.6,seed123
CC(N[NH+]([O-])c1ccoc1)C(=O)NC(C)c1noc(Cc2ccccc2)n1,0.5059,4.8058,-5.0,-8.6,seed123
CC1=CC=C(NCc2cc(C#N)cs2)C(F)C1,0.8907,3.7214,-6.8,-6.7,seed123
CC(NC(O)C(C)N[PH](=O)c1ccoc1)c1noc(Cc2ccccc2)n1,0.3756,4.029,-5.0,-8.5,seed123
CC1=CC=C(NCc2cc(C#N)cs2)C(N)C1,0.8584,3.7704,-7.0,-6.5,seed123
C[NH+](C)C(NNCc1cccc(Cl)c1)C1=[SH]C=CO1,0.2675,4.0221,-6.7,-6.8,seed123
CC1=CC=C(NCc2cc(C#N)c[nH]2)C(F)C1,0.8395,3.657,-6.6,-6.9,seed123
CC1CN(C(=O)C(Cc2ccccc2)NS(=O)c2ccco2)CP(C)C1,0.7689,3.8682,-5.0,-8.5,seed123
CC1CC=C(NCc2cc(C#N)cs2)C(F)C1,0.8925,3.7431,-6.9,-6.6,seed123
CC(N[PH](=O)c1ccoc1)C(=O)NC(C)c1noc(Nc2ccccc2)n1,0.502,4.253,-5.0,-8.5,seed123
Cc1ccc(NC(O)CC2C(=O)N(C)C(=S)N2CC(=O)c2ccc(Cl)cc2)c(C)c1,0.3864,4.6761,-5.0,-8.5,seed123
CC(C)CCC1CC[NH+](Cc2nnnn2P2CC2)CC1,0.8016,4.5251,-6.6,-6.9,seed123
CC(NC(=[IH])c1ccoc1)C(=O)NC(O)c1noc(Cc2ccccc2)n1,0.3309,4.7067,-5.0,-8.4,seed123
CCC(NC(=O)NNC(=O)COC1C=CC(C#N)CC1)S1=CC=CC(Cl)=C1,0.3555,3.6418,-5.0,-8.4,seed123
CC(N[PH](=O)c1ccoc1)C(=O)NC(C)c1noc(Cc2cccnc2)n1,0.5571,4.3632,-5.0,-8.4,seed123
CC1=CC=C(NCc2nc(C#N)cs2)C(F)C1,0.8956,3.6731,-6.6,-6.8,seed123
CC1(C)C(C(Cc2cccc(Cl)c2)[NH2+]CCl)C1(C)P,0.4871,3.8029,-6.6,-6.8,seed123
Cc1ccc(NC(O)CC2C(=O)N(C)C(=S)N2NC(=O)c2ccc(Cl)cc2)c(N)c1,0.3047,4.5782,-5.0,-8.3,seed123
Cn1cc(CC(=O)NNC(O)NNCc2cccs2)c2ccccc21,0.3055,4.5683,-5.0,-8.3,seed123
COc1ccc(C(=O)NN=Cc2ccc(OCC3CONCO3)nc2)nc1,0.5326,4.5706,-5.0,-8.3,seed123
Cc1ccc(NC(=O)CC2C(=P)N(C)C(=S)N2NC(=O)c2ccc(Cl)cc2)c(C)c1,0.5246,4.6236,-5.0,-8.2,seed123
Cc1ccc(NC(O)CC2C(=O)N(C)C(=S)N2NC(=O)c2ccc(Cl)cc2)c(C)c1,0.4671,4.6028,-5.0,-8.2,seed123
Cc1ccc(PC(=O)CC2C(=P)N(C)C(=S)N2NC(=O)c2ccc(Cl)cc2)c(C)c1,0.5078,4.1071,-5.0,-8.2,seed123
Cc1ccc(NC(O)CC2C(=O)N(P)C(=S)N2NC(=O)c2ccc(Cl)cc2)c(C)c1,0.3461,4.3233,-5.0,-8.2,seed123
C[NH+](C)C(CNCc1cccc(Cl)c1)C1=[SH]C=CO1,0.5405,4.3038,-6.5,-6.6,seed123
Cc1ccc(C(C)NC(=O)N(C)CCP(N)C2CC[NH+](C)CC2)cc1,0.6726,3.9764,-5.0,-8.1,seed123
COc1ccc(C(O)NN=Cc2ccc(OCC3CONCO3)nc2)cc1,0.3564,4.2886,-5.0,-8.1,seed123
CC(P[PH](=O)c1ccoc1)C(=O)NC(C)c1noc(Cc2ccccc2)n1,0.5777,4.2832,-5.0,-8.0,seed123
Cc1cc([SH](=O)(O)NC2=CCC(Cl)C=C2F)ccc1OCC(=O)[O-],0.512,4.0727,-5.0,-7.9,seed123
CC[NH2+]C(Cc1cccc(Cl)c1)C1C(C)(C)[IH]1(C)P,0.4329,4.5427,-6.4,-6.5,seed123
CC1=CC=C(NCc2pc(C#N)cs2)C(F)C1,0.9013,3.3749,-6.4,-6.3,seed123
C[NH+](C)C(CNCc1ccpc(Cl)c1)C1=[SH]C=CO1,0.5489,3.4859,-6.2,-6.5,seed123
CC[NH2+]C(Cc1cpcc(Cl)c1)C1C(C)(C)C1(C)P,0.7977,3.0761,-6.1,-6.6,seed123
CC1=C[SH]=C(NCc2cc(C#N)cs2)C(F)C1,0.6388,3.948,-6.4,-6.2,seed123
O=C1CCCC(=O)N1CC[SH](=O)(O)N1CCc2nc(NC(=[IH])C3CC3)sc2C1,0.2759,5.0,-5.0,-7.6,seed123
O=C([O-])COc1ccc([SH](=O)(O)NC2=CCC(Cl)C=C2F)cc1O,0.4255,3.9623,-5.0,-7.6,seed123
C[NH+](P)C(CNCc1cccc(Cl)c1)C1=[SH]C=CO1,0.4175,4.1475,-6.3,-6.3,seed123
Cc1cc([SH](=O)(O)PC2=CCC(Cl)C=C2F)ccc1OCC(=O)[O-],0.4398,4.0354,-5.0,-7.5,seed123
CCOC1=CCC(CN2CCN(C(=O)NCCC(O)N(C)I)CC2)C=C1,0.3166,3.8246,-5.0,-7.4,seed123
CC(CC1CCCC[NH2+]1)[NH2+]CCc1cpsc1,0.7832,3.9397,-6.2,-6.2,seed123
CCC(C)NC(=O)CN1CCN(C(O)Nc2cc(Cl)ccc2SC)CC1,0.4592,4.3581,-5.0,-7.1,seed123
CCOC1=CCC(CN2CCN(C(O)NCCC(=O)N(C)I)CC2)C=C1,0.2948,3.9142,-5.0,-6.9,seed123
C[NH+](C)C(CNCc1cccc(Cl)p1)C1=[SH]C=CO1,0.5489,3.6941,-5.9,-6.0,seed123
c1ccc2ccccc2c1,0.5114,5.0,-5.9,-5.9,seed123
CCOC1=CCC(CN2CCN(C(=P)NCCC(=O)N(C)I)CC2)C=C1,0.3038,3.7915,-5.0,-6.8,seed123
c1ccc2nncnc2c1,0.5355,4.412,-5.8,-5.4,seed123
c1ccc2pcccc2c1,0.5338,2.2195,-5.6,-5.4,seed123
c1ccc2cpccc2c1,0.5338,2.2447,-5.5,-5.4,seed123
c1cnc2ccccc2n1,0.5413,4.8211,-5.4,-5.0,seed123
c1ccc2nccnc2c1,0.5413,4.8211,-5.4,-5.0,seed123
O=C(c1ccc(-c2ccccc2)cc1)C1CCCN(S(=O)CSc2nbccn2)C1,0.4175,4.5676,-5.0,-5.0,seed123
Bc1noc(C2CCCN2S(=O)(=O)c2ccc3c(c2)OCCO3)n1,0.6977,5.0,-5.0,-5.0,seed123
CC(Cc1ccsc1)N(C)C(=O)Nc1cbc(Br)cc1,0.8893,3.7548,-5.0,-5.0,seed123
Cn1cc(CC(=O)NNC(=O)NCCc2cccs2)c2cccbc21,0.6103,4.48,-5.0,-5.0,seed123
BC1(C)C(CN[SH](=O)(O)c2cnn(CC[NH3+])c2)C1(C)C,0.3986,3.7569,-5.0,-5.0,seed123
CC(CO)NC(=O)NC1CC(C)N(c2cbccc2)C1,0.7565,3.7382,-5.0,-5.0,seed123
CC(CC1CCCC[NH2+]1)[NH2+]CCc1cbsc1,0.7191,3.9862,-5.0,-5.0,seed123
B[N+](=[BH7-89])c1ccc(OCC(=O)Oc2ccccc2OC)cc1,0.4041,4.4392,-5.0,-5.0,seed123
CC(CC1CCCC[NH2+]1)[NH2+]CCc1cbsn1,0.704,3.8969,-5.0,-5.0,seed123
CCCc1cc(OC(=O)NCCc2c(F)bccc2F)n(C)n1,0.8883,3.8675,-5.0,-5.0,seed123
Cn1cc(CC(=O)NNC(=O)NCBc2cccs2)c2cccbc21,0.4525,4.3154,-5.0,-5.0,seed123
CCc1c(C(=O)N2CCP(Cc3cc(=O)n4ccsc4n3)[IH]C2)cnn1-c1ccc(F)cc1,0.1485,5.0,-5.0,-5.0,seed123
Bc1noc(C2CCCN2S(=O)(=O)c2cnc3c(c2)OCCO3)n1,0.6503,4.9466,-5.0,-5.0,seed123
B=C(COC(=O)C1CC(=O)N(c2ccc(C)cc2)C1)Nc1ccc(CO)cc1,0.5645,4.9218,-5.0,-5.0,seed123
Cc1bc(C)c(NC(O)CC2C(=O)N(C)C(=S)N2NC(=O)c2ccc(Cl)cc2)cc1,0.4678,4.4568,-5.0,-5.0,seed123
CCCNC(=O)C[NH+]1BCCC(c2c(-c3cc(C)no3)cnc3cc(C)nn23)C1,0.5992,5.0,-5.0,-5.0,seed123
O=C1C2C3C=CC(CC3)C2C(=O)N1N=C[IH]1=C(O)C=CS2=CC=CC=C21,0.2165,5.0,-5.0,-5.0,seed123
CC(=NNC(=O)COc1cccnc1C#P)c1ccc2c(c1)[IH]CCC2,0.2348,4.6567,-5.0,-5.0,seed123
C[NH+](C)C(CNCc1cccc(Cl)c1)C1=[SH]C=C[IH]1,0.2812,4.6932,-5.0,-5.0,seed123
CC(NC(=O)NC1CC(C)N(c2cbccc2)C1)SO,0.5853,3.2875,-5.0,-5.0,seed123
CC1=CCC(O)C([N-]S(=O)(=O)c2c([N+](=O)[Se-])bccc2C)=C1,0.7972,3.1903,-5.0,-5.0,seed123
B[N+](=[BH7-89])c1ccc(OCC(=O)Oc2cbccc2OC)cc1,0.4908,3.5248,-5.0,-5.0,seed123
BC1(C)C(SN[SH](=O)(O)c2cnn(CC[NH3+])c2)C1(C)C,0.3182,3.4845,-5.0,-5.0,seed123
O=C(CN1CNCc2ccbcc21)Nc1ccccc1C(=O)Nc1ccccc1,0.6327,4.9024,-5.0,-5.0,seed123
BOc1ccc(C(=O)NN=Cc2ccc(OCC3CONCO3)nc2)cc1,0.4027,4.3256,-5.0,-5.0,seed123
O=C1N=C(N2CCN(c3cbcc4c3=CC=C[SH]=4)CC2)SC1=Cc1ccccc1O,0.4333,5.0,-5.0,-5.0,seed123
CC1=C[22B]OC([N-]S(=O)(=O)c2c(C)cccc2[N+](=O)[Se-])=C1,0.7485,3.8701,-5.0,-5.0,seed123
O=C(c1ccc(-c2ccncc2)cc1)C1CCCN(S(=O)CSc2nbccn2)C1,0.4184,4.5246,-5.0,-5.0,seed123
Bc1noc(C2CCCN2S(=O)(=O)c2ccc3c(c2)OBCO3)n1,0.6531,4.8424,-5.0,-5.0,seed123
COc1ccc(C(=O)NN=Cc2ccc(OCC3CON[IH]O3)nc2)cc1,0.2659,4.8827,-5.0,-5.0,seed123
O=C(Nc1nc2c(s1)CN([SH](=O)(O)CCN1C(=O)CCC[IH]1=O)CC2)C1CC1,0.2156,5.0,-5.0,-5.0,seed123
NC(=O)c1cc#cc(OCCC(=O)NCc2cc(=O)[nH]c3bcccc23)c1,0.5733,4.0017,-5.0,-5.0,seed123
NC(=O)c1cc#cc(OCCC(=O)NCc2cc(=O)[nH]c3cccbc23)c1,0.5733,3.9823,-5.0,-5.0,seed123
Bc1noc(C2CCCN2[SH](=O)(O)c2ccc3c(c2)OCCO3)n1,0.5788,5.0,-5.0,-5.0,seed123
O=C(c1ccc(-c2cccpc2)cc1)C1CCCN(S(=O)CSc2nbccn2)C1,0.3929,4.0937,-5.0,-5.0,seed123
CCCc1cc(OC(=O)NBCc2c(F)cccc2F)n(C)n1,0.8308,4.1866,-5.0,-5.0,seed123
Bc1noc(C2CCBN2S(=O)(=O)c2ccc3c(c2)OCCO3)n1,0.6579,4.8227,-5.0,-5.0,seed123
CCc1c(C(=O)N2CCP(Cc3cc(=O)n4ccsc4n3)C[IH]2)cnn1-c1ccc(F)cc1,0.1485,5.0,-5.0,-5.0,seed123
CC(CO)NC(=O)NC1CN(c2cbccc2)C(C)N1,0.6134,3.5026,-5.0,-5.0,seed123
Bc1noc(C2COCN2S(=O)(=O)c2ccc3c(c2)OCCO3)n1,0.6368,4.8305,-5.0,-5.0,seed123
B[N+](=[BH7-89])c1ccc(OBC(=O)Oc2ccccc2OC)cc1,0.6617,4.1712,-5.0,-5.0,seed123
CC1(C)SC(N2CCN(Cc3ncccc3C(F)(F)F)CC2)=[NH+][IH]1,0.4035,4.9468,-5.0,-5.0,seed123
Cc1cc([IH]C(=O)CC2Sc3ccc(Cl)cc3NC2=O)[nH]n1,0.5549,4.8209,-5.0,-5.0,seed123
CC(Cc1ccsc1)P(C)C(=O)Nc1cbc(Br)cc1,0.7295,3.2899,-5.0,-5.0,seed123
CC1CC(NC(=O)NC(F)CO)CN1c1cbccc1,0.7063,3.581,-5.0,-5.0,seed123
CCC(C)NC(=O)CN1CCN(C(=O)Nc2bc(Cl)ccc2SC)SC1,0.5531,3.8917,-5.0,-5.0,seed123
CC(NC(=O)c1ccoc1)C(=O)[22B]Oc1noc(Cc2ccccc2)n1,0.6057,4.9099,-5.0,-5.0,seed123
O=C(c1ccc(-c2ccccc2)cc1)C1CCCN(S(=O)CCc2nbccn2)C1,0.5539,4.6183,-5.0,-5.0,seed123
Cc1cbc(C(C)NC(=O)N(C)CCN(N)C2CC[NH+](C)CC2)cc1,0.4974,3.68,-5.0,-5.0,seed123
CCCNC(=O)C[NH+]1CC(c2c(-c3cc(C)bo3)cnc3cc(C)nn23)CCO1,0.6432,5.0,-5.0,-5.0,seed123
CC1CC(NC(=O)NI(C)CO)CN1c1cbccc1,0.4135,3.5711,-5.0,-5.0,seed123
Bc1ccc2c(c1)NC(=O)C(CC(=O)Nc1cc(C)n[nH]1)S2,0.7167,4.3486,-5.0,-5.0,seed123
CCC(C)NC(=O)BN1CCN(C(=O)Nc2cc(Cl)ccc2SC)CC1,0.5728,4.2507,-5.0,-5.0,seed123
O=C1N=C(N2CCN(c3cccc4c3=CC=C[SH]=4)CC2)S[IH]1=Cc1ccccc1O,0.1959,5.0,-5.0,-5.0,seed123
Cc1ccc(NC(O)CC2C(=O)N(C)C(=S)N2NC(=O)c2cbc(Cl)cc2)c(C)c1,0.4678,4.2303,-5.0,-5.0,seed123
CC1CC(C)CN(C(=O)C(Bc2ccccc2)NC(=O)c2ccco2)C1,0.8319,4.8888,-5.0,-5.0,seed123
O=C(C1CCCN(S(=O)CSc2nbccn2)C1)S1=CC=C(c2ccccc2)C=C1,0.4934,4.3181,-5.0,-5.0,seed123
O=C(CN1CNCc2ccccc21)Nc1ccbcc1C(=O)Nc1ccccc1,0.6327,4.9024,-5.0,-5.0,seed123
B#Cc1csc(CNC2=CC=C(C)CC2F)c1,0.8072,3.5266,-5.0,-5.0,seed123
B[N+](=[BH7-89])c1ccc(OCC(=O)Oc2cccbc2OC)cc1,0.4908,3.5529,-5.0,-5.0,seed123
C[IH]c1c(C(=O)N2CCP(Cc3cc(=O)n4ccsc4n3)CC2)cnn1-c1ccc(F)cc1,0.2,5.0,-5.0,-5.0,seed123
O=C1N=C(N2CCN(c3cccc4ccccc34)CC2)SC1=Cc1ccccc1O,0.6313,5.0,-10.1,-11.9,seed333
Cc1cccc(N2CCN(C(=O)c3noc4c3COc3ccccc3-4)CC2C)c1,0.6655,5.0,-9.8,-11.3,seed333
Cc1cccc(N2CCN(C(=O)c3noc4c3CCc3ccccc3-4)CC2C)c1,0.6643,5.0,-10.3,-10.8,seed333
Cc1cccc(N2CC[SH](C(=O)c3noc4c3COc3ccccc3-4)CC2C)c1,0.6286,5.0,-10.2,-10.8,seed333
O=C1N=C(N2CCN(c3cccc4c3=CC=C[SH]=4)CC2)SC1=Cc1ccccc1O,0.4311,5.0,-10.1,-10.6,seed333
Cc1cccc(N2CCN(C(=O)c3noc4c3COc3ccccc3-4)CC2I)c1,0.2985,5.0,-9.9,-10.7,seed333
Cc1cccc([SH]2CCN(C(=O)c3noc4c3COc3ccccc3-4)CC2C)c1,0.6369,5.0,-9.6,-11.0,seed333
O=C1C2C3C=CC(CC3)C2C(=O)N1N=Cc1c(O)ccc2ccccc12,0.516,5.0,-9.5,-10.8,seed333
Cc1cccc(N2CCN(C(=O)c3noc4c3COc3ccccc3-4)CN2C)c1,0.6691,5.0,-9.4,-10.8,seed333
Cc1cccc(N2CCN(C(=O)c3noc4c3COc3ccccc3-4)CC2P)c1,0.6065,5.0,-9.5,-10.7,seed333
O=C1N=C(N2CCN(c3cccc4c3=CC=C[SH]=4)CC2)SC1=Cc1cccpc1O,0.4118,5.0,-9.6,-10.5,seed333
Cc1cccc(N2CCN(C(=O)c3noc4c3COS3=CC=CC=C43)CC2C)c1,0.7071,5.0,-8.9,-11.0,seed333
O=C(CI1CNCc2ccccc21)Nc1ccccc1C(=O)Nc1ccccc1,0.2785,5.0,-10.2,-9.7,seed333
Cc1cccc(N2CCN(C(=O)c3noc4c3COc3ccncc3-4)CC2C)c1,0.6687,5.0,-9.8,-10.0,seed333
O=C(CN1CPCc2ccccc21)Nc1ccccc1C(=O)Nc1ccccc1,0.6154,5.0,-9.6,-10.2,seed333
O=C(CN1CNCc2ccccc21)Nc1ccccc1C(=O)Nc1ccccc1,0.628,5.0,-9.5,-10.2,seed333
O=C1N=C(N2CCN(c3cccc4c3=CC=C[SH]=4)CC2)SC1=Cc1ccccc1Cl,0.4206,5.0,-8.7,-10.7,seed333
O=C1N=[PH](N2CCN(c3cccc4c3=CC=C[SH]=4)CC2)SC1=Cc1ccccc1O,0.3162,5.0,-9.4,-9.8,seed333
CCOC(=O)Nc1cccc(NC(=O)NC(C)c2ccc(C)c(C)c2)c1C,0.6888,4.5776,-9.4,-9.7,seed333
O=C1I=C(N2CCN(c3cccc4c3=CC=C[SH]=4)CC2)SC1=Cc1ccccc1O,0.2004,5.0,-9.1,-10.0,seed333
NC(=O)C1=CC#CS(OCCC(=O)NCc2cc(=O)[nH]c3ccccc23)=C1,0.4872,4.3968,-9.5,-9.5,seed333
O=C(c1ccc(-c2ccccc2)cc1)C1CCCN(S(=O)CSc2nccpn2)C1,0.3693,4.6831,-8.8,-10.1,seed333
CCOC(=O)Nc1cccc(NC(=O)NC(C)c2ccc(C)c(Cl)c2)c1C,0.6393,4.5575,-9.2,-9.7,seed333
O=C1N=C(N2CCN(c3cccc4c3=CC=C[SH]=4)CC2)SC1Cc1ccccc1O,0.5714,5.0,-9.0,-9.9,seed333
NC(=O)c1cc#cc(OCCC(=O)NCc2cc(=O)[nH]c3ccccc23)c1,0.5871,4.3883,-8.8,-10.0,seed333
O=C1C2C3CCC(CC3)C2C(=O)N1N=CC1=C(O)C=CS2=CC=CC=C12,0.462,5.0,-8.9,-9.9,seed333
NC(=O)c1cc#cc(OCCC(=O)NCc2cc(=O)[nH]c3ncccc23)c1,0.5688,4.4111,-9.2,-9.5,seed333
Cc1ccc(C(C[NH3+])S(=O)(=O)c2c#cc(F)cc2)cc1,0.9278,3.8274,-9.1,-9.4,seed333
CCOC(=O)Nc1cccc(NC(=O)NC(C)c2ccc(C)c(F)c2)c1C,0.6978,4.5463,-9.2,-9.2,seed333
CCOC(=O)Cc1cccc(NC(=O)NC(C)c2ccc(C)c(F)c2)c1C,0.7373,4.5031,-8.9,-9.5,seed333
CCc1c(C(=O)N2CCP(Cc3cc(=O)n4ccsc4n3)CC2)cnn1-c1ccc(N)cc1,0.3494,5.0,-9.2,-9.2,seed333
NC(=O)c1cc#cc(OCCC(=O)OCc2cc(=O)[nH]c3ccccc23)c1,0.6204,4.306,-8.8,-9.5,seed333
Cc1ccc(C(C[NH3+])S(=O)(=O)c2c#cc(O)cc2)cc1,0.883,3.8013,-8.8,-9.5,seed333
NC(=O)c1cc#cc(OCCC(=O)NNc2cc(=O)[nH]c3ccccc23)c1,0.4678,4.2896,-9.2,-9.1,seed333
NC(=O)c1cc#cc(OCCC(=O)NCc2cc(=O)[nH]c3cccpc23)c1,0.5798,3.9616,-8.8,-9.4,seed333
O=C1N=C(N2CCN(c3cccc4c3=CC=P[SH]=4)CC2)SC1=Cc1ccccc1O,0.3162,5.0,-9.1,-9.0,seed333
O=C(COc1cccnc1C#P)NN=C(F)c1ccc2c(c1)CCCC2,0.4984,4.4246,-8.6,-9.5,seed333
CCc1c(C(=O)N2CCP(Pc3cc(=O)n4ccsc4n3)CC2)cnn1-c1ccc(F)cc1,0.3928,5.0,-8.8,-9.3,seed333
Cc1ccc(NC(O)CI2C(=O)N(C)C(=S)N2NC(=O)c2ccc(Cl)cc2)c(C)c1,0.0938,4.801,-9.0,-9.0,seed333
O=C1C2C3C=CC(CC3)C2C(=O)N1N=PC1=C(O)C=CS2=CC=CC=C12,0.338,5.0,-8.8,-9.1,seed333
O=C1C2C3C=CC(CC3)C2C(=O)N1N=CC1=C(Br)C=CS2=CC=CC=C12,0.2897,5.0,-8.7,-9.2,seed333
Cc1ccc(N2CC(C(=O)PCC(=O)Nc3ccc(CO)cc3)CC2=O)cc1,0.7024,4.6619,-8.5,-9.4,seed333
Cc1ccc(C(C)NC(=O)Nc2cccc(NC(=O)OCCl)c2C)cc1F,0.6202,4.3504,-8.7,-9.1,seed333
Oc1ccccc1C=C1SC(N2CCN(c3cccc4c3=CC=C[SH]=4)CC2)=NC1O,0.4982,5.0,-9.6,-8.2,seed333
Cc1ccc(NC(=O)CC2C(=P)[SH](C)C(=S)N2NC(=O)c2ccc(Cl)cc2)c(C)c1,0.3355,4.5797,-9.1,-8.7,seed333
CCOC(=O)Nc1cccc(NC(=O)NC(C)c2ccc(C)c(F)c2)c1Br,0.5892,4.4652,-8.6,-9.1,seed333
CCc1c(C(=O)N2CCP(Cc3cc(=O)n4ccsc4n3)CC2)cnn1-c1ccc(F)pc1,0.3812,5.0,-8.5,-9.2,seed333
O=C(Cl)N1CCCC(C(=O)N2CCC(OSc3ccccc3)CC2)C1,0.4515,4.5801,-8.3,-9.3,seed333
Cc1ccc(NC(=O)CC2C(=P)N(C)C(=S)N2NC(=O)c2ccc(Cl)cc2)c(C)c1,0.5246,4.6236,-9.2,-8.3,seed333
O=C1C2C3C=CC(CC3)C2C(=O)N1NCC1=C(O)C=CS2=CC=CC=C12,0.4563,5.0,-8.8,-8.7,seed333
CC1CC(C)CN(C(=O)C(Cc2ccccc2)NC(=O)c2cnco2)C1,0.8942,4.9978,-8.6,-8.9,seed333
CCc1c(C(=O)N2CCP(Cc3cc(=O)n4ccsc4n3)SC2)cnn1-c1ccc(F)cc1,0.3796,5.0,-8.3,-9.2,seed333
O=C(CCOc1c#ccc(C(=O)S)c1)NCc1cc(=O)[nH]c2ccccc12,0.5489,4.1287,-8.1,-9.4,seed333
CCOC(=O)Nc1cccc(NC(=O)NC(C)c2ccc(C)c(F)c2)c1F,0.7051,4.5197,-8.5,-9.0,seed333
Cc1ccc(C(C)NC(=O)Nc2cccc(NC(=O)OCI)c2C)cc1F,0.3992,4.2297,-8.5,-8.9,seed333
O=C1C2C3C=CC(CC3)C2C(=O)N1N=CC1=C(I)C=CS2=CC=CC=C12,0.1996,5.0,-8.9,-8.5,seed333
O=C1C2C3C=CC(CC3)C2C(=O)N1N=CC1C2=CC=CC=S2C=CC1O,0.3516,5.0,-8.7,-8.7,seed333
CC(=NNC(=O)COc1cccnc1C#P)c1ccc2c(c1)CCNC2,0.484,4.557,-8.1,-9.3,seed333
CC1CC(C)CN(C(O)C(Cc2ccccc2)NC(=O)c2ccco2)C1,0.8352,4.8777,-8.7,-8.7,seed333
Cc1cc(NC(=O)CC2Oc3ccc(Cl)cc3NC2=O)[nH]n1,0.8066,4.8217,-8.6,-8.8,seed333
O=C(Cl)N1CCCC(C(=O)N2CCC(OCc3ccccc3)CC2)C1,0.6083,4.9076,-8.5,-8.8,seed333
CCOC(=O)Nc1cccc(NC(=O)NC(C)c2cnc(C)c(F)c2)c1C,0.7279,4.514,-8.6,-8.7,seed333
CCC1(CC)NC(=O)N(CC(=O)NC2CC3CNCc4cccc2c43)C1O,0.6274,5.0,-8.4,-8.8,seed333
Cc1ccc(NC(O)CC2C(=O)N(C)C(=S)N2NC(=O)c2ccc(Cl)pc2)c(C)c1,0.4485,4.21,-8.9,-8.3,seed333
Cc1cc(NC(=O)CN2Sc3ccc(Cl)cc3NC2=O)[nH]n1,0.7511,4.6393,-8.3,-8.9,seed333
O=C1C2C3C=CC(CC3)C2C(=O)N1N=CC1=C(O)C=CS2=CC=PC=C12,0.2614,5.0,-8.6,-8.6,seed333
Cc1ccc(C(C[NH3+])S(=N)(=O)c2c#cc(F)cc2)cc1,0.8899,3.6534,-8.2,-9.0,seed333
CCC1(CC)SC(=O)N(CC(=O)NC2CC3CNCc4cccc2c43)C1O,0.7208,5.0,-8.2,-9.0,seed333
CC(NC(=O)C1=CCCC1)C(=O)NC(C)c1noc(Cc2ccccc2)n1,0.7823,4.836,-7.8,-9.4,seed333
CCC1(CC)NC(=O)C(CC(=O)NC2CC3CNCc4cccc2c43)C1O,0.6312,5.0,-8.2,-9.0,seed333
O=C(C1CCC[SH](C(=O)Cl)C1)N1CCC(OCc2ccccc2)CC1,0.6318,4.6214,-8.2,-9.0,seed333
Cc1ccc(NC(=N)CC2C(=P)N(C)C(=S)N2NC(=O)c2ccc(Cl)cc2)c(C)c1,0.2696,4.3491,-9.2,-8.0,seed333
O=C(Cl)N1CCCN(C(=O)N2CCC(OCc3ccccc3)CC2)C1,0.6106,4.7764,-8.2,-9.0,seed333
O=S1N=C(N2CCN(c3cccc4c3=CC=C[SH]=4)CC2)SC1=Cc1ccccc1O,0.5376,5.0,-9.0,-8.2,seed333
O=C(Cl)N1CCCC(C(O)N2CCC(OCc3ccccc3)CC2)C1,0.6424,4.7015,-8.4,-8.7,seed333
CC(=O)N1CCCC(C(=O)N2CCC(OCC3=PC=CCC3)CC2)C1,0.7209,4.5204,-8.0,-9.1,seed333
CC(NC(=O)C1=COCC1)C(=O)NC(C)c1noc(Cc2ccccc2)n1,0.7675,4.7162,-8.0,-9.0,seed333
O=C1C2C3C=CC(CC3)C2C(=O)N1N=CC1=C(O)C=CS2=CC=CC=C12,0.3534,5.0,-8.7,-8.3,seed333
O=C(Cl)N1CCCC(C(=O)N2CCC(OCc3ccccc3)CS2)C1,0.4539,4.5043,-8.2,-8.8,seed333
Cc1ccn(C)c(=O)c1NC(=O)C(=O)NPC(C)OC1=CC=CCC1F,0.6022,3.708,-8.2,-8.8,seed333
CC1CN(C)CN(C(=O)C(Cc2ccccc2)NC(=O)c2ccco2)C1,0.8908,4.9336,-8.7,-8.3,seed333
Cn1cc(CC(=O)ONC(=O)NNCc2cccs2)c2ccccc21,0.6109,4.6431,-8.3,-8.7,seed333
Cc1cc(C)c(NC(=O)CC2C(=P)N(C)C(=S)N2NC(=O)c2ccc(Cl)cc2)cn1,0.5257,4.6369,-8.7,-8.3,seed333
O=C(Cl)N1COCC(C(=O)N2CCC(OCc3ccccc3)CC2)C1,0.6064,4.7388,-8.2,-8.8,seed333
CCC1(CC)NC(=O)N(CC(=O)NC2CC3CNCc4pccc2c43)C1O,0.618,4.7014,-7.8,-9.2,seed333
Cc1ccn(C)c(=O)c1NC(=O)C(=O)NCC(C)OC1=CC=CCC1F,0.7728,3.9268,-8.0,-8.9,seed333
O=C(Cl)N1CCCC(C(=O)N2CCI(OCc3ccccc3)CC2)C1,0.2879,5.0,-7.9,-9.0,seed333
Cc1cc(NC(=O)CC2Sc3ccc(Cl)cc3NC2=N)[nH]n1,0.6922,4.6746,-8.3,-8.6,seed333
Cn1cc(CC(=O)NNC(=O)NNOc2cccs2)c2ccccc21,0.5205,4.5839,-8.6,-8.3,seed333
Cc1ccn(C)c(=O)c1NC(=O)C(=O)NCC(C)OC1=CCCCC1F,0.7752,4.0508,-8.0,-8.9,seed333
COC1=CC=C(C(=O)NN=Cc2ccc(OCC3COCNO3)cc2)CC1,0.5579,4.407,-8.2,-8.7,seed333
CC(N[SeH](=O)c1ccoc1)C(=O)NC(C)c1noc(Cc2ccccc2)n1,0.5065,4.8192,-8.3,-8.6,seed333
CC(NC(=O)c1ccoc1)C(=O)NC(O)c1nsc(Cc2ccccc2)n1,0.5316,4.6445,-8.2,-8.7,seed333
CCC1(CC)NC(=O)N(CC(O)NC2CC3CNCc4cccc2c43)C1O,0.4812,4.8711,-8.2,-8.7,seed333
O=C(Cl)N1CCCC(C(=O)N2CCC(OCc3ccccn3)CC2)C1,0.6076,4.884,-8.2,-8.7,seed333
O=C(Cl)N1CCCC(C(=O)N2CCC(OCc3ccpcc3)CC2)C1,0.5868,4.3035,-8.2,-8.7,seed333
C=C(C1CCCN(C(=O)Cl)C1)N1CCC(OCc2ccccc2)CC1,0.5794,4.6504,-8.0,-8.9,seed333
Cn1cc(CC(=O)NNC(=O)NNCc2cccs2)c2ccccc21,0.5254,4.8473,-8.0,-8.8,seed333
CC1=CCC(O)C([N-]S(=O)(=O)c2c(C)cccc2[N+](=O)[Se-])=C1,0.8035,3.7622,-8.3,-8.5,seed333
CCC1(CC)NC(=O)N(CC(=O)NC2CC3CNCc4cccc2c43)C1P,0.6775,5.0,-8.0,-8.8,seed333
CC(=NNC(=O)COc1cccnc1C#P)c1ccc2c(c1)CCCO2,0.5009,4.6463,-7.8,-9.0,seed333
Cc1ccc(N2CC(C(=O)OCC(=O)Cc3ccc(CO)cc3)CC2=O)cc1,0.7436,4.9516,-7.5,-9.3,seed333
O=C(P)N1CCCC(C(=O)N2CCC(OCC3=CC=CCC3)CC2)C1,0.7209,4.4249,-7.8,-9.0,seed333
CC(NC(=O)C(Cl)N[PH](=O)c1ccoc1)c1noc(Cc2ccccc2)n1,0.3342,4.1731,-7.8,-9.0,seed333
Cc1cc(NC(=O)CC2Sc3ccc(Cl)cc3NC2O)[nH]n1,0.6904,4.6116,-8.3,-8.5,seed333
Cn1cc(OC(=O)NNC(=O)NNCc2cccs2)c2ccccc21,0.5373,4.8356,-8.0,-8.8,seed333
CC1CC(C)CN(C(=O)C(Cc2ccccc2)NC(=O)c2cccs2)C1,0.8743,5.0,-8.6,-8.2,seed333
CCC1(CC)NC(=O)N(CC(=O)NC2CC3CNCc4cccc2c43)C1S,0.5849,5.0,-8.2,-8.6,seed333
CC(SC(=O)C1=COCC1)C(=O)NC(C)c1noc(Cc2ccccc2)n1,0.7805,4.4967,-7.9,-8.8,seed333
Cc1ccc(NC(O)CC2C(=O)N(C)C(=S)N2NC(=O)C2=CC=S(Cl)C=C2)c(C)c1,0.4411,4.237,-8.4,-8.3,seed333
CC1CC(Br)CN(C(=O)C(Cc2ccccc2)NC(=O)c2ccco2)C1,0.7574,4.8341,-8.8,-7.9,seed333
CC(=O)N1CCCC(C(=O)N2CCC(OCC3=CC=CCC3)CC2)C1,0.7859,4.6793,-8.1,-8.6,seed333
Cn1cc(SC(=O)NNC(=O)NNCc2cccs2)c2ccccc21,0.4171,4.5736,-8.0,-8.7,seed333
CC1=CCC(O)C([N-]S(=O)(=O)c2c(C)cccc2[N+](=O)[Se-])C1,0.6315,3.8509,-8.1,-8.6,seed333
COc1ccc(C(=O)NN=Cc2ccc(OCP3CONCO3)nc2)cc1,0.4237,4.4657,-8.1,-8.6,seed333
O=C(C1CCCP(C(=O)Cl)C1)N1CCC(OCc2ccccc2)CC1,0.559,4.6053,-7.5,-9.2,seed333
CC1CC(C)CN(C(=O)C(Cc2ccccc2)NC(=O)c2ccco2)C1,0.8972,5.0,-8.8,-7.8,seed333
COc1ccc(C(=O)NN=Cc2ccc(OCC3CONCO3)nc2)cc1,0.5542,4.6045,-7.9,-8.7,seed333
Cn1cc(C[PH](=O)NNC(=O)NNCc2cccs2)c2ccccc21,0.3767,4.5308,-8.1,-8.5,seed333
CC(=NCC(=O)COc1cccnc1C#P)c1ccc2c(c1)CCCC2,0.5719,4.4724,-7.7,-8.9,seed333
CC1=CCC(O)C([S-]S(=O)(=O)c2c(C)cccc2[N+](=O)[Se-])=C1,0.4712,3.7622,-8.0,-8.6,seed333
COC1=CC=C(C(=O)NN=Cc2ccc(OCC3COCCO3)cc2)CC1,0.5863,4.7259,-8.0,-8.5,seed333
CC1CC(C)CN(C(=O)C(CS2=CC=CC=C2)NC(=O)c2ccco2)C1,0.806,4.7609,-8.1,-8.4,seed333
COC1=CC=C(C(=O)NN=Cc2ccc(OCC3COCOO3)cc2)CC1,0.4466,4.4966,-7.9,-8.6,seed333
Cc1ccn(C)c(=O)c1NC(=O)C(=O)NCC(N)OC1=CC=CCC1F,0.511,3.8449,-7.9,-8.6,seed333
CC1CP(C)CN(C(=O)C(Cc2ccccc2)NC(=O)c2ccco2)S1,0.6263,3.9598,-8.7,-7.8,seed333
COc1ccc(C(=O)NN=Cc2ccc(OCC3CONCO3)nc2)cp1,0.5478,4.2029,-8.0,-8.5,seed333
CC1CN(C(=O)C(Cc2ccccc2)NS(=O)c2ccco2)CP(C)C1,0.7689,3.8682,-7.9,-8.6,seed333
CC(N[PH](=O)c1ccoc1)C(=O)NC(C)c1noc(Cc2ccccc2)n1,0.5694,4.3414,-7.7,-8.7,seed333
CC(=O)N1CCCC(C(O)N2CCC(OCC3=CC=CCC3)CC2)C1,0.8284,4.5196,-8.0,-8.4,seed333
Cc1ccc(C(O[NH3+])S(=O)(=O)c2c#cc(F)cc2)cc1,0.866,3.6915,-7.9,-8.5,seed333
CC1CN(C(=O)C(Cc2ccccc2)NC(=O)c2ccco2)CI(C)C1,0.4168,5.0,-8.7,-7.7,seed333
CC(NC(=O)C1=COCC1)C(=O)NC(C)c1noc(Cc2ccccp2)n1,0.7534,4.2583,-7.9,-8.5,seed333
COC1=CC=C(C(=O)NN=Cc2ccc(OCC3COPCO3)cc2)CC1,0.4401,4.4587,-7.9,-8.5,seed333
CC(=O)N1CCCC(C(=O)N2CCC(OCC3=CC=CNC3)CC2)C1,0.8326,4.5136,-8.2,-8.2,seed333
C=[N+]([Se-])c1cccc(C)c1S(=O)(=O)[N-]C1=CC(C)=CCC1O,0.6383,3.5643,-8.3,-8.1,seed333
CCC(NC(=N)NNC(=O)COC1C=CC(C#N)CC1)c1cccc(Cl)c1,0.2586,3.8763,-7.6,-8.8,seed333
Cc1cc(NC(=O)CC2Sc3ccc(Cl)cc3NC2=O)[nH]n1,0.804,4.7647,-8.0,-8.3,seed333
Cc1cc(NC(O)CC2Sc3ccc(Cl)cc3NC2=O)[nH]n1,0.6433,4.5155,-8.0,-8.3,seed333
COc1ccc(C(=O)NN=Cc2ccc(OCC3CONCO3)nc2)nc1,0.5326,4.5706,-8.0,-8.3,seed333
Cc1ccn(C)c(=O)c1NC(=O)C(=P)NCC(C)OC1=CC=CCC1F,0.7119,3.8024,-7.9,-8.4,seed333
CC1=CCC(O)C([N-]S(=O)(=O)c2c(C)cccc2[N+](O)[Se-])=C1,0.6095,3.6063,-8.0,-8.3,seed333
O=C(Nc1nc2c(s1)CN([SH](=O)(O)CC[SH]1C(=O)CCCC1=O)CC2)C1CC1,0.4912,5.0,-8.3,-8.0,seed333
CCCNC(=O)C[SH+]1CC(c2c(-c3cc(C)no3)cnc3cc(C)nn23)CCO1,0.4885,5.0,-8.7,-7.6,seed333
CCC(NC(=O)N1CCN(C2=CCCC=C2)CC1)c1c(N)nn(P)c1C,0.7913,4.4577,-7.6,-8.7,seed333
Cn1cc(CC(=O)NNC(O)NNCc2cccs2)c2ccccc21,0.3055,4.5683,-7.9,-8.3,seed333
CCC1(CC)NC(=O)N(CC(=O)NC2PC3CNCc4cccc2c43)C1O,0.574,4.7446,-8.1,-8.1,seed333
COC1=CCC(C(=O)NN=Cc2ccc(OCC3COCCO3)cc2)CC1,0.5851,4.7679,-7.7,-8.5,seed333
O=C1C2C3C=CC(CC3)C2C(=O)N1N=CC1=[PH](O)C=CS2=CC=CC=C12,0.2606,5.0,-8.4,-7.8,seed333
Cc1ccc(C(C[NH3+])S(=O)(=O)c2c#cc(F)cp2)cc1,0.9395,3.1213,-7.9,-8.2,seed333
Cc1ccc(C(C[NH3+])[SH](=O)(O)c2c#cc(F)cc2)cc1,0.7494,4.1727,-8.3,-7.8,seed333
O=C(Cl)N1CCPC(C(=O)N2CCC(OCc3ccccc3)CC2)C1,0.4568,4.1361,-8.1,-8.0,seed333
O=C(Nc1nc2c(s1)CN([SH](=O)(O)CCN1C(=O)CCSC1=O)CC2)C1CC1,0.5642,5.0,-8.0,-8.1,seed333
COC1=CC=C(C(O)NN=Cc2ccc(OCC3COCCO3)cc2)CC1,0.4114,4.3709,-7.9,-8.2,seed333
Cn1cc(CC(=O)NNC(=O)NNCc2cccs2)c2ccpcc21,0.5167,4.1474,-7.7,-8.4,seed333
COc1ccc(S(=O)NN=Cc2ccc(OCC3CONCO3)nc2)cc1,0.5101,4.2699,-7.9,-8.2,seed333
Cc1ccc(C(C)NC(=O)N(C)CCN(I)C2CC[NH+](C)CC2)cc1,0.5052,4.2135,-7.7,-8.3,seed333
CCC(NC(=O)N1CCN(C2=CCCC=C2)NC1)c1c(C)nn(P)c1C,0.7932,4.2093,-7.6,-8.4,seed333
CC(NC(=O)c1ccoc1)C(=O)NC(O)c1noc(CS2=CC=CC=C2)n1,0.4788,4.4218,-7.5,-8.4,seed333
Cc1cccc([N+](=O)[Se-])c1S(=O)(=O)[N-]C1=CC(F)=CCC1O,0.7975,3.7788,-7.6,-8.3,seed333
CC1(C)NC(N2CCN(Cc3ncccc3C(F)(F)F)CC2)=[NH+]S1,0.7584,4.8022,-7.9,-8.0,seed333
CC1CN(C(=O)C(Cc2ccccc2)SC(=O)c2ccco2)CP(C)C1,0.7152,3.9802,-8.3,-7.6,seed333
CC(=O)N1CCCC(C(=O)N2CCC(OCC3=CC=CCC3)SC2)C1,0.7697,4.4485,-8.0,-7.9,seed333
O=C(Nc1nc2c(s1)CN([SH](=O)(O)CCN1C(=O)CCCC1=O)SC2)C1CC1,0.3432,5.0,-8.0,-7.9,seed333
Cc1ccc(C(C)NC(=O)N(C)CCN(N)C2CC[NH+](C)CC2)cc1,0.5196,4.1743,-7.8,-8.1,seed333
O=C1C2C3C=CC(CC3)C2C(=O)N1N=CC1=S(O)C=CS2=CC=CC=C12,0.3431,5.0,-7.8,-8.1,seed333
Cc1ccc(C(C)NC(=O)N(C)CC[SH](N)C2CC[NH+](C)CC2)cc1,0.572,4.1101,-7.8,-8.1,seed333
Cn1cc(CC(=O)NNC(=[IH])NNCc2cccs2)c2ccccc21,0.3009,4.8841,-7.7,-8.2,seed333
CC1(C)S[NH+]=C(N2CCN(Cc3ncccc3C(F)(F)F)CC2)S1,0.795,4.7102,-7.8,-8.0,seed333
CC(C)(C)c1nn(F)cc1C(=O)SCc1cn2ccccc2n1,0.7347,4.4916,-7.8,-8.0,seed333
Cc1cc(NC(=O)CC2Sc3cpc(Cl)cc3NC2=O)[nH]n1,0.7881,4.2527,-7.7,-8.1,seed333
Cc1ccc(C(C[NH3+])S(=O)(=O)c2c#cc(F)cc2)cp1,0.9395,2.8411,-7.5,-8.3,seed333
CC1=CCC(O)C([N-][SH](=O)(O)c2c(C)cccc2[N+](=O)[Se-])=C1,0.5449,3.7852,-7.7,-8.1,seed333
Cc1cc([SH](=O)(O)NC2=CCC(Cl)C=C2F)ccc1OCC(=O)O,0.4511,4.0647,-7.9,-7.9,seed333
CCC(NC(O)N1CCN(C2=CCCC=C2)CC1)c1c(C)nn(P)c1C,0.5886,4.2821,-7.6,-8.2,seed333
CCC(C)NC(=O)CN1CCN(C(=O)Nc2cc(Cl)ccc2SC)OC1,0.7178,4.1045,-7.4,-8.3,seed333
CCC(O)NC(=O)CN1CCN(C(=O)Nc2cc(Cl)ccc2SC)CC1,0.5024,4.2912,-8.0,-7.7,seed333
Cc1cc([SH](=O)(O)NC2=CCC(Cl)C=C2F)ccc1OCC([O-])O,0.3378,3.9836,-7.8,-7.9,seed333
Cc1cc([SeH](=O)(O)NC2=CCC(Cl)C=C2F)ccc1OCC(=O)[O-],0.4841,4.0727,-7.7,-7.9,seed333
CCC(NC(=O)N1CCN(C2=CCCCC2)CC1)c1c(C)nn(P)c1C,0.8188,4.549,-7.4,-8.2,seed333
Cc1ccc(C(C)NC(=O)N(C)CCN(N)C2CC[SH+](C)CC2)cc1,0.3504,4.1743,-7.5,-8.1,seed333
CCCc1cc(OC(=O)NCCc2c(F)cccc2F)n(Br)n1,0.823,4.257,-7.5,-8.1,seed333
Cc1cc([SH](=O)(S)NC2=CCC(Cl)C=C2F)ccc1OCC(=O)[O-],0.3901,3.9959,-7.5,-8.1,seed333
CCC(NC(=O)N1CCN(C2=CCCC=C2)CC1)c1c(C)nn(P)c1C,0.8228,4.4627,-7.2,-8.3,seed333
Cn1cc(C(=O)SCc2cn3ccccc3n2)c(C(C)(C)C)n1,0.7389,4.5735,-7.6,-7.9,seed333
CC1(C)S[NH+]=C(N2CCN(Cc3ncccc3C(F)(F)F)CS2)S1,0.7748,4.2809,-7.6,-7.9,seed333
NC(=O)c1cc#cc(CCCC(=O)NCc2cc(=O)[nH]c3ccccc23)c1,0.5981,4.16,-5.0,-10.5,seed333
Cc1ccc(C(C)NC(=O)N(C)CCN(N)C2CC[NH+](C)CC2)nc1,0.4968,4.1466,-7.6,-7.9,seed333
CCC(NC(=O)N1CCN(C2=CCCC=C2)CC1)c1c(I)nn(P)c1C,0.5233,4.3057,-7.2,-8.3,seed333
CC1(C)S[NH+]=C(N2CCN(Cc3ncccc3C(F)(F)Br)CC2)S1,0.5784,4.4221,-7.4,-8.1,seed333
CC1(C)P[NH+]=C(N2CCN(Cc3ncccc3C(F)(F)F)CC2)S1,0.7964,4.7789,-7.9,-7.6,seed333
Cc1cc([SH](=O)(O)NC2=CCC(Cl)C=C2F)ccc1OCC(=O)[O-],0.512,4.0727,-7.5,-7.9,seed333
CCC(NC(=O)N1CCN(C2=CCCC=C2)CC1)c1c(C)np(P)c1C,0.776,4.1622,-7.5,-7.9,seed333
Cc1ccc(C(C[NH3+])S(=O)(=O)C2=CC=C(F)S#C2)cc1,0.9252,4.0254,-7.4,-8.0,seed333
CC1CN(C(=O)C(Cc2ccccc2)NC(=O)c2ccco2)CP(C)C1,0.8203,4.2833,-8.1,-7.3,seed333
CC1CN(C(=O)C(Cc2ccccc2)NC(=O)c2ccco2)CP(Cl)C1,0.7892,4.2728,-8.1,-7.3,seed333
Cc1ccc(C(C)NC(=O)N(C)CCN(N)C2CC[NH+](C)CC2)pc1,0.5224,3.4637,-7.6,-7.8,seed333
Cc1ccc(P(C[NH3+])S(=O)(=O)c2c#cc(F)cc2)cc1,0.8685,3.7874,-7.3,-8.1,seed333
CCC(NC(=O)N1CCN(C2=CCCC=C2)CC1)c1c(C)nn(P)c1I,0.5233,4.2938,-7.2,-8.2,seed333
CCCc1cc(OC(=O)NCCc2c(F)cccc2F)n(C)n1,0.889,4.3684,-7.2,-8.1,seed333
CC1(C)S[CH+]=C(N2CCN(Cc3ncccc3C(F)(F)F)CC2)S1,0.7343,4.5198,-7.7,-7.6,seed333
CCOC1=CCC(C[SH]2CCN(C(=O)NCCC(=O)N(C)I)CC2)C=C1,0.3246,3.578,-7.9,-7.4,seed333
Cn1cc(C(=O)SCc2nc3ccccn3n2)c(C(C)(C)C)n1,0.7391,4.5528,-7.5,-7.8,seed333
CC1(C)S[NH+]=C(N2CCN(Cc3pcccc3C(F)(F)F)CC2)S1,0.7784,4.1131,-7.5,-7.8,seed333
CCC(NC(=O)N1CCN(C2=[SH]CCC=C2)CC1)c1c(C)nn(P)c1C,0.4697,4.6082,-7.2,-8.1,seed333
CCC(NC(=O)I1CCN(C2=CCCC=C2)CC1)c1c(C)nn(P)c1C,0.2205,4.4919,-7.1,-8.2,seed333
C=C(SCc1cn2ccccc2n1)c1cn(C)nc1C(C)(C)C,0.718,4.3459,-7.4,-7.8,seed333
Cc1cc([SH](=N)(O)NC2=CCC(Cl)C=C2F)ccc1OCC(=O)[O-],0.4484,4.0249,-7.7,-7.5,seed333
O=C(Nc1nc2c(s1)CN([SH](=O)(O)CCN1C(=O)CCOC1=O)CC2)C1CC1,0.5644,5.0,-7.6,-7.6,seed333
Cc1cccc([N+](=O)[Se-])c1S(=O)(=O)[N-]C1=CC(Br)=CCC1O,0.7132,3.7695,-7.4,-7.7,seed333
CCC(NC(=O)N1CCN(C2=COCC=C2)CC1)c1c(C)nn(P)c1C,0.8185,4.3102,-7.2,-7.9,seed333
CC1(C)S[NH+]=C(N2CCN(Cc3ncccc3C(F)(F)P)CC2)S1,0.6266,4.4579,-7.2,-7.9,seed333
O=C(Nc1nc2c(s1)CN([SH](=O)(O)SCN1C(=O)CCCC1=O)CC2)C1CC1,0.3432,5.0,-8.2,-6.9,seed333
Cc1ccc(C(C)NC(=P)N(C)CCN(N)C2CC[NH+](C)CC2)cc1,0.3604,3.9601,-7.6,-7.5,seed333
O=C([O-])COc1ccc([SH](=O)(O)NC2=CCC(Cl)C=C2F)cc1Br,0.4608,3.9692,-7.5,-7.6,seed333
Cc1cc([SH](=O)(O)NC2=CCC(Cl)C=C2F)ccc1OCC([O])=O,0.5246,3.7198,-7.5,-7.6,seed333
CCCc1cc(OS(=O)NCCc2c(F)cccc2F)n(C)n1,0.8009,3.8508,-7.3,-7.8,seed333
CCOC1=CCC(CN2CCN(C(=O)NCCC(=O)N(C)I)CC2)C=C1,0.4513,3.8967,-7.2,-7.8,seed333
CC1(C)S[NH+]=C(N2CCN(Cc3ncccc3C(F)(F)S)CC2)S1,0.6061,4.5234,-7.2,-7.8,seed333
CNOC1=CCC(CN2CCN(C(=O)NCCC(=O)N(C)I)CC2)C=C1,0.3268,3.5942,-7.5,-7.5,seed333
O=C(Nc1nc2c(s1)CN([SH](O)(O)CCN1C(=O)CCCC1=O)CC2)C1CC1,0.4015,5.0,-7.8,-7.2,seed333
CCOC1=CCC(CN2CCN(C(=O)NCCC(=O)N(C)I)CC2)CC1,0.4506,4.0468,-7.5,-7.4,seed333
CSCc1cc(OC(=O)NCCc2c(F)cccc2F)n(C)n1,0.8777,4.2134,-7.2,-7.7,seed333
Cc1cc([SH](=O)(O)NC2=CCN(Cl)C=C2F)ccc1OCC(=O)[O-],0.4965,3.9127,-7.3,-7.6,seed333
CCOC1=CCC(CI2CCN(C(=O)NCCC(=O)N(C)I)CC2)C=C1,0.2823,3.9291,-7.1,-7.8,seed333
CCc1ccc(NC(=O)COC(=O)C2CC(=O)N(c3ccc(C)cc3)C2)cc1,0.7816,5.0,-5.0,-9.8,seed333
CCOC1=CCC(CN2CCN(C(=O)NCCC(=O)N(C)I)CC2)C=P1,0.335,3.7288,-7.3,-7.5,seed333
Cn1nc(C(C)(C)C)c(C(=O)SCc2cn3ccccc3n2)p1,0.7187,4.0712,-7.0,-7.8,seed333
CCc1c(C(=O)N2CCP(Cc3cc(=O)n4ccsc4n3)CC2)cnn1-c1ccc(F)cc1,0.4053,5.0,-5.0,-9.7,seed333
O=C(CN1CNCc2ccccc21)Nc1ccccc1C(O)Nc1ccccc1,0.4877,5.0,-5.0,-9.7,seed333
CCc1c(C(=O)N2CCP(Cc3cc(=O)n4cpsc4n3)CC2)cnn1-c1ccc(F)cc1,0.3812,5.0,-5.0,-9.7,seed333
NC(=O)Cn1cc(NC(=O)CCc2ccc(Br)s2)cn1,0.8256,4.2493,-7.4,-7.2,seed333
CCC(C)NC(=O)CN1CCN(C(=O)Nc2cc(Cl)ccc2SC)CC1,0.7224,4.3991,-6.9,-7.7,seed333
CC(=NNC(=O)COc1cccnc1C#P)c1ccc2c(c1)CCCC2,0.5003,4.6567,-5.0,-9.6,seed333
CCOC1=CNC(CN2CCN(C(=O)NCCC(=O)N(C)I)CC2)C=C1,0.4216,3.7607,-7.5,-7.1,seed333
Cc1ccc(N2CC(C(=O)OCC(=N)Nc3ccc(CO)cc3)CC2=O)cc1,0.4052,4.7794,-5.0,-9.6,seed333
CC(C)CCC1CC[NH+](Cc2nnnn2C2CC2)NC1,0.7889,4.7058,-7.3,-7.3,seed333
CCC(C)NC(=O)CN1CCN(C(=O)Nc2cc(Cl)ccc2SC)SC1,0.546,4.0372,-7.2,-7.3,seed333
Cc1ccc(N2CC(C(=O)OCC(=O)Nc3ccc(CO)cc3)CC2=O)cc1,0.7455,5.0,-5.0,-9.5,seed333
NC(=O)c1cc#pc(OCCC(=O)NCc2cc(=O)[nH]c3ccccc23)c1,0.5804,4.5802,-5.0,-9.4,seed333
CCc1c(C(=N)N2CCP(Cc3cc(=O)n4ccsc4n3)CC2)cnn1-c1ccc(F)cc1,0.2653,5.0,-5.0,-9.4,seed333
CCC(NC(=O)NNC(=O)COC1C=CC(CN)CC1)c1cccc(Cl)c1,0.4207,4.1657,-5.0,-9.4,seed333
Cc1ccc([SH]2CC(C(=O)OCC(=O)Nc3ccc(CO)cc3)CC2=O)cc1,0.5111,4.9758,-5.0,-9.4,seed333
CCC(C)NC(=O)C[SH]1CCN(C(=O)Nc2cc(Cl)ccc2SC)SC1,0.3511,3.7722,-7.0,-7.4,seed333
CCC(C)NC(=O)CN1CCN(C(=O)Nc2cc(Cl)ccc2SC)CO1,0.7178,4.106,-6.7,-7.7,seed333
CC1(C)S[NH+]=C(P2CCN(Cc3ncccc3C(F)(F)F)CC2)S1,0.6308,4.275,-6.8,-7.6,seed333
CCC(C)NC(=O)CN1CCN(C(=[IH])Nc2cc(Cl)ccc2SC)SC1,0.3035,4.0733,-7.1,-7.3,seed333
CCC(C)PC(=O)CN1CCN(C(=O)Nc2cc(Cl)ccc2SC)CC1,0.5349,3.8049,-6.5,-7.8,seed333
Cn1cc(C(=O)SCc2cn3ccccc3n2)c(S(C)(C)C)n1,0.7265,4.5547,-7.0,-7.3,seed333
CC1=CCC(O)C([N-]S(=O)(=O)c2c([N+](=O)[Se-])ccpc2C)=C1,0.7821,2.9193,-7.1,-7.2,seed333
CC(C)CCC1CC[NH+](Cc2nnnn2C2CC2)CC1,0.8515,4.7503,-7.0,-7.2,seed333
CCc1c(C(O)N2CCP(Cc3cc(=O)n4ccsc4n3)CC2)cnn1-c1ccc(F)cc1,0.4224,5.0,-5.0,-9.2,seed333
CCC(C)NC(=O)CN1CCN(C(=O)Nc2pc(Cl)ccc2SC)CC1,0.6938,4.0721,-6.7,-7.5,seed333
CC1CN(C(=O)C(Cc2ccpcc2)NC(=O)c2ccco2)CP(C)C1,0.7914,3.8894,-7.6,-6.6,seed333
CC(I)CCC1CC[NH+](Cc2nnnn2C2CC2)CC1,0.5904,4.3268,-6.9,-7.3,seed333
CCN(C)NC(=O)CN1CCN(C(=O)Nc2cc(Cl)ccc2SC)CC1,0.5666,4.19,-6.7,-7.4,seed333
CCC(NC(=O)NNC(=O)COC1C=CC(C#N)CC1)c1cccc(Cl)c1,0.5127,4.0788,-5.0,-9.1,seed333
CC(NC(=O)c1ccoc1)C(=O)NC(O)c1noc(Cc2ccccc2)n1,0.5323,4.7159,-5.0,-9.1,seed333
CC(C)CCC1CC[NH+](Cc2nnpn2C2CC2)CC1,0.8746,4.439,-6.7,-7.3,seed333
CC(NC(=O)c1ccoc1)C(=O)NC(O)c1cc(Cc2ccccc2)on1,0.5466,4.7559,-5.0,-9.0,seed333
CC(NC(=O)C1=CSCC1)C(=O)NC(C)c1noc(Cc2ccccc2)n1,0.7582,4.6689,-5.0,-9.0,seed333
CCN(NC(=O)NNC(=O)COC1C=CC(C#N)CC1)c1cccc(Cl)c1,0.5092,3.9099,-5.0,-9.0,seed333
CC(C)CCC1CC[SH+](Cc2nnnn2C2CC2)CC1,0.5987,4.7503,-6.7,-7.3,seed333
CCC(NC(=O)NNC(=O)COC1C=C[SH](C#N)CC1)c1cccc(Cl)c1,0.3286,3.955,-5.0,-8.9,seed333
CC(NC(=O)c1ccoc1)C(=O)NC(Cl)c1noc(Cc2ccccc2)n1,0.4748,4.6376,-5.0,-8.9,seed333
CCC(NC(=O)NNC(O)COC1C=CC(C#N)CC1)c1cccc(Cl)c1,0.309,3.8556,-5.0,-8.9,seed333
CC[NH2+]C(Cc1cccc(Cl)c1)C1C(C)(C)C1(C)P,0.8045,3.9003,-6.4,-7.4,seed333
CCC(C)NC(O)CN1CCN(C(=O)Nc2cc(Cl)ccc2SC)SC1,0.3574,3.8534,-6.8,-7.0,seed333
Cc1ccc(NC(O)CC2C(=O)N(C)C(=S)N2NC(O)c2ccc(Cl)cc2)c(C)c1,0.3823,4.3163,-5.0,-8.8,seed333
Cc1ccc(NC(O)CC2C(=O)N(I)C(=S)N2NC(=O)c2ccc(Cl)cc2)c(C)c1,0.2176,4.4841,-5.0,-8.7,seed333
O=C(Nc1nc2c(s1)CN([SH](O)(=P)CCN1C(=O)CCCC1=O)CC2)C1CC1,0.3508,5.0,-7.2,-6.5,seed333
CO[NH2+]C(Cc1cccc(Cl)c1)C1C(C)(C)C1(C)P,0.6565,3.9461,-6.6,-7.1,seed333
CCC(C)NC(=O)CN1CCN(C(=O)NS2=CC(Cl)=CC=C2SC)SC1,0.4942,3.7632,-6.8,-6.9,seed333
O=C(c1cnn(-c2ccc(F)cc2)c1CS)N1CCP(Cc2cc(=O)n3ccsc3n2)CC1,0.3349,5.0,-5.0,-8.7,seed333
CCC(NC(O)NNC(=O)COC1C=CC(C#N)CC1)c1cccc(Cl)c1,0.2913,3.7999,-5.0,-8.7,seed333
N#CC1C=CC(OCC(=O)NNC(=O)NC(CBr)c2cccc(Cl)c2)CC1,0.3484,3.9026,-5.0,-8.7,seed333
CCC(P)NC(=O)CN1CCN(C(=O)Nc2cc(Cl)ccc2SC)SC1,0.407,3.8391,-6.5,-7.2,seed333
CCC(NC(=[IH])NNC(=O)COC1C=CC(C#N)CC1)c1cccc(Cl)c1,0.2744,4.1025,-5.0,-8.7,seed333
NC(=O)Cn1cc(NC(O)CCc2ccc(Br)s2)cn1,0.6543,4.0578,-6.8,-6.9,seed333
CC1=CC=C(NPc2cc(C#N)cs2)C(F)C1,0.8536,3.3473,-6.9,-6.7,seed333
CC1=CC=C(NCc2cc(C#N)c[nH]2)C(F)C1,0.8395,3.657,-6.7,-6.9,seed333
CC1=CC=C(NCc2cc(C#N)cs2)C(F)C1,0.8907,3.7214,-6.8,-6.8,seed333
Cc1ccc(NC(O)CC2C(=O)N(C)C(=S)N2NC(=O)c2ccc(Cl)cc2)c(C)c1,0.4671,4.6028,-5.0,-8.6,seed333
CC(N[PH](=O)c1ccoc1)C(=O)NC(F)c1noc(Cc2ccccc2)n1,0.4462,4.1874,-5.0,-8.6,seed333
CC(N[SH](=O)c1ccoc1)C(=O)NC(C)c1noc(Cc2ccccc2)n1,0.5074,4.3205,-5.0,-8.6,seed333
Cc1ccc(NC(P)CC2C(=O)N(C)C(=S)N2NC(=O)c2ccc(Cl)cc2)c(C)c1,0.5056,4.4944,-5.0,-8.5,seed333
CC(NC(O)C(C)NC(=O)C1=COCC1)c1noc(Cc2ccccc2)n1,0.6016,4.5028,-5.0,-8.5,seed333
CCC(NS(=O)NNC(=O)COC1C=CC(C#N)CC1)c1cccc(Cl)c1,0.4294,3.6444,-5.0,-8.5,seed333
O=C(Nc1nc2c(s1)CN([SH](=O)(O)CCN1C(=O)CCCC1=O)CC2)C1CC1,0.4553,5.0,-5.0,-8.4,seed333
CC(N[PH](=O)c1ccoc1)C(=O)NC(O)c1noc(Cc2ccccc2)n1,0.3855,4.2573,-5.0,-8.4,seed333
CC1CCCC1CC[NH+](C)Cc1nnnn1C1CC1,0.8284,4.6392,-6.8,-6.6,seed333
CC1=CC=C(NCc2cc(C#N)cs2)C(F)N1,0.8086,3.7535,-6.6,-6.8,seed333
C=C(NN=Cc1ccc(OCC2COCCO2)cc1)C1=CC=C(OC)CC1,0.5626,4.485,-5.0,-8.3,seed333
CC[NH2+]C(Sc1cccc(Cl)c1)C1C(C)(C)C1(C)P,0.4984,3.8204,-6.2,-7.1,seed333
CC(N[PH](=O)c1ccoc1)C(=O)NC(C)c1noc(Cc2ccccc2)p1,0.5579,4.106,-5.0,-8.3,seed333
Cc1ccc(NC(=O)CC2C(=P)N(C)C(=S)N2NC(=O)c2ccc(Cl)cc2)c(P)c1,0.5108,4.2958,-5.0,-8.3,seed333
C=C(NC(O)c1noc(Cc2ccccc2)n1)C(C)NC(=O)c1ccoc1,0.5222,4.5133,-5.0,-8.3,seed333
CC1=CC=C(NCc2cc(C#N)cs2)I(F)C1,0.503,4.0832,-6.7,-6.6,seed333
C[NH+](C)[SH](CNCc1cccc(Cl)c1)C1=[SH]C=CO1,0.4887,4.0591,-6.6,-6.7,seed333
Cc1ccc(NC(O)CC2C(=O)N(C)C(=S)N2NC(=O)S2=CC=C(Cl)C=C2)c(C)c1,0.4562,4.2493,-5.0,-8.2,seed333
CCC(NC(=[IH])N1CCN(C2=CCCC=C2)CC1)c1c(C)nn(P)c1C,0.494,4.3973,-5.0,-8.2,seed333
CC(NC(=O)C1=COCC1)C(=O)NC(C)c1noc(Cc2cccpc2)n1,0.7534,4.128,-5.0,-8.2,seed333
Cc1ccc(C(C)SC(=O)N(C)CCN(N)C2CC[NH+](C)CC2)cc1,0.5951,3.872,-5.0,-8.2,seed333
CC(NC(=O)c1ccoc1)C(O)NC(O)c1noc(Cc2ccccc2)n1,0.4299,4.4876,-5.0,-8.2,seed333
CC[NH2+]C(Cc1ccpc(Cl)c1)C1C(C)(C)C1(C)P,0.7977,3.1752,-6.2,-6.9,seed333
CCCNC(=O)C[NH+]1CC(c2c(-c3cc(C)no3)cnc3cc(C)nn23)CCO1,0.6371,5.0,-5.0,-8.1,seed333
C[NH+](C)C(SNCc1cccc(Cl)c1)C1=[SH]C=CO1,0.322,3.8512,-6.6,-6.5,seed333
C[NH+](C)C(CNCc1cccc(Cl)c1)C1=[SH]C=CO1,0.5405,4.3038,-6.5,-6.5,seed333
COc1ccc(C(=O)NN=CS2=CC=C(OCC3CONCO3)N=C2)cc1,0.313,4.2008,-5.0,-8.0,seed333
CC1=CI=C(NCc2cc(C#N)cs2)C(F)C1,0.8365,3.948,-6.6,-6.4,seed333
CC1=CC=C(NCc2cc(C#N)cs2)C1F,0.8725,3.5841,-6.4,-6.6,seed333
CC(N[PH](=O)c1ccoc1)C(=O)NC(S)c1noc(Cc2ccccc2)n1,0.2984,4.0521,-5.0,-7.9,seed333
C[NH+](C)C(CSCc1cccc(Cl)c1)C1=[SH]C=CO1,0.617,4.1113,-6.1,-6.7,seed333
CC1=CC=C(NCc2cc(C#N)cs2)C(F)S1,0.9086,3.6754,-6.4,-6.4,seed333
Cc1ccc(C(C)NC(=S)N(C)CCN(N)C2CC[NH+](C)CC2)cc1,0.3944,3.9979,-5.0,-7.7,seed333
C[NH+](C)C(CNCc1cccc(Cl)c1)C1=[SH]C=CP1,0.4136,4.4135,-6.2,-6.5,seed333
Cc1cc([SH](=O)(O)NC2=CCC(Cl)CC2F)ccc1OCC(=O)[O-],0.5083,4.0199,-5.0,-7.5,seed333
C[NH+](C)C(CNCc1cpcc(Cl)c1)C1=[SH]C=CO1,0.5489,3.377,-6.1,-6.4,seed333
CCCNC(O)C[NH+]1CC(c2c(-c3cc(C)no3)cnc3cc(C)nn23)CCO1,0.499,5.0,-5.0,-7.5,seed333
CC1=CC=C(NCc2cc(C#N)cs2)C(P)C1,0.8491,3.4054,-6.3,-6.1,seed333
CCOC1=CCC(CN2CC[SH](C(=O)NCCC(=O)N(C)I)CC2)C=C1,0.3242,3.5778,-5.0,-7.2,seed333
c1ccc2ccccc2c1,0.5114,5.0,-5.9,-5.9,seed333
c1ccc2nncnc2c1,0.5355,4.412,-5.8,-5.4,seed333
c1ccc2cpccc2c1,0.5338,2.2447,-5.5,-5.4,seed333
c1cnc2ccccc2n1,0.5413,4.8211,-5.4,-5.0,seed333
c1ccc2nccnc2c1,0.5413,4.8211,-5.4,-5.0,seed333
c1ccc2pccnc2c1,0.5579,2.7885,-5.3,-5.1,seed333
O=C(c1ccc(-c2ccccc2)cc1)C1CCCN(S(=O)CSc2nbccn2)C1,0.4175,4.5676,-5.0,-5.0,seed333
Bc1noc(C2CCCN2S(=O)(=O)c2ccc3c(c2)OCCO3)n1,0.6977,5.0,-5.0,-5.0,seed333
CC(Cc1ccsc1)N(C)C(=O)Nc1cbc(Br)cc1,0.8893,3.7548,-5.0,-5.0,seed333
Cn1cc(CC(=O)NNC(=O)NCCc2cccs2)c2cccbc21,0.6103,4.48,-5.0,-5.0,seed333
BC1(C)C(CN[SH](=O)(O)c2cnn(CC[NH3+])c2)C1(C)C,0.3986,3.7569,-5.0,-5.0,seed333
CC(CO)NC(=O)NC1CC(C)N(c2cbccc2)C1,0.7565,3.7382,-5.0,-5.0,seed333
CC(CC1CCCC[NH2+]1)[NH2+]CCc1cbsc1,0.7191,3.9862,-5.0,-5.0,seed333
B[N+](=[BH7-89])c1ccc(OCC(=O)Oc2ccccc2OC)cc1,0.4041,4.4392,-5.0,-5.0,seed333
CC1CC(C)CN(C(=O)C(Cc2ccccc2)NC(=O)c2cbco2)C1,0.8993,4.4016,-5.0,-5.0,seed333
[22B]CC,0.3531,3.8321,-5.0,-5.0,seed333
O=C(c1ccc(-c2ccpcc2)cc1)C1CCCN(S(=O)CSc2nbccn2)C1,0.3929,4.1523,-5.0,-5.0,seed333
B[SH](=O)(CCN1C(=O)CCCC1=O)N1CCc2nc(NC(=O)C3CC3)sc2C1,0.3766,5.0,-5.0,-5.0,seed333
CC(CO)NC(=O)NC1CC(C)N(c2cbcpc2)C1,0.7826,3.3357,-5.0,-5.0,seed333
NC(=O)c1cc#cc(OBCC(=O)NCc2cc(=O)[nH]c3ccccc23)c1,0.5374,4.1872,-5.0,-5.0,seed333
CCC(NC(=O)NNC(=O)COC1C=CC([IH]#N)CC1)c1cccc(Cl)c1,0.2381,4.3378,-5.0,-5.0,seed333
CC(NC(=O)C1=COCC1)C(=O)[22B]Cc1noc(Cc2ccccc2)n1,0.7085,4.7781,-5.0,-5.0,seed333
[B-][N+](=O)c1cccc(C)c1S(=O)(=O)[N-]C1=CC(C)=CCC1O,0.8615,3.9962,-5.0,-5.0,seed333
CC(CC1CCCC[NH2+]1)[NH2+]CCc1cbsn1,0.704,3.8969,-5.0,-5.0,seed333
B[P+](=[BH7-89])c1ccc(OCC(=O)Oc2ccccc2OC)cc1,0.313,4.1097,-5.0,-5.0,seed333
CC1=NBC(NC(=O)CC2Sc3ccc(Cl)cc3NC2=O)=C1,0.8304,4.6027,-5.0,-5.0,seed333
O=C1N=C(N2CCN(c3cccc4c3=CC=C[SH]=4)CC2)SC1=Cc1bcccc1O,0.4333,5.0,-5.0,-5.0,seed333
[22B]CCCC1CC[NH+](Cc2nnnn2C2CC2)CC1,0.7504,4.6754,-5.0,-5.0,seed333
CC(CO)NC(O)NC1CC(C)N(c2cbccc2)C1,0.5436,3.3025,-5.0,-5.0,seed333
CCCNC(=O)C[NH+]1CC(c2c(-c3cc(C)bo3)cnc3cc(C)nn23)CCO1,0.6432,5.0,-5.0,-5.0,seed333
CCC(NC(=O)NNC(=O)COC1C=CC(C#N)CC1)c1cbcc(Cl)c1,0.5138,3.6157,-5.0,-5.0,seed333
Cc1ccc(N2CC(C(=O)OCC(=O)Nc3bcc(CO)cc3)CC2=O)cc1,0.7383,4.6248,-5.0,-5.0,seed333
BC1(C)C(CN[SH](O)(=[IH])c2cnn(CC[NH3+])c2)C1(C)C,0.3128,3.681,-5.0,-5.0,seed333
Cn1nc(CC(=O)NNC(=O)NCCc2cccs2)c2cccbc21,0.5989,4.4881,-5.0,-5.0,seed333
B=C(NC(Cc1ccccc1)C(=O)N1CC(C)CC(C)C1)c1ccco1,0.8139,4.8857,-5.0,-5.0,seed333
COc1ccc(C(=O)[IH]N=Cc2ccc(OCC3CONCO3)nc2)cc1,0.3485,4.6165,-5.0,-5.0,seed333
B[N+](=[BH7-89])c1ccc(OPC(=O)Oc2ccccc2OC)cc1,0.5757,3.7352,-5.0,-5.0,seed333
CCOC(=O)Nc1cccc(NC(=O)[22B]Cc2ccc(C)c(F)c2)c1C,0.7426,4.692,-5.0,-5.0,seed333
BC(F)(F)c1cccnc1CN1CCN(C2=[NH+]SC(C)(C)S2)CC1,0.6165,4.4029,-5.0,-5.0,seed333
CC(NC(=O)C1=COCC1)C(=O)BC(C)c1noc(Cc2ccccc2)n1,0.7109,4.5759,-5.0,-5.0,seed333
O=C(Cl)N1[B]C(C(=O)N2CCC(OCc3ccccc3)CC2)CCC1,0.4704,4.7837,-5.0,-5.0,seed333
B[N+](=[BH7-89])c1ccc(OCC(=O)Nc2ccccc2OC)cc1,0.7239,4.5569,-5.0,-5.0,seed333
CC(NC(=O)c1bcoc1)C(=O)NC(O)c1noc(Cc2ccccc2)n1,0.5183,4.2528,-5.0,-5.0,seed333
CC(CC1CCCC[PH2+]1)[NH2+]CCc1cbsc1,0.76,3.9862,-5.0,-5.0,seed333
b1ccc2ccccc2c1,0.5069,2.3976,-5.0,-5.0,seed333
B[N+](=[BH7-79])c1ccc(OCC(=O)Oc2ccccc2OC)cc1,0.4041,4.4392,-5.0,-5.0,seed333
CCCc1cc(OC(=O)N[IH]Cc2c(F)cccc2F)n(C)n1,0.4275,4.3838,-5.0,-5.0,seed333
CC1CC(C)CN(C(=O)B(Cc2ccccc2)NC(=O)c2ccco2)C1,0.8386,4.4377,-5.0,-5.0,seed333
CCC(C)NC(=O)CN1BCN(C(=O)Nc2cc(Cl)ccc2SC)SC1,0.4254,3.8515,-5.0,-5.0,seed333
CC(CO)NC(=O)NP1CC(C)N(c2cbccc2)C1,0.7325,3.3136,-5.0,-5.0,seed333
CC(CC1CCPC[NH2+]1)[NH2+]CCc1cbsc1,0.6793,3.1927,-5.0,-5.0,seed333
CCOC(=O)Nc1bccc(NC(=O)NC(C)c2ccc(C)c(F)c2)c1C,0.7359,4.0342,-5.0,-5.0,seed333
ClC(CC1CCCC[NH2+]1)[NH2+]CCc1cbsc1,0.5504,3.7919,-5.0,-5.0,seed333
CC(BC1CCCC[NH2+]1)[NH2+]CCc1cbsc1,0.6102,3.7696,-5.0,-5.0,seed333
CO[IH]1=CC=C(C(=O)NN=Cc2ccc(OCC3COCCO3)cc2)CC1,0.2746,4.8156,-5.0,-5.0,seed333
CC1CC(C)CN(C(=O)C(Cc2bcccc2)NC(=O)c2ccco2)C1,0.8993,4.5683,-5.0,-5.0,seed333
Cc1ccc([22B]OCC2C(=O)N(C)C(=S)N2NC(=O)c2ccc(Cl)cc2)c(C)c1,0.5507,4.7763,-5.0,-5.0,seed333
Bc1noc([SH]2CCCN2S(=O)(=O)c2ccc3c(c2)OCCO3)n1,0.5741,4.6636,-5.0,-5.0,seed333
B=C1CCCC(=O)N1CC[SH](=O)(O)N1CCc2nc(NC(=O)C3CC3)sc2C1,0.4504,5.0,-5.0,-5.0,seed333
CCC(C)NC(=O)CN1CCB(C(=O)Nc2cc(Cl)ccc2SC)CC1,0.5427,4.2189,-5.0,-5.0,seed333
O=C(c1ccc(-c2ccccp2)cc1)C1CCCN(S(=O)CSc2nbccn2)C1,0.3929,4.1081,-5.0,-5.0,seed333
O=C1B2C3C=CC(CC3)C2C(=O)N1N=CC1=C(O)C=CS2=CC=CC=C12,0.3523,5.0,-5.0,-5.0,seed333
Bc1cc2ncc(-c3cc(C)no3)c(C3CCO[NH+](CC(=O)NCCC)C3)n2n1,0.5064,5.0,-5.0,-5.0,seed333
O=C1N=C(N2CCN(c3cccc4ccccc34)CC2)SC1=Cc1ccccc1O,0.6313,5.0,-10.2,-11.9,seed999
Cc1cccc(N2CCN(C(=O)c3nsc4c3COc3ccccc3-4)CC2C)c1,0.6355,5.0,-9.7,-11.5,seed999
Cc1cccc(N2CCN(C(=O)c3noc4c3COc3ccccc3-4)CC2C)c1,0.6655,5.0,-9.7,-11.3,seed999
Cc1cccc(N2CC[SH](C(=O)c3noc4c3COc3ccccc3-4)CC2C)c1,0.6286,5.0,-10.2,-10.8,seed999
O=C1N=C(N2CCN(c3ccnc4c3=CC=C[SH]=4)CC2)SC1=Cc1ccccc1O,0.4286,5.0,-10.0,-10.9,seed999
O=C1N=C(N2CCN(c3cccc4c3=CC=C[SH]=4)CP2)SC1=Cc1ccccc1O,0.314,5.0,-9.4,-11.5,seed999
O=C1N=C(N2CCN(c3cccc4c3=CC=C[SH]=4)CC2)CC1=Cc1ccccc1O,0.4482,5.0,-9.9,-10.9,seed999
O=C1N=C(N2CCN(c3cccc4c3=CC=C[SH]=4)CC2)SC1=Cc1ccccc1O,0.4311,5.0,-10.1,-10.6,seed999
Cc1cccc(N2CNN(C(=O)c3noc4c3COc3ccccc3-4)CC2C)c1,0.7236,5.0,-9.7,-11.0,seed999
Cc1cccc([SH]2CCN(C(=O)c3noc4c3COc3ccccc3-4)CC2C)c1,0.6369,5.0,-9.6,-11.0,seed999
O=C(CN1CNOc2ccccc21)Nc1ccccc1C(=O)Nc1ccccc1,0.6251,5.0,-10.1,-10.4,seed999
O=C(CN1CNCc2ccccc21)Nc1ccccc1C(=O)Nc1ccccc1,0.628,5.0,-9.8,-10.1,seed999
O=C1N=C(N2CCN(c3cccc4c3=CC=C[SH]=4)CO2)SC1=Cc1ccccc1O,0.4277,5.0,-9.1,-10.7,seed999
O=C(CN1CNCc2ccccc21)Nc1ccccc1C(=O)Oc1ccccc1,0.5186,5.0,-9.9,-9.8,seed999
O=C(Nc1ccccc1)c1ccccc1NS(=O)CN1CNCc2ccccc21,0.5855,4.9855,-9.8,-9.7,seed999
N=C(N)c1cc#cc(OCCC(=O)NCc2cc(=O)[nH]c3ccccc23)c1,0.3758,4.2857,-9.4,-9.9,seed999
O=C(CN1PNCc2ccccc21)Nc1ccccc1C(=O)Nc1ccccc1,0.5624,5.0,-9.1,-10.2,seed999
O=C(Nc1ccccc1)c1ccccc1NC(O)CN1CNCc2ccccc21,0.488,5.0,-9.7,-9.6,seed999
O=C(Nc1ccccc1)c1ccccc1NC(=P)CN1CNCc2ccccc21,0.5414,5.0,-9.9,-9.3,seed999
O=C(CCOc1c#ccc(C(=O)O)c1)NCc1cc(=O)[nH]c2ccccc12,0.5934,4.4301,-9.6,-9.6,seed999
CC1CN(C(=O)c2noc3c2COc2ccccc2-3)CCN1C1=CS(C)=CC=C1,0.7109,5.0,-9.2,-10.0,seed999
O=C1C2C3C=CC(CC3)C2C(=O)N1N=CC1=C(O)C=CS2=CC=CCC12,0.3526,5.0,-9.1,-10.1,seed999
O=C(CN1CNCc2ccccc21)Nc1ccccc1C(=O)Nc1cccnc1,0.6268,5.0,-9.3,-9.7,seed999
O=C1N=C(N2CCN(c3cccc4c3=CC=C[SH]=4)CC2)SC1Cc1ccccc1O,0.5714,5.0,-9.0,-9.9,seed999
O=C1N=C(N2CCN(c3cccc4c3=CC=C[SH]=4)CC2)S[PH]1=Cc1ccccc1O,0.4106,5.0,-9.3,-9.6,seed999
CCc1c(C(=O)N2CCP(Cc3cc(=O)n4ccsc4n3)CC2)cnn1C1=CC=S(F)C=C1,0.3902,5.0,-9.4,-9.4,seed999
Cc1cccc(N2CCN(C(=P)c3noc4c3COc3ccccc3-4)CC2C)c1,0.6054,5.0,-9.3,-9.5,seed999
CCc1c(C(=O)N2CCP(Cc3cc(=O)n4ccsc4n3)SC2)cnn1-c1ccc(F)cc1,0.3796,5.0,-9.5,-9.3,seed999
O=C(CN1CNCc2ncccc21)Nc1ccccc1C(=O)Nc1ccccc1,0.6268,5.0,-9.3,-9.4,seed999
O=C(CN1CNCc2ccccc21)Nc1cccpc1C(=O)Nc1ccccc1,0.6005,5.0,-9.2,-9.4,seed999
Cc1ccc(C(C[NH3+])S(=O)(=O)c2c#cc(F)cc2)cc1,0.9278,3.8274,-9.1,-9.4,seed999
C=C1C=C(CNC(=O)CCOc2c#ccc(C(N)=O)c2)c2ccccc2N1,0.7053,4.1052,-8.6,-9.9,seed999
CCOC(=O)Nc1cccc(NC(=O)NC(C)c2ccc(C)c(F)c2)c1C,0.6978,4.5463,-9.1,-9.3,seed999
Cc1ccc(NC(=O)CC2C(=P)N(C)C(=S)N2NC(=O)c2ccc(Cl)cc2)c(N)c1,0.36,4.595,-9.6,-8.8,seed999
Cc1ccc(NC(O)CC2C(=O)N(F)C(=S)N2NC(=O)c2ccc(Cl)cc2)c(C)c1,0.3561,4.3735,-9.2,-9.1,seed999
Cc1ccc(NC(O)CC2C(=O)N(O)C(=S)N2NC(=O)c2ccc(Cl)cc2)c(C)c1,0.3056,4.4842,-9.2,-9.1,seed999
Cc1ccc(NC(=O)CC2N(NC(=O)c3ccc(Cl)cc3)C(=S)N(C)S2=P)c(C)c1,0.4985,4.3116,-9.2,-9.0,seed999
CCc1c(C(=O)N2CCP(Cc3cc(=O)n4ccsc4n3)CC2)cnn1-c1ccc(F)cc1,0.4053,5.0,-8.4,-9.7,seed999
NC(=O)c1cc#cc(OCCC(=O)NCc2cc(=O)[pH]c3ccccc23)c1,0.6551,3.9728,-8.8,-9.3,seed999
NC(=O)c1cc#cc(OCCC(=S)NCc2cc(=O)[nH]c3ccccc23)c1,0.5465,4.2332,-8.8,-9.2,seed999
O=C1N=C(N2CCN(c3cccc4c3=CC=C[SH]=4)CC2)SC1=Cc1cccpc1O,0.4118,5.0,-9.6,-8.4,seed999
O=C1C2C3CCC(CC3)C2C(=O)N1N=CC1=C(O)C=CS2=CC=CC=C12,0.462,5.0,-8.9,-9.1,seed999
O=C1C2C3C=CC(CC3)C2C(O)N1N=CC1=C(O)C=CS2=CC=CC=C12,0.4472,5.0,-8.5,-9.4,seed999
NC(=O)c1cc(OCCC(=O)NCc2cc(=O)[nH]c3ccccc23)c#cn1,0.5688,4.55,-8.8,-9.1,seed999
CCC1(CC)NC(=O)N(CC(=O)NC2CC3CNCc4cccc2c43)C1O,0.6274,5.0,-8.4,-9.4,seed999
Cc1ccc(NC(=O)CC2C(P)N(C)C(=S)N2NC(=O)c2ccc(Cl)cc2)c(C)c1,0.5233,4.504,-9.0,-8.8,seed999
O=C1N=C(N2CCN(c3cccc4c3=CC=C[SH]=4)CC2)PC1=Cc1ccccc1O,0.3294,5.0,-9.0,-8.8,seed999
NC(=O)c1cc#cc(OCCC(=O)NCc2cc(=O)[nH]c3cccnc23)c1,0.5688,4.4221,-8.7,-9.1,seed999
CC1CC(C)CN(C(=O)C(Cc2ccccc2)N[PH](=O)c2ccco2)C1,0.7896,4.7991,-8.8,-8.9,seed999
CCNC(=O)Nc1cccc(NC(=O)NC(C)c2ccc(C)c(F)c2)c1C,0.6246,4.5513,-8.7,-8.9,seed999
CC(=O)N1CCCC(C(=O)N2CCC(OCC3=CCCCC3)CC2)C1,0.7342,4.8141,-8.3,-9.3,seed999
CC1CC(C)ON(C(=O)C(Cc2ccccc2)NC(=O)c2ccco2)C1,0.8942,4.7797,-8.8,-8.8,seed999
Cc1ccc(NN(O)CC2C(=O)N(C)C(=S)N2NC(=O)c2ccc(Cl)cc2)c(C)c1,0.4632,4.5862,-9.1,-8.4,seed999
CCC(NC(=O)NNC(=N)COC1C=CC(C#N)CC1)c1cccc(Cl)c1,0.2583,3.8208,-8.0,-9.4,seed999
O=C(Cl)N1CCCC(C(=O)N2CCC(OCc3ccccc3)CN2)C1,0.657,4.5917,-8.4,-9.0,seed999
O=C1C2C3C=CC(CC3)C2C(=O)N1N=CC1=C(O)C=CS2=CC=CC=C12,0.3534,5.0,-8.8,-8.5,seed999
O=C1N=C(N2CCN(c3cccc4c3=CC=C[SH]=4)CS2)SC1=Cc1ccccc1O,0.3122,5.0,-9.5,-7.8,seed999
CCOC(=O)Nc1cccc(NC(=O)NC(C)C2=CC=S(C)C(F)=C2)c1C,0.6434,4.0074,-8.6,-8.7,seed999
O=C(Cl)N1CCCC(C(=O)N2CCC(NCc3ccccc3)CC2)C1,0.6607,4.9425,-8.6,-8.7,seed999
O=C1N=C(N2CCN(S3=CC=CC4=[SH]C=CC=C43)CC2)SC1=Cc1ccccc1O,0.4056,5.0,-9.1,-8.2,seed999
CCC1(CC)NC(=O)N(CC(=O)OC2CC3CNCc4cccc2c43)C1O,0.6845,5.0,-7.9,-9.3,seed999
N=C1C2C3C=CC(CC3)C2C(=O)N1N=CC1=C(O)C=CS2=CC=CC=C12,0.4464,5.0,-8.8,-8.4,seed999
Cc1ccc(N2CC(C(=O)OCC(=O)Nc3ccc(CO)nc3)CC2=O)cc1,0.7305,5.0,-8.0,-9.2,seed999
CNCNC(=O)C[NH+]1CC(c2c(-c3cc(C)no3)cnc3cc(C)nn23)CCO1,0.4829,5.0,-9.1,-8.1,seed999
Cc1cc(NC(=O)CC2Sc3ccc(Cl)cc3CC2=O)[nH]n1,0.9038,4.7721,-8.1,-9.1,seed999
O=C1C2C3C=CC(CC3)C2C(=O)N1N=CC1=C(P)C=CS2=CC=CC=C12,0.2418,5.0,-9.0,-8.2,seed999
Cc1ccn(C)c(=O)c1NC(=O)C(=O)NOC(C)OC1=CC=CCC1F,0.4645,3.6864,-8.1,-9.1,seed999
Cc1ccn(C)c(=O)c1NC(=O)C(=O)NCC(C)OC1=CC=CCC1F,0.7728,3.9268,-8.2,-8.9,seed999
O=C(Cl)N1CCCC(C(=O)N2CCC(OCc3ccccc3)CC2)C1,0.6083,4.9076,-8.2,-8.9,seed999
O=C(C1CCCN(C(=O)Cl)N1)N1CCC(OCc2ccccc2)CC1,0.6576,4.5952,-8.1,-9.0,seed999
CCOC(=O)Nc1cccc(NC(=O)NC(C)c2ccc(C)c(F)c2)c1S,0.549,4.2756,-8.3,-8.8,seed999
Cc1ccn(C)c(=O)c1NC(=O)C(=O)NCI(C)OC1=CC=CCC1F,0.2939,3.8372,-8.3,-8.8,seed999
Cc1cc(C)c(NC(=O)CC2C(=P)N(C)C(=S)N2NC(=O)c2ccc(Cl)cc2)cn1,0.5257,4.6369,-8.7,-8.3,seed999
C=C(NN1C(=S)N(C)C(=P)C1CC(=O)Nc1ccc(C)cc1C)c1ccc(Cl)cc1,0.4878,4.4645,-8.8,-8.2,seed999
Cc1ccc(NC(S)CC2C(=O)N(C)C(=S)N2NC(=O)c2ccc(Cl)cc2)c(C)c1,0.3461,4.4084,-8.6,-8.4,seed999
CC(=NNC(=O)POc1cccnc1C#P)c1ccc2c(c1)CCCC2,0.459,4.364,-8.0,-9.0,seed999
Cc1ccc(NC(=O)CC2C(=P)N(C)C(=S)N2NC(=O)c2ccc(Cl)cn2)c(C)c1,0.5257,4.6273,-8.9,-8.1,seed999
Cn1cc(CC(=O)NNC(=O)NNCc2cccs2)c2ccccc21,0.5254,4.8473,-8.0,-8.9,seed999
CC(NC(=O)C1=COCC1)C(=O)NC(C)c1noc(Cc2ccccc2)n1,0.7675,4.7162,-8.1,-8.8,seed999
CCCNC(=O)C[NH+]1OCCC(c2c(-c3cc(C)no3)cnc3cc(C)nn23)S1,0.5856,5.0,-9.3,-7.6,seed999
CC(=O)N1CCCC(C(=O)N2CCC(OCC3=[SH]C=CCC3)CC2)C1,0.613,4.8998,-7.8,-9.1,seed999
O=C(P)N1CCCC(C(=O)N2CCC(OCC3=CC=CCC3)CC2)C1,0.7209,4.4249,-7.9,-9.0,seed999
O=C1C2C3C=PC(CC3)C2C(=O)N1N=CC1=C(O)C=CS2=CC=CC=C12,0.3444,5.0,-8.5,-8.4,seed999
CC1CC(C)CN(C(=O)C(Cc2ccccc2)NC(O)c2ccco2)C1,0.7812,4.8095,-8.3,-8.6,seed999
Cc1ccn(I)c(=O)c1NC(=O)C(=O)NCC(C)OC1=CC=CCC1F,0.504,3.8007,-7.9,-9.0,seed999
CC(NC(=O)N(C)NC(=O)C1=COCC1)c1noc(Cc2ccccc2)n1,0.7744,4.5272,-8.2,-8.7,seed999
CC1=CCC(O)C([N-]S(=O)(=O)c2c(C)cccc2[N+](=O)[Se-])=C1,0.8035,3.7622,-8.3,-8.5,seed999
Cc1cc(NC(=O)CC2Sc3ccc(Cl)cc3NC2O)[nH]n1,0.6904,4.6116,-8.3,-8.5,seed999
O=C(Cc1cn(F)c2ccccc12)NNC(=O)NNCc1cccs1,0.5245,4.4626,-8.0,-8.8,seed999
CC(N[PH](=O)c1ccoc1)C(=O)NN(C)c1noc(Cc2ccccc2)n1,0.4402,4.2055,-8.0,-8.8,seed999
CC1CC(C)CN(C(=O)C(NC(=O)c2ccco2)Sc2ccccc2)C1,0.643,4.8085,-8.4,-8.4,seed999
O=C(Cl)N1CCCC(C(=O)N2CCC(OCc3ccccc3)OC2)C1,0.607,4.7464,-8.1,-8.7,seed999
O=C1C2C3C=CC(CC3)C2C(=O)N1N=CC1=C(O)C=CS2=CC=[SH]C=C12,0.252,5.0,-8.7,-8.1,seed999
Cc1cc2[nH]c1OCC1Sc3ccc(Cl)cc3N=C1N[C]2,0.781,4.9353,-8.1,-8.7,seed999
COc1ccc(C(=O)NN=Cc2ccc(OCC3CONCO3)nc2)cc1,0.5542,4.6045,-7.9,-8.8,seed999
CSc1ccc(C(=O)NN=Cc2ccc(OCC3CONCO3)nc2)cc1,0.4245,4.4863,-7.9,-8.8,seed999
CC1CC(C)CN(C(=O)C(Cc2ccccn2)NC(=O)c2ccco2)C1,0.8942,5.0,-8.4,-8.3,seed999
O=C(C1CCCN(C(=P)Cl)C1)N1CCC(OCc2ccccc2)CC1,0.5797,4.8963,-7.9,-8.8,seed999
CCCNC(=O)C[NH+]1CC(c2c(-c3cc(C)no3)cnc3nc(C)nn23)CCO1,0.609,5.0,-8.8,-7.9,seed999
CC(=O)N1CCCC(C(=O)N2CCC(OCC3=CC=CCC3)CC2)C1,0.7859,4.6793,-8.1,-8.6,seed999
Cc1cc(NC(=O)CC2Sc3ccc(Cl)cc3SC2=O)[nH]n1,0.883,4.7085,-8.1,-8.6,seed999
CC1=CCC(O)C([N-]S(=O)(=O)c2c(C)cccc2[N+](=O)[Se+])=C1,0.8035,3.9962,-8.2,-8.5,seed999
CC1CC(C)CN(C(=O)C(Cc2ccccp2)NC(=O)c2ccco2)C1,0.8704,4.5456,-8.1,-8.6,seed999
CC(=O)N1CCCC(C(=O)N2CCC(ONC3=CC=CCC3)CC2)C1,0.7903,4.4388,-8.1,-8.6,seed999
Cc1c[nH]c(NC(=O)CC2Sc3ccc(Cl)cc3NC2=O)c1,0.8043,4.7686,-8.0,-8.7,seed999
O=C1C2C3C=CC(CC3)C2C(=O)N1[SH]=CC1=C(O)C=CS2=CC=CC=C12,0.3321,5.0,-8.6,-8.1,seed999
CC1=CCC(O)C([N-]S(=O)(=O)c2c(C)cccc2[N+](=O)[Se-])C1,0.6315,3.8509,-8.1,-8.6,seed999
O=C(Nc1nc2c(s1)CN([SH](=O)(O)CCN1C(=O)CCCC1=O)CN2)C1CC1,0.3849,5.0,-8.0,-8.7,seed999
CCC1(CC)NC(=O)N(CC(=O)NC2CC3CNCc4cncc2c43)C1O,0.6089,5.0,-8.0,-8.7,seed999
CC(=O)N1CSCC(C(=O)N2CCC(OCC3=CC=CCC3)CC2)C1,0.7688,4.4882,-8.1,-8.6,seed999
CC1CC(C)NN(C(=O)C(Cc2ccccc2)NC(=O)c2ccco2)C1,0.8636,4.7424,-8.1,-8.6,seed999
CC(N[PH](=O)c1cnoc1)C(=O)NC(C)c1noc(Cc2ccccc2)n1,0.5571,4.277,-8.0,-8.7,seed999
CC(NC(=O)c1ccoc1)C(=O)NC(O)c1nc(Cc2ccccc2)op1,0.5359,4.6926,-7.8,-8.9,seed999
CC1CC(C)CN(C(=O)C(Cc2ccccc2)NC(=O)c2ccco2)C1,0.8972,5.0,-8.8,-7.8,seed999
O=C1C2C3C=CC(CC3)[SH]2C(=O)N1N=CC1=C(O)C=CS2=CC=CC=C12,0.3302,5.0,-8.3,-8.3,seed999
Cn1cc(CC(=O)NNC(=O)NOCc2cccs2)c2ccccc21,0.6117,4.7927,-7.8,-8.8,seed999
CPc1ccc(C(=O)NN=Cc2ccc(OCC3CONCO3)nc2)cc1,0.4182,4.1164,-7.9,-8.7,seed999
CC(NC(=O)C1=COCP1)C(=O)NC(C)c1noc(Cc2ccccc2)n1,0.7015,4.4813,-7.9,-8.7,seed999
Cc1ccc(NC(=O)CC2C(=P)N(C)C(=S)N2NC(=O)S2=CC=C(Cl)C=C2)c(C)c1,0.5004,4.2285,-8.6,-8.0,seed999
O=C(Nc1nc2c(s1)CN([SH](=O)(O)CCN1C(=O)CCCC1=O)NC2)C1CC1,0.3766,5.0,-8.2,-8.4,seed999
COC1=CC=C(C(=O)NN=Cc2ccc(OCC3COCCO3)cc2)CC1,0.5863,4.7259,-8.0,-8.5,seed999
CCCNC(=O)C[NH+]1NC(c2c(-c3cc(C)no3)cnc3cc(C)nn23)CCO1,0.5455,5.0,-8.8,-7.7,seed999
CC1=CS(C)=CC=C1NC(=O)CC1C(=P)N(C)C(=S)N1NC(=O)c1ccc(Cl)cc1,0.5004,4.0033,-8.4,-8.1,seed999
Cc1ccn(C)c(=O)c1NC(=O)C(=O)NCC(O)OC1=CC=CCC1F,0.5124,3.8721,-7.9,-8.6,seed999
CC1CC(C)CN(C(=O)C(Cc2ccncc2)NC(=O)c2ccco2)C1,0.8942,5.0,-8.4,-8.1,seed999
CCOC(=O)NC1=CC=CS(NC(=O)NC(C)c2ccc(C)c(F)c2)=C1C,0.6611,4.0648,-8.1,-8.4,seed999
COc1ccc(C(=O)NNCc2ccc(OCC3CONCO3)nc2)cc1,0.5828,4.5886,-8.1,-8.4,seed999
COC1=CC=C(C(=O)NN=Cc2ccc(SCC3COCCO3)cc2)CC1,0.4419,4.6396,-8.0,-8.5,seed999
CC1CC(C)CN(C(=O)C(CS2=CC=CC=C2)NC(=O)c2ccco2)C1,0.806,4.7609,-8.1,-8.4,seed999
CCCNC(=O)C[NH+]1CC(c2c(-c3cc(C)no3)cnc3cc(O)nn23)CCO1,0.5408,5.0,-8.6,-7.9,seed999
COC1=CC=C(C(=O)NN=Cc2ccc(OCC3OCCOS3)cc2)CC1,0.4382,4.3774,-7.9,-8.5,seed999
CC(=[IH])N1CCCC(C(=O)N2CCC(OCC3=CC=CCC3)CC2)C1,0.5933,4.7406,-7.9,-8.5,seed999
CC(N[PH](=O)c1ccoc1)C(=O)NC(C)c1noc(Cc2cccnc2)n1,0.5571,4.3632,-8.1,-8.3,seed999
CC(N[PH](=O)c1ccsc1)C(=O)NC(C)c1noc(Cc2ccccc2)n1,0.5605,4.4242,-7.9,-8.5,seed999
COc1ccc(C(=O)N[SH]=Cc2ccc(OCC3CONCO3)nc2)cc1,0.4842,4.6945,-8.0,-8.4,seed999
Cc1ccn(C)c(=O)c1NC(=O)C(=O)NCC(C)OC1=CC=NCC1F,0.7412,3.8372,-7.9,-8.5,seed999
O=C(CC1Sc2ccc(Cl)cc2NC1=O)Nc1cc(I)n[nH]1,0.6299,4.5175,-7.9,-8.5,seed999
O=C1C2C3C=CC(CC3)C2C(=O)N1N=CC1=C(O)C=CS2=CC=C[SH]=C12,0.252,5.0,-8.6,-7.8,seed999
CC(N[PH](=O)c1ccon1)C(=O)NC(C)c1noc(Cc2ccccc2)n1,0.5571,4.5431,-8.0,-8.4,seed999
O=C(Cl)N1CCPC(C(=O)N2CCC(OCc3ccccc3)CC2)C1,0.4568,4.1361,-8.1,-8.3,seed999
CC(NC(=O)C1=COCC1)C(=O)NC(C)c1noc(CS2=CC=CC=C2)n1,0.6867,4.3707,-7.8,-8.6,seed999
O=C(C1CCC[SH](C(=O)Cl)C1)N1CCC(OCc2ccccc2)CC1,0.6318,4.6214,-7.7,-8.7,seed999
Cc1cc(NC(=O)CC2Sc3ccc(Cl)cc3NC2=O)[nH]n1,0.804,4.7647,-8.0,-8.3,seed999
Cc1ccn(C)c(=O)c1NC(=O)C(=S)NCC(C)OC1=CC=CCC1F,0.7672,3.8027,-7.9,-8.4,seed999
Cn1cc(CC(=O)NNC(=O)NNCc2nccs2)c2ccccc21,0.5152,4.8593,-8.0,-8.3,seed999
CC(CNC(=O)C(=O)Nc1c(I)ccn(C)c1=O)OC1=CC=CCC1F,0.5009,3.7968,-7.5,-8.8,seed999
CC1CC(I)CN(C(=O)C(Cc2ccccc2)NC(=O)c2ccco2)C1,0.5437,4.7392,-8.7,-7.6,seed999
CC1=CCC(O)C([N-]S(=O)(=O)c2c(C)cccc2[N+](=S)[Se-])=C1,0.7836,3.5091,-8.2,-8.1,seed999
O=C1C2C3C=CC(CC3)C2C(=O)N1N=IC1=C(O)C=CS2=CC=CC=C12,0.2805,5.0,-8.2,-8.1,seed999
CC(N[PH](=O)C1=COCC1)C(=O)NC(C)c1noc(Cc2ccccc2)n1,0.6673,4.505,-7.6,-8.7,seed999
O=C(Cl)N1CCCC(C(=O)N2CCC(OCc3ccncc3)CC2)C1,0.6076,4.8742,-7.9,-8.3,seed999
CC1(C)S[NH+]=C(N2CCI(Cc3ncccc3C(F)(F)F)CC2)S1,0.3926,4.7187,-7.8,-8.4,seed999
CCC(NC(=O)N1CCN(C2=CCCC=C2)CC1)S1=C(C)N(P)N=C1C,0.5877,4.2717,-7.6,-8.6,seed999
O=C(S)N1CCCC(C(=O)N2CCC(OCc3ccccc3)CC2)C1,0.8381,4.7393,-8.1,-8.1,seed999
CCCNC(=O)C[NH+]1CC(C2=C(c3cc(C)no3)C=NS3=CC(C)=NN23)CCO1,0.6631,5.0,-8.7,-7.5,seed999
CP1CC(I)CN(C(=O)C(Cc2ccccc2)NC(=O)c2ccco2)C1,0.4027,4.0485,-8.6,-7.6,seed999
CC(NC(=O)C1=COCC1)C(=O)CC(C)c1noc(Cc2ccccc2)n1,0.7683,4.5958,-8.0,-8.2,seed999
CC1CC(S)CN(C(=O)C(Cc2ccccc2)NC(=O)c2ccco2)C1,0.7936,4.7368,-8.6,-7.6,seed999
CC1=CCC(O)C([N-]S(=O)(=O)c2c(C)ccnc2[N+](=O)[Se-])=C1,0.7901,3.7054,-8.0,-8.1,seed999
CC(O)N1CCCC(C(=O)N2CCC(OCC3=CC=CCC3)CC2)C1,0.8284,4.6205,-7.7,-8.4,seed999
COC1=CC=C(C(=O)NN=CC2=CC=S(OCC3COCCO3)C=C2)CC1,0.4083,4.3095,-7.7,-8.4,seed999
Cc1cc(NC(=O)CC2Sc3ccc(Cl)cc3NC2=O)[pH]n1,0.8853,4.4205,-7.7,-8.4,seed999
O=C1CCCC(=O)N1CC[SH](=O)(O)N1CCc2nc(NC(O)C3CC3)sc2C1,0.2835,5.0,-7.6,-8.5,seed999
O=S(=O)(c1ccc2c(c1)OCCO2)N1CCCC1c1nc(S)no1,0.8222,5.0,-7.9,-8.2,seed999
CN1C=S(CC(=O)NNC(=O)NNCc2cccs2)c2ccccc21,0.4712,4.3291,-7.6,-8.4,seed999
Cc1ccc(NC(O)CC2C(=O)N(C)C(=S)C2NC(=O)c2ccc(Cl)cc2)c(C)c1,0.4692,4.6203,-8.4,-7.6,seed999
CC1=NCC(O)C([N-]S(=O)(=O)c2c(C)cccc2[N+](=O)[Se-])=C1,0.7865,3.6806,-8.0,-8.0,seed999
CCC(NC(=[IH])N1CCN(C2=CCCC=C2)CC1)c1c(C)nn(P)c1C,0.494,4.3973,-7.8,-8.2,seed999
CCC(NC(=O)N1CCN(C2=CCCC=C2)CC1)c1c(C)nn(P)c1C,0.8228,4.4627,-7.4,-8.5,seed999
CS1=NNC(NC(=O)CC2Sc3ccc(Cl)cc3NC2=O)=C1,0.7733,4.1181,-7.5,-8.4,seed999
O=C(Nc1nc2c(s1)CN([SH](=O)(O)CCN1C(=O)CCCC1=S)CC2)C1CC1,0.4549,5.0,-7.9,-8.0,seed999
CCC(NC(=O)N1CCN(C2=CCCC=C2)NC1)c1c(C)nn(P)c1C,0.7932,4.2093,-7.6,-8.3,seed999
Cc1cccc([N+](=O)[Se-])c1S(=O)(=O)[N-]C1=CC(C)CCC1O,0.8015,3.8503,-7.6,-8.3,seed999
Cc1ccc(C(C[NH3+])S(=O)(=O)c2ccc(F)c#n2)cc1,0.9168,4.0183,-7.5,-8.4,seed999
CC1CN([PH](=O)C(Cc2ccccc2)NC(=O)c2ccco2)CP(C)C1,0.753,4.0489,-8.1,-7.8,seed999
COC1=CC=C(C(=O)NI=Cc2ccc(OCC3COCCO3)cc2)CC1,0.4757,4.6626,-7.7,-8.2,seed999
CC1=CC(Cl)CC=C1N[SH](=O)(O)c1ccc(OCC(=O)[O-])c(C)c1,0.5164,4.1009,-7.3,-8.6,seed999
CC1=CCC(O)C([N-]S(=O)(=S)c2c(C)cccc2[N+](=O)[Se-])=C1,0.7859,3.5996,-7.8,-8.1,seed999
CC1(C)S[NH+]=C(N2CCN(Cc3nnccc3C(F)(F)F)CC2)S1,0.7803,4.5955,-8.1,-7.8,seed999
Cn1cc(C(=O)SCc2cc3ccccn3c2)c(C(C)(C)C)n1,0.7285,4.5806,-7.8,-8.0,seed999
CC(NC(=O)C1=COCC1)C(=O)NC(C)c1noc(Cc2ccccp2)n1,0.7534,4.2583,-7.8,-8.0,seed999
CCCNC(O)C[NH+]1CC(c2c(-c3cc(C)no3)cnc3cc(C)nn23)CCO1,0.499,5.0,-8.3,-7.4,seed999
CC1(C)S[NH+]=C(N2CCN(Cc3ncccc3C(F)(F)F)CC2)S1,0.795,4.7102,-7.7,-8.0,seed999
CC1(C)S[NH+]C(N2CCN(Cc3ncccc3C(F)(F)F)CC2)S1,0.8141,4.7178,-7.9,-7.8,seed999
COC1=CP=C(C(=O)NN=Cc2ccc(OCC3COCCO3)cc2)CC1,0.4393,4.3897,-7.5,-8.2,seed999
O=C(Nc1nc2c(s1)CN([SH](=O)(O)CCN1C(=O)CCCC1=O)CC2)C1CC1,0.4553,5.0,-7.7,-7.9,seed999
Cc1cc([SH](=O)(O)NC2=CCC(Cl)C=C2F)ccc1OCC(=O)[O-],0.512,4.0727,-7.8,-7.8,seed999
COC1=CC=C(C(=O)NN=Cc2ccc(OCC3COCCO3)cp2)CC1,0.5722,4.3048,-7.5,-8.1,seed999
CCCc1cc(OC(=O)NCCc2c(F)cccc2I)n(C)n1,0.7136,4.2092,-7.6,-8.0,seed999
O=C(Nc1nc2c(s1)CN([SH](=O)(O)CCN1C(=O)CCSC1=O)CC2)C1CC1,0.5642,5.0,-8.0,-7.6,seed999
CC1CN(C(=O)C(Cc2ccccc2)NC(=O)S2=CC=CO2)CP(C)C1,0.6313,4.1214,-8.0,-7.6,seed999
O=C(Nc1nc2c(s1)C[SH]([SH](=O)(O)CCN1C(=O)CCCC1=O)CC2)C1CC1,0.2983,5.0,-8.2,-7.4,seed999
Cc1cc([SH](=O)(O)NC2=CCC(Cl)C=C2F)ncc1OCC(=O)[O-],0.4947,4.0668,-7.8,-7.7,seed999
CCCc1nn(C)c(OC(=O)NCCc2c(F)cccc2F)p1,0.874,4.1419,-7.4,-8.1,seed999
COC1=CC=C(C(=O)NN=Cc2ccc(OCC3COCCO3)cc2)PC1,0.438,4.5059,-7.5,-8.0,seed999
Cc1cc([SH](=O)(O)NC2CCC(Cl)C=C2F)ccc1OCC(=O)[O-],0.5083,4.2148,-7.7,-7.7,seed999
O=C(Nc1nc2c(s1)PN([SH](=O)(O)CCN1C(=O)CCCC1=O)CC2)C1CC1,0.3329,5.0,-8.0,-7.4,seed999
CC1(C)S[NH+]=C(N2CCN(Cc3pcccc3C(F)(F)F)CC2)S1,0.7784,4.1131,-7.5,-7.9,seed999
CC1CN(C(=O)C(Cc2ccccc2)NC(=O)c2ccco2)CP(C)C1,0.8203,4.2833,-8.1,-7.3,seed999
Cc1ccc(C(C)NC(=O)N(C)CCN(N)C2CC[NH+](C)CC2)cc1,0.5196,4.1743,-7.6,-7.8,seed999
CCC(NC(=O)N1CCN(C2=CCCC=C2)CC1)c1c(I)nn(P)c1C,0.5233,4.3057,-7.2,-8.2,seed999
CC1CN(C(=O)[SH](Cc2ccccc2)NC(=O)c2ccco2)CP(C)C1,0.6058,4.1256,-7.6,-7.8,seed999
CCOC1=CCC(CN2CCN(C(=O)CCCC(=O)N(C)I)CC2)C=C1,0.4003,3.8749,-7.8,-7.6,seed999
Cn1cc(C(=O)SCc2cn3ccccc3n2)c(C(C)(C)C)n1,0.7389,4.5735,-7.6,-7.7,seed999
Cc1cc([SH](=O)(O)NC2=CCC(Cl)C=C2F)ccc1OCC([O])=O,0.5246,3.7198,-7.4,-7.9,seed999
CN1C=S(C(=O)SCc2cn3ccccc3n2)C(C(C)(C)C)=N1,0.7692,4.4829,-7.4,-7.9,seed999
CCCc1cc(OC(=O)NCCS2=C(F)C=CC=C2F)n(C)n1,0.6373,4.0816,-7.4,-7.9,seed999
Cn1nc(C(=O)SCc2cn3ccccc3n2)c(C(C)(C)C)n1,0.7391,4.4702,-7.4,-7.9,seed999
CCC(NC(=O)N1CCN(C2=CCCC=C2)PC1)c1c(C)nn(P)c1C,0.794,3.8517,-7.4,-7.9,seed999
CCCc1cc(OC(=O)NCCc2c(F)cccc2F)n(C)n1,0.889,4.3684,-7.2,-8.0,seed999
CC1=CCC(O)C([N-]S(=O)(=O)c2c(N)cccc2[N+](=O)[Se-])=C1,0.5991,3.7405,-7.1,-8.1,seed999
CC1CN(C(=O)C(Cc2ccccc2)NC(=O)c2ccco2)CP(Br)C1,0.7235,4.2177,-7.9,-7.3,seed999
CCCc1cc(OC(=O)CCCc2c(F)cccc2F)n(C)n1,0.732,4.3517,-7.5,-7.7,seed999
Cn1nc(CCO)cc1OC(=O)NCCc1c(F)cccc1F,0.8451,4.316,-7.4,-7.8,seed999
CCCc1nc(OC(=O)NCCc2c(F)cccc2F)n(C)n1,0.8856,4.3276,-7.4,-7.8,seed999
Cc1cc([SH](=O)(O)NC2=CCC(Cl)C=C2F)ccc1OCC=O,0.4135,3.8407,-7.3,-7.9,seed999
Cc1cc([SH](=O)(Cl)NC2=CCC(Cl)C=C2F)ccc1OCC(=O)[O-],0.4383,4.0523,-7.6,-7.6,seed999
CCC(C)NC(=O)CN1CCN(C(=O)Nc2cc(Cl)ccc2SC)SC1,0.546,4.0372,-7.3,-7.8,seed999
CCCc1cc(OC(=O)NCCc2c(F)cccc2F)p(C)n1,0.8587,4.2625,-7.5,-7.6,seed999
CCCc1cc(OC(=O)NCCc2c(F)ccnc2F)n(C)n1,0.8284,4.2317,-7.3,-7.8,seed999
CCCc1cc(OC(=O)NCCc2c(F)cccc2F)n(F)n1,0.8864,4.0715,-7.3,-7.8,seed999
CCCc1cc(OC(=O)NCSc2c(F)cccc2F)n(C)n1,0.6454,4.1548,-7.3,-7.8,seed999
CCC1=NC(=O)N(CCN(C)C2=CCCC=C2)C1c1cn(P)nc1C,0.7324,3.9744,-7.3,-7.7,seed999
Cn1cc(C(=O)SCc2cn3ccccc3n2)c(C(C)(C)C)p1,0.695,4.3465,-7.3,-7.7,seed999
CC1(C)S[SH+]=C(N2CCN(Cc3ncccc3C(F)(F)F)CC2)S1,0.3304,4.7102,-7.3,-7.7,seed999
CC1CN(C(=O)C(Cc2ccccc2)NC(=O)c2cccs2)CP(C)C1,0.7954,4.2995,-7.8,-7.2,seed999
CCOC1=CCC(CN2CCN(C(=O)NCCC(=O)N(C)I)CC2)C=C1,0.4513,3.8967,-7.2,-7.7,seed999
CC(CO)NC(=O)NC1CC(C)N(c2cccnc2)C1,0.7585,4.3536,-7.5,-7.4,seed999
CC1CN(C(=O)C(Cc2ccccp2)NC(=O)c2ccco2)CP(C)C1,0.7914,3.8632,-7.9,-7.0,seed999
Cn1cc(C(=O)SCc2cn3cpccc3n2)c(C(C)(C)C)n1,0.7187,3.8758,-7.3,-7.6,seed999
CC1(C)S[NH+]=C([SH]2CCN(Cc3ncccc3C(F)(F)F)CC2)S1,0.594,4.2686,-7.1,-7.7,seed999
NC(=O)c1cc#cc(OCCC(=O)NCc2cc(=O)[nH]c3ccccc23)c1,0.5871,4.3883,-5.0,-9.7,seed999
CCC(NC(=O)N1CCN(C2=CPCC=C2)CC1)c1c(C)nn(P)c1C,0.8005,4.4085,-7.1,-7.6,seed999
CCC(C)NC(=O)CN1CCN(C(=[IH])Nc2cc(Cl)ccc2SC)CC1,0.4153,4.4498,-7.2,-7.5,seed999
CCC(C)NC(=O)CN1CCN(C(=O)Nc2cc(Cl)ccc2NC)SC1,0.6407,4.0711,-7.4,-7.3,seed999
CC1CN(C(=O)C(Cc2ccccc2)NC(=O)c2ccco2)CP(S)C1,0.6078,4.1714,-7.6,-7.1,seed999
CCC(C)NC(=O)CN1CCN(C(=O)Nc2cc(Cl)ccc2SI)CC1,0.5709,4.2587,-6.7,-7.9,seed999
NC(O)c1cc#cc(OCCC(=O)NCc2cc(=O)[nH]c3ccccc23)c1,0.4689,4.2788,-5.0,-9.6,seed999
Cc1ccc(N2CC(C(=O)OCC(=O)Nc3ccc(CO)cc3)CC2=O)cc1,0.7455,5.0,-5.0,-9.5,seed999
CC(=NNC(=O)COc1cccnc1C#P)c1ccc2c(c1)CCCC2,0.5003,4.6567,-5.0,-9.4,seed999
NC(=O)c1cc#cc(OCCC(=O)SCc2cc(=O)[nH]c3ccccc23)c1,0.6555,4.1347,-5.0,-9.4,seed999
CCCc1cc(OC(O)NCCc2c(F)cccc2F)n(C)n1,0.7302,4.1,-6.9,-7.5,seed999
NC(=O)Cn1ccc(NC(=O)CCc2ccc(Br)s2)c1,0.8337,4.2063,-7.1,-7.3,seed999
CCC(I)NC(=O)CN1CCN(C(=O)Nc2cc(Cl)ccc2SC)CC1,0.2661,4.0854,-6.6,-7.8,seed999
NC(=O)Cn1cc(NC(=O)CCc2ccc(Br)s2)cn1,0.8256,4.2493,-7.2,-7.1,seed999
CCC(C)NC(=O)CN1CCN(C(=O)Nc2cc(Cl)ccc2SC)CC1,0.7224,4.3991,-6.7,-7.6,seed999
CCC(C)NC(=O)CN1CCN(C(=O)Nc2cc(Cl)pcc2SC)SC1,0.5155,3.5828,-6.8,-7.5,seed999
Cc1ccc(N2CC(S(=O)OCC(=O)Nc3ccc(CO)cc3)CC2=O)cc1,0.7376,4.5981,-5.0,-9.2,seed999
CCOC(=O)Nc1cccc(NC(=O)NC(C)c2ccc(P)c(F)c2)c1C,0.6721,4.1524,-5.0,-9.2,seed999
Cc1ccc(N2CC(C(=O)OCC(=O)Nc3ccc(CO)cc3)CC2=[IH])cc1,0.4774,5.0,-5.0,-9.2,seed999
CCc1c(C(=O)N2CCP(Cc3cc(=O)n4ccsc4n3)CC2)cnn1-c1ccc(F)pc1,0.3812,5.0,-5.0,-9.2,seed999
CCOC1=ICC(CN2CCN(C(=O)NCCC(=O)N(C)I)CC2)C=C1,0.2796,4.0557,-7.1,-7.1,seed999
CC1CN(C(=O)C(Cc2ccpcc2)NC(=O)c2ccco2)CP(C)C1,0.7914,3.8894,-7.6,-6.6,seed999
CC(C)CCC1CC[NH+](Cc2nnnn2C2CC2)CC1,0.8515,4.7503,-6.9,-7.2,seed999
NC(=O)Cn1cc(NC(=O)PCc2ccc(Br)s2)cn1,0.7609,3.786,-6.9,-7.2,seed999
CCC(NC(=O)NNC(=O)COC1C=CC(C#N)CC1)c1cccc(Cl)c1,0.5127,4.0788,-5.0,-9.1,seed999
Cc1ccc(N2CC(C(=O)OCC(=O)Nc3ccc(CO)cc3)CC2=O)cp1,0.727,4.4445,-5.0,-9.1,seed999
CCC1[C-]ON(CCN(C)C2=CCCC=C2)C1c1cn(P)nc1C,0.5843,4.0159,-7.3,-6.8,seed999
CC1=C(C=O)N(C(Cc2ccccc2)NC=O)C1,0.762,3.6258,-7.0,-7.1,seed999
CC[NH2+]C(Cc1cccc(Cl)c1)C1C(C)(C)C1(C)P,0.8045,3.9003,-6.7,-7.3,seed999
NC(=O)Cn1cc(CC(=O)CCc2ccc(Br)s2)cn1,0.8236,4.0984,-7.0,-7.0,seed999
CCN(NC(=O)NNC(=O)COC1C=CC(C#N)CC1)c1cccc(Cl)c1,0.5092,3.9099,-5.0,-9.0,seed999
CCc1c(C(=O)[SH]2CCP(Cc3cc(=O)n4ccsc4n3)CC2)cnn1-c1ccc(F)cc1,0.3228,5.0,-5.0,-9.0,seed999
NC(=O)Cn1cc(NC(=O)CCc2ccc(P)s2)cn1,0.7614,4.0914,-7.0,-7.0,seed999
CCC(C)NC(=O)CN1CCN(C(=O)NS2=CC(Cl)=CC=C2SC)SC1,0.4942,3.7632,-7.0,-7.0,seed999
CC(NC(=O)c1ccoc1)C(=O)NC(O)c1noc(Cc2ccccc2)n1,0.5323,4.7159,-5.0,-8.9,seed999
NC(=O)c1cc#cc(OCCC(=O)NOc2cc(=O)[nH]c3ccccc23)c1,0.5412,4.1845,-5.0,-8.9,seed999
NC(=O)Cn1cc(NC(=O)CCS2=CC=C(Br)S2)cn1,0.583,3.7672,-7.0,-6.9,seed999
Cc1ccc(NC(O)CC2C(=O)N(C)C(=S)N2NC(=S)c2ccc(Cl)cc2)c(C)c1,0.4488,4.4404,-5.0,-8.9,seed999
CC[SH](C)NC(=O)CN1CCN(C(=O)Nc2cc(Cl)ccc2SC)SC1,0.3616,3.9082,-6.7,-7.1,seed999
CC(N[PH](=O)c1ccoc1)C(=O)NC(C)c1noc(Cc2ccccc2)n1,0.5694,4.3414,-5.0,-8.7,seed999
CC(NC(O)C1=COCC1)C(=O)NC(C)c1noc(Cc2ccccc2)n1,0.6016,4.4955,-5.0,-8.7,seed999
CCOC(=O)Nc1cccc(NS(=O)NC(C)c2ccc(C)c(F)c2)c1C,0.6542,4.0376,-5.0,-8.7,seed999
Cc1ccc(NC(O)CC2C(=O)N(C)C(=S)[SH]2NC(=O)c2ccc(Cl)cc2)c(C)c1,0.2978,4.7235,-5.0,-8.7,seed999
CCC(NC(=O)NNC(=O)COC1CCC(C#N)CC1)c1cccc(Cl)c1,0.6463,4.244,-5.0,-8.7,seed999
CC[NH2+]C(Cc1cccc(Cl)c1)C1C(C)(C)C1(C)S,0.7772,3.9921,-6.4,-7.3,seed999
CO[NH2+]C(Cc1cccc(Cl)c1)C1C(C)(C)C1(C)P,0.6565,3.9461,-6.6,-7.1,seed999
NC(=O)Cn1cc(OC(=O)CCc2ccc(Br)s2)cn1,0.7971,4.1669,-6.9,-6.7,seed999
CC(C)CCC1CC[NH+](Cc2nnnn2C2CS2)CC1,0.8002,4.4925,-6.7,-6.9,seed999
CC1=CC=C(NCc2cc(C#N)cs2)C(F)C1,0.8907,3.7214,-6.8,-6.8,seed999
Cc1ccc(NC(O)CC2C(=O)N(C)C(=S)N2NC(=O)c2ccc(Cl)cc2)c(C)c1,0.4671,4.6028,-5.0,-8.6,seed999
CCC(NC(O)NNC(=O)COC1C=CC(C#N)CC1)c1cccc(Cl)c1,0.2913,3.7999,-5.0,-8.6,seed999
Cc1ccn(C)c(=O)c1NC(O)C(=O)NCC(C)OC1=CC=CCC1F,0.6301,3.8124,-5.0,-8.5,seed999
CC[NH2+]P(Cc1cccc(Cl)c1)C1C(C)(C)C1(C)P,0.7944,3.7511,-6.3,-7.2,seed999
CC(NC(=O)C1=COCC1)C(=O)NC(C)c1noc(Cc2cccpc2)n1,0.7534,4.128,-5.0,-8.5,seed999
CCOC1=CCC(CN2CCN(C(O)NCCC(=O)N(C)I)CC2)C=C1,0.2948,3.9142,-6.6,-6.9,seed999
C[NH+](C)C(CNCc1cccc(Cl)c1)c1ccco1,0.846,4.4351,-6.8,-6.7,seed999
CCC(NC(=O)PNC(=O)COC1C=CC(C#N)CC1)c1cccc(Cl)c1,0.5013,3.8938,-5.0,-8.4,seed999
O=C(NN=Cc1ccc(OCC2CONCO2)nc1)c1ccc(OP)cc1,0.4169,4.2319,-5.0,-8.4,seed999
C=C(NC(C)c1noc(Cc2ccccc2)n1)C(C)NC(=O)C1=COCC1,0.7445,4.5136,-5.0,-8.4,seed999
O=C1COC2=CCC(=NN1)C=C(C#P)N=CC=C2,0.6723,2.6149,-6.9,-6.5,seed999
N#Cc1csc(CNC2=CC=C(F)CC2F)c1,0.8964,3.576,-6.7,-6.7,seed999
CC[NH2+]C(Cc1cccc(Cl)c1)C1C(C)(P)C1(C)I,0.4358,3.7806,-6.4,-7.0,seed999
O=C(P)Cn1cc(NC(=O)CCc2ccc(Br)s2)cn1,0.7913,4.0269,-6.4,-7.0,seed999
COc1ccc(C(=O)NN=Cc2ccc(OCC3CONCO3)nc2)nc1,0.5326,4.5706,-5.0,-8.3,seed999
CC(S)CCC1CC[NH+](Cc2nnnn2C2CC2)CC1,0.767,4.3356,-6.6,-6.7,seed999
C[NH+](Cl)C(CNCc1cccc(Cl)c1)C1=[SH]C=CO1,0.4213,4.3038,-6.6,-6.7,seed999
Cc1ccc(NC(=O)CC2C(=P)N(C)C(=S)N2NC(=O)c2ccc(Cl)cc2)c(C)c1,0.5246,4.6236,-5.0,-8.2,seed999
O=C(c1cnn(-c2ccc(F)cc2)c1CI)N1CCP(Cc2cc(=O)n3ccsc3n2)CC1,0.1976,5.0,-5.0,-8.2,seed999
CC1=CCC(NCc2cc(C#N)cs2)C(F)C1,0.8364,3.819,-6.6,-6.6,seed999
CCNc1cccc(NC(=O)OCC)c1NC=O,0.6774,3.6263,-6.5,-6.7,seed999
CCCNC(=O)C[NH+]1CC(c2c(-c3cc(C)no3)cnc3cc(C)nn23)CCO1,0.6371,5.0,-5.0,-8.1,seed999
Cc1ccc(NC(O)CC2C(=O)N(C)C(=S)N2NC(=O)c2ccc(Cl)cc2)c(C)n1,0.4612,4.5693,-5.0,-8.1,seed999
C[NH+](C)C(CNCc1cccc(Cl)c1)C1=[SH]C=CO1,0.5405,4.3038,-6.5,-6.5,seed999
C=C(NC(C)c1ccc(C)cc1)N(C)CCN(N)C1CC[NH+](C)CC1,0.4836,3.8418,-5.0,-8.0,seed999
CC1(C)C(C(Cc2cccc(Cl)c2)[NH2+]CS)C1(C)P,0.4721,3.7074,-6.4,-6.6,seed999
CCOC1=CCC(CN2CCN(C(=O)NCCC(=O)N(C)I)CN2)C=C1,0.4293,3.6225,-5.0,-7.9,seed999
N#Cc1csc(CNC2=CC=C(Cl)CC2F)c1,0.9113,3.6344,-6.4,-6.5,seed999
Cc1ccc(C(C)NC(=O)N(C)CCN(N)C2CC[NH+](C)CC2)cp1,0.5224,3.4726,-5.0,-7.9,seed999
CCCc1cc(OC(=O)NCCc2c(F)cccc2F)n(P)n1,0.8218,4.1815,-5.0,-7.8,seed999
N#Cc1csc(CNC2=CC=C(I)CC2F)c1,0.8357,3.4598,-6.3,-6.5,seed999
CC(N[PH](=O)c1ccoc1)C(=O)NC(C)c1noc(Cc2cccpc2)n1,0.5537,3.7792,-5.0,-7.7,seed999
CC1=CC=C(NCC2=CS(C#N)=CS2)C(F)C1,0.6302,3.1971,-6.2,-6.5,seed999
C[NH+](C)C(CNCc1cccc(Cl)p1)C1=[SH]C=CO1,0.5489,3.6941,-6.1,-6.5,seed999
C[NH+](P)C(CNCc1cccc(Cl)c1)C1=[SH]C=CO1,0.4175,4.1475,-6.3,-6.3,seed999
Cc1ccc(C(C)NC(=S)N(C)CCN(N)C2CC[NH+](C)CC2)cc1,0.3944,3.9979,-5.0,-7.6,seed999
CC[NH2+]C(Cc1cccc(Cl)c1)C1C(C)(P)C1(C)P,0.8045,4.01,-6.5,-5.9,seed999
CCC(C)NC(=O)CN1CCN(C(O)Nc2cc(Cl)ccc2SC)CC1,0.4592,4.3581,-5.0,-7.3,seed999
NC(O)Cn1cc(NC(=O)CCc2ccc(Br)s2)cn1,0.6826,4.12,-5.0,-6.9,seed999
c1ccc2ccccc2c1,0.5114,5.0,-5.9,-5.9,seed999
c1ccc2ncccc2c1,0.5312,4.6987,-5.7,-5.5,seed999
c1cnc2ccccc2n1,0.5413,4.8211,-5.4,-5.0,seed999
c1ccc2nccnc2c1,0.5413,4.8211,-5.4,-5.0,seed999
c1ccc2npcnc2c1,0.5719,3.5965,-5.3,-5.0,seed999
c1cnc2nccnc2c1,0.5355,4.5257,-5.3,-4.9,seed999
O=C(c1ccc(-c2ccccc2)cc1)C1CCCN(S(=O)CSc2nbccn2)C1,0.4175,4.5676,-5.0,-5.0,seed999
Bc1noc(C2CCCN2S(=O)(=O)c2ccc3c(c2)OCCO3)n1,0.6977,5.0,-5.0,-5.0,seed999
CC(Cc1ccsc1)N(C)C(=O)Nc1cbc(Br)cc1,0.8893,3.7548,-5.0,-5.0,seed999
Cn1cc(CC(=O)NNC(=O)NCCc2cccs2)c2cccbc21,0.6103,4.48,-5.0,-5.0,seed999
BC1(C)C(CN[SH](=O)(O)c2cnn(CC[NH3+])c2)C1(C)C,0.3986,3.7569,-5.0,-5.0,seed999
CC(CO)NC(=O)NC1CC(C)N(c2cbccc2)C1,0.7565,3.7382,-5.0,-5.0,seed999
CC(CC1CCCC[NH2+]1)[NH2+]CCc1cbsc1,0.7191,3.9862,-5.0,-5.0,seed999
B[N+](=[BH7-89])c1ccc(OCC(=O)Oc2ccccc2OC)cc1,0.4041,4.4392,-5.0,-5.0,seed999
BC(=O)COc1ccc([SH](=O)(O)NC2=CCC(Cl)C=C2F)cc1C,0.4024,3.6553,-5.0,-5.0,seed999
CC(NC(=O)C1=COCC1)C(=O)NC(C)c1boc(Cc2ccccc2)n1,0.7753,4.3159,-5.0,-5.0,seed999
BC(C)C,0.3532,1.6,-5.0,-5.0,seed999
NC(=O)c1cc#cc(OCCC(=O)NCc2cc(=O)[nH]c3cbccc23)c1,0.5733,3.8207,-5.0,-5.0,seed999
b1cccnc1,0.4368,1.9949,-5.0,-5.0,seed999
CC(=O)N1CC(C(=O)N2CCC(OCC3=CC=CCC3)CC2)CC[IH]1,0.3685,4.6624,-5.0,-5.0,seed999
B[N+](=[BH5-89])c1ccc(OCC(=O)Oc2ccccc2OC)cc1,0.4241,4.4392,-5.0,-5.0,seed999
Bn1cc(CC(=O)NNC(=O)NNCc2cccs2)c2ccccc21,0.401,4.5159,-5.0,-5.0,seed999
CCC(BC(=O)NNC(=O)COC1C=CC(C#N)CC1)c1cccc(Cl)c1,0.4274,3.9877,-5.0,-5.0,seed999
CC(N[IH](=O)C(C)N[PH](=O)c1ccoc1)c1noc(Cc2ccccc2)n1,0.1505,4.234,-5.0,-5.0,seed999
CC(CO)NC(=O)NC1CC(C)N(c2bbccc2)C1,0.7237,4.0738,-5.0,-5.0,seed999
CC1CC(NC(=O)NC(P)CO)CN1c1cbccc1,0.7077,3.5221,-5.0,-5.0,seed999
Cc1ccc(N2CC(C(=O)OCC(=O)Nc3ccc(CO)cc3)C[IH]2=O)cc1,0.2754,5.0,-5.0,-5.0,seed999
O=C1B=C(N2CCN(c3cccc4c3=CC=C[SH]=4)CC2)SC1=Cc1ccccc1O,0.3381,5.0,-5.0,-5.0,seed999
CC(C)CCC1CC[NH+](Cc2nbnn2C2CC2)CC1,0.8459,4.3845,-5.0,-5.0,seed999
BC1(C)C(CN[SH](=O)(O)c2cnn(CC[CH3+])c2)C1(C)C,0.4187,3.7569,-5.0,-5.0,seed999
[B][824O]C1=CCN(C(=O)C(Cc2ccccc2)NC(=O)c2ccco2)CP1C,0.3574,4.1432,-5.0,-5.0,seed999
BCC1C(C(NC(C)CO)ON)CC(C)N1c1cbccc1,0.3711,2.8087,-5.0,-5.0,seed999
BC1(C)C(SN[SH](=O)(O)c2cnn(CC[NH3+])c2)C1(C)C,0.3182,3.4845,-5.0,-5.0,seed999
CC(C)C[IH]C1CC[NH+](Cc2nnnn2C2CC2)CC1,0.5787,4.8598,-5.0,-5.0,seed999
CC(Cc1ccsc1)N(C)C(=O)Nc1ccc(Br)bn1,0.9176,3.9228,-5.0,-5.0,seed999
N[IH](=O)Cn1cc(NC(=O)CCc2ccc(Br)s2)cn1,0.3839,4.3504,-5.0,-5.0,seed999
Cn1cc(CC(=O)NNC(=O)NCCc2ccc[nH]2)c2cccbc21,0.5225,4.3991,-5.0,-5.0,seed999
Cc1ccc([22B]OCC2C(=O)N(C)C(=S)N2NC(=O)c2ccc(Cl)cc2)c(C)c1,0.5507,4.7763,-5.0,-5.0,seed999
CBC(C)NC(=O)CN1CCN(C(=O)Nc2cc(Cl)ccc2SC)SC1,0.4256,3.7455,-5.0,-5.0,seed999
O=C(c1ccc(-c2ccccc2)cc1)C1CCCN(S(=O)C[IH]c2nbccn2)C1,0.266,4.6903,-5.0,-5.0,seed999
CC(NC(=O)c1ccoc1)C(=O)BC(O)c1noc(Cc2ccccc2)n1,0.5709,4.6914,-5.0,-5.0,seed999
CC1(C)S[NH+]=C(N2CCN(Cc3bcccc3C(F)(F)F)CC2)S1,0.7958,4.1412,-5.0,-5.0,seed999
O=C(Cl)N1CC[IH]C(C(=O)N2CCC(OCc3ccccc3)CC2)C1,0.2894,4.9195,-5.0,-5.0,seed999
C[NH+](C)C(CNCc1cccc(Cl)c1)[IH]1=[SH]C=CO1,0.2865,4.4976,-5.0,-5.0,seed999
Bc1noc(C2CCCC2S(=O)(=O)c2ccc3c(c2)OCCO3)n1,0.7324,4.8269,-5.0,-5.0,seed999
FC(CC1CCCC[NH2+]1)[NH2+]CCc1cbsc1,0.6715,3.8337,-5.0,-5.0,seed999
CC(CO)NC(=P)NC1CC(C)N(c2cbccc2)C1,0.678,3.5074,-5.0,-5.0,seed999
CC(CC1CCCC[N-]1)[NH2+]CCc1cbsc1,0.7991,3.9862,-5.0,-5.0,seed999
C[NH+](C)C(CNCc1cbcc(Cl)c1)C1=[SH]C=CO1,0.5227,3.4358,-5.0,-5.0,seed999
Cn1cc(CC(=O)NNC(=O)NNCc2bccs2)c2ccccc21,0.5182,4.3801,-5.0,-5.0,seed999
CC(CO)NC(O)NC1CC(C)N(c2cbccc2)C1,0.5436,3.3025,-5.0,-5.0,seed999
[88BH]c1cc(Br)bcc1N[B-2](=O)C(C)Cc1ccsc1,0.7694,3.7848,-5.0,-5.0,seed999
O=S(CSc1nbccn1)N1CCCC(C(=S)c2ccc(-c3ccccc3)cc2)C1,0.3042,4.4004,-5.0,-5.0,seed999
Cc1ccc(C(C)NC(=O)N(C)CCN(N)C2BC[NH+](C)CC2)cc1,0.3701,3.9968,-5.0,-5.0,seed999
Bc1ccc(SC)c(NC(=O)N2CCN(CC(=O)NC(C)CC)CC2)c1,0.5677,3.9956,-5.0,-5.0,seed999
CC(CC1CCSC[NH2+]1)[NH2+]CCc1cbsc1,0.7492,3.7796,-5.0,-5.0,seed999
B[N+](=[BH7-89])c1bcc(OCC(=O)Oc2ccccc2OC)cc1,0.3774,3.7953,-5.0,-5.0,seed999
COc1cbc(C(=O)NN=Cc2ccc(OCC3CONCO3)nc2)cc1,0.5388,4.2225,-5.0,-5.0,seed999
BC1(C)S[NH+]=C(N2CCN(Cc3ncccc3C(F)(F)F)CC2)S1,0.5964,4.6256,-5.0,-5.0,seed999
CC(=O)N1CCCC(C(=O)N2CCC(OC[IH]3=CC=CCC3)CC2)C1,0.4758,4.8064,-5.0,-5.0,seed999
BP1CC(C)CN(C(=O)C(Cc2ccccc2)NC(=O)c2ccco2)C1,0.6478,4.4872,-5.0,-5.0,seed999
CC(=NNC(=O)COc1cccnc1C#P)c1bc2c(cc1)CCCC2,0.5048,4.493,-5.0,-5.0,seed999
CN(C(=O)Nc1cbc(Br)cc1)I(C)Cc1ccsc1,0.4012,3.6386,-5.0,-5.0,seed999
b1cnc2ccccc2n1,0.5277,3.164,-5.0,-5.0,seed999
CCC1(CC)NC(=O)N(CC(=O)NC2CC3CBCc4cccc2c43)C1O,0.69,5.0,-5.0,-5.0,seed999
