smiles,docking,source,rank
[C@@]1(c2ccccc2)NC(=O)N(CC(=O)c2cccc3ccccc23)C1=O,-12.5,AIEMG,1
[C@@]1(CCc2cccc3ccccc23)[C@@H](C(=O)NCCc2c[nH]c3ccccc23)c2ccccc21,-12.4,AIEMG,2
Cc1ccc(-c2cc(C(=O)Nc3cccc(C(=O)[O-])c3)ccc2F)cc1C,-12.4,AIEMG,3
[N+]1=N/C(=C/c2ccc(-c3ccccc3)o2)C(=O)N1c1ccccc1,-12.3,AIEMG,4
CCCOc1ccc(-c2n[nH]c(-c3ccccc3)n2)cc1-c1nc2c(c(C)nn2C)c(=O)[nH]1,-12.3,ChEMBL,5
Fc1ccc(-c2ncc([C@@H]3CCCN3C(=O)c3ccccc3)o2)c(N2CCOCC2)c1,-12.2,AIEMG,6
[C@]1(c2cc(F)cc(F)c2)NC(=O)N1c1ccc(CC(=O)Nc2cccc(C#N)c2)cc1,-12.2,AIEMG,7
COc1ccc(-c2ccc(=O)n(Cc3ccccc3)n2)c2cc(C(C)C)nn12,-12.2,ChEMBL,8
Fc1cc(-c2nc(C[C@@H](C(=O)c3ccc(Cl)cc3)C(F)F)ccc2F)c(Cl)cc1Cl,-12.2,AIEMG,9
[C@@](C#Cc1nc2ccccc2c(=O)n1[C@@H]1CCCCC1=O)c1ccc(C(F)(F)F)cc1,-12.2,AIEMG,10
[N+]=Cc1cccc(/C=C2\C(=O)N(Cc3ccccc3)N=C2Cc2ccc3c(c2)CC(=O)N3)c1,-12.2,AIEMG,11
Cc1ccc(Cn2nc(-c3nnc4c(n3)NC(=O)C43CC3)c3ccc(C)nc32)c(F)c1,-12.1,ChEMBL,12
COc1ccc(C2=NN(Cc3ccccc3)C(=O)CC2)c2cc(C(C)C)nn12,-12.1,ChEMBL,13
COc1ccc(NC(=O)[C@H](C)Nc2nc3c(cnn3C3CCCC3)c(=O)[nH]2)cc1,-12.1,ChEMBL,14
Fc1ccccc1CN1CC[C@@H](c2cccc(OCc3ccccc3C)n2)c2ccccc21,-12.1,AIEMG,15
COc1ccc(NC(=O)[C@@H](C)Nc2nc3c(cnn3-c3ccccc3Cl)c(=O)[nH]2)cc1,-12.0,ChEMBL,16
Cc1ccc(Cn2nc(-c3nnc4c(n3)NC(=O)C4(C)C)c3cc(F)c(C)nc32)c(F)c1F,-12.0,ChEMBL,17
FC(F)(F)c1cccc(Cn2cnnc2-c2ccccc2)c1,-12.0,AIEMG,18
Clc1cccc(-c2noc(CSc3nnnn3-c3ccccc3F)c2N2CCN(C(=O)C3CCCC3)CC2)c1,-12.0,AIEMG,19
Clc1ccccc1Oc1cccc(O[C@H](Cc2ccccc2F)C(=O)c2ccccc2)c1,-12.0,AIEMG,20
CCOc1ccc(Cc2ccc(CCC(=O)NO)cc2)cc1-c1nc2c(CC)nn(C)c2c(=O)[nH]1,-11.9,ChEMBL,21
Clc1ccc(-c2n[nH]cc2Cn2cccc(C(F)(F)F)c2=O)cc1,-11.9,AIEMG,22
CCOc1ccc(CC2CCC(CC(=O)NO)CC2)cc1-c1nc2c(CC)nn(C)c2c(=O)[nH]1,-11.9,ChEMBL,23
[C@H](C(=O)N[C@@H]1CCCC[C@@H]1Cc1c[nH]c2ccccc12)c1ccc(F)cc1,-11.9,AIEMG,24
[C@](C#Cc1nc(-c2ccccc2)no1)c1cc(F)ccc1Oc1ccccc1,-11.9,AIEMG,25
Fc1ccc(-c2cccc(NC(=O)COc3cccc(Cl)c3)c2)cc1,-11.9,AIEMG,26
[C@H]1c2ccc(C(=O)Nc3nc(Cc4ccccc4Cl)c[nH]3)cc2NC1=O,-11.9,AIEMG,27
CCCOc1ccc(-c2n[nH]c(-c3ccccc3)n2)cc1-c1nc2c(c(C)nn2CC)c(=O)[nH]1,-11.9,ChEMBL,28
[C@H](c1cc(C(F)(F)F)ccc1OC(=O)[C@@H]1CC[C@H](c2ccccc2)[NH2+]1)c1ccccc1,-11.9,AIEMG,29
c1cccc2c1Nc1cc(CNS(C)(=O)=O)cc(-c3ccc4c(c3)OCCO4)c12,-11.9,AIEMG,30
CN1CCN(C(=O)c2cccc(-c3cc(Cl)c4c(c3)C3(CCCCC3)NC(=O)N4)c2)CC1,-11.8,ChEMBL,31
Cc1nc2c(cc1F)c(-c1nnc3c(n1)NC(=O)C3(C)C)nn2Cc1ccc(Cl)cc1F,-11.8,ChEMBL,32
Cc1ccc(Cn2nc(-c3nnc4c(n3)NC(=O)C4(C)C)c3cc(F)c(C)nc32)c(F)c1,-11.8,ChEMBL,33
Cc1cccc(Cn2nc(-c3nnc4c(n3)NC(=O)C4(C)C)c3cc(F)cnc32)c1F,-11.8,ChEMBL,34
Cc1nn(Cc2cccc(OP(=O)(O)O)c2)c(=O)c2nc(C)n3nc(-c4ccccc4)cc3c12,-11.8,ChEMBL,35
Cc1ccc2nc(CCc3nc(-c4ccccc4)cn3C)n3nc(C)cc3c2c1,-11.8,ChEMBL,36
[C@@](C#Cc1ccc(C(=O)Nc2ccccc2C(F)(F)F)cc1)C(=O)Nc1cnccn1,-11.8,AIEMG,37
Clc1cnc(-c2cc(F)cc(Oc3ncnc4ccccc34)n2)cc1,-11.8,AIEMG,38
[C@@]1(C(=O)N2CCC(CNC(=O)c3ccccc3)CC2)NCc2ccccc21,-11.8,AIEMG,39
[C@@][C@](CC(=O)NCc1ccc(Cl)cc1)CN1C(=O)c2ccccc2N1C1CC(C)(C)Oc2ccccc21,-11.8,AIEMG,40
FC(F)c1cccc(Oc2cccc3c2O[C@@H](COc2ccccc2F)C3)c1,-11.8,AIEMG,41
[C@H]1c2cccc(OCC(=O)Nc3ccccc3)c2C(=O)N1[C@H]1CCN(c2ccc(Cl)cc2)N1,-11.8,AIEMG,42
Cc1nc2c(cc1F)c(-c1ncc3c(n1)NC(=O)C3(C)C)nn2Cc1ccccc1F,-11.8,ChEMBL,43
[C@@]1(C(=O)Nc2cccc(C(F)(F)F)c2)CCC2=C(C1)NN2CC(=O)NC(c1ccccc1)c1ccccc1,-11.7,AIEMG,44
[C@H](c1ccc(-c2cncc3ccccc23)cc1)[C@H](C[NH3+])c1ccccc1,-11.7,AIEMG,45
[C@]1(Cc2ccc(C(N)=O)cc2)c2ccccc2-c2ccccc21,-11.7,AIEMG,46
[C@]1(CCc2cccc(OCc3ccccc3Cl)c2)NC(=O)c2cccnc21,-11.7,AIEMG,47
COc1ccc(NC(=O)[C@@H](C)Nc2nc3c(cnn3C3CCCC3)c(=O)[nH]2)cc1,-11.7,ChEMBL,48
Clc1ccc(-n2ccnc2-c2ccc(/N=C/C(=O)Nc3ccccc3Cl)o2)cc1,-11.7,AIEMG,49
Cc1nc2c(cc1F)c(-c1nnc3c(n1)NC(=O)C3(C)C)nn2Cc1ccc(F)cc1F,-11.7,ChEMBL,50
c1ccc(-c2ccccc2C[NH2+][C@H]2CCN(c3ccc(F)cc3)C2)cc1,-11.7,AIEMG,51
CN1CCN(S(=O)(=O)c2cccc(Nc3nc(NCc4ccccc4)c4nc[nH]c4n3)c2)CC1,-11.7,ChEMBL,52
[C@@](O)(c1ccc(=O)n(Cc2ccccc2)n1)[C@H]1CCCc2ccccc21,-11.7,AIEMG,53
Cc1ccc(Cn2nc(-c3nnc4c(n3)NC(=O)C4(C)C)c3cc(F)c(C)nc32)cc1F,-11.7,ChEMBL,54
[C@H]1c2ccccc2C(=O)O[C@@]1(C)C(=O)N[C@H](C)COc1ccccc1,-11.6,AIEMG,55
[C@@]1(c2nnc(-c3ccccc3)o2)CCCN(Cc2ccccc2Cl)C1,-11.6,AIEMG,56
[C@H]Oc1ccc(-c2ccccc2NC(=O)NCC2CCN(C(=O)C3CC3)CC2)c(C)c1,-11.6,AIEMG,57
Clc1ccc(S(=O)(=O)N2CC[NH+](CCCCc3cccc(-c4ccccc4)c3)CC2)cc1,-11.6,AIEMG,58
[C@H]1c2ccccc2C(=O)O[C@@H]1CC(=O)NCc1ccc2c(c1)OCO2,-11.6,AIEMG,59
Fc1cccc(Cn2ccnc(Nc3n[n-]c4ccccc34)c2=O)c1,-11.6,AIEMG,60
[C@@]1(CCNC(=O)N[C@@H](c2ccccc2)[C@@H](O)c2ccccc2)c2ccccc2C1,-11.6,AIEMG,61
Cc1nc2c(cc1F)c(-c1nnc3c(n1)NC(=O)C3(C)C)nn2Cc1ccccc1F,-11.6,ChEMBL,62
Cc1nn(Cc2ccccc2)c(=O)c2nc(C)n3nc(-c4ccc5c(c4)OCO5)cc3c12,-11.6,ChEMBL,63
[N+]n1cc(-c2ccccc2)nc1C[NH+]1CCC[C@H](c2ncc(-c3cc(F)ccc3)OC2)C1,-11.6,AIEMG,64
Cc1ccc(Cn2nc(-c3nnc4c(n3)NC(=O)C4(C)C)c3cc(F)cnc32)c(F)c1,-11.6,ChEMBL,65
Fc1ccc(-c2noc(C3CCN(c4nc5ccccc5[nH]4)CC3)n2)cc1,-11.6,AIEMG,66
[C@H]1CCN(c2cccc(NC(=O)CCN3C(=O)/C(=N\O)c4ccccc43)c2)C1,-11.6,AIEMG,67
FC(F)Cc1ccc(-c2cc(/C=C3\C(=O)N(Cc4cccnc4)C3=O)ccc2Cl)cc1,-11.6,AIEMG,68
[C@](O)(c1ccc(C#N)cc1)c1nnc(-c2ccc3ccccc3c2)o1,-11.6,AIEMG,69
[N+]/c1/C(=C/CSc2nc3ccccc3s2)c(O)c2c1Cc1ccccc1-2,-11.6,AIEMG,70
[C@](C#Cc1ccccc1)NC(=O)c1cc(-c2ccc(F)cc2)nc2ncncc21,-11.6,AIEMG,71
n1cc(C(=O)NCc2ccccc2CNC(=O)c2ccc(F)cc2Cl)ccc1N1CCCC1,-11.5,AIEMG,72
[C@]Oc1nc2ccc(NC(=O)C(=O)N[C@@H]3CCc4cc(F)ccc4C3)cc2nc1C,-11.5,AIEMG,73
[C@H]Oc1cccc(-c2cccc(CNC(=O)c3ccc(-c4cnn(C)c4)cc3)c2)c1,-11.5,AIEMG,74
Cc1ccc2c(-c3nnc4c(n3)NC(=O)C4(C)C)nn(Cc3ccc(Cl)cc3F)c2n1,-11.5,ChEMBL,75
Cc1ccc(Cn2nc(-c3nnc4c(n3)NC(=O)C4(C)C)c3ccc(C)nc32)c(F)c1,-11.5,ChEMBL,76
COc1nc2ccccc2cc1-c1nc2c(cnn2-c2ccc(Br)cc2)c(=O)[nH]1,-11.5,ChEMBL,77
Cc1nc2c(cc1F)c(-c1nnc3c(n1)NC(=O)C3(C)C)nn2Cc1c(F)cccc1F,-11.5,ChEMBL,78
CCOc1ccc(C[C@H]2CC[C@H](C(=O)NO)CC2)cc1-c1nc2c(CC)nn(C)c2c(=O)[nH]1,-11.5,ChEMBL,79
Fc1cccc(-c2noc(CSc3nnnn3-c3ccccc3)n2)c1,-11.5,AIEMG,80
[C@]1(COc2ccc(Cl)cc2)NC(=O)N(c2ccc3c(c2)CCCC3)c2ccccc21,-11.5,AIEMG,81
FC(F)(F)c1ccc(-c2nc(CO[C@H](C(N)=O)C3CCCCC3)no2)cc1,-11.5,AIEMG,82
c1ccc(-n2ccc(C(=O)N3CCC[C@H](c4nnnn4C4CCCCC4)C3)n2)cc1,-11.5,AIEMG,83
CCCOc1ccc(NC(=O)Nc2ccc(F)cc2)cc1-c1nc2c(c(C)nn2C)c(=O)[nH]1,-11.5,ChEMBL,84
F[N+]([O-])=C(/C(=O)Nc1cccc2cc[nH]c12)c1ccc2ccccc2c1,-11.4,AIEMG,85
CCOc1ccc(C[C@H]2C[C@@H](C(=O)NO)C2)cc1-c1nc2c(CC)nn(C)c2c(=O)[nH]1,-11.4,ChEMBL,86
FC(F)(F)c1ccnc(SC[C@H]2CCCN(c3ccc(-c4ccccn4)cn3)C2)c1,-11.4,AIEMG,87
Cc1nn(Cc2ccc3c(c2)OCO3)c(=O)c2nc(C)n3nc(-c4ccccc4)cc3c12,-11.4,ChEMBL,88
COc1ccc(NCc2ccc3c(c2)C(=O)C(=O)N3C(=O)c2ccccc2)cc1,-11.4,ChEMBL,89
[N+]([O-])=C[C@H]1[C@@H](c2ccc(Oc3nc4ccccc4[nH]3)cc2)C(=S)N1c1ccccc1,-11.4,AIEMG,90
Clc1nc(-c2ccc3ccccc3c2)oc1N1CCN(c2ncccn2)CC1,-11.4,AIEMG,91
Cc1ccc2c(-c3nnc4c(n3)NC(=O)C4(C)C)nn(Cc3c(F)cccc3F)c2n1,-11.4,ChEMBL,92
Fc1ccc2c(c1)CCN(Cc1cccc3ncccc13)C2,-11.4,AIEMG,93
Cc1ccc2c(-c3nnc4c(n3)NC(=O)C4(C)C)nn(Cc3ccc(F)cc3F)c2n1,-11.4,ChEMBL,94
CCCOc1ccc(NC(=O)c2ccc(F)cc2)cc1-c1nc2c(c(C)nn2C)c(=O)[nH]1,-11.4,ChEMBL,95
[C@@](C#Cc1ccc(C(=O)CS(=O)(=O)[C@@H](C#N)c2ccccc2)cc1)c1ccc2c(c1)CCC2,-11.4,AIEMG,96
COc1cccc(Cn2nc(-c3nnc4c(n3)NC(=O)C4(C)C)c3cc(F)cnc32)c1F,-11.4,ChEMBL,97
[C@@](Cc1cccc(F)c1)NC(=O)C(=O)Nc1ccc(-c2ccccc2)o1,-11.4,AIEMG,98
[N+](=O)c1ccc(CN2CCO[C@]3(CCC[NH2+]C3)C2=O)c2ccccc12,-11.4,AIEMG,99
Fc1ccc(-n2cnc3cc(S(=O)(=O)[N-]c4ccccc4)ccc32)cc1,-11.4,AIEMG,100
[C@@]1(CCc2nnc(NC(=O)Cc3ccccc3)s2)CCCc2ccccc21,-11.4,AIEMG,101
[C@]1(c2ccc3c(c2)C(C)(C)CC3=O)CC[NH+](Cc2csc(C(C)C)n2)C1,-11.4,AIEMG,102
[C@@]1(COc2ccc3ccccc3n2)OC[C@H]1C(=O)NCCC1=c2ccccc2=[NH+]C1,-11.4,AIEMG,103
CCOc1ccc(C[C@H]2CC[C@@H](C(=O)NO)CC2)cc1-c1nc2c(CC)nn(C)c2c(=O)[nH]1,-11.4,ChEMBL,104
CCOc1ccc(CC2CCC(C(=O)NO)C2)cc1-c1nc2c(CC)nn(C)c2c(=O)[nH]1,-11.3,ChEMBL,105
[N+]/[C@H]1C(=O)[C@H](CC(=O)NCc2ccc(Cl)cc2)Nc2ccc(NC(=O)c3ccc(Cl)cc3)cc21,-11.3,AIEMG,106
[C@H]1C=c2ccccc2=C1CCNC(=O)Cn1n[nH+]c2ccccc21,-11.3,AIEMG,107
[N+]([O-])=C1\C(=C(/C#N)c2cccc(CNC(=O)c3ccc(F)cc3)c2)C1,-11.3,AIEMG,108
[C@H](CCNNC(=O)c1cn(Cc2ccccc2)nc1-c1ccccc1)c1nc2ccccc2[nH]1,-11.3,AIEMG,109
Cc1nc2c(cc1F)c(-c1nnc3c(n1)NC(=O)C3(C)C)nn2Cc1cccc(Cl)c1F,-11.3,ChEMBL,110
O=C(Cc1csc(NC(=O)c2cccc(C(=O)c3ccccc3)c2)n1)NO,-11.3,ChEMBL,111
c1cc2c(cc1CN1CCC[C@H](c3n[nH]cc3C(F)(F)F)C1)n2C,-11.3,AIEMG,112
[C@@]([C@H]1CCCCN1C(=O)c1cccc(F)c1)c1cc2ccccc2[nH]1,-11.3,AIEMG,113
[C@]1(c2ccccc2)NC(=O)N(Cc2csc(-c3ccccc3F)n2)C1,-11.3,AIEMG,114
Clc1ccc2ccccc2c1Cn1ccc(-c2cncc(Br)c2)n1,-11.3,AIEMG,115
FC(F)(F)c1ccc(SCc2nc(-c3ccc4c(c3)OCO4)no2)cc1,-11.3,AIEMG,116
FC(F)c1ccc(OCc2noc(-c3ccccc3OC(F)(F)F)n2)cc1F,-11.3,AIEMG,117
n1ccc(-c2cncc(C(=O)Nc3cccc(C(F)(F)F)c3)n2)cc1,-11.3,AIEMG,118
c1cc2c(cc1O[C@@H](CO)C(=O)Nc1ccc3[nH]c(=O)ccc3c1)C2,-11.3,AIEMG,119
[C@]1(C(=O)N2CCc3ccc(NC(=O)C4CCCCC4)cc32)CCCC1,-11.3,AIEMG,120
O=C(Nc1nc(C(Cc2ccccc2)C(=O)O)cs1)c1cccc(COc2ccccc2)n1,-11.3,ChEMBL,121
[N+]1=CC[C@H](c2ccccc2)C1NC(=O)N1CC=C(c2ccccc2)CC1,-11.3,AIEMG,122
[N+]c1cc(CN2CCC[C@@H](Oc3ccc(Cl)cc3)C2)nc([O-])c1OC(F)F,-11.3,AIEMG,123
Fc1ccc(SCC[C@H]2Cc3cc(-c4ccccc4)ccc3O2)cc1,-11.3,AIEMG,124
CCCc1nn(C)c2c(=O)[nH]c(-c3cc(Cc4ccc(C(=O)NO)cc4F)ccc3OCC)nc12,-11.3,ChEMBL,125
CCCc1nn(C)c2c(=O)[nH]c(-c3cc(Cc4ccc(CC(=O)NO)cc4)ccc3OCC)nc12,-11.3,ChEMBL,126
CCCc1nn(C)c2c(=O)[nH]c(-c3cc(Cc4ccc(C(=O)NO)c(F)c4)ccc3OCC)nc12,-11.3,ChEMBL,127
CC1(C)C(=O)Nc2nc(-c3nn(Cc4ccccc4F)c4ncccc34)nc(CCC(F)(F)F)c21,-11.3,ChEMBL,128
C=CCOc1ccccc1CN1C(=O)CCc2cc(NC(=O)Cc3ccccc3)ccc21,-11.3,AIEMG,129
Cc1nn(Cc2ccccc2)c(=O)c2nc(-c3ccccn3)n3nc(-c4ccccc4)cc3c12,-11.3,ChEMBL,130
Cn1nc(-c2ccc(Cl)cc2)s/c1=N\c1cccc(-c2noc(O)n2)c1,-11.3,ChEMBL,131
n1ncc(SCc2csc(-c3ccccc3)n2)c(-c2ccccc2)n1,-11.3,AIEMG,132
C[C@H](Nc1nc2c(cnn2C2CCCC2)c(=O)[nH]1)c1ccc(Cl)cc1,-11.3,ChEMBL,133
[C@]1(c2ccccc2)NC(=O)N(CC(=O)Nc2ccnn2Cc2ccccc2)C1=O,-11.2,AIEMG,134
Clc1cccc(-c2nncc(-c3ccccc3Cl)n2)c1,-11.2,AIEMG,135
[C@](C#Cc1nnc(-c2cccnc2)n1N[C@H]1CCC[NH2+]C1)c1cccc(C(F)(F)F)c1,-11.2,AIEMG,136
[C@](O)(CCC1=c2ccccc2=[NH+]C1)C(=O)Nc1ccc(F)cc1[N+](=O)[O-],-11.2,AIEMG,137
FC(F)(F)c1ccccc1NC(=O)c1cc2cccc[n+]2c2nc([C@H]3CC[NH+](Cc4ccccc4)C3)[nH]c12,-11.2,AIEMG,138
[C@@](O)(C(=O)NCc1ccn(-c2ccccc2)n1)c1ccc(C(=O)NCc2ccccc2)cc1,-11.2,AIEMG,139
[C@]1(C)C[C@H](C(=O)Nc2cccc(-c3nnc(C4CC4)o3)c2)CC1=O,-11.2,AIEMG,140
[C@]1(c2ccccc2)[C@H](C(=O)NCCC2=c3ccccc3=[NH+]C2)N1C(=O)c1ccc(F)cc1,-11.2,AIEMG,141
Clc1ccc(-c2ccc(C[NH2+][C@H]3C[C@H]3C3CCC3)cc2F)cc1,-11.2,AIEMG,142
[C@]12C[C@H](c3ccccc3)N=C[C@@H]2[C@H]1CC(=O)Nc1cccc(CC#N)c1,-11.2,AIEMG,143
[C@@]=C1C(=O)c2cccc(C(=O)NCCc3ccccc3F)c2C1=O,-11.2,AIEMG,144
[C@@](C(=O)c1ccc(C(=O)N2CCN(Cc3ccc(Cl)c4ccccc43)CC2)cc1OCc1ccccc1)c1ccccc1,-11.2,AIEMG,145
[C@](C#CCn1nnc(-c2ccccc2F)n1)C(=O)N1CCC2(CC1)OCCCO2,-11.2,AIEMG,146
[N+](=C/c1ccccc1)C(=O)Nc1ccc2[nH]nc(-c3ccccc3)c(=O)c2c1,-11.2,AIEMG,147
Clc1cccc(-c2nc(CNc3ccccc3)nc(-c3ccccc3)n2)c1,-11.2,AIEMG,148
[C@](O)(CNC(=O)c1cccc(C(=O)N2CCOCC2)c1)c1cccc(C)c1,-11.2,AIEMG,149
CCOc1ccc(CC2CCN(CCC(=O)NO)CC2)cc1-c1nc2c(CC)nn(C)c2c(=O)[nH]1,-11.2,ChEMBL,150
Cn1nc(-c2ccc(Cl)cc2)s/c1=N\c1cccc(-c2nn[nH]n2)c1,-11.2,ChEMBL,151
Nc1ncc(-c2ccc3c(c2)CC[C@@H]3C(=O)O)cc1-c1ccc(Cl)cc1,-11.2,ChEMBL,152
[C@]1(C(=O)NCc2cccc(F)c2F)[C@H]2CN(CCC3=NC(=O)CCN3)C(=O)C[C@H]21,-11.2,AIEMG,153
[C@H]1C(=O)N2CCCC[C@@H]2C(=O)N1c1cc(-c2ccccc2)ccn1,-11.2,AIEMG,154
Cc1nc2c3ccccc3nc(SCc3nc4ccccc4[nH]3)n2n1,-11.2,ChEMBL,155
c1cccc(Cn2ncc3c(-c4ccc(Cl)cc4)noc3C2)c1,-11.2,AIEMG,156
COc1ccc(NC(=O)[C@H](C)Nc2nc3c(cnn3-c3ccccc3Cl)c(=O)[nH]2)cc1,-11.2,ChEMBL,157
Cc1nn(Cc2ccccc2)c(=O)c2nc(-c3cccnc3)n3nc(-c4ccccc4)cc3c12,-11.2,ChEMBL,158
NC1(C(F)(F)C(F)(F)F)C(=O)Nc2nc(-c3nn(Cc4ccccc4F)c4ncccc34)ncc21,-11.2,ChEMBL,159
[C@@](C#Cc1ccc2ccccc2c1)NC1CC[NH+](Cc2ccc(F)cc2)CC1,-11.2,AIEMG,160
[C@](C#Cc1cccc(C(=O)NCCC2=CCNc3ccccc32)c1)c1ccc(F)cc1,-11.2,AIEMG,161
FC(F)(F)[n+]1ccc2ccccc2c1CNCc1cccc2cccnc12,-11.2,AIEMG,162
Fc1ccc(-c2cccc(NCc3ccccc3Cl)c2)c(F)c1,-11.2,AIEMG,163
[C@@](C#Cc1cnn(-c2ccccc2)n1)c1nncn1C1CCCCC1,-11.2,AIEMG,164
[C@H](CC(=O)NC[C@@H](c1cccnc1)c1ccccc1F)c1cccc(F)c1,-11.2,AIEMG,165
[N+]=C1C([O-])=C(C(=O)c2ccccc2Cl)[C@H]1C(=O)N1CCN(c2ccc3ccccc3c2)CC1,-11.2,AIEMG,166
[C@](O)(c1nc2ccccc2n1CC(=O)NCc1nc(C2CCCC2)n[nH]1)[C@@H]1COc2ccccc2O1,-11.2,AIEMG,167
[N+]1=C[C@@H](c2ccc(O)cc2F)[C@H](N2C(=O)/C(=C/c3ccc(-c4ccccc4[N+](=O)[O-])cc3)CC2=O)O1,-11.2,AIEMG,168
CCCOc1ccc(S(=O)(=O)N2CC[C@@H](N(C)C)C2)cc1-c1nc(O)c2c[nH]c3nncc-3c2n1,-11.2,ChEMBL,169
[N+]1=CCCC[C@@H]1c1cccc(/N=C/c2cn(-c3ccccc3Cl)nc2OC(F)F)c1,-11.2,AIEMG,170
[P@@](=N/c1cccc2[nH]ccc12)Nc1cccc2cccnc12,-11.1,AIEMG,171
COc1ccc(COc2nc(N3CCCC34CC4)ncc2C(=O)NCc2ccccc2)cc1Cl,-11.1,ChEMBL,172
Cc1c(NC(=O)c2cccc(COc3ccccc3)n2)cccc1C(=O)NO,-11.1,ChEMBL,173
Clc1ccccc1-c1cnc(CNc2cccc(C(=O)OC3CCCC3)n2)cn1,-11.1,AIEMG,174
C[C@@H]1CN(Cc2ccc3nccnc3c2)C[C@H]1c1nc2c(cnn2C2CCCC2)c(=O)[nH]1,-11.1,ChEMBL,175
CC(C)(C(=O)NO)c1csc(NC(=O)c2cccc(COc3ccccc3)n2)n1,-11.1,ChEMBL,176
[C@](c1ccccc1)C(=O)Nc1ccc(Cc2ccccc2)cc1,-11.1,AIEMG,177
[C@@]Oc1cncc(NC(=O)C2CCC(Cc3ccc(F)cc3)CC2)c1O,-11.1,AIEMG,178
O=c1c2cc(F)cc(F)c2oc2c(Cc3ccc4c(c3)OCO4)[nH]c(-c3nccs3)c12,-11.1,ChEMBL,179
FC(F)(F)Oc1cccc(-c2n[n-]nc2Cc2ccccc2)c1,-11.1,AIEMG,180
CCOc1ccc(-c2ccc(C(=O)NO)o2)cc1-c1nc2c(CC)nn(C)c2c(=O)[nH]1,-11.1,ChEMBL,181
[N+]=c1s/c(=C\c2ccc(F)cc2)nc1-c1ccc(Sc2nnnn2C2CC2)cc1,-11.1,AIEMG,182
[C@H](C)n1ncc2ccc(OCc3cccc(C(F)(F)F)c3)cc21,-11.1,AIEMG,183
CC(C)c1n[nH]c2c(=O)[nH]c(C[C@@H]3CCCC[C@H]3Nc3ncccn3)nc12,-11.1,ChEMBL,184
O=c1c2ccccc2oc2c(Cc3ccc(O)cc3)[nH]c(-c3ccccn3)c12,-11.1,ChEMBL,185
Cc1nn(Cc2ccccc2)c(=O)c2nc(C)n3nc(-c4ccc(Cl)cc4)cc3c12,-11.1,ChEMBL,186
[C@@]1(c2cccc(F)c2)NN(C(=O)c2oc3ccccc3c2C#N)C1,-11.1,AIEMG,187
Fc1ccccc1-c1cc(/C=C/c2ccc(S(=O)(=O)[O-])cc2)on1,-11.1,AIEMG,188
CCCCNC(=O)Nc1cccc(-c2nnc(O)n3c(Br)c(Br)nc23)c1,-11.1,ChEMBL,189
[C@]1(c2ccc(C(=O)c3cccc(C(F)(F)F)c3)nn2)CCC1(Cl)Br,-11.1,AIEMG,190
Fc1ccc(-c2noc(-c3ccc(NCc4cccnc4)o3)n2)cc1,-11.1,AIEMG,191
[C@H]1C(=O)N(C(=O)CSc2nnc3ccccn23)C(=O)N1C1CCCCC1,-11.1,AIEMG,192
FC(F)(F)c1cccc(CNC[C@H]2CCC[NH+](Cc3ncnn3C=O)C2)c1,-11.1,AIEMG,193
[C@](C#CNc1ncnc2c1CCCC2)c1c[nH]c2ccccc12,-11.1,AIEMG,194
FC(F)(F)c1cccc(-c2nnc(NC3CCCC3)o2)c1,-11.1,AIEMG,195
[N+]1=NN(C(=O)CN2CCC(c3c[nH]c4cc(F)ccc34)CC2)C(=O)N1c1ccc(F)cc1,-11.1,AIEMG,196
COc1cccc(Cn2nc(C)c3c(nc(C)n4nc(-c5ccccc5)cc34)c2=O)c1,-11.1,ChEMBL,197
[N+]1=N/C(=C/c2ccc(OCc3ccccc3)s2)C(=O)N1c1ccccc1,-11.1,AIEMG,198
FC(F)(F)c1cc(F)ccc1Nc1ccc2cc(S(=O)(=O)N3CCOCC3)ccc2c1,-11.1,AIEMG,199
FC(F)(F)Oc1cccc(NC(=O)N2CCC(NCc3ccccc3F)C2=O)c1,-11.1,AIEMG,200
[C@](C#CCNC(=O)Nc1cccc(-c2nnc(C(C)C)o2)c1)c1ccccc1,-11.1,AIEMG,201
Fc1cccc(Oc2ccccc2C[NH2+][C@H]2c3ccccc3C2=O)c1,-11.1,AIEMG,202
[C@H]1CCCC[C@@H]1[C@@H]1CCCN1C(=O)c1ccc(C(=O)c2ccc(F)cc2)cc1,-11.1,AIEMG,203
[C@H]OC(=O)c1ccc([N-]S(=O)(=O)c2ccc(-c3cccc4cccnc34)cc2)cc1,-11.1,AIEMG,204
[C@H]1CCC[C@@H](CC(=O)Nc2n[nH]c(=O)c3ccc(C(F)(F)F)cc23)C1,-11.1,AIEMG,205
[C@H]O/C(=N/O)[C@H]1CCCN(c2ccc(-c3cc(=O)oc4ccncc34)[nH+]n2)C1,-11.1,AIEMG,206
Fc1ccc(-c2ccc(-c3csc(S(=O)(=O)Nc4cccnc4)n3)cc2)cc1,-11.1,AIEMG,207
[N+]=Cc1c[n+]2c3c(sc2nc1Cc1ccccc1)C[C@H](c1cccnc1)N3,-11.1,AIEMG,208
N#C/C(=C\c1ccc(OC(F)(F)F)cc1)c1ccc(N2CCOc3ccccc32)cc1,-11.1,AIEMG,209
[N+]([O-])C(c1ccc(F)cc1F)C(=O)Nc1cccc2ccccc12,-11.1,AIEMG,210
[C@@]1(CNC(=O)C2=c3ccccc3=[NH+]C2)[C@@H](c2ccccc2)N2CCO[C@@H]12,-11.0,AIEMG,211
[C@@](C#CN(C)c1ncnc2c1cc(CC(N)=O)c1ccccc12)c1ccc(S(N)=O)cc1,-11.0,AIEMG,212
CC(C)c1n[nH]c2c(=O)[nH]c(C[C@@H]3CCCC[C@H]3Nc3ncc(C(=O)O)c(C(F)(F)F)n3)nc12,-11.0,ChEMBL,213
Fc1ccc(F)cc1C[NH2+][C@H]1C[C@@H]2CCCc3cccc1c32,-11.0,AIEMG,214
NC(=O)c1ccc(-c2cc(Cl)c3c(c2)C2(CCCCC2)NC(=O)N3)cc1,-11.0,ChEMBL,215
COc1ccc(Cn2nc(-c3nnc4c(n3)NC(=O)C4(C)C)c3cc(F)cnc32)cc1,-11.0,ChEMBL,216
COc1ccc(NC(=O)c2cccc(COc3ccccc3)n2)cc1C(=O)NO,-11.0,ChEMBL,217
[N+]1=C2C=C[C@H](Oc3cc(Cc4ccccc4)c([O-])o3)C(=O)N2C(c2ccco2)=N1,-11.0,AIEMG,218
Cc1nn(Cc2ccccc2)c(=O)c2nc(C)n3nc(-c4ccc(N)cc4)cc3c12,-11.0,ChEMBL,219
[C@](C#Cc1c(Cl)ccc2oncc12)NCn1cnc2ccc([N+](=O)[O-])cc21,-11.0,AIEMG,220
Clc1ccc2c(c1)CCN(CC(=O)N1CCC([NH+]3CCCC3)CC1)C2,-11.0,AIEMG,221
c1ccc(-n2cc(NC(=O)C3C[C@@H]4CCC[C@@H]4C3)nc2C(=O)[O-])cc1,-11.0,AIEMG,222
Fc1ccc2c(c1)c1c(Cl)cc(C[NH+]3CCC[C@@H]3CCc3ccccc3)nc12,-11.0,AIEMG,223
Fc1ccc(C[NH+]2CCc3ccccc3C2)cc1OC[C@@H]1CCCO1,-11.0,AIEMG,224
[C@@]Oc1ccc(-n2nc(CC(=O)Nc3nc(C(F)(F)F)sc3C)ccc2=O)cc1F,-11.0,AIEMG,225
FC(F)(F)c1ccccc1CNC(=O)c1cccc(C(F)(F)F)c1F,-11.0,AIEMG,226
FC(F)(F)c1ccccc1C(=O)Nc1cccc(-c2nc3ccccc3o2)c1,-11.0,AIEMG,227
Cc1nc2c(cc1F)c(-c1nnc3c(n1)NC(=O)C3(C)C)nn2Cc1cccc(F)c1F,-11.0,ChEMBL,228
C[C@@H](Nc1nc2c(cnn2C2CCCC2)c(=O)[nH]1)C(=O)N1CC2(CC(F)C2)C1,-11.0,ChEMBL,229
O=c1c2ccc(F)cc2oc2c(Cc3ccc4c(c3)OCO4)[nH]c(-c3nccs3)c12,-11.0,ChEMBL,230
O=c1cc(-c2ccccc2)oc2c1ccc1ccccc12,-11.0,ChEMBL,231
Cc1nn(Cc2ccccc2)c(=O)c2nc(C(C)C)n3nc(-c4ccccc4)cc3c12,-11.0,ChEMBL,232
O=C(O)c1ccc2c(=O)[nH]c(Cc3cccc(Cl)c3)nc2c1,-11.0,ChEMBL,233
O=C(O)c1ccc(-c2ccc(-c3nc(O)c4c5c(sc4n3)CCCC5)o2)cc1,-11.0,ChEMBL,234
CCCc1nn(C)c2c(=O)[nH]c(-c3cc(C(O)c4ccc(C(=O)NO)cc4)ccc3OCC)nc12,-11.0,ChEMBL,235
CC(C)Cn1c(=O)n(C)c(=O)c2[nH]c(Cc3cncc4cc5c(cc34)OCO5)nc21,-11.0,ChEMBL,236
[N+]c1ccc(N2C(=O)[C@@H]3[C@@H]4C=C[C@@H](C4)C(=O)[C@H]3S2)cc1OCC(F)(Cl)c1ccc(Cl)cc1,-11.0,AIEMG,237
[C@@H][N+]=C(\C)N1CCN(C(=O)NC[C@@H](C)c2nc(-c3ccccc3)no2)CC1,-11.0,AIEMG,238
[C@H]1C(=O)c2ccccc2C(C(N)=O)=C1\C=C\c1cccc([N+](=O)[O-])c1,-11.0,AIEMG,239
[C@@](C(=O)c1ccc(NC(=O)c2ccc([N+](=O)[O-])cc2)cc1)c1ccccc1F,-11.0,AIEMG,240
FC(F)c1cccc(C[S@@](=O)c2nc3cc(Cl)ccc3[nH]2)c1,-11.0,AIEMG,241
[C@@](NC(=O)c1cccc(OCC(F)F)n1)C1CCN([C@@H]2CCCN(c3ccccc3)C2=O)CC1,-11.0,AIEMG,242
Fc1ccc(-c2ccnc(NC[C@@H](O)c3ccccc3)c2)cc1,-11.0,AIEMG,243
FC(F)(F)Oc1ccc(Nc2nc3cc(Cl)cc(Cl)c3s2)cc1,-11.0,AIEMG,244
[C@H](CNC(=O)Nc1cccc(C(F)(F)F)c1)c1c(F)cccc1F,-11.0,AIEMG,245
FC(F)(F)c1ccc(OCCSc2ncc(-c3ccccc3)cc2F)cc1,-11.0,AIEMG,246
[C@@]1(/N=C/c2ccc(/C=C/C(=O)OCc3cc4ccccc4[nH]3)cc2)N(c2ccccc2)C1=O,-11.0,AIEMG,247
[C@@](CNC(=O)c1ccnc(OC2CCCCC2)c1)C1c2ccccc2C1,-11.0,AIEMG,248
FC(F)c1nc(CCCO[C@H]2CCO[C@@H]2c2ccccc2)nc2ccccc12,-11.0,AIEMG,249
[C@]1(CC2CCN(C(=O)N[C@@H]3CC[C@H]([NH+](C)C)C3)CC2)c2ccccc2O1,-11.0,AIEMG,250
Fc1ccc2oc(CN3CCN(C(=O)c4ccc([N+](=O)[O-])cc4)CC3)nc2c1,-11.0,AIEMG,251
[N+]c1ccc(-c2nn(Cc3ccccc3)c(=O)[nH]c2=O)cc1F,-11.0,AIEMG,252
[N+]=C(C(=O)c1cccc(F)c1)N[C@@H]1C[C@H]1c1cccc(Cl)c1,-11.0,AIEMG,253
Clc1ccc([N+](=O)[O-])c(OCc2ccc(OCc3ccccc3F)cc2)c1,-11.0,AIEMG,254
FC(F)Oc1cccc(OCc2ccnc(Nc3cc(C(F)(F)F)ccc3Cl)n2)c1,-11.0,AIEMG,255
[P@@](=C/c1ccnc2ccccc12)C(=O)Nc1cccc(Cl)c1,-11.0,AIEMG,256
[C@@][C@@H]1[C@H](C(=O)Nc2cccc(C(F)(F)F)c2)C(=O)N=C1SCc1ccccc1,-11.0,AIEMG,257
F[N+]([O-])=C(C(=O)c1cnc(Oc2ccccc2)cc1)c1ccc(F)c(Cl)c1,-11.0,AIEMG,258
[C@H]Oc1ccc2ccc(C(=O)C(=O)N[C@H]3CCN(CC(F)(F)F)C3)cc2c1,-10.9,AIEMG,259
[C@]O[C@H](C)c1ccc(C(=O)N2CCC(Cc3ccccc3)CC2)cc1,-10.9,AIEMG,260
[C@]Oc1ccc([C@H]2NC(=O)c3cc(NC(=O)c4cccnc4)ccc3N2)cc1OC,-10.9,AIEMG,261
[N+]=C([N-]c1ccc(C(F)(F)F)cc1)NNC(=O)c1ccccc1F,-10.9,AIEMG,262
N/C(=N\OCCc1cnn(C(C)(C)C)c1)c1ccc2nnccc2c1,-10.9,AIEMG,263
O[C@H]1C[C@@H](c2ccccc2)O[C@@H]1C(=O)Nc1ccc2c(c1)OCCO2,-10.9,AIEMG,264
Clc1cc(Cl)c(CN2CCO[C@H](c3cccc(Cl)c3)C2)c2ccccc12,-10.9,AIEMG,265
[C@H]1C(=O)n2nc(CC[NH2+]Cc3c(F)c(F)cc(F)c3Cl)nc2[C@@H]1c1ccccc1F,-10.9,AIEMG,266
[C@H](CCNC(=O)Nc1ccc(Cl)cc1F)c1ccc2c(c1)CC(=O)N2,-10.9,AIEMG,267
[N+]c1ccc(C(=O)/C=C/C(=O)c2ccc(Cl)cc2)cc1OCc1ccccc1,-10.9,AIEMG,268
[N+]=C(c1ccccc1)N1CCN(C(=O)c2cc([N+](=O)[O-])ccc2F)CC1,-10.9,AIEMG,269
[C@](Cc1ccccc1F)N1CC[C@@](CNC(=O)C2=NC(=O)N(Cc3ccccn3)C2)C1,-10.9,AIEMG,270
[C@]1(CC(=O)OC[C@@H]2C=CC[C@H]2[C@H]2CCC(=O)N2)CCc2ccccc21,-10.9,AIEMG,271
[C@@][C@@H]1CC(C)(CC(=O)c2c[nH]c3ccccc23)C(=O)N1c1ccccc1,-10.9,AIEMG,272
[C@@]1(c2ccccc2)NC(=O)N(CC(=O)c2cc(F)ccc2F)C1=O,-10.9,AIEMG,273
[N+]=Cc1ccccc1NC(=O)COc1cccc2ccccc12,-10.9,AIEMG,274
Fc1ccc2[nH]cc(CCN[C@@H](c3ccccc3)c3ccccc3)c2c1,-10.9,AIEMG,275
[N+]c1ccc(NC(=O)[C@H]2CC(=O)Nc3[nH]c4ccccc4c32)cc1,-10.9,AIEMG,276
Fc1cccc(/C=C/C[NH2+]Cc2cccc(C(F)(F)F)c2)c1,-10.9,AIEMG,277
[C@H](C)CNC(=O)CO/N=C(\[O-])Cc1nc(-c2cccc3ccccc23)no1,-10.9,AIEMG,278
[C@H](CCNC(=O)N1CCC[C@H]1c1nc2ccccc2n1CC(=O)N1CCCCC1)c1ccc2ccccc2n1,-10.9,AIEMG,279
FC(F)(F)c1ccccc1CN1CCN(C(=O)Cc2ccccc2)CC1,-10.9,AIEMG,280
[P@@]1C[C@H](C(=O)N2CCC(O)(CC(C)C)N=N2)C[NH+]1Cc1ccc(Cl)cc1,-10.9,AIEMG,281
[N+]1=CCCC[C@@H]1c1ccc(C(=O)NC[C@@H]2C[C@H]2c2ccccc2)cc1,-10.9,AIEMG,282
[N+]1=C(CC2=cc3ccccc3=[NH+][C@H]2SC(=O)c2ccc(F)cc2)NC[C@]1(O)C(F)(F)F,-10.9,AIEMG,283
[P@@](=NC(=O)Nc1nnc(C2CC2)s1)OCc1cccc(C(F)(F)F)c1,-10.9,AIEMG,284
[C@H]OCc1cccc(NC(=O)c2ccc(=O)n(-c3ccccc3)n2)c1C,-10.9,AIEMG,285
COc1ccc2c(c1)C(CC(=O)Nc1nc(CC(=O)NO)cs1)CC2=O,-10.9,ChEMBL,286
CC1(C)C(=O)Nc2nc(-c3nn(Cc4ccccc4F)c4c3CCC4)ncc21,-10.9,ChEMBL,287
CC1(C)C(=O)Nc2nc(-c3nn(Cc4ccccc4F)c4c3CCC4)nnc21,-10.9,ChEMBL,288
O=[N+]([O-])c1ccc2c(NCc3ccc4c(c3)OCO4)nnc(Cl)c2c1,-10.9,ChEMBL,289
CC(=O)c1cccc(Nc2cccc(C(=O)N3CCC(C(N)=O)CC3)c2)c1,-10.9,AIEMG,290
COc1cc2c(cc1OC)C(=O)C(CC1CCN(Cc3ccccc3)CC1)C2,-10.9,ChEMBL,291
[N+]([O-])c1ccc(-c2cccc(NS(=O)(=O)c3ccccc3)n2)c(Cl)c1,-10.9,AIEMG,292
Cl[C@@H](C)c1ccccc1C(=O)N1CCC[C@@H](c2nc3ccccc3[nH]2)C1,-10.9,AIEMG,293
O=c1c2ccccc2oc2c(Cc3ccc4c(c3)OCO4)[nH]c(-c3nccs3)c12,-10.9,ChEMBL,294
c1ccc(-n2nc(C(=O)Oc3ccccc3)nc2SCc2ccccc2F)cc1,-10.9,AIEMG,295
[C@H]Oc1cccc(NC2CCN(C(=O)N[C@@H](C)c3ccccc3)CC2)c1,-10.9,AIEMG,296
Cc1nn(Cc2ccccc2)c(=O)c2nc(C)n3nc(-c4cccnc4)cc3c12,-10.9,ChEMBL,297
Cc1ccc2c(-c3nnc4c(n3)NC(=O)C43CC3)nn(Cc3cccc(F)c3F)c2n1,-10.9,ChEMBL,298
O=C(Cc1csc(NC(=O)c2cccc3ccccc23)n1)NO,-10.9,ChEMBL,299
[C@](C#Cc1ccccc1)c1ccc(C(=O)Nc2cc([N+](=O)[O-])ccc2C)cc1,-10.9,AIEMG,300
[C@H]Oc1ccc(C(=O)Nc2ccc(F)cc2)cc1OCc1c(F)cccc1Cl,-10.9,AIEMG,301
CCCc1nn(C)c2c(=O)[nH]c(-c3cc(C4=CCC(C(=O)NO)CC4)ccc3OCC)nc12,-10.9,ChEMBL,302
[C@@]1(CC2CCN(c3ccccc3NC(=O)NC[C@H]3c4ccccc4OC3)CC2)CCS1,-10.9,AIEMG,303
CC1(CC(=O)O)C(=O)Nc2nc(-c3nn(Cc4ccccc4F)c4ncccc34)nnc21,-10.9,ChEMBL,304
O=c1c2ccccc2nc2n1CCc1c-2[nH]c2cc(O)ccc12,-10.9,ChEMBL,305
[C@]1(CC(=O)NC[C@H]2CCc3ccccc32)NC=C1CCc1cccc(Br)c1,-10.9,AIEMG,306
[N+]=CC1[NH+]=c2ccccc2=[NH+][C@H]1C(=O)Nc1ccc2c(c1)CCC2,-10.9,AIEMG,307
[C@H]Oc1ccccc1NC(=O)NCCc1nccn1C(=O)c1ccccc1,-10.9,AIEMG,308
CN1CCN(S(=O)(=O)c2cccc(Nc3nc(NCc4ccccc4)c4ccccc4n3)c2)CC1,-10.9,ChEMBL,309
Cc1nn(CC2CCCCC2)c(=O)c2nc(C)n3nc(-c4ccccc4)cc3c12,-10.9,ChEMBL,310
O=C(Cc1csc(NC(=O)Cc2cccc(C(F)(F)F)c2)n1)NO,-10.9,ChEMBL,311
Cc1nn(Cc2ccccc2)c(=O)c2nc(Cc3ccncc3)n3nc(-c4ccccc4)cc3c12,-10.9,ChEMBL,312
CCOc1ccc(OC2CCC(C(=O)NO)CC2)cc1-c1nc2c(CC)nn(C)c2c(=O)[nH]1,-10.9,ChEMBL,313
CCCc1nn(C)c2c(=O)[nH]c(-c3cc(Nc4ccc(C(=O)NO)cc4)ccc3OCC)nc12,-10.9,ChEMBL,314
CCCOc1ccc(Nc2nnc(N)[nH]2)cc1-c1nc2c(c(C)nn2C)c(=O)[nH]1,-10.9,ChEMBL,315
[C@@]1(C[NH2+]c2cc(Cl)cc3ccccc23)C[C@H]1CC(=O)NCc1ccccc1,-10.9,AIEMG,316
CCc1cc(C(C)=O)c(O)cc1OCc1cccc(C(=O)NC2COC(=O)C2)n1,-10.9,ChEMBL,317
[N+]c1ccc(-c2noc(CSc3nnnc4[nH]ccc34)n2)cc1,-10.9,AIEMG,318
O=[N+]([O-])c1cccc(CNc2nc(-c3ccccc3)nc3ccccc23)c1,-10.9,ChEMBL,319
[C@H]1CCCCN1C(=O)CS[C@@H]1N=C2N=NN(c3ccccc3)[C@@H]2C1,-10.8,AIEMG,320
FC(F)(F)c1nc(SCCN2C(=O)c3ccccc32)nc2ccc([N+](=O)[O-])cc12,-10.8,AIEMG,321
CCCc1nn(C)c2c(=O)[nH]c(-c3cc(CC4CC(C(=O)NO)C4)ccc3OCC)nc12,-10.8,ChEMBL,322
[C@@](C#CC[C@@H]1CCC[NH+]1CCN1C(=O)c2ccccc2C(=O)N1)SCc1nc2ccccc2s1,-10.8,AIEMG,323
O=C(O)Cc1cccc(NC(=O)c2cccc(COc3ccccc3)n2)n1,-10.8,ChEMBL,324
[C@H]1C(=O)CCCN1C(=O)CN1C(=O)N[C@]2(CCc3ccccc32)C1=O,-10.8,AIEMG,325
CCCc1nn(C)c2c(=O)[nH]c(-c3cc(C(=O)c4ccc(C(=O)NO)s4)ccc3OCC)nc12,-10.8,ChEMBL,326
[C@@](C#COc1ccc(NC(=O)c2ccc(Cl)c(Cl)c2)cc1[N+](=O)[O-])c1ccc2[nH]ncc2c1,-10.8,AIEMG,327
CN1CCN(S(=O)(=O)c2cccc(Nc3nc(NCc4cccs4)c4ccccc4n3)c2)CC1,-10.8,ChEMBL,328
[C@@]Oc1cccc(N2CCN(CCC(=O)Nc3cccc(C)c3)CC2)c1C,-10.8,AIEMG,329
[C@@](C(=O)c1cccc(C(=O)O/N=C\c2ccc(F)c(F)c2)c1)c1ccco1,-10.8,AIEMG,330
O=c1c2c(F)cccc2oc2c(Cc3ccc4c(c3)OCO4)[nH]c(-c3nccs3)c12,-10.8,ChEMBL,331
[C@H]Oc1ccc(-n2nc(C(=O)NCc3ccccc3)cc2CN2CCOCC2)cc1,-10.8,AIEMG,332
FC(F)c1ccccc1CSc1ncc(=O)n(-c2ccc(F)cc2)n1,-10.8,AIEMG,333
CC(C)c1n[nH]c2c(=O)[nH]c(Cc3cccc(Cl)c3)nc12,-10.8,ChEMBL,334
CCOc1ccc(CC2CC2C(=O)NO)cc1-c1nc2c(CC)nn(C)c2c(=O)[nH]1,-10.8,ChEMBL,335
CCOc1ccc(C[C@H]2C[C@H](C(=O)NO)C2)cc1-c1nc2c(CC)nn(C)c2c(=O)[nH]1,-10.8,ChEMBL,336
Cc1nn(Cc2ccccc2)c(=O)c2nc(/C=C/C(=O)O)n3nc(-c4ccccc4)cc3c12,-10.8,ChEMBL,337
O=C(NO)c1cccc(NC(=O)c2cccc(COc3ccccc3)n2)n1,-10.8,ChEMBL,338
O=C(Cc1cccc(NC(=O)c2cccc(COc3ccccc3)n2)n1)NO,-10.8,ChEMBL,339
CC1(C)C(=O)Nc2nc(-n3nc(Cc4ccccc4F)c4cc(F)ccc43)ncc21,-10.8,ChEMBL,340
O=C(Nc1nc(C2(C(=O)NO)CC2)cs1)c1cccc(COc2ccccc2)n1,-10.8,ChEMBL,341
[C@]1(CC(=O)c2ccccc2)O[C@@H](Cc2ccccc2)Nc2cc(Br)ccc21,-10.8,AIEMG,342
FC(F)(F)c1cccc(C[NH+]2CCCC[C@@H]2c2noc3ccccc23)c1,-10.8,AIEMG,343
n1cc[nH+]cc1CNc1nc2c(s1)CN(C(=O)CCC[NH+]1CCC(Cc3ccccc3)C1=O)CC2,-10.8,AIEMG,344
Fc1ccc(-c2noc(-c3ccccc3OCc3ccccn3)n2)cc1F,-10.8,AIEMG,345
[C@]1(C)[C@H](CCNC(=O)S[C@@H](c2cc3ccccc3cc2)NC(=O)Cn2ccc(=O)[nH]c2=O)c2ccccc21,-10.8,AIEMG,346
N/C(=N/c1ccccc1)c1ccc2c(c1)O/C(=C/c1ccco1)C2=O,-10.8,AIEMG,347
[C@@](CN(C)C(=O)Cc1ccccc1Cl)c1cccnc1N[C@@H]1CCc2ccccc21,-10.8,AIEMG,348
CC1(C)C(=O)Nc2nc(-n3nc(CCC(F)(F)C(F)(F)F)c4cc(F)ccc43)nnc21,-10.8,ChEMBL,349
Cc1nn(Cc2ccccc2)c(=O)c2nc(C)n3nc(-c4ccccn4)cc3c12,-10.8,ChEMBL,350
[C@]1(CCc2ccccc2)NC(=O)[C@@]12CCN(C(=O)CCCNCc1cccc(F)c1)C2,-10.8,AIEMG,351
[C@@]1(CCCCNC(=O)NCC(c2ccccc2)c2ccccc2)C(C)(C)CO1,-10.8,AIEMG,352
CCCc1nn(C)c2c(=O)[nH]c(-c3cc(Cc4ccc(C(=O)NO)cc4)ccc3OCC)nc12,-10.8,ChEMBL,353
[C@@](C(=O)C1=CCCCC1)C(=O)Nc1c[nH]c(Cc2ccccc2)n1,-10.8,AIEMG,354
COc1ccc(CNc2nc(N3CC4CC4C3)ncc2C(=O)N[C@H]2CC[C@H](O)CC2)cc1C,-10.8,ChEMBL,355
[C@H]1C[C@@H](C)CN(C(=O)Cc2ccc([S@@](=O)Cc3ccccc3)cc2)C1,-10.8,AIEMG,356
CCOc1ccc(Oc2ccc(C(=O)NO)cc2)cc1-c1nc2c(CC)nn(C)c2c(=O)[nH]1,-10.8,ChEMBL,357
[NH+](CC1CC1)[C@H]1CCN(C(=O)c2ccc(C3CCCC3)cc2)C1,-10.8,AIEMG,358
O=c1c2ccccc2oc2c(Cc3ccc(O)cc3)[nH]c(-c3ccncn3)c12,-10.8,ChEMBL,359
O=C1Nc2c(Cl)cc(-c3ccc(C(=O)O)cc3)cc2C2(CCCCC2)N1,-10.8,ChEMBL,360
CCCc1nn(C)c2c(=O)[nH]c(-c3cc(OCc4ccc(C(=O)NO)cc4)ccc3OCC)nc12,-10.8,ChEMBL,361
CCCc1nn(C)c2c(=O)[nH]c(-c3cc(Cc4ccc(C(=O)NO)o4)ccc3OCC)nc12,-10.8,ChEMBL,362
[C@@]1(CNC(=O)/C=C/C2=Cc3cc(Cl)ccc3O2)CC(=O)N(C)C1=O,-10.8,AIEMG,363
[C@]1(C#N)N(c2ccccc2)c2nc(-c3cccc([N+](=O)[O-])c3)nnc2N1,-10.8,AIEMG,364
CCCc1c(OCc2ccc3c(c2)OCO3)ccc2c(=O)cc(C(=O)O)oc12,-10.8,ChEMBL,365
[C@H](C)c1nc(C2CCCC2)nc2c1CCN(CC(=O)NCC1(C)CCCCC1)C2,-10.8,AIEMG,366
Clc1ccc2nc(N3CCC(c4ccc[nH]4)CC3)ncc2c1,-10.8,AIEMG,367
[N+]=C/C=C/c1ccc(N2C(=O)C[C@@H](Cc3ccccc3)C2=O)cc1F,-10.8,AIEMG,368
[C@]1(C)CC[C@@H](CNC(=O)c2ccc(O[C@@H](C)C(N)=O)cc2)c2ccccc21,-10.8,AIEMG,369
Fc1ccccc1Cn1c[nH+]cc(C(=O)Nc2ccc([N+](=O)[O-])cc2)c1=O,-10.8,AIEMG,370
FC(F)(F)c1cccc(C[NH+]2CCC[C@@H]2c2nc3ccccc3o2)c1,-10.8,AIEMG,371
[C@]1(c2ncccc2)NC(=O)N(CC(=O)Nc2ncnn2-c2ccccc2)[C@H]1C,-10.8,AIEMG,372
[C@@][C@@H]1[C@@H](C(=O)NCc2ccccc2)O[C@@H]1n1nc(C2CC2)n(C2C[C@@H]2C)c1=O,-10.8,AIEMG,373
[C@@]1(O)C[C@@H]1C(=O)Nc1ccc(C)c(C(=O)Nc2cccc(C(C)=O)c2)c1,-10.8,AIEMG,374
[C@](O)(c1ccc(Br)cc1)c1nc2scc(-c3ccccc3)c2s1,-10.8,AIEMG,375
Cl[C@@H](Cc1nnc(-c2ccccc2)o1)C(=O)Nc1ccc(F)cc1F,-10.8,AIEMG,376
[C@H]1CCCCN1C(=O)CSc1nnc(-c2ccccc2)n1-c1cccc(Cl)c1,-10.8,AIEMG,377
c1ccc2sc(NC(C(=O)c3cccc(C(F)(F)F)c3)NCc3ccc[nH]3)nc2c1,-10.8,AIEMG,378
[C@]Oc1cc([N+](=O)[O-])ccc1OC(=O)c1ccc(Cc2ccccc2F)cc1,-10.8,AIEMG,379
[P@@]C1=Nc2ccccc2C2=C1C[C@@H](c1ccccc1)N2,-10.8,AIEMG,380
O[C@H]1CCCc2nc(N/N=C/c3c(F)c(F)c(F)cc3F)cnc21,-10.8,AIEMG,381
[C@](C#Cc1ccccc1)C(=O)N[C@@H]1c2ccccc2C[C@H]1O,-10.8,AIEMG,382
[C@]1(c2ccccc2)NC(=O)N(CC(=O)NC2CCN(c3ccccc3)CC2)C1=O,-10.8,AIEMG,383
[C@H](C)NC(=O)Cc1cc2ccccc2cc1OCC(=O)NCc1ccccc1,-10.8,AIEMG,384
[N+]([O-])c1ccc(Nc2ncnc3c2CCN(c2ccc(F)cc2)C3)cc1,-10.7,AIEMG,385
n1nc(-c2ccco2)nc(c2cnc(-c3ccc(Cl)cc3)n2N)n1,-10.7,AIEMG,386
[C@](CCCNC(=O)N1CCc2ccccc21)c1ccc(F)cc1,-10.7,AIEMG,387
[C@@]Oc1ccc(CC(=O)N(C)[C@H]2CCc3ccccc3C2)cc1SC,-10.7,AIEMG,388
Cl[C@@H](CCc1c[nH]c2ccccc12)c1nnc2ccccn12,-10.7,AIEMG,389
[P@@](=C/Nc1ccc2ccccc2c1)Nc1ccc([N+](=O)[O-])cc1,-10.7,AIEMG,390
[C@H](C)c1ccc(NC(=O)CCc2n[nH]c3ccccc23)cc1,-10.7,AIEMG,391
[N+]1=C2CCC[C@@H]2[C@H]1C(=O)NCc1ccc(OCc2ccccc2)cc1,-10.7,AIEMG,392
[P@@]1C[C@@H](c2ccc(-c3ccc(OC(F)F)cc3)cc2)C(=O)N1C1CCCCC1,-10.7,AIEMG,393
[C@@]1(C(=O)CCc2ccc(Cl)cc2)CN(C(=O)COc2ccccc2C(F)(F)F)CC1,-10.7,AIEMG,394
[C@H](C(=O)NC[C@@H]1CCN(c2ccc(F)cn2)C1)c1ccc(F)c(F)c1,-10.7,AIEMG,395
FC(F)(F)c1cccc(NCCNc2ccc(Oc3ccccc3)cc2)c1,-10.7,AIEMG,396
[C@]1(c2ccccc2)NN(c2ccccc2)[C@H]1c1ccc(F)c(F)c1,-10.7,AIEMG,397
CN1C(=O)c2[nH]c(Cc3ccc(-c4ccccc4)cc3)nc2N2C1=N[C@@H]1CCC[C@@H]12,-10.7,ChEMBL,398
[P@@](=C/c1ccco1)c1ccc(-c2ccccc2COc2ccc(F)cc2)cc1,-10.7,AIEMG,399
[C@]1(C(=O)N2CCC(CCCCc3cccnc3)C3=C2CCC3)CCC1,-10.7,AIEMG,400
[C@H]1C(C)(C)Cc2ccccc2N1CCCC(=O)c1cccc(Cl)c1Cl,-10.7,AIEMG,401
[C@@](C#CCNC(=O)c1ccccc1O)c1ccccc1Cn1cnnn1,-10.7,AIEMG,402
[C@H]1C(=O)c2ccc(S(=O)(=O)NC3CCCC3)cc2[C@H]1c1cccc([N+](=O)[O-])c1,-10.7,AIEMG,403
[C@]1(C(C)(C)C)CN(Cc2ccc(OCc3ccccc3)cc2)CC1,-10.7,AIEMG,404
[C@@]1(CC(=O)Nc2ccc3c(c2)CCCC3)NC(=O)NC1=O,-10.7,AIEMG,405
[C@](CO)(NC(=O)NCc1c(F)cccc1F)[C@@H]1C[C@]12CCc1ccccc1-2,-10.7,AIEMG,406
[C@@][C@@H](NC(=O)c1cccc2ccccc12)c1nc(Cc2ccco2)cs1,-10.7,AIEMG,407
[C@]1(CCc2nc(-c3ccc(F)cc3)no2)Oc2ccccc21,-10.7,AIEMG,408
[N+]c1cc2c(cc1F)[C@@H](c1nc3cc(C)c(Cl)cc3[nH]1)CCC2,-10.7,AIEMG,409
Fc1cc(C(=O)Nc2cnc3c(C(F)(F)F)noc3n2)ccc1Cl,-10.7,AIEMG,410
[C@H]Oc1ccc(-c2cc(C(=O)NNC(c3ccccc3)c3ccccc3)sc2C)cc1,-10.7,AIEMG,411
[C@]1(CCCNC(=O)[C@H]2CCO[C@@H]2c2ccccc2)CN(Cc2ccccc2)C1,-10.7,AIEMG,412
Clc1ncccc1/N=N/C(=C\c1ccccc1)c1c[nH]c2ccccc12,-10.7,AIEMG,413
[C@@](CCNC(=O)COc1ccc(F)cc1)C1CCN(C(=O)c2ccccc2Cl)CC1,-10.7,AIEMG,414
[N+]n1ccc(-c2cccc(CCC(=O)N3CCCC3)c2)c1Br,-10.7,AIEMG,415
[P@@]=C(NCc1ccccc1Cl)c1cn(CCc2ccccc2)nc1-c1ccccc1,-10.7,AIEMG,416
c1ccc(Cn2ncc3ncn(Cc4ccc5c(c4)OCO5)c(=O)c32)cc1,-10.7,AIEMG,417
c1nc(NCc2ccc3c(c2)OCO3)c2cc3c(cc2n1)OCO3,-10.7,ChEMBL,418
[C@@]1(Cc2ccc(C(N)=O)cc2)N=N[C@@H](c2ccc(Cl)cc2)N1Cc1cccc[nH+]1,-10.7,AIEMG,419
[C@]1(Cn2ccc3ccccc32)NC(=O)N(c2ccccc2)C12CCCC2,-10.7,AIEMG,420
Fc1ccc(C[NH+]2CCc3nc(NC[C@@H](C#N)Cc4cc5cc(Cl)ccc5o4)[nH]c3C2)cc1,-10.7,AIEMG,421
[N+]=C(c1ccccc1)N1CCN(c2nc3ccccc3o2)CC1,-10.7,AIEMG,422
Cc1nn(Cc2ccccc2)c(=O)c2nc(C)n3nc(-c4ccccc4)cc3c12,-10.7,ChEMBL,423
Cc1sc(NC(=O)c2cccc(COc3ccccc3)n2)nc1CC(=O)NO,-10.7,ChEMBL,424
CCCCNC(=O)Nc1ccc(-c2nnc(O)n3c(Br)c(Br)nc23)cc1,-10.7,ChEMBL,425
Fc1cc(F)cc(/C=N/N2CCc3ccccc32)c1O,-10.7,AIEMG,426
[P@@]Cc1nc(CN2CCC[C@@H]2c2ccccc2F)oc1NC(=O)c1ccco1,-10.7,AIEMG,427
NC1(C(F)(F)F)C(=O)Nc2nc(-c3nn(Cc4ccccc4F)c4ncccc34)ncc21,-10.7,ChEMBL,428
O=C(Cc1csc(NC(=O)c2cnccc2Oc2ccc(Cl)cc2)n1)NO,-10.7,ChEMBL,429
c1ccc(-c2nnc(SCc3csnn3)nc2-c2ccc(F)cc2)cc1,-10.7,AIEMG,430
COc1ccc2cncc(Cc3nc4c([nH]3)c(=O)n(C)c(=O)n4CC(C)C)c2c1,-10.7,ChEMBL,431
Fc1cccc(C[C@H]2CCCC[C@@H]2[NH2+][C@@H]2CC(F)(F)OC2=O)c1,-10.7,AIEMG,432
CCCOc1ccc(C(N)=O)cc1-c1nc(O)c2cc3c(cc2n1)ncn3Cc1ccc(F)cc1,-10.7,ChEMBL,433
Fc1ccc(O)c([C@@H]2CCCN2Cc2nc(-c3ccccc3)no2)c1,-10.7,AIEMG,434
Cc1nc2c(cc1F)c(-c1nnc3c(n1)NC(=O)C3(C)C)nn2Cc1c(F)ccc(F)c1F,-10.7,ChEMBL,435
[C@H]Oc1cccc([N-]S(=O)(=O)c2ccc3c(c2)C(=O)N(Cc2ccccc2)C3)c1,-10.7,AIEMG,436
Clc1cccnc1C1CCN(C(=O)c2cc(F)ccc2F)CC1,-10.7,AIEMG,437
CC(C)C(C(=O)NO)c1csc(NC(=O)c2cccc(COc3ccccc3)n2)n1,-10.7,ChEMBL,438
[N+]c1cccc(C(=O)NCCN2CC(=O)c3ccccc3S2)c1,-10.7,AIEMG,439
[C@]Oc1cccc(NC(=O)N2CC[C@H](Oc3ccc(Cc4ccccc4F)cn3)C2)c1,-10.7,AIEMG,440
CCc1nc2c(=O)n(Cc3ccccc3)nc(C)c2c2cc(-c3ccccc3)nn12,-10.7,ChEMBL,441
CC(C)CC(C(=O)NO)c1csc(NC(=O)c2cccc(COc3ccccc3)n2)n1,-10.7,ChEMBL,442
Cn1nc(-c2ccc(Cl)cc2)s/c1=N\c1cccc(CC(=O)O)c1,-10.7,ChEMBL,443
CCc1cc(C(C)=O)c(O)cc1OCc1cccc(C(=O)Nc2nn[nH]n2)n1,-10.7,ChEMBL,444
O=c1c2cc(F)ccc2oc2c(Cc3ccc4c(c3)OCO4)[nH]c(-c3nccs3)c12,-10.7,ChEMBL,445
Fc1ccc(Cl)cc1N1CCC(NC(=O)[C@@H]2CCCO2)CC1,-10.7,AIEMG,446
FC(F)CN1CCC(Nc2ccc(C(=O)N3CCCCC3)cc2)CC1,-10.7,AIEMG,447
Cc1ncc2c(-c3nnc4c(n3)NC(=O)C4(C)C)nn(Cc3cccc(F)c3F)c2n1,-10.7,ChEMBL,448
NNC(=O)c1ccc(NC(=O)N2CCC[C@H](c3nc4ccccc4s3)C2)cc1,-10.7,AIEMG,449
Cc1nn(Cc2ccncc2)c(=O)c2nc(C)n3nc(-c4ccccc4)cc3c12,-10.7,ChEMBL,450
[C@H]Oc1ccc2[nH]c(=O)c([C@@H](C)N[C@H](C)c3noc(-c4ccc(Cl)cc4)n3)nc2c1,-10.7,AIEMG,451
CN1CCN(S(=O)(=O)c2ccc(Nc3nc(NCc4ccccc4)c4ccccc4n3)cc2)CC1,-10.7,ChEMBL,452
[C@@]1(NC(=O)OC[C@H]2CC(=O)N2NC(c2ccccc2)c2ccccc2)CCC(=O)N1,-10.7,AIEMG,453
CCOc1ccc(CC2CC(C(=O)NO)C2)cc1-c1nc2c(CC)nn(C)c2c(=O)[nH]1,-10.7,ChEMBL,454
[C@H]1CCCC[C@@]1([NH3+])C(=O)Nc1ccc2c(c1)CCC2,-10.6,AIEMG,455
[C@H]1C(=O)c2ccc(NS(=O)(=O)c3ccc(C(C)(C)C)cc3)cc2N=C1S,-10.6,AIEMG,456
[C@H](C(=O)NCCc1ccccc1)N1CCN(C(=O)c2ccccc2[N+](=O)[O-])CC1,-10.6,AIEMG,457
Fc1cccc(COc2ccc(/C=N/N3CCN(c4ccccc4F)CC3)cc2)c1,-10.6,AIEMG,458
[C@@](C#Cc1ccccc1Cl)NC(=O)c1cc(-c2ccc(Cl)s2)nn1Cc1ccccc1,-10.6,AIEMG,459
[C@]1(c2ccccc2)NC(=O)N(CC(=O)c2ccccc2)C1=O,-10.6,AIEMG,460
[C@H]1C[C@@H](CC(=O)N2CCC(Oc3ccc(Cl)cc3)CC2)CC(=O)N1Cc1ccco1,-10.6,AIEMG,461
[C@@](CNc1ccc(C(=O)N2CCC[C@@H](C(N)=O)C2)o1)c1ccc(F)c(F)c1F,-10.6,AIEMG,462
[N+]1=CCCC[C@H]1c1ccc(COC2CCN(c3ccccc3F)CC2)cc1,-10.6,AIEMG,463
[N+]c1cccc(-c2ccc(NCCc3ccncc3)nn2)c1,-10.6,AIEMG,464
[C@@]1(c2ccccc2)c2ccccc2C(=O)N1Cc1ccc2nc[nH]c2c1,-10.6,AIEMG,465
[N+]c1ccc(F)c(C[NH+]2CCC[C@H]2c2nc3ccccc3o2)c1,-10.6,AIEMG,466
Cl[C@@H](Cc1nc2ccccc2n1[C@@H]1CCCC[C@@H]1C[NH3+])CN1C(=O)N(c2ccccc2)C1=O,-10.6,AIEMG,467
[C@]1(NCc2ccccc2F)C=CC[C@@H]1CCS(=O)(=O)Cc1ccccc1Cl,-10.6,AIEMG,468
[C@](C#N)([C@H]1CCCN(C(=O)c2ccc(-n3nccn3)cc2)C1=O)c1cccc(OC(F)F)c1,-10.6,AIEMG,469
[P@@]1C[C@H](c2cccc3ccccc23)n2nc(Nc3ccccc3)ncn21,-10.6,AIEMG,470
c1ccc2c(c1)CN(COC(=O)c1ccc(Cl)cc1Br)CC2,-10.6,AIEMG,471
[C@](Cc1ccccc1)[C@H]1Oc2ccccc2NN1C(=O)Cn1nc2ccccc2n1,-10.6,AIEMG,472
FC(F)(F)c1ccc(CCNC(=O)C(=O)c2ccccc2)cc1,-10.6,AIEMG,473
Fc1ccccc1On1cnnc1CN[C@@H](CCc1ccccc1)c1ccccc1,-10.6,AIEMG,474
[C@](C#Cc1ccccc1)C(=O)NC1(c2ccccc2F)[C@H](C(F)(F)F)C1,-10.6,AIEMG,475
[C@@]1(CC2CC[NH+](CCc3c[nH]c4ccccc34)CC2)CCC1=O,-10.6,AIEMG,476
[nH+]1/N=C(/NC(=S)NCc2cccc(Br)c2)nc2ccccc21,-10.6,AIEMG,477
Clc1ccc(-c2noc(-c3ccc(F)cc3)n2)cc1F,-10.6,AIEMG,478
[N+]1=C(C2=NC=C(c3ccccc3)NC2Oc2ccccc2)N1Cc1ccc(F)cc1,-10.6,AIEMG,479
[C@@](CC(=O)NCCc1cc(C2CC2)nc2c1cnn2C)c1ccccc1,-10.6,AIEMG,480
FC(F)c1cccc(OCc2ccc(-c3nnco3)cc2)c1,-10.6,AIEMG,481
[N+]1=C(C2=Nc3cccc(C(F)(F)F)c3N2)C(=O)c2ccccc21,-10.6,AIEMG,482
[C@]1(c2ccccc2)NC(=O)N(CC(=O)Nc2cccc(C(=O)NCC3CC3)c2)C1,-10.6,AIEMG,483
c1nn(Cc2ccc(C(=O)N(C)CCCc3ccc4c(c3)OCO4)cc2)c2ccccc12,-10.6,AIEMG,484
[C@]O[C@]([C@](=O)c1ccc2c(c1)c1ccccc1O2)C(=O)Nc1ccc(Br)cc1F,-10.6,AIEMG,485
[C@]1(CC(C)C)CCCN(Cc2nc(-c3ccc(F)cc3)no2)C1,-10.6,AIEMG,486
[C@](O)(CNc1cc(C(=O)c2ccccc2)[nH]n1)c1cccc(F)c1,-10.6,AIEMG,487
[C@](O)(CC(=O)N1CCC[C@@H](C)C1)C(=O)Nc1ccc2c(c1)NC(=O)C=C2,-10.6,AIEMG,488
c1ccc(Cn2nnnc2C[NH+]2CCC[C@@H](CNC(=O)Cc3ccccc3)C2)cc1,-10.6,AIEMG,489
Fc1cccc(/C=C/C(=O)C2=NO[C@H](c3ccc(Cl)cc3)N2)c1,-10.6,AIEMG,490
c1ccccc1C[C@@H](CC(=O)NCCc1cccnc1)c1ccccc1,-10.6,AIEMG,491
[N+]=C1CCC[C@H](Oc2cc(C(F)(F)F)c(-c3ccccc3)o2)N1,-10.6,AIEMG,492
O=C(NC1CON(C(=O)C(F)(F)F)CC1)c1ccc2c(c1)[nH]c(=O)n2CC(F)(F)F,-10.6,AIEMG,493
Cc1ncc2c(-c3ncc4c(n3)NC(=O)C4(C)C)nn(Cc3cccc(F)c3F)c2n1,-10.6,ChEMBL,494
O=C1C(=O)N(C(=O)c2ccccc2)c2ccc(CN3CCCCC3)cc21,-10.6,ChEMBL,495
[C@](C#N)(NC(=O)CN1C(=O)N[C@@](c2ccccc2)c2ccccc21)c1nc(-c2ccccc2)on1,-10.6,AIEMG,496
Cc1ccc2c(-c3nnc4c(n3)NC(=O)C4(C)C)nn(Cc3cccc(Cl)c3F)c2n1,-10.6,ChEMBL,497
CCCc1nc(C)c2c(=O)[nH]c(-c3cc(CC4CC(C(=O)NO)C4)ccc3OCC)nn12,-10.6,ChEMBL,498
[C@@][C@@H](CNC(=O)[C@@H]1CCCN(c2ncnc3ccccc23)C1)[NH+]1CCN(c2ccccc2O)CC1,-10.6,AIEMG,499
O=C(Nc1nc(C(Cc2ccccc2)C(=O)NO)cs1)c1cccc(COc2ccccc2)n1,-10.6,ChEMBL,500
CCc1ccc([C@@H]2c3[nH]c4ccccc4c(=O)c3CN2c2ncc(-c3ccccn3)cn2)o1,-10.6,ChEMBL,501
COc1ccc2c(Cc3nc4c([nH]3)c(=O)n(C)c(=O)n4CC(C)C)cncc2c1,-10.6,ChEMBL,502
c1cccc(C(=O)N2CCC[C@@H](c3nc4ccccc4[nH]3)C2)c1,-10.6,AIEMG,503
CN(C(=O)CCCOc1ccc2[nH]c(=O)ccc2c1)C1CCCCC1,-10.6,ChEMBL,504
[C@H]1O[C@@H](c2ccc(Cl)cc2)N1C(=O)CNC(=O)c1cc(Cl)ccc1O,-10.6,AIEMG,505
[C@@](C#Cc1cccc(C(=O)NC2CCCC2)c1)c1ccc(O)cc1,-10.6,AIEMG,506
[C@@](O)(Cn1nc(-c2ccccc2)c(=O)[nH]c1=O)c1cccc(C#N)c1,-10.6,AIEMG,507
[C@@](C#Cc1ccc(CC(C)(C)C)cc1)c1cccc2c1OCCO2,-10.6,AIEMG,508
CC(C)(Oc1ccc(-c2cnc(N)c(-c3ccc(Cl)cc3)c2)cc1)C(=O)O,-10.6,ChEMBL,509
CCCc1nn(C)c2c(=O)[nH]c(-c3cc(C4=CCC(CC(=O)NO)CC4)ccc3OCC)nc12,-10.6,ChEMBL,510
[C@H]Oc1ccccc1NC(=O)C(=O)[C@@H]1CC(=O)N(c2cccc(OCCO)c2)C1,-10.6,AIEMG,511
[N+]1=CCCC[C@@H]1C(=O)N1CCC(Nc2ccc(Cl)c(Cl)c2)CC1,-10.6,AIEMG,512
Fc1ccc(CN2CCC([NH+]3CCC[C@@H]3CCc3ccccc3)CC2)cc1,-10.6,AIEMG,513
CCCOc1ccc(NC(=O)CN2CCN(C)CC2)cc1-c1nc2c(c(C)nn2C)c(=O)[nH]1,-10.6,ChEMBL,514
[N+]=C/C=C/C(=O)N[C@H]1CCCC[C@@H]1CCN1CCc2ccccc2C1,-10.6,AIEMG,515
[P@@]CCc1cccc(C(=O)N2CCC(OCc3ccc(F)cc3)CC2)c1,-10.6,AIEMG,516
CC(C)CC(C(=O)O)c1csc(NC(=O)c2cccc(COc3ccccc3)n2)n1,-10.6,ChEMBL,517
CN(C)C(=O)CNc1nc2ccc(-c3ccc(F)cc3)nc2n(CC2CCCCC2)c1=O,-10.6,ChEMBL,518
Fc1ccccc1CNC(=O)[C@@H]1CC(=O)N(c2ccc(Br)cc2)C1,-10.6,AIEMG,519
[C@](O)(Cc1nc2ccccc2n1C)C(=O)Nc1ccc(Cl)c(C(F)(F)F)c1,-10.6,AIEMG,520
FC(F)(F)c1ccc(-c2n[nH]c(SCc3nc(-c4ccncc4)no3)n2)cc1,-10.6,AIEMG,521
CN1C(=O)c2[nH]c(Cc3ccc(-c4ccccc4)cc3)nc2N2CC3(CCCC3)N=C12,-10.6,ChEMBL,522
n1n[C@H]n2cccc(F)c2c1OC(=O)CCNC(=O)c1ccc(F)cc1,-10.6,AIEMG,523
Cc1nn(Cc2ccc(N)cc2)c(=O)c2nc(C)n3nc(-c4ccccc4)cc3c12,-10.6,ChEMBL,524
C[C@H]1COC[C@@H](C)N1C(=O)c1ccc(NC(=O)C[C@@H]2CCCO2)cc1,-10.6,AIEMG,525
[C@](C#Cc1ccc(C(F)(F)F)cc1)Cc1ccc(NC2CCOCC2)cc1,-10.6,AIEMG,526
CCOc1ccc(CN2CCC(C(=O)NO)CC2)cc1-c1nc2c(CC)nn(C)c2c(=O)[nH]1,-10.6,ChEMBL,527
Fc1ccc2c(c1)[C@H]([NH2+]CCN1CCOC[C@H]1c1ccccc1)CCC2,-10.6,AIEMG,528
[C@]1(CCCOc2ccc(Cl)c(C)c2)Nc2ccc(C(=O)[O-])cc21,-10.6,AIEMG,529
CCCc1nn(C)c2c(=O)[nH]c(-c3cc(-c4ccc(CC(=O)NO)cc4)ccc3OCC)nc12,-10.6,ChEMBL,530
COc1ccc(COc2nc(N3CCC4(CC4)C3)ncc2C(=O)N[C@H]2CC[C@H](O)CC2)cc1Cl,-10.6,ChEMBL,531
[C@H]1c2ccccc2CC[C@H]1C(=O)N/N=C/c1ccn[nH]1,-10.5,AIEMG,532
[C@@]1(CCc2ccc(Cl)cc2Cl)NC(=O)N(CC(=O)N2CCc3c(Cl)cccc32)C1=O,-10.5,AIEMG,533
[N+]=Cc1ccc(Cl)c(S(=O)(=O)Nc2ncn(Cc3ccccc3)n2)c1,-10.5,AIEMG,534
CC(C)Cn1c(=O)c(NCC2CCOCC2)nc2ccc(-c3ccc(F)cc3)nc21,-10.5,ChEMBL,535
[C@@][C@@H]1[C@@H](C(=O)NCc2ccccc2)c2ccccc2N1Cc1noc(C(C)C)n1,-10.5,AIEMG,536
[C@H]1CC[C@H](Oc2cccc(Cn3cc(-n4cccc4F)nn3)n2)C1,-10.5,AIEMG,537
[P@@]1CCN(C(=O)CCC/C=C\c2cc(Cl)c(Cl)cc2)c2ccccc21,-10.5,AIEMG,538
[C@H](CNC(=O)Cc1cccc2ccccc12)[NH+]1CCCCC1,-10.5,AIEMG,539
[C@]1(C(C)C)C(=O)C(=O)[C@@H]1NC(=O)COc1ccccc1OCc1ccccc1,-10.5,AIEMG,540
[C@@](C#Cc1ccc(F)cc1)C(=O)N[C@H](c1ccccc1)c1ccncc1,-10.5,AIEMG,541
Cl[C@@H](Cc1ccccc1)C(=O)N1CCCc2ccccc21,-10.5,AIEMG,542
Fc1ccc(-c2cccc(S(=O)(=O)/N=N\c3cccnc3)n2)cc1,-10.5,AIEMG,543
[C@H]Oc1cc(/C=C2/C=C(c3ccc(F)cc3)N=N2)c(Br)cc1OCC(=O)NC1CC1,-10.5,AIEMG,544
[C@]1(c2ccccc2)NC(=O)c2cc(NC(=O)c3ccncc3)c(Cl)cc21,-10.5,AIEMG,545
[N+]([O-])c1ccc([C@H]2CN(C(=O)c3ccc(F)c(F)c3)N=N2)cc1,-10.5,AIEMG,546
[C@](C(=O)N(C)c1ccc(Cl)cc1)[C@@H]1CCCc2ccccc21,-10.5,AIEMG,547
[N+]([O-])Cc1cccc(-c2csc(-c3ccccc3)n2)c1,-10.5,AIEMG,548
[NH+]=C(c1cccc(Cl)c1)[NH+](C)C/Cc1c[nH]c2c(Cl)cccc12,-10.5,AIEMG,549
[C@H]Oc1cccc(OCC(=O)N[C@H](C)CCc2c[nH]c3ccccc23)c1,-10.5,AIEMG,550
[C@@]n1c(NC(=O)COC(=O)c2ccc(C)nc2)nc2ccc(F)cc21,-10.5,AIEMG,551
[C@@](C#Cc1ccc(F)c(F)c1)NC(=O)c1ccccc1,-10.5,AIEMG,552
COc1ccc(Cn2c(=O)n3ncnc3c3c4c(sc32)CN(CC2CCOCC2)CC4)c(F)c1,-10.5,ChEMBL,553
[C@H](C)[C@@H](NC(=O)NCCn1ncc2c1CCCC2)c1cc(F)ccc1F,-10.5,AIEMG,554
CCCc1nc(C)c2c(=O)[nH]c(-c3cc(Cc4ccc(C(=O)NO)cc4)ccc3OCC)nn12,-10.5,ChEMBL,555
CCc1cc(C(C)=O)c(O)cc1OCc1cccc(C(=O)NC(C)C(=O)NO)n1,-10.5,ChEMBL,556
O=C(Cc1csc(NC(=O)c2ccc3ccccc3n2)n1)NO,-10.5,ChEMBL,557
Fc1ccccc1N1CC[C@H](c2c[nH]nc2-c2cccs2)C1,-10.5,AIEMG,558
CC1(C)C(=O)Nc2nc(-n3nc(Cc4ccccc4F)c4ccccc43)ncc21,-10.5,ChEMBL,559
CCCc1nn(C)c2c(=O)[nH]c(-c3cc(Cc4ccc(C(=O)NO)s4)ccc3OCC)nc12,-10.5,ChEMBL,560
FC(F)(F)C1CCN(C(=O)c2cccnc2CC2CCCC2)CC1,-10.5,AIEMG,561
O=c1c(NCC2CCOCC2)nc2ccc(-c3ccc(F)cc3)nc2n1Cc1cc(F)cc(F)c1,-10.5,ChEMBL,562
Cc1nn(Cc2ccccc2)c(=O)c2nc(C)n3nc(-c4ccsc4)cc3c12,-10.5,ChEMBL,563
Cc1nn(Cc2ccccc2)c(=O)c2nc(CCC(=O)O)n3nc(-c4ccccc4)cc3c12,-10.5,ChEMBL,564
CCc1cc(C(C)=O)c(O)cc1OCc1cccc(C(=O)Nc2nc(CC(=O)NO)cs2)n1,-10.5,ChEMBL,565
O=C(Cc1csc(NC(=O)Nc2cccc3ccccc23)n1)NO,-10.5,ChEMBL,566
FC(F)(F)c1ccc(OCC(=O)N2CCN(Cc3csc(-c4ccc(F)cc4)c3)CC2)cc1,-10.5,AIEMG,567
Cn1nc(-c2ccc(Cl)cc2)s/c1=N\c1ccc(F)c(C(=O)O)c1,-10.5,ChEMBL,568
Cc1nc(NC(=O)c2cccc(COc3ccccc3)n2)sc1C(=O)NO,-10.5,ChEMBL,569
[C@]([C@@H]1CCCc2c1nnn2Cc1ccc(O)cc1)c1ccc(F)cc1,-10.5,AIEMG,570
CCCOc1ccc(NC(=O)c2cccs2)cc1-c1nc2c(c(C)nn2C)c(=O)[nH]1,-10.5,ChEMBL,571
COCc1nc2c(=O)n(Cc3ccccc3)nc(C)c2c2cc(-c3ccccc3)nn12,-10.5,ChEMBL,572
CCc1cc(C(C)=O)c(O)cc1OCc1cccc(C(=O)NCC(O)c2ccc(O)cc2)n1,-10.5,ChEMBL,573
O=C(Cc1csc(NC(=O)C2C=CN(c3ccccc3)c3ccccc32)n1)NO,-10.5,ChEMBL,574
CCCc1nn(C)c2c(=O)[nH]c(-c3cc(Cc4ccc(C(=O)NO)cc4OC)ccc3OCC)nc12,-10.5,ChEMBL,575
[C@H](C(=O)c1ccc(Cl)cc1)c1c[nH]c2nc(-c3cccs3)nn12,-10.5,AIEMG,576
COc1ccc(CNc2c(C(=O)NCc3ccccn3)cnc3ccc(C#N)cc23)cc1Cl,-10.5,ChEMBL,577
Cc1ncc2c(-c3ncc4c(n3)NC(=O)C4(C)C)nn(Cc3ccccc3F)c2n1,-10.5,ChEMBL,578
[C@H]1CCC[C@@H]1C(=O)Nc1ccc([N+](=O)[O-])c(OCc2ccccc2)c1,-10.5,AIEMG,579
[C@H]Oc1cccc(-c2nc(NC(=O)CNc3cc(F)ccc3F)co2)c1,-10.5,AIEMG,580
CCOc1ccc(CN2CC(C(=O)NO)C2)cc1-c1nc2c(CC)nn(C)c2c(=O)[nH]1,-10.5,ChEMBL,581
Cc1nn(Cc2ccccc2)cc1CN1CCO[C@H](c2cccc(C(F)(F)F)c2)C1,-10.5,AIEMG,582
[NH+]N=C([O-])CCC(=O)Nc1cccc(C(=O)NOCc2ccccc2)c1,-10.5,AIEMG,583
[N+]1=C/C=C/C1=C\c1ccc(OCc2coc(-c3ccccc3)n2)cc1,-10.5,AIEMG,584
FC(F)(Cl)c1cccc(CCOc2ccc(F)cc2)c1,-10.5,AIEMG,585
Cc1ccc2c(-c3nnc4c(n3)NC(=O)C4(C)C)nn(Cc3ccc(C)c(F)c3F)c2n1,-10.5,ChEMBL,586
[C@@]1(c2ccc(F)cc2)N[C@@H]1c1ccc(C(=O)N2CC[C@@H](C)[C@@H](O)C2)cc1,-10.5,AIEMG,587
CC(C)Cn1c(=O)n(C)c(=O)c2[nH]c(Cc3cncc4ccccc34)nc21,-10.5,ChEMBL,588
O=C(NO)C(=O)c1csc(NC(=O)c2cccc(COc3ccccc3)n2)n1,-10.5,ChEMBL,589
O=c1c2ccccc2oc2c(Cc3ccc(O)cc3)[nH]c(-c3nccs3)c12,-10.5,ChEMBL,590
Clc1nc(CNc2ncccc2-c2cccs2)ccc1Oc1c(F)c(F)c(F)c(F)c1F,-10.5,AIEMG,591
O=c1c2ccccc2oc2c(Cc3ccc(O)cc3)[nH]c(-c3cccnc3)c12,-10.5,ChEMBL,592
[C@]1(C(=O)c2cc(Cl)ccc2N2CC[NH+](Cc3ccccc3)CC2)c2ccccc21,-10.5,AIEMG,593
COc1cccc2oc3c(Cc4ccc5c(c4)OCO5)[nH]c(-c4nccs4)c3c(=O)c12,-10.5,ChEMBL,594
O=c1c2c(O)cccc2oc2c(Cc3ccc4c(c3)OCO4)[nH]c(-c3nccs3)c12,-10.5,ChEMBL,595
c1ccc(CNc2nc(-c3ccccc3)nc3ccccc23)cc1,-10.5,ChEMBL,596
CCCc1nn(C)c2c(=O)[nH]c(-c3cc(NC4CCC(C(=O)NO)CC4)ccc3OCC)nc12,-10.5,ChEMBL,597
CCCOc1ccc(NC(=O)CN2CCCCC2)cc1-c1nc(CC)c(CC)c(=O)[nH]1,-10.5,ChEMBL,598
COc1ccc(COc2nc(N3CC4CC4C3)ncc2C(=O)NCc2ccccn2)cc1Cl,-10.5,ChEMBL,599
[C@@](C#CN(C)C(=O)CCC(=O)c1cccc2ccccc12)C(F)(F)F,-10.5,AIEMG,600
c1ccc(CNc2ncnc3sc4c(c23)CCCCC4)cc1,-10.5,ChEMBL,601
[C@H]1Cc2ccccc2[C@H]1CC(=O)N1CCc2ccccc2C1,-10.5,AIEMG,602
[N+]=Cc1ccc(-n2cnc3ccccc32)cc1OCc1ccccc1,-10.5,AIEMG,603
[C@]1(C(=O)NCc2cccc(F)c2)CCCN(S(=O)(=O)c2ccccc2-c2ccco2)C1,-10.5,AIEMG,604
[C@@](C(=O)CCCN1C(=O)c2ccccc2C1=O)N1CCC(N[C@H]2CCc3ccccc32)CC1,-10.5,AIEMG,605
[N+]([O-])c1ccc(/C=C/CC(=O)N[C@@H](CCn2ccccc2=O)c2ccccc2)cc1,-10.5,AIEMG,606
[N+]c1ccc(C[NH+]2CCC(CN3C(=O)c4ccccc4C3=O)CC2)cc1O,-10.5,AIEMG,607
[N+]1=C(O)C(=O)N(c2ccnc(-c3ccccc3)c2)c2ccccc21,-10.5,AIEMG,608
Cl[C@H]1CCc2ccc(NC(=O)CSc3ccccc3F)cc21,-10.5,AIEMG,609
[C@](O)(c1cccc(C(F)(F)F)c1)S(=O)(=O)/C=C/c1cccnc1,-10.5,AIEMG,610
[C@H]1CCN(C(=O)c2cn(Cc3ccccc3)nc2-c2ccccc2)C1,-10.5,AIEMG,611
[C@H](C)N=C1CCN(CC(=O)N[C@@H](C)c2ccc(Cl)cc2)c2ccccc21,-10.5,AIEMG,612
[N+]/c1cc(N2CCN(c3ccc(Cl)cc3)CC2)ccc1OCc1ccc(Cl)cc1,-10.5,AIEMG,613
[C@](O)(c1ccccc1)[C@@H]1C(=O)NCCN1C(=O)c1ccc(C(C)C)cc1,-10.5,AIEMG,614
FC(F)(F)c1cccc(C(=O)NCc2nnnn2C[C@@H]2CCCO2)c1,-10.5,AIEMG,615
FC(F)(F)c1ccc(C[NH+]2CCC[C@@H](c3nc4ccccc4[nH]3)C2)o1,-10.5,AIEMG,616
Fc1ccc(Cc2cccc(F)c2)cc1N[C@H]1CCn2cccc2C1,-10.5,AIEMG,617
[C@@]1([O-])CCC[C@H]1[NH2+]Cc1cccc(Oc2ccc(C#N)cc2)c1,-10.5,AIEMG,618
[P@@]=C(OCc1ccncc1)NC(=O)c1cc(=O)[nH]c2ccc(Cl)cc12,-10.5,AIEMG,619
[N+]=Cc1cccc(-c2nc(CCc3ccccc3)no2)c1,-10.5,AIEMG,620
[C@]1(Cc2nc(NC(C)(C)C)ns2)CCCN1C(=O)c1ccccc1,-10.5,AIEMG,621
[C@](C(=O)Cc1ccc(F)cc1)N1CCN(CCc2ccccc2)c2ccccc21,-10.5,AIEMG,622
[C@](C#N)(OCc1ccccc1OCC1CC1)c1nnc(-c2ccccc2)n1C,-10.5,AIEMG,623
[C@H](c1ccc(Cl)cc1)c1ccc(NC(=O)NC[C@H]2CCCO2)cc1,-10.5,AIEMG,624
FC(F)(F)c1ccc(NCC(=O)N2CCC[C@@H]2c2nc3ccccc3s2)cc1,-10.5,AIEMG,625
Fc1ccc(=O)n(CC2CC[NH+]([C@@H]3C[C@H]3Cc3ccccc3)CC2)n1,-10.5,AIEMG,626
[C@]1(c2ccco2)NC(=O)[C@H]1CC(=O)Nc1cc(F)ccc1F,-10.5,AIEMG,627
[C@H](C(=O)N1CC(C(=O)Nc2ccc(Cl)cc2[N+](=O)[O-])C1)c1ccc2c(c1)COC2,-10.5,AIEMG,628
[N+]1=CCCC[C@H]1c1ccc(NC(=O)c2cccc(Cl)c2)cc1,-10.5,AIEMG,629
[C@@]1(CCc2cccc(Cl)c2)NC(=O)N1CCCN1C(=O)c2ccccc2C1=O,-10.5,AIEMG,630
[C@H](CN1CCN(C(=O)c2ccc(Cl)c3ccccc23)CC1)[NH+]1CCCC1,-10.5,AIEMG,631
[C@]1(C)CC[C@H](CNC(=O)CSc2nnnn2-c2cccc(F)c2)C1,-10.5,AIEMG,632
[N+]1=C[C@H](c2cc(OCc3ccccc3)ccc2[O-])N(Cc2ccc(C(F)(F)F)cc2)C([O-])=C1Cl,-10.5,AIEMG,633
[N+]c1ccc(Br)cc1Oc1ccc(NC(=O)C2CCCCC2)cc1,-10.5,AIEMG,634
[C@@][C@@H]1C[NH+](CCNC(=O)Nc2ccc3c(c2)NC(=O)CC3)C1,-10.5,AIEMG,635
[C@H]Oc1cccc(COC(=O)c2ccc3c(c2)N(CC(=O)Nc2ccccc2F)C3=O)c1,-10.5,AIEMG,636
[C@H]Oc1ccccc1CCCCNC(=O)c1ccc(C(F)(F)F)cc1,-10.5,AIEMG,637
[C@H](C)N1C(=O)c2ccccc2C(C(=O)NCCc2ccc(OCC(=O)Nc3ccc(Cl)cc3)cc2)C1=O,-10.5,AIEMG,638
[C@@]1(C[NH+]2CCC[C@@H]2C(=O)c2ccccc2)CCN(c2ccccc2)C1,-10.5,AIEMG,639
[C@@][C@@H](NC(=O)c1ccc(Cn2cc(Cl)cn2)cc1)c1ccc(F)cc1,-10.5,AIEMG,640
N[C@@H]1c2ccccc2-c2cc(C[NH+]3CCC[C@H](OCCC(=O)NCc4ccccc4[N+](=O)[O-])C3)ccc21,-10.5,AIEMG,641
ClC[C@H](c1nncn1-c1ccc(F)cc1)NCCc1ccccc1,-10.5,AIEMG,642
FC(F)(F)C1=NN(C2CCN(C[C@@H]3CCCCC3)C[C@H]2c2ccc[nH]2)c2ccccc21,-10.5,AIEMG,643
[C@](O)(CNc1cccc2cccnc12)NC(=O)c1cccc(C#N)c1,-10.5,AIEMG,644
[C@]1(c2ccco2)N(Cc2ccccc2F)CN1C(=O)[C@@H]1CN(Cc2ccco2)CC1=O,-10.5,AIEMG,645
[C@]1(NC(=O)OCc2ccccc2)[C@H](C(=O)[O-])[NH+](C)c2ccccc21,-10.5,AIEMG,646
[C@H](C(=O)c1ccc(C(N)=O)cc1)c1c[nH]c2ccccc12,-10.5,AIEMG,647
[C@]Oc1ccc(NCc2ccc(-c3cccc(OC)c3)cc2)cc1Cl,-10.5,AIEMG,648
[C@]([O-])(C(=O)Cn1c(C)nn(Cc2ccccc2)c1=O)c1ccccc1F,-10.5,AIEMG,649
[C@H]Oc1cccc(-c2cnc(NC(=O)[C@@H](C)N3CCC(c4ccccc4)CC3)nn2)c1N,-10.5,AIEMG,650
Clc1n[nH]c(-c2n[nH]c([O-])n2)c1C[NH+]1CCN(Cc2cccc(F)c2)CC1,-10.4,AIEMG,651
[N+]c1/cc(CCCOCC2=c3ccccc3=[NH+]C2)nc2ccccc12,-10.4,AIEMG,652
FC(F)(F)c1cccc(CNC(=O)c2cccn2CC(F)(F)F)c1,-10.4,AIEMG,653
Cl[C@@H](Cc1cccnc1)C(=O)Nc1nnnc2ccccc12,-10.4,AIEMG,654
[N+]1=N/c2ccc(Cl)cc2C(=O)N1CC[NH+]1CCc2sccc21,-10.4,AIEMG,655
[C@](C#CNC1=Nc2nnnn2[C@@H]1C(F)(F)F)c1ccccc1,-10.4,AIEMG,656
COc1cccc(C(=O)Oc2cccc3ccccc23)c1,-10.4,AIEMG,657
[C@H]Oc1ccccc1OCC(=O)N1CCC(c2c[nH]c3ccccc23)CC1,-10.4,AIEMG,658
[C@H]1C(=O)c2ccc(OC(=O)c3cccc(Br)c3)cc2N1,-10.4,AIEMG,659
[C@](O)(c1cccc(C(F)(F)F)c1)NC(=[NH2+])C(CCO)C1CCCC1,-10.4,AIEMG,660
[N+]=Cc1ccc(CSc2nnc(Nc3ccccc3C)o2)cc1,-10.4,AIEMG,661
[P@@]=C(Nc1ccc(F)cc1)NC(=O)[C@H]1COc2ccccc2O1,-10.4,AIEMG,662
P=C(\NC1=CC(C(=O)OC2CC2)=C(c2ccccc2F)C1)c1ccccc1,-10.4,AIEMG,663
[C@H]1c2ccccc2C(=O)N1CCCN1CCN(c2ccc(C#N)c[nH+]2)CC1,-10.4,AIEMG,664
Cl[C@@H](Cc1c[nH]c2ccccc12)c1nncn1C1CC1,-10.4,AIEMG,665
[C@H]Oc1ccc(NC(=O)N2C(=O)N=C([O-])/C(=C\c3ccc(O)cc3)C2=O)cc1[N+](=O)[O-],-10.4,AIEMG,666
[C@@](C#CCCNC(=O)CCC(=O)c1ccc2c(c1)CCCC2)CNc1ncccn1,-10.4,AIEMG,667
[C@H]1CCCN(C(=O)Nc2ccc(NC(=O)C(C)(C)C(C)C)cc2)C1,-10.4,AIEMG,668
[C@H](Cc1cnc2ccccc2c1N)c1c2ccccc2n1,-10.4,AIEMG,669
[N+]1=C[C@@H](c2ccc(F)cc2)NC(=O)N1CN1C(=O)COc2ccccc21,-10.4,AIEMG,670
Fc1cccc(CN2CC[NH+](CCc3nc(-c4ccc(Cl)cc4)no3)CC2=O)c1,-10.4,AIEMG,671
FC(F)(F)c1cccc(Oc2nnc(Cc3ccc(Cl)cc3)n2-c2ccccc2)c1,-10.4,AIEMG,672
[C@@]1(C#N)CCC[C@@H]([NH2+]Cc2ccc(OCc3ccccc3F)cc2)C1,-10.4,AIEMG,673
[N+]c1ccccc1CN1CCC(CNc2ccccc2C(=O)[O-])CC1,-10.4,AIEMG,674
[C@H]1c2ccsc2NC(=O)[C@H]1C[NH2+][C@@H]1CCC[C@@H](CC(=O)Nc2ccccc2)C1,-10.4,AIEMG,675
[C@]1(Cn2cnnc2[C@]2(C)C(=O)N=C2c2ccccc2)CCCN1c1ccccc1,-10.4,AIEMG,676
FC(F)c1cccc(CC(=O)N2CCC[C@@H](C(F)F)C2)c1,-10.4,AIEMG,677
c1ccc(-c2cc(CN3CC(C)CCC3=O)ncn2)cc1,-10.4,AIEMG,678
[C@H](c1ccc(F)cc1)[C@H]1CCCN1C(=O)Cc1csc(OCc2ccccc2)n1,-10.4,AIEMG,679
[C@@]1(CNC(=O)c2cccc(F)c2)C[NH2+][C@@H](c2ccccc2)C1,-10.4,AIEMG,680
[P@@]1CC[C@H](C(=O)Nc2ccc3c(c2)N(CCc2ccccc2)C3)C1,-10.4,AIEMG,681
Fc1cc(/C=C2\C(=O)S2)ccc1N1CCN(Cc2ccccc2F)CC1,-10.4,AIEMG,682
[C@]1(C[NH+]2CCN(c3cccc(F)c3)CC2)Cc2ccccc2N1,-10.4,AIEMG,683
c1ccc(-n2ccc3c(NCc4ncnnn4)noc32)cc1,-10.4,AIEMG,684
[C@@](C#Cc1nc2ccccc2n1-c1ccc(F)cc1F)c1nc(C2CCCC2)oc1N1CCCC1,-10.4,AIEMG,685
[C@]1(C(N)=O)[C@H](c2ccc(Cl)cc2)Nc2nc3ccccc3nc21,-10.4,AIEMG,686
N[NH+]1c2ccccc2C[C@H]1C(=O)Nc1ccc(C(F)(F)F)cc1,-10.4,AIEMG,687
FC(F)(F)[C@@H](c1ccccc1)N1CCN(Cc2cccc(C#CCC(F)F)c2)CC1,-10.4,AIEMG,688
FC(F)(F)c1ccc(C(=O)Nc2ccc(Cl)cc2)cc1,-10.4,AIEMG,689
O[C@H](CC[C@@]1(c2ccccc2F)NC(=O)N1C[C@@H]1CCCO1)c1nc2ccccc2[nH]1,-10.4,AIEMG,690
[C@](N[C@]S[C@@H]1SCCc2ccc(F)cc21)c1cccc2cccnc12,-10.4,AIEMG,691
[C@]1(C(N)=O)[C@H](CC(=O)c2c[nH]c3cc(C)ccc23)NC1C1=NC=C1C(=O)c1ccc(F)cc1,-10.4,AIEMG,692
O=c1c(NCCN2CCOCC2)nc2ccc(-c3ccc(F)c(F)c3)nc2n1CC1CCCCC1,-10.4,ChEMBL,693
[C@]1(c2cc(F)ccc2F)NC(=O)N(C[C@@H](O)COc2ccc(Br)cc2)C1=O,-10.4,AIEMG,694
NC(=O)c1ccc2ncnc(NCc3ccc4c(c3)OCO4)c2c1,-10.4,ChEMBL,695
[C@H]Oc1cccc(N2CCN(C(=O)N(C)[C@@H](C)CN3C[C@@H]4CCC[C@@H]4C3)CC2)c1,-10.4,AIEMG,696
[C@H][NH+](Cc1ccc(F)c(Br)c1)C(c1ccccc1)c1nc(C(F)(F)F)cs1,-10.4,AIEMG,697
CSCc1nc2c(=O)n(Cc3ccccc3)nc(C)c2c2cc(-c3ccccc3)nn12,-10.4,ChEMBL,698
Fc1ccc(-c2nc(Cc3ccccc3)no2)cc1,-10.4,AIEMG,699
[C@H](C)C(=O)N1CCC(CCc2c[nH]c3cc([N+](=O)[O-])ccc23)CC1,-10.4,AIEMG,700
[C@H]1C(=O)CN[C@@H]1/C(=C\Nc1nnc(-c2cccs2)s1)c1cccc(Cl)c1,-10.4,AIEMG,701
CCCc1nc2c(=O)n(Cc3ccccc3)nc(C)c2c2cc(-c3ccccc3)nn12,-10.4,ChEMBL,702
CC1(C)C(=O)Nc2nc(-c3nn(Cc4ccccc4F)c4ncncc34)nnc21,-10.4,ChEMBL,703
O=C(O)Cc1cccc(NC(=O)c2cccc(COc3ccccc3)n2)c1,-10.4,ChEMBL,704
COc1ccc(CNc2nc(OCc3ccccn3)ncc2C(=O)Nc2ncccn2)cc1Cl,-10.4,ChEMBL,705
FC(F)c1ccc(CC(=O)N[C@@H](c2ccccc2Cl)c2ccccn2)cc1,-10.4,AIEMG,706
CN1C(=O)c2c(nc(Cc3ccccc3)n2C)N2CC3(CCCC3)N=C12,-10.4,ChEMBL,707
CC(=O)CCc1nc2c(=O)n(Cc3ccccc3)nc(C)c2c2cc(-c3ccccc3)nn12,-10.4,ChEMBL,708
Cc1nn(C)c(=O)c2nc(C)n3nc(-c4ccccc4)cc3c12,-10.4,ChEMBL,709
[C@](C#Cc1ccccc1)[C@@H]1CCCCN1C(=O)[C@H]1Cc2ccccc2S1,-10.4,AIEMG,710
[C@@](C#N)(C(=O)Nc1cccc(C(F)(F)F)c1)N1CCc2ccccc21,-10.4,AIEMG,711
[C@H](C)c1ccc(F)cc1NC(=O)c1ccc(-c2ncc[nH]2)cc1,-10.4,AIEMG,712
FC(F)c1cccc(C(=O)NCC[NH+]2CCN(c3nccn3Cc3ccccc3)CC2)c1,-10.4,AIEMG,713
[C@@](C#Cc1ccc(Cl)cc1)C(=O)N1CCO[C@@H](c2ccc(Cl)cc2)C1,-10.4,AIEMG,714
Fc1cccc(-c2nc(-c3ccc(Cl)cc3)no2)c1,-10.4,AIEMG,715
[C@H]Oc1c(C(=O)NN[C@H](C)c2cccn2C)cccc1-c1ccncc1,-10.4,AIEMG,716
[N+]c1cccc(C(=O)COc2ccc(/C=N/c3ccccc3)cc2)c1,-10.4,AIEMG,717
CC(C)c1n[nH]c2c(=O)[nH]c(Cc3ccccc3OCCN3CCOCC3)nc12,-10.4,ChEMBL,718
[C@H]OC(=O)[C@@H]1C=C(NC(=O)C(=O)Nc2ccc(Oc3ccccc3C)cc2)C1,-10.4,AIEMG,719
c1ccc(N2CCCC2)[nH+]c1[N-]S(=O)(=O)c1ccc2c(c1)OCO2,-10.4,AIEMG,720
[NH2+]=C(Sc1noc(-c2ccccc2F)n1)Nc1cccc(Cl)c1,-10.4,AIEMG,721
[C@H]1nc(NC2CCN(C(=O)c3ccc4ccccc4c3)CC2)S1,-10.4,AIEMG,722
Fc1cc(N2CCCC2)ccc1NCC1CCN(S(=O)(=O)c2cc(F)ccc2F)CC1,-10.4,AIEMG,723
[C@@](C#Cc1ccc(C(=O)N(C)Cc2ccc(-n3cncn3)cc2)cc1)c1cnn(C)c1,-10.4,AIEMG,724
[P@@]=C(Nc1ccc(C(F)(F)F)cc1F)c1ccccc1,-10.4,AIEMG,725
[C@](C(=O)Cn1nnc(-c2ccc(F)cc2)n1)N[C@@H]1CCC[C@H]1C1CC1,-10.4,AIEMG,726
CCc1cc(C(C)=O)c(O)cc1OCc1cccc(C(=O)N[C@@H](C)C(=O)O)n1,-10.4,ChEMBL,727
COc1ncc(-c2ccc3nc(NCC4CCOCC4)c(=O)n(CC4CCCCC4)c3n2)cn1,-10.4,ChEMBL,728
FC(F)(F)c1ccc(Cl)c(NN=C2C=C(c3cccc(C(F)(F)F)c3)C(=O)N2CCc2ccccc2)c1,-10.4,AIEMG,729
[C@H]Oc1ccc2nc(NC(=O)[C@@H](C)Sc3ncnn3-c3ccccc3)[nH]c2c1O,-10.4,AIEMG,730
COc1ccc(C(=O)Nc2cccc(C)c2)cc1OC1CCCC1,-10.4,ChEMBL,731
[C@]1(C[NH2+]C[C@@H]2C[C@@]23CCc2ccccc23)CCC(=O)N1Cc1ccc(Cl)cc1,-10.4,AIEMG,732
[C@@](C1CCCCC1)[n+]1c(-c2ccc(F)cc2)sc2nc3ccccc3n12,-10.4,AIEMG,733
Fc1cc(F)c(F)c(F)c1C(=O)Nc1ccc(Cl)c(Cl)c1,-10.4,AIEMG,734
Cl[C@H]1CCC[C@H](Oc2cccc(COc3ncccc3F)c2)C1,-10.4,AIEMG,735
C[C@]1(CC2CC2)C(=O)Nc2nc(-c3nn(Cc4ccccc4F)c4ncc(F)cc34)nnc21,-10.4,ChEMBL,736
CC1(CC(=O)O)C(=O)Nc2nc(-c3nn(Cc4ccccc4F)c4ncc(F)cc34)nnc21,-10.4,ChEMBL,737
CCc1nn(Cc2ccccc2)c(=O)c2nc(C)n3nc(-c4ccccc4)cc3c12,-10.4,ChEMBL,738
Cc1nn(Cc2ccccc2)c(=O)c2nc(C)n3nc(-c4ccoc4)cc3c12,-10.4,ChEMBL,739
[C@@](O)(CNC(=O)N1CCc2cc(F)ccc2C1)c1ccccc1,-10.4,AIEMG,740
CCC(C)c1nc2c(=O)n(Cc3ccccc3)nc(C)c2c2cc(-c3ccccc3)nn12,-10.4,ChEMBL,741
[C@H]1CCC[C@H](Cc2cccc(CCCNC(=O)c3ccncc3)[nH+]2)C1,-10.4,AIEMG,742
[C@@][C@](C)(C#Cc1ccccc1)C(=O)N/N=C\c1c(C)cc3c(c1)OCO3,-10.4,AIEMG,743
Cc1ccc(-c2cc(C(=O)Nc3ccc(S(N)(=O)=O)cc3)c3ccccc3n2)s1,-10.4,ChEMBL,744
[C@@]c1n[nH]c2cc(NC(=O)NC[C@@H](O)c3cccnc3)cc(=O)n12,-10.4,AIEMG,745
[C@@](C#Cc1ccccc1Br)NCc1nc(C(C)(C)C)ccc1F,-10.4,AIEMG,746
[C@@]1(CCc2ccccc2)NC(=O)N(CC(=O)Nc2ccc(F)cc2)C1=O,-10.4,AIEMG,747
[C@H]Oc1ccc(-c2noc(CNc3ccc[nH]c3=O)n2)cc1OC[C@H]1CCCO1,-10.4,AIEMG,748
O=C1Nc2nc(-c3nn(Cc4ccccc4F)c4ncc(F)cc34)nnc2C12CCCC2,-10.4,ChEMBL,749
[C@H]1c2ccccc2C(=O)N1CCCNC(=O)c1ccc(F)cc1,-10.4,AIEMG,750
[C@](CNC(=O)Cn1c(CC(=O)[O-])cc2ccc(Br)cc2c1=O)c1ccc(Cl)cc1,-10.4,AIEMG,751
OCc1ccc(-c2nn(-c3ccccc3)c3ccccc23)o1,-10.4,ChEMBL,752
P=C(/C=C(\c1ccccc1)c1ccccc1)c1ccc(Cl)c(F)c1,-10.4,AIEMG,753
O=C(Cc1cccc(NC(=O)c2cccc(COc3ccccc3)n2)c1)NO,-10.4,ChEMBL,754
CCc1cc(C(C)=O)c(O)cc1OCc1cccc(C(=O)NC(CC(=O)O)C(=O)O)c1,-10.4,ChEMBL,755
[C@H]1CN(C(=O)[C@H]2CCCCN2Cc2ccc(Cl)cc2)CCC1(C)C,-10.4,AIEMG,756
CCCCC(C(=O)NO)c1csc(NC(=O)c2cccc(COc3ccccc3)n2)n1,-10.4,ChEMBL,757
[C@](O)(c1ccc(C(C)C)o1)C(=O)Nc1cnn(-c2ccc(Cl)cc2)c1,-10.4,AIEMG,758
Cn1nccc1-c1nc(-c2nn(Cc3ccccc3F)c3ncccc23)nc2c1C(C)(C)C(=O)N2,-10.4,ChEMBL,759
Cc1nc(NC(=O)c2cccc(COc3ccccc3)n2)sc1C(=O)O,-10.4,ChEMBL,760
[C@](O)(c1ccccc1)[C@@H]1CCC[N+](NC(=O)/C=C/c2ccco2)C1,-10.3,AIEMG,761
F[C@@H](Cc1ccccc1)C1CCN(S(=O)(=O)c2ccccc2)CC1,-10.3,AIEMG,762
[C@]1(CC(N)=O)NC(=O)N(CC(=O)Nc2ccc(C(C)C)cc2)C1,-10.3,AIEMG,763
[C@H]1CCCN(C(=O)[C@@H]2CC(=O)N(CCc3ccccc3)C2)C1,-10.3,AIEMG,764
[C@](C#Cc1nc(C2CC2)no1)c1nc(-c2ccccc2)no1,-10.3,AIEMG,765
FC(F)(F)/C(=O)COc1cccc(C(=O)NCc2ccccc2)c1,-10.3,AIEMG,766
[P@@]=C(\CCc1nc2ccccc2[nH]1)c1cccc(F)c1,-10.3,AIEMG,767
[C@@]c1c(C(=O)Nc2cc(OC(F)F)co2)cnn1-c1ccc(F)cc1,-10.3,AIEMG,768
[C@@](C)(c1nc(CSc2nncn2-n2cccn2)cs1)c1cc(Cl)ncn1,-10.3,AIEMG,769
[C@]1(SCc2c[nH]c3ccccc23)NC(=O)N(CC(=O)Nc2ccccc2C(F)(F)F)C1=O,-10.3,AIEMG,770
[C@H]1C(=NNN2CCN(c3ccc(Br)cc3Cl)CC2)N[C@@H]1C(C1CC1)C1CC1,-10.3,AIEMG,771
[C@H]1CCC(C(=O)Nc2c(C(C)c3ccccc3)n[nH]c2-c2ccccc2)C1,-10.3,AIEMG,772
[C@](O)(CC(=O)NCc1ccc(F)cc1)c1cccc(OC2CCCC2)c1,-10.3,AIEMG,773
[C@@][C@](O)(c1cccc(OCC(F)F)c1)C(=O)c1ccc(C(C)(C)C)cc1,-10.3,AIEMG,774
CNc1cccc(CNC(=O)c2ccc(C[NH+]3CSCC3)cc2)c1,-10.3,AIEMG,775
[C@@]1(C(=O)N2CCC[C@H]2C(N)=O)CCC[C@@H]1Nc1nc2ccccc2s1,-10.3,AIEMG,776
[N+]c1ccc(N2CCN(C(=O)Cc3ccccc3)CC2)cc1,-10.3,AIEMG,777
[C@H](CCN(C)C(=O)NCc1nc(C2CCCCC2)n[nH]1)c1ccc(Cl)cc1,-10.3,AIEMG,778
Cc1[nH]c(=O)nnc1N1CCN(C(=O)c2cc(Cl)ccc2Cl)CC1,-10.3,AIEMG,779
[NH+]/1(SCc2ccc(F)cc2)C[NH+](Cc2ccc(C(F)(F)F)cc2)C1=O,-10.3,AIEMG,780
S[C@H]1CCCN(C(=O)Cc2cccc(OCc3ccccc3)c2)C1,-10.3,AIEMG,781
[C@](C#Cc1cccc(C(=O)[O-])c1)c1ccccc1F,-10.3,AIEMG,782
[C@]Sc1cccc(C(=O)N[C@H]2C[C@@H]2Cc2ccc(Cl)cc2)c1,-10.3,AIEMG,783
[C@H](c1ccccc1Br)CN1C=C(c2ccccc2)N=N1,-10.3,AIEMG,784
[N+]1=CCCC[C@@H]1C(=O)NC[C@H](c1ccccc1)N1CCN(C(=O)c2ccc3c(c2)OCCO3)CC1,-10.3,AIEMG,785
[C@H]1C(=O)N(CCC[NH+](C)Cc2cnc(-c3ccccc3)o2)C(=O)c2ccccc21,-10.3,AIEMG,786
c1ccc(-c2ccccc2CN2CCN(c3cccc[nH+]3)CC2)cc1,-10.3,AIEMG,787
[C@][N+][C@]1(Cc2ccc(C(C)(C)C)nc2)NC(=O)N(CC(=O)N2CCN(c3ccccc3)C2=O)CC1,-10.3,AIEMG,788
[N+]1=C[C@H](c2cc(OCc3ccccc3)ncc2[O-])CC(=O)N1c1ccc2c(c1)OCO2,-10.3,AIEMG,789
Fc1ccc(-n2cc(Cl)cc(C(=O)/C=C/c3ccc(Cl)cc3)c2=O)cc1,-10.3,AIEMG,790
FN(C(=O)c1ccccc1F)c1nc([C@H]2CCCN(C(=O)c3ccccn3)C2)nc2cccc(F)c12,-10.3,AIEMG,791
FC(F)(F)CC1CCN(C(=O)c2cc3ccc(Cl)cc3s2)CC1,-10.3,AIEMG,792
[P@@]=C(Nc1ccc(-n2cccc2C(F)(F)F)cc1)c1ccccc1,-10.3,AIEMG,793
[C@@]1(COc2ccc(F)cc2)NC(=O)N(c2ccc(Cl)cc2Cl)C1,-10.3,AIEMG,794
Fc1ccc(Oc2ccc(CSc3nncc(Cl)c3F)o2)cc1,-10.3,AIEMG,795
[C@H]1CC[C@@H](C)[C@H](NCc2ccc(OCc3ccccc3)cc2)C1=O,-10.3,AIEMG,796
FC(F)C1CCN(C(=O)CNc2cccc(OCC(F)(F)Cl)c2)CC1,-10.3,AIEMG,797
[C@@][C@@H](Cc1ccccc1)NC(=O)c1ccc(Cl)cc1O,-10.3,AIEMG,798
Clc1cc(C[C@H](O)c2ccccc2)sc1-c1ccccc1,-10.3,AIEMG,799
CCOCc1nc2c(=O)n(Cc3ccccc3)nc(C)c2c2cc(-c3ccccc3)nn12,-10.3,ChEMBL,800
O=c1c2ccc(Cl)cc2ncn1Cc1ccc2c(c1)OCO2,-10.3,ChEMBL,801
O=C(Nc1nc(C2(C(=O)O)CC2)cs1)c1cccc(COc2ccccc2)n1,-10.3,ChEMBL,802
[C@@][C@@H](SCC(=O)N1CCN(c2ccccc2)CC1)C(=O)NC(=O)NCc1ccccc1,-10.3,AIEMG,803
COc1cc2c(NCc3ccc4c(c3)CCC4)ncnc2c(OC)c1OC,-10.3,ChEMBL,804
CCn1ncc2c3c(NCc4ccc(OC)c(Cl)c4)nnc(NCc4ccncc4)c3cnc21,-10.3,ChEMBL,805
CN1CCN(S(=O)(=O)c2ccc(Nc3nc(NCc4ccccc4)c4ncn(C)c4n3)cc2)CC1,-10.3,ChEMBL,806
CCCc1nc(C)c2c(=O)[nH]c(-c3cc(Cc4ccc(C(=O)NO)s4)ccc3OCC)nn12,-10.3,ChEMBL,807
[C@H]Oc1ccc(NC(=O)NC2CCCC2)cc1OCc1cnn(-c2ccc(F)cc2)c1-n1cccc1,-10.3,AIEMG,808
Cc1nn(Cc2ccccc2)c(=O)c2ncn3nc(-c4ccccc4)cc3c12,-10.3,ChEMBL,809
O=C(O)/C=C/c1ccc2c(=O)[nH]c3cc(C(F)(F)F)ccc3n12,-10.3,ChEMBL,810
COc1ccc(-c2ccc3nc(NCC4CCOCC4)c(=O)n(CC4CCCCC4)c3n2)cn1,-10.3,ChEMBL,811
CCCOc1ccc(-c2csc(C)n2)cc1-c1nc2c(c(C)nn2C)c(=O)[nH]1,-10.3,ChEMBL,812
[C@](O)(Cn1cc([N+](=O)[O-])ccc1=O)c1ccc(Oc2ncccc2OC(F)F)cc1,-10.3,AIEMG,813
Clc1cc(C(=O)Nc2cccnn2)ccc1NC[C@H](O)c1ccccc1,-10.3,AIEMG,814
CCOc1ccc(-c2ccc(C(=O)NO)cn2)cc1-c1nc2c(CC)nn(C)c2c(=O)[nH]1,-10.3,ChEMBL,815
[N+]1=CC[C@H](c2ccccc2F)CN1Cc1ccccc1,-10.3,AIEMG,816
O=c1c(NCC2CCOCC2)nc2ccc(-c3ccc(O)nc3)nc2n1CC1CCCCC1,-10.3,ChEMBL,817
[C@H]Oc1cccc(C(=O)Nc2cccc(C[NH+](Cc3ccc(F)cc3)C(C)C)c2)c1,-10.3,AIEMG,818
CN1C(=O)c2[nH]c(Cc3ccc(C(F)(F)F)cc3)nc2N2C1=N[C@@H]1CCC[C@@H]12,-10.3,ChEMBL,819
O=c1c(NCC2CCOCC2)nc2ccc(-c3cnc(O)nc3)nc2n1CC1CCCCC1,-10.3,ChEMBL,820
O=C(O)CCC(=O)NCc1ccc2c(c1)CC(=O)N2C(=O)c1ccccc1,-10.3,ChEMBL,821
COCc1ccc(-c2nn(Cc3ccccc3)c3cc(C)ccc23)o1,-10.3,ChEMBL,822
[C@@]1(Cc2cccc(C(F)(F)F)c2)NC(=O)N(Cc2ccc(COC(N)=O)cc2)C1=O,-10.3,AIEMG,823
CCOC(=O)C1C(=O)Nc2nc(-c3nn(Cc4ccccc4F)c4ncccc34)nnc21,-10.3,ChEMBL,824
[C@@](N)(c1ccc(C(=O)N2CCOCC2)cc1)[C@H]1Oc2ccccc2C[C@H]1O,-10.3,AIEMG,825
Clc1nc(-c2ccc(F)cc2)nc(-c2ccccc2F)n1,-10.3,AIEMG,826
FC(F)(F)c1ccc(C(=O)N[C@H]2CCCN(c3ccccc3F)C2=O)cc1,-10.3,AIEMG,827
[C@]1([C@@H](c2ccc3c(c2)OCO3)N[C@@H](CO)c2ccccc2)c2ccccc21,-10.3,AIEMG,828
[C@@]1(C(=O)Nc2ccccc2)[C@@H](C2CCCC2)[NH+]c2ncccc21,-10.3,AIEMG,829
[C@@](C#Cc1ccccc1)C(=O)Nc1cccnc1Oc1cccc(Cl)c1,-10.3,AIEMG,830
[C@H]1C(C#N)C(=O)N(CCN2CCN(c3ccccc3F)CC2)c2ccccc21,-10.3,AIEMG,831
[NH+]1CCN(Cc2c[nH+]c3ccccc3n2)C[C@@H]1Cc1ccccc1,-10.3,AIEMG,832
[C@H]1CCN(C(=O)NCc2ccc(-n3ccnc3)cc2)c2ccccc21,-10.3,AIEMG,833
[C@H]Oc1ccc(-c2ncco2)cc1NC(=O)c1ccnc(OCCc2cccnc2)c1,-10.3,AIEMG,834
[N+]=C(/C=C/c1ccc2c(c1)OCO2)Nc1ccc(Cl)c(Cl)c1,-10.3,AIEMG,835
ClCc1ccc(S(=O)(=O)N2CCN(Cc3ccc(C(=O)NC(=O)C4CC4)cc3)CC2)cc1,-10.3,AIEMG,836
[C@](C#N)(C(=O)Nc1cccc(C(=O)N2CCC[C@@H](C)C2)c1)c1ccccc1,-10.3,AIEMG,837
[C@]1(CC(=O)N2CCC[C@H]3CCCC[C@@H]32)CN(c2cnccn2)C1,-10.3,AIEMG,838
FC(F)(F)c1ccccc1SC1CCN(C(=O)c2ccccc2[N+](=O)[O-])CC1,-10.3,AIEMG,839
Fc1ccc(COc2ccccc2CN2CCN(Cc3ccco3)CC2)cc1,-10.3,AIEMG,840
[NH+]Nc1cccc(C(=O)NCc2cc(=O)n(C)c3c2CCC3)c1,-10.3,AIEMG,841
Fc1ccccc1CNC(=O)c1ccccc1-c1cccnc1,-10.3,AIEMG,842
Clc1ccccc1O[C@@H]1C=C[C@H](C(=O)N[C@H](C(=O)[O-])c2ccccc2F)C1,-10.3,AIEMG,843
F[N+]([O-])=C(CC[NH+]1CCn2cccc2C1)c1c([O-])c2ccccc2oc1=O,-10.3,AIEMG,844
[C@@]1(c2cccc(Cl)c2)NC(=O)N1CCCN1CCN(c2cccc[nH+]2)CC1,-10.3,AIEMG,845
Fc1ccc(-n2ncc3c(=O)n(-c4cccc(F)c4)ncc32)cc1,-10.3,AIEMG,846
COc1ccc(NC(=O)C(C)Nc2nc3c(cnn3-c3ccccc3Cl)c(=O)[nH]2)cc1,-10.3,ChEMBL,847
CC1(C)C(=O)Nc2nc(-c3nn(Cc4ccccc4F)c4cc(Cl)ccc34)nnc21,-10.3,ChEMBL,848
[C@@](C)(C#N)c1cccc(CC[NH+]2CCC[C@]2(C)C(=O)c2ccccc2)c1,-10.3,AIEMG,849
CCc1cc(C#N)cc2c(NCc3ccc(OC)c(Cl)c3)ccnc12,-10.3,ChEMBL,850
[C@@](C#Cc1ccc(OC(F)F)cc1)NC(=O)c1ccc(-c2ccco2)cc1,-10.3,AIEMG,851
[N+]=Cc1cccc(/C=C/C(=O)Nc2ccccc2OC(F)F)c1F,-10.3,AIEMG,852
Clc1cccc([C@H]2CCCN2CCNC(=O)c2ccccc2F)c1,-10.3,AIEMG,853
[C@@]Oc1ccccc1C(=O)NCCc1n[nH]c2ccccc12,-10.3,AIEMG,854
FC(F)(F)c1ccc(OCC(=O)N2CCC(COc3ccccc3)CC2)cc1,-10.3,AIEMG,855
FC(F)(F)Oc1cccc(-c2csc(NC3CCCCC3)n2)c1,-10.3,AIEMG,856
[C@H](C)NC(=O)c1cccc(C#Cc2c(F)cccc2OC(F)F)c1,-10.3,AIEMG,857
COc1cccc(C2=CC[C@@H](CNC(=O)c3ccc4c(c3)CCN4CCCOC)C2)c1,-10.3,AIEMG,858
[C@]1(c2ccccc2)NC(=O)/C1=NC1=[N+]([O-])[C@H](C(=O)Nc2ccccc2)CC1=O,-10.3,AIEMG,859
[C@@](C#Cc1ccc(Cl)cc1OCCN1CCCCC1=O)c1cccc(F)c1,-10.3,AIEMG,860
[C@]1(CNC(=O)c2ccccc2CN2CCCCC2)N(C2CC2)[C@H](O)c2ccccc21,-10.3,AIEMG,861
Fc1cc(/C=N/N=C2\Sc3ccccc3N2)ccc1OCc1ccccc1,-10.3,AIEMG,862
[C@@](CCC(=O)Nc1ccc(F)cc1Cl)c1cccc(-n2cccn2)c1,-10.3,AIEMG,863
[NH+]=C(/NCC(=O)NCc1ccccc1)N1CCN(c2ncccn2)CC1,-10.3,AIEMG,864
[C@H]Oc1ccc(CNC(=O)c2ccc(-c3ccc(Cl)cc3Cl)cc2)cc1OC,-10.3,AIEMG,865
[C@@]Oc1cccc(NC(=O)CCNC(=O)N2CCN(c3ccc(F)cc3)CC2)c1,-10.3,AIEMG,866
[C@@]Oc1cc(-c2ccncc2)nc(S[C@@H](C)C(=O)NCc2ccccc2)c1C,-10.3,AIEMG,867
O=C(Nc1nc(C2(C(=O)O)CCOCC2)cs1)c1cccc(COc2ccccc2)n1,-10.3,ChEMBL,868
CCc1cc(C(C)=O)c(O)cc1OCc1cccc(C(=O)N[C@H](C)C(=O)O)n1,-10.3,ChEMBL,869
[C@]1(c2ccccc2)NC(=O)N(CC(=O)NCc2cc(C#N)ccc2F)C1=O,-10.3,AIEMG,870
Cn1nc(-c2ccc(Cl)cc2)s/c1=N\c1cccc(C(=O)O)c1,-10.3,ChEMBL,871
c1ccc(CCNc2nc(-c3ccccc3)nc3ccccc23)cc1,-10.3,ChEMBL,872
C[C@H](NC(=O)c1cccnc1)c1ccc(Oc2ccc(Cl)cc2)cn1,-10.3,AIEMG,873
[N+]c1ccccc1-c1nnc(-c2ccccc2Br)[nH]1,-10.3,AIEMG,874
[C@H]Oc1ccc(-c2nc([C@@H](C)NC(=O)N[C@@H]3CCOC3)sc2C)cc1F,-10.3,AIEMG,875
[P@@]=C(/NCC(=O)N1CCc2ccccc21)c1ccc(F)cc1F,-10.3,AIEMG,876
[C@@]Oc1cccc(NC(=O)C2CN(C(=O)Cc3ccccc3)C2)c1,-10.3,AIEMG,877
c1ccc(CNc2nc(-c3ccncc3)nc3ccccc23)cc1,-10.3,ChEMBL,878
Fc1ccc([C@H]2C[NH2+][C@H](N(Cc3ccccc3)[NH2+]Cc3ccccc3)C2)cc1,-10.2,AIEMG,879
[C@]1(C(=O)/C=C/c2ccccc2Oc2ccccc2)=NC(=O)[C@H]1C,-10.2,AIEMG,880
COc1ccc(C(=O)Nc2ccccc2[N+](=O)[O-])cc1OC1CCCC1,-10.2,ChEMBL,881
N#Cc1cc(NC(=O)[C@@H]2CC(=O)N(C3CCCCC3)C2)cc(Cl)c1Cl,-10.2,AIEMG,882
Fc1cc(Oc2ccc(Cl)cc2)c2ccccc2c1NC1CCCCC1,-10.2,AIEMG,883
Cc1ccc2ncnc(NCc3ccc4c(c3)OCO4)c2c1,-10.2,ChEMBL,884
Cn1c(=O)[nH]c(=O)c2c1nc(S)n2CC(O)COc1ccc2ccccc2c1,-10.2,ChEMBL,885
COc1ccc2c(=O)c3c(-c4nccs4)[nH]c(Cc4ccc5c(c4)OCO5)c3oc2c1,-10.2,ChEMBL,886
[N+]1=NC(=O)C[C@@H](Cc2cccc(Br)c2)N1c1ccccc1,-10.2,AIEMG,887
[C@](O)(C[NH+](C)c1nc(-c2ccccc2F)nn1-c1ccccc1)c1ccc2c(c1)OCO2,-10.2,AIEMG,888
[N+]c1ccc(N2CCN(C(=O)CCn3cc(C(F)(F)F)cn3)CC2)cc1,-10.2,AIEMG,889
[C@]1(Cc2cccs2)NC(=O)N(CC(=O)N2CCC([C@@H](N)c3ccccc3)C2=O)CC1,-10.2,AIEMG,890
C[C@@H](Nc1nc2c(cnn2C2CCCC2)c(=O)[nH]1)C(=O)N1CCC(Cl)CC1,-10.2,ChEMBL,891
[C@H]Oc1ccccc1-c1nc2ccccc2n1CC(=O)NC[C@H](C)c1ccccc1,-10.2,AIEMG,892
NS(=O)(=O)c1cccc(Nc2nc(NCc3ccccc3)c3ccccc3n2)c1,-10.2,ChEMBL,893
CCn1c2c(c3ccccc31)CCn1c-2nc2ccccc2c1=O,-10.2,ChEMBL,894
[C@@](CC(=O)N[C@@H](C)c1ccc(F)cc1)c1cccc(F)c1F,-10.2,AIEMG,895
O=C(Cc1csc(NC(=O)CCCCCc2ccccc2)n1)NO,-10.2,ChEMBL,896
O=c1c2ccccc2nc2n1CCc1c-2[nH]c2ccccc12,-10.2,ChEMBL,897
Cc1nn(Cc2ccccc2)c(=O)c2nc(CCCC(=O)O)n3nc(-c4ccccc4)cc3c12,-10.2,ChEMBL,898
[C@H]Oc1ccccc1C(=O)N1CC[C@H]([NH2+]Cc2ccnc(C(=O)NC)n2)C1,-10.2,AIEMG,899
CCCc1nc(C)c2c(=O)[nH]c(-c3cc(-c4ccc(C(=O)NO)cc4)ccc3OCC)nn12,-10.2,ChEMBL,900
[C@H](C)c1ccc(CN2CCN(C(=O)[C@@H]3CC=CCC3)CC2)cc1,-10.2,AIEMG,901
[C@H]1C[C@@H](C(=O)NC2CCN(c3ccc(F)c(Cl)c3)C2)CC1,-10.2,AIEMG,902
[C@]1(C(=O)N/C=C/c2ccccc2)O[C@H]1Cc1ccc(O)cc1,-10.2,AIEMG,903
[N+]=C1C(=NC(=O)c2ccccc2)S/C1=C/c1cccc(F)c1,-10.2,AIEMG,904
[N+]1=C(C2CCN(S(=O)(=O)c3ccccc3Cl)CC2)N=C1N[C@@H]1C=CCC1,-10.2,AIEMG,905
[C@H]1c2ccc(Cl)c(Cl)c2CCN1C(=O)c1ccccc1OCc1ccccc1,-10.2,AIEMG,906
[N+](=O)c1ccccc1NC(=O)c1cc[nH+]c(N2CCCCC2)c1,-10.2,AIEMG,907
[C@]1(C(=O)Nc2ccc(NC(=O)CC=C3CCSCC3)cc2)CCCCC1,-10.2,AIEMG,908
[P@@]=C(Nc1ccc([N+](=O)[O-])cc1)Nc1ccc(C(F)(F)F)cc1,-10.2,AIEMG,909
[C@H]Oc1ccc(NC(=O)c2nn(-c3ccccc3)nc2C)c(C=O)c1OC,-10.2,AIEMG,910
[C@H](=C[C@H](O)c1ccn(C2CCCC2)n1)C(=O)Nc1cccc(OC)c1,-10.2,AIEMG,911
Fc1ccccc1OCc1ncc(-c2ccccc2F)o1,-10.2,AIEMG,912
[C@H]1CC[C@@H](Cn2cc(-c3c[nH]c4ccccc34)nn2)C1,-10.2,AIEMG,913
c1cncc([C@H](CNC(=O)N[C@@H]2CCC[C@H](S(C)(=O)=O)C2)n2cc[nH+]c2)c1,-10.2,AIEMG,914
[C@]1(c2cccc(Br)c2)NC(=O)N(CC(=O)Nc2ccc(C#N)cc2)C1=O,-10.2,AIEMG,915
[N+]n1cc(CN2CC[C@H](c3cccnc3)C2)c2c1CC[NH2+]C2,-10.2,AIEMG,916
[C@@]1(CNc2cccc(C(F)(F)F)c2)CCCN(c2cnccc2F)C1,-10.2,AIEMG,917
[C@]1(c2ccccc2)N[C@@H](C(=O)Nc2ccc([N+](=O)[O-])cc2)C1,-10.2,AIEMG,918
[C@](C#CNC(=O)Nc1cccc2cnccc21)n1cnnn1,-10.2,AIEMG,919
[N+]=Cc1ccc2c(c1)OC(=O)N2CC(=O)Nc1ccc(Cl)cc1,-10.2,AIEMG,920
[C@]1(CCC[NH2+]CCc2cccn2CC2CC2)c2ccccc2NC1Oc1cccnc1,-10.2,AIEMG,921
[C@H]OC(=O)C1CCN(C(=O)Nc2ccc(CS(N)(=O)=O)c(C(F)(F)F)c2)CC1,-10.2,AIEMG,922
[C@@](C#N)(C(=O)Nc1cc([N+](=O)[O-])c[nH]c1=O)c1ccc(Cl)cc1Cl,-10.2,AIEMG,923
O[C@H](Cn1cnc2ccc(F)cc21)c1cc(Br)cc2c1OCOC2,-10.2,AIEMG,924
Cl[C@H](CO/N=C1/NC(=O)c2ccccc21)c1ccco1,-10.2,AIEMG,925
[C@@][C@@H](Sc1nc2ccccc2c(=O)[nH]1)C(=O)NNC(=O)c1[nH]ccc1C,-10.2,AIEMG,926
[N+]c1cc(C[NH+]2CC=C(c3ccc(Cl)s3)CC2)ccc1[O-],-10.2,AIEMG,927
[C@@](C#Cc1nc(-c2cccnc2)no1)c1ccccc1O,-10.2,AIEMG,928
[C@@]Oc1ccc(NC(=O)NC[C@H](O)c2ccccc2Cl)cc1O[C@@H](C)C(=O)N(C)C,-10.2,AIEMG,929
[C@@][C@]1(C(=O)OCCCn2ccc3cc(F)ccc32)CCCC1=O,-10.2,AIEMG,930
FC(F)(F)Cc1csc(CN2CC(c3n[nH]c(=O)n3Cc3ccc(F)cc3)C2)n1,-10.2,AIEMG,931
[C@H]n1c(SCCC(=O)N[C@H]2CCCc3ccccc32)nnc1-c1ccc(F)c(F)c1,-10.2,AIEMG,932
Cl[C@@H](Cc1c[nH]c2ccccc12)c1nnc(C2CC2)s1,-10.2,AIEMG,933
Clc1cc(F)ccc1N1CCN(Cc2cc(Cl)ccc2Cl)CC1,-10.2,AIEMG,934
CCc1cc(C(C)=O)c(O)cc1OCc1cccc(C(=O)NC(CO)CC(=O)OC)n1,-10.2,ChEMBL,935
[C@@]1(NC(=O)c2ccccc2F)Nc2ccccc21,-10.2,AIEMG,936
[C@](O)(C[NH+](C)[C@@H](C)c1nc2ccccc2c(=O)[nH]1)c1ccccc1,-10.2,AIEMG,937
[C@]1(C(=O)c2ccc(C(C)(C)C)cc2)[NH+]=C(C#N)c2ccccc21,-10.2,AIEMG,938
CCCOc1ccc(NC(=O)C2CCN(C)CC2)cc1-c1nc(CC)c(CC)c(=O)[nH]1,-10.2,ChEMBL,939
[C@H](C(=O)Nc1ccc2oc(C3CCCCC3)nc2c1)[C@@H]1CSCCO1,-10.2,AIEMG,940
[C@H]1CN(C(=O)C(=O)NC[C@@H]2CCC(O)(CC(F)(F)F)C2)CCC1(C)C,-10.2,AIEMG,941
[C@@]1(Cc2ccc(CC(C)C)cc2)NC(=O)N(CC(=O)NCc2ccccc2)C1=O,-10.2,AIEMG,942
[N+]N/Cn1c(=O)oc2cc(-c3cc4c(cc3C#N)CCCC4)ncc2s1,-10.2,AIEMG,943
[C@]Oc1ccccc1CC(=O)N1CCN(C(=O)C2C[C@@H]2CN2C(=O)C[C@H]2C(=O)c2ccccc2Br)CC1,-10.2,AIEMG,944
[C@@]n1c(-c2cc(-c3ccc(C)cc3)ccc2Cl)nc2ccccc21,-10.2,AIEMG,945
[N+]c1cc(C[NH2+][C@H]2CCCc3c(Br)cccc32)cc(OC)c1O,-10.2,AIEMG,946
Clc1ccc(COc2cc(Cl)c3ccccc3n2)cc1,-10.2,AIEMG,947
[N+]c1ccc(C(=S)N2CCC(c3nc4ccccc4s3)CC2)cc1F,-10.2,AIEMG,948
[C@H](c1ccccc1F)[C@H]1CCCN1C(=O)CCc1cc[nH+]c(Cl)c1,-10.2,AIEMG,949
[C@](CC(=O)NCc1ccc2c(c1)CCC[NH2+]2)NCc1ccc(F)cc1,-10.2,AIEMG,950
CCOc1ccc(C2CCC(CC(=O)NO)CC2)cc1-c1nc2c(CC)nn(C)c2c(=O)[nH]1,-10.2,ChEMBL,951
CCCOc1ccc(NC(=O)CCCNC(C)=O)cc1-c1nc(CC)c(CC)c(=O)[nH]1,-10.2,ChEMBL,952
COc1cc2c(=O)n(CCc3ccc4c(c3)OCO4)cnc2c(OC)c1OC,-10.2,ChEMBL,953
[C@@]1(CNC(=O)Nc2cnc(Cc3ccccc3)o2)CCCCC1=C,-10.2,AIEMG,954
C[S+]([O-])c1ccc(-c2nc(-c3ccc(F)cc3)c(-c3ccncc3)[nH]2)cc1,-10.2,ChEMBL,955
CCCOc1ccc(-c2nc(C)cs2)cc1-c1nc2c(c(C)nn2C)c(=O)[nH]1,-10.2,ChEMBL,956
[C@@](CNC(=O)c1ccccc1)N1CCC(c2ccccc2)=[NH+]1,-10.2,AIEMG,957
FC(F)(F)c1ccccc1NCC1CCN(C(=O)COc2ccccc2)CC1,-10.2,AIEMG,958
O=C(/C=C/c1ccccc1)N1Cc2c(nc3ccccc3c2O)C1c1ccc2c(c1)OCO2,-10.2,ChEMBL,959
CCc1cc(C(C)=O)c(O)cc1OCc1cccc(C(=O)NCC(=O)NO)n1,-10.2,ChEMBL,960
[C@](O)(c1ccccc1Br)C1CCN(C(=O)c2ccccc2)CC1,-10.2,AIEMG,961
[C@](O)(c1ccc(F)cc1)C1(C(=O)NCc2nc3ccccc3o2)CC1,-10.2,AIEMG,962
[C@H]Oc1ccc(Br)cc1NC(=O)COc1cccc2ccccc12,-10.2,AIEMG,963
[C@]1(C(C)C)[C@@H](C(=O)Nc2cnn(C[C@@H](O)c3ccccc3)c2)C(=O)N(CCC(F)(F)F)[NH+]1C,-10.2,AIEMG,964
[C@](COC(=O)Cc1cccc2ccccc12)NCc1ccc(F)cc1,-10.2,AIEMG,965
c1ccc(C[C@H](CO)NC(=O)CSC2[NH+]=c3ccccc3=[NH+]C2)c(C)c1,-10.2,AIEMG,966
[C@]([NH3+])c1cc(CNC(=O)CCCc2c[nH]c3ccccc23)ccc1[N+](=O)[O-],-10.2,AIEMG,967
[C@](O)([C@@H]1CCC[NH+](Cc2cccc([N+](=O)[O-])c2)C1)c1ccccc1,-10.2,AIEMG,968
[N+]1=CN=C(NCc2ccc([N+](=O)[O-])cc2F)c2ccccc21,-10.2,AIEMG,969
[C@H]Oc1ccc([C@@H](CNC(=O)COc2ccc(F)c([N+](=O)[O-])c2)C(F)(F)F)cc1,-10.2,AIEMG,970
[N+]c1cccc2c1CN(Cc1cc(F)ccc1F)CC2,-10.2,AIEMG,971
Cl[C@@H](C(=O)NCc1n[nH]c2ccccc12)C1CCOCC1,-10.2,AIEMG,972
[P@@]C1CCCC[C@H]1c1ccc(F)c(OCc2ccc(F)cc2)c1,-10.2,AIEMG,973
[N+]c1cccc(-c2cnn(CS(=O)(=O)c3nnc(NCc4ccco4)o3)c2)c1,-10.2,AIEMG,974
FC(F)(F)c1ccc(Cl)c(-c2ccc(Nc3ncccn3)n2C(F)(F)F)c1,-10.2,AIEMG,975
[P@@]1CCN(C(=O)Nc2ccccc2)/C1=C/c1ccccc1,-10.2,AIEMG,976
FC(F)(F)CC[NH+](Cc1ccncc1)C(=O)c1cccc(C[C@@H]2CCCO2)c1,-10.2,AIEMG,977
[C@]Oc1c(C(=O)/C=C/c2ccc(F)cc2F)c(C)c(C#N)c(Cl)n1,-10.2,AIEMG,978
[C@](O)(CC(=O)NCc1nc2ccccc2[nH]c1=O)c1ccccc1,-10.2,AIEMG,979
[C@@][C@@H](Cc1ccc(Cl)cc1)C(=O)NC[C@@]1(O)COc2ccccc21,-10.2,AIEMG,980
[C@@]Oc1nc(NC(=O)CCc2ccccc2)cc2c1nc(N)n2C,-10.2,AIEMG,981
[C@@H](C[C@@H](O)COc1ccc(Br)cc1F)NNC(=O)c1cc(Cl)c2ccccc2n1,-10.2,AIEMG,982
O=C(O)CCC(C(=O)O)c1csc(NC(=O)c2cccc(COc3ccccc3)n2)n1,-10.2,ChEMBL,983
CCc1cc(C(C)=O)c(O)cc1OCc1cccc(C(=O)NC(C)C(=O)O)c1,-10.2,ChEMBL,984
[N+](=O)c1ccc([N+](=O)[O-])cc1CCNC(=O)[C@@H](c1ccccc1)C(F)F,-10.2,AIEMG,985
[NH+](CCN1CCN(c2ccccc2C(=O)Nc2ccccc2)CC1)N1CCN(c2ccccc2F)CC1,-10.2,AIEMG,986
[C@H](c1cccc([N+](=O)[O-])c1)N1CCN(C(=O)Cc2csc(Cc3ccccc3)n2)CC1,-10.2,AIEMG,987
[C@H]Oc1ccc(OCc2ccccc2NC(=O)[C@H](C)Oc2ccc(Br)c(C)c2)cc1,-10.2,AIEMG,988
[C@H](C)NC(=O)CNc1ccccc1C(=O)NNC(=O)c1ccc(F)cc1,-10.2,AIEMG,989
CCc1cc(C(C)=O)c(O)cc1OCc1cccc(C(=O)NC(Cc2ccc(O)cc2)C(=O)O)n1,-10.2,ChEMBL,990
Cc1ncc2c(-c3nnc4c(n3)NC(=O)C4(C)C)nn(Cc3ccccc3F)c2n1,-10.2,ChEMBL,991
CCOc1ccc(Cc2ccc(/C=C/C(=O)NO)cc2)cc1-c1nc2c(CC)nn(C)c2c(=O)[nH]1,-10.2,ChEMBL,992
O=C(Cc1csc(NC(=O)c2cccc(COc3ccccc3)n2)n1)NO,-10.2,ChEMBL,993
[C@H]1CCN(C(=O)Cn2nc(CC(=O)Nc3ccc(F)cc3)nn2)[C@@H]1C,-10.2,AIEMG,994
[C@H]1CCN(Cc2cccc(OCC(=O)NCCc3ccccc3)c2)C1,-10.2,AIEMG,995
Cn1nc(-c2ccc(Cl)cc2)s/c1=N\c1cccc(C(=O)O)c1O,-10.2,ChEMBL,996
[C@H](c1ccccc1)[C@@H]1CCCN1c1ccc(F)c(Cl)c1,-10.2,AIEMG,997
CCCOc1ccc(C(=O)CN2CCOCC2)cc1-c1nc(C(C)C)c(Br)c(=O)[nH]1,-10.2,ChEMBL,998
Fc1ccc(C2=NS(=O)(=O)c3cc(F)ccc3O2)cc1C(F)(F)F,-10.2,AIEMG,999
CCc1cc(C(C)=O)c(O)cc1OCc1cccc(C(=O)NCC(=O)O)c1,-10.2,ChEMBL,1000
OCc1ccoc1-c1nccc2c1[nH]c1ccccc12,-10.2,ChEMBL,1001
Cl[C@H](Cc1nc2ccccc2s1)c1cc(F)ccc1F,-10.2,AIEMG,1002
COc1ccc(CNc2nc(N3CCC4(CC4)C3)ncc2C(=O)N[C@H]2CC[C@H](O)CC2)cc1Cl,-10.2,ChEMBL,1003
COc1ccc2c3c([nH]c2c1)-c1nc2ccccc2c(=O)n1CC3,-10.2,ChEMBL,1004
CCCc1nn(C)c2c(=O)[nH]c(-c3cc(-c4ccc(C(=O)NO)cc4)ccc3OCC)nc12,-10.2,ChEMBL,1005
N#Cc1cccc2c1N[C@@H](c1ccccc1)[C@@H]2C(=O)NC1CCC(c2ccccc2)CC1,-10.2,AIEMG,1006
[C@@](CNC(=O)[C@H]1Cc2cc(O)ccc2O1)c1ccc(Br)cc1,-10.2,AIEMG,1007
COC(=O)CCc1nc2c(=O)n(Cc3ccccc3)nc(C)c2c2cc(-c3ccccc3)nn12,-10.2,ChEMBL,1008
COc1cccc2c(NCc3ccc4c(c3)OCO4)ncnc12,-10.2,ChEMBL,1009
FC(F)Oc1ccc(S(=O)(=O)NNc2nc3ccccc3s2)cc1,-10.2,AIEMG,1010
Cn1nc(-c2ccc(Cl)cc2)s/c1=N\c1cccc(O)c1,-10.2,ChEMBL,1011
[C@]1(CCc2ccccc2)NC(=O)C[C@@H]1c1ccc(C2CC2)cc1,-10.2,AIEMG,1012
CC1(C)C(=O)Nc2nc(-c3nn(Cc4ncccc4F)c4cc(Cl)ccc34)nnc21,-10.2,ChEMBL,1013
CCCOc1ccc(C(=O)CN2CCOCC2)cc1-c1nc2c(c(C)nn2C)c(=O)[nH]1,-10.2,ChEMBL,1014
c1ccc2c(NCc3ccc4c(c3)OCO4)ncnc2c1,-10.1,ChEMBL,1015
[C@@]1(C)C[C@H](OC(=O)OCC(=O)Nc2ccccc2C(F)(F)F)C1,-10.1,AIEMG,1016
COc1ccc(CNc2nc(OCc3ccccn3)ncc2C(=O)N[C@H]2CC[C@@H](O)CC2)cc1Cl,-10.1,ChEMBL,1017
CCCc1nn(C)c2c(=O)[nH]c(-c3cc([C@H]4CC[C@H](C(=O)NO)CC4)ccc3OCC)nc12,-10.1,ChEMBL,1018
c1nc(-c2cccc(F)c2)sc1C(=O)OCc1ccc([N+](=O)[O-])cc1,-10.1,AIEMG,1019
CCc1cc(C(C)=O)c(O)cc1OCc1cccc(C(=O)NC(CC(=O)O)C(=O)O)n1,-10.1,ChEMBL,1020
[N+]1(C(F)(F)C(F)F)CCCN(C(=O)Cc2ccc(F)cc2F)C1,-10.1,AIEMG,1021
[C@@]Oc1ccc(NS(=O)(=O)c2ccc(C(=O)c3ccccc3)cc2)cc1S(=O)(=O)NC(N)=O,-10.1,AIEMG,1022
c1n[nH]c2c1CC[NH+](Cc1cn3cc(-c4ccccc4OC)ccc3c1Cl)O2,-10.1,AIEMG,1023
[C@@]=C([NH+]1CCCC1)c1ccc(NC(=O)C(=O)N(C)Cc2ccccc2)cc1,-10.1,AIEMG,1024
[C@@]Oc1ccccc1C[C@@H](C)NS(=O)(=O)c1ccc(F)c(C(F)(F)F)c1,-10.1,AIEMG,1025
[C@@](CNS(=O)(=O)CCOc1ccccc1C(F)(F)F)c1ccccc1[N+](=O)[O-],-10.1,AIEMG,1026
[C@H](CNC(=O)CNc1ccc([N+](=O)[O-])c(Cl)c1)N1CCCc2ccccc21,-10.1,AIEMG,1027
COc1ccc(-c2ccc3nc(NCCN4CCOCC4)c(=O)n(CC4CCCCC4)c3n2)cn1,-10.1,ChEMBL,1028
[C@]1(C(=O)Nc2ncc(OC(F)F)cn2)[C@@H]2CCCC[C@@H]21,-10.1,AIEMG,1029
Cc1cc(C)cc(C(=O)Nc2nc(CC(=O)NO)cs2)c1,-10.1,ChEMBL,1030
[P@@]CS(=O)(=O)c1ccc(O[C@H]2CCN(c3ccccc3)C2=O)cc1,-10.1,AIEMG,1031
[N+]=C1CCCC[C@@H]1OC(=O)c1cnn(-c2ccccc2)c1,-10.1,AIEMG,1032
[NH+]/C=C/[C@H]1CCCN(C(=O)NCc2cc(F)ccc2F)C1,-10.1,AIEMG,1033
Clc1ccc2nc(-n3ccnc3)nc(NCc3ccccc3)c2c1,-10.1,ChEMBL,1034
CCN1C(=O)[C@@H]2Cc3c([nH]c4ccccc34)[C@@H](c3ccccc3Br)N2C1=O,-10.1,ChEMBL,1035
[C@H](C)[C@@H](C)[C@@H](CNC(=O)c1cccc(OC(F)F)c1)c1ccccc1,-10.1,AIEMG,1036
CCn1c2c(c3ccc(OC)cc31)CCn1c-2nc2ccccc2c1=O,-10.1,ChEMBL,1037
O=c1c(NCC2CCOCC2)nc2ccc(-c3ccc(F)cc3)nc2n1Cc1cccnc1,-10.1,ChEMBL,1038
COc1ccc(CNc2ccnc3ccc(C#N)cc23)cc1Cl,-10.1,ChEMBL,1039
FC(F)(F)COc1ccccc1CNC(=O)c1ccc(F)cc1,-10.1,AIEMG,1040
CCCc1nn(C)c2c(=O)[nH]c(-c3cc(C4CCC(C(=O)NO)CC4)ccc3OCC)nc12,-10.1,ChEMBL,1041
COc1ccc(COc2nc(N3CC4CC4C3)ncc2C(=O)N[C@H]2CC[C@H](O)CC2)cc1Cl,-10.1,ChEMBL,1042
[N+]=Cc1cccc(Oc2cc(OCc3ccccc3)n[nH]2)c1,-10.1,AIEMG,1043
[C@](O)(c1ccc(F)cc1)[C@@H]1Oc2ccccc2O[C@@H]1[NH3+],-10.1,AIEMG,1044
O=c1c(NCC2CCOCC2)nc2ccc(-c3ccncc3)nc2n1CC1CCCCC1,-10.1,ChEMBL,1045
CCCOc1ccc(S(=O)(=O)N2CCN(C)CC2)cc1-c1nc(-c2ccccc2)cc(=O)[nH]1,-10.1,ChEMBL,1046
COc1cc(OC)c2c3c([nH]c2c1)-c1nc2ccccc2c(=O)n1CC3,-10.1,ChEMBL,1047
[C@@]1(Cc2cnc(-c3cccnc3)nc2CN2CCO[C@H]3CCC[C@@H]32)Cc2ccccc21,-10.1,AIEMG,1048
[C@](C#Cc1c(F)cccc1N1CCN(c2cccnc2)CC1)c1nccn1C(F)F,-10.1,AIEMG,1049
Cc1nc2c(=O)n(Cc3ccccc3)nc(CN(C)C)c2c2cc(-c3ccccc3)nn12,-10.1,ChEMBL,1050
CCCOc1ccc(-c2ccc(C)s2)cc1-c1nc2c(c(C)nn2C)c(=O)[nH]1,-10.1,ChEMBL,1051
[P@@](=C\c1ccc(OCc2cccc(Br)c2)o1)c1cccc(Cl)c1,-10.1,AIEMG,1052
[C@](C#N)(Oc1cccc(C(N)=O)c1)NC[C@@H]1CN(Cc2ccccc2)C1,-10.1,AIEMG,1053
[C@H](c1cccc([N+](=O)[O-])c1)N(C)Cc1ccc(Cn2ccnc2)cc1,-10.1,AIEMG,1054
[C@@][C@@H]1Cc2cc(C(=O)Nc3cc[nH+]cc3)ccc2N1CN1CCOCC1,-10.1,AIEMG,1055
[P@@]C1CCC(NS(=O)(=O)c2cccc(Oc3ccc(F)cc3)c2)CC1,-10.1,AIEMG,1056
[C@@](C#Cc1cc(Cl)ccc1OCO)c1ccc(-c2c[nH]c3ccccc3c2=O)cc1,-10.1,AIEMG,1057
[P@@]=C(NC(=O)c1cc(Cl)ccc1Cl)Nc1cccc(F)c1,-10.1,AIEMG,1058
[N+]1=CCCC[C@@H]1C(=O)Nc1ccc(CC[NH+]2CCCCC2)cc1,-10.1,AIEMG,1059
[C@H](C)c1c(C(=O)N2CCC[C@H](C(=O)NCCc3ccccc3)C2)cccc1NC(=O)c1ccc(F)cc1,-10.1,AIEMG,1060
CCOc1ccc(C2CC(C(=O)NO)C2)cc1-c1nc2c(CC)nn(C)c2c(=O)[nH]1,-10.1,ChEMBL,1061
O=[N+]([O-])c1ccc2c(Cl)nnc(NCc3ccc4c(c3)OCO4)c2c1,-10.1,ChEMBL,1062
CCc1cc(C(C)=O)c(O)cc1OCc1cccc(C(=O)NC(C)C(=O)OC)c1,-10.1,ChEMBL,1063
FC(F)(F)c1cccc(O[C@@H]2CCCC[C@@H]2C[NH2+]Cc2ccco2)c1,-10.1,AIEMG,1064
O=C(Cc1csc(NC(=O)c2ccc(Cl)cc2Cl)n1)NO,-10.1,ChEMBL,1065
c1ccc(CNc2nc(-n3ccnc3)nc3ccccc23)cc1,-10.1,ChEMBL,1066
[C@@](O)(C[NH2+]Cc1ccccc1Oc1ccccc1F)c1cnn(C)c1,-10.1,AIEMG,1067
[N+]n1ccc(NC(=O)c2ccn(-c3ccccc3)n2)n1,-10.1,AIEMG,1068
[C@@]1(CC[NH+]2CCCc3cc(OCc4ccc(F)cc4)ccc32)CSC1(C)C,-10.1,AIEMG,1069
COc1ccc2c(c1)OC(=O)CC2CC(=O)Nc1nc(CC(=O)NO)cs1,-10.1,ChEMBL,1070
[C@][C@@](C)(C(=O)N1CC[C@@H](Nc2ccccc2)C1)c1ccccc1,-10.1,AIEMG,1071
CCCOc1ccc(-c2nc(C)cs2)cc1-c1nc2c(c(C)nn2CC)c(=O)[nH]1,-10.1,ChEMBL,1072
CCc1cc(C(C)=O)c(O)cc1OCc1cccc(C(=O)NCCC(=O)O)n1,-10.1,ChEMBL,1073
OCc1ccc(-c2nccc3c2[nH]c2ccccc23)o1,-10.1,ChEMBL,1074
COc1cc2ncnc(NCc3ccc4c(c3)OCO4)c2cc1OC,-10.1,ChEMBL,1075
CCOc1ccc(CCC(=O)NO)cc1-c1nc2c(CC)nn(C)c2c(=O)[nH]1,-10.1,ChEMBL,1076
CCOC(=O)c1ccc(COc2ccc(Cl)c3c2C2(CCCCC2)NC(=O)N3)o1,-10.1,ChEMBL,1077
[N+]c1nnc(NCC(=O)N2CCC(c3nc(-c4ccccc4)n[nH]3)CC2)[nH]1,-10.1,AIEMG,1078
[C@]Oc1ccccc1NC1CCC([NH2+]Cc2ccccc2[N+](=O)[O-])CC1,-10.1,AIEMG,1079
[C@]O[C@@H](COC(=O)NCc1cccc(O)c1)c1nc(C2CCCCC2)no1,-10.1,AIEMG,1080
[C@](CC(=O)N1CC[C@](Cc2ccccc2)NC1=O)c1ccc(F)cc1,-10.1,AIEMG,1081
[C@]1(c2ccc(Cn3c(C#N)cc4cc(Cl)ccc43)s2)Nc2ccccc21,-10.1,AIEMG,1082
[C@@][C@@H]([NH2+][C@@H]1CC(C)(C)Oc2ccccc21)c1ccccc1F,-10.1,AIEMG,1083
[P@@]N[C@@]([C@]NC(=O)c1ccc(S(=O)(=O)N2CCCC2)cc1)c1ccccc1,-10.1,AIEMG,1084
Fc1cccc(COc2ccc3nn(-c4ccc(OCC(F)(F)F)cc4)n3c2)n1,-10.1,AIEMG,1085
[P@@]1/c2ccccc2C(=O)N1CCC[NH+]1CCC(Cc2ccccc2F)CC1,-10.1,AIEMG,1086
[C@H](CN1CCC[C@@H](C(=O)N2CCC[C@H](C(N)=O)C2)C1)c1ccccc1,-10.1,AIEMG,1087
[C@]1(CNC(=O)Nc2ccc(Br)cc2)SC(SCC(=O)Nc2ccc(Cl)cc2)[C@H]1C,-10.1,AIEMG,1088
[C@@]Oc1ccc(/C=C2\C(=O)N(c3ccccc3)C3=C2C(=O)C[C@@H](c2cccs2)N3)cc1Br,-10.1,AIEMG,1089
[N+]1=C[C@@H](C2=CCCCC2)[C@@H](c2ccc3c(c2)CCN3C(=O)COC(=O)CCC[NH+]2CCCC2)C1,-10.1,AIEMG,1090
[C@@](C#CNC(=O)CSc1nccn1-c1ccccc1)C1([NH+]2CCCCC2)C[NH2+]C1,-10.1,AIEMG,1091
[NH+](N/C([O-])=N/c1nnnn1-c1ccccc1)c1cc(F)cc(Br)c1,-10.1,AIEMG,1092
[C@@](C#Cc1ccc([N+](=O)[O-])cc1)c1ccccc1C(=O)N[C@H]1CCC[C@H]1CO,-10.1,AIEMG,1093
[C@H](CNC1CC[NH+](Cc2cc(F)ccc2F)CC1)c1ccccc1,-10.1,AIEMG,1094
FC(F)(F)/C(Cl)=N/C=N/C=C/Cc1ncc(-c2ccc(F)c(Cl)c2)o1,-10.1,AIEMG,1095
[C@@]1(COc2ccccc2)NC(=O)N(C(C)Cc2ccccc2)C1=O,-10.1,AIEMG,1096
FC(F)(F)c1ccc2oc(C(=O)N3CCC[C@@H](C(=O)NC4CC4)C3)cc2c1,-10.1,AIEMG,1097
c1ccc(-c2nc3cc(C(F)(F)F)cc(C(F)(F)F)c3[nH]2)cc1,-10.1,AIEMG,1098
[C@@][C@@H](NC(=O)c1cccc2cccnc12)c1ccccn1,-10.1,AIEMG,1099
[P@@]=C(N[C@@H]1CCCc2ccccc21)c1ccc2c(c1)CCO2,-10.1,AIEMG,1100
FC(F)(F)CS(=O)(=O)c1ccc(-c2nc(-c3cccnc3)no2)cc1,-10.1,AIEMG,1101
[N+]c1ccc(Oc2cc(C(=O)NC3CC3)cn2-c2ccccc2)cc1,-10.1,AIEMG,1102
[N+]c1ccc(OCc2cccc(C(=O)N3CCOCC3)c2)cc1O,-10.1,AIEMG,1103
Clc1ccccc1C[N+]1(CC[NH+]c2cccc3ccccc23)CCC1,-10.1,AIEMG,1104
[C@](O)(CCCc1ccc(Cl)cc1)C(=O)N1CCN(c2cccc[nH+]2)CC1,-10.1,AIEMG,1105
[C@@](CNS(=O)(=O)c1cccc(Br)c1)c1ccc(-n2cccc2)nc1,-10.1,AIEMG,1106
Fc1cn[nH]c1C(=O)N/N=C\C1=CCC[C@H](c2nc(C3CC3)no2)C1,-10.1,AIEMG,1107
FC(F)(F)c1cccc(-c2cc(Br)ccc2OCc2ccco2)c1,-10.1,AIEMG,1108
[C@H]Oc1ccc(NC(=O)c2cnc(C(=O)Nc3cc4c(cc3F)SCCC4)cc2)cc1OC,-10.1,AIEMG,1109
[C@@]1(C(=O)Nc2ccccc2)[C@@H](c2cccc(F)c2)N[C@H]1[NH3+],-10.1,AIEMG,1110
[N+]=Cc1cc(Nc2ccc(F)cc2)sc1-c1cccc(Cl)c1,-10.1,AIEMG,1111
Clc1ccc2c(c1)CCC[C@@H]2[NH2+]Cc1cc(F)cc(Br)c1,-10.1,AIEMG,1112
[C@@](O)(c1ccccc1)NC(=O)CCNC(=O)c1cccc(C#N)c1,-10.1,AIEMG,1113
Cl/C=C(\CCc1c(F)cc(F)cc1Cl)c1ccc(Cl)cc1,-10.1,AIEMG,1114
Fc1ccc(F)c([C@H]2CCC[NH+](Cc3ccccc3)C2)c1,-10.1,AIEMG,1115
n1cc(/C=C/C(=O)N2CCO[C@@H](C)C2)n2c1c(=O)n(C)c1ccccc12,-10.1,AIEMG,1116
[C@]1(C(=O)NCc2ccc3c(c2)OCO3)CN(c2ccccc2Cl)C(=O)NC1=O,-10.1,AIEMG,1117
[C@@](C#C[C@@H](O)CNC(=O)[C@@H]1CC(=O)Nc2ccccc21)c1ccccc1,-10.1,AIEMG,1118
[C@]1(C(C)C)C[C@H]1C(=O)N1CCN(c2ncnc3c2cnn3-c2ccccc2)CC1,-10.1,AIEMG,1119
c1ccc(NC[C@@H]2CCN(S(=O)(=O)c3cccc4ccccc34)C2)nc1,-10.1,AIEMG,1120
[C@](Cc1ccc(F)cc1)NC(=O)Nc1ccc2[nH]ncc2c1,-10.1,AIEMG,1121
[C@](C#C[C@@H](C[NH3+])N1CCN(C(=O)C2CCCCC2)CC1)[C@H]1CCOC2(CCCC2)C1,-10.1,AIEMG,1122
[P@@]O[C@H]1CCc2cc(-c3ccc4c(c3)OCO4)ccc21,-10.1,AIEMG,1123
[C@@]1(Cc2ccc(C(N)=O)cc2)n2nc(N/N=C/c3ccccn3)nc21,-10.1,AIEMG,1124
[C@@](C#N)(CNC(=O)C(=O)Nc1cccc(OC(C)(C)C)c1)c1ccc2c(c1)OCO2,-10.1,AIEMG,1125
Cc1csc(Nc2ccc(Cl)c(C(=O)NC3CCCCC3)c2)n1,-10.1,AIEMG,1126
[N+]([O-])C[C@H](c1ccco1)N(Cc1c[nH]c2ccccc12)C(=O)Cn1nnc(-c2ccccc2)n1,-10.1,AIEMG,1127
[C@@][C@]1([C@H](O)c2ccccc2)[C@@H](C)[C@@H](c2ccncc2)Cc2ccccc21,-10.1,AIEMG,1128
[N+]c1cc(OCc2ccccc2)nc(-c2cccnc2)n1,-10.1,AIEMG,1129
[P@@]C1CC[NH+](Cc2ccc(OCc3ccc4nc[nH]c4c3)nc2)CC1,-10.1,AIEMG,1130
[C@H]Oc1ccc(Cl)c(NC(=O)c2ccnc(N3CCCC3)c2)c1,-10.1,AIEMG,1131
[N+]=Cc1ccccc1Cn1ccnc1C(=O)c1ccccc1,-10.1,AIEMG,1132
FC(F)(F)c1cc(C[NH+]2CCc3ccccc3C2)ccc1N1CCCC1,-10.1,AIEMG,1133
[N+]([O-])c1ccccc1NS(=O)(=O)c1ccc2c(c1)CCC(=O)N2,-10.1,AIEMG,1134
[NH+]/1(C(=O)Cn2ncc(C(F)(F)F)n2)c2ccccc2C(=O)c2ccccc21,-10.1,AIEMG,1135
[N+]=Cc1nc(CN2CCN(C(=O)c3ccco3)CC2)c2ccccc2[nH+]1,-10.1,AIEMG,1136
[C@](CNC(=O)c1cccc2ccccc12)NC1CN(C(=O)c2csnn2)C1,-10.1,AIEMG,1137
[C@H]1C=C(C(=O)Oc2cccc(CC[NH+]3CCCC3)c2)CCC1,-10.1,AIEMG,1138
[N+]([O-])c1ccc(NC[C@H]2CCCN(c3cccc(Cl)c3)C2)cc1,-10.1,AIEMG,1139
[C@H](C(=O)Nc1c(F)c(F)cc(F)c1F)[C@H]1C[C@@H](C)N(c2ccccc2)C1,-10.1,AIEMG,1140
Fc1ccc(C[C@@H](C[NH2+][C@H]2CCC[C@H](C3CC3)n2C)c2ccccc2F)cc1,-10.1,AIEMG,1141
Fc1ccc(-c2cccnc2)cc1OCC(=O)N1CCN(Cc2ccco2)CC1,-10.1,AIEMG,1142
[C@H]1C=NN([C@H](CC(C)(C)c2ccc3c(c2)OCCO3)C2CC2)c2ccccc21,-10.1,AIEMG,1143
[C@H](Cc1ccc(Cl)cc1)C(=O)c1c(N)n(C)c2ccccc12,-10.1,AIEMG,1144
[C@H]1C(=O)c2ccccc2N[C@@H]1c1ccc(F)cc1Cl,-10.1,AIEMG,1145
[C@H](C)CCN1CC[C@@](Cc2cc(C#N)ccc2F)c2ccccc21,-10.1,AIEMG,1146
Clc1[nH]cc(S(=O)(=O)Oc2ccc(F)cc2)c1NCc1ccccc1,-10.1,AIEMG,1147
[C@H]Oc1cccc(CNC(=O)[C@H]2CCCN(Cc3ccccc3)C2)c1OC(F)F,-10.1,AIEMG,1148
Nc1ccc(C2=Nn3c4c(cc3C2)CN4Cc2cccc(Cl)c2)cc1,-10.1,AIEMG,1149
[C@H]1C(C)=NC2=C(C(=O)C[C@@H](c3cc(Br)ccc3)N2)c1,-10.1,AIEMG,1150
c1ccc(-c2cnc(C[NH2+]CC3CC[NH+](C4CCCC4)CC3)nn2)cc1,-10.0,AIEMG,1151
COc1ccccc1CNC(=O)Nc1cccc(C(C)=O)c1,-10.0,AIEMG,1152
[C@]Oc1cccc(NC(=O)C(=O)NCc2ccc3nc[nH]c3c2)c1,-10.0,AIEMG,1153
[C@](O)(c1ccco1)NC(=O)c1cc(C(F)(F)F)ccc1F,-10.0,AIEMG,1154
[C@]1(C(=O)N2CCN(c3ccc([N+](=O)[O-])cn3)CC2)CC(=O)N(c2ccccc2)C1=O,-10.0,AIEMG,1155
[N+]/C=C/c1cc(Cl)ccc1OCC(=O)N/N=C/c1ccccc1O,-10.0,AIEMG,1156
Fc1cccc(CNCCSc2nc([O-])c3ccccc3n2)c1,-10.0,AIEMG,1157
FC(F)(F)c1ccc(NCc2cc(C(F)(F)F)ccc2Cl)cn1,-10.0,AIEMG,1158
P=C(/C=C(\C)c1ccc(Cl)cc1F)Cc1ccccc1,-10.0,AIEMG,1159
[C@@](C#CNC(=O)c1cc(Cl)cc(Cl)c1)C1CC[NH+](CCc2ccccc2)CC1,-10.0,AIEMG,1160
FC(F)(F)c1ccc(-c2n[nH]c(=O)c3cc(NCc4ccccc4)nn23)cc1,-10.0,AIEMG,1161
[C@@H]S/C(=N\NC(=O)Cc1c[nH]c2ccccc12)[C@H](C)C/C=C/c1cccc(Br)c1,-10.0,AIEMG,1162
FC(F)(F)c1ccc(Nc2ncnc3nonc23)cc1F,-10.0,AIEMG,1163
[N+]/C=C/c1cccc(OO[C@@H](CO)c2ccccc2)c1,-10.0,AIEMG,1164
[N+]1=CCCC[C@@H]1c1cc(C[NH+](Cc2cccnc2)CCCc2ccccc2)co1,-10.0,AIEMG,1165
Cc1nc2c([C@H](C)c3ccc(C(C)(C)C)cc3)nn(CCF)c2c(=O)[nH]1,-10.0,ChEMBL,1166
[C@@][C@]1(c2ccccc2)NC(=O)N(Cc2ccc(Cl)cc2F)C1=O,-10.0,AIEMG,1167
[C@](CC(=O)Nc1cncc(-c2ccccc2)n1)C(F)(F)F,-10.0,AIEMG,1168
[C@@]1(c2cccc(Cl)c2)NC(=O)N(Cc2ccccc2)C1,-10.0,AIEMG,1169
[C@@]1(NC(=O)CSCc2ccccc2)c2ccccc2C1=O,-10.0,AIEMG,1170
[N+]=C1/C(=N/N=C\C=C\c2ccccc2)n2ncnc2N1,-10.0,AIEMG,1171
[C@@](=C(/N)N1CCC[C@@H]1c1nc2c([nH]1)CCCC2)c1ccccc1,-10.0,AIEMG,1172
[C@@](CNCCN1C(=O)c2ccccc2C1=O)Nc1ccc2nn(C)c([O-])c2c1,-10.0,AIEMG,1173
[C@@]C=CC[C@@H]1CCCN([NH2+]CCc2cc(C)cc(C)c2)C1,-10.0,AIEMG,1174
[C@]1(SCCn2ccccc2=O)CS(=O)(=O)c2ccccc21,-10.0,AIEMG,1175
[N+]([O-])c1ccc([C@H]([NH3+])CN2CCc3ccccc3C2)cc1F,-10.0,AIEMG,1176
Cl[C@@H](C(=O)N1CCc2ccccc21)C1CC[NH+](C=C2CC2)CC1,-10.0,AIEMG,1177
[C@H](CCN[C@@H]1CC(=O)N(CC(F)(F)F)C1)c1ccc2c(c1)COC2,-10.0,AIEMG,1178
[C@H]1C(=O)N(CCCCCn2ccc([N+](=O)[O-])n2)C(=O)N1c1ccccc1,-10.0,AIEMG,1179
[P@@]=C(\CCc1cnn(Cc2ccccc2)n1)c1ccccc1,-10.0,AIEMG,1180
[C@@]1(CCOCc2n[nH]c3c2CCC3)CN(C[C@@H](C)C#Cc2ccccc2)C1=O,-10.0,AIEMG,1181
Fc1ccccc1/C=N/N1CC[NH+](Cc2ccccc2)CC1,-10.0,AIEMG,1182
[C@H](C)C[C@H]1CCC[NH+]1Cc1c[nH]nc1-c1cccc(F)c1,-10.0,AIEMG,1183
[C@]1(C2CCN(C(=O)c3ccco3)CC2)NN(c2ccccc2)C1=O,-10.0,AIEMG,1184
[C@]1(NC(=O)Cc2ccccc2F)Nc2ccccc21,-10.0,AIEMG,1185
[N+]n1c(=O)oc2cc(NC(=O)c3cc([N+](=O)[O-])ccc3Cl)ccc12,-10.0,AIEMG,1186
[C@H]Oc1ccccc1CC(=O)N1CCC(C(=O)NN[C@@H]2CC[NH+](C)C2)CC1,-10.0,AIEMG,1187
[C@@](O)(c1ccccc1)c1nccn1CCC(=O)Nc1ccccc1F,-10.0,AIEMG,1188
FC(F)(F)c1ccc(CCNC(=O)N[C@H]2CCC[C@@H](n3cc[nH+]c3)C2)cc1,-10.0,AIEMG,1189
FC(F)(F)C[NH2+]C1CCC(Cc2nnnn2-c2ccccc2)CC1,-10.0,AIEMG,1190
[C@](O)(CNC(=O)NCC1CCN(C(=O)c2ccccc2Br)CC1)c1ccccc1,-10.0,AIEMG,1191
[C@](O)(c1ccc(F)cc1)c1ccc(NCC(=O)N[C@@H]2CCOC2)cc1F,-10.0,AIEMG,1192
[C@]=CCC(=O)N(C)Cc1nnc(Nc2ccc(C)c(C)c2)s1,-10.0,AIEMG,1193
[C@@]1(CCc2ccccc2)NC(=O)N(C[C@@H]2CCCN2S(=O)(=O)OCc2ccc(Cl)cc2)C1,-10.0,AIEMG,1194
[C@H](C(N)=O)c1cc(C(=O)N2CCO[C@@H]3CCCC[C@H]32)ncc1C(C)C,-10.0,AIEMG,1195
[C@@][C@@H]1CN(CC2CCN(c3ccc(NC(=O)[C@@H]4CCCO4)o3)CC2)N=N1,-10.0,AIEMG,1196
[C@@]1(CNC(=O)Nc2cccnc2Cl)Cc2ccccc21,-10.0,AIEMG,1197
[C@@](Cl)C(=O)Nc1ccc2c(c1NC(=O)CCc1c[nH]c3ccccc13)[nH]c1ccccc12,-10.0,AIEMG,1198
FC(F)C(F)(F)c1ccccc1CNc1cccc(C(F)(F)F)c1,-10.0,AIEMG,1199
[C@](C#Cc1ccc(C(=O)[O-])cc1)[C@@H]1CN(Cc2ccccc2)[C@H](C)O1,-10.0,AIEMG,1200
[C@H]1C(=O)N=C(N2CCC[NH+](CC[NH2+]CCc3ccccc3)C2=O)CC1,-10.0,AIEMG,1201
[N+]([O-])c1nc2ccccc2cc1N[C@H]1CCOc2ccc(S(=O)(=O)OCC(F)(F)F)cc21,-10.0,AIEMG,1202
Fc1ccc(-c2csc(-c3ccccc3Br)n2)cc1,-10.0,AIEMG,1203
[C@]1(C(=O)NCCCNc2ccc(F)cc2F)N=C(c2ccccc2)OC1(C)C,-10.0,AIEMG,1204
[C@]1(c2ccco2)NCCN(Cc2nc(-c3ccc(F)cc3)sc2-c2ccccc2)C1,-10.0,AIEMG,1205
[C@@](C#Cc1ccc(C(=O)NN)nn1)c1ccc(N2CCCCC2)cc1,-10.0,AIEMG,1206
[C@@](CC(=O)NC[C@@H](c1ccccc1)C(C)(C)c1ccco1)c1ccc(F)nc1,-10.0,AIEMG,1207
[N+]=C/C=C/c1ccc(S(=O)(=O)[N-]c2ccc(Cl)cc2)cc1CN1C(=O)CCCS1,-10.0,AIEMG,1208
[N+]=Cc1ccccc1OCc1nc2ccc(Br)cc2s1,-10.0,AIEMG,1209
[N+]([O-])c1cc(C[NH+]2CC[C@H](Oc3cccc(C(F)(F)F)c3)C3=CCC[C@@H]32)c[nH]1,-10.0,AIEMG,1210
[C@H]Oc1cc(C)c(NC(=O)CSc2nnnn2Cc2ccccc2)cc1C(=O)[O-],-10.0,AIEMG,1211
FC(F)(F)c1cc(/C=N/n2cnnc2)ccc1OC(=O)c1ccccc1F,-10.0,AIEMG,1212
Fc1ccc(-c2cccc(-n3ccnc3OCCN3CCOCC3)c2)cc1,-10.0,AIEMG,1213
[N+]1=N/N=C(c2ccc(Br)o2)S/C1=N\N=C/c1nc2ccccc2c(=O)n1CCC[NH+](CCC#N)C1CC1,-10.0,AIEMG,1214
[N+]=Cc1cn(-c2ccccc2)nc1-c1cc([O-])nc(N(C)C)n1,-10.0,AIEMG,1215
Fc1cc(N2CCN(C/C(Cl)=C\C(=O)c3ccc(F)cc3)CC2)ccc1Cl,-10.0,AIEMG,1216
[C@@]1(c2ccccc2)NC(=O)N(Cc2ccc(F)cc2)S1,-10.0,AIEMG,1217
Fc1cccc(-n2cnc3ccc(NC(=O)C(F)(Cl)F)c(Cl)c32)c1,-10.0,AIEMG,1218
Fc1ccc(-c2cc(C[NH+]3CCN(C[C@@H]4CCCO4)CC3)on2)cc1,-10.0,AIEMG,1219
[C@H]1CCC[C@H](C[NH2+]Cc2cc(C(=O)OCC(F)(F)F)ccc2Cl)C1,-10.0,AIEMG,1220
c1ccc(N2CC[C@@H](CNC(=O)Nc3cccnc3Cl)C2)cc1,-10.0,AIEMG,1221
COc1ccc(C2CC(c3ccccc3)=NN2c2ccc(C(=O)N3CCN(C)CC3)cc2)cc1,-10.0,ChEMBL,1222
FC(F)(Br)/N=C(\[O-])c1ccc(-c2ccccc2F)o1,-10.0,AIEMG,1223
[C@@](=N\NC(=O)CCc1ccc(F)cc1F)c1ccnc(OCC(N)=O)c1,-10.0,AIEMG,1224
[C@]Oc1cccc(-c2nc(CN3CCOC[C@H]3C[C@@H](O)c3ccc(F)cc3F)cs2)c1,-10.0,AIEMG,1225
COc1ccc(COc2nc(N3CCC4(CC3)CC4)ncc2C(=O)NCc2ccccn2)cc1Cl,-10.0,ChEMBL,1226
[C@H]1C(=O)c2ccc(S(=O)(=O)c3ccc(C(C)(C)C(=O)[O-])cc3)cc2N1,-10.0,AIEMG,1227
[N+]=Cc1ccc(F)cc1NC(=O)NCC1CCN(c2cnccn2)CC1,-10.0,AIEMG,1228
FC(F)(F)c1ccccc1NC(=O)CN1CCN(C(=O)COc2cccc(F)c2)CC1,-10.0,AIEMG,1229
[N+]1=C([C@@]2(O)CSC3(CCN(CCC4CCCCC4)C3)CC2)c2cc(Cl)ccc2N1,-10.0,AIEMG,1230
COc1cc2cc(CO)c(CO)c(-c3ccnc(-n4ccc(=O)c5ccccc54)c3)c2cc1OC,-10.0,ChEMBL,1231
[N+]=C[C@@H]1CC(C(=O)Nc2ccccc2C#N)=C(C)c2ccccc21,-10.0,AIEMG,1232
Fc1ccc2c(c1)CC[C@@H]2[C@@H]1CCCN1c1ccccn1,-10.0,AIEMG,1233
O=c1c(NCCN2CCOCC2)nc2ccc(-c3ccc(F)cc3)nc2n1CC1CCCCC1,-10.0,ChEMBL,1234
[C@H]([C@H](C)NC(=O)Nc1cc(Cl)ccc1OCC1CCCCC1)[NH+]1CCN(c2ccccc2)CC1,-10.0,AIEMG,1235
Clc1ccc2c(NCc3ccc4c(c3)OCO4)ncnc2c1,-10.0,ChEMBL,1236
ClCc1cccc(OCC(=O)Oc2ccccc2C(F)(F)F)c1,-10.0,AIEMG,1237
[C@](C#Cc1ccc(OCC(=O)O[C@@H]2CCCC[C@H]2C(=O)NC2CC2)nc1)c1ccc(OC(F)F)cc1,-10.0,AIEMG,1238
c1ccc(COc2nc(-c3ccccc3)nc3ccccc23)cc1,-10.0,ChEMBL,1239
CNc1cc(O)c2c(=O)c3c(-c4nccs4)[nH]c(Cc4ccc5c(c4)OCO5)c3oc2c1,-10.0,ChEMBL,1240
c1cc(CN2CCC[C@H](c3nnc(-c4ccncc4)nn3)C2)oc1C(C)(C)C,-10.0,AIEMG,1241
O=C(O)c1ccc2ncnc(NCc3ccc4c(c3)OCO4)c2c1,-10.0,ChEMBL,1242
[C@]1(C(=O)Nc2cccc(Br)c2)C(=O)C[C@@H]1c1cccc(Cn2ccccc2=O)c1,-10.0,AIEMG,1243
Fc1ccc(-c2nc(C[NH+]3CCC[C@@H]3c3cccs3)co2)cc1,-10.0,AIEMG,1244
FC(F)(F)C1CCN(C(=O)c2cnn3c2OCCC3)[C@]1c1ccccc1Cl,-10.0,AIEMG,1245
CC(C)N1C(=O)c2[nH]c(Cc3ccccc3)nc2N2C[C@@H](Cc3ccccc3)N=C21,-10.0,ChEMBL,1246
CCn1c2c(c3ccc(O)cc31)CCn1c-2nc2ccccc2c1=O,-10.0,ChEMBL,1247
[P@@]C1CCN(Cc2ccc(N(C(=O)c3ccccc3)c3ccccc3)nn2)CC1,-10.0,AIEMG,1248
CCc1cc(C(C)=O)c(O)cc1OCc1cccc(C(=O)NC(O)CC(=O)OC)n1,-10.0,ChEMBL,1249
c1nc(NC[C@@H](c2ccco2)N2CCC(C(=O)NCCn3cccn3)CC2)nc2ccccc12,-10.0,AIEMG,1250
Cc1ccc2c(-c3ccc(CO)o3)nn(Cc3ccccc3)c2c1,-10.0,ChEMBL,1251
C=CCCC1(C)C(=O)Nc2nc(-c3nn(Cc4ccccc4F)c4ncccc34)nnc21,-10.0,ChEMBL,1252
[C@]1(CNc2ccc(Cl)c(F)c2)NC(=O)N(Cc2ccc(C#N)cc2)C1=O,-10.0,AIEMG,1253
N[C@](C1CCCCC1)c1nc2ccc(Cl)cc2n1C1CCCCC1,-10.0,AIEMG,1254
Cl[C@@H](CCC(=O)Nc1nccnc1-c1nccn1C1CC1)c1ccccc1,-10.0,AIEMG,1255
[C@]=N[C@H](c1ccccc1)C(=O)Nc1nc(-c2cccc(O)c2)sc1C,-10.0,AIEMG,1256
[C@@][C@]1(Cc2ccccc2)NC(=O)N(Cc2csc(-c3ccccc3)n2)C1,-10.0,AIEMG,1257
CC1(C)C(=O)Nc2nc(-c3nn(Cc4ccccc4F)c4nc(C(F)(F)F)ccc34)nnc21,-10.0,ChEMBL,1258
CCCOc1ccc(-c2cccs2)cc1-c1nc2c(c(C)nn2C)c(=O)[nH]1,-10.0,ChEMBL,1259
[C@@](O)(CC(=O)Nc1ccccc1C(F)(F)F)C(=O)N1CCN(c2ccccc2)CC1,-10.0,AIEMG,1260
CCCOc1ccc(S(=O)(=O)N2CCN(C)CC2)cc1-c1nc(O)c2cc3[nH]cnc3cc2n1,-10.0,ChEMBL,1261
COc1cc2cc(CO)c(CO)c(-c3ccnc(-n4c(=O)ccc5ccccc54)c3)c2cc1OC,-10.0,ChEMBL,1262
ClN1[C@H](N(Cc2ccccc2)N2CCC[C@H]2CC(CO)COCCc2ccccc2)CC1=O,-10.0,AIEMG,1263
CSc1ccc2ncnc(OCc3ccc4c(c3)OCO4)c2c1,-10.0,ChEMBL,1264
Cc1cc(Nc2nc(-c3ccccc3)nc3ccccc23)no1,-10.0,ChEMBL,1265
CCCOc1ccc(NC(=O)NCC)cc1-c1nc2c(c(C)nn2C)c(=O)[nH]1,-10.0,ChEMBL,1266
Fc1cccc([C@H]2c3cc(NC(=O)CCCn4cccc4)[nH]c3CCS2)c1,-10.0,AIEMG,1267
[C@@]1(COc2cccc(F)c2)NC(=O)N(C[C@H]2CCCO2)[C@@H]1c1cccc(Cl)c1,-10.0,AIEMG,1268
c1ccc(CNc2nc(N3CCOCC3)nc3ccccc23)cc1,-10.0,ChEMBL,1269
[C@]1(C(N)=N/S(=O)(=O)c2cccc(F)c2)NC(=O)[C@H]1c1ccccc1,-10.0,AIEMG,1270
COCc1ccc(-c2nn(Cc3ccccc3)c3cc(F)ccc23)o1,-10.0,ChEMBL,1271
[C@@H]Oc1ccc(CNC(=O)CS[C@@H](c2ccccc2)c2cccs2)cc1,-10.0,AIEMG,1272
P=C(\CCc1ccc2c(c1)OCCO2)Nc1ccc(Cl)cc1,-10.0,AIEMG,1273
[P@@](=O)/C(=C/C(=O)c1ccc(OCc2ccccc2)cc1)NCCc1ccccc1,-10.0,AIEMG,1274
CCCc1nn(C)c2c(=O)[nH]c(-c3cc(N4CCC(CC(=O)NO)CC4)ccc3OCC)nc12,-10.0,ChEMBL,1275
[C@]1(Cc2ccnn2C2CCC(CNC(=O)c3ccco3)CC2=O)CC[C@H]1[NH3+],-10.0,AIEMG,1276
[C@@](O)(CCC(=O)Nc1cc(Cl)ccc1Cl)c1ccccc1O,-10.0,AIEMG,1277
O=C(Cc1csc(NC(=O)c2cnc3ccccc3n2)n1)NO,-10.0,ChEMBL,1278
Cc1nc2c(=O)n(Cc3ccccc3)nc(C(C)C)c2c2cc(-c3ccccc3)nn12,-10.0,ChEMBL,1279
c1ccc(-c2nc(NCc3cccnc3)c3ccccc3n2)cc1,-10.0,ChEMBL,1280
C[C@@H](Nc1nc2c(cnn2C2CCCC2)c(=O)[nH]1)c1ccc(Cl)cc1,-10.0,ChEMBL,1281
CCC(C)c1nc2c(=O)n(Cc3ccccc3)nc(C)c2c2cc(-c3ccccn3)nn12,-10.0,ChEMBL,1282
O=c1cc(N2CCOCC2)oc2c(-c3ccccc3)cccc12,-10.0,ChEMBL,1283
CCCOc1ccc(NC(=O)CN2CCN(C)CC2)cc1-c1nc(CC)c(CC)c(=O)[nH]1,-10.0,ChEMBL,1284
Fc1ccc(Cl)c(NCc2ncc(-c3ccc(F)cc3)o2)c1Br,-10.0,AIEMG,1285
[N+]1=CCC2=c3ccccc3=[NH+][C@@H]2[C@H]1c1ccc(F)cc1,-10.0,AIEMG,1286
CCOc1ccc(S(=O)(=O)N2CCN(CC)CC2)cc1-c1nc(O)c2nc3cccc(C)n3c2n1,-10.0,ChEMBL,1287
Fc1cccc(CCSc2nnc3cccc(-c4ccccc4)n23)c1,-10.0,AIEMG,1288
FC(F)c1cc(C(=O)[O-])cc(-c2cc(F)ccc2F)c1,-10.0,AIEMG,1289
[P@@]1C[C@@H](c2ccccc2)Nc2c1ccc(Cl)c2[C@H]1CC[NH2+]CC1,-10.0,AIEMG,1290
O=C1Nc2c(Cl)cc(-c3ccccn3)cc2C2(CCCCC2)N1,-10.0,ChEMBL,1291
[C@]1(Cc2ccncc2)NC(=O)N(CC(C)(C)c2nnnn2-c2ccc(F)cc2)C1,-10.0,AIEMG,1292
CCc1cc(C(C)=O)c(O)cc1OCc1cccc(C(=O)NC(CO)C(=O)O)c1,-10.0,ChEMBL,1293
CCCc1nn(C)c2c(=O)[nH]c(-c3cc(N4CCC(CCC(=O)NO)CC4)ccc3OCC)nc12,-10.0,ChEMBL,1294
[C@H](CCCCc1ccc(S(N)(=O)=O)cc1)C(=O)Nc1ccccc1[N+](=O)[O-],-10.0,AIEMG,1295
Cc1cc(Cl)ccc1CCNC(=O)N[C@H]1CCN(Cc2ccccc2)C1,-10.0,AIEMG,1296
[C@](C#N)c1ccc([C@@H]2C3=C(c4ccccc4F)OC3=NC(=O)N2Cc2cccs2)cc1,-10.0,AIEMG,1297
[C@](O)(CCC(=O)NC[C@@H]1CCC(C)(C)N(c2ccccc2)C1)c1ccccc1,-10.0,AIEMG,1298
c1ccc(CNc2nc(-c3cccnc3)nc3ccccc23)cc1,-10.0,ChEMBL,1299
[P@@]CC(CC(=O)N1CCN(c2ccccc2F)CC1)c1ccc(Cl)cc1,-10.0,AIEMG,1300
O=c1c(NCC2CCOCC2)nc2ccc(-c3ccc(F)cc3)nc2n1Cc1ccccn1,-10.0,ChEMBL,1301
[C@@]1(C#N)C(=O)N(c2ccc(C[NH+]3CCC[C@@H]3C(=O)N3CCC(O)CC3)cc2)C1,-9.9,AIEMG,1302
[C@]1(O)CCC[NH+](CC[NH+]2CCC(Cc3c[nH]c4ccccc34)C2)C1,-9.9,AIEMG,1303
N[C@@](C(=O)c1ccc(Cl)c(C(F)(F)F)c1)c1ccc(O)c(F)c1,-9.9,AIEMG,1304
Fc1ccc(-c2ccccc2NC(=O)c2cccc(Cl)c2Cl)cc1,-9.9,AIEMG,1305
[C@](O)(CC(=O)NC[C@H](c1ccccc1)c1c[nH]c2ccccc12)c1cccs1,-9.9,AIEMG,1306
[C@@](C#Cc1ccc(C(N)=O)cc1)[C@H]1CCCN(C(=O)Cc2ccccc2)S1,-9.9,AIEMG,1307
Clc1ccc(-c2nc(COc3c(Cl)cccc3[N+](=O)[O-])co2)cc1,-9.9,AIEMG,1308
O=C(Cc1csc(NC(=O)COc2ccc(Cl)cc2)n1)NO,-9.9,ChEMBL,1309
Fc1ccc(CN2CCC[C@H](CN(Cc3ccccc3)Cc3ccccc3)C2)cc1,-9.9,AIEMG,1310
c1ccc(-c2nnc(SCCCOc3cccc([N+](=O)[O-])c3)n2N)cc1F,-9.9,AIEMG,1311
[C@@](C(=O)c1cccc(OCc2ccccc2)c1)[C@@H]1CN(C)CCO1,-9.9,AIEMG,1312
[C@@]1(CCCCn2c(=O)[nH]c3ccccc32)NC(=O)N(CCCn2cccn2)C1=O,-9.9,AIEMG,1313
[C@@]Oc1ccc(-c2cccc(NC(=O)c3csnn3)c2)cc1[N+](=O)[O-],-9.9,AIEMG,1314
[C@@]1(CNC(=O)N[C@@H]2CCC(O)(C(F)(F)F)C2)CCC1(C(C)C)C(F)(F)F,-9.9,AIEMG,1315
[P@@]=C(NCc1cc(=O)[nH]c(-c2ccc(Cl)cc2)n1)[C@H]1CCCO1,-9.9,AIEMG,1316
[P@@]=C(SCC(=O)Nc1ccc2c(c1)OCO2)c1cccc(Cl)c1,-9.9,AIEMG,1317
c1cncc(CN2CCC(c3c[nH]c4ccccc34)CC2)c1,-9.9,AIEMG,1318
Fc1cccc(C(=O)Nc2nnc(C3CC3)o2)c1,-9.9,AIEMG,1319
ClC1=C[C@@H](c2ccc(C(=O)[O-])cc2F)S/C1=C\Nc1ccccc1,-9.9,AIEMG,1320
[P@@]=C(\NCc1nc2ccccc2[nH]1)c1ccc(Cl)cc1,-9.9,AIEMG,1321
[C@]1(C[NH2+]Cc2cccc(Cl)c2)C(n2c(C)cc(C)c2C)C1,-9.9,AIEMG,1322
[C@]1(C#N)c2ccc(C(=O)NCc3ccccc3F)cc21,-9.9,AIEMG,1323
Fc1ccc(-c2nnn(-c3ccccc3)n2)cc1,-9.9,AIEMG,1324
[N+]1=CCCC[C@@H]1SCc1cc(C(F)(F)F)ccc1F,-9.9,AIEMG,1325
[N+](=CCCCc1ccccc1)NC1C[C@H]2CCCC[C@@H]2C1,-9.9,AIEMG,1326
[N+]=Cc1cncc(CSc2nccc(-c3ccccc3)n2)n1,-9.9,AIEMG,1327
[P@@]1CCC[C@@H](CCC/C(Cl)=C2\C(=O)C(=S)N(CO)C2)N1c1ccccc1,-9.9,AIEMG,1328
[N+]([O-])CN(Cc1ccc(F)cc1)C(=O)c1ccc(N2CCCC2=O)cc1,-9.9,AIEMG,1329
Cl[C@H](Cc1ccccc1)C(=O)N1CCN(c2ccc(Cl)cc2Cl)CC1,-9.9,AIEMG,1330
[C@]1(Cc2ccc(Cl)cc2)NC(=O)N(CC(=O)N(C)C[C@H]2CCC[C@H]2O)C1,-9.9,AIEMG,1331
[N+](Cc1ccccc1)Cc1nc(-c2ccccc2)no1,-9.9,AIEMG,1332
c1c[nH]c2nc(-c3ccccc3OC3CCCC3)nc-2c1,-9.9,ChEMBL,1333
C[S+]([O-])c1ccc2ncnc(NCc3ccc4c(c3)OCO4)c2c1,-9.9,ChEMBL,1334
CCCOc1ccc(-c2csc(C)n2)cc1-c1nc2c(c(C)nn2CC)c(=O)[nH]1,-9.9,ChEMBL,1335
CCN1C(=O)c2[nH]c(Cc3ccccc3)nc2N2C1=N[C@@H]1CCC[C@@H]12,-9.9,ChEMBL,1336
C[C@H](CNC(=O)c1ccccc1F)N1CCN(c2cccc[nH+]2)CC1,-9.9,AIEMG,1337
[C@H]Oc1ccc(OCC(=O)N[C@@H](C)c2ccoc2)cc1NC(=O)c1ccccc1,-9.9,AIEMG,1338
Cc1ccc(-c2nn(Cc3ccccc3)c3ccccc23)o1,-9.9,ChEMBL,1339
[C@H]Oc1ccc(-c2ncoc2C(=O)[C@@H]2C[C@H]2c2ccccc2F)cc1OCC(F)(F)F,-9.9,AIEMG,1340
CCN1Cc2nc3ccccc3c(NCc3ccc(OC)c(Cl)c3)c2C1=O,-9.9,ChEMBL,1341
[C@@]1(Cn2c(=O)[nH]c(=O)c3cccnc32)C=C1Cc1ccc(Cl)cc1,-9.9,AIEMG,1342
COc1cc2c(NCCc3ccc4c(c3)OCO4)ncnc2c(OC)c1OC,-9.9,ChEMBL,1343
CCCOc1ccc(NC(=S)NC(=O)OCC)cc1-c1nc2c(c(C)nn2C)c(=O)[nH]1,-9.9,ChEMBL,1344
FC(F)c1ccn(-c2cccc(C[NH+]3CCc4ccccc43)n2)c1,-9.9,AIEMG,1345
O=c1c2ccccc2nc2n1CCc1c-2[nH]c2cc(O)cc(O)c12,-9.9,ChEMBL,1346
Cn1nc(-c2ccc(Cl)cc2)s/c1=N\c1ccc(O)c(C(=O)O)c1,-9.9,ChEMBL,1347
CC(C)OCCn1c(=O)c(NCCN2CCOCC2)nc2ccc(-c3ccc(F)c(F)c3)nc21,-9.9,ChEMBL,1348
[C@@][C@@H]1[C@@H](C(=O)NCC[NH+](C)Cc2cc(C#N)cc(F)c2)n2c(nc3ccc(Cl)cc32)S1,-9.9,AIEMG,1349
CCN1C(=O)c2[nH]c(Cc3ccccc3)nc2N2C[C@@H](C(C)C)N=C12,-9.9,ChEMBL,1350
c1nc(NCc2n[nH]c(=O)[nH]2)cn2c(C[C@@H]3CCCO3)c([C@@H]3CCCO3)cc12,-9.9,AIEMG,1351
[C@@]1(CCOc2ccccc2)N[C@@H](c2ccccc2)N1Cc1ccccc1,-9.9,AIEMG,1352
[C@](O)(c1c[nH]c2cc(NC(=O)Cc3ccc(O)cc3)nn12)[C@H]1COCCO1,-9.9,AIEMG,1353
[C@@]1(c2nc3cc(Cl)ccc3[nH]2)CC[C@@H](C(=O)[O-])c2ccccc21,-9.9,AIEMG,1354
CN1C(=O)c2[nH]c(Cc3ccccc3)nc2N2CC3(CCCC3)N=C12,-9.9,ChEMBL,1355
CCCc1nn(C)c2c(O)nc(-c3cc(C(=O)CN4CCOCC4)ccc3OCC)nc12,-9.9,ChEMBL,1356
COc1ccc(CNc2nc(OCc3ccccn3)ncc2C(=O)NCc2ccccn2)cc1Cl,-9.9,ChEMBL,1357
[N+]c1ccc(S(=O)(=O)/N=C(\[O-])[C@@H]2C[C@H]2c2cccc(Cl)c2)cc1OCC(F)(F)F,-9.9,AIEMG,1358
CN(Cc1cccc([N+](=O)[O-])c1)C(=O)c1cccnc1SCc1ccccc1,-9.9,AIEMG,1359
CCOc1ccc(-c2ccc(C(=O)NO)nc2)cc1-c1nc2c(CC)nn(C)c2c(=O)[nH]1,-9.9,ChEMBL,1360
CCc1cc(C(C)=O)c(O)cc1OCc1cccc(C(=O)NC(CC(=O)O)c2ccccc2)n1,-9.9,ChEMBL,1361
F[C@@H](Cc1ccccc1)c1cc(CO)nc2ccc(Cl)cc12,-9.9,AIEMG,1362
FC(F)(F)c1cc(-c2cncnc2)ccc1Oc1ccccc1Cl,-9.9,AIEMG,1363
COC(=O)c1[nH]c(Cc2ccc(O)cc2)c2oc3ccccc3c(=O)c12,-9.9,ChEMBL,1364
[NH+]=C(/NCc1cccnc1)N1CCN(c2nc3ccccc3c(=O)[nH]2)CC1,-9.9,AIEMG,1365
O=C1C2Cc3c([nH]c4ccccc34)C(c3ccc4c(c3)OCO4)N2C(=O)CN1Cc1ccccc1,-9.9,ChEMBL,1366
N[C@@H]N1C(=O)/C(=C/c2ccccc2OCc2ccccc2)C([O-])=NC1=S,-9.9,AIEMG,1367
O=C1Nc2c(Cl)cc(-c3cccnc3)cc2C2(CCCCC2)N1,-9.9,ChEMBL,1368
[C@@]1(CCCn2cccn2)C[C@@H]2CC[C@@]1(CNc1ccccc1-c1ncccc1Cl)C2,-9.9,AIEMG,1369
[C@@](F)(c1ccccc1)[C@H]1CCC[C@@H]1N1C(=O)CN(C(=O)c2cccnc2)C1,-9.9,AIEMG,1370
Fc1cc(F)ccc1C(=O)N1CCC(O)(F)c2ncccc21,-9.9,AIEMG,1371
Clc1ccc2ncnc(NCc3ccc4c(c3)OCO4)c2c1,-9.9,ChEMBL,1372
CCOCCC1(C)C(=O)Nc2nc(-c3nn(Cc4ccccc4F)c4ncc(F)cc34)nnc21,-9.9,ChEMBL,1373
[C@H]Oc1cccc(NC(=O)c2ccccc2Sc2ccccc2F)c1,-9.9,AIEMG,1374
[N+]1=C(C2(c3ccccc3)N=N2)/C(=C/c2ccc(O)cc2)C1,-9.9,AIEMG,1375
Cc1ccc2c(-c3nnc4c(n3)NC(=O)C4(C)C)nn(Cc3c(F)ccc(F)c3F)c2n1,-9.9,ChEMBL,1376
[C@H](CNc1ccc(F)cc1C(N)=O)c1ccccc1O[C@@H]1CCCc2ccccc21,-9.9,AIEMG,1377
COc1ccc(CNc2nnc(Cl)c3cc(C#N)ccc23)cc1Cl,-9.9,ChEMBL,1378
[C@]1(O)C[C@H](c2ccccc2)[C@H]2C(=O)N(Cc3ccc(C(C)(C)C)cc3)CCN21,-9.9,AIEMG,1379
[C@@]1(C#N)CCC[C@@H]1C1CCN(C(=O)c2ccccc2NC(=O)CCn2c(=O)oc3ccccc32)CC1,-9.9,AIEMG,1380
[N+]c1ccc(/C=C/C[NH+]2C[C@@H](O)C[C@H](c3ccccc3)N2)cc1Cl,-9.9,AIEMG,1381
N#C/C(=C\C1=CCCCC1)Nc1cc(-c2cccnc2)ccc1O,-9.9,AIEMG,1382
COc1cc2ncnc(NCc3ccc4c(c3)OCO4)c2cc1SC,-9.9,ChEMBL,1383
CC1(C)C(=O)Nc2nc(-c3nn(CCC(F)(F)C(F)(F)F)c4cc(Cl)ccc34)nnc21,-9.9,ChEMBL,1384
CCn1c(NC(C)C)nc2c(C3CCN(C(=O)c4ncccc4C)C3)csc2c1=O,-9.9,ChEMBL,1385
[C@H](C)C1(CNC(=O)C(=O)Nc2nccc(-c3ccccc3)n2)CC[NH2+]CC1,-9.9,AIEMG,1386
FN(C(F)(F)F)c1nc(CN2CCN(C(=O)c3ccc(F)cc3)CC2)ncn1,-9.9,AIEMG,1387
[NH+]1(c2nc(-c3c[nH]c4ccccc34)nn2-c2ccccc2)CC1,-9.9,AIEMG,1388
CCOc1ccccc1-c1nc(O)c2nc3cc(C)ccn3c2n1,-9.9,ChEMBL,1389
Cc1nn(Cc2ccccc2)c(=O)c2nc(CCCCC(=O)O)n3nc(-c4ccccc4)cc3c12,-9.9,ChEMBL,1390
[C@H]Oc1cc(C)ccc1NC(=O)C(=O)NCC1(CC2CCCC2)CCCCC1,-9.9,AIEMG,1391
CCC(NC(=O)N1CC(=O)Nc2cccnc21)c1ccc(OC(F)(F)F)cc1,-9.9,ChEMBL,1392
[P@@]=C(NCc1nc2ccccc2s1)c1c[nH]c2ccccc12,-9.9,AIEMG,1393
[N+]=C(c1ccc(F)cc1)[NH+]1CCN(Cc2ccccc2F)CC1,-9.9,AIEMG,1394
[C@@H](C(=O)Nc1cccc(Br)c1)c1ccc(F)cc1F,-9.9,AIEMG,1395
[P@@]/C(=C\c1ccccc1Cl)[NH+]1CCN(c2ccccc2)CC1,-9.9,AIEMG,1396
[C@H]Oc1ccc(C(=O)C(=O)N[C@@H](CO)c2ccccc2)cc1F,-9.9,AIEMG,1397
[C@H]1CC[C@@H](C(N)=O)[C@H]1C#CCNC(=O)c1ccc(Cl)cc1,-9.9,AIEMG,1398
[P@@](=C\c1cccc([N+](=O)[O-])c1)N1CCC[C@@H]1c1ccccc1,-9.9,AIEMG,1399
FC(F)Oc1ccc(Cl)cc1CNC[C@@H]1COc2ccccc2C1,-9.9,AIEMG,1400
[C@H](C)n1ncc2c1CC[C@H](Cc1c[nH]c3ccccc13)C2,-9.9,AIEMG,1401
[C@@](NC(=O)c1cccc(O)c1)c1ccc(Cl)c(Cl)c1,-9.9,AIEMG,1402
[C@H](C)n1ccc(NC(=O)C(=O)Nc2cccc(F)c2)n1,-9.9,AIEMG,1403
[C@H]Oc1ccc(Cl)cc1CCNC(=O)NCc1cccc(F)c1,-9.9,AIEMG,1404
[N+]=Cc1ccccc1NC(=O)c1nnc([C@@H]2CCCO2)s1,-9.9,AIEMG,1405
[C@]#CC(c1ccccc1Cl)C(=O)N[C@H]1COc2ccccc2O1,-9.9,AIEMG,1406
[C@](C#C/C([O-])=N/c1nnc(SCC(=O)Nc2ccc(F)cc2)[nH]1)c1cccs1,-9.9,AIEMG,1407
[N+]1=C/C(=C\c2ccccc2F)c2ccc([N+](=O)[O-])cc21,-9.9,AIEMG,1408
[C@H]Oc1c[nH+]cc(C(=O)N2CCC(CCc3ccccc3)CC2)c1,-9.9,AIEMG,1409
[C@H](C)C(=O)NCc1ccccc1NC(=O)C(=O)Nc1ccccc1Cl,-9.9,AIEMG,1410
[C@]1(COc2ccc(C(F)(F)F)cc2)CCSc2ccccc21,-9.9,AIEMG,1411
N(N[C@@H]N=C(c1cccs1)c1ccc(F)cc1)c1ccc(F)cc1,-9.9,AIEMG,1412
[C@@][C@]1(C[C@H]2CCCO2)CCC[NH+](CC(=O)Nc2ccc(F)cc2)C1,-9.9,AIEMG,1413
[C@H]1C(C)(C)C[C@@H]1C(=O)Nc1ccc(C(=O)NCCCN2CCOCC2)cc1,-9.9,AIEMG,1414
Fc1ccc(-c2nnc(SCc3ccc(Cl)cc3)o2)cc1,-9.9,AIEMG,1415
[C@H]1CCN(C(=O)c2nccc(Oc3ccccc3)c2)C1,-9.9,AIEMG,1416
[N+]n1ccnc1NCc1nc(-c2ccc(F)cc2)cc[nH+]1,-9.9,AIEMG,1417
[C@H]Oc1ccccc1NC(=O)N(C)C/C(C)=C/c1ccc(N2CCCC2=O)cc1,-9.9,AIEMG,1418
[C@@]Oc1ccc(C(=O)NCc2nc3ccc(OC)cc3[nH]c2=O)cc1OCC(N)=O,-9.9,AIEMG,1419
[C@@]c1cc(C(=O)NCC[NH2+][C@@H](C)c2ccc(Cl)cc2)ccc1O,-9.9,AIEMG,1420
CC(C)CC(=O)Nc1ccc(C(=O)c2c(F)cccc2Cl)cc1,-9.9,AIEMG,1421
[P@@]=C(N[C@H](c1ccccc1)c1ccccc1)Nc1cccc(Cl)c1,-9.9,AIEMG,1422
[C@H]1CCCc2sc(C(=O)N3CCC[C@@H]3CN3CCO[C@@H](C)C3)cc21,-9.9,AIEMG,1423
[N+]=C(c1ccc2ncccc2n1)c1cccc(F)c1,-9.9,AIEMG,1424
[C@H]1C(C#N)C(=O)N(CCN2C(=O)c3ccccc3C2=O)C=C1,-9.9,AIEMG,1425
[C@@](O)(CC[NH+]1CCN(Cc2ccc(Cl)cc2Cl)CC1)c1ccccc1C(F)(F)F,-9.9,AIEMG,1426
Fc1ccccc1OCCN/N=C1/C(=O)C(C(=O)NCCc2ccccc2)=NC1,-9.9,AIEMG,1427
Cl[C@@H]1CC[C@H](C(=O)N2CCC([C@H](O)c3ccccc3)CN2)O1,-9.9,AIEMG,1428
[C@]1(CCC[NH+]2CCCCC2)CCCN1c1ccc(OCc2ccccc2)cc1,-9.9,AIEMG,1429
[C@@](C#CCn1c2ccccc2c2cc(Cl)c(Cl)cc21)NCc1ccco1,-9.9,AIEMG,1430
[C@H]1CCN(C(=O)c2ccc(OCc3ccccc3)c(F)c2)C1,-9.9,AIEMG,1431
[C@@]1(NC(=S)NCc2ccccc2F)[NH+]=c2ccccc2=[NH+]1,-9.9,AIEMG,1432
[C@@]1(C(=O)N[C@@H]2CCO[C@]3(CCOC3)C2)CCCN(CC2CCCCC2)C1,-9.9,AIEMG,1433
FC(F)(F)c1ccc(C[NH2+][C@@H]2COc3ccc(Cl)cc3C2)cc1,-9.9,AIEMG,1434
[P@@]=C(NS(=O)(=O)c1ccc2c(c1)CCO2)NNC(=O)c1ccc2c(c1)OCO2,-9.9,AIEMG,1435
[C@H](CNC(=O)N[C@H]1CC(=O)N(CC(F)(F)F)C1)c1cccc(C#N)c1,-9.9,AIEMG,1436
n1cc(-c2nnc(SCc3csc4ccccc34)n2N)ccc1Cl,-9.9,AIEMG,1437
[C@]12C[C@@H](C(=O)N3CCC[C@@H]3CCc3ccccc3)[C@H]1CC[C@@H]2O,-9.9,AIEMG,1438
[C@@](O)(c1ccccc1)c1ccc(NC(=O)[C@H]2C[NH2+]CCO2)cc1,-9.9,AIEMG,1439
[C@](O)(CNC(=O)[C@@H]1C[C@@H]1c1ccccc1)c1ccc2c(c1)OCO2,-9.9,AIEMG,1440
[C@]1(CCNC(=O)Cc2ccon2)CCCc2ccccc21,-9.9,AIEMG,1441
[C@](CC(=O)Nc1ccc2oc(=O)ccc2c1)NNC(=O)c1cncnc1,-9.9,AIEMG,1442
Clc1ccc(-c2noc(CSc3nnnn3Cc3ccccn3)n2)cc1,-9.9,AIEMG,1443
COc1ccc(CNc2nc(OCc3ccccn3)ncc2C(=O)OCc2ccccn2)cc1Cl,-9.8,ChEMBL,1444
[C@H](C(=O)NNC(=O)c1c(F)cccc1Cl)c1c(Cl)cccc1Cl,-9.8,AIEMG,1445
[C@@][C@@H]1CN(Cc2ccco2)C[C@@H](C(=O)Nc2ccccc2F)C1,-9.8,AIEMG,1446
Clc1cccc(-c2cnc(SCc3ccc(-n4cncn4)cn3)[nH]c2=O)c1,-9.8,AIEMG,1447
FC(F)(F)/C(Cl)=N/C(=N/c1cnn(-c2ccccc2)c1)c1ccccc1,-9.8,AIEMG,1448
COc1ccc(-c2ccc3nc(NCC(=O)N(C)C)c(=O)n(CC4CCCCC4)c3n2)cn1,-9.8,ChEMBL,1449
[N+]=Cc1cccc(S(=O)(=O)Nc2cc(C(F)(F)F)ccc2F)c1,-9.8,AIEMG,1450
CCCOc1ccc(NC(=O)N2CCCC2)cc1-c1nc(CC)c(CC)c(=O)[nH]1,-9.8,ChEMBL,1451
CC(=O)Nc1ccc(-c2nnc(O)n3c(Br)c(Br)nc23)cc1,-9.8,ChEMBL,1452
O=C(O)CCc1ncc2c(=O)[nH]c3cc(C(F)(F)F)ccc3n12,-9.8,ChEMBL,1453
[N+]=Cc1ccc(CN2CCC[C@@H](NC(=O)C(F)(F)F)C2)cc1,-9.8,AIEMG,1454
CCCCCCC(C(=O)NO)c1csc(NC(=O)c2cccc(COc3ccccc3)n2)n1,-9.8,ChEMBL,1455
[N+]=Cc1c(N)ccc2ccc(-c3ccc(F)cc3)cc12,-9.8,AIEMG,1456
[P@@]=C(Nc1ccccc1F)N1CCN(c2ccccc2)CC1,-9.8,AIEMG,1457
Cc1ccc2c(-c3nnc4c(n3)NC(=O)C4(C)C)nn(Cc3ccc(C)c(F)c3)c2n1,-9.8,ChEMBL,1458
[C@](O)(c1ccc(F)cc1)N1CCC([NH+](C)CC(=O)Nc2ccccc2)CC1,-9.8,AIEMG,1459
CCCCN1C(=O)[C@H]2Cc3c([nH]c4ccccc34)[C@H](c3ccc(C#N)cc3)N2C1=O,-9.8,ChEMBL,1460
CCCCCN1C(=O)CN(C)c2ncc(-c3ccc(F)c(F)c3)cc21,-9.8,ChEMBL,1461
[P@@]=C(NCc1ccc([N+](=O)[O-])c(F)c1)NNC(=O)c1ccc2c(c1)OCO2,-9.8,AIEMG,1462
CCOc1ccccc1-c1nc(O)c2nc3c(Br)cc(Br)c(C)n3c2n1,-9.8,ChEMBL,1463
CCCOc1ccccc1-c1nc(O)c2cc3[nH]cnc3cc2n1,-9.8,ChEMBL,1464
CCOc1ccc(S(=O)(=O)N2CCN(C)CC2)cc1-c1nc(O)c2nc3cccc(C)n3c2n1,-9.8,ChEMBL,1465
Nc1nc2ccc(-c3ccc(F)cc3)nc2n(CC2CCCCC2)c1=O,-9.8,ChEMBL,1466
[C@H](CC(=O)N1CCC[C@H]1CN1CCc2ccccc21)c1ccccn1,-9.8,AIEMG,1467
CCC1(C)C(=O)Nc2nc(-c3nn(Cc4ccccc4F)c4ncc(F)cc34)nnc21,-9.8,ChEMBL,1468
[N+]([O-])c1ccccc1CN1CCN(C(=O)N[C@@H]2CC[C@@H]([NH+](C)C)C2)CC1,-9.8,AIEMG,1469
[C@](C#C[C@@H](O)c1ccc(F)cc1)C(=O)NCc1ccc(Cl)cc1,-9.8,AIEMG,1470
FC(F)(F)c1ccccc1CNC(=O)c1ccc(/N=N\CC(=O)[O-])cc1,-9.8,AIEMG,1471
[C@@][C@@H](Cc1ccc(Cl)cc1)n1cnc2c1c(=O)n(-c1ccccn1)n2CCc1ccccc1,-9.8,AIEMG,1472
O[C@H]1CCC[C@H]1N[C@@H]1CCCC[C@H]1C[NH+](Cc1ccc(F)cc1)C1CC1,-9.8,AIEMG,1473
[C@H]Oc1ccccc1N1CCN(Cc2csc(NC(=O)CCc3ccccc3)n2)CC1,-9.8,AIEMG,1474
[C@H]1C(=O)c2ccccc2C(=O)N1c1ccc([N+](=O)[O-])c(F)c1,-9.8,AIEMG,1475
[nH+]1cnc2c1n[nH]c1nc(-c3ccccc3)[nH]c12,-9.8,AIEMG,1476
Fc1cccc(CNC(=O)C[NH+]2CCC[C@H](C(=O)NCc3ccc(Cl)cc3)C2)c1,-9.8,AIEMG,1477
[N+]c1ccc(OCc2nc(C(=O)Nc3ccc(Cl)cc3Cl)cs2)cc1,-9.8,AIEMG,1478
[N+]/c1cc([N+](=O)[O-])ccc1C(=O)N1CCc2cc(Cl)ccc21,-9.8,AIEMG,1479
[C@](O)(c1ccccc1)[C@@H]1CCC[C@](N)(OCc2cccnc2)C1,-9.8,AIEMG,1480
Fc1ccc(-n2ccc(CCNC(=O)Nc3ccc(Br)cc3)n2)cc1,-9.8,AIEMG,1481
[NH2+]Cc1ccccc1NC1CCN(C(=O)Cc2ccccc2)CC1,-9.8,AIEMG,1482
[C@@](C#Cc1ccccc1)C(=O)N1CCc2ccccc2C1,-9.8,AIEMG,1483
[C@](C#N)c1cccc(NC(=O)C(=O)N2CCN(c3ccccc3C(=O)N(C)C)CC2)c1,-9.8,AIEMG,1484
[C@]1(C(=O)NC[C@]2(C)CN(C)c3ccc(F)cc32)CCCN1CCc1ccccc1,-9.8,AIEMG,1485
[C@](C#CNC(=O)N[C@H](CO)c1ccc(Cl)cc1)c1ccc(F)c(F)c1,-9.8,AIEMG,1486
[C@H]Oc1ccccc1-n1c(C)cc(C(=O)N[C@@H](C)c2nc(-c3ccccc3)no2)c1C1CC1,-9.8,AIEMG,1487
[C@@](C#Cc1ccccc1[N+](=O)[O-])N1CCc2c(oc3ccccc32)C1,-9.8,AIEMG,1488
Cl[C@@H](CC(=O)NCCc1ccccc1)C(=O)c1ccc(F)cc1,-9.8,AIEMG,1489
[P@@]C1(NC(=O)c2cc3cc(F)cc(F)c3cc2)CCC1,-9.8,AIEMG,1490
[C@H]1CCC[C@@H]1NC(=O)c1ccc(NC(=O)CC2(O)CCOCC2)cc1,-9.8,AIEMG,1491
[P@@]1/C(=C/N=C/C=C/c2ccccc2)N=C1Nc1cccc(C(F)(F)F)c1,-9.8,AIEMG,1492
CCOc1ncc(S(=O)(=O)N2CCN(CC)CC2)cc1-c1nc2c3n(nc2c(=O)[nH]1)CCCC3,-9.8,ChEMBL,1493
[C@H](N)c1cc(Br)ccc1OCc1cc(F)c2c(c1)OCO2,-9.8,AIEMG,1494
O[C@H](CCc1nc2sc(C3CC3)nc2c(=O)[nH]1)c1ccccc1,-9.8,AIEMG,1495
Clc1ccc2[nH]c3c(c2c1)CN(CCS(=O)(=O)c1ccc(Br)cc1)C3,-9.8,AIEMG,1496
Clc1ccc2ccccc2c1C[NH+]1CCC(c2cnn(-c3ccccc3F)n2)CC1,-9.8,AIEMG,1497
CCCCC(C(=O)O)c1csc(NC(=O)c2cccc(COc3ccccc3)n2)n1,-9.8,ChEMBL,1498
N#Cc1ccc2c(Cl)nnc(NCc3ccc4c(c3)OCO4)c2c1,-9.8,ChEMBL,1499
COCc1ccc(-c2nn(Cc3ccccc3)c3ccccc23)o1,-9.8,ChEMBL,1500
FC(F)Oc1ccc(S(=O)(=O)N2CCO[C@@H](c3ccccc3)C2)cc1,-9.8,AIEMG,1501
COc1ccc(C(=O)Nc2ccccc2C#N)cc1OC1CCCC1,-9.8,ChEMBL,1502
CCc1cc(C(C)=O)c(O)cc1OCc1cccc(C(=O)NC(CO)CC(=O)O)n1,-9.8,ChEMBL,1503
[C@H]C1=N[C@@H](NS(=O)(=O)c2ccc(NC(=O)c3ccccc3Cl)cc2)C(C)(C)C1,-9.8,AIEMG,1504
[C@H](C(=O)NCc1ccc(F)cc1)C1(Cc2ccccc2)CCC1,-9.8,AIEMG,1505
[C@H]1C(=O)c2ccccc2C(=O)N1c1ncccn1,-9.8,AIEMG,1506
[C@@](CNC(=O)c1cccc(O)c1)c1cccc(F)c1,-9.8,AIEMG,1507
[C@]1(c2cccs2)NC(=O)N(CC(=O)N2CCN(c3ccc(F)cc3)CC2)C1=O,-9.8,AIEMG,1508
[C@H]Oc1ccc(NC(=S)Nc2ccccc2[N-]S(=O)(=O)c2ccccc2)cc1,-9.8,AIEMG,1509
C[NH+][C@@H]Sc1nc(-c2ccccc2)cc(-c2ccc(OC)c(O)c2)n1,-9.8,AIEMG,1510
[C@](O)(C[C@@H]1CCCCO1)NC(=O)Cc1c[nH]c2ccccc12,-9.8,AIEMG,1511
COc1ccc(COc2nc(N3C4CCC3COC4)ncc2C(=O)NCc2ccccc2)cc1Cl,-9.8,ChEMBL,1512
COc1cc2cc(CO)c(CO)c(-c3ccnc(-n4ncc5ccccc5c4=O)c3)c2cc1OC,-9.8,ChEMBL,1513
CCn1ncc2c(NCc3ccc(OC)c(Cl)c3)c(C(=O)NCc3ccncc3)cnc21,-9.8,ChEMBL,1514
CCCOc1ccc(-c2nccs2)cc1-c1nc2c(c(C)nn2C)c(=O)[nH]1,-9.8,ChEMBL,1515
CCc1ccc([C@@H]2c3[nH]c4ccccc4c3C[C@H]3C(=O)N(CC)C(=O)N23)o1,-9.8,ChEMBL,1516
[C@]Oc1ccc(CN[C@H](c2ccc([N+](=O)[O-])cc2)C(F)(F)F)cc1OC,-9.8,AIEMG,1517
COc1cc2c(NCc3ccc4c(c3)OCCO4)ncnc2c(OC)c1OC,-9.8,ChEMBL,1518
[N+]c1ccccc1OC[C@H]1CCCN1C(=O)Cc1cncc(F)c1,-9.8,AIEMG,1519
CN1C(=O)c2[nH]c(Cc3ccccc3)nc2N2C[C@@H](Cc3ccccc3)N=C12,-9.8,ChEMBL,1520
CCn1c2c(c3c(O)cc(O)cc31)CCn1c-2nc2ccccc2c1=O,-9.8,ChEMBL,1521
CC(C)CCn1c2c(c3ccccc31)CCn1c-2nc2ccccc2c1=O,-9.8,ChEMBL,1522
[C@]1(CC2CCN(C(=O)c3cccc(Cl)c3)CC2)NC(=O)N=C1SCc1nccs1,-9.8,AIEMG,1523
Fc1ccc(/C=C/C2=NO[C@@H](c3cccs3)N2Cc2c[nH]c3ccccc23)cc1,-9.8,AIEMG,1524
[N+]([O-])CN1CCc2nc(NCc3ccccc3)cc(Cl)c2O1,-9.8,AIEMG,1525
[C@@](C#Cc1ccccc1)[C@H]1CCCC[C@H]1C(=O)Nc1ccc(Cl)c(C(F)(F)F)c1,-9.8,AIEMG,1526
FC(F)(F)CC[NH+]1CCC[C@@H]([C@@H]2CCCN(c3nc(C(F)(F)F)c(Cl)cc3Cl)C2)C1,-9.8,AIEMG,1527
Clc1ccc(-c2nnc3n2n2ncnc2-c2ccccc23)cc1,-9.8,AIEMG,1528
[C@H]1CCN(C(=O)CCn2nc(-c3ccccc3)nn2)C1,-9.8,AIEMG,1529
[C@@](C#N)Cn1c(NC(=O)c2cccc(Cl)c2)nc2cc(Cl)ccc21,-9.8,AIEMG,1530
CCCOc1ccc(C(=O)CN2CCN(C)CC2)cc1-c1nc(C(C)C)c(Br)c(=O)[nH]1,-9.8,ChEMBL,1531
FC(F)(F)c1ccc(C[C@H]([NH2+]Cc2ccc[nH]2)C2CC2)cc1,-9.8,AIEMG,1532
[C@@]1(CCl)[C@@H](N/C=C2/C(=O)N(c3cccc(Cl)c3)N=N[C@H]2C(=O)[O-])C(C#N)=C(C#N)c2ccccc21,-9.8,AIEMG,1533
[C@](O)(C[NH+]1CCC[C@H]1C(N)=O)c1nc2sccc2cc1NC(=O)c1ccc(Cl)cc1,-9.8,AIEMG,1534
[C@H]1CCCN1C(=O)CC[NH+]1CCC(Cc2ccccc2)CC1,-9.8,AIEMG,1535
[C@@]1(C(=O)N2CCCS[C@@H]2CNC(=O)c2cccc(F)c2)Nc2ccccc21,-9.8,AIEMG,1536
[C@H]Oc1cccc2cc(C(=O)N[C@@H](C)C(=O)NCc3cccnc3)cn12,-9.8,AIEMG,1537
[NH2+][C@H](Cc1cc(F)cc(F)c1)C(=O)Nc1ccc(Cl)cn1,-9.8,AIEMG,1538
Fc1ccc(Oc2sc3cc(NCc4ccccc4)c[nH+]c3c2CN2CCOCC2)cc1,-9.8,AIEMG,1539
[P@@]#Cc1ccccc1OCc1c[nH]nc1-c1cccc(F)c1,-9.8,AIEMG,1540
Fc1ccc(F)c(CN2CCC(c3nncn3CCc3ccccc3)CC2)c1,-9.8,AIEMG,1541
[N+]1=C[C@H](C(=O)Nc2ccccc2)[C@@H](c2c[nH]c3ccccc23)N1c1ccc(F)cc1,-9.8,AIEMG,1542
[C@@]1(C)C[C@@H]1C(=O)NCc1ccc(CNc2ccccc2F)cc1,-9.8,AIEMG,1543
[C@@]1(c2cnn(-c3ccccc3)c2[O-])NC(=O)N1c1ccc(OC(F)(F)F)cc1,-9.8,AIEMG,1544
Cc1cc[nH]c1CCNc1nc(-c2cccnc2)nc2ccccc12,-9.8,ChEMBL,1545
COc1ccc(-c2oc3c(CC=C(C)C)c(O)cc(O)c3c(=O)c2O)cc1,-9.8,ChEMBL,1546
[C@@]1(Cc2ccccc2)Nc2ncccc2C12CC[NH+](Cc1ccccc1)C2,-9.8,AIEMG,1547
[N+]=C(c1ccccc1F)N1CCC(C[NH2+]Cc2ccc(O)cc2)CC1,-9.8,AIEMG,1548
[C@@][C@@H](NC(=O)c1cn(Cc2ccccc2)nc1-c1ccco1)c1ccc(Cl)cc1,-9.8,AIEMG,1549
CSc1ccc2ncn(Cc3ccc4c(c3)OCO4)c(=O)c2c1,-9.8,ChEMBL,1550
[N+]n1ccc(NC(=O)[C@@H]2CC(=O)N(c3ccccc3)C2)c1Cl,-9.8,AIEMG,1551
[C@@][C@@H]1CCC[C@@H](NC(=O)c2ccc3[nH]c(C)cc3[nH+]2)C1,-9.8,AIEMG,1552
c1cccc(COc2ccc(C[NH2+]Cc3ccccn3)c(C)c2)c1,-9.8,AIEMG,1553
CCn1c(NC(C)C)nc2c(C3CCN(C(=O)c4ccccn4)C3)csc2c1=O,-9.8,ChEMBL,1554
Fc1ccc(-n2nnc(/C=N/c3ccccc3)c2Cl)cc1,-9.8,AIEMG,1555
CCCCCCNS(=O)(=O)c1ccc(OCC)c(-c2nc3c(CCC)nn(C)c3c(=O)[nH]2)c1,-9.8,ChEMBL,1556
c1CCCN(Cc2ccccc2NC(=O)C2CCCCC2)c1[N+](=O)[O-],-9.8,AIEMG,1557
N#Cc1ccc2ncnc(NCc3ccc4c(c3)OCO4)c2c1,-9.8,ChEMBL,1558
[N+]1=C[C@@H]2[C@H](CC2=O)N[C@@H]1/C=C/C(=O)c1ccc(Cl)cc1,-9.8,AIEMG,1559
c1cc(C(=O)Nc2cccc(-n3cccn3)c2)nnc1C[C@@H](C)Cn1cccn1,-9.8,AIEMG,1560
CCc1cc(C(C)=O)c(O)cc1OCc1cccc(C(=O)NCC(=O)O)n1,-9.8,ChEMBL,1561
O=C(c1ccc2ncnc(NCc3ccc4c(c3)OCO4)c2c1)N1CCOCC1,-9.8,ChEMBL,1562
CCc1cc(C(C)=O)c(O)cc1OCc1cccc(C(=O)NC(CO)C(=O)OCc2ccccc2)n1,-9.8,ChEMBL,1563
CCCOc1ccc(NS(C)(=O)=O)cc1-c1nc2c(c(C)nn2C)c(=O)[nH]1,-9.8,ChEMBL,1564
[C@@]Oc1ccccc1-n1cc(C(=O)C[NH+]2CCC(C(N)=O)CC2)c(=O)c2ccccc21,-9.8,AIEMG,1565
FC(F)(F)CCC[NH2+][C@H]1CCc2c(OCc3ccccc3)nc(-c3ccccc3)nc2C1,-9.8,AIEMG,1566
n1ccc(-c2csc(CC[NH+]3CC(C)(Cc4cccnc4)C3)n2)cc1,-9.8,AIEMG,1567
[N+]C(=O)Nc1nnc([C@H]2CC(=O)N(c3cccc(Cl)c3F)C2)s1,-9.8,AIEMG,1568
[C@](C#C[C@H]1CCCCN1C(=O)c1cccc(Cl)c1)c1ccc(N2CCOCC2)cc1,-9.8,AIEMG,1569
[P@@]/N=C(\NCc1cccc2c1CCCC2)N1CCc2ccccc21,-9.8,AIEMG,1570
CCCOc1ccc(NC(N)=O)cc1-c1nc2c(c(C)nn2C)c(=O)[nH]1,-9.8,ChEMBL,1571
[C@H](c1cscc1C#N)[C@@](CC(=O)c1cccc2c1OCO2)c1ccccc1,-9.8,AIEMG,1572
[C@H](C)Oc1ccc(C(=O)Nc2cc[nH+]c(NCC[NH+]3CCCC3)c2C)cc1,-9.8,AIEMG,1573
FC(F)(F)/N=C(\[O-])CCNC(=O)c1ccn(-c2ccccc2)n1,-9.8,AIEMG,1574
COc1ccc(-c2oc3c4c(cc(O)c3c(=O)c2O)OC(C)(C)CC4)cc1,-9.8,ChEMBL,1575
COCCNc1nc(Nc2ccc(C)cn2)c2ccccc2n1,-9.8,ChEMBL,1576
Clc1cccc(CN(Cc2nccc3ccccc23)C2CCCC2)c1,-9.8,AIEMG,1577
[C@@](Cc1ccccc1)C(=O)Nc1ccc(F)c(C(=O)NCCOC2CCCCC2)c1,-9.8,AIEMG,1578
[C@H]Oc1ccc(OCCNC(=O)c2ccc(OCC3CCCCC3)cc2)cc1,-9.8,AIEMG,1579
[C@H]1C=CC(=O)N1CCCNC(=O)c1ccc(Nc2ccccc2)nc1,-9.8,AIEMG,1580
Fc1c(Cl)ccc2nc(Oc3ccccc3)ccc12,-9.8,AIEMG,1581
[C@]1(c2ccccc2Cl)NC(=O)N(Cc2ccccc2CC(C)(C)C)C1,-9.7,AIEMG,1582
[C@@](C#Cc1nc(C2CC2)nn1CC(=O)N1CCCCC1)c1ccc2nncn2c1,-9.7,AIEMG,1583
CCCCn1c2c(c3ccc(OC)cc31)CCn1c-2nc2ccccc2c1=O,-9.7,ChEMBL,1584
[P@@]=C(\N=c1/[nH]c(Cl)nc2c1cnn2-c1ccccc1)c1ccccc1F,-9.7,AIEMG,1585
[P@@]=C(NC(=S)NCc1ccc(Cl)cc1)N1c2ccccc2C[C@H]1Cc1ccccc1,-9.7,AIEMG,1586
[NH2+][C@@H](CN1CCC(Cc2ccccn2)CC1)c1ccc(F)cc1,-9.7,AIEMG,1587
[C@H]1C(=O)N2CCC[C@@](C(=O)Nc3ccccc3F)[C@@H]2C1,-9.7,AIEMG,1588
[N+]=C(c1ccccc1)N1CCN(c2cnn(Cc3ccccc3)c(=O)c2[N+](=O)[O-])CC1,-9.7,AIEMG,1589
[C@@](CN/C=C1\C(=O)NC(=O)c2ccccc21)CCn1cc(Cl)cn1,-9.7,AIEMG,1590
[N+]=C1/C(=N/C(=O)c2ccc(O)cc2O)SC(=S)N1c1ccccc1,-9.7,AIEMG,1591
[P@@]1C[C@@H](c2ccc(F)cc2F)CN1c1ccc(Br)cc1,-9.7,AIEMG,1592
[N+]=C(c1cccc(OC(F)F)c1)N1CC[NH+](CC(=O)N2CCC(O)CC2)C1,-9.7,AIEMG,1593
[C@](C#Cc1ccccc1)C(=O)N/N=C/c1ccc(Oc2ccccc2)cc1,-9.7,AIEMG,1594
Fn1cc(/C=C(\C#N)C(=O)N2CC[C@H](c3ccccc3)C2)cc1,-9.7,AIEMG,1595
Fc1ccc(Cl)c(C[NH+]2CCC(c3nc(COC(=O)c4ccccc4F)c[nH+]c3N3CCCC3)CC2)c1,-9.7,AIEMG,1596
[C@H]1c2ccccc2C(=O)N1c1cnn(CC[NH+]2CCC[C@]3(CC(C)(C)CSC3)C2)c1,-9.7,AIEMG,1597
FCCOc1ccc(CCNC(=O)[C@H]2CCCN(S(=O)(=O)c3ccc(Cl)s3)C2)[n+](C(F)F)c1,-9.7,AIEMG,1598
N/C(=N/NC(=O)CCc1c[nH]c2ccccc12)[C@@H](O)Cn1cccn1,-9.7,AIEMG,1599
[C@H]Oc1cccc(NC(=O)c2ccccc2Cn2ccc(C#N)c2)c1,-9.7,AIEMG,1600
[C@]1(c2cccnc2)O[C@H]([NH2+]Cc2ccc(C[NH+]3CCCC3)cc2)CS1,-9.7,AIEMG,1601
[C@]1(C(C)(C)C(=O)NCc2ccccc2F)C(=O)C=C1c1ccccc1Cl,-9.7,AIEMG,1602
[C@H]1C(=O)c2ccc(OC[C@@H]3CCCCO3)cc2[C@H]1C(=O)NCc1ccccc1F,-9.7,AIEMG,1603
c1ncc(CN2CCC[C@](CO)(C(F)(F)F)C2)nc1-c1cc[nH+]c(N(C)C)c1,-9.7,AIEMG,1604
Cln1ccnc1Cc1ccc(OC2CCC(Nc3ncccn3)CC2)cc1,-9.7,AIEMG,1605
[C@H](C)c1ccccc1CN1C[C@H](c2ccncc2)n2cccc2C1=O,-9.7,AIEMG,1606
[C@H]1CCCN(c2ccc(-c3ncccc3Cl)cc2)C1,-9.7,AIEMG,1607
C[C@](O)(CNC(=O)CCC(=O)N1CCCCC1)c1ccccc1[N+](=O)[O-],-9.7,AIEMG,1608
[C@]Oc1ccc(NC(=O)[C@]2([C@@H]3C=c4ccccc4=[NH+]C3=O)N=N2)cc1OC(C)C,-9.7,AIEMG,1609
c1csc(S(=O)(=O)N2CCC[C@@H]2c2nnc(-c3ccccc3Cl)o2)c1,-9.7,AIEMG,1610
[C@H]1C(C)(C)C[C@@]1(O)CCNc1nc(C(C)(C)C)nc2cc(F)ccc12,-9.7,AIEMG,1611
Fc1ccccc1C(=O)/C(CCOc1ccc(F)cc1)c1ccccc1,-9.7,AIEMG,1612
[C@](C#Cc1ccc(CCC(=O)N2CCN(C(C)C)CC2)cc1)c1c([O-])c(CC(N)=O)s1C,-9.7,AIEMG,1613
[C@@]Oc1ccc(S(=O)(=O)N2CCc3nc4c(C)cccc4cc32)cc1OC,-9.7,AIEMG,1614
[C@](COC(=O)[C@@H]1C(=O)N(Cc2ccccc2)c2ccccc21)c1nc([C@@H]2CCCC[NH+]2CC(=O)NC2CCCCC2)no1,-9.7,AIEMG,1615
[P@@]=C(Cc1ccnc(OC2CCCC2)c1)NCc1cccc(Cl)c1,-9.7,AIEMG,1616
Fc1ccc(-c2cccc3ncccc23)c(CNc2ccccc2OCC(F)(F)F)c1,-9.7,AIEMG,1617
[C@]1(C(=O)Nc2ccc(Cl)c(Br)c2)C=C(C(=O)[O-])[C@H]1CCOc1ccc(Cl)cc1,-9.7,AIEMG,1618
NC(=O)c1ccc(-c2csc(NC(=O)C3CCN(c4ccc(F)cc4)CC3)n2)cc1,-9.7,AIEMG,1619
O[C@](Cc1ccccc1)c1cc(Cl)cc2c1CCOC2,-9.7,AIEMG,1620
[C@]1(CCC(=O)NC[C@@H](C#N)c2ccc(F)cc2)CCCN1Cc1ccccc1,-9.7,AIEMG,1621
Fc1cc(CN2CC[NH+](Cc3cccc(F)c3F)CC2)c([N+](=O)[O-])cc1,-9.7,AIEMG,1622
[C@H]Oc1cccc(NC(=O)COc2ccccc2[C@@H]2CCCN2C(=O)C2CCCC2)c1,-9.7,AIEMG,1623
NS(=O)(=O)c1cccc(C(F)(F)F)c1NCc1nc2ccccc2c(=O)[nH]1,-9.7,AIEMG,1624
[C@](C#CNC[C@H]1CCCN(C(=O)c2ccc(Cl)cc2)C1)c1cnnn1C1CC1,-9.7,AIEMG,1625
[C@@]1(NC(=O)c2ccc(N(C)C(C)(C)C)cc2)CCC[NH+]1Cc1ccccc1,-9.7,AIEMG,1626
[C@@]1(Cc2ccc(-n3cccn3)c(Cl)c2)SC(=S)N1c1ccccc1F,-9.7,AIEMG,1627
[C@@](C#C[C@@H](O)COc1cccc(C[NH+]2CCCC2)c1)c1ccc(F)cc1,-9.7,AIEMG,1628
[N+]n1ccc(CN2CCN([C@@H]3CCN(c4ccccc4)CC3)C2)c1Cl,-9.7,AIEMG,1629
[C@H]Oc1cccc(C(=O)Nc2cc(F)ccc2F)c1,-9.7,AIEMG,1630
FC(F)(F)COc1cc(F)ccc1CNC(=O)[C@@H]1CC=CC[C@@H]1C(=O)N1CCOCC1,-9.7,AIEMG,1631
[N+]1=CCCC[C@@H]1c1[nH]c2ccccc2c1C[NH+]1CC(C2=CCCCC2)C1,-9.7,AIEMG,1632
CN1CCN(C(=O)c2ccc(-c3cc(Cl)c4c(c3)C3(CCCCC3)NC(=O)N4)cc2)CC1,-9.7,ChEMBL,1633
O=C(Cc1csc(NC(=O)c2cccc(SC(F)(F)F)c2)n1)NO,-9.7,ChEMBL,1634
COc1cc2c(NCc3ccc4c(c3)OCO4)ncnc2c(OC)c1OC,-9.7,ChEMBL,1635
CCOc1ccccc1-c1nc(O)c2nc3ccc(Br)c(C)n3c2n1,-9.7,ChEMBL,1636
CCCn1c2c(c3ccccc31)CCn1c-2nc2ccccc2c1=O,-9.7,ChEMBL,1637
CCOCCn1c(=O)c(NCC2CCOCC2)nc2ccc(-c3ccc(F)cc3)nc21,-9.7,ChEMBL,1638
CC1(C)C(=O)Nc2nc(-c3nn(Cc4ccccc4F)c4ncccc34)nc(C#CC3CC3)c21,-9.7,ChEMBL,1639
C[C@@H](Nc1nc2c(cnn2C2CCCC2)c(=O)[nH]1)C(=O)N1CC[C@H](F)C1,-9.7,ChEMBL,1640
Fc1ncc(F)c(-c2ccccc2)c1NCc1ccc(Cl)cc1Cl,-9.7,AIEMG,1641
CC(C)=CCc1c(O)cc(O)c2c(=O)cc(-c3ccc(O)cc3)oc12,-9.7,ChEMBL,1642
Cc1ccc(-c2cc(C(F)(F)F)nn2-c2ccc(S(N)(=O)=O)cc2)cc1,-9.7,ChEMBL,1643
[N+]c1ccccc1-c1nsc(NC(=O)[C@H]2CC=CCC2)n1,-9.7,AIEMG,1644
CC1(C)C(=O)Nc2nc(-c3nn(Cc4ccccc4F)c4ncccc34)nc(/C=C\C3CC3)c21,-9.7,ChEMBL,1645
CCn1ncc2c3c(NCc4ccc(OC)c(Cl)c4)nnc(-n4cnc(C(=O)NC)c4)c3cnc21,-9.7,ChEMBL,1646
CN(C)C(=O)c1ccc2ncnc(NCc3ccc4c(c3)OCO4)c2c1,-9.7,ChEMBL,1647
Cc1ncc(-c2cnc(N3CCc4c([nH]c5ccccc45)C3c3ccc4c(c3)CCO4)nc2)n1C,-9.7,ChEMBL,1648
[P@@]=C(Nc1ccc2c(c1)OCO2)c1cc(F)ccc1F,-9.7,AIEMG,1649
CCc1cc(C(C)=O)c(O)cc1OCc1cccc(C(=O)NCOCC(=O)O)n1,-9.7,ChEMBL,1650
Nc1nc2c(c(=O)n(CC3CC3)c(=O)n2CC2CC2)n1S(=O)(=O)c1cccc(C(F)(F)F)c1,-9.7,ChEMBL,1651
FC(F)Oc1ccccc1Nc1ccc2ncccc2c1,-9.7,AIEMG,1652
n1ccc(-c2nc(CN(Cc3ccco3)c3n[nH]c4ccccc34)c2C#N)cc1,-9.7,AIEMG,1653
[C@H]1CCN(C(=O)/C=C/c2cccc(-n3cccn3)c2)C1,-9.7,AIEMG,1654
[N+]1=CCCC[C@@H]1c1nc(-c2ccc(F)cc2)n[nH]1,-9.7,AIEMG,1655
[C@](O)(CCc1cnn(-c2ccccc2)c1)c1cccnc1,-9.7,AIEMG,1656
[NH+](NCCc1ncc(C2CC2)n1C[C@@H]1CO[C@H](Cn2CCCC2)C1)[C@H]1CCS(=O)(=O)C1,-9.7,AIEMG,1657
[P@@]=C(Nc1cccc(C(F)(F)F)c1)c1ccccc1Cl,-9.7,AIEMG,1658
COc1ccc(CNc2c3c(nc4ccc(C#N)cc24)CCN(C)C3)cc1Cl,-9.7,ChEMBL,1659
CCOc1ccccc1-c1nc(O)n2c(C)nc(C3CCCC3)c2n1,-9.7,ChEMBL,1660
N#Cc1cc(C2CC2)c2ncc(CO)c(NCc3ccc4c(c3)OCO4)c2c1,-9.7,ChEMBL,1661
[P@@](=C/c1ccc2ccccc2c1)N[C@@H]1CCCC[C@@H]1CCO,-9.7,AIEMG,1662
O=C(O)c1ccc(-c2c(/C=C/c3ccc4ccccc4n3)nc3c(N4CCOCC4)ccnn23)cc1,-9.7,ChEMBL,1663
FC(F)(F)CC[NH2+][C@@H]1CCN(CC2CCN(c3ccc(F)cc3)CC2)C1,-9.7,AIEMG,1664
FC(F)c1ccc(O[C@H]2CCO[C@@]3(CCC[NH2+]C3)C2)cc1,-9.7,AIEMG,1665
Fc1cccc(NC2CC[NH+](CCOc3c(F)cccc3F)CC2)n1,-9.7,AIEMG,1666
[P@@]#Cc1cccc(N2CCC(C[NH2+]Cc3ccccc3)CC2)c1,-9.7,AIEMG,1667
[C@H](C(=O)Cc1ccc(F)c(F)c1)c1ccccc1O,-9.7,AIEMG,1668
[C@H](C)c1ccc(C(=O)Nc2ccc(F)cc2Br)cc1,-9.7,AIEMG,1669
[C@](O)(c1ccccc1)C(=O)/C=C/c1ccccc1O,-9.7,AIEMG,1670
[C@]1(c2ccc(Cl)cc2)NC(=O)N(c2ccc(Cl)cc2)C1,-9.7,AIEMG,1671
[C@](C#N)(CNC(=O)N[C@H]1C=C[C@@H](C(=O)[O-])CC1)c1ccc(F)cc1,-9.7,AIEMG,1672
CCCn1c2c(c3c(O)cc(O)cc31)CCn1c-2nc2ccccc2c1=O,-9.7,ChEMBL,1673
[C@H]Oc1ccccc1C[C@@H](N)CNc1ccc2c(c1)CCC2,-9.7,AIEMG,1674
Cn1c(=O)n(CC(=O)N2CCN(C(=O)CCc3ccccc3)CC2)c2ccccc21,-9.7,AIEMG,1675
[N+]n1cc(-c2ccccc2)cc1/C=N/NC(=O)COc1ccc(Br)cc1,-9.7,AIEMG,1676
NS(=O)(=O)c1cccc(Nc2nc(NC3CCN(Cc4ccccc4)CC3)c3nc[nH]c3n2)c1,-9.7,ChEMBL,1677
O[N+](c1ccccc1)N1CCC(CN(CCO)Cc2ccccc2)CC1,-9.7,AIEMG,1678
C=CCC1(C)C(=O)Nc2nc(-c3nn(Cc4ccccc4F)c4ncccc34)nnc21,-9.7,ChEMBL,1679
CCCOc1ccc(S(=O)(=O)N2CCN(C)CC2)cc1-c1nc(CC)c(C)c(=O)[nH]1,-9.7,ChEMBL,1680
COc1ccc2c(NC(C)Cc3cc(C)[nH]n3)ncnc2c1OC,-9.7,ChEMBL,1681
N#Cc1c(N)nc(SCC(=O)Nc2ccc(F)cc2)c(C#N)c1-c1ccccc1,-9.7,ChEMBL,1682
FC(F)(F)CCCNC(=O)[C@@H](c1cccc([N+](=O)[O-])c1)Nc1ccccc1F,-9.7,AIEMG,1683
Cc1nc2c([C@H](C)c3ccc(C(F)(F)F)c(F)c3)nn(CCO)c2c(=O)[nH]1,-9.7,ChEMBL,1684
Cc1cccc(C(=O)Nc2nc(CC(=O)NO)cs2)c1Br,-9.7,ChEMBL,1685
CC(=O)N1CCc2nc3ccc(C#N)cc3c(NCc3cc(F)c(F)c(F)c3)c2C1,-9.7,ChEMBL,1686
CCOc1ccc(C(=O)NO)cc1-c1nc2c(CC)nn(C)c2c(=O)[nH]1,-9.7,ChEMBL,1687
O=C(Cc1csc(NC(=O)CCC(=O)c2ccccc2)n1)NO,-9.7,ChEMBL,1688
[N+]1=CC=C[C@H]1Cc1nnc(-c2ccc(Cl)cc2)n1Cc1ccccc1F,-9.7,AIEMG,1689
CN(Cc1ccccc1)c1nc(-c2ccccc2)nc2ccccc12,-9.7,ChEMBL,1690
CCOc1ccc(S(=O)(=O)N2CCN(C)CC2)cc1-c1nc(O)c2nc3cccc(CC)n3c2n1,-9.7,ChEMBL,1691
Fc1ccc(C(=O)O[C@@H]2CCc3ccccc32)cc1,-9.7,AIEMG,1692
CC(=O)Nc1cccc(-c2nnc(O)n3c(Br)c(Br)nc23)c1,-9.7,ChEMBL,1693
Cl[C@H](CC(=O)Nc1ccc([N+](=O)[O-])cc1)C(=O)Nc1ccc(N2CCCCC2)cc1,-9.7,AIEMG,1694
c1ccc(-c2nc(NCC3CCCO3)c3ccccc3n2)cc1,-9.7,ChEMBL,1695
c1ccc(-c2nc(NCc3ccco3)c3ccccc3n2)cc1,-9.7,ChEMBL,1696
[C@@]n1c(C(=O)Oc2ccc(F)cc2F)nc2ccccc21,-9.7,AIEMG,1697
C=CCC1(C)C(=O)Nc2nc(-c3nn(Cc4ccccc4F)c4ncc(F)cc34)nnc21,-9.7,ChEMBL,1698
[C@@](C#Cc1n[nH]c2c1CCC2)NC[C@@H](O)c1ccc(Cl)cc1,-9.7,AIEMG,1699
COc1cc2c(NCCc3ccc([N+](=O)[O-])cc3)ncnc2c(OC)c1OC,-9.7,ChEMBL,1700
[C@](C#C/N=C(\C#N)C(=O)NCc1ccccc1)c1ccc(Cn2cccn2)cc1,-9.7,AIEMG,1701
c1ccc(CNc2nc(-c3ccco3)nc3ccccc23)cc1,-9.7,ChEMBL,1702
[C@]1(COc2ccccc2)c2cc(Cl)ccc2NC1=O,-9.7,AIEMG,1703
[C@]1(c2cccs2)NC(=O)N(c2ccc(OC(F)(F)F)cc2F)C1,-9.7,AIEMG,1704
[P@@]1(=O)C[C@@H](c2ccc(Cl)c(Cl)c2)N(Cc2cc(C(F)(F)F)ccc2F)C1,-9.7,AIEMG,1705
[N+]([O-])c1cc(F)ccc1NC[C@H]1CCC[NH+](C2CCCC2)C1,-9.7,AIEMG,1706
[C@](O)(C(=O)CCN1C(=O)COc2ccccc21)c1ccccc1,-9.7,AIEMG,1707
COc1ccc(CNc2nc(N3CCC[C@@H]3CO)ncc2C(=O)NCc2ccccn2)cc1Cl,-9.7,ChEMBL,1708
[C@][C@@]1(c2cccc(OC3CCCC3)c2)NC(N)=NC1=S,-9.7,AIEMG,1709
[C@]1(COc2ccccc2C(N)=O)C[NH+]1Cc1cccc([N+](=O)[O-])c1,-9.7,AIEMG,1710
[C@](C#Cc1csc(-c2ccccc2)n1)NC1CCC(O)CC1,-9.7,AIEMG,1711
CCCn1c2c(c3ccc(OC)cc31)CCn1c-2nc2ccccc2c1=O,-9.7,ChEMBL,1712
CCCn1c2c(c3ccc(O)cc31)CCn1c-2nc2ccccc2c1=O,-9.7,ChEMBL,1713
[C@](C#N)([C@H](N)c1nc2ccccc2s1)[NH+]1CCCc2ccccc21,-9.6,AIEMG,1714
[N+]1=CN=C([C@@H]2NC(=O)N(CCSc3ccccc3)c3ccc(Cl)cc32)S1,-9.6,AIEMG,1715
[N+]c1ccc(Nc2ncnc3sc(C(C)C)cc23)c(F)c1,-9.6,AIEMG,1716
[C@@](C#C/C=C1/CS[C@H](c2ccc(F)cc2)NC1=O)c1cccnc1,-9.6,AIEMG,1717
[N+]1=CCCC[C@H]1C(=O)N1CCC(NC2=Cc3ccccc3C(=O)N2C2CCC2)CC1,-9.6,AIEMG,1718
O[N+]1(c2ccccc2)c(=O)n(-c2cccc(Br)c2)N1,-9.6,AIEMG,1719
c1ccc(-c2nc3nc[nH]c3cc2[N-]C2CCCCC2)cc1,-9.6,AIEMG,1720
[C@@](C)(C(=O)Nc1c(C)cccc1C)S(=O)(=O)c1ccc(F)cc1,-9.6,AIEMG,1721
[C@H]2/C(=N\c3ccccc3)c3ccccc3C(=O)N2c1cccnc1,-9.6,AIEMG,1722
[P@@]/C(=N/Nc1cccc(OCC(=O)N2CCN(Cc3cccs3)CC2)c1)c1ccccc1,-9.6,AIEMG,1723
O[C@H]1c2cc(F)ccc2C(=O)N1C[C@@H](O)C[NH+](CCO)Cc1ccccc1,-9.6,AIEMG,1724
[C@@]Oc1ccc(NC(=O)COC2=NC(=O)CS2)cc1OC/N=C/[C@@H]1C(=O)c2ccccc2C1=O,-9.6,AIEMG,1725
[N+](=O)c1cccc(NC(=O)Cn2cc(C(=O)[O-])ccc2=O)c1,-9.6,AIEMG,1726
[C@H]1CCN(C(=O)CNC(=O)[C@@H](Oc2ccccc2)c2ccccc2)C1,-9.6,AIEMG,1727
[C@]1(c2ccco2)NC(=O)N(CC(=O)[C@@H](C#N)c2nc(-c3ccc(F)cc3)nn2-c2ccccc2)C1=O,-9.6,AIEMG,1728
[N+](=O)c1ccccc1C(=O)N1CCN(c2ncc(Cl)cn2)CC1,-9.6,AIEMG,1729
[C@H]Oc1ccc(CN2CCN(c3cc(C)[nH+]cc3C#N)C[C@H]2c2c[nH]c3c(C)cccc23)cc1,-9.6,AIEMG,1730
[N+]c1ccc(CC(=O)N2CCc3[nH]c4ccccc4c3C2)cc1,-9.6,AIEMG,1731
[N+](=C/c1cccc2c1OCCO2)c1ccccc1[N+](=O)[O-],-9.6,AIEMG,1732
[C@H]Oc1cc(CN2CCC[C@H](NC(=O)c3ccc(F)c(F)c3)C2)cc(Br)c1OC(C)C,-9.6,AIEMG,1733
[N+]=Cc1cn(CC(=O)c2ccsc2)c2c1CCN(Cc1ccccc1)C2,-9.6,AIEMG,1734
ClC1=c2ccccc2=[NH+][C@H]1C[C@H](c1ccc(F)cc1)N1C[C@H](Cc2ccccc2)CC1,-9.6,AIEMG,1735
[N+]n1c(=O)c2ccccc2nc1-c1ccc(Br)cc1C(F)(F)F,-9.6,AIEMG,1736
[P@@]C1(CNC(=O)C2=C/C(=c3c(Cl)cc(C(=O)[O-])cc3=O)N=NC2)CCC1,-9.6,AIEMG,1737
c1ccc(CC[C@@H]2CCCN(C(=O)C3CCCCC3)C2)c(OC(F)F)c1,-9.6,AIEMG,1738
Cn1nccc1-c1cccc(NC(=O)NCC[C@@H]2CCCO2)c1,-9.6,AIEMG,1739
[N+]c1ccnc(O[C@H]2CCC(=O)N[C@@H]2c2ccc(F)cc2F)c1,-9.6,AIEMG,1740
Fc1ccc(-c2nc(C[S@@](=O)CCNC(=O)c3ccc(OC(F)F)cc3)no2)cc1,-9.6,AIEMG,1741
[C@@](C#Cc1n[nH]nc1C1CC[NH+](Cc2csc3cc(Cl)ccc23)CC1)[C@@H]1CCCO1,-9.6,AIEMG,1742
[P@@]1CO[C@H](c2ccc(F)cc2)N1/N=C/c1ccc([N+](=O)[O-])cc1,-9.6,AIEMG,1743
[N+]c1cccc(C[NH+]2CCC(Oc3ccccc3F)CC2)c1,-9.6,AIEMG,1744
Fc1ccc(N[C@@H]2CCCN(c3cccc(F)c3)C2)cc1,-9.6,AIEMG,1745
[C@H]1CCN(C(=O)c2ccc(Cl)cc2N2CCc3ccccc32)C1,-9.6,AIEMG,1746
CCCCCCCNS(=O)(=O)c1ccc(OCC)c(-c2nc3c(CCC)nn(C)c3c(=O)[nH]2)c1,-9.6,ChEMBL,1747
Fc1ccccc1N1CCN(CNc2ccccc2F)CC1,-9.6,AIEMG,1748
FC(F)(F)c1ccc(S(=O)(=O)N2CCN=C2c2ccccc2)cc1,-9.6,AIEMG,1749
[C@]1(CCc2ccccc2)c2ccccc2N1C(=O)COc1ccccc1[N+](=O)[O-],-9.6,AIEMG,1750
CCCn1c(=O)[nH]c(=O)c2[nH]c(-c3cc(S(=O)(=O)N4CCN(C)CC4)ccc3OCC)nc21,-9.6,ChEMBL,1751
CCOCc1nn(Cc2ccccc2)c(=O)c2nc(C)n3nc(-c4ccccc4)cc3c12,-9.6,ChEMBL,1752
CCCOCCn1c(=O)c(NCC(=O)N2CCOCC2)nc2ncc(-c3ccc(OC)nc3)cc21,-9.6,ChEMBL,1753
OCc1ccc2ncnc(NCc3ccc4c(c3)OCO4)c2c1,-9.6,ChEMBL,1754
O=C(CCc1ccccc1)O[C@@H]1c2oc(CCc3ccccc3)cc(=O)c2[C@H](O)[C@@H](O)[C@H]1O,-9.6,ChEMBL,1755
[C@@]1([O-])CN=C(Nc2ccccc2N2C[C@@H](C)O[C@@H]2C#Cc2ccccc2)C1,-9.6,AIEMG,1756
Cc1cc(-c2nc(-c3nn(Cc4ccccc4F)c4ncccc34)nc3c2C(C)(C)C(=O)N3)n(C)n1,-9.6,ChEMBL,1757
[C@H]Oc1cc(NCc2ccc(Cl)cc2)ccc1NC(=O)c1ccco1,-9.6,AIEMG,1758
CCN1C(=O)[C@@H]2Cc3c([nH]c4ccccc34)[C@@H](c3ccc(C)o3)N2C1=O,-9.6,ChEMBL,1759
CCCOc1ccccc1-c1nc(O)c2cncnc2n1,-9.6,ChEMBL,1760
[C@H]1CC(C(=O)NCC(C2CC2)[C@H]2C[C@@H]2C(=O)[O-])=N/C1=N\c1ccc(O)cc1,-9.6,AIEMG,1761
CCCn1nc(C)c2c(=O)[nH]c(-c3cc(S(=O)(=O)N4CCN(C)CC4)ccc3OCC)nc21,-9.6,ChEMBL,1762
O=C(O)c1cc2nc(Cc3cccc(Cl)c3)[nH]c(=O)c2s1,-9.6,ChEMBL,1763
CCOc1ccccc1-c1nc(O)c2c(C)nc(C3CCCC3)n2n1,-9.6,ChEMBL,1764
[P@@]1C[C@H](c2cnn(C[C@@H]3CCCO3)c2)C[NH+]1Cc1cc(Cl)c(O)cc1Br,-9.6,AIEMG,1765
[N+]/c1nnc(N2CCC[C@@H](CS(=O)(=O)c3ccccc3)C2)c(=O)[nH]1,-9.6,AIEMG,1766
CCCOCCn1c(=O)c(N2C[C@H]3C[C@@H]2CN3)nc2cnc(-c3ccc(OC)nc3)cc21,-9.6,ChEMBL,1767
[C@H](C)n1nnnc1CSc1nnc(C2CC2)n1Cc1cccc2ccccc12,-9.6,AIEMG,1768
CN(C)c1cccc(C(=O)Nc2nc(CC(=O)NO)cs2)c1,-9.6,ChEMBL,1769
O=c1c(NCCN2CCOCC2)nc2ccc(-c3ccc(O)nc3)nc2n1CC1CCCCC1,-9.6,ChEMBL,1770
[C@H](C(=O)Nc1c(C(=O)[O-])cnn1C)c1ccc(C(F)(F)F)cc1,-9.6,AIEMG,1771
c1ccc(-c2nc(NC3CCCC3)c3ccccc3n2)cc1,-9.6,ChEMBL,1772
COc1ccc2c(-c3ccc(CO)o3)nn(Cc3ccccc3)c2c1,-9.6,ChEMBL,1773
OCc1ccc(-c2nn(Cc3ccccc3)c3cc(F)ccc23)o1,-9.6,ChEMBL,1774
COc1ccc2c(N[C@@H](C)Cc3cc(C)[nH]n3)ncnc2c1OC,-9.6,ChEMBL,1775
c1ccc(-c2nc(NCc3cccs3)c3ccccc3n2)cc1,-9.6,ChEMBL,1776
[C@]1(Cc2cccnc2)C[C@]2(C)CC(=O)N1[C@@H](c1ccc(-n3cncn3)cc1)N2,-9.6,AIEMG,1777
[C@]1(C[NH+]2CCC[C@@H]2CNC(=O)COc2ccccc2NC(=O)[C@H]2C[C@H]2C)NC1=O,-9.6,AIEMG,1778
FC(F)(F)c1ccc(-c2csc(Nc3ccccc3)n2)cc1,-9.6,AIEMG,1779
CCCc1nc(C)c2c(=O)[nH]c(-c3cc(S(=O)(=O)N4CCN(C)CC4)ccc3OCC)nn12,-9.6,ChEMBL,1780
FC(F)(F)[C@H]1CCN(C(=O)/C=C/c2ccccc2[N+](=O)[O-])C1,-9.6,AIEMG,1781
CC(=O)N1CCc2nc3ccc(C#N)cc3c(NCc3ccnc(Cl)c3)c2C1,-9.6,ChEMBL,1782
COc1ccc(CNc2nc(N3CCC4(CC4)C3)ncc2C(=O)N[C@H]2CC[C@@H](O)CC2)cc1Cl,-9.6,ChEMBL,1783
FC(F)COc1ccccc1OC1CCN(C(=O)[C@@H]2CCCN(c3ccccc3)C2)CC1,-9.6,AIEMG,1784
COC(=O)c1cccc(Nc2nc(-c3ccccc3)nc3ccccc23)c1,-9.6,ChEMBL,1785
CCCOc1ncc(C(C)=O)cc1-c1nc(O)c2nn(C3CCN(C)CC3)c(CC)c2n1,-9.6,ChEMBL,1786
[C@H]Oc1cccc(C(=O)N[C@@H](Cn2cc[nH+]c2)c2c[nH]c3ccccc23)c1,-9.6,AIEMG,1787
[C@@](C#Cc1ccccc1)C(=O)N[C@H](C(=O)N1CCCC1)C(F)(F)F,-9.6,AIEMG,1788
COc1ccc(CNc2nc(OCc3ccccn3)ncc2C(=O)OCc2ncccn2)cc1Cl,-9.6,ChEMBL,1789
CCCOCCn1c(=O)nc(NC2CCCC(C(=O)O)C2)c2nnc(-c3ccc(OC)nc3)cc21,-9.6,ChEMBL,1790
COc1ccc(CNc2nc(N3CC4CC4C3)ncc2C(=O)N[C@H]2CC[C@H](O)CC2)cc1Cl,-9.6,ChEMBL,1791
O=C(Nc1nc(C2(C(=O)NO)CCOCC2)cs1)c1cccc(COc2ccccc2)n1,-9.6,ChEMBL,1792
[C@@](CNS(=O)(=O)c1ccc(S(N)(=O)=O)cc1)c1ccccc1OCc1c[nH]cn1,-9.6,AIEMG,1793
[N+]1=N/[C@H](C(=O)Nc2ccccc2F)c2ccccc21,-9.6,AIEMG,1794
CCCOc1ccc(NC(C)=O)cc1-c1nc2c(c(C)nn2C)c(=O)[nH]1,-9.6,ChEMBL,1795
[C@](C#C[C@@H]1CCCN1C(=O)c1ccc([N+](=O)[O-])s1)c1ccc(F)cc1,-9.6,AIEMG,1796
NS(=O)(=O)c1cccc(Nc2nc(NC3CCN(Cc4ccccc4)CC3)c3ccccc3n2)c1,-9.6,ChEMBL,1797
C[C@H](CCC(C)C)NC(=O)[C@@H]1C[C@]12CCc1ccccc12,-9.6,AIEMG,1798
[C@]1(C[NH2+][C@H]2CC[C@@H](C(F)(F)F)O2)[C@@H](O)[C@@H](O)c2ccccc21,-9.6,AIEMG,1799
[C@@H]1C(=O)N(C2CCN(C(=O)c3ccccc3Cl)C2)CC1,-9.6,AIEMG,1800
CC(C)CNc1nc(Nc2ccc(S(=O)(=O)N3CCN(C)CC3)cc2)nc2ccccc12,-9.6,ChEMBL,1801
O=C1Nc2c(Cl)cc(-c3ccncc3)cc2C2(CCCCC2)N1,-9.6,ChEMBL,1802
CCc1cc(C#N)cc2c(NCc3ccc(OC)c(Cl)c3)c3c(nc12)CCN(C)C3,-9.6,ChEMBL,1803
CCOc1ccc(CC(=O)NO)cc1-c1nc2c(CC)nn(C)c2c(=O)[nH]1,-9.6,ChEMBL,1804
[C@](C#N)(NC(=O)N[C@@H](C)c1ccc(OC2CCCC2)c([N+](=O)[O-])c1)c1ccccc1,-9.6,AIEMG,1805
[N+]=Cc1ccc(Cn2c(Nc3ccccc3)nc3ccccc32)cc1,-9.6,AIEMG,1806
[C@H]Oc1ccc(NC(=O)c2ccccc2)cc1OC(=O)Cc1ccccc1Cl,-9.6,AIEMG,1807
[C@H](c1ccc(S(N)=O)cc1)N1CCN([C@@H](c2ccccn2)c2cccc(F)c2)CC1,-9.6,AIEMG,1808
CCn1ncc2c3c(NCc4ccc(OC)c(Cl)c4)nnc(N4CCC(O)CC4)c3cnc21,-9.6,ChEMBL,1809
[C@]1(C(=O)c2ccccc2)c2ccccc2C(=O)N1c1ccc(F)cc1,-9.6,AIEMG,1810
CCCc1nn(C)c2c(=O)[nH]c(-c3cc(NCCC(=O)NO)ccc3OCC)nc12,-9.6,ChEMBL,1811
CCn1c(NC(C)C)nc2c(C3CCN(C(=O)c4cccc(C)n4)C3)csc2c1=O,-9.6,ChEMBL,1812
COc1cc2c(OCc3ccc4c(c3)OCO4)ncnc2c(OC)c1OC,-9.6,ChEMBL,1813
c1nn(CN2CCN(C(=O)[C@@H]3CCCN(Cc4ccc(F)cc4)C3)CC2)cc1F,-9.6,AIEMG,1814
CC(C)=CCc1c(O)cc(O)c2c1OC(c1ccc(O)cc1)CC2=O,-9.6,ChEMBL,1815
COc1cc(OC)c(OC)c(C(=O)Nc2nc(CC(=O)NO)cs2)c1,-9.6,ChEMBL,1816
SC(NC[C@H]1CCc2ccccc21)c1ccccc1,-9.6,AIEMG,1817
COc1ccc(CNc2c3c(nc4ccc(C#N)cc24)NCCNC3=O)cc1Cl,-9.6,ChEMBL,1818
Cc1ccc2c(-c3nnc4c(n3)NC(=O)C43CC3)nn(Cc3ccc(C)c(F)c3F)c2n1,-9.6,ChEMBL,1819
[N+]n1c(=O)n([C@@H]2CCCO2)c2c1N[C@@H](c1cccc(F)c1)C2,-9.6,AIEMG,1820
FC(F)C(F)(F)c1cccc(NCc2ccccc2)c1F,-9.6,AIEMG,1821
CC1(c2nncs2)C(=O)Nc2nc(-c3nn(Cc4ccccc4F)c4ncccc34)ncc21,-9.6,ChEMBL,1822
[N+][C@@H]1CCCCN1C(=O)c1c[nH+]ccc1N1CCc2ccccc21,-9.6,AIEMG,1823
FC(F)(F)c1ccc(NC(=O)[C@@H]2COc3ccc(Cl)cc3N2)cc1,-9.6,AIEMG,1824
CCCc1nc(C)c2c(=O)nc(-c3cc(S(=O)(=O)N4CCN(CC)CC4)ccc3OCC)[nH]n12,-9.6,ChEMBL,1825
CCOc1ccc(S(=O)(=O)N2CCN(C)CC2)cc1-c1nc(O)c2nc3cc(C)ccn3c2n1,-9.6,ChEMBL,1826
CCN1C(=O)c2[nH]c(Cc3ccccc3)nc2N2C[C@@H](Cc3ccccc3)N=C12,-9.6,ChEMBL,1827
[C@H](C)c1ccc(C(=O)N[C@H](CSc2cnn(C)c2)c2ccccc2)cc1,-9.6,AIEMG,1828
[C@H]Oc1cccc([C@H]2C[C@@H]2C(=O)N2CCC[C@@H]2C(=O)Nc2ccccc2)n1,-9.6,AIEMG,1829
[nH+]1c(C(=O)N2CCN(c3ccc(Cl)cc3)CC2)noc1N1CCOCC1,-9.6,AIEMG,1830
[NH+][C@H](NC(=O)N1CCN(C(=O)Cn2cc([N+](=O)[O-])c3ccccc32)CC1)c1ccc(F)cc1,-9.6,AIEMG,1831
O=C(Cc1csc(NC(=O)c2ccccc2F)n1)NO,-9.6,ChEMBL,1832
[C@H](CCNC(=O)NCC(=O)Nc1ccc(Cl)cn1)c1ccccc1F,-9.6,AIEMG,1833
CCCOCCn1c(=O)c(NCc2ccccn2)nc2ncc(-c3ccc(OC)nc3)cc21,-9.5,ChEMBL,1834
CCCc1nn(C)c2c(=O)[nH]c(-c3cc(S(=O)(=O)NCCN(CC)CC)ccc3OCC)nc12,-9.5,ChEMBL,1835
O=C(Cc1csc(NC(=O)COc2ccccc2)n1)NO,-9.5,ChEMBL,1836
COc1ccc(-c2cc3c(nn2)c(NCC(=O)N(C)C)nc(=O)n3CCOCC(F)(F)F)cn1,-9.5,ChEMBL,1837
COc1ccc(COc2nc(N3CCC4(CC3)CC4)ncc2C(=O)NCc2ncccn2)cc1Cl,-9.5,ChEMBL,1838
CCCc1nn(C)c2c(=O)[nH]c(-c3cc(S(=O)(=O)NCCCCCCO)ccc3OCC)nc12,-9.5,ChEMBL,1839
CCCOc1ccc(NC(=O)OC)cc1-c1nc2c(c(C)nn2C)c(=O)[nH]1,-9.5,ChEMBL,1840
CCn1ncc2c(NCc3ccc(OC)c(Cl)c3)c(C(=O)NCCCN3CCCC3=O)cnc21,-9.5,ChEMBL,1841
CCOc1ccc(C2CC2C(=O)NO)cc1-c1nc2c(CC)nn(C)c2c(=O)[nH]1,-9.5,ChEMBL,1842
CCCOc1ccc(S(=O)(=O)N2CCN(C)CC2)cc1-c1nc2c(ncn2CCC)c(=O)[nH]1,-9.5,ChEMBL,1843
CCOc1ccc(S(=O)(=O)N2CCN(CCO)CC2)cc1-c1nc(O)c2c(C)nc(C)n2n1,-9.5,ChEMBL,1844
COc1ccc(CNc2nc(N3CC4CC4C3)ncc2C(=O)N[C@H]2CC[C@H](O)CC2)cc1F,-9.5,ChEMBL,1845
COc1ccc2nc(C)c3c(C)nc(-c4cccc(C(N)=O)c4)n3c2n1,-9.5,ChEMBL,1846
CCCc1nn(C)c2c(=O)[nH]c(-c3cc([C@H]4CC[C@@H](C(=O)NO)CC4)ccc3OCC)nc12,-9.5,ChEMBL,1847
CC(C)=CCc1c(O)cc(O)c2c(=O)c(O)c(-c3ccc(O)c(O)c3)oc12,-9.5,ChEMBL,1848
COc1ccc(C2CC(c3ccc(F)cc3)=NN2c2ccc(C(=O)O)cc2)cc1,-9.5,ChEMBL,1849
CCN1C(=O)c2c(ncn2Cc2ccc(OC)c(Cl)c2)N2C1=N[C@@H]1CCC[C@@H]12,-9.5,ChEMBL,1850
COc1ccc(C2CC(c3ccccc3C)=NN2c2ccc(C(=O)N3CCN(C)CC3)cc2)cc1,-9.5,ChEMBL,1851
CCOc1ccccc1-c1nc(O)c2nc3cccc(CN4CCN(C)CC4)n3c2n1,-9.5,ChEMBL,1852
CCCc1nn(C)c2c(=O)[nH]c(-c3cc(-c4ccc(C(=O)NO)s4)ccc3OCC)nc12,-9.5,ChEMBL,1853
CCCc1nn(C)c2c(=O)[nH]c(-c3cc(S(=O)(=O)N4CCN(C)CC4)ccc3OCC)nc12,-9.5,ChEMBL,1854
COc1ccc2ncnc(NCc3ccc4c(c3)OCO4)c2c1,-9.5,ChEMBL,1855
CC(=O)N1CCc2nc3ccc(C#N)cc3c(NCc3ccc(F)c(Cl)c3)c2C1,-9.5,ChEMBL,1856
COc1ccc(C2CC(c3ccccc3C)=NN2c2ccc(C(=O)N3CCOCC3)cc2)cc1,-9.5,ChEMBL,1857
CC(C)N1CCC(Nc2nc(Nc3cccc(S(N)(=O)=O)c3)nc3ccccc23)CC1,-9.5,ChEMBL,1858
CCCOCCn1c(=O)c(NC2CCC(O)CC2)nc2cnc(-c3ccc(OC)nc3)cc21,-9.5,ChEMBL,1859
c1ccc(CNc2nc(-c3cccs3)nc3ccccc23)cc1,-9.5,ChEMBL,1860
CN1C(=O)c2[nH]c(CC3CCCC3)nc2C2CC3(CCCC3)N=C21,-9.5,ChEMBL,1861
COc1ccc(CNc2nc(N3CCC4(CC4)C3)ncc2C(=O)NCc2ccccc2)cc1Cl,-9.5,ChEMBL,1862
COc1ccc(CNc2nnc(Cl)c3ccc([N+](=O)[O-])cc23)cc1Cl,-9.5,ChEMBL,1863
CCCOc1ccc(NC(=O)C(N)=O)cc1-c1nc(CC)c(CC)c(=O)[nH]1,-9.5,ChEMBL,1864
COC(=O)c1ccc(Nc2nc(-c3ccccc3)nc3ccccc23)cc1,-9.5,ChEMBL,1865
COC(=O)CCCCc1nc2c(=O)n(Cc3ccccc3)nc(C)c2c2cc(-c3ccccc3)nn12,-9.5,ChEMBL,1866
CCOc1ccc(S(=O)(=O)N2CCN(C)CC2)cc1-c1nc(O)c2nc3c(C)cccn3c2n1,-9.5,ChEMBL,1867
CCOC(=O)C1(C)CC(=O)Nc2nc(-c3nn(Cc4ccccc4F)c4ncccc34)nnc21,-9.5,ChEMBL,1868
CN1C(=O)c2[nH]c(Cc3ccccc3)nc2N2C1=N[C@@H]1CCC[C@@H]12,-9.5,ChEMBL,1869
CCOc1ccc(S(=O)(=O)N2CCN(C)CC2)cc1-c1nc2c(nc3ccccn32)c(=O)[nH]1,-9.5,ChEMBL,1870
O=C(Cc1csc(NC(=O)c2ccccc2)n1)NO,-9.5,ChEMBL,1871
CCCOCCn1c(=O)c(NCc2ccccn2)nc2cnc(-c3ccc(OC)nc3)cc21,-9.5,ChEMBL,1872
CCCCn1c2c(c3ccccc31)CCn1c-2nc2ccccc2c1=O,-9.5,ChEMBL,1873
CC[C@]1(C)C(=O)Nc2nc(-c3nn(Cc4ccccc4F)c4ncc(F)cc34)nnc21,-9.5,ChEMBL,1874
CSc1ccc2ncnc(NCc3ccc4c(c3)OCO4)c2c1,-9.5,ChEMBL,1875
[C@H]1CCN(c2ccccc2C(=O)Nc2cnc3snc(-c4ccccc4)c3c2)C1,-9.5,AIEMG,1876
[C@@](CNC(=O)CNC(=O)c1ccn(-c2ccccc2)n1)c1ccc(Cl)cc1,-9.5,AIEMG,1877
Fc1cc(C2=CC=C[C@@H]2c2ccc(F)c(Cl)c2)[nH]n1,-9.5,AIEMG,1878
[C@@]1(CNC(=O)c2ccc(N(C)[C@H]3CCCN(C(=O)OC(C)(C)C)C3)cc2)CC[C@@H]1O,-9.5,AIEMG,1879
[C@@]1(c2ccc(F)cc2)NC(=O)N1c1cc(F)ccc1F,-9.5,AIEMG,1880
F[C@H](C(=O)[O-])c1ccc(Cl)c(NCc2ncccc2C(F)(F)F)c1,-9.5,AIEMG,1881
[C@H](C)C(=O)NC[C@H](c1ccc(F)cc1)c1cccc(F)c1,-9.5,AIEMG,1882
FC(F)(F)C(F)(F)c1ccc(-c2ccncc2)[nH]c1=O,-9.5,AIEMG,1883
c1cnn(C[C@@H]2CCCN(C(=O)Cc3ccccc3)C2)c1,-9.5,AIEMG,1884
[C@@][C@@H](CC(=O)Nc1ccccc1)N1C(=O)/C(=C/C=C/c2ccccc2)SC1=S,-9.5,AIEMG,1885
[C@](CN(CC(=O)Nc1cccc(Cl)c1)NC(=O)[C@H]1CCCO1)c1ccco1,-9.5,AIEMG,1886
[C@@]Oc1ccccc1NC(=S)NNC(=O)C(=O)N1CCC(n2cccc2C(C)C)CC1,-9.5,AIEMG,1887
[C@H]1C[C@H](C(=O)[O-])[C@@H](C(=O)NCc2cccc3ccccc23)S1,-9.5,AIEMG,1888
[C@]1(Cc2ccccc2)NC(=O)N(C[C@@H]2CCCO2)C12CCCC2,-9.5,AIEMG,1889
Fc1cccc2ncnc(N[C@@H](CO)c3ccccc3)c12,-9.5,AIEMG,1890
[N+]([O-])c1ccc(NC[C@H]2CCCN2S(=O)(=O)Cc2ccccc2)cc1,-9.5,AIEMG,1891
C[P@@](Cc1ccccc1)C(=O)N1CCN(C(=O)c2ccc(C(C)C)cc2)CC1,-9.5,AIEMG,1892
P=C(\[O-])c1ccccc1Oc1cccc2ccccc12,-9.5,AIEMG,1893
[P@@]=C(NCCCN1C(=O)CCc2ccccc21)c1ccc(Cl)cc1,-9.5,AIEMG,1894
[C@@](CC(=O)c1ccco1)c1ccccc1Cc1ccc(F)cc1,-9.5,AIEMG,1895
[N+]1=Nc2ccccc2N[C@@H]1c1c(F)cccc1Cl,-9.5,AIEMG,1896
ClCc1ccccc1OCc1c[nH]c2ccc([N+](=O)[O-])cc12,-9.5,AIEMG,1897
Fc1cccc(-c2cc(-c3ccccc3)no2)c1,-9.5,AIEMG,1898
[C@H]S[C@H]1[C@H](CNC(=O)c2ccccc2Cl)c2ccccc2S1(=O)=O,-9.5,AIEMG,1899
[C@](C#Cc1nnc(-c2ccc3c(c2)OCCO3)s1)N1CCN(Cc2ccc(Cl)cc2Cl)CC1,-9.5,AIEMG,1900
[C@@](c1c(F)cccc1Cl)N1CCC([NH+]2CCC[C@@H](C(=O)N[C@H]3CCOC3)C2)C1,-9.5,AIEMG,1901
[C@@](C#Cc1ccccc1OCC(F)(F)F)c1cc2ccccc2n1C,-9.5,AIEMG,1902
Fc1cccnc1CN1CCN(C(=O)Nc2cc([N+](=O)[O-])ccc2F)CC1,-9.5,AIEMG,1903
FC(F)(F)c1cc(N2CCOCC2)nc(-c2cccc(Cl)c2)n1,-9.5,AIEMG,1904
[C@H]O/N=C1\S/C(=C\c2ccccc2)C1C(=O)Nc1ccc(OC(F)(F)F)cc1,-9.5,AIEMG,1905
S([C@H]O)c1ccc(CC[NH+]2CCC3(CC2)Oc2ccccc2O3)cc1,-9.5,AIEMG,1906
[N+]c1ccc(-c2nnc(-c3ccccc3Cn3cc[nH+]c3C(C)(C)C)s2)cc1,-9.5,AIEMG,1907
[C@H](c1cc(F)cc(F)c1)[NH+](C)[C@@H]1CS(=O)(=O)c2ccccc21,-9.5,AIEMG,1908
[C@H]Oc1ccccc1COc1ccc(C(=O)NC[C@@H](O)CN2C[C@@H](C)O[C@H](C)C2)cc1,-9.5,AIEMG,1909
Fc1ccccc1OCC[NH2+][C@@H]1CCOC2(CCN(Cc3ccc(F)cc3)CC2)C1,-9.5,AIEMG,1910
c1ccc(-c2cnc(NC[C@@H]3CCCC[NH2+]3)n2C2CC2)cc1[N+](=O)[O-],-9.5,AIEMG,1911
[C@@](C#N)c1ccc(CNC(=O)C2CCN(c3ccc(F)cc3)CC2)cc1,-9.5,AIEMG,1912
[C@H]Oc1cc(C(=O)NCc2nnc(-c3ccc(Br)s3)n2-c2ccccc2)cc(OC)c1,-9.5,AIEMG,1913
[C@H](C[NH2+]C1CCN(C(=O)c2cnn(Cc3ccccc3)c2N)CC1)c1ccccc1,-9.5,AIEMG,1914
[C@H](O)[C@H](NC(=O)N1CCC[C@@H](OCc2ccccc2)C1)c1nc(C(C)(C)C)cs1,-9.5,AIEMG,1915
FC(F)(F)C1=N[C@@H](Nc2cccc(F)c2F)Nc2ncnn21,-9.5,AIEMG,1916
[C@](CO)c1ccc(F)c(Sc2nnc(C(C)(C)C)n2-c2ccccc2)c1,-9.5,AIEMG,1917
[C@@](C#C[C@H](O)CCNC(=O)C(=O)Nc1ccccc1F)c1ccc(Cn2cncn2)cc1,-9.5,AIEMG,1918
[NH2+]=C1COc2ccc(S(=O)(=O)N3CCN(C(=O)c4ccc(Cl)cc4)CC3)cc2N1,-9.5,AIEMG,1919
Cl[C@@H]([NH2+][C@@H]1CCCc2ccccc21)[C@@H](O)c1ccc(Cl)c(Cl)c1,-9.5,AIEMG,1920
[P@@]=C(Nc1nnc(-c2ccc(Br)cc2)o1)N1CCN(c2ccccc2F)CC1,-9.5,AIEMG,1921
FC(F)(F)c1nnc(-c2ccccc2)n1[C@H]1CC(=O)N(c2cccc(Cl)c2)C1,-9.5,AIEMG,1922
[N+]1=c2ccccc2=[NH+][C@@H]1C(=O)NCc1ccc(OCC(=O)N(C2CCCCC2)C2CC2)cc1,-9.5,AIEMG,1923
[N+]n1c(=O)[nH]c(=S)n1/N=N/c1nc2ccc(Cl)cc2n1CCC(=O)N1CCN(Cc2ccccc2)CC1,-9.5,AIEMG,1924
[C@H](c1ccccc1)CCNC(=O)N[C@@H](COC(=O)c1c[nH]c2ccccc12)c1ccco1,-9.5,AIEMG,1925
[C@H]Oc1ccccc1Oc1ccc(F)cc1NC(=O)Cc1ccccc1,-9.5,AIEMG,1926
[C@H]Oc1ccccc1Oc1ccccc1NC(=O)C(=O)N[C@H]1CC(=O)N(C[C@@H]2CCCO2)C1,-9.5,AIEMG,1927
FC(F)(F)c1cccc2nc([C@H]3CCCCN3C(=O)Cc3cccc(Cl)c3)[nH]c12,-9.5,AIEMG,1928
[C@@](C#Cc1ccccc1)[C@@H]1CCCCN1C(=O)[C@H]1CN(c2ccccc2)C1,-9.5,AIEMG,1929
[N+]1=C[C@H](S(=O)(=O)C2CC2)[C@H]2N=C(c3ccccc3)[C@@H](O)[C@@H]2[C@@H]1Nc1cccc(F)c1,-9.5,AIEMG,1930
Fc1cc2c(cc1NC(=S)N[C@H]1CCCC[C@H]1C(=O)NC[C@@H]1CCCC[C@@H]1O)N(c1ccccc1)C2=O,-9.5,AIEMG,1931
[C@@]1(CC2CC2)CC(C(=O)c2ccc(Cl)cc2Cl)[C@H]2Cc3ccccc3N=C12,-9.5,AIEMG,1932
Clc1ccccc1OCCN(Cc1ncc(-c2ccccc2)n1Cc1ccccc1)c1ccccc1,-9.5,AIEMG,1933
[C@H](C)Cn1c(=O)n(CC(=O)NCCN2CCc3cc(Cl)ccc32)c2nc3c(F)cccc3nc21,-9.5,AIEMG,1934
[N+]c1cc(/C=C2\N=C(N)N(c3cccc([N+](=O)[O-])c3)[C@@H]2c2cccc(F)c2)ccc1O,-9.5,AIEMG,1935
[C@H](C)[C@H](NC(=O)NC[C@@H](c1c[nH]c[nH+]1)c1ccco1)c1ccc2c(c1)OCCO2,-9.4,AIEMG,1936
O=C1Nc2nc(-c3nn(Cc4ccccc4F)c4ncccc34)ncc2C1(O)C(F)(F)C(F)(F)F,-9.4,ChEMBL,1937
CCOc1ccc(S(=O)(=O)N2CCN(C)CC2)cc1-c1nc(C(C)C)c(Br)c(=O)[nH]1,-9.4,ChEMBL,1938
[C@H]1CCCN(C(=O)NCc2ccccc2C(=O)Nc2nccs2)C1,-9.4,AIEMG,1939
CCOc1ccc(S(=O)(=O)N2CCN(C)CC2)cc1-c1nc(O)c2nc3ccc(C)cn3c2n1,-9.4,ChEMBL,1940
ClCc1ccc(N2CCC[C@H](OC(=O)Cc3ccc(F)cc3Cl)C2)cc1,-9.4,AIEMG,1941
Clc1cc(CCNC(=O)[C@@H]2CC(Br)=C3C=CC=C[C@@H]23)ccc1O[C@H](C#N)C(=O)[O-],-9.4,AIEMG,1942
COc1ccc(CNc2nc(N3CCC4(CC3)CC4)ncc2C(=O)NCc2ncccn2)cc1Cl,-9.4,ChEMBL,1943
[N+]1=Cc2sccc2CN1CC(=O)N1CCN(Cc2nc3ccccc3s2)CC1,-9.4,AIEMG,1944
[C@]1([C@H](Cc2ccccc2)c2ccc(O)cc2)CCCN(C(=O)c2ccc(Br)o2)C1,-9.4,AIEMG,1945
COc1ccc(CNc2c3c(nc4ccc(C#N)cc24)CCNC3)cc1Cl,-9.4,ChEMBL,1946
CCOc1ccccc1-c1nc(O)c2nc3c(C)cccn3c2n1,-9.4,ChEMBL,1947
[C@H]1C(=O)N(C2CCCC2)C2(CCCC2)C1C(=O)/C([O-])=N/c1ccc(Cl)cc1,-9.4,AIEMG,1948
CCCOCCn1c(=O)c(NCC2CCOCC2)nc2ncc(-c3ccc(OC)nc3)cc21,-9.4,ChEMBL,1949
[C@H]1C=C(C(=O)N[C@@H]2CCN(c3ccccc3)N2)CC1(CO)C(N)=O,-9.4,AIEMG,1950
CCC(=O)OCC(NC(=O)c1cccc(COc2cc(O)c(C(C)=O)cc2CC)n1)C(=O)O,-9.4,ChEMBL,1951
c1ccc(COc2ccccc2-c2nc3ccc[nH]c-3n2)cc1,-9.4,ChEMBL,1952
CCCOc1ccccc1-c1nc(O)c2ccncc2n1,-9.4,ChEMBL,1953
COc1ccc(COc2nc(N3CCC4(CC4)C3)ncc2C(=O)NCc2ncccn2)cc1Cl,-9.4,ChEMBL,1954
CCn1ncc2c3c(NCc4ccc(OC)c(Cl)c4)nnc(N4CCC(C(=O)O)CC4)c3cnc21,-9.4,ChEMBL,1955
CCOc1ccccc1-c1nc(O)c2nc3ccc(C)cn3c2n1,-9.4,ChEMBL,1956
CCOC(=O)c1ccc2ncnc(NCc3ccc4c(c3)OCO4)c2c1,-9.4,ChEMBL,1957
[NH+]=C1/C(=C/c2ccc3c(c2)OCO3)C([O-])=NC(=S)N1Cc1ccccc1,-9.4,AIEMG,1958
CCN1CCc2nc3ccc(C#N)cc3c(NCc3ccc(OC)c(Cl)c3)c2C1,-9.4,ChEMBL,1959
O=C1Nc2c(Cl)cc(-c3cccc(C(=O)O)c3)cc2C2(CCCCC2)N1,-9.4,ChEMBL,1960
[N+]1=C[C@@H](Nc2nc(N[C@@H]3CCN(c4ncccn4)N=C3C(=O)c3cccs3)ccc2O)c2ccccc21,-9.4,AIEMG,1961
CC(C)n1ccc(-c2nc(-c3nn(Cc4ccccc4F)c4ncccc34)nc3c2C(C)(C)C(=O)N3)n1,-9.4,ChEMBL,1962
COc1ccccc1Nc1nc(-c2sc(N)nc2C)cs1,-9.4,ChEMBL,1963
CC(C)CCn1c2c(c3ccc(O)cc31)CCn1c-2nc2ccccc2c1=O,-9.4,ChEMBL,1964
O[N+]12CCC(C(=O)Nc3ccccc3[N+](=O)[O-])C[C@@]1(c1ccccc1)N2,-9.4,AIEMG,1965
CCn1c2c(c3c(OC)cc(OC)cc31)CCn1c-2nc2ccccc2c1=O,-9.4,ChEMBL,1966
O=[N+]([O-])c1cccc(Nc2nc(-c3ccccc3)nc3ccccc23)c1,-9.4,ChEMBL,1967
COc1ccc(CNc2nc(N3CC4CC4C3)ncc2C(=O)NCc2ccccn2)cc1Cl,-9.4,ChEMBL,1968
CN1C(=O)c2[nH]c(CC3CCCC3)nc2N2CC3(CCCC3)N=C12,-9.4,ChEMBL,1969
CCCOc1ccccc1-c1nc(O)c2cnccc2n1,-9.4,ChEMBL,1970
CCCn1nc(CC)c2c(=O)[nH]c(-c3cc(S(=O)(=O)N4CCN(C)CC4)ccc3OCC)nc21,-9.4,ChEMBL,1971
[NH+]/C(=C\c1ccc(Cl)cc1)N[C@@H](c1ccc(C)cc1)c1ccccc1O,-9.4,AIEMG,1972
[C@@H](C)CN(C)c1ccc(C(=O)c2c[nH]c(=O)[nH]2)cc1OCC(=O)Nc1cccc(F)c1,-9.4,AIEMG,1973
c1nc(C[NH2+][C@@H](C(=O)Nc2ccc3c(c2)CCO3)C2CCOCC2)n[nH]1,-9.4,AIEMG,1974
ClCc1cccc(-n2ncc(C(F)(F)F)c2C(=O)N2CCN(c3ncccc3)CC2)c1,-9.4,AIEMG,1975
[C@]1(C)CCC[C@@]1(O)c1cc(OCc2ccco2)n(-c2ccccc2)n1,-9.4,AIEMG,1976
[C@H]1C(=O)N2CCCC[C@@H]2[C@H]2c3ccccc3C(=O)N21,-9.4,AIEMG,1977
Fc1ccc(-n2cnc3ccc(NCc4cccnc4)nc32)cc1,-9.4,AIEMG,1978
CN1CCN(c2nc(NCc3ccccc3)c3ccccc3n2)CC1,-9.4,ChEMBL,1979
[C@@]1(CCc2ccccc2)CCCC(=O)N1c1ccccc1,-9.4,AIEMG,1980
COc1ccc(CNc2c3c(nc4ccc(Br)cc24)CCNC3)cc1Cl,-9.4,ChEMBL,1981
COc1cccc2c1C(=O)N1CCc3c([nH]c4ccccc34)C1N2C,-9.4,ChEMBL,1982
CC[C@@H](C(=O)Nc1ccccc1C#N)/C(C)=C/c1ccccc1,-9.4,AIEMG,1983
[C@@](CNC(=O)Cc1ccc(Br)cc1)C(=O)N1CCN(c2ccccc2)CC1,-9.4,AIEMG,1984
C=CCN(CCC(=O)O)C(=O)c1cccc(COc2cc(O)c(C(C)=O)cc2CC)n1,-9.4,ChEMBL,1985
O=C(Cc1ccccc1)N1Cc2c(nc3ccccc3c2O)C1c1ccc2c(c1)OCO2,-9.4,ChEMBL,1986
[C@@]1(CCN2CCN(c3ccccc3Cl)CC2)CCCN(CC(=O)N2CCOCC2)C1,-9.4,AIEMG,1987
COc1ccc(S(=O)(=O)Nc2nc3c(c(=O)n(CC4CC4)c(=O)n3CC3CC3)n2C)cc1,-9.4,ChEMBL,1988
CCCOCCn1c(=O)nc(NC2CCC(C(=O)O)CC2)c2nnc(-c3ccc(OC)nc3)cc21,-9.4,ChEMBL,1989
CCCOCCn1c(=O)nc(N[C@@H]2CCCC[C@@H]2C(=O)O)c2nnc(-c3ccc(OC)nc3)cc21,-9.4,ChEMBL,1990
COc1ccc(C2CC(c3ccccc3C)=NN2c2ccc(C(=O)N3CCN(C)CC3)cc2)cc1F,-9.4,ChEMBL,1991
Clc1c(Cl)cc(C[NH+]2CCCc3ccc(C(F)(F)F)cc32)cc1F,-9.4,AIEMG,1992
Cc1c(C(=O)N[C@@H](C)CS(=O)(=O)c2cc(Cl)ccc2OC(F)F)sc2ccccc12,-9.4,AIEMG,1993
CCOc1ccccc1-c1nc(O)c2ncn(C3CCCC3)c2n1,-9.4,ChEMBL,1994
[C@@]=C(Nc1nc(/C=C(c2cccnc2)c2cccc([N+](=O)[O-])c2)cs1)c1ccccc1,-9.4,AIEMG,1995
COc1ccc(C2CC(c3ccccc3O)=NN2c2ccc(C(=O)O)cc2)cc1,-9.4,ChEMBL,1996
CCCOCCn1c(=O)c(NCC(=O)N2CCCC2)nc2cnc(-c3ccc(OC)nc3)cc21,-9.4,ChEMBL,1997
COc1ccc(CNc2nc(N(C)CCO)ncc2C(=O)NCc2ccccn2)cc1Cl,-9.4,ChEMBL,1998
CCCOc1ccc(NS(C)(=O)=O)cc1-c1nc2c(c(C)nn2CC)c(=O)[nH]1,-9.4,ChEMBL,1999
P=C(\C1CCCC1)c1ccc(Cn2cccnc2=O)cc1,-9.4,AIEMG,2000
COc1ccc(COc2nc(N3CCC4(CC4)C3)ncc2C(=O)NCc2ccccc2)cc1Cl,-9.4,ChEMBL,2001
FC(F)(F)c1[nH]c2ccccc2c1C[NH2+]Cc1ccccn1,-9.4,AIEMG,2002
[C@@](C#CCNC(=O)Nc1ccccn1)c1ccc(C#N)cc1,-9.4,AIEMG,2003
[C@]1(c2cccc(F)c2)NC(=O)N1c1cccc(F)c1,-9.4,AIEMG,2004
[N+]1=C[C@H](/C=C/c2cccn2-c2ccccc2)c2ccccc2N1,-9.4,AIEMG,2005
[C@H]Oc1ccc(C(=O)Nc2cccc(F)c2F)cc1[N+](=O)[O-],-9.4,AIEMG,2006
[C@@](C#C[C@@H]1CCCN1C(=O)c1ccc(F)cc1)N1CCC[C@@H]1C[NH+]1CCC(C)CC1,-9.4,AIEMG,2007
[P@@]CC(=O)Nc1sc(-c2cccnc2)nc1-c1cccc(F)c1,-9.4,AIEMG,2008
COCOC1=C(CNC(=O)CN2C(=O)N[C@@]3(CCc4ccc(F)cc4)C(=O)[C@@H]32)c2ccc(F)cc21,-9.4,AIEMG,2009
CCC(C(=O)Nc1nc(CC(=O)NO)cs1)c1ccccc1,-9.4,ChEMBL,2010
COc1cccc(CNc2ncnc3c(OC)c(OC)c(OC)cc23)c1,-9.4,ChEMBL,2011
COc1cc2c(Nc3ccc4c(c3)OCO4)ncnc2c(OC)c1OC,-9.4,ChEMBL,2012
[N+]c1ccc(OCC2=NN=NN2)cc1NCc1ccc(O)cc1,-9.4,AIEMG,2013
ClCc1cc[nH+]c(N2CCC[C@H]2c2noc(C34CC4CC3)n2)c1,-9.4,AIEMG,2014
CS(=O)(=O)c1ccc2ncnc(NCc3ccc4c(c3)OCO4)c2c1,-9.4,ChEMBL,2015
[C@]1(C(=O)Nc2scnc2N[C@H]2CC[NH+](Cc3ccccc3)C2)N(CCc2ccccc2)C1,-9.4,AIEMG,2016
[C@@](C#Cc1ccccc1CNC(=O)c1c(C)cc(C)cc1C)N1CCOCC1,-9.4,AIEMG,2017
CCCOc1ccccc1CNc1ncnc2c(OC)c(OC)c(OC)cc12,-9.4,ChEMBL,2018
[C@@]1(NC(CC)CCN(C(=O)c2ccc3c(c2)COC3)NC(=O)Cc2ccc(F)cc2)CCC1,-9.4,AIEMG,2019
[C@@]Oc1ccc(-c2cc(C(=O)Nc3cccnc3CC)cc(Cl)c2O)cc1,-9.4,AIEMG,2020
[P@@]c1cn(-c2ccccc2)nc1-c1ccccc1Cl,-9.4,AIEMG,2021
CCOc1ccc2ncnc(NCc3ccc4c(c3)OCO4)c2c1,-9.4,ChEMBL,2022
[P@@]1C[C@@H](c2ccccc2)NC(=O)N1CN1CCC(OCc2ccccc2)CC1,-9.4,AIEMG,2023
Fn1c(=O)c2ccccc2nc1S[C@@H](C(=O)[O-])Cc1ccccn1,-9.4,AIEMG,2024
CCCOc1ccccc1Cn1cnc2c(OC)c(OC)c(OC)cc2c1=O,-9.4,ChEMBL,2025
COc1cc(OC)c2ncnc(NCc3ccc4c(c3)OCO4)c2c1,-9.4,ChEMBL,2026
[C@H]1C(=O)[C@H]([NH+]2CCC(c3ccccc3[N+](=O)[O-])CC2)N=C1COC(=O)c1cccc([N+](=O)[O-])c1,-9.4,AIEMG,2027
CCN1C(=O)[C@@H]2Cc3c([nH]c4ccccc34)[C@@H](c3sccc3C)N2C1=O,-9.3,ChEMBL,2028
CCCOCCn1c(=O)nc(NC2CCC(O)CC2)c2ncc(-c3ccc(OC)nc3)cc21,-9.3,ChEMBL,2029
COc1cc2c(=NCc3ccccc3)[nH]cnc2c(OC)c1OC,-9.3,ChEMBL,2030
COCCNc1cc(O)c2c(=O)c3c(-c4nccs4)[nH]c(Cc4ccc5c(c4)OCO5)c3oc2c1,-9.3,ChEMBL,2031
CCOc1ccc(S(=O)(=O)N2CCN(C)CC2)cc1-c1nc(C(C)C)c(Cl)c(=O)[nH]1,-9.3,ChEMBL,2032
CCN1C(=O)c2c(nc(C#Cc3ccccc3)n2Cc2ccccc2)N2C[C@@H](Cc3ccccc3)N=C12,-9.3,ChEMBL,2033
CCOc1ccccc1-c1nc(O)c2onc(C3CCCC3)c2n1,-9.3,ChEMBL,2034
CCCn1c(=O)n(C)c(=O)c2[nH]c(-c3cc(S(=O)(=O)N4CCN(C)CC4)ccc3OCC)nc21,-9.3,ChEMBL,2035
CCCOc1ncc(C(C)=O)cc1-c1nc(=O)c2nn(C3CNC3)c(CC)c2[nH]1,-9.3,ChEMBL,2036
CCN1C(=O)C2C(N=CN2Cc2ccc(O)c(Br)c2)N2C1=N[C@@H]1CCC[C@@H]12,-9.3,ChEMBL,2037
CCCNc1nc(Nc2cccc(S(N)(=O)=O)c2)nc2cc(OC)c(OC)cc12,-9.3,ChEMBL,2038
CCCOc1ccc(NC(=O)CC)cc1-c1nc(CC)c(CC)c(=O)[nH]1,-9.3,ChEMBL,2039
CCCOc1ccccc1-c1nc(O)c2c(C)noc2n1,-9.3,ChEMBL,2040
COc1cccc2c1C(=O)N1CCc3c([nH]c4ccccc34)[C@H]1N2C,-9.3,ChEMBL,2041
CC(C)c1nn2ccccc2c1-c1ccc(Cl)nn1,-9.3,ChEMBL,2042
CCOc1ccc(CNc2nnc(Cl)c3ccc(C#N)cc23)cc1Cl,-9.3,ChEMBL,2043
COC(=O)[C@H]1C[C@@H](Oc2c(O)ccc3cc(-c4ccc(OC(F)F)c(OCC5CC5)c4)oc23)CN1,-9.3,ChEMBL,2044
FC(F)(F)c1cc(C[NH+]2CC[C@H](OO)c3ccccc32)ccc1Cl,-9.3,AIEMG,2045
COc1cc2ncn(Cc3ccc4c(c3)OCO4)c(=O)c2cc1SC,-9.3,ChEMBL,2046
[C@]1(C(=O)c2ccc(Cl)cc2)c2c([O-])noc2S(=O)(=O)N1,-9.3,AIEMG,2047
CCN1C(=O)c2c(ncn2Cc2ccc(OC)c(Br)c2)N2C1=N[C@@H]1CCC[C@@H]12,-9.3,ChEMBL,2048
CC(C)(C)/N=C\Nc1nc2c(=O)n(CC3CC3)c(=O)n(CC3CC3)c2[nH]1,-9.3,ChEMBL,2049
Clc1nc(NCc2ccccc2)c2ccccc2n1,-9.3,ChEMBL,2050
CCOc1ccccc1-c1nc(O)c2nc3ccc(C#N)c(C)n3c2n1,-9.3,ChEMBL,2051
COc1ccc(Cn2c(=O)c(NCCN3CCOCC3)nc3ccc(-c4ccc(F)cc4)nc32)cc1,-9.3,ChEMBL,2052
Cn1ccc2cc(CNc3c(CO)cnc4c(C5CC5)cc(C#N)cc34)ccc21,-9.3,ChEMBL,2053
CCCCn1c2c(c3ccc(O)cc31)CCn1c-2nc2ccccc2c1=O,-9.3,ChEMBL,2054
CCc1cc(C(C)=O)c(O)cc1OCc1cccc(C(=O)NCCCCCCCC(=O)NO)n1,-9.3,ChEMBL,2055
CCCc1nc(CC)c2c(O)nc(-c3cc(S(=O)(=O)N4CCN(C)CC4)ccc3OCC)nn12,-9.3,ChEMBL,2056
CCCOc1ccc(NC(=S)NCC)cc1-c1nc2c(c(C)nn2C)c(=O)[nH]1,-9.3,ChEMBL,2057
CCc1cc(C(C)=O)c(O)cc1OCc1cccc(C(=O)NC(C(=O)OC)C(C)O)n1,-9.3,ChEMBL,2058
COc1ccc(CNc2nnc(Cl)c3ccc(C#N)cc23)cc1,-9.3,ChEMBL,2059
COc1ccc2ncnc(NCc3ccc4c(c3)OCO4)c2c1OC,-9.3,ChEMBL,2060
CCCCN1CC(=O)N2[C@H](c3ccc(Cl)cc3Cl)c3[nH]c4ccccc4c3C[C@@H]2C1=O,-9.3,ChEMBL,2061
COc1cc2c(NCc3cccc(Cl)c3)ncnc2c(OC)c1OC,-9.3,ChEMBL,2062
CCCOc1ccccc1-c1nc(O)c2ccsc2n1,-9.3,ChEMBL,2063
COc1c(F)cc(CNc2c3c(nc4ccc(C#N)cc24)CCN(C(C)=O)C3)cc1Cl,-9.3,ChEMBL,2064
CC(C)(C)C1=NN(c2ccc(C(=O)O)cc2)C(c2cccc(F)c2)C1,-9.3,ChEMBL,2065
CCc1cc(C(C)=O)c(O)cc1OCc1cccc(C(=O)NCCCCCC(=O)O)n1,-9.3,ChEMBL,2066
CC1(C)C(=O)Nc2nc(-c3nn(Cc4ccccc4F)c4ncccc34)nc(CC(N)=O)c21,-9.3,ChEMBL,2067
CCCOCCn1c(=O)c(NCC(=O)N2CCOCC2)nc2cnc(-c3ccc(OC)nc3)cc21,-9.3,ChEMBL,2068
CCCOCCn1c(=O)c(NCC2CCOCC2)nc2ccc(-c3ccc(OC)nc3)nc21,-9.3,ChEMBL,2069
COc1cc2c(=O)n(Cc3ccc4c(c3)OCO4)cnc2c(OC)c1OC,-9.3,ChEMBL,2070
CCOc1ccccc1-c1nc(O)c2nc3cccc(C)n3c2n1,-9.3,ChEMBL,2071
CCCOc1ccccc1-c1nc(O)c2c[nH]nc2n1,-9.3,ChEMBL,2072
CCCOCCn1c(=O)c(NCC(=O)N2CCC(O)CC2)nc2cnc(-c3ccc(OC)nc3)cc21,-9.3,ChEMBL,2073
COC(=O)[C@H]1Cc2c([nH]c3ccccc23)[C@@H](c2ccccc2Br)N1,-9.3,ChEMBL,2074
CCCOCCn1c(=O)c(N2CCNCC2)nc2cnc(-c3ccc(OC)nc3)cc21,-9.3,ChEMBL,2075
CN1C(=O)c2[nH]c(-c3ccccc3)nc2N2CC3(CCCC3)N=C12,-9.3,ChEMBL,2076
CCCOc1ccc(NC(C)=O)cc1-c1nc2c(c(C)nn2CC)c(=O)[nH]1,-9.3,ChEMBL,2077
CCCOc1ccc(S(=O)(=O)N2CCN(C)CC2)cc1-c1nc(C(C)C)cc(=O)[nH]1,-9.3,ChEMBL,2078
CCCOc1ccc(S(=O)(=O)N2CCN(C)CC2)cc1-c1nc(C(C)C)c(Cl)c(=O)[nH]1,-9.3,ChEMBL,2079
COc1cc(-c2cccnc2)cc2c1nc(C)c1c(C)nc(-c3ccc(F)nc3)n12,-9.3,ChEMBL,2080
CCCn1c2c(c3c(OC)cc(OC)cc31)CCn1c-2nc2ccccc2c1=O,-9.3,ChEMBL,2081
CC(C)Cn1c(=O)n(C)c(=O)c2[nH]c(CC3CC4CCC3C4)nc21,-9.3,ChEMBL,2082
COc1cc2c(NCc3cccc([N+](=O)[O-])c3)ncnc2c(OC)c1OC,-9.3,ChEMBL,2083
CCOc1ccccc1-c1nc(O)c2nc3cccc(CC)n3c2n1,-9.3,ChEMBL,2084
CCc1cc(C(C)=O)c(O)cc1OCc1cccc(C(=O)NCCOCC(=O)O)n1,-9.3,ChEMBL,2085
COc1ccc(COc2nc(N3CC4CC4C3)ncc2C(=O)NCc2ccccc2)cc1Cl,-9.3,ChEMBL,2086
[P@@]1C=N[C@H](c2c(Cl)cccc2Cl)[C@H]1c1ccc([N+](=O)[O-])cc1F,-9.3,AIEMG,2087
[C@@](C#CN(C)C(=O)N1CCSC[C@@H]1C[C@@H]1CCCO1)c1ccccc1O,-9.3,AIEMG,2088
[C@@]1(C[NH+]2CCC(N(C)c3cccc(F)c3)CC2)CN(c2cnccn2)C1=O,-9.3,AIEMG,2089
[C@H]Oc1cc(OC)ccc1C(=O)N1CC[C@H](c2ccccc2F)C1,-9.3,AIEMG,2090
[C@@](C#Cc1cccc([N+](=O)[O-])c1)N1CCN(c2c(C#N)c3ccccc3o2)CC1,-9.3,AIEMG,2091
Fc1ccc(COc2nc3ccccc3c(=O)n2Cc2ccccc2)cc1,-9.3,AIEMG,2092
[C@](C#Cc1ccccc1-n1cccc1)NC(=O)C1CCN(S(=O)(=O)c2ccc(Cl)cc2)CC1,-9.3,AIEMG,2093
[N+]/C=C(\C=C/C1=NN(c2ccc(F)cc2)C(=O)N1c1ccccc1)c1ccccc1,-9.3,AIEMG,2094
[C@](C#N)([C@@H]([NH3+])Cc1nc2ncccc2cc1OCC(N)=O)c1ccccc1,-9.3,AIEMG,2095
[C@@]1(C(=O)NNc2cccc(Cl)c2)CC[C@H](O)[C@@H]1Oc1ccc(OC(C)C)cc1,-9.3,AIEMG,2096
[N+]1=CCCC[C@@H]1C(=O)Nc1ccc(Cl)cc1N[C@H]1CCCc2ccccc21,-9.3,AIEMG,2097
[C@@]1(CNc2ccc(CN3CCN(c4ccccc4F)CC3)c([N+](=O)[O-])c2)CCCO1,-9.3,AIEMG,2098
[C@@](O)(Cc1ccccc1)C(=O)N[C@@H]1CCCO[C@H]1c1ccc([N+](=O)[O-])cc1,-9.3,AIEMG,2099
[C@H]1C(=O)[C@H](N2C[C@@H](C[NH+](C)Cc3ccccn3)[C@@H]2C(=O)NC[C@H](c2ccccc2)Nc2ncccn2)C1,-9.3,AIEMG,2100
[C@](C#Cc1ccccc1)[C@H]1CCCC[NH+]1Cc1cc(O[C@@H]2CC[C@H]([NH3+])C2)c[nH]1,-9.3,AIEMG,2101
[C@H]1CCCN(S(=O)(=O)c2ccc(-n3nnnc3CN3CCCOC3)cc2)C1,-9.3,AIEMG,2102
[C@]1(C#N)CCN(S(=O)(=O)c2cccc(N(C)C(=O)c3ccc(F)cc3)c2)C1,-9.3,AIEMG,2103
[C@](C#CCCCNC(=O)N1CCN(C(=S)NCc2ccccc2)CC1)c1ccc(F)cc1,-9.3,AIEMG,2104
[C@H](CO)c1ccccc1C(=O)Nc1cccc(C(=O)N(C)C)c1,-9.3,AIEMG,2105
[N+]n1ccc(N=C2c3ccccc3C(=O)N2C[C@H]2CCCO2)c1Cl,-9.3,AIEMG,2106
Fc1ccc(-n2c3ccccc3nc2NCCC[NH+]2CCCC2)cc1,-9.3,AIEMG,2107
[N+]([O-])C(c1ccccc1)N(CC(=O)c1ccc([N+](=O)[O-])cc1)C(=O)Nc1ccccc1,-9.3,AIEMG,2108
[P@@]=C(NC(=O)c1ccc(Br)cc1)N1CCc2ccccc21,-9.3,AIEMG,2109
[P@@](=C\c1sc2ccccc2c1Nc1ccc(F)cc1)C1CCCC1,-9.3,AIEMG,2110
[N+]n1ccnc1C(=O)N1CCN(Cc2csc(Nc3ccc(Cl)cc3)n2)CC1,-9.3,AIEMG,2111
Fc1cccc(C(F)(F)CO[C@H](C2=CCCCC2)N2CCOCC2)n1,-9.3,AIEMG,2112
[C@@](C#Cc1ccccc1C(=O)NCc1ccc(C#N)cc1)[C@@H]1CCCN(c2ncccn2)C1,-9.3,AIEMG,2113
[C@@](CNC(=O)[C@@H]1CCCN(C(=O)NC[C@H]2CCCN(c3ncccn3)C2)C1)c1ccccn1,-9.3,AIEMG,2114
F[C@H](c1ccc(Cl)cc1)c1nc(CSc2n[nH]c([O-])n2)nn1Cc1cccs1,-9.3,AIEMG,2115
[C@@][C@@H]1CN(Cc2ccc(C(=O)OCCN3CCOCC3)cc2)C(=O)N1Cc1ccccc1,-9.3,AIEMG,2116
[N+]=C(c1ccccc1)[C@@H]1CCCC[NH+]1Cc1ccc(F)cc1Cl,-9.3,AIEMG,2117
[C@](C#CNC(=O)N1CCC[C@H]1c1ccccc1F)[C@H]1CCCCC1,-9.3,AIEMG,2118
CCCc1nn(C)c2c(=O)[nH]c(-c3cc(S(=O)(=O)N4CCNCC4)ccc3OCC)nc12,-9.2,ChEMBL,2119
[C@](C#C[C@@]1(C)CCCN(C(=O)c2cc3cccnc3n2C2CC2)C1)c1ccccc1,-9.2,AIEMG,2120
Cn1cnc2c(NCc3ccccc3)nc(Nc3cccc(S(N)(=O)=O)c3)nc21,-9.2,ChEMBL,2121
COc1ccc(CNc2nc(N3CCC[C@H]3CO)ncc2C(=O)N[C@H]2CC[C@H](O)CC2)cc1Cl,-9.2,ChEMBL,2122
CCCc1nn(C)c2c(=O)[nH]c(-c3cc(S(=O)(=O)N4CCC(=O)CC4)ccc3OCC)nc12,-9.2,ChEMBL,2123
CC(C)(C)C1=NN(c2ccc(C(=O)O)cc2)C(c2ccccc2)C1,-9.2,ChEMBL,2124
CCCc1nn(C)c2c(=O)[nH]c(-c3cc(N4CCC(C(=O)NO)CC4)ccc3OCC)nc12,-9.2,ChEMBL,2125
[C@]1(CO)CCC[C@@H]1CC(=O)NC[C@@H](c1ccc(Cl)cc1)N1CCc2ccccc21,-9.2,AIEMG,2126
CCN1Cc2nc3ccc(C#N)cc3c(NCc3ccc(OC)c(Cl)c3)c2C1=O,-9.2,ChEMBL,2127
CCCCn1ccc(-c2c(CO)c(CO)cc3cc(OC)c(OC)cc23)cc1=O,-9.2,ChEMBL,2128
COc1cc(-c2cccnc2)cc2c1nc(C)c1c(C)nc(-c3cccnc3F)n12,-9.2,ChEMBL,2129
CCCOc1ccc(S(=O)(=O)N2CCN(C)CC2)cc1-c1nc(NC(C)=O)cc(=O)[nH]1,-9.2,ChEMBL,2130
COc1cc(-c2ccncc2)cc2c1nc(C)c1c(C)nc(-c3ccc(F)nc3)n12,-9.2,ChEMBL,2131
COc1ccc(COc2nc(N3CC4CC4C3)ncc2C(=O)NCc2ccc(F)cc2)cc1Cl,-9.2,ChEMBL,2132
CCCc1nn(C)c2c(=O)[nH]c(-c3cc(Cc4ccc(C(=O)NO)c(OC)c4)ccc3OCC)nc12,-9.2,ChEMBL,2133
CCN1C(=O)c2nc(CCc3ccccc3)n(Cc3ccccc3)c2N2C[C@@H](Cc3ccccc3)N=C12,-9.2,ChEMBL,2134
CCCOCCn1c(=O)c(NCC2CCOCC2)nc2ccc(-c3ccc(F)cc3)nc21,-9.2,ChEMBL,2135
CCOC(=O)CCCNc1nc(-c2ccccc2)nc2ccccc12,-9.2,ChEMBL,2136
[C@H](N)C1CC[NH+](CC(=O)O[C@@H]2c3ccccc3C(=O)N2Cc2ccccc2)CC1,-9.2,AIEMG,2137
CCN1C(=O)c2c(ncn2Cc2ccc(O)c(Br)c2)N2C1=N[C@@H]1CCC[C@@H]12,-9.2,ChEMBL,2138
CCNC(=O)c1cc2c([nH]c3ccccc32)c(-c2ccc(CC)s2)n1,-9.2,ChEMBL,2139
CCc1cc(C(C)=O)c(O)cc1OCc1cccc(C(=O)NCCCCCCCCCC(=O)NO)n1,-9.2,ChEMBL,2140
COc1cc(-c2ccc(F)nc2)cc2c1nc(C)c1c(C)nc(-c3cccnc3)n12,-9.2,ChEMBL,2141
CCOc1ccccc1-c1nc(O)c2nc3cccc(CN4CCCC4)n3c2n1,-9.2,ChEMBL,2142
COc1cc2cncc(Cc3nc4c([nH]3)c(=O)n(C)c(=O)n4CC3CC3)c2cc1OC,-9.2,ChEMBL,2143
COCCCNC(=O)c1cnc(OCc2ccccn2)nc1NCc1ccc(OC)c(Cl)c1,-9.2,ChEMBL,2144
CCCNc1nc(Nc2cccc(S(=O)(=O)N3CCN(C)CC3)c2)nc2c1ncn2C,-9.2,ChEMBL,2145
COc1cc2c(NCc3ccc(Cl)cc3)ncnc2c(OC)c1OC,-9.2,ChEMBL,2146
CCn1ncc2c(N[C@@H](C)C3CCCCC3)c3cc(C#N)ccc3nc21,-9.2,ChEMBL,2147
N#Cc1cc(C2CC2)c2ncc(CO)c(NCc3ccnc(Cl)c3)c2c1,-9.2,ChEMBL,2148
CCCc1nn(C)c2c(=O)[nH]c(-c3ccccc3O)nc12,-9.2,ChEMBL,2149
COc1ccc(CNc2c(CO)cnc3c(C4CC4)cc(C#N)cc23)cn1,-9.2,ChEMBL,2150
CCCOCCn1c(=O)c(NCC(=O)N2CCN(C)CC2)nc2ncc(-c3ccc(OC)nc3)cc21,-9.2,ChEMBL,2151
CCCOCCn1c(=O)c(NCC(=O)N2CCNCC2)nc2cnc(-c3ccc(OC)nc3)cc21,-9.2,ChEMBL,2152
O=C(O)c1cc2c(=O)[nH]c(Cc3cccc(Cl)c3)nc2s1,-9.2,ChEMBL,2153
COc1ccc(COc2nc(N3CCC4(CC4)C3)ncc2C(=O)NCc2ccc(F)cc2)cc1Cl,-9.2,ChEMBL,2154
C[C@@]1(CC2CC2)C(=O)Nc2nc(-c3nn(Cc4ccccc4F)c4ncc(F)cc34)nnc21,-9.2,ChEMBL,2155
CCCOc1ccc(S(=O)(=O)N2CCN(C)CC2)cc1-c1nc(CC)c(Cl)c(=O)[nH]1,-9.2,ChEMBL,2156
CCCOCCn1c(=O)c(NCc2cnccn2)nc2ncc(-c3ccc(OC)nc3)cc21,-9.2,ChEMBL,2157
CCCOc1ccc(S(=O)(=O)N2CCN(C)CC2)cc1-c1nc(CC)c(F)c(=O)[nH]1,-9.2,ChEMBL,2158
CCCOc1ccc(S(=O)(=O)N2CCN(C)CC2)cc1-c1nc(C)c(Br)c(=O)[nH]1,-9.2,ChEMBL,2159
CCCOc1ccc(NC(=O)C(=O)N2CCN(C)CC2)cc1-c1nc(CC)c(CC)c(=O)[nH]1,-9.2,ChEMBL,2160
COc1ccc(CNc2nc(N3CC4CC4C3)ncc2C(=O)N[C@H]2CCCCNC2=O)cc1Cl,-9.2,ChEMBL,2161
[C@@]1(NC(=O)c2nnnn2-c2ccc(F)cc2)S(=O)(=O)c2ccccc21,-9.2,AIEMG,2162
CC1(C)C(=O)Nc2nc(-c3nn(Cc4ccccc4F)c4ncccc34)nc(-c3ccn[nH]3)c21,-9.2,ChEMBL,2163
CCCCN1C(=O)[C@H]2Cc3c([nH]c4ccccc34)[C@H](c3cccc(Cl)c3)N2C1=O,-9.2,ChEMBL,2164
N#Cc1c(-c2ccc(Cl)s2)nc(SCc2cccc(Cl)c2)[nH]c1=O,-9.2,ChEMBL,2165
Fc1ccc(-c2ccc([C@H]3CCCN3C(=O)Cc3cccc(Cl)c3Cl)o2)c(Cl)c1,-9.2,AIEMG,2166
CCCc1c(OCCOc2ccc3c(=O)cc(C(=O)O)oc3c2CCC)ccc(C(C)=O)c1O,-9.2,ChEMBL,2167
[P@@](=C/c1ccccc1F)[C@@H]1Cc2ccccc2C(=O)N1c1ccc([N+](=O)[O-])cc1,-9.2,AIEMG,2168
CCN1CC(=O)N2[C@H](c3ccc(Cl)cc3Cl)c3[nH]c4ccccc4c3C[C@@H]2C1=O,-9.2,ChEMBL,2169
COc1ccc(CNc2nc(N3CCC[C@H]3CO)ncc2C(=O)Nc2ncccn2)cc1Cl,-9.2,ChEMBL,2170
CC(C)CNc1nc(Nc2cccc(S(=O)(=O)N3CCN(C)CC3)c2)nc2ccccc12,-9.2,ChEMBL,2171
O=c1n(Cc2ccc(Cl)cc2)c2sc3c(c2c2ncnn12)CCCC3,-9.2,ChEMBL,2172
Fc1ccccc1CC1CCN(C(=O)c2cc(-c3ccccc3F)[nH]c(=O)c2Cl)CC1,-9.2,AIEMG,2173
CCCc1nn(C)c2c(=O)[nH]c(-c3cc(S(=O)(=O)NCCCCCO)ccc3OCC)nc12,-9.2,ChEMBL,2174
COc1cc(C)c2nc3[nH]nc(C)c3c(CN3CC[C@@H](O)C3)c2c1,-9.2,ChEMBL,2175
[C@H]OC(=O)COc1ccccc1/C=C1\N=C(c2ccc(OC)cc2)C(=O)N=C1SC1CCCCC1,-9.2,AIEMG,2176
FC(F)(F)c1cc(NCC[NH+]2CCCC2)nc(-c2ccccc2)n1,-9.2,AIEMG,2177
[C@](O)(CNC(=O)NC[C@H](c1ccccc1)c1ccc(F)c2ccccc12)c1ccc(C#N)cc1,-9.2,AIEMG,2178
[C@@][C@]1(C(=O)N2CCC(N3CCN(C(=O)c4ccccc4F)C3)=NC2=O)CC1,-9.2,AIEMG,2179
S=C1C[C@@]2(CCCN(Cc3cccnc3)O2)CCN1Cc1ccc(Cl)cc1,-9.2,AIEMG,2180
[C@H]1c2ccccc2C(=CCN(CCn2cc(Cl)cn2)S(=O)(=O)c2cccs2)C1,-9.2,AIEMG,2181
CC(C)c1nn2ccccc2c1C1=NNC(=O)CC1,-9.2,ChEMBL,2182
N[C@]1(C(N)=O)CCC[C@@H]1c1ccccc1NC(=O)C1=CCCC1,-9.2,AIEMG,2183
[C@@][C@@H]1[C@@H](C(=O)[O-])CC(=O)N1[C@@H]1CCc2ccccc2C1,-9.2,AIEMG,2184
[P@@]1CCC(C[C@H](O)c2ccccc2)=C1N1CCc2ccccc21,-9.2,AIEMG,2185
CNc1nc(C(F)(F)F)nc2c1ncn2Cc1ccccc1F,-9.1,ChEMBL,2186
CCCc1nn(C)c2c(=O)[nH]c(-c3ccccc3)nc12,-9.1,ChEMBL,2187
CC(C)CCn1c2c(c3c(O)cc(O)cc31)CCn1c-2nc2ccccc2c1=O,-9.1,ChEMBL,2188
CC(C)(C)C1=NN(c2ccc(C(=O)O)cc2)C(c2ccccc2F)C1,-9.1,ChEMBL,2189
COc1ccc(C2CC(c3cccc(OC)c3)=NN2c2ccc(C(=O)O)cc2)cc1,-9.1,ChEMBL,2190
CCc1ccc([C@H]2c3[nH]c4ccccc4c3C[C@H]3C(=O)N(C)CC(=O)N23)o1,-9.1,ChEMBL,2191
CCCOc1ccc([N+](=O)[O-])cc1-c1nc2c(c(C)nn2C)c(=O)[nH]1,-9.1,ChEMBL,2192
CC1(C)C(=O)Nc2nc(-c3nn(Cc4ccccc4F)c4ncc(F)cc34)nc(CN)c21,-9.1,ChEMBL,2193
COc1ccc(CNc2nc(N3CCC4(CC4)C3)ncc2C(=O)NCc2ncccn2)cc1Cl,-9.1,ChEMBL,2194
COc1ccc(CNc2nc(N3CC4CC4C3)ncc2C(=O)NCc2ccc(F)cc2)cc1Cl,-9.1,ChEMBL,2195
CCCNc1nc(-c2ccccc2)nc2ccccc12,-9.1,ChEMBL,2196
CCCc1nn(C)c2c(=O)[nH]c(-c3cc(S(=O)(=O)NCCNCC(=O)O)ccc3OCC)nc12,-9.1,ChEMBL,2197
CC[C@@]1(C)C(=O)Nc2nc(-c3nn(Cc4ccccc4F)c4ncc(F)cc34)nnc21,-9.1,ChEMBL,2198
COC(=O)c1ccccc1NC(=O)c1ccc(OC)c(OC2CCCC2)c1,-9.1,ChEMBL,2199
CCCOc1ccc(NS(C)(=O)=O)cc1-c1nc(C(C)C)c(Br)c(=O)[nH]1,-9.1,ChEMBL,2200
Nc1nc2c(c(=O)n(CC3CC3)c(=O)n2CC2CC2)n1Cc1cccc2ccccc12,-9.1,ChEMBL,2201
COc1ccc(CNc2nc(N3CC4CC4C3CO)ncc2C(=O)NCc2ccccc2)cc1Cl,-9.1,ChEMBL,2202
COc1ccc(CNc2c3c(nc4ccc(C)cc24)CCN(C(C)=O)C3)cc1Cl,-9.1,ChEMBL,2203
CCOC(=O)CC(NC(=O)c1cccc(COc2cc(O)c(C(C)=O)cc2CC)c1)C(=O)OCC,-9.1,ChEMBL,2204
O=C(c1cc2[nH]c(=O)c3cnc(C4CCCCC4)n3c2cc1Cl)N1CCN(CCO)CC1,-9.1,ChEMBL,2205
CCN1C(=O)c2ncn(Cc3ccccc3)c2N2C[C@@H](Cc3ccccc3)N=C12,-9.1,ChEMBL,2206
CCCOc1ccc(S(=O)(=O)N2CCN(C)CC2)cc1-c1nc(CC)cc(=O)[nH]1,-9.1,ChEMBL,2207
CCN1C(=O)c2c(nc(C(N)=O)n2Cc2ccc(OC)c(Cl)c2)N2C[C@@H](Cc3ccccc3)N=C12,-9.1,ChEMBL,2208
CCCOCCn1c(=O)c(NCCN2CCOCC2)nc2ccc(-c3ccc(O)nc3)nc21,-9.1,ChEMBL,2209
CCCOc1ccc(S(=O)(=O)N2CCN(C)CC2)cc1-c1nc(CC)c(CC)c(=O)[nH]1,-9.1,ChEMBL,2210
CCOc1ccccc1-c1nc(O)c2nc3ccc(Br)cn3c2n1,-9.1,ChEMBL,2211
CCCc1nn(C)c2c(=O)[nH]c(-c3cc(S(=O)(=O)NCCCN(C)C)ccc3OCC)nc12,-9.1,ChEMBL,2212
COc1cc2nc(Nc3cccc(S(N)(=O)=O)c3)nc(NCC(C)C)c2cc1OC,-9.1,ChEMBL,2213
CCCCn1c2c(c3c(O)cc(O)cc31)CCn1c-2nc2ccccc2c1=O,-9.1,ChEMBL,2214
COc1cc(F)cc2c1nc(C)c1c(C)nc(-c3cccnc3C)n12,-9.1,ChEMBL,2215
CCOc1ccc(S(=O)(=O)N2CCN(C)CC2)cc1-c1nc2c(=O)[nH]c(=O)n(CC(C)C)c2[nH]1,-9.1,ChEMBL,2216
CCCOCCn1c(=O)nc(NC(C)(C)C(=O)O)c2nnc(-c3ccc(OC)nc3)cc21,-9.1,ChEMBL,2217
COc1ccc(C(C)Nc2c3c(nc4ccc(C#N)cc24)CCN(C(C)=O)C3)cc1Cl,-9.1,ChEMBL,2218
CCCOCCn1c(=O)nc(NC2CCC(O)CC2)c2cnc(-c3ccc(OC)nc3)cc21,-9.1,ChEMBL,2219
Cc1nc2c(n1Cc1ccccc1)N1CC3(CCCC3)N=C1N(C)C2=O,-9.1,ChEMBL,2220
CCCOCCn1c(=O)c(N[C@H]2CC[C@H](O)CC2)nc2ncc(-c3ccc(OC)nc3)cc21,-9.1,ChEMBL,2221
Cc1ccc2c(c1)CC(=O)N2C(=O)c1ccccc1,-9.1,ChEMBL,2222
CCCc1nn(C)c2c(=O)[nH]c(-c3cc(S(=O)(=O)NCCCCO)ccc3OCC)nc12,-9.1,ChEMBL,2223
CCN1Cc2nc3ccc(OC)cc3c(NCc3ccc(OC)c(Cl)c3)c2C1=O,-9.1,ChEMBL,2224
CCCOCCn1c(=O)nc(NC2CCNCC2)c2nnc(-c3ccc(OC)nc3)cc21,-9.1,ChEMBL,2225
COc1ccc2c3c([nH]c2c1)C1N(CC3)C(=O)c2c(OC)cccc2N1C,-9.1,ChEMBL,2226
CCCOCCn1c(=O)nc(NCC(=O)N(C)C)c2nnc(-c3ccc(OC)nc3)cc21,-9.1,ChEMBL,2227
CCCOc1ncc(C(C)=O)cc1-c1nc(=O)c2nn(C3CNC3)c(CCC)c2[nH]1,-9.1,ChEMBL,2228
CCCCOc1ncc(C(C)=O)cc1-c1nc(O)c2nn(C3CCNCC3)c(CC)c2n1,-9.1,ChEMBL,2229
COc1ccc(C2CC(c3ccccc3C)=NN2c2ccc(C(=O)NCCO)cc2)cc1,-9.1,ChEMBL,2230
CCCOc1ccc(S(=O)(=O)N2CCN(C)CC2)cc1-c1nc(C)c(CC)c(=O)[nH]1,-9.1,ChEMBL,2231
Clc1ccc(Cl)cc1N1CCN(C(=O)c2ccccc2Cl)CC1,-9.1,AIEMG,2232
CCCCOc1ncc(C(C)=O)cc1-c1nc(O)c2nn(C3CCN(C)CC3)c(CC)c2n1,-9.1,ChEMBL,2233
CN1c2cccc(O)c2C(=O)N2CCc3c([nH]c4ccccc34)C21,-9.1,ChEMBL,2234
CN1c2ccccc2C(=O)N2CCc3c([nH]c4ccccc34)C21,-9.1,ChEMBL,2235
CCCNc1nc(Nc2ccc(S(=O)(=O)N3CCN(C)CC3)cc2)nc2ccccc12,-9.1,ChEMBL,2236
Cc1nn2c(-c3c(C)nn(C)c3-c3ccc(C(F)(F)F)cc3)nc(CO)c2c(=O)[nH]1,-9.1,ChEMBL,2237
CCCOCCn1c(=O)c(NCC2CCOCC2)nc2ccc(-c3ccncc3)nc21,-9.1,ChEMBL,2238
CCCOCCn1c(=O)c(N2CCN(CC)CC2)nc2cnc(-c3ccc(OC)nc3)cc21,-9.1,ChEMBL,2239
FC(F)(CC1CCOCC1)N[C@@H]1CCCc2c1cnn2Cc1ccccc1,-9.1,AIEMG,2240
Fc1ccccc1N1C(=O)CNc2nc(-c3cccnc3)n[nH+]c21,-9.1,AIEMG,2241
S/C(=C\c1ccc(Cl)cc1)n1nnc2ccccc21,-9.1,AIEMG,2242
COc1cc(/C=C2\C(=O)NC(=O)N(c3ccc(Cl)c(Cl)c3)C2=O)c(OC)cc1OC1CCCCC1,-9.1,AIEMG,2243
[P@@]=C(/CC(=O)N1CCN(c2ccc(Br)cc2)C1=O)c1ccccc1O,-9.1,AIEMG,2244
[N+](Cl)c1ccccc1[C@@H]1CCCN1C(=O)c1cc(F)c(F)cc1F,-9.1,AIEMG,2245
[NH+]=C(Nc1ccc(C#N)cc1)N1C(=O)/C(=C/c2cccnc2)SC1=S,-9.1,AIEMG,2246
FC(F)(F)c1nnc(Sc2ccccc2F)n1-c1cccc([N+](=O)[O-])c1,-9.1,AIEMG,2247
Fc1ccccc1OC[C@H]1CCCN1C(=O)N[C@@H]1CC(=O)N(c2ccccc2)C1,-9.1,AIEMG,2248
[C@H](N)c1ccc(F)cc1NC(=O)c1ccnc(C(F)(F)F)c1,-9.1,AIEMG,2249
[C@H]Oc1cccc(-c2csc(N3CCN(C(=O)c4ccccc4Cn4cc[nH+]n4)CC3)n2)c1,-9.1,AIEMG,2250
[N+]/N=C/c1cccn1C[C@@H]1c2ccccc2C(=O)N1c1ccc(F)cc1,-9.1,AIEMG,2251
[N+]1=CC[C@H](C2=NNC(c3cn(-c4ccccc4)cc3C(F)(F)F)C2)C1,-9.1,AIEMG,2252
Fc1ccc(C(C)CC2(OCc3ccccc3)CCN(Cc3cccc(Cl)c3)CC2)nc1,-9.1,AIEMG,2253
[C@]([C@@H]1CCCCN1C(=O)c1[nH]c2ccccc2c1C)C(=O)N1CCCCC1,-9.1,AIEMG,2254
[C@](C#CCNNC(=O)N1Cc2ccccc2C[C@@H]1C(=O)N1CCN(C)CC1)c1cccc([N+](=O)[O-])c1,-9.1,AIEMG,2255
C[P@@](C)(COc1cc(C)cc(F)c1)Cc1c(C(C)(C)C)c(C)nn1CCc1ccccc1,-9.1,AIEMG,2256
[N+]([O-])CCOC(=O)c1cc(S(=O)(=O)N(Cc2ccccc2)c2ccccc2)nc2ccccc12,-9.1,AIEMG,2257
[N+]c1ccccc1-c1ccccc1NC(=O)[C@@H](CC(=O)[O-])C(=O)[O-],-9.1,AIEMG,2258
c1csc(CNc2nc(-n3ccnc3)nc3ccccc23)c1,-9.0,ChEMBL,2259
COc1ccc(CNc2nnc(N3CCC(O)CC3)c3ccc(C#N)cc23)cc1Cl,-9.0,ChEMBL,2260
COc1ccc(C2CC(c3ccccc3)=NN2c2ccc(S(N)(=O)=O)cc2)cc1,-9.0,ChEMBL,2261
COc1ccc(CNc2nc(N3CC4CC4C3)ncc2C(=O)NCc2ncccn2)cc1Cl,-9.0,ChEMBL,2262
CCCOc1ccc(NC(N)=S)cc1-c1nc2c(c(C)nn2C)c(=O)[nH]1,-9.0,ChEMBL,2263
COc1ccc(CNc2nc(N3CC4CC4C3)ncc2C(=O)NCc2ccccc2)cc1Cl,-9.0,ChEMBL,2264
COc1ccc(CNc2nc(N3CC4CC4C3)ncc2C(=O)NCc2cnc(C)cn2)cc1Cl,-9.0,ChEMBL,2265
Cc1nc(-n2nc(Cc3ccccc3F)c3cc(F)ccc32)nc2c1C(C)(C)C(=O)N2,-9.0,ChEMBL,2266
COc1ccc2nc3c(c(NCc4ccc(OC)c(Cl)c4)c2c1)CN(C(C)=O)CC3,-9.0,ChEMBL,2267
COc1ccc(CNc2nc(N3CC4CC4C3)ncc2C(=O)NC2CCCCCC2)cc1Cl,-9.0,ChEMBL,2268
CCOCCn1c(=O)nc(NCC(=O)N(C)C)c2nnc(-c3ccc(OC)nc3)cc21,-9.0,ChEMBL,2269
CCCOc1ccc(NC(N)=O)cc1-c1nc(CC)c(CC)c(=O)[nH]1,-9.0,ChEMBL,2270
COc1ccc(Cc2nccc3cc(OC)c(OC)cc23)cc1OC,-9.0,ChEMBL,2271
CC(C)c1nn2ccccc2c1C1=NNC(=O)C[C@H]1C,-9.0,ChEMBL,2272
CCOCCn1c(=O)nc(NC2CCC(O)CC2)c2nnc(-c3ccc(OC)nc3)cc21,-9.0,ChEMBL,2273
CCOc1ccccc1-c1nc(O)c2c(C)nc(C)n2n1,-9.0,ChEMBL,2274
COc1ccc(CNc2nc(N3CCC[C@H]3CO)ncc2C(=O)NCc2ncccn2)cc1Cl,-9.0,ChEMBL,2275
CCCc1nn(C)c2c(=O)[nH]c(-c3cc(C(OC)c4ccc(C(=O)NO)cc4)ccc3OCC)nc12,-9.0,ChEMBL,2276
c1ccc(Nc2nc(-c3ccco3)nc3ccccc23)cc1,-9.0,ChEMBL,2277
CC1(C)C(=O)Nc2nc(-n3nc(Cc4ccccc4F)c4ncc(F)cc43)nnc21,-9.0,ChEMBL,2278
CCc1cc(C(C)=O)c(O)cc1OCc1cccc(C(=O)NC(CO)CCC(=O)OC)n1,-9.0,ChEMBL,2279
CCCn1cnc2c(O)nc(-c3cc(S(=O)(=O)N4CCN(C)CC4)ccc3OCC)nc21,-9.0,ChEMBL,2280
CCCOCCn1c(=O)c(NCC2CCCO2)nc2cnc(-c3ccc(OC)nc3)cc21,-9.0,ChEMBL,2281
CCCOCCn1c(=O)c(NCC(=O)NC)nc2ncc(-c3ccc(OC)nc3)cc21,-9.0,ChEMBL,2282
CCCOCCn1c(=O)c(NCC(=O)N2CCN(C)CC2)nc2cnc(-c3ccc(OC)nc3)cc21,-9.0,ChEMBL,2283
CCCc1n[nH]c2c(O)nc(-c3ccccc3OCC)nc12,-9.0,ChEMBL,2284
CCCOc1ccc(S(=O)(=O)N2CCN(C)CC2)cc1-c1nc(CCC)c(CC)c(=O)[nH]1,-9.0,ChEMBL,2285
CCCOCCn1c(=O)c(NCc2cnccn2)nc2cnc(-c3ccc(OC)nc3)cc21,-9.0,ChEMBL,2286
CCCNc1nc(Nc2cccc(S(=O)(=O)N3CCN(C)CC3)c2)nc2ccccc12,-9.0,ChEMBL,2287
CC(C)CNc1nc(Nc2cccc(S(=O)(=O)N3CCN(C)CC3)c2)nc2c1ncn2C,-9.0,ChEMBL,2288
CCCn1ccc(=O)c2c(N)nc(-c3ccccc3)cc21,-9.0,ChEMBL,2289
CCCCOc1ncc(C(C)=O)cc1-c1nc(O)c2nn(CCN3CCOCC3)c(CC)c2n1,-9.0,ChEMBL,2290
CCc1c2nc(-c3cc(C(C)=O)cnc3OCC(C)C)nc(O)c2nn1C1CN(C)C1,-9.0,ChEMBL,2291
N#Cc1c(-c2cccs2)nc(SCc2cccc(Cl)c2)[nH]c1=O,-9.0,ChEMBL,2292
COc1cc2cc(CO)c(CO)c(-c3ccnc(-n4ccccc4=O)c3)c2cc1OC,-9.0,ChEMBL,2293
COc1ccc(CCNc2c3c(nc4ccc(C#N)cc24)CCN(C(C)=O)C3)cc1Cl,-9.0,ChEMBL,2294
CCCOc1ccccc1-c1nc(O)c2sccc2n1,-9.0,ChEMBL,2295
COc1cc(-c2ccc(F)nc2)cc2c1nc(C)c1c(C)nc(-c3ccncc3)n12,-9.0,ChEMBL,2296
CCCOc1ccccc1-c1nc2[nH]nnc2c(=O)[nH]1,-9.0,ChEMBL,2297
CCCOc1ccccc1-c1nc2nc[nH]c2c(=O)[nH]1,-9.0,ChEMBL,2298
CCOC(=O)C1(C)C(=O)Nc2nc(-c3nn(Cc4ccccc4F)c4ncccc34)ncc21,-9.0,ChEMBL,2299
CCC[C@@H]1CN2C(=N1)N(CC)C(=O)c1[nH]c(Cc3ccccc3)nc12,-9.0,ChEMBL,2300
CC[C@@H]1CN2C(=N1)N(CC)C(=O)c1[nH]c(Cc3ccccc3)nc12,-9.0,ChEMBL,2301
O=C(c1cc2ccc(O)cc2o1)N1Cc2c(nc3ccccc3c2O)C1c1ccc2c(c1)OCO2,-9.0,ChEMBL,2302
CCCCN1C(=O)[C@H]2Cc3c([nH]c4ccccc34)[C@H](c3ccccc3)N2C1=O,-9.0,ChEMBL,2303
CCCOCCn1c(=O)c(NCCN2CCOCC2)nc2ccc(-c3ccc(OC)nc3)nc21,-9.0,ChEMBL,2304
O=C(O)CCc1ncc2c(=O)[nH]c3cc(Br)ccc3n12,-9.0,ChEMBL,2305
O=C(Cc1csc(NC(=O)c2ccccn2)n1)NO,-9.0,ChEMBL,2306
CCc1cc(C(C)=O)c(O)cc1OCc1cccc(C(=O)NC(C(=O)O)C(C)C)n1,-9.0,ChEMBL,2307
CCCOc1ccc([N+](=O)[O-])cc1-c1nc2c(c(C)nn2CC)c(=O)[nH]1,-9.0,ChEMBL,2308
CCCOCCn1c(=O)c(N2CCN(CCO)CC2)nc2ncc(-c3ccc(OC)nc3)cc21,-9.0,ChEMBL,2309
CN1c2ccccc2C(=O)N2CCc3c([nH]c4ccccc34)[C@H]21,-9.0,ChEMBL,2310
COc1ccc(CNc2nc(N3CCC4(CC4)C3)ncc2C(=O)NCc2ccccn2)cc1Cl,-9.0,ChEMBL,2311
[C@H]1CC[C@@H](c2nnnn2-c2ccccc2)[C@H](c2ccccc2)[C@@H]1O,-9.0,AIEMG,2312
[C@H]1CC(C)(C)c2ccc(NC(=O)CN3CCN(c4ccccc4F)[C@@H]3C(=O)OC(C)(C)C)cc2O1,-9.0,AIEMG,2313
[C@H]Oc1cc(C(=O)N2CCC(c3noc(=O)n3-c3ccccc3)CC2)ccc1NC(=O)C(C)C,-9.0,AIEMG,2314
FC(F)Oc1ccc(-c2ccnc3cc(-c4cccnc4)nn23)cc1OCC1CC1,-9.0,ChEMBL,2315
[C@@]1(C(C)=C2CCOC3=c4ccccc4=[NH+][C@H]32)C([O-])=NC(=O)[C@@H]1C/C=C\c1cccc(F)c1,-9.0,AIEMG,2316
[N+]C1=C(Cl)[C@]2(CN(CCc3c[nH]c4ccc(Cl)cc34)N[C@@H]2c2ccccc2)c2ccccc21,-9.0,AIEMG,2317
[N+]N[C@H]N[NH+](Cc1ccccc1)Cc1nc2ccccc2n1Cc1ccccc1,-9.0,AIEMG,2318
[C@]1(c2ccccc2)OCCO[C@@H]1CN/C=C1\C(=O)N(c2cnccc2Cl)C1,-9.0,AIEMG,2319
[C@@]1(c2ccc(Cl)cc2F)N(C[C@@H]2CCCO2)c2ccccc21,-9.0,AIEMG,2320
[C@@H]Oc1ccc(/C=C(\C#N)C(=O)N2CCc3ccccc32)cc1,-9.0,AIEMG,2321
[C@H]Oc1ccccc1NC1CCN(S(=O)(=O)c2ccc(C(C)C)cc2)CC1,-9.0,AIEMG,2322
c1cc(-c2n[nH]c3c2[C@H](c2cccs2)N(Cc2ccccc2)C3)cc(F)c1,-9.0,AIEMG,2323
FC(F)(F)COc1cccc2c1NC(=O)/C2=C/C1NC(=S)[N-]c2ccccc21,-9.0,AIEMG,2324
[C@@]n1c(C)nnc1S[C@@H](C(=O)Nc1ccc([N+](=O)[O-])cc1)c1ccccc1,-9.0,AIEMG,2325
FC(F)(F)c1ccc([C@H]2NC(=O)C(c3cccs3)=C2C(=O)Nc2cccc(F)c2)cc1,-9.0,AIEMG,2326
CCCOCCn1c(=O)c(N2CCN(C[C@H](C)O)CC2)nc2cnc(-c3ccc(OC)nc3)cc21,-8.9,ChEMBL,2327
CNc1ncnc2c1ncn2Cc1ccccc1F,-8.9,ChEMBL,2328
COc1ccc(CNc2nc(N3CC4CC4C3CO)ncc2C(=O)NCc2ncccn2)cc1Cl,-8.9,ChEMBL,2329
CCCc1n[nH]c2c(O)nc(-c3ccccc3O)nc12,-8.9,ChEMBL,2330
c1ccc(-c2nc(Nn3cccc3)c3ccccc3n2)cc1,-8.9,ChEMBL,2331
COc1ccc(COc2nc(N3CC4CC4C3)ncc2C(=O)NCCN2CCOCC2)cc1Cl,-8.9,ChEMBL,2332
CC1CC(=O)NN=C1c1c(C(C)C)nn2ccccc12,-8.9,ChEMBL,2333
COc1ccc(CNc2c(CO)cnc3c(N4CC(F)C4)cc(C#N)cc23)cc1Cl,-8.9,ChEMBL,2334
COc1ccc(S(=O)(=O)Nc2nc3c(=O)n(CC4CC4)c(=O)n(CC4CC4)c3[nH]2)cc1,-8.9,ChEMBL,2335
CCc1nc(-n2nc(Cc3ccccc3F)c3cc(F)ccc32)nc2c1C(C)(C)C(=O)N2,-8.9,ChEMBL,2336
COc1ccc(CNc2nc(N3CCC(O)CC3)ncc2C(=O)NCc2ccccn2)cc1Cl,-8.9,ChEMBL,2337
O=C(NCc1ccccc1)N1Cc2c(nc3ccccc3c2O)C1c1ccc2c(c1)OCO2,-8.9,ChEMBL,2338
[C@](C#Cc1cccc(Cl)c1)[C@H](CC(=O)Nc1ccccc1C(F)(F)F)NC1(C#N)CCCC1,-8.9,AIEMG,2339
CCCOc1ccc(S(=O)(=O)N2CCN(C)CC2)cc1-c1nc(CC)c(CCC)c(=O)[nH]1,-8.9,ChEMBL,2340
[2H]C([2H])(Nc1c(CO)cnc2c(C3CC3)cc(C#N)cc12)c1ccc(OC)c(Cl)c1,-8.9,ChEMBL,2341
COc1ccc(CNc2nnc(Cl)c3ccc(C#N)cc23)cc1Cl,-8.9,ChEMBL,2342
CCCOCCn1c(=O)nc(NC2CCC(O)CC2)c2nnc(-c3ccc(OC)nc3)cc21,-8.9,ChEMBL,2343
CCc1cc(C(C)=O)c(O)cc1OCc1cccc(C(=O)NCCCCCCCCC(=O)O)n1,-8.9,ChEMBL,2344
CCCOCCn1c(=O)c(NCC(N)=O)nc2ncc(-c3ccc(OC)nc3)cc21,-8.9,ChEMBL,2345
COc1ccc(C2CC(c3ccccc3)=NN2c2ccc(C(=O)O)cc2)cc1,-8.9,ChEMBL,2346
Cc1cc(O)cc2c(CN3CCCOCC3)c3c(C)n[nH]c3nc12,-8.9,ChEMBL,2347
COc1ccc(C2CC(c3ccc(O)cc3)=NN2c2ccc(C(=O)O)cc2)cc1,-8.9,ChEMBL,2348
CCCOCCn1c(=O)c(NCCN2CCOCC2)nc2ccc(-c3ccc(F)cc3)nc21,-8.9,ChEMBL,2349
CCc1nn(CCOCC(F)(F)F)c2c(Nc3ccncn3)nc(N3CCNC(=O)C3)nc12,-8.9,ChEMBL,2350
CCN1C(=O)[C@H]2Cc3c([nH]c4ccccc34)[C@@H](c3ccc(Br)s3)N2C1=O,-8.9,ChEMBL,2351
CCCOc1ccc(N(C)C)cc1-c1nc2c(c(C)nn2C)c(=O)[nH]1,-8.9,ChEMBL,2352
CCCOc1ccccc1-c1nc2c(ncn2CCC)c(=O)[nH]1,-8.9,ChEMBL,2353
Cln1cc(-c2nnc(-c3cccnc3)nc2-c2ccc(CO)cc2)nc1C1CC1,-8.9,AIEMG,2354
CCN1C(=O)c2c(ncn2Cc2ccc(OC)cc2)N2C1=N[C@@H]1CCC[C@@H]12,-8.9,ChEMBL,2355
CC(C)COc1ccccc1-c1nc2ccc[nH]c-2n1,-8.9,ChEMBL,2356
Cc1ncc(-c2nc(-c3nn(Cc4ccccc4F)c4ncccc34)nc3c2C(C)(C)C(=O)N3)s1,-8.9,ChEMBL,2357
CC1(C(=O)NC2CC2)C(=O)Nc2nc(-c3nn(CCC(F)(F)F)c4ncccc34)ncc21,-8.9,ChEMBL,2358
CCCc1nc(C)n2c(O)nc(-c3ccccc3OCC)nc12,-8.9,ChEMBL,2359
CCNC(=O)c1ccc(N2N=C(c3ccccc3)CC2c2ccc(OC)cc2)cc1,-8.9,ChEMBL,2360
[P@@]1=NC[C@H](c2cccc(S(=O)(=O)N3CCCC3)c2)N(Cc2ccc3[nH]c(=O)[nH]c3c2[O-])C1,-8.9,AIEMG,2361
CCOc1ccccc1-c1nc(O)c2nnc(C3CCCC3)n2n1,-8.9,ChEMBL,2362
[C@@]1(CNc2nc3ccccc3c(=O)[nH]2)CCCC1=C([O-])C(=O)Nc1ccccc1,-8.9,AIEMG,2363
[N+]=C[C@H]1CC=CC[C@H]1C(=O)N1CCC[C@@H](C(=O)c2cccc(F)c2)C1,-8.9,AIEMG,2364
[C@@]Oc1cccc(C(=O)N2CCN([C@@H](c3ccc(C)cc3)n2)c2ccccc2)c1,-8.9,AIEMG,2365
CN(C)CCNc1nc(Nc2cccc(S(=O)(=O)N3CCN(C)CC3)c2)nc2ccccc12,-8.9,ChEMBL,2366
[P@@](C1CC(c2ccccc2)[C@@H]1C(=O)c1ccccc1)c1ccccc1,-8.9,AIEMG,2367
CCCCn1c2c(c3c(OC)cc(OC)cc31)CCn1c-2nc2ccccc2c1=O,-8.9,ChEMBL,2368
CCOc1ccccc1-c1nc(O)c2nnn(C3CCCC3)c2n1,-8.9,ChEMBL,2369
[N+]n1cnnc1SCc1nc2ccccc2c(=O)n1-c1ccc(F)cc1,-8.9,AIEMG,2370
CCCOCCn1c(=O)c(NCC(=O)N(C)C)nc2ncc(-c3ccc(OC)nc3)cc21,-8.9,ChEMBL,2371
[C@H]1c2ccc(C(=O)N3CCC[C@@H]3c3nc4ccccc4[nH]3)cc2S1,-8.9,AIEMG,2372
COCCc1ccc(-c2c(C)nc3c(N4CCOCC4)ccnn23)cn1,-8.9,ChEMBL,2373
CCCOc1ccc(NS(C)(=O)=O)cc1-c1nc(CC)c(CC)c(=O)[nH]1,-8.9,ChEMBL,2374
[C@H](C(=O)N1CCC(/C(c2ccccc2)C2CCCC2)S1)c1ccccc1,-8.9,AIEMG,2375
CCCOCCn1c(=O)c(N2CCN(CCO)CC2)nc2cnc(-c3ccc(OC)nc3)cc21,-8.9,ChEMBL,2376
CCCOCCn1c(=O)nc(N[C@@H]2CCCC[C@H]2C(=O)O)c2nnc(-c3ccc(OC)nc3)cc21,-8.9,ChEMBL,2377
OCCCCCNc1nc(-c2ccccc2)nc2ccccc12,-8.9,ChEMBL,2378
[N+]1=CCN(c2nc(C[NH+]3CCCCC3)c3ccc(Cl)cc3n2)CC1,-8.9,AIEMG,2379
CCCOCCn1c(=O)nc(N[C@H](C)C(=O)O)c2nnc(-c3ccc(OC)nc3)cc21,-8.9,ChEMBL,2380
CCc1cc(C(C)=O)c(O)cc1OCc1cccc(C(=O)NC(CO)(CO)CO)n1,-8.9,ChEMBL,2381
[C@@]=C1c2ccccc2C(=O)N1c1ncccc1C,-8.9,AIEMG,2382
Cc1noc(C)c1-c1ccc2nc(NCCN3CCOCC3)c(=O)n(CC3CCCCC3)c2n1,-8.9,ChEMBL,2383
COc1ccc(CNc2c(CO)cnc3c(N4CCOCC4)cc(C#N)cc23)cc1Cl,-8.9,ChEMBL,2384
COc1ccc2c(-c3cc(OC)c(OC)c(OC)c3)c(CO)c(CO)cc2c1,-8.8,ChEMBL,2385
COc1ncc(CNc2nc(N3CC4CC4C3)ncc2C(=O)NCc2ncccn2)cc1Cl,-8.8,ChEMBL,2386
CN1C(=O)c2c(nn(Cc3ccc(-c4ccccn4)cc3)c2Nc2ccccc2)N2C1=N[C@@H]1CCC[C@@H]12,-8.8,ChEMBL,2387
COc1cc(C)c2nc3[nH]nc(C)c3c(CN3CCCOCC3)c2c1,-8.8,ChEMBL,2388
CCCCOc1ncc(C(C)=O)cc1-c1nc(O)c2nn(Cc3nccn3C)c(CC)c2n1,-8.8,ChEMBL,2389
COc1cc([S+](C)[O-])ccc1-c1nc2cccnc2[nH]1,-8.8,ChEMBL,2390
CCCOCCn1c(=O)c(NC[C@H](C)O)nc2ncc(-c3ccc(OC)nc3)cc21,-8.8,ChEMBL,2391
CCCOCCn1c(=O)c(NCCN2CCOCC2)nc2ncc(-c3ccc(OC)nc3)cc21,-8.8,ChEMBL,2392
CCCOCCn1c(=O)c(NCCN2CCOCC2)nc2ccc(-c3ccc(OC)nc3)cc21,-8.8,ChEMBL,2393
c1c[nH]c2nc(-c3ccccc3OCC3CC3)nc-2c1,-8.8,ChEMBL,2394
CCCOCCn1c(=O)c(NCC(N)=O)nc2cnc(-c3ccc(OC)nc3)cc21,-8.8,ChEMBL,2395
CCCOc1ccc(S(=O)(=O)N2CCN(C)CC2)cc1-c1nc(CC)c(Br)c(=O)[nH]1,-8.8,ChEMBL,2396
COc1ccc2c3c(n(CCC(C)C)c2c1)-c1nc2ccccc2c(=O)n1CC3,-8.8,ChEMBL,2397
CCc1ccc([C@H]2c3[nH]c4ccccc4c(=O)c3CN2c2ncc(-c3ccccn3)cn2)o1,-8.8,ChEMBL,2398
COc1ccc(Cn2c(=O)ccc3ccc(-c4ccncc4)cc32)cc1,-8.8,ChEMBL,2399
COc1ncc(CNc2c(CO)cnc3c(C4CC4)cc(C#N)cc23)cc1Cl,-8.8,ChEMBL,2400
CCOc1ccc([C@H]2c3[nH]c4ccccc4c3C[C@@H]3C(=O)N(CCc4ccccn4)C(=O)N23)cc1,-8.8,ChEMBL,2401
CCCOc1ccc(N(C)C)cc1-c1nc2c(c(C)nn2CC)c(=O)[nH]1,-8.8,ChEMBL,2402
COc1ccc(C(C)Nc2nnc(Cl)c3ccc(C#N)cc23)cc1Cl,-8.8,ChEMBL,2403
CCCOc1ccc(N)cc1-c1nc(CC)c(CC)c(=O)[nH]1,-8.8,ChEMBL,2404
CCc1nn(CCOCC(F)(F)F)c2c(Nc3cccc(C)n3)nc(N3CCNCC3)nc12,-8.8,ChEMBL,2405
COc1ccc(CNc2nc(OCc3ccccn3)ncc2C(=O)NCCCCO)cc1Cl,-8.8,ChEMBL,2406
Cn1c(C#N)ccc1-c1nc(-c2nn(Cc3ccccc3F)c3ncccc23)nc2c1C(C)(C)C(=O)N2,-8.8,ChEMBL,2407
CCN1C(=O)c2c(nc(Br)n2Cc2ccc(OC)cc2)N2C[C@@H](Cc3ccccc3)N=C12,-8.8,ChEMBL,2408
CCN1CC(=O)N2[C@H](c3ccc(Cl)cc3)c3[nH]c4ccccc4c3C[C@@H]2C1=O,-8.8,ChEMBL,2409
CCOc1ccccc1-c1nc(O)c2nc3ccc(C#N)cn3c2n1,-8.8,ChEMBL,2410
CCCc1nn(C)c2c(O)nc(-c3cc(C(C)=O)ccc3OCC)nc12,-8.8,ChEMBL,2411
CCCOc1ncc(C(C)=O)cc1-c1nc(O)c2nn(Cc3nccn3C)c(CC)c2n1,-8.8,ChEMBL,2412
CCc1nn(CCOCC(F)(F)F)c2c(Nc3ccncn3)nc(N3CCN[C@H](C)C3)nc12,-8.8,ChEMBL,2413
CCCOCCn1c(=O)c(NCC(=O)NC)nc2cnc(-c3ccc(OC)nc3)cc21,-8.8,ChEMBL,2414
COc1ccc(CNc2nc(OCc3ccccn3)ncc2C(=O)NCCCO)cc1Cl,-8.8,ChEMBL,2415
CCCOc1ncc(C(C)=O)cc1-c1nc(O)c2nn(C3CN(C)C3)c(CC)c2n1,-8.8,ChEMBL,2416
CCCOCCn1c(=O)c(N2CCN(CC(C)(C)O)CC2)nc2cnc(-c3ccc(OC)nc3)cc21,-8.8,ChEMBL,2417
CCCOc1ncc(C(C)=O)cc1-c1nc(O)c2nn(C3CCNCC3)c(CC)c2n1,-8.8,ChEMBL,2418
CCCOCCn1c(=O)c(N2CCN(C[C@@H](C)O)CC2)nc2cnc(-c3ccc(OC)nc3)cc21,-8.8,ChEMBL,2419
CCOc1ccccc1-c1nc(O)c2ncn(C3CC3)c2n1,-8.8,ChEMBL,2420
COc1cc2nc(Nc3ccc(S(N)(=O)=O)cc3)nc(NCC(C)C)c2cc1OC,-8.8,ChEMBL,2421
COc1ccc(CNc2nc(N3CC4CC4C3CO)ncc2C(=O)NCc2ccccn2)cc1Cl,-8.8,ChEMBL,2422
[N+]=C(c1cccc(C(F)(F)F)c1)N1CCN(C(=O)c2ccc(=O)[nH]n2)CC1,-8.8,AIEMG,2423
CCCOc1ccccc1-c1nc(O)c2c(C)csc2n1,-8.8,ChEMBL,2424
CCCOc1ccccc1-c1nc(O)c2c(C)snc2n1,-8.8,ChEMBL,2425
Fc1cccc2c1NC(=O)/C[C@H]2c1cc([N+](=O)[O-])ccc1C1CCOCC1,-8.8,AIEMG,2426
[N+]1=Nc2c(s1)[C@@H](C(=O)N1CCOCC1)C1=C(C[C@H](c3ccco3)C1)[C@@H]2c1ccco1,-8.8,AIEMG,2427
[N+]([O-])Cc1ccccc1C(=O)N1CCC2(CC1)NC(=O)N(c1ccc(Cl)c(Cl)c1)C2,-8.8,AIEMG,2428
COc1cc(-c2cccnc2)cc2c1nc(C)c1c(C)nc(-c3cccnc3)n12,-8.8,ChEMBL,2429
CCN1C(=O)[C@@H]2Cc3c([nH]c4ccccc34)[C@H](c3ccc(Cl)c(Cl)c3)N2C1=O,-8.8,ChEMBL,2430
Cc1nc2c(-c3ccccc3)nnc(O)n2c1C,-8.8,ChEMBL,2431
COc1ccc(COc2nc(N3CC4CC4C3)ncc2C(=O)NCc2ncccn2)cc1Cl,-8.8,ChEMBL,2432
CCCc1n[nH]c2c(=O)[nH]c(-c3ccccc3)nc12,-8.8,ChEMBL,2433
CCCc1nn(C)c2c(=O)[nH]c(-c3cc(S(=O)(=O)NCCCO)ccc3OCC)nc12,-8.8,ChEMBL,2434
CCCOc1ccccc1-c1nc(O)c2scc(C)c2n1,-8.8,ChEMBL,2435
CCCOCCn1c(=O)nc(N2CCC(O)CC2)c2nnc(-c3ccc(OC)nc3)cc21,-8.8,ChEMBL,2436
CCCCOc1ncc(C(C)=O)cc1-c1nc(O)c2nn(C3CNC3)c(CC)c2n1,-8.8,ChEMBL,2437
CCc1ccc(CNc2ncnc3c(OC)c(OC)c(OC)cc23)cc1,-8.8,ChEMBL,2438
CCOc1ccccc1-c1nc(O)c2ncn(C3CCC3)c2n1,-8.8,ChEMBL,2439
CCN1C(=O)c2c(nc(C#Cc3ccccc3)n2Cc2ccccc2)N2C1=N[C@@H]1CCC[C@@H]12,-8.8,ChEMBL,2440
CN(C)CCNc1nc(Nc2cccc(S(N)(=O)=O)c2)nc2ccccc12,-8.7,ChEMBL,2441
CCCOCCn1c(=O)c(NCC(=O)N(C)C)nc2cnc(-c3ccc(OC)nc3)cc21,-8.7,ChEMBL,2442
CCCOc1ccc(S(=O)(=O)N2CCN(C)CC2)cc1-c1nc(C(F)(F)F)cc(=O)[nH]1,-8.7,ChEMBL,2443
CCn1ncc2c(NCc3ccc(OC)c(Cl)c3)c(C(=O)O)cnc21,-8.7,ChEMBL,2444
CCCOCCn1c(=O)c(N2CCN(CCCO)CC2)nc2cnc(-c3ccc(OC)nc3)cc21,-8.7,ChEMBL,2445
CCCCOc1ncc(C(C)=O)cc1-c1nc(O)c2nn(Cc3ccccn3)c(CCC)c2n1,-8.7,ChEMBL,2446
COc1cccc2c1C(=O)N1CCc3c([nH]c4cccc(OC)c34)[C@@H]1C2C,-8.7,ChEMBL,2447
CCC[C@H]1CNCc2c1[nH]c(=O)c(C#N)c2N1CCC2(CC1)CC2,-8.7,ChEMBL,2448
COc1ccc(COc2nc(N3CC4CC4C3)ncc2C(=O)NCc2cnc(C)cn2)cc1Cl,-8.7,ChEMBL,2449
COc1cc2cncc(Cc3nc4c(c(=O)n(C)c(=O)n4CC(C)C)n3C)c2cc1OC,-8.7,ChEMBL,2450
CN1C(=O)c2c(nc(Cc3ccccc3)n2Cc2ccccc2)N2CC3(CCCC3)N=C12,-8.7,ChEMBL,2451
COc1cccc2c1C(=O)N1CCc3c([nH]c4ccccc34)[C@@H]1N2C,-8.7,ChEMBL,2452
CCCOc1ncc(C(C)=O)cc1-c1nc(O)c2nn(C3CN(C)C3)c(CCC)c2n1,-8.7,ChEMBL,2453
CCOC(=O)COCCNC(=O)c1cccc(COc2cc(O)c(C(C)=O)cc2CC)n1,-8.7,ChEMBL,2454
CCCOCCn1c(=O)c(NC[C@@H](C)O)nc2ncc(-c3ccc(OC)nc3)cc21,-8.7,ChEMBL,2455
CCc1ccc([C@H]2c3[nH]c4ccccc4c3C[C@H]3C(=O)N(CC)C(=O)N23)s1,-8.7,ChEMBL,2456
CC(C)c1nn2ccccc2c1-c1ccc(=O)[nH]n1,-8.7,ChEMBL,2457
COc1ccc(CNc2nc(N3CCCC[C@H]3CO)ncc2C(=O)NCc2ccccn2)cc1Cl,-8.7,ChEMBL,2458
CCN1C(=O)[C@@H]2Cc3c([nH]c4ccccc34)[C@H](c3ccc(Cl)cc3Cl)N2C1=O,-8.7,ChEMBL,2459
CCc1ccc(C2c3[nH]c4ccccc4c(=O)c3CN2c2ncc(-c3ccccn3)cn2)o1,-8.7,ChEMBL,2460
CCCCOc1ncc(C(C)=O)cc1-c1nc(O)c2nn(C3CCN(CC)CC3)c(CC)c2n1,-8.7,ChEMBL,2461
CCCOCCn1c(=O)nc(N2CCC(CC(=O)O)CC2)c2nnc(-c3ccc(OC)nc3)cc21,-8.7,ChEMBL,2462
CCc1ccc([C@@H]2c3[nH]c4ccccc4c3C[C@@H]3C(=O)N(CC)C(=O)N23)o1,-8.7,ChEMBL,2463
CCCOc1ccccc1-c1nc2c(c(C)nn2CC(F)(F)F)c(=O)[nH]1,-8.7,ChEMBL,2464
CCc1nn(CCOCC(F)(F)F)c2c(Nc3ccncn3)nc(N3CCNCC3)nc12,-8.7,ChEMBL,2465
CCN1C(=O)c2c(nc(C#N)n2Cc2ccc(OC)cc2)N2C1=N[C@@H]1CCC[C@@H]12,-8.7,ChEMBL,2466
CCc1nn(CCOCC(F)(F)F)c2c(Nc3ccccn3)nc(N3CCNCC3)nc12,-8.7,ChEMBL,2467
CCOC(=O)c1cnc2ccc(C#N)cc2c1NCc1ccc(OC)c(Cl)c1,-8.7,ChEMBL,2468
Oc1ccccc1-c1nc2ccc[nH]c-2n1,-8.7,ChEMBL,2469
CN1C(=O)c2[nH]c(C#Cc3ccccc3)nc2N2C1=N[C@@H]1CCC[C@@H]12,-8.7,ChEMBL,2470
CCCOc1ccc(S(=O)(=O)N2CCC[C@H]2C(=O)O)cc1-c1nc(CC)c(CC)c(=O)[nH]1,-8.7,ChEMBL,2471
COc1ccc(CNc2c3c(nc4ccc(C#N)cc24)CCN(C(C)=O)C3)cc1Cl,-8.7,ChEMBL,2472
CCCOc1ncc(C(C)=O)cc1-c1nc(O)c2nn(C3CN(C(C)C)C3)c(CC)c2n1,-8.7,ChEMBL,2473
CC1(C)C(=O)Nc2nc(-c3nn(Cc4ccccc4F)c4ncccc34)nc(CNS(C)(=O)=O)c21,-8.7,ChEMBL,2474
CCCOc1ncc(C(C)=O)cc1-c1nc(O)c2nn(C3CCN(CC)CC3)c(CC)c2n1,-8.7,ChEMBL,2475
[C@]1(c2cc(C(F)(F)F)ccc2N=C(C#N)C#N)CCCN(S(=O)(=O)c2ccccc2)C1,-8.7,AIEMG,2476
[N+]1=C[C@H]2c3ccccc3[C@@H]1C(=O)N2CCC[NH+]1CCCC[C@H]1c1ccccc1,-8.7,AIEMG,2477
[P@@]1CCC(Nc2ccccc2[N+](=O)[O-])=C1CC1(c2ccc(Cl)cc2)CC1,-8.7,AIEMG,2478
[NH2+][C@]1(CNS(=O)(=O)c2cccc(F)c2)Cc2ccccc2C(=O)N1C(c1ccccc1)c1ccccc1,-8.7,AIEMG,2479
[N+]c1ccc(S(=O)(=O)N2CCOCC2)nc1N[C@@H]1C(=O)NCC2(CCCCC2)N1,-8.7,AIEMG,2480
CCCCOc1ncc(C(C)=O)cc1-c1nc(O)c2nn(C3CN(C)C3)c(CC)c2n1,-8.7,ChEMBL,2481
[N+]([O-])=C1\C(=N/C(=O)c2cn(C3CCCCC3)nc2-n2c(C)cc(=O)[nH]2)N=C1O,-8.7,AIEMG,2482
OCc1ccc(-c2nn(Cc3ccccc3)c3ccccc23)o1,-8.7,ChEMBL,2483
COc1cc(C)c2nc3[nH]nc(C)c3c(NC3CCOCC3)c2c1,-8.7,ChEMBL,2484
[N+]=C/C=C\C(=O)OC[C@@H]1c2ccccc2C(=O)N1c1ccccc1,-8.7,AIEMG,2485
CCCOCCn1c(=O)c(NC[C@@H](C)O)nc2cnc(-c3ccc(OC)nc3)cc21,-8.7,ChEMBL,2486
CCCOCCn1c(=O)c(N[C@H](C)CO)nc2ncc(-c3ccc(OC)nc3)cc21,-8.7,ChEMBL,2487
CCCOCCn1c(=O)c(N[C@@H](C)CO)nc2cnc(-c3ccc(OC)nc3)cc21,-8.7,ChEMBL,2488
CCCOCCn1c(=O)c(N[C@H](CC)CO)nc2cnc(-c3ccc(OC)nc3)cc21,-8.7,ChEMBL,2489
CCCOCCn1c(=O)c(N[C@H]2CC[C@H](O)CC2)nc2cnc(-c3ccc(OC)nc3)cc21,-8.7,ChEMBL,2490
COc1ccc(C2CC(c3ccccc3)=NN2c2ccc(C(=O)O)cc2)cc1F,-8.7,ChEMBL,2491
CCCOCCn1c(=O)c(N[C@@H](C)CO)nc2ncc(-c3ccc(OC)nc3)cc21,-8.7,ChEMBL,2492
COc1ccc(CNc2c(CO)cnc3c(C4CC4)cc(C#N)cc23)cc1Cl,-8.7,ChEMBL,2493
CCCOCCn1c(=O)c(NCC(=O)O)nc2ncc(-c3ccc(OC)nc3)cc21,-8.7,ChEMBL,2494
CCOC(=O)c1cc2c(cn1)[nH]c1ccccc12,-8.7,ChEMBL,2495
COc1cc(OC)c2nc(C)c3c(C)nc(-c4cccnc4C)n3c2c1,-8.6,ChEMBL,2496
COc1cc2c(NCc3ccncc3)ncnc2c(OC)c1OC,-8.6,ChEMBL,2497
COC(=O)[C@H]1Cc2c([nH]c3ccccc23)[C@@H](c2ccc(Cl)c(Cl)c2)N1,-8.6,ChEMBL,2498
CCCOCCn1c(=O)c(N[C@H](C)CO)nc2cnc(-c3ccc(OC)nc3)cc21,-8.6,ChEMBL,2499
COc1cc(OC)c2nc(C)c3c(C)nc(-c4cnccc4C)n3c2c1,-8.6,ChEMBL,2500
COc1cc(C)c2nc3[nH]nc(C)c3c(CN3CCOC(CO)C3)c2c1,-8.6,ChEMBL,2501
CCN1C(=O)c2c(nc(N)n2Cc2ccc(O)cc2)N2C1=N[C@@H]1CCC[C@@H]12,-8.6,ChEMBL,2502
COc1ccc(CNc2nc(N3CCCC[C@H]3CO)ncc2C(=O)NCc2ncccn2)cc1Cl,-8.6,ChEMBL,2503
CCN1C(=O)C2C(N=C(OC)N2Cc2ccc(OC)c(Cl)c2)N2C[C@@H](Cc3ccccc3)N=C12,-8.6,ChEMBL,2504
CCc1nn(CCOCC(F)(F)F)c2c(Nc3ccncn3)nc(N(C)C3CCN(C)CC3)nc12,-8.6,ChEMBL,2505
CCCc1nc(-n2nc(Cc3ccccc3F)c3ccccc32)nc2c1C(C)(C)C(=O)N2,-8.6,ChEMBL,2506
CCN1C(=O)c2c(nc(OC)n2Cc2ccc(O)c(C#N)c2)N2C[C@@H](Cc3ccccc3)N=C12,-8.6,ChEMBL,2507
CCN1C(=O)c2nc(C#Cc3ccccc3)n(Cc3ccccc3)c2N2C[C@@H](Cc3ccccc3)N=C12,-8.6,ChEMBL,2508
CCOC(=O)C#Cc1nc(-c2nn(Cc3ccccc3F)c3ncccc23)nc2c1C(C)(C)C(=O)N2,-8.6,ChEMBL,2509
CCc1cc(C(C)=O)c(O)cc1OCc1cncc(C(=O)NCCCCCCCCC(=O)O)n1,-8.6,ChEMBL,2510
COc1ccc(CNc2c(CO)cnc3c(NC4CC4)cc(C#N)cc23)cc1Cl,-8.6,ChEMBL,2511
Oc1nnc(C2CCCCC2)c2nc(Br)c(Br)n12,-8.6,ChEMBL,2512
CCCOCCn1c(=O)c(NC[C@H](C)O)nc2cnc(-c3ccc(OC)nc3)cc21,-8.6,ChEMBL,2513
CCCOc1ccc(S(=O)(=O)N2CCN(C)CC2)cc1-c1nc(C(C)C)c(C)c(=O)[nH]1,-8.6,ChEMBL,2514
CCCc1nn(C)c2c(=O)[nH]c(-c3cc(S(N)(=O)=O)sc3OCC)nc12,-8.6,ChEMBL,2515
CCCOCCn1c(=O)c(NCC(=O)O)nc2cnc(-c3ccc(OC)nc3)cc21,-8.6,ChEMBL,2516
CCCOc1ccc(S(=O)(=O)N2CCN(C)CC2)cc1-c1nc(CC(C)C)cc(=O)[nH]1,-8.6,ChEMBL,2517
CCCOCCn1c(=O)nc(NCCO)c2nnc(-c3ccc(OC)nc3)cc21,-8.6,ChEMBL,2518
CCc1cc(C#N)cc2c(NCc3ccc(OC)c(Cl)c3)c(CO)cnc12,-8.6,ChEMBL,2519
COc1ccc(CNc2ncnc3c(OC)c(OC)c(OC)cc23)cc1OC,-8.6,ChEMBL,2520
CCc1ccc([C@H]2c3[nH]c4ccccc4c3C[C@H]3C(=O)N(C)CC(=O)N23)s1,-8.6,ChEMBL,2521
COCCCc1nc(-c2nn(Cc3ccccc3F)c3ncccc23)nc2c1C(C)(C)C(=O)N2,-8.6,ChEMBL,2522
COc1ccc(CNc2nc(N3CC4CC4C3)ncc2C(=O)NCCN2CCOCC2)cc1Cl,-8.6,ChEMBL,2523
Oc1nnc(-c2ccccc2)c2nc(Cl)c(Cl)n12,-8.6,ChEMBL,2524
CCCOCCn1c(=O)nc(NCCN2CCOCC2)c2cnc(-c3ccc(OC)nc3)cc21,-8.6,ChEMBL,2525
COc1ccc(CNc2c(CO)cnc3ccc(C#N)cc23)cc1Cl,-8.6,ChEMBL,2526
CCCOCCn1c(=O)nc(N2CCC(C(=O)O)CC2)c2nnc(-c3ccc(OC)nc3)cc21,-8.6,ChEMBL,2527
CCCOc1ccc(S(=O)(=O)N2CCN(C)CC2)cc1-c1nc(CCC)cc(=O)[nH]1,-8.6,ChEMBL,2528
Cc1nn(CCOCC(F)(F)F)c2c(Nc3ccncn3)nc(N3CCN[C@@H](C)C3)nc12,-8.6,ChEMBL,2529
c1ccc(Nc2nc(-c3ccncc3)nc3ccccc23)cc1,-8.6,ChEMBL,2530
COc1ccc(-c2oc3c(CC=C(C)C)c(OCCO)cc(O)c3c(=O)c2OCCO)cc1,-8.6,ChEMBL,2531
CCCOc1ccccc1-c1nc2c(c(C)nn2C(C)(C)C)c(=O)[nH]1,-8.6,ChEMBL,2532
[C@@]n1c(OCc2ccccc2)nc2ncnc(Nc3cccc(S(=O)(=O)N(C)C)c3)c21,-8.6,AIEMG,2533
Fc1cc(/N=C(\NCc2nc(-c3ccco3)cs2)c2ccccc2)cs1,-8.6,AIEMG,2534
[C@H]1CCN(C(=O)c2cccc3c2NC(N)(c2ccccc2)N(C)[C@@H]3O)c1=O,-8.6,AIEMG,2535
[N+]1=C2CCN(CCCCOc3ccccc3)C(=O)[C@H]2[C@@H]2c3ccccc3C(=O)N12,-8.6,AIEMG,2536
[N+]1=C[C@@H]([C@@H]2NC(=O)C[NH+]=C2c2ccc(F)cc2F)N=N1,-8.6,AIEMG,2537
COc1ccc(CNc2nc(N3CCO[C@H](CO)C3)ncc2C(=O)NCc2ccccn2)cc1Cl,-8.6,ChEMBL,2538
CCCOCCn1c(=O)c(NCC(=O)N(C)C)nc2ccc(-c3ccc(OC)nc3)nc21,-8.6,ChEMBL,2539
CCc1cc(C(C)=O)c(O)cc1OCc1cccc(C(=O)N(CC)CCCCCCCCC(N)=O)n1,-8.6,ChEMBL,2540
CCc1ccc([C@@H]2c3[nH]c4ccccc4c3C[C@@H]3C(=O)N(CC)C(=O)N23)s1,-8.6,ChEMBL,2541
CCCCN1C(=O)[C@H]2Cc3c([nH]c4ccccc34)[C@@H](c3ccoc3)N2C1=O,-8.6,ChEMBL,2542
CCCNc1ccccc1-c1nc2ccc[nH]c-2n1,-8.6,ChEMBL,2543
CCn1ncc2c(NCc3ccc(OC)c(Cl)c3)c(C(=O)NC[C@@H]3CCCO3)cnc21,-8.6,ChEMBL,2544
NOc1ccc2c(c1)OCC[C@@H]2NC(=O)N1CCC[C@@H](Nc2ccc(F)cc2)C1,-8.6,AIEMG,2545
COC(=O)c1cc2c(cn1)[nH]c1ccccc12,-8.6,ChEMBL,2546
CCc1nn(CCOCC(F)(F)F)c2c(Nc3ccncn3)nc(N3CCOCC3)nc12,-8.6,ChEMBL,2547
CCN1C(=O)c2c(nc(C#Cc3ccccc3)n2Cc2ccc(O)cc2)N2C1=N[C@@H]1CCC[C@@H]12,-8.6,ChEMBL,2548
CCCN1CC[C@@H](N2CC(=O)N3[C@H](c4ccc5c(c4)OCO5)c4[nH]c5ccccc5c4C[C@@H]3C2=O)C1,-8.6,ChEMBL,2549
CCc1ccc(C2c3[nH]c4ccccc4c(=O)c3CN2c2ncccn2)o1,-8.6,ChEMBL,2550
CCc1cc(C(C)=O)c(O)cc1OCc1cccc(C(=O)NC(Cc2c[nH]cn2)C(=O)OC)n1,-8.6,ChEMBL,2551
COc1cc(CNc2c(CO)cnc3c(C4CC4)cc(C#N)cc23)ccn1,-8.6,ChEMBL,2552
CCCCOc1ccccc1-c1nc2ccc[nH]c-2n1,-8.6,ChEMBL,2553
CC(C)C1=NN(c2ccc(C(=O)O)cc2)C(c2cccc([N+](=O)[O-])c2)C1,-8.6,ChEMBL,2554
CCCCCOc1ccccc1-c1nc2ccc[nH]c-2n1,-8.6,ChEMBL,2555
CCCOCCn1c(=O)c(NCCN2CCOCC2)nc2cnc(-c3ccc(OC)nc3)cc21,-8.6,ChEMBL,2556
CCOCCn1nc(CC)c2nc(NCC3CCNCC3)nc(Nc3cc(C)ccn3)c21,-8.6,ChEMBL,2557
CCN1C(=O)[C@H]2Cc3c([nH]c4ccccc34)[C@@H](c3ccc(Cl)c(Cl)c3)N2C1=O,-8.6,ChEMBL,2558
CCCOCCn1c(=O)c(NCCO)nc2cnc(-c3ccc(OC)nc3)cc21,-8.5,ChEMBL,2559
CCc1ccc([C@H]2c3[nH]c4ccccc4c3C[C@H]3C(=O)N(CC)C(=O)N23)o1,-8.5,ChEMBL,2560
CCCSc1ccccc1-c1nc2ccc[nH]c-2n1,-8.5,ChEMBL,2561
CCOc1cc2cc(CO)c(CO)c(C3=CCN(CCOC)C(=O)C3)c2cc1OC,-8.5,ChEMBL,2562
COCCN1CC=C(c2c(CO)c(CO)cc3cc(OC)c(OC)cc23)CC1=O,-8.5,ChEMBL,2563
CCCn1nnc2c(O)nc(-c3ccccc3OCC)nc21,-8.5,ChEMBL,2564
CCc1nn(CCOCC(F)(F)F)c2c(Nc3ccc(F)cc3)nc(N3CCNCC3)nc12,-8.5,ChEMBL,2565
Cc1nn(CCOCC(F)(F)F)c2c(Nc3ccncn3)nc(N3CCN[C@H](C)C3)nc12,-8.5,ChEMBL,2566
CCCCN1C(=O)[C@H]2Cc3c([nH]c4ccccc34)[C@H](c3ccccc3OC)N2C1=O,-8.5,ChEMBL,2567
COc1cc2cncc(Cc3nc4c([nH]3)c(=O)n(C)c(=O)n4CC(C)C)c2cc1OC,-8.5,ChEMBL,2568
CCCOc1ccc(S(=O)(=O)N(CC)CC)cc1-c1nc(C(C)C)c(Br)c(=O)[nH]1,-8.5,ChEMBL,2569
COCCOc1cc(C)c2nc3[nH]nc(C)c3c(CN3CCCOCC3)c2c1,-8.5,ChEMBL,2570
CCN1C(=O)[C@H]2Cc3c([nH]c4ccccc34)[C@@H](c3ccc(Cl)cc3Cl)N2C1=O,-8.5,ChEMBL,2571
COc1ccc(-c2cc3c(nn2)c(NC2CCC(O)CC2)nc(=O)n3CCOCC(F)(F)F)cn1,-8.5,ChEMBL,2572
COc1cc(C)c2nc3[nH]nc(C)c3c(CN3CCOC(C)C3)c2c1,-8.5,ChEMBL,2573
COc1cc(C)c2nc3[nH]nc(C)c3c(CN3CCOCC3)c2c1,-8.5,ChEMBL,2574
CCCOCCn1c(=O)c(NCCN(C)C)nc2ncc(-c3ccc(OC)nc3)cc21,-8.5,ChEMBL,2575
Nc1cccc(-c2nnc(O)n3c(Br)c(Br)nc23)c1,-8.5,ChEMBL,2576
Oc1nnc(-c2ccccc2)c2nc(Br)c(Br)n12,-8.5,ChEMBL,2577
Cc1cccc(Nc2nc(N3CCNCC3)nc3c(C)nn(CCOCC(F)(F)F)c23)n1,-8.5,ChEMBL,2578
CC(C)CNc1nc(Nc2ccc(S(=O)(=O)N3CCN(C)CC3)cc2)nc2c1ncn2C,-8.5,ChEMBL,2579
CCCOc1ncc(C(C)=O)cc1-c1nc(O)c2nn(C3CN(CC)C3)c(CC)c2n1,-8.5,ChEMBL,2580
CCCOCCn1c(=O)nc(N2CCN(CCO)CC2)c2ncc(-c3ccc(OC)nc3)cc21,-8.5,ChEMBL,2581
COc1ccc(CNc2c(CO)cnc3c(N(C)C)cc(C#N)cc23)cc1Cl,-8.5,ChEMBL,2582
CCCNc1nc(Nc2ccc(S(=O)(=O)N3CCN(C)CC3)cc2)nc2c1ncn2C,-8.5,ChEMBL,2583
CCCOc1ccccc1-c1nc2ccc[nH]c-2n1,-8.5,ChEMBL,2584
COc1ccc(CNc2ncnc3c(OC)c(OC)c(OC)cc23)cc1,-8.5,ChEMBL,2585
CCCCN1C(=O)[C@@H]2Cc3c([nH]c4ccccc34)[C@@H](c3ccc(CC)s3)N2C1=O,-8.5,ChEMBL,2586
[C@](O)(c1ccccc1)[C@@H]1CCCCN1C(=O)CN1CCc2ccccc21,-8.5,AIEMG,2587
COc1cccc2c1C(=O)N1CCc3c([nH]c4cccc(OC)c34)[C@H]1N2C,-8.5,ChEMBL,2588
CCCc1nn(C)c2c(=O)[nH]c(-c3ccccc3OCC3CC3)nc12,-8.5,ChEMBL,2589
CC1(C)C(=O)Nc2nc(-n3nc(Cc4ccccc4F)c4cc(F)ccc43)nnc21,-8.5,ChEMBL,2590
CN1c2cccc(O)c2C(=O)N2CCc3c([nH]c4ccccc34)[C@H]21,-8.5,ChEMBL,2591
OCCCNc1ccnc2c1nc(-c1ccco1)n2C1CCCC1,-8.5,ChEMBL,2592
CN1C(=O)c2c(nc(Cc3ccccc3)n2Cc2cccc(O)c2O)N2C1=N[C@@H]1CCC[C@@H]12,-8.5,ChEMBL,2593
CCCc1nn(C)c2c(=O)[nH]c(-c3ccccc3NS(C)(=O)=O)nc12,-8.5,ChEMBL,2594
Cn1cnc2c(NCc3ccccc3)nc(Nc3ccc(S(N)(=O)=O)cc3)nc21,-8.5,ChEMBL,2595
Nc1nc2c(c(=O)n(CC3CC3)c(=O)n2CC2CC2)n1S(=O)(=O)c1ccc(C(F)(F)F)cc1,-8.5,ChEMBL,2596
CN(C)/C=N/c1nc2c(=O)n(CC3CC3)c(=O)n(CC3CC3)c2[nH]1,-8.5,ChEMBL,2597
OCCOc1ccccc1-c1nc2ccc[nH]c-2n1,-8.5,ChEMBL,2598
CCCc1nc(-c2nn(Cc3ccccc3F)c3ncccc23)nc2c1C(C)(C)C(=O)N2,-8.5,ChEMBL,2599
COc1ccc(CNc2nc(N3CCC[C@H]3CO)ncc2C(=O)NCCCO)cc1Cl,-8.5,ChEMBL,2600
CCCOc1ccccc1-c1nc2c(c(C)nn2Cc2ccccc2)c(=O)[nH]1,-8.5,ChEMBL,2601
CC(C)Cn1c(=O)n(C)c(=O)c2[nH]c(-c3ccccc3OC(C)C)nc21,-8.5,ChEMBL,2602
COCCOc1nc(-c2ccc(Cl)nc2)nc2c1CN(C(=O)c1ncn3ccccc13)CC2,-8.5,ChEMBL,2603
COc1ccccc1-c1nc2c(=O)n(C)c(=O)n(CC(C)C)c2[nH]1,-8.4,ChEMBL,2604
CCCOCCn1c(=O)c(NCCN)nc2ncc(-c3ccc(OC)nc3)cc21,-8.4,ChEMBL,2605
CCCOCCn1c(=O)c(NCCN)nc2cnc(-c3ccc(OC)nc3)cc21,-8.4,ChEMBL,2606
CCCOCCn1c(=O)c(NCCO)nc2ncc(-c3ccc(OC)nc3)cc21,-8.4,ChEMBL,2607
Cn1nc(-c2ccc(Cl)cc2)s/c1=N\c1ccc(C(=O)O)cc1,-8.4,ChEMBL,2608
COc1cc2c(Cc3nc4c([nH]3)c(=O)n(C)c(=O)n4CC(C)C)cnc(C)c2cc1OC,-8.4,ChEMBL,2609
NCCOc1ccc(Cl)c2c1C1(CCCCC1)NC(=O)N2,-8.4,ChEMBL,2610
Cc1nc(-c2nn(Cc3ccccc3F)c3ncccc23)nc2c1C(C)(C)C(=O)N2,-8.4,ChEMBL,2611
CCN1C(=O)c2c(nc(C(F)(F)F)n2Cc2ccc(O)cc2)N2C1=N[C@@H]1CCC[C@@H]12,-8.4,ChEMBL,2612
O=C1Nc2c(Cl)ccc(OCCCS(=O)(=O)O)c2C2(CCCCC2)N1,-8.4,ChEMBL,2613
CCCOCCn1c(=O)c(NCCCO)nc2ncc(-c3ccc(OC)nc3)cc21,-8.4,ChEMBL,2614
CCCOc1ccccc1-c1cn2cccnc2n1,-8.4,ChEMBL,2615
CCCOCCn1c(=O)c(N2CCN([C@@H](C)[C@@H](C)O)CC2)nc2cnc(-c3ccc(OC)nc3)cc21,-8.4,ChEMBL,2616
CCCn1nc(C)c2c(=O)[nH]c(-c3ccccc3OCC)nc21,-8.4,ChEMBL,2617
COc1ccc(C2CNC(=O)C2)cc1OC1CCCC1,-8.4,ChEMBL,2618
O=C(O)CCN1CC(=O)N2[C@H](CC3c4ccccc4NC3[C@H]2c2ccc(Br)cc2)C1=O,-8.4,ChEMBL,2619
CCCOCCn1c(=O)c(NCCN2CCOCC2)nc2ccc(-c3c(C)noc3C)nc21,-8.4,ChEMBL,2620
CCCc1nc(C)n2c(O)nc(-c3cc(S(=O)(=O)N4CCN(C)CC4)ccc3OCC)nc12,-8.4,ChEMBL,2621
CCCc1nn(C)c2c(=O)[nH]c(-c3ccccc3OCC)nc12,-8.4,ChEMBL,2622
CCc1ccc([C@H]2c3[nH]c4ccccc4c3C[C@@H]3C(=O)N(CC)C(=O)N23)o1,-8.4,ChEMBL,2623
Cc1ccsc1[C@H]1c2[nH]c3ccccc3c2C[C@@H]2C(=O)N(C)CC(=O)N12,-8.4,ChEMBL,2624
CC(=O)Oc1ccccc1-c1nc2ccc[nH]c-2n1,-8.4,ChEMBL,2625
ClCCCOc1ccccc1-c1nc2ccc[nH]c-2n1,-8.4,ChEMBL,2626
CCCCN1C(=O)[C@H]2Cc3c([nH]c4ccccc34)[C@@H](c3ccc(CC)s3)N2C1=O,-8.4,ChEMBL,2627
CCCOc1ccc(N)cc1-c1nc2c(c(C)nn2C)c(=O)[nH]1,-8.4,ChEMBL,2628
CC1(C)C(=O)Nc2nc(-n3nc(Cc4c(F)ccc(F)c4F)c4cc(Cl)ccc43)ncc21,-8.4,ChEMBL,2629
COc1ccc2nc(C)c3c(C)nc(-c4cnccc4C)n3c2n1,-8.4,ChEMBL,2630
CCCCn1nc(C)c2c(=O)[nH]c(-c3ccccc3OCCC)nc21,-8.4,ChEMBL,2631
[N+]1=C[C@@H]2C[C@@H](C(=O)[O-])[NH+](Cc3ccccc3)[C@@H]2C1c1ccc(Br)cc1Cl,-8.4,AIEMG,2632
[C@H](c1ccc(Cl)cc1)/[NH+]=C(\NCc1cccc(N(C)C)c1)N1CCO[C@H](C#N)C1,-8.4,AIEMG,2633
[P@@]C1(c2nnc(NC3CCCC3)n2CC2Cc3ccccc3C2)CC1,-8.4,AIEMG,2634
CCCOCCn1c(=O)nc(NCCC(=O)O)c2nnc(-c3ccc(OC)nc3)cc21,-8.4,ChEMBL,2635
CCc1nn(CCOCC(F)(F)F)c2c(Nc3cc(C)ccn3)nc(N3CCNCC3)nc12,-8.4,ChEMBL,2636
COc1cc([S+](C)[O-])ccc1-c1nc2cnccc2[nH]1,-8.4,ChEMBL,2637
COc1cc2cncc(Cc3nc4c([nH]3)c(=O)n(CC(C)C)c(=O)n4CC(C)C)c2cc1OC,-8.4,ChEMBL,2638
Cc1nn(CCOCC(F)(F)F)c2c(Nc3ccncn3)nc(N3CCCNCC3)nc12,-8.4,ChEMBL,2639
CCc1nn(CCOCC(F)(F)F)c2c(Nc3ccncn3)nc(N3CCCNCC3)nc12,-8.4,ChEMBL,2640
CCc1nn(CCOCC(F)(F)F)c2c(Nc3ccncn3)nc(N3CCCN(C)CC3)nc12,-8.4,ChEMBL,2641
Cc1nn(C)c2nc(-c3ccccc3OC(C)C)[nH]c(=O)c12,-8.4,ChEMBL,2642
[C@H]Oc1ccc(-n2cccn2)c(NC(=O)C(=O)N2N=C(C(=O)c3ccccc3)[C@H]2c2ccccn2)c1,-8.4,AIEMG,2643
O=C(OCc1ccncc1)N1Cc2c(nc3ccccc3c2O)[C@H]1c1ccc2c(c1)OCO2,-8.4,ChEMBL,2644
CCCOc1ccccc1-c1nc2c(c(C)nn2CC)c(=O)[nH]1,-8.4,ChEMBL,2645
CCCOCCn1c(=O)nc(NCCOC(C)C)c2cnc(-c3ccc(OC)nc3)cc21,-8.4,ChEMBL,2646
COc1cc2cncc(Cc3nc4c([nH]3)c(=O)n(C)c(=O)n4CC3CCCCC3)c2cc1OC,-8.4,ChEMBL,2647
CCNc1cc(C#N)cc2c(NCc3ccc(OC)c(Cl)c3)c(CO)cnc12,-8.4,ChEMBL,2648
[C@H]1CCCc2sc([C@@H]3CCCN(C(=O)c4ccc5ccccc5n4)C3)nc21,-8.4,AIEMG,2649
CCN1C(=O)c2c(nc(OC)n2Cc2ccc(OC)c(Cl)c2)N2C[C@@H](Cc3ccccc3)N=C12,-8.4,ChEMBL,2650
CCCOCCn1c(=O)nc(N2CCN(CCO)CC2)c2cnc(-c3ccc(OC)nc3)cc21,-8.4,ChEMBL,2651
CCOc1ccccc1-c1nc2c(C)nn(C)c2c(=O)[nH]1,-8.4,ChEMBL,2652
CCCc1nc(C)c2c(NS(C)(=O)=O)nc3ccc(OC)nc3n12,-8.4,ChEMBL,2653
O=C(CCc1ccccc1)N1Cc2c(nc3ccccc3c2O)C1c1ccc2c(c1)OCO2,-8.4,ChEMBL,2654
CCN1C(=O)c2c(nc(C(F)(F)F)n2Cc2ccc(OC)cc2)N2C1=N[C@@H]1CCC[C@@H]12,-8.4,ChEMBL,2655
CCCOc1ccccc1-c1nc2c(c(C)nn2CCC)c(=O)[nH]1,-8.3,ChEMBL,2656
CCn1ncc2c(NCc3ccc(OC)c(Cl)c3)c(C(=O)NCCCCCO)cnc21,-8.3,ChEMBL,2657
COc1ccc(CNc2c(CO)cnc3c(NCCN(C)C)cc(C#N)cc23)cc1Cl,-8.3,ChEMBL,2658
CCCc1c(OCC(O)COc2ccc3c(=O)cc(C(=O)O)oc3c2CCC)ccc(C(C)=O)c1O,-8.3,ChEMBL,2659
CCCOc1ccc(S(=O)(=O)NCCC(=O)O)cc1-c1nc(CC)c(CC)c(=O)[nH]1,-8.3,ChEMBL,2660
COc1cc(Br)cc2c1nc(C)c1c(C)nc(-c3cccnc3F)n12,-8.3,ChEMBL,2661
O=C(OCc1ccncc1)N1Cc2c(nc3ccccc3c2O)C1c1ccc2c(c1)OCO2,-8.3,ChEMBL,2662
CCOC(=O)c1cnc2c(C3CC3)cc(C#N)cc2c1NCc1ccc(OC)nc1,-8.3,ChEMBL,2663
O=C(OCc1ccncc1)N1Cc2c(nc3ccccc3c2O)[C@@H]1c1ccc2c(c1)OCO2,-8.3,ChEMBL,2664
Nc1ccc(-c2nnc(O)n3c(Br)c(Br)nc23)cc1,-8.3,ChEMBL,2665
COc1cc2cncc(Cc3nc4c([nH]3)c(=O)n(C)c(=O)n4CC(C)(C)C)c2cc1OC,-8.3,ChEMBL,2666
Sc1nnc(-c2ccccc2)c2nc(Br)c(Br)n12,-8.3,ChEMBL,2667
CCOCCn1nc(CC)c2nc(NC3CCN(C)CC3)nc(Nc3cc(C)ccn3)c21,-8.3,ChEMBL,2668
CCc1ccc([C@@H]2c3[nH]c4ccccc4c3C[C@@H]3C(=O)N(C)CC(=O)N23)o1,-8.3,ChEMBL,2669
Cc1nc(-c2cnn(C)c2-c2ccc(C(F)(F)F)cc2)c2c(N3CC(F)C3)ncnn12,-8.3,ChEMBL,2670
CCCCCCOc1ccccc1-c1nc2ccc[nH]c-2n1,-8.3,ChEMBL,2671
CCOCCn1nc(CC)c2nc(NC3CCNCC3)nc(Nc3cc(C)ccn3)c21,-8.3,ChEMBL,2672
COc1cc(OC)c2c3c(n(CCC(C)C)c2c1)-c1nc2ccccc2c(=O)n1CC3,-8.3,ChEMBL,2673
CCN1C(=O)c2nc(Cl)n(Cc3ccccc3)c2N2C[C@@H](Cc3ccccc3)N=C12,-8.3,ChEMBL,2674
C=C(C)Cn1c(=O)n(C)c(=O)c2[nH]c(Cc3cncc4cc(OC)c(OC)cc34)nc21,-8.3,ChEMBL,2675
CCOC(=O)/C=C/c1nc(-c2nn(Cc3ccccc3F)c3ncccc23)nc2c1C(C)(C)C(=O)N2,-8.3,ChEMBL,2676
CC(C)COc1ccccc1-c1nc2c(=O)n(C)c(=O)n(CC(C)C)c2[nH]1,-8.3,ChEMBL,2677
CCCOCCn1c(=O)c(NCCN(C)C)nc2cnc(-c3ccc(OC)nc3)cc21,-8.3,ChEMBL,2678
CCN1C(=O)c2nc(Br)n(Cc3ccccc3)c2N2C[C@@H](Cc3ccccc3)N=C12,-8.3,ChEMBL,2679
CCCc1nn(C)c2c(=O)[nH]c(-c3ccccc3[N+](=O)[O-])nc12,-8.3,ChEMBL,2680
CCCOCCn1c(=O)c(NCCOCC)nc2ncc(-c3ccc(OC)nc3)cc21,-8.3,ChEMBL,2681
Cn1c(NS(=O)(=O)c2ccccc2)nc2c1c(=O)n(CC1CC1)c(=O)n2CC1CC1,-8.3,ChEMBL,2682
O=C(OCc1ccccc1)N1Cc2c(nc3ccccc3c2O)C1c1ccc2c(c1)OCO2,-8.3,ChEMBL,2683
O=S(=O)(/C=C/c1ccccc1)N1Cc2c(nc3ccccc3c2O)C1c1ccc2c(c1)OCO2,-8.3,ChEMBL,2684
COc1ccc2nc(C)c3c(C)nc(-c4ccccc4C)n3c2n1,-8.3,ChEMBL,2685
CCN1C(=O)c2nc(Cc3ccccc3)n(Cc3ccccc3)c2N2C[C@@H](c3ccccc3)N=C12,-8.3,ChEMBL,2686
COc1ccc(-c2c(CO)c(CO)cc3cc(OC)c(OC)cc23)cc1OC,-8.3,ChEMBL,2687
Oc1nnc(-c2ccccc2)c2nc(Br)cn12,-8.3,ChEMBL,2688
CCOc1ccccc1-c1nc2ccc[nH]c-2n1,-8.3,ChEMBL,2689
CN1C(=O)c2[nH]c(CC3CCCCC3)nc2N2C1=N[C@@H]1CCC[C@@H]12,-8.2,ChEMBL,2690
COc1cc2cncc(C(C)c3nc4c([nH]3)c(=O)n(C)c(=O)n4CC(C)C)c2cc1OC,-8.2,ChEMBL,2691
CCCOc1ccccc1-c1nc2c(=O)n(C)c(=O)n(CC(C)C)c2[nH]1,-8.2,ChEMBL,2692
CC(C)S(=O)(=O)n1c(N)nc2c1c(=O)n(CC1CC1)c(=O)n2CC1CC1,-8.2,ChEMBL,2693
CCCOc1ccc(N)cc1-c1nc2c(c(C)nn2CC)c(=O)[nH]1,-8.2,ChEMBL,2694
COc1ccc(Nc2c3c(nc4ccc(C#N)cc24)CCN(C(C)=O)C3)cc1Cl,-8.2,ChEMBL,2695
COc1ccc2nc(C)c3c(C)nc(-c4sc(C)nc4C)n3c2n1,-8.2,ChEMBL,2696
CCN1C(=O)c2nc(Br)n(Cc3ccc(O)cc3)c2N2C[C@@H](Cc3ccccc3)N=C12,-8.2,ChEMBL,2697
COc1cc(Nc2c3c(nc4ccc(C#N)cc24)CCN(C(C)=O)C3)ccc1Cl,-8.2,ChEMBL,2698
CC(C)c1ncc2c(=O)[nH]c3cc(Cl)ccc3n12,-8.2,ChEMBL,2699
CCCOc1ccccc1-c1nc2c(c(C)nn2C)c(=O)[nH]1,-8.2,ChEMBL,2700
Cn1c2c(c(=O)c3ccccc31)CN(C(=O)OCc1ccncc1)C2c1ccc2c(c1)OCO2,-8.2,ChEMBL,2701
CS(=O)(=O)n1c(N)nc2c1c(=O)n(CC1CC1)c(=O)n2CC1CC1,-8.2,ChEMBL,2702
CCCSc1ccccc1-c1nc2c(c(C)nn2C)c(=O)[nH]1,-8.2,ChEMBL,2703
CCCOc1ccc(S(=O)(=O)N2CCN(C)CC2)cc1-c1nc(C)cc(=O)[nH]1,-8.2,ChEMBL,2704
CCCCOc1ncc(C(C)=O)cc1-c1nc(O)c2nn(C3CN(CC)C3)c(CC)c2n1,-8.2,ChEMBL,2705
CCN1CC(=O)N2[C@@H](c3ccc(Cl)c(Cl)c3)c3[nH]c4ccccc4c3C[C@H]2C1=O,-8.2,ChEMBL,2706
COc1cc2cncc(Cc3nc4c([nH]3)c(=O)n(C)c(=O)n4CC(C)CO)c2cc1OC,-8.2,ChEMBL,2707
CCCCN1C(=O)[C@H]2Cc3c([nH]c4ccccc34)[C@@H](c3ccccc3)N2C1=O,-8.2,ChEMBL,2708
CCN1C(=O)c2c(nc(OC)n2Cc2ccc(O)c(Br)c2)N2C1=N[C@@H]1CCC[C@@H]12,-8.2,ChEMBL,2709
CCOCCn1nc(C)c2nc(NCC3CCNCC3)nc(Nc3cc(C)ccn3)c21,-8.2,ChEMBL,2710
CCOCCn1nc(C)c2nc(NC3CCOCC3)nc(Nc3cc(C)ccn3)c21,-8.2,ChEMBL,2711
CCCOCCn1c(=O)c(NCCCO)nc2cnc(-c3ccc(OC)nc3)cc21,-8.2,ChEMBL,2712
COc1ccc(C2CC(c3ccccc3OC)=NN2c2ccc(C(=O)O)cc2)cc1,-8.2,ChEMBL,2713
CC(C)Cc1nc(-c2nn(Cc3ccccc3F)c3ncccc23)nc2c1C(C)(C)C(=O)N2,-8.2,ChEMBL,2714
COc1ccc(C2CC(c3ccc(OC)c(OC)c3)=NN2c2ccc(C(=O)O)cc2)cc1,-8.2,ChEMBL,2715
CCc1nn(CCOC(C)C)c2c(Nc3ccccn3)nc(N3CCNCC3)nc12,-8.2,ChEMBL,2716
CN1CC(=O)N2[C@H](c3ccc(Cl)cc3Cl)c3[nH]c4ccccc4c3C[C@H]2C1=O,-8.2,ChEMBL,2717
Cn1c(N)nc2c1c(=O)n(CC1CC1)c(=O)n2CC1CC1,-8.2,ChEMBL,2718
CN1CC(=O)N2[C@@H](c3ccc(Cl)cc3Cl)c3[nH]c4ccccc4c3C[C@H]2C1=O,-8.2,ChEMBL,2719
CN1CC(=O)N2[C@@H](c3ccc(Cl)cc3Cl)c3[nH]c4ccccc4c3C[C@@H]2C1=O,-8.2,ChEMBL,2720
CC(C)C(=O)c1c(C(C)C)nn2ccccc12,-8.2,ChEMBL,2721
Cn1nc(-c2ccc(Cl)cc2)s/c1=N\c1c(O)cccc1C(=O)O,-8.2,ChEMBL,2722
COc1ccc(CNc2nc(N(CCO)CCO)nc3c2cnn3C(C)C)cc1,-8.2,ChEMBL,2723
CCCOc1ccc(NC(=O)[C@@H]2CCCN2C(C)=O)cc1-c1nc(CC)c(CC)c(=O)[nH]1,-8.2,ChEMBL,2724
CCOCCn1nc(CC)c2nc(NC3CCN(CC)CC3)nc(Nc3cc(C)ccn3)c21,-8.2,ChEMBL,2725
CCOc1ccc([C@H]2c3[nH]c4ccccc4c3C[C@@H]3C(=O)N(Cc4cccnc4)C(=O)N23)cc1,-8.2,ChEMBL,2726
CCN1C(=O)c2c(nc(OC)n2Cc2ccc(O)c(Cl)c2)N2C1=N[C@@H]1CCC[C@@H]12,-8.1,ChEMBL,2727
COc1cc(C2CC(C(C)(C)C)=NN2c2ccc(C(=O)O)cc2)ccc1F,-8.1,ChEMBL,2728
CCCC/C=C/c1cc(C)ccc1/C=C/CC(=O)O,-8.1,ChEMBL,2729
CCCCN1CC2Cc3c([nH]c4ccccc34)C(c3ccc4c(c3)OCO4)N2C1=O,-8.1,ChEMBL,2730
CN1CC(=O)N2[C@H](c3ccc4c(c3)OCO4)c3[nH]c4ccccc4c3C[C@@H]2C1=O,-8.1,ChEMBL,2731
O=C(c1ccc(Br)o1)N1Cc2c(nc3ccccc3c2O)C1c1ccc2c(c1)OCO2,-8.1,ChEMBL,2732
COc1cc2c(NCc3ccco3)ncnc2c(OC)c1OC,-8.1,ChEMBL,2733
CN(Cc1ccccc1)C(=O)N1Cc2c(nc3ccccc3c2O)C1c1ccc2c(c1)OCO2,-8.1,ChEMBL,2734
CCCCCCCCCCCC(=O)Nc1nc(CC(=O)NO)cs1,-8.1,ChEMBL,2735
CCN1CC(=O)N2[C@H](c3ccc(Cl)c(Cl)c3)c3[nH]c4ccccc4c3C[C@@H]2C1=O,-8.1,ChEMBL,2736
O=S(=O)(Cc1ccccc1)N1Cc2c(nc3ccccc3c2O)C1c1ccc2c(c1)OCO2,-8.1,ChEMBL,2737
CCN1CC(=O)N2[C@@H](c3ccc(Cl)cc3Cl)c3[nH]c4ccccc4c3C[C@H]2C1=O,-8.1,ChEMBL,2738
CCOc1ccc([C@H]2c3[nH]c4ccccc4c3C[C@@H]3C(=O)N(CCn4cccc4)C(=O)N23)cc1,-8.1,ChEMBL,2739
CC1(CC2CC2)C(=O)Nc2nc(-c3nn(Cc4ccccc4F)c4ncc(F)cc34)nnc21,-8.1,ChEMBL,2740
CCCOCCn1c(=O)c(NCCOCC)nc2cnc(-c3ccc(OC)nc3)cc21,-8.1,ChEMBL,2741
CC1(C)C(=O)Nc2nc(-c3nn(Cc4ccccc4F)c4ncccc34)nc(CCC3CC3)c21,-8.1,ChEMBL,2742
CC(C)(C)C1=NN(c2ccc(C(=O)O)cc2)C(c2ccc(O)cc2)C1,-8.1,ChEMBL,2743
CCOCCn1nc(CC)c2nc(N3CCNCC3)nc(Nc3cccc(C)n3)c21,-8.1,ChEMBL,2744
CCCCN1C(=O)[C@@H]2Cc3c([nH]c4ccccc34)[C@H](c3ccc(OC)cc3)N2C1=O,-8.1,ChEMBL,2745
CCN1C(=O)c2c(nc(Br)n2Cc2ccc(O)cc2)N2C[C@@H](Cc3ccccc3)N=C12,-8.1,ChEMBL,2746
CCCc1nc(C)c2c(=O)[nH]c(-c3ccccc3OCC)nn12,-8.1,ChEMBL,2747
CCN1C(=O)c2c(nc(Cl)n2Cc2ccc(O)cc2)N2C[C@@H](Cc3ccccc3)N=C12,-8.1,ChEMBL,2748
CCN1C(=O)c2c(nc(OC)n2Cc2ccc(OC)c(C#N)c2)N2C[C@@H](Cc3ccccc3)N=C12,-8.1,ChEMBL,2749
Nc1nc2c(c(=O)n(CC3CC3)c(=O)n2CC2CC2)n1S(=O)(=O)c1ccc(Cl)cc1,-8.1,ChEMBL,2750
CCN1C(=O)c2nc(Br)n(Cc3ccc(OC)cc3)c2N2C[C@@H](Cc3ccccc3)N=C12,-8.1,ChEMBL,2751
COc1ccc(CNc2nc(N(CCO)CCO)nc3c2ncn3C(C)C)cc1,-8.1,ChEMBL,2752
COc1ccc(CNc2nc(N(CCO)CCO)nc3c2[nH]c(=O)n3C(C)C)cc1,-8.1,ChEMBL,2753
CCN1C(=O)c2c(nc(OC)n2Cc2ccc(O)c(Cl)c2)N2C[C@@H](Cc3ccccc3)N=C12,-8.1,ChEMBL,2754
Nc1nc2c(c(=O)n(CC3CC3)c(=O)n2CC2CC2)n1Cc1ccc([N+](=O)[O-])cc1,-8.1,ChEMBL,2755
CCOCCn1nc(CC)c2nc(N3CCC(C(=O)O)CC3)nc(Nc3cc(C)ccn3)c21,-8.1,ChEMBL,2756
CCCc1nn(C)c2c(=O)nc(-c3cc(S(=O)(=O)N4CCN(CC)CC4)ccc3OCC)[nH]c12,-8.1,ChEMBL,2757
CN1C(=O)c2[nH]c(CC3CCCC3)nc2N2C1=N[C@@H]1CCC[C@@H]12,-8.1,ChEMBL,2758
CCOc1ccccc1-c1nc2c(c(C)nn2C)c(=O)[nH]1,-8.1,ChEMBL,2759
CCOc1ccccc1-c1nc2c(=O)n(C)c(=O)n(CC(C)C)c2[nH]1,-8.1,ChEMBL,2760
Nc1nc2c([nH]1)c(=O)n(CC1CC1)c(=O)n2CC1CC1,-8.1,ChEMBL,2761
CCCCN1CC(=O)N2[C@@H](c3ccc(Cl)cc3Cl)c3[nH]c4ccccc4c3C[C@H]2C1=O,-8.0,ChEMBL,2762
CCCOCCn1c(=O)c(N2CCCN(CCCO)CC2)nc2cnc(-c3ccc(OC)nc3)cc21,-8.0,ChEMBL,2763
CSc1ccccc1-c1nc2c(=O)n(C)c(=O)n(CC(C)C)c2[nH]1,-8.0,ChEMBL,2764
CCCOCCn1c(=O)nc(N2CCCC(C(=O)O)C2)c2nnc(-c3ccc(OC)nc3)cc21,-8.0,ChEMBL,2765
CCOCCn1nc(CC)c2nc(N3CCNCC3)nc(Nc3ccc(C)cn3)c21,-8.0,ChEMBL,2766
CCCOCCn1c(=O)c(NCCNCCO)nc2cnc(-c3ccc(OC)nc3)cc21,-8.0,ChEMBL,2767
CCOc1ccc([C@@H]2c3[nH]c4ccccc4c3C[C@@H]3C(=O)N(C)C(=O)N23)cc1,-8.0,ChEMBL,2768
Cc1ccc2c(c1)C(=O)C(=O)N2C(=O)N(C)C,-8.0,ChEMBL,2769
CCOCCn1nc(CC)c2nc(N3CCC(C(N)=O)CC3)nc(Nc3cc(C)ccn3)c21,-8.0,ChEMBL,2770
CCN1C(=O)[C@H]2Cc3c([nH]c4ccccc34)[C@@H](c3ccccc3Br)N2C1=O,-8.0,ChEMBL,2771
Oc1c2c(nc3ccccc13)C(c1ccc3c(c1)CCO3)N(c1ncccn1)C2,-8.0,ChEMBL,2772
CCCCN1C(=O)C2Cc3c([nH]c4ccccc34)C(c3ccc(OC)cc3)N2C1=O,-8.0,ChEMBL,2773
CCOc1ccc([C@@H]2c3[nH]c4ccccc4c3C[C@@H]3C(=O)N(CC)C(=O)N23)cc1,-8.0,ChEMBL,2774
COc1cc(-c2cnc3c(N4CCOCC4)nccn23)cc(OC)c1OC,-8.0,ChEMBL,2775
CCCCOc1ccccc1-c1nc2c(=O)n(C)c(=O)n(CC(C)C)c2[nH]1,-8.0,ChEMBL,2776
CCCOCCn1nc(CC)c2nc(N3CCNCC3)nc(Nc3ccccn3)c21,-8.0,ChEMBL,2777
COc1ccc(C2CC(C(C)(C)C)=NN2c2ccc(C(=O)N3CCN(C)CC3)cc2)cc1F,-8.0,ChEMBL,2778
CCOCCn1nc(C)c2nc(N3CCNCC3)nc(Nc3ccccn3)c21,-8.0,ChEMBL,2779
CN(C)CCOc1ccc(Cl)c2c1C1(CCCCC1)NC(=O)N2,-8.0,ChEMBL,2780
CC(C)(C)C1=NN(c2ccc(S(=O)(=O)O)cc2)C(c2ccc(Cl)cc2)C1,-8.0,ChEMBL,2781
CCCCN1C(=O)[C@H]2Cc3c([nH]c4ccccc34)[C@@H](c3cccc(Cl)c3)N2C1=O,-8.0,ChEMBL,2782
CC(C)(C)C1=NN(c2ccc(S(=O)(=O)O)cc2)C(c2ccc(F)cc2)C1,-8.0,ChEMBL,2783
Cc1nc2c([nH]1)C(=O)N(C)C1=N[C@@H]3CCC[C@@H]3N12,-8.0,ChEMBL,2784
CCCCN1CC(=O)N2[C@H](c3ccccc3Br)c3[nH]c4ccccc4c3C[C@@H]2C1=O,-8.0,ChEMBL,2785
CCOCCn1nc(C)c2nc(N3CCNCC3)nc(Nc3cccc(C)n3)c21,-7.9,ChEMBL,2786
CCOc1cc2cc(CO)c(CO)c(C3=CCN(CCOC)C(=O)C3)c2cc1OCC,-7.9,ChEMBL,2787
COC(=O)[C@@H]1Cc2c([nH]c3ccccc23)[C@@H](c2ccccc2Br)N1,-7.9,ChEMBL,2788
CCc1nn(CCOCC(F)(F)F)c2c(Nc3ccncn3)nc(NCCN)nc12,-7.9,ChEMBL,2789
CCCOCCn1c(=O)c(N2CCCN(CCO)CC2)nc2cnc(-c3ccc(OC)nc3)cc21,-7.9,ChEMBL,2790
CC(C)(C)N1CC(=O)N2[C@H](c3ccc(Cl)c(Cl)c3)c3[nH]c4ccccc4c3C[C@H]2C1=O,-7.9,ChEMBL,2791
CCCc1nc(C)c2c(C)nc3ccc(OC)nc3n12,-7.9,ChEMBL,2792
CCN1C(=O)c2c(nc(C(N)=O)n2Cc2ccc(O)c(Cl)c2)N2C[C@@H](Cc3ccccc3)N=C12,-7.9,ChEMBL,2793
COc1cc2cc(CO)c(CO)c(-c3cc(OC)c(OC)c(OC)c3)c2cc1OC,-7.9,ChEMBL,2794
CCN1C(=O)c2c(nc(C)n2Cc2ccc(O)cc2)N2C[C@@H](Cc3ccccc3)N=C12,-7.9,ChEMBL,2795
CCCCN1C(=O)[C@H]2Cc3c([nH]c4ccccc34)[C@@H](c3ccncc3)N2C1=O,-7.9,ChEMBL,2796
CN1C(=O)c2[nH]c(CN3CCCC3)nc2N2C1=N[C@@H]1CCC[C@@H]12,-7.9,ChEMBL,2797
CCOCCn1nc(CC)c2nc(N3CCNCC3)nc(Nc3ccccc3)c21,-7.9,ChEMBL,2798
[N+]([O-])Cc1cc(Cn2c(=O)n(-c3cccc(Cl)c3)c(=O)n2C[C@H]2C[C@@H](C(N)=O)N(c3ccccn3)C2)c[nH]1,-7.9,AIEMG,2799
CCN1C(=O)c2c(nc(C#Cc3ccccc3)n2Cc2ccc(Cl)cc2)N2C1=N[C@@H]1CCC[C@@H]12,-7.9,ChEMBL,2800
CCOCCn1nc(CC)c2nc(N3CCCC(C(N)=O)C3)nc(Nc3cc(C)ccn3)c21,-7.9,ChEMBL,2801
COc1ccc(C2CC(C(C)(C)C)=NN2c2ccc(C(=O)N3CCN(C)CC3)cc2)cc1,-7.9,ChEMBL,2802
COc1ccc(C2C3Cc4ccccc4C3=NN2c2ccc(C(=O)O)cc2)cc1,-7.9,ChEMBL,2803
CN1C(=O)c2c(nc(Cc3ccccc3)n2CC2CCCCC2)N2C1=N[C@@H]1CCC[C@@H]12,-7.9,ChEMBL,2804
Cc1cccc(C(=O)O)c1/N=c1\sc(-c2ccc(Cl)cc2)nn1C,-7.9,ChEMBL,2805
CCN1CC(=O)N2[C@H](c3ccc(Cl)c(Cl)c3)c3[nH]c4ccccc4c3C[C@H]2C1=O,-7.9,ChEMBL,2806
CCN1C(=O)c2c(nc(Cc3ccccc3)n2Cc2ccc(O)cc2)N2C[C@@H](Cc3ccccc3)N=C12,-7.9,ChEMBL,2807
CCCCN1C(=O)[C@H]2Cc3c([nH]c4ccccc34)[C@@H](c3ccsc3)N2C1=O,-7.8,ChEMBL,2808
CCN1C(=O)[C@@H]2Cc3c([nH]c4ccccc34)[C@@H](c3ccc(Cl)c(Cl)c3)N2C1=O,-7.8,ChEMBL,2809
CCCOCCn1c(=O)c(N2CCN([C@H](C)[C@@H](C)O)CC2)nc2cnc(-c3ccc(OC)nc3)cc21,-7.8,ChEMBL,2810
COc1ccc(C2c3[nH]c4ccccc4c3CC3C(=O)N(C4CCCCC4)C(=O)N32)cc1,-7.8,ChEMBL,2811
COc1cc(CNc2c(CO)cnc3c(C4CC4)cc(C#N)cc23)cc(OC)c1OC,-7.8,ChEMBL,2812
CCN1C(=O)C2Cc3c([nH]c4ccccc34)C(c3ccc(OC)cc3)N2C1=O,-7.8,ChEMBL,2813
Cc1ccnc(Nc2nc(N3CCNCC3)nc3c(C)nn(CCOCC(F)(F)F)c23)c1,-7.8,ChEMBL,2814
Nc1nc2c(c(=O)n(CC3CC3)c(=O)n2CC2CC2)n1S(=O)(=O)c1ccccc1,-7.8,ChEMBL,2815
COc1cc(C2CC(C(C)(C)C)=NN2c2ccc(C(=O)N3CCN(C)CC3)cc2)ccc1F,-7.8,ChEMBL,2816
COc1cc2cc(CO)c(CO)c(-c3cc(NC(C)=O)c(OC)c(OC)c3)c2cc1OC,-7.8,ChEMBL,2817
OCCCOc1ccccc1-c1nc2ccc[nH]c-2n1,-7.8,ChEMBL,2818
Nc1nc2c(c(=O)n(CC3CC3)c(=O)n2CC2CC2)n1Cc1ccccc1,-7.8,ChEMBL,2819
CCCCN1CC2Cc3c([nH]c4ccccc34)C(c3ccc(OC)cc3)N2C1=O,-7.8,ChEMBL,2820
COc1ccc2nc(C)c3c(C)nc(-c4sccc4C)n3c2n1,-7.8,ChEMBL,2821
CN(C)CCCOc1ccc(Cl)c2c1C1(CCCCC1)NC(=O)N2,-7.8,ChEMBL,2822
CCOCCn1nc(CC)c2nc(N3CCNCC3)nc(Nc3ncccc3C)c21,-7.8,ChEMBL,2823
CCCCCC(O)c1cc(C)ccc1/C=C/CC(=O)O,-7.8,ChEMBL,2824
CCCCN1C(=O)[C@H]2Cc3c([nH]c4ccccc34)[C@@H](c3cccnc3)N2C1=O,-7.8,ChEMBL,2825
O=C1[C@H]2Cc3c([nH]c4ccccc34)[C@@H](c3ccc4c(c3)OCO4)N2C(=O)CN1CCN1CCOCC1,-7.8,ChEMBL,2826
CCN1C(=O)c2nc(Cc3ccccc3)n(Cc3ccccc3)c2N2C[C@@H](Cc3ccccc3)N=C12,-7.8,ChEMBL,2827
CCOc1ccc([C@H]2c3[nH]c4ccccc4c3C[C@@H]3C(=O)N(CCN(C)C)C(=O)N23)cc1,-7.8,ChEMBL,2828
Cc1nc2c3cc(Br)ccc3nc(SCC#N)n2n1,-7.8,ChEMBL,2829
CCN1C(=O)c2c(nc(C#Cc3ccccc3)n2Cc2ccc(OC)cc2)N2C1=N[C@@H]1CCC[C@@H]12,-7.8,ChEMBL,2830
CCn1c(=O)c2c(nc(NC3CCCC3)n2Cc2ccc(O)c(Cl)c2)n(CC)c1=O,-7.8,ChEMBL,2831
CCCn1c(N)nc2c1c(=O)n(CC1CC1)c(=O)n2CC1CC1,-7.8,ChEMBL,2832
CCCOc1ccc(S(N)(=O)=O)cc1-c1nc2c(=O)n(C)c(=O)n(CC(C)C)c2[nH]1,-7.8,ChEMBL,2833
CCCCN1CC=C(c2c(CO)c(CO)cc3c(OC)cc(OCC)cc23)CC1=O,-7.8,ChEMBL,2834
CCCOc1ccc(S(=O)(=O)N2CCN(C)CC2)cc1-c1nc(C(C)C)c(CC)c(=O)[nH]1,-7.8,ChEMBL,2835
CN1C(=O)c2c(nc(C#Cc3ccccc3)n2Cc2ccccc2)N2C1=N[C@@H]1CCC[C@@H]12,-7.7,ChEMBL,2836
CCN1C(=O)c2nc(Cc3ccccc3)n(Cc3ccc(O)cc3)c2N2C[C@@H](Cc3ccccc3)N=C12,-7.7,ChEMBL,2837
O=C(c1ccccc1)N1Cc2c(nc3ccccc3c2O)C1c1ccc2c(c1)OCO2,-7.7,ChEMBL,2838
CCn1c(Nc2ccncc2F)nc2c(C3CCCN(C(=O)OC)C3)csc2c1=O,-7.7,ChEMBL,2839
CN1C(=O)c2c(nc(-c3ccccc3)n2Cc2ccccc2)N2CC3(CCCC3)N=C12,-7.7,ChEMBL,2840
CCOCCn1nc(CC)c2nc(N3CCCNCC3)nc(Nc3cc(C)ccn3)c21,-7.7,ChEMBL,2841
CN1C(=O)c2c(nc(Cc3ccccc3)n2Cc2ccccc2)N2C1=N[C@@H]1CCC[C@@H]12,-7.7,ChEMBL,2842
COCCOc1ccccc1-c1nc2c(=O)n(C)c(=O)n(CC(C)C)c2[nH]1,-7.7,ChEMBL,2843
CCCCCOc1ccccc1-c1nc2c(=O)n(C)c(=O)n(CC(C)C)c2[nH]1,-7.7,ChEMBL,2844
CCCCN1C(=O)[C@H]2Cc3c([nH]c4ccccc34)[C@@H](c3ccc(Cl)cc3)N2C1=O,-7.7,ChEMBL,2845
COc1ccc2c3c([nH]c2c1)[C@@H]1N(CC3)C(=O)c2c(OC)cccc2N1C,-7.7,ChEMBL,2846
Cc1ccc(S(=O)(=O)n2c(N)nc3c2c(=O)n(CC2CC2)c(=O)n3CC2CC2)cc1,-7.7,ChEMBL,2847
COc1ccc(C2CC(C(C)(C)C)=NN2c2ccc(C(=O)N3CCN(C)CC3)cc2)c(F)c1F,-7.7,ChEMBL,2848
CCn1c(=O)c2c(nc(NC3CCCC3)n2Cc2ccc(O)c(F)c2)n(CC)c1=O,-7.7,ChEMBL,2849
CCOCCn1nc(CC)c2nc(N3CCNCC3)nc(Nc3ccccn3)c21,-7.7,ChEMBL,2850
CCCCN1C(=O)[C@H]2Cc3c([nH]c4ccccc34)[C@@H](c3ccc(C#N)cc3)N2C1=O,-7.7,ChEMBL,2851
CCCCCCc1nc2c(n1Cc1ccccc1)C(=O)N(C)C1=N[C@@H]3CCC[C@@H]3N12,-7.7,ChEMBL,2852
COc1ccc(S(=O)(=O)n2c(N)nc3c2c(=O)n(CC2CC2)c(=O)n3CC2CC2)cc1,-7.7,ChEMBL,2853
COc1ccc(C2CC(C(C)(C)C)=NN2c2ccc(C(=O)O)cc2)cc1F,-7.7,ChEMBL,2854
Oc1c2c(nc3ccccc13)C(c1ccc3c(c1)OCO3)N(c1ncccn1)C2,-7.7,ChEMBL,2855
CCOCCn1nc(CC)c2nc(N3CCN(C)CC3)nc(Nc3cc(C)ccn3)c21,-7.7,ChEMBL,2856
CCCCN1C(=O)[C@H]2Cc3c([nH]c4ccccc34)[C@@H](c3ccc(OC)cc3)N2C1=O,-7.7,ChEMBL,2857
CCN1C(=O)[C@@H]2Cc3c([nH]c4ccccc34)[C@@H](c3ccc(Br)cc3)N2C1=O,-7.7,ChEMBL,2858
COc1cc2c(NCCCCCO)ncnc2c(OC)c1OC,-7.7,ChEMBL,2859
CCOCCn1nc(CC)c2nc(N(C)C3CCNC3)nc(Nc3cc(C)ccn3)c21,-7.7,ChEMBL,2860
CCc1ccc(C2c3[nH]c4ccccc4c(=O)c3CN2c2ccccn2)s1,-7.6,ChEMBL,2861
CCCCN1C(=O)[C@H]2Cc3c([nH]c4ccccc34)[C@H](c3ccc(Cl)cc3)N2C1=O,-7.6,ChEMBL,2862
CCn1c(=O)c2c(nc(NC3CCCCC3)n2Cc2ccc3c(c2)OCO3)n(CC)c1=O,-7.6,ChEMBL,2863
CN1C(=O)c2c(nc(CC3CCCC3)n2Cc2ccccc2)N2CC3(CCCC3)N=C12,-7.6,ChEMBL,2864
CCOCCn1nc(C)c2nc(N3CCC(C(N)=O)CC3)nc(Nc3cc(C)ccn3)c21,-7.6,ChEMBL,2865
COC(=O)[C@H]1Cc2c([nH]c3ccccc23)[C@@H](c2ccc(Cl)cc2Cl)N1,-7.6,ChEMBL,2866
CCN1CC(=O)N2[C@H](c3ccccc3Br)c3[nH]c4ccccc4c3C[C@@H]2C1=O,-7.6,ChEMBL,2867
COc1cc2c3c(n1)C(c1ccccc1)=NCC(=O)N3CC2,-7.6,ChEMBL,2868
CCN1C(=O)[C@@H]2Cc3c([nH]c4ccccc34)[C@@H](c3ccc(Br)s3)N2C1=O,-7.6,ChEMBL,2869
CCOCCn1nc(CC)c2nc(N(C)C3CCN(C)CC3)nc(Nc3cc(C)ccn3)c21,-7.6,ChEMBL,2870
COc1c(F)cc(C2CC(C(C)(C)C)=NN2c2ccc(C(=O)N3CCN(C)CC3)cc2)cc1F,-7.6,ChEMBL,2871
CCOCCn1nc(C(=O)NC)c2nc(N3CCNCC3)nc(Nc3cc(C)ccn3)c21,-7.6,ChEMBL,2872
CCc1ccc([C@@H]2c3[nH]c4ccccc4c3C[C@H]3C(=O)N(CC)C(=O)N23)s1,-7.5,ChEMBL,2873
COc1cc(F)c(C2CC(C(C)(C)C)=NN2c2ccc(C(=O)N3CCN(C)CC3)cc2)cc1F,-7.5,ChEMBL,2874
CCN1C(=O)[C@@H]2Cc3c([nH]c4ccccc34)[C@@H](c3ccc(Cl)cc3)N2C1=O,-7.5,ChEMBL,2875
CCOCCn1nc(C)c2nc(N3CCC(N)CC3)nc(Nc3cc(C)ccn3)c21,-7.5,ChEMBL,2876
CN1C(=O)c2c(nc(CC3CCCCC3)n2Cc2ccccc2)N2C1=N[C@@H]1CCC[C@@H]12,-7.5,ChEMBL,2877
CC(C)CCc1nc2c([nH]1)N1C(=N[C@@H]3CCC[C@@H]31)N(C)C2=O,-7.5,ChEMBL,2878
CN1C(=O)c2c(nn(Cc3ccc(C(F)(F)F)cc3)c2Nc2ccccc2)N2C1=N[C@@H]1CCC[C@@H]12,-7.5,ChEMBL,2879
CN1C(=O)c2c(nc(CC3CCCC3)n2Cc2ccccc2)N2C1=N[C@@H]1CCC[C@@H]12,-7.5,ChEMBL,2880
COc1ccc(C2C3COc4ccccc4C3=NN2c2ccc(C(=O)O)cc2)cc1,-7.5,ChEMBL,2881
COc1ccc(C2CC(C(C)(C)C)=NN2c2ccc(C(=O)O)cc2)cc1,-7.5,ChEMBL,2882
CN1C(=O)c2[nH]c(Cc3ncc[nH]3)nc2N2C1=N[C@@H]1CCC[C@@H]12,-7.5,ChEMBL,2883
CCCCCn1c(-c2ccco2)nc2c(NCCCOC)ccnc21,-7.5,ChEMBL,2884
CCN1C(=O)[C@@H]2Cc3c([nH]c4ccccc34)[C@H](c3ccccc3Br)N2C1=O,-7.5,ChEMBL,2885
CCn1c(=O)c2c(nc(NC3CCCCC3)n2Cc2ccc(O)c(C)c2)n(CC)c1=O,-7.5,ChEMBL,2886
CCOCCn1nc(C)c2nc(N3CCN(C)CC3)nc(Nc3cc(C)ccn3)c21,-7.5,ChEMBL,2887
CCCCN1CC(=O)N2[C@H](c3ccccc3Br)c3[nH]c4ccccc4c3C[C@H]2C1=O,-7.4,ChEMBL,2888
CC(C)(C)C1=NN(c2ccc(C(=O)O)cc2)C(c2ccc([N+](=O)[O-])cc2)C1,-7.4,ChEMBL,2889
COc1cc2cc(CO)c(CO)c(C3=CC=NC(=O)C3)c2cc1OC,-7.4,ChEMBL,2890
CC(C)(C)N1CC(=O)N2[C@@H](c3ccc(Cl)cc3Cl)c3[nH]c4ccccc4c3C[C@H]2C1=O,-7.4,ChEMBL,2891
CCOCCn1nc(CC)c2nc(N3CCN[C@@H](C)C3)nc(Nc3cc(C)ccn3)c21,-7.4,ChEMBL,2892
CC(C)(C)N1CC(=O)N2[C@H](c3ccc(Cl)cc3Cl)c3[nH]c4ccccc4c3C[C@@H]2C1=O,-7.4,ChEMBL,2893
CC(C)Cn1c(N)nc2c1c(=O)n(CC1CC1)c(=O)n2CC1CC1,-7.4,ChEMBL,2894
CCCCN1C(=O)[C@H]2Cc3c([nH]c4ccccc34)[C@H](c3ccc(OC)cc3)N2C1=O,-7.4,ChEMBL,2895
COCc1nc2c([nH]1)c(=O)n(C)c(=O)n2CC(C)C,-7.4,ChEMBL,2896
CCCCN1CC=C(c2c(CO)c(CO)cc3cc(OCC)c(OCC)cc23)CC1=O,-7.4,ChEMBL,2897
CN1CC(=O)N2[C@@H](c3ccccc3Br)c3[nH]c4ccccc4c3C[C@H]2C1=O,-7.3,ChEMBL,2898
CCN1C(=O)c2c(nc(N=[N+]=[N-])n2Cc2ccc(O)cc2)N2C1=N[C@@H]1CCC[C@@H]12,-7.3,ChEMBL,2899
CCCc1nc2c(n1Cc1ccccc1)C(=O)N(C)C1=N[C@@H]3CCC[C@@H]3N12,-7.3,ChEMBL,2900
CCOCCn1nc(CC)c2nc(N3CCC(CO)CC3)nc(Nc3cc(C)ccn3)c21,-7.3,ChEMBL,2901
Cc1nc2c(n1Cc1ccccc1)C(=O)N(C)C1=N[C@@H]3CCC[C@@H]3N12,-7.3,ChEMBL,2902
CN1C(=O)c2c(nc(Cc3ccccc3)n2Cc2cccnc2)N2C1=N[C@@H]1CCC[C@@H]12,-7.3,ChEMBL,2903
CCOCCn1nc(C)c2nc(NC3CCNCC3)nc(Nc3cc(C)ccn3)c21,-7.3,ChEMBL,2904
CCn1c(=O)c2c(nc(NC3CCCCC3)n2Cc2cccc(O)c2)n(CC)c1=O,-7.3,ChEMBL,2905
COC(=O)[C@@H]1Cc2c([nH]c3ccccc23)[C@@H](c2ccc(Cl)cc2)N1C(=O)CCl,-7.3,ChEMBL,2906
COc1nc2c([nH]1)c(=O)n(C)c(=O)n2CC(C)C,-7.3,ChEMBL,2907
COc1cc2cc(CO)c(CO)c(-c3cc(OC)c(OC)c(S(C)(=O)=O)c3)c2cc1OC,-7.2,ChEMBL,2908
CCN1C(=O)[C@H]2Cc3c([nH]c4ccccc34)[C@H](c3ccc(Cl)c(Cl)c3)N2C1=O,-7.2,ChEMBL,2909
CCOCCn1nc(CC)c2nc(N3CCNCC3)nc(Nc3cc(C)ccn3)c21,-7.2,ChEMBL,2910
COc1cc2cnc(C)c(Cc3nc4c([nH]3)c(=O)n(C)c(=O)n4CC(C)C)c2cc1OC,-7.2,ChEMBL,2911
CCCCCCc1nc2c([nH]1)N1C(=N[C@@H]3CCC[C@@H]31)N(C)C2=O,-7.2,ChEMBL,2912
CCN1C(=O)c2c(nc(OC)n2Cc2ccc(OC)c(Cl)c2)N2C1=N[C@@H]1CCC[C@@H]12,-7.2,ChEMBL,2913
COc1cc2cc(CO)c(CO)c(-c3cc(OC)c(OC)c(C(=O)N(C)C)c3)c2cc1OC,-7.2,ChEMBL,2914
CC(C)CCc1nc2c(n1Cc1ccccc1)C(=O)N(C)C1=N[C@@H]3CCC[C@@H]3N12,-7.2,ChEMBL,2915
COc1cc2cc(CO)c(CO)c(C3=CCN(C)C(=O)C3)c2cc1OC,-7.2,ChEMBL,2916
CCCCCn1c(-c2ccco2)nc2c(N(C)CCCO)nccc21,-7.2,ChEMBL,2917
CN1C(=O)c2[nH]c(C(F)(F)F)nc2N2C1=N[C@@H]1CCC[C@@H]12,-7.2,ChEMBL,2918
Cc1ccc([C@@H]2c3[nH]c4ccccc4c3C[C@@H]3C(=O)N(C)CC(=O)N23)o1,-7.2,ChEMBL,2919
CCCCNc1c(C(=O)OCC)cnc2c1cnn2CC,-7.2,ChEMBL,2920
CCOCCn1nc(CC)c2nc(N3CCC(N)CC3)nc(Nc3cc(C)ccn3)c21,-7.2,ChEMBL,2921
COc1cc(CNc2ncnc3c(OC)c(OC)c(OC)cc23)cc(OC)c1OC,-7.2,ChEMBL,2922
COc1cc(C(=O)O)ccc1C1CC(C(C)(C)C)=NN1c1ccc(C(=O)O)cc1,-7.2,ChEMBL,2923
Cc1[nH]c(=O)c(C#N)cc1-c1ccncc1,-7.2,ChEMBL,2924
CCOc1ccc([C@H]2c3[nH]c4ccccc4c3C[C@@H]3C(=O)NC(=O)N23)cc1,-7.2,ChEMBL,2925
CCN1C(=O)C2C(N=C(N=[N+]=[N-])N2Cc2ccc(O)cc2)N2C1=N[C@@H]1CCC[C@@H]12,-7.2,ChEMBL,2926
CCc1ccc([C@@H]2c3[nH]c4ccccc4c3C[C@H]3C(=O)N(C)CC(=O)N23)s1,-7.2,ChEMBL,2927
CCc1ccc(C2c3[nH]c4ccccc4c(=O)c3CN2c2ncccn2)s1,-7.2,ChEMBL,2928
CCn1c(=O)c2c(nc(NC3CCCCC3)n2Cc2ccc(OC)cc2)n(CC)c1=O,-7.2,ChEMBL,2929
CCSc1nc2c(n1Cc1ccc(OC)cc1)C(=O)N(CC)C1=N[C@@H]3CCC[C@@H]3N12,-7.2,ChEMBL,2930
CCCCN1CC(=O)N2[C@H](c3ccc(Br)cc3)c3[nH]c4ccccc4c3C[C@H]2C1=O,-7.2,ChEMBL,2931
CCn1c(=O)c2c(nc(NC3CCCCC3)n2Cc2ccc(O)c(F)c2)n(CC)c1=O,-7.2,ChEMBL,2932
Cc1ccc([C@@H]2c3[nH]c4ccccc4c3C[C@@H]3C(=O)N(C)CC(=O)N23)s1,-7.1,ChEMBL,2933
CCn1c(=O)c2c(nc(NC3CCCCC3)n2Cc2ccc(O)c(Cl)c2)n(CC)c1=O,-7.1,ChEMBL,2934
O=C(c1cccnc1)N1Cc2c(nc3ccccc3c2O)C1c1ccc2c(c1)OCO2,-7.1,ChEMBL,2935
CCn1c(=O)c2c(nc(NC3CCCC3)n2Cc2ccc(OC)c(F)c2)n(CC)c1=O,-7.1,ChEMBL,2936
COc1cc2cc(CO)c(CO)cc2c(C2C=CCC(=O)N2C)c1OC,-7.1,ChEMBL,2937
CCOCCn1nc(C)c2nc(N3CCC(CN)CC3)nc(Nc3cc(C)ccn3)c21,-7.1,ChEMBL,2938
CC(C)CC1C(=O)N(C)C(=O)c2nc[nH]c21,-7.1,ChEMBL,2939
CCn1c(=O)c2c(nc(NC3CCCCC3)n2Cc2ccc(OC)c(C)c2)n(CC)c1=O,-7.1,ChEMBL,2940
CC(C)N1CC(=O)N2C(Cc3c([nH]c4ccccc34)C2c2ccc3c(c2)OCO3)C1=O,-7.1,ChEMBL,2941
CCN1CC(=O)N2[C@@H](c3ccccc3Br)c3[nH]c4ccccc4c3C[C@H]2C1=O,-7.1,ChEMBL,2942
CN1CC(=O)N2[C@H](c3ccc(Br)s3)c3[nH]c4ccccc4c3C[C@@H]2C1=O,-7.1,ChEMBL,2943
CCOCCn1nc(C)c2nc(N3CCNCC3)nc(Nc3cc(C)ccn3)c21,-7.0,ChEMBL,2944
CN1C(=O)c2c(nc(Cc3ccccc3)n2CCO)N2C1=N[C@@H]1CCC[C@@H]12,-7.0,ChEMBL,2945
CCOc1nc2c(n1Cc1ccc(O)cc1)C(=O)N(CC)C1=N[C@@H]3CCC[C@@H]3N12,-7.0,ChEMBL,2946
CCn1c(=O)c2c(nc(NC3CCCC3)n2Cc2ccccc2)n(CC)c1=O,-7.0,ChEMBL,2947
CN(C)Cc1nc2c(n1Cc1ccccc1)C(=O)N(C)C1=N[C@@H]3CCC[C@@H]3N12,-7.0,ChEMBL,2948
CN1CC(=O)N2[C@H](c3ccc(Cl)cc3Cl)c3[nH]c4ccccc4c3C[C@@H]2C1=O,-7.0,ChEMBL,2949
CN1C(=O)c2[nH]c(CC3CC3)nc2N2C1=N[C@@H]1CCC[C@@H]12,-7.0,ChEMBL,2950
CN1C(=O)c2c(nn(Cc3ccc(C(F)(F)F)nc3)c2Nc2ccccc2)N2C1=N[C@@H]1CCC[C@@H]12,-7.0,ChEMBL,2951
CCn1c(=O)c2c(nc(NC3CCCC3)n2Cc2ccc(OC)c(Cl)c2)n(CC)c1=O,-7.0,ChEMBL,2952
CCN1C(=O)c2c(nc(C(N)=O)n2Cc2ccc(O)c(Br)c2)N2C1=N[C@@H]1CCC[C@@H]12,-7.0,ChEMBL,2953
CN1C(=O)c2c(nc(CN3CCCC3)n2Cc2ccccc2)N2C1=N[C@@H]1CCC[C@@H]12,-7.0,ChEMBL,2954
CCc1ccc([C@@H]2c3[nH]c4ccccc4c3C[C@@H]3C(=O)N(C)CC(=O)N23)s1,-7.0,ChEMBL,2955
CCn1c(=O)c2c(nc(NC3CCCCC3)n2Cc2cccc(OC)c2)n(CC)c1=O,-7.0,ChEMBL,2956
Cc1ccc([N+](=O)[O-])cc1S(=O)(=O)N(C)C,-6.9,ChEMBL,2957
CCOCCn1nc(CC)c2nc(N3CCN[C@H](C)C3)nc(Nc3cc(C)ccn3)c21,-6.9,ChEMBL,2958
CCN1C(=O)c2c(nc(C(=O)NC)n2Cc2ccc(OC)c(Cl)c2)N2C1=N[C@@H]1CCC[C@@H]12,-6.9,ChEMBL,2959
CCn1c(=O)c2c(nc(NC3CCCCC3)n2Cc2ccccc2)n(CC)c1=O,-6.9,ChEMBL,2960
CCn1c(=O)c2c(nc(NC3CCCCC3)n2Cc2ccc(O)cc2)n(CC)c1=O,-6.9,ChEMBL,2961
COc1ccc(Cn2c(/N=C3/CCCN3C)nc3c2c(=O)n(CC2CC2)c(=O)n3CC2CC2)cc1,-6.9,ChEMBL,2962
CCN1C(=O)c2[nH]c(C)nc2N2C1=N[C@@H]1CCC[C@@H]12,-6.9,ChEMBL,2963
CN1C(=O)c2c(nc(Cc3ccccc3)n2Cc2ncc[nH]2)N2C1=N[C@@H]1CCC[C@@H]12,-6.9,ChEMBL,2964
CN1C(=O)c2c(nc(Cc3ncc[nH]3)n2Cc2ccccc2)N2C1=N[C@@H]1CCC[C@@H]12,-6.8,ChEMBL,2965
CCN1C(=O)c2c(nc(OC)n2Cc2ccc(OC)c(Br)c2)N2C1=N[C@@H]1CCC[C@@H]12,-6.8,ChEMBL,2966
CCN1C(=O)c2c(nc(C(N)=O)n2Cc2ccc(O)cc2)N2C1=N[C@@H]1CCC[C@@H]12,-6.8,ChEMBL,2967
CCOc1nc2c(n1Cc1ccc(O)c(Cl)c1)C(=O)N(CC)C1=N[C@@H]3CCC[C@@H]3N12,-6.8,ChEMBL,2968
CC(C)Cn1c(=O)n(C)c(=O)c2nc[nH]c21,-6.8,ChEMBL,2969
CCOCCn1nc(C)c2nc(N3CCC(C(=O)O)CC3)nc(Nc3cc(C)ccn3)c21,-6.8,ChEMBL,2970
CCCCN1CC(=O)N2[C@H](c3ccc(Cl)cc3Cl)c3[nH]c4ccccc4c3C[C@H]2C1=O,-6.8,ChEMBL,2971
CCN1C(=O)c2c(nc(C(=O)NC)n2Cc2ccc(O)c(Cl)c2)N2C1=N[C@@H]1CCC[C@@H]12,-6.8,ChEMBL,2972
CCN1C(=O)c2c(nc(C(N)=O)n2Cc2ccc(OC)cc2)N2C1=N[C@@H]1CCC[C@@H]12,-6.8,ChEMBL,2973
CCn1c(=O)c2c(nc(NC3CCCCC3)n2Cc2ccc(OC)c(Cl)c2)n(CC)c1=O,-6.8,ChEMBL,2974
CCn1c(=O)c2c(nc(NC3CCCCC3)n2Cc2ccc(OC)c(F)c2)n(CC)c1=O,-6.8,ChEMBL,2975
O=C1C2Cc3c([nH]c4ccccc34)C(c3ccc4c(c3)OCO4)N2C(=O)CN1C1CCCCC1,-6.8,ChEMBL,2976
CN1C(=O)c2c(nc(CC3CC3)n2Cc2ccccc2)N2C1=N[C@@H]1CCC[C@@H]12,-6.8,ChEMBL,2977
COC(=O)[C@@H]1Cc2c([nH]c3ccccc23)[C@@H](c2ccc(Cl)cc2Cl)N1,-6.8,ChEMBL,2978
CCCc1nc2c([nH]1)N1C(=N[C@@H]3CCC[C@@H]31)N(C)C2=O,-6.8,ChEMBL,2979
CCN1CC(=O)N2[C@H](c3ccccc3Br)c3[nH]c4ccccc4c3C[C@H]2C1=O,-6.8,ChEMBL,2980
CCn1c(=O)c2c(nc(NC3CCCC3)n2Cc2ccc(O)cc2)n(CC)c1=O,-6.8,ChEMBL,2981
CN1C(=O)c2c(nc(C(F)(F)F)n2Cc2ccccc2)N2C1=N[C@@H]1CCC[C@@H]12,-6.7,ChEMBL,2982
O=C(C#Cc1ccccc1)N1Cc2c(nc3ccccc3c2O)C1c1ccc2c(c1)OCO2,-6.7,ChEMBL,2983
CCN1C(=O)c2c(nc(Cc3ccccc3)n2Cc2ccc3c(c2)OCO3)N2C1=N[C@@H]1CCC[C@@H]12,-6.7,ChEMBL,2984
CN(C)Cc1nc2c([nH]1)N1C(=N[C@@H]3CCC[C@@H]31)N(C)C2=O,-6.7,ChEMBL,2985
CCOc1ccc([C@H]2c3[nH]c4ccccc4c3C[C@@H]3C(=O)N(CC)C(=O)N23)cc1,-6.7,ChEMBL,2986
COc1cc2c(N)ncnc2c(OC)c1OC,-6.7,ChEMBL,2987
CN1CC(=O)N2[C@H](c3sccc3Br)c3[nH]c4ccccc4c3C[C@@H]2C1=O,-6.7,ChEMBL,2988
COc1ccc(Cn2c(N)nc3c2c(=O)n(CC2CC2)c(=O)n3CC2CC2)cc1,-6.7,ChEMBL,2989
CCN1C(=O)c2c(nc(C(N)=O)n2Cc2ccc(O)c(Cl)c2)N2C1=N[C@@H]1CCC[C@@H]12,-6.7,ChEMBL,2990
COc1cc2cc3c(c(-c4cc(OC)c(OC)c(OC)c4)c2cc1OC)C(=O)OC3,-6.7,ChEMBL,2991
CCc1ccc(C2c3[nH]c4ccccc4c(=O)c3CN2c2ncc(Br)cn2)s1,-6.7,ChEMBL,2992
CCCCN1C(=O)[C@H]2Cc3c(n(C)c4ccccc34)[C@H](c3ccc(OC)cc3)N2C1=O,-6.6,ChEMBL,2993
CCN1C(=O)c2c(nc(C(N)=O)n2Cc2ccc(OC)c(Br)c2)N2C1=N[C@@H]1CCC[C@@H]12,-6.6,ChEMBL,2994
CN1CC(=O)N2[C@H](c3ccccc3Br)c3[nH]c4ccccc4c3C[C@H]2C1=O,-6.6,ChEMBL,2995
C=CCCN1CC[C@@H](N2CC(=O)N3[C@H](c4ccc5c(c4)OCO5)c4[nH]c5ccccc5c4C[C@@H]3C2=O)C1,-6.6,ChEMBL,2996
COCc1nc2c(n1Cc1ccccc1)C(=O)N(C)C1=N[C@@H]3CCC[C@@H]3N12,-6.6,ChEMBL,2997
CCSc1nc2c(n1Cc1ccc(O)cc1)C(=O)N(CC)C1=N[C@@H]3CCC[C@@H]3N12,-6.6,ChEMBL,2998
C=CCN1C(=O)[C@@H]2Cc3c([nH]c4ccccc34)[C@@H](c3ccc(OC)cc3OC)N2C1=S,-6.5,ChEMBL,2999
CCc1ccc([C@H]2c3[nH]c4ccccc4c3C[C@@H]3C(=O)N(CC)C(=O)N23)s1,-6.5,ChEMBL,3000
CN1CC(=O)N2[C@H](c3ccccc3Br)c3[nH]c4ccccc4c3C[C@@H]2C1=O,-6.5,ChEMBL,3001
Cc1ccsc1[C@@H]1c2[nH]c3ccccc3c2C[C@@H]2C(=O)N(C)CC(=O)N12,-6.5,ChEMBL,3002
COc1cc2cc(CO)c(CO)c(Cc3cc(OC)c(OC)c(OC)c3)c2cc1OC,-6.5,ChEMBL,3003
CCN1C(=O)c2c(nc(Cc3ccccc3)n2Cc2ccc(C)cc2)N2C1=N[C@@H]1CCC[C@@H]12,-6.5,ChEMBL,3004
CN1CC(=O)N2[C@@H](c3ccccc3Br)c3[nH]c4ccccc4c3C[C@@H]2C1=O,-6.5,ChEMBL,3005
CCN1C(=O)c2c(nc(C(=O)OC)n2Cc2ccc(OC)cc2)N2C1=N[C@@H]1CCC[C@@H]12,-6.5,ChEMBL,3006
CCn1c(=O)c2c(nc(NC3CCCC3)n2Cc2ccc(OC)cc2)n(CC)c1=O,-6.5,ChEMBL,3007
CCN1C(=O)[C@@H]2Cc3c([nH]c4ccccc34)[C@@H](c3ccc(Cl)cc3Cl)N2C1=O,-6.5,ChEMBL,3008
CCCCN1CC(=O)N2C(Cc3c([nH]c4ccccc34)C2c2ccc3c(c2)OCO3)C1=O,-6.5,ChEMBL,3009
CCN1C(=O)c2c(nc(Cc3ccccc3)n2Cc2ccc(OC)cc2)N2C1=N[C@@H]1CCC[C@@H]12,-6.4,ChEMBL,3010
COc1cc(Cn2c(N)nc3c2c(=O)n(CC2CC2)c(=O)n3CC2CC2)cc(OC)c1OC,-6.4,ChEMBL,3011
CC(C)(C)N1CC(=O)N2[C@H](c3ccc(Cl)cc3Cl)c3[nH]c4ccccc4c3C[C@H]2C1=O,-6.4,ChEMBL,3012
CCN1C(=O)c2c(nc(Cc3ccccc3)n2Cc2ccc(Cl)cc2)N2C1=N[C@@H]1CCC[C@@H]12,-6.4,ChEMBL,3013
CCOc1nc2c(n1Cc1ccc(OC)cc1)C(=O)N(CC)C1=N[C@@H]3CCC[C@@H]3N12,-6.4,ChEMBL,3014
COc1ccc(Cn2c(/N=C/N(C)C)nc3c2c(=O)n(CC2CC2)c(=O)n3CC2CC2)cc1,-6.4,ChEMBL,3015
CCOc1nc2c(n1Cc1ccc(OC)c(Br)c1)C(=O)N(CC)C1=N[C@@H]3CCC[C@@H]3N12,-6.4,ChEMBL,3016
CCN1C(=O)c2c(nc(Cc3ccccc3)n2Cc2ccc(O)cc2)N2C1=N[C@@H]1CCC[C@@H]12,-6.4,ChEMBL,3017
CCN1C(=O)[C@H]2Cc3c([nH]c4ccccc34)[C@H](c3ccccc3Br)N2C1=O,-6.4,ChEMBL,3018
CCN1C(=O)[C@H]2Cc3c([nH]c4ccccc34)[C@H](c3ccc(Cl)cc3Cl)N2C1=O,-6.4,ChEMBL,3019
COCc1nc2c([nH]1)N1C(=N[C@@H]3CCC[C@@H]31)N(C)C2=O,-6.4,ChEMBL,3020
CCN1CC(=O)N2[C@H](c3ccc(Cl)cc3Cl)c3[nH]c4ccccc4c3C[C@H]2C1=O,-6.3,ChEMBL,3021
CCN1C(=O)c2c(nc(Cc3ccccc3)n2Cc2ccccc2)N2C1=N[C@@H]1CCC[C@@H]12,-6.3,ChEMBL,3022
CCN1C(=O)c2c(nc(Cc3ccccc3)n2Cc2ccc(N)cc2)N2C1=N[C@@H]1CCC[C@@H]12,-6.3,ChEMBL,3023
CN(C)CCN1CC(=O)N2[C@H](c3ccc4c(c3)OCO4)c3[nH]c4ccccc4c3C[C@@H]2C1=O,-6.2,ChEMBL,3024
CCN1C(=O)c2c(nc(Cc3ccccc3)n2Cc2ccc(OC)c(Cl)c2)N2C1=N[C@@H]1CCC[C@@H]12,-6.2,ChEMBL,3025
CCOc1nc2c(n1Cc1ccc(OC)c(Cl)c1)C(=O)N(CC)C1=N[C@@H]3CCC[C@@H]3N12,-6.2,ChEMBL,3026
CCN1CC(=O)N2[C@@H](c3ccc(Cl)cc3Cl)c3[nH]c4ccccc4c3C[C@@H]2C1=O,-6.2,ChEMBL,3027
CCN1CC(=O)N2[C@@H](c3ccccc3Br)c3[nH]c4ccccc4c3C[C@@H]2C1=O,-6.1,ChEMBL,3028
CCN1C(=O)[C@@H]2Cc3c([nH]c4ccccc34)[C@@H](c3ccccc3Br)N2C1=S,-6.1,ChEMBL,3029
CCN1C(=O)[C@H]2Cc3c([nH]c4ccccc34)[C@H](c3ccccc3Br)N2C1=S,-6.1,ChEMBL,3030
COC(=O)[C@@H]1Cc2c([nH]c3ccccc23)[C@H](c2ccc(Cl)cc2Cl)N1C(=O)CCl,-6.0,ChEMBL,3031
CCC[C@@H]1CN2C(=N1)N(CC)C(=O)c1nc(Cc3ccccc3)n(Cc3ccccc3)c12,-6.0,ChEMBL,3032
CCn1c(Nc2ccncc2F)nc2c(C3CCCN(C(=O)C4(C#N)CC4)C3)csc2c1=O,-5.8,ChEMBL,3033
COc1cc2c3c(n1)C(c1ccccc1)=NC(NC(=O)c1cccnc1)C(=O)N3CC2,-5.8,ChEMBL,3034
CC(C)(C)N1CC(=O)N2[C@@H](c3ccc(Cl)cc3Cl)c3[nH]c4ccccc4c3C[C@@H]2C1=O,-5.8,ChEMBL,3035
CCCCN1CC(=O)N2[C@@H](c3ccc(Cl)cc3Cl)c3[nH]c4ccccc4c3C[C@@H]2C1=O,-5.7,ChEMBL,3036
COC(=O)[C@H]1Cc2c([nH]c3ccccc23)[C@@H](c2ccc(Cl)cc2Cl)N1C(=O)CCl,-5.7,ChEMBL,3037
Cc1nc2c([nH]1)C(=O)N(C(C)C)C1=N[C@@H]3CCC[C@@H]3N12,-5.6,ChEMBL,3038
COC(=O)[C@H]1Cc2c([nH]c3ccccc23)[C@@H](c2ccccc2Br)N1C(=O)CCl,-5.3,ChEMBL,3039
COC(=O)[C@@H]1Cc2c([nH]c3ccccc23)[C@H](c2c(Cl)cccc2Cl)N1C(=O)CCl,-5.0,ChEMBL,3040
Cl.Cl.Clc1ccc2nc(-n3ccnc3)nc(NCc3ccccc3)c2c1,10000000000.0,ChEMBL,3041
COc1ccc(CNc2nnc(N3CCC(C)(O)CC3)c3ccc(C#N)cc23)cc1Cl.Cl,10000000000.0,ChEMBL,3042
O=C([O-])C1CCN(c2nc(NCc3ccc4c(c3)OCO4)c3cc(Cl)ccc3n2)CC1.[Na+],10000000000.0,ChEMBL,3043
Cl.Fc1ccc2nc(-c3cccnc3)nc(NCc3ccccc3)c2c1,10000000000.0,ChEMBL,3044
COc1ccc(CNc2nnc(-n3ccnc3)c3ccc(C#N)cc23)cc1Cl.Cl,10000000000.0,ChEMBL,3045
Cl.Cl.c1ccc(CCNc2nc(-n3ccnc3)nc3ccccc23)cc1,10000000000.0,ChEMBL,3046
COc1ccc(CNc2nnc(N3CCC(O)CC3)c3ccc(C(N)=O)cc23)cc1Cl.Cl,10000000000.0,ChEMBL,3047
CS(=O)(=O)c1ccc2nc(-n3ccnc3)nc(NCc3ccccc3)c2c1.Cl.Cl,10000000000.0,ChEMBL,3048
COc1ccc(CNc2nnc(N3CCC(CCO)CC3)c3ccc(C#N)cc23)cc1Cl.Cl,10000000000.0,ChEMBL,3049
COc1ccc(CNc2nnc(N3CCC(=O)CC3)c3ccc(C#N)cc23)cc1Cl.Cl,10000000000.0,ChEMBL,3050
Cl.Cl.c1cncc(-c2nc(NCc3ccco3)c3ccccc3n2)c1,10000000000.0,ChEMBL,3051
COc1ccc(CNc2nnc(N3CC=CCC3)c3ccc(C#N)cc23)cc1Cl.Cl,10000000000.0,ChEMBL,3052
COc1ccc(CNc2nnc(N3CCCC(O)C3)c3ccc(C#N)cc23)cc1Cl.Cl,10000000000.0,ChEMBL,3053
CNc1ncnc2c1ncn2Cc1ccccc1F.CS(=O)(=O)O,10000000000.0,ChEMBL,3054
COc1ccc(CNc2nnc(N3CCC(O)CC3)c3ccc(C#N)cc23)cc1Cl.Cl,10000000000.0,ChEMBL,3055
COc1ccc(CNc2nnc(N3CCC(O)CC3)c3ccc(C(=O)O)cc23)cc1Cl.Cl,10000000000.0,ChEMBL,3056
Cl.c1ccc(-c2nc(Nc3cccnc3)c3ccccc3n2)cc1,10000000000.0,ChEMBL,3057
COc1ccc(CNc2nnc(N3CCNCC3)c3ccc(C#N)cc23)cc1Cl.Cl,10000000000.0,ChEMBL,3058
Cl.Cl.c1cncc(-c2nc(NCC3CC3)c3ccccc3n2)c1,10000000000.0,ChEMBL,3059
COc1ccc(CNc2nnc(Cl)c3ccc(C#N)cc23)cc1Cl.Cl,10000000000.0,ChEMBL,3060
COc1ccc(CNc2nnc(N3CCN(CCO)CC3)c3ccc(C#N)cc23)cc1Cl.Cl,10000000000.0,ChEMBL,3061
COc1ccc2nc(-n3ccnc3)nc(NCc3ccccc3)c2c1.Cl.Cl,10000000000.0,ChEMBL,3062
CCOc1cc2cc(CO)c(CO)c(-c3cc(N)c(OC)c(OC)c3)c2cc1OCC.Cl,10000000000.0,ChEMBL,3063
Cl.Cl.Cl.c1cncc(CNc2nc(-c3cccnc3)nc3ccccc23)c1,10000000000.0,ChEMBL,3064
COc1ccc(CNc2nnc(N3CCN(C)CC3)c3ccc(C#N)cc23)cc1Cl.Cl,10000000000.0,ChEMBL,3065
COc1ccc(CNc2nnc(N3CCC(O)CC3)c3ccc(Cl)cc23)cc1Cl.Cl,10000000000.0,ChEMBL,3066
COc1ccc(CNc2nnc(NCCCO)c3ccc(C#N)cc23)cc1Cl.Cl,10000000000.0,ChEMBL,3067
COc1ccc(CNc2nnc(N3CC[S+]([O-])CC3)c3ccc(C#N)cc23)cc1Cl.Cl,10000000000.0,ChEMBL,3068
C#Cc1ccc2nc(-n3ccnc3)nc(NCc3ccccc3)c2c1.Cl,10000000000.0,ChEMBL,3069
COc1ccccc1-c1nc2ccc[nH]c-2n1.Cl,10000000000.0,ChEMBL,3070
COc1ccccc1-c1nc2cc[nH]cc-2n1.Cl,10000000000.0,ChEMBL,3071
COc1ccc(CNc2nnc(N3CCC(OC)CC3)c3ccc(C#N)cc23)cc1Cl.Cl,10000000000.0,ChEMBL,3072
CSc1ccc2nc(-n3ccnc3)nc(NCc3ccccc3)c2c1.Cl.Cl,10000000000.0,ChEMBL,3073
Cl.Cl.c1coc(CNc2nc(-n3ccnc3)nc3ccccc23)c1,10000000000.0,ChEMBL,3074
COc1ccc(CNc2nnc(N3CCSCC3)c3ccc(C#N)cc23)cc1Cl.Cl,10000000000.0,ChEMBL,3075
Cl.Cl.c1ccc2c(NCC3CCCCC3)nc(-n3ccnc3)nc2c1,10000000000.0,ChEMBL,3076
COc1ccc(CNc2nnc(N3CCC(C(N)=O)CC3)c3ccc(C#N)cc23)cc1Cl.Cl,10000000000.0,ChEMBL,3077
COc1ccc(CNc2nnc(N3CCC(O)CC3)c3ccc([N+](=O)[O-])cc23)cc1Cl.Cl,10000000000.0,ChEMBL,3078
COc1ccc(CNc2nnc(N3CCC(C(=O)O)CC3)c3ccc(C#N)cc23)cc1Cl.Cl,10000000000.0,ChEMBL,3079
Cl.Cl.c1ccc2c(NCC3CCCO3)nc(-n3ccnc3)nc2c1,10000000000.0,ChEMBL,3080
COc1ccc2nc(-n3ccnc3)nc(NCc3ccco3)c2c1.Cl.Cl,10000000000.0,ChEMBL,3081
Cl.Cl.c1cncc(-c2nc(NCC3CCCO3)c3ccccc3n2)c1,10000000000.0,ChEMBL,3082
CCCCCOc1ccccc1-c1nc2cc[nH]cc-2n1.Cl,10000000000.0,ChEMBL,3083
COc1ccc(CNc2nnc(N3CCS(=O)(=O)CC3)c3ccc(C#N)cc23)cc1Cl.Cl,10000000000.0,ChEMBL,3084
COc1ccc(CNc2nnc(N[C@H]3CC[C@H](O)CC3)c3ccc(C#N)cc23)cc1Cl.Cl,10000000000.0,ChEMBL,3085
Cl.Cl.O=[N+]([O-])c1ccc2nc(-n3ccnc3)nc(NCc3ccccc3)c2c1,10000000000.0,ChEMBL,3086
COc1ccc(CNc2nnc(N3CCC(CO)CC3)c3ccc(C#N)cc23)cc1Cl.Cl,10000000000.0,ChEMBL,3087
Cc1nc2ccc(F)cc2nc1-c1cc2nc(N3CC[C@@H](F)C3)cc(NCC(C)(C)O)n2n1.Cl,,ChEMBL,3088
O=C([O-])C1CCN(c2ncc3c(NCc4ccc5c(c4)OCO5)c(Cl)ccc3n2)CC1.[Na+],,ChEMBL,3089
CCn1c(=O)c2c(c3ccc(C)nc31)O[C@@](C)(CCO)C[C@H]2C=C(C)C,,ChEMBL,3090
COc1ccc(N2CC(=O)N3[C@H](c4ccc5c(c4)OCO5)c4[nH]c5ccccc5c4C[C@@H]3C2=O)cc1,,ChEMBL,3091
CCc1nn(C)c2nc(-c3ccc4c(c3)COB4O)nc(NCc3ccc(F)cc3)c12,,ChEMBL,3092
