smiles,docking,source,rank
FN(C(=O)c1ccccc1F)c1nc([C@H]2CCCN(C(=O)c3ccccn3)C2)nc2cccc(F)c12,-12.0,AIEMG,1
FC(F)(F)c1ccccc1NC(=O)c1cc2cccc[n+]2c2nc([C@H]3CC[NH+](Cc4ccccc4)C3)[nH]c12,-11.6,AIEMG,2
C[C@]12O[C@H](C[C@]1(O)CO)n1c3ccccc3c3c4c(c5c6ccccc6n2c5c31)CNC4=O,-11.6,ChEMBL,3
Fc1ccccc1CC1CCN(C(=O)c2cc(-c3ccccc3F)[nH]c(=O)c2Cl)CC1,-11.1,AIEMG,4
[C@@](C#Cc1nc2ccccc2n1-c1ccc(F)cc1F)c1nc(C2CCCC2)oc1N1CCCC1,-11.1,AIEMG,5
c1cnc2ccc(Nc3ncnc4ccc(-c5cnn(C6CCNCC6)c5)cc34)cc2c1,-11.076,ChEMBL,6
C=CC(=O)Nc1cccc(-n2c(=O)cc(C)c3cnc(Nc4ccc(N5CCN(C)CC5)cc4)nc32)c1,-11.072,ChEMBL,7
C=CC(=O)Nc1cccc(Nc2nc(Nc3ccc(CC(=O)N4CCOCC4)cc3)ncc2Cl)c1,-11.007,ChEMBL,8
N=c1oc2ccccc2cc1C(=O)N/N=C1\C(=O)Nc2ccc(S(=O)(=O)N3CCOCC3)cc21,-11.003,ChEMBL,9
[C@@]1(CCc2cccc3ccccc23)[C@@H](C(=O)NCCc2c[nH]c3ccccc23)c2ccccc21,-11.0,AIEMG,10
[C@@](C(=O)c1ccc(C(=O)N2CCN(Cc3ccc(Cl)c4ccccc43)CC2)cc1OCc1ccccc1)c1ccccc1,-11.0,AIEMG,11
C=CC(=O)N1CCC[C@@H](n2nc(-c3ccc(F)c4ccccc34)c3c(N)ncnc32)C1,-10.986,ChEMBL,12
Cc1ccc(N2NC(=O)/C(=C\c3ccc(-c4cc([N+](=O)[O-])ccc4O)o3)C2=O)cc1C,-10.947,ChEMBL,13
CNC1CC2OC(C)(C1OC)n1c3ccccc3c3c4c(c5c6ccccc6n2c5c31)C(=O)NC4,-10.925,ChEMBL,14
O=C1Nc2ccccc2N/C1=C\C(=O)c1cccc2ccccc12,-10.917,ChEMBL,15
[NH2+][C@]1(CNS(=O)(=O)c2cccc(F)c2)Cc2ccccc2C(=O)N1C(c1ccccc1)c1ccccc1,-10.9,AIEMG,16
C=CC(=O)Nc1cccc(Nc2nc(Nc3ccc(Oc4ccnc(C(=O)NC)c4)cc3)ncc2F)c1,-10.9,ChEMBL,17
Cc1cc2cc(n1)-c1cnn(C)c1OCCCCCN1/C(=N/C2=O)Nc2ccccc21,-10.825,ChEMBL,18
Cc1cc(/C=C2\C(=O)Nc3ncnc(Nc4ccc(F)c(Cl)c4)c32)[nH]c1C(=O)N1CCN(C)CC1,-10.8,ChEMBL,19
[C@@]1(C(=O)Nc2cccc(C(F)(F)F)c2)CCC2=C(C1)NN2CC(=O)NC(c1ccccc1)c1ccccc1,-10.8,AIEMG,20
Nc1ncnc2c1c(-c1ccc(F)c(O)c1)nn2Cc1ocnc1-c1ccccc1,-10.8,ChEMBL,21
[C@]1(c2ccccc2)[C@H](C(=O)NCCC2=c3ccccc3=[NH+]C2)N1C(=O)c1ccc(F)cc1,-10.8,AIEMG,22
C=CC(=O)Nc1cccc(-n2c(=O)c(-c3ccccc3)nc3cnc(Nc4ccc(OC)cc4)nc32)c1,-10.734,ChEMBL,23
Cc1cc(C(=O)N2CCOCC2)[nH]c1/C=C1\C(=O)Nc2ncnc(Nc3ccc(F)c(Cl)c3)c21,-10.7,ChEMBL,24
Cc1cc(C(=O)N2CCN(C)CC2)[nH]c1/C=C1\C(=O)Nc2ncnc(Nc3ccc(F)c(Cl)c3)c21,-10.7,ChEMBL,25
O=C1CNCCN(Cc2ccn3ncnc(Nc4ccc5c(cnn5Cc5cccc(F)c5)c4)c23)C1,-10.7,ChEMBL,26
C=CC(=O)Nc1cccc(Oc2nc(Nc3n[nH]c4ccccc34)cc(N3CCN(C(C)=O)CC3)n2)c1,-10.685,ChEMBL,27
C=CC(=O)N1CCC2(CC1)CNC(=O)c1cc(-c3ccnc(Nc4ccccc4OC(C)C)n3)[nH]c12,-10.616,ChEMBL,28
Cc1cc(=O)n(-c2ccc(F)cc2)nc1C(=O)Nc1ccc(Oc2ccnc3[nH]ccc23)c(F)c1,-10.606,ChEMBL,29
NCCn1cc(-c2cc(-c3cc4ccccc4s3)c3[nH]ncc3c2)c2nc(N)ncc21,-10.6,ChEMBL,30
O[C@@H]1CNCCN(Cc2ccn3ncnc(Nc4ccc5c(cnn5Cc5cccc(F)c5)c4)c23)C1,-10.6,ChEMBL,31
Cc1ccc(NC(=O)c2ccc(CN3CCN(C)CC3)cc2)cc1Nc1nccc(-c2cccnc2)n1,-10.6,ChEMBL,32
O=C1NC(=O)c2c1c1c3cccc(O)c3[nH]c1c1[nH]c3c(O)cccc3c21,-10.6,ChEMBL,33
C=CC(=O)N1CCC(n2c(NC(=O)c3cccc(C(F)(F)F)c3)nc3cc(C)ccc32)CC1,-10.595,ChEMBL,34
C=CC(=O)Nc1cccc(N2C(=O)N(C)Cc3cnc(Nc4ccc(N5CCN(C)CC5)cc4)nc32)c1,-10.577,ChEMBL,35
C=CC(=O)N1CCC2(CC1)CNC(=O)c1cc(-c3ccnc(Nc4ccccc4OC)n3)[nH]c12,-10.513,ChEMBL,36
[C@H](C)c1c(C(=O)N2CCC[C@H](C(=O)NCCc3ccccc3)C2)cccc1NC(=O)c1ccc(F)cc1,-10.5,AIEMG,37
Fc1cccc(Cn2ncc3cc(Nc4ncnn5ccc(CN6CCCNCC6)c45)ccc32)c1,-10.5,ChEMBL,38
NC(=O)C1CCN(Cc2ccn3ncnc(Nc4ccc5c(cnn5Cc5cccc(F)c5)c4)c23)CC1,-10.5,ChEMBL,39
[C@@]1(Cc2cnc(-c3cccnc3)nc2CN2CCO[C@H]3CCC[C@@H]32)Cc2ccccc21,-10.5,AIEMG,40
Clc1ccc2ccccc2c1C[NH+]1CCC(c2cnn(-c3ccccc3F)n2)CC1,-10.5,AIEMG,41
[C@]1(C)[C@H](CCNC(=O)S[C@@H](c2cc3ccccc3cc2)NC(=O)Cn2ccc(=O)[nH]c2=O)c2ccccc21,-10.5,AIEMG,42
[C@@](C#Cc1nc2ccccc2c(=O)n1[C@@H]1CCCCC1=O)c1ccc(C(F)(F)F)cc1,-10.5,AIEMG,43
C=CC(=O)Nc1cccc(Oc2nc(Nc3ccc(CC(=O)N4CCOCC4)cc3)ncc2Cl)c1,-10.488,ChEMBL,44
C=CC(=O)N1CCC[C@@H](n2nc(-c3cccc4ccccc34)c3c(N)ncnc32)C1,-10.479,ChEMBL,45
OCCc1nc(-c2ccc(F)cc2)c(-c2ccnc3[nH]c(-c4ccccc4)cc23)[nH]1,-10.463,ChEMBL,46
CN1C(=O)[C@@H](N2CCc3c(nn(Cc4ccccc4)c3Br)C2=O)COc2ccccc21,-10.456,ChEMBL,47
CC(=O)Nc1ccc(S(=O)(=O)Nc2nc3ccccc3nc2Nc2ccc(C(=O)O)cc2)cc1,-10.444,ChEMBL,48
Cc1cccc(Nc2ncnc3cc4c(cc23)N(CCCN2CCCCC2)C(=O)CO4)c1,-10.437,ChEMBL,49
CC(C)(O)c1nnc2ccc(-c3c(-c4ccc(F)cc4F)nc4n3CCC4)nn12,-10.417,ChEMBL,50
Cc1ccc(/C=N/NC(=O)N2CCc3ncnc(Nc4cccc(C(F)(F)F)c4)c3C2)cc1,-10.416,ChEMBL,51
C=CC(=O)Nc1cccc(C2CCNc3c(C(N)=O)c(-c4ccc(Oc5ccccc5)cc4)nn32)c1,-10.402,ChEMBL,52
Cn1c(=O)c(-c2c(Cl)cccc2Cl)cc2cnc(Nc3cccc(C(=O)O)c3)nc21,-10.4,ChEMBL,53
CN1CCC(c2c(O)cc(O)c3c(=O)cc(-c4ccccc4Cl)oc23)[C@@H](O)C1,-10.4,ChEMBL,54
CC1CNCCN(Cc2ccn3ncnc(Nc4ccc5c(cnn5Cc5cccc(F)c5)c4)c23)C1,-10.4,ChEMBL,55
Cc1cc(C)c(/C=C2\C(=O)Nc3ncnc(Nc4ccc(F)c(Cl)c4)c32)[nH]1,-10.4,ChEMBL,56
C#Cc1cccc(Nc2ncnc3c2/C(=C/c2[nH]c(C(=O)NCCN4CCOCC4)cc2C)C(=O)N3)c1,-10.4,ChEMBL,57
[NH+](CCN1CCN(c2ccccc2C(=O)Nc2ccccc2)CC1)N1CCN(c2ccccc2F)CC1,-10.4,AIEMG,58
O=C(Cc1c[nH]c2cc3ncnc(Nc4cccc(Br)c4)c3cc12)N1CCOCC1,-10.4,ChEMBL,59
[C@@]1(CNc2nc3ccccc3c(=O)[nH]2)CCCC1=C([O-])C(=O)Nc1ccccc1,-10.4,AIEMG,60
Cc1cc(C(=O)N2CCOCC2)[nH]c1/C=C1\C(=O)Nc2ncnc(Nc3ccc4c(c3)CCC4)c21,-10.4,ChEMBL,61
C=CC(=O)N1CCCC(n2c(NC(=O)c3cccc(C(F)(F)F)c3)nc3cc(C)ccc32)C1,-10.392,ChEMBL,62
NC(=O)Nc1ccc(C(=O)Nc2ccc3ncnc(Nc4ccc(F)c(Cl)c4)c3c2)cc1,-10.37,ChEMBL,63
Cc1ccc(O)cc1-n1c(=O)c2c(c3c(N)ncnc31)CCCC2,-10.368,ChEMBL,64
O=C(Nc1cnc2[nH]cc(-c3ccccc3)c2c1)c1c(F)cccc1F,-10.368,ChEMBL,65
Cc1ccc(N2NC(=O)/C(=C/c3ccc(OCc4ccccc4)cc3)C2=O)cc1Cl,-10.358,ChEMBL,66
C=CC(=O)Nc1cccc(Nc2nc(Nc3ccc(Cn4ccnc4)cc3)ncc2F)c1,-10.35,ChEMBL,67
C=CC(=O)N1CCC[C@@H](n2nc(-c3cn(C)c4ccccc34)c3c(N)ncnc32)C1,-10.35,ChEMBL,68
CN1C/C=C/CCOc2cccc(c2)-c2ccnc(n2)Nc2cccc(c2)C1,-10.349,ChEMBL,69
C=CC(=O)N1CC[C@H](N2C(=O)N(c3ccccc3)Cc3cnc(Nc4ccccc4)nc32)C1,-10.345,ChEMBL,70
C=CC(=O)Nc1cccc(-n2c(=O)cnc3cnc(Nc4ccc(N5CCN(C)CC5)cc4)nc32)c1,-10.342,ChEMBL,71
O=C(N/N=C1\CC2(CCCC2)Oc2ccccc21)Nc1ccc(Cl)cc1,-10.336,ChEMBL,72
C=CC(=O)Nc1cccc(Oc2nc(Nc3ccc(N4CCN(C)CC4)c(F)c3)nc3[nH]ccc23)c1,-10.334,ChEMBL,73
COc1ccc(N2Cc3cnc(Nc4ccccc4)nc3N([C@@H]3CC[C@@H](O)C3)C2=O)cc1,-10.326,ChEMBL,74
C=CC(=O)N1CCC2(CC1)CNC(=O)c1cc(-c3nc(Nc4ccccc4OC)ncc3Cl)[nH]c12,-10.325,ChEMBL,75
Cc1cccc(N2NC(=O)/C(=C/c3ccc(-c4ccccc4F)o3)C2=O)c1,-10.324,ChEMBL,76
COc1cc(N2CCN(C)CC2)ccc1Nc1ncc2c(n1)N(c1cccc(N)c1)C(=O)N(C)C2,-10.32,ChEMBL,77
O=c1c2c(-c3ccccc3)c3c(nc2nc2[nH]nc(S)n12)-c1ccccc1CC3,-10.317,ChEMBL,78
O=C1N=C(NN2Cc3ccccc3N=C2c2ccccc2)S/C1=C/c1ccccc1,-10.309,ChEMBL,79
C=C=CC(=O)Nc1cc(Nc2nccc(-c3cn(C)c4ccccc34)n2)c(OC)cc1N1CCOCC1,-10.304,ChEMBL,80
N#Cc1cccc2c1N[C@@H](c1ccccc1)[C@@H]2C(=O)NC1CCC(c2ccccc2)CC1,-10.3,AIEMG,81
[C@@](C#Cc1ccc(C(=O)Nc2ccccc2C(F)(F)F)cc1)C(=O)Nc1cnccn1,-10.3,AIEMG,82
O=C(/C=C/c1ccccc1)N1CCc2c(sc3ncnc(N[C@H](CO)c4ccccc4)c23)C1,-10.3,ChEMBL,83
[N+]1=C[C@@H](c2ccc(O)cc2F)[C@H](N2C(=O)/C(=C/c3ccc(-c4ccccc4[N+](=O)[O-])cc3)CC2=O)O1,-10.3,AIEMG,84
O[C@H]1CNCCN(Cc2ccn3ncnc(Nc4ccc5c(cnn5Cc5cccc(F)c5)c4)c23)C1,-10.3,ChEMBL,85
Cn1c(=O)c(-c2c(Cl)cccc2Cl)cc2cnc(Nc3cccc(O)c3)nc21,-10.3,ChEMBL,86
Nc1ncnc2c1c(-c1ccc(F)c(O)c1)nn2C1CCCCCC1,-10.3,ChEMBL,87
Cn1c(=O)c(-c2c(Cl)cccc2Cl)cc2cnc(Nc3cccc(CO)c3)nc21,-10.3,ChEMBL,88
[N+]=Cc1cccc(/C=C2\C(=O)N(Cc3ccccc3)N=C2Cc2ccc3c(c2)CC(=O)N3)c1,-10.3,AIEMG,89
CC1(N)CCN(Cc2ccn3ncnc(Nc4ccc5c(cnn5Cc5cccc(F)c5)c4)c23)CC1,-10.3,ChEMBL,90
C#Cc1cccc(Nc2ncnc3cc4c(cc23)N(C(=O)/C=C/CN2CCCCC2)CCO4)c1,-10.298,ChEMBL,91
CC1(C)OCc2c(Nc3n[nH]c4cccc(F)c34)nc(-c3cn[nH]c3)nc21,-10.295,ChEMBL,92
CN1CCN(c2ccc(Nc3nc(Oc4ccc5ccc(=O)[nH]c5c4)c4sccc4n3)cc2)CC1,-10.292,ChEMBL,93
O=C(/C=C/CN1CCCC1)N1CCCOc2cc3ncnc(Nc4ccc(F)c(Cl)c4)c3cc21,-10.287,ChEMBL,94
C=CC(=O)Nc1cccc(Oc2nc(Nc3n[nH]c4ccccc34)cc(N3CCN(C)CC3)n2)c1,-10.279,ChEMBL,95
C=CC(=O)Nc1cccc(Nc2nc(Nc3ccc(CN4CCOCC4)cc3)ncc2F)c1,-10.278,ChEMBL,96
C=CC(=O)N(C)c1ccccc1C1CCNc2c(C(N)=O)c(-c3ccc(Oc4ccccc4)cc3)nn21,-10.273,ChEMBL,97
C=CC(=O)N1CCCC(n2nc(-c3ccc4ccccc4c3)c3c(N)ncnc32)C1,-10.27,ChEMBL,98
O=C1COc2cc3ncnc(Nc4cccc(F)c4)c3cc2N1CCCN1CCCCC1,-10.27,ChEMBL,99
O=C1N=C(NN2Cc3ccccc3N=C2c2ccccc2)S/C1=C/c1ccc(O)cc1O,-10.27,ChEMBL,100
CNC(=O)COc1cccc(Nc2ncc(F)c(Nc3ccc4c(c3)NC(=O)C(F)(F)O4)n2)c1,-10.268,ChEMBL,101
COc1ccc(N2Cc3cnc(Nc4ccccc4)nc3N([C@H]3CC[C@H](O)C3)C2=O)cc1,-10.256,ChEMBL,102
Cc1cc(=O)n(-c2ccc(F)cc2)nc1C(=O)Nc1ccc(Oc2ncnc3ccsc23)c(F)c1,-10.255,ChEMBL,103
C=CC(=O)Nc1cccc(Nc2nc(Nc3ccc(CN4CCOCC4)cc3)ncc2Cl)c1,-10.249,ChEMBL,104
O=C(Nc1nccs1)C(c1ncn2c1CCC2)N1Cc2ccc(C#Cc3ccccc3)cc2C1=O,-10.238,ChEMBL,105
C=CC(=O)N1CCC[C@@H](n2nc(-c3cnc4[nH]ccc4c3)c3c(N)ncnc32)C1,-10.221,ChEMBL,106
CC1(C)OCc2c(Nc3n[nH]c4c(Cl)cccc34)nc(-c3cn[nH]c3C(F)F)nc21,-10.22,ChEMBL,107
Cn1ncc2c1OCCCCCN1/C(=N/C(=O)c3cc(F)nc-2c3)Nc2ccccc21,-10.219,ChEMBL,108
C=CC(=O)Nc1cccc(Nc2nc(Nc3ccc(CN4CCOCC4)cc3OC)ncc2Cl)c1,-10.216,ChEMBL,109
CN1CCN(c2nc(C3=C(c4c[nH]c5ccccc45)C(=O)NC3=O)c3ccccc3n2)CC1,-10.214,ChEMBL,110
C=CC(=O)N1CCC2(CC1)CNC(=O)c1cc(-c3ccnc(-c4ccc5c(c4)OCO5)n3)[nH]c12,-10.213,ChEMBL,111
C=CC(=O)N1CC[C@H](Oc2ccc3ncnc(Nc4ccc(F)c(Cl)c4F)c3c2)C1,-10.212,ChEMBL,112
CC1(C)OCc2c(Nc3n[nH]c4c(F)cc(F)cc34)nc(-c3cn[nH]c3)nc21,-10.208,ChEMBL,113
c1ccc(-c2cccc(Nc3ncnc4cc5c(cc34)OCO5)c2)cc1,-10.208,ChEMBL,114
C=CC(=O)Nc1cccc(Nc2nc(Nc3ccc(Cn4ccnc4)cc3)ncc2Cl)c1,-10.206,ChEMBL,115
Cc1ccc(N(C)C(=O)c2ccccc2)cc1Nc1nccc(-c2cccnc2)n1,-10.2,ChEMBL,116
O=C1CN(Cc2ccn3ncnc(Nc4ccc5c(cnn5Cc5cccc(F)c5)c4)c23)CCN1,-10.2,ChEMBL,117
[C@](O)(c1nc2ccccc2n1CC(=O)NCc1nc(C2CCCC2)n[nH]1)[C@@H]1COc2ccccc2O1,-10.2,AIEMG,118
[N+]1=C[C@@H](Nc2nc(N[C@@H]3CCN(c4ncccn4)N=C3C(=O)c3cccs3)ccc2O)c2ccccc21,-10.2,AIEMG,119
NC1CCN(Cc2ccn3ncnc(Nc4ccc(OCc5cccc(F)c5)c(Cl)c4)c23)CC1,-10.2,ChEMBL,120
N=C(N)SCCCn1c(=O)c2c(c1=O)n1c3ccccc3cc1c1cccc3ccn2c31,-10.2,ChEMBL,121
[C@]1(C(=O)c2ccccc2)c2ccccc2C(=O)N1c1ccc(F)cc1,-10.2,AIEMG,122
CN(C)C(=O)CN1CCC(n2cc(-c3cccc(O)c3)c3c(N)ncnc32)CC1,-10.2,ChEMBL,123
FC(F)(F)c1ccc(-c2n[nH]c(=O)c3cc(NCc4ccccc4)nn23)cc1,-10.2,AIEMG,124
O=C1CCN(Cc2ccn3ncnc(Nc4ccc5c(cnn5Cc5cccc(F)c5)c4)c23)CCN1,-10.2,ChEMBL,125
[C@](Cc1ccccc1)[C@H]1Oc2ccccc2NN1C(=O)Cn1nc2ccccc2n1,-10.2,AIEMG,126
[N+]n1cc(-c2ccccc2)nc1C[NH+]1CCC[C@H](c2ncc(-c3cc(F)ccc3)OC2)C1,-10.2,AIEMG,127
[C@H](c1cc(C(F)(F)F)ccc1OC(=O)[C@@H]1CC[C@H](c2ccccc2)[NH2+]1)c1ccccc1,-10.2,AIEMG,128
[N+]=C1C([O-])=C(C(=O)c2ccccc2Cl)[C@H]1C(=O)N1CCN(c2ccc3ccccc3c2)CC1,-10.2,AIEMG,129
[N+]1=CCCC[C@@H]1C(=O)NC[C@H](c1ccccc1)N1CCN(C(=O)c2ccc3c(c2)OCCO3)CC1,-10.2,AIEMG,130
CN1CCN(Cc2ccc(Nc3nc(Oc4ccc5ccc(=O)[nH]c5c4)c4sccc4n3)cc2)CC1,-10.19,ChEMBL,131
CCC(=O)Nc1cccc(Oc2nc(Nc3n[nH]c4ccccc34)cc(N3CCN(C)CC3)n2)c1,-10.182,ChEMBL,132
C=CC(=O)Nc1cccc(-c2nc(Nc3n[nH]c4ccccc34)cc(N3CCN(C)CC3)n2)c1,-10.169,ChEMBL,133
C=CC(=O)N1CCC[C@@H](n2nc(-c3ccc4ccccc4c3)c3c(N)ncnc32)C1,-10.169,ChEMBL,134
COc1ccc(/C=N/c2nnc3c4ccccc4nc(Nc4ccc(C)cc4N)n23)cc1O,-10.159,ChEMBL,135
Cc1ccc(Nc2ncnc3cc4c(cc23)N(CCCN2CCOCC2)C(=O)CO4)cc1Cl,-10.159,ChEMBL,136
CC#CC(=O)Nc1cccc(-c2nccc(-c3cc4c([nH]3)C3(CCNCC3)CNC4=O)n2)c1,-10.158,ChEMBL,137
C=CC(=O)Nc1cc2c(Nc3ccc(F)c(F)c3F)ncnc2cc1OCC1CCN(C(C)=O)CC1,-10.156,ChEMBL,138
NC(=O)c1cccc(-c2cnc3[nH]cc(-c4ccccc4)c3c2)c1,-10.155,ChEMBL,139
CN(C)C/C=C/C(=O)N1CCC[C@H]1Cn1nc(-c2ccc(Oc3ccccc3)cc2)c2c(N)ncnc21,-10.153,ChEMBL,140
C=C=CC(=O)Nc1cc(Nc2nccc(-c3cn(C)c4ccccc34)n2)c(OC)cc1O[C@H]1CCOC1,-10.149,ChEMBL,141
O=C(Nc1nccs1)C(c1cc(F)ccc1O)N1Cc2ccccc2C1=O,-10.148,ChEMBL,142
C=CC(=O)Nc1cc(Nc2nccc(-c3cn(C)c4ccccc34)n2)c(OC)cc1N1CCN(C)CC1,-10.145,ChEMBL,143
C#CC(=O)N1CCC(c2cnn3c(C(N)=O)c(-c4ccc(Oc5ccc(F)cc5)cc4)[nH]c23)C1,-10.145,ChEMBL,144
COc1ccc(/C=C2/SC(NN3Cc4ccccc4N=C3c3ccccc3)=NC2=O)cc1,-10.144,ChEMBL,145
CC(C)=CC[C@@H](OC(=O)/C=C\C(=O)c1ccc(C)cc1F)C1=CC(=O)c2c(O)ccc(O)c2C1=O,-10.141,ChEMBL,146
CC(C)c1nnc2ccc(-c3c(-c4ccc(F)cc4F)nc4n3CCC4)nn12,-10.137,ChEMBL,147
C[C@@H](Nc1ncnc2[nH]c(-c3ccc(CNCC(=O)NO)cc3)cc12)c1ccccc1,-10.135,ChEMBL,148
Nc1nc(Nc2ccc(COc3cccc(F)c3)cc2)c2c(n1)[nH]c1ccc(O)cc12,-10.134,ChEMBL,149
COc1cc(N2CCN(C(C)=O)CC2)ccc1Nc1ncc(Cl)c(-c2c[nH]c3ccccc23)n1,-10.12,ChEMBL,150
O=C(Nc1nc2ccccc2n1[C@H]1CC[C@H](O)CC1)c1cccc(C(F)(F)F)c1,-10.113,ChEMBL,151
O=C(Nc1cnc2[nH]cc(-c3ccccc3)c2c1)c1cccc(F)c1F,-10.106,ChEMBL,152
CC(C)=CC[C@@H](OC(=O)/C=C\C(=O)c1ccc(C)c(C)c1)C1=CC(=O)c2c(O)ccc(O)c2C1=O,-10.104,ChEMBL,153
Cc1ccc(Nc2ncnc3cc4c(cc23)N(CCCN2CCOCC2)C(=O)CO4)cc1,-10.103,ChEMBL,154
C=CC(=O)N1CCC([C@@H]2CCNc3c(C(N)=O)c(-c4ccc(Oc5ccccc5)cc4)nn32)CC1,-10.101,ChEMBL,155
Cn1nc(Nc2nc(-c3cn[nH]c3)nc3c2COC3(C)C)c2cccc(F)c21,-10.101,ChEMBL,156
COc1cc2ncnc(Nc3cccc(Cl)c3F)c2cc1CN(C)C1(C(N)=O)CCN(C)CC1,-10.1,ChEMBL,157
Nc1ncnc2c1c(-c1cnc3ccccc3c1)nn2C1CCCC1,-10.1,ChEMBL,158
COC(=O)c1c(OC)c2ccccc2c2oc3c(c12)C(=O)c1ccccc1C3=O,-10.1,ChEMBL,159
C[C@@H](c1ccccc1)n1ncc2cc(Nc3ncnn4ccc(COC[C@@H]5CNCCO5)c34)ccc21,-10.1,ChEMBL,160
Cc1cc(C)c(C)c(-c2cc3cnc(N)nc3nc2NC(=O)NC(C)(C)C)c1C,-10.1,ChEMBL,161
O=C(Oc1ccc2ccccc2c1)c1cc(NCc2cc(O)ccc2O)ccc1O,-10.1,ChEMBL,162
CC(C)n1nc(-c2ccc3c(N)n[nH]c3c2)c2c(N)ncnc21,-10.1,ChEMBL,163
[C@H]Oc1ccc(-n2cccn2)c(NC(=O)C(=O)N2N=C(C(=O)c3ccccc3)[C@H]2c2ccccn2)c1,-10.1,AIEMG,164
O=C(Oc1cccc2ccccc12)c1cc(NCc2cc(O)ccc2O)ccc1O,-10.1,ChEMBL,165
Clc1cccc(-c2noc(CSc3nnnn3-c3ccccc3F)c2N2CCN(C(=O)C3CCCC3)CC2)c1,-10.1,AIEMG,166
C[C@@H](Oc1cccc2ncnc(Nc3ccc4c(cnn4Cc4ccccn4)c3)c12)C(=O)N(C)C,-10.1,ChEMBL,167
Cc1ccc(Nc2cc3c(cc2Nc2ccc(C)cc2)C(=O)NC3=O)cc1,-10.1,ChEMBL,168
COc1ccc(C#CC(C)(C)N)cc1-c1[nH]nc2nc(Nc3ccc(F)cc3F)ncc12,-10.1,ChEMBL,169
CC1CCC(n2nc(-c3ccc(F)c(O)c3)c3c(N)ncnc32)C1,-10.1,ChEMBL,170
Fc1cccc(Cn2ncc3cc(Nc4ncnn5ccc(CN6CCCC6)c45)ccc32)c1,-10.1,ChEMBL,171
Cc1cc(C(=O)O)[nH]c1/C=C1\C(=O)Nc2ncnc(Nc3ccc(F)c(Cl)c3)c21,-10.1,ChEMBL,172
[C@@][C@@H](Cc1ccc(Cl)cc1)n1cnc2c1c(=O)n(-c1ccccn1)n2CCc1ccccc1,-10.1,AIEMG,173
[C@H]1c2cccc(OCC(=O)Nc3ccccc3)c2C(=O)N1[C@H]1CCN(c2ccc(Cl)cc2)N1,-10.1,AIEMG,174
[N+]1=CCCC[C@@H]1c1[nH]c2ccccc2c1C[NH+]1CC(C2=CCCCC2)C1,-10.1,AIEMG,175
Clc1ccc(S(=O)(=O)N2CC[NH+](CCCCc3cccc(-c4ccccc4)c3)CC2)cc1,-10.1,AIEMG,176
n1cc(C(=O)NCc2ccccc2CNC(=O)c2ccc(F)cc2Cl)ccc1N1CCCC1,-10.1,AIEMG,177
[NH+]/C(=C\c1ccc(Cl)cc1)N[C@@H](c1ccc(C)cc1)c1ccccc1O,-10.1,AIEMG,178
[C@](O)(C[NH+](C)c1nc(-c2ccccc2F)nn1-c1ccccc1)c1ccc2c(c1)OCO2,-10.1,AIEMG,179
FC(F)(F)c1ccc(Cl)c(NN=C2C=C(c3cccc(C(F)(F)F)c3)C(=O)N2CCc2ccccc2)c1,-10.1,AIEMG,180
[NH2+]=C1COc2ccc(S(=O)(=O)N3CCN(C(=O)c4ccc(Cl)cc4)CC3)cc2N1,-10.1,AIEMG,181
[C@@](C1CCCCC1)[n+]1c(-c2ccc(F)cc2)sc2nc3ccccc3n12,-10.1,AIEMG,182
NNC(=O)c1ccc(NC(=O)N2CCC[C@H](c3nc4ccccc4s3)C2)cc1,-10.1,AIEMG,183
[C@H]Oc1cccc(-c2cccc(CNC(=O)c3ccc(-c4cnn(C)c4)cc3)c2)c1,-10.1,AIEMG,184
Nc1nc(N)c2nc(-c3cccc(O)c3)c(-c3cccc(O)c3)nc2n1,-10.085,ChEMBL,185
CN(C)C/C=C/C(=O)N1CCC(n2nc(-c3ccc(Oc4ccccc4)cc3)c3c(N)ncnc32)CC1,-10.078,ChEMBL,186
Cn1cc(-c2[nH]c3cc(NC(=O)[C@H](N)C4CCCCC4)cc4c3c2C=NNC4=O)cn1,-10.074,ChEMBL,187
CN1CCN(C/C=C/C(=O)N2CCOc3cc4ncnc(Nc5ccc(F)c(Cl)c5)c4cc32)CC1,-10.071,ChEMBL,188
C=CC(=O)Nc1cccc(-n2c(=O)cnc3cnc(Nc4ccc(N5CCCC5)cc4)nc32)c1,-10.07,ChEMBL,189
C#Cc1cccc(Nc2ncnc3ccc(S(=O)(=O)n4ccc(/C=C/C(=O)NO)c4)cc23)c1,-10.069,ChEMBL,190
CN1CCN(c2ccc(NC(=O)c3c(NCCc4cccc(Cl)c4)cc[nH]c3=O)cc2)CC1,-10.068,ChEMBL,191
COc1ccccc1Nc1cc[nH]c(=O)c1C(=O)Nc1ccc(C2CCN(C)CC2)cc1,-10.068,ChEMBL,192
C[C@@H](Nc1ncnc2sc(-c3ccccc3C(N)=O)cc12)c1ccccc1,-10.055,ChEMBL,193
Cc1ccc2nc(Oc3ccc(F)cc3)c(/C=N/NC(=O)Cn3c([N+](=O)[O-])cnc3C)cc2c1,-10.048,ChEMBL,194
Cc1cc(C(=O)Nc2nc3cccc(Cl)c3n2[C@@H]2CCCCN(C(=O)/C=C/CN(C)C)C2)ccn1,-10.04,ChEMBL,195
CCS(=O)(=O)Nc1cc(-c2ccc3ncnc(Nc4ccc(F)c(Cl)c4)c3c2)cnc1OC,-10.036,ChEMBL,196
COc1ccc(-c2c3c4cc(OC)c(O)cc4[nH]c(=O)c3n3ccc4cc(O)c(OC)cc4c23)cc1O,-10.027,ChEMBL,197
Cc1cccc(Nc2ncnc3cc4c(cc23)N(CCCN2CCOCC2)C(=O)CO4)c1,-10.024,ChEMBL,198
C=CC(=O)N1CCC(c2cnn3c(C(N)=O)c(-c4ccc(Oc5ccccc5)cc4)[nH]c23)CC1,-10.015,ChEMBL,199
C#Cc1cccc(Nc2nc3cnc(Nc4ccc(N5CCN(C)CC5)cc4)nc3n2C(C)C)c1,-10.013,ChEMBL,200
C=CC(=O)Nc1cccc(-n2c(=O)cnc3cnc(Nc4ccc(NC(C)=O)cc4)nc32)c1,-10.01,ChEMBL,201
COc1cc(O)c2c(c1)CCN(c1cccc(C(=O)N3CCCCC3)c1)C2=O,-10.007,ChEMBL,202
O=C(Nc1ccc2ncnc(Nc3cccc(Cl)c3)c2c1)C1COc2ccccc2O1,-10.003,ChEMBL,203
CC(C)n1nc(-c2cc(F)c3cn[nH]c3c2)c2c(N)ncnc21,-10.0,ChEMBL,204
NC1CCN(Cc2ccn3ncnc(Nc4ccc5c(cnn5Cc5cccnc5)c4)c23)CC1,-10.0,ChEMBL,205
NC1CCN(Cc2ccn3ncnc(Nc4ccc5c(cnn5Cc5ccncc5)c4)c23)CC1,-10.0,ChEMBL,206
Cc1cncc(COc2ccc(Nc3ncnn4ccc(CN5CCC(N)CC5)c34)cc2Cl)c1,-10.0,ChEMBL,207
O=C1NC(=O)c2cc(Nc3ccc(F)cc3)c(Nc3ccc(F)cc3)cc21,-10.0,ChEMBL,208
O=C(CCn1ncc2cc3c(Nc4cccc(Br)c4)ncnc3cc21)N1CCOCC1,-10.0,ChEMBL,209
Fc1cccc(Cn2ncc3cc(Nc4ncnn5ccc(COC[C@H]6CCCNC6)c45)ccc32)c1,-10.0,ChEMBL,210
[C@](O)(c1ccccc1)[C@@H]1C(=O)NCCN1C(=O)c1ccc(C(C)C)cc1,-10.0,AIEMG,211
Fc1cccc(Cn2ncc3cc(Nc4ncnn5ccc(COC[C@@H]6CNCCO6)c45)ccc32)c1,-10.0,ChEMBL,212
COCC(=O)NC/C=C/c1ccc2ncnc(Nc3ccc(Oc4ccc(C)nc4)c(C)c3)c2c1,-10.0,ChEMBL,213
CN(C)C1CCN(Cc2ccn3ncnc(Nc4ccc5c(cnn5Cc5cccc(F)c5)c4)c23)CC1,-10.0,ChEMBL,214
[C@]1(CC(=O)c2ccccc2)O[C@@H](Cc2ccccc2)Nc2cc(Br)ccc21,-10.0,AIEMG,215
[N+]1=C[C@H](c2cc(OCc3ccccc3)ncc2[O-])CC(=O)N1c1ccc2c(c1)OCO2,-10.0,AIEMG,216
[C@]1(CCc2ccccc2)c2ccccc2N1C(=O)COc1ccccc1[N+](=O)[O-],-10.0,AIEMG,217
Cn1c(=O)c(-c2c(Cl)cccc2Cl)cc2cnc(Nc3ccncc3)nc21,-10.0,ChEMBL,218
Cc1nn(-c2ccccc2)nc1Cn1nc(-c2ccc(F)c(O)c2)c2c(N)ncnc21,-10.0,ChEMBL,219
NC(=O)CN1CCC(n2cc(-c3cccc(O)c3)c3c(N)ncnc32)CC1,-10.0,ChEMBL,220
Clc1cccc(-c2nc(CNc3ccccc3)nc(-c3ccccc3)n2)c1,-10.0,AIEMG,221
O=[N+]([O-])c1cccc(-c2[nH]nc3ncnc(Nc4cccc(Cl)c4)c23)c1,-10.0,ChEMBL,222
CC(=O)N1CCN(Cc2ccn3ncnc(Nc4ccc5c(cnn5Cc5cccc(F)c5)c4)c23)CC1,-10.0,ChEMBL,223
[N+]([O-])Cc1ccccc1C(=O)N1CCC2(CC1)NC(=O)N(c1ccc(Cl)c(Cl)c1)C2,-10.0,AIEMG,224
COc1cc2ncnc(Nc3cccc(Cl)c3F)c2cc1CN1CCN(C)CC1C(N)=O,-10.0,ChEMBL,225
[C@H](CNc1ccc(F)cc1C(N)=O)c1ccccc1O[C@@H]1CCCc2ccccc21,-10.0,AIEMG,226
[P@@]1C[C@H](c2cccc3ccccc23)n2nc(Nc3ccccc3)ncn21,-10.0,AIEMG,227
COc1cc2ncnc(Nc3cccc(Cl)c3F)c2cc1CN1CC[C@H](C(N)=O)C1,-10.0,ChEMBL,228
Fc1cccc(Cn2ncc3cc(Nc4ncnn5ccc(CN6CCNCC6)c45)ccc32)c1,-10.0,ChEMBL,229
CC(C)(CO)c1nnc2ccc(-c3c(-c4ccc(F)cc4F)nc4n3CCC4)nn12,-10.0,ChEMBL,230
O=C(C#CCCN1CCOCC1)Nc1ccc2ncnc(Nc3ccc(F)c(Cl)c3)c2c1,-10.0,ChEMBL,231
O=C(O)C1CCN(Cc2ccn3ncnc(Nc4ccc5c(cnn5Cc5cccc(F)c5)c4)c23)CC1,-10.0,ChEMBL,232
Cc1c(C(=O)N2CCN(C)CC2)c[nH]c1/C=C1\C(=O)Nc2ncnc(Nc3ccc(F)c(Cl)c3)c21,-10.0,ChEMBL,233
c1ccc(-n2ccc(C(=O)N3CCC[C@H](c4nnnn4C4CCCCC4)C3)n2)cc1,-10.0,AIEMG,234
[NH+][C@H](NC(=O)N1CCN(C(=O)Cn2cc([N+](=O)[O-])c3ccccc32)CC1)c1ccc(F)cc1,-10.0,AIEMG,235
C=CC(=O)Nc1cccc(N2C(=O)N(C)Cc3cnc(Nc4ccccc4)nc32)c1,-9.995,ChEMBL,236
C=CC(=O)Nc1cccc(Oc2nc(Nc3ccc(N4CCN(C)CC4)c(N)c3)nc3[nH]ccc23)c1,-9.982,ChEMBL,237
CCCC(=O)Nc1ccc2c(c1)/C(=C1/Nc3ccccc3/C1=N\O)C(=O)N2,-9.98,ChEMBL,238
CN1CCN(c2ccc(Nc3cc4c(N5CCCCC5)nc(Nc5ccccc5)nc4cn3)nc2)CC1,-9.979,ChEMBL,239
C=CC(=O)N[C@@H]1Cn2c(c(-c3ccc(Oc4ccccc4)cc3)c3c(N)ncnc32)C1=C,-9.977,ChEMBL,240
CC1(C)OCc2c(Nc3c[nH]c4ccccc34)nc(-c3cn[nH]c3)nc21,-9.969,ChEMBL,241
C=CC(=O)Nc1ccc2[nH]c3c(C(N)=O)c(-c4ccc(Oc5ccccc5)cc4)nn3c2c1,-9.966,ChEMBL,242
CC(C)c1ccc(Nc2nc(N)nc3c2-c2ccccc2C3)cc1,-9.962,ChEMBL,243
Fc1ccc(Nc2ncnc3ccc(-c4cnn(C5CCNCC5)c4)cc23)cc1Cl,-9.959,ChEMBL,244
C=CC(=O)Nc1cccc(-n2c(=O)cc(C)c3cnc(Nc4ccc(N5CCN(C)CC5)nc4)nc32)c1,-9.957,ChEMBL,245
C=CC(=O)N1CCC2(CC1)CNC(=O)c1cc(-c3ccnc(-c4cccc(OC)c4)n3)[nH]c12,-9.957,ChEMBL,246
C=CC(=O)N1CCC(Oc2nc(Nc3ccc(N4CCN(C)CC4)c(F)c3)ncc2Cl)CC1,-9.957,ChEMBL,247
C[C@@H](Nc1ncnc2[nH]c(-c3ccc(F)cc3)cc12)c1ccccc1,-9.957,ChEMBL,248
S=C(Nc1ccc2c(c1)OCO2)Nc1c2ccccc2nc2ccccc12,-9.952,ChEMBL,249
O=C(Nc1nccs1)C(c1ncn2c1CCC2)N1Cc2c(F)cc(C#Cc3cccnc3)cc2C1=O,-9.95,ChEMBL,250
C=CC(=O)N1CCC2(CC1)CNC(=O)c1cc(-c3ccnc(Nc4ccccc4OC)c3)[nH]c12,-9.948,ChEMBL,251
CN1CCN(c2ccc(Nc3cc4c(N5CCOCC5)nc(Nc5ccccc5)nc4cn3)nc2)CC1,-9.947,ChEMBL,252
O=C(Nc1ccc2ncnc(Nc3cccc(Br)c3)c2c1)C1COc2ccccc2O1,-9.943,ChEMBL,253
Cc1cc(C(=O)Nc2nc3cccc(C)c3n2[C@@H]2CCCCN(C(=O)/C=C/CN(C)C)C2)ccn1,-9.942,ChEMBL,254
Fc1ccc(Nc2ncnc3cc4c(cc23)OCCOCCOCCO4)cc1Cl,-9.939,ChEMBL,255
C=CC(=O)N1CCC2(CC1)CNC(=O)c1cc(-c3nc(Nc4ccccc4OC)ncc3C)[nH]c12,-9.937,ChEMBL,256
O=C1NN=Cc2c[nH]c3cc(NC(=O)C4CC4c4ccccc4)cc1c23,-9.937,ChEMBL,257
Nc1nn2c(=O)cc(-c3ccccc3)[nH]c2c1/N=N/c1ccc2c(c1)OCO2,-9.934,ChEMBL,258
C=CC(=O)Nc1ccc2c(Nc3cc[nH]n3)nc(-c3ccccc3)nc2c1,-9.933,ChEMBL,259
CC(C)Oc1cc(F)ccc1Nc1ncnc2ccc(-c3ccc(C(=O)N4CCNCC4)cc3)nc12,-9.931,ChEMBL,260
C=CC(=O)Nc1cc(Nc2nccc(-c3c[nH]c4ccccc34)n2)c(OC)cc1N1CCN(C)CC1,-9.925,ChEMBL,261
O=C1NN(c2ccc(F)cc2)C(=O)/C1=C\c1cccc(OCc2ccccc2F)c1,-9.923,ChEMBL,262
O=C1COc2cc3ncnc(Nc4cccc(Cl)c4)c3cc2N1CCCN1CCCCC1,-9.922,ChEMBL,263
C=CC(=O)N1CCC([C@@H]2CCNC3C(C(N)=O)C(c4ccc(Oc5ccccc5)cc4)=NN32)CC1,-9.919,ChEMBL,264
C#Cc1cccc(Nc2ncnc3cc4c(cc23)N(C(=O)/C=C/CN2CCCCC2C)CCO4)c1,-9.911,ChEMBL,265
C=CC(=O)Nc1cccc(-n2c(=O)cnc3cnc(Nc4ccc(C(N)=O)cc4)nc32)c1,-9.908,ChEMBL,266
Cc1cc2[nH]c3nc(N)nc(NCc4cccc(Cl)c4)c3c2cc1O,-9.906,ChEMBL,267
C[C@H](Nc1ncnc2cc3oc(=O)n(CCCN4CCOCC4)c3cc12)c1ccccc1,-9.906,ChEMBL,268
Nc1ncnc2c1c(-c1ccc3cn[nH]c3c1)nn2C1CCCC1,-9.9,ChEMBL,269
CC1=C(C(=O)Nc2cccc([N+](=O)[O-])c2)C(c2ccc(O)cc2O)NC(SCc2ccccc2)=N1,-9.9,ChEMBL,270
N#C/C(=C\c1cc(-c2ccccc2)c(O)c(-c2ccccc2)c1)C(N)=O,-9.9,ChEMBL,271
Cn1c(=O)c(-c2c(Cl)cccc2Cl)cc2cnc(Nc3cccnc3)nc21,-9.9,ChEMBL,272
Fc1cccc(Cn2ncc3cc(Nc4ncnn5ccc(CNC6CCNCC6)c45)ccc32)c1,-9.9,ChEMBL,273
CN1CCN(Cc2ccn3ncnc(Nc4ccc5c(cnn5Cc5cccc(F)c5)c4)c23)CC1,-9.9,ChEMBL,274
Cc1ccc(F)c(NC(=O)Nc2ccc(-c3cccc4[nH]nc(N)c34)cc2)c1,-9.9,ChEMBL,275
CC(C)(C)OC(=O)N1CCC(n2cc(-c3cccc(O)c3)c3c(N)ncnc32)C1,-9.9,ChEMBL,276
CNC(=N)SCCCn1c(=O)c2c(c1=O)n1c3ccccc3cc1c1cccc3ccn2c31,-9.9,ChEMBL,277
C[C@H](c1ccccc1)n1ncc2cc(Nc3ncnn4ccc(COC[C@@H]5CNCCO5)c34)ccc21,-9.9,ChEMBL,278
Cl[C@@H](Cc1nc2ccccc2n1[C@@H]1CCCC[C@@H]1C[NH3+])CN1C(=O)N(c2ccccc2)C1=O,-9.9,AIEMG,279
Nc1ncnc2c1c(-c1cc(O)cc(F)c1)nn2C1CCCC1,-9.9,ChEMBL,280
CC(C)n1nc(-c2cccc(C(=O)NC3=NCCS3)c2)c2c(N)ncnc21,-9.9,ChEMBL,281
OC1CCN(Cc2ccn3ncnc(Nc4ccc5c(cnn5Cc5cccc(F)c5)c4)c23)CC1,-9.9,ChEMBL,282
Fc1ccc(-n2cc(Cl)cc(C(=O)/C=C/c3ccc(Cl)cc3)c2=O)cc1,-9.9,AIEMG,283
CC(=O)NC[C@H]1CC[C@H](c2nc(-c3cc4ccccc4[nH]3)c3c(N)nccn32)CC1,-9.9,ChEMBL,284
c1cccc2c1Nc1cc(CNS(C)(=O)=O)cc(-c3ccc4c(c3)OCCO4)c12,-9.9,AIEMG,285
Cn1c(=O)c(-c2c(Cl)cccc2Cl)cc2cnc(Nc3ccc(CC(=O)O)cc3)nc21,-9.9,ChEMBL,286
COc1cc2ncnc(Nc3ccc(F)c(Cl)c3)c2cc1CNC(=O)[C@H]1CCCCN1C,-9.9,ChEMBL,287
[N+]([O-])=C1\C(=N/C(=O)c2cn(C3CCCCC3)nc2-n2c(C)cc(=O)[nH]2)N=C1O,-9.9,AIEMG,288
[C@@][C@](CC(=O)NCc1ccc(Cl)cc1)CN1C(=O)c2ccccc2N1C1CC(C)(C)Oc2ccccc21,-9.9,AIEMG,289
[N+]([O-])Cc1cc(Cn2c(=O)n(-c3cccc(Cl)c3)c(=O)n2C[C@H]2C[C@@H](C(N)=O)N(c3ccccn3)C2)c[nH]1,-9.9,AIEMG,290
[C@H]1CCN(c2ccccc2C(=O)Nc2cnc3snc(-c4ccccc4)c3c2)C1,-9.9,AIEMG,291
[N+]1=C(CC2=cc3ccccc3=[NH+][C@H]2SC(=O)c2ccc(F)cc2)NC[C@]1(O)C(F)(F)F,-9.9,AIEMG,292
[C@@](C#COc1ccc(NC(=O)c2ccc(Cl)c(Cl)c2)cc1[N+](=O)[O-])c1ccc2[nH]ncc2c1,-9.9,AIEMG,293
Fc1ccc(COc2nc3ccccc3c(=O)n2Cc2ccccc2)cc1,-9.9,AIEMG,294
Fc1cc2c(cc1NC(=S)N[C@H]1CCCC[C@H]1C(=O)NC[C@@H]1CCCC[C@@H]1O)N(c1ccccc1)C2=O,-9.9,AIEMG,295
Fc1ccccc1CN1CC[C@@H](c2cccc(OCc3ccccc3C)n2)c2ccccc21,-9.9,AIEMG,296
C#CC(=O)N1CCC(c2cnn3c(C(N)=O)c(-c4ccc(Oc5ccccc5)cc4)[nH]c23)CC1,-9.896,ChEMBL,297
COc1ccccc1Nc1cc[nH]c(=O)c1C(=O)Nc1ccc(N2CCCN(C)CC2)cc1,-9.896,ChEMBL,298
C=CC(=O)Nc1cccc(-n2c(=O)cnc3cnc(Nc4ccc(Cl)cc4)nc32)c1,-9.893,ChEMBL,299
C#Cc1cccc(Nc2ncnc3cc(O[C@H]4CCOC4)c(NC(=O)C=C)cc23)c1,-9.892,ChEMBL,300
CN1CCN(c2ccc(Nc3ncc(Br)c(Nc4ccc5cn[nH]c5c4)n3)cc2)CC1,-9.891,ChEMBL,301
O=C1COc2cc3ncnc(Nc4ccc(F)c(Cl)c4)c3cc2N1CCCN1CCCCC1,-9.89,ChEMBL,302
Fc1ccc(Nc2ncnc3cc(OC4CCOCC4)c4c(c23)OCCO4)cc1Cl,-9.888,ChEMBL,303
O=C(/C=C/CN1CCCC1)N1CCOc2cc3ncnc(Nc4ccc(F)c(Cl)c4)c3cc21,-9.886,ChEMBL,304
C=CC(=O)N1CCC[C@H](n2c(=O)n(-c3ccc(Oc4ccccc4)cc3)c3c(N)ncnc32)C1,-9.88,ChEMBL,305
COc1ccccc1Nc1cc[nH]c(=O)c1C(=O)Nc1ccc(CN2CCN(C)CC2)cc1,-9.876,ChEMBL,306
COc1cc2ncnc(Nc3cccc(Cl)c3F)c2cc1OC(=O)N1CCN(C)[C@H](C)C1,-9.874,ChEMBL,307
Cc1ccc(Nc2ncnc3cc(OC(C)C)c4c(c23)OCCO4)cc1[N+](=O)[O-],-9.874,ChEMBL,308
O=C1CSC(N2N=C(c3ccccc3)CC2c2ccc3ccccc3c2)=N1,-9.872,ChEMBL,309
CCN1CCC(Nc2ccc3c(c2)C(=C(c2ccc(Cl)cc2)c2ncc[nH]2)C(=O)N3)CC1,-9.872,ChEMBL,310
CC(C)=CC[C@@H](OC(=O)/C=C\C(=O)c1ccc(F)cc1)C1=CC(=O)c2c(O)ccc(O)c2C1=O,-9.867,ChEMBL,311
C=CC(=O)NCCCn1c(NC(=O)c2cccc(C(F)(F)F)c2)nc2cc(C)ccc21,-9.867,ChEMBL,312
CCC(=O)Nc1cccc(-c2nc(Nc3cc[nH]n3)c3ccccc3n2)c1,-9.865,ChEMBL,313
C#CC(=O)N1CCC(c2cnn3c(C(N)=O)c(-c4ccc(Oc5ccccc5F)cc4)[nH]c23)CC1,-9.863,ChEMBL,314
C#CC(=O)N1CCC(c2cnn3c(C(N)=O)c(-c4ccc(Oc5ccc(F)cc5F)cc4)[nH]c23)CC1,-9.861,ChEMBL,315
Cc1ccc(CNc2nc(N)nc3[nH]c4cc(C)c(O)cc4c23)cc1,-9.86,ChEMBL,316
Nc1nc(Nc2ccc(F)c(C(F)(F)F)c2)c2cc(CCc3ccccn3)[nH]c2n1,-9.86,ChEMBL,317
O=C(Nc1ccnc(Nc2ccnc(N3CCC(O)CC3)n2)c1)c1c(Cl)cccc1Cl,-9.86,ChEMBL,318
Cn1cc(-c2ccc3ncnc(Nc4ccc5ncccc5c4)c3c2)cn1,-9.859,ChEMBL,319
C[C@@H](Nc1nc(N)nc2[nH]c3ccc(O)cc3c12)c1ccccc1,-9.857,ChEMBL,320
C=CC(=O)N1CCC(Oc2nc(Nc3ccc(N4CCN(C)CC4)cc3OC)nc3[nH]ccc23)CC1,-9.848,ChEMBL,321
O=C(/C=C/CN1CCCCC1)N1CCOc2cc3ncnc(Nc4ccc(F)c(Cl)c4)c3cc21,-9.843,ChEMBL,322
Nc1nc(N)c2c(n1)[nH]c1cccc(Sc3ccc4ccccc4c3)c12,-9.843,ChEMBL,323
Fc1cccc(Nc2ncnc3cc4c(cc23)OCCO4)c1F,-9.841,ChEMBL,324
CN1CCN(c2ccc(NC(=O)c3c(NCCc4ccc(Cl)cc4)cc[nH]c3=O)cc2)CC1,-9.835,ChEMBL,325
Cc1cc(Nc2cc(N3CCN(C)CC3)nc(Oc3cccc(N)c3)n2)n[nH]1,-9.834,ChEMBL,326
C=CC(=O)Nc1cccc(Oc2nc(Nc3ccc(N4CCN(C)CC4)cc3)nc3[nH]ccc23)c1,-9.834,ChEMBL,327
C[C@H](Nc1nc(N)nc2[nH]c3ccc(O)cc3c12)c1ccccc1,-9.829,ChEMBL,328
CC(=O)N1N=C(c2ccc(C)cc2)CC1c1ccc(C(=O)OCCn2c([N+](=O)[O-])cnc2C)cc1,-9.829,ChEMBL,329
C#Cc1cccc(Nc2ncnc3cc4c(cc23)N(C(=O)/C=C/CN2CCC(C)CC2)CCO4)c1,-9.826,ChEMBL,330
CCc1ccc(C(=O)/C=C\C(=O)O[C@H](CC=C(C)C)C2=CC(=O)c3c(O)ccc(O)c3C2=O)cc1,-9.825,ChEMBL,331
C=CC(=O)Nc1cc(Nc2nccc(-c3cnn4ccccc34)n2)c(OC)cc1N1CCN(C)CC1,-9.825,ChEMBL,332
CC(C)(C)c1ccc(Nc2ncnc3cc4oc(=O)n(CCCN5CCOCC5)c4cc23)cc1,-9.823,ChEMBL,333
C=CC(=O)Nc1cccc(-n2c(=O)cc(C)c3cnc(Nc4nc5c(s4)CN(C)CC5)nc32)c1,-9.821,ChEMBL,334
Fc1ccc(Nc2ncnc3cc(OCC4CCCO4)c4c(c23)OCCO4)cc1Cl,-9.819,ChEMBL,335
CC(C)S(=O)(=O)n1c(N)nc2ccc(-c3c(-c4ccc(F)cc4)nc4sccn34)cc21,-9.816,ChEMBL,336
CC1(C)OCc2c(Nc3n[nH]c4c(F)cccc34)nc(-c3cn[nH]c3)nc21,-9.815,ChEMBL,337
Cc1cc2[nH]c3nc(N)nc(NCc4ccc(Cl)cc4)c3c2cc1O,-9.812,ChEMBL,338
COc1cc(O)c2c(=O)n(-c3cccc(C(=O)N4CCCCC4)c3)ccc2c1,-9.811,ChEMBL,339
Nc1nc(Nc2cccc(C(F)(F)F)c2)c2cc(CCc3ccccn3)[nH]c2n1,-9.809,ChEMBL,340
CN1CCN(c2ccc(NC(=O)c3c(NCCc4ccccc4)cc[nH]c3=O)cc2)CC1,-9.807,ChEMBL,341
Cc1cc(Nc2cc(N3CCN(C)CC3)nc(Oc3ccccc3[N+](=O)[O-])n2)n[nH]1,-9.805,ChEMBL,342
COc1cc2ncnc(Nc3cccc(Cl)c3F)c2cc1CN(C)C1(C(N)=O)CN(C)C1,-9.8,ChEMBL,343
NC1CCN(Cc2ccn3ncnc(Nc4ccc(OCc5ccccn5)c(Cl)c4)c23)CC1,-9.8,ChEMBL,344
O=C(Nc1cccc(C(F)(F)F)c1)Nc1ncnc2nn3ccccc3c12,-9.8,ChEMBL,345
NC1CCN(Cc2ccn3ncnc(Nc4ccc(OCc5cccc[n+]5[O-])c(Cl)c4)c23)CC1,-9.8,ChEMBL,346
CN1CC[C@H](c2c(O)cc(O)c3c(=O)cc(-c4ccccc4Cl)oc23)[C@H](O)C1,-9.8,ChEMBL,347
[C@](C#Cc1cccc(Cl)c1)[C@H](CC(=O)Nc1ccccc1C(F)(F)F)NC1(C#N)CCCC1,-9.8,AIEMG,348
Nc1ncnc2c1c(-c1cccc3[nH]ccc13)nn2C1CCCC1,-9.8,ChEMBL,349
COc1cc2ncnc(Nc3cccc(Cl)c3F)c2cc1OC1CCN(CC(N)=O)CC1,-9.8,ChEMBL,350
Cc1ccn2ncnc(Nc3ccc4c(cnn4Cc4cccc(F)c4)c3)c12,-9.8,ChEMBL,351
CN1CCN(/N=C/c2c(N)ncnc2Nc2ccc3c(cnn3Cc3cccc(F)c3)c2)CC1,-9.8,ChEMBL,352
Fc1cccc(Cn2ncc3cc(Nc4ncnn5ccc(COCC6CCNCC6)c45)ccc32)c1,-9.8,ChEMBL,353
Cc1cncc(Cn2ncc3cc(Nc4ncnn5ccc(CN6CCC(N)CC6)c45)ccc32)c1,-9.8,ChEMBL,354
Fc1ccc(-c2ccc([C@H]3CCCN3C(=O)Cc3cccc(Cl)c3Cl)o2)c(Cl)c1,-9.8,AIEMG,355
[P@@](=C/c1ccccc1F)[C@@H]1Cc2ccccc2C(=O)N1c1ccc([N+](=O)[O-])cc1,-9.8,AIEMG,356
[N+]/N=C/c1cccn1C[C@@H]1c2ccccc2C(=O)N1c1ccc(F)cc1,-9.8,AIEMG,357
Cc1cccc(C)c1-c1cc2cnc(N)nc2nc1NC(=O)NC(C)(C)C,-9.8,ChEMBL,358
Cc1[nH]c(/C=C2\C(=O)Nc3ccc(C(=O)NNc4ccccc4)cc32)c(C)c1CCC(=O)O,-9.8,ChEMBL,359
OC1(c2nc(-c3ccc(F)cc3)c(-c3ccnc(NC4CCCCC4)c3)o2)CCNCC1,-9.8,ChEMBL,360
Fc1cccc(Cn2ncc3cc(Nc4ncnn5ccc(COC6CCNCC6)c45)ccc32)c1,-9.8,ChEMBL,361
[C@@]1(CC2CC2)CC(C(=O)c2ccc(Cl)cc2Cl)[C@H]2Cc3ccccc3N=C12,-9.8,AIEMG,362
NC1CCN(Cc2ccn3ncnc(Nc4ccc5c(cnn5Cc5cccc(F)c5)c4)c23)CC1,-9.8,ChEMBL,363
COc1cccc(-c2cn(-c3ccc(CC(=O)NCCO)cc3)c3ncnc(N)c23)c1,-9.8,ChEMBL,364
N#Cc1cnc2ccc(NC(=O)/C=C/CN3CCOCC3)cc2c1Nc1ccc(F)c(Cl)c1,-9.8,ChEMBL,365
COc1cc(OC2CCN(S(C)(=O)=O)CC2)c2c(Nc3ccc(F)c(Cl)c3)ncnc2c1,-9.8,ChEMBL,366
COc1cc(OC2CCNCC2)c2c(Nc3ccc(F)c(Cl)c3)ncnc2c1,-9.8,ChEMBL,367
Nc1ncnc2c1c(-c1cccc(O)c1F)nn2C1CCCC1,-9.8,ChEMBL,368
Nc1ncnc2c1c(-c1ccc(F)c(O)c1)nn2C1CCCC1,-9.8,ChEMBL,369
c1ccc(Cc2nc3cc(Nc4ncnc5nn6ccccc6c45)ccc3[nH]2)cc1,-9.8,ChEMBL,370
COC(=O)c1c(OCCN2CCCC2)c2ccccc2c2oc3c(c12)C(=O)c1ccccc1C3=O,-9.8,ChEMBL,371
Nc1nc(Nc2cccc(Br)c2)c2c(n1)[nH]c1ccccc12,-9.8,ChEMBL,372
C[S+]([O-])c1ccc(-c2nc(-c3ccc(F)cc3)c(-c3ccncc3)[nH]2)cc1,-9.8,ChEMBL,373
CN1CCC(Oc2cccc3ncnc(Nc4ccc(OCc5ccccn5)cc4)c23)CC1,-9.8,ChEMBL,374
CN1CCC=C(C(=O)Nc2ccc3ncnc(Nc4cccc(Br)c4)c3c2)C1,-9.8,ChEMBL,375
CNC(=O)c1nn(C)c2c1C(C)(C)Cc1cnc(Nc3ccc(N4CCN(C)CC4)cc3)nc1-2,-9.8,ChEMBL,376
COC(=O)c1c(OCCCN(C)C)c2ccccc2c2oc3c(c12)C(=O)c1ccccc1C3=O,-9.8,ChEMBL,377
COc1cc2ncnc(Nc3cccc(Cl)c3F)c2cc1CN1CCC[C@H]1CC(N)=O,-9.8,ChEMBL,378
O=C(Nc1cccc([N+](=O)[O-])c1)Nc1ncnc2nn3ccccc3c12,-9.8,ChEMBL,379
[C@](C#Cc1ccccc1)NC(=O)c1cc(-c2ccc(F)cc2)nc2ncncc21,-9.8,AIEMG,380
Nc1ncnc2c1c(-c1ccc3occc(=O)c3c1)nn2C1CCCC1,-9.8,ChEMBL,381
[C@H]2/C(=N\c3ccccc3)c3ccccc3C(=O)N2c1cccnc1,-9.8,AIEMG,382
[C@]O[C@]([C@](=O)c1ccc2c(c1)c1ccccc1O2)C(=O)Nc1ccc(Br)cc1F,-9.8,AIEMG,383
[P@@](=C/c1ccco1)c1ccc(-c2ccccc2COc2ccc(F)cc2)cc1,-9.8,AIEMG,384
[C@]1(c2ccccc2)NN(c2ccccc2)[C@H]1c1ccc(F)c(F)c1,-9.8,AIEMG,385
P=C(\NC1=CC(C(=O)OC2CC2)=C(c2ccccc2F)C1)c1ccccc1,-9.8,AIEMG,386
[C@@](C#CN(C)c1ncnc2c1cc(CC(N)=O)c1ccccc12)c1ccc(S(N)=O)cc1,-9.8,AIEMG,387
[N+]1=NN(C(=O)CN2CCC(c3c[nH]c4cc(F)ccc34)CC2)C(=O)N1c1ccc(F)cc1,-9.8,AIEMG,388
[C@@](O)(C(=O)NCc1ccn(-c2ccccc2)n1)c1ccc(C(=O)NCc2ccccc2)cc1,-9.8,AIEMG,389
[C@@]1(c2ccccc2)c2ccccc2C(=O)N1Cc1ccc2nc[nH]c2c1,-9.8,AIEMG,390
[C@@]Oc1ccc(NS(=O)(=O)c2ccc(C(=O)c3ccccc3)cc2)cc1S(=O)(=O)NC(N)=O,-9.8,AIEMG,391
[C@]1(c2ccco2)NCCN(Cc2nc(-c3ccc(F)cc3)sc2-c2ccccc2)C1,-9.8,AIEMG,392
[C@@](C#Cc1ccccc1Cl)NC(=O)c1cc(-c2ccc(Cl)s2)nn1Cc1ccccc1,-9.8,AIEMG,393
[C@@]1(C#N)CCC[C@@H]1C1CCN(C(=O)c2ccccc2NC(=O)CCn2c(=O)oc3ccccc32)CC1,-9.8,AIEMG,394
O=C(/C=C/CN1CCOCC1)N1CCOc2cc3ncnc(Nc4ccc(F)c(Cl)c4)c3cc21,-9.798,ChEMBL,395
CN1CCN(c2ccc(Nc3cc4c(N5CCCC5)nc(Nc5ccccc5)nc4cn3)nc2)CC1,-9.796,ChEMBL,396
COc1ccccc1CNc1nc(N)nc2[nH]c3cc(C)c(O)cc3c12,-9.792,ChEMBL,397
COc1cc2ncnc(Nc3cccc(Cl)c3F)c2cc1OC(=O)N1CCN(C)C[C@@H]1C,-9.79,ChEMBL,398
CN1CCN(c2ccc(NC(=O)c3c(NC[C@@H](O)c4cccc(Cl)c4)cc[nH]c3=O)cc2)CC1,-9.79,ChEMBL,399
C[C@@H](Nc1ncnc2[nH]c(-c3ccc(S(C)(=O)=O)cc3)cc12)c1ccccc1,-9.781,ChEMBL,400
C=CC(=O)NCCCn1c(-c2nc(-c3cnn(C4CCN(C)CC4)c3)cnc2N)nc2ccccc21,-9.781,ChEMBL,401
O=C(/C=C/CN1CC2CCC1C(=O)C2)Nc1cc2c(Nc3ccc(F)c(Cl)c3)ncnc2s1,-9.777,ChEMBL,402
Cc1cc2cc(n1)-c1cnn(C)c1OCCC[C@@H](C)CN1/C(=N/C2=O)Nc2ccccc21,-9.775,ChEMBL,403
O=C(Nn1c(-c2ccccc2)nc2ccccc2c1=O)c1ccc(Br)cc1,-9.775,ChEMBL,404
CCC(=O)Nc1cc2c(Nc3ccc4c(c3)CCN4Cc3ccccn3)ncnc2cc1OC,-9.772,ChEMBL,405
C=CC(=O)N[C@H]1CC[C@@H](n2nc(-c3ccc(Oc4ccccc4)cc3)c3c(N)ncnc32)CC1,-9.772,ChEMBL,406
C=CC(=O)Nc1cccc(Nc2nc(N/N=C/c3ccc(F)cc3F)ncc2Cl)c1,-9.766,ChEMBL,407
COC1CCN(c2nccc(Nc3cc4c(cn3)cc(-c3cn[nH]c3)n4C(C)C)n2)CC1,-9.764,ChEMBL,408
C=CC(=O)Nc1ccc(-n2c(=O)cnc3cnc(Nc4ccc(N5CCOCC5)cc4)nc32)cc1,-9.76,ChEMBL,409
C[C@@H](Nc1ncnc2[nH]c(-c3ccc(C#N)cc3)cc12)c1ccc(F)cc1,-9.76,ChEMBL,410
Clc1cccc(Nc2ncnc3cc4c(cc23)OCCOCCOCCO4)c1,-9.76,ChEMBL,411
CS(=O)(=O)c1nccc(-c2c(-c3cccc(OCc4ccccc4)c3)nc3sccn23)n1,-9.758,ChEMBL,412
C=CC(=O)Nc1ccc(-n2c(=O)cnc3cnc(Nc4ccc(N5CCN(C)CC5)cc4)nc32)cc1,-9.757,ChEMBL,413
CN(CCO)c1cc2c(Nc3ccc4c(cnn4Cc4ccccc4)c3)ncnc2cn1,-9.755,ChEMBL,414
CN1CCN(c2ccc(NC(=O)c3c(NCc4ccccc4)cc[nH]c3=O)cc2)CC1,-9.754,ChEMBL,415
C#Cc1cccc(Nc2ncnc3cc4c(cc23)N(C(=O)/C=C/CN2CCCC2)CCO4)c1,-9.753,ChEMBL,416
COc1ccccc1Nc1cc[nH]c(=O)c1C(=O)Nc1ccc(N2CCS(=O)(=O)CC2)cc1,-9.75,ChEMBL,417
Cc1nnc(NC(=S)Nc2ccc3ncnc(Nc4cccc(Cl)c4)c3c2)s1,-9.749,ChEMBL,418
C[C@@H](Nc1ncnc2sc(-c3cccc(S(C)(=O)=O)c3)cc12)c1ccccc1,-9.749,ChEMBL,419
CC1(C)OCc2c(Nc3n[nH]c4cc(F)ccc34)nc(-c3cn[nH]c3)nc21,-9.748,ChEMBL,420
C[C@@H](Nc1ncnc2[nH]c(-c3ccc(S(N)(=O)=O)cc3)cc12)c1ccccc1,-9.737,ChEMBL,421
Cc1nc(C)c(/C=C2\CC(C)C/C(=C\c3nc(C)c(C)nc3C)C2=O)nc1C,-9.734,ChEMBL,422
Nc1nc(Nc2ccc(Cl)cc2F)c2c(n1)[nH]c1cccc(Cl)c12,-9.734,ChEMBL,423
CN(CCOc1ccc(C[C@H](Nc2ccccc2C(=O)c2ccccc2)C(=O)O)cc1)c1ccccn1,-9.731,ChEMBL,424
CCc1c2cc(C(F)(F)F)ccc2n2cc(Cc3ccccc3)[nH]c(=O)c12,-9.731,ChEMBL,425
COc1cc(-c2ccc3c(c2)Nc2ccc(C(=O)NCCNC(C)=O)cc2NC3=O)ccc1O,-9.73,ChEMBL,426
Cn1cc(-c2ccc3ncnc(Nc4ccc(F)c(Cl)c4)c3c2)cn1,-9.73,ChEMBL,427
COc1cc2ncnc(Nc3cccc(Cl)c3F)c2cc1OC(=O)N1C[C@@H]2C[C@H]1CN2C,-9.727,ChEMBL,428
COc1cccc2c1C(=O)C1=C(C2=O)c2c(O)cc(CO)cc2[C@@H](O)[C@@H]1O,-9.727,ChEMBL,429
c1ccc(-c2cccc(Nc3ncnc4cc5c(cc34)OCCO5)c2)cc1,-9.726,ChEMBL,430
C=CC(=O)Nc1cc(Nc2nccc(-c3cn4c5c(cccc35)CCC4)n2)c(OC)cc1N(C)CCO,-9.725,ChEMBL,431
C=CC(=O)Nc1cccc(NC(=O)Nc2ccnc(Nc3ccc(C4CCN(C)CC4)cc3)n2)c1,-9.724,ChEMBL,432
COc1cc2ncnc(N3CCc4ccccc43)c2cc1NC(=O)/C=C/CN1CCC(CO)CC1,-9.723,ChEMBL,433
COc1cc2ncnc(Nc3cccc(Cl)c3F)c2cc1OC(=O)N1CCN(C)C[C@H]1C,-9.72,ChEMBL,434
NC(=O)c1c(-c2ccc(Oc3ccc(F)cc3F)cc2)nn([C@@H]2CCCN(C(=O)/C=C/CF)C2)c1N,-9.719,ChEMBL,435
Cc1nn(-c2ccc(F)cc2)c2c(Nc3ccc(F)c(Cl)c3)ncnc12,-9.718,ChEMBL,436
C=CC(=O)Nc1cccc(-n2c(=O)cnc3cnc(Nc4ccc(N5CCCCC5)cc4)nc32)c1,-9.717,ChEMBL,437
COc1cc2ncnc(Nc3cccc(Cl)c3F)c2cc1OC(=O)N1CCN(C)C2CC21,-9.717,ChEMBL,438
COc1ccccc1Nc1cc[nH]c(=O)c1C(=O)Nc1ccc(N2CCN(C)CC2)c(C)c1,-9.717,ChEMBL,439
O=C(CSc1nc2ccccc2c(=O)n1Cc1ccc2c(c1)OCO2)Nc1ccccc1F,-9.704,ChEMBL,440
C#CC(=O)N1CCC(c2cnn3c(C(N)=O)c(-c4ccc(Oc5ccccc5)cc4)[nH]c23)C1,-9.701,ChEMBL,441
[C@@](Cl)C(=O)Nc1ccc2c(c1NC(=O)CCc1c[nH]c3ccccc13)[nH]c1ccccc12,-9.7,AIEMG,442
[P@@]=C(NC(=S)NCc1ccc(Cl)cc1)N1c2ccccc2C[C@H]1Cc1ccccc1,-9.7,AIEMG,443
[C@]1(Cc2ccc(C(N)=O)cc2)c2ccccc2-c2ccccc21,-9.7,AIEMG,444
Oc1ccc(Nc2[nH]nc3ncnc(Nc4cccc(Cl)c4)c23)cc1,-9.7,ChEMBL,445
Cc1[nH]c(/C=C2\C(=O)Nc3ncnc(Nc4ccc(F)c(Cl)c4)c32)c(C)c1CCC(=O)O,-9.7,ChEMBL,446
Cln1cc(-c2nnc(-c3cccnc3)nc2-c2ccc(CO)cc2)nc1C1CC1,-9.7,AIEMG,447
COc1cc2ncnc(Nc3cc(Cl)ccc3F)c2cc1OC1CCN(CC(N)=O)CC1,-9.7,ChEMBL,448
CNC(=O)[C@H]1CCCN1Cc1cc2c(Nc3cccc(Cl)c3F)ncnc2cc1OC,-9.7,ChEMBL,449
[N+]/C=C(\C=C/C1=NN(c2ccc(F)cc2)C(=O)N1c1ccccc1)c1ccccc1,-9.7,AIEMG,450
[C@](C#Cc1ccccc1-n1cccc1)NC(=O)C1CCN(S(=O)(=O)c2ccc(Cl)cc2)CC1,-9.7,AIEMG,451
COc1cc2ncnc(Nc3cccc(Cl)c3F)c2cc1CN1CC(C(N)=O)C1,-9.7,ChEMBL,452
COc1ccccc1CO/N=C/c1c(N)ncnc1Nc1ccc2c(cnn2Cc2cccc(F)c2)c1,-9.7,ChEMBL,453
Oc1ccc(-c2nc(-c3ccc(F)cc3)c(-c3ccncc3)[nH]2)cc1,-9.7,ChEMBL,454
COc1cc2ncnc(Nc3cccc(Cl)c3F)c2cc1CN(C)C1CCNC1=O,-9.7,ChEMBL,455
COc1cc2ncnc(Nc3cccc(Cl)c3F)c2cc1CN1CCCC[C@@H]1C(N)=O,-9.7,ChEMBL,456
COc1cccc(-c2cn(C3CCN(CC(N)=O)CC3)c3ncnc(N)c23)c1,-9.7,ChEMBL,457
Nc1ncnc2c1c(-c1ccc3[nH]c(=O)ccc3c1)nn2C1CCCC1,-9.7,ChEMBL,458
Nc1ncnc(Nc2ccc3c(cnn3Cc3cccc(F)c3)c2)c1/C=N/OCc1ccccc1,-9.7,ChEMBL,459
Nc1ncnc2c1c(-c1cccc(O)c1)cn2C1CCN(CCO)CC1,-9.7,ChEMBL,460
COc1cccc(-c2cn(C3CCN(CC(=O)N(C)C)CC3)c3ncnc(N)c23)c1,-9.7,ChEMBL,461
COC(=O)CN1CCC(n2cc(-c3cccc(O)c3)c3c(N)ncnc32)CC1,-9.7,ChEMBL,462
Fc1cccc(Cn2ncc3cc(Nc4ncnn5ccc(COC[C@H]6CNCCO6)c45)ccc32)c1,-9.7,ChEMBL,463
COC[C@@H]1CCCN1/N=C/c1c(N)ncnc1Nc1ccc2c(cnn2Cc2cccc(F)c2)c1,-9.7,ChEMBL,464
Nc1ncnc2c1c(-c1ccc3[nH]ccc3c1)nn2C1CCCC1,-9.7,ChEMBL,465
Nc1ncnc2c1c(-c1cccc(O)c1)cn2C1CCCC1,-9.7,ChEMBL,466
c1cncc(Cn2ncc3cc(Nc4ncnn5ccc(COC[C@@H]6CNCCO6)c45)ccc32)c1,-9.7,ChEMBL,467
COc1cc(OC2CCOCC2)c2c(Nc3ccc(F)c(Cl)c3)ncnc2c1,-9.7,ChEMBL,468
CC(C)(C)NC(=O)Nc1nc2nc(N)ncc2cc1-c1c(Cl)cccc1Cl,-9.7,ChEMBL,469
Cc1ccc(F)c(C(=O)n2nc(Nc3ccc(S(N)(=O)=O)cc3)nc2C)c1F,-9.7,ChEMBL,470
Nc1nc(Nc2ccc(F)c(Br)c2)c2cc(CCc3ccccc3)[nH]c2n1,-9.7,ChEMBL,471
Nc1ncnc2c1c(-c1ccc(F)c(O)c1)nn2CC1CCNCC1,-9.7,ChEMBL,472
Nc1nccc(C#Cc2cncnc2Nc2ccc(OCc3cccc(F)c3)c(Cl)c2)n1,-9.7,ChEMBL,473
[N+]([O-])c1nc2ccccc2cc1N[C@H]1CCOc2ccc(S(=O)(=O)OCC(F)(F)F)cc21,-9.7,AIEMG,474
[C@H]Oc1ccc(-c2cc(C(=O)NNC(c3ccccc3)c3ccccc3)sc2C)cc1,-9.7,AIEMG,475
[C@](C#Cc1c(F)cccc1N1CCN(c2cccnc2)CC1)c1nccn1C(F)F,-9.7,AIEMG,476
Clc1ncccc1/N=N/C(=C\c1ccccc1)c1c[nH]c2ccccc12,-9.7,AIEMG,477
[N+]1=C2C=C[C@H](Oc3cc(Cc4ccccc4)c([O-])o3)C(=O)N2C(c2ccco2)=N1,-9.7,AIEMG,478
[C@](O)(c1ccccc1)[C@@H]1CCCCN1C(=O)CN1CCc2ccccc21,-9.7,AIEMG,479
FC(F)(F)c1cc(F)ccc1Nc1ccc2cc(S(=O)(=O)N3CCOCC3)ccc2c1,-9.7,AIEMG,480
Fc1cc(-c2nc(C[C@@H](C(=O)c3ccc(Cl)cc3)C(F)F)ccc2F)c(Cl)cc1Cl,-9.7,AIEMG,481
[C@H]1Cc2ccccc2[C@H]1CC(=O)N1CCc2ccccc2C1,-9.7,AIEMG,482
[C@]1(COc2ccc(Cl)cc2)NC(=O)N(c2ccc3c(c2)CCCC3)c2ccccc21,-9.7,AIEMG,483
[C@@](C#Cc1ccc(C(=O)CS(=O)(=O)[C@@H](C#N)c2ccccc2)cc1)c1ccc2c(c1)CCC2,-9.7,AIEMG,484
[C@@](C#Cc1cc(Cl)ccc1OCO)c1ccc(-c2c[nH]c3ccccc3c2=O)cc1,-9.7,AIEMG,485
FC(F)Cc1ccc(-c2cc(/C=C3\C(=O)N(Cc4cccnc4)C3=O)ccc2Cl)cc1,-9.7,AIEMG,486
C=CC(=O)Nc1cc(Nc2nccc(NC(=O)c3ccccc3)n2)c(OC)cc1N1CCN(C)CC1,-9.698,ChEMBL,487
O=C(Nc1nccs1)C(c1ncn2c1CCC2)N1Cc2ccc(C#Cc3cccnc3)cc2C1=O,-9.696,ChEMBL,488
CN1CCN(c2ccc(Nc3ncc(Cl)c(Nc4ccccc4C(=O)NO)n3)cc2)CC1,-9.696,ChEMBL,489
Cc1nnc(-n2c(-c3ccccc3)nc3cc(Cl)ccc3c2=O)s1,-9.696,ChEMBL,490
CCN1CCN(Cc2ccc(-c3cc4c(N[C@@H](C)c5ccccc5)ncnc4[nH]3)cc2)CC1,-9.694,ChEMBL,491
Cc1cc2[nH]c3nc(N)nc(NCc4ccccc4)c3c2cc1O,-9.692,ChEMBL,492
Cc1cc(O)ccc1-n1c2cc(Cl)ccc2c(=O)c2c(N)nc(N)nc21,-9.69,ChEMBL,493
CC#CC(=O)N1CCC[C@H]1c1nc(-c2ccc(C(=O)Nc3ccccn3)cc2)c2c(N)nccn12,-9.686,ChEMBL,494
C=CC(=O)Nc1cccc(Nc2nc(Nc3ccc(NC(=O)Cn4ccnc4)cc3)ncc2[N+](=O)[O-])c1,-9.684,ChEMBL,495
Nc1ncnc2sc3c(c12)-c1ccc(NC(=O)Nc2ccccc2)cc1CC3,-9.68,ChEMBL,496
Fc1ccc(Nc2ncnc3cc(OC4CCOC4)c4c(c23)OCCO4)cc1Cl,-9.675,ChEMBL,497
C=CC(=O)Nc1cccc(Nc2nc(N/N=C(\C)c3ccc(F)cc3)ncc2Cl)c1,-9.671,ChEMBL,498
O=C(Nc1ccc(C(O)c2ccccc2)cc1)c1cc2ccccc2[nH]1,-9.67,ChEMBL,499
CC(C)(O)Cc1nnc2ccc(-c3c(-c4ccc(F)cc4F)nc4occn34)nn12,-9.667,ChEMBL,500
CC(C)c1ccccc1Nc1nc(N)nc2c1Cc1ccccc1-2,-9.664,ChEMBL,501
COc1cc2ncnc(Nc3cccc(Cl)c3F)c2cc1OC(=O)N1CCN(C)[C@@H](C)C1,-9.663,ChEMBL,502
Cn1nccc1-c1nc(Nc2n[nH]c3ccccc23)c2c(n1)C(C)(C)OC2,-9.662,ChEMBL,503
CC1(C)OCc2c(Nc3n[nH]c4ccccc34)nc(-c3cc[nH]n3)nc21,-9.658,ChEMBL,504
C[C@@H](Nc1ncnc2oc(-c3cccc(O)c3)cc12)c1ccccc1,-9.657,ChEMBL,505
O=c1oc2cc3ncnc(Nc4ccc5[nH]ncc5c4)c3cc2n1CCCN1CCOCC1,-9.656,ChEMBL,506
C=CC(=O)N1CCC[C@H](n2nc(-c3ccc(Oc4ccccc4)cc3)c3c(N)ncnc32)C1,-9.655,ChEMBL,507
Cc1cc(C)nc(NS(=O)(=O)c2ccc(Nc3nncc4ccccc34)cc2)n1,-9.654,ChEMBL,508
COc1ccc2c(c1)CCCN2c1nc(N)nc2c(Cc3ccccc3)c[nH]c12,-9.654,ChEMBL,509
C[C@@H](Nc1ncnc2[nH]c(-c3ccc(NS(C)(=O)=O)cc3)cc12)c1ccccc1,-9.651,ChEMBL,510
C[C@@H](Nc1ncnc2[nH]c(-c3ccc(C#N)cc3)cc12)c1ccccc1,-9.65,ChEMBL,511
NC(=O)c1c(-c2ccc(Oc3ccc(F)cc3F)cc2)nn([C@@H]2CCCN(C(=O)/C=C/CO)C2)c1N,-9.646,ChEMBL,512
CN1CCN(c2ccc(NC(=O)c3c(Nc4ccnc(N)n4)cc[nH]c3=O)cc2)CC1,-9.644,ChEMBL,513
O=C1COc2cc3ncnc(Nc4cccc(F)c4)c3cc2N1CCCN1CCOCC1,-9.644,ChEMBL,514
C=CC(=O)N1CCC(Oc2nc(Nc3ccc(N4CCN(C)CC4)c(F)c3)nc3ccsc23)CC1,-9.643,ChEMBL,515
CN(C)C/C=C/C(=O)N1CCC[C@@H](n2nc(-c3ccc(Oc4ccccc4)cc3)c3c(N)ncnc32)C1,-9.642,ChEMBL,516
O=C(O)c1ccccc1Nc1ccnc(Nc2ccc3cn[nH]c3c2)n1,-9.64,ChEMBL,517
C#Cc1cccc(Nc2ncnc3cc4c(cc23)N(C(=O)/C=C/CN(C)C)CCO4)c1,-9.638,ChEMBL,518
C=CC(=O)Nc1cccc(Nc2ncnc(Nc3ccc(C(=O)N4CCCCC4)cc3)n2)c1,-9.637,ChEMBL,519
C#Cc1cccc(Nc2ncnc3cc4oc(=O)n(CCCN5CCOCC5)c4cc23)c1,-9.636,ChEMBL,520
Nc1nc2c(c(Nc3ccc(Cl)cc3)n1)-c1ccccc1C2,-9.635,ChEMBL,521
O=C(Nc1cc2c(Nc3ccc(F)c(Cl)c3)ncnc2cc1O[C@H]1CCOC1)N1CC(F)C1,-9.635,ChEMBL,522
CCN1CCN(Cc2ccc(-c3cc4c(N[C@H](C)c5ccccc5)ncnc4[nH]3)cc2)CC1,-9.631,ChEMBL,523
C=CC(=O)Nc1cccc(Nc2cc(-n3c(CCCO)nnc3-c3ccc(F)cc3)ccn2)c1,-9.63,ChEMBL,524
Cn1nc(N)c2c(-c3ccc(NC(=O)Nc4cccc(C(F)(F)F)c4)cc3)cncc21,-9.629,ChEMBL,525
COc1ccccc1Nc1cc[nH]c(=O)c1-c1nc2c(C(C)C)cccc2[nH]1,-9.627,ChEMBL,526
C#CC(=O)N1CCC(c2cnn3c(C(N)=O)c(-c4ccc(Oc5ccc(OC)cc5)cc4)[nH]c23)CC1,-9.62,ChEMBL,527
O=C(N/N=C/c1cccn1CCCN1CCCC1)Nc1ccc(Oc2ccnc3[nH]ccc23)cc1,-9.618,ChEMBL,528
C=CC(=O)N1CCC[C@@H](n2nc(-c3cccc(F)c3)c3c(N)ncnc32)C1,-9.617,ChEMBL,529
Cc1ccc(Oc2nc3ccc(C)cc3cc2/C=N/NC(=O)Cn2c([N+](=O)[O-])cnc2C)cc1,-9.617,ChEMBL,530
Fc1c(Nc2ncnc3cc4c(cc23)OCCO4)ccc(Cl)c1Cl,-9.613,ChEMBL,531
COc1cc2ncnc(N3CCc4ccccc43)c2cc1NC(=O)/C=C/CN1CCCC1,-9.613,ChEMBL,532
C=C=CC(=O)Nc1cc(Nc2nccc(-c3cn(C)c4ccccc34)n2)ccc1N(C)CCN(C)C,-9.611,ChEMBL,533
C=CC(=O)Nc1ccccc1C1CCNc2c(C(N)=O)c(-c3ccc(F)cc3)nn21,-9.61,ChEMBL,534
CC#CC(=O)N1CCC[C@@H]1Cn1nc(-c2ccc(Oc3ccccc3)cc2)c2c(N)ncnc21,-9.61,ChEMBL,535
C=CC(=O)Nc1ccc2ncnc(Nc3ccc(S(=O)(=O)Nc4ccccn4)cc3)c2c1,-9.61,ChEMBL,536
Cc1ccc(C2=NN(C3=NC(=O)CS3)C(c3ccc4ccccc4c3)C2)cc1,-9.61,ChEMBL,537
CC1(C)C(=O)N([C@H]2CCc3c(O)cccc32)c2nc(Nc3ccccc3)ncc21,-9.609,ChEMBL,538
O=C(c1ccccc1)c1cccc(NC(=O)c2cc3ccccc3[nH]2)c1,-9.606,ChEMBL,539
C[C@@H](Nc1ncnc2cc3oc(=O)n(CCCN4CCOCC4)c3cc12)c1ccccc1,-9.606,ChEMBL,540
CC1(C)OCc2c(Nc3n[nH]c4c(C(F)(F)F)cccc34)nc(-c3cn[nH]c3)nc21,-9.602,ChEMBL,541
CN1CCN(C/C=C/C(=O)N2CCc3c(sc4ncnc(N[C@H](CO)c5ccccc5)c34)C2)CC1,-9.6,ChEMBL,542
[C@](C#CCNNC(=O)N1Cc2ccccc2C[C@@H]1C(=O)N1CCN(C)CC1)c1cccc([N+](=O)[O-])c1,-9.6,AIEMG,543
N#Cc1cnc(Nc2cccc(Br)c2)c2cc(NC(=O)[C@@H]3CCC(=O)N3)ccc12,-9.6,ChEMBL,544
Cc1ccccc1Cc1cc2c(N(C)c3cccc(Br)c3)nc(N)nc2[nH]1,-9.6,ChEMBL,545
Nc1nc(Nc2cccc(Br)c2)c2cc(CCc3ccccc3)[nH]c2n1,-9.6,ChEMBL,546
Cc1ccccc1Nc1ncnn2ccc(CN3CCC(N)CC3)c12,-9.6,ChEMBL,547
CN(c1ccccc1)c1cc2c(cc1Nc1ccccc1)C(=O)NC2=O,-9.6,ChEMBL,548
Cc1ccc(Oc2ccc(Nc3ncnc4[nH]nc(OCCN5CCC(O)CC5)c34)cc2F)cn1,-9.6,ChEMBL,549
CCc1c(CO)cn2ncnc(Nc3ccc4c(cnn4Cc4ccccc4)c3)c12,-9.6,ChEMBL,550
COc1cc2ncc(C#N)c(Nc3ccc(F)c(Cl)c3)c2cc1NC(=O)/C=C/CN1CCOCC1,-9.6,ChEMBL,551
NC(=O)CN1CCC(n2cc(-c3cccc(O)c3)c3c(N)ncnc32)C1,-9.6,ChEMBL,552
Nc1ncnc2c1c(-c1cnc3[nH]ccc3c1)nn2C1CCCC1,-9.6,ChEMBL,553
Nc1ccc(-c2nn(C3CCCC3)c3ncnc(N)c23)cc1O,-9.6,ChEMBL,554
O=C(Nc1ccc(F)cc1)Nc1ncnc2nn3ccccc3c12,-9.6,ChEMBL,555
Cc1ccc(Oc2ccc(Nc3ncnc4[nH]nc(OCCN5CCC(O)CC5)c34)cc2C)cn1,-9.6,ChEMBL,556
Cc1ccc(Oc2ccc(Nc3ncnc4[nH]nc(OCCN5CCC(O)CC5)c34)cc2Cl)cn1,-9.6,ChEMBL,557
COc1cc2ncnc(Nc3ccc(F)c(Cl)c3)c2cc1CN1CCC[C@H]1C(N)=O,-9.6,ChEMBL,558
CC(C)n1nc(-c2ccc3cn[nH]c3c2)c2c(N)ncnc21,-9.6,ChEMBL,559
c1ccc(Cn2ncc3cc(Nc4ncnn5ccc(COC[C@@H]6CNCCO6)c45)ccc32)nc1,-9.6,ChEMBL,560
O=C(NC(=S)Nc1ccc(O)c(-c2nc3ccccc3s2)c1)c1ccc([N+](=O)[O-])cc1,-9.6,ChEMBL,561
[C@](C#C[C@H]1CCCCN1C(=O)c1cccc(Cl)c1)c1ccc(N2CCOCC2)cc1,-9.6,AIEMG,562
Fc1cccc(COc2ccc(Nc3ncnn4ccc(CN5CCCNCC5)c34)cc2Cl)c1,-9.6,ChEMBL,563
CN(C)c1cc2c(Nc3ccc4c(cnn4Cc4ccccc4)c3)ncnc2cn1,-9.6,ChEMBL,564
Clc1ccc(-n2ccnc2-c2ccc(/N=C/C(=O)Nc3ccccc3Cl)o2)cc1,-9.6,AIEMG,565
COc1cc2ncnc(Nc3cccc(Cl)c3F)c2cc1CN1CCC1C(N)=O,-9.6,ChEMBL,566
COc1cccc(-c2cn(C3CCN(C(=O)OC(C)(C)C)C3)c3ncnc(N)c23)c1,-9.6,ChEMBL,567
COc1cc2c(cc1OC)Sc1nc(C)nc(Nc3ccc4c[nH]nc4c3)c1NC2,-9.6,ChEMBL,568
Nc1nc(Nc2ccc(Cl)cc2F)c2cc(CCc3ccccc3)[nH]c2n1,-9.6,ChEMBL,569
O=C(Nc1ccc2ncnc(Nc3cccc(Br)c3)c2c1)[C@@H]1O[C@H]1CN1CCCCC1,-9.6,ChEMBL,570
COc1cc(OC2CCN(C)CC2)c2c(Nc3ccc(F)c(Cl)c3)ncnc2c1,-9.6,ChEMBL,571
O[C@H]1CN[C@H](C#Cc2cc3ncnc(Nc4ccc(OCc5cccc(F)c5)c(Cl)c4)c3s2)C1,-9.6,ChEMBL,572
Brc1cccc(Nc2ncnc3cc4[nH]cc(CN5CCOCC5)c4cc23)c1,-9.6,ChEMBL,573
O=C(Nc1ccc(C(F)(F)F)cc1)Nc1ncnc2nn3ccccc3c12,-9.6,ChEMBL,574
Nc1ncnc2c1c(-c1ccccc1)cn2-c1ccccc1CO,-9.6,ChEMBL,575
Nc1ncnc(Nc2ccc3c(cnn3Cc3cccc(F)c3)c2)c1/C=N/N1CCCCC1,-9.6,ChEMBL,576
Nc1ncnc2c1c(-c1ccc3[nH]ncc3c1)nn2C1CCCC1,-9.6,ChEMBL,577
CN(CC(=O)O)Cc1c[nH]c2cc3ncnc(Nc4cccc(Br)c4)c3cc12,-9.6,ChEMBL,578
OCc1ccn2ncnc(Nc3ccc4c(cnn4Cc4cccc(F)c4)c3)c12,-9.6,ChEMBL,579
FC(F)(F)COc1cccc2c1NC(=O)/C2=C/C1NC(=S)[N-]c2ccccc21,-9.6,AIEMG,580
Fc1ccc2c(c1)CNc1c(Nc3ccc(F)c(Cl)c3)ncnc1O2,-9.6,ChEMBL,581
CCc1c(C(=O)NC)cn2ncnc(Nc3ccc4c(cnn4Cc4ccccc4)c3)c12,-9.6,ChEMBL,582
Nc1ccc(Nc2[nH]nc3ncnc(Nc4cccc(Cl)c4)c23)cc1,-9.6,ChEMBL,583
Fc1ccc(Cl)c(C[NH+]2CCC(c3nc(COC(=O)c4ccccc4F)c[nH+]c3N3CCCC3)CC2)c1,-9.6,AIEMG,584
[C@@][C@@H](CNC(=O)[C@@H]1CCCN(c2ncnc3ccccc23)C1)[NH+]1CCN(c2ccccc2O)CC1,-9.6,AIEMG,585
[C@](C#N)(NC(=O)CN1C(=O)N[C@@](c2ccccc2)c2ccccc21)c1nc(-c2ccccc2)on1,-9.6,AIEMG,586
[C@H]1C(=O)c2ccc(S(=O)(=O)NC3CCCC3)cc2[C@H]1c1cccc([N+](=O)[O-])c1,-9.6,AIEMG,587
[C@H](CCNC(=O)N1CCC[C@H]1c1nc2ccccc2n1CC(=O)N1CCCCC1)c1ccc2ccccc2n1,-9.6,AIEMG,588
[C@]Oc1ccccc1CC(=O)N1CCN(C(=O)C2C[C@@H]2CN2C(=O)C[C@H]2C(=O)c2ccccc2Br)CC1,-9.6,AIEMG,589
[C@H]1C(=O)n2nc(CC[NH2+]Cc3c(F)c(F)cc(F)c3Cl)nc2[C@@H]1c1ccccc1F,-9.6,AIEMG,590
[C@H]1C(=O)c2ccccc2C(C(N)=O)=C1\C=C\c1cccc([N+](=O)[O-])c1,-9.6,AIEMG,591
FC(F)(F)c1ccccc1C(=O)Nc1cccc(-c2nc3ccccc3o2)c1,-9.6,AIEMG,592
[N+]N/Cn1c(=O)oc2cc(-c3cc4c(cc3C#N)CCCC4)ncc2s1,-9.6,AIEMG,593
[P@@]=C(\N=c1/[nH]c(Cl)nc2c1cnn2-c1ccccc1)c1ccccc1F,-9.6,AIEMG,594
[C@H]1CCCc2sc([C@@H]3CCCN(C(=O)c4ccc5ccccc5n4)C3)nc21,-9.6,AIEMG,595
[C@@]n1c(-c2cc(-c3ccc(C)cc3)ccc2Cl)nc2ccccc21,-9.6,AIEMG,596
FC(F)c1ccc(CC(=O)N[C@@H](c2ccccc2Cl)c2ccccn2)cc1,-9.6,AIEMG,597
Cc1ccc(-c2cc(C(=O)Nc3cccc(C(=O)[O-])c3)ccc2F)cc1C,-9.6,AIEMG,598
c1n[nH]c2c1CC[NH+](Cc1cn3cc(-c4ccccc4OC)ccc3c1Cl)O2,-9.6,AIEMG,599
Clc1ccc(-c2nnc3n2n2ncnc2-c2ccccc23)cc1,-9.6,AIEMG,600
[C@](O)(CNC(=O)c1cccc(C(=O)N2CCOCC2)c1)c1cccc(C)c1,-9.6,AIEMG,601
[N+]([O-])=C[C@H]1[C@@H](c2ccc(Oc3nc4ccccc4[nH]3)cc2)C(=S)N1c1ccccc1,-9.6,AIEMG,602
Clc1nc(-c2ccc3ccccc3c2)oc1N1CCN(c2ncccn2)CC1,-9.6,AIEMG,603
[C@]1(c2ccco2)NC(=O)N(CC(=O)[C@@H](C#N)c2nc(-c3ccc(F)cc3)nn2-c2ccccc2)C1=O,-9.6,AIEMG,604
C=CC(=O)Nc1cccc(-n2c(=O)cnc3cnc(Nc4ccc(OC)cc4)nc32)c1,-9.599,ChEMBL,605
CC(C)(CO)c1nnc2ccc(-c3c(-c4ccc(F)cc4F)nc4occn34)nn12,-9.599,ChEMBL,606
CC1(C)OCc2c(Nc3n[nH]c4c(Cl)c(F)ccc34)nc(-c3cn[nH]c3)nc21,-9.596,ChEMBL,607
C#Cc1cccc(Nc2ncnc3cc4c(cc23)N(C(=O)/C=C/CN2CCN(C)CC2)CCO4)c1,-9.594,ChEMBL,608
C=CC(=O)N[C@H]1CCN(c2nc(Nc3ccc(N4CCN(C)CC4)cc3)c3ncn(CCO)c3n2)C1,-9.592,ChEMBL,609
C=CC(=O)Nc1cccc(Nc2nc(Nc3ccc(-n4ccnc4)cc3)ncc2[N+](=O)[O-])c1,-9.592,ChEMBL,610
CCS(=O)(=O)Nc1cc(-c2ccc3ncnc(Nc4cccc(C(=O)OC)c4)c3c2)cnc1OC,-9.591,ChEMBL,611
Cc1ccc(-n2cc(NC(=O)c3cccc(NS(=O)(=O)c4ccccc4)c3)cn2)cc1,-9.591,ChEMBL,612
CN(C)C/C=C/C(=O)Nc1cc2c(Nc3ccc4c(cnn4Cc4ccccc4)c3)ncnc2cn1,-9.591,ChEMBL,613
C=CC(=O)N1CCc2ccc(-n3c(=O)ccc4cnc5ccc(-c6cnn(C)c6)cc5c43)cc21,-9.59,ChEMBL,614
O=C1/N=C2\Nc3ccccc3N2CCCCCOc2ccccc2-c2cc1ccn2,-9.589,ChEMBL,615
CCC(=O)Nc1ccc(Oc2nc(Nc3cc(C)[nH]n3)cc(N3CCN(C)CC3)n2)cc1,-9.586,ChEMBL,616
O=C(/C=C/CN1CCCC1)Nc1cc2c(Nc3ccc(Cc4ccccn4)cc3)ncnc2cn1,-9.584,ChEMBL,617
CN(C)c1ccc(NC(=O)c2c(NCCc3cccc(Cl)c3)cc[nH]c2=O)cc1,-9.581,ChEMBL,618
NC(=O)c1c(-c2ccc(Oc3ccccc3)cc2)nn2c1[nH]c1ccc(N)cc12,-9.578,ChEMBL,619
Oc1ccccc1-c1nc(NCc2cccnc2)c2ccccc2n1,-9.573,ChEMBL,620
O=C(Cc1cccs1)Nc1cccc(-c2ccc3nnc(-c4cccnc4)n3n2)c1,-9.572,ChEMBL,621
O=C(Nc1cnn(-c2ccccc2)c1)c1cccc(NS(=O)(=O)c2ccccc2)c1,-9.57,ChEMBL,622
C=CC(=O)Nc1cccc(Nc2nc(N/N=C/c3ccccc3F)ncc2Cl)c1,-9.569,ChEMBL,623
Cc1cc(N2CCOCC2)cc2[nH]c(-c3c(NCC(O)c4cccc(Cl)c4)cc[nH]c3=O)nc12,-9.569,ChEMBL,624
C[C@@H](Nc1ncnc2sc(-c3cccc(C(=O)NCCN(C)C)c3)cc12)c1ccccc1,-9.567,ChEMBL,625
CCC(=O)N1CCC[C@@H](n2nc(-c3ccccc3)c3c(N)ncnc32)C1,-9.564,ChEMBL,626
COc1ccc(Nc2ncnc3cc4oc(=O)n(CCCN5CCOCC5)c4cc23)cc1,-9.564,ChEMBL,627
COc1cc2ncnc(Nc3ccc(Cc4ccccn4)cc3)c2cc1NC(=O)/C=C/CN1CCCC1,-9.563,ChEMBL,628
c1ccc(C(c2ccccc2)c2nnc(Cc3nc4ccccc4[nH]3)o2)cc1,-9.562,ChEMBL,629
NC(=S)N1N=C(c2ccc(F)cc2)CC1c1ccc2ccccc2c1,-9.561,ChEMBL,630
Cc1ccc2nc(Oc3ccc(Cl)cc3)c(/C=N/NC(=O)Cn3c([N+](=O)[O-])cnc3C)cc2c1,-9.561,ChEMBL,631
COc1cc2ncnc(Nc3cccc(Cl)c3F)c2cc1OC(=O)N1CCN(C)CC1,-9.56,ChEMBL,632
O=C(/C=C/CN1CC2(CCOCC2)C1)Nc1cc2c(Nc3ccc(F)c(Cl)c3)ncnc2s1,-9.559,ChEMBL,633
C=CC(=O)Nc1cccc(Oc2nc(Nc3ccn(C)n3)nc3[nH]ccc23)c1,-9.558,ChEMBL,634
CCC(=O)Nc1cc2c(Nc3ccc4c(cnn4Cc4ccccn4)c3)ncnc2cc1OC,-9.557,ChEMBL,635
CCC(=O)Nc1ccc2c(Nc3cc[nH]n3)nc(-c3ccccc3)nc2c1,-9.557,ChEMBL,636
Oc1cccc(Nc2ncnc3ccc(NC(=S)NCc4ccccc4)cc23)c1,-9.556,ChEMBL,637
Cn1c2ccccc2c2c3c(c4c5ccccc5n(CCC#N)c4c21)CNC3=O,-9.554,ChEMBL,638
Nc1nc(NCc2ccccc2)c2c(n1)[nH]c1cc(Cl)c(O)cc12,-9.554,ChEMBL,639
CC1(C)OCc2c(Nc3n[nH]c4c(Cl)cccc34)nc(-c3cn[nH]c3)nc21,-9.551,ChEMBL,640
CC1(C)OCc2c(Nc3n[nH]c4ccccc34)nc(-c3c[nH]nn3)nc21,-9.551,ChEMBL,641
O=C(/C=C/Cn1ccnc1)N1CCOc2cc3ncnc(Nc4ccc(F)c(Cl)c4)c3cc21,-9.546,ChEMBL,642
Nc1nc2c(c(Nc3ccc(Cl)cc3F)n1)-c1ccccc1C2,-9.545,ChEMBL,643
C#Cc1cccc(Nc2ncnc3cc4c(cc23)N(C(=O)/C=C/CN2CCOCC2)CCO4)c1,-9.544,ChEMBL,644
CN(C)C/C=C/C(=O)Nc1cccc(-n2c(=O)cnc3cnc(Nc4ccccc4)nc32)c1,-9.539,ChEMBL,645
C=CC(=O)N1CC[C@H](Oc2cc3c(Nc4ccc(F)c(Cl)c4F)ncnc3cc2OC)C1,-9.538,ChEMBL,646
C=CC(=O)N1CCC(Oc2cc3c(Nc4ccc(F)c(Cl)c4F)ncnc3cc2OC)CC1,-9.538,ChEMBL,647
COC1CCN(c2nccc(Nc3cc4c(cn3)ncn4C3CCOCC3)n2)CC1,-9.537,ChEMBL,648
COc1ccc(Nc2ncc3ncc(=O)n(-c4cccc(N)c4)c3n2)cc1,-9.535,ChEMBL,649
COc1cc2ncn(-c3cc(OCc4ccccc4C(F)(F)F)c(C(N)=O)s3)c2cc1OC,-9.534,ChEMBL,650
C=CC(=O)N1CC[C@H](Nc2nc(Nc3ccc(N4CCN(C)CC4)cc3)c3ncn(C(C)C)c3n2)C1,-9.532,ChEMBL,651
O=C(Nc1cccc(C(O)c2ccccc2)c1)c1cc2ccccc2[nH]1,-9.532,ChEMBL,652
C=CC(=O)N1CCC[C@@H](n2nc(-c3cccc(C(F)(F)F)c3)c3c(N)ncnc32)C1,-9.53,ChEMBL,653
Cc1ccccc1Nc1cc[nH]c(=O)c1C(=O)Nc1ccc(N2CCN(C)CC2)cc1,-9.53,ChEMBL,654
C=CC(=O)N1CCC[C@@H](n2nc(-c3ccc(C(F)(F)F)cc3)c3c(N)ncnc32)C1,-9.529,ChEMBL,655
CC(C)n1c(NC2CCCCC2)nc2cnc(Nc3ccc(N4CCN(C)CC4)cc3)nc21,-9.529,ChEMBL,656
Cc1cc(C)cc(Nc2ncnc3cc4oc(=O)n(CCCN5CCOCC5)c4cc23)c1,-9.529,ChEMBL,657
O=C(CNc1ccc(Cl)cc1)Nn1c(-c2ccccc2)nc2ccccc2c1=O,-9.529,ChEMBL,658
C=CC(=O)Nc1cccc(Nc2nc(N/N=C/c3ccc(F)cc3)ncc2Cl)c1,-9.529,ChEMBL,659
Nc1ncnn2ccc(C(=O)Nc3ccc(NC(=O)Nc4cccc(F)c4)cc3)c12,-9.525,ChEMBL,660
COc1ccccc1Nc1cc[nH]c(=O)c1C(=O)Nc1ccc(N2CCC(C)CC2)cc1,-9.524,ChEMBL,661
CCC(=O)N1CCC(Oc2nc(Nc3ccc(N4CCN(C)CC4)cc3)nc3ccsc23)CC1,-9.523,ChEMBL,662
O=C(C#CCO)Nc1ccc2nccc(Oc3ccc(C(=O)Nc4ccccn4)cc3)c2c1,-9.521,ChEMBL,663
O=c1oc2cc3ncnc(NCc4ccccc4)c3cc2n1CCCN1CCOCC1,-9.52,ChEMBL,664
Nc1nc2c(c(Nc3cccc(Cl)c3)n1)-c1ccccc1C2,-9.52,ChEMBL,665
Cc1ccc(CNc2nc(N)nc3[nH]c4ccc(O)cc4c23)cc1,-9.518,ChEMBL,666
C=CC(=O)Nc1cccc(-n2c(=O)cnc3cnc(Nc4ccc(N5CCOCC5)cc4)nc32)c1,-9.517,ChEMBL,667
Cn1cc(-c2ccnc(Nc3ccc(C(=O)NCCCCCCC(=O)NO)cc3)n2)c2ccccc21,-9.517,ChEMBL,668
CN1CCN(C/C=C/C(=O)Nc2cc3c(Nc4ccc(Cc5ccccn5)cc4)ncnc3cn2)CC1,-9.515,ChEMBL,669
CC(C)n1c(Nc2cccnc2)nc2cnc(Nc3ccc(N4CCN(C)CC4)cc3)nc21,-9.514,ChEMBL,670
C=CC(=O)Nc1cccc(-c2coc3ncnc(N[C@H](CO)c4ccccc4)c23)c1,-9.513,ChEMBL,671
CC1(C)OCc2c(Nc3n[nH]c4c(Cl)cc(F)cc34)nc(-c3cn[nH]c3)nc21,-9.512,ChEMBL,672
C/C=C/C(=O)Nc1cc2c(N3CCc4ccccc43)ncnc2cc1O[C@@H]1CCOC1,-9.512,ChEMBL,673
C=CC(=O)N[C@H]1CCN(c2nc(Nc3ccc(N4CCN(C)CC4)cc3)c3ncn(C(C)C)c3n2)C1,-9.509,ChEMBL,674
CC(=O)N1N=C(c2ccccc2)CC1c1ccc(C(=O)OCCn2c([N+](=O)[O-])cnc2C)cc1,-9.506,ChEMBL,675
Cc1cc(Nc2ncc(F)c(NC3C4C=CC(C4)C3C(N)=O)n2)ccc1N1CCN(C)CC1,-9.505,ChEMBL,676
C=CC(=O)Nc1ccc2ncnc(Nc3ccc(S(=O)(=O)NC(=N)N)cc3)c2c1,-9.504,ChEMBL,677
O=C(Nc1ccncc1)Nc1cc(-c2cccnc2)cc(C(F)(F)F)c1,-9.503,ChEMBL,678
CNC(=O)c1ccccc1Nc1nc(Nc2ccc(N3CCC(C(=O)NO)CC3)cc2)ncc1Cl,-9.502,ChEMBL,679
C[C@@H](Nc1ncnc2sc(-c3cccc(C(N)=O)c3)cc12)c1ccccc1,-9.502,ChEMBL,680
C[C@@H](Nc1ncnc2oc(-c3ccc(C#N)cc3)cc12)c1ccccc1,-9.502,ChEMBL,681
Cc1c2cc(Cl)ccc2n2cc(Cc3ccccc3)[nH]c(=O)c12,-9.502,ChEMBL,682
CC(C)(O)Cn1/c(=N/C(=O)c2cc(F)cc(-c3cccnc3)c2)[nH]c2ccccc21,-9.501,ChEMBL,683
Cc1ccc(NC(=O)c2ccccc2)cc1Nc1nccc(-c2cccnc2)n1,-9.5,ChEMBL,684
C=CC(=O)Nc1cc2c(Nc3cc(Cl)c(Cl)cc3F)ncnc2cc1N1CCN(C)CC1,-9.5,ChEMBL,685
COc1cc2ncnc(Nc3nccc4ccccc34)c2cc1OC,-9.5,ChEMBL,686
O=C(C#CCCN1CCCCC1)Nc1cc2c(Nc3ccc(F)c(Cl)c3)ncnc2cn1,-9.5,ChEMBL,687
CCc1c(CC(=O)O)cn2ncnc(Nc3ccc4c(cnn4Cc4ccccc4)c3)c12,-9.5,ChEMBL,688
Cc1[nH]c(/C=C2\C(=O)Nc3ccc(F)cc32)c(C)c1C(=O)NC[C@H](O)CN1CCOCC1,-9.5,ChEMBL,689
COc1cc2nccc(Nc3ccc(F)c(Cl)c3)c2cc1NC(=O)/C=C/C(C)N1CCOCC1,-9.5,ChEMBL,690
Nc1nc(Nc2ccc(F)c(Cl)c2)c2cc(CCc3ccccc3)[nH]c2n1,-9.5,ChEMBL,691
Nc1ncnc2c1c(-c1ccc3ncccc3c1)nn2C1CCCC1,-9.5,ChEMBL,692
[N+]c1cc(/C=C2\N=C(N)N(c3cccc([N+](=O)[O-])c3)[C@@H]2c2cccc(F)c2)ccc1O,-9.5,AIEMG,693
CC(C)n1nc(-c2ccc3nc(N)ccc3c2)c2c(N)ncnc21,-9.5,ChEMBL,694
[C@H]1CC[C@@H](c2nnnn2-c2ccccc2)[C@H](c2ccccc2)[C@@H]1O,-9.5,AIEMG,695
[C@@]1(C(=O)N2CCC(CNC(=O)c3ccccc3)CC2)NCc2ccccc21,-9.5,AIEMG,696
[C@H]1CC(C)(C)c2ccc(NC(=O)CN3CCN(c4ccccc4F)[C@@H]3C(=O)OC(C)(C)C)cc2O1,-9.5,AIEMG,697
[C@]1(C(=O)Nc2cccc(Br)c2)C(=O)C[C@@H]1c1cccc(Cn2ccccc2=O)c1,-9.5,AIEMG,698
Fc1ccc(C(C)CC2(OCc3ccccc3)CCN(Cc3cccc(Cl)c3)CC2)nc1,-9.5,AIEMG,699
Clc1cnc(-c2cc(F)cc(Oc3ncnc4ccccc34)n2)cc1,-9.5,AIEMG,700
Cc1ccccc1-c1cn(-c2ccccc2)c2ncnc(N)c12,-9.5,ChEMBL,701
CN1CCC(O)(c2nc(-c3ccc(F)cc3)c(-c3ccncc3)o2)CC1,-9.5,ChEMBL,702
C=CC(=O)Nc1cc2c(Nc3cccc(C)c3)ncnc2cc1OCCCN1CCN(C)CC1,-9.5,ChEMBL,703
[C@](C#C[C@@]1(C)CCCN(C(=O)c2cc3cccnc3n2C2CC2)C1)c1ccccc1,-9.5,AIEMG,704
O=C1NC(=O)c2cc(Nc3ccc(O)cc3)c(Nc3ccc(O)cc3)cc21,-9.5,ChEMBL,705
COc1cccc(-c2ccc3c(c2)NC(=O)/C3=C\c2[nH]cc(C)c2CCC(=O)O)c1,-9.5,ChEMBL,706
COc1cccc(-c2cn(-c3cccc(CO)c3)c3ncnc(N)c23)c1,-9.5,ChEMBL,707
COc1cc(O)c2c(=O)c(-c3cccc(Cl)c3)cn(C)c2c1,-9.5,ChEMBL,708
NC(=O)CCc1c(SSc2[nH]c3ccccc3c2CCC(N)=O)[nH]c2ccccc12,-9.5,ChEMBL,709
CNC(=O)CCc1c(SSc2[nH]c3ccccc3c2CCC(=O)NC)[nH]c2ccccc12,-9.5,ChEMBL,710
C[C@@H](O)c1c(O)cc2c(c1O)C(=O)c1c(O)cc(O)cc1C2=O,-9.5,ChEMBL,711
Cc1cc(C)cc(COC(=O)c2cc(NCc3cc(O)ccc3O)ccc2O)c1,-9.5,ChEMBL,712
Cn1nc(-c2ccc3ccccc3c2)c2c(N)ncnc21,-9.5,ChEMBL,713
Cc1ccccc1Cc1cc2c(Nc3cccc(Br)c3)nc(N)nc2[nH]1,-9.5,ChEMBL,714
Oc1cccc(Nc2[nH]nc3ncnc(Nc4cccc(Cl)c4)c23)c1,-9.5,ChEMBL,715
CNC1CCN(Cc2ccn3ncnc(Nc4ccc5c(cnn5Cc5cccc(F)c5)c4)c23)CC1,-9.5,ChEMBL,716
Oc1cccc(-c2[nH]nc3ncnc(Nc4cccc(Cl)c4)c23)c1,-9.5,ChEMBL,717
c1cc(Nc2ncnc3[nH]cnc23)cc(-c2nc3ccccc3s2)c1,-9.5,ChEMBL,718
OC1CCN(CCOc2n[nH]c3ncnc(Nc4ccc(OCc5ccccn5)c(Cl)c4)c23)CC1,-9.5,ChEMBL,719
NCc1cccc(C#Cc2cncnc2Nc2ccc(OCc3cccc(F)c3)c(Cl)c2)n1,-9.5,ChEMBL,720
O=C(CCCN1Cc2cc3c(Nc4cccc(Br)c4)ncnc3cc21)N1CCOCC1,-9.5,ChEMBL,721
NC1CCN(Cc2ccn3ncnc(Nc4ccc5c(cnn5Cc5ccccn5)c4)c23)CC1,-9.5,ChEMBL,722
Nc1nc(Nc2ccc(Cl)cc2)c2cc(CCc3ccccc3)[nH]c2n1,-9.5,ChEMBL,723
COC(=O)c1c(OCCN(C)C)c2ccccc2c2oc3c(c12)C(=O)c1ccccc1C3=O,-9.5,ChEMBL,724
[P@@]1=NC[C@H](c2cccc(S(=O)(=O)N3CCCC3)c2)N(Cc2ccc3[nH]c(=O)[nH]c3c2[O-])C1,-9.5,AIEMG,725
Fc1ccc2c(c1)CNc1c(NCc3ccccc3)ncnc1O2,-9.5,ChEMBL,726
CN1CCCN(Cc2ccn3ncnc(Nc4ccc5c(cnn5Cc5cccc(F)c5)c4)c23)CC1,-9.5,ChEMBL,727
COc1cc2ncnc(Nc3cccc(Cl)c3F)c2cc1CN1CCC[C@H]1C(N)=O,-9.5,ChEMBL,728
Nc1ncnc2c1c(-c1ccc3cc[nH]c3c1)nn2C1CCCC1,-9.5,ChEMBL,729
c1nn(Cc2ccc(C(=O)N(C)CCCc3ccc4c(c3)OCO4)cc2)c2ccccc12,-9.5,AIEMG,730
[N+]c1cc2c(cc1F)[C@@H](c1nc3cc(C)c(Cl)cc3[nH]1)CCC2,-9.5,AIEMG,731
[C@@]1(Cc2ccc(C(N)=O)cc2)N=N[C@@H](c2ccc(Cl)cc2)N1Cc1cccc[nH+]1,-9.5,AIEMG,732
Fc1ccc(-c2noc(-c3ccccc3OCc3ccccn3)n2)cc1F,-9.5,AIEMG,733
n1cc[nH+]cc1CNc1nc2c(s1)CN(C(=O)CCC[NH+]1CCC(Cc3ccccc3)C1=O)CC2,-9.5,AIEMG,734
FC(F)(F)c1cccc(C[NH+]2CCCC[C@@H]2c2noc3ccccc23)c1,-9.5,AIEMG,735
Fc1ccc2[nH]cc(CCN[C@@H](c3ccccc3)c3ccccc3)c2c1,-9.5,AIEMG,736
[N+]c1ccc(N2C(=O)[C@@H]3[C@@H]4C=C[C@@H](C4)C(=O)[C@H]3S2)cc1OCC(F)(Cl)c1ccc(Cl)cc1,-9.5,AIEMG,737
Fc1ccc2c(c1)c1c(Cl)cc(C[NH+]3CCC[C@@H]3CCc3ccccc3)nc12,-9.5,AIEMG,738
[N+]1=CCCC[C@@H]1c1cccc(/N=C/c2cn(-c3ccccc3Cl)nc2OC(F)F)c1,-9.5,AIEMG,739
[C@@]n1c(OCc2ccccc2)nc2ncnc(Nc3cccc(S(=O)(=O)N(C)C)c3)c21,-9.5,AIEMG,740
[C@H]Oc1ccc(CN2CCN(c3cc(C)[nH+]cc3C#N)C[C@H]2c2c[nH]c3c(C)cccc23)cc1,-9.5,AIEMG,741
[C@H]1c2ccccc2C(=O)N1c1cnn(CC[NH+]2CCC[C@]3(CC(C)(C)CSC3)C2)c1,-9.5,AIEMG,742
[C@@]=C(Nc1nc(/C=C(c2cccnc2)c2cccc([N+](=O)[O-])c2)cs1)c1ccccc1,-9.5,AIEMG,743
F[N+]([O-])=C(/C(=O)Nc1cccc2cc[nH]c12)c1ccc2ccccc2c1,-9.5,AIEMG,744
CC(C)n1nc(-c2ccc3[nH]ccc3c2)c2c(N)ncnc21,-9.5,ChEMBL,745
[C@H](CCNNC(=O)c1cn(Cc2ccccc2)nc1-c1ccccc1)c1nc2ccccc2[nH]1,-9.5,AIEMG,746
c1cccc(C(=O)N2CCC[C@@H](c3nc4ccccc4[nH]3)C2)c1,-9.5,AIEMG,747
N[C@@H]1c2ccccc2-c2cc(C[NH+]3CCC[C@H](OCCC(=O)NCc4ccccc4[N+](=O)[O-])C3)ccc21,-9.5,AIEMG,748
[C@@]1(Cc2ccccc2)Nc2ncccc2C12CC[NH+](Cc1ccccc1)C2,-9.5,AIEMG,749
[C@H](C)N1C(=O)c2ccccc2C(C(=O)NCCc2ccc(OCC(=O)Nc3ccc(Cl)cc3)cc2)C1=O,-9.5,AIEMG,750
CNC(=O)c1c(SSc2[nH]c3ccccc3c2C(=O)NC)[nH]c2ccccc12,-9.5,ChEMBL,751
COc1cc2ncnc(Nc3cccc(Cl)c3F)c2cc1OCC1CCN(C)CC1,-9.5,ChEMBL,752
COc1cc2ncnc(Nc3ccc(F)c(Cl)c3)c2cc1OCC1CCN(C)CC1,-9.5,ChEMBL,753
Fc1cccc(COc2ccc(Nc3ncnn4ccc(COC[C@@H]5CNCCO5)c34)cc2Cl)c1,-9.5,ChEMBL,754
FC(F)(F)c1nnc(-c2ccccc2)n1[C@H]1CC(=O)N(c2cccc(Cl)c2)C1,-9.5,AIEMG,755
NC1CCN(Cc2ccn3ncnc(Nc4ccc(OCc5cnccn5)c(Cl)c4)c23)CC1,-9.5,ChEMBL,756
[N+]1=c2ccccc2=[NH+][C@@H]1C(=O)NCc1ccc(OCC(=O)N(C2CCCCC2)C2CC2)cc1,-9.5,AIEMG,757
[C@@](C#Cc1ccccc1)[C@H]1CCCC[C@H]1C(=O)Nc1ccc(Cl)c(C(F)(F)F)c1,-9.5,AIEMG,758
[N+]1=CCCC[C@@H]1C(=O)Nc1ccc(Cl)cc1N[C@H]1CCCc2ccccc21,-9.5,AIEMG,759
[C@@](O)(c1ccc(=O)n(Cc2ccccc2)n1)[C@H]1CCCc2ccccc21,-9.5,AIEMG,760
O[C@H](CC[C@@]1(c2ccccc2F)NC(=O)N1C[C@@H]1CCCO1)c1nc2ccccc2[nH]1,-9.5,AIEMG,761
Clc1nc(CNc2ncccc2-c2cccs2)ccc1Oc1c(F)c(F)c(F)c(F)c1F,-9.5,AIEMG,762
[C@@]1(c2ccc(F)cc2)N[C@@H]1c1ccc(C(=O)N2CC[C@@H](C)[C@@H](O)C2)cc1,-9.5,AIEMG,763
[C@]1(c2ccccc2)NC(=O)c2cc(NC(=O)c3ccncc3)c(Cl)cc21,-9.5,AIEMG,764
[C@@](C#Cc1ccc(F)cc1)C(=O)N[C@H](c1ccccc1)c1ccncc1,-9.5,AIEMG,765
[N+]1=C[C@H](c2cc(OCc3ccccc3)ccc2[O-])N(Cc2ccc(C(F)(F)F)cc2)C([O-])=C1Cl,-9.5,AIEMG,766
[C@H]1CCN(c2cccc(NC(=O)CCN3C(=O)/C(=N\O)c4ccccc43)c2)C1,-9.5,AIEMG,767
Nc1nc(Nc2cccc(Br)c2)c2cc(Cc3ccccc3)[nH]c2n1,-9.5,ChEMBL,768
COc1cc2ncnc(Nc3ccc(F)c(Cl)c3)c2cc1CN1CC[C@@H](C(N)=O)C1,-9.5,ChEMBL,769
C=CC(=O)N1CCC[C@@H](n2nc(-c3ccc(F)cc3)c3c(N)ncnc32)C1,-9.495,ChEMBL,770
CC1(C)OCc2c(C(=O)c3n[nH]c4ccccc34)nc(-c3cn[nH]c3)nc21,-9.494,ChEMBL,771
C=CC(=O)N1CCC(Oc2nc(Nc3ccc(N4CCN(C)CC4)c(F)c3)nc3[nH]ccc23)CC1,-9.493,ChEMBL,772
COc1ccc(CNc2nc(N)nc3[nH]c4cc(C)c(O)cc4c23)cc1,-9.493,ChEMBL,773
Cc1ncc([N+](=O)[O-])n1CC(=O)N/N=C/c1cc2ccccc2nc1Oc1ccc(F)cc1,-9.492,ChEMBL,774
COc1cc(N2CCN(C)CC2)ccc1Nc1ncc(Cl)c(Oc2cccc(N)c2)n1,-9.492,ChEMBL,775
C#Cc1cccc(Nc2ncnc3cc4c(cc23)N(CCCN2CCOCC2)C(=O)CO4)c1,-9.488,ChEMBL,776
Fc1ccc(Nc2ncnc3cc4c(cc23)OCCO4)c(F)c1Br,-9.487,ChEMBL,777
C=CC(=O)N1CCC(n2nc(-c3ccc(Oc4ccccc4)cc3)c3c(N)ncnc32)CC1,-9.487,ChEMBL,778
CCC(=O)Nc1cc2c(Nc3ccc(NS(=O)(=O)c4ccccc4)c(F)c3)ncnc2cc1OC,-9.485,ChEMBL,779
CC(C)n1c(Nc2ccccc2)nc2cnc(Nc3ccc(N4CCN(C)CC4)cc3)nc21,-9.485,ChEMBL,780
C=CC(=O)N1CCC(CNc2ncnc(N)c2-c2ccc(Oc3ccccc3)cc2)CC1,-9.484,ChEMBL,781
C=CC(=O)Nc1cccc(Oc2nc(Nc3ccc(N4CCN(C)CC4)cc3OC)ncc2Cl)c1,-9.484,ChEMBL,782
Nc1nc(Nc2ccc(Cl)cc2)c2c(n1)[nH]c1cccc(Cl)c12,-9.483,ChEMBL,783
CNC(=O)C=Cc1cnc(N)c2c(-c3cc(F)c4[nH]c(C)cc4c3)csc12,-9.483,ChEMBL,784
Nc1nc(NCc2ccccc2)c2c(n1)[nH]c1cc(Br)c(O)cc12,-9.481,ChEMBL,785
C=CC(=O)Nc1cccc(-n2c(=O)cc(C)c3cnc(Nc4cnn(C5CCN(C)CC5)c4)nc32)c1,-9.48,ChEMBL,786
COc1cc(N2CCN(C)CC2)ccc1Nc1ncc(Cl)c(Oc2cccc([N+](=O)[O-])c2)n1,-9.48,ChEMBL,787
Cc1ccc(F)cc1Nc1nc2cc(Cl)c(N(C)C(=O)/C=C/CN(C)C)cc2n2cncc12,-9.479,ChEMBL,788
C=CC(=O)N1CCC[C@@H](n2nc(-c3ccc(N(C)C)c4ccccc34)c3c(N)ncnc32)C1,-9.478,ChEMBL,789
Cc1ccc(Nc2ncnc3cc(OC(C)C)c4c(c23)OCCO4)cc1C#N,-9.478,ChEMBL,790
CCOC(=O)c1ccc(Nc2ncnc3cc4oc(=O)n(CCCN5CCOCC5)c4cc23)cc1,-9.476,ChEMBL,791
CN1CCN(c2ccc(NC(=O)c3c(Nc4ccc(Cl)cc4)cc[nH]c3=O)cc2)CC1,-9.475,ChEMBL,792
COc1cccc(-n2cc(NC(=O)c3cccc(NS(=O)(=O)c4ccc(Cl)cc4)c3)cn2)c1,-9.475,ChEMBL,793
FC(F)(F)c1cccc(Nc2ncnc3cc(OCCCN4CCOCC4)c4c(c23)OCCO4)c1,-9.474,ChEMBL,794
Cc1cc(Nc2cc(N3CCN(C)CC3)nc(Oc3ccc(N)cc3)n2)n[nH]1,-9.474,ChEMBL,795
C=CC(=O)N[C@H]1CC[C@H](n2nc(-c3ccc(Oc4ccccc4)cc3)c3c(N)ncnc32)CC1,-9.473,ChEMBL,796
CCOC(=O)CCCn1c(=O)oc2cc3ncnc(Nc4ccc(OCc5ccccn5)cc4)c3cc21,-9.461,ChEMBL,797
Cc1ccc(-n2cc(NC(=O)c3cccc(NS(=O)(=O)c4ccc(Cl)cc4)c3)cn2)cc1,-9.461,ChEMBL,798
O=S(=O)(Nc1ccccn1)c1ccc(Nc2nncc3ccccc23)cc1,-9.461,ChEMBL,799
C#Cc1cccc(Nc2ncnc3ccc(-c4ccc(CO)o4)cc23)c1,-9.46,ChEMBL,800
Cc1ccc(C2=NN(C(N)=S)C(c3ccc4ccccc4c3)C2)cc1,-9.46,ChEMBL,801
C=C=CC(=O)Nc1cc(Nc2nccc(-c3cn(C)c4ccccc34)n2)c(C)cc1N(C)CCN(C)C,-9.459,ChEMBL,802
CCOc1cc2ncnc(N[C@@H](C)c3ccccc3)c2cc1NC(=O)[C@@H]1COC(=O)N1,-9.456,ChEMBL,803
O=C1c2ccccc2Nc2ccc(F)cc2N1Cc1ccccc1,-9.456,ChEMBL,804
Nc1nc(Nc2ccc(F)c(Br)c2)c2cc(CCc3ccccn3)[nH]c2n1,-9.455,ChEMBL,805
O=c1c2ccc(Cl)cc2nc(-c2ccccc2)n1-c1nnc(C2CC2)s1,-9.453,ChEMBL,806
C=CC(=O)N1CCC(Oc2nc(Nc3ccc(N4CCOCC4)cc3OC)nc3ccsc23)CC1,-9.452,ChEMBL,807
O=C(Nc1cc(-c2cccnc2)cc(C(F)(F)F)c1)Nc1nccs1,-9.452,ChEMBL,808
C#Cc1cccc(Nc2ncnc3cc4c(cc23)OCCOCCOCCO4)c1,-9.451,ChEMBL,809
CCOc1nc2cccc(C(=O)O)c2n1Cc1ccc(-c2ccccc2-c2nnn[nH]2)cc1,-9.45,ChEMBL,810
C=CC(=O)NCC1CCNc2c(C(N)=O)c(-c3ccc(Oc4ccccc4)cc3)nn21,-9.449,ChEMBL,811
Cc1ccc(C2=NN(C(N)=S)C(c3cccc4ccccc34)C2)cc1,-9.447,ChEMBL,812
C=CC(=O)Nc1cccc(Oc2nc(Nc3ccc(N4CCOCC4)cc3OC)ncc2Cl)c1,-9.446,ChEMBL,813
C=CC(=O)Nc1cccc(Oc2cnc(C(N)=O)c(Nc3ccc(N4CCN(C)CC4)cc3)n2)c1,-9.446,ChEMBL,814
O=C1COc2cc3ncnc(Nc4cccc(Br)c4)c3cc2N1CCCN1CCOCC1,-9.445,ChEMBL,815
OC[C@@H](Nc1ncnc2[nH]c(-c3ccccc3)cc12)c1ccccc1,-9.443,ChEMBL,816
CC1(C)OCc2c(Nc3n[nH]c4ccc(F)cc34)nc(-c3cn[nH]c3)nc21,-9.441,ChEMBL,817
O=C(NO)c1ccccc1Nc1nc(Nc2ccc(CN3CCOCC3)cc2)ncc1Cl,-9.44,ChEMBL,818
CNC(=O)COc1ccc(Nc2nc(Nc3ccc(C)c(S(N)(=O)=O)c3)ncc2F)cc1,-9.439,ChEMBL,819
Nc1nc(Nc2nnc3c4ccccc4nc(Sc4ccc(Br)cc4)n23)cs1,-9.437,ChEMBL,820
C=CC(=O)Nc1cccc(Nc2nc(Nc3cccc(OC)c3OC)ncc2Cl)c1,-9.437,ChEMBL,821
CC1(C)OCc2c(Oc3n[nH]c4ccccc34)nc(-c3cn[nH]c3)nc21,-9.437,ChEMBL,822
O=C(/C=C/[C@@H]1CCCN1)N1CCc2c(sc3ncnc(Nc4ccc(F)c(Cl)c4)c23)C1,-9.437,ChEMBL,823
O=C(c1ccc(/C=C/c2n[nH]c3ccccc23)cc1)N1CCNCC1,-9.435,ChEMBL,824
COc1ccc(C(=O)Nc2cnc3[nH]cc(-c4ccccc4)c3c2)cc1,-9.433,ChEMBL,825
C=CC(=O)Nc1cccc(Nc2nc(Nc3ccccc3OC)ncc2Cl)c1,-9.432,ChEMBL,826
C=CC(=O)N1CCC[C@@H](n2nc(-c3cn(-c4ccc(C(C)=O)cc4)nn3)c3c(N)ncnc32)C1,-9.431,ChEMBL,827
CC#CC(=O)N1CCC(c2cnn3c(C(N)=O)c(-c4ccc(Oc5ccccc5)cc4)[nH]c23)CC1,-9.428,ChEMBL,828
CCC(=O)Nc1cc(Nc2nccc(-c3c[nH]c4c(CCO)cccc34)n2)c(OC)cc1F,-9.427,ChEMBL,829
C=CC(=O)Nc1cccc(-n2c(=O)cnc3cnc(Nc4ccccc4)nc32)c1,-9.425,ChEMBL,830
Cc1ccc2nc(Oc3ccccc3)c(/C=N/NC(=O)Cn3c([N+](=O)[O-])cnc3C)cc2c1,-9.422,ChEMBL,831
COC1CCN(c2nccc(Nc3cc4c(cn3)ncn4C3CCCC3)n2)CC1,-9.422,ChEMBL,832
C=CC(=O)Nc1ccccc1C1CCNc2c(C(N)=O)c(-c3ccc(C(F)(F)F)cc3)nn21,-9.421,ChEMBL,833
OC[C@@H](Nc1ncnc2sc(-c3ccc(CN4CCNCC4)cc3)cc12)c1ccccc1,-9.42,ChEMBL,834
Nc1nc(NCCc2ccccc2)c2c(n1)[nH]c1ccc(O)cc12,-9.418,ChEMBL,835
O=C(Nc1nccs1)[C@@H](c1cc(F)ccc1O)N1Cc2ccccc2C1=O,-9.416,ChEMBL,836
C=CC(=O)N1CCC[C@@H](n2nc(-c3ccc(Oc4ccc(Cl)cc4)cc3)c(C(N)=O)c2N)C1,-9.416,ChEMBL,837
C[C@@H](Nc1ncnc2[nH]c(-c3cccc(C(N)=O)c3)cc12)c1ccccc1,-9.415,ChEMBL,838
COc1cc2ncnc(Nc3ccc(F)c(Cl)c3)c2cc1NC(=O)/C(F)=C/CN1CCOCC1,-9.415,ChEMBL,839
CN1CCC(n2cc(-c3cnc(N)c(-c4nc5ccccc5[nH]4)n3)cn2)CC1,-9.414,ChEMBL,840
C[C@@H](Nc1ncnc2oc(-c3ccc(NCCN4CCOCC4)cc3)cc12)c1ccccc1,-9.414,ChEMBL,841
Cc1ccc(NC(=O)/C=C/CN(C)C)cc1C(=O)Nc1nccc(-c2cccnc2)n1,-9.412,ChEMBL,842
CCC(=O)Nc1cccc(Oc2nc(Nc3cc(C)[nH]n3)cc(N3CCN(C)CC3)n2)c1,-9.411,ChEMBL,843
CNC(=O)c1ccccc1Nc1nc(Nc2ccc(N3CCOCC3)cc2OC)ncc1Cl,-9.411,ChEMBL,844
COC1CCN(c2nccc(Nc3cc4c(ccc(=O)n4C(C)C)cn3)n2)CC1,-9.407,ChEMBL,845
C=CC(=O)Nc1cccc(-c2nc(Nc3cc[nH]n3)c3ccccc3n2)c1,-9.405,ChEMBL,846
C=CC(=O)N1CCC(Oc2nc(Nc3ccc(N4CCN(C)CC4)cc3)nc3ccsc23)CC1,-9.401,ChEMBL,847
[C@@]1(C(C)=C2CCOC3=c4ccccc4=[NH+][C@H]32)C([O-])=NC(=O)[C@@H]1C/C=C\c1cccc(F)c1,-9.4,AIEMG,848
[N+]C1=C(Cl)[C@]2(CN(CCc3c[nH]c4ccc(Cl)cc34)N[C@@H]2c2ccccc2)c2ccccc21,-9.4,AIEMG,849
[N+]1=C[C@@H]2C[C@@H](C(=O)[O-])[NH+](Cc3ccccc3)[C@@H]2C1c1ccc(Br)cc1Cl,-9.4,AIEMG,850
[C@H]Oc1cc(C(=O)N2CCC(c3noc(=O)n3-c3ccccc3)CC2)ccc1NC(=O)C(C)C,-9.4,AIEMG,851
Fc1cc(/N=C(\NCc2nc(-c3ccco3)cs2)c2ccccc2)cs1,-9.4,AIEMG,852
Fc1ccc(-c2ncc([C@@H]3CCCN3C(=O)c3ccccc3)o2)c(N2CCOCC2)c1,-9.4,AIEMG,853
[C@]1(c2cc(F)cc(F)c2)NC(=O)N1c1ccc(CC(=O)Nc2cccc(C#N)c2)cc1,-9.4,AIEMG,854
Nc1ncnc2c1c(-c1ccc(F)c(O)c1)nn2[C@H]1CCOC1,-9.4,ChEMBL,855
Nc1ncnc2c1c(-c1ccc(Cl)c(O)c1)nn2CC1CCCNC1,-9.4,ChEMBL,856
FC(F)(F)c1ccc(OCC(=O)N2CCN(Cc3csc(-c4ccc(F)cc4)c3)CC2)cc1,-9.4,AIEMG,857
Fc1ccc(O)c([C@@H]2CCCN2Cc2nc(-c3ccccc3)no2)c1,-9.4,AIEMG,858
[C@@]1(CNC(=O)C2=c3ccccc3=[NH+]C2)[C@@H](c2ccccc2)N2CCO[C@@H]12,-9.4,AIEMG,859
[C@H]OC(=O)c1ccc([N-]S(=O)(=O)c2ccc(-c3cccc4cccnc34)cc2)cc1,-9.4,AIEMG,860
[C@H]1CCCC[C@@H]1[C@@H]1CCCN1C(=O)c1ccc(C(=O)c2ccc(F)cc2)cc1,-9.4,AIEMG,861
Fc1cccc(Oc2ccccc2C[NH2+][C@H]2c3ccccc3C2=O)c1,-9.4,AIEMG,862
[C@]1(C(=O)NCc2cccc(F)c2F)[C@H]2CN(CCC3=NC(=O)CCN3)C(=O)C[C@H]21,-9.4,AIEMG,863
[C@H]1C(=O)N2CCCC[C@@H]2C(=O)N1c1cc(-c2ccccc2)ccn1,-9.4,AIEMG,864
[C@]([C@@H]1CCCc2c1nnn2Cc1ccc(O)cc1)c1ccc(F)cc1,-9.4,AIEMG,865
[C@]1(c2ccccc2)NC(=O)N(Cc2csc(-c3ccccc3F)n2)C1,-9.4,AIEMG,866
[C@@]1(CCc2nnc(NC(=O)Cc3ccccc3)s2)CCCc2ccccc21,-9.4,AIEMG,867
[C@]1(CO)CCC[C@@H]1CC(=O)NC[C@@H](c1ccc(Cl)cc1)N1CCc2ccccc21,-9.4,AIEMG,868
[N+]/c1/C(=C/CSc2nc3ccccc3s2)c(O)c2c1Cc1ccccc1-2,-9.4,AIEMG,869
O=C(O)c1ccc2c(c1)CNc1c(Nc3cccc(Br)c3)ncnc1O2,-9.4,ChEMBL,870
[P@@](=C\c1sc2ccccc2c1Nc1ccc(F)cc1)C1CCCC1,-9.4,AIEMG,871
COC[C@H]1CCCN1/N=C/c1c(N)ncnc1Nc1ccc2c(cnn2Cc2cccc(F)c2)c1,-9.4,ChEMBL,872
Cn1nc(-c2ccc3occc(=O)c3c2)c2c(N)ncnc21,-9.4,ChEMBL,873
COc1cc2ncnc(Nc3cccc(Cl)c3F)c2cc1CN(C)C1(C(N)=O)CN(C(C)C)C1,-9.4,ChEMBL,874
[C@@]([C@H]1CCCCN1C(=O)c1cccc(F)c1)c1cc2ccccc2[nH]1,-9.4,AIEMG,875
OCc1cccc(C#Cc2cncnc2Nc2ccc(OCc3cccc(F)c3)c(Cl)c2)n1,-9.4,ChEMBL,876
[C@]1(C(=O)c2cc(Cl)ccc2N2CC[NH+](Cc3ccccc3)CC2)c2ccccc21,-9.4,AIEMG,877
[C@H]1nc(NC2CCN(C(=O)c3ccc4ccccc4c3)CC2)S1,-9.4,AIEMG,878
[P@@]=C(Nc1nnc(-c2ccc(Br)cc2)o1)N1CCN(c2ccccc2F)CC1,-9.4,AIEMG,879
[N+]n1c(=O)c2ccccc2nc1-c1ccc(Br)cc1C(F)(F)F,-9.4,AIEMG,880
COc1ccccc1-c1ccc2c(c1)NC(=O)/C2=C\c1[nH]c(C)c(CCC(=O)O)c1C,-9.4,ChEMBL,881
[C@](O)(C[NH+]1CCC[C@H]1C(N)=O)c1nc2sccc2cc1NC(=O)c1ccc(Cl)cc1,-9.4,AIEMG,882
N[C@@](C(=O)c1ccc(Cl)c(C(F)(F)F)c1)c1ccc(O)c(F)c1,-9.4,AIEMG,883
Fc1ccc(-c2ccccc2NC(=O)c2cccc(Cl)c2Cl)cc1,-9.4,AIEMG,884
[C@](O)(CC(=O)NC[C@H](c1ccccc1)c1c[nH]c2ccccc12)c1cccs1,-9.4,AIEMG,885
[P@@]C1CCN(Cc2ccc(N(C(=O)c3ccccc3)c3ccccc3)nn2)CC1,-9.4,AIEMG,886
[C@](C#Cc1ccccc1)[C@@H]1CCCCN1C(=O)[C@H]1Cc2ccccc2S1,-9.4,AIEMG,887
c1nc(NC[C@@H](c2ccco2)N2CCC(C(=O)NCCn3cccn3)CC2)nc2ccccc12,-9.4,AIEMG,888
FC(F)(F)c1cc(C[NH+]2CCc3ccccc3C2)ccc1N1CCCC1,-9.4,AIEMG,889
[C@H](C(=O)Nc1c(F)c(F)cc(F)c1F)[C@H]1C[C@@H](C)N(c2ccccc2)C1,-9.4,AIEMG,890
FC(F)(F)c1ccc2oc(C(=O)N3CCC[C@@H](C(=O)NC4CC4)C3)cc2c1,-9.4,AIEMG,891
O[C@H](Cn1cnc2ccc(F)cc21)c1cc(Br)cc2c1OCOC2,-9.4,AIEMG,892
[C@](O)(C[NH+](C)[C@@H](C)c1nc2ccccc2c(=O)[nH]1)c1ccccc1,-9.4,AIEMG,893
[C@]1(Cc2cccs2)NC(=O)N(CC(=O)N2CCC([C@@H](N)c3ccccc3)C2=O)CC1,-9.4,AIEMG,894
[C@H]1CCC(C(=O)Nc2c(C(C)c3ccccc3)n[nH]c2-c2ccccc2)C1,-9.4,AIEMG,895
[C@]1(SCc2c[nH]c3ccccc23)NC(=O)N(CC(=O)Nc2ccccc2C(F)(F)F)C1=O,-9.4,AIEMG,896
[C@H]1C=NN([C@H](CC(C)(C)c2ccc3c(c2)OCCO3)C2CC2)c2ccccc21,-9.4,AIEMG,897
Nc1ncnc(Nc2ccc3c(cnn3Cc3cccc(F)c3)c2)c1/C=N/NCC(F)(F)F,-9.4,ChEMBL,898
CC(=O)NCCNCc1ccc(-c2cc3ncnc(Nc4ccc5[nH]ccc5c4)c3s2)cc1,-9.4,ChEMBL,899
[C@]1(CCc2cccc(OCc3ccccc3Cl)c2)NC(=O)c2cccnc21,-9.4,AIEMG,900
Fc1ccc(Nc2ncnc3ccc(C#CCN4CCOCC4)cc23)cc1Cl,-9.4,ChEMBL,901
O=C1NC(=O)c2cc(Nc3ccccc3)c(Nc3ccccc3)cc21,-9.4,ChEMBL,902
COc1cc2ncnc(Nc3cccc(Cl)c3F)c2cc1OC1CCN(C)CC1,-9.4,ChEMBL,903
N[C@@H]1CCN(Cc2ccn3ncnc(Nc4ccc5c(cnn5Cc5cccc(F)c5)c4)c23)C1,-9.4,ChEMBL,904
COc1cc2ncnc(Nc3ccc(F)c(Cl)c3)c2cc1OC1CCN(C)CC1,-9.4,ChEMBL,905
COc1cc2ncnc(Nc3cncc4ccccc34)c2cc1OC,-9.4,ChEMBL,906
COc1cc2ncnc(Nc3cc(Cl)ccc3F)c2cc1OCC1CCN(C)CC1,-9.4,ChEMBL,907
NC1CCN(Cc2ccn3ncnc(Nc4cc(Cl)cc(Cl)c4)c23)CC1,-9.4,ChEMBL,908
CC(C)n1nc(-c2ccc3nc(NN)ccc3c2)c2c(N)ncnc21,-9.4,ChEMBL,909
CCn1cnc2c(Nc3cccc(Cl)c3)nc(N[C@@H]3CCCC[C@@H]3N)nc21,-9.4,ChEMBL,910
COc1cccc(-c2cn(C3CCN(CCO)CC3)c3ncnc(N)c23)c1,-9.4,ChEMBL,911
Cc1ccccc1Cc1cc2c(Nc3cccc(Br)c3)nc(N)nc2n1C,-9.4,ChEMBL,912
CN1CCC(c2c(O)cc(O)c3c2O/C(=C\c2ccccc2Cl)C3=O)CC1,-9.4,ChEMBL,913
N#C/C(=C\c1ccc(O)c(O)c1)C(=O)N1CCN(C(=O)/C(C#N)=C/c2ccc(O)c(O)c2)CC1,-9.4,ChEMBL,914
CC(C)n1nc(-c2cc(O)cc(F)c2)c2c(N)ncnc21,-9.4,ChEMBL,915
CC(C)c1ccc(COC(=O)c2cc(NCc3cc(O)ccc3O)ccc2O)cc1,-9.4,ChEMBL,916
Nc1ncnc2c1c(-c1ccc(F)c(O)c1)nn2[C@@H]1CCNC1,-9.4,ChEMBL,917
CCc1c(C(=O)N(C)C)cn2ncnc(Nc3ccc4c(cnn4Cc4ccccc4)c3)c12,-9.4,ChEMBL,918
Nc1ncnc2c1c(-c1ccc(Cl)c(O)c1)nn2C1CCCC1,-9.4,ChEMBL,919
c1ccc2sc(-c3ccc(Nc4ncnc5[nH]cnc45)cc3)nc2c1,-9.4,ChEMBL,920
[C@H]Oc1cccc(-c2csc(N3CCN(C(=O)c4ccccc4Cn4cc[nH+]n4)CC3)n2)c1,-9.4,AIEMG,921
Oc1ccc(-c2[nH]nc3ncnc(Nc4cccc(Cl)c4)c23)cc1,-9.4,ChEMBL,922
N#C/C(=C\c1cc(CSc2ccccc2)c(O)c(OCc2ccccc2)c1)C(N)=O,-9.4,ChEMBL,923
Nc1nc(Nc2cccc(Br)c2)c2cc(CCc3ccccn3)[nH]c2n1,-9.4,ChEMBL,924
O=C(O)/C=C/C(=O)Cc1ccc2ncnc(Nc3cccc(Br)c3)c2c1,-9.4,ChEMBL,925
CN(c1cccc(Br)c1)c1nc(N)nc2[nH]c(Cc3ccccc3)cc12,-9.4,ChEMBL,926
COc1cc2c(cc1OC)Oc1ncnc(Nc3ccc4c[nH]nc4c3)c1NC2,-9.4,ChEMBL,927
Nc1ncnc2c1c(-c1ccc3occc3c1)nn2C1CCCC1,-9.4,ChEMBL,928
COc1cccc(-c2cn(-c3ccc(CNCCO)cc3)c3ncnc(N)c23)c1,-9.4,ChEMBL,929
NCC1CCN(Cc2ccn3ncnc(Nc4ccc5c(cnn5Cc5cccc(F)c5)c4)c23)CC1,-9.4,ChEMBL,930
COc1cc(OC2CCOC2)c2c(Nc3ccc(F)c(Cl)c3)ncnc2c1,-9.4,ChEMBL,931
COc1ccc2ncnc(Nc3ccc(F)c(Cl)c3)c2c1OC1CCN(C)CC1,-9.4,ChEMBL,932
COc1cc(OC2CCN(C(C)=O)CC2)c2c(Nc3ccc(F)c(Cl)c3)ncnc2c1,-9.4,ChEMBL,933
C=CC(=O)Nc1ccc2ncnc(Nc3cccc(C(F)(F)F)c3)c2c1,-9.4,ChEMBL,934
C#Cc1cccc(Nc2ncnc3nc(Nc4ccc(CN5CCOCC5)cc4)sc23)c1,-9.4,ChEMBL,935
Cc1cc(N2CCOCC2)cc2[nH]c(-c3c(NC[C@@H](O)c4cccc(Cl)c4)cc[nH]c3=O)nc12,-9.4,ChEMBL,936
[C@H]1C(=O)[C@H](N2C[C@@H](C[NH+](C)Cc3ccccn3)[C@@H]2C(=O)NC[C@H](c2ccccc2)Nc2ncccn2)C1,-9.4,AIEMG,937
N[C@H]1CCN(Cc2ccn3ncnc(Nc4ccc5c(cnn5Cc5cccc(F)c5)c4)c23)C1,-9.4,ChEMBL,938
Fc1cccc(Cn2ncc3cc(Nc4ncnn5ccc(COC[C@@H]6COCCN6)c45)ccc32)c1,-9.4,ChEMBL,939
Cc1ccccc1Cc1cc2c(N(C)c3cccc(Br)c3)nc(N)nc2n1C,-9.4,ChEMBL,940
COc1cc2ncnc(Nc3cccc(Cl)c3F)c2cc1CN1CCOCC1C(N)=O,-9.4,ChEMBL,941
COc1cc2nccc(Nc3ccc(F)c(Cl)c3)c2cc1NC(=O)/C=C/CN1CCOCC1,-9.4,ChEMBL,942
c1ccc(CCc2cc3c(Nc4ccc5[nH]ccc5c4)ncnc3[nH]2)cc1,-9.4,ChEMBL,943
Fc1ccc(Nc2ncnc3cc4c(cc23)NCCO4)cc1Cl,-9.397,ChEMBL,944
Cc1cc(Nc2cc(N3CCN(C)CC3)nc(Oc3ccc(NC(=O)/C=C/CN(C)C)cc3)n2)n[nH]1,-9.396,ChEMBL,945
CC(=O)N1N=C(c2ccccc2)CC1c1ccc(C(=O)OC(C)Cn2c([N+](=O)[O-])cnc2C)cc1,-9.396,ChEMBL,946
O=C(/C=C/CN1CCS(=O)(=O)CC1)Nc1cc2c(Nc3ccc(F)c(Cl)c3)ncnc2s1,-9.395,ChEMBL,947
O=C1NCCc2[nH]c(-c3ccnc(-c4ccccc4F)c3)cc21,-9.395,ChEMBL,948
COC1CCN(c2nccc(Nc3cc4c(cn3)ncn4C3CCCCC3)n2)CC1,-9.395,ChEMBL,949
O=C1COc2cc3ncnc(Nc4cccc(Cl)c4)c3cc2N1CCCN1CCOCC1,-9.394,ChEMBL,950
COc1ccccc1Nc1nccc(-c2cc3c([nH]2)C2(CCN(C(=O)C#CN(C)C)CC2)CNC3=O)n1,-9.394,ChEMBL,951
O=C(Nc1cncnc1Oc1cccc(C(F)(F)F)c1)c1ccc(F)cc1,-9.393,ChEMBL,952
CC(C)(C)c1ccc(Nc2ncnc3cc4oc(=O)n(CCOC(=O)CBr)c4cc23)cc1,-9.39,ChEMBL,953
C#Cc1cccc(Nc2ncnc3cc(O[C@H]4CCOC4)c(NC(=O)/C=C/CNC4CC4)cc23)c1,-9.389,ChEMBL,954
C=CC(=O)N1CCC[C@@H](n2nc(-c3ccccc3)c3c(N)ncnc32)C1,-9.388,ChEMBL,955
Cc1cc(Nc2cc(N3CCN(C)CC3)nc(Oc3cccc([N+](=O)[O-])c3)n2)n[nH]1,-9.387,ChEMBL,956
C=CC(=O)Nc1cc2c(Nc3ccc(F)c(C#N)c3)ncnc2cc1O[C@H]1CCOC1,-9.386,ChEMBL,957
C=CC(=O)Nc1cccc(-c2c(C)oc3ncnc(N[C@H](CO)c4ccccc4)c23)c1,-9.386,ChEMBL,958
C=CC(=O)Nc1ccccc1Oc1nc(Nc2cc(C)[nH]n2)cc(N2CCN(C)CC2)n1,-9.385,ChEMBL,959
CNC(=O)c1nc(-c2ccc(Cl)c(S(=O)(=O)Nc3cccc(F)c3C)c2)cnc1N,-9.384,ChEMBL,960
Oc1cccc(Nc2nnnc3sc4c(c23)CCC4)c1,-9.383,ChEMBL,961
C=CC(=O)N1CCC(Oc2cc3c(Nc4cccc(Cl)c4F)ncnc3cc2OC)CC1,-9.383,ChEMBL,962
Clc1cc(-c2c[nH]c3ncccc23)cc(NCc2ccccc2)n1,-9.383,ChEMBL,963
C#Cc1cccc(Nc2ncnc3ccc(-c4cnn(C)c4)cc23)c1,-9.383,ChEMBL,964
Fc1ccc(Nc2ncnc3cc(OCCCN4CCOCC4)c4c(c23)OCCO4)cc1Cl,-9.382,ChEMBL,965
OC1CCC(Nc2cc(Cl)nc(-c3c[nH]c4ncccc34)n2)CC1,-9.382,ChEMBL,966
CC(C)Oc1cccc(Nc2ncnc3cc4oc(=O)n(CCCN5CCOCC5)c4cc23)c1,-9.381,ChEMBL,967
CCc1cc(NC(=O)c2c(Nc3ccccc3OC)cc[nH]c2=O)ccc1N1CCN(C)CC1,-9.381,ChEMBL,968
C[C@@H](Nc1ncnc2oc(-c3ccc(O)cc3)cc12)c1ccccc1,-9.377,ChEMBL,969
CC#CC(=O)Nc1ccc(Nc2nccc(-c3cn(C)c4ccccc34)n2)cc1,-9.377,ChEMBL,970
Nc1nc(NCc2ccc(Cl)cc2)c2c(n1)[nH]c1ccc(O)cc12,-9.376,ChEMBL,971
COC1CCN(c2nccc(Nc3cc4[nH]c(-c5cn[nH]c5)cc4cn3)n2)CC1,-9.375,ChEMBL,972
C=CC(=O)Nc1cc2c(Nc3ccc(Br)cc3F)ncnc2cc1O[C@H]1CCOC1,-9.374,ChEMBL,973
C#CC(=O)N1CCC(c2cnn3c(C(N)=O)c(-c4ccc(Oc5ccccc5OC)cc4)[nH]c23)C1,-9.374,ChEMBL,974
C=CC(=O)Nc1cccc(-n2c(=O)c(C3CC3)nc3cnc(Nc4ccc(OCCOC)cc4)nc32)c1,-9.374,ChEMBL,975
CN1CCN(c2ccc(NC(=O)c3c(Nc4ccccc4)cc[nH]c3=O)cc2)CC1,-9.372,ChEMBL,976
CN1CCN(CCOc2ccc(Nc3ncc(Cl)c(Nc4ccccc4C(=O)NO)n3)cc2)CC1,-9.372,ChEMBL,977
O=C(Nc1cnn(-c2ccccc2)c1)c1ccc(NS(=O)(=O)c2ccc(Cl)cc2)cc1,-9.372,ChEMBL,978
NC(=S)N1N=C(c2ccc(Br)cc2)CC1c1cccc2ccccc12,-9.37,ChEMBL,979
CCC(=O)N1CCC[C@@H](n2nc(-c3ccc(C(F)(F)F)cc3)c3c(N)ncnc32)C1,-9.368,ChEMBL,980
CC(C)(O)Cn1/c(=N/C(=O)c2ccnc(-c3ccccc3)c2)[nH]c2ccccc21,-9.367,ChEMBL,981
CCOc1ccc(Nc2ncnc3cc4oc(=O)n(CCCN5CCOCC5)c4cc23)cc1,-9.363,ChEMBL,982
C#Cc1cccc(Nc2nc(N)nc3[nH]c(CCc4ccccn4)cc23)c1,-9.363,ChEMBL,983
C=CC(=O)Nc1ccc2ncnc(Oc3ccc(C(=O)Nc4ccccn4)cc3)c2c1,-9.36,ChEMBL,984
COc1cccc(Nc2nc(N)nc3[nH]c4cccc(Cl)c4c23)c1,-9.36,ChEMBL,985
C=CC(=O)Nc1cccc(Nc2nc(Nc3ccc(OC)cc3OC)ncc2Cl)c1,-9.359,ChEMBL,986
NS(=O)(=O)c1cccc(Nc2ncc3ccn(-c4ccccc4)c3n2)c1,-9.359,ChEMBL,987
Cc1nccn2c(-c3ccnc(NCC(C)(C)CO)n3)c(-c3ccc(F)cc3F)nc12,-9.357,ChEMBL,988
CC(=O)c1cccc(Nc2ncnc3cc4oc(=O)n(CCCN5CCOCC5)c4cc23)c1,-9.357,ChEMBL,989
C/C(=N\Nc1ncc(Cl)c(Nc2cccc(NC(=O)/C=C/CN(C)C)c2)n1)c1ccccn1,-9.356,ChEMBL,990
C=CC(=O)Nc1ccc(-n2c(=O)cnc3cnc(Nc4ccc(Cl)cc4)nc32)cc1,-9.352,ChEMBL,991
O=C(c1ccccc1)c1ccc(NC(=O)c2cc3ccccc3[nH]2)cc1,-9.351,ChEMBL,992
NC(=S)N1N=C(c2ccc(F)cc2)CC1c1cccc2ccccc12,-9.351,ChEMBL,993
C#Cc1cccc(Nc2ncnc3cc4c(cc23)N(CCCN2CCCCC2)C(=O)CO4)c1,-9.351,ChEMBL,994
Cc1ccc(/C=N\Nc2nc(-c3nc4ccccc4n3C)cs2)cc1,-9.351,ChEMBL,995
NC(=S)N1N=C(c2ccc(Cl)cc2)CC1c1cccc2ccccc12,-9.35,ChEMBL,996
O=c1oc2cc3ncnc(Nc4ccc(F)c(Cl)c4)c3cc2n1CCCN1CCOCC1,-9.349,ChEMBL,997
Cc1ccc2c(c1)cc(C1C(C#N)=C(N)N(c3cccnc3)C3=C1C(=O)CCC3)c1nnnn12,-9.347,ChEMBL,998
CCC(=O)N1CCC[C@@H](n2nc(-c3cn(-c4ccc(C(C)=O)cc4)nn3)c3c(N)ncnc32)C1,-9.345,ChEMBL,999
O[C@H]1CC[C@H](Nc2ncc3nc(Nc4c(F)cc(F)cc4F)n([C@H]4CCOC4)c3n2)CC1,-9.343,ChEMBL,1000
CN1CCN(C/C=C/C(=O)Nc2cc3c(Nc4ccc(F)c(Cl)c4)ncnc3s2)CC1,-9.341,ChEMBL,1001
O=C1NN(c2ccc(F)c(Cl)c2)C(=O)/C1=C\c1cccc(OC(=O)c2cccs2)c1,-9.341,ChEMBL,1002
O=C(Cc1csc2nc3ccccc3n12)Nc1cccc2ccccc12,-9.339,ChEMBL,1003
CC(C)(O)Cn1/c(=N/C(=O)c2cccc(-c3cccnc3)c2)[nH]c2ccccc21,-9.339,ChEMBL,1004
COc1cc2ncnc(Nc3cccc(Cl)c3F)c2cc1C(=O)N1CCOCC1,-9.338,ChEMBL,1005
CN1CCC[C@H]1/C=C/C(=O)N1CCc2c(sc3ncnc(Nc4ccc(F)c(Cl)c4)c23)C1,-9.338,ChEMBL,1006
Nc1ncnc(Nc2cc(CNC(=O)C(F)(F)F)c(O)c(-c3ccc(Cl)cc3)c2)n1,-9.336,ChEMBL,1007
C=CC(=O)N1CCC(Oc2nc(Nc3ccc(N4CCN(C)CC4)cc3)nc3[nH]ccc23)CC1,-9.336,ChEMBL,1008
CC(=O)N1N=C(c2ccc(F)cc2)CC1c1ccc(C(=O)OCCn2c([N+](=O)[O-])cnc2C)cc1,-9.334,ChEMBL,1009
COc1cccc(CNc2nc(N)nc3[nH]c4ccc(O)cc4c23)c1,-9.33,ChEMBL,1010
COc1cc2ncnc(Nc3cccc(Cl)c3F)c2cc1OC(=O)N1CC[C@H](N(C)C)C1,-9.329,ChEMBL,1011
c1ccc(COc2ccc(Nc3ncnc4ccccc34)cc2)cc1,-9.329,ChEMBL,1012
COc1ccccc1Nc1cc[nH]c(=O)c1C(=O)Nc1ccc(N2CCN(C)CC2)nc1,-9.325,ChEMBL,1013
C=CC(=O)N1CC(Oc2cc3c(N[C@H](C)c4ccccc4)ncnc3cc2OC)C1,-9.325,ChEMBL,1014
C=CC(=O)Nc1cccc(Nc2nc(Nc3ccccc3OC)ncc2Br)c1,-9.323,ChEMBL,1015
C#Cc1cccc(Nc2ncnc3ccc(OCCCC(=O)NO)cc23)c1,-9.323,ChEMBL,1016
C=CC(=O)Nc1cccc(-n2c(=O)c(C)nc3cnc(Nc4ccc(OC)cc4)nc32)c1,-9.322,ChEMBL,1017
O=C(O)c1ccccc1Nc1ccnc(Nc2cccc(O)c2)n1,-9.32,ChEMBL,1018
O=c1oc2cc3ncnc(Nc4ccc(F)c(F)c4)c3cc2n1CCCN1CCOCC1,-9.32,ChEMBL,1019
O=C(Cn1c(-c2ccccc2)cc(=O)n2ncnc12)NNC(=S)Nc1ccccc1,-9.317,ChEMBL,1020
Cc1cccc(NC(=O)Nc2ccc(-c3cnc4c(-c5cnn(C)c5)cnn4c3N)cc2)c1,-9.315,ChEMBL,1021
C=CC(=O)Nc1cccc(-n2c(=O)n(C)c(=O)c3cnc(Nc4ccccc4)nc32)c1,-9.314,ChEMBL,1022
C=CC(=O)N1CC(C2CCNc3c(C(N)=O)c(-c4ccc(Oc5ccccc5)cc4)nn32)C1,-9.314,ChEMBL,1023
Nc1nc2c(c(Nc3cccc(Br)c3)n1)-c1ccccc1C2,-9.314,ChEMBL,1024
N#Cc1cccc(Nc2ncnc3cc4c(cc23)OCCO4)c1F,-9.314,ChEMBL,1025
O=C(Nc1cnn(-c2ccccc2)c1)c1cccc(NS(=O)(=O)c2ccc(Cl)cc2)c1,-9.314,ChEMBL,1026
O=C(NO)c1ccccc1Nc1nc(Nc2ccc(OCC(=O)N3CCOCC3)cc2)ncc1Cl,-9.312,ChEMBL,1027
COc1cc2ncnc(N3CCc4ccccc43)c2cc1NC(=O)/C=C/CN1CCCCC1,-9.312,ChEMBL,1028
CCC(=O)N1CC[C@@H](Oc2nc(Nc3ccc(N4CCN(C)CC4)cc3)c(C(N)=O)nc2CC)C1,-9.312,ChEMBL,1029
NC(=O)Cc1cccc(-c2cc3c(N[C@H](CO)c4ccccc4)ncnc3[nH]2)c1,-9.311,ChEMBL,1030
OC1CCC(Nc2nc(Cl)cc(-c3c[nH]c4ncccc34)n2)CC1,-9.309,ChEMBL,1031
C[C@@H](Nc1ncnc2[nH]c(-c3ccc(C(N)=O)cc3)cc12)c1ccccc1,-9.308,ChEMBL,1032
Fc1ccc(Br)cc1Nc1ncnc2cc3c(cc12)OCCO3,-9.307,ChEMBL,1033
C=CC(=O)N1CCC[C@H]1Cn1nc(-c2ccc(Oc3ccccc3)cc2)c2c(N)ncnc21,-9.305,ChEMBL,1034
Cc1nn(-c2ccc(F)cc2)c2ncnc(Nc3ccc(F)c(Cl)c3)c12,-9.304,ChEMBL,1035
CN1CCN(C/C=C/C(=O)Nc2cc3c(Nc4ccc(F)c(Cl)c4)ncnc3cn2)CC1,-9.302,ChEMBL,1036
Cc1cccc(NC(=O)Nc2ccc(NC(=O)c3csc4ncnc(N)c34)cc2)c1,-9.301,ChEMBL,1037
C#CC(=O)N1CC(c2cnn3c(C(N)=O)c(-c4ccc(Oc5ccccc5)cc4)[nH]c23)C1,-9.301,ChEMBL,1038
COc1ccncc1-c1cc(C(=O)/N=c2\[nH]c3ccccc3n2CC(C)(C)O)ccn1,-9.301,ChEMBL,1039
FC(F)(F)c1ccnc(SC[C@H]2CCCN(c3ccc(-c4ccccn4)cn3)C2)c1,-9.3,AIEMG,1040
NC(=O)c1ccc(-c2csc(NC(=O)C3CCN(c4ccc(F)cc4)CC3)n2)cc1,-9.3,AIEMG,1041
[N+]c1ccc(S(=O)(=O)N2CCOCC2)nc1N[C@@H]1C(=O)NCC2(CCCCC2)N1,-9.3,AIEMG,1042
[C@H]([C@H](C)NC(=O)Nc1cc(Cl)ccc1OCC1CCCCC1)[NH+]1CCN(c2ccccc2)CC1,-9.3,AIEMG,1043
CC(C)n1nc(-c2cc3ccccc3nc2Cl)c2c(N)ncnc21,-9.3,ChEMBL,1044
[C@H]1c2ccc(C(=O)Nc3nc(Cc4ccccc4Cl)c[nH]3)cc2NC1=O,-9.3,AIEMG,1045
[NH+]=C(/NCc1cccnc1)N1CCN(c2nc3ccccc3c(=O)[nH]2)CC1,-9.3,AIEMG,1046
O=C(CNC(=O)Oc1ccccc1)Nc1ccc2ncnc(Nc3cccc(Br)c3)c2c1,-9.3,ChEMBL,1047
ClC1=c2ccccc2=[NH+][C@H]1C[C@H](c1ccc(F)cc1)N1C[C@H](Cc2ccccc2)CC1,-9.3,AIEMG,1048
[C@H]1CCN(C(=O)c2cccc3c2NC(N)(c2ccccc2)N(C)[C@@H]3O)c1=O,-9.3,AIEMG,1049
c1csc(CNc2ncnc3ccc(-c4ccc5c(c4)OCO5)cc23)c1,-9.3,ChEMBL,1050
Nc1ncnc(Nc2ccc3c(cnn3Cc3cccc(F)c3)c2)c1/C=N/N1CCOCC1,-9.3,ChEMBL,1051
[C@](C#N)c1ccc([C@@H]2C3=C(c4ccccc4F)OC3=NC(=O)N2Cc2cccs2)cc1,-9.3,AIEMG,1052
[N+]c1nnc(NCC(=O)N2CCC(c3nc(-c4ccccc4)n[nH]3)CC2)[nH]1,-9.3,AIEMG,1053
Fc1ccc(Oc2sc3cc(NCc4ccccc4)c[nH+]c3c2CN2CCOCC2)cc1,-9.3,AIEMG,1054
[C@][N+][C@]1(Cc2ccc(C(C)(C)C)nc2)NC(=O)N(CC(=O)N2CCN(c3ccccc3)C2=O)CC1,-9.3,AIEMG,1055
[N+]=C(c1ccccc1)N1CCN(C(=O)c2cc([N+](=O)[O-])ccc2F)CC1,-9.3,AIEMG,1056
[N+]c1ccc(C(=O)/C=C/C(=O)c2ccc(Cl)cc2)cc1OCc1ccccc1,-9.3,AIEMG,1057
Clc1cc(Cl)c(CN2CCO[C@H](c3cccc(Cl)c3)C2)c2ccccc12,-9.3,AIEMG,1058
N/C(=N/c1ccccc1)c1ccc2c(c1)O/C(=C/c1ccco1)C2=O,-9.3,AIEMG,1059
c1cccc(Cn2ncc3c(-c4ccc(Cl)cc4)noc3C2)c1,-9.3,AIEMG,1060
[C@@](CN(C)C(=O)Cc1ccccc1Cl)c1cccnc1N[C@@H]1CCc2ccccc21,-9.3,AIEMG,1061
[C@@](C#CC[C@@H]1CCC[NH+]1CCN1C(=O)c2ccccc2C(=O)N1)SCc1nc2ccccc2s1,-9.3,AIEMG,1062
[N+]1=Nc2c(s1)[C@@H](C(=O)N1CCOCC1)C1=C(C[C@H](c3ccco3)C1)[C@@H]2c1ccco1,-9.3,AIEMG,1063
[C@]1([C@H](Cc2ccccc2)c2ccc(O)cc2)CCCN(C(=O)c2ccc(Br)o2)C1,-9.3,AIEMG,1064
FC(F)(F)c1nc(SCCN2C(=O)c3ccccc32)nc2ccc([N+](=O)[O-])cc12,-9.3,AIEMG,1065
[C@H](c1ccc(Cl)cc1)/[NH+]=C(\NCc1cccc(N(C)C)c1)N1CCO[C@H](C#N)C1,-9.3,AIEMG,1066
[C@H]1CCC[C@@H](CC(=O)Nc2n[nH]c(=O)c3ccc(C(F)(F)F)cc23)C1,-9.3,AIEMG,1067
[C@](C#Cc1cccc(C(=O)NCCC2=CCNc3ccccc32)c1)c1ccc(F)cc1,-9.3,AIEMG,1068
Cc1nn(Cc2ccccc2)cc1CN1CCO[C@H](c2cccc(C(F)(F)F)c2)C1,-9.3,AIEMG,1069
[C@@]1(CCc2ccc(Cl)cc2Cl)NC(=O)N(CC(=O)N2CCc3c(Cl)cccc32)C1=O,-9.3,AIEMG,1070
[C@@][C@@H]1[C@@H](C(=O)NCc2ccccc2)c2ccccc2N1Cc1noc(C(C)C)n1,-9.3,AIEMG,1071
[N+]=C(c1cccc(C(F)(F)F)c1)N1CCN(C(=O)c2ccc(=O)[nH]n2)CC1,-9.3,AIEMG,1072
FC(F)c1cccc(C(=O)NCC[NH+]2CCN(c3nccn3Cc3ccccc3)CC2)c1,-9.3,AIEMG,1073
[C@@]1(C(=O)N2CCCS[C@@H]2CNC(=O)c2cccc(F)c2)Nc2ccccc21,-9.3,AIEMG,1074
Clc1n[nH]c(-c2n[nH]c([O-])n2)c1C[NH+]1CCN(Cc2cccc(F)c2)CC1,-9.3,AIEMG,1075
[C@](C#Cc1nc(-c2ccccc2)no1)c1cc(F)ccc1Oc1ccccc1,-9.3,AIEMG,1076
[C@@]1(C(=O)N2CCC[C@H]2C(N)=O)CCC[C@@H]1Nc1nc2ccccc2s1,-9.3,AIEMG,1077
Fc1cc(CN2CC[NH+](Cc3cccc(F)c3F)CC2)c([N+](=O)[O-])cc1,-9.3,AIEMG,1078
c1ccc(-c2ccccc2CN2CCN(c3cccc[nH+]3)CC2)cc1,-9.3,AIEMG,1079
C=CC(=O)Nc1ccc2ncnc(Nc3ccc(CN(C)C)c(Br)c3)c2c1,-9.3,ChEMBL,1080
O=C(C#CCN1CCCCC1)Nc1ccc2ncnc(Nc3cccc(Br)c3)c2c1,-9.3,ChEMBL,1081
COc1ccc(CCc2cc3c(Nc4cccc(Br)c4)nc(N)nc3[nH]2)cc1,-9.3,ChEMBL,1082
C=CC(=O)NC1=CC=C2N=CN=C(Nc3ccc(OCc4ccccc4)cc3)C21,-9.3,ChEMBL,1083
CCNC(=O)Nc1nc2nc(N)ncc2cc1-c1c(Cl)cccc1Cl,-9.3,ChEMBL,1084
NC1CCN(Cc2ccn3ncnc(Nc4cccc(F)c4)c23)CC1,-9.3,ChEMBL,1085
Cc1cccc(Nc2ncnn3ccc(CN4CCC(N)CC4)c23)c1,-9.3,ChEMBL,1086
COc1ccccc1-c1ccc2c(c1)NC(=O)/C2=C\c1[nH]cc(CCC(=O)O)c1C,-9.3,ChEMBL,1087
NC1CCN(Cc2ccn3ncnc(Nc4ccc(F)c(Cl)c4)c23)CC1,-9.3,ChEMBL,1088
NC1CCN(Cc2ccn3ncnc(Nc4cccc(Br)c4)c23)CC1,-9.3,ChEMBL,1089
COc1cc2ncnc(Nc3cc(Cl)ccc3F)c2cc1OC1CCN(S(C)(=O)=O)CC1,-9.3,ChEMBL,1090
COc1cc2ncnc(Nc3cccc(Cl)c3F)c2cc1CN1CCCC1,-9.3,ChEMBL,1091
COc1ccc2c(c1)CNc1c(Nc3ccc(F)c(Cl)c3)ncnc1O2,-9.3,ChEMBL,1092
COCCN1CCC(Oc2cc3c(Nc4cccc(Cl)c4F)ncnc3cc2OC)CC1,-9.3,ChEMBL,1093
O=C(C#CCN1CCOCC1)Nc1cc2c(Nc3ccc(F)c(Cl)c3)ncnc2cn1,-9.3,ChEMBL,1094
CCn1cnc2c(Nc3cccc(Cl)c3)nc(N[C@H]3CCC[C@@H](N)C3)nc21,-9.3,ChEMBL,1095
COc1cc2ncnc(Nc3cc(Cl)ccc3F)c2cc1OC1CCN(C)CC1,-9.3,ChEMBL,1096
COc1ccc(CC(CO)n2cc(-c3cccc(O)c3)c3c(N)ncnc32)cc1,-9.3,ChEMBL,1097
[C@H](c1ccccc1)CCNC(=O)N[C@@H](COC(=O)c1c[nH]c2ccccc12)c1ccco1,-9.3,AIEMG,1098
CC(C)(C)NC(=O)Nc1nc2nc(N)ncc2cc1-c1ccccc1,-9.3,ChEMBL,1099
O=C(C#CCCN1CCOCC1)Nc1cc2c(Nc3ccc(F)c(Cl)c3)ncnc2cn1,-9.3,ChEMBL,1100
Nc1ncnc2c1c(-c1ccccc1)cn2-c1cccc(CO)c1,-9.3,ChEMBL,1101
CC(C)(C)OC(=O)N1CCC(n2cc(-c3ccccc3)c3c(N)ncnc32)C1,-9.3,ChEMBL,1102
C=C(CN1CCOCC1)C(=O)Nc1ccc2ncc(C#N)c(Nc3ccc(F)c(Cl)c3)c2c1,-9.3,ChEMBL,1103
[C@](O)(c1ccc(C#N)cc1)c1nnc(-c2ccc3ccccc3c2)o1,-9.3,AIEMG,1104
CC(C)n1nc(-c2ccc3cc[nH]c3c2)c2c(N)ncnc21,-9.3,ChEMBL,1105
[C@]Oc1nc2ccc(NC(=O)C(=O)N[C@@H]3CCc4cc(F)ccc4C3)cc2nc1C,-9.3,AIEMG,1106
CC(C)n1nc(-c2ccc3[nH]c(=O)[nH]c3c2)c2c(N)ncnc21,-9.3,ChEMBL,1107
COc1cc(/C=C(\C#N)C(N)=O)cc(CSc2cccc3ccccc23)c1O,-9.3,ChEMBL,1108
COc1ccc2[nH]c3ncnc(Nc4cccc(Br)c4)c3c2c1,-9.3,ChEMBL,1109
CC(C)n1nc(-c2cccc3[nH]ccc23)c2c(N)ncnc21,-9.3,ChEMBL,1110
CN1CCC(Oc2cccc3ncnc(Nc4ccc(F)c(Cl)c4)c23)CC1,-9.3,ChEMBL,1111
CN1CCN(c2ccc3c(n2)nc(-c2ccc(F)cc2)n3-c2ccnc(NC3CCCC3)n2)CC1,-9.3,ChEMBL,1112
COc1cccc(-c2cn(C3CCN(CCN(C)CCO)CC3)c3ncnc(N)c23)c1,-9.3,ChEMBL,1113
C=CC(=O)N1CCc2c(sc3ncnc(N[C@H](CO)c4ccccc4)c23)C1,-9.3,ChEMBL,1114
FC(F)(F)c1ccc([C@H]2NC(=O)C(c3cccs3)=C2C(=O)Nc2cccc(F)c2)cc1,-9.3,AIEMG,1115
CCOC(=O)c1cn2ncnc(Nc3ccc4c(cnn4Cc4ccccc4)c3)c2c1C,-9.3,ChEMBL,1116
CCOC(=O)c1cc2c(Nc3ccc4c(cnn4Cc4ccccc4)c3)ncnn2c1,-9.3,ChEMBL,1117
[N+]n1c(=O)[nH]c(=S)n1/N=N/c1nc2ccc(Cl)cc2n1CCC(=O)N1CCN(Cc2ccccc2)CC1,-9.3,AIEMG,1118
CN(C)C/C=C/C(=O)Nc1ccc2ncc(C#N)c(Nc3ccc(F)c(Cl)c3)c2c1,-9.3,ChEMBL,1119
Cc1cccc(-n2ncc3c(NCc4ccc5c(c4)OCO5)ncnc32)c1,-9.3,ChEMBL,1120
CC(=O)/C=C/C(=O)Nc1ccc2ncnc(Nc3cccc(Br)c3)c2c1,-9.3,ChEMBL,1121
Oc1ccc2ncnc(Nc3ccc(OCc4ccccc4)cc3)c2c1,-9.3,ChEMBL,1122
CCCCNc1ncc2cc(-c3c(Cl)cccc3Cl)c(=O)n(C)c2n1,-9.3,ChEMBL,1123
[C@H]Oc1ccccc1Oc1ccccc1NC(=O)C(=O)N[C@H]1CC(=O)N(C[C@@H]2CCCO2)C1,-9.3,AIEMG,1124
Cn1nc(-c2cnc3[nH]ccc3c2)c2c(N)ncnc21,-9.3,ChEMBL,1125
COc1ccc(-c2[nH]nc3ncnc(Nc4cccc(Cl)c4)c23)cc1,-9.3,ChEMBL,1126
CCC(=O)Nc1cc2c(Nc3ccc(NS(=O)(=O)c4ccccc4)cc3)ncnc2cc1OC,-9.3,ChEMBL,1127
[C@@]1(CCl)[C@@H](N/C=C2/C(=O)N(c3cccc(Cl)c3)N=N[C@H]2C(=O)[O-])C(C#N)=C(C#N)c2ccccc21,-9.3,AIEMG,1128
[C@@]Oc1cccc(C(=O)N2CCN([C@@H](c3ccc(C)cc3)n2)c2ccccc2)c1,-9.3,AIEMG,1129
CC(C)n1nc(-c2ccc3[nH]ncc3c2)c2c(N)ncnc21,-9.3,ChEMBL,1130
O=C(NOCc1ccccc1)c1cc(NCc2cc(O)ccc2O)ccc1O,-9.3,ChEMBL,1131
[N+]=C[C@H]1CC=CC[C@H]1C(=O)N1CCC[C@@H](C(=O)c2cccc(F)c2)C1,-9.3,AIEMG,1132
COc1cc(/C=C(\C#N)C(N)=O)cc(CSc2ccc3ccccc3c2)c1O,-9.3,ChEMBL,1133
COc1cc2ncnc(Nc3ccc(N4Cc5ccccc5C4)cc3)c2cc1OC,-9.3,ChEMBL,1134
Fc1ccc(-c2nn3ccccc3c2-c2ccncc2)cc1,-9.3,ChEMBL,1135
CC(C)n1nc(-c2cnc3[nH]ccc3c2)c2c(N)ncnc21,-9.3,ChEMBL,1136
COC(=O)COCc1ccn2ncnc(Nc3ccc4c(cnn4Cc4cccc(F)c4)c3)c12,-9.3,ChEMBL,1137
COc1ccc(-c2nn(C3CCC(C)C3)c3ncnc(N)c23)cc1O,-9.3,ChEMBL,1138
[C@@](C#Cc1ccc2ccccc2c1)NC1CC[NH+](Cc2ccc(F)cc2)CC1,-9.3,AIEMG,1139
Nc1ncnc2c1c(-c1ccc(F)c(O)c1)nn2[C@@H]1CCOC1,-9.3,ChEMBL,1140
CC(C)n1nc(-c2ccc3ccncc3c2)c2c(N)ncnc21,-9.3,ChEMBL,1141
CC(=O)N1N=C(c2ccc(C)c(C)c2)CC1c1ccccc1Cl,-9.3,ChEMBL,1142
C[C@@H](NC(=O)[C@@H](C)NC(=O)c1ccc(S(=O)(=O)Oc2ccc(/C=C/[N+](=O)[O-])cc2)cc1)C(=O)O,-9.3,ChEMBL,1143
COc1ccc(Nc2cc3c(cc2Nc2ccccc2)C(=O)NC3=O)cc1,-9.3,ChEMBL,1144
Nc1ncnc2c1c(-c1ccc(F)c(O)c1)nn2C1CCC1,-9.3,ChEMBL,1145
COc1ccc(OC)c(Cc2cc3c(Nc4cccc(Br)c4)nc(N)nc3[nH]2)c1,-9.3,ChEMBL,1146
Nc1nc(N)c2c(n1)[nH]c1cccc(Sc3ccccc3)c12,-9.3,ChEMBL,1147
[N+]1=CCCC[C@H]1C(=O)N1CCC(NC2=Cc3ccccc3C(=O)N2C2CCC2)CC1,-9.3,AIEMG,1148
Clc1cccc(Nc2[nH]nc3ncnc(Nc4ccccc4)c23)c1,-9.3,ChEMBL,1149
CCn1c(=O)c(-c2c(Cl)cccc2Cl)cc2cnc(Nc3ccncc3)nc21,-9.3,ChEMBL,1150
Nc1ncnc2c1c(-c1ccc(F)c(O)c1)nn2[C@H]1CCNC1,-9.3,ChEMBL,1151
Nc1cccc(-c2[nH]nc3ncnc(Nc4cccc(Cl)c4)c23)c1,-9.3,ChEMBL,1152
O=C(O)/C=C/C(=O)Nc1ccc2ncnc(Nc3cccc(Br)c3)c2c1,-9.3,ChEMBL,1153
O=C1CSCC(=O)N1c1nnc2c3ccccc3nc(Sc3ccc(Br)cc3)n12,-9.298,ChEMBL,1154
CCC(=O)Nc1cc(Nc2cc[nH]n2)nc(-c2ccccc2)n1,-9.295,ChEMBL,1155
CN1CCN(c2ccc3nc(-c4c(N)c5c(F)cccc5[nH]c4=O)[nH]c3c2)CC1,-9.294,ChEMBL,1156
C=CC(=O)Nc1ccc(OC)c(Nc2ncc(Cl)c(-c3cnn4ccccc34)n2)c1,-9.291,ChEMBL,1157
C=CC(=O)Nc1ccccc1Nc1nc(Nc2ccc(CN3CCOCC3)cc2)ncc1Cl,-9.29,ChEMBL,1158
N#CC1=C(N)N(c2nnc3c4ccccc4nc(Sc4ccc(Br)cc4)n23)C(=O)C1,-9.29,ChEMBL,1159
Cc1ccc(-n2cc(NC(=O)c3ccc(NS(=O)(=O)c4ccccc4)cc3)cn2)cc1,-9.29,ChEMBL,1160
COc1ccc(-c2cc(NC(=O)Nc3nccs3)cc(C(F)(F)F)c2)cn1,-9.287,ChEMBL,1161
Cc1ccc(-n2nc(C)c(C3C(C#N)=C(N)N(c4cccnc4)C4=C3C(=O)CCC4)c2Cl)cc1,-9.285,ChEMBL,1162
Fc1ccc(Br)c(F)c1Nc1ncnc2cc3c(cc12)OCCO3,-9.281,ChEMBL,1163
CC(C)(C)OC(=O)NCC(=O)Nc1ccc2ncnc(Nc3ccc(F)c(Cl)c3)c2c1,-9.281,ChEMBL,1164
COc1cc(N2CCN(C)CC2)ccc1Nc1ncc(Cl)c(Oc2cccc(NC(C)=O)c2)n1,-9.28,ChEMBL,1165
C#Cc1cccc(Nc2ncnc3cc(OC4CCOCC4)c4c(c23)OCCO4)c1,-9.28,ChEMBL,1166
C=CC(=O)Nc1cc2c(Nc3ccc(F)c(Cl)c3)ncnc2cc1O[C@H]1CCOC1,-9.279,ChEMBL,1167
Cn1c(NCC(N)Cc2ccccc2)nc(-c2ccncc2)c(-c2ccc3ccccc3c2)c1=O,-9.276,ChEMBL,1168
O=[N+]([O-])c1cccc(CNc2ccnc3oc4ccc([N+](=O)[O-])cc4c23)c1,-9.276,ChEMBL,1169
Cc1ccc(Oc2nc3ccccc3cc2/C=N/NC(=O)Cn2c([N+](=O)[O-])cnc2C)cc1,-9.276,ChEMBL,1170
Nc1cccc(CNc2ccnc3oc4ccc([N+](=O)[O-])cc4c23)c1,-9.273,ChEMBL,1171
COc1ccccc1CNc1nc(N)nc2[nH]c3ccc(O)cc3c12,-9.273,ChEMBL,1172
COCC#CC(=O)Nc1ccc2nccc(Oc3ccc(C(=O)Nc4ccccn4)cc3)c2c1,-9.272,ChEMBL,1173
Fc1cccc(Nc2ncnc3cc(OCCCN4CCOCC4)c4c(c23)OCCO4)c1,-9.272,ChEMBL,1174
N#Cc1ccc(O)c(-c2nc(NCc3cccnc3)c3ccccc3n2)c1,-9.272,ChEMBL,1175
O=C(/C=C/CN1CCOCC1)Nc1cc2c(Nc3ccc(F)c(Cl)c3)ncnc2cn1,-9.271,ChEMBL,1176
Cc1ncnc2c1c(-c1ccc(Oc3ccccc3)cc1)nn2C[C@H]1CCCN1C(=O)/C=C/CN(C)C,-9.269,ChEMBL,1177
Fc1cc(Br)c(F)c(Nc2ncnc3cc4c(cc23)OCCO4)c1,-9.269,ChEMBL,1178
C/C(=N\Nc1ncc(Cl)c(Nc2cccc(NC(=O)/C=C/CN(C)C)c2)n1)c1ccc(F)cc1,-9.269,ChEMBL,1179
COc1cc2ncnc(Nc3ccc(F)c(Cl)c3)c2cc1OCCCN1CCNCCNCC1,-9.268,ChEMBL,1180
O=C(NO)c1ccccc1Nc1nc(Nc2ccc(N3CCOCC3)cc2)ncc1Cl,-9.268,ChEMBL,1181
C=CC(=O)Nc1ccc2nccc(Oc3ccc(C(=O)Nc4ccccn4)cc3)c2c1,-9.267,ChEMBL,1182
C[C@@H](Nc1ncnc2sc(-c3ccc(C(N)=O)cc3)cc12)c1ccccc1,-9.266,ChEMBL,1183
CN1CCN(c2ccc(NC(=O)c3c(Nc4ccccc4Cl)cc[nH]c3=O)cc2)CC1,-9.266,ChEMBL,1184
CN(C)c1ccc(/C=N/NC(=O)Cn2nc(Cc3ccc(Cl)cc3)c3ccccc3c2=O)cc1,-9.265,ChEMBL,1185
COc1cc2ncnc(Nc3ccc(F)c(Cl)c3)c2cc1NC(=O)[C@H]1NC(=O)O[C@@H]1C,-9.265,ChEMBL,1186
C=CC(=O)N1CC[C@H](Oc2cc3c(Nc4ccc(Cl)c(Cl)c4F)ncnc3cc2OC)C1,-9.264,ChEMBL,1187
Fc1c(Cl)cccc1Nc1ncnc2cc3c(cc12)OCCO3,-9.263,ChEMBL,1188
CO[C@H]1CCN(c2nccc(Nc3cc4c(cn3)nc([C@@H](C)O)n4[C@H](C)C(F)(F)F)n2)C[C@H]1F,-9.262,ChEMBL,1189
O=C1NCCc2[nH]c(-c3ccnc(C=Cc4ccccc4)c3)cc21,-9.262,ChEMBL,1190
Cc1nc(C)c(/C=C2\CN(C(C)C)C/C(=C\c3nc(C)c(C)nc3C)C2=O)nc1C,-9.262,ChEMBL,1191
CCn1c(-c2nc(-c3cnn(C4CCN(C)CC4)c3)cnc2N)nc2ccccc21,-9.261,ChEMBL,1192
OCc1cccc(-c2cc3c(N[C@H](CO)c4ccccc4)ncnc3s2)c1,-9.26,ChEMBL,1193
NC(=S)N1N=C(c2ccccc2)CC1c1cccc2ccccc12,-9.26,ChEMBL,1194
COc1cc2ncnc(Nc3cccc(Cl)c3F)c2cc1OC(=O)N1CC[C@@H](N(C)C)C1,-9.258,ChEMBL,1195
C=CC(=O)Nc1cccc(Nc2nc(Nc3ccc(OC)cc3OC)ncc2Br)c1,-9.258,ChEMBL,1196
C=CC(=O)Nc1cccc(Nc2cc(Nc3cccc(Br)c3)ncn2)c1,-9.256,ChEMBL,1197
O=C(NCCN1CCOCC1)Nc1ccc2ncnc(Nc3ccc(F)c(Cl)c3)c2c1,-9.255,ChEMBL,1198
Cc1cc(Nc2cc(N3CCN(C)CC3)nc(Sc3ccc(NC(=O)C4CC4)cc3)n2)n[nH]1,-9.255,ChEMBL,1199
COc1cc2ncnc(Nc3cccc(Cl)c3F)c2cc1OC(=O)N1CCOCC1,-9.253,ChEMBL,1200
Fc1c(Nc2ncnc3cc4c(cc23)OCCO4)cccc1C(F)(F)F,-9.252,ChEMBL,1201
C[C@@H](Nc1ncnc2sc(-c3ccc(S(C)(=O)=O)cc3)cc12)c1ccccc1,-9.25,ChEMBL,1202
NC(=S)N1N=C(c2ccc(Cl)cc2)CC1c1ccc2ccccc2c1,-9.249,ChEMBL,1203
O=C(O)c1ccccc1Nc1nc(Nc2ccc(OCC(=O)N3CCOCC3)cc2)ncc1Cl,-9.249,ChEMBL,1204
CC#CC(=O)N[C@H]1CC[C@@H](n2nc(-c3ccc(Oc4ccccc4)cc3)c3c(N)ncnc32)CC1,-9.247,ChEMBL,1205
C=CC(=O)Nc1cccc(-n2c(=O)c(CC)nc3cnc(Nc4ccc(OCCOC)cc4)nc32)c1,-9.245,ChEMBL,1206
C=CC(=O)NCCn1c(-c2nc(-c3cnn(C4CCN(C)CC4)c3)cnc2N)nc2ccccc21,-9.245,ChEMBL,1207
C=CC(=O)Nc1ccccc1C1CCNc2c(C(N)=O)c(-c3ccc(OC(F)(F)F)cc3)nn21,-9.244,ChEMBL,1208
C=CC(=O)N1CCC(Oc2nc(Nc3ccc(N4CCOCC4)cc3)nc3ccsc23)CC1,-9.243,ChEMBL,1209
Nc1nc(Nc2cccc(Br)c2)c2c(n1)-c1ccccc1C2,-9.243,ChEMBL,1210
O=C(NO)c1ccccc1Nc1nc(Nc2ccc(OCCN3CCOCC3)cc2)ncc1Cl,-9.242,ChEMBL,1211
COc1cc2ncnc(Nc3ccc(F)c(Cl)c3)c2cc1OCCN1CC2(C1)CS(=O)(=O)C2,-9.241,ChEMBL,1212
C=CC(=O)Nc1ccc(-n2c(=O)cnc3cnc(Nc4ccc(OC)cc4)nc32)cc1,-9.241,ChEMBL,1213
CN1CCN(c2ccc(Nc3ncc4nc(Nc5ccccc5)n(C)c4n3)cc2)CC1,-9.241,ChEMBL,1214
C#Cc1cccc(Nc2ncnc3cc(O[C@H]4CCOC4)c(NC(=O)/C=C/CNC(C)C)cc23)c1,-9.241,ChEMBL,1215
C=CC(=O)N1CCC(Oc2nc(Nc3ccc(N4CCN(C)CC4)cc3)ncc2Cl)CC1,-9.241,ChEMBL,1216
C=CC(=O)N1CCC[C@@H](n2nc(-c3ccc(O)cc3)c3c(N)ncnc32)C1,-9.239,ChEMBL,1217
C=CC(=O)Nc1cccc(-n2c(=O)c(C)nc3cnc(Nc4ccc(OCCOC)cc4)nc32)c1,-9.239,ChEMBL,1218
COC(C(=O)N1Cc2[nH]nc(NC(=O)c3ccc(N4CCN(C)CC4)cc3)c2C1)c1ccccc1,-9.237,ChEMBL,1219
COc1ccc(/C=N/Nc2ncc(Cl)c(Nc3ccccc3S(=O)(=O)C(C)C)n2)cc1,-9.237,ChEMBL,1220
CN1CCC(NC(=O)c2cnc(NCc3cc(Cl)ccc3Cl)nc2NC2CCCC2)CC1,-9.237,ChEMBL,1221
COc1ccc(NC(=O)/C=C/CN(C)C)cc1Nc1ncc(F)c(-c2cnn3ccccc23)n1,-9.236,ChEMBL,1222
Cc1cc(NS(=O)(=O)c2ccc(Nc3nncc4ccccc34)cc2)no1,-9.234,ChEMBL,1223
C=CC(=O)N1CC(Oc2cc3c(Nc4ccc(F)c(Cl)c4F)ncnc3cc2OC)C1,-9.234,ChEMBL,1224
O=S(=O)(Nc1ncccn1)c1ccc(Nc2nncc3ccccc23)cc1,-9.234,ChEMBL,1225
C#Cc1cccc(Nc2ncnc3cc(OC)c(NC(=O)/C=C/CN4CCCCC4)cc23)c1,-9.233,ChEMBL,1226
COc1ccc(CNc2nc(N)nc3[nH]c4ccc(O)cc4c23)cc1,-9.233,ChEMBL,1227
CNC(=O)c1nc(-c2ccc(Cl)c(S(=O)(=O)Nc3cccc(F)c3F)c2)cnc1N,-9.232,ChEMBL,1228
Cc1cccc(C2(c3cccc(C)c3)CC2C(=O)Nc2ccncc2)c1,-9.232,ChEMBL,1229
CC(C)N1CCN(C/C=C/C(=O)Nc2cc3c(Nc4ccc(F)c(Cl)c4)ncnc3s2)CC1,-9.232,ChEMBL,1230
CN1CCC(NC(=O)c2cnc(Nc3cc(Cl)cc(Cl)c3)nc2N[C@@H]2COC[C@H]2O)CC1,-9.232,ChEMBL,1231
COc1cc(C(=O)NCCN(C)C)ccc1-c1cc2c(N[C@H](C)c3ccccc3)ncnc2s1,-9.231,ChEMBL,1232
COc1cccc(-n2cc(NC(=O)c3cccc(NS(=O)(=O)c4ccccc4)c3)cn2)c1,-9.23,ChEMBL,1233
C=CC(=O)N1CCC[C@@H](n2nc(-c3ccc(OCc4ccccn4)c(Cl)c3)c3c(N)ncnc32)C1,-9.23,ChEMBL,1234
O=C1NCc2cc(Oc3ccc(Nc4ncnc5ccn(CCO)c45)cc3Cl)ccc21,-9.229,ChEMBL,1235
O=c1oc2cc3ncnc(Nc4ccccc4O)c3cc2n1CCCN1CCOCC1,-9.229,ChEMBL,1236
Fc1c(Br)cc(Cl)cc1Nc1ncnc2cc3c(cc12)OCCO3,-9.228,ChEMBL,1237
C=CC(=O)Nc1ccccc1Oc1nc(Nc2ccc(N3CCN(C)CC3)cc2OC)ncc1Cl,-9.228,ChEMBL,1238
Brc1cccc(Nc2ncnc3cc4c(cc23)OCCOCCO4)c1,-9.228,ChEMBL,1239
Cc1ccc(Nc2ncnc3cc4oc(=O)n(CCCN5CCOCC5)c4cc23)cc1,-9.226,ChEMBL,1240
COc1cc(C(N)=O)ccc1-c1cc2c(N[C@H](C)c3ccccc3)ncnc2s1,-9.226,ChEMBL,1241
C[C@@H](Nc1ncnc2[nH]c(-c3ccc(C(=O)O)cc3)cc12)c1ccccc1,-9.225,ChEMBL,1242
COc1cc2ncnc(Nc3ccc(F)c(Cl)c3)c2cc1OCCn1ccnc1[N+](=O)[O-],-9.225,ChEMBL,1243
CC#CC(=O)N1CCC[C@H]1Cn1nc(-c2ccc(Oc3ccccc3)cc2)c2c(N)ncnc21,-9.224,ChEMBL,1244
CN(C)C/C=C/C(=O)Nc1cccc(Nc2nc(N/N=C/c3ccc(F)cc3F)ncc2Cl)c1,-9.222,ChEMBL,1245
O=C(O)c1ccccc1Nc1ccnc(Nc2ccc3[nH]ncc3c2)n1,-9.22,ChEMBL,1246
C=CC(=O)Nc1ccccc1-c1nc(Nc2cc[nH]n2)c2ccccc2n1,-9.219,ChEMBL,1247
COc1ccccc1Nc1cc[nH]c(=O)c1C(=O)Nc1ccc(N2CCN(C)CC2)cc1,-9.218,ChEMBL,1248
COc1ccc(C(Nc2ccc([N+](=O)[O-])cc2)n2c(=O)ccc3cc(O)ccc32)cc1,-9.217,ChEMBL,1249
COc1cc(OC)c2c(=O)n(-c3cccc(C(=O)N4CCCCC4)c3)ccc2c1,-9.217,ChEMBL,1250
Cc1ncc([N+](=O)[O-])n1CC(=O)N/N=C/c1cc2ccccc2nc1Oc1ccc(Cl)cc1,-9.215,ChEMBL,1251
CNS(=O)(=O)c1cccc(Nc2cc(Nc3cccc(C(C)(C)C)c3)ncn2)c1,-9.215,ChEMBL,1252
Nc1ccc(O)c(-c2nnc(Cc3nc4ccccc4[nH]3)o2)c1,-9.214,ChEMBL,1253
CC1(C)OCc2c(Nc3n[nH]c4ccccc34)nc(-c3cn[nH]c3)nc21,-9.214,ChEMBL,1254
Clc1cccc(Nc2ncnc3cc(OCCCN4CCOCC4)c4c(c23)OCCO4)c1,-9.213,ChEMBL,1255
Oc1cccc(Nc2ccnc3[nH]c4ccccc4c23)c1,-9.212,ChEMBL,1256
O=C1Cc2ccc(Oc3ccc(Nc4ncnc5ccn(CCO)c45)cc3Cl)cc2N1,-9.212,ChEMBL,1257
CN1CCN(c2ccc(NC(=O)c3c(Nc4ccncc4N)cc[nH]c3=O)cc2)CC1,-9.206,ChEMBL,1258
CCN1CCN(C/C=C/C(=O)Nc2cc3c(Nc4ccc(F)c(Cl)c4)ncnc3s2)CC1,-9.206,ChEMBL,1259
OCCN1CCN(Cc2ccc(-c3cc4c(N[C@H](CO)c5ccccc5)ncnc4s3)cc2)CC1,-9.205,ChEMBL,1260
O=C1COc2cc3ncnc(Nc4cccc(C(F)(F)F)c4)c3cc2N1CCCN1CCOCC1,-9.205,ChEMBL,1261
CC(=O)Nc1ccc(-c2cc3c(N[C@H](C)c4ccccc4)ncnc3[nH]2)cc1,-9.204,ChEMBL,1262
Brc1cccc(Nc2ncnc3cc4c(cc23)OCCOCCOCCO4)c1,-9.204,ChEMBL,1263
C=C=CC(=O)Nc1cc(Nc2nccc(-c3c[nH]c4ccccc34)n2)c(OC)cc1N(C)CCN(C)C,-9.203,ChEMBL,1264
CN(C)CCNCc1cc(-c2cc3c(N[C@H](CO)c4ccccc4)ncnc3[nH]2)ccc1F,-9.203,ChEMBL,1265
CN(C)C/C=C/C(=O)N1CCC[C@@H](n2nc(-c3cccc(C(F)(F)F)c3)c3c(N)ncnc32)C1,-9.202,ChEMBL,1266
O=C1COc2cc3ncnc(Nc4ccccc4)c3cc2N1CCCN1CCOCC1,-9.202,ChEMBL,1267
C=CC(=O)Nc1ccc(Oc2nc(Nc3cc(C)[nH]n3)cc(N3CCN(C)CC3)n2)cc1,-9.202,ChEMBL,1268
[C@]1(C(N)=N/S(=O)(=O)c2cccc(F)c2)NC(=O)[C@H]1c1ccccc1,-9.2,AIEMG,1269
[C@](CO)(NC(=O)NCc1c(F)cccc1F)[C@@H]1C[C@]12CCc1ccccc1-2,-9.2,AIEMG,1270
[C@]1(Cn2ccc3ccccc32)NC(=O)N(c2ccccc2)C12CCCC2,-9.2,AIEMG,1271
Fc1ccc(C[NH+]2CCc3nc(NC[C@@H](C#N)Cc4cc5cc(Cl)ccc5o4)[nH]c3C2)cc1,-9.2,AIEMG,1272
CC(C)n1nc(-c2ccc3c(C=O)c[nH]c3c2)c2c(N)ncnc21,-9.2,ChEMBL,1273
[C@@]1(C(=O)CCc2ccc(Cl)cc2)CN(C(=O)COc2ccccc2C(F)(F)F)CC1,-9.2,AIEMG,1274
CC(C)n1nc(-c2ccc3occc3c2)c2c(N)ncnc21,-9.2,ChEMBL,1275
[N+]1=C(C2=NC=C(c3ccccc3)NC2Oc2ccccc2)N1Cc1ccc(F)cc1,-9.2,AIEMG,1276
Cn1nc(-c2ccc3cc[nH]c3c2)c2c(N)ncnc21,-9.2,ChEMBL,1277
[C@H]1c2ccsc2NC(=O)[C@H]1C[NH2+][C@@H]1CCC[C@@H](CC(=O)Nc2ccccc2)C1,-9.2,AIEMG,1278
Cc1cccc(Nc2ncnc3nc(Nc4ccc(S(N)(=O)=O)cc4)sc23)c1,-9.2,ChEMBL,1279
[C@]1(Cn2cnnc2[C@]2(C)C(=O)N=C2c2ccccc2)CCCN1c1ccccc1,-9.2,AIEMG,1280
[P@@]1CCC(Nc2ccccc2[N+](=O)[O-])=C1CC1(c2ccc(Cl)cc2)CC1,-9.2,AIEMG,1281
COc1cc2c(cc1OC)Sc1nc(C)nc(Nc3ccc4[nH]cnc4c3)c1NC2,-9.2,ChEMBL,1282
FC(F)(F)[C@@H](c1ccccc1)N1CCN(Cc2cccc(C#CCC(F)F)c2)CC1,-9.2,AIEMG,1283
[C@H]Oc1ccccc1Oc1ccc(F)cc1NC(=O)Cc1ccccc1,-9.2,AIEMG,1284
CC(C)n1nc(-c2ccc3c(c2)CCO3)c2c(N)ncnc21,-9.2,ChEMBL,1285
[N+]1=C[C@H]2c3ccccc3[C@@H]1C(=O)N2CCC[NH+]1CCCC[C@H]1c1ccccc1,-9.2,AIEMG,1286
COc1cc2c(cc1OC)Oc1ncnc(Nc3ccc(F)cc3Cl)c1NC2,-9.2,ChEMBL,1287
[C@H]Oc1ccc2nc(NC(=O)[C@@H](C)Sc3ncnn3-c3ccccc3)[nH]c2c1O,-9.2,AIEMG,1288
O=C(/C=C/CN1CCOCC1)N1CCc2c(sc3ncnc(N[C@H](CO)c4ccccc4)c23)C1,-9.2,ChEMBL,1289
[C@]1(c2cc(C(F)(F)F)ccc2N=C(C#N)C#N)CCCN(S(=O)(=O)c2ccccc2)C1,-9.2,AIEMG,1290
FC(F)(F)C1=NN(C2CCN(C[C@@H]3CCCCC3)C[C@H]2c2ccc[nH]2)c2ccccc21,-9.2,AIEMG,1291
[C@H]Oc1cccc(COC(=O)c2ccc3c(c2)N(CC(=O)Nc2ccccc2F)C3=O)c1,-9.2,AIEMG,1292
Nc1cc2ncnc(Nc3ccccc3[N+](=O)[O-])c2cn1,-9.2,ChEMBL,1293
Nc1cc2ncnc(NCc3ccccc3[N+](=O)[O-])c2cn1,-9.2,ChEMBL,1294
Nc1ncnc2c1c(-c1cccc(Cl)c1)cn2-c1ccccc1,-9.2,ChEMBL,1295
CC(C)(C)OC(=O)n1ccc2cc(-c3nn(C4CCCC4)c4ncnc(N)c34)ccc21,-9.2,ChEMBL,1296
[C@]1(c2ccccc2)NC(=O)N(CC(=O)Nc2cccc(C(=O)NCC3CC3)c2)C1,-9.2,AIEMG,1297
Fc1cc(C(=O)Nc2cnc3c(C(F)(F)F)noc3n2)ccc1Cl,-9.2,AIEMG,1298
COc1cc2ncnc(Nc3cccc(C#Cc4ccccc4)c3)c2cc1OC,-9.2,ChEMBL,1299
[N+]1=C2CCN(CCCCOc3ccccc3)C(=O)[C@H]2[C@@H]2c3ccccc3C(=O)N12,-9.2,AIEMG,1300
[C@@]1(COc2ccc3ccccc3n2)OC[C@H]1C(=O)NCCC1=c2ccccc2=[NH+]C1,-9.2,AIEMG,1301
[C@@]1(c2cnn(-c3ccccc3)c2[O-])NC(=O)N1c1ccc(OC(F)(F)F)cc1,-9.2,AIEMG,1302
Fc1ccc(-c2cccc3ncccc23)c(CNc2ccccc2OCC(F)(F)F)c1,-9.2,AIEMG,1303
[C@](COC(=O)[C@@H]1C(=O)N(Cc2ccccc2)c2ccccc21)c1nc([C@@H]2CCCC[NH+]2CC(=O)NC2CCCCC2)no1,-9.2,AIEMG,1304
[C@H]Oc1ccc(-c2ccccc2NC(=O)NCC2CCN(C(=O)C3CC3)CC2)c(C)c1,-9.2,AIEMG,1305
Fc1ccc(-c2noc(C3CCN(c4nc5ccccc5[nH]4)CC3)n2)cc1,-9.2,AIEMG,1306
[N+]1=C[C@H](C(=O)Nc2ccccc2)[C@@H](c2c[nH]c3ccccc23)N1c1ccc(F)cc1,-9.2,AIEMG,1307
[C@H](c1ccc(S(N)=O)cc1)N1CCN([C@@H](c2ccccn2)c2cccc(F)c2)CC1,-9.2,AIEMG,1308
[N+]=Cc1ccc(Cn2c(Nc3ccccc3)nc3ccccc32)cc1,-9.2,AIEMG,1309
[C@H](N)C1CC[NH+](CC(=O)O[C@@H]2c3ccccc3C(=O)N2Cc2ccccc2)CC1,-9.2,AIEMG,1310
Fc1ccc(-n2c3ccccc3nc2NCCC[NH+]2CCCC2)cc1,-9.2,AIEMG,1311
Clc1ccccc1Oc1cccc(O[C@H](Cc2ccccc2F)C(=O)c2ccccc2)c1,-9.2,AIEMG,1312
[C@@](C#Cc1ccccc1)[C@@H]1CCCCN1C(=O)[C@H]1CN(c2ccccc2)C1,-9.2,AIEMG,1313
FC(F)(F)c1cccc2nc([C@H]3CCCCN3C(=O)Cc3cccc(Cl)c3)[nH]c12,-9.2,AIEMG,1314
[C@H]Oc1ccc(NC(=O)c2ccccc2)cc1OC(=O)Cc1ccccc1Cl,-9.2,AIEMG,1315
Fc1ccc(F)c(CN2CCC(c3nncn3CCc3ccccc3)CC2)c1,-9.2,AIEMG,1316
[N+]1=CC[C@H](c2ccccc2)C1NC(=O)N1CC=C(c2ccccc2)CC1,-9.2,AIEMG,1317
[P@@]C1(c2nnc(NC3CCCC3)n2CC2Cc3ccccc3C2)CC1,-9.2,AIEMG,1318
[N+]c1ccc(NC(=O)[C@H]2CC(=O)Nc3[nH]c4ccccc4c32)cc1,-9.2,AIEMG,1319
[C@@]1(COc2cccc(F)c2)NC(=O)N(C[C@H]2CCCO2)[C@@H]1c1cccc(Cl)c1,-9.2,AIEMG,1320
FC(F)(F)c1cccc(Nc2ncnc3[nH]c4c(c23)CCCC4)c1,-9.2,ChEMBL,1321
[C@@][C@@H]1CC(C)(CC(=O)c2c[nH]c3ccccc23)C(=O)N1c1ccccc1,-9.2,AIEMG,1322
[C@]1(CC(=O)OC[C@@H]2C=CC[C@H]2[C@H]2CCC(=O)N2)CCc2ccccc21,-9.2,AIEMG,1323
[C@@](C(=O)c1ccc(NC(=O)c2ccc([N+](=O)[O-])cc2)cc1)c1ccccc1F,-9.2,AIEMG,1324
[N+]([O-])C(c1ccc(F)cc1F)C(=O)Nc1cccc2ccccc12,-9.2,AIEMG,1325
Fc1ccc(-c2cccc(NCc3ccccc3Cl)c2)c(F)c1,-9.2,AIEMG,1326
FC(F)(F)[n+]1ccc2ccccc2c1CNCc1cccc2cccnc12,-9.2,AIEMG,1327
[N+]n1cnnc1SCc1nc2ccccc2c(=O)n1-c1ccc(F)cc1,-9.2,AIEMG,1328
[P@@](C1CC(c2ccccc2)[C@@H]1C(=O)c1ccccc1)c1ccccc1,-9.2,AIEMG,1329
[C@@]1(CCCn2cccn2)C[C@@H]2CC[C@@]1(CNc1ccccc1-c1ncccc1Cl)C2,-9.2,AIEMG,1330
[C@@](F)(c1ccccc1)[C@H]1CCC[C@@H]1N1C(=O)CN(C(=O)c2cccnc2)C1,-9.2,AIEMG,1331
Fc1cc(F)ccc1C(=O)N1CCC(O)(F)c2ncccc21,-9.2,AIEMG,1332
[C@@]1(NC(=O)c2nnnn2-c2ccc(F)cc2)S(=O)(=O)c2ccccc21,-9.2,AIEMG,1333
[C@]1(C)CC[C@@H](CNC(=O)c2ccc(O[C@@H](C)C(N)=O)cc2)c2ccccc21,-9.2,AIEMG,1334
[C@]1([C@@H](c2ccc3c(c2)OCO3)N[C@@H](CO)c2ccccc2)c2ccccc21,-9.2,AIEMG,1335
CN(CCOc1cccc2ncnc(Nc3ccc(OCc4ccccn4)c(Cl)c3)c12)C(=O)CO,-9.2,ChEMBL,1336
Fc1cccc(COc2ccc(Nc3ncncc3C#Cc3ncccn3)cc2Cl)c1,-9.2,ChEMBL,1337
COc1nc(Nc2ccc(-c3nc4ccccc4s3)c(OC)c2)c2cc[nH]c2n1,-9.2,ChEMBL,1338
CN(c1ccccc1)c1ncnc2ccc(N/N=N/Cc3ccccn3)cc12,-9.2,ChEMBL,1339
CS(=O)(=O)CCNCc1nc(-c2ccc3ncnc(Nc4ccc(F)c(Cl)c4)c3c2)cs1,-9.2,ChEMBL,1340
COc1cccc(-c2cn(C3CCCC3)c3ncnc(N)c23)c1,-9.2,ChEMBL,1341
COc1cc2ncnc(Nc3cccc(Cl)c3F)c2cc1CN(C)[C@H](C)C(N)=O,-9.2,ChEMBL,1342
OCc1nc(C#Cc2cncnc2Nc2ccc(OCc3cccc(F)c3)c(Cl)c2)cs1,-9.2,ChEMBL,1343
CN1CCC(Oc2cccc3ncnc(Nc4ccc(OCc5cnccn5)c(Cl)c4)c23)CC1,-9.2,ChEMBL,1344
COc1cc2ncnc(Nc3cccc(Cl)c3F)c2cc1CN1CCC[C@@H]1C(N)=O,-9.2,ChEMBL,1345
COCCOc1cc(OC2CCOCC2)c2c(Nc3ccc(F)c(Cl)c3)ncnc2c1,-9.2,ChEMBL,1346
NS(=O)(=O)c1ccc(Nc2nc3ncnc(Nc4ccc(F)c(Cl)c4)c3s2)cc1,-9.2,ChEMBL,1347
CCc1c(C(N)=O)cn2ncnc(Nc3ccc4c(cnn4Cc4ccccc4)c3)c12,-9.2,ChEMBL,1348
O=C(C#CCN1CCOCC1)Nc1ccc2ncnc(Nc3ccc(F)c(Cl)c3)c2c1,-9.2,ChEMBL,1349
O=C(O)CCc1c(/C=C2\C(=O)Nc3ccc(C(=O)O)cc32)[nH]c2c1CCCC2,-9.2,ChEMBL,1350
C=C=CC(=O)Cc1ccc2ncnc(Nc3cccc(Br)c3)c2c1,-9.2,ChEMBL,1351
COc1cc2ncnc(-c3c[nH]c4cc(F)c(Cl)cc34)c2cc1OCCCN1CCOCC1,-9.2,ChEMBL,1352
CS(=O)(=O)CCNc1nc(-c2ccc3ncnc(Nc4ccc(F)c(Cl)c4)c3c2)cs1,-9.2,ChEMBL,1353
Fc1ccc2c(c1)CNc1c(Nc3cccc(Br)c3)ncnc1O2,-9.2,ChEMBL,1354
COc1cccc(-c2cn(C3CC(C(=O)NCCO)C3)c3ncnc(N)c23)c1,-9.2,ChEMBL,1355
Cc1nnc(-c2cn3ncnc(Nc4cnc5[nH]ccc5c4)c3c2C(C)C)o1,-9.2,ChEMBL,1356
O=C(O)c1ccc2c(c1)CNc1c(Nc3ccc(F)c(Cl)c3)ncnc1O2,-9.2,ChEMBL,1357
Nc1ncnc2c1c(-c1cccc(O)c1)cn2C1CCC1,-9.2,ChEMBL,1358
COc1cc2ncnc(Nc3ccc(C)c(NC(=O)c4ccccc4)c3)c2cc1OC,-9.2,ChEMBL,1359
COC(=O)CN1CCC(n2cc(-c3cccc(O)c3)c3c(N)ncnc32)C1,-9.2,ChEMBL,1360
COc1cccc(-c2cn(-c3ccccc3)c3ncnc(N)c23)c1,-9.2,ChEMBL,1361
C=CC(=O)Nc1ccc2c(c1)CNc1c(Nc3ccc(F)c(Cl)c3)ncnc1O2,-9.2,ChEMBL,1362
CN1CCN(CCC#CC(=O)Nc2cc3c(Nc4ccc(F)c(Cl)c4)ncnc3cn2)CC1,-9.2,ChEMBL,1363
N#Cc1cccc(NC(=O)Nc2ncnc3nn4ccccc4c23)c1,-9.2,ChEMBL,1364
Nc1ncnc2c1c(-c1cccc(O)c1)cn2C1CCNC1,-9.2,ChEMBL,1365
COc1nc(Nc2ccc(-c3nc4ccccc4s3)cc2)c2cc[nH]c2n1,-9.2,ChEMBL,1366
COc1cc2ncnc(Nc3cccc(Cl)c3F)c2cc1OC1CCN(S(C)(=O)=O)CC1,-9.2,ChEMBL,1367
CCOC(=O)c1cn2ncnc(Nc3ccc4c(cnn4Cc4ccccc4)c3)c2c1CC,-9.2,ChEMBL,1368
NC1CCN(Cc2ccn3ncnc(Nc4cccc(Cl)c4)c23)CC1,-9.2,ChEMBL,1369
[C@H]Oc1ccc(NC(=O)NC2CCCC2)cc1OCc1cnn(-c2ccc(F)cc2)c1-n1cccc1,-9.2,AIEMG,1370
[N+](=O)c1ccccc1NC(=O)c1cc[nH+]c(N2CCCCC2)c1,-9.2,AIEMG,1371
Cc1cc(CCC(=O)O)[nH]c1/C=C1\C(=O)Nc2ncnc(Nc3ccc(F)c(Cl)c3)c21,-9.2,ChEMBL,1372
COc1cccc(-c2cn(C3CCN(CC(N)=O)C3)c3ncnc(N)c23)c1,-9.2,ChEMBL,1373
[C@H]Oc1cccc(C(=O)Nc2cccc(C[NH+](Cc3ccc(F)cc3)C(C)C)c2)c1,-9.2,AIEMG,1374
O=C(Cc1cc(/N=C/c2cc(O)ccc2O)ccc1O)NOCc1ccccc1,-9.2,ChEMBL,1375
[C@@][C@@H](Sc1nc2ccccc2c(=O)[nH]1)C(=O)NNC(=O)c1[nH]ccc1C,-9.2,AIEMG,1376
Nc1ccc(-c2[nH]nc3ncnc(Nc4cccc(Cl)c4)c23)cc1,-9.2,ChEMBL,1377
C=CC(=O)NC1=NC=C2N=CN=C(Nc3ccc(F)c(Cl)c3)C21,-9.2,ChEMBL,1378
C[C@@H](Nc1[nH]cnc2nc(-c3ccccc3)cc1-2)c1ccccc1,-9.2,ChEMBL,1379
[NH+]/1(C(=O)Cn2ncc(C(F)(F)F)n2)c2ccccc2C(=O)c2ccccc21,-9.2,AIEMG,1380
COc1ccc(Nc2[nH]nc3ncnc(Nc4cccc(Cl)c4)c23)cc1,-9.2,ChEMBL,1381
CN1CCN(CCCCNc2ncc3cc(-c4c(Cl)cccc4Cl)c(=O)n(C)c3n2)CC1,-9.2,ChEMBL,1382
CC(C)n1nc(-c2ccc3nccc(N)c3c2)c2c(N)ncnc21,-9.2,ChEMBL,1383
CN(C)C(=O)c1c(SSc2c(C(=O)N(C)C)c3ccccc3n2C)n(C)c2ccccc12,-9.2,ChEMBL,1384
Cn1ccc2cc(-c3nn(C4CCCC4)c4ncnc(N)c34)ccc21,-9.2,ChEMBL,1385
CC(C)n1nc(-c2cnc3ccccc3c2)c2c(N)ncnc21,-9.2,ChEMBL,1386
Nc1ncnc2c1c(-c1ccc(Cl)c(O)c1)nn2CC1CCNCC1,-9.2,ChEMBL,1387
CC(C)n1nc(-c2ccc(C(N)=O)c(Cl)c2)c2c(N)ncnc21,-9.2,ChEMBL,1388
O=C(Oc1cccc(O)c1)c1cc(NCc2cc(O)ccc2O)ccc1O,-9.2,ChEMBL,1389
Cc1cc(Nc2ncnc3[nH]nc(OCCN4CCC(O)CC4)c23)ccc1OCc1ccccn1,-9.2,ChEMBL,1390
[N+]([O-])c1ccccc1NS(=O)(=O)c1ccc2c(c1)CCC(=O)N2,-9.2,AIEMG,1391
CC(C)n1nc(-c2ccc(F)c(O)c2)c2c(N)ncnc21,-9.2,ChEMBL,1392
O=C(/C=C/Cn1cccn1)Nc1ccc2ncnc(Nc3cccc(Br)c3)c2c1,-9.2,ChEMBL,1393
COc1ccc(-c2nn(C3CCCC3)c3ncnc(N)c23)cc1O,-9.2,ChEMBL,1394
COc1ccc(-c2cn(-c3ccccc3)c3ncnc(N)c23)cc1,-9.2,ChEMBL,1395
Clc1cccc(Nc2[nH]cnc3nnc(NCc4ccccc4)c2-3)c1,-9.2,ChEMBL,1396
FC(F)(F)c1cccc(Nc2ncnc3ccccc23)c1,-9.2,ChEMBL,1397
CNc1ncc2cc(-c3c(Cl)cccc3Cl)c(=O)n(C)c2n1,-9.2,ChEMBL,1398
CN1CCN(CCCCCNc2ncc3cc(-c4c(Cl)cccc4Cl)c(=O)n(C)c3n2)CC1,-9.2,ChEMBL,1399
Nc1cc2ncnc(Nc3cccc(C(F)(F)F)c3)c2cn1,-9.2,ChEMBL,1400
CCNc1ncc2cc(-c3c(Cl)cccc3Cl)c(=O)n(C)c2n1,-9.2,ChEMBL,1401
Nc1ccc2ncnc(Nc3cccc(Br)c3)c2n1,-9.2,ChEMBL,1402
COc1cccc(Nc2[nH]nc3ncnc(Nc4cccc(Cl)c4)c23)c1,-9.2,ChEMBL,1403
Cc1ccc2ccc(-c3nn(C(C)C)c4ncnc(N)c34)cc2n1,-9.2,ChEMBL,1404
COc1ccc(CNc2[nH]nc3ncnc(Nc4cccc(Cl)c4)c23)cc1,-9.2,ChEMBL,1405
NC(=O)COCc1ccn2ncnc(Nc3ccc4c(cnn4Cc4cccc(F)c4)c3)c12,-9.2,ChEMBL,1406
COc1cc(N2CCN(C)CC2)ccc1Nc1ncc(Cl)c(Oc2ccc([N+](=O)[O-])cc2)n1,-9.199,ChEMBL,1407
O=C(Nc1ccccn1)Nc1cc(-c2cccnc2)ccc1OC(F)(F)F,-9.199,ChEMBL,1408
C#CCNC(=O)Nc1cc2c(Nc3ccc(F)c(Cl)c3)ncnc2cc1O[C@H]1CCOC1,-9.198,ChEMBL,1409
CN(C)C/C=C/C(=O)Nc1cccc(Nc2nc(N/N=C/c3ccccc3F)ncc2Cl)c1,-9.198,ChEMBL,1410
Fc1c(Nc2ncnc3cc4c(cc23)OCCO4)ccc(Cl)c1Br,-9.198,ChEMBL,1411
C=CC(=O)Nc1ccc2ncnc(Nc3ccc(C(=O)Nc4ccccn4)cc3)c2c1,-9.196,ChEMBL,1412
CN(C)S(=O)(=O)c1ccc(Nc2nc(Cl)nc3cc4c(cc23)OCO4)cc1,-9.195,ChEMBL,1413
COc1ccccc1-c1cc2c(NC(CO)c3ccccc3)ncnc2s1,-9.193,ChEMBL,1414
CCC(=O)Nc1cc(Nc2nccc(-c3cn(CCCO)c4ccc(F)cc34)n2)c(OC)cc1F,-9.192,ChEMBL,1415
Cc1nc(C)c(/C=C2\CN(C(C)C)C/C(=C\c3nc(C)c(C)nc3C)C2=NO)nc1C,-9.192,ChEMBL,1416
C=CC(=O)N1CCC[C@@H](n2nc(-c3ccc(Oc4ccccc4)cc3)c3c(N)ncnc32)C1,-9.192,ChEMBL,1417
CCC(=O)Nc1cc2c(Nc3ccc(C(O)c4ccccc4)cc3)ncnc2cc1OC,-9.189,ChEMBL,1418
CCOC(=O)CCCn1c(=O)oc2cc3ncnc(Nc4ccc5[nH]ncc5c4)c3cc21,-9.186,ChEMBL,1419
NC(=O)c1cc(-c2cccc(N)c2)cc2cccnc12,-9.183,ChEMBL,1420
NC(=S)N1N=C(c2ccccc2)CC1c1ccc2ccccc2c1,-9.18,ChEMBL,1421
O=C(CCN1CCOCC1)Nc1ccc2ncnc(Nc3cccc(Br)c3)c2c1,-9.178,ChEMBL,1422
C=CC(=O)Nc1ccc(-n2c(=O)c(C)nc3cnc(Nc4ccc(OC)cc4)nc32)cc1,-9.178,ChEMBL,1423
O=C(O)c1ccccc1-c1nnc(Cc2nc3ccccc3[nH]2)o1,-9.177,ChEMBL,1424
O=C(Nc1cc(-c2cncnc2)cc(C(F)(F)F)c1)Nc1nccs1,-9.177,ChEMBL,1425
C=CC(=O)N1CCC[C@@H]1Cn1nc(-c2ccc(Oc3ccccc3)cc2)c2c(N)ncnc21,-9.177,ChEMBL,1426
O=C(/C=C/CN1CCCCC1)Nc1cc2c(Nc3ccc(F)c(Cl)c3)ncnc2cn1,-9.174,ChEMBL,1427
COc1ccc(C2=NN(C3=NC(=O)CS3)C(c3ccc4ccccc4c3)C2)cc1,-9.174,ChEMBL,1428
C=CS(=O)(=O)N1CCC[C@@H]1Cn1cc(-c2ccc3c(c2)OCO3)c2c(N)ncnc21,-9.171,ChEMBL,1429
O=C(CCCCCn1cc(-c2ccc3ncnc(Nc4cccc(Cl)c4F)c3c2)nn1)NO,-9.171,ChEMBL,1430
CC(C)C(CO)Nc1nc(Nc2ccc(N3CCNCC3)cc2)c2ncn(C(C)C)c2n1,-9.169,ChEMBL,1431
CCC(=O)Nc1cc(Nc2nccc(-c3cn(CCCO)c4ccccc34)n2)c(OC)cc1F,-9.168,ChEMBL,1432
COc1cc(N2CCN(C)CC2)ccc1Nc1ncc(Cl)c(Oc2ccccc2NC(C)=O)n1,-9.167,ChEMBL,1433
C#Cc1cccc(Nc2ncnc3cc(OCC)c(NC(=O)/C=C/CN4CCCCC4)cc23)c1,-9.167,ChEMBL,1434
COc1cc2c(cc1F)C(c1ccccc1Cl)=Nc1c(n[nH]c1C)N2,-9.164,ChEMBL,1435
O=C(/C=C/CN1CC2(COC2)C1)Nc1cc2c(Nc3ccc(F)c(Cl)c3)ncnc2s1,-9.163,ChEMBL,1436
COc1ccc2c(c1)cc(C1C(C#N)=C(N)N(c3cccnc3)C3=C1C(=O)CCC3)c1nnnn12,-9.161,ChEMBL,1437
CN(C)CCNC(=O)c1ccc(-c2cc3c(N[C@H](CO)c4ccccc4)ncnc3s2)cc1,-9.16,ChEMBL,1438
C#Cc1cccc(Nc2ncnc3cc(OC4CCOC4)c4c(c23)OCCO4)c1,-9.159,ChEMBL,1439
Nc1nc(NCc2ccccc2)c2c(n1)[nH]c1ccc(O)cc12,-9.157,ChEMBL,1440
C=CC(=O)Nc1cccc(Oc2nc(Nc3cc(C)[nH]n3)cc(N3CCN(C)CC3)n2)c1,-9.157,ChEMBL,1441
COc1ccc(-c2ccc(OC(F)(F)F)c(NC(=O)Nc3nccs3)c2)cn1,-9.156,ChEMBL,1442
O=C(CCCCCCn1cc(-c2ccc3ncnc(Nc4cccc(Cl)c4F)c3c2)nn1)NO,-9.155,ChEMBL,1443
Clc1cccc(Nc2ncnc3cc4c(cc23)OCCO4)c1,-9.153,ChEMBL,1444
COc1cc(/C=C2\CCC/C(=C\c3ccc(N(C)C)cc3)C2=O)cc(OC)c1,-9.152,ChEMBL,1445
C=CC(=O)N1CC(Oc2cc3c(Nc4cccc(Cl)c4F)ncnc3cc2OC)C1,-9.152,ChEMBL,1446
CN1CCN(c2ccc(NC(=O)c3c(Nc4ccncn4)cc[nH]c3=O)cc2)CC1,-9.152,ChEMBL,1447
CN1CCN(c2ccc(Nc3ncc4nc(Nc5ccccc5)[nH]c4n3)cc2)CC1,-9.15,ChEMBL,1448
C=CC(=O)Nc1ccccc1C1CCNc2c(C(N)=O)c(-c3ccc(Cl)cc3)nn21,-9.148,ChEMBL,1449
Cn1cc(-c2cc(C(=O)/N=c3\[nH]c4ccccc4n3CC(C)(C)O)ccn2)cn1,-9.147,ChEMBL,1450
C=CC(=O)Nc1cccc(N2C(=O)N(C)Cc3cnc(Nc4ccc(N(C)C)cc4OC)nc32)c1,-9.146,ChEMBL,1451
O=C(NCCN1CCCCC1)Nc1ccc2ncnc(Nc3ccc(F)c(Cl)c3)c2c1,-9.146,ChEMBL,1452
O=C(/C=C/CNCc1ncccn1)Nc1cc2c(Nc3ccc(F)c(Cl)c3)ncnc2s1,-9.145,ChEMBL,1453
C=CC(=O)Nc1ccccc1Nc1nc(Nc2ccc(OCCN3CCOCC3)cc2)ncc1Cl,-9.145,ChEMBL,1454
C=C(F)C(=O)N1CCC[C@@H](n2nc(-c3ccc(Oc4ccc(F)cc4F)cc3)c(C(N)=O)c2N)C1,-9.142,ChEMBL,1455
COc1cc2ncnc(Nc3ccc(F)c(Cl)c3)c2cc1NC(=O)[C@@H]1COC(=O)N1,-9.139,ChEMBL,1456
Cc1ccccc1Nc1nc2cc(F)c(N(C)C(=O)/C=C/CN(C)C)cc2n2cncc12,-9.139,ChEMBL,1457
NC(COc1cncc(-c2cc3ccncc3s2)c1)Cc1c[nH]c2ccccc12,-9.138,ChEMBL,1458
C[C@@H](Nc1ncnc2oc(-c3ccccc3O)cc12)c1ccccc1,-9.134,ChEMBL,1459
NC(=S)N1N=C(c2ccc(Br)cc2)CC1c1ccc2ccccc2c1,-9.133,ChEMBL,1460
Nc1nc(Nc2cccc(Cl)c2)c2c(n1)-c1ccccc1C2,-9.132,ChEMBL,1461
Cc1nc(C)c(/C=C2\CN(C)C/C(=C\c3nc(C)c(C)nc3C)C2=O)nc1C,-9.131,ChEMBL,1462
O=C(/C=C/CNC1CC1)Nc1cc2c(Nc3ccc(F)c(Cl)c3)ncnc2cc1O[C@H]1CCOC1,-9.131,ChEMBL,1463
Nc1nc(NCc2cccc(Cl)c2)c2c(n1)[nH]c1ccc(O)cc12,-9.131,ChEMBL,1464
COc1ccc(-c2cc3c(NCc4ccccc4)ncnc3o2)cc1,-9.131,ChEMBL,1465
COc1cc(/C=C2\CCC/C(=C\c3ccc(O)c(O)c3)C2=O)cc(OC)c1,-9.13,ChEMBL,1466
CN1C(=O)[C@@H](N2CCc3cn(Cc4ccccc4)nc3C2=O)COc2ccccc21,-9.13,ChEMBL,1467
CC(C)n1c(Nc2ccccc2)nc2cnc(Nc3ccc(C(=O)NC4CCN(C)CC4)cc3)nc21,-9.129,ChEMBL,1468
Cc1ncc([N+](=O)[O-])n1CC(=O)N/N=C/c1cc2ccccc2nc1Oc1ccccc1,-9.127,ChEMBL,1469
CCOc1cc2ncc(C#N)c(Nc3ccc(F)c(Cl)c3)c2cc1NC(=O)CCN1CCOCC1,-9.126,ChEMBL,1470
O=C(Nc1ccc2ncnc(Nc3cccc(Br)c3)c2c1)c1ccco1,-9.125,ChEMBL,1471
Cc1cc(Nc2nc(-c3cn[nH]c3)nc3c2COC3(C)C)n[nH]1,-9.124,ChEMBL,1472
C=CC(=O)N1C[C@@H]2CN(c3nc(Nc4cnn(C)c4)c4ncn(C(C)C)c4n3)C[C@@H]2C1,-9.124,ChEMBL,1473
CCC(=O)N1CCC[C@@H](n2nc(-c3ccc(F)cc3)c3c(N)ncnc32)C1,-9.121,ChEMBL,1474
C=CC(=O)Nc1cccc(Oc2nc(Nc3ccc(OC)cc3)nc3c2CSCC3)c1,-9.121,ChEMBL,1475
C=CC(=O)Nc1cccc(Oc2nc(Nc3cccc(OC)c3)nc3c2CSCC3)c1,-9.12,ChEMBL,1476
CC(=O)N1N=C(c2ccc(C)cc2)CC1c1ccc(C(=O)OC(C)Cn2c([N+](=O)[O-])cnc2C)cc1,-9.117,ChEMBL,1477
C#Cc1cccc(Nc2ncnc3cc4c(cc23)N(C(=O)/C=C/CN(CC)CC)CCO4)c1,-9.115,ChEMBL,1478
CN1CCN(c2ccc(NC(=O)c3c(Nc4cccc(Cl)c4)cc[nH]c3=O)cc2)CC1,-9.114,ChEMBL,1479
O=C(/C=C/CNC1CCOCC1)Nc1cc2c(Nc3ccc(F)c(Cl)c3)ncnc2s1,-9.113,ChEMBL,1480
COc1ccc(C2=NN(C3=NC(=O)CS3)C(c3cccc4ccccc34)C2)cc1,-9.113,ChEMBL,1481
O=C1COc2cc3ncnc(Nc4cccc(Br)c4)c3cc2N1CCCN1CCCCC1,-9.111,ChEMBL,1482
C=CC(=O)Nc1ccc2ncnc(Nc3cc(F)c(Cl)c(Cl)c3)c2c1,-9.11,ChEMBL,1483
O=C(Nc1ccccc1)c1c(NCCc2cccc(Cl)c2)cc[nH]c1=O,-9.11,ChEMBL,1484
O=C1COc2cc3ncnc(Nc4ccc(F)c(Cl)c4)c3cc2N1CCCN1CCOCC1,-9.105,ChEMBL,1485
CC1(C)OCc2c(Nc3n[nH]c4ccccc34)nc(-c3cscn3)nc21,-9.104,ChEMBL,1486
Nc1nc(Nc2ccccc2)c2c(n1)[nH]c1ccccc12,-9.103,ChEMBL,1487
COc1ccc(-c2cc3c(N[C@H](C)c4ccccc4)ncnc3[nH]2)cc1,-9.103,ChEMBL,1488
COc1ccccc1-c1cc2c(N[C@H](C)c3ccccn3)ncnc2s1,-9.102,ChEMBL,1489
COc1cc2ncnc(Nc3cccc(Cl)c3F)c2cc1OC1CCN(C(=O)CO)CC1,-9.101,ChEMBL,1490
CC1=C(C(=O)Nc2ccc(C)cc2)C(c2ccc(O)cc2O)NC(NCc2ccccc2)=N1,-9.1,ChEMBL,1491
Cn1c(=O)c(-c2c(Cl)cccc2Cl)cc2cnc(NCCCCCC(=O)O)nc21,-9.1,ChEMBL,1492
O=C(OC/C=C/c1ccccc1)c1cc(NCc2cc(O)ccc2O)ccc1O,-9.1,ChEMBL,1493
Nc1ncnc2c1c(-c1ccccc1)nn2-c1ccccc1,-9.1,ChEMBL,1494
CC(C)n1nc(-c2cccc(CO)c2)c2c(N)ncnc21,-9.1,ChEMBL,1495
CC#CC(=O)Nc1ccc2ncc(C#N)c(Nc3ccc(F)c(Cl)c3)c2c1,-9.1,ChEMBL,1496
COc1cc2ncc(C#N)c(Nc3ccc(F)c(Cl)c3)c2cc1NC(=O)/C=C/CN(C)C,-9.1,ChEMBL,1497
COc1cc2ncnc(Nc3ccc(F)c(Cl)c3)c2cc1OCCN1CCN(C)CC1,-9.1,ChEMBL,1498
O=C(C#CCCN1CCOCC1)Nc1cc2c(Nc3ccc(F)c(Br)c3)ncnc2cn1,-9.1,ChEMBL,1499
Clc1cc(Nc2ncnc3[nH]nc(OCCN4CCNCC4)c23)ccc1OCc1ccccn1,-9.1,ChEMBL,1500
O=C(O)Cn1ncc2cc3c(Nc4cccc(Br)c4)ncnc3cc21,-9.1,ChEMBL,1501
COc1ccccc1C(=O)Nc1cccc(Nc2nccc(-c3cccnc3)n2)c1,-9.1,ChEMBL,1502
c1ccc2sc(-c3ccc(Nc4ncnc5[nH]ccc45)cc3)nc2c1,-9.1,ChEMBL,1503
COc1cc(Nc2ncnc3[nH]nc(OCCN4CCC(O)CC4)c23)ccc1OCc1ccccn1,-9.1,ChEMBL,1504
Nc1ncnc2c1c(-c1ccc(Cl)c(O)c1)nn2[C@@H]1CCNC1,-9.1,ChEMBL,1505
COc1cc2ncnc(C#Cc3ccccc3-c3ccccc3)c2cc1OC,-9.1,ChEMBL,1506
Cc1ccn2ncnc(Nc3ccc4c(cnn4Cc4cccnc4)c3)c12,-9.1,ChEMBL,1507
O=C(O)[C@H]1O[C@@H]1C(=O)Nc1ccc2ncnc(Nc3cccc(Br)c3)c2c1,-9.1,ChEMBL,1508
NS(=O)(=O)c1ccc2c(c1)/C(=C/c1[nH]c3c(c1CCC(=O)O)CCCC3)C(=O)N2,-9.1,ChEMBL,1509
CNC(=O)c1cnc(N)c2c(-c3ccc(NC(=O)Nc4cc(C)ccc4F)cc3)csc12,-9.1,ChEMBL,1510
CCOCc1cn2ncnc(Nc3ccc4c(cnn4Cc4ccccc4)c3)c2c1CC,-9.1,ChEMBL,1511
CC(C)n1nc(-c2ccc3cnccc3c2)c2c(N)ncnc21,-9.1,ChEMBL,1512
CC(CCOC(=O)c1cc(NCc2cc(O)ccc2O)ccc1O)c1ccccc1,-9.1,ChEMBL,1513
CN1CCN(CCOc2n[nH]c3ncnc(Nc4ccc(OCc5ccccn5)c(Cl)c4)c23)CC1,-9.1,ChEMBL,1514
Nc1cc2ncnc(NCc3cccc(C(F)(F)F)c3)c2cn1,-9.1,ChEMBL,1515
C[C@H](Nc1[nH]cnc2c3ccccc3nc1-2)c1ccccc1,-9.1,ChEMBL,1516
CN(C)c1ccc(Nc2[nH]nc3ncnc(Nc4cccc(Cl)c4)c23)cc1,-9.1,ChEMBL,1517
COc1ccc(CNc2nc(N)nc3[nH]c4ccc(O)cc4c23)cc1OC,-9.1,ChEMBL,1518
N#C/C(=C\c1ccc(O)c(O)c1)C(=O)NCN1CCN(C(=O)/C(C#N)=C/c2ccc(O)c(O)c2)CC1,-9.1,ChEMBL,1519
O=C(CCN1Cc2cc3c(Nc4cccc(Br)c4)ncnc3cc21)N1CCOCC1,-9.1,ChEMBL,1520
CCOC(=O)c1ccc(-c2cn(-c3ccccc3)c3ncnc(N)c23)cc1,-9.1,ChEMBL,1521
Cc1ccc(Nc2ncnc3[nH]c4c(c23)CCCC4)cc1,-9.1,ChEMBL,1522
C=CC(=O)N1CCc2c(sc3ncnc(N[C@H](CC)c4ccccc4)c23)C1,-9.1,ChEMBL,1523
C=CC(=O)N1CCc2c(sc3ncnc(N[C@H](C)c4ccccc4)c23)C1,-9.1,ChEMBL,1524
COc1cc(NCc2c[nH]cn2)cc2c(Nc3ccc(F)c(Cl)c3)c(C#N)cnc12,-9.1,ChEMBL,1525
Nc1cc2ncnc(Nc3ccccc3C(F)(F)F)c2cn1,-9.1,ChEMBL,1526
COc1cc2c(cc1OC)Sc1ncnc(Nc3ccc4c[nH]nc4c3)c1NC2,-9.1,ChEMBL,1527
O=C(O)c1cccc(Nc2ncnc3[nH]c4c(c23)CCCC4)c1,-9.1,ChEMBL,1528
COc1cc2c(cc1OC)Oc1ncnc(Nc3ccc(F)cc3)c1NC2,-9.1,ChEMBL,1529
COc1cc2ncnc(Nc3cccc(Cl)c3F)c2cc1CN(C)[C@@H](C)C(N)=O,-9.1,ChEMBL,1530
C[S+]([O-])c1cc(NCc2c[nH]cn2)cc2c(Nc3ccc(F)c(Cl)c3)c(C#N)cnc12,-9.1,ChEMBL,1531
CNC(=O)[C@@H](C)N(C)Cc1cc2c(Nc3cccc(Cl)c3F)ncnc2cc1OC,-9.1,ChEMBL,1532
Cc1ccc(Sc2cccc3[nH]c4nc(N)nc(N)c4c23)cc1,-9.1,ChEMBL,1533
C=CC(=O)Nc1nc2c(Nc3ccc(F)c(Cl)c3)ncnc2cc1/C=C/CCN1CCOCC1,-9.1,ChEMBL,1534
CC#CC(=O)Nc1cc2c(Nc3ccc(F)c(Cl)c3)ncnc2cn1,-9.1,ChEMBL,1535
COc1cccc(-c2ccc3c(c2)NC(=O)/C3=C\c2[nH]c(C)c(CCC(=O)O)c2C)c1,-9.1,ChEMBL,1536
C=CC(=O)Nc1nc2c(Nc3ccc(F)c(Cl)c3)ncnc2cc1CCCCN1CCOCC1,-9.1,ChEMBL,1537
O=c1c(O)c(-c2ccc(O)c(O)c2)oc2cc(O)cc(O)c12,-9.1,ChEMBL,1538
COc1ccc2c(c1)Oc1ncnc(Nc3ccc(F)c(Cl)c3)c1NC2,-9.1,ChEMBL,1539
O=C(O)c1ccc(-c2cc(O)cc(-c3ccccc3)c2)cc1,-9.1,ChEMBL,1540
COc1cc2ncnc(Nc3ccc(F)c(Cl)c3)c2cc1OCCC(=O)NO,-9.1,ChEMBL,1541
CC(C)n1nc(-c2ccc3[nH]c(=O)ccc3c2)c2c(N)ncnc21,-9.1,ChEMBL,1542
CC(C)n1nc(-c2ccc3nc[nH]c(=O)c3c2)c2c(N)ncnc21,-9.1,ChEMBL,1543
CN(C)/C=C/C(=O)Nc1ccc2ncnc(Nc3cccc(Br)c3)c2c1,-9.1,ChEMBL,1544
CC(C)n1nc(-c2ccc3occc(=O)c3c2)c2c(N)ncnc21,-9.1,ChEMBL,1545
CC(C)n1nc(-c2cccc(O)c2F)c2c(N)ncnc21,-9.1,ChEMBL,1546
Cn1nc(-c2ccc3ncccc3c2)c2c(N)ncnc21,-9.1,ChEMBL,1547
COc1ccc(CC(CO)n2cc(-c3cccc(OC)c3)c3c(N)ncnc32)cc1,-9.1,ChEMBL,1548
COc1cc(Nc2ncnc3[nH]ccc23)ccc1-c1nc2ccccc2s1,-9.1,ChEMBL,1549
Cc1cccc(Nc2[nH]cnc3nnc(Nc4cccc(Cl)c4)c2-3)c1,-9.1,ChEMBL,1550
COc1cc(OC)cc(-c2cc3cnc(N)nc3nc2NC(=O)NC(C)(C)C)c1,-9.1,ChEMBL,1551
COc1cc2c(Nc3ccc(C)cc3F)ncnc2cc1OCC1CCN(C)CC1,-9.1,ChEMBL,1552
C=CC(=O)Nc1cc2ncnc(Nc3cccc(Br)c3)c2cn1,-9.1,ChEMBL,1553
C/C=C/C(=O)Nc1ccc2c(Nc3cccc(Br)c3)ncnc2c1,-9.1,ChEMBL,1554
COc1cc(O)c2c(=O)c(-c3cccc(Cl)c3)coc2c1,-9.1,ChEMBL,1555
O=C(/C=C/Cl)Nc1cc2c(Nc3cccc(Br)c3)ncnc2cn1,-9.1,ChEMBL,1556
Cc1cccc(Nc2ncnc3ccc(NC(=O)N(CCCl)N=O)cc23)c1,-9.1,ChEMBL,1557
Clc1ccccc1OCCN(Cc1ncc(-c2ccccc2)n1Cc1ccccc1)c1ccccc1,-9.1,AIEMG,1558
[C@H]1c2ccc(Cl)c(Cl)c2CCN1C(=O)c1ccccc1OCc1ccccc1,-9.1,AIEMG,1559
[C@@]1(Cc2cccc(C(F)(F)F)c2)NC(=O)N(Cc2ccc(COC(N)=O)cc2)C1=O,-9.1,AIEMG,1560
[C@]1(CNC(=O)c2ccccc2CN2CCCCC2)N(C2CC2)[C@H](O)c2ccccc21,-9.1,AIEMG,1561
[C@@](C#Cc1ccc(Cl)cc1OCCN1CCCCC1=O)c1cccc(F)c1,-9.1,AIEMG,1562
[C@]1(c2ccccc2)NC(=O)/C1=NC1=[N+]([O-])[C@H](C(=O)Nc2ccccc2)CC1=O,-9.1,AIEMG,1563
Fc1cc(/C=N/N=C2\Sc3ccccc3N2)ccc1OCc1ccccc1,-9.1,AIEMG,1564
c1ccc(-c2ccccc2C[NH2+][C@H]2CCN(c3ccc(F)cc3)C2)cc1,-9.1,AIEMG,1565
[C@H]Oc1ccc(NC(=O)N2C(=O)N=C([O-])/C(=C\c3ccc(O)cc3)C2=O)cc1[N+](=O)[O-],-9.1,AIEMG,1566
[N+]1=C[C@@H](c2ccc(F)cc2)NC(=O)N1CN1C(=O)COc2ccccc21,-9.1,AIEMG,1567
[C@]1(C(N)=O)[C@H](c2ccc(Cl)cc2)Nc2nc3ccccc3nc21,-9.1,AIEMG,1568
[C@@](C#N)(C(=O)Nc1cccc(C(F)(F)F)c1)N1CCc2ccccc21,-9.1,AIEMG,1569
[C@H](C(=O)N1CC(C(=O)Nc2ccc(Cl)cc2[N+](=O)[O-])C1)c1ccc2c(c1)COC2,-9.1,AIEMG,1570
[N+]([O-])c1ccc(/C=C/CC(=O)N[C@@H](CCn2ccccc2=O)c2ccccc2)cc1,-9.1,AIEMG,1571
[N+]1=C(O)C(=O)N(c2ccnc(-c3ccccc3)c2)c2ccccc21,-9.1,AIEMG,1572
Fc1ccc(Cc2cccc(F)c2)cc1N[C@H]1CCn2cccc2C1,-9.1,AIEMG,1573
[N+]=Cc1ccc(-n2cnc3ccccc32)cc1OCc1ccccc1,-9.1,AIEMG,1574
[C@](C(=O)Cc1ccc(F)cc1)N1CCN(CCc2ccccc2)c2ccccc21,-9.1,AIEMG,1575
[C@@]1(c2ccccc2)NC(=O)N(CC(=O)c2cccc3ccccc23)C1=O,-9.1,AIEMG,1576
[C@](C#CCn1nnc(-c2ccccc2F)n1)C(=O)N1CCC2(CC1)OCCCO2,-9.1,AIEMG,1577
[C@H](CC(=O)NC[C@@H](c1cccnc1)c1ccccc1F)c1cccc(F)c1,-9.1,AIEMG,1578
FC(F)(F)Oc1cccc(NC(=O)N2CCC(NCc3ccccc3F)C2=O)c1,-9.1,AIEMG,1579
N#C/C(=C\c1ccc(OC(F)(F)F)cc1)c1ccc(N2CCOc3ccccc32)cc1,-9.1,AIEMG,1580
[C@@]1(/N=C/c2ccc(/C=C/C(=O)OCc3cc4ccccc4[nH]3)cc2)N(c2ccccc2)C1=O,-9.1,AIEMG,1581
[C@H]1C(=O)[C@H]([NH+]2CCC(c3ccccc3[N+](=O)[O-])CC2)N=C1COC(=O)c1cccc([N+](=O)[O-])c1,-9.1,AIEMG,1582
F[N+]([O-])=C(C(=O)c1cnc(Oc2ccccc2)cc1)c1ccc(F)c(Cl)c1,-9.1,AIEMG,1583
[C@@]1(CCCCNC(=O)NCC(c2ccccc2)c2ccccc2)C(C)(C)CO1,-9.1,AIEMG,1584
[C@]1(C#N)N(c2ccccc2)c2nc(-c3cccc([N+](=O)[O-])c3)nnc2N1,-9.1,AIEMG,1585
Cl[C@@H](Cc1nnc(-c2ccccc2)o1)C(=O)Nc1ccc(F)cc1F,-9.1,AIEMG,1586
[C@](C#Cc1ccccc1)C(=O)NC1(c2ccccc2F)[C@H](C(F)(F)F)C1,-9.1,AIEMG,1587
Fc1ccccc1On1cnnc1CN[C@@H](CCc1ccccc1)c1ccccc1,-9.1,AIEMG,1588
[C@@]1(CCc2cccc(Cl)c2)NC(=O)N1CCCN1C(=O)c2ccccc2C1=O,-9.1,AIEMG,1589
[C@@]1(CC2CCN(c3ccccc3NC(=O)NC[C@H]3c4ccccc4OC3)CC2)CCS1,-9.1,AIEMG,1590
Fc1ccc(-c2cccnc2)cc1OCC(=O)N1CCN(Cc2ccco2)CC1,-9.1,AIEMG,1591
[N+]([O-])=C1\C(=C(/C#N)c2cccc(CNC(=O)c3ccc(F)cc3)c2)C1,-9.1,AIEMG,1592
[P@@]/N=C(\NCc1cccc2c1CCCC2)N1CCc2ccccc21,-9.1,AIEMG,1593
[C@@][C@@H](NC(=O)c1cn(Cc2ccccc2)nc1-c1ccco1)c1ccc(Cl)cc1,-9.1,AIEMG,1594
Clc1ccc(Cl)cc1N1CCN(C(=O)c2ccccc2Cl)CC1,-9.1,AIEMG,1595
[C@]([C@@H]1CCCCN1C(=O)c1[nH]c2ccccc2c1C)C(=O)N1CCCCC1,-9.1,AIEMG,1596
Fc1ccc(C[C@@H](C[NH2+][C@H]2CCC[C@H](C3CC3)n2C)c2ccccc2F)cc1,-9.1,AIEMG,1597
[N+]1=C(C2(c3ccccc3)N=N2)/C(=C/c2ccc(O)cc2)C1,-9.1,AIEMG,1598
[C@H]Oc1cccc(NC(=O)c2ccccc2Sc2ccccc2F)c1,-9.1,AIEMG,1599
FC(F)(F)C1CCN(C(=O)c2cnn3c2OCCC3)[C@]1c1ccccc1Cl,-9.1,AIEMG,1600
FC(F)(F)c1ccccc1NC(=O)CN1CCN(C(=O)COc2cccc(F)c2)CC1,-9.1,AIEMG,1601
c1CCCN(Cc2ccccc2NC(=O)C2CCCCC2)c1[N+](=O)[O-],-9.1,AIEMG,1602
[C@@]Oc1ccccc1-n1cc(C(=O)C[NH+]2CCC(C(N)=O)CC2)c(=O)c2ccccc21,-9.1,AIEMG,1603
[C@@](C#Cc1ccccc1CNC(=O)c1c(C)cc(C)cc1C)N1CCOCC1,-9.1,AIEMG,1604
Fc1ccc2c(c1)CC[C@@H]2[C@@H]1CCCN1c1ccccn1,-9.1,AIEMG,1605
FC(F)(F)CCC[NH2+][C@H]1CCc2c(OCc3ccccc3)nc(-c3ccccc3)nc2C1,-9.1,AIEMG,1606
[C@H]1C(=O)c2ccc(OC[C@@H]3CCCCO3)cc2[C@H]1C(=O)NCc1ccccc1F,-9.1,AIEMG,1607
c1ncc(CN2CCC[C@](CO)(C(F)(F)F)C2)nc1-c1cc[nH+]c(N(C)C)c1,-9.1,AIEMG,1608
Fc1cccc(CCSc2nnc3cccc(-c4ccccc4)n23)c1,-9.1,AIEMG,1609
Cln1ccnc1Cc1ccc(OC2CCC(Nc3ncccn3)CC2)cc1,-9.1,AIEMG,1610
[C@@]n1c(C)nnc1S[C@@H](C(=O)Nc1ccc([N+](=O)[O-])cc1)c1ccccc1,-9.1,AIEMG,1611
[N+]1=C[C@H](S(=O)(=O)C2CC2)[C@H]2N=C(c3ccccc3)[C@@H](O)[C@@H]2[C@@H]1Nc1cccc(F)c1,-9.1,AIEMG,1612
Nc1ccc(C2=Nn3c4c(cc3C2)CN4Cc2cccc(Cl)c2)cc1,-9.1,AIEMG,1613
[C@H](C)Cn1c(=O)n(CC(=O)NCCN2CCc3cc(Cl)ccc32)c2nc3c(F)cccc3nc21,-9.1,AIEMG,1614
[C@H]1c2ccc(C(=O)N3CCC[C@@H]3c3nc4ccccc4[nH]3)cc2S1,-9.1,AIEMG,1615
Fc1ccc(/C=C/C2=NO[C@@H](c3cccs3)N2Cc2c[nH]c3ccccc23)cc1,-9.1,AIEMG,1616
[C@]1(C(C)(C)C(=O)NCc2ccccc2F)C(=O)C=C1c1ccccc1Cl,-9.1,AIEMG,1617
OCCn1ccc2ncnc(Nc3ccc(Oc4cccc5[nH]ncc45)c(Cl)c3)c21,-9.099,ChEMBL,1618
CC(=O)N1N=C(c2ccc(Cl)cc2)CC1c1ccc(C(=O)OCCn2c([N+](=O)[O-])cnc2C)cc1,-9.099,ChEMBL,1619
C=CC(=O)N1CCC(Oc2cc3c(Nc4cccc(C(F)(F)F)c4)ncnc3cc2OC)CC1,-9.099,ChEMBL,1620
COc1ccc(-n2cc(NC(=O)c3cccc(NS(=O)(=O)c4ccccc4)c3)cn2)cc1,-9.096,ChEMBL,1621
COc1cccc(Nc2ncnn3ccc(CN4CC[C@@H](N)[C@H](O)C4)c23)c1,-9.096,ChEMBL,1622
O=C1NCc2cccc(Oc3ccc(Nc4ncnc5ccn(CCO)c45)cc3Cl)c21,-9.096,ChEMBL,1623
Cc1nc(Nc2cccc3ccccc23)c2cc(C)oc2n1,-9.096,ChEMBL,1624
CC(C)=CC[C@@H](OC(=O)/C=C\C(=O)c1ccc(C)c(F)c1)C1=CC(=O)c2c(O)ccc(O)c2C1=O,-9.096,ChEMBL,1625
Cc1ccc(-n2cc(NC(=O)c3ccc(NS(=O)(=O)c4ccc(Cl)cc4)cc3)cn2)cc1,-9.092,ChEMBL,1626
COc1ccc(-n2c(=O)cnc3cnc(Nc4cccc(N)c4)nc32)cc1,-9.092,ChEMBL,1627
CCC(=O)Nc1cc2c(Nc3ccc(Cc4ccccn4)cc3)ncnc2cc1OC,-9.092,ChEMBL,1628
C#CC(=O)N1CC(c2cnn3c(C(N)=O)c(-c4ccc(Oc5ccc(OC)cc5)cc4)[nH]c23)C1,-9.091,ChEMBL,1629
CC(C)NC/C=C/C(=O)Nc1cc2c(Nc3ccc(F)c(Cl)c3)ncnc2cc1O[C@H]1CCOC1,-9.09,ChEMBL,1630
C#Cc1cccc(Nc2ncnc3cc(OC)c4c(c23)OCCO4)c1,-9.088,ChEMBL,1631
C=CC(=O)N1CCC(Oc2cc3c(Nc4cccc(C)c4)ncnc3cc2OC)CC1,-9.087,ChEMBL,1632
COc1ccccc1-c1cc2c(N[C@H](CO)c3ccccc3)ncnc2s1,-9.086,ChEMBL,1633
CN(C)C/C=C/C(=O)N1CCOc2cc3ncnc(Nc4ccc(F)c(Cl)c4)c3cc21,-9.085,ChEMBL,1634
Cc1ccc(C2CC(c3ccc(F)cc3)=NN2C2=NC(=O)CS2)cc1,-9.083,ChEMBL,1635
C#Cc1cccc(Nc2ncnc3cc4oc(=O)n(CCOC(=O)CBr)c4cc23)c1,-9.083,ChEMBL,1636
OCc1cc(-c2cc3c(N[C@H](CO)c4ccccc4)ncnc3[nH]2)ccc1F,-9.08,ChEMBL,1637
O=C(CN1CCOCC1)Nc1ccc(Nc2ncc(Cl)c(Nc3ccccc3C(=O)NO)n2)cc1,-9.08,ChEMBL,1638
O=C(Nc1cnn(-c2ccccc2)c1)c1ccc(NS(=O)(=O)c2ccccc2)cc1,-9.079,ChEMBL,1639
O=C(Nc1nccs1)C(c1n[nH]c2c1CCC2)N1Cc2ccccc2C1=O,-9.078,ChEMBL,1640
CC(=O)N1CC[C@H](Nc2nc(Nc3ccc(N4CCN(C)CC4)cc3)c3ncn(C(C)C)c3n2)C1,-9.077,ChEMBL,1641
CCC(=O)Nc1cc2c(Nc3ccc(Cc4ccncc4)cc3)ncnc2cc1OC,-9.076,ChEMBL,1642
C=CC(=O)Nc1cccc(-c2noc3ncnc(N[C@H](CO)c4ccccc4)c23)c1,-9.074,ChEMBL,1643
COC1CCN(c2nccc(Nc3cc4[nH]c(-c5cn[nH]c5)nc4cn3)n2)CC1,-9.072,ChEMBL,1644
Cc1cc2c(F)c(Oc3ncnn4cc(OC[C@@H](C)O)c(C)c34)ccc2[nH]1,-9.071,ChEMBL,1645
CN(C)C/C=C/C(=O)Nc1ccc2nccc(Oc3ccc(C(=O)Nc4ccccn4)cc3)c2c1,-9.07,ChEMBL,1646
C#Cc1cccc(Nc2ncnc3ccc(-c4ccc(CNCCS(C)(=O)=O)o4)cc23)c1,-9.069,ChEMBL,1647
C[C@@H](Nc1ncnc2ccc(OCCCCCC(=O)NO)cc12)c1ccccc1,-9.069,ChEMBL,1648
C=CC(=O)Nc1ccc(Nc2nccc(-c3cn(C)c4ccccc34)n2)cc1,-9.068,ChEMBL,1649
O=C(Nc1nccs1)C(c1ncn2c1CCC2)N1Cc2c(Cl)cccc2C1=O,-9.067,ChEMBL,1650
COc1ccc(-c2cc3c(NC(CC(N)=O)c4ccccc4)ncnc3o2)cc1,-9.067,ChEMBL,1651
CN(C)C/C=C/C(=O)Nc1cccc(Nc2nc(N/N=C/c3ccc(F)cc3)ncc2Cl)c1,-9.066,ChEMBL,1652
C#Cc1cccc(Nc2ncnc3cc(OC)c(NC(=O)/C=C/CNC4CC4)cc23)c1,-9.066,ChEMBL,1653
COc1ccc(Nc2ncc3ncc(=O)n(-c4ccc(NC(=O)/C=C/CN(C)C)cc4)c3n2)cc1,-9.066,ChEMBL,1654
Nc1ncnc2c1c(-c1cccc(OCc3ccccc3)c1)cn2[C@H]1C[C@@H](CN2CCC2)C1,-9.065,ChEMBL,1655
CC(C)n1cnc2cnc(Nc3ccnc(N4CCC(C(N)=O)CC4)n3)cc21,-9.064,ChEMBL,1656
COc1cc(NC(C)=O)ccc1-c1cc2c(N[C@H](CO)c3ccccc3)ncnc2[nH]1,-9.062,ChEMBL,1657
COC1CCN(c2nccc(Nc3cc4c(ccn4C4CCCC4)cn3)n2)CC1,-9.061,ChEMBL,1658
Cc1cccc(Nc2ccnc(Nc3ccc(N4CCN(C)CC4)cc3)n2)c1,-9.06,ChEMBL,1659
Nc1scc2c1c(Nc1ccc(S(N)(=O)=O)cc1)nc1ncnc(N)c12,-9.06,ChEMBL,1660
CNS(=O)(=O)c1cccc(Nc2cc(Nc3cccc(S(=O)(=O)NC)c3)ncn2)c1,-9.058,ChEMBL,1661
COc1cc(C(N)=O)ccc1-c1cc2c(N[C@H](C)c3ccccc3)ncnc2[nH]1,-9.057,ChEMBL,1662
C#Cc1cccc(Nc2ncnc3cc(OCC4CCCO4)c4c(c23)OCCO4)c1,-9.057,ChEMBL,1663
CCC(=O)Nc1cc2c(Nc3ccc(OCc4ccccn4)cc3)ncnc2cc1OC,-9.057,ChEMBL,1664
Nc1ncnc2c1c(-c1cccc(O)c1)cn2[C@H]1C[C@@H](CN2CCC2)C1,-9.056,ChEMBL,1665
OCc1ccc(-c2cc3c(NCc4ccccc4)ncnc3s2)cc1,-9.055,ChEMBL,1666
C=CC(=O)N1CC[C@@H](Nc2nc(Nc3ccc(N4CCN(C)CC4)cc3)c3ncn(C(C)C)c3n2)C1,-9.054,ChEMBL,1667
COc1cc(Nc2ncc(F)c(Nc3ccc4c(n3)NC(=O)C(C)(C)O4)n2)cc(OC)c1OC,-9.053,ChEMBL,1668
[2H]C([2H])([2H])Oc1ccccc1-c1cc2c(N[C@H](CO)c3ccccc3)ncnc2[nH]1,-9.052,ChEMBL,1669
O=C(N/N=C/c1cccs1)N1CCc2ncnc(Nc3ccc(F)c(Cl)c3)c2C1,-9.051,ChEMBL,1670
C=CC(=O)Nc1cc2c(Nc3ccc(OCc4ccccn4)cc3)ncnc2cc1O[C@H]1CCOC1,-9.05,ChEMBL,1671
COc1cc(CO)ccc1-c1cc2c(NCc3ccccc3)ncnc2s1,-9.05,ChEMBL,1672
C=CC(=O)Nc1ccc2ncnc(Nc3ccc(S(=O)(=O)Nc4nccs4)cc3)c2c1,-9.05,ChEMBL,1673
CC(C)Oc1cc2ncnc(Nc3ccc(F)c([N+](=O)[O-])c3)c2c2c1OCCO2,-9.05,ChEMBL,1674
c1ccc2c(Cc3nnc(Cc4nc5ccccc5[nH]4)o3)cccc2c1,-9.049,ChEMBL,1675
C=CC(=O)Nc1ccccc1C1CCNc2c(C(N)=O)c(-c3ccc(C)cc3)nn21,-9.049,ChEMBL,1676
O=C1COc2cc3ncnc(Nc4ccc(F)cc4)c3cc2N1CCCN1CCOCC1,-9.047,ChEMBL,1677
C=CC(=O)N1CCc2c(sc3ncnc(Nc4cccc(C)c4F)c23)C1,-9.046,ChEMBL,1678
CCC(=O)Nc1cc2c(Nc3ccc(NS(=O)(=O)c4ccccc4)nc3)ncnc2cc1OC,-9.045,ChEMBL,1679
O=C(Nc1ccncc1)Nc1cc(-c2cncnc2)cc(C(F)(F)F)c1,-9.045,ChEMBL,1680
O=C(/C=C/CN1CCOCC1)Nc1cc2c(Nc3ccc(F)c(Cl)c3)ncnc2s1,-9.044,ChEMBL,1681
CC1(C)OCc2c(Nc3n[nH]c4cc(Cl)ccc34)nc(-c3cn[nH]c3)nc21,-9.043,ChEMBL,1682
C=CC(=O)Nc1cccc(Nc2nc(Nc3ccc(OCCOC)cc3)ncc2F)c1,-9.043,ChEMBL,1683
COc1ccccc1-c1cc2c(NCc3ccccc3)ncnc2s1,-9.043,ChEMBL,1684
COC(=O)c1ccc(O)c(-c2nc(NCc3cccnc3)c3ccccc3n2)c1,-9.041,ChEMBL,1685
C=CC(=O)NCCn1nc(-c2ccc(Oc3ccccc3)cc2)c2c(N)ncnc21,-9.041,ChEMBL,1686
C=CC(=O)N1CC(Oc2cc3c(Nc4ccc(Cl)c(Cl)c4F)ncnc3cc2OC)C1,-9.039,ChEMBL,1687
Brc1cccc(Nc2ncnc3c2[nH]c2ccccc23)c1,-9.039,ChEMBL,1688
CC(C)c1ccc(C2N=C(C(N)=O)c3ncn(-c4ccc(F)cc4)c3N2)cc1,-9.037,ChEMBL,1689
CCC(=O)Nc1cc(Nc2nccc(-c3cn(CCO)c4ccccc34)n2)c(OC)cc1F,-9.037,ChEMBL,1690
CC(=O)Nc1ccc2ncnc(Nc3ccc(OCc4ccccn4)c(Cl)c3)c2c1,-9.036,ChEMBL,1691
CN(C)C/C=C/C(=O)N1CCCC1Cn1nc(-c2ccc(Oc3ccccc3)cc2)c2c(N)ncnc21,-9.036,ChEMBL,1692
C#Cc1cccc(Nc2ncnc3cc(O[C@H]4CCOC4)c(NC(=O)/C=C/CN4CCCCC4)cc23)c1,-9.036,ChEMBL,1693
CN1CCN(CCC(=O)Nc2ccc3ncnc(Nc4cccc(Br)c4)c3c2)CC1,-9.034,ChEMBL,1694
COc1cc2ncnc(Nc3ccc(F)c(Cl)c3)c2cc1OCCn1c([N+](=O)[O-])cnc1C,-9.033,ChEMBL,1695
C[C@@H](Nc1ncnc2[nH]c(-c3ccccc3)cc12)c1ccc(F)cc1,-9.032,ChEMBL,1696
CC#CC(=O)N1CCC[C@@H](n2nc(-c3ccc(Oc4ccccc4)cc3)c3c(N)ncnc32)C1,-9.032,ChEMBL,1697
O=S(=O)(Nc1nccs1)c1ccc(Nc2nncc3ccccc23)cc1,-9.031,ChEMBL,1698
Cc1ccc(C2CC(c3ccccc3)=NN2C2=NC(=O)CS2)cc1,-9.03,ChEMBL,1699
CC(C)N(C)C/C=C/C(=O)N1CCc2c(oc3ncnc(Nc4ccc(F)c(Cl)c4)c23)C1,-9.029,ChEMBL,1700
C=CC(=O)Nc1cc2c(Nc3ccc(F)c(F)c3F)ncnc2cc1OCCNC(C)=O,-9.028,ChEMBL,1701
COc1cc(C(N)=O)ccc1-c1cc2c(N[C@H](CO)c3ccccc3)ncnc2[nH]1,-9.028,ChEMBL,1702
COc1cccc(CNc2ccnc3[nH]c4ccc([N+](=O)[O-])cc4c23)c1,-9.027,ChEMBL,1703
COc1cccc(OC)c1-c1cc2c(N[C@H](C)c3ccccc3)ncnc2[nH]1,-9.026,ChEMBL,1704
CC(C)Oc1cc2ncnc(Nc3ccc(F)c(Cl)c3)c2c2c1OCCO2,-9.026,ChEMBL,1705
COc1ccccc1-c1cc2c(N[C@H](CO)c3ccccc3)ncnc2[nH]1,-9.024,ChEMBL,1706
COc1ccc(Oc2nc3ccc(C)cc3cc2/C=N/NC(=O)Cn2c([N+](=O)[O-])cnc2C)cc1,-9.023,ChEMBL,1707
O=C1CSC(N2N=C(c3ccc(Br)cc3)CC2c2ccccc2)=N1,-9.018,ChEMBL,1708
COC1CCN(c2nccc(Nc3cc(NC(=O)c4c(Cl)cccc4Cl)ccn3)n2)CC1,-9.018,ChEMBL,1709
O=c1[nH]c(Cc2ccccc2)cn2c1cc1cc(Cl)ccc12,-9.018,ChEMBL,1710
COc1cccc(Nc2nc3cnc(Nc4ccc(N5CCN(C)CC5)cc4)nc3n2C(C)C)c1,-9.018,ChEMBL,1711
Fc1ccc(Nc2ncnc3ccc(NC(=S)NCCN4CCCCC4)cc23)cc1Cl,-9.016,ChEMBL,1712
O=[N+]([O-])c1ccc2[nH]c3nccc(NCc4cccc(Cl)c4)c3c2c1,-9.015,ChEMBL,1713
C=CC(=O)Nc1cccc(NC(=O)Nc2ccnc(Nc3ccc(N4CCOCC4)cc3)n2)c1,-9.015,ChEMBL,1714
COc1cc(NS(C)(=O)=O)ccc1-c1cc2c(N[C@H](C)c3ccccc3)ncnc2[nH]1,-9.013,ChEMBL,1715
CN(C)C/C=C/C(=O)N1CCC[C@@H](n2nc(-c3ccccc3)c3c(N)ncnc32)C1,-9.011,ChEMBL,1716
COc1cc2ncnc(Nc3ccc(F)c(Cl)c3)c2cc1N1CCOCC1,-9.01,ChEMBL,1717
c1ccc(CNc2cc(-c3c[nH]c4ncccc34)ncn2)cc1,-9.01,ChEMBL,1718
COC[C@@H](Nc1ncnc2oc(-c3ccccc3)cc12)c1ccccc1,-9.009,ChEMBL,1719
COc1cc2ncnc(Nc3ccc(F)c(Cl)c3)c2cc1OCCCN1CCC2(COC2)C1,-9.007,ChEMBL,1720
O=C1COc2cc3ncnc(Nc4ccc(Br)cc4)c3cc2N1CCCN1CCOCC1,-9.006,ChEMBL,1721
COc1ccccc1-c1cc2c(N[C@@H](CO)c3ccccc3)ncnc2s1,-9.004,ChEMBL,1722
C=CC(=O)Nc1cc(Nc2nccc(-c3cn(C)c4cccnc34)n2)c(OC)cc1N(C)CCNC,-9.004,ChEMBL,1723
C=CC(=O)Nc1ccc2ncnc(Nc3ccc(Br)c(C)c3)c2c1,-9.003,ChEMBL,1724
COc1cc2ncnc(Nc3cccc(Cl)c3F)c2cc1CN1CCOCC1,-9.003,ChEMBL,1725
C=CC(=O)Nc1cc(Nc2nccc(-c3cn(C)c4ccccc34)n2)c(OC)cc1N(C)CCN(C)C,-9.002,ChEMBL,1726
CNC(=O)CN1CCC(Oc2cc3c(Nc4cccc(Cl)c4F)ncnc3cc2OC)CC1,-9.001,ChEMBL,1727
C[C@@H](Nc1[nH]cnc2c3ccccc3nc1-2)c1ccccc1,-9.0,ChEMBL,1728
CO/N=C/c1c(N)ncnc1Nc1ccc2[nH]c(Cc3cccc(F)c3)nc2c1,-9.0,ChEMBL,1729
[N+](Cl)c1ccccc1[C@@H]1CCCN1C(=O)c1cc(F)c(F)cc1F,-9.0,AIEMG,1730
C=CC(=O)Nc1nc2c(Cc3ccc(F)c(Cl)c3)ncnc2cc1/C=C/CCN1CCOCC1,-9.0,ChEMBL,1731
C=C/C=C/C(=O)Nc1cc2c(Nc3cccc(Br)c3)ncnc2cn1,-9.0,ChEMBL,1732
N#C/C(=C/c1cc(Cc2ccccc2)c(O)c(Cc2ccccc2)c1)C(N)=O,-9.0,ChEMBL,1733
O=C(Nc1ccc(Br)cc1)Nc1ncnc2nn3ccccc3c12,-9.0,ChEMBL,1734
CNC(=O)c1cc(Nc2ccc(-c3nc4ccccc4s3)cc2)ccn1,-9.0,ChEMBL,1735
C#Cc1cccc(Nc2ncnn3ccc(CN4CCC(N)CC4)c23)c1,-9.0,ChEMBL,1736
Brc1cccc(Nc2ncnc3cc4c(cnn4CCN4CCOCC4)cc23)c1,-9.0,ChEMBL,1737
COc1cc2ncnc(N[C@@H](C)c3ccc(F)cc3)c2cc1OCCCCCCC(=O)NO,-9.0,ChEMBL,1738
C=CC(=O)Nc1ccc2c(Nc3cccc(Br)c3)ncnc2c1,-9.0,ChEMBL,1739
Cc1cc(C)c(O)c(CN(Cc2ccc(O)cc2)C(=O)Nc2ccccc2)c1,-9.0,ChEMBL,1740
Clc1cc(Nc2ncnc3[nH]nc(OCCN4CCOCC4)c23)ccc1OCc1ccccn1,-9.0,ChEMBL,1741
Cc1ccc(Oc2ccc(Nc3ncnc4cccc(O[C@H](C)C(=O)N(C)CCO)c34)cc2C)cn1,-9.0,ChEMBL,1742
COc1cc(OC)cc(C2CC(c3ccc(C)c(C)c3)=NN2C(C)=O)c1,-9.0,ChEMBL,1743
CC(C)n1nc(-c2cc(O)cc(Br)c2)c2c(N)ncnc21,-9.0,ChEMBL,1744
Nc1ncnc2c1c(-c1ccc(F)c(O)c1)nn2C1CNC1,-9.0,ChEMBL,1745
CNC(=O)c1c(SSc2c(C(=O)NC)c3ccccc3n2C)n(C)c2ccccc12,-9.0,ChEMBL,1746
CC(C)n1nc(-c2ccc3c(c2)OCCO3)c2c(N)ncnc21,-9.0,ChEMBL,1747
Nc1ncnc2c1c(-c1ccn3ccnc3c1)nn2C1CCCC1,-9.0,ChEMBL,1748
COc1ccc(-c2ccc3c(c2)NC(=O)/C3=C\c2[nH]cc(CCC(=O)O)c2C)cc1,-9.0,ChEMBL,1749
CN1CCN(CCCNc2ncc3cc(-c4c(Cl)cccc4Cl)c(=O)n(C)c3n2)CC1,-9.0,ChEMBL,1750
CNc1ncnc2c1c(-c1ccccc1)cn2-c1ccccc1,-9.0,ChEMBL,1751
COc1cc2ncnc(Nc3cccc(Cl)c3F)c2cc1CN(C)CC(N)=O,-9.0,ChEMBL,1752
COc1cc2ncnc(Nc3ccc(F)c(Cl)c3)c2cc1OC[C@@H](O)CN1CCOCC1,-9.0,ChEMBL,1753
[C@](C#Cc1ccc(CCC(=O)N2CCN(C(C)C)CC2)cc1)c1c([O-])c(CC(N)=O)s1C,-9.0,AIEMG,1754
Fc1ccccc1C(=O)/C(CCOc1ccc(F)cc1)c1ccccc1,-9.0,AIEMG,1755
Nc1cc2ncnc(NCc3cccc([N+](=O)[O-])c3)c2cn1,-9.0,ChEMBL,1756
COc1cc(O)c2c(O)c(-c3cccc(Cl)c3)cnc2c1,-9.0,ChEMBL,1757
C=CC(=O)Nc1cc2c(Nc3cccc(Br)c3)ncnc2cc1N1CCN(C)CC1,-9.0,ChEMBL,1758
O=C(O)c1cc(N(Cc2ccccc2O)Cc2cc(O)ccc2O)ccc1O,-9.0,ChEMBL,1759
CC#CC(=O)Nc1cnc2ncc(C#N)c(Nc3ccc(F)c(Cl)c3)c2c1,-9.0,ChEMBL,1760
CCN(CC)CCOc1c(C(=O)OC)c2c3c(oc2c2ccccc12)C(=O)c1ccccc1C3=O,-9.0,ChEMBL,1761
Brc1ccc2c(c1)CNc1c(NCc3ccccc3)ncnc1O2,-9.0,ChEMBL,1762
COc1cc2c(cc1OC)Oc1ncnc(Nc3ccc(F)c(Cl)c3)c1NC2,-9.0,ChEMBL,1763
O=C(Nc1cccc(C(F)(F)F)c1)c1ccccc1NCc1ccncc1,-9.0,ChEMBL,1764
c1ccc(Nc2nc[nH]c3nnc(Nc4ccccc4)c2-3)cc1,-9.0,ChEMBL,1765
O=c1c(-c2cccc(Cl)c2)coc2cc(O)cc(O)c12,-9.0,ChEMBL,1766
COc1cc2ncnc(Nc3ccc(F)c(Cl)c3)c2cc1OC[C@H](O)CN1CCOCC1,-9.0,ChEMBL,1767
Fc1ccc(Nc2ncnc3nn4ccccc4c23)cc1Cl,-9.0,ChEMBL,1768
COc1cc(OC(C)C)c2c(Nc3ccc(F)c(Cl)c3)ncnc2c1,-9.0,ChEMBL,1769
Nc1ncnc2c1c(-c1ccccc1)cn2-c1ccc(CNCCO)cc1,-9.0,ChEMBL,1770
O=C1NC(=O)N(CCc2ccccc2)/C1=C/c1ccc(O)cc1,-9.0,ChEMBL,1771
Cc1[nH]c(/C=C2\C(=O)Nc3cc(-c4ccccc4)ccc32)c(C)c1CCC(=O)O,-9.0,ChEMBL,1772
CC(C)n1nc(-c2cccc(O)c2)c2c(N)ncnc21,-9.0,ChEMBL,1773
COc1cc2ncnc(Nc3cccc(Cl)c3F)c2cc1CN(C(C)C)[C@@H](C)C(N)=O,-9.0,ChEMBL,1774
COCCNCCN1CCC(n2cc(-c3cccc(OC)c3)c3c(N)ncnc32)CC1,-9.0,ChEMBL,1775
COc1cccc(-c2cn(C3CCC3)c3ncnc(N)c23)c1,-9.0,ChEMBL,1776
Nc1ncnc2c1c(-c1ccccc1)cn2C1CCCC1,-9.0,ChEMBL,1777
Nc1ncnc2c1c(-c1ccccc1)cn2C(CO)Cc1ccc(O)cc1,-9.0,ChEMBL,1778
Cc1cccc(Nc2ncnc3c2sc2ccc(N)cc23)c1,-9.0,ChEMBL,1779
Nc1ncnc2c1c(-c1ccc(O)cc1)cn2C1CCCC1,-9.0,ChEMBL,1780
Cn1c2ccccc2c2c(Nc3cccc(Br)c3)ncnc21,-9.0,ChEMBL,1781
CC(=O)Nc1cc2ncnc(Nc3cccc(Br)c3)c2cn1,-9.0,ChEMBL,1782
Brc1cccc(Nc2ncnc3cc4c(ccn4CCCN4CCOCC4)cc23)c1,-9.0,ChEMBL,1783
O=C(O)Cc1c(SSc2[nH]c3ccccc3c2CC(=O)O)[nH]c2ccccc12,-9.0,ChEMBL,1784
[C@H]Oc1cccc(C(=O)N[C@@H](Cn2cc[nH+]c2)c2c[nH]c3ccccc23)c1,-9.0,AIEMG,1785
Cn1ncc2cc(Nc3ncnn4ccc(CN5CCC(N)CC5)c34)ccc21,-9.0,ChEMBL,1786
Cc1ccc(Nc2ncnn3ccc(CN4CCC(N)CC4)c23)cc1,-9.0,ChEMBL,1787
COc1cccc(-c2ccc3c(c2)NC(=O)/C3=C\c2[nH]cc(CCC(=O)O)c2C)c1,-9.0,ChEMBL,1788
Fc1ccccc1OC[C@H]1CCCN1C(=O)N[C@@H]1CC(=O)N(c2ccccc2)C1,-9.0,AIEMG,1789
COc1cc2ncnc(Nc3cccc(Cl)c3F)c2cc1OCCCN1CCOCC1,-9.0,ChEMBL,1790
Oc1cccc(Nc2ncnc3[nH]c4c(c23)CCCC4)c1,-9.0,ChEMBL,1791
Fc1ccc2c(c1)CCN(Cc1cccc3ncccc13)C2,-9.0,AIEMG,1792
[N+]1=CC[C@H](C2=NNC(c3cn(-c4ccccc4)cc3C(F)(F)F)C2)C1,-9.0,AIEMG,1793
Fc1cc(N2CCCC2)ccc1NCC1CCN(S(=O)(=O)c2cc(F)ccc2F)CC1,-9.0,AIEMG,1794
[C@H](C)c1ccc(F)cc1NC(=O)c1ccc(-c2ncc[nH]2)cc1,-9.0,AIEMG,1795
[C@](CNC(=O)Cn1c(CC(=O)[O-])cc2ccc(Br)cc2c1=O)c1ccc(Cl)cc1,-9.0,AIEMG,1796
[C@](C#N)([C@H]1CCCN(C(=O)c2ccc(-n3nccn3)cc2)C1=O)c1cccc(OC(F)F)c1,-9.0,AIEMG,1797
[N+]c1ccc(F)c(C[NH+]2CCC[C@H]2c2nc3ccccc3o2)c1,-9.0,AIEMG,1798
c1ccccc1C[C@@H](CC(=O)NCCc1cccnc1)c1ccccc1,-9.0,AIEMG,1799
[C@@](CNc1ccc(C(=O)N2CCC[C@@H](C(N)=O)C2)o1)c1ccc(F)c(F)c1F,-9.0,AIEMG,1800
Fc1cccc(COc2ccc(/C=N/N3CCN(c4ccccc4F)CC3)cc2)c1,-9.0,AIEMG,1801
[N+]c1cccc(C(=O)NCCN2CC(=O)c3ccccc3S2)c1,-9.0,AIEMG,1802
c1ccc(-c2nnc(SCc3csnn3)nc2-c2ccc(F)cc2)cc1,-9.0,AIEMG,1803
[N+]n1ccnc1C(=O)N1CCN(Cc2csc(Nc3ccc(Cl)cc3)n2)CC1,-9.0,AIEMG,1804
Clc1ccc2nc(N3CCC(c4ccc[nH]4)CC3)ncc2c1,-9.0,AIEMG,1805
[C@H]1CCCCN1C(=O)CSc1nnc(-c2ccccc2)n1-c1cccc(Cl)c1,-9.0,AIEMG,1806
[C@]1(c2ccccc2)NC(=O)N(CC(=O)NC2CCN(c3ccccc3)CC2)C1=O,-9.0,AIEMG,1807
c1ccc2sc(NC(C(=O)c3cccc(C(F)(F)F)c3)NCc3ccc[nH]3)nc2c1,-9.0,AIEMG,1808
[C@H](C)c1nc(C2CCCC2)nc2c1CCN(CC(=O)NCC1(C)CCCCC1)C2,-9.0,AIEMG,1809
[C@]1(CC(=O)NC[C@H]2CCc3ccccc32)NC=C1CCc1cccc(Br)c1,-9.0,AIEMG,1810
[C@](C#Cc1ccccc1)c1ccc(C(=O)Nc2cc([N+](=O)[O-])ccc2C)cc1,-9.0,AIEMG,1811
[C@H]Oc1cccc(NC2CCN(C(=O)N[C@@H](C)c3ccccc3)CC2)c1,-9.0,AIEMG,1812
[C@H]Oc1ccc(C(=O)Nc2ccc(F)cc2)cc1OCc1c(F)cccc1Cl,-9.0,AIEMG,1813
[C@@](C#Cc1cccc([N+](=O)[O-])c1)N1CCN(c2c(C#N)c3ccccc3o2)CC1,-9.0,AIEMG,1814
Fc1ccc(F)cc1C[NH2+][C@H]1C[C@@H]2CCCc3cccc1c32,-9.0,AIEMG,1815
[N+]1=C[C@H](/C=C/c2cccn2-c2ccccc2)c2ccccc2N1,-9.0,AIEMG,1816
Fc1ccc(C[NH+]2CCc3ccccc3C2)cc1OC[C@@H]1CCCO1,-9.0,AIEMG,1817
[C@](C#CCNC(=O)Nc1cccc(-c2nnc(C(C)C)o2)c1)c1ccccc1,-9.0,AIEMG,1818
[C@H]O/C(=N/O)[C@H]1CCCN(c2ccc(-c3cc(=O)oc4ccncc34)[nH+]n2)C1,-9.0,AIEMG,1819
Clc1cccc(-c2nncc(-c3ccccc3Cl)n2)c1,-9.0,AIEMG,1820
[N+](=C/c1ccccc1)C(=O)Nc1ccc2[nH]nc(-c3ccccc3)c(=O)c2c1,-9.0,AIEMG,1821
[N+]/[C@H]1C(=O)[C@H](CC(=O)NCc2ccc(Cl)cc2)Nc2ccc(NC(=O)c3ccc(Cl)cc3)cc21,-9.0,AIEMG,1822
[C@H][NH+](Cc1ccc(F)c(Br)c1)C(c1ccccc1)c1nc(C(F)(F)F)cs1,-9.0,AIEMG,1823
[C@]1(C(N)=O)[C@H](CC(=O)c2c[nH]c3cc(C)ccc23)NC1C1=NC=C1C(=O)c1ccc(F)cc1,-9.0,AIEMG,1824
Clc1cc(C(=O)Nc2cccnn2)ccc1NC[C@H](O)c1ccccc1,-9.0,AIEMG,1825
[C@@](CNC(=O)[C@@H]1CCCN(C(=O)NC[C@H]2CCCN(c3ncccn3)C2)C1)c1ccccn1,-9.0,AIEMG,1826
C=CC(=O)Nc1cc2c(Nc3cccc(C)c3)ncnc2cc1OCCCN1CCOCC1,-9.0,ChEMBL,1827
CC(C)n1nc(-c2ccc3nonc3c2)c2c(N)ncnc21,-9.0,ChEMBL,1828
N#Cc1cnc2ccc(NCc3c[nH]cn3)cc2c1Nc1ccc(F)c(Cl)c1,-9.0,ChEMBL,1829
CN(CCO)Cc1ccn2ncnc(Nc3ccc4c(cnn4Cc4cccc(F)c4)c3)c12,-9.0,ChEMBL,1830
Cc1ccc2cc(-c3nn(C(C)C)c4ncnc(N)c34)ccc2n1,-9.0,ChEMBL,1831
COc1cc2ncc(C#N)c(N[C@@H]3C[C@H]3c3ccccc3)c2cc1OCCN1CCOCC1,-9.0,ChEMBL,1832
O=C(C#CCN1CCSCC1)Nc1ccc2ncnc(Nc3cccc(Br)c3)c2c1,-9.0,ChEMBL,1833
CCOc1ccc2cc(-c3nn(C)c4ncnc(N)c34)ccc2c1,-9.0,ChEMBL,1834
CC(C)n1nc(-c2ccc3cc(O)ccc3c2)c2c(N)ncnc21,-9.0,ChEMBL,1835
COc1ccc(-c2nn([C@@H]3CCNC3)c3ncnc(N)c23)cc1O,-9.0,ChEMBL,1836
[C@H](c1cscc1C#N)[C@@](CC(=O)c1cccc2c1OCO2)c1ccccc1,-9.0,AIEMG,1837
CC(C)n1nc(-c2cc(F)c(O)cc2F)c2c(N)ncnc21,-9.0,ChEMBL,1838
Nc1ncnc2c1c(-c1ccc(Cl)c(O)c1)nn2CCC1CCCNC1,-9.0,ChEMBL,1839
[C@H](c1ccc(-c2cncc3ccccc23)cc1)[C@H](C[NH3+])c1ccccc1,-9.0,AIEMG,1840
COc1cc(-c2nn(C3CCCC3)c3ncnc(N)c23)ccc1N,-9.0,ChEMBL,1841
[NH+]1(c2nc(-c3c[nH]c4ccccc34)nn2-c2ccccc2)CC1,-9.0,AIEMG,1842
C/C=C/C(=O)Cc1ccc2ncnc(Nc3cccc(Br)c3)c2c1,-9.0,ChEMBL,1843
[C@H](C)C1(CNC(=O)C(=O)Nc2nccc(-c3ccccc3)n2)CC[NH2+]CC1,-9.0,AIEMG,1844
[C@@](O)(CC(=O)Nc1ccccc1C(F)(F)F)C(=O)N1CCN(c2ccccc2)CC1,-9.0,AIEMG,1845
[C@]=N[C@H](c1ccccc1)C(=O)Nc1nc(-c2cccc(O)c2)sc1C,-9.0,AIEMG,1846
c1ccc(-c2nc3cc(C(F)(F)F)cc(C(F)(F)F)c3[nH]2)cc1,-9.0,AIEMG,1847
[P@@]=C(N[C@@H]1CCCc2ccccc21)c1ccc2c(c1)CCO2,-9.0,AIEMG,1848
[C@H]1C(=O)c2ccccc2N[C@@H]1c1ccc(F)cc1Cl,-9.0,AIEMG,1849
[C@]1(C(=O)/C=C/c2ccccc2Oc2ccccc2)=NC(=O)[C@H]1C,-9.0,AIEMG,1850
Fc1ccc([C@H]2C[NH2+][C@H](N(Cc3ccccc3)[NH2+]Cc3ccccc3)C2)cc1,-9.0,AIEMG,1851
Fc1cc(Oc2ccc(Cl)cc2)c2ccccc2c1NC1CCCCC1,-9.0,AIEMG,1852
[C@H]n1c(SCCC(=O)N[C@H]2CCCc3ccccc32)nnc1-c1ccc(F)c(F)c1,-9.0,AIEMG,1853
F[N+]([O-])=C(CC[NH+]1CCn2cccc2C1)c1c([O-])c2ccccc2oc1=O,-9.0,AIEMG,1854
Fc1ccc(-n2ncc3c(=O)n(-c4cccc(F)c4)ncc32)cc1,-9.0,AIEMG,1855
[C@@](N)(c1ccc(C(=O)N2CCOCC2)cc1)[C@H]1Oc2ccccc2C[C@H]1O,-9.0,AIEMG,1856
[C@@][C@@H]1[C@@H](C(=O)[O-])CC(=O)N1[C@@H]1CCc2ccccc2C1,-9.0,AIEMG,1857
CC(C)CO/N=C/c1c(N)ncnc1Nc1ccc2c(cnn2Cc2cccc(F)c2)c1,-9.0,ChEMBL,1858
COC(=O)Cn1cc(-c2cccc(Cl)c2)c(=O)c2c(O)cc(OC)cc21,-9.0,ChEMBL,1859
NOc1ccc2c(c1)OCC[C@@H]2NC(=O)N1CCC[C@@H](Nc2ccc(F)cc2)C1,-9.0,AIEMG,1860
c1cc(-c2n[nH]c3c2[C@H](c2cccs2)N(Cc2ccccc2)C3)cc(F)c1,-9.0,AIEMG,1861
[C@H]Oc1ccccc1NC1CCN(S(=O)(=O)c2ccc(C(C)C)cc2)CC1,-9.0,AIEMG,1862
[C@H](C(=O)N1CCC(/C(c2ccccc2)C2CCCC2)S1)c1ccccc1,-9.0,AIEMG,1863
[N+]=C/C=C\C(=O)OC[C@@H]1c2ccccc2C(=O)N1c1ccccc1,-9.0,AIEMG,1864
Fc1cccc2c1NC(=O)/C[C@H]2c1cc([N+](=O)[O-])ccc1C1CCOCC1,-9.0,AIEMG,1865
[N+]1=C[C@@H]([C@@H]2NC(=O)C[NH+]=C2c2ccc(F)cc2F)N=N1,-9.0,AIEMG,1866
COc1ccc(NC(=O)/C=C/CN(C)C)cc1Nc1nccc(-c2cnn3ccccc23)n1,-8.999,ChEMBL,1867
COc1cc2ncnc(Nc3cccc(Cl)c3F)c2cc1N1CCOCC1,-8.998,ChEMBL,1868
N#CN1CCC[C@@H](n2nc(-c3ccc(Oc4ccc(F)cc4F)cc3)c(C(N)=O)c2N)C1,-8.997,ChEMBL,1869
COc1ccc(C2=NN(C(N)=S)C(c3ccc4ccccc4c3)C2)cc1,-8.996,ChEMBL,1870
Brc1cccc(Nc2ncnc3cc4c(cc23)OCCCO4)c1,-8.995,ChEMBL,1871
C#Cc1cccc(Nc2ncnc3cc(OCCCN4C[C@H](O)[C@@H](O)[C@H](O)[C@H]4CO)c(OC)cc23)c1,-8.994,ChEMBL,1872
O=C1COc2cc3ncnc(Nc4ccc(Cl)cc4)c3cc2N1CCCN1CCOCC1,-8.994,ChEMBL,1873
OC[C@@H](Nc1ncnc2[nH]c(-c3ccncc3)cc12)c1ccccc1,-8.993,ChEMBL,1874
Brc1cccc(Nc2ncnc3cc4c(cc23)OCCSCCO4)c1,-8.99,ChEMBL,1875
C=CC(=O)Nc1cc2c(Nc3ccc(F)c(Cl)c3)ncnc2cc1OCc1cn(CCCO)nn1,-8.99,ChEMBL,1876
C=CC(=O)Nc1cccc(-c2c(C)sc3ncnc(N[C@H](CO)c4ccccc4)c23)c1,-8.989,ChEMBL,1877
Cn1c(-c2csc(N/N=C\c3ccncc3)n2)nc2ccccc21,-8.989,ChEMBL,1878
O=C(Nc1cc2c(Nc3ccc(F)c(Cl)c3)ncnc2cc1O[C@H]1CCOC1)N1CC(O)C1,-8.988,ChEMBL,1879
C[C@@H](Nc1ncnc2[nH]c(-c3ccncc3)cc12)c1ccccc1,-8.988,ChEMBL,1880
CCOc1cc2ncnc(Nc3ccc(OCC4CC4)c(Cl)c3)c2cc1NC(=O)[C@@H]1COC(=O)N1,-8.988,ChEMBL,1881
C=CC(=O)N1CCCC[C@H]1c1nc(-c2ccc(C(=O)Nc3cc(OC)ccn3)cc2)c(C(N)=O)n1N,-8.988,ChEMBL,1882
CN(C)C/C=C/C(=O)N1CCCOc2cc3ncnc(Nc4ccc(F)c(Cl)c4)c3cc21,-8.988,ChEMBL,1883
C=CC(=O)N1CC(Oc2cc3c(Nc4ccc(F)c(Cl)c4)ncnc3cc2OC)C1,-8.987,ChEMBL,1884
CN(C)C(=O)c1ccc(Nc2ncc(C(F)(F)F)c(N[C@H]3CC[C@@H](N)CC3)n2)cc1,-8.987,ChEMBL,1885
C#Cc1cccc(Nc2ncnc3sc(-c4ccc(CO)cc4OC)cc23)c1,-8.986,ChEMBL,1886
Cn1cc(-c2cnc3c(-c4csc(C(=O)N[C@@H]5CCCC[C@@H]5N)c4)cnn3c2)cn1,-8.986,ChEMBL,1887
C=CC(=O)Nc1cc(Nc2cc[nH]n2)nc(-c2ccccc2)n1,-8.985,ChEMBL,1888
Brc1cccc(Nc2ncnc3cc4c(cc23)OCCOCOCOCCO4)c1,-8.984,ChEMBL,1889
O=[N+]([O-])c1ccc2[nH]c3nccc(NCc4cccc(Br)c4)c3c2c1,-8.984,ChEMBL,1890
O=C(CCCCCCn1cc(-c2ccc3ncnc(Nc4ccc(F)c(Cl)c4)c3c2)nn1)NO,-8.982,ChEMBL,1891
CC1(C)OCc2c(Nc3nsc4ccccc34)nc(-c3cn[nH]c3)nc21,-8.981,ChEMBL,1892
O=C(CCCOc1ccc2ncnc(Nc3ccc(F)c(Cl)c3)c2c1)NO,-8.98,ChEMBL,1893
COc1cc2c(c(OC)c1)C(=O)N(c1cccc(C(=O)N3CCCCC3)c1)CC2,-8.978,ChEMBL,1894
COc1cc(/C=N/NC(=O)COc2nc(C)nc3c2c(C)nn3-c2ccccc2)cc(OC)c1OC,-8.976,ChEMBL,1895
C=CC(=O)Nc1cccc(Oc2nc(Nc3ccccc3OC)ncc2Cl)c1,-8.974,ChEMBL,1896
Cn1c(-c2ccccc2)cc2c(N[C@H](CO)c3ccccc3)ncnc21,-8.974,ChEMBL,1897
COc1cccc(-n2cc(NC(=O)c3ccc(NS(=O)(=O)c4ccccc4)cc3)cn2)c1,-8.974,ChEMBL,1898
CCOc1ccc(C(=O)Nc2nccc(-c3cccnc3)n2)cc1NC(=O)/C=C/CN(C)C,-8.971,ChEMBL,1899
COc1ccc(NC(=O)CCCN(C)C)cc1Nc1ncc(Cl)c(-c2cnn3ccccc23)n1,-8.971,ChEMBL,1900
C=CC(=O)Nc1cccc(NC(=O)Nc2ccnc(Nc3ccc(N4CCOCC4)cc3OC)n2)c1,-8.971,ChEMBL,1901
CC(C)=CC[C@@H](OC(=O)/C=C\C(=O)c1cc(F)ccc1C)C1=CC(=O)c2c(O)ccc(O)c2C1=O,-8.969,ChEMBL,1902
Cc1ccc(-c2csc(=N)n2CC(=O)N2CCN(c3ccccc3)CC2)cc1,-8.968,ChEMBL,1903
O=C(NCCN1CCOCC1)Nc1ccc2ncnc(Nc3cccc(Br)c3)c2c1,-8.966,ChEMBL,1904
O=C1Nc2ccc(S(=O)(=O)N3CCOCC3)cc2/C1=N/Nc1ccccc1,-8.964,ChEMBL,1905
CCOC(=O)CCCn1c(=O)oc2cc3ncnc(Nc4ccc(F)c(Cl)c4)c3cc21,-8.962,ChEMBL,1906
O=C1CSC(N2N=C(c3ccc(F)cc3)CC2c2ccc(Br)cc2)=N1,-8.96,ChEMBL,1907
O=C(CBr)OCCn1c(=O)oc2cc3ncnc(Nc4ccc(F)c(Cl)c4)c3cc21,-8.96,ChEMBL,1908
COc1cc2ncnc(Nc3cccc(Br)c3)c2cc1NC(=O)[C@@H]1COC(=O)N1,-8.958,ChEMBL,1909
COc1cc(N2CCN(C)CC2)ccc1Nc1ncc(Cl)c(Oc2cccc(NC(=O)CO)c2)n1,-8.956,ChEMBL,1910
CCOC(=O)C1=C(N)N(c2cccnc2)C2=C(C(=O)CCC2)C1c1cc2ccccc2n2nnnc12,-8.955,ChEMBL,1911
OC[C@@H](Nc1ncnc2sc(-c3ccccc3)cc12)c1ccccc1,-8.955,ChEMBL,1912
CS(=O)(=O)c1ccc(-c2cc3c(N[C@H](CO)c4ccccc4)ncnc3[nH]2)cc1,-8.954,ChEMBL,1913
CN1CCN(CC(=O)Nc2ccc3ncnc(Nc4cccc(Br)c4)c3c2)CC1,-8.954,ChEMBL,1914
OCc1ccc(-c2cc3c(Nc4ccccc4)ncnc3s2)cc1,-8.954,ChEMBL,1915
O=C1NCc2ccc(Oc3ccc(Nc4ncnc5ccn(CCO)c45)cc3Cl)cc21,-8.952,ChEMBL,1916
Cc1nc(C)c(/C=C2\CC(C)C/C(=C\c3nc(C)c(C)nc3C)C2=NO)nc1C,-8.949,ChEMBL,1917
CC(C)(O)Cn1/c(=N/C(=O)c2ccnc(-c3cccnc3)c2)[nH]c2ccccc21,-8.948,ChEMBL,1918
C=CC(=O)Nc1cc(Nc2nccc(NC(=O)c3ccc(OC)c(OC)c3)n2)c(OC)cc1N(C)C,-8.948,ChEMBL,1919
C=CC(=O)Nc1cccc(Nc2nc(Nc3ccc(OCCN4CCOCC4)cc3)ncc2Cl)c1,-8.946,ChEMBL,1920
NC(=S)N/N=C(/C=C/c1cccc2ccccc12)c1ccccc1,-8.945,ChEMBL,1921
O=C1Cc2cc(Oc3ccc(Nc4ncnc5ccn(CCO)c45)cc3Cl)ccc2N1,-8.941,ChEMBL,1922
Oc1ccc(/C=N/Nc2nc3ccccc3c3nncn23)cc1,-8.94,ChEMBL,1923
C=CC(=O)Nc1ccccc1C1CCNc2c(C(N)=O)c(-c3ccc(OC4CCCC4)cc3)nn21,-8.94,ChEMBL,1924
Cc1ncc([N+](=O)[O-])n1C/C(=N/NC(=O)c1ccccc1O)c1ccc(Br)cc1,-8.937,ChEMBL,1925
COC1CCN(c2nccc(Nc3cc4c(C(C)C)n[nH]c4cn3)n2)CC1,-8.937,ChEMBL,1926
C=CC(=O)Nc1cc2c(Nc3ccc(Br)cc3F)ncnc2cc1OCC1=NCCO1,-8.933,ChEMBL,1927
O=C(NO)c1ccccc1Nc1nc(Nc2ccc(OCCCN3CCOCC3)cc2)ncc1Cl,-8.933,ChEMBL,1928
CN(c1ccccc1)c1ncnc2cc3oc(=O)n(CCCN4CCOCC4)c3cc12,-8.932,ChEMBL,1929
Cc1cc(Nc2cc(NC(=O)c3c(Cl)cccc3Cl)ccn2)nc(N[C@@H](C)CO)n1,-8.927,ChEMBL,1930
C=CC(=O)Nc1cccc(Nc2ncnc3cc(OC)c(OCCN4CCOCC4)cc23)c1,-8.924,ChEMBL,1931
OCc1ccc(-c2cc3c(N[C@H](CO)c4ccccc4)ncnc3[nH]2)cc1F,-8.922,ChEMBL,1932
COc1cc(CO)ccc1-c1cc2c(Nc3ccccc3)ncnc2s1,-8.921,ChEMBL,1933
CC1(C)OCc2c(Nc3n[nH]c(Cl)c3Cl)nc(-c3cn[nH]c3)nc21,-8.921,ChEMBL,1934
C=CC(=O)N1C[C@H](COc2nc(Nc3cnn(C)c3)nc3[nH]ccc23)[C@@H](C(F)(F)F)C1,-8.918,ChEMBL,1935
COc1cc(CNCCS(C)(=O)=O)ccc1-c1cc2c(N[C@H](CO)c3ccccc3)ncnc2[nH]1,-8.918,ChEMBL,1936
Fc1c(Nc2ncnc3cc4c(cc23)OCCO4)ccc(Br)c1Br,-8.918,ChEMBL,1937
COc1ccc(C2N=C(C(N)=O)c3ncn(-c4ccc(F)cc4)c3N2)cc1OC,-8.918,ChEMBL,1938
O=C(Nc1nccs1)C(c1ccccc1)N1Cc2ccccc2C1=O,-8.918,ChEMBL,1939
COc1ccc(N2C(=O)CS/C2=N/Nc2nncc3ccccc23)cc1,-8.917,ChEMBL,1940
COc1ccccc1-c1cc2c(NCc3ccccn3)ncnc2s1,-8.917,ChEMBL,1941
O=C(/C=C/CN1CC(O)C1)Nc1cc2c(Nc3ccc(F)c(Cl)c3)ncnc2s1,-8.916,ChEMBL,1942
COc1cc2[nH]c3nc(N)nc(NCc4ccccc4)c3c2cc1O,-8.916,ChEMBL,1943
CC(=O)c1ccccc1-c1nnc(Cc2nc3ccccc3[nH]2)o1,-8.916,ChEMBL,1944
CC(C)(C)OC(=O)NCC(=O)Nc1ccc2ncnc(Nc3cccc(Br)c3)c2c1,-8.915,ChEMBL,1945
COc1cc2ncnc(Nc3ccc(F)c(Cl)c3)c2c2c1OCCO2,-8.914,ChEMBL,1946
CN(C)C/C=C/C(=O)Nc1cc2ncnc(Nc3ccc(F)c(Cl)c3)c2cc1O[C@@H]1CCOC1,-8.914,ChEMBL,1947
C=CC(=O)N1CCC[C@@H](n2nc(Cc3ccccc3)c3c(N)ncnc32)C1,-8.913,ChEMBL,1948
COc1ccc(C2=NN(C(C)=O)C(c3ccc(C(=O)OCCn4c([N+](=O)[O-])cnc4C)cc3)C2)cc1,-8.911,ChEMBL,1949
CN1C(=O)[C@@H](N2CCc3cn(CC4CCS(=O)(=O)CC4)nc3C2=O)COc2ccccc21,-8.91,ChEMBL,1950
CNc1nc(N/N=C/c2ccc(O)cc2)nc(Nc2ccccc2)n1,-8.909,ChEMBL,1951
CC(=O)Nc1ccc2ncnc(Nc3ccc(F)c(Cl)c3)c2c1,-8.909,ChEMBL,1952
C=CC(=O)N1C[C@H](COc2nc(Nc3cnn(C)c3)nc3[nH]cc(Cl)c23)[C@@H](C(F)(F)F)C1,-8.908,ChEMBL,1953
Cn1cnc(-c2cc(NC(=O)Nc3ccncc3)cc(C(F)(F)F)c2)c1,-8.908,ChEMBL,1954
OC[C@@H](Nc1ncnc2oc(-c3ccccc3)c(Br)c12)c1ccccc1,-8.907,ChEMBL,1955
COc1cc(Cl)c(/C=C2\CN(C(C)C)C/C(=C\c3nc(C)c(C)nc3C)C2=O)cc1OC,-8.907,ChEMBL,1956
C=CC(=O)Nc1ccc(Nc2ncc3ncc(=O)n(-c4ccc(OC)cc4)c3n2)cc1,-8.906,ChEMBL,1957
COc1ccc(-c2ccc(OC(F)(F)F)c(NC(=O)Nc3ccncc3)c2)cn1,-8.906,ChEMBL,1958
C=CC(=O)Nc1cccc(-c2c[nH]c3nccc(-c4[nH]c(CCCO)nc4C(F)(F)F)c23)c1,-8.903,ChEMBL,1959
C=CC(=O)Nc1cc(Nc2nccc(-c3cn(CCCO)c4ccccc34)n2)c(OC)cc1F,-8.903,ChEMBL,1960
C=CC(=O)Nc1cccc(NC(=O)Nc2ccnc(Nc3ccc(N4CCN(C)CC4)cc3)n2)c1,-8.903,ChEMBL,1961
OC[C@@H](Nc1ncnc2oc(-c3ccccc3)cc12)c1ccccc1,-8.903,ChEMBL,1962
Nc1cccc(CNc2ccnc3oc4ccc(N)cc4c23)c1,-8.903,ChEMBL,1963
S=C(NNc1nncc2ccccc12)Nc1ccc(Cl)cc1,-8.901,ChEMBL,1964
C=CC(=O)N1CCC(Oc2cc3c(Nc4cccc(Cl)c4)ncnc3cc2OC)CC1,-8.901,ChEMBL,1965
CN(C)CCn1ncc2cc3c(Nc4cccc(Br)c4)ncnc3cc21,-8.9,ChEMBL,1966
O=[N+]([O-])c1ccc2c(Nc3cccc(F)c3)ncnc2c1,-8.9,ChEMBL,1967
[C@H]1C=c2ccccc2=C1CCNC(=O)Cn1n[nH+]c2ccccc21,-8.9,AIEMG,1968
N#C/C(=C\c1ccc(O)c(O)c1)C(=O)N1CCc2ccccc21,-8.9,ChEMBL,1969
OCC(O)Cn1ncc2cc3c(Nc4cccc(Br)c4)ncnc3cc21,-8.9,ChEMBL,1970
C=CC(=O)NC1=CC=C2N=CN=C(Nc3cccc(C)c3)C21,-8.9,ChEMBL,1971
Cn1c(=O)c(-c2c(Cl)cccc2Cl)cc2cnc(N)nc21,-8.9,ChEMBL,1972
C=CC(=O)Nc1ccc2c(Nc3cccc(Cl)c3)ncnc2c1,-8.9,ChEMBL,1973
COc1cc2ncnc(Nc3cnc4ccccc4n3)c2cc1OC,-8.9,ChEMBL,1974
CC1(C)CNc2cc(NC(=O)c3cccnc3NCc3ccncc3)ccc21,-8.9,ChEMBL,1975
NCCCNC(=O)c1cccc(Nc2nccc(-c3cccnc3)n2)c1,-8.9,ChEMBL,1976
[C@](O)(CCC1=c2ccccc2=[NH+]C1)C(=O)Nc1ccc(F)cc1[N+](=O)[O-],-8.9,AIEMG,1977
Fc1ccc(-c2ccc(-c3csc(S(=O)(=O)Nc4cccnc4)n3)cc2)cc1,-8.9,AIEMG,1978
[C@@]=C1c2ccccc2C(=O)N1c1ncccc1C,-8.9,AIEMG,1979
[N+]=Cc1c[n+]2c3c(sc2nc1Cc1ccccc1)C[C@H](c1cccnc1)N3,-8.9,AIEMG,1980
[C@@]1(NC(=O)c2ccc(N(C)C(C)(C)C)cc2)CCC[NH+]1Cc1ccccc1,-8.9,AIEMG,1981
CC(=O)c1cccc(Nc2cccc(C(=O)N3CCC(C(N)=O)CC3)c2)c1,-8.9,AIEMG,1982
[C@@](C#C[C@H](O)CCNC(=O)C(=O)Nc1ccccc1F)c1ccc(Cn2cncn2)cc1,-8.9,AIEMG,1983
c1ccc(-n2nc(C(=O)Oc3ccccc3)nc2SCc2ccccc2F)cc1,-8.9,AIEMG,1984
Cl[C@@H](C)c1ccccc1C(=O)N1CCC[C@@H](c2nc3ccccc3[nH]2)C1,-8.9,AIEMG,1985
COc1cc(NC(=O)/C=C/CN2CCOCC2)cc2c(Nc3cccc(Br)c3)ccnc12,-8.9,ChEMBL,1986
Fc1ccc(-n2cnc3cc(S(=O)(=O)[N-]c4ccccc4)ccc32)cc1,-8.9,AIEMG,1987
[C@H](C)[C@H](NC(=O)NC[C@@H](c1c[nH]c[nH+]1)c1ccco1)c1ccc2c(c1)OCCO2,-8.9,AIEMG,1988
[N+]([O-])c1ccc(-c2cccc(NS(=O)(=O)c3ccccc3)n2)c(Cl)c1,-8.9,AIEMG,1989
NC[C@H](Cc1cccc(F)c1)NC(=O)c1cc(Br)c(-c2ccnc3[nH]ccc23)s1,-8.9,ChEMBL,1990
COc1cc2ncnc(N[C@H](C)c3ccccc3)c2cc1OCCCCCCC(=O)NO,-8.9,ChEMBL,1991
[N+]1=CCN(c2nc(C[NH+]3CCCCC3)c3ccc(Cl)cc3n2)CC1,-8.9,AIEMG,1992
C=C=CCOc1cc2c(Nc3ccc(F)c(Cl)c3)ncnc2cc1O,-8.9,ChEMBL,1993
[C@H]1C(=O)N(C2CCCC2)C2(CCCC2)C1C(=O)/C([O-])=N/c1ccc(Cl)cc1,-8.9,AIEMG,1994
[C@@]1(Cc2ccc(-n3cccn3)c(Cl)c2)SC(=S)N1c1ccccc1F,-8.9,AIEMG,1995
COc1cc2ncnc(NC3CC3c3ccccc3)c2cc1OCCN1CCOCC1,-8.9,ChEMBL,1996
COc1cc2ncnc(NCc3ccc(Cl)c(F)c3)c2cc1OCCCCCCC(=O)NO,-8.9,ChEMBL,1997
Brc1cccc(Nc2ncnc3cc4c(ccn4CCN4CCOCC4)cc23)c1,-8.9,ChEMBL,1998
C[C@@H](Oc1cccc2ncnc(Nc3ccc(OCc4ccccn4)c(Cl)c3)c12)C(=O)N(C)C,-8.9,ChEMBL,1999
O=C(/C=C/CN1CCSCC1)Nc1ccc2ncnc(Nc3cccc(Br)c3)c2c1,-8.9,ChEMBL,2000
O=C(NCc1ccccc1)c1cc2ccc(O)c(O)c2cn1,-8.9,ChEMBL,2001
[N+]1=N/C(=C/c2ccc(-c3ccccc3)o2)C(=O)N1c1ccccc1,-8.9,AIEMG,2002
Fc1ccc(-c2cccc(NC(=O)COc3cccc(Cl)c3)c2)cc1,-8.9,AIEMG,2003
[C@@](C#C[C@@H]1CCCN1C(=O)c1ccc(F)cc1)N1CCC[C@@H]1C[NH+]1CCC(C)CC1,-8.9,AIEMG,2004
COc1cc2ncnc(-c3c[nH]c4cc(F)c(C)cc34)c2cc1OC,-8.9,ChEMBL,2005
CN(C)Cc1c[nH]c2cc3ncnc(Nc4cccc(Br)c4)c3cc12,-8.9,ChEMBL,2006
[C@@]1(CCNC(=O)N[C@@H](c2ccccc2)[C@@H](O)c2ccccc2)c2ccccc2C1,-8.9,AIEMG,2007
C[P@@](Cc1ccccc1)C(=O)N1CCN(C(=O)c2ccc(C(C)C)cc2)CC1,-8.9,AIEMG,2008
Fc1cccc(Cn2ccnc(Nc3n[n-]c4ccccc34)c2=O)c1,-8.9,AIEMG,2009
[C@H]1c2ccccc2C(=O)O[C@@H]1CC(=O)NCc1ccc2c(c1)OCO2,-8.9,AIEMG,2010
C=C(C)C(=O)Cc1ccc2ncnc(Nc3cccc(Br)c3)c2c1,-8.9,ChEMBL,2011
COCC1CCCN1CC#CC(=O)Nc1ccc2ncnc(Nc3cccc(Br)c3)c2c1,-8.9,ChEMBL,2012
[P@@]C1=Nc2ccccc2C2=C1C[C@@H](c1ccccc1)N2,-8.9,AIEMG,2013
O[C@H]1CCCc2nc(N/N=C/c3c(F)c(F)c(F)cc3F)cnc21,-8.9,AIEMG,2014
[C@H]Oc1cccc(NC(=O)COc2ccccc2[C@@H]2CCCN2C(=O)C2CCCC2)c1,-8.9,AIEMG,2015
[C@@](C#CNC(=O)CSc1nccn1-c1ccccc1)C1([NH+]2CCCCC2)C[NH2+]C1,-8.9,AIEMG,2016
[C@@]Oc1ccc(/C=C2\C(=O)N(c3ccccc3)C3=C2C(=O)C[C@@H](c2cccs2)N3)cc1Br,-8.9,AIEMG,2017
[P@@]1/c2ccccc2C(=O)N1CCC[NH+]1CCC(Cc2ccccc2F)CC1,-8.9,AIEMG,2018
[C@]Oc1cccc(-c2nc(CN3CCOC[C@H]3C[C@@H](O)c3ccc(F)cc3F)cs2)c1,-8.9,AIEMG,2019
[C@H]1C(=O)c2ccc(S(=O)(=O)c3ccc(C(C)(C)C(=O)[O-])cc3)cc2N1,-8.9,AIEMG,2020
[N+]1=C([C@@]2(O)CSC3(CCN(CCC4CCCCC4)C3)CC2)c2cc(Cl)ccc2N1,-8.9,AIEMG,2021
[N+]=C[C@@H]1CC(C(=O)Nc2ccccc2C#N)=C(C)c2ccccc21,-8.9,AIEMG,2022
[C@](C#Cc1ccc(OCC(=O)O[C@@H]2CCCC[C@H]2C(=O)NC2CC2)nc1)c1ccc(OC(F)F)cc1,-8.9,AIEMG,2023
Fc1ccc(C2=NS(=O)(=O)c3cc(F)ccc3O2)cc1C(F)(F)F,-8.9,AIEMG,2024
[C@]1(C(=O)Nc2ccc(Cl)c(Br)c2)C=C(C(=O)[O-])[C@H]1CCOc1ccc(Cl)cc1,-8.9,AIEMG,2025
FC(F)c1cc(C(=O)[O-])cc(-c2cc(F)ccc2F)c1,-8.9,AIEMG,2026
[P@@]1C[C@@H](c2ccccc2)Nc2c1ccc(Cl)c2[C@H]1CC[NH2+]CC1,-8.9,AIEMG,2027
[C@@]1(Cn2c(=O)[nH]c(=O)c3cccnc32)C=C1Cc1ccc(Cl)cc1,-8.9,AIEMG,2028
FC(F)c1ccn(-c2cccc(C[NH+]3CCc4ccccc43)n2)c1,-8.9,AIEMG,2029
[C@@][C@@H]1[C@@H](C(=O)NCC[NH+](C)Cc2cc(C#N)cc(F)c2)n2c(nc3ccc(Cl)cc32)S1,-8.9,AIEMG,2030
[C@@]1([O-])CN=C(Nc2ccccc2N2C[C@@H](C)O[C@@H]2C#Cc2ccccc2)C1,-8.9,AIEMG,2031
c1nc(NCc2n[nH]c(=O)[nH]2)cn2c(C[C@@H]3CCCO3)c([C@@H]3CCCO3)cc12,-8.9,AIEMG,2032
[N+]=C(c1ccccc1)N1CCN(c2cnn(Cc3ccccc3)c(=O)c2[N+](=O)[O-])CC1,-8.9,AIEMG,2033
[N+]=Cc1c(N)ccc2ccc(-c3ccc(F)cc3)cc12,-8.9,AIEMG,2034
Fc1cccc([C@H]2c3cc(NC(=O)CCCn4cccc4)[nH]c3CCS2)c1,-8.9,AIEMG,2035
[C@@](CNC(=O)[C@H]1Cc2cc(O)ccc2O1)c1ccc(Br)cc1,-8.9,AIEMG,2036
[C@@](CNS(=O)(=O)c1ccc(S(N)(=O)=O)cc1)c1ccccc1OCc1c[nH]cn1,-8.9,AIEMG,2037
[C@H]Oc1ccccc1-c1nc2ccccc2n1CC(=O)NC[C@H](C)c1ccccc1,-8.9,AIEMG,2038
[C@H](C)NC(=O)Cc1cc2ccccc2cc1OCC(=O)NCc1ccccc1,-8.9,AIEMG,2039
Cl[C@@H](CCc1c[nH]c2ccccc12)c1nnc2ccccn12,-8.9,AIEMG,2040
c1ccc(Cn2ncc3ncn(Cc4ccc5c(c4)OCO5)c(=O)c32)cc1,-8.9,AIEMG,2041
[P@@]=C(NCc1ccccc1Cl)c1cn(CCc2ccccc2)nc1-c1ccccc1,-8.9,AIEMG,2042
[C@@](C#CCNC(=O)c1ccccc1O)c1ccccc1Cn1cnnn1,-8.9,AIEMG,2043
[N+]1=C(C2=Nc3cccc(C(F)(F)F)c3N2)C(=O)c2ccccc21,-8.9,AIEMG,2044
[C@H]1O[C@@H](c2ccc(Cl)cc2)N1C(=O)CNC(=O)c1cc(Cl)ccc1O,-8.9,AIEMG,2045
c1ccc(Cn2nnnc2C[NH+]2CCC[C@@H](CNC(=O)Cc3ccccc3)C2)cc1,-8.9,AIEMG,2046
[C@]1(C(=O)NCc2cccc(F)c2)CCCN(S(=O)(=O)c2ccccc2-c2ccco2)C1,-8.9,AIEMG,2047
[C@@](C(=O)CCCN1C(=O)c2ccccc2C1=O)N1CCC(N[C@H]2CCc3ccccc32)CC1,-8.9,AIEMG,2048
FC(F)COc1ccccc1OC1CCN(C(=O)[C@@H]2CCCN(c3ccccc3)C2)CC1,-8.9,AIEMG,2049
Fc1cc(F)c(F)c(F)c1C(=O)Nc1ccc(Cl)c(Cl)c1,-8.9,AIEMG,2050
[C@@](C#CCCNC(=O)CCC(=O)c1ccc2c(c1)CCCC2)CNc1ncccn1,-8.9,AIEMG,2051
[C@H](Cc1cnc2ccccc2c1N)c1c2ccccc2n1,-8.9,AIEMG,2052
Fc1cccc(CN2CC[NH+](CCc3nc(-c4ccc(Cl)cc4)no3)CC2=O)c1,-8.9,AIEMG,2053
FC(F)(F)c1cccc(Oc2nnc(Cc3ccc(Cl)cc3)n2-c2ccccc2)c1,-8.9,AIEMG,2054
[N+]c1ccccc1CN1CCC(CNc2ccccc2C(=O)[O-])CC1,-8.9,AIEMG,2055
Clc1ccccc1O[C@@H]1C=C[C@H](C(=O)N[C@H](C(=O)[O-])c2ccccc2F)C1,-8.9,AIEMG,2056
Fc1ccccc1CNC(=O)c1ccccc1-c1cccnc1,-8.9,AIEMG,2057
[NH+]Nc1cccc(C(=O)NCc2cc(=O)n(C)c3c2CCC3)c1,-8.9,AIEMG,2058
NS(=O)(=O)c1cccc(C(F)(F)F)c1NCc1nc2ccccc2c(=O)[nH]1,-8.9,AIEMG,2059
[C@@]1(O)C[C@@H]1C(=O)Nc1ccc(C)c(C(=O)Nc2cccc(C(C)=O)c2)c1,-8.9,AIEMG,2060
CC(=O)OCOC(=O)N(C)/N=N/c1ccc2ncnc(Nc3cccc(Cl)c3)c2c1,-8.9,ChEMBL,2061
Clc1c(Cl)cc(C[NH+]2CCCc3ccc(C(F)(F)F)cc32)cc1F,-8.9,AIEMG,2062
CCOc1cc2ncnc(Nc3cccc(-c4csc(N)n4)c3)c2cc1OCC,-8.9,ChEMBL,2063
CC(COC(=O)c1cc(NCc2cc(O)ccc2O)ccc1O)Cc1ccccc1,-8.9,ChEMBL,2064
CN1CCC(Nc2ncc3ncnc(Nc4ccc(F)c(Cl)c4)c3n2)CC1,-8.9,ChEMBL,2065
COc1cc2ncnc(Nc3cccc(Cl)c3F)c2cc1CN1CCC[C@@H]1C(=O)N(C)C,-8.9,ChEMBL,2066
Cc1cccc(Nc2ncnc3ccc(N(C)C(=O)N(CCCl)N=O)cc23)c1,-8.9,ChEMBL,2067
Nc1ncnc2c1c(-c1ccccc1)cn2-c1ccccc1,-8.9,ChEMBL,2068
CC(=O)N1N=C(c2ccc(C)c(C)c2)CC1c1ccccc1,-8.9,ChEMBL,2069
COCCN(C)CCN1CCC(n2cc(-c3cccc(OC)c3)c3c(N)ncnc32)CC1,-8.9,ChEMBL,2070
COC(=O)CN1CCC(n2cc(-c3cccc(OC)c3)c3c(N)ncnc32)CC1,-8.9,ChEMBL,2071
Cc1cccc(Nc2ncnc3[nH]c4c(c23)CCCC4)c1,-8.9,ChEMBL,2072
COc1cccc(-c2cn(C3CC(CO)C3)c3ncnc(N)c23)c1,-8.9,ChEMBL,2073
Nc1ncnc2c1c(-c1ccccc1)cn2C1CCC(O)C1,-8.9,ChEMBL,2074
[C@]1(C(=O)c2ccc(Cl)cc2)c2c([O-])noc2S(=O)(=O)N1,-8.9,AIEMG,2075
C=CC(=O)Nc1cc2c(Nc3cccc(Br)c3)ncnc2cc1OCCCCN(C)C,-8.9,ChEMBL,2076
O=C(O)CN1Cc2cc3c(Nc4cccc(Br)c4)ncnc3cc21,-8.9,ChEMBL,2077
NC1CCN(Cc2ccn3ncnc(Nc4ccc(OCc5cccnc5)c(Cl)c4)c23)CC1,-8.9,ChEMBL,2078
COc1cc2ncnc(C#C[C@@](C)(Cc3ccccc3)N3CCC(C(=O)O)CC3)c2cc1OC,-8.9,ChEMBL,2079
[C@@H]Oc1ccc(/C=C(\C#N)C(=O)N2CCc3ccccc32)cc1,-8.9,AIEMG,2080
Cc1ccn2ncnc(Nc3ccc4[nH]ncc4c3)c12,-8.9,ChEMBL,2081
COc1cc2c(cc1OC)Nc1ncnc(NCc3ccc(F)c(Cl)c3)c1NC2,-8.9,ChEMBL,2082
Clc1cccc(Nc2[nH]nc3ncnc(NCc4ccccc4)c23)c1,-8.9,ChEMBL,2083
OCCNCc1ccn2ncnc(Nc3ccc4c(cnn4Cc4cccc(F)c4)c3)c12,-8.9,ChEMBL,2084
C=CS(=O)(=O)N1CCc2c(sc3ncnc(N[C@H](CO)c4ccccc4)c23)C1,-8.9,ChEMBL,2085
CC#CC(=O)N1CCc2c(sc3ncnc(N[C@H](CO)c4ccccc4)c23)C1,-8.9,ChEMBL,2086
CC(=O)c1cccc(-c2nn(C(C)C)c3ncnc(N)c23)c1,-8.9,ChEMBL,2087
Nc1ncnc2c1c(-c1ccccc1)cn2-c1cccc(CNCCO)c1,-8.9,ChEMBL,2088
FC(F)(F)c1cc(C[NH+]2CC[C@H](OO)c3ccccc32)ccc1Cl,-8.9,AIEMG,2089
COc1cccc(CNc2[nH]nc3ncnc(Nc4cccc(Cl)c4)c23)c1,-8.9,ChEMBL,2090
Cc1ccc(C2CC(c3ccc(Cl)c(Cl)c3)=NN2C(N)=S)cc1,-8.9,ChEMBL,2091
C=CC(=O)Nc1ccc2ncnc(Nc3ccc(F)c(Cl)c3)c2n1,-8.9,ChEMBL,2092
[C@H]1c2ccccc2C(=CCN(CCn2cc(Cl)cn2)S(=O)(=O)c2cccs2)C1,-8.9,AIEMG,2093
[C@H]OC(=O)COc1ccccc1/C=C1\N=C(c2ccc(OC)cc2)C(=O)N=C1SC1CCCCC1,-8.9,AIEMG,2094
[C@](O)(CNC(=O)NC[C@H](c1ccccc1)c1ccc(F)c2ccccc12)c1ccc(C#N)cc1,-8.9,AIEMG,2095
Fc1ccccc1N1C(=O)CNc2nc(-c3cccnc3)n[nH+]c21,-8.9,AIEMG,2096
[C@@][C@]1(C(=O)N2CCC(N3CCN(C(=O)c4ccccc4F)C3)=NC2=O)CC1,-8.9,AIEMG,2097
N[C@]1(C(N)=O)CCC[C@@H]1c1ccccc1NC(=O)C1=CCCC1,-8.9,AIEMG,2098
[N+]c1ccccc1-c1ccccc1NC(=O)[C@@H](CC(=O)[O-])C(=O)[O-],-8.9,AIEMG,2099
Cc1cccc(Nc2ncnc3cc(NCCc4c[nH]cn4)ncc23)c1,-8.9,ChEMBL,2100
O=C(O)COCc1ccn2ncnc(Nc3ccc4c(cnn4Cc4cccc(F)c4)c3)c12,-8.9,ChEMBL,2101
CCOc1cc2ncc(C#N)c(Nc3ccc(F)c(Cl)c3)c2cc1NC(=O)/C=C/CNC,-8.9,ChEMBL,2102
COCCN(Cc1cc2c(Nc3cccc(Cl)c3F)ncnc2cc1OC)[C@@H](C)C(N)=O,-8.9,ChEMBL,2103
O=C(OCCCc1ccccc1)c1cc(NCc2cc(O)ccc2O)ccc1O,-8.9,ChEMBL,2104
O=C(Cc1cc(NCc2cc(O)ccc2O)ccc1O)NOCc1ccccc1,-8.9,ChEMBL,2105
C=CC(=O)Nc1ccc2ncnc(Nc3ccc(C(C)(C)C)cc3)c2c1,-8.9,ChEMBL,2106
COc1cc2ncnc(Nc3cccc(NC(=O)c4ccccc4)c3)c2cc1OC,-8.9,ChEMBL,2107
CC(C)n1nc(-c2ccc(Cl)c(O)c2)c2c(N)ncnc21,-8.9,ChEMBL,2108
COC(=O)Cc1c(SSc2[nH]c3ccccc3c2CC(=O)OC)[nH]c2ccccc12,-8.9,ChEMBL,2109
Cc1ncc([N+](=O)[O-])n1CCOC(=O)/C=C/c1ccc2ccccc2c1,-8.9,ChEMBL,2110
COc1cc2ncnc(Nc3cccc(Cl)c3F)c2cc1CN[C@H](C)C(N)=O,-8.9,ChEMBL,2111
CC(C)O/N=C/c1c(N)ncnc1Nc1ccc2c(cnn2Cc2cccc(F)c2)c1,-8.9,ChEMBL,2112
Cn1c(SSc2c(CC(=O)O)c3ccccc3n2C)c(CC(=O)O)c2ccccc21,-8.9,ChEMBL,2113
CC(C)n1nc(-c2ccn3ccnc3c2)c2c(N)ncnc21,-8.9,ChEMBL,2114
Nc1ccc2sc3c(Nc4cccc(Br)c4)ncnc3c2c1,-8.9,ChEMBL,2115
Nc1ncnc2c1c(-c1ccccc1)cn2C(CO)Cc1ccccc1,-8.9,ChEMBL,2116
CC(C)n1nc(-c2ccc3nccc(NC(=O)OC(C)(C)C)c3c2)c2c(N)ncnc21,-8.9,ChEMBL,2117
CN(CCCl)C(=O)Nc1ccc2ncnc(Nc3cccc(Cl)c3)c2c1,-8.9,ChEMBL,2118
Clc1cccc(Nc2[nH]cnc3nnc(-c4ccccc4)c2-3)c1,-8.9,ChEMBL,2119
N[C@](C1CCCCC1)c1nc2ccc(Cl)cc2n1C1CCCCC1,-8.9,AIEMG,2120
CN(C)/N=C/c1c(N)ncnc1Nc1ccc2c(cnn2Cc2cccc(F)c2)c1,-8.9,ChEMBL,2121
Nc1ncnc2c1c(-c1ccccc1)cn2-c1ccccc1CNCCO,-8.9,ChEMBL,2122
NS(=O)(=O)c1ccc(Nc2nc3ncnc(Nc4c(F)cccc4F)c3s2)cc1,-8.9,ChEMBL,2123
CCN(CC)C/C=C/C(=O)N1CCc2c(sc3ncnc(N[C@H](CO)c4ccccc4)c23)C1,-8.9,ChEMBL,2124
COc1cccc(-c2cn(-c3ccc(CCN(C)CCO)cc3)c3ncnc(N)c23)c1,-8.9,ChEMBL,2125
c1ccc(-c2cc3ncnc(Nc4ccc5[nH]ncc5c4)c3s2)cc1,-8.9,ChEMBL,2126
NS(=O)(=O)c1ccc(Nc2nc3ncnc(Nc4ccc(N5CCOCC5)cc4)c3s2)cc1,-8.9,ChEMBL,2127
COc1cc2c(cc1OC)Oc1ncnc(Nc3cc(Cl)ccc3F)c1NC2,-8.9,ChEMBL,2128
C=C=CC(=O)Nc1ccc2ncnc(Nc3cccc(Br)c3)c2c1,-8.9,ChEMBL,2129
COc1cc2ncnc(Nc3ccc(F)c(Cl)c3)c2cc1CN(C)[C@@H](C)C(N)=O,-8.9,ChEMBL,2130
C=CC(=O)NC1=CC=C2N=CN=C(Nc3ccc(Oc4ccccc4)cc3)C21,-8.9,ChEMBL,2131
Brc1cccc(Nc2ncnc3cc4c(cnn4CCCN4CCOCC4)cc23)c1,-8.9,ChEMBL,2132
[C@@]1(c2ccc(Cl)cc2F)N(C[C@@H]2CCCO2)c2ccccc21,-8.9,AIEMG,2133
COc1cc2ncnc(NCc3ccc(F)cc3)c2cc1OCCCCCCC(=O)NO,-8.9,ChEMBL,2134
CN(C)CCN(C)Cc1c[nH]c2cc3ncnc(Nc4cccc(Br)c4)c3cc12,-8.9,ChEMBL,2135
COc1cc2ncnc(Nc3ccc(F)c(Cl)c3)c2cc1OCCN1CCOCC1,-8.9,ChEMBL,2136
O[N+]12CCC(C(=O)Nc3ccccc3[N+](=O)[O-])C[C@@]1(c1ccccc1)N2,-8.9,AIEMG,2137
Cc1[nH]c2ncnc(Nc3cccc(C(F)(F)F)c3)c2c1C,-8.9,ChEMBL,2138
Fc1cccc(COc2ccc(Nc3ncncc3C#Cc3cc[nH]n3)cc2Cl)c1,-8.9,ChEMBL,2139
Cc1ccc(-c2nn(C(C)C)c3ncnc(N)c23)cc1O,-8.9,ChEMBL,2140
Nc1ccc2c(c1)CNc1c(Nc3ccc(F)c(Cl)c3)ncnc1O2,-8.9,ChEMBL,2141
Brc1cccc(Nc2ncnc3c2NCc2ccccc2O3)c1,-8.9,ChEMBL,2142
NC1CCN(Cc2ccn3ncnc(Nc4ccccc4)c23)CC1,-8.9,ChEMBL,2143
CN(C)CCn1cnc(-c2ccc(F)cc2)c1-c1ccc2[nH]ncc2c1,-8.9,ChEMBL,2144
Cc1ccn2ncnc(Nc3ccc4c(cnn4Cc4ccccc4)c3)c12,-8.9,ChEMBL,2145
CCC(=O)Nc1ccc2c(C#N)cnc(Nc3cccc(Br)c3)c2c1,-8.9,ChEMBL,2146
Fc1ccc2c(c1)CNc1c(Nc3ccccc3)ncnc1O2,-8.9,ChEMBL,2147
COc1cc2ncnc(Nc3ccc(OCc4ccccn4)c(C)c3)c2cc1OC,-8.9,ChEMBL,2148
COc1ccc(N2Cc3cnc(Nc4ccc(F)cc4)nc3N([C@@H]3CC[C@@H](O)C3)C2=O)cc1,-8.9,ChEMBL,2149
CCc1c(CC(N)=O)cn2ncnc(Nc3ccc4c(cnn4Cc4ccccc4)c3)c12,-8.9,ChEMBL,2150
CCc1c(C(=O)O)cn2ncnc(Nc3ccc4c(cnn4Cc4ccccc4)c3)c12,-8.9,ChEMBL,2151
COc1ccc(Nc2ncnn3ccc(CN4CCC(N)CC4)c23)cc1Cl,-8.9,ChEMBL,2152
Nc1ncnc2c1c(-c1ccc(Cl)c(O)c1)nn2C1CCC1,-8.9,ChEMBL,2153
Cc1[nH]c2ncnc(Nc3cccc(C(=O)O)c3)c2c1C,-8.9,ChEMBL,2154
COc1cc2ncnc(Nc3ccc(F)c(Cl)c3)c2cc1CN1CCC[C@@H]1C(N)=O,-8.9,ChEMBL,2155
Brc1cccc(Nc2ncnc3cnc(NCCc4ccccn4)cc23)c1,-8.9,ChEMBL,2156
COc1cc(-c2nc(=O)c3c([nH]2)sc2ccc(C)cc23)ccc1OCC(=O)O,-8.9,ChEMBL,2157
COCCN1CCC(Oc2cc3c(Nc4cc(Cl)ccc4F)ncnc3cc2OC)CC1,-8.9,ChEMBL,2158
Brc1cccc(Nc2ncnc3cc4c[nH]nc4cc23)c1,-8.9,ChEMBL,2159
Nc1ncnc(Nc2ccc3c(cnn3Cc3cccc(F)c3)c2)c1/C=N/O,-8.9,ChEMBL,2160
Nc1ncnc2c1c(-c1ccc(Cl)c(O)c1)nn2[C@H]1CCOC1,-8.9,ChEMBL,2161
Nc1ncnc2c1c(-c1ccc(Cl)c(O)c1)nn2[C@@H]1CCOC1,-8.9,ChEMBL,2162
CCOc1cc2ncnc(C#C[C@@](C)(Cc3ccccc3)N3CCC(C(=O)O)CC3)c2cc1OCC,-8.9,ChEMBL,2163
[C@@]1(CCN2CCN(c3ccccc3Cl)CC2)CCCN(CC(=O)N2CCOCC2)C1,-8.9,AIEMG,2164
CNc1nc(N/N=C\c2ccc(OC)cc2)nc(Nc2ccccc2)n1,-8.899,ChEMBL,2165
C=CC(=O)Nc1cc(Nc2nccc(-n3cc(C)c4ccccc43)n2)c(OC)cc1N(C)CCN(C)C,-8.899,ChEMBL,2166
CCOC(=O)CCCn1c(=O)oc2cc3ncnc(Nc4cc(C)cc(C)c4)c3cc21,-8.898,ChEMBL,2167
O=C(NCCN1CCCCC1)Nc1ccc2ncnc(Nc3cccc(Br)c3)c2c1,-8.898,ChEMBL,2168
Cc1c(Cc2ccccc2)sc(NCC(=O)COc2ccc3ccccc3c2)c1C(N)=O,-8.898,ChEMBL,2169
COC1CCN(c2nccc(Nc3cc4c(cn3)ncn4C3CCOC3)n2)CC1,-8.897,ChEMBL,2170
CN(C)CCNCc1ccc(-c2cc3c(N[C@H](CO)c4ccccc4)ncnc3[nH]2)cc1,-8.896,ChEMBL,2171
C#Cc1cccc(Nc2ncnc3cc4c(cc23)OCCO4)c1,-8.895,ChEMBL,2172
COCCn1c(=O)oc2cc3ncnc(Nc4cccc(C(C)=O)c4)c3cc21,-8.893,ChEMBL,2173
CC/C=C/C(=O)Nc1cc2c(N3CCc4ccccc43)ncnc2cc1OC,-8.892,ChEMBL,2174
Fc1c(Br)cccc1Nc1ncnc2cc3c(cc12)OCCO3,-8.892,ChEMBL,2175
O=C1NCc2c(Oc3ccc(Nc4ncnc5ccn(CCO)c45)cc3Cl)cccc21,-8.89,ChEMBL,2176
C=CC(=O)Nc1ccccc1C1CCNc2c(C(N)=O)c(-c3ccc(OCC4CC4)cc3)nn21,-8.889,ChEMBL,2177
CN1CCN(c2ccc(Nc3ncc4nc(Nc5ccccc5)n(C5CC5)c4n3)cc2)CC1,-8.886,ChEMBL,2178
C=CC(=O)Nc1cccc(Oc2nc(Nc3ccccc3OC)ncc2F)c1,-8.886,ChEMBL,2179
C1=CC2=C(Cc3nnc(Cc4nc5ccccc5[nH]4)o3)CNC2C=C1,-8.884,ChEMBL,2180
COc1cc2ncnc(Nc3ccc(F)c(Cl)c3)c2cc1NC(=O)/C(F)=C\CN1CCOCC1,-8.884,ChEMBL,2181
Cc1nc2cnc(Nc3ccnc(N4CCC(S(C)(=O)=O)CC4)n3)cc2n1C(C)C,-8.884,ChEMBL,2182
O=C(CCCCCn1cc(-c2ccc3ncnc(Nc4ccc(F)c(Cl)c4)c3c2)nn1)NO,-8.883,ChEMBL,2183
C=CC(=O)N1CCC(Oc2cc3c(Nc4cccc(Br)c4)ncnc3cc2OC)CC1,-8.882,ChEMBL,2184
COc1ccc(C(=O)NCCN(C)C)cc1-c1cc2c(N[C@H](C)c3ccccc3)ncnc2s1,-8.882,ChEMBL,2185
CN1CCN(c2ccc(NC(=O)c3c(Nc4ccccn4)cc[nH]c3=O)cc2)CC1,-8.881,ChEMBL,2186
C=CC(=O)N1CCC[C@H](Nc2ncnc(N)c2-c2ccc(Oc3ccccc3)cc2)C1,-8.881,ChEMBL,2187
Nc1nccc(-c2c(-c3ccc(F)cc3)ncn2C2CCCCC2)n1,-8.881,ChEMBL,2188
C=CC(=O)Nc1cc(Nc2nccc(NC(=O)c3ccccc3)n2)c(OC)cc1N(C)C,-8.88,ChEMBL,2189
O=C(CBr)OCCn1c(=O)oc2cc3ncnc(Nc4ccc(F)c(F)c4)c3cc21,-8.879,ChEMBL,2190
OC[C@@H](Nc1ncnc2oc(-c3ccccc3)c(Cl)c12)c1ccccc1,-8.878,ChEMBL,2191
Cc1ccc(C2=NN(C3=NC(=O)CS3)C(c3ccc(C)cc3)C2)cc1,-8.878,ChEMBL,2192
COc1ccc(C2=NN(C(N)=S)C(c3cccc4ccccc34)C2)cc1,-8.877,ChEMBL,2193
CN(c1nc(-c2cn[nH]c2)nc2c1COC2(C)C)c1n[nH]c2ccccc12,-8.876,ChEMBL,2194
N#Cc1ccc(O)c(-c2nc(NCc3cnccn3)c3ccccc3n2)c1,-8.874,ChEMBL,2195
N#CC1=C(N)N(c2cccnc2)C2=C(C(=O)CCC2)C1c1cc2cc(Cl)ccc2n2nnnc12,-8.873,ChEMBL,2196
COc1ccc(Nc2cc(NC(=O)c3ccccc3)ncn2)cc1,-8.87,ChEMBL,2197
COc1ccc(NC(=O)CC#N)cc1Nc1ncc(Cl)c(-c2c[nH]c3ccccc23)n1,-8.869,ChEMBL,2198
C=CC(=O)Nc1cccc(Oc2nc(Nc3cc[nH]n3)cc(N3CCN(C)CC3)n2)c1,-8.867,ChEMBL,2199
COc1cccc(CNc2ccnc3oc4ccc([N+](=O)[O-])cc4c23)c1,-8.867,ChEMBL,2200
COc1cc(N2CCN(C)CC2)ccc1Nc1ncc(Cl)c(Oc2ccc(NC(=O)CO)cc2)n1,-8.866,ChEMBL,2201
COc1cc(N2CCN(C)CC2)ccc1Nc1ncc(Cl)c(Oc2ccc(NC(C)=O)cc2)n1,-8.866,ChEMBL,2202
C=C=CC(=O)Nc1cc(Nc2nccc(-c3cnn4ccccc34)n2)c(OC)cc1N(C)CCN(C)C,-8.865,ChEMBL,2203
Cc1c(NC(=S)Nc2ccc3c(c2)OCO3)c(=O)n(-c2ccccc2)n1C,-8.865,ChEMBL,2204
COc1c(C(=O)NCCN(C)C)cccc1-c1cc2c(N[C@H](C)c3ccccc3)ncnc2s1,-8.865,ChEMBL,2205
O=C(Nc1nccs1)Nc1cc(-c2cncnc2)ccc1OC(F)(F)F,-8.862,ChEMBL,2206
C=CC(=O)N(c1ccc(F)cc1F)c1ncnc2cc(OC)c(OCCCN3CCOCC3)cc12,-8.862,ChEMBL,2207
COc1ccccc1CNc1ncc(C(=O)NC2CCN(C)CC2)c(NC2CCCC2)n1,-8.86,ChEMBL,2208
COc1ccc(-n2c(=O)cnc3cnc(Nc4ccc(N)cc4)nc32)cc1,-8.859,ChEMBL,2209
OCC[C@@H](Nc1ncnc2[nH]c(-c3ccccc3)cc12)c1ccccc1,-8.857,ChEMBL,2210
C=CC(=O)N[C@H]1CCN(c2nc(Nc3cnn(C)c3)c3ncn(C(C)C)c3n2)C1,-8.857,ChEMBL,2211
C=CC(=O)Nc1cc(Nc2nccc(-c3c[nH]c4ccccc34)n2)c(OC)cc1N(C)CCN(C)C,-8.856,ChEMBL,2212
C=CC(=O)N1CC[C@@H](Nc2nc(Nc3cnn(C)c3)nc3[nH]cc(Cl)c23)C1,-8.855,ChEMBL,2213
CCOC(=O)CCCn1c(=O)oc2cc3ncnc(Nc4cccc(O)c4)c3cc21,-8.854,ChEMBL,2214
O=C(Nc1ccncc1)Nc1cc(-c2cccnc2)ccc1OC(F)(F)F,-8.854,ChEMBL,2215
NC(=O)Nc1ccc2ncnc(Nc3ccc(Br)cc3)c2c1,-8.852,ChEMBL,2216
NC(=O)Nc1ccc2ncnc(Nc3ccc(F)c(Cl)c3)c2c1,-8.852,ChEMBL,2217
COCCOc1cc2ncnc(Nc3ccc(F)c([N+](=O)[O-])c3)c2c2c1OCCO2,-8.851,ChEMBL,2218
Cc1ccc(-c2nnc(Cc3nc4ccccc4[nH]3)o2)cc1,-8.851,ChEMBL,2219
C#Cc1cccc(Nc2ncnc3ccc(NC(N)=O)cc23)c1,-8.85,ChEMBL,2220
N#Cc1ccc2nc(N)n(-c3nc(-c4ccccc4)cs3)c2c1,-8.849,ChEMBL,2221
COC1CCN(c2nccc(Nc3cc4c(cn3)ncn4C(C)C(F)(F)F)n2)CC1,-8.849,ChEMBL,2222
CCN1CCN(CCCNc2ccc(Oc3nc4ccccc4c4nncn34)cc2)CC1,-8.849,ChEMBL,2223
C=CC(=O)NCc1coc(-c2c(N)ncnc2Nc2ccc(OCc3ccccn3)c(Cl)c2)n1,-8.849,ChEMBL,2224
COc1cc2nc(Cl)nc(Nc3ccc(S(=O)(=O)Nc4nccs4)cc3)c2cc1OC,-8.845,ChEMBL,2225
C=CC(=O)N1CCc2c(sc3ncnc(Nc4cccc(CC)c4)c23)C1,-8.845,ChEMBL,2226
Cn1cnc(-c2cc(NC(=O)Nc3nccs3)cc(C(F)(F)F)c2)c1,-8.845,ChEMBL,2227
CN(C)C/C=C/C(=O)Nc1cc2c(Nc3ccc(Cc4ccccn4)cc3)ncnc2cn1,-8.843,ChEMBL,2228
CN(C)CCNCc1ccc(-c2cc3c(N[C@H](CO)c4ccccc4)ncnc3[nH]2)cc1F,-8.843,ChEMBL,2229
CCC(=O)N1CCC[C@@H](n2nc(-c3cccc(F)c3)c3c(N)ncnc32)C1,-8.841,ChEMBL,2230
C=CC(=O)N[C@@H]1CCN(c2nc(Nc3ccc(N4CCN(C)CC4)cc3)c3ncn(C(C)C)c3n2)C1,-8.839,ChEMBL,2231
CCOc1cc2ncnc(Nc3ccc(F)c(Cl)c3)c2c2c1OCCO2,-8.839,ChEMBL,2232
COc1cc(C(N)=O)ccc1-c1cc2c(N[C@H](CO)c3ccccc3)ncnc2s1,-8.837,ChEMBL,2233
C#Cc1cccc(Nc2ncnc3cc(OCCCCn4ccnc4[N+](=O)[O-])c(OC)cc23)c1,-8.836,ChEMBL,2234
COc1cc2ncnc(Nc3cccc(Br)c3)c2cc1NC(=O)/C(F)=C\CN(C)C,-8.835,ChEMBL,2235
COCCOc1cc2ncnc(Nc3ccc(Cl)c([N+](=O)[O-])c3)c2c2c1OCCO2,-8.835,ChEMBL,2236
O=C(CSc1nc(O)nc(-c2ccc(Cl)cc2)n1)Nc1ccc(Cl)cc1,-8.833,ChEMBL,2237
Cc1cc(Nc2cc(N3CCN(C)CC3)nc(Oc3ccc([N+](=O)[O-])cc3)n2)n[nH]1,-8.833,ChEMBL,2238
C=CC(=O)Nc1ccc2ncnc(Nc3cccc(C)c3F)c2c1,-8.832,ChEMBL,2239
O=C1CSC(N2N=C(c3ccccc3)CC2c2ccc(F)cc2)=N1,-8.832,ChEMBL,2240
COc1cc(N2CCN(C)CC2)ccc1Nc1ncc(Cl)c(Oc2ccccc2N)n1,-8.831,ChEMBL,2241
O=C(CCl)OCCn1c(=O)oc2cc3ncnc(Nc4ccc(F)c(Cl)c4)c3cc21,-8.83,ChEMBL,2242
COc1cnccc1-c1cc2c(N[C@H](CO)c3ccccc3)ncnc2[nH]1,-8.829,ChEMBL,2243
C=CC(=O)Nc1ccc(C2CCNc3c(C(N)=O)c(-c4ccc(Oc5ccccc5)cc4)nn32)cc1,-8.828,ChEMBL,2244
O=S(=O)(Nc1nccs1)c1ccc(NC(=S)Nc2ccc3c(c2)OCO3)cc1,-8.827,ChEMBL,2245
Oc1ccc(Nc2nnnc3sc4c(c23)CCC4)cc1,-8.825,ChEMBL,2246
COc1cc(/C=C2\CCC/C(=C\c3ccc(OC)c(O)c3)C2=O)cc(OC)c1,-8.825,ChEMBL,2247
Nc1ccc2oc3nccc(NCc4cccc(Br)c4)c3c2c1,-8.824,ChEMBL,2248
C#Cc1cccc(Nc2ncnc3cc(OCC)c4c(c23)OCCO4)c1,-8.823,ChEMBL,2249
COc1ccc(NC(=O)/C=C/CN(C)C)cc1Nc1ncc(C)c(-c2cnn3ccccc23)n1,-8.821,ChEMBL,2250
COc1cc(CO)ccc1-c1cc2c(N[C@H](CO)c3ccccc3)ncnc2[nH]1,-8.821,ChEMBL,2251
C=CC(=O)Nc1ccc(Oc2nc(Nc3ccc(N4CCN(C)CC4)cc3OC)ncc2Cl)cc1,-8.821,ChEMBL,2252
C=CC(=O)N1CCCC[C@H]1c1nc(-c2ccc(C(=O)Nc3cc(Cl)ccn3)cc2)c(C(N)=O)n1N,-8.821,ChEMBL,2253
O=C1CS/C(=N/Nc2nncc3ccccc23)N1c1ccccc1,-8.821,ChEMBL,2254
C=CC(=O)N1CCC(Oc2cc3c(Nc4cccc(C=C)c4)ncnc3cc2OC)CC1,-8.82,ChEMBL,2255
CCOC(=O)C1=C(N)N(c2cccnc2)C2=C(C(=O)CCC2)C1c1cc2cc(C)ccc2n2nnnc12,-8.819,ChEMBL,2256
CC(C)Oc1cc2ncnc(Nc3ccc(F)c(C#N)c3)c2c2c1OCCO2,-8.819,ChEMBL,2257
C#Cc1cccc(Nc2ncnc3ccc(NC(C)=O)cc23)c1,-8.818,ChEMBL,2258
COCCn1c(=O)oc2cc3ncnc(Nc4ccc(F)c(F)c4)c3cc21,-8.818,ChEMBL,2259
COc1ccc(N(C)c2nc(N)nc3c(Cc4ccccc4)c[nH]c23)cc1,-8.817,ChEMBL,2260
COc1cc2ncnc(Nc3ccc(F)c(Cl)c3)c2cc1OCCCn1ccnc1[N+](=O)[O-],-8.816,ChEMBL,2261
COc1cc(CNCCN(C)C)ccc1-c1cc2c(N[C@H](C)c3ccccc3)ncnc2[nH]1,-8.816,ChEMBL,2262
C#Cc1cccc(Nc2ncnc3cc(OCCOCCn4ccnc4[N+](=O)[O-])c(OC)cc23)c1,-8.816,ChEMBL,2263
C=CC(=O)N[C@@H]1CN(c2nc(Nc3cnn(C)c3)c3ncn(C(C)C)c3n2)C[C@H]1F,-8.815,ChEMBL,2264
COc1cc(NC(=O)C2CC2)ccc1Nc1ncc(Cl)c(Nc2ccccc2NC(C)=O)n1,-8.814,ChEMBL,2265
CC(C)=CC[C@@H](OC(=O)/C=C\C(=O)c1ccc(C)cc1)C1=CC(=O)c2c(O)ccc(O)c2C1=O,-8.81,ChEMBL,2266
S=C(NNc1nncc2ccccc12)Nc1ccccc1,-8.807,ChEMBL,2267
NS(=O)(=O)c1ccc(Nc2nc(Cl)nc3cc4c(cc23)OCO4)cc1,-8.806,ChEMBL,2268
NC(=S)N/N=C(/C=C/c1ccc(-c2ccccc2)cc1)c1ccccc1,-8.805,ChEMBL,2269
COc1ccc(CNc2ccnc3oc4ccc([N+](=O)[O-])cc4c23)cc1,-8.805,ChEMBL,2270
C=CC(=O)Nc1cc2c(Nc3ccc(F)c(Cl)c3)ncnc2cc1OCCNC(C)=O,-8.804,ChEMBL,2271
COc1cc(C=O)ccc1-c1cc2c(Nc3ccccc3)ncnc2s1,-8.804,ChEMBL,2272
Cc1cnc(Nc2cccc(S(N)(=O)=O)c2)nc1Nc1ccc(OCC(N)=O)cc1,-8.803,ChEMBL,2273
COc1cc2ncnc(Nc3ccc(F)c(Cl)c3)c2cc1OCCN1CC2(CSC2)C1,-8.803,ChEMBL,2274
C=CC(=O)Nc1cccc(Nc2nc(Nc3ccc(OCCn4ccnc4)cc3)ncc2F)c1,-8.802,ChEMBL,2275
Clc1ccc2nc(Cc3nnc(-c4ccccc4Cl)o3)[nH]c2c1,-8.802,ChEMBL,2276
O=c1oc2c(O)c(O)cc3c(=O)oc4c(O)c(O)cc1c4c23,-8.801,ChEMBL,2277
Fc1ccc(Nc2ncnc3c2NCc2ccccc2O3)cc1Cl,-8.8,ChEMBL,2278
COc1cc2ncnc(Nc3cc(Cl)ccc3F)c2cc1OCCCN1CCOCC1,-8.8,ChEMBL,2279
[C@@]1(C[NH2+]c2cc(Cl)cc3ccccc23)C[C@H]1CC(=O)NCc1ccccc1,-8.8,AIEMG,2280
NS(=O)(=O)c1ccc(Nc2nc3ncnc(Nc4cccc(Cl)c4)c3s2)cc1,-8.8,ChEMBL,2281
C=CC(=O)Nc1cnc2ncc(C#N)c(Nc3cccc(Br)c3)c2c1,-8.8,ChEMBL,2282
COc1cc(C2=C(c3cn(COCc4ccccc4)c4ccccc34)CNC2=O)cc(OC)c1OC,-8.8,ChEMBL,2283
COc1cccc(CNc2ncnc3c2NCc2cc(OC)c(OC)cc2N3)c1,-8.8,ChEMBL,2284
FC(F)(F)c1ccccc1NCC1CCN(C(=O)COc2ccccc2)CC1,-8.8,AIEMG,2285
[C@H]Oc1ccc2[nH]c(=O)c([C@@H](C)N[C@H](C)c3noc(-c4ccc(Cl)cc4)n3)nc2c1,-8.8,AIEMG,2286
C=CC(=O)N1CCc2c(sc3ncnc(N[C@@H](CO)c4ccccc4)c23)C1,-8.8,ChEMBL,2287
OC[C@@H](Nc1ncnc2sc3c(c12)CCCC3)c1ccccc1,-8.8,ChEMBL,2288
[C@H](c1cccc([N+](=O)[O-])c1)N1CCN(C(=O)Cc2csc(Cc3ccccc3)n2)CC1,-8.8,AIEMG,2289
[C@H]Oc1ccc(OCc2ccccc2NC(=O)[C@H](C)Oc2ccc(Br)c(C)c2)cc1,-8.8,AIEMG,2290
FC(F)Oc1cccc(OCc2ccnc(Nc3cc(C(F)(F)F)ccc3Cl)n2)c1,-8.8,AIEMG,2291
COc1cc2ncnc(Nc3ccc(F)c(Cl)c3)c2cc1OCCCN1CCOCC1,-8.8,ChEMBL,2292
[N+]1=CCCC[C@H]1c1ccc(COC2CCN(c3ccccc3F)CC2)cc1,-8.8,AIEMG,2293
COc1ccc(OC)c(Cc2cc3c(N(C)c4cccc(Br)c4)nc(N)nc3n2C)c1,-8.8,ChEMBL,2294
COCCOc1cc2ncnc(Nc3c(Cl)ccc4c3OCO4)c2cc1NC(=O)[C@@H]1CCCN1,-8.8,ChEMBL,2295
Fc1cccc(COc2ccc3nn(-c4ccc(OCC(F)(F)F)cc4)n3c2)n1,-8.8,AIEMG,2296
CCCC#CC(=O)Nc1cc2c(Nc3ccc(F)c(Cl)c3)ncnc2cn1,-8.8,ChEMBL,2297
COc1ccc2c(c1)CNc1c(Nc3ccc(Cl)cc3)ncnc1O2,-8.8,ChEMBL,2298
Cc1ccc(-c2nn(C)c3ncnc(N)c23)cc1O,-8.8,ChEMBL,2299
CCOc1cc2ncnc(C#C[C@](C)(Cc3ccccc3)N3CCC(C(=O)O)CC3)c2cc1OCC,-8.8,ChEMBL,2300
C=CS(=O)(=O)Nc1ccc2ncnc(Nc3cccc(Br)c3)c2c1,-8.8,ChEMBL,2301
C[C@H](CN)n1nc(-c2ccc(F)c(O)c2)c2c(N)ncnc21,-8.8,ChEMBL,2302
[P@@]1C[C@@H](c2ccc(F)cc2F)CN1c1ccc(Br)cc1,-8.8,AIEMG,2303
CC(C)n1nc(-c2ccc(O)c(F)c2)c2c(N)ncnc21,-8.8,ChEMBL,2304
[N+]([O-])C[C@H](c1ccco1)N(Cc1c[nH]c2ccccc12)C(=O)Cn1nnc(-c2ccccc2)n1,-8.8,AIEMG,2305
n1cc(/C=C/C(=O)N2CCO[C@@H](C)C2)n2c1c(=O)n(C)c1ccccc12,-8.8,AIEMG,2306
CCOc1cc2ncnc(C#Cc3[nH]ccc3-c3ccccc3)c2cc1OCC,-8.8,ChEMBL,2307
O=C(Oc1ccccc1)c1cc(NCc2cc(O)ccc2O)ccc1O,-8.8,ChEMBL,2308
[C@H]Oc1ccccc1NC(=O)NCCc1nccn1C(=O)c1ccccc1,-8.8,AIEMG,2309
CC(C)n1nc(-c2ccc(F)c(C#N)c2)c2c(N)ncnc21,-8.8,ChEMBL,2310
CN/N=C/c1c(N)ncnc1Nc1ccc2c(cnn2Cc2cccc(F)c2)c1,-8.8,ChEMBL,2311
C=CC(=O)Nc1ccc2ncnc(Cc3ccc(F)c(Br)c3)c2c1,-8.8,ChEMBL,2312
Nc1nc(N)c2c(Nc3cccc(Cl)c3)[nH]nc2n1,-8.8,ChEMBL,2313
O=C(/C=C/CN1CCOCC1)Nc1ccc2ncnc(Nc3cccc(Br)c3)c2c1,-8.8,ChEMBL,2314
COc1ccc(C2CC(c3ccc(C)c(C)c3)=NN2C(C)=O)cc1,-8.8,ChEMBL,2315
O=C(O)Cn1ccc2cc3c(Nc4cccc(Br)c4)ncnc3cc21,-8.8,ChEMBL,2316
CC(=O)N1N=C(c2ccc(C)c(C)c2)CC1c1ccc(C)cc1,-8.8,ChEMBL,2317
CN(C)CCn1cnc2c(Cl)c3c(Nc4cccc(Br)c4)ncnc3cc21,-8.8,ChEMBL,2318
[C@](CC(=O)N1CC[C@](Cc2ccccc2)NC1=O)c1ccc(F)cc1,-8.8,AIEMG,2319
[C@]1(c2ccc(Cn3c(C#N)cc4cc(Cl)ccc43)s2)Nc2ccccc21,-8.8,AIEMG,2320
CC(=O)Nc1cc2ncnc(NCc3ccccc3)c2cn1,-8.8,ChEMBL,2321
CN(C)CCOc1ccc(/C=C/c2cc(-c3cc4c(=O)[nH]cnc4[nH]3)ccn2)cc1,-8.8,ChEMBL,2322
FC(F)(F)COc1cc(F)ccc1CNC(=O)[C@@H]1CC=CC[C@@H]1C(=O)N1CCOCC1,-8.8,AIEMG,2323
[C@H](C)NC(=O)CNc1ccccc1C(=O)NNC(=O)c1ccc(F)cc1,-8.8,AIEMG,2324
COc1ccc2c(c1)CNc1c(NCc3ccccc3)ncnc1O2,-8.8,ChEMBL,2325
COc1ccc2c(c1)CNc1c(Nc3ccccc3)ncnc1O2,-8.8,ChEMBL,2326
[N+]c1ccc(-c2noc(CSc3nnnc4[nH]ccc34)n2)cc1,-8.8,AIEMG,2327
[C@@][C@@H]([NH2+][C@@H]1CC(C)(C)Oc2ccccc21)c1ccccc1F,-8.8,AIEMG,2328
[P@@]1(=O)C[C@@H](c2ccc(Cl)c(Cl)c2)N(Cc2cc(C(F)(F)F)ccc2F)C1,-8.8,AIEMG,2329
COc1ccc(CC(CO)n2cc(-c3ccccc3)c3c(N)ncnc32)cc1,-8.8,ChEMBL,2330
[NH+]1CCN(Cc2c[nH+]c3ccccc3n2)C[C@@H]1Cc1ccccc1,-8.8,AIEMG,2331
COC[C@@H](C(N)=O)N(C)Cc1cc2c(Nc3cccc(Cl)c3F)ncnc2cc1OC,-8.8,ChEMBL,2332
O=C(NC1CON(C(=O)C(F)(F)F)CC1)c1ccc2c(c1)[nH]c(=O)n2CC(F)(F)F,-8.8,AIEMG,2333
[N+]c1cc(CN2CCC[C@@H](Oc3ccc(Cl)cc3)C2)nc([O-])c1OC(F)F,-8.8,AIEMG,2334
[C@](c1ccccc1)C(=O)Nc1ccc(Cc2ccccc2)cc1,-8.8,AIEMG,2335
COCC[C@@H](C(N)=O)N(C)Cc1cc2c(Nc3cccc(Cl)c3F)ncnc2cc1OC,-8.8,ChEMBL,2336
c1ccc(-n2ccc3c(NCc4ncnnn4)noc32)cc1,-8.8,AIEMG,2337
[C@]1(C[NH+]2CCN(c3cccc(F)c3)CC2)Cc2ccccc2N1,-8.8,AIEMG,2338
Fc1cc(/C=C2\C(=O)S2)ccc1N1CCN(Cc2ccccc2F)CC1,-8.8,AIEMG,2339
COc1cc2ncnc(-c3c[nH]c4cc(F)c(Cl)cc34)c2cc1OC,-8.8,ChEMBL,2340
[C@@]1(CNC(=O)c2cccc(F)c2)C[NH2+][C@@H](c2ccccc2)C1,-8.8,AIEMG,2341
CS(=O)(=O)Nc1ccc2c(c1)CNc1c(Nc3cccc(Br)c3)ncnc1O2,-8.8,ChEMBL,2342
[C@H](c1ccc(F)cc1)[C@H]1CCCN1C(=O)Cc1csc(OCc2ccccc2)n1,-8.8,AIEMG,2343
CN(C)C/C=C/C(=O)Nc1ccc2ncnc(Nc3ccc(Br)cc3F)c2c1,-8.8,ChEMBL,2344
Fc1cccc(/C=C/C(=O)C2=NO[C@H](c3ccc(Cl)cc3)N2)c1,-8.8,AIEMG,2345
[C@](N[C@]S[C@@H]1SCCc2ccc(F)cc21)c1cccc2cccnc12,-8.8,AIEMG,2346
FC(F)(F)CCCNC(=O)[C@@H](c1cccc([N+](=O)[O-])c1)Nc1ccccc1F,-8.8,AIEMG,2347
[N+]/c1nnc(N2CCC[C@@H](CS(=O)(=O)c3ccccc3)C2)c(=O)[nH]1,-8.8,AIEMG,2348
[C@@]=C1C(=O)c2cccc(C(=O)NCCc3ccccc3F)c2C1=O,-8.8,AIEMG,2349
[C@](C#Cc1nnc(-c2cccnc2)n1N[C@H]1CCC[NH2+]C1)c1cccc(C(F)(F)F)c1,-8.8,AIEMG,2350
C=C(CN1CCOCC1)C(=O)Nc1ccc2ncnc(Nc3cccc(Br)c3)c2c1,-8.8,ChEMBL,2351
[C@@][C@@H](NC(=O)c1ccc(Cn2cc(Cl)cn2)cc1)c1ccc(F)cc1,-8.8,AIEMG,2352
C=CC(=O)Nc1cc2c(Nc3ccc(F)c(Cl)c3)ncnc2cc1OCCCN1CCOCC1,-8.8,ChEMBL,2353
Cc1ccn2ncnc(Nc3ccc4c(cnn4Cc4ccccn4)c3)c12,-8.8,ChEMBL,2354
C=CC(=O)N(CCCN1CCOCC1)c1ccc2ncnc(Nc3cccc(Br)c3)c2c1,-8.8,ChEMBL,2355
Nc1ncnc(Nc2ccc3c(cnn3Cc3cccc(F)c3)c2)c1/C=N/N1CCN(CCO)CC1,-8.8,ChEMBL,2356
[C@H]Oc1cccc(-c2cnc(NC(=O)[C@@H](C)N3CCC(c4ccccc4)CC3)nn2)c1N,-8.8,AIEMG,2357
Cc1ccc(Nc2ncnn3cc(C)c(C)c23)cc1O,-8.8,ChEMBL,2358
[N+]1=N/C(=C/c2ccc(OCc3ccccc3)s2)C(=O)N1c1ccccc1,-8.8,AIEMG,2359
COc1cc2c(cc1OC)Oc1ncnc(Nc3cccc(C)c3)c1NC2,-8.8,ChEMBL,2360
Cc1ncnc(Nc2ccc(OCc3cccc(F)c3)c(Cl)c2)c1C#CCN1CCOCC1,-8.8,ChEMBL,2361
C=CCOc1ccccc1CN1C(=O)CCc2cc(NC(=O)Cc3ccccc3)ccc21,-8.8,AIEMG,2362
Clc1ccccc1-c1cnc(CNc2cccc(C(=O)OC3CCCC3)n2)cn1,-8.8,AIEMG,2363
COc1cc2ncnc(Nc3cccc(Cl)c3F)c2cc1CN(C)[C@@H](CN(C)C)C(N)=O,-8.8,ChEMBL,2364
COc1cc2c(cc1OC)Oc1ncnc(Oc3cccc(Br)c3)c1NC2,-8.8,ChEMBL,2365
C=CC(=O)NC1=NC=C2N=CN=C(Nc3cccc(C)c3)C21,-8.8,ChEMBL,2366
Nc1ccc2ncnc(Nc3cccc(C(F)(F)F)c3)c2c1,-8.8,ChEMBL,2367
[P@@]C1(CNC(=O)C2=C/C(=c3c(Cl)cc(C(=O)[O-])cc3=O)N=NC2)CCC1,-8.8,AIEMG,2368
Fc1ccc(CN2CCC([NH+]3CCC[C@@H]3CCc3ccccc3)CC2)cc1,-8.8,AIEMG,2369
Fn1cc(/C=C(\C#N)C(=O)N2CC[C@H](c3ccccc3)C2)cc1,-8.8,AIEMG,2370
[N+]=C/C=C/C(=O)N[C@H]1CCCC[C@@H]1CCN1CCc2ccccc2C1,-8.8,AIEMG,2371
[C@]1(CC2CCN(C(=O)N[C@@H]3CC[C@H]([NH+](C)C)C3)CC2)c2ccccc2O1,-8.8,AIEMG,2372
Clc1nc(-c2ccc(F)cc2)nc(-c2ccccc2F)n1,-8.8,AIEMG,2373
C/C=C/C(=O)Nc1cc2c(Nc3cccc(Br)c3)ncnc2cn1,-8.8,ChEMBL,2374
FC(F)(F)c1ccc(C(=O)N[C@H]2CCCN(c3ccccc3F)C2=O)cc1,-8.8,AIEMG,2375
COc1cccc(-c2cn(C3CCNC3)c3ncnc(N)c23)c1,-8.8,ChEMBL,2376
COc1cc2ncnc(Nc3cccc(Cl)c3F)c2cc1CN(C)[C@@H](CO)C(N)=O,-8.8,ChEMBL,2377
[C@@]1(C(=O)Nc2ccccc2)[C@@H](C2CCCC2)[NH+]c2ncccc21,-8.8,AIEMG,2378
[C@](O)(Cc1nc2ccccc2n1C)C(=O)Nc1ccc(Cl)c(C(F)(F)F)c1,-8.8,AIEMG,2379
C=CC(=O)NC1=CC=C2N=CN=C(Nc3cccc(C(F)(F)F)c3)C21,-8.8,ChEMBL,2380
COc1cc2ncnc(Nc3cccc(Cl)c3F)c2cc1CN1C[C@H](OC)C[C@@H]1C(N)=O,-8.8,ChEMBL,2381
[C@H]1C(C#N)C(=O)N(CCN2CCN(c3ccccc3F)CC2)c2ccccc21,-8.8,AIEMG,2382
CO/N=C/c1c(N)ncnc1Nc1ccc(OCc2cc(F)cc(F)c2)c(Cl)c1,-8.8,ChEMBL,2383
Fc1cccc(-c2noc(CSc3nnnn3-c3ccccc3)n2)c1,-8.8,AIEMG,2384
Cl[C@H](CC(=O)Nc1ccc([N+](=O)[O-])cc1)C(=O)Nc1ccc(N2CCCCC2)cc1,-8.8,AIEMG,2385
CC#CC(=O)Nc1ccc2ncc(C#N)c(Nc3cccc(Br)c3)c2c1,-8.8,ChEMBL,2386
[C@H]1CCN(C(=O)NCc2ccc(-n3ccnc3)cc2)c2ccccc21,-8.8,AIEMG,2387
COc1cc2ncnc(NC3CC3c3ccccc3)c2cc1OC(C)=O,-8.8,ChEMBL,2388
[C@H]Oc1ccc(-c2ncco2)cc1NC(=O)c1ccnc(OCCc2cccnc2)c1,-8.8,AIEMG,2389
OCC(O)CN1Cc2cc3c(Nc4cccc(Br)c4)ncnc3cc21,-8.8,ChEMBL,2390
Nc1ncnc2c1ncn2CC(=O)c1c[nH]c2ccccc12,-8.8,ChEMBL,2391
[C@@](C#Cc1ccccc1)C(=O)Nc1cccnc1Oc1cccc(Cl)c1,-8.8,AIEMG,2392
[C@]1(Cc2ccncc2)NC(=O)N(CC(C)(C)c2nnnn2-c2ccc(F)cc2)C1,-8.8,AIEMG,2393
Fc1ccccc1OCC[NH2+][C@@H]1CCOC2(CCN(Cc3ccc(F)cc3)CC2)C1,-8.8,AIEMG,2394
Cc1cc(Cl)ccc1CCNC(=O)N[C@H]1CCN(Cc2ccccc2)C1,-8.8,AIEMG,2395
ClCc1cccc(-n2ncc(C(F)(F)F)c2C(=O)N2CCN(c3ncccc3)CC2)c1,-8.8,AIEMG,2396
c1nc(C[NH2+][C@@H](C(=O)Nc2ccc3c(c2)CCO3)C2CCOCC2)n[nH]1,-8.8,AIEMG,2397
[C@H](CCCCc1ccc(S(N)(=O)=O)cc1)C(=O)Nc1ccccc1[N+](=O)[O-],-8.8,AIEMG,2398
CN(Cc1cccc([N+](=O)[O-])c1)C(=O)c1cccnc1SCc1ccccc1,-8.8,AIEMG,2399
[N+]c1ccc(S(=O)(=O)/N=C(\[O-])[C@@H]2C[C@H]2c2cccc(Cl)c2)cc1OCC(F)(F)F,-8.8,AIEMG,2400
[C@@]1(c2nc3cc(Cl)ccc3[nH]2)CC[C@@H](C(=O)[O-])c2ccccc21,-8.8,AIEMG,2401
[C@](O)(c1c[nH]c2cc(NC(=O)Cc3ccc(O)cc3)nn12)[C@H]1COCCO1,-8.8,AIEMG,2402
[nH+]1cnc2c1n[nH]c1nc(-c3ccccc3)[nH]c12,-8.8,AIEMG,2403
[C@@]1(CCOc2ccccc2)N[C@@H](c2ccccc2)N1Cc1ccccc1,-8.8,AIEMG,2404
[C@H]1C(=O)N2CCCC[C@@H]2[C@H]2c3ccccc3C(=O)N21,-8.8,AIEMG,2405
[C@@]1(NC(=O)OC[C@H]2CC(=O)N2NC(c2ccccc2)c2ccccc2)CCC(=O)N1,-8.8,AIEMG,2406
C=CC(=O)Nc1cc2c(Nc3cccc(C)c3)ncnc2cn1,-8.8,ChEMBL,2407
Fc1cccc(C[C@H]2CCCC[C@@H]2[NH2+][C@@H]2CC(F)(F)OC2=O)c1,-8.8,AIEMG,2408
COc1cc2ncnc(Nc3ccc(F)c(Cl)c3)c2cc1OCCN1CCCC1,-8.8,ChEMBL,2409
CC(C)n1nc(-c2ccc3ncccc3c2)c2c(N)ncnc21,-8.8,ChEMBL,2410
[N+]=CC1[NH+]=c2ccccc2=[NH+][C@H]1C(=O)Nc1ccc2c(c1)CCC2,-8.8,AIEMG,2411
Fc1ccc(-n2cnc3ccc(NCc4cccnc4)nc32)cc1,-8.8,AIEMG,2412
O=C(/C=C/N1CCOCC1)Nc1ccc2ncnc(Nc3cccc(Br)c3)c2c1,-8.8,ChEMBL,2413
[C@]1(c2ncccc2)NC(=O)N(CC(=O)Nc2ncnn2-c2ccccc2)[C@H]1C,-8.8,AIEMG,2414
F[C@H](c1ccc(Cl)cc1)c1nc(CSc2n[nH]c([O-])n2)nn1Cc1cccs1,-8.8,AIEMG,2415
[C@](O)(c1ccc(Br)cc1)c1nc2scc(-c3ccccc3)c2s1,-8.8,AIEMG,2416
[N+]N[C@H]N[NH+](Cc1ccccc1)Cc1nc2ccccc2n1Cc1ccccc1,-8.8,AIEMG,2417
[C@H]Oc1ccc(NC(=S)Nc2ccccc2[N-]S(=O)(=O)c2ccccc2)cc1,-8.8,AIEMG,2418
[C@]1(c2ccccc2)OCCO[C@@H]1CN/C=C1\C(=O)N(c2cnccc2Cl)C1,-8.8,AIEMG,2419
FC(F)(CC1CCOCC1)N[C@@H]1CCCc2c1cnn2Cc1ccccc1,-8.8,AIEMG,2420
[C@H]C1=N[C@@H](NS(=O)(=O)c2ccc(NC(=O)c3ccccc3Cl)cc2)C(C)(C)C1,-8.8,AIEMG,2421
COc1cc(/C=C2\C(=O)NC(=O)N(c3ccc(Cl)c(Cl)c3)C2=O)c(OC)cc1OC1CCCCC1,-8.8,AIEMG,2422
[C@@][C@@H]1CN(Cc2ccc(C(=O)OCCN3CCOCC3)cc2)C(=O)N1Cc1ccccc1,-8.8,AIEMG,2423
C[P@@](C)(COc1cc(C)cc(F)c1)Cc1c(C(C)(C)C)c(C)nn1CCc1ccccc1,-8.8,AIEMG,2424
Clc1ccc2[nH]c3c(c2c1)CN(CCS(=O)(=O)c1ccc(Br)cc1)C3,-8.8,AIEMG,2425
[C@H](N)c1ccc(F)cc1NC(=O)c1ccnc(C(F)(F)F)c1,-8.8,AIEMG,2426
[C@]Oc1cc([N+](=O)[O-])ccc1OC(=O)c1ccc(Cc2ccccc2F)cc1,-8.8,AIEMG,2427
FC(F)(F)c1cc(NCC[NH+]2CCCC2)nc(-c2ccccc2)n1,-8.8,AIEMG,2428
[C@](C#CNC(=O)N1CCC[C@H]1c1ccccc1F)[C@H]1CCCCC1,-8.8,AIEMG,2429
[N+]=C(c1ccccc1)[C@@H]1CCCC[NH+]1Cc1ccc(F)cc1Cl,-8.8,AIEMG,2430
[C@@](C#Cc1ccccc1C(=O)NCc1ccc(C#N)cc1)[C@@H]1CCCN(c2ncccn2)C1,-8.8,AIEMG,2431
[N+]([O-])CCOC(=O)c1cc(S(=O)(=O)N(Cc2ccccc2)c2ccccc2)nc2ccccc12,-8.8,AIEMG,2432
CC(C)(C)OC(=O)NCCNC(=O)c1ccc(S(=O)(=O)Oc2ccc(/C=C/[N+](=O)[O-])cc2)cc1,-8.8,ChEMBL,2433
FC(F)(F)Oc1cccc(-c2n[n-]nc2Cc2ccccc2)c1,-8.8,AIEMG,2434
Cc1cc(O)ccc1-c1nn(C(C)C)c2ncnc(N)c12,-8.8,ChEMBL,2435
[N+]1=CCC2=c3ccccc3=[NH+][C@@H]2[C@H]1c1ccc(F)cc1,-8.8,AIEMG,2436
C=C=CCOc1cc2c(Nc3cccc(Cl)c3)ncnc2cc1O,-8.8,ChEMBL,2437
Cc1cccc(Nc2ncnc3cnc(NCCc4c[nH]cn4)nc23)c1,-8.8,ChEMBL,2438
CC(C)n1nc(-c2ccc3nc(Cl)ccc3c2)c2c(N)ncnc21,-8.8,ChEMBL,2439
C=CC(=O)Nc1ccc2c(Nc3cccc(C)c3)ncnc2c1,-8.8,ChEMBL,2440
[C@](O)(CCC(=O)NC[C@@H]1CCC(C)(C)N(c2ccccc2)C1)c1ccccc1,-8.8,AIEMG,2441
O=C(Cn1sccc1=O)Nc1ccc2ncnc(Nc3cccc(Br)c3)c2c1,-8.8,ChEMBL,2442
CC(C)n1nc(-c2cc3cc(O)ccc3[nH]2)c2c(N)ncnc21,-8.8,ChEMBL,2443
Cc1ccc(C2CC(c3ccc(Br)c(Br)c3)=NN2C(N)=S)cc1,-8.8,ChEMBL,2444
OCCN(CCO)Cc1c[nH]c2cc3ncnc(Nc4cccc(Br)c4)c3cc12,-8.8,ChEMBL,2445
Brc1cccc(Nc2ncnc3cnc(NCc4cccnc4)cc23)c1,-8.8,ChEMBL,2446
Cn1ccc2cc3c(Nc4cccc(Br)c4)ncnc3cc21,-8.8,ChEMBL,2447
COc1ccccc1C(Cc1coc2nc(N)nc(N)c12)C(C)C,-8.8,ChEMBL,2448
CC(=O)N1N=C(c2ccc(C)c(C)c2)CC1c1ccc(F)cc1,-8.8,ChEMBL,2449
C=CC(=O)Nc1ccc2ncnc(Nc3ccc(F)c(Cl)c3)c2c1,-8.8,ChEMBL,2450
Nc1cccc(-c2cc(=O)c3c(N)c(O)c(N)cc3o2)c1,-8.8,ChEMBL,2451
CCOc1ccc(-c2nn(C3CCCC3)c3ncnc(N)c23)cc1O,-8.8,ChEMBL,2452
Brc1cccc(Nc2ncnc3cc4[nH]ncc4cc23)c1,-8.8,ChEMBL,2453
CC(=O)N1N=C(c2ccc(C)c(C)c2)CC1c1ccc(Cl)cc1,-8.8,ChEMBL,2454
C=CC(=O)Nc1cc2c(Nc3cccc(Br)c3)ncnc2cc1OCCCn1ccnc1,-8.8,ChEMBL,2455
S([C@H]O)c1ccc(CC[NH+]2CCC3(CC2)Oc2ccccc2O3)cc1,-8.8,AIEMG,2456
CC(=O)N1N=C(c2ccc(Cl)c(Cl)c2)CC1c1ccc(C)cc1,-8.8,ChEMBL,2457
COc1cc2ncnc(NC3CC3c3ccccc3)c2cc1O,-8.8,ChEMBL,2458
C=CC(=O)N1CC[C@H](Oc2cc3c(N[C@H](C)c4ccccc4)ncnc3cc2OC)C1,-8.799,ChEMBL,2459
C[C@@H](Nc1ncnc2sc(-c3ccc(C(=O)NCCN(C)C)cc3)cc12)c1ccccc1,-8.798,ChEMBL,2460
Cc1ccccc1-c1nnc(Cc2nc3ccccc3[nH]2)o1,-8.798,ChEMBL,2461
C#Cc1cccc(Nc2ncnc3cc(OCCCn4ccnc4[N+](=O)[O-])c(OC)cc23)c1,-8.798,ChEMBL,2462
COc1ccc(-n2cc(NC(=O)c3ccc(NS(=O)(=O)c4ccccc4)cc3)cn2)cc1,-8.798,ChEMBL,2463
Cc1cc(-c2ccccc2)n(-c2cc(NN=Cc3ccco3)ncn2)n1,-8.798,ChEMBL,2464
OC[C@@H](Nc1ncnc2oc(-c3ccc(O)cc3)cc12)c1ccccc1,-8.797,ChEMBL,2465
OCc1ccc(-c2cc3c(N[C@H](CO)c4ccccc4)ncnc3[nH]2)cc1,-8.796,ChEMBL,2466
C=CC(=O)Nc1cc2c(Nc3cc(Cl)c(Cl)cc3F)ncnc2cc1OCCNC(C)=O,-8.795,ChEMBL,2467
C=CC(=O)Nc1cc2c(Nc3ccc(Cl)cc3Cl)ncnc2cc1OCCNC(C)=O,-8.794,ChEMBL,2468
C=CC(=O)N(C)CCn1nc(-c2ccc(Oc3ccccc3)cc2)c2c(N)ncnc21,-8.794,ChEMBL,2469
COCCn1c(=O)oc2cc3ncnc(Nc4ccc(F)c(Cl)c4)c3cc21,-8.793,ChEMBL,2470
COc1cc(N2CCN(C)CC2)ccc1Nc1ncc(Cl)c(Oc2ccc(N)cc2)n1,-8.791,ChEMBL,2471
CN(C)C/C=C/C(=O)N1Cc2sc3ncnc(Nc4ccc(F)c(Cl)c4)c3c2C1,-8.789,ChEMBL,2472
Cc1nc2cnc(Nc3ccnc(N4CC[C@H](O)C(F)(F)C4)n3)cc2n1C(C)C,-8.789,ChEMBL,2473
CN(C)C/C=C/C(=O)Nc1cc2c(Nc3ccc(Oc4ccccc4)cc3)ncnc2cn1,-8.789,ChEMBL,2474
Nc1ccc2[nH]c3nccc(NCc4cccc(Cl)c4)c3c2c1,-8.786,ChEMBL,2475
COCC#CC(=O)Nc1cc2c(Oc3ccc(C(=O)Nc4ccccn4)cc3)ccnc2cc1OC,-8.786,ChEMBL,2476
C[C@@H]1[C@@H]2CN(c3nc(Nc4cnn(C)c4)ncc3F)C[C@]12NC(=O)[C@@H]1CC1(F)F,-8.785,ChEMBL,2477
O=C(Nc1nccs1)C(c1ncn2c1CCC2)N1Cc2ccccc2C1=O,-8.783,ChEMBL,2478
C#Cc1cccc(Nc2ncnc3cc(OC4CCN(C)CC4)c(NC(=O)/C=C/CN(C)C)cc23)c1,-8.779,ChEMBL,2479
COc1cc(NC(=O)Nc2ccccn2)cc(-c2cccnc2)c1OC,-8.779,ChEMBL,2480
C#Cc1cccc(Nc2ncnc3ccc(OCCCCCC(=O)NO)cc23)c1,-8.774,ChEMBL,2481
COC1CCN(c2nccc(Nc3cc4c(cn3)nc(C)n4C(C)C)n2)CC1,-8.774,ChEMBL,2482
CCC(=O)Nc1cc2c(Nc3ccc(Oc4cccnc4)cc3)ncnc2cc1OC,-8.772,ChEMBL,2483
Cn1ncc2c(Oc3ccc(Nc4ncnc5ccn(CCO)c45)cc3Cl)cccc21,-8.772,ChEMBL,2484
C=CC(=O)Nc1cc(Nc2nccc(-c3cn(C)c4ccccc34)n2)c(OC)cc1N(C)CCO,-8.769,ChEMBL,2485
O=C1CSC(N2N=C(c3ccccc3)CC2c2ccccc2)=N1,-8.768,ChEMBL,2486
C=CC(=O)Nc1cc(Nc2nccc(-c3cn(C)c4cccnc34)n2)c(OC)cc1NCCN(C)C,-8.767,ChEMBL,2487
CS(=O)(=O)CCNC/C=C/C(=O)Nc1cc2c(Nc3ccc(F)c(Cl)c3)ncnc2s1,-8.766,ChEMBL,2488
CN(C)C/C=C/C(=O)N1CCc2c(sc3ncc(C#N)c(Nc4ccc(F)c(Cl)c4)c23)C1,-8.766,ChEMBL,2489
O=C1Cc2c(cccc2Oc2ccc(Nc3ncnc4ccn(CCO)c34)cc2Cl)N1,-8.765,ChEMBL,2490
S=C(NCCN1CCOCC1)Nc1ccc2ncnc(Nc3ccc(Cl)cc3)c2c1,-8.764,ChEMBL,2491
O=C(CCl)OCCn1c(=O)oc2cc3ncnc(Nc4ccc(F)c(F)c4)c3cc21,-8.763,ChEMBL,2492
COC[C@@H](Nc1ncnc2oc(-c3ccc(OC)cc3)cc12)c1ccccc1,-8.76,ChEMBL,2493
COc1ccccc1-c1cc2c(NCc3cccnc3)ncnc2s1,-8.76,ChEMBL,2494
CC(C)=CC[C@@H](OC(=O)/C=C\C(=O)c1ccc(Cl)cc1)C1=CC(=O)c2c(O)ccc(O)c2C1=O,-8.757,ChEMBL,2495
COc1cc(NS(C)(=O)=O)ccc1-c1cc2c(N[C@H](CO)c3ccccc3)ncnc2[nH]1,-8.757,ChEMBL,2496
CNS(=O)(=O)c1cccc(N(C)c2cc(Nc3cccc(C)c3)ncn2)c1,-8.757,ChEMBL,2497
COc1cc(C=O)ccc1-c1cc2c(NCc3ccccc3)ncnc2s1,-8.756,ChEMBL,2498
CN(C)/C=C/C(=O)Nc1cc2c(Nc3ccc(F)c(Cl)c3)ncnc2cc1O[C@H]1CCOC1,-8.751,ChEMBL,2499
Clc1nc2ccccc2c2nnc(/N=C/C=C/c3ccccc3)n12,-8.75,ChEMBL,2500
COc1ccc(-c2coc3cc(OCC(=O)N/C=C\c4ccc(O)cc4)ccc3c2=O)cc1,-8.748,ChEMBL,2501
C=CC(=O)N1CCC[C@@H](n2nc(-c3ccc(Oc4ccc(F)cc4F)cc3)c(C(N)=O)c2N)C1,-8.748,ChEMBL,2502
CCOc1cc2ncnc(Nc3cccc([N+](=O)[O-])c3)c2c2c1OCCO2,-8.747,ChEMBL,2503
C#Cc1cccc(Nc2ncnc3cc(OCCOC)c(NC(=O)C=C)cc23)c1,-8.746,ChEMBL,2504
COc1ccc(C2=NN(C3=NC(=O)CS3)C(c3ccc(F)cc3)C2)cc1,-8.745,ChEMBL,2505
C=CC(=O)N1CC(Oc2cc3c(Nc4cccc(Cl)c4)ncnc3cc2OC)C1,-8.743,ChEMBL,2506
COC(=O)C1=C(N)N(c2cccnc2)C2=C(C(=O)CCC2)C1c1cc2cc(C)ccc2n2nnnc12,-8.741,ChEMBL,2507
c1ccc(CNc2ncnc3oc(-c4ccccc4)cc23)cc1,-8.739,ChEMBL,2508
O=C(/C=C/CNCC1COC1)Nc1cc2c(Nc3ccc(F)c(Cl)c3)ncnc2s1,-8.737,ChEMBL,2509
COc1cc2ncnc(Nc3ccc(F)c(Cl)c3)c2cc1OCCCN1CC2(COC2)C1,-8.737,ChEMBL,2510
C#Cc1cccc(Nc2ncnc3cc4c(cc23)OCCO4)c1F,-8.737,ChEMBL,2511
COc1cc2ncnc(Nc3ccc(F)c(Cl)c3)c2cc1OCCN1CC2(CCO2)C1,-8.736,ChEMBL,2512
CCC(=O)Nc1cc2c(Nc3ccc(Br)cc3F)ncnc2cc1OCCNC(C)=O,-8.736,ChEMBL,2513
C=CC(=O)N1CCc2c(sc3ncnc(Nc4ccc(Br)cc4F)c23)C1,-8.735,ChEMBL,2514
C=CC(=O)Nc1ccccc1C1CCNc2c(C(N)=O)c(-c3ccc(OC)cc3)nn21,-8.734,ChEMBL,2515
Fc1ccc(Nc2ncnc3ccc(NC(=S)NCCCN4CCOCC4)cc23)cc1Cl,-8.73,ChEMBL,2516
Cc1nc2cnc(Nc3ccnc(NCC(C)(C)C(N)=O)n3)cc2n1C(C)C,-8.726,ChEMBL,2517
Cc1ccc(-c2nn(C(C)(C)C)c3ncnc(N)c23)cc1,-8.726,ChEMBL,2518
C=CC(=O)Nc1ccc2ncnc(Nc3ccc(Br)cc3C)c2c1,-8.725,ChEMBL,2519
COc1ccc(Oc2nc3ccccc3cc2/C=N/NC(=O)Cn2c([N+](=O)[O-])cnc2C)cc1,-8.725,ChEMBL,2520
CCOC(=O)CCCn1c(=O)oc2cc3ncnc(Nc4ccc(F)c(F)c4)c3cc21,-8.723,ChEMBL,2521
C=CC(=O)Nc1cccc(-c2nccc(Nc3cc(C)[nH]n3)n2)c1,-8.722,ChEMBL,2522
O=C(Nc1nccs1)Nc1cc(-c2cccnc2)ccc1OC(F)(F)F,-8.722,ChEMBL,2523
Oc1c(Br)cccc1Nc1ncnc2cc3c(cc12)OCCO3,-8.722,ChEMBL,2524
Nc1ccc2[nH]c3nccc(NCc4cccc(Br)c4)c3c2c1,-8.721,ChEMBL,2525
OCCCc1nc(-c2ccc(F)cc2)c(-c2ccnc3[nH]ccc23)[nH]1,-8.721,ChEMBL,2526
Nc1nc(N)c2c(n1)[nH]c1cccc(Sc3ccc(Cl)cc3)c12,-8.718,ChEMBL,2527
CNS(=O)(=O)c1cccc(Nc2cc(Nc3cccc(C)c3)ncn2)c1,-8.715,ChEMBL,2528
Clc1ccccc1-c1nnc(Cc2nc3ccccc3[nH]2)o1,-8.715,ChEMBL,2529
Cc1nn(-c2ccccc2)c(Cl)c1C1C(C#N)=C(N)N(c2cccnc2)C2=C1C(=O)CCC2,-8.714,ChEMBL,2530
CNS(=O)(=O)c1cccc(Nc2cc(N(C)c3cccc(C)c3)ncn2)c1,-8.714,ChEMBL,2531
C=CC(=O)Nc1cc(Nc2cc(-c3cn(C)c4ccccc34)ncn2)c(OC)cc1N(C)CCN(C)C,-8.714,ChEMBL,2532
C[C@@H](O)c1nc2cnc(Nc3ccnc(N4CC[C@H](O)[C@H](F)C4)n3)cc2n1[C@H](C)C(F)(F)F,-8.714,ChEMBL,2533
C=CC(=O)Oc1ccc(-n2c(=O)cnc3cnc(Nc4ccc(OC)cc4)nc32)cc1,-8.713,ChEMBL,2534
CO[C@H]1CCN(c2nccc(Nc3cc4c(cn3)nc(C)n4C(C)C)n2)C[C@H]1F,-8.71,ChEMBL,2535
CC(C)Oc1cc2ncnc(Nc3ccc(Cl)c([N+](=O)[O-])c3)c2c2c1OCCO2,-8.71,ChEMBL,2536
COc1cccc(CNc2ccnc3oc4ccc(N)cc4c23)c1,-8.709,ChEMBL,2537
COc1ccc(-n2cc(NC(=O)c3cccc(NS(=O)(=O)c4ccc(Cl)cc4)c3)cn2)cc1,-8.709,ChEMBL,2538
Cc1nc(N)sc1-c1ccnc(Nc2ccc(N3CCOCC3)cc2)n1,-8.709,ChEMBL,2539
C#Cc1cccc(Nc2ncnc3cc(OC(C)C)c4c(c23)OCCO4)c1,-8.706,ChEMBL,2540
CO[C@H]1CCN(c2nccc(Nc3cc4c(cn3)nc(CO)n4C(C)C)n2)CC1(F)F,-8.706,ChEMBL,2541
COc1cc2ncnc(Nc3ccc(F)c(Cl)c3)c2cc1NC(=O)/C=C/CN(C)C1CC1,-8.705,ChEMBL,2542
COCCOc1cc2ncnc(Nc3ccc(C)c([N+](=O)[O-])c3)c2c2c1OCCO2,-8.705,ChEMBL,2543
C=CC(=O)Nc1cc(Nc2cncc(-c3cn(C)c4ccccc34)n2)c(OC)cc1N(C)CCN(C)C,-8.705,ChEMBL,2544
O=S(=O)(Nc1ccccn1)c1ccc(NC(=S)Nc2ccc3c(c2)OCO3)cc1,-8.705,ChEMBL,2545
O=C(Nc1ccccn1)Nc1cc(-c2cncnc2)ccc1OC(F)(F)F,-8.704,ChEMBL,2546
O=C1CSC(N2N=C(c3ccc(F)cc3)CC2c2ccc(F)cc2)=N1,-8.703,ChEMBL,2547
CN1CCN(CC(=O)Nc2cc3c(Nc4ccc(F)c(Cl)c4)ncnc3s2)CC1,-8.703,ChEMBL,2548
CNC(=O)c1ccccc1Sc1ccc2c(/C=C/c3ccccn3)n[nH]c2c1,-8.702,ChEMBL,2549
COc1cc2ncnc(Nc3ccc(F)c(Cl)c3)c2cc1OCCCN1CC2(CCO2)C1,-8.702,ChEMBL,2550
Nc1ncnc2c1c(-c1ccc(Br)c(O)c1)nn2C1CCCC1,-8.7,ChEMBL,2551
[P@@](=N/c1cccc2[nH]ccc12)Nc1cccc2cccnc12,-8.7,AIEMG,2552
COc1cc2ncnc(Nc3ccc(F)c(Cl)c3)c2cc1OC,-8.7,ChEMBL,2553
[C@@]Oc1cncc(NC(=O)C2CCC(Cc3ccc(F)cc3)CC2)c1O,-8.7,AIEMG,2554
FC(F)(F)c1ccccc1CNC(=O)c1cccc(C(F)(F)F)c1F,-8.7,AIEMG,2555
CC(=O)N1N=C(c2ccc(Cl)c(Cl)c2)CC1c1ccccc1,-8.7,ChEMBL,2556
COc1cc(OC)cc(C2CC(c3ccc(Cl)c(Cl)c3)=NN2C(C)=O)c1,-8.7,ChEMBL,2557
COc1cc2ncnc(Nc3cccc(Cl)c3F)c2cc1CN(CCN(C)C)[C@@H](C)C(N)=O,-8.7,ChEMBL,2558
COc1ccc(-c2nn(C(C)C)c3ncnc(N)c23)cc1O,-8.7,ChEMBL,2559
Nc1cc2ncnc(NCc3cccc(Br)c3)c2cn1,-8.7,ChEMBL,2560
Nc1cc2ncnc(Nc3cccc([N+](=O)[O-])c3)c2cn1,-8.7,ChEMBL,2561
FC(F)(F)c1ccccc1CN1CCN(C(=O)Cc2ccccc2)CC1,-8.7,AIEMG,2562
COc1cc2ncnc(Nc3cccc(NC(=O)c4ccccc4)c3F)c2cc1OC,-8.7,ChEMBL,2563
[N+]=c1s/c(=C\c2ccc(F)cc2)nc1-c1ccc(Sc2nnnn2C2CC2)cc1,-8.7,AIEMG,2564
[C@]1(c2ccccc2)NC(=O)N(CC(=O)Nc2ccnn2Cc2ccccc2)C1=O,-8.7,AIEMG,2565
CC(C)(O)C#Cc1ccc2ncnc(Nc3ccc(F)c(Cl)c3)c2c1,-8.7,ChEMBL,2566
CC(=O)N1N=C(c2ccc(C)c(C)c2)CC1c1ccc(Br)cc1,-8.7,ChEMBL,2567
OCCCC#Cc1ccc2ncnc(Nc3ccc(F)c(Cl)c3)c2c1,-8.7,ChEMBL,2568
CN(C)C/C=C/C(=O)Nc1cc2c(Nc3cccc(Br)c3)c(C#N)cnc2cn1,-8.7,ChEMBL,2569
[C@@]Oc1ccc(-n2nc(CC(=O)Nc3nc(C(F)(F)F)sc3C)ccc2=O)cc1F,-8.7,AIEMG,2570
c1ccc(-n2cc(NC(=O)C3C[C@@H]4CCC[C@@H]4C3)nc2C(=O)[O-])cc1,-8.7,AIEMG,2571
COc1cc2ncnc(Nc3ccc(F)c(Cl)c3)c2cc1OCCn1ccnc1,-8.7,ChEMBL,2572
CN(C)C/C=C/C(=O)N1CCc2c(sc3ncnc(N[C@H](CO)c4ccccc4)c23)C1,-8.7,ChEMBL,2573
COc1cc2c(cc1OC)Oc1ncnc(Oc3ccc(F)c(Cl)c3)c1N(C)C2,-8.7,ChEMBL,2574
COc1cc2c(cc1OC)Oc1ncnc(Oc3cccc(Cl)c3F)c1NC2,-8.7,ChEMBL,2575
Cc1ncc([N+](=O)[O-])n1CCOC(=O)/C=C/c1cccc2ccccc12,-8.7,ChEMBL,2576
C=CC(=O)Nc1nc2c(Cc3ccc(F)c(Cl)c3)ncnc2cc1CCCCN1CCOCC1,-8.7,ChEMBL,2577
Oc1cc(O)c2c(O)c(-c3cccc(Cl)c3)cnc2c1,-8.7,ChEMBL,2578
Cc1c(CCC(=O)O)c[nH]c1/C=C1\C(=O)Nc2cc(-c3ccccc3)ccc21,-8.7,ChEMBL,2579
CC(C)n1nc(-c2ccc3c(ccn3C(=O)OC(C)(C)C)c2)c2c(N)ncnc21,-8.7,ChEMBL,2580
FC(F)Oc1ccccc1Nc1ccc2ncccc2c1,-8.7,AIEMG,2581
C[C@@H](Nc1ncnc2sc3c(c12)CCN(C(=O)/C=C/CN(C)C)C3)c1ccccc1,-8.7,ChEMBL,2582
Nc1ncnc2c1c(-c1ccc(Cl)c(O)c1)nn2CC1CCNC1,-8.7,ChEMBL,2583
COc1cc(-c2nn(C(C)C)c3ncnc(N)c23)ccc1F,-8.7,ChEMBL,2584
[N+](=O)c1ccccc1C(=O)N1CCN(c2ncc(Cl)cn2)CC1,-8.7,AIEMG,2585
[N+]c1ccc(CC(=O)N2CCc3[nH]c4ccccc4c3C2)cc1,-8.7,AIEMG,2586
O=C(NCCCl)Nc1ccc2ncnc(Nc3cccc(Br)c3)c2c1,-8.7,ChEMBL,2587
COC(=O)CN(C)Cc1c[nH]c2cc3ncnc(Nc4cccc(Br)c4)c3cc12,-8.7,ChEMBL,2588
CN(C)C/C=C/C(=O)Nc1ccc2ncc(C#N)c(Nc3cccc(Br)c3)c2c1,-8.7,ChEMBL,2589
COc1cc2ncnc(N[C@@H](C)c3ccccc3)c2cc1OCCCCCCC(=O)NO,-8.7,ChEMBL,2590
O=C(O)[C@@H]1O[C@H]1C(=O)Nc1ccc2ncnc(Nc3cccc(Br)c3)c2c1,-8.7,ChEMBL,2591
[C@H]1CCN(C(=O)CNC(=O)[C@@H](Oc2ccccc2)c2ccccc2)C1,-8.7,AIEMG,2592
Cn1ncc2cc3c(Nc4cccc(Br)c4)ncnc3cc21,-8.7,ChEMBL,2593
CN(C)C/C=C/C(=O)Nc1ccc2c(C#N)cnc(Nc3cccc(Br)c3)c2c1,-8.7,ChEMBL,2594
Clc1cc(Nc2ncnc3[nH]nc(OCCCN4CCOCC4)c23)ccc1OCc1ccccn1,-8.7,ChEMBL,2595
COc1cc2c(Nc3ccc(C)cc3F)ncnc2cc1OCC1CCNCC1,-8.7,ChEMBL,2596
COc1cc2c(Nc3c(F)cc(Cl)cc3F)ncnc2cc1OCC1CCNCC1,-8.7,ChEMBL,2597
c1ccc(CCNc2ccnc3oc4ccccc4c23)cc1,-8.7,ChEMBL,2598
Cc1ccc(C2=NN(C(N)=S)C(c3ccc([N+](=O)[O-])cc3)C2)cc1C,-8.7,ChEMBL,2599
N#Cc1cnc(Nc2cccc(Br)c2)c2cc(NC(=O)CCN3CCOCC3)ccc12,-8.7,ChEMBL,2600
Brc1cccc(Nc2ncnc3cc4[nH]ccc4cc23)c1,-8.7,ChEMBL,2601
CN(C)CCn1cnc2cc3c(Nc4cccc(Br)c4)ncnc3cc21,-8.7,ChEMBL,2602
[N+](=O)c1cccc(NC(=O)Cn2cc(C(=O)[O-])ccc2=O)c1,-8.7,AIEMG,2603
[P@@]/C(=N/Nc1cccc(OCC(=O)N2CCN(Cc3cccs3)CC2)c1)c1ccccc1,-8.7,AIEMG,2604
[P@@]=C(/CC(=O)N1CCN(c2ccc(Br)cc2)C1=O)c1ccccc1O,-8.7,AIEMG,2605
[NH+]=C(Nc1ccc(C#N)cc1)N1C(=O)/C(=C/c2cccnc2)SC1=S,-8.7,AIEMG,2606
[P@@]1CCC(C[C@H](O)c2ccccc2)=C1N1CCc2ccccc21,-8.7,AIEMG,2607
[C@H]Oc1cc(OC)ccc1C(=O)N1CC[C@H](c2ccccc2F)C1,-8.7,AIEMG,2608
[C@@]1(C[NH+]2CCC(N(C)c3cccc(F)c3)CC2)CN(c2cnccn2)C1=O,-8.7,AIEMG,2609
[C@@](C#CN(C)C(=O)N1CCSC[C@@H]1C[C@@H]1CCCO1)c1ccccc1O,-8.7,AIEMG,2610
[C@@]1(CNc2ccc(CN3CCN(c4ccccc4F)CC3)c([N+](=O)[O-])c2)CCCO1,-8.7,AIEMG,2611
[C@@](C#Cc1n[nH]nc1C1CC[NH+](Cc2csc3cc(Cl)ccc23)CC1)[C@@H]1CCCO1,-8.7,AIEMG,2612
[C@@H](C)CN(C)c1ccc(C(=O)c2c[nH]c(=O)[nH]2)cc1OCC(=O)Nc1cccc(F)c1,-8.7,AIEMG,2613
ClCc1cc[nH+]c(N2CCC[C@H]2c2noc(C34CC4CC3)n2)c1,-8.7,AIEMG,2614
Cl[C@@H]([NH2+][C@@H]1CCCc2ccccc21)[C@@H](O)c1ccc(Cl)c(Cl)c1,-8.7,AIEMG,2615
[C@H]S[C@H]1[C@H](CNC(=O)c2ccccc2Cl)c2ccccc2S1(=O)=O,-8.7,AIEMG,2616
[C@](C#Cc1nnc(-c2ccc3c(c2)OCCO3)s1)N1CCN(Cc2ccc(Cl)cc2Cl)CC1,-8.7,AIEMG,2617
[N+]c1ccnc(O[C@H]2CCC(=O)N[C@@H]2c2ccc(F)cc2F)c1,-8.7,AIEMG,2618
[C@H]1CCN(C(=O)c2ccc(Cl)cc2N2CCc3ccccc32)C1,-8.7,AIEMG,2619
[C@H]Oc1cc(CN2CCC[C@H](NC(=O)c3ccc(F)c(F)c3)C2)cc(Br)c1OC(C)C,-8.7,AIEMG,2620
[C@]1(C)CCC[C@@]1(O)c1cc(OCc2ccco2)n(-c2ccccc2)n1,-8.7,AIEMG,2621
COc1cc2ncnc(Nc3ccc(F)c(Cl)c3)c2cc1OCCCCC(=O)NO,-8.7,ChEMBL,2622
CN(N)C/C=C/C(=O)Nc1cc2c(Nc3cccc(Br)c3)ccnc2cn1,-8.7,ChEMBL,2623
Cc1ccc(C2=NN(C(N)=S)C(c3ccc(Br)cc3)C2)cc1C,-8.7,ChEMBL,2624
FC(F)(F)c1ccc(-c2nc(CO[C@H](C(N)=O)C3CCCCC3)no2)cc1,-8.7,AIEMG,2625
n1ccc(-c2nc(CN(Cc3ccco3)c3n[nH]c4ccccc34)c2C#N)cc1,-8.7,AIEMG,2626
CC(C)n1nc(-c2cc(F)c(C=O)c(F)c2)c2c(N)ncnc21,-8.7,ChEMBL,2627
C=CC(=O)Nc1cc2c(Cc3cccc(C)c3)ncnc2cc1OCCCN1CCOCC1,-8.7,ChEMBL,2628
CC(C)n1nc(-c2ccc(N)c(O)c2)c2c(N)ncnc21,-8.7,ChEMBL,2629
[N+](=O)c1ccc(CN2CCO[C@]3(CCC[NH2+]C3)C2=O)c2ccccc12,-8.7,AIEMG,2630
COc1cc2ncc(C#N)c(N[C@@H]3C[C@H]3c3ccccc3)c2cc1OCCCN1CCOCC1,-8.7,ChEMBL,2631
CCOc1cc2ncnc(C#Cc3c[nH]nc3-c3ccc(F)cc3)c2cc1OCC,-8.7,ChEMBL,2632
CCC(C)n1nc(-c2ccc(C)c(O)c2)c2c(N)ncnc21,-8.7,ChEMBL,2633
[C@]1(C(=O)N2CCc3ccc(NC(=O)C4CCCCC4)cc32)CCCC1,-8.7,AIEMG,2634
NCCCCOCc1ccn2ncnc(Nc3ccc4c(cnn4Cc4cccc(F)c4)c3)c12,-8.7,ChEMBL,2635
FC(F)c1ccc(OCc2noc(-c3ccccc3OC(F)(F)F)n2)cc1F,-8.7,AIEMG,2636
C=CC(=O)Nc1ccc2ncnc(Cc3ccc(F)c(Cl)c3)c2c1,-8.7,ChEMBL,2637
Clc1ccc2ccccc2c1Cn1ccc(-c2cncc(Br)c2)n1,-8.7,AIEMG,2638
CC(C)n1nc(-c2ccc3c(ccn3C)c2)c2c(N)ncnc21,-8.7,ChEMBL,2639
[C@@](C#Cc1cnn(-c2ccccc2)n1)c1nncn1C1CCCCC1,-8.7,AIEMG,2640
Cc1cc(C)c(NC(=O)/C(C#N)=C/c2ccc(O)c(O)c2)c(C)c1,-8.7,ChEMBL,2641
C=CC(=O)Nc1ccc2ncnc(Cc3ccc(CN(C)C)c(Br)c3)c2c1,-8.7,ChEMBL,2642
[C@@]1(c2nnc(-c3ccccc3)o2)CCCN(Cc2ccccc2Cl)C1,-8.7,AIEMG,2643
COc1cc(/C=C(\C#N)C(N)=O)cc(CSc2nc3cc(Cl)ccc3s2)c1O,-8.7,ChEMBL,2644
Nc1c(O)cccc1Nc1ncnc2ccncc12,-8.7,ChEMBL,2645
CCOc1ccccc1-c1cc2c(N[C@H](CO)c3ccccc3)ncnc2[nH]1,-8.7,ChEMBL,2646
COc1cc2ncc(C#N)c(Nc3cccc(C(N)=O)c3)c2cc1OC,-8.7,ChEMBL,2647
Nc1ncc2ncnc(Nc3cccc(Br)c3)c2n1,-8.7,ChEMBL,2648
Cc1cccc(Nc2ncnc3ccc(NC(=O)NCCCl)cc23)c1,-8.7,ChEMBL,2649
Oc1cc2c(cc1O)[C@@H]1c3ccc(O)c(O)c3OC[C@]1(O)C2,-8.7,ChEMBL,2650
O=C(NCCCl)Nc1ccc2ncnc(Nc3cccc(Cl)c3)c2c1,-8.7,ChEMBL,2651
COc1cc2ncnc(-c3c[nH]c4ccc(Br)cc34)c2cc1OC,-8.7,ChEMBL,2652
FC(F)c1cccc(Oc2cccc3c2O[C@@H](COc2ccccc2F)C3)c1,-8.7,AIEMG,2653
COc1cc(C2=C(c3cn(COC(C)(C)C)c4ccccc34)CNC2=O)cc(OC)c1OC,-8.7,ChEMBL,2654
Cn1c(=O)n(CC(=O)N2CCN(C(=O)CCc3ccccc3)CC2)c2ccccc21,-8.7,AIEMG,2655
NS(=O)(=O)c1ccc(Nc2nc3ncnc(Nc4cccc(Br)c4)c3s2)cc1,-8.7,ChEMBL,2656
COc1cc2ncc(C#N)c(Nc3ccc(F)c(Cl)c3)c2cc1OCCCN1CCOCC1,-8.7,ChEMBL,2657
COc1cc2ncnc(Nc3ccc(F)c(Cl)c3)c2cc1CN(C)[C@H](C)C(N)=O,-8.7,ChEMBL,2658
N#Cc1cnc2cc3c(cc2c1Nc1cccc(Br)c1)OCO3,-8.7,ChEMBL,2659
Cc1ccc(C2=NN(C(N)=S)C(c3ccc(F)cc3)C2)cc1C,-8.7,ChEMBL,2660
Cc1ccc(C2=NN(C(N)=S)C(c3ccc(Cl)cc3)C2)cc1C,-8.7,ChEMBL,2661
CN(C)C/C=C/C(=O)Nc1ccc2ncnc(Nc3cccc(Br)c3)c2c1,-8.7,ChEMBL,2662
[C@@]1(c2ccccc2)NC(=O)N(CC(=O)c2cc(F)ccc2F)C1=O,-8.7,AIEMG,2663
CCOC(=O)/C=C/C(=O)Cc1ccc2ncnc(Nc3cccc(Br)c3)c2c1,-8.7,ChEMBL,2664
[C@@](=C(/N)N1CCC[C@@H]1c1nc2c([nH]1)CCCC2)c1ccccc1,-8.7,AIEMG,2665
Fc1ccc(=O)n(CC2CC[NH+]([C@@H]3C[C@H]3Cc3ccccc3)CC2)n1,-8.7,AIEMG,2666
[P@@]=C(OCc1ccncc1)NC(=O)c1cc(=O)[nH]c2ccc(Cl)cc12,-8.7,AIEMG,2667
FC(F)(F)c1ccc(C[NH+]2CCC[C@@H](c3nc4ccccc4[nH]3)C2)o1,-8.7,AIEMG,2668
FC(F)(F)c1cccc(C(=O)NCc2nnnn2C[C@@H]2CCCO2)c1,-8.7,AIEMG,2669
[N+]/c1cc(N2CCN(c3ccc(Cl)cc3)CC2)ccc1OCc1ccc(Cl)cc1,-8.7,AIEMG,2670
[C@@](C#Cc1cccc(C(=O)NC2CCCC2)c1)c1ccc(O)cc1,-8.7,AIEMG,2671
[C@@](O)(Cn1nc(-c2ccccc2)c(=O)[nH]c1=O)c1cccc(C#N)c1,-8.7,AIEMG,2672
[C@@](C#Cc1ccc(CC(C)(C)C)cc1)c1cccc2c1OCCO2,-8.7,AIEMG,2673
n1n[C@H]n2cccc(F)c2c1OC(=O)CCNC(=O)c1ccc(F)cc1,-8.7,AIEMG,2674
FC(F)(F)c1ccc(NCC(=O)N2CCC[C@@H]2c2nc3ccccc3s2)cc1,-8.7,AIEMG,2675
O=C(OCc1ccccc1)c1cc(NCc2cc(O)ccc2O)ccc1O,-8.7,ChEMBL,2676
CS(=O)(=O)CCNCc1ccc(-c2ccc3ncnc(Nc4ccc(F)c(Cl)c4)c3c2)o1,-8.7,ChEMBL,2677
O=C(OCC1CCCCC1)c1cc(NCc2cc(O)ccc2O)ccc1O,-8.7,ChEMBL,2678
C=CC(=O)Nc1ccc2ncnc(Nc3cccc(C)c3)c2c1,-8.7,ChEMBL,2679
COc1cccc(Nc2ncnc3[nH]c4c(c23)CCCC4)c1,-8.7,ChEMBL,2680
CO/N=C/c1c(N)ncnc1Nc1ccc2c(ccn2Cc2cccc(F)c2)c1,-8.7,ChEMBL,2681
[C@H]1C(=O)c2ccccc2C(=O)N1c1ccc([N+](=O)[O-])c(F)c1,-8.7,AIEMG,2682
ClCc1ccc(S(=O)(=O)N2CCN(Cc3ccc(C(=O)NC(=O)C4CC4)cc3)CC2)cc1,-8.7,AIEMG,2683
CC(=O)Nc1cc2ncnc(Nc3cccc(Br)c3)c2cc1[N+](=O)[O-],-8.7,ChEMBL,2684
COC(=O)CN1CCC(n2cc(-c3cccc(OC)c3)c3c(N)ncnc32)C1,-8.7,ChEMBL,2685
CN(CCCl)C(=O)Nc1ccc2ncnc(Nc3cccc(Br)c3)c2c1,-8.7,ChEMBL,2686
[C@](O)(c1ccccc1)[C@@H]1CCC[C@](N)(OCc2cccnc2)C1,-8.7,AIEMG,2687
Fc1cccc(CNC(=O)C[NH+]2CCC[C@H](C(=O)NCc3ccc(Cl)cc3)C2)c1,-8.7,AIEMG,2688
Fc1ccc(-n2ccc(CCNC(=O)Nc3ccc(Br)cc3)n2)cc1,-8.7,AIEMG,2689
[C@@](C#Cc1ccccc1[N+](=O)[O-])N1CCc2c(oc3ccccc32)C1,-8.7,AIEMG,2690
[N+]=C(/C=C/c1ccc2c(c1)OCO2)Nc1ccc(Cl)c(Cl)c1,-8.7,AIEMG,2691
[C@]1(CC(=O)N2CCC[C@H]3CCCC[C@@H]32)CN(c2cnccn2)C1,-8.7,AIEMG,2692
[C@]1(C[NH2+]C[C@@H]2C[C@@]23CCc2ccccc23)CCC(=O)N1Cc1ccc(Cl)cc1,-8.7,AIEMG,2693
FC(F)(F)c1ccccc1SC1CCN(C(=O)c2ccccc2[N+](=O)[O-])CC1,-8.7,AIEMG,2694
[C@]1(c2cc(F)ccc2F)NC(=O)N(C[C@@H](O)COc2ccc(Br)cc2)C1=O,-8.7,AIEMG,2695
[C@]1(C(=O)NC[C@]2(C)CN(C)c3ccc(F)cc32)CCCN1CCc1ccccc1,-8.7,AIEMG,2696
[N+]c1/cc(CCCOCC2=c3ccccc3=[NH+]C2)nc2ccccc12,-8.7,AIEMG,2697
Cl[C@@H](Cc1cccnc1)C(=O)Nc1nnnc2ccccc12,-8.7,AIEMG,2698
[C@@](C#Cc1ccccc1)C(=O)N1CCc2ccccc2C1,-8.7,AIEMG,2699
[NH2+]Cc1ccccc1NC1CCN(C(=O)Cc2ccccc2)CC1,-8.7,AIEMG,2700
Fc1ccc(COc2ccccc2CN2CCN(Cc3ccco3)CC2)cc1,-8.7,AIEMG,2701
[C@@]1(c2cccc(Cl)c2)NC(=O)N1CCCN1CCN(c2cccc[nH+]2)CC1,-8.7,AIEMG,2702
[N+]=C(c1ccccc1F)N1CCC(C[NH2+]Cc2ccc(O)cc2)CC1,-8.7,AIEMG,2703
[C@](C#CNC1=Nc2nnnn2[C@@H]1C(F)(F)F)c1ccccc1,-8.7,AIEMG,2704
[C@H]Oc1ccccc1OCC(=O)N1CCC(c2c[nH]c3ccccc23)CC1,-8.7,AIEMG,2705
[C@H]1CCN(C(=O)c2cn(Cc3ccccc3)nc2-c2ccccc2)C1,-8.7,AIEMG,2706
Cl[C@@H](C(=O)N1CCc2ccccc21)C1CC[NH+](C=C2CC2)CC1,-8.7,AIEMG,2707
[N+]c1ccc(C(=S)N2CCC(c3nc4ccccc4s3)CC2)cc1F,-8.7,AIEMG,2708
[C@H](C)N=C1CCN(CC(=O)N[C@@H](C)c2ccc(Cl)cc2)c2ccccc21,-8.7,AIEMG,2709
[C@H]Oc1ccccc1-n1c(C)cc(C(=O)N[C@@H](C)c2nc(-c3ccccc3)no2)c1C1CC1,-8.7,AIEMG,2710
Fc1cc(F)cc(/C=N/N2CCc3ccccc32)c1O,-8.7,AIEMG,2711
Fc1ccc2ncnc(Nc3cccc(Br)c3)c2n1,-8.7,ChEMBL,2712
Oc1ccc2c(Nc3cccc(Br)c3)ncnc2c1,-8.7,ChEMBL,2713
CO/N=C/c1c(N)ncnc1Nc1ccc(OCc2cccc(F)c2)c(Cl)c1,-8.7,ChEMBL,2714
C=CC(=O)Nc1ccc2ncnc(Nc3cc(Cl)c(Cl)cc3F)c2c1,-8.7,ChEMBL,2715
Fc1ccccc1Cn1c[nH+]cc(C(=O)Nc2ccc([N+](=O)[O-])cc2)c1=O,-8.7,AIEMG,2716
O=C(OCCCCc1ccccc1)c1cc(NCc2cc(O)ccc2O)ccc1O,-8.7,ChEMBL,2717
O=C(OCCc1ccccc1)c1cc(NCc2cc(O)ccc2O)ccc1O,-8.7,ChEMBL,2718
[N+]=C/C=C/c1ccc(N2C(=O)C[C@@H](Cc3ccccc3)C2=O)cc1F,-8.7,AIEMG,2719
c1ccc(NC[C@@H]2CCN(S(=O)(=O)c3cccc4ccccc34)C2)nc1,-8.7,AIEMG,2720
[C@@](C#C[C@@H](O)CNC(=O)[C@@H]1CC(=O)Nc2ccccc21)c1ccccc1,-8.7,AIEMG,2721
FC(F)(F)c1cccc(C[NH+]2CCC[C@@H]2c2nc3ccccc3o2)c1,-8.7,AIEMG,2722
CNc1cc2c(Nc3cccc(C(F)(F)F)c3)ncnc2cn1,-8.7,ChEMBL,2723
Clc1cccc(Nc2ncnc3[nH]c4ccccc4c23)c1,-8.7,ChEMBL,2724
C=CC(=O)Nc1ccc2ncnc(Nc3ccc(F)c(Br)c3)c2n1,-8.7,ChEMBL,2725
CC#CC(=O)Nc1ccc2ncnc(Nc3cccc(Br)c3)c2c1,-8.7,ChEMBL,2726
[C@@][C@]1([C@H](O)c2ccccc2)[C@@H](C)[C@@H](c2ccncc2)Cc2ccccc21,-8.7,AIEMG,2727
FC(F)(F)c1cc(-c2cncnc2)ccc1Oc1ccccc1Cl,-8.7,AIEMG,2728
Cc1cccc(Nc2ncnc3cc(N)ncc23)c1,-8.7,ChEMBL,2729
[C@](O)(C(=O)CCN1C(=O)COc2ccccc21)c1ccccc1,-8.7,AIEMG,2730
COc1cc2ncnc(Nc3cccc(F)c3)c2cc1OC,-8.7,ChEMBL,2731
[C@]1(C(=O)NCc2ccc3c(c2)OCO3)CN(c2ccccc2Cl)C(=O)NC1=O,-8.7,AIEMG,2732
CONC(=O)CCc1c(SSc2[nH]c3ccccc3c2CCC(=O)NOC)[nH]c2ccccc12,-8.7,ChEMBL,2733
[C@H](CCNC(=O)Nc1ccc(Cl)cc1F)c1ccc2c(c1)CC(=O)N2,-8.7,AIEMG,2734
C=CC(=O)Nc1cc2c(Nc3ccc(F)c(Cl)c3)ncnc2cn1,-8.7,ChEMBL,2735
Fc1ccc(F)c([C@H]2CCC[NH+](Cc3ccccc3)C2)c1,-8.7,AIEMG,2736
[C@](Cc1ccccc1F)N1CC[C@@](CNC(=O)C2=NC(=O)N(Cc3ccccn3)C2)C1,-8.7,AIEMG,2737
CCOc1cc2ncnc(Nc3cccc(-c4cc[nH]n4)c3)c2cc1OCC,-8.7,ChEMBL,2738
Cl/C=C(\CCc1c(F)cc(F)cc1Cl)c1ccc(Cl)cc1,-8.7,AIEMG,2739
O=C1Nc2ccccc2/C1=C/c1cc2c([nH]1)CCC(Br)C2,-8.7,ChEMBL,2740
[C@](C#Cc1ccccc1)C(=O)N[C@@H]1c2ccccc2C[C@H]1O,-8.7,AIEMG,2741
[C@](C#N)(C(=O)Nc1cccc(C(=O)N2CCC[C@@H](C)C2)c1)c1ccccc1,-8.7,AIEMG,2742
COc1cc2ncnc(Nc3ccc(F)c(Cl)c3)c2cc1OCC(O)Cn1ccnc1,-8.7,ChEMBL,2743
[C@H]Oc1cccc([N-]S(=O)(=O)c2ccc3c(c2)C(=O)N(Cc2ccccc2)C3)c1,-8.7,AIEMG,2744
[C@]Oc1cccc(NC(=O)N2CC[C@H](Oc3ccc(Cc4ccccc4F)cn3)C2)c1,-8.7,AIEMG,2745
CC(C)(C)n1nc(-c2ccc(Cl)cc2)c2c(N)ncnc21,-8.7,ChEMBL,2746
NNC(=O)c1c(N)ncnc1Nc1ccc(OCc2ccccc2)c(Cl)c1,-8.7,ChEMBL,2747
C=CC(=O)Nc1ccc2ncnc(N3CCc4ccc(Br)cc43)c2c1,-8.7,ChEMBL,2748
[P@@]Cc1nc(CN2CCC[C@@H]2c2ccccc2F)oc1NC(=O)c1ccco1,-8.7,AIEMG,2749
C[NH+][C@@H]Sc1nc(-c2ccccc2)cc(-c2ccc(OC)c(O)c2)n1,-8.7,AIEMG,2750
[P@@]1/C(=C/N=C/C=C/c2ccccc2)N=C1Nc1cccc(C(F)(F)F)c1,-8.7,AIEMG,2751
COc1cc2ncnc(Nc3cc(NC(=O)c4ccccc4)c(F)cc3F)c2cc1OC,-8.7,ChEMBL,2752
Nc1ncnc(Nc2ccc(OCc3ccccc3)c(Cl)c2)c1C(=O)O,-8.7,ChEMBL,2753
[C@H]Oc1ccc(-c2ncoc2C(=O)[C@@H]2C[C@H]2c2ccccc2F)cc1OCC(F)(F)F,-8.7,AIEMG,2754
[C@H]Oc1ccc(OCC(=O)N[C@@H](C)c2ccoc2)cc1NC(=O)c1ccccc1,-8.7,AIEMG,2755
C[C@H](CNC(=O)c1ccccc1F)N1CCN(c2cccc[nH+]2)CC1,-8.7,AIEMG,2756
Nc1ncnc2c1c(-c1ccccc1)cn2-c1ccc(CO)cc1,-8.7,ChEMBL,2757
[C@@](CNCCN1C(=O)c2ccccc2C1=O)Nc1ccc2nn(C)c([O-])c2c1,-8.7,AIEMG,2758
CN(C)C/C=C/C(=O)Nc1cc2c(Nc3ccc(F)c(Cl)c3)ncnc2cc1O[C@H]1CCOC1,-8.7,ChEMBL,2759
COc1cc2ncnc(Nc3ccc(F)c(Cl)c3)c2cc1OCCN1CC2(COC2)C1,-8.699,ChEMBL,2760
C=CC(=O)Nc1cc2c(Nc3cc(Cl)c(Cl)cc3Cl)ncnc2cc1OCCNC(C)=O,-8.699,ChEMBL,2761
N=c1scc(-c2ccc(Cl)cc2)n1CC(=O)N1CCN(c2ccccc2)CC1,-8.698,ChEMBL,2762
C=CC(=O)Nc1ccc2ncnc(Nc3ccc(Br)cc3F)c2c1,-8.697,ChEMBL,2763
C=CC(=O)Nc1cc(Nc2nccc(-c3cn(C)c4ccccc34)n2)c(OC)cc1N(C)CCNC,-8.695,ChEMBL,2764
COc1cc2ncnc(Nc3ccc(F)c(Cl)c3)c2cc1OCCCN1CC2(CSC2)C1,-8.695,ChEMBL,2765
O=C1CS/C(=N/Nc2nncc3ccccc23)N1c1ccc(Cl)cc1,-8.695,ChEMBL,2766
O=C1CSC(N2N=C(c3ccc(F)cc3)CC2c2ccc(Cl)cc2)=N1,-8.693,ChEMBL,2767
CN(C)C/C=C/C(=O)Nc1cc2c(Nc3ccc(F)c(C#N)c3)ncnc2cc1O[C@H]1CCOC1,-8.692,ChEMBL,2768
C=CC(=O)Nc1ccc2ncnc(Nc3c(F)cccc3Br)c2c1,-8.691,ChEMBL,2769
COc1ccc(-c2cc3c(N[C@H](CO)c4ccccc4)ncnc3o2)cc1,-8.69,ChEMBL,2770
CS(=O)(=O)Nc1ccc(-c2cc3c(N[C@H](CO)c4ccccc4)ncnc3[nH]2)cc1,-8.689,ChEMBL,2771
C=CC(=O)Nc1cccc(Oc2nc(Nc3ccc(OC)c(OC)c3OC)ncc2Cl)c1,-8.688,ChEMBL,2772
NS(=O)(=O)c1cccc(Nc2ncc3ccn(Cc4ccccc4)c3n2)c1,-8.688,ChEMBL,2773
COc1ccc(NC(=O)/C=C/CN(C)C)cc1Nc1ncc(Cl)c(-c2cnn3ccccc23)n1,-8.687,ChEMBL,2774
CCN(CC)C/C=C/C(=O)N1CCOc2cc3ncnc(Nc4ccc(F)c(Cl)c4)c3cc21,-8.686,ChEMBL,2775
CC(=O)N1N=C(c2ccc(F)cc2)CC1c1ccc(C(=O)OC(C)Cn2c([N+](=O)[O-])cnc2C)cc1,-8.686,ChEMBL,2776
Cc1ccc(C2=NN(C3=NC(=O)CS3)C(c3ccc(F)cc3)C2)cc1,-8.684,ChEMBL,2777
C=CC(=O)Nc1cccc(Nc2nc(Nc3ccc(Cn4ccnc4)cc3OC)ncc2Cl)c1,-8.683,ChEMBL,2778
C#Cc1cccc(Nc2ncnc3cc4oc(=O)n(CCOC)c4cc23)c1,-8.682,ChEMBL,2779
COc1cc2ncnc(N3CCCc4ccccc43)c2cc1NC(=O)/C=C/CN(C)C,-8.682,ChEMBL,2780
N#CN1CCC[C@@H](n2nc(-c3ccc(Oc4ccc(Cl)cc4)cc3)c(C(N)=O)c2N)C1,-8.682,ChEMBL,2781
CNS(=O)(=O)c1cccc(Nc2cc(Nc3ccc(Cl)cn3)ncn2)c1,-8.682,ChEMBL,2782
Nc1ncc(C=CC(=O)NCCCn2ccnc2)c2scc(-c3ccc(Br)cc3)c12,-8.681,ChEMBL,2783
C=CC(=O)Nc1cc2c(Nc3ccc(Cl)cc3F)ncnc2cc1OCCNC(C)=O,-8.68,ChEMBL,2784
C#Cc1cccc(Nc2ncnc3cc(OC)c(OCCCn4ccnc4[N+](=O)[O-])cc23)c1,-8.68,ChEMBL,2785
O=C(Nc1cccc(Br)c1)c1c(O)c2ccccc2[nH]c1=O,-8.68,ChEMBL,2786
O=C1Nc2ccc(S(=O)(=O)N3CCOCC3)cc2/C1=N/c1ccc(O)cc1,-8.68,ChEMBL,2787
C=CC(=O)N1CCc2c(sc3ncnc(Nc4ccc(CC)cc4)c23)C1,-8.68,ChEMBL,2788
Nc1ccc2oc3nccc(NCc4cccc(Cl)c4)c3c2c1,-8.68,ChEMBL,2789
Cc1nc2cnc(Nc3ccnc(N4CCC(C)(C(N)=O)C4)n3)cc2n1C(C)C,-8.679,ChEMBL,2790
CCc1ccc(NCC(=O)Nn2c(-c3ccccc3)nc3ccccc3c2=O)cc1,-8.676,ChEMBL,2791
COc1cc(CN(C)CCN(C)C)ccc1-c1cc2c(N[C@H](CO)c3ccccc3)ncnc2[nH]1,-8.674,ChEMBL,2792
COc1cccc(-c2cc(-c3c(O)c4ccccc4oc3=O)nc(N)c2C#N)c1,-8.672,ChEMBL,2793
C=CC(=O)N1CC[C@@H](Nc2nc(Nc3cnn(C)c3)c3ncn(C(C)C)c3n2)C1,-8.672,ChEMBL,2794
O=C(NCCO)Nc1cc2c(Nc3ccc(F)c(Cl)c3)ncnc2cc1O[C@H]1CCOC1,-8.672,ChEMBL,2795
C=CC(=O)Nc1cc(Nc2nccc(NC(=O)c3ccccc3)n2)c(OC)cc1N(C)CCN(C)C,-8.67,ChEMBL,2796
C=CC(=O)Nc1cccc(Oc2nc(Nc3cccc(OC)c3OC)ncc2Br)c1,-8.669,ChEMBL,2797
S=C(NN=C(c1ccccc1)c1ccccc1)Nc1ccc2c(c1)OCO2,-8.667,ChEMBL,2798
COc1cc2ncc(C(=O)O)c(Nc3ccc(F)c(Cl)c3)c2cc1OC,-8.665,ChEMBL,2799
O=C1Cc2cccc(Oc3ccc(Nc4ncnc5ccn(CCO)c45)cc3Cl)c2N1,-8.665,ChEMBL,2800
Cc1ccc(C(=O)N/N=C(/Cn2c([N+](=O)[O-])cnc2C)c2ccc(Br)cc2)cc1,-8.665,ChEMBL,2801
S=C(NCCN1CCOCC1)Nc1ccc2ncnc(Nc3ccc(Cl)c(Cl)c3)c2c1,-8.664,ChEMBL,2802
C=C(C)C(=O)Nc1cc2c(Nc3ccc(F)c(Cl)c3)ncnc2cc1OCCCN1CCOCC1,-8.662,ChEMBL,2803
O=C(Nc1ccncc1)Nc1cc(-c2cncnc2)ccc1OC(F)(F)F,-8.66,ChEMBL,2804
CCC(=O)Nc1cc2c(Nc3ccc4[nH]ncc4c3)ncnc2cc1OC,-8.658,ChEMBL,2805
COc1ccc(-n2cc(NC(=O)c3ccc(NS(=O)(=O)c4ccc(Cl)cc4)cc3)cn2)cc1,-8.658,ChEMBL,2806
CCC(=O)Nc1cc2c(Nc3ccc4[nH]ccc4c3)ncnc2cc1OC,-8.657,ChEMBL,2807
Cc1ccc(C2=NN(C3=NC(=O)CS3)C(c3ccc(Br)cc3)C2)cc1,-8.657,ChEMBL,2808
Clc1cc(NC2CCCCC2)nc(-c2c[nH]c3ncccc23)n1,-8.655,ChEMBL,2809
Clc1ccc(-c2nnc(Cc3nc4ccccc4[nH]3)o2)c(Cl)c1,-8.653,ChEMBL,2810
CC(C)S(=O)(=O)c1ccccc1Nc1nc(N/N=C/c2ccc(F)cc2)ncc1Cl,-8.653,ChEMBL,2811
O=C(CN1CCCCC1)Nc1ccc2ncnc(Nc3cccc(Br)c3)c2c1,-8.65,ChEMBL,2812
COc1cc(CNCCN(C)C)ccc1-c1cc2c(N[C@H](CO)c3ccccc3)ncnc2[nH]1,-8.648,ChEMBL,2813
O=C(CN1CCC(CCO)CC1)Nc1cc2c(Nc3ccc(F)c(Cl)c3)ncnc2s1,-8.648,ChEMBL,2814
CC(=O)N1CCN(C(=O)Cn2c(-c3ccc(C)cc3)csc2=N)CC1,-8.648,ChEMBL,2815
C#Cc1cccc(-n2ccc3cc(OC)cc(O)c3c2=O)c1,-8.648,ChEMBL,2816
CNS(=O)(=O)c1cccc(Nc2cc(Nc3cccc([N+](=O)[O-])c3)ncn2)c1,-8.647,ChEMBL,2817
Cc1nc2cnc(Nc3ccnc(/C=C/C(C)(C)C(N)=O)n3)cc2n1C(C)C,-8.647,ChEMBL,2818
COc1ccc(OC)c(Cn2ccc3c(Nc4cccc(Br)c4)nc(N)nc32)c1,-8.646,ChEMBL,2819
COc1cc2ncnc(N[C@H](C)c3ccc(F)cc3)c2cc1OCCCCCCC(=O)NO,-8.645,ChEMBL,2820
C#Cc1cccc(Nc2ncnc3cc(OCCCCCn4ccnc4[N+](=O)[O-])c(OC)cc23)c1,-8.645,ChEMBL,2821
COc1ncc(-c2ccc3ncnc(Nc4cnn(CCO)c4)c3c2)cc1NS(C)(=O)=O,-8.644,ChEMBL,2822
COc1cccc(/C=N/Nc2ncc(Cl)c(Nc3ccccc3S(=O)(=O)C(C)C)n2)c1,-8.644,ChEMBL,2823
C=CC(=O)Nc1cccc(Oc2nccc(Nc3cc(C)[nH]n3)n2)c1,-8.643,ChEMBL,2824
C=CC(=O)Nc1cc2c(Nc3ccc(Br)cc3F)ncnc2cc1OCCNC(C)=O,-8.643,ChEMBL,2825
CNS(=O)(=O)c1cccc(Nc2cc(Nc3cccc(C(C)C)c3)ncn2)c1,-8.639,ChEMBL,2826
CCS(=O)(=O)NNC(=O)CSc1nc2ccccc2c(=O)n1Cc1ccc2c(c1)OCO2,-8.638,ChEMBL,2827
COc1cc2ncnc(Nc3ccc(F)c(Cl)c3)c2cc1NC(=O)/C=C/CNC1CC1,-8.637,ChEMBL,2828
CN(C(=O)NCCCl)c1ccc2ncnc(Nc3cccc(Cl)c3)c2c1,-8.634,ChEMBL,2829
C=CC(=O)N1CCC[C@@H](n2nc(C#CCC3CCCC3)c3c(N)ncnc32)C1,-8.634,ChEMBL,2830
C=CC(=O)Nc1ccc(Nc2ncnc3cc(OC)c(OCCN4CCOCC4)cc23)cc1,-8.634,ChEMBL,2831
C=CC(=O)Nc1ccc2ncnc(Nc3cccc(CC)c3)c2c1,-8.633,ChEMBL,2832
O=C(CN1CCOCC1)Nc1ccc2ncnc(Nc3cccc(Br)c3)c2c1,-8.633,ChEMBL,2833
N#Cc1cccc(Nc2ncnc3cc4c(cc23)OCCO4)c1,-8.632,ChEMBL,2834
O=C(CO)N1CCC(c2[nH]nc(-c3ccc(Cl)cc3F)c2-c2ccncn2)CC1,-8.631,ChEMBL,2835
CO[C@H]1CCN(c2nccc(Nc3cc4c(cn3)nc(C)n4C(C)C)n2)C[C@@H]1F,-8.631,ChEMBL,2836
COc1ccc(Nc2nc3cnc(Nc4ccc(N5CCN(C)CC5)cc4)nc3n2C(C)C)cc1,-8.63,ChEMBL,2837
Cc1ccccc1Cc1nnc(Cc2nc3ccccc3[nH]2)o1,-8.63,ChEMBL,2838
COc1ccc2c(c1)CCCN2c1ncnc2ccccc12,-8.629,ChEMBL,2839
C=CC(=O)Nc1cccc(NC(=O)Nc2ccnc(Nc3ccccc3OC)n2)c1,-8.624,ChEMBL,2840
C=CC(=O)Nc1cc(Nc2ccnc(-c3cn(C)c4ccccc34)n2)c(OC)cc1N(C)CCN(C)C,-8.623,ChEMBL,2841
O=C(CN1CCCC1)Nc1ccc2ncnc(Nc3ccc(Cl)cc3)c2c1,-8.623,ChEMBL,2842
CCN(CC)CC1CCN(c2ncc3ncnc(Nc4ccc(F)c(Cl)c4)c3n2)CC1,-8.622,ChEMBL,2843
O=C1CSC(N2N=C(c3ccccc3)CC2c2ccc(Br)cc2)=N1,-8.619,ChEMBL,2844
Nc1ccc2ncnc(Nc3ccc(F)c(Cl)c3)c2c1,-8.618,ChEMBL,2845
Clc1ccc(-c2nnc(Cc3nc4ccccc4[nH]3)o2)cc1,-8.616,ChEMBL,2846
CC(C)n1c(CO)nc2cnc(Nc3ccnc(N4CC[C@H](O)[C@H](F)C4)n3)cc21,-8.615,ChEMBL,2847
CC(=O)Nc1ccc2ncnc(Nc3cccc(Br)c3)c2c1,-8.614,ChEMBL,2848
C=CC(=O)N[C@H]1CN(c2nc(Nc3cnn(C)c3)c3ncn(C(C)C)c3n2)C[C@@H]1F,-8.612,ChEMBL,2849
C=CC(=O)N1C[C@H](COc2nc(Nc3cnn(C)c3)nc3[nH]cc(Cl)c23)[C@@H](OC)C1,-8.611,ChEMBL,2850
Cc1ccc(C2CC(c3ccc(Cl)cc3)=NN2C2=NC(=O)CS2)cc1,-8.61,ChEMBL,2851
COc1ccc(-c2cc3c(N[C@H](CCO)c4ccccc4)ncnc3o2)cc1,-8.609,ChEMBL,2852
C=CC(=O)Nc1ccc2ncnc(Nc3ccc(CC)cc3)c2c1,-8.609,ChEMBL,2853
Cn1cc(-c2cnc3c(-c4csc(C(=O)NCC(F)(F)F)c4)cnn3c2)cn1,-8.607,ChEMBL,2854
O=[N+]([O-])c1ccccc1-c1nnc(SCc2ccccc2)o1,-8.605,ChEMBL,2855
Cn1c(-c2csc(N/N=C\c3ccc([N+](=O)[O-])cc3)n2)nc2ccccc21,-8.604,ChEMBL,2856
COC(=O)CNC(=O)c1ccc(Nc2ncnc3cc(OCCN4CCCCC4)c(OC)cc23)cc1,-8.603,ChEMBL,2857
COc1ccc(/C=N\Nc2nc(-c3nc4ccccc4n3C)cs2)cc1OC,-8.603,ChEMBL,2858
Fc1ccc(Nc2ncnc3ccccc23)cc1Cl,-8.602,ChEMBL,2859
Fc1ccc(Nc2ncnc3ccc(NC(=S)NCCN4CCOCC4)cc23)cc1Cl,-8.601,ChEMBL,2860
Nc1ccc2c(Nc3cccc(Br)c3)ncnc2n1,-8.6,ChEMBL,2861
COc1cc2ncnc(Nc3cccc(Cl)c3F)c2cc1CN(C)[C@H](C)C(=O)N(C)C,-8.6,ChEMBL,2862
C=CC(=O)Nc1nc2c(Cc3ccc(F)c(Cl)c3)ncnc2cc1OC,-8.6,ChEMBL,2863
N#C/C(=C\c1cc(O)c(O)c(CSc2nc3ccccc3s2)c1)C(N)=O,-8.6,ChEMBL,2864
CN(C(=O)N(CCCl)N=O)c1ccc2ncnc(Nc3cccc(Br)c3)c2c1,-8.6,ChEMBL,2865
Brc1cccc(Nc2ncnc3cnc(NCCc4c[nH]cn4)cc23)c1,-8.6,ChEMBL,2866
CC(=O)N1N=C(c2ccc(Cl)c(Cl)c2)CC1c1ccc(F)cc1,-8.6,ChEMBL,2867
CNC/C=C/C(=O)Nc1cc2c(Nc3ccc(F)c(Cl)c3)c(C#N)cnc2cc1OCCF,-8.6,ChEMBL,2868
COc1cc(/C=C(\C#N)C(N)=O)cc(CSc2nc3ccccc3[nH]2)c1O,-8.6,ChEMBL,2869
C=CC(=O)Nc1cc2c(Cc3ccc(F)c(Cl)c3)ncnc2cc1OCCCN1CCOCC1,-8.6,ChEMBL,2870
CO[C@H](C)c1c(O)cc2c(c1O)C(=O)c1c(O)cc(O)cc1C2=O,-8.6,ChEMBL,2871
CO[C@H](C)c1c(O)cc2c(c1O)C(=O)c1c(cc(O)c(O)c1O)C2=O,-8.6,ChEMBL,2872
[C@H](c1cc(F)cc(F)c1)[NH+](C)[C@@H]1CS(=O)(=O)c2ccccc21,-8.6,AIEMG,2873
CCOC(=O)/C=C/C(=O)Nc1cc2c(Nc3cccc(Br)c3)ncnc2cn1,-8.6,ChEMBL,2874
N#CCCCCn1nc(-c2ccc(F)c(O)c2)c2c(N)ncnc21,-8.6,ChEMBL,2875
Cc1ncc([N+](=O)[O-])n1CCOC(=O)/C=C/c1ccc(-c2ccccc2)cc1,-8.6,ChEMBL,2876
Cc1c(C(=O)N[C@@H](C)CS(=O)(=O)c2cc(Cl)ccc2OC(F)F)sc2ccccc12,-8.6,AIEMG,2877
Brc1cccc(Nc2ncnc3ccc4cc[nH]c4c23)c1,-8.6,ChEMBL,2878
Nc1ncnc2c1c(-c1ccc(O)cc1)cn2C1CCNC1,-8.6,ChEMBL,2879
C=CC(=O)Nc1cc2c(Nc3ccc(F)c(Br)c3)ncnc2cn1,-8.6,ChEMBL,2880
CO/N=C/c1c(N)ncnc1Nc1ccc2c(cnn2Cc2cccc(F)c2)c1,-8.6,ChEMBL,2881
COC[C@H]1CCCN1C/C=C/C(=O)Nc1ccc2ncnc(Nc3cccc(Br)c3)c2c1,-8.6,ChEMBL,2882
C/N=N/Nc1ccc2ncnc(NCc3ccccc3)c2c1,-8.6,ChEMBL,2883
Cc1ccc(-c2n[nH]c3ncnc(N)c23)cc1O,-8.6,ChEMBL,2884
[C@](C#C[C@@H](C[NH3+])N1CCN(C(=O)C2CCCCC2)CC1)[C@H]1CCOC2(CCCC2)C1,-8.6,AIEMG,2885
CC(C)n1nc(-c2ccc(NS(C)(=O)=O)cc2)c2c(N)ncnc21,-8.6,ChEMBL,2886
[C@](Cc1ccc(F)cc1)NC(=O)Nc1ccc2[nH]ncc2c1,-8.6,AIEMG,2887
CN(C(=O)N(CCCl)N=O)c1ccc2ncnc(Nc3cccc(Cl)c3)c2c1,-8.6,ChEMBL,2888
CCOc1cc2ncnc(C#Cc3nccn3-c3ccccc3)c2cc1OCC,-8.6,ChEMBL,2889
Cn1cnc2cc3c(Nc4cccc(Br)c4)ncnc3cc21,-8.6,ChEMBL,2890
[C@]1(C(C)C)C[C@H]1C(=O)N1CCN(c2ncnc3c2cnn3-c2ccccc2)CC1,-8.6,AIEMG,2891
N#Cc1cnc2cc3c(cc2c1Nc1cccc(Br)c1)OCCCO3,-8.6,ChEMBL,2892
C=CC(=O)C(C)c1cc2c(Nc3cccc(Br)c3)ncnc2cn1,-8.6,ChEMBL,2893
COc1ccc(/C=C/c2cnc3cc(OC)c(OC)cc3c2)cc1,-8.6,ChEMBL,2894
C#Cc1ccc2ncnc(Nc3ccc(F)c(Cl)c3)c2c1,-8.6,ChEMBL,2895
Brc1cccc(Nc2ncnc3cc4nccnc4cc23)c1,-8.6,ChEMBL,2896
O=S(=O)(O)CCNc1cc2ncnc(Nc3cccc(Br)c3)c2cn1,-8.6,ChEMBL,2897
[C@H]1C(=O)c2ccccc2C(=O)N1c1ncccn1,-8.6,AIEMG,2898
COc1ccc(-c2nn(C3CCCC3)c3ncnc(N)c23)cc1OC,-8.6,ChEMBL,2899
ClCc1ccc(N2CCC[C@H](OC(=O)Cc3ccc(F)cc3Cl)C2)cc1,-8.6,AIEMG,2900
C=CC(=O)C(CCCN1CCOCC1)c1cc2c(Nc3cccc(Br)c3)ncnc2cn1,-8.6,ChEMBL,2901
Clc1cc(CCNC(=O)[C@@H]2CC(Br)=C3C=CC=C[C@@H]23)ccc1O[C@H](C#N)C(=O)[O-],-8.6,AIEMG,2902
C/C=C/C(=O)Nc1ccc2ncnc(Nc3cccc(Br)c3)c2c1,-8.6,ChEMBL,2903
Nc1ncnc(Nc2ccc(OCc3ccccc3)c(Cl)c2)c1C(=O)OCCN1CCOCC1,-8.6,ChEMBL,2904
C=CC(=O)N(CCCN1CCOCC1)c1cc2c(Nc3cccc(Br)c3)ncnc2cn1,-8.6,ChEMBL,2905
[N+]1=Cc2sccc2CN1CC(=O)N1CCN(Cc2nc3ccccc3s2)CC1,-8.6,AIEMG,2906
C#Cc1cccc(Nc2ncnn3ccc(COC[C@@H]4CNCCO4)c23)c1,-8.6,ChEMBL,2907
COc1cc2c(cc1OC)Oc1ncnc(Nc3cccc(Br)c3)c1NC2,-8.6,ChEMBL,2908
Nc1ncnc2c1c(-c1ccccc1)cn2C1CCC1,-8.6,ChEMBL,2909
COc1ccc(Nc2ncnc3cccc(OC4CCN(C)CC4)c23)cc1Cl,-8.6,ChEMBL,2910
COC[C@@H](Nc1ncnc2[nH]c(-c3ccc(CO)cc3OC)cc12)c1ccccc1,-8.6,ChEMBL,2911
COc1cc2c(cc1OC)Nc1ncnc(NCc3ccccc3)c1NC2,-8.6,ChEMBL,2912
Nc1ccc2c(Nc3cccc(C(F)(F)F)c3)ncnc2c1,-8.6,ChEMBL,2913
C=CC(=O)Nc1ccc2ncc(C#N)c(Nc3cccc(Br)c3)c2c1,-8.6,ChEMBL,2914
Nc1cc2ncnc(NCc3ccc(Br)cc3)c2cn1,-8.6,ChEMBL,2915
CN(C)CCCNC(=O)/C=C/C(=O)Cc1ccc2ncnc(Nc3cccc(Br)c3)c2c1,-8.6,ChEMBL,2916
CO/N=C/c1c(N)ncnc1Nc1ccc2c(c1)CCN2Cc1cccc(F)c1,-8.6,ChEMBL,2917
Fc1cccc(C(F)(F)CO[C@H](C2=CCCCC2)N2CCOCC2)n1,-8.6,AIEMG,2918
Fc1ccc(-c2cccc(-n3ccnc3OCCN3CCOCC3)c2)cc1,-8.6,AIEMG,2919
[C@H]Oc1ccccc1CC(=O)N1CCC(C(=O)NN[C@@H]2CC[NH+](C)C2)CC1,-8.6,AIEMG,2920
[C@@](C#Cc1ccc(C(=O)NN)nn1)c1ccc(N2CCCCC2)cc1,-8.6,AIEMG,2921
[C@](C#N)([C@@H]([NH3+])Cc1nc2ncccc2cc1OCC(N)=O)c1ccccc1,-8.6,AIEMG,2922
[C@@]1(C(=O)NNc2cccc(Cl)c2)CC[C@H](O)[C@@H]1Oc1ccc(OC(C)C)cc1,-8.6,AIEMG,2923
[C@@](O)(Cc1ccccc1)C(=O)N[C@@H]1CCCO[C@H]1c1ccc([N+](=O)[O-])cc1,-8.6,AIEMG,2924
FC(F)(F)c1cc(/C=N/n2cnnc2)ccc1OC(=O)c1ccccc1F,-8.6,AIEMG,2925
[N+]n1c(=O)oc2cc(NC(=O)c3cc([N+](=O)[O-])ccc3Cl)ccc12,-8.6,AIEMG,2926
[N+]=C/C=C/c1ccc(S(=O)(=O)[N-]c2ccc(Cl)cc2)cc1CN1C(=O)CCCS1,-8.6,AIEMG,2927
S=C1C[C@@]2(CCCN(Cc3cccnc3)O2)CCN1Cc1ccc(Cl)cc1,-8.6,AIEMG,2928
FC(F)(F)c1nnc(Sc2ccccc2F)n1-c1cccc([N+](=O)[O-])c1,-8.6,AIEMG,2929
Nc1ncnc2c1c(-c1ccc(O)cc1)cn2C1CCC1,-8.6,ChEMBL,2930
COc1cc2c(Nc3ccc(C#N)cc3F)ncnc2cc1OC/C=C/CN1CCCC1,-8.6,ChEMBL,2931
Nc1ncnc2c1c(-c1ccccc1)cn2C1CCNC1,-8.6,ChEMBL,2932
CO/N=C/c1c(N)ncnc1Nc1ccc2c(cnn2Cc2cccc(OC)c2)c1,-8.6,ChEMBL,2933
COc1cc(/C=C(\C#N)C(N)=O)cc(CSc2nc3ccccc3s2)c1O,-8.6,ChEMBL,2934
CC(C)n1nc(-c2cccc(C#N)c2)c2c(N)ncnc21,-8.6,ChEMBL,2935
[C@@](CNC(=O)Cc1ccc(Br)cc1)C(=O)N1CCN(c2ccccc2)CC1,-8.6,AIEMG,2936
CC(=O)/C=C/C(=O)Cc1ccc2ncnc(Nc3cccc(Br)c3)c2c1,-8.6,ChEMBL,2937
Clc1cccc(Nc2ncnc3[nH]c4c(c23)CCCC4)c1,-8.6,ChEMBL,2938
CCN(CC)CC#CC(=O)Nc1ccc2ncnc(Nc3ccc(F)c(Cl)c3)c2c1,-8.6,ChEMBL,2939
Brc1cccc(Nc2ncnc3c2oc2ccccc23)c1,-8.6,ChEMBL,2940
CC(=O)Nc1ccc2c(c1)C(c1ccccc1Cl)=Nc1c[nH]nc1N2,-8.6,ChEMBL,2941
Nc1cc2ncnc(Nc3cccc(O)c3)c2cn1,-8.6,ChEMBL,2942
O=S(=O)(CO)Nc1cc2c(Nc3cccc(Br)c3)ncnc2cn1,-8.6,ChEMBL,2943
O=C(CCl)Nc1ccc2ncnc(Nc3cc(Cl)c(Cl)cc3F)c2c1,-8.6,ChEMBL,2944
[C@]1(C(=O)N2CCN(c3ccc([N+](=O)[O-])cn3)CC2)CC(=O)N(c2ccccc2)C1=O,-8.6,AIEMG,2945
[C@@]1(CCc2ccccc2)CCCC(=O)N1c1ccccc1,-8.6,AIEMG,2946
Cc1cccc(Cl)c1NC(=O)c1cnc(NC(=O)C2CC2)s1,-8.6,ChEMBL,2947
CN1CCN(CCC(=O)Nc2ccc3c(C#N)cnc(Nc4cccc(Br)c4)c3c2)CC1,-8.6,ChEMBL,2948
Cc1cccc(Nc2ncnc3ccc(NC(=O)N(C)CCCl)cc23)c1,-8.6,ChEMBL,2949
CO/N=C/c1c(N)ncnc1Nc1ccc2c(cnn2Cc2ccc(F)cc2)c1,-8.6,ChEMBL,2950
COc1cc2ncnc(Nc3cc(Cl)c(Cl)cc3F)c2cc1OC,-8.6,ChEMBL,2951
O=c1c(-c2cccc(Cl)c2)coc2cc(O)ccc12,-8.6,ChEMBL,2952
COc1ccc(Nc2ncc3cc(-c4c(Cl)cccc4Cl)c(=O)n(C)c3n2)cn1,-8.6,ChEMBL,2953
Cc1ncnc(Nc2ccc(OCc3cccc(F)c3)c(Cl)c2)c1C#CCCN1CCOCC1,-8.6,ChEMBL,2954
[C@H]1CCCN(C(=O)NCc2ccccc2C(=O)Nc2nccs2)C1,-8.6,AIEMG,2955
CC[C@@H](Nc1ncnc2sc3c(c12)CCN(C(=O)/C=C/CN(C)C)C3)c1ccccc1,-8.6,ChEMBL,2956
COc1nccc(-c2c(-c3ccc(F)cc3)ncn2[C@H]2CC[C@H](O)CC2)n1,-8.6,ChEMBL,2957
[C@@H]S/C(=N\NC(=O)Cc1c[nH]c2ccccc12)[C@H](C)C/C=C/c1cccc(Br)c1,-8.6,AIEMG,2958
Brc1cccc(Nc2ncnc3cc4[nH]nnc4cc23)c1,-8.6,ChEMBL,2959
COc1ccc(CNc2ccnc3oc4ccccc4c23)cc1,-8.6,ChEMBL,2960
C[C@H](NC(=O)[C@H](C)NC(=O)c1ccc(S(=O)(=O)Oc2ccc(/C=C/[N+](=O)[O-])cc2)cc1)C(=O)O,-8.6,ChEMBL,2961
CC(C)N(CC#CC(=O)Nc1cc2c(Nc3ccc(F)c(Cl)c3)ncnc2cn1)C(C)C,-8.6,ChEMBL,2962
CCCCC#CC(=O)Nc1cc2c(Nc3ccc(F)c(Cl)c3)ncnc2cn1,-8.6,ChEMBL,2963
O=[N+]([O-])c1ccc2c(Nc3ccccc3)ncnc2c1,-8.6,ChEMBL,2964
C=CC(=O)Nc1ccc2ncnc(Nc3ccc(OCCN(C)C)c(Br)c3)c2c1,-8.6,ChEMBL,2965
C[C@@H](CN)n1nc(-c2ccc(F)c(O)c2)c2c(N)ncnc21,-8.6,ChEMBL,2966
C=CC(=O)Nc1ccc2ncnc(Cc3ccc(F)c(Cl)c3)c2n1,-8.6,ChEMBL,2967
[C@](O)(CC(=O)N1CCC[C@@H](C)C1)C(=O)Nc1ccc2c(c1)NC(=O)C=C2,-8.6,AIEMG,2968
[P@@]CCc1cccc(C(=O)N2CCC(OCc3ccc(F)cc3)CC2)c1,-8.6,AIEMG,2969
[C@H]Oc1ccccc1NC(=O)C(=O)[C@@H]1CC(=O)N(c2cccc(OCCO)c2)C1,-8.6,AIEMG,2970
[C@](O)(CNc1cc(C(=O)c2ccccc2)[nH]n1)c1cccc(F)c1,-8.6,AIEMG,2971
[C@]1(O)C[C@H](c2ccccc2)[C@H]2C(=O)N(Cc3ccc(C(C)(C)C)cc3)CCN21,-8.6,AIEMG,2972
[C@H](C(=O)c1ccc(C(N)=O)cc1)c1c[nH]c2ccccc12,-8.6,AIEMG,2973
[C@]1(c2ccco2)N(Cc2ccccc2F)CN1C(=O)[C@@H]1CN(Cc2ccco2)CC1=O,-8.6,AIEMG,2974
[C@]1(c2ccco2)NC(=O)[C@H]1CC(=O)Nc1cc(F)ccc1F,-8.6,AIEMG,2975
[N+]c1ccc(Br)cc1Oc1ccc(NC(=O)C2CCCCC2)cc1,-8.6,AIEMG,2976
[C@H]1c2ccccc2C(=O)N1CCCNC(=O)c1ccc(F)cc1,-8.6,AIEMG,2977
[C@H]Oc1ccc(-c2noc(CNc3ccc[nH]c3=O)n2)cc1OC[C@H]1CCCO1,-8.6,AIEMG,2978
[C@H]1CN(C(=O)[C@H]2CCCCN2Cc2ccc(Cl)cc2)CCC1(C)C,-8.6,AIEMG,2979
[C@@](C#Cc1ccc(C(=O)N(C)Cc2ccc(-n3cncn3)cc2)cc1)c1cnn(C)c1,-8.6,AIEMG,2980
[NH2+]=C(Sc1noc(-c2ccccc2F)n1)Nc1cccc(Cl)c1,-8.6,AIEMG,2981
c1ccc(N2CCCC2)[nH+]c1[N-]S(=O)(=O)c1ccc2c(c1)OCO2,-8.6,AIEMG,2982
[N+]c1ccc(/C=C/C[NH+]2C[C@@H](O)C[C@H](c3ccccc3)N2)cc1Cl,-8.6,AIEMG,2983
[C@@][C@@H](SCC(=O)N1CCN(c2ccccc2)CC1)C(=O)NC(=O)NCc1ccccc1,-8.6,AIEMG,2984
[C@](O)(Cn1cc([N+](=O)[O-])ccc1=O)c1ccc(Oc2ncccc2OC(F)F)cc1,-8.6,AIEMG,2985
[N+]1=CC[C@H](c2ccccc2F)CN1Cc1ccccc1,-8.6,AIEMG,2986
N#C/C(=C\C1=CCCCC1)Nc1cc(-c2cccnc2)ccc1O,-8.6,AIEMG,2987
[C@]1(c2ccccc2)NC(=O)N(CC(=O)NCc2cc(C#N)ccc2F)C1=O,-8.6,AIEMG,2988
FN(C(F)(F)F)c1nc(CN2CCN(C(=O)c3ccc(F)cc3)CC2)ncn1,-8.6,AIEMG,2989
[C@H](c1ccccc1F)[C@H]1CCCN1C(=O)CCc1cc[nH+]c(Cl)c1,-8.6,AIEMG,2990
Fc1ccccc1CNC(=O)[C@@H]1CC(=O)N(c2ccc(Br)cc2)C1,-8.6,AIEMG,2991
[C@@][C@@H]1CN(Cc2ccco2)C[C@@H](C(=O)Nc2ccccc2F)C1,-8.6,AIEMG,2992
FC(F)(F)c1ccc(-c2n[nH]c(SCc3nc(-c4ccncc4)no3)n2)cc1,-8.6,AIEMG,2993
[C@](C#Cc1ccc(C(F)(F)F)cc1)Cc1ccc(NC2CCOCC2)cc1,-8.6,AIEMG,2994
[C@H](C(=O)NCc1ccc(F)cc1)C1(Cc2ccccc2)CCC1,-8.6,AIEMG,2995
[C@@H][N+]=C(\C)N1CCN(C(=O)NC[C@@H](C)c2nc(-c3ccccc3)no2)CC1,-8.6,AIEMG,2996
[C@](C#Cc1c(Cl)ccc2oncc12)NCn1cnc2ccc([N+](=O)[O-])cc21,-8.6,AIEMG,2997
Clc1ccc2c(c1)CCN(CC(=O)N1CCC([NH+]3CCCC3)CC1)C2,-8.6,AIEMG,2998
[N+]=C(C(=O)c1cccc(F)c1)N[C@@H]1C[C@H]1c1cccc(Cl)c1,-8.6,AIEMG,2999
[N+]c1ccc(-c2nn(Cc3ccccc3)c(=O)[nH]c2=O)cc1F,-8.6,AIEMG,3000
Fc1ccccc1-c1cc(/C=C/c2ccc(S(=O)(=O)[O-])cc2)on1,-8.6,AIEMG,3001
[C@@]1(c2cccc(F)c2)NN(C(=O)c2oc3ccccc3c2C#N)C1,-8.6,AIEMG,3002
[N+]=Cc1ccccc1NC(=O)COc1cccc2ccccc12,-8.6,AIEMG,3003
CCOc1cc(/C=C2/CCNC2=O)cc(CSc2ccccc2)c1O,-8.6,ChEMBL,3004
FC(F)Oc1ccc(S(=O)(=O)N2CCO[C@@H](c3ccccc3)C2)cc1,-8.6,AIEMG,3005
[C@]1(CCC(=O)NC[C@@H](C#N)c2ccc(F)cc2)CCCN1Cc1ccccc1,-8.6,AIEMG,3006
[C@]Oc1ccc([C@H]2NC(=O)c3cc(NC(=O)c4cccnc4)ccc3N2)cc1OC,-8.6,AIEMG,3007
O[C@H]1C[C@@H](c2ccccc2)O[C@@H]1C(=O)Nc1ccc2c(c1)OCCO2,-8.6,AIEMG,3008
[C@H]Oc1ccc2ccc(C(=O)C(=O)N[C@H]3CCN(CC(F)(F)F)C3)cc2c1,-8.6,AIEMG,3009
[C@@][C@@H]1[C@@H](C(=O)NCc2ccccc2)O[C@@H]1n1nc(C2CC2)n(C2C[C@@H]2C)c1=O,-8.6,AIEMG,3010
[C@]1(CCc2ccccc2)NC(=O)[C@@]12CCN(C(=O)CCCNCc1cccc(F)c1)C2,-8.6,AIEMG,3011
c1cc2c(cc1CN1CCC[C@H](c3n[nH]cc3C(F)(F)F)C1)n2C,-8.6,AIEMG,3012
[P@@]1C[C@@H](c2ccc(-c3ccc(OC(F)F)cc3)cc2)C(=O)N1C1CCCCC1,-8.6,AIEMG,3013
[N+]1=C2CCC[C@@H]2[C@H]1C(=O)NCc1ccc(OCc2ccccc2)cc1,-8.6,AIEMG,3014
[C@@]Oc1ccc(CC(=O)N(C)[C@H]2CCc3ccccc3C2)cc1SC,-8.6,AIEMG,3015
n1nc(-c2ccco2)nc(c2cnc(-c3ccc(Cl)cc3)n2N)n1,-8.6,AIEMG,3016
[C@H]Oc1cc(C)ccc1NC(=O)C(=O)NCC1(CC2CCCC2)CCCCC1,-8.6,AIEMG,3017
Clc1cccc(-c2cnc(SCc3ccc(-n4cncn4)cn3)[nH]c2=O)c1,-8.6,AIEMG,3018
[C@]O[C@H](C)c1ccc(C(=O)N2CCC(Cc3ccccc3)CC2)cc1,-8.6,AIEMG,3019
[C@](C#CNC[C@H]1CCCN(C(=O)c2ccc(Cl)cc2)C1)c1cnnn1C1CC1,-8.6,AIEMG,3020
[N+]([O-])c1cc(C[NH+]2CC[C@H](Oc3cccc(C(F)(F)F)c3)C3=CCC[C@@H]32)c[nH]1,-8.6,AIEMG,3021
[N+]c1cccc2c1CN(Cc1cc(F)ccc1F)CC2,-8.6,AIEMG,3022
CCN1CCN(CC#CC(=O)Nc2ccc3ncnc(Nc4cccc(Br)c4)c3c2)CC1,-8.6,ChEMBL,3023
COc1cc2ncnc(Nc3ccc(F)c(Cl)c3)c2cc1OCCCCCC(=O)NO,-8.6,ChEMBL,3024
[C@H]O/N=C1\S/C(=C\c2ccccc2)C1C(=O)Nc1ccc(OC(F)(F)F)cc1,-8.6,AIEMG,3025
CCN1C(=O)CS/C1=N/Nc1nncc2ccccc12,-8.6,ChEMBL,3026
COc1ccccc1C(Cc1coc2nc(N)nc(N)c12)C1CC1,-8.6,ChEMBL,3027
O=C(C#CCN1CCOCC1)Nc1ccc2ncnc(Nc3cccc(Br)c3)c2c1,-8.6,ChEMBL,3028
C=CC(=O)Nc1ccc2ncnc(Nc3cccc(Cl)c3)c2c1,-8.6,ChEMBL,3029
Cc1cccc(Nc2ncnc3ccncc23)c1NCCCN1CCOCC1,-8.6,ChEMBL,3030
COCc1ccn2ncnc(Nc3ccc4c(cnn4Cc4cccc(F)c4)c3)c12,-8.6,ChEMBL,3031
[C@@](O)(c1ccccc1)NC(=O)CCNC(=O)c1cccc(C#N)c1,-8.6,AIEMG,3032
CC(C)n1nc(-c2ccc3nccnc3c2)c2c(N)ncnc21,-8.6,ChEMBL,3033
O=C(O)CCCNc1cc2ncnc(Nc3cccc(Br)c3)c2cn1,-8.6,ChEMBL,3034
CCOc1cc(/C=C(\C#N)C(N)=O)cc(CSc2ccc(C)cc2)c1O,-8.6,ChEMBL,3035
COCCOCc1ccn2ncnc(Nc3ccc4c(cnn4Cc4cccc(F)c4)c3)c12,-8.6,ChEMBL,3036
COc1cc2ncnc(Nc3ccc(F)c(Cl)c3)c2cc1OCCCC(=O)NO,-8.6,ChEMBL,3037
NS(=O)(=O)c1ccc(Nc2nc(N3CCOCC3)nc3[nH]cnc23)cc1,-8.6,ChEMBL,3038
[N+]c1ccc(-c2nnc(-c3ccccc3Cn3cc[nH+]c3C(C)(C)C)s2)cc1,-8.6,AIEMG,3039
Brc1cccc(Nc2ncnc3[nH]c4c(c23)CCCC4)c1,-8.6,ChEMBL,3040
Cc1[nH]c(/C=C2\C(=O)Nc3ccc(S(N)(=O)=O)cc32)c(C)c1CCC(=O)O,-8.6,ChEMBL,3041
COc1cc(NC(=O)/C=C/CN(C)C)cc2c(Nc3cccc(Br)c3)c(C#N)cnc12,-8.6,ChEMBL,3042
COc1cc2c(N[C@@H]3C[C@H]3c3ccccc3)c(C#N)cnc2cc1OCCCN1CCOCC1,-8.6,ChEMBL,3043
COc1ccc(-c2nn(C3CNC3)c3ncnc(N)c23)cc1O,-8.6,ChEMBL,3044
CCOc1cc2ncnc(Nc3cccc(-c4cncnc4)c3)c2cc1OCC,-8.6,ChEMBL,3045
[C@](O)(c1ccccc1Br)C1CCN(C(=O)c2ccccc2)CC1,-8.6,AIEMG,3046
CO/N=C/c1c(N)ncnc1Nc1ccc2c(cnn2Cc2cccc(Cl)c2)c1,-8.6,ChEMBL,3047
FC(F)(F)c1cc(N2CCOCC2)nc(-c2cccc(Cl)c2)n1,-8.6,AIEMG,3048
NCCOCc1ccn2ncnc(Nc3ccc4c(cnn4Cc4cccc(F)c4)c3)c12,-8.6,ChEMBL,3049
COc1cc2ncnc(Nc3ccc(F)c(Cl)c3)c2cc1OCCNC(C)(C)C,-8.6,ChEMBL,3050
[C@]1(c2ccccc2Cl)NC(=O)N(Cc2ccccc2CC(C)(C)C)C1,-8.6,AIEMG,3051
[C@H]1C(=O)N2CCC[C@@](C(=O)Nc3ccccc3F)[C@@H]2C1,-8.6,AIEMG,3052
[C@@](c1c(F)cccc1Cl)N1CCC([NH+]2CCC[C@@H](C(=O)N[C@H]3CCOC3)C2)C1,-8.6,AIEMG,3053
[C@@][C@@H](Cc1ccc(Cl)cc1)C(=O)NC[C@@]1(O)COc2ccccc21,-8.6,AIEMG,3054
[C@](O)(CC(=O)NCc1nc2ccccc2[nH]c1=O)c1ccccc1,-8.6,AIEMG,3055
Fc1cn[nH]c1C(=O)N/N=C\C1=CCC[C@H](c2nc(C3CC3)no2)C1,-8.6,AIEMG,3056
[C@](O)(c1ccc(F)cc1)C1(C(=O)NCc2nc3ccccc3o2)CC1,-8.6,AIEMG,3057
[C@@](CNS(=O)(=O)c1cccc(Br)c1)c1ccc(-n2cccc2)nc1,-8.6,AIEMG,3058
[P@@]C1CC[NH+](Cc2ccc(OCc3ccc4nc[nH]c4c3)nc2)CC1,-8.6,AIEMG,3059
[C@@](C#C/C=C1/CS[C@H](c2ccc(F)cc2)NC1=O)c1cccnc1,-8.6,AIEMG,3060
[NH+](N/C([O-])=N/c1nnnn1-c1ccccc1)c1cc(F)cc(Br)c1,-8.6,AIEMG,3061
FC(F)(F)c1cccc(-c2cc(Br)ccc2OCc2ccco2)c1,-8.6,AIEMG,3062
[C@H]Oc1ccc(NC(=O)c2cnc(C(=O)Nc3cc4c(cc3F)SCCC4)cc2)cc1OC,-8.6,AIEMG,3063
[C@@]1(C(=O)Nc2ccccc2)[C@@H](c2cccc(F)c2)N[C@H]1[NH3+],-8.6,AIEMG,3064
c1ccc(-c2nc3nc[nH]c3cc2[N-]C2CCCCC2)cc1,-8.6,AIEMG,3065
Fc1cccnc1CN1CCN(C(=O)Nc2cc([N+](=O)[O-])ccc2F)CC1,-8.6,AIEMG,3066
[C@@](C#Cc1nc(C2CC2)nn1CC(=O)N1CCCCC1)c1ccc2nncn2c1,-8.6,AIEMG,3067
[C@@](C#Cc1ccccc1OCC(F)(F)F)c1cc2ccccc2n1C,-8.6,AIEMG,3068
COc1cc2ncc(C#N)c(Nc3cccc(Br)c3)c2cc1NC(=O)C#CCN(C)C,-8.6,ChEMBL,3069
CCOc1cc2ncnc(NC3=CC(=O)C(OC)=CC3=O)c2cc1NC(=O)/C=C/CN(C)C,-8.6,ChEMBL,3070
COc1cc2ncnc(NCc3ccccc3)c2cc1OCCCCCCC(=O)NO,-8.6,ChEMBL,3071
COc1ccc(-c2nn(C)c3ncnc(N)c23)cc1O,-8.6,ChEMBL,3072
Brc1cccc(Nc2[nH]cnc3nc4ccccc4c2-3)c1,-8.6,ChEMBL,3073
Clc1ccc2c(c1)CCC[C@@H]2[NH2+]Cc1cc(F)cc(Br)c1,-8.6,AIEMG,3074
[N+]=Cc1cc(Nc2ccc(F)cc2)sc1-c1cccc(Cl)c1,-8.6,AIEMG,3075
COc1cc2ncnc(Nc3ccc(F)c(Cl)c3)c2cc1OCCN1CC(O)C1,-8.599,ChEMBL,3076
O=C1CSC(N2N=C(c3ccccc3)CC2c2ccc(Cl)cc2)=N1,-8.599,ChEMBL,3077
Clc1nc2ccccc2c2nnc(/N=C/c3ccco3)n12,-8.598,ChEMBL,3078
NC(=O)Nc1cc(-c2cccc(F)c2)sc1C(=O)N[C@H]1CCCNC1,-8.597,ChEMBL,3079
COCCNC(=O)Nc1cc2c(Nc3ccc(F)c(Cl)c3)ncnc2cc1O[C@H]1CCOC1,-8.596,ChEMBL,3080
COc1cc(N2CCN(C)CC2)ccc1Nc1ncc(Cl)c(Oc2ccccc2NC(=O)CO)n1,-8.596,ChEMBL,3081
NC(=O)Nc1ccc2ncnc(Nc3ccc(Cl)cc3)c2c1,-8.596,ChEMBL,3082
COc1cccc(CNc2ccnc3[nH]c4ccc(N)cc4c23)c1,-8.594,ChEMBL,3083
C=CC(=O)Nc1cccc(NC(=O)Nc2ccnc(Nc3ccc(N(C)C)cc3)n2)c1,-8.593,ChEMBL,3084
C/C=C/C(=O)Nc1cc2c(Nc3ccc(F)c(Cl)c3)ncnc2cc1OCCCN1CCOCC1,-8.591,ChEMBL,3085
CCOc1cc2ncnc(Nc3ccc(F)c(Cl)c3)c2cc1NC(=O)/C=C/CNC1CC1,-8.591,ChEMBL,3086
Brc1cccc(Nc2ncnc3cc4c(cc23)OCCO4)c1,-8.591,ChEMBL,3087
O=S(=O)(c1ccc(/N=C/c2cc(Br)ccc2O)cc1)N1CCCCC1,-8.591,ChEMBL,3088
O=C(CCN1CCCCC1)Nc1ccc2ncnc(Nc3cccc(Br)c3)c2c1,-8.591,ChEMBL,3089
C=CC(=O)N1CCC(Oc2nc(Nc3ccc(N4CCN(CCO)CC4)cc3)ncc2Cl)CC1,-8.591,ChEMBL,3090
C=CC(=O)Nc1cccc(-c2c[nH]c3nccc(-c4[nH]c(CCCO)nc4C4CC4)c23)c1,-8.59,ChEMBL,3091
C=CC(=O)Nc1cccc(Oc2nc(Nc3ccc(OC)cc3OC)ncc2Cl)c1,-8.585,ChEMBL,3092
COc1ccccc1-c1cc2c(NCc3ccncc3)ncnc2s1,-8.585,ChEMBL,3093
Cc1nc(C)c(/C=C2\CN(C)C/C(=C\c3nc(C)c(C)nc3C)C2=NO)nc1C,-8.583,ChEMBL,3094
C/C(=N\Nc1ncc(Cl)c(Nc2cccc(NC(=O)/C=C/CN(C)C)c2)n1)c1cccnc1,-8.581,ChEMBL,3095
C=CC(=O)N[C@@H]1CN(c2nc(Nc3cn(C)nc3CC)c3ncn(C(C)C)c3n2)C[C@H]1F,-8.58,ChEMBL,3096
COCC1(OC)CCN(c2nccc(Nc3cc4c(cn3)nc(C)n4C(C)C)n2)CC1,-8.578,ChEMBL,3097
O=C(CN1CCN(CCO)CC1)Nc1cc2c(Nc3ccc(F)c(Cl)c3)ncnc2s1,-8.577,ChEMBL,3098
COc1cc2ncnc(NCc3ccc(F)c(F)c3)c2cc1OCCCCCCC(=O)NO,-8.575,ChEMBL,3099
CCOC(C)Oc1cc2ncnc(Nc3ccc(C)c([N+](=O)[O-])c3)c2c2c1OCCO2,-8.574,ChEMBL,3100
COc1ccc(NC(c2ccc(OC)cc2)n2c(=O)ccc3cc(O)ccc32)cc1,-8.574,ChEMBL,3101
O=C(Cc1csc2nc3ccccc3n12)Nc1cccc(O)c1,-8.573,ChEMBL,3102
Cn1c(-c2csc(N/N=C\c3ccccc3)n2)nc2ccccc21,-8.572,ChEMBL,3103
C=CC(=O)N[C@@H]1CCN(c2nc(Nc3cnn(C)c3)c3ncn(C(C)C)c3n2)C1,-8.571,ChEMBL,3104
CCOc1cc2ncnc(Nc3ccc(F)c(Cl)c3)c2cc1OC(=O)CSc1nccn1C,-8.571,ChEMBL,3105
O=C1Nc2ccccc2/C1=C/c1ccc(-c2cccs2)s1,-8.569,ChEMBL,3106
COc1cc(/C=C2\CCC/C(=C\c3ccc(S(C)(=O)=O)cc3)C2=O)cc(OC)c1,-8.565,ChEMBL,3107
CCOc1cc2ncc(C#N)c(Nc3ccc(F)c(Cl)c3)c2cc1NC(=O)CCN(C)C,-8.564,ChEMBL,3108
COc1cc2ncnc(Nc3ccc(F)c(Cl)c3)c2cc1OCCCN1CC(O)C1,-8.561,ChEMBL,3109
C=CC(=O)N1C[C@@H](COc2nc(Nc3cnn(C)c3)nc3[nH]cc(Cl)c23)[C@H](OC)C1,-8.56,ChEMBL,3110
OC1CCN(c2ncnc3[nH]cc(-c4ccccc4)c23)CC1,-8.557,ChEMBL,3111
C=CC(=O)N(c1ccc(F)c(F)c1)c1ncnc2cc(OC)c(OCCCN3CCOCC3)cc12,-8.555,ChEMBL,3112
COCCOc1cc2ncnc(Nc3ccc(F)c(Cl)c3)c2cc1NC(=O)/C=C/[C@H]1CCCN1C,-8.554,ChEMBL,3113
COc1ccc(Nc2ncc3ncc(=O)n(-c4cccc(NC(=O)/C=C/CN(C)C)c4)c3n2)cc1,-8.553,ChEMBL,3114
COc1ccc2c(c1)SCc1cnc(-c3ccccc3)nc1-2,-8.552,ChEMBL,3115
CN(C)CCNC(=O)Nc1cc2c(Nc3ccc(F)c(Cl)c3)ncnc2cc1O[C@H]1CCOC1,-8.552,ChEMBL,3116
COc1cccc2c1Nc1cc(Nc3ccncc3)ccc1C(=O)N2,-8.55,ChEMBL,3117
COc1ccc(C2CC(c3ccc(Br)cc3)=NN2C2=NC(=O)CS2)cc1,-8.547,ChEMBL,3118
COC1(CO)CCN(c2nccc(Nc3cc4c(cn3)nc(C)n4C(C)C)n2)CC1,-8.545,ChEMBL,3119
COc1cc(OC)c2c(=O)n(-c3ccc(F)c(Cl)c3)ccc2c1,-8.544,ChEMBL,3120
COc1cc2ncnc(NCCc3ccccc3)c2cc1OCCCCCCC(=O)NO,-8.542,ChEMBL,3121
C#Cc1cccc(Oc2ncnc3ccc(OCc4ccc(S(=O)(=O)N(C)C#C)cc4)cc23)c1,-8.542,ChEMBL,3122
O=C(Nc1ccccc1)Nc1nnc(-c2cccnc2)o1,-8.538,ChEMBL,3123
O=C1CSC(N2N=C(c3ccc(Cl)cc3)CC2c2ccc(F)cc2)=N1,-8.538,ChEMBL,3124
CCOc1cc2ncnc(Nc3ccc(C)c(Cl)c3)c2c2c1OCCO2,-8.538,ChEMBL,3125
COc1ccc2c(c1)CCCN2c1nc(C)nc2oc(C)cc12,-8.536,ChEMBL,3126
C=CC(=O)N1C[C@H](CO)[C@@H](COc2nc(Nc3cnn(C)c3)nc3[nH]cc(Cl)c23)C1,-8.536,ChEMBL,3127
Cn1cc(NC(=O)c2cccc(NS(=O)(=O)c3ccccc3)c2)cn1,-8.535,ChEMBL,3128
Cc1nc(Nc2cccc3[nH]ccc23)c2cc(C)oc2n1,-8.535,ChEMBL,3129
C=CC(=O)N1CCc2c(sc3ncnc(Nc4ccc(Br)c(C)c4)c23)C1,-8.533,ChEMBL,3130
COc1cc2ncnc(Nc3ccc(F)c(Cl)c3)c2cc1NC(=O)/C(F)=C/CN(C)C,-8.533,ChEMBL,3131
COc1ccc(OC)c(Sc2cccc3[nH]c4nc(N)nc(N)c4c23)c1,-8.532,ChEMBL,3132
C=CC(=O)Nc1cccc(Oc2nc(Nc3cnn(C)c3)nc3[nH]ccc23)c1,-8.532,ChEMBL,3133
C#Cc1cccc(Nc2ncnc3cc4oc(=O)n(CCCC(=O)OCC)c4cc23)c1,-8.532,ChEMBL,3134
Cc1ccc(C2=NN(C3=NC(=O)CS3)C(c3ccc(Cl)cc3)C2)cc1,-8.53,ChEMBL,3135
Cn1cc(NC(=O)c2cccc(NS(=O)(=O)c3ccc(Cl)cc3)c2)cn1,-8.529,ChEMBL,3136
COc1ccc(C2CC(c3ccc(C)cc3)=NN2C2=NC(=O)CS2)cc1,-8.526,ChEMBL,3137
CCOc1ccc(Nc2cc(NC(=O)c3ccccc3)ncn2)cc1,-8.525,ChEMBL,3138
Cc1nn(C)cc1C(=O)Nc1ccn(Cc2c(F)cccc2Cl)n1,-8.524,ChEMBL,3139
COc1cc(/C=C2\CCC/C(=C\c3ccc(O)cc3)C2=O)cc(OC)c1,-8.521,ChEMBL,3140
Fc1ccc(Nc2nncc3ccccc23)cc1,-8.521,ChEMBL,3141
COc1ccc(C2=NN(C3=NC(=O)CS3)C(c3ccc(C)cc3)C2)cc1,-8.521,ChEMBL,3142
C=CC(=O)Nc1cccc(-n2c(=O)cc(C)c3cnc(Nc4cnn(CCN(C)C)c4)nc32)c1,-8.518,ChEMBL,3143
N#CN1CCC[C@@H](n2nc(-c3ccc(Oc4ccc(Cl)cn4)cc3)c(C(N)=O)c2N)C1,-8.518,ChEMBL,3144
CCOc1cc2ncnc(Nc3ccc(F)c(Cl)c3)c2cc1NC(=O)CCN1CCOCC1,-8.516,ChEMBL,3145
NC(=S)N/N=C(/C=C/c1ccc(OCc2ccccc2)cc1)c1ccccc1,-8.515,ChEMBL,3146
COC1CCN(c2nccc(Nc3cc4c(cn3)c(N)nn4C(C)C)n2)CC1,-8.515,ChEMBL,3147
CN(C)C/C=C/C(=O)Nc1cc2c(Nc3ccc(F)c(Cl)c3)ncnc2cc1O[C@@H]1CCOC1,-8.514,ChEMBL,3148
COc1cccc2cc(N(C)c3nc(C)nc4ccccc34)ccc12,-8.511,ChEMBL,3149
NS(=O)(=O)c1ccc(Nc2nncc3ccccc23)cc1,-8.51,ChEMBL,3150
O=C1CSC(N2N=C(c3ccc(Br)cc3)CC2c2ccc(F)cc2)=N1,-8.506,ChEMBL,3151
CC(=O)c1ccc(NC(=O)c2cc3ccccc3[nH]2)cc1,-8.506,ChEMBL,3152
CCOc1ccccc1-c1cc2c(N[C@H](CCO)c3ccccc3)ncnc2[nH]1,-8.505,ChEMBL,3153
O=C(CCCCCC(=O)Nc1ccc(O)c(C(=O)Nc2cccc(F)c2)c1)NO,-8.505,ChEMBL,3154
C#Cc1cccc(Nc2ncnc3cc(O[C@H]4CCOC4)c(NC(=O)/C=C/CN(C)C)cc23)c1,-8.502,ChEMBL,3155
O=C(C#CCO)Nc1ccc2ncnc(Nc3ccc(F)c(Cl)c3)c2c1,-8.5,ChEMBL,3156
Nc1ccccc1Nc1ncnc2cc(Br)ncc12,-8.5,ChEMBL,3157
C=CC(=O)Nc1ccc2ncnc(Nc3cccc(Br)c3)c2n1,-8.5,ChEMBL,3158
COc1ccc2c(N[C@@H]3C[C@H]3c3ccccc3)c(C#N)cnc2c1,-8.5,ChEMBL,3159
C=CC(=O)Nc1ccc2ncnc(Cc3cccc(Br)c3)c2c1,-8.5,ChEMBL,3160
OCCN(CCO)CCNc1cc2ncnc(Nc3cccc(Br)c3)c2cn1,-8.5,ChEMBL,3161
CN(CC(=O)O)c1cc2c(Nc3cccc(Br)c3)ncnc2cn1,-8.5,ChEMBL,3162
CN(C)C/C=C/C(=O)Nc1ccc2ncnc(Nc3cc(Cl)c(Cl)cc3F)c2c1,-8.5,ChEMBL,3163
CN(C)c1cccc(Nc2ncnc3cc(N)ncc23)c1,-8.5,ChEMBL,3164
Brc1ccc2c(c1)CNc1c(Nc3ccccc3)ncnc1O2,-8.5,ChEMBL,3165
COc1cc2c(cc1OC)Oc1ncnc(Nc3ccc4ncsc4c3)c1NC2,-8.5,ChEMBL,3166
CN1CCN(CCCNc2c(Br)cccc2Nc2ncnc3ccncc23)CC1,-8.5,ChEMBL,3167
C#Cc1cccc(Nc2ncnc3c2NCc2cc(OC)c(OC)cc2O3)c1,-8.5,ChEMBL,3168
Nc1cccc(Nc2nccc(-c3cccnc3)n2)c1,-8.5,ChEMBL,3169
Cc1ccsc1C(=O)n1nc(Nc2ccc(S(N)(=O)=O)cc2)nc1N,-8.5,ChEMBL,3170
COc1cc2ncnc(NC3CCc4ccccc43)c2cc1OC,-8.5,ChEMBL,3171
COc1cc2ncc(C#N)c(N[C@@H]3C[C@H]3c3ccc(Cl)cc3)c2cc1OC,-8.5,ChEMBL,3172
COc1cc2ncnc(Nc3nnc4ccccc4n3)c2cc1OC,-8.5,ChEMBL,3173
COc1cccc(-c2cn(C3CC(CNCCO)C3)c3ncnc(N)c23)c1,-8.5,ChEMBL,3174
CN(C)CCn1cnc2cc3ncnc(Nc4cccc(Br)c4)c3cc21,-8.5,ChEMBL,3175
COc1cc(/C=C(\C#N)C(N)=O)cc(CSc2ccc(C)cc2)c1O,-8.5,ChEMBL,3176
C=C(C)C(=O)Nc1ccc2ncnc(Nc3cccc(Br)c3)c2c1,-8.5,ChEMBL,3177
C=CC(=O)Nc1cc2c(Cc3cccc(Br)c3)ncnc2cc1OCCCCN(C)C,-8.5,ChEMBL,3178
CCN(CC)CC#CC(=O)Nc1cc2c(Nc3ccc(F)c(Cl)c3)ncnc2cn1,-8.5,ChEMBL,3179
C=CC(=O)Nc1ccc2ncnc(Cc3cccc(C)c3)c2c1,-8.5,ChEMBL,3180
Cc1cccc(Nc2ncnc3ccncc23)c1NCCCn1ccnc1,-8.5,ChEMBL,3181
COc1cc(/C=C(\C#N)C(N)=O)cc(CSc2ccccc2NC(C)=O)c1O,-8.5,ChEMBL,3182
CN(C)C/C=C/C(=O)N1CCc2c(sc3ncnc(N[C@H](CO)Cc4ccccc4)c23)C1,-8.5,ChEMBL,3183
CCn1nc(-c2ccc(OC)c(O)c2)c2c(N)ncnc21,-8.5,ChEMBL,3184
COc1cc(-c2nn(C(C)C)c3ncnc(N)c23)ccc1O,-8.5,ChEMBL,3185
COc1cc2ncnc(Nc3ccc(F)c(Cl)c3)c2cc1NC(=O)CCCCCCC(=O)NO,-8.5,ChEMBL,3186
Nc1cc2ncnc(NCc3ccccc3)c2cn1,-8.5,ChEMBL,3187
COc1cc2ncc(C#N)c(Nc3ccc(C)c(Cl)c3)c2cc1OC,-8.5,ChEMBL,3188
O=C(O)c1cc(CCc2cc(O)ccc2O)ccc1O,-8.5,ChEMBL,3189
Brc1cccc(Nc2ncnc3cnc(NCCc4c[nH]cn4)nc23)c1,-8.5,ChEMBL,3190
c1nc(Nc2ccc3[nH]ccc3c2)c2sccc2n1,-8.5,ChEMBL,3191
CC(=O)c1ccc(-c2nn(C(C)C)c3ncnc(N)c23)cc1,-8.5,ChEMBL,3192
C#CCCCOc1cc2c(Nc3ccc(F)c(Cl)c3)ncnc2cc1OC,-8.5,ChEMBL,3193
COC(=O)c1ccc(-c2ccc(-c3ccccc3)cc2O)cc1,-8.5,ChEMBL,3194
COc1cc(Nc2ncnc3[nH]cnc23)ccc1-c1nc2ccccc2s1,-8.5,ChEMBL,3195
C=CC(=O)Nc1ccc2nccc(Nc3cccc(Br)c3)c2c1,-8.5,ChEMBL,3196
Nc1ncnc2ncn(CC(=O)c3c[nH]c4ccccc34)c12,-8.5,ChEMBL,3197
COc1cc(/C=C(\C#N)C(N)=O)cc(CSc2nc3ccccc3o2)c1O,-8.5,ChEMBL,3198
O=C(Nc1ccc(Cl)cc1)c1ccccc1NCc1ccncc1,-8.5,ChEMBL,3199
COc1cc(OC)c2c(c1)Oc1ncnc(Nc3cccc(Br)c3)c1NC2,-8.5,ChEMBL,3200
COCOc1cc(-c2ccccc2)ccc1-c1ccc(C(=O)O)cc1,-8.5,ChEMBL,3201
CN(C)c1ccccc1Nc1ncnc2cc(N)ncc12,-8.5,ChEMBL,3202
CO/N=C/c1c(N)ncnc1Nc1ccc2c(cnn2Cc2cccc(C#N)c2)c1,-8.5,ChEMBL,3203
Cc1ccc(Nc2ncnn3ccc(C)c23)cc1O,-8.5,ChEMBL,3204
COCCOc1cc2ncnc(NC3=CC(=O)C(OCc4cccc(OC)c4)=CC3=O)c2cc1OC,-8.5,ChEMBL,3205
Cc1ccc(C2CC(c3ccc(C)c(C)c3)=NN2C(N)=S)cc1,-8.5,ChEMBL,3206
C=CC(=O)Nc1cc2c(Nc3cccc(Br)c3)c(C#N)cnc2cc1OC,-8.5,ChEMBL,3207
CN(CC(=O)O)c1cc2ncnc(Nc3cccc(Br)c3)c2cn1,-8.5,ChEMBL,3208
CC(O)C#Cc1ccc2ncnc(Nc3ccc(F)c(Cl)c3)c2c1,-8.5,ChEMBL,3209
N#CCCCn1nc(-c2ccc(F)c(O)c2)c2c(N)ncnc21,-8.5,ChEMBL,3210
CC(C)n1nc(-c2ccc(Br)c(O)c2)c2c(N)ncnc21,-8.5,ChEMBL,3211
Nc1cccc2c(Nc3cccc(Br)c3)ncnc12,-8.5,ChEMBL,3212
C=CC(=O)Nc1ccc2ncnc(Nc3ccc(F)c(Br)c3)c2c1,-8.5,ChEMBL,3213
CCOc1cc2ncnc(Nc3ccc(F)c(Cl)c3)c2cc1OC(=O)CSc1ncc[nH]1,-8.5,ChEMBL,3214
COc1cc2c(Nc3ccc(Cl)cc3F)ncnc2cc1OC[C@@H]1CCCN(C)C1,-8.5,ChEMBL,3215
COc1ccc2c(c1)CNc1c(Nc3cccc(Br)c3)ncnc1O2,-8.5,ChEMBL,3216
COc1ccc(-c2cn(C3CCCC3)c3ncnc(N)c23)cc1,-8.5,ChEMBL,3217
COc1cc(/C=C(\C#N)C(N)=O)cc(CSCc2ccc(Cl)cc2)c1O,-8.5,ChEMBL,3218
C=CC(=O)NC1=NC=C2N=CN=C(Nc3ccc(F)c(Br)c3)C21,-8.5,ChEMBL,3219
CN(C)c1ccc2ncnc(Nc3cccc(Br)c3)c2n1,-8.5,ChEMBL,3220
Nc1ncnc2c1c(-c1ccc(Br)c(O)c1)nn2C1CCC1,-8.5,ChEMBL,3221
CN(C)/N=N/c1ccc2ncnc(Nc3cccc(Cl)c3)c2c1,-8.5,ChEMBL,3222
C=CC(=O)Nc1ccc2c(c1)CNc1c(Nc3cccc(Br)c3)ncnc1O2,-8.5,ChEMBL,3223
COc1cc2ncc(C#N)c(Nc3cccc(Br)c3)c2cc1NC(=O)/C=C/CN(C)C,-8.5,ChEMBL,3224
Nc1ncnc2c1c(-c1ccccc1)cn2C1CC(O)C1,-8.5,ChEMBL,3225
COc1cc(/C=C(\C#N)C(N)=O)cc(CSc2ccccc2C(=O)O)c1O,-8.5,ChEMBL,3226
OCC#Cc1ccc2ncnc(Nc3ccc(F)c(Cl)c3)c2c1,-8.5,ChEMBL,3227
C=CC(=O)NC1=CC=C2N=CN=C(Nc3cccc(Cl)c3)C21,-8.5,ChEMBL,3228
COCC/N=N/Nc1ccc2ncnc(Nc3cccc(Br)c3)c2c1,-8.5,ChEMBL,3229
NC(=S)N1N=C(c2ccc(Cl)c(Cl)c2)CC1c1ccc([N+](=O)[O-])cc1,-8.5,ChEMBL,3230
CN(C)c1ccc2c(Nc3cccc(Br)c3)ncnc2n1,-8.5,ChEMBL,3231
O=C(Nc1ccccc1)c1cc2cc(O)c(O)cc2cn1,-8.5,ChEMBL,3232
O=NN(CCCl)C(=O)Nc1ccc2ncnc(Nc3cccc(Cl)c3)c2c1,-8.5,ChEMBL,3233
CO/N=C/c1c(N)ncnc1Nc1ccc2c(cnn2Cc2ccccc2)c1,-8.5,ChEMBL,3234
C#Cc1cccc(Nc2ncnc3cc(OC)c(OCCCCCC(=O)NO)cc23)c1,-8.5,ChEMBL,3235
C/C=C/C(=O)Cc1cc2c(Nc3cccc(Br)c3)ncnc2cn1,-8.5,ChEMBL,3236
C=C(C)C(=O)Nc1cc2c(Nc3cccc(Br)c3)ncnc2cn1,-8.5,ChEMBL,3237
Nc1cc2ncnc(Nc3cccc(I)c3)c2cn1,-8.5,ChEMBL,3238
Cc1[nH]c2ncnc(Nc3cccc(O)c3)c2c1C,-8.5,ChEMBL,3239
O=[N+]([O-])c1ccc2c(Nc3cccc(Cl)c3)ncnc2c1,-8.5,ChEMBL,3240
OC[C@@H](Nc1ncnc2sc3c(c12)CCC3)c1ccccc1,-8.5,ChEMBL,3241
C[C@H](CN)n1nc(-c2ccc(Cl)c(O)c2)c2c(N)ncnc21,-8.5,ChEMBL,3242
Nc1cc2ncnc(Nc3ccccc3Br)c2cn1,-8.5,ChEMBL,3243
Cc1nc2cc3c(Nc4cccc(Br)c4)ncnc3cc2[nH]1,-8.5,ChEMBL,3244
Nc1cc2ncnc(Nc3cccc(F)c3)c2cn1,-8.5,ChEMBL,3245
Brc1cccc(Nc2ncnc3ccncc23)c1NCCN1CCOCC1,-8.5,ChEMBL,3246
Nc1cc2ncnc(NCc3ccc(C(F)(F)F)cc3)c2cn1,-8.5,ChEMBL,3247
N#Cc1ccc2c(c1)C(c1ccccc1F)=Nc1c[nH]nc1N2,-8.5,ChEMBL,3248
Cc1cccc(Nc2ncnc3[nH]c(C)c(C)c23)c1,-8.5,ChEMBL,3249
COC[C@H]1Oc2cc3ncnc(Nc4cccc(Cl)c4)c3cc2O[C@@H]1COC,-8.5,ChEMBL,3250
C#CCOc1cc2c(Nc3ccc(F)c(Cl)c3)ncnc2cc1OC,-8.5,ChEMBL,3251
CNC(=O)c1ccc(S(=O)(=O)Oc2ccc(/C=C(\C)[N+](=O)[O-])cc2OC)cc1,-8.5,ChEMBL,3252
Fc1ccc(-c2ncn(CCCN3CCOCC3)c2-c2ccc3[nH]ncc3c2)cc1,-8.5,ChEMBL,3253
COC(=O)Cc1c(SSc2c(CC(=O)OC)c3ccccc3n2C)n(C)c2ccccc12,-8.5,ChEMBL,3254
CN(C)C/C=C/C(=O)Nc1cnc2ncc(C#N)c(Nc3cccc(Br)c3)c2c1,-8.5,ChEMBL,3255
S/C(=C\c1ccc(Cl)cc1)n1nnc2ccccc21,-8.5,AIEMG,3256
Clc1ccc(-c2n[nH]cc2Cn2cccc(C(F)(F)F)c2=O)cc1,-8.5,AIEMG,3257
[C@H]Oc1ccc([C@@H](CNC(=O)COc2ccc(F)c([N+](=O)[O-])c2)C(F)(F)F)cc1,-8.5,AIEMG,3258
[C@](O)([C@@H]1CCC[NH+](Cc2cccc([N+](=O)[O-])c2)C1)c1ccccc1,-8.5,AIEMG,3259
[P@@]O[C@H]1CCc2cc(-c3ccc4c(c3)OCO4)ccc21,-8.5,AIEMG,3260
[C@@]1(Cc2ccc(C(N)=O)cc2)n2nc(N/N=C/c3ccccn3)nc21,-8.5,AIEMG,3261
[C@@](C#N)(CNC(=O)C(=O)Nc1cccc(OC(C)(C)C)c1)c1ccc2c(c1)OCO2,-8.5,AIEMG,3262
Cc1csc(Nc2ccc(Cl)c(C(=O)NC3CCCCC3)c2)n1,-8.5,AIEMG,3263
Cl[C@@H](C(=O)NCc1n[nH]c2ccccc12)C1CCOCC1,-8.5,AIEMG,3264
[C@H]1C=C(C(=O)N[C@@H]2CCN(c3ccccc3)N2)CC1(CO)C(N)=O,-8.5,AIEMG,3265
Clc1ccccc1C[N+]1(CC[NH+]c2cccc3ccccc23)CCC1,-8.5,AIEMG,3266
[N+]1=C[C@@H](C2=CCCCC2)[C@@H](c2ccc3c(c2)CCN3C(=O)COC(=O)CCC[NH+]2CCCC2)C1,-8.5,AIEMG,3267
[N+]=C(c1cccc(OC(F)F)c1)N1CC[NH+](CC(=O)N2CCC(O)CC2)C1,-8.5,AIEMG,3268
FC(F)(F)C1=N[C@@H](Nc2cccc(F)c2F)Nc2ncnn21,-8.5,AIEMG,3269
[C@@](O)(c1ccccc1)c1nccn1CCC(=O)Nc1ccccc1F,-8.5,AIEMG,3270
FC(F)(F)C[NH2+]C1CCC(Cc2nnnn2-c2ccccc2)CC1,-8.5,AIEMG,3271
[C@](O)(CCCc1ccc(Cl)cc1)C(=O)N1CCN(c2cccc[nH+]2)CC1,-8.5,AIEMG,3272
[C@@]Oc1nc(NC(=O)CCc2ccccc2)cc2c1nc(N)n2C,-8.5,AIEMG,3273
[P@@]C1CCCC[C@H]1c1ccc(F)c(OCc2ccc(F)cc2)c1,-8.5,AIEMG,3274
[N+]c1cccc(-c2cnn(CS(=O)(=O)c3nnc(NCc4ccco4)o3)c2)c1,-8.5,AIEMG,3275
[C@H]Oc1ccc(-c2nc([C@@H](C)NC(=O)N[C@@H]3CCOC3)sc2C)cc1F,-8.5,AIEMG,3276
[P@@]=C(/NCC(=O)N1CCc2ccccc21)c1ccc(F)cc1F,-8.5,AIEMG,3277
[C@@]Oc1cccc(NC(=O)C2CN(C(=O)Cc3ccccc3)C2)c1,-8.5,AIEMG,3278
[C@@]Oc1cc(-c2ccncc2)nc(S[C@@H](C)C(=O)NCc2ccccc2)c1C,-8.5,AIEMG,3279
C[C@H](NC(=O)c1cccnc1)c1ccc(Oc2ccc(Cl)cc2)cn1,-8.5,AIEMG,3280
[C@H]Oc1ccc(CNC(=O)c2ccc(-c3ccc(Cl)cc3Cl)cc2)cc1OC,-8.5,AIEMG,3281
[NH+]=C(/NCC(=O)NCc1ccccc1)N1CCN(c2ncccn2)CC1,-8.5,AIEMG,3282
Fn1c(=O)c2ccccc2nc1S[C@@H](C(=O)[O-])Cc1ccccn1,-8.5,AIEMG,3283
[C@@]Oc1cccc(NC(=O)CCNC(=O)N2CCN(c3ccc(F)cc3)CC2)c1,-8.5,AIEMG,3284
[C@@](CCC(=O)Nc1ccc(F)cc1Cl)c1cccc(-n2cccn2)c1,-8.5,AIEMG,3285
[C@@]1(NC(CC)CCN(C(=O)c2ccc3c(c2)COC3)NC(=O)Cc2ccc(F)cc2)CCC1,-8.5,AIEMG,3286
[C@]1(C(=O)Nc2scnc2N[C@H]2CC[NH+](Cc3ccccc3)C2)N(CCc2ccccc2)C1,-8.5,AIEMG,3287
CC[C@@H](C(=O)Nc1ccccc1C#N)/C(C)=C/c1ccccc1,-8.5,AIEMG,3288
[NH+]=C1/C(=C/c2ccc3c(c2)OCO3)C([O-])=NC(=S)N1Cc1ccccc1,-8.5,AIEMG,3289
[P@@]1CCN(C(=O)Nc2ccccc2)/C1=C/c1ccccc1,-8.5,AIEMG,3290
[C@](O)(CNC(=O)NCC1CCN(C(=O)c2ccccc2Br)CC1)c1ccccc1,-8.5,AIEMG,3291
[C@@]Oc1ccc(-c2cc(C(=O)Nc3cccnc3CC)cc(Cl)c2O)cc1,-8.5,AIEMG,3292
[C@](O)(c1ccc(F)cc1)c1ccc(NCC(=O)N[C@@H]2CCOC2)cc1F,-8.5,AIEMG,3293
[C@H](C(N)=O)c1cc(C(=O)N2CCO[C@@H]3CCCC[C@H]32)ncc1C(C)C,-8.5,AIEMG,3294
Fc1ccc(CN2CCC[C@H](CN(Cc3ccccc3)Cc3ccccc3)C2)cc1,-8.5,AIEMG,3295
Cl[C@H](Cc1ccccc1)C(=O)N1CCN(c2ccc(Cl)cc2Cl)CC1,-8.5,AIEMG,3296
[N+]([O-])CN(Cc1ccc(F)cc1)C(=O)c1ccc(N2CCCC2=O)cc1,-8.5,AIEMG,3297
[C@](C#C[C@@H]1CCCN1C(=O)c1ccc([N+](=O)[O-])s1)c1ccc(F)cc1,-8.5,AIEMG,3298
[C@]1(C[NH2+][C@H]2CC[C@@H](C(F)(F)F)O2)[C@@H](O)[C@@H](O)c2ccccc21,-8.5,AIEMG,3299
O[C@H]1CCC[C@H]1N[C@@H]1CCCC[C@H]1C[NH+](Cc1ccc(F)cc1)C1CC1,-8.5,AIEMG,3300
[C@H]Oc1cccc([C@H]2C[C@@H]2C(=O)N2CCC[C@@H]2C(=O)Nc2ccccc2)n1,-8.5,AIEMG,3301
[C@H]Oc1ccccc1N1CCN(Cc2csc(NC(=O)CCc3ccccc3)n2)CC1,-8.5,AIEMG,3302
[C@@](C#N)Cn1c(NC(=O)c2cccc(Cl)c2)nc2cc(Cl)ccc21,-8.5,AIEMG,3303
c1ccc(CC[C@@H]2CCCN(C(=O)C3CCCCC3)C2)c(OC(F)F)c1,-8.5,AIEMG,3304
[N+]=Cc1cn(CC(=O)c2ccsc2)c2c1CCN(Cc1ccccc1)C2,-8.5,AIEMG,3305
[N+](=C/c1cccc2c1OCCO2)c1ccccc1[N+](=O)[O-],-8.5,AIEMG,3306
N/C(=N/NC(=O)CCc1c[nH]c2ccccc12)[C@@H](O)Cn1cccn1,-8.5,AIEMG,3307
[C@](C#Cc1ccccc1)C(=O)N/N=C/c1ccc(Oc2ccccc2)cc1,-8.5,AIEMG,3308
FC(F)(F)/C(Cl)=N/C(=N/c1cnn(-c2ccccc2)c1)c1ccccc1,-8.5,AIEMG,3309
ClC1=C[C@@H](c2ccc(C(=O)[O-])cc2F)S/C1=C\Nc1ccccc1,-8.5,AIEMG,3310
Clc1ccc(-c2nc(COc3c(Cl)cccc3[N+](=O)[O-])co2)cc1,-8.5,AIEMG,3311
[C@H](C)c1ccc(C(=O)N[C@H](CSc2cnn(C)c2)c2ccccc2)cc1,-8.5,AIEMG,3312
[C@H](C[NH2+]C1CCN(C(=O)c2cnn(Cc3ccccc3)c2N)CC1)c1ccccc1,-8.5,AIEMG,3313
[C@H]Oc1cc(C(=O)NCc2nnc(-c3ccc(Br)s3)n2-c2ccccc2)cc(OC)c1,-8.5,AIEMG,3314
[C@@][C@@H]1CN(CC2CCN(c3ccc(NC(=O)[C@@H]4CCCO4)o3)CC2)N=N1,-8.5,AIEMG,3315
[C@@]1(CNC(=O)Nc2cccnc2Cl)Cc2ccccc21,-8.5,AIEMG,3316
FC(F)C(F)(F)c1ccccc1CNc1cccc(C(F)(F)F)c1,-8.5,AIEMG,3317
[C@@](C#N)c1ccc(CNC(=O)C2CCN(c3ccc(F)cc3)CC2)cc1,-8.5,AIEMG,3318
c1ccc(-c2cnc(NC[C@@H]3CCCC[NH2+]3)n2C2CC2)cc1[N+](=O)[O-],-8.5,AIEMG,3319
[N+]1=CCCC[C@@H]1c1cc(C[NH+](Cc2cccnc2)CCCc2ccccc2)co1,-8.5,AIEMG,3320
N[C@@H]N1C(=O)/C(=C/c2ccccc2OCc2ccccc2)C([O-])=NC1=S,-8.5,AIEMG,3321
F[C@@H](Cc1ccccc1)c1cc(CO)nc2ccc(Cl)cc12,-8.5,AIEMG,3322
[C@@](C#Cc1ccc(C(N)=O)cc1)[C@H]1CCCN(C(=O)Cc2ccccc2)S1,-8.5,AIEMG,3323
[C@]1(O)CCC[NH+](CC[NH+]2CCC(Cc3c[nH]c4ccccc34)C2)C1,-8.5,AIEMG,3324
[C@@]1(C#N)C(=O)N(c2ccc(C[NH+]3CCC[C@@H]3C(=O)N3CCC(O)CC3)cc2)C1,-8.5,AIEMG,3325
[C@H]Oc1ccccc1COc1ccc(C(=O)NC[C@@H](O)CN2C[C@@H](C)O[C@H](C)C2)cc1,-8.5,AIEMG,3326
[N+]n1c(=O)n([C@@H]2CCCO2)c2c1N[C@@H](c1cccc(F)c1)C2,-8.5,AIEMG,3327
[C@H](O)[C@H](NC(=O)N1CCC[C@@H](OCc2ccccc2)C1)c1nc(C(C)(C)C)cs1,-8.5,AIEMG,3328
[N+]c1cccc(C(=O)COc2ccc(/C=N/c3ccccc3)cc2)c1,-8.5,AIEMG,3329
[N+]=C1/C(=N/C(=O)c2ccc(O)cc2O)SC(=S)N1c1ccccc1,-8.5,AIEMG,3330
[C@@](Cc1cccc(F)c1)NC(=O)C(=O)Nc1ccc(-c2ccccc2)o1,-8.5,AIEMG,3331
[C@H]1CCCCN1C(=O)CS[C@@H]1N=C2N=NN(c3ccccc3)[C@@H]2C1,-8.5,AIEMG,3332
[C@](C#Cc1ccccc1)[C@H]1CCCC[NH+]1Cc1cc(O[C@@H]2CC[C@H]([NH3+])C2)c[nH]1,-8.5,AIEMG,3333
[C@]Oc1ccc(NCc2ccc(-c3cccc(OC)c3)cc2)cc1Cl,-8.5,AIEMG,3334
FC(F)c1nc(CCCO[C@H]2CCO[C@@H]2c2ccccc2)nc2ccccc12,-8.5,AIEMG,3335
[C@](CCCNC(=O)N1CCc2ccccc21)c1ccc(F)cc1,-8.5,AIEMG,3336
[C@]1(NC(=O)OCc2ccccc2)[C@H](C(=O)[O-])[NH+](C)c2ccccc21,-8.5,AIEMG,3337
[C@H]1C[C@@H](CC(=O)N2CCC(Oc3ccc(Cl)cc3)CC2)CC(=O)N1Cc1ccco1,-8.5,AIEMG,3338
[C@](O)(CNc1cccc2cccnc12)NC(=O)c1cccc(C#N)c1,-8.5,AIEMG,3339
[C@@]Oc1cccc(N2CCN(CCC(=O)Nc3cccc(C)c3)CC2)c1C,-8.5,AIEMG,3340
[C@H]1C(=O)c2ccc(NS(=O)(=O)c3ccc(C(C)(C)C)cc3)cc2N=C1S,-8.5,AIEMG,3341
[C@H]1CCCN(S(=O)(=O)c2ccc(-n3nnnc3CN3CCCOC3)cc2)C1,-8.5,AIEMG,3342
[C@H](C)n1ncc2ccc(OCc3cccc(C(F)(F)F)c3)cc21,-8.5,AIEMG,3343
[C@H](C(=O)NCCc1ccccc1)N1CCN(C(=O)c2ccccc2[N+](=O)[O-])CC1,-8.5,AIEMG,3344
[C@@](C(=O)c1cccc(C(=O)O/N=C\c2ccc(F)c(F)c2)c1)c1ccco1,-8.5,AIEMG,3345
[C@H](C(=O)N[C@@H]1CCCC[C@@H]1Cc1c[nH]c2ccccc12)c1ccc(F)cc1,-8.5,AIEMG,3346
Clc1ccc(-c2noc(-c3ccc(F)cc3)n2)cc1F,-8.5,AIEMG,3347
[C@]1(C)C[C@H](C(=O)Nc2cccc(-c3nnc(C4CC4)o3)c2)CC1=O,-8.5,AIEMG,3348
[C@H]OCc1cccc(NC(=O)c2ccc(=O)n(-c3ccccc3)n2)c1C,-8.5,AIEMG,3349
[C@H](c1ccc(Cl)cc1)c1ccc(NC(=O)NC[C@H]2CCCO2)cc1,-8.5,AIEMG,3350
FC(F)c1ccccc1CSc1ncc(=O)n(-c2ccc(F)cc2)n1,-8.5,AIEMG,3351
[C@@]1(C[NH+]2CCC[C@@H]2C(=O)c2ccccc2)CCN(c2ccccc2)C1,-8.5,AIEMG,3352
[N+]c1ccc(C[NH+]2CCC(CN3C(=O)c4ccccc4C3=O)CC2)cc1O,-8.5,AIEMG,3353
[C@]1(C(=O)N2CCC(CCCCc3cccnc3)C3=C2CCC3)CCC1,-8.5,AIEMG,3354
[C@]1(C#N)CCN(S(=O)(=O)c2cccc(N(C)C(=O)c3ccc(F)cc3)c2)C1,-8.5,AIEMG,3355
[C@]1(c2ccc3c(c2)C(C)(C)CC3=O)CC[NH+](Cc2csc(C(C)C)n2)C1,-8.5,AIEMG,3356
[C@](C#CCCCNC(=O)N1CCN(C(=S)NCc2ccccc2)CC1)c1ccc(F)cc1,-8.5,AIEMG,3357
[C@@](NC(=O)c1cccc(OCC(F)F)n1)C1CCN([C@@H]2CCCN(c3ccccc3)C2=O)CC1,-8.5,AIEMG,3358
Fc1ccc(-c2ccnc(NC[C@@H](O)c3ccccc3)c2)cc1,-8.5,AIEMG,3359
[C@@]1(CC(=O)Nc2ccc3c(c2)CCCC3)NC(=O)NC1=O,-8.5,AIEMG,3360
[C@@](C#Cc1ccc(Cl)cc1)C(=O)N1CCO[C@@H](c2ccc(Cl)cc2)C1,-8.5,AIEMG,3361
[C@@][C@@H](NC(=O)c1cccc2ccccc12)c1nc(Cc2ccco2)cs1,-8.5,AIEMG,3362
[C@]1(c2ccc(C(=O)c3cccc(C(F)(F)F)c3)nn2)CCC1(Cl)Br,-8.5,AIEMG,3363
Fc1cccc(-c2nc(-c3ccc(Cl)cc3)no2)c1,-8.5,AIEMG,3364
N=c1scc(-c2ccccc2)n1CC(=O)N1CCN(c2ccccc2)CC1,-8.499,ChEMBL,3365
COc1ccc2c3oc(=O)cc(O)c3c(=O)n(C)c2c1,-8.497,ChEMBL,3366
COC1CCN(c2nccc(Nc3cc4c(cn3)ncn4C(C)C)n2)CC1,-8.495,ChEMBL,3367
Cc1ncc([N+](=O)[O-])n1C/C(=N/NC(=O)c1ccccc1N)c1ccc(Br)cc1,-8.495,ChEMBL,3368
C=CC(=O)Nc1cccc(-n2c(=O)cnc3cnc(Nc4ccc(N(CC)CC)cc4)nc32)c1,-8.494,ChEMBL,3369
CCOC(C)Oc1cc2ncnc(Nc3ccc(F)c([N+](=O)[O-])c3)c2c2c1OCCO2,-8.492,ChEMBL,3370
OC[C@@H](Nc1ncnc2[nH]c(-c3cccnc3)cc12)c1ccccc1,-8.492,ChEMBL,3371
C[C@@H](Nc1ncnc2ccc(OCCCCCCC(=O)NO)cc12)c1ccccc1,-8.49,ChEMBL,3372
O=C(Cc1cccc(Br)c1)NS(=O)(=O)c1ccccc1,-8.488,ChEMBL,3373
COc1cc(N2CCN(C)CC2)ccc1Nc1ncc(Cl)c(Oc2ccccc2[N+](=O)[O-])n1,-8.487,ChEMBL,3374
CN(C)C/C=C/C(=O)Nc1cc2c(Nc3ccc(F)c(Cl)c3)ncnc2cn1,-8.486,ChEMBL,3375
COc1cc2c(Nc3cccc(Br)c3)ncnc2cc1OCCCn1ccnc1[N+](=O)[O-],-8.484,ChEMBL,3376
C#Cc1cccc(Nc2ncnc3cc(OC)c(NC(=O)/C=C/CN(C)C4CC4)cc23)c1,-8.483,ChEMBL,3377
C=CC(=O)N1C[C@H](COc2nc(Nc3cnn(C)c3)nc3[nH]cc(Cl)c23)[C@@H](F)C1,-8.483,ChEMBL,3378
S=C(Nc1ccc2ncnc(Nc3cccc(Br)c3)c2c1)N1CCOCC1,-8.483,ChEMBL,3379
O=C(CCCCCC(=O)Nc1ccc(O)c(C(=O)Nc2ccc(F)c(F)c2)c1)NO,-8.482,ChEMBL,3380
COc1ccc(C(Nc2ccccc2)n2c(=O)ccc3cc(O)ccc32)cc1,-8.481,ChEMBL,3381
O=C(Cc1cccc(Br)c1)NS(=O)(=O)c1ccc(F)cc1,-8.481,ChEMBL,3382
Cn1cnc(-c2ccc(OC(F)(F)F)c(NC(=O)Nc3ccncc3)c2)c1,-8.481,ChEMBL,3383
Fc1ccc(-c2nnc(Cc3nc4ccccc4[nH]3)o2)cc1,-8.48,ChEMBL,3384
COC(=O)C1=C(N)N(c2cccnc2)C2=C(C(=O)CCC2)C1c1cc2ccccc2n2nnnc12,-8.479,ChEMBL,3385
Clc1ccc(-c2nnc(Cc3nc4ccc(Cl)cc4[nH]3)o2)cc1,-8.479,ChEMBL,3386
Cc1ccc(/C=N\Nc2nc(-c3nc4ccccc4n3C)cs2)o1,-8.477,ChEMBL,3387
COC1(CN(C)C)CCN(c2nccc(Nc3cc4c(cn3)nc(C)n4C(C)C)n2)CC1,-8.477,ChEMBL,3388
COc1cccc(/C=C2\CCC/C(=C\c3cc(OC)cc(OC)c3)C2=O)c1,-8.477,ChEMBL,3389
C=CC(=O)Nc1cccc(Oc2nc(Nc3ccc(OC)cc3OC)ncc2Br)c1,-8.476,ChEMBL,3390
O=C1CSC(N2N=C(c3ccc(Cl)cc3)CC2c2ccccc2)=N1,-8.473,ChEMBL,3391
C#Cc1cccc(Nc2ncnc3cc(OCCOC)c4c(c23)OCCO4)c1,-8.471,ChEMBL,3392
CCOC(C)Oc1cc2ncnc(Nc3ccc(F)c(C#N)c3)c2c2c1OCCO2,-8.471,ChEMBL,3393
c1ccc(-c2nnc(Cc3nc4ccccc4[nH]3)o2)cc1,-8.47,ChEMBL,3394
C=CC(=O)N[C@@H]1CN(c2nc(Nc3cn(C)nc3OC)c3ncn(C(C)C)c3n2)C[C@H]1F,-8.465,ChEMBL,3395
O=C1/C(=C\c2ccc(O)c(O)c2)Oc2ccccc21,-8.465,ChEMBL,3396
C=CC(=O)Nc1cc2c(Nc3cc(OC)c(Cl)cc3OC)ncnc2cc1OCCNC(C)=O,-8.463,ChEMBL,3397
COCCCNC(=O)Nc1cc2c(Nc3ccc(F)c(Cl)c3)ncnc2cc1O[C@H]1CCOC1,-8.463,ChEMBL,3398
COCCOc1cc2ncnc(Nc3ccc(F)c(Cl)c3)c2c2c1OCCO2,-8.463,ChEMBL,3399
O=C(CCCCCC(=O)Nc1ccc(O)c(C(=O)Nc2ccc(Cl)c(C(F)(F)F)c2)c1)NO,-8.461,ChEMBL,3400
C=CC(=O)Nc1cccc(-c2c[nH]c3nccc(Cl)c23)c1,-8.46,ChEMBL,3401
OCCN1CCN(CCCN2c3ccccc3Sc3ccc(C(F)(F)F)cc32)CC1,-8.459,ChEMBL,3402
C=CC(=O)N1CC[C@@H](COc2nc(Nc3cnn(C)c3)nc3[nH]cc(Cl)c23)C1,-8.459,ChEMBL,3403
COc1ccc(C2CC(c3ccccc3)=NN2C2=NC(=O)CS2)cc1,-8.457,ChEMBL,3404
CNS(=O)(=O)c1ccccc1Nc1nc(Nc2cc(OC)c(OC)c(OC)c2)ncc1Cl,-8.455,ChEMBL,3405
COCCOc1cc2ncnc(Nc3ccc(F)c(C#N)c3)c2c2c1OCCO2,-8.455,ChEMBL,3406
C#Cc1cccc(Nc2ncnc3cc(OC(C)COC)c4c(c23)OCCO4)c1,-8.455,ChEMBL,3407
CCC(=O)Nc1cc2c(N[C@H](C)c3ccccc3)ncnc2cc1OC,-8.454,ChEMBL,3408
COc1ccc(C2=NN(C3=NC(=O)CS3)C(c3ccc(OC)cc3)C2)cc1,-8.452,ChEMBL,3409
COc1ccc(C2=NN(C3=NC(=O)CS3)C(c3ccc(Cl)cc3)C2)cc1,-8.452,ChEMBL,3410
C=CC(=O)N1CCC(Oc2nc(Nc3ccc(N(C)CCN(C)C)cc3OC)nc3[nH]ccc23)CC1,-8.45,ChEMBL,3411
O=C(Nc1cc(N2CCOCC2)ncn1)c1ccc(F)cc1,-8.448,ChEMBL,3412
O=C(CCCCCC(=O)Nc1ccc(O)c(C(=O)Nc2ccccc2)c1)NO,-8.448,ChEMBL,3413
CN(C)C/C=C/C(=O)Nc1cc2c(N3CCc4ccccc43)ncnc2cc1O[C@@H]1CCOC1,-8.448,ChEMBL,3414
COc1cc(N(C)CCN(C)C)ccc1Nc1nccc(-c2cn(CCCO)c3ccccc23)n1,-8.447,ChEMBL,3415
Cc1ccc(C2=NN(C3=NC(=O)CS3)C(c3ccccc3)C2)cc1,-8.447,ChEMBL,3416
COc1cc2nc(C)nc(N[C@H](C)c3ccccc3)c2cc1OC,-8.443,ChEMBL,3417
C=CC(=O)Nc1cc(Nc2n[nH]c3cc(-c4ccncc4)ccc23)c(OC)cc1N(C)CCN(C)C,-8.442,ChEMBL,3418
C=CC(=O)N[C@@H]1CN(c2nc(Nc3cn(C)nc3OC)c3ncn(CC)c3n2)C[C@H]1F,-8.442,ChEMBL,3419
CCOC(=O)Nc1ccc(Nc2ncnc3cc(OC)c(OC)cc23)cc1Cl,-8.441,ChEMBL,3420
O=C1CSC(N2N=C(c3ccc(F)cc3)CC2c2ccccc2)=N1,-8.441,ChEMBL,3421
COc1cc(/C=N\Nc2nc(-c3nc4ccccc4n3C)cs2)cc(OC)c1OC,-8.441,ChEMBL,3422
Cc1ncc([N+](=O)[O-])n1C/C(=N/NC(=O)c1ccccc1)c1ccc(Br)cc1,-8.441,ChEMBL,3423
CCOC(=O)CCCn1c(=O)oc2cc3ncnc(Nc4ccc(Cl)cc4)c3cc21,-8.441,ChEMBL,3424
COc1ccc(NC(=S)NNc2nncc3ccccc23)cc1,-8.439,ChEMBL,3425
C=CC(=O)N(C)CCOc1c(N)ncnc1-c1ccc(CN2CCN(CC(C)C)CC2=O)c(C)c1,-8.438,ChEMBL,3426
CC(=O)N1CCN(C(=O)Cn2c(-c3ccccc3)csc2=N)CC1,-8.437,ChEMBL,3427
C#Cc1cccc(Nc2ncnc3cc(OC4CCOCC4)c(NC(=O)/C=C/CN(C)C)cc23)c1,-8.437,ChEMBL,3428
O=C(Nc1cccc(NC(=O)c2ccccn2)c1)NC1CCCCC1,-8.436,ChEMBL,3429
Cc1cc(=O)n2nc(SCc3cccc(C(F)(F)F)c3)nc2[nH]1,-8.434,ChEMBL,3430
C=CC(=O)Nc1ccc(OC)c(Nc2cc(-c3[nH]c(SC)nc3C)ccn2)c1,-8.432,ChEMBL,3431
COc1cc(/C=C2\CCC/C(=C\c3cc(OC)cc(OC)c3)C2=O)cc(OC)c1,-8.43,ChEMBL,3432
C=CC(=O)Nc1cccc(-c2csc3ncnc(N[C@H](CO)c4ccccc4)c23)c1,-8.429,ChEMBL,3433
Fc1c(I)cccc1Nc1ncnc2cc3c(cc12)OCCO3,-8.429,ChEMBL,3434
COc1cc(Nc2ncnc3cc(OCC4CN(C)CCO4)c(OC)cc23)c(OC)cc1Cl,-8.428,ChEMBL,3435
COCCOc1cc2ncnc(Nc3ccc(F)c(Cl)c3)c2cc1NC(=O)/C=C/CN(C)C1CC1,-8.425,ChEMBL,3436
C=CC(=O)Nc1cc2c(Nc3cc(OC)c(Cl)cc3F)ncnc2cc1OCCNC(C)=O,-8.424,ChEMBL,3437
COc1ccc(OC)c(Nc2cc(Nc3ccc(N4CCN(C)CC4)cc3)ncn2)c1,-8.424,ChEMBL,3438
C=CC(=O)Nc1ccc2ncnc(Nc3ccc(S(N)(=O)=O)cc3)c2c1,-8.424,ChEMBL,3439
Cc1cc(=O)n2nc(SCc3ccc(C(C)C)cc3)nc2[nH]1,-8.424,ChEMBL,3440
COc1ccc(/C=C2\CCC/C(=C\c3cc(OC)cc(OC)c3)C2=O)cc1,-8.421,ChEMBL,3441
COc1ccccc1Nc1ccnc(Nc2ccccc2OC)n1,-8.42,ChEMBL,3442
O=C(O)c1ccc(Nc2nncc3ccccc23)cc1,-8.42,ChEMBL,3443
C#Cc1cccc(Nc2ncnc3cc(O[C@H]4CCOC4)c(NC(=O)/C=C/CN(CC)CC)cc23)c1,-8.414,ChEMBL,3444
COC1CCN(c2nccc(Nc3cc4c(ccn4C(C)C)cn3)n2)CC1,-8.414,ChEMBL,3445
COc1cc(/C=C2\CCC/C(=C\c3ccccc3)C2=O)cc(OC)c1,-8.413,ChEMBL,3446
COC(=O)Nc1cc(Nc2ncnc3cc(OC)c(OC)cc23)ccc1C,-8.413,ChEMBL,3447
COc1ccc(CCOc2ccc(C(=O)/C=C/c3ccc(O)c(O)c3)cc2OC)cc1OC,-8.412,ChEMBL,3448
CCC(=O)Nc1cc2c(NCc3ccccc3)ncnc2cc1OC,-8.412,ChEMBL,3449
C=CC(=O)Nc1ccc2ncnc(Nc3ccccc3CC)c2c1,-8.409,ChEMBL,3450
COc1cc(Br)c(/C=C2\CN(C)C/C(=C\c3nc(C)c(C)nc3C)C2=O)cc1OC,-8.409,ChEMBL,3451
C#Cc1cccc(Nc2ncnc3cc(OC)c(OCCCCCn4ccnc4[N+](=O)[O-])cc23)c1,-8.404,ChEMBL,3452
CCOc1cc2ncnc(Nc3ccc(F)c(Cl)c3)c2cc1NC(=O)COC(C)=O,-8.402,ChEMBL,3453
COc1ccc(-c2cc(NC(=O)Nc3ccccn3)cc(OC)c2OC)cn1,-8.402,ChEMBL,3454
COc1cc(-c2nc3ccccc3s2)ccc1OCC(=O)NNC(=O)CN1CCC[C@H]1C(=O)O,-8.401,ChEMBL,3455
CNS(=O)(=O)c1cccc(Nc2cc(Nc3ccc(Cl)cc3)ncn2)c1,-8.401,ChEMBL,3456
Cc1nc2cnc(Nc3ccnc(OCC(C)(C)C(N)=O)n3)cc2n1C(C)C,-8.401,ChEMBL,3457
Cc1ncc([N+](=O)[O-])n1C/C(=N/NC(=O)c1ccncc1)c1ccc(Br)cc1,-8.401,ChEMBL,3458
Cc1nc(Nc2cccc(Br)c2)c2cc(NCCN3CCOCC3)ncc2n1,-8.4,ChEMBL,3459
[C@H]1CCCN(c2ccc(-c3ncccc3Cl)cc2)C1,-8.4,AIEMG,3460
Brc1cccc(Nc2ncnc3cnc(NCCn4ccnc4)nc23)c1,-8.4,ChEMBL,3461
CC(C)N(C)CC#CC(=O)Nc1ccc2ncnc(Nc3cccc(Br)c3)c2c1,-8.4,ChEMBL,3462
Nc1[nH]cnc2nnc(Nc3cccc(Cl)c3)c1-2,-8.4,ChEMBL,3463
[C@]1(c2cccc(F)c2)NC(=O)N1c1cccc(F)c1,-8.4,AIEMG,3464
[C@H](C)c1ccccc1CN1C[C@H](c2ccncc2)n2cccc2C1=O,-8.4,AIEMG,3465
COc1cc2c(cc1OC)Nc1ncnc(Nc3cccc(Br)c3)c1NC2,-8.4,ChEMBL,3466
Cc1[nH]c2ncnc(Nc3cccc(Cl)c3)c2c1C,-8.4,ChEMBL,3467
COC[C@@H]1CCCN1C/C=C/C(=O)Nc1ccc2ncnc(Nc3cccc(Br)c3)c2c1,-8.4,ChEMBL,3468
[C@]Oc1ccc(NC(=O)[C@]2([C@@H]3C=c4ccccc4=[NH+]C3=O)N=N2)cc1OC(C)C,-8.4,AIEMG,3469
CN(C)CCN(C)c1cc2ncnc(Nc3cccc(Br)c3)c2cn1,-8.4,ChEMBL,3470
Cc1[nH]c2ncnc(Nc3cccc(F)c3)c2c1C,-8.4,ChEMBL,3471
COc1cc(/C=C(/C#N)C(N)=O)cc(CSCc2ccc(Cl)cc2)c1O,-8.4,ChEMBL,3472
Cc1cccc(CN(Cc2ccc(O)cc2)C(=O)Nc2ccccc2)c1O,-8.4,ChEMBL,3473
COc1cc2c(Nc3ccc(Cl)cc3F)ncnc2cc1OCCN1CCN(C)CC1,-8.4,ChEMBL,3474
[C@H]Oc1cccc(NC(=O)c2ccccc2Cn2ccc(C#N)c2)c1,-8.4,AIEMG,3475
Cn1c(SSc2c(C(N)=O)c3ccccc3n2C)c(C(N)=O)c2ccccc21,-8.4,ChEMBL,3476
CCOc1ccc(-c2nn(C3CCCCC3)c3ncnc(N)c23)cc1OC,-8.4,ChEMBL,3477
COc1cc(/C=C(\C#N)C(N)=O)cc(CSCc2ccccc2Cl)c1O,-8.4,ChEMBL,3478
COc1cc2c(N[C@@H]3C[C@H]3c3ccccc3)c(C#N)cnc2cc1OCCCN1CCN(C)CC1,-8.4,ChEMBL,3479
OCCC#Cc1ccc2ncnc(Nc3ccc(F)c(Cl)c3)c2c1,-8.4,ChEMBL,3480
CN1CCN(c2cc3c(Nc4cccc(Br)c4)ncnc3cn2)CC1,-8.4,ChEMBL,3481
Nc1ccc2ncnc(NCc3ccccc3)c2c1,-8.4,ChEMBL,3482
CN1CCN(NCCCNc2cc3c(Nc4cccc(Br)c4)ncnc3cn2)CC1,-8.4,ChEMBL,3483
[C@]1(c2cccnc2)O[C@H]([NH2+]Cc2ccc(C[NH+]3CCCC3)cc2)CS1,-8.4,AIEMG,3484
FCCOc1ccc(CCNC(=O)[C@H]2CCCN(S(=O)(=O)c3ccc(Cl)s3)C2)[n+](C(F)F)c1,-8.4,AIEMG,3485
c1csc(S(=O)(=O)N2CCC[C@@H]2c2nnc(-c3ccccc3Cl)o2)c1,-8.4,AIEMG,3486
F[C@H](C(=O)[O-])c1ccc(Cl)c(NCc2ncccc2C(F)(F)F)c1,-8.4,AIEMG,3487
COC[C@@H]1CCCN1C/C=C\C(=O)Nc1ccc2ncnc(Nc3cccc(Br)c3)c2c1,-8.4,ChEMBL,3488
Nc1cccc(Nc2ncnc3cc(N)ncc23)c1,-8.4,ChEMBL,3489
COc1cccc(-c2nn(C(C)C)c3ncnc(N)c23)c1,-8.4,ChEMBL,3490
O=c1c(-c2ccc(O)cc2)coc2cc(O)cc(O)c12,-8.4,ChEMBL,3491
C=C(C)C(=O)Cc1cc2c(Nc3cccc(Br)c3)ncnc2cn1,-8.4,ChEMBL,3492
Nc1cc2ncnc(NCc3ccccc3N)c2cn1,-8.4,ChEMBL,3493
Nc1ncnc2c1c(-c1ccc(Cl)c(O)c1)nn2CC1CCCN1,-8.4,ChEMBL,3494
CCOc1cc(/C=C(\C#N)C(N)=O)cc(CSc2cccc(OC)c2)c1O,-8.4,ChEMBL,3495
Nc1cc2ncnc(Nc3cccc(Cl)c3)c2cn1,-8.4,ChEMBL,3496
C/N=N/Nc1ccc2ncnc(Nc3cccc(C)c3)c2c1,-8.4,ChEMBL,3497
CCOc1cc2ncnc(C#CC(C)(Cc3ccccc3)N3CCC(C(=O)O)CC3)c2cc1OCC,-8.4,ChEMBL,3498
COc1cc2ncnc(Nc3cccc(C)c3)c2cc1OC,-8.4,ChEMBL,3499
CCOC(=O)/C=C/C(=O)Nc1ccc2ncnc(Nc3cccc(Br)c3)c2c1,-8.4,ChEMBL,3500
CC(C)n1nc(-c2cnc3nccnc3c2)c2c(N)ncnc21,-8.4,ChEMBL,3501
Cc1[nH]c2ncnc(NCc3ccccc3)c2c1C,-8.4,ChEMBL,3502
O=[N+]([O-])c1ccc2c(NCc3ccccc3)ncnc2c1,-8.4,ChEMBL,3503
COc1cc2ncnc(Nc3ccc(F)c(Cl)c3)c2cc1OCCNC(C)C,-8.4,ChEMBL,3504
COc1cc(/C=C2\SC(=N)NC2=O)ccc1OCCCOc1cc(C)cc(C)c1,-8.4,ChEMBL,3505
CC(C)n1nc(-c2ccc(C=O)c(F)c2)c2c(N)ncnc21,-8.4,ChEMBL,3506
[N+]n1ccc(N=C2c3ccccc3C(=O)N2C[C@H]2CCCO2)c1Cl,-8.4,AIEMG,3507
Cc1[nH]c2ncnc(Nc3ccc(F)cc3)c2c1C,-8.4,ChEMBL,3508
CSc1cn2c(-c3cn[nH]c3)cnc2c(Nc2cc(C)ns2)n1,-8.4,ChEMBL,3509
CCOc1cc(/C=C(\C#N)C(N)=O)cc(CSc2ccccc2)c1O,-8.4,ChEMBL,3510
Cc1c[nH]c(/C=C2\C(=O)Nc3cccc(C)c32)c1CCC(=O)O,-8.4,ChEMBL,3511
C=CC(=O)Nc1cc2c(Nc3ccc(F)c(Cl)c3)ncnc2cc1OCCOCCCCO,-8.4,ChEMBL,3512
O=C(O)CNc1cc2c(Nc3cccc(Br)c3)ncnc2cn1,-8.4,ChEMBL,3513
Brc1cccc(Nc2ncnc3cc4c(cc23)OCO4)c1,-8.4,ChEMBL,3514
Cc1cccc(Nc2ncnc3cnc(NCCc4c[nH]cn4)cc23)c1,-8.4,ChEMBL,3515
CC(C)(C)ONC(=O)Cc1cc(/N=C/c2cc(O)ccc2O)ccc1O,-8.4,ChEMBL,3516
CC(C)(C)NC(=O)c1ccc(S(=O)(=O)Oc2ccc(/C=C/[N+](=O)[O-])cc2)cc1,-8.4,ChEMBL,3517
CC(C)(C)ONC(=O)c1cc(NCc2cc(O)ccc2O)ccc1O,-8.4,ChEMBL,3518
Fc1ccc2c(Nc3cccc(Br)c3)ncnc2n1,-8.4,ChEMBL,3519
COc1cc2ncnc(Nc3cccc(C#CCO)c3)c2cc1OC,-8.4,ChEMBL,3520
C#CCNC/C=C/C(=O)Nc1cc2c(Nc3ccc(F)c(Cl)c3)c(C#N)cnc2cc1OCC,-8.4,ChEMBL,3521
O=C(O)CCNc1cc2ncnc(Nc3cccc(Br)c3)c2cn1,-8.4,ChEMBL,3522
COc1ccc(C2CC(c3ccc(C)c(C)c3)=NN2C(N)=S)cc1,-8.4,ChEMBL,3523
Cc1ccc(C2=NN(C(N)=S)C(c3ccc(O)cc3)C2)cc1C,-8.4,ChEMBL,3524
COc1cc2/c(=N/c3ccc(Br)cc3F)nc[nH]c2cc1OCC1CCN(C)CC1,-8.4,ChEMBL,3525
CONC(=O)c1cc(/N=C/c2cc(O)ccc2O)ccc1O,-8.4,ChEMBL,3526
NC(=S)N1N=C(c2ccc(Cl)c(Cl)c2)CC1c1ccc(F)cc1,-8.4,ChEMBL,3527
Nc1cc2ncnc(Nc3cccc(Br)c3)c2cn1,-8.4,ChEMBL,3528
[N+]n1ccc(CN2CCN([C@@H]3CCN(c4ccccc4)CC3)C2)c1Cl,-8.4,AIEMG,3529
c1ccc(Nc2[nH]cnc3nc4ccccc4c2-3)cc1,-8.4,ChEMBL,3530
Brc1cccc(Nc2ncnc3ccncc23)c1NCCCN1CCOCC1,-8.4,ChEMBL,3531
Nc1cc2ncnc(Nc3ccccc3N)c2cn1,-8.4,ChEMBL,3532
CCn1cnc2cnc(Nc3ccnc(N4CCC(OC)CC4)n3)cc21,-8.4,ChEMBL,3533
CCCC(Cc1coc2nc(N)nc(N)c12)c1ccccc1OC,-8.4,ChEMBL,3534
CCO/N=C/c1c(N)ncnc1Nc1ccc2c(cnn2Cc2cccc(F)c2)c1,-8.4,ChEMBL,3535
CCOc1cc2ncnc(Nc3cccc(-c4nc[nH]n4)c3)c2cc1OCC,-8.4,ChEMBL,3536
C#Cc1cncnc1Nc1ccc(OCc2cccc(F)c2)c(Cl)c1,-8.4,ChEMBL,3537
COc1cc2ncc(C#N)c(N[C@@H]3C[C@H]3c3ccc(Br)cc3)c2cc1OC,-8.4,ChEMBL,3538
[C@](C#N)(NC(=O)N[C@@H](C)c1ccc(OC2CCCC2)c([N+](=O)[O-])c1)c1ccccc1,-8.4,AIEMG,3539
C/N=N/Nc1ccc2ncnc(Nc3cccc(Br)c3)c2c1,-8.4,ChEMBL,3540
Brc1cccc(Nc2ncnc3cnc(NCCCn4ccnc4)nc23)c1,-8.4,ChEMBL,3541
[C@](C#N)([C@H](N)c1nc2ccccc2s1)[NH+]1CCCc2ccccc21,-8.4,AIEMG,3542
COc1cc2ncc(C#N)c(N[C@@H]3C[C@H]3c3cccc(Br)c3)c2cc1OC,-8.4,ChEMBL,3543
COc1cc2ncc(C#N)c(Nc3cccc(N=[N+]=[N-])c3)c2cc1OC,-8.4,ChEMBL,3544
[C@H](CCNC(=O)NCC(=O)Nc1ccc(Cl)cn1)c1ccccc1F,-8.4,AIEMG,3545
O=[N+]([O-])c1ccc2c(Nc3cccc(I)c3)ncnc2c1,-8.4,ChEMBL,3546
Nc1cc2ncnc(NCc3ccccc3C(F)(F)F)c2cn1,-8.4,ChEMBL,3547
CCOc1cc2ncnc(Nc3cccc(-c4cocn4)c3)c2cc1OCC,-8.4,ChEMBL,3548
CCCCC(Cc1coc2nc(N)nc(N)c12)c1ccccc1OC,-8.4,ChEMBL,3549
COc1cc(Nc2nccc(Nc3cnc4ccccc4c3)n2)cc(OC)c1OC,-8.4,ChEMBL,3550
CC(=O)OCN(C)/N=N/c1ccc2ncnc(Nc3cccc(Cl)c3)c2c1,-8.4,ChEMBL,3551
O=C(C#CCO)Nc1ccc2ncnc(Nc3cccc(Br)c3)c2c1,-8.4,ChEMBL,3552
[C@]1(Cc2cccnc2)C[C@]2(C)CC(=O)N1[C@@H](c1ccc(-n3cncn3)cc1)N2,-8.4,AIEMG,3553
Cc1ccn2ncnc(Nc3ccc(F)c(Cl)c3)c12,-8.4,ChEMBL,3554
P=C(\C1CCCC1)c1ccc(Cn2cccnc2=O)cc1,-8.4,AIEMG,3555
[C@@]1(c2ccc(F)cc2)NC(=O)N1c1cc(F)ccc1F,-8.4,AIEMG,3556
[C@@]1(CNC(=O)c2ccc(N(C)[C@H]3CCCN(C(=O)OC(C)(C)C)C3)cc2)CC[C@@H]1O,-8.4,AIEMG,3557
COCOC1=C(CNC(=O)CN2C(=O)N[C@@]3(CCc4ccc(F)cc4)C(=O)[C@@H]32)c2ccc(F)cc21,-8.4,AIEMG,3558
Fc1cc(C2=CC=C[C@@H]2c2ccc(F)c(Cl)c2)[nH]n1,-8.4,AIEMG,3559
[C@@](CNC(=O)CNC(=O)c1ccn(-c2ccccc2)n1)c1ccc(Cl)cc1,-8.4,AIEMG,3560
[C@@][C@@H](CC(=O)Nc1ccccc1)N1C(=O)/C(=C/C=C/c2ccccc2)SC1=S,-8.4,AIEMG,3561
[N+]1=Nc2ccccc2N[C@@H]1c1c(F)cccc1Cl,-8.4,AIEMG,3562
COc1cc2ncnc(N3CCc4ccccc43)c2cc1OC,-8.4,ChEMBL,3563
ClCc1ccccc1OCc1c[nH]c2ccc([N+](=O)[O-])cc12,-8.4,AIEMG,3564
Fc1cccc(-c2cc(-c3ccccc3)no2)c1,-8.4,AIEMG,3565
[C@](CO)c1ccc(F)c(Sc2nnc(C(C)(C)C)n2-c2ccccc2)c1,-8.4,AIEMG,3566
CN(C)CCCOCc1ccn2ncnc(Nc3ccc4c(cnn4Cc4cccc(F)c4)c3)c12,-8.4,ChEMBL,3567
C=CS(=O)(=O)Nc1cc2c(Nc3cccc(Br)c3)ncnc2cn1,-8.4,ChEMBL,3568
Cc1ncnc(Nc2ccc(OCc3cccc(F)c3)c(Cl)c2)c1/C=N/OCCN1CCOCC1,-8.4,ChEMBL,3569
CC(=O)Nc1c(Br)cccc1Nc1ncnc2ccncc12,-8.4,ChEMBL,3570
[C@]1(C[NH+]2CCC[C@@H]2CNC(=O)COc2ccccc2NC(=O)[C@H]2C[C@H]2C)NC1=O,-8.4,AIEMG,3571
Nc1c(F)cccc1Nc1ncnc2ccncc12,-8.4,ChEMBL,3572
[C@H]Oc1ccc(C(=O)Nc2cccc(F)c2F)cc1[N+](=O)[O-],-8.4,AIEMG,3573
COc1cc2ncnc(Nc3ccccc3)c2cc1OC,-8.4,ChEMBL,3574
COc1cc(C2=C(c3c[nH]c4ccccc34)C(=O)NC2=O)cc(OC)c1OC,-8.4,ChEMBL,3575
CCNCc1cn2ncnc(Nc3ccc4c(cnn4Cc4ccccc4)c3)c2c1CC,-8.4,ChEMBL,3576
Nc1cc2ncnc(Nc3ccc(C(F)(F)F)cc3)c2cn1,-8.4,ChEMBL,3577
COc1cc2ncc(C#N)c(Nc3cc(Cl)ccc3O)c2cc1OC,-8.4,ChEMBL,3578
CC#CC(=O)Nc1cnc2ncc(C#N)c(Nc3cccc(Br)c3)c2c1,-8.4,ChEMBL,3579
[C@@](C#CCNC(=O)Nc1ccccn1)c1ccc(C#N)cc1,-8.4,AIEMG,3580
Brc1cccc(Nc2ncnc3ccncc23)c1NCCc1c[nH]cn1,-8.4,ChEMBL,3581
COc1ccc2c(c1)Oc1ncnc(Nc3cccc(Br)c3)c1NC2,-8.4,ChEMBL,3582
[P@@]1C[C@H](c2cnn(C[C@@H]3CCCO3)c2)C[NH+]1Cc1cc(Cl)c(O)cc1Br,-8.4,AIEMG,3583
Fc1ccc(-c2ncn(CCN3CCOCC3)c2-c2ccc3[nH]ncc3c2)cc1,-8.4,ChEMBL,3584
Brc1cccc(Nc2ncnc3cnc(NCCCN4CCOCC4)nc23)c1,-8.4,ChEMBL,3585
Brc1cccc(Nc2ncnc3ccncc23)c1NCCCn1ccnc1,-8.4,ChEMBL,3586
[C@H](C)n1nnnc1CSc1nnc(C2CC2)n1Cc1cccc2ccccc12,-8.4,AIEMG,3587
CN(C)CCN1Cc2cc3c(Nc4cccc(Br)c4)ncnc3cc21,-8.4,ChEMBL,3588
COc1cc2c(cc1OC)Oc1ncnc(Nc3cccc(Cl)c3F)c1NC2,-8.4,ChEMBL,3589
FC(F)(F)c1[nH]c2ccccc2c1C[NH2+]Cc1ccccn1,-8.4,AIEMG,3590
COc1cc2ncnc(Nc3ccc(F)c(Cl)c3)c2cc1OCCNC(C)(CO)CO,-8.4,ChEMBL,3591
CNc1cc2ncnc(Nc3cccc(C)c3)c2cn1,-8.4,ChEMBL,3592
[C@H]1C(C)(C)C[C@@]1(O)CCNc1nc(C(C)(C)C)nc2cc(F)ccc12,-8.4,AIEMG,3593
C/C=C\C(=O)Nc1ccc2ncnc(Nc3cccc(Br)c3)c2c1,-8.4,ChEMBL,3594
CCN(CC)CC#CC(=O)Nc1ccc2ncnc(Nc3cccc(Br)c3)c2c1,-8.4,ChEMBL,3595
C[C@](O)(CNC(=O)CCC(=O)N1CCCCC1)c1ccccc1[N+](=O)[O-],-8.4,AIEMG,3596
Cc1ccc(Nc2ncnn3c(C)ccc23)cc1O,-8.4,ChEMBL,3597
COc1cc2ncnc(Nc3cccc(Cl)c3)c2cc1OC,-8.4,ChEMBL,3598
FC(F)(F)c1ccc(-c2csc(Nc3ccccc3)n2)cc1,-8.4,AIEMG,3599
FC(F)(F)[C@H]1CCN(C(=O)/C=C/c2ccccc2[N+](=O)[O-])C1,-8.4,AIEMG,3600
Cc1cc(Nc2ncc(C(=O)Nc3c(C)cccc3Cl)s2)nc(C)n1,-8.4,ChEMBL,3601
CN(CC(O)CO)c1c(Br)cccc1Nc1ncnc2ccncc12,-8.4,ChEMBL,3602
N#Cc1c(N)ncnc1Nc1ccc(OCc2ccccc2)c(Cl)c1,-8.4,ChEMBL,3603
Nc1ccc2c(c1)C(c1ccccc1Cl)=Nc1c[nH]nc1N2,-8.4,ChEMBL,3604
Brc1cccc(Nc2ncnc3cc4ncsc4cc23)c1,-8.4,ChEMBL,3605
[C@@](C#Cc1ccccc1)C(=O)N[C@H](C(=O)N1CCCC1)C(F)(F)F,-8.4,AIEMG,3606
C#CC(=O)Nc1cc2c(Nc3cccc(Br)c3)ncnc2cn1,-8.4,ChEMBL,3607
CN(C/C=C/C(=O)Nc1ccc2ncnc(Nc3cccc(Br)c3)c2c1)CCO,-8.4,ChEMBL,3608
O=[N+]([O-])c1ccc2ncnc(Nc3ccccc3)c2c1,-8.4,ChEMBL,3609
COc1cc2ncc(C#N)c(Nc3cccc([N+](=O)[O-])c3)c2cc1OC,-8.4,ChEMBL,3610
Nc1cc2ncnc(Nc3cccc(Br)c3)c2cc1[N+](=O)[O-],-8.4,ChEMBL,3611
COc1cc2c(N[C@@H]3C[C@H]3c3ccccc3)c(C#N)cnc2cc1OC1CCN(C)CC1,-8.4,ChEMBL,3612
Cc1cccc(Nc2ncnc3cnc(N)nc23)c1,-8.4,ChEMBL,3613
[C@H](C(=O)Nc1c(C(=O)[O-])cnn1C)c1ccc(C(F)(F)F)cc1,-8.4,AIEMG,3614
C=CC(=O)Nc1cc2c(Nc3cccc(Br)c3)ncnc2cn1,-8.4,ChEMBL,3615
COc1ccc2c(Nc3ccccc3)ncnc2c1,-8.4,ChEMBL,3616
Nc1ncnc(Nc2ccc(OCc3ccccc3)c(Cl)c2)c1C=O,-8.4,ChEMBL,3617
Cn1cnc2cc3ncnc(Nc4cccc(Br)c4)c3cc21,-8.4,ChEMBL,3618
[C@H](CO)c1ccccc1C(=O)Nc1cccc(C(=O)N(C)C)c1,-8.4,AIEMG,3619
COc1ccc2ncnc(Nc3ccc(OCc4ccccc4)cc3)c2c1,-8.4,ChEMBL,3620
[C@]O[C@@H](COC(=O)NCc1cccc(O)c1)c1nc(C2CCCCC2)no1,-8.4,AIEMG,3621
FC(F)(F)CC[NH+](Cc1ccncc1)C(=O)c1cccc(C[C@@H]2CCCO2)c1,-8.4,AIEMG,3622
FC(F)(F)c1ccc(Cl)c(-c2ccc(Nc3ncccn3)n2C(F)(F)F)c1,-8.4,AIEMG,3623
[N+]1=CN=C(NCc2ccc([N+](=O)[O-])cc2F)c2ccccc21,-8.4,AIEMG,3624
[C@]1(C(=O)c2ccc(C(C)(C)C)cc2)[NH+]=C(C#N)c2ccccc21,-8.4,AIEMG,3625
[C@H]Oc1ccc(Br)cc1NC(=O)COc1cccc2ccccc12,-8.4,AIEMG,3626
[P@@]N[C@@]([C@]NC(=O)c1ccc(S(=O)(=O)N2CCCC2)cc1)c1ccccc1,-8.4,AIEMG,3627
[C@]1(C(C)C)[C@@H](C(=O)Nc2cnn(C[C@@H](O)c3ccccc3)c2)C(=O)N(CCC(F)(F)F)[NH+]1C,-8.4,AIEMG,3628
c1ccc(C[C@H](CO)NC(=O)CSC2[NH+]=c3ccccc3=[NH+]C2)c(C)c1,-8.4,AIEMG,3629
[C@]([NH3+])c1cc(CNC(=O)CCCc2c[nH]c3ccccc23)ccc1[N+](=O)[O-],-8.4,AIEMG,3630
[N+]c1ccccc1-c1nnc(-c2ccccc2Br)[nH]1,-8.4,AIEMG,3631
[N+]=Cc1cccc(/C=C/C(=O)Nc2ccccc2OC(F)F)c1F,-8.4,AIEMG,3632
Clc1cccc([C@H]2CCCN2CCNC(=O)c2ccccc2F)c1,-8.4,AIEMG,3633
Clc1cc(C[C@H](O)c2ccccc2)sc1-c1ccccc1,-8.4,AIEMG,3634
[C@](COC(=O)Cc1cccc2ccccc12)NCc1ccc(F)cc1,-8.4,AIEMG,3635
[C@H](CN1CCC[C@@H](C(=O)N2CCC[C@H](C(N)=O)C2)C1)c1ccccc1,-8.4,AIEMG,3636
[C@]1(CNC(=O)Nc2ccc(Br)cc2)SC(SCC(=O)Nc2ccc(Cl)cc2)[C@H]1C,-8.4,AIEMG,3637
[N+]c1ccc(Oc2cc(C(=O)NC3CC3)cn2-c2ccccc2)cc1,-8.4,AIEMG,3638
[N+]1=N/N=C(c2ccc(Br)o2)S/C1=N\N=C/c1nc2ccccc2c(=O)n1CCC[NH+](CCC#N)C1CC1,-8.4,AIEMG,3639
[N+]=Cc1cn(-c2ccccc2)nc1-c1cc([O-])nc(N(C)C)n1,-8.4,AIEMG,3640
Fc1cc(N2CCN(C/C(Cl)=C\C(=O)c3ccc(F)cc3)CC2)ccc1Cl,-8.4,AIEMG,3641
Fc1cccc(-n2cnc3ccc(NC(=O)C(F)(Cl)F)c(Cl)c32)c1,-8.4,AIEMG,3642
Fc1ccc(-c2csc(-c3ccccc3Br)n2)cc1,-8.4,AIEMG,3643
[C@@]1(CCc2ccccc2)NC(=O)N(C[C@@H]2CCCN2S(=O)(=O)OCc2ccc(Cl)cc2)C1,-8.4,AIEMG,3644
FC(F)(F)c1ccc(CCNC(=O)N[C@H]2CCC[C@@H](n3cc[nH+]c3)C2)cc1,-8.4,AIEMG,3645
[C@](C#Cc1ccc(C(=O)[O-])cc1)[C@@H]1CN(Cc2ccccc2)[C@H](C)O1,-8.4,AIEMG,3646
[C@H]Oc1cc(C)c(NC(=O)CSc2nnnn2Cc2ccccc2)cc1C(=O)[O-],-8.4,AIEMG,3647
[N+]c1cc(OCc2ccccc2)nc(-c2cccnc2)n1,-8.4,AIEMG,3648
FC(F)(F)CS(=O)(=O)c1ccc(-c2nc(-c3cccnc3)no2)cc1,-8.4,AIEMG,3649
[C@@]1(COc2ccccc2)NC(=O)N(C(C)Cc2ccccc2)C1=O,-8.4,AIEMG,3650
[C@H](CNC1CC[NH+](Cc2cc(F)ccc2F)CC1)c1ccccc1,-8.4,AIEMG,3651
[C@@](C#Cc1ccc([N+](=O)[O-])cc1)c1ccccc1C(=O)N[C@H]1CCC[C@H]1CO,-8.4,AIEMG,3652
Cc1cc(-c2nn(C(C)C)c3ncnc(N)c23)sc1C=O,-8.4,ChEMBL,3653
FC(F)(F)c1ccc(OCC(=O)N2CCC(COc3ccccc3)CC2)cc1,-8.4,AIEMG,3654
FC(F)(F)Oc1cccc(-c2csc(NC3CCCCC3)n2)c1,-8.4,AIEMG,3655
[C@H](C)NC(=O)c1cccc(C#Cc2c(F)cccc2OC(F)F)c1,-8.4,AIEMG,3656
COc1cccc(C2=CC[C@@H](CNC(=O)c3ccc4c(c3)CCN4CCCOC)C2)c1,-8.4,AIEMG,3657
[C@]1(CCc2nc(-c3ccc(F)cc3)no2)Oc2ccccc21,-8.4,AIEMG,3658
[C@H]1C(C)(C)Cc2ccccc2N1CCCC(=O)c1cccc(Cl)c1Cl,-8.4,AIEMG,3659
[C@@]1(CNC(=O)/C=C/C2=Cc3cc(Cl)ccc3O2)CC(=O)N(C)C1=O,-8.4,AIEMG,3660
[C@H]Oc1ccc(-n2nc(C(=O)NCc3ccccc3)cc2CN2CCOCC2)cc1,-8.4,AIEMG,3661
[C@H]1C(=O)CCCN1C(=O)CN1C(=O)N[C@]2(CCc3ccccc32)C1=O,-8.4,AIEMG,3662
[N+]=C([N-]c1ccc(C(F)(F)F)cc1)NNC(=O)c1ccccc1F,-8.4,AIEMG,3663
[P@@](=C/c1ccnc2ccccc12)C(=O)Nc1cccc(Cl)c1,-8.4,AIEMG,3664
[C@@][C@@H]1[C@H](C(=O)Nc2cccc(C(F)(F)F)c2)C(=O)N=C1SCc1ccccc1,-8.4,AIEMG,3665
[C@H]1C(=O)N(C(=O)CSc2nnc3ccccn23)C(=O)N1C1CCCCC1,-8.4,AIEMG,3666
Fc1ccc(-c2noc(-c3ccc(NCc4cccnc4)o3)n2)cc1,-8.4,AIEMG,3667
c1cc2c(cc1O[C@@H](CO)C(=O)Nc1ccc3[nH]c(=O)ccc3c1)C2,-8.4,AIEMG,3668
n1ccc(-c2cncc(C(=O)Nc3cccc(C(F)(F)F)c3)n2)cc1,-8.4,AIEMG,3669
FC(F)(F)c1ccc(SCc2nc(-c3ccc4c(c3)OCO4)no2)cc1,-8.4,AIEMG,3670
[C@H]1c2ccccc2C(=O)O[C@@]1(C)C(=O)N[C@H](C)COc1ccccc1,-8.4,AIEMG,3671
FC(F)(F)c1cccc(Cn2cnnc2-c2ccccc2)c1,-8.4,AIEMG,3672
[N+]([O-])c1ccc(Nc2ncnc3c2CCN(c2ccc(F)cc2)C3)cc1,-8.4,AIEMG,3673
[C@@]1(CCOCc2n[nH]c3c2CCC3)CN(C[C@@H](C)C#Cc2ccccc2)C1=O,-8.4,AIEMG,3674
[P@@](=C/Nc1ccc2ccccc2c1)Nc1ccc([N+](=O)[O-])cc1,-8.4,AIEMG,3675
[C@@]1(CC2CC[NH+](CCc3c[nH]c4ccccc34)CC2)CCC1=O,-8.4,AIEMG,3676
[C@@](O)(CNC(=O)N1CCc2cc(F)ccc2C1)c1ccccc1,-8.4,AIEMG,3677
[C@@]c1n[nH]c2cc(NC(=O)NC[C@@H](O)c3cccnc3)cc(=O)n12,-8.4,AIEMG,3678
[C@@][C@](C)(C#Cc1ccccc1)C(=O)N/N=C\c1c(C)cc3c(c1)OCO3,-8.4,AIEMG,3679
[C@@]1(CCc2ccccc2)NC(=O)N(CC(=O)Nc2ccc(F)cc2)C1=O,-8.4,AIEMG,3680
[C@H](C)C(=O)N1CCC(CCc2c[nH]c3cc([N+](=O)[O-])ccc23)CC1,-8.4,AIEMG,3681
[C@H]1C(=O)CN[C@@H]1/C(=C\Nc1nnc(-c2cccs2)s1)c1cccc(Cl)c1,-8.4,AIEMG,3682
[N+]=Cc1ccc(Cl)c(S(=O)(=O)Nc2ncn(Cc3ccccc3)n2)c1,-8.4,AIEMG,3683
[NH+]=C(c1cccc(Cl)c1)[NH+](C)C/Cc1c[nH]c2c(Cl)cccc12,-8.4,AIEMG,3684
[N+]([O-])c1ccc([C@H]2CN(C(=O)c3ccc(F)c(F)c3)N=N2)cc1,-8.4,AIEMG,3685
[C@@]n1c(NC(=O)COC(=O)c2ccc(C)nc2)nc2ccc(F)cc21,-8.4,AIEMG,3686
[C@H]Oc1cc(/C=C2/C=C(c3ccc(F)cc3)N=N2)c(Br)cc1OCC(=O)NC1CC1,-8.4,AIEMG,3687
[C@]1(C(C)C)C(=O)C(=O)[C@@H]1NC(=O)COc1ccccc1OCc1ccccc1,-8.4,AIEMG,3688
[C@H]1CC[C@H](Oc2cccc(Cn3cc(-n4cccc4F)nn3)n2)C1,-8.4,AIEMG,3689
[C@@](C#CN(C)C(=O)CCC(=O)c1cccc2ccccc12)C(F)(F)F,-8.4,AIEMG,3690
FC(F)c1cccc(OCc2ccc(-c3nnco3)cc2)c1,-8.4,AIEMG,3691
[C@]1(NCc2ccccc2F)C=CC[C@@H]1CCS(=O)(=O)Cc1ccccc1Cl,-8.4,AIEMG,3692
FC(F)(F)c1ccc(NCc2cc(C(F)(F)F)ccc2Cl)cn1,-8.4,AIEMG,3693
[C@]Oc1ccccc1NC1CCC([NH2+]Cc2ccccc2[N+](=O)[O-])CC1,-8.4,AIEMG,3694
[C@H]1CCN(C(=O)c2ccc(OCc3ccccc3)c(F)c2)C1,-8.4,AIEMG,3695
[P@@]1C=N[C@H](c2c(Cl)cccc2Cl)[C@H]1c1ccc([N+](=O)[O-])cc1F,-8.4,AIEMG,3696
N(N[C@@H]N=C(c1cccs1)c1ccc(F)cc1)c1ccc(F)cc1,-8.4,AIEMG,3697
[P@@]=C(NS(=O)(=O)c1ccc2c(c1)CCO2)NNC(=O)c1ccc2c(c1)OCO2,-8.4,AIEMG,3698
Fc1cccc(CNCCSc2nc([O-])c3ccccc3n2)c1,-8.4,AIEMG,3699
[N+]1=C/C(=C\c2ccccc2F)c2ccc([N+](=O)[O-])cc21,-8.4,AIEMG,3700
[N+]=C(c1ccc(F)cc1)[NH+]1CCN(Cc2ccccc2F)CC1,-8.4,AIEMG,3701
[C@](C#C/C([O-])=N/c1nnc(SCC(=O)Nc2ccc(F)cc2)[nH]1)c1cccs1,-8.4,AIEMG,3702
[C@H](C)n1ncc2c1CC[C@H](Cc1c[nH]c3ccccc13)C2,-8.4,AIEMG,3703
[C@H](CNC(=O)N[C@H]1CC(=O)N(CC(F)(F)F)C1)c1cccc(C#N)c1,-8.4,AIEMG,3704
FC(F)Oc1ccc(Cl)cc1CNC[C@@H]1COc2ccccc2C1,-8.4,AIEMG,3705
FC(F)(F)CC[NH+]1CCC[C@@H]([C@@H]2CCCN(c3nc(C(F)(F)F)c(Cl)cc3Cl)C2)C1,-8.4,AIEMG,3706
[C@@]Oc1ccc(C(=O)NCc2nc3ccc(OC)cc3[nH]c2=O)cc1OCC(N)=O,-8.4,AIEMG,3707
FC(F)(F)/N=C(\[O-])CCNC(=O)c1ccn(-c2ccccc2)n1,-8.4,AIEMG,3708
Clc1cccc(CN(Cc2nccc3ccccc23)C2CCCC2)c1,-8.4,AIEMG,3709
[C@@]c1cc(C(=O)NCC[NH2+][C@@H](C)c2ccc(Cl)cc2)ccc1O,-8.4,AIEMG,3710
[C@@]Oc1ccc(-c2cccc(NC(=O)c3csnn3)c2)cc1[N+](=O)[O-],-8.4,AIEMG,3711
Fc1ccc(-n2nnc(/C=N/c3ccccc3)c2Cl)cc1,-8.4,AIEMG,3712
Cc1cccc(Nc2ncnc3ccncc23)c1NCCCN1CCN(C)CC1,-8.4,ChEMBL,3713
c1ccc(Nc2ncnc3[nH]c4c(c23)CCCC4)cc1,-8.4,ChEMBL,3714
C=CC(=O)Nc1cc(Nc2n[nH]c3cc(-c4cccnc4)ccc23)c(OC)cc1N(C)CCN(C)C,-8.398,ChEMBL,3715
CCOC(=O)CCCn1c(=O)oc2cc3ncnc(Nc4ccc(O)cc4)c3cc21,-8.398,ChEMBL,3716
COc1ccc2c(c1)CCCN2c1nc(C)nc2ccccc12,-8.396,ChEMBL,3717
COc1ccc(/C=C/C(=O)c2nnn(-c3ccc(Cl)cc3)c2C)cc1OC,-8.395,ChEMBL,3718
COc1cc(NC(=O)Nc2ccccn2)cc(-c2c[nH]cn2)c1OC,-8.394,ChEMBL,3719
Fc1ccc(Nc2ncnc3sc(Br)cc23)cc1Cl,-8.391,ChEMBL,3720
C=CC(=O)N1C[C@H](Nc2nc(Nc3cnn(C)c3)nc3[nH]cc(Cl)c23)[C@@H](F)C1,-8.391,ChEMBL,3721
C=CC(=O)N1C[C@H](COc2nc(Nc3cnn(C)c3)nc3[nH]cc(Cl)c23)[C@@H](O)C1,-8.388,ChEMBL,3722
CCC(=O)Nc1cc2c(Nc3ccc(F)c(Cl)c3)ncnc2cc1OC,-8.388,ChEMBL,3723
Clc1ccc2nc(Cc3nnc(-c4ccccc4)o3)[nH]c2c1,-8.386,ChEMBL,3724
OC[C@@H](Nc1ncnc2sc(Br)cc12)c1ccccc1,-8.385,ChEMBL,3725
COc1cc2ncnc(Nc3cccc(Br)c3)c2cc1OCCCn1ccnc1[N+](=O)[O-],-8.385,ChEMBL,3726
C=CC(=O)Nc1cc2c(Nc3cc(Cl)c(Cl)cc3F)ncnc2cc1OCCN(C)C,-8.384,ChEMBL,3727
C=CC(=O)Nc1cccc(Oc2nc(Nc3cnn(CCN(C)C)c3)nc3[nH]ccc23)c1,-8.384,ChEMBL,3728
C=CC(=O)Nc1cc2c(Nc3cccc(Cl)c3F)ncnc2cc1OCCNC(=O)CN(C)C,-8.383,ChEMBL,3729
COc1ccc(-c2cc(NC(=O)Nc3ccncc3)cc(OC)c2OC)cn1,-8.38,ChEMBL,3730
Cc1nc(Nc2ccc(C(F)(F)F)cc2)c2cc(C)oc2n1,-8.378,ChEMBL,3731
Cn1c(-c2csc(N/N=C\c3ccc([N+](=O)[O-])o3)n2)nc2ccccc21,-8.377,ChEMBL,3732
C=CC(=O)Nc1cccc(NC(=O)Nc2ccnc(Nc3ccc(OC)cc3OC)n2)c1,-8.376,ChEMBL,3733
COc1ccc2c(c1)CCCN2c1nc(Cl)nc2ccccc12,-8.376,ChEMBL,3734
C=CC(=O)N[C@@H]1CN(c2nc(Nc3cn(C)nc3OC)c3ncn(C(C)(C)C)c3n2)C[C@H]1F,-8.376,ChEMBL,3735
Oc1cccc(Nc2ncnc3scc(Cl)c23)c1,-8.374,ChEMBL,3736
COC1CCN(c2nccc(Nc3cc4c(cn3)[nH]c(=O)n4C(C)C)n2)CC1,-8.372,ChEMBL,3737
C=CC(=O)Nc1cc2c(Nc3ccc(Br)cc3F)ncnc2cc1OCCNC(N)=O,-8.371,ChEMBL,3738
CO[C@H]1CCN(c2nccc(Nc3cc4c(cn3)nc(CO)n4C(C)C)n2)C[C@H]1F,-8.371,ChEMBL,3739
COc1cc2nc(Cl)nc(Nc3ccc(C(N)=O)cc3)c2cc1OC,-8.368,ChEMBL,3740
CCOC(=O)CCCn1c(=O)oc2cc3ncnc(Nc4ccc(OC(C)C)cc4)c3cc21,-8.366,ChEMBL,3741
C=CC(=O)Nc1cccc(Oc2nc(Nc3cnn(CCN(C)C)c3)nc3[nH]ccc23)c1F,-8.366,ChEMBL,3742
COc1ccc(-c2nnc(Cc3nc4ccccc4[nH]3)o2)cc1,-8.364,ChEMBL,3743
C=CC(=O)Nc1cc2c(Nc3ccc(Cl)cc3F)ncnc2cc1OCCNC(=O)CN(C)C,-8.364,ChEMBL,3744
CC(=O)N1CCN(C(=O)Cn2c(-c3ccc(Cl)cc3)csc2=N)CC1,-8.364,ChEMBL,3745
COc1ccc(C2=NN(C3=NC(=O)CS3)C(c3ccc(Br)cc3)C2)cc1,-8.363,ChEMBL,3746
C=CCOC(=O)Nc1cc2c(Nc3ccc(F)c(Cl)c3)ncnc2s1,-8.362,ChEMBL,3747
Cn1cc(NC(=O)c2ccc(NS(=O)(=O)c3ccccc3)cc2)cn1,-8.361,ChEMBL,3748
Cc1cc(=O)n2nc(SCc3ccc(C(C)(C)C)cc3)nc2[nH]1,-8.361,ChEMBL,3749
Cn1c(=O)[nH]c2nc(SC/C(=N/O)c3ccc(Br)cc3)[nH]c2c1=O,-8.359,ChEMBL,3750
Fc1ccc(Oc2ncnc3ccccc23)cc1Cl,-8.357,ChEMBL,3751
COc1cc2ncnc(Nc3ccccc3C(F)(F)F)c2cc1OC,-8.356,ChEMBL,3752
COc1cccc(Nc2cc(Nc3cccc(Cl)c3)ncn2)c1,-8.355,ChEMBL,3753
CCOC(=O)c1ccc(O)c(Nc2ncnc3cc4oc(=O)n(CCOC)c4cc23)c1,-8.354,ChEMBL,3754
CN(C)c1ccc(/C=N\Nc2nc(-c3nc4ccccc4n3C)cs2)cc1,-8.353,ChEMBL,3755
C#Cc1cccc(-n2ccc3cc(OC)cc(OC)c3c2=O)c1,-8.353,ChEMBL,3756
CCOc1cc2ncnc(Nc3ccc(C)cc3)c2c2c1OCCO2,-8.35,ChEMBL,3757
C#Cc1cccc(Nc2ncnc3cc(OCC)c(NC(=O)/C=C/CN(C)C4CC4)cc23)c1,-8.349,ChEMBL,3758
COc1cc(NC(=O)Nc2ccncc2)cc(-c2cccnc2)c1OC,-8.348,ChEMBL,3759
Cn1c(=O)[nH]c2nc(SC/C(=N/O)c3ccc(Cl)cc3)[nH]c2c1=O,-8.343,ChEMBL,3760
O=C1CSC(N2N=C(c3ccc(Cl)cc3)CC2c2ccc(Cl)cc2)=N1,-8.343,ChEMBL,3761
Clc1ccc(Nc2cc(Nc3cccc(Cl)n3)ncn2)cc1,-8.343,ChEMBL,3762
O=C(CCCCCC(=O)Nc1ccc(O)c(C(=O)Nc2cccc(C(F)(F)F)c2)c1)NO,-8.342,ChEMBL,3763
Cc1nc2cnc(Nc3ccnc(N4CC[C@H](O)[C@H](F)C4)n3)cc2n1C(C)C,-8.339,ChEMBL,3764
CCOc1cc(O)c2c(=O)cc(-c3ccccc3)oc2c1,-8.337,ChEMBL,3765
NC(=S)N/N=C(/C=C/c1ccccc1)c1ccc(Cl)c(Cl)c1,-8.336,ChEMBL,3766
O=C(CCCCCC(=O)Nc1ccc(O)c(C(=O)Nc2ccc(F)c(Cl)c2)c1)NO,-8.334,ChEMBL,3767
C=CC(=O)Nc1cc2c(Nc3ccc(F)c(C#N)c3)ncnc2cc1OCCOC,-8.334,ChEMBL,3768
Cn1c(-c2csc(N/N=C\c3ccc(Br)cc3)n2)nc2ccccc21,-8.333,ChEMBL,3769
CC(O)c1ccc(NC(=O)c2cc3ccccc3[nH]2)cc1,-8.33,ChEMBL,3770
COC1(CCO)CCN(c2nccc(Nc3cc4c(cn3)nc(C)n4C(C)C)n2)CC1,-8.33,ChEMBL,3771
CN(C)C/C=C/C(=O)Nc1cc2c(Nc3ccc(F)c(Cl)c3)ncnc2s1,-8.329,ChEMBL,3772
COCC(C)Oc1cc2ncnc(Nc3ccc(F)c(Cl)c3)c2c2c1OCCO2,-8.328,ChEMBL,3773
COc1cc2nc(Cl)nc(Nc3ccc(O)cc3)c2cc1OC,-8.327,ChEMBL,3774
CS(=O)(=O)N(Cc1ccc2[nH]c(=O)c3cccn3c2c1)C1CC1,-8.324,ChEMBL,3775
COc1cc(NC(=O)Nc2nccs2)cc(-c2cccnc2)c1OC,-8.323,ChEMBL,3776
c1ccc(Cc2nnc(Cc3nc4ccccc4[nH]3)o2)cc1,-8.323,ChEMBL,3777
O=C(Cc1ccc(F)cc1)NS(=O)(=O)c1ccc(F)cc1,-8.322,ChEMBL,3778
CC(=O)c1cccc(NC(=O)c2cc3ccccc3[nH]2)c1,-8.321,ChEMBL,3779
Cc1nc2cnc(Nc3ccnc(SCC(C)(C)C(N)=O)n3)cc2n1C(C)C,-8.32,ChEMBL,3780
Clc1ccc2nc(Cc3nnc(Cc4ccccc4)o3)[nH]c2c1,-8.319,ChEMBL,3781
C#CCOc1cc2ncnc(Nc3ccc(F)c(Cl)c3)c2cc1NC(=O)C=C,-8.318,ChEMBL,3782
C=CC(=O)Nc1cc2c(Nc3ccc(Br)cc3F)ncnc2cc1OCCOC,-8.316,ChEMBL,3783
O=C(/C=C/c1ccccc1)Nc1cc(F)c(F)c(F)c1,-8.314,ChEMBL,3784
CCC(=O)NNC(=O)c1csc2ncc(-c3ccc(C)cc3)n12,-8.313,ChEMBL,3785
CCOC(=O)Nc1cc(Nc2ncnc3cc(OC)c(OC)cc23)ccc1C,-8.313,ChEMBL,3786
Cc1ccc(-c2nnc(SCc3ccccc3)o2)c(O)c1,-8.312,ChEMBL,3787
C=CC(=O)N1C[C@H](Nc2nc(Nc3cnn(C)c3)c3ncn(C(C)C)c3n2)[C@@H](F)C1,-8.312,ChEMBL,3788
C=CC(=O)N1CCC[C@@H](n2nc(C#CC3CCCC3)c3c(N)ncnc32)C1,-8.311,ChEMBL,3789
O=C(O)CCCC(=O)Nc1cc(Nc2cccc(Br)c2)ncn1,-8.31,ChEMBL,3790
CC#CC(=O)N[C@H]1CCCN(c2c(F)cc(C(N)=O)c3[nH]c(C)c(C)c23)C1,-8.309,ChEMBL,3791
O=C(NC(CO)Cc1ccccc1)c1cc2cc(Cl)ccc2[nH]1,-8.308,ChEMBL,3792
COc1cc2ncnc(Nc3ccc(F)c(Cl)c3)c2cc1OCCN1CC(OC)C1,-8.306,ChEMBL,3793
Cc1c(C(=O)NC(CO)Cc2ccccc2)[nH]c2ccc(Cl)cc12,-8.306,ChEMBL,3794
C=CC(=O)Nc1ccc(OC)c(Nc2cc(-c3[nH]c(SC)nc3C3CC3)ccn2)c1,-8.306,ChEMBL,3795
CCOC(=O)CCCn1c(=O)oc2cc3ncnc(Nc4ccc(OC)cc4)c3cc21,-8.306,ChEMBL,3796
C#Cc1cccc(Nc2ncnc3ccc(OCCCCCCC(=O)NO)cc23)c1,-8.301,ChEMBL,3797
Fc1cccc(Nc2ncnc3ccccc23)c1,-8.3,ChEMBL,3798
Cc1cccc(Nc2ncnc3ccc(N)cc23)c1,-8.3,ChEMBL,3799
Cc1ccc(C2=NN(C(N)=S)C(c3ccccc3F)C2)cc1C,-8.3,ChEMBL,3800
O=[N+]([O-])c1cc2c(Nc3cccc(Br)c3)ncnc2cc1Cl,-8.3,ChEMBL,3801
Nc1cc(C(F)(F)F)ccc1Nc1ncnc2ccncc12,-8.3,ChEMBL,3802
Cc1cccc(Nc2ncnc3cnc(NCCN4CCOCC4)nc23)c1,-8.3,ChEMBL,3803
CN(C)/N=N/c1ccc2ncnc(NCc3ccccc3)c2c1,-8.3,ChEMBL,3804
Nc1c(Nc2ncnc3ccncc23)cccc1[N+](=O)[O-],-8.3,ChEMBL,3805
C/N=N/Nc1ccc2ncnc(Nc3cccc(Cl)c3)c2c1,-8.3,ChEMBL,3806
CN(C)CCCNC(=O)/C=C/C(=O)Cc1cc2c(Nc3cccc(Br)c3)ncnc2cn1,-8.3,ChEMBL,3807
COc1cc2ncnc(N(C)c3cccc(Br)c3)c2cc1OC,-8.3,ChEMBL,3808
O=C(Nc1ccccc1)c1cc2ccc(O)c(O)c2cn1,-8.3,ChEMBL,3809
COc1cc2ncnc(C#CC(C)(C)Cc3ccccc3)c2cc1OC,-8.3,ChEMBL,3810
C=CC(=O)Nc1cc2c(Cc3cccc(Br)c3)ncnc2cc1OCCCn1ccnc1,-8.3,ChEMBL,3811
COc1cc2ncnc(NC3CC3c3ccccc3)c2cc1OC,-8.3,ChEMBL,3812
[P@@]c1cn(-c2ccccc2)nc1-c1ccccc1Cl,-8.3,AIEMG,3813
[P@@]1C[C@@H](c2ccccc2)NC(=O)N1CN1CCC(OCc2ccccc2)CC1,-8.3,AIEMG,3814
COc1cc2c(Nc3ccc(Cl)cc3F)ncnc2cc1OCCCN1CCOCC1,-8.3,ChEMBL,3815
[N+]([O-])C(c1ccccc1)N(CC(=O)c1ccc([N+](=O)[O-])cc1)C(=O)Nc1ccccc1,-8.3,AIEMG,3816
[P@@]=C(NC(=O)c1ccc(Br)cc1)N1CCc2ccccc21,-8.3,AIEMG,3817
C#CCOc1cc2c(Nc3cccc(Cl)c3)ncnc2cc1OC,-8.3,ChEMBL,3818
CCC(=O)Nc1ccc2ncnc(Nc3cccc(Br)c3)c2c1,-8.3,ChEMBL,3819
COc1cc(-c2nn(C(C)C)c3ncnc(N)c23)ccc1NC(=O)OC(C)(C)C,-8.3,ChEMBL,3820
C=CC(=O)Nc1nc2c(Nc3ccc(F)c(Cl)c3)ncnc2cc1OCCCN1CCOCC1,-8.3,ChEMBL,3821
COCOCC#CC(=O)Nc1ccc2ncc(C#N)c(Nc3cccc(Br)c3)c2c1,-8.3,ChEMBL,3822
CN1C(=S)C(C(=O)Nc2ccccc2)c2ccccc21,-8.3,ChEMBL,3823
C=CC(=O)Nc1nc2c(Nc3ccc(F)c(Cl)c3)ncnc2cc1OCCCN1CCN(C)CC1,-8.3,ChEMBL,3824
C=CC(=O)Nc1ccc2ncnc(Cc3ccc(OCCN(C)C)c(Br)c3)c2c1,-8.3,ChEMBL,3825
CN(C)c1ccc2c(Nc3cccc(Br)c3)ncnc2c1,-8.3,ChEMBL,3826
COc1ccc2ncnc(Nc3ccccc3)c2c1,-8.3,ChEMBL,3827
CNc1ncc2ncnc(Nc3cccc(C)c3)c2n1,-8.3,ChEMBL,3828
O=C(/C=C\Cl)Cc1cc2c(Nc3cccc(Br)c3)ncnc2cn1,-8.3,ChEMBL,3829
O=C(NCc1ccccc1)c1cc2cc(O)c(O)cc2cn1,-8.3,ChEMBL,3830
CNc1ncc2ncnc(Nc3cccc(Br)c3)c2n1,-8.3,ChEMBL,3831
C=CC(=O)Nc1cc2ncnc(Nc3cccc(Cl)c3)c2cn1,-8.3,ChEMBL,3832
O=C(O)c1ccc(S(=O)(=O)Oc2ccc(/C=C/[N+](=O)[O-])cc2)c(O)c1,-8.3,ChEMBL,3833
O=C(O)CNc1c(Br)cccc1Nc1ncnc2ccncc12,-8.3,ChEMBL,3834
O=[N+]([O-])c1cccc(Nc2nccc(-c3cccnc3)n2)c1,-8.3,ChEMBL,3835
C=CC(=O)Nc1nc2c(Cc3ccc(F)c(Cl)c3)ncnc2cc1OCCOC,-8.3,ChEMBL,3836
COc1cc(/C=C(\C#N)C(N)=O)cc(CSCc2ccccc2)c1O,-8.3,ChEMBL,3837
COc1cccc(Nc2ncnc3cc(N)ncc23)c1,-8.3,ChEMBL,3838
C=CC(=O)Nc1ccc2ncnc(Nc3cccc(Br)c3)c2c1,-8.3,ChEMBL,3839
Cc1cccc(Nc2ncnc3cnc(NCCCN4CCOCC4)cc23)c1,-8.3,ChEMBL,3840
Brc1cccc(Nc2ncnc3c2sc2ncccc23)c1,-8.3,ChEMBL,3841
Oc1cc2ncnc(Nc3cccc(Br)c3)c2cc1O,-8.3,ChEMBL,3842
CN(CC(O)CO)c1cc2c(Nc3cccc(Br)c3)ncnc2cn1,-8.3,ChEMBL,3843
CC(COC(=O)c1cc(/N=C/c2cc(O)ccc2O)ccc1O)CC(C)(C)C,-8.3,ChEMBL,3844
CNCCOc1cc2c(Nc3ccc(F)c(Cl)c3)ncnc2cc1OC,-8.3,ChEMBL,3845
Nc1ccc(Nc2ncnc3cc(N)ncc23)cc1,-8.3,ChEMBL,3846
COc1cc(-c2nn(C(C)C)c3ncnc(N)c23)ccc1N,-8.3,ChEMBL,3847
Nc1ccc2c(c1)CNc1c(Nc3cccc(Br)c3)ncnc1O2,-8.3,ChEMBL,3848
CCCCN1C(=O)CS/C1=N/Nc1nncc2ccccc12,-8.3,ChEMBL,3849
COc1ccccc1CNc1ncnc2cc(N)ncc12,-8.3,ChEMBL,3850
Cc1ccc(C(=O)/C(C#N)=C/c2ccc(O)c(O)c2)cc1,-8.3,ChEMBL,3851
Nc1cc2ncnc(NCc3ccccc3Br)c2cn1,-8.3,ChEMBL,3852
Cc1[nH]c2ncnc(Nc3ccccc3Cl)c2c1C,-8.3,ChEMBL,3853
Cc1cccc(CN(Cc2ccc(O)cc2)C(=S)Nc2ccccc2)c1O,-8.3,ChEMBL,3854
CN(C)c1cccc(CNc2ncnc3cc(N)ncc23)c1,-8.3,ChEMBL,3855
Cc1cccc(Nc2ncnc3cc(NCCCn4ccnc4)ncc23)c1,-8.3,ChEMBL,3856
COc1cc2ncnc(Nc3ccc(F)c(Cl)c3)c2cc1OCCCN(C)C,-8.3,ChEMBL,3857
COc1cc(/C=C(\C)[N+](=O)[O-])ccc1OS(=O)(=O)c1ccc(C(=O)O)cc1,-8.3,ChEMBL,3858
Cc1[nH]c2ncnc(Nc3cc(Cl)cc(Cl)c3)c2c1C,-8.3,ChEMBL,3859
COc1cc2ncnc(Nc3ccc(F)c(Cl)c3)c2cc1OCCN(CCO)CCO,-8.3,ChEMBL,3860
COc1cc2ncnc(Nc3ccc(F)c(Cl)c3)c2cc1OCCN(C)C,-8.3,ChEMBL,3861
COc1cc2ncnc(Oc3cccc(Cl)c3)c2cc1OC,-8.3,ChEMBL,3862
Cn1nc(-c2ccc(Br)c(O)c2)c2c(N)ncnc21,-8.3,ChEMBL,3863
O=NN(CCCl)C(=O)Nc1ccc2ncnc(Nc3cccc(Br)c3)c2c1,-8.3,ChEMBL,3864
OCCN(CCO)CCCNc1cc2ncnc(Nc3cccc(Br)c3)c2cn1,-8.3,ChEMBL,3865
Nc1ccc2c(Nc3cccc(F)c3)ncnc2c1,-8.3,ChEMBL,3866
O=C(O)c1cc(NCc2cc(O)ccc2O)ccc1O,-8.3,ChEMBL,3867
Fc1cc2ncnc(Nc3cccc(Br)c3)c2cn1,-8.3,ChEMBL,3868
COc1cc2ncnc(Nc3cccc(C#CCCCO)c3)c2cc1OC,-8.3,ChEMBL,3869
CC(C)n1nc(-c2cccnc2)c2c(N)ncnc21,-8.3,ChEMBL,3870
COc1cc2ncnc(C#CC(C)(C)N(C)c3ccccc3)c2cc1OC,-8.3,ChEMBL,3871
C#CCCCOc1cc2c(Nc3cccc(Cl)c3)ncnc2cc1OC,-8.3,ChEMBL,3872
CCN(CC)CCCNc1ncc2cc(-c3c(Cl)cccc3Cl)c(=O)n(C)c2n1,-8.3,ChEMBL,3873
CCOc1ccc(-c2nn(C3CCCC3)c3ncnc(N)c23)cc1OC,-8.3,ChEMBL,3874
COCC(=O)Nc1ccc2ncnc(Nc3cc(Cl)c(Cl)cc3F)c2c1,-8.3,ChEMBL,3875
COc1cc2c(C#N)cnc(Nc3cccc(Br)c3)c2cc1OC,-8.3,ChEMBL,3876
CN(C)CCNc1cc2ncnc(Nc3cccc(Br)c3)c2cn1,-8.3,ChEMBL,3877
COC(=O)c1ccc(S(=O)(=O)Oc2ccc(/C=C/[N+](=O)[O-])cc2)cc1O,-8.3,ChEMBL,3878
COc1cc2ncc(C#N)c(Nc3ccc(C)c(Br)c3)c2cc1OC,-8.3,ChEMBL,3879
COc1cc2ncc(C#N)c(Nc3ccc(Cl)cc3F)c2cc1OC,-8.3,ChEMBL,3880
COc1cc2ncc(C#N)c(Nc3ccc(F)c(Cl)c3)c2cc1OC,-8.3,ChEMBL,3881
CNc1ccc2ncnc(Nc3cccc(Cl)c3)c2c1,-8.3,ChEMBL,3882
CNc1ccc2ncnc(Nc3cccc(C)c3)c2c1,-8.3,ChEMBL,3883
COCC#CC(=O)Nc1ccc2ncc(C#N)c(Nc3cccc(Br)c3)c2c1,-8.3,ChEMBL,3884
COc1cc2c(cc1OC)Nc1ncnc(N[C@H](C)c3ccccc3)c1NC2,-8.3,ChEMBL,3885
NCCCOCc1ccn2ncnc(Nc3ccc4c(cnn4Cc4cccc(F)c4)c3)c12,-8.3,ChEMBL,3886
COc1cc2ncc(C#N)c(N[C@@H]3C[C@H]3c3ccccc3)c2cc1OC,-8.3,ChEMBL,3887
COc1cc2ncc(C#N)c(N[C@@H]3C[C@H]3c3ccccc3F)c2cc1OC,-8.3,ChEMBL,3888
CNc1cc2c(Nc3cccc(C)c3)ncnc2cn1,-8.3,ChEMBL,3889
Cc1ccc(C2=NN(C(N)=S)C(c3ccccc3Br)C2)cc1C,-8.3,ChEMBL,3890
COc1cc2c(Nc3ccc(Cl)cc3F)ncnc2cc1OCCN1CCOCC1,-8.3,ChEMBL,3891
COc1ccc(-c2n[nH]c3ncnc(N)c23)cc1O,-8.3,ChEMBL,3892
COc1cc2c(Nc3c(F)cc(Br)cc3F)ncnc2cc1OCC1CCNCC1,-8.3,ChEMBL,3893
CNCCOc1n[nH]c2ncnc(Nc3ccc(OCc4ccccn4)c(Cl)c3)c12,-8.3,ChEMBL,3894
CN(C)CCNc1ncc2ncnc(Nc3cccc(Br)c3)c2n1,-8.3,ChEMBL,3895
COc1cc(F)c(-c2nn(C(C)C)c3ncnc(N)c23)cc1F,-8.3,ChEMBL,3896
O=C(O)CCCNc1c(Br)cccc1Nc1ncnc2ccncc12,-8.3,ChEMBL,3897
CN(C)c1ncc2ncnc(Nc3cccc(Br)c3)c2n1,-8.3,ChEMBL,3898
CN(CCO)c1cc2ncnc(Nc3cccc(Br)c3)c2cn1,-8.3,ChEMBL,3899
COCOC#CC(=O)Nc1ccc2ncc(C#N)c(Nc3cccc(Br)c3)c2c1,-8.3,ChEMBL,3900
Brc1cccc(Nc2ncnc3ccc4[nH]cnc4c23)c1,-8.3,ChEMBL,3901
CNc1cc2c(Nc3ccccc3)ncnc2cn1,-8.3,ChEMBL,3902
COc1ccccc1Nc1ncnc2cc(N)ncc12,-8.3,ChEMBL,3903
O=C(CCl)Nc1ccc2ncnc(Nc3cccc(I)c3)c2c1,-8.3,ChEMBL,3904
CN(C)C/C=C/C(=O)Nc1ccc2ncnc(Nc3cccc(I)c3)c2c1,-8.3,ChEMBL,3905
c1ccc(CNc2ccnc3oc4ccccc4c23)cc1,-8.3,ChEMBL,3906
O=S(=O)(CCO)c1cc2c(Nc3cccc(Br)c3)ncnc2cn1,-8.3,ChEMBL,3907
[C@H]Oc1cccc(CNC(=O)[C@H]2CCCN(Cc3ccccc3)C2)c1OC(F)F,-8.3,AIEMG,3908
[C@H]Oc1cccc(C(=O)Nc2cc(F)ccc2F)c1,-8.3,AIEMG,3909
[N+]1=C/C=C/C1=C\c1ccc(OCc2coc(-c3ccccc3)n2)cc1,-8.3,AIEMG,3910
[C@H](Cc1ccc(Cl)cc1)C(=O)c1c(N)n(C)c2ccccc12,-8.3,AIEMG,3911
[C@@]Oc1ccc(NC(=O)COC2=NC(=O)CS2)cc1OC/N=C/[C@@H]1C(=O)c2ccccc2C1=O,-8.3,AIEMG,3912
[C@H](CC(=O)N1CCC[C@H]1CN1CCc2ccccc21)c1ccccn1,-8.3,AIEMG,3913
[C@H]1C=C(C(=O)Oc2cccc(CC[NH+]3CCCC3)c2)CCC1,-8.3,AIEMG,3914
[C@](O)(c1ccc(F)cc1)N1CCC([NH+](C)CC(=O)Nc2ccccc2)CC1,-8.3,AIEMG,3915
Cn1nccc1-c1cccc(NC(=O)NCC[C@@H]2CCCO2)c1,-8.3,AIEMG,3916
[C@](CNC(=O)c1cccc2ccccc12)NC1CN(C(=O)c2csnn2)C1,-8.3,AIEMG,3917
O[C@](Cc1ccccc1)c1cc(Cl)cc2c1CCOC2,-8.3,AIEMG,3918
[N+](=O)c1ccc([N+](=O)[O-])cc1CCNC(=O)[C@@H](c1ccccc1)C(F)F,-8.3,AIEMG,3919
Fc1ccc(-c2nc(C[S@@](=O)CCNC(=O)c3ccc(OC(F)F)cc3)no2)cc1,-8.3,AIEMG,3920
COc1cccc(C(=O)Oc2cccc3ccccc23)c1,-8.3,AIEMG,3921
[C@H]1C(=O)c2ccc(OC(=O)c3cccc(Br)c3)cc2N1,-8.3,AIEMG,3922
[C@](O)(c1cccc(C(F)(F)F)c1)NC(=[NH2+])C(CCO)C1CCCC1,-8.3,AIEMG,3923
[NH+]N=C([O-])CCC(=O)Nc1cccc(C(=O)NOCc2ccccc2)c1,-8.3,AIEMG,3924
[C@H]Oc1cccc(-c2nc(NC(=O)CNc3cc(F)ccc3F)co2)c1,-8.3,AIEMG,3925
[C@H]1CCC[C@@H]1C(=O)Nc1ccc([N+](=O)[O-])c(OCc2ccccc2)c1,-8.3,AIEMG,3926
[C@H](C)[C@@H](NC(=O)NCCn1ncc2c1CCCC2)c1cc(F)ccc1F,-8.3,AIEMG,3927
[P@@]=C(Cc1ccnc(OC2CCCC2)c1)NCc1cccc(Cl)c1,-8.3,AIEMG,3928
[C@H](C(=O)NNC(=O)c1c(F)cccc1Cl)c1c(Cl)cccc1Cl,-8.3,AIEMG,3929
[NH+](CC1CC1)[C@H]1CCN(C(=O)c2ccc(C3CCCC3)cc2)C1,-8.3,AIEMG,3930
n1cc(-c2nnc(SCc3csc4ccccc34)n2N)ccc1Cl,-8.3,AIEMG,3931
[C@]12C[C@@H](C(=O)N3CCC[C@@H]3CCc3ccccc3)[C@H]1CC[C@@H]2O,-8.3,AIEMG,3932
FC(F)CN1CCC(Nc2ccc(C(=O)N3CCCCC3)cc2)CC1,-8.3,AIEMG,3933
[C@](O)(CNC(=O)[C@@H]1C[C@@H]1c1ccccc1)c1ccc2c(c1)OCO2,-8.3,AIEMG,3934
FC(F)(F)c1cccc(CNC(=O)c2cccn2CC(F)(F)F)c1,-8.3,AIEMG,3935
[C@]1(c2ccccc2)NC(=O)N(CC(=O)c2ccccc2)C1=O,-8.3,AIEMG,3936
[C@H]Oc1ccccc1NC(=O)N(C)C/C(C)=C/c1ccc(N2CCCC2=O)cc1,-8.3,AIEMG,3937
[N+]c1cccc(-c2ccc(NCCc3ccncc3)nn2)c1,-8.3,AIEMG,3938
c1ccc2c(c1)CN(COC(=O)c1ccc(Cl)cc1Br)CC2,-8.3,AIEMG,3939
[C@@](C)(C(=O)Nc1c(C)cccc1C)S(=O)(=O)c1ccc(F)cc1,-8.3,AIEMG,3940
[C@H]1C(C)=NC2=C(C(=O)C[C@@H](c3cc(Br)ccc3)N2)c1,-8.3,AIEMG,3941
[C@H]1c2ccccc2CC[C@H]1C(=O)N/N=C/c1ccn[nH]1,-8.3,AIEMG,3942
[C@](C(=O)N(C)c1ccc(Cl)cc1)[C@@H]1CCCc2ccccc21,-8.3,AIEMG,3943
[C@]1(CCNC(=O)Cc2ccon2)CCCc2ccccc21,-8.3,AIEMG,3944
[C@H](C)C(=O)NC[C@H](c1ccc(F)cc1)c1cccc(F)c1,-8.3,AIEMG,3945
[N+][C@@H]1CCCCN1C(=O)c1c[nH+]ccc1N1CCc2ccccc21,-8.3,AIEMG,3946
N[NH+]1c2ccccc2C[C@H]1C(=O)Nc1ccc(C(F)(F)F)cc1,-8.3,AIEMG,3947
[C@@](C)(C#N)c1cccc(CC[NH+]2CCC[C@]2(C)C(=O)c2ccccc2)c1,-8.3,AIEMG,3948
[N+]=Cc1nc(CN2CCN(C(=O)c3ccco3)CC2)c2ccccc2[nH+]1,-8.3,AIEMG,3949
[C@@](CN/C=C1\C(=O)NC(=O)c2ccccc21)CCn1cc(Cl)cn1,-8.3,AIEMG,3950
Fc1c(Cl)ccc2nc(Oc3ccccc3)ccc12,-8.3,AIEMG,3951
[N+]/C=C/c1cc(Cl)ccc1OCC(=O)N/N=C/c1ccccc1O,-8.3,AIEMG,3952
[N+]=C1/C(=N/N=C\C=C\c2ccccc2)n2ncnc2N1,-8.3,AIEMG,3953
Clc1[nH]cc(S(=O)(=O)Oc2ccc(F)cc2)c1NCc1ccccc1,-8.3,AIEMG,3954
[C@@]1(NC(=O)CSCc2ccccc2)c2ccccc2C1=O,-8.3,AIEMG,3955
[C@](CC(=O)NCc1ccc2c(c1)CCC[NH2+]2)NCc1ccc(F)cc1,-8.3,AIEMG,3956
[C@](C#C/N=C(\C#N)C(=O)NCc1ccccc1)c1ccc(Cn2cccn2)cc1,-8.3,AIEMG,3957
Clc1ccc(COc2cc(Cl)c3ccccc3n2)cc1,-8.3,AIEMG,3958
[N+]=Cc1ccccc1Cn1ccnc1C(=O)c1ccccc1,-8.3,AIEMG,3959
[N+]c1cc(C[NH2+][C@H]2CCCc3c(Br)cccc32)cc(OC)c1O,-8.3,AIEMG,3960
[N+]1=CC=C[C@H]1Cc1nnc(-c2ccc(Cl)cc2)n1Cc1ccccc1F,-8.3,AIEMG,3961
c1cc(C(=O)Nc2cccc(-n3cccn3)c2)nnc1C[C@@H](C)Cn1cccn1,-8.3,AIEMG,3962
c1ccc(N2CC[C@@H](CNC(=O)Nc3cccnc3Cl)C2)cc1,-8.3,AIEMG,3963
[C@@](C#CNC(=O)c1cc(Cl)cc(Cl)c1)C1CC[NH+](CCc2ccccc2)CC1,-8.3,AIEMG,3964
[NH2+][C@@H](CN1CCC(Cc2ccccn2)CC1)c1ccc(F)cc1,-8.3,AIEMG,3965
[C@]Oc1cccc(NC(=O)C(=O)NCc2ccc3nc[nH]c3c2)c1,-8.3,AIEMG,3966
FC(F)Oc1ccc(S(=O)(=O)NNc2nc3ccccc3s2)cc1,-8.3,AIEMG,3967
[C@@](C#C[C@@H](O)COc1cccc(C[NH+]2CCCC2)c1)c1ccc(F)cc1,-8.3,AIEMG,3968
[nH+]1c(C(=O)N2CCN(c3ccc(Cl)cc3)CC2)noc1N1CCOCC1,-8.3,AIEMG,3969
FC(F)(F)c1ccc(NC(=O)[C@@H]2COc3ccc(Cl)cc3N2)cc1,-8.3,AIEMG,3970
FC(F)C(F)(F)c1cccc(NCc2ccccc2)c1F,-8.3,AIEMG,3971
[C@@H](C[C@@H](O)COc1ccc(Br)cc1F)NNC(=O)c1cc(Cl)c2ccccc2n1,-8.3,AIEMG,3972
[N+]=Cc1ccc(F)cc1NC(=O)NCC1CCN(c2cnccn2)CC1,-8.3,AIEMG,3973
[C@H]1c2ccccc2C(=O)N1CCCN1CCN(c2ccc(C#N)c[nH+]2)CC1,-8.3,AIEMG,3974
[N+]1=N/[C@H](C(=O)Nc2ccccc2F)c2ccccc21,-8.3,AIEMG,3975
[C@@](CNC(=O)c1ccccc1)N1CCC(c2ccccc2)=[NH+]1,-8.3,AIEMG,3976
[C@H]1CC(C(=O)NCC(C2CC2)[C@H]2C[C@@H]2C(=O)[O-])=N/C1=N\c1ccc(O)cc1,-8.3,AIEMG,3977
[C@H]Oc1cc(NCc2ccc(Cl)cc2)ccc1NC(=O)c1ccco1,-8.3,AIEMG,3978
[C@@]1(CNC(=O)Nc2cnc(Cc3ccccc3)o2)CCCCC1=C,-8.3,AIEMG,3979
[C@@](C#Cc1ccc(OC(F)F)cc1)NC(=O)c1ccc(-c2ccco2)cc1,-8.3,AIEMG,3980
[C@@]Oc1ccccc1C(=O)NCCc1n[nH]c2ccccc12,-8.3,AIEMG,3981
[C@@H]Oc1ccc(CNC(=O)CS[C@@H](c2ccccc2)c2cccs2)cc1,-8.3,AIEMG,3982
[C@@]Oc1ccc(S(=O)(=O)N2CCc3nc4c(C)cccc4cc32)cc1OC,-8.3,AIEMG,3983
[C@H]1CN(C(=O)C(=O)NC[C@@H]2CCC(O)(CC(F)(F)F)C2)CCC1(C)C,-8.3,AIEMG,3984
[C@@](C#CCn1c2ccccc2c2cc(Cl)c(Cl)cc21)NCc1ccco1,-8.3,AIEMG,3985
[N+]=C(c1ccc2ncccc2n1)c1cccc(F)c1,-8.3,AIEMG,3986
[P@@]=C(NCc1nc2ccccc2s1)c1c[nH]c2ccccc12,-8.3,AIEMG,3987
[C@]1(Cc2ccccc2)NC(=O)N(C[C@@H]2CCCO2)C12CCCC2,-8.3,AIEMG,3988
[C@H]1C[C@H](C(=O)[O-])[C@@H](C(=O)NCc2cccc3ccccc23)S1,-8.3,AIEMG,3989
[C@@]Oc1ccccc1NC(=S)NNC(=O)C(=O)N1CCC(n2cccc2C(C)C)CC1,-8.3,AIEMG,3990
[C@@](CC(=O)c1ccco1)c1ccccc1Cc1ccc(F)cc1,-8.3,AIEMG,3991
[C@]1(CCC[NH+]2CCCCC2)CCCN1c1ccc(OCc2ccccc2)cc1,-8.3,AIEMG,3992
Fc1ccc(SCC[C@H]2Cc3cc(-c4ccccc4)ccc3O2)cc1,-8.3,AIEMG,3993
[C@](CN(CC(=O)Nc1cccc(Cl)c1)NC(=O)[C@H]1CCCO1)c1ccco1,-8.3,AIEMG,3994
[C@@]1(Cc2ccc(CC(C)C)cc2)NC(=O)N(CC(=O)NCc2ccccc2)C1=O,-8.3,AIEMG,3995
FC(F)(F)c1cccc(CNC[C@H]2CCC[NH+](Cc3ncnn3C=O)C2)c1,-8.3,AIEMG,3996
FC(F)(F)Oc1ccc(Nc2nc3cc(Cl)cc(Cl)c3s2)cc1,-8.3,AIEMG,3997
[C@H](CNC(=O)Nc1cccc(C(F)(F)F)c1)c1c(F)cccc1F,-8.3,AIEMG,3998
[C@@](CNC(=O)c1ccnc(OC2CCCCC2)c1)C1c2ccccc2C1,-8.3,AIEMG,3999
Cl[C@@H]1CC[C@H](C(=O)N2CCC([C@H](O)c3ccccc3)CN2)O1,-8.3,AIEMG,4000
FC(F)(F)C(F)(F)c1ccc(-c2ccncc2)[nH]c1=O,-8.3,AIEMG,4001
Fc1ccc2oc(CN3CCN(C(=O)c4ccc([N+](=O)[O-])cc4)CC3)nc2c1,-8.3,AIEMG,4002
c1cnn(C[C@@H]2CCCN(C(=O)Cc3ccccc3)C2)c1,-8.3,AIEMG,4003
Clc1ccc([N+](=O)[O-])c(OCc2ccc(OCc3ccccc3F)cc2)c1,-8.3,AIEMG,4004
COc1ccc(C2CC(c3ccc(F)cc3)=NN2C2=NC(=O)CS2)cc1,-8.299,ChEMBL,4005
Cc1nc(N(C)c2ccc3c(c2)OCO3)c2cc(C)oc2n1,-8.298,ChEMBL,4006
C=CC(=O)Nc1cc2c(Nc3ccc(Cl)nc3)ncnc2cc1OCCNC(C)=O,-8.298,ChEMBL,4007
COc1ccc(C2CC(c3ccc(Cl)cc3)=NN2C2=NC(=O)CS2)cc1,-8.297,ChEMBL,4008
C=CC(=O)Nc1cc2c(Nc3ccc(F)c(Cl)c3)ncnc2cc1OC,-8.297,ChEMBL,4009
CN1CCN(c2ccc(NC(=O)c3c(N)cc[nH]c3=O)cc2)CC1,-8.294,ChEMBL,4010
C#Cc1cccc(Nc2ncnc3cc(OC)c(OCCCCn4ccnc4[N+](=O)[O-])cc23)c1,-8.288,ChEMBL,4011
CCN(CC)CCN(C)C/C=C/C(=O)Nc1cc2c(Nc3ccc(F)c(Cl)c3)ncnc2s1,-8.288,ChEMBL,4012
C=CC(=O)Nc1ccc2ncnc(Nc3ccc(Br)c(OC)c3)c2c1,-8.286,ChEMBL,4013
COc1cccc(-c2nnc(Cc3nc4ccccc4[nH]3)o2)c1OC,-8.285,ChEMBL,4014
C=CC(=O)Nc1cc2c(Nc3ccc(Br)cc3F)ncnc2cc1OCCNC,-8.285,ChEMBL,4015
CNS(=O)(=O)c1ccc(Nc2nc(Cl)nc3cc(OC)c(OC)cc23)cc1,-8.281,ChEMBL,4016
C=CC(=O)N1CCC(Oc2nc(Nc3ccn(C)n3)nc3ccsc23)CC1,-8.279,ChEMBL,4017
COc1cc2c(Nc3ccc(F)c(Cl)c3)ncnc2cc1OCCCn1ccnc1[N+](=O)[O-],-8.278,ChEMBL,4018
N#CCC(=O)N/N=C1\C(=O)Nc2ccc(S(=O)(=O)N3CCOCC3)cc21,-8.278,ChEMBL,4019
COCCNC/C=C/C(=O)Nc1cc2c(Nc3ccc(F)c(Cl)c3)ncnc2s1,-8.278,ChEMBL,4020
C=CC(=O)N1C[C@H](COC)[C@@H](COc2nc(Nc3cnn(C)c3)nc3[nH]cc(Cl)c23)C1,-8.277,ChEMBL,4021
C=CC(=O)Nc1cccc(Nc2nc(Nc3ccc(OCCn4cncn4)cc3)ncc2Cl)c1,-8.273,ChEMBL,4022
CC(O)c1cccc(NC(=O)c2cc3ccccc3[nH]2)c1,-8.271,ChEMBL,4023
C=CC(=O)Nc1cc2c(Nc3ccc(F)c(Cl)c3)ncnc2cc1OCC,-8.268,ChEMBL,4024
O=C(Cc1ccc(Br)cc1)NS(=O)(=O)c1ccccc1,-8.268,ChEMBL,4025
CC(C)(C)c1cc(NC(=O)CN2CCN(c3ccccc3)CC2)no1,-8.264,ChEMBL,4026
Oc1ccc(-c2nnc(Cc3nc4ccccc4[nH]3)o2)cc1,-8.263,ChEMBL,4027
COc1ccc(C2=NN(C3=NC(=O)CS3)C(c3ccccc3)C2)cc1,-8.262,ChEMBL,4028
O=C(Cc1c[nH]c2ccccc12)NNC(=S)Nc1ncccc1Br,-8.261,ChEMBL,4029
C=CC(=O)N1CCC(Oc2nc(Nc3cnn(C)c3)nc3ccsc23)CC1,-8.26,ChEMBL,4030
COC(CN(C)C/C=C/C(=O)Nc1cc2c(Nc3ccc(F)c(Cl)c3)ncnc2s1)OC,-8.259,ChEMBL,4031
CCC(=O)Nc1cc2c(Nc3ccc(F)c(Cl)c3)ncnc2cc1OCCCN1CCOCC1,-8.258,ChEMBL,4032
O=C(Nc1cc(Nc2ccc(Cl)cc2)ncn1)c1ccc(F)cc1,-8.255,ChEMBL,4033
CC(C)n1c(Nc2ccccc2)nc2cnc(Nc3ccc(C(=O)N[N+]4=CCN(C)CC4)cc3)nc21,-8.254,ChEMBL,4034
COc1ccc(OC)c(Nc2cc(Nc3ccc(F)cc3)ncn2)c1,-8.251,ChEMBL,4035
Cc1n[nH]c2c1C(c1ccccc1Br)c1c(ncn(N)c1=N)O2,-8.249,ChEMBL,4036
N#CN1CCC[C@@H](n2nc(-c3ccc(Oc4ccccc4)cc3)c(C(N)=O)c2N)C1,-8.247,ChEMBL,4037
CCOc1ccc(-c2cc(C(F)(F)F)c(C#N)c(SCC(=O)NCC(=O)O)n2)cc1,-8.244,ChEMBL,4038
Cn1c(-c2csc(N/N=C\c3ccc(F)cc3)n2)nc2ccccc21,-8.243,ChEMBL,4039
C=CC(=O)Nc1cccc(NC(=O)Nc2ccnc(Nc3ccc(N(CC)CC)cc3OC)n2)c1,-8.24,ChEMBL,4040
C#Cc1cccc(NC(=O)c2cccc(NC(=O)CCCCCC(=O)NO)c2)c1,-8.237,ChEMBL,4041
CC(=O)c1ccccc1-n1c(-c2ccccc2)nc2cc(Cl)ccc2c1=O,-8.237,ChEMBL,4042
C=CC(=O)N(c1ccc(F)c(C)c1)c1ncnc2cc(OC)c(OCCCN3CCOCC3)cc12,-8.236,ChEMBL,4043
N#Cc1ccc(Nc2nncc3ccccc23)cc1,-8.233,ChEMBL,4044
C=CC(=O)NC1(C2CCNc3c(C(N)=O)c(-c4ccc(Oc5ccccc5)cc4)nn32)CC1,-8.233,ChEMBL,4045
COc1cc2ncnc(Nc3ccc(Cl)c(Cl)c3)c2cc1OCCCN1CCOCC1,-8.232,ChEMBL,4046
CCOc1cc2ncnc(Nc3ccc(F)c(Cl)c3)c2cc1NC(=O)CO,-8.23,ChEMBL,4047
O=C(Cc1ccc(Cl)cc1)NS(=O)(=O)c1ccccc1,-8.23,ChEMBL,4048
C=CC(=O)N1CCC(Oc2nc(Nc3ccc(CN4CCC(CO)CC4)cc3)ncc2Cl)CC1,-8.23,ChEMBL,4049
O=C(Cc1ccc(F)cc1)Nc1cc(SC[C@@H](O)CO)cc([N+](=O)[O-])c1,-8.228,ChEMBL,4050
COc1ccc2c(c1)CCN2c1nc(C)nc2oc(C)cc12,-8.226,ChEMBL,4051
C=CC(=O)Nc1cccc(Nc2nc(Nc3ccc(OC)c(OC)c3OC)ncc2Cl)c1,-8.224,ChEMBL,4052
COc1ccc(N(c2nc(C)nc3oc(C)cc23)C(C)C)cc1,-8.223,ChEMBL,4053
O=[N+]([O-])c1ccc2c(c1)S(=O)(=O)N=S2c1ccc(Br)cc1,-8.223,ChEMBL,4054
C=CC(=O)Nc1cc2c(Nc3ccc(Br)cc3F)ncnc2cc1OCCCNC,-8.22,ChEMBL,4055
COc1nc(NCCN2CCOCC2)nc(Nc2ccc(Cl)cc2)n1,-8.218,ChEMBL,4056
C=CC(=O)Nc1ccc2ncnc(NC3CCCCC3)c2c1,-8.217,ChEMBL,4057
Cn1c(NCc2cccc(C(F)(F)F)c2)cc(=O)n(C)c1=O,-8.206,ChEMBL,4058
Clc1ccc(-c2cn3nc(-c4ccccc4)nc3s2)cc1,-8.205,ChEMBL,4059
Cc1nc(N(C)c2ccc3occc3c2)c2cc(C)oc2n1,-8.205,ChEMBL,4060
COCCn1c(=O)oc2cc3ncnc(Nc4ccc(OC)cc4)c3cc21,-8.205,ChEMBL,4061
COC1CCN(c2nccc(Nc3cc4c(cn3)ncn4C3CC3)n2)CC1,-8.205,ChEMBL,4062
CCC(=O)Nc1ccc(OC)c(Nc2cc(-c3cnc(SC)[nH]3)ccn2)c1,-8.203,ChEMBL,4063
COc1cccc2c1C(=O)c1c(O)ccc(O)c1C2=O,-8.201,ChEMBL,4064
Cl[C@H](CO/N=C1/NC(=O)c2ccccc21)c1ccco1,-8.2,AIEMG,4065
Nc1ccc2c(Nc3ccccc3)ncnc2c1,-8.2,ChEMBL,4066
Nc1ccc2c(Nc3cccc(Br)c3)ncnc2c1,-8.2,ChEMBL,4067
Clc1cc(Nc2ncnc3[nH]nc(OCCN4CCCC4)c23)ccc1OCc1ccccn1,-8.2,ChEMBL,4068
[C@@](CC(=O)N[C@@H](C)c1ccc(F)cc1)c1cccc(F)c1F,-8.2,AIEMG,4069
Brc1cccc(Nc2ncnc3c2ccc2[nH]cnc23)c1,-8.2,ChEMBL,4070
Cc1cccc(Nc2ncnc3cnc(NCCN4CCOCC4)cc23)c1,-8.2,ChEMBL,4071
N#C/C(=C\c1ccc(O)c(O)c1)C(=O)N1CCN(c2ccccc2)CC1,-8.2,ChEMBL,4072
[C@H](C)CCN1CC[C@@](Cc2cc(C#N)ccc2F)c2ccccc21,-8.2,AIEMG,4073
[N+]c1ccc(OCc2cccc(C(=O)N3CCOCC3)c2)cc1O,-8.2,AIEMG,4074
[C@H]1CC[C@@H](Cn2cc(-c3c[nH]c4ccccc34)nn2)C1,-8.2,AIEMG,4075
[N+]([O-])c1ccc(NC[C@H]2CCCN(c3cccc(Cl)c3)C2)cc1,-8.2,AIEMG,4076
[C@H]Oc1ccc(Cl)c(NC(=O)c2ccnc(N3CCCC3)c2)c1,-8.2,AIEMG,4077
CN(C)CCn1ccc2cc3c(Nc4cccc(Br)c4)ncnc3cc21,-8.2,ChEMBL,4078
C=CC(=O)N1CCC(Oc2nc(Nc3cnn(C)c3)nc3[nH]ccc23)CC1,-8.2,ChEMBL,4079
CC(NC(=O)/C(C#N)=C/c1ccc(O)c(O)c1)c1ccccc1,-8.2,ChEMBL,4080
Cc1cccc(C)c1NC(=O)/C(C#N)=C/c1ccc(O)c(O)c1,-8.2,ChEMBL,4081
Brc1cccc(Nc2ncnc3cnc(NCCCn4ccnc4)cc23)c1,-8.2,ChEMBL,4082
[C@H](C(=O)Nc1ccc2oc(C3CCCCC3)nc2c1)[C@@H]1CSCCO1,-8.2,AIEMG,4083
N#CCC(=O)Nc1ccc2ncnc(Nc3cccc(Br)c3)c2c1,-8.2,ChEMBL,4084
[N+]c1cc(C[NH+]2CC=C(c3ccc(Cl)s3)CC2)ccc1[O-],-8.2,AIEMG,4085
COc1cc2ncc(C#N)c(Nc3cccc(C(C)=O)c3)c2cc1OC,-8.2,ChEMBL,4086
FC(F)(F)/C(Cl)=N/C=N/C=C/Cc1ncc(-c2ccc(F)c(Cl)c2)o1,-8.2,AIEMG,4087
Cc1ccc(Nc2ncnc3[nH]c(C)c(C)c23)cc1,-8.2,ChEMBL,4088
Nc1ccc2ncnc(Nc3cccc(Br)c3)c2c1,-8.2,ChEMBL,4089
Nc1ccc2ncnc(Nc3ccccc3)c2c1,-8.2,ChEMBL,4090
O=C(Nc1ccc([N+](=O)[O-])cc1Cl)c1cc(Cl)ccc1O,-8.2,ChEMBL,4091
[C@@]Oc1ccc(NC(=O)NC[C@H](O)c2ccccc2Cl)cc1O[C@@H](C)C(=O)N(C)C,-8.2,AIEMG,4092
CN(C)/N=N/c1ccc2ncnc(Nc3cccc(Br)c3)c2c1,-8.2,ChEMBL,4093
OCCN(CCO)CCCNc1cc2c(Nc3cccc(Br)c3)ncnc2cn1,-8.2,ChEMBL,4094
COc1cc2ncnc(Nc3cccc(C(F)(F)F)c3)c2cc1OC,-8.2,ChEMBL,4095
[C@@][C@@H](NC(=O)c1cccc2cccnc12)c1ccccn1,-8.2,AIEMG,4096
Cc1[nH]c2ncnc(Oc3cccc(Cl)c3)c2c1C,-8.2,ChEMBL,4097
CN1CCN(CCCNc2cc3ncnc(Nc4cccc(Br)c4)c3cn2)CC1,-8.2,ChEMBL,4098
CCN(CC)C/C=C/C(=O)Nc1ccc2ncnc(Nc3cccc(Br)c3)c2c1,-8.2,ChEMBL,4099
COc1cc(/C=C(\C#N)C(N)=O)cc(CSc2ccccc2)c1O,-8.2,ChEMBL,4100
Cc1[nH]c2ncnc(N(C)c3cccc(Cl)c3)c2c1C,-8.2,ChEMBL,4101
C#Cc1cc(Nc2ncnc3cc(OC)c(OCCCCCCC(=O)NO)cc23)ccc1F,-8.2,ChEMBL,4102
COc1ccc(C2CC(c3ccc(Cl)c(Cl)c3)=NN2C(C)=O)cc1,-8.2,ChEMBL,4103
Cc1cccc(Nc2ncnc3ccccc23)c1,-8.2,ChEMBL,4104
CCN(CC)[C@@](C)(C#Cc1ncnc2cc(OC)c(OC)cc12)CCc1ccccc1,-8.2,ChEMBL,4105
[N+]1=C(C2CCN(S(=O)(=O)c3ccccc3Cl)CC2)N=C1N[C@@H]1C=CCC1,-8.2,AIEMG,4106
OCC(O)Cn1ccc2cc3c(Nc4cccc(Br)c4)ncnc3cc21,-8.2,ChEMBL,4107
COc1cc2ncnc(Nc3ccc(Br)c(Br)c3)c2cc1OC,-8.2,ChEMBL,4108
COc1cc2ncc(C#N)c(Nc3cccc(NC(C)=O)c3)c2cc1OC,-8.2,ChEMBL,4109
[nH+]1/N=C(/NC(=S)NCc2cccc(Br)c2)nc2ccccc21,-8.2,AIEMG,4110
[C@@](CC(=O)NCCc1cc(C2CC2)nc2c1cnn2C)c1ccccc1,-8.2,AIEMG,4111
COc1cc2c(cc1OC)Sc1ncnc(N(C)c3cccc(Cl)c3)c1NC2,-8.2,ChEMBL,4112
CCOc1cc(/C=C(\C#N)C(N)=O)cc(CSc2ccc(O)cc2)c1O,-8.2,ChEMBL,4113
CC(C)(C)c1cc(/C=C(\C#N)C(N)=O)cc(C(C)(C)C)c1O,-8.2,ChEMBL,4114
Fc1ccccc1N1CC[C@H](c2c[nH]nc2-c2cccs2)C1,-8.2,AIEMG,4115
Nc1ccc(-c2cc(=O)c3cc(N)c(O)cc3o2)cc1,-8.2,ChEMBL,4116
CO/N=C/c1c(N)ncnc1Nc1ccc(OCc2ccccc2)c(Cl)c1,-8.2,ChEMBL,4117
[C@H](C(=O)c1ccc(Cl)cc1)c1c[nH]c2nc(-c3cccs3)nn12,-8.2,AIEMG,4118
CC(C)n1nc(-c2ccc(S(N)(=O)=O)cc2)c2c(N)ncnc21,-8.2,ChEMBL,4119
c1ccc(-c2cc(CN3CC(C)CCC3=O)ncn2)cc1,-8.2,AIEMG,4120
CCOC(=O)c1cn2ncnc(Nc3ccc(F)c(Cl)c3)c2c1CC,-8.2,ChEMBL,4121
Cc1cccc(Nc2ncnc3ccc(/N=N/N(C)C)cc23)c1,-8.2,ChEMBL,4122
O=[N+]([O-])c1ccc2c(Nc3cccc(Br)c3)ncnc2c1,-8.2,ChEMBL,4123
CC(C)n1nc(-c2cccc(S(N)(=O)=O)c2)c2c(N)ncnc21,-8.2,ChEMBL,4124
[C@]1(CC(C)C)CCCN(Cc2nc(-c3ccc(F)cc3)no2)C1,-8.2,AIEMG,4125
COCC(=O)Nc1ccc2ncnc(Nc3cccc(Br)c3)c2c1,-8.2,ChEMBL,4126
FC(F)(F)c1ccc(CCNC(=O)C(=O)c2ccccc2)cc1,-8.2,AIEMG,4127
CC(C)NC(=O)c1ccc(S(=O)(=O)Oc2ccc(/C=C/[N+](=O)[O-])cc2)cc1,-8.2,ChEMBL,4128
CCN(CC)CCOc1cc2c(Nc3ccc(F)c(Cl)c3)ncnc2cc1OC,-8.2,ChEMBL,4129
n1ncc(SCc2csc(-c3ccccc3)n2)c(-c2ccccc2)n1,-8.2,AIEMG,4130
[C@](C#CNc1ncnc2c1CCCC2)c1c[nH]c2ccccc12,-8.2,AIEMG,4131
FC(F)(F)c1cccc(-c2nnc(NC3CCCC3)o2)c1,-8.2,AIEMG,4132
FC(F)c1cccc(C[S@@](=O)c2nc3cc(Cl)ccc3[nH]2)c1,-8.2,AIEMG,4133
N/C(=N\OCCc1cnn(C(C)(C)C)c1)c1ccc2nnccc2c1,-8.2,AIEMG,4134
CC(=O)Nc1ccc2c(Nc3cccc(Br)c3)ncnc2c1,-8.2,ChEMBL,4135
[P@@](=NC(=O)Nc1nnc(C2CC2)s1)OCc1cccc(C(F)(F)F)c1,-8.2,AIEMG,4136
[C@H]1C[C@@H](C)CN(C(=O)Cc2ccc([S@@](=O)Cc3ccccc3)cc2)C1,-8.2,AIEMG,4137
C#CC(=O)Nc1ccc2ncnc(Nc3cccc(Br)c3)c2c1,-8.2,ChEMBL,4138
COC(=O)Nc1ccc2ncnc(Nc3cccc(Br)c3)c2c1,-8.2,ChEMBL,4139
Clc1cccnc1C1CCN(C(=O)c2cc(F)ccc2F)CC1,-8.2,AIEMG,4140
COc1ccc2ncc(C#N)c(N[C@@H]3C[C@H]3c3ccccc3)c2c1,-8.2,ChEMBL,4141
COc1cc2c(C#N)cnc(Nc3cccc(Cl)c3)c2cc1OC,-8.2,ChEMBL,4142
Fc1cccc(COc2ccc(Nc3ccncn3)cc2Cl)c1,-8.2,ChEMBL,4143
Cc1cccc(Nc2ncnc3cc(NCCCN4CCN(C)CC4)ncc23)c1,-8.2,ChEMBL,4144
COc1cc2ncc(C#N)c(Nc3cccc(C(C)C)c3)c2cc1OC,-8.2,ChEMBL,4145
[P@@]1CC[C@H](C(=O)Nc2ccc3c(c2)N(CCc2ccccc2)C3)C1,-8.2,AIEMG,4146
Brc1cccc(Nc2ncnc3cc(NCCc4c[nH]cn4)ncc23)c1,-8.2,ChEMBL,4147
CN(c1ccccc1)c1ncnc2ccc(N)cc12,-8.2,ChEMBL,4148
[N+]c1ccc(N2CCN(C(=O)Cc3ccccc3)CC2)cc1,-8.2,AIEMG,4149
c1ccc(CNc2ncnc3c2[nH]c2ccccc23)cc1,-8.2,ChEMBL,4150
[NH+]/1(SCc2ccc(F)cc2)C[NH+](Cc2ccc(C(F)(F)F)cc2)C1=O,-8.2,AIEMG,4151
S[C@H]1CCCN(C(=O)Cc2cccc(OCc3ccccc3)c2)C1,-8.2,AIEMG,4152
CNc1cc2ncnc(Nc3cccc(Br)c3)c2cc1[N+](=O)[O-],-8.2,ChEMBL,4153
CC(C)(C)CCOC(=O)c1cc(NCc2cc(O)ccc2O)ccc1O,-8.2,ChEMBL,4154
[C@H]1CCN(C(=O)Cn2nc(CC(=O)Nc3ccc(F)cc3)nn2)[C@@H]1C,-8.2,AIEMG,4155
[C@H]1CCN(Cc2cccc(OCC(=O)NCCc3ccccc3)c2)C1,-8.2,AIEMG,4156
N#Cc1cnc2cc(O)c(O)cc2c1Nc1cccc(Br)c1,-8.2,ChEMBL,4157
COc1cc2ncc(C(=O)O)c(Nc3cccc(Br)c3)c2cc1OC,-8.2,ChEMBL,4158
[C@H](c1ccccc1)[C@@H]1CCCN1c1ccc(F)c(Cl)c1,-8.2,AIEMG,4159
OCC(CO)Nc1cc2ncnc(Nc3cccc(Br)c3)c2cn1,-8.2,ChEMBL,4160
Cl[C@H](Cc1nc2ccccc2s1)c1cc(F)ccc1F,-8.2,AIEMG,4161
Brc1cccc(Nc2ncnc3ccc(N/N=N/CCN4CCOCC4)cc23)c1,-8.2,ChEMBL,4162
[C@@][C@](O)(c1cccc(OCC(F)F)c1)C(=O)c1ccc(C(C)(C)C)cc1,-8.2,AIEMG,4163
O=[N+]([O-])c1cc(NCc2cc(O)ccc2O)ccc1O,-8.2,ChEMBL,4164
Nc1ccc2c(Nc3cccc(I)c3)ncnc2c1,-8.2,ChEMBL,4165
[C@@][C@@H](Cc1ccccc1)NC(=O)c1ccc(Cl)cc1O,-8.2,AIEMG,4166
FC(F)(F)c1ccc(C(=O)Nc2ccc(Cl)cc2)cc1,-8.2,AIEMG,4167
CN(CC(O)CO)c1cc2ncnc(Nc3cccc(Br)c3)c2cn1,-8.2,ChEMBL,4168
[N+]=Cc1ccc(CSc2nnc(Nc3ccccc3C)o2)cc1,-8.2,AIEMG,4169
Cc1cccc(Nc2ncnc3cnc(N(C)C)nc23)c1,-8.2,ChEMBL,4170
Brc1cccc(Nc2ncnc3cnc(NCCCN4CCOCC4)cc23)c1,-8.2,ChEMBL,4171
Cc1[nH]c(=O)nnc1N1CCN(C(=O)c2cc(Cl)ccc2Cl)CC1,-8.2,AIEMG,4172
[C@H](CCN(C)C(=O)NCc1nc(C2CCCCC2)n[nH]1)c1ccc(Cl)cc1,-8.2,AIEMG,4173
COCC(=O)Nc1ccc2ncnc(Nc3cccc(I)c3)c2c1,-8.2,ChEMBL,4174
CNc1cccc(CNC(=O)c2ccc(C[NH+]3CSCC3)cc2)c1,-8.2,AIEMG,4175
O=C(CCl)Nc1ccc2ncnc(Nc3cccc(Br)c3)c2c1,-8.2,ChEMBL,4176
COc1cc2ncnc(Nc3cccc(Br)c3)c2cc1[N+](=O)[O-],-8.2,ChEMBL,4177
[C@](O)(CC(=O)NCc1ccc(F)cc1)c1cccc(OC2CCCC2)c1,-8.2,AIEMG,4178
OCCCNc1cncc(-c2cncc(Nc3cccc(Cl)c3)n2)c1,-8.2,ChEMBL,4179
Cc1[nH]c2ncnc(Nc3cccc(Br)c3)c2c1C,-8.2,ChEMBL,4180
Cc1ccc(-c2nc3cc(NC(=O)CCl)ccc3[nH]2)cc1,-8.2,ChEMBL,4181
NC(=S)N/N=C(/C=C/c1cccc(F)c1)c1ccccc1,-8.2,ChEMBL,4182
CC(C)(C)ONC(=O)Cc1cc(NCc2cc(O)ccc2O)ccc1O,-8.2,ChEMBL,4183
OCCN(CCO)CCNc1c(Br)cccc1Nc1ncnc2ccncc12,-8.2,ChEMBL,4184
COc1cc2ncnc(Nc3ccccc3N)c2cn1,-8.2,ChEMBL,4185
Fc1ccc(C(=O)O[C@@H]2CCc3ccccc32)cc1,-8.2,AIEMG,4186
[N+]c1ccc(OCC2=NN=NN2)cc1NCc1ccc(O)cc1,-8.2,AIEMG,4187
O[C@H]1c2cc(F)ccc2C(=O)N1C[C@@H](O)C[NH+](CCO)Cc1ccccc1,-8.2,AIEMG,4188
[P@@]CC(=O)Nc1sc(-c2cccnc2)nc1-c1cccc(F)c1,-8.2,AIEMG,4189
[C@@](CNC(=O)c1cccc(O)c1)c1cccc(F)c1,-8.2,AIEMG,4190
[C@](O)(C[C@@H]1CCCCO1)NC(=O)Cc1c[nH]c2ccccc12,-8.2,AIEMG,4191
[C@H](N)c1cc(Br)ccc1OCc1cc(F)c2c(c1)OCO2,-8.2,AIEMG,4192
FC(F)(F)c1ccccc1CNC(=O)c1ccc(/N=N\CC(=O)[O-])cc1,-8.2,AIEMG,4193
[P@@]C1(NC(=O)c2cc3cc(F)cc(F)c3cc2)CCC1,-8.2,AIEMG,4194
[C@H]1CC[C@@H](C(N)=O)[C@H]1C#CCNC(=O)c1ccc(Cl)cc1,-8.2,AIEMG,4195
[C@H]Oc1ccc(Cl)cc1CCNC(=O)NCc1cccc(F)c1,-8.2,AIEMG,4196
[C@H]Oc1c[nH+]cc(C(=O)N2CCC(CCc3ccccc3)CC2)c1,-8.2,AIEMG,4197
[C@]1(COc2ccccc2C(N)=O)C[NH+]1Cc1cccc([N+](=O)[O-])c1,-8.2,AIEMG,4198
CC(C)CC(=O)Nc1ccc(C(=O)c2c(F)cccc2Cl)cc1,-8.2,AIEMG,4199
[C@H]1CCCc2sc(C(=O)N3CCC[C@@H]3CN3CCO[C@@H](C)C3)cc21,-8.2,AIEMG,4200
Fc1ccccc1OCCN/N=C1/C(=O)C(C(=O)NCCc2ccccc2)=NC1,-8.2,AIEMG,4201
[C@](CC(=O)Nc1ccc2oc(=O)ccc2c1)NNC(=O)c1cncnc1,-8.2,AIEMG,4202
[C@@](C#Cc1n[nH]c2c1CCC2)NC[C@@H](O)c1ccc(Cl)cc1,-8.2,AIEMG,4203
FC(F)(F)c1ccc(S(=O)(=O)N2CCN=C2c2ccccc2)cc1,-8.2,AIEMG,4204
[C@@]n1c(C(=O)Oc2ccc(F)cc2F)nc2ccccc21,-8.2,AIEMG,4205
Fc1cccc2ncnc(N[C@@H](CO)c3ccccc3)c12,-8.2,AIEMG,4206
[C@](C#Cc1csc(-c2ccccc2)n1)NC1CCC(O)CC1,-8.2,AIEMG,4207
O=[N+]([O-])c1ccc2ncnc(Nc3cccc(Br)c3)c2c1,-8.2,ChEMBL,4208
[C@]1(COc2ccccc2)c2cc(Cl)ccc2NC1=O,-8.2,AIEMG,4209
[N+]([O-])c1cc(F)ccc1NC[C@H]1CCC[NH+](C2CCCC2)C1,-8.2,AIEMG,4210
[C@H]1CCN(C(=O)/C=C/c2cccc(-n3cccn3)c2)C1,-8.2,AIEMG,4211
[N+]c1ccccc1-c1nsc(NC(=O)[C@H]2CC=CCC2)n1,-8.2,AIEMG,4212
Cl[C@@H](CC(=O)NCCc1ccccc1)C(=O)c1ccc(F)cc1,-8.2,AIEMG,4213
Fc1ncc(F)c(-c2ccccc2)c1NCc1ccc(Cl)cc1Cl,-8.2,AIEMG,4214
[C@@]1(NC(=S)NCc2ccccc2F)[NH+]=c2ccccc2=[NH+]1,-8.2,AIEMG,4215
[N+]n1cc(-c2ccccc2)cc1/C=N/NC(=O)COc1ccc(Br)cc1,-8.2,AIEMG,4216
[N+]c1ccc(OCc2nc(C(=O)Nc3ccc(Cl)cc3Cl)cs2)cc1,-8.2,AIEMG,4217
[N+]/c1cc([N+](=O)[O-])ccc1C(=O)N1CCc2cc(Cl)ccc21,-8.2,AIEMG,4218
[N+]c1cccc(C[NH+]2CCC(Oc3ccccc3F)CC2)c1,-8.2,AIEMG,4219
[P@@](=C/c1ccc2ccccc2c1)N[C@@H]1CCCC[C@@H]1CCO,-8.2,AIEMG,4220
[C@](C#N)c1cccc(NC(=O)C(=O)N2CCN(c3ccccc3C(=O)N(C)C)CC2)c1,-8.2,AIEMG,4221
[C@](C#CNC(=O)N[C@H](CO)c1ccc(Cl)cc1)c1ccc(F)c(F)c1,-8.2,AIEMG,4222
[P@@]1CO[C@H](c2ccc(F)cc2)N1/N=C/c1ccc([N+](=O)[O-])cc1,-8.2,AIEMG,4223
[C@][C@@]1(c2cccc(OC3CCCC3)c2)NC(N)=NC1=S,-8.2,AIEMG,4224
Fc1ccc(N[C@@H]2CCCN(c3cccc(F)c3)C2)cc1,-8.2,AIEMG,4225
[C@@](O)(CC[NH+]1CCN(Cc2ccc(Cl)cc2Cl)CC1)c1ccccc1C(F)(F)F,-8.2,AIEMG,4226
[C@]1(c2cccs2)NC(=O)N(c2ccc(OC(F)(F)F)cc2F)C1,-8.2,AIEMG,4227
COc1cc2ncnc(Nc3cccc(Br)c3)c2cc1OC,-8.2,ChEMBL,4228
Nc1cc2c(Nc3cccc(Br)c3)ncnc2cn1,-8.2,ChEMBL,4229
Cc1cccc(Nc2ncnc3cc(NCCCN4CCOCC4)ncc23)c1,-8.2,ChEMBL,4230
CN(C)c1ccc2ncnc(Nc3cccc(Br)c3)c2c1,-8.2,ChEMBL,4231
CN1Cc2cc3c(Nc4cccc(Br)c4)ncnc3cc21,-8.2,ChEMBL,4232
[P@@]CC(CC(=O)N1CCN(c2ccccc2F)CC1)c1ccc(Cl)cc1,-8.2,AIEMG,4233
CCN(CC)CCNC(=O)c1c(C)[nH]c(/C=C2\C(=O)Nc3ccc(F)cc32)c1C,-8.2,ChEMBL,4234
COc1cccc(-c2nn(C(C)C)c3ncnc(N)c23)c1OC,-8.2,ChEMBL,4235
CCOc1cc2ncnc(/C=C/c3ccccc3)c2cc1OCC,-8.2,ChEMBL,4236
[C@@](O)(CCC(=O)Nc1cc(Cl)ccc1Cl)c1ccccc1O,-8.2,AIEMG,4237
COCCO/N=C/c1c(N)ncnc1Nc1ccc2c(cnn2Cc2cccc(F)c2)c1,-8.2,ChEMBL,4238
CNC(=O)c1cc(NCc2cc(O)ccc2O)ccc1O,-8.2,ChEMBL,4239
C#Cc1cccc(Nc2ncnc3cc(OC)c(OCCCCCCC(=O)NO)cc23)c1,-8.2,ChEMBL,4240
O=C(O)c1cc(/N=C/c2cc(O)ccc2O)ccc1O,-8.2,ChEMBL,4241
Brc1cccc(Nc2ncnc3ccncc23)c1NCCCCN1CCOCC1,-8.2,ChEMBL,4242
Cc1ccc(C2=NN(C(N)=S)C(c3ccccc3Cl)C2)cc1C,-8.2,ChEMBL,4243
[C@@](=N\NC(=O)CCc1ccc(F)cc1F)c1ccnc(OCC(N)=O)c1,-8.2,AIEMG,4244
C=CCN(C)CC#CC(=O)Nc1ccc2ncnc(Nc3cccc(Br)c3)c2c1,-8.2,ChEMBL,4245
O=C(O)Cc1cc(/N=C/c2cc(O)ccc2O)ccc1O,-8.2,ChEMBL,4246
C=CC(=O)Nc1nc2c(Nc3ccc(F)c(Cl)c3)ncnc2cc1OC,-8.2,ChEMBL,4247
C=CC(=O)Cc1cc2c(Nc3cccc(Br)c3)ncnc2cn1,-8.2,ChEMBL,4248
C=CC(=O)N(C)c1nc2c(Cc3ccc(F)c(Cl)c3)ncnc2cc1OCCCN1CCOCC1,-8.2,ChEMBL,4249
C=CC(=O)Nc1cc2c(Cc3ccc(F)c(Cl)c3)ncnc2cc1OCCOCCCCO,-8.2,ChEMBL,4250
COc1cc2ncnc(Nc3cccc(C#CC(C)(C)O)c3)c2cc1OC,-8.2,ChEMBL,4251
O=C(O)c1ccc(S(=O)(=O)Oc2ccc(/C=C/[N+](=O)[O-])cc2)cc1O,-8.2,ChEMBL,4252
[C@@][C@]1(Cc2ccccc2)NC(=O)N(Cc2csc(-c3ccccc3)n2)C1,-8.2,AIEMG,4253
NC(=S)N1N=C(c2ccc(Br)c(Br)c2)CC1c1ccc(F)cc1,-8.2,ChEMBL,4254
NC(=S)N1N=C(c2ccc(Br)c(Br)c2)CC1c1ccc([N+](=O)[O-])cc1,-8.2,ChEMBL,4255
c1cc(Nc2nccc(-c3cccnc3)n2)cc(OCCn2ccnc2)c1,-8.2,ChEMBL,4256
CC(COC(=O)c1cc(NCc2cc(O)ccc2O)ccc1O)CC(C)(C)C,-8.2,ChEMBL,4257
C=CC(=O)Nc1cc2ncnc(Nc3ccc(F)c(Br)c3)c2[nH]1,-8.2,ChEMBL,4258
[N+]n1ccnc1NCc1nc(-c2ccc(F)cc2)cc[nH+]1,-8.2,AIEMG,4259
[C@@](NC(=O)c1cccc(O)c1)c1ccc(Cl)c(Cl)c1,-8.2,AIEMG,4260
[C@@]1(C(=O)N[C@@H]2CCO[C@]3(CCOC3)C2)CCCN(CC2CCCCC2)C1,-8.2,AIEMG,4261
C#Cc1cccc(Nc2ncnc3cc(OC)c(OCCCCC(=O)NO)cc23)c1,-8.2,ChEMBL,4262
CC(C)n1nc(-c2cccc(CC#N)c2)c2c(N)ncnc21,-8.2,ChEMBL,4263
Cc1cccc(Nc2ncnc3cnc(N(C)C)cc23)c1,-8.2,ChEMBL,4264
[C@@][C@]1(C[C@H]2CCCO2)CCC[NH+](CC(=O)Nc2ccc(F)cc2)C1,-8.2,AIEMG,4265
FC(F)(F)c1ccc(C[NH2+][C@@H]2COc3ccc(Cl)cc3C2)cc1,-8.2,AIEMG,4266
Brc1cccc(Nc2ccnc3ccccc23)c1,-8.2,ChEMBL,4267
CN(C)CC#CC(=O)Nc1ccc2ncnc(Nc3cccc(Br)c3)c2c1,-8.2,ChEMBL,4268
CNC(=S)Nc1ccc2ncnc(Nc3cccc(Br)c3)c2c1,-8.198,ChEMBL,4269
CN(C)CCC(=O)Nc1ccc2ncnc(Nc3cccc(Br)c3)c2c1,-8.195,ChEMBL,4270
C#Cc1cccc(Nc2ncnc3cc(OCC)c(NC(=O)/C=C/CNC4CC4)cc23)c1,-8.194,ChEMBL,4271
COc1cc(NC(=O)Nc2ccncc2)cc(-c2cncnc2)c1OC,-8.194,ChEMBL,4272
Cc1ncc([N+](=O)[O-])n1C/C(=N/NC(=O)c1ccc(Cl)cc1)c1ccc(Br)cc1,-8.192,ChEMBL,4273
O=c1c2cccc(O)c2oc2cccc(O)c12,-8.191,ChEMBL,4274
CCOC(=O)c1ccc(Nc2nncc3ccccc23)cc1,-8.19,ChEMBL,4275
COc1cc(Nc2ncnc3ccc(C(F)(F)F)cc23)cc(OC)c1OC,-8.189,ChEMBL,4276
C=CC(=O)Nc1ccc(OC)c(Nc2cc(-c3cnc(SC)[nH]3)ccn2)c1,-8.189,ChEMBL,4277
COc1cc2ncnc(Nc3ccc(F)c(Cl)c3)c2cc1OCCCN1CC(OC)C1,-8.189,ChEMBL,4278
Cc1nc2cnc(Nc3ccnc(N4CCC(O)CC4)n3)cc2n1C(C)C,-8.187,ChEMBL,4279
O=C(Cc1ccc(F)cc1)NS(=O)(=O)c1ccccc1,-8.186,ChEMBL,4280
Cc1ccc(-c2c(CN3CCOCC3)nc3scc(C(=O)NN)n23)cc1,-8.184,ChEMBL,4281
O=C1CSC(N2N=C(c3ccc(Cl)cc3)CC2c2ccc(Br)cc2)=N1,-8.183,ChEMBL,4282
COC(=O)CC(=O)Nc1cc2c(Nc3ccc(F)c(Cl)c3)ncnc2s1,-8.179,ChEMBL,4283
O=C(/C=C/c1ccccc1)Nc1cc(F)cc(F)c1,-8.179,ChEMBL,4284
Cc1ccc(-c2csc(=N)n2CC(=O)N2CCN(C)CC2)cc1,-8.178,ChEMBL,4285
Cc1nc(Nc2ccc(F)c(Cl)c2)c2cc(C)oc2n1,-8.175,ChEMBL,4286
CN(C)CCCN(C)C/C=C/C(=O)Nc1cc2c(Nc3ccc(F)c(Cl)c3)ncnc2s1,-8.175,ChEMBL,4287
COC1CCN(c2nccc(Nc3cc4c(cn3)nc(CO)n4C(C)C)n2)CC1,-8.175,ChEMBL,4288
Cc1nc2cnc(Nc3ccnc(NCC(C)(C)S(C)(=O)=O)n3)cc2n1C(C)C,-8.173,ChEMBL,4289
NC(=S)N/N=C(/C=C/c1ccc([N+](=O)[O-])cc1)c1ccccc1,-8.171,ChEMBL,4290
O=C(Nc1nccs1)C(c1cc[nH]n1)N1Cc2ccccc2C1=O,-8.169,ChEMBL,4291
C=CC(=O)Nc1ccc2ncnc(Nc3ccc(OC)cc3OC)c2c1,-8.169,ChEMBL,4292
C=CC(=O)Nc1cc2c(Nc3ccc(F)cc3F)ncnc2cc1OCCNC(=O)CN(C)C,-8.168,ChEMBL,4293
CC1(COc2ccc(CC3SC(=O)NC3=O)cc2)CCCCC1,-8.167,ChEMBL,4294
CN(C)CCCNC/C=C/C(=O)Nc1cc2c(Nc3ccc(F)c(Cl)c3)ncnc2s1,-8.166,ChEMBL,4295
CN(C)CCCC(=O)Nc1cc2c(Nc3ccc(F)c(Cl)c3)ncnc2s1,-8.166,ChEMBL,4296
COCCOc1cc2ncnc(Nc3ccc(F)cc3)c2c2c1OCCO2,-8.162,ChEMBL,4297
C=CC(=O)Nc1cc2c(Nc3cc(OC)c(Cl)cc3Cl)ncnc2cc1OCCNC(C)=O,-8.16,ChEMBL,4298
COc1cc(/C=C2\CCC/C(=C\c3ccccc3OC)C2=O)cc(OC)c1,-8.159,ChEMBL,4299
C=CC(=O)Nc1cc2c(Nc3ccc(Br)cc3F)ncnc2cc1OCCN(C)C,-8.158,ChEMBL,4300
C=CC(=O)Nc1ccccc1C1CCNc2c(C(N)=O)c(-c3ccc(OCCOC)cc3)nn21,-8.155,ChEMBL,4301
COCCCOc1cc2ncnc(Nc3ccc(F)c(Cl)c3)c2cc1NC(=O)/C=C/CN(C)C,-8.154,ChEMBL,4302
COc1cc2cnnc(Nc3ccc(Cl)cc3F)c2cc1OC,-8.152,ChEMBL,4303
C=CC(=O)N[C@@H]1CN(c2nc(Nc3cn(C)nc3OC)c3ncn(C)c3n2)C[C@H]1F,-8.151,ChEMBL,4304
Cn1c(=O)c2[nH]c(SC/C(=N/O)c3ccc(Cl)cc3)nc2n(C)c1=O,-8.148,ChEMBL,4305
Cc1ccc(S(=O)(=O)NC(=O)c2cccnc2Cl)cc1,-8.145,ChEMBL,4306
COc1ccc(F)c(F)c1C(=O)c1cnc(NC2CCN(S(C)(=O)=O)CC2)nc1N,-8.141,ChEMBL,4307
Cc1ncc([N+](=O)[O-])n1C/C(=N/NC(=O)c1ccc(O)cc1)c1ccc(Br)cc1,-8.14,ChEMBL,4308
CCOc1cc2ncnc(Nc3cccc(OC)c3)c2c2c1OCCO2,-8.138,ChEMBL,4309
COC1(CCN)CCN(c2nccc(Nc3cc4c(cn3)nc(C)n4C(C)C)n2)CC1,-8.137,ChEMBL,4310
Nc1ccccc1-c1nnc(SCc2ccccc2)o1,-8.136,ChEMBL,4311
Cc1cc(=O)n2nc(SCc3cccc([N+](=O)[O-])c3)nc2[nH]1,-8.135,ChEMBL,4312
CN(C)CCC(=O)N(C)c1ccc2ncnc(Nc3cccc(Br)c3)c2c1,-8.134,ChEMBL,4313
C=CC(=O)N1CC[C@@H](COc2nc(Nc3cnn(C)c3)nc3[nH]ccc23)C1,-8.132,ChEMBL,4314
c1ccc(-c2nc3sc(-c4ccccc4)cn3n2)cc1,-8.132,ChEMBL,4315
Cc1ccc(C2CC(c3ccc(Br)cc3)=NN2C2=NC(=O)CS2)cc1,-8.131,ChEMBL,4316
O=C(O)CCC(=O)Nc1cc(Nc2ccc(Cl)cc2)ncn1,-8.123,ChEMBL,4317
COc1ccc(-c2cc(=O)cc(-c3ccc(OC)cc3)o2)cc1,-8.12,ChEMBL,4318
Cc1ccc(C(=O)NS(=O)(=O)c2ccccc2)c(Cl)n1,-8.111,ChEMBL,4319
O=C(/C=C/c1ccccc1)Nc1ccc(F)cc1F,-8.109,ChEMBL,4320
COC1CCN(c2nccc(Nc3cc4c(cn3)ncn4C3CCC3)n2)CC1,-8.108,ChEMBL,4321
COc1ccc(/C=N\Nc2nc(-c3nc4ccccc4n3C)cs2)cc1,-8.107,ChEMBL,4322
O=C1CS/C(=N/Nc2nncc3ccccc23)N1,-8.104,ChEMBL,4323
O=C(CSC(=S)N1CCCCC1)Nc1cccc(NC(=O)c2ccccn2)c1,-8.101,ChEMBL,4324
COc1cc(/C=C(\C#N)C(N)=O)cc(CSc2ccc(O)cc2)c1O,-8.1,ChEMBL,4325
COCOCC#CC(=O)Nc1ccc2ncnc(Nc3cccc(Br)c3)c2c1,-8.1,ChEMBL,4326
Clc1ccc2ncnc(Nc3cccc(Br)c3)c2n1,-8.1,ChEMBL,4327
NCCNC(=O)c1ccc(S(=O)(=O)Oc2ccc(/C=C/[N+](=O)[O-])cc2)cc1,-8.1,ChEMBL,4328
COC/C=C/C(=O)Nc1ccc2ncnc(Nc3cccc(Br)c3)c2c1,-8.1,ChEMBL,4329
Nc1cccc2ncnc(Nc3cccc(Br)c3)c12,-8.1,ChEMBL,4330
O=C(NCCc1ccccc1)c1cc2ccc(O)c(O)c2cn1,-8.1,ChEMBL,4331
COc1cc2ncnc(NCc3cccc(C)c3)c2cc1OC,-8.1,ChEMBL,4332
Brc1cccc(Nc2ncnc3cnc(NCCN4CCOCC4)cc23)c1,-8.1,ChEMBL,4333
COc1cc2ncnc(Nc3ccc(F)c(Cl)c3)c2cc1OCC(O)CN(CCO)CCO,-8.1,ChEMBL,4334
CNc1cc2c(Nc3cccc(Cl)c3)ncnc2cn1,-8.1,ChEMBL,4335
Nc1cc2ncnc(Nc3ccccc3)c2cn1,-8.1,ChEMBL,4336
COc1cc2ncnc(Nc3cc(Br)cc(Br)c3)c2cc1OC,-8.1,ChEMBL,4337
N#C/C(=C\c1ccc(O)c(O)c1)S(=O)(=O)/C(C#N)=C/c1ccc(O)c(O)c1,-8.1,ChEMBL,4338
NC(=S)N/N=C(/C=C/c1cccc([N+](=O)[O-])c1)c1ccccc1,-8.1,ChEMBL,4339
O=C(/C=C/c1ccc(O)c(O)c1)c1ccc(O)cc1O,-8.1,ChEMBL,4340
N#C/C(=C\c1ccc(O)c(O)c1)C(=O)Nc1ccccc1Cl,-8.1,ChEMBL,4341
COc1cc2ncnc(Nc3ccc(Br)cc3F)c2cc1OC,-8.1,ChEMBL,4342
COc1cc2ncnc(Nc3ccc(F)c(Cl)c3)c2cc1OCC(O)CN,-8.1,ChEMBL,4343
COCC#CC(=O)Nc1ccc2ncnc(Nc3cccc(Br)c3)c2c1,-8.1,ChEMBL,4344
COCCN(C)C/C=C/C(=O)Nc1ccc2ncnc(Nc3cccc(Br)c3)c2c1,-8.1,ChEMBL,4345
CNCC(O)COc1cc2c(Nc3ccc(F)c(Cl)c3)ncnc2cc1OC,-8.1,ChEMBL,4346
O=C(CCC1C(S)=Nc2ccccc21)NCc1ccccc1,-8.1,ChEMBL,4347
Cc1cccc(Nc2ncnc3cnc(N)cc23)c1,-8.1,ChEMBL,4348
Cc1ccc(Nc2ncnn3cccc23)cc1O,-8.1,ChEMBL,4349
COc1ccc(CCNC(=O)/C(C#N)=C/c2ccc(O)c(O)c2)cc1OC,-8.1,ChEMBL,4350
COc1cc2ncnc(/N=N/c3ccc(F)c(Cl)c3)c2cc1OC,-8.1,ChEMBL,4351
CCN(CC)CCNC(=O)c1c(C)[nH]c(/C=C2\C(=O)Nc3ccc(Br)cc32)c1C,-8.1,ChEMBL,4352
COc1cc2ncnc(Nc3ccccc3Br)c2cc1OC,-8.1,ChEMBL,4353
Cc1cc2c(Nc3ccc(F)c(Cl)c3)ncnn2c1,-8.1,ChEMBL,4354
O=C(CC1C(S)=Nc2ccccc21)NCc1ccccc1,-8.1,ChEMBL,4355
Nc1ccc2c(Nc3cccc(Cl)c3)ncnc2c1,-8.1,ChEMBL,4356
CCc1ccc(Nc2ncnc3[nH]c(C)c(C)c23)cc1,-8.1,ChEMBL,4357
CONC(=O)c1cc(NCc2cc(O)ccc2O)ccc1O,-8.1,ChEMBL,4358
CC(C)(C)OC(=O)c1cc(NCc2cc(O)ccc2O)ccc1O,-8.1,ChEMBL,4359
COc1cc2ncnc(Nc3cc4ccccc4cn3)c2cc1OC,-8.1,ChEMBL,4360
COc1cccc2ncnc(NCc3ccccc3)c12,-8.1,ChEMBL,4361
OCC(O)CNc1cc2c(Nc3cccc(Br)c3)ncnc2cn1,-8.1,ChEMBL,4362
O=[N+]([O-])c1cccc2ncnc(Nc3cccc(Br)c3)c12,-8.1,ChEMBL,4363
COc1ccc2c(Nc3cccc(Br)c3)ncnc2n1,-8.1,ChEMBL,4364
COc1ccc2c(Nc3cccc(Br)c3)ncnc2c1,-8.1,ChEMBL,4365
CN(c1ccccc1)c1ncnc2ccccc12,-8.1,ChEMBL,4366
COc1cc2ncnc(NCc3ccccc3)c2cc1O,-8.1,ChEMBL,4367
O=[N+]([O-])c1cccc2ncnc(NCc3ccccc3)c12,-8.1,ChEMBL,4368
COc1ccc(Nc2ncnc3cc(N)ncc23)cc1,-8.1,ChEMBL,4369
Nc1ccc2ncnc(Nc3cccc(Cl)c3)c2c1,-8.1,ChEMBL,4370
O=C(O)CCNc1c(Br)cccc1Nc1ncnc2ccncc12,-8.1,ChEMBL,4371
Cc1cc(Nc2ccc(OCc3cccc(F)c3)c(Cl)c2)ncn1,-8.1,ChEMBL,4372
CN(C)CC/N=N/Nc1ccc2ncnc(Nc3cccc(Br)c3)c2c1,-8.1,ChEMBL,4373
[O-][N+]1(CCCNc2cc3ncnc(Nc4cccc(Br)c4)c3cn2)CCOCC1,-8.1,ChEMBL,4374
CCOC(=O)C(Cc1ccccc1)NC(=O)/C(C#N)=C/c1ccc(O)c(O)c1,-8.1,ChEMBL,4375
COc1cc(C2=C(c3c[nH]c4ccc(Br)cc34)C(=O)NC2=O)cc(OC)c1OC,-8.1,ChEMBL,4376
CN(C)CCCN1Cc2cc3c(Nc4cccc(Br)c4)ncnc3cc21,-8.1,ChEMBL,4377
Fc1c(Br)cccc1Nc1ncnc2ccncc12,-8.1,ChEMBL,4378
NS(=O)(=O)c1ccc(Nc2nc3ncnc(Nc4ccccc4)c3s2)cc1,-8.1,ChEMBL,4379
N#C/C(=C/c1ccc(O)c(O)c1)C(=O)NCCCCc1ccccc1,-8.1,ChEMBL,4380
Nc1cc2ncnc(Nc3ccc([N+](=O)[O-])cc3)c2cn1,-8.1,ChEMBL,4381
COCC#CC(=O)Nc1cc2c(Nc3cccc(Br)c3)c(C#N)cnc2cc1OC,-8.1,ChEMBL,4382
Cc1cccc(Nc2ncnc3ccncc23)c1N,-8.1,ChEMBL,4383
CCOC(=O)/C=C/C(=O)Cc1cc2c(Nc3cccc(Br)c3)ncnc2cn1,-8.1,ChEMBL,4384
Brc1cccc(Nc2ncnc3cc(NCCCCN4CCOCC4)ncc23)c1,-8.1,ChEMBL,4385
CCCCCCNC(=O)COc1cc(O)c2c(=O)cc(-c3ccccc3)oc2c1,-8.1,ChEMBL,4386
C=CC(=O)Nc1cc2ncnc(Nc3cccc(Br)c3)c2[nH]1,-8.1,ChEMBL,4387
COc1c(O)cc2occ(-c3ccc(O)cc3)c(=O)c2c1O,-8.1,ChEMBL,4388
CNc1ccc2ncnc(Nc3cccc(Br)c3)c2c1,-8.1,ChEMBL,4389
COCCOc1cc2ncnc(-c3c[nH]c4cc(F)c(Cl)cc34)c2cc1OCCOC,-8.1,ChEMBL,4390
COc1cc(C2=C(c3c[nH]c4ccccc34)CNC2=O)cc(OC)c1OC,-8.1,ChEMBL,4391
C=C[S+]([O-])c1cc2c(Nc3cccc(Br)c3)ncnc2cn1,-8.1,ChEMBL,4392
COc1ccc(-c2nn(C(C)C)c3ncnc(N)c23)cc1,-8.1,ChEMBL,4393
Brc1cccc(Nc2ncnc3cnc(NCCN4CCOCC4)nc23)c1,-8.1,ChEMBL,4394
COC(=O)c1c(N)ncnc1Nc1ccc(OCc2ccccc2)c(Cl)c1,-8.1,ChEMBL,4395
COc1cc2ncnc(C#Cc3ccccc3)c2cc1OC,-8.1,ChEMBL,4396
CCN(CC)CCC#CC(=O)Nc1ccc2ncnc(Nc3ccc(F)c(Cl)c3)c2c1,-8.1,ChEMBL,4397
COc1cc(Nc2nccc(-c3ccc(N4CCNCC4)nc3)n2)cc(OC)c1OC,-8.1,ChEMBL,4398
CCN(CC)[C@@](C)(C#Cc1ncnc2cc(OC)c(OC)cc12)Cc1ccccc1,-8.1,ChEMBL,4399
CCN(CC)CCNC(=O)c1c(C)[nH]c(/C=C2\C(=O)Nc3ccc(Cl)cc32)c1C,-8.1,ChEMBL,4400
CS(=O)(=O)CCNCCCCOc1ccc2ncnc(Nc3ccc(F)c(Cl)c3)c2c1,-8.1,ChEMBL,4401
CC(C)n1nc(-c2ccc(O)cc2)c2c(N)ncnc21,-8.1,ChEMBL,4402
CN(C)CCCC(=O)Nc1ccc2c(C#N)cnc(Nc3cccc(Br)c3)c2c1,-8.1,ChEMBL,4403
Nc1cc2ncnc(Nc3ccc(Br)cc3)c2cn1,-8.1,ChEMBL,4404
Nc1ccccc1Nc1ncnc2ccncc12,-8.1,ChEMBL,4405
CC(C)n1nc(-c2cc3cc(C=O)ccc3s2)c2c(N)ncnc21,-8.1,ChEMBL,4406
CN(C)CCN/N=N/c1ccc2ncnc(Nc3cccc(Cl)c3)c2c1,-8.1,ChEMBL,4407
CN(CCCl)CCN/N=N/c1ccc2ncnc(Nc3cccc(Cl)c3)c2c1,-8.1,ChEMBL,4408
COc1cc(C=C(C#N)C#N)cc(CS(=O)(=O)c2ccc(C)cc2)c1O,-8.1,ChEMBL,4409
COCCOCC#CC(=O)Nc1ccc2ncc(C#N)c(Nc3cccc(Br)c3)c2c1,-8.1,ChEMBL,4410
COc1cc2ncnc(Oc3ccc(Br)c(F)c3)c2cc1OC,-8.1,ChEMBL,4411
COc1cc2ncc(C#N)c(Nc3cccc(C(F)(F)F)c3)c2cc1OC,-8.1,ChEMBL,4412
COCCOc1cc2ncc(C#N)c(N[C@@H]3C[C@H]3c3ccccc3)c2cc1OC,-8.1,ChEMBL,4413
O=C(Nc1ccccc1)N(Cc1ccc(O)cc1)Cc1cccc(Cl)c1O,-8.1,ChEMBL,4414
CNc1ccc2ncnc(Nc3cccc(Br)c3)c2n1,-8.1,ChEMBL,4415
Cc1ncc([N+](=O)[O-])n1CCOC(=O)/C=C/c1ccc(OCc2ccccc2)cc1,-8.1,ChEMBL,4416
Cc1ncc([N+](=O)[O-])n1CCOC(=O)/C=C/c1cccc([N+](=O)[O-])c1,-8.1,ChEMBL,4417
COc1cc2ncnc(C#C[C@](C)(O)Cc3ccccc3)c2cc1OC,-8.1,ChEMBL,4418
Clc1cccc(Nc2ncnc3ccccc23)c1,-8.1,ChEMBL,4419
OCCN(CCO)c1cc2ncnc(Nc3cccc(Br)c3)c2cn1,-8.1,ChEMBL,4420
COc1cc2ncc(C#N)c(Nc3ccc(C(C)C)cc3)c2cc1OC,-8.1,ChEMBL,4421
COc1cc2ncc(C#N)c(Nc3ccc(O)c(Cl)c3)c2cc1OC,-8.1,ChEMBL,4422
COc1cc2ncc(C#N)c(Nc3ccc(C)cc3)c2cc1OC,-8.1,ChEMBL,4423
OCCOc1n[nH]c2ncnc(Nc3ccc(OCc4ccccn4)c(Cl)c3)c12,-8.1,ChEMBL,4424
COc1ccc(-c2nn(C3CCC3)c3ncnc(N)c23)cc1OC,-8.1,ChEMBL,4425
C=CC(=O)C(CCN(C)C)c1cc2c(Nc3cccc(Br)c3)ncnc2cn1,-8.1,ChEMBL,4426
[C@](C#N)(CNC(=O)N[C@H]1C=C[C@@H](C(=O)[O-])CC1)c1ccc(F)cc1,-8.1,AIEMG,4427
OCCNc1cc2c(Nc3cccc(Br)c3)ncnc2cn1,-8.1,ChEMBL,4428
[N+]C(=O)Nc1nnc([C@H]2CC(=O)N(c3cccc(Cl)c3F)C2)s1,-8.1,AIEMG,4429
[C@]1(c2ccccc2)N[C@@H](C(=O)Nc2ccc([N+](=O)[O-])cc2)C1,-8.1,AIEMG,4430
P=C(\CCc1ccc2c(c1)OCCO2)Nc1ccc(Cl)cc1,-8.1,AIEMG,4431
[P@@](=O)/C(=C/C(=O)c1ccc(OCc2ccccc2)cc1)NCCc1ccccc1,-8.1,AIEMG,4432
[C@]1(Cc2ccnn2C2CCC(CNC(=O)c3ccco3)CC2=O)CC[C@H]1[NH3+],-8.1,AIEMG,4433
[C@@]1(COc2ccc(F)cc2)NC(=O)N(c2ccc(Cl)cc2Cl)C1,-8.1,AIEMG,4434
[P@@]=C(Nc1ccc(-n2cccc2C(F)(F)F)cc1)c1ccccc1,-8.1,AIEMG,4435
FC(F)(F)CC1CCN(C(=O)c2cc3ccc(Cl)cc3s2)CC1,-8.1,AIEMG,4436
[C@]1(c2ccc(Cl)cc2)NC(=O)N(c2ccc(Cl)cc2)C1,-8.1,AIEMG,4437
[C@](O)(c1ccccc1)C(=O)/C=C/c1ccccc1O,-8.1,AIEMG,4438
[C@H](C)c1ccc(C(=O)Nc2ccc(F)cc2Br)cc1,-8.1,AIEMG,4439
[C@H](C(=O)Cc1ccc(F)c(F)c1)c1ccccc1O,-8.1,AIEMG,4440
Fc1cccc(NC2CC[NH+](CCOc3c(F)cccc3F)CC2)n1,-8.1,AIEMG,4441
[C@](O)(CCc1cnn(-c2ccccc2)c1)c1cccnc1,-8.1,AIEMG,4442
[C@H]1C(=O)N(CCC[NH+](C)Cc2cnc(-c3ccccc3)o2)C(=O)c2ccccc21,-8.1,AIEMG,4443
[C@H](c1ccccc1Br)CN1C=C(c2ccccc2)N=N1,-8.1,AIEMG,4444
FC(F)(F)Cc1csc(CN2CC(c3n[nH]c(=O)n3Cc3ccc(F)cc3)C2)n1,-8.1,AIEMG,4445
N#Cc1cc(NC(=O)[C@@H]2CC(=O)N(C3CCCCC3)C2)cc(Cl)c1Cl,-8.1,AIEMG,4446
[N+]c1ccc(N2CCN(C(=O)CCn3cc(C(F)(F)F)cn3)CC2)cc1,-8.1,AIEMG,4447
[N+]=C1C(=NC(=O)c2ccccc2)S/C1=C/c1cccc(F)c1,-8.1,AIEMG,4448
[C@@](Cc1ccccc1)C(=O)Nc1ccc(F)c(C(=O)NCCOC2CCCCC2)c1,-8.1,AIEMG,4449
[C@](O)(c1ccc(F)cc1)[C@@H]1Oc2ccccc2O[C@@H]1[NH3+],-8.1,AIEMG,4450
c1nc(-c2cccc(F)c2)sc1C(=O)OCc1ccc([N+](=O)[O-])cc1,-8.1,AIEMG,4451
[C@]1(CNc2ccc(Cl)c(F)c2)NC(=O)N(Cc2ccc(C#N)cc2)C1=O,-8.1,AIEMG,4452
[N+]1(C(F)(F)C(F)F)CCCN(C(=O)Cc2ccc(F)cc2F)C1,-8.1,AIEMG,4453
Cl[C@@H](CCC(=O)Nc1nccnc1-c1nccn1C1CC1)c1ccccc1,-8.1,AIEMG,4454
[C@@]=C([NH+]1CCCC1)c1ccc(NC(=O)C(=O)N(C)Cc2ccccc2)cc1,-8.1,AIEMG,4455
[C@H]Oc1ccc(C(=O)C(=O)N[C@@H](CO)c2ccccc2)cc1F,-8.1,AIEMG,4456
ClN1[C@H](N(Cc2ccccc2)N2CCC[C@H]2CC(CO)COCCc2ccccc2)CC1=O,-8.1,AIEMG,4457
Fc1ccc(-c2nc(C[NH+]3CCC[C@@H]3c3cccs3)co2)cc1,-8.1,AIEMG,4458
[N+]=C1CCCC[C@@H]1OC(=O)c1cnn(-c2ccccc2)c1,-8.1,AIEMG,4459
[NH+]/C=C/[C@H]1CCCN(C(=O)NCc2cc(F)ccc2F)C1,-8.1,AIEMG,4460
[C@H](C)[C@@H](C)[C@@H](CNC(=O)c1cccc(OC(F)F)c1)c1ccccc1,-8.1,AIEMG,4461
FC(F)(F)COc1ccccc1CNC(=O)c1ccc(F)cc1,-8.1,AIEMG,4462
c1cc(CN2CCC[C@H](c3nnc(-c4ccncc4)nn3)C2)oc1C(C)(C)C,-8.1,AIEMG,4463
Fc1ccc(Cl)c(NCc2ncc(-c3ccc(F)cc3)o2)c1Br,-8.1,AIEMG,4464
[C@@](CNS(=O)(=O)CCOc1ccccc1C(F)(F)F)c1ccccc1[N+](=O)[O-],-8.1,AIEMG,4465
[C@]Sc1cccc(C(=O)N[C@H]2C[C@@H]2Cc2ccc(Cl)cc2)c1,-8.1,AIEMG,4466
ClCc1cccc(OCC(=O)Oc2ccccc2C(F)(F)F)c1,-8.1,AIEMG,4467
[N+]1=CN=C([C@@H]2NC(=O)N(CCSc3ccccc3)c3ccc(Cl)cc32)S1,-8.1,AIEMG,4468
FC(F)(F)C1CCN(C(=O)c2cccnc2CC2CCCC2)CC1,-8.1,AIEMG,4469
[N+]([O-])Cc1cccc(-c2csc(-c3ccccc3)n2)c1,-8.1,AIEMG,4470
[N+]1=CCCC[C@@H]1c1nc(-c2ccc(F)cc2)n[nH]1,-8.1,AIEMG,4471
[C@H](CNC(=O)Cc1cccc2ccccc12)[NH+]1CCCCC1,-8.1,AIEMG,4472
[C@]1(c2cccs2)NC(=O)N(CC(=O)N2CCN(c3ccc(F)cc3)CC2)C1=O,-8.1,AIEMG,4473
O[C@H](CCc1nc2sc(C3CC3)nc2c(=O)[nH]1)c1ccccc1,-8.1,AIEMG,4474
Fc1ccc(-c2cccc(S(=O)(=O)/N=N\c3cccnc3)n2)cc1,-8.1,AIEMG,4475
[N+]([O-])c1ccccc1CN1CCN(C(=O)N[C@@H]2CC[C@@H]([NH+](C)C)C2)CC1,-8.1,AIEMG,4476
[N+]=C1CCC[C@H](Oc2cc(C(F)(F)F)c(-c3ccccc3)o2)N1,-8.1,AIEMG,4477
[N+]=Cc1cccc(S(=O)(=O)Nc2cc(C(F)(F)F)ccc2F)c1,-8.1,AIEMG,4478
[N+]c1ccccc1OC[C@H]1CCCN1C(=O)Cc1cncc(F)c1,-8.1,AIEMG,4479
[C@H]1CCN(C(=O)CCn2nc(-c3ccccc3)nn2)C1,-8.1,AIEMG,4480
[C@H](C)c1ccc(NC(=O)CCc2n[nH]c3ccccc23)cc1,-8.1,AIEMG,4481
[C@H](C(=O)NC[C@@H]1CCN(c2ccc(F)cn2)C1)c1ccc(F)c(F)c1,-8.1,AIEMG,4482
[C@]1(CC2CCN(C(=O)c3cccc(Cl)c3)CC2)NC(=O)N=C1SCc1nccs1,-8.1,AIEMG,4483
[C@@][C@@H]1CCC[C@@H](NC(=O)c2ccc3[nH]c(C)cc3[nH+]2)C1,-8.1,AIEMG,4484
[C@](C#C[C@@H](O)c1ccc(F)cc1)C(=O)NCc1ccc(Cl)cc1,-8.1,AIEMG,4485
[C@@](C(=O)C1=CCCCC1)C(=O)Nc1c[nH]c(Cc2ccccc2)n1,-8.1,AIEMG,4486
c1cccc(COc2ccc(C[NH2+]Cc3ccccn3)c(C)c2)c1,-8.1,AIEMG,4487
[C@H]1CCC[C@@H]1NC(=O)c1ccc(NC(=O)CC2(O)CCOCC2)cc1,-8.1,AIEMG,4488
[P@@]=C(NCCCN1C(=O)CCc2ccccc21)c1ccc(Cl)cc1,-8.1,AIEMG,4489
[P@@]1CCN(C(=O)CCC/C=C\c2cc(Cl)c(Cl)cc2)c2ccccc21,-8.1,AIEMG,4490
P=C(/C=C(\c1ccccc1)c1ccccc1)c1ccc(Cl)c(F)c1,-8.1,AIEMG,4491
[C@H]Oc1c(C(=O)NN[C@H](C)c2cccn2C)cccc1-c1ccncc1,-8.1,AIEMG,4492
[P@@]/C(=C\c1ccccc1Cl)[NH+]1CCN(c2ccccc2)CC1,-8.1,AIEMG,4493
[C@H]OC(=O)[C@@H]1C=C(NC(=O)C(=O)Nc2ccc(Oc3ccccc3C)cc2)C1,-8.1,AIEMG,4494
[C@](C(=O)Cn1nnc(-c2ccc(F)cc2)n1)N[C@@H]1CCC[C@H]1C1CC1,-8.1,AIEMG,4495
Fc1ccccc1N1CCN(CNc2ccccc2F)CC1,-8.1,AIEMG,4496
[C@@H](C(=O)Nc1cccc(Br)c1)c1ccc(F)cc1F,-8.1,AIEMG,4497
[N+]([O-])c1ccc(NC[C@H]2CCCN2S(=O)(=O)Cc2ccccc2)cc1,-8.1,AIEMG,4498
[P@@](=C\c1cccc([N+](=O)[O-])c1)N1CCC[C@@H]1c1ccccc1,-8.1,AIEMG,4499
[C@H]1C(C#N)C(=O)N(CCN2C(=O)c3ccccc3C2=O)C=C1,-8.1,AIEMG,4500
Clc1ccc(-c2noc(CSc3nnnn3Cc3ccccn3)n2)cc1,-8.1,AIEMG,4501
P=C(\[O-])c1ccccc1Oc1cccc2ccccc12,-8.1,AIEMG,4502
[N+]c1ccc(Nc2ncnc3sc(C(C)C)cc23)c(F)c1,-8.1,AIEMG,4503
[C@](C#Cc1cccc(C(=O)[O-])c1)c1ccccc1F,-8.1,AIEMG,4504
O[N+]1(c2ccccc2)c(=O)n(-c2cccc(Br)c2)N1,-8.1,AIEMG,4505
COc1ccc(/C(CSc2nc3[nH]c(=O)n(C)c(=O)c3[nH]2)=N\O)cc1,-8.098,ChEMBL,4506
Cn1cnc2c(F)c(Nc3ccc(Br)cc3Cl)c(C(=O)NOCCO)cc21,-8.095,ChEMBL,4507
C=CC(=O)N1CCC[C@@H](n2nc(C3CC3)c3c(N)ncnc32)C1,-8.093,ChEMBL,4508
Cc1ccc(CSc2nc3[nH]c(C)cc(=O)n3n2)cc1,-8.091,ChEMBL,4509
COc1ccc(-c2c(CN3CCOCC3)nc3scc(C(=O)NN)n23)cc1,-8.088,ChEMBL,4510
Fc1ccc(Nc2ncnc3sccc23)cc1Cl,-8.088,ChEMBL,4511
CCOc1cc2ncnc(Nc3ccc(F)c(Cl)c3)c2cc1NC(=O)CCN(C)C,-8.088,ChEMBL,4512
COc1ccc(/C(CSc2nc3c([nH]2)c(=O)n(C)c(=O)n3C)=N\O)cc1,-8.083,ChEMBL,4513
COC1CCN(c2nccc(Nc3cc4c(cn3)ncn4CC(F)(F)F)n2)CC1,-8.083,ChEMBL,4514
C#CCCn1cc(Nc2nc(OC[C@H]3CN(C(=O)C=C)C[C@@H]3OC)c3c(Cl)c[nH]c3n2)cn1,-8.082,ChEMBL,4515
c1ccc(-c2nnc(Cc3nc4ccccc4[nH]3)o2)nc1,-8.081,ChEMBL,4516
COC[C@@H](C)Oc1cc2ncnc(Nc3ccc(F)c(Cl)c3)c2cc1NC(=O)/C=C/CN(C)C,-8.078,ChEMBL,4517
O=C(CCl)Nc1cc2c(Nc3ccc(F)c(Cl)c3)ncnc2s1,-8.078,ChEMBL,4518
C#Cc1cccc(NC(=O)c2cc(OCCCCCCC(=O)NO)ccc2O)c1,-8.076,ChEMBL,4519
c1cncc(-c2nnc(Cc3nc4ccccc4[nH]3)o2)c1,-8.076,ChEMBL,4520
Cn1c(=O)c2[nH]c(SC/C(=N/O)c3ccc(Br)cc3)nc2n(C)c1=O,-8.075,ChEMBL,4521
COc1cc2ncnc(Nc3cccc(Br)c3)c2cc1NC(=O)/C(F)=C/CN(C)C,-8.073,ChEMBL,4522
COC[C@@H](Nc1ncnc2sc(Br)cc12)c1ccccc1,-8.072,ChEMBL,4523
C=CC(=O)Nc1cc(Nc2nccc(Nc3cn(C)nc3C)n2)c(OC)cc1N(C)CCN(C)C,-8.069,ChEMBL,4524
NC(=S)N/N=C(/C=C/c1ccc(Br)cc1)c1ccccc1,-8.069,ChEMBL,4525
COc1ccc(Sc2cccc3[nH]c4nc(N)nc(N)c4c23)cc1,-8.068,ChEMBL,4526
c1ccc(OCc2nnc(Cc3nc4ccccc4[nH]3)o2)cc1,-8.066,ChEMBL,4527
COC(=O)c1ccc2c(c1)S(=O)(=O)N=S2c1ccc(Br)cc1,-8.061,ChEMBL,4528
COc1cc2ncnc(Nc3ccc(F)c(Cl)c3)c2cc1OCCBr,-8.059,ChEMBL,4529
Cc1nc(N(C)c2ccc3c(c2)CCO3)c2cc(C)oc2n1,-8.059,ChEMBL,4530
O=C1CSC(N2N=C(c3ccc(Br)cc3)CC2c2ccc(Cl)cc2)=N1,-8.057,ChEMBL,4531
COC1CCN(c2nccc(Nc3cc4c(cn3)CCN4C(C)C)n2)CC1,-8.055,ChEMBL,4532
COC[C@H](C)Oc1cc2ncnc(Nc3ccc(F)c(Cl)c3)c2cc1NC(=O)/C=C/CN(C)C,-8.055,ChEMBL,4533
Cc1ccccc1-c1nnc(SCc2ccccc2)o1,-8.055,ChEMBL,4534
COc1cc2ncnc(Nc3ccc(C(C)(F)F)cc3)c2cc1OC,-8.054,ChEMBL,4535
Cc1ccccc1NC(=O)/C=C/c1ccccc1,-8.053,ChEMBL,4536
Cc1cc(=O)n2nc(SCc3ccc(Cl)cc3Cl)nc2[nH]1,-8.052,ChEMBL,4537
COc1cc(Br)c(/C=C2\CN(C)CC(=C\c3nc(C)c(C)nc3C)/C2=N\O)cc1OC,-8.051,ChEMBL,4538
CCCOC(=O)Nc1ccc(Nc2ncnc3cc(OC)c(OC)cc23)cc1C,-8.049,ChEMBL,4539
C#Cc1cccc(Nc2nc(C)nc3oc(C)cc23)c1,-8.042,ChEMBL,4540
Cc1ccc(/C=C/C(=N/NC(N)=S)c2ccccc2)cc1,-8.041,ChEMBL,4541
COc1ccc(-c2nc3sc(-c4ccccc4)cn3n2)cc1,-8.041,ChEMBL,4542
Cc1ccc(S(=O)(=O)NC(=O)c2ccc(C)nc2Cl)cc1,-8.039,ChEMBL,4543
O=C(O)CCCC(=O)Nc1cc(Nc2ccc(Cl)cc2)ncn1,-8.036,ChEMBL,4544
O=C1CSC(N2N=C(c3ccc(Br)cc3)CC2c2ccc(Br)cc2)=N1,-8.035,ChEMBL,4545
Cc1oc2ncnc(Nc3cccc(Cl)c3)c2c1C(=O)NCCO,-8.032,ChEMBL,4546
COc1cc2nc(Cl)nc(Nc3ccc(S(N)(=O)=O)cc3)c2cc1OC,-8.031,ChEMBL,4547
C=C(N/N=C/c1cn[nH]c1-c1ccccc1)[C@H](C)Cc1ccccc1,-8.03,ChEMBL,4548
COc1cc2ncnc(Nc3ccc(F)c(Cl)c3)c2cc1OCCO,-8.029,ChEMBL,4549
NCCn1c(-c2ccccc2)nc2cc(Cl)ccc2c1=O,-8.028,ChEMBL,4550
O=C(/C=C/c1ccccc1)Nc1ccccc1F,-8.026,ChEMBL,4551
CN1CCN(C(=O)Cn2c(-c3ccc(Cl)cc3)csc2=N)CC1,-8.026,ChEMBL,4552
COc1cc(O)c(C(=O)Nc2ccc(F)c(Cl)c2)cc1NC(=O)CCCCCC(=O)NO,-8.024,ChEMBL,4553
COc1cc(Br)c(Br)c(/C=N/c2ccc3[nH]c(=O)[nH]c3c2)c1O,-8.023,ChEMBL,4554
C=CC(=O)Nc1cc2c(Nc3ccc(F)c(Cl)c3)ncnc2s1,-8.023,ChEMBL,4555
CC(=O)NNC(=O)c1csc2ncc(-c3ccc(Br)cc3)n12,-8.02,ChEMBL,4556
CCOc1cc(Br)c(Br)c(/C=N/c2ccc3[nH]c(=O)[nH]c3c2)c1O,-8.019,ChEMBL,4557
COCCn1c(=O)oc2cc3ncnc(Nc4ccc(OC)c(OC)c4)c3cc21,-8.018,ChEMBL,4558
CCOc1cc([N+](=O)[O-])c(C(=O)Nc2ccc(F)c(Cl)c2)cc1NC(=O)/C=C/CN(C)C,-8.017,ChEMBL,4559
C=CC(=O)Nc1cc(Nc2n[nH]c3ccccc23)ccc1N(C)CCN(C)C,-8.014,ChEMBL,4560
S=C(NCCN1CCOCC1)Nc1ccc2ncnc(Nc3cccc(Br)c3)c2c1,-8.013,ChEMBL,4561
Cn1c(-c2csc(NN=C3CCCC3)n2)nc2ccccc21,-8.012,ChEMBL,4562
CCCCOC(=O)c1c(-c2ccccc2)nn2ccccc12,-8.012,ChEMBL,4563
COc1cc2nc(Cl)nc(Nc3ccc(NC(C)=O)cc3)c2cc1OC,-8.009,ChEMBL,4564
Cc1ncc([N+](=O)[O-])n1C/C(=N/NC(=O)c1ccc(N)cc1)c1ccc(Br)cc1,-8.008,ChEMBL,4565
COc1ccc(OC)c(Nc2cc(Nc3ccc(S(N)(=O)=O)cc3)ncn2)c1,-8.005,ChEMBL,4566
COc1cc2ncnc(Nc3cccc(C#N)c3)c2cc1OC,-8.003,ChEMBL,4567
CCOC(=O)Cc1cc(/N=C/c2cc(O)ccc2O)ccc1O,-8.0,ChEMBL,4568
CNc1cc2ncnc(Nc3cccc(Br)c3)c2cn1,-8.0,ChEMBL,4569
[N+]([O-])CN1CCc2nc(NCc3ccccc3)cc(Cl)c2O1,-8.0,AIEMG,4570
N#C/C(=C/c1ccc(O)c(O)c1)C(=O)NC1CCCCC1,-8.0,ChEMBL,4571
NC(=S)N/N=C(/C=C/c1ccccc1Cl)c1ccccc1,-8.0,ChEMBL,4572
CC(C)c1cc(/C=C(\C#N)C(N)=O)cc(C(C)C)c1O,-8.0,ChEMBL,4573
COc1cccc(/C=C/C(=N/NC(N)=S)c2ccccc2)c1,-8.0,ChEMBL,4574
[C@H]1CCCN1C(=O)CC[NH+]1CCC(Cc2ccccc2)CC1,-8.0,AIEMG,4575
[C@H]Oc1cccc2cc(C(=O)N[C@@H](C)C(=O)NCc3cccnc3)cn12,-8.0,AIEMG,4576
[NH2+][C@H](Cc1cc(F)cc(F)c1)C(=O)Nc1ccc(Cl)cn1,-8.0,AIEMG,4577
COc1cc2ncnc(/C=C/CCc3ccccc3)c2cc1OC,-8.0,ChEMBL,4578
CN(C)c1cc2ncnc(Nc3cccc(Br)c3)c2cn1,-8.0,ChEMBL,4579
[P@@]#Cc1ccccc1OCc1c[nH]nc1-c1cccc(F)c1,-8.0,AIEMG,4580
N#C/C(=C\c1ccc(O)c(O)c1)C(=O)c1ccc(O)c(O)c1,-8.0,ChEMBL,4581
Nc1cc2c(Nc3cccc(Br)c3)ncnc2cc1Cl,-8.0,ChEMBL,4582
COc1cc2ncc(C#N)c(Nc3ccccc3C(C)C)c2cc1OC,-8.0,ChEMBL,4583
[C@@]1(CNC(=O)N[C@@H]2CCC(O)(C(F)(F)F)C2)CCC1(C(C)C)C(F)(F)F,-8.0,AIEMG,4584
COc1ccc(C2CC(c3ccc(Cl)c(Cl)c3)=NN2C(N)=S)cc1,-8.0,ChEMBL,4585
COc1cc2ncnc(NC3CC3c3ccccc3)c2cc1OCCCN(C)C,-8.0,ChEMBL,4586
NC(=S)N1N=C(c2ccc(Cl)c(Cl)c2)CC1c1ccc(O)cc1,-8.0,ChEMBL,4587
Cc1c(C)n(-c2ccccc2)c2ncnc(N)c12,-8.0,ChEMBL,4588
CN(C)CCCOC(=O)/C=C/C(=O)Nc1ccc2ncnc(Nc3cccc(Br)c3)c2c1,-8.0,ChEMBL,4589
[C@@]1(CCCCn2c(=O)[nH]c3ccccc32)NC(=O)N(CCCn2cccn2)C1=O,-8.0,AIEMG,4590
[C@@](C(=O)c1cccc(OCc2ccccc2)c1)[C@@H]1CN(C)CCO1,-8.0,AIEMG,4591
CN(CCO)c1cc2c(Nc3cccc(Br)c3)ncnc2cn1,-8.0,ChEMBL,4592
Oc1cc2cc(-c3cccnc3)cnc2cc1O,-8.0,ChEMBL,4593
COc1cc2ncc(C#N)c(Nc3ccc(F)cc3)c2cc1OC,-8.0,ChEMBL,4594
CC(C)n1nc(-c2cccc(NS(C)(=O)=O)c2)c2c(N)ncnc21,-8.0,ChEMBL,4595
[C@@]1(C)C[C@@H]1C(=O)NCc1ccc(CNc2ccccc2F)cc1,-8.0,AIEMG,4596
CC(C)n1nc(-c2ccc(C#N)c(F)c2)c2c(N)ncnc21,-8.0,ChEMBL,4597
FC(F)c1ccc(O[C@H]2CCO[C@@]3(CCC[NH2+]C3)C2)cc1,-8.0,AIEMG,4598
FC(F)(F)CC[NH2+][C@@H]1CCN(CC2CCN(c3ccc(F)cc3)CC2)C1,-8.0,AIEMG,4599
CN(C)c1cc2ncnc(Nc3cccc(Br)c3)c2cc1N,-8.0,ChEMBL,4600
O=C(O)CNc1cc2ncnc(Nc3cccc(Br)c3)c2cn1,-8.0,ChEMBL,4601
CN(C)c1cc2ncnc(Nc3cccc(Br)c3)c2cc1[N+](=O)[O-],-8.0,ChEMBL,4602
CN(C)CCN(C)c1cc2c(Nc3cccc(Br)c3)ncnc2cn1,-8.0,ChEMBL,4603
CO/N=C/c1c(N)ncnc1NCc1ccc(F)c(Cl)c1,-8.0,ChEMBL,4604
COc1cc(/C=C(\C#N)S(=O)(=O)/C(C#N)=C/c2cc(O)c(O)c(OC)c2)cc(O)c1O,-8.0,ChEMBL,4605
[NH+](NCCc1ncc(C2CC2)n1C[C@@H]1CO[C@H](Cn2CCCC2)C1)[C@H]1CCS(=O)(=O)C1,-8.0,AIEMG,4606
[P@@]=C(Nc1ccc2c(c1)OCO2)c1cc(F)ccc1F,-8.0,AIEMG,4607
O[N+](c1ccccc1)N1CCC(CN(CCO)Cc2ccccc2)CC1,-8.0,AIEMG,4608
c1nn(CN2CCN(C(=O)[C@@H]3CCCN(Cc4ccc(F)cc4)C3)CC2)cc1F,-8.0,AIEMG,4609
CO/N=C/c1c(N)ncnc1Nc1ccc2[nH]ncc2c1,-8.0,ChEMBL,4610
N#C/C(=C/c1ccc(O)c(O)c1)C(=O)Nc1ccccc1Cl,-8.0,ChEMBL,4611
[C@@H]1C(=O)N(C2CCN(C(=O)c3ccccc3Cl)C2)CC1,-8.0,AIEMG,4612
C[C@H](CCC(C)C)NC(=O)[C@@H]1C[C@]12CCc1ccccc12,-8.0,AIEMG,4613
CC(C)n1nc(-c2cncnc2)c2c(N)ncnc21,-8.0,ChEMBL,4614
SC(NC[C@H]1CCc2ccccc21)c1ccccc1,-8.0,AIEMG,4615
CC(C)n1nc(-c2ccc(C#N)c(O)c2)c2c(N)ncnc21,-8.0,ChEMBL,4616
COc1cc2ncc(C#N)c(Nc3cccc(O)c3)c2cc1OC,-8.0,ChEMBL,4617
[C@]Oc1ccc(CN[C@H](c2ccc([N+](=O)[O-])cc2)C(F)(F)F)cc1OC,-8.0,AIEMG,4618
CNc1cc2ncnc(Nc3cccc(Br)c3)c2cc1N,-8.0,ChEMBL,4619
FC(F)(F)c1ccc(C[C@H]([NH2+]Cc2ccc[nH]2)C2CC2)cc1,-8.0,AIEMG,4620
CCNc1ccc2c(Nc3cccc(Br)c3)ncnc2c1,-8.0,ChEMBL,4621
CNc1ccc2c(Nc3cccc(Br)c3)ncnc2c1,-8.0,ChEMBL,4622
[P@@]=C(N[C@H](c1ccccc1)c1ccccc1)Nc1cccc(Cl)c1,-8.0,AIEMG,4623
CN(C)/N=N/c1ccc2ncnc(N(C)c3ccccc3)c2c1,-8.0,ChEMBL,4624
c1ccc(-c2nnc(SCCCOc3cccc([N+](=O)[O-])c3)n2N)cc1F,-8.0,AIEMG,4625
Clc1cc(F)ccc1N1CCN(Cc2cc(Cl)ccc2Cl)CC1,-8.0,AIEMG,4626
Cl[C@@H](Cc1c[nH]c2ccccc12)c1nnc(C2CC2)s1,-8.0,AIEMG,4627
COc1cc2ncnc(Nc3ccc(F)c(Cl)c3)c2cc1OCCNCCN(C)C,-8.0,ChEMBL,4628
COc1cccc(CNc2ncnc3cc(N)ncc23)c1,-8.0,ChEMBL,4629
[C@@][C@]1(C(=O)OCCCn2ccc3cc(F)ccc32)CCCC1=O,-8.0,AIEMG,4630
[C@@](C#Cc1nc(-c2cccnc2)no1)c1ccccc1O,-8.0,AIEMG,4631
[C@@]1(CNc2cccc(C(F)(F)F)c2)CCCN(c2cnccc2F)C1,-8.0,AIEMG,4632
Cc1[nH]c2ncnc(Nc3cccc(C#N)c3)c2c1C,-8.0,ChEMBL,4633
ClCCNc1ccc2ncnc(Nc3cccc(Cl)c3)c2c1,-8.0,ChEMBL,4634
Fc1ccc(Nc2ncnn3cccc23)cc1Cl,-8.0,ChEMBL,4635
Cc1[nH]c2ncnc(Nc3ccccc3)c2c1C,-8.0,ChEMBL,4636
CCOC(=O)c1cn2ncnc(Nc3ccc4[nH]ncc4c3)c2c1CC,-8.0,ChEMBL,4637
COc1cc(/C=C(\C#N)C(N)=O)cc(CSc2ccccn2)c1O,-8.0,ChEMBL,4638
[C@@]1(CC[NH+]2CCCc3cc(OCc4ccc(F)cc4)ccc32)CSC1(C)C,-8.0,AIEMG,4639
[N+]n1ccc(NC(=O)c2ccn(-c3ccccc3)n2)n1,-8.0,AIEMG,4640
[C@@](O)(C[NH2+]Cc1ccccc1Oc1ccccc1F)c1cnn(C)c1,-8.0,AIEMG,4641
CNc1ccc2c(Nc3cccc(Br)c3)ncnc2n1,-8.0,ChEMBL,4642
COc1ccccc1CNC(=O)Nc1cccc(C(C)=O)c1,-8.0,AIEMG,4643
C=CC(=O)Nc1nc2c(Cc3ccc(F)c(Cl)c3)ncnc2cc1OCCCN1CCOCC1,-8.0,ChEMBL,4644
C[C@@H](CN)n1nc(-c2ccc(Cl)c(O)c2)c2c(N)ncnc21,-8.0,ChEMBL,4645
[C@]1(SCCn2ccccc2=O)CS(=O)(=O)c2ccccc21,-8.0,AIEMG,4646
C=CS(=O)(=O)c1cc2c(Nc3cccc(Br)c3)ncnc2cn1,-8.0,ChEMBL,4647
c1ccc(Nc2nccc(-c3cccnc3)n2)cc1,-8.0,ChEMBL,4648
[C@@]1(NC(=O)c2ccccc2F)Nc2ccccc21,-8.0,AIEMG,4649
[P@@]C1CCC(NS(=O)(=O)c2cccc(Oc3ccc(F)cc3)c2)CC1,-8.0,AIEMG,4650
CN(C)CCCCCNc1c(Br)cccc1Nc1ncnc2ccncc12,-8.0,ChEMBL,4651
[N+]1=CCCC[C@@H]1C(=O)Nc1ccc(CC[NH+]2CCCCC2)cc1,-8.0,AIEMG,4652
CN(C)CCCNC(=O)/C=C/C(=O)Nc1cc2c(Nc3cccc(Br)c3)ncnc2cn1,-8.0,ChEMBL,4653
Brc1cccc(Nc2ncnc3cc4c(cc23)CN4)c1,-8.0,ChEMBL,4654
FC(F)(F)c1cccc(O[C@@H]2CCCC[C@@H]2C[NH2+]Cc2ccco2)c1,-8.0,AIEMG,4655
O=C(O)Cc1cc(NCc2cc(O)ccc2O)ccc1O,-8.0,ChEMBL,4656
Nc1c(Cl)cccc1Nc1ncnc2ccncc12,-8.0,ChEMBL,4657
CCN(CC)[C@@](C)(C#Cc1ncnc2cc(OC)c(OC)cc12)c1ccccc1,-8.0,ChEMBL,4658
C=C(CN(C)C)C(=O)c1ccc(OS(=O)(=O)c2ccc(C(=O)O)c(O)c2)cc1,-8.0,ChEMBL,4659
COc1cc2ncnc(Sc3cccc(Cl)c3)c2cc1OC,-8.0,ChEMBL,4660
[N+]1=CCCC[C@@H]1c1ccc(C(=O)NC[C@@H]2C[C@H]2c2ccccc2)cc1,-8.0,AIEMG,4661
[P@@]1C[C@H](C(=O)N2CCC(O)(CC(C)C)N=N2)C[NH+]1Cc1ccc(Cl)cc1,-8.0,AIEMG,4662
[C@@](CCNC(=O)COc1ccc(F)cc1)C1CCN(C(=O)c2ccccc2Cl)CC1,-8.0,AIEMG,4663
[N+]n1ccc(-c2cccc(CCC(=O)N3CCCC3)c2)c1Br,-8.0,AIEMG,4664
[N+]=C(c1ccccc1)N1CCN(c2nc3ccccc3o2)CC1,-8.0,AIEMG,4665
[C@]1(CCCOc2ccc(Cl)c(C)c2)Nc2ccc(C(=O)[O-])cc21,-8.0,AIEMG,4666
C[C@H]1COC[C@@H](C)N1C(=O)c1ccc(NC(=O)C[C@@H]2CCCO2)cc1,-8.0,AIEMG,4667
Fc1ccc2c(c1)[C@H]([NH2+]CCN1CCOC[C@H]1c1ccccc1)CCC2,-8.0,AIEMG,4668
[N+]1=CCCC[C@@H]1C(=O)N1CCC(Nc2ccc(Cl)c(Cl)c2)CC1,-8.0,AIEMG,4669
FC(F)(Cl)c1cccc(CCOc2ccc(F)cc2)c1,-8.0,AIEMG,4670
[C@H]Oc1cccc(OCC(=O)N[C@H](C)CCc2c[nH]c3ccccc23)c1,-8.0,AIEMG,4671
[C@@](C#Cc1ccc(F)c(F)c1)NC(=O)c1ccccc1,-8.0,AIEMG,4672
Cl[C@@H](Cc1ccccc1)C(=O)N1CCCc2ccccc21,-8.0,AIEMG,4673
[C@H](CN1CCN(C(=O)c2ccc(Cl)c3ccccc23)CC1)[NH+]1CCCC1,-8.0,AIEMG,4674
[N+]1=CCCC[C@H]1c1ccc(NC(=O)c2cccc(Cl)c2)cc1,-8.0,AIEMG,4675
[C@H]1CCC[C@H](Cc2cccc(CCCNC(=O)c3ccncc3)[nH+]2)C1,-8.0,AIEMG,4676
[C@H]Oc1cccc(N2CCN(C(=O)N(C)[C@@H](C)CN3C[C@@H]4CCC[C@@H]4C3)CC2)c1,-8.0,AIEMG,4677
[C@H]Oc1ccccc1C(=O)N1CC[C@H]([NH2+]Cc2ccnc(C(=O)NC)n2)C1,-8.0,AIEMG,4678
[C@H](C)c1ccc(CN2CCN(C(=O)[C@@H]3CC=CCC3)CC2)cc1,-8.0,AIEMG,4679
[C@H]1C[C@@H](C(=O)NC2CCN(c3ccc(F)c(Cl)c3)C2)CC1,-8.0,AIEMG,4680
[C@]1(C(=O)N/C=C/c2ccccc2)O[C@H]1Cc1ccc(O)cc1,-8.0,AIEMG,4681
[C@]Oc1c(C(=O)/C=C/c2ccc(F)cc2F)c(C)c(C#N)c(Cl)n1,-8.0,AIEMG,4682
[C@]1(CCc2ccccc2)NC(=O)C[C@@H]1c1ccc(C2CC2)cc1,-8.0,AIEMG,4683
[N+]1=NC(=O)C[C@@H](Cc2cccc(Br)c2)N1c1ccccc1,-8.0,AIEMG,4684
COc1cc(/C=C(\C#N)C(N)=O)cc(Sc2nc3ccccc3s2)c1O,-8.0,ChEMBL,4685
[P@@]=C(\CCc1nc2ccccc2[nH]1)c1cccc(F)c1,-8.0,AIEMG,4686
FC(F)(F)/C(=O)COc1cccc(C(=O)NCc2ccccc2)c1,-8.0,AIEMG,4687
[C@H]1CC[C@@H](C)[C@H](NCc2ccc(OCc3ccccc3)cc2)C1=O,-8.0,AIEMG,4688
Fc1ccc(Oc2ccc(CSc3nncc(Cl)c3F)o2)cc1,-8.0,AIEMG,4689
FC(F)c1cccc(CC(=O)N2CCC[C@@H](C(F)F)C2)c1,-8.0,AIEMG,4690
[P@@]=C(Nc1ccc(F)cc1)NC(=O)[C@H]1COc2ccccc2O1,-8.0,AIEMG,4691
CCOC(=O)c1cn2ncnc(NCc3ccccc3)c2c1CC,-8.0,ChEMBL,4692
COc1cc2ncnc(NNc3ccc(F)c(Cl)c3)c2cc1OC,-8.0,ChEMBL,4693
[P@@]=C(NC(=O)c1cc(Cl)ccc1Cl)Nc1cccc(F)c1,-8.0,AIEMG,4694
COc1cc(Br)cc(-c2nn(C(C)C)c3ncnc(N)c23)c1,-8.0,ChEMBL,4695
Cc1cc(C)c(C(=O)/C(C#N)=C/c2ccc(O)c(O)c2)c(C)c1,-8.0,ChEMBL,4696
[C@]1(C(=O)NCCCNc2ccc(F)cc2F)N=C(c2ccccc2)OC1(C)C,-8.0,AIEMG,4697
[N+]=Cc1ccccc1NC(=O)c1nnc([C@@H]2CCCO2)s1,-8.0,AIEMG,4698
COc1cccc2ncnc(Nc3cccc(Br)c3)c12,-8.0,ChEMBL,4699
Brc1cccc(Nc2ncnc3ccccc23)c1,-8.0,ChEMBL,4700
[C@H](C)n1ccc(NC(=O)C(=O)Nc2cccc(F)c2)n1,-8.0,AIEMG,4701
Ic1cccc(Nc2ncnc3ccccc23)c1,-8.0,ChEMBL,4702
COc1cccc(Nc2cc(Nc3ccc(S(N)(=O)=O)cc3)ncn2)c1,-8.0,ChEMBL,4703
COc1cc2ncnc(Nc3cccc(C#CCCO)c3)c2cc1OC,-8.0,ChEMBL,4704
[C@H](C)C(=O)NCc1ccccc1NC(=O)C(=O)Nc1ccccc1Cl,-8.0,AIEMG,4705
[C@H]1CCN(C(=O)c2nccc(Oc3ccccc3)c2)C1,-8.0,AIEMG,4706
[C@H]1C(C)(C)C[C@@H]1C(=O)Nc1ccc(C(=O)NCCCN2CCOCC2)cc1,-8.0,AIEMG,4707
CN(C)CCCNC(=O)/C=C/C(=O)Nc1ccc2ncnc(Nc3cccc(Br)c3)c2c1,-8.0,ChEMBL,4708
[C@]1(COc2ccc(C(F)(F)F)cc2)CCSc2ccccc21,-8.0,AIEMG,4709
Cc1ncc([N+](=O)[O-])n1CCOC(=O)/C=C/c1ccccc1[N+](=O)[O-],-8.0,ChEMBL,4710
CCCCNC(=O)c1ccc(S(=O)(=O)Oc2ccc(/C=C/[N+](=O)[O-])cc2)cc1,-8.0,ChEMBL,4711
[C@]#CC(c1ccccc1Cl)C(=O)N[C@H]1COc2ccccc2O1,-8.0,AIEMG,4712
COc1cc2ncnc(Nc3ccc(Br)cc3)c2cc1OC,-8.0,ChEMBL,4713
[C@H]1CCC[C@H](C[NH2+]Cc2cc(C(=O)OCC(F)(F)F)ccc2Cl)C1,-8.0,AIEMG,4714
Fc1ccc(-c2cc(C[NH+]3CCN(C[C@@H]4CCCO4)CC3)on2)cc1,-8.0,AIEMG,4715
[C@@]1(c2ccccc2)NC(=O)N(Cc2ccc(F)cc2)S1,-8.0,AIEMG,4716
CN(C)c1cc2c(Nc3cccc(Br)c3)ncnc2cn1,-8.0,ChEMBL,4717
NC(=S)N1N=C(c2ccc(Cl)c(Cl)c2)CC1c1ccccc1F,-8.0,ChEMBL,4718
COc1cc(C=C(C#N)C#N)cc(CSc2ccccc2C(=O)O)c1O,-8.0,ChEMBL,4719
COc1ccc2ncnc(Nc3cccc(Br)c3)c2c1,-8.0,ChEMBL,4720
COc1ccc(C2CC(c3ccc(Br)c(Br)c3)=NN2C(N)=S)cc1,-8.0,ChEMBL,4721
[C@](O)(c1ccco1)NC(=O)c1cc(C(F)(F)F)ccc1F,-8.0,AIEMG,4722
NC(=S)N1N=C(c2ccc(Br)c(Br)c2)CC1c1ccc(O)cc1,-8.0,ChEMBL,4723
[C@@](O)(c1ccccc1)c1ccc(NC(=O)[C@H]2C[NH2+]CCO2)cc1,-8.0,AIEMG,4724
FC(F)(F)c1ccc(Nc2ncnc3nonc23)cc1F,-8.0,AIEMG,4725
c1ccc(-c2cnc(C[NH2+]CC3CC[NH+](C4CCCC4)CC3)nn2)cc1,-8.0,AIEMG,4726
[C@]1(NC(=O)Cc2ccccc2F)Nc2ccccc21,-8.0,AIEMG,4727
N#C/C(=C\c1cc(O)c(O)c(CSCc2ccccc2)c1)C(N)=O,-8.0,ChEMBL,4728
[C@@](CC(=O)NC[C@@H](c1ccccc1)C(C)(C)c1ccco1)c1ccc(F)nc1,-8.0,AIEMG,4729
COc1cc2c(NCc3ccccc3)ncnc2cc1O,-8.0,ChEMBL,4730
Fc1ccc(-c2nnc(SCc3ccc(Cl)cc3)o2)cc1,-8.0,AIEMG,4731
Clc1ncc2ncnc(Nc3cccc(Br)c3)c2n1,-8.0,ChEMBL,4732
CNc1ncc2ncnc(Nc3ccccc3)c2n1,-8.0,ChEMBL,4733
CN(C)CCCC(=O)Nc1ccc2ncnc(Nc3cccc(Br)c3)c2c1,-8.0,ChEMBL,4734
O=C(O)CCNc1cc2c(Nc3cccc(Br)c3)ncnc2cn1,-8.0,ChEMBL,4735
[C@H]1C(=O)N=C(N2CCC[NH+](CC[NH2+]CCc3ccccc3)C2=O)CC1,-8.0,AIEMG,4736
Cc1ccc(-c2c(CN3CCCCC3)nc3scc(C(=O)O)n23)cc1,-7.998,ChEMBL,4737
Cn1c(-c2csc(NN=C3CCCCC3)n2)nc2ccccc21,-7.996,ChEMBL,4738
C#CCN(C)CCN(C)c1cc(OC)c(Nc2nccc(Nc3ccn(C)n3)n2)cc1NC(=O)C=C,-7.996,ChEMBL,4739
C=CC(=O)Nc1cc(Nc2nccc(Nc3cnn(C)c3)n2)c(OC)cc1N(C)CCN(C)C,-7.994,ChEMBL,4740
COc1cc2ncc(C(=O)O)c(Nc3cccc(Cl)c3)c2cc1OC,-7.992,ChEMBL,4741
CCOC(=O)Nc1ccc(Nc2ncnc3cc(OC)c(OC)cc23)cc1C,-7.991,ChEMBL,4742
O=C1CSC(N2N=C(c3ccncc3)CC2c2ccc(Br)cc2)=N1,-7.989,ChEMBL,4743
CCC(C)n1cnc2cnc(Nc3ccnc(N4CCC(OC)CC4)n3)cc21,-7.987,ChEMBL,4744
CN(CCO)c1ccc2ncnc(Nc3cccc(Br)c3)c2c1,-7.986,ChEMBL,4745
C=CC(=O)Nc1cccc(NC(=O)Nc2ccnc(Nc3ccc(OCCOC)cc3)n2)c1,-7.986,ChEMBL,4746
NNC(=O)c1csc2nc(CN3CCOCC3)c(-c3ccc(Br)cc3)n12,-7.984,ChEMBL,4747
Cc1nc2cnc(Nc3ccnc(OCC(C)(C)S(C)(=O)=O)n3)cc2n1C(C)C,-7.984,ChEMBL,4748
COC(=O)Nc1ccc(Nc2ncnc3cc(OC)c(OC)cc23)cc1C,-7.984,ChEMBL,4749
Cc1ccc(S(=O)(=O)NC(=O)Cc2ccc(Cl)cc2)cc1,-7.984,ChEMBL,4750
COC1CCN(c2nccc(Nc3cc4[nH]cnc4cn3)n2)CC1,-7.981,ChEMBL,4751
S=C=Nc1ccc2ncnc(Nc3cccc(Br)c3)c2c1,-7.979,ChEMBL,4752
COc1cc2nc(Cl)nc(Nc3ccc(N(C)C)cc3)c2cc1OC,-7.977,ChEMBL,4753
CCC(=O)Nc1cc(Nc2n[nH]c3ccccc23)ccc1N(C)CCN(C)C,-7.976,ChEMBL,4754
Cc1ccc(-c2csc(=N)n2CC(=O)N2CCOCC2)cc1,-7.975,ChEMBL,4755
CC(C)c1ccc(NC(=O)/C=C/c2ccccc2)cc1,-7.972,ChEMBL,4756
N#CC1=C(N)N(c2cccnc2)C2=C(C(=O)CCC2)C1c1cc2ccccc2n2nnnc12,-7.971,ChEMBL,4757
COc1cc2ncnc(N[C@H](C)c3ccccc3)c2cc1OC,-7.969,ChEMBL,4758
Cc1ccc(S(=O)(=O)NC(=O)Cc2ccc(F)cc2)cc1,-7.969,ChEMBL,4759
Cc1cc(=O)n2nc(SCc3ccc([N+](=O)[O-])cc3)nc2[nH]1,-7.965,ChEMBL,4760
Cc1ccc(C(/C=C/c2ccccc2)=N\NC(N)=S)cc1,-7.963,ChEMBL,4761
C=CC(=O)Nc1cc(Nc2nccc(Nc3ccn(C)n3)n2)c(OC)cc1N(C)CCN(C)C,-7.962,ChEMBL,4762
NC(=S)N/N=C(/C=C/c1ccccc1)c1ccccc1,-7.961,ChEMBL,4763
C=CC(=O)N[C@@H]1CN(c2nc(Nc3cn(C)nc3C)c3ncn(C(C)C)c3n2)C[C@H]1F,-7.96,ChEMBL,4764
COc1ccc(C(/C=C/c2ccccc2Cl)=N\NC(N)=S)cc1,-7.958,ChEMBL,4765
O=C(NS(=O)(=O)c1ccc(Br)cc1)c1cccnc1Cl,-7.957,ChEMBL,4766
Cn1cc(-c2ccncn2)c(-c2ccc(F)cc2)n1,-7.956,ChEMBL,4767
COc1cc2nc(Cl)nc(Nc3ccc(S(=O)(=O)N(C)C)cc3)c2cc1OC,-7.956,ChEMBL,4768
O=C(NS(=O)(=O)c1ccccc1)c1cncc(Br)c1,-7.951,ChEMBL,4769
Cc1cc(O)n2nc(SCc3cccc(Cl)c3)nc2n1,-7.948,ChEMBL,4770
C=CC(=O)Nc1cc2c(Nc3ccc(Br)cc3F)ncnc2cc1OCCN,-7.947,ChEMBL,4771
Fc1ccccc1-c1nnc(SCc2ccccc2)o1,-7.946,ChEMBL,4772
NC(=O)C1=C(N)C(=O)C=C(Nc2ccccc2O)C1=O,-7.945,ChEMBL,4773
COCCOc1cc2ncnc(Nc3ccc(F)c(Cl)c3)c2cc1NC(=O)/C=C/CN(C)C,-7.944,ChEMBL,4774
Cc1ccc(S(=O)(=O)NC(=O)Cc2cccc(Br)c2)cc1,-7.943,ChEMBL,4775
CCOC(=O)c1ccc(Nc2cc(NC(=O)CCCC(=O)O)ncn2)cc1,-7.94,ChEMBL,4776
CCOc1cc(N)c(C(=O)Nc2ccc(F)c(Cl)c2)cc1NC(=O)/C=C/CN(C)C,-7.94,ChEMBL,4777
COc1cccc(OC)c1-c1cc2c(N[C@H](CO)c3ccccc3)ncnc2s1,-7.94,ChEMBL,4778
C=CC(=O)Oc1cc2c(Nc3ccc(F)c(Cl)c3)ncnc2cc1OCC,-7.933,ChEMBL,4779
CCN(c1ccc(OC)cc1)c1ncnc2occ(C)c12,-7.933,ChEMBL,4780
Cc1cc(NC(=O)CN2CCN(c3ccccc3)CC2)no1,-7.931,ChEMBL,4781
COc1cccc(Nc2cc(Nc3cc(OC)ccc3OC)ncn2)c1,-7.931,ChEMBL,4782
C=CC(=O)N[C@@H]1CN(c2nc(Nc3cn(C)nc3OC)c3nc[nH]c3n2)C[C@H]1F,-7.93,ChEMBL,4783
NC(=S)N/N=C(/C=C/c1ccccc1)c1ccc(Br)cc1,-7.929,ChEMBL,4784
CCOCCOc1cc2ncnc(Nc3ccc(F)c(Cl)c3)c2cc1NC(=O)/C=C/CN(C)C,-7.924,ChEMBL,4785
NC(=S)N/N=C(/C=C/c1ccc(Cl)cc1)c1ccccc1,-7.923,ChEMBL,4786
Cc1cccc(NC(=O)/C=C/c2ccccc2)c1,-7.923,ChEMBL,4787
O=C(/C=C/c1ccccc1)Nc1ccccc1Cl,-7.923,ChEMBL,4788
O=C(NS(=O)(=O)c1ccc(Cl)cc1)c1cccnc1Cl,-7.922,ChEMBL,4789
CN(CCCl)c1ccc2ncnc(Nc3cccc(Br)c3)c2c1,-7.914,ChEMBL,4790
O=C(Cc1ccc(Br)cc1)NS(=O)(=O)c1ccc(F)cc1,-7.911,ChEMBL,4791
CC(C)=CC[C@@H](O)C1=CC(=O)c2c(O)ccc(O)c2C1=O,-7.91,ChEMBL,4792
O=C(CCCCCC(=O)Nc1ccc(O)c(C(=O)Nc2ccc(Cl)c(Cl)c2)c1)NO,-7.909,ChEMBL,4793
C=CC(=O)N1CCC[C@@H](n2nc(I)c3c(N)ncnc32)C1,-7.908,ChEMBL,4794
O=C(Cc1ccc(Cl)cc1)NS(=O)(=O)c1ccc(F)cc1,-7.905,ChEMBL,4795
COCCOc1cc2ncnc(Nc3cccc(OC)c3)c2c2c1OCCO2,-7.901,ChEMBL,4796
COc1ccccc1-c1nnc(SCc2ccccc2)o1,-7.901,ChEMBL,4797
COC(=O)Cc1cc(/N=C/c2cc(O)ccc2O)ccc1O,-7.9,ChEMBL,4798
COc1cc2ncc(C#N)c(Nc3cc(Cl)c(O)c(Cl)c3)c2cc1OC,-7.9,ChEMBL,4799
OCCCCNc1cncc(-c2cncc(Nc3cccc(Cl)c3)n2)c1,-7.9,ChEMBL,4800
COC(=O)c1ccc(NCc2cc(O)ccc2O)cc1O,-7.9,ChEMBL,4801
C#Cc1cccc(Nc2ccnc3cc(OC)c(OC)cc23)c1,-7.9,ChEMBL,4802
NC(=S)N1N=C(c2ccc(Br)c(Br)c2)CC1c1ccccc1F,-7.9,ChEMBL,4803
Cc1cccc(Nc2ncnc3cnc(Cl)nc23)c1,-7.9,ChEMBL,4804
Clc1cccc(Nc2ncnc3ccc(Cl)cc23)c1,-7.9,ChEMBL,4805
CN(C)CCCNc1cc2ncnc(Nc3cccc(Br)c3)c2cn1,-7.9,ChEMBL,4806
COc1cc2ncc(C#N)c(Nc3cccc(Cl)c3)c2cc1OC,-7.9,ChEMBL,4807
CN(C)CCN(C)c1c(Br)cccc1Nc1ncnc2ccncc12,-7.9,ChEMBL,4808
CCCCN(Cc1cccc(Cl)c1O)C(=O)Nc1ccccc1,-7.9,ChEMBL,4809
COc1cc2ncc(C#N)c(Nc3cccc(N)c3)c2cc1OC,-7.9,ChEMBL,4810
Cc1[nH]c2ncnc(NC3CCCCC3)c2c1C,-7.9,ChEMBL,4811
C=C/C=C/C(=O)Cc1cc2c(Nc3cccc(Br)c3)ncnc2cn1,-7.9,ChEMBL,4812
c1ccc(CNc2ncnc3ccccc23)cc1,-7.9,ChEMBL,4813
N#C/C(=C\c1ccc(O)c(O)c1)C(=O)NCc1ccc(O)cc1,-7.9,ChEMBL,4814
CN(C)CCCCNc1c(Br)cccc1Nc1ncnc2ccncc12,-7.9,ChEMBL,4815
CNC(=O)c1ccc(S(=O)(=O)Oc2ccc(/C=C/[N+](=O)[O-])cc2)cc1,-7.9,ChEMBL,4816
COc1ccc2ncnc(Nc3cccc(Br)c3)c2n1,-7.9,ChEMBL,4817
N#C/C(=C\c1ccc(O)c(O)c1)C(=O)NCCCc1ccccc1,-7.9,ChEMBL,4818
Fc1ccc(Nc2ncnc3nc(NCCN4CCOCC4)sc23)cc1Cl,-7.9,ChEMBL,4819
COc1cc2ncc(C#N)c(Nc3ccc(Br)c(C)c3)c2cc1OC,-7.9,ChEMBL,4820
COc1cc2ncc(C(N)=O)c(Nc3cccc(Br)c3)c2cc1OC,-7.9,ChEMBL,4821
Cc1ccc(/C=C/C(=O)OCCn2c([N+](=O)[O-])cnc2C)cc1,-7.9,ChEMBL,4822
Cc1ncc([N+](=O)[O-])n1CCOC(=O)/C=C/c1ccc(C(C)C)cc1,-7.9,ChEMBL,4823
COC[C@H]1Oc2cc3ncnc(Nc4cccc(I)c4)c3cc2O[C@@H]1COC,-7.9,ChEMBL,4824
Cc1ncc([N+](=O)[O-])n1CCOC(=O)/C=C/c1ccccc1Cl,-7.9,ChEMBL,4825
COc1cc(/C=C/[N+](=O)[O-])ccc1OS(=O)(=O)c1ccc(C(=O)O)cc1,-7.9,ChEMBL,4826
Cc1ncc([N+](=O)[O-])n1CCOC(=O)/C=C/c1ccccc1Br,-7.9,ChEMBL,4827
Cc1cc2c(Nc3ccc(C)c(O)c3)ncnn2c1,-7.9,ChEMBL,4828
COc1cc2ncc(C#N)c(Nc3cccc(F)c3)c2cc1OC,-7.9,ChEMBL,4829
COc1cccc(Nc2ncnc3ccccc23)c1,-7.9,ChEMBL,4830
Nc1ccc(-c2cc(=O)c3cc(N)ccc3o2)cc1,-7.9,ChEMBL,4831
c1ccc(CCNc2ncnc3ccccc23)cc1,-7.9,ChEMBL,4832
NC(=S)N/N=C(/C=C/c1ccccc1Br)c1ccccc1,-7.9,ChEMBL,4833
Cc1ccc2c(Nc3ccc(F)c(Cl)c3)ncnn12,-7.9,ChEMBL,4834
Oc1cc2cc(-c3ccncc3)cnc2cc1O,-7.9,ChEMBL,4835
COc1cc(Nc2nccc(-c3ccc(NCCN)nc3)n2)cc(OC)c1OC,-7.9,ChEMBL,4836
COc1ccc2c(NCc3ccccc3)ncnc2c1,-7.9,ChEMBL,4837
COc1cccc(Nc2ncnc3[nH]c(C)c(C)c23)c1,-7.9,ChEMBL,4838
O=C(O)c1ccc(S(=O)(=O)Oc2ccc(/C=C/[N+](=O)[O-])cc2)cc1,-7.9,ChEMBL,4839
O=S(=O)(O)CCNc1c(Br)cccc1Nc1ncnc2ccncc12,-7.9,ChEMBL,4840
COc1ccc2ncnc(NCc3ccccc3)c2c1,-7.9,ChEMBL,4841
CCCCCCOC(=O)COc1cc(O)c2c(=O)cc(-c3ccccc3)oc2c1,-7.9,ChEMBL,4842
C/N=N/Nc1ccc2ncnc(N(C)c3ccccc3)c2c1,-7.9,ChEMBL,4843
N#C/C(=C\c1ccc(O)c(O)c1)C(=O)NCCc1ccccc1,-7.9,ChEMBL,4844
COc1ccc(-c2nn(C[C@@H](C)CO)c3ncnc(N)c23)cc1OC,-7.9,ChEMBL,4845
CNc1cc2c(Nc3cccc(Br)c3)ncnc2cn1,-7.9,ChEMBL,4846
C=CC(=O)N(CCN(C)C)c1cc2c(Nc3cccc(Br)c3)ncnc2cn1,-7.9,ChEMBL,4847
COc1cc2nccc(Nc3cccc(Br)c3)c2cc1OC,-7.9,ChEMBL,4848
c1ccc(Nc2ncnc3ccccc23)cc1,-7.9,ChEMBL,4849
COc1ccc2ncnc(Nc3cccc(Br)c3)c2c1OC,-7.9,ChEMBL,4850
CCOc1ccc(-c2nn(C(C)C)c3ncnc(N)c23)cc1OC,-7.9,ChEMBL,4851
CCCCCCCNC(=O)COc1cc(O)c2c(=O)cc(-c3ccccc3)oc2c1,-7.9,ChEMBL,4852
Brc1cccc(Nc2ncnc3ccncc23)c1,-7.9,ChEMBL,4853
CN(C)c1ccc(Nc2ncnc3cc(N)ncc23)cc1,-7.9,ChEMBL,4854
N#C/C(=C\c1ccc(O)c(O)c1)C(=O)NCc1ccccc1,-7.9,ChEMBL,4855
CCCCCCNC(=O)c1cc(NCc2cc(O)ccc2O)ccc1O,-7.9,ChEMBL,4856
CC(C)n1nc(-c2cc(C=O)co2)c2c(N)ncnc21,-7.9,ChEMBL,4857
COc1cc2ncnc(Nc3cccc(Br)c3)c2cc1N,-7.9,ChEMBL,4858
COc1cc2ncnc(NCc3ccccc3)c2cc1OC,-7.9,ChEMBL,4859
COc1cc2nc(N)nc(Nc3cccc(Br)c3)c2cc1OC,-7.9,ChEMBL,4860
COC(=O)c1cccc(NCc2cc(O)ccc2O)c1,-7.9,ChEMBL,4861
COc1cc(-c2nn(C(C)C)c3ncnc(N)c23)ccc1NC(C)CO,-7.9,ChEMBL,4862
CCOc1cc(-c2nn(C(C)C)c3ncnc(N)c23)ccc1OC,-7.9,ChEMBL,4863
[C@]12C[C@H](c3ccccc3)N=C[C@@H]2[C@H]1CC(=O)Nc1cccc(CC#N)c1,-7.9,AIEMG,4864
COc1cc2ncc(C#N)c(Nc3cccc(C#N)c3)c2cc1OC,-7.9,ChEMBL,4865
[C@H]Oc1ccc(OCCNC(=O)c2ccc(OCC3CCCCC3)cc2)cc1,-7.9,AIEMG,4866
[C@]1(C2CCN(C(=O)c3ccco3)CC2)NN(c2ccccc2)C1=O,-7.9,AIEMG,4867
FC(F)(Br)/N=C(\[O-])c1ccc(-c2ccccc2F)o1,-7.9,AIEMG,4868
[C@@][C@]1(c2ccccc2)NC(=O)N(Cc2ccc(Cl)cc2F)C1=O,-7.9,AIEMG,4869
[C@@]1(c2cccc(Cl)c2)NC(=O)N(Cc2ccccc2)C1,-7.9,AIEMG,4870
[P@@]=C(\CCc1cnn(Cc2ccccc2)n1)c1ccccc1,-7.9,AIEMG,4871
Fc1ccccc1/C=N/N1CC[NH+](Cc2ccccc2)CC1,-7.9,AIEMG,4872
[C@](O)(c1cccc(C(F)(F)F)c1)S(=O)(=O)/C=C/c1cccnc1,-7.9,AIEMG,4873
[N+]=Cc1ccccc1OCc1nc2ccc(Br)cc2s1,-7.9,AIEMG,4874
[C@]=CCC(=O)N(C)Cc1nnc(Nc2ccc(C)c(C)c2)s1,-7.9,AIEMG,4875
[C@][C@@](C)(C(=O)N1CC[C@@H](Nc2ccccc2)C1)c1ccccc1,-7.9,AIEMG,4876
[C@@][C@@H]1Cc2cc(C(=O)Nc3cc[nH+]cc3)ccc2N1CN1CCOCC1,-7.9,AIEMG,4877
[P@@](=C\c1ccc(OCc2cccc(Br)c2)o1)c1cccc(Cl)c1,-7.9,AIEMG,4878
[C@](C#N)(Oc1cccc(C(N)=O)c1)NC[C@@H]1CN(Cc2ccccc2)C1,-7.9,AIEMG,4879
[C@H](c1cccc([N+](=O)[O-])c1)N(C)Cc1ccc(Cn2ccnc2)cc1,-7.9,AIEMG,4880
[C@](CC(=O)Nc1cncc(-c2ccccc2)n1)C(F)(F)F,-7.9,AIEMG,4881
[C@H]Oc1ccc(NC(=O)c2nn(-c3ccccc3)nc2C)c(C=O)c1OC,-7.9,AIEMG,4882
[C@]1(C(=O)Nc2ccc(NC(=O)CC=C3CCSCC3)cc2)CCCCC1,-7.9,AIEMG,4883
c1cncc([C@H](CNC(=O)N[C@@H]2CCC[C@H](S(C)(=O)=O)C2)n2cc[nH+]c2)c1,-7.9,AIEMG,4884
[N+]n1cc(CN2CC[C@H](c3cccnc3)C2)c2c1CC[NH2+]C2,-7.9,AIEMG,4885
[C@H](C)CNC(=O)CO/N=C(\[O-])Cc1nc(-c2cccc3ccccc23)no1,-7.9,AIEMG,4886
Fc1cccc(/C=C/C[NH2+]Cc2cccc(C(F)(F)F)c2)c1,-7.9,AIEMG,4887
[C@H]1CCCC[C@@]1([NH3+])C(=O)Nc1ccc2c(c1)CCC2,-7.9,AIEMG,4888
[C@]1(Cc2nc(NC(C)(C)C)ns2)CCCN1C(=O)c1ccccc1,-7.9,AIEMG,4889
[C@@]c1c(C(=O)Nc2cc(OC(F)F)co2)cnn1-c1ccc(F)cc1,-7.9,AIEMG,4890
[C@](C#Cc1nc(C2CC2)no1)c1nc(-c2ccccc2)no1,-7.9,AIEMG,4891
[C@]([O-])(C(=O)Cn1c(C)nn(Cc2ccccc2)c1=O)c1ccccc1F,-7.9,AIEMG,4892
[C@@]1(C#N)CCC[C@@H]([NH2+]Cc2ccc(OCc3ccccc3F)cc2)C1,-7.9,AIEMG,4893
[C@@](C#Cc1ccccc1Br)NCc1nc(C(C)(C)C)ccc1F,-7.9,AIEMG,4894
[C@H]Oc1ccccc1C[C@@H](N)CNc1ccc2c(c1)CCC2,-7.9,AIEMG,4895
Cl[C@H]1CCc2ccc(NC(=O)CSc3ccccc3F)cc21,-7.9,AIEMG,4896
[P@@]=C(Nc1ccc([N+](=O)[O-])cc1)Nc1ccc(C(F)(F)F)cc1,-7.9,AIEMG,4897
[C@@]C=CC[C@@H]1CCCN([NH2+]CCc2cc(C)cc(C)c2)C1,-7.9,AIEMG,4898
[N+]=Cc1cccc(-c2nc(CCc3ccccc3)no2)c1,-7.9,AIEMG,4899
[C@]1(C#N)c2ccc(C(=O)NCc3ccccc3F)cc21,-7.9,AIEMG,4900
[C@H]1C=CC(=O)N1CCCNC(=O)c1ccc(Nc2ccccc2)nc1,-7.9,AIEMG,4901
Fc1ccc(-c2nnn(-c3ccccc3)n2)cc1,-7.9,AIEMG,4902
[P@@]=C(NCc1cc(=O)[nH]c(-c2ccc(Cl)cc2)n1)[C@H]1CCCO1,-7.9,AIEMG,4903
[C@]1(C[NH2+]Cc2cccc(Cl)c2)C(n2c(C)cc(C)c2C)C1,-7.9,AIEMG,4904
[C@]1(Cc2ccc(Cl)cc2)NC(=O)N(CC(=O)N(C)C[C@H]2CCC[C@H]2O)C1,-7.9,AIEMG,4905
[P@@]=C(\NCc1nc2ccccc2[nH]1)c1ccc(Cl)cc1,-7.9,AIEMG,4906
Fc1cccc(C(=O)Nc2nnc(C3CC3)o2)c1,-7.9,AIEMG,4907
c1cncc(CN2CCC(c3c[nH]c4ccccc34)CC2)c1,-7.9,AIEMG,4908
[P@@]#Cc1cccc(N2CCC(C[NH2+]Cc3ccccc3)CC2)c1,-7.9,AIEMG,4909
[P@@]=C(Nc1cccc(C(F)(F)F)c1)c1ccccc1Cl,-7.9,AIEMG,4910
[P@@]=C(SCC(=O)Nc1ccc2c(c1)OCO2)c1cccc(Cl)c1,-7.9,AIEMG,4911
[N+]1=C[C@@H]2[C@H](CC2=O)N[C@@H]1/C=C/C(=O)c1ccc(Cl)cc1,-7.9,AIEMG,4912
[C@H](C)Oc1ccc(C(=O)Nc2cc[nH+]c(NCC[NH+]3CCCC3)c2C)cc1,-7.9,AIEMG,4913
n1ccc(-c2csc(CC[NH+]3CC(C)(Cc4cccnc4)C3)n2)cc1,-7.9,AIEMG,4914
[N+]n1ccc(NC(=O)[C@@H]2CC(=O)N(c3ccccc3)C2)c1Cl,-7.9,AIEMG,4915
CC(CCc1ccc(O)cc1)NCCc1ccc(O)c(O)c1,-7.897,ChEMBL,4916
CCOC(=O)Nc1cc(Nc2ncnc3cc(OC)c(OC)cc23)ccc1Cl,-7.893,ChEMBL,4917
COc1cc2nc(Cl)nc(Nc3ccc(S(C)(=O)=O)cc3)c2cc1OC,-7.893,ChEMBL,4918
C#Cc1cccc(Nc2ncnc3cc(OCCOC)c(NC(=O)/C=C/CN(C)C)cc23)c1,-7.893,ChEMBL,4919
NC(=S)N/N=C(/C=C/c1ccccc1)c1ccc(Cl)cc1,-7.891,ChEMBL,4920
COc1ccccc1NC(=O)/C=C/c1ccccc1,-7.89,ChEMBL,4921
COc1ccc(CC(=O)NS(=O)(=O)c2ccccc2)cc1,-7.889,ChEMBL,4922
Clc1ccc(-c2n[nH]cc2-c2ccncn2)cc1Cl,-7.889,ChEMBL,4923
Cc1cc(=O)n2nc(SCc3ccc(Cl)cc3)nc2[nH]1,-7.887,ChEMBL,4924
Cc1ccc(C(=O)NS(=O)(=O)c2ccc(Cl)cc2)c(Cl)n1,-7.882,ChEMBL,4925
CO[C@H]1CCN(c2nccc(Nc3cc4c(cn3)nc(CO)n4C(C)C)n2)C[C@@H]1F,-7.881,ChEMBL,4926
C#Cc1cccc(NC(=O)c2cc(NC(=O)CCCCCC(=O)NO)ccc2OC)c1,-7.88,ChEMBL,4927
Cc1cc(=O)n2nc(SCc3ccc(F)cc3)nc2[nH]1,-7.88,ChEMBL,4928
CCCN(c1ccc(OC)cc1)c1nc(C)nc2oc(C)cc12,-7.878,ChEMBL,4929
Cc1nc2cnc(Nc3ccnc(/C=C/C(C)(C)O)n3)cc2n1C(C)C,-7.874,ChEMBL,4930
Cc1ccc(C(=O)NS(=O)(=O)c2ccc(Br)cc2)c(Cl)n1,-7.87,ChEMBL,4931
O=C(/C=C/c1ccccc1)Nc1ccc(Cl)cc1Cl,-7.869,ChEMBL,4932
C=CC(=O)Nc1cc(Nc2nccc(Nc3cnn(CC)c3)n2)c(OC)cc1N(C)CCN(C)C,-7.868,ChEMBL,4933
COc1cc2ncnc(Nc3ccc(NC(=O)OC(C)C)c(C)c3)c2cc1OC,-7.867,ChEMBL,4934
C#Cc1cccc(Nc2ncnc3cc(OCCO)c(OCCOC)cc23)c1,-7.864,ChEMBL,4935
COc1ccc(-c2nc3sc(-c4ccc(Cl)cc4)cn3n2)cc1,-7.863,ChEMBL,4936
O=C(Cc1ccc(Cl)cc1)NS(=O)(=O)c1ccc(Cl)cc1,-7.859,ChEMBL,4937
OC(c1cccs1)c1cc2ccccc2nc1Cl,-7.859,ChEMBL,4938
CCOc1cc2ncnc(Nc3ccc(F)c(Cl)c3)c2cc1OC(=O)CCl,-7.856,ChEMBL,4939
O=C(Cc1ccc(F)cc1)NS(=O)(=O)c1ccc(Cl)cc1,-7.85,ChEMBL,4940
COc1cc(/C=C/C(=O)CC(=O)/C=C/c2ccc(O)c(OC)c2)ccc1O,-7.846,ChEMBL,4941
CN(C)C[C@@H]1CCn2cc(c3ccccc32)C2=C(C(=O)NC2=O)c2cn(c3ccccc23)CCO1,-7.842,ChEMBL,4942
C#Cc1cccc(Nc2ncnc3sc(Br)cc23)c1,-7.842,ChEMBL,4943
Clc1ccc(Nc2ncnc3[nH]ccc23)cc1Br,-7.841,ChEMBL,4944
COc1cccc(Nc2cc(NC(=O)CCCC(=O)O)ncn2)c1,-7.839,ChEMBL,4945
C=CC(=O)Nc1cc2c(Nc3cc(Cl)c(Cl)cc3F)ncnc2cc1OCCNCC(C)=O,-7.835,ChEMBL,4946
COc1ccc(CC(=O)NS(=O)(=O)c2ccc(F)cc2)cc1,-7.834,ChEMBL,4947
O=C(Cc1cccc(Br)c1)NS(=O)(=O)c1ccc(Cl)cc1,-7.833,ChEMBL,4948
CCc1ccc(N(C)c2ncnc3occ(C)c23)cc1,-7.829,ChEMBL,4949
COc1ccc(Nc2nc(C)nc3oc(C)cc23)cc1,-7.829,ChEMBL,4950
COC(=O)Nc1ccc(Nc2ncnc3cc(OC)c(OC)cc23)cc1Cl,-7.827,ChEMBL,4951
CCCOC(=O)Nc1ccc(Nc2ncnc3cc(OC)c(OC)cc23)cc1,-7.826,ChEMBL,4952
C#Cc1cccc(NC(=O)c2cc(NC(=O)CCCCCC(=O)NO)ccc2O)c1,-7.826,ChEMBL,4953
Cc1nc(N(C)c2ccc(OC(C)C)cc2)c2cc(C)oc2n1,-7.812,ChEMBL,4954
O=C(NS(=O)(=O)c1ccc(F)cc1)c1cccnc1Cl,-7.804,ChEMBL,4955
O=C(/C=C/c1ccccc1)Nc1ccccc1Br,-7.804,ChEMBL,4956
Clc1ccc(/C=N/c2nnc(-c3cccnc3)o2)cc1,-7.802,ChEMBL,4957
O=C(Cc1ccc(Cl)cc1)NS(=O)(=O)c1ccc(Br)cc1,-7.801,ChEMBL,4958
Cc1ccc(S(=O)(=O)NC(=O)Cn2c([N+](=O)[O-])cnc2C)cc1,-7.801,ChEMBL,4959
c1ccc(CNc2ncnc3ccncc23)cc1,-7.8,ChEMBL,4960
COC(=O)c1cc(NCc2cccc(O)c2)ccc1O,-7.8,ChEMBL,4961
Clc1ccc(CNc2ncnc3ccccc23)cc1,-7.8,ChEMBL,4962
O=S(=O)(O)c1cc(NCc2cc(O)ccc2O)ccc1O,-7.8,ChEMBL,4963
CCCCc1cc(/C=C(\C#N)C(N)=O)cc(CCCC)c1O,-7.8,ChEMBL,4964
C#Cc1cc(Nc2ncnc3cc(OC)c(OC)cc23)ccc1F,-7.8,ChEMBL,4965
CCOC(=O)c1cc(NCc2cc(O)ccc2O)ccc1O,-7.8,ChEMBL,4966
CCOC(=O)c1cc(/N=C/c2cc(O)ccc2O)ccc1O,-7.8,ChEMBL,4967
NNc1cc2ncnc(Nc3cccc(Br)c3)c2cn1,-7.8,ChEMBL,4968
COc1cc2c(Nc3ccc(Br)cc3F)ncnc2cc1OCCn1ccnn1,-7.8,ChEMBL,4969
ClCCNc1ccc2ncnc(Nc3cccc(Br)c3)c2c1,-7.8,ChEMBL,4970
Nc1cc(Br)ccc1Nc1ncnc2ccncc12,-7.8,ChEMBL,4971
Brc1cccc(Nc2ncnc3cnccc23)c1,-7.8,ChEMBL,4972
NNc1c(Br)cccc1Nc1ncnc2ccncc12,-7.8,ChEMBL,4973
COc1ccc(-c2nn(C(C)C)c3ncnc(N)c23)cc1OC,-7.8,ChEMBL,4974
COc1c(Br)cccc1Nc1ncnc2ccncc12,-7.8,ChEMBL,4975
COC(=O)Cc1cc(NCc2cc(O)ccc2O)ccc1O,-7.8,ChEMBL,4976
Brc1cccc(Nc2ncnc3cc(NCCCn4ccnc4)ncc23)c1,-7.8,ChEMBL,4977
CN(C)CCCCNc1cc2ncnc(Nc3cccc(Br)c3)c2cn1,-7.8,ChEMBL,4978
CC#CC(=O)Nc1cc2c(Nc3cccc(Br)c3)c(C#N)cnc2cc1OC,-7.8,ChEMBL,4979
COc1ccc(-c2nn(C(C)(C)C)c3ncnc(N)c23)cc1OC,-7.8,ChEMBL,4980
Cc1ncc([N+](=O)[O-])n1CCOC(=O)/C=C/c1cccc(F)c1,-7.8,ChEMBL,4981
Brc1cccc(Nc2ncnc3cccnc23)c1,-7.8,ChEMBL,4982
COc1cc2ncc(C#N)c(Nc3cccc(N(C)C)c3)c2cc1OC,-7.8,ChEMBL,4983
Cc1ncc([N+](=O)[O-])n1CCOC(=O)/C=C/c1ccccc1,-7.8,ChEMBL,4984
CN(CCO)c1c(Br)cccc1Nc1ncnc2ccncc12,-7.8,ChEMBL,4985
COc1cc2ncc(C=O)c(Nc3cccc(Br)c3)c2cc1OC,-7.8,ChEMBL,4986
COc1cc2ncc(C#N)c(Nc3ccccc3Br)c2cc1OC,-7.8,ChEMBL,4987
CCOc1ccc(-c2n[nH]c3ncnc(N)c23)cc1OC,-7.8,ChEMBL,4988
CN(CC(=O)O)c1c(Br)cccc1Nc1ncnc2ccncc12,-7.8,ChEMBL,4989
COCCOc1cc2ncnc(Nc3ccc(Cl)cc3F)c2cc1OC,-7.8,ChEMBL,4990
CCOP(=O)(Cc1cc(/N=C/c2cc(O)ccc2O)ccc1O)OCC,-7.8,ChEMBL,4991
COc1cccc2c(Nc3cccc(Br)c3)ncnc12,-7.8,ChEMBL,4992
Cc1ncc([N+](=O)[O-])n1CCOC(=O)/C=C/c1ccc(Br)cc1,-7.8,ChEMBL,4993
COc1cc2c(Nc3cccc(Br)c3)ncnc2cn1,-7.8,ChEMBL,4994
CCOC(=O)c1cn2ncnc(Nc3cccc(Br)c3)c2c1CC,-7.8,ChEMBL,4995
COc1ccc(Nc2c(C#N)cnc3cc(OC)c(OC)cc23)cc1OC,-7.8,ChEMBL,4996
COc1cc2ncnc(C#CCOc3ccccc3)c2cc1OC,-7.8,ChEMBL,4997
COc1cc2ncc(C#N)c(Nc3cccc(Br)c3)c2cc1OC,-7.8,ChEMBL,4998
COc1cc2c(cc1OC)Oc1ncnc(Nc3ccc(Br)cc3)c1NC2,-7.8,ChEMBL,4999
C=CC(=O)N(C)c1cc2c(Nc3cccc(Br)c3)ncnc2cn1,-7.8,ChEMBL,5000
Cc1ncc([N+](=O)[O-])n1CCOC(=O)/C=C/c1ccc(F)cc1,-7.8,ChEMBL,5001
CN(C)CCCOC(=O)/C=C/C(=O)Cc1ccc2ncnc(Nc3cccc(Br)c3)c2c1,-7.8,ChEMBL,5002
Brc1cccc(Oc2ncnc3ccccc23)c1,-7.8,ChEMBL,5003
CN(C)c1cccc(Nc2ncnc3ccncc23)c1N,-7.8,ChEMBL,5004
Nc1ncnc2c1ncn2CC(=O)c1ccccc1,-7.8,ChEMBL,5005
COc1cc2c(cc1OC)Nc1ncnc(O)c1C2,-7.8,ChEMBL,5006
COc1ccc(CNc2ncnc3ccccc23)cc1,-7.8,ChEMBL,5007
NC(=S)N/N=C(/C=C/c1ccccc1F)c1ccccc1,-7.8,ChEMBL,5008
N#C/C(=C\c1ccc(O)c(O)c1)C(=O)Nc1ccccc1,-7.8,ChEMBL,5009
COc1cc2ncnc(Nc3cccc(I)c3)c2cc1OC,-7.8,ChEMBL,5010
COc1cc2ncnc(C#CCCc3ccccc3)c2cc1OC,-7.8,ChEMBL,5011
[P@@]=C(Nc1ccc(C(F)(F)F)cc1F)c1ccccc1,-7.8,AIEMG,5012
[N+]=Cc1ccc2c(c1)OC(=O)N2CC(=O)Nc1ccc(Cl)cc1,-7.8,AIEMG,5013
[C@](C#CNC(=O)Nc1cccc2cnccc21)n1cnnn1,-7.8,AIEMG,5014
[C@]1(c2cccc(Br)c2)NC(=O)N(CC(=O)Nc2ccc(C#N)cc2)C1=O,-7.8,AIEMG,5015
Fc1ccccc1OCc1ncc(-c2ccccc2F)o1,-7.8,AIEMG,5016
[C@H](=C[C@H](O)c1ccn(C2CCCC2)n1)C(=O)Nc1cccc(OC)c1,-7.8,AIEMG,5017
[C@H]1CCCN(C(=O)[C@@H]2CC(=O)N(CCc3ccccc3)C2)C1,-7.8,AIEMG,5018
[C@]1(CC(N)=O)NC(=O)N(CC(=O)Nc2ccc(C(C)C)cc2)C1,-7.8,AIEMG,5019
[C@](O)(c1ccccc1)[C@@H]1CCC[N+](NC(=O)/C=C/c2ccco2)C1,-7.8,AIEMG,5020
[C@](O)(c1ccc(C(C)C)o1)C(=O)Nc1cnn(-c2ccc(Cl)cc2)c1,-7.8,AIEMG,5021
Fc1ccc(-c2nc(Cc3ccccc3)no2)cc1,-7.8,AIEMG,5022
Fc1ccc(Cl)cc1N1CCC(NC(=O)[C@@H]2CCCO2)CC1,-7.8,AIEMG,5023
[C@@]1([O-])CCC[C@H]1[NH2+]Cc1cccc(Oc2ccc(C#N)cc2)c1,-7.8,AIEMG,5024
[C@]1(C)CC[C@H](CNC(=O)CSc2nnnn2-c2cccc(F)c2)C1,-7.8,AIEMG,5025
[C@H]Oc1ccccc1CCCCNC(=O)c1ccc(C(F)(F)F)cc1,-7.8,AIEMG,5026
ClC[C@H](c1nncn1-c1ccc(F)cc1)NCCc1ccccc1,-7.8,AIEMG,5027
[C@]1(CCC[NH2+]CCc2cccn2CC2CC2)c2ccccc2NC1Oc1cccnc1,-7.8,AIEMG,5028
[N+]=Cc1cccc(Oc2cc(OCc3ccccc3)n[nH]2)c1,-7.8,AIEMG,5029
[C@@](C)(c1nc(CSc2nncn2-n2cccn2)cs1)c1cc(Cl)ncn1,-7.8,AIEMG,5030
[C@H](C)C[C@H]1CCC[NH+]1Cc1c[nH]nc1-c1cccc(F)c1,-7.8,AIEMG,5031
[P@@]=C(Nc1ccccc1F)N1CCN(c2ccccc2)CC1,-7.8,AIEMG,5032
[P@@]=C(NCc1ccc([N+](=O)[O-])c(F)c1)NNC(=O)c1ccc2c(c1)OCO2,-7.8,AIEMG,5033
[N+]=Cc1ccc(CN2CCC[C@@H](NC(=O)C(F)(F)F)C2)cc1,-7.8,AIEMG,5034
[C@H]1C(=O)N(CCCCCn2ccc([N+](=O)[O-])n2)C(=O)N1c1ccccc1,-7.8,AIEMG,5035
[N+]1=CCCC[C@@H]1SCc1cc(C(F)(F)F)ccc1F,-7.8,AIEMG,5036
[C@H](CCN[C@@H]1CC(=O)N(CC(F)(F)F)C1)c1ccc2c(c1)COC2,-7.8,AIEMG,5037
[C@@]1(C)C[C@H](OC(=O)OCC(=O)Nc2ccccc2C(F)(F)F)C1,-7.8,AIEMG,5038
[N+]([O-])c1ccc([C@H]([NH3+])CN2CCc3ccccc3C2)cc1F,-7.8,AIEMG,5039
[C@@]Oc1ccccc1C[C@@H](C)NS(=O)(=O)c1ccc(F)c(C(F)(F)F)c1,-7.8,AIEMG,5040
Cc1ccc(S(=O)(=O)NC(=O)c2cccnc2)cc1,-7.796,ChEMBL,5041
C#Cc1cccc(Nc2c(C#N)cnc3cc(OC)c(OC)cc23)c1,-7.795,ChEMBL,5042
COc1cc2ncnc(Nc3ccc(O)cc3)c2cc1OC,-7.786,ChEMBL,5043
CCOc1ccccc1NC(=O)/C=C/c1ccccc1,-7.778,ChEMBL,5044
O=C(/C=C/c1ccccc1)Nc1ccc(F)cc1,-7.776,ChEMBL,5045
COc1ccc(/C=C/C(=N/NC(N)=S)c2ccccc2)cc1,-7.776,ChEMBL,5046
COc1cccc(Nc2ccnc(Nc3cccc(OC)c3)n2)c1,-7.774,ChEMBL,5047
COc1ccc(Nc2nc(Cl)nc(NCc3ccco3)n2)cc1,-7.774,ChEMBL,5048
C=CC(=O)N[C@@H]1CN(c2nc(Nc3cn(CC)nc3OC)c3ncn(C)c3n2)C[C@H]1F,-7.773,ChEMBL,5049
C=CC(=O)Nc1cc(Nc2n[nH]c3ccccc23)c(OC)cc1N(C)CCN(C)C,-7.772,ChEMBL,5050
C=CC(=O)Nc1cccc(N2C(=O)N(C)Cc3cnc(NC)nc32)c1,-7.77,ChEMBL,5051
CCOC(=O)c1ccc(Nc2cc(Nc3cccc(OC)c3)ncn2)cc1,-7.77,ChEMBL,5052
O=C1NC(=S)SC1=C1C(=O)Nc2ccc(Br)cc21,-7.762,ChEMBL,5053
Cc1ccc(S(=O)(=O)NC(=O)Cc2ccc(Br)cc2)cc1,-7.759,ChEMBL,5054
COc1ccc(CC(=O)NS(=O)(=O)c2ccc(C)cc2)cc1,-7.754,ChEMBL,5055
Cc1coc2ncnc(N(C)c3ccc(N(C)C)cc3)c12,-7.746,ChEMBL,5056
NC(=S)N/N=C(/C=C/c1ccc(F)cc1)c1ccccc1,-7.745,ChEMBL,5057
Cc1oc2ncnc(Nc3cccc(Cl)c3)c2c1C(=O)O,-7.745,ChEMBL,5058
Cc1oc2ncnc(Nc3cccc(Br)c3)c2c1C(=O)O,-7.741,ChEMBL,5059
O=C(/C=C/c1ccccc1)Nc1cccc(Cl)c1,-7.739,ChEMBL,5060
O=C(Cc1ccc(F)cc1)NS(=O)(=O)c1ccc(Br)cc1,-7.726,ChEMBL,5061
Brc1cccc(Nc2ncnc3[nH]ccc23)c1,-7.725,ChEMBL,5062
O=C(Cc1cccc(Br)c1)NS(=O)(=O)c1ccc(Br)cc1,-7.724,ChEMBL,5063
CN(C)CCCN(C)CC(=O)Nc1cc2c(Nc3ccc(F)c(Cl)c3)ncnc2s1,-7.719,ChEMBL,5064
O=[N+]([O-])c1ccc(/C=N/Nc2nnc(-c3ccncc3)o2)cc1,-7.716,ChEMBL,5065
COc1cc2ncnc(Nc3ccc(F)c(Cl)c3)c2cc1OCCCNCCN,-7.713,ChEMBL,5066
CCc1c(C(=O)NC(CO)Cc2ccccc2)[nH]c2ccc(C(F)(F)F)cc12,-7.712,ChEMBL,5067
COc1cc(-c2nc3sc(-c4ccc(Cl)cc4)cn3n2)cc(OC)c1OC,-7.711,ChEMBL,5068
c1ccc(CSc2nnc(-c3ccccc3)o2)cc1,-7.71,ChEMBL,5069
O=C(NS(=O)(=O)c1ccc(F)cc1)c1cncc(Br)c1,-7.71,ChEMBL,5070
Cc1nc(Nc2ccccc2)c2cc(C)oc2n1,-7.709,ChEMBL,5071
COc1cc(Nc2nccc(-c3ccc(Cl)cc3)n2)cc(OC)c1OC,-7.708,ChEMBL,5072
c1coc(-c2nnc(Cc3nc4ccccc4[nH]3)o2)c1,-7.705,ChEMBL,5073
COc1cc(OC)cc(-c2nnc(SCc3ccccc3)o2)c1,-7.705,ChEMBL,5074
COc1cc2ncc(C#N)c(Nc3ccc(Br)cc3)c2cc1OC,-7.7,ChEMBL,5075
COCOc1cc2ncc(C#N)c(Nc3cccc(Br)c3)c2cc1OCOC,-7.7,ChEMBL,5076
COc1cc2ncc(C#N)c(Nc3cccc(Br)c3C)c2cc1OC,-7.7,ChEMBL,5077
Clc1ncc2ncnc(Nc3ccccc3)c2n1,-7.7,ChEMBL,5078
C=CC(=O)Nc1nc2c(Nc3ccc(F)c(Cl)c3)ncnc2cc1OCCOC,-7.7,ChEMBL,5079
COC(=O)c1cc(NCc2cc(O)ccc2O)ccc1O,-7.7,ChEMBL,5080
CCN(CC)[C@@](C)(CCc1ncnc2cc(OC)c(OC)cc12)Cc1ccccc1,-7.7,ChEMBL,5081
C=C(CN(C)C)C(=O)c1ccc(OS(=O)(=O)c2ccc(C(=O)O)cc2)cc1,-7.7,ChEMBL,5082
C=CCn1nc(-c2ccc(OCC)c(OC)c2)c2c(N)ncnc21,-7.7,ChEMBL,5083
N#C/C(=C\c1ccc(O)c(O)c1)C(=O)c1ccc(F)cc1,-7.7,ChEMBL,5084
Nc1c(Br)cccc1Nc1ncnc2ccncc12,-7.7,ChEMBL,5085
Cc1cccc(Nc2ncnc3ccncc23)c1NCCCCN(C)C,-7.7,ChEMBL,5086
COc1ccccc1/C=C/C(=N/NC(N)=S)c1ccccc1,-7.7,ChEMBL,5087
CO/N=C/c1c(N)ncnc1Nc1ccc(F)c(Cl)c1,-7.7,ChEMBL,5088
COCCOCC#CC(=O)Nc1ccc2ncnc(Nc3cccc(Br)c3)c2c1,-7.7,ChEMBL,5089
O=C(Nc1ccccc1F)c1ccc(N(CCCl)CCCl)cc1,-7.7,ChEMBL,5090
C#Cc1cccc(Nc2ncnc3cc(OCCCCCCC(=O)NO)c(OC)cc23)c1,-7.7,ChEMBL,5091
Brc1cccc(Nc2ncnc3cc(NCCN4CCOCC4)ncc23)c1,-7.7,ChEMBL,5092
COc1ncc2ncnc(Nc3cccc(Br)c3)c2n1,-7.7,ChEMBL,5093
CSCc1cc(/C=C2\C(=O)Nc3ccccc32)cc(CSC)c1O,-7.7,ChEMBL,5094
c1ccc(CNc2ncnc3cnccc23)cc1,-7.7,ChEMBL,5095
Fc1cc2c(Nc3cccc(Br)c3)ncnc2cn1,-7.7,ChEMBL,5096
N#C/C(=C\c1ccc(O)c(O)c1)C(=O)c1ccccc1Cl,-7.7,ChEMBL,5097
COc1cccc(Nc2ncnc3ccncc23)c1N,-7.7,ChEMBL,5098
N#C/C(=C\c1ccc(O)c(O)c1)C(=O)c1ccc([N+](=O)[O-])cc1,-7.7,ChEMBL,5099
Cc1ncc([N+](=O)[O-])n1CCOC(=O)/C=C/c1ccccc1F,-7.7,ChEMBL,5100
COc1cccc(/C=C/C(=O)OCCn2c([N+](=O)[O-])cnc2C)c1,-7.7,ChEMBL,5101
Cc1ncc([N+](=O)[O-])n1CCOC(=O)/C=C/c1ccc(Cl)cc1,-7.7,ChEMBL,5102
CC(C)n1nc(-c2ccc(CC#N)cc2)c2c(N)ncnc21,-7.7,ChEMBL,5103
COc1ccc(-c2nn(C[C@H](C)CO)c3ncnc(N)c23)cc1OC,-7.7,ChEMBL,5104
CN(C)CCNc1c(Br)cccc1Nc1ncnc2ccncc12,-7.7,ChEMBL,5105
COc1ccccc1/C=C/C(=O)OCCn1c([N+](=O)[O-])cnc1C,-7.7,ChEMBL,5106
COC(=O)c1ccc(S(=O)(=O)Oc2ccc(/C=C/[N+](=O)[O-])cc2)cc1,-7.7,ChEMBL,5107
COCOc1cc(-c2nn(C(C)C)c3ncnc(N)c23)ccc1Br,-7.7,ChEMBL,5108
COCCNCCOc1cc2c(Nc3ccc(F)c(Cl)c3)ncnc2cc1OC,-7.7,ChEMBL,5109
[C@]1(C(C)(C)C)CN(Cc2ccc(OCc3ccccc3)cc2)CC1,-7.7,AIEMG,5110
OCC(O)CNc1c(Br)cccc1Nc1ncnc2ccncc12,-7.7,ChEMBL,5111
[C@]1(CCCNC(=O)[C@H]2CCO[C@@H]2c2ccccc2)CN(Cc2ccccc2)C1,-7.7,AIEMG,5112
[C@](C#N)(OCc1ccccc1OCC1CC1)c1nnc(-c2ccccc2)n1C,-7.7,AIEMG,5113
Cl[C@H]1CCC[C@H](Oc2cccc(COc3ncccc3F)c2)C1,-7.7,AIEMG,5114
[N+]1=N/c2ccc(Cl)cc2C(=O)N1CC[NH+]1CCc2sccc21,-7.7,AIEMG,5115
F[C@@H](Cc1ccccc1)C1CCN(S(=O)(=O)c2ccccc2)CC1,-7.7,AIEMG,5116
FC(F)C1CCN(C(=O)CNc2cccc(OCC(F)(F)Cl)c2)CC1,-7.7,AIEMG,5117
[C@H]1C(=NNN2CCN(c3ccc(Br)cc3Cl)CC2)N[C@@H]1C(C1CC1)C1CC1,-7.7,AIEMG,5118
[C@H]OC(=O)C1CCN(C(=O)Nc2ccc(CS(N)(=O)=O)c(C(F)(F)F)c2)CC1,-7.7,AIEMG,5119
N#C/C(=C\c1ccc(O)c(O)c1)C(=O)NC1CCCCC1,-7.7,ChEMBL,5120
[C@H](CNC(=O)CNc1ccc([N+](=O)[O-])c(Cl)c1)N1CCCc2ccccc21,-7.7,AIEMG,5121
[C@]1(C(=O)Nc2ncc(OC(F)F)cn2)[C@@H]2CCCC[C@@H]21,-7.7,AIEMG,5122
[P@@]1CCC[C@@H](CCC/C(Cl)=C2\C(=O)C(=S)N(CO)C2)N1c1ccccc1,-7.7,AIEMG,5123
[N+](Cc1ccccc1)Cc1nc(-c2ccccc2)no1,-7.7,AIEMG,5124
[N+]=Cc1cncc(CSc2nccc(-c3ccccc3)n2)n1,-7.7,AIEMG,5125
[C@@](C#N)(C(=O)Nc1cc([N+](=O)[O-])c[nH]c1=O)c1ccc(Cl)cc1Cl,-7.7,AIEMG,5126
P=C(/C=C(\C)c1ccc(Cl)cc1F)Cc1ccccc1,-7.7,AIEMG,5127
CCOC(=O)Cc1cc(NCc2cc(O)ccc2O)ccc1O,-7.7,ChEMBL,5128
CN(CCO)CCNc1cc2c(Nc3cccc(Br)c3)ncnc2cn1,-7.7,ChEMBL,5129
CCc1ccc(/C=C2\C(=O)Nc3ccccc32)s1,-7.7,ChEMBL,5130
[N+](=CCCCc1ccccc1)NC1C[C@H]2CCCC[C@@H]2C1,-7.7,AIEMG,5131
OCCN(CCO)CCNc1cc2c(Nc3cccc(Br)c3)ncnc2cn1,-7.7,ChEMBL,5132
COCCN(CCOC)CCOc1cc2c(Nc3ccc(F)c(Cl)c3)ncnc2cc1OC,-7.7,ChEMBL,5133
OCC(O)CNc1cc2ncnc(Nc3cccc(Br)c3)c2cn1,-7.7,ChEMBL,5134
CCCCN(Cc1cccc(Br)c1O)C(=O)Nc1ccccc1,-7.7,ChEMBL,5135
Nc1cc2ncnc(Nc3cccc(Br)c3)c2cc1N,-7.7,ChEMBL,5136
FC(F)(F)c1cccc(NCCNc2ccc(Oc3ccccc3)cc2)c1,-7.7,AIEMG,5137
[N+]/C=C/c1cccc(OO[C@@H](CO)c2ccccc2)c1,-7.7,AIEMG,5138
COc1cc2ncnc(Nc3cccc(Br)c3)c2cn1,-7.7,ChEMBL,5139
Cc1ccc(S(=O)(=O)NC(=O)c2cncc(Br)c2)cc1,-7.698,ChEMBL,5140
C#Cc1cccc(NC(=O)c2cc(NC(=O)CCCCCCC(=O)NO)ccc2O)c1,-7.696,ChEMBL,5141
C[C@@H](Nc1ncnc2sc(Br)cc12)c1ccc(F)cc1,-7.685,ChEMBL,5142
O=C(Cc1ccc(Br)cc1)NS(=O)(=O)c1ccc(Cl)cc1,-7.684,ChEMBL,5143
Cc1ccc(NC(=O)/C=C/c2ccccc2)cc1,-7.681,ChEMBL,5144
C=C1CC(c2ccccc2)(C(Br)c2ccccc2)OC1=O,-7.674,ChEMBL,5145
CCc1ccc(C(=O)NNc2ccc(Cl)cc2C)cc1,-7.67,ChEMBL,5146
O=C(/C=C/c1ccccc1)Nc1ccccc1,-7.67,ChEMBL,5147
CN(C)CCN(C)CC(=O)Nc1cc2c(Nc3ccc(F)c(Cl)c3)ncnc2s1,-7.667,ChEMBL,5148
Oc1ccc(Nc2ncnc3scc(Cl)c23)cc1,-7.666,ChEMBL,5149
CCc1ccc(C2=C(O)C(=O)C(c3ccc(CC)cc3)=C(O)C2=O)cc1,-7.664,ChEMBL,5150
COc1cc2ncnc(Nc3ccc(NC(=O)OC(C)C)cc3)c2cc1OC,-7.663,ChEMBL,5151
NNC(=O)/C=C1/Nc2ccc(Br)cc2NC1=O,-7.66,ChEMBL,5152
OCCNc1nc(Nc2cccc(F)c2)c2cn[nH]c2n1,-7.651,ChEMBL,5153
C[C@@H](Nc1ncnc2sc(Br)cc12)c1cccs1,-7.647,ChEMBL,5154
CCOC(=O)CCC(=O)Nc1cc(Nc2cccc(Br)c2)ncn1,-7.646,ChEMBL,5155
COc1cc(-c2nc3sc(-c4ccccc4)cn3n2)cc(OC)c1OC,-7.642,ChEMBL,5156
COc1cc(NC(=O)Nc2nccs2)cc(-c2cn(C)cn2)c1OC,-7.641,ChEMBL,5157
N=c1scc(-c2ccc(Cl)cc2)n1CC(=O)N1CCOCC1,-7.635,ChEMBL,5158
CSc1ccc(N(C)c2ncnc3occ(C)c23)cc1,-7.635,ChEMBL,5159
C#Cc1cccc(NC(=O)c2cc(NC(=O)CCCCCC(=O)NO)c(OC)cc2O)c1,-7.634,ChEMBL,5160
NC(=S)N/N=C(/C=C/c1ccc(F)cc1)c1ccc(Br)cc1,-7.63,ChEMBL,5161
O=C(NS(=O)(=O)c1ccc(Cl)cc1)c1cccnc1,-7.628,ChEMBL,5162
CN(C)CCCN1c2ccccc2Sc2ccc(Cl)cc21,-7.627,ChEMBL,5163
COc1ccc(OC)c(Nc2cc(NC(=O)CCCC(=O)O)ncn2)c1,-7.626,ChEMBL,5164
O=C(/C=C/c1ccccc1)Nc1cc(Cl)cc(Cl)c1,-7.622,ChEMBL,5165
Cc1ncc([N+](=O)[O-])n1CC(=O)NS(=O)(=O)c1ccc(Br)cc1,-7.615,ChEMBL,5166
Cc1ncc([N+](=O)[O-])n1CC(=O)NS(=O)(=O)c1ccc(Cl)cc1,-7.612,ChEMBL,5167
C[C@@H](Nc1ncnc2sc(Br)cc12)c1ccccc1,-7.601,ChEMBL,5168
c1csc(-c2nnc(Cc3nc4ccccc4[nH]3)o2)c1,-7.601,ChEMBL,5169
Brc1cccc(Nc2ncnc3ncccc23)c1,-7.6,ChEMBL,5170
C#Cc1cccc(Nc2ncnc3ccc(OCCCCNCCS(C)(=O)=O)cc23)c1,-7.6,ChEMBL,5171
CC(C)n1nc(-c2ccc(C#N)nc2)c2c(N)ncnc21,-7.6,ChEMBL,5172
CO/N=C/c1c(N)ncnc1Nc1cccc(Br)c1,-7.6,ChEMBL,5173
CN(C)CCCNc1c(Br)cccc1Nc1ncnc2ccncc12,-7.6,ChEMBL,5174
Oc1ccc(NCc2cc(O)ccc2O)cc1,-7.6,ChEMBL,5175
CCOP(=O)(Cc1cc(NCc2cc(O)ccc2O)ccc1O)OCC,-7.6,ChEMBL,5176
c1ccc(CNc2ncnc3cccnc23)cc1,-7.6,ChEMBL,5177
COc1cc(/C=C(\C#N)C(N)=O)cc(CSC2=NCCS2)c1O,-7.6,ChEMBL,5178
COc1ccc(/C=C/C(=O)OCCn2c([N+](=O)[O-])cnc2C)cc1,-7.6,ChEMBL,5179
COc1ccc(Nc2ncnc3ccncc23)c(N)c1,-7.6,ChEMBL,5180
COC(=O)c1cc(NCc2cc(O)ccc2O)ccc1OC,-7.6,ChEMBL,5181
CN(C)c1ccc(Nc2ncnc3ccncc23)c(N)c1,-7.6,ChEMBL,5182
COc1ccc(Nc2ccnc3cc(OC)c(OC)cc23)cc1OC,-7.6,ChEMBL,5183
O=C(Nc1ccccc1Cl)c1ccc(N(CCCl)CCCl)cc1,-7.6,ChEMBL,5184
Brc1cccc(Nc2ncnc3cc(NCCCN4CCOCC4)ncc23)c1,-7.6,ChEMBL,5185
CCOc1cc(-c2nn(CCO)c3ncnc(N)c23)ccc1OC,-7.6,ChEMBL,5186
Clc1ccc(-c2ccc(C[NH2+][C@H]3C[C@H]3C3CCC3)cc2F)cc1,-7.6,AIEMG,5187
[C@@][C@@H]1C[NH+](CCNC(=O)Nc2ccc3c(c2)NC(=O)CC3)C1,-7.6,AIEMG,5188
Cl[C@@H](Cc1c[nH]c2ccccc12)c1nncn1C1CC1,-7.6,AIEMG,5189
[C@H]1CCCN(C(=O)Nc2ccc(NC(=O)C(C)(C)C(C)C)cc2)C1,-7.6,AIEMG,5190
CN(C)CCNc1cc2c(Nc3cccc(Br)c3)ncnc2cn1,-7.6,ChEMBL,5191
CCN(CC)[C@@](C)(C#Cc1ncnc2cc(OC)c(OC)cc12)Cc1ccncc1,-7.6,ChEMBL,5192
Clc1cc2c(Nc3cccc(Br)c3)ncnc2cn1,-7.6,ChEMBL,5193
COc1ccc(NC(=O)/C(C#N)=C/c2ccc(O)c(O)c2)c(OC)c1,-7.6,ChEMBL,5194
N#C/C(=C\c1ccc(O)c(O)c1)C(=O)c1ccccc1,-7.6,ChEMBL,5195
COC(=O)c1cc(NCc2ccccc2O)ccc1O,-7.6,ChEMBL,5196
Cn1cccc1-c1nc2cc(NC(=O)CCl)ccc2[nH]1,-7.6,ChEMBL,5197
OCN(CO)c1c(Br)cccc1Nc1ncnc2ccncc12,-7.6,ChEMBL,5198
COc1ccc(Nc2ncnc3occ(C)c23)cc1,-7.599,ChEMBL,5199
COc1cc(/C=C/S(=O)(=O)c2ccccc2)cc(OC)c1OC,-7.598,ChEMBL,5200
Cn1c(-c2csc(N/N=C\C3CCCN3)n2)nc2ccccc21,-7.592,ChEMBL,5201
COc1cc2ncnc(Nc3cccc(SC)c3)c2cc1OC,-7.587,ChEMBL,5202
COc1cc2ncc(C#N)c(Nc3cc(OC)c(OC)c(OC)c3)c2cc1OC,-7.575,ChEMBL,5203
COc1ccc(CC(=O)NS(=O)(=O)c2ccc(Br)cc2)cc1,-7.573,ChEMBL,5204
Cc1nc(Nc2ccc(Cl)cc2)c2cc(C)oc2n1,-7.571,ChEMBL,5205
COc1ccc(N(C)c2nc(C)nc3ccccc23)cc1,-7.563,ChEMBL,5206
COc1ccc(CC(=O)NS(=O)(=O)c2ccc(Cl)cc2)cc1,-7.562,ChEMBL,5207
CC(Nc1ncnc2sc(Br)cc12)c1ccccc1,-7.56,ChEMBL,5208
CNc1ccc(N(C)c2ncnc3occ(C)c23)cc1,-7.558,ChEMBL,5209
CC1=NNC2=NC(=O)NC(c3ccccc3Br)C12,-7.551,ChEMBL,5210
O=S1(=O)N=S(c2ccc(Br)cc2)c2ccncc21,-7.551,ChEMBL,5211
CSc1ccc(N(C)c2nc(C)nc3ccccc23)cc1,-7.543,ChEMBL,5212
COc1ccc(C(/C=C/c2ccccc2)=N\NC(N)=S)cc1,-7.535,ChEMBL,5213
COc1cc(Nc2cc(Nc3ccc(Cl)cc3)ncn2)cc(OC)c1OC,-7.534,ChEMBL,5214
O=C(/C=C/c1ccccc1)Nc1ccc(Cl)cc1,-7.53,ChEMBL,5215
CCCCOC(=O)Nc1ccc(Nc2ncnc3cc(OC)c(OC)cc23)cc1,-7.528,ChEMBL,5216
O=C(NS(=O)(=O)c1ccc(Cl)cc1)c1ccc(Cl)nc1,-7.525,ChEMBL,5217
CCOc1ccccc1-c1nnc(SCc2ccccc2)o1,-7.521,ChEMBL,5218
C=CC(=O)N1CCC[C@@H](n2ncc3c(N)ncnc32)C1,-7.519,ChEMBL,5219
O=C(NS(=O)(=O)c1ccc(Br)cc1)c1cncc(Br)c1,-7.515,ChEMBL,5220
COc1ccc(N(C)c2nc(Cl)nc3ccccc23)cc1,-7.514,ChEMBL,5221
COCCOc1cc2ncc(C#N)c(Nc3cccc(Br)c3)c2cc1OCCOC,-7.5,ChEMBL,5222
COCOc1cc(C(C)(C)C)ccc1-c1ccc(C(=O)OC)cc1,-7.5,ChEMBL,5223
COc1cc2ncnc(Oc3cccc(Br)c3)c2cc1OC,-7.5,ChEMBL,5224
COc1cc2c(cc1OC)Oc1ncnc(Oc3cccc(Br)c3)c1N(C)C2,-7.5,ChEMBL,5225
FC(F)(F)c1ccc(OCCSc2ncc(-c3ccccc3)cc2F)cc1,-7.5,AIEMG,5226
OCCNc1cc2ncnc(Nc3cccc(Br)c3)c2cn1,-7.5,ChEMBL,5227
Cc1ccc(Br)c2c(C#N)cc(C(=O)C3CC3)n12,-7.5,ChEMBL,5228
COc1ccc(Nc2ncnc3cc(OC)c(OC)cc23)cc1OC,-7.5,ChEMBL,5229
CCN(CC)CC(O)CNc1cc2c(Nc3cccc(Br)c3)ncnc2cn1,-7.5,ChEMBL,5230
CCCCN(Cc1cccc(C)c1O)C(=S)Nc1ccccc1,-7.5,ChEMBL,5231
C#Cc1cccc(Nc2ncnc3cc(OC)c(OC)cc23)c1,-7.5,ChEMBL,5232
COc1cc(C=C(C#N)C#N)cc(CSc2ccccc2)c1O,-7.5,ChEMBL,5233
COC(=O)Nc1ccc(Nc2ncnc3cc(OC)c(OC)cc23)cc1,-7.5,ChEMBL,5234
COc1cc2nccc(Oc3cccc(Br)c3)c2cc1OC,-7.5,ChEMBL,5235
N#CCc1nnc(Cc2nc3ccccc3[nH]2)o1,-7.5,ChEMBL,5236
N#C/C(=C\c1ccc(O)c(O)c1)C(=O)NCCCCc1ccccc1,-7.5,ChEMBL,5237
Nc1ncnc2c1ncn2CC(=O)c1cccnc1,-7.5,ChEMBL,5238
CCC(C)/C=C/C(=O)C(=O)/C=C/C=C/C=C/C=C/C=C/C=C/[C@@H]1C[C@@H](O)[C@H](C(=O)O)O1,-7.5,ChEMBL,5239
O=C(Nc1ccc(F)cc1)c1ccc(N(CCCl)CCCl)cc1,-7.5,ChEMBL,5240
[P@@]CS(=O)(=O)c1ccc(O[C@H]2CCN(c3ccccc3)C2=O)cc1,-7.5,AIEMG,5241
S=C(NNc1ccccc1)Nc1ccc2c(c1)OCO2,-7.476,ChEMBL,5242
O=C(Cc1ccc(Br)cc1)NS(=O)(=O)c1ccc(Br)cc1,-7.468,ChEMBL,5243
O=C(O)CCCC(=O)Nc1cc(Nc2cccc(Cl)c2)ncn1,-7.468,ChEMBL,5244
COc1ccc(N(c2ncnc3occ(C)c23)C(C)C)cc1,-7.457,ChEMBL,5245
COCCn1cc(-c2ccncn2)c(-c2ccc(Cl)cc2)n1,-7.449,ChEMBL,5246
O=C(NS(=O)(=O)c1ccc(Br)cc1)c1ccc(Cl)nc1,-7.442,ChEMBL,5247
Brc1cc2c(NCc3ccccc3)ncnc2s1,-7.44,ChEMBL,5248
COc1ccc(N(C)c2nc(C)nc3oc(C)cc23)c(OC)c1,-7.437,ChEMBL,5249
COc1cc(/C=C2\CCCCC2=O)cc(OC)c1,-7.436,ChEMBL,5250
NC(=S)NNc1nncc2ccccc12,-7.433,ChEMBL,5251
Cn1c(-c2csc(N/N=C\c3cccs3)n2)nc2ccccc21,-7.424,ChEMBL,5252
Cc1ncc([N+](=O)[O-])n1CC(=O)NS(=O)(=O)c1ccc(F)cc1,-7.418,ChEMBL,5253
COc1cc2ncnc(Nc3ccc(F)c(Cl)c3)c2cc1OCCNCCN,-7.417,ChEMBL,5254
COc1cc2nccc(Nc3cc(OC)c(OC)c(OC)c3)c2cc1OC,-7.409,ChEMBL,5255
N=c1scc(-c2ccccc2)n1CC(=O)N1CCOCC1,-7.402,ChEMBL,5256
CN(C)CCCNc1cc2c(Nc3cccc(Br)c3)ncnc2cn1,-7.4,ChEMBL,5257
COc1ncc(-c2nn(C(C)C)c3ncnc(N)c23)c(OC)n1,-7.4,ChEMBL,5258
CN(C)CCCCCNc1cc2ncnc(Nc3cccc(Br)c3)c2cn1,-7.4,ChEMBL,5259
COc1cc(/C=C(\C#N)c2ccccn2)ccc1O,-7.4,ChEMBL,5260
COc1cc2ncc(C#N)c(Nc3cccc(SC)c3)c2cc1OC,-7.4,ChEMBL,5261
COc1cc2ncc(N[C@H]3CC[C@H](O)CC3)nc2cc1OC,-7.4,ChEMBL,5262
C#Cc1cccc(Nc2c(C#N)cnc3cc(OCCOC)c(OCCOC)cc23)c1,-7.4,ChEMBL,5263
COc1ccc(/C=C(\C#N)c2cccnc2)cc1OC,-7.4,ChEMBL,5264
OCCNc1c(Br)cccc1Nc1ncnc2ccncc12,-7.4,ChEMBL,5265
N#CC(C#N)=Cc1cc(O)ccc1[N+](=O)[O-],-7.4,ChEMBL,5266
Cc1cccc(Nc2ncnc3cc(NCCCCN(C)C)ncc23)c1,-7.4,ChEMBL,5267
CN(C)C/C=C/C(=O)N1CCc2c(sc3ncnc(NCCO)c23)C1,-7.4,ChEMBL,5268
COc1cc2ncnc(Nc3cccc(Br)c3)c2c(OC)c1OC,-7.4,ChEMBL,5269
Nc1ncnc2c1ncn2CC(=O)c1ccccn1,-7.4,ChEMBL,5270
CCN=C(S)NNc1nncc2ccccc12,-7.398,ChEMBL,5271
COc1ccc(N(C)c2ncnc3occ(C)c23)cc1,-7.382,ChEMBL,5272
COc1ccc(N(C)c2nc(C)nc3oc(C)cc23)cc1OC,-7.38,ChEMBL,5273
Cc1ncc([N+](=O)[O-])n1CC(=O)NS(=O)(=O)c1ccccc1,-7.365,ChEMBL,5274
COc1ccc(NC(=O)/C=C/c2ccccc2)cc1,-7.361,ChEMBL,5275
Brc1cc2c(Nc3ccccc3)ncnc2s1,-7.352,ChEMBL,5276
COc1cc(C=C2SC(=Nc3ccccc3)NC2=O)ccc1O,-7.351,ChEMBL,5277
O=C(O)CCCC(=O)Nc1cc(Nc2ccccc2)ncn1,-7.35,ChEMBL,5278
Cc1c(C#N)c(NCCO)nc2nc(NCCO)nc(N)c12,-7.346,ChEMBL,5279
C[C@@H](Nc1ncnc2sc(Br)cc12)c1ccccn1,-7.331,ChEMBL,5280
O=C(NS(=O)(=O)c1ccc(Cl)cc1)c1cncc(Br)c1,-7.319,ChEMBL,5281
Clc1csc2ncnc(Nc3ccccc3)c12,-7.311,ChEMBL,5282
CNc1nc(C)c(C(=O)/C=C/c2ccc(O)cc2)s1,-7.304,ChEMBL,5283
C#Cc1nn([C@@H]2CCCN(C(=O)C=C)C2)c2ncnc(N)c12,-7.304,ChEMBL,5284
COc1cc(-c2nn(C(C)C)c3ncnc(N)c23)cc(OC)c1OC,-7.3,ChEMBL,5285
C#Cc1cccc(Nc2ncnc3cc(OCCOC)c(OCCOC)cc23)c1,-7.3,ChEMBL,5286
OCCN(CCO)CCCNc1c(Br)cccc1Nc1ncnc2ccncc12,-7.3,ChEMBL,5287
COc1cc(/C=C(\C#N)C(N)=O)cc(SCCCC(=O)O)c1O,-7.3,ChEMBL,5288
Nc1ncnc2nn3ccccc3c12,-7.3,ChEMBL,5289
CN(c1ccccc1)c1[nH]cnc2ncnc1-2,-7.3,ChEMBL,5290
OCCN(CCO)c1c(Br)cccc1Nc1ncnc2ccncc12,-7.3,ChEMBL,5291
CCOc1ccc(NC(=O)/C=C/c2ccccc2)cc1,-7.289,ChEMBL,5292
Brc1cc2c(NCc3ccccn3)ncnc2s1,-7.286,ChEMBL,5293
CN1CCN(C(=O)Cn2c(-c3ccccc3)csc2=N)CC1,-7.281,ChEMBL,5294
COc1cc2ncnc(Nc3cc(OC)c(OC)c(OC)c3)c2cc1OC,-7.279,ChEMBL,5295
CCCCN(c1ccc(OC)cc1)c1nc(C)nc2oc(C)cc12,-7.273,ChEMBL,5296
COc1ccc(N(C)c2nc(C)nc3oc(C)cc23)cc1,-7.263,ChEMBL,5297
C=C1CC(CBr)(c2ccc(F)cc2)OC1=O,-7.259,ChEMBL,5298
CCN(CC)CCOc1cc2ncnc(Nc3ccc(F)c(Cl)c3)c2cc1OC,-7.254,ChEMBL,5299
C=C1CC(CI)(c2ccc(F)cc2)OC1=O,-7.245,ChEMBL,5300
O=C(NNC(=O)c1ncc(Cc2ccsc2)s1)Nc1ccccc1,-7.243,ChEMBL,5301
O=C(Nc1ccc(Br)cc1)c1cc(Br)cc(Br)c1O,-7.239,ChEMBL,5302
O=C(/C=C/c1ccc(O)c(O)c1)OCCc1ccccc1,-7.231,ChEMBL,5303
OCC(Nc1ncnc2sc(Br)cc12)c1ccccc1,-7.222,ChEMBL,5304
N#C/C(=C\c1ccc(O)cc1)c1ccccn1,-7.2,ChEMBL,5305
O=C1CSC(N/N=C/c2cc(F)ccc2O)=N1,-7.2,ChEMBL,5306
C#Cc1cccc(Nc2ccnc3cc(OCCOC)c(OCCOC)cc23)c1,-7.2,ChEMBL,5307
O=C(Nc1ccc([N+](=O)[O-])cc1)c1ccc(N(CCCl)CCCl)cc1,-7.2,ChEMBL,5308
Nc1ncnc2c1cnn2-c1ccccc1,-7.2,ChEMBL,5309
CCC(C)[C@@H]1[C@@](C)(C(=O)/C=C/OC)[C@H]2[C@H](C)C[C@@](C)(O)C[C@]2(O)C(=O)[C@@]1(C)O,-7.2,ChEMBL,5310
Cc1cccc(/C=N/NC2=NC(=O)CS2)c1,-7.2,ChEMBL,5311
Brc1cccc(Nc2ncnc3sccc23)c1,-7.2,ChEMBL,5312
c1ccc(CNc2ncnc3c2sc2ccccc23)cc1,-7.2,ChEMBL,5313
O=C(Nc1ccccc1Br)c1ccc(N(CCCl)CCCl)cc1,-7.2,ChEMBL,5314
N#CC(C#N)=C1C(=O)Nc2ccc([N+](=O)[O-])cc21,-7.2,ChEMBL,5315
Cc1ccc(NC(=O)c2ccc(N(CCCl)CCCl)cc2)cc1,-7.2,ChEMBL,5316
Oc1ccc(/N=N/c2ccc(O)cc2O)cc1,-7.2,ChEMBL,5317
CN(C)CCCCNc1cc2c(Nc3cccc(Br)c3)ncnc2cn1,-7.2,ChEMBL,5318
O=C1CSC(N/N=C/c2cc(Cl)ccc2O)=N1,-7.2,ChEMBL,5319
COc1ccc(OC)c(Nc2cc(NCCc3cccs3)ncn2)c1,-7.192,ChEMBL,5320
CCCN(c1ccc(OC)cc1)c1ncnc2occ(C)c12,-7.188,ChEMBL,5321
CCN(c1ccc(OC)cc1)c1nc(C)nc2oc(C)cc12,-7.161,ChEMBL,5322
CN(C(=O)c1ccc(N(CCCl)CCCl)cc1)c1ccccc1,-7.1,ChEMBL,5323
Brc1cccc(Nc2ncnc3ccsc23)c1,-7.1,ChEMBL,5324
Cc1ccc(/C=N/NC2=NC(=O)CS2)cc1,-7.1,ChEMBL,5325
C=CC(=O)c1ccc2ccccc2c1,-7.1,ChEMBL,5326
Cc1cccc(Nc2cc(NCCO)ncn2)c1,-7.1,ChEMBL,5327
COc1cc2c(cc1O)NC(=O)C2=C(C#N)C#N,-7.1,ChEMBL,5328
O=C(O)CCCC(=O)Nc1cc(N2CCOCC2)ncn1,-7.097,ChEMBL,5329
CCNc1cc(Nc2cccc(Cl)c2)ncn1,-7.08,ChEMBL,5330
CCOC(=O)CCCC(=O)Nc1cc(Nc2cccc(Cl)c2)ncn1,-7.049,ChEMBL,5331
CCCCNC(=S)NNc1nncc2ccccc12,-7.017,ChEMBL,5332
COC(=O)CCc1nc2ccc(Br)cc2[nH]c1=O,-7.0,ChEMBL,5333
O=C1CSC(N/N=C/c2cccc(O)c2)=N1,-7.0,ChEMBL,5334
N#C/C(=C\c1ccc(O)c(O)c1)C(=O)c1cccs1,-7.0,ChEMBL,5335
COc1cc(/C=C(\C#N)C(N)=O)cc(CSCCCC(=O)O)c1O,-7.0,ChEMBL,5336
Nc1ncnc2c1ncn2-c1ccccc1,-7.0,ChEMBL,5337
O=C1CSC(N/N=C/c2cccc([N+](=O)[O-])c2)=N1,-7.0,ChEMBL,5338
O=C(NC1CCCC1)c1ccc(N(CCCl)CCCl)cc1,-7.0,ChEMBL,5339
O=C(Nc1ccc(Cl)cc1)c1ccc(N(CCCl)CCCl)cc1,-7.0,ChEMBL,5340
CNC1=CC2N=CN(C)/C(=N\c3cccc(Br)c3)C2C=N1,-7.0,ChEMBL,5341
COC(=O)CCc1nc2ccc(Cl)cc2[nH]c1=O,-6.965,ChEMBL,5342
C=C1CC(CI)(c2ccccc2)OC1=O,-6.96,ChEMBL,5343
Brc1cc2c(NCc3ccncc3)ncnc2s1,-6.909,ChEMBL,5344
O=C1CSC(N/N=C/c2cc(Cl)cc(Cl)c2O)=N1,-6.9,ChEMBL,5345
O=C1CSC(N/N=C/c2ccc(O)cc2)=N1,-6.9,ChEMBL,5346
O=C1CSC(N/N=C/c2cc(Br)ccc2O)=N1,-6.9,ChEMBL,5347
O=C1CSC(N/N=C/c2cc(Br)cc(Br)c2O)=N1,-6.9,ChEMBL,5348
O=C(NCc1ccccc1)c1ccc(N(CCCl)CCCl)cc1,-6.9,ChEMBL,5349
CC(C)(C)c1cc(NC2=NC(=O)CS2)no1,-6.858,ChEMBL,5350
O=C(CCCCCCC(=O)Nc1ccccc1)NO,-6.851,ChEMBL,5351
CNc1nc(C)c(C(=O)/C=C/c2nccs2)s1,-6.848,ChEMBL,5352
Cc1nc2c(Br)cc(Br)cc2c(=O)n1N,-6.838,ChEMBL,5353
Brc1cc2c(NCc3cccs3)ncnc2s1,-6.822,ChEMBL,5354
Cn1cc(NC(=O)/C=N/O)c(=O)n1-c1ccccc1,-6.818,ChEMBL,5355
COCCOc1cc2ncnc(Sc3nc[nH]n3)c2cc1OCCOC,-6.804,ChEMBL,5356
N#C/C(=C/c1cc(O)ccc1O)C(=O)O,-6.8,ChEMBL,5357
O=C(Nc1ccc(Br)cc1)c1ccc(N(CCCl)CCCl)cc1,-6.8,ChEMBL,5358
N#C/C(=C\c1cc(O)ccc1O)C(N)=O,-6.8,ChEMBL,5359
COc1ccc(NC(=O)c2ccc(N(CCCl)CCCl)cc2)cc1,-6.8,ChEMBL,5360
N#CC(C#N)=C(N)/C(C#N)=C/c1ccc(O)c([N+](=O)[O-])c1,-6.8,ChEMBL,5361
O=C1CSC(N/N=C/c2cccc(F)c2)=N1,-6.8,ChEMBL,5362
O=c1ccc2ccc(O)c(O)c2o1,-6.8,ChEMBL,5363
N#CC(C#N)=C(N)/C(C#N)=C/c1cc(O)c(O)c(O)c1,-6.8,ChEMBL,5364
COc1cccc(/C=N/NC2=NC(=O)CS2)c1,-6.8,ChEMBL,5365
N#CC(C#N)=C(N)/C(C#N)=C/c1cc(O)c(O)c(Br)c1,-6.8,ChEMBL,5366
CN1C(=O)C(=C(C#N)C#N)c2cc(O)ccc21,-6.8,ChEMBL,5367
O=C1CSC(N/N=C/c2ccc([N+](=O)[O-])cc2)=N1,-6.8,ChEMBL,5368
C[C@](N)(Cc1ccc(O)c(O)c1)C(=O)O,-6.785,ChEMBL,5369
COCCOc1cc2ncnc(Nc3cc(OC)c(OC)c(OC)c3)c2cc1OCCOC,-6.776,ChEMBL,5370
CCN1CCN(CC(=O)Nc2cc(C)on2)CC1,-6.71,ChEMBL,5371
COc1ccc(/C=N/NC2=NC(=O)CS2)cc1,-6.7,ChEMBL,5372
N#C/C(=C\c1ccc(O)c(O)c1)C(N)=O,-6.7,ChEMBL,5373
N#CC(C#N)=C1CCc2c1ccc(O)c2O,-6.7,ChEMBL,5374
O=C1CSC(N/N=C/c2ccc(F)cc2)=N1,-6.7,ChEMBL,5375
N#CC(C#N)=C1C(=O)Nc2ccc(O)cc21,-6.7,ChEMBL,5376
O=C1CSC(NN=C2CCCCCC2)=N1,-6.7,ChEMBL,5377
CN1C(=S)C(CCC(=O)O)c2ccccc21,-6.7,ChEMBL,5378
O=C(O)CCC1C(S)=Nc2ccccc21,-6.7,ChEMBL,5379
CNc1nc(C)c(C(=O)/C=C/c2ccsc2)s1,-6.657,ChEMBL,5380
N#Cc1cc2c(N)ncnc2nc1NCCO,-6.648,ChEMBL,5381
CC(C)(C)NC(=O)/C=C/c1ccccc1,-6.635,ChEMBL,5382
Oc1c(I)cc(I)c2cccnc12,-6.624,ChEMBL,5383
N#C/C(=C\c1cc(O)ccc1O)C(=O)O,-6.6,ChEMBL,5384
N#CC(C#N)=C(C#N)c1cc(O)cc(O)c1,-6.6,ChEMBL,5385
O=C(O)/C=C/c1cc(CO)ccc1CO,-6.6,ChEMBL,5386
O=C(O)CCCC1C(S)=Nc2ccccc21,-6.6,ChEMBL,5387
O=C1CSC(N/N=C/c2cccc(Cl)c2)=N1,-6.6,ChEMBL,5388
COc1cc(C=C(C#N)C#N)cc(SCC(=O)O)c1O,-6.6,ChEMBL,5389
O=C1CSC(N/N=C/c2ccc(Br)cc2)=N1,-6.6,ChEMBL,5390
O=C1CSC(N/N=C/c2ccc(Cl)cc2)=N1,-6.6,ChEMBL,5391
N#CC(C#N)=C1C(=O)Nc2cc(O)c(O)cc21,-6.6,ChEMBL,5392
N#CC(C#N)=C1CCc2cc(O)c(O)cc21,-6.6,ChEMBL,5393
O=C1CSC(N/N=C/c2cccc(Br)c2)=N1,-6.6,ChEMBL,5394
COc1cc(C=C(C#N)C#N)cc(CSCC(=O)O)c1O,-6.6,ChEMBL,5395
Cc1cc(C=C(C#N)C#N)cc(O)c1O,-6.5,ChEMBL,5396
N#C/C(=C\c1ccc(O)c(O)c1)C(=O)O,-6.5,ChEMBL,5397
COc1cc(/C=C(\C#N)C(N)=C(C#N)C#N)cc(O)c1O,-6.5,ChEMBL,5398
NC(=O)CCC1C(S)=Nc2ccccc21,-6.5,ChEMBL,5399
O=CN/C=C/c1cc(O)ccc1O,-6.5,ChEMBL,5400
COC(=O)CC1C(S)=Nc2ccccc21,-6.5,ChEMBL,5401
N#C/C(=C\c1ccc(C=O)cc1)C(=O)O,-6.5,ChEMBL,5402
N#CC(Cc1ccc(O)c(O)c1)C(=N)S,-6.5,ChEMBL,5403
C/C(=C\c1ccc(O)c(O)c1)[N+](=O)[O-],-6.5,ChEMBL,5404
N#CC(C#N)=C(N)/C(C#N)=C/c1ccc(O)c(O)c1,-6.5,ChEMBL,5405
N[C@@H](Cc1ccc(O)c(O)c1)C(=O)O,-6.492,ChEMBL,5406
Cn1c2ccccc2n2c(=S)[nH]nc12,-6.485,ChEMBL,5407
CC(C)(C)c1cc(NC(=O)CN2CCOCC2)no1,-6.483,ChEMBL,5408
CCCCCCCCc1ccc(O)cc1,-6.43,ChEMBL,5409
O=C1CSC(NN=C2CCCCCCC2)=N1,-6.4,ChEMBL,5410
N#CC(C#N)=C(C#N)c1cc(O)c(O)c(O)c1,-6.4,ChEMBL,5411
N#CC(C#N)=C(O)c1cc(O)c(O)c(O)c1,-6.4,ChEMBL,5412
Nc1ncnc2c1ncn2[C@@H]1O[C@H](CO)[C@@H](O)[C@H]1S,-6.4,ChEMBL,5413
N#CC(C#N)=Cc1cc(O)cc(O)c1,-6.4,ChEMBL,5414
C=CCn1c(N)c(C(=O)N/N=C/c2cccs2)sc1=S,-6.307,ChEMBL,5415
O=[N+]([O-])/C=C/c1ccc(O)c(O)c1,-6.3,ChEMBL,5416
N#CC(C#N)=C(C#N)c1ccc(O)c(O)c1,-6.3,ChEMBL,5417
O=C1CSC(NN=C2CCCCC2)=N1,-6.3,ChEMBL,5418
COc1cc(C(C#N)=C(C#N)C#N)cc(O)c1O,-6.3,ChEMBL,5419
Cc1cc(NC2=NC(=O)CS2)no1,-6.274,ChEMBL,5420
CC(C)(C)c1cc(NC(=O)CCl)no1,-6.202,ChEMBL,5421
CN(C)c1ccc2cncnc2c1,-6.2,ChEMBL,5422
N#C/C(=C\c1ccc(O)c(O)c1)C(N)=S,-6.2,ChEMBL,5423
Nc1ccc2ncncc2c1,-6.2,ChEMBL,5424
COc1cc(C=C(C#N)C#N)cc([N+](=O)[O-])c1O,-6.2,ChEMBL,5425
O=C(O)CC1C(S)=Nc2ccccc21,-6.2,ChEMBL,5426
N#CC(C#N)=Cc1ccc(O)c([N+](=O)[O-])c1,-6.2,ChEMBL,5427
N#CC(C#N)=Cc1cc(O)c(O)c(O)c1,-6.2,ChEMBL,5428
O=CN/C=C/c1ccc(O)c(O)c1,-6.2,ChEMBL,5429
COc1cc(C=C(C#N)C#N)cc(O)c1O,-6.1,ChEMBL,5430
N#CC(C#N)=Cc1ccc(O)c(O)c1,-6.1,ChEMBL,5431
CC(C)(C)NC(=O)c1ccc(N(CCCl)CCCl)cc1,-6.1,ChEMBL,5432
COc1cc(/C=C/[N+](=O)[O-])ccc1O,-6.1,ChEMBL,5433
Nc1ccc2cncnc2c1,-6.1,ChEMBL,5434
CCCN(CCC)C(=O)c1ccc(N(CCCl)CCCl)cc1,-6.1,ChEMBL,5435
CCCCNC(=O)c1ccc(N(CCCl)CCCl)cc1,-6.1,ChEMBL,5436
COc1cc(C=C(C#N)C#N)cc(Br)c1O,-6.0,ChEMBL,5437
N#CC(C#N)=C(N)/C(C#N)=C/c1ccc(O)cc1,-6.0,ChEMBL,5438
O=[N+]([O-])/C=C/c1ccc(O)cc1,-6.0,ChEMBL,5439
COc1cc(C=C(C#N)C#N)cc(C)c1O,-6.0,ChEMBL,5440
COc1ccc2cncnc2c1,-5.9,ChEMBL,5441
CNc1ccc2ncncc2c1,-5.9,ChEMBL,5442
CNc1ccc2cncnc2c1,-5.9,ChEMBL,5443
CN(C)c1ccc2ncncc2c1,-5.9,ChEMBL,5444
N#CC(C#N)=Cc1ccc(C=O)cc1,-5.8,ChEMBL,5445
COc1cc(C=C(C#N)C#N)ccc1O,-5.7,ChEMBL,5446
c1ccc2ncncc2c1,-5.7,ChEMBL,5447
Cc1cc(NC(=O)CCl)no1,-5.622,ChEMBL,5448
COc1ccc2ncncc2c1,-5.6,ChEMBL,5449
Oc1cccc(O)c1O,-5.33,ChEMBL,5450
Oc1ccccc1O,-5.121,ChEMBL,5451
C[S+]([O-])CCCCN=C=S,-4.142,ChEMBL,5452
CO[C@H]1[C@@H]([N+](C)(C)C)C[C@@H]2O[C@@]1(C)n1c3ccccc3c3c4c(c5c6ccccc6n2c5c31)C(=O)NC4,,ChEMBL,5453
CN[C@@H]1C[C@H]2O[C@@](C)([C@@H]1OC)n1c3ccccc3c3c4c(c5c6ccccc6n2c5c31)C(=O)NC4,,ChEMBL,5454
CN[C@H]1C[C@@H]2O[C@](C)([C@H]1OC)n1c3ccccc3c3c4c(c5c6ccccc6n2c5c31)C(=O)NC4=O,,ChEMBL,5455
CN[C@H]1C[C@@H]2O[C@](C)([C@H]1OC)n1c3ccccc3c3c4c(c5c6ccccc6n2c5c31)C(=O)N[C@@H]4O,,ChEMBL,5456
CN[C@H]1C[C@@H]2O[C@](C)([C@H]1OC)n1c3ccccc3c3c4c(c5c6ccccc6n2c5c31)[C@H](O)NC4=O,,ChEMBL,5457
COc1cc2c(Nc3ccc(Cl)cc3F)ncnc2cc1OCC1CCNCC1.Cl,,ChEMBL,5458
COc1cc2c(Nc3ccc(Cl)cc3F)ncnc2cc1OCCCN1CCN(C)CC1.Cl,,ChEMBL,5459
COc1cc2c(Nc3cc(O)c(C)cc3F)ncnc2cc1OCC1CCN(C)CC1.Cl,,ChEMBL,5460
Cl.c1ccc(Nc2[nH]cnc3c4ccccc4nc2-3)cc1,,ChEMBL,5461
Brc1cccc(Nc2ncnc3c2sc2ncsc23)c1.CO,,ChEMBL,5462
Cl.O=[N+]([O-])c1ccc2sc3c(Nc4ccccc4)ncnc3c2c1,,ChEMBL,5463
C[C@H](Nc1[nH]cnc2c3ccccc3nc1-2)c1ccccc1.Cl,,ChEMBL,5464
CCO.Nc1ccc2sc3c(Nc4ccccc4)ncnc3c2c1,,ChEMBL,5465
CO.Nc1cccc2c1sc1c(Nc3cccc(Br)c3)ncnc12,,ChEMBL,5466
COc1cc(Nc2ncnc3cc(OC)c(OC)cc23)cc(OC)c1.Cl,,ChEMBL,5467
COc1cc2ncnc(NCc3ccccc3)c2cc1OC.Cl,,ChEMBL,5468
COc1cc2ncnc(Nc3cccc(F)c3)c2cc1OC.Cl,,ChEMBL,5469
COc1cc2ncnc(Nc3cccc(Cl)c3)c2cc1OC.Cl,,ChEMBL,5470
COc1ccc(Nc2ncnc3cc(OC)c(OC)cc23)cc1OC.Cl,,ChEMBL,5471
COc1cc2ncnc(Nc3ccc(O)cc3)c2cc1OC.Cl,,ChEMBL,5472
COc1cc2ncnc(Nc3ccccc3)c2cc1OC.Cl,,ChEMBL,5473
COc1cc2ncnc(N(C)c3ccccc3)c2cc1OC.Cl,,ChEMBL,5474
COc1cc2ncnc(Nc3cc(OC)c(OC)c(OC)c3)c2cc1OC.Cl,,ChEMBL,5475
COc1cc2ncnc(Nc3ccc4c(c3)CCC4)c2cc1OC.Cl,,ChEMBL,5476
COc1ccc2ncnc(Nc3cc(OC)c(OC)c(OC)c3)c2c1.Cl,,ChEMBL,5477
Cl.Clc1cccc(Nc2ncnc3ccccc23)c1,,ChEMBL,5478
COc1ccc(Nc2ncnc3cc(OC)c(OC)cc23)cc1.Cl,,ChEMBL,5479
CN(C)CC(CNNC(N)=O)C(=O)c1ccc(OCc2ccccc2)cc1.Cl,,ChEMBL,5480
C=C(CN(C)C)C(=O)c1ccc(OCc2ccccc2)cc1.Cl,,ChEMBL,5481
C=C(CN1CCCCC1)C(=O)c1ccc(OCc2ccccc2)cc1.Cl,,ChEMBL,5482
Cl.O=C(CCN1CCCCC1)c1ccc(OCc2ccccc2)cc1,,ChEMBL,5483
CCOC(=O)C1CCN(CCC(=O)c2ccc(OCc3ccccc3)cc2)CC1.Cl,,ChEMBL,5484
C=C(CN1CCNCC1)C(=O)c1ccc(OCc2ccccc2)cc1.Cl,,ChEMBL,5485
CN(C)CC(CSCCN)C(=O)c1ccc(OCc2ccccc2)cc1.Cl,,ChEMBL,5486
CC(CN(C)C)C(=O)c1ccc(OS(=O)(=O)c2ccc(C(=O)O)cc2)cc1.Cl,,ChEMBL,5487
CN(C)CCC(=O)c1ccc(OCc2ccccc2)cc1.Cl,,ChEMBL,5488
Cl.O=C(CCN1CCOCC1)c1ccc(OCc2ccccc2)cc1,,ChEMBL,5489
C=C(CN1CCOCC1)C(=O)c1ccc(OCc2ccccc2)cc1.Cl,,ChEMBL,5490
C=C(CN(C)C)C(=O)c1ccccc1.Cl,,ChEMBL,5491
C=C(CN(C)C)C(=O)c1ccc(OCc2ccccc2)c(O)c1.Cl,,ChEMBL,5492
C=C(CN(C)C)C(=O)c1ccc(OS(=O)(=O)c2ccc(C(=O)N(C)C)cc2)cc1.Cl,,ChEMBL,5493
CN(C)CCC(=O)c1ccc(OCc2ccccc2)c(O)c1.Cl,,ChEMBL,5494
CC(C)c1ccc(/C=C2/C(=O)Nc3ccccc32)cc1,,ChEMBL,5495
COc1cc2ncnc(N(C)c3cccc(Cl)c3)c2cc1OC.Cl,,ChEMBL,5496
Cc1cccc(N(C)c2ncnc3cc(C)c(C)cc23)c1.Cl,,ChEMBL,5497
COc1cc2ncnc(N(C)c3ccc(C)cc3)c2cc1OC.Cl,,ChEMBL,5498
COc1cc2ncnc(N(C)c3cccc(C)c3)c2cc1OC.Cl,,ChEMBL,5499
COc1cc2ncnc(N(C)c3ccc(Cl)cc3)c2cc1OC.Cl,,ChEMBL,5500
COc1cc2ncnc(N(C)c3cccc(C(F)(F)F)c3)c2cc1OC.Cl,,ChEMBL,5501
CCN(c1ccccc1)c1ncnc2cc(OC)c(OC)cc12.Cl,,ChEMBL,5502
COc1cc2ncnc(N3CCc4ccccc43)c2cc1OC.Cl,,ChEMBL,5503
CCOc1cc2ncnc(Nc3cccc(F)c3)c2cc1OCC.Cl,,ChEMBL,5504
COc1cc2ncnc(Nc3ccc(F)cc3)c2cc1OC.Cl,,ChEMBL,5505
COc1cc2ncnc(Nc3ccccc3F)c2cc1OC.Cl,,ChEMBL,5506
CCOc1cc2ncnc(Nc3ccc(F)cc3)c2cc1OCC.Cl,,ChEMBL,5507
CCOc1cc2ncnc(Nc3ccccc3F)c2cc1OCC.Cl,,ChEMBL,5508
COc1cc2ncnc(NCc3ccc(F)cc3)c2cc1OC.Cl,,ChEMBL,5509
CCOc1cc2ncnc(NCc3ccc(F)cc3)c2cc1OCC.Cl,,ChEMBL,5510
COc1cc2ncnc(Nc3cc(F)cc(C(F)(F)F)c3)c2cc1OC.Cl,,ChEMBL,5511
COc1cc2ncnc(Nc3cccc(I)c3)c2cc1OC.Cl,,ChEMBL,5512
COc1cc2ncnc(Nc3cccc(Br)c3)c2cc1OC.Cl,,ChEMBL,5513
COc1ccc2ncnc(Nc3ccccc3)c2c1.Cl,,ChEMBL,5514
Cl.NCCNC(=O)c1ccc(S(=O)(=O)Oc2ccc(/C=C/[N+](=O)[O-])cc2)cc1,,ChEMBL,5515
C#Cc1cccc(Nc2ncnc3cc(OCCOC)c(OCCOC)cc23)c1.Cl,,ChEMBL,5516
Cl.NCCc1c[nH]c2ccc(OCCc3ccc(O)cc3)cc12,,ChEMBL,5517
Cl.NC1CCc2[nH]c3ccc(OCCc4ccc(O)cc4)cc3c2C1,,ChEMBL,5518
CN(C)CC(=O)N1CCC(c2ccc(NC(=O)c3nc(C#N)c[nH]3)c(C3=CCCCC3)c2)CC1.Cl,,ChEMBL,5519
CN(C)c1ccc(C(=C2C=CC(=[N+](C)C)C=C2)c2ccc(N(C)C)cc2)cc1.[Cl-],,ChEMBL,5520
CCCCCCCCCCCCCCCC[n+]1ccccc1.[Br-],,ChEMBL,5521
[Cl-].[Cl-].[Zn+2],,ChEMBL,5522
Br.Oc1ccc(-c2cc3c(NCc4ccccc4)ncnc3[nH]2)cc1,,ChEMBL,5523
Br.Oc1ccc(-c2cc3c(NCc4ccc(F)cc4)ncnc3[nH]2)cc1,,ChEMBL,5524
Br.Oc1ccc(-c2cc3c(NCc4ccccc4F)ncnc3[nH]2)cc1,,ChEMBL,5525
Br.Oc1ccc(-c2cc3c(NCc4cccc(F)c4)ncnc3[nH]2)cc1,,ChEMBL,5526
COc1ccc2cc(-c3nn(C(C)C)c4ncnc(N)c34)ccc2c1.Cl,,ChEMBL,5527
CCOc1ccc2cc(-c3nn(C(C)C)c4ncnc(N)c34)ccc2c1.Cl,,ChEMBL,5528
COc1cc2ncnc(Nc3ccc(F)c(Cl)c3)c2cc1NC(=O)/C=C/CN1CCCCC1.O,,ChEMBL,5529
COc1cc2ncnc(Nc3cccc(Cl)c3)c2cc1B1OC(C)(C)C(C)(C)O1,,ChEMBL,5530
CC1(C)OB(c2ccc3ncnc(Nc4ccc(F)c(Cl)c4)c3c2)OC1(C)C,,ChEMBL,5531
OB(O)c1ccc2ncnc(Nc3cccc(Cl)c3)c2c1,,ChEMBL,5532
CC1(C)OB(c2ccc3ncnc(Nc4cccc(Cl)c4)c3c2)OC1(C)C,,ChEMBL,5533
COc1cc2ncnc(Nc3ccc(F)c(Cl)c3)c2cc1B1OC(C)(C)C(C)(C)O1,,ChEMBL,5534
OB(O)c1ccc2ncnc(Nc3ccc(F)c(Cl)c3)c2c1,,ChEMBL,5535
COc1cc2ncnc(Nc3cccc(Cl)c3)c2cc1B(O)O,,ChEMBL,5536
COc1cc2ncnc(Nc3ccc(F)c(Cl)c3)c2cc1B(O)O,,ChEMBL,5537
CCOC(=O)Nc1ccc(Nc2ncnc3cc(OC)c(OC)cc23)cc1C.Cl,,ChEMBL,5538
COC(=O)Nc1ccc(Nc2ncnc3cc(OC)c(OC)cc23)cc1C.Cl,,ChEMBL,5539
CCOC(=O)Nc1cc(Nc2ncnc3cc(OC)c(OC)cc23)ccc1C.Cl,,ChEMBL,5540
COC(=O)Nc1ccc(Nc2ncnc3cc(OC)c(OC)cc23)cc1Cl.Cl,,ChEMBL,5541
CCCOC(=O)Nc1ccc(Nc2ncnc3cc(OC)c(OC)cc23)cc1.Cl,,ChEMBL,5542
COC(=O)Nc1cc(Nc2ncnc3cc(OC)c(OC)cc23)ccc1C.Cl,,ChEMBL,5543
COc1ccc(N(C)c2nc(C)nc3oc(C)cc23)cc1.Cl,,ChEMBL,5544
OB(O)c1ccc(COc2ccc3ncnc(Nc4cccc(Cl)c4)c3c2)cc1,,ChEMBL,5545
OB(O)/C=C/COc1ccc2ncnc(Nc3cccc(Cl)c3)c2c1,,ChEMBL,5546
COc1ccc2c(c1)CCN2c1nc(C)nc2c(Cc3ccccc3)c[nH]c12.Cl,,ChEMBL,5547
