chembl_id,smiles,activity_type,activity_value,activity_units,pIC50,docking
CHEMBL68920,Cc1cc(C)c(/C=C2\C(=O)Nc3ncnc(Nc4ccc(F)c(Cl)c4)c32)[nH]1,IC50,41.0,nM,7.39,-10.40
CHEMBL69960,Cc1cc(C(=O)N2CCOCC2)[nH]c1/C=C1\C(=O)Nc2ncnc(Nc3ccc(F)c(Cl)c3)c21,IC50,40.0,nM,7.4,-10.70
CHEMBL137635,CN(c1ccccc1)c1ncnc2ccc(N/N=N/Cc3ccccn3)cc12,IC50,9300.0,nM,5.03,-9.20
CHEMBL77085,N#CC(C#N)=Cc1cc(O)ccc1[N+](=O)[O-],Ki,24000.0,nM,4.62,-7.40
CHEMBL76589,N#CC(C#N)=C(N)/C(C#N)=C/c1ccc(O)cc1,IC50,100.0,nM,7.0,-6.00
CHEMBL76904,N#CC(C#N)=Cc1ccc(O)c(O)c1,Ki,11000.0,nM,4.96,-6.10
CHEMBL296407,N#C/C(=C\c1ccc(O)c(O)c1)C(N)=O,Ki,3500.0,nM,5.46,-6.70
CHEMBL309625,N#CC(C#N)=C(N)/C(C#N)=C/c1ccc(O)c([N+](=O)[O-])c1,IC50,60000.0,nM,4.22,-6.80
CHEMBL310798,N#CC(C#N)=Cc1cc(O)c(O)c(O)c1,Ki,1000.0,nM,6.0,-6.20
CHEMBL135592,C/N=N/Nc1ccc2ncnc(N(C)c3ccccc3)c2c1,IC50,8000.0,nM,5.1,-7.90
CHEMBL308134,N#CC(C#N)=Cc1ccc(O)c([N+](=O)[O-])c1,Ki,49000.0,nM,4.31,-6.20
CHEMBL136491,CN(C)/N=N/c1ccc2ncnc(Nc3cccc(Cl)c3)c2c1,IC50,14.0,nM,7.85,-8.50
CHEMBL336113,Cc1cccc(Nc2ncnc3ccc(N)cc23)c1,IC50,1000.0,nM,6.0,-8.30
CHEMBL133024,C/N=N/Nc1ccc2ncnc(Nc3cccc(Cl)c3)c2c1,IC50,100.0,nM,7.0,-8.30
CHEMBL344652,CN(C)/N=N/c1ccc2ncnc(N(C)c3ccccc3)c2c1,IC50,13350.0,nM,4.88,-8.00
CHEMBL47986,O=CN/C=C/c1cc(O)ccc1O,IC50,2000.0,nM,5.7,-6.50
CHEMBL137364,Brc1cccc(Nc2ncnc3ccc(N/N=N/CCN4CCOCC4)cc23)c1,IC50,64.0,nM,7.19,-8.20
CHEMBL309598,N#CC(C#N)=C(O)c1cc(O)c(O)c(O)c1,Ki,4500.0,nM,5.35,-6.40
CHEMBL332096,Nc1ccc2ncnc(NCc3ccccc3)c2c1,IC50,508.0,nM,6.29,-8.40
CHEMBL69964,Cc1cc(/C=C2\C(=O)Nc3ncnc(Nc4ccc(F)c(Cl)c4)c32)[nH]c1C(=O)N1CCN(C)CC1,IC50,210.0,nM,6.68,-10.80
CHEMBL65848,Cc1cc(C(=O)N2CCOCC2)[nH]c1/C=C1\C(=O)Nc2ncnc(Nc3ccc4c(c3)CCC4)c21,IC50,1410.0,nM,5.85,-10.40
CHEMBL76985,N#C/C(=C\c1ccc(C=O)cc1)C(=O)O,IC50,47000.0,nM,4.33,-6.50
CHEMBL136492,CN(c1ccccc1)c1ncnc2ccc(N)cc12,IC50,8400.0,nM,5.08,-8.20
CHEMBL311119,N#CC(C#N)=Cc1ccc(C=O)cc1,Ki,20000.0,nM,4.7,-5.80
CHEMBL76905,N#CC(C#N)=Cc1cc(O)cc(O)c1,Ki,10000.0,nM,5.0,-6.40
CHEMBL305194,Cc1cc(C(=O)O)[nH]c1/C=C1\C(=O)Nc2ncnc(Nc3ccc(F)c(Cl)c3)c21,IC50,29.0,nM,7.54,-10.10
CHEMBL80155,COc1cc(C=C(C#N)C#N)cc(O)c1O,Ki,2200.0,nM,5.66,-6.10
CHEMBL343352,Nc1ccc2ncnc(Nc3cccc(Cl)c3)c2c1,IC50,3.38,nM,8.47,-8.10
CHEMBL52765,Nc1ccc2ncnc(Nc3cccc(Br)c3)c2c1,IC50,0.78,nM,9.11,-8.20
CHEMBL76642,N#C/C(=C/c1cc(O)ccc1O)C(=O)O,Ki,24000.0,nM,4.62,-6.80
CHEMBL308645,Cc1cc(CCC(=O)O)[nH]c1/C=C1\C(=O)Nc2ncnc(Nc3ccc(F)c(Cl)c3)c21,IC50,4.7,nM,8.33,-9.20
CHEMBL134312,CN(C)/N=N/c1ccc2ncnc(Nc3cccc(Br)c3)c2c1,IC50,11.0,nM,7.96,-8.20
CHEMBL77243,CCCCc1cc(/C=C(\C#N)C(N)=O)cc(CCCC)c1O,IC50,55000.0,nM,4.26,-7.80
CHEMBL80745,COc1cc(/C=C(\C#N)C(N)=C(C#N)C#N)cc(O)c1O,IC50,1000.0,nM,6.0,-6.50
CHEMBL305246,Cc1cc(C(=O)N2CCN(C)CC2)[nH]c1/C=C1\C(=O)Nc2ncnc(Nc3ccc(F)c(Cl)c3)c21,IC50,2.8,nM,8.55,-10.70
CHEMBL69966,C#Cc1cccc(Nc2ncnc3c2/C(=C/c2[nH]c(C(=O)NCCN4CCOCC4)cc2C)C(=O)N3)c1,IC50,18.0,nM,7.75,-10.40
CHEMBL77869,COc1cc(C=C(C#N)C#N)ccc1O,Ki,67000.0,nM,4.17,-5.70
CHEMBL137189,C/N=N/Nc1ccc2ncnc(Nc3cccc(C)c3)c2c1,IC50,200.0,nM,6.7,-8.40
CHEMBL137617,C/N=N/Nc1ccc2ncnc(Nc3cccc(Br)c3)c2c1,IC50,39.0,nM,7.41,-8.40
CHEMBL137027,CN(C)/N=N/c1ccc2ncnc(NCc3ccccc3)c2c1,IC50,482.0,nM,6.32,-8.30
CHEMBL78257,N#CC(C#N)=C(N)/C(C#N)=C/c1cc(O)c(O)c(O)c1,IC50,800.0,nM,6.1,-6.80
CHEMBL309334,N#CC(C#N)=C(N)/C(C#N)=C/c1ccc(O)c(O)c1,IC50,2500.0,nM,5.6,-6.50
CHEMBL304971,Cc1c(C(=O)N2CCN(C)CC2)c[nH]c1/C=C1\C(=O)Nc2ncnc(Nc3ccc(F)c(Cl)c3)c21,IC50,410.0,nM,6.39,-10.00
CHEMBL137534,CN(C)CC/N=N/Nc1ccc2ncnc(Nc3cccc(Br)c3)c2c1,IC50,38.0,nM,7.42,-8.10
CHEMBL137788,C/N=N/Nc1ccc2ncnc(NCc3ccccc3)c2c1,IC50,335.0,nM,6.47,-8.60
CHEMBL77030,N#C/C(=C\c1ccc(O)c(O)c1)C(N)=S,Ki,850.0,nM,6.07,-6.20
CHEMBL307179,COc1cc(C=C(C#N)C#N)cc([N+](=O)[O-])c1O,Ki,55000.0,nM,4.26,-6.20
CHEMBL305782,Cc1[nH]c(/C=C2\C(=O)Nc3ncnc(Nc4ccc(F)c(Cl)c4)c32)c(C)c1CCC(=O)O,IC50,180.0,nM,6.75,-9.70
CHEMBL133023,Cc1cccc(Nc2ncnc3ccc(/N=N/N(C)C)cc23)c1,IC50,24.0,nM,7.62,-8.20
CHEMBL136674,COCC/N=N/Nc1ccc2ncnc(Nc3cccc(Br)c3)c2c1,IC50,71.0,nM,7.15,-8.50
CHEMBL73820,N#C/C(=C\c1ccc(O)c(O)c1)C(=O)O,IC50,25000.0,nM,4.6,-6.50
CHEMBL77803,N#CC(C#N)=C(N)/C(C#N)=C/c1cc(O)c(O)c(Br)c1,IC50,500.0,nM,6.3,-6.80
CHEMBL77298,COc1cc(C=C(C#N)C#N)cc(Br)c1O,Ki,50000.0,nM,4.3,-6.00
CHEMBL431996,O=C(O)CCc1c(/C=C2\C(=O)Nc3ccc(C(=O)O)cc32)[nH]c2c1CCCC2,IC50,56500.0,nM,4.25,-9.20
CHEMBL86531,NS(=O)(=O)c1ccc2c(c1)/C(=C/c1[nH]c3c(c1CCC(=O)O)CCCC3)C(=O)N2,IC50,29100.0,nM,4.54,-9.10
CHEMBL138691,C=CC(=O)N(CCN(C)C)c1cc2c(Nc3cccc(Br)c3)ncnc2cn1,IC50,4.2,nM,8.38,-7.90
CHEMBL52829,Cc1cccc(Nc2ncnc3cnc(N(C)C)nc23)c1,IC50,4.0,nM,8.4,-8.20
CHEMBL52823,Cc1cccc(Nc2ncnc3cnc(Cl)nc23)c1,IC50,380.0,nM,6.42,-7.90
CHEMBL139307,C=CC(=O)N(CCCN1CCOCC1)c1ccc2ncnc(Nc3cccc(Br)c3)c2c1,IC50,3.3,nM,8.48,-8.80
CHEMBL51854,COc1ncc2ncnc(Nc3cccc(Br)c3)c2n1,IC50,3.8,nM,8.42,-7.70
CHEMBL939,COc1cc2ncnc(Nc3ccc(F)c(Cl)c3)c2cc1OCCCN1CCOCC1,IC50,0.1,nM,10.0,-8.80
CHEMBL95320,C#Cc1cccc(Nc2c(C#N)cnc3cc(OCCOC)c(OCCOC)cc23)c1,IC50,850.0,nM,6.07,-7.40
CHEMBL298931,Cc1cccc(Nc2ncnc3cnc(N)nc23)c1,IC50,17.0,nM,7.77,-8.40
CHEMBL334334,COC(=O)c1cccc(NCc2cc(O)ccc2O)c1,IC50,9000.0,nM,5.05,-7.90
CHEMBL111365,COc1ccc(Nc2ncc3cc(-c4c(Cl)cccc4Cl)c(=O)n(C)c3n2)cn1,IC50,1300.0,nM,5.89,-8.60
CHEMBL52591,CNc1ncc2ncnc(Nc3cccc(C)c3)c2n1,IC50,4.3,nM,8.37,-8.30
CHEMBL132907,COC(=O)c1cc(NCc2ccccc2O)ccc1O,IC50,20000.0,nM,4.7,-7.60
CHEMBL422292,CCOC(=O)/C=C/C(=O)Nc1cc2c(Nc3cccc(Br)c3)ncnc2cn1,IC50,1.5,nM,8.82,-8.60
CHEMBL417420,Brc1cccc(Nc2ncnc3cnc(NCCCN4CCOCC4)nc23)c1,IC50,2.9,nM,8.54,-8.40
CHEMBL106232,CN1CCN(CCCCCNc2ncc3cc(-c4c(Cl)cccc4Cl)c(=O)n(C)c3n2)CC1,IC50,4500.0,nM,5.35,-9.20
CHEMBL327127,Cn1c(=O)c(-c2c(Cl)cccc2Cl)cc2cnc(Nc3cccc(CO)c3)nc21,IC50,82.0,nM,7.09,-10.30
CHEMBL294475,Brc1cccc(Nc2ncnc3cnc(NCCN4CCOCC4)nc23)c1,IC50,0.81,nM,9.09,-8.10
CHEMBL53310,CNc1ncc2ncnc(Nc3ccccc3)c2n1,IC50,13.0,nM,7.89,-8.00
CHEMBL267019,O=C1NC(=O)c2cc(Nc3ccc(O)cc3)c(Nc3ccc(O)cc3)cc21,IC50,2500.0,nM,5.6,-9.50
CHEMBL285063,C=CC(=O)Nc1ccc2ncnc(Nc3cccc(Br)c3)c2c1,IC50,0.08,nM,10.1,-8.30
CHEMBL136404,C/C=C/C(=O)Nc1cc2c(Nc3cccc(Br)c3)ncnc2cn1,IC50,0.5,nM,9.3,-8.80
CHEMBL334697,C=CC(=O)N(C)c1cc2c(Nc3cccc(Br)c3)ncnc2cn1,IC50,0.17,nM,9.77,-7.80
CHEMBL137082,C=CC(=O)N(CCCN1CCOCC1)c1cc2c(Nc3cccc(Br)c3)ncnc2cn1,IC50,2.7,nM,8.57,-8.60
CHEMBL53311,Clc1ncc2ncnc(Nc3cccc(Br)c3)c2n1,IC50,82.0,nM,7.09,-8.00
CHEMBL62176,CN1C(=S)C(C(=O)Nc2ccccc2)c2ccccc21,IC50,1000.0,nM,6.0,-8.30
CHEMBL423159,COC(=O)c1cc(NCc2cccc(O)c2)ccc1O,IC50,21000.0,nM,4.68,-7.80
CHEMBL299622,CNc1ncc2ncnc(Nc3cccc(Br)c3)c2n1,IC50,0.76,nM,9.12,-8.30
CHEMBL138363,C=C(C)C(=O)Nc1cc2c(Nc3cccc(Br)c3)ncnc2cn1,IC50,1.6,nM,8.8,-8.50
CHEMBL93464,C/C=C/C(=O)Nc1ccc2ncnc(Nc3cccc(Br)c3)c2c1,IC50,0.55,nM,9.26,-8.60
CHEMBL53831,Nc1ncc2ncnc(Nc3cccc(Br)c3)c2n1,IC50,1.5,nM,8.82,-8.70
CHEMBL299881,Cc1cccc(Nc2ncnc3cnc(NCCN4CCOCC4)nc23)c1,IC50,2.3,nM,8.64,-8.30
CHEMBL50027,Clc1ncc2ncnc(Nc3ccccc3)c2n1,IC50,2550.0,nM,5.59,-7.70
CHEMBL31965,C=CC(=O)Nc1cc2c(Nc3ccc(F)c(Cl)c3)ncnc2cc1OCCCN1CCOCC1,IC50,0.04,nM,10.4,-8.80
CHEMBL344486,CCOC(=O)/C=C/C(=O)Nc1ccc2ncnc(Nc3cccc(Br)c3)c2c1,IC50,2.7,nM,8.57,-8.40
CHEMBL321193,Cn1c(=O)c(-c2c(Cl)cccc2Cl)cc2cnc(Nc3cccc(O)c3)nc21,IC50,150.0,nM,6.82,-10.30
CHEMBL53426,Brc1cccc(Nc2ncnc3cnc(NCCc4c[nH]cn4)nc23)c1,IC50,0.25,nM,9.6,-8.50
CHEMBL53711,CN(C)c1cc2c(Nc3cccc(Br)c3)ncnc2cn1,IC50,2.6,nM,8.59,-8.00
CHEMBL344177,O=C(/C=C/Cl)Nc1cc2c(Nc3cccc(Br)c3)ncnc2cn1,IC50,0.69,nM,9.16,-9.10
CHEMBL136178,CC(=O)/C=C/C(=O)Nc1ccc2ncnc(Nc3cccc(Br)c3)c2c1,IC50,1.2,nM,8.92,-9.30
CHEMBL136511,C=CS(=O)(=O)Nc1ccc2ncnc(Nc3cccc(Br)c3)c2c1,IC50,1.4,nM,8.85,-8.80
CHEMBL416307,Cc1cccc(Nc2ncnc3cnc(NCCc4c[nH]cn4)nc23)c1,IC50,3.0,nM,8.52,-8.80
CHEMBL44,O=c1c(-c2ccc(O)cc2)coc2cc(O)cc(O)c12,IC50,600.0,nM,6.22,-8.40
CHEMBL336264,C=CS(=O)(=O)c1cc2c(Nc3cccc(Br)c3)ncnc2cn1,IC50,0.43,nM,9.37,-8.00
CHEMBL53156,CNc1ccc2ncnc(Nc3cccc(Br)c3)c2n1,IC50,3.1,nM,8.51,-8.10
CHEMBL131653,COC(=O)c1cc(NCc2cc(O)ccc2O)ccc1O,IC50,600.0,nM,6.22,-7.70
CHEMBL268868,O=C1NC(=O)c2cc(Nc3ccccc3)c(Nc3ccccc3)cc21,Ki,160.0,nM,6.8,-9.40
CHEMBL7775,CN(c1ccccc1)c1cc2c(cc1Nc1ccccc1)C(=O)NC2=O,IC50,8700.0,nM,5.06,-9.60
CHEMBL335440,O=S(=O)(CCO)c1cc2c(Nc3cccc(Br)c3)ncnc2cn1,IC50,93.5,nM,7.03,-8.30
CHEMBL50647,Cn1c(=O)c(-c2c(Cl)cccc2Cl)cc2cnc(Nc3ccc(CC(=O)O)cc3)nc21,IC50,220.0,nM,6.66,-9.90
CHEMBL51228,Brc1cccc(Nc2ncnc3cnc(NCCCn4ccnc4)nc23)c1,IC50,2.3,nM,8.64,-8.40
CHEMBL129930,COC(=O)c1cc(NCc2cc(O)ccc2O)ccc1OC,IC50,9500.0,nM,5.02,-7.60
CHEMBL113863,Cn1c(=O)c(-c2c(Cl)cccc2Cl)cc2cnc(NCCCCCC(=O)O)nc21,IC50,1000.0,nM,6.0,-9.10
CHEMBL553,C#Cc1cccc(Nc2ncnc3cc(OCCOC)c(OCCOC)cc23)c1,IC50,0.1,nM,10.0,-7.30
CHEMBL92086,C=C(C)C(=O)Nc1ccc2ncnc(Nc3cccc(Br)c3)c2c1,IC50,1.2,nM,8.92,-8.50
CHEMBL109631,Cn1c(=O)c(-c2c(Cl)cccc2Cl)cc2cnc(Nc3cccc(C(=O)O)c3)nc21,IC50,190.0,nM,6.72,-10.40
CHEMBL52015,CN(C)c1ccc2ncnc(Nc3cccc(Br)c3)c2c1,IC50,84.0,nM,7.08,-8.20
CHEMBL53796,CN(C)c1ccc2ncnc(Nc3cccc(Br)c3)c2n1,IC50,9.6,nM,8.02,-8.50
CHEMBL51853,Nc1cc2c(Nc3cccc(Br)c3)ncnc2cn1,IC50,0.13,nM,9.89,-8.20
CHEMBL133283,COC(=O)c1ccc(NCc2cc(O)ccc2O)cc1O,IC50,10000.0,nM,5.0,-7.90
CHEMBL7914,Cc1ccc(Nc2cc3c(cc2Nc2ccc(C)cc2)C(=O)NC3=O)cc1,IC50,2500.0,nM,5.6,-10.10
CHEMBL334801,CN(C)CCCNC(=O)/C=C/C(=O)Nc1cc2c(Nc3cccc(Br)c3)ncnc2cn1,IC50,1.1,nM,8.96,-8.00
CHEMBL325589,Cn1c(=O)c(-c2c(Cl)cccc2Cl)cc2cnc(Nc3cccnc3)nc21,IC50,510.0,nM,6.29,-9.90
CHEMBL99024,COc1cc2ncc(C#N)c(Nc3ccc(F)c(Cl)c3)c2cc1OCCCN1CCOCC1,IC50,1040.0,nM,5.98,-8.70
CHEMBL49596,Cn1c(=O)c(-c2c(Cl)cccc2Cl)cc2cnc(N)nc21,IC50,5600.0,nM,5.25,-8.90
CHEMBL50519,COc1ccc2ncnc(Nc3cccc(Br)c3)c2n1,IC50,4.3,nM,8.37,-7.90
CHEMBL51659,C=CC(=O)Nc1cc2c(Nc3cccc(Br)c3)ncnc2cn1,IC50,0.91,nM,9.04,-8.40
CHEMBL343722,C=C=CC(=O)Nc1ccc2ncnc(Nc3cccc(Br)c3)c2c1,IC50,1.6,nM,8.8,-8.90
CHEMBL448154,CCn1c(=O)c(-c2c(Cl)cccc2Cl)cc2cnc(Nc3ccncc3)nc21,IC50,490.0,nM,6.31,-9.30
CHEMBL50470,CCN(CC)CCCNc1ncc2cc(-c3c(Cl)cccc3Cl)c(=O)n(C)c2n1,IC50,1350.0,nM,5.87,-8.30
CHEMBL104244,CN1CCN(CCCCNc2ncc3cc(-c4c(Cl)cccc4Cl)c(=O)n(C)c3n2)CC1,IC50,210.0,nM,6.68,-9.20
CHEMBL53777,CN(C)c1ncc2ncnc(Nc3cccc(Br)c3)c2n1,IC50,0.95,nM,9.02,-8.30
CHEMBL140561,CN(C)CCCOC(=O)/C=C/C(=O)Nc1ccc2ncnc(Nc3cccc(Br)c3)c2c1,IC50,2.4,nM,8.62,-8.00
CHEMBL345077,C=C[S+]([O-])c1cc2c(Nc3cccc(Br)c3)ncnc2cn1,IC50,4.6,nM,8.34,-8.10
CHEMBL107472,CNc1ncc2cc(-c3c(Cl)cccc3Cl)c(=O)n(C)c2n1,IC50,7500.0,nM,5.12,-9.20
CHEMBL139044,C=C/C=C/C(=O)Nc1cc2c(Nc3cccc(Br)c3)ncnc2cn1,IC50,1.1,nM,8.96,-9.00
CHEMBL139095,C=CS(=O)(=O)Nc1cc2c(Nc3cccc(Br)c3)ncnc2cn1,IC50,0.76,nM,9.12,-8.40
CHEMBL104779,Cn1c(=O)c(-c2c(Cl)cccc2Cl)cc2cnc(Nc3ccncc3)nc21,IC50,910.0,nM,6.04,-10.00
CHEMBL319620,O=C(O)c1cc(NCc2cc(O)ccc2O)ccc1O,IC50,30.0,nM,7.52,-8.30
CHEMBL134371,O=C(O)/C=C/C(=O)Nc1ccc2ncnc(Nc3cccc(Br)c3)c2c1,IC50,0.37,nM,9.43,-9.30
CHEMBL50344,CNc1ccc2ncnc(Nc3cccc(Br)c3)c2c1,IC50,4.0,nM,8.4,-8.10
CHEMBL299194,CN1CCN(CCCNc2ncc3cc(-c4c(Cl)cccc4Cl)c(=O)n(C)c3n2)CC1,IC50,8700.0,nM,5.06,-9.00
CHEMBL54067,CN(C)CCNc1ncc2ncnc(Nc3cccc(Br)c3)c2n1,IC50,35.0,nM,7.46,-8.30
CHEMBL109296,CCNc1ncc2cc(-c3c(Cl)cccc3Cl)c(=O)n(C)c2n1,IC50,4500.0,nM,5.35,-9.20
CHEMBL52197,COc1ccc2ncnc(Nc3cccc(Br)c3)c2c1,IC50,30.0,nM,7.52,-8.00
CHEMBL7939,O=C1NC(=O)c2cc(Nc3ccc(F)cc3)c(Nc3ccc(F)cc3)cc21,IC50,700.0,nM,6.16,-10.00
CHEMBL8095,COc1ccc(Nc2cc3c(cc2Nc2ccccc2)C(=O)NC3=O)cc1,IC50,2000.0,nM,5.7,-9.30
CHEMBL345109,CN(C)CCCNC(=O)/C=C/C(=O)Nc1ccc2ncnc(Nc3cccc(Br)c3)c2c1,IC50,0.44,nM,9.36,-8.00
CHEMBL332269,CCCCNc1ncc2cc(-c3c(Cl)cccc3Cl)c(=O)n(C)c2n1,IC50,4400.0,nM,5.36,-9.30
CHEMBL300217,Nc1ccc2ncnc(Nc3cccc(Br)c3)c2n1,IC50,7.6,nM,8.12,-9.20
CHEMBL53753,CNc1cc2c(Nc3cccc(Br)c3)ncnc2cn1,IC50,13.0,nM,7.89,-7.90
CHEMBL428690,CN1CC[C@H](c2c(O)cc(O)c3c(=O)cc(-c4ccccc4Cl)oc23)[C@H](O)C1,Kd,520.0,nM,6.28,-9.80
CHEMBL14932,Oc1ccc2ncnc(Nc3ccc(OCc4ccccc4)cc3)c2c1,IC50,98.0,nM,7.01,-9.30
CHEMBL38199,Brc1cccc(Nc2ncnc3cc4c(cnn4CCN4CCOCC4)cc23)c1,IC50,3.7,nM,8.43,-9.00
CHEMBL29197,COc1cc2ncnc(Nc3cccc(Br)c3)c2cc1OC,IC50,0.025,nM,10.6,-8.20
CHEMBL287007,CN(C)Cc1c[nH]c2cc3ncnc(Nc4cccc(Br)c4)c3cc12,IC50,2.6,nM,8.59,-8.90
CHEMBL37346,Brc1cccc(Nc2ccnc3ccccc23)c1,IC50,5500.0,nM,5.26,-8.20
CHEMBL15202,COc1ccc2ncnc(Nc3ccc(OCc4ccccc4)cc3)c2c1,IC50,68.0,nM,7.17,-8.40
CHEMBL36819,O=C(O)Cn1ncc2cc3c(Nc4cccc(Br)c4)ncnc3cc21,IC50,53.0,nM,7.28,-9.10
CHEMBL40130,Brc1cccc(Nc2ncnc3cc4c(ccn4CCN4CCOCC4)cc23)c1,IC50,3.7,nM,8.43,-8.90
CHEMBL290096,Brc1cccc(Nc2ncnc3ccccc23)c1,IC50,27.0,nM,7.57,-8.00
CHEMBL460731,CS(=O)(=O)CCNCCCCOc1ccc2ncnc(Nc3ccc(F)c(Cl)c3)c2c1,IC50,20.0,nM,7.7,-8.10
CHEMBL37543,OCC(O)Cn1ncc2cc3c(Nc4cccc(Br)c4)ncnc3cc21,IC50,12.0,nM,7.92,-8.90
CHEMBL39320,Cn1ncc2cc3c(Nc4cccc(Br)c4)ncnc3cc21,IC50,0.37,nM,9.43,-8.70
CHEMBL289162,O=C(O)Cn1ccc2cc3c(Nc4cccc(Br)c4)ncnc3cc21,IC50,5.1,nM,8.29,-8.80
CHEMBL37373,CN(C)CCn1ccc2cc3c(Nc4cccc(Br)c4)ncnc3cc21,IC50,41.0,nM,7.39,-8.20
CHEMBL39715,COC(=O)CN(C)Cc1c[nH]c2cc3ncnc(Nc4cccc(Br)c4)c3cc12,IC50,3.4,nM,8.47,-8.70
CHEMBL289213,CN(CC(=O)O)Cc1c[nH]c2cc3ncnc(Nc4cccc(Br)c4)c3cc12,IC50,0.72,nM,9.14,-9.60
CHEMBL517907,C#Cc1cccc(Nc2ncnc3ccc(OCCCCNCCS(C)(=O)=O)cc23)c1,IC50,11.0,nM,7.96,-7.60
CHEMBL287832,CN(C)CCn1ncc2cc3c(Nc4cccc(Br)c4)ncnc3cc21,IC50,40.0,nM,7.4,-8.90
CHEMBL39337,Brc1cccc(Nc2ncnc3cc4[nH]ncc4cc23)c1,IC50,0.44,nM,9.36,-8.80
CHEMBL40734,Brc1cccc(Nc2ncnc3cc4[nH]ccc4cc23)c1,IC50,0.39,nM,9.41,-8.70
CHEMBL39811,CN(C)CCN(C)Cc1c[nH]c2cc3ncnc(Nc4cccc(Br)c4)c3cc12,IC50,7.5,nM,8.12,-8.90
CHEMBL36727,Cn1ccc2cc3c(Nc4cccc(Br)c4)ncnc3cc21,IC50,0.8,nM,9.1,-8.80
CHEMBL39355,Brc1cccc(Nc2ncnc3cc4c(cnn4CCCN4CCOCC4)cc23)c1,IC50,8.8,nM,8.06,-8.90
CHEMBL289959,c1ccc(Nc2ncnc3ccccc23)cc1,Ki,79.43,nM,7.1,-7.90
CHEMBL47966,Oc1ccc(/N=N/c2ccc(O)cc2O)cc1,IC50,58000.0,nM,4.24,-7.20
CHEMBL416611,OCC(O)Cn1ccc2cc3c(Nc4cccc(Br)c4)ncnc3cc21,IC50,1.6,nM,8.8,-8.20
CHEMBL36967,Brc1cccc(Nc2ncnc3cc4[nH]cc(CN5CCOCC5)c4cc23)c1,IC50,4.8,nM,8.32,-9.60
CHEMBL36164,OCCN(CCO)Cc1c[nH]c2cc3ncnc(Nc4cccc(Br)c4)c3cc12,IC50,3.5,nM,8.46,-8.80
CHEMBL57323,Cc1cccc(C)c1-c1cc2cnc(N)nc2nc1NC(=O)NC(C)(C)C,IC50,610.0,nM,6.21,-9.80
CHEMBL76599,CC(C)(C)NC(=O)Nc1nc2nc(N)ncc2cc1-c1ccccc1,IC50,5530.0,nM,5.26,-9.30
CHEMBL335648,CO[C@H]1[C@@H]([N+](C)(C)C)C[C@@H]2O[C@@]1(C)n1c3ccccc3c3c4c(c5c6ccccc6n2c5c31)C(=O)NC4,IC50,19.0,nM,7.72,N/A
CHEMBL157084,CS(=O)(=O)CCNc1nc(-c2ccc3ncnc(Nc4ccc(F)c(Cl)c4)c3c2)cs1,IC50,35.0,nM,7.46,-9.20
CHEMBL388978,CN[C@@H]1C[C@H]2O[C@@](C)([C@@H]1OC)n1c3ccccc3c3c4c(c5c6ccccc6n2c5c31)C(=O)NC4,IC50,0.29,nM,9.54,N/A
CHEMBL56236,Cc1cc(C)c(C)c(-c2cc3cnc(N)nc3nc2NC(=O)NC(C)(C)C)c1C,IC50,6680.0,nM,5.17,-10.10
CHEMBL337026,CN[C@H]1C[C@@H]2O[C@](C)([C@H]1OC)n1c3ccccc3c3c4c(c5c6ccccc6n2c5c31)C(=O)NC4=O,IC50,200.0,nM,6.7,N/A
CHEMBL56543,N#C/C(=C\c1ccc(O)c(O)c1)C(=O)NCc1ccccc1,IC50,100.0,nM,7.0,-7.90
CHEMBL57366,CC(C)(C)NC(=O)Nc1nc2nc(N)ncc2cc1-c1c(Cl)cccc1Cl,IC50,450.0,nM,6.35,-9.70
CHEMBL338049,CN[C@H]1C[C@@H]2O[C@](C)([C@H]1OC)n1c3ccccc3c3c4c(c5c6ccccc6n2c5c31)C(=O)N[C@@H]4O,IC50,17.0,nM,7.77,N/A
CHEMBL432738,CCNC(=O)Nc1nc2nc(N)ncc2cc1-c1c(Cl)cccc1Cl,IC50,1360.0,nM,5.87,-9.30
CHEMBL338155,CN[C@H]1C[C@@H]2O[C@](C)([C@H]1OC)n1c3ccccc3c3c4c(c5c6ccccc6n2c5c31)[C@H](O)NC4=O,IC50,260.0,nM,6.58,N/A
CHEMBL55993,Cc1cc(C)c(C(=O)/C(C#N)=C/c2ccc(O)c(O)c2)c(C)c1,IC50,10700.0,nM,4.97,-8.00
CHEMBL55360,Cc1cccc(C)c1NC(=O)/C(C#N)=C/c1ccc(O)c(O)c1,IC50,5100.0,nM,5.29,-8.20
CHEMBL56731,N#C/C(=C\c1ccc(O)c(O)c1)C(=O)Nc1ccccc1,IC50,700.0,nM,6.16,-7.80
CHEMBL333454,COc1cc(/C=C(\C#N)C(N)=O)cc(CSc2ccc(C)cc2)c1O,IC50,1737.8,nM,5.76,-8.50
CHEMBL122522,COc1cc(C=C(C#N)C#N)cc(CSc2ccccc2)c1O,IC50,6000.0,nM,5.22,-7.50
CHEMBL56219,N#C/C(=C\c1ccc(O)c(O)c1)C(=O)Nc1ccccc1Cl,IC50,1100.0,nM,5.96,-8.10
CHEMBL118205,COc1cc(/C=C(\C#N)C(N)=O)cc(CSc2nc3ccccc3o2)c1O,IC50,5248.07,nM,5.28,-8.50
CHEMBL2448064,COc1cc2c(Nc3ccc(Cl)cc3F)ncnc2cc1OCC1CCNCC1.Cl,IC50,100.0,nM,7.0,N/A
CHEMBL24026,COc1cc2c(Nc3ccc(C#N)cc3F)ncnc2cc1OC/C=C/CN1CCCC1,IC50,800.0,nM,6.1,-8.60
CHEMBL116595,COc1cc(/C=C(\C#N)C(N)=O)cc(CSc2ccccc2)c1O,IC50,398.11,nM,6.4,-8.20
CHEMBL324030,COc1cc(/C=C(\C#N)C(N)=O)cc(CSC2=NCCS2)c1O,IC50,8709.64,nM,5.06,-7.60
CHEMBL417941,N#C/C(=C\c1ccc(O)c(O)c1)C(=O)NC1CCCCC1,IC50,1600.0,nM,5.8,-7.70
CHEMBL326100,COc1cc(/C=C(\C#N)C(N)=O)cc(CSCc2ccccc2Cl)c1O,IC50,1000.0,nM,6.0,-8.40
CHEMBL56542,N#C/C(=C\c1ccc(O)c(O)c1)C(=O)N1CCc2ccccc21,IC50,2100.0,nM,5.68,-8.90
CHEMBL293749,N#C/C(=C\c1ccc(O)c(O)c1)C(=O)NCCc1ccccc1,IC50,616.6,nM,6.21,-7.90
CHEMBL143212,COc1cc(/C=C(\C#N)C(N)=O)cc(CSc2cccc3ccccc23)c1O,IC50,1698.24,nM,5.77,-9.30
CHEMBL440298,N#C/C(=C\c1ccc(O)c(O)c1)C(=O)NCCCCc1ccccc1,IC50,1100.0,nM,5.96,-7.50
CHEMBL428534,COc1cc2c(Nc3ccc(C)cc3F)ncnc2cc1OCC1CCNCC1,IC50,450.0,nM,6.35,-8.70
CHEMBL326318,COc1cc(/C=C(\C#N)C(N)=O)cc(CSCc2ccccc2)c1O,IC50,891.25,nM,6.05,-8.30
CHEMBL1161234,COc1cc(/C=C(\C#N)C(N)=O)cc(SCCCC(=O)O)c1O,IC50,47863.01,nM,4.32,-7.30
CHEMBL281872,COc1cc2c(Nc3ccc(Br)cc3F)ncnc2cc1OCCn1ccnn1,IC50,50.0,nM,7.3,-7.80
CHEMBL281990,COc1cc2c(Nc3ccc(C)cc3F)ncnc2cc1OCC1CCN(C)CC1,IC50,400.0,nM,6.4,-9.10
CHEMBL25450,COc1cc2c(Nc3c(F)cc(Cl)cc3F)ncnc2cc1OCC1CCNCC1,IC50,500.0,nM,6.3,-8.70
CHEMBL1907763,COc1cc2c(Nc3ccc(Cl)cc3F)ncnc2cc1OC[C@@H]1CCCN(C)C1,IC50,100.0,nM,7.0,-8.50
CHEMBL24137,COc1cc2c(Nc3ccc(Cl)cc3F)ncnc2cc1OCCCN1CCOCC1,IC50,100.0,nM,7.0,-8.30
CHEMBL116423,Cc1cc(C=C(C#N)C#N)cc(O)c1O,IC50,5600.0,nM,5.25,-6.50
CHEMBL24828,COc1cc2/c(=N/c3ccc(Br)cc3F)nc[nH]c2cc1OCC1CCN(C)CC1,Kd,4.8,nM,8.32,-8.40
CHEMBL56319,CCOC(=O)C(Cc1ccccc1)NC(=O)/C(C#N)=C/c1ccc(O)c(O)c1,IC50,1530.0,nM,5.82,-8.10
CHEMBL53898,N#C/C(=C\c1ccc(O)c(O)c1)C(=O)NCCCc1ccccc1,IC50,700.0,nM,6.16,-7.90
CHEMBL56393,N#C/C(=C\c1ccc(O)c(O)c1)C(=O)c1ccc(O)c(O)c1,IC50,370.0,nM,6.43,-8.00
CHEMBL1161236,COc1cc(C=C(C#N)C#N)cc(SCC(=O)O)c1O,IC50,53703.18,nM,4.27,-6.60
CHEMBL143805,N#C/C(=C\c1ccc(O)c(O)c1)C(=O)NCc1ccc(O)cc1,IC50,3019.95,nM,5.52,-7.90
CHEMBL63356,Oc1cc2cc(-c3cccnc3)cnc2cc1O,IC50,500.0,nM,6.3,-8.00
CHEMBL118321,COc1cc(C=C(C#N)C#N)cc(CSc2ccccc2C(=O)O)c1O,IC50,7943.28,nM,5.1,-8.00
CHEMBL115895,COc1cc(/C=C(\C#N)C(N)=O)cc(CSc2ccccc2NC(C)=O)c1O,IC50,5600.0,nM,5.25,-8.50
CHEMBL283088,COc1cc2c(Nc3ccc(Cl)cc3F)ncnc2cc1OCCN1CCN(C)CC1,IC50,200.0,nM,6.7,-8.40
CHEMBL56879,N#C/C(=C\c1ccc(O)c(O)c1)C(=O)c1ccc([N+](=O)[O-])cc1,IC50,2000.0,nM,5.7,-7.70
CHEMBL331026,COc1cc(/C=C(\C#N)C(N)=O)cc(CSc2nc3ccccc3[nH]2)c1O,IC50,14454.4,nM,4.84,-8.60
CHEMBL67027,COc1ccc(/C=C(\C#N)c2cccnc2)cc1OC,IC50,700.0,nM,6.16,-7.40
CHEMBL342929,CNC(=O)c1c(SSc2c(C(=O)NC)c3ccccc3n2C)n(C)c2ccccc12,IC50,1800.0,nM,5.75,-9.00
CHEMBL115519,COc1cc(/C=C(\C#N)C(N)=O)cc(CSc2nc3cc(Cl)ccc3s2)c1O,IC50,4400.0,nM,5.36,-8.70
CHEMBL119156,COc1cc(/C=C(\C#N)C(N)=O)cc(CSc2ccccn2)c1O,IC50,3388.44,nM,5.47,-8.00
CHEMBL119987,COc1cc(/C=C(\C#N)C(N)=O)cc(CSc2ccccc2C(=O)O)c1O,IC50,707.95,nM,6.15,-8.50
CHEMBL54471,Cc1ccc(C(=O)/C(C#N)=C/c2ccc(O)c(O)c2)cc1,IC50,880.0,nM,6.06,-8.30
CHEMBL1744347,COc1cc2c(Nc3ccc(Cl)cc3F)ncnc2cc1OCCCN1CCN(C)CC1.Cl,IC50,75.0,nM,7.12,N/A
CHEMBL55979,CC(NC(=O)/C(C#N)=C/c1ccc(O)c(O)c1)c1ccccc1,IC50,400.0,nM,6.4,-8.20
CHEMBL25610,COc1cc2c(Nc3ccc(Cl)cc3F)ncnc2cc1OCCN1CCOCC1,IC50,300.0,nM,6.52,-8.30
CHEMBL141238,Cc1cc(C)c(NC(=O)/C(C#N)=C/c2ccc(O)c(O)c2)c(C)c1,IC50,19054.61,nM,4.72,-8.70
CHEMBL66101,COc1ccc(/C=C/c2cnc3cc(OC)c(OC)cc3c2)cc1,IC50,20000.0,nM,4.7,-8.60
CHEMBL59145,N#C/C(=C\c1ccc(O)c(O)c1)C(=O)c1ccccc1Cl,IC50,1540.0,nM,5.81,-7.70
CHEMBL118109,COc1cc(/C=C(\C#N)C(N)=O)cc(CSc2nc3ccccc3s2)c1O,IC50,18600.0,nM,4.73,-8.60
CHEMBL279459,COc1cc2c(Nc3c(F)cc(Br)cc3F)ncnc2cc1OCC1CCNCC1,IC50,400.0,nM,6.4,-8.30
CHEMBL55994,N#C/C(=C\c1ccc(O)c(O)c1)C(=O)c1cccs1,IC50,3100.0,nM,5.51,-7.00
CHEMBL334032,COc1cc(C=C(C#N)C#N)cc(CS(=O)(=O)c2ccc(C)cc2)c1O,IC50,15000.0,nM,4.82,-8.10
CHEMBL1202473,COc1cc2c(Nc3cc(O)c(C)cc3F)ncnc2cc1OCC1CCN(C)CC1.Cl,IC50,200.0,nM,6.7,N/A
CHEMBL55204,N#C/C(=C\c1ccc(O)c(O)c1)C(=O)c1ccc(F)cc1,IC50,560.0,nM,6.25,-7.70
CHEMBL286160,COCCOc1cc2ncnc(Nc3ccc(Cl)cc3F)c2cc1OC,IC50,100.0,nM,7.0,-7.80
CHEMBL57251,COc1ccc(NC(=O)/C(C#N)=C/c2ccc(O)c(O)c2)c(OC)c1,IC50,1700.0,nM,5.77,-7.60
CHEMBL56132,N#C/C(=C\c1ccc(O)c(O)c1)C(=O)c1ccccc1,IC50,1000.0,nM,6.0,-7.60
CHEMBL120564,COc1cc(C=C(C#N)C#N)cc(C)c1O,IC50,87096.36,nM,4.06,-6.00
CHEMBL432428,N#C/C(=C\c1cc(O)c(O)c(CSCc2ccccc2)c1)C(N)=O,IC50,645.65,nM,6.19,-8.00
CHEMBL141175,COc1cc(/C=C(/C#N)C(N)=O)cc(CSCc2ccc(Cl)cc2)c1O,IC50,15848.93,nM,4.8,-8.40
CHEMBL113996,COc1cc2ncc(C#N)c(Nc3ccc(F)c(Cl)c3)c2cc1NC(=O)/C=C/CN1CCOCC1,IC50,13570.0,nM,4.87,-9.60
CHEMBL126384,Brc1cccc(Nc2ncnc3cc(NCCCCN4CCOCC4)ncc23)c1,IC50,5.4,nM,8.27,-8.10
CHEMBL129509,Cc1cccc(Nc2ncnc3cc(NCCCN4CCOCC4)ncc23)c1,IC50,9.3,nM,8.03,-8.20
CHEMBL114593,COCC#CC(=O)Nc1ccc2ncc(C#N)c(Nc3cccc(Br)c3)c2c1,IC50,960.0,nM,6.02,-8.30
CHEMBL126137,CN(C)CCN(C)c1cc2ncnc(Nc3cccc(Br)c3)c2cn1,IC50,40.0,nM,7.4,-8.40
CHEMBL128987,Brc1cccc(Nc2ncnc3cc(NCCN4CCOCC4)ncc23)c1,IC50,3.2,nM,8.49,-7.70
CHEMBL435993,OCCN(CCO)CCNc1cc2ncnc(Nc3cccc(Br)c3)c2cn1,IC50,9.2,nM,8.04,-8.50
CHEMBL340898,Cc1cccc(Nc2ncnc3cc(NCCCn4ccnc4)ncc23)c1,IC50,3.5,nM,8.46,-8.30
CHEMBL338215,Cc1cccc(Nc2ncnc3cc(NCCCCN(C)C)ncc23)c1,IC50,5.4,nM,8.27,-7.40
CHEMBL309765,CN1C(=S)C(CCC(=O)O)c2ccccc21,IC50,6700.0,nM,5.17,-6.70
CHEMBL116857,COc1cc(NC(=O)/C=C/CN(C)C)cc2c(Nc3cccc(Br)c3)c(C#N)cnc12,IC50,2880.0,nM,5.54,-8.60
CHEMBL340484,CN1CCN(CCCNc2cc3ncnc(Nc4cccc(Br)c4)c3cn2)CC1,IC50,4.9,nM,8.31,-8.20
CHEMBL127058,OCCN(CCO)CCCNc1cc2ncnc(Nc3cccc(Br)c3)c2cn1,IC50,1.2,nM,8.92,-8.30
CHEMBL128467,O=S(=O)(O)CCNc1cc2ncnc(Nc3cccc(Br)c3)c2cn1,IC50,1.4,nM,8.85,-8.60
CHEMBL326280,COCC#CC(=O)Nc1cc2c(Nc3cccc(Br)c3)c(C#N)cnc2cc1OC,IC50,790.0,nM,6.1,-8.10
CHEMBL340700,CN(CC(O)CO)c1cc2ncnc(Nc3cccc(Br)c3)c2cn1,IC50,3.2,nM,8.49,-8.20
CHEMBL338114,Brc1cccc(Nc2ncnc3cc(NCCc4c[nH]cn4)ncc23)c1,IC50,0.91,nM,9.04,-8.20
CHEMBL341319,CN(CCO)c1cc2ncnc(Nc3cccc(Br)c3)c2cn1,IC50,2.6,nM,8.59,-8.30
CHEMBL340508,NNc1cc2ncnc(Nc3cccc(Br)c3)c2cn1,IC50,7.1,nM,8.15,-7.80
CHEMBL115440,COCCOCC#CC(=O)Nc1ccc2ncc(C#N)c(Nc3cccc(Br)c3)c2c1,IC50,930.0,nM,6.03,-8.10
CHEMBL84513,O=C(O)CCCC1C(S)=Nc2ccccc21,IC50,6700.0,nM,5.17,-6.60
CHEMBL127041,OCCNc1cc2ncnc(Nc3cccc(Br)c3)c2cn1,IC50,0.24,nM,9.62,-7.50
CHEMBL126791,Brc1cccc(Nc2ncnc3cc(NCCCn4ccnc4)ncc23)c1,IC50,0.51,nM,9.29,-7.80
CHEMBL54400,CNc1cc2ncnc(Nc3cccc(Br)c3)c2cn1,IC50,0.13,nM,9.89,-8.00
CHEMBL128468,O=C(O)CCCNc1cc2ncnc(Nc3cccc(Br)c3)c2cn1,IC50,0.28,nM,9.55,-8.60
CHEMBL341522,Cc1cccc(Nc2ncnc3cc(NCCCN4CCN(C)CC4)ncc23)c1,IC50,5.6,nM,8.25,-8.20
CHEMBL83837,COC(=O)Cc1c(SSc2c(CC(=O)OC)c3ccccc3n2C)n(C)c2ccccc12,IC50,33000.0,nM,4.48,-8.50
CHEMBL111038,COc1cc2ncc(C#N)c(Nc3cccc(Br)c3)c2cc1OC,Kd,2.4,nM,8.62,-7.80
CHEMBL339416,[O-][N+]1(CCCNc2cc3ncnc(Nc4cccc(Br)c4)c3cn2)CCOCC1,IC50,0.74,nM,9.13,-8.10
CHEMBL30973,CN(C)C/C=C/C(=O)Nc1ccc2ncc(C#N)c(Nc3cccc(Br)c3)c2c1,IC50,37.2,nM,7.43,-8.70
CHEMBL419650,O=C(O)Cc1c(SSc2[nH]c3ccccc3c2CC(=O)O)[nH]c2ccccc12,IC50,10200.0,nM,4.99,-9.00
CHEMBL92812,CNc1ccc2c(Nc3cccc(Br)c3)ncnc2c1,IC50,4.0,nM,8.4,-8.00
CHEMBL309276,O=C(O)CCC1C(S)=Nc2ccccc21,IC50,1620.0,nM,5.79,-6.70
CHEMBL283682,CC#CC(=O)Nc1ccc2ncc(C#N)c(Nc3cccc(Br)c3)c2c1,IC50,258.9,nM,6.59,-8.80
CHEMBL129825,CN(C)CCCCNc1cc2ncnc(Nc3cccc(Br)c3)c2cn1,IC50,7.4,nM,8.13,-7.80
CHEMBL420624,Nc1ccc2c(Nc3cccc(Br)c3)ncnc2c1,IC50,0.1,nM,10.0,-8.20
CHEMBL281300,C=CC(=O)Nc1ccc2ncc(C#N)c(Nc3cccc(Br)c3)c2c1,IC50,9.7,nM,8.01,-8.60
CHEMBL126893,CN(C)CCCNc1cc2ncnc(Nc3cccc(Br)c3)c2cn1,IC50,8.8,nM,8.06,-7.90
CHEMBL127082,CNc1cc2ncnc(Nc3cccc(C)c3)c2cn1,IC50,1.4,nM,8.85,-8.40
CHEMBL128759,OCCN(CCO)c1cc2ncnc(Nc3cccc(Br)c3)c2cn1,IC50,12.0,nM,7.92,-8.10
CHEMBL84141,Cn1c(SSc2c(CC(=O)O)c3ccccc3n2C)c(CC(=O)O)c2ccccc21,IC50,53000.0,nM,4.28,-8.90
CHEMBL126372,OCC(O)CNc1cc2ncnc(Nc3cccc(Br)c3)c2cn1,IC50,0.92,nM,9.04,-7.70
CHEMBL116853,COc1cc2ncc(C#N)c(Nc3cccc(Br)c3)c2cc1NC(=O)C#CCN(C)C,IC50,90.0,nM,7.05,-8.60
CHEMBL53428,CN(C)c1cc2ncnc(Nc3cccc(Br)c3)c2cn1,IC50,0.09,nM,10.05,-8.00
CHEMBL125568,OCC(CO)Nc1cc2ncnc(Nc3cccc(Br)c3)c2cn1,IC50,14.0,nM,7.85,-8.20
CHEMBL129824,CN(C)CCCCCNc1cc2ncnc(Nc3cccc(Br)c3)c2cn1,IC50,8.4,nM,8.08,-7.40
CHEMBL128432,CN(C)CCNc1cc2ncnc(Nc3cccc(Br)c3)c2cn1,IC50,45.0,nM,7.35,-8.30
CHEMBL116525,CC#CC(=O)Nc1cc2c(Nc3cccc(Br)c3)c(C#N)cnc2cc1OC,IC50,910.0,nM,6.04,-7.80
CHEMBL323630,CN(C)C/C=C/C(=O)Nc1ccc2ncc(C#N)c(Nc3ccc(F)c(Cl)c3)c2c1,IC50,650.0,nM,6.19,-9.30
CHEMBL324718,C=CC(=O)Nc1cc2c(Nc3cccc(Br)c3)c(C#N)cnc2cc1OC,IC50,810.0,nM,6.09,-8.50
CHEMBL114490,COc1cc2ncc(C#N)c(Nc3ccc(F)c(Cl)c3)c2cc1NC(=O)/C=C/CN(C)C,IC50,2320.0,nM,5.63,-9.10
CHEMBL114392,C=C(CN1CCOCC1)C(=O)Nc1ccc2ncc(C#N)c(Nc3ccc(F)c(Cl)c3)c2c1,IC50,2700.0,nM,5.57,-9.30
CHEMBL94061,CN(C)C/C=C/C(=O)Nc1ccc2ncnc(Nc3cccc(Br)c3)c2c1,IC50,0.22,nM,9.66,-8.70
CHEMBL340399,Cc1cccc(Nc2ncnc3cc(NCCc4c[nH]cn4)ncc23)c1,IC50,7.2,nM,8.14,-8.90
CHEMBL52076,Nc1cc2ncnc(Nc3cccc(Br)c3)c2cn1,IC50,10.0,nM,8.0,-8.40
CHEMBL118000,N#Cc1cnc2ccc(NC(=O)/C=C/CN3CCOCC3)cc2c1Nc1ccc(F)c(Cl)c1,IC50,2290.0,nM,5.64,-9.80
CHEMBL126623,Brc1cccc(Nc2ncnc3cc(NCCCN4CCOCC4)ncc23)c1,IC50,1.9,nM,8.72,-7.60
CHEMBL126903,CN(CC(=O)O)c1cc2ncnc(Nc3cccc(Br)c3)c2cn1,IC50,16.0,nM,7.8,-8.50
CHEMBL127086,O=C(O)CCNc1cc2ncnc(Nc3cccc(Br)c3)c2cn1,IC50,0.6026,nM,9.22,-8.40
CHEMBL83429,O=C(O)CC1C(S)=Nc2ccccc21,IC50,14900.0,nM,4.83,-6.20
CHEMBL312001,COC(=O)CC1C(S)=Nc2ccccc21,IC50,100000.0,nM,4.0,-6.50
CHEMBL263788,COc1cc2ncc(C#N)c(Nc3cccc(Br)c3)c2cc1NC(=O)/C=C/CN(C)C,IC50,790.0,nM,6.1,-8.50
CHEMBL338175,O=C(O)CNc1cc2ncnc(Nc3cccc(Br)c3)c2cn1,IC50,1.5,nM,8.82,-8.00
CHEMBL83838,COC(=O)Cc1c(SSc2[nH]c3ccccc3c2CC(=O)OC)[nH]c2ccccc12,IC50,18000.0,nM,4.75,-8.90
CHEMBL414631,COCOC#CC(=O)Nc1ccc2ncc(C#N)c(Nc3cccc(Br)c3)c2c1,IC50,330.0,nM,6.48,-8.30
CHEMBL355330,Nc1ncnc2c1c(-c1cccc(O)c1)cn2C1CCC1,IC50,300.0,nM,6.52,-9.20
CHEMBL170724,COc1ccc(-c2cn(C3CCCC3)c3ncnc(N)c23)cc1,IC50,570.0,nM,6.24,-8.50
CHEMBL168550,COc1cccc(-c2cn(C3CC(CNCCO)C3)c3ncnc(N)c23)c1,IC50,490.0,nM,6.31,-8.50
CHEMBL153525,Brc1cccc(Nc2ncnc3ccc4cc[nH]c4c23)c1,IC50,1.24,nM,8.91,-8.60
CHEMBL152905,Nc1ccc2sc3c(Nc4cccc(Br)c4)ncnc3c2c1,IC50,0.27,nM,9.57,-8.90
CHEMBL100714,COc1ccc(Nc2ncnc3cc(OC)c(OC)cc23)cc1OC,IC50,2800.0,nM,5.55,-7.50
CHEMBL168555,COc1ccc(CC(CO)n2cc(-c3cccc(OC)c3)c3c(N)ncnc32)cc1,IC50,9700.0,nM,5.01,-9.10
CHEMBL168382,COc1cccc(-c2cn(C3CCCC3)c3ncnc(N)c23)c1,IC50,460.0,nM,6.34,-9.20
CHEMBL168285,Nc1ncnc2c1c(-c1ccccc1)cn2C1CCC(O)C1,IC50,790.0,nM,6.1,-8.90
CHEMBL352801,COc1cccc(-c2cn(C3CC(CO)C3)c3ncnc(N)c23)c1,IC50,420.0,nM,6.38,-8.90
CHEMBL153206,COc1ccc2[nH]c3ncnc(Nc4cccc(Br)c4)c3c2c1,IC50,1.2,nM,8.92,-9.30
CHEMBL169467,COc1ccc(CC(CO)n2cc(-c3cccc(O)c3)c3c(N)ncnc32)cc1,IC50,3400.0,nM,5.47,-9.30
CHEMBL168266,Nc1ncnc2c1c(-c1ccccc1)cn2C1CC(O)C1,IC50,2820.0,nM,5.55,-8.50
CHEMBL354310,COc1cccc(-c2cn(C3CC(C(=O)NCCO)C3)c3ncnc(N)c23)c1,IC50,330.0,nM,6.48,-9.20
CHEMBL152984,Cn1c2ccccc2c2c(Nc3cccc(Br)c3)ncnc21,IC50,742.0,nM,6.13,-9.00
CHEMBL544640,Cl.c1ccc(Nc2[nH]cnc3c4ccccc4nc2-3)cc1,IC50,2110.0,nM,5.68,N/A
CHEMBL150280,c1ccc(Nc2[nH]cnc3nc4ccccc4c2-3)cc1,IC50,264.0,nM,6.58,-8.40
CHEMBL98248,COc1cc2nccc(Nc3cccc(Br)c3)c2cc1OC,Kd,58.0,nM,7.24,-7.90
CHEMBL98798,COc1cc2ncnc(Oc3cccc(Br)c3)c2cc1OC,IC50,70.0,nM,7.16,-7.50
CHEMBL423224,Brc1cccc(Nc2[nH]cnc3nc4ccccc4c2-3)c1,IC50,31.0,nM,7.51,-8.60
CHEMBL5173075,c1ccc(CNc2ncnc3c2[nH]c2ccccc23)cc1,IC50,460.0,nM,6.34,-8.20
CHEMBL346863,Brc1cccc(Nc2ncnc3c2sc2ncsc23)c1.CO,IC50,40.0,nM,7.4,N/A
CHEMBL101581,COc1cc2nccc(Oc3cccc(Br)c3)c2cc1OC,IC50,2500.0,nM,5.6,-7.50
CHEMBL169570,Nc1ncnc2c1c(-c1ccc(O)cc1)cn2C1CCCC1,IC50,250.0,nM,6.6,-9.00
CHEMBL415738,Cc1cccc(Nc2cc(NCCO)ncn2)c1,IC50,1.0,nM,9.0,-7.10
CHEMBL153409,Brc1cccc(Nc2ncnc3c2sc2ncccc23)c1,IC50,732.0,nM,6.13,-8.30
CHEMBL171256,COc1ccc(CC(CO)n2cc(-c3ccccc3)c3c(N)ncnc32)cc1,IC50,14400.0,nM,4.84,-8.80
CHEMBL329672,Clc1cccc(Nc2ncnc3ccccc23)c1,IC50,23.0,nM,7.64,-8.10
CHEMBL166765,Nc1ncnc2c1c(-c1ccc(O)cc1)cn2C1CCC1,IC50,600.0,nM,6.22,-8.60
CHEMBL169390,Nc1ncnc2c1c(-c1cccc(O)c1)cn2C1CCCC1,IC50,80.0,nM,7.1,-9.70
CHEMBL153170,Brc1cccc(Nc2ncnc3ccc4[nH]cnc4c23)c1,IC50,29.0,nM,7.54,-8.30
CHEMBL355982,Brc1cccc(Nc2ncnc3sccc23)c1,IC50,35.0,nM,7.46,-7.20
CHEMBL345988,Nc1nc(Nc2cccc(Br)c2)c2c(n1)[nH]c1ccccc12,IC50,147.0,nM,6.83,-9.80
CHEMBL544868,Cl.O=[N+]([O-])c1ccc2sc3c(Nc4ccccc4)ncnc3c2c1,IC50,58.0,nM,7.24,N/A
CHEMBL97162,COc1nccc(-c2c(-c3ccc(F)cc3)ncn2[C@H]2CC[C@H](O)CC2)n1,IC50,83.0,nM,7.08,-8.60
CHEMBL345294,Brc1cccc(Nc2ncnc3ccsc23)c1,IC50,11.0,nM,7.96,-7.10
CHEMBL2093928,C[C@H](Nc1[nH]cnc2c3ccccc3nc1-2)c1ccccc1.Cl,IC50,419.0,nM,6.38,N/A
CHEMBL155278,Cc1cccc(Nc2ncnc3c2sc2ccc(N)cc23)c1,IC50,2.1,nM,8.68,-9.00
CHEMBL149512,Brc1cccc(Nc2ncnc3c2oc2ccccc23)c1,IC50,740.0,nM,6.13,-8.60
CHEMBL98137,COc1ccc(Nc2ccnc3cc(OC)c(OC)cc23)cc1OC,IC50,80500.0,nM,4.09,-7.60
CHEMBL170438,Nc1ncnc2c1c(-c1ccccc1)cn2C(CO)Cc1ccc(O)cc1,IC50,13200.0,nM,4.88,-9.00
CHEMBL357367,CCO.Nc1ccc2sc3c(Nc4ccccc4)ncnc3c2c1,IC50,9.4,nM,8.03,N/A
CHEMBL151593,CO.Nc1cccc2c1sc1c(Nc3cccc(Br)c3)ncnc12,IC50,2.7,nM,8.57,N/A
CHEMBL153419,c1ccc(CNc2ncnc3c2sc2ccccc23)cc1,IC50,191.0,nM,6.72,-7.20
CHEMBL352954,Nc1ncnc2c1c(-c1ccccc1)cn2C1CCCC1,IC50,500.0,nM,6.3,-9.00
CHEMBL355191,COc1cccc(-c2cn(C3CCC3)c3ncnc(N)c23)c1,IC50,450.0,nM,6.35,-9.00
CHEMBL171311,Nc1ncnc2c1c(-c1ccccc1)cn2C(CO)Cc1ccccc1,IC50,440.0,nM,6.36,-8.90
CHEMBL166766,Nc1ncnc2c1c(-c1ccccc1)cn2C1CCC1,IC50,730.0,nM,6.14,-8.60
CHEMBL155100,Brc1cccc(Nc2ncnc3c2ccc2[nH]cnc23)c1,IC50,272.0,nM,6.57,-8.20
CHEMBL169780,Nc1ncnc2c1c(-c1cccc(O)c1)cn2C1CCN(CCO)CC1,IC50,2540.0,nM,5.59,-9.70
CHEMBL355269,COc1cccc(-c2cn(C3CCN(CC(=O)N(C)C)CC3)c3ncnc(N)c23)c1,IC50,750.0,nM,6.12,-9.70
CHEMBL169200,COc1cccc(-c2cn(C3CCN(CCO)CC3)c3ncnc(N)c23)c1,IC50,900.0,nM,6.05,-9.40
CHEMBL168829,Nc1ncnc2c1c(-c1ccccc1)cn2C1CCNC1,IC50,13400.0,nM,4.87,-8.60
CHEMBL262276,COC(=O)CN1CCC(n2cc(-c3cccc(O)c3)c3c(N)ncnc32)CC1,IC50,800.0,nM,6.1,-9.70
CHEMBL169920,CN(C)C(=O)CN1CCC(n2cc(-c3cccc(O)c3)c3c(N)ncnc32)CC1,IC50,500.0,nM,6.3,-10.20
CHEMBL408683,NC(=O)CN1CCC(n2cc(-c3cccc(O)c3)c3c(N)ncnc32)C1,IC50,400.0,nM,6.4,-9.60
CHEMBL355891,COC(=O)CN1CCC(n2cc(-c3cccc(OC)c3)c3c(N)ncnc32)C1,IC50,830.0,nM,6.08,-8.70
CHEMBL168661,COc1cccc(-c2cn(C3CCN(CCN(C)CCO)CC3)c3ncnc(N)c23)c1,IC50,295.0,nM,6.53,-9.30
CHEMBL355019,COC(=O)CN1CCC(n2cc(-c3cccc(O)c3)c3c(N)ncnc32)C1,IC50,740.0,nM,6.13,-9.20
CHEMBL172514,COCCNCCN1CCC(n2cc(-c3cccc(OC)c3)c3c(N)ncnc32)CC1,IC50,310.0,nM,6.51,-9.00
CHEMBL354033,Nc1ncnc2c1c(-c1ccc(O)cc1)cn2C1CCNC1,IC50,2670.0,nM,5.57,-8.60
CHEMBL355322,COc1cccc(-c2cn(C3CCN(CC(N)=O)C3)c3ncnc(N)c23)c1,IC50,440.0,nM,6.36,-9.20
CHEMBL169519,COc1cccc(-c2cn(C3CCNC3)c3ncnc(N)c23)c1,IC50,1120.0,nM,5.95,-8.80
CHEMBL263528,NC(=O)CN1CCC(n2cc(-c3cccc(O)c3)c3c(N)ncnc32)CC1,IC50,170.0,nM,6.77,-10.00
CHEMBL274732,COCCN(C)CCN1CCC(n2cc(-c3cccc(OC)c3)c3c(N)ncnc32)CC1,IC50,930.0,nM,6.03,-8.90
CHEMBL171545,Nc1ncnc2c1c(-c1cccc(O)c1)cn2C1CCNC1,IC50,1530.0,nM,5.82,-9.20
CHEMBL169064,COc1cccc(-c2cn(C3CCN(CC(N)=O)CC3)c3ncnc(N)c23)c1,IC50,350.0,nM,6.46,-9.70
CHEMBL168921,CC(C)(C)OC(=O)N1CCC(n2cc(-c3cccc(O)c3)c3c(N)ncnc32)C1,IC50,2200.0,nM,5.66,-9.90
CHEMBL169065,COC(=O)CN1CCC(n2cc(-c3cccc(OC)c3)c3c(N)ncnc32)CC1,IC50,1470.0,nM,5.83,-8.90
CHEMBL10,C[S+]([O-])c1ccc(-c2nc(-c3ccc(F)cc3)c(-c3ccncc3)[nH]2)cc1,Kd,340.0,nM,6.47,-9.80
CHEMBL353823,CC(C)(C)OC(=O)N1CCC(n2cc(-c3ccccc3)c3c(N)ncnc32)C1,IC50,8300.0,nM,5.08,-9.30
CHEMBL168656,COc1cccc(-c2cn(C3CCN(C(=O)OC(C)(C)C)C3)c3ncnc(N)c23)c1,IC50,2100.0,nM,5.68,-9.60
CHEMBL113185,COc1cc(Nc2nccc(-c3ccc(NCCN)nc3)n2)cc(OC)c1OC,IC50,5100.0,nM,5.29,-7.90
CHEMBL543661,COc1cc(Nc2ncnc3cc(OC)c(OC)cc23)cc(OC)c1.Cl,IC50,3000.0,nM,5.52,N/A
CHEMBL545541,COc1cc2ncnc(NCc3ccccc3)c2cc1OC.Cl,IC50,4.0,nM,8.4,N/A
CHEMBL541586,COc1cc2ncnc(Nc3cccc(F)c3)c2cc1OC.Cl,IC50,6.3,nM,8.2,N/A
CHEMBL540068,COc1cc2ncnc(Nc3cccc(Cl)c3)c2cc1OC.Cl,IC50,0.8,nM,9.1,N/A
CHEMBL135853,COc1cc2ncnc(Oc3cccc(Cl)c3)c2cc1OC,IC50,20.0,nM,7.7,-8.30
CHEMBL544833,COc1ccc(Nc2ncnc3cc(OC)c(OC)cc23)cc1OC.Cl,IC50,350.0,nM,6.46,N/A
CHEMBL555201,COc1cc2ncnc(Nc3ccc(O)cc3)c2cc1OC.Cl,IC50,100.0,nM,7.0,N/A
CHEMBL542484,COc1cc2ncnc(Nc3ccccc3)c2cc1OC.Cl,IC50,50.0,nM,7.3,N/A
CHEMBL322066,COc1cc(Nc2nccc(-c3ccc(N4CCNCC4)nc3)n2)cc(OC)c1OC,IC50,1704.0,nM,5.77,-8.10
CHEMBL543669,COc1cc2ncnc(N(C)c3ccccc3)c2cc1OC.Cl,IC50,4000.0,nM,5.4,N/A
CHEMBL135902,COc1cc2ncnc(Sc3cccc(Cl)c3)c2cc1OC,IC50,10.0,nM,8.0,-8.00
CHEMBL543904,COc1cc2ncnc(Nc3cc(OC)c(OC)c(OC)c3)c2cc1OC.Cl,IC50,500.0,nM,6.3,N/A
CHEMBL555797,COc1cc2ncnc(Nc3ccc4c(c3)CCC4)c2cc1OC.Cl,IC50,600.0,nM,6.22,N/A
CHEMBL542729,COc1ccc2ncnc(Nc3cc(OC)c(OC)c(OC)c3)c2c1.Cl,IC50,100.0,nM,7.0,N/A
CHEMBL555321,Cl.Clc1cccc(Nc2ncnc3ccccc23)c1,IC50,50.0,nM,7.3,N/A
CHEMBL542733,COc1ccc(Nc2ncnc3cc(OC)c(OC)cc23)cc1.Cl,IC50,250.0,nM,6.6,N/A
CHEMBL131577,Cc1cccc(Cl)c1NC(=O)c1cnc(NC(=O)C2CC2)s1,IC50,10000.0,nM,5.0,-8.60
CHEMBL147761,Cc1c[nH]c(/C=C2\C(=O)Nc3cccc(C)c32)c1CCC(=O)O,IC50,28800.0,nM,4.54,-8.40
CHEMBL450622,COc1cccc(-c2ccc3c(c2)NC(=O)/C3=C\c2[nH]cc(C)c2CCC(=O)O)c1,IC50,49200.0,nM,4.31,-9.50
CHEMBL48614,CN1CCC(c2c(O)cc(O)c3c2O/C(=C\c2ccccc2Cl)C3=O)CC1,IC50,1680.0,nM,5.78,-9.40
CHEMBL418203,CN1CCC(c2c(O)cc(O)c3c(=O)cc(-c4ccccc4Cl)oc23)[C@@H](O)C1,IC50,4600.0,nM,5.34,-10.40
CHEMBL146694,COc1ccccc1-c1ccc2c(c1)NC(=O)/C2=C\c1[nH]c(C)c(CCC(=O)O)c1C,IC50,31300.0,nM,4.5,-9.40
CHEMBL148514,COc1cccc(-c2ccc3c(c2)NC(=O)/C3=C\c2[nH]cc(CCC(=O)O)c2C)c1,IC50,30500.0,nM,4.52,-9.00
CHEMBL148984,COc1ccc(-c2ccc3c(c2)NC(=O)/C3=C\c2[nH]cc(CCC(=O)O)c2C)cc1,IC50,22800.0,nM,4.64,-9.00
CHEMBL347074,Cc1c(CCC(=O)O)c[nH]c1/C=C1\C(=O)Nc2cc(-c3ccccc3)ccc21,IC50,21800.0,nM,4.66,-8.70
CHEMBL358728,COc1cccc(-c2ccc3c(c2)NC(=O)/C3=C\c2[nH]c(C)c(CCC(=O)O)c2C)c1,IC50,24100.0,nM,4.62,-9.10
CHEMBL149201,Cc1[nH]c(/C=C2\C(=O)Nc3cc(-c4ccccc4)ccc32)c(C)c1CCC(=O)O,IC50,21900.0,nM,4.66,-9.00
CHEMBL150177,Cc1[nH]c(/C=C2\C(=O)Nc3ccc(S(N)(=O)=O)cc32)c(C)c1CCC(=O)O,IC50,84800.0,nM,4.07,-8.60
CHEMBL147112,COc1ccccc1-c1ccc2c(c1)NC(=O)/C2=C\c1[nH]cc(CCC(=O)O)c1C,IC50,19200.0,nM,4.72,-9.30
CHEMBL56505,COc1cc2ncnc(Nc3ccc(F)c(Cl)c3)c2cc1OCCN(CCO)CCO,IC50,35.0,nM,7.46,-8.30
CHEMBL56802,COc1cc2ncnc(Nc3cccc(C)c3)c2cc1OC,IC50,4.6,nM,8.34,-8.40
CHEMBL122534,Nc1cc2ncnc(Nc3ccccc3)c2cn1,IC50,250.0,nM,6.6,-8.10
CHEMBL332173,COc1cccc(CNc2ncnc3cc(N)ncc23)c1,IC50,2870.0,nM,5.54,-8.00
CHEMBL57990,COc1cc2ncnc(Nc3ccc(F)c(Cl)c3)c2cc1OCCCN(C)C,IC50,49.0,nM,7.31,-8.30
CHEMBL331792,Cc1cccc(Nc2ncnc3cc(N)ncc23)c1,IC50,40.0,nM,7.4,-8.70
CHEMBL333045,CN(C)c1cccc(CNc2ncnc3cc(N)ncc23)c1,IC50,10000.0,nM,5.0,-8.30
CHEMBL55794,COc1cc2ncnc(Nc3ccc(F)c(Cl)c3)c2cc1OCCNC(C)C,IC50,310.0,nM,6.51,-8.40
CHEMBL294395,COCCN(CCOC)CCOc1cc2c(Nc3ccc(F)c(Cl)c3)ncnc2cc1OC,IC50,61.0,nM,7.21,-7.70
CHEMBL338625,Nc1cc2ncnc(Nc3ccc(Br)cc3)c2cn1,IC50,90.0,nM,7.05,-8.10
CHEMBL332879,Nc1cc2ncnc(Nc3ccccc3C(F)(F)F)c2cn1,IC50,10000.0,nM,5.0,-9.10
CHEMBL339684,Nc1cc2ncnc(Nc3ccc(C(F)(F)F)cc3)c2cn1,IC50,4700.0,nM,5.33,-8.40
CHEMBL331307,Nc1cc2ncnc(NCc3ccccc3Br)c2cn1,IC50,1670.0,nM,5.78,-8.30
CHEMBL121709,COc1ccccc1CNc1ncnc2cc(N)ncc12,IC50,100000.0,nM,4.0,-8.30
CHEMBL7699,O=c1c(-c2cccc(Cl)c2)coc2cc(O)ccc12,IC50,58800.0,nM,4.23,-8.60
CHEMBL124673,Nc1cc2ncnc(Nc3cccc([N+](=O)[O-])c3)c2cn1,IC50,40.0,nM,7.4,-8.70
CHEMBL124533,Nc1cc2ncnc(NCc3cccc(C(F)(F)F)c3)c2cn1,IC50,1950.0,nM,5.71,-9.10
CHEMBL301018,COc1cc2ncnc(Nc3ccc(F)c(Cl)c3)c2cc1OC,IC50,1.0,nM,9.0,-8.70
CHEMBL112925,Nc1ccc(-c2cc(=O)c3cc(N)ccc3o2)cc1,IC50,8700.0,nM,5.06,-7.90
CHEMBL7917,COc1cc2ncnc(Nc3cccc(Cl)c3)c2cc1OC,IC50,0.31,nM,9.51,-8.40
CHEMBL281467,C=CC(=O)Nc1cnc2ncc(C#N)c(Nc3cccc(Br)c3)c2c1,IC50,374.8,nM,6.43,-8.80
CHEMBL1788321,COc1cc2ncnc(Nc3ccc(F)c(Cl)c3)c2cc1OC[C@H](O)CN1CCOCC1,IC50,67.0,nM,7.17,-9.00
CHEMBL125035,Nc1cc2ncnc(NCc3ccccc3[N+](=O)[O-])c2cn1,IC50,4250.0,nM,5.37,-9.20
CHEMBL7827,O=c1c(-c2cccc(Cl)c2)coc2cc(O)cc(O)c12,IC50,95.0,nM,7.02,-9.00
CHEMBL56936,COc1cc2ncnc(Nc3ccc(F)c(Cl)c3)c2cc1OCCNCCN(C)C,IC50,2.0,nM,8.7,-8.00
CHEMBL60826,COc1cc2ncnc(Nc3ccc(F)c(Cl)c3)c2cc1OCC(O)Cn1ccnc1,IC50,8.0,nM,8.1,-8.70
CHEMBL333115,Nc1cc2ncnc(Nc3ccc([N+](=O)[O-])cc3)c2cn1,IC50,65000.0,nM,4.19,-8.10
CHEMBL125550,Nc1cc2ncnc(Nc3cccc(I)c3)c2cn1,IC50,260.0,nM,6.58,-8.50
CHEMBL123322,Nc1cc2ncnc(Nc3cccc(O)c3)c2cn1,IC50,70.0,nM,7.16,-8.60
CHEMBL440453,COc1cc(O)c2c(O)c(-c3cccc(Cl)c3)cnc2c1,IC50,38.0,nM,7.42,-9.00
CHEMBL31876,CC#CC(=O)Nc1ccc2ncc(C#N)c(Nc3ccc(F)c(Cl)c3)c2c1,IC50,330.2,nM,6.48,-9.10
CHEMBL125810,Nc1cc2ncnc(Nc3cccc(C(F)(F)F)c3)c2cn1,IC50,15.0,nM,7.82,-9.20
CHEMBL334173,COc1cccc(Nc2ncnc3cc(N)ncc23)c1,IC50,130.0,nM,6.89,-8.30
CHEMBL14699,COc1cc2ncnc(Nc3ccc(F)c(Cl)c3)c2cc1OCCN1CCOCC1,IC50,10.0,nM,8.0,-8.90
CHEMBL125331,CN(C)c1cccc(Nc2ncnc3cc(N)ncc23)c1,IC50,1790.0,nM,5.75,-8.50
CHEMBL123676,Nc1cc2ncnc(NCc3cccc([N+](=O)[O-])c3)c2cn1,IC50,10100.0,nM,5.0,-9.00
CHEMBL56912,COCCNCCOc1cc2c(Nc3ccc(F)c(Cl)c3)ncnc2cc1OC,IC50,8.0,nM,8.1,-7.70
CHEMBL125949,Nc1cc2ncnc(NCc3ccc(Br)cc3)c2cn1,IC50,2460.0,nM,5.61,-8.60
CHEMBL31276,CN(C)C/C=C/C(=O)Nc1cc2c(Nc3cccc(Br)c3)c(C#N)cnc2cn1,IC50,1.9,nM,8.72,-8.70
CHEMBL56027,COc1cc2ncnc(Nc3ccc(F)c(Cl)c3)c2cc1OCCNC(C)(CO)CO,IC50,69.0,nM,7.16,-8.40
CHEMBL294034,COc1cc2ncnc(Nc3ccc(F)c(Cl)c3)c2cc1OCCn1ccnc1,IC50,60.2,nM,7.22,-8.70
CHEMBL7866,COC(=O)Cn1cc(-c2cccc(Cl)c2)c(=O)c2c(O)cc(OC)cc21,IC50,64.0,nM,7.19,-9.00
CHEMBL31745,CC#CC(=O)Nc1cnc2ncc(C#N)c(Nc3cccc(Br)c3)c2c1,IC50,6266.2,nM,5.2,-8.40
CHEMBL293090,CNCCOc1cc2c(Nc3ccc(F)c(Cl)c3)ncnc2cc1OC,IC50,8.0,nM,8.1,-8.30
CHEMBL287022,CC#CC(=O)Nc1cnc2ncc(C#N)c(Nc3ccc(F)c(Cl)c3)c2c1,IC50,3762.4,nM,5.42,-9.00
CHEMBL333272,Nc1ccc(Nc2ncnc3cc(N)ncc23)cc1,IC50,5900.0,nM,5.23,-8.30
CHEMBL293064,CCN(CC)CCOc1cc2c(Nc3ccc(F)c(Cl)c3)ncnc2cc1OC,IC50,93.0,nM,7.03,-8.20
CHEMBL128001,COc1ccc(Nc2ncnc3cc(N)ncc23)cc1,IC50,670.0,nM,6.17,-8.10
CHEMBL341053,CN(C)c1ccc(Nc2ncnc3cc(N)ncc23)cc1,IC50,4860.0,nM,5.31,-7.90
CHEMBL56502,COc1cc2ncnc(Nc3ccc(F)c(Cl)c3)c2cc1OCC(O)CN,IC50,6.0,nM,8.22,-8.10
CHEMBL432416,Nc1ccc(-c2cc(=O)c3cc(N)c(O)cc3o2)cc1,IC50,14100.0,nM,4.85,-8.20
CHEMBL124618,Nc1cc2ncnc(Nc3ccccc3N)c2cn1,IC50,5250.0,nM,5.28,-8.40
CHEMBL126062,Nc1cc2ncnc(NCc3ccccc3C(F)(F)F)c2cn1,IC50,10000.0,nM,5.0,-8.40
CHEMBL333041,Nc1cc2ncnc(NCc3ccc(C(F)(F)F)cc3)c2cn1,IC50,8000.0,nM,5.1,-8.50
CHEMBL7819,COc1cc(O)c2c(=O)c(-c3cccc(Cl)c3)cn(C)c2c1,IC50,170.0,nM,6.77,-9.50
CHEMBL340438,Nc1cc2ncnc(Nc3cccc(F)c3)c2cn1,IC50,840.0,nM,6.08,-8.50
CHEMBL338662,Nc1cc2ncnc(Nc3ccccc3[N+](=O)[O-])c2cn1,IC50,1250.0,nM,5.9,-9.20
CHEMBL122132,Nc1cc2ncnc(Nc3ccccc3Br)c2cn1,IC50,240.0,nM,6.62,-8.50
CHEMBL441518,CN(C)C/C=C/C(=O)Nc1cnc2ncc(C#N)c(Nc3cccc(Br)c3)c2c1,IC50,2043.6,nM,5.69,-8.50
CHEMBL1744086,COc1cc2ncnc(Nc3ccc(F)c(Cl)c3)c2cc1OC[C@@H](O)CN1CCOCC1,IC50,95.0,nM,7.02,-9.00
CHEMBL123523,CN(C)c1ccccc1Nc1ncnc2cc(N)ncc12,IC50,69000.0,nM,4.16,-8.50
CHEMBL124528,Nc1cc2ncnc(Nc3cccc(Cl)c3)c2cn1,IC50,120.0,nM,6.92,-8.40
CHEMBL325949,Nc1cccc(-c2cc(=O)c3c(N)c(O)c(N)cc3o2)c1,IC50,7800.0,nM,5.11,-8.80
CHEMBL7339,COc1cc(O)c2c(=O)c(-c3cccc(Cl)c3)coc2c1,IC50,1270.0,nM,5.9,-9.10
CHEMBL57759,COc1cc2ncnc(Nc3ccc(F)c(Cl)c3)c2cc1OCCN(C)C,IC50,7.0,nM,8.15,-8.30
CHEMBL300791,COc1cc2ncnc(Nc3ccc(F)c(Cl)c3)c2cc1OCCN1CCN(C)CC1,IC50,10.0,nM,8.0,-9.10
CHEMBL57892,COc1cc2ncnc(Nc3ccc(F)c(Cl)c3)c2cc1OCCNC(C)(C)C,IC50,100.0,nM,7.0,-8.60
CHEMBL57758,COc1cc2ncnc(Nc3ccc(F)c(Cl)c3)c2cc1OCCN1CCCC1,IC50,87.0,nM,7.06,-8.80
CHEMBL56266,CNCC(O)COc1cc2c(Nc3ccc(F)c(Cl)c3)ncnc2cc1OC,IC50,5.0,nM,8.3,-8.10
CHEMBL124617,Nc1cccc(Nc2ncnc3cc(N)ncc23)c1,IC50,1550.0,nM,5.81,-8.40
CHEMBL300083,Nc1cc2ncnc(NCc3ccccc3)c2cn1,IC50,580.0,nM,6.24,-8.50
CHEMBL121708,Nc1cc2ncnc(NCc3cccc(Br)c3)c2cn1,IC50,1000.0,nM,6.0,-8.70
CHEMBL266995,Oc1cc(O)c2c(O)c(-c3cccc(Cl)c3)cnc2c1,IC50,8.0,nM,8.1,-8.70
CHEMBL299893,COc1cc2ncnc(Nc3ccc(F)c(Cl)c3)c2cc1OCC(O)CN(CCO)CCO,IC50,5.0,nM,8.3,-8.10
CHEMBL126101,COc1ccccc1Nc1ncnc2cc(N)ncc12,IC50,3710.0,nM,5.43,-8.30
CHEMBL332846,Nc1cc2ncnc(NCc3ccccc3N)c2cn1,IC50,230.0,nM,6.64,-8.40
CHEMBL541307,CN(C)CC(CNNC(N)=O)C(=O)c1ccc(OCc2ccccc2)cc1.Cl,IC50,3900.0,nM,5.41,N/A
CHEMBL154969,CONC(=O)CCc1c(SSc2[nH]c3ccccc3c2CCC(=O)NOC)[nH]c2ccccc12,IC50,68000.0,nM,4.17,-8.70
CHEMBL552859,C=C(CN(C)C)C(=O)c1ccc(OCc2ccccc2)cc1.Cl,IC50,180.0,nM,6.75,N/A
CHEMBL414013,COc1cc2c(cc1OC)Nc1ncnc(O)c1C2,IC50,75000.0,nM,4.12,-7.80
CHEMBL544074,C=C(CN1CCCCC1)C(=O)c1ccc(OCc2ccccc2)cc1.Cl,IC50,1100.0,nM,5.96,N/A
CHEMBL545006,Cl.O=C(CCN1CCCCC1)c1ccc(OCc2ccccc2)cc1,IC50,1800.0,nM,5.75,N/A
CHEMBL542891,CCOC(=O)C1CCN(CCC(=O)c2ccc(OCc3ccccc3)cc2)CC1.Cl,IC50,300.0,nM,6.52,N/A
CHEMBL544538,C=C(CN1CCNCC1)C(=O)c1ccc(OCc2ccccc2)cc1.Cl,IC50,1500.0,nM,5.82,N/A
CHEMBL80030,C=C(CN(C)C)C(=O)c1ccc(OS(=O)(=O)c2ccc(C(=O)O)cc2)cc1,IC50,230.0,nM,6.64,-7.70
CHEMBL543361,CN(C)CC(CSCCN)C(=O)c1ccc(OCc2ccccc2)cc1.Cl,IC50,8800.0,nM,5.06,N/A
CHEMBL155607,NC(=O)CCC1C(S)=Nc2ccccc21,IC50,22000.0,nM,4.66,-6.50
CHEMBL543600,CC(CN(C)C)C(=O)c1ccc(OS(=O)(=O)c2ccc(C(=O)O)cc2)cc1.Cl,IC50,100000.0,nM,4.0,N/A
CHEMBL155389,O=C(CC1C(S)=Nc2ccccc21)NCc1ccccc1,IC50,100000.0,nM,4.0,-8.10
CHEMBL345203,CNC(=O)CCc1c(SSc2[nH]c3ccccc3c2CCC(=O)NC)[nH]c2ccccc12,IC50,9400.0,nM,5.03,-9.50
CHEMBL78249,N#CC(Cc1ccc(O)c(O)c1)C(=N)S,IC50,70000.0,nM,4.16,-6.50
CHEMBL544770,CN(C)CCC(=O)c1ccc(OCc2ccccc2)cc1.Cl,IC50,1500.0,nM,5.82,N/A
CHEMBL542893,Cl.O=C(CCN1CCOCC1)c1ccc(OCc2ccccc2)cc1,IC50,1500.0,nM,5.82,N/A
CHEMBL544067,C=C(CN1CCOCC1)C(=O)c1ccc(OCc2ccccc2)cc1.Cl,IC50,1100.0,nM,5.96,N/A
CHEMBL468975,C=C(CN(C)C)C(=O)c1ccccc1.Cl,IC50,5600.0,nM,5.25,N/A
CHEMBL542887,C=C(CN(C)C)C(=O)c1ccc(OCc2ccccc2)c(O)c1.Cl,IC50,670.0,nM,6.17,N/A
CHEMBL552634,C=C(CN(C)C)C(=O)c1ccc(OS(=O)(=O)c2ccc(C(=O)N(C)C)cc2)cc1.Cl,IC50,700.0,nM,6.16,N/A
CHEMBL154911,O=C(CCC1C(S)=Nc2ccccc21)NCc1ccccc1,IC50,100000.0,nM,4.0,-8.10
CHEMBL157021,NC(=O)CCc1c(SSc2[nH]c3ccccc3c2CCC(N)=O)[nH]c2ccccc12,IC50,16000.0,nM,4.8,-9.50
CHEMBL552860,CN(C)CCC(=O)c1ccc(OCc2ccccc2)c(O)c1.Cl,IC50,360.0,nM,6.44,N/A
CHEMBL310580,C=C(CN(C)C)C(=O)c1ccc(OS(=O)(=O)c2ccc(C(=O)O)c(O)c2)cc1,IC50,470.0,nM,6.33,-8.00
CHEMBL30432,CN(C)c1cc2c(Nc3ccc4c(cnn4Cc4ccccc4)c3)ncnc2cn1,IC50,1.0,nM,9.0,-9.60
CHEMBL87084,Oc1cc2cc(-c3ccncc3)cnc2cc1O,IC50,5000.0,nM,5.3,-7.90
CHEMBL356324,N#C/C(=C\c1ccc(O)c(O)c1)S(=O)(=O)/C(C#N)=C/c1ccc(O)c(O)c1,IC50,380.0,nM,6.42,-8.10
CHEMBL358494,N#C/C(=C\c1ccc(O)c(O)c1)C(=O)N1CCN(C(=O)/C(C#N)=C/c2ccc(O)c(O)c2)CC1,IC50,4000.0,nM,5.4,-9.40
CHEMBL342792,COc1cc(/C=C(\C#N)S(=O)(=O)/C(C#N)=C/c2cc(O)c(O)c(OC)c2)cc(O)c1O,IC50,940.0,nM,6.03,-8.00
CHEMBL145209,N#C/C(=C\c1ccc(O)c(O)c1)C(=O)NCN1CCN(C(=O)/C(C#N)=C/c2ccc(O)c(O)c2)CC1,IC50,5800.0,nM,5.24,-9.10
CHEMBL80809,CC(=O)NCCNCc1ccc(-c2cc3ncnc(Nc4ccc5[nH]ccc5c4)c3s2)cc1,IC50,5.0,nM,8.3,-9.40
CHEMBL47660,N#C/C(=C\c1cc(O)ccc1O)C(N)=O,IC50,10000.0,nM,5.0,-6.80
CHEMBL78685,c1ccc(-c2cc3ncnc(Nc4ccc5[nH]ncc5c4)c3s2)cc1,IC50,1600.0,nM,5.8,-8.90
CHEMBL46946,O=CN/C=C/c1ccc(O)c(O)c1,IC50,7000.0,nM,5.16,-6.20
CHEMBL442749,c1nc(Nc2ccc3[nH]ccc3c2)c2sccc2n1,IC50,600.0,nM,6.22,-8.50
CHEMBL174634,Cc1ccccc1-c1cn(-c2ccccc2)c2ncnc(N)c12,IC50,2650.0,nM,5.58,-9.50
CHEMBL429057,Nc1ncnc2c1c(-c1ccccc1)cn2-c1ccccc1CO,IC50,1100.0,nM,5.96,-9.60
CHEMBL176702,Nc1ncnc2c1c(-c1ccccc1)cn2-c1cccc(CNCCO)c1,IC50,3400.0,nM,5.47,-8.90
CHEMBL161956,CN(CCO)c1cc2c(Nc3cccc(Br)c3)ncnc2cn1,IC50,0.22,nM,9.66,-8.00
CHEMBL367442,Nc1ncnc2c1c(-c1ccccc1)cn2-c1ccc(CO)cc1,IC50,700.0,nM,6.16,-8.70
CHEMBL351629,CN(CC(=O)O)c1cc2c(Nc3cccc(Br)c3)ncnc2cn1,IC50,0.44,nM,9.36,-8.50
CHEMBL165731,Cc1cccc(Nc2ncnc3cnc(NCCN4CCOCC4)cc23)c1,IC50,1.5,nM,8.82,-8.20
CHEMBL165228,Cc1nc(Nc2cccc(Br)c2)c2cc(NCCN3CCOCC3)ncc2n1,IC50,117.0,nM,6.93,-8.40
CHEMBL176705,COc1ccc(-c2cn(-c3ccccc3)c3ncnc(N)c23)cc1,IC50,350.0,nM,6.46,-9.20
CHEMBL176470,Nc1ncnc2c1c(-c1ccccc1)cn2-c1ccccc1CNCCO,IC50,6400.0,nM,5.19,-8.90
CHEMBL166255,CN(CCO)CCNc1cc2c(Nc3cccc(Br)c3)ncnc2cn1,IC50,1.7,nM,8.77,-7.70
CHEMBL165630,OCCN(CCO)CCNc1cc2c(Nc3cccc(Br)c3)ncnc2cn1,IC50,0.93,nM,9.03,-7.70
CHEMBL176309,Nc1ncnc2c1c(-c1cccc(Cl)c1)cn2-c1ccccc1,IC50,700.0,nM,6.16,-9.20
CHEMBL165495,Cc1cccc(Nc2ncnc3cnc(N)cc23)c1,IC50,3.1,nM,8.51,-8.10
CHEMBL163369,OCCN(CCO)CCCNc1cc2c(Nc3cccc(Br)c3)ncnc2cn1,IC50,0.35,nM,9.46,-8.20
CHEMBL369014,CCOC(=O)c1ccc(-c2cn(-c3ccccc3)c3ncnc(N)c23)cc1,IC50,1300.0,nM,5.89,-9.10
CHEMBL13629,CCN(CC)CCNC(=O)c1c(C)[nH]c(/C=C2\C(=O)Nc3ccc(Br)cc32)c1C,IC50,10000.0,nM,5.0,-8.10
CHEMBL166307,CN1CCN(NCCCNc2cc3c(Nc4cccc(Br)c4)ncnc3cn2)CC1,IC50,3.9,nM,8.41,-8.40
CHEMBL162223,Brc1cccc(Nc2ncnc3cnc(NCCc4ccccn4)cc23)c1,IC50,1.2,nM,8.92,-8.90
CHEMBL172973,COc1cccc(-c2cn(-c3ccccc3)c3ncnc(N)c23)c1,IC50,500.0,nM,6.3,-9.20
CHEMBL173453,Nc1ncnc2c1c(-c1ccccc1)cn2-c1ccc(CNCCO)cc1,IC50,1400.0,nM,5.85,-9.00
CHEMBL162719,CN1CCN(c2cc3c(Nc4cccc(Br)c4)ncnc3cn2)CC1,IC50,6.4,nM,8.19,-8.40
CHEMBL162821,CNc1cc2c(Nc3cccc(C)c3)ncnc2cn1,IC50,0.45,nM,9.35,-8.30
CHEMBL105436,COc1cccc(-c2cn(-c3ccc(CCN(C)CCO)cc3)c3ncnc(N)c23)c1,IC50,300.0,nM,6.52,-8.90
CHEMBL162053,CN(C)CCN(C)c1cc2c(Nc3cccc(Br)c3)ncnc2cn1,IC50,8.1,nM,8.09,-8.00
CHEMBL165574,Brc1cccc(Nc2ncnc3cnc(NCCCN4CCOCC4)cc23)c1,IC50,1.0,nM,9.0,-8.20
CHEMBL53940,CNc1cc2c(Nc3ccccc3)ncnc2cn1,IC50,9.0,nM,8.05,-8.30
CHEMBL165788,CNc1cc2c(Nc3cccc(C(F)(F)F)c3)ncnc2cn1,IC50,1.1,nM,8.96,-8.70
CHEMBL166093,OCC(O)CNc1cc2c(Nc3cccc(Br)c3)ncnc2cn1,IC50,0.18,nM,9.74,-8.10
CHEMBL349070,CN(C)CCCCNc1cc2c(Nc3cccc(Br)c3)ncnc2cn1,IC50,1.8,nM,8.74,-7.20
CHEMBL175409,COc1cccc(-c2cn(-c3ccc(CC(=O)NCCO)cc3)c3ncnc(N)c23)c1,IC50,800.0,nM,6.1,-9.80
CHEMBL22978,CN1CCC(O)(c2nc(-c3ccc(F)cc3)c(-c3ccncc3)o2)CC1,IC50,797.0,nM,6.1,-9.50
CHEMBL162142,Brc1cccc(Nc2ncnc3cnc(NCCc4c[nH]cn4)cc23)c1,IC50,0.78,nM,9.11,-8.60
CHEMBL165508,Brc1cccc(Nc2ncnc3cnc(NCc4cccnc4)cc23)c1,IC50,1.5,nM,8.82,-8.80
CHEMBL165547,CN(CC(O)CO)c1cc2c(Nc3cccc(Br)c3)ncnc2cn1,IC50,0.56,nM,9.25,-8.30
CHEMBL165864,OCCNc1cc2c(Nc3cccc(Br)c3)ncnc2cn1,IC50,0.19,nM,9.72,-8.10
CHEMBL161895,Cc1cccc(Nc2ncnc3cnc(NCCc4c[nH]cn4)cc23)c1,IC50,1.3,nM,8.89,-8.40
CHEMBL433520,CCN(CC)CC(O)CNc1cc2c(Nc3cccc(Br)c3)ncnc2cn1,IC50,4.6,nM,8.34,-7.50
CHEMBL176815,COc1cccc(-c2cn(-c3cccc(CO)c3)c3ncnc(N)c23)c1,IC50,800.0,nM,6.1,-9.50
CHEMBL424375,COc1cccc(-c2cn(-c3ccc(CNCCO)cc3)c3ncnc(N)c23)c1,IC50,300.0,nM,6.52,-9.40
CHEMBL366831,CNc1ncnc2c1c(-c1ccccc1)cn2-c1ccccc1,IC50,31000.0,nM,4.51,-9.00
CHEMBL173478,Nc1ncnc2c1c(-c1ccccc1)cn2-c1cccc(CO)c1,IC50,600.0,nM,6.22,-9.30
CHEMBL355816,O=C(O)CNc1cc2c(Nc3cccc(Br)c3)ncnc2cn1,IC50,0.28,nM,9.55,-8.40
CHEMBL166154,CNc1cc2c(Nc3cccc(Cl)c3)ncnc2cn1,IC50,0.19,nM,9.72,-8.10
CHEMBL163188,Cc1cccc(Nc2ncnc3cnc(N(C)C)cc23)c1,IC50,2.8,nM,8.55,-8.20
CHEMBL163168,O=C(O)CCNc1cc2c(Nc3cccc(Br)c3)ncnc2cn1,IC50,27.0,nM,7.57,-8.00
CHEMBL169757,Nc1ncnc2c1c(-c1ccccc1)cn2-c1ccccc1,IC50,500.0,nM,6.3,-8.90
CHEMBL162508,Cc1cccc(Nc2ncnc3cnc(NCCCN4CCOCC4)cc23)c1,IC50,1.8,nM,8.74,-8.30
CHEMBL166358,CN(C)CCCNc1cc2c(Nc3cccc(Br)c3)ncnc2cn1,IC50,1.2,nM,8.92,-7.40
CHEMBL162981,Brc1cccc(Nc2ncnc3cnc(NCCCn4ccnc4)cc23)c1,IC50,1.7,nM,8.77,-8.20
CHEMBL162034,CN(C)CCNc1cc2c(Nc3cccc(Br)c3)ncnc2cn1,IC50,1.1,nM,8.96,-7.60
CHEMBL162622,Brc1cccc(Nc2ncnc3cnc(NCCN4CCOCC4)cc23)c1,IC50,0.65,nM,9.19,-8.10
CHEMBL119923,COc1cc(/C=C(\C#N)C(N)=O)cc(CSCc2ccc(Cl)cc2)c1O,IC50,14800.0,nM,4.83,-8.50
CHEMBL76958,O=C(O)c1ccc(S(=O)(=O)Oc2ccc(/C=C/[N+](=O)[O-])cc2)cc1,IC50,1000.0,nM,6.0,-7.90
CHEMBL419047,COc1cc(/C=C(\C#N)C(N)=O)cc(CSc2ccc(O)cc2)c1O,IC50,2000.0,nM,5.7,-8.10
CHEMBL333553,N#C/C(=C\c1cc(O)c(O)c(CSc2nc3ccccc3s2)c1)C(N)=O,IC50,3200.0,nM,5.5,-8.60
CHEMBL309075,NCCNC(=O)c1ccc(S(=O)(=O)Oc2ccc(/C=C/[N+](=O)[O-])cc2)cc1,IC50,5400.0,nM,5.27,-8.10
CHEMBL449093,O=C(O)c1ccc(S(=O)(=O)Oc2ccc(/C=C/[N+](=O)[O-])cc2)cc1O,IC50,50.0,nM,7.3,-8.20
CHEMBL78280,CNC(=O)c1ccc(S(=O)(=O)Oc2ccc(/C=C(\C)[N+](=O)[O-])cc2OC)cc1,IC50,4000.0,nM,5.4,-8.50
CHEMBL78224,O=[N+]([O-])/C=C/c1ccc(O)c(O)c1,IC50,8800.0,nM,5.06,-6.30
CHEMBL326044,COc1cc(/C=C(\C#N)C(N)=O)cc(CSCCCC(=O)O)c1O,IC50,6500.0,nM,5.19,-7.00
CHEMBL309016,COc1cc(/C=C/[N+](=O)[O-])ccc1O,IC50,7900.0,nM,5.1,-6.10
CHEMBL77397,COc1cc(/C=C(\C)[N+](=O)[O-])ccc1OS(=O)(=O)c1ccc(C(=O)O)cc1,IC50,2500.0,nM,5.6,-8.30
CHEMBL418906,CC(C)(C)OC(=O)NCCNC(=O)c1ccc(S(=O)(=O)Oc2ccc(/C=C/[N+](=O)[O-])cc2)cc1,IC50,1000.0,nM,6.0,-8.80
CHEMBL78049,C/C(=C\c1ccc(O)c(O)c1)[N+](=O)[O-],IC50,9000.0,nM,5.05,-6.50
CHEMBL330879,COc1cc(/C=C(\C#N)C(N)=O)cc(CSc2ccc3ccccc3c2)c1O,IC50,1700.0,nM,5.77,-9.30
CHEMBL76929,COC(=O)c1ccc(S(=O)(=O)Oc2ccc(/C=C/[N+](=O)[O-])cc2)cc1O,IC50,1800.0,nM,5.75,-8.30
CHEMBL311133,C[C@@H](NC(=O)[C@@H](C)NC(=O)c1ccc(S(=O)(=O)Oc2ccc(/C=C/[N+](=O)[O-])cc2)cc1)C(=O)O,IC50,7000.0,nM,5.16,-9.30
CHEMBL418907,COc1cc(/C=C/[N+](=O)[O-])ccc1OS(=O)(=O)c1ccc(C(=O)O)cc1,IC50,2800.0,nM,5.55,-7.90
CHEMBL77401,COC(=O)c1ccc(S(=O)(=O)Oc2ccc(/C=C/[N+](=O)[O-])cc2)cc1,IC50,1500.0,nM,5.82,-7.70
CHEMBL77100,CCCCNC(=O)c1ccc(S(=O)(=O)Oc2ccc(/C=C/[N+](=O)[O-])cc2)cc1,IC50,4800.0,nM,5.32,-8.00
CHEMBL307481,O=[N+]([O-])/C=C/c1ccc(O)cc1,IC50,10100.0,nM,5.0,-6.00
CHEMBL78206,CC(C)(C)NC(=O)c1ccc(S(=O)(=O)Oc2ccc(/C=C/[N+](=O)[O-])cc2)cc1,IC50,1300.0,nM,5.89,-8.40
CHEMBL120719,COc1cc(C=C(C#N)C#N)cc(CSCC(=O)O)c1O,IC50,54000.0,nM,4.27,-6.60
CHEMBL14326,Nc1ncnc2c1ncn2[C@@H]1O[C@H](CO)[C@@H](O)[C@H]1S,Kd,1000.0,nM,6.0,-6.40
CHEMBL74432,CNC(=O)c1ccc(S(=O)(=O)Oc2ccc(/C=C/[N+](=O)[O-])cc2)cc1,IC50,400.0,nM,6.4,-7.90
CHEMBL77688,O=C(O)c1ccc(S(=O)(=O)Oc2ccc(/C=C/[N+](=O)[O-])cc2)c(O)c1,IC50,300.0,nM,6.52,-8.30
CHEMBL286343,C=CC(=O)Nc1cc2c(Nc3cccc(Br)c3)ncnc2cc1OCCCn1ccnc1,IC50,3.0,nM,8.52,-8.80
CHEMBL27688,C=CC(=O)Nc1cc2c(Nc3cccc(C)c3)ncnc2cc1OCCCN1CCOCC1,IC50,1.5,nM,8.82,-9.00
CHEMBL31373,C=CC(=O)Nc1ccc2ncnc(Nc3ccc(F)c(Cl)c3)c2c1,IC50,0.75,nM,9.12,-8.80
CHEMBL31816,C=CC(=O)Nc1nc2c(Nc3ccc(F)c(Cl)c3)ncnc2cc1OC,IC50,0.95,nM,9.02,-8.20
CHEMBL417478,C=CC(=O)Nc1nc2c(Nc3ccc(F)c(Cl)c3)ncnc2cc1/C=C/CCN1CCOCC1,IC50,0.16,nM,9.8,-9.10
CHEMBL31588,C=CC(=O)Nc1cc2c(Nc3cccc(Br)c3)ncnc2cc1OCCCCN(C)C,IC50,3.9,nM,8.41,-8.90
CHEMBL31656,C=CC(=O)Nc1nc2c(Nc3ccc(F)c(Cl)c3)ncnc2cc1OCCCN1CCOCC1,IC50,1.5,nM,8.82,-8.30
CHEMBL31815,C=CC(=O)Nc1ccc2ncnc(Nc3cccc(C)c3)c2c1,IC50,0.42,nM,9.38,-8.70
CHEMBL280757,C=CC(=O)Nc1ccc2ncnc(Nc3ccc(F)c(Br)c3)c2c1,IC50,0.69,nM,9.16,-8.50
CHEMBL28418,C=CC(=O)Nc1ccc2ncnc(Nc3ccc(F)c(Cl)c3)c2n1,IC50,0.75,nM,9.12,-8.90
CHEMBL281543,C=CC(=O)Nc1nc2c(Nc3ccc(F)c(Cl)c3)ncnc2cc1CCCCN1CCOCC1,IC50,2.7,nM,8.57,-9.10
CHEMBL284326,C=CC(=O)Nc1nc2c(Nc3ccc(F)c(Cl)c3)ncnc2cc1OCCCN1CCN(C)CC1,IC50,6.6,nM,8.18,-8.30
CHEMBL32079,C=CC(=O)Nc1cc2c(Nc3ccc(F)c(Cl)c3)ncnc2cc1OCCOCCCCO,IC50,1.7,nM,8.77,-8.40
CHEMBL31622,C=CC(=O)Nc1cc2c(Nc3cccc(C)c3)ncnc2cc1OCCCN1CCN(C)CC1,IC50,2.0,nM,8.7,-9.50
CHEMBL31570,C=CC(=O)Nc1nc2c(Nc3ccc(F)c(Cl)c3)ncnc2cc1OCCOC,IC50,0.97,nM,9.01,-7.70
CHEMBL283201,C=CC(=O)Nc1ccc2ncnc(Nc3ccc(CN(C)C)c(Br)c3)c2c1,IC50,45.0,nM,7.35,-9.30
CHEMBL31369,C=CC(=O)Nc1ccc2ncnc(Nc3ccc(OCCN(C)C)c(Br)c3)c2c1,IC50,27.0,nM,7.57,-8.60
CHEMBL299763,COc1cc(OC)cc(-c2cc3cnc(N)nc3nc2NC(=O)NC(C)(C)C)c1,IC50,50000.0,nM,4.3,-9.10
CHEMBL329161,O=[N+]([O-])c1ccc2ncnc(Nc3cccc(Br)c3)c2c1,IC50,897.0,nM,6.05,-8.20
CHEMBL333082,Nc1cccc2c(Nc3cccc(Br)c3)ncnc12,IC50,105.0,nM,6.98,-8.50
CHEMBL53690,C=CC(=O)Nc1ccc2ncnc(Nc3cccc(C(F)(F)F)c3)c2c1,IC50,0.91,nM,9.04,-9.40
CHEMBL297968,C=CC(=O)Nc1ccc2c(Nc3cccc(C)c3)ncnc2c1,IC50,1.6,nM,8.8,-8.80
CHEMBL157807,Cn1c(SSc2c(C(N)=O)c3ccccc3n2C)c(C(N)=O)c2ccccc21,IC50,4700.0,nM,5.33,-8.40
CHEMBL328216,Nc1cc2ncnc(Nc3cccc(Br)c3)c2cc1N,IC50,0.12,nM,9.92,-7.70
CHEMBL93032,Oc1cc2ncnc(Nc3cccc(Br)c3)c2cc1O,IC50,0.17,nM,9.77,-8.30
CHEMBL117710,Brc1cccc(Oc2ncnc3ccccc23)c1,IC50,756.0,nM,6.12,-7.80
CHEMBL119033,COc1cccc2ncnc(Nc3cccc(Br)c3)c12,IC50,139.0,nM,6.86,-8.00
CHEMBL116308,O=[N+]([O-])c1cccc2ncnc(Nc3cccc(Br)c3)c12,IC50,355.0,nM,6.45,-8.10
CHEMBL116919,COc1ccc(CNc2ncnc3ccccc23)cc1,IC50,10000.0,nM,5.0,-7.80
CHEMBL340660,CCOc1cc2ncnc(Nc3cccc(-c4csc(N)n4)c3)c2cc1OCC,IC50,560.0,nM,6.25,-8.90
CHEMBL330882,COc1cccc2ncnc(NCc3ccccc3)c12,IC50,4900.0,nM,5.31,-8.10
CHEMBL326596,COc1ccc2c(NCc3ccccc3)ncnc2c1,IC50,58.0,nM,7.24,-7.90
CHEMBL333418,Nc1cccc2ncnc(Nc3cccc(Br)c3)c12,IC50,439.0,nM,6.36,-8.10
CHEMBL441083,Cc1cccc(Nc2ncnc3ccccc23)c1,IC50,910.0,nM,6.04,-8.20
CHEMBL52913,C=CC(=O)Nc1ccc2c(Nc3cccc(Cl)c3)ncnc2c1,IC50,0.25,nM,9.6,-8.90
CHEMBL92825,Ic1cccc(Nc2ncnc3ccccc23)c1,IC50,80.0,nM,7.1,-8.00
CHEMBL117697,COc1cccc(Nc2ncnc3ccccc23)c1,Ki,50.12,nM,7.3,-7.90
CHEMBL94275,O=[N+]([O-])c1ccc2c(Nc3cccc(Br)c3)ncnc2c1,IC50,1000.0,nM,6.0,-8.20
CHEMBL54091,C=CC(=O)Nc1cc2c(Nc3ccc(F)c(Br)c3)ncnc2cn1,IC50,0.72,nM,9.14,-8.60
CHEMBL333851,COc1cc2c(NCc3ccccc3)ncnc2cc1O,IC50,588.0,nM,6.23,-8.00
CHEMBL53665,C=CC(=O)Nc1ccc2ncnc(Nc3ccc(F)c(Br)c3)c2n1,IC50,1.2,nM,8.92,-8.70
CHEMBL93181,COc1ccc2c(Nc3cccc(Br)c3)ncnc2c1,IC50,10.0,nM,8.0,-8.10
CHEMBL278287,Cc1ccc(N(C)C(=O)c2ccccc2)cc1Nc1nccc(-c2cccnc2)n1,IC50,49000.0,nM,4.31,-10.20
CHEMBL161226,CNC(=O)c1c(SSc2[nH]c3ccccc3c2C(=O)NC)[nH]c2ccccc12,IC50,6100.0,nM,5.21,-9.50
CHEMBL289787,COc1cccc2c(Nc3cccc(Br)c3)ncnc12,IC50,974.0,nM,6.01,-7.80
CHEMBL296168,C=CC(=O)Nc1ccc2ncnc(Nc3cccc(Br)c3)c2n1,IC50,1.1,nM,8.96,-8.50
CHEMBL51741,C=CC(=O)Nc1ccc2ncnc(N3CCc4ccc(Br)cc43)c2c1,IC50,0.4,nM,9.4,-8.70
CHEMBL325245,COc1cc2ncnc(NCc3ccccc3)c2cc1OC,IC50,10.0,nM,8.0,-7.90
CHEMBL117804,c1ccc(CCNc2ncnc3ccccc23)cc1,IC50,4100.0,nM,5.39,-7.90
CHEMBL324371,CN(c1ccccc1)c1ncnc2ccccc12,IC50,100000.0,nM,4.0,-8.10
CHEMBL116748,O=[N+]([O-])c1ccc2c(NCc3ccccc3)ncnc2c1,IC50,5900.0,nM,5.23,-8.40
CHEMBL115745,COc1cc2ncnc(NCc3ccccc3)c2cc1O,IC50,56.0,nM,7.25,-8.10
CHEMBL49986,C=CC(=O)Nc1cc2ncnc(Nc3cccc(Br)c3)c2cn1,IC50,0.54,nM,9.27,-9.10
CHEMBL48760,CC(C)c1ccc(/C=C2/C(=O)Nc3ccccc32)cc1,IC50,18500.0,nM,4.73,N/A
CHEMBL119708,O=[N+]([O-])c1cccc2ncnc(NCc3ccccc3)c12,IC50,8000.0,nM,5.1,-8.10
CHEMBL332938,COc1ccc2ncnc(NCc3ccccc3)c2c1,IC50,200.0,nM,6.7,-7.90
CHEMBL443523,C=CC(=O)Nc1ccc2c(Nc3cccc(Br)c3)ncnc2c1,IC50,0.2512,nM,9.6,-9.00
CHEMBL125920,CCOc1cc2ncnc(Nc3cccc(-c4cc[nH]n4)c3)c2cc1OCC,IC50,11.0,nM,7.96,-8.70
CHEMBL65250,C#Cc1cc(Nc2ncnc3cc(OC)c(OC)cc23)ccc1F,IC50,4.0,nM,8.4,-7.80
CHEMBL117554,Clc1ccc(CNc2ncnc3ccccc23)cc1,IC50,7000.0,nM,5.16,-7.80
CHEMBL102726,c1ccc(CNc2ncnc3ccccc23)cc1,IC50,320.0,nM,6.5,-7.90
CHEMBL314146,CCc1ccc(/C=C2\C(=O)Nc3ccccc32)s1,IC50,44000.0,nM,4.36,-7.70
CHEMBL54088,C=CC(=O)Nc1cc2c(Nc3cccc(C)c3)ncnc2cn1,IC50,0.48,nM,9.32,-8.80
CHEMBL160207,CN(C)C(=O)c1c(SSc2c(C(=O)N(C)C)c3ccccc3n2C)n(C)c2ccccc12,IC50,21200.0,nM,4.67,-9.20
CHEMBL53555,C=CC(=O)Nc1cc2c(Nc3ccc(F)c(Cl)c3)ncnc2cn1,IC50,0.77,nM,9.11,-8.70
CHEMBL53637,C=CC(=O)Nc1ccc2ncnc(Nc3cccc(Cl)c3)c2c1,IC50,1.6,nM,8.8,-8.60
CHEMBL127367,CCOc1cc2ncnc(Nc3cccc(-c4nc[nH]n4)c3)c2cc1OCC,IC50,390.0,nM,6.41,-8.40
CHEMBL126974,CCOc1cc2ncnc(Nc3cccc(-c4cncnc4)c3)c2cc1OCC,IC50,1100.0,nM,5.96,-8.60
CHEMBL92824,FC(F)(F)c1cccc(Nc2ncnc3ccccc23)c1,IC50,577.0,nM,6.24,-9.20
CHEMBL126996,CCOc1cc2ncnc(Nc3cccc(-c4cocn4)c3)c2cc1OCC,IC50,720.0,nM,6.14,-8.40
CHEMBL59099,NCCCNC(=O)c1cccc(Nc2nccc(-c3cccnc3)n2)c1,IC50,45000.0,nM,4.35,-8.90
CHEMBL279481,O=C1NC(=O)c2c1c1c3cccc(O)c3[nH]c1c1[nH]c3c(O)cccc3c21,IC50,29000.0,nM,4.54,-10.60
CHEMBL58436,c1cc(Nc2nccc(-c3cccnc3)n2)cc(OCCn2ccnc2)c1,IC50,7100.0,nM,5.15,-8.20
CHEMBL299707,COc1ccccc1C(=O)Nc1cccc(Nc2nccc(-c3cccnc3)n2)c1,IC50,100000.0,nM,4.0,-9.10
CHEMBL20926,Cc1ccc(NC(=O)c2ccccc2)cc1Nc1nccc(-c2cccnc2)n1,IC50,65000.0,nM,4.19,-9.50
CHEMBL57690,c1ccc(Nc2nccc(-c3cccnc3)n2)cc1,IC50,100000.0,nM,4.0,-8.00
CHEMBL57553,Nc1cccc(Nc2nccc(-c3cccnc3)n2)c1,IC50,50000.0,nM,4.3,-8.50
CHEMBL56081,O=[N+]([O-])c1cccc(Nc2nccc(-c3cccnc3)n2)c1,IC50,100000.0,nM,4.0,-8.30
CHEMBL49350,O=C(NCCc1ccccc1)c1cc2ccc(O)c(O)c2cn1,IC50,1400.0,nM,5.85,-8.10
CHEMBL93173,COc1cc2ncnc(NCc3cccc(C)c3)c2cc1OC,IC50,170.0,nM,6.77,-8.10
CHEMBL90541,COc1cc2ncnc(Nc3nnc4ccccc4n3)c2cc1OC,IC50,820.0,nM,6.09,-8.50
CHEMBL330323,COc1cc2ncnc(Nc3nccc4ccccc34)c2cc1OC,IC50,200.0,nM,6.7,-9.50
CHEMBL422066,COc1cc2ncnc(NNc3ccc(F)c(Cl)c3)c2cc1OC,IC50,430.0,nM,6.37,-8.00
CHEMBL102651,C[C@@H](Nc1[nH]cnc2c3ccccc3nc1-2)c1ccccc1,IC50,419.0,nM,6.38,-9.00
CHEMBL48436,O=C(NCc1ccccc1)c1cc2ccc(O)c(O)c2cn1,IC50,1400.0,nM,5.85,-8.90
CHEMBL50415,O=C(Nc1ccccc1)c1cc2cc(O)c(O)cc2cn1,IC50,5600.0,nM,5.25,-8.50
CHEMBL94019,COc1cc2ncnc(NC3CCc4ccccc43)c2cc1OC,IC50,910.0,nM,6.04,-8.50
CHEMBL93423,COc1cc2ncnc(NC3CC3c3ccccc3)c2cc1O,IC50,390.0,nM,6.41,-8.80
CHEMBL296582,O=C(NCc1ccccc1)c1cc2cc(O)c(O)cc2cn1,IC50,3100.0,nM,5.51,-8.30
CHEMBL48650,O=C(Nc1ccccc1)c1cc2ccc(O)c(O)c2cn1,IC50,7700.0,nM,5.11,-8.30
CHEMBL91428,COc1cc2ncnc(Nc3cc4ccccc4cn3)c2cc1OC,IC50,660.0,nM,6.18,-8.10
CHEMBL330668,COc1cc2ncnc(Nc3cnc4ccccc4n3)c2cc1OC,IC50,780.0,nM,6.11,-8.90
CHEMBL92006,COc1cc2ncnc(/N=N/c3ccc(F)c(Cl)c3)c2cc1OC,IC50,730.0,nM,6.14,-8.10
CHEMBL329867,COc1cc2ncnc(Nc3cncc4ccccc34)c2cc1OC,IC50,6.4,nM,8.19,-9.40
CHEMBL105053,C[C@@H](Nc1[nH]cnc2nc(-c3ccccc3)cc1-2)c1ccccc1,IC50,3.3,nM,8.48,-9.20
CHEMBL420059,COc1cc2ncnc(NC3CC3c3ccccc3)c2cc1OCCN1CCOCC1,IC50,300.0,nM,6.52,-8.90
CHEMBL419137,COc1cc2ncnc(NC3CC3c3ccccc3)c2cc1OC,IC50,10.0,nM,8.0,-8.30
CHEMBL91484,COc1cc2ncnc(NC3CC3c3ccccc3)c2cc1OCCCN(C)C,IC50,27.0,nM,7.57,-8.00
CHEMBL154580,C=CC(=O)c1ccc2ccccc2c1,IC50,10000.0,nM,5.0,-7.10
CHEMBL103864,C[C@H](Nc1[nH]cnc2c3ccccc3nc1-2)c1ccccc1,IC50,50.0,nM,7.3,-9.10
CHEMBL328277,COc1cc2ncnc(N3CCc4ccccc43)c2cc1OC,IC50,820.0,nM,6.09,-8.40
CHEMBL90540,COc1cc2ncnc(NC3CC3c3ccccc3)c2cc1OC(C)=O,IC50,84.0,nM,7.08,-8.80
CHEMBL328106,COc1cc2ncnc(Nc3ccc(Br)cc3)c2cc1OC,IC50,0.07244,nM,10.14,-8.00
CHEMBL316064,COc1cc2ncnc(Nc3cccc(C(F)(F)F)c3)c2cc1OC,IC50,0.24,nM,9.62,-8.20
CHEMBL329183,O=[N+]([O-])c1ccc2c(Nc3cccc(F)c3)ncnc2c1,IC50,6100.0,nM,5.21,-8.90
CHEMBL93302,Oc1ccc2c(Nc3cccc(Br)c3)ncnc2c1,IC50,4.7,nM,8.33,-8.70
CHEMBL96627,COc1ccc2ncnc(Nc3cccc(Br)c3)c2c1OC,IC50,1367.0,nM,5.86,-7.90
CHEMBL94191,COc1cc2ncnc(Nc3ccccc3)c2cc1OC,IC50,29.0,nM,7.54,-8.40
CHEMBL328879,COc1ccc2ncnc(Nc3ccccc3)c2c1,IC50,55.0,nM,7.26,-8.30
CHEMBL96780,COc1cc2ncnc(Nc3cccc(Br)c3)c2cc1N,IC50,3.8,nM,8.42,-7.90
CHEMBL90013,CN(C)c1ccc2c(Nc3cccc(Br)c3)ncnc2c1,IC50,11.0,nM,7.96,-8.30
CHEMBL433205,Nc1ccc2c(Nc3cccc(C(F)(F)F)c3)ncnc2c1,IC50,3.3,nM,8.48,-8.60
CHEMBL328244,Nc1ccc2ncnc(Nc3cccc(C(F)(F)F)c3)c2c1,IC50,574.0,nM,6.24,-8.80
CHEMBL91980,Nc1ccc2c(Nc3cccc(I)c3)ncnc2c1,IC50,0.35,nM,9.46,-8.20
CHEMBL93051,Brc1cccc(Nc2ncnc3cc4c(cc23)OCO4)c1,IC50,15.0,nM,7.82,-8.40
CHEMBL93966,Nc1ccc2c(Nc3cccc(F)c3)ncnc2c1,IC50,2.0,nM,8.7,-8.30
CHEMBL328955,Nc1ccc2c(Nc3cccc(Cl)c3)ncnc2c1,IC50,0.25,nM,9.6,-8.10
CHEMBL93284,O=[N+]([O-])c1ccc2c(Nc3cccc(I)c3)ncnc2c1,IC50,540.0,nM,6.27,-8.40
CHEMBL92174,COc1cc2ncnc(Nc3ccccc3Br)c2cc1OC,IC50,128.0,nM,6.89,-8.10
CHEMBL367625,CCn1cnc2c(Nc3cccc(Cl)c3)nc(N[C@@H]3CCCC[C@@H]3N)nc21,IC50,2000.0,nM,5.7,-9.40
CHEMBL368278,CCn1cnc2c(Nc3cccc(Cl)c3)nc(N[C@H]3CCC[C@@H](N)C3)nc21,IC50,5300.0,nM,5.28,-9.30
CHEMBL93461,CC(=O)Nc1ccc2c(Nc3cccc(Br)c3)ncnc2c1,IC50,40.0,nM,7.4,-8.20
CHEMBL420254,CCNc1ccc2c(Nc3cccc(Br)c3)ncnc2c1,IC50,12.0,nM,7.92,-8.00
CHEMBL63469,Nc1cc2c(Nc3cccc(Br)c3)ncnc2cc1Cl,IC50,6.5,nM,8.19,-8.00
CHEMBL89940,Nc1ccc2ncnc(Nc3ccccc3)c2c1,IC50,770.0,nM,6.11,-8.20
CHEMBL93734,CC(=O)Nc1cc2ncnc(Nc3cccc(Br)c3)c2cc1[N+](=O)[O-],IC50,28.0,nM,7.55,-8.70
CHEMBL92985,Fc1cccc(Nc2ncnc3ccccc23)c1,IC50,56.0,nM,7.25,-8.30
CHEMBL330224,Nc1ccc2c(Nc3ccccc3)ncnc2c1,IC50,100.0,nM,7.0,-8.20
CHEMBL66409,O=[N+]([O-])c1cc2c(Nc3cccc(Br)c3)ncnc2cc1Cl,IC50,25.0,nM,7.6,-8.30
CHEMBL447230,COc1cc2ncnc(N(C)c3cccc(Br)c3)c2cc1OC,IC50,152.0,nM,6.82,-8.30
CHEMBL94431,COc1cc2ncnc(Nc3cccc(F)c3)c2cc1OC,IC50,3.8,nM,8.42,-8.70
CHEMBL328295,O=[N+]([O-])c1ccc2ncnc(Nc3ccccc3)c2c1,IC50,5000.0,nM,5.3,-8.40
CHEMBL92936,CNc1cc2ncnc(Nc3cccc(Br)c3)c2cc1[N+](=O)[O-],IC50,68.0,nM,7.17,-8.20
CHEMBL92937,CNc1cc2ncnc(Nc3cccc(Br)c3)c2cc1N,IC50,0.69,nM,9.16,-8.00
CHEMBL96489,CN(C)c1cc2ncnc(Nc3cccc(Br)c3)c2cc1N,IC50,159.0,nM,6.8,-8.00
CHEMBL93545,Nc1cc2ncnc(Nc3cccc(Br)c3)c2cc1[N+](=O)[O-],IC50,53.0,nM,7.28,-8.40
CHEMBL93544,CN(C)c1cc2ncnc(Nc3cccc(Br)c3)c2cc1[N+](=O)[O-],IC50,2000.0,nM,5.7,-8.00
CHEMBL93295,COc1cc2nc(N)nc(Nc3cccc(Br)c3)c2cc1OC,IC50,463.0,nM,6.33,-7.90
CHEMBL96065,COc1cc2ncnc(Nc3cccc(I)c3)c2cc1OC,IC50,0.89,nM,9.05,-7.80
CHEMBL328691,COC(=O)Nc1ccc2ncnc(Nc3cccc(Br)c3)c2c1,IC50,12.0,nM,7.92,-8.20
CHEMBL92709,COc1cc2ncnc(Nc3cc(Br)cc(Br)c3)c2cc1OC,IC50,113.0,nM,6.95,-8.10
CHEMBL65038,COc1cc2ncnc(Nc3cccc(Br)c3)c2cc1[N+](=O)[O-],IC50,15.0,nM,7.82,-8.20
CHEMBL317925,COc1cc2ncnc(Nc3cccc(Br)c3)c2c(OC)c1OC,IC50,0.67,nM,9.17,-7.40
CHEMBL92398,COc1ccc2c(Nc3ccccc3)ncnc2c1,IC50,120.0,nM,6.92,-8.40
CHEMBL91914,O=[N+]([O-])c1ccc2c(Nc3ccccc3)ncnc2c1,IC50,12000.0,nM,4.92,-8.60
CHEMBL327307,COc1cc2ncnc(Nc3ccc(Br)c(Br)c3)c2cc1OC,IC50,0.072,nM,10.14,-8.20
CHEMBL93635,O=[N+]([O-])c1ccc2c(Nc3cccc(Cl)c3)ncnc2c1,IC50,810.0,nM,6.09,-8.50
CHEMBL93783,CN(C/C=C/C(=O)Nc1ccc2ncnc(Nc3cccc(Br)c3)c2c1)CCO,IC50,14.0,nM,7.85,-8.40
CHEMBL177053,Brc1cccc(Nc2ncnc3cc4ncsc4cc23)c1,IC50,44.0,nM,7.36,-8.40
CHEMBL426580,Cc1nc2cc3c(Nc4cccc(Br)c4)ncnc3cc2[nH]1,IC50,0.29,nM,9.54,-8.50
CHEMBL92902,CN1CCC=C(C(=O)Nc2ccc3ncnc(Nc4cccc(Br)c4)c3c2)C1,IC50,115.0,nM,6.94,-9.80
CHEMBL327838,COCCOCC#CC(=O)Nc1ccc2ncnc(Nc3cccc(Br)c3)c2c1,IC50,65.0,nM,7.19,-7.70
CHEMBL328704,CCN(CC)CC#CC(=O)Nc1ccc2ncnc(Nc3cccc(Br)c3)c2c1,IC50,12.0,nM,7.92,-8.40
CHEMBL172652,Brc1cccc(Nc2ncnc3cc4[nH]nnc4cc23)c1,IC50,4.1,nM,8.39,-8.60
CHEMBL94066,C=C(CN1CCOCC1)C(=O)Nc1ccc2ncnc(Nc3cccc(Br)c3)c2c1,IC50,107.0,nM,6.97,-8.80
CHEMBL366580,Brc1cccc(Nc2ncnc3cc4c[nH]nc4cc23)c1,IC50,0.34,nM,9.47,-8.90
CHEMBL329642,C/C=C\C(=O)Nc1ccc2ncnc(Nc3cccc(Br)c3)c2c1,IC50,269.0,nM,6.57,-8.40
CHEMBL92356,CCN1CCN(CC#CC(=O)Nc2ccc3ncnc(Nc4cccc(Br)c4)c3c2)CC1,IC50,65.0,nM,7.19,-8.60
CHEMBL94062,O=C(C#CCO)Nc1ccc2ncnc(Nc3cccc(Br)c3)c2c1,IC50,2.0,nM,8.7,-8.40
CHEMBL123046,Oc1ccc(NCc2cc(O)ccc2O)cc1,IC50,41900.0,nM,4.38,-7.60
CHEMBL93784,COCC1CCCN1CC#CC(=O)Nc1ccc2ncnc(Nc3cccc(Br)c3)c2c1,IC50,65.0,nM,7.19,-8.90
CHEMBL176582,Cn1cnc2cc3ncnc(Nc4cccc(Br)c4)c3cc21,IC50,0.01,nM,11.0,-8.40
CHEMBL93537,O=C(/C=C/CN1CCSCC1)Nc1ccc2ncnc(Nc3cccc(Br)c3)c2c1,IC50,203.0,nM,6.69,-8.90
CHEMBL122785,O=S(=O)(O)c1cc(NCc2cc(O)ccc2O)ccc1O,IC50,10300.0,nM,4.99,-7.80
CHEMBL94123,O=C(/C=C/N1CCOCC1)Nc1ccc2ncnc(Nc3cccc(Br)c3)c2c1,IC50,215.0,nM,6.67,-8.80
CHEMBL92882,COC/C=C/C(=O)Nc1ccc2ncnc(Nc3cccc(Br)c3)c2c1,IC50,1132.0,nM,5.95,-8.10
CHEMBL93386,O=C(C#CCN1CCOCC1)Nc1ccc2ncnc(Nc3cccc(Br)c3)c2c1,IC50,20.0,nM,7.7,-8.60
CHEMBL122260,CNC(=O)c1cc(NCc2cc(O)ccc2O)ccc1O,IC50,9700.0,nM,5.01,-8.20
CHEMBL93049,COCOCC#CC(=O)Nc1ccc2ncnc(Nc3cccc(Br)c3)c2c1,IC50,59.0,nM,7.23,-8.10
CHEMBL175101,CN(C)CCn1cnc2cc3c(Nc4cccc(Br)c4)ncnc3cc21,IC50,22.0,nM,7.66,-8.70
CHEMBL93754,O=C(/C=C/Cn1cccn1)Nc1ccc2ncnc(Nc3cccc(Br)c3)c2c1,IC50,1124.0,nM,5.95,-9.20
CHEMBL441279,COCOCC#CC(=O)Nc1ccc2ncc(C#N)c(Nc3cccc(Br)c3)c2c1,IC50,330.0,nM,6.48,-8.30
CHEMBL123045,O=[N+]([O-])c1cc(NCc2cc(O)ccc2O)ccc1O,IC50,5400.0,nM,5.27,-8.20
CHEMBL91925,CCN(CC)C/C=C/C(=O)Nc1ccc2ncnc(Nc3cccc(Br)c3)c2c1,IC50,73.0,nM,7.14,-8.20
CHEMBL316127,O=C(/C=C/CN1CCOCC1)Nc1ccc2ncnc(Nc3cccc(Br)c3)c2c1,IC50,74.0,nM,7.13,-8.80
CHEMBL174426,Cn1cnc2cc3c(Nc4cccc(Br)c4)ncnc3cc21,IC50,0.025,nM,10.6,-8.60
CHEMBL91748,CN(C)/C=C/C(=O)Nc1ccc2ncnc(Nc3cccc(Br)c3)c2c1,IC50,250.0,nM,6.6,-9.10
CHEMBL91009,COCC#CC(=O)Nc1ccc2ncnc(Nc3cccc(Br)c3)c2c1,IC50,9.0,nM,8.05,-8.10
CHEMBL173498,Brc1cccc(Nc2ncnc3cc4nccnc4cc23)c1,IC50,1.7,nM,8.77,-8.60
CHEMBL2112369,COC[C@@H]1CCCN1C/C=C\C(=O)Nc1ccc2ncnc(Nc3cccc(Br)c3)c2c1,IC50,194.0,nM,6.71,-8.40
CHEMBL90595,O=C(C#CCN1CCCCC1)Nc1ccc2ncnc(Nc3cccc(Br)c3)c2c1,IC50,57.0,nM,7.24,-9.30
CHEMBL419501,COC[C@H]1CCCN1C/C=C/C(=O)Nc1ccc2ncnc(Nc3cccc(Br)c3)c2c1,IC50,85.0,nM,7.07,-8.60
CHEMBL122397,CCCCCCNC(=O)c1cc(NCc2cc(O)ccc2O)ccc1O,IC50,900.0,nM,6.05,-7.90
CHEMBL91811,CC(C)N(C)CC#CC(=O)Nc1ccc2ncnc(Nc3cccc(Br)c3)c2c1,IC50,85.0,nM,7.07,-8.40
CHEMBL328977,O=C(C#CCN1CCSCC1)Nc1ccc2ncnc(Nc3cccc(Br)c3)c2c1,IC50,95.0,nM,7.02,-9.00
CHEMBL427298,CN(C)CCn1cnc2c(Cl)c3c(Nc4cccc(Br)c4)ncnc3cc21,IC50,203.0,nM,6.69,-8.80
CHEMBL329856,CN(C)CC#CC(=O)Nc1ccc2ncnc(Nc3cccc(Br)c3)c2c1,IC50,6.0,nM,8.22,-8.20
CHEMBL442754,COCCN(C)C/C=C/C(=O)Nc1ccc2ncnc(Nc3cccc(Br)c3)c2c1,IC50,62.0,nM,7.21,-8.10
CHEMBL91867,CC#CC(=O)Nc1ccc2ncnc(Nc3cccc(Br)c3)c2c1,IC50,0.2,nM,9.7,-8.70
CHEMBL2112370,COC[C@@H]1CCCN1C/C=C/C(=O)Nc1ccc2ncnc(Nc3cccc(Br)c3)c2c1,IC50,131.0,nM,6.88,-8.40
CHEMBL176891,CN(C)CCn1cnc2cc3ncnc(Nc4cccc(Br)c4)c3cc21,IC50,1.32,nM,8.88,-8.50
CHEMBL414220,C=CCN(C)CC#CC(=O)Nc1ccc2ncnc(Nc3cccc(Br)c3)c2c1,IC50,71.0,nM,7.15,-8.20
CHEMBL169970,O=C(Oc1ccccc1)c1cc(NCc2cc(O)ccc2O)ccc1O,IC50,70.0,nM,7.16,-8.80
CHEMBL553908,COc1cc2ncnc(N(C)c3cccc(Cl)c3)c2cc1OC.Cl,IC50,100.0,nM,7.0,N/A
CHEMBL554566,Cc1cccc(N(C)c2ncnc3cc(C)c(C)cc23)c1.Cl,IC50,6500.0,nM,5.19,N/A
CHEMBL101683,O=C(Nc1ccc(Cl)cc1)c1ccccc1NCc1ccncc1,IC50,7300.0,nM,5.14,-8.50
CHEMBL355294,O=C(NOCc1ccccc1)c1cc(NCc2cc(O)ccc2O)ccc1O,IC50,50.0,nM,7.3,-9.30
CHEMBL301359,c1ccc2ncncc2c1,IC50,27.0,nM,7.57,-5.70
CHEMBL53375,COc1cc2ncnc(Nc3cccc(Br)c3)c2cn1,IC50,39.0,nM,7.41,-7.70
CHEMBL171000,O=C(O)Cc1cc(/N=C/c2cc(O)ccc2O)ccc1O,IC50,35000.0,nM,4.46,-8.20
CHEMBL52472,COc1ccc2ncncc2c1,IC50,30.0,nM,7.52,-5.60
CHEMBL169081,COC(=O)Cc1cc(/N=C/c2cc(O)ccc2O)ccc1O,IC50,20000.0,nM,4.7,-7.90
CHEMBL169356,Cc1cc(C)cc(COC(=O)c2cc(NCc3cc(O)ccc3O)ccc2O)c1,IC50,1600.0,nM,5.8,-9.50
CHEMBL545538,COc1cc2ncnc(N(C)c3ccc(C)cc3)c2cc1OC.Cl,IC50,4000.0,nM,5.4,N/A
CHEMBL301549,COc1ccc2c(Nc3cccc(Br)c3)ncnc2n1,IC50,263.0,nM,6.58,-8.10
CHEMBL354521,CCOC(=O)c1cc(/N=C/c2cc(O)ccc2O)ccc1O,IC50,40000.0,nM,4.4,-7.80
CHEMBL171727,CCOC(=O)Cc1cc(NCc2cc(O)ccc2O)ccc1O,IC50,7000.0,nM,5.16,-7.70
CHEMBL171054,CC(COC(=O)c1cc(NCc2cc(O)ccc2O)ccc1O)Cc1ccccc1,IC50,360.0,nM,6.44,-8.90
CHEMBL352583,O=C(OCc1ccccc1)c1cc(NCc2cc(O)ccc2O)ccc1O,IC50,80.0,nM,7.1,-8.70
CHEMBL354300,CONC(=O)c1cc(/N=C/c2cc(O)ccc2O)ccc1O,IC50,27000.0,nM,4.57,-8.40
CHEMBL298637,CNc1ccc2c(Nc3cccc(Br)c3)ncnc2n1,IC50,52.0,nM,7.28,-8.00
CHEMBL53062,COc1cc2c(Nc3cccc(Br)c3)ncnc2cn1,IC50,2.6,nM,8.59,-7.80
CHEMBL54805,Brc1cccc(Nc2ncnc3cccnc23)c1,IC50,34.0,nM,7.47,-7.80
CHEMBL170996,CC(C)(C)ONC(=O)c1cc(NCc2cc(O)ccc2O)ccc1O,IC50,100.0,nM,7.0,-8.40
CHEMBL168363,O=C(OCC1CCCCC1)c1cc(NCc2cc(O)ccc2O)ccc1O,IC50,1200.0,nM,5.92,-8.70
CHEMBL53300,Nc1ccc2ncncc2c1,IC50,0.79,nM,9.1,-6.20
CHEMBL355461,COC(=O)Cc1cc(NCc2cc(O)ccc2O)ccc1O,IC50,3000.0,nM,5.52,-7.80
CHEMBL355419,CCOP(=O)(Cc1cc(NCc2cc(O)ccc2O)ccc1O)OCC,IC50,4000.0,nM,5.4,-7.60
CHEMBL352591,O=C(Cc1cc(/N=C/c2cc(O)ccc2O)ccc1O)NOCc1ccccc1,IC50,50000.0,nM,4.3,-9.20
CHEMBL291496,Clc1ccc2ncnc(Nc3cccc(Br)c3)c2n1,IC50,18.0,nM,7.75,-8.10
CHEMBL553523,COc1cc2ncnc(N(C)c3cccc(C)c3)c2cc1OC.Cl,IC50,12000.0,nM,4.92,N/A
CHEMBL335052,CN(c1ccccc1)c1[nH]cnc2ncnc1-2,IC50,2000.0,nM,5.7,-7.30
CHEMBL168343,CC(C)(C)ONC(=O)Cc1cc(NCc2cc(O)ccc2O)ccc1O,IC50,5000.0,nM,5.3,-8.20
CHEMBL52418,CC(=O)Nc1cc2ncnc(Nc3cccc(Br)c3)c2cn1,IC50,29.0,nM,7.54,-9.00
CHEMBL54784,c1ccc(CNc2ncnc3ccncc23)cc1,IC50,1460.0,nM,5.84,-7.80
CHEMBL296377,Clc1cc2c(Nc3cccc(Br)c3)ncnc2cn1,IC50,40.0,nM,7.4,-7.60
CHEMBL54474,Nc1ccc2c(Nc3cccc(Br)c3)ncnc2n1,IC50,940.0,nM,6.03,-8.60
CHEMBL355853,CC(COC(=O)c1cc(NCc2cc(O)ccc2O)ccc1O)CC(C)(C)C,IC50,800.0,nM,6.1,-8.20
CHEMBL172333,O=C(OC/C=C/c1ccccc1)c1cc(NCc2cc(O)ccc2O)ccc1O,IC50,1300.0,nM,5.89,-9.10
CHEMBL51320,c1ccc(CNc2ncnc3cnccc23)cc1,IC50,2030.0,nM,5.69,-7.70
CHEMBL543195,COc1cc2ncnc(N(C)c3ccc(Cl)cc3)c2cc1OC.Cl,IC50,3000.0,nM,5.52,N/A
CHEMBL168425,CCOC(=O)Cc1cc(/N=C/c2cc(O)ccc2O)ccc1O,IC50,20000.0,nM,4.7,-8.00
CHEMBL316764,O=C(O)c1cc(/N=C/c2cc(O)ccc2O)ccc1O,IC50,5000.0,nM,5.3,-8.20
CHEMBL168533,O=C(OCCCc1ccccc1)c1cc(NCc2cc(O)ccc2O)ccc1O,IC50,30.0,nM,7.52,-8.90
CHEMBL52882,CNC1=CC2N=CN(C)/C(=N\c3cccc(Br)c3)C2C=N1,IC50,3.1,nM,8.51,-7.00
CHEMBL51265,Brc1cccc(Nc2ncnc3cnccc23)c1,IC50,51.0,nM,7.29,-7.80
CHEMBL50245,CN(C)c1ccc2c(Nc3cccc(Br)c3)ncnc2n1,IC50,324.0,nM,6.49,-8.50
CHEMBL53552,c1ccc(CNc2ncnc3cccnc23)cc1,IC50,603.0,nM,6.22,-7.60
CHEMBL422899,CC(C)(C)ONC(=O)Cc1cc(/N=C/c2cc(O)ccc2O)ccc1O,IC50,30000.0,nM,4.52,-8.40
CHEMBL171144,CC(COC(=O)c1cc(/N=C/c2cc(O)ccc2O)ccc1O)CC(C)(C)C,IC50,10000.0,nM,5.0,-8.30
CHEMBL354757,CCOP(=O)(Cc1cc(/N=C/c2cc(O)ccc2O)ccc1O)OCC,IC50,75000.0,nM,4.12,-7.80
CHEMBL435662,CC(C)c1ccc(COC(=O)c2cc(NCc3cc(O)ccc3O)ccc2O)cc1,IC50,1000.0,nM,6.0,-9.40
CHEMBL169514,O=C(Oc1ccc2ccccc2c1)c1cc(NCc2cc(O)ccc2O)ccc1O,IC50,90.0,nM,7.05,-10.10
CHEMBL171085,O=C(O)Cc1cc(NCc2cc(O)ccc2O)ccc1O,IC50,6000.0,nM,5.22,-8.00
CHEMBL352589,O=C(Cc1cc(NCc2cc(O)ccc2O)ccc1O)NOCc1ccccc1,IC50,1000.0,nM,6.0,-8.90
CHEMBL55150,CN(C)c1ccc2ncncc2c1,IC50,120.0,nM,6.92,-5.90
CHEMBL539807,COc1cc2ncnc(N(C)c3cccc(C(F)(F)F)c3)c2cc1OC.Cl,IC50,30000.0,nM,4.52,N/A
CHEMBL291701,Fc1ccc2c(Nc3cccc(Br)c3)ncnc2n1,IC50,684.0,nM,6.17,-8.40
CHEMBL53850,CNc1ccc2ncncc2c1,IC50,7.0,nM,8.15,-5.90
CHEMBL55729,Nc1ccc2cncnc2c1,IC50,0.1,nM,10.0,-6.10
CHEMBL52784,CN(C)c1ccc2cncnc2c1,IC50,11.0,nM,7.96,-6.20
CHEMBL422335,O=C(Oc1cccc(O)c1)c1cc(NCc2cc(O)ccc2O)ccc1O,IC50,90.0,nM,7.05,-9.20
CHEMBL51707,Fc1cc2ncnc(Nc3cccc(Br)c3)c2cn1,IC50,13.0,nM,7.89,-8.30
CHEMBL554053,CCN(c1ccccc1)c1ncnc2cc(OC)c(OC)cc12.Cl,IC50,5500.0,nM,5.26,N/A
CHEMBL353028,CC(C)(C)CCOC(=O)c1cc(NCc2cc(O)ccc2O)ccc1O,IC50,700.0,nM,6.16,-8.20
CHEMBL54475,Brc1cccc(Nc2ncnc3ncccc23)c1,IC50,688.0,nM,6.16,-7.60
CHEMBL295961,CNc1ccc2cncnc2c1,IC50,4.0,nM,8.4,-5.90
CHEMBL168366,O=C(OCCc1ccccc1)c1cc(NCc2cc(O)ccc2O)ccc1O,IC50,130.0,nM,6.89,-8.70
CHEMBL435902,O=C(OCCCCc1ccccc1)c1cc(NCc2cc(O)ccc2O)ccc1O,IC50,400.0,nM,6.4,-8.70
CHEMBL52665,Brc1cccc(Nc2ncnc3ccncc23)c1,IC50,35.0,nM,7.46,-7.90
CHEMBL545776,COc1cc2ncnc(N3CCc4ccccc43)c2cc1OC.Cl,IC50,3000.0,nM,5.52,N/A
CHEMBL169657,CONC(=O)c1cc(NCc2cc(O)ccc2O)ccc1O,IC50,300.0,nM,6.52,-8.10
CHEMBL300491,COc1ccc2cncnc2c1,IC50,10.0,nM,8.0,-5.90
CHEMBL354128,CC(CCOC(=O)c1cc(NCc2cc(O)ccc2O)ccc1O)c1ccccc1,IC50,400.0,nM,6.4,-9.10
CHEMBL168915,O=C(Oc1cccc2ccccc12)c1cc(NCc2cc(O)ccc2O)ccc1O,IC50,110.0,nM,6.96,-10.10
CHEMBL53121,Fc1cc2c(Nc3cccc(Br)c3)ncnc2cn1,IC50,124.0,nM,6.91,-7.70
CHEMBL170111,CC(C)(C)OC(=O)c1cc(NCc2cc(O)ccc2O)ccc1O,IC50,1000.0,nM,6.0,-8.10
CHEMBL355857,CCOC(=O)c1cc(NCc2cc(O)ccc2O)ccc1O,IC50,400.0,nM,6.4,-7.80
CHEMBL53404,CC(=O)Nc1cc2ncnc(NCc3ccccc3)c2cn1,IC50,100.0,nM,7.0,-8.80
CHEMBL54788,Fc1ccc2ncnc(Nc3cccc(Br)c3)c2n1,IC50,44.0,nM,7.36,-8.70
CHEMBL142898,COCOc1cc(C(C)(C)C)ccc1-c1ccc(C(=O)OC)cc1,IC50,10000.0,nM,5.0,-7.50
CHEMBL143899,O=C(O)c1ccc(-c2cc(O)cc(-c3ccccc3)c2)cc1,IC50,10000.0,nM,5.0,-9.10
CHEMBL109372,COc1cc2ncc(C#N)c(Nc3ccc(F)c(Cl)c3)c2cc1OC,IC50,537.03,nM,6.27,-8.30
CHEMBL142831,COCOc1cc(-c2ccccc2)ccc1-c1ccc(C(=O)O)cc1,IC50,10000.0,nM,5.0,-8.50
CHEMBL358092,COC(=O)c1ccc(-c2ccc(-c3ccccc3)cc2O)cc1,IC50,14000.0,nM,4.85,-8.50
CHEMBL332612,Nc1ccc(Nc2[nH]nc3ncnc(Nc4cccc(Cl)c4)c23)cc1,IC50,5.0,nM,8.3,-9.60
CHEMBL118904,O=[N+]([O-])c1cccc(-c2[nH]nc3ncnc(Nc4cccc(Cl)c4)c23)c1,IC50,270.0,nM,6.57,-10.00
CHEMBL56455,COc1ccc(CCNC(=O)/C(C#N)=C/c2ccc(O)c(O)c2)cc1OC,IC50,1700.0,nM,5.77,-8.10
CHEMBL332333,c1ccc(Nc2nc[nH]c3nnc(Nc4ccccc4)c2-3)cc1,IC50,58.0,nM,7.24,-9.00
CHEMBL332882,Nc1cccc(-c2[nH]nc3ncnc(Nc4cccc(Cl)c4)c23)c1,IC50,5.0,nM,8.3,-9.30
CHEMBL62756,Nc1ncnc2c1ncn2-c1ccccc1,IC50,15000.0,nM,4.82,-7.00
CHEMBL120979,COc1cccc(Nc2[nH]nc3ncnc(Nc4cccc(Cl)c4)c23)c1,IC50,8.0,nM,8.1,-9.20
CHEMBL122243,Nc1ncnc2c1c(-c1ccccc1)nn2-c1ccccc1,IC50,800.0,nM,6.1,-9.10
CHEMBL122245,COc1ccc(CNc2[nH]nc3ncnc(Nc4cccc(Cl)c4)c23)cc1,IC50,7.0,nM,8.15,-9.20
CHEMBL153843,O=C(Nc1cccc(C(F)(F)F)c1)c1ccccc1NCc1ccncc1,IC50,10400.0,nM,4.98,-9.00
CHEMBL332765,CN(C)c1ccc(Nc2[nH]nc3ncnc(Nc4cccc(Cl)c4)c23)cc1,IC50,29.0,nM,7.54,-9.10
CHEMBL306081,Cc1[nH]c2ncnc(Nc3cccc(Cl)c3)c2c1C,IC50,27.0,nM,7.57,-8.40
CHEMBL291313,N#CC(C#N)=C1C(=O)Nc2ccc([N+](=O)[O-])cc21,IC50,20000.0,nM,4.7,-7.20
CHEMBL121796,Clc1cccc(Nc2[nH]cnc3nnc(NCc4ccccc4)c2-3)c1,IC50,3.0,nM,8.52,-9.20
CHEMBL121190,Nc1[nH]cnc2nnc(Nc3cccc(Cl)c3)c1-2,IC50,160.0,nM,6.8,-8.40
CHEMBL331906,Oc1cccc(-c2[nH]nc3ncnc(Nc4cccc(Cl)c4)c23)c1,IC50,26.0,nM,7.58,-9.50
CHEMBL332906,Nc1ccc(-c2[nH]nc3ncnc(Nc4cccc(Cl)c4)c23)cc1,IC50,2.0,nM,8.7,-9.20
CHEMBL57462,N#CC(C#N)=C1C(=O)Nc2cc(O)c(O)cc21,IC50,2500.0,nM,5.6,-6.60
CHEMBL122068,Nc1nc(N)c2c(Nc3cccc(Cl)c3)[nH]nc2n1,IC50,220.0,nM,6.66,-8.80
CHEMBL332971,COc1ccc(-c2[nH]nc3ncnc(Nc4cccc(Cl)c4)c23)cc1,IC50,96.0,nM,7.02,-9.30
CHEMBL55748,N#CC(C#N)=C1C(=O)Nc2ccc(O)cc21,IC50,10000.0,nM,5.0,-6.70
CHEMBL65063,Nc1ncnc2c1cnn2-c1ccccc1,IC50,2700.0,nM,5.57,-7.20
CHEMBL123189,COc1cccc(CNc2[nH]nc3ncnc(Nc4cccc(Cl)c4)c23)c1,IC50,8.0,nM,8.1,-8.90
CHEMBL291986,N#C/C(=C\c1ccc(O)c(O)c1)C(=O)N1CCN(c2ccccc2)CC1,IC50,4300.0,nM,5.37,-8.20
CHEMBL119982,Clc1cccc(Nc2[nH]nc3ncnc(NCc4ccccc4)c23)c1,IC50,870.0,nM,6.06,-8.90
CHEMBL56964,COc1cc2c(cc1O)NC(=O)C2=C(C#N)C#N,IC50,60000.0,nM,4.22,-7.10
CHEMBL121260,Clc1cccc(Nc2[nH]nc3ncnc(Nc4ccccc4)c23)c1,IC50,84.0,nM,7.08,-9.30
CHEMBL121954,Oc1cccc(Nc2[nH]nc3ncnc(Nc4cccc(Cl)c4)c23)c1,IC50,1.0,nM,9.0,-9.50
CHEMBL319540,Cc1c(C)n(-c2ccccc2)c2ncnc(N)c12,IC50,2710.0,nM,5.57,-8.00
CHEMBL122411,COc1ccc(Nc2[nH]nc3ncnc(Nc4cccc(Cl)c4)c23)cc1,IC50,30.0,nM,7.52,-9.20
CHEMBL57300,N#CC(C#N)=C1CCc2c1ccc(O)c2O,IC50,7000.0,nM,5.16,-6.70
CHEMBL56201,CN1C(=O)C(=C(C#N)C#N)c2cc(O)ccc21,IC50,26000.0,nM,4.58,-6.80
CHEMBL122182,Oc1ccc(Nc2[nH]nc3ncnc(Nc4cccc(Cl)c4)c23)cc1,IC50,8.0,nM,8.1,-9.70
CHEMBL293584,N#CC(C#N)=C1CCc2cc(O)c(O)cc21,IC50,500.0,nM,6.3,-6.60
CHEMBL120069,Cc1cccc(Nc2[nH]cnc3nnc(Nc4cccc(Cl)c4)c2-3)c1,IC50,130.0,nM,6.89,-9.10
CHEMBL119977,Clc1cccc(Nc2[nH]cnc3nnc(-c4ccccc4)c2-3)c1,IC50,19.0,nM,7.72,-8.90
CHEMBL118130,Oc1ccc(-c2[nH]nc3ncnc(Nc4cccc(Cl)c4)c23)cc1,IC50,6.0,nM,8.22,-9.40
CHEMBL290389,COc1cc(/C=C(\C#N)C(N)=O)cc(Sc2nc3ccccc3s2)c1O,IC50,350.0,nM,6.46,-8.00
CHEMBL120185,CN1CCN(c2ccc3c(n2)nc(-c2ccc(F)cc2)n3-c2ccnc(NC3CCCC3)n2)CC1,IC50,8700.0,nM,5.06,-9.30
CHEMBL103552,O=C(O)c1cc(N(Cc2ccccc2O)Cc2cc(O)ccc2O)ccc1O,IC50,4100.0,nM,5.39,-9.00
CHEMBL121405,OC1(c2nc(-c3ccc(F)cc3)c(-c3ccnc(NC4CCCCC4)c3)o2)CCNCC1,IC50,1100.0,nM,5.96,-9.80
CHEMBL103860,O=C(O)c1cc(CCc2cc(O)ccc2O)ccc1O,IC50,3300.0,nM,5.48,-8.50
CHEMBL43689,N#C/C(=C\c1ccc(O)cc1)c1ccccn1,IC50,71700.0,nM,4.14,-7.20
CHEMBL39295,COc1cc(/C=C(\C#N)c2ccccn2)ccc1O,IC50,2100.0,nM,5.68,-7.40
CHEMBL104466,COc1cc2ncc(N[C@H]3CC[C@H](O)CC3)nc2cc1OC,IC50,3700.0,nM,5.43,-7.40
CHEMBL75208,Cc1[nH]c2ncnc(Nc3cccc(C#N)c3)c2c1C,IC50,200.0,nM,6.7,-8.00
CHEMBL76444,Cc1[nH]c2ncnc(N(C)c3cccc(Cl)c3)c2c1C,IC50,500.0,nM,6.3,-8.20
CHEMBL306315,Clc1cccc(Nc2ncnc3[nH]c4ccccc4c23)c1,IC50,6.0,nM,8.22,-8.70
CHEMBL433305,c1ccc(Nc2ncnc3[nH]c4c(c23)CCCC4)cc1,IC50,310.0,nM,6.51,-8.40
CHEMBL421686,Cc1[nH]c2ncnc(NCc3ccccc3)c2c1C,IC50,1080.0,nM,5.97,-8.40
CHEMBL307062,Cc1cccc(Nc2ncnc3[nH]c4c(c23)CCCC4)c1,IC50,820.0,nM,6.09,-8.90
CHEMBL74645,O=C(O)c1cccc(Nc2ncnc3[nH]c4c(c23)CCCC4)c1,IC50,25700.0,nM,4.59,-9.10
CHEMBL74778,Cc1[nH]c2ncnc(Nc3cccc(O)c3)c2c1C,IC50,1250.0,nM,5.9,-8.50
CHEMBL73406,Cc1[nH]c2ncnc(Nc3cc(Cl)cc(Cl)c3)c2c1C,IC50,170.0,nM,6.77,-8.30
CHEMBL72393,Brc1cccc(Nc2ncnc3[nH]c4c(c23)CCCC4)c1,IC50,46.0,nM,7.34,-8.60
CHEMBL307599,Cc1ccc(Nc2ncnc3[nH]c(C)c(C)c23)cc1,IC50,2100.0,nM,5.68,-8.20
CHEMBL440873,FC(F)(F)c1cccc(Nc2ncnc3[nH]c4c(c23)CCCC4)c1,IC50,360.0,nM,6.44,-9.20
CHEMBL4106341,Cc1[nH]c2ncnc(NC3CCCCC3)c2c1C,IC50,6920.0,nM,5.16,-7.90
CHEMBL74481,Cc1ccc(Nc2ncnc3[nH]c4c(c23)CCCC4)cc1,IC50,110.0,nM,6.96,-9.10
CHEMBL75177,Clc1cccc(Nc2ncnc3[nH]c4c(c23)CCCC4)c1,IC50,29.0,nM,7.54,-8.60
CHEMBL306029,Cc1[nH]c2ncnc(Nc3cccc(C(F)(F)F)c3)c2c1C,IC50,1900.0,nM,5.72,-8.90
CHEMBL431191,COc1cccc(Nc2ncnc3[nH]c4c(c23)CCCC4)c1,IC50,860.0,nM,6.07,-8.70
CHEMBL73301,COc1cccc(Nc2ncnc3[nH]c(C)c(C)c23)c1,IC50,1200.0,nM,5.92,-7.90
CHEMBL73710,Cc1[nH]c2ncnc(Nc3ccc(F)cc3)c2c1C,IC50,560.0,nM,6.25,-8.40
CHEMBL73625,Cc1[nH]c2ncnc(Nc3ccccc3Cl)c2c1C,IC50,75100.0,nM,4.12,-8.30
CHEMBL72322,Oc1cccc(Nc2ncnc3[nH]c4c(c23)CCCC4)c1,IC50,420.0,nM,6.38,-9.00
CHEMBL431001,Cc1[nH]c2ncnc(Nc3cccc(C(=O)O)c3)c2c1C,IC50,16300.0,nM,4.79,-8.90
CHEMBL75049,Cc1[nH]c2ncnc(Nc3ccccc3)c2c1C,IC50,1900.0,nM,5.72,-8.00
CHEMBL309937,CCc1ccc(Nc2ncnc3[nH]c(C)c(C)c23)cc1,IC50,77500.0,nM,4.11,-8.10
CHEMBL74722,Cc1[nH]c2ncnc(Nc3cccc(Br)c3)c2c1C,IC50,25.0,nM,7.6,-8.20
CHEMBL76116,Cc1[nH]c2ncnc(Oc3cccc(Cl)c3)c2c1C,IC50,2500.0,nM,5.6,-8.20
CHEMBL307026,Cc1cccc(Nc2ncnc3[nH]c(C)c(C)c23)c1,IC50,570.0,nM,6.24,-8.50
CHEMBL308582,Cc1[nH]c2ncnc(Nc3cccc(F)c3)c2c1C,IC50,550.0,nM,6.26,-8.40
CHEMBL177688,OCCCNc1cncc(-c2cncc(Nc3cccc(Cl)c3)n2)c1,IC50,1360.0,nM,5.87,-8.20
CHEMBL181275,Fc1ccc(Nc2ncnc3nn4ccccc4c23)cc1Cl,IC50,200.0,nM,6.7,-9.00
CHEMBL361322,c1ccc(Cc2nc3cc(Nc4ncnc5nn6ccccc6c45)ccc3[nH]2)cc1,IC50,5010.0,nM,5.3,-9.80
CHEMBL181617,ClCCNc1ccc2ncnc(Nc3cccc(Br)c3)c2c1,IC50,10.0,nM,8.0,-7.80
CHEMBL179451,ClCCNc1ccc2ncnc(Nc3cccc(Cl)c3)c2c1,IC50,26.0,nM,7.58,-8.00
CHEMBL186802,COc1cc2ncnc(Nc3cccc(NC(=O)c4ccccc4)c3)c2cc1OC,IC50,5600.0,nM,5.25,-8.90
CHEMBL186580,COc1cc2ncnc(Nc3cc(NC(=O)c4ccccc4)c(F)cc3F)c2cc1OC,IC50,490.0,nM,6.31,-8.70
CHEMBL186747,COc1cc2ncnc(Nc3ccc(C)c(NC(=O)c4ccccc4)c3)c2cc1OC,IC50,3200.0,nM,5.5,-9.20
CHEMBL182397,COc1cc2ncnc(Nc3cccc(NC(=O)c4ccccc4)c3F)c2cc1OC,IC50,2800.0,nM,5.55,-8.70
CHEMBL185637,Fc1ccc(Nc2ncnn3cccc23)cc1Cl,IC50,110.0,nM,6.96,-8.00
CHEMBL188304,Cc1ccn2ncnc(Nc3ccc(F)c(Cl)c3)c12,IC50,100.0,nM,7.0,-8.40
CHEMBL186080,Cc1cc2c(Nc3ccc(F)c(Cl)c3)ncnn2c1,IC50,150.0,nM,6.82,-8.10
CHEMBL184311,Cc1ccc2c(Nc3ccc(F)c(Cl)c3)ncnn12,IC50,3250.0,nM,5.49,-7.90
CHEMBL185853,Cc1ccc(Nc2ncnn3cccc23)cc1O,IC50,510.0,nM,6.29,-8.10
CHEMBL188522,Cc1ccc(Nc2ncnn3ccc(C)c23)cc1O,IC50,340.0,nM,6.47,-8.50
CHEMBL184750,Cc1cc2c(Nc3ccc(C)c(O)c3)ncnn2c1,IC50,650.0,nM,6.19,-7.90
CHEMBL187431,Cc1ccc(Nc2ncnn3c(C)ccc23)cc1O,IC50,29400.0,nM,4.53,-8.40
CHEMBL186001,Cc1ccc(Nc2ncnn3cc(C)c(C)c23)cc1O,IC50,200.0,nM,6.7,-8.80
CHEMBL188386,OCCCCNc1cncc(-c2cncc(Nc3cccc(Cl)c3)n2)c1,IC50,7400.0,nM,5.13,-7.90
CHEMBL363130,Cc1ccsc1C(=O)n1nc(Nc2ccc(S(N)(=O)=O)cc2)nc1N,IC50,8400.0,nM,5.08,-8.50
CHEMBL363607,Cc1ccc(F)c(C(=O)n2nc(Nc3ccc(S(N)(=O)=O)cc3)nc2C)c1F,IC50,45800.0,nM,4.34,-9.70
CHEMBL190651,COCC(=O)Nc1ccc2ncnc(Nc3cc(Cl)c(Cl)cc3F)c2c1,IC50,252.0,nM,6.6,-8.30
CHEMBL192737,COCC(=O)Nc1ccc2ncnc(Nc3cccc(Br)c3)c2c1,IC50,174.0,nM,6.76,-8.20
CHEMBL190567,COCC(=O)Nc1ccc2ncnc(Nc3cccc(I)c3)c2c1,IC50,150.0,nM,6.82,-8.20
CHEMBL275762,O=C(CCl)Nc1ccc2ncnc(Nc3cc(Cl)c(Cl)cc3F)c2c1,IC50,0.07,nM,10.15,-8.60
CHEMBL193159,O=C(CCl)Nc1ccc2ncnc(Nc3cccc(Br)c3)c2c1,IC50,10.0,nM,8.0,-8.20
CHEMBL193160,O=C(CCl)Nc1ccc2ncnc(Nc3cccc(I)c3)c2c1,IC50,0.12,nM,9.92,-8.30
CHEMBL190094,CN(C)C/C=C/C(=O)Nc1ccc2ncnc(Nc3cc(Cl)c(Cl)cc3F)c2c1,IC50,0.11,nM,9.96,-8.50
CHEMBL189779,CN(C)C/C=C/C(=O)Nc1ccc2ncnc(Nc3cccc(I)c3)c2c1,IC50,0.94,nM,9.03,-8.30
CHEMBL372246,C=CC(=O)Nc1cc2c(Nc3cc(Cl)c(Cl)cc3F)ncnc2cc1N1CCN(C)CC1,IC50,250.0,nM,6.6,-9.50
CHEMBL365805,C=CC(=O)Nc1cc2c(Nc3cccc(Br)c3)ncnc2cc1N1CCN(C)CC1,IC50,250.0,nM,6.6,-9.00
CHEMBL437879,COc1cc2ncnc(Nc3cc(Cl)c(Cl)cc3F)c2cc1OC,IC50,0.208,nM,9.68,-8.60
CHEMBL363815,C=CC(=O)Nc1ccc2ncnc(Nc3cc(Cl)c(Cl)cc3F)c2c1,IC50,0.037,nM,10.43,-8.70
CHEMBL196018,CCOC(=O)c1cn2ncnc(Nc3ccc(F)c(Cl)c3)c2c1CC,IC50,90.0,nM,7.05,-8.20
CHEMBL370934,CCOC(=O)c1cn2ncnc(Nc3cccc(Br)c3)c2c1CC,IC50,60.0,nM,7.22,-7.80
CHEMBL372112,CCOC(=O)c1cn2ncnc(Nc3ccc4[nH]ncc4c3)c2c1CC,IC50,50.0,nM,7.3,-8.00
CHEMBL371863,CCOC(=O)c1cn2ncnc(NCc3ccccc3)c2c1CC,IC50,200.0,nM,6.7,-8.00
CHEMBL196925,CCOC(=O)c1cn2ncnc(Nc3ccc4c(cnn4Cc4ccccc4)c3)c2c1CC,IC50,120.0,nM,6.92,-9.20
CHEMBL425738,CCOC(=O)c1cc2c(Nc3ccc4c(cnn4Cc4ccccc4)c3)ncnn2c1,IC50,120.0,nM,6.92,-9.30
CHEMBL196738,CCOC(=O)c1cn2ncnc(Nc3ccc4c(cnn4Cc4ccccc4)c3)c2c1C,IC50,200.0,nM,6.7,-9.30
CHEMBL196438,CCc1c(C(=O)O)cn2ncnc(Nc3ccc4c(cnn4Cc4ccccc4)c3)c12,IC50,20.0,nM,7.7,-8.90
CHEMBL194958,CCc1c(C(N)=O)cn2ncnc(Nc3ccc4c(cnn4Cc4ccccc4)c3)c12,IC50,120.0,nM,6.92,-9.20
CHEMBL197689,CCc1c(C(=O)NC)cn2ncnc(Nc3ccc4c(cnn4Cc4ccccc4)c3)c12,IC50,70.0,nM,7.16,-9.60
CHEMBL372293,CCc1c(C(=O)N(C)C)cn2ncnc(Nc3ccc4c(cnn4Cc4ccccc4)c3)c12,IC50,200.0,nM,6.7,-9.40
CHEMBL373025,CCc1c(CO)cn2ncnc(Nc3ccc4c(cnn4Cc4ccccc4)c3)c12,IC50,490.0,nM,6.31,-9.60
CHEMBL369967,CCNCc1cn2ncnc(Nc3ccc4c(cnn4Cc4ccccc4)c3)c2c1CC,IC50,7400.0,nM,5.13,-8.40
CHEMBL196548,CCOCc1cn2ncnc(Nc3ccc4c(cnn4Cc4ccccc4)c3)c2c1CC,IC50,950.0,nM,6.02,-9.10
CHEMBL194160,CCc1c(CC(N)=O)cn2ncnc(Nc3ccc4c(cnn4Cc4ccccc4)c3)c12,IC50,1100.0,nM,5.96,-8.90
CHEMBL372692,CCc1c(CC(=O)O)cn2ncnc(Nc3ccc4c(cnn4Cc4ccccc4)c3)c12,IC50,1600.0,nM,5.8,-9.50
CHEMBL371888,COc1cc2ncnc(Nc3ccc(OCc4ccccn4)c(C)c3)c2cc1OC,IC50,59.0,nM,7.23,-8.90
CHEMBL197525,COc1ccc(Nc2ncnc3cccc(OC4CCN(C)CC4)c23)cc1Cl,IC50,1800.0,nM,5.75,-8.60
CHEMBL436511,CN1CCC(Oc2cccc3ncnc(Nc4ccc(OCc5cnccn5)c(Cl)c4)c23)CC1,IC50,690.0,nM,6.16,-9.20
CHEMBL194337,CN1CCC(Oc2cccc3ncnc(Nc4ccc(OCc5ccccn5)cc4)c23)CC1,IC50,2100.0,nM,5.68,-9.80
CHEMBL401930,Cc1cc(N2CCOCC2)cc2[nH]c(-c3c(NC[C@@H](O)c4cccc(Cl)c4)cc[nH]c3=O)nc12,IC50,1600.0,nM,5.8,-9.40
CHEMBL278041,Oc1ccc(-c2nc(-c3ccc(F)cc3)c(-c3ccncc3)[nH]2)cc1,Kd,210.0,nM,6.68,-9.70
CHEMBL370808,COc1ccc(C#CC(C)(C)N)cc1-c1[nH]nc2nc(Nc3ccc(F)cc3F)ncc12,IC50,5200.0,nM,5.28,-10.10
CHEMBL201840,COC(=O)c1c(OC)c2ccccc2c2oc3c(c12)C(=O)c1ccccc1C3=O,IC50,12600.0,nM,4.9,-10.10
CHEMBL202244,COC(=O)c1c(OCCN2CCCC2)c2ccccc2c2oc3c(c12)C(=O)c1ccccc1C3=O,IC50,9000.0,nM,5.05,-9.80
CHEMBL383030,COC(=O)c1c(OCCCN(C)C)c2ccccc2c2oc3c(c12)C(=O)c1ccccc1C3=O,IC50,13600.0,nM,4.87,-9.80
CHEMBL202162,CCN(CC)CCOc1c(C(=O)OC)c2c3c(oc2c2ccccc12)C(=O)c1ccccc1C3=O,IC50,5100.0,nM,5.29,-9.00
CHEMBL201865,COC(=O)c1c(OCCN(C)C)c2ccccc2c2oc3c(c12)C(=O)c1ccccc1C3=O,IC50,31000.0,nM,4.51,-9.50
CHEMBL203599,CN1CCN(CCC#CC(=O)Nc2cc3c(Nc4ccc(F)c(Cl)c4)ncnc3cn2)CC1,IC50,0.5,nM,9.3,-9.20
CHEMBL205059,O=C(C#CCCN1CCCCC1)Nc1cc2c(Nc3ccc(F)c(Cl)c3)ncnc2cn1,IC50,0.9,nM,9.05,-9.50
CHEMBL204638,O=C(C#CCCN1CCOCC1)Nc1cc2c(Nc3ccc(F)c(Br)c3)ncnc2cn1,IC50,1.5,nM,8.82,-9.10
CHEMBL203661,O=C(C#CCCN1CCOCC1)Nc1cc2c(Nc3ccc(F)c(Cl)c3)ncnc2cn1,IC50,1.3,nM,8.89,-9.30
CHEMBL202556,O=C(C#CCN1CCOCC1)Nc1cc2c(Nc3ccc(F)c(Cl)c3)ncnc2cn1,IC50,3.1,nM,8.51,-9.30
CHEMBL383499,CC(C)N(CC#CC(=O)Nc1cc2c(Nc3ccc(F)c(Cl)c3)ncnc2cn1)C(C)C,IC50,44.0,nM,7.36,-8.60
CHEMBL202425,CCN(CC)CC#CC(=O)Nc1cc2c(Nc3ccc(F)c(Cl)c3)ncnc2cn1,IC50,15.0,nM,7.82,-8.50
CHEMBL202424,CCCCC#CC(=O)Nc1cc2c(Nc3ccc(F)c(Cl)c3)ncnc2cn1,IC50,4.5,nM,8.35,-8.60
CHEMBL203645,CCCC#CC(=O)Nc1cc2c(Nc3ccc(F)c(Cl)c3)ncnc2cn1,IC50,1.7,nM,8.77,-8.80
CHEMBL203644,CC#CC(=O)Nc1cc2c(Nc3ccc(F)c(Cl)c3)ncnc2cn1,IC50,0.3,nM,9.52,-9.10
CHEMBL378144,C#CC(=O)Nc1cc2c(Nc3cccc(Br)c3)ncnc2cn1,IC50,0.6,nM,9.22,-8.40
CHEMBL204085,O=C(C#CCCN1CCOCC1)Nc1ccc2ncnc(Nc3ccc(F)c(Cl)c3)c2c1,IC50,1.7,nM,8.77,-10.00
CHEMBL382073,CCN(CC)CCC#CC(=O)Nc1ccc2ncnc(Nc3ccc(F)c(Cl)c3)c2c1,IC50,1.8,nM,8.74,-8.10
CHEMBL202621,O=C(C#CCN1CCOCC1)Nc1ccc2ncnc(Nc3ccc(F)c(Cl)c3)c2c1,IC50,31.0,nM,7.51,-9.20
CHEMBL373207,CCN(CC)CC#CC(=O)Nc1ccc2ncnc(Nc3ccc(F)c(Cl)c3)c2c1,IC50,3.1,nM,8.51,-8.60
CHEMBL202411,O=C(C#CCO)Nc1ccc2ncnc(Nc3ccc(F)c(Cl)c3)c2c1,IC50,1.4,nM,8.85,-8.50
CHEMBL202360,C#CC(=O)Nc1ccc2ncnc(Nc3cccc(Br)c3)c2c1,IC50,1.6,nM,8.8,-8.20
CHEMBL382862,Brc1ccc2c(c1)CNc1c(Nc3ccccc3)ncnc1O2,IC50,10000.0,nM,5.0,-8.50
CHEMBL203295,COc1cc(OC2CCN(C)CC2)c2c(Nc3ccc(F)c(Cl)c3)ncnc2c1,IC50,21.0,nM,7.68,-9.60
CHEMBL382041,COCCOc1cc(OC2CCOCC2)c2c(Nc3ccc(F)c(Cl)c3)ncnc2c1,IC50,671.0,nM,6.17,-9.20
CHEMBL379017,COc1cc(OC2CCN(S(C)(=O)=O)CC2)c2c(Nc3ccc(F)c(Cl)c3)ncnc2c1,IC50,9601.0,nM,5.02,-9.80
CHEMBL204330,COc1cc(OC2CCN(C(C)=O)CC2)c2c(Nc3ccc(F)c(Cl)c3)ncnc2c1,IC50,873.0,nM,6.06,-9.40
CHEMBL205149,COc1cc(OC2CCNCC2)c2c(Nc3ccc(F)c(Cl)c3)ncnc2c1,IC50,10.0,nM,8.0,-9.80
CHEMBL203725,CN1CCC(Oc2cccc3ncnc(Nc4ccc(F)c(Cl)c4)c23)CC1,IC50,3.0,nM,8.52,-9.30
CHEMBL203936,COc1ccc2ncnc(Nc3ccc(F)c(Cl)c3)c2c1OC1CCN(C)CC1,IC50,225.0,nM,6.65,-9.40
CHEMBL377277,COc1cc(OC(C)C)c2c(Nc3ccc(F)c(Cl)c3)ncnc2c1,IC50,8068.0,nM,5.09,-9.00
CHEMBL204268,COc1cc(OC2CCOC2)c2c(Nc3ccc(F)c(Cl)c3)ncnc2c1,IC50,187.0,nM,6.73,-9.40
CHEMBL205783,COc1cc(OC2CCOCC2)c2c(Nc3ccc(F)c(Cl)c3)ncnc2c1,IC50,1384.0,nM,5.86,-9.70
CHEMBL381306,Brc1ccc2c(c1)CNc1c(NCc3ccccc3)ncnc1O2,IC50,6000.0,nM,5.22,-9.00
CHEMBL204223,COc1cc(OC)c2c(c1)Oc1ncnc(Nc3cccc(Br)c3)c1NC2,IC50,6300.0,nM,5.2,-8.50
CHEMBL202970,COc1cc2c(cc1OC)Oc1ncnc(Nc3ccc(F)c(Cl)c3)c1NC2,IC50,690.0,nM,6.16,-9.00
CHEMBL380972,COc1cc2c(cc1OC)Oc1ncnc(Nc3cccc(Br)c3)c1NC2,IC50,300.0,nM,6.52,-8.60
CHEMBL425402,Fc1ccc(Nc2ncnc3c2NCc2ccccc2O3)cc1Cl,IC50,1100.0,nM,5.96,-8.80
CHEMBL203219,Brc1cccc(Nc2ncnc3c2NCc2ccccc2O3)c1,IC50,3400.0,nM,5.47,-8.90
CHEMBL204164,C=CC(=O)Nc1ccc2c(c1)CNc1c(Nc3ccc(F)c(Cl)c3)ncnc1O2,IC50,4900.0,nM,5.31,-9.20
CHEMBL381541,C=CC(=O)Nc1ccc2c(c1)CNc1c(Nc3cccc(Br)c3)ncnc1O2,IC50,5400.0,nM,5.27,-8.50
CHEMBL382186,CS(=O)(=O)Nc1ccc2c(c1)CNc1c(Nc3cccc(Br)c3)ncnc1O2,IC50,4100.0,nM,5.39,-8.80
CHEMBL206197,Nc1ccc2c(c1)CNc1c(Nc3ccc(F)c(Cl)c3)ncnc1O2,IC50,3700.0,nM,5.43,-8.90
CHEMBL203132,Nc1ccc2c(c1)CNc1c(Nc3cccc(Br)c3)ncnc1O2,IC50,1700.0,nM,5.77,-8.30
CHEMBL206848,O=C(O)c1ccc2c(c1)CNc1c(Nc3ccc(F)c(Cl)c3)ncnc1O2,IC50,4400.0,nM,5.36,-9.20
CHEMBL205148,O=C(O)c1ccc2c(c1)CNc1c(Nc3cccc(Br)c3)ncnc1O2,IC50,1000.0,nM,6.0,-9.40
CHEMBL426124,COc1ccc2c(c1)CNc1c(Nc3ccc(F)c(Cl)c3)ncnc1O2,IC50,900.0,nM,6.05,-9.30
CHEMBL206347,COc1ccc2c(c1)Oc1ncnc(Nc3ccc(F)c(Cl)c3)c1NC2,IC50,1000.0,nM,6.0,-9.10
CHEMBL424853,Fc1ccc2c(c1)CNc1c(Nc3ccc(F)c(Cl)c3)ncnc1O2,IC50,1000.0,nM,6.0,-9.60
CHEMBL383444,COc1ccc2c(c1)CNc1c(Nc3cccc(Br)c3)ncnc1O2,IC50,1000.0,nM,6.0,-8.50
CHEMBL204715,COc1ccc2c(c1)Oc1ncnc(Nc3cccc(Br)c3)c1NC2,IC50,1900.0,nM,5.72,-8.40
CHEMBL204965,Fc1ccc2c(c1)CNc1c(Nc3cccc(Br)c3)ncnc1O2,IC50,1500.0,nM,5.82,-9.20
CHEMBL205454,COc1ccc2c(c1)CNc1c(Nc3ccc(Cl)cc3)ncnc1O2,IC50,5800.0,nM,5.24,-8.80
CHEMBL383121,COc1ccc2c(c1)CNc1c(Nc3ccccc3)ncnc1O2,IC50,7500.0,nM,5.12,-8.80
CHEMBL203529,Fc1ccc2c(c1)CNc1c(Nc3ccccc3)ncnc1O2,IC50,7000.0,nM,5.16,-8.90
CHEMBL204335,COc1ccc2c(c1)CNc1c(NCc3ccccc3)ncnc1O2,IC50,2000.0,nM,5.7,-8.80
CHEMBL379041,Fc1ccc2c(c1)CNc1c(NCc3ccccc3)ncnc1O2,IC50,8900.0,nM,5.05,-9.50
CHEMBL606964,COc1ccc(N2Cc3cnc(Nc4ccc(F)cc4)nc3N([C@@H]3CC[C@@H](O)C3)C2=O)cc1,IC50,545.0,nM,6.26,-8.90
CHEMBL206483,Cc1cccc(-n2ncc3c(NCc4ccc5c(c4)OCO5)ncnc32)c1,IC50,15000.0,nM,4.82,-9.30
CHEMBL206003,NCc1cccc(C#Cc2cncnc2Nc2ccc(OCc3cccc(F)c3)c(Cl)c2)n1,IC50,21.0,nM,7.68,-9.50
CHEMBL204570,OCc1cccc(C#Cc2cncnc2Nc2ccc(OCc3cccc(F)c3)c(Cl)c2)n1,IC50,40.0,nM,7.4,-9.40
CHEMBL205047,OCc1nc(C#Cc2cncnc2Nc2ccc(OCc3cccc(F)c3)c(Cl)c2)cs1,IC50,76.0,nM,7.12,-9.20
CHEMBL381604,Nc1nccc(C#Cc2cncnc2Nc2ccc(OCc3cccc(F)c3)c(Cl)c2)n1,IC50,32.0,nM,7.5,-9.70
CHEMBL205284,Fc1cccc(COc2ccc(Nc3ncncc3C#Cc3cc[nH]n3)cc2Cl)c1,IC50,42.0,nM,7.38,-8.90
CHEMBL207869,Fc1cccc(COc2ccc(Nc3ncncc3C#Cc3ncccn3)cc2Cl)c1,IC50,77.0,nM,7.11,-9.20
CHEMBL205870,C#Cc1cncnc1Nc1ccc(OCc2cccc(F)c2)c(Cl)c1,IC50,85.0,nM,7.07,-8.40
CHEMBL205652,Fc1cccc(COc2ccc(Nc3ccncn3)cc2Cl)c1,IC50,320.0,nM,6.5,-8.20
CHEMBL425601,COc1cc2ncnc(Nc3cccc(Cl)c3F)c2cc1CN(C)C1(C(N)=O)CN(C(C)C)C1,IC50,9.0,nM,8.05,-9.40
CHEMBL207718,COc1cc2ncnc(Nc3cccc(Cl)c3F)c2cc1CN(C)C1(C(N)=O)CN(C)C1,IC50,10.0,nM,8.0,-9.80
CHEMBL207130,COc1cc2ncnc(Nc3cccc(Cl)c3F)c2cc1CN(C)C1(C(N)=O)CCN(C)CC1,IC50,9.0,nM,8.05,-10.10
CHEMBL380889,COc1cc2ncnc(Nc3cccc(Cl)c3F)c2cc1CN(C)[C@@H](CN(C)C)C(N)=O,IC50,50.0,nM,7.3,-8.80
CHEMBL207445,COCC[C@@H](C(N)=O)N(C)Cc1cc2c(Nc3cccc(Cl)c3F)ncnc2cc1OC,IC50,10.0,nM,8.0,-8.80
CHEMBL379905,COC[C@@H](C(N)=O)N(C)Cc1cc2c(Nc3cccc(Cl)c3F)ncnc2cc1OC,IC50,30.0,nM,7.52,-8.80
CHEMBL208286,COc1cc2ncnc(Nc3cccc(Cl)c3F)c2cc1CN(C)[C@@H](CO)C(N)=O,IC50,20.0,nM,7.7,-8.80
CHEMBL376967,COc1cc2ncnc(Nc3cccc(Cl)c3F)c2cc1CN(CCN(C)C)[C@@H](C)C(N)=O,IC50,90.0,nM,7.05,-8.70
CHEMBL382823,COCCN(Cc1cc2c(Nc3cccc(Cl)c3F)ncnc2cc1OC)[C@@H](C)C(N)=O,IC50,10.0,nM,8.0,-8.90
CHEMBL378370,COc1cc2ncnc(Nc3cccc(Cl)c3F)c2cc1CN(C)C1CCNC1=O,IC50,20.0,nM,7.7,-9.70
CHEMBL380006,COc1cc2ncnc(Nc3cccc(Cl)c3F)c2cc1CN(C)[C@H](C)C(=O)N(C)C,IC50,40.0,nM,7.4,-8.60
CHEMBL211003,CNC(=O)[C@@H](C)N(C)Cc1cc2c(Nc3cccc(Cl)c3F)ncnc2cc1OC,IC50,20.0,nM,7.7,-9.10
CHEMBL207687,COc1cc2ncnc(Nc3cccc(Cl)c3F)c2cc1CN(C)[C@@H](C)C(N)=O,IC50,8.0,nM,8.1,-9.10
CHEMBL208118,COc1cc2ncnc(Nc3cccc(Cl)c3F)c2cc1CN(C)[C@H](C)C(N)=O,IC50,9.0,nM,8.05,-9.20
CHEMBL379601,COc1cc2ncnc(Nc3cccc(Cl)c3F)c2cc1CN(C)CC(N)=O,IC50,20.0,nM,7.7,-9.00
CHEMBL380386,COc1cc2ncnc(Nc3cccc(Cl)c3F)c2cc1CN[C@H](C)C(N)=O,IC50,120.0,nM,6.92,-8.90
CHEMBL207037,COc1cc2ncnc(Nc3cccc(Cl)c3F)c2cc1CN1CC(C(N)=O)C1,IC50,50.0,nM,7.3,-9.70
CHEMBL207246,COc1cc2ncnc(Nc3cccc(Cl)c3F)c2cc1CN1CCC1C(N)=O,IC50,70.0,nM,7.16,-9.60
CHEMBL207674,COc1cc2ncnc(Nc3cccc(Cl)c3F)c2cc1CN1CCOCC1C(N)=O,IC50,50.0,nM,7.3,-9.40
CHEMBL206783,COc1cc2ncnc(Nc3cccc(Cl)c3F)c2cc1CN1CCCC[C@@H]1C(N)=O,IC50,8.0,nM,8.1,-9.70
CHEMBL204420,COc1cc2ncnc(Nc3cccc(Cl)c3F)c2cc1CN1CCN(C)CC1C(N)=O,IC50,30.0,nM,7.52,-10.00
CHEMBL377772,COc1cc2ncnc(Nc3cccc(Cl)c3F)c2cc1CN1CCC[C@H]1CC(N)=O,IC50,130.0,nM,6.89,-9.80
CHEMBL380454,COc1cc2ncnc(Nc3cccc(Cl)c3F)c2cc1CN1CC[C@H](C(N)=O)C1,IC50,80.0,nM,7.1,-10.00
CHEMBL382822,COc1cc2ncnc(Nc3cccc(Cl)c3F)c2cc1CN1CCC[C@@H]1C(=O)N(C)C,IC50,450.0,nM,6.35,-8.90
CHEMBL383760,CNC(=O)[C@H]1CCCN1Cc1cc2c(Nc3cccc(Cl)c3F)ncnc2cc1OC,IC50,50.0,nM,7.3,-9.70
CHEMBL207235,COc1cc2ncnc(Nc3cccc(Cl)c3F)c2cc1CN1C[C@H](OC)C[C@@H]1C(N)=O,IC50,10.0,nM,8.0,-8.80
CHEMBL208292,COc1cc2ncnc(Nc3cccc(Cl)c3F)c2cc1CN1CCC[C@@H]1C(N)=O,IC50,10.0,nM,8.0,-9.20
CHEMBL207584,COc1cc2ncnc(Nc3cccc(Cl)c3F)c2cc1CN1CCC[C@H]1C(N)=O,IC50,30.0,nM,7.52,-9.50
CHEMBL382638,COc1cc2ncnc(Nc3ccc(F)c(Cl)c3)c2cc1CN1CCC[C@H]1C(N)=O,IC50,20.0,nM,7.7,-9.60
CHEMBL206955,COc1cc2ncnc(Nc3ccc(F)c(Cl)c3)c2cc1CN1CCC[C@@H]1C(N)=O,IC50,6.0,nM,8.22,-8.90
CHEMBL437885,COc1cc2ncnc(Nc3cccc(Cl)c3F)c2cc1CN1CCCC1,IC50,300.0,nM,6.52,-9.30
CHEMBL208048,COc1cc2ncnc(Nc3cccc(Cl)c3F)c2cc1CN(C(C)C)[C@@H](C)C(N)=O,IC50,50.0,nM,7.3,-9.00
CHEMBL210893,CN(C(=O)N(CCCl)N=O)c1ccc2ncnc(Nc3cccc(Br)c3)c2c1,IC50,294.0,nM,6.53,-8.60
CHEMBL210378,CN(C(=O)N(CCCl)N=O)c1ccc2ncnc(Nc3cccc(Cl)c3)c2c1,IC50,204.0,nM,6.69,-8.60
CHEMBL209818,Cc1cccc(Nc2ncnc3ccc(N(C)C(=O)N(CCCl)N=O)cc23)c1,IC50,1139.0,nM,5.94,-8.90
CHEMBL210660,O=NN(CCCl)C(=O)Nc1ccc2ncnc(Nc3cccc(Br)c3)c2c1,IC50,47.0,nM,7.33,-8.30
CHEMBL210659,O=NN(CCCl)C(=O)Nc1ccc2ncnc(Nc3cccc(Cl)c3)c2c1,IC50,67.0,nM,7.17,-8.50
CHEMBL210502,Cc1cccc(Nc2ncnc3ccc(NC(=O)N(CCCl)N=O)cc23)c1,IC50,1061.0,nM,5.97,-9.10
CHEMBL379047,CN(CCCl)C(=O)Nc1ccc2ncnc(Nc3cccc(Br)c3)c2c1,IC50,156.0,nM,6.81,-8.70
CHEMBL208144,CN(CCCl)C(=O)Nc1ccc2ncnc(Nc3cccc(Cl)c3)c2c1,IC50,81.0,nM,7.09,-8.90
CHEMBL208849,Cc1cccc(Nc2ncnc3ccc(NC(=O)N(C)CCCl)cc23)c1,IC50,1693.0,nM,5.77,-8.60
CHEMBL207009,O=C(NCCCl)Nc1ccc2ncnc(Nc3cccc(Br)c3)c2c1,IC50,18.0,nM,7.75,-8.70
CHEMBL210444,O=C(NCCCl)Nc1ccc2ncnc(Nc3cccc(Cl)c3)c2c1,IC50,22.0,nM,7.66,-8.70
CHEMBL208240,Cc1cccc(Nc2ncnc3ccc(NC(=O)NCCCl)cc23)c1,IC50,676.0,nM,6.17,-8.70
CHEMBL209343,CNc1ccc2ncnc(Nc3cccc(Cl)c3)c2c1,IC50,4.0,nM,8.4,-8.30
CHEMBL208594,CNc1ccc2ncnc(Nc3cccc(C)c3)c2c1,IC50,11.0,nM,7.96,-8.30
CHEMBL213560,O=C1NC(=O)N(CCc2ccccc2)/C1=C/c1ccc(O)cc1,IC50,710.0,nM,6.15,-9.00
CHEMBL385479,COc1cc2ncnc(Nc3cccc(Cl)c3F)c2cc1OCCCN1CCOCC1,IC50,18.0,nM,7.75,-9.00
CHEMBL384699,COc1cc2ncnc(Nc3cc(Cl)ccc3F)c2cc1OCCCN1CCOCC1,IC50,51.0,nM,7.29,-8.80
CHEMBL213874,COc1cc2ncnc(Nc3cccc(Cl)c3F)c2cc1OCC1CCN(C)CC1,IC50,2.0,nM,8.7,-9.50
CHEMBL214631,COc1cc2ncnc(Nc3cc(Cl)ccc3F)c2cc1OC1CCN(C)CC1,IC50,106.0,nM,6.97,-9.30
CHEMBL385471,COc1cc2ncnc(Nc3cc(Cl)ccc3F)c2cc1OCC1CCN(C)CC1,IC50,9.0,nM,8.05,-9.40
CHEMBL276154,COc1cc2ncnc(Nc3ccc(F)c(Cl)c3)c2cc1OC1CCN(C)CC1,IC50,10.0,nM,8.0,-9.40
CHEMBL215786,COc1cc2ncnc(Nc3ccc(F)c(Cl)c3)c2cc1OCC1CCN(C)CC1,IC50,3.0,nM,8.52,-9.50
CHEMBL214798,COc1cc2ncnc(Nc3cccc(Cl)c3F)c2cc1OC1CCN(C)CC1,IC50,2.0,nM,8.7,-9.40
CHEMBL213007,COc1cc2ncnc(Nc3cc(Cl)ccc3F)c2cc1OC1CCN(S(C)(=O)=O)CC1,IC50,1.0,nM,9.0,-9.30
CHEMBL214478,COc1cc2ncnc(Nc3cc(Cl)ccc3F)c2cc1OC1CCN(CC(N)=O)CC1,IC50,9.0,nM,8.05,-9.70
CHEMBL215559,COCCN1CCC(Oc2cc3c(Nc4cc(Cl)ccc4F)ncnc3cc2OC)CC1,IC50,114.0,nM,6.94,-8.90
CHEMBL387265,COc1cc2ncnc(Nc3cccc(Cl)c3F)c2cc1OC1CCN(S(C)(=O)=O)CC1,IC50,2.0,nM,8.7,-9.20
CHEMBL218677,COc1cc2ncnc(Nc3cccc(Cl)c3F)c2cc1OC1CCN(CC(N)=O)CC1,IC50,2.0,nM,8.7,-9.80
CHEMBL214857,COCCN1CCC(Oc2cc3c(Nc4cccc(Cl)c4F)ncnc3cc2OC)CC1,IC50,3.0,nM,8.52,-9.30
CHEMBL379001,COc1cc2c(cc1OC)Nc1ncnc(N[C@H](C)c3ccccc3)c1NC2,IC50,150.0,nM,6.82,-8.30
CHEMBL215191,COc1cc2c(cc1OC)Nc1ncnc(NCc3ccccc3)c1NC2,IC50,200.0,nM,6.7,-8.60
CHEMBL216039,COc1cccc(CNc2ncnc3c2NCc2cc(OC)c(OC)cc2N3)c1,IC50,800.0,nM,6.1,-8.80
CHEMBL376089,COc1cc2c(cc1OC)Nc1ncnc(NCc3ccc(F)c(Cl)c3)c1NC2,IC50,300.0,nM,6.52,-8.90
CHEMBL215055,COc1cc2c(cc1OC)Nc1ncnc(Nc3cccc(Br)c3)c1NC2,IC50,1500.0,nM,5.82,-8.40
CHEMBL213371,COc1cc2c(cc1OC)Sc1nc(C)nc(Nc3ccc4c[nH]nc4c3)c1NC2,IC50,24600.0,nM,4.61,-9.60
CHEMBL213616,COc1cc2c(cc1OC)Sc1nc(C)nc(Nc3ccc4[nH]cnc4c3)c1NC2,IC50,14500.0,nM,4.84,-9.20
CHEMBL425074,COc1cc2c(cc1OC)Sc1ncnc(N(C)c3cccc(Cl)c3)c1NC2,IC50,27000.0,nM,4.57,-8.20
CHEMBL385425,COc1cc2c(cc1OC)Sc1ncnc(Nc3ccc4c[nH]nc4c3)c1NC2,IC50,14100.0,nM,4.85,-9.10
CHEMBL425620,COc1cc2c(cc1OC)Oc1ncnc(Oc3ccc(F)c(Cl)c3)c1N(C)C2,IC50,10800.0,nM,4.97,-8.70
CHEMBL213173,COc1cc2c(cc1OC)Oc1ncnc(Oc3cccc(Cl)c3F)c1NC2,IC50,4600.0,nM,5.34,-8.70
CHEMBL384067,COc1cc2c(cc1OC)Oc1ncnc(Oc3cccc(Br)c3)c1N(C)C2,IC50,1200.0,nM,5.92,-7.50
CHEMBL216048,COc1cc2c(cc1OC)Oc1ncnc(Oc3cccc(Br)c3)c1NC2,IC50,700.0,nM,6.16,-8.80
CHEMBL377730,COc1cc2c(cc1OC)Oc1ncnc(Nc3ccc4ncsc4c3)c1NC2,IC50,5600.0,nM,5.25,-8.50
CHEMBL215488,COc1cc2c(cc1OC)Oc1ncnc(Nc3ccc4c[nH]nc4c3)c1NC2,IC50,1200.0,nM,5.92,-9.40
CHEMBL384558,COc1cc2c(cc1OC)Oc1ncnc(Nc3ccc(F)cc3Cl)c1NC2,IC50,3400.0,nM,5.47,-9.20
CHEMBL214753,COc1cc2c(cc1OC)Oc1ncnc(Nc3cc(Cl)ccc3F)c1NC2,IC50,1100.0,nM,5.96,-8.90
CHEMBL214868,COc1cc2c(cc1OC)Oc1ncnc(Nc3cccc(Cl)c3F)c1NC2,IC50,300.0,nM,6.52,-8.40
CHEMBL386998,COc1cc2c(cc1OC)Oc1ncnc(Nc3ccc(F)cc3)c1NC2,IC50,7100.0,nM,5.15,-9.10
CHEMBL385015,COc1cc2c(cc1OC)Oc1ncnc(Nc3ccc(Br)cc3)c1NC2,IC50,8700.0,nM,5.06,-7.80
CHEMBL215071,C#Cc1cccc(Nc2ncnc3c2NCc2cc(OC)c(OC)cc2O3)c1,IC50,900.0,nM,6.05,-8.50
CHEMBL386365,COc1cc2c(cc1OC)Oc1ncnc(Nc3cccc(C)c3)c1NC2,IC50,4400.0,nM,5.36,-8.80
CHEMBL364623,Cc1cc(Nc2ncc(C(=O)Nc3c(C)cccc3Cl)s2)nc(C)n1,IC50,5200.0,nM,5.28,-8.40
CHEMBL201511,COc1cc(C2=C(c3c[nH]c4ccccc34)C(=O)NC2=O)cc(OC)c1OC,IC50,10133.0,nM,4.99,-8.40
CHEMBL1204261,CCOc1cc2ncnc(Nc3cccc(F)c3)c2cc1OCC.Cl,IC50,6.5,nM,8.19,N/A
CHEMBL1203934,COc1cc2ncnc(Nc3ccc(F)cc3)c2cc1OC.Cl,IC50,19.1,nM,7.72,N/A
CHEMBL1204360,COc1cc2ncnc(Nc3ccccc3F)c2cc1OC.Cl,IC50,12.8,nM,7.89,N/A
CHEMBL1203940,CCOc1cc2ncnc(Nc3ccc(F)cc3)c2cc1OCC.Cl,IC50,16.0,nM,7.8,N/A
CHEMBL1203939,CCOc1cc2ncnc(Nc3ccccc3F)c2cc1OCC.Cl,IC50,9.31,nM,8.03,N/A
CHEMBL1203938,COc1cc2ncnc(NCc3ccc(F)cc3)c2cc1OC.Cl,IC50,10.9,nM,7.96,N/A
CHEMBL1203937,CCOc1cc2ncnc(NCc3ccc(F)cc3)c2cc1OCC.Cl,IC50,6.6,nM,8.18,N/A
CHEMBL1203936,COc1cc2ncnc(Nc3cc(F)cc(C(F)(F)F)c3)c2cc1OC.Cl,IC50,19.1,nM,7.72,N/A
CHEMBL1204305,COc1cc2ncnc(Nc3cccc(I)c3)c2cc1OC.Cl,IC50,1.05,nM,8.98,N/A
CHEMBL1204168,COc1cc2ncnc(Nc3cccc(Br)c3)c2cc1OC.Cl,IC50,0.66,nM,9.18,N/A
CHEMBL225720,CN(C)CCN/N=N/c1ccc2ncnc(Nc3cccc(Cl)c3)c2c1,IC50,37.0,nM,7.43,-8.10
CHEMBL225928,CN(CCCl)CCN/N=N/c1ccc2ncnc(Nc3cccc(Cl)c3)c2c1,IC50,4.4,nM,8.36,-8.10
CHEMBL220037,N#Cc1cnc2ccc(NCc3c[nH]cn3)cc2c1Nc1ccc(F)c(Cl)c1,IC50,30.0,nM,7.52,-9.00
CHEMBL242206,C[S+]([O-])c1cc(NCc2c[nH]cn2)cc2c(Nc3ccc(F)c(Cl)c3)c(C#N)cnc12,IC50,5000.0,nM,5.3,-9.10
CHEMBL241990,COc1cc(NCc2c[nH]cn2)cc2c(Nc3ccc(F)c(Cl)c3)c(C#N)cnc12,IC50,2080.0,nM,5.68,-9.10
CHEMBL242349,COCCOc1cc2ncnc(NC3=CC(=O)C(OCc4cccc(OC)c4)=CC3=O)c2cc1OC,IC50,7710.0,nM,5.11,-8.50
CHEMBL428039,CCOc1cc2ncnc(NC3=CC(=O)C(OC)=CC3=O)c2cc1NC(=O)/C=C/CN(C)C,IC50,799.3,nM,6.1,-8.60
CHEMBL242131,CN(C)C/C=C/C(=O)Nc1ccc2ncnc(Nc3ccc(Br)cc3F)c2c1,IC50,704.0,nM,6.15,-8.80
CHEMBL427671,Cc1ccn2ncnc(Nc3ccc4c(cnn4Cc4cccc(F)c4)c3)c12,IC50,81.0,nM,7.09,-9.80
CHEMBL398793,CC1CNCCN(Cc2ccn3ncnc(Nc4ccc5c(cnn5Cc5cccc(F)c5)c4)c23)C1,IC50,130.0,nM,6.89,-10.40
CHEMBL234580,O=C1CNCCN(Cc2ccn3ncnc(Nc4ccc5c(cnn5Cc5cccc(F)c5)c4)c23)C1,IC50,780.0,nM,6.11,-10.70
CHEMBL393787,O[C@@H]1CNCCN(Cc2ccn3ncnc(Nc4ccc5c(cnn5Cc5cccc(F)c5)c4)c23)C1,IC50,200.0,nM,6.7,-10.60
CHEMBL233325,O[C@H]1CNCCN(Cc2ccn3ncnc(Nc4ccc5c(cnn5Cc5cccc(F)c5)c4)c23)C1,IC50,26.0,nM,7.58,-10.30
CHEMBL233324,O=C1CCN(Cc2ccn3ncnc(Nc4ccc5c(cnn5Cc5cccc(F)c5)c4)c23)CCN1,IC50,240.0,nM,6.62,-10.20
CHEMBL234577,CN1CCCN(Cc2ccn3ncnc(Nc4ccc5c(cnn5Cc5cccc(F)c5)c4)c23)CC1,IC50,130.0,nM,6.89,-9.50
CHEMBL392273,Fc1cccc(Cn2ncc3cc(Nc4ncnn5ccc(CN6CCCNCC6)c45)ccc32)c1,IC50,33.0,nM,7.48,-10.50
CHEMBL231885,CC(=O)N1CCN(Cc2ccn3ncnc(Nc4ccc5c(cnn5Cc5cccc(F)c5)c4)c23)CC1,IC50,710.0,nM,6.15,-10.00
CHEMBL265629,O=C1CN(Cc2ccn3ncnc(Nc4ccc5c(cnn5Cc5cccc(F)c5)c4)c23)CCN1,IC50,350.0,nM,6.46,-10.20
CHEMBL232082,CN1CCN(Cc2ccn3ncnc(Nc4ccc5c(cnn5Cc5cccc(F)c5)c4)c23)CC1,IC50,170.0,nM,6.77,-9.90
CHEMBL231875,Fc1cccc(Cn2ncc3cc(Nc4ncnn5ccc(CN6CCNCC6)c45)ccc32)c1,IC50,90.0,nM,7.05,-10.00
CHEMBL398388,NC(=O)C1CCN(Cc2ccn3ncnc(Nc4ccc5c(cnn5Cc5cccc(F)c5)c4)c23)CC1,IC50,140.0,nM,6.85,-10.50
CHEMBL234772,O=C(O)C1CCN(Cc2ccn3ncnc(Nc4ccc5c(cnn5Cc5cccc(F)c5)c4)c23)CC1,IC50,220.0,nM,6.66,-10.00
CHEMBL401443,OC1CCN(Cc2ccn3ncnc(Nc4ccc5c(cnn5Cc5cccc(F)c5)c4)c23)CC1,IC50,68.0,nM,7.17,-9.90
CHEMBL391675,Fc1cccc(Cn2ncc3cc(Nc4ncnn5ccc(CN6CCCC6)c45)ccc32)c1,IC50,500.0,nM,6.3,-10.10
CHEMBL391521,CN(CCO)Cc1ccn2ncnc(Nc3ccc4c(cnn4Cc4cccc(F)c4)c3)c12,IC50,110.0,nM,6.96,-9.00
CHEMBL391321,OCCNCc1ccn2ncnc(Nc3ccc4c(cnn4Cc4cccc(F)c4)c3)c12,IC50,45.0,nM,7.35,-8.90
CHEMBL394463,Cc1ccn2ncnc(Nc3ccc4c(cnn4Cc4cccnc4)c3)c12,IC50,1800.0,nM,5.75,-9.10
CHEMBL394462,Cc1ccn2ncnc(Nc3ccc4c(cnn4Cc4ccccn4)c3)c12,IC50,200.0,nM,6.7,-8.80
CHEMBL429827,Cc1ccn2ncnc(Nc3ccc4c(cnn4Cc4ccccc4)c3)c12,IC50,86.0,nM,7.07,-8.90
CHEMBL247100,Cc1ccn2ncnc(Nc3ccc4[nH]ncc4c3)c12,IC50,210.0,nM,6.68,-8.90
CHEMBL246276,OCc1ccn2ncnc(Nc3ccc4c(cnn4Cc4cccc(F)c4)c3)c12,IC50,120.0,nM,6.92,-9.60
CHEMBL246492,Fc1cccc(Cn2ncc3cc(Nc4ncnn5ccc(COC[C@@H]6COCCN6)c45)ccc32)c1,IC50,640.0,nM,6.19,-9.40
CHEMBL428046,Fc1cccc(Cn2ncc3cc(Nc4ncnn5ccc(COC[C@H]6CNCCO6)c45)ccc32)c1,IC50,83.0,nM,7.08,-9.70
CHEMBL246284,Fc1cccc(Cn2ncc3cc(Nc4ncnn5ccc(COC[C@@H]6CNCCO6)c45)ccc32)c1,IC50,61.0,nM,7.21,-10.00
CHEMBL246073,Fc1cccc(Cn2ncc3cc(Nc4ncnn5ccc(COC[C@H]6CCCNC6)c45)ccc32)c1,IC50,190.0,nM,6.72,-10.00
CHEMBL246072,Fc1cccc(Cn2ncc3cc(Nc4ncnn5ccc(COCC6CCNCC6)c45)ccc32)c1,IC50,130.0,nM,6.89,-9.80
CHEMBL245869,Fc1cccc(Cn2ncc3cc(Nc4ncnn5ccc(COC6CCNCC6)c45)ccc32)c1,IC50,73.0,nM,7.14,-9.80
CHEMBL245868,CN(C)CCCOCc1ccn2ncnc(Nc3ccc4c(cnn4Cc4cccc(F)c4)c3)c12,IC50,620.0,nM,6.21,-8.40
CHEMBL245867,NCCCCOCc1ccn2ncnc(Nc3ccc4c(cnn4Cc4cccc(F)c4)c3)c12,IC50,160.0,nM,6.8,-8.70
CHEMBL245667,NCCCOCc1ccn2ncnc(Nc3ccc4c(cnn4Cc4cccc(F)c4)c3)c12,IC50,64.0,nM,7.19,-8.30
CHEMBL394333,NCCOCc1ccn2ncnc(Nc3ccc4c(cnn4Cc4cccc(F)c4)c3)c12,IC50,90.0,nM,7.05,-8.60
CHEMBL246694,NC(=O)COCc1ccn2ncnc(Nc3ccc4c(cnn4Cc4cccc(F)c4)c3)c12,IC50,140.0,nM,6.85,-9.20
CHEMBL246491,COC(=O)COCc1ccn2ncnc(Nc3ccc4c(cnn4Cc4cccc(F)c4)c3)c12,IC50,460.0,nM,6.34,-9.30
CHEMBL394057,O=C(O)COCc1ccn2ncnc(Nc3ccc4c(cnn4Cc4cccc(F)c4)c3)c12,IC50,30.0,nM,7.52,-8.90
CHEMBL246489,COCCOCc1ccn2ncnc(Nc3ccc4c(cnn4Cc4cccc(F)c4)c3)c12,IC50,490.0,nM,6.31,-8.60
CHEMBL394056,COCc1ccn2ncnc(Nc3ccc4c(cnn4Cc4cccc(F)c4)c3)c12,IC50,340.0,nM,6.47,-8.60
CHEMBL246493,Fc1cccc(COc2ccc(Nc3ncnn4ccc(COC[C@@H]5CNCCO5)c34)cc2Cl)c1,IC50,560.0,nM,6.25,-9.50
CHEMBL245277,C[C@@H](c1ccccc1)n1ncc2cc(Nc3ncnn4ccc(COC[C@@H]5CNCCO5)c34)ccc21,IC50,690.0,nM,6.16,-10.10
CHEMBL394495,C[C@H](c1ccccc1)n1ncc2cc(Nc3ncnn4ccc(COC[C@@H]5CNCCO5)c34)ccc21,IC50,120.0,nM,6.92,-9.90
CHEMBL247127,c1cncc(Cn2ncc3cc(Nc4ncnn5ccc(COC[C@@H]6CNCCO6)c45)ccc32)c1,IC50,810.0,nM,6.09,-9.70
CHEMBL396079,c1ccc(Cn2ncc3cc(Nc4ncnn5ccc(COC[C@@H]6CNCCO6)c45)ccc32)nc1,IC50,500.0,nM,6.3,-9.60
CHEMBL248322,NC1CCN(Cc2ccn3ncnc(Nc4ccc(OCc5cccc[n+]5[O-])c(Cl)c4)c23)CC1,IC50,70.0,nM,7.16,-9.80
CHEMBL248321,NC1CCN(Cc2ccn3ncnc(Nc4ccc(OCc5cnccn5)c(Cl)c4)c23)CC1,IC50,32.0,nM,7.5,-9.50
CHEMBL248116,NC1CCN(Cc2ccn3ncnc(Nc4ccc(OCc5ccccn5)c(Cl)c4)c23)CC1,IC50,36.0,nM,7.44,-9.80
CHEMBL248115,Cc1cncc(COc2ccc(Nc3ncnn4ccc(CN5CCC(N)CC5)c34)cc2Cl)c1,IC50,85.0,nM,7.07,-10.00
CHEMBL391387,NC1CCN(Cc2ccn3ncnc(Nc4ccc(OCc5cccnc5)c(Cl)c4)c23)CC1,IC50,150.0,nM,6.82,-8.90
CHEMBL248114,Cc1cncc(Cn2ncc3cc(Nc4ncnn5ccc(CN6CCC(N)CC6)c45)ccc32)c1,IC50,19.0,nM,7.72,-9.80
CHEMBL247916,NC1CCN(Cc2ccn3ncnc(Nc4ccc5c(cnn5Cc5ccncc5)c4)c23)CC1,IC50,530.0,nM,6.28,-10.00
CHEMBL247915,NC1CCN(Cc2ccn3ncnc(Nc4ccc5c(cnn5Cc5cccnc5)c4)c23)CC1,IC50,190.0,nM,6.72,-10.00
CHEMBL247914,NC1CCN(Cc2ccn3ncnc(Nc4ccc5c(cnn5Cc5ccccn5)c4)c23)CC1,IC50,47.0,nM,7.33,-9.50
CHEMBL247710,NC1CCN(Cc2ccn3ncnc(Nc4ccc(OCc5cccc(F)c5)c(Cl)c4)c23)CC1,IC50,38.0,nM,7.42,-10.20
CHEMBL247709,Fc1cccc(COc2ccc(Nc3ncnn4ccc(CN5CCCNCC5)c34)cc2Cl)c1,IC50,48.0,nM,7.32,-9.60
CHEMBL393264,CC1(N)CCN(Cc2ccn3ncnc(Nc4ccc5c(cnn5Cc5cccc(F)c5)c4)c23)CC1,IC50,50.0,nM,7.3,-10.30
CHEMBL247309,CN(C)C1CCN(Cc2ccn3ncnc(Nc4ccc5c(cnn5Cc5cccc(F)c5)c4)c23)CC1,IC50,100.0,nM,7.0,-10.00
CHEMBL391779,CNC1CCN(Cc2ccn3ncnc(Nc4ccc5c(cnn5Cc5cccc(F)c5)c4)c23)CC1,IC50,63.0,nM,7.2,-9.50
CHEMBL391778,NCC1CCN(Cc2ccn3ncnc(Nc4ccc5c(cnn5Cc5cccc(F)c5)c4)c23)CC1,IC50,35.0,nM,7.46,-9.40
CHEMBL246687,N[C@H]1CCN(Cc2ccn3ncnc(Nc4ccc5c(cnn5Cc5cccc(F)c5)c4)c23)C1,IC50,50.0,nM,7.3,-9.40
CHEMBL393848,N[C@@H]1CCN(Cc2ccn3ncnc(Nc4ccc5c(cnn5Cc5cccc(F)c5)c4)c23)C1,IC50,60.0,nM,7.22,-9.40
CHEMBL392664,Fc1cccc(Cn2ncc3cc(Nc4ncnn5ccc(CNC6CCNCC6)c45)ccc32)c1,IC50,110.0,nM,6.96,-9.90
CHEMBL248108,NC1CCN(Cc2ccn3ncnc(Nc4ccc5c(cnn5Cc5cccc(F)c5)c4)c23)CC1,IC50,35.0,nM,7.46,-9.80
CHEMBL248044,COc1cc2ncc(C#N)c(N[C@@H]3C[C@H]3c3ccccc3)c2cc1OC,Ki,24.0,nM,7.62,-8.30
CHEMBL246419,COc1cc2ncc(C#N)c(N[C@@H]3C[C@H]3c3ccccc3F)c2cc1OC,Ki,36.0,nM,7.44,-8.30
CHEMBL248425,COc1cc2ncc(C#N)c(N[C@@H]3C[C@H]3c3cccc(Br)c3)c2cc1OC,Ki,52.0,nM,7.28,-8.40
CHEMBL400742,COc1cc2ncc(C#N)c(N[C@@H]3C[C@H]3c3ccc(Br)cc3)c2cc1OC,Ki,220.0,nM,6.66,-8.40
CHEMBL247196,COc1cc2ncc(C#N)c(N[C@@H]3C[C@H]3c3ccc(Cl)cc3)c2cc1OC,Ki,44.0,nM,7.36,-8.50
CHEMBL245798,COc1cc2c(N[C@@H]3C[C@H]3c3ccccc3)c(C#N)cnc2cc1OC1CCN(C)CC1,Ki,360.0,nM,6.44,-8.40
CHEMBL248393,COc1cc2c(N[C@@H]3C[C@H]3c3ccccc3)c(C#N)cnc2cc1OCCCN1CCN(C)CC1,Ki,3.0,nM,8.52,-8.40
CHEMBL248392,COc1cc2c(N[C@@H]3C[C@H]3c3ccccc3)c(C#N)cnc2cc1OCCCN1CCOCC1,IC50,5.0,nM,8.3,-8.60
CHEMBL401251,COCCOc1cc2ncc(C#N)c(N[C@@H]3C[C@H]3c3ccccc3)c2cc1OC,IC50,52.8,nM,7.28,-8.10
CHEMBL248221,COc1cc2ncc(C#N)c(N[C@@H]3C[C@H]3c3ccccc3)c2cc1OCCCN1CCOCC1,Ki,52.0,nM,7.28,-8.70
CHEMBL401054,COc1cc2ncc(C#N)c(N[C@@H]3C[C@H]3c3ccccc3)c2cc1OCCN1CCOCC1,Ki,64.0,nM,7.19,-9.00
CHEMBL401644,COc1ccc2ncc(C#N)c(N[C@@H]3C[C@H]3c3ccccc3)c2c1,Ki,360.0,nM,6.44,-8.20
CHEMBL248045,COc1ccc2c(N[C@@H]3C[C@H]3c3ccccc3)c(C#N)cnc2c1,Ki,180.0,nM,6.75,-8.50
CHEMBL250315,COc1cc2ncnc(C#Cc3ccccc3)c2cc1OC,IC50,5600.0,nM,5.25,-8.10
CHEMBL251315,CCOc1cc2ncnc(C#C[C@](C)(Cc3ccccc3)N3CCC(C(=O)O)CC3)c2cc1OCC,IC50,662.0,nM,6.18,-8.80
CHEMBL399373,CCOc1cc2ncnc(C#C[C@@](C)(Cc3ccccc3)N3CCC(C(=O)O)CC3)c2cc1OCC,IC50,4.2,nM,8.38,-8.90
CHEMBL251314,CCOc1cc2ncnc(C#CC(C)(Cc3ccccc3)N3CCC(C(=O)O)CC3)c2cc1OCC,IC50,11.7,nM,7.93,-8.40
CHEMBL251125,CCOc1cc2ncnc(C#Cc3c[nH]nc3-c3ccc(F)cc3)c2cc1OCC,IC50,1.8,nM,8.74,-8.70
CHEMBL399372,CCOc1cc2ncnc(C#Cc3nccn3-c3ccccc3)c2cc1OCC,IC50,12.0,nM,7.92,-8.60
CHEMBL251124,CCOc1cc2ncnc(C#Cc3[nH]ccc3-c3ccccc3)c2cc1OCC,IC50,10.0,nM,8.0,-8.80
CHEMBL250925,CCOc1cc2ncnc(/C=C/c3ccccc3)c2cc1OCC,IC50,15.0,nM,7.82,-8.20
CHEMBL250924,COc1cc2ncnc(C#Cc3ccccc3-c3ccccc3)c2cc1OC,IC50,26.0,nM,7.58,-9.10
CHEMBL250923,COc1cc2ncnc(/C=C/CCc3ccccc3)c2cc1OC,IC50,4.0,nM,8.4,-8.00
CHEMBL3085381,CCN(CC)[C@@](C)(CCc1ncnc2cc(OC)c(OC)cc12)Cc1ccccc1,IC50,130.0,nM,6.89,-7.70
CHEMBL3085379,CCN(CC)[C@@](C)(C#Cc1ncnc2cc(OC)c(OC)cc12)Cc1ccncc1,IC50,200.0,nM,6.7,-7.60
CHEMBL3085378,CCN(CC)[C@@](C)(C#Cc1ncnc2cc(OC)c(OC)cc12)CCc1ccccc1,IC50,1200.0,nM,5.92,-8.20
CHEMBL3085377,CCN(CC)[C@@](C)(C#Cc1ncnc2cc(OC)c(OC)cc12)c1ccccc1,IC50,7300.0,nM,5.14,-8.00
CHEMBL3085376,CCN(CC)[C@@](C)(C#Cc1ncnc2cc(OC)c(OC)cc12)Cc1ccccc1,IC50,3.0,nM,8.52,-8.10
CHEMBL3085375,COc1cc2ncnc(C#C[C@@](C)(Cc3ccccc3)N3CCC(C(=O)O)CC3)c2cc1OC,IC50,33.0,nM,7.48,-8.90
CHEMBL3085374,COc1cc2ncnc(C#C[C@](C)(O)Cc3ccccc3)c2cc1OC,IC50,9.0,nM,8.05,-8.10
CHEMBL250524,COc1cc2ncnc(C#CC(C)(C)N(C)c3ccccc3)c2cc1OC,IC50,80.0,nM,7.1,-8.30
CHEMBL399953,COc1cc2ncnc(C#CC(C)(C)Cc3ccccc3)c2cc1OC,IC50,13.0,nM,7.89,-8.30
CHEMBL250523,COc1cc2ncnc(C#CCOc3ccccc3)c2cc1OC,IC50,15.0,nM,7.82,-7.80
CHEMBL250318,COc1cc2ncnc(C#CCCc3ccccc3)c2cc1OC,IC50,14.0,nM,7.85,-7.80
CHEMBL249928,CN(CCOc1cccc2ncnc(Nc3ccc(OCc4ccccn4)c(Cl)c3)c12)C(=O)CO,IC50,35.0,nM,7.46,-9.20
CHEMBL248864,COc1cc2ncnc(Nc3cccc(C#CC(C)(C)O)c3)c2cc1OC,IC50,205.8,nM,6.69,-8.20
CHEMBL437197,COc1cc2ncnc(Nc3cccc(C#CCCCO)c3)c2cc1OC,IC50,1362.6,nM,5.87,-8.30
CHEMBL248674,COc1cc2ncnc(Nc3cccc(C#CCCO)c3)c2cc1OC,IC50,402.1,nM,6.4,-8.00
CHEMBL399736,COc1cc2ncnc(Nc3cccc(C#CCO)c3)c2cc1OC,IC50,1643.6,nM,5.78,-8.40
CHEMBL399735,COc1cc2ncnc(Nc3cccc(C#Cc4ccccc4)c3)c2cc1OC,IC50,921.0,nM,6.04,-9.20
CHEMBL304929,C#Cc1cccc(Nc2ncnc3cc(OC)c(OC)cc23)c1,Kd,0.55,nM,9.26,-7.50
CHEMBL251498,Fc1ccc(Nc2ncnc3ccc(C#CCN4CCOCC4)cc23)cc1Cl,IC50,50.3,nM,7.3,-9.40
CHEMBL251497,CC(C)(O)C#Cc1ccc2ncnc(Nc3ccc(F)c(Cl)c3)c2c1,IC50,151.5,nM,6.82,-8.70
CHEMBL399928,CC(O)C#Cc1ccc2ncnc(Nc3ccc(F)c(Cl)c3)c2c1,IC50,94.5,nM,7.03,-8.50
CHEMBL251291,OCCCC#Cc1ccc2ncnc(Nc3ccc(F)c(Cl)c3)c2c1,IC50,114.2,nM,6.94,-8.70
CHEMBL249921,OCCC#Cc1ccc2ncnc(Nc3ccc(F)c(Cl)c3)c2c1,IC50,185.8,nM,6.73,-8.40
CHEMBL249919,OCC#Cc1ccc2ncnc(Nc3ccc(F)c(Cl)c3)c2c1,IC50,14.1,nM,7.85,-8.50
CHEMBL249509,C#Cc1ccc2ncnc(Nc3ccc(F)c(Cl)c3)c2c1,IC50,126.9,nM,6.9,-8.60
CHEMBL402011,C[C@@H](Oc1cccc2ncnc(Nc3ccc4c(cnn4Cc4ccccn4)c3)c12)C(=O)N(C)C,IC50,180.0,nM,6.75,-10.10
CHEMBL428777,C[C@@H](Oc1cccc2ncnc(Nc3ccc(OCc4ccccn4)c(Cl)c3)c12)C(=O)N(C)C,IC50,22.0,nM,7.66,-8.90
CHEMBL257478,Cc1ccc(Oc2ccc(Nc3ncnc4cccc(O[C@H](C)C(=O)N(C)CCO)c34)cc2C)cn1,IC50,2000.0,nM,5.7,-9.00
CHEMBL257859,Clc1cc(Nc2ncnc3[nH]nc(OCCCN4CCOCC4)c23)ccc1OCc1ccccn1,IC50,16.0,nM,7.8,-8.70
CHEMBL257861,OCCOc1n[nH]c2ncnc(Nc3ccc(OCc4ccccn4)c(Cl)c3)c12,IC50,16.0,nM,7.8,-8.10
CHEMBL271705,Clc1cc(Nc2ncnc3[nH]nc(OCCN4CCOCC4)c23)ccc1OCc1ccccn1,IC50,1.0,nM,9.0,-9.00
CHEMBL257430,Clc1cc(Nc2ncnc3[nH]nc(OCCN4CCNCC4)c23)ccc1OCc1ccccn1,IC50,8.0,nM,8.1,-9.10
CHEMBL402553,Clc1cc(Nc2ncnc3[nH]nc(OCCN4CCCC4)c23)ccc1OCc1ccccn1,IC50,8.0,nM,8.1,-8.20
CHEMBL258282,CN1CCN(CCOc2n[nH]c3ncnc(Nc4ccc(OCc5ccccn5)c(Cl)c4)c23)CC1,IC50,5.0,nM,8.3,-9.10
CHEMBL255135,CNCCOc1n[nH]c2ncnc(Nc3ccc(OCc4ccccn4)c(Cl)c3)c12,IC50,17.0,nM,7.77,-8.30
CHEMBL401713,COc1cc(Nc2ncnc3[nH]nc(OCCN4CCC(O)CC4)c23)ccc1OCc1ccccn1,IC50,104.0,nM,6.98,-9.10
CHEMBL257873,Cc1ccc(Oc2ccc(Nc3ncnc4[nH]nc(OCCN5CCC(O)CC5)c34)cc2F)cn1,IC50,1430.0,nM,5.84,-9.60
CHEMBL257872,Cc1ccc(Oc2ccc(Nc3ncnc4[nH]nc(OCCN5CCC(O)CC5)c34)cc2C)cn1,IC50,216.0,nM,6.67,-9.60
CHEMBL403435,Cc1cc(Nc2ncnc3[nH]nc(OCCN4CCC(O)CC4)c23)ccc1OCc1ccccn1,IC50,18.0,nM,7.75,-9.20
CHEMBL255170,Cc1ccc(Oc2ccc(Nc3ncnc4[nH]nc(OCCN5CCC(O)CC5)c34)cc2Cl)cn1,IC50,7.0,nM,8.15,-9.60
CHEMBL404405,OC1CCN(CCOc2n[nH]c3ncnc(Nc4ccc(OCc5ccccn5)c(Cl)c4)c23)CC1,IC50,13.0,nM,7.89,-9.50
CHEMBL271408,Cc1cccc(Nc2ncnc3ccncc23)c1NCCCn1ccnc1,IC50,3.548,nM,8.45,-8.50
CHEMBL410253,Cc1cccc(Nc2ncnc3ccncc23)c1NCCCN1CCN(C)CC1,IC50,5.623,nM,8.25,-8.40
CHEMBL271410,Cc1cccc(Nc2ncnc3ccncc23)c1NCCCN1CCOCC1,IC50,9.333,nM,8.03,-8.60
CHEMBL271587,Cc1cccc(Nc2ncnc3ccncc23)c1NCCCCN(C)C,IC50,5.495,nM,8.26,-7.70
CHEMBL270895,O=S(=O)(O)CCNc1c(Br)cccc1Nc1ncnc2ccncc12,IC50,1.413,nM,8.85,-7.90
CHEMBL271113,CN(CC(=O)O)c1c(Br)cccc1Nc1ncnc2ccncc12,IC50,16.22,nM,7.79,-7.80
CHEMBL271122,O=C(O)CCCNc1c(Br)cccc1Nc1ncnc2ccncc12,IC50,0.2818,nM,9.55,-8.30
CHEMBL408399,O=C(O)CCNc1c(Br)cccc1Nc1ncnc2ccncc12,IC50,0.6166,nM,9.21,-8.10
CHEMBL405771,O=C(O)CNc1c(Br)cccc1Nc1ncnc2ccncc12,IC50,1.514,nM,8.82,-8.30
CHEMBL272187,Brc1cccc(Nc2ncnc3ccncc23)c1NCCc1c[nH]cn1,IC50,0.912,nM,9.04,-8.40
CHEMBL272865,Brc1cccc(Nc2ncnc3ccncc23)c1NCCCn1ccnc1,IC50,0.5129,nM,9.29,-8.40
CHEMBL272634,NNc1c(Br)cccc1Nc1ncnc2ccncc12,IC50,7.244,nM,8.14,-7.80
CHEMBL427832,OCCN(CCO)CCCNc1c(Br)cccc1Nc1ncnc2ccncc12,IC50,1.202,nM,8.92,-7.30
CHEMBL271623,OCCN(CCO)CCNc1c(Br)cccc1Nc1ncnc2ccncc12,IC50,9.333,nM,8.03,-8.20
CHEMBL271532,CN1CCN(CCCNc2c(Br)cccc2Nc2ncnc3ccncc23)CC1,IC50,5.012,nM,8.3,-8.50
CHEMBL272895,Brc1cccc(Nc2ncnc3ccncc23)c1NCCCCN1CCOCC1,IC50,5.495,nM,8.26,-8.20
CHEMBL271334,Brc1cccc(Nc2ncnc3ccncc23)c1NCCCN1CCOCC1,IC50,1.905,nM,8.72,-8.40
CHEMBL405398,Brc1cccc(Nc2ncnc3ccncc23)c1NCCN1CCOCC1,IC50,3.236,nM,8.49,-8.50
CHEMBL270966,CN(C)CCN(C)c1c(Br)cccc1Nc1ncnc2ccncc12,IC50,40.74,nM,7.39,-7.90
CHEMBL411243,CN(C)CCCCCNc1c(Br)cccc1Nc1ncnc2ccncc12,IC50,8.511,nM,8.07,-8.00
CHEMBL270501,CN(C)CCCCNc1c(Br)cccc1Nc1ncnc2ccncc12,IC50,7.413,nM,8.13,-7.90
CHEMBL408647,CN(C)CCCNc1c(Br)cccc1Nc1ncnc2ccncc12,IC50,8.913,nM,8.05,-7.60
CHEMBL270713,CN(C)CCNc1c(Br)cccc1Nc1ncnc2ccncc12,IC50,45.71,nM,7.34,-7.70
CHEMBL406004,OCCN(CCO)c1c(Br)cccc1Nc1ncnc2ccncc12,IC50,12.02,nM,7.92,-7.30
CHEMBL272477,OCN(CO)c1c(Br)cccc1Nc1ncnc2ccncc12,IC50,14.13,nM,7.85,-7.60
CHEMBL410635,CN(CC(O)CO)c1c(Br)cccc1Nc1ncnc2ccncc12,IC50,3.236,nM,8.49,-8.40
CHEMBL270695,OCC(O)CNc1c(Br)cccc1Nc1ncnc2ccncc12,IC50,0.9333,nM,9.03,-7.70
CHEMBL408397,CN(CCO)c1c(Br)cccc1Nc1ncnc2ccncc12,IC50,2.63,nM,8.58,-7.80
CHEMBL270696,OCCNc1c(Br)cccc1Nc1ncnc2ccncc12,IC50,0.2455,nM,9.61,-7.40
CHEMBL271328,Brc1cccc(Nc2ncnc3cnc(NCCn4ccnc4)nc23)c1,IC50,2.344,nM,8.63,-8.40
CHEMBL405772,Cc1cccc(Nc2ncnc3ccncc23)c1N,IC50,40.74,nM,7.39,-8.10
CHEMBL402452,Nc1c(O)cccc1Nc1ncnc2ccncc12,IC50,70.79,nM,7.15,-8.70
CHEMBL270975,Nc1c(Cl)cccc1Nc1ncnc2ccncc12,IC50,120.23,nM,6.92,-8.00
CHEMBL270924,Nc1c(F)cccc1Nc1ncnc2ccncc12,IC50,851.14,nM,6.07,-8.40
CHEMBL271540,CN(C)c1ccc(Nc2ncnc3ccncc23)c(N)c1,IC50,4897.79,nM,5.31,-7.60
CHEMBL406236,CN(C)c1cccc(Nc2ncnc3ccncc23)c1N,IC50,1819.7,nM,5.74,-7.80
CHEMBL407591,COc1ccc(Nc2ncnc3ccncc23)c(N)c1,IC50,676.08,nM,6.17,-7.60
CHEMBL441335,COc1cccc(Nc2ncnc3ccncc23)c1N,IC50,131.83,nM,6.88,-7.70
CHEMBL408105,COc1cc2ncnc(Nc3ccccc3N)c2cn1,IC50,3715.35,nM,5.43,-8.20
CHEMBL408351,Nc1cc(C(F)(F)F)ccc1Nc1ncnc2ccncc12,IC50,4786.3,nM,5.32,-8.30
CHEMBL271617,Nc1cc(Br)ccc1Nc1ncnc2ccncc12,IC50,25.7,nM,7.59,-7.80
CHEMBL258598,Nc1c(Br)cccc1Nc1ncnc2ccncc12,IC50,10.0,nM,8.0,-7.70
CHEMBL273116,Nc1ccccc1Nc1ncnc2cc(Br)ncc12,IC50,245.47,nM,6.61,-8.50
CHEMBL441332,Nc1c(Nc2ncnc3ccncc23)cccc1[N+](=O)[O-],IC50,40.74,nM,7.39,-8.30
CHEMBL272258,Nc1ccccc1Nc1ncnc2ccncc12,IC50,251.19,nM,6.6,-8.10
CHEMBL441333,COc1c(Br)cccc1Nc1ncnc2ccncc12,IC50,39.81,nM,7.4,-7.80
CHEMBL269889,Fc1c(Br)cccc1Nc1ncnc2ccncc12,IC50,13.18,nM,7.88,-8.10
CHEMBL270921,CC(=O)Nc1c(Br)cccc1Nc1ncnc2ccncc12,IC50,29.51,nM,7.53,-8.40
CHEMBL539102,COc1ccc2ncnc(Nc3ccccc3)c2c1.Cl,IC50,120.23,nM,6.92,N/A
CHEMBL407534,O=C(O)/C=C/c1cc(CO)ccc1CO,IC50,780.0,nM,6.11,-6.60
CHEMBL406845,CC(C)(C)n1nc(-c2ccc(Cl)cc2)c2c(N)ncnc21,IC50,480.0,nM,6.32,-8.70
CHEMBL258940,CN1CCC(Nc2ncc3ncnc(Nc4ccc(F)c(Cl)c4)c3n2)CC1,IC50,3.0,nM,8.52,-8.90
CHEMBL244948,O=c1ccc2ccc(O)c(O)c2o1,IC50,7670.0,nM,5.12,-6.80
CHEMBL408565,O=C1Nc2ccccc2/C1=C/c1cc2c([nH]1)CCC(Br)C2,IC50,13300.0,nM,4.88,-8.70
CHEMBL258694,Cc1nnc(-c2cn3ncnc(Nc4cnc5[nH]ccc5c4)c3c2C(C)C)o1,IC50,150.0,nM,6.82,-9.20
CHEMBL255871,CO/N=C/c1c(N)ncnc1Nc1ccc2c(cnn2Cc2cccc(F)c2)c1,IC50,8.0,nM,8.1,-8.60
CHEMBL255237,COCCO/N=C/c1c(N)ncnc1Nc1ccc2c(cnn2Cc2cccc(F)c2)c1,IC50,14.0,nM,7.85,-8.20
CHEMBL255236,COc1ccccc1CO/N=C/c1c(N)ncnc1Nc1ccc2c(cnn2Cc2cccc(F)c2)c1,IC50,47.0,nM,7.33,-9.70
CHEMBL255438,Nc1ncnc(Nc2ccc3c(cnn3Cc3cccc(F)c3)c2)c1/C=N/OCc1ccccc1,IC50,23.0,nM,7.64,-9.70
CHEMBL402293,CC(C)O/N=C/c1c(N)ncnc1Nc1ccc2c(cnn2Cc2cccc(F)c2)c1,IC50,14.0,nM,7.85,-8.90
CHEMBL430031,CC(C)CO/N=C/c1c(N)ncnc1Nc1ccc2c(cnn2Cc2cccc(F)c2)c1,IC50,32.0,nM,7.5,-9.00
CHEMBL402294,CCO/N=C/c1c(N)ncnc1Nc1ccc2c(cnn2Cc2cccc(F)c2)c1,IC50,5.0,nM,8.3,-8.40
CHEMBL256295,Nc1ncnc(Nc2ccc3c(cnn3Cc3cccc(F)c3)c2)c1/C=N/O,IC50,12.0,nM,7.92,-8.90
CHEMBL256297,CO/N=C/c1c(N)ncnc1Nc1ccc(OCc2cccc(F)c2)c(Cl)c1,IC50,12.0,nM,7.92,-8.70
CHEMBL257815,CO/N=C/c1c(N)ncnc1Nc1ccc(OCc2ccccc2)c(Cl)c1,IC50,16.0,nM,7.8,-8.20
CHEMBL257814,CO/N=C/c1c(N)ncnc1Nc1ccc2c(c1)CCN2Cc1cccc(F)c1,IC50,57.0,nM,7.24,-8.60
CHEMBL402316,CO/N=C/c1c(N)ncnc1Nc1ccc2[nH]c(Cc3cccc(F)c3)nc2c1,IC50,48.0,nM,7.32,-9.00
CHEMBL257816,CO/N=C/c1c(N)ncnc1Nc1ccc2c(ccn2Cc2cccc(F)c2)c1,IC50,13.0,nM,7.89,-8.70
CHEMBL256527,CO/N=C/c1c(N)ncnc1Nc1ccc2c(cnn2Cc2ccc(F)cc2)c1,IC50,104.0,nM,6.98,-8.60
CHEMBL256529,CO/N=C/c1c(N)ncnc1Nc1ccc(OCc2cc(F)cc(F)c2)c(Cl)c1,IC50,33.0,nM,7.48,-8.80
CHEMBL403357,CO/N=C/c1c(N)ncnc1Nc1ccc2c(cnn2Cc2cccc(OC)c2)c1,IC50,267.0,nM,6.57,-8.60
CHEMBL255865,CO/N=C/c1c(N)ncnc1Nc1ccc2c(cnn2Cc2cccc(C#N)c2)c1,IC50,20.0,nM,7.7,-8.50
CHEMBL255656,CO/N=C/c1c(N)ncnc1Nc1ccc2c(cnn2Cc2cccc(Cl)c2)c1,IC50,23.0,nM,7.64,-8.60
CHEMBL402113,CO/N=C/c1c(N)ncnc1Nc1ccc2c(cnn2Cc2ccccc2)c1,IC50,44.0,nM,7.36,-8.50
CHEMBL255866,CO/N=C/c1c(N)ncnc1Nc1ccc2[nH]ncc2c1,IC50,306.0,nM,6.51,-8.00
CHEMBL255291,CO/N=C/c1c(N)ncnc1NCc1ccc(F)c(Cl)c1,IC50,1123.0,nM,5.95,-8.00
CHEMBL402149,CO/N=C/c1c(N)ncnc1Nc1cccc(Br)c1,IC50,24.0,nM,7.62,-7.60
CHEMBL255490,CO/N=C/c1c(N)ncnc1Nc1ccc(F)c(Cl)c1,IC50,70.0,nM,7.16,-7.70
CHEMBL498247,CCC(C)[C@@H]1[C@@](C)(C(=O)/C=C/OC)[C@H]2[C@H](C)C[C@@](C)(O)C[C@]2(O)C(=O)[C@@]1(C)O,IC50,10500.0,nM,4.98,-7.20
CHEMBL498249,CO[C@H](C)c1c(O)cc2c(c1O)C(=O)c1c(cc(O)c(O)c1O)C2=O,IC50,41000.0,nM,4.39,-8.60
CHEMBL498248,CO[C@H](C)c1c(O)cc2c(c1O)C(=O)c1c(O)cc(O)cc1C2=O,IC50,27500.0,nM,4.56,-8.60
CHEMBL524820,C[C@@H](O)c1c(O)cc2c(c1O)C(=O)c1c(O)cc(O)cc1C2=O,IC50,37500.0,nM,4.43,-9.50
CHEMBL188762,CCC(=O)Nc1ccc2ncnc(Nc3cccc(Br)c3)c2c1,IC50,0.1,nM,10.0,-8.30
CHEMBL13485,CCN(CC)CCNC(=O)c1c(C)[nH]c(/C=C2\C(=O)Nc3ccc(Cl)cc32)c1C,IC50,3000.0,nM,5.52,-8.10
CHEMBL485070,CCOc1cc(/C=C(\C#N)C(N)=O)cc(CSc2ccccc2)c1O,IC50,400.0,nM,6.4,-8.40
CHEMBL490780,CCOc1cc(/C=C2/CCNC2=O)cc(CSc2ccccc2)c1O,IC50,900.0,nM,6.05,-8.60
CHEMBL522116,CSCc1cc(/C=C2\C(=O)Nc3ccccc32)cc(CSC)c1O,IC50,400.0,nM,6.4,-7.70
CHEMBL490768,N#C/C(=C\c1cc(-c2ccccc2)c(O)c(-c2ccccc2)c1)C(N)=O,IC50,400.0,nM,6.4,-9.90
CHEMBL504173,CC(C)c1cc(/C=C(\C#N)C(N)=O)cc(C(C)C)c1O,IC50,1000.0,nM,6.0,-8.00
CHEMBL490570,CC(C)(C)c1cc(/C=C(\C#N)C(N)=O)cc(C(C)(C)C)c1O,IC50,50000.0,nM,4.3,-8.20
CHEMBL538909,N#C/C(=C/c1cc(Cc2ccccc2)c(O)c(Cc2ccccc2)c1)C(N)=O,IC50,600.0,nM,6.22,-9.00
CHEMBL490569,N#C/C(=C\c1cc(CSc2ccccc2)c(O)c(OCc2ccccc2)c1)C(N)=O,IC50,800.0,nM,6.1,-9.40
CHEMBL483232,CCOc1cc(/C=C(\C#N)C(N)=O)cc(CSc2cccc(OC)c2)c1O,IC50,4000.0,nM,5.4,-8.40
CHEMBL483233,CCOc1cc(/C=C(\C#N)C(N)=O)cc(CSc2ccc(O)cc2)c1O,IC50,3000.0,nM,5.52,-8.20
CHEMBL520839,CCOc1cc(/C=C(\C#N)C(N)=O)cc(CSc2ccc(C)cc2)c1O,IC50,20000.0,nM,4.7,-8.60
CHEMBL490987,CC(C)NC(=O)c1ccc(S(=O)(=O)Oc2ccc(/C=C/[N+](=O)[O-])cc2)cc1,IC50,1000.0,nM,6.0,-8.20
CHEMBL520493,N#C/C(=C/c1ccc(O)c(O)c1)C(=O)Nc1ccccc1Cl,IC50,10000.0,nM,5.0,-8.00
CHEMBL490577,N#C/C(=C/c1ccc(O)c(O)c1)C(=O)NCCCCc1ccccc1,IC50,100.0,nM,7.0,-8.10
CHEMBL454002,N#CC(C#N)=C(C#N)c1cc(O)cc(O)c1,IC50,10000.0,nM,5.0,-6.60
CHEMBL474267,N#CC(C#N)=C(C#N)c1ccc(O)c(O)c1,IC50,10000.0,nM,5.0,-6.30
CHEMBL490774,N#C/C(=C/c1ccc(O)c(O)c1)C(=O)NC1CCCCC1,IC50,2000.0,nM,5.7,-8.00
CHEMBL501368,N#C/C(=C\c1cc(O)ccc1O)C(=O)O,IC50,20000.0,nM,4.7,-6.60
CHEMBL492199,N#CC(C#N)=C(C#N)c1cc(O)c(O)c(O)c1,IC50,3000.0,nM,5.52,-6.40
CHEMBL485065,Cl.NCCNC(=O)c1ccc(S(=O)(=O)Oc2ccc(/C=C/[N+](=O)[O-])cc2)cc1,IC50,5000.0,nM,5.3,N/A
CHEMBL489147,COc1cc(C(C#N)=C(C#N)C#N)cc(O)c1O,IC50,6000.0,nM,5.22,-6.30
CHEMBL490775,C[C@H](NC(=O)[C@H](C)NC(=O)c1ccc(S(=O)(=O)Oc2ccc(/C=C/[N+](=O)[O-])cc2)cc1)C(=O)O,IC50,7000.0,nM,5.16,-8.60
CHEMBL128000,O=C(/C=C/c1ccc(O)c(O)c1)c1ccc(O)cc1O,IC50,8000.0,nM,5.1,-8.10
CHEMBL461311,Nc1ncnc(Nc2ccc(OCc3ccccc3)c(Cl)c2)c1C=O,IC50,76.0,nM,7.12,-8.40
CHEMBL511478,NNC(=O)c1c(N)ncnc1Nc1ccc(OCc2ccccc2)c(Cl)c1,IC50,458.0,nM,6.34,-8.70
CHEMBL500591,N#Cc1c(N)ncnc1Nc1ccc(OCc2ccccc2)c(Cl)c1,IC50,27.0,nM,7.57,-8.40
CHEMBL461113,Nc1ncnc(Nc2ccc(OCc3ccccc3)c(Cl)c2)c1C(=O)OCCN1CCOCC1,IC50,150.0,nM,6.82,-8.60
CHEMBL516487,COC(=O)c1c(N)ncnc1Nc1ccc(OCc2ccccc2)c(Cl)c1,IC50,54.0,nM,7.27,-8.10
CHEMBL512391,Nc1ncnc(Nc2ccc(OCc3ccccc3)c(Cl)c2)c1C(=O)O,IC50,41.0,nM,7.39,-8.70
CHEMBL1173655,CN(C)C/C=C/C(=O)Nc1cc2c(Nc3ccc(F)c(Cl)c3)ncnc2cc1O[C@H]1CCOC1,Kd,0.1,nM,10.0,-8.70
CHEMBL497804,O[C@H]1CN[C@H](C#Cc2cc3ncnc(Nc4ccc(OCc5cccc(F)c5)c(Cl)c4)c3s2)C1,IC50,14.0,nM,7.85,-9.60
CHEMBL485745,Fc1ccc(-c2nn3ccccc3c2-c2ccncc2)cc1,IC50,6300.0,nM,5.2,-9.30
CHEMBL515598,c1ccc2sc(-c3ccc(Nc4ncnc5[nH]cnc45)cc3)nc2c1,IC50,7800.0,nM,5.11,-9.40
CHEMBL462338,COc1nc(Nc2ccc(-c3nc4ccccc4s3)cc2)c2cc[nH]c2n1,IC50,7700.0,nM,5.11,-9.20
CHEMBL475351,COc1nc(Nc2ccc(-c3nc4ccccc4s3)c(OC)c2)c2cc[nH]c2n1,IC50,5100.0,nM,5.29,-9.20
CHEMBL475352,COc1cc(Nc2ncnc3[nH]cnc23)ccc1-c1nc2ccccc2s1,IC50,2600.0,nM,5.58,-8.50
CHEMBL464210,CNC(=O)c1cc(Nc2ccc(-c3nc4ccccc4s3)cc2)ccn1,IC50,2000.0,nM,5.7,-9.00
CHEMBL443906,c1cc(Nc2ncnc3[nH]cnc23)cc(-c2nc3ccccc3s2)c1,IC50,1700.0,nM,5.77,-9.50
CHEMBL491677,COc1cc2ncnc(Nc3ccc(N4Cc5ccccc5C4)cc3)c2cc1OC,IC50,1600.0,nM,5.8,-9.30
CHEMBL518803,c1ccc2sc(-c3ccc(Nc4ncnc5[nH]ccc45)cc3)nc2c1,IC50,1300.0,nM,5.89,-9.10
CHEMBL462162,COc1cc(Nc2ncnc3[nH]ccc23)ccc1-c1nc2ccccc2s1,IC50,720.0,nM,6.14,-9.10
CHEMBL460746,O=C(NC(=S)Nc1ccc(O)c(-c2nc3ccccc3s2)c1)c1ccc([N+](=O)[O-])cc1,IC50,280.0,nM,6.55,-9.60
CHEMBL501256,Nc1ncnc2c1ncn2CC(=O)c1cccnc1,IC50,93000.0,nM,4.03,-7.50
CHEMBL504135,Nc1ncnc2c1ncn2CC(=O)c1ccccn1,IC50,89000.0,nM,4.05,-7.40
CHEMBL520515,Nc1ncnc2c1ncn2CC(=O)c1ccccc1,IC50,75000.0,nM,4.12,-7.80
CHEMBL485246,Nc1ncnc2ncn(CC(=O)c3c[nH]c4ccccc34)c12,IC50,82000.0,nM,4.09,-8.50
CHEMBL521155,Nc1ncnc2c1ncn2CC(=O)c1c[nH]c2ccccc12,IC50,35000.0,nM,4.46,-8.80
CHEMBL464721,CCC(C)/C=C/C(=O)C(=O)/C=C/C=C/C=C/C=C/C=C/C=C/[C@@H]1C[C@@H](O)[C@H](C(=O)O)O1,IC50,1600.0,nM,5.8,-7.50
CHEMBL485320,Nc1nc(Nc2cccc(Br)c2)c2cc(CCc3ccccc3)[nH]c2n1,IC50,300.0,nM,6.52,-9.60
CHEMBL519147,Nc1nc(Nc2ccc(Cl)cc2)c2cc(CCc3ccccc3)[nH]c2n1,IC50,3180.0,nM,5.5,-9.50
CHEMBL483313,Nc1nc(Nc2ccc(Cl)cc2F)c2cc(CCc3ccccc3)[nH]c2n1,IC50,1320.0,nM,5.88,-9.60
CHEMBL504416,Nc1nc(Nc2ccc(F)c(Cl)c2)c2cc(CCc3ccccc3)[nH]c2n1,IC50,22800.0,nM,4.64,-9.50
CHEMBL485321,COc1ccc(CCc2cc3c(Nc4cccc(Br)c4)nc(N)nc3[nH]2)cc1,IC50,2200.0,nM,5.66,-9.30
CHEMBL499344,Nc1nc(Nc2cccc(Br)c2)c2cc(Cc3ccccc3)[nH]c2n1,IC50,1670.0,nM,5.78,-9.50
CHEMBL516375,CS(=O)(=O)CCNCc1nc(-c2ccc3ncnc(Nc4ccc(F)c(Cl)c4)c3c2)cs1,IC50,34.67,nM,7.46,-9.20
CHEMBL368891,Nc1ncnc2nn3ccccc3c12,IC50,10000.0,nM,5.0,-7.30
CHEMBL178953,N#Cc1cccc(NC(=O)Nc2ncnc3nn4ccccc4c23)c1,IC50,10000.0,nM,5.0,-9.20
CHEMBL178306,O=C(Nc1cccc(C(F)(F)F)c1)Nc1ncnc2nn3ccccc3c12,IC50,10000.0,nM,5.0,-9.80
CHEMBL181029,O=C(Nc1cccc([N+](=O)[O-])c1)Nc1ncnc2nn3ccccc3c12,IC50,10000.0,nM,5.0,-9.80
CHEMBL178488,O=C(Nc1ccc(Br)cc1)Nc1ncnc2nn3ccccc3c12,IC50,10000.0,nM,5.0,-9.00
CHEMBL179224,O=C(Nc1ccc(C(F)(F)F)cc1)Nc1ncnc2nn3ccccc3c12,IC50,10000.0,nM,5.0,-9.60
CHEMBL359830,O=C(Nc1ccc(F)cc1)Nc1ncnc2nn3ccccc3c12,IC50,10000.0,nM,5.0,-9.60
CHEMBL454383,C=CC(=O)Nc1ccc2ncnc(Cc3cccc(Br)c3)c2c1,IC50,0.7079,nM,9.15,-8.50
CHEMBL510155,C=CC(=O)Nc1ccc2ncnc(Cc3ccc(CN(C)C)c(Br)c3)c2c1,IC50,44.67,nM,7.35,-8.70
CHEMBL510357,C=CC(=O)Nc1ccc2ncnc(Cc3ccc(OCCN(C)C)c(Br)c3)c2c1,IC50,26.92,nM,7.57,-8.30
CHEMBL473748,C=CC(=O)Nc1cc2c(Cc3cccc(Br)c3)ncnc2cc1OCCCCN(C)C,IC50,3.89,nM,8.41,-8.50
CHEMBL473944,C=CC(=O)Nc1cc2c(Cc3cccc(Br)c3)ncnc2cc1OCCCn1ccnc1,IC50,3.02,nM,8.52,-8.30
CHEMBL522134,C=CC(=O)Nc1ccc2ncnc(Cc3cccc(C)c3)c2c1,IC50,0.4169,nM,9.38,-8.50
CHEMBL489111,C=CC(=O)Nc1cc2c(Cc3cccc(C)c3)ncnc2cc1OCCCN1CCOCC1,IC50,1.514,nM,8.82,-8.70
CHEMBL521571,C=CC(=O)Nc1ccc2ncnc(Cc3ccc(F)c(Br)c3)c2c1,IC50,0.6918,nM,9.16,-8.80
CHEMBL447223,C=CC(=O)Nc1ccc2ncnc(Cc3ccc(F)c(Cl)c3)c2c1,IC50,0.7586,nM,9.12,-8.70
CHEMBL489306,C=CC(=O)Nc1cc2c(Cc3ccc(F)c(Cl)c3)ncnc2cc1OCCCN1CCOCC1,IC50,1.514,nM,8.82,-8.60
CHEMBL522928,C=CC(=O)Nc1cc2c(Cc3ccc(F)c(Cl)c3)ncnc2cc1OCCOCCCCO,IC50,1.698,nM,8.77,-8.20
CHEMBL524117,C=CC(=O)Nc1ccc2ncnc(Cc3ccc(F)c(Cl)c3)c2n1,IC50,0.7586,nM,9.12,-8.60
CHEMBL490496,C=CC(=O)Nc1nc2c(Cc3ccc(F)c(Cl)c3)ncnc2cc1/C=C/CCN1CCOCC1,IC50,0.1585,nM,9.8,-9.00
CHEMBL521601,C=CC(=O)Nc1nc2c(Cc3ccc(F)c(Cl)c3)ncnc2cc1CCCCN1CCOCC1,IC50,2.692,nM,8.57,-8.70
CHEMBL490497,C=CC(=O)Nc1nc2c(Cc3ccc(F)c(Cl)c3)ncnc2cc1OC,IC50,0.955,nM,9.02,-8.60
CHEMBL490498,C=CC(=O)Nc1nc2c(Cc3ccc(F)c(Cl)c3)ncnc2cc1OCCOC,IC50,0.9772,nM,9.01,-8.30
CHEMBL489897,C=CC(=O)Nc1nc2c(Cc3ccc(F)c(Cl)c3)ncnc2cc1OCCCN1CCOCC1,IC50,1.514,nM,8.82,-8.00
CHEMBL490093,C=CC(=O)N(C)c1nc2c(Cc3ccc(F)c(Cl)c3)ncnc2cc1OCCCN1CCOCC1,IC50,19.95,nM,7.7,-8.20
CHEMBL524115,C=CC(=O)Cc1cc2c(Nc3cccc(Br)c3)ncnc2cn1,IC50,0.912,nM,9.04,-8.20
CHEMBL491083,C=CC(=O)C(C)c1cc2c(Nc3cccc(Br)c3)ncnc2cn1,IC50,0.1698,nM,9.77,-8.60
CHEMBL508481,C=C(C)C(=O)Cc1cc2c(Nc3cccc(Br)c3)ncnc2cn1,IC50,1.585,nM,8.8,-8.40
CHEMBL524132,C=C(C)C(=O)Cc1ccc2ncnc(Nc3cccc(Br)c3)c2c1,IC50,1.202,nM,8.92,-8.90
CHEMBL501618,C/C=C/C(=O)Cc1cc2c(Nc3cccc(Br)c3)ncnc2cn1,IC50,0.5012,nM,9.3,-8.50
CHEMBL491085,C/C=C/C(=O)Cc1ccc2ncnc(Nc3cccc(Br)c3)c2c1,IC50,0.5495,nM,9.26,-9.00
CHEMBL522623,O=C(/C=C\Cl)Cc1cc2c(Nc3cccc(Br)c3)ncnc2cn1,IC50,0.6918,nM,9.16,-8.30
CHEMBL454370,C=C/C=C/C(=O)Cc1cc2c(Nc3cccc(Br)c3)ncnc2cn1,IC50,1.096,nM,8.96,-7.90
CHEMBL454371,C=C=CC(=O)Cc1ccc2ncnc(Nc3cccc(Br)c3)c2c1,IC50,1.585,nM,8.8,-9.20
CHEMBL455174,CC(=O)/C=C/C(=O)Cc1ccc2ncnc(Nc3cccc(Br)c3)c2c1,IC50,1.202,nM,8.92,-8.60
CHEMBL510396,O=C(O)/C=C/C(=O)Cc1ccc2ncnc(Nc3cccc(Br)c3)c2c1,IC50,0.3715,nM,9.43,-9.40
CHEMBL454384,CCOC(=O)/C=C/C(=O)Cc1ccc2ncnc(Nc3cccc(Br)c3)c2c1,IC50,2.692,nM,8.57,-8.70
CHEMBL453378,CCOC(=O)/C=C/C(=O)Cc1cc2c(Nc3cccc(Br)c3)ncnc2cn1,IC50,1.514,nM,8.82,-8.10
CHEMBL453379,C=CC(=O)C(CCN(C)C)c1cc2c(Nc3cccc(Br)c3)ncnc2cn1,IC50,4.169,nM,8.38,-8.10
CHEMBL510597,C=CC(=O)C(CCCN1CCOCC1)c1cc2c(Nc3cccc(Br)c3)ncnc2cn1,IC50,2.692,nM,8.57,-8.60
CHEMBL461796,CN(C)CCCOC(=O)/C=C/C(=O)Cc1ccc2ncnc(Nc3cccc(Br)c3)c2c1,IC50,2.399,nM,8.62,-7.80
CHEMBL461797,CN(C)CCCNC(=O)/C=C/C(=O)Cc1ccc2ncnc(Nc3cccc(Br)c3)c2c1,IC50,0.4365,nM,9.36,-8.60
CHEMBL460743,CN(C)CCCNC(=O)/C=C/C(=O)Cc1cc2c(Nc3cccc(Br)c3)ncnc2cn1,IC50,1.096,nM,8.96,-8.30
CHEMBL503755,O=S(=O)(CO)Nc1cc2c(Nc3cccc(Br)c3)ncnc2cn1,IC50,93.33,nM,7.03,-8.60
CHEMBL511874,C/C=C/C(=O)Nc1ccc2c(Nc3cccc(Br)c3)ncnc2c1,IC50,0.6761,nM,9.17,-9.10
CHEMBL446019,C=CC(=O)Nc1cc2ncnc(Nc3cccc(Cl)c3)c2cn1,IC50,0.537,nM,9.27,-8.30
CHEMBL460735,C=CC(=O)NC1=CC=C2N=CN=C(Nc3cccc(Cl)c3)C21,IC50,1.585,nM,8.8,-8.50
CHEMBL474147,C=CC(=O)NC1=CC=C2N=CN=C(Nc3cccc(C)c3)C21,IC50,0.4169,nM,9.38,-8.90
CHEMBL474342,C=CC(=O)NC1=CC=C2N=CN=C(Nc3cccc(C(F)(F)F)c3)C21,IC50,0.912,nM,9.04,-8.80
CHEMBL474343,C=CC(=O)NC1=CC=C2N=CN=C(Nc3ccc(Oc4ccccc4)cc3)C21,IC50,5.754,nM,8.24,-8.90
CHEMBL472746,C=CC(=O)NC1=CC=C2N=CN=C(Nc3ccc(OCc4ccccc4)cc3)C21,IC50,3.631,nM,8.44,-9.30
CHEMBL516022,C=CC(=O)NC1=NC=C2N=CN=C(Nc3cccc(C)c3)C21,IC50,0.4786,nM,9.32,-8.80
CHEMBL474141,C=CC(=O)NC1=NC=C2N=CN=C(Nc3ccc(F)c(Br)c3)C21,IC50,0.7244,nM,9.14,-8.50
CHEMBL516373,C=CC(=O)NC1=NC=C2N=CN=C(Nc3ccc(F)c(Cl)c3)C21,IC50,0.7762,nM,9.11,-9.20
CHEMBL474142,C=CC(=O)Nc1cc2ncnc(Nc3cccc(Br)c3)c2[nH]1,IC50,1.096,nM,8.96,-8.10
CHEMBL474143,C=CC(=O)Nc1cc2ncnc(Nc3ccc(F)c(Br)c3)c2[nH]1,IC50,1.202,nM,8.92,-8.20
CHEMBL474341,O=C(CCn1ncc2cc3c(Nc4cccc(Br)c4)ncnc3cc21)N1CCOCC1,IC50,3.715,nM,8.43,-10.00
CHEMBL447331,Brc1cccc(Nc2ncnc3cc4c(cc23)CN4)c1,IC50,0.4365,nM,9.36,-8.00
CHEMBL489112,CN1Cc2cc3c(Nc4cccc(Br)c4)ncnc3cc21,IC50,0.7943,nM,9.1,-8.20
CHEMBL521572,OCC(O)CN1Cc2cc3c(Nc4cccc(Br)c4)ncnc3cc21,IC50,1.585,nM,8.8,-8.80
CHEMBL489117,CN(C)CCN1Cc2cc3c(Nc4cccc(Br)c4)ncnc3cc21,IC50,40.74,nM,7.39,-8.40
CHEMBL489312,CN(C)CCCN1Cc2cc3c(Nc4cccc(Br)c4)ncnc3cc21,IC50,20.89,nM,7.68,-8.10
CHEMBL489313,O=C(CCN1Cc2cc3c(Nc4cccc(Br)c4)ncnc3cc21)N1CCOCC1,IC50,3.715,nM,8.43,-9.10
CHEMBL489307,O=C(CCCN1Cc2cc3c(Nc4cccc(Br)c4)ncnc3cc21)N1CCOCC1,IC50,8.71,nM,8.06,-9.50
CHEMBL489308,O=C(O)CN1Cc2cc3c(Nc4cccc(Br)c4)ncnc3cc21,IC50,5.129,nM,8.29,-8.90
CHEMBL489501,O=C(Cc1c[nH]c2cc3ncnc(Nc4cccc(Br)c4)c3cc12)N1CCOCC1,IC50,4.786,nM,8.32,-10.40
CHEMBL461792,COC[C@H]1Oc2cc3ncnc(Nc4cccc(Cl)c4)c3cc2O[C@@H]1COC,IC50,10.08,nM,8.0,-8.50
CHEMBL516979,COC[C@H]1Oc2cc3ncnc(Nc4cccc(I)c4)c3cc2O[C@@H]1COC,IC50,1.66,nM,8.78,-7.90
CHEMBL460736,CN(N)C/C=C/C(=O)Nc1cc2c(Nc3cccc(Br)c3)ccnc2cn1,IC50,8.6,nM,8.07,-8.70
CHEMBL461795,COc1cc2ncnc(Nc3ccc(F)c(Cl)c3)c2cc1CN1CC[C@@H](C(N)=O)C1,IC50,6.0,nM,8.22,-9.50
CHEMBL461967,COc1cc2ncnc(Nc3ccc(F)c(Cl)c3)c2cc1CNC(=O)[C@H]1CCCCN1C,IC50,8.0,nM,8.1,-9.90
CHEMBL517130,COc1cc2ncnc(Nc3ccc(F)c(Cl)c3)c2cc1CN(C)[C@H](C)C(N)=O,IC50,9.0,nM,8.05,-8.70
CHEMBL461968,COc1cc2ncnc(Nc3ccc(F)c(Cl)c3)c2cc1CN(C)[C@@H](C)C(N)=O,IC50,8.0,nM,8.1,-8.90
CHEMBL472743,COc1cc(NC(=O)/C=C/CN2CCOCC2)cc2c(Nc3cccc(Br)c3)ccnc12,IC50,5390.0,nM,5.27,-8.90
CHEMBL472942,COc1cc2nccc(Nc3ccc(F)c(Cl)c3)c2cc1NC(=O)/C=C/CN1CCOCC1,IC50,13570.0,nM,4.87,-9.40
CHEMBL514771,COc1cc2nccc(Nc3ccc(F)c(Cl)c3)c2cc1NC(=O)/C=C/C(C)N1CCOCC1,IC50,10590.0,nM,4.97,-9.50
CHEMBL523586,NC[C@H](Cc1cccc(F)c1)NC(=O)c1cc(Br)c(-c2ccnc3[nH]ccc23)s1,IC50,10000.0,nM,5.0,-8.90
CHEMBL513418,NS(=O)(=O)c1ccc(Nc2nc3ncnc(Nc4cccc(Cl)c4)c3s2)cc1,IC50,7.0,nM,8.15,-8.80
CHEMBL469355,NS(=O)(=O)c1ccc(Nc2nc3ncnc(Nc4ccc(F)c(Cl)c4)c3s2)cc1,IC50,9.0,nM,8.05,-9.20
CHEMBL469354,NS(=O)(=O)c1ccc(Nc2nc3ncnc(Nc4cccc(Br)c4)c3s2)cc1,IC50,10.0,nM,8.0,-8.70
CHEMBL513362,Cc1cccc(Nc2ncnc3nc(Nc4ccc(S(N)(=O)=O)cc4)sc23)c1,IC50,14.0,nM,7.85,-9.20
CHEMBL470391,C#Cc1cccc(Nc2ncnc3nc(Nc4ccc(CN5CCOCC5)cc4)sc23)c1,IC50,43.0,nM,7.37,-9.40
CHEMBL511839,NS(=O)(=O)c1ccc(Nc2nc3ncnc(Nc4ccccc4)c3s2)cc1,IC50,82.0,nM,7.09,-8.10
CHEMBL513716,NS(=O)(=O)c1ccc(Nc2nc3ncnc(Nc4c(F)cccc4F)c3s2)cc1,IC50,187.0,nM,6.73,-8.90
CHEMBL511623,Fc1ccc(Nc2ncnc3nc(NCCN4CCOCC4)sc23)cc1Cl,IC50,918.0,nM,6.04,-7.90
CHEMBL511449,NS(=O)(=O)c1ccc(Nc2nc3ncnc(Nc4ccc(N5CCOCC5)cc4)c3s2)cc1,IC50,17900.0,nM,4.75,-8.90
CHEMBL523122,COCCOc1cc2ncnc(Nc3c(Cl)ccc4c3OCO4)c2cc1NC(=O)[C@@H]1CCCN1,IC50,7130.0,nM,5.15,-8.80
CHEMBL453336,COc1cc(C2=C(c3cn(COCc4ccccc4)c4ccccc34)CNC2=O)cc(OC)c1OC,IC50,14000.0,nM,4.85,-8.80
CHEMBL488646,COc1cc(C2=C(c3cn(COC(C)(C)C)c4ccccc34)CNC2=O)cc(OC)c1OC,IC50,9000.0,nM,5.05,-8.70
CHEMBL529663,COc1cc(C2=C(c3c[nH]c4ccccc34)CNC2=O)cc(OC)c1OC,IC50,23000.0,nM,4.64,-8.10
CHEMBL480356,Cc1[nH]c(/C=C2\C(=O)Nc3ccc(C(=O)NNc4ccccc4)cc32)c(C)c1CCC(=O)O,IC50,3480.0,nM,5.46,-9.80
CHEMBL473320,COc1cc2ncnc(-c3c[nH]c4ccc(Br)cc34)c2cc1OC,IC50,131.0,nM,6.88,-8.70
CHEMBL474524,COc1cc2ncnc(-c3c[nH]c4cc(F)c(Cl)cc34)c2cc1OCCCN1CCOCC1,IC50,333.0,nM,6.48,-9.20
CHEMBL474324,COCCOc1cc2ncnc(-c3c[nH]c4cc(F)c(Cl)cc34)c2cc1OCCOC,IC50,472.0,nM,6.33,-8.10
CHEMBL474323,COc1cc2ncnc(-c3c[nH]c4cc(F)c(C)cc34)c2cc1OC,IC50,533.0,nM,6.27,-8.90
CHEMBL515401,COc1cc2ncnc(-c3c[nH]c4cc(F)c(Cl)cc34)c2cc1OC,IC50,209.0,nM,6.68,-8.80
CHEMBL242740,COc1c(O)cc2occ(-c3ccc(O)cc3)c(=O)c2c1O,IC50,3300.0,nM,5.48,-8.10
CHEMBL477197,Oc1cc2c(cc1O)[C@@H]1c3ccc(O)c(O)c3OC[C@]1(O)C2,IC50,3400.0,nM,5.47,-8.70
CHEMBL497863,Nc1ncnc(Nc2ccc3c(cnn3Cc3cccc(F)c3)c2)c1/C=N/NCC(F)(F)F,IC50,52.0,nM,7.28,-9.40
CHEMBL497697,CN/N=C/c1c(N)ncnc1Nc1ccc2c(cnn2Cc2cccc(F)c2)c1,IC50,12.0,nM,7.92,-8.80
CHEMBL515664,COC[C@H]1CCCN1/N=C/c1c(N)ncnc1Nc1ccc2c(cnn2Cc2cccc(F)c2)c1,IC50,31.0,nM,7.51,-9.40
CHEMBL456758,COC[C@@H]1CCCN1/N=C/c1c(N)ncnc1Nc1ccc2c(cnn2Cc2cccc(F)c2)c1,IC50,26.0,nM,7.58,-9.70
CHEMBL514566,Nc1ncnc(Nc2ccc3c(cnn3Cc3cccc(F)c3)c2)c1/C=N/N1CCN(CCO)CC1,IC50,9.0,nM,8.05,-8.80
CHEMBL498134,CN1CCN(/N=C/c2c(N)ncnc2Nc2ccc3c(cnn3Cc3cccc(F)c3)c2)CC1,IC50,16.0,nM,7.8,-9.80
CHEMBL524457,Nc1ncnc(Nc2ccc3c(cnn3Cc3cccc(F)c3)c2)c1/C=N/N1CCCCC1,IC50,30.0,nM,7.52,-9.60
CHEMBL498133,Nc1ncnc(Nc2ccc3c(cnn3Cc3cccc(F)c3)c2)c1/C=N/N1CCOCC1,IC50,16.0,nM,7.8,-9.30
CHEMBL497459,CN(C)/N=C/c1c(N)ncnc1Nc1ccc2c(cnn2Cc2cccc(F)c2)c1,IC50,8.0,nM,8.1,-8.90
CHEMBL489083,N=C(N)SCCCn1c(=O)c2c(c1=O)n1c3ccccc3cc1c1cccc3ccn2c31,IC50,4600.0,nM,5.34,-10.20
CHEMBL488271,CNC(=N)SCCCn1c(=O)c2c(c1=O)n1c3ccccc3cc1c1cccc3ccn2c31,IC50,9900.0,nM,5.0,-9.90
CHEMBL461140,CN(C)CCOc1ccc(/C=C/c2cc(-c3cc4c(=O)[nH]cnc4[nH]3)ccn2)cc1,IC50,3300.0,nM,5.48,-8.80
CHEMBL50,O=c1c(O)c(-c2ccc(O)c(O)c2)oc2cc(O)cc(O)c12,IC50,900.0,nM,6.05,-9.10
CHEMBL564829,CNC(=O)c1nn(C)c2c1C(C)(C)Cc1cnc(Nc3ccc(N4CCN(C)CC4)cc3)nc1-2,IC50,3069.0,nM,5.51,-9.80
CHEMBL572881,CC1(C)CNc2cc(NC(=O)c3cccnc3NCc3ccncc3)ccc21,Kd,15.0,nM,7.82,-8.90
CHEMBL483321,COCC(=O)NC/C=C/c1ccc2ncnc(Nc3ccc(Oc4ccc(C)nc4)c(C)c3)c2c1,Kd,10.0,nM,8.0,-10.00
CHEMBL223360,Cc1ccc(F)c(NC(=O)Nc2ccc(-c3cccc4[nH]nc(N)c34)cc2)c1,Kd,6500.0,nM,5.19,-9.90
CHEMBL1721885,Cc1[nH]c(/C=C2\C(=O)Nc3ccc(F)cc32)c(C)c1C(=O)NC[C@H](O)CN1CCOCC1,Kd,3300.0,nM,5.48,-9.50
CHEMBL535,CCN(CC)CCNC(=O)c1c(C)[nH]c(/C=C2\C(=O)Nc3ccc(F)cc32)c1C,IC50,31.8,nM,7.5,-8.20
CHEMBL941,Cc1ccc(NC(=O)c2ccc(CN3CCN(C)CC3)cc2)cc1Nc1nccc(-c2cccnc2)n1,Kd,7600.0,nM,5.12,-10.60
CHEMBL567331,c1csc(CNc2ncnc3ccc(-c4ccc5c(c4)OCO5)cc23)c1,Kd,230.0,nM,6.64,-9.30
CHEMBL571809,CC(=O)OCN(C)/N=N/c1ccc2ncnc(Nc3cccc(Cl)c3)c2c1,IC50,240.0,nM,6.62,-8.40
CHEMBL572028,CC(=O)OCOC(=O)N(C)/N=N/c1ccc2ncnc(Nc3cccc(Cl)c3)c2c1,IC50,630.0,nM,6.2,-8.90
CHEMBL605413,CCCC(Cc1coc2nc(N)nc(N)c12)c1ccccc1OC,IC50,2200.0,nM,5.66,-8.40
CHEMBL595757,COc1ccccc1C(Cc1coc2nc(N)nc(N)c12)C(C)C,IC50,18200.0,nM,4.74,-8.80
CHEMBL594790,CCCCC(Cc1coc2nc(N)nc(N)c12)c1ccccc1OC,IC50,13400.0,nM,4.87,-8.40
CHEMBL603198,COc1ccccc1C(Cc1coc2nc(N)nc(N)c12)C1CC1,IC50,56500.0,nM,4.25,-8.60
CHEMBL590109,NCCn1cc(-c2cc(-c3cc4ccccc4s3)c3[nH]ncc3c2)c2nc(N)ncc21,Ki,158.49,nM,6.8,-10.60
CHEMBL605957,COc1cc(C2=C(c3c[nH]c4ccc(Br)cc34)C(=O)NC2=O)cc(OC)c1OC,IC50,5797.0,nM,5.24,-8.10
CHEMBL591213,CCCCCCOC(=O)COc1cc(O)c2c(=O)cc(-c3ccccc3)oc2c1,IC50,9120.0,nM,5.04,-7.90
CHEMBL611681,CCCCCCNC(=O)COc1cc(O)c2c(=O)cc(-c3ccccc3)oc2c1,IC50,8710.0,nM,5.06,-8.10
CHEMBL597303,CCCCCCCNC(=O)COc1cc(O)c2c(=O)cc(-c3ccccc3)oc2c1,IC50,6280.0,nM,5.2,-7.90
CHEMBL589588,COc1ccc(NC(=O)c2ccc(N(CCCl)CCCl)cc2)cc1,IC50,80.0,nM,7.1,-6.80
CHEMBL601040,Cc1ccc(NC(=O)c2ccc(N(CCCl)CCCl)cc2)cc1,IC50,580.0,nM,6.24,-7.20
CHEMBL589825,O=C(Nc1ccccc1F)c1ccc(N(CCCl)CCCl)cc1,IC50,11570.0,nM,4.94,-7.70
CHEMBL592710,O=C(Nc1ccccc1Cl)c1ccc(N(CCCl)CCCl)cc1,IC50,9460.0,nM,5.02,-7.60
CHEMBL604672,O=C(Nc1ccccc1Br)c1ccc(N(CCCl)CCCl)cc1,IC50,7820.0,nM,5.11,-7.20
CHEMBL592711,O=C(Nc1ccc(F)cc1)c1ccc(N(CCCl)CCCl)cc1,IC50,1720.0,nM,5.76,-7.50
CHEMBL589830,O=C(Nc1ccc(Cl)cc1)c1ccc(N(CCCl)CCCl)cc1,IC50,1490.0,nM,5.83,-7.00
CHEMBL589831,O=C(Nc1ccc(Br)cc1)c1ccc(N(CCCl)CCCl)cc1,IC50,940.0,nM,6.03,-6.80
CHEMBL589832,O=C(Nc1ccc([N+](=O)[O-])cc1)c1ccc(N(CCCl)CCCl)cc1,IC50,19260.0,nM,4.71,-7.20
CHEMBL602645,CCCN(CCC)C(=O)c1ccc(N(CCCl)CCCl)cc1,IC50,29830.0,nM,4.53,-6.10
CHEMBL589120,CN(C(=O)c1ccc(N(CCCl)CCCl)cc1)c1ccccc1,IC50,14720.0,nM,4.83,-7.10
CHEMBL590083,CCCCNC(=O)c1ccc(N(CCCl)CCCl)cc1,IC50,22810.0,nM,4.64,-6.10
CHEMBL589259,CC(C)(C)NC(=O)c1ccc(N(CCCl)CCCl)cc1,IC50,31430.0,nM,4.5,-6.10
CHEMBL589503,O=C(NC1CCCC1)c1ccc(N(CCCl)CCCl)cc1,IC50,35290.0,nM,4.45,-7.00
CHEMBL589847,O=C(NCc1ccccc1)c1ccc(N(CCCl)CCCl)cc1,IC50,17510.0,nM,4.76,-6.90
CHEMBL597551,COc1cc2ncnc(Nc3ccc(F)c(Cl)c3)c2cc1OCCC(=O)NO,IC50,7.1,nM,8.15,-9.10
CHEMBL597752,COc1cc2ncnc(Nc3ccc(F)c(Cl)c3)c2cc1OCCCC(=O)NO,IC50,7.8,nM,8.11,-8.60
CHEMBL596736,COc1cc2ncnc(Nc3ccc(F)c(Cl)c3)c2cc1OCCCCC(=O)NO,IC50,9.4,nM,8.03,-8.70
CHEMBL599398,C#Cc1cccc(Nc2ncnc3cc(OC)c(OCCCCC(=O)NO)cc23)c1,IC50,15.0,nM,7.82,-8.20
CHEMBL598163,COc1cc2ncnc(Nc3ccc(F)c(Cl)c3)c2cc1OCCCCCC(=O)NO,IC50,3.4,nM,8.47,-8.60
CHEMBL598164,C#Cc1cccc(Nc2ncnc3cc(OC)c(OCCCCCC(=O)NO)cc23)c1,IC50,4.6,nM,8.34,-8.50
CHEMBL598797,C#Cc1cccc(Nc2ncnc3cc(OC)c(OCCCCCCC(=O)NO)cc23)c1,IC50,2.4,nM,8.62,-8.20
CHEMBL598798,C#Cc1cc(Nc2ncnc3cc(OC)c(OCCCCCCC(=O)NO)cc23)ccc1F,IC50,28.8,nM,7.54,-8.20
CHEMBL597773,COc1cc2ncnc(Nc3ccc(F)c(Cl)c3)c2cc1NC(=O)CCCCCCC(=O)NO,IC50,2.1,nM,8.68,-8.50
CHEMBL596957,COc1cc2ncnc(NCc3ccc(Cl)c(F)c3)c2cc1OCCCCCCC(=O)NO,IC50,72.0,nM,7.14,-8.90
CHEMBL596761,COc1cc2ncnc(NCc3ccccc3)c2cc1OCCCCCCC(=O)NO,IC50,99.4,nM,7.0,-8.60
CHEMBL596964,COc1cc2ncnc(NCc3ccc(F)cc3)c2cc1OCCCCCCC(=O)NO,IC50,100.0,nM,7.0,-8.90
CHEMBL599218,COc1cc2ncnc(N[C@@H](C)c3ccccc3)c2cc1OCCCCCCC(=O)NO,IC50,1000.0,nM,6.0,-8.70
CHEMBL605976,COc1cc2ncnc(N[C@H](C)c3ccccc3)c2cc1OCCCCCCC(=O)NO,IC50,12.8,nM,7.89,-8.90
CHEMBL598406,COc1cc2ncnc(N[C@@H](C)c3ccc(F)cc3)c2cc1OCCCCCCC(=O)NO,IC50,125.6,nM,6.9,-9.00
CHEMBL598611,C#Cc1cccc(Nc2ncnc3cc(OCCCCCCC(=O)NO)c(OC)cc23)c1,IC50,8.2,nM,8.09,-7.70
CHEMBL602890,COc1cc(/C=C2\SC(=N)NC2=O)ccc1OCCCOc1cc(C)cc(C)c1,IC50,56000.0,nM,4.25,-8.40
CHEMBL599388,COc1cc(-c2nc(=O)c3c([nH]2)sc2ccc(C)cc23)ccc1OCC(=O)O,IC50,2400.0,nM,5.62,-8.90
CHEMBL598007,O=C(Nc1ccc2ncnc(Nc3cccc(Br)c3)c2c1)[C@@H]1O[C@H]1CN1CCCCC1,IC50,1.24,nM,8.91,-9.60
CHEMBL2021575,O=C(O)[C@@H]1O[C@H]1C(=O)Nc1ccc2ncnc(Nc3cccc(Br)c3)c2c1,IC50,0.5,nM,9.3,-8.70
CHEMBL2021576,O=C(O)[C@H]1O[C@@H]1C(=O)Nc1ccc2ncnc(Nc3cccc(Br)c3)c2c1,IC50,0.49,nM,9.31,-9.10
CHEMBL599863,O=C(CNC(=O)Oc1ccccc1)Nc1ccc2ncnc(Nc3cccc(Br)c3)c2c1,IC50,0.37,nM,9.43,-9.30
CHEMBL603266,O=C(Cn1sccc1=O)Nc1ccc2ncnc(Nc3cccc(Br)c3)c2c1,IC50,0.36,nM,9.44,-8.80
CHEMBL592617,N#CCC(=O)Nc1ccc2ncnc(Nc3cccc(Br)c3)c2c1,IC50,0.17,nM,9.77,-8.20
CHEMBL592216,C#CCCCOc1cc2c(Nc3ccc(F)c(Cl)c3)ncnc2cc1OC,IC50,2.53,nM,8.6,-8.50
CHEMBL592713,C#CCCCOc1cc2c(Nc3cccc(Cl)c3)ncnc2cc1OC,IC50,17.7,nM,7.75,-8.30
CHEMBL597950,C=C=CCOc1cc2c(Nc3ccc(F)c(Cl)c3)ncnc2cc1O,IC50,23.8,nM,7.62,-8.90
CHEMBL597949,C#CCOc1cc2c(Nc3ccc(F)c(Cl)c3)ncnc2cc1OC,IC50,14.8,nM,7.83,-8.50
CHEMBL609321,C=C=CCOc1cc2c(Nc3cccc(Cl)c3)ncnc2cc1O,IC50,16.9,nM,7.77,-8.80
CHEMBL597948,C#CCOc1cc2c(Nc3cccc(Cl)c3)ncnc2cc1OC,IC50,25.9,nM,7.59,-8.30
CHEMBL592457,O=C1CSC(N/N=C/c2cc(Br)ccc2O)=N1,IC50,90.0,nM,7.05,-6.90
CHEMBL592480,O=C1CSC(N/N=C/c2cc(Cl)ccc2O)=N1,IC50,560.0,nM,6.25,-7.20
CHEMBL602328,O=C1CSC(N/N=C/c2cc(F)ccc2O)=N1,IC50,970.0,nM,6.01,-7.20
CHEMBL590875,O=C1CSC(N/N=C/c2cc(Br)cc(Br)c2O)=N1,IC50,1240.0,nM,5.91,-6.90
CHEMBL592481,O=C1CSC(N/N=C/c2cc(Cl)cc(Cl)c2O)=N1,IC50,1460.0,nM,5.84,-6.90
CHEMBL591910,O=C1CSC(N/N=C/c2ccc(Br)cc2)=N1,IC50,1720.0,nM,5.76,-6.60
CHEMBL589823,O=C1CSC(N/N=C/c2ccc(Cl)cc2)=N1,IC50,1940.0,nM,5.71,-6.60
CHEMBL589822,O=C1CSC(N/N=C/c2ccc(F)cc2)=N1,IC50,2180.0,nM,5.66,-6.70
CHEMBL592707,Cc1ccc(/C=N/NC2=NC(=O)CS2)cc1,IC50,3260.0,nM,5.49,-7.10
CHEMBL590876,O=C1CSC(N/N=C/c2ccc(O)cc2)=N1,IC50,4710.0,nM,5.33,-6.90
CHEMBL592708,COc1ccc(/C=N/NC2=NC(=O)CS2)cc1,IC50,5780.0,nM,5.24,-6.70
CHEMBL604671,O=C1CSC(N/N=C/c2ccc([N+](=O)[O-])cc2)=N1,IC50,6820.0,nM,5.17,-6.80
CHEMBL590524,O=C1CSC(N/N=C/c2cccc(Br)c2)=N1,IC50,7460.0,nM,5.13,-6.60
CHEMBL592139,O=C1CSC(N/N=C/c2cccc(Cl)c2)=N1,IC50,10780.0,nM,4.97,-6.60
CHEMBL590877,O=C1CSC(N/N=C/c2cccc(F)c2)=N1,IC50,13530.0,nM,4.87,-6.80
CHEMBL591051,O=C1CSC(N/N=C/c2cccc(O)c2)=N1,IC50,19320.0,nM,4.71,-7.00
CHEMBL590568,Cc1cccc(/C=N/NC2=NC(=O)CS2)c1,IC50,23490.0,nM,4.63,-7.20
CHEMBL591050,O=C1CSC(N/N=C/c2cccc([N+](=O)[O-])c2)=N1,IC50,26610.0,nM,4.58,-7.00
CHEMBL592240,O=C1CSC(NN=C2CCCCCCC2)=N1,IC50,27000.0,nM,4.57,-6.40
CHEMBL592141,COc1cccc(/C=N/NC2=NC(=O)CS2)c1,IC50,31250.0,nM,4.5,-6.80
CHEMBL589165,O=C1CSC(NN=C2CCCCCC2)=N1,IC50,36000.0,nM,4.44,-6.70
CHEMBL591053,O=C1CSC(NN=C2CCCCC2)=N1,IC50,41000.0,nM,4.39,-6.30
CHEMBL591706,CCCCN(Cc1cccc(Cl)c1O)C(=O)Nc1ccccc1,IC50,32120.0,nM,4.49,-7.90
CHEMBL589068,Cc1cc(C)c(O)c(CN(Cc2ccc(O)cc2)C(=O)Nc2ccccc2)c1,IC50,9260.0,nM,5.03,-9.00
CHEMBL590525,Cc1cccc(CN(Cc2ccc(O)cc2)C(=O)Nc2ccccc2)c1O,IC50,7510.0,nM,5.12,-8.40
CHEMBL592211,O=C(Nc1ccccc1)N(Cc1ccc(O)cc1)Cc1cccc(Cl)c1O,IC50,960.0,nM,6.02,-8.10
CHEMBL590962,CCCCN(Cc1cccc(Br)c1O)C(=O)Nc1ccccc1,IC50,36880.0,nM,4.43,-7.70
CHEMBL604785,Cc1cccc(CN(Cc2ccc(O)cc2)C(=S)Nc2ccccc2)c1O,IC50,3460.0,nM,5.46,-8.30
CHEMBL591437,CCCCN(Cc1cccc(C)c1O)C(=S)Nc1ccccc1,IC50,43210.0,nM,4.36,-7.50
CHEMBL1087055,CC1=C(C(=O)Nc2cccc([N+](=O)[O-])c2)C(c2ccc(O)cc2O)NC(SCc2ccccc2)=N1,IC50,55600.0,nM,4.25,-9.90
CHEMBL1088348,CC1=C(C(=O)Nc2ccc(C)cc2)C(c2ccc(O)cc2O)NC(NCc2ccccc2)=N1,IC50,23500.0,nM,4.63,-9.10
CHEMBL1079742,C#Cc1cccc(Nc2ncnc3cc(OCCOC)c(OCCOC)cc23)c1.Cl,IC50,15.0,nM,7.82,N/A
CHEMBL1080815,Clc1cccc(Nc2ncnc3ccc(Cl)cc23)c1,IC50,2700.0,nM,5.57,-7.90
CHEMBL1093099,Nc1nc(N)c2c(n1)[nH]c1cccc(Sc3ccccc3)c12,IC50,15070.0,nM,4.82,-9.30
CHEMBL1093100,Cc1ccc(Sc2cccc3[nH]c4nc(N)nc(N)c4c23)cc1,IC50,10410.0,nM,4.98,-9.10
CHEMBL1092250,C#Cc1cccc(Nc2ccnc3cc(OC)c(OC)cc23)c1,Kd,0.27,nM,9.57,-7.90
CHEMBL1089203,C#Cc1cccc(Nc2ccnc3cc(OCCOC)c(OCCOC)cc23)c1,IC50,14.0,nM,7.85,-7.20
CHEMBL1088901,CN(C)CCCC(=O)Nc1ccc2ncnc(Nc3cccc(Br)c3)c2c1,IC50,190.0,nM,6.72,-8.00
CHEMBL1090840,C=CC(=O)Nc1ccc2nccc(Nc3cccc(Br)c3)c2c1,IC50,3.2,nM,8.49,-8.50
CHEMBL1095957,Cl.NCCc1c[nH]c2ccc(OCCc3ccc(O)cc3)cc12,IC50,2070.0,nM,5.68,N/A
CHEMBL1097190,Cl.NC1CCc2[nH]c3ccc(OCCc4ccc(O)cc4)cc3c2C1,IC50,15120.0,nM,4.82,N/A
CHEMBL483108,Nc1nc(Nc2ccc(F)c(Br)c2)c2cc(CCc3ccccc3)[nH]c2n1,IC50,22800.0,nM,4.64,-9.70
CHEMBL1097368,c1ccc(CCc2cc3c(Nc4ccc5[nH]ccc5c4)ncnc3[nH]2)cc1,IC50,56100.0,nM,4.25,-9.40
CHEMBL1095464,Cc1ccccc1Cc1cc2c(Nc3cccc(Br)c3)nc(N)nc2[nH]1,IC50,9100.0,nM,5.04,-9.50
CHEMBL1095465,COc1ccc(OC)c(Cc2cc3c(Nc4cccc(Br)c4)nc(N)nc3[nH]2)c1,IC50,240.0,nM,6.62,-9.30
CHEMBL1171792,Cc1ccc(Br)c2c(C#N)cc(C(=O)C3CC3)n12,IC50,85.0,nM,7.07,-7.50
CHEMBL1172957,NS(=O)(=O)c1ccc(Nc2nc(N3CCOCC3)nc3[nH]cnc23)cc1,IC50,10000.0,nM,5.0,-8.60
CHEMBL1173324,NC(=S)N1N=C(c2ccc(Br)c(Br)c2)CC1c1ccccc1F,IC50,13370.0,nM,4.87,-7.90
CHEMBL1173191,NC(=S)N1N=C(c2ccc(Br)c(Br)c2)CC1c1ccc([N+](=O)[O-])cc1,IC50,10640.0,nM,4.97,-8.20
CHEMBL1173192,NC(=S)N1N=C(c2ccc(Br)c(Br)c2)CC1c1ccc(O)cc1,IC50,11270.0,nM,4.95,-8.00
CHEMBL1173193,COc1ccc(C2CC(c3ccc(Br)c(Br)c3)=NN2C(N)=S)cc1,IC50,8090.0,nM,5.09,-8.00
CHEMBL1173262,Cc1ccc(C2CC(c3ccc(Br)c(Br)c3)=NN2C(N)=S)cc1,IC50,9830.0,nM,5.01,-8.80
CHEMBL1172823,NC(=S)N1N=C(c2ccc(Br)c(Br)c2)CC1c1ccc(F)cc1,IC50,8920.0,nM,5.05,-8.20
CHEMBL1173665,NC(=S)N1N=C(c2ccc(Cl)c(Cl)c2)CC1c1ccccc1F,IC50,6560.0,nM,5.18,-8.00
CHEMBL1173666,NC(=S)N1N=C(c2ccc(Cl)c(Cl)c2)CC1c1ccc([N+](=O)[O-])cc1,IC50,7780.0,nM,5.11,-8.50
CHEMBL1173667,NC(=S)N1N=C(c2ccc(Cl)c(Cl)c2)CC1c1ccc(O)cc1,IC50,5270.0,nM,5.28,-8.00
CHEMBL1172915,COc1ccc(C2CC(c3ccc(Cl)c(Cl)c3)=NN2C(N)=S)cc1,IC50,5740.0,nM,5.24,-8.00
CHEMBL1172916,Cc1ccc(C2CC(c3ccc(Cl)c(Cl)c3)=NN2C(N)=S)cc1,IC50,7380.0,nM,5.13,-8.90
CHEMBL1172573,NC(=S)N1N=C(c2ccc(Cl)c(Cl)c2)CC1c1ccc(F)cc1,IC50,6270.0,nM,5.2,-8.40
CHEMBL1173688,Cc1ccc(C2=NN(C(N)=S)C(c3ccccc3Br)C2)cc1C,IC50,4210.0,nM,5.38,-8.30
CHEMBL1173794,Cc1ccc(C2=NN(C(N)=S)C(c3ccccc3Cl)C2)cc1C,IC50,3870.0,nM,5.41,-8.20
CHEMBL1169856,Cc1ccc(C2=NN(C(N)=S)C(c3ccccc3F)C2)cc1C,IC50,5190.0,nM,5.29,-8.30
CHEMBL1173454,Cc1ccc(C2=NN(C(N)=S)C(c3ccc([N+](=O)[O-])cc3)C2)cc1C,IC50,3060.0,nM,5.51,-8.70
CHEMBL1173815,Cc1ccc(C2=NN(C(N)=S)C(c3ccc(O)cc3)C2)cc1C,IC50,130.0,nM,6.89,-8.40
CHEMBL1173814,COc1ccc(C2CC(c3ccc(C)c(C)c3)=NN2C(N)=S)cc1,IC50,70.0,nM,7.16,-8.40
CHEMBL1173813,Cc1ccc(C2CC(c3ccc(C)c(C)c3)=NN2C(N)=S)cc1,IC50,340.0,nM,6.47,-8.50
CHEMBL1173457,Cc1ccc(C2=NN(C(N)=S)C(c3ccc(Br)cc3)C2)cc1C,IC50,2170.0,nM,5.66,-8.70
CHEMBL1173456,Cc1ccc(C2=NN(C(N)=S)C(c3ccc(Cl)cc3)C2)cc1C,IC50,1360.0,nM,5.87,-8.70
CHEMBL1173455,Cc1ccc(C2=NN(C(N)=S)C(c3ccc(F)cc3)C2)cc1C,IC50,830.0,nM,6.08,-8.70
CHEMBL1173249,CC(=O)N1N=C(c2ccc(Cl)c(Cl)c2)CC1c1ccc(F)cc1,IC50,18350.0,nM,4.74,-8.60
CHEMBL1171822,CC(=O)N1N=C(c2ccc(Cl)c(Cl)c2)CC1c1ccc(C)cc1,IC50,19320.0,nM,4.71,-8.80
CHEMBL1173680,COc1ccc(C2CC(c3ccc(Cl)c(Cl)c3)=NN2C(C)=O)cc1,IC50,17190.0,nM,4.76,-8.20
CHEMBL1172419,CC(=O)N1N=C(c2ccc(Cl)c(Cl)c2)CC1c1ccccc1,IC50,28690.0,nM,4.54,-8.70
CHEMBL1172602,COc1cc(OC)cc(C2CC(c3ccc(Cl)c(Cl)c3)=NN2C(C)=O)c1,IC50,25470.0,nM,4.59,-8.70
CHEMBL1172603,CC(=O)N1N=C(c2ccc(C)c(C)c2)CC1c1ccc(F)cc1,IC50,15560.0,nM,4.81,-8.80
CHEMBL1173022,CC(=O)N1N=C(c2ccc(C)c(C)c2)CC1c1ccc(Cl)cc1,IC50,19730.0,nM,4.71,-8.80
CHEMBL1173023,CC(=O)N1N=C(c2ccc(C)c(C)c2)CC1c1ccc(Br)cc1,IC50,20610.0,nM,4.69,-8.70
CHEMBL1173319,CC(=O)N1N=C(c2ccc(C)c(C)c2)CC1c1ccc(C)cc1,IC50,17490.0,nM,4.76,-8.80
CHEMBL1173397,COc1ccc(C2CC(c3ccc(C)c(C)c3)=NN2C(C)=O)cc1,IC50,15240.0,nM,4.82,-8.80
CHEMBL1171638,CC(=O)N1N=C(c2ccc(C)c(C)c2)CC1c1ccccc1Cl,IC50,21480.0,nM,4.67,-9.30
CHEMBL1173398,CC(=O)N1N=C(c2ccc(C)c(C)c2)CC1c1ccccc1,IC50,20040.0,nM,4.7,-8.90
CHEMBL1173105,COc1cc(OC)cc(C2CC(c3ccc(C)c(C)c3)=NN2C(C)=O)c1,IC50,17310.0,nM,4.76,-9.00
CHEMBL1172802,Cc1ncc([N+](=O)[O-])n1CCOC(=O)/C=C/c1ccc(F)cc1,IC50,4120.0,nM,5.38,-7.80
CHEMBL1172803,Cc1ncc([N+](=O)[O-])n1CCOC(=O)/C=C/c1ccc(Cl)cc1,IC50,3620.0,nM,5.44,-7.70
CHEMBL1173651,Cc1ncc([N+](=O)[O-])n1CCOC(=O)/C=C/c1ccc(Br)cc1,IC50,3240.0,nM,5.49,-7.80
CHEMBL1173652,Cc1ncc([N+](=O)[O-])n1CCOC(=O)/C=C/c1ccccc1,IC50,7830.0,nM,5.11,-7.80
CHEMBL1173653,Cc1ccc(/C=C/C(=O)OCCn2c([N+](=O)[O-])cnc2C)cc1,IC50,8110.0,nM,5.09,-7.90
CHEMBL1173713,COc1ccc(/C=C/C(=O)OCCn2c([N+](=O)[O-])cnc2C)cc1,IC50,10850.0,nM,4.96,-7.60
CHEMBL1173714,Cc1ncc([N+](=O)[O-])n1CCOC(=O)/C=C/c1ccc(C(C)C)cc1,IC50,6820.0,nM,5.17,-7.90
CHEMBL1173718,Cc1ncc([N+](=O)[O-])n1CCOC(=O)/C=C/c1ccc(-c2ccccc2)cc1,IC50,620.0,nM,6.21,-8.60
CHEMBL1173783,Cc1ncc([N+](=O)[O-])n1CCOC(=O)/C=C/c1ccc(OCc2ccccc2)cc1,IC50,1270.0,nM,5.9,-8.10
CHEMBL1172877,Cc1ncc([N+](=O)[O-])n1CCOC(=O)/C=C/c1ccccc1F,IC50,26740.0,nM,4.57,-7.70
CHEMBL1172878,Cc1ncc([N+](=O)[O-])n1CCOC(=O)/C=C/c1ccccc1Cl,IC50,20810.0,nM,4.68,-7.90
CHEMBL1172947,Cc1ncc([N+](=O)[O-])n1CCOC(=O)/C=C/c1ccccc1Br,IC50,24320.0,nM,4.61,-7.90
CHEMBL1173789,Cc1ncc([N+](=O)[O-])n1CCOC(=O)/C=C/c1ccccc1[N+](=O)[O-],IC50,25000.0,nM,4.6,-8.00
CHEMBL1171273,COc1ccccc1/C=C/C(=O)OCCn1c([N+](=O)[O-])cnc1C,IC50,32000.0,nM,4.5,-7.70
CHEMBL1172950,Cc1ncc([N+](=O)[O-])n1CCOC(=O)/C=C/c1cccc([N+](=O)[O-])c1,IC50,14530.0,nM,4.84,-8.10
CHEMBL1172951,Cc1ncc([N+](=O)[O-])n1CCOC(=O)/C=C/c1cccc(F)c1,IC50,12420.0,nM,4.91,-7.80
CHEMBL1173014,COc1cccc(/C=C/C(=O)OCCn2c([N+](=O)[O-])cnc2C)c1,IC50,13870.0,nM,4.86,-7.70
CHEMBL1170278,Cc1ncc([N+](=O)[O-])n1CCOC(=O)/C=C/c1cccc2ccccc12,IC50,3880.0,nM,5.41,-8.70
CHEMBL1170459,Cc1ncc([N+](=O)[O-])n1CCOC(=O)/C=C/c1ccc2ccccc2c1,IC50,5760.0,nM,5.24,-8.90
CHEMBL1221700,C=CC(=O)Nc1ccc2ncnc(Nc3ccc(C(C)(C)C)cc3)c2c1,IC50,689.0,nM,6.16,-8.90
CHEMBL1243284,CNC/C=C/C(=O)Nc1cc2c(Nc3ccc(F)c(Cl)c3)c(C#N)cnc2cc1OCCF,IC50,0.29,nM,9.54,-8.60
CHEMBL1243255,CCOc1cc2ncc(C#N)c(Nc3ccc(F)c(Cl)c3)c2cc1NC(=O)/C=C/CNC,IC50,0.25,nM,9.6,-8.90
CHEMBL1243316,C#CCNC/C=C/C(=O)Nc1cc2c(Nc3ccc(F)c(Cl)c3)c(C#N)cnc2cc1OCC,IC50,0.03,nM,10.52,-8.40
CHEMBL1242285,CC(C)n1nc(-c2cc(O)cc(Br)c2)c2c(N)ncnc21,IC50,249.0,nM,6.6,-9.00
CHEMBL1242286,COCOc1cc(-c2nn(C(C)C)c3ncnc(N)c23)ccc1Br,IC50,4320.0,nM,5.37,-7.70
CHEMBL1241299,Cn1nc(-c2ccc(Br)c(O)c2)c2c(N)ncnc21,IC50,100000.0,nM,4.0,-8.30
CHEMBL1242287,Nc1ncnc2c1c(-c1ccc(Br)c(O)c1)nn2C1CCC1,IC50,324.0,nM,6.49,-8.50
CHEMBL1242376,Nc1ncnc2c1c(-c1ccc(Br)c(O)c1)nn2C1CCCC1,IC50,236.0,nM,6.63,-8.70
CHEMBL1242377,CC(C)n1nc(-c2ccc(F)c(O)c2)c2c(N)ncnc21,IC50,1400.0,nM,5.85,-9.20
CHEMBL1242378,C[C@H](CN)n1nc(-c2ccc(F)c(O)c2)c2c(N)ncnc21,IC50,100000.0,nM,4.0,-8.80
CHEMBL1242468,C[C@@H](CN)n1nc(-c2ccc(F)c(O)c2)c2c(N)ncnc21,IC50,26000.0,nM,4.58,-8.60
CHEMBL1242469,N#CCCCn1nc(-c2ccc(F)c(O)c2)c2c(N)ncnc21,IC50,18000.0,nM,4.75,-8.50
CHEMBL1242470,N#CCCCCn1nc(-c2ccc(F)c(O)c2)c2c(N)ncnc21,IC50,11000.0,nM,4.96,-8.60
CHEMBL1242566,Nc1ncnc2c1c(-c1ccc(F)c(O)c1)nn2C1CCC1,IC50,2900.0,nM,5.54,-9.30
CHEMBL1242567,Nc1ncnc2c1c(-c1ccc(F)c(O)c1)nn2C1CNC1,IC50,2900.0,nM,5.54,-9.00
CHEMBL1242568,Nc1ncnc2c1c(-c1ccc(F)c(O)c1)nn2C1CCCC1,IC50,318.0,nM,6.5,-9.80
CHEMBL1242656,CC1CCC(n2nc(-c3ccc(F)c(O)c3)c3c(N)ncnc32)C1,IC50,366.0,nM,6.44,-10.10
CHEMBL1242657,Nc1ncnc2c1c(-c1ccc(F)c(O)c1)nn2[C@H]1CCNC1,IC50,8700.0,nM,5.06,-9.30
CHEMBL1242658,Nc1ncnc2c1c(-c1ccc(F)c(O)c1)nn2[C@@H]1CCNC1,IC50,15600.0,nM,4.81,-9.40
CHEMBL1242748,Nc1ncnc2c1c(-c1ccc(F)c(O)c1)nn2[C@H]1CCOC1,IC50,4800.0,nM,5.32,-9.40
CHEMBL1242749,Nc1ncnc2c1c(-c1ccc(F)c(O)c1)nn2[C@@H]1CCOC1,IC50,2600.0,nM,5.58,-9.30
CHEMBL1242750,Nc1ncnc2c1c(-c1ccc(F)c(O)c1)nn2C1CCCCCC1,IC50,775.0,nM,6.11,-10.30
CHEMBL1242844,Nc1ncnc2c1c(-c1ccc(F)c(O)c1)nn2CC1CCNCC1,IC50,100000.0,nM,4.0,-9.70
CHEMBL1242845,Cc1nn(-c2ccccc2)nc1Cn1nc(-c2ccc(F)c(O)c2)c2c(N)ncnc21,IC50,100000.0,nM,4.0,-10.00
CHEMBL1241482,Nc1ncnc2c1c(-c1ccc(F)c(O)c1)nn2Cc1ocnc1-c1ccccc1,IC50,100000.0,nM,4.0,-10.80
CHEMBL1241483,COc1cc(-c2nn(C(C)C)c3ncnc(N)c23)ccc1F,IC50,3860.0,nM,5.41,-8.70
CHEMBL1241484,CC(C)n1nc(-c2ccc(Cl)c(O)c2)c2c(N)ncnc21,IC50,158.0,nM,6.8,-8.90
CHEMBL1241579,C[C@H](CN)n1nc(-c2ccc(Cl)c(O)c2)c2c(N)ncnc21,IC50,4800.0,nM,5.32,-8.50
CHEMBL1240544,C[C@@H](CN)n1nc(-c2ccc(Cl)c(O)c2)c2c(N)ncnc21,IC50,9140.0,nM,5.04,-8.00
CHEMBL1241481,COc1cc(-c2nn(C(C)C)c3ncnc(N)c23)ccc1NC(=O)OC(C)(C)C,IC50,170.0,nM,6.77,-8.30
CHEMBL1241578,CC(C)n1nc(-c2ccc(Br)c(O)c2)c2c(N)ncnc21,IC50,550.0,nM,6.26,-8.50
CHEMBL1081312,Nc1ncnc2c1c(-c1cnc3[nH]ccc3c1)nn2C1CCCC1,IC50,260.0,nM,6.58,-9.60
CHEMBL1233882,CC(C)n1nc(-c2ccc3ncccc3c2)c2c(N)ncnc21,IC50,610.0,nM,6.21,-8.80
CHEMBL1233881,COc1ccc(-c2nn(C3CCC3)c3ncnc(N)c23)cc1OC,IC50,2300.0,nM,5.64,-8.10
CHEMBL1241674,CC(C)n1nc(-c2cc3cc(O)ccc3[nH]2)c2c(N)ncnc21,Kd,220.0,nM,6.66,-8.80
CHEMBL1241675,Nc1ncnc2c1c(-c1ccn3ccnc3c1)nn2C1CCCC1,IC50,12000.0,nM,4.92,-9.00
CHEMBL1230790,CC(C)n1nc(-c2cccc(O)c2)c2c(N)ncnc21,IC50,954.0,nM,6.02,-9.00
CHEMBL1234815,Cn1nc(-c2ccc3ccccc3c2)c2c(N)ncnc21,IC50,388.0,nM,6.41,-9.50
CHEMBL1241241,CC(C)n1nc(-c2ccc(O)cc2)c2c(N)ncnc21,IC50,922.0,nM,6.04,-8.10
CHEMBL1242024,Cc1cc(O)ccc1-c1nn(C(C)C)c2ncnc(N)c12,IC50,954.0,nM,6.02,-8.80
CHEMBL1241270,Cc1ccc(-c2n[nH]c3ncnc(N)c23)cc1O,IC50,12400.0,nM,4.91,-8.60
CHEMBL1241271,Cc1ccc(-c2nn(C)c3ncnc(N)c23)cc1O,IC50,19000.0,nM,4.72,-8.80
CHEMBL1242026,Cc1ccc(-c2nn(C(C)C)c3ncnc(N)c23)cc1O,IC50,663.0,nM,6.18,-8.90
CHEMBL1242109,CCC(C)n1nc(-c2ccc(C)c(O)c2)c2c(N)ncnc21,IC50,1670.0,nM,5.78,-8.70
CHEMBL1242110,CC(C)n1nc(-c2cccc(O)c2F)c2c(N)ncnc21,IC50,3720.0,nM,5.43,-9.10
CHEMBL1242111,Nc1ncnc2c1c(-c1cccc(O)c1F)nn2C1CCCC1,IC50,1770.0,nM,5.75,-9.80
CHEMBL1242198,CC(C)n1nc(-c2cc(O)cc(F)c2)c2c(N)ncnc21,IC50,576.0,nM,6.24,-9.40
CHEMBL1242199,Nc1ncnc2c1c(-c1cc(O)cc(F)c1)nn2C1CCCC1,IC50,751.0,nM,6.12,-9.90
CHEMBL1242200,COc1cc(Br)cc(-c2nn(C(C)C)c3ncnc(N)c23)c1,IC50,11000.0,nM,4.96,-8.00
CHEMBL1242380,COc1ccc(-c2nn(C[C@H](C)CO)c3ncnc(N)c23)cc1OC,IC50,12000.0,nM,4.92,-7.70
CHEMBL1242381,COc1ccc(-c2nn(C[C@@H](C)CO)c3ncnc(N)c23)cc1OC,IC50,18000.0,nM,4.75,-7.90
CHEMBL1240553,COc1ccc(-c2nn(C3CCCC3)c3ncnc(N)c23)cc1OC,IC50,3300.0,nM,5.48,-8.60
CHEMBL1242471,CCOc1ccc(-c2n[nH]c3ncnc(N)c23)cc1OC,IC50,100000.0,nM,4.0,-7.80
CHEMBL1242472,CCOc1ccc(-c2nn(C(C)C)c3ncnc(N)c23)cc1OC,IC50,5950.0,nM,5.22,-7.90
CHEMBL1242569,C=CCn1nc(-c2ccc(OCC)c(OC)c2)c2c(N)ncnc21,IC50,5080.0,nM,5.29,-7.70
CHEMBL1240554,CCOc1ccc(-c2nn(C3CCCC3)c3ncnc(N)c23)cc1OC,IC50,1400.0,nM,5.85,-8.30
CHEMBL1242659,CCOc1ccc(-c2nn(C3CCCCC3)c3ncnc(N)c23)cc1OC,IC50,1160.0,nM,5.94,-8.40
CHEMBL1242660,COc1cc(-c2nn(C(C)C)c3ncnc(N)c23)cc(OC)c1OC,IC50,5140.0,nM,5.29,-7.30
CHEMBL1242751,COc1cccc(-c2nn(C(C)C)c3ncnc(N)c23)c1OC,IC50,3660.0,nM,5.44,-8.20
CHEMBL1242752,CCOc1cc(-c2nn(C(C)C)c3ncnc(N)c23)ccc1OC,IC50,54200.0,nM,4.27,-7.90
CHEMBL1242753,CCOc1cc(-c2nn(CCO)c3ncnc(N)c23)ccc1OC,IC50,8010.0,nM,5.1,-7.60
CHEMBL1242846,COc1ncc(-c2nn(C(C)C)c3ncnc(N)c23)c(OC)n1,IC50,100000.0,nM,4.0,-7.40
CHEMBL1242847,COc1ccc(-c2nn(C(C)C)c3ncnc(N)c23)cc1,IC50,4300.0,nM,5.37,-8.10
CHEMBL1242848,CC(C)n1nc(-c2ccc(N)c(O)c2)c2c(N)ncnc21,IC50,2120.0,nM,5.67,-8.70
CHEMBL1241485,COc1cc(-c2nn(C(C)C)c3ncnc(N)c23)ccc1N,IC50,3850.0,nM,5.42,-8.30
CHEMBL1241486,COc1cc(-c2nn(C(C)C)c3ncnc(N)c23)ccc1NC(C)CO,IC50,5320.0,nM,5.27,-7.90
CHEMBL1241487,Nc1ccc(-c2nn(C3CCCC3)c3ncnc(N)c23)cc1O,IC50,33.0,nM,7.48,-9.60
CHEMBL1241581,COc1cc(-c2nn(C3CCCC3)c3ncnc(N)c23)ccc1N,IC50,84.0,nM,7.08,-9.00
CHEMBL1241582,CC(C)n1nc(-c2cccc(CO)c2)c2c(N)ncnc21,IC50,100000.0,nM,4.0,-9.10
CHEMBL1241583,CC(C)n1nc(-c2cccc(CC#N)c2)c2c(N)ncnc21,IC50,17000.0,nM,4.77,-8.20
CHEMBL1240545,CC(C)n1nc(-c2ccc(CC#N)cc2)c2c(N)ncnc21,IC50,13000.0,nM,4.89,-7.70
CHEMBL1241679,CC(C)n1nc(-c2cccc(C#N)c2)c2c(N)ncnc21,IC50,100000.0,nM,4.0,-8.60
CHEMBL1241680,CC(C)n1nc(-c2ccc(F)c(C#N)c2)c2c(N)ncnc21,IC50,100000.0,nM,4.0,-8.80
CHEMBL1241771,CC(C)n1nc(-c2ccc(C#N)c(F)c2)c2c(N)ncnc21,IC50,8900.0,nM,5.05,-8.00
CHEMBL1241772,CC(C)n1nc(-c2ccc(C#N)nc2)c2c(N)ncnc21,IC50,100000.0,nM,4.0,-7.60
CHEMBL1241390,CC(C)n1nc(-c2cccnc2)c2c(N)ncnc21,IC50,100000.0,nM,4.0,-8.30
CHEMBL1241391,CC(C)n1nc(-c2cncnc2)c2c(N)ncnc21,IC50,100000.0,nM,4.0,-8.00
CHEMBL1241773,CC(=O)c1ccc(-c2nn(C(C)C)c3ncnc(N)c23)cc1,IC50,12000.0,nM,4.92,-8.50
CHEMBL1241860,CC(C)n1nc(-c2ccc(C=O)c(F)c2)c2c(N)ncnc21,IC50,9000.0,nM,5.05,-8.40
CHEMBL1241861,CC(C)n1nc(-c2cc(F)c(C=O)c(F)c2)c2c(N)ncnc21,IC50,10000.0,nM,5.0,-8.70
CHEMBL1241862,CC(C)n1nc(-c2ccc(C(N)=O)c(Cl)c2)c2c(N)ncnc21,IC50,100000.0,nM,4.0,-9.20
CHEMBL1241946,CC(=O)c1cccc(-c2nn(C(C)C)c3ncnc(N)c23)c1,IC50,2800.0,nM,5.55,-8.90
CHEMBL1241439,CC(C)n1nc(-c2cc(C=O)co2)c2c(N)ncnc21,IC50,5960.0,nM,5.22,-7.90
CHEMBL1241947,Cc1cc(-c2nn(C(C)C)c3ncnc(N)c23)sc1C=O,IC50,9900.0,nM,5.0,-8.40
CHEMBL1241948,CC(C)n1nc(-c2cccc(NS(C)(=O)=O)c2)c2c(N)ncnc21,IC50,100000.0,nM,4.0,-8.00
CHEMBL1242030,CC(C)n1nc(-c2ccc(NS(C)(=O)=O)cc2)c2c(N)ncnc21,IC50,12800.0,nM,4.89,-8.60
CHEMBL1242031,CC(C)n1nc(-c2cccc(S(N)(=O)=O)c2)c2c(N)ncnc21,IC50,100000.0,nM,4.0,-8.20
CHEMBL1242032,CC(C)n1nc(-c2ccc(S(N)(=O)=O)cc2)c2c(N)ncnc21,IC50,100000.0,nM,4.0,-8.20
CHEMBL1242115,CC(C)n1nc(-c2cccc(C(=O)NC3=NCCS3)c2)c2c(N)ncnc21,IC50,579.0,nM,6.24,-9.90
CHEMBL1241580,Nc1ncnc2c1c(-c1ccc(Cl)c(O)c1)nn2C1CCC1,IC50,1150.0,nM,5.94,-8.90
CHEMBL1241676,Nc1ncnc2c1c(-c1ccc(Cl)c(O)c1)nn2C1CCCC1,IC50,67.0,nM,7.17,-9.40
CHEMBL1241677,Nc1ncnc2c1c(-c1ccc(Cl)c(O)c1)nn2[C@@H]1CCNC1,IC50,12400.0,nM,4.91,-9.10
CHEMBL1241678,Nc1ncnc2c1c(-c1ccc(Cl)c(O)c1)nn2[C@H]1CCOC1,IC50,1580.0,nM,5.8,-8.90
CHEMBL1241768,Nc1ncnc2c1c(-c1ccc(Cl)c(O)c1)nn2[C@@H]1CCOC1,IC50,1400.0,nM,5.85,-8.90
CHEMBL1241769,Nc1ncnc2c1c(-c1ccc(Cl)c(O)c1)nn2CC1CCCN1,IC50,9380.0,nM,5.03,-8.40
CHEMBL1241770,Nc1ncnc2c1c(-c1ccc(Cl)c(O)c1)nn2CC1CCNC1,IC50,2010.0,nM,5.7,-8.70
CHEMBL1241858,Nc1ncnc2c1c(-c1ccc(Cl)c(O)c1)nn2CC1CCCNC1,IC50,2720.0,nM,5.57,-9.40
CHEMBL1241859,Nc1ncnc2c1c(-c1ccc(Cl)c(O)c1)nn2CC1CCNCC1,IC50,100000.0,nM,4.0,-9.20
CHEMBL1241943,Nc1ncnc2c1c(-c1ccc(Cl)c(O)c1)nn2CCC1CCCNC1,IC50,20500.0,nM,4.69,-9.00
CHEMBL1241944,CC(C)n1nc(-c2ccc(C#N)c(O)c2)c2c(N)ncnc21,IC50,2600.0,nM,5.58,-8.00
CHEMBL1241945,CC(C)n1nc(-c2ccc(O)c(F)c2)c2c(N)ncnc21,IC50,1040.0,nM,5.98,-8.80
CHEMBL1242027,COc1cc(F)c(-c2nn(C(C)C)c3ncnc(N)c23)cc1F,IC50,10200.0,nM,4.99,-8.30
CHEMBL1242028,CC(C)n1nc(-c2cc(F)c(O)cc2F)c2c(N)ncnc21,IC50,6900.0,nM,5.16,-9.00
CHEMBL1242029,COc1cccc(-c2nn(C(C)C)c3ncnc(N)c23)c1,IC50,1400.0,nM,5.85,-8.40
CHEMBL1242112,COc1cc(-c2nn(C(C)C)c3ncnc(N)c23)ccc1O,IC50,908.0,nM,6.04,-8.50
CHEMBL1241300,COc1ccc(-c2n[nH]c3ncnc(N)c23)cc1O,IC50,100000.0,nM,4.0,-8.30
CHEMBL1241301,COc1ccc(-c2nn(C)c3ncnc(N)c23)cc1O,IC50,100000.0,nM,4.0,-8.60
CHEMBL1242113,CCn1nc(-c2ccc(OC)c(O)c2)c2c(N)ncnc21,IC50,6450.0,nM,5.19,-8.50
CHEMBL1242114,COc1ccc(-c2nn(C(C)C)c3ncnc(N)c23)cc1O,IC50,2190.0,nM,5.66,-8.70
CHEMBL1242201,COc1ccc(-c2nn(C3CCCC3)c3ncnc(N)c23)cc1O,IC50,437.0,nM,6.36,-9.20
CHEMBL1242202,COc1ccc(-c2nn(C3CCC(C)C3)c3ncnc(N)c23)cc1O,IC50,270.0,nM,6.57,-9.30
CHEMBL1242203,COc1ccc(-c2nn(C3CNC3)c3ncnc(N)c23)cc1O,IC50,17000.0,nM,4.77,-8.60
CHEMBL1242288,COc1ccc(-c2nn([C@@H]3CCNC3)c3ncnc(N)c23)cc1O,IC50,12600.0,nM,4.9,-9.00
CHEMBL1242289,CCOc1ccc(-c2nn(C3CCCC3)c3ncnc(N)c23)cc1O,IC50,768.0,nM,6.12,-8.80
CHEMBL1242290,COc1ccc(-c2nn(C(C)C)c3ncnc(N)c23)cc1OC,IC50,3020.0,nM,5.52,-7.80
CHEMBL1242379,COc1ccc(-c2nn(C(C)(C)C)c3ncnc(N)c23)cc1OC,IC50,6340.0,nM,5.2,-7.80
CHEMBL1242661,CCOc1ccc2cc(-c3nn(C)c4ncnc(N)c34)ccc2c1,IC50,21000.0,nM,4.68,-9.00
CHEMBL1242662,CC(C)n1nc(-c2ccc3cc(O)ccc3c2)c2c(N)ncnc21,IC50,88.0,nM,7.06,-9.00
CHEMBL1242663,CC(C)n1nc(-c2cc3ccccc3nc2Cl)c2c(N)ncnc21,IC50,100000.0,nM,4.0,-9.30
CHEMBL1242754,CC(C)n1nc(-c2cnc3ccccc3c2)c2c(N)ncnc21,IC50,1000.0,nM,6.0,-9.20
CHEMBL1242755,Nc1ncnc2c1c(-c1cnc3ccccc3c1)nn2C1CCCC1,IC50,540.0,nM,6.27,-10.10
CHEMBL1242756,Cn1nc(-c2ccc3ncccc3c2)c2c(N)ncnc21,IC50,34000.0,nM,4.47,-9.10
CHEMBL1241681,Nc1ncnc2c1c(-c1ccc3ncccc3c1)nn2C1CCCC1,IC50,2100.0,nM,5.68,-9.50
CHEMBL1241682,Cc1ccc2cc(-c3nn(C(C)C)c4ncnc(N)c34)ccc2n1,IC50,100000.0,nM,4.0,-9.00
CHEMBL1241683,CC(C)n1nc(-c2ccc3nc(Cl)ccc3c2)c2c(N)ncnc21,IC50,100000.0,nM,4.0,-8.80
CHEMBL1241774,CC(C)n1nc(-c2ccc3nccnc3c2)c2c(N)ncnc21,IC50,18000.0,nM,4.75,-8.60
CHEMBL1241775,CC(C)n1nc(-c2cnc3nccnc3c2)c2c(N)ncnc21,IC50,70000.0,nM,4.16,-8.40
CHEMBL1241776,CC(C)n1nc(-c2ccc3nc[nH]c(=O)c3c2)c2c(N)ncnc21,IC50,7400.0,nM,5.13,-9.10
CHEMBL1241863,CC(C)n1nc(-c2ccc3[nH]c(=O)ccc3c2)c2c(N)ncnc21,IC50,6700.0,nM,5.17,-9.10
CHEMBL1241864,Nc1ncnc2c1c(-c1ccc3[nH]c(=O)ccc3c1)nn2C1CCCC1,IC50,1400.0,nM,5.85,-9.70
CHEMBL1241949,CC(C)n1nc(-c2ccc3nc(N)ccc3c2)c2c(N)ncnc21,IC50,12000.0,nM,4.92,-9.50
CHEMBL1241950,CC(C)n1nc(-c2ccc3nc(NN)ccc3c2)c2c(N)ncnc21,IC50,7000.0,nM,5.16,-9.40
CHEMBL1242033,CC(C)n1nc(-c2ccc3nccc(NC(=O)OC(C)(C)C)c3c2)c2c(N)ncnc21,IC50,100000.0,nM,4.0,-8.90
CHEMBL1242034,CC(C)n1nc(-c2ccc3nccc(N)c3c2)c2c(N)ncnc21,IC50,100000.0,nM,4.0,-9.20
CHEMBL1242117,Cn1nc(-c2ccc3occc(=O)c3c2)c2c(N)ncnc21,IC50,10000.0,nM,5.0,-9.40
CHEMBL1242118,CC(C)n1nc(-c2ccc3occc(=O)c3c2)c2c(N)ncnc21,IC50,29000.0,nM,4.54,-9.10
CHEMBL1242119,Nc1ncnc2c1c(-c1ccc3occc(=O)c3c1)nn2C1CCCC1,IC50,100000.0,nM,4.0,-9.80
CHEMBL1242207,CC(C)n1nc(-c2ccc3cnccc3c2)c2c(N)ncnc21,IC50,25000.0,nM,4.6,-9.10
CHEMBL1242208,CC(C)n1nc(-c2ccc3ccncc3c2)c2c(N)ncnc21,IC50,100000.0,nM,4.0,-9.30
CHEMBL1242209,Cc1ccc2ccc(-c3nn(C(C)C)c4ncnc(N)c34)cc2n1,IC50,18000.0,nM,4.75,-9.20
CHEMBL1240565,Cn1nc(-c2cnc3[nH]ccc3c2)c2c(N)ncnc21,IC50,15000.0,nM,4.82,-9.30
CHEMBL1242293,CC(C)n1nc(-c2cnc3[nH]ccc3c2)c2c(N)ncnc21,IC50,380.0,nM,6.42,-9.30
CHEMBL1242294,CC(C)n1nc(-c2ccc3[nH]ccc3c2)c2c(N)ncnc21,IC50,176.0,nM,6.75,-9.50
CHEMBL1242295,Nc1ncnc2c1c(-c1ccc3[nH]ccc3c1)nn2C1CCCC1,IC50,734.0,nM,6.13,-9.70
CHEMBL1242384,CC(C)n1nc(-c2ccc3c(ccn3C)c2)c2c(N)ncnc21,IC50,955.0,nM,6.02,-8.70
CHEMBL1242385,Cn1ccc2cc(-c3nn(C4CCCC4)c4ncnc(N)c34)ccc21,IC50,539.0,nM,6.27,-9.20
CHEMBL1242386,CC(C)n1nc(-c2ccc3[nH]ncc3c2)c2c(N)ncnc21,IC50,1100.0,nM,5.96,-9.30
CHEMBL1242475,Nc1ncnc2c1c(-c1ccc3[nH]ncc3c1)nn2C1CCCC1,IC50,571.0,nM,6.24,-9.60
CHEMBL1242476,CC(C)n1nc(-c2ccc3c(N)n[nH]c3c2)c2c(N)ncnc21,IC50,207.0,nM,6.68,-10.10
CHEMBL1242477,CC(C)n1nc(-c2ccc3cn[nH]c3c2)c2c(N)ncnc21,IC50,2500.0,nM,5.6,-9.60
CHEMBL1242572,Nc1ncnc2c1c(-c1ccc3cn[nH]c3c1)nn2C1CCCC1,IC50,760.0,nM,6.12,-9.90
CHEMBL1242573,CC(C)n1nc(-c2cc(F)c3cn[nH]c3c2)c2c(N)ncnc21,IC50,1200.0,nM,5.92,-10.00
CHEMBL1240566,Cn1nc(-c2ccc3cc[nH]c3c2)c2c(N)ncnc21,IC50,2900.0,nM,5.54,-9.20
CHEMBL1242574,CC(C)n1nc(-c2ccc3cc[nH]c3c2)c2c(N)ncnc21,IC50,220.0,nM,6.66,-9.30
CHEMBL1242664,Nc1ncnc2c1c(-c1ccc3cc[nH]c3c1)nn2C1CCCC1,IC50,85.0,nM,7.07,-9.50
CHEMBL1242665,CC(C)n1nc(-c2ccn3ccnc3c2)c2c(N)ncnc21,IC50,45000.0,nM,4.35,-8.90
CHEMBL1242666,CC(C)n1nc(-c2ccc3c(C=O)c[nH]c3c2)c2c(N)ncnc21,IC50,638.0,nM,6.2,-9.20
CHEMBL1242757,CC(C)n1nc(-c2cccc3[nH]ccc23)c2c(N)ncnc21,IC50,4600.0,nM,5.34,-9.30
CHEMBL1242758,Nc1ncnc2c1c(-c1cccc3[nH]ccc13)nn2C1CCCC1,IC50,1400.0,nM,5.85,-9.80
CHEMBL1242852,CC(C)n1nc(-c2ccc3c(ccn3C(=O)OC(C)(C)C)c2)c2c(N)ncnc21,IC50,179.0,nM,6.75,-8.70
CHEMBL1242853,CC(C)(C)OC(=O)n1ccc2cc(-c3nn(C4CCCC4)c4ncnc(N)c34)ccc21,IC50,391.0,nM,6.41,-9.20
CHEMBL1241490,CC(C)n1nc(-c2ccc3occc3c2)c2c(N)ncnc21,IC50,964.0,nM,6.02,-9.20
CHEMBL1241491,Nc1ncnc2c1c(-c1ccc3occc3c1)nn2C1CCCC1,IC50,575.0,nM,6.24,-9.40
CHEMBL1241492,CC(C)n1nc(-c2ccc3nonc3c2)c2c(N)ncnc21,IC50,8300.0,nM,5.08,-9.00
CHEMBL1241586,CC(C)n1nc(-c2ccc3[nH]c(=O)[nH]c3c2)c2c(N)ncnc21,IC50,937.0,nM,6.03,-9.30
CHEMBL1241587,CC(C)n1nc(-c2ccc3c(c2)CCO3)c2c(N)ncnc21,IC50,5000.0,nM,5.3,-9.20
CHEMBL1241588,CC(C)n1nc(-c2ccc3c(c2)OCCO3)c2c(N)ncnc21,IC50,15000.0,nM,4.82,-9.00
CHEMBL1241684,CC(C)n1nc(-c2cc3cc(C=O)ccc3s2)c2c(N)ncnc21,IC50,100000.0,nM,4.0,-8.10
CHEMBL603469,C[C@]12O[C@H](C[C@]1(O)CO)n1c3ccccc3c3c4c(c5c6ccccc6n2c5c31)CNC4=O,Kd,7.8,nM,8.11,-11.60
CHEMBL1254199,CN(c1cccc(Br)c1)c1nc(N)nc2[nH]c(Cc3ccccc3)cc12,IC50,53100.0,nM,4.28,-9.40
CHEMBL1254363,Cc1ccccc1Cc1cc2c(N(C)c3cccc(Br)c3)nc(N)nc2[nH]1,IC50,31200.0,nM,4.51,-9.60
CHEMBL1254364,Cc1ccccc1Cc1cc2c(Nc3cccc(Br)c3)nc(N)nc2n1C,IC50,12800.0,nM,4.89,-9.40
CHEMBL1254443,Cc1ccccc1Cc1cc2c(N(C)c3cccc(Br)c3)nc(N)nc2n1C,IC50,1200.0,nM,5.92,-9.40
CHEMBL1254523,COc1ccc(OC)c(Cc2cc3c(N(C)c4cccc(Br)c4)nc(N)nc3n2C)c1,IC50,500.0,nM,6.3,-8.80
CHEMBL1257795,N#Cc1ccc2c(c1)C(c1ccccc1F)=Nc1c[nH]nc1N2,IC50,10900.0,nM,4.96,-8.50
CHEMBL1257911,Nc1ccc2c(c1)C(c1ccccc1Cl)=Nc1c[nH]nc1N2,IC50,989.0,nM,6.0,-8.40
CHEMBL1257912,CC(=O)Nc1ccc2c(c1)C(c1ccccc1Cl)=Nc1c[nH]nc1N2,IC50,726.0,nM,6.14,-8.60
CHEMBL1271950,OC[C@@H](Nc1ncnc2sc3c(c12)CCCC3)c1ccccc1,IC50,720.0,nM,6.14,-8.80
CHEMBL1272006,OC[C@@H](Nc1ncnc2sc3c(c12)CCC3)c1ccccc1,IC50,1090.0,nM,5.96,-8.50
CHEMBL1272061,C=CC(=O)N1CCc2c(sc3ncnc(N[C@H](CO)c4ccccc4)c23)C1,IC50,8.0,nM,8.1,-9.30
CHEMBL1272113,CC#CC(=O)N1CCc2c(sc3ncnc(N[C@H](CO)c4ccccc4)c23)C1,IC50,1270.0,nM,5.9,-8.90
CHEMBL1272167,C=CS(=O)(=O)N1CCc2c(sc3ncnc(N[C@H](CO)c4ccccc4)c23)C1,IC50,91.0,nM,7.04,-8.90
CHEMBL1272168,C=CC(=O)N1CCc2c(sc3ncnc(N[C@@H](CO)c4ccccc4)c23)C1,IC50,3057.0,nM,5.51,-8.80
CHEMBL1272222,C=CC(=O)N1CCc2c(sc3ncnc(N[C@H](C)c4ccccc4)c23)C1,IC50,20.0,nM,7.7,-9.10
CHEMBL1272223,C=CC(=O)N1CCc2c(sc3ncnc(N[C@H](CC)c4ccccc4)c23)C1,IC50,46.0,nM,7.34,-9.10
CHEMBL1272275,O=C(/C=C/c1ccccc1)N1CCc2c(sc3ncnc(N[C@H](CO)c4ccccc4)c23)C1,IC50,3503.0,nM,5.46,-10.30
CHEMBL1272276,CN(C)C/C=C/C(=O)N1CCc2c(sc3ncnc(N[C@H](CO)c4ccccc4)c23)C1,IC50,70.0,nM,7.16,-8.70
CHEMBL1272324,CCN(CC)C/C=C/C(=O)N1CCc2c(sc3ncnc(N[C@H](CO)c4ccccc4)c23)C1,IC50,9.0,nM,8.05,-8.90
CHEMBL1272325,O=C(/C=C/CN1CCOCC1)N1CCc2c(sc3ncnc(N[C@H](CO)c4ccccc4)c23)C1,IC50,21.0,nM,7.68,-9.20
CHEMBL1271507,CN1CCN(C/C=C/C(=O)N2CCc3c(sc4ncnc(N[C@H](CO)c5ccccc5)c34)C2)CC1,IC50,89.0,nM,7.05,-9.60
CHEMBL1271561,C[C@@H](Nc1ncnc2sc3c(c12)CCN(C(=O)/C=C/CN(C)C)C3)c1ccccc1,IC50,4.6,nM,8.34,-8.70
CHEMBL1271562,CC[C@@H](Nc1ncnc2sc3c(c12)CCN(C(=O)/C=C/CN(C)C)C3)c1ccccc1,IC50,12.0,nM,7.92,-8.60
CHEMBL1271618,CN(C)C/C=C/C(=O)N1CCc2c(sc3ncnc(N[C@H](CO)Cc4ccccc4)c23)C1,IC50,149.0,nM,6.83,-8.50
CHEMBL1271619,CN(C)C/C=C/C(=O)N1CCc2c(sc3ncnc(NCCO)c23)C1,IC50,4884.0,nM,5.31,-7.40
CHEMBL1290072,COc1ccc(CNc2ccnc3oc4ccccc4c23)cc1,Ki,400.0,nM,6.4,-8.60
CHEMBL1289977,c1ccc(CCNc2ccnc3oc4ccccc4c23)cc1,Ki,3450.0,nM,5.46,-8.70
CHEMBL1289976,c1ccc(CNc2ccnc3oc4ccccc4c23)cc1,Ki,590.0,nM,6.23,-8.30
CHEMBL1641991,CCC(=O)Nc1ccc2c(C#N)cnc(Nc3cccc(Br)c3)c2c1,IC50,20800.0,nM,4.68,-8.90
CHEMBL1641990,CN(C)C/C=C/C(=O)Nc1ccc2c(C#N)cnc(Nc3cccc(Br)c3)c2c1,IC50,150.0,nM,6.82,-8.70
CHEMBL1641989,CN(C)CCCC(=O)Nc1ccc2c(C#N)cnc(Nc3cccc(Br)c3)c2c1,IC50,4100.0,nM,5.39,-8.10
CHEMBL1641995,N#Cc1cnc(Nc2cccc(Br)c2)c2cc(NC(=O)[C@@H]3CCC(=O)N3)ccc12,IC50,2200.0,nM,5.66,-9.60
CHEMBL1641993,N#Cc1cnc(Nc2cccc(Br)c2)c2cc(NC(=O)CCN3CCOCC3)ccc12,IC50,6900.0,nM,5.16,-8.70
CHEMBL1641992,CN1CCN(CCC(=O)Nc2ccc3c(C#N)cnc(Nc4cccc(Br)c4)c3c2)CC1,IC50,1300.0,nM,5.89,-8.60
CHEMBL1645474,NC1CCN(Cc2ccn3ncnc(Nc4cccc(Br)c4)c23)CC1,IC50,6.0,nM,8.22,-9.30
CHEMBL1645473,NC1CCN(Cc2ccn3ncnc(Nc4cccc(Cl)c4)c23)CC1,IC50,9.0,nM,8.05,-9.20
CHEMBL1645466,C#Cc1cccc(Nc2ncnn3ccc(CN4CCC(N)CC4)c23)c1,IC50,10.0,nM,8.0,-9.00
CHEMBL1645476,NC1CCN(Cc2ccn3ncnc(Nc4ccc(F)c(Cl)c4)c23)CC1,IC50,10.0,nM,8.0,-9.30
CHEMBL1645470,Cc1cccc(Nc2ncnn3ccc(CN4CCC(N)CC4)c23)c1,IC50,20.0,nM,7.7,-9.30
CHEMBL1645472,NC1CCN(Cc2ccn3ncnc(Nc4cccc(F)c4)c23)CC1,IC50,32.0,nM,7.5,-9.30
CHEMBL1645467,NC1CCN(Cc2ccn3ncnc(Nc4ccccc4)c23)CC1,IC50,40.0,nM,7.4,-8.90
CHEMBL1645471,Cc1ccc(Nc2ncnn3ccc(CN4CCC(N)CC4)c23)cc1,IC50,50.0,nM,7.3,-9.00
CHEMBL1645475,NC1CCN(Cc2ccn3ncnc(Nc4cc(Cl)cc(Cl)c4)c23)CC1,IC50,130.0,nM,6.89,-9.40
CHEMBL1645477,COc1ccc(Nc2ncnn3ccc(CN4CCC(N)CC4)c23)cc1Cl,IC50,210.0,nM,6.68,-8.90
CHEMBL1645469,Cc1ccccc1Nc1ncnn2ccc(CN3CCC(N)CC3)c12,IC50,660.0,nM,6.18,-9.60
CHEMBL1645465,C#Cc1cccc(Nc2ncnn3ccc(COC[C@@H]4CNCCO4)c23)c1,IC50,670.0,nM,6.17,-8.60
CHEMBL1645464,Cn1ncc2cc(Nc3ncnn4ccc(CN5CCC(N)CC5)c34)ccc21,IC50,950.0,nM,6.02,-9.00
CHEMBL1682557,CN(C)CCn1cnc(-c2ccc(F)cc2)c1-c1ccc2[nH]ncc2c1,Ki,67.0,nM,7.17,-8.90
CHEMBL1682558,Fc1ccc(-c2ncn(CCN3CCOCC3)c2-c2ccc3[nH]ncc3c2)cc1,Ki,17.0,nM,7.77,-8.40
CHEMBL1682559,Fc1ccc(-c2ncn(CCCN3CCOCC3)c2-c2ccc3[nH]ncc3c2)cc1,Ki,27.0,nM,7.57,-8.50
CHEMBL1683949,Cc1cc(Nc2ccc(OCc3cccc(F)c3)c(Cl)c2)ncn1,IC50,1100.0,nM,5.96,-8.10
CHEMBL1683958,Cc1ncnc(Nc2ccc(OCc3cccc(F)c3)c(Cl)c2)c1/C=N/OCCN1CCOCC1,IC50,68.0,nM,7.17,-8.40
CHEMBL1683970,Cc1ncnc(Nc2ccc(OCc3cccc(F)c3)c(Cl)c2)c1C#CCCN1CCOCC1,IC50,13.0,nM,7.89,-8.60
CHEMBL1683971,Cc1ncnc(Nc2ccc(OCc3cccc(F)c3)c(Cl)c2)c1C#CCN1CCOCC1,IC50,4130.0,nM,5.38,-8.80
CHEMBL1448,O=C(Nc1ccc([N+](=O)[O-])cc1Cl)c1cc(Cl)ccc1O,IC50,10500.0,nM,4.98,-8.20
CHEMBL1277620,COc1cc2ncnc(Nc3ccc(Br)cc3F)c2cc1OC,IC50,5700.0,nM,5.24,-8.10
CHEMBL1278149,COc1cc2ncnc(Oc3ccc(Br)c(F)c3)c2cc1OC,IC50,5900.0,nM,5.23,-8.10
CHEMBL1761929,COC(=O)Nc1ccc(Nc2ncnc3cc(OC)c(OC)cc23)cc1,IC50,6900.0,nM,5.16,-7.50
CHEMBL1762110,CC(=O)NC[C@H]1CC[C@H](c2nc(-c3cc4ccccc4[nH]3)c3c(N)nccn32)CC1,IC50,3580.0,nM,5.45,-9.90
CHEMBL1760035,COc1cc(Nc2nccc(Nc3cnc4ccccc4c3)n2)cc(OC)c1OC,IC50,853.0,nM,6.07,-8.40
CHEMBL1797418,Brc1cccc(Nc2ncnc3cc4c(ccn4CCCN4CCOCC4)cc23)c1,IC50,77.62,nM,7.11,-9.00
CHEMBL109428,COc1cc2ncc(C#N)c(Nc3cccc(Cl)c3)c2cc1OC,IC50,181.97,nM,6.74,-7.90
CHEMBL109503,COc1cc2ncc(C#N)c(Nc3cccc(C(F)(F)F)c3)c2cc1OC,IC50,1445.44,nM,5.84,-8.10
CHEMBL83228,COc1ccc(Nc2c(C#N)cnc3cc(OC)c(OC)cc23)cc1OC,IC50,50118.72,nM,4.3,-7.80
CHEMBL320479,COc1cc2ncc(C#N)c(Nc3cccc(F)c3)c2cc1OC,IC50,741.31,nM,6.13,-7.90
CHEMBL111033,COc1cc2ncc(C#N)c(Nc3cccc(C#N)c3)c2cc1OC,IC50,14125.38,nM,4.85,-7.90
CHEMBL432396,COc1cc2ncc(C#N)c(Nc3ccc(F)cc3)c2cc1OC,IC50,47863.01,nM,4.32,-8.00
CHEMBL325760,COc1cc2ncc(C#N)c(Nc3cccc(C(C)=O)c3)c2cc1OC,IC50,7413.1,nM,5.13,-8.20
CHEMBL110036,COc1cc2ncc(C#N)c(Nc3cccc(N)c3)c2cc1OC,IC50,812.83,nM,6.09,-7.90
CHEMBL110035,COc1cc2ncc(C#N)c(Nc3cccc(N(C)C)c3)c2cc1OC,IC50,851.14,nM,6.07,-7.80
CHEMBL111520,COc1cc2ncc(C#N)c(Nc3cccc([N+](=O)[O-])c3)c2cc1OC,IC50,870.96,nM,6.06,-8.40
CHEMBL111664,COc1cc2ncc(C#N)c(Nc3ccc(Cl)cc3F)c2cc1OC,IC50,13803.84,nM,4.86,-8.30
CHEMBL110577,COc1cc2ncc(C#N)c(Nc3cccc(O)c3)c2cc1OC,IC50,6309.57,nM,5.2,-8.00
CHEMBL109476,COc1cc2ncc(C#N)c(Nc3ccc(C)cc3)c2cc1OC,IC50,2754.23,nM,5.56,-8.10
CHEMBL323970,COc1cc2ncc(C#N)c(Nc3cccc(C(N)=O)c3)c2cc1OC,IC50,7762.47,nM,5.11,-8.70
CHEMBL111307,COc1cc2ncc(C#N)c(Nc3ccc(C)c(Br)c3)c2cc1OC,IC50,1778.28,nM,5.75,-8.30
CHEMBL110945,COc1cc2ncc(C#N)c(Nc3ccc(O)c(Cl)c3)c2cc1OC,IC50,9120.11,nM,5.04,-8.10
CHEMBL419185,COc1cc2ncc(C#N)c(Nc3cc(Cl)c(O)c(Cl)c3)c2cc1OC,IC50,3162.28,nM,5.5,-7.90
CHEMBL326445,COc1cc2ncc(C#N)c(Nc3cc(Cl)ccc3O)c2cc1OC,IC50,16982.44,nM,4.77,-8.40
CHEMBL114496,COc1cc2ncc(C#N)c(Nc3cccc(SC)c3)c2cc1OC,IC50,758.58,nM,6.12,-7.40
CHEMBL109355,COc1cc2ncc(C#N)c(Nc3ccc(C)c(Cl)c3)c2cc1OC,IC50,1479.11,nM,5.83,-8.50
CHEMBL323424,COc1cc2ncc(C#N)c(Nc3ccc(C(C)C)cc3)c2cc1OC,IC50,229.09,nM,6.64,-8.10
CHEMBL112096,COc1cc2ncc(C#N)c(Nc3ccccc3C(C)C)c2cc1OC,IC50,363.08,nM,6.44,-8.00
CHEMBL109625,COc1cc2ncc(C#N)c(Nc3cccc(C(C)C)c3)c2cc1OC,IC50,61659.5,nM,4.21,-8.20
CHEMBL323900,COc1cc2ncc(C#N)c(Nc3ccc(Br)cc3)c2cc1OC,IC50,6606.93,nM,5.18,-7.70
CHEMBL109575,COc1cc2ncc(C#N)c(Nc3ccccc3Br)c2cc1OC,IC50,4168.69,nM,5.38,-7.80
CHEMBL112225,COc1cc2ncc(C#N)c(Nc3cccc(Br)c3C)c2cc1OC,IC50,831.76,nM,6.08,-7.70
CHEMBL110055,COc1cc2ncc(C#N)c(Nc3ccc(Br)c(C)c3)c2cc1OC,IC50,616.6,nM,6.21,-7.90
CHEMBL113535,COc1cc2ncc(C#N)c(Nc3cccc(N=[N+]=[N-])c3)c2cc1OC,IC50,2187.76,nM,5.66,-8.40
CHEMBL324399,COc1cc2ncc(C#N)c(Nc3cccc(NC(C)=O)c3)c2cc1OC,IC50,69183.1,nM,4.16,-8.20
CHEMBL109332,COc1cc2ncc(C=O)c(Nc3cccc(Br)c3)c2cc1OC,IC50,3388.44,nM,5.47,-7.80
CHEMBL541988,COc1cc2ncc(C(=O)O)c(Nc3cccc(Br)c3)c2cc1OC,IC50,8719.0,nM,5.06,-8.20
CHEMBL114446,COc1cc2ncc(C(N)=O)c(Nc3cccc(Br)c3)c2cc1OC,IC50,15135.61,nM,4.82,-7.90
CHEMBL111586,N#Cc1cnc2cc(O)c(O)cc2c1Nc1cccc(Br)c1,IC50,346.74,nM,6.46,-8.20
CHEMBL111222,COCOc1cc2ncc(C#N)c(Nc3cccc(Br)c3)c2cc1OCOC,IC50,6760.83,nM,5.17,-7.70
CHEMBL109515,COCCOc1cc2ncc(C#N)c(Nc3cccc(Br)c3)c2cc1OCCOC,IC50,1096.48,nM,5.96,-7.50
CHEMBL110062,N#Cc1cnc2cc3c(cc2c1Nc1cccc(Br)c1)OCO3,IC50,6760.83,nM,5.17,-8.70
CHEMBL325981,N#Cc1cnc2cc3c(cc2c1Nc1cccc(Br)c1)OCCCO3,IC50,5128.61,nM,5.29,-8.60
CHEMBL324439,COc1cc2c(C#N)cnc(Nc3cccc(Br)c3)c2cc1OC,IC50,70794.58,nM,4.15,-8.30
CHEMBL109259,COc1cc2c(C#N)cnc(Nc3cccc(Cl)c3)c2cc1OC,IC50,89125.09,nM,4.05,-8.20
CHEMBL1270795,CSc1cn2c(-c3cn[nH]c3)cnc2c(Nc2cc(C)ns2)n1,IC50,5048.0,nM,5.3,-8.40
CHEMBL1812374,Cc1ccc(-c2nc3cc(NC(=O)CCl)ccc3[nH]2)cc1,IC50,1929.0,nM,5.71,-8.20
CHEMBL1812491,Cn1cccc1-c1nc2cc(NC(=O)CCl)ccc2[nH]1,IC50,12070.0,nM,4.92,-7.60
CHEMBL1830257,NC(=S)N/N=C(/C=C/c1ccccc1F)c1ccccc1,IC50,22360.0,nM,4.65,-7.80
CHEMBL1830258,NC(=S)N/N=C(/C=C/c1ccccc1Cl)c1ccccc1,IC50,23270.0,nM,4.63,-8.00
CHEMBL1830259,NC(=S)N/N=C(/C=C/c1ccccc1Br)c1ccccc1,IC50,26000.0,nM,4.58,-7.90
CHEMBL1830260,COc1ccccc1/C=C/C(=N/NC(N)=S)c1ccccc1,IC50,33000.0,nM,4.48,-7.70
CHEMBL1830261,NC(=S)N/N=C(/C=C/c1cccc(F)c1)c1ccccc1,IC50,2080.0,nM,5.68,-8.20
CHEMBL1830262,COc1cccc(/C=C/C(=N/NC(N)=S)c2ccccc2)c1,IC50,10950.0,nM,4.96,-8.00
CHEMBL1830263,NC(=S)N/N=C(/C=C/c1cccc([N+](=O)[O-])c1)c1ccccc1,IC50,3740.0,nM,5.43,-8.10
CHEMBL1830264,NC(=S)N/N=C(/C=C/c1ccc(F)cc1)c1ccccc1,IC50,19120.0,nM,4.72,-7.745
CHEMBL1830265,NC(=S)N/N=C(/C=C/c1ccc(Cl)cc1)c1ccccc1,IC50,20480.0,nM,4.69,-7.923
CHEMBL1830266,NC(=S)N/N=C(/C=C/c1ccc(Br)cc1)c1ccccc1,IC50,26560.0,nM,4.58,-8.069
CHEMBL1830267,Cc1ccc(/C=C/C(=N/NC(N)=S)c2ccccc2)cc1,IC50,17390.0,nM,4.76,-8.041
CHEMBL1830268,COc1ccc(/C=C/C(=N/NC(N)=S)c2ccccc2)cc1,IC50,14830.0,nM,4.83,-7.776
CHEMBL1830269,NC(=S)N/N=C(/C=C/c1ccc([N+](=O)[O-])cc1)c1ccccc1,IC50,1570.0,nM,5.8,-8.171
CHEMBL1830270,NC(=S)N/N=C(/C=C/c1ccc(-c2ccccc2)cc1)c1ccccc1,IC50,5110.0,nM,5.29,-8.805
CHEMBL1830271,NC(=S)N/N=C(/C=C/c1ccc(OCc2ccccc2)cc1)c1ccccc1,IC50,700.0,nM,6.16,-8.515
CHEMBL1830272,NC(=S)N/N=C(/C=C/c1ccccc1)c1ccccc1,IC50,2380.0,nM,5.62,-7.961
CHEMBL1830273,NC(=S)N/N=C(/C=C/c1ccccc1)c1ccc(Br)cc1,IC50,12240.0,nM,4.91,-7.929
CHEMBL1830274,Cc1ccc(C(/C=C/c2ccccc2)=N\NC(N)=S)cc1,IC50,350.0,nM,6.46,-7.963
CHEMBL1830275,COc1ccc(C(/C=C/c2ccccc2)=N\NC(N)=S)cc1,IC50,8660.0,nM,5.06,-7.535
CHEMBL1830276,NC(=S)N/N=C(/C=C/c1ccccc1)c1ccc(Cl)cc1,IC50,590.0,nM,6.23,-7.891
CHEMBL1830277,NC(=S)N/N=C(/C=C/c1ccccc1)c1ccc(Cl)c(Cl)c1,IC50,9780.0,nM,5.01,-8.336
CHEMBL1830278,NC(=S)N/N=C(/C=C/c1ccc(F)cc1)c1ccc(Br)cc1,IC50,2170.0,nM,5.66,-7.63
CHEMBL1830279,COc1ccc(C(/C=C/c2ccccc2Cl)=N\NC(N)=S)cc1,IC50,7830.0,nM,5.11,-7.958
CHEMBL1830280,NC(=S)N/N=C(/C=C/c1cccc2ccccc12)c1ccccc1,IC50,410.0,nM,6.39,-8.945
CHEMBL1828860,Cc1ncc([N+](=O)[O-])n1CC(=O)NS(=O)(=O)c1ccccc1,IC50,2940.0,nM,5.53,-7.365
CHEMBL1828861,Cc1ccc(S(=O)(=O)NC(=O)Cn2c([N+](=O)[O-])cnc2C)cc1,IC50,3430.0,nM,5.46,-7.801
CHEMBL1828862,Cc1ncc([N+](=O)[O-])n1CC(=O)NS(=O)(=O)c1ccc(F)cc1,IC50,390.0,nM,6.41,-7.418
CHEMBL1828863,Cc1ncc([N+](=O)[O-])n1CC(=O)NS(=O)(=O)c1ccc(Cl)cc1,IC50,1510.0,nM,5.82,-7.612
CHEMBL1828864,Cc1ncc([N+](=O)[O-])n1CC(=O)NS(=O)(=O)c1ccc(Br)cc1,IC50,2170.0,nM,5.66,-7.615
CHEMBL1828865,O=C(Cc1ccc(F)cc1)NS(=O)(=O)c1ccccc1,IC50,6740.0,nM,5.17,-8.186
CHEMBL1828866,Cc1ccc(S(=O)(=O)NC(=O)Cc2ccc(F)cc2)cc1,IC50,8280.0,nM,5.08,-7.969
CHEMBL1828867,O=C(Cc1ccc(F)cc1)NS(=O)(=O)c1ccc(F)cc1,IC50,5170.0,nM,5.29,-8.322
CHEMBL1828868,O=C(Cc1ccc(F)cc1)NS(=O)(=O)c1ccc(Cl)cc1,IC50,5930.0,nM,5.23,-7.85
CHEMBL1828869,O=C(Cc1ccc(F)cc1)NS(=O)(=O)c1ccc(Br)cc1,IC50,6410.0,nM,5.19,-7.726
CHEMBL1828870,O=C(Cc1ccc(Cl)cc1)NS(=O)(=O)c1ccccc1,IC50,11910.0,nM,4.92,-8.23
CHEMBL1828871,Cc1ccc(S(=O)(=O)NC(=O)Cc2ccc(Cl)cc2)cc1,IC50,13730.0,nM,4.86,-7.984
CHEMBL1828872,O=C(Cc1ccc(Cl)cc1)NS(=O)(=O)c1ccc(F)cc1,IC50,9590.0,nM,5.02,-7.905
CHEMBL1828873,O=C(Cc1ccc(Cl)cc1)NS(=O)(=O)c1ccc(Cl)cc1,IC50,10340.0,nM,4.99,-7.859
CHEMBL1828874,O=C(Cc1ccc(Cl)cc1)NS(=O)(=O)c1ccc(Br)cc1,IC50,11290.0,nM,4.95,-7.801
CHEMBL1828875,O=C(Cc1ccc(Br)cc1)NS(=O)(=O)c1ccccc1,IC50,17810.0,nM,4.75,-8.268
CHEMBL1828876,Cc1ccc(S(=O)(=O)NC(=O)Cc2ccc(Br)cc2)cc1,IC50,18350.0,nM,4.74,-7.759
CHEMBL1828877,O=C(Cc1ccc(Br)cc1)NS(=O)(=O)c1ccc(F)cc1,IC50,14530.0,nM,4.84,-7.911
CHEMBL1828878,O=C(Cc1ccc(Br)cc1)NS(=O)(=O)c1ccc(Cl)cc1,IC50,15920.0,nM,4.8,-7.684
CHEMBL1828879,O=C(Cc1ccc(Br)cc1)NS(=O)(=O)c1ccc(Br)cc1,IC50,17260.0,nM,4.76,-7.468
CHEMBL1828880,COc1ccc(CC(=O)NS(=O)(=O)c2ccccc2)cc1,IC50,26200.0,nM,4.58,-7.889
CHEMBL1828881,COc1ccc(CC(=O)NS(=O)(=O)c2ccc(C)cc2)cc1,IC50,38520.0,nM,4.41,-7.754
CHEMBL1828882,COc1ccc(CC(=O)NS(=O)(=O)c2ccc(F)cc2)cc1,IC50,21840.0,nM,4.66,-7.834
CHEMBL1828883,COc1ccc(CC(=O)NS(=O)(=O)c2ccc(Cl)cc2)cc1,IC50,32850.0,nM,4.48,-7.562
CHEMBL1828884,COc1ccc(CC(=O)NS(=O)(=O)c2ccc(Br)cc2)cc1,IC50,24150.0,nM,4.62,-7.573
CHEMBL1829271,O=C(Cc1cccc(Br)c1)NS(=O)(=O)c1ccccc1,IC50,24680.0,nM,4.61,-8.488
CHEMBL1829272,Cc1ccc(S(=O)(=O)NC(=O)Cc2cccc(Br)c2)cc1,IC50,26170.0,nM,4.58,-7.943
CHEMBL1829273,O=C(Cc1cccc(Br)c1)NS(=O)(=O)c1ccc(F)cc1,IC50,18720.0,nM,4.73,-8.481
CHEMBL1829274,O=C(Cc1cccc(Br)c1)NS(=O)(=O)c1ccc(Cl)cc1,IC50,21280.0,nM,4.67,-7.833
CHEMBL1829275,O=C(Cc1cccc(Br)c1)NS(=O)(=O)c1ccc(Br)cc1,IC50,24330.0,nM,4.61,-7.724
CHEMBL1614701,Cn1cnc2c(F)c(Nc3ccc(Br)cc3Cl)c(C(=O)NOCCO)cc21,Kd,2200.0,nM,5.66,-8.095
CHEMBL1908395,CN(C)CC(=O)N1CCC(c2ccc(NC(=O)c3nc(C#N)c[nH]3)c(C3=CCCCC3)c2)CC1.Cl,Kd,240.0,nM,6.62,
CHEMBL230011,Nc1nc(N)c2nc(-c3cccc(O)c3)c(-c3cccc(O)c3)nc2n1,Kd,800.0,nM,6.1,-10.085
CHEMBL1908397,O=C(c1ccc(/C=C/c2n[nH]c3ccccc23)cc1)N1CCNCC1,Kd,560.0,nM,6.25,-9.435
CHEMBL475251,COc1cc(Nc2ncc(F)c(Nc3ccc4c(n3)NC(=O)C(C)(C)O4)n2)cc(OC)c1OC,Kd,61.0,nM,7.21,-9.053
CHEMBL91829,CN(C)C[C@@H]1CCn2cc(c3ccccc32)C2=C(C(=O)NC2=O)c2cn(c3ccccc23)CCO1,Kd,5100.0,nM,5.29,-7.842
CHEMBL384304,COc1ccc(F)c(F)c1C(=O)c1cnc(NC2CCN(S(C)(=O)=O)CC2)nc1N,Kd,4600.0,nM,5.34,-8.141
CHEMBL377300,Cc1cc2c(F)c(Oc3ncnn4cc(OC[C@@H](C)O)c(C)c34)ccc2[nH]1,Kd,2600.0,nM,5.58,-9.071
CHEMBL1289926,CNC(=O)c1ccccc1Sc1ccc2c(/C=C/c3ccccn3)n[nH]c2c1,Kd,2300.0,nM,5.64,-8.702
CHEMBL522892,CN1CCN(c2ccc3nc(-c4c(N)c5c(F)cccc5[nH]c4=O)[nH]c3c2)CC1,Kd,940.0,nM,6.03,-9.294
CHEMBL319244,O=C(/C=C/c1ccc(O)c(O)c1)OCCc1ccccc1,IC50,1005.0,nM,6.0,-7.231
CHEMBL1016,CCOc1nc2cccc(C(=O)O)c2n1Cc1ccc(-c2ccccc2-c2nnn[nH]2)cc1,IC50,3276.9,nM,5.49,-9.45
CHEMBL195437,CCCCCCCCc1ccc(O)cc1,IC50,16219.0,nM,4.79,-6.43
CHEMBL64894,CN(C)c1ccc(C(=C2C=CC(=[N+](C)C)C=C2)c2ccc(N(C)C)cc2)cc1.[Cl-],IC50,473.0,nM,6.33,
CHEMBL726,OCCN1CCN(CCCN2c3ccccc3Sc3ccc(C(F)(F)F)cc32)CC1,IC50,40107.0,nM,4.4,-8.459
CHEMBL434063,CN(CCOc1ccc(C[C@H](Nc2ccccc2C(=O)c2ccccc2)C(=O)O)cc1)c1ccccn1,IC50,10896.0,nM,4.96,-9.731
CHEMBL334255,CCCCCCCCCCCCCCCC[n+]1ccccc1.[Br-],IC50,3472.0,nM,5.46,
CHEMBL280998,Oc1ccccc1O,IC50,26043.0,nM,4.58,-5.121
CHEMBL7002,CC1(COc2ccc(CC3SC(=O)NC3=O)cc2)CCCCC1,IC50,4655.0,nM,5.33,-8.167
CHEMBL926,CC(CCc1ccc(O)cc1)NCCc1ccc(O)c(O)c1,IC50,5551.0,nM,5.26,-7.897
CHEMBL71,CN(C)CCCN1c2ccccc2Sc2ccc(Cl)cc21,IC50,28868.0,nM,4.54,-7.627
CHEMBL307145,Oc1cccc(O)c1O,IC50,1230.0,nM,5.91,-5.33
CHEMBL1009,N[C@@H](Cc1ccc(O)c(O)c1)C(=O)O,IC50,2880.0,nM,5.54,-6.492
CHEMBL459,C[C@](N)(Cc1ccc(O)c(O)c1)C(=O)O,IC50,5228.0,nM,5.28,-6.785
CHEMBL86754,Oc1c(I)cc(I)c2cccnc12,IC50,1889.0,nM,5.72,-6.624
CHEMBL24944,O=C(Nc1ccc(Br)cc1)c1cc(Br)cc(Br)c1O,IC50,2987.0,nM,5.53,-7.239
CHEMBL1200679,[Cl-].[Cl-].[Zn+2],IC50,2188.4,nM,5.66,
CHEMBL1910268,N#Cc1cc2c(N)ncnc2nc1NCCO,IC50,93300.0,nM,4.03,-6.648
CHEMBL1910273,Nc1scc2c1c(Nc1ccc(S(N)(=O)=O)cc1)nc1ncnc(N)c12,IC50,29500.0,nM,4.53,-9.06
CHEMBL1910275,Cc1c(C#N)c(NCCO)nc2nc(NCCO)nc(N)c12,IC50,47900.0,nM,4.32,-7.346
CHEMBL1916891,Cc1ccccc1Nc1nc2cc(F)c(N(C)C(=O)/C=C/CN(C)C)cc2n2cncc12,IC50,1.4,nM,8.85,-9.139
CHEMBL1916897,Cc1ccc(F)cc1Nc1nc2cc(Cl)c(N(C)C(=O)/C=C/CN(C)C)cc2n2cncc12,IC50,3.35,nM,8.47,-9.479
CHEMBL1873475,C=CC(=O)N1CCC[C@@H](n2nc(-c3ccc(Oc4ccccc4)cc3)c3c(N)ncnc32)C1,IC50,0.5,nM,9.3,-9.192
CHEMBL1914461,Br.Oc1ccc(-c2cc3c(NCc4ccccc4)ncnc3[nH]2)cc1,IC50,3.3,nM,8.48,
CHEMBL1914662,Br.Oc1ccc(-c2cc3c(NCc4ccc(F)cc4)ncnc3[nH]2)cc1,IC50,26.0,nM,7.58,
CHEMBL1914663,Br.Oc1ccc(-c2cc3c(NCc4ccccc4F)ncnc3[nH]2)cc1,IC50,45.0,nM,7.35,
CHEMBL1914664,Br.Oc1ccc(-c2cc3c(NCc4cccc(F)c4)ncnc3[nH]2)cc1,IC50,52.0,nM,7.28,
CHEMBL1914667,COc1ccc(-c2cc3c(N[C@H](C)c4ccccc4)ncnc3[nH]2)cc1,IC50,4.7,nM,8.33,-9.103
CHEMBL1914668,C[C@@H](Nc1ncnc2[nH]c(-c3ccc(F)cc3)cc12)c1ccccc1,IC50,6.6,nM,8.18,-9.957
CHEMBL1914670,C[C@@H](Nc1ncnc2[nH]c(-c3ccc(C#N)cc3)cc12)c1ccccc1,IC50,12.0,nM,7.92,-9.65
CHEMBL1914671,C[C@@H](Nc1ncnc2[nH]c(-c3ccccc3)cc12)c1ccc(F)cc1,IC50,33.0,nM,7.48,-9.032
CHEMBL1914674,C[C@@H](Nc1ncnc2[nH]c(-c3ccc(C#N)cc3)cc12)c1ccc(F)cc1,IC50,14.0,nM,7.85,-9.76
CHEMBL587723,CCN1CCN(Cc2ccc(-c3cc4c(N[C@H](C)c5ccccc5)ncnc4[nH]3)cc2)CC1,IC50,2.0,nM,8.7,-9.631
CHEMBL1929312,Cc1ccc(-c2nnc(SCc3ccccc3)o2)c(O)c1,IC50,34250.0,nM,4.46,-8.312
CHEMBL1929307,COc1ccccc1-c1nnc(SCc2ccccc2)o1,IC50,12320.0,nM,4.91,-7.901
CHEMBL1929306,CCOc1ccccc1-c1nnc(SCc2ccccc2)o1,IC50,38430.0,nM,4.42,-7.521
CHEMBL1929305,Nc1ccccc1-c1nnc(SCc2ccccc2)o1,IC50,1510.0,nM,5.82,-8.136
CHEMBL1929304,O=[N+]([O-])c1ccccc1-c1nnc(SCc2ccccc2)o1,IC50,38320.0,nM,4.42,-8.605
CHEMBL1440725,Cc1ccccc1-c1nnc(SCc2ccccc2)o1,IC50,5720.0,nM,5.24,-8.055
CHEMBL1929303,Fc1ccccc1-c1nnc(SCc2ccccc2)o1,IC50,5110.0,nM,5.29,-7.946
CHEMBL1929302,c1ccc(CSc2nnc(-c3ccccc3)o2)cc1,IC50,16630.0,nM,4.78,-7.71
CHEMBL1929314,COc1cc(OC)cc(-c2nnc(SCc3ccccc3)o2)c1,IC50,26060.0,nM,4.58,-7.705
CHEMBL242541,Nc1ccc2ncnc(Nc3ccc(F)c(Cl)c3)c2c1,IC50,29.0,nM,7.54,-8.618
CHEMBL1947122,COc1cc2ncc(C(=O)O)c(Nc3cccc(Cl)c3)c2cc1OC,IC50,9021.0,nM,5.04,-7.992
CHEMBL1947123,COc1cc2ncc(C(=O)O)c(Nc3ccc(F)c(Cl)c3)c2cc1OC,IC50,9284.0,nM,5.03,-8.665
CHEMBL1916951,Cc1ccc(S(=O)(=O)NC(=O)c2cccnc2)cc1,IC50,24830.0,nM,4.61,-7.796
CHEMBL1916949,O=C(NS(=O)(=O)c1ccc(Cl)cc1)c1cccnc1,IC50,25360.0,nM,4.6,-7.628
CHEMBL1945444,O=C(NS(=O)(=O)c1ccccc1)c1cncc(Br)c1,IC50,20190.0,nM,4.7,-7.951
CHEMBL1945445,Cc1ccc(S(=O)(=O)NC(=O)c2cncc(Br)c2)cc1,IC50,12110.0,nM,4.92,-7.698
CHEMBL1945446,O=C(NS(=O)(=O)c1ccc(F)cc1)c1cncc(Br)c1,IC50,3270.0,nM,5.49,-7.71
CHEMBL1945447,O=C(NS(=O)(=O)c1ccc(Br)cc1)c1cncc(Br)c1,IC50,2080.0,nM,5.68,-7.515
CHEMBL1945448,O=C(NS(=O)(=O)c1ccc(Cl)cc1)c1cncc(Br)c1,IC50,90.0,nM,7.05,-7.319
CHEMBL1945450,Cc1ccc(S(=O)(=O)NC(=O)c2cccnc2Cl)cc1,IC50,27050.0,nM,4.57,-8.145
CHEMBL1945451,O=C(NS(=O)(=O)c1ccc(F)cc1)c1cccnc1Cl,IC50,28660.0,nM,4.54,-7.804
CHEMBL1945452,O=C(NS(=O)(=O)c1ccc(Br)cc1)c1cccnc1Cl,IC50,15680.0,nM,4.8,-7.957
CHEMBL1945453,O=C(NS(=O)(=O)c1ccc(Cl)cc1)c1cccnc1Cl,IC50,19830.0,nM,4.7,-7.922
CHEMBL1945644,O=C(NS(=O)(=O)c1ccc(Br)cc1)c1ccc(Cl)nc1,IC50,29070.0,nM,4.54,-7.442
CHEMBL1945645,O=C(NS(=O)(=O)c1ccc(Cl)cc1)c1ccc(Cl)nc1,IC50,18150.0,nM,4.74,-7.525
CHEMBL1945646,Cc1ccc(C(=O)NS(=O)(=O)c2ccccc2)c(Cl)n1,IC50,21560.0,nM,4.67,-8.111
CHEMBL1945647,Cc1ccc(S(=O)(=O)NC(=O)c2ccc(C)nc2Cl)cc1,IC50,15020.0,nM,4.82,-8.039
CHEMBL1945648,Cc1ccc(C(=O)NS(=O)(=O)c2ccc(Br)cc2)c(Cl)n1,IC50,2640.0,nM,5.58,-7.87
CHEMBL1945649,Cc1ccc(C(=O)NS(=O)(=O)c2ccc(Cl)cc2)c(Cl)n1,IC50,1190.0,nM,5.92,-7.882
CHEMBL1947045,COc1cccc(Nc2ccnc(Nc3cccc(OC)c3)n2)c1,IC50,7700.0,nM,5.11,-7.774
CHEMBL1947046,COc1ccccc1Nc1ccnc(Nc2ccccc2OC)n1,IC50,90400.0,nM,4.04,-8.42
CHEMBL1944921,COc1cccc2c1C(=O)c1c(O)ccc(O)c1C2=O,IC50,4300.0,nM,5.37,-8.201
CHEMBL1944923,CC(=O)Nc1ccc(S(=O)(=O)Nc2nc3ccccc3nc2Nc2ccc(C(=O)O)cc2)cc1,IC50,23500.0,nM,4.63,-10.444
CHEMBL1944928,COc1ccc2c3oc(=O)cc(O)c3c(=O)n(C)c2c1,IC50,65100.0,nM,4.19,-8.497
CHEMBL1944930,O=c1c2c(-c3ccccc3)c3c(nc2nc2[nH]nc(S)n12)-c1ccccc1CC3,IC50,85600.0,nM,4.07,-10.317
CHEMBL1946844,O=C(CSc1nc(O)nc(-c2ccc(Cl)cc2)n1)Nc1ccc(Cl)cc1,IC50,13000.0,nM,4.89,-8.833
CHEMBL1946845,CNc1nc(N/N=C\c2ccc(OC)cc2)nc(Nc2ccccc2)n1,IC50,31000.0,nM,4.51,-8.899
CHEMBL1946846,COc1nc(NCCN2CCOCC2)nc(Nc2ccc(Cl)cc2)n1,IC50,1500.0,nM,5.82,-8.218
CHEMBL1348499,COc1ccc(Nc2nc(Cl)nc(NCc3ccco3)n2)cc1,IC50,20900.0,nM,4.68,-7.774
CHEMBL1946847,CNc1nc(N/N=C/c2ccc(O)cc2)nc(Nc2ccccc2)n1,IC50,30700.0,nM,4.51,-8.909
CHEMBL1944920,Cn1cc(NC(=O)/C=N/O)c(=O)n1-c1ccccc1,IC50,8900.0,nM,5.05,-6.818
CHEMBL1944922,Cn1c2ccccc2n2c(=S)[nH]nc12,IC50,22000.0,nM,4.66,-6.485
CHEMBL1944924,Cc1c(Cc2ccccc2)sc(NCC(=O)COc2ccc3ccccc3c2)c1C(N)=O,IC50,24700.0,nM,4.61,-8.898
CHEMBL1944925,O=C(NNC(=O)c1ncc(Cc2ccsc2)s1)Nc1ccccc1,IC50,40900.0,nM,4.39,-7.243
CHEMBL1944926,O=C(Nc1cccc(Br)c1)c1c(O)c2ccccc2[nH]c1=O,IC50,56800.0,nM,4.25,-8.68
CHEMBL1944927,CCc1ccc(C(=O)NNc2ccc(Cl)cc2C)cc1,IC50,65600.0,nM,4.18,-7.67
CHEMBL1944929,C=CCn1c(N)c(C(=O)N/N=C/c2cccs2)sc1=S,IC50,66000.0,nM,4.18,-6.307
CHEMBL1950289,O[C@H]1CC[C@H](Nc2ncc3nc(Nc4c(F)cc(F)cc4F)n([C@H]4CCOC4)c3n2)CC1,IC50,380.0,nM,6.42,-9.343
CHEMBL1951415,Nc1nccc(-c2c(-c3ccc(F)cc3)ncn2C2CCCCC2)n1,IC50,150.0,nM,6.82,-8.881
CHEMBL1952210,COc1ccc(N2Cc3cnc(Nc4ccccc4)nc3N([C@@H]3CC[C@@H](O)C3)C2=O)cc1,IC50,239.0,nM,6.62,-10.326
CHEMBL1952211,COc1ccc(N2Cc3cnc(Nc4ccccc4)nc3N([C@H]3CC[C@H](O)C3)C2=O)cc1,IC50,365.0,nM,6.44,-10.256
CHEMBL1958019,O=C1CSC(N2N=C(c3ccccc3)CC2c2ccccc2)=N1,IC50,3380.0,nM,5.47,-8.768
CHEMBL1958020,O=C1CSC(N2N=C(c3ccccc3)CC2c2ccc(F)cc2)=N1,IC50,4860.0,nM,5.31,-8.832
CHEMBL1958021,O=C1CSC(N2N=C(c3ccccc3)CC2c2ccc(Cl)cc2)=N1,IC50,3490.0,nM,5.46,-8.599
CHEMBL1958022,O=C1CSC(N2N=C(c3ccccc3)CC2c2ccc(Br)cc2)=N1,IC50,1350.0,nM,5.87,-8.619
CHEMBL1958023,Cc1ccc(C2CC(c3ccccc3)=NN2C2=NC(=O)CS2)cc1,IC50,3030.0,nM,5.52,-9.03
CHEMBL1958024,COc1ccc(C2CC(c3ccccc3)=NN2C2=NC(=O)CS2)cc1,IC50,4270.0,nM,5.37,-8.457
CHEMBL1958025,O=C1CSC(N2N=C(c3ccc(F)cc3)CC2c2ccccc2)=N1,IC50,8140.0,nM,5.09,-8.441
CHEMBL1958026,O=C1CSC(N2N=C(c3ccc(F)cc3)CC2c2ccc(F)cc2)=N1,IC50,16920.0,nM,4.77,-8.703
CHEMBL1958027,O=C1CSC(N2N=C(c3ccc(F)cc3)CC2c2ccc(Cl)cc2)=N1,IC50,10920.0,nM,4.96,-8.693
CHEMBL1958028,O=C1CSC(N2N=C(c3ccc(F)cc3)CC2c2ccc(Br)cc2)=N1,IC50,4790.0,nM,5.32,-8.96
CHEMBL1958029,Cc1ccc(C2CC(c3ccc(F)cc3)=NN2C2=NC(=O)CS2)cc1,IC50,8360.0,nM,5.08,-9.083
CHEMBL1958030,COc1ccc(C2CC(c3ccc(F)cc3)=NN2C2=NC(=O)CS2)cc1,IC50,10690.0,nM,4.97,-8.299
CHEMBL1958031,O=C1CSC(N2N=C(c3ccc(Cl)cc3)CC2c2ccccc2)=N1,IC50,5340.0,nM,5.27,-8.473
CHEMBL1958032,O=C1CSC(N2N=C(c3ccc(Cl)cc3)CC2c2ccc(F)cc2)=N1,IC50,14210.0,nM,4.85,-8.538
CHEMBL1958033,O=C1CSC(N2N=C(c3ccc(Cl)cc3)CC2c2ccc(Cl)cc2)=N1,IC50,8160.0,nM,5.09,-8.343
CHEMBL1958034,O=C1CSC(N2N=C(c3ccc(Cl)cc3)CC2c2ccc(Br)cc2)=N1,IC50,2280.0,nM,5.64,-8.183
CHEMBL1958035,Cc1ccc(C2CC(c3ccc(Cl)cc3)=NN2C2=NC(=O)CS2)cc1,IC50,6670.0,nM,5.18,-8.61
CHEMBL1958036,COc1ccc(C2CC(c3ccc(Cl)cc3)=NN2C2=NC(=O)CS2)cc1,IC50,8580.0,nM,5.07,-8.297
CHEMBL1958037,O=C1CSC(N2N=C(c3ccc(Br)cc3)CC2c2ccccc2)=N1,IC50,3200.0,nM,5.5,-9.018
CHEMBL1958038,O=C1CSC(N2N=C(c3ccc(Br)cc3)CC2c2ccc(F)cc2)=N1,IC50,6480.0,nM,5.19,-8.506
CHEMBL1958039,O=C1CSC(N2N=C(c3ccc(Br)cc3)CC2c2ccc(Cl)cc2)=N1,IC50,4120.0,nM,5.38,-8.057
CHEMBL1958209,O=C1CSC(N2N=C(c3ccc(Br)cc3)CC2c2ccc(Br)cc2)=N1,IC50,2030.0,nM,5.69,-8.035
CHEMBL1958210,Cc1ccc(C2CC(c3ccc(Br)cc3)=NN2C2=NC(=O)CS2)cc1,IC50,5580.0,nM,5.25,-8.131
CHEMBL1958211,COc1ccc(C2CC(c3ccc(Br)cc3)=NN2C2=NC(=O)CS2)cc1,IC50,7960.0,nM,5.1,-8.547
CHEMBL1958212,Cc1ccc(C2=NN(C3=NC(=O)CS3)C(c3ccccc3)C2)cc1,IC50,1080.0,nM,5.97,-8.447
CHEMBL1958213,Cc1ccc(C2=NN(C3=NC(=O)CS3)C(c3ccc(F)cc3)C2)cc1,IC50,2010.0,nM,5.7,-8.684
CHEMBL1958214,Cc1ccc(C2=NN(C3=NC(=O)CS3)C(c3ccc(Cl)cc3)C2)cc1,IC50,1660.0,nM,5.78,-8.53
CHEMBL1958215,Cc1ccc(C2=NN(C3=NC(=O)CS3)C(c3ccc(Br)cc3)C2)cc1,IC50,240.0,nM,6.62,-8.657
CHEMBL1958216,Cc1ccc(C2=NN(C3=NC(=O)CS3)C(c3ccc(C)cc3)C2)cc1,IC50,1160.0,nM,5.94,-8.878
CHEMBL1958217,COc1ccc(C2CC(c3ccc(C)cc3)=NN2C2=NC(=O)CS2)cc1,IC50,4240.0,nM,5.37,-8.526
CHEMBL1958218,COc1ccc(C2=NN(C3=NC(=O)CS3)C(c3ccccc3)C2)cc1,IC50,2370.0,nM,5.62,-8.262
CHEMBL1958219,COc1ccc(C2=NN(C3=NC(=O)CS3)C(c3ccc(F)cc3)C2)cc1,IC50,5950.0,nM,5.22,-8.745
CHEMBL1958220,COc1ccc(C2=NN(C3=NC(=O)CS3)C(c3ccc(Cl)cc3)C2)cc1,IC50,5350.0,nM,5.27,-8.452
CHEMBL1958221,COc1ccc(C2=NN(C3=NC(=O)CS3)C(c3ccc(Br)cc3)C2)cc1,IC50,1260.0,nM,5.9,-8.363
CHEMBL1958222,COc1ccc(C2=NN(C3=NC(=O)CS3)C(c3ccc(C)cc3)C2)cc1,IC50,5460.0,nM,5.26,-8.521
CHEMBL1958223,COc1ccc(C2=NN(C3=NC(=O)CS3)C(c3ccc(OC)cc3)C2)cc1,IC50,8890.0,nM,5.05,-8.452
CHEMBL1956892,COc1ccc(OC)c(Cn2ccc3c(Nc4cccc(Br)c4)nc(N)nc32)c1,IC50,69200.0,nM,4.16,-8.646
CHEMBL6246,O=c1oc2c(O)c(O)cc3c(=O)oc4c(O)c(O)cc1c4c23,IC50,690.0,nM,6.16,-8.801
CHEMBL2005886,Cc1cc(N2CCOCC2)cc2[nH]c(-c3c(NCC(O)c4cccc(Cl)c4)cc[nH]c3=O)nc12,Ki,79.43,nM,7.1,-9.569
CHEMBL244378,O=C(O)c1ccccc1Nc1ccnc(Nc2ccc3cn[nH]c3c2)n1,Ki,398.11,nM,6.4,-9.64
CHEMBL1990583,Nc1ncnn2ccc(C(=O)Nc3ccc(NC(=O)Nc4cccc(F)c4)cc3)c12,Ki,398.11,nM,6.4,-9.525
CHEMBL1986943,OC1CCC(Nc2nc(Cl)cc(-c3c[nH]c4ncccc34)n2)CC1,Ki,794.33,nM,6.1,-9.309
CHEMBL1988163,NS(=O)(=O)c1cccc(Nc2ncc3ccn(-c4ccccc4)c3n2)c1,Ki,398.11,nM,6.4,-9.359
CHEMBL1995592,Cc1cc(O)ccc1-n1c2cc(Cl)ccc2c(=O)c2c(N)nc(N)nc21,Ki,316.23,nM,6.5,-9.69
CHEMBL1997129,O=C1NCCc2[nH]c(-c3ccnc(C=Cc4ccccc4)c3)cc21,Ki,398.11,nM,6.4,-9.262
CHEMBL1978099,CNC(=O)COc1ccc(Nc2nc(Nc3ccc(C)c(S(N)(=O)=O)c3)ncc2F)cc1,Ki,630.96,nM,6.2,-9.439
CHEMBL2006580,Oc1ccc(Nc2ncnc3scc(Cl)c23)cc1,Ki,316.23,nM,6.5,-7.666
CHEMBL1993424,NS(=O)(=O)c1cccc(Nc2ncc3ccn(Cc4ccccc4)c3n2)c1,Ki,1258.93,nM,5.9,-8.688
CHEMBL2006778,CNC(=O)C=Cc1cnc(N)c2c(-c3cc(F)c4[nH]c(C)cc4c3)csc12,Ki,251.19,nM,6.6,-9.483
CHEMBL1996979,O=C(Nc1cnc2[nH]cc(-c3ccccc3)c2c1)c1c(F)cccc1F,Ki,251.19,nM,6.6,-10.368
CHEMBL1990496,Cn1c(NCC(N)Cc2ccccc2)nc(-c2ccncc2)c(-c2ccc3ccccc3c2)c1=O,Ki,630.96,nM,6.2,-9.276
CHEMBL1982992,Oc1cccc(Nc2ncnc3scc(Cl)c23)c1,Ki,158.49,nM,6.8,-8.374
CHEMBL1999590,Cc1cc(-c2ccccc2)n(-c2cc(NN=Cc3ccco3)ncn2)n1,Ki,19.95,nM,7.7,-8.798
CHEMBL1980995,CNC1CC2OC(C)(C1OC)n1c3ccccc3c3c4c(c5c6ccccc6n2c5c31)C(=O)NC4,Ki,25.12,nM,7.6,-10.925
CHEMBL508928,Cc1cccc(NC(=O)Nc2ccc(-c3cnc4c(-c5cnn(C)c5)cnn4c3N)cc2)c1,Ki,1000.0,nM,6.0,-9.315
CHEMBL1970314,NC(=O)c1cc(-c2cccc(N)c2)cc2cccnc12,Ki,316.23,nM,6.5,-9.183
CHEMBL306380,Cc1ccc(-c2nn(C(C)(C)C)c3ncnc(N)c23)cc1,Ki,199.53,nM,6.7,-8.726
CHEMBL1975500,COc1cc(-c2ccc3c(c2)Nc2ccc(C(=O)NCCNC(C)=O)cc2NC3=O)ccc1O,Ki,794.33,nM,6.1,-9.73
CHEMBL1970522,COc1cc(C=C2SC(=Nc3ccccc3)NC2=O)ccc1O,Ki,199.53,nM,6.7,-7.351
CHEMBL1964692,Cn1nc(N)c2c(-c3ccc(NC(=O)Nc4cccc(C(F)(F)F)c4)cc3)cncc21,Ki,316.23,nM,6.5,-9.629
CHEMBL482967,Cc1nc(N)sc1-c1ccnc(Nc2ccc(N3CCOCC3)cc2)n1,Ki,1000.0,nM,6.0,-8.709
CHEMBL1989474,Cn1cc(-c2ccncn2)c(-c2ccc(F)cc2)n1,Ki,125.89,nM,6.9,-7.956
CHEMBL458997,CNC(=O)c1ccccc1Nc1nc(Nc2ccc(N3CCOCC3)cc2OC)ncc1Cl,Ki,31.62,nM,7.5,-9.411
CHEMBL1994693,Nc1ncnc2sc3c(c12)-c1ccc(NC(=O)Nc2ccccc2)cc1CC3,Ki,501.19,nM,6.3,-9.68
CHEMBL1982957,NC(=O)c1cccc(-c2cnc3[nH]cc(-c4ccccc4)c3c2)c1,Ki,398.11,nM,6.4,-10.155
CHEMBL2002346,c1ccc(CNc2cc(-c3c[nH]c4ncccc34)ncn2)cc1,Ki,630.96,nM,6.2,-9.01
CHEMBL1999496,Cc1cccc(C2(c3cccc(C)c3)CC2C(=O)Nc2ccncc2)c1,Ki,316.23,nM,6.5,-9.232
CHEMBL565612,CN1CCN(c2nc(C3=C(c4c[nH]c5ccccc45)C(=O)NC3=O)c3ccccc3n2)CC1,Ki,1258.93,nM,5.9,-10.214
CHEMBL1969502,O=C1NN=Cc2c[nH]c3cc(NC(=O)C4CC4c4ccccc4)cc1c23,Ki,398.11,nM,6.4,-9.937
CHEMBL1997764,COc1ccc(C(=O)Nc2cnc3[nH]cc(-c4ccccc4)c3c2)cc1,Ki,1000.0,nM,6.0,-9.433
CHEMBL1996587,CC(C)(CO)c1nnc2ccc(-c3c(-c4ccc(F)cc4F)nc4n3CCC4)nn12,Ki,1584.89,nM,5.8,-10.0
CHEMBL1965507,Cc1cccc(NC(=O)Nc2ccc(NC(=O)c3csc4ncnc(N)c34)cc2)c1,Ki,398.11,nM,6.4,-9.301
CHEMBL1986139,Clc1csc2ncnc(Nc3ccccc3)c12,Ki,316.23,nM,6.5,-7.311
CHEMBL2001920,O=C1NC(=S)SC1=C1C(=O)Nc2ccc(Br)cc21,Ki,1584.89,nM,5.8,-7.762
CHEMBL1978448,CS(=O)(=O)N(Cc1ccc2[nH]c(=O)c3cccn3c2c1)C1CC1,Ki,501.19,nM,6.3,-8.324
CHEMBL1998551,CC(C)(O)c1nnc2ccc(-c3c(-c4ccc(F)cc4F)nc4n3CCC4)nn12,Ki,1584.89,nM,5.8,-10.417
CHEMBL1977374,CC(C)c1nnc2ccc(-c3c(-c4ccc(F)cc4F)nc4n3CCC4)nn12,Ki,794.33,nM,6.1,-10.137
CHEMBL2003657,CC(C)S(=O)(=O)n1c(N)nc2ccc(-c3c(-c4ccc(F)cc4)nc4sccn34)cc21,Ki,63.1,nM,7.2,-9.816
CHEMBL572878,Cc1cc(Nc2cc(N3CCN(C)CC3)nc(Sc3ccc(NC(=O)C4CC4)cc3)n2)n[nH]1,Ki,1584.89,nM,5.8,-9.255
CHEMBL1991674,OC1CCC(Nc2cc(Cl)nc(-c3c[nH]c4ncccc34)n2)CC1,Ki,630.96,nM,6.2,-9.382
CHEMBL1988838,Cc1cnc(Nc2cccc(S(N)(=O)=O)c2)nc1Nc1ccc(OCC(N)=O)cc1,Ki,398.11,nM,6.4,-8.803
CHEMBL1982866,COCCn1cc(-c2ccncn2)c(-c2ccc(Cl)cc2)n1,Ki,25.12,nM,7.6,-7.449
CHEMBL1614705,O=C(CO)N1CCC(c2[nH]nc(-c3ccc(Cl)cc3F)c2-c2ccncn2)CC1,Ki,199.53,nM,6.7,-8.631
CHEMBL1976732,CC(C)(O)Cc1nnc2ccc(-c3c(-c4ccc(F)cc4F)nc4occn34)nn12,Ki,1258.93,nM,5.9,-9.667
CHEMBL1980163,c1ccc(COc2ccc(Nc3ncnc4ccccc34)cc2)cc1,Ki,100.0,nM,7.0,-9.329
CHEMBL1973395,OC1CCN(c2ncnc3[nH]cc(-c4ccccc4)c23)CC1,Ki,1584.89,nM,5.8,-8.557
CHEMBL1969588,Clc1cc(-c2c[nH]c3ncccc23)cc(NCc2ccccc2)n1,Ki,199.53,nM,6.7,-9.383
CHEMBL1967878,Cc1cc(Nc2ncc(F)c(NC3C4C=CC(C4)C3C(N)=O)n2)ccc1N1CCN(C)CC1,Ki,79.43,nM,7.1,-9.505
CHEMBL1991678,Cc1nccn2c(-c3ccnc(NCC(C)(C)CO)n3)c(-c3ccc(F)cc3F)nc12,Ki,1584.89,nM,5.8,-9.357
CHEMBL2001239,Nc1ncnc(Nc2cc(CNC(=O)C(F)(F)F)c(O)c(-c3ccc(Cl)cc3)c2)n1,Ki,251.19,nM,6.6,-9.336
CHEMBL396523,O=C(O)c1ccccc1Nc1ccnc(Nc2ccc3[nH]ncc3c2)n1,Ki,316.23,nM,6.5,-9.22
CHEMBL1984191,Clc1ccc(-c2n[nH]cc2-c2ccncn2)cc1Cl,Ki,50.12,nM,7.3,-7.889
CHEMBL226471,O=C1NCCc2[nH]c(-c3ccnc(-c4ccccc4F)c3)cc21,Ki,630.96,nM,6.2,-9.395
CHEMBL2006276,COc1cccc2c1Nc1cc(Nc3ccncc3)ccc1C(=O)N2,Ki,251.19,nM,6.6,-8.55
CHEMBL302449,Cn1c2ccccc2c2c3c(c4c5ccccc5n(CCC#N)c4c21)CNC3=O,Ki,19.95,nM,7.7,-9.554
CHEMBL1981047,COC(C(=O)N1Cc2[nH]nc(NC(=O)c3ccc(N4CCN(C)CC4)cc3)c2C1)c1ccccc1,Ki,398.11,nM,6.4,-9.237
CHEMBL2005631,CNC(=O)c1cnc(N)c2c(-c3ccc(NC(=O)Nc4cc(C)ccc4F)cc3)csc12,Ki,1584.89,nM,5.8,-9.1
CHEMBL1994938,Nc1ncc(C=CC(=O)NCCCn2ccnc2)c2scc(-c3ccc(Br)cc3)c12,Ki,199.53,nM,6.7,-8.681
CHEMBL1997846,Clc1cc(NC2CCCCC2)nc(-c2c[nH]c3ncccc23)n1,Ki,794.33,nM,6.1,-8.655
CHEMBL1996066,N#Cc1ccc2nc(N)n(-c3nc(-c4ccccc4)cs3)c2c1,Ki,251.19,nM,6.6,-8.849
CHEMBL1966524,NC(COc1cncc(-c2cc3ccncc3s2)c1)Cc1c[nH]c2ccccc12,Ki,1584.89,nM,5.8,-9.138
CHEMBL514499,COc1cc2ncn(-c3cc(OCc4ccccc4C(F)(F)F)c(C(N)=O)s3)c2cc1OC,Ki,251.19,nM,6.6,-9.534
CHEMBL1972849,CC(C)(CO)c1nnc2ccc(-c3c(-c4ccc(F)cc4F)nc4occn34)nn12,Ki,794.33,nM,6.1,-9.599
CHEMBL243088,O=C(O)c1ccccc1Nc1ccnc(Nc2cccc(O)c2)n1,Ki,199.53,nM,6.7,-9.32
CHEMBL1993661,CNS(=O)(=O)c1ccccc1Nc1nc(Nc2cc(OC)c(OC)c(OC)c2)ncc1Cl,Ki,79.43,nM,7.1,-8.455
CHEMBL1974416,O=C(Nc1cnc2[nH]cc(-c3ccccc3)c2c1)c1cccc(F)c1F,Ki,1000.0,nM,6.0,-10.106
CHEMBL1980391,COc1cc2c(cc1F)C(c1ccccc1Cl)=Nc1c(n[nH]c1C)N2,Ki,1584.89,nM,5.8,-9.164
CHEMBL2018748,CCCOC(=O)Nc1ccc(Nc2ncnc3cc(OC)c(OC)cc23)cc1,IC50,7050.0,nM,5.15,-7.826
CHEMBL2018749,CCCCOC(=O)Nc1ccc(Nc2ncnc3cc(OC)c(OC)cc23)cc1,IC50,800.0,nM,6.1,-7.528
CHEMBL2018750,COc1cc2ncnc(Nc3ccc(NC(=O)OC(C)C)cc3)c2cc1OC,IC50,4800.0,nM,5.32,-7.663
CHEMBL2018751,COC(=O)Nc1ccc(Nc2ncnc3cc(OC)c(OC)cc23)cc1Cl,IC50,6150.0,nM,5.21,-7.827
CHEMBL2018752,CCOC(=O)Nc1ccc(Nc2ncnc3cc(OC)c(OC)cc23)cc1Cl,IC50,1000.0,nM,6.0,-8.441
CHEMBL2018755,COC(=O)Nc1ccc(Nc2ncnc3cc(OC)c(OC)cc23)cc1C,IC50,4000.0,nM,5.4,-7.984
CHEMBL2018756,CCOC(=O)Nc1ccc(Nc2ncnc3cc(OC)c(OC)cc23)cc1C,IC50,900.0,nM,6.05,-7.991
CHEMBL2018757,CCCOC(=O)Nc1ccc(Nc2ncnc3cc(OC)c(OC)cc23)cc1C,IC50,900.0,nM,6.05,-8.049
CHEMBL2018759,COc1cc2ncnc(Nc3ccc(NC(=O)OC(C)C)c(C)c3)c2cc1OC,IC50,5800.0,nM,5.24,-7.867
CHEMBL2018760,CCOC(=O)Nc1cc(Nc2ncnc3cc(OC)c(OC)cc23)ccc1Cl,IC50,900.0,nM,6.05,-7.893
CHEMBL2018761,COC(=O)Nc1cc(Nc2ncnc3cc(OC)c(OC)cc23)ccc1C,IC50,7200.0,nM,5.14,-8.413
CHEMBL2018762,CCOC(=O)Nc1cc(Nc2ncnc3cc(OC)c(OC)cc23)ccc1C,IC50,5000.0,nM,5.3,-8.313
CHEMBL2018765,CCN(CC)CCOc1cc2ncnc(Nc3ccc(F)c(Cl)c3)c2cc1OC,IC50,9900.0,nM,5.0,-7.254
CHEMBL1229592,C=CC(=O)Nc1cccc(Oc2nc(Nc3ccc(N4CCN(C)CC4)cc3OC)ncc2Cl)c1,IC50,0.04,nM,10.4,-9.484
CHEMBL2032377,C=CC(=O)Nc1cccc(N2C(=O)N(C)Cc3cnc(Nc4ccc(N(C)C)cc4OC)nc32)c1,IC50,4.99,nM,8.3,-9.146
CHEMBL2029426,C=CC(=O)Nc1cccc(N2C(=O)N(C)Cc3cnc(Nc4ccccc4)nc32)c1,IC50,6.95,nM,8.16,-9.995
CHEMBL2029427,C=CC(=O)Nc1cccc(N2C(=O)N(C)Cc3cnc(NC)nc32)c1,IC50,837.1,nM,6.08,-7.77
CHEMBL2029428,C=CC(=O)Nc1cccc(N2C(=O)N(C)Cc3cnc(Nc4ccc(N5CCN(C)CC5)cc4)nc32)c1,IC50,0.43,nM,9.37,-10.577
CHEMBL2029442,COc1cc(N2CCN(C)CC2)ccc1Nc1ncc2c(n1)N(c1cccc(N)c1)C(=O)N(C)C2,IC50,478.0,nM,6.32,-10.32
CHEMBL2031297,CN(C)CCC(=O)Nc1ccc2ncnc(Nc3cccc(Br)c3)c2c1,IC50,0.28,nM,9.55,-8.195
CHEMBL2031298,O=C(CCN1CCCCC1)Nc1ccc2ncnc(Nc3cccc(Br)c3)c2c1,IC50,0.27,nM,9.57,-8.591
CHEMBL2031299,O=C(CCN1CCOCC1)Nc1ccc2ncnc(Nc3cccc(Br)c3)c2c1,IC50,0.51,nM,9.29,-9.178
CHEMBL2031300,CN1CCN(CCC(=O)Nc2ccc3ncnc(Nc4cccc(Br)c4)c3c2)CC1,IC50,0.23,nM,9.64,-9.034
CHEMBL2031301,CN(C)CCC(=O)N(C)c1ccc2ncnc(Nc3cccc(Br)c3)c2c1,IC50,17.4,nM,7.76,-8.134
CHEMBL2031302,C=CC(=O)Nc1cc2c(Nc3ccc(F)c(Cl)c3)ncnc2cc1OCC,IC50,0.18,nM,9.74,-8.268
CHEMBL2031303,CCOc1cc2ncnc(Nc3ccc(F)c(Cl)c3)c2cc1NC(=O)CCN(C)C,IC50,0.27,nM,9.57,-8.088
CHEMBL2031305,CCOc1cc2ncnc(Nc3ccc(F)c(Cl)c3)c2cc1NC(=O)CCN1CCOCC1,IC50,0.29,nM,9.54,-8.516
CHEMBL2031307,CCOc1cc2ncc(C#N)c(Nc3ccc(F)c(Cl)c3)c2cc1NC(=O)CCN(C)C,IC50,0.68,nM,9.17,-8.564
CHEMBL2031309,CCOc1cc2ncc(C#N)c(Nc3ccc(F)c(Cl)c3)c2cc1NC(=O)CCN1CCOCC1,IC50,2.02,nM,8.7,-9.126
CHEMBL2029689,O=S(=O)(c1ccc(/N=C/c2cc(Br)ccc2O)cc1)N1CCCCC1,IC50,9700.0,nM,5.01,-8.591
CHEMBL2029690,Cc1ccc(N2NC(=O)/C(=C\c3ccc(-c4cc([N+](=O)[O-])ccc4O)o3)C2=O)cc1C,IC50,74300.0,nM,4.13,-10.947
CHEMBL2029691,O=C(Cc1ccc(F)cc1)Nc1cc(SC[C@@H](O)CO)cc([N+](=O)[O-])c1,IC50,48600.0,nM,4.31,-8.228
CHEMBL2029692,O=C(Cn1c(-c2ccccc2)cc(=O)n2ncnc12)NNC(=S)Nc1ccccc1,IC50,6800.0,nM,5.17,-9.317
CHEMBL2029693,Cc1cccc(N2NC(=O)/C(=C/c3ccc(-c4ccccc4F)o3)C2=O)c1,IC50,23100.0,nM,4.64,-10.324
CHEMBL2029694,CCOc1ccc(-c2cc(C(F)(F)F)c(C#N)c(SCC(=O)NCC(=O)O)n2)cc1,IC50,8400.0,nM,5.08,-8.244
CHEMBL2029695,Cn1c(NCc2cccc(C(F)(F)F)c2)cc(=O)n(C)c1=O,IC50,83900.0,nM,4.08,-8.206
CHEMBL2029696,O=C1NN(c2ccc(F)cc2)C(=O)/C1=C\c1cccc(OCc2ccccc2F)c1,IC50,5600.0,nM,5.25,-9.923
CHEMBL2029697,Cc1nn(C)cc1C(=O)Nc1ccn(Cc2c(F)cccc2Cl)n1,IC50,72400.0,nM,4.14,-8.524
CHEMBL1504817,O=C1NN(c2ccc(F)c(Cl)c2)C(=O)/C1=C\c1cccc(OC(=O)c2cccs2)c1,IC50,3500.0,nM,5.46,-9.341
CHEMBL2029698,C=C(N/N=C/c1cn[nH]c1-c1ccccc1)[C@H](C)Cc1ccccc1,IC50,26600.0,nM,4.58,-8.03
CHEMBL2029699,Cc1ccc(N2NC(=O)/C(=C/c3ccc(OCc4ccccc4)cc3)C2=O)cc1Cl,IC50,8600.0,nM,5.07,-10.358
CHEMBL2029700,Nc1nn2c(=O)cc(-c3ccccc3)[nH]c2c1/N=N/c1ccc2c(c1)OCO2,IC50,5300.0,nM,5.28,-9.934
CHEMBL2035810,C=CC(=O)NCc1coc(-c2c(N)ncnc2Nc2ccc(OCc3ccccn3)c(Cl)c2)n1,IC50,3.2,nM,8.49,-8.849
CHEMBL2047015,O=C(CCCCCC(=O)Nc1ccc(O)c(C(=O)Nc2ccccc2)c1)NO,IC50,2340.0,nM,5.63,-8.448
CHEMBL2047016,O=C(CCCCCC(=O)Nc1ccc(O)c(C(=O)Nc2cccc(F)c2)c1)NO,IC50,1410.0,nM,5.85,-8.505
CHEMBL2047017,O=C(CCCCCC(=O)Nc1ccc(O)c(C(=O)Nc2ccc(F)c(F)c2)c1)NO,IC50,2220.0,nM,5.65,-8.482
CHEMBL2047018,O=C(CCCCCC(=O)Nc1ccc(O)c(C(=O)Nc2ccc(F)c(Cl)c2)c1)NO,IC50,3530.0,nM,5.45,-8.334
CHEMBL2047019,O=C(CCCCCC(=O)Nc1ccc(O)c(C(=O)Nc2cccc(C(F)(F)F)c2)c1)NO,IC50,4200.0,nM,5.38,-8.342
CHEMBL2047020,C#Cc1cccc(NC(=O)c2cc(NC(=O)CCCCCC(=O)NO)ccc2O)c1,IC50,3310.0,nM,5.48,-7.826
CHEMBL2047021,O=C(CCCCCC(=O)Nc1ccc(O)c(C(=O)Nc2ccc(Cl)c(Cl)c2)c1)NO,IC50,1800.0,nM,5.75,-7.909
CHEMBL2047022,O=C(CCCCCC(=O)Nc1ccc(O)c(C(=O)Nc2ccc(Cl)c(C(F)(F)F)c2)c1)NO,IC50,1410.0,nM,5.85,-8.461
CHEMBL2047024,C#Cc1cccc(NC(=O)c2cc(NC(=O)CCCCCCC(=O)NO)ccc2O)c1,IC50,2250.0,nM,5.65,-7.696
CHEMBL2047025,COc1cc(O)c(C(=O)Nc2ccc(F)c(Cl)c2)cc1NC(=O)CCCCCC(=O)NO,IC50,1560.0,nM,5.81,-8.024
CHEMBL2047026,C#Cc1cccc(NC(=O)c2cc(NC(=O)CCCCCC(=O)NO)c(OC)cc2O)c1,IC50,1120.0,nM,5.95,-7.634
CHEMBL2047027,C#Cc1cccc(NC(=O)c2cccc(NC(=O)CCCCCC(=O)NO)c2)c1,IC50,6170.0,nM,5.21,-8.237
CHEMBL2047028,C#Cc1cccc(NC(=O)c2cc(NC(=O)CCCCCC(=O)NO)ccc2OC)c1,IC50,5160.0,nM,5.29,-7.88
CHEMBL2047029,C#Cc1cccc(NC(=O)c2cc(OCCCCCCC(=O)NO)ccc2O)c1,IC50,900.0,nM,6.05,-8.076
CHEMBL2047253,Nc1nc2c(c(Nc3ccc(Cl)cc3F)n1)-c1ccccc1C2,IC50,11700.0,nM,4.93,-9.545
CHEMBL2047248,Nc1nc2c(c(Nc3cccc(Br)c3)n1)-c1ccccc1C2,IC50,24100.0,nM,4.62,-9.314
CHEMBL2047247,Nc1nc2c(c(Nc3ccc(Cl)cc3)n1)-c1ccccc1C2,IC50,26000.0,nM,4.58,-9.635
CHEMBL2047242,Nc1nc2c(c(Nc3cccc(Cl)c3)n1)-c1ccccc1C2,IC50,19600.0,nM,4.71,-9.52
CHEMBL2047245,CC(C)c1ccc(Nc2nc(N)nc3c2-c2ccccc2C3)cc1,IC50,42600.0,nM,4.37,-9.962
CHEMBL2048904,Cn1ncc2c(Oc3ccc(Nc4ncnc5ccn(CCO)c45)cc3Cl)cccc21,IC50,36.0,nM,7.44,-8.772
CHEMBL2048903,OCCn1ccc2ncnc(Nc3ccc(Oc4cccc5[nH]ncc45)c(Cl)c3)c21,IC50,1.9,nM,8.72,-9.099
CHEMBL2048796,O=C1Cc2c(cccc2Oc2ccc(Nc3ncnc4ccn(CCO)c34)cc2Cl)N1,IC50,3.0,nM,8.52,-8.765
CHEMBL2048795,O=C1Cc2cccc(Oc3ccc(Nc4ncnc5ccn(CCO)c45)cc3Cl)c2N1,IC50,2.8,nM,8.55,-8.665
CHEMBL2048794,O=C1NCc2cccc(Oc3ccc(Nc4ncnc5ccn(CCO)c45)cc3Cl)c21,IC50,21.0,nM,7.68,-9.096
CHEMBL2048793,O=C1NCc2c(Oc3ccc(Nc4ncnc5ccn(CCO)c45)cc3Cl)cccc21,IC50,890.0,nM,6.05,-8.89
CHEMBL2048792,O=C1Cc2ccc(Oc3ccc(Nc4ncnc5ccn(CCO)c45)cc3Cl)cc2N1,IC50,2300.0,nM,5.64,-9.212
CHEMBL2048791,O=C1Cc2cc(Oc3ccc(Nc4ncnc5ccn(CCO)c45)cc3Cl)ccc2N1,IC50,960.0,nM,6.02,-8.941
CHEMBL2048790,O=C1NCc2cc(Oc3ccc(Nc4ncnc5ccn(CCO)c45)cc3Cl)ccc21,IC50,510.0,nM,6.29,-9.229
CHEMBL2048789,O=C1NCc2ccc(Oc3ccc(Nc4ncnc5ccn(CCO)c45)cc3Cl)cc21,IC50,7.8,nM,8.11,-8.952
CHEMBL2064372,O=c1oc2cc3ncnc(Nc4ccc(F)c(Cl)c4)c3cc2n1CCCN1CCOCC1,IC50,78.0,nM,7.11,-9.349
CHEMBL2064373,C#Cc1cccc(Nc2ncnc3cc4oc(=O)n(CCCN5CCOCC5)c4cc23)c1,IC50,380.0,nM,6.42,-9.636
CHEMBL2064374,CCOC(=O)c1ccc(Nc2ncnc3cc4oc(=O)n(CCCN5CCOCC5)c4cc23)cc1,IC50,5800.0,nM,5.24,-9.476
CHEMBL2064376,COc1ccc(Nc2ncnc3cc4oc(=O)n(CCCN5CCOCC5)c4cc23)cc1,IC50,380.0,nM,6.42,-9.564
CHEMBL2064379,Cc1cc(C)cc(Nc2ncnc3cc4oc(=O)n(CCCN5CCOCC5)c4cc23)c1,IC50,75000.0,nM,4.12,-9.529
CHEMBL2064382,CCOc1ccc(Nc2ncnc3cc4oc(=O)n(CCCN5CCOCC5)c4cc23)cc1,IC50,1400.0,nM,5.85,-9.363
CHEMBL2064383,Cc1ccc(Nc2ncnc3cc4oc(=O)n(CCCN5CCOCC5)c4cc23)cc1,IC50,67.0,nM,7.17,-9.226
CHEMBL2064388,O=c1oc2cc3ncnc(Nc4ccccc4O)c3cc2n1CCCN1CCOCC1,IC50,30000.0,nM,4.52,-9.229
CHEMBL2064389,O=c1oc2cc3ncnc(Nc4ccc(F)c(F)c4)c3cc2n1CCCN1CCOCC1,IC50,570.0,nM,6.24,-9.32
CHEMBL2064390,CC(C)Oc1cccc(Nc2ncnc3cc4oc(=O)n(CCCN5CCOCC5)c4cc23)c1,IC50,3000.0,nM,5.52,-9.381
CHEMBL2064391,CC(=O)c1cccc(Nc2ncnc3cc4oc(=O)n(CCCN5CCOCC5)c4cc23)c1,IC50,6800.0,nM,5.17,-9.357
CHEMBL2064396,CC(C)(C)c1ccc(Nc2ncnc3cc4oc(=O)n(CCCN5CCOCC5)c4cc23)cc1,IC50,79000.0,nM,4.1,-9.823
CHEMBL2064397,CN(c1ccccc1)c1ncnc2cc3oc(=O)n(CCCN4CCOCC4)c3cc12,IC50,7200.0,nM,5.14,-8.932
CHEMBL2064398,C[C@@H](Nc1ncnc2cc3oc(=O)n(CCCN4CCOCC4)c3cc12)c1ccccc1,IC50,4500.0,nM,5.35,-9.606
CHEMBL2064399,C[C@H](Nc1ncnc2cc3oc(=O)n(CCCN4CCOCC4)c3cc12)c1ccccc1,IC50,3700.0,nM,5.43,-9.906
CHEMBL2064400,O=c1oc2cc3ncnc(NCc4ccccc4)c3cc2n1CCCN1CCOCC1,IC50,65000.0,nM,4.19,-9.52
CHEMBL2064403,O=c1oc2cc3ncnc(Nc4ccc5[nH]ncc5c4)c3cc2n1CCCN1CCOCC1,IC50,120.0,nM,6.92,-9.656
CHEMBL2070195,O=C(Nc1ccc2ncnc(Nc3cccc(Br)c3)c2c1)C1COc2ccccc2O1,IC50,3680.0,nM,5.43,-9.943
CHEMBL2070196,O=C(Nc1ccc2ncnc(Nc3cccc(Cl)c3)c2c1)C1COc2ccccc2O1,IC50,2750.0,nM,5.56,-10.003
CHEMBL2070045,COc1ccc2cc(-c3nn(C(C)C)c4ncnc(N)c34)ccc2c1.Cl,IC50,510.0,nM,6.29,
CHEMBL2070048,CCOc1ccc2cc(-c3nn(C(C)C)c4ncnc(N)c34)ccc2c1.Cl,IC50,700.0,nM,6.16,
CHEMBL2086760,CCN1CCC(Nc2ccc3c(c2)C(=C(c2ccc(Cl)cc2)c2ncc[nH]2)C(=O)N3)CC1,IC50,137.0,nM,6.86,-9.872
CHEMBL1198361,Brc1cccc(Nc2ncnc3cc4c(cc23)OCCCO4)c1,IC50,85.0,nM,7.07,-8.995
CHEMBL2087353,Brc1cccc(Nc2ncnc3cc4c(cc23)OCCOCCO4)c1,IC50,55.0,nM,7.26,-9.228
CHEMBL2087355,Brc1cccc(Nc2ncnc3cc4c(cc23)OCCOCCOCCO4)c1,IC50,5.0,nM,8.3,-9.204
CHEMBL2087356,Brc1cccc(Nc2ncnc3cc4c(cc23)OCCOCOCOCCO4)c1,IC50,5.0,nM,8.3,-8.984
CHEMBL2087357,Brc1cccc(Nc2ncnc3cc4c(cc23)OCCSCCO4)c1,IC50,7.0,nM,8.15,-8.99
CHEMBL2087358,Clc1cccc(Nc2ncnc3cc4c(cc23)OCCOCCOCCO4)c1,IC50,2.0,nM,8.7,-9.76
CHEMBL2087360,Fc1ccc(Nc2ncnc3cc4c(cc23)OCCOCCOCCO4)cc1Cl,IC50,2.0,nM,8.7,-9.939
CHEMBL2087361,C#Cc1cccc(Nc2ncnc3cc4c(cc23)OCCOCCOCCO4)c1,IC50,2.0,nM,8.7,-9.451
CHEMBL2152704,Cc1ccc(O)cc1-n1c(=O)c2c(c3c(N)ncnc31)CCCC2,IC50,1620.0,nM,5.79,-10.368
CHEMBL2152252,CNC(=O)c1nc(-c2ccc(Cl)c(S(=O)(=O)Nc3cccc(F)c3F)c2)cnc1N,IC50,739.0,nM,6.13,-9.232
CHEMBL2152253,CNC(=O)c1nc(-c2ccc(Cl)c(S(=O)(=O)Nc3cccc(F)c3C)c2)cnc1N,IC50,410.0,nM,6.39,-9.384
CHEMBL2170582,CNC(=O)COc1cccc(Nc2ncc(F)c(Nc3ccc4c(c3)NC(=O)C(F)(F)O4)n2)c1,Ki,35.0,nM,7.46,-10.268
CHEMBL2178368,CN1CCN(c2ccc(Nc3ncc4nc(Nc5ccccc5)[nH]c4n3)cc2)CC1,IC50,5.0,nM,8.3,-9.15
CHEMBL2205030,O=S1(=O)N=S(c2ccc(Br)cc2)c2ccncc21,IC50,5400.0,nM,5.27,-7.551
CHEMBL605161,O=[N+]([O-])c1ccc2c(c1)S(=O)(=O)N=S2c1ccc(Br)cc1,IC50,22000.0,nM,4.66,-8.223
CHEMBL1917092,COC(=O)c1ccc2c(c1)S(=O)(=O)N=S2c1ccc(Br)cc1,IC50,1000.0,nM,6.0,-8.061
CHEMBL2105719,COc1cc2ncnc(Nc3ccc(F)c(Cl)c3)c2cc1NC(=O)/C=C/CN1CCCCC1.O,IC50,6.0,nM,8.22,
CHEMBL2283259,CC(C)(C)NC(=O)/C=C/c1ccccc1,IC50,29850.0,nM,4.53,-6.635
CHEMBL2283257,O=C(/C=C/c1ccccc1)Nc1ccccc1Br,IC50,15740.0,nM,4.8,-7.804
CHEMBL2283256,O=C(/C=C/c1ccccc1)Nc1cc(Cl)cc(Cl)c1,IC50,13930.0,nM,4.86,-7.622
CHEMBL2283255,O=C(/C=C/c1ccccc1)Nc1ccc(Cl)cc1Cl,IC50,16170.0,nM,4.79,-7.869
CHEMBL2336335,O=C(/C=C/c1ccccc1)Nc1ccc(Cl)cc1,IC50,13710.0,nM,4.86,-7.53
CHEMBL1830131,O=C(/C=C/c1ccccc1)Nc1cccc(Cl)c1,IC50,14590.0,nM,4.84,-7.739
CHEMBL1981977,O=C(/C=C/c1ccccc1)Nc1ccccc1Cl,IC50,9860.0,nM,5.01,-7.923
CHEMBL2283253,O=C(/C=C/c1ccccc1)Nc1cc(F)c(F)c(F)c1,IC50,12880.0,nM,4.89,-8.314
CHEMBL2283252,O=C(/C=C/c1ccccc1)Nc1cc(F)cc(F)c1,IC50,13230.0,nM,4.88,-8.179
CHEMBL2283251,O=C(/C=C/c1ccccc1)Nc1ccc(F)cc1F,IC50,11690.0,nM,4.93,-8.109
CHEMBL2336361,O=C(/C=C/c1ccccc1)Nc1ccc(F)cc1,IC50,10020.0,nM,5.0,-7.776
CHEMBL1998736,O=C(/C=C/c1ccccc1)Nc1ccccc1F,IC50,7370.0,nM,5.13,-8.026
CHEMBL2283249,CCOc1ccc(NC(=O)/C=C/c2ccccc2)cc1,IC50,10230.0,nM,4.99,-7.289
CHEMBL2283248,CCOc1ccccc1NC(=O)/C=C/c1ccccc1,IC50,9350.0,nM,5.03,-7.778
CHEMBL2336357,COc1ccc(NC(=O)/C=C/c2ccccc2)cc1,IC50,9050.0,nM,5.04,-7.361
CHEMBL2336355,COc1ccccc1NC(=O)/C=C/c1ccccc1,IC50,5160.0,nM,5.29,-7.89
CHEMBL2283245,CC(C)c1ccc(NC(=O)/C=C/c2ccccc2)cc1,IC50,14580.0,nM,4.84,-7.972
CHEMBL2336359,Cc1ccc(NC(=O)/C=C/c2ccccc2)cc1,IC50,12690.0,nM,4.9,-7.681
CHEMBL1830130,Cc1cccc(NC(=O)/C=C/c2ccccc2)c1,IC50,19690.0,nM,4.71,-7.923
CHEMBL2336358,Cc1ccccc1NC(=O)/C=C/c1ccccc1,IC50,12290.0,nM,4.91,-8.053
CHEMBL1830129,O=C(/C=C/c1ccccc1)Nc1ccccc1,IC50,23160.0,nM,4.63,-7.67
CHEMBL140,COc1cc(/C=C/C(=O)CC(=O)/C=C/c2ccc(O)c(OC)c2)ccc1O,IC50,8600.0,nM,5.07,-7.846
CHEMBL2316158,COc1cc(/C=C2\CCC/C(=C\c3ccc(S(C)(=O)=O)cc3)C2=O)cc(OC)c1,IC50,1900.0,nM,5.72,-8.565
CHEMBL2316157,COc1cc(/C=C2\CCC/C(=C\c3cc(OC)cc(OC)c3)C2=O)cc(OC)c1,IC50,2000.0,nM,5.7,-8.43
CHEMBL2316156,COc1ccc(/C=C2\CCC/C(=C\c3cc(OC)cc(OC)c3)C2=O)cc1,IC50,18600.0,nM,4.73,-8.421
CHEMBL2316155,COc1cc(/C=C2\CCC/C(=C\c3ccc(OC)c(O)c3)C2=O)cc(OC)c1,IC50,5300.0,nM,5.28,-8.825
CHEMBL2316154,COc1cc(/C=C2\CCC/C(=C\c3ccc(N(C)C)cc3)C2=O)cc(OC)c1,IC50,3900.0,nM,5.41,-9.152
CHEMBL2316153,COc1cc(/C=C2\CCC/C(=C\c3ccc(O)cc3)C2=O)cc(OC)c1,IC50,4600.0,nM,5.34,-8.521
CHEMBL2316152,COc1cc(/C=C2\CCC/C(=C\c3ccccc3OC)C2=O)cc(OC)c1,IC50,20800.0,nM,4.68,-8.159
CHEMBL2316151,COc1cc(/C=C2\CCC/C(=C\c3ccc(O)c(O)c3)C2=O)cc(OC)c1,IC50,400.0,nM,6.4,-9.13
CHEMBL2316150,COc1cccc(/C=C2\CCC/C(=C\c3cc(OC)cc(OC)c3)C2=O)c1,IC50,6100.0,nM,5.21,-8.477
CHEMBL2316140,COc1cc(/C=C2\CCC/C(=C\c3ccccc3)C2=O)cc(OC)c1,IC50,1600.0,nM,5.8,-8.413
CHEMBL2312652,CN1CCC(NC(=O)c2cnc(Nc3cc(Cl)cc(Cl)c3)nc2N[C@@H]2COC[C@H]2O)CC1,IC50,30000.0,nM,4.52,-9.232
CHEMBL2312646,CN1CCC(NC(=O)c2cnc(NCc3cc(Cl)ccc3Cl)nc2NC2CCCC2)CC1,IC50,30000.0,nM,4.52,-9.237
CHEMBL2312645,COc1ccccc1CNc1ncc(C(=O)NC2CCN(C)CC2)c(NC2CCCC2)n1,IC50,30000.0,nM,4.52,-8.86
CHEMBL2324873,Cc1ccc(C2=NN(C(N)=S)C(c3ccc4ccccc4c3)C2)cc1,IC50,520.0,nM,6.28,-9.46
CHEMBL2324872,COc1ccc(C2=NN(C(N)=S)C(c3ccc4ccccc4c3)C2)cc1,IC50,1040.0,nM,5.98,-8.996
CHEMBL2324871,NC(=S)N1N=C(c2ccc(Br)cc2)CC1c1ccc2ccccc2c1,IC50,350.0,nM,6.46,-9.133
CHEMBL2324870,NC(=S)N1N=C(c2ccc(Cl)cc2)CC1c1ccc2ccccc2c1,IC50,530.0,nM,6.28,-9.249
CHEMBL2325110,NC(=S)N1N=C(c2ccc(F)cc2)CC1c1ccc2ccccc2c1,IC50,3280.0,nM,5.48,-9.561
CHEMBL2325109,NC(=S)N1N=C(c2ccccc2)CC1c1ccc2ccccc2c1,IC50,3010.0,nM,5.52,-9.18
CHEMBL2325107,Cc1ccc(C2=NN(C(N)=S)C(c3cccc4ccccc34)C2)cc1,IC50,2060.0,nM,5.69,-9.447
CHEMBL2325106,COc1ccc(C2=NN(C(N)=S)C(c3cccc4ccccc34)C2)cc1,IC50,160.0,nM,6.8,-8.877
CHEMBL2325105,NC(=S)N1N=C(c2ccc(Br)cc2)CC1c1cccc2ccccc12,IC50,5680.0,nM,5.25,-9.37
CHEMBL2325104,NC(=S)N1N=C(c2ccc(Cl)cc2)CC1c1cccc2ccccc12,IC50,940.0,nM,6.03,-9.35
CHEMBL2325103,NC(=S)N1N=C(c2ccc(F)cc2)CC1c1cccc2ccccc12,IC50,8250.0,nM,5.08,-9.351
CHEMBL2325102,NC(=S)N1N=C(c2ccccc2)CC1c1cccc2ccccc12,IC50,2230.0,nM,5.65,-9.26
CHEMBL2337366,COc1cccc(Nc2nc(N)nc3[nH]c4cccc(Cl)c4c23)c1,IC50,82900.0,nM,4.08,-9.36
CHEMBL2337364,Nc1nc(Nc2ccc(Cl)cc2F)c2c(n1)[nH]c1cccc(Cl)c12,IC50,38900.0,nM,4.41,-9.734
CHEMBL2337363,Nc1nc(Nc2ccc(Cl)cc2)c2c(n1)[nH]c1cccc(Cl)c12,IC50,63600.0,nM,4.2,-9.483
CHEMBL2337373,Nc1nc(Nc2ccccc2)c2c(n1)[nH]c1ccccc12,IC50,147.0,nM,6.83,-9.103
CHEMBL2335377,Nc1nc(Nc2ccc(F)c(Br)c2)c2cc(CCc3ccccn3)[nH]c2n1,IC50,85900.0,nM,4.07,-9.455
CHEMBL2335379,C#Cc1cccc(Nc2nc(N)nc3[nH]c(CCc4ccccn4)cc23)c1,IC50,19900.0,nM,4.7,-9.363
CHEMBL2335013,Nc1nc(Nc2cccc(C(F)(F)F)c2)c2cc(CCc3ccccn3)[nH]c2n1,IC50,19300.0,nM,4.71,-9.809
CHEMBL2335014,Nc1nc(Nc2ccc(F)c(C(F)(F)F)c2)c2cc(CCc3ccccn3)[nH]c2n1,IC50,15600.0,nM,4.81,-9.86
CHEMBL2335376,Nc1nc(Nc2cccc(Br)c2)c2cc(CCc3ccccn3)[nH]c2n1,IC50,300.0,nM,6.52,-9.4
CHEMBL2332119,NC(=O)C1=C(N)C(=O)C=C(Nc2ccccc2O)C1=O,IC50,2600.0,nM,5.58,-7.945
CHEMBL2333986,COc1cc2ncnc(Nc3ccccc3C(F)(F)F)c2cc1OC,IC50,10000.0,nM,5.0,-8.356
CHEMBL2333985,COc1cc2ncnc(Nc3ccc(C(C)(F)F)cc3)c2cc1OC,IC50,4700.0,nM,5.33,-8.054
CHEMBL2334003,COc1cc2ncnc(Nc3ccc(F)c(Cl)c3)c2cc1OCCCNCCN,IC50,13.6,nM,7.87,-7.713
CHEMBL2334002,COc1cc2ncnc(Nc3ccc(F)c(Cl)c3)c2cc1OCCNCCN,IC50,12.1,nM,7.92,-7.417
CHEMBL2334001,COc1cc2ncnc(Nc3ccc(F)c(Cl)c3)c2cc1OCCO,IC50,63.4,nM,7.2,-8.029
CHEMBL2333999,COc1cc2ncnc(Nc3ccc(F)c(Cl)c3)c2cc1OCCBr,IC50,18.1,nM,7.74,-8.059
CHEMBL2333998,COc1cc2ncnc(Nc3cccc(C#N)c3)c2cc1OC,IC50,412.8,nM,6.38,-8.003
CHEMBL29641,COc1cc2ncnc(Nc3cccc(SC)c3)c2cc1OC,IC50,126.7,nM,6.9,-7.587
CHEMBL2347231,NC(=O)Nc1ccc2ncnc(Nc3ccc(Cl)cc3)c2c1,IC50,61.0,nM,7.21,-8.596
CHEMBL484270,CCN1CCN(Cc2ccc(-c3cc4c(N[C@@H](C)c5ccccc5)ncnc4[nH]3)cc2)CC1,IC50,9.0,nM,8.05,-9.694
CHEMBL2347969,OC[C@@H](Nc1ncnc2oc(-c3ccccc3)c(Br)c12)c1ccccc1,IC50,90.0,nM,7.05,-8.907
CHEMBL2347968,OC[C@@H](Nc1ncnc2oc(-c3ccccc3)c(Cl)c12)c1ccccc1,IC50,168.0,nM,6.78,-8.878
CHEMBL2385992,Cc1ccc(NC(=O)/C=C/CN(C)C)cc1C(=O)Nc1nccc(-c2cccnc2)n1,IC50,5000.0,nM,5.3,-9.412
CHEMBL2385988,CCOc1ccc(C(=O)Nc2nccc(-c3cccnc3)n2)cc1NC(=O)/C=C/CN(C)C,IC50,6000.0,nM,5.22,-8.971
CHEMBL2385983,CCOc1cc(N)c(C(=O)Nc2ccc(F)c(Cl)c2)cc1NC(=O)/C=C/CN(C)C,IC50,4500.0,nM,5.35,-7.94
CHEMBL2385982,CCOc1cc([N+](=O)[O-])c(C(=O)Nc2ccc(F)c(Cl)c2)cc1NC(=O)/C=C/CN(C)C,IC50,6000.0,nM,5.22,-8.017
CHEMBL2408045,CNC(=O)CN1CCC(Oc2cc3c(Nc4cccc(Cl)c4F)ncnc3cc2OC)CC1,Kd,1.0,nM,9.0,-9.001
CHEMBL2426280,COc1cc(N2CCN(C(C)=O)CC2)ccc1Nc1ncc(Cl)c(-c2c[nH]c3ccccc23)n1,IC50,770.0,nM,6.11,-10.12
CHEMBL2426279,C=CC(=O)Nc1cc(Nc2nccc(-c3c[nH]c4ccccc34)n2)c(OC)cc1N1CCN(C)CC1,IC50,15.0,nM,7.82,-9.925
CHEMBL2424676,C=CC(=O)Nc1cc(Nc2nccc(-c3cnn4ccccc34)n2)c(OC)cc1N1CCN(C)CC1,IC50,71.0,nM,7.15,-9.825
CHEMBL2426377,COc1ccc(NC(=O)/C=C/CN(C)C)cc1Nc1ncc(C)c(-c2cnn3ccccc23)n1,IC50,250.0,nM,6.6,-8.821
CHEMBL2426290,COc1ccc(NC(=O)/C=C/CN(C)C)cc1Nc1ncc(F)c(-c2cnn3ccccc23)n1,IC50,220.0,nM,6.66,-9.236
CHEMBL2426289,COc1ccc(NC(=O)/C=C/CN(C)C)cc1Nc1nccc(-c2cnn3ccccc23)n1,IC50,250.0,nM,6.6,-8.999
CHEMBL2426288,COc1ccc(NC(=O)/C=C/CN(C)C)cc1Nc1ncc(Cl)c(-c2cnn3ccccc23)n1,IC50,91.0,nM,7.04,-8.687
CHEMBL2426286,C=CC(=O)Nc1ccc(OC)c(Nc2ncc(Cl)c(-c3cnn4ccccc34)n2)c1,IC50,33.0,nM,7.48,-9.291
CHEMBL2426285,COc1ccc(NC(=O)CC#N)cc1Nc1ncc(Cl)c(-c2c[nH]c3ccccc23)n1,IC50,1800.0,nM,5.75,-8.869
CHEMBL2426248,COc1ccc(NC(=O)CCCN(C)C)cc1Nc1ncc(Cl)c(-c2cnn3ccccc23)n1,IC50,2300.0,nM,5.64,-8.971
CHEMBL2425088,COc1cc2ncnc(Nc3ccc(F)c(Cl)c3)c2cc1OCCN1CC2(CCO2)C1,IC50,190.0,nM,6.72,-8.736
CHEMBL2424664,COc1cc2ncnc(Nc3ccc(F)c(Cl)c3)c2cc1OCCN1CC2(C1)CS(=O)(=O)C2,IC50,158.0,nM,6.8,-9.241
CHEMBL2425091,COc1cc2ncnc(Nc3ccc(F)c(Cl)c3)c2cc1OCCN1CC(OC)C1,IC50,94.0,nM,7.03,-8.306
CHEMBL2425092,COc1cc2ncnc(Nc3ccc(F)c(Cl)c3)c2cc1OCCCN1CC2(COC2)C1,IC50,56.0,nM,7.25,-8.737
CHEMBL2425089,COc1cc2ncnc(Nc3ccc(F)c(Cl)c3)c2cc1OCCN1CC2(CSC2)C1,IC50,52.0,nM,7.28,-8.803
CHEMBL2425094,COc1cc2ncnc(Nc3ccc(F)c(Cl)c3)c2cc1OCCCN1CC2(CSC2)C1,IC50,48.0,nM,7.32,-8.695
CHEMBL2425093,COc1cc2ncnc(Nc3ccc(F)c(Cl)c3)c2cc1OCCCN1CC2(CCO2)C1,IC50,36.0,nM,7.44,-8.702
CHEMBL2425085,COc1cc2ncnc(Nc3ccc(F)c(Cl)c3)c2cc1OCCCN1CC(OC)C1,IC50,34.0,nM,7.47,-8.189
CHEMBL2425090,COc1cc2ncnc(Nc3ccc(F)c(Cl)c3)c2cc1OCCN1CC(O)C1,IC50,26.0,nM,7.58,-8.599
CHEMBL2425084,COc1cc2ncnc(Nc3ccc(F)c(Cl)c3)c2cc1OCCCN1CC(O)C1,IC50,25.0,nM,7.6,-8.561
CHEMBL2425086,COc1cc2ncnc(Nc3ccc(F)c(Cl)c3)c2cc1OCCCN1CCC2(COC2)C1,IC50,15.0,nM,7.82,-9.007
CHEMBL2425087,COc1cc2ncnc(Nc3ccc(F)c(Cl)c3)c2cc1OCCN1CC2(COC2)C1,IC50,16.0,nM,7.8,-8.699
CHEMBL2437291,Cc1ccc(-c2csc(=N)n2CC(=O)N2CCN(c3ccccc3)CC2)cc1,Ki,2970.0,nM,5.53,-8.968
CHEMBL2437292,N=c1scc(-c2ccc(Cl)cc2)n1CC(=O)N1CCN(c2ccccc2)CC1,Ki,5820.0,nM,5.24,-8.698
CHEMBL2437293,N=c1scc(-c2ccccc2)n1CC(=O)N1CCN(c2ccccc2)CC1,Ki,4680.0,nM,5.33,-8.499
CHEMBL2437294,CC(=O)N1CCN(C(=O)Cn2c(-c3ccc(C)cc3)csc2=N)CC1,Ki,6090.0,nM,5.21,-8.648
CHEMBL2437295,CC(=O)N1CCN(C(=O)Cn2c(-c3ccc(Cl)cc3)csc2=N)CC1,Ki,8580.0,nM,5.07,-8.364
CHEMBL2437297,CC(=O)N1CCN(C(=O)Cn2c(-c3ccccc3)csc2=N)CC1,Ki,16770.0,nM,4.78,-8.437
CHEMBL2437296,Cc1ccc(-c2csc(=N)n2CC(=O)N2CCN(C)CC2)cc1,Ki,27400.0,nM,4.56,-8.178
CHEMBL2437298,CN1CCN(C(=O)Cn2c(-c3ccc(Cl)cc3)csc2=N)CC1,Ki,15650.0,nM,4.8,-8.026
CHEMBL2437300,CN1CCN(C(=O)Cn2c(-c3ccccc3)csc2=N)CC1,Ki,41580.0,nM,4.38,-7.281
CHEMBL2437299,Cc1ccc(-c2csc(=N)n2CC(=O)N2CCOCC2)cc1,Ki,22940.0,nM,4.64,-7.975
CHEMBL2437302,N=c1scc(-c2ccc(Cl)cc2)n1CC(=O)N1CCOCC1,Ki,6640.0,nM,5.18,-7.635
CHEMBL2437301,N=c1scc(-c2ccccc2)n1CC(=O)N1CCOCC1,Ki,55290.0,nM,4.26,-7.402
CHEMBL2437471,C=CC(=O)Nc1cccc(-n2c(=O)c(C)nc3cnc(Nc4ccc(OC)cc4)nc32)c1,IC50,5.29,nM,8.28,-9.322
CHEMBL2437470,C=CC(=O)Nc1ccc(-n2c(=O)c(C)nc3cnc(Nc4ccc(OC)cc4)nc32)cc1,IC50,7167.0,nM,5.14,-9.178
CHEMBL2437467,C=CC(=O)Nc1cccc(-n2c(=O)cnc3cnc(Nc4ccc(C(N)=O)cc4)nc32)c1,IC50,3.97,nM,8.4,-9.908
CHEMBL2437466,C=CC(=O)Nc1cccc(-n2c(=O)cnc3cnc(Nc4ccc(NC(C)=O)cc4)nc32)c1,IC50,4.53,nM,8.34,-10.01
CHEMBL2437465,C=CC(=O)Nc1cccc(-n2c(=O)cnc3cnc(Nc4ccc(N(CC)CC)cc4)nc32)c1,IC50,4.72,nM,8.33,-8.494
CHEMBL2437464,C=CC(=O)Nc1cccc(-n2c(=O)cnc3cnc(Nc4ccc(N5CCCC5)cc4)nc32)c1,IC50,4.96,nM,8.3,-10.07
CHEMBL2437463,C=CC(=O)Nc1cccc(-n2c(=O)cnc3cnc(Nc4ccc(N5CCCCC5)cc4)nc32)c1,IC50,5.12,nM,8.29,-9.717
CHEMBL2437462,C=CC(=O)Nc1cccc(-n2c(=O)cnc3cnc(Nc4ccc(N5CCN(C)CC5)cc4)nc32)c1,IC50,0.677,nM,9.17,-10.342
CHEMBL2437461,C=CC(=O)Nc1ccc(-n2c(=O)cnc3cnc(Nc4ccc(N5CCN(C)CC5)cc4)nc32)cc1,IC50,691.0,nM,6.16,-9.757
CHEMBL2437460,C=CC(=O)Nc1cccc(-n2c(=O)cnc3cnc(Nc4ccc(N5CCOCC5)cc4)nc32)c1,IC50,2.86,nM,8.54,-9.517
CHEMBL2437459,C=CC(=O)Nc1ccc(-n2c(=O)cnc3cnc(Nc4ccc(N5CCOCC5)cc4)nc32)cc1,IC50,3456.0,nM,5.46,-9.76
CHEMBL2437458,C=CC(=O)Nc1cccc(-n2c(=O)cnc3cnc(Nc4ccc(Cl)cc4)nc32)c1,IC50,17.6,nM,7.75,-9.893
CHEMBL2437457,C=CC(=O)Nc1ccc(-n2c(=O)cnc3cnc(Nc4ccc(Cl)cc4)nc32)cc1,IC50,144.1,nM,6.84,-9.352
CHEMBL2437488,C=CC(=O)Nc1cccc(-n2c(=O)cnc3cnc(Nc4ccccc4)nc32)c1,IC50,4.94,nM,8.31,-9.425
CHEMBL2437486,CN(C)C/C=C/C(=O)Nc1cccc(-n2c(=O)cnc3cnc(Nc4ccccc4)nc32)c1,IC50,39.7,nM,7.4,-9.539
CHEMBL2437484,COc1ccc(Nc2ncc3ncc(=O)n(-c4cccc(NC(=O)/C=C/CN(C)C)c4)c3n2)cc1,IC50,26283.0,nM,4.58,-8.553
CHEMBL2437483,COc1ccc(Nc2ncc3ncc(=O)n(-c4ccc(NC(=O)/C=C/CN(C)C)cc4)c3n2)cc1,IC50,31.3,nM,7.5,-9.066
CHEMBL2437482,C=CC(=O)Oc1ccc(-n2c(=O)cnc3cnc(Nc4ccc(OC)cc4)nc32)cc1,IC50,59.1,nM,7.23,-8.713
CHEMBL2437479,C=CC(=O)Nc1cccc(-n2c(=O)cnc3cnc(Nc4ccc(OC)cc4)nc32)c1,IC50,5.6,nM,8.25,-9.599
CHEMBL2437478,C=CC(=O)Nc1ccc(-n2c(=O)cnc3cnc(Nc4ccc(OC)cc4)nc32)cc1,IC50,4802.0,nM,5.32,-9.241
CHEMBL2437477,C=CC(=O)Nc1ccc(Nc2ncc3ncc(=O)n(-c4ccc(OC)cc4)c3n2)cc1,IC50,33885.0,nM,4.47,-8.906
CHEMBL2437475,COc1ccc(-n2c(=O)cnc3cnc(Nc4ccc(N)cc4)nc32)cc1,IC50,6754.0,nM,5.17,-8.859
CHEMBL2437474,COc1ccc(-n2c(=O)cnc3cnc(Nc4cccc(N)c4)nc32)cc1,IC50,3836.0,nM,5.42,-9.092
CHEMBL2437473,COc1ccc(Nc2ncc3ncc(=O)n(-c4cccc(N)c4)c3n2)cc1,IC50,21280.0,nM,4.67,-9.535
CHEMBL2441565,CN(C)C/C=C/C(=O)N1CCOc2cc3ncnc(Nc4ccc(F)c(Cl)c4)c3cc21,IC50,4.0,nM,8.4,-9.085
CHEMBL2441568,Fc1ccc(Nc2ncnc3cc4c(cc23)NCCO4)cc1Cl,IC50,1.29,nM,8.89,-9.397
CHEMBL2442333,COc1cc(O)c2c(c1)CCN(c1cccc(C(=O)N3CCCCC3)c1)C2=O,IC50,1180.0,nM,5.93,-10.007
CHEMBL2442332,COc1cc2c(c(OC)c1)C(=O)N(c1cccc(C(=O)N3CCCCC3)c1)CC2,IC50,1230.0,nM,5.91,-8.978
CHEMBL2442329,COc1cc(O)c2c(=O)n(-c3cccc(C(=O)N4CCCCC4)c3)ccc2c1,IC50,1380.0,nM,5.86,-9.811
CHEMBL2442327,C#Cc1cccc(-n2ccc3cc(OC)cc(O)c3c2=O)c1,IC50,3060.0,nM,5.51,-8.648
CHEMBL2442324,COc1cc(OC)c2c(=O)n(-c3cccc(C(=O)N4CCCCC4)c3)ccc2c1,IC50,2120.0,nM,5.67,-9.217
CHEMBL2442320,COc1cc(OC)c2c(=O)n(-c3ccc(F)c(Cl)c3)ccc2c1,IC50,5490.0,nM,5.26,-8.544
CHEMBL2442319,C#Cc1cccc(-n2ccc3cc(OC)cc(OC)c3c2=O)c1,IC50,3510.0,nM,5.46,-8.353
CHEMBL3087197,C=CC(=O)N1CC[C@H](N2C(=O)N(c3ccccc3)Cc3cnc(Nc4ccccc4)nc32)C1,IC50,235.4,nM,6.63,-10.345
CHEMBL3088218,Cc1ncc([N+](=O)[O-])n1C/C(=N/NC(=O)c1ccncc1)c1ccc(Br)cc1,IC50,8190.0,nM,5.09,-8.401
CHEMBL3088219,Cc1ncc([N+](=O)[O-])n1C/C(=N/NC(=O)c1ccc(N)cc1)c1ccc(Br)cc1,IC50,430.0,nM,6.37,-8.008
CHEMBL3088220,Cc1ncc([N+](=O)[O-])n1C/C(=N/NC(=O)c1ccc(O)cc1)c1ccc(Br)cc1,IC50,210.0,nM,6.68,-8.14
CHEMBL3088221,Cc1ncc([N+](=O)[O-])n1C/C(=N/NC(=O)c1ccccc1N)c1ccc(Br)cc1,IC50,1890.0,nM,5.72,-8.495
CHEMBL3088222,Cc1ncc([N+](=O)[O-])n1C/C(=N/NC(=O)c1ccccc1O)c1ccc(Br)cc1,IC50,2580.0,nM,5.59,-8.937
CHEMBL3088223,Cc1ncc([N+](=O)[O-])n1C/C(=N/NC(=O)c1ccc(Cl)cc1)c1ccc(Br)cc1,IC50,12450.0,nM,4.91,-8.192
CHEMBL3088224,Cc1ccc(C(=O)N/N=C(/Cn2c([N+](=O)[O-])cnc2C)c2ccc(Br)cc2)cc1,IC50,6130.0,nM,5.21,-8.665
CHEMBL3088225,Cc1ncc([N+](=O)[O-])n1C/C(=N/NC(=O)c1ccccc1)c1ccc(Br)cc1,IC50,10020.0,nM,5.0,-8.441
CHEMBL3092304,C#CCNC(=O)Nc1cc2c(Nc3ccc(F)c(Cl)c3)ncnc2cc1O[C@H]1CCOC1,IC50,232.0,nM,6.63,-9.198
CHEMBL3092319,O=C(Nc1cc2c(Nc3ccc(F)c(Cl)c3)ncnc2cc1O[C@H]1CCOC1)N1CC(F)C1,IC50,967.0,nM,6.01,-9.635
CHEMBL3092318,O=C(Nc1cc2c(Nc3ccc(F)c(Cl)c3)ncnc2cc1O[C@H]1CCOC1)N1CC(O)C1,IC50,543.0,nM,6.26,-8.988
CHEMBL3092311,COCCCNC(=O)Nc1cc2c(Nc3ccc(F)c(Cl)c3)ncnc2cc1O[C@H]1CCOC1,IC50,197.0,nM,6.71,-8.463
CHEMBL3092306,CN(C)CCNC(=O)Nc1cc2c(Nc3ccc(F)c(Cl)c3)ncnc2cc1O[C@H]1CCOC1,IC50,635.0,nM,6.2,-8.552
CHEMBL3092323,COCCNC(=O)Nc1cc2c(Nc3ccc(F)c(Cl)c3)ncnc2cc1O[C@H]1CCOC1,IC50,479.0,nM,6.32,-8.596
CHEMBL3092322,O=C(NCCO)Nc1cc2c(Nc3ccc(F)c(Cl)c3)ncnc2cc1O[C@H]1CCOC1,IC50,27.0,nM,7.57,-8.672
CHEMBL3098312,COc1cc2nc(Cl)nc(Nc3ccc(S(=O)(=O)N(C)C)cc3)c2cc1OC,IC50,67200.0,nM,4.17,-7.956
CHEMBL3098315,COc1cc2nc(Cl)nc(Nc3ccc(S(C)(=O)=O)cc3)c2cc1OC,IC50,61500.0,nM,4.21,-7.893
CHEMBL3098326,COc1cc2nc(Cl)nc(Nc3ccc(NC(C)=O)cc3)c2cc1OC,IC50,37600.0,nM,4.42,-8.009
CHEMBL3098319,COc1cc2nc(Cl)nc(Nc3ccc(N(C)C)cc3)c2cc1OC,IC50,36000.0,nM,4.44,-7.977
CHEMBL3098318,NS(=O)(=O)c1ccc(Nc2nc(Cl)nc3cc4c(cc23)OCO4)cc1,IC50,34600.0,nM,4.46,-8.806
CHEMBL3098313,CN(C)S(=O)(=O)c1ccc(Nc2nc(Cl)nc3cc4c(cc23)OCO4)cc1,IC50,18300.0,nM,4.74,-9.195
CHEMBL525527,COc1cc2nc(Cl)nc(Nc3ccc(S(=O)(=O)Nc4nccs4)cc3)c2cc1OC,IC50,9700.0,nM,5.01,-8.845
CHEMBL3098322,COc1cc2nc(Cl)nc(Nc3ccc(O)cc3)c2cc1OC,IC50,4300.0,nM,5.37,-8.327
CHEMBL3098317,COc1cc2nc(Cl)nc(Nc3ccc(S(N)(=O)=O)cc3)c2cc1OC,IC50,2370.0,nM,5.62,-8.031
CHEMBL3098321,CNS(=O)(=O)c1ccc(Nc2nc(Cl)nc3cc(OC)c(OC)cc23)cc1,IC50,1630.0,nM,5.79,-8.281
CHEMBL3098325,COc1cc2nc(Cl)nc(Nc3ccc(C(N)=O)cc3)c2cc1OC,IC50,900.0,nM,6.05,-8.368
CHEMBL3114690,C#Cc1cccc(Nc2ncnc3cc4c(cc23)N(C(=O)/C=C/CN(C)C)CCO4)c1,IC50,3.0,nM,8.52,-9.638
CHEMBL3114689,C#Cc1cccc(Nc2ncnc3cc4c(cc23)N(C(=O)/C=C/CN2CCN(C)CC2)CCO4)c1,IC50,16.0,nM,7.8,-9.594
CHEMBL3114688,C#Cc1cccc(Nc2ncnc3cc4c(cc23)N(C(=O)/C=C/CN2CCCCC2)CCO4)c1,IC50,4.0,nM,8.4,-10.298
CHEMBL3114687,C#Cc1cccc(Nc2ncnc3cc4c(cc23)N(C(=O)/C=C/CN(CC)CC)CCO4)c1,IC50,5.0,nM,8.3,-9.115
CHEMBL3114686,C#Cc1cccc(Nc2ncnc3cc4c(cc23)N(C(=O)/C=C/CN2CCCCC2C)CCO4)c1,IC50,5.0,nM,8.3,-9.911
CHEMBL3114701,C#Cc1cccc(Nc2ncnc3cc4c(cc23)N(C(=O)/C=C/CN2CCC(C)CC2)CCO4)c1,IC50,5.0,nM,8.3,-9.826
CHEMBL3114700,C#Cc1cccc(Nc2ncnc3cc4c(cc23)N(C(=O)/C=C/CN2CCCC2)CCO4)c1,IC50,3.0,nM,8.52,-9.753
CHEMBL3114699,C#Cc1cccc(Nc2ncnc3cc4c(cc23)N(C(=O)/C=C/CN2CCOCC2)CCO4)c1,IC50,12.0,nM,7.92,-9.544
CHEMBL3134612,COc1cc(Nc2nccc(-c3ccc(Cl)cc3)n2)cc(OC)c1OC,IC50,2145.0,nM,5.67,-7.708
CHEMBL3133821,Oc1cccc(Nc2ccnc3[nH]c4ccccc4c23)c1,IC50,270.0,nM,6.57,-9.212
CHEMBL3133899,C=CC(=O)N1CCc2c(sc3ncnc(Nc4ccc(CC)cc4)c23)C1,IC50,130.0,nM,6.89,-8.68
CHEMBL3133895,C=CC(=O)N1CCc2c(sc3ncnc(Nc4cccc(C)c4F)c23)C1,IC50,280.0,nM,6.55,-9.046
CHEMBL3133894,C=CC(=O)Nc1ccc2ncnc(NC3CCCCC3)c2c1,IC50,2800.0,nM,5.55,-8.217
CHEMBL3133893,C=CC(=O)Nc1ccc2ncnc(Nc3ccc(S(=O)(=O)Nc4ccccn4)cc3)c2c1,IC50,4390.0,nM,5.36,-9.61
CHEMBL3133908,C=CC(=O)Nc1ccc2ncnc(Nc3cccc(CC)c3)c2c1,IC50,275.0,nM,6.56,-8.633
CHEMBL3133907,C=CC(=O)Nc1ccc2ncnc(Nc3ccccc3CC)c2c1,IC50,2000.0,nM,5.7,-8.409
CHEMBL3133906,C=CC(=O)Nc1ccc2ncnc(Nc3ccc(OC)cc3OC)c2c1,IC50,931.0,nM,6.03,-8.169
CHEMBL3132872,C=CC(=O)Nc1ccc2ncnc(Nc3ccc(Br)cc3F)c2c1,IC50,36.0,nM,7.44,-8.697
CHEMBL3133898,C=CC(=O)N1CCc2c(sc3ncnc(Nc4cccc(CC)c4)c23)C1,IC50,8730.0,nM,5.06,-8.845
CHEMBL3133897,C=CC(=O)N1CCc2c(sc3ncnc(Nc4ccc(Br)c(C)c4)c23)C1,IC50,4400.0,nM,5.36,-8.533
CHEMBL3133896,C=CC(=O)N1CCc2c(sc3ncnc(Nc4ccc(Br)cc4F)c23)C1,IC50,3710.0,nM,5.43,-8.735
CHEMBL3133912,C=CC(=O)Nc1ccc2ncnc(Nc3ccc(S(=O)(=O)Nc4nccs4)cc3)c2c1,IC50,43700.0,nM,4.36,-9.05
CHEMBL3133911,C=CC(=O)Nc1ccc2ncnc(Nc3ccc(S(=O)(=O)NC(=N)N)cc3)c2c1,IC50,53300.0,nM,4.27,-9.504
CHEMBL3133910,C=CC(=O)Nc1ccc2ncnc(Nc3ccc(S(N)(=O)=O)cc3)c2c1,IC50,76500.0,nM,4.12,-8.424
CHEMBL3133909,C=CC(=O)Nc1ccc2ncnc(Nc3ccc(CC)cc3)c2c1,IC50,3200.0,nM,5.5,-8.609
CHEMBL3133905,C=CC(=O)Nc1ccc2ncnc(Nc3ccc(Br)c(OC)c3)c2c1,IC50,2500.0,nM,5.6,-8.286
CHEMBL3133904,C=CC(=O)Nc1ccc2ncnc(Nc3cccc(C)c3F)c2c1,IC50,1500.0,nM,5.82,-8.832
CHEMBL3133903,C=CC(=O)Nc1ccc2ncnc(Nc3ccc(Br)c(C)c3)c2c1,IC50,2300.0,nM,5.64,-9.003
CHEMBL3133902,C=CC(=O)Nc1ccc2ncnc(Nc3ccc(Br)cc3C)c2c1,IC50,2200.0,nM,5.66,-8.725
CHEMBL3133901,C=CC(=O)Nc1ccc2ncnc(Nc3c(F)cccc3Br)c2c1,IC50,2200.0,nM,5.66,-8.691
CHEMBL3219502,COc1cc2ncnc(Nc3cccc(Cl)c3)c2cc1B1OC(C)(C)C(C)(C)O1,IC50,490.0,nM,6.31,
CHEMBL3219505,CC1(C)OB(c2ccc3ncnc(Nc4ccc(F)c(Cl)c4)c3c2)OC1(C)C,IC50,570.0,nM,6.24,
CHEMBL3218424,OB(O)c1ccc2ncnc(Nc3cccc(Cl)c3)c2c1,IC50,650.0,nM,6.19,
CHEMBL3219504,CC1(C)OB(c2ccc3ncnc(Nc4cccc(Cl)c4)c3c2)OC1(C)C,IC50,590.0,nM,6.23,
CHEMBL3219503,COc1cc2ncnc(Nc3ccc(F)c(Cl)c3)c2cc1B1OC(C)(C)C(C)(C)O1,IC50,520.0,nM,6.28,
CHEMBL3219506,OB(O)c1ccc2ncnc(Nc3ccc(F)c(Cl)c3)c2c1,IC50,800.0,nM,6.1,
CHEMBL3219507,COc1cc2ncnc(Nc3cccc(Cl)c3)c2cc1B(O)O,IC50,460.0,nM,6.34,
CHEMBL3219508,COc1cc2ncnc(Nc3ccc(F)c(Cl)c3)c2cc1B(O)O,IC50,510.0,nM,6.29,
CHEMBL3218002,C#Cc1cccc(Nc2ncnc3ccc(S(=O)(=O)n4ccc(/C=C/C(=O)NO)c4)cc23)c1,IC50,1200.0,nM,5.92,-10.069
CHEMBL3221554,CCOC(=O)Nc1ccc(Nc2ncnc3cc(OC)c(OC)cc23)cc1C.Cl,IC50,900.0,nM,6.05,
CHEMBL3221552,COC(=O)Nc1ccc(Nc2ncnc3cc(OC)c(OC)cc23)cc1C.Cl,IC50,4000.0,nM,5.4,
CHEMBL3221555,CCOC(=O)Nc1cc(Nc2ncnc3cc(OC)c(OC)cc23)ccc1C.Cl,IC50,5000.0,nM,5.3,
CHEMBL3221558,COC(=O)Nc1ccc(Nc2ncnc3cc(OC)c(OC)cc23)cc1Cl.Cl,IC50,6150.0,nM,5.21,
CHEMBL3218346,C=CC(=O)Nc1cccc(Nc2cc(Nc3cccc(Br)c3)ncn2)c1,IC50,5.4,nM,8.27,-9.256
CHEMBL3221550,CCCOC(=O)Nc1ccc(Nc2ncnc3cc(OC)c(OC)cc23)cc1.Cl,IC50,7050.0,nM,5.15,
CHEMBL3221553,COC(=O)Nc1cc(Nc2ncnc3cc(OC)c(OC)cc23)ccc1C.Cl,IC50,7200.0,nM,5.14,
CHEMBL3234864,Cc1ncc([N+](=O)[O-])n1CC(=O)N/N=C/c1cc2ccccc2nc1Oc1ccccc1,IC50,10350.0,nM,4.99,-9.127
CHEMBL3234865,Cc1ccc(Oc2nc3ccccc3cc2/C=N/NC(=O)Cn2c([N+](=O)[O-])cnc2C)cc1,IC50,7670.0,nM,5.12,-9.276
CHEMBL3234866,COc1ccc(Oc2nc3ccccc3cc2/C=N/NC(=O)Cn2c([N+](=O)[O-])cnc2C)cc1,IC50,270.0,nM,6.57,-8.725
CHEMBL3234867,Cc1ncc([N+](=O)[O-])n1CC(=O)N/N=C/c1cc2ccccc2nc1Oc1ccc(F)cc1,IC50,370.0,nM,6.43,-9.492
CHEMBL3235199,Cc1ncc([N+](=O)[O-])n1CC(=O)N/N=C/c1cc2ccccc2nc1Oc1ccc(Cl)cc1,IC50,4100.0,nM,5.39,-9.215
CHEMBL3235200,Cc1ccc2nc(Oc3ccccc3)c(/C=N/NC(=O)Cn3c([N+](=O)[O-])cnc3C)cc2c1,IC50,1580.0,nM,5.8,-9.422
CHEMBL3235201,Cc1ccc(Oc2nc3ccc(C)cc3cc2/C=N/NC(=O)Cn2c([N+](=O)[O-])cnc2C)cc1,IC50,180.0,nM,6.75,-9.617
CHEMBL3235202,COc1ccc(Oc2nc3ccc(C)cc3cc2/C=N/NC(=O)Cn2c([N+](=O)[O-])cnc2C)cc1,IC50,120.0,nM,6.92,-9.023
CHEMBL3235203,Cc1ccc2nc(Oc3ccc(F)cc3)c(/C=N/NC(=O)Cn3c([N+](=O)[O-])cnc3C)cc2c1,IC50,420.0,nM,6.38,-10.048
CHEMBL3235204,Cc1ccc2nc(Oc3ccc(Cl)cc3)c(/C=N/NC(=O)Cn3c([N+](=O)[O-])cnc3C)cc2c1,IC50,8660.0,nM,5.06,-9.561
CHEMBL3237938,Cc1nn(-c2ccccc2)c(Cl)c1C1C(C#N)=C(N)N(c2cccnc2)C2=C1C(=O)CCC2,IC50,18020.0,nM,4.74,-8.714
CHEMBL3237939,Cc1ccc(-n2nc(C)c(C3C(C#N)=C(N)N(c4cccnc4)C4=C3C(=O)CCC4)c2Cl)cc1,IC50,10120.0,nM,5.0,-9.285
CHEMBL3233759,COC(=O)CC(=O)Nc1cc2c(Nc3ccc(F)c(Cl)c3)ncnc2s1,IC50,4997.0,nM,5.3,-8.179
CHEMBL3233761,CN(C)CCCC(=O)Nc1cc2c(Nc3ccc(F)c(Cl)c3)ncnc2s1,IC50,799.0,nM,6.1,-8.166
CHEMBL3233762,CN(C)CCN(C)CC(=O)Nc1cc2c(Nc3ccc(F)c(Cl)c3)ncnc2s1,IC50,4286.0,nM,5.37,-7.667
CHEMBL3233763,CN(C)CCCN(C)CC(=O)Nc1cc2c(Nc3ccc(F)c(Cl)c3)ncnc2s1,IC50,1699.0,nM,5.77,-7.719
CHEMBL3233764,O=C(CN1CCC(CCO)CC1)Nc1cc2c(Nc3ccc(F)c(Cl)c3)ncnc2s1,IC50,542.0,nM,6.27,-8.648
CHEMBL3233765,CN1CCN(CC(=O)Nc2cc3c(Nc4ccc(F)c(Cl)c4)ncnc3s2)CC1,IC50,3399.0,nM,5.47,-8.703
CHEMBL3233766,O=C(CN1CCN(CCO)CC1)Nc1cc2c(Nc3ccc(F)c(Cl)c3)ncnc2s1,IC50,770.0,nM,6.11,-8.577
CHEMBL3233767,C=CC(=O)Nc1cc2c(Nc3ccc(F)c(Cl)c3)ncnc2s1,IC50,16.0,nM,7.8,-8.023
CHEMBL3233769,C=CCOC(=O)Nc1cc2c(Nc3ccc(F)c(Cl)c3)ncnc2s1,IC50,1792.0,nM,5.75,-8.362
CHEMBL3233770,O=C(CCl)Nc1cc2c(Nc3ccc(F)c(Cl)c3)ncnc2s1,IC50,40.0,nM,7.4,-8.078
CHEMBL3233771,COCCNC/C=C/C(=O)Nc1cc2c(Nc3ccc(F)c(Cl)c3)ncnc2s1,IC50,5.0,nM,8.3,-8.278
CHEMBL3233772,CN(C)CCCNC/C=C/C(=O)Nc1cc2c(Nc3ccc(F)c(Cl)c3)ncnc2s1,IC50,0.7,nM,9.15,-8.166
CHEMBL3233773,CS(=O)(=O)CCNC/C=C/C(=O)Nc1cc2c(Nc3ccc(F)c(Cl)c3)ncnc2s1,IC50,3.0,nM,8.52,-8.766
CHEMBL3233774,O=C(/C=C/CNCC1COC1)Nc1cc2c(Nc3ccc(F)c(Cl)c3)ncnc2s1,IC50,10.0,nM,8.0,-8.737
CHEMBL3233775,O=C(/C=C/CNC1CCOCC1)Nc1cc2c(Nc3ccc(F)c(Cl)c3)ncnc2s1,IC50,20.0,nM,7.7,-9.113
CHEMBL3233776,O=C(/C=C/CNCc1ncccn1)Nc1cc2c(Nc3ccc(F)c(Cl)c3)ncnc2s1,IC50,8.0,nM,8.1,-9.145
CHEMBL3233777,CN(C)C/C=C/C(=O)Nc1cc2c(Nc3ccc(F)c(Cl)c3)ncnc2s1,IC50,24.0,nM,7.62,-8.329
CHEMBL3233779,COC(CN(C)C/C=C/C(=O)Nc1cc2c(Nc3ccc(F)c(Cl)c3)ncnc2s1)OC,IC50,2.0,nM,8.7,-8.259
CHEMBL3233780,CCN(CC)CCN(C)C/C=C/C(=O)Nc1cc2c(Nc3ccc(F)c(Cl)c3)ncnc2s1,IC50,139.0,nM,6.86,-8.288
CHEMBL3233781,CN(C)CCCN(C)C/C=C/C(=O)Nc1cc2c(Nc3ccc(F)c(Cl)c3)ncnc2s1,IC50,93.0,nM,7.03,-8.175
CHEMBL3233782,O=C(/C=C/CN1CC(O)C1)Nc1cc2c(Nc3ccc(F)c(Cl)c3)ncnc2s1,IC50,38.0,nM,7.42,-8.916
CHEMBL3233785,O=C(/C=C/CN1CC2CCC1C(=O)C2)Nc1cc2c(Nc3ccc(F)c(Cl)c3)ncnc2s1,IC50,0.9,nM,9.05,-9.777
CHEMBL3233789,CN1CCN(C/C=C/C(=O)Nc2cc3c(Nc4ccc(F)c(Cl)c4)ncnc3s2)CC1,IC50,3.0,nM,8.52,-9.341
CHEMBL3233790,CCN1CCN(C/C=C/C(=O)Nc2cc3c(Nc4ccc(F)c(Cl)c4)ncnc3s2)CC1,IC50,4.0,nM,8.4,-9.206
CHEMBL3233791,CC(C)N1CCN(C/C=C/C(=O)Nc2cc3c(Nc4ccc(F)c(Cl)c4)ncnc3s2)CC1,IC50,2.0,nM,8.7,-9.232
CHEMBL3233792,O=C(/C=C/CN1CCOCC1)Nc1cc2c(Nc3ccc(F)c(Cl)c3)ncnc2s1,IC50,3.0,nM,8.52,-9.044
CHEMBL3233793,O=C(/C=C/CN1CCS(=O)(=O)CC1)Nc1cc2c(Nc3ccc(F)c(Cl)c3)ncnc2s1,IC50,7.0,nM,8.15,-9.395
CHEMBL3233020,O=C(/C=C/CN1CC2(COC2)C1)Nc1cc2c(Nc3ccc(F)c(Cl)c3)ncnc2s1,IC50,7.0,nM,8.15,-9.163
CHEMBL3233794,O=C(/C=C/CN1CC2(CCOCC2)C1)Nc1cc2c(Nc3ccc(F)c(Cl)c3)ncnc2s1,IC50,2159.0,nM,5.67,-9.559
CHEMBL3263364,COc1ccc(C2=NN(C3=NC(=O)CS3)C(c3cccc4ccccc34)C2)cc1,IC50,5530.0,nM,5.26,-9.113
CHEMBL3263374,O=C1CSC(N2N=C(c3ccccc3)CC2c2ccc3ccccc3c2)=N1,IC50,6310.0,nM,5.2,-9.872
CHEMBL3263378,COc1ccc(C2=NN(C3=NC(=O)CS3)C(c3ccc4ccccc4c3)C2)cc1,IC50,2800.0,nM,5.55,-9.174
CHEMBL3263379,Cc1ccc(C2=NN(C3=NC(=O)CS3)C(c3ccc4ccccc4c3)C2)cc1,IC50,3250.0,nM,5.49,-9.61
CHEMBL3297893,Cc1nc(Nc2ccc(C(F)(F)F)cc2)c2cc(C)oc2n1,IC50,122.1,nM,6.91,-8.378
CHEMBL3297894,Cc1nc(Nc2ccc(F)c(Cl)c2)c2cc(C)oc2n1,IC50,30.2,nM,7.52,-8.175
CHEMBL3297892,C#Cc1cccc(Nc2nc(C)nc3oc(C)cc23)c1,IC50,30.0,nM,7.52,-8.042
CHEMBL3297898,COc1ccc(N(C)c2nc(C)nc3oc(C)cc23)cc1,IC50,68.2,nM,7.17,-7.263
CHEMBL3297897,COc1ccc(Nc2nc(C)nc3oc(C)cc23)cc1,IC50,42.2,nM,7.38,-7.829
CHEMBL3297900,CCCN(c1ccc(OC)cc1)c1nc(C)nc2oc(C)cc12,IC50,73.3,nM,7.13,-7.878
CHEMBL3298000,COc1ccc(N(C)c2nc(C)nc3oc(C)cc23)cc1.Cl,IC50,82.3,nM,7.08,
CHEMBL3297896,Cc1nc(Nc2cccc3[nH]ccc23)c2cc(C)oc2n1,IC50,90.2,nM,7.04,-8.535
CHEMBL3297999,COc1ccc(N(c2nc(C)nc3oc(C)cc23)C(C)C)cc1,IC50,84.4,nM,7.07,-8.223
CHEMBL3297899,CCN(c1ccc(OC)cc1)c1nc(C)nc2oc(C)cc12,IC50,70.7,nM,7.15,-7.161
CHEMBL3297895,Cc1nc(Nc2ccc(Cl)cc2)c2cc(C)oc2n1,IC50,102.3,nM,6.99,-7.571
CHEMBL3297891,Cc1nc(Nc2cccc3ccccc23)c2cc(C)oc2n1,IC50,145.2,nM,6.84,-9.096
CHEMBL3297998,CCCCN(c1ccc(OC)cc1)c1nc(C)nc2oc(C)cc12,IC50,340.1,nM,6.47,-7.273
CHEMBL3297816,Cc1nc(Nc2ccccc2)c2cc(C)oc2n1,IC50,113.2,nM,6.95,-7.709
CHEMBL3040861,c1ccc(-c2cccc(Nc3ncnc4cc5c(cc34)OCO5)c2)cc1,IC50,2.0,nM,8.7,-10.208
CHEMBL3040806,c1ccc(-c2cccc(Nc3ncnc4cc5c(cc34)OCCO5)c2)cc1,IC50,42.0,nM,7.38,-9.726
CHEMBL3347498,OB(O)c1ccc(COc2ccc3ncnc(Nc4cccc(Cl)c4)c3c2)cc1,IC50,850.0,nM,6.07,
CHEMBL3347488,OB(O)/C=C/COc1ccc2ncnc(Nc3cccc(Cl)c3)c2c1,IC50,270.0,nM,6.57,
CHEMBL3360602,COc1cc2c(Nc3ccc(F)c(Cl)c3)ncnc2cc1OCCCn1ccnc1[N+](=O)[O-],IC50,0.77,nM,9.11,-8.278
CHEMBL3360607,C#Cc1cccc(Nc2ncnc3cc(OCCCn4ccnc4[N+](=O)[O-])c(OC)cc23)c1,IC50,0.65,nM,9.19,-8.798
CHEMBL3360608,C#Cc1cccc(Nc2ncnc3cc(OCCCCn4ccnc4[N+](=O)[O-])c(OC)cc23)c1,IC50,0.26,nM,9.59,-8.836
CHEMBL3360609,C#Cc1cccc(Nc2ncnc3cc(OCCCCCn4ccnc4[N+](=O)[O-])c(OC)cc23)c1,IC50,0.47,nM,9.33,-8.645
CHEMBL3360611,C#Cc1cccc(Nc2ncnc3cc(OCCOCCn4ccnc4[N+](=O)[O-])c(OC)cc23)c1,IC50,0.54,nM,9.27,-8.816
CHEMBL3360617,COc1cc2c(Nc3cccc(Br)c3)ncnc2cc1OCCCn1ccnc1[N+](=O)[O-],IC50,0.49,nM,9.31,-8.484
CHEMBL3355873,COc1cc2ncnc(Nc3ccc(F)c(Cl)c3)c2cc1OCCn1ccnc1[N+](=O)[O-],IC50,3.05,nM,8.52,-9.225
CHEMBL3355874,COc1cc2ncnc(Nc3ccc(F)c(Cl)c3)c2cc1OCCCn1ccnc1[N+](=O)[O-],IC50,0.89,nM,9.05,-8.816
CHEMBL3355878,COc1cc2ncnc(Nc3cccc(Br)c3)c2cc1OCCCn1ccnc1[N+](=O)[O-],IC50,0.66,nM,9.18,-8.385
CHEMBL3355879,C#Cc1cccc(Nc2ncnc3cc(OC)c(OCCCn4ccnc4[N+](=O)[O-])cc23)c1,IC50,1.08,nM,8.97,-8.68
CHEMBL3355880,C#Cc1cccc(Nc2ncnc3cc(OC)c(OCCCCn4ccnc4[N+](=O)[O-])cc23)c1,IC50,0.56,nM,9.25,-8.288
CHEMBL3355881,C#Cc1cccc(Nc2ncnc3cc(OC)c(OCCCCCn4ccnc4[N+](=O)[O-])cc23)c1,IC50,0.49,nM,9.31,-8.404
CHEMBL3355887,COc1cc2ncnc(Nc3ccc(F)c(Cl)c3)c2cc1OCCn1c([N+](=O)[O-])cnc1C,IC50,4.9,nM,8.31,-9.033
CHEMBL3361128,O=C1/C(=C\c2ccc(O)c(O)c2)Oc2ccccc21,IC50,100000.0,nM,4.0,-8.465
CHEMBL3353410,C=CC(=O)Nc1cc(Nc2nccc(-c3cn(C)c4ccccc34)n2)c(OC)cc1N(C)CCN(C)C,IC50,0.02,nM,10.7,-9.002
CHEMBL3353411,C=CC(=O)Nc1cc(Nc2nccc(-c3c[nH]c4ccccc34)n2)c(OC)cc1N(C)CCN(C)C,IC50,33.0,nM,7.48,-8.856
CHEMBL3353412,C=CC(=O)Nc1cc(Nc2nccc(-c3cn(C)c4ccccc34)n2)c(OC)cc1N(C)CCNC,IC50,786.0,nM,6.11,-8.695
CHEMBL3335244,COc1cc(Br)c(Br)c(/C=N/c2ccc3[nH]c(=O)[nH]c3c2)c1O,IC50,88670.0,nM,4.05,-8.023
CHEMBL3335245,CCOc1cc(Br)c(Br)c(/C=N/c2ccc3[nH]c(=O)[nH]c3c2)c1O,IC50,76700.0,nM,4.12,-8.019
CHEMBL3357654,COc1cc2ncnc(Nc3cccc(Br)c3)c2cc1NC(=O)/C(F)=C/CN(C)C,IC50,2.6,nM,8.59,-8.073
CHEMBL3357643,COc1cc2ncnc(Nc3ccc(F)c(Cl)c3)c2cc1NC(=O)/C(F)=C/CN1CCOCC1,IC50,0.53,nM,9.28,-9.415
CHEMBL3357634,COc1cc2ncnc(Nc3ccc(F)c(Cl)c3)c2cc1NC(=O)/C(F)=C/CN(C)C,IC50,0.2,nM,9.7,-8.533
CHEMBL3357655,COc1cc2ncnc(Nc3cccc(Br)c3)c2cc1NC(=O)/C(F)=C\CN(C)C,IC50,5.0,nM,8.3,-8.835
CHEMBL3357644,COc1cc2ncnc(Nc3ccc(F)c(Cl)c3)c2cc1NC(=O)/C(F)=C\CN1CCOCC1,IC50,0.3,nM,9.52,-8.884
CHEMBL3325478,CCOC(=O)C1=C(N)N(c2cccnc2)C2=C(C(=O)CCC2)C1c1cc2cc(C)ccc2n2nnnc12,IC50,7000.0,nM,5.16,-8.819
CHEMBL3325477,CCOC(=O)C1=C(N)N(c2cccnc2)C2=C(C(=O)CCC2)C1c1cc2ccccc2n2nnnc12,IC50,90.0,nM,7.05,-8.955
CHEMBL3325474,COC(=O)C1=C(N)N(c2cccnc2)C2=C(C(=O)CCC2)C1c1cc2cc(C)ccc2n2nnnc12,IC50,4300.0,nM,5.37,-8.741
CHEMBL3325473,COC(=O)C1=C(N)N(c2cccnc2)C2=C(C(=O)CCC2)C1c1cc2ccccc2n2nnnc12,IC50,1100.0,nM,5.96,-8.479
CHEMBL3325472,N#CC1=C(N)N(c2cccnc2)C2=C(C(=O)CCC2)C1c1cc2cc(Cl)ccc2n2nnnc12,IC50,18300.0,nM,4.74,-8.873
CHEMBL3325471,COc1ccc2c(c1)cc(C1C(C#N)=C(N)N(c3cccnc3)C3=C1C(=O)CCC3)c1nnnn12,IC50,5400.0,nM,5.27,-9.161
CHEMBL3325470,Cc1ccc2c(c1)cc(C1C(C#N)=C(N)N(c3cccnc3)C3=C1C(=O)CCC3)c1nnnn12,IC50,10400.0,nM,4.98,-9.347
CHEMBL3327179,N#CC1=C(N)N(c2cccnc2)C2=C(C(=O)CCC2)C1c1cc2ccccc2n2nnnc12,IC50,4800.0,nM,5.32,-7.971
CHEMBL3354195,COC1CCN(c2nccc(Nc3cc4c(ccc(=O)n4C(C)C)cn3)n2)CC1,Ki,82.0,nM,7.09,-9.407
CHEMBL3354193,COC1CCN(c2nccc(Nc3cc4c(cn3)[nH]c(=O)n4C(C)C)n2)CC1,Ki,114.0,nM,6.94,-8.372
CHEMBL3354192,COC1CCN(c2nccc(Nc3cc4c(C(C)C)n[nH]c4cn3)n2)CC1,Ki,18.0,nM,7.75,-8.937
CHEMBL3354191,COC1CCN(c2nccc(Nc3cc4c(cn3)c(N)nn4C(C)C)n2)CC1,Ki,12.0,nM,7.92,-8.515
CHEMBL3354190,COC1CCN(c2nccc(Nc3cc4c(cn3)ncn4C(C)C)n2)CC1,Ki,40.0,nM,7.4,-8.495
CHEMBL3354189,COC1CCN(c2nccc(Nc3cc4c(ccn4C4CCCC4)cn3)n2)CC1,Ki,17.0,nM,7.77,-9.061
CHEMBL3354188,COC1CCN(c2nccc(Nc3cc4c(ccn4C(C)C)cn3)n2)CC1,Ki,33.0,nM,7.48,-8.414
CHEMBL3352835,COC1CCN(c2nccc(Nc3cc(NC(=O)c4c(Cl)cccc4Cl)ccn3)n2)CC1,Ki,14.0,nM,7.85,-9.018
CHEMBL3354184,O=C(Nc1ccnc(Nc2ccnc(N3CCC(O)CC3)n2)c1)c1c(Cl)cccc1Cl,Ki,28.0,nM,7.55,-9.86
CHEMBL3354183,Cc1cc(Nc2cc(NC(=O)c3c(Cl)cccc3Cl)ccn2)nc(N[C@@H](C)CO)n1,Ki,9.0,nM,8.05,-8.927
CHEMBL3354194,COC1CCN(c2nccc(Nc3cc4c(cn3)CCN4C(C)C)n2)CC1,Ki,423.0,nM,6.37,-8.055
CHEMBL3354187,COC1CCN(c2nccc(Nc3cc4c(cn3)cc(-c3cn[nH]c3)n4C(C)C)n2)CC1,Ki,16.0,nM,7.8,-9.764
CHEMBL3354186,COC1CCN(c2nccc(Nc3cc4[nH]c(-c5cn[nH]c5)cc4cn3)n2)CC1,Ki,66.0,nM,7.18,-9.375
CHEMBL3354185,COC1CCN(c2nccc(Nc3cc4[nH]c(-c5cn[nH]c5)nc4cn3)n2)CC1,Ki,51.0,nM,7.29,-9.072
CHEMBL3393072,O=C(Cc1c[nH]c2ccccc12)NNC(=S)Nc1ncccc1Br,IC50,8490.0,nM,5.07,-8.261
CHEMBL3403513,Cc1nc(N(C)c2ccc3c(c2)CCO3)c2cc(C)oc2n1,IC50,226.4,nM,6.64,-8.059
CHEMBL3403512,Cc1nc(N(C)c2ccc3c(c2)OCO3)c2cc(C)oc2n1,IC50,298.2,nM,6.53,-8.298
CHEMBL3403510,COc1ccc(N(C)c2nc(C)nc3oc(C)cc23)cc1OC,IC50,90.3,nM,7.04,-7.38
CHEMBL3403509,COc1ccc(N(C)c2nc(C)nc3oc(C)cc23)c(OC)c1,IC50,162.3,nM,6.79,-7.437
CHEMBL3403514,Cc1nc(N(C)c2ccc3occc3c2)c2cc(C)oc2n1,IC50,306.6,nM,6.51,-8.205
CHEMBL3403515,COc1ccc2c(c1)CCN2c1nc(C)nc2oc(C)cc12,IC50,103.2,nM,6.99,-8.226
CHEMBL3403517,COc1ccc2c(c1)CCCN2c1nc(C)nc2oc(C)cc12,IC50,3.4,nM,8.47,-8.536
CHEMBL3403518,Cc1nc(N(C)c2ccc(OC(C)C)cc2)c2cc(C)oc2n1,IC50,102.2,nM,6.99,-7.812
CHEMBL3409482,CN(CCO)c1cc2c(Nc3ccc4c(cnn4Cc4ccccc4)c3)ncnc2cn1,IC50,36.0,nM,7.44,-9.755
CHEMBL3416631,OCCN1CCN(Cc2ccc(-c3cc4c(N[C@H](CO)c5ccccc5)ncnc4s3)cc2)CC1,IC50,600.0,nM,6.22,-9.205
CHEMBL3416630,OC[C@@H](Nc1ncnc2sc(-c3ccc(CN4CCNCC4)cc3)cc12)c1ccccc1,IC50,600.0,nM,6.22,-9.42
CHEMBL3416437,COc1ccccc1-c1cc2c(N[C@H](C)c3ccccn3)ncnc2s1,IC50,153.0,nM,6.82,-9.102
CHEMBL3414594,COc1ccccc1-c1cc2c(NCc3ccccn3)ncnc2s1,IC50,183.0,nM,6.74,-8.917
CHEMBL3416598,COc1ccccc1-c1cc2c(NCc3cccnc3)ncnc2s1,IC50,275.0,nM,6.56,-8.76
CHEMBL3416597,COc1ccccc1-c1cc2c(NCc3ccncc3)ncnc2s1,IC50,108.0,nM,6.97,-8.585
CHEMBL3416594,COc1ccccc1-c1cc2c(NC(CO)c3ccccc3)ncnc2s1,IC50,8.0,nM,8.1,-9.193
CHEMBL3416593,COc1ccccc1-c1cc2c(N[C@@H](CO)c3ccccc3)ncnc2s1,IC50,629.0,nM,6.2,-9.004
CHEMBL3416592,COc1ccccc1-c1cc2c(N[C@H](CO)c3ccccc3)ncnc2s1,IC50,1.0,nM,9.0,-9.086
CHEMBL3416446,COc1ccccc1-c1cc2c(NCc3ccccc3)ncnc2s1,IC50,17.0,nM,7.77,-9.043
CHEMBL3416439,C#Cc1cccc(Nc2ncnc3sc(Br)cc23)c1,IC50,23.0,nM,7.64,-7.842
CHEMBL3416438,Fc1ccc(Nc2ncnc3sc(Br)cc23)cc1Cl,IC50,53.0,nM,7.28,-8.391
CHEMBL3416621,Brc1cc2c(Nc3ccccc3)ncnc2s1,IC50,80.0,nM,7.1,-7.352
CHEMBL3416620,C[C@@H](Nc1ncnc2sc(Br)cc12)c1cccs1,IC50,415.0,nM,6.38,-7.647
CHEMBL3416619,Brc1cc2c(NCc3cccs3)ncnc2s1,IC50,1374.0,nM,5.86,-6.822
CHEMBL3416617,C[C@@H](Nc1ncnc2sc(Br)cc12)c1ccccn1,IC50,2079.0,nM,5.68,-7.331
CHEMBL3416616,Brc1cc2c(NCc3ccccn3)ncnc2s1,IC50,7904.0,nM,5.1,-7.286
CHEMBL3416614,Brc1cc2c(NCc3ccncc3)ncnc2s1,IC50,3883.0,nM,5.41,-6.909
CHEMBL3416612,C[C@@H](Nc1ncnc2sc(Br)cc12)c1ccc(F)cc1,IC50,150.0,nM,6.82,-7.685
CHEMBL3416606,COC[C@@H](Nc1ncnc2sc(Br)cc12)c1ccccc1,IC50,262.0,nM,6.58,-8.072
CHEMBL3416605,OCC(Nc1ncnc2sc(Br)cc12)c1ccccc1,IC50,83.0,nM,7.08,-7.222
CHEMBL3416603,OC[C@@H](Nc1ncnc2sc(Br)cc12)c1ccccc1,IC50,36.0,nM,7.44,-8.385
CHEMBL3416602,CC(Nc1ncnc2sc(Br)cc12)c1ccccc1,IC50,156.0,nM,6.81,-7.56
CHEMBL3416600,C[C@@H](Nc1ncnc2sc(Br)cc12)c1ccccc1,IC50,38.0,nM,7.42,-7.601
CHEMBL3416599,Brc1cc2c(NCc3ccccc3)ncnc2s1,IC50,241.0,nM,6.62,-7.44
CHEMBL3425671,COc1cc(N2CCN(C)CC2)ccc1Nc1ncc(Cl)c(Oc2cccc(NC(C)=O)c2)n1,IC50,180.0,nM,6.75,-9.28
CHEMBL3604927,Cc1cc(Nc2cc(N3CCN(C)CC3)nc(Oc3cccc([N+](=O)[O-])c3)n2)n[nH]1,IC50,600.0,nM,6.22,-9.387
CHEMBL3604935,Cc1cc(Nc2cc(N3CCN(C)CC3)nc(Oc3ccc(NC(=O)/C=C/CN(C)C)cc3)n2)n[nH]1,IC50,1700.0,nM,5.77,-9.396
CHEMBL3604937,C=CC(=O)Nc1cccc(Oc2nc(Nc3n[nH]c4ccccc34)cc(N3CCN(C)CC3)n2)c1,Ki,0.32,nM,9.49,-10.279
CHEMBL3604941,C=CC(=O)Nc1cccc(Oc2nc(Nc3n[nH]c4ccccc34)cc(N3CCN(C(C)=O)CC3)n2)c1,IC50,200.0,nM,6.7,-10.685
CHEMBL3604943,C=CC(=O)Nc1cc(Nc2nccc(-c3cn(C)c4ccccc34)n2)c(OC)cc1N1CCN(C)CC1,IC50,1.0,nM,9.0,-10.145
CHEMBL3604917,C=CC(=O)Nc1cc(Nc2cc[nH]n2)nc(-c2ccccc2)n1,IC50,300.0,nM,6.52,-8.985
CHEMBL3604920,C=CC(=O)Nc1ccccc1Oc1nc(Nc2cc(C)[nH]n2)cc(N2CCN(C)CC2)n1,IC50,600.0,nM,6.22,-9.385
CHEMBL3604922,C=CC(=O)Nc1ccc(Oc2nc(Nc3cc(C)[nH]n3)cc(N3CCN(C)CC3)n2)cc1,IC50,1800.0,nM,5.75,-9.202
CHEMBL3604915,CCC(=O)Nc1cccc(-c2nc(Nc3cc[nH]n3)c3ccccc3n2)c1,IC50,400.0,nM,6.4,-9.865
CHEMBL3604912,C=CC(=O)Nc1cccc(-c2nc(Nc3cc[nH]n3)c3ccccc3n2)c1,IC50,100.0,nM,7.0,-9.405
CHEMBL3604919,C=CC(=O)Nc1cccc(-c2nccc(Nc3cc(C)[nH]n3)n2)c1,IC50,2500.0,nM,5.6,-8.722
CHEMBL3604942,C=CC(=O)Nc1cccc(-c2nc(Nc3n[nH]c4ccccc34)cc(N3CCN(C)CC3)n2)c1,IC50,4900.0,nM,5.31,-10.169
CHEMBL1232944,C=CC(=O)Nc1ccc2c(Nc3cc[nH]n3)nc(-c3ccccc3)nc2c1,IC50,1900.0,nM,5.72,-9.933
CHEMBL3604910,CCC(=O)Nc1ccc2c(Nc3cc[nH]n3)nc(-c3ccccc3)nc2c1,IC50,2100.0,nM,5.68,-9.557
CHEMBL3604911,C=CC(=O)Nc1ccccc1-c1nc(Nc2cc[nH]n2)c2ccccc2n1,IC50,1100.0,nM,5.96,-9.219
CHEMBL3604918,CCC(=O)Nc1cc(Nc2cc[nH]n2)nc(-c2ccccc2)n1,IC50,3400.0,nM,5.47,-9.295
CHEMBL3604921,C=CC(=O)Nc1cccc(Oc2nc(Nc3cc(C)[nH]n3)cc(N3CCN(C)CC3)n2)c1,Ki,0.64,nM,9.19,-9.157
CHEMBL3604924,CCC(=O)Nc1cccc(Oc2nc(Nc3cc(C)[nH]n3)cc(N3CCN(C)CC3)n2)c1,IC50,1900.0,nM,5.72,-9.411
CHEMBL3604925,CCC(=O)Nc1ccc(Oc2nc(Nc3cc(C)[nH]n3)cc(N3CCN(C)CC3)n2)cc1,IC50,700.0,nM,6.16,-9.586
CHEMBL3604926,Cc1cc(Nc2cc(N3CCN(C)CC3)nc(Oc3ccccc3[N+](=O)[O-])n2)n[nH]1,IC50,1600.0,nM,5.8,-9.805
CHEMBL3604928,Cc1cc(Nc2cc(N3CCN(C)CC3)nc(Oc3ccc([N+](=O)[O-])cc3)n2)n[nH]1,IC50,900.0,nM,6.05,-8.833
CHEMBL3604930,Cc1cc(Nc2cc(N3CCN(C)CC3)nc(Oc3ccc(N)cc3)n2)n[nH]1,IC50,1400.0,nM,5.85,-9.474
CHEMBL3604931,C=CC(=O)Nc1cccc(Oc2nccc(Nc3cc(C)[nH]n3)n2)c1,IC50,900.0,nM,6.05,-8.643
CHEMBL3604933,C=CC(=O)Nc1cccc(Oc2nc(Nc3cc[nH]n3)cc(N3CCN(C)CC3)n2)c1,IC50,1900.0,nM,5.72,-8.867
CHEMBL3604929,Cc1cc(Nc2cc(N3CCN(C)CC3)nc(Oc3cccc(N)c3)n2)n[nH]1,IC50,4900.0,nM,5.31,-9.834
CHEMBL3604938,CCC(=O)Nc1cccc(Oc2nc(Nc3n[nH]c4ccccc34)cc(N3CCN(C)CC3)n2)c1,IC50,8600.0,nM,5.07,-10.182
CHEMBL3608432,C=CC(=O)N[C@@H]1CN(c2nc(Nc3cn(C)nc3C)c3ncn(C(C)C)c3n2)C[C@H]1F,IC50,4.0,nM,8.4,-7.96
CHEMBL3608431,C=CC(=O)N[C@H]1CCN(c2nc(Nc3ccc(N4CCN(C)CC4)cc3)c3ncn(CCO)c3n2)C1,IC50,7.0,nM,8.15,-9.592
CHEMBL3608429,C=CC(=O)N[C@@H]1CN(c2nc(Nc3cnn(C)c3)c3ncn(C(C)C)c3n2)C[C@H]1F,IC50,2.0,nM,8.7,-8.815
CHEMBL3608434,C=CC(=O)N[C@@H]1CN(c2nc(Nc3cn(CC)nc3OC)c3ncn(C)c3n2)C[C@H]1F,IC50,1.0,nM,9.0,-7.773
CHEMBL3612590,CCOC(=O)CCCn1c(=O)oc2cc3ncnc(Nc4ccc5[nH]ncc5c4)c3cc21,IC50,130.0,nM,6.89,-9.186
CHEMBL3612591,CCOC(=O)CCCn1c(=O)oc2cc3ncnc(Nc4ccc(OCc5ccccn5)cc4)c3cc21,IC50,2300.0,nM,5.64,-9.461
CHEMBL3612592,CCOC(=O)CCCn1c(=O)oc2cc3ncnc(Nc4ccc(F)c(F)c4)c3cc21,IC50,140.0,nM,6.85,-8.723
CHEMBL3612594,CCOC(=O)CCCn1c(=O)oc2cc3ncnc(Nc4ccc(O)cc4)c3cc21,IC50,20.0,nM,7.7,-8.398
CHEMBL3612595,CCOC(=O)CCCn1c(=O)oc2cc3ncnc(Nc4cccc(O)c4)c3cc21,IC50,8.7,nM,8.06,-8.854
CHEMBL3612596,CCOC(=O)CCCn1c(=O)oc2cc3ncnc(Nc4ccc(OC(C)C)cc4)c3cc21,IC50,160.0,nM,6.8,-8.366
CHEMBL3612599,CCOC(=O)CCCn1c(=O)oc2cc3ncnc(Nc4cc(C)cc(C)c4)c3cc21,IC50,1500.0,nM,5.82,-8.898
CHEMBL3613702,C=CC(=O)Nc1ccc2ncnc(Nc3cc(F)c(Cl)c(Cl)c3)c2c1,IC50,0.037,nM,10.43,-9.11
CHEMBL3612561,COCCn1c(=O)oc2cc3ncnc(Nc4ccc(F)c(Cl)c4)c3cc21,IC50,470.0,nM,6.33,-8.793
CHEMBL3612562,C#Cc1cccc(Nc2ncnc3cc4oc(=O)n(CCOC)c4cc23)c1,IC50,190.0,nM,6.72,-8.682
CHEMBL3612563,COCCn1c(=O)oc2cc3ncnc(Nc4ccc(F)c(F)c4)c3cc21,IC50,26.0,nM,7.58,-8.818
CHEMBL3612564,COCCn1c(=O)oc2cc3ncnc(Nc4ccc(OC)cc4)c3cc21,IC50,5100.0,nM,5.29,-8.205
CHEMBL3612570,COCCn1c(=O)oc2cc3ncnc(Nc4cccc(C(C)=O)c4)c3cc21,IC50,560.0,nM,6.25,-8.893
CHEMBL3612572,COCCn1c(=O)oc2cc3ncnc(Nc4ccc(OC)c(OC)c4)c3cc21,IC50,5500.0,nM,5.26,-8.018
CHEMBL3612573,CCOC(=O)c1ccc(O)c(Nc2ncnc3cc4oc(=O)n(CCOC)c4cc23)c1,IC50,440.0,nM,6.36,-8.354
CHEMBL3612574,CCOC(=O)CCCn1c(=O)oc2cc3ncnc(Nc4ccc(F)c(Cl)c4)c3cc21,IC50,7800.0,nM,5.11,-8.962
CHEMBL3612575,C#Cc1cccc(Nc2ncnc3cc4oc(=O)n(CCCC(=O)OCC)c4cc23)c1,IC50,5700.0,nM,5.24,-8.532
CHEMBL3612578,CCOC(=O)CCCn1c(=O)oc2cc3ncnc(Nc4ccc(Cl)cc4)c3cc21,IC50,1200.0,nM,5.92,-8.441
CHEMBL3612580,CCOC(=O)CCCn1c(=O)oc2cc3ncnc(Nc4ccc(OC)cc4)c3cc21,IC50,7500.0,nM,5.12,-8.306
CHEMBL3622617,C#Cc1cccc(Nc2ncnc3cc(OCCOC)c(NC(=O)C=C)cc23)c1,IC50,1.8,nM,8.74,-8.746
CHEMBL3622620,C=CC(=O)Nc1cc2c(Nc3ccc(F)c(C#N)c3)ncnc2cc1OCCOC,IC50,195.8,nM,6.71,-8.334
CHEMBL3622679,C#Cc1cccc(Nc2ncnc3cc(O[C@H]4CCOC4)c(NC(=O)/C=C/CNC(C)C)cc23)c1,IC50,6.4,nM,8.19,-9.241
CHEMBL3622678,C#Cc1cccc(Nc2ncnc3cc(OCC)c(NC(=O)/C=C/CNC4CC4)cc23)c1,IC50,4.2,nM,8.38,-8.194
CHEMBL3622677,C#Cc1cccc(Nc2ncnc3cc(OC)c(NC(=O)/C=C/CNC4CC4)cc23)c1,IC50,7.9,nM,8.1,-9.066
CHEMBL3622676,C#Cc1cccc(Nc2ncnc3cc(O[C@H]4CCOC4)c(NC(=O)/C=C/CNC4CC4)cc23)c1,IC50,5.6,nM,8.25,-9.389
CHEMBL3622675,C#Cc1cccc(Nc2ncnc3cc(OCC)c(NC(=O)/C=C/CN(C)C4CC4)cc23)c1,IC50,2.4,nM,8.62,-8.349
CHEMBL3622674,C#Cc1cccc(Nc2ncnc3cc(OC)c(NC(=O)/C=C/CN(C)C4CC4)cc23)c1,IC50,3.3,nM,8.48,-8.483
CHEMBL3622673,C#Cc1cccc(Nc2ncnc3cc(OCC)c(NC(=O)/C=C/CN4CCCCC4)cc23)c1,IC50,6.1,nM,8.21,-9.167
CHEMBL3622672,C#Cc1cccc(Nc2ncnc3cc(OC)c(NC(=O)/C=C/CN4CCCCC4)cc23)c1,IC50,2.7,nM,8.57,-9.233
CHEMBL3622671,C#Cc1cccc(Nc2ncnc3cc(O[C@H]4CCOC4)c(NC(=O)/C=C/CN4CCCCC4)cc23)c1,IC50,5.3,nM,8.28,-9.036
CHEMBL3622670,CC(C)NC/C=C/C(=O)Nc1cc2c(Nc3ccc(F)c(Cl)c3)ncnc2cc1O[C@H]1CCOC1,IC50,7.0,nM,8.15,-9.09
CHEMBL3622666,O=C(/C=C/CNC1CC1)Nc1cc2c(Nc3ccc(F)c(Cl)c3)ncnc2cc1O[C@H]1CCOC1,IC50,6.5,nM,8.19,-9.131
CHEMBL3622665,COc1cc2ncnc(Nc3ccc(F)c(Cl)c3)c2cc1NC(=O)/C=C/CNC1CC1,IC50,2.1,nM,8.68,-8.637
CHEMBL3622664,CCOc1cc2ncnc(Nc3ccc(F)c(Cl)c3)c2cc1NC(=O)/C=C/CNC1CC1,IC50,0.9,nM,9.05,-8.591
CHEMBL3622654,COCCOc1cc2ncnc(Nc3ccc(F)c(Cl)c3)c2cc1NC(=O)/C=C/CN(C)C1CC1,IC50,8.9,nM,8.05,-8.425
CHEMBL3622653,COc1cc2ncnc(Nc3ccc(F)c(Cl)c3)c2cc1NC(=O)/C=C/CN(C)C1CC1,IC50,26.9,nM,7.57,-8.705
CHEMBL3622649,C#Cc1cccc(Nc2ncnc3cc(OC4CCN(C)CC4)c(NC(=O)/C=C/CN(C)C)cc23)c1,IC50,8.1,nM,8.09,-8.779
CHEMBL3622648,C#Cc1cccc(Nc2ncnc3cc(OC4CCOCC4)c(NC(=O)/C=C/CN(C)C)cc23)c1,IC50,6.0,nM,8.22,-8.437
CHEMBL3622647,CN(C)C/C=C/C(=O)Nc1cc2c(Nc3ccc(F)c(C#N)c3)ncnc2cc1O[C@H]1CCOC1,IC50,147.4,nM,6.83,-8.692
CHEMBL3622645,C#Cc1cccc(Nc2ncnc3cc(O[C@H]4CCOC4)c(NC(=O)/C=C/CN(C)C)cc23)c1,IC50,1.2,nM,8.92,-8.502
CHEMBL3622639,COCCOc1cc2ncnc(Nc3ccc(F)c(Cl)c3)c2cc1NC(=O)/C=C/CN(C)C,IC50,1.2,nM,8.92,-7.944
CHEMBL3622632,C#Cc1cccc(Nc2ncnc3cc(OCCOC)c(NC(=O)/C=C/CN(C)C)cc23)c1,IC50,1.2,nM,8.92,-7.893
CHEMBL3622630,C=CC(=O)Nc1cc2c(Nc3ccc(Br)cc3F)ncnc2cc1O[C@H]1CCOC1,IC50,121.1,nM,6.92,-9.374
CHEMBL3622629,C=CC(=O)Nc1cc2c(Nc3ccc(F)c(Cl)c3)ncnc2cc1O[C@H]1CCOC1,IC50,5.8,nM,8.24,-9.279
CHEMBL3622628,C=CC(=O)Nc1cc2c(Nc3ccc(F)c(C#N)c3)ncnc2cc1O[C@H]1CCOC1,IC50,167.3,nM,6.78,-9.386
CHEMBL3622625,C#Cc1cccc(Nc2ncnc3cc(O[C@H]4CCOC4)c(NC(=O)C=C)cc23)c1,IC50,32.2,nM,7.49,-9.892
CHEMBL3622624,C=CC(=O)Nc1cc2c(Nc3ccc(OCc4ccccn4)cc3)ncnc2cc1O[C@H]1CCOC1,IC50,100.1,nM,7.0,-9.05
CHEMBL3623278,COc1cc2ncnc(Nc3cccc(Cl)c3F)c2cc1CN1CCOCC1,IC50,3.8,nM,8.42,-9.003
CHEMBL3623279,COc1cc2ncnc(Nc3cccc(Cl)c3F)c2cc1N1CCOCC1,IC50,1.5,nM,8.82,-8.998
CHEMBL3623280,COc1cc2ncnc(Nc3cccc(Cl)c3F)c2cc1C(=O)N1CCOCC1,IC50,166.0,nM,6.78,-9.338
CHEMBL3623281,COc1cc2ncnc(Nc3cccc(Cl)c3F)c2cc1OC(=O)N1CCOCC1,IC50,4.1,nM,8.39,-9.253
CHEMBL3623282,COc1cc2ncnc(Nc3cccc(Cl)c3F)c2cc1OC(=O)N1CCN(C)CC1,IC50,5.0,nM,8.3,-9.56
CHEMBL3623283,COc1cc2ncnc(Nc3ccc(F)c(Cl)c3)c2cc1N1CCOCC1,IC50,1.5,nM,8.82,-9.01
CHEMBL3623284,COc1cc2ncnc(Nc3cccc(Cl)c3F)c2cc1OC(=O)N1CC[C@@H](N(C)C)C1,IC50,1.1,nM,8.96,-9.258
CHEMBL3623285,COc1cc2ncnc(Nc3cccc(Cl)c3F)c2cc1OC(=O)N1CC[C@H](N(C)C)C1,IC50,2.7,nM,8.57,-9.329
CHEMBL3623286,COc1cc2ncnc(Nc3cccc(Cl)c3F)c2cc1OC(=O)N1C[C@@H]2C[C@H]1CN2C,IC50,2.3,nM,8.64,-9.727
CHEMBL3623287,COc1cc2ncnc(Nc3cccc(Cl)c3F)c2cc1OC(=O)N1CCN(C)C2CC21,IC50,4.4,nM,8.36,-9.717
CHEMBL3623288,COc1cc2ncnc(Nc3cccc(Cl)c3F)c2cc1OC(=O)N1CCN(C)[C@@H](C)C1,IC50,16.9,nM,7.77,-9.663
CHEMBL3623289,COc1cc2ncnc(Nc3cccc(Cl)c3F)c2cc1OC(=O)N1CCN(C)[C@H](C)C1,IC50,21.5,nM,7.67,-9.874
CHEMBL3623290,COc1cc2ncnc(Nc3cccc(Cl)c3F)c2cc1OC(=O)N1CCN(C)C[C@H]1C,IC50,0.2,nM,9.7,-9.72
CHEMBL3623291,COc1cc2ncnc(Nc3cccc(Cl)c3F)c2cc1OC(=O)N1CCN(C)C[C@@H]1C,IC50,6.9,nM,8.16,-9.79
CHEMBL481789,COc1ccc2c(c1)SCc1cnc(-c3ccccc3)nc1-2,IC50,4720.0,nM,5.33,-8.552
CHEMBL1688539,Fc1ccc(Nc2ncnc3ccccc23)cc1Cl,IC50,30.0,nM,7.52,-8.602
CHEMBL3628791,Fc1ccc(Nc2ncnc3sccc23)cc1Cl,IC50,2980.0,nM,5.53,-8.088
CHEMBL3628800,Fc1ccc(Oc2ncnc3ccccc23)cc1Cl,IC50,590.0,nM,6.23,-8.357
CHEMBL3633141,C=CC(=O)Nc1cc(Nc2cncc(-c3cn(C)c4ccccc34)n2)c(OC)cc1N(C)CCN(C)C,IC50,6.0,nM,8.22,-8.705
CHEMBL3633940,NC(=O)Nc1ccc(C(=O)Nc2ccc3ncnc(Nc4ccc(F)c(Cl)c4)c3c2)cc1,IC50,9.0,nM,8.05,-10.37
CHEMBL3633929,CC(=O)Nc1ccc2ncnc(Nc3ccc(OCc4ccccn4)c(Cl)c3)c2c1,IC50,3.0,nM,8.52,-9.036
CHEMBL4113919,CC(C)n1c(Nc2ccccc2)nc2cnc(Nc3ccc(C(=O)N[N+]4=CCN(C)CC4)cc3)nc21,IC50,3.0,nM,8.52,-8.254
CHEMBL1643971,C=CC(=O)Nc1cccc(Oc2nc(Nc3ccc(N4CCOCC4)cc3OC)ncc2Cl)c1,IC50,5.5,nM,8.26,-9.446
CHEMBL3678953,COc1ccc(Nc2nc3cnc(Nc4ccc(N5CCN(C)CC5)cc4)nc3n2C(C)C)cc1,IC50,5.0,nM,8.3,-8.63
CHEMBL3678959,CC(C)n1c(NC2CCCCC2)nc2cnc(Nc3ccc(N4CCN(C)CC4)cc3)nc21,IC50,5.0,nM,8.3,-9.529
CHEMBL2178351,CC(C)n1c(Nc2ccccc2)nc2cnc(Nc3ccc(N4CCN(C)CC4)cc3)nc21,IC50,5.0,nM,8.3,-9.485
CHEMBL3678958,CC(C)n1c(Nc2cccnc2)nc2cnc(Nc3ccc(N4CCN(C)CC4)cc3)nc21,IC50,4.0,nM,8.4,-9.514
CHEMBL3678952,COc1cccc(Nc2nc3cnc(Nc4ccc(N5CCN(C)CC5)cc4)nc3n2C(C)C)c1,IC50,1.0,nM,9.0,-9.018
CHEMBL2178350,CN1CCN(c2ccc(Nc3ncc4nc(Nc5ccccc5)n(C5CC5)c4n3)cc2)CC1,IC50,2.0,nM,8.7,-8.886
CHEMBL3678948,C#Cc1cccc(Nc2nc3cnc(Nc4ccc(N5CCN(C)CC5)cc4)nc3n2C(C)C)c1,IC50,3.0,nM,8.52,-10.013
CHEMBL2178349,CN1CCN(c2ccc(Nc3ncc4nc(Nc5ccccc5)n(C)c4n3)cc2)CC1,IC50,3.0,nM,8.52,-9.241
CHEMBL3678946,CC(C)n1c(Nc2ccccc2)nc2cnc(Nc3ccc(C(=O)NC4CCN(C)CC4)cc3)nc21,IC50,0.4,nM,9.4,-9.129
CHEMBL3734825,COC1CCN(c2nccc(Nc3cc4c(cn3)ncn4C3CCCC3)n2)CC1,Ki,20.0,nM,7.7,-9.422
CHEMBL3735952,COC1CCN(c2nccc(Nc3cc4[nH]cnc4cn3)n2)CC1,Ki,329.0,nM,6.48,-7.981
CHEMBL3736094,CCn1cnc2cnc(Nc3ccnc(N4CCC(OC)CC4)n3)cc21,Ki,201.0,nM,6.7,-8.4
CHEMBL3736178,COC1CCN(c2nccc(Nc3cc4c(cn3)ncn4C3CC3)n2)CC1,Ki,87.0,nM,7.06,-8.205
CHEMBL3736409,COC1CCN(c2nccc(Nc3cc4c(cn3)ncn4C3CCC3)n2)CC1,Ki,48.0,nM,7.32,-8.108
CHEMBL3735250,CCC(C)n1cnc2cnc(Nc3ccnc(N4CCC(OC)CC4)n3)cc21,Ki,14.0,nM,7.85,-7.987
CHEMBL3734928,COC1CCN(c2nccc(Nc3cc4c(cn3)ncn4C3CCOC3)n2)CC1,Ki,149.0,nM,6.83,-8.897
CHEMBL3736254,COC1CCN(c2nccc(Nc3cc4c(cn3)ncn4CC(F)(F)F)n2)CC1,Ki,71.0,nM,7.15,-8.083
CHEMBL3735335,COC1CCN(c2nccc(Nc3cc4c(cn3)ncn4C3CCCCC3)n2)CC1,Ki,18.0,nM,7.75,-9.395
CHEMBL3735725,COC1CCN(c2nccc(Nc3cc4c(cn3)ncn4C3CCOCC3)n2)CC1,Ki,76.0,nM,7.12,-9.537
CHEMBL3736365,COC1CCN(c2nccc(Nc3cc4c(cn3)ncn4C(C)C(F)(F)F)n2)CC1,Ki,27.0,nM,7.57,-8.849
CHEMBL3736508,COC1CCN(c2nccc(Nc3cc4c(cn3)nc(C)n4C(C)C)n2)CC1,Ki,19.0,nM,7.72,-8.774
CHEMBL3735533,Cc1nc2cnc(Nc3ccnc(N4CCC(O)CC4)n3)cc2n1C(C)C,Ki,34.0,nM,7.47,-8.187
CHEMBL3735045,Cc1nc2cnc(Nc3ccnc(N4CCC(S(C)(=O)=O)CC4)n3)cc2n1C(C)C,Ki,64.0,nM,7.19,-8.884
CHEMBL3735410,CC(C)n1cnc2cnc(Nc3ccnc(N4CCC(C(N)=O)CC4)n3)cc21,Ki,151.0,nM,6.82,-9.064
CHEMBL3735927,COC1(CN(C)C)CCN(c2nccc(Nc3cc4c(cn3)nc(C)n4C(C)C)n2)CC1,Ki,492.0,nM,6.31,-8.477
CHEMBL3735848,COCC1(OC)CCN(c2nccc(Nc3cc4c(cn3)nc(C)n4C(C)C)n2)CC1,Ki,77.0,nM,7.11,-8.578
CHEMBL3736395,COC1(CO)CCN(c2nccc(Nc3cc4c(cn3)nc(C)n4C(C)C)n2)CC1,Ki,24.0,nM,7.62,-8.545
CHEMBL3736191,COC1(CCO)CCN(c2nccc(Nc3cc4c(cn3)nc(C)n4C(C)C)n2)CC1,Ki,50.0,nM,7.3,-8.33
CHEMBL3736430,COC1(CCN)CCN(c2nccc(Nc3cc4c(cn3)nc(C)n4C(C)C)n2)CC1,Ki,28.0,nM,7.55,-8.137
CHEMBL3735689,Cc1nc2cnc(Nc3ccnc(NCC(C)(C)C(N)=O)n3)cc2n1C(C)C,Ki,22.0,nM,7.66,-8.726
CHEMBL3736480,Cc1nc2cnc(Nc3ccnc(SCC(C)(C)C(N)=O)n3)cc2n1C(C)C,Ki,658.0,nM,6.18,-8.32
CHEMBL3735892,Cc1nc2cnc(Nc3ccnc(OCC(C)(C)C(N)=O)n3)cc2n1C(C)C,Ki,196.0,nM,6.71,-8.401
CHEMBL3735638,Cc1nc2cnc(Nc3ccnc(N4CCC(C)(C(N)=O)C4)n3)cc2n1C(C)C,Ki,124.0,nM,6.91,-8.679
CHEMBL3735559,Cc1nc2cnc(Nc3ccnc(/C=C/C(C)(C)C(N)=O)n3)cc2n1C(C)C,Ki,196.0,nM,6.71,-8.647
CHEMBL3735782,Cc1nc2cnc(Nc3ccnc(NCC(C)(C)S(C)(=O)=O)n3)cc2n1C(C)C,Ki,38.0,nM,7.42,-8.173
CHEMBL3736210,Cc1nc2cnc(Nc3ccnc(OCC(C)(C)S(C)(=O)=O)n3)cc2n1C(C)C,Ki,52.0,nM,7.28,-7.984
CHEMBL3735157,Cc1nc2cnc(Nc3ccnc(/C=C/C(C)(C)O)n3)cc2n1C(C)C,Ki,323.0,nM,6.49,-7.874
CHEMBL3734877,COC1CCN(c2nccc(Nc3cc4c(cn3)nc(CO)n4C(C)C)n2)CC1,Ki,19.0,nM,7.72,-8.175
CHEMBL3736183,CO[C@H]1CCN(c2nccc(Nc3cc4c(cn3)nc(C)n4C(C)C)n2)C[C@H]1F,Ki,2.7,nM,8.57,-8.71
CHEMBL3734933,CO[C@H]1CCN(c2nccc(Nc3cc4c(cn3)nc(CO)n4C(C)C)n2)C[C@H]1F,Ki,4.3,nM,8.37,-8.371
CHEMBL3735958,Cc1nc2cnc(Nc3ccnc(N4CC[C@H](O)[C@H](F)C4)n3)cc2n1C(C)C,Ki,13.0,nM,7.89,-8.339
CHEMBL3734934,CC(C)n1c(CO)nc2cnc(Nc3ccnc(N4CC[C@H](O)[C@H](F)C4)n3)cc21,Ki,16.0,nM,7.8,-8.615
CHEMBL3735474,CO[C@H]1CCN(c2nccc(Nc3cc4c(cn3)nc(CO)n4C(C)C)n2)CC1(F)F,Ki,7.4,nM,8.13,-8.706
CHEMBL3734786,Cc1nc2cnc(Nc3ccnc(N4CC[C@H](O)C(F)(F)C4)n3)cc2n1C(C)C,Ki,9.5,nM,8.02,-8.789
CHEMBL3735740,CO[C@H]1CCN(c2nccc(Nc3cc4c(cn3)nc(C)n4C(C)C)n2)C[C@@H]1F,Ki,44.0,nM,7.36,-8.631
CHEMBL3736181,CO[C@H]1CCN(c2nccc(Nc3cc4c(cn3)nc(CO)n4C(C)C)n2)C[C@@H]1F,Ki,57.0,nM,7.24,-7.881
CHEMBL3736121,CO[C@H]1CCN(c2nccc(Nc3cc4c(cn3)nc([C@@H](C)O)n4[C@H](C)C(F)(F)F)n2)C[C@H]1F,Ki,1.1,nM,8.96,-9.262
CHEMBL3734988,C[C@@H](O)c1nc2cnc(Nc3ccnc(N4CC[C@H](O)[C@H](F)C4)n3)cc2n1[C@H](C)C(F)(F)F,Ki,2.5,nM,8.6,-8.714
CHEMBL3740577,C=CC(=O)Nc1cccc(Nc2nc(N/N=C/c3ccc(F)cc3)ncc2Cl)c1,IC50,570.0,nM,6.24,-9.529
CHEMBL3739812,C=CC(=O)Nc1cccc(Nc2nc(N/N=C/c3ccccc3F)ncc2Cl)c1,IC50,1510.0,nM,5.82,-9.569
CHEMBL3740614,C=CC(=O)Nc1cccc(Nc2nc(N/N=C/c3ccc(F)cc3F)ncc2Cl)c1,IC50,11570.0,nM,4.94,-9.766
CHEMBL3741245,C=CC(=O)Nc1cccc(Nc2nc(N/N=C(\C)c3ccc(F)cc3)ncc2Cl)c1,IC50,1290.0,nM,5.89,-9.671
CHEMBL3741436,CN(C)C/C=C/C(=O)Nc1cccc(Nc2nc(N/N=C/c3ccccc3F)ncc2Cl)c1,IC50,790.0,nM,6.1,-9.198
CHEMBL3741762,CN(C)C/C=C/C(=O)Nc1cccc(Nc2nc(N/N=C/c3ccc(F)cc3)ncc2Cl)c1,IC50,680.0,nM,6.17,-9.066
CHEMBL3742128,CN(C)C/C=C/C(=O)Nc1cccc(Nc2nc(N/N=C/c3ccc(F)cc3F)ncc2Cl)c1,IC50,2520.0,nM,5.6,-9.222
CHEMBL3740102,C/C(=N\Nc1ncc(Cl)c(Nc2cccc(NC(=O)/C=C/CN(C)C)c2)n1)c1ccc(F)cc1,IC50,2350.0,nM,5.63,-9.269
CHEMBL3741324,C/C(=N\Nc1ncc(Cl)c(Nc2cccc(NC(=O)/C=C/CN(C)C)c2)n1)c1ccccn1,IC50,2380.0,nM,5.62,-9.356
CHEMBL3742146,C/C(=N\Nc1ncc(Cl)c(Nc2cccc(NC(=O)/C=C/CN(C)C)c2)n1)c1cccnc1,IC50,4320.0,nM,5.37,-8.581
CHEMBL3741490,C#Cc1cccc(Nc2ncnc3cc(OCCO)c(OCCOC)cc23)c1,IC50,1.0,nM,9.0,-7.864
CHEMBL3747079,CC(=O)N1N=C(c2ccccc2)CC1c1ccc(C(=O)OCCn2c([N+](=O)[O-])cnc2C)cc1,IC50,9580.0,nM,5.02,-9.506
CHEMBL3747281,CC(=O)N1N=C(c2ccc(F)cc2)CC1c1ccc(C(=O)OCCn2c([N+](=O)[O-])cnc2C)cc1,IC50,5020.0,nM,5.3,-9.334
CHEMBL3747055,COc1ccc(C2=NN(C(C)=O)C(c3ccc(C(=O)OCCn4c([N+](=O)[O-])cnc4C)cc3)C2)cc1,IC50,8540.0,nM,5.07,-8.911
CHEMBL3747277,CC(=O)N1N=C(c2ccc(Cl)cc2)CC1c1ccc(C(=O)OCCn2c([N+](=O)[O-])cnc2C)cc1,IC50,7370.0,nM,5.13,-9.099
CHEMBL3747152,CC(=O)N1N=C(c2ccc(F)cc2)CC1c1ccc(C(=O)OC(C)Cn2c([N+](=O)[O-])cnc2C)cc1,IC50,6580.0,nM,5.18,-8.686
CHEMBL3746980,CC(=O)N1N=C(c2ccc(C)cc2)CC1c1ccc(C(=O)OC(C)Cn2c([N+](=O)[O-])cnc2C)cc1,IC50,25580.0,nM,4.59,-9.117
CHEMBL3746268,CC(=O)N1N=C(c2ccc(C)cc2)CC1c1ccc(C(=O)OCCn2c([N+](=O)[O-])cnc2C)cc1,IC50,10920.0,nM,4.96,-9.829
CHEMBL3747570,CC(=O)N1N=C(c2ccccc2)CC1c1ccc(C(=O)OC(C)Cn2c([N+](=O)[O-])cnc2C)cc1,IC50,12240.0,nM,4.91,-9.396
CHEMBL3754722,COc1cc(NC(=O)Nc2ccncc2)cc(-c2cncnc2)c1OC,IC50,290.46,nM,6.54,-8.194
CHEMBL3752404,O=C(Nc1ccncc1)Nc1cc(-c2cccnc2)cc(C(F)(F)F)c1,IC50,189.49,nM,6.72,-9.503
CHEMBL3752008,O=C(Nc1ccncc1)Nc1cc(-c2cncnc2)cc(C(F)(F)F)c1,IC50,14.83,nM,7.83,-9.045
CHEMBL3753886,O=C(Nc1ccncc1)Nc1cc(-c2cccnc2)ccc1OC(F)(F)F,IC50,97.22,nM,7.01,-8.854
CHEMBL3753623,COc1ccc(-c2ccc(OC(F)(F)F)c(NC(=O)Nc3ccncc3)c2)cn1,IC50,102.93,nM,6.99,-8.906
CHEMBL3752370,O=C(Nc1ccncc1)Nc1cc(-c2cncnc2)ccc1OC(F)(F)F,IC50,18.04,nM,7.74,-8.66
CHEMBL3754709,COc1cc(NC(=O)Nc2nccs2)cc(-c2cccnc2)c1OC,IC50,317.12,nM,6.5,-8.323
CHEMBL3753142,O=C(Nc1cc(-c2cccnc2)cc(C(F)(F)F)c1)Nc1nccs1,IC50,78.17,nM,7.11,-9.452
CHEMBL3751967,COc1ccc(-c2cc(NC(=O)Nc3nccs3)cc(C(F)(F)F)c2)cn1,IC50,476.66,nM,6.32,-9.287
CHEMBL3754556,O=C(Nc1cc(-c2cncnc2)cc(C(F)(F)F)c1)Nc1nccs1,IC50,71.82,nM,7.14,-9.177
CHEMBL3753811,O=C(Nc1nccs1)Nc1cc(-c2cccnc2)ccc1OC(F)(F)F,IC50,121.09,nM,6.92,-8.722
CHEMBL3753157,COc1ccc(-c2ccc(OC(F)(F)F)c(NC(=O)Nc3nccs3)c2)cn1,IC50,495.3,nM,6.3,-9.156
CHEMBL3752248,O=C(Nc1nccs1)Nc1cc(-c2cncnc2)ccc1OC(F)(F)F,IC50,71.71,nM,7.14,-8.862
CHEMBL3753532,COc1cc(NC(=O)Nc2ccccn2)cc(-c2c[nH]cn2)c1OC,IC50,24.81,nM,7.61,-8.394
CHEMBL3754301,Cn1cnc(-c2cc(NC(=O)Nc3ccncc3)cc(C(F)(F)F)c2)c1,IC50,165.6,nM,6.78,-8.908
CHEMBL3752825,Cn1cnc(-c2ccc(OC(F)(F)F)c(NC(=O)Nc3ccncc3)c2)c1,IC50,94.82,nM,7.02,-8.481
CHEMBL3752129,COc1cc(NC(=O)Nc2nccs2)cc(-c2cn(C)cn2)c1OC,IC50,362.0,nM,6.44,-7.641
CHEMBL3752916,Cn1cnc(-c2cc(NC(=O)Nc3nccs3)cc(C(F)(F)F)c2)c1,IC50,310.76,nM,6.51,-8.845
CHEMBL3753444,COc1ccc(-c2cc(NC(=O)Nc3ccncc3)cc(OC)c2OC)cn1,IC50,455.17,nM,6.34,-8.38
CHEMBL3753836,COc1cc(NC(=O)Nc2ccncc2)cc(-c2cccnc2)c1OC,IC50,131.09,nM,6.88,-8.348
CHEMBL3754057,O=C(Nc1ccccn1)Nc1cc(-c2cncnc2)ccc1OC(F)(F)F,IC50,26.56,nM,7.58,-8.704
CHEMBL3753208,O=C(Nc1ccccn1)Nc1cc(-c2cccnc2)ccc1OC(F)(F)F,IC50,90.57,nM,7.04,-9.199
CHEMBL3754785,COc1ccc(-c2cc(NC(=O)Nc3ccccn3)cc(OC)c2OC)cn1,IC50,66.59,nM,7.18,-8.402
CHEMBL3752074,COc1cc(NC(=O)Nc2ccccn2)cc(-c2cccnc2)c1OC,IC50,48.81,nM,7.31,-8.779
CHEMBL3752204,CN(C)/C=C/C(=O)Nc1cc2c(Nc3ccc(F)c(Cl)c3)ncnc2cc1O[C@H]1CCOC1,Kd,0.25,nM,9.6,-8.751
CHEMBL3633146,C=CC(=O)Nc1cccc(-n2c(=O)cc(C)c3cnc(Nc4ccc(N5CCN(C)CC5)cc4)nc32)c1,Kd,0.16,nM,9.8,-11.072
CHEMBL3758502,CC1(C)OCc2c(Nc3n[nH]c4ccccc34)nc(-c3cn[nH]c3)nc21,Ki,0.2,nM,9.7,-9.214
CHEMBL3759002,Cc1cc(Nc2nc(-c3cn[nH]c3)nc3c2COC3(C)C)n[nH]1,Ki,844.0,nM,6.07,-9.124
CHEMBL3758646,CC1(C)OCc2c(Nc3n[nH]c(Cl)c3Cl)nc(-c3cn[nH]c3)nc21,Ki,389.0,nM,6.41,-8.921
CHEMBL3758958,CC1(C)OCc2c(Nc3c[nH]c4ccccc34)nc(-c3cn[nH]c3)nc21,Ki,17.0,nM,7.77,-9.969
CHEMBL3758954,CC1(C)OCc2c(Nc3nsc4ccccc34)nc(-c3cn[nH]c3)nc21,Ki,747.0,nM,6.13,-8.981
CHEMBL3759615,CC1(C)OCc2c(Nc3n[nH]c4c(F)cccc34)nc(-c3cn[nH]c3)nc21,Ki,3.0,nM,8.52,-9.815
CHEMBL3759499,CC1(C)OCc2c(Nc3n[nH]c4cc(F)ccc34)nc(-c3cn[nH]c3)nc21,Ki,2.0,nM,8.7,-9.748
CHEMBL3758283,CC1(C)OCc2c(Nc3n[nH]c4ccc(F)cc34)nc(-c3cn[nH]c3)nc21,Ki,8.0,nM,8.1,-9.441
CHEMBL3759935,CC1(C)OCc2c(Nc3n[nH]c4cccc(F)c34)nc(-c3cn[nH]c3)nc21,Ki,17.0,nM,7.77,-10.295
CHEMBL3758948,CC1(C)OCc2c(Nc3n[nH]c4c(C(F)(F)F)cccc34)nc(-c3cn[nH]c3)nc21,Ki,134.0,nM,6.87,-9.602
CHEMBL3758602,CC1(C)OCc2c(Nc3n[nH]c4c(Cl)cccc34)nc(-c3cn[nH]c3)nc21,Ki,0.4,nM,9.4,-9.551
CHEMBL3758773,CC1(C)OCc2c(Nc3n[nH]c4cc(Cl)ccc34)nc(-c3cn[nH]c3)nc21,Ki,22.4,nM,7.65,-9.043
CHEMBL3760072,CC1(C)OCc2c(Nc3n[nH]c4c(F)cc(F)cc34)nc(-c3cn[nH]c3)nc21,Ki,10.4,nM,7.98,-10.208
CHEMBL3758700,CC1(C)OCc2c(Nc3n[nH]c4c(Cl)c(F)ccc34)nc(-c3cn[nH]c3)nc21,Ki,4.0,nM,8.4,-9.596
CHEMBL3758862,CC1(C)OCc2c(Nc3n[nH]c4c(Cl)cc(F)cc34)nc(-c3cn[nH]c3)nc21,Ki,16.0,nM,7.8,-9.512
CHEMBL3758830,Cn1nc(Nc2nc(-c3cn[nH]c3)nc3c2COC3(C)C)c2cccc(F)c21,Ki,57.0,nM,7.24,-10.101
CHEMBL3758981,CN(c1nc(-c2cn[nH]c2)nc2c1COC2(C)C)c1n[nH]c2ccccc12,Ki,519.0,nM,6.29,-8.876
CHEMBL3759442,CC1(C)OCc2c(Oc3n[nH]c4ccccc34)nc(-c3cn[nH]c3)nc21,Ki,85.0,nM,7.07,-9.437
CHEMBL3759761,CC1(C)OCc2c(C(=O)c3n[nH]c4ccccc34)nc(-c3cn[nH]c3)nc21,Ki,104.0,nM,6.98,-9.494
CHEMBL3759696,CC1(C)OCc2c(Nc3n[nH]c4ccccc34)nc(-c3c[nH]nn3)nc21,Ki,732.0,nM,6.13,-9.551
CHEMBL3759135,CC1(C)OCc2c(Nc3n[nH]c4ccccc34)nc(-c3cscn3)nc21,Ki,5.6,nM,8.25,-9.104
CHEMBL3760058,CC1(C)OCc2c(Nc3n[nH]c4ccccc34)nc(-c3cc[nH]n3)nc21,Ki,175.0,nM,6.76,-9.658
CHEMBL3759096,Cn1nccc1-c1nc(Nc2n[nH]c3ccccc23)c2c(n1)C(C)(C)OC2,Ki,1.1,nM,8.96,-9.662
CHEMBL3758739,CC1(C)OCc2c(Nc3n[nH]c4c(Cl)cccc34)nc(-c3cn[nH]c3C(F)F)nc21,Ki,1.7,nM,8.77,-10.22
CHEMBL3758939,C[C@@H](Nc1ncnc2sc(-c3cccc(C(N)=O)c3)cc12)c1ccccc1,IC50,5.0,nM,8.3,-9.502
CHEMBL3760023,C[C@@H](Nc1ncnc2sc(-c3cccc(S(C)(=O)=O)c3)cc12)c1ccccc1,IC50,26.0,nM,7.58,-9.749
CHEMBL3759085,C[C@@H](Nc1ncnc2sc(-c3ccccc3C(N)=O)cc12)c1ccccc1,IC50,276.0,nM,6.56,-10.055
CHEMBL3759199,COc1cccc(OC)c1-c1cc2c(N[C@H](CO)c3ccccc3)ncnc2s1,IC50,0.9,nM,9.05,-7.94
CHEMBL3758800,C[C@@H](Nc1ncnc2sc(-c3ccc(C(=O)NCCN(C)C)cc3)cc12)c1ccccc1,IC50,2.0,nM,8.7,-8.798
CHEMBL3758376,CN(C)CCNC(=O)c1ccc(-c2cc3c(N[C@H](CO)c4ccccc4)ncnc3s2)cc1,IC50,2.0,nM,8.7,-9.16
CHEMBL3759369,C[C@@H](Nc1ncnc2sc(-c3cccc(C(=O)NCCN(C)C)c3)cc12)c1ccccc1,IC50,0.9,nM,9.05,-9.567
CHEMBL3758278,COc1cc(C(N)=O)ccc1-c1cc2c(N[C@H](C)c3ccccc3)ncnc2s1,IC50,2.0,nM,8.7,-9.226
CHEMBL3759480,COc1cc(C(N)=O)ccc1-c1cc2c(N[C@H](CO)c3ccccc3)ncnc2s1,IC50,1.5,nM,8.82,-8.837
CHEMBL3759478,OC[C@@H](Nc1ncnc2sc(-c3ccccc3)cc12)c1ccccc1,IC50,9.0,nM,8.05,-8.955
CHEMBL3759725,COc1c(C(=O)NCCN(C)C)cccc1-c1cc2c(N[C@H](C)c3ccccc3)ncnc2s1,IC50,3.0,nM,8.52,-8.865
CHEMBL3758946,OCc1ccc(-c2cc3c(NCc4ccccc4)ncnc3s2)cc1,IC50,48.0,nM,7.32,-9.055
CHEMBL3759257,OCc1ccc(-c2cc3c(Nc4ccccc4)ncnc3s2)cc1,IC50,21.0,nM,7.68,-8.954
CHEMBL3758770,COc1cc(C(=O)NCCN(C)C)ccc1-c1cc2c(N[C@H](C)c3ccccc3)ncnc2s1,IC50,0.5,nM,9.3,-9.231
CHEMBL3758582,COc1ccc(C(=O)NCCN(C)C)cc1-c1cc2c(N[C@H](C)c3ccccc3)ncnc2s1,IC50,0.5,nM,9.3,-8.882
CHEMBL3759022,COc1cc(CO)ccc1-c1cc2c(NCc3ccccc3)ncnc2s1,IC50,5.0,nM,8.3,-9.05
CHEMBL3758768,COc1cc(CO)ccc1-c1cc2c(Nc3ccccc3)ncnc2s1,IC50,14.0,nM,7.85,-8.921
CHEMBL3758802,C#Cc1cccc(Nc2ncnc3sc(-c4ccc(CO)cc4OC)cc23)c1,IC50,5.0,nM,8.3,-8.986
CHEMBL3759900,COc1cc(C=O)ccc1-c1cc2c(NCc3ccccc3)ncnc2s1,IC50,6.0,nM,8.22,-8.756
CHEMBL3759733,COc1cc(C=O)ccc1-c1cc2c(Nc3ccccc3)ncnc2s1,IC50,20.0,nM,7.7,-8.804
CHEMBL3759986,OCc1cccc(-c2cc3c(N[C@H](CO)c4ccccc4)ncnc3s2)c1,IC50,3.0,nM,8.52,-9.26
CHEMBL3758762,C[C@@H](Nc1ncnc2sc(-c3ccc(C(N)=O)cc3)cc12)c1ccccc1,IC50,7.0,nM,8.15,-9.266
CHEMBL3758889,C[C@@H](Nc1ncnc2sc(-c3ccc(S(C)(=O)=O)cc3)cc12)c1ccccc1,IC50,41.0,nM,7.39,-9.25
CHEMBL3775664,O=C1COc2cc3ncnc(Nc4ccc(F)c(Cl)c4)c3cc2N1CCCN1CCOCC1,IC50,53.1,nM,7.28,-9.105
CHEMBL3774926,C#Cc1cccc(Nc2ncnc3cc4c(cc23)N(CCCN2CCOCC2)C(=O)CO4)c1,IC50,139.0,nM,6.86,-9.488
CHEMBL3775046,O=C1COc2cc3ncnc(Nc4ccc(F)c(Cl)c4)c3cc2N1CCCN1CCCCC1,IC50,137.9,nM,6.86,-9.89
CHEMBL3774396,C#Cc1cccc(Nc2ncnc3cc4c(cc23)N(CCCN2CCCCC2)C(=O)CO4)c1,IC50,211.4,nM,6.67,-9.351
CHEMBL3775897,Cc1cccc(Nc2ncnc3cc4c(cc23)N(CCCN2CCCCC2)C(=O)CO4)c1,IC50,456.2,nM,6.34,-10.437
CHEMBL3775112,O=C1COc2cc3ncnc(Nc4cccc(Br)c4)c3cc2N1CCCN1CCCCC1,IC50,99.0,nM,7.0,-9.111
CHEMBL3775536,O=C1COc2cc3ncnc(Nc4cccc(Cl)c4)c3cc2N1CCCN1CCCCC1,IC50,115.9,nM,6.94,-9.922
CHEMBL3774808,O=C1COc2cc3ncnc(Nc4cccc(F)c4)c3cc2N1CCCN1CCCCC1,IC50,460.0,nM,6.34,-10.27
CHEMBL3774578,Cc1ccc(Nc2ncnc3cc4c(cc23)N(CCCN2CCOCC2)C(=O)CO4)cc1Cl,IC50,162.7,nM,6.79,-10.159
CHEMBL3775148,O=C1COc2cc3ncnc(Nc4ccccc4)c3cc2N1CCCN1CCOCC1,IC50,518.6,nM,6.29,-9.202
CHEMBL3774712,Cc1ccc(Nc2ncnc3cc4c(cc23)N(CCCN2CCOCC2)C(=O)CO4)cc1,IC50,594.5,nM,6.23,-10.103
CHEMBL3774609,O=C1COc2cc3ncnc(Nc4ccc(Br)cc4)c3cc2N1CCCN1CCOCC1,IC50,823.9,nM,6.08,-9.006
CHEMBL3775911,O=C1COc2cc3ncnc(Nc4ccc(Cl)cc4)c3cc2N1CCCN1CCOCC1,IC50,353.7,nM,6.45,-8.994
CHEMBL3774471,O=C1COc2cc3ncnc(Nc4ccc(F)cc4)c3cc2N1CCCN1CCOCC1,IC50,434.1,nM,6.36,-9.047
CHEMBL3774982,O=C1COc2cc3ncnc(Nc4cccc(C(F)(F)F)c4)c3cc2N1CCCN1CCOCC1,IC50,829.2,nM,6.08,-9.205
CHEMBL3775459,Cc1cccc(Nc2ncnc3cc4c(cc23)N(CCCN2CCOCC2)C(=O)CO4)c1,IC50,186.9,nM,6.73,-10.024
CHEMBL3774906,O=C1COc2cc3ncnc(Nc4cccc(Br)c4)c3cc2N1CCCN1CCOCC1,IC50,89.6,nM,7.05,-9.445
CHEMBL3774947,O=C1COc2cc3ncnc(Nc4cccc(Cl)c4)c3cc2N1CCCN1CCOCC1,IC50,63.1,nM,7.2,-9.394
CHEMBL3775285,O=C1COc2cc3ncnc(Nc4cccc(F)c4)c3cc2N1CCCN1CCOCC1,IC50,245.1,nM,6.61,-9.644
CHEMBL3780175,COc1ccccc1Nc1cc[nH]c(=O)c1C(=O)Nc1ccc(N2CCS(=O)(=O)CC2)cc1,Ki,37.0,nM,7.43,-9.75
CHEMBL3781805,COc1ccccc1Nc1cc[nH]c(=O)c1C(=O)Nc1ccc(N2CCC(C)CC2)cc1,Ki,625.0,nM,6.2,-9.524
CHEMBL3779957,COc1ccccc1Nc1cc[nH]c(=O)c1C(=O)Nc1ccc(N2CCCN(C)CC2)cc1,Ki,12.0,nM,7.92,-9.896
CHEMBL3781897,COc1ccccc1Nc1cc[nH]c(=O)c1C(=O)Nc1ccc(C2CCN(C)CC2)cc1,Ki,15.0,nM,7.82,-10.068
CHEMBL3780563,COc1ccccc1Nc1cc[nH]c(=O)c1C(=O)Nc1ccc(CN2CCN(C)CC2)cc1,Ki,51.0,nM,7.29,-9.876
CHEMBL3780841,COc1ccccc1Nc1cc[nH]c(=O)c1-c1nc2c(C(C)C)cccc2[nH]1,Ki,58.0,nM,7.24,-9.627
CHEMBL3781817,CN(C)c1ccc(NC(=O)c2c(NCCc3cccc(Cl)c3)cc[nH]c2=O)cc1,Ki,290.0,nM,6.54,-9.581
CHEMBL3780006,O=C(Nc1ccccc1)c1c(NCCc2cccc(Cl)c2)cc[nH]c1=O,Ki,330.0,nM,6.48,-9.11
CHEMBL3780037,CN1CCN(c2ccc(NC(=O)c3c(NCCc4cccc(Cl)c4)cc[nH]c3=O)cc2)CC1,Ki,43.0,nM,7.37,-10.068
CHEMBL3781676,CN1CCN(c2ccc(NC(=O)c3c(Nc4ccncc4N)cc[nH]c3=O)cc2)CC1,Ki,145.0,nM,6.84,-9.206
CHEMBL3781993,CN1CCN(c2ccc(NC(=O)c3c(Nc4ccnc(N)n4)cc[nH]c3=O)cc2)CC1,Ki,4.0,nM,8.4,-9.644
CHEMBL3781344,CN1CCN(c2ccc(NC(=O)c3c(Nc4ccncn4)cc[nH]c3=O)cc2)CC1,Ki,95.0,nM,7.02,-9.152
CHEMBL3780509,CCc1cc(NC(=O)c2c(Nc3ccccc3OC)cc[nH]c2=O)ccc1N1CCN(C)CC1,Ki,31.0,nM,7.51,-9.381
CHEMBL3780320,COc1ccccc1Nc1cc[nH]c(=O)c1C(=O)Nc1ccc(N2CCN(C)CC2)c(C)c1,Ki,26.0,nM,7.58,-9.717
CHEMBL3781462,COc1ccccc1Nc1cc[nH]c(=O)c1C(=O)Nc1ccc(N2CCN(C)CC2)nc1,Ki,78.0,nM,7.11,-9.325
CHEMBL3781433,CN1CCN(c2ccc(NC(=O)c3c(NC[C@@H](O)c4cccc(Cl)c4)cc[nH]c3=O)cc2)CC1,Ki,18.0,nM,7.75,-9.79
CHEMBL3780553,CN1CCN(c2ccc(NC(=O)c3c(NCCc4ccc(Cl)cc4)cc[nH]c3=O)cc2)CC1,Ki,37.0,nM,7.43,-9.835
CHEMBL3780109,CN1CCN(c2ccc(NC(=O)c3c(NCCc4ccccc4)cc[nH]c3=O)cc2)CC1,Ki,49.0,nM,7.31,-9.807
CHEMBL3780709,CN1CCN(c2ccc(NC(=O)c3c(NCc4ccccc4)cc[nH]c3=O)cc2)CC1,Ki,349.0,nM,6.46,-9.754
CHEMBL3780955,CN1CCN(c2ccc(NC(=O)c3c(Nc4ccccc4Cl)cc[nH]c3=O)cc2)CC1,Ki,82.0,nM,7.09,-9.266
CHEMBL3781439,CN1CCN(c2ccc(NC(=O)c3c(Nc4cccc(Cl)c4)cc[nH]c3=O)cc2)CC1,Ki,155.0,nM,6.81,-9.114
CHEMBL3780073,Cc1ccccc1Nc1cc[nH]c(=O)c1C(=O)Nc1ccc(N2CCN(C)CC2)cc1,Ki,61.0,nM,7.21,-9.53
CHEMBL3780090,COc1ccccc1Nc1cc[nH]c(=O)c1C(=O)Nc1ccc(N2CCN(C)CC2)cc1,Ki,19.0,nM,7.72,-9.218
CHEMBL3780484,CN1CCN(c2ccc(NC(=O)c3c(Nc4ccccc4)cc[nH]c3=O)cc2)CC1,Ki,144.0,nM,6.84,-9.372
CHEMBL3780635,CN1CCN(c2ccc(NC(=O)c3c(N)cc[nH]c3=O)cc2)CC1,Ki,346.0,nM,6.46,-8.294
CHEMBL3781338,CN1CCN(c2ccc(NC(=O)c3c(Nc4ccc(Cl)cc4)cc[nH]c3=O)cc2)CC1,Ki,629.0,nM,6.2,-9.475
CHEMBL3781988,CN1CCN(c2ccc(NC(=O)c3c(Nc4ccccn4)cc[nH]c3=O)cc2)CC1,Ki,108.0,nM,6.97,-8.881
CHEMBL3787344,Cc1cc(C(=O)Nc2nc3cccc(Cl)c3n2[C@@H]2CCCCN(C(=O)/C=C/CN(C)C)C2)ccn1,IC50,4.18,nM,8.38,-10.04
CHEMBL3787112,Nc1ncnc2c1c(-c1cccc(O)c1)cn2[C@H]1C[C@@H](CN2CCC2)C1,IC50,2300.0,nM,5.64,-9.056
CHEMBL3787662,C=CC(=O)Nc1cccc(Oc2nc(Nc3ccc(N4CCN(C)CC4)cc3)nc3[nH]ccc23)c1,IC50,0.79,nM,9.1,-9.834
CHEMBL3786453,C=CC(=O)Nc1cccc(Oc2nc(Nc3ccn(C)n3)nc3[nH]ccc23)c1,IC50,7.6,nM,8.12,-9.558
CHEMBL3786962,C=CC(=O)Nc1cccc(Oc2nc(Nc3cnn(C)c3)nc3[nH]ccc23)c1,IC50,1.6,nM,8.8,-8.532
CHEMBL3787327,C=CC(=O)N1CC[C@@H](COc2nc(Nc3cnn(C)c3)nc3[nH]ccc23)C1,Ki,590.0,nM,6.23,-8.132
CHEMBL3785393,C=CC(=O)N1C[C@H](COc2nc(Nc3cnn(C)c3)nc3[nH]ccc23)[C@@H](C(F)(F)F)C1,Ki,35.0,nM,7.46,-8.918
CHEMBL3786858,C=CC(=O)N1CC[C@@H](COc2nc(Nc3cnn(C)c3)nc3[nH]cc(Cl)c23)C1,Ki,8.0,nM,8.1,-8.459
CHEMBL3786802,C=CC(=O)N1C[C@H](COc2nc(Nc3cnn(C)c3)nc3[nH]cc(Cl)c23)[C@@H](C(F)(F)F)C1,Ki,3.0,nM,8.52,-8.908
CHEMBL3787220,C=CC(=O)N1C[C@H](COc2nc(Nc3cnn(C)c3)nc3[nH]cc(Cl)c23)[C@@H](F)C1,Ki,3.0,nM,8.52,-8.483
CHEMBL3786220,C=CC(=O)N1C[C@H](COc2nc(Nc3cnn(C)c3)nc3[nH]cc(Cl)c23)[C@@H](O)C1,Ki,8.0,nM,8.1,-8.388
CHEMBL3786647,C=CC(=O)N1C[C@H](CO)[C@@H](COc2nc(Nc3cnn(C)c3)nc3[nH]cc(Cl)c23)C1,Ki,15.0,nM,7.82,-8.536
CHEMBL3786523,C=CC(=O)N1C[C@H](COC)[C@@H](COc2nc(Nc3cnn(C)c3)nc3[nH]cc(Cl)c23)C1,Ki,4.0,nM,8.4,-8.277
CHEMBL3787132,C=CC(=O)N1C[C@@H](COc2nc(Nc3cnn(C)c3)nc3[nH]cc(Cl)c23)[C@H](OC)C1,Ki,32.0,nM,7.5,-8.56
CHEMBL3787386,C#CCOc1cc2ncnc(Nc3ccc(F)c(Cl)c3)c2cc1NC(=O)C=C,Ki,2.0,nM,8.7,-8.318
CHEMBL3786812,C#CCCn1cc(Nc2nc(OC[C@H]3CN(C(=O)C=C)C[C@@H]3OC)c3c(Cl)c[nH]c3n2)cn1,Ki,10.0,nM,8.0,-8.082
CHEMBL3786098,C=CC(=O)N1C[C@H](COc2nc(Nc3cnn(C)c3)nc3[nH]cc(Cl)c23)[C@@H](OC)C1,Ki,4.0,nM,8.4,-8.611
CHEMBL1614712,Nc1ncnc2c1c(-c1cccc(OCc3ccccc3)c1)cn2[C@H]1C[C@@H](CN2CCC2)C1,IC50,5200.0,nM,5.28,-9.065
CHEMBL3799585,CCCC(=O)Nc1ccc2c(c1)/C(=C1/Nc3ccccc3/C1=N\O)C(=O)N2,IC50,8000.0,nM,5.1,-9.98
CHEMBL3800262,CC(=O)c1cccc(NC(=O)c2cc3ccccc3[nH]2)c1,IC50,57000.0,nM,4.24,-8.321
CHEMBL3797839,CC(=O)c1ccc(NC(=O)c2cc3ccccc3[nH]2)cc1,IC50,50000.0,nM,4.3,-8.506
CHEMBL3799956,O=C(c1ccccc1)c1cccc(NC(=O)c2cc3ccccc3[nH]2)c1,IC50,45000.0,nM,4.35,-9.606
CHEMBL3799345,O=C(c1ccccc1)c1ccc(NC(=O)c2cc3ccccc3[nH]2)cc1,IC50,49000.0,nM,4.31,-9.351
CHEMBL3800448,CC(O)c1cccc(NC(=O)c2cc3ccccc3[nH]2)c1,IC50,34000.0,nM,4.47,-8.271
CHEMBL3798556,CC(O)c1ccc(NC(=O)c2cc3ccccc3[nH]2)cc1,IC50,35000.0,nM,4.46,-8.33
CHEMBL3798658,O=C(Nc1cccc(C(O)c2ccccc2)c1)c1cc2ccccc2[nH]1,IC50,15000.0,nM,4.82,-9.532
CHEMBL3799332,O=C(Nc1ccc(C(O)c2ccccc2)cc1)c1cc2ccccc2[nH]1,IC50,38000.0,nM,4.42,-9.67
CHEMBL3805218,Fc1ccc(Nc2ncnc3cc(OCCCN4CCOCC4)c4c(c23)OCCO4)cc1Cl,IC50,25.86,nM,7.59,-9.382
CHEMBL3806145,C#Cc1cccc(Nc2ncnc3cc(OC4CCOCC4)c4c(c23)OCCO4)c1,IC50,57.8,nM,7.24,-9.28
CHEMBL3806222,Fc1ccc(Nc2ncnc3cc(OC4CCOCC4)c4c(c23)OCCO4)cc1Cl,IC50,58.8,nM,7.23,-9.888
CHEMBL3806170,C#Cc1cccc(Nc2ncnc3cc(OC4CCOC4)c4c(c23)OCCO4)c1,IC50,16.7,nM,7.78,-9.159
CHEMBL3805782,Fc1ccc(Nc2ncnc3cc(OC4CCOC4)c4c(c23)OCCO4)cc1Cl,IC50,20.5,nM,7.69,-9.675
CHEMBL3805584,C#Cc1cccc(Nc2ncnc3cc(OC(C)COC)c4c(c23)OCCO4)c1,IC50,76.1,nM,7.12,-8.455
CHEMBL3805775,COCC(C)Oc1cc2ncnc(Nc3ccc(F)c(Cl)c3)c2c2c1OCCO2,IC50,89.2,nM,7.05,-8.328
CHEMBL3805654,CCOC(C)Oc1cc2ncnc(Nc3ccc(F)c(C#N)c3)c2c2c1OCCO2,IC50,351.8,nM,6.45,-8.471
CHEMBL3805260,CCOC(C)Oc1cc2ncnc(Nc3ccc(C)c([N+](=O)[O-])c3)c2c2c1OCCO2,IC50,363.3,nM,6.44,-8.574
CHEMBL3806172,CCOC(C)Oc1cc2ncnc(Nc3ccc(F)c([N+](=O)[O-])c3)c2c2c1OCCO2,IC50,232.3,nM,6.63,-8.492
CHEMBL3805509,C#Cc1cccc(Nc2ncnc3cc(OC(C)C)c4c(c23)OCCO4)c1,IC50,23.7,nM,7.62,-8.706
CHEMBL3805283,CC(C)Oc1cc2ncnc(Nc3ccc(F)c(Cl)c3)c2c2c1OCCO2,IC50,29.1,nM,7.54,-9.026
CHEMBL3806321,Cc1ccc(Nc2ncnc3cc(OC(C)C)c4c(c23)OCCO4)cc1C#N,IC50,416.1,nM,6.38,-9.478
CHEMBL3805949,CC(C)Oc1cc2ncnc(Nc3ccc(F)c(C#N)c3)c2c2c1OCCO2,IC50,313.6,nM,6.5,-8.819
CHEMBL3805177,CC(C)Oc1cc2ncnc(Nc3ccc(Cl)c([N+](=O)[O-])c3)c2c2c1OCCO2,IC50,102.6,nM,6.99,-8.71
CHEMBL3805089,Cc1ccc(Nc2ncnc3cc(OC(C)C)c4c(c23)OCCO4)cc1[N+](=O)[O-],IC50,184.5,nM,6.73,-9.874
CHEMBL3805383,CC(C)Oc1cc2ncnc(Nc3ccc(F)c([N+](=O)[O-])c3)c2c2c1OCCO2,IC50,82.5,nM,7.08,-9.05
CHEMBL3805325,C#Cc1cccc(Nc2ncnc3cc(OCC4CCCO4)c4c(c23)OCCO4)c1,IC50,27.3,nM,7.56,-9.057
CHEMBL3806213,Fc1ccc(Nc2ncnc3cc(OCC4CCCO4)c4c(c23)OCCO4)cc1Cl,IC50,24.1,nM,7.62,-9.819
CHEMBL3805280,COCCOc1cc2ncnc(Nc3ccc(F)c(C#N)c3)c2c2c1OCCO2,IC50,387.8,nM,6.41,-8.455
CHEMBL3806200,COCCOc1cc2ncnc(Nc3ccc(Cl)c([N+](=O)[O-])c3)c2c2c1OCCO2,IC50,36.2,nM,7.44,-8.835
CHEMBL3805299,COCCOc1cc2ncnc(Nc3ccc(C)c([N+](=O)[O-])c3)c2c2c1OCCO2,IC50,74.6,nM,7.13,-8.705
CHEMBL3805333,COCCOc1cc2ncnc(Nc3ccc(F)c([N+](=O)[O-])c3)c2c2c1OCCO2,IC50,43.8,nM,7.36,-8.851
CHEMBL3806066,COCCOc1cc2ncnc(Nc3cccc(OC)c3)c2c2c1OCCO2,IC50,109.1,nM,6.96,-7.901
CHEMBL3806005,COCCOc1cc2ncnc(Nc3ccc(F)cc3)c2c2c1OCCO2,IC50,200.3,nM,6.7,-8.162
CHEMBL3805461,C#Cc1cccc(Nc2ncnc3cc(OCCOC)c4c(c23)OCCO4)c1,IC50,8.1,nM,8.09,-8.471
CHEMBL3806110,COCCOc1cc2ncnc(Nc3ccc(F)c(Cl)c3)c2c2c1OCCO2,IC50,10.5,nM,7.98,-8.463
CHEMBL3805859,CCOc1cc2ncnc(Nc3ccc(C)cc3)c2c2c1OCCO2,IC50,3.6,nM,8.44,-8.35
CHEMBL3805238,CCOc1cc2ncnc(Nc3cccc([N+](=O)[O-])c3)c2c2c1OCCO2,IC50,9.7,nM,8.01,-8.747
CHEMBL3804868,CCOc1cc2ncnc(Nc3ccc(C)c(Cl)c3)c2c2c1OCCO2,IC50,6.7,nM,8.17,-8.538
CHEMBL3805774,CCOc1cc2ncnc(Nc3cccc(OC)c3)c2c2c1OCCO2,IC50,4.4,nM,8.36,-8.138
CHEMBL3805039,C#Cc1cccc(Nc2ncnc3cc(OCC)c4c(c23)OCCO4)c1,IC50,9.2,nM,8.04,-8.823
CHEMBL3806248,CCOc1cc2ncnc(Nc3ccc(F)c(Cl)c3)c2c2c1OCCO2,IC50,2.0,nM,8.7,-8.839
CHEMBL3805236,C#Cc1cccc(Nc2ncnc3cc(OC)c4c(c23)OCCO4)c1,IC50,10.9,nM,7.96,-9.088
CHEMBL3806292,COc1cc2ncnc(Nc3ccc(F)c(Cl)c3)c2c2c1OCCO2,IC50,22.5,nM,7.65,-8.914
CHEMBL3805681,Clc1cccc(Nc2ncnc3cc(OCCCN4CCOCC4)c4c(c23)OCCO4)c1,IC50,21.95,nM,7.66,-9.213
CHEMBL3804886,Fc1cccc(Nc2ncnc3cc(OCCCN4CCOCC4)c4c(c23)OCCO4)c1,IC50,83.88,nM,7.08,-9.272
CHEMBL3805588,FC(F)(F)c1cccc(Nc2ncnc3cc(OCCCN4CCOCC4)c4c(c23)OCCO4)c1,IC50,97.18,nM,7.01,-9.474
CHEMBL48802,C[S+]([O-])CCCCN=C=S,IC50,9000.0,nM,5.05,-4.142
CHEMBL3809045,S=C=Nc1ccc2ncnc(Nc3cccc(Br)c3)c2c1,IC50,880.0,nM,6.06,-7.979
CHEMBL3815045,CCn1c(-c2nc(-c3cnn(C4CCN(C)CC4)c3)cnc2N)nc2ccccc21,IC50,50.0,nM,7.3,-9.261
CHEMBL3813979,CN1CCC(n2cc(-c3cnc(N)c(-c4nc5ccccc5[nH]4)n3)cn2)CC1,IC50,290.0,nM,6.54,-9.414
CHEMBL3814878,C=CC(=O)NCCCn1c(-c2nc(-c3cnn(C4CCN(C)CC4)c3)cnc2N)nc2ccccc21,IC50,200.0,nM,6.7,-9.781
CHEMBL3813746,C=CC(=O)NCCn1c(-c2nc(-c3cnn(C4CCN(C)CC4)c3)cnc2N)nc2ccccc21,IC50,2200.0,nM,5.66,-9.245
CHEMBL3814959,NC(=O)Nc1ccc2ncnc(Nc3ccc(Br)cc3)c2c1,IC50,0.803,nM,9.1,-8.852
CHEMBL2031296,CC(=O)Nc1ccc2ncnc(Nc3cccc(Br)c3)c2c1,IC50,1.01,nM,9.0,-8.614
CHEMBL3814447,C#Cc1cccc(Nc2ncnc3ccc(NC(N)=O)cc23)c1,IC50,2.22,nM,8.65,-8.85
CHEMBL3815074,C#Cc1cccc(Nc2ncnc3ccc(NC(C)=O)cc23)c1,IC50,2.04,nM,8.69,-8.818
CHEMBL3814211,NC(=O)Nc1ccc2ncnc(Nc3ccc(F)c(Cl)c3)c2c1,IC50,0.854,nM,9.07,-8.852
CHEMBL3814257,CC(=O)Nc1ccc2ncnc(Nc3ccc(F)c(Cl)c3)c2c1,IC50,0.662,nM,9.18,-8.909
CHEMBL3814320,O=C(NCCN1CCOCC1)Nc1ccc2ncnc(Nc3cccc(Br)c3)c2c1,IC50,1.43,nM,8.85,-8.966
CHEMBL3814882,O=C(NCCN1CCCCC1)Nc1ccc2ncnc(Nc3cccc(Br)c3)c2c1,IC50,0.772,nM,9.11,-8.898
CHEMBL3815161,O=C(NCCN1CCOCC1)Nc1ccc2ncnc(Nc3ccc(F)c(Cl)c3)c2c1,IC50,2.92,nM,8.54,-9.255
CHEMBL3814956,O=C(NCCN1CCCCC1)Nc1ccc2ncnc(Nc3ccc(F)c(Cl)c3)c2c1,IC50,1.06,nM,8.97,-9.146
CHEMBL3814445,Fc1ccc(Nc2ncnc3ccc(NC(=S)NCCN4CCOCC4)cc23)cc1Cl,IC50,2.25,nM,8.65,-8.601
CHEMBL3814694,Fc1ccc(Nc2ncnc3ccc(NC(=S)NCCN4CCCCC4)cc23)cc1Cl,IC50,3.7,nM,8.43,-9.016
CHEMBL3815163,S=C(NCCN1CCOCC1)Nc1ccc2ncnc(Nc3cccc(Br)c3)c2c1,IC50,1.81,nM,8.74,-8.013
CHEMBL3814182,S=C(NCCN1CCOCC1)Nc1ccc2ncnc(Nc3ccc(Cl)c(Cl)c3)c2c1,IC50,9.05,nM,8.04,-8.664
CHEMBL3814816,S=C(NCCN1CCOCC1)Nc1ccc2ncnc(Nc3ccc(Cl)cc3)c2c1,IC50,5.06,nM,8.3,-8.764
CHEMBL3813876,Fc1ccc(Nc2ncnc3ccc(NC(=S)NCCCN4CCOCC4)cc23)cc1Cl,IC50,390.0,nM,6.41,-8.73
CHEMBL3818062,COc1cc2ncnc(Nc3ccc(F)c(Cl)c3)c2cc1NC(=O)[C@H]1NC(=O)O[C@@H]1C,IC50,0.35,nM,9.46,-9.265
CHEMBL3818547,COc1cc2ncnc(Nc3ccc(F)c(Cl)c3)c2cc1NC(=O)[C@@H]1COC(=O)N1,IC50,0.31,nM,9.51,-9.139
CHEMBL3818015,COc1cc2ncnc(Nc3cccc(Br)c3)c2cc1NC(=O)[C@@H]1COC(=O)N1,IC50,0.38,nM,9.42,-8.958
CHEMBL3818563,CCOc1cc2ncnc(N[C@@H](C)c3ccccc3)c2cc1NC(=O)[C@@H]1COC(=O)N1,IC50,0.71,nM,9.15,-9.456
CHEMBL3818970,CCOc1cc2ncnc(Nc3ccc(OCC4CC4)c(Cl)c3)c2cc1NC(=O)[C@@H]1COC(=O)N1,IC50,37.81,nM,7.42,-8.988
CHEMBL3828269,Cn1cc(-c2ccc3ncnc(Nc4ccc(F)c(Cl)c4)c3c2)cn1,IC50,2.97,nM,8.53,-9.73
CHEMBL3828079,Cn1cc(-c2ccc3ncnc(Nc4ccc5ncccc5c4)c3c2)cn1,IC50,44.1,nM,7.36,-9.859
CHEMBL3828021,C#Cc1cccc(Nc2ncnc3ccc(-c4cnn(C)c4)cc23)c1,IC50,3.58,nM,8.45,-9.383
CHEMBL3828092,Fc1ccc(Nc2ncnc3ccc(-c4cnn(C5CCNCC5)c4)cc23)cc1Cl,IC50,31.9,nM,7.5,-9.959
CHEMBL3827349,c1cnc2ccc(Nc3ncnc4ccc(-c5cnn(C6CCNCC6)c5)cc34)cc2c1,IC50,28.2,nM,7.55,-11.076
CHEMBL3902295,O=C(CCl)OCCn1c(=O)oc2cc3ncnc(Nc4ccc(F)c(F)c4)c3cc21,IC50,4700.0,nM,5.33,-8.763
CHEMBL3908711,O=C(CBr)OCCn1c(=O)oc2cc3ncnc(Nc4ccc(F)c(Cl)c4)c3cc21,IC50,460.0,nM,6.34,-8.96
CHEMBL3917657,CC(C)(C)c1ccc(Nc2ncnc3cc4oc(=O)n(CCOC(=O)CBr)c4cc23)cc1,IC50,870.0,nM,6.06,-9.39
CHEMBL3906330,O=C(CBr)OCCn1c(=O)oc2cc3ncnc(Nc4ccc(F)c(F)c4)c3cc21,IC50,300.0,nM,6.52,-8.879
CHEMBL3910361,C#Cc1cccc(Nc2ncnc3cc4oc(=O)n(CCOC(=O)CBr)c4cc23)c1,IC50,5200.0,nM,5.28,-9.083
CHEMBL3940060,O=C(CCl)OCCn1c(=O)oc2cc3ncnc(Nc4ccc(F)c(Cl)c4)c3cc21,IC50,330.0,nM,6.48,-8.83
CHEMBL3921347,CCC(=O)Nc1cc2c(Nc3ccc4[nH]ncc4c3)ncnc2cc1OC,IC50,79.0,nM,7.1,-8.658
CHEMBL3963723,CCC(=O)Nc1cc2c(Nc3ccc4[nH]ccc4c3)ncnc2cc1OC,IC50,6.0,nM,8.22,-8.657
CHEMBL3930316,CCC(=O)Nc1cc2c(Nc3ccc(F)c(Cl)c3)ncnc2cc1OC,IC50,2.0,nM,8.7,-8.388
CHEMBL3957801,CCC(=O)Nc1cc2c(Nc3ccc(F)c(Cl)c3)ncnc2cc1OCCCN1CCOCC1,IC50,9.0,nM,8.05,-8.258
CHEMBL3918330,C/C=C/C(=O)Nc1cc2c(Nc3ccc(F)c(Cl)c3)ncnc2cc1OCCCN1CCOCC1,IC50,22.0,nM,7.66,-8.591
CHEMBL3974571,C=C(C)C(=O)Nc1cc2c(Nc3ccc(F)c(Cl)c3)ncnc2cc1OCCCN1CCOCC1,IC50,21.0,nM,7.68,-8.662
CHEMBL3919183,CCC(=O)Nc1cc2c(Nc3ccc4c(cnn4Cc4ccccn4)c3)ncnc2cc1OC,IC50,94.0,nM,7.03,-9.557
CHEMBL3960911,CCC(=O)Nc1cc2c(Nc3ccc4c(c3)CCN4Cc3ccccn3)ncnc2cc1OC,IC50,519.0,nM,6.29,-9.772
CHEMBL3934539,CCC(=O)Nc1cc2c(NCc3ccccc3)ncnc2cc1OC,IC50,136.0,nM,6.87,-8.412
CHEMBL3973028,CCC(=O)Nc1cc2c(N[C@H](C)c3ccccc3)ncnc2cc1OC,IC50,86.0,nM,7.07,-8.454
CHEMBL3951754,CCC(=O)Nc1cc2c(Nc3ccc(Oc4cccnc4)cc3)ncnc2cc1OC,IC50,531.0,nM,6.28,-8.772
CHEMBL3980622,CCC(=O)Nc1cc2c(Nc3ccc(Cc4ccccn4)cc3)ncnc2cc1OC,IC50,205.0,nM,6.69,-9.092
CHEMBL3942999,CCC(=O)Nc1cc2c(Nc3ccc(Cc4ccncc4)cc3)ncnc2cc1OC,IC50,388.0,nM,6.41,-9.076
CHEMBL3972605,CCC(=O)Nc1cc2c(Nc3ccc(C(O)c4ccccc4)cc3)ncnc2cc1OC,IC50,343.0,nM,6.46,-9.189
CHEMBL3925158,CCC(=O)Nc1cc2c(Nc3ccc(OCc4ccccn4)cc3)ncnc2cc1OC,IC50,116.0,nM,6.94,-9.057
CHEMBL3970738,CCC(=O)Nc1cc2c(Nc3ccc(NS(=O)(=O)c4ccccc4)cc3)ncnc2cc1OC,IC50,65.0,nM,7.19,-9.3
CHEMBL3941175,CCC(=O)Nc1cc2c(Nc3ccc(NS(=O)(=O)c4ccccc4)c(F)c3)ncnc2cc1OC,IC50,593.0,nM,6.23,-9.485
CHEMBL3923650,CCC(=O)Nc1cc2c(Nc3ccc(NS(=O)(=O)c4ccccc4)nc3)ncnc2cc1OC,IC50,522.0,nM,6.28,-9.045
CHEMBL3930965,COc1cc2ncnc(Nc3ccc(Cc4ccccn4)cc3)c2cc1NC(=O)/C=C/CN1CCCC1,IC50,29.0,nM,7.54,-9.563
CHEMBL3968417,CN(C)C/C=C/C(=O)Nc1cc2c(Nc3ccc(F)c(Cl)c3)ncnc2cn1,IC50,1.0,nM,9.0,-8.486
CHEMBL3930506,O=C(/C=C/CN1CCCCC1)Nc1cc2c(Nc3ccc(F)c(Cl)c3)ncnc2cn1,IC50,2.0,nM,8.7,-9.174
CHEMBL3958006,O=C(/C=C/CN1CCOCC1)Nc1cc2c(Nc3ccc(F)c(Cl)c3)ncnc2cn1,IC50,2.0,nM,8.7,-9.271
CHEMBL3921555,CN1CCN(C/C=C/C(=O)Nc2cc3c(Nc4ccc(F)c(Cl)c4)ncnc3cn2)CC1,IC50,9.0,nM,8.05,-9.302
CHEMBL3949347,CN(C)C/C=C/C(=O)Nc1cc2c(Nc3ccc4c(cnn4Cc4ccccc4)c3)ncnc2cn1,IC50,3.0,nM,8.52,-9.591
CHEMBL3977504,CN(C)C/C=C/C(=O)Nc1cc2c(Nc3ccc(Oc4ccccc4)cc3)ncnc2cn1,IC50,14.0,nM,7.85,-8.789
CHEMBL3969056,CN(C)C/C=C/C(=O)Nc1cc2c(Nc3ccc(Cc4ccccn4)cc3)ncnc2cn1,IC50,10.0,nM,8.0,-8.843
CHEMBL3967962,O=C(/C=C/CN1CCCC1)Nc1cc2c(Nc3ccc(Cc4ccccn4)cc3)ncnc2cn1,IC50,10.0,nM,8.0,-9.584
CHEMBL3921446,CN1CCN(C/C=C/C(=O)Nc2cc3c(Nc4ccc(Cc5ccccn5)cc4)ncnc3cn2)CC1,IC50,100.0,nM,7.0,-9.515
CHEMBL3952877,COC[C@@H](Nc1ncnc2oc(-c3ccccc3)cc12)c1ccccc1,IC50,28.0,nM,7.55,-9.009
CHEMBL3981621,c1ccc(CNc2ncnc3oc(-c4ccccc4)cc23)cc1,IC50,93.0,nM,7.03,-8.739
CHEMBL3961553,OC[C@@H](Nc1ncnc2oc(-c3ccc(O)cc3)cc12)c1ccccc1,IC50,2.0,nM,8.7,-8.797
CHEMBL3892567,OC[C@@H](Nc1ncnc2oc(-c3ccccc3)cc12)c1ccccc1,IC50,3.9,nM,8.41,-8.903
CHEMBL3961961,COc1ccc(-c2cc3c(N[C@H](CCO)c4ccccc4)ncnc3o2)cc1,IC50,4.0,nM,8.4,-8.609
CHEMBL3934461,COc1ccc(-c2cc3c(NC(CC(N)=O)c4ccccc4)ncnc3o2)cc1,IC50,22.0,nM,7.66,-9.067
CHEMBL3943438,COC[C@@H](Nc1ncnc2oc(-c3ccc(OC)cc3)cc12)c1ccccc1,IC50,14.0,nM,7.85,-8.76
CHEMBL3939429,COc1ccc(-c2cc3c(NCc4ccccc4)ncnc3o2)cc1,IC50,74.0,nM,7.13,-9.131
CHEMBL3952157,COc1ccc(-c2cc3c(N[C@H](CO)c4ccccc4)ncnc3o2)cc1,IC50,2.7,nM,8.57,-8.69
CHEMBL3960853,C[C@@H](Nc1ncnc2oc(-c3ccc(NCCN4CCOCC4)cc3)cc12)c1ccccc1,IC50,1.1,nM,8.96,-9.414
CHEMBL3928512,C[C@@H](Nc1ncnc2oc(-c3ccccc3O)cc12)c1ccccc1,IC50,2.0,nM,8.7,-9.134
CHEMBL3956112,C[C@@H](Nc1ncnc2oc(-c3cccc(O)c3)cc12)c1ccccc1,IC50,4.6,nM,8.34,-9.657
CHEMBL3919609,C[C@@H](Nc1ncnc2oc(-c3ccc(O)cc3)cc12)c1ccccc1,IC50,1.5,nM,8.82,-9.377
CHEMBL3975699,C[C@@H](Nc1ncnc2oc(-c3ccc(C#N)cc3)cc12)c1ccccc1,IC50,44.0,nM,7.36,-9.502
CHEMBL3954370,O=C(Nc1nc2ccccc2n1[C@H]1CC[C@H](O)CC1)c1cccc(C(F)(F)F)c1,IC50,260.0,nM,6.58,-10.113
CHEMBL3960167,Cc1cc(C(=O)Nc2nc3cccc(C)c3n2[C@@H]2CCCCN(C(=O)/C=C/CN(C)C)C2)ccn1,IC50,2.11,nM,8.68,-9.942
CHEMBL3966111,C=CC(=O)NCCCn1c(NC(=O)c2cccc(C(F)(F)F)c2)nc2cc(C)ccc21,IC50,50.0,nM,7.3,-9.867
CHEMBL3953921,C=CC(=O)N1CCCC(n2c(NC(=O)c3cccc(C(F)(F)F)c3)nc3cc(C)ccc32)C1,IC50,20.0,nM,7.7,-10.392
CHEMBL3982602,C=CC(=O)N1CCC(n2c(NC(=O)c3cccc(C(F)(F)F)c3)nc3cc(C)ccc32)CC1,IC50,16460.0,nM,4.78,-10.595
CHEMBL3985086,C=CC(=O)Nc1cccc(Nc2nc(Nc3ccc(Cn4ccnc4)cc3OC)ncc2Cl)c1,IC50,109.0,nM,6.96,-8.683
CHEMBL3967512,C=CC(=O)Nc1cccc(Nc2nc(Nc3ccc(Cn4ccnc4)cc3)ncc2Cl)c1,IC50,3.3,nM,8.48,-10.206
CHEMBL3930539,C=CC(=O)Nc1cccc(Nc2nc(Nc3ccc(Cn4ccnc4)cc3)ncc2F)c1,IC50,9.0,nM,8.05,-10.35
CHEMBL3977022,C=CC(=O)Nc1cccc(Nc2nc(Nc3ccc(OCCn4cncn4)cc3)ncc2Cl)c1,IC50,103.4,nM,6.99,-8.273
CHEMBL3956430,C=CC(=O)Nc1cccc(Nc2nc(Nc3ccc(OCCn4ccnc4)cc3)ncc2F)c1,IC50,9.1,nM,8.04,-8.802
CHEMBL3903063,C=CC(=O)Nc1cccc(Nc2nc(Nc3ccc(NC(=O)Cn4ccnc4)cc3)ncc2[N+](=O)[O-])c1,IC50,118.7,nM,6.93,-9.684
CHEMBL3931038,C=CC(=O)Nc1cccc(Nc2nc(Nc3ccc(-n4ccnc4)cc3)ncc2[N+](=O)[O-])c1,IC50,98.2,nM,7.01,-9.592
CHEMBL3921664,CC(C)S(=O)(=O)c1ccccc1Nc1nc(N/N=C/c2ccc(F)cc2)ncc1Cl,IC50,570.0,nM,6.24,-8.653
CHEMBL3894726,COc1ccc(/C=N/Nc2ncc(Cl)c(Nc3ccccc3S(=O)(=O)C(C)C)n2)cc1,IC50,587.0,nM,6.23,-9.237
CHEMBL3905284,COc1cccc(/C=N/Nc2ncc(Cl)c(Nc3ccccc3S(=O)(=O)C(C)C)n2)c1,IC50,601.0,nM,6.22,-8.644
CHEMBL3924500,S=C(NNc1nncc2ccccc12)Nc1ccccc1,IC50,65.0,nM,7.19,-8.807
CHEMBL3905411,CCCCNC(=S)NNc1nncc2ccccc12,IC50,52.0,nM,7.28,-7.017
CHEMBL1380839,CCN=C(S)NNc1nncc2ccccc12,IC50,76.0,nM,7.12,-7.398
CHEMBL3977192,NC(=S)NNc1nncc2ccccc12,IC50,77.0,nM,7.11,-7.433
CHEMBL3906533,CCOC(=O)c1ccc(Nc2nncc3ccccc23)cc1,IC50,4.4,nM,8.36,-8.19
CHEMBL3937949,O=C(O)c1ccc(Nc2nncc3ccccc23)cc1,IC50,6.2,nM,8.21,-8.42
CHEMBL3915508,N#Cc1ccc(Nc2nncc3ccccc23)cc1,IC50,4.1,nM,8.39,-8.233
CHEMBL3979610,Fc1ccc(Nc2nncc3ccccc23)cc1,IC50,6.0,nM,8.22,-8.521
CHEMBL3950630,Cc1cc(C)nc(NS(=O)(=O)c2ccc(Nc3nncc4ccccc34)cc2)n1,IC50,6.7,nM,8.17,-9.654
CHEMBL3908272,O=S(=O)(Nc1ncccn1)c1ccc(Nc2nncc3ccccc23)cc1,IC50,86.0,nM,7.07,-9.234
CHEMBL3978686,O=S(=O)(Nc1ccccn1)c1ccc(Nc2nncc3ccccc23)cc1,IC50,84.0,nM,7.08,-9.461
CHEMBL3899216,Cc1cc(NS(=O)(=O)c2ccc(Nc3nncc4ccccc34)cc2)no1,IC50,130.0,nM,6.89,-9.234
CHEMBL3970399,O=S(=O)(Nc1nccs1)c1ccc(Nc2nncc3ccccc23)cc1,IC50,88.0,nM,7.06,-9.031
CHEMBL3926223,NS(=O)(=O)c1ccc(Nc2nncc3ccccc23)cc1,IC50,140.0,nM,6.85,-8.51
CHEMBL3896476,S=C(NNc1nncc2ccccc12)Nc1ccc(Cl)cc1,IC50,64.0,nM,7.19,-8.901
CHEMBL3927914,COc1ccc(NC(=S)NNc2nncc3ccccc23)cc1,IC50,53.0,nM,7.28,-8.439
CHEMBL3938794,O=C1CS/C(=N/Nc2nncc3ccccc23)N1,IC50,51.0,nM,7.29,-8.104
CHEMBL3893698,CCN1C(=O)CS/C1=N/Nc1nncc2ccccc12,IC50,47.0,nM,7.33,-8.6
CHEMBL3921710,CCCCN1C(=O)CS/C1=N/Nc1nncc2ccccc12,IC50,23.0,nM,7.64,-8.3
CHEMBL3982619,O=C1CS/C(=N/Nc2nncc3ccccc23)N1c1ccccc1,IC50,45.0,nM,7.35,-8.821
CHEMBL3912723,O=C1CS/C(=N/Nc2nncc3ccccc23)N1c1ccc(Cl)cc1,IC50,42.0,nM,7.38,-8.695
CHEMBL3974626,COc1ccc(N2C(=O)CS/C2=N/Nc2nncc3ccccc23)cc1,IC50,36.0,nM,7.44,-8.917
CHEMBL3930620,O=C(CCCCCCn1cc(-c2ccc3ncnc(Nc4cccc(Cl)c4F)c3c2)nn1)NO,IC50,0.12,nM,9.92,-9.155
CHEMBL3929484,O=C(CCCCCn1cc(-c2ccc3ncnc(Nc4cccc(Cl)c4F)c3c2)nn1)NO,IC50,0.27,nM,9.57,-9.171
CHEMBL3957055,O=C(CCCCCCn1cc(-c2ccc3ncnc(Nc4ccc(F)c(Cl)c4)c3c2)nn1)NO,IC50,0.69,nM,9.16,-8.982
CHEMBL3920583,O=C(CCCCCn1cc(-c2ccc3ncnc(Nc4ccc(F)c(Cl)c4)c3c2)nn1)NO,IC50,0.65,nM,9.19,-8.883
CHEMBL3883652,Cc1cccc(Nc2ccnc(Nc3ccc(N4CCN(C)CC4)cc3)n2)c1,IC50,11000.0,nM,4.96,-9.06
CHEMBL3884319,CC1(C)C(=O)N([C@H]2CCc3c(O)cccc32)c2nc(Nc3ccccc3)ncc21,IC50,10000.0,nM,5.0,-9.609
CHEMBL3883534,C=CC(=O)Nc1cc2c(Nc3ccc(F)c(Cl)c3)ncnc2cc1OC,Ki,0.14,nM,9.85,-8.297
CHEMBL3917723,COC(=O)CNC(=O)c1ccc(Nc2ncnc3cc(OCCN4CCCCC4)c(OC)cc23)cc1,IC50,9941.0,nM,5.0,-8.603
CHEMBL3909214,O=C(CCCOc1ccc2ncnc(Nc3ccc(F)c(Cl)c3)c2c1)NO,IC50,100.0,nM,7.0,-8.98
CHEMBL3979482,C#Cc1cccc(Nc2ncnc3ccc(OCCCC(=O)NO)cc23)c1,IC50,100.0,nM,7.0,-9.323
CHEMBL3912598,C#Cc1cccc(Nc2ncnc3ccc(OCCCCCC(=O)NO)cc23)c1,IC50,100.0,nM,7.0,-8.774
CHEMBL3975990,C#Cc1cccc(Nc2ncnc3ccc(OCCCCCCC(=O)NO)cc23)c1,IC50,100.0,nM,7.0,-8.301
CHEMBL3924787,C[C@@H](Nc1ncnc2ccc(OCCCCCC(=O)NO)cc12)c1ccccc1,IC50,100.0,nM,7.0,-9.069
CHEMBL3984008,C[C@@H](Nc1ncnc2ccc(OCCCCCCC(=O)NO)cc12)c1ccccc1,IC50,100.0,nM,7.0,-8.49
CHEMBL2309506,COc1cc2ncnc(N[C@H](C)c3ccc(F)cc3)c2cc1OCCCCCCC(=O)NO,IC50,100.0,nM,7.0,-8.645
CHEMBL3917951,COc1cc2ncnc(NCCc3ccccc3)c2cc1OCCCCCCC(=O)NO,IC50,100.0,nM,7.0,-8.542
CHEMBL3914607,COc1cc2ncnc(NCc3ccc(F)c(F)c3)c2cc1OCCCCCCC(=O)NO,IC50,100.0,nM,7.0,-8.575
CHEMBL3910297,C[C@@H](Nc1ncnc2[nH]c(-c3ccc(CNCC(=O)NO)cc3)cc12)c1ccccc1,IC50,1000.0,nM,6.0,-10.135
CHEMBL3965391,C=CC(=O)N1CC[C@H](Oc2cc3c(Nc4ccc(F)c(Cl)c4F)ncnc3cc2OC)C1,IC50,1.3,nM,8.89,-9.538
CHEMBL3968784,C=CC(=O)N1CC[C@H](Oc2cc3c(Nc4ccc(Cl)c(Cl)c4F)ncnc3cc2OC)C1,IC50,1.3,nM,8.89,-9.264
CHEMBL3919447,C=CC(=O)N1CC[C@H](Oc2cc3c(N[C@H](C)c4ccccc4)ncnc3cc2OC)C1,IC50,12.0,nM,7.92,-8.799
CHEMBL3940909,C=CC(=O)N1CC[C@H](Oc2ccc3ncnc(Nc4ccc(F)c(Cl)c4F)c3c2)C1,IC50,9.0,nM,8.05,-10.212
CHEMBL3909201,C=CC(=O)N1CC(Oc2cc3c(Nc4ccc(F)c(Cl)c4F)ncnc3cc2OC)C1,IC50,0.7,nM,9.15,-9.234
CHEMBL3970231,C=CC(=O)N1CCC(Oc2cc3c(Nc4ccc(F)c(Cl)c4F)ncnc3cc2OC)CC1,IC50,1.1,nM,8.96,-9.538
CHEMBL3926558,C=CC(=O)N1CC(Oc2cc3c(N[C@H](C)c4ccccc4)ncnc3cc2OC)C1,IC50,6.0,nM,8.22,-9.325
CHEMBL3954587,C=CC(=O)N1CC(Oc2cc3c(Nc4cccc(Cl)c4F)ncnc3cc2OC)C1,IC50,4.0,nM,8.4,-9.152
CHEMBL3914159,C=CC(=O)N1CC(Oc2cc3c(Nc4ccc(Cl)c(Cl)c4F)ncnc3cc2OC)C1,IC50,4.5,nM,8.35,-9.039
CHEMBL3898690,C=CC(=O)N1CC(Oc2cc3c(Nc4cccc(Cl)c4)ncnc3cc2OC)C1,IC50,1.6,nM,8.8,-8.743
CHEMBL3898447,C=CC(=O)N1CCC(Oc2cc3c(Nc4cccc(Cl)c4F)ncnc3cc2OC)CC1,IC50,5.0,nM,8.3,-9.383
CHEMBL3932286,C=CC(=O)N1CCC(Oc2cc3c(Nc4cccc(Cl)c4)ncnc3cc2OC)CC1,IC50,4.2,nM,8.38,-8.901
CHEMBL3900054,COc1cc2ncnc(Nc3cccc(Cl)c3F)c2cc1OC1CCN(C(=O)CO)CC1,IC50,204.0,nM,6.69,-9.101
CHEMBL3916927,C=CC(=O)N1CC(Oc2cc3c(Nc4ccc(F)c(Cl)c4)ncnc3cc2OC)C1,IC50,1.3,nM,8.89,-8.987
CHEMBL3971939,C=CC(=O)N1CCC(Oc2cc3c(Nc4cccc(C)c4)ncnc3cc2OC)CC1,IC50,9.3,nM,8.03,-9.087
CHEMBL3935007,C=CC(=O)N1CCC(Oc2cc3c(Nc4cccc(Br)c4)ncnc3cc2OC)CC1,IC50,7.1,nM,8.15,-8.882
CHEMBL3978740,C=CC(=O)N1CCC(Oc2cc3c(Nc4cccc(C(F)(F)F)c4)ncnc3cc2OC)CC1,IC50,16.2,nM,7.79,-9.099
CHEMBL3961848,C=CC(=O)N1CCC(Oc2cc3c(Nc4cccc(C=C)c4)ncnc3cc2OC)CC1,IC50,3.0,nM,8.52,-8.82
CHEMBL3944702,COc1cc(Nc2ncnc3cc(OCC4CN(C)CCO4)c(OC)cc23)c(OC)cc1Cl,IC50,50.0,nM,7.3,-8.428
CHEMBL3655339,O=C(/C=C/[C@@H]1CCCN1)N1CCc2c(sc3ncnc(Nc4ccc(F)c(Cl)c4)c23)C1,IC50,2.0,nM,8.7,-9.437
CHEMBL3655340,CN1CCC[C@H]1/C=C/C(=O)N1CCc2c(sc3ncnc(Nc4ccc(F)c(Cl)c4)c23)C1,IC50,1.0,nM,9.0,-9.338
CHEMBL3655343,CN(C)C/C=C/C(=O)N1Cc2sc3ncnc(Nc4ccc(F)c(Cl)c4)c3c2C1,IC50,12.0,nM,7.92,-8.789
CHEMBL3655347,CC(C)N(C)C/C=C/C(=O)N1CCc2c(oc3ncnc(Nc4ccc(F)c(Cl)c4)c23)C1,IC50,1.0,nM,9.0,-9.029
CHEMBL3655348,CN(C)C/C=C/C(=O)N1CCc2c(sc3ncc(C#N)c(Nc4ccc(F)c(Cl)c4)c23)C1,IC50,10.0,nM,8.0,-8.766
CHEMBL3671481,C=CC(=O)Nc1cc2c(Nc3ccc(F)c(F)c3F)ncnc2cc1OCC1CCN(C(C)=O)CC1,IC50,26.0,nM,7.58,-10.156
CHEMBL3671490,C=CC(=O)Nc1cc2c(Nc3ccc(Br)cc3F)ncnc2cc1OCCCNC,IC50,3.0,nM,8.52,-8.22
CHEMBL3671491,C=CC(=O)Nc1cc2c(Nc3ccc(Br)cc3F)ncnc2cc1OCCNC(C)=O,IC50,2.0,nM,8.7,-8.643
CHEMBL3671492,C=CC(=O)Nc1cc2c(Nc3ccc(Br)cc3F)ncnc2cc1OCCN(C)C,IC50,9.0,nM,8.05,-8.158
CHEMBL3671497,C=CC(=O)Nc1cc2c(Nc3ccc(Br)cc3F)ncnc2cc1OCCNC(N)=O,IC50,4.0,nM,8.4,-8.371
CHEMBL3671502,C=CC(=O)Nc1cc2c(Nc3ccc(Br)cc3F)ncnc2cc1OCCN,IC50,4.0,nM,8.4,-7.947
CHEMBL3671503,C=CC(=O)Nc1cc2c(Nc3ccc(Br)cc3F)ncnc2cc1OCCNC,IC50,96.0,nM,7.02,-8.285
CHEMBL3671505,C=CC(=O)Nc1cc2c(Nc3ccc(Br)cc3F)ncnc2cc1OCCOC,IC50,25.0,nM,7.6,-8.316
CHEMBL3671540,C=CC(=O)Nc1cc2c(Nc3ccc(F)cc3F)ncnc2cc1OCCNC(=O)CN(C)C,IC50,156.0,nM,6.81,-8.168
CHEMBL3671547,CCC(=O)Nc1cc2c(Nc3ccc(Br)cc3F)ncnc2cc1OCCNC(C)=O,IC50,866.0,nM,6.06,-8.736
CHEMBL3671578,C=CC(=O)Nc1cc2c(Nc3ccc(Br)cc3F)ncnc2cc1OCC1=NCCO1,IC50,125.0,nM,6.9,-8.933
CHEMBL3671580,C=CC(=O)Nc1cc2c(Nc3ccc(F)c(Cl)c3)ncnc2cc1OCCNC(C)=O,IC50,12.0,nM,7.92,-8.804
CHEMBL3671581,C=CC(=O)Nc1cc2c(Nc3ccc(Cl)cc3F)ncnc2cc1OCCNC(C)=O,IC50,18.0,nM,7.75,-8.68
CHEMBL3671582,C=CC(=O)Nc1cc2c(Nc3ccc(Cl)cc3Cl)ncnc2cc1OCCNC(C)=O,IC50,49.0,nM,7.31,-8.794
CHEMBL3671585,C=CC(=O)Nc1cc2c(Nc3ccc(Cl)cc3F)ncnc2cc1OCCNC(=O)CN(C)C,IC50,419.0,nM,6.38,-8.364
CHEMBL3676338,C=CC(=O)Nc1cc2c(Nc3cccc(Cl)c3F)ncnc2cc1OCCNC(=O)CN(C)C,IC50,924.0,nM,6.03,-8.383
CHEMBL3676339,C=CC(=O)Nc1cc2c(Nc3ccc(F)c(F)c3F)ncnc2cc1OCCNC(C)=O,IC50,14.0,nM,7.85,-9.028
CHEMBL3676341,C=CC(=O)Nc1cc2c(Nc3cc(Cl)c(Cl)cc3F)ncnc2cc1OCCNC(C)=O,IC50,5.0,nM,8.3,-8.795
CHEMBL3676342,C=CC(=O)Nc1cc2c(Nc3cc(Cl)c(Cl)cc3Cl)ncnc2cc1OCCNC(C)=O,IC50,876.0,nM,6.06,-8.699
CHEMBL3676348,C=CC(=O)Nc1cc2c(Nc3ccc(Cl)nc3)ncnc2cc1OCCNC(C)=O,IC50,65.0,nM,7.19,-8.298
CHEMBL3676349,C=CC(=O)Nc1cc2c(Nc3cc(OC)c(Cl)cc3F)ncnc2cc1OCCNC(C)=O,IC50,80.0,nM,7.1,-8.424
CHEMBL3676352,C=CC(=O)Nc1cc2c(Nc3cc(OC)c(Cl)cc3Cl)ncnc2cc1OCCNC(C)=O,IC50,42.0,nM,7.38,-8.16
CHEMBL3676356,C=CC(=O)Nc1cc2c(Nc3cc(Cl)c(Cl)cc3F)ncnc2cc1OCCN(C)C,IC50,321.0,nM,6.49,-8.384
CHEMBL3676357,C=CC(=O)Nc1cc2c(Nc3cc(Cl)c(Cl)cc3F)ncnc2cc1OCCNCC(C)=O,IC50,4.0,nM,8.4,-7.835
CHEMBL3676388,C=CC(=O)Nc1cc2c(Nc3cc(OC)c(Cl)cc3OC)ncnc2cc1OCCNC(C)=O,IC50,87.0,nM,7.06,-8.463
CHEMBL3647422,COCCOc1cc2ncnc(Nc3ccc(F)c(Cl)c3)c2cc1NC(=O)/C=C/[C@H]1CCCN1C,IC50,2.0,nM,8.7,-8.554
CHEMBL3663926,C=CC(=O)Nc1cccc(Oc2cnc(C(N)=O)c(Nc3ccc(N4CCN(C)CC4)cc3)n2)c1,IC50,0.92,nM,9.04,-9.446
CHEMBL3663934,CCC(=O)N1CC[C@@H](Oc2nc(Nc3ccc(N4CCN(C)CC4)cc3)c(C(N)=O)nc2CC)C1,IC50,1.2,nM,8.92,-9.312
CHEMBL3647967,C=CC(=O)N[C@H]1CC[C@@H](n2nc(-c3ccc(Oc4ccccc4)cc3)c3c(N)ncnc32)CC1,IC50,20.6,nM,7.69,-9.772
CHEMBL3647970,CN(C)C/C=C/C(=O)N1CCC[C@@H](n2nc(-c3ccc(Oc4ccccc4)cc3)c3c(N)ncnc32)C1,IC50,48.8,nM,7.31,-9.642
CHEMBL3647973,C=CC(=O)N1CCC(n2nc(-c3ccc(Oc4ccccc4)cc3)c3c(N)ncnc32)CC1,IC50,60.9,nM,7.21,-9.487
CHEMBL3917698,CN(C)C/C=C/C(=O)N1CCC(n2nc(-c3ccc(Oc4ccccc4)cc3)c3c(N)ncnc32)CC1,IC50,268.7,nM,6.57,-10.078
CHEMBL3912266,C=CC(=O)N[C@H]1CC[C@H](n2nc(-c3ccc(Oc4ccccc4)cc3)c3c(N)ncnc32)CC1,IC50,44.5,nM,7.35,-9.473
CHEMBL3903870,CN(C)C/C=C/C(=O)N1CCCC1Cn1nc(-c2ccc(Oc3ccccc3)cc2)c2c(N)ncnc21,IC50,18.85,nM,7.72,-9.036
CHEMBL3903249,CN(C)C/C=C/C(=O)N1CCC[C@H]1Cn1nc(-c2ccc(Oc3ccccc3)cc2)c2c(N)ncnc21,IC50,698.3,nM,6.16,-10.153
CHEMBL4109796,C=CC(=O)N1CCC[C@@H]1Cn1nc(-c2ccc(Oc3ccccc3)cc2)c2c(N)ncnc21,IC50,18.75,nM,7.73,-9.177
CHEMBL3910496,C=CC(=O)N1CCC[C@H]1Cn1nc(-c2ccc(Oc3ccccc3)cc2)c2c(N)ncnc21,IC50,2.298,nM,8.64,-9.305
CHEMBL4107879,CC#CC(=O)N1CCC[C@@H]1Cn1nc(-c2ccc(Oc3ccccc3)cc2)c2c(N)ncnc21,IC50,289.4,nM,6.54,-9.61
CHEMBL3905432,CC#CC(=O)N1CCC[C@H]1Cn1nc(-c2ccc(Oc3ccccc3)cc2)c2c(N)ncnc21,IC50,2807.0,nM,5.55,-9.224
CHEMBL4106607,CC#CC(=O)N1CCC[C@@H](n2nc(-c3ccc(Oc4ccccc4)cc3)c3c(N)ncnc32)C1,IC50,435.3,nM,6.36,-9.032
CHEMBL3921017,C=CC(=O)N(C)CCn1nc(-c2ccc(Oc3ccccc3)cc2)c2c(N)ncnc21,IC50,28.22,nM,7.55,-8.794
CHEMBL3921655,CC#CC(=O)N[C@H]1CC[C@@H](n2nc(-c3ccc(Oc4ccccc4)cc3)c3c(N)ncnc32)CC1,IC50,156.3,nM,6.81,-9.247
CHEMBL3894938,C=CC(=O)NCCn1nc(-c2ccc(Oc3ccccc3)cc2)c2c(N)ncnc21,IC50,70.49,nM,7.15,-9.041
CHEMBL3986363,C=CC(=O)Nc1cccc(Nc2nc(Nc3ccc(OC)c(OC)c3OC)ncc2Cl)c1,IC50,5.5,nM,8.26,-8.224
CHEMBL3894076,C=CC(=O)Nc1cccc(Oc2nc(Nc3cccc(OC)c3OC)ncc2Br)c1,IC50,5.5,nM,8.26,-8.669
CHEMBL3944027,C=CC(=O)Nc1cccc(Oc2nc(Nc3ccc(OC)c(OC)c3OC)ncc2Cl)c1,IC50,5.5,nM,8.26,-8.688
CHEMBL3975588,C=CC(=O)Nc1cccc(Oc2nc(Nc3ccccc3OC)ncc2Cl)c1,IC50,650.0,nM,6.19,-8.974
CHEMBL3904778,C=CC(=O)Nc1cccc(Oc2nc(Nc3ccc(OC)cc3OC)ncc2Br)c1,IC50,5.5,nM,8.26,-8.476
CHEMBL3913778,C=CC(=O)Nc1cccc(Oc2nc(Nc3ccc(OC)cc3OC)ncc2Cl)c1,IC50,5.5,nM,8.26,-8.585
CHEMBL3919271,C=CC(=O)Nc1cccc(Nc2nc(Nc3cccc(OC)c3OC)ncc2Cl)c1,IC50,55.0,nM,7.26,-9.437
CHEMBL3903707,C=CC(=O)Nc1cccc(Nc2nc(Nc3ccccc3OC)ncc2Cl)c1,IC50,20.0,nM,7.7,-9.432
CHEMBL3928176,C=CC(=O)Nc1cccc(Oc2nc(Nc3ccccc3OC)ncc2F)c1,IC50,20.0,nM,7.7,-8.886
CHEMBL3910422,C=CC(=O)Nc1cccc(Nc2nc(Nc3ccc(OC)cc3OC)ncc2Br)c1,IC50,5.5,nM,8.26,-9.258
CHEMBL3938358,C=CC(=O)Nc1cccc(Nc2nc(Nc3ccc(OC)cc3OC)ncc2Cl)c1,IC50,5.5,nM,8.26,-9.359
CHEMBL3954906,C=CC(=O)Nc1cccc(Nc2nc(Nc3ccccc3OC)ncc2Br)c1,IC50,5.5,nM,8.26,-9.323
CHEMBL4107818,Cc1ncnc2c1c(-c1ccc(Oc3ccccc3)cc1)nn2C[C@H]1CCCN1C(=O)/C=C/CN(C)C,IC50,18.85,nM,7.72,-9.269
CHEMBL3960332,C#Cc1cccc(Nc2ncnc3cc(O[C@H]4CCOC4)c(NC(=O)/C=C/CN(CC)CC)cc23)c1,IC50,6.8,nM,8.17,-8.414
CHEMBL3982407,COc1cc(/C=C2\CCCCC2=O)cc(OC)c1,IC50,18670.0,nM,4.73,-7.436
CHEMBL3970063,Nc1nc(Nc2cccc(Cl)c2)c2c(n1)-c1ccccc1C2,IC50,45100.0,nM,4.35,-9.132
CHEMBL3902576,Nc1nc(Nc2cccc(Br)c2)c2c(n1)-c1ccccc1C2,IC50,98800.0,nM,4.0,-9.243
CHEMBL3948546,CC(C)c1ccccc1Nc1nc(N)nc2c1Cc1ccccc1-2,IC50,23000.0,nM,4.64,-9.664
CHEMBL3991931,C=CC(=O)N1CCC[C@H](n2c(=O)n(-c3ccc(Oc4ccccc4)cc3)c3c(N)ncnc32)C1,Kd,19.0,nM,7.72,-9.88
CHEMBL405130,COc1cc2ncnc(Nc3ccc(O)cc3)c2cc1OC,Kd,1163.0,nM,5.93,-7.786
CHEMBL2041933,NC(=O)Nc1cc(-c2cccc(F)c2)sc1C(=O)N[C@H]1CCCNC1,Kd,808.0,nM,6.09,-8.597
CHEMBL1944698,CN1C/C=C/CCOc2cccc(c2)-c2ccnc(n2)Nc2cccc(c2)C1,Kd,79933.0,nM,4.1,-10.349
CHEMBL3990456,Cn1cc(-c2[nH]c3cc(NC(=O)[C@H](N)C4CCCCC4)cc4c3c2C=NNC4=O)cn1,Kd,1722.0,nM,5.76,-10.074
CHEMBL3545396,COc1cccc(Nc2ncnn3ccc(CN4CC[C@@H](N)[C@H](O)C4)c23)c1,Kd,220.0,nM,6.66,-9.096
CHEMBL4103370,Clc1ccc(-c2nnc(Cc3nc4ccccc4[nH]3)o2)cc1,IC50,81.0,nM,7.09,-8.616
CHEMBL4079125,Clc1ccc(-c2nnc(Cc3nc4ccccc4[nH]3)o2)c(Cl)c1,IC50,3700.0,nM,5.43,-8.653
CHEMBL4095623,c1ccc(Cc2nnc(Cc3nc4ccccc4[nH]3)o2)cc1,IC50,25000.0,nM,4.6,-8.323
CHEMBL4068254,c1ccc(-c2nnc(Cc3nc4ccccc4[nH]3)o2)cc1,IC50,31800.0,nM,4.5,-8.47
CHEMBL4087921,c1ccc(OCc2nnc(Cc3nc4ccccc4[nH]3)o2)cc1,IC50,46300.0,nM,4.33,-8.066
CHEMBL4094471,Clc1ccccc1-c1nnc(Cc2nc3ccccc3[nH]2)o1,IC50,4500.0,nM,5.35,-8.715
CHEMBL4074782,Cc1ccccc1-c1nnc(Cc2nc3ccccc3[nH]2)o1,IC50,39700.0,nM,4.4,-8.798
CHEMBL4065301,COc1cccc(-c2nnc(Cc3nc4ccccc4[nH]3)o2)c1OC,IC50,61000.0,nM,4.21,-8.285
CHEMBL4102214,c1ccc(C(c2ccccc2)c2nnc(Cc3nc4ccccc4[nH]3)o2)cc1,IC50,45000.0,nM,4.35,-9.562
CHEMBL4084249,COc1ccc(-c2nnc(Cc3nc4ccccc4[nH]3)o2)cc1,IC50,98.0,nM,7.01,-8.364
CHEMBL4068814,CC(=O)c1ccccc1-c1nnc(Cc2nc3ccccc3[nH]2)o1,IC50,65400.0,nM,4.18,-8.916
CHEMBL4094647,Nc1ccc(O)c(-c2nnc(Cc3nc4ccccc4[nH]3)o2)c1,IC50,70000.0,nM,4.16,-9.214
CHEMBL4066118,c1ccc2c(Cc3nnc(Cc4nc5ccccc5[nH]4)o3)cccc2c1,IC50,5700.0,nM,5.24,-9.049
CHEMBL4087489,C1=CC2=C(Cc3nnc(Cc4nc5ccccc5[nH]4)o3)CNC2C=C1,IC50,86200.0,nM,4.06,-8.884
CHEMBL4074726,c1ccc(-c2nnc(Cc3nc4ccccc4[nH]3)o2)nc1,IC50,73500.0,nM,4.13,-8.081
CHEMBL4095195,Cc1ccccc1Cc1nnc(Cc2nc3ccccc3[nH]2)o1,IC50,50000.0,nM,4.3,-8.63
CHEMBL4084996,Clc1ccc(-c2nnc(Cc3nc4ccc(Cl)cc4[nH]3)o2)cc1,IC50,980.0,nM,6.01,-8.479
CHEMBL4083493,Clc1ccc2nc(Cc3nnc(-c4ccccc4Cl)o3)[nH]c2c1,IC50,33200.0,nM,4.48,-8.802
CHEMBL4059610,Oc1ccc(-c2nnc(Cc3nc4ccccc4[nH]3)o2)cc1,IC50,100000.0,nM,4.0,-8.263
CHEMBL4086731,Cc1ccc(-c2nnc(Cc3nc4ccccc4[nH]3)o2)cc1,IC50,100000.0,nM,4.0,-8.851
CHEMBL4075892,c1csc(-c2nnc(Cc3nc4ccccc4[nH]3)o2)c1,IC50,100000.0,nM,4.0,-7.601
CHEMBL4061912,c1coc(-c2nnc(Cc3nc4ccccc4[nH]3)o2)c1,IC50,100000.0,nM,4.0,-7.705
CHEMBL4083305,c1cncc(-c2nnc(Cc3nc4ccccc4[nH]3)o2)c1,IC50,100000.0,nM,4.0,-8.076
CHEMBL4067556,N#CCc1nnc(Cc2nc3ccccc3[nH]2)o1,IC50,100000.0,nM,4.0,-7.5
CHEMBL4090323,Fc1ccc(-c2nnc(Cc3nc4ccccc4[nH]3)o2)cc1,IC50,100000.0,nM,4.0,-8.48
CHEMBL4073285,O=C(O)c1ccccc1-c1nnc(Cc2nc3ccccc3[nH]2)o1,IC50,100000.0,nM,4.0,-9.177
CHEMBL4091284,Clc1ccc2nc(Cc3nnc(Cc4ccccc4)o3)[nH]c2c1,IC50,100000.0,nM,4.0,-8.319
CHEMBL4063427,Clc1ccc2nc(Cc3nnc(-c4ccccc4)o3)[nH]c2c1,IC50,100000.0,nM,4.0,-8.386
CHEMBL4098409,COc1ccc2c(c1)CCN2c1nc(C)nc2c(Cc3ccccc3)c[nH]c12.Cl,IC50,167.1,nM,6.78,
CHEMBL4099329,COc1ccc(N(C)c2nc(N)nc3c(Cc4ccccc4)c[nH]c23)cc1,IC50,1.1,nM,8.96,-8.817
CHEMBL4072383,COc1ccc2c(c1)CCCN2c1nc(N)nc2c(Cc3ccccc3)c[nH]c12,IC50,47.1,nM,7.33,-9.654
CHEMBL4082515,C=CC(=O)Nc1cccc(-n2c(=O)cc(C)c3cnc(Nc4cnn(CCN(C)C)c4)nc32)c1,IC50,4.2,nM,8.38,-8.518
CHEMBL4064475,C=CC(=O)Nc1cccc(-n2c(=O)cc(C)c3cnc(Nc4cnn(C5CCN(C)CC5)c4)nc32)c1,IC50,1.8,nM,8.74,-9.48
CHEMBL4086000,C=CC(=O)Nc1cccc(-n2c(=O)cc(C)c3cnc(Nc4ccc(N5CCN(C)CC5)nc4)nc32)c1,IC50,1.4,nM,8.85,-9.957
CHEMBL4063421,C=CC(=O)Nc1cccc(-n2c(=O)cc(C)c3cnc(Nc4nc5c(s4)CN(C)CC5)nc32)c1,IC50,2.5,nM,8.6,-9.821
CHEMBL4105434,CCCCOC(=O)c1c(-c2ccccc2)nn2ccccc12,IC50,23700.0,nM,4.62,-8.012
CHEMBL4066845,CS(=O)(=O)CCNCc1ccc(-c2ccc3ncnc(Nc4ccc(F)c(Cl)c4)c3c2)o1,IC50,23.99,nM,7.62,-8.7
CHEMBL4088135,C#Cc1cccc(Nc2ncnc3ccc(-c4ccc(CNCCS(C)(=O)=O)o4)cc23)c1,IC50,34.16,nM,7.47,-9.069
CHEMBL4089347,C#Cc1cccc(Nc2ncnc3ccc(-c4ccc(CO)o4)cc23)c1,IC50,15.69,nM,7.8,-9.46
CHEMBL4060383,Nc1nc(N)c2c(n1)[nH]c1cccc(Sc3ccc4ccccc4c3)c12,IC50,20000.0,nM,4.7,-9.843
CHEMBL4069070,COc1ccc(OC)c(Sc2cccc3[nH]c4nc(N)nc(N)c4c23)c1,IC50,4300.0,nM,5.37,-8.532
CHEMBL4096329,COc1ccc(Sc2cccc3[nH]c4nc(N)nc(N)c4c23)cc1,IC50,20800.0,nM,4.68,-8.068
CHEMBL4079829,Nc1nc(N)c2c(n1)[nH]c1cccc(Sc3ccc(Cl)cc3)c12,IC50,8300.0,nM,5.08,-8.718
CHEMBL4087709,COc1cc2cnnc(Nc3ccc(Cl)cc3F)c2cc1OC,IC50,200.0,nM,6.7,-8.152
CHEMBL4079501,C=CC(=O)Nc1cc(Nc2n[nH]c3cc(-c4ccncc4)ccc23)c(OC)cc1N(C)CCN(C)C,IC50,5.0,nM,8.3,-8.442
CHEMBL4080424,C=CC(=O)Nc1cc(Nc2n[nH]c3cc(-c4cccnc4)ccc23)c(OC)cc1N(C)CCN(C)C,IC50,15.0,nM,7.82,-8.398
CHEMBL4074766,C=CC(=O)Nc1cc(Nc2n[nH]c3ccccc23)c(OC)cc1N(C)CCN(C)C,IC50,462.0,nM,6.33,-7.772
CHEMBL4069284,CCC(=O)Nc1cc(Nc2n[nH]c3ccccc23)ccc1N(C)CCN(C)C,IC50,8470.0,nM,5.07,-7.976
CHEMBL4090330,C=CC(=O)Nc1cc(Nc2n[nH]c3ccccc23)ccc1N(C)CCN(C)C,IC50,2626.0,nM,5.58,-8.014
CHEMBL4097369,O=C(Nc1ccc2ncnc(Nc3cccc(Br)c3)c2c1)c1ccco1,IC50,8.4,nM,8.08,-9.125
CHEMBL4080711,Oc1cccc(Nc2ncnc3ccc(NC(=S)NCc4ccccc4)cc23)c1,IC50,63.6,nM,7.2,-9.556
CHEMBL4092951,CNC(=S)Nc1ccc2ncnc(Nc3cccc(Br)c3)c2c1,IC50,9.1,nM,8.04,-8.198
CHEMBL4062528,S=C(Nc1ccc2ncnc(Nc3cccc(Br)c3)c2c1)N1CCOCC1,IC50,26.9,nM,7.57,-8.483
CHEMBL4065503,Cc1nnc(NC(=S)Nc2ccc3ncnc(Nc4cccc(Cl)c4)c3c2)s1,IC50,120.0,nM,6.92,-9.749
CHEMBL4071058,CC(C)(C)OC(=O)NCC(=O)Nc1ccc2ncnc(Nc3cccc(Br)c3)c2c1,IC50,3.2,nM,8.49,-8.915
CHEMBL4098587,CC(C)(C)OC(=O)NCC(=O)Nc1ccc2ncnc(Nc3ccc(F)c(Cl)c3)c2c1,IC50,17.0,nM,7.77,-9.281
CHEMBL4076854,C=CC(=O)Nc1ccc(OC)c(Nc2cc(-c3cnc(SC)[nH]3)ccn2)c1,IC50,5.6,nM,8.25,-8.189
CHEMBL4101193,CCC(=O)Nc1ccc(OC)c(Nc2cc(-c3cnc(SC)[nH]3)ccn2)c1,IC50,360.0,nM,6.44,-8.203
CHEMBL4086878,C=CC(=O)Nc1ccc(OC)c(Nc2cc(-c3[nH]c(SC)nc3C)ccn2)c1,IC50,10.0,nM,8.0,-8.432
CHEMBL4105526,C=CC(=O)Nc1ccc(OC)c(Nc2cc(-c3[nH]c(SC)nc3C3CC3)ccn2)c1,IC50,2.3,nM,8.64,-8.306
CHEMBL3715932,Nc1nc(NCc2ccccc2)c2c(n1)[nH]c1ccc(O)cc12,Ki,700.0,nM,6.16,-9.157
CHEMBL4094157,Cc1cc2[nH]c3nc(N)nc(NCc4ccccc4)c3c2cc1O,Ki,640.0,nM,6.19,-9.692
CHEMBL4073523,COc1cc2[nH]c3nc(N)nc(NCc4ccccc4)c3c2cc1O,Ki,610.0,nM,6.21,-8.916
CHEMBL4069965,Nc1nc(NCc2ccccc2)c2c(n1)[nH]c1cc(Br)c(O)cc12,Ki,370.0,nM,6.43,-9.481
CHEMBL4090945,Nc1nc(NCc2ccccc2)c2c(n1)[nH]c1cc(Cl)c(O)cc12,Ki,270.0,nM,6.57,-9.554
CHEMBL4080640,Cc1ccc(CNc2nc(N)nc3[nH]c4ccc(O)cc4c23)cc1,Ki,90.0,nM,7.05,-9.518
CHEMBL4098682,Cc1ccc(CNc2nc(N)nc3[nH]c4cc(C)c(O)cc4c23)cc1,Ki,5670.0,nM,5.25,-9.86
CHEMBL4099589,COc1ccc(CNc2nc(N)nc3[nH]c4ccc(O)cc4c23)cc1,Ki,120.0,nM,6.92,-9.233
CHEMBL4072687,COc1ccc(CNc2nc(N)nc3[nH]c4cc(C)c(O)cc4c23)cc1,Ki,5950.0,nM,5.22,-9.493
CHEMBL4061297,Nc1nc(NCc2ccc(Cl)cc2)c2c(n1)[nH]c1ccc(O)cc12,Ki,80.0,nM,7.1,-9.376
CHEMBL4083162,Cc1cc2[nH]c3nc(N)nc(NCc4ccc(Cl)cc4)c3c2cc1O,Ki,110.0,nM,6.96,-9.812
CHEMBL4084090,COc1cccc(CNc2nc(N)nc3[nH]c4ccc(O)cc4c23)c1,Ki,1260.0,nM,5.9,-9.33
CHEMBL4102074,COc1ccccc1CNc1nc(N)nc2[nH]c3ccc(O)cc3c12,Ki,1870.0,nM,5.73,-9.273
CHEMBL4091355,COc1ccccc1CNc1nc(N)nc2[nH]c3cc(C)c(O)cc3c12,Ki,4030.0,nM,5.39,-9.792
CHEMBL4070420,Nc1nc(NCc2cccc(Cl)c2)c2c(n1)[nH]c1ccc(O)cc12,Ki,290.0,nM,6.54,-9.131
CHEMBL4083567,Cc1cc2[nH]c3nc(N)nc(NCc4cccc(Cl)c4)c3c2cc1O,Ki,900.0,nM,6.05,-9.906
CHEMBL4061797,COc1ccc(CNc2nc(N)nc3[nH]c4ccc(O)cc4c23)cc1OC,Ki,3680.0,nM,5.43,-9.1
CHEMBL4060727,Nc1nc(NCCc2ccccc2)c2c(n1)[nH]c1ccc(O)cc12,Ki,640.0,nM,6.19,-9.418
CHEMBL4088941,C[C@@H](Nc1nc(N)nc2[nH]c3ccc(O)cc3c12)c1ccccc1,Ki,910.0,nM,6.04,-9.857
CHEMBL4099089,C[C@H](Nc1nc(N)nc2[nH]c3ccc(O)cc3c12)c1ccccc1,Ki,520.0,nM,6.28,-9.829
CHEMBL4097027,CNS(=O)(=O)c1cccc(Nc2cc(Nc3cccc(C)c3)ncn2)c1,IC50,3.0,nM,8.52,-8.715
CHEMBL3915155,CNS(=O)(=O)c1cccc(Nc2cc(Nc3ccc(Cl)cc3)ncn2)c1,IC50,13.0,nM,7.89,-8.401
CHEMBL4061645,CNS(=O)(=O)c1cccc(Nc2cc(Nc3ccc(Cl)cn3)ncn2)c1,IC50,630.0,nM,6.2,-8.682
CHEMBL4084208,CNS(=O)(=O)c1cccc(Nc2cc(Nc3cccc(C(C)C)c3)ncn2)c1,IC50,25.0,nM,7.6,-8.639
CHEMBL4076602,CNS(=O)(=O)c1cccc(Nc2cc(Nc3cccc(C(C)(C)C)c3)ncn2)c1,IC50,400.0,nM,6.4,-9.215
CHEMBL4105656,CNS(=O)(=O)c1cccc(Nc2cc(Nc3cccc(S(=O)(=O)NC)c3)ncn2)c1,IC50,1600.0,nM,5.8,-9.058
CHEMBL4065426,CNS(=O)(=O)c1cccc(Nc2cc(Nc3cccc([N+](=O)[O-])c3)ncn2)c1,IC50,4.0,nM,8.4,-8.647
CHEMBL4086869,CNS(=O)(=O)c1cccc(Nc2cc(N(C)c3cccc(C)c3)ncn2)c1,IC50,20.0,nM,7.7,-8.714
CHEMBL4074045,CNS(=O)(=O)c1cccc(N(C)c2cc(Nc3cccc(C)c3)ncn2)c1,IC50,2000.0,nM,5.7,-8.757
CHEMBL2216827,C=CC(=O)Nc1cccc(Nc2nc(Nc3ccc(Oc4ccnc(C(=O)NC)c4)cc3)ncc2F)c1,IC50,737.0,nM,6.13,-10.9
CHEMBL3301625,C=CC(=O)Nc1cccc(Nc2nc(Nc3ccc(OCCOC)cc3)ncc2F)c1,IC50,442.0,nM,6.36,-9.043
CHEMBL4077064,C=CC(=O)N1CCc2ccc(-n3c(=O)ccc4cnc5ccc(-c6cnn(C)c6)cc5c43)cc21,IC50,874.0,nM,6.06,-9.59
CHEMBL4077349,O=C(Nn1c(-c2ccccc2)nc2ccccc2c1=O)c1ccc(Br)cc1,IC50,420.0,nM,6.38,-9.775
CHEMBL4072392,CC(=O)c1ccccc1-n1c(-c2ccccc2)nc2cc(Cl)ccc2c1=O,IC50,720.0,nM,6.14,-8.237
CHEMBL4083467,Cc1nnc(-n2c(-c3ccccc3)nc3cc(Cl)ccc3c2=O)s1,IC50,3210.0,nM,5.49,-9.696
CHEMBL4079183,O=c1c2ccc(Cl)cc2nc(-c2ccccc2)n1-c1nnc(C2CC2)s1,IC50,102.0,nM,6.99,-9.453
CHEMBL4074248,NCCn1c(-c2ccccc2)nc2cc(Cl)ccc2c1=O,IC50,287.0,nM,6.54,-8.028
CHEMBL4066684,Cc1cc(=O)n(-c2ccc(F)cc2)nc1C(=O)Nc1ccc(Oc2ccnc3[nH]ccc23)c(F)c1,IC50,725.3,nM,6.14,-10.606
CHEMBL4100075,Cc1nc(C)c(/C=C2\CC(C)C/C(=C\c3nc(C)c(C)nc3C)C2=O)nc1C,IC50,1100.0,nM,5.96,-9.734
CHEMBL4083642,Cc1nc(C)c(/C=C2\CN(C)C/C(=C\c3nc(C)c(C)nc3C)C2=O)nc1C,IC50,40.0,nM,7.4,-9.131
CHEMBL4104427,Cc1nc(C)c(/C=C2\CN(C(C)C)C/C(=C\c3nc(C)c(C)nc3C)C2=O)nc1C,IC50,2500.0,nM,5.6,-9.262
CHEMBL4063890,COc1cc(Br)c(/C=C2\CN(C)C/C(=C\c3nc(C)c(C)nc3C)C2=O)cc1OC,IC50,60.0,nM,7.22,-8.409
CHEMBL4075241,COc1cc(Cl)c(/C=C2\CN(C(C)C)C/C(=C\c3nc(C)c(C)nc3C)C2=O)cc1OC,IC50,3100.0,nM,5.51,-8.907
CHEMBL4094546,Cc1nc(C)c(/C=C2\CC(C)C/C(=C\c3nc(C)c(C)nc3C)C2=NO)nc1C,IC50,2400.0,nM,5.62,-8.949
CHEMBL4078023,Cc1nc(C)c(/C=C2\CN(C)C/C(=C\c3nc(C)c(C)nc3C)C2=NO)nc1C,IC50,20.0,nM,7.7,-8.583
CHEMBL4102284,Cc1nc(C)c(/C=C2\CN(C(C)C)C/C(=C\c3nc(C)c(C)nc3C)C2=NO)nc1C,IC50,3900.0,nM,5.41,-9.192
CHEMBL4064361,COc1cc(Br)c(/C=C2\CN(C)CC(=C\c3nc(C)c(C)nc3C)/C2=N\O)cc1OC,IC50,20.0,nM,7.7,-8.051
CHEMBL4100655,C=CC(=O)N1CCC[C@@H](n2nc(-c3cccc(F)c3)c3c(N)ncnc32)C1,IC50,10.0,nM,8.0,-9.617
CHEMBL4062509,C=CC(=O)N1CCC[C@@H](n2nc(-c3ccc(F)cc3)c3c(N)ncnc32)C1,IC50,30.0,nM,7.52,-9.495
CHEMBL2180204,C=CC(=O)N1CCC[C@@H](n2nc(-c3cccc(C(F)(F)F)c3)c3c(N)ncnc32)C1,IC50,30.0,nM,7.52,-9.53
CHEMBL4101735,CN(C)C/C=C/C(=O)N1CCC[C@@H](n2nc(-c3cccc(C(F)(F)F)c3)c3c(N)ncnc32)C1,IC50,1000.0,nM,6.0,-9.202
CHEMBL2180203,C=CC(=O)N1CCC[C@@H](n2nc(-c3ccc(C(F)(F)F)cc3)c3c(N)ncnc32)C1,IC50,60.0,nM,7.22,-9.529
CHEMBL4063701,CCC(=O)N1CCC[C@@H](n2nc(-c3ccc(C(F)(F)F)cc3)c3c(N)ncnc32)C1,IC50,5900.0,nM,5.23,-9.368
CHEMBL4099254,C=CC(=O)N1CCC[C@@H](n2nc(C3CC3)c3c(N)ncnc32)C1,IC50,110.0,nM,6.96,-8.093
CHEMBL4072299,C=CC(=O)N1CCC[C@@H](n2nc(-c3ccc(O)cc3)c3c(N)ncnc32)C1,IC50,3.0,nM,8.52,-9.239
CHEMBL4060919,C=CC(=O)N1CCC[C@@H](n2nc(Cc3ccccc3)c3c(N)ncnc32)C1,IC50,3.0,nM,8.52,-8.913
CHEMBL4082783,C=CC(=O)N1CCC[C@@H](n2nc(C#CC3CCCC3)c3c(N)ncnc32)C1,IC50,60.0,nM,7.22,-8.311
CHEMBL4069586,C=CC(=O)N1CCC[C@@H](n2nc(C#CCC3CCCC3)c3c(N)ncnc32)C1,IC50,120.0,nM,6.92,-8.634
CHEMBL4090601,C=CC(=O)N1CCC[C@@H](n2nc(-c3ccc4ccccc4c3)c3c(N)ncnc32)C1,IC50,1.0,nM,9.0,-10.169
CHEMBL4103201,C=CC(=O)N1CCC[C@@H](n2nc(-c3cnc4[nH]ccc4c3)c3c(N)ncnc32)C1,IC50,2.0,nM,8.7,-10.221
CHEMBL4094959,C=CC(=O)N1CCC[C@@H](n2nc(-c3cn(C)c4ccccc34)c3c(N)ncnc32)C1,IC50,2.0,nM,8.7,-10.35
CHEMBL4095447,C=CC(=O)N1CCC[C@@H](n2nc(-c3cccc4ccccc34)c3c(N)ncnc32)C1,IC50,1.0,nM,9.0,-10.479
CHEMBL4075015,C=CC(=O)N1CCC[C@@H](n2nc(-c3ccc(N(C)C)c4ccccc34)c3c(N)ncnc32)C1,IC50,210.0,nM,6.68,-9.478
CHEMBL4073960,C=CC(=O)N1CCC[C@@H](n2nc(-c3ccc(F)c4ccccc34)c3c(N)ncnc32)C1,IC50,20.0,nM,7.7,-10.986
CHEMBL4094527,C=CC(=O)N1CCC[C@@H](n2ncc3c(N)ncnc32)C1,IC50,1600.0,nM,5.8,-7.519
CHEMBL4091966,C=CC(=O)N1CCC[C@@H](n2nc(I)c3c(N)ncnc32)C1,IC50,20.0,nM,7.7,-7.908
CHEMBL4071151,C#Cc1nn([C@@H]2CCCN(C(=O)C=C)C2)c2ncnc(N)c12,IC50,690.0,nM,6.16,-7.304
CHEMBL4099713,C=CC(=O)N1CCC[C@@H](n2nc(-c3ccccc3)c3c(N)ncnc32)C1,IC50,10.0,nM,8.0,-9.388
CHEMBL4081698,CCC(=O)N1CCC[C@@H](n2nc(-c3ccccc3)c3c(N)ncnc32)C1,IC50,4700.0,nM,5.33,-9.564
CHEMBL4073874,CN(C)C/C=C/C(=O)N1CCC[C@@H](n2nc(-c3ccccc3)c3c(N)ncnc32)C1,IC50,220.0,nM,6.66,-9.011
CHEMBL4084214,CCC(=O)N1CCC[C@@H](n2nc(-c3cccc(F)c3)c3c(N)ncnc32)C1,IC50,3400.0,nM,5.47,-8.841
CHEMBL4103121,CCC(=O)N1CCC[C@@H](n2nc(-c3ccc(F)cc3)c3c(N)ncnc32)C1,IC50,5000.0,nM,5.3,-9.121
CHEMBL4102886,C#Cc1cccc(Nc2ncnc3cc(OCCCN4C[C@H](O)[C@@H](O)[C@H](O)[C@H]4CO)c(OC)cc23)c1,IC50,4.87,nM,8.31,-8.994
CHEMBL4068839,C=CC(=O)N1CCC[C@@H](n2nc(-c3ccc(OCc4ccccn4)c(Cl)c3)c3c(N)ncnc32)C1,IC50,5.3,nM,8.28,-9.23
CHEMBL4088971,OCCCc1nc(-c2ccc(F)cc2)c(-c2ccnc3[nH]ccc23)[nH]1,IC50,24.4,nM,7.61,-8.721
CHEMBL4064224,C=CC(=O)Nc1cccc(-c2c[nH]c3nccc(Cl)c23)c1,IC50,67.9,nM,7.17,-8.46
CHEMBL4078920,C=CC(=O)Nc1cccc(-c2c[nH]c3nccc(-c4[nH]c(CCCO)nc4C4CC4)c23)c1,IC50,258.0,nM,6.59,-8.59
CHEMBL4069229,C=CC(=O)Nc1cccc(-c2c[nH]c3nccc(-c4[nH]c(CCCO)nc4C(F)(F)F)c23)c1,IC50,297.0,nM,6.53,-8.903
CHEMBL4061829,OCCc1nc(-c2ccc(F)cc2)c(-c2ccnc3[nH]c(-c4ccccc4)cc23)[nH]1,IC50,7.64,nM,8.12,-10.463
CHEMBL4087243,C=CC(=O)Nc1cc(Nc2nccc(-c3cn4c5c(cccc35)CCC4)n2)c(OC)cc1N(C)CCO,IC50,34.8,nM,7.46,-9.725
CHEMBL4085842,C=CC(=O)Nc1cc(Nc2cc(-c3cn(C)c4ccccc34)ncn2)c(OC)cc1N(C)CCN(C)C,IC50,1.6,nM,8.8,-8.714
CHEMBL4067014,C=CC(=O)Nc1cc(Nc2nccc(-n3cc(C)c4ccccc43)n2)c(OC)cc1N(C)CCN(C)C,IC50,185.6,nM,6.73,-8.899
CHEMBL4095253,C=CS(=O)(=O)N1CCC[C@@H]1Cn1cc(-c2ccc3c(c2)OCO3)c2c(N)ncnc21,IC50,642.7,nM,6.19,-9.171
CHEMBL4128726,C=CC(=O)Nc1cccc(-n2c(=O)n(C)c(=O)c3cnc(Nc4ccccc4)nc32)c1,IC50,68.0,nM,7.17,-9.314
CHEMBL2347958,CN(C)C/C=C/C(=O)Nc1cc2c(Nc3ccc(F)c(Cl)c3)ncnc2cc1O[C@@H]1CCOC1,IC50,0.4,nM,9.4,-8.514
CHEMBL4162882,CC/C=C/C(=O)Nc1cc2c(N3CCc4ccccc43)ncnc2cc1OC,IC50,17.0,nM,7.77,-8.892
CHEMBL4165267,C/C=C/C(=O)Nc1cc2c(N3CCc4ccccc43)ncnc2cc1O[C@@H]1CCOC1,IC50,29.0,nM,7.54,-9.512
CHEMBL4165894,COc1cc2ncnc(N3CCc4ccccc43)c2cc1NC(=O)/C=C/CN1CCCC1,IC50,3.0,nM,8.52,-9.613
CHEMBL4161396,COc1cc2ncnc(N3CCc4ccccc43)c2cc1NC(=O)/C=C/CN1CCCCC1,IC50,45.4,nM,7.34,-9.312
CHEMBL4172718,COc1cc2ncnc(N3CCc4ccccc43)c2cc1NC(=O)/C=C/CN1CCC(CO)CC1,IC50,4.0,nM,8.4,-9.723
CHEMBL4168254,CN(C)C/C=C/C(=O)Nc1cc2c(N3CCc4ccccc43)ncnc2cc1O[C@@H]1CCOC1,IC50,5.0,nM,8.3,-8.448
CHEMBL4176787,COc1cc2ncnc(N3CCCc4ccccc43)c2cc1NC(=O)/C=C/CN(C)C,IC50,72.0,nM,7.14,-8.682
CHEMBL4167162,O=C(CN1CCCC1)Nc1ccc2ncnc(Nc3ccc(Cl)cc3)c2c1,IC50,32.0,nM,7.5,-8.623
CHEMBL4166069,O=C(CN1CCCCC1)Nc1ccc2ncnc(Nc3cccc(Br)c3)c2c1,IC50,37.0,nM,7.43,-8.65
CHEMBL4177348,O=C(CN1CCOCC1)Nc1ccc2ncnc(Nc3cccc(Br)c3)c2c1,IC50,98.0,nM,7.01,-8.633
CHEMBL4169489,CN1CCN(CC(=O)Nc2ccc3ncnc(Nc4cccc(Br)c4)c3c2)CC1,IC50,32.0,nM,7.5,-8.954
CHEMBL4206604,CC(=O)N1CC[C@H](Nc2nc(Nc3ccc(N4CCN(C)CC4)cc3)c3ncn(C(C)C)c3n2)C1,Ki,161.0,nM,6.79,-9.077
CHEMBL4206312,C=CC(=O)N1CC[C@@H](Nc2nc(Nc3ccc(N4CCN(C)CC4)cc3)c3ncn(C(C)C)c3n2)C1,IC50,29.0,nM,7.54,-9.054
CHEMBL4208811,C=CC(=O)N[C@H]1CCN(c2nc(Nc3ccc(N4CCN(C)CC4)cc3)c3ncn(C(C)C)c3n2)C1,Ki,9.0,nM,8.05,-9.509
CHEMBL4212326,C=CC(=O)N[C@H]1CCN(c2nc(Nc3cnn(C)c3)c3ncn(C(C)C)c3n2)C1,Ki,36.0,nM,7.44,-8.857
CHEMBL4207951,C=CC(=O)N1C[C@@H]2CN(c3nc(Nc4cnn(C)c4)c4ncn(C(C)C)c4n3)C[C@@H]2C1,IC50,49.0,nM,7.31,-9.124
CHEMBL4216679,C=CC(=O)N[C@@H]1CN(c2nc(Nc3cn(C)nc3OC)c3ncn(C(C)C)c3n2)C[C@H]1F,IC50,1.0,nM,9.0,-8.465
CHEMBL4218154,C=CC(=O)N[C@@H]1CN(c2nc(Nc3cn(C)nc3CC)c3ncn(C(C)C)c3n2)C[C@H]1F,IC50,3.0,nM,8.52,-8.58
CHEMBL4208829,C=CC(=O)N[C@@H]1CN(c2nc(Nc3cn(C)nc3OC)c3ncn(C(C)(C)C)c3n2)C[C@H]1F,IC50,17.0,nM,7.77,-8.376
CHEMBL4205392,C=CC(=O)N[C@@H]1CN(c2nc(Nc3cn(C)nc3OC)c3ncn(CC)c3n2)C[C@H]1F,Ki,6.0,nM,8.22,-8.442
CHEMBL3989970,C=CC(=O)N[C@@H]1CN(c2nc(Nc3cn(C)nc3OC)c3ncn(C)c3n2)C[C@H]1F,IC50,3.0,nM,8.52,-8.151
CHEMBL4213609,C=CC(=O)N[C@@H]1CN(c2nc(Nc3cn(C)nc3OC)c3nc[nH]c3n2)C[C@H]1F,IC50,675.0,nM,6.17,-7.93
CHEMBL4206501,C=CC(=O)Nc1cc(Nc2ccnc(-c3cn(C)c4ccccc34)n2)c(OC)cc1N(C)CCN(C)C,IC50,13.0,nM,7.89,-8.623
CHEMBL4213400,CC(C)C(CO)Nc1nc(Nc2ccc(N3CCNCC3)cc2)c2ncn(C(C)C)c2n1,IC50,78.0,nM,7.11,-9.169
CHEMBL4213741,C=CC(=O)N1CC[C@H](Nc2nc(Nc3ccc(N4CCN(C)CC4)cc3)c3ncn(C(C)C)c3n2)C1,Ki,164.0,nM,6.79,-9.532
CHEMBL4204566,C=CC(=O)N[C@H]1CN(c2nc(Nc3cnn(C)c3)c3ncn(C(C)C)c3n2)C[C@@H]1F,Ki,152.0,nM,6.82,-8.612
CHEMBL4207425,C=CC(=O)N[C@@H]1CCN(c2nc(Nc3ccc(N4CCN(C)CC4)cc3)c3ncn(C(C)C)c3n2)C1,Ki,161.0,nM,6.79,-8.839
CHEMBL4203072,C=CC(=O)N[C@@H]1CCN(c2nc(Nc3cnn(C)c3)c3ncn(C(C)C)c3n2)C1,Ki,183.0,nM,6.74,-8.571
CHEMBL4211782,C=CC(=O)Nc1cccc(Oc2nc(Nc3cnn(CCN(C)C)c3)nc3[nH]ccc23)c1,Ki,3.0,nM,8.52,-8.384
CHEMBL4216749,C=CC(=O)Nc1cccc(Oc2nc(Nc3cnn(CCN(C)C)c3)nc3[nH]ccc23)c1F,Ki,2.0,nM,8.7,-8.366
CHEMBL4206481,C=CC(=O)N1CC[C@@H](Nc2nc(Nc3cnn(C)c3)nc3[nH]cc(Cl)c23)C1,Ki,4.0,nM,8.4,-8.855
CHEMBL4211367,C=CC(=O)N1C[C@H](Nc2nc(Nc3cnn(C)c3)nc3[nH]cc(Cl)c23)[C@@H](F)C1,Ki,3.0,nM,8.52,-8.391
CHEMBL4209368,C=CC(=O)N1CC[C@@H](Nc2nc(Nc3cnn(C)c3)c3ncn(C(C)C)c3n2)C1,Ki,105.0,nM,6.98,-8.672
CHEMBL4204498,C=CC(=O)N1C[C@H](Nc2nc(Nc3cnn(C)c3)c3ncn(C(C)C)c3n2)[C@@H](F)C1,Ki,56.0,nM,7.25,-8.312
CHEMBL4210237,C=CC(=O)Nc1ccccc1Oc1nc(Nc2ccc(N3CCN(C)CC3)cc2OC)ncc1Cl,IC50,6980.0,nM,5.16,-9.228
CHEMBL4211322,COc1cc(N2CCN(C)CC2)ccc1Nc1ncc(Cl)c(Oc2ccccc2[N+](=O)[O-])n1,IC50,7590.0,nM,5.12,-8.487
CHEMBL4216784,COc1cc(N2CCN(C)CC2)ccc1Nc1ncc(Cl)c(Oc2ccccc2N)n1,IC50,1160.0,nM,5.94,-8.831
CHEMBL4216265,COc1cc(N2CCN(C)CC2)ccc1Nc1ncc(Cl)c(Oc2ccccc2NC(C)=O)n1,IC50,4210.0,nM,5.38,-9.167
CHEMBL4212450,COc1cc(N2CCN(C)CC2)ccc1Nc1ncc(Cl)c(Oc2ccccc2NC(=O)CO)n1,IC50,100.0,nM,7.0,-8.596
CHEMBL4205869,COc1cc(N2CCN(C)CC2)ccc1Nc1ncc(Cl)c(Oc2cccc([N+](=O)[O-])c2)n1,IC50,5700.0,nM,5.24,-9.48
CHEMBL4210744,COc1cc(N2CCN(C)CC2)ccc1Nc1ncc(Cl)c(Oc2cccc(N)c2)n1,IC50,3150.0,nM,5.5,-9.492
CHEMBL4207305,COc1cc(N2CCN(C)CC2)ccc1Nc1ncc(Cl)c(Oc2cccc(NC(=O)CO)c2)n1,IC50,1230.0,nM,5.91,-8.956
CHEMBL4213082,C=CC(=O)Nc1ccc(Oc2nc(Nc3ccc(N4CCN(C)CC4)cc3OC)ncc2Cl)cc1,IC50,2480.0,nM,5.61,-8.821
CHEMBL4208167,COc1cc(N2CCN(C)CC2)ccc1Nc1ncc(Cl)c(Oc2ccc([N+](=O)[O-])cc2)n1,IC50,9360.0,nM,5.03,-9.199
CHEMBL4205469,COc1cc(N2CCN(C)CC2)ccc1Nc1ncc(Cl)c(Oc2ccc(N)cc2)n1,IC50,7370.0,nM,5.13,-8.791
CHEMBL4203804,COc1cc(N2CCN(C)CC2)ccc1Nc1ncc(Cl)c(Oc2ccc(NC(C)=O)cc2)n1,IC50,3080.0,nM,5.51,-8.866
CHEMBL4214040,COc1cc(N2CCN(C)CC2)ccc1Nc1ncc(Cl)c(Oc2ccc(NC(=O)CO)cc2)n1,IC50,860.0,nM,6.07,-8.866
CHEMBL4214567,O=C(Nc1nccs1)C(c1cc(F)ccc1O)N1Cc2ccccc2C1=O,IC50,3.0,nM,8.52,-10.148
CHEMBL1328065,Oc1ccccc1-c1nc(NCc2cccnc2)c2ccccc2n1,IC50,149.0,nM,6.83,-9.573
CHEMBL4207984,N#Cc1ccc(O)c(-c2nc(NCc3cccnc3)c3ccccc3n2)c1,IC50,23.0,nM,7.64,-9.272
CHEMBL4214588,COC(=O)c1ccc(O)c(-c2nc(NCc3cccnc3)c3ccccc3n2)c1,IC50,46.0,nM,7.34,-9.041
CHEMBL4218431,N#Cc1ccc(O)c(-c2nc(NCc3cnccn3)c3ccccc3n2)c1,IC50,17.0,nM,7.77,-8.874
CHEMBL4215703,Cc1cc(=O)n(-c2ccc(F)cc2)nc1C(=O)Nc1ccc(Oc2ncnc3ccsc23)c(F)c1,IC50,6900.0,nM,5.16,-10.255
CHEMBL4211949,C=CC(=O)N[C@@H]1Cn2c(c(-c3ccc(Oc4ccccc4)cc3)c3c(N)ncnc32)C1=C,IC50,1.3,nM,8.89,-9.977
CHEMBL4217461,COc1cccc(CNc2ccnc3oc4ccc([N+](=O)[O-])cc4c23)c1,Ki,2740.0,nM,5.56,-8.867
CHEMBL4217976,COc1ccc(CNc2ccnc3oc4ccc([N+](=O)[O-])cc4c23)cc1,Ki,2050.0,nM,5.69,-8.805
CHEMBL4204320,Nc1cccc(CNc2ccnc3oc4ccc([N+](=O)[O-])cc4c23)c1,Ki,3590.0,nM,5.45,-9.273
CHEMBL4211341,O=[N+]([O-])c1cccc(CNc2ccnc3oc4ccc([N+](=O)[O-])cc4c23)c1,Ki,930.0,nM,6.03,-9.276
CHEMBL4210187,COc1cccc(CNc2ccnc3oc4ccc(N)cc4c23)c1,Ki,170.0,nM,6.77,-8.709
CHEMBL4203339,Nc1ccc2oc3nccc(NCc4cccc(Cl)c4)c3c2c1,Ki,400.0,nM,6.4,-8.68
CHEMBL4213021,Nc1ccc2oc3nccc(NCc4cccc(Br)c4)c3c2c1,Ki,230.0,nM,6.64,-8.824
CHEMBL4206140,Nc1cccc(CNc2ccnc3oc4ccc(N)cc4c23)c1,Ki,940.0,nM,6.03,-8.903
CHEMBL4217440,COc1cccc(CNc2ccnc3[nH]c4ccc([N+](=O)[O-])cc4c23)c1,Ki,330.0,nM,6.48,-9.027
CHEMBL4207398,O=[N+]([O-])c1ccc2[nH]c3nccc(NCc4cccc(Cl)c4)c3c2c1,Ki,80.0,nM,7.1,-9.015
CHEMBL4214266,O=[N+]([O-])c1ccc2[nH]c3nccc(NCc4cccc(Br)c4)c3c2c1,Ki,110.0,nM,6.96,-8.984
CHEMBL4217693,COc1cccc(CNc2ccnc3[nH]c4ccc(N)cc4c23)c1,Ki,320.0,nM,6.5,-8.594
CHEMBL4209480,Nc1ccc2[nH]c3nccc(NCc4cccc(Cl)c4)c3c2c1,Ki,140.0,nM,6.85,-8.786
CHEMBL4214387,Nc1ccc2[nH]c3nccc(NCc4cccc(Br)c4)c3c2c1,Ki,110.0,nM,6.96,-8.721
CHEMBL4214496,O=C(NC(CO)Cc1ccccc1)c1cc2cc(Cl)ccc2[nH]1,IC50,800.0,nM,6.1,-8.308
CHEMBL4209588,Cc1c(C(=O)NC(CO)Cc2ccccc2)[nH]c2ccc(Cl)cc12,IC50,500.0,nM,6.3,-8.306
CHEMBL4207316,CCc1c(C(=O)NC(CO)Cc2ccccc2)[nH]c2ccc(C(F)(F)F)cc12,IC50,900.0,nM,6.05,-7.712
CHEMBL4208745,O=c1[nH]c(Cc2ccccc2)cn2c1cc1cc(Cl)ccc12,IC50,2400.0,nM,5.62,-9.018
CHEMBL4208224,Cc1c2cc(Cl)ccc2n2cc(Cc3ccccc3)[nH]c(=O)c12,IC50,1700.0,nM,5.77,-9.502
CHEMBL4213146,CCc1c2cc(C(F)(F)F)ccc2n2cc(Cc3ccccc3)[nH]c(=O)c12,IC50,3900.0,nM,5.41,-9.731
CHEMBL4207750,CCS(=O)(=O)Nc1cc(-c2ccc3ncnc(Nc4ccc(F)c(Cl)c4)c3c2)cnc1OC,IC50,2.4,nM,8.62,-10.036
CHEMBL4206585,CCS(=O)(=O)Nc1cc(-c2ccc3ncnc(Nc4cccc(C(=O)OC)c4)c3c2)cnc1OC,IC50,409.0,nM,6.39,-9.591
CHEMBL4209801,CN1CCN(c2ccc(Nc3cc4c(N5CCCC5)nc(Nc5ccccc5)nc4cn3)nc2)CC1,IC50,2.3,nM,8.64,-9.796
CHEMBL4206716,CN1CCN(c2ccc(Nc3cc4c(N5CCCCC5)nc(Nc5ccccc5)nc4cn3)nc2)CC1,IC50,1.1,nM,8.96,-9.979
CHEMBL4206288,CN1CCN(c2ccc(Nc3cc4c(N5CCOCC5)nc(Nc5ccccc5)nc4cn3)nc2)CC1,IC50,2.1,nM,8.68,-9.947
CHEMBL4229213,O=C(N/N=C/c1cccs1)N1CCc2ncnc(Nc3ccc(F)c(Cl)c3)c2C1,IC50,62.5,nM,7.2,-9.051
CHEMBL4227281,Cc1ccc(/C=N/NC(=O)N2CCc3ncnc(Nc4cccc(C(F)(F)F)c4)c3C2)cc1,IC50,24.2,nM,7.62,-10.416
CHEMBL4226965,C=CC(=O)Nc1cccc(NC(=O)Nc2ccnc(Nc3ccc(N4CCN(C)CC4)cc3)n2)c1,IC50,48.0,nM,7.32,-8.903
CHEMBL4227812,C=CC(=O)Nc1cccc(NC(=O)Nc2ccnc(Nc3ccc(OC)cc3OC)n2)c1,IC50,58.0,nM,7.24,-8.376
CHEMBL4229010,C=CC(=O)Nc1cccc(NC(=O)Nc2ccnc(Nc3ccc(N(CC)CC)cc3OC)n2)c1,IC50,12.0,nM,7.92,-8.24
CHEMBL4225517,C=CC(=O)Nc1cccc(NC(=O)Nc2ccnc(Nc3ccc(N(C)C)cc3)n2)c1,IC50,170.0,nM,6.77,-8.593
CHEMBL4227278,C=CC(=O)Nc1cccc(NC(=O)Nc2ccnc(Nc3ccc(N4CCOCC4)cc3)n2)c1,IC50,87.0,nM,7.06,-9.015
CHEMBL4226702,C=CC(=O)Nc1cccc(NC(=O)Nc2ccnc(Nc3ccc(N4CCOCC4)cc3OC)n2)c1,IC50,15.0,nM,7.82,-8.971
CHEMBL4227490,C=CC(=O)Nc1cccc(NC(=O)Nc2ccnc(Nc3ccccc3OC)n2)c1,IC50,192.0,nM,6.72,-8.624
CHEMBL4225571,C=CC(=O)Nc1cccc(NC(=O)Nc2ccnc(Nc3ccc(C4CCN(C)CC4)cc3)n2)c1,IC50,510.0,nM,6.29,-9.724
CHEMBL4228018,C=CC(=O)Nc1cccc(NC(=O)Nc2ccnc(Nc3ccc(OCCOC)cc3)n2)c1,IC50,266.0,nM,6.58,-7.986
CHEMBL4246256,Oc1cccc(Nc2nnnc3sc4c(c23)CCC4)c1,IC50,52110.0,nM,4.28,-9.383
CHEMBL4251297,Oc1ccc(Nc2nnnc3sc4c(c23)CCC4)cc1,IC50,38730.0,nM,4.41,-8.825
CHEMBL47173,O=C1Nc2ccccc2/C1=C/c1ccc(-c2cccs2)s1,IC50,10100.0,nM,5.0,-8.569
CHEMBL172517,CCOc1cc(O)c2c(=O)cc(-c3ccccc3)oc2c1,IC50,31800.0,nM,4.5,-8.337
CHEMBL4241867,O=C(N/N=C1\CC2(CCCC2)Oc2ccccc21)Nc1ccc(Cl)cc1,IC50,1900.0,nM,5.72,-10.336
CHEMBL4245415,Cc1coc2ncnc(N(C)c3ccc(N(C)C)cc3)c12,IC50,3.1,nM,8.51,-7.746
CHEMBL4250210,CNc1ccc(N(C)c2ncnc3occ(C)c23)cc1,IC50,6.4,nM,8.19,-7.558
CHEMBL4239716,CSc1ccc(N(C)c2ncnc3occ(C)c23)cc1,IC50,7.2,nM,8.14,-7.635
CHEMBL4242522,CCc1ccc(N(C)c2ncnc3occ(C)c23)cc1,IC50,4.0,nM,8.4,-7.829
CHEMBL4237916,CCCN(c1ccc(OC)cc1)c1ncnc2occ(C)c12,IC50,7.1,nM,8.15,-7.188
CHEMBL4250273,COc1ccc(N(c2ncnc3occ(C)c23)C(C)C)cc1,IC50,10.1,nM,8.0,-7.457
CHEMBL4241638,CCN(c1ccc(OC)cc1)c1ncnc2occ(C)c12,IC50,92.5,nM,7.03,-7.933
CHEMBL4245874,COc1ccc(Nc2ncnc3occ(C)c23)cc1,IC50,283.1,nM,6.55,-7.599
CHEMBL4250191,COc1ccc(N(C)c2ncnc3occ(C)c23)cc1,IC50,15.5,nM,7.81,-7.382
CHEMBL4290375,Cc1oc2ncnc(Nc3cccc(Cl)c3)c2c1C(=O)O,IC50,901.0,nM,6.04,-7.745
CHEMBL4285894,Cc1oc2ncnc(Nc3cccc(Br)c3)c2c1C(=O)O,IC50,752.0,nM,6.12,-7.741
CHEMBL4292715,Cc1oc2ncnc(Nc3cccc(Cl)c3)c2c1C(=O)NCCO,IC50,2700.0,nM,5.57,-8.032
CHEMBL4279863,O=C(N/N=C/c1cccn1CCCN1CCCC1)Nc1ccc(Oc2ccnc3[nH]ccc23)cc1,IC50,45000.0,nM,4.35,-9.618
CHEMBL4293145,C=C=CC(=O)Nc1cc(Nc2nccc(-c3cn(C)c4ccccc34)n2)c(OC)cc1O[C@H]1CCOC1,IC50,0.7,nM,9.15,-10.149
CHEMBL4282954,C=C=CC(=O)Nc1cc(Nc2nccc(-c3cn(C)c4ccccc34)n2)c(OC)cc1N1CCOCC1,IC50,0.6,nM,9.22,-10.304
CHEMBL4278815,C=C=CC(=O)Nc1cc(Nc2nccc(-c3cnn4ccccc34)n2)c(OC)cc1N(C)CCN(C)C,IC50,1.3,nM,8.89,-8.865
CHEMBL4279227,C=C=CC(=O)Nc1cc(Nc2nccc(-c3c[nH]c4ccccc34)n2)c(OC)cc1N(C)CCN(C)C,IC50,0.5,nM,9.3,-9.203
CHEMBL4282523,C=C=CC(=O)Nc1cc(Nc2nccc(-c3cn(C)c4ccccc34)n2)ccc1N(C)CCN(C)C,IC50,1.5,nM,8.82,-9.611
CHEMBL4280993,C=C=CC(=O)Nc1cc(Nc2nccc(-c3cn(C)c4ccccc34)n2)c(C)cc1N(C)CCN(C)C,IC50,2.7,nM,8.57,-9.459
CHEMBL4276965,COc1ccc(OC)c(Nc2cc(Nc3ccc(S(N)(=O)=O)cc3)ncn2)c1,IC50,467.0,nM,6.33,-8.005
CHEMBL4288300,COc1cccc(Nc2cc(Nc3cc(OC)ccc3OC)ncn2)c1,IC50,7.7,nM,8.11,-7.931
CHEMBL4280395,COc1ccc(OC)c(Nc2cc(Nc3ccc(F)cc3)ncn2)c1,IC50,208.0,nM,6.68,-8.251
CHEMBL4293690,COc1ccc(OC)c(Nc2cc(Nc3ccc(N4CCN(C)CC4)cc3)ncn2)c1,IC50,288.0,nM,6.54,-8.424
CHEMBL4283097,COc1ccc(OC)c(Nc2cc(NCCc3cccs3)ncn2)c1,IC50,102.0,nM,6.99,-7.192
CHEMBL4283517,COc1cc(Nc2cc(Nc3ccc(Cl)cc3)ncn2)cc(OC)c1OC,IC50,901.0,nM,6.04,-7.534
CHEMBL4286871,CCNc1cc(Nc2cccc(Cl)c2)ncn1,IC50,170.0,nM,6.77,-7.08
CHEMBL4288262,Clc1ccc(Nc2cc(Nc3cccc(Cl)n3)ncn2)cc1,IC50,229.0,nM,6.64,-8.343
CHEMBL4283823,COc1ccc(Nc2cc(NC(=O)c3ccccc3)ncn2)cc1,IC50,26.0,nM,7.58,-8.87
CHEMBL1379917,O=C(Nc1cc(N2CCOCC2)ncn1)c1ccc(F)cc1,IC50,63.0,nM,7.2,-8.448
CHEMBL4282460,O=C(O)CCCC(=O)Nc1cc(Nc2cccc(Cl)c2)ncn1,IC50,7.0,nM,8.15,-7.468
CHEMBL4290750,CCOC(=O)c1ccc(Nc2cc(NC(=O)CCCC(=O)O)ncn2)cc1,IC50,21.0,nM,7.68,-7.94
CHEMBL4282879,COc1ccc(OC)c(Nc2cc(NC(=O)CCCC(=O)O)ncn2)c1,IC50,68.0,nM,7.17,-7.626
CHEMBL4294156,COc1cccc(Nc2cc(NC(=O)CCCC(=O)O)ncn2)c1,IC50,12.0,nM,7.92,-7.839
CHEMBL4286263,O=C(O)CCCC(=O)Nc1cc(Nc2cccc(Br)c2)ncn1,IC50,70.0,nM,7.16,-8.31
CHEMBL4283970,O=C(O)CCCC(=O)Nc1cc(N2CCOCC2)ncn1,IC50,11.0,nM,7.96,-7.097
CHEMBL4283061,CCOC(=O)CCCC(=O)Nc1cc(Nc2cccc(Cl)c2)ncn1,IC50,27.0,nM,7.57,-7.049
CHEMBL4292110,CCOC(=O)c1ccc(Nc2cc(Nc3cccc(OC)c3)ncn2)cc1,IC50,1188.0,nM,5.92,-7.77
CHEMBL4284911,COc1cccc(Nc2cc(Nc3ccc(S(N)(=O)=O)cc3)ncn2)c1,IC50,1229.0,nM,5.91,-8.0
CHEMBL4293134,CCOc1ccc(Nc2cc(NC(=O)c3ccccc3)ncn2)cc1,IC50,754.0,nM,6.12,-8.525
CHEMBL4281413,O=C(Nc1cc(Nc2ccc(Cl)cc2)ncn1)c1ccc(F)cc1,IC50,1409.0,nM,5.85,-8.255
CHEMBL4278997,O=C(O)CCCC(=O)Nc1cc(Nc2ccccc2)ncn1,IC50,105.0,nM,6.98,-7.35
CHEMBL4289682,O=C(O)CCCC(=O)Nc1cc(Nc2ccc(Cl)cc2)ncn1,IC50,944.0,nM,6.03,-8.036
CHEMBL4288761,CCOC(=O)CCC(=O)Nc1cc(Nc2cccc(Br)c2)ncn1,IC50,933.0,nM,6.03,-7.646
CHEMBL4278031,COc1cccc(Nc2cc(Nc3cccc(Cl)c3)ncn2)c1,IC50,974.0,nM,6.01,-8.355
CHEMBL4287629,O=C(O)CCC(=O)Nc1cc(Nc2ccc(Cl)cc2)ncn1,IC50,792.0,nM,6.1,-8.123
CHEMBL4292351,C=CC(=O)Nc1cccc(Nc2nc(Nc3ccc(CN4CCOCC4)cc3OC)ncc2Cl)c1,IC50,17.0,nM,7.77,-10.216
CHEMBL4291935,C=CC(=O)Nc1cccc(Nc2nc(Nc3ccc(CN4CCOCC4)cc3)ncc2F)c1,IC50,80.8,nM,7.09,-10.278
CHEMBL4284071,C=CC(=O)Nc1cccc(Nc2nc(Nc3ccc(CN4CCOCC4)cc3)ncc2Cl)c1,IC50,0.71,nM,9.15,-10.249
CHEMBL4291900,C=CC(=O)Nc1cccc(Nc2nc(Nc3ccc(OCCN4CCOCC4)cc3)ncc2Cl)c1,IC50,94.7,nM,7.02,-8.946
CHEMBL4288482,C=CC(=O)Nc1cccc(Nc2nc(Nc3ccc(CC(=O)N4CCOCC4)cc3)ncc2Cl)c1,IC50,96.6,nM,7.01,-11.007
CHEMBL4277822,C=CC(=O)Nc1cccc(Oc2nc(Nc3ccc(CC(=O)N4CCOCC4)cc3)ncc2Cl)c1,IC50,100.5,nM,7.0,-10.488
CHEMBL4280174,C=CC(=O)Nc1ccccc1Nc1nc(Nc2ccc(CN3CCOCC3)cc2)ncc1Cl,IC50,15.3,nM,7.82,-9.29
CHEMBL4288080,C=CC(=O)Nc1ccccc1Nc1nc(Nc2ccc(OCCN3CCOCC3)cc2)ncc1Cl,IC50,13.4,nM,7.87,-9.145
CHEMBL4284413,O=C(Nc1nccs1)C(c1ccccc1)N1Cc2ccccc2C1=O,IC50,24.0,nM,7.62,-8.918
CHEMBL4280817,O=C1CSC(N2N=C(c3ccncc3)CC2c2ccc(Br)cc2)=N1,IC50,9.0,nM,8.05,-7.989
CHEMBL4286998,c1ccc(-c2nc3sc(-c4ccccc4)cn3n2)cc1,IC50,9800.0,nM,5.01,-8.132
CHEMBL4282482,Clc1ccc(-c2cn3nc(-c4ccccc4)nc3s2)cc1,IC50,7200.0,nM,5.14,-8.205
CHEMBL4290355,COc1ccc(-c2nc3sc(-c4ccccc4)cn3n2)cc1,IC50,5600.0,nM,5.25,-8.041
CHEMBL4279008,COc1ccc(-c2nc3sc(-c4ccc(Cl)cc4)cn3n2)cc1,IC50,1500.0,nM,5.82,-7.863
CHEMBL4286943,COc1cc(-c2nc3sc(-c4ccccc4)cn3n2)cc(OC)c1OC,IC50,2800.0,nM,5.55,-7.642
CHEMBL4289274,COc1cc(-c2nc3sc(-c4ccc(Cl)cc4)cn3n2)cc(OC)c1OC,IC50,1700.0,nM,5.77,-7.711
CHEMBL4288648,O=C1Nc2ccc(S(=O)(=O)N3CCOCC3)cc2/C1=N/c1ccc(O)cc1,IC50,751.0,nM,6.12,-8.68
CHEMBL4281426,O=C1Nc2ccc(S(=O)(=O)N3CCOCC3)cc2/C1=N/Nc1ccccc1,IC50,46.0,nM,7.34,-8.964
CHEMBL4282506,N#CCC(=O)N/N=C1\C(=O)Nc2ccc(S(=O)(=O)N3CCOCC3)cc21,IC50,23.0,nM,7.64,-8.278
CHEMBL4289728,N=c1oc2ccccc2cc1C(=O)N/N=C1\C(=O)Nc2ccc(S(=O)(=O)N3CCOCC3)cc21,IC50,205.0,nM,6.69,-11.003
CHEMBL4561572,O=[N+]([O-])c1ccc(/C=N/Nc2nnc(-c3ccncc3)o2)cc1,IC50,412.3,nM,6.38,-7.716
CHEMBL4535881,O=C(Nc1ccccc1)Nc1nnc(-c2cccnc2)o1,IC50,275.7,nM,6.56,-8.538
CHEMBL4569755,Clc1ccc(/C=N/c2nnc(-c3cccnc3)o2)cc1,IC50,1128.9,nM,5.95,-7.802
CHEMBL4444231,CC(C)(O)Cn1/c(=N/C(=O)c2cccc(-c3cccnc3)c2)[nH]c2ccccc21,IC50,173.0,nM,6.76,-9.339
CHEMBL4449589,CC(C)(O)Cn1/c(=N/C(=O)c2ccnc(-c3cccnc3)c2)[nH]c2ccccc21,IC50,35.0,nM,7.46,-8.948
CHEMBL4519157,O=C1/N=C2\Nc3ccccc3N2CCCCCOc2ccccc2-c2cc1ccn2,IC50,3.0,nM,8.52,-9.589
CHEMBL4591327,CC(C)(O)Cn1/c(=N/C(=O)c2cc(F)cc(-c3cccnc3)c2)[nH]c2ccccc21,IC50,250.0,nM,6.6,-9.501
CHEMBL4532034,COc1ccncc1-c1cc(C(=O)/N=c2\[nH]c3ccccc3n2CC(C)(C)O)ccn1,IC50,1.0,nM,9.0,-9.301
CHEMBL4550104,Cc1cc2cc(n1)-c1cnn(C)c1OCCCCCN1/C(=N/C2=O)Nc2ccccc21,IC50,1.0,nM,9.0,-10.825
CHEMBL4434788,CC(C)(O)Cn1/c(=N/C(=O)c2ccnc(-c3ccccc3)c2)[nH]c2ccccc21,IC50,22.0,nM,7.66,-9.367
CHEMBL4525935,Cn1cc(-c2cc(C(=O)/N=c3\[nH]c4ccccc4n3CC(C)(C)O)ccn2)cn1,IC50,43.0,nM,7.37,-9.147
CHEMBL4562138,Cc1cc2cc(n1)-c1cnn(C)c1OCCC[C@@H](C)CN1/C(=N/C2=O)Nc2ccccc21,IC50,0.8,nM,9.1,-9.775
CHEMBL4566193,Cn1ncc2c1OCCCCCN1/C(=N/C(=O)c3cc(F)nc-2c3)Nc2ccccc21,IC50,1.2,nM,8.92,-10.219
CHEMBL4586581,COc1cc2ncnc(Nc3ccc(F)c(Cl)c3)c2cc1OCCCN1CCNCCNCC1,IC50,8.3,nM,8.08,-9.268
CHEMBL4474073,COCCCOc1cc2ncnc(Nc3ccc(F)c(Cl)c3)c2cc1NC(=O)/C=C/CN(C)C,IC50,0.76,nM,9.12,-8.154
CHEMBL4577883,COC[C@@H](C)Oc1cc2ncnc(Nc3ccc(F)c(Cl)c3)c2cc1NC(=O)/C=C/CN(C)C,IC50,0.94,nM,9.03,-8.078
CHEMBL4443188,COC[C@H](C)Oc1cc2ncnc(Nc3ccc(F)c(Cl)c3)c2cc1NC(=O)/C=C/CN(C)C,IC50,2.73,nM,8.56,-8.055
CHEMBL4473875,CCOCCOc1cc2ncnc(Nc3ccc(F)c(Cl)c3)c2cc1NC(=O)/C=C/CN(C)C,IC50,0.69,nM,9.16,-7.924
CHEMBL4441392,Cc1cc(=O)n2nc(SCc3ccc(F)cc3)nc2[nH]1,IC50,52.0,nM,7.28,-7.88
CHEMBL4567599,Cc1cc(=O)n2nc(SCc3ccc(C(C)(C)C)cc3)nc2[nH]1,IC50,86.0,nM,7.07,-8.361
CHEMBL4456976,Cc1cc(=O)n2nc(SCc3ccc(C(C)C)cc3)nc2[nH]1,IC50,62.0,nM,7.21,-8.424
CHEMBL4435632,Cc1cc(=O)n2nc(SCc3cccc(C(F)(F)F)c3)nc2[nH]1,IC50,81.0,nM,7.09,-8.434
CHEMBL4539566,Cc1ccc(CSc2nc3[nH]c(C)cc(=O)n3n2)cc1,IC50,168.0,nM,6.78,-8.091
CHEMBL3818535,Cc1cc(=O)n2nc(SCc3ccc(Cl)cc3)nc2[nH]1,IC50,54.0,nM,7.27,-7.887
CHEMBL2178513,Cc1cc(O)n2nc(SCc3cccc(Cl)c3)nc2n1,IC50,59.0,nM,7.23,-7.948
CHEMBL4445265,Cc1cc(=O)n2nc(SCc3ccc([N+](=O)[O-])cc3)nc2[nH]1,IC50,76.0,nM,7.12,-7.965
CHEMBL4565086,Cc1cc(=O)n2nc(SCc3cccc([N+](=O)[O-])c3)nc2[nH]1,IC50,77.0,nM,7.11,-8.135
CHEMBL4570484,Cc1cc(=O)n2nc(SCc3ccc(Cl)cc3Cl)nc2[nH]1,IC50,141.0,nM,6.85,-8.052
CHEMBL4436337,C=CC(=O)Nc1cccc(Nc2ncnc3cc(OC)c(OCCN4CCOCC4)cc23)c1,IC50,4.3,nM,8.37,-8.924
CHEMBL4516586,C=CC(=O)Nc1ccc(Nc2ncnc3cc(OC)c(OCCN4CCOCC4)cc23)cc1,IC50,4.3,nM,8.37,-8.634
CHEMBL4553708,OCCNc1nc(Nc2cccc(F)c2)c2cn[nH]c2n1,IC50,66100.0,nM,4.18,-7.651
CHEMBL3707348,CC#CC(=O)N1CCC[C@H]1c1nc(-c2ccc(C(=O)Nc3ccccn3)cc2)c2c(N)nccn12,Kd,170.0,nM,6.77,-9.686
CHEMBL4072833,C=CC(=O)N1CCC(CNc2ncnc(N)c2-c2ccc(Oc3ccccc3)cc2)CC1,IC50,5800.0,nM,5.24,-9.484
CHEMBL4531109,O=C1Nc2ccccc2N/C1=C\C(=O)c1cccc2ccccc12,IC50,370.0,nM,6.43,-10.917
CHEMBL4476544,C=CC(=O)Nc1cc2c(Nc3ccc(F)c(Cl)c3)ncnc2cc1OCc1cn(CCCO)nn1,IC50,4.0,nM,8.4,-8.99
CHEMBL4468148,C=CC(=O)N1CCC[C@H](Nc2ncnc(N)c2-c2ccc(Oc3ccccc3)cc2)C1,IC50,550.0,nM,6.26,-8.881
CHEMBL4464879,C=CC(=O)Nc1cc(Nc2nccc(-c3cn(C)c4ccccc34)n2)c(OC)cc1N(C)CCO,IC50,101.0,nM,7.0,-8.769
CHEMBL4536146,C=CC(=O)Nc1cc(Nc2nccc(-c3cn(C)c4cccnc34)n2)c(OC)cc1N(C)CCNC,IC50,6600.0,nM,5.18,-9.004
CHEMBL4575647,C=CC(=O)Nc1cc(Nc2nccc(-c3cn(C)c4cccnc34)n2)c(OC)cc1NCCN(C)C,IC50,12000.0,nM,4.92,-8.767
CHEMBL4456234,C=CC(=O)Nc1cc(Nc2nccc(NC(=O)c3ccccc3)n2)c(OC)cc1N1CCN(C)CC1,IC50,120.7,nM,6.92,-9.698
CHEMBL4575697,C=CC(=O)Nc1cc(Nc2nccc(NC(=O)c3ccccc3)n2)c(OC)cc1N(C)CCN(C)C,IC50,142.7,nM,6.85,-8.67
CHEMBL4476791,C=CC(=O)Nc1cc(Nc2nccc(NC(=O)c3ccccc3)n2)c(OC)cc1N(C)C,IC50,2.213,nM,8.65,-8.88
CHEMBL4569552,C=CC(=O)Nc1cc(Nc2nccc(NC(=O)c3ccc(OC)c(OC)c3)n2)c(OC)cc1N(C)C,IC50,40.19,nM,7.4,-8.948
CHEMBL4440618,CCOc1cc2ncnc(Nc3ccc(F)c(Cl)c3)c2cc1OC(=O)CCl,IC50,0.87,nM,9.06,-7.856
CHEMBL4435699,C=CC(=O)Oc1cc2c(Nc3ccc(F)c(Cl)c3)ncnc2cc1OCC,IC50,15.0,nM,7.82,-7.933
CHEMBL4572315,CCOc1cc2ncnc(Nc3ccc(F)c(Cl)c3)c2cc1OC(=O)CSc1nccn1C,IC50,11.0,nM,7.96,-8.571
CHEMBL4526992,CCOc1cc2ncnc(Nc3ccc(F)c(Cl)c3)c2cc1OC(=O)CSc1ncc[nH]1,IC50,0.62,nM,9.21,-8.5
CHEMBL4439974,CCOc1cc2ncnc(Nc3ccc(F)c(Cl)c3)c2cc1NC(=O)COC(C)=O,IC50,0.52,nM,9.28,-8.402
CHEMBL4449681,CCOc1cc2ncnc(Nc3ccc(F)c(Cl)c3)c2cc1NC(=O)CO,IC50,0.34,nM,9.47,-8.23
CHEMBL4579429,C=CC(=O)N(c1ccc(F)cc1F)c1ncnc2cc(OC)c(OCCCN3CCOCC3)cc12,IC50,302.0,nM,6.52,-8.862
CHEMBL4448162,COc1cc2ncnc(Nc3ccc(Cl)c(Cl)c3)c2cc1OCCCN1CCOCC1,IC50,1.0,nM,9.0,-8.232
CHEMBL4555488,C=CC(=O)N(c1ccc(F)c(F)c1)c1ncnc2cc(OC)c(OCCCN3CCOCC3)cc12,IC50,368.0,nM,6.43,-8.555
CHEMBL4448712,C=CC(=O)N(c1ccc(F)c(C)c1)c1ncnc2cc(OC)c(OCCCN3CCOCC3)cc12,IC50,499.0,nM,6.3,-8.236
CHEMBL4520801,C=CC(=O)N1CCC[C@@H](n2nc(-c3ccc(Oc4ccc(Cl)cc4)cc3)c(C(N)=O)c2N)C1,IC50,15.0,nM,7.82,-9.416
CHEMBL4469663,N#CN1CCC[C@@H](n2nc(-c3ccc(Oc4ccc(Cl)cn4)cc3)c(C(N)=O)c2N)C1,IC50,15400.0,nM,4.81,-8.518
CHEMBL4436118,N#CN1CCC[C@@H](n2nc(-c3ccc(Oc4ccccc4)cc3)c(C(N)=O)c2N)C1,IC50,1710.0,nM,5.77,-8.247
CHEMBL4456283,N#CN1CCC[C@@H](n2nc(-c3ccc(Oc4ccc(Cl)cc4)cc3)c(C(N)=O)c2N)C1,IC50,3890.0,nM,5.41,-8.682
CHEMBL4560385,N#CN1CCC[C@@H](n2nc(-c3ccc(Oc4ccc(F)cc4F)cc3)c(C(N)=O)c2N)C1,IC50,16800.0,nM,4.78,-8.997
CHEMBL4442732,C=CC(=O)N1CCC[C@@H](n2nc(-c3ccc(Oc4ccc(F)cc4F)cc3)c(C(N)=O)c2N)C1,IC50,26.0,nM,7.58,-8.748
CHEMBL4591391,C=C(F)C(=O)N1CCC[C@@H](n2nc(-c3ccc(Oc4ccc(F)cc4F)cc3)c(C(N)=O)c2N)C1,IC50,570.0,nM,6.24,-9.142
CHEMBL4440096,NC(=O)c1c(-c2ccc(Oc3ccc(F)cc3F)cc2)nn([C@@H]2CCCN(C(=O)/C=C/CO)C2)c1N,IC50,2910.0,nM,5.54,-9.646
CHEMBL4556666,NC(=O)c1c(-c2ccc(Oc3ccc(F)cc3F)cc2)nn([C@@H]2CCCN(C(=O)/C=C/CF)C2)c1N,IC50,2180.0,nM,5.66,-9.719
CHEMBL4576626,COc1ccc(-n2cc(NC(=O)c3ccc(NS(=O)(=O)c4ccc(Cl)cc4)cc3)cn2)cc1,IC50,16180.0,nM,4.79,-8.658
CHEMBL4549295,Cc1ccc(-n2cc(NC(=O)c3ccc(NS(=O)(=O)c4ccc(Cl)cc4)cc3)cn2)cc1,IC50,12450.0,nM,4.91,-9.092
CHEMBL4459564,O=C(Nc1cnn(-c2ccccc2)c1)c1ccc(NS(=O)(=O)c2ccc(Cl)cc2)cc1,IC50,18690.0,nM,4.73,-9.372
CHEMBL4442932,COc1cccc(-n2cc(NC(=O)c3ccc(NS(=O)(=O)c4ccccc4)cc3)cn2)c1,IC50,24130.0,nM,4.62,-8.974
CHEMBL4448424,COc1ccc(-n2cc(NC(=O)c3ccc(NS(=O)(=O)c4ccccc4)cc3)cn2)cc1,IC50,26150.0,nM,4.58,-8.798
CHEMBL4470214,Cc1ccc(-n2cc(NC(=O)c3ccc(NS(=O)(=O)c4ccccc4)cc3)cn2)cc1,IC50,18260.0,nM,4.74,-9.29
CHEMBL4445843,O=C(Nc1cnn(-c2ccccc2)c1)c1ccc(NS(=O)(=O)c2ccccc2)cc1,IC50,25410.0,nM,4.59,-9.079
CHEMBL4522594,Cn1cc(NC(=O)c2ccc(NS(=O)(=O)c3ccccc3)cc2)cn1,IC50,36840.0,nM,4.43,-8.361
CHEMBL4554486,COc1cccc(-n2cc(NC(=O)c3cccc(NS(=O)(=O)c4ccc(Cl)cc4)c3)cn2)c1,IC50,15630.0,nM,4.81,-9.475
CHEMBL4471464,COc1ccc(-n2cc(NC(=O)c3cccc(NS(=O)(=O)c4ccc(Cl)cc4)c3)cn2)cc1,IC50,15330.0,nM,4.81,-8.709
CHEMBL4460897,Cc1ccc(-n2cc(NC(=O)c3cccc(NS(=O)(=O)c4ccc(Cl)cc4)c3)cn2)cc1,IC50,8770.0,nM,5.06,-9.461
CHEMBL4439053,O=C(Nc1cnn(-c2ccccc2)c1)c1cccc(NS(=O)(=O)c2ccc(Cl)cc2)c1,IC50,10580.0,nM,4.98,-9.314
CHEMBL4455321,Cn1cc(NC(=O)c2cccc(NS(=O)(=O)c3ccc(Cl)cc3)c2)cn1,IC50,30450.0,nM,4.52,-8.529
CHEMBL4520103,COc1cccc(-n2cc(NC(=O)c3cccc(NS(=O)(=O)c4ccccc4)c3)cn2)c1,IC50,22850.0,nM,4.64,-9.23
CHEMBL4530048,COc1ccc(-n2cc(NC(=O)c3cccc(NS(=O)(=O)c4ccccc4)c3)cn2)cc1,IC50,26970.0,nM,4.57,-9.096
CHEMBL4549604,Cc1ccc(-n2cc(NC(=O)c3cccc(NS(=O)(=O)c4ccccc4)c3)cn2)cc1,IC50,9570.0,nM,5.02,-9.591
CHEMBL4459052,O=C(Nc1cnn(-c2ccccc2)c1)c1cccc(NS(=O)(=O)c2ccccc2)c1,IC50,15360.0,nM,4.81,-9.57
CHEMBL4552065,Cn1cc(NC(=O)c2cccc(NS(=O)(=O)c3ccccc3)c2)cn1,IC50,34280.0,nM,4.46,-8.535
CHEMBL4446630,COc1cc(Nc2ncnc3ccc(C(F)(F)F)cc23)cc(OC)c1OC,Kd,6100.0,nM,5.21,-8.189
CHEMBL311959,COc1cc2nccc(Nc3cc(OC)c(OC)c(OC)c3)c2cc1OC,Kd,410.0,nM,6.39,-7.409
CHEMBL309682,COc1cc2ncnc(Nc3cc(OC)c(OC)c(OC)c3)c2cc1OC,Kd,22.0,nM,7.66,-7.279
CHEMBL81073,COc1cc2ncc(C#N)c(Nc3cc(OC)c(OC)c(OC)c3)c2cc1OC,Kd,7.4,nM,8.13,-7.575
CHEMBL4440586,C#Cc1cccc(Nc2c(C#N)cnc3cc(OC)c(OC)cc23)c1,Kd,1.8,nM,8.74,-7.795
CHEMBL4468521,COCCOc1cc2ncnc(Nc3cc(OC)c(OC)c(OC)c3)c2cc1OCCOC,Kd,53.0,nM,7.28,-6.776
CHEMBL4440012,COc1ccc(/C(CSc2nc3c([nH]2)c(=O)n(C)c(=O)n3C)=N\O)cc1,IC50,320.0,nM,6.5,-8.083
CHEMBL4525168,Cn1c(=O)c2[nH]c(SC/C(=N/O)c3ccc(Cl)cc3)nc2n(C)c1=O,IC50,400.0,nM,6.4,-8.148
CHEMBL4439837,Cn1c(=O)c2[nH]c(SC/C(=N/O)c3ccc(Br)cc3)nc2n(C)c1=O,IC50,450.0,nM,6.35,-8.075
CHEMBL4441404,COc1ccc(/C(CSc2nc3[nH]c(=O)n(C)c(=O)c3[nH]2)=N\O)cc1,IC50,710.0,nM,6.15,-8.098
CHEMBL4529183,Cn1c(=O)[nH]c2nc(SC/C(=N/O)c3ccc(Cl)cc3)[nH]c2c1=O,IC50,820.0,nM,6.09,-8.343
CHEMBL4586164,Cn1c(=O)[nH]c2nc(SC/C(=N/O)c3ccc(Br)cc3)[nH]c2c1=O,IC50,2880.0,nM,5.54,-8.359
CHEMBL4456370,OC(c1cccs1)c1cc2ccccc2nc1Cl,IC50,6300.0,nM,5.2,-7.859
CHEMBL4462528,COc1cc(NC(=O)C2CC2)ccc1Nc1ncc(Cl)c(Nc2ccccc2NC(C)=O)n1,IC50,617.0,nM,6.21,-8.814
CHEMBL4557993,CC(C)=CC[C@@H](OC(=O)/C=C\C(=O)c1ccc(C)cc1)C1=CC(=O)c2c(O)ccc(O)c2C1=O,IC50,45.2,nM,7.34,-8.81
CHEMBL4575374,CC(C)=CC[C@@H](OC(=O)/C=C\C(=O)c1ccc(C)c(C)c1)C1=CC(=O)c2c(O)ccc(O)c2C1=O,IC50,118.6,nM,6.93,-10.104
CHEMBL4529521,CCc1ccc(C(=O)/C=C\C(=O)O[C@H](CC=C(C)C)C2=CC(=O)c3c(O)ccc(O)c3C2=O)cc1,IC50,50.8,nM,7.29,-9.825
CHEMBL4448428,CC(C)=CC[C@@H](OC(=O)/C=C\C(=O)c1ccc(Cl)cc1)C1=CC(=O)c2c(O)ccc(O)c2C1=O,IC50,32.5,nM,7.49,-8.757
CHEMBL4463094,CC(C)=CC[C@@H](OC(=O)/C=C\C(=O)c1ccc(F)cc1)C1=CC(=O)c2c(O)ccc(O)c2C1=O,IC50,22.7,nM,7.64,-9.867
CHEMBL4571687,CC(C)=CC[C@@H](OC(=O)/C=C\C(=O)c1ccc(C)c(F)c1)C1=CC(=O)c2c(O)ccc(O)c2C1=O,IC50,107.2,nM,6.97,-9.096
CHEMBL4553504,CC(C)=CC[C@@H](OC(=O)/C=C\C(=O)c1ccc(C)cc1F)C1=CC(=O)c2c(O)ccc(O)c2C1=O,IC50,120.2,nM,6.92,-10.141
CHEMBL4452957,CC(C)=CC[C@@H](OC(=O)/C=C\C(=O)c1cc(F)ccc1C)C1=CC(=O)c2c(O)ccc(O)c2C1=O,IC50,23.4,nM,7.63,-8.969
CHEMBL9470,CC(C)=CC[C@@H](O)C1=CC(=O)c2c(O)ccc(O)c2C1=O,IC50,139.2,nM,6.86,-7.91
CHEMBL4520903,O=C1c2ccccc2Nc2ccc(F)cc2N1Cc1ccccc1,IC50,39.0,nM,7.41,-9.456
CHEMBL4452106,O=C(Nc1nccs1)[C@@H](c1cc(F)ccc1O)N1Cc2ccccc2C1=O,IC50,2.0,nM,8.7,-9.416
CHEMBL3977187,NC(=O)c1c(-c2ccc(Oc3ccccc3)cc2)nn2c1[nH]c1ccc(N)cc12,IC50,5.9,nM,8.23,-9.578
CHEMBL3948065,C=CC(=O)Nc1ccc2[nH]c3c(C(N)=O)c(-c4ccc(Oc5ccccc5)cc4)nn3c2c1,IC50,2.2,nM,8.66,-9.966
CHEMBL3921167,C=CC(=O)Nc1cccc(C2CCNc3c(C(N)=O)c(-c4ccc(Oc5ccccc5)cc4)nn32)c1,IC50,141.0,nM,6.85,-10.402
CHEMBL3979176,C=CC(=O)Nc1ccc(C2CCNc3c(C(N)=O)c(-c4ccc(Oc5ccccc5)cc4)nn32)cc1,IC50,169.0,nM,6.77,-8.828
CHEMBL3897911,C=CC(=O)N(C)c1ccccc1C1CCNc2c(C(N)=O)c(-c3ccc(Oc4ccccc4)cc3)nn21,IC50,3.1,nM,8.51,-10.273
CHEMBL3904488,C=CC(=O)Nc1ccccc1C1CCNc2c(C(N)=O)c(-c3ccc(OC4CCCC4)cc3)nn21,IC50,0.79,nM,9.1,-8.94
CHEMBL3917026,C=CC(=O)Nc1ccccc1C1CCNc2c(C(N)=O)c(-c3ccc(OCC4CC4)cc3)nn21,IC50,0.3,nM,9.52,-8.889
CHEMBL3890068,C=CC(=O)Nc1ccccc1C1CCNc2c(C(N)=O)c(-c3ccc(OCCOC)cc3)nn21,IC50,0.63,nM,9.2,-8.155
CHEMBL3926191,C=CC(=O)Nc1ccccc1C1CCNc2c(C(N)=O)c(-c3ccc(OC)cc3)nn21,IC50,0.48,nM,9.32,-8.734
CHEMBL3906546,C=CC(=O)Nc1ccccc1C1CCNc2c(C(N)=O)c(-c3ccc(OC(F)(F)F)cc3)nn21,IC50,0.46,nM,9.34,-9.244
CHEMBL3965262,C=CC(=O)Nc1ccccc1C1CCNc2c(C(N)=O)c(-c3ccc(C)cc3)nn21,IC50,0.34,nM,9.47,-9.049
CHEMBL3954175,C=CC(=O)Nc1ccccc1C1CCNc2c(C(N)=O)c(-c3ccc(C(F)(F)F)cc3)nn21,IC50,0.66,nM,9.18,-9.421
CHEMBL3910697,C=CC(=O)Nc1ccccc1C1CCNc2c(C(N)=O)c(-c3ccc(Cl)cc3)nn21,IC50,0.18,nM,9.74,-9.148
CHEMBL3908905,C=CC(=O)Nc1ccccc1C1CCNc2c(C(N)=O)c(-c3ccc(F)cc3)nn21,IC50,1.2,nM,8.92,-9.61
CHEMBL3936761,C=CC(=O)N1CCC([C@@H]2CCNc3c(C(N)=O)c(-c4ccc(Oc5ccccc5)cc4)nn32)CC1,IC50,2.4,nM,8.62,-10.101
CHEMBL3965549,C=CC(=O)N1CC(C2CCNc3c(C(N)=O)c(-c4ccc(Oc5ccccc5)cc4)nn32)C1,IC50,2.1,nM,8.68,-9.314
CHEMBL3977729,C=CC(=O)NCC1CCNc2c(C(N)=O)c(-c3ccc(Oc4ccccc4)cc3)nn21,IC50,0.72,nM,9.14,-9.449
CHEMBL3944698,C=CC(=O)NC1(C2CCNc3c(C(N)=O)c(-c4ccc(Oc5ccccc5)cc4)nn32)CC1,IC50,3.2,nM,8.49,-8.233
CHEMBL4447289,C=CC(=O)Nc1cccc(-c2noc3ncnc(N[C@H](CO)c4ccccc4)c23)c1,IC50,416.0,nM,6.38,-9.074
CHEMBL4447962,C=CC(=O)Nc1cccc(-c2c(C)sc3ncnc(N[C@H](CO)c4ccccc4)c23)c1,IC50,107.0,nM,6.97,-8.989
CHEMBL4556670,C=CC(=O)Nc1cccc(-c2csc3ncnc(N[C@H](CO)c4ccccc4)c23)c1,IC50,82.0,nM,7.09,-8.429
CHEMBL4448691,C=CC(=O)Nc1cccc(-c2c(C)oc3ncnc(N[C@H](CO)c4ccccc4)c23)c1,IC50,62.0,nM,7.21,-9.386
CHEMBL4441440,C=CC(=O)Nc1cccc(-c2coc3ncnc(N[C@H](CO)c4ccccc4)c23)c1,IC50,159.0,nM,6.8,-9.513
CHEMBL4549542,CN1CCN(C/C=C/C(=O)N2CCOc3cc4ncnc(Nc5ccc(F)c(Cl)c5)c4cc32)CC1,IC50,9.0,nM,8.05,-10.071
CHEMBL2441561,O=C(/C=C/CN1CCOCC1)N1CCOc2cc3ncnc(Nc4ccc(F)c(Cl)c4)c3cc21,IC50,7.0,nM,8.15,-9.798
CHEMBL4445017,O=C(/C=C/CN1CCCCC1)N1CCOc2cc3ncnc(Nc4ccc(F)c(Cl)c4)c3cc21,IC50,4.0,nM,8.4,-9.843
CHEMBL4476772,CCN(CC)C/C=C/C(=O)N1CCOc2cc3ncnc(Nc4ccc(F)c(Cl)c4)c3cc21,IC50,27.0,nM,7.57,-8.686
CHEMBL4561606,O=C(/C=C/CN1CCCC1)N1CCOc2cc3ncnc(Nc4ccc(F)c(Cl)c4)c3cc21,IC50,3.0,nM,8.52,-9.886
CHEMBL4465727,O=C(/C=C/Cn1ccnc1)N1CCOc2cc3ncnc(Nc4ccc(F)c(Cl)c4)c3cc21,IC50,550.0,nM,6.26,-9.546
CHEMBL4435619,O=C(/C=C/CN1CCCC1)N1CCCOc2cc3ncnc(Nc4ccc(F)c(Cl)c4)c3cc21,IC50,890.0,nM,6.05,-10.287
CHEMBL4541573,CN(C)C/C=C/C(=O)N1CCCOc2cc3ncnc(Nc4ccc(F)c(Cl)c4)c3cc21,IC50,360.0,nM,6.44,-8.988
CHEMBL4437803,O=C(Nc1cccc(NC(=O)c2ccccn2)c1)NC1CCCCC1,IC50,147.0,nM,6.83,-8.436
CHEMBL4582195,O=C(CSC(=S)N1CCCCC1)Nc1cccc(NC(=O)c2ccccn2)c1,IC50,84.0,nM,7.08,-8.101
CHEMBL4550702,Cn1cc(-c2cnc3c(-c4csc(C(=O)NCC(F)(F)F)c4)cnn3c2)cn1,IC50,28000.0,nM,4.55,-8.607
CHEMBL4568087,Cn1cc(-c2cnc3c(-c4csc(C(=O)N[C@@H]5CCCC[C@@H]5N)c4)cnn3c2)cn1,IC50,340.0,nM,6.47,-8.986
CHEMBL4581088,C=CC(=O)N1CCC[C@@H](n2nc(-c3cn(-c4ccc(C(C)=O)cc4)nn3)c3c(N)ncnc32)C1,IC50,8006.0,nM,5.1,-9.431
CHEMBL4588202,CCC(=O)N1CCC[C@@H](n2nc(-c3cn(-c4ccc(C(C)=O)cc4)nn3)c3c(N)ncnc32)C1,IC50,649.0,nM,6.19,-9.345
CHEMBL4646415,CN(CCO)c1ccc2ncnc(Nc3cccc(Br)c3)c2c1,IC50,145.0,nM,6.84,-7.986
CHEMBL4297674,CC#CC(=O)N[C@H]1CCCN(c2c(F)cc(C(N)=O)c3[nH]c(C)c(C)c23)C1,IC50,2000.0,nM,5.7,-8.309
CHEMBL4640482,C=C1CC(CBr)(c2ccc(F)cc2)OC1=O,IC50,30000.0,nM,4.52,-7.259
CHEMBL4642842,C=C1CC(CI)(c2ccccc2)OC1=O,IC50,26000.0,nM,4.58,-6.96
CHEMBL4634317,C=C1CC(CI)(c2ccc(F)cc2)OC1=O,IC50,15000.0,nM,4.82,-7.245
CHEMBL4644209,C=C1CC(c2ccccc2)(C(Br)c2ccccc2)OC1=O,IC50,14000.0,nM,4.85,-7.674
CHEMBL4638857,Clc1nc2ccccc2c2nnc(/N=C/C=C/c3ccccc3)n12,IC50,7560.0,nM,5.12,-8.75
CHEMBL4649213,Clc1nc2ccccc2c2nnc(/N=C/c3ccco3)n12,IC50,740.0,nM,6.13,-8.598
CHEMBL4646644,COc1ccc(/C=N/c2nnc3c4ccccc4nc(Nc4ccc(C)cc4N)n23)cc1O,IC50,4280.0,nM,5.37,-10.159
CHEMBL4645726,N#CC1=C(N)N(c2nnc3c4ccccc4nc(Sc4ccc(Br)cc4)n23)C(=O)C1,IC50,1800.0,nM,5.75,-9.29
CHEMBL4644480,O=C1CSCC(=O)N1c1nnc2c3ccccc3nc(Sc3ccc(Br)cc3)n12,IC50,4100.0,nM,5.39,-9.298
CHEMBL4647325,Nc1nc(Nc2nnc3c4ccccc4nc(Sc4ccc(Br)cc4)n23)cs1,IC50,690.0,nM,6.16,-9.437
CHEMBL4649833,CCN1CCN(CCCNc2ccc(Oc3nc4ccccc4c4nncn34)cc2)CC1,IC50,9510.0,nM,5.02,-8.849
CHEMBL4635625,C[C@@H]1[C@@H]2CN(c3nc(Nc4cnn(C)c4)ncc3F)C[C@]12NC(=O)[C@@H]1CC1(F)F,IC50,4110.0,nM,5.39,-8.785
CHEMBL4645434,C=CC(=O)Nc1cc(Nc2nccc(-c3cn(CCCO)c4ccccc34)n2)c(OC)cc1F,IC50,2.2,nM,8.66,-8.903
CHEMBL4642177,CCC(=O)Nc1cc(Nc2nccc(-c3c[nH]c4c(CCO)cccc34)n2)c(OC)cc1F,IC50,208.0,nM,6.68,-9.427
CHEMBL4640686,CCC(=O)Nc1cc(Nc2nccc(-c3cn(CCO)c4ccccc34)n2)c(OC)cc1F,IC50,80.5,nM,7.09,-9.037
CHEMBL4639459,CCC(=O)Nc1cc(Nc2nccc(-c3cn(CCCO)c4ccccc34)n2)c(OC)cc1F,IC50,72.5,nM,7.14,-9.168
CHEMBL4649261,COc1cc(N(C)CCN(C)C)ccc1Nc1nccc(-c2cn(CCCO)c3ccccc23)n1,IC50,15.3,nM,7.82,-8.447
CHEMBL4647073,CCC(=O)Nc1cc(Nc2nccc(-c3cn(CCCO)c4ccc(F)cc34)n2)c(OC)cc1F,IC50,40.4,nM,7.39,-9.192
CHEMBL4745877,COc1ncc(-c2ccc3ncnc(Nc4cnn(CCO)c4)c3c2)cc1NS(C)(=O)=O,IC50,2520.0,nM,5.6,-8.644
CHEMBL1545480,Cc1cc(NC(=O)CCl)no1,IC50,106.0,nM,6.97,-5.622
CHEMBL4776730,CC(C)(C)c1cc(NC(=O)CCl)no1,IC50,124.0,nM,6.91,-6.202
CHEMBL4787698,CC(C)(C)c1cc(NC(=O)CN2CCOCC2)no1,IC50,144.0,nM,6.84,-6.483
CHEMBL1619395,CCN1CCN(CC(=O)Nc2cc(C)on2)CC1,IC50,81.0,nM,7.09,-6.71
CHEMBL4740108,Cc1cc(NC(=O)CN2CCN(c3ccccc3)CC2)no1,IC50,64.0,nM,7.19,-7.931
CHEMBL4755651,CC(C)(C)c1cc(NC(=O)CN2CCN(c3ccccc3)CC2)no1,IC50,66.0,nM,7.18,-8.264
CHEMBL4755988,Cc1cc(NC2=NC(=O)CS2)no1,IC50,81.0,nM,7.09,-6.274
CHEMBL4751085,CC(C)(C)c1cc(NC2=NC(=O)CS2)no1,IC50,150.0,nM,6.82,-6.858
CHEMBL4786003,COc1cc(/C=N/NC(=O)COc2nc(C)nc3c2c(C)nn3-c2ccccc2)cc(OC)c1OC,IC50,4180.0,nM,5.38,-8.976
CHEMBL4792279,Cc1nn(-c2ccc(F)cc2)c2ncnc(Nc3ccc(F)c(Cl)c3)c12,IC50,186.0,nM,6.73,-9.304
CHEMBL4778826,COc1ccc(/C=C/C(=O)c2nnn(-c3ccc(Cl)cc3)c2C)cc1OC,IC50,36.0,nM,7.44,-8.395
CHEMBL4765122,CN(CCCl)c1ccc2ncnc(Nc3cccc(Br)c3)c2c1,IC50,504.0,nM,6.3,-7.914
CHEMBL4793639,COc1ccc(C2N=C(C(N)=O)c3ncn(-c4ccc(F)cc4)c3N2)cc1OC,IC50,617.33,nM,6.21,-8.918
CHEMBL4795888,CC(C)c1ccc(C2N=C(C(N)=O)c3ncn(-c4ccc(F)cc4)c3N2)cc1,IC50,710.0,nM,6.15,-9.037
CHEMBL4788364,C=CC(=O)Nc1cccc(Nc2cc(-n3c(CCCO)nnc3-c3ccc(F)cc3)ccn2)c1,IC50,143.4,nM,6.84,-9.63
CHEMBL492399,COc1ccc(N(C)c2nc(C)nc3ccccc23)cc1,IC50,2.8,nM,8.55,-7.563
CHEMBL2420866,COc1ccc2c(c1)CCCN2c1nc(C)nc2ccccc12,IC50,5.0,nM,8.3,-8.396
CHEMBL516047,CSc1ccc(N(C)c2nc(C)nc3ccccc23)cc1,IC50,8.7,nM,8.06,-7.543
CHEMBL4746488,COc1cccc2cc(N(C)c3nc(C)nc4ccccc34)ccc12,IC50,10.6,nM,7.97,-8.511
CHEMBL3604205,COc1ccc2c(c1)CCCN2c1ncnc2ccccc12,IC50,48.9,nM,7.31,-8.629
CHEMBL444724,COc1ccc(N(C)c2nc(Cl)nc3ccccc23)cc1,IC50,3.6,nM,8.44,-7.514
CHEMBL2420867,COc1ccc2c(c1)CCCN2c1nc(Cl)nc2ccccc12,IC50,5.4,nM,8.27,-8.376
CHEMBL4780286,OC[C@@H](Nc1ncnc2[nH]c(-c3ccccc3)cc12)c1ccccc1,IC50,0.4,nM,9.4,-9.443
CHEMBL4783569,COc1ccccc1-c1cc2c(N[C@H](CO)c3ccccc3)ncnc2[nH]1,IC50,0.4,nM,9.4,-9.024
CHEMBL4795296,C[C@@H](Nc1ncnc2[nH]c(-c3ccc(S(C)(=O)=O)cc3)cc12)c1ccccc1,IC50,0.4,nM,9.4,-9.781
CHEMBL4751641,C[C@@H](Nc1ncnc2[nH]c(-c3ccc(S(N)(=O)=O)cc3)cc12)c1ccccc1,IC50,0.7,nM,9.15,-9.737
CHEMBL4791195,C[C@@H](Nc1ncnc2[nH]c(-c3ccc(C(N)=O)cc3)cc12)c1ccccc1,IC50,0.8,nM,9.1,-9.308
CHEMBL4743998,C[C@@H](Nc1ncnc2[nH]c(-c3ccc(NS(C)(=O)=O)cc3)cc12)c1ccccc1,IC50,0.3,nM,9.52,-9.651
CHEMBL4744798,CC(=O)Nc1ccc(-c2cc3c(N[C@H](C)c4ccccc4)ncnc3[nH]2)cc1,IC50,0.7,nM,9.15,-9.204
CHEMBL4741922,C[C@@H](Nc1ncnc2[nH]c(-c3ccncc3)cc12)c1ccccc1,IC50,0.6,nM,9.22,-8.988
CHEMBL4779711,C[C@@H](Nc1ncnc2[nH]c(-c3ccc(C(=O)O)cc3)cc12)c1ccccc1,IC50,1.1,nM,8.96,-9.225
CHEMBL4776056,C[C@@H](Nc1ncnc2[nH]c(-c3cccc(C(N)=O)c3)cc12)c1ccccc1,IC50,1.4,nM,8.85,-9.415
CHEMBL4170121,COc1cccc(OC)c1-c1cc2c(N[C@H](C)c3ccccc3)ncnc2[nH]1,IC50,0.6,nM,9.22,-9.026
CHEMBL4757806,COc1cc(C(N)=O)ccc1-c1cc2c(N[C@H](C)c3ccccc3)ncnc2[nH]1,IC50,0.4,nM,9.4,-9.057
CHEMBL4778894,COc1cc(NS(C)(=O)=O)ccc1-c1cc2c(N[C@H](C)c3ccccc3)ncnc2[nH]1,IC50,0.7,nM,9.15,-9.013
CHEMBL4759003,COc1cc(CNCCN(C)C)ccc1-c1cc2c(N[C@H](C)c3ccccc3)ncnc2[nH]1,IC50,0.1,nM,10.0,-8.816
CHEMBL4793053,[2H]C([2H])([2H])Oc1ccccc1-c1cc2c(N[C@H](CO)c3ccccc3)ncnc2[nH]1,IC50,0.4,nM,9.4,-9.052
CHEMBL4776396,CCOc1ccccc1-c1cc2c(N[C@H](CO)c3ccccc3)ncnc2[nH]1,IC50,0.2,nM,9.7,-8.7
CHEMBL4763315,CS(=O)(=O)Nc1ccc(-c2cc3c(N[C@H](CO)c4ccccc4)ncnc3[nH]2)cc1,IC50,0.5,nM,9.3,-8.689
CHEMBL4740295,CS(=O)(=O)c1ccc(-c2cc3c(N[C@H](CO)c4ccccc4)ncnc3[nH]2)cc1,IC50,0.8,nM,9.1,-8.954
CHEMBL4759127,NC(=O)Cc1cccc(-c2cc3c(N[C@H](CO)c4ccccc4)ncnc3[nH]2)c1,IC50,0.7,nM,9.15,-9.311
CHEMBL4776751,COc1cc(C(N)=O)ccc1-c1cc2c(N[C@H](CO)c3ccccc3)ncnc2[nH]1,IC50,0.5,nM,9.3,-9.028
CHEMBL4740573,COc1cc(NS(C)(=O)=O)ccc1-c1cc2c(N[C@H](CO)c3ccccc3)ncnc2[nH]1,IC50,0.3,nM,9.52,-8.757
CHEMBL4764993,COc1cc(NC(C)=O)ccc1-c1cc2c(N[C@H](CO)c3ccccc3)ncnc2[nH]1,IC50,0.8,nM,9.1,-9.062
CHEMBL4780965,OC[C@@H](Nc1ncnc2[nH]c(-c3ccncc3)cc12)c1ccccc1,IC50,2.0,nM,8.7,-8.993
CHEMBL4789312,OC[C@@H](Nc1ncnc2[nH]c(-c3cccnc3)cc12)c1ccccc1,IC50,2.2,nM,8.66,-8.492
CHEMBL4749862,COc1cnccc1-c1cc2c(N[C@H](CO)c3ccccc3)ncnc2[nH]1,IC50,0.6,nM,9.22,-8.829
CHEMBL4748320,CN(C)CCNCc1ccc(-c2cc3c(N[C@H](CO)c4ccccc4)ncnc3[nH]2)cc1,IC50,0.3,nM,9.52,-8.896
CHEMBL4784777,COc1cc(CNCCS(C)(=O)=O)ccc1-c1cc2c(N[C@H](CO)c3ccccc3)ncnc2[nH]1,IC50,0.4,nM,9.4,-8.918
CHEMBL4787816,COc1cc(CNCCN(C)C)ccc1-c1cc2c(N[C@H](CO)c3ccccc3)ncnc2[nH]1,IC50,0.3,nM,9.52,-8.648
CHEMBL4749064,CN(C)CCNCc1cc(-c2cc3c(N[C@H](CO)c4ccccc4)ncnc3[nH]2)ccc1F,IC50,1.2,nM,8.92,-9.203
CHEMBL4748149,OCc1cc(-c2cc3c(N[C@H](CO)c4ccccc4)ncnc3[nH]2)ccc1F,IC50,1.6,nM,8.8,-9.08
CHEMBL4748367,CN(C)CCNCc1ccc(-c2cc3c(N[C@H](CO)c4ccccc4)ncnc3[nH]2)cc1F,IC50,0.1,nM,10.0,-8.843
CHEMBL4789027,OCc1ccc(-c2cc3c(N[C@H](CO)c4ccccc4)ncnc3[nH]2)cc1F,IC50,0.6,nM,9.22,-8.922
CHEMBL4784258,COc1cc(CN(C)CCN(C)C)ccc1-c1cc2c(N[C@H](CO)c3ccccc3)ncnc2[nH]1,IC50,0.1,nM,10.0,-8.674
CHEMBL4792577,COC[C@@H](Nc1ncnc2[nH]c(-c3ccc(CO)cc3OC)cc12)c1ccccc1,IC50,0.5,nM,9.3,-8.6
CHEMBL4786776,OCC[C@@H](Nc1ncnc2[nH]c(-c3ccccc3)cc12)c1ccccc1,IC50,0.5,nM,9.3,-8.857
CHEMBL4760328,CCOc1ccccc1-c1cc2c(N[C@H](CCO)c3ccccc3)ncnc2[nH]1,IC50,0.1,nM,10.0,-8.505
CHEMBL4753008,Cn1c(-c2ccccc2)cc2c(N[C@H](CO)c3ccccc3)ncnc21,IC50,900.0,nM,6.05,-8.974
CHEMBL4164805,COc1cc(CO)ccc1-c1cc2c(N[C@H](CO)c3ccccc3)ncnc2[nH]1,IC50,0.2,nM,9.7,-8.821
CHEMBL4175024,OCc1ccc(-c2cc3c(N[C@H](CO)c4ccccc4)ncnc3[nH]2)cc1,IC50,0.2,nM,9.7,-8.796
CHEMBL4741925,COc1ccc(-c2c3c4cc(OC)c(O)cc4[nH]c(=O)c3n3ccc4cc(O)c(OC)cc4c23)cc1O,IC50,134.8,nM,6.87,-10.027
CHEMBL98,O=C(CCCCCCC(=O)Nc1ccccc1)NO,IC50,900.0,nM,6.05,-6.851
CHEMBL4746995,Cn1cc(-c2ccnc(Nc3ccc(C(=O)NCCCCCCC(=O)NO)cc3)n2)c2ccccc21,IC50,5700.0,nM,5.24,-9.517
CHEMBL4779297,C=CC(=O)Nc1ccc2ncnc(Nc3ccc(C(=O)Nc4ccccn4)cc3)c2c1,IC50,3.8,nM,8.42,-9.196
CHEMBL4798086,C=CC(=O)Nc1ccc2ncnc(Oc3ccc(C(=O)Nc4ccccn4)cc3)c2c1,IC50,11.0,nM,7.96,-9.36
CHEMBL4745935,C=CC(=O)Nc1ccc2nccc(Oc3ccc(C(=O)Nc4ccccn4)cc3)c2c1,IC50,159.0,nM,6.8,-9.267
CHEMBL4787517,CN(C)C/C=C/C(=O)Nc1ccc2nccc(Oc3ccc(C(=O)Nc4ccccn4)cc3)c2c1,IC50,275.0,nM,6.56,-9.07
CHEMBL4744536,COCC#CC(=O)Nc1ccc2nccc(Oc3ccc(C(=O)Nc4ccccn4)cc3)c2c1,IC50,16.0,nM,7.8,-9.272
CHEMBL4791702,O=C(C#CCO)Nc1ccc2nccc(Oc3ccc(C(=O)Nc4ccccn4)cc3)c2c1,IC50,6.3,nM,8.2,-9.521
CHEMBL4794213,COCC#CC(=O)Nc1cc2c(Oc3ccc(C(=O)Nc4ccccn4)cc3)ccnc2cc1OC,IC50,12.0,nM,7.92,-8.786
CHEMBL4780058,Cn1c(-c2csc(NN=C3CCCC3)n2)nc2ccccc21,IC50,109.71,nM,6.96,-8.012
CHEMBL4747759,Cn1c(-c2csc(NN=C3CCCCC3)n2)nc2ccccc21,IC50,278.88,nM,6.55,-7.996
CHEMBL4749342,Cn1c(-c2csc(N/N=C\c3ccccc3)n2)nc2ccccc21,IC50,1235.34,nM,5.91,-8.572
CHEMBL4783948,Cc1ccc(/C=N\Nc2nc(-c3nc4ccccc4n3C)cs2)cc1,IC50,150.36,nM,6.82,-9.351
CHEMBL4794131,COc1ccc(/C=N\Nc2nc(-c3nc4ccccc4n3C)cs2)cc1,IC50,311.75,nM,6.51,-8.107
CHEMBL4740646,COc1ccc(/C=N\Nc2nc(-c3nc4ccccc4n3C)cs2)cc1OC,IC50,208.09,nM,6.68,-8.603
CHEMBL4758204,COc1cc(/C=N\Nc2nc(-c3nc4ccccc4n3C)cs2)cc(OC)c1OC,IC50,622.64,nM,6.21,-8.441
CHEMBL4753631,Cn1c(-c2csc(N/N=C\c3ccc([N+](=O)[O-])cc3)n2)nc2ccccc21,IC50,85.03,nM,7.07,-8.604
CHEMBL4786168,CN(C)c1ccc(/C=N\Nc2nc(-c3nc4ccccc4n3C)cs2)cc1,IC50,103.71,nM,6.98,-8.353
CHEMBL4752843,Cn1c(-c2csc(N/N=C\c3ccc(F)cc3)n2)nc2ccccc21,IC50,253.74,nM,6.6,-8.243
CHEMBL4746321,Cn1c(-c2csc(N/N=C\c3ccc(Br)cc3)n2)nc2ccccc21,IC50,406.09,nM,6.39,-8.333
CHEMBL4746023,Cc1ccc(/C=N\Nc2nc(-c3nc4ccccc4n3C)cs2)o1,IC50,212.82,nM,6.67,-8.477
CHEMBL4750734,Cn1c(-c2csc(N/N=C\c3ccc([N+](=O)[O-])o3)n2)nc2ccccc21,IC50,71.67,nM,7.14,-8.377
CHEMBL4763960,Cn1c(-c2csc(N/N=C\c3cccs3)n2)nc2ccccc21,IC50,773.24,nM,6.11,-7.424
CHEMBL4749518,Cn1c(-c2csc(N/N=C\C3CCCN3)n2)nc2ccccc21,IC50,342.06,nM,6.47,-7.592
CHEMBL4796408,Cn1c(-c2csc(N/N=C\c3ccncc3)n2)nc2ccccc21,IC50,569.41,nM,6.25,-8.989
CHEMBL4780534,C=CC(=O)Nc1cccc(Oc2nc(Nc3ccc(OC)cc3)nc3c2CSCC3)c1,IC50,28.0,nM,7.55,-9.121
CHEMBL4776833,C=CC(=O)Nc1cccc(Oc2nc(Nc3cccc(OC)c3)nc3c2CSCC3)c1,IC50,638.4,nM,6.2,-9.12
CHEMBL4453068,C#Cc1cccc(Nc2ncnc3cc4c(cc23)OCCO4)c1,IC50,48.7,nM,7.31,-8.895
CHEMBL4750375,C#Cc1cccc(Nc2ncnc3cc4c(cc23)OCCO4)c1F,IC50,19.7,nM,7.71,-8.737
CHEMBL4743464,N#Cc1cccc(Nc2ncnc3cc4c(cc23)OCCO4)c1F,IC50,22.0,nM,7.66,-9.314
CHEMBL4744655,Fc1c(Cl)cccc1Nc1ncnc2cc3c(cc12)OCCO3,IC50,3.91,nM,8.41,-9.263
CHEMBL4743220,Fc1c(Br)cccc1Nc1ncnc2cc3c(cc12)OCCO3,IC50,2.49,nM,8.6,-8.892
CHEMBL4759031,Fc1c(I)cccc1Nc1ncnc2cc3c(cc12)OCCO3,IC50,10.4,nM,7.98,-8.429
CHEMBL4759650,Fc1c(Nc2ncnc3cc4c(cc23)OCCO4)cccc1C(F)(F)F,IC50,41.4,nM,7.38,-9.252
CHEMBL4778159,N#Cc1cccc(Nc2ncnc3cc4c(cc23)OCCO4)c1,IC50,24.0,nM,7.62,-8.632
CHEMBL4740063,Clc1cccc(Nc2ncnc3cc4c(cc23)OCCO4)c1,IC50,6.41,nM,8.19,-9.153
CHEMBL1198370,Brc1cccc(Nc2ncnc3cc4c(cc23)OCCO4)c1,IC50,13.6,nM,7.87,-8.591
CHEMBL4786797,Oc1c(Br)cccc1Nc1ncnc2cc3c(cc12)OCCO3,IC50,505.1,nM,6.3,-8.722
CHEMBL4793453,Fc1ccc(Nc2ncnc3cc4c(cc23)OCCO4)c(F)c1Br,IC50,15.6,nM,7.81,-9.487
CHEMBL4762453,Fc1c(Nc2ncnc3cc4c(cc23)OCCO4)ccc(Cl)c1Br,IC50,16.2,nM,7.79,-9.198
CHEMBL4794223,Fc1c(Nc2ncnc3cc4c(cc23)OCCO4)ccc(Br)c1Br,IC50,21.0,nM,7.68,-8.918
CHEMBL4783428,Fc1cc(Br)c(F)c(Nc2ncnc3cc4c(cc23)OCCO4)c1,IC50,6.16,nM,8.21,-9.269
CHEMBL4793944,Fc1c(Br)cc(Cl)cc1Nc1ncnc2cc3c(cc12)OCCO3,IC50,782.8,nM,6.11,-9.228
CHEMBL4744207,Fc1c(Nc2ncnc3cc4c(cc23)OCCO4)ccc(Cl)c1Cl,IC50,25.0,nM,7.6,-9.613
CHEMBL4791756,Fc1ccc(Br)cc1Nc1ncnc2cc3c(cc12)OCCO3,IC50,7.63,nM,8.12,-9.307
CHEMBL4786961,Fc1ccc(Br)c(F)c1Nc1ncnc2cc3c(cc12)OCCO3,IC50,10.0,nM,8.0,-9.281
CHEMBL4749501,Fc1cccc(Nc2ncnc3cc4c(cc23)OCCO4)c1F,IC50,18.9,nM,7.72,-9.841
CHEMBL4798434,CNc1nc(C)c(C(=O)/C=C/c2nccs2)s1,IC50,255.6,nM,6.59,-6.848
CHEMBL4797515,CNc1nc(C)c(C(=O)/C=C/c2ccsc2)s1,IC50,143.63,nM,6.84,-6.657
CHEMBL4750368,CNc1nc(C)c(C(=O)/C=C/c2ccc(O)cc2)s1,IC50,33.66,nM,7.47,-7.304
CHEMBL4759112,CN(C)C/C=C/C(=O)Nc1cc2ncnc(Nc3ccc(F)c(Cl)c3)c2cc1O[C@@H]1CCOC1,IC50,0.32,nM,9.49,-8.914
CHEMBL4799700,O=S(=O)(Nc1nccs1)c1ccc(NC(=S)Nc2ccc3c(c2)OCO3)cc1,IC50,1623.0,nM,5.79,-8.827
CHEMBL4778717,O=S(=O)(Nc1ccccn1)c1ccc(NC(=S)Nc2ccc3c(c2)OCO3)cc1,IC50,1885.0,nM,5.72,-8.705
CHEMBL4779958,Cc1c(NC(=S)Nc2ccc3c(c2)OCO3)c(=O)n(-c2ccccc2)n1C,IC50,358.0,nM,6.45,-8.865
CHEMBL4782320,S=C(Nc1ccc2c(c1)OCO2)Nc1c2ccccc2nc2ccccc12,IC50,493.0,nM,6.31,-9.952
CHEMBL4776925,S=C(NNc1ccccc1)Nc1ccc2c(c1)OCO2,IC50,8264.0,nM,5.08,-7.476
CHEMBL4789796,S=C(NN=C(c1ccccc1)c1ccccc1)Nc1ccc2c(c1)OCO2,IC50,993.0,nM,6.0,-8.667
CHEMBL4791249,C=CC(=O)Nc1cccc(Nc2ncnc(Nc3ccc(C(=O)N4CCCCC4)cc3)n2)c1,IC50,31.0,nM,7.51,-9.637
CHEMBL4781497,CN1CCN(c2ccc(Nc3nc(Oc4ccc5ccc(=O)[nH]c5c4)c4sccc4n3)cc2)CC1,IC50,250.0,nM,6.6,-10.292
CHEMBL4791953,CN1CCN(Cc2ccc(Nc3nc(Oc4ccc5ccc(=O)[nH]c5c4)c4sccc4n3)cc2)CC1,IC50,200.0,nM,6.7,-10.19
CHEMBL4868909,COc1cccc(-c2cc(-c3c(O)c4ccccc4oc3=O)nc(N)c2C#N)c1,IC50,33.0,nM,7.48,-8.672
CHEMBL4845732,CCS(=O)(=O)NNC(=O)CSc1nc2ccccc2c(=O)n1Cc1ccc2c(c1)OCO2,IC50,146.9,nM,6.83,-8.638
CHEMBL4850856,O=C(CSc1nc2ccccc2c(=O)n1Cc1ccc2c(c1)OCO2)Nc1ccccc1F,IC50,207.1,nM,6.68,-9.704
CHEMBL4857477,CN(C(=O)NCCCl)c1ccc2ncnc(Nc3cccc(Cl)c3)c2c1,IC50,81.0,nM,7.09,-8.634
CHEMBL4856453,COc1ccc(-c2coc3cc(OCC(=O)N/C=C\c4ccc(O)cc4)ccc3c2=O)cc1,IC50,33.1,nM,7.48,-8.748
CHEMBL4859473,CCc1ccc(NCC(=O)Nn2c(-c3ccccc3)nc3ccccc3c2=O)cc1,IC50,143.4,nM,6.84,-8.676
CHEMBL1988225,O=C(CNc1ccc(Cl)cc1)Nn1c(-c2ccccc2)nc2ccccc2c1=O,IC50,81.07,nM,7.09,-9.529
CHEMBL4849859,COc1ccc(/C=C2/SC(NN3Cc4ccccc4N=C3c3ccccc3)=NC2=O)cc1,IC50,136.0,nM,6.87,-10.144
CHEMBL4877452,O=C1N=C(NN2Cc3ccccc3N=C2c2ccccc2)S/C1=C/c1ccc(O)cc1O,IC50,178.1,nM,6.75,-10.27
CHEMBL4866476,O=C1N=C(NN2Cc3ccccc3N=C2c2ccccc2)S/C1=C/c1ccccc1,IC50,65.63,nM,7.18,-10.309
CHEMBL4871569,Cc1nc2c(Br)cc(Br)cc2c(=O)n1N,IC50,72.0,nM,7.14,-6.838
CHEMBL4869634,CC(C)Oc1cc(F)ccc1Nc1ncnc2ccc(-c3ccc(C(=O)N4CCNCC4)cc3)nc12,IC50,1970.0,nM,5.71,-9.931
CHEMBL4847264,C=CC(=O)Nc1cccc(Oc2nc(Nc3ccc(N4CCN(C)CC4)c(N)c3)nc3[nH]ccc23)c1,IC50,0.21,nM,9.68,-9.982
CHEMBL4297865,C=CC(=O)Nc1cccc(Oc2nc(Nc3ccc(N4CCN(C)CC4)c(F)c3)nc3[nH]ccc23)c1,IC50,0.17,nM,9.77,-10.334
CHEMBL4848234,O=C(NO)c1ccccc1Nc1nc(Nc2ccc(N3CCOCC3)cc2)ncc1Cl,IC50,116.5,nM,6.93,-9.268
CHEMBL4861707,CN1CCN(c2ccc(Nc3ncc(Cl)c(Nc4ccccc4C(=O)NO)n3)cc2)CC1,IC50,6.564,nM,8.18,-9.696
CHEMBL4858714,O=C(NO)c1ccccc1Nc1nc(Nc2ccc(CN3CCOCC3)cc2)ncc1Cl,IC50,4.495,nM,8.35,-9.44
CHEMBL4875985,O=C(NO)c1ccccc1Nc1nc(Nc2ccc(OCCN3CCOCC3)cc2)ncc1Cl,IC50,1.097,nM,8.96,-9.242
CHEMBL4869024,CN1CCN(CCOc2ccc(Nc3ncc(Cl)c(Nc4ccccc4C(=O)NO)n3)cc2)CC1,IC50,0.7632,nM,9.12,-9.372
CHEMBL4870560,O=C(NO)c1ccccc1Nc1nc(Nc2ccc(OCCCN3CCOCC3)cc2)ncc1Cl,IC50,1.246,nM,8.9,-8.933
CHEMBL4858409,O=C(NO)c1ccccc1Nc1nc(Nc2ccc(OCC(=O)N3CCOCC3)cc2)ncc1Cl,IC50,16.04,nM,7.79,-9.312
CHEMBL4849337,O=C(CN1CCOCC1)Nc1ccc(Nc2ncc(Cl)c(Nc3ccccc3C(=O)NO)n2)cc1,IC50,113.5,nM,6.95,-9.08
CHEMBL4871985,CNC(=O)c1ccccc1Nc1nc(Nc2ccc(N3CCC(C(=O)NO)CC3)cc2)ncc1Cl,IC50,49.94,nM,7.3,-9.502
CHEMBL4873830,O=C(O)c1ccccc1Nc1nc(Nc2ccc(OCC(=O)N3CCOCC3)cc2)ncc1Cl,IC50,81.4,nM,7.09,-9.249
CHEMBL4860202,CS(=O)(=O)c1nccc(-c2c(-c3cccc(OCc4ccccc4)c3)nc3sccn23)n1,IC50,9920.0,nM,5.0,-9.758
CHEMBL4868123,COCCOc1cc2ncnc(Sc3nc[nH]n3)c2cc1OCCOC,IC50,5210.0,nM,5.28,-6.804
CHEMBL4872030,COc1ccc(C(Nc2ccccc2)n2c(=O)ccc3cc(O)ccc32)cc1,IC50,14260.0,nM,4.85,-8.481
CHEMBL4868965,COc1ccc(C(Nc2ccc([N+](=O)[O-])cc2)n2c(=O)ccc3cc(O)ccc32)cc1,IC50,1350.0,nM,5.87,-9.217
CHEMBL4863109,COc1ccc(NC(c2ccc(OC)cc2)n2c(=O)ccc3cc(O)ccc32)cc1,IC50,5290.0,nM,5.28,-8.574
CHEMBL4873202,Oc1ccc(/C=N/Nc2nc3ccccc3c3nncn23)cc1,IC50,690.0,nM,6.16,-8.94
CHEMBL4874550,C=CC(=O)N1CCCC[C@H]1c1nc(-c2ccc(C(=O)Nc3cc(OC)ccn3)cc2)c(C(N)=O)n1N,IC50,450.0,nM,6.35,-8.988
CHEMBL4860527,C=CC(=O)N1CCCC[C@H]1c1nc(-c2ccc(C(=O)Nc3cc(Cl)ccn3)cc2)c(C(N)=O)n1N,IC50,176.0,nM,6.75,-8.821
CHEMBL3647964,C=CC(=O)N1CCC[C@H](n2nc(-c3ccc(Oc4ccccc4)cc3)c3c(N)ncnc32)C1,IC50,1.2,nM,8.92,-9.655
CHEMBL4863078,C=CC(=O)N1CCC(c2cnn3c(C(N)=O)c(-c4ccc(Oc5ccccc5)cc4)[nH]c23)CC1,IC50,109.0,nM,6.96,-10.015
CHEMBL4878090,CC#CC(=O)N1CCC(c2cnn3c(C(N)=O)c(-c4ccc(Oc5ccccc5)cc4)[nH]c23)CC1,IC50,14010.0,nM,4.85,-9.428
CHEMBL4871192,C#CC(=O)N1CCC(c2cnn3c(C(N)=O)c(-c4ccc(Oc5ccccc5)cc4)[nH]c23)CC1,IC50,30.8,nM,7.51,-9.896
CHEMBL4869409,C#CC(=O)N1CCC(c2cnn3c(C(N)=O)c(-c4ccc(Oc5ccccc5F)cc4)[nH]c23)CC1,IC50,16.3,nM,7.79,-9.863
CHEMBL4857353,C#CC(=O)N1CCC(c2cnn3c(C(N)=O)c(-c4ccc(Oc5ccc(F)cc5F)cc4)[nH]c23)CC1,IC50,32.8,nM,7.48,-9.861
CHEMBL4856592,C#CC(=O)N1CCC(c2cnn3c(C(N)=O)c(-c4ccc(Oc5ccc(OC)cc5)cc4)[nH]c23)CC1,IC50,50.8,nM,7.29,-9.62
CHEMBL4875332,C#CC(=O)N1CCC(c2cnn3c(C(N)=O)c(-c4ccc(Oc5ccccc5)cc4)[nH]c23)C1,IC50,29.7,nM,7.53,-9.701
CHEMBL4852264,C#CC(=O)N1CCC(c2cnn3c(C(N)=O)c(-c4ccc(Oc5ccc(F)cc5)cc4)[nH]c23)C1,IC50,38.6,nM,7.41,-10.145
CHEMBL4873984,C#CC(=O)N1CCC(c2cnn3c(C(N)=O)c(-c4ccc(Oc5ccccc5OC)cc4)[nH]c23)C1,IC50,104.0,nM,6.98,-9.374
CHEMBL4863088,C#CC(=O)N1CC(c2cnn3c(C(N)=O)c(-c4ccc(Oc5ccccc5)cc4)[nH]c23)C1,IC50,33.8,nM,7.47,-9.301
CHEMBL4867893,C#CC(=O)N1CC(c2cnn3c(C(N)=O)c(-c4ccc(Oc5ccc(OC)cc5)cc4)[nH]c23)C1,IC50,88.3,nM,7.05,-9.091
CHEMBL4878790,O=C(Nc1cncnc1Oc1cccc(C(F)(F)F)c1)c1ccc(F)cc1,IC50,2980.0,nM,5.53,-9.393
CHEMBL4088216,CN1C(=O)[C@@H](N2CCc3cn(Cc4ccccc4)nc3C2=O)COc2ccccc21,IC50,1000.0,nM,6.0,-9.13
CHEMBL4549667,CN1C(=O)[C@@H](N2CCc3c(nn(Cc4ccccc4)c3Br)C2=O)COc2ccccc21,IC50,1000.0,nM,6.0,-10.456
CHEMBL4097778,CN1C(=O)[C@@H](N2CCc3cn(CC4CCS(=O)(=O)CC4)nc3C2=O)COc2ccccc21,IC50,1000.0,nM,6.0,-8.91
CHEMBL5085136,C=CC(=O)N1CCC2(CC1)CNC(=O)c1cc(-c3ccnc(-c4ccc5c(c4)OCO5)n3)[nH]c12,IC50,6.5,nM,8.19,-10.213
CHEMBL5082422,CC#CC(=O)Nc1cccc(-c2nccc(-c3cc4c([nH]3)C3(CCNCC3)CNC4=O)n2)c1,IC50,499.0,nM,6.3,-10.158
CHEMBL5083976,C=CC(=O)N1CCC2(CC1)CNC(=O)c1cc(-c3ccnc(-c4cccc(OC)c4)n3)[nH]c12,IC50,9.6,nM,8.02,-9.957
CHEMBL5077776,C=CC(=O)N1CCC2(CC1)CNC(=O)c1cc(-c3ccnc(Nc4ccccc4OC)n3)[nH]c12,IC50,0.4,nM,9.4,-10.513
CHEMBL5088102,COc1ccccc1Nc1nccc(-c2cc3c([nH]2)C2(CCN(C(=O)C#CN(C)C)CC2)CNC3=O)n1,IC50,2.8,nM,8.55,-9.394
CHEMBL5089073,C=CC(=O)N1CCC2(CC1)CNC(=O)c1cc(-c3ccnc(Nc4ccccc4OC)c3)[nH]c12,IC50,37.0,nM,7.43,-9.948
CHEMBL5076067,C=CC(=O)N1CCC2(CC1)CNC(=O)c1cc(-c3nc(Nc4ccccc4OC)ncc3Cl)[nH]c12,IC50,0.8,nM,9.1,-10.325
CHEMBL5085118,C=CC(=O)N1CCC2(CC1)CNC(=O)c1cc(-c3nc(Nc4ccccc4OC)ncc3C)[nH]c12,IC50,1.2,nM,8.92,-9.937
CHEMBL5079430,C=CC(=O)N1CCC2(CC1)CNC(=O)c1cc(-c3ccnc(Nc4ccccc4OC(C)C)n3)[nH]c12,IC50,1.2,nM,8.92,-10.616
CHEMBL1714813,COc1cc2ncnc(N[C@H](C)c3ccccc3)c2cc1OC,IC50,1.0,nM,9.0,-7.969
CHEMBL5087955,COc1cc2nc(C)nc(N[C@H](C)c3ccccc3)c2cc1OC,IC50,2800.0,nM,5.55,-8.443
CHEMBL5069689,C=CC(=O)Nc1cccc(-n2c(=O)c(-c3ccccc3)nc3cnc(Nc4ccc(OC)cc4)nc32)c1,IC50,18.1,nM,7.74,-10.734
CHEMBL5087785,C=CC(=O)Nc1cccc(-n2c(=O)c(C)nc3cnc(Nc4ccc(OCCOC)cc4)nc32)c1,IC50,335.5,nM,6.47,-9.239
CHEMBL5086054,C=CC(=O)Nc1cccc(-n2c(=O)c(C3CC3)nc3cnc(Nc4ccc(OCCOC)cc4)nc32)c1,IC50,462.9,nM,6.33,-9.374
CHEMBL5077665,C=CC(=O)Nc1cccc(-n2c(=O)c(CC)nc3cnc(Nc4ccc(OCCOC)cc4)nc32)c1,IC50,279.2,nM,6.55,-9.245
CHEMBL5092606,CN(C)C(=O)c1ccc(Nc2ncc(C(F)(F)F)c(N[C@H]3CC[C@@H](N)CC3)n2)cc1,IC50,7137.0,nM,5.15,-8.987
CHEMBL5094406,C=CC(=O)Nc1cc(Nc2nccc(Nc3cnn(CC)c3)n2)c(OC)cc1N(C)CCN(C)C,IC50,8.023,nM,8.1,-7.868
CHEMBL5071181,C=CC(=O)Nc1cc(Nc2nccc(Nc3cnn(C)c3)n2)c(OC)cc1N(C)CCN(C)C,IC50,21.43,nM,7.67,-7.994
CHEMBL5080676,C=CC(=O)Nc1cc(Nc2nccc(Nc3cn(C)nc3C)n2)c(OC)cc1N(C)CCN(C)C,IC50,5.654,nM,8.25,-8.069
CHEMBL5088907,C=CC(=O)Nc1cc(Nc2nccc(Nc3ccn(C)n3)n2)c(OC)cc1N(C)CCN(C)C,IC50,6.198,nM,8.21,-7.962
CHEMBL5070579,C#CCN(C)CCN(C)c1cc(OC)c(Nc2nccc(Nc3ccn(C)n3)n2)cc1NC(=O)C=C,IC50,8.58,nM,8.07,-7.996
CHEMBL5173408,O=C(Cc1csc2nc3ccccc3n12)Nc1cccc2ccccc12,IC50,88.3,nM,7.05,-9.339
CHEMBL5201387,C=CC(=O)Nc1ccc(Nc2nccc(-c3cn(C)c4ccccc34)n2)cc1,IC50,180.0,nM,6.75,-9.068
CHEMBL5175924,CC#CC(=O)Nc1ccc(Nc2nccc(-c3cn(C)c4ccccc34)n2)cc1,IC50,220.0,nM,6.66,-9.377
CHEMBL5181237,Brc1cccc(Nc2ncnc3[nH]ccc23)c1,IC50,3.76,nM,8.43,-7.725
CHEMBL5207949,Clc1ccc(Nc2ncnc3[nH]ccc23)cc1Br,IC50,3.63,nM,8.44,-7.841
CHEMBL5203640,C=CC(=O)N1CCCC(n2nc(-c3ccc4ccccc4c3)c3c(N)ncnc32)C1,IC50,88.0,nM,7.06,-10.27
CHEMBL5187375,Cc1nn(-c2ccc(F)cc2)c2c(Nc3ccc(F)c(Cl)c3)ncnc12,IC50,180.0,nM,6.75,-9.718
CHEMBL5198368,CC1=NNC2=NC(=O)NC(c3ccccc3Br)C12,IC50,90.0,nM,7.05,-7.551
CHEMBL5196209,Cc1n[nH]c2c1C(c1ccccc1Br)c1c(ncn(N)c1=N)O2,IC50,60.0,nM,7.22,-8.249
CHEMBL5198920,C=CC(=O)N1CCC(Oc2nc(Nc3ccc(N(C)CCN(C)C)cc3OC)nc3[nH]ccc23)CC1,IC50,7.696,nM,8.11,-8.45
CHEMBL5205097,C=CC(=O)N1CCC(Oc2nc(Nc3ccc(N4CCN(C)CC4)cc3OC)nc3[nH]ccc23)CC1,IC50,12.32,nM,7.91,-9.848
CHEMBL5192155,C=CC(=O)N1CCC(Oc2nc(Nc3ccc(N4CCN(C)CC4)c(F)c3)nc3[nH]ccc23)CC1,IC50,13.42,nM,7.87,-9.493
CHEMBL5208416,C=CC(=O)N1CCC(Oc2nc(Nc3ccc(N4CCN(C)CC4)cc3)nc3[nH]ccc23)CC1,IC50,5.681,nM,8.25,-9.336
CHEMBL5208549,C=CC(=O)N1CCC(Oc2nc(Nc3cnn(C)c3)nc3[nH]ccc23)CC1,IC50,203.8,nM,6.69,-8.2
CHEMBL5191556,C=CC(=O)N1CCC(Oc2nc(Nc3ccc(N4CCN(C)CC4)c(F)c3)nc3ccsc23)CC1,IC50,10.32,nM,7.99,-9.643
CHEMBL5179952,C=CC(=O)N1CCC(Oc2nc(Nc3ccc(N4CCN(C)CC4)cc3)nc3ccsc23)CC1,IC50,4.902,nM,8.31,-9.401
CHEMBL5171318,C=CC(=O)N1CCC(Oc2nc(Nc3cnn(C)c3)nc3ccsc23)CC1,IC50,135.0,nM,6.87,-8.26
CHEMBL5184048,C=CC(=O)N1CCC(Oc2nc(Nc3ccn(C)n3)nc3ccsc23)CC1,IC50,126.0,nM,6.9,-8.279
CHEMBL5181848,C=CC(=O)N1CCC(Oc2nc(Nc3ccc(N4CCOCC4)cc3OC)nc3ccsc23)CC1,IC50,9.664,nM,8.02,-9.452
CHEMBL5172236,C=CC(=O)N1CCC(Oc2nc(Nc3ccc(N4CCOCC4)cc3)nc3ccsc23)CC1,IC50,6.532,nM,8.19,-9.243
CHEMBL5203195,C=CC(=O)N1CCC(Oc2nc(Nc3ccc(N4CCN(C)CC4)c(F)c3)ncc2Cl)CC1,IC50,9.6,nM,8.02,-9.957
CHEMBL5183664,C=CC(=O)N1CCC(Oc2nc(Nc3ccc(N4CCN(C)CC4)cc3)ncc2Cl)CC1,IC50,20.1,nM,7.7,-9.241
CHEMBL5199354,C=CC(=O)N1CCC(Oc2nc(Nc3ccc(N4CCN(CCO)CC4)cc3)ncc2Cl)CC1,IC50,42.06,nM,7.38,-8.591
CHEMBL5184813,C=CC(=O)N1CCC(Oc2nc(Nc3ccc(CN4CCC(CO)CC4)cc3)ncc2Cl)CC1,IC50,12.3,nM,7.91,-8.23
CHEMBL5203176,CCC(=O)N1CCC(Oc2nc(Nc3ccc(N4CCN(C)CC4)cc3)nc3ccsc23)CC1,IC50,267.54,nM,6.57,-9.523
CHEMBL5189340,CN(C)c1ccc(/C=N/NC(=O)Cn2nc(Cc3ccc(Cl)cc3)c3ccccc3c2=O)cc1,IC50,0.45,nM,9.35,-9.265
CHEMBL5194543,Cc1ccc(-c2c(CN3CCCCC3)nc3scc(C(=O)O)n23)cc1,IC50,180.0,nM,6.75,-7.998
CHEMBL5176561,CCC(=O)NNC(=O)c1csc2ncc(-c3ccc(C)cc3)n12,IC50,450.0,nM,6.35,-8.313
CHEMBL5204417,CC(=O)NNC(=O)c1csc2ncc(-c3ccc(Br)cc3)n12,IC50,153.0,nM,6.82,-8.02
CHEMBL5170804,Cc1ccc(-c2c(CN3CCOCC3)nc3scc(C(=O)NN)n23)cc1,IC50,246.0,nM,6.61,-8.184
CHEMBL5173449,COc1ccc(-c2c(CN3CCOCC3)nc3scc(C(=O)NN)n23)cc1,IC50,122.0,nM,6.91,-8.088
CHEMBL5204650,NNC(=O)c1csc2nc(CN3CCOCC3)c(-c3ccc(Br)cc3)n12,IC50,419.0,nM,6.38,-7.984
CHEMBL5192318,NNC(=O)/C=C1/Nc2ccc(Br)cc2NC1=O,IC50,87.34,nM,7.06,-7.66
CHEMBL5208825,COC(=O)CCc1nc2ccc(Br)cc2[nH]c1=O,IC50,75.42,nM,7.12,-7.0
CHEMBL5206400,COC(=O)CCc1nc2ccc(Cl)cc2[nH]c1=O,IC50,82.76,nM,7.08,-6.965
CHEMBL5208369,O=C(Nc1nccs1)C(c1cc[nH]n1)N1Cc2ccccc2C1=O,IC50,938.0,nM,6.03,-8.169
CHEMBL5195669,O=C(Nc1nccs1)C(c1n[nH]c2c1CCC2)N1Cc2ccccc2C1=O,IC50,23.0,nM,7.64,-9.078
CHEMBL5203388,O=C(Nc1nccs1)C(c1ncn2c1CCC2)N1Cc2ccccc2C1=O,IC50,16.0,nM,7.8,-8.783
CHEMBL5173979,O=C(Nc1nccs1)C(c1ncn2c1CCC2)N1Cc2c(Cl)cccc2C1=O,IC50,4.0,nM,8.4,-9.067
CHEMBL5173986,O=C(Nc1nccs1)C(c1ncn2c1CCC2)N1Cc2ccc(C#Cc3ccccc3)cc2C1=O,IC50,20.0,nM,7.7,-10.238
CHEMBL5171139,O=C(Nc1nccs1)C(c1ncn2c1CCC2)N1Cc2ccc(C#Cc3cccnc3)cc2C1=O,IC50,460.0,nM,6.34,-9.696
CHEMBL5189114,O=C(Nc1nccs1)C(c1ncn2c1CCC2)N1Cc2c(F)cc(C#Cc3cccnc3)cc2C1=O,IC50,7.0,nM,8.15,-9.95
CHEMBL5192185,C#Cc1cccc(Oc2ncnc3ccc(OCc4ccc(S(=O)(=O)N(C)C#C)cc4)cc23)c1,IC50,5670.0,nM,5.25,-8.542
CHEMBL5173070,CN1CCN(c2ccc(Nc3ncc(Br)c(Nc4ccc5cn[nH]c5c4)n3)cc2)CC1,IC50,43.1,nM,7.37,-9.891
CHEMBL5194946,Nc1nc(Nc2ccc(COc3cccc(F)c3)cc2)c2c(n1)[nH]c1ccc(O)cc12,Ki,170.0,nM,6.77,-10.134
CHEMBL5169900,COc1ccc(CCOc2ccc(C(=O)/C=C/c3ccc(O)c(O)c3)cc2OC)cc1OC,IC50,11120.0,nM,4.95,-8.412
CHEMBL5193128,C=CC(=O)N1CCC([C@@H]2CCNC3C(C(N)=O)C(c4ccc(Oc5ccccc5)cc4)=NN32)CC1,IC50,21.0,nM,7.68,-9.919
CHEMBL5201532,COc1cc(/C=C/S(=O)(=O)c2ccccc2)cc(OC)c1OC,IC50,7.85,nM,8.11,-7.598
CHEMBL5185952,O=C(Cc1csc2nc3ccccc3n12)Nc1cccc(O)c1,IC50,55000.0,nM,4.26,-8.573
CHEMBL1358485,CCN(CC)CC1CCN(c2ncc3ncnc(Nc4ccc(F)c(Cl)c4)c3n2)CC1,IC50,3.0,nM,8.52,-8.622
CHEMBL2093753,O=C(Cc1cccs1)Nc1cccc(-c2ccc3nnc(-c4cccnc4)n3n2)c1,IC50,79.0,nM,7.1,-9.572
CHEMBL185686,O=c1c2cccc(O)c2oc2cccc(O)c12,IC50,900.0,nM,6.05,-8.191
CHEMBL5192793,COc1ccc(-c2cc(=O)cc(-c3ccc(OC)cc3)o2)cc1,IC50,0.15,nM,9.82,-8.12
CHEMBL5185036,CCc1ccc(C2=C(O)C(=O)C(c3ccc(CC)cc3)=C(O)C2=O)cc1,IC50,30.18,nM,7.52,-7.664
CHEMBL5181037,COc1cccc2c1C(=O)C1=C(C2=O)c2c(O)cc(CO)cc2[C@@H](O)[C@@H]1O,IC50,6.54,nM,8.18,-9.727
CHEMBL5192184,COc1cc(-c2nc3ccccc3s2)ccc1OCC(=O)NNC(=O)CN1CCC[C@H]1C(=O)O,IC50,342.0,nM,6.47,-8.401
CHEMBL5188786,C=CC(=O)N(C)CCOc1c(N)ncnc1-c1ccc(CN2CCN(CC(C)C)CC2=O)c(C)c1,Kd,30000.0,nM,4.52,-8.438
CHEMBL5198809,Brc1cccc(Nc2ncnc3c2[nH]c2ccccc23)c1,IC50,72.0,nM,7.14,-9.039
