chembl_id,smiles,activity_type,activity_value,activity_units,pIC50,docking
CHEMBL87901,CCCOc1ccccc1-c1nc2c(=O)n(C)c(=O)n(CC(C)C)c2[nH]1,IC50,60.0,nM,7.22,-8.2
CHEMBL87954,CCCCOc1ccccc1-c1nc2c(=O)n(C)c(=O)n(CC(C)C)c2[nH]1,IC50,135.0,nM,6.87,-8.0
CHEMBL433418,CCCOc1ccc(S(N)(=O)=O)cc1-c1nc2c(=O)n(C)c(=O)n(CC(C)C)c2[nH]1,IC50,5.0,nM,8.3,-7.8
CHEMBL314981,CCOc1ccc(S(=O)(=O)N2CCN(C)CC2)cc1-c1nc2c(=O)[nH]c(=O)n(CC(C)C)c2[nH]1,IC50,315.0,nM,6.5,-9.1
CHEMBL314667,CC(C)Cn1c(=O)n(C)c(=O)c2[nH]c(-c3ccccc3OC(C)C)nc21,IC50,77.0,nM,7.11,-8.5
CHEMBL316372,CC(C)COc1ccccc1-c1nc2c(=O)n(C)c(=O)n(CC(C)C)c2[nH]1,IC50,105.0,nM,6.98,-8.3
CHEMBL316209,COc1ccccc1-c1nc2c(=O)n(C)c(=O)n(CC(C)C)c2[nH]1,IC50,1810.0,nM,5.74,-8.4
CHEMBL85230,CSc1ccccc1-c1nc2c(=O)n(C)c(=O)n(CC(C)C)c2[nH]1,IC50,5420.0,nM,5.27,-8.0
CHEMBL420599,CCCn1c(=O)[nH]c(=O)c2[nH]c(-c3cc(S(=O)(=O)N4CCN(C)CC4)ccc3OCC)nc21,IC50,1360.0,nM,5.87,-9.6
CHEMBL410057,CCOc1ccccc1-c1nc2c(=O)n(C)c(=O)n(CC(C)C)c2[nH]1,IC50,73.0,nM,7.14,-8.1
CHEMBL86982,CCCCCOc1ccccc1-c1nc2c(=O)n(C)c(=O)n(CC(C)C)c2[nH]1,IC50,551.0,nM,6.26,-7.7
CHEMBL327666,COCCOc1ccccc1-c1nc2c(=O)n(C)c(=O)n(CC(C)C)c2[nH]1,IC50,1500.0,nM,5.82,-7.7
CHEMBL87777,CCCn1c(=O)n(C)c(=O)c2[nH]c(-c3cc(S(=O)(=O)N4CCN(C)CC4)ccc3OCC)nc21,IC50,100.0,nM,7.0,-9.3
CHEMBL358721,Nc1nc2c(c(=O)n(CC3CC3)c(=O)n2CC2CC2)n1S(=O)(=O)c1ccc(C(F)(F)F)cc1,IC50,49000.0,nM,4.31,-8.5
CHEMBL28079,CCCOc1ccccc1-c1nc2[nH]nnc2c(=O)[nH]1,Ki,130.0,nM,6.89,-9.0
CHEMBL42713,CCCOc1ccccc1-c1nc2nc[nH]c2c(=O)[nH]1,IC50,80.0,nM,7.1,-9.0
CHEMBL436402,COc1ccc(S(=O)(=O)n2c(N)nc3c2c(=O)n(CC2CC2)c(=O)n3CC2CC2)cc1,IC50,440.0,nM,6.36,-7.7
CHEMBL344720,Cn1c(NS(=O)(=O)c2ccccc2)nc2c1c(=O)n(CC1CC1)c(=O)n2CC1CC1,IC50,53000.0,nM,4.28,-8.3
CHEMBL144978,COc1ccc(S(=O)(=O)Nc2nc3c(c(=O)n(CC4CC4)c(=O)n3CC3CC3)n2C)cc1,IC50,54000.0,nM,4.27,-9.4
CHEMBL423933,Nc1nc2c(c(=O)n(CC3CC3)c(=O)n2CC2CC2)n1Cc1ccc([N+](=O)[O-])cc1,IC50,8300.0,nM,5.08,-8.1
CHEMBL355919,COc1cc(Cn2c(N)nc3c2c(=O)n(CC2CC2)c(=O)n3CC2CC2)cc(OC)c1OC,IC50,13000.0,nM,4.89,-6.4
CHEMBL342998,CC(C)Cn1c(N)nc2c1c(=O)n(CC1CC1)c(=O)n2CC1CC1,IC50,11000.0,nM,4.96,-7.4
CHEMBL341866,CS(=O)(=O)n1c(N)nc2c1c(=O)n(CC1CC1)c(=O)n2CC1CC1,IC50,32000.0,nM,4.5,-8.2
CHEMBL142969,Nc1nc2c(c(=O)n(CC3CC3)c(=O)n2CC2CC2)n1Cc1cccc2ccccc12,IC50,9800.0,nM,5.01,-9.1
CHEMBL357921,Nc1nc2c(c(=O)n(CC3CC3)c(=O)n2CC2CC2)n1S(=O)(=O)c1ccc(Cl)cc1,IC50,900.0,nM,6.05,-8.1
CHEMBL144341,Cc1ccc(S(=O)(=O)n2c(N)nc3c2c(=O)n(CC2CC2)c(=O)n3CC2CC2)cc1,IC50,1200.0,nM,5.92,-7.7
CHEMBL144400,COc1ccc(Cn2c(N)nc3c2c(=O)n(CC2CC2)c(=O)n3CC2CC2)cc1,IC50,140.0,nM,6.85,-6.7
CHEMBL144196,COc1ccc(Cn2c(/N=C3/CCCN3C)nc3c2c(=O)n(CC2CC2)c(=O)n3CC2CC2)cc1,IC50,50.0,nM,7.3,-6.9
CHEMBL358574,CC(C)(C)/N=C\Nc1nc2c(=O)n(CC3CC3)c(=O)n(CC3CC3)c2[nH]1,IC50,22000.0,nM,4.66,-9.3
CHEMBL356138,Nc1nc2c(c(=O)n(CC3CC3)c(=O)n2CC2CC2)n1S(=O)(=O)c1cccc(C(F)(F)F)c1,IC50,37000.0,nM,4.43,-9.7
CHEMBL145515,CN(C)/C=N/c1nc2c(=O)n(CC3CC3)c(=O)n(CC3CC3)c2[nH]1,IC50,56000.0,nM,4.25,-8.5
CHEMBL144374,CCCn1c(N)nc2c1c(=O)n(CC1CC1)c(=O)n2CC1CC1,IC50,14000.0,nM,4.85,-7.8
CHEMBL357851,Nc1nc2c(c(=O)n(CC3CC3)c(=O)n2CC2CC2)n1S(=O)(=O)c1ccccc1,IC50,3600.0,nM,5.44,-7.8
CHEMBL439809,CC(C)S(=O)(=O)n1c(N)nc2c1c(=O)n(CC1CC1)c(=O)n2CC1CC1,IC50,38000.0,nM,4.42,-8.2
CHEMBL356323,Nc1nc2c([nH]1)c(=O)n(CC1CC1)c(=O)n2CC1CC1,Ki,7500.0,nM,5.12,-8.1
CHEMBL144940,Cn1c(N)nc2c1c(=O)n(CC1CC1)c(=O)n2CC1CC1,IC50,20000.0,nM,4.7,-8.2
CHEMBL423559,COc1ccc(Cn2c(/N=C/N(C)C)nc3c2c(=O)n(CC2CC2)c(=O)n3CC2CC2)cc1,IC50,240.0,nM,6.62,-6.4
CHEMBL146165,COc1ccc(S(=O)(=O)Nc2nc3c(=O)n(CC4CC4)c(=O)n(CC4CC4)c3[nH]2)cc1,IC50,68000.0,nM,4.17,-8.9
CHEMBL142782,Nc1nc2c(c(=O)n(CC3CC3)c(=O)n2CC2CC2)n1Cc1ccccc1,IC50,840.0,nM,6.08,-7.8
CHEMBL334291,COc1ccc(CNc2nnc(Cl)c3ccc([N+](=O)[O-])cc23)cc1Cl,IC50,3.5,nM,8.46,-9.5
CHEMBL25616,O=C([O-])C1CCN(c2nc(NCc3ccc4c(c3)OCO4)c3cc(Cl)ccc3n2)CC1.[Na+],IC50,3.7,nM,8.43,10000000000.0
CHEMBL114693,O=[N+]([O-])c1ccc2c(NCc3ccc4c(c3)OCO4)nnc(Cl)c2c1,IC50,9200.0,nM,5.04,-10.9
CHEMBL115936,COc1ccc(CNc2nnc(Cl)c3cc(C#N)ccc23)cc1Cl,IC50,140.0,nM,6.85,-9.9
CHEMBL116276,O=[N+]([O-])c1ccc2c(Cl)nnc(NCc3ccc4c(c3)OCO4)c2c1,IC50,63.0,nM,7.2,-10.1
CHEMBL419215,N#Cc1ccc2c(Cl)nnc(NCc3ccc4c(c3)OCO4)c2c1,IC50,100.0,nM,7.0,-9.8
CHEMBL113667,COc1ccc(C(C)Nc2nnc(Cl)c3ccc(C#N)cc23)cc1Cl,IC50,98.0,nM,7.01,-8.8
CHEMBL324363,COc1ccc(CNc2nnc(Cl)c3ccc(C#N)cc23)cc1,IC50,140.0,nM,6.85,-9.3
CHEMBL112699,CCOc1ccc(CNc2nnc(Cl)c3ccc(C#N)cc23)cc1Cl,IC50,49.0,nM,7.31,-9.3
CHEMBL115732,COc1ccc(CNc2nnc(Cl)c3ccc(C#N)cc23)cc1Cl,IC50,4.8,nM,8.32,-8.9
CHEMBL192,CCCc1nn(C)c2c(=O)[nH]c(-c3cc(S(=O)(=O)N4CCN(C)CC4)ccc3OCC)nc12,IC50,1.0,nM,9.0,-9.5
CHEMBL47841,COc1ccc(C(=O)Nc2cccc(C)c2)cc1OC1CCCC1,IC50,15000.0,nM,4.82,-10.4
CHEMBL336003,O=C(c1cc2ccc(O)cc2o1)N1Cc2c(nc3ccccc3c2O)C1c1ccc2c(c1)OCO2,Ki,0.35,nM,9.46,-9.0
CHEMBL344366,O=C(c1ccccc1)N1Cc2c(nc3ccccc3c2O)C1c1ccc2c(c1)OCO2,Ki,2.49,nM,8.6,-7.7
CHEMBL132689,Oc1c2c(nc3ccccc13)C(c1ccc3c(c1)CCO3)N(c1ncccn1)C2,Ki,1.08,nM,8.97,-8.0
CHEMBL423177,O=C(c1ccc(Br)o1)N1Cc2c(nc3ccccc3c2O)C1c1ccc2c(c1)OCO2,Ki,2.07,nM,8.68,-8.1
CHEMBL138799,O=C(c1cccnc1)N1Cc2c(nc3ccccc3c2O)C1c1ccc2c(c1)OCO2,Ki,3.32,nM,8.48,-7.1
CHEMBL45934,COc1ccc(C(=O)Nc2ccccc2C#N)cc1OC1CCCC1,IC50,35000.0,nM,4.46,-9.8
CHEMBL341092,Oc1c2c(nc3ccccc13)C(c1ccc3c(c1)OCO3)N(c1ncccn1)C2,Ki,1.2,nM,8.92,-7.7
CHEMBL416815,COC(=O)c1ccccc1NC(=O)c1ccc(OC)c(OC2CCCC2)c1,IC50,5500.0,nM,5.26,-9.1
CHEMBL45687,COc1ccc(C(=O)Nc2ccccc2[N+](=O)[O-])cc1OC1CCCC1,IC50,65000.0,nM,4.19,-10.2
CHEMBL284594,CN(C)CCN1CC(=O)N2[C@H](c3ccc4c(c3)OCO4)c3[nH]c4ccccc4c3C[C@@H]2C1=O,IC50,134.0,nM,6.87,-6.2
CHEMBL284258,CCCN1CC[C@@H](N2CC(=O)N3[C@H](c4ccc5c(c4)OCO5)c4[nH]c5ccccc5c4C[C@@H]3C2=O)C1,IC50,57.0,nM,7.24,-8.6
CHEMBL351744,Cc1ncc(-c2cnc(N3CCc4c([nH]c5ccccc45)C3c3ccc4c(c3)CCO4)nc2)n1C,Ki,24.0,nM,7.62,-9.7
CHEMBL30936,O=C1[C@H]2Cc3c([nH]c4ccccc34)[C@@H](c3ccc4c(c3)OCO4)N2C(=O)CN1CCN1CCOCC1,IC50,56.0,nM,7.25,-7.8
CHEMBL34628,C=CCCN1CC[C@@H](N2CC(=O)N3[C@H](c4ccc5c(c4)OCO5)c4[nH]c5ccccc5c4C[C@@H]3C2=O)C1,IC50,4.0,nM,8.4,-6.6
CHEMBL779,CN1CC(=O)N2[C@H](c3ccc4c(c3)OCO4)c3[nH]c4ccccc4c3C[C@@H]2C1=O,IC50,1.2,nM,8.92,-8.1
CHEMBL322272,CCn1c(=O)c2c(nc(NC3CCCCC3)n2Cc2cccc(O)c2)n(CC)c1=O,IC50,1.2,nM,8.92,-7.3
CHEMBL541830,COc1ccc(CNc2nnc(N3CCC(O)CC3)c3ccc(C(N)=O)cc23)cc1Cl.Cl,IC50,2.0,nM,8.7,10000000000.0
CHEMBL323746,CCn1c(=O)c2c(nc(NC3CCCCC3)n2Cc2cccc(OC)c2)n(CC)c1=O,IC50,100.0,nM,7.0,-7.0
CHEMBL553075,COc1ccc(CNc2nnc(N3CCC(=O)CC3)c3ccc(C#N)cc23)cc1Cl.Cl,IC50,0.53,nM,9.28,10000000000.0
CHEMBL440705,CCn1c(=O)c2c(nc(NC3CCCCC3)n2Cc2ccccc2)n(CC)c1=O,IC50,12.0,nM,7.92,-6.9
CHEMBL321764,CCn1c(=O)c2c(nc(NC3CCCCC3)n2Cc2ccc3c(c2)OCO3)n(CC)c1=O,IC50,3.7,nM,8.43,-7.6
CHEMBL106447,CCn1c(=O)c2c(nc(NC3CCCC3)n2Cc2ccc(O)c(Cl)c2)n(CC)c1=O,IC50,1.8,nM,8.74,-7.8
CHEMBL544548,COc1ccc(CNc2nnc(N3CCCC(O)C3)c3ccc(C#N)cc23)cc1Cl.Cl,IC50,1.2,nM,8.92,10000000000.0
CHEMBL544305,COc1ccc(CNc2nnc(N3CCC(C(N)=O)CC3)c3ccc(C#N)cc23)cc1Cl.Cl,IC50,0.5,nM,9.3,10000000000.0
CHEMBL106205,CCn1c(=O)c2c(nc(NC3CCCCC3)n2Cc2ccc(OC)c(C)c2)n(CC)c1=O,IC50,19.0,nM,7.72,-7.1
CHEMBL110595,CCn1c(=O)c2c(nc(NC3CCCC3)n2Cc2ccc(OC)c(Cl)c2)n(CC)c1=O,IC50,1.1,nM,8.96,-7.0
CHEMBL554459,COc1ccc(CNc2nnc(N3CCC(C(=O)O)CC3)c3ccc(C#N)cc23)cc1Cl.Cl,IC50,3.1,nM,8.51,10000000000.0
CHEMBL545472,COc1ccc(CNc2nnc(N3CCSCC3)c3ccc(C#N)cc23)cc1Cl.Cl,IC50,0.32,nM,9.49,10000000000.0
CHEMBL554047,COc1ccc(CNc2nnc(N3CCNCC3)c3ccc(C#N)cc23)cc1Cl.Cl,IC50,1.23,nM,8.91,10000000000.0
CHEMBL543130,COc1ccc(CNc2nnc(N3CCC(OC)CC3)c3ccc(C#N)cc23)cc1Cl.Cl,IC50,1.1,nM,8.96,10000000000.0
CHEMBL553076,COc1ccc(CNc2nnc(N3CC=CCC3)c3ccc(C#N)cc23)cc1Cl.Cl,IC50,1.9,nM,8.72,10000000000.0
CHEMBL325777,CCn1c(=O)c2c(nc(NC3CCCC3)n2Cc2ccc(OC)cc2)n(CC)c1=O,IC50,2.1,nM,8.68,-6.5
CHEMBL542166,COc1ccc(CNc2nnc(N3CCC(O)CC3)c3ccc([N+](=O)[O-])cc23)cc1Cl.Cl,IC50,0.3,nM,9.52,10000000000.0
CHEMBL106480,CCn1c(=O)c2c(nc(NC3CCCC3)n2Cc2ccc(O)cc2)n(CC)c1=O,IC50,1.5,nM,8.82,-6.8
CHEMBL545012,COc1ccc(CNc2nnc(N3CC[S+]([O-])CC3)c3ccc(C#N)cc23)cc1Cl.Cl,IC50,0.7,nM,9.15,10000000000.0
CHEMBL539789,COc1ccc(CNc2nnc(N3CCC(O)CC3)c3ccc(Cl)cc23)cc1Cl.Cl,IC50,4.4,nM,8.36,10000000000.0
CHEMBL324645,CCn1c(=O)c2c(nc(NC3CCCC3)n2Cc2ccc(O)c(F)c2)n(CC)c1=O,IC50,0.82,nM,9.09,-7.7
CHEMBL545712,COc1ccc(CNc2nnc(N3CCC(O)CC3)c3ccc(C#N)cc23)cc1Cl.Cl,IC50,0.56,nM,9.25,10000000000.0
CHEMBL545242,COc1ccc(CNc2nnc(Cl)c3ccc(C#N)cc23)cc1Cl.Cl,IC50,3.0,nM,8.52,10000000000.0
CHEMBL552862,COc1ccc(CNc2nnc(N3CCC(O)CC3)c3ccc(C(=O)O)cc23)cc1Cl.Cl,IC50,600.0,nM,6.22,10000000000.0
CHEMBL316819,CCn1c(=O)c2c(nc(NC3CCCCC3)n2Cc2ccc(OC)cc2)n(CC)c1=O,IC50,2.6,nM,8.59,-7.2
CHEMBL106180,CCn1c(=O)c2c(nc(NC3CCCCC3)n2Cc2ccc(OC)c(Cl)c2)n(CC)c1=O,IC50,0.58,nM,9.24,-6.8
CHEMBL545715,COc1ccc(CNc2nnc(N3CCC(CCO)CC3)c3ccc(C#N)cc23)cc1Cl.Cl,IC50,0.7,nM,9.15,10000000000.0
CHEMBL542418,COc1ccc(CNc2nnc(N3CCC(C)(O)CC3)c3ccc(C#N)cc23)cc1Cl.Cl,IC50,0.7,nM,9.15,10000000000.0
CHEMBL553348,COc1ccc(CNc2nnc(N3CCC(CO)CC3)c3ccc(C#N)cc23)cc1Cl.Cl,IC50,0.93,nM,9.03,10000000000.0
CHEMBL545476,COc1ccc(CNc2nnc(-n3ccnc3)c3ccc(C#N)cc23)cc1Cl.Cl,IC50,1.5,nM,8.82,10000000000.0
CHEMBL540044,COc1ccc(CNc2nnc(N3CCN(CCO)CC3)c3ccc(C#N)cc23)cc1Cl.Cl,IC50,1.7,nM,8.77,10000000000.0
CHEMBL108491,CCn1c(=O)c2c(nc(NC3CCCCC3)n2Cc2ccc(O)c(F)c2)n(CC)c1=O,IC50,0.33,nM,9.48,-7.2
CHEMBL323473,CCn1c(=O)c2c(nc(NC3CCCCC3)n2Cc2ccc(O)c(Cl)c2)n(CC)c1=O,IC50,2.0,nM,8.7,-7.1
CHEMBL556618,COc1ccc(CNc2nnc(NCCCO)c3ccc(C#N)cc23)cc1Cl.Cl,IC50,2.6,nM,8.59,10000000000.0
CHEMBL321229,CCn1c(=O)c2c(nc(NC3CCCC3)n2Cc2ccccc2)n(CC)c1=O,IC50,10.0,nM,8.0,-7.0
CHEMBL3084583,COc1ccc(CNc2nnc(N[C@H]3CC[C@H](O)CC3)c3ccc(C#N)cc23)cc1Cl.Cl,IC50,12.0,nM,7.92,10000000000.0
CHEMBL106153,CCn1c(=O)c2c(nc(NC3CCCCC3)n2Cc2ccc(O)c(C)c2)n(CC)c1=O,IC50,4.5,nM,8.35,-7.5
CHEMBL107156,CCn1c(=O)c2c(nc(NC3CCCCC3)n2Cc2ccc(O)cc2)n(CC)c1=O,IC50,0.6,nM,9.22,-6.9
CHEMBL107349,CCn1c(=O)c2c(nc(NC3CCCCC3)n2Cc2ccc(OC)c(F)c2)n(CC)c1=O,IC50,0.3,nM,9.52,-6.8
CHEMBL108844,CCn1c(=O)c2c(nc(NC3CCCC3)n2Cc2ccc(OC)c(F)c2)n(CC)c1=O,IC50,0.69,nM,9.16,-7.1
CHEMBL542663,COc1ccc(CNc2nnc(N3CCS(=O)(=O)CC3)c3ccc(C#N)cc23)cc1Cl.Cl,IC50,0.79,nM,9.1,10000000000.0
CHEMBL555168,COc1ccc(CNc2nnc(N3CCN(C)CC3)c3ccc(C#N)cc23)cc1Cl.Cl,IC50,0.95,nM,9.02,10000000000.0
CHEMBL545523,Cl.Cl.Cl.c1cncc(CNc2nc(-c3cccnc3)nc3ccccc23)c1,IC50,2800.0,nM,5.55,10000000000.0
CHEMBL119449,c1ccc(COc2nc(-c3ccccc3)nc3ccccc23)cc1,IC50,18500.0,nM,4.73,-10.0
CHEMBL118481,c1ccc(Nc2nc(-c3ccncc3)nc3ccccc23)cc1,IC50,1200.0,nM,5.92,-8.6
CHEMBL119328,c1ccc(CNc2nc(N3CCOCC3)nc3ccccc23)cc1,IC50,4300.0,nM,5.37,-10.0
CHEMBL553583,Cl.c1ccc(-c2nc(Nc3cccnc3)c3ccccc3n2)cc1,IC50,13000.0,nM,4.89,10000000000.0
CHEMBL72650,c1ccc(CNc2nc(-c3ccccc3)nc3ccccc23)cc1,IC50,320.0,nM,6.5,-10.5
CHEMBL116890,c1ccc(-c2nc(NCc3cccs3)c3ccccc3n2)cc1,IC50,1200.0,nM,5.92,-9.6
CHEMBL117108,c1ccc(CNc2nc(-c3cccs3)nc3ccccc23)cc1,IC50,720.0,nM,6.14,-9.5
CHEMBL119250,CCOC(=O)CCCNc1nc(-c2ccccc2)nc2ccccc12,IC50,4300.0,nM,5.37,-9.2
CHEMBL289047,COc1ccc(CNc2c(CO)cnc3ccc(C#N)cc23)cc1Cl,IC50,0.48,nM,9.32,-8.6
CHEMBL119321,CN(Cc1ccccc1)c1nc(-c2ccccc2)nc2ccccc12,IC50,14000.0,nM,4.85,-9.7
CHEMBL422606,c1ccc(-c2nc(Nn3cccc3)c3ccccc3n2)cc1,IC50,6000.0,nM,5.22,-8.9
CHEMBL119841,c1ccc(CNc2nc(-c3cccnc3)nc3ccccc23)cc1,IC50,450.0,nM,6.35,-10.0
CHEMBL544348,Cl.Cl.c1cncc(-c2nc(NCc3ccco3)c3ccccc3n2)c1,IC50,1700.0,nM,5.77,10000000000.0
CHEMBL341679,O=[N+]([O-])c1cccc(CNc2nc(-c3ccccc3)nc3ccccc23)c1,IC50,1300.0,nM,5.89,-10.9
CHEMBL118376,Cc1cc[nH]c1CCNc1nc(-c2cccnc2)nc2ccccc12,IC50,1100.0,nM,5.96,-9.8
CHEMBL118572,CN1CCN(c2nc(NCc3ccccc3)c3ccccc3n2)CC1,IC50,22000.0,nM,4.66,-9.4
CHEMBL291127,CCc1cc(C#N)cc2c(NCc3ccc(OC)c(Cl)c3)ccnc12,IC50,0.4,nM,9.4,-10.3
CHEMBL118193,Clc1nc(NCc2ccccc2)c2ccccc2n1,IC50,4600.0,nM,5.34,-9.3
CHEMBL545749,Cl.Fc1ccc2nc(-c3cccnc3)nc(NCc3ccccc3)c2c1,IC50,165.0,nM,6.78,10000000000.0
CHEMBL557022,Cl.Cl.O=[N+]([O-])c1ccc2nc(-n3ccnc3)nc(NCc3ccccc3)c2c1,IC50,2.6,nM,8.59,10000000000.0
CHEMBL555218,CSc1ccc2nc(-n3ccnc3)nc(NCc3ccccc3)c2c1.Cl.Cl,IC50,14.0,nM,7.85,10000000000.0
CHEMBL331514,OCCCCCNc1nc(-c2ccccc2)nc2ccccc12,IC50,15000.0,nM,4.82,-8.9
CHEMBL118209,c1ccc(CNc2nc(-c3ccco3)nc3ccccc23)cc1,IC50,2500.0,nM,5.6,-9.7
CHEMBL555171,Cl.Cl.c1ccc(CCNc2nc(-n3ccnc3)nc3ccccc23)cc1,IC50,860.0,nM,6.07,10000000000.0
CHEMBL118812,O=[N+]([O-])c1cccc(Nc2nc(-c3ccccc3)nc3ccccc23)c1,IC50,420.0,nM,6.38,-9.4
CHEMBL554051,CS(=O)(=O)c1ccc2nc(-n3ccnc3)nc(NCc3ccccc3)c2c1.Cl.Cl,IC50,110.0,nM,6.96,10000000000.0
CHEMBL539033,C#Cc1ccc2nc(-n3ccnc3)nc(NCc3ccccc3)c2c1.Cl,IC50,0.53,nM,9.28,10000000000.0
CHEMBL118217,c1ccc(Nc2nc(-c3ccco3)nc3ccccc23)cc1,IC50,2300.0,nM,5.64,-9.0
CHEMBL40371,CCOC(=O)c1cnc2ccc(C#N)cc2c1NCc1ccc(OC)c(Cl)c1,IC50,4.0,nM,8.4,-8.7
CHEMBL332686,c1ccc(-c2nc(NCc3ccco3)c3ccccc3n2)cc1,IC50,4700.0,nM,5.33,-9.7
CHEMBL118462,c1ccc(CNc2nc(-c3ccncc3)nc3ccccc23)cc1,IC50,310.0,nM,6.51,-10.3
CHEMBL540318,Cl.Cl.c1coc(CNc2nc(-n3ccnc3)nc3ccccc23)c1,IC50,630.0,nM,6.2,10000000000.0
CHEMBL38735,CCc1cc(C#N)cc2c(NCc3ccc(OC)c(Cl)c3)c(CO)cnc12,IC50,0.05,nM,10.3,-8.6
CHEMBL554946,Cl.Cl.c1ccc2c(NCC3CCCCC3)nc(-n3ccnc3)nc2c1,IC50,230.0,nM,6.64,10000000000.0
CHEMBL420539,c1ccc(-c2nc(NCc3cccnc3)c3ccccc3n2)cc1,IC50,8600.0,nM,5.07,-10.0
CHEMBL41236,COc1ccc(CNc2ccnc3ccc(C#N)cc23)cc1Cl,IC50,1.4,nM,8.85,-10.1
CHEMBL541327,Cl.Cl.c1cncc(-c2nc(NCC3CC3)c3ccccc3n2)c1,IC50,4400.0,nM,5.36,10000000000.0
CHEMBL116818,COC(=O)c1cccc(Nc2nc(-c3ccccc3)nc3ccccc23)c1,IC50,190.0,nM,6.72,-9.6
CHEMBL545751,Cl.Cl.c1cncc(-c2nc(NCC3CCCO3)c3ccccc3n2)c1,IC50,5000.0,nM,5.3,10000000000.0
CHEMBL539806,Cl.Cl.Clc1ccc2nc(-n3ccnc3)nc(NCc3ccccc3)c2c1,IC50,2.8,nM,8.55,10000000000.0
CHEMBL116371,CCCNc1nc(-c2ccccc2)nc2ccccc12,IC50,6200.0,nM,5.21,-9.1
CHEMBL117583,c1csc(CNc2nc(-n3ccnc3)nc3ccccc23)c1,IC50,210.0,nM,6.68,-9.0
CHEMBL120099,COC(=O)c1ccc(Nc2nc(-c3ccccc3)nc3ccccc23)cc1,IC50,860.0,nM,6.07,-9.5
CHEMBL555463,COc1ccc2nc(-n3ccnc3)nc(NCc3ccccc3)c2c1.Cl.Cl,IC50,16.0,nM,7.8,10000000000.0
CHEMBL442348,COc1ccc(CNc2c(C(=O)NCc3ccccn3)cnc3ccc(C#N)cc23)cc1Cl,IC50,1.3,nM,8.89,-10.5
CHEMBL119506,c1ccc(-c2nc(NC3CCCC3)c3ccccc3n2)cc1,IC50,2400.0,nM,5.62,-9.6
CHEMBL542707,COc1ccc2nc(-n3ccnc3)nc(NCc3ccco3)c2c1.Cl.Cl,IC50,72.0,nM,7.14,10000000000.0
CHEMBL117509,c1ccc(CCNc2nc(-c3ccccc3)nc3ccccc23)cc1,IC50,1900.0,nM,5.72,-10.3
CHEMBL118944,c1ccc(CNc2nc(-n3ccnc3)nc3ccccc23)cc1,IC50,260.0,nM,6.58,-10.1
CHEMBL552952,Cl.Cl.c1ccc2c(NCC3CCCO3)nc(-n3ccnc3)nc2c1,IC50,3000.0,nM,5.52,10000000000.0
CHEMBL119309,Cc1cc(Nc2nc(-c3ccccc3)nc3ccccc23)no1,IC50,3600.0,nM,5.44,-10.0
CHEMBL119284,c1ccc(-c2nc(NCC3CCCO3)c3ccccc3n2)cc1,IC50,8800.0,nM,5.06,-9.7
CHEMBL68337,OCc1ccc2ncnc(NCc3ccc4c(c3)OCO4)c2c1,IC50,930.0,nM,6.03,-9.6
CHEMBL63379,COc1cccc2c(NCc3ccc4c(c3)OCO4)ncnc12,IC50,5900.0,nM,5.23,-10.2
CHEMBL67239,COc1cc2c(=O)n(Cc3ccc4c(c3)OCO4)cnc2c(OC)c1OC,IC50,530.0,nM,6.28,-9.3
CHEMBL189,Cc1[nH]c(=O)c(C#N)cc1-c1ccncc1,IC50,740.0,nM,6.13,-7.2
CHEMBL305771,Clc1ccc2c(NCc3ccc4c(c3)OCO4)ncnc2c1,IC50,1100.0,nM,5.96,-10.0
CHEMBL63637,COc1cc2c(OCc3ccc4c(c3)OCO4)ncnc2c(OC)c1OC,IC50,1000.0,nM,6.0,-9.6
CHEMBL63,COc1ccc(C2CNC(=O)C2)cc1OC1CCCC1,IC50,720.0,nM,6.14,-8.4
CHEMBL66913,COc1cc2ncnc(NCc3ccc4c(c3)OCO4)c2cc1OC,IC50,840.0,nM,6.08,-10.1
CHEMBL68072,COc1cc(OC)c2ncnc(NCc3ccc4c(c3)OCO4)c2c1,IC50,810.0,nM,6.09,-9.4
CHEMBL304927,CSc1ccc2ncnc(NCc3ccc4c(c3)OCO4)c2c1,IC50,31.0,nM,7.51,-9.5
CHEMBL302588,COc1cc2ncn(Cc3ccc4c(c3)OCO4)c(=O)c2cc1SC,IC50,3600.0,nM,5.44,-9.3
CHEMBL66732,c1ccc2c(NCc3ccc4c(c3)OCO4)ncnc2c1,IC50,4200.0,nM,5.38,-10.1
CHEMBL67276,Cc1ccc2ncnc(NCc3ccc4c(c3)OCO4)c2c1,IC50,100.0,nM,7.0,-10.2
CHEMBL294731,CS(=O)(=O)c1ccc2ncnc(NCc3ccc4c(c3)OCO4)c2c1,IC50,810.0,nM,6.09,-9.4
CHEMBL304275,O=C(O)c1ccc2ncnc(NCc3ccc4c(c3)OCO4)c2c1,IC50,7500.0,nM,5.12,-10.0
CHEMBL66620,Clc1ccc2ncnc(NCc3ccc4c(c3)OCO4)c2c1,IC50,19.0,nM,7.72,-9.9
CHEMBL67243,N#Cc1ccc2ncnc(NCc3ccc4c(c3)OCO4)c2c1,IC50,90.0,nM,7.05,-9.8
CHEMBL308657,COc1ccc2ncnc(NCc3ccc4c(c3)OCO4)c2c1OC,IC50,730.0,nM,6.14,-9.3
CHEMBL66855,COc1cc2ncnc(NCc3ccc4c(c3)OCO4)c2cc1SC,IC50,350.0,nM,6.46,-9.9
CHEMBL68448,CSc1ccc2ncnc(OCc3ccc4c(c3)OCO4)c2c1,IC50,1400.0,nM,5.85,-10.0
CHEMBL66323,COc1ccc2ncnc(NCc3ccc4c(c3)OCO4)c2c1,IC50,230.0,nM,6.64,-9.5
CHEMBL67892,CN(C)C(=O)c1ccc2ncnc(NCc3ccc4c(c3)OCO4)c2c1,IC50,2300.0,nM,5.64,-9.7
CHEMBL63428,NC(=O)c1ccc2ncnc(NCc3ccc4c(c3)OCO4)c2c1,IC50,770.0,nM,6.11,-10.4
CHEMBL304277,O=C(c1ccc2ncnc(NCc3ccc4c(c3)OCO4)c2c1)N1CCOCC1,IC50,2700.0,nM,5.57,-9.8
CHEMBL67061,C[S+]([O-])c1ccc2ncnc(NCc3ccc4c(c3)OCO4)c2c1,IC50,380.0,nM,6.42,-9.9
CHEMBL63259,CCOc1ccc2ncnc(NCc3ccc4c(c3)OCO4)c2c1,IC50,380.0,nM,6.42,-9.4
CHEMBL63416,c1nc(NCc2ccc3c(c2)OCO3)c2cc3c(cc2n1)OCO3,IC50,1600.0,nM,5.8,-10.7
CHEMBL67418,O=c1c2ccc(Cl)cc2ncn1Cc1ccc2c(c1)OCO2,IC50,8700.0,nM,5.06,-10.3
CHEMBL419806,CCOC(=O)c1ccc2ncnc(NCc3ccc4c(c3)OCO4)c2c1,IC50,620.0,nM,6.21,-9.4
CHEMBL67736,CSc1ccc2ncn(Cc3ccc4c(c3)OCO4)c(=O)c2c1,IC50,2300.0,nM,5.64,-9.8
CHEMBL344018,CCn1ncc2c3c(NCc4ccc(OC)c(Cl)c4)nnc(NCc4ccncc4)c3cnc21,IC50,0.1,nM,10.0,-10.3
CHEMBL140520,CCn1ncc2c3c(NCc4ccc(OC)c(Cl)c4)nnc(N4CCC(O)CC4)c3cnc21,IC50,0.7,nM,9.15,-9.6
CHEMBL139998,CCn1ncc2c3c(NCc4ccc(OC)c(Cl)c4)nnc(-n4cnc(C(=O)NC)c4)c3cnc21,IC50,0.3,nM,9.52,-9.7
CHEMBL410215,CCn1ncc2c3c(NCc4ccc(OC)c(Cl)c4)nnc(N4CCC(C(=O)O)CC4)c3cnc21,IC50,0.03,nM,10.52,-9.4
CHEMBL7868,CCn1ncc2c(NCc3ccc(OC)c(Cl)c3)c(C(=O)NCc3ccncc3)cnc21,IC50,0.8,nM,9.1,-9.8
CHEMBL1520,CCCc1nc(C)c2c(=O)nc(-c3cc(S(=O)(=O)N4CCN(CC)CC4)ccc3OCC)[nH]n12,IC50,0.029,nM,10.54,-9.6
CHEMBL266960,COc1ccc(CNc2nnc(N3CCC(O)CC3)c3ccc(C#N)cc23)cc1Cl,IC50,0.6,nM,9.22,-9.0
CHEMBL28566,CCCCCCOc1ccccc1-c1nc2ccc[nH]c-2n1,IC50,4000.0,nM,5.4,-8.3
CHEMBL280830,ClCCCOc1ccccc1-c1nc2ccc[nH]c-2n1,IC50,2000.0,nM,5.7,-8.4
CHEMBL542813,CCCCCOc1ccccc1-c1nc2cc[nH]cc-2n1.Cl,IC50,1000.0,nM,6.0,10000000000.0
CHEMBL286020,COc1cc([S+](C)[O-])ccc1-c1nc2cccnc2[nH]1,IC50,21000.0,nM,4.68,-8.8
CHEMBL32093,CCCNc1ccccc1-c1nc2ccc[nH]c-2n1,IC50,26000.0,nM,4.58,-8.6
CHEMBL28835,c1c[nH]c2nc(-c3ccccc3OCC3CC3)nc-2c1,IC50,6000.0,nM,5.22,-8.8
CHEMBL553515,COc1ccccc1-c1nc2cc[nH]cc-2n1.Cl,IC50,42000.0,nM,4.38,10000000000.0
CHEMBL281663,OCCCOc1ccccc1-c1nc2ccc[nH]c-2n1,IC50,24000.0,nM,4.62,-7.8
CHEMBL28597,Oc1ccccc1-c1nc2ccc[nH]c-2n1,IC50,37000.0,nM,4.43,-8.7
CHEMBL28240,CC(=O)Oc1ccccc1-c1nc2ccc[nH]c-2n1,IC50,40000.0,nM,4.4,-8.4
CHEMBL432659,CCCOc1ccccc1-c1cn2cccnc2n1,IC50,33000.0,nM,4.48,-8.4
CHEMBL28871,CCCCCOc1ccccc1-c1nc2ccc[nH]c-2n1,IC50,1000.0,nM,6.0,-8.6
CHEMBL417477,CCCOc1ccccc1-c1nc2ccc[nH]c-2n1,IC50,6000.0,nM,5.22,-8.5
CHEMBL27627,c1ccc(COc2ccccc2-c2nc3ccc[nH]c-3n2)cc1,IC50,4000.0,nM,5.4,-9.4
CHEMBL32183,CCCCOc1ccccc1-c1nc2ccc[nH]c-2n1,IC50,1000.0,nM,6.0,-8.6
CHEMBL31964,OCCOc1ccccc1-c1nc2ccc[nH]c-2n1,IC50,64000.0,nM,4.19,-8.5
CHEMBL31359,CCOc1ccccc1-c1nc2ccc[nH]c-2n1,IC50,18000.0,nM,4.75,-8.3
CHEMBL543042,COc1ccccc1-c1nc2ccc[nH]c-2n1.Cl,IC50,34000.0,nM,4.47,10000000000.0
CHEMBL31954,CCCSc1ccccc1-c1nc2ccc[nH]c-2n1,IC50,24000.0,nM,4.62,-8.5
CHEMBL2110680,COc1cc([S+](C)[O-])ccc1-c1nc2cnccc2[nH]1,IC50,58000.0,nM,4.24,-8.4
CHEMBL286042,c1c[nH]c2nc(-c3ccccc3OC3CCCC3)nc-2c1,IC50,15000.0,nM,4.82,-9.9
CHEMBL286021,CC(C)COc1ccccc1-c1nc2ccc[nH]c-2n1,IC50,3000.0,nM,5.52,-8.9
CHEMBL281065,CCN1C(=O)c2c(nc(Cc3ccccc3)n2Cc2ccc(C)cc2)N2C1=N[C@@H]1CCC[C@@H]12,IC50,40.0,nM,7.4,-6.5
CHEMBL24552,CCN1C(=O)c2c(ncn2Cc2ccc(OC)cc2)N2C1=N[C@@H]1CCC[C@@H]12,IC50,55.0,nM,7.26,-8.9
CHEMBL285573,CCN1C(=O)c2c(nc(C(=O)OC)n2Cc2ccc(OC)cc2)N2C1=N[C@@H]1CCC[C@@H]12,IC50,6.8,nM,8.17,-6.5
CHEMBL282189,CCSc1nc2c(n1Cc1ccc(O)cc1)C(=O)N(CC)C1=N[C@@H]3CCC[C@@H]3N12,IC50,1.8,nM,8.74,-6.6
CHEMBL280578,CCN1C(=O)c2c(ncn2Cc2ccc(OC)c(Br)c2)N2C1=N[C@@H]1CCC[C@@H]12,IC50,6.5,nM,8.19,-9.3
CHEMBL432657,CCN1C(=O)c2c(nc(C(N)=O)n2Cc2ccc(OC)c(Br)c2)N2C1=N[C@@H]1CCC[C@@H]12,IC50,1.5,nM,8.82,-6.6
CHEMBL278354,CCCOc1ccc(C(N)=O)cc1-c1nc(O)c2cc3c(cc2n1)ncn3Cc1ccc(F)cc1,IC50,0.48,nM,9.32,-10.7
CHEMBL283562,CCN1C(=O)c2[nH]c(Cc3ccccc3)nc2N2C[C@@H](Cc3ccccc3)N=C12,IC50,4.5,nM,8.35,-9.6
CHEMBL280576,CCOc1nc2c(n1Cc1ccc(OC)cc1)C(=O)N(CC)C1=N[C@@H]3CCC[C@@H]3N12,IC50,18.0,nM,7.75,-6.4
CHEMBL26445,CCSc1nc2c(n1Cc1ccc(OC)cc1)C(=O)N(CC)C1=N[C@@H]3CCC[C@@H]3N12,IC50,13.0,nM,7.89,-7.2
CHEMBL25419,CCN1C(=O)c2c(nc(C(N)=O)n2Cc2ccc(OC)c(Cl)c2)N2C[C@@H](Cc3ccccc3)N=C12,IC50,2.8,nM,8.55,-9.1
CHEMBL286723,CCN1C(=O)c2c(nc(C(N)=O)n2Cc2ccc(O)c(Br)c2)N2C1=N[C@@H]1CCC[C@@H]12,IC50,0.9,nM,9.05,-7.0
CHEMBL24587,CCN1C(=O)c2c(nc(C(N)=O)n2Cc2ccc(O)c(Cl)c2)N2C[C@@H](Cc3ccccc3)N=C12,IC50,3.0,nM,8.52,-7.9
CHEMBL280525,CCOc1nc2c(n1Cc1ccc(O)cc1)C(=O)N(CC)C1=N[C@@H]3CCC[C@@H]3N12,IC50,0.9,nM,9.05,-7.0
CHEMBL24228,CCN1C(=O)c2c(nc(OC)n2Cc2ccc(OC)c(C#N)c2)N2C[C@@H](Cc3ccccc3)N=C12,IC50,11.0,nM,7.96,-8.1
CHEMBL177716,CCN1C(=O)c2c(nc(C(N)=O)n2Cc2ccc(OC)cc2)N2C1=N[C@@H]1CCC[C@@H]12,IC50,4.0,nM,8.4,-6.8
CHEMBL487704,CCN1C(=O)c2c(nc(C(F)(F)F)n2Cc2ccc(O)cc2)N2C1=N[C@@H]1CCC[C@@H]12,IC50,7.0,nM,8.15,-8.4
CHEMBL24536,CCN1C(=O)c2c(nc(C#Cc3ccccc3)n2Cc2ccc(OC)cc2)N2C1=N[C@@H]1CCC[C@@H]12,IC50,3.1,nM,8.51,-7.8
CHEMBL488322,CCN1C(=O)c2c(nc(C(F)(F)F)n2Cc2ccc(OC)cc2)N2C1=N[C@@H]1CCC[C@@H]12,IC50,48.0,nM,7.32,-8.4
CHEMBL23123,CCN1C(=O)c2c(nc(OC)n2Cc2ccc(OC)c(Cl)c2)N2C[C@@H](Cc3ccccc3)N=C12,IC50,1.6,nM,8.8,-8.4
CHEMBL23572,CCN1C(=O)c2c(nc(OC)n2Cc2ccc(O)c(Cl)c2)N2C[C@@H](Cc3ccccc3)N=C12,IC50,1.9,nM,8.72,-8.1
CHEMBL281087,CCN1C(=O)c2c(nc(C#Cc3ccccc3)n2Cc2ccccc2)N2C1=N[C@@H]1CCC[C@@H]12,IC50,8.0,nM,8.1,-8.8
CHEMBL26396,CCN1C(=O)c2c(nc(C#Cc3ccccc3)n2Cc2ccc(O)cc2)N2C1=N[C@@H]1CCC[C@@H]12,IC50,0.3,nM,9.52,-8.6
CHEMBL23375,CCN1C(=O)c2c(nc(C(=O)NC)n2Cc2ccc(O)c(Cl)c2)N2C1=N[C@@H]1CCC[C@@H]12,IC50,1.3,nM,8.89,-6.8
CHEMBL282114,CCN1C(=O)c2c(nc(OC)n2Cc2ccc(O)c(Br)c2)N2C1=N[C@@H]1CCC[C@@H]12,IC50,1.6,nM,8.8,-8.2
CHEMBL24543,CCOc1nc2c(n1Cc1ccc(O)c(Cl)c1)C(=O)N(CC)C1=N[C@@H]3CCC[C@@H]3N12,IC50,2.1,nM,8.68,-6.8
CHEMBL25311,CCN1C(=O)c2c(nc(OC)n2Cc2ccc(OC)c(Cl)c2)N2C1=N[C@@H]1CCC[C@@H]12,IC50,5.0,nM,8.3,-7.2
CHEMBL441223,CCOc1nc2c(n1Cc1ccc(OC)c(Br)c1)C(=O)N(CC)C1=N[C@@H]3CCC[C@@H]3N12,IC50,5.4,nM,8.27,-6.4
CHEMBL446663,CCN1C(=O)c2[nH]c(Cc3ccccc3)nc2N2C1=N[C@@H]1CCC[C@@H]12,IC50,19.0,nM,7.72,-9.9
CHEMBL436144,CCN1C(=O)c2c(nc(Cc3ccccc3)n2Cc2ccc3c(c2)OCO3)N2C1=N[C@@H]1CCC[C@@H]12,IC50,46.0,nM,7.34,-6.7
CHEMBL283242,CCN1C(=O)c2c(ncn2Cc2ccc(O)c(Br)c2)N2C1=N[C@@H]1CCC[C@@H]12,IC50,6.3,nM,8.2,-9.2
CHEMBL24691,CCN1C(=O)c2c(nc(Cc3ccccc3)n2Cc2ccc(N)cc2)N2C1=N[C@@H]1CCC[C@@H]12,IC50,550.0,nM,6.26,-6.3
CHEMBL285610,CCN1C(=O)c2c(nc(C(N)=O)n2Cc2ccc(O)c(Cl)c2)N2C1=N[C@@H]1CCC[C@@H]12,IC50,1.1,nM,8.96,-6.7
CHEMBL277692,CCN1C(=O)c2c(nc(Cc3ccccc3)n2Cc2ccc(OC)cc2)N2C1=N[C@@H]1CCC[C@@H]12,IC50,20.0,nM,7.7,-6.4
CHEMBL440786,CCN1C(=O)c2c(nc(Cc3ccccc3)n2Cc2ccc(OC)c(Cl)c2)N2C1=N[C@@H]1CCC[C@@H]12,IC50,58.0,nM,7.24,-6.2
CHEMBL280993,CCN1C(=O)c2c(nc(N)n2Cc2ccc(O)cc2)N2C1=N[C@@H]1CCC[C@@H]12,IC50,22.0,nM,7.66,-8.6
CHEMBL280624,CCN1C(=O)c2c(nc(C(N)=O)n2Cc2ccc(O)cc2)N2C1=N[C@@H]1CCC[C@@H]12,IC50,2.1,nM,8.68,-6.8
CHEMBL23513,CCN1C(=O)c2c(nc(OC)n2Cc2ccc(O)c(C#N)c2)N2C[C@@H](Cc3ccccc3)N=C12,IC50,43.0,nM,7.37,-8.6
CHEMBL282709,CCN1C(=O)c2c(nc(N=[N+]=[N-])n2Cc2ccc(O)cc2)N2C1=N[C@@H]1CCC[C@@H]12,IC50,0.61,nM,9.21,-7.3
CHEMBL23992,CCN1C(=O)c2c(nc(Cc3ccccc3)n2Cc2ccc(O)cc2)N2C1=N[C@@H]1CCC[C@@H]12,IC50,3.9,nM,8.41,-6.4
CHEMBL281772,CCN1C(=O)c2c(nc(C#N)n2Cc2ccc(OC)cc2)N2C1=N[C@@H]1CCC[C@@H]12,IC50,6.3,nM,8.2,-8.7
CHEMBL26102,CCN1C(=O)c2c(nc(C(=O)NC)n2Cc2ccc(OC)c(Cl)c2)N2C1=N[C@@H]1CCC[C@@H]12,IC50,2.3,nM,8.64,-6.9
CHEMBL26775,CCN1C(=O)c2c(nc(OC)n2Cc2ccc(OC)c(Br)c2)N2C1=N[C@@H]1CCC[C@@H]12,IC50,2.8,nM,8.55,-6.8
CHEMBL24653,CCN1C(=O)c2c(nc(C#Cc3ccccc3)n2Cc2ccc(Cl)cc2)N2C1=N[C@@H]1CCC[C@@H]12,IC50,5.0,nM,8.3,-7.9
CHEMBL24815,CCN1C(=O)c2c(nc(OC)n2Cc2ccc(O)c(Cl)c2)N2C1=N[C@@H]1CCC[C@@H]12,IC50,2.0,nM,8.7,-8.1
CHEMBL423838,CCN1C(=O)c2c(nc(Cc3ccccc3)n2Cc2ccc(Cl)cc2)N2C1=N[C@@H]1CCC[C@@H]12,IC50,160.0,nM,6.8,-6.4
CHEMBL280699,CCOc1nc2c(n1Cc1ccc(OC)c(Cl)c1)C(=O)N(CC)C1=N[C@@H]3CCC[C@@H]3N12,IC50,6.5,nM,8.19,-6.2
CHEMBL282528,CCN1C(=O)c2c(nc(Cc3ccccc3)n2Cc2ccccc2)N2C1=N[C@@H]1CCC[C@@H]12,IC50,130.0,nM,6.89,-6.3
CHEMBL25985,CCN1C(=O)c2c(ncn2Cc2ccc(OC)c(Cl)c2)N2C1=N[C@@H]1CCC[C@@H]12,IC50,8.3,nM,8.08,-9.5
CHEMBL300416,CCCc1n[nH]c2c(O)nc(-c3ccccc3O)nc12,IC50,1000.0,nM,6.0,-8.9
CHEMBL124539,COc1cc2c(=O)n(CCc3ccc4c(c3)OCO4)cnc2c(OC)c1OC,IC50,32000.0,nM,4.5,-10.2
CHEMBL125435,COc1ccc(CNc2ncnc3c(OC)c(OC)c(OC)cc23)cc1,IC50,1000.0,nM,6.0,-8.5
CHEMBL122093,COc1cc2c(NCc3ccco3)ncnc2c(OC)c1OC,IC50,4000.0,nM,5.4,-8.1
CHEMBL332624,CCCc1c(OCc2ccc3c(c2)OCO3)ccc2c(=O)cc(C(=O)O)oc12,IC50,650.0,nM,6.19,-10.8
CHEMBL19224,COc1ccc(Cc2nccc3cc(OC)c(OC)cc23)cc1OC,IC50,8800.0,nM,5.06,-9.0
CHEMBL125164,COc1cc2c(NCc3ccc(Cl)cc3)ncnc2c(OC)c1OC,IC50,1300.0,nM,5.89,-9.2
CHEMBL338276,COc1cc(CNc2ncnc3c(OC)c(OC)c(OC)cc23)cc(OC)c1OC,IC50,8900.0,nM,5.05,-7.2
CHEMBL52141,CCCc1nn(C)c2c(=O)[nH]c(-c3ccccc3OCC3CC3)nc12,IC50,960.0,nM,6.02,-8.5
CHEMBL52245,CCCc1nn(C)c2c(=O)[nH]c(-c3ccccc3NS(C)(=O)=O)nc12,IC50,780.0,nM,6.11,-8.5
CHEMBL124393,COc1cc2c(N)ncnc2c(OC)c1OC,IC50,9600.0,nM,5.02,-6.7
CHEMBL122909,COc1cc2c(NCCc3ccc4c(c3)OCO4)ncnc2c(OC)c1OC,IC50,2200.0,nM,5.66,-9.9
CHEMBL122059,COc1cc2c(Nc3ccc4c(c3)OCO4)ncnc2c(OC)c1OC,IC50,11000.0,nM,4.96,-9.4
CHEMBL338642,COc1cccc(CNc2ncnc3c(OC)c(OC)c(OC)cc23)c1,IC50,1700.0,nM,5.77,-9.4
CHEMBL340289,CCc1ccc(CNc2ncnc3c(OC)c(OC)c(OC)cc23)cc1,IC50,26000.0,nM,4.58,-8.8
CHEMBL125066,COc1cc2c(NCc3cccc([N+](=O)[O-])c3)ncnc2c(OC)c1OC,IC50,3500.0,nM,5.46,-9.3
CHEMBL121775,CCCOc1ccccc1Cn1cnc2c(OC)c(OC)c(OC)cc2c1=O,IC50,11000.0,nM,4.96,-9.4
CHEMBL52072,CCCc1nn(C)c2c(=O)[nH]c(-c3ccccc3[N+](=O)[O-])nc12,IC50,4400.0,nM,5.36,-8.3
CHEMBL51814,CCOc1ccccc1-c1nc2c(C)nn(C)c2c(=O)[nH]1,IC50,316.23,nM,6.5,-8.4
CHEMBL331407,COc1cc2c(NCc3ccc4c(c3)OCCO4)ncnc2c(OC)c1OC,IC50,780.0,nM,6.11,-9.8
CHEMBL910,CCCc1nn(C)c2c(=O)[nH]c(-c3cc(S(=O)(=O)N4CCNCC4)ccc3OCC)nc12,IC50,5.7,nM,8.24,-9.2
CHEMBL125714,COc1cc2c(NCCc3ccc([N+](=O)[O-])cc3)ncnc2c(OC)c1OC,IC50,22000.0,nM,4.66,-9.7
CHEMBL124544,COc1ccc(CNc2ncnc3c(OC)c(OC)c(OC)cc23)cc1OC,IC50,4600.0,nM,5.34,-8.6
CHEMBL126177,COc1cc2c(NCc3cccc(Cl)c3)ncnc2c(OC)c1OC,IC50,1300.0,nM,5.89,-9.3
CHEMBL302299,COc1cc2c(NCc3ccc4c(c3)OCO4)ncnc2c(OC)c1OC,IC50,360.0,nM,6.44,-9.7
CHEMBL54079,CCCc1nn(C)c2c(=O)[nH]c(-c3ccccc3OCC)nc12,IC50,27.0,nM,7.57,-8.4
CHEMBL339775,CCCOc1ccccc1CNc1ncnc2c(OC)c(OC)c(OC)cc12,IC50,2000.0,nM,5.7,-9.4
CHEMBL331434,COc1cc2c(NCCCCCO)ncnc2c(OC)c1OC,IC50,5500.0,nM,5.26,-7.7
CHEMBL125992,COc1cc2c(NCc3ccc4c(c3)CCC4)ncnc2c(OC)c1OC,IC50,1900.0,nM,5.72,-10.3
CHEMBL341475,COc1cc2c(NCc3ccncc3)ncnc2c(OC)c1OC,IC50,32000.0,nM,4.5,-8.6
CHEMBL298535,CCCc1n[nH]c2c(O)nc(-c3ccccc3OCC)nc12,IC50,50.0,nM,7.3,-9.0
CHEMBL267475,CCCc1c(OCC(O)COc2ccc3c(=O)cc(C(=O)O)oc3c2CCC)ccc(C(C)=O)c1O,IC50,1580.0,nM,5.8,-8.3
CHEMBL125394,CCCc1c(OCCOc2ccc3c(=O)cc(C(=O)O)oc3c2CCC)ccc(C(C)=O)c1O,IC50,1500.0,nM,5.82,-9.2
CHEMBL123364,COc1cc2c(=NCc3ccccc3)[nH]cnc2c(OC)c1OC,IC50,2000.0,nM,5.7,-9.3
CHEMBL431544,CCCc1n[nH]c2c(=O)[nH]c(-c3ccccc3)nc12,IC50,81.28,nM,7.09,-8.8
CHEMBL8184,CCCCNc1c(C(=O)OCC)cnc2c1cnn2CC,IC50,180.0,nM,6.75,-7.2
CHEMBL267805,CCn1ncc2c(NCc3ccc(OC)c(Cl)c3)c(C(=O)O)cnc21,IC50,38.0,nM,7.42,-8.7
CHEMBL269079,CCn1ncc2c(NCc3ccc(OC)c(Cl)c3)c(C(=O)NCCCCCO)cnc21,IC50,1.4,nM,8.85,-8.3
CHEMBL8198,CCn1ncc2c(NCc3ccc(OC)c(Cl)c3)c(C(=O)NCCCN3CCCC3=O)cnc21,IC50,1.6,nM,8.8,-9.5
CHEMBL168949,CCCc1nc(C)c2c(=O)[nH]c(-c3cc(S(=O)(=O)N4CCN(C)CC4)ccc3OCC)nn12,IC50,0.6,nM,9.22,-9.6
CHEMBL8410,CCn1ncc2c(NCc3ccc(OC)c(Cl)c3)c(C(=O)NC[C@@H]3CCCO3)cnc21,IC50,1.8,nM,8.74,-8.6
CHEMBL169843,CCCOc1ccc(S(=O)(=O)N2CCN(C)CC2)cc1-c1nc2c(ncn2CCC)c(=O)[nH]1,IC50,10.0,nM,8.0,-9.5
CHEMBL353248,CCCOc1ccccc1-c1nc2c(ncn2CCC)c(=O)[nH]1,IC50,10.0,nM,8.0,-8.9
CHEMBL8132,CCn1ncc2c(N[C@@H](C)C3CCCCC3)c3cc(C#N)ccc3nc21,IC50,1.0,nM,9.0,-9.2
CHEMBL352722,CCCc1nc(C)c2c(=O)[nH]c(-c3ccccc3OCC)nn12,IC50,5.0,nM,8.3,-8.1
CHEMBL34431,CN(C(=O)CCCOc1ccc2[nH]c(=O)ccc2c1)C1CCCCC1,IC50,7150.0,nM,5.15,-10.6
CHEMBL79579,CCCOc1ccc(S(=O)(=O)N2CC[C@@H](N(C)C)C2)cc1-c1nc(O)c2c[nH]c3nncc-3c2n1,IC50,2.1,nM,8.68,-11.2
CHEMBL445098,CNc1ncnc2c1ncn2Cc1ccccc1F.CS(=O)(=O)O,Ki,6500.0,nM,5.19,10000000000.0
CHEMBL516604,COc1nc2c([nH]1)c(=O)n(C)c(=O)n2CC(C)C,IC50,3020.0,nM,5.52,-7.3
CHEMBL299650,CNc1nc(C(F)(F)F)nc2c1ncn2Cc1ccccc1F,IC50,5000.0,nM,5.3,-9.1
CHEMBL91778,COc1ccc(-c2c(CO)c(CO)cc3cc(OC)c(OC)cc23)cc1OC,IC50,3000.0,nM,5.52,-8.3
CHEMBL42570,CCCOc1ccccc1-c1nc(O)c2ccncc2n1,IC50,70.0,nM,7.16,-9.4
CHEMBL43862,CCCOc1ccc(NC(=S)NC(=O)OCC)cc1-c1nc2c(c(C)nn2C)c(=O)[nH]1,IC50,2.0,nM,8.7,-9.9
CHEMBL416267,CCCOc1ccc(NC(C)=O)cc1-c1nc2c(c(C)nn2CC)c(=O)[nH]1,IC50,2.0,nM,8.7,-9.3
CHEMBL46714,CCCOc1ccccc1-c1nc2c(c(C)nn2CC)c(=O)[nH]1,IC50,2.0,nM,8.7,-8.4
CHEMBL289344,CCCOc1ccc(-c2cccs2)cc1-c1nc2c(c(C)nn2C)c(=O)[nH]1,IC50,5.0,nM,8.3,-10.0
CHEMBL42563,CCCOc1ccccc1-c1nc(O)c2cncnc2n1,IC50,300.0,nM,6.52,-9.6
CHEMBL295796,CCCOc1ccccc1-c1nc(O)c2ccsc2n1,IC50,100.0,nM,7.0,-9.3
CHEMBL46416,Cc1nn(C)c2nc(-c3ccccc3OC(C)C)[nH]c(=O)c12,IC50,40.0,nM,7.4,-8.4
CHEMBL42796,CCCOc1ccccc1-c1nc2c(c(C)nn2Cc2ccccc2)c(=O)[nH]1,IC50,70.0,nM,7.16,-8.5
CHEMBL45367,CCCOc1ccc(NS(C)(=O)=O)cc1-c1nc2c(c(C)nn2C)c(=O)[nH]1,IC50,3.0,nM,8.52,-9.8
CHEMBL290694,CCCOc1ccc(-c2nc(C)cs2)cc1-c1nc2c(c(C)nn2CC)c(=O)[nH]1,IC50,2.0,nM,8.7,-10.1
CHEMBL91064,COc1cc2cc(CO)c(CO)c(-c3cc(OC)c(OC)c(S(C)(=O)=O)c3)c2cc1OC,IC50,53000.0,nM,4.28,-7.2
CHEMBL92491,COc1ccc2c(-c3cc(OC)c(OC)c(OC)c3)c(CO)c(CO)cc2c1,IC50,8000.0,nM,5.1,-8.8
CHEMBL46771,CCCOc1ccc(NC(=O)c2ccc(F)cc2)cc1-c1nc2c(c(C)nn2C)c(=O)[nH]1,IC50,2.0,nM,8.7,-11.4
CHEMBL92043,COc1cc2cc(CO)c(CO)c(-c3cc(NC(C)=O)c(OC)c(OC)c3)c2cc1OC,IC50,100000.0,nM,4.0,-7.8
CHEMBL91632,CCOc1cc2cc(CO)c(CO)c(C3=CCN(CCOC)C(=O)C3)c2cc1OCC,IC50,22000.0,nM,4.66,-7.9
CHEMBL42680,CCCOc1ccccc1-c1nc2c(c(C)nn2C)c(=O)[nH]1,IC50,8.0,nM,8.1,-8.2
CHEMBL42172,CCCCn1nc(C)c2c(=O)[nH]c(-c3ccccc3OCCC)nc21,IC50,6.0,nM,8.22,-8.4
CHEMBL42776,CCCOc1ccc(N(C)C)cc1-c1nc2c(c(C)nn2CC)c(=O)[nH]1,IC50,4.0,nM,8.4,-8.8
CHEMBL285361,COc1cc2cc(CO)c(CO)c(-c3cc(OC)c(OC)c(OC)c3)c2cc1OC,IC50,3000.0,nM,5.52,-7.9
CHEMBL46831,CCCOc1ccccc1-c1nc(O)c2c(C)snc2n1,IC50,30.0,nM,7.52,-8.8
CHEMBL439923,CCCOc1ccc(N)cc1-c1nc2c(c(C)nn2CC)c(=O)[nH]1,IC50,7.0,nM,8.15,-8.2
CHEMBL42272,CCCOc1ccc(-c2csc(C)n2)cc1-c1nc2c(c(C)nn2CC)c(=O)[nH]1,IC50,3.0,nM,8.52,-9.9
CHEMBL298478,CCCOc1ccc(NC(=O)c2cccs2)cc1-c1nc2c(c(C)nn2C)c(=O)[nH]1,IC50,1.5,nM,8.82,-10.5
CHEMBL291178,CCCOc1ccc(NC(=O)OC)cc1-c1nc2c(c(C)nn2C)c(=O)[nH]1,IC50,2.0,nM,8.7,-9.5
CHEMBL542178,CCOc1cc2cc(CO)c(CO)c(-c3cc(N)c(OC)c(OC)c3)c2cc1OCC.Cl,IC50,30000.0,nM,4.52,10000000000.0
CHEMBL42435,CCCOc1ccccc1-c1nc(O)c2c(C)csc2n1,IC50,60.0,nM,7.22,-8.8
CHEMBL298294,CCCOc1ccc(NS(C)(=O)=O)cc1-c1nc2c(c(C)nn2CC)c(=O)[nH]1,IC50,4.0,nM,8.4,-9.4
CHEMBL43225,CCCOc1ccc(NC(=O)NCC)cc1-c1nc2c(c(C)nn2C)c(=O)[nH]1,IC50,3.0,nM,8.52,-10.0
CHEMBL296294,CCCOc1ccc(-c2n[nH]c(-c3ccccc3)n2)cc1-c1nc2c(c(C)nn2CC)c(=O)[nH]1,IC50,1.7,nM,8.77,-11.9
CHEMBL90469,COCCN1CC=C(c2c(CO)c(CO)cc3cc(OC)c(OC)cc23)CC1=O,IC50,22000.0,nM,4.66,-8.5
CHEMBL329574,COc1cc2cc(CO)c(CO)c(C3=CCN(C)C(=O)C3)c2cc1OC,IC50,20000.0,nM,4.7,-7.2
CHEMBL2115234,CCCCn1ccc(-c2c(CO)c(CO)cc3cc(OC)c(OC)cc23)cc1=O,IC50,4000.0,nM,5.4,-9.2
CHEMBL296071,CCCOc1ccc(-c2csc(C)n2)cc1-c1nc2c(c(C)nn2C)c(=O)[nH]1,IC50,2.5,nM,8.6,-10.3
CHEMBL42886,CCCOc1ccc(NC(N)=O)cc1-c1nc2c(c(C)nn2C)c(=O)[nH]1,IC50,2.0,nM,8.7,-9.8
CHEMBL330241,CCOc1cc2cc(CO)c(CO)c(C3=CCN(CCOC)C(=O)C3)c2cc1OC,IC50,24000.0,nM,4.62,-8.5
CHEMBL46639,CCCOc1ccccc1-c1nc(O)c2scc(C)c2n1,IC50,80.0,nM,7.1,-8.8
CHEMBL44467,CCCOc1ccccc1-c1nc2c(c(C)nn2C(C)(C)C)c(=O)[nH]1,IC50,20.0,nM,7.7,-8.6
CHEMBL47108,CCOc1ccccc1-c1nc2c(c(C)nn2C)c(=O)[nH]1,IC50,30.0,nM,7.52,-8.1
CHEMBL42988,CCCOc1ccc(NC(=O)Nc2ccc(F)cc2)cc1-c1nc2c(c(C)nn2C)c(=O)[nH]1,IC50,0.2,nM,9.7,-11.5
CHEMBL284006,COc1cc2cc3c(c(-c4cc(OC)c(OC)c(OC)c4)c2cc1OC)C(=O)OC3,IC50,1000.0,nM,6.0,-6.7
CHEMBL328147,COc1cc2cc(CO)c(CO)c(C3=CC=NC(=O)C3)c2cc1OC,IC50,10000.0,nM,5.0,-7.4
CHEMBL295613,CCCOc1ccc(N)cc1-c1nc2c(c(C)nn2C)c(=O)[nH]1,IC50,10.0,nM,8.0,-8.4
CHEMBL46621,CCCOc1ccc(NC(=O)CN2CCN(C)CC2)cc1-c1nc2c(c(C)nn2C)c(=O)[nH]1,IC50,3.5,nM,8.46,-10.6
CHEMBL41004,CCCOc1ccc(N(C)C)cc1-c1nc2c(c(C)nn2C)c(=O)[nH]1,IC50,5.0,nM,8.3,-8.9
CHEMBL289701,CCCOc1ccc(NC(=S)NCC)cc1-c1nc2c(c(C)nn2C)c(=O)[nH]1,IC50,3.0,nM,8.52,-9.3
CHEMBL91042,CCCCN1CC=C(c2c(CO)c(CO)cc3c(OC)cc(OCC)cc23)CC1=O,IC50,8000.0,nM,5.1,-7.8
CHEMBL329876,COc1cc2cc(CO)c(CO)cc2c(C2C=CCC(=O)N2C)c1OC,IC50,30000.0,nM,4.52,-7.1
CHEMBL42779,CCCOc1ccc(C(=O)CN2CCOCC2)cc1-c1nc2c(c(C)nn2C)c(=O)[nH]1,IC50,4.0,nM,8.4,-10.2
CHEMBL43443,CCCOc1ccc(NC(C)=O)cc1-c1nc2c(c(C)nn2C)c(=O)[nH]1,IC50,0.8,nM,9.1,-9.6
CHEMBL43617,CCCOc1ccccc1-c1nc(O)c2c(C)noc2n1,IC50,100.0,nM,7.0,-9.3
CHEMBL45039,CCCOc1ccc(-c2nc(C)cs2)cc1-c1nc2c(c(C)nn2C)c(=O)[nH]1,IC50,2.5,nM,8.6,-10.2
CHEMBL90059,COc1cc2cc(CO)c(CO)c(-c3cc(OC)c(OC)c(C(=O)N(C)C)c3)c2cc1OC,IC50,30000.0,nM,4.52,-7.2
CHEMBL327834,CCCCN1CC=C(c2c(CO)c(CO)cc3cc(OCC)c(OCC)cc23)CC1=O,IC50,9000.0,nM,5.05,-7.4
CHEMBL44508,CCCOc1ccccc1-c1nc(O)c2c[nH]nc2n1,IC50,150.0,nM,6.82,-9.3
CHEMBL295977,CCCSc1ccccc1-c1nc2c(c(C)nn2C)c(=O)[nH]1,IC50,2000.0,nM,5.7,-8.2
CHEMBL43320,CCCOc1ccccc1-c1nc2c(c(C)nn2CC(F)(F)F)c(=O)[nH]1,IC50,7.0,nM,8.15,-8.7
CHEMBL298295,CCCOc1ccc([N+](=O)[O-])cc1-c1nc2c(c(C)nn2CC)c(=O)[nH]1,IC50,0.1,nM,10.0,-9.0
CHEMBL313143,COc1cc2cc(CO)c(CO)c(Cc3cc(OC)c(OC)c(OC)c3)c2cc1OC,IC50,20000.0,nM,4.7,-6.5
CHEMBL43795,CCCOc1ccccc1-c1nc(O)c2cnccc2n1,IC50,50.0,nM,7.3,-9.4
CHEMBL46693,CCCOc1ccccc1-c1nc(O)c2sccc2n1,IC50,50.0,nM,7.3,-9.0
CHEMBL288061,CCCOc1ccccc1-c1nc2c(c(C)nn2CCC)c(=O)[nH]1,IC50,1.0,nM,9.0,-8.3
CHEMBL298282,CCCOc1ccc(-c2ccc(C)s2)cc1-c1nc2c(c(C)nn2C)c(=O)[nH]1,IC50,4.0,nM,8.4,-10.1
CHEMBL43665,CCCOc1ccc(-c2n[nH]c(-c3ccccc3)n2)cc1-c1nc2c(c(C)nn2C)c(=O)[nH]1,IC50,20.0,nM,7.7,-12.3
CHEMBL295614,CCCOc1ccc(-c2nccs2)cc1-c1nc2c(c(C)nn2C)c(=O)[nH]1,IC50,3.0,nM,8.52,-9.8
CHEMBL295224,CCCOc1ccc(Nc2nnc(N)[nH]2)cc1-c1nc2c(c(C)nn2C)c(=O)[nH]1,IC50,5.0,nM,8.3,-10.9
CHEMBL290402,CCCOc1ccc([N+](=O)[O-])cc1-c1nc2c(c(C)nn2C)c(=O)[nH]1,IC50,4.0,nM,8.4,-9.1
CHEMBL297864,CCCOc1ccc(NC(N)=S)cc1-c1nc2c(c(C)nn2C)c(=O)[nH]1,IC50,1.0,nM,9.0,-9.0
CHEMBL274528,COc1cc2cc(CO)c(CO)c(-c3ccnc(-n4ccc(=O)c5ccccc54)c3)c2cc1OC,IC50,20000.0,nM,4.7,-10.0
CHEMBL12412,COc1cc2cc(CO)c(CO)c(-c3ccnc(-n4ncc5ccccc5c4=O)c3)c2cc1OC,IC50,20000.0,nM,4.7,-9.8
CHEMBL12383,COc1cc2cc(CO)c(CO)c(-c3ccnc(-n4c(=O)ccc5ccccc54)c3)c2cc1OC,IC50,2000.0,nM,5.7,-10.0
CHEMBL12599,COc1cc2cc(CO)c(CO)c(-c3ccnc(-n4ccccc4=O)c3)c2cc1OC,IC50,40000.0,nM,4.4,-9.0
CHEMBL113368,COc1cc2c3c(n1)C(c1ccccc1)=NCC(=O)N3CC2,IC50,91000.0,nM,4.04,-7.6
CHEMBL112996,COc1cc2c3c(n1)C(c1ccccc1)=NC(NC(=O)c1cccnc1)C(=O)N3CC2,IC50,95000.0,nM,4.02,-5.8
CHEMBL366938,Oc1nnc(C2CCCCC2)c2nc(Br)c(Br)n12,IC50,3900.0,nM,5.41,-8.6
CHEMBL366491,CC(=O)Nc1ccc(-c2nnc(O)n3c(Br)c(Br)nc23)cc1,IC50,21200.0,nM,4.67,-9.8
CHEMBL173317,Oc1nnc(-c2ccccc2)c2nc(Br)c(Br)n12,IC50,2900.0,nM,5.54,-8.5
CHEMBL174270,Nc1ccc(-c2nnc(O)n3c(Br)c(Br)nc23)cc1,IC50,12100.0,nM,4.92,-8.3
CHEMBL340558,OCc1ccc(-c2nn(-c3ccccc3)c3ccccc23)o1,IC50,36300.0,nM,4.44,-10.4
CHEMBL426946,CC(=O)Nc1cccc(-c2nnc(O)n3c(Br)c(Br)nc23)c1,IC50,9700.0,nM,5.01,-9.7
CHEMBL123300,COCc1ccc(-c2nn(Cc3ccccc3)c3cc(C)ccc23)o1,IC50,9300.0,nM,5.03,-10.3
CHEMBL366999,Sc1nnc(-c2ccccc2)c2nc(Br)c(Br)n12,IC50,19700.0,nM,4.71,-8.3
CHEMBL355748,CCCCNC(=O)Nc1ccc(-c2nnc(O)n3c(Br)c(Br)nc23)cc1,IC50,18200.0,nM,4.74,-10.7
CHEMBL125441,COc1ccc2c(-c3ccc(CO)o3)nn(Cc3ccccc3)c2c1,IC50,3500.0,nM,5.46,-9.6
CHEMBL123034,OCc1ccc(-c2nn(Cc3ccccc3)c3cc(F)ccc23)o1,IC50,14000.0,nM,4.85,-9.6
CHEMBL369431,Oc1nnc(-c2ccccc2)c2nc(Br)cn12,IC50,66700.0,nM,4.18,-8.3
CHEMBL333985,OCc1ccc(-c2nn(Cc3ccccc3)c3ccccc23)o1,IC50,31900.0,nM,4.5,-8.7
CHEMBL421268,Cc1ccc(-c2nn(Cc3ccccc3)c3ccccc23)o1,IC50,22300.0,nM,4.65,-9.9
CHEMBL122681,COCc1ccc(-c2nn(Cc3ccccc3)c3ccccc23)o1,IC50,13800.0,nM,4.86,-9.8
CHEMBL122446,COCc1ccc(-c2nn(Cc3ccccc3)c3cc(F)ccc23)o1,IC50,3900.0,nM,5.41,-10.0
CHEMBL176346,CCCCNC(=O)Nc1cccc(-c2nnc(O)n3c(Br)c(Br)nc23)c1,IC50,14900.0,nM,4.83,-11.1
CHEMBL368322,Oc1nnc(-c2ccccc2)c2nc(Cl)c(Cl)n12,IC50,56100.0,nM,4.25,-8.6
CHEMBL354843,Nc1cccc(-c2nnc(O)n3c(Br)c(Br)nc23)c1,IC50,17700.0,nM,4.75,-8.5
CHEMBL368198,Cc1nc2c(-c3ccccc3)nnc(O)n2c1C,IC50,22700.0,nM,4.64,-8.8
CHEMBL275084,CC(C)Cn1c(=O)n(C)c(=O)c2nc[nH]c21,IC50,2100.0,nM,5.68,-6.8
CHEMBL440716,Cc1ccc2c(-c3ccc(CO)o3)nn(Cc3ccccc3)c2c1,IC50,8400.0,nM,5.08,-10.0
CHEMBL22906,CCCOc1ccc(S(=O)(=O)N2CCN(C)CC2)cc1-c1nc(O)c2cc3[nH]cnc3cc2n1,IC50,5.3,nM,8.28,-10.0
CHEMBL25391,CCCOc1ccccc1-c1nc(O)c2cc3[nH]cnc3cc2n1,IC50,44.0,nM,7.36,-9.8
CHEMBL349299,Cn1c2c(c(=O)c3ccccc31)CN(C(=O)OCc1ccncc1)C2c1ccc2c(c1)OCO2,Ki,601.0,nM,6.22,-8.2
CHEMBL160847,CN(Cc1ccccc1)C(=O)N1Cc2c(nc3ccccc3c2O)C1c1ccc2c(c1)OCO2,Ki,11.0,nM,7.96,-8.1
CHEMBL158374,O=C(/C=C/c1ccccc1)N1Cc2c(nc3ccccc3c2O)C1c1ccc2c(c1)OCO2,Ki,0.22,nM,9.66,-10.2
CHEMBL161408,O=C(NCc1ccccc1)N1Cc2c(nc3ccccc3c2O)C1c1ccc2c(c1)OCO2,Ki,1.06,nM,8.97,-8.9
CHEMBL158633,O=S(=O)(Cc1ccccc1)N1Cc2c(nc3ccccc3c2O)C1c1ccc2c(c1)OCO2,Ki,113.0,nM,6.95,-8.1
CHEMBL263000,O=C(C#Cc1ccccc1)N1Cc2c(nc3ccccc3c2O)C1c1ccc2c(c1)OCO2,Ki,0.35,nM,9.46,-6.7
CHEMBL345179,O=C(CCc1ccccc1)N1Cc2c(nc3ccccc3c2O)C1c1ccc2c(c1)OCO2,Ki,4.53,nM,8.34,-8.4
CHEMBL160556,O=S(=O)(/C=C/c1ccccc1)N1Cc2c(nc3ccccc3c2O)C1c1ccc2c(c1)OCO2,Ki,118.0,nM,6.93,-8.3
CHEMBL157819,O=C(OCc1ccccc1)N1Cc2c(nc3ccccc3c2O)C1c1ccc2c(c1)OCO2,Ki,0.58,nM,9.24,-8.3
CHEMBL351813,O=C(OCc1ccncc1)N1Cc2c(nc3ccccc3c2O)[C@H]1c1ccc2c(c1)OCO2,Ki,0.23,nM,9.64,-8.4
CHEMBL158829,O=C(OCc1ccncc1)N1Cc2c(nc3ccccc3c2O)[C@@H]1c1ccc2c(c1)OCO2,Ki,3.48,nM,8.46,-8.3
CHEMBL157701,O=C(Cc1ccccc1)N1Cc2c(nc3ccccc3c2O)C1c1ccc2c(c1)OCO2,Ki,12.5,nM,7.9,-9.4
CHEMBL158817,O=C(OCc1ccncc1)N1Cc2c(nc3ccccc3c2O)C1c1ccc2c(c1)OCO2,Ki,0.29,nM,9.54,-8.3
CHEMBL195600,CCOc1ccccc1-c1nc(O)c2nc3c(C)cccn3c2n1,IC50,1050.0,nM,5.98,-9.4
CHEMBL179849,CCOc1ccccc1-c1nc(O)c2c(C)nc(C3CCCC3)n2n1,IC50,5.0,nM,8.3,-9.6
CHEMBL361136,CCOc1ccccc1-c1nc(O)c2ncn(C3CCC3)c2n1,IC50,100.0,nM,7.0,-8.8
CHEMBL414842,CCCc1nc(CC)c2c(O)nc(-c3cc(S(=O)(=O)N4CCN(C)CC4)ccc3OCC)nn12,IC50,8.0,nM,8.1,-9.3
CHEMBL183370,CCCn1nc(C)c2c(=O)[nH]c(-c3cc(S(=O)(=O)N4CCN(C)CC4)ccc3OCC)nc21,IC50,8.0,nM,8.1,-9.6
CHEMBL180994,CCOc1ccccc1-c1nc(O)n2c(C)nc(C3CCCC3)c2n1,IC50,20.0,nM,7.7,-9.7
CHEMBL182712,CCOc1ccc(S(=O)(=O)N2CCN(CCO)CC2)cc1-c1nc(O)c2c(C)nc(C)n2n1,IC50,10.0,nM,8.0,-9.5
CHEMBL182895,CCOc1ccccc1-c1nc(O)c2c(C)nc(C)n2n1,IC50,200.0,nM,6.7,-9.0
CHEMBL360086,CCCn1nc(CC)c2c(=O)[nH]c(-c3cc(S(=O)(=O)N4CCN(C)CC4)ccc3OCC)nc21,IC50,20.0,nM,7.7,-9.4
CHEMBL360508,CCOc1ccccc1-c1nc(O)c2ncn(C3CC3)c2n1,IC50,300.0,nM,6.52,-8.8
CHEMBL425344,CCCn1nnc2c(O)nc(-c3ccccc3OCC)nc21,IC50,300.0,nM,6.52,-8.5
CHEMBL361864,CCOc1ccccc1-c1nc(O)c2nnn(C3CCCC3)c2n1,IC50,500.0,nM,6.3,-8.9
CHEMBL182829,CCOc1ccccc1-c1nc(O)c2nnc(C3CCCC3)n2n1,IC50,200.0,nM,6.7,-8.9
CHEMBL444354,CCCc1nc(C)n2c(O)nc(-c3ccccc3OCC)nc12,IC50,40.0,nM,7.4,-8.9
CHEMBL359924,CCOc1ccccc1-c1nc(O)c2onc(C3CCCC3)c2n1,IC50,20.0,nM,7.7,-9.3
CHEMBL180237,CCCn1cnc2c(O)nc(-c3cc(S(=O)(=O)N4CCN(C)CC4)ccc3OCC)nc21,IC50,10.0,nM,8.0,-9.0
CHEMBL359944,CCOc1ccccc1-c1nc(O)c2ncn(C3CCCC3)c2n1,IC50,50.0,nM,7.3,-9.4
CHEMBL183877,CCCc1nc(C)n2c(O)nc(-c3cc(S(=O)(=O)N4CCN(C)CC4)ccc3OCC)nc12,IC50,10.0,nM,8.0,-8.4
CHEMBL361736,CCCn1nc(C)c2c(=O)[nH]c(-c3ccccc3OCC)nc21,IC50,1.0,nM,9.0,-8.4
CHEMBL361469,O=C1Nc2c(Cl)cc(-c3ccccn3)cc2C2(CCCCC2)N1,IC50,68400.0,nM,4.17,-10.0
CHEMBL184945,O=C1Nc2c(Cl)cc(-c3cccnc3)cc2C2(CCCCC2)N1,IC50,19300.0,nM,4.71,-9.9
CHEMBL185208,O=C1Nc2c(Cl)cc(-c3ccncc3)cc2C2(CCCCC2)N1,IC50,9470.0,nM,5.02,-9.6
CHEMBL185304,O=C1Nc2c(Cl)cc(-c3ccc(C(=O)O)cc3)cc2C2(CCCCC2)N1,IC50,8500.0,nM,5.07,-10.8
CHEMBL427505,O=C1Nc2c(Cl)cc(-c3cccc(C(=O)O)c3)cc2C2(CCCCC2)N1,IC50,12600.0,nM,4.9,-9.4
CHEMBL185296,NC(=O)c1ccc(-c2cc(Cl)c3c(c2)C2(CCCCC2)NC(=O)N3)cc1,IC50,11600.0,nM,4.94,-11.0
CHEMBL183465,CN1CCN(C(=O)c2ccc(-c3cc(Cl)c4c(c3)C3(CCCCC3)NC(=O)N4)cc2)CC1,IC50,29300.0,nM,4.53,-9.7
CHEMBL185370,CN1CCN(C(=O)c2cccc(-c3cc(Cl)c4c(c3)C3(CCCCC3)NC(=O)N4)c2)CC1,IC50,52400.0,nM,4.28,-11.8
CHEMBL359890,CCOC(=O)c1ccc(COc2ccc(Cl)c3c2C2(CCCCC2)NC(=O)N3)o1,IC50,80000.0,nM,4.1,-10.1
CHEMBL183156,Cn1nc(-c2ccc(Cl)cc2)s/c1=N\c1ccc(C(=O)O)cc1,IC50,40350.0,nM,4.39,-8.4
CHEMBL184837,Cn1nc(-c2ccc(Cl)cc2)s/c1=N\c1c(O)cccc1C(=O)O,IC50,18770.0,nM,4.73,-8.2
CHEMBL363673,Cc1cccc(C(=O)O)c1/N=c1\sc(-c2ccc(Cl)cc2)nn1C,IC50,23600.0,nM,4.63,-7.9
CHEMBL182227,Cn1nc(-c2ccc(Cl)cc2)s/c1=N\c1cccc(C(=O)O)c1O,IC50,5180.0,nM,5.29,-10.2
CHEMBL360627,O=C1Nc2c(Cl)ccc(OCCCS(=O)(=O)O)c2C2(CCCCC2)N1,IC50,60000.0,nM,4.22,-8.4
CHEMBL182574,Cn1nc(-c2ccc(Cl)cc2)s/c1=N\c1ccc(F)c(C(=O)O)c1,IC50,17880.0,nM,4.75,-10.5
CHEMBL184017,Cn1nc(-c2ccc(Cl)cc2)s/c1=N\c1ccc(O)c(C(=O)O)c1,IC50,3970.0,nM,5.4,-9.9
CHEMBL185275,NCCOc1ccc(Cl)c2c1C1(CCCCC1)NC(=O)N2,IC50,73200.0,nM,4.13,-8.4
CHEMBL184903,CN(C)CCOc1ccc(Cl)c2c1C1(CCCCC1)NC(=O)N2,IC50,74000.0,nM,4.13,-8.0
CHEMBL185532,Cn1nc(-c2ccc(Cl)cc2)s/c1=N\c1cccc(O)c1,IC50,10940.0,nM,4.96,-10.2
CHEMBL185604,Cn1nc(-c2ccc(Cl)cc2)s/c1=N\c1cccc(C(=O)O)c1,IC50,7270.0,nM,5.14,-10.3
CHEMBL185108,CN(C)CCCOc1ccc(Cl)c2c1C1(CCCCC1)NC(=O)N2,IC50,98000.0,nM,4.01,-7.8
CHEMBL263311,Cn1nc(-c2ccc(Cl)cc2)s/c1=N\c1cccc(-c2noc(O)n2)c1,IC50,7560.0,nM,5.12,-11.3
CHEMBL185203,Cn1nc(-c2ccc(Cl)cc2)s/c1=N\c1cccc(-c2nn[nH]n2)c1,IC50,7000.0,nM,5.16,-11.2
CHEMBL360874,Cn1nc(-c2ccc(Cl)cc2)s/c1=N\c1cccc(CC(=O)O)c1,IC50,20160.0,nM,4.7,-10.7
CHEMBL187496,CCc1cc(C(C)=O)c(O)cc1OCc1cccc(C(=O)Nc2nn[nH]n2)n1,IC50,5150.0,nM,5.29,-10.7
CHEMBL186673,CCc1cc(C(C)=O)c(O)cc1OCc1cncc(C(=O)NCCCCCCCCC(=O)O)n1,IC50,1510.0,nM,5.82,-8.6
CHEMBL362512,CCc1cc(C(C)=O)c(O)cc1OCc1cccc(C(=O)NCCCCCCCC(=O)NO)n1,IC50,74.0,nM,7.13,-9.3
CHEMBL188292,CCc1cc(C(C)=O)c(O)cc1OCc1cccc(C(=O)NCCCCCCCCC(=O)O)n1,IC50,96.0,nM,7.02,-8.9
CHEMBL35970,CCc1cc(C(C)=O)c(O)cc1OCc1cccc(C(=O)NCCC(=O)O)n1,IC50,270.0,nM,6.57,-10.1
CHEMBL362871,CCc1cc(C(C)=O)c(O)cc1OCc1cccc(C(=O)NCOCC(=O)O)n1,IC50,270.0,nM,6.57,-9.7
CHEMBL363668,CCc1cc(C(C)=O)c(O)cc1OCc1cccc(C(=O)NCCCCCCCCCC(=O)NO)n1,IC50,17.0,nM,7.77,-9.2
CHEMBL362528,CCc1cc(C(C)=O)c(O)cc1OCc1cccc(C(=O)N(CC)CCCCCCCCC(N)=O)n1,IC50,1210.0,nM,5.92,-8.6
CHEMBL366107,CCc1cc(C(C)=O)c(O)cc1OCc1cccc(C(=O)NCCOCC(=O)O)n1,IC50,3190.0,nM,5.5,-9.3
CHEMBL363185,CCOC(=O)COCCNC(=O)c1cccc(COc2cc(O)c(C(C)=O)cc2CC)n1,IC50,6090.0,nM,5.21,-8.7
CHEMBL187548,O=C(Cc1cccc(NC(=O)c2cccc(COc3ccccc3)n2)n1)NO,IC50,40.0,nM,7.4,-10.8
CHEMBL187442,O=C(O)Cc1cccc(NC(=O)c2cccc(COc3ccccc3)n2)n1,IC50,9430.0,nM,5.03,-10.8
CHEMBL190787,O=C(Cc1csc(NC(=O)c2cccc(COc3ccccc3)n2)n1)NO,IC50,190.0,nM,6.72,-10.2
CHEMBL188211,O=C(Cc1cccc(NC(=O)c2cccc(COc3ccccc3)n2)c1)NO,IC50,13.0,nM,7.89,-10.4
CHEMBL191443,Cc1c(NC(=O)c2cccc(COc3ccccc3)n2)cccc1C(=O)NO,IC50,2660.0,nM,5.58,-11.1
CHEMBL187632,COc1ccc(NC(=O)c2cccc(COc3ccccc3)n2)cc1C(=O)NO,IC50,3500.0,nM,5.46,-11.0
CHEMBL188233,O=C(NO)c1cccc(NC(=O)c2cccc(COc3ccccc3)n2)n1,IC50,1470.0,nM,5.83,-10.8
CHEMBL189566,Cc1nc(NC(=O)c2cccc(COc3ccccc3)n2)sc1C(=O)NO,IC50,770.0,nM,6.11,-10.5
CHEMBL366287,Cc1nc(NC(=O)c2cccc(COc3ccccc3)n2)sc1C(=O)O,IC50,4990.0,nM,5.3,-10.4
CHEMBL188108,O=C(O)Cc1cccc(NC(=O)c2cccc(COc3ccccc3)n2)c1,IC50,10000.0,nM,5.0,-10.4
CHEMBL360645,O=C(Cc1csc(NC(=O)c2cnc3ccccc3n2)n1)NO,IC50,1840.0,nM,5.74,-10.0
CHEMBL366212,O=C(Cc1csc(NC(=O)c2cccc(SC(F)(F)F)c2)n1)NO,IC50,430.0,nM,6.37,-9.7
CHEMBL189656,O=C(Cc1csc(NC(=O)c2cccc(C(=O)c3ccccc3)c2)n1)NO,IC50,3410.0,nM,5.47,-11.3
CHEMBL190948,O=C(Cc1csc(NC(=O)C2C=CN(c3ccccc3)c3ccccc32)n1)NO,IC50,790.0,nM,6.1,-10.5
CHEMBL191328,C=CCN(CCC(=O)O)C(=O)c1cccc(COc2cc(O)c(C(C)=O)cc2CC)n1,IC50,9870.0,nM,5.01,-9.4
CHEMBL189519,O=C(Nc1nc(C(Cc2ccccc2)C(=O)O)cs1)c1cccc(COc2ccccc2)n1,IC50,10000.0,nM,5.0,-11.3
CHEMBL189520,O=C(Nc1nc(C(Cc2ccccc2)C(=O)NO)cs1)c1cccc(COc2ccccc2)n1,IC50,830.0,nM,6.08,-10.6
CHEMBL364888,Cc1cc(C)cc(C(=O)Nc2nc(CC(=O)NO)cs2)c1,IC50,1830.0,nM,5.74,-10.1
CHEMBL363889,CCc1cc(C(C)=O)c(O)cc1OCc1cccc(C(=O)NCC(=O)O)c1,IC50,920.0,nM,6.04,-10.2
CHEMBL188962,CCc1cc(C(C)=O)c(O)cc1OCc1cccc(C(=O)NCCCCCC(=O)O)n1,IC50,7650.0,nM,5.12,-9.3
CHEMBL189772,O=C(O)CCC(C(=O)O)c1csc(NC(=O)c2cccc(COc3ccccc3)n2)n1,IC50,10000.0,nM,5.0,-10.2
CHEMBL361481,CC(C)(C(=O)NO)c1csc(NC(=O)c2cccc(COc3ccccc3)n2)n1,IC50,520.0,nM,6.28,-11.1
CHEMBL362755,CCc1cc(C(C)=O)c(O)cc1OCc1cccc(C(=O)NC(C)C(=O)O)c1,IC50,130.0,nM,6.89,-10.2
CHEMBL363511,CCc1cc(C(C)=O)c(O)cc1OCc1cccc(C(=O)NC(C)C(=O)OC)c1,IC50,2130.0,nM,5.67,-10.1
CHEMBL424817,CCc1cc(C(C)=O)c(O)cc1OCc1cccc(C(=O)NC(CO)C(=O)O)c1,IC50,680.0,nM,6.17,-10.0
CHEMBL187497,CCc1cc(C(C)=O)c(O)cc1OCc1cccc(C(=O)NC(CO)CCC(=O)OC)n1,IC50,2640.0,nM,5.58,-9.0
CHEMBL188628,O=C(Nc1nc(C2(C(=O)NO)CC2)cs1)c1cccc(COc2ccccc2)n1,IC50,890.0,nM,6.05,-10.8
CHEMBL190263,O=C(Nc1nc(C2(C(=O)O)CC2)cs1)c1cccc(COc2ccccc2)n1,IC50,8580.0,nM,5.07,-10.3
CHEMBL191119,CCc1cc(C(C)=O)c(O)cc1OCc1cccc(C(=O)NC(CO)(CO)CO)n1,IC50,8910.0,nM,5.05,-8.9
CHEMBL363301,O=C(Nc1nc(C2(C(=O)NO)CCOCC2)cs1)c1cccc(COc2ccccc2)n1,IC50,2490.0,nM,5.6,-9.6
CHEMBL370238,O=C(Nc1nc(C2(C(=O)O)CCOCC2)cs1)c1cccc(COc2ccccc2)n1,IC50,10000.0,nM,5.0,-10.3
CHEMBL365857,O=C(Cc1csc(NC(=O)c2ccc(Cl)cc2Cl)n1)NO,IC50,4250.0,nM,5.37,-10.1
CHEMBL188971,CCc1cc(C(C)=O)c(O)cc1OCc1cccc(C(=O)NC(CC(=O)O)C(=O)O)c1,IC50,8760.0,nM,5.06,-10.4
CHEMBL363903,CCc1cc(C(C)=O)c(O)cc1OCc1cccc(C(=O)NCC(O)c2ccc(O)cc2)n1,IC50,3190.0,nM,5.5,-10.5
CHEMBL190376,O=C(NO)C(=O)c1csc(NC(=O)c2cccc(COc3ccccc3)n2)n1,IC50,2200.0,nM,5.66,-10.5
CHEMBL188162,O=C(Cc1csc(NC(=O)Cc2cccc(C(F)(F)F)c2)n1)NO,IC50,2070.0,nM,5.68,-10.9
CHEMBL190364,CCOC(=O)CC(NC(=O)c1cccc(COc2cc(O)c(C(C)=O)cc2CC)c1)C(=O)OCC,IC50,650.0,nM,6.19,-9.1
CHEMBL34816,CCc1cc(C(C)=O)c(O)cc1OCc1cccc(C(=O)NCC(=O)O)n1,IC50,160.0,nM,6.8,-9.8
CHEMBL191041,CCc1cc(C(C)=O)c(O)cc1OCc1cccc(C(=O)NCC(=O)NO)n1,IC50,28.0,nM,7.55,-10.2
CHEMBL370720,CCc1cc(C(C)=O)c(O)cc1OCc1cccc(C(=O)NC2COC(=O)C2)n1,IC50,7820.0,nM,5.11,-10.9
CHEMBL188332,CCC(C(=O)Nc1nc(CC(=O)NO)cs1)c1ccccc1,IC50,6190.0,nM,5.21,-9.4
CHEMBL190773,CCc1cc(C(C)=O)c(O)cc1OCc1cccc(C(=O)N[C@H](C)C(=O)O)n1,IC50,1030.0,nM,5.99,-10.3
CHEMBL189622,CCc1cc(C(C)=O)c(O)cc1OCc1cccc(C(=O)N[C@@H](C)C(=O)O)n1,IC50,460.0,nM,6.34,-10.4
CHEMBL189281,CCc1cc(C(C)=O)c(O)cc1OCc1cccc(C(=O)NC(C)C(=O)NO)n1,IC50,350.0,nM,6.46,-10.5
CHEMBL190849,Cc1sc(NC(=O)c2cccc(COc3ccccc3)n2)nc1CC(=O)NO,IC50,40.0,nM,7.4,-10.7
CHEMBL189007,O=C(Cc1csc(NC(=O)Nc2cccc3ccccc23)n1)NO,IC50,3810.0,nM,5.42,-10.5
CHEMBL188677,Cc1cccc(C(=O)Nc2nc(CC(=O)NO)cs2)c1Br,IC50,8430.0,nM,5.07,-9.7
CHEMBL363734,CCc1cc(C(C)=O)c(O)cc1OCc1cccc(C(=O)NC(C(=O)O)C(C)C)n1,IC50,1240.0,nM,5.91,-9.0
CHEMBL361476,COc1ccc2c(c1)OC(=O)CC2CC(=O)Nc1nc(CC(=O)NO)cs1,IC50,5990.0,nM,5.22,-10.1
CHEMBL361448,COc1cc(OC)c(OC)c(C(=O)Nc2nc(CC(=O)NO)cs2)c1,IC50,2580.0,nM,5.59,-9.6
CHEMBL189182,O=C(Cc1csc(NC(=O)c2ccccn2)n1)NO,IC50,3200.0,nM,5.5,-9.0
CHEMBL187486,CCc1cc(C(C)=O)c(O)cc1OCc1cccc(C(=O)NC(CO)C(=O)OCc2ccccc2)n1,IC50,8620.0,nM,5.06,-9.8
CHEMBL188334,CC(C)C(C(=O)NO)c1csc(NC(=O)c2cccc(COc3ccccc3)n2)n1,IC50,2420.0,nM,5.62,-10.7
CHEMBL188960,COc1ccc2c(c1)C(CC(=O)Nc1nc(CC(=O)NO)cs1)CC2=O,IC50,3160.0,nM,5.5,-10.9
CHEMBL365694,O=C(Cc1csc(NC(=O)c2cnccc2Oc2ccc(Cl)cc2)n1)NO,IC50,320.0,nM,6.5,-10.7
CHEMBL189498,CCc1cc(C(C)=O)c(O)cc1OCc1cccc(C(=O)NC(CC(=O)O)C(=O)O)n1,IC50,2930.0,nM,5.53,-10.1
CHEMBL370308,CCC(=O)OCC(NC(=O)c1cccc(COc2cc(O)c(C(C)=O)cc2CC)n1)C(=O)O,IC50,6680.0,nM,5.17,-9.4
CHEMBL185798,CCCCC(C(=O)NO)c1csc(NC(=O)c2cccc(COc3ccccc3)n2)n1,IC50,270.0,nM,6.57,-10.4
CHEMBL361691,O=C(Cc1csc(NC(=O)COc2ccccc2)n1)NO,IC50,5620.0,nM,5.25,-9.5
CHEMBL366118,CCc1cc(C(C)=O)c(O)cc1OCc1cccc(C(=O)Nc2nc(CC(=O)NO)cs2)n1,IC50,26.0,nM,7.58,-10.5
CHEMBL185697,CCc1cc(C(C)=O)c(O)cc1OCc1cccc(C(=O)NC(Cc2ccc(O)cc2)C(=O)O)n1,IC50,3680.0,nM,5.43,-10.2
CHEMBL263749,CCc1cc(C(C)=O)c(O)cc1OCc1cccc(C(=O)NC(C(=O)OC)C(C)O)n1,IC50,3350.0,nM,5.47,-9.3
CHEMBL188598,CCc1cc(C(C)=O)c(O)cc1OCc1cccc(C(=O)NC(Cc2c[nH]cn2)C(=O)OC)n1,IC50,9070.0,nM,5.04,-8.6
CHEMBL189008,CCCCC(C(=O)O)c1csc(NC(=O)c2cccc(COc3ccccc3)n2)n1,IC50,6490.0,nM,5.19,-9.8
CHEMBL188647,O=C(Cc1csc(NC(=O)COc2ccc(Cl)cc2)n1)NO,IC50,1690.0,nM,5.77,-9.9
CHEMBL365147,O=C(Cc1csc(NC(=O)c2cccc3ccccc23)n1)NO,IC50,1100.0,nM,5.96,-10.9
CHEMBL190365,CCc1cc(C(C)=O)c(O)cc1OCc1cccc(C(=O)NC(O)CC(=O)OC)n1,IC50,6070.0,nM,5.22,-10.0
CHEMBL362580,CC(C)CC(C(=O)NO)c1csc(NC(=O)c2cccc(COc3ccccc3)n2)n1,IC50,620.0,nM,6.21,-10.7
CHEMBL188241,O=C(Cc1csc(NC(=O)CCC(=O)c2ccccc2)n1)NO,IC50,4520.0,nM,5.34,-9.7
CHEMBL365618,O=C(Cc1csc(NC(=O)CCCCCc2ccccc2)n1)NO,IC50,1900.0,nM,5.72,-10.2
CHEMBL191335,CCCCCCCCCCCC(=O)Nc1nc(CC(=O)NO)cs1,IC50,1800.0,nM,5.75,-8.1
CHEMBL185650,CCc1cc(C(C)=O)c(O)cc1OCc1cccc(C(=O)NC(CO)CC(=O)O)n1,IC50,9460.0,nM,5.02,-9.8
CHEMBL365214,CC(C)CC(C(=O)O)c1csc(NC(=O)c2cccc(COc3ccccc3)n2)n1,IC50,6250.0,nM,5.2,-10.6
CHEMBL188333,O=C(Cc1csc(NC(=O)c2ccc3ccccc3n2)n1)NO,IC50,140.0,nM,6.85,-10.5
CHEMBL189958,CCc1cc(C(C)=O)c(O)cc1OCc1cccc(C(=O)NC(CO)CC(=O)OC)n1,IC50,3100.0,nM,5.51,-10.2
CHEMBL364482,O=C(Cc1csc(NC(=O)c2ccccc2)n1)NO,IC50,3250.0,nM,5.49,-9.5
CHEMBL190307,CCc1cc(C(C)=O)c(O)cc1OCc1cccc(C(=O)NC(CC(=O)O)c2ccccc2)n1,IC50,1450.0,nM,5.84,-9.9
CHEMBL439667,CCCCCCC(C(=O)NO)c1csc(NC(=O)c2cccc(COc3ccccc3)n2)n1,IC50,230.0,nM,6.64,-9.8
CHEMBL371587,O=C(Cc1csc(NC(=O)c2ccccc2F)n1)NO,IC50,7560.0,nM,5.12,-9.6
CHEMBL190906,CN(C)c1cccc(C(=O)Nc2nc(CC(=O)NO)cs2)c1,IC50,5470.0,nM,5.26,-9.6
CHEMBL195618,CCOc1ccccc1-c1nc(O)c2nc3cc(C)ccn3c2n1,IC50,849.0,nM,6.07,-9.9
CHEMBL366025,CCOc1ccccc1-c1nc(O)c2nc3ccc(C)cn3c2n1,IC50,381.0,nM,6.42,-9.4
CHEMBL196448,CCOc1ccccc1-c1nc(O)c2nc3cccc(CN4CCN(C)CC4)n3c2n1,IC50,1570.0,nM,5.8,-9.5
CHEMBL68152,CN1C(=O)c2[nH]c(Cc3ccccc3)nc2N2C1=N[C@@H]1CCC[C@@H]12,IC50,80.0,nM,7.1,-9.5
CHEMBL372955,CCC[C@@H]1CN2C(=N1)N(CC)C(=O)c1nc(Cc3ccccc3)n(Cc3ccccc3)c12,IC50,35.0,nM,7.46,-6.0
CHEMBL194511,CCN1C(=O)c2nc(Cc3ccccc3)n(Cc3ccccc3)c2N2C[C@@H](c3ccccc3)N=C12,IC50,40.0,nM,7.4,-8.3
CHEMBL196346,CCOc1ccccc1-c1nc(O)c2nc3ccc(C#N)c(C)n3c2n1,IC50,4870.0,nM,5.31,-9.3
CHEMBL372917,CCN1C(=O)c2nc(Cc3ccccc3)n(Cc3ccccc3)c2N2C[C@@H](Cc3ccccc3)N=C12,IC50,32.0,nM,7.5,-7.8
CHEMBL193645,CC[C@@H]1CN2C(=N1)N(CC)C(=O)c1[nH]c(Cc3ccccc3)nc12,IC50,33.0,nM,7.48,-9.0
CHEMBL364459,CCC[C@@H]1CN2C(=N1)N(CC)C(=O)c1[nH]c(Cc3ccccc3)nc12,IC50,60.0,nM,7.22,-9.0
CHEMBL372427,CCN1C(=O)c2[nH]c(Cc3ccccc3)nc2N2C[C@@H](C(C)C)N=C12,IC50,28.0,nM,7.55,-9.9
CHEMBL381886,CN1C(=O)c2[nH]c(Cc3ccccc3)nc2N2C[C@@H](Cc3ccccc3)N=C12,IC50,100.0,nM,7.0,-9.8
CHEMBL370241,CC(C)N1C(=O)c2[nH]c(Cc3ccccc3)nc2N2C[C@@H](Cc3ccccc3)N=C21,IC50,22.0,nM,7.66,-10.0
CHEMBL193477,CCN1C(=O)c2ncn(Cc3ccccc3)c2N2C[C@@H](Cc3ccccc3)N=C12,IC50,200.0,nM,6.7,-9.1
CHEMBL435502,CCN1C(=O)c2nc(Cl)n(Cc3ccccc3)c2N2C[C@@H](Cc3ccccc3)N=C12,IC50,60.0,nM,7.22,-8.3
CHEMBL196930,CCN1C(=O)c2nc(Br)n(Cc3ccccc3)c2N2C[C@@H](Cc3ccccc3)N=C12,IC50,145.0,nM,6.84,-8.3
CHEMBL439673,CCN1C(=O)c2nc(C#Cc3ccccc3)n(Cc3ccccc3)c2N2C[C@@H](Cc3ccccc3)N=C12,IC50,33.0,nM,7.48,-8.6
CHEMBL193364,CCN1C(=O)c2nc(CCc3ccccc3)n(Cc3ccccc3)c2N2C[C@@H](Cc3ccccc3)N=C12,IC50,74.0,nM,7.13,-9.2
CHEMBL373320,CCN1C(=O)c2nc(Br)n(Cc3ccc(OC)cc3)c2N2C[C@@H](Cc3ccccc3)N=C12,IC50,48.0,nM,7.32,-8.1
CHEMBL370118,CCN1C(=O)c2nc(Cc3ccccc3)n(Cc3ccc(O)cc3)c2N2C[C@@H](Cc3ccccc3)N=C12,IC50,28.0,nM,7.55,-7.7
CHEMBL370413,CCN1C(=O)c2nc(Br)n(Cc3ccc(O)cc3)c2N2C[C@@H](Cc3ccccc3)N=C12,IC50,7.8,nM,8.11,-8.2
CHEMBL365591,CCN1C(=O)c2c(nc(C#Cc3ccccc3)n2Cc2ccccc2)N2C[C@@H](Cc3ccccc3)N=C12,IC50,40.0,nM,7.4,-9.3
CHEMBL363411,CCN1C(=O)c2c(nc(Br)n2Cc2ccc(OC)cc2)N2C[C@@H](Cc3ccccc3)N=C12,IC50,23.0,nM,7.64,-8.8
CHEMBL193603,CCN1C(=O)c2c(nc(Cc3ccccc3)n2Cc2ccc(O)cc2)N2C[C@@H](Cc3ccccc3)N=C12,IC50,29.0,nM,7.54,-7.9
CHEMBL373102,CCN1C(=O)c2c(nc(Br)n2Cc2ccc(O)cc2)N2C[C@@H](Cc3ccccc3)N=C12,IC50,2.5,nM,8.6,-8.1
CHEMBL193989,CCN1C(=O)c2c(nc(Cl)n2Cc2ccc(O)cc2)N2C[C@@H](Cc3ccccc3)N=C12,IC50,2.3,nM,8.64,-8.1
CHEMBL194341,CCN1C(=O)c2c(nc(C)n2Cc2ccc(O)cc2)N2C[C@@H](Cc3ccccc3)N=C12,IC50,15.0,nM,7.82,-7.9
CHEMBL371848,CCOc1ccccc1-c1nc(O)c2nc3cccc(CC)n3c2n1,IC50,634.0,nM,6.2,-9.3
CHEMBL194005,CCOc1ccccc1-c1nc(O)c2nc3ccc(Br)c(C)n3c2n1,IC50,710.0,nM,6.15,-9.7
CHEMBL382494,Cc1nn(Cc2ccccc2)c(=O)c2nc(C)n3nc(-c4ccccc4)cc3c12,IC50,160.0,nM,6.8,-10.7
CHEMBL197153,Cc1nn(CC2CCCCC2)c(=O)c2nc(C)n3nc(-c4ccccc4)cc3c12,IC50,3100.0,nM,5.51,-10.9
CHEMBL194010,CCOc1ccccc1-c1nc(O)c2nc3cccc(C)n3c2n1,IC50,116.0,nM,6.94,-9.3
CHEMBL196493,Cc1nn(Cc2ccc(N)cc2)c(=O)c2nc(C)n3nc(-c4ccccc4)cc3c12,IC50,1100.0,nM,5.96,-10.6
CHEMBL363638,Cc1nn(Cc2cccc(OP(=O)(O)O)c2)c(=O)c2nc(C)n3nc(-c4ccccc4)cc3c12,IC50,230.0,nM,6.64,-11.8
CHEMBL364091,Cc1nn(Cc2ccccc2)c(=O)c2nc(C)n3nc(-c4ccc5c(c4)OCO5)cc3c12,IC50,13000.0,nM,4.89,-11.6
CHEMBL193363,Cc1nn(Cc2ccccc2)c(=O)c2nc(C)n3nc(-c4ccccn4)cc3c12,IC50,270.0,nM,6.57,-10.8
CHEMBL195603,Cc1nn(Cc2ccccc2)c(=O)c2nc(C)n3nc(-c4ccc(N)cc4)cc3c12,IC50,920.0,nM,6.04,-11.0
CHEMBL193995,Cc1nn(Cc2ccccc2)c(=O)c2nc(Cc3ccncc3)n3nc(-c4ccccc4)cc3c12,IC50,450.0,nM,6.35,-10.9
CHEMBL371793,Cc1nn(Cc2ccccc2)c(=O)c2nc(-c3ccccn3)n3nc(-c4ccccc4)cc3c12,IC50,81.0,nM,7.09,-11.3
CHEMBL371451,Cc1nn(Cc2ccccc2)c(=O)c2nc(-c3cccnc3)n3nc(-c4ccccc4)cc3c12,IC50,180.0,nM,6.75,-11.2
CHEMBL365943,COCc1nc2c(=O)n(Cc3ccccc3)nc(C)c2c2cc(-c3ccccc3)nn12,IC50,100.0,nM,7.0,-10.5
CHEMBL195768,CCOCc1nc2c(=O)n(Cc3ccccc3)nc(C)c2c2cc(-c3ccccc3)nn12,IC50,350.0,nM,6.46,-10.3
CHEMBL364045,CSCc1nc2c(=O)n(Cc3ccccc3)nc(C)c2c2cc(-c3ccccc3)nn12,IC50,100.0,nM,7.0,-10.4
CHEMBL195830,Cc1nn(Cc2ccccc2)c(=O)c2nc(CCC(=O)O)n3nc(-c4ccccc4)cc3c12,IC50,430.0,nM,6.37,-10.5
CHEMBL439862,Cc1nn(Cc2ccccc2)c(=O)c2nc(/C=C/C(=O)O)n3nc(-c4ccccc4)cc3c12,IC50,320.0,nM,6.5,-10.8
CHEMBL194081,Cc1nn(Cc2ccccc2)c(=O)c2nc(CCCC(=O)O)n3nc(-c4ccccc4)cc3c12,IC50,30.0,nM,7.52,-10.2
CHEMBL193428,Cc1nn(Cc2ccccc2)c(=O)c2nc(CCCCC(=O)O)n3nc(-c4ccccc4)cc3c12,IC50,90.0,nM,7.05,-9.9
CHEMBL196241,CCC(C)c1nc2c(=O)n(Cc3ccccc3)nc(C)c2c2cc(-c3ccccc3)nn12,IC50,34.0,nM,7.47,-10.4
CHEMBL196289,CCC(C)c1nc2c(=O)n(Cc3ccccc3)nc(C)c2c2cc(-c3ccccn3)nn12,IC50,39.0,nM,7.41,-10.0
CHEMBL193663,CCOc1ccccc1-c1nc(O)c2nc3cccc(CN4CCCC4)n3c2n1,IC50,1330.0,nM,5.88,-9.2
CHEMBL195833,CCOc1ccccc1-c1nc(O)c2nc3ccc(C#N)cn3c2n1,IC50,3340.0,nM,5.48,-8.8
CHEMBL370638,CCOc1ccccc1-c1nc(O)c2nc3c(Br)cc(Br)c(C)n3c2n1,IC50,2100.0,nM,5.68,-9.8
CHEMBL195336,CCOc1ccccc1-c1nc(O)c2nc3ccc(Br)cn3c2n1,IC50,2160.0,nM,5.67,-9.1
CHEMBL554480,CCOc1ccc(S(=O)(=O)N2CCN(C)CC2)cc1-c1nc2c(nc3ccccn32)c(=O)[nH]1,IC50,878.0,nM,6.06,-9.5
CHEMBL193487,CCOc1ccc(S(=O)(=O)N2CCN(C)CC2)cc1-c1nc(O)c2nc3c(C)cccn3c2n1,IC50,80.0,nM,7.1,-9.5
CHEMBL197191,CCOc1ccc(S(=O)(=O)N2CCN(C)CC2)cc1-c1nc(O)c2nc3cc(C)ccn3c2n1,IC50,112.0,nM,6.95,-9.6
CHEMBL196700,CCOc1ccc(S(=O)(=O)N2CCN(C)CC2)cc1-c1nc(O)c2nc3ccc(C)cn3c2n1,IC50,48.0,nM,7.32,-9.4
CHEMBL195449,CCOc1ccc(S(=O)(=O)N2CCN(C)CC2)cc1-c1nc(O)c2nc3cccc(C)n3c2n1,IC50,13.0,nM,7.89,-9.8
CHEMBL195236,CCOc1ccc(S(=O)(=O)N2CCN(C)CC2)cc1-c1nc(O)c2nc3cccc(CC)n3c2n1,IC50,38.0,nM,7.42,-9.7
CHEMBL426650,CCOc1ccc(S(=O)(=O)N2CCN(CC)CC2)cc1-c1nc(O)c2nc3cccc(C)n3c2n1,IC50,9.0,nM,8.05,-10.0
CHEMBL203324,Cn1c(=O)[nH]c(=O)c2c1nc(S)n2CC(O)COc1ccc2ccccc2c1,IC50,8700.0,nM,5.06,-10.2
CHEMBL203830,Cc1ccc(-c2cc(C(=O)Nc3ccc(S(N)(=O)=O)cc3)c3ccccc3n2)s1,IC50,6300.0,nM,5.2,-10.4
CHEMBL203829,O=C(O)c1ccc(-c2ccc(-c3nc(O)c4c5c(sc4n3)CCCC5)o2)cc1,IC50,3100.0,nM,5.51,-11.0
CHEMBL202740,COc1ccccc1Nc1nc(-c2sc(N)nc2C)cs1,IC50,3000.0,nM,5.52,-9.4
CHEMBL203070,N#Cc1c(N)nc(SCC(=O)Nc2ccc(F)cc2)c(C#N)c1-c1ccccc1,IC50,1700.0,nM,5.77,-9.7
CHEMBL209460,CCCc1nn(C)c2c(O)nc(-c3cc(C(=O)CN4CCOCC4)ccc3OCC)nc12,IC50,1.7,nM,8.77,-9.9
CHEMBL210603,CCCCOc1ncc(C(C)=O)cc1-c1nc(O)c2nn(Cc3ccccn3)c(CCC)c2n1,IC50,3.1,nM,8.51,-8.7
CHEMBL377168,CCCc1nn(C)c2c(O)nc(-c3cc(C(C)=O)ccc3OCC)nc12,IC50,17.0,nM,7.77,-8.8
CHEMBL436742,CCCOc1ncc(C(C)=O)cc1-c1nc(O)c2nn(Cc3nccn3C)c(CC)c2n1,IC50,2.7,nM,8.57,-8.8
CHEMBL378737,CCCOc1ncc(C(C)=O)cc1-c1nc(O)c2nn(C3CN(C)C3)c(CCC)c2n1,IC50,14.7,nM,7.83,-8.7
CHEMBL427043,CCCCOc1ncc(C(C)=O)cc1-c1nc(O)c2nn(C3CCN(CC)CC3)c(CC)c2n1,IC50,3.6,nM,8.44,-8.7
CHEMBL382440,CCCCOc1ncc(C(C)=O)cc1-c1nc(O)c2nn(C3CCN(C)CC3)c(CC)c2n1,IC50,9.1,nM,8.04,-9.1
CHEMBL207125,CCCCOc1ncc(C(C)=O)cc1-c1nc(O)c2nn(C3CCNCC3)c(CC)c2n1,IC50,18.0,nM,7.75,-9.1
CHEMBL210930,CCCCOc1ncc(C(C)=O)cc1-c1nc(O)c2nn(C3CN(CC)C3)c(CC)c2n1,IC50,5.5,nM,8.26,-8.2
CHEMBL208544,CCCCOc1ncc(C(C)=O)cc1-c1nc(O)c2nn(C3CN(C)C3)c(CC)c2n1,IC50,6.4,nM,8.19,-8.7
CHEMBL207111,CCCCOc1ncc(C(C)=O)cc1-c1nc(O)c2nn(C3CNC3)c(CC)c2n1,IC50,21.0,nM,7.68,-8.8
CHEMBL383202,CCCCOc1ncc(C(C)=O)cc1-c1nc(O)c2nn(Cc3nccn3C)c(CC)c2n1,IC50,0.9,nM,9.05,-8.8
CHEMBL378130,CCCCOc1ncc(C(C)=O)cc1-c1nc(O)c2nn(CCN3CCOCC3)c(CC)c2n1,IC50,2.6,nM,8.59,-9.0
CHEMBL209235,CCc1c2nc(-c3cc(C(C)=O)cnc3OCC(C)C)nc(O)c2nn1C1CN(C)C1,IC50,8.2,nM,8.09,-9.0
CHEMBL377885,CCCOc1ncc(C(C)=O)cc1-c1nc(O)c2nn(C3CCN(CC)CC3)c(CC)c2n1,IC50,13.0,nM,7.89,-8.7
CHEMBL379222,CCCOc1ncc(C(C)=O)cc1-c1nc(O)c2nn(C3CCN(C)CC3)c(CC)c2n1,IC50,12.0,nM,7.92,-9.6
CHEMBL211015,CCCOc1ncc(C(C)=O)cc1-c1nc(O)c2nn(C3CCNCC3)c(CC)c2n1,IC50,7.0,nM,8.15,-8.8
CHEMBL208583,CCCOc1ncc(C(C)=O)cc1-c1nc(O)c2nn(C3CN(C(C)C)C3)c(CC)c2n1,IC50,5.2,nM,8.28,-8.7
CHEMBL210533,CCCOc1ncc(C(C)=O)cc1-c1nc(O)c2nn(C3CN(CC)C3)c(CC)c2n1,IC50,7.1,nM,8.15,-8.5
CHEMBL377579,CCCOc1ncc(C(C)=O)cc1-c1nc(O)c2nn(C3CN(C)C3)c(CC)c2n1,IC50,9.5,nM,8.02,-8.8
CHEMBL209062,CCCOc1ncc(C(C)=O)cc1-c1nc(=O)c2nn(C3CNC3)c(CC)c2[nH]1,IC50,34.0,nM,7.47,-9.3
CHEMBL209509,CCCOc1ncc(C(C)=O)cc1-c1nc(=O)c2nn(C3CNC3)c(CCC)c2[nH]1,IC50,18.2,nM,7.74,-9.1
CHEMBL377850,COc1cccc(Cn2nc(C)c3c(nc(C)n4nc(-c5ccccc5)cc34)c2=O)c1,IC50,100.0,nM,7.0,-11.1
CHEMBL213099,Cc1nn(Cc2ccncc2)c(=O)c2nc(C)n3nc(-c4ccccc4)cc3c12,IC50,240.0,nM,6.62,-10.7
CHEMBL213265,Cc1nn(C)c(=O)c2nc(C)n3nc(-c4ccccc4)cc3c12,IC50,1500.0,nM,5.82,-10.4
CHEMBL385683,Cc1nn(Cc2ccc3c(c2)OCO3)c(=O)c2nc(C)n3nc(-c4ccccc4)cc3c12,IC50,390.0,nM,6.41,-11.4
CHEMBL212397,Cc1nn(Cc2ccccc2)c(=O)c2nc(C)n3nc(-c4cccnc4)cc3c12,IC50,470.0,nM,6.33,-10.9
CHEMBL213113,Cc1nn(Cc2ccccc2)c(=O)c2nc(C)n3nc(-c4ccsc4)cc3c12,IC50,140.0,nM,6.85,-10.5
CHEMBL377563,Cc1nn(Cc2ccccc2)c(=O)c2nc(C)n3nc(-c4ccoc4)cc3c12,IC50,50.0,nM,7.3,-10.4
CHEMBL213425,Cc1nn(Cc2ccccc2)c(=O)c2ncn3nc(-c4ccccc4)cc3c12,IC50,180.0,nM,6.75,-10.3
CHEMBL213219,CCc1nc2c(=O)n(Cc3ccccc3)nc(C)c2c2cc(-c3ccccc3)nn12,IC50,38.0,nM,7.42,-10.7
CHEMBL438451,CCCc1nc2c(=O)n(Cc3ccccc3)nc(C)c2c2cc(-c3ccccc3)nn12,IC50,40.0,nM,7.4,-10.4
CHEMBL213060,Cc1nn(Cc2ccccc2)c(=O)c2nc(C(C)C)n3nc(-c4ccccc4)cc3c12,IC50,23.0,nM,7.64,-11.0
CHEMBL378542,CC(=O)CCc1nc2c(=O)n(Cc3ccccc3)nc(C)c2c2cc(-c3ccccc3)nn12,IC50,8.3,nM,8.08,-10.4
CHEMBL215699,COC(=O)CCc1nc2c(=O)n(Cc3ccccc3)nc(C)c2c2cc(-c3ccccc3)nn12,IC50,79.0,nM,7.1,-10.2
CHEMBL215756,COC(=O)CCCCc1nc2c(=O)n(Cc3ccccc3)nc(C)c2c2cc(-c3ccccc3)nn12,IC50,95.0,nM,7.02,-9.5
CHEMBL213094,Cc1nn(Cc2ccccc2)c(=O)c2nc(C)n3nc(-c4ccc(Cl)cc4)cc3c12,IC50,370.0,nM,6.43,-11.1
CHEMBL378255,CCOCc1nn(Cc2ccccc2)c(=O)c2nc(C)n3nc(-c4ccccc4)cc3c12,IC50,71.0,nM,7.15,-9.6
CHEMBL215700,CCc1nn(Cc2ccccc2)c(=O)c2nc(C)n3nc(-c4ccccc4)cc3c12,IC50,220.0,nM,6.66,-10.4
CHEMBL215465,Cc1nc2c(=O)n(Cc3ccccc3)nc(C(C)C)c2c2cc(-c3ccccc3)nn12,IC50,100.0,nM,7.0,-10.0
CHEMBL377144,Cc1nc2c(=O)n(Cc3ccccc3)nc(CN(C)C)c2c2cc(-c3ccccc3)nn12,IC50,1400.0,nM,5.85,-10.1
CHEMBL247065,COc1cc2cncc(Cc3nc4c([nH]3)c(=O)n(C)c(=O)n4CC(C)C)c2cc1OC,IC50,9.0,nM,8.05,-8.5
CHEMBL246470,COc1ccc2cncc(Cc3nc4c([nH]3)c(=O)n(C)c(=O)n4CC(C)C)c2c1,IC50,2.0,nM,8.7,-10.7
CHEMBL246266,COc1ccc2c(Cc3nc4c([nH]3)c(=O)n(C)c(=O)n4CC(C)C)cncc2c1,IC50,51.0,nM,7.29,-10.6
CHEMBL246264,CC(C)Cn1c(=O)n(C)c(=O)c2[nH]c(Cc3cncc4ccccc34)nc21,IC50,34.0,nM,7.47,-10.5
CHEMBL395116,CC(C)Cn1c(=O)n(C)c(=O)c2[nH]c(Cc3cncc4cc5c(cc34)OCO5)nc21,IC50,10000.0,nM,5.0,-11.0
CHEMBL245850,COc1cc2cnc(C)c(Cc3nc4c([nH]3)c(=O)n(C)c(=O)n4CC(C)C)c2cc1OC,IC50,26.0,nM,7.58,-7.2
CHEMBL245649,COc1cc2c(Cc3nc4c([nH]3)c(=O)n(C)c(=O)n4CC(C)C)cnc(C)c2cc1OC,IC50,2.0,nM,8.7,-8.4
CHEMBL393440,COc1cc2cncc(Cc3nc4c([nH]3)c(=O)n(C)c(=O)n4CC(C)CO)c2cc1OC,IC50,6.0,nM,8.22,-8.2
CHEMBL245841,COc1cc2cncc(Cc3nc4c([nH]3)c(=O)n(C)c(=O)n4CC(C)(C)C)c2cc1OC,IC50,8.0,nM,8.1,-8.3
CHEMBL247285,COc1cc2cncc(Cc3nc4c([nH]3)c(=O)n(C)c(=O)n4CC3CCCCC3)c2cc1OC,IC50,28.0,nM,7.55,-8.4
CHEMBL430199,COc1cc2cncc(Cc3nc4c([nH]3)c(=O)n(C)c(=O)n4CC3CC3)c2cc1OC,IC50,20.0,nM,7.7,-9.2
CHEMBL393181,C=C(C)Cn1c(=O)n(C)c(=O)c2[nH]c(Cc3cncc4cc(OC)c(OC)cc34)nc21,IC50,30.0,nM,7.52,-8.3
CHEMBL247270,CC(C)Cn1c(=O)n(C)c(=O)c2[nH]c(CC3CC4CCC3C4)nc21,IC50,25.0,nM,7.6,-9.3
CHEMBL247269,COc1cc2cncc(Cc3nc4c([nH]3)c(=O)n(CC(C)C)c(=O)n4CC(C)C)c2cc1OC,IC50,462.0,nM,6.33,-8.4
CHEMBL247066,COc1cc2cncc(C(C)c3nc4c([nH]3)c(=O)n(C)c(=O)n4CC(C)C)c2cc1OC,IC50,94.0,nM,7.03,-8.2
CHEMBL392752,COc1cc2cncc(Cc3nc4c(c(=O)n(C)c(=O)n4CC(C)C)n3C)c2cc1OC,IC50,553.0,nM,6.26,-8.7
CHEMBL507524,CCCc1nn(C)c2c(=O)[nH]c(-c3cc(S(=O)(=O)NCCNCC(=O)O)ccc3OCC)nc12,IC50,500.0,nM,6.3,-9.1
CHEMBL497654,COc1ccc(-c2oc3c4c(cc(O)c3c(=O)c2O)OC(C)(C)CC4)cc1,IC50,45500.0,nM,4.34,-9.8
CHEMBL498486,COc1ccc(-c2oc3c(CC=C(C)C)c(OCCO)cc(O)c3c(=O)c2OCCO)cc1,IC50,74.0,nM,7.13,-8.6
CHEMBL498485,COc1ccc(-c2oc3c(CC=C(C)C)c(O)cc(O)c3c(=O)c2O)cc1,IC50,2200.0,nM,5.66,-9.8
CHEMBL460647,CC(C)=CCc1c(O)cc(O)c2c1OC(c1ccc(O)cc1)CC2=O,IC50,16230.0,nM,4.79,-9.6
CHEMBL193059,CC(C)=CCc1c(O)cc(O)c2c(=O)c(O)c(-c3ccc(O)c(O)c3)oc12,IC50,700.0,nM,6.16,-9.5
CHEMBL371562,CC(C)=CCc1c(O)cc(O)c2c(=O)cc(-c3ccc(O)cc3)oc12,IC50,1290.0,nM,5.89,-9.7
CHEMBL483655,CCN1C(=O)C2C(N=C(N=[N+]=[N-])N2Cc2ccc(O)cc2)N2C1=N[C@@H]1CCC[C@@H]12,IC50,0.6166,nM,9.21,-7.2
CHEMBL519357,CCN1C(=O)C2C(N=C(OC)N2Cc2ccc(OC)c(Cl)c2)N2C[C@@H](Cc3ccccc3)N=C12,IC50,1.585,nM,8.8,-8.6
CHEMBL484065,CCN1C(=O)C2C(N=CN2Cc2ccc(O)c(Br)c2)N2C1=N[C@@H]1CCC[C@@H]12,IC50,6.31,nM,8.2,-9.3
CHEMBL466481,CC(C)c1n[nH]c2c(=O)[nH]c(C[C@@H]3CCCC[C@H]3Nc3ncccn3)nc12,IC50,1500.0,nM,5.82,-11.1
CHEMBL466280,CC(C)c1n[nH]c2c(=O)[nH]c(C[C@@H]3CCCC[C@H]3Nc3ncc(C(=O)O)c(C(F)(F)F)n3)nc12,IC50,370.0,nM,6.43,-11.0
CHEMBL466068,CC(C)c1n[nH]c2c(=O)[nH]c(Cc3ccccc3OCCN3CCOCC3)nc12,IC50,5200.0,nM,5.28,-10.4
CHEMBL462983,CCOc1ccc([C@H]2c3[nH]c4ccccc4c3C[C@@H]3C(=O)N(CCn4cccc4)C(=O)N23)cc1,IC50,100.0,nM,7.0,-8.1
CHEMBL456577,CCOc1ccc([C@H]2c3[nH]c4ccccc4c3C[C@@H]3C(=O)N(CCc4ccccn4)C(=O)N23)cc1,IC50,6.026,nM,8.22,-8.8
CHEMBL514402,CCOc1ccc([C@H]2c3[nH]c4ccccc4c3C[C@@H]3C(=O)N(Cc4cccnc4)C(=O)N23)cc1,IC50,19.95,nM,7.7,-8.2
CHEMBL456370,CCOc1ccc([C@H]2c3[nH]c4ccccc4c3C[C@@H]3C(=O)N(CCN(C)C)C(=O)N23)cc1,IC50,30.2,nM,7.52,-7.8
CHEMBL508321,CCOc1ccc([C@H]2c3[nH]c4ccccc4c3C[C@@H]3C(=O)N(CC)C(=O)N23)cc1,IC50,7.079,nM,8.15,-6.7
CHEMBL515979,CCOc1ccc([C@@H]2c3[nH]c4ccccc4c3C[C@@H]3C(=O)N(CC)C(=O)N23)cc1,IC50,10.0,nM,8.0,-8.0
CHEMBL456552,CCOc1ccc([C@@H]2c3[nH]c4ccccc4c3C[C@@H]3C(=O)N(C)C(=O)N23)cc1,IC50,10.0,nM,8.0,-8.0
CHEMBL456548,CCOc1ccc([C@H]2c3[nH]c4ccccc4c3C[C@@H]3C(=O)NC(=O)N23)cc1,IC50,19.95,nM,7.7,-7.2
CHEMBL138359,CCCCN1C(=O)[C@H]2Cc3c(n(C)c4ccccc34)[C@H](c3ccc(OC)cc3)N2C1=O,IC50,1995.26,nM,5.7,-6.6
CHEMBL504118,CCCCN1C(=O)[C@H]2Cc3c([nH]c4ccccc34)[C@H](c3ccccc3OC)N2C1=O,IC50,1000.0,nM,6.0,-8.5
CHEMBL141506,CCCCN1C(=O)[C@H]2Cc3c([nH]c4ccccc34)[C@H](c3ccc(C#N)cc3)N2C1=O,IC50,302.0,nM,6.52,-9.8
CHEMBL141975,CCCCN1C(=O)[C@H]2Cc3c([nH]c4ccccc34)[C@@H](c3ccc(C#N)cc3)N2C1=O,IC50,912.01,nM,6.04,-7.7
CHEMBL344630,CCCCN1C(=O)[C@H]2Cc3c([nH]c4ccccc34)[C@H](c3ccc(Cl)cc3)N2C1=O,IC50,19.95,nM,7.7,-7.6
CHEMBL139048,CCCCN1C(=O)[C@H]2Cc3c([nH]c4ccccc34)[C@@H](c3ccc(Cl)cc3)N2C1=O,IC50,50.12,nM,7.3,-7.7
CHEMBL502020,CCCCN1C(=O)[C@H]2Cc3c([nH]c4ccccc34)[C@H](c3cccc(Cl)c3)N2C1=O,IC50,50.12,nM,7.3,-9.2
CHEMBL141633,CCCCN1C(=O)[C@H]2Cc3c([nH]c4ccccc34)[C@@H](c3cccc(Cl)c3)N2C1=O,IC50,50.12,nM,7.3,-8.0
CHEMBL337587,CCCCN1C(=O)[C@H]2Cc3c([nH]c4ccccc34)[C@H](c3ccc(OC)cc3)N2C1=O,IC50,5.012,nM,8.3,-7.4
CHEMBL422104,CCCCN1C(=O)[C@H]2Cc3c([nH]c4ccccc34)[C@@H](c3ccc(OC)cc3)N2C1=O,IC50,7.943,nM,8.1,-7.7
CHEMBL336457,CCCCN1C(=O)[C@H]2Cc3c([nH]c4ccccc34)[C@H](c3ccccc3)N2C1=O,IC50,19.95,nM,7.7,-9.0
CHEMBL423550,CCCCN1C(=O)[C@H]2Cc3c([nH]c4ccccc34)[C@@H](c3ccccc3)N2C1=O,IC50,60.26,nM,7.22,-8.2
CHEMBL141980,CCCCN1C(=O)[C@H]2Cc3c([nH]c4ccccc34)[C@@H](c3ccoc3)N2C1=O,IC50,100.0,nM,7.0,-8.6
CHEMBL335148,CCCCN1C(=O)[C@H]2Cc3c([nH]c4ccccc34)[C@@H](c3ccsc3)N2C1=O,IC50,30.2,nM,7.52,-7.8
CHEMBL140493,CCCCN1C(=O)[C@H]2Cc3c([nH]c4ccccc34)[C@@H](c3cccnc3)N2C1=O,IC50,91.2,nM,7.04,-7.8
CHEMBL336248,CCCCN1C(=O)[C@H]2Cc3c([nH]c4ccccc34)[C@@H](c3ccncc3)N2C1=O,IC50,302.0,nM,6.52,-7.9
CHEMBL525436,CCCc1nn(C)c2c(=O)[nH]c(-c3ccccc3O)nc12,IC50,1000.0,nM,6.0,-9.2
CHEMBL511513,CCCc1nn(C)c2c(=O)[nH]c(-c3ccccc3)nc12,IC50,4466.84,nM,5.35,-9.1
CHEMBL564374,CCCOCCn1c(=O)c(NCCN2CCOCC2)nc2ccc(-c3ccc(OC)nc3)nc21,IC50,2.4,nM,8.62,-9.0
CHEMBL560516,CCCOCCn1c(=O)c(NCCN2CCOCC2)nc2ccc(-c3ccc(OC)nc3)cc21,IC50,0.9,nM,9.05,-8.8
CHEMBL551052,CCCOCCn1c(=O)c(NCCN2CCOCC2)nc2cnc(-c3ccc(OC)nc3)cc21,IC50,0.07,nM,10.15,-8.6
CHEMBL551250,CCCOCCn1c(=O)c(NCCN2CCOCC2)nc2ncc(-c3ccc(OC)nc3)cc21,IC50,0.34,nM,9.47,-8.8
CHEMBL561952,COc1ccc(-c2ccc3nc(NCC(=O)N(C)C)c(=O)n(CC4CCCCC4)c3n2)cn1,IC50,0.3,nM,9.52,-9.8
CHEMBL560687,COc1ccc(-c2ccc3nc(NCC4CCOCC4)c(=O)n(CC4CCCCC4)c3n2)cn1,IC50,0.3,nM,9.52,-10.3
CHEMBL558338,COc1ncc(-c2ccc3nc(NCC4CCOCC4)c(=O)n(CC4CCCCC4)c3n2)cn1,IC50,0.3,nM,9.52,-10.4
CHEMBL560408,COc1ccc(-c2ccc3nc(NCCN4CCOCC4)c(=O)n(CC4CCCCC4)c3n2)cn1,IC50,0.4,nM,9.4,-10.1
CHEMBL563130,O=c1c(NCC2CCOCC2)nc2ccc(-c3ccncc3)nc2n1CC1CCCCC1,IC50,0.9,nM,9.05,-10.1
CHEMBL550817,Cc1noc(C)c1-c1ccc2nc(NCCN3CCOCC3)c(=O)n(CC3CCCCC3)c2n1,IC50,1.0,nM,9.0,-8.9
CHEMBL556514,COc1ccc(Cn2c(=O)c(NCCN3CCOCC3)nc3ccc(-c4ccc(F)cc4)nc32)cc1,IC50,1.3,nM,8.89,-9.3
CHEMBL550007,O=c1c(NCCN2CCOCC2)nc2ccc(-c3ccc(F)c(F)c3)nc2n1CC1CCCCC1,IC50,1.6,nM,8.8,-10.4
CHEMBL558729,CCCOCCn1c(=O)c(NCC2CCOCC2)nc2ccc(-c3ccc(OC)nc3)nc21,IC50,2.3,nM,8.64,-9.3
CHEMBL560545,O=c1c(NCC2CCOCC2)nc2ccc(-c3ccc(F)cc3)nc2n1Cc1cccnc1,IC50,2.5,nM,8.6,-10.1
CHEMBL557059,O=c1c(NCC2CCOCC2)nc2ccc(-c3ccc(F)cc3)nc2n1Cc1cc(F)cc(F)c1,IC50,2.7,nM,8.57,-10.5
CHEMBL560609,O=c1c(NCC2CCOCC2)nc2ccc(-c3ccc(O)nc3)nc2n1CC1CCCCC1,IC50,2.9,nM,8.54,-10.3
CHEMBL563637,CN(C)C(=O)CNc1nc2ccc(-c3ccc(F)cc3)nc2n(CC2CCCCC2)c1=O,IC50,3.5,nM,8.46,-10.6
CHEMBL559889,O=c1c(NCCN2CCOCC2)nc2ccc(-c3ccc(F)cc3)nc2n1CC1CCCCC1,IC50,4.6,nM,8.34,-10.0
CHEMBL563669,CCCOCCn1c(=O)c(NCC(=O)N(C)C)nc2ccc(-c3ccc(OC)nc3)nc21,IC50,14.5,nM,7.84,-8.6
CHEMBL562208,O=c1c(NCC2CCOCC2)nc2ccc(-c3ccc(F)cc3)nc2n1Cc1ccccn1,IC50,20.3,nM,7.69,-10.0
CHEMBL558466,CCCOCCn1c(=O)c(NCC2CCOCC2)nc2ccc(-c3ccc(F)cc3)nc21,IC50,22.4,nM,7.65,-9.2
CHEMBL557755,Nc1nc2ccc(-c3ccc(F)cc3)nc2n(CC2CCCCC2)c1=O,IC50,28.18,nM,7.55,-9.8
CHEMBL561548,CCCOCCn1c(=O)c(NCCN2CCOCC2)nc2ccc(-c3ccc(F)cc3)nc21,IC50,33.3,nM,7.48,-8.9
CHEMBL561088,CCCOCCn1c(=O)c(NCC2CCOCC2)nc2ccc(-c3ccncc3)nc21,IC50,33.9,nM,7.47,-9.1
CHEMBL552025,CCCOCCn1c(=O)c(NCCN2CCOCC2)nc2ccc(-c3c(C)noc3C)nc21,IC50,36.5,nM,7.44,-8.4
CHEMBL550131,CC(C)OCCn1c(=O)c(NCCN2CCOCC2)nc2ccc(-c3ccc(F)c(F)c3)nc21,IC50,52.5,nM,7.28,-9.9
CHEMBL550478,CCOCCn1c(=O)c(NCC2CCOCC2)nc2ccc(-c3ccc(F)cc3)nc21,IC50,149.0,nM,6.83,-9.7
CHEMBL565116,CC(C)Cn1c(=O)c(NCC2CCOCC2)nc2ccc(-c3ccc(F)cc3)nc21,IC50,224.0,nM,6.65,-10.5
CHEMBL565024,CCCOCCn1c(=O)c(NCCN2CCOCC2)nc2ccc(-c3ccc(O)nc3)nc21,IC50,534.0,nM,6.27,-9.1
CHEMBL538896,CCCn1ccc(=O)c2c(N)nc(-c3ccccc3)cc21,IC50,51.0,nM,7.29,-9.0
CHEMBL551948,CCCCCN1C(=O)CN(C)c2ncc(-c3ccc(F)c(F)c3)cc21,IC50,43.0,nM,7.37,-9.8
CHEMBL557266,COc1ccc(Cn2c(=O)ccc3ccc(-c4ccncc4)cc32)cc1,IC50,25.0,nM,7.6,-8.8
CHEMBL583914,C[C@@H]1CN(Cc2ccc3nccnc3c2)C[C@H]1c1nc2c(cnn2C2CCCC2)c(=O)[nH]1,IC50,349.0,nM,6.46,-11.1
CHEMBL567251,CCCOCCn1c(=O)c(NCCN(C)C)nc2ncc(-c3ccc(OC)nc3)cc21,IC50,4.0,nM,8.4,-8.5
CHEMBL567229,CCCOCCn1c(=O)c(NCCN(C)C)nc2cnc(-c3ccc(OC)nc3)cc21,IC50,0.78,nM,9.11,-8.3
CHEMBL566596,CCCOCCn1c(=O)c(NCCN)nc2ncc(-c3ccc(OC)nc3)cc21,IC50,16.3,nM,7.79,-8.4
CHEMBL567469,CCCOCCn1c(=O)c(NCCN)nc2cnc(-c3ccc(OC)nc3)cc21,IC50,0.25,nM,9.6,-8.4
CHEMBL567252,CCCOCCn1c(=O)c(NCCNCCO)nc2cnc(-c3ccc(OC)nc3)cc21,IC50,1.1,nM,8.96,-8.0
CHEMBL567255,CCCOCCn1c(=O)c(NCCO)nc2ncc(-c3ccc(OC)nc3)cc21,IC50,1.17,nM,8.93,-8.4
CHEMBL585327,CCCOCCn1c(=O)c(NCCO)nc2cnc(-c3ccc(OC)nc3)cc21,IC50,0.9,nM,9.05,-8.5
CHEMBL584317,CCCOCCn1c(=O)c(NCCOCC)nc2ncc(-c3ccc(OC)nc3)cc21,IC50,0.17,nM,9.77,-8.3
CHEMBL566797,CCCOCCn1c(=O)c(NCCOCC)nc2cnc(-c3ccc(OC)nc3)cc21,IC50,0.11,nM,9.96,-8.1
CHEMBL567016,CCCOCCn1c(=O)c(NCC2CCOCC2)nc2ncc(-c3ccc(OC)nc3)cc21,IC50,0.14,nM,9.85,-9.4
CHEMBL584270,CCCOCCn1c(=O)c(NCC2CCCO2)nc2cnc(-c3ccc(OC)nc3)cc21,IC50,0.05,nM,10.3,-9.0
CHEMBL565518,CCCOCCn1c(=O)c(NCC(=O)O)nc2ncc(-c3ccc(OC)nc3)cc21,IC50,2.95,nM,8.53,-8.7
CHEMBL565308,CCCOCCn1c(=O)c(NCC(=O)O)nc2cnc(-c3ccc(OC)nc3)cc21,IC50,1.05,nM,8.98,-8.6
CHEMBL565331,CCCOCCn1c(=O)c(NCC(=O)N(C)C)nc2ncc(-c3ccc(OC)nc3)cc21,IC50,2.59,nM,8.59,-8.9
CHEMBL571469,CCCOCCn1c(=O)c(NCC(=O)N(C)C)nc2cnc(-c3ccc(OC)nc3)cc21,IC50,0.68,nM,9.17,-8.7
CHEMBL569491,CCCOCCn1c(=O)c(NCc2ccccn2)nc2ncc(-c3ccc(OC)nc3)cc21,IC50,0.36,nM,9.44,-9.5
CHEMBL569481,CCCOCCn1c(=O)c(NCc2ccccn2)nc2cnc(-c3ccc(OC)nc3)cc21,IC50,0.04,nM,10.4,-9.5
CHEMBL569045,CCCOCCn1c(=O)c(NCc2cnccn2)nc2ncc(-c3ccc(OC)nc3)cc21,IC50,0.28,nM,9.55,-9.2
CHEMBL565305,CCCOCCn1c(=O)c(NCc2cnccn2)nc2cnc(-c3ccc(OC)nc3)cc21,IC50,0.06,nM,10.22,-9.0
CHEMBL566819,CCCOCCn1c(=O)c(NCC(N)=O)nc2ncc(-c3ccc(OC)nc3)cc21,IC50,2.59,nM,8.59,-8.9
CHEMBL571693,CCCOCCn1c(=O)c(NCC(N)=O)nc2cnc(-c3ccc(OC)nc3)cc21,IC50,0.68,nM,9.17,-8.8
CHEMBL571912,CCCOCCn1c(=O)c(NCC(=O)NC)nc2ncc(-c3ccc(OC)nc3)cc21,IC50,0.43,nM,9.37,-9.0
CHEMBL568839,CCCOCCn1c(=O)c(NCC(=O)NC)nc2cnc(-c3ccc(OC)nc3)cc21,IC50,0.07,nM,10.15,-8.8
CHEMBL566598,CCCOCCn1c(=O)c(NCC(=O)N2CCCC2)nc2cnc(-c3ccc(OC)nc3)cc21,IC50,0.08,nM,10.1,-9.4
CHEMBL569264,CCCOCCn1c(=O)c(NCC(=O)N2CCC(O)CC2)nc2cnc(-c3ccc(OC)nc3)cc21,IC50,0.13,nM,9.89,-9.3
CHEMBL569265,CCCOCCn1c(=O)c(NCC(=O)N2CCOCC2)nc2ncc(-c3ccc(OC)nc3)cc21,IC50,1.17,nM,8.93,-9.6
CHEMBL565306,CCCOCCn1c(=O)c(NCC(=O)N2CCOCC2)nc2cnc(-c3ccc(OC)nc3)cc21,IC50,0.15,nM,9.82,-9.3
CHEMBL571913,CCCOCCn1c(=O)c(NCC(=O)N2CCNCC2)nc2cnc(-c3ccc(OC)nc3)cc21,IC50,1.65,nM,8.78,-9.2
CHEMBL584285,CCCOCCn1c(=O)c(NCC(=O)N2CCN(C)CC2)nc2ncc(-c3ccc(OC)nc3)cc21,IC50,0.32,nM,9.49,-9.2
CHEMBL585918,CCCOCCn1c(=O)c(NCC(=O)N2CCN(C)CC2)nc2cnc(-c3ccc(OC)nc3)cc21,IC50,0.07,nM,10.15,-9.0
CHEMBL583835,CCCOCCn1c(=O)c(NCCCO)nc2ncc(-c3ccc(OC)nc3)cc21,IC50,0.71,nM,9.15,-8.4
CHEMBL567447,CCCOCCn1c(=O)c(NCCCO)nc2cnc(-c3ccc(OC)nc3)cc21,IC50,0.26,nM,9.59,-8.2
CHEMBL584056,CCCOCCn1c(=O)c(NC[C@H](C)O)nc2ncc(-c3ccc(OC)nc3)cc21,IC50,0.34,nM,9.47,-8.8
CHEMBL566367,CCCOCCn1c(=O)c(NC[C@H](C)O)nc2cnc(-c3ccc(OC)nc3)cc21,IC50,0.09,nM,10.05,-8.6
CHEMBL585015,CCCOCCn1c(=O)c(NC[C@@H](C)O)nc2ncc(-c3ccc(OC)nc3)cc21,IC50,0.54,nM,9.27,-8.7
CHEMBL567471,CCCOCCn1c(=O)c(NC[C@@H](C)O)nc2cnc(-c3ccc(OC)nc3)cc21,IC50,0.1,nM,10.0,-8.7
CHEMBL585352,CCCOCCn1c(=O)c(N[C@H](C)CO)nc2ncc(-c3ccc(OC)nc3)cc21,IC50,0.88,nM,9.06,-8.7
CHEMBL569492,CCCOCCn1c(=O)c(N[C@H](C)CO)nc2cnc(-c3ccc(OC)nc3)cc21,IC50,0.14,nM,9.85,-8.6
CHEMBL567446,CCCOCCn1c(=O)c(N[C@@H](C)CO)nc2ncc(-c3ccc(OC)nc3)cc21,IC50,0.55,nM,9.26,-8.7
CHEMBL566375,CCCOCCn1c(=O)c(N[C@@H](C)CO)nc2cnc(-c3ccc(OC)nc3)cc21,IC50,0.24,nM,9.62,-8.7
CHEMBL583854,CCCOCCn1c(=O)c(N[C@H](CC)CO)nc2cnc(-c3ccc(OC)nc3)cc21,IC50,0.25,nM,9.6,-8.7
CHEMBL566820,CCCOCCn1c(=O)c(N[C@H]2CC[C@H](O)CC2)nc2ncc(-c3ccc(OC)nc3)cc21,IC50,0.32,nM,9.49,-9.1
CHEMBL567470,CCCOCCn1c(=O)c(N[C@H]2CC[C@H](O)CC2)nc2cnc(-c3ccc(OC)nc3)cc21,IC50,0.05,nM,10.3,-8.7
CHEMBL604519,FC(F)Oc1ccc(-c2ccnc3cc(-c4cccnc4)nn23)cc1OCC1CC1,IC50,3500.0,nM,5.46,-9.0
CHEMBL591942,CCCOCCn1c(=O)c(N2CCN([C@H](C)[C@@H](C)O)CC2)nc2cnc(-c3ccc(OC)nc3)cc21,IC50,0.3,nM,9.52,-7.8
CHEMBL589069,CCCOCCn1c(=O)c(N2CCN([C@@H](C)[C@@H](C)O)CC2)nc2cnc(-c3ccc(OC)nc3)cc21,IC50,0.33,nM,9.48,-8.4
CHEMBL590037,CCCOCCn1c(=O)c(N2CCN(CC(C)(C)O)CC2)nc2cnc(-c3ccc(OC)nc3)cc21,IC50,0.21,nM,9.68,-8.8
CHEMBL590036,CCCOCCn1c(=O)c(N2CCN(C[C@@H](C)O)CC2)nc2cnc(-c3ccc(OC)nc3)cc21,IC50,0.23,nM,9.64,-8.8
CHEMBL589797,CCCOCCn1c(=O)c(N2CCN(C[C@H](C)O)CC2)nc2cnc(-c3ccc(OC)nc3)cc21,IC50,0.31,nM,9.51,-8.9
CHEMBL590787,CCCOCCn1c(=O)c(N2CCCN(CCCO)CC2)nc2cnc(-c3ccc(OC)nc3)cc21,IC50,1.08,nM,8.97,-8.0
CHEMBL590545,CCCOCCn1c(=O)c(N2CCCN(CCO)CC2)nc2cnc(-c3ccc(OC)nc3)cc21,IC50,0.72,nM,9.14,-7.9
CHEMBL590544,CCCOCCn1c(=O)c(N2CCN(CCCO)CC2)nc2cnc(-c3ccc(OC)nc3)cc21,IC50,0.18,nM,9.74,-8.7
CHEMBL591501,CCCOCCn1c(=O)c(N2CCN(CCO)CC2)nc2cnc(-c3ccc(OC)nc3)cc21,IC50,0.2,nM,9.7,-8.9
CHEMBL590280,CCCOCCn1c(=O)c(N2CCN(CC)CC2)nc2cnc(-c3ccc(OC)nc3)cc21,IC50,0.22,nM,9.66,-9.1
CHEMBL602120,CCCOCCn1c(=O)c(N2C[C@H]3C[C@@H]2CN3)nc2cnc(-c3ccc(OC)nc3)cc21,IC50,2.38,nM,8.62,-9.6
CHEMBL591477,CCCOCCn1c(=O)c(N2CCNCC2)nc2cnc(-c3ccc(OC)nc3)cc21,IC50,3.28,nM,8.48,-9.3
CHEMBL1079947,CCCC/C=C/c1cc(C)ccc1/C=C/CC(=O)O,IC50,12600.0,nM,4.9,-8.1
CHEMBL1079948,CCCCCC(O)c1cc(C)ccc1/C=C/CC(=O)O,IC50,87100.0,nM,4.06,-7.8
CHEMBL1098959,COC(=O)[C@H]1Cc2c([nH]c3ccccc23)[C@@H](c2ccccc2Br)N1,IC50,5600.0,nM,5.25,-9.3
CHEMBL1095632,COC(=O)[C@@H]1Cc2c([nH]c3ccccc23)[C@@H](c2ccccc2Br)N1,IC50,3100.0,nM,5.51,-7.9
CHEMBL1098905,CCN1C(=O)[C@H]2Cc3c([nH]c4ccccc34)[C@@H](c3ccccc3Br)N2C1=O,IC50,290.0,nM,6.54,-8.0
CHEMBL1099243,CCN1C(=O)[C@H]2Cc3c([nH]c4ccccc34)[C@H](c3ccccc3Br)N2C1=O,IC50,4000.0,nM,5.4,-6.4
CHEMBL1099244,CCN1C(=O)[C@@H]2Cc3c([nH]c4ccccc34)[C@H](c3ccccc3Br)N2C1=O,IC50,640.0,nM,6.19,-7.5
CHEMBL1099245,CCN1C(=O)[C@@H]2Cc3c([nH]c4ccccc34)[C@@H](c3ccccc3Br)N2C1=O,IC50,38.0,nM,7.42,-10.1
CHEMBL1095583,CCN1C(=O)[C@H]2Cc3c([nH]c4ccccc34)[C@H](c3ccccc3Br)N2C1=S,IC50,74000.0,nM,4.13,-6.1
CHEMBL1097215,CCN1C(=O)[C@@H]2Cc3c([nH]c4ccccc34)[C@@H](c3ccccc3Br)N2C1=S,IC50,6100.0,nM,5.21,-6.1
CHEMBL1097216,COC(=O)[C@H]1Cc2c([nH]c3ccccc23)[C@@H](c2ccccc2Br)N1C(=O)CCl,IC50,29000.0,nM,4.54,-5.3
CHEMBL1097584,CN1CC(=O)N2[C@H](c3ccccc3Br)c3[nH]c4ccccc4c3C[C@@H]2C1=O,IC50,100.0,nM,7.0,-6.5
CHEMBL1097585,CN1CC(=O)N2[C@@H](c3ccccc3Br)c3[nH]c4ccccc4c3C[C@@H]2C1=O,IC50,88000.0,nM,4.06,-6.5
CHEMBL1097586,CN1CC(=O)N2[C@@H](c3ccccc3Br)c3[nH]c4ccccc4c3C[C@H]2C1=O,IC50,2800.0,nM,5.55,-7.3
CHEMBL1097587,CN1CC(=O)N2[C@H](c3ccccc3Br)c3[nH]c4ccccc4c3C[C@H]2C1=O,IC50,60.0,nM,7.22,-6.6
CHEMBL1094268,CCN1CC(=O)N2[C@H](c3ccccc3Br)c3[nH]c4ccccc4c3C[C@@H]2C1=O,IC50,320.0,nM,6.5,-7.6
CHEMBL1094588,CCN1CC(=O)N2[C@@H](c3ccccc3Br)c3[nH]c4ccccc4c3C[C@@H]2C1=O,IC50,41000.0,nM,4.39,-6.1
CHEMBL1094589,CCN1CC(=O)N2[C@@H](c3ccccc3Br)c3[nH]c4ccccc4c3C[C@H]2C1=O,IC50,32000.0,nM,4.5,-7.1
CHEMBL1094590,CCN1CC(=O)N2[C@H](c3ccccc3Br)c3[nH]c4ccccc4c3C[C@H]2C1=O,IC50,50.0,nM,7.3,-6.8
CHEMBL1096598,CCCCN1CC(=O)N2[C@H](c3ccccc3Br)c3[nH]c4ccccc4c3C[C@@H]2C1=O,IC50,260.0,nM,6.58,-8.0
CHEMBL1097923,CCCCN1CC(=O)N2[C@H](c3ccccc3Br)c3[nH]c4ccccc4c3C[C@H]2C1=O,IC50,50.0,nM,7.3,-7.4
CHEMBL1094238,CCOCCn1nc(C)c2nc(N3CCNCC3)nc(Nc3ccccn3)c21,IC50,0.5,nM,9.3,-8.0
CHEMBL1094399,CCOCCn1nc(CC)c2nc(N3CCNCC3)nc(Nc3ccccn3)c21,IC50,0.4,nM,9.4,-7.7
CHEMBL1094544,CCOCCn1nc(CC)c2nc(N3CCNCC3)nc(Nc3ccccc3)c21,IC50,0.07,nM,10.15,-7.9
CHEMBL1095175,CCOCCn1nc(C)c2nc(N3CCNCC3)nc(Nc3cccc(C)n3)c21,IC50,0.65,nM,9.19,-7.9
CHEMBL1095176,CCOCCn1nc(CC)c2nc(N3CCNCC3)nc(Nc3cccc(C)n3)c21,IC50,0.66,nM,9.18,-8.1
CHEMBL1095185,CCOCCn1nc(C)c2nc(N3CCNCC3)nc(Nc3cc(C)ccn3)c21,IC50,1.4,nM,8.85,-7.0
CHEMBL1095186,CCOCCn1nc(CC)c2nc(N3CCNCC3)nc(Nc3cc(C)ccn3)c21,IC50,0.38,nM,9.42,-7.2
CHEMBL1096785,CCOCCn1nc(CC)c2nc(N3CCNCC3)nc(Nc3ccc(C)cn3)c21,IC50,3.3,nM,8.48,-8.0
CHEMBL1094517,CCOCCn1nc(CC)c2nc(N3CCNCC3)nc(Nc3ncccc3C)c21,IC50,5.5,nM,8.26,-7.8
CHEMBL1094210,CCOCCn1nc(C)c2nc(N3CCN(C)CC3)nc(Nc3cc(C)ccn3)c21,IC50,2.6,nM,8.59,-7.5
CHEMBL1094211,CCOCCn1nc(CC)c2nc(N3CCN(C)CC3)nc(Nc3cc(C)ccn3)c21,IC50,0.89,nM,9.05,-7.7
CHEMBL1097780,CCOCCn1nc(CC)c2nc(N3CCN[C@H](C)C3)nc(Nc3cc(C)ccn3)c21,IC50,2.5,nM,8.6,-6.9
CHEMBL1097781,CCOCCn1nc(CC)c2nc(N3CCN[C@@H](C)C3)nc(Nc3cc(C)ccn3)c21,IC50,1.2,nM,8.92,-7.4
CHEMBL1097782,CCOCCn1nc(CC)c2nc(N3CCCNCC3)nc(Nc3cc(C)ccn3)c21,IC50,0.76,nM,9.12,-7.7
CHEMBL1097783,CCOCCn1nc(C)c2nc(NC3CCNCC3)nc(Nc3cc(C)ccn3)c21,IC50,2.3,nM,8.64,-7.3
CHEMBL1094499,CCOCCn1nc(CC)c2nc(NC3CCNCC3)nc(Nc3cc(C)ccn3)c21,IC50,0.2,nM,9.7,-8.3
CHEMBL1098114,CCOCCn1nc(CC)c2nc(NC3CCN(C)CC3)nc(Nc3cc(C)ccn3)c21,IC50,0.72,nM,9.14,-8.3
CHEMBL1094190,CCOCCn1nc(CC)c2nc(NC3CCN(CC)CC3)nc(Nc3cc(C)ccn3)c21,IC50,2.0,nM,8.7,-8.2
CHEMBL1094191,CCOCCn1nc(CC)c2nc(N(C)C3CCN(C)CC3)nc(Nc3cc(C)ccn3)c21,IC50,0.087,nM,10.06,-7.6
CHEMBL1094830,CCOCCn1nc(CC)c2nc(N(C)C3CCNC3)nc(Nc3cc(C)ccn3)c21,IC50,0.42,nM,9.38,-7.7
CHEMBL1094500,CCOCCn1nc(C)c2nc(N3CCC(N)CC3)nc(Nc3cc(C)ccn3)c21,IC50,2.3,nM,8.64,-7.5
CHEMBL1094832,CCOCCn1nc(CC)c2nc(N3CCC(N)CC3)nc(Nc3cc(C)ccn3)c21,IC50,0.78,nM,9.11,-7.2
CHEMBL1094833,CCOCCn1nc(C)c2nc(NCC3CCNCC3)nc(Nc3cc(C)ccn3)c21,IC50,0.35,nM,9.46,-8.2
CHEMBL1098465,CCOCCn1nc(CC)c2nc(NCC3CCNCC3)nc(Nc3cc(C)ccn3)c21,IC50,0.011,nM,10.96,-8.6
CHEMBL1098466,CCOCCn1nc(C)c2nc(N3CCC(CN)CC3)nc(Nc3cc(C)ccn3)c21,IC50,0.07,nM,10.15,-7.1
CHEMBL1094490,CCOCCn1nc(C)c2nc(NC3CCOCC3)nc(Nc3cc(C)ccn3)c21,IC50,1.2,nM,8.92,-8.2
CHEMBL1097506,CCOCCn1nc(CC)c2nc(N3CCC(CO)CC3)nc(Nc3cc(C)ccn3)c21,IC50,0.07,nM,10.15,-7.3
CHEMBL1097822,CCOCCn1nc(C)c2nc(N3CCC(C(N)=O)CC3)nc(Nc3cc(C)ccn3)c21,IC50,0.19,nM,9.72,-7.6
CHEMBL1097823,CCOCCn1nc(CC)c2nc(N3CCC(C(N)=O)CC3)nc(Nc3cc(C)ccn3)c21,IC50,0.08,nM,10.1,-8.0
CHEMBL1098141,CCOCCn1nc(CC)c2nc(N3CCCC(C(N)=O)C3)nc(Nc3cc(C)ccn3)c21,IC50,0.08,nM,10.1,-7.9
CHEMBL1094249,CCOCCn1nc(C)c2nc(N3CCC(C(=O)O)CC3)nc(Nc3cc(C)ccn3)c21,IC50,0.05,nM,10.3,-6.8
CHEMBL1094365,CCOCCn1nc(CC)c2nc(N3CCC(C(=O)O)CC3)nc(Nc3cc(C)ccn3)c21,IC50,0.04,nM,10.4,-8.1
CHEMBL1098055,CCCOCCn1nc(CC)c2nc(N3CCNCC3)nc(Nc3ccccn3)c21,IC50,0.3,nM,9.52,-8.0
CHEMBL1098056,CCc1nn(CCOC(C)C)c2c(Nc3ccccn3)nc(N3CCNCC3)nc12,IC50,0.86,nM,9.07,-8.2
CHEMBL1097717,CCc1nn(CCOCC(F)(F)F)c2c(Nc3ccccn3)nc(N3CCNCC3)nc12,IC50,0.65,nM,9.19,-8.7
CHEMBL1097718,Cc1cccc(Nc2nc(N3CCNCC3)nc3c(C)nn(CCOCC(F)(F)F)c23)n1,IC50,0.78,nM,9.11,-8.5
CHEMBL1097719,CCc1nn(CCOCC(F)(F)F)c2c(Nc3cccc(C)n3)nc(N3CCNCC3)nc12,IC50,1.01,nM,9.0,-8.8
CHEMBL1098654,Cc1ccnc(Nc2nc(N3CCNCC3)nc3c(C)nn(CCOCC(F)(F)F)c23)c1,IC50,1.84,nM,8.73,-7.8
CHEMBL1095405,CCc1nn(CCOCC(F)(F)F)c2c(Nc3cc(C)ccn3)nc(N3CCNCC3)nc12,IC50,3.28,nM,8.48,-8.4
CHEMBL1095406,CCc1nn(CCOCC(F)(F)F)c2c(Nc3ccc(F)cc3)nc(N3CCNCC3)nc12,IC50,0.09,nM,10.05,-8.5
CHEMBL1099069,CCc1nn(CCOCC(F)(F)F)c2c(Nc3ccncn3)nc(N3CCNCC3)nc12,IC50,0.15,nM,9.82,-8.7
CHEMBL1094098,Cc1nn(CCOCC(F)(F)F)c2c(Nc3ccncn3)nc(N3CCCNCC3)nc12,IC50,9.79,nM,8.01,-8.4
CHEMBL1095440,CCc1nn(CCOCC(F)(F)F)c2c(Nc3ccncn3)nc(N3CCCNCC3)nc12,IC50,3.15,nM,8.5,-8.4
CHEMBL1095760,CCc1nn(CCOCC(F)(F)F)c2c(Nc3ccncn3)nc(N3CCCN(C)CC3)nc12,IC50,6.48,nM,8.19,-8.4
CHEMBL1098751,CCc1nn(CCOCC(F)(F)F)c2c(Nc3ccncn3)nc(N(C)C3CCN(C)CC3)nc12,IC50,0.35,nM,9.46,-8.6
CHEMBL1098752,Cc1nn(CCOCC(F)(F)F)c2c(Nc3ccncn3)nc(N3CCN[C@H](C)C3)nc12,IC50,0.14,nM,9.85,-8.5
CHEMBL1095121,CCc1nn(CCOCC(F)(F)F)c2c(Nc3ccncn3)nc(N3CCN[C@H](C)C3)nc12,IC50,0.07,nM,10.15,-8.8
CHEMBL1095122,Cc1nn(CCOCC(F)(F)F)c2c(Nc3ccncn3)nc(N3CCN[C@@H](C)C3)nc12,IC50,0.94,nM,9.03,-8.6
CHEMBL1097983,CCc1nn(CCOCC(F)(F)F)c2c(Nc3ccncn3)nc(NCCN)nc12,IC50,9.52,nM,8.02,-7.9
CHEMBL1095123,CCc1nn(CCOCC(F)(F)F)c2c(Nc3ccncn3)nc(N3CCOCC3)nc12,IC50,3.92,nM,8.41,-8.6
CHEMBL1095455,CCc1nn(CCOCC(F)(F)F)c2c(Nc3ccncn3)nc(N3CCNC(=O)C3)nc12,IC50,2.96,nM,8.53,-8.9
CHEMBL1086110,CCCc1nc(C)c2c(C)nc3ccc(OC)nc3n12,IC50,919.0,nM,6.04,-7.9
CHEMBL1085374,CCCc1nc(C)c2c(NS(C)(=O)=O)nc3ccc(OC)nc3n12,IC50,561.0,nM,6.25,-8.4
CHEMBL1641615,Cc1nc2c3ccccc3nc(SCc3nc4ccccc4[nH]3)n2n1,IC50,10000.0,nM,5.0,-11.2
CHEMBL1642568,Cc1ccc2nc(CCc3nc(-c4ccccc4)cn3C)n3nc(C)cc3c2c1,IC50,10000.0,nM,5.0,-11.8
CHEMBL1650664,COC(=O)[C@H]1Cc2c([nH]c3ccccc23)[C@@H](c2ccc(Cl)cc2Cl)N1,IC50,7200.0,nM,5.14,-7.6
CHEMBL1650667,COC(=O)[C@@H]1Cc2c([nH]c3ccccc23)[C@@H](c2ccc(Cl)cc2Cl)N1,IC50,570.0,nM,6.24,-6.8
CHEMBL1649595,COC(=O)[C@H]1Cc2c([nH]c3ccccc23)[C@@H](c2ccc(Cl)c(Cl)c2)N1,IC50,1610.0,nM,5.79,-8.6
CHEMBL1650673,CCN1C(=O)[C@H]2Cc3c([nH]c4ccccc34)[C@@H](c3ccc(Cl)cc3Cl)N2C1=O,IC50,10.0,nM,8.0,-8.5
CHEMBL1650674,CCN1C(=O)[C@H]2Cc3c([nH]c4ccccc34)[C@H](c3ccc(Cl)cc3Cl)N2C1=O,IC50,90.0,nM,7.05,-6.4
CHEMBL1650675,CCN1C(=O)[C@@H]2Cc3c([nH]c4ccccc34)[C@H](c3ccc(Cl)cc3Cl)N2C1=O,IC50,850.0,nM,6.07,-8.7
CHEMBL1650676,CCN1C(=O)[C@@H]2Cc3c([nH]c4ccccc34)[C@@H](c3ccc(Cl)cc3Cl)N2C1=O,IC50,7.0,nM,8.15,-6.5
CHEMBL1650677,CCN1C(=O)[C@H]2Cc3c([nH]c4ccccc34)[C@@H](c3ccc(Cl)c(Cl)c3)N2C1=O,IC50,150.0,nM,6.82,-8.6
CHEMBL1650678,CCN1C(=O)[C@H]2Cc3c([nH]c4ccccc34)[C@H](c3ccc(Cl)c(Cl)c3)N2C1=O,IC50,2860.0,nM,5.54,-7.2
CHEMBL1650679,CCN1C(=O)[C@@H]2Cc3c([nH]c4ccccc34)[C@H](c3ccc(Cl)c(Cl)c3)N2C1=O,IC50,8750.0,nM,5.06,-8.8
CHEMBL1650680,CCN1C(=O)[C@@H]2Cc3c([nH]c4ccccc34)[C@@H](c3ccc(Cl)c(Cl)c3)N2C1=O,IC50,300.0,nM,6.52,-7.8
CHEMBL1650693,COC(=O)[C@H]1Cc2c([nH]c3ccccc23)[C@@H](c2ccc(Cl)cc2Cl)N1C(=O)CCl,IC50,2300.0,nM,5.64,-5.7
CHEMBL1650695,COC(=O)[C@@H]1Cc2c([nH]c3ccccc23)[C@H](c2ccc(Cl)cc2Cl)N1C(=O)CCl,IC50,380.0,nM,6.42,-6.0
CHEMBL1650861,COC(=O)[C@@H]1Cc2c([nH]c3ccccc23)[C@H](c2c(Cl)cccc2Cl)N1C(=O)CCl,IC50,730.0,nM,6.14,-5.0
CHEMBL1650862,CN1CC(=O)N2[C@H](c3ccc(Cl)cc3Cl)c3[nH]c4ccccc4c3C[C@@H]2C1=O,IC50,50.0,nM,7.3,-7.0
CHEMBL1650863,CN1CC(=O)N2[C@@H](c3ccc(Cl)cc3Cl)c3[nH]c4ccccc4c3C[C@@H]2C1=O,IC50,1200.0,nM,5.92,-8.2
CHEMBL1650864,CN1CC(=O)N2[C@@H](c3ccc(Cl)cc3Cl)c3[nH]c4ccccc4c3C[C@H]2C1=O,IC50,850.0,nM,6.07,-8.2
CHEMBL1650865,CN1CC(=O)N2[C@H](c3ccc(Cl)cc3Cl)c3[nH]c4ccccc4c3C[C@H]2C1=O,IC50,50.0,nM,7.3,-8.2
CHEMBL1650866,CCN1CC(=O)N2[C@H](c3ccc(Cl)cc3Cl)c3[nH]c4ccccc4c3C[C@@H]2C1=O,IC50,2.0,nM,8.7,-9.2
CHEMBL1650867,CCN1CC(=O)N2[C@@H](c3ccc(Cl)cc3Cl)c3[nH]c4ccccc4c3C[C@@H]2C1=O,IC50,260.0,nM,6.58,-6.2
CHEMBL1650868,CCN1CC(=O)N2[C@@H](c3ccc(Cl)cc3Cl)c3[nH]c4ccccc4c3C[C@H]2C1=O,IC50,990.0,nM,6.0,-8.1
CHEMBL1650869,CCN1CC(=O)N2[C@H](c3ccc(Cl)cc3Cl)c3[nH]c4ccccc4c3C[C@H]2C1=O,IC50,10.0,nM,8.0,-6.3
CHEMBL1650870,CCN1CC(=O)N2[C@H](c3ccc(Cl)c(Cl)c3)c3[nH]c4ccccc4c3C[C@@H]2C1=O,IC50,1340.0,nM,5.87,-8.1
CHEMBL1650872,CCN1CC(=O)N2[C@@H](c3ccc(Cl)c(Cl)c3)c3[nH]c4ccccc4c3C[C@H]2C1=O,IC50,3300.0,nM,5.48,-8.2
CHEMBL1650873,CCN1CC(=O)N2[C@H](c3ccc(Cl)c(Cl)c3)c3[nH]c4ccccc4c3C[C@H]2C1=O,IC50,2040.0,nM,5.69,-7.9
CHEMBL1650876,CCCCN1CC(=O)N2[C@H](c3ccc(Cl)cc3Cl)c3[nH]c4ccccc4c3C[C@@H]2C1=O,IC50,270.0,nM,6.57,-9.3
CHEMBL1650877,CCCCN1CC(=O)N2[C@@H](c3ccc(Cl)cc3Cl)c3[nH]c4ccccc4c3C[C@@H]2C1=O,IC50,1110.0,nM,5.96,-5.7
CHEMBL1650878,CCCCN1CC(=O)N2[C@@H](c3ccc(Cl)cc3Cl)c3[nH]c4ccccc4c3C[C@H]2C1=O,IC50,4460.0,nM,5.35,-8.0
CHEMBL1650879,CCCCN1CC(=O)N2[C@H](c3ccc(Cl)cc3Cl)c3[nH]c4ccccc4c3C[C@H]2C1=O,IC50,290.0,nM,6.54,-6.8
CHEMBL1650880,CC(C)(C)N1CC(=O)N2[C@H](c3ccc(Cl)cc3Cl)c3[nH]c4ccccc4c3C[C@@H]2C1=O,IC50,190.0,nM,6.72,-7.4
CHEMBL1650881,CC(C)(C)N1CC(=O)N2[C@@H](c3ccc(Cl)cc3Cl)c3[nH]c4ccccc4c3C[C@@H]2C1=O,IC50,1260.0,nM,5.9,-5.8
CHEMBL1650882,CC(C)(C)N1CC(=O)N2[C@@H](c3ccc(Cl)cc3Cl)c3[nH]c4ccccc4c3C[C@H]2C1=O,IC50,1350.0,nM,5.87,-7.4
CHEMBL1650854,CC(C)(C)N1CC(=O)N2[C@H](c3ccc(Cl)cc3Cl)c3[nH]c4ccccc4c3C[C@H]2C1=O,IC50,260.0,nM,6.58,-6.4
CHEMBL1650885,CC(C)(C)N1CC(=O)N2[C@H](c3ccc(Cl)c(Cl)c3)c3[nH]c4ccccc4c3C[C@H]2C1=O,IC50,1270.0,nM,5.9,-7.9
CHEMBL1779335,CC1CC(=O)NN=C1c1c(C(C)C)nn2ccccc12,IC50,44000.0,nM,4.36,-8.9
CHEMBL1779425,CC(C)c1nn2ccccc2c1C1=NNC(=O)C[C@H]1C,IC50,21000.0,nM,4.68,-9.0
CHEMBL1779427,CC(C)c1nn2ccccc2c1C1=NNC(=O)CC1,IC50,78000.0,nM,4.11,-9.2
CHEMBL1777830,CC(C)c1nn2ccccc2c1-c1ccc(=O)[nH]n1,IC50,79000.0,nM,4.1,-8.7
CHEMBL1779440,CC(C)c1nn2ccccc2c1-c1ccc(Cl)nn1,IC50,65000.0,nM,4.19,-9.3
CHEMBL1779445,COc1ccc(-c2ccc(=O)n(Cc3ccccc3)n2)c2cc(C(C)C)nn12,IC50,6400.0,nM,5.19,-12.2
CHEMBL1779447,COc1ccc(C2=NN(Cc3ccccc3)C(=O)CC2)c2cc(C(C)C)nn12,IC50,28900.0,nM,4.54,-12.1
CHEMBL1779382,Cc1nc2c3cc(Br)ccc3nc(SCC#N)n2n1,IC50,5700.0,nM,5.24,-7.8
CHEMBL283196,O=c1cc(-c2ccccc2)oc2c1ccc1ccccc12,IC50,2303.4,nM,5.64,-11.0
CHEMBL98350,O=c1cc(N2CCOCC2)oc2c(-c3ccccc3)cccc12,IC50,9614.0,nM,5.02,-10.0
CHEMBL10,C[S+]([O-])c1ccc(-c2nc(-c3ccc(F)cc3)c(-c3ccncc3)[nH]2)cc1,IC50,11476.0,nM,4.94,-10.2
CHEMBL1915888,COc1ccc2nc(C)c3c(C)nc(-c4ccccc4C)n3c2n1,IC50,1240.0,nM,5.91,-8.3
CHEMBL1915896,COc1ccc2nc(C)c3c(C)nc(-c4cccc(C(N)=O)c4)n3c2n1,IC50,2080.0,nM,5.68,-9.5
CHEMBL1915906,COc1ccc2nc(C)c3c(C)nc(-c4sccc4C)n3c2n1,IC50,1440.0,nM,5.84,-7.8
CHEMBL1915912,COc1ccc2nc(C)c3c(C)nc(-c4sc(C)nc4C)n3c2n1,IC50,3110.0,nM,5.51,-8.2
CHEMBL1916091,COc1ccc2nc(C)c3c(C)nc(-c4cnccc4C)n3c2n1,IC50,1850.0,nM,5.73,-8.4
CHEMBL1916114,COc1cc(F)cc2c1nc(C)c1c(C)nc(-c3cccnc3C)n12,IC50,5165.0,nM,5.29,-9.1
CHEMBL1916123,COc1cc(OC)c2nc(C)c3c(C)nc(-c4cnccc4C)n3c2c1,IC50,8780.0,nM,5.06,-8.6
CHEMBL1916125,COc1cc(OC)c2nc(C)c3c(C)nc(-c4cccnc4C)n3c2c1,IC50,2050.0,nM,5.69,-8.6
CHEMBL1916290,CCCOCCn1c(=O)nc(NCCOC(C)C)c2cnc(-c3ccc(OC)nc3)cc21,IC50,0.1,nM,10.0,-8.4
CHEMBL1916489,CCCOCCn1c(=O)nc(N2CCCC(C(=O)O)C2)c2nnc(-c3ccc(OC)nc3)cc21,IC50,0.06,nM,10.22,-8.0
CHEMBL1916488,CCCOCCn1c(=O)nc(N2CCC(C(=O)O)CC2)c2nnc(-c3ccc(OC)nc3)cc21,IC50,0.01,nM,11.0,-8.6
CHEMBL1916487,CCCOCCn1c(=O)nc(N2CCC(CC(=O)O)CC2)c2nnc(-c3ccc(OC)nc3)cc21,IC50,0.04,nM,10.4,-8.7
CHEMBL1916486,CCCOCCn1c(=O)nc(NC2CCC(C(=O)O)CC2)c2nnc(-c3ccc(OC)nc3)cc21,IC50,0.02,nM,10.7,-9.4
CHEMBL1916485,CCCOCCn1c(=O)nc(N[C@@H]2CCCC[C@@H]2C(=O)O)c2nnc(-c3ccc(OC)nc3)cc21,IC50,0.02,nM,10.7,-9.4
CHEMBL1916484,CCCOCCn1c(=O)nc(N[C@@H]2CCCC[C@H]2C(=O)O)c2nnc(-c3ccc(OC)nc3)cc21,IC50,0.27,nM,9.57,-8.9
CHEMBL1916483,CCCOCCn1c(=O)nc(NC2CCCC(C(=O)O)C2)c2nnc(-c3ccc(OC)nc3)cc21,IC50,0.01,nM,11.0,-9.6
CHEMBL1916482,CCCOCCn1c(=O)nc(NC(C)(C)C(=O)O)c2nnc(-c3ccc(OC)nc3)cc21,IC50,0.05,nM,10.3,-9.1
CHEMBL1916481,CCCOCCn1c(=O)nc(N[C@H](C)C(=O)O)c2nnc(-c3ccc(OC)nc3)cc21,IC50,0.13,nM,9.89,-8.9
CHEMBL1916480,CCOCCn1c(=O)nc(NCC(=O)N(C)C)c2nnc(-c3ccc(OC)nc3)cc21,IC50,1.47,nM,8.83,-9.0
CHEMBL1916479,COc1ccc(-c2cc3c(nn2)c(NCC(=O)N(C)C)nc(=O)n3CCOCC(F)(F)F)cn1,IC50,0.38,nM,9.42,-9.5
CHEMBL1916478,CCCOCCn1c(=O)nc(NCC(=O)N(C)C)c2nnc(-c3ccc(OC)nc3)cc21,IC50,0.44,nM,9.36,-9.1
CHEMBL1916477,CCOCCn1c(=O)nc(NC2CCC(O)CC2)c2nnc(-c3ccc(OC)nc3)cc21,IC50,0.36,nM,9.44,-9.0
CHEMBL1916476,COc1ccc(-c2cc3c(nn2)c(NC2CCC(O)CC2)nc(=O)n3CCOCC(F)(F)F)cn1,IC50,0.04,nM,10.4,-8.5
CHEMBL1916475,CCCOCCn1c(=O)nc(NC2CCC(O)CC2)c2nnc(-c3ccc(OC)nc3)cc21,IC50,0.02,nM,10.7,-8.9
CHEMBL1916303,CCCOCCn1c(=O)nc(NCCC(=O)O)c2nnc(-c3ccc(OC)nc3)cc21,IC50,0.05,nM,10.3,-8.4
CHEMBL1916302,CCCOCCn1c(=O)nc(N2CCC(O)CC2)c2nnc(-c3ccc(OC)nc3)cc21,IC50,0.28,nM,9.55,-8.8
CHEMBL1916301,CCCOCCn1c(=O)nc(NCCO)c2nnc(-c3ccc(OC)nc3)cc21,IC50,0.22,nM,9.66,-8.6
CHEMBL1916300,CCCOCCn1c(=O)nc(NC2CCNCC2)c2nnc(-c3ccc(OC)nc3)cc21,IC50,1.31,nM,8.88,-9.1
CHEMBL1916298,CCCOCCn1c(=O)nc(N2CCN(CCO)CC2)c2ncc(-c3ccc(OC)nc3)cc21,IC50,1.64,nM,8.79,-8.5
CHEMBL1916297,CCCOCCn1c(=O)c(N2CCN(CCO)CC2)nc2ncc(-c3ccc(OC)nc3)cc21,IC50,0.35,nM,9.46,-9.0
CHEMBL1916296,CCCOCCn1c(=O)nc(N2CCN(CCO)CC2)c2cnc(-c3ccc(OC)nc3)cc21,IC50,1.38,nM,8.86,-8.4
CHEMBL1916295,CCCOCCn1c(=O)nc(NC2CCC(O)CC2)c2ncc(-c3ccc(OC)nc3)cc21,IC50,0.1,nM,10.0,-9.3
CHEMBL1916293,CCCOCCn1c(=O)nc(NC2CCC(O)CC2)c2cnc(-c3ccc(OC)nc3)cc21,IC50,0.05,nM,10.3,-9.1
CHEMBL1916292,CCCOCCn1c(=O)c(NC2CCC(O)CC2)nc2cnc(-c3ccc(OC)nc3)cc21,IC50,0.05,nM,10.3,-9.5
CHEMBL1916291,CCCOCCn1c(=O)nc(NCCN2CCOCC2)c2cnc(-c3ccc(OC)nc3)cc21,IC50,0.08,nM,10.1,-8.6
CHEMBL1928273,CCOc1ncc(S(=O)(=O)N2CCN(CC)CC2)cc1-c1nc2c3n(nc2c(=O)[nH]1)CCCC3,IC50,10.8,nM,7.97,-9.8
CHEMBL1939912,COc1cc(C)c2nc3[nH]nc(C)c3c(CN3CC[C@@H](O)C3)c2c1,Ki,6400.0,nM,5.19,-9.2
CHEMBL1939914,COc1cc(C)c2nc3[nH]nc(C)c3c(CN3CCOCC3)c2c1,Ki,10600.0,nM,4.97,-8.5
CHEMBL1939915,COc1cc(C)c2nc3[nH]nc(C)c3c(CN3CCOC(C)C3)c2c1,Ki,8900.0,nM,5.05,-8.5
CHEMBL1939916,COc1cc(C)c2nc3[nH]nc(C)c3c(CN3CCOC(CO)C3)c2c1,Ki,5000.0,nM,5.3,-8.6
CHEMBL1940053,COc1cc(C)c2nc3[nH]nc(C)c3c(CN3CCCOCC3)c2c1,Ki,9700.0,nM,5.01,-8.8
CHEMBL1940056,Cc1cc(O)cc2c(CN3CCCOCC3)c3c(C)n[nH]c3nc12,Ki,20800.0,nM,4.68,-8.9
CHEMBL1940057,COCCOc1cc(C)c2nc3[nH]nc(C)c3c(CN3CCCOCC3)c2c1,Ki,24400.0,nM,4.61,-8.5
CHEMBL1939803,COc1cc(C)c2nc3[nH]nc(C)c3c(NC3CCOCC3)c2c1,Ki,17324.0,nM,4.76,-8.7
CHEMBL2178115,COc1ccc(NC(=O)C(C)Nc2nc3c(cnn3-c3ccccc3Cl)c(=O)[nH]2)cc1,IC50,3300.0,nM,5.48,-10.3
CHEMBL2180954,CCOc1ccc(S(=O)(=O)N2CCN(C)CC2)cc1-c1nc(C(C)C)c(Cl)c(=O)[nH]1,IC50,12.6,nM,7.9,-9.3
CHEMBL2180951,CCOc1ccc(S(=O)(=O)N2CCN(C)CC2)cc1-c1nc(C(C)C)c(Br)c(=O)[nH]1,IC50,8.5,nM,8.07,-9.4
CHEMBL2180950,CCCOc1ccc(S(=O)(=O)N2CCN(C)CC2)cc1-c1nc(CCC)c(CC)c(=O)[nH]1,IC50,4.8,nM,8.32,-9.0
CHEMBL2180949,CCCOc1ccc(S(=O)(=O)N2CCN(C)CC2)cc1-c1nc(C)c(CC)c(=O)[nH]1,IC50,13.7,nM,7.86,-9.1
CHEMBL2180948,CCCOc1ccc(S(=O)(=O)N2CCN(C)CC2)cc1-c1nc(C(C)C)c(CC)c(=O)[nH]1,IC50,3.0,nM,8.52,-7.8
CHEMBL2180947,CCCOc1ccc(S(=O)(=O)N2CCN(C)CC2)cc1-c1nc(C(C)C)c(C)c(=O)[nH]1,IC50,4.8,nM,8.32,-8.6
CHEMBL2180946,CCCOc1ccc(S(=O)(=O)N2CCN(C)CC2)cc1-c1nc(CC)c(CCC)c(=O)[nH]1,IC50,34.3,nM,7.46,-8.9
CHEMBL2180941,CCCOc1ccc(S(=O)(=O)N2CCN(C)CC2)cc1-c1nc(C(C)C)c(Cl)c(=O)[nH]1,IC50,6.6,nM,8.18,-9.3
CHEMBL2180662,CCCOc1ccc(S(=O)(=O)N2CCN(C)CC2)cc1-c1nc(C(F)(F)F)cc(=O)[nH]1,IC50,312.0,nM,6.51,-8.7
CHEMBL2180661,CCCOc1ccc(S(=O)(=O)N2CCN(C)CC2)cc1-c1nc(-c2ccccc2)cc(=O)[nH]1,IC50,104.0,nM,6.98,-10.1
CHEMBL2180660,CCCOc1ccc(S(=O)(=O)N2CCN(C)CC2)cc1-c1nc(CC(C)C)cc(=O)[nH]1,IC50,88.0,nM,7.06,-8.6
CHEMBL2180659,CCCOc1ccc(S(=O)(=O)N2CCN(C)CC2)cc1-c1nc(C(C)C)cc(=O)[nH]1,IC50,31.5,nM,7.5,-9.3
CHEMBL2180658,CCCOc1ccc(S(=O)(=O)N2CCN(C)CC2)cc1-c1nc(CCC)cc(=O)[nH]1,IC50,65.0,nM,7.19,-8.6
CHEMBL2180657,CCCOc1ccc(S(=O)(=O)N2CCN(C)CC2)cc1-c1nc(C)cc(=O)[nH]1,IC50,71.0,nM,7.15,-8.2
CHEMBL2180656,CCCOc1ccc(S(=O)(=O)N2CCN(C)CC2)cc1-c1nc(NC(C)=O)cc(=O)[nH]1,IC50,450.0,nM,6.35,-9.2
CHEMBL2180945,CCCOc1ccc(S(=O)(=O)N2CCN(C)CC2)cc1-c1nc(CC)c(CC)c(=O)[nH]1,IC50,1.6,nM,8.8,-9.1
CHEMBL2180944,CCCOc1ccc(S(=O)(=O)N2CCN(C)CC2)cc1-c1nc(CC)c(C)c(=O)[nH]1,IC50,12.5,nM,7.9,-9.7
CHEMBL2262623,O=c1c(NCCN2CCOCC2)nc2ccc(-c3ccc(O)nc3)nc2n1CC1CCCCC1,IC50,537.03,nM,6.27,-9.6
CHEMBL2262622,O=c1c(NCC2CCOCC2)nc2ccc(-c3cnc(O)nc3)nc2n1CC1CCCCC1,IC50,2.884,nM,8.54,-10.3
CHEMBL2333224,COc1ccc(CNc2c(CO)cnc3c(N4CCOCC4)cc(C#N)cc23)cc1Cl,IC50,0.27,nM,9.57,-8.9
CHEMBL2333223,COc1ccc(CNc2c(CO)cnc3c(NC4CC4)cc(C#N)cc23)cc1Cl,IC50,0.27,nM,9.57,-8.6
CHEMBL2333222,CCNc1cc(C#N)cc2c(NCc3ccc(OC)c(Cl)c3)c(CO)cnc12,IC50,0.27,nM,9.57,-8.4
CHEMBL2333221,COc1ccc(CNc2c(CO)cnc3c(NCCN(C)C)cc(C#N)cc23)cc1Cl,IC50,0.27,nM,9.57,-8.3
CHEMBL2333220,COc1ccc(CNc2c(CO)cnc3c(N(C)C)cc(C#N)cc23)cc1Cl,IC50,0.27,nM,9.57,-8.5
CHEMBL2333219,COc1ccc(CNc2c(CO)cnc3c(C4CC4)cc(C#N)cc23)cc1Cl,IC50,0.27,nM,9.57,-8.7
CHEMBL2381188,Cc1nc(-c2cnn(C)c2-c2ccc(C(F)(F)F)cc2)c2c(N3CC(F)C3)ncnn12,IC50,26000.0,nM,4.58,-8.3
CHEMBL2414316,CCCOc1ccc(NS(C)(=O)=O)cc1-c1nc(C(C)C)c(Br)c(=O)[nH]1,IC50,1.7,nM,8.77,-9.1
CHEMBL2414315,CCCOc1ccc(C(=O)CN2CCOCC2)cc1-c1nc(C(C)C)c(Br)c(=O)[nH]1,IC50,8.8,nM,8.06,-10.2
CHEMBL2414314,CCCOc1ccc(C(=O)CN2CCN(C)CC2)cc1-c1nc(C(C)C)c(Br)c(=O)[nH]1,IC50,18.2,nM,7.74,-9.8
CHEMBL2414310,CCCOc1ccc(S(=O)(=O)N(CC)CC)cc1-c1nc(C(C)C)c(Br)c(=O)[nH]1,IC50,11.1,nM,7.96,-8.5
CHEMBL2414302,CCCOc1ccc(S(=O)(=O)N2CCN(C)CC2)cc1-c1nc(C)c(Br)c(=O)[nH]1,IC50,48.0,nM,7.32,-9.2
CHEMBL1915516,CCCOc1ccc(S(=O)(=O)N2CCN(C)CC2)cc1-c1nc(CC)cc(=O)[nH]1,Kd,1450.0,nM,5.84,-9.1
CHEMBL1915517,CCCOc1ccc(S(=O)(=O)N2CCN(C)CC2)cc1-c1nc(CC)c(F)c(=O)[nH]1,Kd,1730.0,nM,5.76,-9.2
CHEMBL1915518,CCCOc1ccc(S(=O)(=O)N2CCN(C)CC2)cc1-c1nc(CC)c(Cl)c(=O)[nH]1,Kd,767.0,nM,6.12,-9.2
CHEMBL1915519,CCCOc1ccc(S(=O)(=O)N2CCN(C)CC2)cc1-c1nc(CC)c(Br)c(=O)[nH]1,Kd,416.0,nM,6.38,-8.8
CHEMBL3262027,COc1cc(-c2cnc3c(N4CCOCC4)nccn23)cc(OC)c1OC,IC50,1000.0,nM,6.0,-8.0
CHEMBL71768,Cc1nc2c(n1Cc1ccccc1)C(=O)N(C)C1=N[C@@H]3CCC[C@@H]3N12,IC50,225.0,nM,6.65,-7.3
CHEMBL278644,Cc1nc2c([nH]1)C(=O)N(C)C1=N[C@@H]3CCC[C@@H]3N12,IC50,2400.0,nM,5.62,-8.0
CHEMBL307379,CCCc1nc2c(n1Cc1ccccc1)C(=O)N(C)C1=N[C@@H]3CCC[C@@H]3N12,IC50,510.0,nM,6.29,-7.3
CHEMBL275204,CCCc1nc2c([nH]1)N1C(=N[C@@H]3CCC[C@@H]31)N(C)C2=O,IC50,800.0,nM,6.1,-6.8
CHEMBL303385,CCCCCCc1nc2c(n1Cc1ccccc1)C(=O)N(C)C1=N[C@@H]3CCC[C@@H]3N12,IC50,800.0,nM,6.1,-7.7
CHEMBL18745,CCCCCCc1nc2c([nH]1)N1C(=N[C@@H]3CCC[C@@H]31)N(C)C2=O,IC50,10.0,nM,8.0,-7.2
CHEMBL409425,CC(C)CCc1nc2c(n1Cc1ccccc1)C(=O)N(C)C1=N[C@@H]3CCC[C@@H]3N12,IC50,560.0,nM,6.25,-7.2
CHEMBL18744,CC(C)CCc1nc2c([nH]1)N1C(=N[C@@H]3CCC[C@@H]31)N(C)C2=O,IC50,50.0,nM,7.3,-7.5
CHEMBL70471,CN1C(=O)c2c(nc(CC3CC3)n2Cc2ccccc2)N2C1=N[C@@H]1CCC[C@@H]12,IC50,420.0,nM,6.38,-6.8
CHEMBL70295,CN1C(=O)c2[nH]c(CC3CC3)nc2N2C1=N[C@@H]1CCC[C@@H]12,IC50,610.0,nM,6.21,-7.0
CHEMBL430802,CN1C(=O)c2c(nc(CC3CCCC3)n2Cc2ccccc2)N2C1=N[C@@H]1CCC[C@@H]12,IC50,275.0,nM,6.56,-7.5
CHEMBL305988,CN1C(=O)c2[nH]c(CC3CCCC3)nc2N2C1=N[C@@H]1CCC[C@@H]12,IC50,34.0,nM,7.47,-8.1
CHEMBL305989,CN1C(=O)c2c(nc(CC3CCCC3)n2Cc2ccccc2)N2CC3(CCCC3)N=C12,IC50,120.0,nM,6.92,-7.6
CHEMBL3298786,CN1C(=O)c2[nH]c(CC3CCCC3)nc2N2CC3(CCCC3)N=C12,IC50,26.0,nM,7.58,-9.4
CHEMBL303917,CN1C(=O)c2c(nc(CC3CCCCC3)n2Cc2ccccc2)N2C1=N[C@@H]1CCC[C@@H]12,IC50,590.0,nM,6.23,-7.5
CHEMBL308828,CN1C(=O)c2[nH]c(CC3CCCCC3)nc2N2C1=N[C@@H]1CCC[C@@H]12,IC50,19.0,nM,7.72,-8.2
CHEMBL70837,CN1C(=O)c2c(nc(C(F)(F)F)n2Cc2ccccc2)N2C1=N[C@@H]1CCC[C@@H]12,IC50,400.0,nM,6.4,-6.7
CHEMBL303671,CN1C(=O)c2[nH]c(C(F)(F)F)nc2N2C1=N[C@@H]1CCC[C@@H]12,IC50,6200.0,nM,5.21,-7.2
CHEMBL304161,CN1C(=O)c2c(nc(-c3ccccc3)n2Cc2ccccc2)N2CC3(CCCC3)N=C12,IC50,11.0,nM,7.96,-7.7
CHEMBL422235,CN1C(=O)c2[nH]c(-c3ccccc3)nc2N2CC3(CCCC3)N=C12,IC50,3300.0,nM,5.48,-9.3
CHEMBL305237,CN1C(=O)c2c(nc(Cc3ccccc3)n2Cc2ccccc2)N2C1=N[C@@H]1CCC[C@@H]12,IC50,180.0,nM,6.75,-7.7
CHEMBL71204,CN1C(=O)c2c(nc(Cc3ccccc3)n2Cc2ccccc2)N2CC3(CCCC3)N=C12,IC50,120.0,nM,6.92,-8.7
CHEMBL72812,CN1C(=O)c2[nH]c(Cc3ccccc3)nc2N2CC3(CCCC3)N=C12,IC50,19.0,nM,7.72,-9.9
CHEMBL304389,CN1C(=O)c2[nH]c(Cc3ccc(-c4ccccc4)cc3)nc2N2C1=N[C@@H]1CCC[C@@H]12,IC50,66.0,nM,7.18,-10.7
CHEMBL303154,CN1C(=O)c2[nH]c(Cc3ccc(-c4ccccc4)cc3)nc2N2CC3(CCCC3)N=C12,IC50,43.0,nM,7.37,-10.6
CHEMBL308199,COCc1nc2c(n1Cc1ccccc1)C(=O)N(C)C1=N[C@@H]3CCC[C@@H]3N12,IC50,1000.0,nM,6.0,-6.6
CHEMBL71300,COCc1nc2c([nH]1)N1C(=N[C@@H]3CCC[C@@H]31)N(C)C2=O,IC50,13000.0,nM,4.89,-6.4
CHEMBL69324,CN(C)Cc1nc2c(n1Cc1ccccc1)C(=O)N(C)C1=N[C@@H]3CCC[C@@H]3N12,IC50,5600.0,nM,5.25,-7.0
CHEMBL308973,CN(C)Cc1nc2c([nH]1)N1C(=N[C@@H]3CCC[C@@H]31)N(C)C2=O,IC50,7500.0,nM,5.12,-6.7
CHEMBL306426,CN1C(=O)c2c(nc(CN3CCCC3)n2Cc2ccccc2)N2C1=N[C@@H]1CCC[C@@H]12,IC50,1200.0,nM,5.92,-7.0
CHEMBL308747,CN1C(=O)c2[nH]c(CN3CCCC3)nc2N2C1=N[C@@H]1CCC[C@@H]12,IC50,16000.0,nM,4.8,-7.9
CHEMBL71874,CN1C(=O)c2c(nc(Cc3ncc[nH]3)n2Cc2ccccc2)N2C1=N[C@@H]1CCC[C@@H]12,IC50,1500.0,nM,5.82,-6.8
CHEMBL70951,CN1C(=O)c2[nH]c(Cc3ncc[nH]3)nc2N2C1=N[C@@H]1CCC[C@@H]12,IC50,26000.0,nM,4.58,-7.5
CHEMBL305618,CN1C(=O)c2c(nc(C#Cc3ccccc3)n2Cc2ccccc2)N2C1=N[C@@H]1CCC[C@@H]12,IC50,4.0,nM,8.4,-7.7
CHEMBL303920,CN1C(=O)c2[nH]c(C#Cc3ccccc3)nc2N2C1=N[C@@H]1CCC[C@@H]12,IC50,6000.0,nM,5.22,-8.7
CHEMBL68706,CN1C(=O)c2c(nc(Cc3ccccc3)n2C)N2CC3(CCCC3)N=C12,IC50,4500.0,nM,5.35,-10.4
CHEMBL306666,CN1C(=O)c2c(nc(Cc3ccccc3)n2CC2CCCCC2)N2C1=N[C@@H]1CCC[C@@H]12,IC50,110.0,nM,6.96,-7.9
CHEMBL306417,CN1C(=O)c2c(nc(Cc3ccccc3)n2CCO)N2C1=N[C@@H]1CCC[C@@H]12,IC50,10000.0,nM,5.0,-7.0
CHEMBL307640,CN1C(=O)c2c(nc(Cc3ccccc3)n2Cc2cccc(O)c2O)N2C1=N[C@@H]1CCC[C@@H]12,IC50,200.0,nM,6.7,-8.5
CHEMBL71824,CN1C(=O)c2c(nc(Cc3ccccc3)n2Cc2cccnc2)N2C1=N[C@@H]1CCC[C@@H]12,IC50,4300.0,nM,5.37,-7.3
CHEMBL303010,CN1C(=O)c2c(nc(Cc3ccccc3)n2Cc2ncc[nH]2)N2C1=N[C@@H]1CCC[C@@H]12,IC50,4000.0,nM,5.4,-6.9
CHEMBL307232,Cc1nc2c(n1Cc1ccccc1)N1CC3(CCCC3)N=C1N(C)C2=O,IC50,2900.0,nM,5.54,-9.1
CHEMBL431772,CCN1C(=O)c2[nH]c(C)nc2N2C1=N[C@@H]1CCC[C@@H]12,IC50,100.0,nM,7.0,-6.9
CHEMBL419447,Cc1nc2c([nH]1)C(=O)N(C(C)C)C1=N[C@@H]3CCC[C@@H]3N12,IC50,240.0,nM,6.62,-5.6
CHEMBL3360170,CCn1c(Nc2ccncc2F)nc2c(C3CCCN(C(=O)OC)C3)csc2c1=O,IC50,520.0,nM,6.28,-7.7
CHEMBL3360172,CCn1c(Nc2ccncc2F)nc2c(C3CCCN(C(=O)C4(C#N)CC4)C3)csc2c1=O,IC50,2900.0,nM,5.54,-5.8
CHEMBL3360412,COc1ccc(NC(=O)[C@@H](C)Nc2nc3c(cnn3-c3ccccc3Cl)c(=O)[nH]2)cc1,IC50,141.0,nM,6.85,-12.0
CHEMBL3360413,COc1ccc(NC(=O)[C@H](C)Nc2nc3c(cnn3-c3ccccc3Cl)c(=O)[nH]2)cc1,IC50,3300.0,nM,5.48,-11.2
CHEMBL3360415,COc1ccc(NC(=O)[C@@H](C)Nc2nc3c(cnn3C3CCCC3)c(=O)[nH]2)cc1,IC50,90.6,nM,7.04,-11.7
CHEMBL3360416,COc1ccc(NC(=O)[C@H](C)Nc2nc3c(cnn3C3CCCC3)c(=O)[nH]2)cc1,IC50,417.0,nM,6.38,-12.1
CHEMBL3401745,CCCc1nn(C)c2c(=O)[nH]c(-c3cc(S(=O)(=O)NCCCCCCO)ccc3OCC)nc12,IC50,1.5,nM,8.82,-9.5
CHEMBL3401746,CCCc1nn(C)c2c(=O)[nH]c(-c3cc(S(=O)(=O)NCCCCCO)ccc3OCC)nc12,IC50,1.7,nM,8.77,-9.2
CHEMBL3401747,CCCc1nn(C)c2c(=O)[nH]c(-c3cc(S(=O)(=O)NCCCCO)ccc3OCC)nc12,IC50,1.9,nM,8.72,-9.1
CHEMBL3401748,CCCc1nn(C)c2c(=O)[nH]c(-c3cc(S(=O)(=O)NCCCO)ccc3OCC)nc12,IC50,3.4,nM,8.47,-8.8
CHEMBL3401749,CCCCCCCNS(=O)(=O)c1ccc(OCC)c(-c2nc3c(CCC)nn(C)c3c(=O)[nH]2)c1,IC50,3.9,nM,8.41,-9.6
CHEMBL3401750,CCCCCCNS(=O)(=O)c1ccc(OCC)c(-c2nc3c(CCC)nn(C)c3c(=O)[nH]2)c1,IC50,12.0,nM,7.92,-9.8
CHEMBL3401751,CCCc1nn(C)c2c(=O)[nH]c(-c3cc(S(=O)(=O)NCCN(CC)CC)ccc3OCC)nc12,IC50,32.0,nM,7.5,-9.5
CHEMBL3401752,CCCc1nn(C)c2c(=O)[nH]c(-c3cc(S(=O)(=O)NCCCN(C)C)ccc3OCC)nc12,IC50,14.0,nM,7.85,-9.1
CHEMBL3403372,CCn1c(NC(C)C)nc2c(C3CCN(C(=O)c4ccccn4)C3)csc2c1=O,IC50,3000.0,nM,5.52,-9.8
CHEMBL3403373,CCn1c(NC(C)C)nc2c(C3CCN(C(=O)c4ncccc4C)C3)csc2c1=O,IC50,3100.0,nM,5.51,-9.9
CHEMBL3403346,CCn1c(NC(C)C)nc2c(C3CCN(C(=O)c4cccc(C)n4)C3)csc2c1=O,IC50,2300.0,nM,5.64,-9.6
CHEMBL3741950,COc1cc(Br)cc2c1nc(C)c1c(C)nc(-c3cccnc3F)n12,IC50,606.0,nM,6.22,-8.3
CHEMBL3742354,COc1cc(-c2cccnc2)cc2c1nc(C)c1c(C)nc(-c3cccnc3)n12,IC50,232.0,nM,6.63,-8.8
CHEMBL3741781,COc1cc(-c2ccc(F)nc2)cc2c1nc(C)c1c(C)nc(-c3ccncc3)n12,IC50,201.0,nM,6.7,-9.0
CHEMBL3739783,COc1cc(-c2ccc(F)nc2)cc2c1nc(C)c1c(C)nc(-c3cccnc3)n12,IC50,279.0,nM,6.55,-9.2
CHEMBL3741207,COc1cc(-c2ccncc2)cc2c1nc(C)c1c(C)nc(-c3ccc(F)nc3)n12,IC50,195.0,nM,6.71,-9.2
CHEMBL3741492,COc1cc(-c2cccnc2)cc2c1nc(C)c1c(C)nc(-c3ccc(F)nc3)n12,IC50,228.0,nM,6.64,-9.3
CHEMBL3741573,COc1cc(-c2cccnc2)cc2c1nc(C)c1c(C)nc(-c3cccnc3F)n12,IC50,91.6,nM,7.04,-9.2
CHEMBL3770107,CN1C(=O)c2c(nn(Cc3ccc(C(F)(F)F)nc3)c2Nc2ccccc2)N2C1=N[C@@H]1CCC[C@@H]12,Ki,1200.0,nM,5.92,-7.0
CHEMBL3769461,CN1C(=O)c2c(nn(Cc3ccc(C(F)(F)F)cc3)c2Nc2ccccc2)N2C1=N[C@@H]1CCC[C@@H]12,Ki,590.0,nM,6.23,-7.5
CHEMBL3769817,CN1C(=O)c2c(nn(Cc3ccc(-c4ccccn4)cc3)c2Nc2ccccc2)N2C1=N[C@@H]1CCC[C@@H]12,Ki,600.0,nM,6.22,-8.8
CHEMBL3770899,COc1ccc(CNc2nc(N3CCC[C@H]3CO)ncc2C(=O)Nc2ncccn2)cc1Cl,IC50,5.2,nM,8.28,-9.2
CHEMBL3897643,CCCc1nn(C)c2c(=O)[nH]c(-c3cc(NCCC(=O)NO)ccc3OCC)nc12,IC50,44.0,nM,7.36,-9.6
CHEMBL3898715,CCCc1nn(C)c2c(=O)[nH]c(-c3cc(NC4CCC(C(=O)NO)CC4)ccc3OCC)nc12,IC50,22.0,nM,7.66,-10.5
CHEMBL3950140,CCCc1nn(C)c2c(=O)[nH]c(-c3cc(N4CCC(CC(=O)NO)CC4)ccc3OCC)nc12,IC50,65.0,nM,7.19,-10.0
CHEMBL3962991,CCCc1nn(C)c2c(=O)[nH]c(-c3cc(N4CCC(CCC(=O)NO)CC4)ccc3OCC)nc12,IC50,24.0,nM,7.62,-10.0
CHEMBL3945565,CCOc1ccc(OC2CCC(C(=O)NO)CC2)cc1-c1nc2c(CC)nn(C)c2c(=O)[nH]1,IC50,11.0,nM,7.96,-10.9
CHEMBL3974954,CCOc1ccc(Oc2ccc(C(=O)NO)cc2)cc1-c1nc2c(CC)nn(C)c2c(=O)[nH]1,IC50,23.0,nM,7.64,-10.8
CHEMBL3966438,CCOc1ccc(C(=O)NO)cc1-c1nc2c(CC)nn(C)c2c(=O)[nH]1,IC50,5.0,nM,8.3,-9.7
CHEMBL3927691,CCOc1ccc(CC(=O)NO)cc1-c1nc2c(CC)nn(C)c2c(=O)[nH]1,IC50,19.0,nM,7.72,-9.6
CHEMBL3955306,CCOc1ccc(CCC(=O)NO)cc1-c1nc2c(CC)nn(C)c2c(=O)[nH]1,IC50,46.0,nM,7.34,-10.1
CHEMBL3932796,CCOc1ccc(Cc2ccc(CCC(=O)NO)cc2)cc1-c1nc2c(CC)nn(C)c2c(=O)[nH]1,IC50,13.0,nM,7.89,-11.9
CHEMBL3904785,CCOc1ccc(Cc2ccc(/C=C/C(=O)NO)cc2)cc1-c1nc2c(CC)nn(C)c2c(=O)[nH]1,IC50,122.0,nM,6.91,-10.2
CHEMBL3890386,CCOc1ccc(CC2CCN(CCC(=O)NO)CC2)cc1-c1nc2c(CC)nn(C)c2c(=O)[nH]1,IC50,57.0,nM,7.24,-11.2
CHEMBL3976546,CCOc1ccc(CC2CCC(CC(=O)NO)CC2)cc1-c1nc2c(CC)nn(C)c2c(=O)[nH]1,IC50,38.0,nM,7.42,-11.9
CHEMBL3970271,CCOc1ccc(C[C@H]2CC[C@H](C(=O)NO)CC2)cc1-c1nc2c(CC)nn(C)c2c(=O)[nH]1,IC50,13.0,nM,7.89,-11.5
CHEMBL3940720,CCOc1ccc(C[C@H]2CC[C@@H](C(=O)NO)CC2)cc1-c1nc2c(CC)nn(C)c2c(=O)[nH]1,IC50,22.0,nM,7.66,-11.4
CHEMBL3944571,CCOc1ccc(CC2CCC(C(=O)NO)C2)cc1-c1nc2c(CC)nn(C)c2c(=O)[nH]1,IC50,165.0,nM,6.78,-11.3
CHEMBL3900593,CCOc1ccc(CC2CC(C(=O)NO)C2)cc1-c1nc2c(CC)nn(C)c2c(=O)[nH]1,IC50,60.0,nM,7.22,-10.7
CHEMBL3955253,CCOc1ccc(C[C@H]2C[C@@H](C(=O)NO)C2)cc1-c1nc2c(CC)nn(C)c2c(=O)[nH]1,IC50,34.0,nM,7.47,-11.4
CHEMBL3982024,CCOc1ccc(C[C@H]2C[C@H](C(=O)NO)C2)cc1-c1nc2c(CC)nn(C)c2c(=O)[nH]1,IC50,45.0,nM,7.35,-10.8
CHEMBL3962031,CCOc1ccc(CC2CC2C(=O)NO)cc1-c1nc2c(CC)nn(C)c2c(=O)[nH]1,IC50,39.0,nM,7.41,-10.8
CHEMBL3893017,CCOc1ccc(CN2CCC(C(=O)NO)CC2)cc1-c1nc2c(CC)nn(C)c2c(=O)[nH]1,IC50,207.0,nM,6.68,-10.6
CHEMBL3973027,CCOc1ccc(CN2CC(C(=O)NO)C2)cc1-c1nc2c(CC)nn(C)c2c(=O)[nH]1,IC50,303.0,nM,6.52,-10.5
CHEMBL3901988,CCOc1ccc(C2CC(C(=O)NO)C2)cc1-c1nc2c(CC)nn(C)c2c(=O)[nH]1,IC50,17.0,nM,7.77,-10.1
CHEMBL3908767,CCOc1ccc(C2CC2C(=O)NO)cc1-c1nc2c(CC)nn(C)c2c(=O)[nH]1,IC50,20.0,nM,7.7,-9.5
CHEMBL3936720,CCOc1ccc(C2CCC(CC(=O)NO)CC2)cc1-c1nc2c(CC)nn(C)c2c(=O)[nH]1,IC50,70.0,nM,7.16,-10.2
CHEMBL3984639,CCOc1ccc(-c2ccc(C(=O)NO)cn2)cc1-c1nc2c(CC)nn(C)c2c(=O)[nH]1,IC50,4.0,nM,8.4,-10.3
CHEMBL3956031,CCOc1ccc(-c2ccc(C(=O)NO)nc2)cc1-c1nc2c(CC)nn(C)c2c(=O)[nH]1,IC50,4.0,nM,8.4,-9.9
CHEMBL3895860,CCOc1ccc(-c2ccc(C(=O)NO)o2)cc1-c1nc2c(CC)nn(C)c2c(=O)[nH]1,IC50,5.0,nM,8.3,-11.1
CHEMBL3676168,CC(C)c1ncc2c(=O)[nH]c3cc(Cl)ccc3n12,IC50,1259.0,nM,5.9,-8.2
CHEMBL3676173,O=C(c1cc2[nH]c(=O)c3cnc(C4CCCCC4)n3c2cc1Cl)N1CCN(CCO)CC1,IC50,7544.0,nM,5.12,-9.1
CHEMBL3676174,O=C(O)CCc1ncc2c(=O)[nH]c3cc(Br)ccc3n12,IC50,2814.0,nM,5.55,-9.0
CHEMBL3676176,O=C(O)CCc1ncc2c(=O)[nH]c3cc(C(F)(F)F)ccc3n12,IC50,6371.0,nM,5.2,-9.8
CHEMBL3676177,O=C(O)/C=C/c1ccc2c(=O)[nH]c3cc(C(F)(F)F)ccc3n12,IC50,4561.0,nM,5.34,-10.3
CHEMBL512790,CC(C)c1n[nH]c2c(=O)[nH]c(Cc3cccc(Cl)c3)nc12,IC50,1337.0,nM,5.87,-10.8
CHEMBL3654361,COc1ccc(COc2nc(N3CC4CC4C3)ncc2C(=O)NCc2ccccc2)cc1Cl,IC50,0.1721,nM,9.76,-9.3
CHEMBL3654365,COc1ccc(COc2nc(N3CC4CC4C3)ncc2C(=O)NCc2ccc(F)cc2)cc1Cl,IC50,0.075,nM,10.12,-9.2
CHEMBL3654362,COc1ccc(COc2nc(N3CC4CC4C3)ncc2C(=O)NCc2ncccn2)cc1Cl,IC50,0.1,nM,10.0,-8.8
CHEMBL3654363,COc1ccc(COc2nc(N3CC4CC4C3)ncc2C(=O)NCc2ccccn2)cc1Cl,IC50,0.028,nM,10.55,-10.5
CHEMBL3639532,COc1ccc(COc2nc(N3C4CCC3COC4)ncc2C(=O)NCc2ccccc2)cc1Cl,IC50,4.013,nM,8.4,-9.8
CHEMBL3654366,COc1ccc(COc2nc(N3CC4CC4C3)ncc2C(=O)N[C@H]2CC[C@H](O)CC2)cc1Cl,IC50,0.7389,nM,9.13,-10.1
CHEMBL3654367,COc1ccc(COc2nc(N3CCC4(CC3)CC4)ncc2C(=O)NCc2ncccn2)cc1Cl,IC50,0.4765,nM,9.32,-9.5
CHEMBL3654364,COc1ccc(COc2nc(N3CC4CC4C3)ncc2C(=O)NCc2cnc(C)cn2)cc1Cl,IC50,0.5287,nM,9.28,-8.7
CHEMBL3654368,COc1ccc(COc2nc(N3CCC4(CC3)CC4)ncc2C(=O)NCc2ccccn2)cc1Cl,IC50,0.1858,nM,9.73,-10.0
CHEMBL3654372,COc1ccc(COc2nc(N3CC4CC4C3)ncc2C(=O)NCCN2CCOCC2)cc1Cl,IC50,0.2127,nM,9.67,-8.9
CHEMBL3654373,COc1ccc(COc2nc(N3CCCC34CC4)ncc2C(=O)NCc2ccccc2)cc1Cl,IC50,1.976,nM,8.7,-11.1
CHEMBL3654374,COc1ccc(COc2nc(N3CCC4(CC4)C3)ncc2C(=O)NCc2ccccc2)cc1Cl,IC50,0.1188,nM,9.93,-9.4
CHEMBL3654375,COc1ccc(COc2nc(N3CCC4(CC4)C3)ncc2C(=O)NCc2ccc(F)cc2)cc1Cl,IC50,2.077,nM,8.68,-9.2
CHEMBL3654376,COc1ccc(COc2nc(N3CCC4(CC4)C3)ncc2C(=O)NCc2ncccn2)cc1Cl,IC50,1.44,nM,8.84,-9.4
CHEMBL3654377,COc1ccc(COc2nc(N3CCC4(CC4)C3)ncc2C(=O)N[C@H]2CC[C@H](O)CC2)cc1Cl,IC50,4.079,nM,8.39,-10.6
CHEMBL3703682,CC1(C)C(=O)Nc2nc(-n3nc(Cc4c(F)ccc(F)c4F)c4cc(Cl)ccc43)ncc21,IC50,3700.0,nM,5.43,-8.4
CHEMBL3703684,CC1(C)C(=O)Nc2nc(-n3nc(Cc4ccccc4F)c4ccccc43)ncc21,IC50,440.0,nM,6.36,-10.5
CHEMBL3703686,CC1(C)C(=O)Nc2nc(-n3nc(Cc4ccccc4F)c4cc(F)ccc43)ncc21,IC50,400.0,nM,6.4,-10.8
CHEMBL3703687,CC1(C)C(=O)Nc2nc(-n3nc(Cc4ccccc4F)c4ncc(F)cc43)nnc21,IC50,85.0,nM,7.07,-9.0
CHEMBL3703689,CC1(C)C(=O)Nc2nc(-c3nn(Cc4ccccc4F)c4c3CCC4)ncc21,IC50,4000.0,nM,5.4,-10.9
CHEMBL3703690,CC1(C)C(=O)Nc2nc(-c3nn(Cc4ccccc4F)c4c3CCC4)nnc21,IC50,3500.0,nM,5.46,-10.9
CHEMBL3703691,Cc1ncc2c(-c3ncc4c(n3)NC(=O)C4(C)C)nn(Cc3ccccc3F)c2n1,IC50,310.0,nM,6.51,-10.5
CHEMBL3703692,Cc1ncc2c(-c3nnc4c(n3)NC(=O)C4(C)C)nn(Cc3ccccc3F)c2n1,IC50,64.0,nM,7.19,-10.2
CHEMBL3703693,Cc1ncc2c(-c3ncc4c(n3)NC(=O)C4(C)C)nn(Cc3cccc(F)c3F)c2n1,IC50,230.0,nM,6.64,-10.6
CHEMBL3703694,Cc1ncc2c(-c3nnc4c(n3)NC(=O)C4(C)C)nn(Cc3cccc(F)c3F)c2n1,IC50,16.0,nM,7.8,-10.7
CHEMBL3703695,CC1(C)C(=O)Nc2nc(-c3nn(Cc4ccccc4F)c4ncncc34)nnc21,IC50,370.0,nM,6.43,-10.4
CHEMBL3703696,CC1(C)C(=O)Nc2nc(-n3nc(Cc4ccccc4F)c4cc(F)ccc43)nnc21,IC50,75.0,nM,7.12,-8.5
CHEMBL3703697,CC1(C)C(=O)Nc2nc(-n3nc(CCC(F)(F)C(F)(F)F)c4cc(F)ccc43)nnc21,IC50,530.0,nM,6.28,-10.8
CHEMBL3703698,CCc1nc(-n2nc(Cc3ccccc3F)c3cc(F)ccc32)nc2c1C(C)(C)C(=O)N2,IC50,440.0,nM,6.36,-8.9
CHEMBL3703699,CC1(C)C(=O)Nc2nc(-c3nn(Cc4ccccc4F)c4cc(Cl)ccc34)nnc21,IC50,25.0,nM,7.6,-10.3
CHEMBL3703700,CC1(C)C(=O)Nc2nc(-c3nn(Cc4ncccc4F)c4cc(Cl)ccc34)nnc21,IC50,160.0,nM,6.8,-10.2
CHEMBL3703701,CC1(C)C(=O)Nc2nc(-c3nn(CCC(F)(F)C(F)(F)F)c4cc(Cl)ccc34)nnc21,IC50,95.0,nM,7.02,-9.9
CHEMBL3703702,Cc1nc(-n2nc(Cc3ccccc3F)c3cc(F)ccc32)nc2c1C(C)(C)C(=O)N2,IC50,340.0,nM,6.47,-9.0
CHEMBL3703703,CCCc1nc(-n2nc(Cc3ccccc3F)c3ccccc32)nc2c1C(C)(C)C(=O)N2,IC50,450.0,nM,6.35,-8.6
CHEMBL3920831,COc1ccc(CNc2nc(N3CC4CC4C3)ncc2C(=O)NCc2ncccn2)cc1Cl,IC50,6.04,nM,8.22,-9.0
CHEMBL3950484,COc1ccc(CNc2nc(N3CC4CC4C3)ncc2C(=O)NCc2ccccn2)cc1Cl,IC50,2.12,nM,8.67,-9.4
CHEMBL3964896,COc1ccc(CNc2nc(N3CC4CC4C3)ncc2C(=O)NCc2ccccc2)cc1Cl,IC50,0.91,nM,9.04,-9.0
CHEMBL3971214,COc1ccc(CNc2nc(N3CC4CC4C3)ncc2C(=O)NCc2cnc(C)cn2)cc1Cl,IC50,4.63,nM,8.33,-9.0
CHEMBL3941629,COc1ccc(CNc2nc(N3CC4CC4C3)ncc2C(=O)NCc2ccc(F)cc2)cc1Cl,IC50,17.4,nM,7.76,-9.1
CHEMBL3896525,COc1ccc(CNc2nc(N3CC4CC4C3)ncc2C(=O)NCCN2CCOCC2)cc1Cl,IC50,4.25,nM,8.37,-8.6
CHEMBL3930444,COc1ccc(CNc2nc(N3CC4CC4C3)ncc2C(=O)N[C@H]2CCCCNC2=O)cc1Cl,IC50,13.2,nM,7.88,-9.2
CHEMBL3954550,COc1ccc(CNc2nc(N3CC4CC4C3)ncc2C(=O)NC2CCCCCC2)cc1Cl,IC50,23.2,nM,7.63,-9.0
CHEMBL3917964,COc1ccc(CNc2nc(N3CC4CC4C3)ncc2C(=O)N[C@H]2CC[C@H](O)CC2)cc1Cl,IC50,0.41,nM,9.39,-9.6
CHEMBL3909034,COc1ccc(CNc2nc(N3CCC4(CC3)CC4)ncc2C(=O)NCc2ncccn2)cc1Cl,IC50,26.76,nM,7.57,-9.4
CHEMBL3903498,COc1ccc(CNc2nc(N3CCC4(CC4)C3)ncc2C(=O)NCc2ccccc2)cc1Cl,IC50,17.31,nM,7.76,-9.5
CHEMBL3931479,COc1ncc(CNc2nc(N3CC4CC4C3)ncc2C(=O)NCc2ncccn2)cc1Cl,IC50,47.01,nM,7.33,-8.8
CHEMBL3938226,COc1ccc(CNc2nc(N3CC4CC4C3CO)ncc2C(=O)NCc2ncccn2)cc1Cl,IC50,10.39,nM,7.98,-8.9
CHEMBL3978505,COc1ccc(CNc2nc(N3CC4CC4C3CO)ncc2C(=O)NCc2ccccc2)cc1Cl,IC50,4.63,nM,8.33,-9.1
CHEMBL3892367,COc1ccc(CNc2nc(N3CC4CC4C3CO)ncc2C(=O)NCc2ccccn2)cc1Cl,IC50,33.33,nM,7.48,-8.8
CHEMBL3940648,COc1ccc(CNc2nc(N3CCC4(CC4)C3)ncc2C(=O)NCc2ccccn2)cc1Cl,IC50,11.88,nM,7.92,-9.0
CHEMBL3978000,COc1ccc(CNc2nc(N3CCC4(CC4)C3)ncc2C(=O)NCc2ncccn2)cc1Cl,IC50,22.91,nM,7.64,-9.1
CHEMBL3934370,COc1ccc(CNc2nc(N3CCC4(CC4)C3)ncc2C(=O)N[C@H]2CC[C@@H](O)CC2)cc1Cl,IC50,15.4,nM,7.81,-9.6
CHEMBL1963681,COc1ccc(CNc2nc(N3CCC[C@H]3CO)ncc2C(=O)NCc2ncccn2)cc1Cl,Ki,5.0,nM,8.3,-9.0
CHEMBL3935122,COc1ccc(CNc2nc(N3CCC4(CC4)C3)ncc2C(=O)N[C@H]2CC[C@H](O)CC2)cc1Cl,IC50,0.8,nM,9.1,-10.2
CHEMBL3893749,COc1ccc(CNc2nc(N3CC4CC4C3)ncc2C(=O)N[C@H]2CC[C@H](O)CC2)cc1F,IC50,7.99,nM,8.1,-9.5
CHEMBL3951618,COc1ccc(CNc2nc(N3CC4CC4C3)ncc2C(=O)N[C@H]2CC[C@H](O)CC2)cc1C,IC50,7.72,nM,8.11,-10.8
CHEMBL3918044,COc1ccc(C2CC(C(C)(C)C)=NN2c2ccc(C(=O)O)cc2)cc1,IC50,2020.0,nM,5.7,-7.5
CHEMBL3914590,CC(C)(C)C1=NN(c2ccc(C(=O)O)cc2)C(c2ccc([N+](=O)[O-])cc2)C1,IC50,5700.0,nM,5.24,-7.4
CHEMBL3937157,CC(C)C1=NN(c2ccc(C(=O)O)cc2)C(c2cccc([N+](=O)[O-])c2)C1,IC50,3200.0,nM,5.5,-8.6
CHEMBL3909240,COc1cc(C(=O)O)ccc1C1CC(C(C)(C)C)=NN1c1ccc(C(=O)O)cc1,IC50,23500.0,nM,4.63,-7.2
CHEMBL3323320,CC(C)(C)C1=NN(c2ccc(C(=O)O)cc2)C(c2ccc(O)cc2)C1,IC50,2100.0,nM,5.68,-8.1
CHEMBL3979746,COc1ccc(C2CC(c3ccccc3)=NN2c2ccc(C(=O)O)cc2)cc1,IC50,1200.0,nM,5.92,-8.9
CHEMBL3927064,COc1ccc(C2CC(c3ccccc3OC)=NN2c2ccc(C(=O)O)cc2)cc1,IC50,3200.0,nM,5.5,-8.2
CHEMBL3912685,COc1ccc(C2CC(c3cccc(OC)c3)=NN2c2ccc(C(=O)O)cc2)cc1,IC50,1800.0,nM,5.75,-9.1
CHEMBL3926786,COc1ccc(C2CC(c3ccc(OC)c(OC)c3)=NN2c2ccc(C(=O)O)cc2)cc1,IC50,6900.0,nM,5.16,-8.2
CHEMBL1370630,COc1ccc(C2CC(c3ccccc3)=NN2c2ccc(S(N)(=O)=O)cc2)cc1,IC50,3800.0,nM,5.42,-9.0
CHEMBL3906921,CC(C)(C)C1=NN(c2ccc(C(=O)O)cc2)C(c2ccccc2F)C1,IC50,3300.0,nM,5.48,-9.1
CHEMBL3963234,CC(C)(C)C1=NN(c2ccc(C(=O)O)cc2)C(c2cccc(F)c2)C1,IC50,2700.0,nM,5.57,-9.3
CHEMBL3918115,CC(C)(C)C1=NN(c2ccc(C(=O)O)cc2)C(c2ccccc2)C1,IC50,6220.0,nM,5.21,-9.2
CHEMBL3921118,CC(C)(C)C1=NN(c2ccc(S(=O)(=O)O)cc2)C(c2ccc(F)cc2)C1,IC50,3300.0,nM,5.48,-8.0
CHEMBL3963184,CC(C)(C)C1=NN(c2ccc(S(=O)(=O)O)cc2)C(c2ccc(Cl)cc2)C1,IC50,7200.0,nM,5.14,-8.0
CHEMBL3954425,COc1ccc(C2CC(c3ccc(F)cc3)=NN2c2ccc(C(=O)O)cc2)cc1,IC50,3100.0,nM,5.51,-9.5
CHEMBL118,Cc1ccc(-c2cc(C(F)(F)F)nn2-c2ccc(S(N)(=O)=O)cc2)cc1,IC50,36000.0,nM,4.44,-9.7
CHEMBL1628659,CN1C(=O)c2[nH]c(Cc3ccc(C(F)(F)F)cc3)nc2N2C1=N[C@@H]1CCC[C@@H]12,IC50,60.0,nM,7.22,-10.3
CHEMBL1463540,O=c1n(Cc2ccc(Cl)cc2)c2sc3c(c2c2ncnn12)CCCC3,IC50,370.0,nM,6.43,-9.2
CHEMBL4067682,COc1ccc(Cn2c(=O)n3ncnc3c3c4c(sc32)CN(CC2CCOCC2)CC4)c(F)c1,IC50,260.0,nM,6.58,-10.5
CHEMBL4099219,O=c1c2ccccc2oc2c(Cc3ccc4c(c3)OCO4)[nH]c(-c3nccs3)c12,IC50,5.6,nM,8.25,-10.9
CHEMBL4059555,O=c1c2ccccc2oc2c(Cc3ccc(O)cc3)[nH]c(-c3nccs3)c12,IC50,5.4,nM,8.27,-10.5
CHEMBL4065489,O=c1c2ccccc2oc2c(Cc3ccc(O)cc3)[nH]c(-c3cccnc3)c12,IC50,77.0,nM,7.11,-10.5
CHEMBL4084753,O=c1c2ccccc2oc2c(Cc3ccc(O)cc3)[nH]c(-c3ccncn3)c12,IC50,56.0,nM,7.25,-10.8
CHEMBL4099081,O=c1c2ccccc2oc2c(Cc3ccc(O)cc3)[nH]c(-c3ccccn3)c12,IC50,21.0,nM,7.68,-11.1
CHEMBL4069398,COC(=O)c1[nH]c(Cc2ccc(O)cc2)c2oc3ccccc3c(=O)c12,IC50,31.0,nM,7.51,-9.9
CHEMBL4070894,COc1ccc(CNc2c3c(nc4ccc(C#N)cc24)CCN(C)C3)cc1Cl,IC50,0.59,nM,9.23,-9.7
CHEMBL4083986,CCN1CCc2nc3ccc(C#N)cc3c(NCc3ccc(OC)c(Cl)c3)c2C1,IC50,0.19,nM,9.72,-9.4
CHEMBL4062273,COc1ccc(CNc2c3c(nc4ccc(C#N)cc24)CCN(C(C)=O)C3)cc1Cl,IC50,0.044,nM,10.36,-8.7
CHEMBL4100445,CC(=O)N1CCc2nc3ccc(C#N)cc3c(NCc3ccnc(Cl)c3)c2C1,IC50,57.0,nM,7.24,-9.6
CHEMBL4065036,CC(=O)N1CCc2nc3ccc(C#N)cc3c(NCc3ccc(F)c(Cl)c3)c2C1,IC50,1.5,nM,8.82,-9.5
CHEMBL4092717,COc1c(F)cc(CNc2c3c(nc4ccc(C#N)cc24)CCN(C(C)=O)C3)cc1Cl,IC50,0.32,nM,9.49,-9.3
CHEMBL4102913,COc1ccc(CNc2c3c(nc4ccc(C#N)cc24)CCNC3)cc1Cl,IC50,1.55,nM,8.81,-9.4
CHEMBL4084966,COc1ccc(CNc2c3c(nc4ccc(C)cc24)CCN(C(C)=O)C3)cc1Cl,IC50,110.0,nM,6.96,-9.1
CHEMBL4061516,COc1ccc2nc3c(c(NCc4ccc(OC)c(Cl)c4)c2c1)CN(C(C)=O)CC3,IC50,45.2,nM,7.34,-9.0
CHEMBL4072903,CCN1Cc2nc3ccc(C#N)cc3c(NCc3ccc(OC)c(Cl)c3)c2C1=O,IC50,0.059,nM,10.23,-9.2
CHEMBL4092040,CCN1Cc2nc3ccc(OC)cc3c(NCc3ccc(OC)c(Cl)c3)c2C1=O,IC50,3.8,nM,8.42,-9.1
CHEMBL4084285,CCN1Cc2nc3ccccc3c(NCc3ccc(OC)c(Cl)c3)c2C1=O,IC50,64.0,nM,7.19,-9.9
CHEMBL3769434,CCCc1nn(C)c2c(=O)nc(-c3cc(S(=O)(=O)N4CCN(CC)CC4)ccc3OCC)[nH]c12,IC50,8.9,nM,8.05,-8.1
CHEMBL4064344,CCC(NC(=O)N1CC(=O)Nc2cccnc21)c1ccc(OC(F)(F)F)cc1,IC50,9800.0,nM,5.01,-9.9
CHEMBL4100407,Cc1ccc2c(c1)C(=O)C(=O)N2C(=O)N(C)C,IC50,100000.0,nM,4.0,-8.0
CHEMBL4085450,O=C1C(=O)N(C(=O)c2ccccc2)c2ccc(CN3CCCCC3)cc21,IC50,50000.0,nM,4.3,-10.6
CHEMBL4094543,Cc1ccc2c(c1)CC(=O)N2C(=O)c1ccccc1,IC50,91200.0,nM,4.04,-9.1
CHEMBL4067881,O=C(O)CCC(=O)NCc1ccc2c(c1)CC(=O)N2C(=O)c1ccccc1,IC50,17600.0,nM,4.75,-10.3
CHEMBL4062800,COc1ccc(NCc2ccc3c(c2)C(=O)C(=O)N3C(=O)c2ccccc2)cc1,IC50,100000.0,nM,4.0,-11.4
CHEMBL4128481,COc1ccc2c(N[C@@H](C)Cc3cc(C)[nH]n3)ncnc2c1OC,IC50,54.3,nM,7.26,-9.6
CHEMBL4127641,COc1ccc2c(NC(C)Cc3cc(C)[nH]n3)ncnc2c1OC,IC50,30300.0,nM,4.52,-9.7
CHEMBL4062397,Cc1nn2c(-c3c(C)nn(C)c3-c3ccc(C(F)(F)F)cc3)nc(CO)c2c(=O)[nH]1,IC50,2439.0,nM,5.61,-9.1
CHEMBL4212486,COCCNc1nc(Nc2ccc(C)cn2)c2ccccc2n1,IC50,251.19,nM,6.6,-9.8
CHEMBL4203247,CCOCCn1nc(C(=O)NC)c2nc(N3CCNCC3)nc(Nc3cc(C)ccn3)c21,IC50,0.5012,nM,9.3,-7.6
CHEMBL454606,CCOC(=O)c1cc2c(cn1)[nH]c1ccccc12,IC50,794.33,nM,6.1,-8.7
CHEMBL4208249,CCc1ccc([C@H]2c3[nH]c4ccccc4c(=O)c3CN2c2ncc(-c3ccccn3)cn2)o1,IC50,0.97,nM,9.01,-8.8
CHEMBL4205751,OCc1ccoc1-c1nccc2c1[nH]c1ccccc12,IC50,4900.0,nM,5.31,-10.2
CHEMBL501991,OCc1ccc(-c2nccc3c2[nH]c2ccccc23)o1,IC50,9300.0,nM,5.03,-10.1
CHEMBL4217579,CCc1ccc([C@@H]2c3[nH]c4ccccc4c(=O)c3CN2c2ncc(-c3ccccn3)cn2)o1,IC50,0.39,nM,9.41,-10.6
CHEMBL4204725,CCc1ccc(C2c3[nH]c4ccccc4c(=O)c3CN2c2ncccn2)o1,IC50,3.14,nM,8.5,-8.6
CHEMBL4218398,CCc1ccc(C2c3[nH]c4ccccc4c(=O)c3CN2c2ncccn2)s1,IC50,2.5,nM,8.6,-7.2
CHEMBL4209232,CCc1ccc(C2c3[nH]c4ccccc4c(=O)c3CN2c2ccccn2)s1,IC50,2.85,nM,8.54,-7.6
CHEMBL4206390,CCc1ccc(C2c3[nH]c4ccccc4c(=O)c3CN2c2ncc(Br)cn2)s1,IC50,3.28,nM,8.48,-6.7
CHEMBL4212630,CCc1ccc(C2c3[nH]c4ccccc4c(=O)c3CN2c2ncc(-c3ccccn3)cn2)o1,IC50,0.53,nM,9.28,-8.7
CHEMBL4208487,CCCc1nc(C)c2c(=O)[nH]c(-c3cc(CC4CC(C(=O)NO)C4)ccc3OCC)nn12,IC50,5.0,nM,8.3,-10.6
CHEMBL4217821,CCCc1nn(C)c2c(=O)[nH]c(-c3cc(Cc4ccc(C(=O)NO)cc4)ccc3OCC)nc12,IC50,48.0,nM,7.32,-10.8
CHEMBL4212866,CCCc1nn(C)c2c(=O)[nH]c(-c3cc(Cc4ccc(CC(=O)NO)cc4)ccc3OCC)nc12,IC50,15.0,nM,7.82,-11.3
CHEMBL4204679,CCCc1nn(C)c2c(=O)[nH]c(-c3cc(Cc4ccc(C(=O)NO)c(OC)c4)ccc3OCC)nc12,IC50,144.0,nM,6.84,-9.2
CHEMBL4216348,CCCc1nn(C)c2c(=O)[nH]c(-c3cc(Cc4ccc(C(=O)NO)cc4OC)ccc3OCC)nc12,IC50,47.0,nM,7.33,-10.5
CHEMBL4209025,CCCc1nn(C)c2c(=O)[nH]c(-c3cc(Cc4ccc(C(=O)NO)c(F)c4)ccc3OCC)nc12,IC50,31.0,nM,7.51,-11.3
CHEMBL4204146,CCCc1nn(C)c2c(=O)[nH]c(-c3cc(Cc4ccc(C(=O)NO)cc4F)ccc3OCC)nc12,IC50,149.0,nM,6.83,-11.3
CHEMBL4212445,CCCc1nn(C)c2c(=O)[nH]c(-c3cc(C(O)c4ccc(C(=O)NO)cc4)ccc3OCC)nc12,IC50,10.0,nM,8.0,-11.0
CHEMBL4207538,CCCc1nn(C)c2c(=O)[nH]c(-c3cc(C(OC)c4ccc(C(=O)NO)cc4)ccc3OCC)nc12,IC50,20.0,nM,7.7,-9.0
CHEMBL4203481,CCCc1nn(C)c2c(=O)[nH]c(-c3cc(Nc4ccc(C(=O)NO)cc4)ccc3OCC)nc12,IC50,2.0,nM,8.7,-10.9
CHEMBL4207836,CCCc1nn(C)c2c(=O)[nH]c(-c3cc(OCc4ccc(C(=O)NO)cc4)ccc3OCC)nc12,IC50,79.0,nM,7.1,-10.8
CHEMBL4214699,CCCc1nn(C)c2c(=O)[nH]c(-c3cc(Cc4ccc(C(=O)NO)o4)ccc3OCC)nc12,IC50,3.0,nM,8.52,-10.8
CHEMBL4212186,CCCc1nn(C)c2c(=O)[nH]c(-c3cc(Cc4ccc(C(=O)NO)s4)ccc3OCC)nc12,IC50,11.0,nM,7.96,-10.5
CHEMBL4217166,CCCc1nn(C)c2c(=O)[nH]c(-c3cc(C(=O)c4ccc(C(=O)NO)s4)ccc3OCC)nc12,IC50,3.0,nM,8.52,-10.8
CHEMBL4216635,CCCc1nn(C)c2c(=O)[nH]c(-c3cc(-c4ccc(C(=O)NO)cc4)ccc3OCC)nc12,IC50,1.0,nM,9.0,-10.2
CHEMBL4204952,CCCc1nn(C)c2c(=O)[nH]c(-c3cc(-c4ccc(CC(=O)NO)cc4)ccc3OCC)nc12,IC50,10.0,nM,8.0,-10.6
CHEMBL4202521,CCCc1nn(C)c2c(=O)[nH]c(-c3cc(-c4ccc(C(=O)NO)s4)ccc3OCC)nc12,IC50,7.0,nM,8.15,-9.5
CHEMBL4207409,CCCc1nn(C)c2c(=O)[nH]c(-c3cc(C4=CCC(C(=O)NO)CC4)ccc3OCC)nc12,IC50,27.0,nM,7.57,-10.9
CHEMBL4210653,CCCc1nn(C)c2c(=O)[nH]c(-c3cc(C4=CCC(CC(=O)NO)CC4)ccc3OCC)nc12,IC50,14.0,nM,7.85,-10.6
CHEMBL4205788,CCCc1nn(C)c2c(=O)[nH]c(-c3cc(C4CCC(C(=O)NO)CC4)ccc3OCC)nc12,IC50,146.0,nM,6.84,-10.1
CHEMBL4206296,CCCc1nn(C)c2c(=O)[nH]c(-c3cc([C@H]4CC[C@@H](C(=O)NO)CC4)ccc3OCC)nc12,IC50,53.0,nM,7.28,-9.5
CHEMBL4217999,CCCc1nn(C)c2c(=O)[nH]c(-c3cc([C@H]4CC[C@H](C(=O)NO)CC4)ccc3OCC)nc12,IC50,190.0,nM,6.72,-10.1
CHEMBL4218554,CCCc1nn(C)c2c(=O)[nH]c(-c3cc(N4CCC(C(=O)NO)CC4)ccc3OCC)nc12,IC50,36.0,nM,7.44,-9.2
CHEMBL4213615,CCCc1nc(C)c2c(=O)[nH]c(-c3cc(Cc4ccc(C(=O)NO)cc4)ccc3OCC)nn12,IC50,13.0,nM,7.89,-10.5
CHEMBL4214135,CCCc1nc(C)c2c(=O)[nH]c(-c3cc(Cc4ccc(C(=O)NO)s4)ccc3OCC)nn12,IC50,3.0,nM,8.52,-10.3
CHEMBL4209220,CCCc1nc(C)c2c(=O)[nH]c(-c3cc(-c4ccc(C(=O)NO)cc4)ccc3OCC)nn12,IC50,2.0,nM,8.7,-10.2
CHEMBL4215845,O=c1c2c(O)cccc2oc2c(Cc3ccc4c(c3)OCO4)[nH]c(-c3nccs3)c12,IC50,1.05,nM,8.98,-10.5
CHEMBL4206520,COc1cccc2oc3c(Cc4ccc5c(c4)OCO5)[nH]c(-c4nccs4)c3c(=O)c12,IC50,4.38,nM,8.36,-10.5
CHEMBL4206819,O=c1c2c(F)cccc2oc2c(Cc3ccc4c(c3)OCO4)[nH]c(-c3nccs3)c12,IC50,1.41,nM,8.85,-10.8
CHEMBL4207041,O=c1c2cc(F)ccc2oc2c(Cc3ccc4c(c3)OCO4)[nH]c(-c3nccs3)c12,IC50,4.03,nM,8.39,-10.7
CHEMBL4214877,O=c1c2cc(F)cc(F)c2oc2c(Cc3ccc4c(c3)OCO4)[nH]c(-c3nccs3)c12,IC50,1.63,nM,8.79,-11.1
CHEMBL4210468,COc1ccc2c(=O)c3c(-c4nccs4)[nH]c(Cc4ccc5c(c4)OCO5)c3oc2c1,IC50,2.64,nM,8.58,-10.2
CHEMBL4205598,O=c1c2ccc(F)cc2oc2c(Cc3ccc4c(c3)OCO4)[nH]c(-c3nccs3)c12,IC50,2.38,nM,8.62,-11.0
CHEMBL4217826,CNc1cc(O)c2c(=O)c3c(-c4nccs4)[nH]c(Cc4ccc5c(c4)OCO5)c3oc2c1,IC50,0.52,nM,9.28,-10.0
CHEMBL4218772,COCCNc1cc(O)c2c(=O)c3c(-c4nccs4)[nH]c(Cc4ccc5c(c4)OCO5)c3oc2c1,IC50,0.32,nM,9.49,-9.3
CHEMBL4289780,CCNC(=O)c1cc2c([nH]c3ccccc32)c(-c2ccc(CC)s2)n1,IC50,227.0,nM,6.64,-9.2
CHEMBL4291228,CCCCN1C(=O)[C@H]2Cc3c([nH]c4ccccc34)[C@@H](c3ccc(CC)s3)N2C1=O,IC50,36.4,nM,7.44,-8.4
CHEMBL4280648,CCCCN1C(=O)[C@@H]2Cc3c([nH]c4ccccc34)[C@@H](c3ccc(CC)s3)N2C1=O,IC50,30.3,nM,7.52,-8.5
CHEMBL4281081,CCc1ccc([C@@H]2c3[nH]c4ccccc4c3C[C@@H]3C(=O)N(CC)C(=O)N23)s1,IC50,7.02,nM,8.15,-8.6
CHEMBL4289291,CCc1ccc([C@@H]2c3[nH]c4ccccc4c3C[C@@H]3C(=O)N(CC)C(=O)N23)o1,IC50,8.44,nM,8.07,-8.7
CHEMBL4279700,CCc1ccc([C@H]2c3[nH]c4ccccc4c3C[C@@H]3C(=O)N(CC)C(=O)N23)s1,IC50,155.0,nM,6.81,-6.5
CHEMBL4284224,CCc1ccc([C@H]2c3[nH]c4ccccc4c3C[C@@H]3C(=O)N(CC)C(=O)N23)o1,IC50,27.6,nM,7.56,-8.4
CHEMBL4293856,CCc1ccc([C@H]2c3[nH]c4ccccc4c3C[C@H]3C(=O)N(CC)C(=O)N23)s1,IC50,383.0,nM,6.42,-8.7
CHEMBL4288548,CCc1ccc([C@H]2c3[nH]c4ccccc4c3C[C@H]3C(=O)N(CC)C(=O)N23)o1,IC50,81.2,nM,7.09,-8.5
CHEMBL4285199,CCN1C(=O)[C@@H]2Cc3c([nH]c4ccccc34)[C@@H](c3sccc3C)N2C1=O,IC50,21.4,nM,7.67,-9.3
CHEMBL4277243,CCc1ccc([C@@H]2c3[nH]c4ccccc4c3C[C@H]3C(=O)N(CC)C(=O)N23)s1,IC50,5.24,nM,8.28,-7.5
CHEMBL4281766,CCc1ccc([C@@H]2c3[nH]c4ccccc4c3C[C@H]3C(=O)N(CC)C(=O)N23)o1,IC50,2.92,nM,8.54,-9.8
CHEMBL4292389,CCN1C(=O)[C@@H]2Cc3c([nH]c4ccccc34)[C@@H](c3ccc(C)o3)N2C1=O,IC50,10.5,nM,7.98,-9.6
CHEMBL4278311,CCc1ccc([C@@H]2c3[nH]c4ccccc4c3C[C@H]3C(=O)N(C)CC(=O)N23)s1,IC50,61.0,nM,7.21,-7.2
CHEMBL4283473,CCc1ccc([C@H]2c3[nH]c4ccccc4c3C[C@H]3C(=O)N(C)CC(=O)N23)s1,IC50,19.9,nM,7.7,-8.6
CHEMBL4291310,CCc1ccc([C@H]2c3[nH]c4ccccc4c3C[C@H]3C(=O)N(C)CC(=O)N23)o1,IC50,56.4,nM,7.25,-9.1
CHEMBL4278056,Cc1ccsc1[C@H]1c2[nH]c3ccccc3c2C[C@@H]2C(=O)N(C)CC(=O)N12,IC50,97.5,nM,7.01,-8.4
CHEMBL4287523,Cc1ccsc1[C@@H]1c2[nH]c3ccccc3c2C[C@@H]2C(=O)N(C)CC(=O)N12,IC50,50.2,nM,7.3,-6.5
CHEMBL4279614,CN1CC(=O)N2[C@H](c3sccc3Br)c3[nH]c4ccccc4c3C[C@@H]2C1=O,IC50,80.2,nM,7.1,-6.7
CHEMBL4286052,CCc1ccc([C@@H]2c3[nH]c4ccccc4c3C[C@@H]3C(=O)N(C)CC(=O)N23)s1,IC50,3.87,nM,8.41,-7.0
CHEMBL4278136,Cc1ccc([C@@H]2c3[nH]c4ccccc4c3C[C@@H]3C(=O)N(C)CC(=O)N23)s1,IC50,8.68,nM,8.06,-7.1
CHEMBL4289471,CN1CC(=O)N2[C@H](c3ccc(Br)s3)c3[nH]c4ccccc4c3C[C@@H]2C1=O,IC50,7.2,nM,8.14,-7.1
CHEMBL4281590,CCc1ccc([C@@H]2c3[nH]c4ccccc4c3C[C@@H]3C(=O)N(C)CC(=O)N23)o1,IC50,12.7,nM,7.9,-8.3
CHEMBL4279202,Cc1ccc([C@@H]2c3[nH]c4ccccc4c3C[C@@H]3C(=O)N(C)CC(=O)N23)o1,IC50,36.9,nM,7.43,-7.2
CHEMBL4288752,c1ccc(CNc2ncnc3sc4c(c23)CCCCC4)cc1,IC50,190.0,nM,6.72,-10.5
CHEMBL4288354,CCN1C(=O)[C@@H]2Cc3c([nH]c4ccccc34)[C@@H](c3ccc(Br)s3)N2C1=O,IC50,160.0,nM,6.8,-7.6
CHEMBL4288994,CCCCN1C(=O)[C@@H]2Cc3c([nH]c4ccccc34)[C@H](c3ccc(OC)cc3)N2C1=O,IC50,8.0,nM,8.1,-8.1
CHEMBL4554391,Cc1nc2ccc(F)cc2nc1-c1cc2nc(N3CC[C@@H](F)C3)cc(NCC(C)(C)O)n2n1.Cl,IC50,437.0,nM,6.36,N/A
CHEMBL4552529,O=C([O-])C1CCN(c2ncc3c(NCc4ccc5c(c4)OCO5)c(Cl)ccc3n2)CC1.[Na+],IC50,3.9,nM,8.41,N/A
CHEMBL4580164,C[C@@H](Nc1nc2c(cnn2C2CCCC2)c(=O)[nH]1)C(=O)N1CC[C@H](F)C1,IC50,4010.0,nM,5.4,-9.7
CHEMBL4539785,CCCOc1ccc(S(=O)(=O)N2CCC[C@H]2C(=O)O)cc1-c1nc(CC)c(CC)c(=O)[nH]1,IC50,2.02,nM,8.7,-8.7
CHEMBL4440789,CCCOc1ccc(S(=O)(=O)NCCC(=O)O)cc1-c1nc(CC)c(CC)c(=O)[nH]1,IC50,1.69,nM,8.77,-8.3
CHEMBL4522391,CCCOc1ccc(N)cc1-c1nc(CC)c(CC)c(=O)[nH]1,IC50,5.33,nM,8.27,-8.8
CHEMBL4559488,CCCOc1ccc(NC(=O)CC)cc1-c1nc(CC)c(CC)c(=O)[nH]1,IC50,1.21,nM,8.92,-9.3
CHEMBL4455533,CCCOc1ccc(NC(=O)[C@@H]2CCCN2C(C)=O)cc1-c1nc(CC)c(CC)c(=O)[nH]1,IC50,0.54,nM,9.27,-8.2
CHEMBL4474634,CCCOc1ccc(NC(=O)C2CCN(C)CC2)cc1-c1nc(CC)c(CC)c(=O)[nH]1,IC50,0.79,nM,9.1,-10.2
CHEMBL4467125,CCCOc1ccc(NC(=O)CCCNC(C)=O)cc1-c1nc(CC)c(CC)c(=O)[nH]1,IC50,0.92,nM,9.04,-10.2
CHEMBL4462192,CCCOc1ccc(NC(=O)CN2CCN(C)CC2)cc1-c1nc(CC)c(CC)c(=O)[nH]1,IC50,0.62,nM,9.21,-10.0
CHEMBL4572238,CCCOc1ccc(NC(=O)CN2CCCCC2)cc1-c1nc(CC)c(CC)c(=O)[nH]1,IC50,1.46,nM,8.84,-10.5
CHEMBL4455861,CCCOc1ccc(NC(N)=O)cc1-c1nc(CC)c(CC)c(=O)[nH]1,IC50,1.61,nM,8.79,-9.0
CHEMBL4582221,CCCOc1ccc(NC(=O)N2CCCC2)cc1-c1nc(CC)c(CC)c(=O)[nH]1,IC50,1.86,nM,8.73,-9.8
CHEMBL4444940,CCCOc1ccc(NC(=O)C(N)=O)cc1-c1nc(CC)c(CC)c(=O)[nH]1,IC50,0.83,nM,9.08,-9.5
CHEMBL4435186,CCCOc1ccc(NC(=O)C(=O)N2CCN(C)CC2)cc1-c1nc(CC)c(CC)c(=O)[nH]1,IC50,1.55,nM,8.81,-9.2
CHEMBL4483406,CCCOc1ccc(NS(C)(=O)=O)cc1-c1nc(CC)c(CC)c(=O)[nH]1,IC50,1.23,nM,8.91,-8.9
CHEMBL1236703,CCCc1nn(C)c2c(=O)[nH]c(-c3cc(S(N)(=O)=O)sc3OCC)nc12,IC50,110.0,nM,6.96,-8.6
CHEMBL3919436,O=C(O)c1ccc(-c2c(/C=C/c3ccc4ccccc4n3)nc3c(N4CCOCC4)ccnn23)cc1,IC50,5400.0,nM,5.27,-9.7
CHEMBL85139,O=c1c2ccccc2nc2n1CCc1c-2[nH]c2ccccc12,IC50,1230.0,nM,5.91,-10.2
CHEMBL4636071,CCn1c2c(c3ccccc31)CCn1c-2nc2ccccc2c1=O,IC50,1120.0,nM,5.95,-10.2
CHEMBL4633115,CCCn1c2c(c3ccccc31)CCn1c-2nc2ccccc2c1=O,IC50,1700.0,nM,5.77,-9.7
CHEMBL4638436,CC(C)CCn1c2c(c3ccccc31)CCn1c-2nc2ccccc2c1=O,IC50,610.0,nM,6.21,-9.8
CHEMBL4636060,CCCCn1c2c(c3ccccc31)CCn1c-2nc2ccccc2c1=O,IC50,1120.0,nM,5.95,-9.5
CHEMBL312149,COc1ccc2c3c([nH]c2c1)-c1nc2ccccc2c(=O)n1CC3,IC50,22050.0,nM,4.66,-10.2
CHEMBL4642224,CCn1c2c(c3ccc(OC)cc31)CCn1c-2nc2ccccc2c1=O,IC50,11630.0,nM,4.93,-10.1
CHEMBL4635413,CCCn1c2c(c3ccc(OC)cc31)CCn1c-2nc2ccccc2c1=O,IC50,12120.0,nM,4.92,-9.7
CHEMBL4640216,COc1ccc2c3c(n(CCC(C)C)c2c1)-c1nc2ccccc2c(=O)n1CC3,IC50,6170.0,nM,5.21,-8.8
CHEMBL4634019,CCCCn1c2c(c3ccc(OC)cc31)CCn1c-2nc2ccccc2c1=O,IC50,9190.0,nM,5.04,-9.7
CHEMBL4643201,COc1cc(OC)c2c3c([nH]c2c1)-c1nc2ccccc2c(=O)n1CC3,IC50,45620.0,nM,4.34,-10.1
CHEMBL4649889,CCn1c2c(c3c(OC)cc(OC)cc31)CCn1c-2nc2ccccc2c1=O,IC50,47320.0,nM,4.33,-9.4
CHEMBL4639525,CCCn1c2c(c3c(OC)cc(OC)cc31)CCn1c-2nc2ccccc2c1=O,IC50,19760.0,nM,4.7,-9.3
CHEMBL4635055,COc1cc(OC)c2c3c(n(CCC(C)C)c2c1)-c1nc2ccccc2c(=O)n1CC3,IC50,18230.0,nM,4.74,-8.3
CHEMBL4635751,CCCCn1c2c(c3c(OC)cc(OC)cc31)CCn1c-2nc2ccccc2c1=O,IC50,20630.0,nM,4.69,-8.9
CHEMBL4638725,O=c1c2ccccc2nc2n1CCc1c-2[nH]c2cc(O)ccc12,IC50,1360.0,nM,5.87,-10.9
CHEMBL4635740,CCn1c2c(c3ccc(O)cc31)CCn1c-2nc2ccccc2c1=O,IC50,970.0,nM,6.01,-10.0
CHEMBL4642482,CCCn1c2c(c3ccc(O)cc31)CCn1c-2nc2ccccc2c1=O,IC50,1330.0,nM,5.88,-9.7
CHEMBL4642376,CC(C)CCn1c2c(c3ccc(O)cc31)CCn1c-2nc2ccccc2c1=O,IC50,110.0,nM,6.96,-9.4
CHEMBL4643394,CCCCn1c2c(c3ccc(O)cc31)CCn1c-2nc2ccccc2c1=O,IC50,630.0,nM,6.2,-9.3
CHEMBL4641767,O=c1c2ccccc2nc2n1CCc1c-2[nH]c2cc(O)cc(O)c12,IC50,790.0,nM,6.1,-9.9
CHEMBL4648832,CCn1c2c(c3c(O)cc(O)cc31)CCn1c-2nc2ccccc2c1=O,IC50,970.0,nM,6.01,-9.8
CHEMBL4639873,CCCn1c2c(c3c(O)cc(O)cc31)CCn1c-2nc2ccccc2c1=O,IC50,330.0,nM,6.48,-9.7
CHEMBL4641729,CC(C)CCn1c2c(c3c(O)cc(O)cc31)CCn1c-2nc2ccccc2c1=O,IC50,36.0,nM,7.44,-9.1
CHEMBL4638267,CCCCn1c2c(c3c(O)cc(O)cc31)CCn1c-2nc2ccccc2c1=O,IC50,260.0,nM,6.58,-9.1
CHEMBL4783711,Nc1ncc(-c2ccc3c(c2)CC[C@@H]3C(=O)O)cc1-c1ccc(Cl)cc1,IC50,3400.0,nM,5.47,-11.2
CHEMBL4746566,CC(C)(Oc1ccc(-c2cnc(N)c(-c3ccc(Cl)cc3)c2)cc1)C(=O)O,IC50,1900.0,nM,5.72,-10.6
CHEMBL4757017,COc1ccc(CNc2nc(N3CCC[C@@H]3CO)ncc2C(=O)NCc2ccccn2)cc1Cl,IC50,1200.0,nM,5.92,-9.7
CHEMBL3354264,COc1ccc(CNc2nc(OCc3ccccn3)ncc2C(=O)OCc2ccccn2)cc1Cl,IC50,2100.0,nM,5.68,-9.8
CHEMBL3354284,COc1ccc(CNc2nc(N3CCC[C@H]3CO)ncc2C(=O)N[C@H]2CC[C@H](O)CC2)cc1Cl,IC50,1800.0,nM,5.75,-9.2
CHEMBL3354266,COc1ccc(CNc2nc(OCc3ccccn3)ncc2C(=O)NCc2ccccn2)cc1Cl,IC50,2700.0,nM,5.57,-9.9
CHEMBL3354265,COc1ccc(CNc2nc(OCc3ccccn3)ncc2C(=O)OCc2ncccn2)cc1Cl,IC50,4200.0,nM,5.38,-9.6
CHEMBL4790126,COc1ccc(CNc2nc(OCc3ccccn3)ncc2C(=O)N[C@H]2CC[C@@H](O)CC2)cc1Cl,IC50,3500.0,nM,5.46,-10.1
CHEMBL3352836,COc1ccc(CNc2nc(N3CCC[C@H]3CO)ncc2C(=O)NCCCO)cc1Cl,IC50,6600.0,nM,5.18,-8.5
CHEMBL4790060,COc1ccc(CNc2nc(OCc3ccccn3)ncc2C(=O)Nc2ncccn2)cc1Cl,IC50,12000.0,nM,4.92,-10.4
CHEMBL3354272,COc1ccc(CNc2nc(OCc3ccccn3)ncc2C(=O)NCCCCO)cc1Cl,IC50,12000.0,nM,4.92,-8.8
CHEMBL3354269,COCCCNC(=O)c1cnc(OCc2ccccn2)nc1NCc1ccc(OC)c(Cl)c1,IC50,15000.0,nM,4.82,-9.2
CHEMBL3354271,COc1ccc(CNc2nc(OCc3ccccn3)ncc2C(=O)NCCCO)cc1Cl,IC50,13000.0,nM,4.89,-8.8
CHEMBL4781808,COc1ccc(CNc2nc(N3CCCC[C@H]3CO)ncc2C(=O)NCc2ccccn2)cc1Cl,IC50,54000.0,nM,4.27,-8.7
CHEMBL4798650,COc1ccc(CNc2nc(N3CCCC[C@H]3CO)ncc2C(=O)NCc2ncccn2)cc1Cl,IC50,63000.0,nM,4.2,-8.6
CHEMBL3354274,COc1ccc(CNc2nc(N(C)CCO)ncc2C(=O)NCc2ccccn2)cc1Cl,IC50,32000.0,nM,4.5,-9.4
CHEMBL4747008,COc1ccc(CNc2nc(N3CCO[C@H](CO)C3)ncc2C(=O)NCc2ccccn2)cc1Cl,IC50,32000.0,nM,4.5,-8.6
CHEMBL3354276,COc1ccc(CNc2nc(N3CCC(O)CC3)ncc2C(=O)NCc2ccccn2)cc1Cl,IC50,59000.0,nM,4.23,-8.9
CHEMBL81925,CN1c2ccccc2C(=O)N2CCc3c([nH]c4ccccc34)C21,IC50,2100.0,nM,5.68,-9.1
CHEMBL463165,CN1c2ccccc2C(=O)N2CCc3c([nH]c4ccccc34)[C@H]21,IC50,1300.0,nM,5.89,-9.0
CHEMBL2171791,COc1cccc2c1C(=O)N1CCc3c([nH]c4ccccc34)C1N2C,IC50,340.0,nM,6.47,-9.4
CHEMBL4782533,COc1cccc2c1C(=O)N1CCc3c([nH]c4ccccc34)[C@H]1N2C,IC50,110.0,nM,6.96,-9.3
CHEMBL4760741,COc1cccc2c1C(=O)N1CCc3c([nH]c4ccccc34)[C@@H]1N2C,IC50,2600.0,nM,5.58,-8.7
CHEMBL2171794,CN1c2cccc(O)c2C(=O)N2CCc3c([nH]c4ccccc34)C21,IC50,1700.0,nM,5.77,-9.1
CHEMBL4758217,CN1c2cccc(O)c2C(=O)N2CCc3c([nH]c4ccccc34)[C@H]21,IC50,420.0,nM,6.38,-8.5
CHEMBL4783742,COc1ccc2c3c([nH]c2c1)C1N(CC3)C(=O)c2c(OC)cccc2N1C,IC50,53.0,nM,7.28,-9.1
CHEMBL4745832,COc1ccc2c3c([nH]c2c1)[C@@H]1N(CC3)C(=O)c2c(OC)cccc2N1C,IC50,42.0,nM,7.38,-7.7
CHEMBL4794748,COc1cccc2c1C(=O)N1CCc3c([nH]c4cccc(OC)c34)[C@H]1N2C,IC50,35.0,nM,7.46,-8.5
CHEMBL4784075,CCCCCn1c(-c2ccco2)nc2c(NCCCOC)ccnc21,IC50,53480.0,nM,4.27,-7.5
CHEMBL4762789,OCCCNc1ccnc2c1nc(-c1ccco1)n2C1CCCC1,IC50,2710.0,nM,5.57,-8.5
CHEMBL4787162,CCCCCn1c(-c2ccco2)nc2c(N(C)CCCO)nccc21,IC50,2910.0,nM,5.54,-7.2
CHEMBL4858922,COc1ccc(C2CC(c3ccccc3O)=NN2c2ccc(C(=O)O)cc2)cc1,IC50,330.0,nM,6.48,-9.4
CHEMBL4846363,COc1ccc(C2CC(c3ccc(O)cc3)=NN2c2ccc(C(=O)O)cc2)cc1,IC50,2500.0,nM,5.6,-8.9
CHEMBL4851670,COc1ccc(C2CC(c3ccccc3)=NN2c2ccc(C(=O)O)cc2)cc1F,IC50,1190.0,nM,5.92,-8.7
CHEMBL4847766,COc1ccc(C2CC(C(C)(C)C)=NN2c2ccc(C(=O)O)cc2)cc1F,IC50,590.0,nM,6.23,-7.7
CHEMBL4852697,COc1cc(C2CC(C(C)(C)C)=NN2c2ccc(C(=O)O)cc2)ccc1F,IC50,10080.0,nM,5.0,-8.1
CHEMBL4847435,COc1ccc(C2C3Cc4ccccc4C3=NN2c2ccc(C(=O)O)cc2)cc1,IC50,1440.0,nM,5.84,-7.9
CHEMBL4848935,COc1ccc(C2C3COc4ccccc4C3=NN2c2ccc(C(=O)O)cc2)cc1,IC50,1160.0,nM,5.94,-7.5
CHEMBL4855088,CCNC(=O)c1ccc(N2N=C(c3ccccc3)CC2c2ccc(OC)cc2)cc1,IC50,600.0,nM,6.22,-8.9
CHEMBL4861917,COc1ccc(C2CC(c3ccccc3C)=NN2c2ccc(C(=O)NCCO)cc2)cc1,IC50,340.0,nM,6.47,-9.1
CHEMBL4857957,COc1ccc(C2CC(c3ccccc3)=NN2c2ccc(C(=O)N3CCN(C)CC3)cc2)cc1,IC50,78.0,nM,7.11,-10.0
CHEMBL4874482,COc1ccc(C2CC(C(C)(C)C)=NN2c2ccc(C(=O)N3CCN(C)CC3)cc2)cc1,IC50,90.0,nM,7.05,-7.9
CHEMBL4872902,COc1c(F)cc(C2CC(C(C)(C)C)=NN2c2ccc(C(=O)N3CCN(C)CC3)cc2)cc1F,IC50,1.0,nM,9.0,-7.6
CHEMBL4871501,COc1cc(F)c(C2CC(C(C)(C)C)=NN2c2ccc(C(=O)N3CCN(C)CC3)cc2)cc1F,IC50,260.0,nM,6.58,-7.5
CHEMBL4867870,COc1ccc(C2CC(c3ccccc3C)=NN2c2ccc(C(=O)N3CCOCC3)cc2)cc1,IC50,29.0,nM,7.54,-9.5
CHEMBL4852714,COc1ccc(C2CC(c3ccccc3C)=NN2c2ccc(C(=O)N3CCN(C)CC3)cc2)cc1,IC50,21.0,nM,7.68,-9.5
CHEMBL4869439,COc1ccc(C2CC(c3ccccc3C)=NN2c2ccc(C(=O)N3CCN(C)CC3)cc2)cc1F,IC50,40.0,nM,7.4,-9.4
CHEMBL4863072,COc1ccc(C2CC(C(C)(C)C)=NN2c2ccc(C(=O)N3CCN(C)CC3)cc2)cc1F,IC50,20.0,nM,7.7,-8.0
CHEMBL4864616,COc1cc(C2CC(C(C)(C)C)=NN2c2ccc(C(=O)N3CCN(C)CC3)cc2)ccc1F,IC50,1290.0,nM,5.89,-7.8
CHEMBL4879176,COc1ccc(C2CC(C(C)(C)C)=NN2c2ccc(C(=O)N3CCN(C)CC3)cc2)c(F)c1F,IC50,4.0,nM,8.4,-7.7
CHEMBL4873599,Cc1nc2c([C@H](C)c3ccc(C(F)(F)F)c(F)c3)nn(CCO)c2c(=O)[nH]1,IC50,23000.0,nM,4.64,-9.7
CHEMBL4871796,Cc1nc2c([C@H](C)c3ccc(C(C)(C)C)cc3)nn(CCF)c2c(=O)[nH]1,IC50,21000.0,nM,4.68,-10.0
CHEMBL2204538,COCCOc1nc(-c2ccc(Cl)nc2)nc2c1CN(C(=O)c1ncn3ccccc13)CC2,Ki,116.0,nM,6.94,-8.5
CHEMBL2180408,COCCc1ccc(-c2c(C)nc3c(N4CCOCC4)ccnn23)cn1,Ki,8500.0,nM,5.07,-8.9
CHEMBL5077120,C[C@@H](Nc1nc2c(cnn2C2CCCC2)c(=O)[nH]1)C(=O)N1CCC(Cl)CC1,IC50,1550.0,nM,5.81,-10.2
CHEMBL5075032,C[C@@H](Nc1nc2c(cnn2C2CCCC2)c(=O)[nH]1)C(=O)N1CC2(CC(F)C2)C1,IC50,3000.0,nM,5.52,-11.0
CHEMBL4217364,CCCc1nn(C)c2c(=O)[nH]c(-c3cc(CC4CC(C(=O)NO)C4)ccc3OCC)nc12,IC50,60.0,nM,7.22,-10.8
CHEMBL5175729,O=C(CCc1ccccc1)O[C@@H]1c2oc(CCc3ccccc3)cc(=O)c2[C@H](O)[C@@H](O)[C@H]1O,IC50,15100.0,nM,4.82,-9.6
CHEMBL1189949,Clc1ccc2nc(-n3ccnc3)nc(NCc3ccccc3)c2c1,IC50,2.8,nM,8.55,-10.1
CHEMBL5194921,NS(=O)(=O)c1cccc(Nc2nc(NC3CCN(Cc4ccccc4)CC3)c3nc[nH]c3n2)c1,IC50,290.0,nM,6.54,-9.7
CHEMBL4445920,NS(=O)(=O)c1cccc(Nc2nc(NCc3ccccc3)c3ccccc3n2)c1,IC50,100.0,nM,7.0,-10.2
CHEMBL5186856,CN1CCN(S(=O)(=O)c2cccc(Nc3nc(NCc4ccccc4)c4ccccc4n3)c2)CC1,IC50,500.0,nM,6.3,-10.9
CHEMBL5195499,CN1CCN(S(=O)(=O)c2cccc(Nc3nc(NCc4cccs4)c4ccccc4n3)c2)CC1,IC50,520.0,nM,6.28,-10.8
CHEMBL5203939,CN1CCN(S(=O)(=O)c2ccc(Nc3nc(NCc4ccccc4)c4ccccc4n3)cc2)CC1,IC50,490.0,nM,6.31,-10.7
CHEMBL5191104,CCCNc1nc(Nc2cccc(S(=O)(=O)N3CCN(C)CC3)c2)nc2ccccc12,IC50,600.0,nM,6.22,-9.0
CHEMBL5194783,CCCNc1nc(Nc2ccc(S(=O)(=O)N3CCN(C)CC3)cc2)nc2ccccc12,IC50,410.0,nM,6.39,-9.1
CHEMBL5184989,CC(C)CNc1nc(Nc2cccc(S(=O)(=O)N3CCN(C)CC3)c2)nc2ccccc12,IC50,430.0,nM,6.37,-9.2
CHEMBL5187496,CC(C)CNc1nc(Nc2ccc(S(=O)(=O)N3CCN(C)CC3)cc2)nc2ccccc12,IC50,360.0,nM,6.44,-9.6
CHEMBL5199387,CCCNc1nc(Nc2cccc(S(N)(=O)=O)c2)nc2cc(OC)c(OC)cc12,IC50,1440.0,nM,5.84,-9.3
CHEMBL5208363,COc1cc2nc(Nc3cccc(S(N)(=O)=O)c3)nc(NCC(C)C)c2cc1OC,IC50,5230.0,nM,5.28,-9.1
CHEMBL5171693,COc1cc2nc(Nc3ccc(S(N)(=O)=O)cc3)nc(NCC(C)C)c2cc1OC,IC50,3970.0,nM,5.4,-8.8
CHEMBL5188011,CN1CCN(S(=O)(=O)c2ccc(Nc3nc(NCc4ccccc4)c4ncn(C)c4n3)cc2)CC1,IC50,38370.0,nM,4.42,-10.3
CHEMBL5200266,CCCNc1nc(Nc2cccc(S(=O)(=O)N3CCN(C)CC3)c2)nc2c1ncn2C,IC50,43160.0,nM,4.37,-9.2
CHEMBL5183757,CCCNc1nc(Nc2ccc(S(=O)(=O)N3CCN(C)CC3)cc2)nc2c1ncn2C,IC50,18880.0,nM,4.72,-8.5
CHEMBL5193806,CC(C)CNc1nc(Nc2cccc(S(=O)(=O)N3CCN(C)CC3)c2)nc2c1ncn2C,IC50,33260.0,nM,4.48,-9.0
CHEMBL5195857,CC(C)CNc1nc(Nc2ccc(S(=O)(=O)N3CCN(C)CC3)cc2)nc2c1ncn2C,IC50,28540.0,nM,4.54,-8.5
CHEMBL5183230,Cn1cnc2c(NCc3ccccc3)nc(Nc3cccc(S(N)(=O)=O)c3)nc21,IC50,4460.0,nM,5.35,-9.2
CHEMBL5206939,Cn1cnc2c(NCc3ccccc3)nc(Nc3ccc(S(N)(=O)=O)cc3)nc21,IC50,23010.0,nM,4.64,-8.5
CHEMBL5177893,CN1CCN(S(=O)(=O)c2cccc(Nc3nc(NCc4ccccc4)c4nc[nH]c4n3)c2)CC1,IC50,2020.0,nM,5.7,-11.7
CHEMBL5200202,CC(C)N1CCC(Nc2nc(Nc3cccc(S(N)(=O)=O)c3)nc3ccccc23)CC1,IC50,1030.0,nM,5.99,-9.5
CHEMBL5196307,CN(C)CCNc1nc(Nc2cccc(S(N)(=O)=O)c2)nc2ccccc12,IC50,9390.0,nM,5.03,-8.7
CHEMBL5193660,CN(C)CCNc1nc(Nc2cccc(S(=O)(=O)N3CCN(C)CC3)c2)nc2ccccc12,IC50,5280.0,nM,5.28,-8.9
CHEMBL5178863,NS(=O)(=O)c1cccc(Nc2nc(NC3CCN(Cc4ccccc4)CC3)c3ccccc3n2)c1,IC50,220.0,nM,6.66,-9.6
CHEMBL5171560,CCn1c(=O)c2c(c3ccc(C)nc31)O[C@@](C)(CCO)C[C@H]2C=C(C)C,IC50,4250.0,nM,5.37,N/A
CHEMBL5220907,O=C(O)CCN1CC(=O)N2[C@H](CC3c4ccccc4NC3[C@H]2c2ccc(Br)cc2)C1=O,IC50,2.0,nM,8.7,-8.4
CHEMBL5276601,CCCc1nn(C)c2c(=O)[nH]c(-c3cc(S(=O)(=O)N4CCC(=O)CC4)ccc3OCC)nc12,IC50,0.8,nM,9.1,-9.2
CHEMBL5273541,CCN1CC(=O)N2[C@H](c3ccc(Cl)cc3)c3[nH]c4ccccc4c3C[C@@H]2C1=O,IC50,3.0,nM,8.52,-8.8
CHEMBL484928,Cc1ccc([N+](=O)[O-])cc1S(=O)(=O)N(C)C,IC50,62000.0,nM,4.21,-6.9
CHEMBL5270086,COc1ccc(CNc2c(CO)cnc3c(N4CC(F)C4)cc(C#N)cc23)cc1Cl,IC50,1.86,nM,8.73,-8.9
CHEMBL5288191,COc1nc2ccccc2cc1-c1nc2c(cnn2-c2ccc(Br)cc2)c(=O)[nH]1,IC50,1570.0,nM,5.8,-11.5
CHEMBL453066,COC(=O)c1cc2c(cn1)[nH]c1ccccc12,IC50,800.0,nM,6.1,-8.6
CHEMBL5277871,COc1cccc2c1C(=O)N1CCc3c([nH]c4cccc(OC)c34)[C@@H]1C2C,IC50,35.0,nM,7.46,-8.7
CHEMBL5278404,COC(=O)[C@@H]1Cc2c([nH]c3ccccc23)[C@@H](c2ccc(Cl)cc2)N1C(=O)CCl,IC50,2700.0,nM,5.57,-7.3
CHEMBL5277768,CCN1C(=O)C2Cc3c([nH]c4ccccc34)C(c3ccc(OC)cc3)N2C1=O,IC50,3.0,nM,8.52,-7.8
CHEMBL138504,CCCCN1C(=O)C2Cc3c([nH]c4ccccc34)C(c3ccc(OC)cc3)N2C1=O,IC50,3.0,nM,8.52,-8.0
CHEMBL5278072,COc1ccc(C2c3[nH]c4ccccc4c3CC3C(=O)N(C4CCCCC4)C(=O)N32)cc1,IC50,3.0,nM,8.52,-7.8
CHEMBL5267177,CCN1C(=O)[C@@H]2Cc3c([nH]c4ccccc34)[C@@H](c3ccc(Cl)cc3)N2C1=O,IC50,330.0,nM,6.48,-7.5
CHEMBL5273091,CCN1C(=O)[C@H]2Cc3c([nH]c4ccccc34)[C@@H](c3ccc(Br)s3)N2C1=O,IC50,170.0,nM,6.77,-8.9
CHEMBL5288423,CCN1C(=O)[C@@H]2Cc3c([nH]c4ccccc34)[C@@H](c3ccc(Br)cc3)N2C1=O,IC50,40.0,nM,7.4,-7.7
CHEMBL5280799,C=CCN1C(=O)[C@@H]2Cc3c([nH]c4ccccc34)[C@@H](c3ccc(OC)cc3OC)N2C1=S,IC50,560.0,nM,6.25,-6.5
CHEMBL5269311,CCCCN1CC2Cc3c([nH]c4ccccc34)C(c3ccc4c(c3)OCO4)N2C1=O,IC50,60.0,nM,7.22,-8.1
CHEMBL5270380,CCCCN1CC2Cc3c([nH]c4ccccc34)C(c3ccc(OC)cc3)N2C1=O,IC50,60.0,nM,7.22,-7.8
CHEMBL5280474,CC(C)N1CC(=O)N2C(Cc3c([nH]c4ccccc34)C2c2ccc3c(c2)OCO3)C1=O,IC50,3.0,nM,8.52,-7.1
CHEMBL5276672,CCCCN1CC(=O)N2C(Cc3c([nH]c4ccccc34)C2c2ccc3c(c2)OCO3)C1=O,IC50,3.0,nM,8.52,-6.5
CHEMBL5283996,CCCCN1CC(=O)N2[C@H](c3ccc(Br)cc3)c3[nH]c4ccccc4c3C[C@H]2C1=O,IC50,10.0,nM,8.0,-7.2
CHEMBL247073,COc1ccc(N2CC(=O)N3[C@H](c4ccc5c(c4)OCO5)c4[nH]c5ccccc5c4C[C@@H]3C2=O)cc1,IC50,16.0,nM,7.8,N/A
CHEMBL5273796,O=C1C2Cc3c([nH]c4ccccc34)C(c3ccc4c(c3)OCO4)N2C(=O)CN1Cc1ccccc1,IC50,3.0,nM,8.52,-9.9
CHEMBL5281736,O=C1C2Cc3c([nH]c4ccccc34)C(c3ccc4c(c3)OCO4)N2C(=O)CN1C1CCCCC1,IC50,3.0,nM,8.52,-6.8
CHEMBL5306577,CCC[C@H]1CNCc2c1[nH]c(=O)c(C#N)c2N1CCC2(CC1)CC2,IC50,2980.0,nM,5.53,-8.7
CHEMBL5402341,N#Cc1cc(C2CC2)c2ncc(CO)c(NCc3ccnc(Cl)c3)c2c1,IC50,820.0,nM,6.09,-9.2
CHEMBL5441029,Cn1ccc2cc(CNc3c(CO)cnc4c(C5CC5)cc(C#N)cc34)ccc21,IC50,2800.0,nM,5.55,-9.3
CHEMBL5415362,N#Cc1cc(C2CC2)c2ncc(CO)c(NCc3ccc4c(c3)OCO4)c2c1,IC50,190.0,nM,6.72,-9.7
CHEMBL5405608,COc1cc(CNc2c(CO)cnc3c(C4CC4)cc(C#N)cc23)cc(OC)c1OC,IC50,3400.0,nM,5.47,-7.8
CHEMBL5429143,[2H]C([2H])(Nc1c(CO)cnc2c(C3CC3)cc(C#N)cc12)c1ccc(OC)c(Cl)c1,IC50,5.0,nM,8.3,-8.9
CHEMBL5432484,COc1ncc(CNc2c(CO)cnc3c(C4CC4)cc(C#N)cc23)cc1Cl,IC50,30.0,nM,7.52,-8.8
CHEMBL5425752,CCOC(=O)c1cnc2c(C3CC3)cc(C#N)cc2c1NCc1ccc(OC)nc1,IC50,1300.0,nM,5.89,-8.3
CHEMBL5411220,COc1ccc(CNc2c(CO)cnc3c(C4CC4)cc(C#N)cc23)cn1,IC50,20.0,nM,7.7,-9.2
CHEMBL5420793,COc1cc(CNc2c(CO)cnc3c(C4CC4)cc(C#N)cc23)ccn1,IC50,180.0,nM,6.75,-8.6
CHEMBL5584027,CC(C)CC1C(=O)N(C)C(=O)c2nc[nH]c21,IC50,31700.0,nM,4.5,-7.1
CHEMBL307639,COCc1nc2c([nH]1)c(=O)n(C)c(=O)n2CC(C)C,IC50,10000.0,nM,5.0,-7.4
CHEMBL7359,CNc1ncnc2c1ncn2Cc1ccccc1F,IC50,6500.0,nM,5.19,-8.9
CHEMBL5573991,CN1C(=O)c2[nH]c(CC3CCCC3)nc2C2CC3(CCCC3)N=C21,IC50,26.0,nM,7.58,-9.5
CHEMBL502,COc1cc2c(cc1OC)C(=O)C(CC1CCN(Cc3ccccc3)CC1)C2,IC50,11.0,nM,7.96,-10.9
CHEMBL5639849,O=C(O)c1cc2nc(Cc3cccc(Cl)c3)[nH]c(=O)c2s1,IC50,4238.0,nM,5.37,-9.6
CHEMBL5646392,O=C(O)c1cc2c(=O)[nH]c(Cc3cccc(Cl)c3)nc2s1,IC50,15819.0,nM,4.8,-9.2
CHEMBL5647056,O=C(O)c1ccc2c(=O)[nH]c(Cc3cccc(Cl)c3)nc2c1,IC50,8210.0,nM,5.09,-11.0
CHEMBL5285855,C[C@H](Nc1nc2c(cnn2C2CCCC2)c(=O)[nH]1)c1ccc(Cl)cc1,IC50,366.0,nM,6.44,-11.3
CHEMBL4644938,C[C@@H](Nc1nc2c(cnn2C2CCCC2)c(=O)[nH]1)c1ccc(Cl)cc1,IC50,787.0,nM,6.1,-10.0
CHEMBL80713,COc1ccc(CNc2nc(N(CCO)CCO)nc3c2ncn3C(C)C)cc1,IC50,230.0,nM,6.64,-8.1
CHEMBL5639763,COc1ccc(CNc2nc(N(CCO)CCO)nc3c2cnn3C(C)C)cc1,IC50,120.0,nM,6.92,-8.2
CHEMBL5647232,COc1ccc(CNc2nc(N(CCO)CCO)nc3c2[nH]c(=O)n3C(C)C)cc1,IC50,40.0,nM,7.4,-8.1
CHEMBL19449,CC(C)C(=O)c1c(C(C)C)nn2ccccc12,IC50,3510.0,nM,5.46,-8.2
CHEMBL5787262,NC1(C(F)(F)F)C(=O)Nc2nc(-c3nn(Cc4ccccc4F)c4ncccc34)ncc21,IC50,1200.0,nM,5.92,-10.7
CHEMBL5977241,CCOC(=O)C1(C)CC(=O)Nc2nc(-c3nn(Cc4ccccc4F)c4ncccc34)nnc21,IC50,490.0,nM,6.31,-9.5
CHEMBL5862302,O=C1Nc2nc(-c3nn(Cc4ccccc4F)c4ncccc34)ncc2C1(O)C(F)(F)C(F)(F)F,IC50,2400.0,nM,5.62,-9.4
CHEMBL6021165,NC1(C(F)(F)C(F)(F)F)C(=O)Nc2nc(-c3nn(Cc4ccccc4F)c4ncccc34)ncc21,IC50,1300.0,nM,5.89,-11.2
CHEMBL5970424,CC1(CC2CC2)C(=O)Nc2nc(-c3nn(Cc4ccccc4F)c4ncc(F)cc34)nnc21,IC50,260.0,nM,6.58,-8.1
CHEMBL6039988,C[C@]1(CC2CC2)C(=O)Nc2nc(-c3nn(Cc4ccccc4F)c4ncc(F)cc34)nnc21,IC50,350.0,nM,6.46,-10.4
CHEMBL6055672,C[C@@]1(CC2CC2)C(=O)Nc2nc(-c3nn(Cc4ccccc4F)c4ncc(F)cc34)nnc21,IC50,250.0,nM,6.6,-9.2
CHEMBL5931876,CCC1(C)C(=O)Nc2nc(-c3nn(Cc4ccccc4F)c4ncc(F)cc34)nnc21,IC50,340.0,nM,6.47,-9.8
CHEMBL5789818,CC[C@@]1(C)C(=O)Nc2nc(-c3nn(Cc4ccccc4F)c4ncc(F)cc34)nnc21,IC50,200.0,nM,6.7,-9.1
CHEMBL5952996,CC[C@]1(C)C(=O)Nc2nc(-c3nn(Cc4ccccc4F)c4ncc(F)cc34)nnc21,IC50,350.0,nM,6.46,-9.5
CHEMBL5805042,COc1ccc(Cn2nc(-c3nnc4c(n3)NC(=O)C4(C)C)c3cc(F)cnc32)cc1,IC50,150.0,nM,6.82,-11.0
CHEMBL5910924,O=C1Nc2nc(-c3nn(Cc4ccccc4F)c4ncc(F)cc34)nnc2C12CCCC2,IC50,2000.0,nM,5.7,-10.4
CHEMBL6059124,Cc1ccc(Cn2nc(-c3nnc4c(n3)NC(=O)C4(C)C)c3cc(F)cnc32)c(F)c1,IC50,15.0,nM,7.82,-11.6
CHEMBL6051402,COc1cccc(Cn2nc(-c3nnc4c(n3)NC(=O)C4(C)C)c3cc(F)cnc32)c1F,IC50,250.0,nM,6.6,-11.4
CHEMBL5927499,Cc1cccc(Cn2nc(-c3nnc4c(n3)NC(=O)C4(C)C)c3cc(F)cnc32)c1F,IC50,580.0,nM,6.24,-11.8
CHEMBL6010787,CCOCCC1(C)C(=O)Nc2nc(-c3nn(Cc4ccccc4F)c4ncc(F)cc34)nnc21,IC50,660.0,nM,6.18,-9.9
CHEMBL6043305,CC1(C)C(=O)Nc2nc(-c3nn(Cc4ccccc4F)c4ncccc34)nc(-c3ccn[nH]3)c21,IC50,40.0,nM,7.4,-9.2
CHEMBL5886432,CC1(C)C(=O)Nc2nc(-c3nn(Cc4ccccc4F)c4ncccc34)nc(C#CC3CC3)c21,IC50,410.0,nM,6.39,-9.7
CHEMBL5837320,CC1(C)C(=O)Nc2nc(-c3nn(Cc4ccccc4F)c4ncccc34)nc(CCC3CC3)c21,IC50,260.0,nM,6.58,-8.1
CHEMBL5906753,CC1(C)C(=O)Nc2nc(-c3nn(Cc4ccccc4F)c4ncccc34)nc(/C=C\C3CC3)c21,IC50,150.0,nM,6.82,-9.7
CHEMBL5902782,CC1(C)C(=O)Nc2nc(-c3nn(Cc4ccccc4F)c4nc(C(F)(F)F)ccc34)nnc21,IC50,38.0,nM,7.42,-10.0
CHEMBL5927692,Cc1nc2c(cc1F)c(-c1ncc3c(n1)NC(=O)C3(C)C)nn2Cc1ccccc1F,IC50,920.0,nM,6.04,-11.8
CHEMBL5872271,Cc1nc2c(cc1F)c(-c1nnc3c(n1)NC(=O)C3(C)C)nn2Cc1ccccc1F,IC50,22.0,nM,7.66,-11.6
CHEMBL5962215,Cc1nc(-c2nn(Cc3ccccc3F)c3ncccc23)nc2c1C(C)(C)C(=O)N2,IC50,130.0,nM,6.89,-8.4
CHEMBL5776293,C=CCCC1(C)C(=O)Nc2nc(-c3nn(Cc4ccccc4F)c4ncccc34)nnc21,IC50,140.0,nM,6.85,-10.0
CHEMBL6026505,CC1(C)C(=O)Nc2nc(-c3nn(Cc4ccccc4F)c4ncccc34)nc(CNS(C)(=O)=O)c21,IC50,48.0,nM,7.32,-8.7
CHEMBL5762294,CCOC(=O)C1C(=O)Nc2nc(-c3nn(Cc4ccccc4F)c4ncccc34)nnc21,IC50,1500.0,nM,5.82,-10.3
CHEMBL5909520,CC1(CC(=O)O)C(=O)Nc2nc(-c3nn(Cc4ccccc4F)c4ncccc34)nnc21,IC50,3400.0,nM,5.47,-10.9
CHEMBL5906860,CCOC(=O)/C=C/c1nc(-c2nn(Cc3ccccc3F)c3ncccc23)nc2c1C(C)(C)C(=O)N2,IC50,215.0,nM,6.67,-8.3
CHEMBL5874002,C=CCC1(C)C(=O)Nc2nc(-c3nn(Cc4ccccc4F)c4ncccc34)nnc21,IC50,310.0,nM,6.51,-9.7
CHEMBL5903744,CC(C)Cc1nc(-c2nn(Cc3ccccc3F)c3ncccc23)nc2c1C(C)(C)C(=O)N2,IC50,420.0,nM,6.38,-8.2
CHEMBL5893046,CC1(C)C(=O)Nc2nc(-c3nn(Cc4ccccc4F)c4ncccc34)nc(CCC(F)(F)F)c21,IC50,260.0,nM,6.58,-11.3
CHEMBL5986356,CCCc1nc(-c2nn(Cc3ccccc3F)c3ncccc23)nc2c1C(C)(C)C(=O)N2,IC50,110.0,nM,6.96,-8.5
CHEMBL5973868,CCOC(=O)C1(C)C(=O)Nc2nc(-c3nn(Cc4ccccc4F)c4ncccc34)ncc21,IC50,870.0,nM,6.06,-9.0
CHEMBL5786795,CC1(c2nncs2)C(=O)Nc2nc(-c3nn(Cc4ccccc4F)c4ncccc34)ncc21,IC50,1200.0,nM,5.92,-9.6
CHEMBL5800690,Cc1ncc(-c2nc(-c3nn(Cc4ccccc4F)c4ncccc34)nc3c2C(C)(C)C(=O)N3)s1,IC50,120.0,nM,6.92,-8.9
CHEMBL5863158,Cc1cc(-c2nc(-c3nn(Cc4ccccc4F)c4ncccc34)nc3c2C(C)(C)C(=O)N3)n(C)n1,IC50,690.0,nM,6.16,-9.6
CHEMBL5964880,CC(C)n1ccc(-c2nc(-c3nn(Cc4ccccc4F)c4ncccc34)nc3c2C(C)(C)C(=O)N3)n1,IC50,240.0,nM,6.62,-9.4
CHEMBL5983359,Cn1nccc1-c1nc(-c2nn(Cc3ccccc3F)c3ncccc23)nc2c1C(C)(C)C(=O)N2,IC50,250.0,nM,6.6,-10.4
CHEMBL5903617,Cn1c(C#N)ccc1-c1nc(-c2nn(Cc3ccccc3F)c3ncccc23)nc2c1C(C)(C)C(=O)N2,IC50,1300.0,nM,5.89,-8.8
CHEMBL5787529,CC1(C)C(=O)Nc2nc(-c3nn(Cc4ccccc4F)c4ncc(F)cc34)nc(CN)c21,IC50,870.0,nM,6.06,-9.1
CHEMBL6048755,COCCCc1nc(-c2nn(Cc3ccccc3F)c3ncccc23)nc2c1C(C)(C)C(=O)N2,IC50,120.0,nM,6.92,-8.6
CHEMBL5973918,CC1(C(=O)NC2CC2)C(=O)Nc2nc(-c3nn(CCC(F)(F)F)c4ncccc34)ncc21,IC50,4000.0,nM,5.4,-8.9
CHEMBL5871683,C=CCC1(C)C(=O)Nc2nc(-c3nn(Cc4ccccc4F)c4ncc(F)cc34)nnc21,IC50,140.0,nM,6.85,-9.7
CHEMBL5943918,CC1(CC(=O)O)C(=O)Nc2nc(-c3nn(Cc4ccccc4F)c4ncc(F)cc34)nnc21,IC50,3900.0,nM,5.41,-10.4
CHEMBL5908674,CCOC(=O)C#Cc1nc(-c2nn(Cc3ccccc3F)c3ncccc23)nc2c1C(C)(C)C(=O)N2,IC50,41.0,nM,7.39,-8.6
CHEMBL6007572,CC1(C)C(=O)Nc2nc(-c3nn(Cc4ccccc4F)c4ncccc34)nc(CC(N)=O)c21,IC50,15.0,nM,7.82,-9.3
CHEMBL5303462,Cc1nc2c(cc1F)c(-c1nnc3c(n1)NC(=O)C3(C)C)nn2Cc1cccc(F)c1F,IC50,5.0,nM,8.3,-11.0
CHEMBL5918831,Cc1ccc(Cn2nc(-c3nnc4c(n3)NC(=O)C4(C)C)c3cc(F)c(C)nc32)c(F)c1,IC50,1.5,nM,8.82,-11.8
CHEMBL5836809,Cc1ccc(Cn2nc(-c3nnc4c(n3)NC(=O)C4(C)C)c3ccc(C)nc32)c(F)c1,IC50,2.0,nM,8.7,-11.5
CHEMBL6065876,Cc1nc2c(cc1F)c(-c1nnc3c(n1)NC(=O)C3(C)C)nn2Cc1ccc(F)cc1F,IC50,21.0,nM,7.68,-11.7
CHEMBL6063406,Cc1ccc2c(-c3nnc4c(n3)NC(=O)C4(C)C)nn(Cc3ccc(F)cc3F)c2n1,IC50,34.0,nM,7.47,-11.4
CHEMBL5914462,Cc1nc2c(cc1F)c(-c1nnc3c(n1)NC(=O)C3(C)C)nn2Cc1ccc(Cl)cc1F,IC50,6.0,nM,8.22,-11.8
CHEMBL5778040,Cc1ccc2c(-c3nnc4c(n3)NC(=O)C4(C)C)nn(Cc3ccc(Cl)cc3F)c2n1,IC50,4.5,nM,8.35,-11.5
CHEMBL6039786,Cc1nc2c(cc1F)c(-c1nnc3c(n1)NC(=O)C3(C)C)nn2Cc1c(F)ccc(F)c1F,IC50,27.0,nM,7.57,-10.7
CHEMBL5902191,Cc1ccc2c(-c3nnc4c(n3)NC(=O)C4(C)C)nn(Cc3c(F)ccc(F)c3F)c2n1,IC50,21.0,nM,7.68,-9.9
CHEMBL5834057,Cc1nc2c(cc1F)c(-c1nnc3c(n1)NC(=O)C3(C)C)nn2Cc1cccc(Cl)c1F,IC50,42.0,nM,7.38,-11.3
CHEMBL5954611,Cc1ccc2c(-c3nnc4c(n3)NC(=O)C4(C)C)nn(Cc3cccc(Cl)c3F)c2n1,IC50,63.0,nM,7.2,-10.6
CHEMBL5842210,Cc1nc2c(cc1F)c(-c1nnc3c(n1)NC(=O)C3(C)C)nn2Cc1c(F)cccc1F,IC50,67.0,nM,7.17,-11.5
CHEMBL5895335,Cc1ccc2c(-c3nnc4c(n3)NC(=O)C4(C)C)nn(Cc3c(F)cccc3F)c2n1,IC50,24.0,nM,7.62,-11.4
CHEMBL6005377,Cc1ccc(Cn2nc(-c3nnc4c(n3)NC(=O)C4(C)C)c3cc(F)c(C)nc32)cc1F,IC50,8.0,nM,8.1,-11.7
CHEMBL5740797,Cc1ccc2c(-c3nnc4c(n3)NC(=O)C4(C)C)nn(Cc3ccc(C)c(F)c3)c2n1,IC50,10.0,nM,8.0,-9.8
CHEMBL5748343,Cc1ccc(Cn2nc(-c3nnc4c(n3)NC(=O)C4(C)C)c3cc(F)c(C)nc32)c(F)c1F,IC50,0.25,nM,9.6,-12.0
CHEMBL6021071,Cc1ccc2c(-c3nnc4c(n3)NC(=O)C4(C)C)nn(Cc3ccc(C)c(F)c3F)c2n1,IC50,0.65,nM,9.19,-10.5
CHEMBL6048419,Cc1ccc(Cn2nc(-c3nnc4c(n3)NC(=O)C43CC3)c3ccc(C)nc32)c(F)c1,IC50,16.0,nM,7.8,-12.1
CHEMBL6054510,Cc1ccc2c(-c3nnc4c(n3)NC(=O)C43CC3)nn(Cc3cccc(F)c3F)c2n1,IC50,21.0,nM,7.68,-10.9
CHEMBL5768551,Cc1ccc2c(-c3nnc4c(n3)NC(=O)C43CC3)nn(Cc3ccc(C)c(F)c3F)c2n1,IC50,4.0,nM,8.4,-9.6
CHEMBL5942848,CCc1cc(C#N)cc2c(NCc3ccc(OC)c(Cl)c3)c3c(nc12)CCN(C)C3,IC50,0.07,nM,10.15,-9.6
CHEMBL5776514,COc1ccc(CNc2c3c(nc4ccc(C#N)cc24)NCCNC3=O)cc1Cl,IC50,43.8,nM,7.36,-9.6
CHEMBL5996670,COc1ccc(CNc2c3c(nc4ccc(Br)cc24)CCNC3)cc1Cl,IC50,5.4,nM,8.27,-9.4
CHEMBL6002608,COc1ccc(Nc2c3c(nc4ccc(C#N)cc24)CCN(C(C)=O)C3)cc1Cl,IC50,593.0,nM,6.23,-8.2
CHEMBL5790717,COc1cc(Nc2c3c(nc4ccc(C#N)cc24)CCN(C(C)=O)C3)ccc1Cl,IC50,425.0,nM,6.37,-8.2
CHEMBL5914650,COc1ccc(C(C)Nc2c3c(nc4ccc(C#N)cc24)CCN(C(C)=O)C3)cc1Cl,IC50,26.9,nM,7.57,-9.1
CHEMBL5891324,COc1ccc(CCNc2c3c(nc4ccc(C#N)cc24)CCN(C(C)=O)C3)cc1Cl,IC50,10.6,nM,7.97,-9.0
CHEMBL6021823,CC(=O)N1CCc2nc3ccc(C#N)cc3c(NCc3cc(F)c(F)c(F)c3)c2C1,IC50,3.3,nM,8.48,-9.7
CHEMBL6162075,N#Cc1c(-c2cccs2)nc(SCc2cccc(Cl)c2)[nH]c1=O,IC50,2017.0,nM,5.7,-9.0
CHEMBL6162994,N#Cc1c(-c2ccc(Cl)s2)nc(SCc2cccc(Cl)c2)[nH]c1=O,IC50,715.0,nM,6.15,-9.2
CHEMBL6108910,CCc1nn(C)c2nc(-c3ccc4c(c3)COB4O)nc(NCc3ccc(F)cc3)c12,IC50,50.0,nM,7.3,N/A
CHEMBL6150945,COC(=O)[C@H]1C[C@@H](Oc2c(O)ccc3cc(-c4ccc(OC(F)F)c(OCC5CC5)c4)oc23)CN1,IC50,1730.0,nM,5.76,-9.3
