Number of HBD,Number of HBA,MW (Da),N. Carbon atoms,N. heavy atoms,N. Hydrogen atoms,N. Nitrogen atoms,N. Oxygen atoms,N. Fluorine atoms,N. Sulphur atoms,N. Chlorine atoms,Pentamers,Hexamers,Heptamers,Aromatic cycles,clogP,Dataset
2,6,497.9550000000004,25,34,19,2,4,1,1,1,2,3,0,3,5.412390000000003,AIEMG
2,3,519.0920000000002,33,38,31,4,0,0,0,1,1,4,0,5,5.520390000000004,AIEMG
2,3,415.5620000000002,25,30,25,3,1,0,1,0,1,4,0,4,6.204420000000005,AIEMG
2,2,474.02800000000025,28,34,30,4,1,0,0,1,0,5,0,3,3.962590000000003,AIEMG
2,4,426.52000000000015,26,32,26,4,2,0,0,0,0,3,0,3,3.3295900000000023,AIEMG
1,6,436.5330000000002,24,31,24,2,4,0,1,0,1,3,0,2,3.7209900000000022,AIEMG
2,5,335.386,19,25,18,5,0,1,0,0,0,3,0,3,4.385700000000003,AIEMG
1,6,546.0470000000003,29,38,23,4,2,1,1,1,2,3,0,4,6.053890000000004,AIEMG
0,7,433.5120000000002,24,32,27,5,3,0,0,0,1,4,0,3,2.3132,AIEMG
2,5,404.4430000000001,19,28,19,3,4,1,1,0,0,3,0,2,-0.48309999999999964,AIEMG
3,3,324.4320000000001,18,24,24,6,0,0,0,0,1,3,0,2,0.42349999999999977,AIEMG
0,5,375.32700000000017,19,27,15,1,5,2,0,0,1,3,0,2,3.0459000000000014,AIEMG
1,4,414.8890000000003,22,29,23,2,4,0,0,1,0,3,0,2,4.5203900000000035,AIEMG
1,4,439.6480000000004,26,32,41,5,1,0,0,0,2,3,0,1,2.8680900000000014,AIEMG
2,1,370.4270000000001,24,28,19,2,1,1,0,0,0,3,0,3,4.306190000000003,AIEMG
2,3,349.4150000000001,19,25,15,3,2,0,1,0,1,3,0,4,3.5443000000000016,AIEMG
0,7,434.45500000000015,26,33,18,4,3,0,0,0,0,5,0,4,4.746080000000004,AIEMG
2,4,389.4060000000001,23,29,18,2,3,1,0,0,1,3,0,3,4.572190000000003,AIEMG
1,5,453.2960000000001,21,29,17,4,3,0,0,0,0,4,0,3,4.200000000000003,AIEMG
3,2,384.93100000000015,22,27,27,3,1,0,0,1,0,4,0,2,0.6501000000000012,AIEMG
2,3,307.3730000000001,19,23,19,2,2,0,0,0,1,3,0,2,-0.3360999999999983,AIEMG
1,5,400.4130000000002,23,30,17,4,2,1,0,0,0,4,0,3,3.210890000000001,AIEMG
1,7,395.4190000000001,19,28,14,5,2,1,1,0,1,3,0,3,2.0619899999999998,AIEMG
2,4,425.57200000000034,25,31,34,4,1,1,0,0,2,3,0,3,3.5150000000000023,AIEMG
1,6,363.37300000000005,20,27,17,3,4,0,0,0,1,2,0,2,1.8774,AIEMG
1,3,423.87100000000015,24,30,19,1,3,1,0,1,0,3,0,3,5.523190000000004,AIEMG
1,7,348.41100000000006,18,25,14,5,1,0,1,0,1,3,0,4,2.763600000000001,AIEMG
1,6,390.4430000000002,22,29,22,4,3,0,0,0,1,3,0,3,4.384540000000002,AIEMG
3,3,425.53300000000024,23,31,31,5,3,0,0,0,2,2,0,1,-0.08350999999999531,AIEMG
4,5,375.3640000000002,16,27,18,7,3,1,0,0,1,2,0,2,-0.9248999999999994,AIEMG
3,3,364.298,14,25,15,5,1,5,0,0,2,1,0,2,1.1303999999999994,AIEMG
2,3,406.89300000000003,23,29,21,3,2,0,0,1,1,3,0,3,3.3032000000000012,AIEMG
2,2,409.26300000000003,20,26,15,3,2,0,0,0,2,2,0,3,2.872390000000001,AIEMG
2,4,424.83100000000013,20,29,19,2,4,2,0,1,1,2,0,2,3.357400000000002,AIEMG
0,3,372.32200000000006,20,27,13,1,3,3,0,0,1,2,0,2,4.134010000000003,AIEMG
3,3,389.49900000000014,24,29,27,3,2,0,0,0,0,3,0,2,3.2272900000000018,AIEMG
1,7,476.57800000000026,26,34,26,3,4,0,1,0,0,4,0,3,4.871530000000004,AIEMG
2,4,380.4480000000001,21,28,24,4,3,0,0,0,0,3,0,2,2.8973000000000013,AIEMG
2,4,438.67800000000017,18,28,12,4,3,0,0,3,1,2,0,2,3.2289900000000005,AIEMG
0,5,383.4750000000001,24,29,23,4,1,0,0,0,0,4,0,2,3.497550000000002,AIEMG
1,4,338.4550000000001,20,25,26,4,1,0,0,0,0,3,0,2,3.001400000000002,AIEMG
0,1,383.291,19,27,11,1,1,6,0,0,0,2,0,2,4.886690000000002,AIEMG
1,2,340.85400000000004,20,24,21,2,1,0,0,1,0,3,0,2,3.9792900000000033,AIEMG
1,6,436.58100000000013,24,31,28,4,2,0,1,0,2,2,0,3,4.857090000000005,AIEMG
1,4,473.90700000000027,24,33,22,3,3,2,0,1,1,3,0,3,4.421190000000004,AIEMG
2,3,511.06500000000017,32,37,31,2,2,0,0,1,0,4,0,4,6.296890000000006,AIEMG
1,1,398.33299999999997,23,27,21,1,1,0,0,2,0,3,0,2,6.380690000000004,AIEMG
1,4,499.9680000000002,21,32,18,2,4,2,2,1,0,3,0,3,2.829600000000002,AIEMG
1,6,435.5030000000002,24,32,26,5,2,1,0,0,0,4,0,3,3.366500000000001,AIEMG
2,5,511.35100000000017,24,33,20,4,3,1,0,0,0,4,0,3,3.269100000000001,AIEMG
1,4,348.40400000000005,15,23,11,3,2,1,2,0,1,2,0,3,2.1949999999999994,AIEMG
2,7,414.8050000000002,19,29,15,4,5,0,0,1,0,3,0,3,1.8500899999999991,AIEMG
1,3,364.30300000000017,17,26,13,3,3,3,0,0,1,2,0,2,3.7190900000000022,AIEMG
1,5,340.36600000000004,20,26,14,5,1,0,0,0,2,3,0,4,0.10980000000000034,AIEMG
2,3,419.4720000000002,21,29,20,3,1,3,1,0,1,2,0,2,5.011690000000003,AIEMG
0,3,416.54100000000017,26,30,23,1,1,1,1,0,0,4,0,3,6.296680000000006,AIEMG
2,6,376.80300000000017,20,27,13,4,2,0,0,1,1,2,0,2,3.8754300000000024,AIEMG
2,4,300.3830000000001,16,21,16,2,2,0,1,0,1,2,0,1,2.3596700000000004,AIEMG
2,4,339.374,18,25,18,5,1,1,0,0,1,2,0,3,2.966800000000001,AIEMG
3,5,322.36800000000005,18,24,18,4,2,0,0,0,0,3,0,3,-0.3368999999999991,AIEMG
3,3,403.9820000000003,21,28,32,6,0,0,0,1,1,3,0,1,-1.0625999999999953,AIEMG
4,3,308.34100000000007,17,23,16,4,2,0,0,0,1,3,0,2,-1.0506999999999977,AIEMG
2,9,394.4360000000001,19,28,16,5,3,0,1,0,2,2,0,3,-0.48299999999999943,AIEMG
2,3,467.4880000000001,22,32,21,3,2,4,1,0,0,3,0,2,2.7238900000000017,AIEMG
1,5,364.446,21,26,18,1,3,0,1,0,2,2,0,3,4.738610000000004,AIEMG
2,2,438.77800000000013,18,25,17,3,1,0,1,1,1,2,0,2,3.7529900000000023,AIEMG
1,4,300.33900000000006,15,21,12,2,3,0,1,0,0,2,0,2,1.52999,AIEMG
2,8,466.54100000000017,18,30,15,4,4,1,3,0,1,2,0,3,3.0638000000000014,AIEMG
0,4,392.45600000000013,22,28,18,1,4,0,1,0,1,3,0,3,3.960390000000003,AIEMG
3,1,383.53900000000004,26,29,29,3,0,0,0,0,1,4,0,3,0.661900000000003,AIEMG
2,2,362.9050000000001,19,25,27,4,1,0,0,1,0,3,0,1,1.1670000000000005,AIEMG
2,6,402.8450000000001,21,29,15,6,1,0,0,1,1,3,0,4,2.0907000000000004,AIEMG
2,2,420.93600000000026,22,29,28,3,2,1,0,1,1,2,0,1,2.1303799999999997,AIEMG
3,4,352.36899999999997,19,26,17,4,2,1,0,0,0,3,0,3,2.1037899999999996,AIEMG
1,3,296.37100000000004,17,21,14,1,2,0,1,0,1,2,0,2,2.7922900000000013,AIEMG
0,4,388.38900000000007,21,28,19,2,2,3,0,0,1,3,0,2,3.6114900000000025,AIEMG
1,4,356.51500000000004,20,25,26,3,1,0,1,0,3,1,0,2,4.334090000000003,AIEMG
2,3,425.81900000000013,18,28,11,3,2,3,1,1,0,3,0,3,6.229100000000003,AIEMG
1,3,386.4420000000001,22,28,24,2,2,2,0,0,0,2,0,2,4.078100000000004,AIEMG
1,3,443.3850000000002,23,28,27,2,2,0,0,0,1,2,0,2,5.192590000000005,AIEMG
1,3,334.3920000000001,17,23,17,1,3,1,1,0,1,2,0,1,2.548590000000001,AIEMG
2,4,387.48700000000014,23,29,25,5,1,0,0,0,0,3,0,3,1.3865,AIEMG
3,2,378.28300000000013,18,25,19,4,1,0,0,2,1,2,0,3,2.4853000000000014,AIEMG
2,4,318.3980000000001,16,22,18,2,3,0,1,0,0,3,0,2,0.7496999999999996,AIEMG
2,6,319.70799999999997,13,22,10,5,3,0,0,1,1,2,0,3,0.8762999999999999,AIEMG
2,6,411.4620000000002,21,30,25,5,4,0,0,0,0,3,0,2,0.05990000000000406,AIEMG
2,3,359.90700000000004,17,23,14,3,0,0,2,1,1,2,0,2,2.7527000000000017,AIEMG
3,5,337.35900000000004,18,25,17,4,3,0,0,0,2,2,0,2,-0.7881999999999982,AIEMG
2,3,382.415,21,28,21,3,3,1,0,0,0,3,0,2,3.3103900000000017,AIEMG
2,3,467.5930000000003,29,35,31,4,2,0,0,0,1,4,0,4,3.392590000000002,AIEMG
1,4,432.2830000000002,21,29,17,2,4,0,0,2,1,2,0,2,3.548090000000002,AIEMG
2,2,395.4780000000002,23,29,26,3,2,1,0,0,0,3,0,2,4.095590000000002,AIEMG
1,2,316.32699999999994,18,23,16,1,2,2,0,0,1,2,0,2,3.0093900000000016,AIEMG
3,4,382.3710000000001,20,28,17,3,4,1,0,0,0,3,0,2,2.3208900000000003,AIEMG
1,4,304.305,18,23,12,2,3,0,0,0,1,2,0,3,1.9517900000000001,AIEMG
3,4,369.42400000000004,23,28,19,3,2,0,0,0,0,3,0,3,1.5858899999999998,AIEMG
1,3,287.34200000000004,19,22,15,2,1,0,0,0,0,3,0,3,4.133190000000002,AIEMG
2,2,329.3950000000001,19,24,22,2,2,1,0,0,0,2,0,2,2.4573,AIEMG
2,2,296.37,18,22,20,2,2,0,0,0,0,2,0,2,2.845620000000001,AIEMG
1,2,456.9980000000001,27,32,21,2,1,0,1,1,0,4,0,3,6.502350000000005,AIEMG
1,2,291.35,19,22,17,1,2,0,0,0,3,1,0,2,3.759820000000002,AIEMG
1,8,338.3520000000001,15,24,10,6,2,0,1,0,3,1,0,4,2.631100000000001,AIEMG
0,3,376.4520000000002,19,26,20,3,1,2,1,0,2,2,0,2,1.7909000000000002,AIEMG
0,4,378.42800000000005,22,28,22,2,4,0,0,0,0,3,0,2,3.333590000000002,AIEMG
2,2,338.8430000000001,18,23,13,3,0,0,1,1,0,3,0,3,4.690700000000002,AIEMG
2,3,459.63600000000037,24,32,35,4,3,0,1,0,2,2,0,1,3.6624900000000027,AIEMG
1,1,347.38,20,25,20,1,1,3,0,0,0,3,0,2,3.689090000000002,AIEMG
0,1,349.38000000000005,22,26,17,1,1,2,0,0,0,3,0,3,4.833390000000004,AIEMG
2,5,430.7910000000002,17,28,10,2,4,3,1,1,2,1,0,2,3.452090000000001,AIEMG
0,5,391.4690000000001,18,26,16,2,3,1,2,0,1,2,0,2,4.415890000000004,AIEMG
1,3,327.79099999999994,18,23,16,2,2,0,0,1,0,3,0,2,3.1153900000000014,AIEMG
0,7,372.43200000000013,21,28,20,6,1,0,0,0,3,2,0,2,2.516790000000001,AIEMG
2,3,297.35800000000006,17,22,19,3,2,0,0,0,1,2,0,2,1.8181999999999996,AIEMG
1,6,392.28200000000004,15,23,14,5,1,0,1,0,1,2,0,3,3.2451000000000016,AIEMG
1,6,371.76000000000005,17,26,12,4,4,0,0,1,1,2,0,3,3.068220000000001,AIEMG
2,4,341.7780000000001,17,24,14,4,2,0,0,1,0,2,0,2,3.592010000000002,AIEMG
0,5,360.3930000000001,21,27,18,3,3,0,0,0,2,2,0,3,3.6276100000000024,AIEMG
0,8,423.4940000000001,22,30,21,3,4,0,1,0,1,2,0,3,4.168010000000003,AIEMG
1,3,295.36600000000004,17,22,19,4,1,0,0,0,0,3,0,2,2.653290000000001,AIEMG
1,7,408.4180000000001,20,30,20,6,4,0,0,0,1,2,0,3,2.7880200000000013,AIEMG
0,6,374.8490000000001,18,25,15,2,3,0,1,1,1,3,0,2,2.885390000000001,AIEMG
2,4,377.51700000000017,21,27,23,5,0,0,1,0,1,3,0,3,1.9406999999999992,AIEMG
1,5,333.363,16,23,13,3,1,2,1,0,1,2,0,3,1.9309,AIEMG
4,3,359.8410000000001,17,25,20,6,1,0,0,1,0,3,0,2,-0.5195999999999976,AIEMG
2,3,353.85700000000014,19,25,20,5,0,0,0,1,1,2,0,2,1.4769799999999997,AIEMG
1,3,368.46000000000004,24,28,22,3,1,0,0,0,1,3,0,4,3.0330000000000013,AIEMG
5,5,416.28300000000013,17,26,18,7,1,0,0,0,1,2,0,3,0.7533999999999992,AIEMG
2,3,295.363,17,21,13,1,2,0,1,0,2,2,0,3,3.387600000000001,AIEMG
3,4,421.52100000000024,24,31,29,4,3,0,0,0,0,3,0,2,0.7610900000000023,AIEMG
1,4,374.82400000000007,19,26,19,2,4,0,0,1,1,2,0,1,2.3448900000000004,AIEMG
1,4,316.76800000000003,16,22,15,3,2,0,0,1,0,3,0,2,3.5856900000000014,AIEMG
1,7,295.2780000000001,15,22,11,4,3,0,0,0,2,2,0,3,1.6918899999999997,AIEMG
3,3,368.269,15,23,13,4,1,0,1,2,2,1,0,3,3.0267000000000017,AIEMG
2,4,435.42200000000014,22,31,22,2,4,3,0,0,1,1,0,2,4.085390000000003,AIEMG
1,4,365.82000000000005,20,26,16,3,2,0,0,1,0,3,0,3,3.170090000000002,AIEMG
0,3,386.51500000000016,26,29,28,1,2,0,0,0,1,3,0,2,6.101370000000005,AIEMG
0,4,343.79100000000005,17,23,10,1,3,0,1,1,1,2,0,3,5.165290000000003,AIEMG
1,3,412.5380000000002,25,30,22,3,1,0,1,0,3,2,0,4,5.444690000000005,AIEMG
2,9,491.5980000000005,23,33,34,5,3,0,1,0,2,3,0,2,3.7020000000000026,AIEMG
2,2,323.4400000000001,20,24,25,3,1,0,0,0,1,2,0,2,1.9154999999999995,AIEMG
1,3,344.36600000000004,18,25,19,3,3,1,0,0,1,2,0,2,1.5540999999999996,AIEMG
3,1,276.25699999999995,12,19,14,3,0,4,0,0,0,2,0,1,-0.5287999999999997,AIEMG
2,2,281.33500000000004,17,21,17,2,2,0,0,0,0,2,0,2,1.3650999999999993,AIEMG
1,4,283.209,12,20,8,3,2,3,0,0,0,2,0,2,3.752200000000002,AIEMG
1,3,308.361,18,23,18,3,2,0,0,0,0,3,0,2,2.02989,AIEMG
2,5,342.35800000000006,20,26,14,4,2,0,0,0,1,2,0,2,0.6953299999999997,AIEMG
2,9,380.3630000000001,13,25,8,4,6,0,2,0,1,3,0,2,0.10127999999999981,AIEMG
1,5,357.4540000000001,20,26,27,3,3,0,0,0,2,2,0,2,2.806100000000001,AIEMG
2,5,417.3910000000001,20,30,18,5,2,3,0,0,1,2,0,3,3.8661900000000022,AIEMG
2,3,390.82200000000006,19,27,18,3,3,1,0,1,3,1,0,2,2.9754900000000015,AIEMG
2,5,451.59100000000035,26,33,35,4,3,0,0,0,1,2,0,1,2.48369,AIEMG
1,3,348.8300000000002,18,24,21,2,3,0,0,1,0,2,0,1,1.8132899999999996,AIEMG
2,4,413.2910000000001,21,26,19,1,3,0,0,0,0,3,0,2,5.407590000000004,AIEMG
1,4,373.4780000000001,19,26,23,3,3,0,1,0,0,3,0,2,1.6154,AIEMG
1,4,389.403,19,27,15,2,3,2,1,0,1,2,0,2,4.020390000000003,AIEMG
2,5,371.4000000000001,21,28,17,5,2,0,0,0,1,2,0,3,2.7701800000000008,AIEMG
2,7,383.47700000000015,19,27,21,5,2,0,1,0,1,2,0,3,3.0151400000000006,AIEMG
2,4,367.327,17,26,16,3,3,3,0,0,0,2,0,2,2.6226000000000003,AIEMG
1,4,312.325,17,23,16,2,4,0,0,0,0,3,0,1,2.547790000000001,AIEMG
3,3,310.184,14,20,13,3,1,0,0,2,2,1,0,2,3.8500000000000023,AIEMG
0,5,345.358,20,26,15,3,3,0,0,0,2,2,0,3,2.3816100000000002,AIEMG
3,3,367.32500000000005,18,26,16,4,3,0,0,0,1,2,0,3,2.4239900000000008,AIEMG
2,4,290.326,17,22,14,4,1,0,0,0,1,2,0,3,0.845,AIEMG
1,8,366.2890000000001,17,27,10,4,6,0,0,0,0,3,0,3,0.9413899999999995,AIEMG
0,3,278.307,18,21,14,0,3,0,0,0,0,3,0,3,4.067600000000002,AIEMG
3,2,230.242,13,17,11,2,1,1,0,0,0,2,0,2,0.9349000000000001,AIEMG
2,2,336.3370000000001,17,24,17,3,1,3,0,0,1,2,0,2,1.4862,AIEMG
3,3,304.80600000000004,14,20,13,4,0,0,1,1,0,3,0,2,1.5388999999999997,AIEMG
1,5,290.326,17,22,14,4,1,0,0,0,1,2,0,3,1.3685999999999998,AIEMG
4,2,309.36500000000007,15,22,22,4,2,1,0,0,0,2,0,1,-0.30559999999999854,AIEMG
1,6,411.4860000000001,20,29,20,6,1,1,1,0,1,3,0,3,2.3440000000000003,AIEMG
4,3,276.3400000000001,14,20,20,4,2,0,0,0,0,2,0,1,-0.3337999999999992,AIEMG
4,3,339.38300000000004,16,25,19,8,1,0,0,0,1,2,0,3,-4.127999999999998,AIEMG
2,4,378.42500000000007,18,26,19,2,4,1,1,0,0,2,0,2,1.3692000000000004,AIEMG
0,4,363.46100000000007,22,27,25,3,2,0,0,0,1,3,0,2,2.490500000000001,AIEMG
2,3,298.293,17,22,13,1,3,1,0,0,1,2,0,3,3.302990000000001,AIEMG
2,5,412.36500000000007,18,28,13,1,5,3,1,0,1,2,0,3,4.121790000000002,AIEMG
1,4,354.84100000000024,19,25,19,4,1,0,0,1,1,2,0,2,2.6699900000000003,AIEMG
1,6,411.41400000000016,20,29,14,3,4,1,1,0,1,2,0,2,1.0468699999999997,AIEMG
0,5,379.46100000000007,21,27,19,2,3,0,1,0,1,2,0,3,4.637930000000004,AIEMG
3,6,370.3860000000001,18,26,14,2,5,0,1,0,0,2,0,2,0.5695899999999992,AIEMG
0,3,360.7920000000001,19,25,16,1,3,1,0,1,0,2,0,2,5.076890000000004,AIEMG
0,6,281.27099999999996,15,21,11,3,3,0,0,0,1,2,0,3,2.4886,AIEMG
0,4,329.37500000000006,18,24,20,3,2,1,0,0,0,3,0,2,3.381800000000002,AIEMG
1,3,338.2590000000001,16,21,13,1,1,0,1,2,0,3,0,2,4.926600000000002,AIEMG
2,6,354.33600000000007,15,25,17,6,1,3,0,0,1,2,0,2,-0.14639999999999942,AIEMG
2,4,364.4010000000001,21,27,20,2,4,0,0,0,1,2,0,3,3.7024200000000027,AIEMG
0,8,489.84900000000016,20,33,12,3,8,0,1,1,0,3,0,3,4.239490000000003,AIEMG
2,3,335.4490000000001,17,23,23,2,3,0,1,0,0,2,0,1,3.0321900000000017,AIEMG
3,3,346.4550000000002,18,25,28,5,2,0,0,0,0,3,0,1,-0.3115999999999981,AIEMG
2,5,271.30000000000007,14,20,15,4,2,0,0,0,1,2,0,2,-0.5128000000000001,AIEMG
2,5,296.3340000000001,15,22,16,6,1,0,0,0,1,2,0,2,-0.24289999999999967,AIEMG
2,5,266.30800000000005,14,20,14,6,0,0,0,0,2,1,0,3,-0.39239999999999897,AIEMG
1,3,281.38300000000004,17,21,21,4,0,0,0,0,0,3,0,2,-0.3430999999999971,AIEMG
3,4,351.8820000000002,17,24,26,5,1,0,0,1,0,3,0,1,0.7622000000000002,AIEMG
3,2,281.38300000000004,17,21,21,4,0,0,0,0,0,3,0,2,-0.5954999999999986,AIEMG
2,7,369.4430000000001,16,25,23,3,5,0,1,0,1,2,0,1,-0.6816999999999973,AIEMG
1,4,308.263,14,22,11,4,1,3,0,0,2,1,0,3,2.993100000000001,AIEMG
0,3,365.5190000000002,19,25,29,2,3,0,1,0,2,2,0,0,2.2940900000000006,AIEMG
1,5,328.369,17,23,14,1,4,0,1,0,1,2,0,2,2.11,AIEMG
1,4,366.315,18,26,15,1,4,3,0,0,1,2,0,2,2.9907900000000014,AIEMG
1,5,367.42600000000016,20,26,17,1,4,0,1,0,0,3,0,2,3.6971900000000026,AIEMG
1,6,422.48500000000024,23,31,26,4,4,0,0,0,1,2,0,2,3.0116000000000014,AIEMG
1,7,339.375,18,25,19,4,3,0,0,0,3,1,0,2,2.913970000000001,AIEMG
2,5,333.37100000000015,19,25,17,4,2,0,0,0,1,2,0,3,0.3049899999999997,AIEMG
2,4,355.34400000000005,19,26,15,3,2,2,0,0,0,2,0,2,2.625770000000001,AIEMG
1,3,356.53400000000005,22,26,34,3,1,0,0,0,0,3,0,1,3.4879900000000017,AIEMG
1,8,404.28900000000004,13,26,9,6,1,4,1,0,1,2,0,3,0.8517899999999997,AIEMG
2,5,349.4380000000001,20,26,23,5,1,0,0,0,1,2,0,3,3.6047600000000024,AIEMG
2,3,336.4600000000001,20,24,20,2,1,0,1,0,1,2,0,2,3.8625900000000026,AIEMG
1,3,285.34700000000004,16,21,19,3,2,0,0,0,1,2,0,1,2.799380000000001,AIEMG
3,4,357.2610000000001,16,23,20,3,2,0,0,2,0,2,0,1,3.298490000000001,AIEMG
2,4,299.3740000000001,17,22,21,3,2,0,0,0,0,3,0,2,2.754900000000001,AIEMG
2,5,338.38800000000003,18,24,14,2,3,0,1,0,1,3,0,3,0.9771000000000001,AIEMG
2,2,282.41200000000003,17,20,18,2,0,0,1,0,0,3,0,2,1.6592000000000002,AIEMG
4,2,328.4150000000002,18,24,23,5,0,1,0,0,1,2,0,2,-0.8216999999999972,AIEMG
1,2,305.37200000000007,17,22,21,3,0,2,0,0,1,2,0,1,1.1361000000000003,AIEMG
0,3,324.37100000000004,16,22,15,2,0,3,1,0,1,2,0,2,4.471400000000003,AIEMG
3,3,307.8050000000002,15,21,20,4,1,0,0,1,0,3,0,1,0.07419999999999938,AIEMG
1,5,340.30499999999995,15,24,15,4,2,3,0,0,1,2,0,2,2.130700000000001,AIEMG
3,6,400.3910000000002,19,29,20,4,6,0,0,0,0,2,0,2,2.3204000000000002,AIEMG
1,4,378.202,16,23,14,2,4,0,0,0,0,2,0,2,3.104890000000001,AIEMG
0,5,283.72200000000004,14,20,10,5,0,0,0,1,3,1,0,4,2.7259900000000004,AIEMG
1,3,391.5080000000002,21,27,26,1,3,1,1,0,2,2,0,2,2.39039,AIEMG
0,3,353.80899999999997,19,25,16,3,2,0,0,1,1,2,0,3,3.2269900000000016,AIEMG
3,8,517.9960000000002,22,34,18,4,5,0,2,1,1,2,0,2,3.689890000000002,AIEMG
1,5,299.35500000000013,15,21,13,3,2,0,1,0,1,1,0,2,2.5940900000000005,AIEMG
0,1,268.767,17,19,15,1,0,0,0,1,1,2,0,2,4.2905900000000035,AIEMG
0,4,393.29400000000015,18,25,13,3,0,1,1,2,1,2,0,3,6.028090000000003,AIEMG
1,6,454.9770000000002,20,29,21,1,5,0,2,1,0,3,0,2,3.911990000000003,AIEMG
0,6,271.324,14,20,17,5,1,0,0,0,2,2,0,2,1.4494999999999998,AIEMG
0,2,348.46700000000027,22,25,20,0,2,0,1,0,0,3,0,2,4.039850000000003,AIEMG
3,3,458.4680000000002,24,29,34,4,0,0,0,0,0,3,0,2,3.199200000000003,AIEMG
1,5,336.43800000000016,15,22,16,2,3,0,2,0,2,1,0,2,2.988800000000002,AIEMG
0,4,394.2090000000001,18,26,12,2,3,1,0,2,0,2,0,2,3.951970000000002,AIEMG
1,3,235.282,13,17,16,2,1,1,0,0,0,2,0,1,-0.13050000000000028,AIEMG
2,1,272.29799999999994,16,20,14,2,0,2,0,0,1,2,0,3,2.4955000000000007,AIEMG
3,3,332.4280000000002,17,24,26,5,2,0,0,0,1,2,0,1,-2.7721999999999944,AIEMG
3,3,302.35300000000007,16,22,19,4,1,1,0,0,1,2,0,2,0.4894000000000003,AIEMG
1,1,280.685,13,19,9,3,0,2,0,1,0,2,0,2,0.7738000000000003,AIEMG
3,3,297.69599999999997,12,20,10,5,0,2,0,1,0,2,0,2,0.5107999999999995,AIEMG
1,5,345.3470000000001,14,23,15,2,4,2,1,0,1,1,0,1,-2.173299999999995,AIEMG
1,3,347.84200000000004,19,24,22,1,3,0,0,1,0,2,0,2,3.5507000000000026,AIEMG
2,6,345.384,15,24,15,5,3,0,1,0,1,2,0,3,0.8584999999999992,AIEMG
1,4,320.30400000000003,18,24,12,2,4,0,0,0,1,2,0,2,1.8470899999999997,AIEMG
1,3,282.241,14,20,11,1,2,3,0,0,0,2,0,2,3.646390000000001,AIEMG
2,1,251.75699999999998,14,17,18,1,1,0,0,1,1,1,0,1,1.6198899999999996,AIEMG
0,3,368.497,23,27,30,1,3,0,0,0,1,2,0,1,4.490690000000004,AIEMG
2,3,404.3090000000001,18,24,16,2,2,0,1,0,0,2,0,2,3.605190000000002,AIEMG
2,2,278.75800000000004,15,19,16,2,0,1,0,1,0,2,0,2,2.3377000000000008,AIEMG
1,3,372.5830000000001,20,25,26,3,0,0,2,0,2,1,0,2,2.8362000000000007,AIEMG
2,3,278.339,16,21,16,5,0,0,0,0,1,2,0,3,0.5628,AIEMG
2,3,356.83400000000006,18,24,13,2,2,0,1,1,0,2,0,2,2.7124900000000007,AIEMG
1,2,319.4000000000001,18,23,24,2,2,1,0,0,1,2,0,1,3.2730900000000025,AIEMG
0,3,398.3250000000001,20,24,16,1,1,0,1,0,0,3,0,3,5.644790000000004,AIEMG
3,4,375.8759999999999,20,26,24,2,3,0,0,1,1,2,0,1,2.11019,AIEMG
1,3,359.85600000000005,19,25,21,4,0,1,0,1,0,3,0,2,2.2754000000000003,AIEMG
1,4,279.34299999999996,17,21,17,3,1,0,0,0,1,2,0,3,1.9789999999999996,AIEMG
1,6,348.84000000000015,14,22,9,4,1,0,2,1,1,2,0,2,3.118000000000001,AIEMG
2,3,300.745,16,21,13,2,2,0,0,1,0,2,0,2,2.6750800000000003,AIEMG
1,4,371.40500000000003,17,25,19,1,4,2,1,0,0,2,0,2,3.1620000000000017,AIEMG
2,6,382.4890000000001,20,27,22,4,2,0,1,0,1,2,0,3,3.5424800000000016,AIEMG
0,3,319.381,16,22,16,2,2,1,1,0,0,3,0,2,1.2807,AIEMG
0,2,206.24799999999996,14,16,10,2,0,0,0,0,1,2,0,2,1.9379999999999993,AIEMG
2,4,380.4410000000001,18,26,21,2,4,1,1,0,0,2,0,2,2.6100000000000003,AIEMG
2,5,303.38199999999995,17,22,23,2,3,0,0,0,1,2,0,1,-0.9268999999999974,AIEMG
2,3,369.84700000000026,17,25,22,5,0,2,0,1,1,2,0,1,1.0028000000000006,AIEMG
1,2,214.26799999999994,13,16,14,2,1,0,0,0,2,1,0,1,0.3764999999999994,AIEMG
0,4,312.324,17,23,15,3,2,1,0,0,1,2,0,3,2.0178999999999996,AIEMG
1,3,333.81900000000013,17,23,20,3,2,0,0,1,2,1,0,1,2.630090000000001,AIEMG
1,5,441.5530000000001,22,30,20,3,2,1,2,0,0,3,0,2,3.8149700000000024,AIEMG
2,5,358.4490000000002,21,27,22,6,0,0,0,0,3,1,0,3,3.005890000000001,AIEMG
2,3,332.4490000000001,17,23,22,3,2,0,1,0,1,2,0,1,1.74599,AIEMG
1,5,279.32099999999997,12,19,13,3,3,0,1,0,1,1,0,2,1.0758999999999999,AIEMG
0,5,353.36800000000005,17,25,20,4,1,3,0,0,1,2,0,1,2.8470700000000013,AIEMG
0,2,322.375,17,22,15,1,0,3,1,0,1,2,0,2,4.791990000000003,AIEMG
1,5,355.39400000000023,19,26,21,3,4,0,0,0,1,2,0,1,1.6133700000000002,AIEMG
2,9,330.397,14,23,16,7,1,0,1,0,2,2,0,2,0.8224899999999993,AIEMG
2,2,310.38800000000003,17,22,24,2,1,2,0,0,1,2,0,1,1.1790900000000004,AIEMG
1,2,252.24800000000002,15,19,9,2,1,1,0,0,0,2,0,2,1.8006900000000001,AIEMG
3,2,226.25900000000004,13,17,12,3,1,0,0,0,1,1,0,2,-0.2259099999999994,AIEMG
1,3,309.346,17,22,11,1,3,0,1,0,0,2,0,2,3.965760000000002,AIEMG
0,2,300.23100000000005,14,21,10,1,2,4,0,0,1,1,0,1,2.9538900000000012,AIEMG
1,5,395.4300000000001,18,27,18,4,1,3,1,0,1,1,0,2,3.318990000000002,AIEMG
1,3,328.3870000000001,19,24,21,2,2,1,0,0,0,2,0,1,1.85139,AIEMG
1,3,299.39500000000004,17,21,17,1,2,0,1,0,2,1,0,1,2.2624900000000006,AIEMG
0,4,357.50200000000007,20,26,31,5,1,0,0,0,2,2,0,2,1.0485000000000009,AIEMG
3,4,270.31600000000003,14,20,16,5,1,0,0,0,1,1,0,2,-0.22940999999999967,AIEMG
3,3,378.439,21,27,26,1,3,2,0,0,0,3,0,2,2.0069,AIEMG
2,2,298.317,17,22,15,2,2,1,0,0,1,2,0,2,1.6839099999999994,AIEMG
1,3,253.306,14,18,9,2,1,0,1,0,1,2,0,3,2.5150000000000006,AIEMG
3,3,332.44800000000015,18,24,28,4,2,0,0,0,1,2,0,1,1.4569899999999991,AIEMG
3,4,314.10800000000006,11,20,7,4,3,0,0,2,1,1,0,1,0.8148899999999999,AIEMG
1,5,287.24600000000004,15,21,10,1,4,1,0,0,0,2,0,2,1.5042999999999993,AIEMG
1,6,433.43600000000004,20,30,17,3,4,2,1,0,1,2,0,3,3.005090000000002,AIEMG
1,5,305.3350000000001,14,21,13,2,4,0,1,0,1,2,0,2,0.8013999999999997,AIEMG
2,4,248.23699999999997,12,18,11,3,2,1,0,0,0,2,0,2,0.4853899999999998,AIEMG
1,2,290.426,18,21,27,2,0,1,0,0,1,2,0,1,4.620300000000005,AIEMG
4,2,323.348,14,22,13,4,1,2,1,0,0,2,0,2,1.4983000000000002,AIEMG
1,2,332.49200000000013,19,24,32,4,1,0,0,0,1,3,0,1,0.6813000000000018,AIEMG
3,3,337.851,17,23,24,3,2,0,0,1,1,1,0,1,0.8662999999999998,AIEMG
2,4,257.293,14,19,15,3,2,0,0,0,1,2,0,2,0.2611000000000001,AIEMG
2,4,273.33699999999993,14,19,13,2,2,0,1,0,1,1,0,2,-0.028799999999999715,AIEMG
1,3,408.09300000000013,16,21,12,2,1,0,0,0,1,1,0,2,2.609420000000001,AIEMG
1,2,252.36099999999996,17,19,20,2,0,0,0,0,0,3,0,2,1.5184000000000004,AIEMG
2,2,243.30999999999997,14,18,17,3,1,0,0,0,1,2,0,2,-0.09819999999999895,AIEMG
0,2,232.66999999999996,12,16,9,2,1,0,0,1,1,1,0,1,0.19320000000000026,AIEMG
3,1,366.52900000000005,23,27,32,3,1,0,0,0,0,3,0,2,1.1114900000000012,AIEMG
2,2,333.4350000000002,21,25,23,3,1,0,0,0,1,2,0,2,1.5055899999999995,AIEMG
1,6,368.8470000000001,14,23,11,3,3,0,2,1,1,2,0,3,3.6770900000000015,AIEMG
2,4,345.3399999999999,16,24,19,3,1,4,0,0,1,1,0,2,1.8945999999999994,AIEMG
1,5,320.36900000000014,15,22,15,3,2,1,1,0,2,1,0,2,2.9389900000000013,AIEMG
1,2,349.2530000000002,15,20,13,2,1,0,1,0,1,2,0,2,2.9168900000000013,AIEMG
3,6,297.31800000000004,15,22,15,5,2,0,0,0,1,1,0,2,-0.18021000000000065,AIEMG
1,4,383.41400000000027,19,27,24,3,2,3,0,0,1,2,0,1,1.6614699999999998,AIEMG
2,2,243.28600000000006,14,18,15,2,2,0,0,0,2,1,0,2,-0.37150999999999934,AIEMG
2,4,270.267,14,20,11,4,1,1,0,0,1,1,0,2,1.1604899999999998,AIEMG
1,3,337.274,17,22,20,3,0,0,0,2,1,1,0,2,4.354290000000003,AIEMG
4,6,395.3950000000001,20,29,19,4,5,0,0,0,1,2,0,2,-2.4658099999999976,AIEMG
0,3,336.36600000000004,20,25,17,2,2,1,0,0,1,2,0,2,2.666590000000001,AIEMG
2,2,234.298,13,17,17,3,0,1,0,0,1,1,0,1,-0.0621999999999987,AIEMG
0,7,357.46400000000006,16,24,15,5,1,0,2,0,2,2,0,3,2.8431000000000006,AIEMG
0,6,378.4280000000001,22,28,22,2,4,0,0,0,1,2,0,3,3.858400000000003,AIEMG
3,2,247.36199999999994,15,18,23,2,1,0,0,0,1,2,0,1,1.2613999999999994,AIEMG
2,2,318.82900000000006,16,21,15,2,1,0,1,1,0,2,0,2,2.84269,AIEMG
2,3,326.40000000000003,18,24,22,4,2,0,0,0,2,1,0,2,2.6251000000000007,AIEMG
1,3,372.367,17,26,21,3,3,3,0,0,0,1,0,1,2.07929,AIEMG
2,3,308.446,16,21,23,3,0,1,1,0,1,2,0,1,0.15440000000000165,AIEMG
2,3,289.4030000000001,16,21,25,4,1,0,0,0,1,2,0,1,-1.6791999999999934,AIEMG
0,3,307.37300000000005,19,23,19,2,2,0,0,0,0,3,0,2,2.839190000000001,AIEMG
1,6,352.3940000000001,19,26,20,4,3,0,0,0,0,3,0,2,2.951880000000002,AIEMG
1,2,286.32599999999996,17,21,17,1,2,1,0,0,0,2,0,2,3.9574900000000026,AIEMG
4,2,366.27200000000005,17,24,19,4,1,0,0,2,0,2,0,2,0.1373000000000011,AIEMG
1,4,271.32,15,20,17,3,2,0,0,0,1,2,0,2,0.5102,AIEMG
1,4,353.4130000000001,18,25,25,3,2,2,0,0,1,2,0,1,1.5176999999999992,AIEMG
1,2,256.26,14,19,11,3,1,1,0,0,0,2,0,2,1.0137999999999994,AIEMG
3,3,223.186,9,16,7,5,0,2,0,0,1,1,0,2,-0.5135000000000001,AIEMG
1,4,301.39000000000004,17,22,23,3,2,0,0,0,2,2,0,1,-0.21859999999999835,AIEMG
1,2,239.29799999999994,15,18,15,2,1,0,0,0,1,2,0,2,0.7701999999999993,AIEMG
1,4,320.40799999999996,18,23,25,2,2,1,0,0,2,2,0,1,1.7868999999999993,AIEMG
1,3,323.824,16,22,22,3,2,0,0,1,1,2,0,1,0.7141000000000017,AIEMG
3,4,273.3400000000001,14,20,19,5,1,0,0,0,1,2,0,2,-3.4328999999999965,AIEMG
3,7,370.36900000000014,17,27,18,6,4,0,0,0,0,2,0,2,0.5822899999999996,AIEMG
1,3,284.33900000000006,16,21,18,3,2,0,0,0,1,1,0,2,2.906930000000002,AIEMG
0,4,365.1960000000001,16,24,12,3,3,0,0,2,1,1,0,1,2.1237700000000004,AIEMG
1,3,246.26099999999997,14,18,13,1,2,1,0,0,1,2,0,2,2.6870900000000013,AIEMG
1,3,232.2789999999999,14,17,16,0,3,0,0,0,0,2,0,1,1.4954899999999995,AIEMG
3,4,343.3880000000001,16,24,15,4,3,0,1,0,0,2,0,2,3.3973700000000013,AIEMG
0,9,396.35100000000006,16,27,12,3,5,2,1,0,1,2,0,3,1.7984899999999997,AIEMG
3,2,305.44199999999995,18,22,29,2,2,0,0,0,0,2,0,1,0.8593000000000008,AIEMG
1,5,299.30600000000004,16,22,15,2,4,0,0,0,0,2,0,2,3.700890000000002,AIEMG
1,3,329.42000000000013,19,24,25,2,3,0,0,0,0,2,0,1,3.1144900000000018,AIEMG
0,2,299.36899999999997,18,22,20,2,1,1,0,0,2,1,0,1,3.7774700000000028,AIEMG
3,5,300.40700000000004,16,21,18,3,1,0,1,0,0,3,0,2,3.182190000000002,AIEMG
1,4,320.368,20,24,18,1,3,0,0,0,0,2,0,2,1.5632799999999996,AIEMG
2,3,324.40500000000003,18,23,16,2,2,0,1,0,0,2,0,2,2.54999,AIEMG
2,2,293.41400000000004,19,22,23,3,0,0,0,0,0,2,0,2,2.53289,AIEMG
2,3,329.4440000000001,19,24,27,3,2,0,0,0,0,2,0,1,-0.020909999999997764,AIEMG
3,3,213.216,12,16,9,2,2,0,0,0,0,2,0,2,1.32539,AIEMG
1,6,354.3470000000001,16,25,10,4,4,0,1,0,0,3,0,3,4.059300000000002,AIEMG
2,3,304.30199999999996,14,21,9,2,3,1,1,0,0,2,0,2,3.223300000000002,AIEMG
2,6,268.25600000000003,13,20,10,5,2,0,0,0,0,3,0,3,0.3127899999999997,AIEMG
2,4,347.37100000000004,16,24,14,3,3,1,1,0,2,1,0,2,2.2929000000000004,AIEMG
0,5,305.337,18,23,15,3,2,0,0,0,1,2,0,3,3.238990000000002,AIEMG
0,2,317.429,18,22,20,1,1,1,1,0,0,2,0,2,4.525900000000004,AIEMG
1,4,338.4550000000001,20,25,26,4,1,0,0,0,2,2,0,2,2.381989999999999,AIEMG
4,4,345.4030000000001,17,25,23,5,3,0,0,0,1,1,0,2,1.4896999999999994,AIEMG
1,3,340.369,17,24,21,3,1,3,0,0,0,2,0,1,1.7859899999999995,AIEMG
2,3,315.3970000000001,17,23,23,4,2,0,0,0,0,2,0,1,2.12781,AIEMG
3,2,324.42000000000013,17,23,27,3,2,1,0,0,1,1,0,1,0.696,AIEMG
2,4,282.747,14,19,17,1,3,0,0,1,0,2,0,1,-0.3872000000000002,AIEMG
3,4,301.326,15,22,17,4,3,0,0,0,2,1,0,2,-0.3681999999999994,AIEMG
3,4,274.37300000000005,13,19,16,5,0,0,1,0,1,2,0,2,-1.590499999999997,AIEMG
1,4,215.256,12,16,13,3,1,0,0,0,2,1,0,2,0.5730999999999999,AIEMG
2,4,249.67699999999996,12,17,10,2,2,0,0,1,1,1,0,2,0.19690000000000035,AIEMG
2,2,363.478,19,25,24,2,2,1,1,0,0,2,0,2,1.4001000000000001,AIEMG
2,5,298.3640000000001,13,20,18,2,4,0,1,0,1,2,0,1,-0.8947999999999985,AIEMG
1,3,265.675,12,18,9,3,1,1,0,1,0,2,0,2,2.8298200000000007,AIEMG
1,2,356.174,17,22,9,2,1,1,0,0,0,2,0,2,3.9198700000000013,AIEMG
2,7,346.43100000000015,18,25,26,4,3,0,0,0,0,2,0,1,-0.2923099999999989,AIEMG
3,5,361.4230000000001,17,25,19,3,4,0,1,0,1,2,0,2,2.077,AIEMG
2,0,258.409,17,19,26,2,0,0,0,0,2,1,0,1,0.2750000000000019,AIEMG
3,2,275.372,16,20,23,2,2,0,0,0,1,1,0,1,2.556190000000001,AIEMG
1,4,314.29100000000005,17,23,12,2,2,2,0,0,0,2,0,2,2.921170000000002,AIEMG
2,3,399.87800000000004,21,28,22,3,3,0,0,1,1,2,0,2,3.334600000000002,ChemTS
1,2,384.4790000000001,25,29,24,2,2,0,0,0,0,4,0,3,4.958700000000004,ChemTS
0,5,445.56700000000023,26,33,31,5,2,0,0,0,1,4,0,3,2.932120000000001,ChemTS
1,4,427.57000000000033,23,30,29,3,3,0,1,0,0,4,0,2,3.2600000000000025,ChemTS
0,3,356.42500000000007,23,27,20,2,2,0,0,0,1,3,0,3,4.686700000000004,ChemTS
1,4,429.54200000000014,22,30,27,3,4,0,1,0,0,3,0,2,2.880320000000001,ChemTS
0,5,370.3840000000001,19,27,19,4,3,1,0,0,1,2,0,2,1.82932,ChemTS
1,5,446.5500000000002,21,30,22,2,5,0,2,0,1,2,0,2,2.4178000000000006,ChemTS
1,2,354.303,17,25,14,2,2,4,0,0,0,2,0,2,3.798600000000002,ChemTS
1,3,410.47,22,29,19,2,3,1,1,0,0,4,0,3,4.219500000000004,ChemTS
1,4,398.4340000000003,22,29,23,2,4,1,0,0,0,2,1,2,3.637400000000003,ChemTS
3,3,419.45600000000013,24,31,22,3,3,1,0,0,0,3,0,3,3.432620000000001,ChemTS
1,3,386.451,24,29,22,2,3,0,0,0,0,4,0,3,4.078300000000003,ChemTS
1,3,345.398,22,26,19,1,3,0,0,0,1,3,0,3,4.452800000000003,ChemTS
1,2,413.34800000000007,23,28,22,2,1,0,0,2,0,3,0,3,6.551960000000004,ChemTS
2,2,352.34000000000003,20,26,14,2,2,2,0,0,0,3,0,3,4.469400000000002,ChemTS
0,3,391.5150000000002,24,29,29,3,2,0,0,0,1,3,0,2,2.8095000000000017,ChemTS
1,5,430.52600000000024,22,30,26,2,5,0,1,0,0,2,2,2,3.664900000000003,ChemTS
1,4,346.43399999999997,21,26,22,4,1,0,0,0,1,3,0,3,4.114900000000003,ChemTS
1,5,402.4100000000001,22,30,18,4,4,0,0,0,0,4,0,3,3.8351000000000024,ChemTS
3,3,346.386,21,26,18,2,3,0,0,0,0,3,0,3,3.825700000000002,ChemTS
0,5,390.48700000000014,23,29,26,4,2,0,0,0,0,4,0,3,3.5172000000000025,ChemTS
1,5,412.4860000000002,23,30,28,2,5,0,0,0,0,1,1,1,2.640720000000001,ChemTS
1,4,401.5100000000002,25,30,27,3,2,0,0,0,0,4,0,3,3.951800000000003,ChemTS
1,2,378.51600000000013,24,28,30,2,2,0,0,0,0,3,0,2,4.367320000000004,ChemTS
0,3,334.4190000000001,21,25,22,2,2,0,0,0,1,3,0,3,4.166600000000004,ChemTS
1,4,379.4850000000001,21,27,21,3,2,0,1,0,1,3,0,3,3.7161000000000026,ChemTS
2,2,366.367,21,27,16,2,2,2,0,0,0,3,0,3,4.147100000000003,ChemTS
1,2,390.40500000000003,21,28,21,2,2,3,0,0,0,3,0,2,3.874000000000003,ChemTS
1,2,361.4890000000001,23,27,27,3,1,0,0,0,1,3,0,3,4.880200000000004,ChemTS
1,3,356.45000000000005,22,26,16,2,1,0,1,0,1,3,0,4,5.729400000000004,ChemTS
1,4,429.5200000000002,26,32,27,3,3,0,0,0,0,4,0,3,3.587600000000003,ChemTS
1,1,313.4,22,24,19,1,1,0,0,0,1,3,0,3,5.094600000000004,ChemTS
3,3,414.89300000000014,21,29,23,4,3,0,0,1,0,3,0,2,3.726300000000002,ChemTS
0,4,350.4180000000001,21,26,22,2,3,0,0,0,1,3,0,3,3.7851000000000026,ChemTS
1,2,364.4890000000001,23,27,28,2,2,0,0,0,0,3,0,2,4.356740000000004,ChemTS
2,3,374.44000000000005,23,28,22,2,3,0,0,0,0,3,0,3,4.2676000000000025,ChemTS
1,4,452.5300000000003,25,33,29,4,3,1,0,0,0,4,0,2,2.848300000000002,ChemTS
1,5,353.4470000000002,19,25,19,3,2,0,1,0,1,3,0,3,3.3808000000000016,ChemTS
1,1,309.315,19,23,13,1,1,2,0,0,0,3,0,3,4.884100000000003,ChemTS
1,3,383.7570000000002,17,26,13,3,2,3,0,1,1,2,0,2,4.132900000000003,ChemTS
2,2,344.4140000000001,22,26,20,2,2,0,0,0,0,3,0,3,4.808040000000003,ChemTS
0,5,407.5390000000001,23,29,25,3,2,0,1,0,1,3,0,3,4.085120000000003,ChemTS
2,6,378.4610000000001,19,27,18,6,1,0,1,0,2,2,0,4,3.3976200000000008,ChemTS
1,2,364.5130000000002,23,27,30,3,1,0,0,0,1,3,0,2,3.1068000000000016,ChemTS
2,2,418.5360000000002,26,31,29,3,1,1,0,0,0,4,0,3,2.6564000000000005,ChemTS
1,5,369.428,22,28,19,5,1,0,0,0,1,3,0,4,3.5677200000000022,ChemTS
1,2,398.9340000000001,23,28,27,2,2,0,0,1,0,3,0,2,4.686440000000004,ChemTS
2,1,320.367,20,24,17,2,1,1,0,0,0,3,0,3,4.814400000000004,ChemTS
2,3,379.4600000000001,22,28,25,3,3,0,0,0,1,2,0,2,2.8905400000000014,ChemTS
2,3,376.4810000000001,22,27,20,2,2,0,1,0,0,3,0,3,4.347400000000002,ChemTS
2,2,370.53700000000026,23,27,34,2,2,0,0,0,0,2,1,1,5.150000000000005,ChemTS
3,3,374.4400000000001,23,28,22,2,3,0,0,0,0,3,0,3,3.080000000000002,ChemTS
0,4,315.39300000000014,18,23,23,2,3,0,0,0,1,2,0,1,1.421499999999999,ChemTS
2,2,378.8590000000001,22,27,19,2,2,0,0,1,0,3,0,3,4.451200000000003,ChemTS
1,4,334.375,20,25,18,2,3,0,0,0,1,3,0,3,3.0471000000000013,ChemTS
1,1,269.319,17,20,16,1,1,1,0,0,1,2,0,2,3.1719000000000017,ChemTS
2,2,362.4040000000001,22,27,19,2,2,1,0,0,0,3,0,3,3.9369000000000023,ChemTS
0,2,309.40900000000005,20,23,23,1,2,0,0,0,0,3,0,2,4.023420000000003,ChemTS
1,4,415.4900000000001,21,29,22,3,3,1,1,0,0,3,0,2,3.9028800000000023,ChemTS
0,3,328.31000000000006,16,23,17,1,3,3,0,0,0,2,0,1,2.086099999999999,ChemTS
1,6,362.43700000000007,20,27,22,6,1,0,0,0,1,3,0,3,2.3087,ChemTS
1,6,350.334,18,26,14,4,4,0,0,0,1,2,0,3,3.7745000000000024,ChemTS
1,3,363.3880000000001,22,27,18,1,3,1,0,0,0,3,0,3,4.648120000000003,ChemTS
1,4,338.40700000000015,20,25,22,2,3,0,0,0,1,2,1,2,4.048000000000003,ChemTS
2,2,368.7950000000001,20,26,14,2,2,1,0,1,0,3,0,3,4.9837000000000025,ChemTS
2,5,324.365,16,23,12,4,2,0,1,0,1,2,0,3,3.042700000000001,ChemTS
1,2,326.415,20,24,23,2,1,1,0,0,0,3,0,2,3.862200000000003,ChemTS
1,2,386.44200000000006,22,28,24,2,2,2,0,0,0,3,0,2,4.579100000000004,ChemTS
1,3,371.4810000000002,21,27,29,3,3,0,0,0,1,2,0,1,2.57472,ChemTS
1,2,302.377,20,23,18,2,1,0,0,0,0,3,0,3,4.319900000000003,ChemTS
1,4,401.48800000000017,20,28,23,3,4,0,1,0,0,2,0,2,2.4236000000000004,ChemTS
0,3,266.251,16,20,9,1,2,1,0,0,0,3,0,3,2.4044,ChemTS
1,5,326.4000000000002,18,24,22,4,2,0,0,0,2,2,0,2,2.796500000000001,ChemTS
1,4,389.402,20,28,21,3,3,2,0,0,0,3,0,2,3.603900000000003,ChemTS
2,2,376.43100000000015,23,28,21,2,2,1,0,0,0,3,0,3,3.9794000000000027,ChemTS
1,2,308.768,18,22,13,2,1,0,0,1,0,3,0,3,4.654300000000003,ChemTS
1,2,335.47200000000004,21,24,21,1,1,0,1,0,1,2,0,3,5.215920000000004,ChemTS
0,4,319.35600000000005,17,23,20,2,3,1,0,0,1,2,0,1,1.170499999999999,ChemTS
1,5,354.797,18,25,15,4,2,0,0,1,2,2,0,3,3.538000000000002,ChemTS
1,3,371.86800000000005,20,26,22,3,2,0,0,1,0,3,0,2,3.4075000000000015,ChemTS
0,4,397.4750000000001,22,29,27,3,4,0,0,0,1,3,0,1,1.9221999999999995,ChemTS
1,3,348.4700000000001,22,26,26,3,1,0,0,0,0,4,0,3,2.702320000000001,ChemTS
1,2,370.88000000000017,21,26,23,2,2,0,0,1,1,2,0,2,4.284600000000004,ChemTS
1,3,366.74600000000004,18,25,12,1,2,3,0,1,0,2,0,2,4.117900000000002,ChemTS
2,3,416.2750000000001,19,26,18,3,3,0,0,0,1,2,0,2,3.1632200000000017,ChemTS
0,3,357.4540000000002,20,26,27,3,3,0,0,0,1,2,0,1,1.8629999999999998,ChemTS
1,3,404.50700000000006,21,28,25,2,3,1,1,0,0,3,0,2,3.7089000000000025,ChemTS
2,3,374.44000000000005,23,28,22,2,3,0,0,0,0,3,0,3,4.898320000000004,ChemTS
1,4,281.34000000000003,15,20,11,3,1,0,1,0,1,2,0,3,3.4574000000000016,ChemTS
1,4,393.4870000000002,23,29,27,3,3,0,0,0,1,3,0,2,2.6892000000000005,ChemTS
1,6,381.5050000000001,20,27,23,5,1,0,1,0,1,3,0,3,3.359300000000002,ChemTS
0,5,396.49100000000016,22,29,28,4,3,0,0,0,0,4,0,2,3.1226200000000013,ChemTS
0,3,439.94300000000027,24,31,26,3,3,0,0,1,0,4,0,2,4.326000000000004,ChemTS
1,2,342.8259999999999,19,24,19,2,2,0,0,1,0,3,0,2,4.2184000000000035,ChemTS
1,4,383.47300000000007,20,27,21,3,3,0,1,0,1,2,0,2,3.373680000000002,ChemTS
1,4,432.3320000000001,20,28,15,3,2,0,1,2,1,3,0,3,4.900700000000003,ChemTS
1,3,358.4630000000002,19,25,22,2,3,0,1,0,0,3,0,2,3.0424000000000015,ChemTS
3,2,352.45800000000014,21,26,26,3,2,0,0,0,1,2,0,2,0.8389999999999995,ChemTS
1,3,399.53500000000025,23,29,33,3,3,0,0,0,0,3,0,1,2.232499999999999,ChemTS
1,2,316.788,17,22,17,2,2,0,0,1,0,2,0,2,3.2230000000000016,ChemTS
0,2,350.36400000000003,18,25,19,3,1,3,0,0,0,3,0,2,2.4108,ChemTS
1,3,332.78700000000003,16,22,10,2,1,1,1,1,1,2,0,3,4.854900000000002,ChemTS
1,5,346.415,19,25,14,4,1,0,1,0,2,2,0,4,4.2481000000000035,ChemTS
2,3,357.4980000000002,21,26,31,3,2,0,0,0,2,1,0,1,3.8290000000000033,ChemTS
1,2,300.4020000000001,18,22,24,2,2,0,0,0,1,2,0,1,2.985100000000002,ChemTS
2,3,365.4330000000002,21,27,23,3,3,0,0,0,0,3,0,2,2.5676000000000005,ChemTS
0,2,302.373,21,23,18,0,2,0,0,0,0,3,0,3,5.135200000000004,ChemTS
2,2,372.4680000000002,24,28,24,2,2,0,0,0,0,3,0,3,4.496320000000003,ChemTS
1,5,373.4090000000003,19,27,23,3,5,0,0,0,1,2,0,1,0.8990999999999998,ChemTS
1,3,380.4880000000001,23,28,28,2,3,0,0,0,0,3,0,2,4.309500000000003,ChemTS
0,4,330.791,18,23,17,1,3,0,0,1,1,2,0,2,2.0319999999999996,ChemTS
1,5,321.336,18,24,15,3,3,0,0,0,2,2,0,3,2.9124000000000008,ChemTS
1,5,440.56500000000045,24,31,28,2,4,0,1,0,1,3,0,2,4.642100000000005,ChemTS
2,3,364.44500000000005,22,27,24,2,3,0,0,0,1,2,0,3,4.653120000000003,ChemTS
2,2,309.409,20,23,23,1,2,0,0,0,0,3,0,2,3.6345000000000027,ChemTS
1,4,386.4730000000003,20,27,22,2,4,0,1,0,1,2,0,2,2.725100000000001,ChemTS
0,2,336.435,21,25,24,2,2,0,0,0,1,2,0,2,2.736200000000001,ChemTS
1,5,336.39200000000005,15,23,17,4,2,1,1,0,1,2,0,2,2.8903000000000016,ChemTS
2,3,364.4450000000002,22,27,24,2,3,0,0,0,1,2,0,2,4.1525000000000025,ChemTS
2,2,383.46700000000016,22,28,26,3,2,1,0,0,0,3,0,2,3.989500000000003,ChemTS
1,3,295.264,14,21,12,3,1,3,0,0,0,2,0,2,3.3645400000000016,ChemTS
2,4,309.3250000000001,17,23,15,3,3,0,0,0,0,2,0,2,1.9830999999999999,ChemTS
1,6,398.4420000000001,20,29,23,6,2,1,0,0,2,2,0,3,3.0515000000000017,ChemTS
2,1,329.851,19,23,22,2,1,0,0,1,1,2,0,2,2.8135000000000003,ChemTS
2,2,393.5310000000002,24,29,31,3,2,0,0,0,1,2,0,2,3.7405000000000026,ChemTS
1,3,414.5050000000001,26,31,26,2,3,0,0,0,0,4,0,3,4.396800000000003,ChemTS
2,3,356.3970000000001,20,26,21,2,3,1,0,0,0,3,0,2,0.6228000000000002,ChemTS
2,4,376.4120000000001,22,28,20,2,4,0,0,0,0,3,0,3,4.208400000000003,ChemTS
1,2,327.35900000000004,18,24,18,3,2,1,0,0,0,3,0,2,2.8156000000000008,ChemTS
0,3,389.51500000000016,22,28,32,3,2,1,0,0,0,3,0,1,3.1491000000000016,ChemTS
1,5,313.2890000000001,16,23,13,2,5,0,0,0,0,2,0,2,0.6857999999999991,ChemTS
3,2,353.46600000000007,21,26,27,3,2,0,0,0,0,2,0,2,3.4020600000000023,ChemTS
4,4,380.4040000000002,20,28,20,4,4,0,0,0,0,2,0,2,1.0609199999999994,ChemTS
0,5,365.4310000000002,17,25,21,2,5,0,1,0,1,2,0,1,0.21570000000000022,ChemTS
2,6,440.5000000000002,23,32,28,4,5,0,0,0,0,3,0,2,1.4974000000000005,ChemTS
1,2,281.355,18,21,19,1,2,0,0,0,1,2,0,2,4.032700000000003,ChemTS
0,5,364.35200000000015,21,27,15,1,4,1,0,0,0,3,0,3,3.1811000000000016,ChemTS
1,5,349.3900000000001,20,26,19,3,3,0,0,0,1,2,0,3,3.5526000000000018,ChemTS
1,4,315.7850000000001,15,21,10,3,1,0,1,1,1,2,0,3,4.110800000000002,ChemTS
2,5,321.377,15,22,16,3,2,1,1,0,1,2,0,2,3.682800000000002,ChemTS
0,2,285.318,17,21,16,1,2,1,0,0,0,3,0,2,2.7894000000000014,ChemTS
2,2,350.89000000000016,19,24,27,2,2,0,0,1,1,2,0,1,4.409600000000004,ChemTS
1,3,375.4720000000001,23,28,25,3,2,0,0,0,0,3,0,2,4.001680000000003,ChemTS
1,4,352.43800000000005,20,26,24,4,2,0,0,0,2,1,0,2,2.465300000000001,ChemTS
0,4,309.3450000000001,18,23,17,2,3,0,0,0,0,3,0,2,1.0124999999999995,ChemTS
0,4,325.41200000000026,19,24,23,3,2,0,0,0,0,3,0,2,2.7014000000000005,ChemTS
0,6,376.4780000000003,19,26,24,2,4,0,1,0,0,3,0,1,1.2806999999999995,ChemTS
0,3,363.38300000000004,19,26,20,3,1,3,0,0,0,3,0,2,3.381800000000002,ChemTS
0,4,313.40100000000007,18,23,23,3,2,0,0,0,1,2,0,2,2.791920000000001,ChemTS
1,1,312.388,19,23,21,2,1,1,0,0,1,2,0,2,3.7424000000000035,ChemTS
1,2,344.414,22,26,20,2,2,0,0,0,0,3,0,3,4.211100000000003,ChemTS
0,2,312.38800000000003,19,23,21,2,1,1,0,0,0,3,0,2,2.712600000000001,ChemTS
1,6,354.39000000000004,18,26,20,5,3,0,0,0,2,1,0,2,1.0231999999999994,ChemTS
1,3,344.43600000000015,18,24,20,2,3,0,1,0,1,2,0,2,2.652300000000001,ChemTS
2,5,437.56200000000035,21,30,31,3,5,0,1,0,0,3,0,1,1.6664000000000005,ChemTS
1,3,406.93500000000006,20,27,23,2,3,0,1,1,0,3,0,2,4.545500000000003,ChemTS
2,1,313.396,19,23,22,2,1,1,0,0,0,3,0,2,1.803,ChemTS
0,4,329.8070000000001,18,23,18,2,2,0,0,1,0,3,0,2,1.9531999999999992,ChemTS
1,4,400.7850000000001,17,26,10,1,3,3,1,1,0,2,0,2,3.4722000000000017,ChemTS
1,5,409.5080000000003,19,28,27,3,5,0,1,0,0,3,0,1,1.4354999999999998,ChemTS
2,3,356.401,19,26,21,4,2,1,0,0,0,3,0,2,2.2959999999999994,ChemTS
2,3,382.4070000000001,18,26,17,2,2,3,1,0,0,2,0,2,4.099600000000002,ChemTS
1,2,331.322,17,24,15,3,2,2,0,0,1,2,0,2,2.8455000000000013,ChemTS
2,3,293.326,17,22,15,3,2,0,0,0,1,2,0,3,3.2410000000000014,ChemTS
1,5,408.4540000000002,23,30,24,2,5,0,0,0,0,3,0,2,3.1667000000000023,ChemTS
2,4,324.238,14,23,9,3,3,3,0,0,1,1,0,2,1.4438999999999993,ChemTS
2,3,368.4770000000001,22,27,28,2,3,0,0,0,0,3,0,2,4.020800000000003,ChemTS
2,3,338.40700000000004,20,25,22,2,3,0,0,0,0,2,0,2,3.4853000000000023,ChemTS
1,5,320.377,17,23,12,4,1,0,1,0,2,2,0,4,3.734300000000002,ChemTS
2,5,354.38599999999997,19,26,20,3,4,0,0,0,0,3,0,2,1.5262999999999998,ChemTS
1,5,358.4670000000001,18,25,22,4,2,0,1,0,1,2,0,2,2.700000000000001,ChemTS
2,2,310.39700000000005,19,23,22,2,2,0,0,0,0,2,0,2,4.231920000000002,ChemTS
2,2,300.333,17,22,17,2,2,1,0,0,0,2,0,2,2.18032,ChemTS
0,3,380.89700000000005,18,25,21,2,3,0,1,1,0,2,0,2,2.905000000000001,ChemTS
1,2,312.34400000000005,18,23,17,2,2,1,0,0,0,3,0,2,2.5349000000000004,ChemTS
2,2,357.4980000000001,21,26,31,3,2,0,0,0,0,3,0,1,3.3047000000000013,ChemTS
0,1,297.37299999999993,19,22,20,1,1,1,0,0,1,2,0,2,3.601900000000003,ChemTS
1,3,357.45400000000024,20,26,27,3,3,0,0,0,0,3,0,1,1.6675,ChemTS
2,6,370.34000000000003,18,27,15,4,4,1,0,0,1,2,0,3,2.1391999999999998,ChemTS
2,2,322.4080000000001,20,24,22,2,2,0,0,0,0,3,0,2,4.001400000000003,ChemTS
1,4,373.4280000000001,20,27,24,3,3,1,0,0,1,2,0,2,2.5280400000000007,ChemTS
1,2,318.779,17,22,16,2,1,1,0,1,1,2,0,2,4.331600000000003,ChemTS
1,3,297.354,18,22,19,1,3,0,0,0,0,2,0,2,2.833660000000001,ChemTS
1,4,321.38,19,24,19,3,2,0,0,0,1,2,0,3,3.325940000000002,ChemTS
1,2,336.4350000000001,21,25,24,2,2,0,0,0,0,3,0,2,2.958520000000002,ChemTS
1,4,388.90100000000007,18,25,13,2,2,0,2,1,1,2,0,2,4.179900000000003,ChemTS
2,4,343.4270000000001,19,25,25,3,3,0,0,0,1,1,0,2,2.849540000000001,ChemTS
3,4,346.3180000000001,16,25,15,4,4,1,0,0,0,2,0,2,2.285400000000001,ChemTS
2,2,296.37000000000006,18,22,20,2,2,0,0,0,0,2,0,2,2.980360000000001,ChemTS
1,4,368.4810000000002,21,27,28,4,2,0,0,0,1,2,0,2,3.1079000000000017,ChemTS
1,4,407.8980000000003,20,28,26,3,4,0,0,1,0,3,0,1,1.0960999999999999,ChemTS
1,4,352.39,20,26,20,2,4,0,0,0,1,2,0,2,2.2866,ChemTS
1,4,327.3840000000001,18,24,21,3,3,0,0,0,1,2,0,2,2.1516199999999994,ChemTS
2,1,378.323,20,25,23,2,1,0,0,2,0,3,0,2,3.492200000000002,ChemTS
1,2,403.32000000000016,20,25,23,2,2,0,0,0,0,3,0,2,4.339900000000004,ChemTS
0,5,265.248,15,20,9,2,3,0,0,0,1,2,0,3,1.7670999999999997,ChemTS
0,1,297.373,19,22,20,1,1,1,0,0,1,2,0,2,3.904200000000003,ChemTS
0,3,372.4900000000001,20,26,24,2,3,0,1,0,0,3,0,2,2.540800000000001,ChemTS
1,3,377.29600000000016,18,24,14,2,1,0,1,2,1,2,0,3,5.688200000000003,ChemTS
0,2,347.817,19,24,19,1,2,1,0,1,1,2,0,2,4.262500000000004,ChemTS
1,5,340.355,19,25,18,1,5,0,0,0,1,2,0,2,1.5015999999999987,ChemTS
1,2,363.76300000000003,15,23,10,1,1,4,1,1,0,2,0,2,5.228700000000002,ChemTS
1,6,377.425,20,27,15,3,3,0,1,0,1,2,0,3,3.785700000000002,ChemTS
0,4,342.37000000000006,19,25,19,2,3,1,0,0,0,3,0,2,2.3313000000000006,ChemTS
0,2,323.43600000000004,21,24,25,1,2,0,0,0,0,3,0,2,3.8270000000000026,ChemTS
0,3,379.451,20,27,27,3,2,2,0,0,0,3,0,1,2.652100000000001,ChemTS
1,3,344.8420000000001,19,24,21,2,2,0,0,1,0,3,0,2,4.205900000000002,ChemTS
1,4,361.4450000000002,22,27,23,3,2,0,0,0,2,2,0,3,4.513100000000003,ChemTS
1,3,329.44400000000013,19,24,27,3,2,0,0,0,0,2,0,1,2.2734999999999994,ChemTS
1,3,390.4800000000001,20,27,23,2,3,1,1,0,0,3,0,2,4.031200000000003,ChemTS
1,3,295.338,18,22,17,1,3,0,0,0,0,2,0,2,3.4335200000000015,ChemTS
2,4,382.386,18,27,21,4,2,3,0,0,1,1,0,2,2.74324,ChemTS
1,2,302.377,20,23,18,2,1,0,0,0,0,3,0,3,3.7211000000000025,ChemTS
1,4,319.3610000000001,16,23,21,3,4,0,0,0,0,2,0,1,0.5741999999999998,ChemTS
1,3,297.3539999999999,18,22,19,1,3,0,0,0,1,2,0,2,3.4967000000000024,ChemTS
0,3,400.9060000000003,22,28,25,2,3,0,0,1,0,3,0,2,4.0035000000000025,ChemTS
1,5,352.463,19,25,20,4,1,0,1,0,1,2,0,3,3.445120000000002,ChemTS
0,3,348.855,17,23,17,2,2,0,1,1,1,2,0,2,2.928600000000001,ChemTS
2,2,314.77200000000005,17,22,15,2,2,0,0,1,0,2,0,2,3.4845000000000015,ChemTS
1,2,303.36100000000005,20,23,17,1,2,0,0,0,0,3,0,3,4.517900000000004,ChemTS
1,3,324.3800000000001,19,24,20,2,3,0,0,0,1,2,0,2,2.940100000000001,ChemTS
1,4,396.4870000000003,23,29,28,2,4,0,0,0,0,2,1,2,3.4066000000000027,ChemTS
1,2,332.80600000000004,18,23,18,2,1,1,0,1,0,3,0,2,3.877900000000003,ChemTS
1,3,349.4340000000001,21,26,23,3,2,0,0,0,0,3,0,2,2.541200000000001,ChemTS
0,3,339.4350000000001,21,25,25,1,3,0,0,0,0,3,0,2,3.798700000000003,ChemTS
0,4,351.4500000000001,21,26,25,3,2,0,0,0,1,2,0,2,4.090200000000003,ChemTS
1,4,366.41700000000026,21,27,22,2,4,0,0,0,0,3,0,2,3.108200000000002,ChemTS
0,5,319.45300000000003,17,23,29,5,1,0,0,0,1,2,0,1,1.7365199999999994,ChemTS
3,4,317.37000000000006,15,22,15,3,3,0,1,0,1,1,0,2,1.53864,ChemTS
1,4,384.35800000000006,21,28,16,1,4,2,0,0,0,2,0,2,2.7646000000000006,ChemTS
1,4,373.45300000000026,20,27,27,3,4,0,0,0,0,3,0,1,1.7460999999999998,ChemTS
3,2,319.31100000000004,16,23,15,3,2,2,0,0,0,2,0,2,2.4027000000000003,ChemTS
1,2,335.37800000000004,21,25,18,1,2,1,0,0,0,3,0,3,4.476900000000003,ChemTS
1,2,312.33500000000004,16,22,19,2,1,3,0,0,0,2,0,1,3.200400000000002,ChemTS
2,3,310.33200000000005,17,23,15,4,1,1,0,0,1,2,0,3,3.182100000000001,ChemTS
2,3,310.401,18,23,22,4,1,0,0,0,1,2,0,2,3.027800000000002,ChemTS
1,4,305.378,15,21,16,3,1,1,1,0,1,2,0,2,3.9772000000000025,ChemTS
2,3,363.408,19,26,23,3,2,2,0,0,0,2,0,2,3.395900000000002,ChemTS
2,4,315.421,17,23,25,5,1,0,0,0,2,1,0,2,2.13244,ChemTS
0,5,368.4090000000001,21,27,22,1,5,0,0,0,0,3,0,2,1.636699999999999,ChemTS
1,3,343.4270000000002,19,25,25,3,3,0,0,0,1,2,0,1,1.2774,ChemTS
0,4,276.3119999999999,15,20,18,1,4,0,0,0,0,1,1,1,0.8314999999999995,ChemTS
1,5,329.40400000000017,17,24,23,5,2,0,0,0,1,2,0,2,2.29012,ChemTS
2,5,316.3610000000001,16,23,20,4,3,0,0,0,1,1,0,2,2.0908,ChemTS
1,4,324.4,20,24,22,1,3,0,0,0,0,3,0,2,3.373700000000002,ChemTS
0,6,372.5190000000001,18,25,20,4,1,0,2,0,2,2,0,3,3.838600000000003,ChemTS
1,2,373.25,18,23,17,2,2,0,0,0,1,2,0,2,3.757100000000002,ChemTS
2,6,345.3590000000001,16,25,19,5,4,0,0,0,1,1,0,2,0.37721999999999944,ChemTS
2,2,302.41800000000006,18,22,26,2,2,0,0,0,0,2,0,1,3.3269400000000022,ChemTS
1,4,345.37000000000023,19,25,20,1,4,1,0,0,1,2,0,2,3.4010000000000025,ChemTS
0,2,279.383,19,21,21,1,1,0,0,0,0,3,0,2,3.7489000000000026,ChemTS
1,5,311.36600000000004,16,22,13,3,2,0,1,0,1,2,0,3,3.614200000000002,ChemTS
1,3,339.2580000000002,14,19,15,2,1,0,1,0,1,2,0,2,4.577600000000002,ChemTS
2,2,338.4750000000001,21,25,28,3,1,0,0,0,0,3,0,2,1.5882000000000005,ChemTS
1,2,342.361,17,24,21,2,2,3,0,0,0,2,0,1,2.4546200000000002,ChemTS
0,4,299.37400000000014,17,22,21,3,2,0,0,0,0,3,0,2,2.3381999999999996,ChemTS
1,3,297.354,18,22,19,1,3,0,0,0,0,2,0,2,3.732440000000002,ChemTS
2,3,415.25900000000007,16,24,13,2,2,2,1,0,0,2,0,2,3.8454000000000015,ChemTS
1,4,395.50300000000016,23,29,29,3,3,0,0,0,0,3,0,2,2.862420000000001,ChemTS
2,4,347.75300000000004,17,24,13,2,3,1,0,1,0,2,0,2,2.5536000000000003,ChemTS
2,1,265.352,15,19,22,2,1,1,0,0,0,2,0,1,1.4941999999999998,ChemTS
1,5,270.317,13,19,10,4,1,0,1,0,2,1,0,3,2.5811,ChemTS
1,6,351.36200000000014,19,26,17,3,4,0,0,0,1,2,0,3,2.8511000000000006,ChemTS
0,4,316.764,17,22,15,1,3,0,0,1,0,3,0,2,2.2070999999999996,ChemTS
0,3,322.36400000000003,19,24,18,2,3,0,0,0,1,2,0,2,2.3313000000000006,ChemTS
0,2,350.4620000000002,22,26,26,2,2,0,0,0,0,3,0,2,4.367900000000004,ChemTS
1,1,266.12699999999995,13,17,9,1,1,0,0,2,0,2,0,2,4.245700000000002,ChemTS
1,2,314.47300000000007,20,23,30,2,1,0,0,0,0,3,0,1,3.988000000000003,ChemTS
0,3,300.25600000000003,14,21,13,1,3,3,0,0,0,2,0,1,1.3075,ChemTS
0,4,280.25899999999996,16,21,10,1,4,0,0,0,1,2,0,2,0.8462999999999998,ChemTS
2,3,332.444,19,24,28,2,3,0,0,0,0,2,0,1,2.0619999999999994,ChemTS
1,3,349.377,19,25,21,1,3,2,0,0,0,2,0,2,3.063500000000002,ChemTS
3,3,303.362,16,22,21,3,3,0,0,0,0,2,0,1,1.4188999999999996,ChemTS
0,3,321.46500000000015,18,23,31,3,2,0,0,0,2,1,0,0,1.7827999999999997,ChemTS
0,3,258.2969999999999,15,19,16,1,3,0,0,0,2,1,0,1,0.38729999999999976,ChemTS
1,3,343.4270000000002,19,25,25,3,3,0,0,0,2,1,0,1,2.2637,ChemTS
2,2,318.32300000000004,17,23,16,2,2,2,0,0,0,2,0,2,3.1708000000000016,ChemTS
3,4,318.3730000000001,17,23,22,2,4,0,0,0,1,2,0,1,1.3225999999999996,ChemTS
1,3,316.4010000000001,18,23,24,2,3,0,0,0,1,2,0,1,2.2215,ChemTS
1,4,322.34000000000003,19,24,16,1,4,0,0,0,0,2,0,2,2.1342,ChemTS
0,3,378.39400000000006,20,27,21,2,2,3,0,0,0,3,0,2,3.428600000000002,ChemTS
1,3,362.4290000000001,22,27,22,2,3,0,0,0,1,2,0,3,3.524300000000002,ChemTS
1,4,352.3900000000002,20,26,20,2,4,0,0,0,1,2,0,2,2.5378000000000007,ChemTS
3,4,354.41000000000025,19,26,22,4,3,0,0,0,0,3,0,2,2.2834000000000003,ChemTS
2,1,364.29600000000005,19,24,21,2,1,0,0,2,0,3,0,2,2.9707000000000017,ChemTS
2,6,355.37900000000013,16,25,13,5,3,0,1,0,1,2,0,3,3.6811000000000016,ChemTS
2,3,347.3900000000001,18,25,22,3,3,1,0,0,0,1,1,1,2.059,ChemTS
2,4,342.3950000000001,19,25,22,2,4,0,0,0,0,2,0,2,3.550600000000002,ChemTS
1,1,261.271,15,19,13,1,1,2,0,0,0,2,0,2,2.9373000000000014,ChemTS
1,2,268.316,16,20,16,2,2,0,0,0,0,2,0,2,2.6407000000000007,ChemTS
0,4,309.38900000000007,19,23,21,2,2,0,0,0,0,3,0,2,1.6899,ChemTS
2,2,316.81199999999995,17,22,19,3,1,0,0,1,1,2,0,2,2.1659999999999995,ChemTS
1,1,365.2460000000001,17,22,18,2,1,1,0,0,0,2,0,2,3.9723000000000033,ChemTS
0,2,243.257,15,18,12,0,2,1,0,0,0,2,0,2,1.9018999999999993,ChemTS
1,3,323.3960000000001,19,24,21,3,2,0,0,0,1,2,0,2,2.807220000000001,ChemTS
3,5,332.36000000000007,16,24,20,4,4,0,0,0,0,2,0,2,0.04910000000000114,ChemTS
0,4,291.39500000000004,16,21,25,3,2,0,0,0,2,1,0,1,2.0777,ChemTS
0,4,356.206,15,22,9,0,4,0,1,2,0,2,0,2,2.5581000000000005,ChemTS
1,6,289.36400000000003,13,20,15,5,1,0,1,0,1,2,0,2,1.7881999999999998,ChemTS
0,4,343.80999999999995,19,24,18,1,3,0,0,1,1,2,0,2,3.9799000000000033,ChemTS
0,5,331.39200000000017,18,24,23,2,4,0,0,0,0,3,0,1,0.048400000000000665,ChemTS
0,4,330.38499999999993,17,23,16,1,4,0,1,0,1,2,0,2,1.5759,ChemTS
1,2,252.31699999999995,16,19,16,2,1,0,0,0,0,3,0,2,3.2127000000000017,ChemTS
1,5,371.361,16,25,15,1,5,2,1,0,0,2,0,2,2.7090000000000014,ChemTS
1,4,298.3419999999999,17,22,18,2,3,0,0,0,1,2,0,2,2.891700000000001,ChemTS
1,4,344.39099999999996,18,25,22,3,4,0,0,0,1,2,0,1,-0.27109999999999856,ChemTS
0,3,305.712,16,21,11,0,3,1,0,1,0,2,0,2,2.821200000000001,ChemTS
1,3,280.30300000000005,17,21,14,1,3,0,0,0,0,2,0,2,1.1362999999999999,ChemTS
1,2,289.419,18,21,27,1,2,0,0,0,0,2,0,1,3.784900000000003,ChemTS
2,1,326.46400000000006,20,24,28,3,1,0,0,0,0,2,0,2,2.3459199999999996,ChemTS
1,3,367.44900000000007,21,27,25,3,3,0,0,0,0,3,0,2,2.4053000000000004,ChemTS
0,5,329.40000000000003,18,24,23,3,3,0,0,0,1,2,0,2,3.221400000000002,ChemTS
1,4,337.32200000000006,17,24,17,1,4,2,0,0,0,2,0,2,3.2352000000000025,ChemTS
2,2,288.73400000000004,15,20,13,2,2,0,0,1,0,2,0,2,2.3437,ChemTS
1,2,316.44500000000005,19,23,28,2,2,0,0,0,0,2,0,1,3.1217000000000015,ChemTS
1,3,282.72700000000003,13,19,15,2,3,0,0,1,0,2,0,1,3.3107000000000015,ChemTS
2,3,317.38900000000007,17,23,23,3,3,0,0,0,0,1,0,1,1.1769999999999992,ChemTS
0,5,313.3330000000001,17,23,17,2,4,0,0,0,1,2,0,2,0.6010999999999995,ChemTS
0,3,369.84500000000014,17,24,17,1,3,1,1,1,0,2,0,2,2.9539000000000017,ChemTS
0,4,295.362,18,22,19,2,2,0,0,0,0,3,0,2,1.3722999999999994,ChemTS
0,3,297.40200000000004,18,22,23,3,1,0,0,0,1,2,0,2,3.0695000000000014,ChemTS
2,1,318.48500000000007,19,23,32,3,1,0,0,0,0,2,0,1,1.8493000000000004,ChemTS
0,4,315.3930000000001,18,23,23,2,3,0,0,0,1,2,0,1,1.2789999999999997,ChemTS
0,4,351.475,20,25,21,3,1,0,1,0,1,2,0,3,3.9624000000000033,ChemTS
0,3,319.38000000000017,17,23,22,3,2,1,0,0,1,2,0,1,1.2059000000000002,ChemTS
1,4,312.37300000000005,17,23,20,4,2,0,0,0,2,1,0,2,2.26544,ChemTS
1,3,311.77200000000005,17,22,14,3,1,0,0,1,1,2,0,3,3.455700000000002,ChemTS
2,4,385.4840000000001,22,28,29,2,4,0,0,0,0,3,0,2,1.6054000000000002,ChemTS
3,4,333.4320000000001,18,24,27,3,3,0,0,0,1,1,0,1,1.6043999999999998,ChemTS
2,3,326.3960000000001,19,24,22,2,3,0,0,0,0,2,0,2,2.609440000000001,ChemTS
1,3,313.3940000000002,15,21,20,1,3,1,1,0,0,2,0,1,2.4384000000000006,ChemTS
2,5,391.9050000000001,17,25,14,3,2,0,2,1,1,2,0,3,3.796700000000002,ChemTS
2,3,319.8359999999999,17,22,22,3,1,0,0,1,0,2,0,1,3.333280000000002,ChemTS
1,1,271.30999999999995,17,20,15,1,0,2,0,0,0,2,0,2,3.6671000000000022,ChemTS
1,3,364.44500000000005,22,27,24,2,3,0,0,0,1,2,0,2,4.021000000000003,ChemTS
1,1,299.336,16,21,20,1,1,3,0,0,0,2,0,1,4.259900000000004,ChemTS
1,2,327.783,15,21,12,1,1,2,1,1,0,2,0,2,4.026700000000003,ChemTS
1,5,317.414,16,22,19,3,2,0,1,0,1,2,0,2,2.32552,ChemTS
1,5,361.7410000000001,16,25,12,3,5,0,0,1,2,1,0,2,1.8624999999999996,ChemTS
1,4,374.4810000000003,21,27,30,2,4,0,0,0,0,2,1,1,0.012800000000001033,ChemTS
1,2,295.26,15,21,12,1,2,3,0,0,0,2,0,2,3.6083000000000016,ChemTS
1,4,270.336,15,20,18,4,1,0,0,0,1,2,0,2,1.7803199999999997,ChemTS
1,2,308.80900000000014,16,21,21,2,2,0,0,1,0,1,0,1,2.8625000000000016,ChemTS
1,1,308.85300000000007,17,21,25,2,1,0,0,1,0,2,0,1,3.9601000000000033,ChemTS
1,5,311.36600000000004,16,22,13,3,2,0,1,0,1,2,0,3,3.1694000000000004,ChemTS
1,4,294.35800000000006,17,22,18,4,1,0,0,0,0,2,0,2,2.888420000000001,ChemTS
2,4,297.742,13,20,16,3,3,0,0,1,0,2,0,1,0.4332000000000008,ChemTS
1,4,389.49600000000027,21,28,31,3,4,0,0,0,1,2,0,1,3.1107000000000022,ChemTS
1,2,263.406,15,18,21,1,1,0,1,0,0,2,0,1,3.2230000000000016,ChemTS
0,2,290.4510000000001,18,21,30,2,1,0,0,0,1,2,0,0,3.3538000000000023,ChemTS
2,1,316.832,18,22,21,2,1,0,0,1,0,2,0,2,3.8129000000000017,ChemTS
2,2,289.37899999999996,16,21,23,3,2,0,0,0,0,2,0,1,1.6970000000000003,ChemTS
1,4,298.318,17,22,16,1,4,0,0,0,0,2,0,2,1.135399999999999,ChemTS
0,5,310.35400000000004,17,22,12,1,3,0,1,0,1,2,0,3,2.8832000000000013,ChemTS
2,3,300.383,16,21,16,2,2,0,1,0,0,2,0,2,2.1688,ChemTS
0,3,322.8360000000001,17,22,23,2,2,0,0,1,0,3,0,1,2.5228,ChemTS
0,4,378.49400000000014,19,26,26,2,4,0,1,0,0,2,0,1,2.1184999999999996,ChemTS
2,3,311.25899999999996,15,22,12,1,3,3,0,0,0,2,0,2,3.4720000000000013,ChemTS
2,3,301.39,17,22,23,3,2,0,0,0,1,1,0,2,2.7659400000000005,ChemTS
0,2,294.394,20,22,22,0,2,0,0,0,0,2,0,2,5.1048000000000044,ChemTS
0,1,231.33899999999997,15,17,21,1,1,0,0,0,1,1,0,1,3.113120000000002,ChemTS
1,4,284.291,16,21,14,1,4,0,0,0,0,2,0,2,0.745299999999999,ChemTS
1,3,281.359,17,21,19,3,1,0,0,0,0,2,0,2,2.4454000000000002,ChemTS
2,2,288.73400000000004,15,20,13,2,2,0,0,1,0,2,0,2,2.708500000000001,ChemTS
1,5,332.2870000000001,16,24,13,2,5,1,0,0,0,2,0,2,2.4583000000000004,ChemTS
1,6,364.83300000000014,17,25,21,4,3,0,0,1,1,2,0,2,1.4756,ChemTS
1,1,308.15000000000003,14,18,11,1,1,1,0,0,0,2,0,2,3.769400000000002,ChemTS
2,1,286.35,17,21,19,2,1,1,0,0,0,2,0,2,4.406920000000003,ChemTS
0,3,296.41400000000004,19,22,24,2,1,0,0,0,0,3,0,2,3.6386400000000023,ChemTS
2,4,339.34200000000004,16,24,19,3,3,2,0,0,1,1,0,2,3.647140000000001,ChemTS
1,3,325.40799999999996,20,24,23,1,3,0,0,0,0,3,0,2,1.1254,ChemTS
0,4,343.83400000000006,19,24,20,2,2,0,0,1,0,3,0,2,2.3433,ChemTS
0,4,321.40000000000003,20,24,21,2,2,0,0,0,0,3,0,2,1.6421,ChemTS
1,4,263.29699999999997,12,18,10,3,1,1,1,0,1,1,0,2,2.4194000000000004,ChemTS
3,3,312.41400000000004,15,22,28,4,3,0,0,0,0,1,0,0,1.4423000000000008,ChemTS
1,3,317.38900000000007,17,23,23,3,3,0,0,0,0,2,0,1,1.5853999999999995,ChemTS
2,3,345.42400000000004,17,24,19,3,3,0,1,0,0,2,0,2,3.113500000000001,ChemTS
2,2,344.35700000000014,16,24,21,3,2,3,0,0,0,2,0,1,1.1577,ChemTS
0,4,314.77000000000015,13,20,13,1,4,0,1,1,1,1,0,1,0.8876,ChemTS
1,2,364.4890000000002,23,27,28,2,2,0,0,0,0,3,0,2,4.063800000000003,ChemTS
1,4,389.276,17,27,12,1,4,5,0,0,0,2,0,2,4.102300000000002,ChemTS
1,4,306.36200000000014,16,22,22,2,4,0,0,0,0,2,0,1,2.502200000000001,ChemTS
1,3,318.755,17,22,14,1,2,1,0,1,0,2,0,2,2.4452,ChemTS
6,11,501.4250000000002,15,28,25,4,6,0,2,0,1,0,0,0,-1.324099999999997,Graph_MCTS
6,12,560.1850000000001,19,33,30,3,6,0,4,1,2,0,0,0,2.1013,Graph_MCTS
6,9,384.57300000000004,18,27,40,8,1,0,0,0,1,0,0,0,-1.191099999999995,Graph_MCTS
6,10,394.42500000000007,14,26,23,4,6,1,1,0,1,0,0,0,-2.1428999999999974,Graph_MCTS
4,8,469.7640000000001,16,27,26,4,5,0,0,1,1,0,0,0,0.0673000000000023,Graph_MCTS
4,12,576.6980000000003,21,37,29,6,6,1,3,0,3,0,0,0,1.1206000000000005,Graph_MCTS
6,7,446.9920000000002,17,28,33,4,3,2,1,1,1,0,0,0,-0.5986999999999973,Graph_MCTS
6,10,411.8640000000001,14,26,22,3,7,0,1,1,1,0,0,0,-1.6931999999999987,Graph_MCTS
0,6,415.5270000000001,20,28,30,1,5,1,1,0,1,0,0,0,3.4360000000000017,Graph_MCTS
5,8,396.48800000000017,19,28,32,4,5,0,0,0,1,0,0,0,0.34940000000000276,Graph_MCTS
7,11,411.5500000000001,14,26,29,5,5,0,2,0,0,0,0,0,-1.333699999999998,Graph_MCTS
6,11,435.54000000000013,13,26,23,3,5,2,3,0,1,0,0,0,0.0631000000000006,Graph_MCTS
4,6,419.6510000000003,21,28,42,3,2,1,1,0,1,0,0,0,2.9840000000000018,Graph_MCTS
7,10,447.8990000000001,17,30,27,7,4,1,0,1,1,0,0,0,-3.056699999999994,Graph_MCTS
6,9,410.51200000000017,15,26,24,4,3,2,2,0,1,0,0,0,0.7746,Graph_MCTS
2,5,432.55400000000014,20,28,26,0,4,2,2,0,1,0,0,0,4.3567000000000045,Graph_MCTS
2,6,402.0040000000003,19,26,32,3,2,0,1,1,1,0,0,0,3.0825000000000014,Graph_MCTS
3,11,555.6520000000002,24,38,35,7,4,2,1,0,1,1,0,0,1.9340000000000004,Graph_MCTS
8,9,409.40000000000026,12,27,20,7,6,1,1,0,1,0,0,0,-2.8372999999999973,Graph_MCTS
2,8,391.7830000000001,15,26,19,3,6,1,0,1,1,0,0,0,0.15179999999999916,Graph_MCTS
1,9,411.4760000000001,19,28,25,1,7,0,1,0,1,0,0,0,1.0427,Graph_MCTS
5,8,448.5630000000001,17,28,21,2,5,1,3,0,2,0,0,1,1.7788999999999997,Graph_MCTS
11,16,711.4440000000002,22,41,26,5,12,0,1,0,1,2,0,1,-1.8332999999999986,Graph_MCTS
5,12,571.6270000000002,29,41,37,3,9,0,0,0,1,2,0,1,1.9301999999999997,Graph_MCTS
6,10,403.52800000000013,16,27,30,7,2,1,1,0,1,1,0,0,-1.2584999999999966,Graph_MCTS
3,10,775.117,43,54,59,6,2,1,2,0,1,4,0,2,8.278960000000009,Graph_MCTS
2,10,415.5600000000001,18,28,33,5,4,0,1,0,0,1,0,0,0.5319000000000044,Graph_MCTS
5,9,478.5410000000003,19,32,29,6,3,3,1,0,1,1,0,0,0.08087000000000222,Graph_MCTS
1,9,470.46900000000016,22,33,28,2,7,2,0,0,1,1,0,0,1.1842999999999997,Graph_MCTS
4,9,425.4860000000002,18,29,24,5,4,1,1,0,1,1,0,0,0.1280000000000011,Graph_MCTS
2,5,405.56400000000014,21,28,31,3,3,0,1,0,1,1,0,1,3.5592000000000024,Graph_MCTS
8,10,470.6210000000001,19,31,30,6,4,0,2,0,1,1,0,0,-1.8856999999999964,Graph_MCTS
4,9,388.3810000000001,13,26,17,6,5,1,1,0,0,1,0,0,-2.340419999999997,Graph_MCTS
5,9,388.4170000000001,16,26,21,2,6,1,1,0,0,1,0,0,0.5418699999999996,Graph_MCTS
6,9,414.9380000000002,18,28,31,6,3,0,0,1,1,1,0,0,0.027500000000002245,Graph_MCTS
5,9,463.96900000000016,16,29,22,5,5,0,2,1,1,1,0,1,-0.7980999999999983,Graph_MCTS
7,8,392.9360000000002,15,26,33,8,2,0,0,1,0,1,0,0,-2.210199999999995,Graph_MCTS
6,10,421.49900000000014,15,28,28,7,4,1,1,0,1,1,0,0,-2.0243999999999964,Graph_MCTS
8,12,440.5050000000003,17,30,25,8,3,1,1,0,1,1,0,0,-2.641299999999998,Graph_MCTS
6,10,408.8680000000001,13,26,21,6,5,0,1,1,0,1,0,0,-1.4722999999999973,Graph_MCTS
5,9,378.4770000000001,18,27,30,6,3,0,0,0,1,1,0,0,0.6128000000000019,Graph_MCTS
6,8,366.51000000000005,18,26,34,6,2,0,0,0,0,1,0,0,-0.9164999999999957,Graph_MCTS
6,7,405.9960000000001,17,26,32,5,2,0,1,1,0,1,0,0,0.9319000000000017,Graph_MCTS
8,13,469.5030000000003,18,33,31,9,6,0,0,0,1,1,0,0,-4.146599999999995,Graph_MCTS
7,10,391.4800000000002,17,28,29,9,2,0,0,0,1,1,0,1,-0.36812999999999735,Graph_MCTS
6,9,386.47400000000016,16,26,26,4,5,0,1,0,0,1,0,0,-0.8637999999999981,Graph_MCTS
6,11,370.41000000000014,15,26,26,6,5,0,0,0,0,1,0,0,-4.6838,Graph_MCTS
2,8,465.5970000000001,21,31,27,3,5,0,2,0,1,1,0,0,2.1788999999999996,Graph_MCTS
4,10,433.46500000000026,19,30,20,5,4,1,1,0,1,1,0,0,0.06258000000000041,Graph_MCTS
5,9,524.3840000000002,19,31,24,3,5,2,1,0,1,1,0,0,1.2057999999999998,Graph_MCTS
5,13,545.6660000000002,25,38,35,7,5,0,1,0,1,2,0,1,1.499699999999999,Graph_MCTS
8,9,393.48800000000017,19,28,31,5,4,0,0,0,1,1,0,1,0.08580000000000343,Graph_MCTS
4,8,382.4360000000001,18,27,27,4,4,1,0,0,1,1,0,1,0.7794000000000009,Graph_MCTS
7,10,387.46600000000024,14,26,25,7,4,0,1,0,0,1,0,0,-3.6473999999999966,Graph_MCTS
4,10,392.4410000000001,16,27,20,6,4,0,1,0,1,1,0,0,-2.1418199999999965,Graph_MCTS
7,11,387.4180000000001,14,26,21,5,6,0,1,0,1,1,0,0,-2.2943299999999973,Graph_MCTS
4,8,410.95000000000016,19,28,31,6,2,0,0,1,1,1,0,1,2.3171900000000005,Graph_MCTS
3,6,432.9490000000001,18,28,26,4,3,1,1,1,1,1,0,1,1.7038000000000002,Graph_MCTS
4,7,407.0240000000001,18,26,35,4,2,0,1,1,0,1,0,0,2.9411000000000005,Graph_MCTS
6,9,470.44100000000014,18,28,28,7,1,0,1,0,1,1,0,1,0.8947200000000022,Graph_MCTS
4,9,431.6490000000002,18,27,29,3,3,0,3,0,1,1,0,0,2.3877000000000006,Graph_MCTS
6,10,444.64800000000014,18,28,28,4,3,0,3,0,1,1,0,1,1.9877000000000007,Graph_MCTS
5,7,396.4190000000002,18,28,25,4,5,1,0,0,1,1,0,1,0.45009999999999994,Graph_MCTS
5,8,407.58400000000006,20,28,33,5,2,0,1,0,1,1,0,0,0.978000000000002,Graph_MCTS
5,10,366.47000000000014,16,26,30,8,2,0,0,0,1,1,0,1,-0.6228999999999962,Graph_MCTS
3,7,379.5740000000002,19,26,33,5,1,0,1,0,1,1,0,1,2.7848200000000007,Graph_MCTS
4,9,431.94600000000014,17,28,26,5,4,0,1,1,1,1,0,0,0.029000000000000803,Graph_MCTS
6,8,375.38500000000016,17,27,21,5,5,0,0,0,1,1,0,1,1.6509,Graph_MCTS
5,8,394.8590000000001,18,27,23,4,4,0,0,1,1,1,0,1,1.3472699999999997,Graph_MCTS
9,12,388.86400000000003,13,26,25,10,2,0,0,1,1,1,0,1,-3.406399999999997,Graph_MCTS
5,12,400.41700000000014,14,27,20,6,6,0,1,0,1,1,0,0,-1.4975999999999978,Graph_MCTS
2,9,405.79800000000023,17,28,16,5,5,0,0,1,1,1,0,1,0.5295000000000001,Graph_MCTS
5,10,419.4310000000001,16,28,22,3,7,1,1,0,1,1,0,0,-0.6247,Graph_MCTS
6,9,371.4130000000001,16,26,26,5,4,1,0,0,1,1,0,0,-1.058099999999998,Graph_MCTS
5,10,565.7370000000003,26,38,36,5,4,1,2,0,1,2,0,1,3.005700000000002,Graph_MCTS
5,8,500.1090000000002,23,33,38,5,3,0,1,1,1,1,0,0,3.3690000000000024,Graph_MCTS
8,10,416.52500000000015,16,27,24,4,5,0,2,0,1,1,0,0,-1.1387999999999991,Graph_MCTS
4,8,376.46100000000024,18,27,28,6,3,0,0,0,1,1,0,1,0.019020000000001147,Graph_MCTS
2,6,391.43900000000014,21,28,26,1,5,1,0,0,1,1,0,0,2.6926000000000014,Graph_MCTS
4,8,358.31000000000006,16,26,14,4,6,0,0,0,1,1,0,1,-0.07339999999999869,Graph_MCTS
3,9,422.86400000000026,16,28,25,6,3,2,0,1,1,1,0,0,0.4392000000000013,Graph_MCTS
2,8,445.2410000000002,17,27,18,2,6,1,0,0,1,1,0,1,2.0957,Graph_MCTS
2,6,398.45000000000016,20,28,28,2,4,2,0,0,1,1,0,1,2.918400000000001,Graph_MCTS
8,11,418.81300000000016,15,28,20,6,5,1,0,1,1,1,0,0,-0.8611999999999973,Graph_MCTS
3,8,403.77500000000026,15,27,18,3,8,0,0,1,1,1,0,0,-0.2821000000000004,Graph_MCTS
4,11,386.4780000000001,15,26,26,6,4,0,1,0,1,1,0,0,-0.7244999999999975,Graph_MCTS
5,9,379.4460000000002,15,26,21,7,3,0,1,0,1,1,0,2,-0.08497999999999928,Graph_MCTS
9,9,364.4060000000001,16,26,24,6,4,0,0,0,1,1,0,1,-2.0271799999999986,Graph_MCTS
6,8,400.5930000000002,18,27,36,6,2,0,1,0,1,1,0,0,-1.1406999999999945,Graph_MCTS
2,7,377.5330000000002,20,27,35,5,2,0,0,0,1,1,0,0,2.2954000000000008,Graph_MCTS
6,8,439.5500000000001,17,28,27,3,4,2,2,0,1,1,0,0,0.6746000000000001,Graph_MCTS
7,9,396.3790000000002,16,28,21,6,5,1,0,0,1,1,0,1,-0.5860999999999994,Graph_MCTS
8,13,402.41200000000015,14,28,26,8,6,0,0,0,1,1,0,0,-2.0043999999999964,Graph_MCTS
2,9,380.47000000000014,17,26,24,4,4,0,1,0,1,1,0,0,1.9531999999999998,Graph_MCTS
3,11,427.7750000000001,11,26,7,3,8,1,2,1,0,1,0,1,0.20960000000000034,Graph_MCTS
4,5,396.54900000000015,21,27,32,0,5,0,1,0,1,1,0,0,3.689300000000003,Graph_MCTS
5,10,423.4030000000002,17,29,17,3,8,0,1,0,1,1,0,0,-2.280499999999997,Graph_MCTS
7,9,367.4540000000001,16,26,29,7,3,0,0,0,1,1,0,0,-2.196399999999996,Graph_MCTS
5,10,456.29700000000014,17,28,22,5,5,0,0,0,1,1,0,0,1.0046000000000013,Graph_MCTS
4,7,403.3580000000002,17,26,28,6,1,0,0,2,1,1,0,0,1.3485000000000007,Graph_MCTS
5,9,414.80600000000027,15,28,19,6,6,0,0,1,1,1,0,0,-2.005899999999997,Graph_MCTS
4,6,449.0130000000003,19,28,26,2,3,1,2,1,1,1,0,0,4.322300000000004,Graph_MCTS
7,10,390.80700000000013,13,26,20,8,3,1,0,1,0,1,0,1,-1.8049999999999988,Graph_MCTS
2,5,450.3450000000002,18,26,22,1,3,2,1,0,1,1,0,0,4.149900000000004,Graph_MCTS
8,13,562.1870000000002,21,35,32,7,3,0,3,1,1,2,0,0,1.5129700000000006,Graph_MCTS
3,10,556.7040000000003,30,40,44,4,6,0,0,0,1,2,0,1,4.548420000000004,Graph_MCTS
2,5,380.8470000000001,19,26,22,2,3,1,0,1,1,1,0,0,2.4167000000000005,Graph_MCTS
3,7,456.4290000000003,20,28,34,5,2,0,0,0,1,1,0,0,1.8359799999999997,Graph_MCTS
2,9,368.41700000000014,15,26,25,8,2,1,0,0,1,1,0,0,0.265100000000001,Graph_MCTS
2,6,396.5530000000001,20,27,32,2,4,0,1,0,1,1,0,0,1.9458999999999997,Graph_MCTS
4,6,472.6090000000003,25,34,37,6,2,1,0,0,2,1,0,0,3.0512700000000015,Graph_MCTS
1,8,393.83100000000013,17,27,20,5,4,0,0,1,1,1,0,0,0.13907999999999987,Graph_MCTS
2,7,419.8850000000002,16,27,20,5,2,2,1,1,1,1,0,0,1.2022800000000007,Graph_MCTS
4,7,391.44700000000023,19,28,26,5,3,1,0,0,1,1,0,1,1.3463200000000004,Graph_MCTS
6,7,406.4550000000001,16,27,24,4,4,2,1,0,1,1,0,0,0.39670000000000133,Graph_MCTS
2,5,372.5570000000002,22,27,36,4,1,0,0,0,1,1,0,1,3.7001200000000027,Graph_MCTS
2,7,417.0190000000001,19,27,33,4,2,0,1,1,1,1,0,0,2.9701000000000013,Graph_MCTS
7,11,373.3450000000001,13,26,20,7,5,1,0,0,1,1,0,0,-4.446699999999997,Graph_MCTS
6,9,400.5490000000002,16,26,25,6,1,1,2,0,1,1,0,0,0.45970000000000055,Graph_MCTS
2,6,407.5590000000002,20,28,30,5,1,1,1,0,1,1,0,1,3.9207000000000036,Graph_MCTS
5,8,415.97000000000025,18,28,34,7,2,0,0,1,1,1,0,0,0.741700000000002,Graph_MCTS
4,6,399.91900000000004,18,26,23,3,2,1,1,1,1,1,0,1,4.142800000000003,Graph_MCTS
3,5,358.4820000000001,21,26,30,2,3,0,0,0,1,1,0,1,3.6009400000000023,Graph_MCTS
6,8,379.53000000000014,18,26,29,5,2,0,1,0,1,1,0,1,1.7068400000000001,Graph_MCTS
9,7,422.28700000000015,16,26,20,7,2,0,0,0,2,1,0,3,2.1443999999999996,Graph_MCTS
5,7,463.511,18,26,31,4,1,0,2,0,1,1,0,0,3.371900000000002,Graph_MCTS
3,7,381.4480000000002,19,27,28,3,4,1,0,0,1,1,0,0,1.2384999999999995,Graph_MCTS
4,9,446.04200000000026,18,28,28,5,2,0,2,1,1,1,0,1,2.2669200000000007,Graph_MCTS
1,6,441.3010000000003,18,27,22,4,3,1,0,0,1,1,0,1,1.7093,Graph_MCTS
6,10,417.62600000000015,16,26,27,5,2,0,3,0,1,1,0,0,1.7683000000000004,Graph_MCTS
7,13,505.9830000000003,19,34,33,9,4,1,0,1,0,2,0,0,-2.6696999999999953,Graph_MCTS
7,12,521.9510000000002,20,34,25,3,8,1,1,1,0,2,0,0,-0.19610000000000033,Graph_MCTS
7,10,520.0780000000003,25,36,38,7,3,0,0,1,1,2,0,1,2.93054,Graph_MCTS
6,11,515.6330000000003,21,34,30,5,5,1,2,0,1,2,0,1,1.4138,Graph_MCTS
0,4,473.45500000000027,25,30,33,2,2,0,0,0,1,2,0,0,6.844100000000006,Graph_MCTS
6,7,388.3960000000001,15,26,18,4,4,2,1,0,1,1,0,2,1.6111999999999997,Graph_MCTS
4,6,411.4990000000001,19,28,26,3,4,1,1,0,1,1,0,1,2.2130000000000005,Graph_MCTS
8,8,417.9480000000001,14,26,20,7,2,0,2,1,1,1,0,1,-0.49598000000000014,Graph_MCTS
7,9,416.54800000000006,16,27,25,6,2,1,2,0,1,1,0,1,1.0296000000000003,Graph_MCTS
5,9,431.51500000000027,16,28,22,5,4,1,2,0,1,1,0,0,0.1604000000000012,Graph_MCTS
7,9,366.42200000000014,16,26,26,6,4,0,0,0,1,1,0,0,-1.2694299999999983,Graph_MCTS
2,6,362.47,20,26,30,2,4,0,0,0,1,1,0,0,2.1544999999999996,Graph_MCTS
4,7,404.53600000000023,20,28,28,4,3,0,1,0,1,1,0,0,1.5989799999999998,Graph_MCTS
5,8,411.5970000000001,18,27,29,5,2,0,2,0,1,1,0,0,0.355800000000002,Graph_MCTS
4,7,414.6180000000002,18,26,26,2,3,0,3,0,1,1,0,0,1.5594000000000001,Graph_MCTS
6,6,357.5020000000002,20,26,31,5,1,0,0,0,1,1,0,1,1.5563199999999995,Graph_MCTS
4,8,394.51600000000013,20,28,34,4,4,0,0,0,1,1,0,0,0.817700000000003,Graph_MCTS
4,7,395.88700000000017,19,27,26,3,4,0,0,1,1,1,0,0,1.5145000000000004,Graph_MCTS
4,7,383.44500000000016,17,26,22,3,4,1,1,0,1,1,0,0,0.99728,Graph_MCTS
4,10,509.65400000000034,22,34,31,5,5,0,2,0,0,2,0,0,0.5230000000000011,Graph_MCTS
6,9,494.6620000000002,22,33,31,6,2,1,2,0,0,2,0,1,2.4494200000000004,Graph_MCTS
4,9,480.67500000000024,24,33,40,4,4,0,1,0,0,2,0,0,1.383400000000003,Graph_MCTS
7,11,495.6100000000003,20,34,33,9,4,0,1,0,1,2,0,0,-2.6338999999999944,Graph_MCTS
3,8,641.5790000000002,28,40,35,4,4,2,1,0,0,3,0,1,5.437400000000005,Graph_MCTS
4,6,459.46100000000007,16,26,21,2,2,1,3,2,1,1,0,0,3.566700000000001,Graph_MCTS
3,6,362.365,16,26,19,6,3,1,0,0,1,1,0,1,0.0003400000000005621,Graph_MCTS
6,8,415.60400000000016,19,28,37,5,3,0,1,0,1,1,0,0,1.1645000000000012,Graph_MCTS
5,3,396.53500000000014,22,28,25,4,0,1,1,0,3,1,0,3,4.965420000000003,Graph_MCTS
3,11,452.86900000000014,15,28,14,2,7,1,2,1,1,1,0,0,1.0844999999999998,Graph_MCTS
1,5,403.3500000000002,19,26,28,2,3,0,0,2,0,1,0,0,4.5023000000000035,Graph_MCTS
1,4,366.4650000000001,21,27,26,4,2,0,0,0,2,1,0,2,3.163380000000002,Graph_MCTS
2,7,415.4620000000002,18,28,23,3,4,2,1,0,1,1,0,0,1.9662,Graph_MCTS
4,8,454.72800000000024,15,26,22,5,3,1,0,1,1,1,0,0,0.8432000000000004,Graph_MCTS
2,4,390.5740000000001,20,26,26,2,2,0,2,0,1,1,0,1,4.083200000000006,Graph_MCTS
7,10,507.73000000000013,23,34,37,7,2,0,2,0,1,2,0,0,0.4369000000000034,Graph_MCTS
5,9,500.59100000000024,22,34,31,6,2,3,1,0,1,2,0,0,1.7665000000000008,Graph_MCTS
6,11,460.47000000000025,20,33,25,8,4,1,0,0,1,2,0,1,-2.057279999999996,Graph_MCTS
7,10,402.8600000000001,15,26,19,4,5,0,1,1,0,2,0,1,-0.6147000000000011,Graph_MCTS
5,10,594.5320000000003,25,37,32,5,5,0,1,0,0,3,0,1,2.2670999999999992,Graph_MCTS
11,12,553.4650000000001,16,32,25,8,5,0,2,0,0,2,0,0,-2.8649999999999967,Graph_MCTS
5,11,555.9910000000002,24,38,31,5,7,1,0,1,0,3,0,0,1.5814000000000004,Graph_MCTS
3,5,396.6450000000002,21,27,40,4,1,0,1,0,1,1,0,0,2.868800000000001,Graph_MCTS
2,4,418.02700000000016,22,27,24,1,1,0,2,1,1,2,0,2,5.900720000000005,Graph_MCTS
6,9,430.48400000000026,21,31,27,6,3,1,0,0,1,2,0,0,0.7657700000000007,Graph_MCTS
4,8,359.43000000000006,18,26,25,5,3,0,0,0,0,2,0,1,0.7465000000000015,Graph_MCTS
4,12,523.5870000000002,23,36,30,5,6,1,1,0,0,3,0,1,1.3950000000000007,Graph_MCTS
6,13,571.1290000000002,22,37,31,8,4,0,2,1,0,3,0,1,0.5038000000000009,Graph_MCTS
6,10,394.5260000000001,16,26,22,6,2,0,2,0,0,2,0,1,-0.3583999999999982,Graph_MCTS
6,9,483.29800000000006,18,30,20,6,4,1,0,0,1,2,0,0,-0.5193999999999979,Graph_MCTS
2,5,400.86200000000025,21,28,21,2,4,0,0,1,1,2,0,2,3.328020000000002,Graph_MCTS
5,11,482.60300000000024,22,33,34,4,6,0,1,0,0,2,0,0,1.7374000000000005,Graph_MCTS
5,9,367.38100000000014,16,26,22,5,4,1,0,0,0,2,0,0,-0.8086999999999969,Graph_MCTS
7,9,366.4660000000001,17,26,30,6,3,0,0,0,0,2,0,1,-0.08659999999999918,Graph_MCTS
6,8,405.4280000000002,19,28,19,1,7,0,1,0,1,2,0,0,0.3276999999999999,Graph_MCTS
6,8,402.4800000000003,18,28,22,6,3,0,1,0,1,2,0,2,-0.050879999999999204,Graph_MCTS
6,10,494.52600000000024,20,33,19,4,6,1,2,0,1,2,0,0,0.3857,Graph_MCTS
3,9,374.3780000000001,16,26,14,4,5,0,1,0,0,2,0,1,-0.4817,Graph_MCTS
7,10,439.5610000000002,19,30,30,7,2,1,1,0,1,2,0,0,0.5454000000000017,Graph_MCTS
1,7,385.42000000000013,20,28,23,3,5,0,0,0,1,2,0,1,1.8783999999999998,Graph_MCTS
6,6,380.5580000000001,19,26,32,4,2,0,1,0,0,2,0,1,1.119100000000001,Graph_MCTS
7,8,394.4780000000002,16,26,18,4,4,0,2,0,0,2,0,2,1.1712200000000004,Graph_MCTS
8,13,441.91900000000015,13,27,20,5,6,0,2,1,0,2,0,0,-1.9802999999999957,Graph_MCTS
7,13,427.50500000000017,12,26,18,5,5,1,3,0,0,2,0,0,-1.8392999999999975,Graph_MCTS
8,13,497.96500000000015,19,33,24,7,5,0,1,1,1,2,0,1,0.18920000000000065,Graph_MCTS
2,5,360.5460000000002,21,26,36,4,1,0,0,0,0,2,0,0,4.798700000000004,Graph_MCTS
8,8,370.45200000000017,16,26,28,8,0,2,0,0,1,2,0,0,-1.0639999999999983,Graph_MCTS
5,9,365.3940000000001,15,26,23,7,4,0,0,0,0,2,0,0,-1.9143999999999963,Graph_MCTS
6,12,464.55200000000036,19,32,28,8,4,0,1,0,1,2,0,0,-1.086199999999998,Graph_MCTS
3,8,429.52100000000013,22,31,31,5,4,0,0,0,1,2,0,0,1.136200000000001,Graph_MCTS
4,7,445.5160000000002,22,31,24,3,4,1,1,0,1,2,0,1,1.6523000000000003,Graph_MCTS
6,11,381.4140000000001,15,26,19,5,5,0,1,0,0,2,0,0,-0.44569999999999904,Graph_MCTS
7,11,561.1120000000002,25,38,33,8,3,0,1,1,1,3,0,0,1.9898700000000016,Graph_MCTS
1,5,429.9920000000002,24,30,32,3,2,0,0,1,1,2,0,1,5.416420000000005,Graph_MCTS
1,3,381.85000000000014,20,26,22,1,2,2,0,1,0,2,0,2,5.332100000000004,Graph_MCTS
7,9,602.529,23,36,28,3,7,0,2,0,0,3,0,0,2.7137000000000002,Graph_MCTS
3,7,357.38900000000007,18,26,20,5,2,1,0,0,0,2,0,2,3.3992200000000015,Graph_MCTS
4,6,408.97400000000016,21,28,33,4,2,0,0,1,1,2,0,0,2.4014000000000006,Graph_MCTS
4,7,363.46200000000016,18,26,29,5,3,0,0,0,0,2,0,0,0.40190000000000153,Graph_MCTS
3,6,364.53400000000005,20,26,36,4,2,0,0,0,0,2,0,0,2.6126000000000005,Graph_MCTS
7,9,386.36100000000016,14,26,15,4,6,1,1,0,0,2,0,0,-1.7254999999999994,Graph_MCTS
5,8,461.60900000000015,22,31,27,3,4,0,2,0,1,2,0,0,1.3831000000000002,Graph_MCTS
4,8,415.56300000000016,21,29,29,5,2,0,1,0,1,2,0,1,2.0788200000000003,Graph_MCTS
8,11,466.33900000000006,13,26,16,5,5,0,2,0,0,2,0,1,-0.6045999999999996,Graph_MCTS
6,11,408.44000000000005,16,28,20,6,5,0,1,0,1,2,0,1,0.11049999999999965,Graph_MCTS
2,4,366.45200000000017,20,26,28,2,2,2,0,0,0,2,0,1,4.251700000000003,Graph_MCTS
6,9,379.4900000000001,16,26,25,7,2,0,1,0,0,2,0,1,0.6156200000000009,Graph_MCTS
5,7,430.9330000000001,18,28,24,4,3,1,1,1,1,2,0,0,1.5952999999999997,Graph_MCTS
4,9,462.8710000000002,19,31,15,4,6,0,1,1,1,2,0,1,1.3751000000000002,Graph_MCTS
3,7,369.4690000000002,20,27,27,5,2,0,0,0,1,2,0,2,2.00182,Graph_MCTS
7,10,361.3580000000001,16,26,19,5,5,0,0,0,0,2,0,1,-1.07588,Graph_MCTS
2,9,380.47000000000014,17,26,24,4,4,0,1,0,0,2,0,1,2.3714000000000004,Graph_MCTS
4,10,391.76400000000024,14,26,18,3,8,0,0,1,0,2,0,0,-2.239899999999998,Graph_MCTS
1,7,387.4860000000001,18,26,17,3,3,0,2,0,0,2,0,1,1.7942799999999997,Graph_MCTS
0,4,374.4360000000002,24,28,22,0,4,0,0,0,1,2,0,2,4.706420000000005,Graph_MCTS
6,10,437.4570000000003,17,30,20,7,4,1,1,0,1,2,0,0,-0.9381999999999988,Graph_MCTS
4,5,380.4480000000001,21,28,24,4,3,0,0,0,1,2,0,2,2.7506000000000004,Graph_MCTS
8,9,392.4850000000002,17,27,24,6,3,0,1,0,1,2,0,1,-0.1325799999999997,Graph_MCTS
5,8,475.63600000000014,23,32,29,3,4,0,2,0,1,2,0,1,3.1528200000000033,Graph_MCTS
7,11,449.28700000000015,13,26,17,6,5,0,1,0,0,2,0,0,-2.740999999999997,Graph_MCTS
4,7,408.86500000000024,18,28,22,6,2,1,0,1,1,2,0,1,0.560220000000001,Graph_MCTS
4,8,362.3900000000001,16,26,22,6,4,0,0,0,1,2,0,0,-0.7271999999999976,Graph_MCTS
5,9,360.41800000000006,17,26,24,6,3,0,0,0,0,2,0,0,-1.4788999999999974,Graph_MCTS
1,7,420.21900000000005,17,26,14,3,5,0,0,0,0,2,0,2,1.89852,Graph_MCTS
0,2,395.9050000000002,24,28,23,1,1,1,0,1,1,2,0,1,5.655640000000005,Graph_MCTS
2,2,349.51800000000014,24,26,31,1,1,0,0,0,1,2,0,1,6.172300000000006,Graph_MCTS
4,7,513.3320000000001,19,28,17,3,3,1,1,0,1,2,0,2,4.4548000000000005,Graph_MCTS
10,14,551.7430000000003,23,37,37,9,3,0,2,0,1,3,0,0,-0.7574999999999961,Graph_MCTS
4,11,574.0780000000002,28,40,36,5,6,0,0,1,1,3,0,2,4.445640000000003,Graph_MCTS
9,14,541.6100000000002,21,37,32,9,5,1,1,0,0,3,0,0,-2.181629999999995,Graph_MCTS
0,8,357.4140000000001,18,26,23,5,3,0,0,0,0,2,0,0,0.7025000000000001,Graph_MCTS
3,6,381.8160000000001,17,26,20,3,5,0,0,1,0,2,0,0,0.1784000000000006,Graph_MCTS
9,10,404.5440000000002,18,28,28,8,1,0,1,0,1,2,0,1,-0.7024799999999987,Graph_MCTS
0,6,391.43900000000014,21,28,26,1,5,1,0,0,1,2,0,0,2.787000000000001,Graph_MCTS
8,11,409.4970000000002,15,27,19,7,3,0,2,0,1,2,0,1,-0.30690000000000045,Graph_MCTS
5,7,382.5050000000001,18,26,27,4,2,1,1,0,0,2,0,1,1.6815200000000008,Graph_MCTS
3,7,380.4890000000001,18,26,25,4,2,1,1,0,0,2,0,1,2.9772000000000007,Graph_MCTS
4,7,400.5730000000001,20,27,24,4,1,0,2,0,1,2,0,2,4.284300000000004,Graph_MCTS
2,8,358.44600000000014,18,26,26,6,2,0,0,0,0,2,0,0,1.25248,Graph_MCTS
4,7,433.50500000000017,21,30,24,3,4,1,1,0,1,2,0,1,1.0546000000000004,Graph_MCTS
8,11,426.8900000000003,15,28,19,8,3,0,1,1,1,2,0,1,0.07749999999999935,Graph_MCTS
2,4,350.4620000000001,22,26,26,2,2,0,0,0,1,2,0,2,4.368900000000003,Graph_MCTS
1,7,476.9650000000003,22,33,29,6,4,0,0,1,1,2,0,0,1.5722,Graph_MCTS
4,6,425.3710000000002,19,26,29,4,2,0,0,0,0,2,0,1,2.6855000000000016,Graph_MCTS
3,6,420.91600000000017,21,29,26,4,2,1,0,1,1,2,0,0,3.0931000000000015,Graph_MCTS
5,6,384.5720000000002,22,28,36,6,0,0,0,0,1,2,0,0,1.4215000000000024,Graph_MCTS
1,7,368.4140000000001,19,26,16,2,4,0,1,0,1,2,0,3,3.285020000000001,Graph_MCTS
3,8,388.4680000000002,20,28,28,4,4,0,0,0,1,2,0,1,2.149,Graph_MCTS
11,12,431.4610000000003,17,31,25,11,3,0,0,0,1,2,0,1,-2.198429999999998,Graph_MCTS
0,5,353.37800000000004,19,26,19,3,4,0,0,0,0,2,0,1,1.88174,Graph_MCTS
4,10,409.5120000000002,18,28,27,5,4,0,1,0,1,2,0,0,0.5585000000000002,Graph_MCTS
1,5,382.4350000000001,22,28,23,2,3,1,0,0,1,2,0,2,3.9110400000000025,Graph_MCTS
2,5,367.4930000000001,22,27,29,3,2,0,0,0,1,2,0,2,3.711020000000002,Graph_MCTS
6,8,396.4210000000001,17,27,20,2,7,0,1,0,1,2,0,0,0.05390000000000089,Graph_MCTS
1,5,381.4690000000001,19,26,24,1,4,1,1,0,0,2,0,1,2.3973400000000007,Graph_MCTS
5,8,388.44700000000006,19,28,25,6,2,1,0,0,1,2,0,1,1.7005,Graph_MCTS
5,5,383.8950000000001,19,26,27,3,2,1,0,1,0,2,0,1,2.1124199999999997,Graph_MCTS
2,7,402.51600000000013,21,28,26,2,4,0,1,0,1,2,0,0,2.0848,Graph_MCTS
6,7,412.6060000000001,17,26,24,4,2,0,3,0,0,2,0,1,3.117300000000002,Graph_MCTS
3,8,397.9320000000001,17,26,24,5,2,0,1,1,0,2,0,1,2.3276000000000003,Graph_MCTS
5,7,406.4350000000001,19,28,19,2,5,1,1,0,1,2,0,2,2.8424000000000014,Graph_MCTS
4,6,391.6060000000001,20,26,29,3,1,0,2,0,0,2,0,1,2.61374,Graph_MCTS
8,7,356.4780000000001,18,26,28,8,0,0,0,0,1,2,0,0,0.31952000000000275,Graph_MCTS
2,6,414.52500000000026,23,30,31,4,2,1,0,0,1,2,0,1,4.054800000000004,Graph_MCTS
4,10,370.3690000000001,17,27,18,6,4,0,0,0,1,2,0,1,-0.0760199999999992,Graph_MCTS
3,7,393.4420000000001,17,26,15,1,6,0,2,0,0,2,0,1,0.8605999999999998,Graph_MCTS
5,7,429.5140000000001,18,28,21,3,3,2,2,0,1,2,0,1,2.4198000000000004,Graph_MCTS
1,5,366.4130000000001,22,27,22,0,5,0,0,0,1,2,0,0,3.812300000000003,Graph_MCTS
4,9,377.4260000000001,16,26,19,5,4,0,1,0,1,2,0,1,0.031299999999999384,Graph_MCTS
3,7,381.90800000000013,18,26,28,5,2,0,0,1,0,2,0,0,2.1254,Graph_MCTS
4,6,401.9640000000001,17,26,28,5,2,0,1,1,0,2,0,0,0.959400000000001,Graph_MCTS
6,9,418.59200000000004,19,28,26,6,1,0,2,0,1,2,0,1,2.388,Graph_MCTS
2,7,446.5480000000001,22,31,27,4,3,1,1,0,1,2,0,0,3.775300000000003,Graph_MCTS
4,8,377.514,18,26,27,5,2,0,1,0,0,2,0,1,1.9870999999999994,Graph_MCTS
6,10,368.39400000000006,15,26,24,6,5,0,0,0,0,2,0,1,-1.8073399999999968,Graph_MCTS
2,5,355.4380000000001,20,26,25,3,3,0,0,0,0,2,0,1,2.2199999999999998,Graph_MCTS
6,10,412.49500000000023,16,28,25,8,2,1,1,0,1,2,0,0,-0.7857999999999989,Graph_MCTS
4,10,422.44200000000006,17,29,19,6,4,1,1,0,1,2,0,0,-0.2365999999999991,Graph_MCTS
5,7,373.4360000000001,18,27,24,7,1,1,0,0,1,2,0,0,0.5871700000000011,Graph_MCTS
10,11,489.805,12,26,18,6,4,0,2,1,0,2,0,0,-0.6816999999999996,Graph_MCTS
7,8,379.44200000000006,16,26,21,5,4,0,1,0,0,2,0,1,-0.6283799999999995,Graph_MCTS
5,10,374.35700000000014,16,27,18,6,5,0,0,0,1,2,0,1,-1.3890999999999987,Graph_MCTS
3,6,421.9060000000002,19,28,20,3,4,0,1,1,1,2,0,1,3.695000000000002,Graph_MCTS
2,7,373.4780000000002,19,26,23,3,3,0,1,0,0,2,0,1,2.266,Graph_MCTS
6,7,393.55500000000006,20,28,36,7,0,1,0,0,1,2,0,0,1.2387000000000006,Graph_MCTS
2,7,413.4780000000001,21,30,27,5,4,0,0,0,1,2,0,1,1.9983199999999997,Graph_MCTS
2,6,432.99500000000006,17,26,18,2,2,1,3,1,0,2,0,1,4.782400000000003,Graph_MCTS
6,10,436.5400000000002,17,28,16,4,4,0,3,0,1,2,0,1,0.09100000000000008,Graph_MCTS
2,5,377.48800000000017,23,28,27,3,2,0,0,0,1,2,0,2,4.555740000000004,Graph_MCTS
3,6,380.4920000000001,22,28,28,4,2,0,0,0,1,2,0,2,3.848260000000002,Graph_MCTS
5,7,401.5320000000002,21,28,27,3,3,0,1,0,1,2,0,2,3.358620000000002,Graph_MCTS
3,6,448.3170000000001,20,28,22,3,4,0,0,0,1,2,0,1,2.8385200000000004,Graph_MCTS
4,7,386.4310000000001,19,28,23,6,2,1,0,0,1,2,0,2,1.9971199999999993,Graph_MCTS
7,8,379.85200000000015,16,26,22,7,2,0,0,1,1,2,0,1,0.2060700000000012,Graph_MCTS
4,5,355.43800000000005,20,26,25,3,3,0,0,0,0,2,0,2,3.086820000000002,Graph_MCTS
1,4,383.9230000000001,22,27,26,3,1,0,0,1,1,2,0,2,4.528920000000004,Graph_MCTS
0,2,445.9810000000002,26,31,30,1,1,2,0,1,0,3,0,1,7.278120000000007,Graph_MCTS
4,9,395.84700000000015,17,27,22,5,4,0,0,1,1,2,0,0,0.6496000000000013,Graph_MCTS
2,5,416.4180000000001,19,26,27,3,1,0,1,2,0,2,0,1,4.991840000000003,Graph_MCTS
2,5,369.3480000000001,20,27,16,1,5,1,0,0,1,2,0,2,3.2061200000000025,Graph_MCTS
1,7,398.5290000000001,17,26,23,4,2,1,2,0,0,2,0,1,3.065100000000002,Graph_MCTS
2,6,388.8990000000001,20,27,25,4,2,0,0,1,1,2,0,1,2.7911200000000016,Graph_MCTS
3,8,398.52900000000017,17,26,23,4,2,1,2,0,0,2,0,1,2.938220000000001,Graph_MCTS
3,5,369.46500000000015,20,26,20,3,1,1,1,0,1,2,0,2,4.536520000000002,Graph_MCTS
3,6,402.9260000000002,21,28,27,4,2,0,0,1,1,2,0,1,3.096940000000001,Graph_MCTS
6,8,390.5130000000002,18,27,26,6,2,0,1,0,1,2,0,0,-0.03509999999999858,Graph_MCTS
4,7,419.0160000000002,17,26,27,4,2,0,2,1,0,2,0,0,1.9204,Graph_MCTS
4,8,383.83200000000016,17,26,22,3,5,0,0,1,0,2,0,0,1.0420999999999998,Graph_MCTS
1,3,370.4640000000001,23,27,27,0,3,1,0,0,1,2,0,0,4.326400000000004,Graph_MCTS
1,5,353.39700000000005,20,26,20,3,2,1,0,0,1,2,0,2,3.8489200000000032,Graph_MCTS
4,8,388.39600000000013,15,26,18,4,4,2,1,0,0,2,0,1,0.08582000000000095,Graph_MCTS
3,5,353.5140000000001,21,26,31,5,0,0,0,0,1,2,0,1,2.591940000000001,Graph_MCTS
7,9,374.42600000000016,16,26,18,6,3,0,1,0,0,2,0,1,-0.29937999999999887,Graph_MCTS
4,7,378.49800000000016,18,26,26,4,3,0,1,0,0,2,0,0,-0.16479999999999795,Graph_MCTS
5,10,423.52000000000015,17,28,21,5,4,0,2,0,0,2,0,0,-0.9694999999999985,Graph_MCTS
5,6,383.92000000000013,19,26,30,3,3,0,0,1,0,2,0,0,1.8312999999999997,Graph_MCTS
8,10,413.47500000000014,17,28,24,5,4,1,1,0,1,2,0,1,1.2637999999999998,Graph_MCTS
3,7,422.3060000000001,17,26,21,7,0,1,0,0,1,2,0,1,1.5816000000000003,Graph_MCTS
3,6,379.43900000000025,21,28,22,5,1,1,0,0,1,2,0,2,4.031620000000001,Graph_MCTS
5,8,356.4300000000001,18,26,24,6,2,0,0,0,1,2,0,0,-0.23719999999999752,Graph_MCTS
6,7,382.8920000000001,18,26,27,4,3,0,0,1,0,2,0,1,1.3385199999999995,Graph_MCTS
3,8,413.5190000000002,18,28,28,5,3,1,1,0,1,2,0,0,0.21670000000000156,Graph_MCTS
5,7,400.5450000000002,17,26,25,4,2,1,2,0,0,2,0,1,3.1130400000000016,Graph_MCTS
3,6,380.3970000000001,17,26,17,2,5,1,1,0,0,2,0,0,0.5483999999999999,Graph_MCTS
1,5,355.4340000000001,21,26,25,1,4,0,0,0,0,2,0,2,3.7171600000000034,Graph_MCTS
11,13,454.25900000000007,12,26,16,5,7,0,1,0,0,2,0,0,-4.048699999999998,Graph_MCTS
4,8,377.4700000000001,17,26,23,5,3,0,1,0,1,2,0,0,0.5387,Graph_MCTS
3,6,382.3880000000001,17,26,16,2,4,2,1,0,0,2,0,1,2.258,Graph_MCTS
3,8,472.9790000000001,21,31,17,4,3,0,2,1,2,2,0,2,4.5683200000000035,Graph_MCTS
1,3,375.87500000000006,20,26,23,3,1,1,0,1,1,2,0,1,4.086120000000003,Graph_MCTS
2,7,405.9550000000001,19,27,24,5,1,0,1,1,1,2,0,0,2.4555000000000007,Graph_MCTS
2,5,485.1610000000002,20,28,16,1,4,0,0,2,1,2,0,2,4.861620000000005,Graph_MCTS
1,4,375.46500000000015,20,26,22,1,3,1,1,0,0,2,0,0,3.287600000000002,Graph_MCTS
5,7,386.4960000000001,21,28,30,4,3,0,0,0,1,2,0,1,1.6335999999999997,Graph_MCTS
7,7,393.46300000000025,19,28,28,5,3,1,0,0,1,2,0,0,0.9482000000000017,Graph_MCTS
4,8,363.37000000000006,17,26,21,3,6,0,0,0,0,2,0,1,1.6155000000000002,Graph_MCTS
4,5,375.9000000000002,20,26,26,3,2,0,0,1,0,2,0,2,4.550620000000003,Graph_MCTS
4,6,355.4380000000001,20,26,25,3,3,0,0,0,1,2,0,1,2.5966000000000005,Graph_MCTS
5,5,357.34100000000007,18,26,16,3,4,1,0,0,1,2,0,2,2.0653999999999995,Graph_MCTS
5,7,386.8870000000002,19,27,23,6,1,0,0,1,1,2,0,2,3.14442,Graph_MCTS
1,3,372.94000000000017,22,26,29,2,1,0,0,1,0,2,0,2,4.968320000000005,Graph_MCTS
3,5,394.46600000000007,20,28,28,4,2,2,0,0,1,2,0,0,1.8166000000000002,Graph_MCTS
4,5,376.46000000000015,22,28,24,4,2,0,0,0,2,2,0,3,3.988200000000003,Graph_MCTS
4,6,349.394,19,26,19,5,2,0,0,0,1,2,0,2,1.6558899999999996,Graph_MCTS
4,7,386.54400000000015,21,28,34,6,1,0,0,0,1,2,0,1,1.4947200000000012,Graph_MCTS
3,5,406.398,19,26,33,3,2,0,0,2,0,2,0,0,2.8054000000000014,Graph_MCTS
2,6,382.5260000000002,19,26,30,2,4,0,1,0,0,2,0,0,3.4089000000000027,Graph_MCTS
5,7,429.6090000000002,24,31,39,5,2,0,0,0,1,2,0,0,2.2041000000000013,Graph_MCTS
4,6,388.8590000000002,18,27,21,6,2,0,0,1,1,2,0,1,1.5231000000000001,Graph_MCTS
3,7,404.92300000000023,19,27,21,4,2,0,1,1,1,2,0,2,4.414740000000003,Graph_MCTS
5,9,454.93200000000024,20,30,23,2,6,0,1,1,1,2,0,0,1.6941999999999997,Graph_MCTS
3,7,384.47700000000015,17,26,25,4,3,1,1,0,0,2,0,0,2.521600000000001,Graph_MCTS
3,4,455.38900000000024,24,31,24,4,1,0,0,2,2,2,0,3,5.483260000000005,Graph_MCTS
1,3,370.80700000000013,21,26,16,0,3,1,0,1,1,2,0,2,5.350040000000002,Graph_MCTS
5,10,553.7540000000001,28,38,35,5,3,0,2,0,1,3,0,1,3.9007000000000023,Graph_MCTS
0,5,488.65100000000035,30,36,37,4,1,1,0,0,1,3,0,0,6.160500000000007,Graph_MCTS
1,8,441.9370000000002,18,28,17,3,3,1,2,1,1,2,0,0,5.050880000000005,Graph_MCTS
1,4,435.9990000000002,26,31,30,3,1,0,0,1,1,3,0,1,5.289300000000006,Graph_MCTS
3,5,385.8950000000001,21,27,24,3,2,0,0,1,1,2,0,2,5.025020000000005,Graph_MCTS
1,6,356.4010000000002,19,26,21,4,2,1,0,0,0,2,0,1,2.394400000000001,Graph_MCTS
1,4,368.8640000000001,21,26,21,2,2,0,0,1,1,2,0,2,4.4005200000000055,Graph_MCTS
3,5,370.4490000000002,21,27,26,2,4,0,0,0,1,2,0,0,2.9125000000000014,Graph_MCTS
3,9,374.42600000000004,16,26,18,6,3,0,1,0,0,2,0,0,-0.9433199999999986,Graph_MCTS
5,6,387.91500000000013,20,27,26,5,1,0,0,1,1,2,0,1,2.5907,Graph_MCTS
2,7,384.8390000000002,17,26,22,4,3,1,0,1,0,2,0,0,3.4699000000000018,Graph_MCTS
3,7,390.4590000000002,20,28,27,4,3,1,0,0,1,2,0,1,3.2139200000000017,Graph_MCTS
9,10,407.5480000000002,17,28,29,9,1,0,1,0,1,2,0,0,-3.4472999999999976,Graph_MCTS
3,3,382.7980000000001,17,26,17,4,2,2,0,1,0,2,0,1,3.581690000000002,Graph_MCTS
3,7,355.39400000000006,19,26,21,3,4,0,0,0,1,2,0,1,1.2628,Graph_MCTS
3,7,386.45200000000017,20,28,26,4,4,0,0,0,1,2,0,1,1.21184,Graph_MCTS
4,10,413.50000000000017,16,27,20,5,3,1,2,0,1,2,0,1,1.4055199999999999,Graph_MCTS
4,5,398.2690000000002,17,26,18,5,1,1,0,2,1,2,0,1,2.3165999999999998,Graph_MCTS
5,6,358.41700000000014,19,26,23,4,2,1,0,0,1,2,0,1,2.9851200000000007,Graph_MCTS
5,6,385.4890000000002,20,27,23,3,3,0,1,0,1,2,0,2,3.336920000000002,Graph_MCTS
6,7,397.54500000000013,17,26,24,5,1,1,2,0,1,2,0,1,2.06212,Graph_MCTS
3,3,360.45700000000016,23,27,24,2,2,0,0,0,0,3,0,3,4.5413200000000025,MARS
1,1,358.481,25,27,26,0,2,0,0,0,0,3,0,3,5.518800000000005,MARS
2,2,288.35,19,22,16,2,1,0,0,0,0,3,0,3,4.110500000000002,MARS
2,2,331.415,22,25,21,1,2,0,0,0,0,3,0,3,4.650700000000003,MARS
2,3,412.4860000000001,22,29,21,2,3,1,1,0,0,3,0,3,4.309340000000002,MARS
2,3,412.4860000000002,22,29,21,2,3,1,1,0,0,3,0,3,4.195320000000002,MARS
1,3,385.38500000000005,22,28,18,1,2,3,0,0,0,3,0,3,5.272000000000003,MARS
3,3,364.4200000000001,22,27,21,2,2,1,0,0,0,3,0,3,4.372000000000003,MARS
4,5,411.4830000000001,21,29,21,3,4,0,1,0,0,3,0,3,3.087819999999999,MARS
2,3,398.4590000000001,21,28,19,2,3,1,1,0,0,3,0,3,4.0009200000000025,MARS
4,5,412.4670000000001,21,29,20,2,5,0,1,0,0,3,0,3,3.2112200000000004,MARS
1,3,367.39500000000004,22,27,19,1,2,2,0,0,0,3,0,3,5.132900000000003,MARS
3,3,346.43000000000006,22,26,22,2,2,0,0,0,0,3,0,3,4.232900000000003,MARS
3,4,396.4680000000001,21,28,20,2,4,0,1,0,0,3,0,3,3.5056200000000004,MARS
2,3,380.4690000000001,21,27,20,2,3,0,1,0,0,3,0,3,3.48552,MARS
2,3,332.403,21,25,20,2,2,0,0,0,0,3,0,3,3.643600000000003,MARS
3,4,413.47400000000016,21,29,20,3,3,1,1,0,0,3,0,3,3.583120000000002,MARS
3,4,413.4740000000001,21,29,20,3,3,1,1,0,0,3,0,3,2.7497000000000016,MARS
2,3,295.313,18,22,14,1,2,1,0,0,0,3,0,3,5.067200000000003,MARS
2,3,294.329,18,22,15,2,1,1,0,0,0,3,0,3,4.943800000000002,MARS
1,2,293.341,19,22,16,1,1,1,0,0,0,3,0,3,5.366100000000003,MARS
3,4,400.43100000000015,20,28,17,2,4,1,1,0,0,3,0,3,3.3363000000000023,MARS
1,1,296.40999999999997,20,22,24,0,2,0,0,0,0,2,0,2,4.604420000000004,MARS
4,5,349.4120000000001,16,24,19,3,4,0,1,0,0,2,0,2,1.2878,MARS
2,3,322.3610000000001,15,22,15,2,3,1,1,0,0,2,0,2,2.718540000000001,MARS
1,1,259.35200000000003,19,20,17,1,0,0,0,0,0,3,0,3,5.0210000000000035,MARS
2,3,380.46900000000005,21,27,20,2,3,0,1,0,0,3,0,3,3.7258200000000024,MARS
1,2,279.314,18,21,14,1,1,1,0,0,0,3,0,3,5.361600000000003,MARS
4,5,398.44000000000017,20,28,18,2,5,0,1,0,0,3,0,3,2.9028000000000014,MARS
1,1,277.34200000000004,19,21,16,1,0,1,0,0,0,3,0,3,5.1601000000000035,MARS
1,1,310.437,21,23,26,0,2,0,0,0,0,2,0,2,4.912840000000004,MARS
3,4,382.44100000000014,20,27,18,2,4,0,1,0,0,3,0,3,3.1972000000000014,MARS
3,4,427.50100000000015,22,30,22,3,3,1,1,0,0,3,0,3,2.9441000000000015,MARS
3,4,428.4850000000001,22,30,21,2,4,1,1,0,0,3,0,3,3.4932200000000013,MARS
3,4,395.4840000000001,21,28,21,3,3,0,1,0,0,3,0,3,2.6106000000000007,MARS
1,4,303.33299999999997,17,22,18,1,3,1,0,0,0,2,0,2,4.127200000000003,MARS
2,3,340.3510000000001,15,23,14,2,3,2,1,0,0,2,0,2,2.879620000000001,MARS
1,1,291.369,20,22,18,1,0,1,0,0,0,3,0,3,5.468520000000003,MARS
2,3,256.305,15,19,16,2,2,0,0,0,0,2,0,2,2.3612200000000003,MARS
3,4,382.44100000000003,20,27,18,2,4,0,1,0,0,3,0,3,2.882700000000002,MARS
3,3,346.4300000000001,22,26,22,2,2,0,0,0,0,3,0,3,4.232900000000003,MARS
1,1,376.471,25,28,25,0,2,1,0,0,0,3,0,3,5.657900000000005,MARS
2,4,298.386,18,22,22,2,2,0,0,0,0,2,0,2,3.3226000000000013,MARS
2,3,366.442,20,26,18,2,3,0,1,0,0,3,0,3,3.177100000000002,MARS
2,3,354.3780000000001,16,24,16,2,3,2,1,0,0,2,0,2,3.1336000000000013,MARS
2,2,262.25899999999996,14,19,12,2,1,2,0,0,0,2,0,2,2.535400000000001,MARS
1,8,351.31300000000005,15,25,15,5,3,2,0,0,1,2,0,3,0.8925999999999994,MARS
1,2,261.324,18,20,15,1,1,0,0,0,0,3,0,3,4.728100000000003,MARS
3,4,286.331,16,21,18,2,3,0,0,0,0,2,0,2,2.6803999999999997,MARS
3,4,289.31,15,21,16,3,2,1,0,0,0,2,0,2,2.0269,MARS
0,7,336.298,15,24,14,4,3,2,0,0,1,2,0,3,1.329699999999999,MARS
3,4,409.51100000000014,22,29,23,3,3,0,1,0,0,3,0,3,2.8050000000000015,MARS
3,3,312.41299999999995,19,23,24,2,2,0,0,0,0,2,0,2,3.5816,MARS
2,3,336.3880000000001,16,23,17,2,3,1,1,0,0,2,0,2,2.972520000000001,MARS
1,1,295.33200000000005,19,22,15,1,0,2,0,0,0,3,0,3,5.2992000000000035,MARS
0,1,246.30900000000003,18,19,14,0,1,0,0,0,0,3,0,3,5.145900000000004,MARS
3,4,337.37600000000015,15,23,16,3,3,1,1,0,0,2,0,2,1.86882,MARS
2,2,288.39400000000006,20,22,20,2,0,0,0,0,0,3,0,3,4.911620000000004,MARS
2,2,315.3879999999999,19,23,22,1,2,1,0,0,0,2,0,2,4.592400000000002,MARS
1,7,335.3140000000001,15,24,15,5,2,2,0,0,1,2,0,3,0.9609999999999996,MARS
1,2,287.378,18,21,22,1,1,1,0,0,0,2,0,2,2.9052000000000016,MARS
1,1,273.379,20,21,19,1,0,0,0,0,0,3,0,3,5.329420000000004,MARS
0,2,305.368,18,22,21,1,1,2,0,0,0,2,0,2,3.8140000000000036,MARS
0,1,288.39000000000004,21,22,20,0,1,0,0,0,0,3,0,3,5.112900000000004,MARS
2,6,288.30300000000005,15,21,16,2,4,0,0,0,0,2,0,2,1.6822,MARS
2,3,308.33400000000006,14,21,13,2,3,1,1,0,0,2,0,2,2.41012,MARS
2,2,212.29600000000002,14,16,16,2,0,0,0,0,0,2,0,2,3.1893200000000004,MARS
1,4,303.33299999999997,17,22,18,1,3,1,0,0,0,2,0,2,4.127200000000003,MARS
3,4,338.3600000000001,15,23,15,2,4,1,1,0,0,2,0,2,1.9024199999999998,MARS
4,5,335.38500000000005,15,23,17,3,4,0,1,0,0,2,0,2,1.34832,MARS
2,3,290.34400000000005,14,20,14,2,3,0,1,0,0,2,0,2,1.89472,MARS
2,2,255.31699999999998,16,19,17,1,2,0,0,0,0,2,0,2,3.427900000000001,MARS
2,2,244.269,14,18,13,2,1,1,0,0,0,2,0,2,2.2603,MARS
1,1,282.3829999999999,19,21,22,0,2,0,0,0,0,2,0,2,4.296000000000003,MARS
2,2,275.35100000000006,19,21,17,1,1,0,0,0,0,3,0,3,4.726600000000003,MARS
3,4,333.41300000000007,16,23,19,3,3,0,1,0,0,2,0,2,1.5821999999999998,MARS
2,6,302.33,16,22,18,2,4,0,0,0,0,2,0,2,1.9696199999999993,MARS
3,3,271.316,16,20,17,1,3,0,0,0,0,2,0,2,3.133500000000002,MARS
1,7,318.308,15,23,15,4,3,1,0,0,1,2,0,3,0.7719999999999989,MARS
2,2,258.29600000000005,15,19,15,2,1,1,0,0,0,2,0,2,2.70472,MARS
3,4,319.3860000000001,15,22,17,3,3,0,1,0,0,2,0,2,1.32822,MARS
4,5,339.34799999999996,14,23,14,3,4,1,1,0,0,2,0,2,1.8316999999999999,MARS
4,4,285.347,16,21,19,3,2,0,0,0,0,2,0,2,2.7135,MARS
1,3,276.30699999999996,16,20,17,0,3,1,0,0,0,2,0,2,3.299200000000002,MARS
3,3,270.332,16,20,18,2,2,0,0,0,0,2,0,2,3.0101000000000004,MARS
3,4,285.347,16,21,19,3,2,0,0,0,0,2,0,2,1.7721999999999996,MARS
1,5,291.278,15,21,14,1,4,1,0,0,0,2,0,2,2.2390999999999996,MARS
3,7,304.302,15,22,16,2,5,0,0,0,0,2,0,2,1.9010999999999996,MARS
1,2,242.27399999999997,15,18,14,0,3,0,0,0,0,2,0,2,2.8927000000000014,MARS
3,4,334.39700000000005,16,23,18,2,4,0,1,0,0,2,0,2,2.15214,MARS
1,5,273.28799999999995,15,20,15,1,4,0,0,0,0,2,0,2,2.3403,MARS
2,3,304.371,15,21,16,2,3,0,1,0,0,2,0,2,2.1554200000000003,MARS
2,3,308.33399999999995,14,21,13,2,3,1,1,0,0,2,0,2,2.0305999999999997,MARS
0,1,248.272,15,18,14,0,1,2,0,0,0,2,0,2,3.7241000000000026,MARS
0,1,226.31900000000002,16,17,18,0,1,0,0,0,0,2,0,2,3.7543200000000025,MARS
3,4,324.333,14,22,13,2,4,1,1,0,0,2,0,2,2.0539199999999997,MARS
2,2,298.38199999999995,19,22,22,0,3,0,0,0,0,2,0,2,4.001600000000003,MARS
2,2,297.39799999999997,19,22,23,1,2,0,0,0,0,2,0,2,3.8782000000000014,MARS
2,2,292.357,19,22,17,2,0,1,0,0,0,3,0,3,4.742300000000003,MARS
3,4,305.359,14,21,15,3,3,0,1,0,0,2,0,2,1.0197999999999998,MARS
2,5,276.267,14,20,13,2,3,1,0,0,0,2,0,2,2.4523,MARS
1,2,283.41499999999996,19,21,25,1,1,0,0,0,0,2,0,2,3.0745200000000015,MARS
2,3,262.28,15,19,15,0,3,1,0,0,0,2,0,2,2.996200000000002,MARS
2,6,288.303,15,21,16,2,4,0,0,0,0,2,0,2,1.6611999999999996,MARS
3,4,337.37600000000003,15,23,16,3,3,1,1,0,0,2,0,2,1.84362,MARS
1,4,273.332,16,20,19,1,3,0,0,0,0,2,0,2,3.1221200000000016,MARS
4,4,327.42799999999994,19,24,25,3,2,0,0,0,0,2,0,2,3.086199999999999,MARS
0,2,211.28000000000003,12,15,18,1,1,1,0,0,0,1,0,1,2.4521000000000006,MARS
1,5,273.288,15,20,15,1,4,0,0,0,0,2,0,2,2.0999999999999996,MARS
2,3,215.252,13,16,13,1,2,0,0,0,0,2,0,2,2.7114000000000003,MARS
4,7,290.32300000000004,14,21,18,4,3,0,0,0,0,2,0,2,1.7273999999999996,MARS
1,3,291.29699999999997,16,21,15,1,2,2,0,0,0,2,0,2,3.9101000000000026,MARS
3,4,306.343,14,21,14,2,4,0,1,0,0,2,0,2,1.91482,MARS
3,4,320.37,15,22,16,2,4,0,1,0,0,2,0,2,1.84372,MARS
1,4,257.289,15,19,15,1,3,0,0,0,0,2,0,2,2.1684,MARS
2,2,244.26899999999998,14,18,13,2,1,1,0,0,0,2,0,2,2.396300000000001,MARS
4,4,271.32,15,20,17,3,2,0,0,0,0,2,0,2,1.5999999999999996,MARS
0,0,196.224,14,15,9,0,0,1,0,0,0,3,0,3,4.132100000000002,MARS
0,0,192.261,15,15,12,0,0,0,0,0,0,3,0,3,4.301420000000003,MARS
2,2,230.242,13,17,11,2,1,1,0,0,0,2,0,2,2.0961999999999996,MARS
2,8,288.258,10,20,14,6,2,2,0,0,1,1,0,2,-1.0622999999999991,MARS
4,5,321.358,14,22,15,3,4,0,1,0,0,2,0,2,0.7254,MARS
5,6,337.3570000000001,14,23,15,3,5,0,1,0,0,2,0,2,0.8230999999999993,MARS
2,2,240.306,15,18,16,2,1,0,0,0,0,2,0,2,2.429620000000001,MARS
2,2,198.269,13,15,14,2,0,0,0,0,0,2,0,2,3.3208200000000003,MARS
1,1,215.27100000000002,14,16,14,1,0,1,0,0,0,2,0,2,3.882220000000002,MARS
3,3,228.29500000000004,14,17,16,2,1,0,0,0,0,2,0,2,3.408220000000001,MARS
1,4,261.25199999999995,14,19,12,1,3,1,0,0,0,2,0,2,2.8701000000000008,MARS
2,4,217.224,12,16,11,1,3,0,0,0,0,2,0,2,2.944300000000001,MARS
2,2,212.252,13,16,12,2,1,0,0,0,0,2,0,2,1.9570999999999998,MARS
3,3,227.31100000000004,14,17,17,3,0,0,0,0,0,2,0,2,2.428000000000001,MARS
3,4,233.246,12,17,12,3,1,1,0,0,0,2,0,2,2.9711000000000007,MARS
5,7,353.3560000000001,14,24,15,3,6,0,1,0,0,2,0,2,0.9692999999999994,MARS
1,4,257.289,15,19,15,1,3,0,0,0,0,2,0,2,2.2249999999999996,MARS
2,8,319.2960000000001,14,23,14,5,3,1,0,0,1,2,0,3,0.27129999999999976,MARS
4,5,321.35800000000006,14,22,15,3,4,0,1,0,0,2,0,2,1.1174999999999993,MARS
1,1,193.249,14,15,11,1,0,0,0,0,0,3,0,3,3.5752000000000015,MARS
2,4,285.34299999999996,17,21,19,1,3,0,0,0,0,2,0,2,3.5695000000000023,MARS
1,2,246.28099999999998,15,18,15,0,2,1,0,0,0,2,0,2,3.2906000000000013,MARS
1,1,183.25400000000002,13,14,13,1,0,0,0,0,0,2,0,2,3.738620000000002,MARS
2,2,198.269,13,15,14,2,0,0,0,0,0,2,0,2,3.320820000000001,MARS
2,2,184.24200000000002,12,14,12,2,0,0,0,0,0,2,0,2,3.0124000000000013,MARS
2,2,217.24300000000002,13,16,12,1,1,1,0,0,0,2,0,2,3.2794000000000008,MARS
0,6,302.30899999999997,15,22,15,4,2,1,0,0,1,2,0,3,1.0663999999999991,MARS
0,2,229.27,12,16,17,1,1,2,0,0,0,1,0,1,2.5912000000000006,MARS
2,3,200.241,12,15,12,2,1,0,0,0,0,2,0,2,2.6747000000000005,MARS
0,0,178.23399999999998,14,14,10,0,0,0,0,0,0,3,0,3,3.993000000000002,MARS
0,1,212.29200000000003,15,16,16,0,1,0,0,0,0,2,0,2,3.4459000000000017,MARS
1,8,275.21500000000003,9,19,11,5,3,2,0,0,1,1,0,2,-0.3302000000000009,MARS
3,4,216.24,12,16,12,2,2,0,0,0,0,2,0,2,2.3803000000000005,MARS
5,6,240.26299999999998,10,17,16,4,3,0,0,0,0,1,0,1,-0.49169999999999975,MARS
4,7,232.21500000000003,8,16,13,4,3,1,0,0,0,1,0,1,0.2882000000000003,MARS
1,1,187.217,12,14,10,1,0,1,0,0,0,2,0,2,3.569300000000002,MARS
2,2,198.26900000000003,13,15,14,2,0,0,0,0,0,2,0,2,2.8809000000000013,MARS
0,1,230.282,15,17,15,0,1,1,0,0,0,2,0,2,3.5850000000000017,MARS
2,4,230.26699999999997,13,17,14,2,2,0,0,0,0,2,0,2,2.0437000000000003,MARS
2,8,274.23100000000005,9,19,12,6,2,2,0,0,1,1,0,2,-0.7572000000000008,MARS
1,2,260.30799999999994,16,19,17,0,2,1,0,0,0,2,0,2,3.5990200000000034,MARS
1,1,201.244,13,15,12,1,0,1,0,0,0,2,0,2,3.877720000000002,MARS
2,2,184.24200000000002,12,14,12,2,0,0,0,0,0,2,0,2,3.0124000000000013,MARS
2,3,264.253,9,17,10,2,3,2,1,0,0,1,0,1,1.2773,MARS
3,3,213.28400000000002,13,16,15,3,0,0,0,0,0,2,0,2,2.4631,MARS
3,4,257.315,10,17,15,3,3,0,1,0,0,1,0,1,0.0117999999999997,MARS
1,3,202.209,12,15,10,0,3,0,0,0,0,2,0,2,2.7650000000000006,MARS
2,8,257.225,9,18,12,5,3,1,0,0,1,1,0,2,-0.7571000000000001,MARS
2,8,270.268,10,19,15,6,2,1,0,0,1,1,0,2,-1.3594999999999988,MARS
2,5,260.293,14,19,16,2,3,0,0,0,0,2,0,2,2.1805000000000003,MARS
1,2,186.21,12,14,10,0,2,0,0,0,0,2,0,2,3.1845000000000017,MARS
2,3,260.28999999999996,10,17,13,2,3,1,1,0,0,1,0,1,1.0225999999999997,MARS
1,1,206.28499999999997,13,15,18,0,2,0,0,0,0,1,0,1,3.073200000000001,MARS
2,2,203.216,12,15,10,1,1,1,0,0,0,2,0,2,3.2749000000000015,MARS
1,4,227.23499999999999,11,16,14,1,3,1,0,0,0,1,0,1,2.556800000000001,MARS
2,3,246.26299999999998,9,16,11,2,3,1,1,0,0,1,0,1,1.11622,MARS
0,6,254.26499999999996,11,18,15,4,2,1,0,0,1,1,0,2,0.7165999999999995,MARS
1,7,259.216,9,18,11,5,2,2,0,0,1,1,0,2,-0.26180000000000087,MARS
4,4,286.33099999999996,16,21,18,2,3,0,0,0,0,2,0,2,3.229,MARS
1,4,224.304,12,16,20,2,2,0,0,0,0,1,0,1,1.3728999999999993,MARS
1,5,215.17999999999998,9,15,10,1,4,1,0,0,0,1,0,1,1.3330199999999999,MARS
5,8,230.22400000000005,8,16,14,4,4,0,0,0,0,1,0,1,-0.2070999999999995,MARS
1,1,219.23399999999998,13,16,11,1,0,2,0,0,0,2,0,2,3.712900000000001,MARS
3,4,258.29900000000004,10,17,14,2,4,0,1,0,0,1,0,1,0.8749,MARS
2,8,274.231,9,19,12,6,2,2,0,0,1,1,0,2,-1.1047999999999996,MARS
4,6,224.26399999999998,10,16,16,4,2,0,0,0,0,1,0,1,0.823,MARS
2,8,256.24100000000004,9,18,13,6,2,1,0,0,1,1,0,2,-1.272599999999999,MARS
4,5,224.26399999999995,10,16,16,4,2,0,0,0,0,1,0,1,-0.5117999999999998,MARS
1,2,213.28,14,16,15,1,1,0,0,0,0,2,0,2,2.8682,MARS
1,1,169.227,12,13,11,1,0,0,0,0,0,2,0,2,3.430200000000001,MARS
1,4,227.235,11,16,14,1,3,1,0,0,0,1,0,1,2.556800000000001,MARS
1,3,215.19899999999996,10,15,11,1,2,2,0,0,0,1,0,1,2.6873000000000005,MARS
1,3,197.20899999999997,10,14,12,1,2,1,0,0,0,1,0,1,2.5482000000000005,MARS
1,2,193.29000000000002,12,14,19,1,1,0,0,0,0,1,0,1,1.5432999999999997,MARS
1,1,201.244,13,15,12,1,0,1,0,0,0,2,0,2,3.573800000000002,MARS
0,0,168.239,13,13,12,0,0,0,0,0,0,2,0,2,3.277400000000002,MARS
3,4,258.299,10,17,14,2,4,0,1,0,0,1,0,1,0.045399999999999774,MARS
0,6,258.22799999999995,10,18,12,4,2,2,0,0,1,1,0,2,0.2761,MARS
3,4,262.262,9,17,11,2,4,1,1,0,0,1,0,1,0.7819999999999998,MARS
0,1,182.23799999999997,11,13,15,0,1,1,0,0,0,1,0,1,2.523620000000001,MARS
3,6,225.24799999999996,10,16,15,3,3,0,0,0,0,1,0,1,0.7899,MARS
4,5,259.287,9,17,13,3,4,0,1,0,0,1,0,1,0.35419999999999996,MARS
2,8,257.22499999999997,9,18,12,5,3,1,0,0,1,1,0,2,-1.586599999999999,MARS
2,5,214.196,9,15,11,2,3,1,0,0,0,1,0,1,0.6745999999999999,MARS
0,8,262.17199999999997,8,18,8,4,4,2,0,0,1,1,0,2,-0.38610000000000033,MARS
2,9,259.19699999999995,8,18,10,5,4,1,0,0,1,1,0,2,-1.2245999999999995,MARS
2,10,274.212,8,19,11,6,4,1,0,0,1,1,0,2,-1.8922999999999988,MARS
2,3,242.29999999999998,10,16,14,2,3,0,1,0,0,1,0,1,0.8615199999999997,MARS
2,3,246.26299999999998,9,16,11,2,3,1,1,0,0,1,0,1,0.6921999999999999,MARS
1,3,207.273,12,15,17,1,2,0,0,0,0,1,0,1,2.6019200000000007,MARS
1,2,211.28,12,15,18,1,1,1,0,0,0,1,0,1,1.6823999999999997,MARS
1,2,221.34399999999994,14,16,23,1,1,0,0,0,0,1,0,1,2.1057,MARS
2,2,199.25300000000001,13,15,13,1,1,0,0,0,0,2,0,2,2.5652000000000013,MARS
2,4,222.28799999999998,12,16,18,2,2,0,0,0,0,1,0,1,1.7522,MARS
2,3,209.28900000000002,12,15,19,1,2,0,0,0,0,1,0,1,1.2488999999999997,MARS
3,3,219.215,12,16,10,1,2,1,0,0,0,2,0,2,2.9805000000000006,MARS
3,4,244.272,9,16,12,2,4,0,1,0,0,1,0,1,0.6209199999999998,MARS
1,5,215.17999999999998,9,15,10,1,4,1,0,0,0,1,0,1,1.1016,MARS
2,3,184.17,8,13,9,2,2,1,0,0,0,1,0,1,1.04552,MARS
1,7,245.18899999999996,8,17,9,5,2,2,0,0,1,1,0,2,-0.7447000000000004,MARS
3,5,209.24899999999997,10,15,15,3,2,0,0,0,0,1,0,1,1.1196,MARS
2,9,272.24,9,19,13,6,3,1,0,0,1,1,0,2,-1.6885999999999974,MARS
3,4,227.23899999999995,10,16,14,3,2,1,0,0,0,1,0,1,0.4989999999999995,MARS
4,5,263.25,8,17,10,3,4,1,1,0,0,1,0,1,0.6089000000000001,MARS
0,1,170.21099999999998,12,13,10,0,1,0,0,0,0,2,0,2,3.478900000000001,MARS
1,1,183.25400000000002,13,14,13,1,0,0,0,0,0,2,0,2,2.8596000000000013,MARS
2,4,213.20799999999997,10,15,12,1,3,1,0,0,0,1,0,1,2.2538000000000005,MARS
0,6,240.23799999999994,10,17,13,4,2,1,0,0,1,1,0,2,0.3265,MARS
3,4,248.23499999999999,8,16,9,2,4,1,1,0,0,1,0,1,0.45160000000000006,MARS
1,7,241.226,9,17,12,5,2,1,0,0,1,1,0,2,-0.9993999999999996,MARS
2,6,212.20499999999998,9,15,12,2,4,0,0,0,0,1,0,1,0.09079999999999994,MARS
3,4,215.256,12,16,13,3,1,0,0,0,0,2,0,2,2.2569,MARS
2,8,242.21399999999997,8,17,11,6,2,1,0,0,1,1,0,2,-1.7554999999999987,MARS
2,4,183.20700000000002,9,13,13,1,3,0,0,0,0,1,0,1,1.3795199999999999,MARS
4,5,245.26,8,16,11,3,4,0,1,0,0,1,0,1,-0.4974000000000002,MARS
3,5,185.17900000000003,8,13,11,1,4,0,0,0,0,1,0,1,0.7767,MARS
2,3,232.236,8,15,9,2,3,1,1,0,0,1,0,1,0.8078000000000001,MARS
1,3,227.279,12,16,18,1,2,1,0,0,0,1,0,1,1.8065999999999995,MARS
3,4,243.28799999999998,9,16,13,3,3,0,1,0,0,1,0,1,0.13529999999999986,MARS
1,7,241.226,9,17,12,5,2,1,0,0,1,1,0,2,-0.7772000000000003,MARS
2,8,256.241,9,18,13,6,2,1,0,0,1,1,0,2,-1.6201999999999979,MARS
1,4,181.19099999999997,9,13,11,1,3,0,0,0,0,1,0,1,0.88602,MARS
3,4,248.23499999999999,8,16,9,2,4,1,1,0,0,1,0,1,0.5134000000000001,MARS
2,5,211.21699999999998,10,15,13,1,4,0,0,0,0,1,0,1,0.23529999999999945,MARS
3,5,210.23299999999998,10,15,14,2,3,0,0,0,0,1,0,1,1.2429999999999999,MARS
3,3,197.21299999999997,9,14,12,3,1,1,0,0,0,1,0,1,0.5248999999999996,MARS
1,8,244.18199999999996,8,17,9,4,4,1,0,0,1,1,0,2,-0.7292000000000005,MARS
0,3,227.279,12,16,18,1,2,1,0,0,0,1,0,1,2.3837,MARS
1,4,197.234,10,14,15,1,3,0,0,0,0,1,0,1,1.55172,MARS
2,4,209.245,11,15,15,1,3,0,0,0,0,1,0,1,1.9990999999999999,MARS
2,4,194.23399999999998,10,14,14,2,2,0,0,0,0,1,0,1,1.5373999999999999,MARS
0,7,246.17299999999994,8,17,8,4,3,2,0,0,1,1,0,2,-0.3177000000000003,MARS
3,4,209.24899999999997,10,15,15,3,2,0,0,0,0,1,0,1,0.2017999999999996,MARS
4,6,225.248,10,16,15,3,3,0,0,0,0,1,0,1,1.3384999999999998,MARS
2,8,243.19799999999998,8,17,10,5,3,1,0,0,1,1,0,2,-1.239999999999999,MARS
1,5,197.19000000000003,9,14,11,1,4,0,0,0,0,1,0,1,1.1175000000000002,MARS
4,5,211.22099999999998,9,15,13,3,3,0,0,0,0,1,0,1,0.04499999999999971,MARS
3,5,184.19500000000005,8,13,12,2,3,0,0,0,0,1,0,1,0.5756999999999994,MARS
4,7,215.20900000000003,8,15,13,3,4,0,0,0,0,1,0,1,-0.3025999999999995,MARS
2,3,228.273,9,15,12,2,3,0,1,0,0,1,0,1,0.5530999999999997,MARS
1,3,193.246,11,14,15,1,2,0,0,0,0,1,0,1,2.2935,MARS
1,2,207.317,13,15,21,1,1,0,0,0,0,1,0,1,1.8517199999999996,MARS
1,4,181.19099999999997,9,13,11,1,3,0,0,0,0,1,0,1,0.6546,MARS
3,6,212.205,9,15,12,2,4,0,0,0,0,1,0,1,0.17929999999999996,MARS
2,5,196.206,9,14,12,2,3,0,0,0,0,1,0,1,0.15919999999999995,MARS
3,4,229.261,8,15,11,3,3,0,1,0,0,1,0,1,-0.20300000000000024,MARS
2,4,182.22300000000004,9,13,14,2,2,0,0,0,0,1,0,1,0.8162999999999994,MARS
2,2,179.21899999999997,10,13,13,1,2,0,0,0,0,1,0,1,2.2051,MARS
0,2,184.20999999999995,10,13,13,0,2,1,0,0,0,1,0,1,2.1813000000000002,MARS
3,4,230.245,8,15,10,2,4,0,1,0,0,1,0,1,0.3124999999999999,MARS
2,3,180.207,9,13,12,2,2,0,0,0,0,1,0,1,0.7908199999999997,MARS
0,6,226.211,9,16,11,4,2,1,0,0,1,1,0,2,-0.15640000000000054,MARS
0,6,230.17399999999995,8,16,8,4,2,2,0,0,1,1,0,2,-0.2493000000000003,MARS
3,3,179.22299999999996,9,13,13,3,1,0,0,0,0,1,0,1,0.009499999999999731,MARS
3,3,166.18,8,12,10,2,2,0,0,0,0,1,0,1,0.61862,MARS
1,3,237.34299999999993,14,17,23,1,2,0,0,0,0,1,0,1,2.6030000000000006,MARS
1,4,185.15399999999997,8,13,8,1,3,1,0,0,0,1,0,1,0.7166999999999998,MARS
1,5,197.18999999999997,9,14,11,1,4,0,0,0,0,1,0,1,0.81762,MARS
1,5,201.153,8,14,8,1,4,1,0,0,0,1,0,1,0.6482999999999998,MARS
4,4,195.22199999999998,9,14,13,3,2,0,0,0,0,1,0,1,0.029599999999999738,MARS
4,5,245.26,8,16,11,3,4,0,1,0,0,1,0,1,-0.10530000000000006,MARS
1,4,252.35799999999992,14,18,24,2,2,0,0,0,0,1,0,1,1.9353,MARS
3,6,199.21000000000004,8,14,13,3,3,0,0,0,0,1,0,1,-0.008199999999999541,MARS
1,2,184.20999999999995,10,13,13,0,2,1,0,0,0,1,0,1,1.9208,MARS
0,1,150.221,10,11,14,0,1,0,0,0,0,1,0,1,2.2656,MARS
0,1,168.211,10,12,13,0,1,1,0,0,0,1,0,1,2.2152000000000003,MARS
0,1,158.14699999999996,8,11,8,0,1,2,0,0,0,1,0,1,2.2693000000000003,MARS
1,7,228.18299999999996,8,16,9,4,3,1,0,0,1,1,0,2,-1.2265000000000006,MARS
1,2,165.236,10,12,15,1,1,0,0,0,0,1,0,1,1.8478,MARS
1,7,227.19899999999996,8,16,10,5,2,1,0,0,1,1,0,2,-1.2600999999999993,MARS
2,2,168.171,8,12,9,2,1,1,0,0,0,1,0,1,1.11392,MARS
0,3,245.26899999999998,12,17,17,1,2,2,0,0,0,1,0,1,2.522800000000001,MARS
2,3,214.24599999999998,8,14,10,2,3,0,1,0,0,1,0,1,0.2923999999999999,MARS
1,2,170.13899999999995,8,12,7,0,3,1,0,0,0,1,0,1,1.577,MARS
1,4,209.24499999999995,11,15,15,1,3,0,0,0,0,1,0,1,1.3054,MARS
1,3,182.21899999999997,10,13,14,0,3,0,0,0,0,1,0,1,1.2041,MARS
2,5,197.19,9,14,11,1,4,0,0,0,0,1,0,1,0.6746999999999999,MARS
2,2,164.20799999999997,9,12,12,2,1,0,0,0,0,1,0,1,0.8592199999999998,MARS
2,4,169.18000000000004,8,12,11,1,3,0,0,0,0,1,0,1,1.0711,MARS
3,3,169.159,7,12,8,3,1,1,0,0,0,1,0,1,0.38770000000000004,MARS
1,2,156.15599999999998,8,11,9,0,2,1,0,0,0,1,0,1,1.8358,MARS
2,3,167.164,8,12,9,1,3,0,0,0,0,1,0,1,0.5662000000000003,MARS
0,3,166.17600000000002,9,12,10,0,3,0,0,0,0,1,0,1,1.6813,MARS
1,4,167.164,8,12,9,1,3,0,0,0,0,1,0,1,0.5775999999999998,MARS
2,5,170.16799999999998,7,12,10,2,3,0,0,0,0,1,0,1,1.1053,MARS
2,2,168.17099999999996,8,12,9,2,1,1,0,0,0,1,0,1,0.6898999999999997,MARS
0,6,212.18399999999997,8,15,9,4,2,1,0,0,1,1,0,2,-0.6393000000000004,MARS
1,2,151.209,9,11,13,1,1,0,0,0,0,1,0,1,1.3801,MARS
1,5,183.163,8,13,9,1,4,0,0,0,0,1,0,1,0.5091999999999997,MARS
0,3,170.13899999999995,8,12,7,0,3,1,0,0,0,1,0,1,1.5884,MARS
4,4,168.152,7,12,8,2,3,0,0,0,0,1,0,1,0.01579999999999976,MARS
1,2,152.19299999999998,9,11,12,0,2,0,0,0,0,1,0,1,1.5811,MARS
0,6,208.22099999999998,9,15,12,4,2,0,0,0,1,1,0,2,-0.5464000000000002,MARS
1,3,152.14899999999997,8,11,8,0,3,0,0,0,0,1,0,1,1.2452999999999999,MARS
2,3,156.16,7,11,9,2,1,1,0,0,0,1,0,1,1.72762,MARS
1,2,166.176,9,12,10,0,3,0,0,0,0,1,0,1,1.3223,MARS
1,1,154.13999999999996,8,11,7,0,2,1,0,0,0,1,0,1,1.4528,MARS
0,2,166.21999999999997,10,12,14,0,2,0,0,0,0,1,0,1,1.8840999999999999,MARS
1,4,195.218,10,14,13,1,3,0,0,0,0,1,0,1,0.9152999999999996,MARS
2,2,154.18799999999996,8,11,11,2,0,1,0,0,0,1,0,1,0.8314999999999996,MARS
2,2,154.14399999999998,7,11,7,2,1,1,0,0,0,1,0,1,0.8055000000000001,MARS
3,6,171.15599999999998,6,12,9,3,3,0,0,0,0,1,0,1,0.34919999999999984,MARS
2,2,152.14899999999997,8,11,8,0,3,0,0,0,0,1,0,1,1.0192999999999999,MARS
2,2,150.18099999999998,8,11,10,2,1,0,0,0,0,1,0,1,0.5507999999999997,MARS
3,3,152.153,7,11,8,2,2,0,0,0,0,1,0,1,0.31019999999999986,MARS
3,3,151.21299999999997,8,11,13,3,0,0,0,0,0,1,0,1,0.2745999999999994,MARS
4,7,214.22500000000002,8,15,14,4,3,0,0,0,0,1,0,1,-0.4259999999999992,MARS
0,1,140.15699999999998,8,10,9,0,1,1,0,0,0,1,0,1,2.1302000000000003,MARS
1,2,141.14499999999998,7,10,8,1,1,1,0,0,0,1,0,1,2.22302,MARS
0,6,194.194,8,14,10,4,2,0,0,0,1,1,0,2,-1.0293,MARS
2,2,136.19799999999998,8,10,12,2,0,0,0,0,0,1,0,1,0.6923999999999992,MARS
3,5,156.141,6,11,8,2,3,0,0,0,0,1,0,1,1.0169,MARS
1,2,137.18199999999996,8,10,11,1,1,0,0,0,0,1,0,1,1.96832,MARS
2,3,138.17,7,10,10,2,1,0,0,0,0,1,0,1,1.21222,MARS
2,3,156.15999999999997,7,11,9,2,1,1,0,0,0,1,0,1,1.9562999999999997,MARS
3,5,155.15699999999995,6,11,9,3,2,0,0,0,0,1,0,1,0.41759999999999986,MARS
1,1,136.14999999999998,8,10,8,0,2,0,0,0,0,1,0,1,1.3137,MARS
2,2,136.15399999999997,7,10,8,2,1,0,0,0,0,1,0,1,0.2901000000000001,MARS
3,4,139.15799999999996,6,10,9,3,1,0,0,0,0,1,0,1,0.2247,MARS
3,4,153.18499999999997,7,11,11,3,1,0,0,0,0,1,0,1,0.4854,MARS
1,1,121.18299999999995,8,9,11,1,0,0,0,0,0,1,0,1,1.1878,MARS
0,1,136.194,9,10,12,0,1,0,0,0,0,1,0,1,1.8755,MARS
2,2,123.15499999999999,7,9,9,1,1,0,0,0,0,1,0,1,1.79612,MARS
1,1,125.146,7,9,8,1,0,1,0,0,0,1,0,1,2.29142,MARS
1,3,140.13799999999998,7,10,8,0,3,0,0,0,0,1,0,1,1.5470000000000002,MARS
1,2,124.13899999999998,7,9,8,0,2,0,0,0,0,1,0,1,1.8468200000000001,MARS
2,3,138.16999999999996,7,10,10,2,1,0,0,0,0,1,0,1,1.2421,MARS
2,4,141.12599999999998,6,10,7,1,3,0,0,0,0,1,0,1,0.7909000000000002,MARS
3,4,140.142,6,10,8,2,2,0,0,0,0,1,0,1,1.0853,MARS
1,2,128.10199999999998,6,9,5,0,2,1,0,0,0,1,0,1,1.6555,MARS
1,2,123.155,7,9,9,1,1,0,0,0,0,1,0,1,1.24752,MARS
3,3,138.17,7,10,10,2,1,0,0,0,0,1,0,1,1.5293999999999996,MARS
1,1,122.16699999999996,8,9,10,0,1,0,0,0,0,1,0,1,1.2214,MARS
2,2,122.17099999999999,7,9,10,2,0,0,0,0,0,1,0,1,1.3104999999999998,MARS
3,3,137.18599999999998,7,10,11,3,0,0,0,0,0,1,0,1,1.0138999999999998,MARS
2,2,126.134,6,9,7,2,0,1,0,0,0,1,0,1,1.5652,MARS
2,3,124.14299999999999,6,9,8,2,1,0,0,0,0,1,0,1,0.5213000000000003,MARS
1,2,124.13899999999997,7,9,8,0,2,0,0,0,0,1,0,1,1.4008,MARS
1,1,107.156,7,8,9,1,0,0,0,0,0,1,0,1,1.57722,MARS
2,3,126.11099999999996,6,9,6,0,3,0,0,0,0,1,0,1,1.2439999999999998,MARS
3,3,124.14299999999999,6,9,8,2,1,0,0,0,0,1,0,1,1.0698999999999999,MARS
1,4,176.26,8,12,20,2,2,0,0,0,0,0,0,0,0.8008999999999997,MARS
1,1,108.13999999999999,7,8,8,0,1,0,0,0,0,1,0,1,1.70062,MARS
1,4,162.233,7,11,18,2,2,0,0,0,0,0,0,0,0.4107999999999999,MARS
0,3,151.18099999999998,6,10,14,1,2,1,0,0,0,0,0,0,1.1609,MARS
0,0,92.14099999999999,7,7,8,0,0,0,0,0,0,1,0,1,1.99502,MARS
2,2,108.144,6,8,8,2,0,0,0,0,0,1,0,1,0.851,MARS
2,2,109.12799999999999,6,8,7,1,1,0,0,0,0,1,0,1,0.9743999999999999,MARS
1,4,149.19,6,10,15,1,3,0,0,0,0,0,0,0,0.7494000000000001,MARS
2,2,110.11199999999998,6,8,6,0,2,0,0,0,0,1,0,1,1.0977999999999999,MARS
2,3,132.20700000000002,6,9,16,2,1,0,0,0,0,0,0,0,0.30700000000000005,MARS
1,4,148.206,6,10,16,2,2,0,0,0,0,0,0,0,0.1500999999999998,MARS
0,0,96.10399999999998,6,7,5,0,0,1,0,0,0,1,0,1,1.8256999999999999,MARS
1,1,93.12899999999999,6,7,7,1,0,0,0,0,0,1,0,1,1.2688000000000001,MARS
0,2,135.182,6,9,14,1,1,1,0,0,0,0,0,0,1.2293,MARS
1,3,133.191,6,9,15,1,2,0,0,0,0,0,0,0,0.8178000000000001,MARS
1,1,94.11299999999999,6,7,6,0,1,0,0,0,0,1,0,1,1.3921999999999999,MARS
0,1,119.183,6,8,14,1,0,1,0,0,0,0,0,0,1.2976999999999999,MARS
3,7,139.111,2,9,9,3,4,0,0,0,0,0,0,0,-1.2993999999999994,MARS
1,4,125.099,3,8,8,1,3,1,0,0,0,0,0,0,0.31770000000000004,MARS
1,5,125.055,2,8,4,1,4,1,0,0,0,0,0,0,-0.1982,MARS
1,2,117.192,6,8,15,1,1,0,0,0,0,0,0,0,0.32050000000000006,MARS
1,2,116.20800000000001,6,8,16,2,0,0,0,0,0,0,0,0,0.28690000000000004,MARS
0,1,102.17699999999999,6,7,14,0,1,0,0,0,0,0,0,0,1.823,MARS
0,1,101.193,6,7,15,1,0,0,0,0,0,0,0,0,1.3481,MARS
2,4,120.15199999999999,4,8,12,2,2,0,0,0,0,0,0,0,-0.016400000000000414,MARS
1,4,111.072,2,7,6,1,3,1,0,0,0,0,0,0,0.27520000000000006,MARS
1,3,373.3830000000001,23,28,16,1,3,1,0,0,0,3,0,3,3.735990000000002,Mothra
2,3,495.4230000000002,24,35,19,3,2,6,0,0,0,3,0,3,6.136500000000003,Mothra
0,6,421.4560000000002,26,32,19,3,3,0,0,0,1,4,0,5,4.668700000000004,Mothra
2,5,440.48300000000023,25,33,22,5,3,0,0,0,1,4,0,3,2.9346900000000016,Mothra
2,8,497.53500000000025,27,37,25,6,4,0,0,0,2,3,0,4,2.7843200000000015,Mothra
1,2,361.4440000000001,22,27,22,4,0,1,0,0,0,4,0,3,4.470000000000004,Mothra
0,2,355.461,24,27,23,2,1,0,0,0,1,3,0,3,4.637390000000004,Mothra
1,6,443.55100000000033,26,33,29,5,2,0,0,0,0,5,0,3,3.3790000000000022,Mothra
0,3,331.80600000000004,20,24,14,3,0,0,0,1,1,3,0,4,5.254700000000003,Mothra
1,7,375.41200000000015,20,28,19,6,2,0,0,0,0,4,0,3,1.8622999999999996,Mothra
1,3,405.9290000000001,24,29,24,3,1,0,0,1,0,4,0,3,4.767700000000003,Mothra
1,2,351.3320000000001,20,26,13,2,2,2,0,0,1,3,0,3,3.750090000000002,Mothra
2,6,415.4500000000001,19,29,18,5,3,1,1,0,0,3,0,3,2.2899000000000003,Mothra
2,2,344.39400000000006,21,26,18,3,2,0,0,0,1,3,0,2,1.9499900000000001,Mothra
3,3,324.404,19,24,22,3,2,0,0,0,0,3,0,2,3.5303900000000015,Mothra
2,6,432.9150000000001,23,31,21,6,1,0,0,1,1,3,0,4,3.9003000000000023,Mothra
3,5,440.5070000000002,25,33,24,6,2,0,0,0,2,2,0,4,4.240720000000002,Mothra
2,4,360.36900000000014,21,27,16,2,4,0,0,0,1,2,0,2,2.3674100000000005,Mothra
1,2,328.37100000000004,21,25,16,2,2,0,0,0,1,3,0,3,3.798600000000002,Mothra
0,3,314.38800000000003,21,24,18,2,1,0,0,0,0,4,0,3,3.962100000000003,Mothra
1,4,304.3530000000001,18,23,16,4,1,0,0,0,0,4,0,3,2.8050000000000015,Mothra
2,3,394.8580000000001,22,28,19,2,3,0,0,1,0,3,0,3,4.287500000000002,Mothra
2,5,423.4200000000002,23,31,20,2,5,1,0,0,0,3,0,3,2.8601900000000002,Mothra
0,7,447.4670000000002,20,31,19,5,3,2,1,0,0,4,0,3,2.2397,Mothra
1,3,394.52300000000025,22,29,30,6,1,0,0,0,1,3,0,2,2.6778000000000004,Mothra
2,1,306.40900000000005,20,23,22,2,1,0,0,0,0,3,0,2,1.7346899999999998,Mothra
1,2,382.52700000000016,27,29,28,1,1,0,0,0,0,4,0,3,6.067090000000006,Mothra
1,5,465.9370000000003,24,32,17,3,2,1,1,1,0,4,0,4,4.532690000000002,Mothra
1,4,336.37000000000006,19,25,17,4,1,1,0,0,2,2,0,3,3.2116000000000016,Mothra
0,6,390.4430000000001,22,29,22,4,3,0,0,0,1,3,0,3,2.701920000000001,Mothra
3,4,398.44200000000006,24,30,20,3,3,0,0,0,0,3,0,3,3.3495700000000017,Mothra
2,2,368.8440000000001,20,26,19,3,2,0,0,1,0,2,0,2,3.050790000000001,Mothra
1,5,433.4830000000002,25,32,24,3,3,1,0,0,0,4,0,3,4.102790000000002,Mothra
2,4,336.41499999999996,20,25,22,3,2,0,0,0,1,3,0,3,3.0943900000000015,Mothra
1,2,362.4530000000001,22,27,24,3,2,0,0,0,1,3,0,2,3.0306900000000017,Mothra
2,3,399.53800000000024,26,30,29,3,1,0,0,0,0,4,0,3,4.086500000000003,Mothra
1,4,314.348,19,24,14,4,1,0,0,0,1,3,0,4,3.6728000000000014,Mothra
0,3,418.4970000000001,23,30,19,4,1,1,1,0,0,4,0,3,6.126900000000005,Mothra
1,7,396.3750000000002,21,29,18,1,7,0,0,0,0,3,0,2,0.7250999999999994,Mothra
1,2,336.4590000000001,21,25,26,3,1,0,0,0,1,3,0,2,1.8088999999999997,Mothra
1,2,368.88400000000007,22,26,23,1,2,0,0,1,0,4,0,2,5.033890000000005,Mothra
2,4,335.38700000000006,19,25,19,4,2,0,0,0,2,2,0,3,2.964290000000001,Mothra
1,3,313.336,20,24,13,2,2,0,0,0,0,3,0,3,3.300370000000002,Mothra
0,2,354.425,21,26,23,2,2,1,0,0,1,2,0,1,2.652090000000001,Mothra
1,3,403.9580000000001,24,28,20,2,0,0,1,1,1,3,0,4,6.146590000000005,Mothra
2,5,323.3320000000001,17,24,15,4,3,0,0,0,1,2,0,3,1.7671100000000002,Mothra
0,2,316.404,21,24,20,2,1,0,0,0,0,4,0,3,4.382800000000004,Mothra
1,2,307.328,18,23,14,3,1,1,0,0,2,2,0,3,3.418700000000002,Mothra
2,2,384.50300000000016,25,29,26,3,1,0,0,0,0,4,0,3,2.7479000000000005,Mothra
1,6,428.5170000000001,24,31,20,4,2,0,1,0,1,3,0,4,4.579100000000003,Mothra
2,2,283.331,16,21,17,3,2,0,0,0,2,2,0,2,1.3312,Mothra
1,2,331.43900000000014,22,25,23,2,1,0,0,0,1,2,0,2,5.119990000000004,Mothra
1,1,366.25800000000004,20,23,16,1,1,0,0,0,0,3,0,3,4.968500000000002,Mothra
1,3,372.493,23,27,20,2,1,0,1,0,1,3,0,4,5.751400000000004,Mothra
1,2,320.3920000000001,20,24,20,2,2,0,0,0,1,3,0,2,3.0932000000000013,Mothra
1,4,282.278,15,21,11,4,1,1,0,0,1,2,0,3,2.1722999999999995,Mothra
2,5,315.3040000000001,16,23,14,3,3,1,0,0,1,2,0,2,2.6553700000000005,Mothra
2,4,414.43200000000013,22,30,22,3,3,2,0,0,2,2,0,2,2.29699,Mothra
1,4,419.5740000000001,24,30,27,4,1,0,1,0,2,3,0,3,4.623190000000005,Mothra
2,3,453.5580000000002,26,33,32,3,3,1,0,0,1,3,0,2,2.796990000000001,Mothra
1,4,502.36500000000024,22,31,17,3,3,1,1,0,1,3,0,2,5.883700000000005,Mothra
1,6,397.8660000000002,20,28,20,5,2,0,0,1,1,3,0,3,2.6553900000000006,Mothra
0,4,344.439,21,25,16,2,1,0,1,0,1,3,0,4,5.451100000000004,Mothra
1,6,317.76000000000005,14,22,14,6,1,0,0,1,1,2,0,2,0.8697899999999996,Mothra
1,3,377.8070000000001,21,27,14,2,3,0,0,1,0,3,0,3,4.078000000000002,Mothra
1,4,357.48200000000014,22,26,19,3,0,0,1,0,1,3,0,4,5.847800000000003,Mothra
2,3,391.3730000000001,19,28,18,4,2,3,0,0,1,2,0,2,2.862490000000001,Mothra
2,2,383.5810000000003,23,27,31,2,1,0,1,0,0,3,0,2,4.393720000000003,Mothra
1,4,405.81600000000003,22,29,13,3,2,1,0,1,0,3,0,3,3.9421700000000026,Mothra
2,4,435.6850000000002,18,26,14,3,3,0,0,1,0,3,0,2,4.141570000000002,Mothra
2,6,345.40200000000004,17,25,22,6,1,1,0,0,0,3,0,1,1.8592899999999999,Mothra
2,2,323.39099999999996,20,24,20,2,1,1,0,0,1,3,0,3,4.6186900000000035,Mothra
1,4,391.4510000000002,22,29,23,4,3,0,0,0,2,2,0,2,2.439590000000001,Mothra
1,5,388.51300000000026,20,27,26,3,3,0,1,0,0,3,0,1,2.40909,Mothra
2,5,348.382,20,26,18,3,3,0,0,0,0,3,0,3,2.42539,Mothra
0,2,402.4160000000001,22,29,21,2,2,3,0,0,0,3,0,2,3.577300000000003,Mothra
1,2,434.5350000000004,26,32,29,3,2,1,0,0,1,4,0,2,4.877090000000004,Mothra
1,4,347.3980000000002,20,26,19,4,2,0,0,0,1,3,0,3,2.791800000000001,Mothra
2,5,542.6950000000002,21,33,12,3,4,3,0,1,1,2,0,3,5.610780000000003,Mothra
2,5,542.6950000000002,21,33,12,3,4,3,0,1,1,2,0,3,5.610780000000003,Mothra
2,5,542.6950000000002,21,33,12,3,4,3,0,1,1,2,0,3,5.610780000000003,Mothra
0,7,420.5120000000002,19,28,20,2,5,0,2,0,2,2,0,2,2.3966000000000003,Mothra
0,4,381.5010000000001,21,27,23,3,2,0,1,0,1,3,0,3,2.9838000000000013,Mothra
2,7,351.415,17,25,15,6,1,0,1,0,2,2,0,4,3.3629000000000007,Mothra
2,3,356.37700000000007,19,26,19,3,3,1,0,0,2,2,0,2,2.5177900000000006,Mothra
2,2,368.22300000000007,19,25,11,3,1,0,0,2,1,2,0,3,4.454990000000001,Mothra
1,2,425.9360000000001,23,29,19,2,1,1,1,1,1,3,0,3,6.437110000000005,Mothra
1,7,436.5110000000002,19,29,20,2,6,0,2,0,0,3,0,2,3.0625000000000018,Mothra
1,2,316.18700000000007,17,21,11,1,1,0,0,2,0,3,0,2,4.299290000000003,Mothra
1,2,361.34299999999996,19,26,16,2,2,3,0,0,1,2,0,2,3.9219900000000028,Mothra
0,3,387.50400000000013,24,28,21,1,2,0,1,0,1,3,0,3,5.1033900000000045,Mothra
4,3,319.748,15,22,14,3,3,0,0,1,0,2,0,2,2.4661999999999997,Mothra
2,3,308.312,18,23,13,2,2,1,0,0,0,3,0,3,3.845600000000002,Mothra
1,4,325.343,18,24,16,3,2,1,0,0,1,3,0,3,2.7695000000000007,Mothra
0,5,461.4580000000001,19,30,15,1,4,4,2,0,0,3,0,2,3.0502900000000013,Mothra
2,3,356.3810000000001,18,26,19,5,2,1,0,0,1,2,0,2,2.9353000000000007,Mothra
3,2,322.15100000000007,14,21,9,3,2,0,0,2,1,2,0,3,3.415300000000001,Mothra
3,2,322.15100000000007,14,21,9,3,2,0,0,2,1,2,0,3,3.415300000000001,Mothra
1,4,382.345,20,28,13,4,1,3,0,0,1,2,0,3,4.436780000000003,Mothra
2,2,273.33900000000006,18,21,15,3,0,0,0,0,1,3,0,4,4.328200000000002,Mothra
1,3,334.355,19,25,16,3,3,0,0,0,2,2,0,2,1.70779,Mothra
2,3,444.32900000000006,21,28,22,3,3,0,0,0,1,2,0,2,3.978200000000002,Mothra
1,3,376.5000000000002,24,28,28,2,2,0,0,0,0,3,0,2,4.636580000000004,Mothra
1,2,334.39399999999995,21,25,19,2,1,1,0,0,0,3,0,2,3.3912900000000024,Mothra
2,6,363.42100000000005,20,27,21,5,2,0,0,0,2,2,0,3,2.6726,Mothra
1,3,376.8430000000001,22,27,17,2,2,0,0,1,0,3,0,3,5.090580000000004,Mothra
2,2,368.43600000000004,24,28,20,2,2,0,0,0,0,3,0,3,4.245690000000003,Mothra
1,5,355.39500000000004,18,25,15,2,4,0,1,0,0,3,0,2,3.1668900000000026,Mothra
1,2,344.361,18,24,11,2,0,3,1,0,1,2,0,3,5.896700000000002,Mothra
2,4,381.4320000000001,21,28,23,3,4,0,0,0,0,3,0,2,3.962200000000003,Mothra
1,1,306.38900000000007,19,23,20,3,1,0,0,0,0,3,0,2,3.2199000000000018,Mothra
3,2,322.15100000000007,14,21,9,3,2,0,0,2,1,2,0,3,3.415300000000001,Mothra
1,4,331.39200000000005,18,24,23,2,4,0,0,0,1,1,0,1,1.19162,Mothra
1,3,422.49700000000024,21,29,24,2,3,2,1,0,0,3,0,2,3.856600000000003,Mothra
0,5,312.373,16,22,13,4,0,1,1,0,2,2,0,3,3.581000000000002,Mothra
1,3,291.323,15,20,12,0,3,1,1,0,1,2,0,2,2.6493900000000012,Mothra
3,4,413.4490000000002,22,30,24,3,4,1,0,0,0,3,0,2,1.630789999999999,Mothra
1,4,337.33,19,25,14,2,3,1,0,0,1,3,0,3,3.6986700000000026,Mothra
0,2,372.3700000000001,20,27,17,3,1,3,0,0,1,2,0,2,4.554090000000004,Mothra
0,2,281.3549999999999,18,21,19,1,2,0,0,0,3,1,0,2,3.8187000000000024,Mothra
2,4,374.41100000000006,20,27,22,3,2,2,0,0,0,3,0,2,2.7688900000000016,Mothra
3,3,324.40400000000005,19,24,22,3,2,0,0,0,0,2,0,2,3.2353900000000015,Mothra
2,6,331.33900000000006,17,25,13,7,1,0,0,0,2,2,0,4,2.3047000000000004,Mothra
2,2,276.383,19,21,20,2,0,0,0,0,1,3,0,2,3.3621000000000016,Mothra
2,2,363.4810000000003,23,27,27,2,2,0,0,0,1,3,0,2,4.405790000000003,Mothra
2,5,330.367,20,25,16,3,2,0,0,0,1,3,0,4,3.4860900000000017,Mothra
0,3,362.4780000000002,21,26,20,3,1,0,1,0,2,2,0,2,4.910900000000004,Mothra
2,2,308.38100000000003,19,23,20,2,2,0,0,0,1,2,0,2,3.017400000000001,Mothra
0,5,367.4340000000001,18,26,17,5,2,0,1,0,0,4,0,3,2.2933000000000003,Mothra
2,3,295.386,18,22,21,3,1,0,0,0,1,2,0,2,2.7239000000000013,Mothra
2,1,283.326,17,21,16,2,1,1,0,0,0,3,0,3,2.1929,Mothra
1,2,274.323,18,21,14,2,1,0,0,0,0,2,0,2,2.9111900000000004,Mothra
2,4,308.38599999999997,17,22,14,3,1,0,1,0,2,2,0,3,4.044090000000002,Mothra
2,2,346.8630000000002,17,23,17,3,1,0,1,1,1,2,0,2,4.016290000000002,Mothra
1,3,337.4430000000001,21,25,25,2,2,0,0,0,0,3,0,2,3.557590000000003,Mothra
0,4,352.77600000000007,19,25,12,3,1,1,0,1,0,3,0,3,4.5565700000000025,Mothra
2,6,367.4100000000001,18,26,15,4,3,0,1,0,1,2,0,3,1.94139,Mothra
1,5,342.80600000000015,18,24,17,3,2,0,0,1,2,2,0,3,3.7524900000000025,Mothra
2,6,336.379,17,25,18,7,1,0,0,0,2,2,0,3,1.8037899999999996,Mothra
2,4,329.33900000000006,19,25,13,4,2,0,0,0,1,2,0,3,2.3797699999999997,Mothra
1,3,328.391,22,25,18,1,2,0,0,0,0,3,0,3,4.507470000000003,Mothra
2,3,368.363,20,27,16,3,2,2,0,0,1,2,0,2,2.6545700000000014,Mothra
0,5,531.3950000000001,23,30,20,2,3,0,1,0,0,3,0,2,5.220190000000004,Mothra
1,4,403.57400000000024,25,30,33,5,0,0,0,0,2,3,0,3,2.43719,Mothra
1,2,322.3750000000001,18,23,22,1,2,2,0,0,0,2,0,1,4.176090000000004,Mothra
1,4,310.74399999999997,16,22,11,4,1,0,0,1,0,3,0,3,3.444300000000002,Mothra
1,4,410.47000000000025,22,29,19,2,3,1,1,0,1,3,0,3,4.438780000000003,Mothra
2,2,382.47900000000004,23,28,27,2,2,1,0,0,1,2,0,2,3.1488900000000015,Mothra
0,5,328.808,15,22,11,5,0,0,1,1,1,2,0,3,2.713800000000001,Mothra
1,2,352.38899999999995,20,26,19,3,2,1,0,0,0,3,0,2,3.0025000000000013,Mothra
1,3,353.3190000000001,17,25,15,3,1,4,0,0,1,2,0,2,3.2482000000000015,Mothra
0,4,346.40200000000004,19,25,23,2,3,1,0,0,1,2,0,2,3.965500000000003,Mothra
3,4,340.3790000000002,19,25,20,2,4,0,0,0,1,2,0,2,1.8952,Mothra
0,2,336.822,20,24,17,2,1,0,0,1,0,3,0,3,4.510900000000004,Mothra
0,1,305.42100000000005,21,23,23,1,1,0,0,0,0,3,0,2,4.181100000000003,Mothra
1,5,375.76200000000006,18,26,12,3,2,2,0,1,1,2,0,3,3.929000000000002,Mothra
1,1,223.29499999999996,16,17,15,0,1,0,0,0,1,2,0,2,3.669190000000002,Mothra
2,4,285.259,14,21,11,3,4,0,0,0,0,2,0,2,2.1719999999999997,Mothra
1,2,306.36,20,23,17,1,1,1,0,0,0,3,0,3,4.740690000000003,Mothra
2,3,308.31700000000006,17,23,14,3,3,0,0,0,1,2,0,2,1.75719,Mothra
0,3,258.228,14,19,9,1,3,1,0,0,0,2,0,2,3.2490900000000016,Mothra
0,4,320.32300000000004,19,24,13,2,2,1,0,0,0,3,0,3,3.569090000000002,Mothra
2,3,289.26099999999997,15,21,11,2,2,2,0,0,1,2,0,3,3.172690000000001,Mothra
3,8,367.43400000000014,18,26,17,5,2,0,1,0,1,3,0,3,3.133000000000002,Mothra
1,5,349.794,16,23,11,2,2,1,1,1,1,2,0,3,4.4552900000000015,Mothra
2,3,334.80600000000004,20,24,15,2,1,0,0,1,0,3,0,3,3.6016900000000023,Mothra
1,2,337.36500000000007,18,24,20,2,1,3,0,0,0,3,0,2,2.726700000000001,Mothra
0,2,248.261,16,19,10,1,2,0,0,0,0,2,0,2,2.22309,Mothra
3,4,343.334,18,25,16,2,4,1,0,0,0,2,0,2,1.7124899999999998,Mothra
2,4,314.34000000000003,17,23,17,3,2,1,0,0,0,3,0,2,2.15389,Mothra
2,4,359.4460000000002,20,26,27,2,4,0,0,0,1,2,0,1,2.57069,Mothra
2,5,282.259,14,21,10,4,3,0,0,0,1,2,0,3,2.7525000000000004,Mothra
1,2,327.30600000000004,15,23,16,3,2,3,0,0,0,2,0,1,1.8038999999999996,Mothra
1,3,418.86800000000005,18,27,18,2,2,3,1,1,1,2,0,2,4.163600000000003,Mothra
1,0,289.781,17,20,17,1,0,1,0,1,0,2,0,2,3.3044900000000013,Mothra
1,5,335.387,19,25,19,4,2,0,0,0,0,3,0,2,1.48049,Mothra
1,3,362.45300000000003,22,27,24,3,2,0,0,0,1,2,0,2,3.2989900000000025,Mothra
1,3,318.3760000000001,20,24,18,2,2,0,0,0,0,3,0,2,2.594690000000001,Mothra
3,5,372.8570000000001,18,25,15,3,2,0,1,1,1,2,0,3,4.413490000000002,Mothra
1,3,350.201,17,23,13,1,3,0,0,2,0,3,0,2,4.2227900000000025,Mothra
2,7,373.45800000000025,18,26,21,4,3,0,1,0,2,2,0,2,1.9813899999999995,Mothra
1,3,324.74299999999994,18,23,11,1,3,0,0,1,0,2,0,2,2.16509,Mothra
1,1,319.3790000000001,21,24,18,1,1,1,0,0,0,2,0,2,3.7620900000000024,Mothra
1,5,322.3440000000001,18,24,16,3,3,0,0,0,2,1,0,3,3.074810000000001,Mothra
2,3,280.351,17,21,18,3,1,0,0,0,1,2,0,1,2.497370000000001,Mothra
0,5,369.35200000000015,19,27,16,3,4,1,0,0,0,3,0,2,2.4133900000000006,Mothra
2,2,364.48900000000015,23,27,28,2,2,0,0,0,0,2,0,2,3.7398900000000026,Mothra
2,4,332.38300000000004,20,25,18,3,2,0,0,0,1,2,0,3,3.1731900000000017,Mothra
2,3,327.727,16,23,10,3,3,0,0,1,0,2,0,2,3.4601900000000017,Mothra
1,3,406.4520000000001,21,29,25,4,1,3,0,0,1,2,0,2,3.765290000000002,Mothra
2,2,356.412,18,25,25,3,1,3,0,0,1,2,0,1,1.8304999999999996,Mothra
0,4,322.24199999999996,15,23,9,2,3,3,0,0,0,2,0,2,4.064280000000002,Mothra
1,1,271.76699999999994,17,19,16,0,1,0,0,1,0,3,0,2,4.712690000000003,Mothra
0,5,306.32500000000005,17,23,14,4,2,0,0,0,1,2,0,3,2.3712,Mothra
1,6,379.3430000000001,16,26,10,4,2,3,1,0,1,2,0,3,3.3571700000000027,Mothra
2,3,284.38300000000004,17,21,22,3,1,0,0,0,2,1,0,2,3.954390000000002,Mothra
1,5,307.329,18,23,15,2,3,0,0,0,3,1,0,3,3.9339900000000023,Mothra
1,3,394.4460000000001,22,28,16,2,1,2,1,0,1,3,0,4,5.403100000000003,Mothra
0,4,372.81600000000014,17,26,17,6,2,0,0,1,0,3,0,2,2.437400000000001,Mothra
2,5,348.362,19,26,16,4,3,0,0,0,0,3,0,3,3.151200000000002,Mothra
1,4,359.42600000000004,18,25,18,3,2,1,1,0,1,3,0,2,3.0734000000000012,Mothra
1,3,363.50300000000016,19,25,27,2,3,0,1,0,0,3,0,1,2.5979900000000002,Mothra
2,3,296.39500000000004,17,21,16,2,1,0,1,0,1,2,0,3,4.275040000000002,Mothra
1,6,403.389,18,28,12,5,1,3,1,0,1,2,0,3,3.9584800000000016,Mothra
1,3,263.344,17,20,17,3,0,0,0,0,1,2,0,2,3.249080000000002,Mothra
1,3,306.196,15,20,13,3,0,0,0,2,0,3,0,2,4.087600000000003,Mothra
2,8,419.39200000000005,18,30,19,7,3,2,0,0,2,1,0,3,3.5930000000000017,Mothra
1,3,339.39000000000004,20,25,20,2,2,1,0,0,0,3,0,2,3.9952900000000033,Mothra
4,4,398.4100000000001,18,28,24,4,4,2,0,0,1,1,0,1,1.9026999999999994,Mothra
1,2,308.336,18,23,15,3,1,1,0,0,0,2,0,2,3.344870000000002,Mothra
1,3,356.4730000000002,23,27,24,4,0,0,0,0,2,2,0,3,4.955700000000004,Mothra
2,2,406.24300000000005,18,22,17,1,2,0,0,0,0,2,0,2,3.7539900000000026,Mothra
1,3,453.3800000000002,24,29,25,2,2,0,0,0,1,3,0,3,5.146400000000004,Mothra
1,7,413.4610000000001,23,31,21,6,2,0,0,0,1,3,0,3,4.5519900000000035,Mothra
2,3,263.29999999999995,16,20,13,3,1,0,0,0,1,2,0,3,3.0185900000000006,Mothra
1,5,327.38400000000007,18,24,21,3,3,0,0,0,0,3,0,2,2.450400000000001,Mothra
2,6,320.30800000000005,17,24,12,4,3,0,0,0,1,2,0,3,0.6483899999999998,Mothra
2,3,294.37799999999993,18,22,20,3,1,0,0,0,1,2,0,3,1.6692999999999998,Mothra
3,3,391.23800000000017,17,26,14,5,2,0,0,2,0,2,0,2,3.299100000000001,Mothra
1,3,292.322,16,22,14,5,1,0,0,0,1,2,0,3,3.6777000000000015,Mothra
0,2,224.23799999999997,14,17,9,2,0,1,0,0,1,2,0,2,2.9982000000000015,Mothra
0,2,345.82499999999993,19,24,19,2,1,1,0,1,0,3,0,2,3.121100000000002,Mothra
1,2,283.35100000000006,17,21,19,2,2,0,0,0,1,2,0,2,2.4405,Mothra
1,5,334.4230000000001,20,25,22,4,1,0,0,0,1,3,0,2,3.914900000000003,Mothra
2,5,425.9570000000001,20,28,25,3,2,1,1,1,0,2,0,2,5.347120000000004,Mothra
2,5,269.30800000000005,14,20,15,5,1,0,0,0,0,3,0,2,1.2826999999999997,Mothra
1,3,327.40400000000017,19,24,23,2,3,0,0,0,2,1,0,2,3.7238900000000026,Mothra
0,3,341.381,20,25,19,2,1,2,0,0,1,2,0,2,4.639990000000004,Mothra
1,1,334.36100000000016,19,24,19,1,1,3,0,0,1,2,0,2,3.349990000000002,Mothra
2,4,374.3230000000001,18,27,14,3,4,2,0,0,1,2,0,2,2.3585900000000004,Mothra
3,5,340.3590000000001,18,25,18,3,4,0,0,0,0,2,0,2,2.58619,Mothra
1,4,368.375,19,26,21,1,3,3,0,0,1,2,0,2,4.5279900000000035,Mothra
1,5,342.3060000000001,17,25,13,3,4,1,0,0,0,2,0,2,3.181370000000002,Mothra
1,3,359.78800000000007,18,25,15,3,2,1,0,1,0,2,0,2,2.652070000000001,Mothra
1,6,387.41900000000015,22,29,19,4,3,0,0,0,1,2,0,3,2.05239,Mothra
0,4,286.30699999999996,16,21,16,1,4,0,0,0,1,2,0,1,0.7252999999999992,Mothra
2,5,341.3230000000001,17,25,15,3,5,0,0,0,0,2,0,2,2.1108,Mothra
1,3,388.8250000000001,20,27,17,3,1,2,0,1,0,3,0,2,4.936270000000003,Mothra
1,2,267.73900000000003,16,19,12,2,0,0,0,1,0,3,0,2,4.147370000000002,Mothra
0,4,324.31000000000006,18,24,12,3,1,2,0,0,1,2,0,3,3.770970000000002,Mothra
0,5,298.297,16,22,13,3,2,1,0,0,1,2,0,3,2.5520000000000005,Mothra
2,4,288.78200000000004,15,20,17,4,0,0,0,1,0,3,0,2,2.667300000000001,Mothra
1,3,336.41500000000013,20,25,22,3,2,0,0,0,0,3,0,2,3.6542900000000014,Mothra
1,3,305.672,14,21,7,2,3,1,0,1,0,2,0,2,3.5757900000000005,Mothra
0,4,416.142,16,27,6,3,3,3,0,2,0,2,0,2,5.129570000000002,Mothra
2,4,346.4100000000001,21,26,20,3,2,0,0,0,3,2,0,4,3.9571900000000024,Mothra
1,3,353.269,18,23,20,1,2,0,0,2,1,1,0,1,4.807890000000004,Mothra
1,3,267.284,16,20,13,1,3,0,0,0,0,2,0,2,1.3013899999999998,Mothra
0,2,253.34499999999997,17,19,19,1,1,0,0,0,0,3,0,2,3.7649000000000026,Mothra
0,4,365.82199999999995,15,24,14,4,3,0,1,1,1,2,0,2,3.4242000000000017,Mothra
1,3,356.37700000000007,19,26,19,3,3,1,0,0,1,2,0,2,1.8062999999999994,Mothra
1,4,359.42600000000004,18,25,18,3,2,1,1,0,1,3,0,2,3.0734000000000012,Mothra
1,4,359.42600000000004,18,25,18,3,2,1,1,0,1,3,0,2,3.0734000000000012,Mothra
0,4,313.403,16,21,11,1,2,0,2,0,1,2,0,3,3.9398800000000023,Mothra
2,4,299.35,17,22,19,2,3,0,0,0,0,2,0,2,2.0110899999999994,Mothra
2,4,357.44899999999996,21,26,26,2,2,1,0,0,0,3,0,2,3.4551900000000026,Mothra
2,3,435.73000000000013,18,25,12,2,2,0,1,1,1,2,0,3,5.061090000000001,Mothra
2,2,275.311,17,21,13,3,1,0,0,0,0,2,0,2,2.4690900000000005,Mothra
1,3,329.35,18,24,17,3,1,2,0,0,0,3,0,2,2.764290000000001,Mothra
1,3,287.379,18,21,23,0,3,0,0,0,2,1,0,1,3.8412900000000025,Mothra
1,1,269.29900000000004,16,20,14,2,1,1,0,0,1,2,0,2,2.931190000000001,Mothra
1,4,313.35300000000007,18,23,19,1,4,0,0,0,0,3,0,2,2.6195000000000004,Mothra
2,2,270.35200000000003,17,20,20,1,2,0,0,0,1,1,0,1,2.5703900000000006,Mothra
2,4,396.55900000000025,23,29,34,5,1,0,0,0,1,2,0,2,1.9222,Mothra
2,2,336.794,17,23,18,2,2,1,0,1,0,2,0,2,3.918300000000002,Mothra
3,4,326.7610000000001,13,21,11,2,4,0,1,1,0,2,0,2,1.9453,Mothra
1,3,329.831,18,23,20,3,1,0,0,1,1,2,0,2,3.410300000000002,Mothra
1,3,261.328,17,20,15,3,0,0,0,0,0,3,0,3,3.755700000000001,Mothra
1,3,305.341,17,23,15,5,1,0,0,0,1,2,0,3,3.0501000000000014,Mothra
0,4,361.22300000000007,15,22,15,5,1,0,0,0,0,3,0,2,3.334100000000002,Mothra
1,3,209.21200000000002,11,16,7,5,0,0,0,0,1,2,0,3,2.4894,Mothra
0,3,233.274,15,18,11,3,0,0,0,0,0,3,0,3,2.7162000000000006,Mothra
1,2,295.26,15,21,12,1,2,3,0,0,0,2,0,2,3.5180000000000016,Mothra
1,4,317.7080000000001,15,22,10,2,4,0,0,1,0,2,0,2,1.4212,Mothra
0,1,266.674,14,18,9,0,1,2,0,1,0,2,0,2,4.043600000000002,Mothra
0,3,312.3900000000001,18,22,16,0,3,0,1,0,1,2,0,2,3.1102000000000016,Mothra
0,6,354.36600000000016,18,26,18,4,4,0,0,0,1,2,0,2,2.13938,Mothra
0,2,321.4200000000001,21,24,23,1,2,0,0,0,3,1,0,2,4.451700000000003,Mothra
1,3,329.197,16,20,13,2,1,0,0,0,1,2,0,3,4.716200000000002,Mothra
0,5,383.23800000000006,19,26,12,4,1,0,0,2,1,2,0,3,4.650300000000002,Mothra
3,3,315.7600000000001,16,22,14,3,2,0,0,1,0,2,0,2,3.3257900000000005,Mothra
1,2,238.266,15,18,12,1,2,0,0,0,0,2,0,2,2.2754900000000005,Mothra
1,2,279.31899999999996,17,21,15,2,2,0,0,0,1,2,0,2,2.732890000000001,Mothra
0,2,288.39400000000006,20,22,20,2,0,0,0,0,0,3,0,2,2.8946900000000015,Mothra
1,2,314.162,15,19,10,2,1,0,0,0,0,2,0,2,3.282770000000002,Mothra
0,3,301.3860000000001,18,22,23,1,3,0,0,0,1,2,0,1,1.6814899999999995,Mothra
0,4,278.266,16,21,9,3,1,1,0,0,0,3,0,3,3.251570000000002,Mothra
1,7,344.2590000000001,15,25,10,3,7,0,0,0,2,1,0,2,1.22529,Mothra
1,1,269.29900000000004,16,20,14,2,1,1,0,0,1,2,0,2,2.931190000000001,Mothra
3,5,365.196,16,24,12,3,3,0,0,2,1,2,0,3,2.932990000000001,Mothra
3,5,337.305,15,24,14,5,1,3,0,0,0,2,0,2,1.8095899999999996,Mothra
1,4,267.264,15,20,11,2,3,0,0,0,1,2,0,3,1.5053999999999994,Mothra
0,2,234.278,16,18,12,1,1,0,0,0,1,2,0,2,3.656570000000002,Mothra
1,3,300.377,18,22,21,2,1,1,0,0,0,3,0,2,3.7005000000000026,Mothra
1,5,242.238,12,18,10,4,2,0,0,0,2,1,0,3,1.1765999999999999,Mothra
4,3,281.38000000000005,14,20,25,4,2,0,0,0,0,1,0,0,0.6335900000000002,Mothra
2,2,343.204,16,21,13,3,1,0,0,0,0,2,0,2,3.7169700000000017,Mothra
0,3,249.31699999999995,16,19,15,3,0,0,0,0,1,3,0,3,3.2993000000000015,Mothra
2,5,272.2390000000001,13,20,9,4,2,1,0,0,0,3,0,3,0.7952999999999999,Mothra
2,3,334.1890000000001,16,20,14,0,3,0,0,0,0,3,0,2,3.0662900000000017,Mothra
1,3,264.332,16,20,16,4,0,0,0,0,1,2,0,3,3.6571000000000016,Mothra
1,3,270.695,15,19,9,1,2,0,0,1,0,2,0,2,3.347170000000001,Mothra
1,4,304.69700000000006,12,21,9,6,2,0,0,1,1,1,0,2,2.0923999999999996,Mothra
1,2,279.34400000000005,16,20,11,2,1,0,1,0,1,1,0,2,3.2039000000000026,Mothra
1,4,299.3750000000001,16,21,15,2,2,0,1,0,1,2,0,2,1.8002000000000002,Mothra
1,2,335.427,21,25,23,2,2,0,0,0,0,3,0,2,2.0008,Mothra
0,2,207.23600000000002,13,16,9,3,0,0,0,0,1,2,0,3,2.7015000000000002,Mothra
1,2,313.789,16,21,10,2,1,0,1,1,1,2,0,2,2.3244000000000007,Mothra
0,3,306.754,13,20,9,3,2,0,1,1,0,2,0,2,3.031600000000002,Mothra
0,2,276.319,17,21,14,3,1,0,0,0,0,2,0,2,1.8685999999999996,Mothra
1,3,349.67100000000005,13,23,8,3,2,4,0,1,1,1,0,2,3.6114000000000015,Mothra
1,0,266.286,15,19,15,1,0,3,0,0,0,2,0,2,2.969000000000001,Mothra
1,3,258.38999999999993,15,18,18,2,0,0,1,0,1,2,0,2,4.554700000000003,Mothra
1,3,345.8310000000001,17,23,14,2,2,0,1,1,1,2,0,2,3.543590000000002,Mothra
3,3,300.34200000000004,15,22,18,5,2,0,0,0,2,1,0,2,0.9264899999999996,Mothra
1,6,364.7460000000001,14,24,7,3,5,0,1,1,0,2,0,2,2.8450700000000015,Mothra
2,2,292.717,15,20,12,1,2,1,0,1,0,2,0,2,3.048090000000001,Mothra
0,5,351.13100000000014,14,21,8,2,3,1,0,0,2,1,0,3,3.620890000000002,Mothra
1,2,270.349,13,18,17,1,2,1,1,0,1,1,0,1,2.498490000000001,Mothra
2,2,290.28899999999993,16,21,14,1,2,2,0,0,0,2,0,2,2.7281900000000006,Mothra
1,4,366.772,13,23,12,3,2,3,1,1,0,2,0,1,2.8363700000000014,Mothra
1,5,340.3590000000001,18,25,18,3,4,0,0,0,0,3,0,2,2.6485900000000013,Mothra
0,1,225.315,15,17,17,2,0,0,0,0,0,3,0,2,2.4535,Mothra
1,2,286.178,14,18,15,0,2,0,0,2,0,2,0,1,4.660890000000003,Mothra
3,5,314.41400000000004,16,22,18,4,1,0,1,0,2,1,0,2,2.1815999999999995,Mothra
0,3,319.21500000000003,16,21,14,3,0,0,0,2,1,2,0,2,5.070070000000003,Mothra
2,5,383.4230000000001,21,28,22,3,3,1,0,0,0,3,0,2,1.5770799999999996,Mothra
1,2,318.80400000000003,17,22,19,2,2,0,0,1,0,2,0,1,3.086990000000001,Mothra
0,1,263.34,18,20,17,1,1,0,0,0,1,2,0,2,3.379400000000002,Mothra
0,4,287.338,16,21,18,3,1,1,0,0,0,3,0,2,2.4976200000000004,Mothra
2,4,255.27299999999997,15,19,13,1,3,0,0,0,0,2,0,2,1.4147899999999998,Mothra
2,3,275.695,13,19,10,3,2,0,0,1,0,2,0,2,1.8097999999999999,Mothra
1,1,243.32999999999993,15,18,19,2,1,0,0,0,1,2,0,1,2.924590000000001,Mothra
2,2,341.82200000000006,18,24,18,4,1,0,0,1,1,2,0,2,1.4012999999999995,Mothra
2,4,346.192,13,21,12,7,0,0,0,0,1,1,0,2,4.437400000000001,Mothra
1,3,271.25100000000003,14,20,10,3,2,1,0,0,0,2,0,2,3.982400000000002,Mothra
1,2,401.22700000000015,18,22,14,2,1,0,0,0,0,3,0,3,4.5195000000000025,Mothra
1,6,344.3710000000001,16,24,13,4,2,1,1,0,0,2,0,3,3.709800000000002,Mothra
0,4,275.667,14,19,8,0,4,0,0,1,0,2,0,2,1.9226999999999999,Mothra
2,3,356.47100000000006,19,25,22,3,2,0,1,0,2,1,0,2,2.5951900000000006,Mothra
4,3,385.62500000000006,14,22,12,3,3,0,0,1,1,1,0,2,2.61519,Mothra
1,2,300.71999999999997,16,21,10,2,1,1,0,1,0,2,0,2,3.8089700000000013,Mothra
1,3,315.82400000000007,18,22,20,2,1,0,0,1,0,3,0,2,3.367890000000002,Mothra
0,4,303.37800000000004,18,22,23,0,4,0,0,0,2,1,0,1,3.088490000000002,Mothra
0,2,286.395,17,20,17,1,0,1,1,0,0,3,0,2,3.9547900000000036,Mothra
2,2,286.395,18,21,24,1,2,0,0,0,0,1,0,1,2.477690000000001,Mothra
3,3,304.34499999999997,16,22,19,3,2,1,0,0,0,2,0,1,2.223769999999999,Mothra
2,4,291.281,14,21,13,4,1,2,0,0,1,1,0,1,2.13087,Mothra
1,3,292.311,14,20,11,1,3,1,1,0,0,2,0,2,2.4846900000000005,Mothra
0,2,209.22399999999996,14,16,9,0,2,0,0,0,0,2,0,2,2.841990000000001,Mothra
0,4,457.26700000000017,21,26,16,1,3,0,0,0,0,3,0,3,4.551590000000004,Mothra
3,2,308.80899999999997,16,21,21,2,2,0,0,1,0,2,0,1,2.6625900000000007,Mothra
0,1,260.11,13,15,8,0,1,0,0,0,0,2,0,2,3.769890000000002,Mothra
0,1,326.14500000000004,13,20,12,1,1,3,0,2,0,2,0,1,4.407900000000002,Mothra
0,5,348.354,16,24,12,3,2,2,1,0,2,1,0,2,3.324970000000002,Mothra
1,7,361.3590000000001,15,25,13,4,5,0,1,0,1,1,0,2,2.48503,Mothra
0,3,228.29499999999993,14,17,16,2,1,0,0,0,1,2,0,2,3.7843000000000018,Mothra
0,5,431.45000000000005,21,30,27,2,3,4,0,0,0,3,0,1,3.2802900000000017,Mothra
1,5,357.41,18,25,16,3,2,1,1,0,1,2,0,3,3.886300000000002,Mothra
0,3,330.29,17,24,12,2,3,2,0,0,1,2,0,2,3.7860000000000023,Mothra
1,4,341.40799999999996,15,23,20,3,3,1,1,0,0,2,0,1,2.0999999999999996,Mothra
1,4,344.80100000000004,12,21,9,2,4,0,2,1,0,2,0,2,2.6675000000000004,Mothra
1,0,221.283,15,17,13,2,0,0,0,0,0,2,0,2,2.8896000000000015,Mothra
0,1,292.28,16,21,13,1,1,3,0,0,0,2,0,2,4.3587000000000025,Mothra
1,3,288.7380000000001,14,20,13,4,1,0,0,1,1,1,0,2,2.2494000000000005,Mothra
2,3,287.726,15,20,12,2,2,0,0,1,0,2,0,2,2.7113000000000005,Mothra
0,3,296.37,18,22,20,2,2,0,0,0,1,2,0,2,2.7619000000000016,Mothra
1,1,268.291,16,20,13,2,1,1,0,0,0,2,0,2,3.0463000000000013,Mothra
1,2,226.279,14,17,14,2,1,0,0,0,0,2,0,2,2.7101000000000006,Mothra
0,3,365.61400000000003,15,21,10,2,2,0,0,1,0,2,0,2,3.7668000000000017,Mothra
1,2,294.1650000000001,13,19,11,4,0,0,0,2,1,2,0,2,2.4982000000000006,Mothra
1,5,299.3780000000001,16,22,21,5,1,0,0,0,1,2,0,2,0.5660999999999994,Mothra
1,4,295.3179999999999,17,22,15,2,3,0,0,0,0,2,0,2,2.31721,Mothra
1,4,316.33100000000013,17,23,16,3,1,2,0,0,0,2,0,2,2.9944900000000017,Mothra
2,3,301.36600000000016,17,22,21,2,3,0,0,0,1,1,0,1,3.462290000000002,Mothra
1,3,283.229,13,20,10,2,2,3,0,0,1,1,0,1,2.06827,Mothra
1,3,258.179,10,18,7,3,2,3,0,0,1,1,0,1,1.07579,Mothra
1,5,306.20300000000003,13,22,5,4,2,3,0,0,1,1,0,2,1.85645,Mothra
1,4,264.21199999999993,12,19,9,2,4,1,0,0,1,1,0,1,-0.7981100000000003,Mothra
1,3,254.3329999999999,16,19,18,2,1,0,0,0,0,3,0,2,3.291890000000002,Mothra
2,2,252.33699999999996,17,19,18,1,1,0,0,0,0,2,0,2,3.2394900000000018,Mothra
2,2,324.207,16,21,15,1,2,0,0,2,0,2,0,2,2.601090000000001,Mothra
0,8,359.82200000000006,15,24,12,6,1,0,1,1,2,1,0,3,2.7601900000000006,Mothra
0,3,330.4760000000001,19,24,30,4,1,0,0,0,1,1,0,1,3.6088100000000027,Mothra
1,4,409.43600000000026,23,30,21,3,2,2,0,0,0,4,0,3,3.880500000000003,PMMG
1,8,464.5260000000003,24,34,28,6,4,0,0,0,2,3,0,3,1.8707,PMMG
1,2,442.48100000000034,25,32,25,2,2,3,0,0,2,2,0,2,4.895820000000004,PMMG
1,1,355.48100000000005,25,27,25,1,1,0,0,0,0,4,0,3,5.3983200000000044,PMMG
3,5,513.5970000000002,29,38,30,6,2,1,0,0,0,4,0,2,2.745700000000002,PMMG
2,2,415.55700000000013,27,31,31,2,2,0,0,0,0,4,0,3,3.4732200000000013,PMMG
1,4,383.45100000000014,24,29,21,3,2,0,0,0,1,4,0,4,4.544300000000003,PMMG
1,4,355.42100000000005,22,27,19,4,1,0,0,0,0,5,0,4,3.544500000000002,PMMG
1,4,392.5230000000003,24,29,30,3,2,0,0,0,0,4,0,3,2.60292,PMMG
0,4,470.6170000000005,29,35,34,4,2,0,0,0,2,4,0,2,5.138520000000005,PMMG
1,3,461.6060000000003,28,34,35,3,3,0,0,0,2,2,0,2,4.442800000000004,PMMG
0,2,397.51800000000014,27,30,27,1,2,0,0,0,1,3,0,4,6.669500000000006,PMMG
1,3,371.4600000000001,24,28,23,2,2,0,0,0,2,3,0,4,3.5759200000000018,PMMG
0,5,380.4690000000003,21,27,20,2,3,0,1,0,0,4,0,3,3.2525200000000023,PMMG
1,3,418.41500000000013,22,30,21,2,3,3,0,0,0,3,0,2,4.883300000000004,PMMG
2,4,415.3470000000001,21,30,14,2,4,3,0,0,0,4,0,4,4.045420000000002,PMMG
0,6,437.5650000000002,24,31,27,3,3,0,1,0,1,3,0,3,4.318920000000004,PMMG
1,3,393.84900000000005,22,28,17,3,1,1,0,1,1,3,0,4,4.962800000000004,PMMG
3,5,480.3260000000001,21,31,18,7,2,0,0,0,1,3,0,4,2.4902999999999995,PMMG
0,1,382.42500000000007,24,28,21,0,1,3,0,0,3,2,0,3,7.3030200000000045,PMMG
2,4,414.4850000000002,25,31,24,3,3,0,0,0,1,4,0,4,2.7303000000000006,PMMG
2,8,464.4820000000003,23,34,24,6,5,0,0,0,1,3,0,3,2.3087400000000002,PMMG
1,5,381.43200000000013,21,28,23,3,4,0,0,0,1,3,0,3,3.7805200000000028,PMMG
1,2,421.26000000000005,20,26,16,2,0,3,0,0,0,3,0,3,5.772720000000003,PMMG
1,5,422.4640000000003,22,31,23,6,2,1,0,0,1,3,0,3,2.9961400000000014,PMMG
1,6,426.4710000000003,22,31,24,6,1,2,0,0,1,2,1,3,3.465700000000002,PMMG
2,5,391.3830000000001,21,29,17,3,5,0,0,0,0,3,0,3,2.926000000000001,PMMG
2,3,446.8940000000002,24,32,19,4,3,0,0,1,1,3,1,3,4.598600000000003,PMMG
0,3,429.35800000000006,22,27,25,2,2,0,0,0,2,1,1,3,5.729920000000006,PMMG
1,7,513.5720000000003,25,36,27,3,7,0,1,0,0,5,0,2,2.4364999999999997,PMMG
2,6,422.44100000000026,22,31,22,4,5,0,0,0,0,4,0,2,2.1056,PMMG
1,7,437.84300000000013,21,31,16,5,4,0,0,1,1,3,0,3,2.4664,PMMG
1,5,455.9420000000002,24,32,26,3,4,0,0,1,1,3,1,3,4.5511000000000035,PMMG
3,4,452.55500000000023,25,33,32,4,4,0,0,0,0,3,0,2,3.18112,PMMG
3,4,429.47600000000017,25,32,23,3,4,0,0,0,1,3,0,3,2.9937000000000014,PMMG
1,2,391.55900000000025,25,29,33,3,1,0,0,0,1,2,1,2,6.052840000000006,PMMG
1,6,391.51900000000006,23,29,29,5,1,0,0,0,1,4,0,3,3.0608000000000004,PMMG
2,4,390.4430000000001,22,29,22,4,3,0,0,0,0,4,0,2,2.9827000000000012,PMMG
0,4,407.4490000000002,26,31,19,2,3,0,0,0,1,4,0,5,4.124800000000003,PMMG
0,4,372.4490000000001,22,27,16,2,2,0,1,0,1,3,0,4,5.0919200000000036,PMMG
1,5,461.44900000000024,25,34,20,3,5,1,0,0,1,4,0,3,2.8367200000000006,PMMG
1,0,364.459,24,27,24,1,0,2,0,0,1,3,0,3,4.867500000000004,PMMG
1,8,424.4830000000001,20,29,14,3,4,0,2,0,1,3,0,4,2.5623200000000006,PMMG
2,7,378.3440000000001,19,28,14,4,5,0,0,0,0,4,0,4,0.9909199999999998,PMMG
1,5,410.86100000000016,21,29,19,4,3,0,0,1,1,3,0,3,2.3050999999999995,PMMG
1,2,372.46800000000013,24,28,24,2,2,0,0,0,1,3,0,3,4.112600000000003,PMMG
2,4,365.82400000000007,19,26,16,5,1,0,0,1,2,2,0,4,4.177520000000002,PMMG
1,3,372.4150000000002,21,27,22,2,2,2,0,0,2,2,0,2,4.294300000000003,PMMG
1,2,445.89700000000005,23,31,22,3,2,2,0,1,0,3,0,3,6.012700000000004,PMMG
1,4,378.47200000000026,23,28,26,2,3,0,0,0,2,3,0,2,4.198900000000004,PMMG
1,7,428.3950000000001,21,31,18,4,4,2,0,0,1,3,0,2,2.645600000000001,PMMG
3,5,452.42900000000014,22,32,23,2,5,3,0,0,0,3,0,2,2.5896,PMMG
0,6,411.2590000000001,19,26,15,4,2,0,0,0,1,3,0,4,3.420460000000002,PMMG
2,5,424.5260000000002,22,30,24,4,3,0,1,0,1,3,0,3,2.8682000000000016,PMMG
2,4,335.36300000000006,19,25,17,3,3,0,0,0,1,3,0,3,1.8754,PMMG
2,5,504.85200000000026,23,35,16,4,4,3,0,1,2,2,0,3,4.245100000000002,PMMG
2,2,374.415,23,28,19,2,2,1,0,0,0,4,0,3,4.938120000000003,PMMG
1,3,449.30400000000026,23,29,17,2,3,0,0,0,1,3,0,3,4.806020000000004,PMMG
1,3,466.30300000000017,20,28,14,1,3,2,1,0,0,3,0,3,5.120820000000002,PMMG
1,5,391.42700000000013,22,29,21,3,4,0,0,0,1,3,0,3,2.8443000000000014,PMMG
1,7,465.4590000000003,20,32,20,3,7,1,1,0,1,3,0,2,2.8104200000000015,PMMG
2,5,386.38700000000017,22,29,16,3,4,0,0,0,1,3,0,4,2.8543000000000003,PMMG
0,7,398.4220000000001,23,30,18,4,3,0,0,0,1,3,0,4,3.9433400000000027,PMMG
0,5,444.5530000000003,23,31,28,2,5,0,1,0,0,4,0,2,2.711240000000001,PMMG
0,7,408.4620000000002,21,30,24,6,3,0,0,0,2,2,0,3,2.7117000000000004,PMMG
3,2,395.4530000000001,23,29,23,3,1,2,0,0,0,3,0,3,5.444320000000004,PMMG
2,5,461.4490000000002,25,34,20,3,5,1,0,0,1,3,0,3,3.1632200000000017,PMMG
3,5,443.5270000000001,26,33,27,4,3,0,0,0,1,4,0,3,1.9613,PMMG
0,7,413.4850000000002,23,31,23,7,1,0,0,0,2,3,0,4,2.630200000000001,PMMG
1,2,312.38800000000003,19,23,21,2,1,1,0,0,0,3,0,2,3.736120000000003,PMMG
1,2,374.48300000000006,24,28,25,3,0,1,0,0,1,3,0,4,4.434820000000004,PMMG
2,4,391.4910000000001,24,29,27,2,3,0,0,0,0,4,0,3,2.5527000000000006,PMMG
1,5,406.432,20,29,23,5,1,3,0,0,1,3,0,1,1.7421999999999997,PMMG
1,4,325.37500000000006,20,25,15,5,0,0,0,0,2,3,0,3,4.130200000000002,PMMG
2,5,436.56100000000015,23,31,26,5,2,0,1,0,2,2,1,3,1.7131999999999996,PMMG
2,2,347.34000000000003,18,25,16,3,1,3,0,0,1,2,0,3,4.0016000000000025,PMMG
2,4,319.723,15,22,11,3,2,1,0,1,0,3,0,3,2.66592,PMMG
2,4,333.3910000000001,20,25,19,3,2,0,0,0,2,2,0,3,3.1661200000000003,PMMG
1,3,370.8360000000001,20,26,19,2,3,0,0,1,2,2,0,2,3.030120000000002,PMMG
1,4,406.4360000000001,23,30,20,4,1,2,0,0,1,3,0,4,4.333400000000003,PMMG
0,6,400.43800000000005,23,30,20,4,3,0,0,0,1,4,0,4,2.6583000000000006,PMMG
0,4,382.4140000000001,21,28,20,4,1,2,0,0,1,3,0,3,3.7801000000000027,PMMG
1,5,463.3570000000003,19,28,19,4,3,0,1,0,2,2,0,3,2.8861999999999997,PMMG
1,1,360.39900000000006,21,26,21,1,1,3,0,0,2,2,0,3,4.680020000000004,PMMG
0,5,504.6060000000003,29,37,33,4,3,1,0,0,0,5,0,2,3.7996000000000025,PMMG
2,4,447.55900000000014,26,33,31,4,3,0,0,0,0,4,0,3,1.3941999999999999,PMMG
0,3,405.51900000000006,24,29,23,1,3,0,1,0,1,3,0,3,4.457520000000003,PMMG
2,8,435.46900000000016,20,31,17,7,3,0,1,0,1,3,0,3,3.5395200000000013,PMMG
2,5,396.87800000000027,21,28,21,4,2,0,0,1,1,3,0,3,3.5513200000000023,PMMG
2,2,435.97500000000014,26,31,28,2,2,0,0,1,0,4,0,3,3.582920000000003,PMMG
2,6,361.36100000000005,19,27,15,5,3,0,0,0,1,3,0,4,2.3454999999999995,PMMG
1,5,413.5030000000002,20,29,23,5,3,0,1,0,1,3,0,3,1.7893999999999999,PMMG
2,5,384.891,20,27,23,5,1,0,0,1,0,3,0,3,3.161920000000001,PMMG
2,5,364.40500000000014,20,27,20,4,3,0,0,0,0,3,0,3,3.501940000000002,PMMG
1,2,447.4520000000002,24,32,23,2,2,4,0,0,1,3,0,3,3.953820000000004,PMMG
1,2,364.48900000000015,23,27,28,2,2,0,0,0,1,2,0,2,4.376320000000003,PMMG
0,6,464.5470000000002,24,33,24,4,4,0,1,0,2,3,0,4,3.288420000000002,PMMG
3,4,350.37800000000004,19,26,18,4,3,0,0,0,0,3,0,3,1.6253199999999997,PMMG
1,4,397.58700000000033,24,29,37,4,1,0,0,0,1,3,1,2,2.4426000000000005,PMMG
2,4,420.9460000000002,19,28,23,5,2,0,1,1,1,3,0,3,1.5701199999999997,PMMG
2,5,401.47000000000014,23,30,23,5,2,0,0,0,2,3,0,3,3.612300000000002,PMMG
2,3,398.4780000000002,23,29,27,2,3,1,0,0,0,3,0,2,3.2246200000000025,PMMG
1,4,452.5040000000001,20,30,18,2,4,2,2,0,0,3,0,3,3.5863000000000023,PMMG
3,2,404.51400000000024,24,30,28,4,2,0,0,0,2,2,0,3,4.290600000000003,PMMG
1,6,406.46600000000007,22,30,24,5,3,0,0,0,1,3,0,3,2.1070200000000003,PMMG
1,4,418.51800000000014,24,30,22,2,3,0,1,0,1,3,0,3,3.6816200000000023,PMMG
0,8,416.3600000000002,20,30,16,3,5,2,0,0,1,3,0,3,1.9276999999999995,PMMG
0,6,404.3970000000001,23,30,17,2,4,1,0,0,0,4,0,4,3.1068000000000007,PMMG
1,5,337.334,18,25,14,4,2,1,0,0,0,3,0,3,2.16739,PMMG
1,3,350.38900000000007,22,26,19,0,3,1,0,0,0,3,0,3,4.958140000000003,PMMG
2,4,378.3630000000001,20,28,15,4,3,1,0,0,2,2,0,3,2.9057200000000014,PMMG
0,6,378.81900000000013,20,27,15,4,2,0,0,1,2,3,0,4,4.481440000000003,PMMG
1,6,410.4300000000001,20,29,15,4,3,1,1,0,1,3,0,4,3.368120000000002,PMMG
1,5,381.5010000000001,21,27,23,3,2,0,1,0,2,2,0,3,4.5622200000000035,PMMG
1,6,380.33100000000013,20,28,13,2,5,1,0,0,1,3,0,4,4.273120000000001,PMMG
1,3,422.91200000000015,24,30,23,2,3,0,0,1,0,4,0,3,4.992700000000005,PMMG
2,5,362.43300000000005,21,27,22,4,2,0,0,0,2,2,0,3,3.1885200000000014,PMMG
1,2,389.4990000000003,24,29,27,3,2,0,0,0,1,3,0,3,4.307920000000004,PMMG
1,5,408.4820000000001,22,30,26,5,3,0,0,0,1,2,1,2,1.7662200000000001,PMMG
2,3,362.4290000000001,22,27,22,2,3,0,0,0,1,2,0,3,4.409820000000003,PMMG
0,6,419.4120000000001,23,31,18,3,4,1,0,0,1,2,1,3,3.016700000000001,PMMG
0,6,477.4140000000001,23,34,19,3,4,4,0,0,0,3,1,3,3.358220000000002,PMMG
1,4,372.4240000000001,23,28,20,2,3,0,0,0,0,4,0,4,3.479700000000002,PMMG
1,2,329.42300000000006,22,25,21,2,1,0,0,0,1,3,0,4,4.241800000000003,PMMG
2,6,377.4040000000001,20,28,19,5,3,0,0,0,2,2,0,4,2.5026200000000003,PMMG
1,4,431.5400000000002,25,32,29,5,2,0,0,0,1,3,0,3,4.585300000000004,PMMG
1,5,438.48700000000025,26,33,22,4,3,0,0,0,0,3,0,3,3.449300000000002,PMMG
1,3,411.93300000000016,23,29,26,3,2,0,0,1,0,4,0,2,4.213300000000003,PMMG
3,4,373.41600000000005,21,28,19,5,2,0,0,0,1,3,0,4,3.250300000000001,PMMG
1,3,345.446,22,26,23,3,1,0,0,0,2,2,0,3,3.7417200000000026,PMMG
1,3,412.4330000000001,19,28,19,2,3,3,1,0,0,3,0,2,3.4517200000000017,PMMG
1,5,469.56300000000016,23,32,20,3,3,1,2,0,0,2,1,2,3.922340000000002,PMMG
1,3,383.85400000000004,21,27,19,3,1,1,0,1,1,3,0,3,4.780620000000003,PMMG
1,6,352.4660000000001,19,26,26,7,0,0,0,0,3,2,0,3,0.7769200000000003,PMMG
1,7,404.4500000000002,22,30,22,5,3,0,0,0,1,3,0,3,1.9700999999999995,PMMG
1,4,403.4820000000001,24,30,25,3,3,0,0,0,0,4,0,3,4.530520000000004,PMMG
2,5,323.3310000000001,17,24,14,5,1,1,0,0,2,2,0,3,2.5306000000000006,PMMG
1,6,434.4960000000002,24,32,26,4,4,0,0,0,1,3,0,3,2.5927,PMMG
1,7,442.5230000000002,25,33,26,6,2,0,0,0,1,4,0,4,2.7121999999999993,PMMG
2,1,337.41800000000006,21,25,22,2,1,1,0,0,0,3,0,3,3.6305000000000023,PMMG
1,5,407.47000000000025,23,30,25,3,4,0,0,0,2,2,0,2,3.1240000000000014,PMMG
0,5,422.4810000000002,24,31,26,2,5,0,0,0,0,4,0,2,2.679900000000001,PMMG
1,4,350.372,20,26,16,4,0,2,0,0,1,3,0,4,4.448000000000003,PMMG
0,4,421.92800000000034,24,30,24,3,2,0,0,1,1,4,0,3,3.9818000000000033,PMMG
0,6,434.5840000000002,26,32,34,4,2,0,0,0,2,2,0,3,4.3998000000000035,PMMG
2,6,419.48100000000017,24,31,25,3,4,0,0,0,2,2,0,3,3.431440000000002,PMMG
1,3,362.42800000000005,22,27,21,3,1,1,0,0,0,4,0,4,3.234400000000001,PMMG
1,5,459.3960000000001,19,31,14,3,3,5,1,0,0,3,0,3,3.5690000000000017,PMMG
1,5,450.5390000000002,25,33,30,4,4,0,0,0,2,3,0,2,2.59002,PMMG
0,3,362.812,22,26,15,0,3,0,0,1,1,3,0,4,5.9928000000000035,PMMG
1,4,419.39900000000017,22,30,20,1,4,3,0,0,1,3,0,2,4.143800000000003,PMMG
2,4,379.46000000000026,22,28,25,3,3,0,0,0,2,2,0,3,3.385900000000002,PMMG
1,2,331.415,22,25,21,1,2,0,0,0,1,3,0,3,3.8907000000000034,PMMG
2,3,364.48900000000003,23,27,28,2,2,0,0,0,1,3,0,2,3.4859000000000027,PMMG
1,6,404.47000000000014,23,30,24,4,3,0,0,0,1,3,0,3,3.378440000000002,PMMG
1,4,402.4980000000001,24,30,26,4,2,0,0,0,0,4,0,3,3.134540000000002,PMMG
0,3,384.4220000000001,23,28,22,0,3,2,0,0,1,3,0,3,6.2691200000000045,PMMG
1,3,397.45000000000016,22,29,24,3,3,1,0,0,1,3,0,2,3.4155000000000024,PMMG
1,6,394.45100000000014,22,29,24,3,4,0,0,0,2,3,0,3,2.436400000000001,PMMG
1,4,488.4850000000002,25,35,24,4,2,4,0,0,1,3,0,3,5.044320000000004,PMMG
3,4,434.4620000000001,22,31,25,4,2,3,0,0,1,2,0,3,4.008500000000003,PMMG
1,6,418.90600000000006,19,28,19,4,3,0,1,1,2,2,0,2,2.4913000000000007,PMMG
0,4,386.4480000000001,20,27,19,2,3,1,1,0,1,3,0,3,2.676000000000001,PMMG
2,3,395.4780000000001,23,29,26,3,2,1,0,0,0,3,1,2,3.3726400000000023,PMMG
1,3,378.39400000000006,20,27,21,2,2,3,0,0,0,3,0,2,4.6178000000000035,PMMG
2,4,452.5800000000002,24,32,28,4,3,0,1,0,1,3,0,3,2.824200000000001,PMMG
3,4,384.4550000000002,21,28,25,4,2,1,0,0,0,3,0,2,3.2359000000000018,PMMG
0,3,358.41600000000005,23,27,19,2,1,1,0,0,1,3,0,4,4.921600000000004,PMMG
0,4,394.4760000000001,21,28,20,3,3,0,1,0,0,3,0,3,4.308900000000003,PMMG
0,6,410.42600000000016,22,30,22,2,6,0,0,0,0,3,1,2,3.6904200000000023,PMMG
0,5,400.48200000000014,24,30,24,4,2,0,0,0,2,3,0,4,4.137500000000004,PMMG
0,3,391.42100000000005,23,29,19,3,1,2,0,0,1,3,0,4,4.618400000000004,PMMG
1,4,369.53400000000016,21,26,27,3,1,0,1,0,2,2,0,2,4.431420000000004,PMMG
0,7,436.4680000000002,23,32,24,4,5,0,0,0,0,3,1,3,2.7716200000000013,PMMG
1,4,435.6130000000001,26,31,31,2,2,0,1,0,3,1,0,2,4.473120000000003,PMMG
1,6,393.4910000000002,22,29,27,5,2,0,0,0,4,1,0,3,3.0188000000000015,PMMG
1,5,434.46800000000013,20,30,20,4,3,2,1,0,1,3,0,3,2.1854000000000013,PMMG
2,5,337.33100000000013,19,25,15,1,5,0,0,0,1,2,0,2,1.402,PMMG
1,4,421.56300000000033,21,29,31,3,4,0,1,0,0,3,0,1,2.2379999999999995,PMMG
3,3,426.49200000000013,23,31,27,4,3,1,0,0,0,3,0,2,3.908920000000002,PMMG
1,5,424.4970000000002,24,31,28,2,5,0,0,0,0,4,0,2,2.413519999999999,PMMG
0,5,485.4620000000004,25,35,22,3,4,3,0,0,1,3,0,2,4.746300000000004,PMMG
2,4,443.93100000000027,23,31,26,3,4,0,0,1,1,2,1,2,4.2360200000000034,PMMG
1,6,409.4420000000003,22,30,23,3,5,0,0,0,1,3,0,2,1.5531999999999992,PMMG
1,2,401.5260000000001,23,29,32,3,2,1,0,0,0,2,1,1,3.8980000000000032,PMMG
1,5,397.5230000000003,22,29,31,5,2,0,0,0,1,3,0,2,3.5000000000000027,PMMG
2,2,418.4830000000002,23,30,27,3,1,3,0,0,1,3,0,2,3.1072000000000015,PMMG
0,4,462.9030000000002,23,32,22,4,1,3,0,1,1,3,0,3,4.394700000000004,PMMG
1,7,424.4330000000003,22,31,22,3,6,0,0,0,2,2,1,3,1.0226999999999986,PMMG
0,4,430.29999999999995,20,30,12,0,4,6,0,0,0,2,1,3,5.330800000000003,PMMG
0,3,366.48800000000017,25,28,24,3,0,0,0,0,1,4,0,4,4.732290000000004,PMMG
0,8,415.45700000000016,22,31,21,7,2,0,0,0,2,3,0,4,1.9507,PMMG
0,5,354.8410000000001,19,25,19,4,1,0,0,1,0,4,0,3,2.913500000000001,PMMG
0,4,384.8860000000001,21,27,22,4,0,1,0,1,1,3,0,3,4.654200000000005,PMMG
0,3,360.31,19,26,12,2,1,4,0,0,0,3,0,4,5.751820000000003,PMMG
2,1,405.415,22,29,21,2,1,4,0,0,0,3,0,3,4.219220000000003,PMMG
1,5,427.5010000000002,22,30,22,3,3,1,1,0,1,3,0,3,2.763600000000002,PMMG
4,5,391.3870000000001,20,29,17,5,4,0,0,0,0,3,0,3,1.2704999999999989,PMMG
2,5,436.4190000000002,23,32,19,3,5,1,0,0,1,3,0,3,2.585790000000001,PMMG
1,7,388.7660000000001,17,27,12,5,3,1,0,1,1,2,0,3,1.6957999999999998,PMMG
1,5,439.51700000000017,22,31,23,4,4,0,1,0,1,3,0,3,3.6401200000000022,PMMG
0,3,375.8270000000001,20,26,19,1,3,1,0,1,1,3,0,2,4.883620000000004,PMMG
1,4,397.8620000000001,21,28,20,3,3,0,0,1,0,3,0,3,3.2110200000000013,PMMG
2,5,434.5210000000002,23,31,22,4,3,0,1,0,2,3,0,4,3.0215000000000014,PMMG
0,4,421.8800000000001,24,30,20,1,4,0,0,1,0,4,0,3,5.331700000000004,PMMG
2,2,403.5700000000001,26,30,33,3,1,0,0,0,1,3,0,2,3.345220000000002,PMMG
1,1,317.45599999999996,22,24,25,2,0,0,0,0,0,3,0,3,4.055720000000002,PMMG
3,1,354.8610000000001,20,25,21,3,1,0,0,1,1,3,0,3,2.7094200000000006,PMMG
1,3,384.45100000000014,22,28,25,2,3,1,0,0,2,2,0,2,3.385620000000002,PMMG
3,2,364.449,21,27,24,4,2,0,0,0,2,2,0,3,3.746240000000002,PMMG
2,5,371.8240000000001,19,26,18,3,3,0,0,1,1,2,0,3,4.312440000000004,PMMG
1,4,401.8900000000002,22,28,24,1,4,0,0,1,1,2,1,2,4.700120000000004,PMMG
1,2,427.38600000000014,23,27,27,2,1,0,0,0,1,2,0,2,5.269620000000005,PMMG
2,4,311.38500000000005,18,23,21,3,2,0,0,0,0,3,0,2,2.8589400000000014,PMMG
0,4,444.5970000000004,24,31,32,2,4,0,1,0,1,3,0,2,3.7202600000000032,PMMG
2,3,392.54700000000025,24,29,32,4,1,0,0,0,0,3,1,2,5.089000000000004,PMMG
1,5,377.4440000000002,22,28,23,3,3,0,0,0,0,4,0,3,3.0492000000000017,PMMG
1,3,358.441,23,27,22,2,2,0,0,0,0,4,0,3,4.173700000000003,PMMG
2,3,415.2760000000002,21,28,16,2,3,0,0,2,0,3,0,3,5.506600000000002,PMMG
1,6,403.38900000000007,18,28,12,5,1,3,1,0,2,2,0,4,4.362900000000002,PMMG
0,5,519.4150000000003,24,33,28,4,3,1,0,0,0,4,0,2,3.337900000000002,PMMG
1,5,407.47300000000007,22,30,24,6,1,1,0,0,0,4,0,3,2.16592,PMMG
0,5,477.7550000000002,22,31,17,3,3,0,0,3,2,2,0,3,3.969400000000003,PMMG
0,5,403.48200000000014,24,30,25,3,3,0,0,0,1,3,0,3,4.088400000000003,PMMG
0,6,395.4180000000001,24,30,17,3,3,0,0,0,0,4,1,5,3.132100000000001,PMMG
0,4,352.43400000000014,21,26,24,2,3,0,0,0,0,4,0,2,2.976800000000001,PMMG
0,3,384.5450000000002,22,27,28,2,2,0,1,0,1,2,1,2,3.632900000000003,PMMG
1,5,386.44800000000015,20,27,19,2,3,1,1,0,2,1,1,3,4.105640000000003,PMMG
1,5,426.52000000000027,26,32,26,4,2,0,0,0,1,4,0,4,4.659340000000004,PMMG
1,4,420.4100000000001,21,30,20,4,1,4,0,0,2,2,0,3,4.000800000000003,PMMG
0,6,498.42500000000024,24,32,28,5,2,0,0,0,1,3,0,3,3.0768000000000013,PMMG
1,5,380.4480000000001,21,28,24,4,3,0,0,0,1,3,0,2,2.1423000000000005,PMMG
2,7,422.4810000000001,24,31,26,2,5,0,0,0,1,2,1,3,2.7201200000000005,PMMG
1,3,403.54700000000025,25,29,25,1,2,0,1,0,1,3,0,3,6.054720000000004,PMMG
3,3,429.87900000000013,22,30,21,3,3,1,0,1,0,3,0,3,4.491200000000003,PMMG
1,5,358.401,21,27,18,4,2,0,0,0,1,3,0,4,3.826500000000002,PMMG
4,1,416.5490000000002,25,31,30,5,1,0,0,0,2,3,0,4,2.8630000000000013,PMMG
1,6,385.44500000000005,19,27,19,3,4,0,1,0,1,3,0,3,2.988500000000001,PMMG
3,6,356.4510000000001,18,25,20,4,2,0,1,0,1,2,0,2,-0.1177999999999979,PMMG
2,4,419.52500000000015,25,31,29,3,3,0,0,0,1,2,1,3,4.026200000000003,PMMG
2,3,397.59100000000024,23,29,37,6,0,0,0,0,0,4,0,2,-0.48059999999999525,PMMG
1,2,372.39000000000004,21,27,19,2,1,3,0,0,0,3,0,3,5.234500000000004,PMMG
1,3,402.37200000000007,21,29,17,2,3,3,0,0,0,3,0,3,4.449100000000003,PMMG
1,4,462.37700000000035,23,31,25,3,3,0,0,2,1,2,1,2,3.8584000000000023,PMMG
0,6,413.81700000000023,20,29,16,3,5,0,0,1,1,2,1,3,4.640920000000003,PMMG
1,6,362.3890000000001,20,27,18,4,3,0,0,0,1,3,0,3,3.0765200000000013,PMMG
2,6,389.4150000000001,21,29,19,5,3,0,0,0,1,3,0,4,1.6139199999999998,PMMG
0,3,390.5070000000001,24,29,28,3,2,0,0,0,0,4,0,2,3.2356200000000017,PMMG
2,4,429.3180000000001,20,27,21,4,2,0,0,0,0,2,1,3,3.748700000000002,PMMG
1,4,394.9060000000001,22,28,23,4,1,0,0,1,1,3,0,3,3.7759000000000027,PMMG
2,4,437.4710000000003,24,32,24,3,4,1,0,0,1,2,0,2,2.5486200000000006,PMMG
0,4,462.99900000000014,23,31,27,2,4,0,1,1,0,3,0,2,3.450400000000002,PMMG
1,4,469.4850000000002,21,32,22,3,4,3,1,0,1,2,0,2,3.2136000000000022,PMMG
0,7,464.59500000000037,24,33,28,6,2,0,1,0,2,3,0,3,3.406600000000002,PMMG
3,3,408.2270000000001,17,25,15,3,3,1,0,0,0,2,0,2,2.4440999999999997,PMMG
2,3,401.82500000000005,20,28,17,3,3,1,0,1,1,2,0,2,3.2924000000000015,PMMG
0,7,419.51000000000016,22,30,21,5,2,0,1,0,2,3,0,4,3.8812000000000024,PMMG
0,3,307.34900000000005,19,23,17,1,3,0,0,0,0,4,0,2,3.523920000000002,PMMG
1,5,438.5280000000003,24,32,30,4,4,0,0,0,1,3,0,2,2.2231199999999998,PMMG
0,6,370.4040000000001,20,27,21,3,3,1,0,0,2,2,0,2,2.01346,PMMG
2,4,370.35900000000004,19,27,16,4,2,2,0,0,1,2,0,3,2.9772000000000016,PMMG
1,3,420.5570000000002,25,31,32,4,2,0,0,0,1,3,0,2,3.902300000000004,PMMG
2,2,383.442,22,28,23,3,1,2,0,0,2,2,0,3,4.401500000000004,PMMG
1,4,456.58900000000017,23,31,24,2,4,0,2,0,0,4,0,3,3.4731000000000014,PMMG
3,3,460.62200000000024,28,34,36,4,2,0,0,0,0,4,0,3,1.8217400000000015,PMMG
1,4,351.451,20,25,19,2,2,0,1,0,1,2,1,3,4.199520000000002,PMMG
2,3,312.3,17,23,13,2,3,1,0,0,0,3,0,2,2.911320000000001,PMMG
0,9,420.5160000000003,18,28,20,4,4,0,2,0,1,2,1,3,1.7360399999999996,PMMG
3,4,379.46400000000006,21,28,25,5,2,0,0,0,1,2,0,3,2.47842,PMMG
1,3,409.35800000000006,20,29,16,3,1,5,0,0,1,2,0,3,4.165400000000003,PMMG
1,6,363.37300000000016,20,27,17,3,4,0,0,0,1,3,0,3,2.6746000000000008,PMMG
1,5,419.48100000000017,24,31,25,3,4,0,0,0,1,3,0,3,4.149520000000003,PMMG
1,3,370.4240000000001,21,27,23,2,3,1,0,0,0,3,0,2,2.9342000000000015,PMMG
1,5,370.41200000000003,22,28,18,4,2,0,0,0,1,3,0,4,4.667740000000004,PMMG
3,6,410.4550000000001,20,29,18,4,4,0,1,0,0,3,0,3,2.8248100000000003,PMMG
1,2,350.4620000000001,22,26,26,2,2,0,0,0,1,2,0,2,4.168040000000003,PMMG
2,5,388.44900000000007,18,27,20,4,4,0,1,0,1,2,0,2,1.0043199999999992,PMMG
1,3,351.7890000000001,20,25,14,1,3,0,0,1,2,2,0,3,4.382820000000003,PMMG
2,6,453.56800000000027,23,32,27,5,3,0,1,0,2,2,0,3,2.51992,PMMG
1,4,339.3710000000001,19,25,19,2,4,0,0,0,0,3,0,2,0.9804199999999998,PMMG
0,3,382.5040000000002,23,28,30,2,3,0,0,0,1,1,1,2,3.584920000000003,PMMG
1,5,369.3800000000001,22,28,15,3,3,0,0,0,2,2,0,3,4.3299800000000035,PMMG
1,3,363.41100000000006,22,27,19,3,0,2,0,0,1,3,0,4,5.691600000000003,PMMG
0,4,375.222,17,23,15,2,3,0,0,0,1,3,0,2,3.2744000000000018,PMMG
1,3,385.4630000000001,25,29,23,1,3,0,0,0,1,3,0,3,5.792920000000005,PMMG
1,6,417.42100000000016,23,31,19,3,5,0,0,0,1,3,0,3,2.199,PMMG
2,4,402.4220000000001,20,28,16,2,3,2,1,0,0,3,0,3,3.900800000000003,PMMG
0,8,396.4040000000002,19,28,14,3,5,0,1,0,1,2,1,3,1.8584999999999994,PMMG
2,6,489.3950000000003,21,30,21,4,3,0,1,0,1,3,0,3,3.487700000000002,PMMG
1,3,416.2460000000001,20,26,15,1,3,1,0,0,0,3,0,3,5.641400000000003,PMMG
2,3,422.54900000000015,25,31,32,3,3,0,0,0,0,4,0,2,2.3472,PMMG
1,2,392.49800000000016,24,29,27,3,1,1,0,0,1,3,0,3,2.777400000000001,PMMG
2,4,384.4390000000001,23,29,20,4,2,0,0,0,1,3,0,4,3.755600000000002,PMMG
1,4,428.4580000000001,23,31,23,4,1,3,0,0,2,2,0,3,4.344200000000004,PMMG
1,8,447.4210000000001,20,32,20,7,2,3,0,0,1,3,0,3,2.2318,PMMG
1,2,349.4540000000002,22,26,25,2,2,0,0,0,1,3,0,3,3.362000000000002,PMMG
1,3,387.5070000000002,24,29,27,4,1,0,0,0,0,4,0,2,2.217480000000001,PMMG
1,4,385.4910000000001,24,29,25,4,1,0,0,0,2,2,1,3,3.478100000000002,PMMG
2,3,419.52500000000015,25,31,29,3,3,0,0,0,1,3,0,3,1.464600000000001,PMMG
1,1,401.57400000000024,27,30,33,2,1,0,0,0,0,4,0,3,4.926600000000005,PMMG
2,4,414.8680000000001,21,29,20,4,2,1,0,1,1,2,0,3,3.4987400000000015,PMMG
0,5,372.30600000000015,18,27,11,4,2,3,0,0,1,2,0,1,2.8345200000000013,PMMG
3,7,411.4870000000002,20,29,21,5,3,0,1,0,1,3,0,3,3.3412000000000024,PMMG
2,6,424.4970000000002,24,31,28,2,5,0,0,0,0,3,0,2,3.6916200000000026,PMMG
2,3,394.4960000000001,22,28,22,2,3,0,1,0,0,3,0,3,4.286820000000003,PMMG
3,6,440.50000000000034,23,32,28,4,5,0,0,0,1,3,0,2,2.5921200000000004,PMMG
1,6,485.62500000000045,27,35,39,3,5,0,0,0,0,5,0,1,3.3345000000000002,PMMG
3,1,319.43200000000013,20,24,23,4,0,0,0,0,1,3,0,3,1.751600000000001,PMMG
0,4,341.7450000000001,15,23,14,3,2,2,0,1,1,2,0,2,2.877020000000001,PMMG
1,6,422.48900000000015,22,31,26,6,3,0,0,0,1,3,0,3,1.0836199999999998,PMMG
1,3,439.30900000000014,22,28,19,2,3,0,0,0,2,2,0,3,5.0005400000000035,PMMG
2,5,392.85000000000014,20,28,17,6,1,0,0,1,1,3,0,4,4.099020000000002,PMMG
1,5,393.4660000000001,22,29,24,5,1,1,0,0,1,3,0,3,3.247620000000002,PMMG
1,5,349.39000000000004,20,26,19,3,3,0,0,0,1,2,0,3,3.6898000000000017,PMMG
1,9,367.3690000000001,17,27,17,7,3,0,0,0,1,2,1,3,0.97312,PMMG
2,6,393.8340000000002,20,28,16,5,2,0,0,1,2,2,0,4,3.9777200000000024,PMMG
1,3,386.8780000000002,21,27,22,3,1,1,0,1,2,2,0,3,4.403400000000003,PMMG
1,2,374.8950000000001,23,27,21,3,0,0,0,1,0,4,0,4,4.697200000000003,PMMG
2,8,378.41700000000003,18,27,14,6,2,0,1,0,2,2,0,4,3.3980200000000007,PMMG
1,7,334.3350000000001,18,25,14,4,3,0,0,0,3,2,0,3,2.4633200000000004,PMMG
1,3,339.44200000000006,23,26,21,3,0,0,0,0,0,4,0,4,5.778320000000004,PMMG
3,1,372.9200000000002,21,26,27,3,1,0,0,1,1,2,0,2,2.8676200000000014,PMMG
3,4,423.51300000000026,24,31,29,3,4,0,0,0,1,2,0,2,3.532720000000002,PMMG
2,3,395.5470000000002,24,29,33,3,2,0,0,0,1,2,0,2,4.6480600000000045,PMMG
2,3,349.40900000000005,21,26,20,3,1,1,0,0,0,3,0,3,4.593020000000003,PMMG
1,3,293.322,18,22,15,1,3,0,0,0,0,3,0,3,3.607700000000002,PMMG
1,6,475.54900000000026,26,35,29,5,4,0,0,0,1,3,0,3,2.756500000000001,PMMG
3,4,367.4050000000002,20,27,21,3,4,0,0,0,1,2,0,2,1.3749000000000005,PMMG
2,6,392.86800000000017,17,26,17,4,3,0,1,1,0,3,0,3,1.977299999999999,PMMG
2,5,378.4320000000001,21,28,22,4,3,0,0,0,2,2,0,3,2.1815000000000007,PMMG
0,8,451.35700000000014,20,32,16,3,6,3,0,0,0,4,0,2,1.4902,PMMG
3,2,420.45500000000015,22,30,25,3,2,3,0,0,0,3,0,2,2.466,PMMG
0,5,449.52800000000013,25,32,23,1,5,0,1,0,0,4,0,3,4.134200000000003,PMMG
1,3,357.4250000000002,21,26,24,1,3,1,0,0,0,2,1,2,4.299100000000003,PMMG
2,6,379.3760000000001,19,28,17,5,4,0,0,0,1,2,0,3,2.510600000000001,PMMG
0,7,348.38700000000006,18,25,12,4,2,0,1,0,1,3,0,4,3.690080000000002,PMMG
1,5,410.35200000000003,18,29,17,4,4,3,0,0,2,1,0,2,2.386800000000001,PMMG
2,2,412.3310000000001,21,26,22,3,1,0,0,0,1,2,0,3,4.570800000000003,PMMG
2,3,400.4780000000001,21,29,27,5,2,1,0,0,1,3,0,2,2.4160000000000004,PMMG
2,6,408.48200000000026,22,30,26,5,3,0,0,0,3,2,0,3,1.5787999999999998,PMMG
1,3,452.2740000000001,20,28,17,3,1,3,0,0,1,2,0,3,4.727300000000003,PMMG
1,4,378.42800000000005,21,27,15,2,2,1,1,0,1,3,0,4,5.363300000000003,PMMG
2,5,297.31800000000004,15,22,15,5,2,0,0,0,1,2,0,3,1.3751399999999998,PMMG
3,5,386.4390000000002,21,29,20,7,1,0,0,0,0,4,0,3,2.37854,PMMG
0,5,367.49700000000024,21,27,29,5,1,0,0,0,2,2,0,2,2.754100000000001,PMMG
2,2,348.37700000000007,21,26,17,2,2,1,0,0,0,3,0,3,4.638720000000003,PMMG
1,4,398.797,21,28,14,1,4,1,0,1,0,3,0,3,4.195620000000003,PMMG
2,4,386.42600000000004,20,28,22,5,1,2,0,0,1,2,0,3,2.42544,PMMG
2,4,432.93200000000013,21,30,27,5,3,0,0,1,1,3,0,2,1.12602,PMMG
0,2,348.42100000000005,22,26,21,2,1,1,0,0,0,4,0,3,4.4524000000000035,PMMG
3,3,411.47700000000003,23,30,26,3,3,1,0,0,1,2,0,2,3.3565000000000014,PMMG
1,3,458.29900000000004,21,26,19,2,2,0,0,0,0,3,0,3,4.256700000000003,PMMG
1,4,460.34900000000016,21,28,18,1,4,0,1,0,0,3,0,3,4.851220000000004,PMMG
1,7,414.3470000000001,19,30,13,6,2,3,0,0,1,3,0,4,3.4902000000000015,PMMG
0,3,350.84900000000016,21,25,19,2,1,0,0,1,2,2,0,4,5.538640000000003,PMMG
1,4,384.38600000000014,20,28,18,4,2,2,0,0,0,4,0,3,2.4721200000000003,PMMG
0,4,379.84700000000015,21,27,18,3,2,0,0,1,0,4,0,3,3.2216000000000014,PMMG
1,4,421.4720000000001,24,31,24,3,3,1,0,0,1,3,0,3,3.500200000000002,PMMG
0,8,418.2310000000001,16,26,14,6,3,0,0,0,1,3,0,4,0.5563,PMMG
0,4,407.88100000000014,22,29,20,4,2,0,0,1,1,3,0,4,4.185720000000003,PMMG
2,4,396.487,23,29,28,2,4,0,0,0,0,2,1,2,3.2401000000000018,PMMG
1,3,380.8750000000001,22,27,21,2,2,0,0,1,0,3,0,3,5.635140000000004,PMMG
0,7,434.49700000000024,23,31,20,3,4,0,1,0,1,3,0,3,2.0910199999999994,PMMG
1,4,343.818,17,24,18,5,1,0,0,1,1,2,0,3,3.4776000000000016,PMMG
2,3,396.5550000000003,24,29,34,3,2,0,0,0,1,2,1,2,2.1700999999999997,PMMG
1,2,345.442,23,26,23,1,2,0,0,0,0,3,0,3,4.859320000000004,PMMG
3,5,418.25100000000015,17,26,16,5,3,0,0,0,2,1,0,3,2.4153399999999996,PMMG
1,5,458.48400000000026,24,33,25,4,2,3,0,0,1,3,0,3,4.661040000000004,PMMG
1,5,357.4170000000001,21,27,19,5,1,0,0,0,1,3,0,4,3.6149200000000015,PMMG
1,1,374.70900000000006,19,22,17,1,0,0,0,1,1,3,0,2,6.237420000000004,PMMG
2,4,423.5570000000003,25,31,33,3,3,0,0,0,0,2,1,2,3.8736600000000028,PMMG
1,3,351.42500000000007,21,26,22,3,1,1,0,0,1,3,0,3,2.11182,PMMG
1,6,405.45800000000014,22,30,23,5,3,0,0,0,2,2,0,3,3.692020000000002,PMMG
2,6,439.4680000000003,23,32,25,3,6,0,0,0,1,3,0,2,1.3757,PMMG
1,2,388.38900000000007,21,28,19,2,2,3,0,0,1,2,0,3,5.307000000000005,PMMG
3,6,441.53200000000027,23,32,31,5,4,0,0,0,2,2,0,2,2.5596200000000007,PMMG
0,4,383.8310000000002,21,27,18,1,4,0,0,1,0,2,0,2,4.308100000000004,PMMG
1,3,342.398,22,26,18,2,2,0,0,0,1,3,0,3,4.660300000000003,PMMG
0,4,288.253,15,21,10,2,2,2,0,0,0,3,0,3,1.9676,PMMG
2,3,382.5080000000001,22,28,30,4,2,0,0,0,2,2,0,2,2.922900000000001,PMMG
2,2,365.82000000000005,20,26,16,3,2,0,0,1,2,2,0,3,4.095400000000002,PMMG
0,2,334.20200000000006,17,22,13,1,2,0,0,2,0,3,0,2,3.9319000000000024,PMMG
2,4,381.3980000000001,19,27,22,3,2,3,0,0,1,1,1,1,3.4759,PMMG
2,5,443.5250000000003,22,31,25,3,5,0,1,0,1,2,0,2,2.624200000000001,PMMG
1,5,434.9070000000002,23,31,21,5,2,0,0,1,2,3,0,4,3.5545000000000018,REINVENT
2,3,422.4810000000002,23,30,19,2,3,1,1,0,1,3,0,3,4.302420000000002,REINVENT
0,3,309.38900000000007,19,23,21,2,2,0,0,0,0,4,0,2,2.960700000000001,REINVENT
1,4,430.8910000000001,25,31,19,2,3,0,0,1,0,4,0,3,4.743800000000004,REINVENT
1,3,408.52300000000014,23,29,24,2,3,0,1,0,0,3,0,3,4.770940000000004,REINVENT
1,4,409.5260000000003,25,30,31,1,4,0,0,0,1,3,0,2,3.788560000000003,REINVENT
4,3,353.446,20,26,25,4,2,0,0,0,0,3,0,2,0.6130000000000019,REINVENT
4,2,354.43400000000014,19,26,24,5,2,0,0,0,2,2,0,2,1.5750199999999999,REINVENT
2,3,329.306,17,24,13,3,2,2,0,0,0,3,0,2,2.0940000000000003,REINVENT
2,3,403.9100000000001,20,27,19,3,1,1,1,1,1,2,0,3,5.663720000000004,REINVENT
0,4,382.52900000000017,22,27,26,2,2,0,1,0,2,2,0,2,3.946620000000003,REINVENT
2,3,382.4670000000001,24,29,22,4,1,0,0,0,0,4,0,4,5.180900000000004,REINVENT
3,4,372.8760000000001,20,26,23,3,2,0,0,1,0,2,0,2,2.1942000000000004,REINVENT
1,8,521.6200000000005,26,36,23,3,5,0,2,0,2,3,1,2,3.3145000000000024,REINVENT
2,6,391.50000000000017,21,28,21,5,1,0,1,0,1,3,0,4,3.954360000000002,REINVENT
1,4,350.44300000000004,20,25,18,2,2,0,1,0,0,3,0,3,3.8708000000000027,REINVENT
1,4,454.5130000000002,23,32,31,3,3,3,0,0,0,2,1,1,3.369900000000002,REINVENT
2,3,437.3710000000002,21,29,26,4,2,0,0,2,1,2,0,2,4.135940000000003,REINVENT
1,4,391.4470000000003,23,29,23,2,4,0,0,0,1,3,0,2,2.65022,REINVENT
2,4,437.48600000000033,22,31,28,4,2,3,0,0,1,3,0,2,2.9666000000000015,REINVENT
4,5,365.41800000000006,18,26,15,5,2,0,1,0,2,2,0,4,3.3894,REINVENT
1,1,321.444,21,24,25,2,1,0,0,0,0,4,0,2,2.1445,REINVENT
0,4,339.4390000000001,20,25,25,3,2,0,0,0,1,2,0,2,3.9513000000000034,REINVENT
1,4,351.40200000000004,21,26,21,1,4,0,0,0,2,2,0,3,3.3184000000000022,REINVENT
1,4,424.35300000000007,19,27,19,3,2,0,1,2,2,1,0,2,4.848100000000003,REINVENT
0,4,382.8270000000001,20,27,17,3,3,0,0,1,0,3,0,2,2.3875200000000003,REINVENT
1,3,355.3880000000001,20,26,19,3,1,2,0,0,0,3,0,2,3.4828800000000024,REINVENT
1,3,443.0070000000004,26,31,33,1,3,0,0,1,0,4,0,2,5.183200000000006,REINVENT
1,4,381.5000000000002,22,28,29,4,2,0,0,0,2,2,0,2,2.1056,REINVENT
0,3,395.5430000000002,25,29,33,1,3,0,0,0,0,3,0,2,5.237800000000005,REINVENT
3,5,362.39300000000014,19,27,18,6,2,0,0,0,1,2,0,3,2.8901200000000005,REINVENT
1,3,361.4450000000001,22,27,23,3,2,0,0,0,0,3,0,2,3.3293000000000026,REINVENT
2,6,400.52900000000005,19,27,20,4,2,0,2,0,2,1,0,3,3.782420000000002,REINVENT
1,3,319.408,20,24,21,3,1,0,0,0,1,2,0,3,4.303840000000003,REINVENT
2,2,394.437,21,28,25,2,2,3,0,0,0,5,0,1,4.366600000000004,REINVENT
0,4,383.831,21,27,18,1,4,0,0,1,1,3,0,3,4.932400000000003,REINVENT
1,5,300.70500000000004,14,21,9,4,2,0,0,1,1,2,0,3,3.037300000000002,REINVENT
2,3,374.87200000000024,19,26,23,4,2,0,0,1,2,1,0,2,3.983220000000003,REINVENT
1,2,328.386,19,24,20,3,0,2,0,0,1,2,0,3,3.034200000000001,REINVENT
1,4,437.58400000000034,26,32,35,3,3,0,0,0,0,4,0,1,4.031100000000003,REINVENT
3,4,383.47200000000015,21,28,27,4,3,0,0,0,0,3,0,2,0.5262000000000017,REINVENT
2,5,352.41900000000004,18,25,16,4,2,0,1,0,1,2,0,3,3.0836200000000016,REINVENT
2,3,382.52900000000034,22,27,26,2,2,0,1,0,2,1,0,2,5.617320000000004,REINVENT
0,5,439.817,21,30,17,1,4,3,0,1,1,2,0,2,4.582500000000004,REINVENT
1,4,364.232,17,24,15,3,2,0,0,2,1,2,0,2,4.218620000000002,REINVENT
1,3,340.35400000000004,19,25,17,2,3,1,0,0,0,3,0,2,1.9698999999999998,REINVENT
0,3,321.44500000000005,20,23,19,1,1,0,1,0,1,2,0,3,4.899500000000003,REINVENT
2,2,303.4260000000001,18,22,27,2,2,0,0,0,1,1,1,1,1.1616000000000002,REINVENT
0,3,362.3070000000001,18,26,13,2,3,3,0,0,1,2,0,2,3.5092200000000027,REINVENT
0,5,319.31800000000004,14,22,11,2,5,0,1,0,0,2,0,2,3.1915000000000013,REINVENT
2,4,315.37300000000005,17,23,21,3,3,0,0,0,1,2,0,2,1.4036999999999995,REINVENT
2,4,302.334,14,21,11,4,1,1,1,0,2,1,0,3,3.2330200000000007,REINVENT
1,2,336.435,21,25,24,2,2,0,0,0,0,3,0,2,2.8977000000000013,REINVENT
2,6,415.42700000000013,19,29,17,3,6,0,1,0,1,2,0,3,3.803300000000002,REINVENT
2,2,406.59400000000016,26,30,36,3,1,0,0,0,0,3,0,2,2.5665200000000006,REINVENT
1,6,300.31800000000004,15,22,16,4,3,0,0,0,1,2,0,3,0.08372000000000002,REINVENT
0,4,410.5210000000002,26,31,26,4,1,0,0,0,1,3,0,4,5.1985000000000054,REINVENT
1,4,408.54200000000014,25,30,32,2,3,0,0,0,1,3,0,2,1.1323000000000016,REINVENT
1,5,354.38500000000005,19,26,19,4,2,1,0,0,1,2,0,3,3.417300000000001,REINVENT
2,2,326.44000000000005,20,24,26,2,2,0,0,0,0,3,0,2,3.926820000000003,REINVENT
2,3,355.48200000000026,21,26,29,3,2,0,0,0,1,1,0,2,4.218900000000003,REINVENT
0,6,385.8270000000001,20,27,18,2,4,0,0,1,0,3,0,3,2.0284999999999997,REINVENT
1,1,285.65199999999993,13,19,7,1,1,3,0,1,0,2,0,2,4.009600000000002,REINVENT
1,3,314.38500000000016,18,23,22,2,3,0,0,0,1,2,0,1,2.3692,REINVENT
2,2,396.5790000000002,24,29,36,4,1,0,0,0,0,3,0,2,1.742500000000001,REINVENT
1,3,340.3449999999999,17,24,19,2,2,3,0,0,0,2,0,1,4.284680000000003,REINVENT
1,4,380.5100000000002,19,26,28,2,4,0,1,0,0,3,0,1,1.2107000000000003,REINVENT
0,5,442.36400000000015,20,28,21,1,4,0,1,2,2,2,0,1,4.241000000000004,REINVENT
0,6,413.49900000000014,21,29,23,3,4,0,1,0,0,3,0,2,3.1679200000000014,REINVENT
2,1,345.291,16,24,14,2,1,5,0,0,0,2,0,2,2.5555000000000003,REINVENT
1,5,253.309,14,19,15,5,0,0,0,0,1,2,0,3,2.7931600000000003,REINVENT
1,7,407.2680000000002,17,25,19,4,3,0,0,0,0,3,0,2,2.2964,REINVENT
1,4,315.398,16,22,17,3,2,0,1,0,2,1,0,2,2.6794200000000004,REINVENT
1,2,290.366,19,22,18,2,1,0,0,0,0,3,0,3,4.610500000000004,REINVENT
0,6,414.4830000000002,21,29,22,2,5,0,1,0,1,2,0,2,2.9346200000000016,REINVENT
2,4,412.4800000000001,20,29,29,5,1,3,0,0,1,2,0,2,2.28454,REINVENT
1,6,384.5280000000002,21,28,32,6,1,0,0,0,1,2,0,2,1.6113600000000003,REINVENT
1,4,414.5950000000002,23,29,32,3,2,0,1,0,2,2,0,2,3.031600000000001,REINVENT
1,2,326.4600000000001,21,24,28,1,2,0,0,0,0,3,0,2,3.2410200000000016,REINVENT
1,7,345.3590000000001,16,25,19,5,4,0,0,0,2,1,0,2,-0.26490000000000036,REINVENT
0,4,366.8890000000001,19,25,27,2,3,0,0,1,0,3,0,1,3.373300000000002,REINVENT
1,3,322.40799999999996,20,24,22,2,2,0,0,0,0,2,0,2,3.3205800000000023,REINVENT
0,7,375.4820000000001,19,26,13,5,0,0,2,0,3,2,0,5,4.818900000000002,REINVENT
0,4,352.4340000000001,21,26,24,2,3,0,0,0,1,3,0,2,2.515600000000001,REINVENT
3,3,402.5590000000001,23,29,36,3,3,0,0,0,1,1,1,1,0.8938000000000031,REINVENT
1,4,280.259,16,21,10,1,4,0,0,0,2,1,0,3,1.7771,REINVENT
0,3,353.7560000000001,16,24,14,3,2,2,0,1,2,1,0,1,2.26628,REINVENT
1,4,313.40100000000007,18,23,23,3,2,0,0,0,1,2,0,2,3.386840000000002,REINVENT
0,9,441.85100000000017,21,31,18,4,5,0,0,1,1,3,0,3,2.1913,REINVENT
2,2,342.48300000000023,21,25,30,2,2,0,0,0,0,2,0,1,3.586500000000002,REINVENT
2,4,341.4150000000001,18,25,23,5,2,0,0,0,0,3,0,2,2.0009,REINVENT
1,4,365.4770000000001,22,27,27,3,2,0,0,0,2,2,0,3,3.5632600000000014,REINVENT
1,3,301.28800000000007,14,21,16,2,2,3,0,0,0,2,0,1,2.9388000000000005,REINVENT
1,5,386.546,19,26,22,4,1,0,2,0,2,1,0,3,4.729230000000004,REINVENT
2,3,268.27199999999993,15,20,12,2,3,0,0,0,1,2,0,3,2.0511000000000004,REINVENT
2,1,331.5480000000001,21,24,37,3,0,0,0,0,0,3,0,1,0.9785200000000025,REINVENT
2,4,304.301,15,22,15,3,3,1,0,0,1,1,0,2,1.0393999999999997,REINVENT
2,8,356.36700000000013,15,25,12,6,3,0,1,0,1,2,0,3,0.5671799999999996,REINVENT
1,2,268.35999999999996,17,20,20,2,1,0,0,0,0,3,0,2,3.2642000000000024,REINVENT
3,3,341.4550000000001,20,25,27,3,2,0,0,0,0,2,0,2,3.905000000000003,REINVENT
2,2,343.49100000000027,21,25,31,2,2,0,0,0,1,1,0,2,3.311700000000002,REINVENT
0,4,305.38100000000003,19,23,19,3,1,0,0,0,1,2,0,3,3.6452000000000018,REINVENT
2,2,358.50600000000026,21,26,32,3,2,0,0,0,1,2,0,1,1.169600000000001,REINVENT
1,5,288.3469999999999,16,21,20,2,3,0,0,0,1,1,1,2,3.153800000000001,REINVENT
2,2,314.4540000000001,18,22,22,2,1,0,1,0,2,1,0,2,4.043200000000003,REINVENT
4,3,379.4600000000001,22,28,25,3,3,0,0,0,1,2,0,3,3.158220000000001,REINVENT
3,7,327.4360000000002,17,24,25,7,0,0,0,0,1,2,0,2,2.9279200000000003,REINVENT
1,6,356.403,18,25,16,2,4,0,1,0,0,3,0,3,2.705400000000001,REINVENT
1,8,407.4780000000002,21,30,25,7,2,0,0,0,1,3,0,3,2.0370999999999997,REINVENT
1,4,357.4540000000001,19,25,20,3,1,1,1,0,1,2,0,3,3.7603200000000028,REINVENT
2,6,359.386,16,25,14,5,2,1,1,0,2,1,0,3,1.974899999999999,REINVENT
2,4,271.32399999999996,14,20,17,5,1,0,0,0,2,1,0,2,0.8343999999999996,REINVENT
0,5,319.455,15,21,17,3,1,0,2,0,1,2,0,2,3.1720000000000024,REINVENT
3,3,375.5130000000002,21,27,33,3,3,0,0,0,0,1,1,1,3.1561000000000012,REINVENT
1,5,316.43000000000006,16,22,20,4,1,0,1,0,1,4,0,1,3.1040800000000015,REINVENT
1,2,313.31899999999996,16,22,18,1,2,3,0,0,0,2,0,1,3.8853200000000028,REINVENT
3,3,337.301,16,24,14,3,2,3,0,0,0,2,0,2,3.889400000000002,REINVENT
1,0,264.408,17,19,27,1,0,1,0,0,0,1,1,1,3.0210000000000017,REINVENT
2,4,376.27900000000005,16,22,14,3,1,0,1,0,1,2,0,3,5.069220000000002,REINVENT
0,4,285.3470000000001,16,21,19,3,2,0,0,0,0,3,0,2,1.655,REINVENT
1,5,349.45600000000013,17,24,23,3,3,0,1,0,3,0,0,1,2.3242200000000004,REINVENT
1,3,399.55900000000014,23,29,35,4,2,0,0,0,2,2,0,1,0.5657000000000048,REINVENT
1,3,331.417,17,23,19,2,3,0,1,0,0,2,0,2,3.4665000000000017,REINVENT
0,1,299.801,18,21,18,1,1,0,0,1,1,2,0,2,4.170320000000003,REINVENT
2,5,321.4260000000001,15,22,21,4,2,0,1,0,2,1,0,2,2.0879199999999996,REINVENT
3,1,327.496,20,24,31,4,0,0,0,0,0,2,0,1,1.7273800000000006,REINVENT
1,3,315.373,17,23,21,3,3,0,0,0,1,1,1,1,1.1640000000000004,REINVENT
2,3,366.87,17,24,19,2,3,0,1,1,0,2,0,2,3.384920000000002,REINVENT
1,4,374.5060000000002,20,26,26,2,3,0,1,0,1,2,0,2,3.076200000000002,REINVENT
1,5,391.53700000000026,20,27,29,3,3,0,1,0,3,0,0,1,3.070100000000002,REINVENT
1,6,314.37000000000006,15,22,14,4,2,0,1,0,2,1,0,3,2.936700000000001,REINVENT
1,2,364.57400000000024,22,26,40,2,2,0,0,0,0,1,0,0,4.524800000000004,REINVENT
1,2,356.3630000000002,18,25,20,2,1,4,0,0,0,2,0,1,4.771800000000003,REINVENT
1,2,344.84200000000004,19,24,21,2,2,0,0,1,0,2,0,2,4.025720000000002,REINVENT
1,4,316.35400000000004,13,21,17,2,4,1,1,0,0,1,0,1,2.4468000000000005,REINVENT
2,4,349.43800000000005,20,26,23,5,1,0,0,0,1,2,0,3,3.3191000000000015,REINVENT
1,6,369.8740000000001,16,24,20,3,3,0,1,1,2,1,0,2,2.2627000000000006,REINVENT
1,2,316.4450000000001,19,23,28,2,2,0,0,0,1,2,0,1,4.120400000000004,REINVENT
2,3,291.371,16,21,23,2,3,0,0,0,0,2,0,1,1.6024999999999998,REINVENT
1,2,311.38500000000005,18,23,21,3,2,0,0,0,1,2,0,2,2.22974,REINVENT
2,2,228.295,14,17,16,2,1,0,0,0,1,1,1,2,2.0225999999999997,REINVENT
2,4,361.5110000000002,19,25,27,3,2,0,1,0,1,4,0,1,3.3651000000000018,REINVENT
1,4,345.4470000000002,18,25,27,5,2,0,0,0,2,1,1,1,1.6791999999999998,REINVENT
2,5,392.50700000000006,22,29,28,6,1,0,0,0,2,1,0,3,3.6879000000000026,REINVENT
2,2,322.8360000000002,17,22,23,2,2,0,0,1,0,2,0,1,3.9986000000000033,REINVENT
1,2,303.42600000000004,18,22,27,2,2,0,0,0,2,1,0,1,1.5027999999999997,REINVENT
1,5,358.391,15,24,19,2,5,1,1,0,0,2,0,1,1.6416,REINVENT
2,5,355.759,13,23,10,3,5,0,1,1,0,2,0,2,2.1479,REINVENT
2,4,321.4040000000001,19,24,21,4,1,0,0,0,1,2,0,3,2.249200000000001,REINVENT
2,0,364.5770000000003,25,27,36,2,0,0,0,0,0,2,0,2,3.2028000000000016,REINVENT
1,3,276.723,14,19,13,2,2,0,0,1,0,2,0,2,1.9096,REINVENT
2,2,330.35,16,23,21,2,2,3,0,0,1,0,1,0,3.396300000000001,REINVENT
2,4,334.41600000000005,18,24,26,2,4,0,0,0,0,2,0,1,3.1973200000000013,REINVENT
0,3,359.6840000000002,16,22,17,2,1,0,0,3,1,2,0,2,5.337700000000003,REINVENT
2,3,330.43299999999994,17,23,20,3,2,0,1,0,2,1,0,2,1.106899999999999,REINVENT
2,3,322.38800000000003,19,24,20,3,2,0,0,0,1,2,0,3,2.2384000000000004,REINVENT
0,2,305.48700000000014,18,21,27,1,1,0,1,0,1,2,0,1,4.454500000000004,REINVENT
1,8,373.4570000000001,19,27,27,5,3,0,0,0,2,1,0,2,1.8431999999999997,REINVENT
1,3,364.57900000000024,20,25,34,3,1,0,1,0,1,1,1,1,2.7585000000000006,REINVENT
2,4,329.35600000000017,17,24,19,3,4,0,0,0,1,2,0,2,1.2019999999999997,REINVENT
1,3,370.4930000000001,22,27,30,2,3,0,0,0,2,1,0,1,3.6414000000000026,REINVENT
1,5,375.45000000000005,18,26,21,3,4,0,1,0,1,1,0,2,2.7530800000000006,REINVENT
2,5,412.89500000000015,18,27,21,2,5,0,1,1,0,2,0,2,3.2962000000000016,REINVENT
2,4,420.48000000000013,22,30,28,3,3,2,0,0,0,3,0,2,1.9442200000000003,REINVENT
1,5,340.452,18,24,20,4,1,0,1,0,2,1,0,3,3.907600000000002,REINVENT
2,4,292.1620000000001,12,18,15,1,3,0,0,2,0,2,0,1,1.6774,REINVENT
2,3,346.49500000000023,20,25,32,3,2,0,0,0,0,3,0,1,0.2626000000000029,REINVENT
2,3,362.5420000000002,20,26,36,5,1,0,0,0,1,2,0,1,0.8458200000000018,REINVENT
3,4,382.50600000000003,18,26,28,3,4,0,1,0,0,2,0,1,0.6874000000000005,REINVENT
1,2,368.54100000000005,24,27,34,1,2,0,0,0,1,2,0,2,4.001300000000002,REINVENT
1,3,332.444,19,24,28,2,3,0,0,0,0,1,1,1,2.9963000000000015,REINVENT
1,4,345.51200000000017,19,24,27,3,1,0,1,0,1,2,0,2,4.404200000000004,REINVENT
3,4,335.795,15,23,18,5,2,0,0,1,1,1,0,2,2.2788000000000004,REINVENT
2,2,357.30500000000006,17,23,24,3,1,0,0,2,0,3,0,1,2.0734000000000004,REINVENT
2,5,305.45000000000005,16,22,29,6,0,0,0,0,0,1,0,1,1.025800000000001,REINVENT
3,2,388.57600000000025,23,28,38,3,2,0,0,0,0,3,0,1,1.7165000000000006,REINVENT
2,2,254.33299999999997,16,19,18,2,1,0,0,0,0,2,0,2,3.1485200000000004,REINVENT
2,2,301.3900000000001,17,22,23,3,2,0,0,0,0,3,0,1,1.970899999999999,REINVENT
0,3,359.19800000000004,17,22,12,2,1,1,0,0,1,2,0,3,4.732400000000003,REINVENT
1,4,359.46999999999997,20,26,29,3,3,0,0,0,1,1,1,1,1.9284999999999994,REINVENT
1,1,263.38,16,19,24,2,0,1,0,0,1,2,0,1,1.9844999999999995,REINVENT
1,2,307.39700000000005,19,23,21,3,1,0,0,0,0,2,0,2,4.027680000000003,REINVENT
1,3,285.41499999999996,17,21,25,4,0,0,0,0,1,1,0,2,2.0794999999999995,REINVENT
2,3,285.372,15,20,15,3,1,0,1,0,2,1,0,2,2.9426000000000014,REINVENT
1,4,422.5720000000002,20,28,26,2,4,0,2,0,0,3,0,2,2.7707000000000006,REINVENT
2,6,271.276,14,20,13,3,3,0,0,0,2,1,0,3,2.9557200000000003,REINVENT
2,5,302.35900000000004,14,21,14,4,2,0,1,0,0,2,0,2,1.7336999999999998,REINVENT
1,3,333.43500000000006,21,25,23,3,1,0,0,0,0,2,0,2,3.622080000000003,REINVENT
1,5,316.3570000000001,17,23,20,2,4,0,0,0,0,2,0,2,3.4628000000000023,REINVENT
1,8,325.3020000000001,12,22,11,3,6,0,1,0,2,1,0,2,0.13180000000000014,REINVENT
0,8,307.427,13,21,21,7,0,0,1,0,2,1,0,2,1.3076199999999998,REINVENT
0,6,378.88500000000016,17,25,19,4,2,0,1,1,1,2,0,2,2.851300000000001,REINVENT
1,1,271.335,17,20,18,1,1,1,0,0,0,2,0,2,3.879100000000003,REINVENT
1,1,329.5280000000001,22,24,35,1,1,0,0,0,0,1,0,1,5.3472400000000055,REINVENT
3,6,431.32000000000016,18,28,24,4,4,0,0,2,1,1,0,2,2.537000000000001,REINVENT
3,2,293.435,16,21,29,4,1,0,0,0,1,1,0,1,1.4551,REINVENT
3,4,357.45800000000014,19,26,27,5,2,0,0,0,1,1,0,2,2.899700000000001,REINVENT
1,4,352.31600000000014,16,25,15,4,2,3,0,0,0,2,0,2,2.7533000000000003,REINVENT
0,4,304.39,17,22,24,2,3,0,0,0,1,2,0,1,1.9128999999999992,REINVENT
0,8,378.57100000000014,17,25,26,6,0,0,2,0,4,0,0,2,4.089700000000003,REINVENT
0,7,372.4680000000001,15,24,20,2,5,0,2,0,0,2,0,2,0.6218000000000004,REINVENT
0,3,322.4930000000001,19,23,34,2,2,0,0,0,0,3,0,0,2.773600000000001,REINVENT
1,3,318.804,17,22,19,2,2,0,0,1,0,2,0,2,4.0500000000000025,REINVENT
0,5,334.41600000000005,18,24,26,2,4,0,0,0,2,1,0,1,3.527000000000003,REINVENT
2,4,330.409,17,23,18,2,3,0,1,0,2,1,0,3,3.568100000000002,REINVENT
3,1,378.434,18,26,28,3,1,4,0,0,0,1,0,1,2.5946000000000007,REINVENT
2,3,332.42400000000015,18,24,26,3,3,0,0,0,1,2,0,1,-0.014499999999998625,REINVENT
2,3,274.344,15,20,20,3,2,0,0,0,1,1,1,2,0.8683199999999998,REINVENT
2,3,394.5610000000002,20,27,32,3,3,0,1,0,1,2,0,1,0.9760000000000015,REINVENT
1,3,325.4080000000002,20,24,23,1,3,0,0,0,1,2,0,2,4.320700000000003,REINVENT
2,4,367.2360000000001,16,24,16,4,2,0,0,2,1,1,0,2,2.8835000000000006,REINVENT
2,2,302.466,18,22,30,4,0,0,0,0,2,1,0,2,0.840600000000002,REINVENT
0,4,240.262,14,18,12,2,2,0,0,0,1,2,0,3,2.3462199999999998,REINVENT
0,6,392.2160000000001,14,24,11,1,6,0,1,2,0,2,0,2,3.9863200000000028,REINVENT
1,4,263.3409999999999,14,19,21,3,2,0,0,0,1,1,0,1,2.6401000000000003,REINVENT
3,3,321.44500000000016,17,23,29,4,2,0,0,0,2,1,0,1,0.7329400000000017,REINVENT
1,3,277.34400000000005,15,20,21,2,3,0,0,0,0,3,0,1,0.5503,REINVENT
1,2,275.41599999999994,17,20,27,2,1,0,0,0,1,2,0,1,2.2622999999999998,REINVENT
1,6,326.356,17,24,18,4,3,0,0,0,1,2,0,3,0.5170999999999997,REINVENT
2,3,302.39900000000017,16,21,18,2,2,0,1,0,2,1,0,2,3.6339200000000016,REINVENT
1,3,333.476,19,24,31,3,2,0,0,0,2,1,0,1,2.975200000000002,REINVENT
1,3,299.4420000000001,18,22,27,4,0,0,0,0,1,2,0,2,1.9809999999999992,REINVENT
2,4,317.413,17,23,25,4,2,0,0,0,1,2,0,1,-0.48469999999999724,REINVENT
2,5,347.86400000000015,15,22,22,1,4,0,1,1,0,2,0,1,1.5206000000000002,REINVENT
1,3,316.42100000000016,19,23,26,1,3,0,0,0,0,2,0,1,1.9886199999999992,REINVENT
2,5,369.4930000000001,20,27,29,6,1,0,0,0,3,1,0,3,1.4955999999999996,REINVENT
2,1,344.523,21,25,34,3,1,0,0,0,2,1,0,1,2.770600000000001,REINVENT
0,3,308.381,19,23,20,2,2,0,0,0,0,2,0,2,3.3510800000000023,REINVENT
1,3,322.817,15,21,15,2,2,0,1,1,0,2,0,2,3.7100000000000026,REINVENT
2,4,335.47300000000007,17,23,25,3,2,0,1,0,0,2,0,1,2.016499999999999,REINVENT
1,5,396.341,14,26,13,4,2,5,1,0,1,1,0,2,1.4271999999999998,REINVENT
1,5,344.4840000000002,18,24,24,4,1,0,1,0,1,1,1,2,3.1876000000000015,REINVENT
1,3,284.3390000000001,16,21,18,3,2,0,0,0,2,1,0,3,2.2585999999999995,REINVENT
2,7,318.362,13,22,14,6,2,0,1,0,1,1,0,2,0.7661999999999994,REINVENT
2,2,345.50700000000023,21,25,33,2,2,0,0,0,0,3,0,1,1.7652999999999999,REINVENT
0,4,313.4010000000001,18,23,23,3,2,0,0,0,1,2,0,2,3.1731000000000016,REINVENT
1,1,308.8040000000001,17,21,20,1,1,1,0,1,1,1,0,2,3.903640000000003,REINVENT
0,5,346.43300000000005,16,23,14,2,3,0,2,0,1,1,0,2,2.766180000000001,REINVENT
1,2,305.44199999999995,17,21,22,2,0,1,1,0,2,1,0,2,3.5513200000000023,REINVENT
1,7,398.4850000000003,17,27,26,4,5,0,1,0,2,1,0,0,-0.49029999999999707,REINVENT
1,4,290.36300000000006,16,21,22,2,3,0,0,0,1,2,0,1,1.8866999999999998,REINVENT
1,1,328.431,20,24,25,2,1,1,0,0,0,2,0,2,4.378500000000003,REINVENT
3,4,321.357,15,23,21,4,4,0,0,0,1,1,0,1,-0.8662999999999972,REINVENT
3,3,291.351,15,21,21,3,3,0,0,0,0,1,0,1,0.8776199999999998,REINVENT
1,4,263.365,14,19,23,4,1,0,0,0,1,2,0,1,0.5928999999999993,REINVENT
2,2,278.205,11,19,10,2,2,4,0,0,0,1,0,1,1.2382999999999995,REINVENT
0,4,377.234,18,23,17,0,4,0,0,0,0,2,0,2,4.475200000000003,REINVENT
0,2,292.3450000000001,14,20,23,2,1,3,0,0,1,1,0,0,2.8058000000000014,REINVENT
2,4,307.44300000000004,15,21,23,4,1,0,1,0,2,0,1,2,2.361319999999999,REINVENT
1,4,360.4980000000002,21,26,32,2,3,0,0,0,0,3,0,1,3.159600000000002,REINVENT
1,3,294.35400000000004,18,22,18,2,2,0,0,0,0,2,0,2,3.446600000000002,REINVENT
0,3,287.2850000000001,13,20,16,3,1,3,0,0,0,1,0,1,2.898500000000001,REINVENT
1,5,324.4500000000001,15,22,24,4,2,0,1,0,1,2,0,1,1.8003,REINVENT
2,3,331.46000000000004,19,24,29,3,2,0,0,0,0,2,0,1,2.323999999999999,REINVENT
2,4,340.47200000000004,19,24,22,3,1,0,1,0,0,3,0,3,2.1533,REINVENT
1,3,265.263,13,19,13,3,1,2,0,0,1,1,0,2,2.9945000000000013,REINVENT
1,5,370.4710000000001,17,25,26,2,5,0,1,0,0,2,0,1,0.9975199999999997,REINVENT
1,3,285.367,17,21,21,2,2,0,0,0,1,2,0,2,1.7198999999999998,REINVENT
1,4,311.40700000000004,14,21,21,3,3,0,1,0,0,2,0,1,1.3085399999999996,REINVENT
2,3,263.337,15,19,21,1,3,0,0,0,1,1,0,1,1.8283,REINVENT
2,3,288.34700000000004,16,21,20,2,3,0,0,0,1,1,0,2,2.1698999999999993,REINVENT
2,6,274.11100000000005,9,17,9,5,1,0,0,2,1,1,0,2,2.4490000000000003,REINVENT
1,5,342.42000000000013,18,24,18,2,3,0,1,0,1,1,0,2,4.090500000000003,REINVENT
1,3,256.30499999999995,15,19,16,2,2,0,0,0,1,1,0,2,1.9849999999999999,REINVENT
1,5,447.7750000000001,17,27,17,4,2,0,1,3,0,2,0,1,4.279580000000004,REINVENT
1,3,258.34499999999997,15,19,20,3,1,0,0,0,2,1,0,2,1.8191,REINVENT
1,4,494.2800000000001,15,25,21,1,4,0,2,2,0,2,0,1,2.1998000000000006,REINVENT
2,6,311.754,11,20,10,5,2,0,1,1,1,1,0,2,1.1498199999999996,REINVENT
1,2,346.323,16,21,21,1,1,0,1,2,0,2,0,1,5.170500000000004,REINVENT
3,5,329.19100000000003,12,21,14,6,1,0,0,2,1,1,0,2,0.14911999999999992,REINVENT
1,8,456.53900000000027,25,33,32,2,6,0,0,0,0,2,0,1,4.051900000000003,REINVENT
2,3,280.39200000000005,15,20,26,3,2,0,0,0,1,1,0,1,1.14094,REINVENT
1,5,318.43500000000006,15,21,26,0,5,0,1,0,1,2,0,0,1.1446999999999996,REINVENT
1,2,338.4920000000002,18,23,27,2,1,1,1,0,1,1,0,1,4.449900000000004,REINVENT
2,3,308.47,17,22,32,4,1,0,0,0,1,1,1,1,0.4955000000000026,REINVENT
1,2,273.425,16,19,21,2,0,0,1,0,1,1,0,2,3.100620000000002,REINVENT
2,3,290.241,12,20,13,2,3,3,0,0,0,1,0,1,2.5471000000000004,REINVENT
1,2,251.688,13,17,11,1,1,1,0,1,0,2,0,2,3.1502000000000017,REINVENT
3,3,320.311,14,22,19,2,3,3,0,0,0,1,0,1,3.1137000000000015,REINVENT
2,5,405.5830000000002,23,29,39,3,3,0,0,0,0,2,0,0,3.307480000000002,REINVENT
1,4,329.469,18,23,23,3,1,0,1,0,1,2,0,2,3.7633000000000028,REINVENT
1,4,332.8530000000001,14,21,21,2,3,0,1,1,0,2,0,1,2.5005000000000006,REINVENT
0,5,338.42400000000004,18,24,28,1,5,0,0,0,0,2,0,0,1.1246000000000005,REINVENT
2,2,296.82200000000006,15,20,23,3,1,0,0,1,0,1,1,1,1.0561000000000005,REINVENT
2,4,276.25800000000004,12,19,15,2,2,3,0,0,1,1,0,1,2.7854,REINVENT
1,2,338.39799999999997,18,24,24,2,2,2,0,0,0,2,0,1,3.9098200000000034,REINVENT
1,4,271.276,14,20,13,3,3,0,0,0,1,1,0,1,0.5584799999999994,REINVENT
2,5,341.33700000000005,15,24,18,5,1,3,0,0,1,1,0,2,1.6776000000000002,REINVENT
1,4,318.37300000000005,17,23,22,2,4,0,0,0,1,1,0,1,1.6039999999999994,REINVENT
0,4,298.38599999999997,18,22,22,2,2,0,0,0,0,2,0,1,2.5439000000000007,REINVENT
1,7,279.373,11,19,17,7,0,0,1,0,3,0,0,2,2.0680199999999997,REINVENT
2,2,227.267,13,17,13,3,1,0,0,0,0,2,0,2,1.8393,REINVENT
1,2,230.28600000000003,14,17,15,2,0,1,0,0,0,2,0,2,3.7022200000000023,REINVENT
1,6,335.45200000000006,17,24,29,5,2,0,0,0,0,2,0,1,1.4758999999999995,REINVENT
0,5,262.241,13,19,12,1,5,0,0,0,1,1,0,1,-0.5623999999999993,REINVENT
0,3,298.408,14,20,22,2,3,0,1,0,0,2,0,1,1.5838,REINVENT
2,4,293.32300000000004,14,21,19,3,4,0,0,0,2,0,0,1,0.8796199999999996,REINVENT
1,4,292.3350000000001,15,21,20,2,4,0,0,0,1,1,0,1,3.5123000000000024,REINVENT
2,2,336.5440000000002,20,24,38,3,1,0,0,0,0,3,0,0,1.6030000000000009,REINVENT
2,3,331.243,15,21,20,2,2,0,0,2,1,1,0,1,2.8012000000000006,REINVENT
1,2,291.46,17,20,25,1,1,0,1,0,0,2,0,1,4.173720000000003,REINVENT
3,5,363.4580000000002,19,26,29,3,4,0,0,0,0,2,0,1,-1.6663799999999955,REINVENT
2,5,296.371,14,21,24,4,3,0,0,0,1,1,0,1,1.4953999999999998,REINVENT
2,1,262.417,17,19,28,1,1,0,0,0,0,1,1,1,2.857000000000001,REINVENT
1,5,317.798,12,20,16,3,3,0,1,1,1,1,0,1,1.1320000000000001,REINVENT
1,3,311.4260000000001,16,22,29,3,3,0,0,0,1,1,0,0,2.2947999999999995,REINVENT
1,3,294.806,15,20,21,3,1,0,0,1,1,1,0,2,2.633800000000001,REINVENT
2,4,244.298,13,18,16,4,1,0,0,0,1,1,0,2,2.2984999999999998,REINVENT
2,2,393.7420000000001,17,24,23,2,2,0,0,3,0,1,0,1,4.244800000000003,REINVENT
1,4,249.289,13,18,16,3,1,1,0,0,0,2,0,2,2.2830000000000004,REINVENT
2,3,349.8860000000001,18,24,26,4,1,0,0,1,1,1,0,2,1.7635199999999993,REINVENT
2,6,335.4820000000001,14,22,19,6,0,0,2,0,2,1,0,3,1.3630399999999996,REINVENT
2,5,289.359,15,21,21,4,2,0,0,0,1,2,0,2,1.1310999999999996,REINVENT
0,6,424.49700000000024,24,31,28,2,5,0,0,0,1,2,1,1,4.899700000000005,REINVENT
2,1,243.37399999999994,16,18,23,2,0,0,0,0,0,1,1,1,2.2706,REINVENT
1,5,359.282,14,22,16,4,1,0,1,2,1,1,0,2,3.321720000000002,REINVENT
2,3,343.55700000000013,18,23,35,2,2,0,1,0,1,1,0,1,2.535920000000001,REINVENT
1,6,374.29700000000014,14,23,17,5,1,0,1,2,1,1,0,2,3.3660000000000014,REINVENT
1,1,239.38299999999992,14,17,27,2,1,0,0,0,1,1,0,0,1.2931999999999992,REINVENT
1,5,294.76000000000005,10,18,15,2,4,0,1,1,0,1,0,1,0.26080000000000014,REINVENT
1,6,280.328,13,20,20,4,3,0,0,0,1,1,0,1,0.3720999999999992,REINVENT
1,2,327.492,21,24,31,2,1,0,0,0,2,1,0,2,3.2512000000000025,REINVENT
4,3,403.0930000000001,13,23,15,3,3,0,0,4,0,1,0,1,4.0420000000000025,REINVENT
0,5,266.414,13,18,22,4,0,0,1,0,2,1,0,1,3.460600000000002,REINVENT
2,2,298.33299999999997,15,21,20,2,2,2,0,0,0,1,0,1,2.1960000000000006,REINVENT
3,3,251.286,12,18,17,3,3,0,0,0,0,1,0,1,0.3681999999999998,REINVENT
1,8,324.387,12,21,12,4,3,0,2,0,2,1,0,3,1.8365999999999996,REINVENT
1,3,263.33699999999993,15,19,21,1,3,0,0,0,1,1,0,1,2.6964000000000006,REINVENT
1,4,367.0810000000001,10,19,11,1,3,0,1,4,0,1,0,1,3.238400000000002,REINVENT
1,3,250.34599999999998,13,18,22,4,1,0,0,0,1,1,0,1,2.0462000000000002,REINVENT
2,1,251.325,14,18,20,2,1,1,0,0,1,1,0,1,0.4801999999999998,REINVENT
2,5,287.323,14,21,17,5,2,0,0,0,1,1,0,2,0.4010999999999998,REINVENT
0,4,367.2280000000001,18,24,16,0,4,0,0,2,1,2,0,2,4.227520000000004,REINVENT
1,4,303.79200000000003,11,18,10,1,3,0,2,1,1,1,0,2,3.2109000000000014,REINVENT
2,4,331.339,15,23,21,2,4,2,0,0,1,1,0,1,0.7022999999999995,REINVENT
2,3,282.389,13,19,20,3,2,0,1,0,0,2,0,1,2.7495200000000004,REINVENT
2,4,316.448,13,20,20,2,3,0,2,0,1,0,1,1,1.8185000000000002,REINVENT
1,3,310.394,15,21,19,2,2,1,1,0,0,2,0,1,2.4251000000000005,REINVENT
1,3,302.4400000000001,14,20,26,2,3,0,1,0,0,2,0,0,1.7836999999999998,REINVENT
1,4,344.50300000000016,20,25,32,4,1,0,0,0,1,1,0,1,4.2548800000000035,REINVENT
2,3,343.374,15,23,16,3,1,3,1,0,1,1,0,1,3.982680000000002,REINVENT
1,2,278.416,17,20,28,1,2,0,0,0,0,2,0,1,2.7628000000000013,REINVENT
2,2,279.42800000000005,16,20,29,3,1,0,0,0,1,2,0,1,-0.15837999999999708,REINVENT
0,3,203.289,12,15,17,3,0,0,0,0,1,1,0,2,2.803140000000001,REINVENT
1,5,273.123,10,17,10,4,1,0,0,2,1,1,0,2,2.18612,REINVENT
2,6,338.4580000000001,14,22,18,4,2,0,2,0,2,0,0,2,2.36142,REINVENT
1,4,374.5250000000002,22,27,34,2,3,0,0,0,1,2,0,1,0.8731000000000022,REINVENT
2,4,277.20199999999994,10,19,10,3,3,3,0,0,0,1,0,1,2.1507999999999994,REINVENT
1,6,321.28,11,21,10,3,3,3,1,0,2,0,0,2,2.40862,REINVENT
1,3,286.375,17,21,22,2,2,0,0,0,1,1,0,1,2.5115000000000007,REINVENT
0,5,213.24400000000006,11,16,11,5,0,0,0,0,1,1,0,2,1.49978,REINVENT
2,5,265.361,13,19,23,5,1,0,0,0,1,1,0,1,1.3103999999999996,REINVENT
1,5,356.8310000000001,15,23,17,2,4,0,1,1,0,2,0,1,1.8464999999999996,REINVENT
2,3,287.384,16,20,17,1,2,0,1,0,0,2,0,2,3.5559200000000013,REINVENT
2,4,259.313,13,19,17,5,1,0,0,0,1,1,0,2,1.7536399999999999,REINVENT
0,5,316.188,13,20,15,3,2,0,0,2,1,1,0,2,2.2064000000000004,REINVENT
2,4,347.54500000000013,17,23,35,2,3,0,1,0,1,0,1,0,0.592000000000001,REINVENT
2,3,299.798,14,19,15,1,1,1,1,1,1,1,0,2,3.924800000000002,REINVENT
2,0,248.41399999999996,16,18,28,2,0,0,0,0,0,2,0,1,0.6870000000000003,REINVENT
2,3,294.42,15,20,22,2,2,0,1,0,0,2,0,1,2.484800000000001,REINVENT
2,4,318.4190000000002,13,21,24,3,4,0,1,0,0,1,0,0,-0.13049999999999895,REINVENT
1,7,249.27800000000002,10,18,15,7,1,0,0,0,1,1,0,1,-0.26490000000000014,REINVENT
0,2,223.679,12,15,12,0,2,0,0,1,1,1,0,1,1.8548,REINVENT
1,2,275.441,16,19,23,2,0,0,1,0,1,1,0,2,2.7467000000000015,REINVENT
1,7,336.4650000000001,15,23,24,6,1,0,1,0,2,0,0,2,1.8334599999999994,REINVENT
1,7,324.38700000000006,12,21,12,4,3,0,2,0,1,1,0,2,2.8756200000000014,REINVENT
1,1,217.18999999999994,10,15,10,1,1,3,0,0,0,1,0,1,3.0539000000000005,REINVENT
1,5,364.25000000000006,14,22,15,1,4,0,1,2,1,1,0,1,3.2619000000000016,REINVENT
2,2,290.4070000000001,17,21,26,2,2,0,0,0,0,2,0,1,3.3595000000000024,REINVENT
2,2,278.44399999999996,16,20,30,4,0,0,0,0,0,2,0,1,0.7741200000000006,REINVENT
2,6,324.4060000000001,14,22,20,4,3,0,1,0,0,2,0,1,0.4384999999999995,REINVENT
3,1,283.46000000000004,16,20,33,3,1,0,0,0,0,1,1,0,-0.24929999999999675,REINVENT
1,6,463.4080000000002,18,28,20,2,4,0,2,2,1,1,0,1,4.165700000000005,REINVENT
1,5,261.325,14,19,19,3,2,0,0,0,1,1,0,2,3.176560000000002,REINVENT
2,6,280.675,10,19,9,6,2,0,0,1,1,1,0,2,-0.06170000000000031,REINVENT
2,4,294.4,14,20,20,3,2,0,1,0,1,1,0,1,0.5881800000000004,REINVENT
0,2,303.4460000000001,19,22,29,1,2,0,0,0,0,2,0,1,3.672900000000003,REINVENT
1,3,266.40899999999993,15,19,28,3,1,0,0,0,1,1,0,1,2.034,REINVENT
1,4,348.4680000000002,18,24,24,2,3,0,1,0,1,1,0,1,2.971400000000002,REINVENT
2,5,297.399,15,21,27,3,3,0,0,0,0,1,0,0,2.3768000000000002,REINVENT
1,2,262.42100000000005,16,19,28,3,0,0,0,0,0,2,0,1,1.3047000000000004,REINVENT
1,2,282.746,14,19,16,2,1,1,0,1,0,1,0,1,3.2485800000000022,REINVENT
1,7,282.735,11,19,15,6,1,0,0,1,1,1,0,2,1.67052,REINVENT
0,7,377.39200000000005,14,25,18,5,2,3,1,0,1,1,0,2,1.2166,REINVENT
3,4,386.45500000000015,23,29,22,4,2,0,0,0,0,4,0,3,3.444700000000001,SMILES_GA
2,5,435.5740000000002,23,30,21,3,2,0,2,0,1,4,0,2,3.2088900000000025,SMILES_GA
2,3,387.4830000000001,24,29,25,3,2,0,0,0,0,4,0,2,3.4490000000000016,SMILES_GA
0,4,388.46700000000016,24,29,24,2,3,0,0,0,1,4,0,3,4.498320000000004,SMILES_GA
0,5,389.45500000000015,23,29,23,3,3,0,0,0,1,4,0,3,3.893320000000003,SMILES_GA
1,4,408.5230000000002,23,29,24,2,3,0,1,0,1,4,0,2,4.054300000000003,SMILES_GA
2,3,393.4870000000002,23,29,27,3,3,0,0,0,2,2,0,1,3.5546000000000024,SMILES_GA
0,5,409.5110000000002,22,29,23,3,3,0,1,0,1,4,0,2,3.1728200000000015,SMILES_GA
3,2,375.831,19,26,19,3,2,1,0,1,0,2,0,2,4.539400000000003,SMILES_GA
2,3,476.31400000000014,21,27,21,2,3,0,0,0,0,3,0,3,3.368400000000002,SMILES_GA
1,4,348.40200000000016,21,26,20,2,3,0,0,0,1,5,0,1,3.084900000000001,SMILES_GA
3,2,377.84700000000004,19,26,21,3,2,1,0,1,0,2,0,1,3.972800000000003,SMILES_GA
2,5,358.32500000000005,18,26,15,2,5,1,0,0,2,2,0,2,2.2282199999999994,SMILES_GA
3,4,477.3020000000001,20,27,20,3,3,0,0,0,0,3,0,3,2.4829000000000008,SMILES_GA
2,5,358.32500000000005,18,26,15,2,5,1,0,0,2,2,0,2,2.43332,SMILES_GA
1,5,415.51800000000014,24,30,21,3,2,0,1,0,1,4,0,3,4.337900000000004,SMILES_GA
2,5,356.3090000000001,18,26,13,2,5,1,0,0,2,2,0,3,2.6838200000000008,SMILES_GA
1,4,346.3860000000001,21,26,18,2,3,0,0,0,1,5,0,2,3.076500000000001,SMILES_GA
1,5,436.60200000000015,24,30,24,2,2,0,2,0,0,4,0,3,5.056400000000005,SMILES_GA
2,3,556.8570000000001,21,30,22,4,2,0,1,1,1,2,0,2,3.828540000000002,SMILES_GA
2,4,401.4920000000002,21,27,26,2,2,0,1,0,2,2,0,2,2.5173300000000003,SMILES_GA
1,5,405.5900000000002,25,30,35,5,0,0,0,0,1,3,0,2,3.8264400000000025,SMILES_GA
0,5,403.57400000000024,25,30,33,5,0,0,0,0,1,3,0,3,4.462540000000004,SMILES_GA
1,6,415.56300000000016,21,29,29,5,2,0,1,0,2,2,0,3,2.7553400000000012,SMILES_GA
2,5,412.5150000000001,21,29,24,4,3,0,1,0,1,2,0,3,3.4889400000000013,SMILES_GA
3,4,363.373,20,27,17,3,4,0,0,0,0,3,0,3,1.312679999999999,SMILES_GA
2,3,460.92700000000013,21,30,22,4,2,0,1,1,1,2,0,2,3.8040400000000023,SMILES_GA
3,5,446.96000000000015,21,30,23,4,3,0,1,1,1,2,0,2,2.8497400000000015,SMILES_GA
0,5,417.53400000000016,24,30,23,3,2,0,1,0,0,4,0,3,4.357200000000003,SMILES_GA
2,5,457.3280000000002,21,29,21,4,3,0,0,0,1,2,0,3,3.840020000000001,SMILES_GA
1,4,359.307,18,26,12,3,2,3,0,0,0,3,0,3,4.540000000000003,SMILES_GA
2,5,392.4590000000001,22,29,24,4,3,0,0,0,1,2,0,3,3.3859400000000015,SMILES_GA
0,5,419.55000000000024,24,30,25,3,2,0,1,0,0,4,0,2,4.338600000000003,SMILES_GA
3,3,410.30100000000016,19,27,21,3,3,0,0,2,0,2,0,2,5.584340000000004,SMILES_GA
2,5,360.34100000000007,18,26,17,2,5,1,0,0,2,2,0,0,1.9872,SMILES_GA
1,2,292.35499999999996,15,20,15,1,2,1,1,0,0,2,0,2,1.4914000000000005,SMILES_GA
0,4,434.50100000000015,24,30,23,2,2,0,1,0,0,4,0,3,5.5423000000000044,SMILES_GA
0,6,404.56200000000024,24,30,32,6,0,0,0,0,1,3,0,3,3.857540000000003,SMILES_GA
2,5,396.4220000000001,21,29,21,4,3,1,0,0,1,2,0,3,3.2166200000000016,SMILES_GA
3,2,324.424,20,24,24,2,2,0,0,0,0,3,0,2,3.649040000000002,SMILES_GA
2,6,397.5030000000001,21,29,29,6,2,0,0,0,2,2,0,3,1.2896400000000003,SMILES_GA
3,2,344.84200000000004,19,24,21,2,2,0,0,1,0,3,0,2,3.9940200000000026,SMILES_GA
0,6,404.56200000000024,24,30,32,6,0,0,0,0,1,3,0,3,3.857540000000003,SMILES_GA
1,4,347.41800000000023,21,26,21,3,2,0,0,0,0,3,0,2,3.3562800000000026,SMILES_GA
2,4,444.9440000000002,21,30,21,4,3,0,1,1,1,2,0,2,3.057940000000001,SMILES_GA
2,4,670.698,19,30,17,4,3,0,1,1,1,2,0,1,3.604040000000002,SMILES_GA
1,4,460.27100000000013,20,26,17,2,3,0,0,0,1,5,0,2,3.9815000000000023,SMILES_GA
3,6,399.5190000000001,21,29,31,6,2,0,0,0,2,2,0,2,1.102840000000002,SMILES_GA
2,4,558.8290000000001,20,30,20,4,3,0,1,1,1,2,0,1,2.883840000000002,SMILES_GA
2,4,574.2570000000003,21,29,25,3,3,0,0,0,0,3,0,1,3.4757200000000026,SMILES_GA
4,4,383.429,19,27,17,3,4,0,1,0,0,3,0,2,0.18366999999999967,SMILES_GA
1,5,423.6300000000003,24,30,33,5,0,0,1,0,1,3,0,2,5.3457400000000055,SMILES_GA
3,3,389.88300000000015,20,27,24,3,3,0,0,1,0,2,0,2,5.407940000000004,SMILES_GA
0,7,406.5340000000002,23,30,30,6,1,0,0,0,1,3,0,3,3.746640000000003,SMILES_GA
3,3,373.4280000000001,20,27,24,3,3,1,0,0,0,2,0,2,4.893640000000003,SMILES_GA
2,7,399.4750000000002,20,29,27,6,3,0,0,0,2,2,0,3,0.8311400000000013,SMILES_GA
1,4,361.32300000000004,18,26,14,3,2,3,0,0,0,3,0,2,4.165100000000003,SMILES_GA
2,5,412.51500000000016,21,29,24,4,3,0,1,0,1,2,0,3,4.116440000000002,SMILES_GA
2,3,391.4710000000002,23,29,25,3,3,0,0,0,2,2,0,2,3.1434000000000015,SMILES_GA
2,5,373.38400000000007,18,26,13,3,2,2,1,0,0,3,0,3,4.500300000000002,SMILES_GA
2,4,428.5790000000002,22,29,24,2,3,0,2,0,1,4,0,1,3.531200000000003,SMILES_GA
3,6,394.47500000000014,22,29,26,4,3,0,0,0,1,2,0,3,3.177740000000001,SMILES_GA
0,8,466.54200000000014,23,33,23,6,2,1,1,0,2,3,0,4,2.6012000000000004,SMILES_GA
2,4,465.3620000000001,20,30,18,4,3,0,1,2,1,2,0,2,3.4029200000000017,SMILES_GA
1,5,382.50900000000007,21,27,24,3,2,0,1,0,2,2,0,3,3.481740000000002,SMILES_GA
1,3,354.45000000000016,21,26,26,2,3,0,0,0,1,2,0,2,3.1252000000000013,SMILES_GA
2,5,394.4060000000001,21,29,19,4,3,1,0,0,1,2,0,3,2.817000000000001,SMILES_GA
2,4,525.2410000000001,21,29,23,3,3,0,0,0,0,3,0,2,4.390020000000003,SMILES_GA
2,4,349.43400000000025,21,26,23,3,2,0,0,0,0,3,0,2,3.1978800000000014,SMILES_GA
3,3,454.75200000000007,19,27,21,3,3,0,0,1,0,2,0,2,5.862020000000004,SMILES_GA
2,3,367.4490000000002,21,27,25,3,3,0,0,0,2,2,0,1,2.3784800000000006,SMILES_GA
0,4,532.4470000000001,24,30,25,2,2,0,1,0,0,4,0,2,5.040700000000005,SMILES_GA
1,5,321.33400000000006,14,22,13,2,5,0,1,0,0,2,0,2,3.311340000000002,SMILES_GA
0,7,483.5090000000002,23,33,23,5,2,1,1,0,2,3,0,4,3.781100000000003,SMILES_GA
2,4,460.3720000000001,22,29,26,3,3,0,0,0,0,3,0,2,4.057520000000004,SMILES_GA
1,2,357.4530000000001,24,27,23,1,2,0,0,0,1,3,0,3,4.273700000000003,SMILES_GA
2,3,371.48100000000017,21,27,29,3,3,0,0,0,2,2,0,0,2.6583000000000006,SMILES_GA
3,4,342.7860000000001,17,24,15,4,2,0,0,1,2,1,0,3,3.664300000000001,SMILES_GA
2,4,480.4280000000002,21,29,26,3,3,0,1,0,0,3,0,1,3.361220000000002,SMILES_GA
2,4,351.4500000000003,21,26,25,3,2,0,0,0,0,3,0,1,3.393080000000002,SMILES_GA
0,5,421.5290000000002,24,30,32,5,0,0,0,0,1,3,0,3,5.042640000000005,SMILES_GA
1,4,479.36200000000025,21,27,26,3,2,0,0,0,3,1,0,2,3.2222000000000017,SMILES_GA
0,6,390.4860000000002,18,26,18,2,4,0,2,0,1,2,1,3,3.2783000000000024,SMILES_GA
3,5,527.4280000000003,21,29,26,3,3,0,1,0,0,3,0,1,3.001920000000002,SMILES_GA
2,5,359.8380000000001,17,24,14,3,2,0,1,1,2,1,0,3,4.397700000000002,SMILES_GA
2,5,384.52500000000015,21,27,26,3,2,0,1,0,2,2,0,2,0.9398400000000009,SMILES_GA
1,5,384.52500000000003,21,27,26,3,2,0,1,0,2,2,0,1,2.7403000000000013,SMILES_GA
2,4,351.4500000000002,21,26,25,3,2,0,0,0,0,3,0,2,2.9433000000000016,SMILES_GA
1,5,348.40600000000023,20,26,20,4,2,0,0,0,0,3,0,2,2.7512800000000013,SMILES_GA
1,5,384.52500000000003,21,27,26,3,2,0,1,0,2,2,0,2,3.2479000000000013,SMILES_GA
1,7,468.55800000000016,23,33,25,6,2,1,1,0,2,3,0,2,1.9307,SMILES_GA
0,6,467.57000000000016,24,33,26,5,2,1,1,0,2,3,0,2,3.0344000000000015,SMILES_GA
2,3,385.46700000000016,24,29,23,3,2,0,0,0,0,4,0,3,4.330200000000002,SMILES_GA
1,4,398.3990000000001,21,28,23,2,4,0,0,0,1,2,0,2,4.2791200000000025,SMILES_GA
0,5,588.205,16,25,18,2,4,0,1,0,0,2,0,2,-0.670159999999999,SMILES_GA
1,4,366.44200000000006,20,26,18,2,3,0,1,0,1,5,0,0,3.0336000000000007,SMILES_GA
2,4,306.343,14,21,14,2,4,0,1,0,0,2,0,2,1.8816399999999995,SMILES_GA
2,7,445.5880000000004,17,28,23,3,5,0,3,0,1,2,0,1,1.4177999999999995,SMILES_GA
2,5,365.33600000000007,17,26,17,3,4,2,0,0,0,2,0,2,1.550619999999999,SMILES_GA
3,1,294.371,15,20,17,1,2,1,1,0,0,2,0,2,1.5663000000000005,SMILES_GA
4,4,319.752,14,22,14,5,2,0,0,1,1,2,0,2,2.1329199999999995,SMILES_GA
1,3,375.49300000000005,23,27,21,1,2,0,1,0,1,3,0,3,4.184200000000003,SMILES_GA
2,3,354.32800000000003,17,25,17,2,3,3,0,0,0,2,0,1,2.8116000000000003,SMILES_GA
2,3,369.46500000000015,21,27,27,3,3,0,0,0,2,2,0,1,2.778100000000001,SMILES_GA
0,6,392.5020000000002,18,26,20,2,4,0,2,0,1,2,1,1,2.826100000000001,SMILES_GA
4,3,393.4840000000001,19,27,24,3,3,1,1,0,0,2,0,1,4.482120000000004,SMILES_GA
1,4,422.6420000000002,25,30,34,4,0,0,1,0,1,3,0,3,5.016240000000005,SMILES_GA
3,3,487.3130000000001,19,27,23,3,3,1,0,0,0,2,0,1,4.987320000000004,SMILES_GA
1,5,323.3500000000001,14,22,15,2,5,0,1,0,0,2,0,1,3.126120000000002,SMILES_GA
2,3,483.35000000000014,20,27,26,3,3,0,0,0,2,2,0,0,2.752600000000001,SMILES_GA
2,5,382.41600000000017,21,28,22,2,5,0,0,0,1,2,0,2,2.0221199999999997,SMILES_GA
1,4,380.4440000000001,22,28,24,2,4,0,0,0,1,2,0,2,3.092220000000001,SMILES_GA
0,3,300.159,14,18,10,3,0,0,0,0,1,2,0,3,3.6968000000000023,SMILES_GA
2,3,348.34900000000005,18,25,18,2,3,2,0,0,0,2,0,2,3.0977200000000016,SMILES_GA
1,3,351.324,18,25,16,1,3,3,0,0,0,2,0,2,3.1015000000000015,SMILES_GA
3,4,365.389,20,27,19,3,4,0,0,0,0,3,0,3,1.7122999999999993,SMILES_GA
0,6,424.5330000000002,23,30,33,6,0,0,0,0,1,3,0,2,3.483600000000002,SMILES_GA
2,3,380.51300000000015,22,27,24,2,2,0,1,0,1,2,0,2,3.7232800000000026,SMILES_GA
3,6,428.5360000000004,17,28,24,4,5,0,2,0,1,2,0,1,0.7934999999999997,SMILES_GA
1,4,365.3730000000002,20,26,20,3,2,0,0,0,0,3,0,2,3.597400000000002,SMILES_GA
1,4,386.31100000000004,14,22,15,2,4,0,1,0,0,2,0,1,2.14612,SMILES_GA
0,3,364.87300000000016,19,25,25,2,3,0,0,1,0,3,0,1,3.2650000000000023,SMILES_GA
1,7,365.4110000000002,16,25,19,3,5,0,1,0,2,1,0,2,2.03202,SMILES_GA
1,7,426.5200000000004,17,28,22,4,5,0,2,0,1,2,0,1,0.7185999999999997,SMILES_GA
1,7,418.95600000000013,17,26,11,4,1,0,3,1,2,2,0,4,5.199000000000002,SMILES_GA
2,5,384.43200000000013,21,28,24,2,5,0,0,0,1,2,0,1,1.4596199999999995,SMILES_GA
2,4,355.46300000000014,19,25,21,3,2,0,1,0,1,2,0,2,3.9772000000000025,SMILES_GA
1,4,359.42900000000003,22,27,21,3,2,0,0,0,1,2,0,2,2.769960000000001,SMILES_GA
1,7,383.3660000000002,15,25,18,3,5,0,1,0,2,1,0,2,2.2354200000000004,SMILES_GA
1,8,383.4510000000002,15,25,17,3,5,0,2,0,2,1,0,2,2.29012,SMILES_GA
1,4,363.4610000000001,22,27,25,3,2,0,0,0,1,2,0,1,3.2542800000000023,SMILES_GA
2,3,352.312,17,25,15,2,3,3,0,0,0,2,0,2,2.928400000000001,SMILES_GA
1,6,418.8710000000001,17,26,12,4,1,0,2,1,2,2,0,4,5.168800000000002,SMILES_GA
2,3,462.23400000000004,17,25,17,2,3,2,0,0,0,2,0,1,3.277100000000001,SMILES_GA
2,4,430.3240000000001,16,25,20,3,4,0,1,0,0,2,0,2,3.8577400000000024,SMILES_GA
1,4,367.4490000000001,21,27,25,3,3,0,0,0,3,1,0,2,2.4516,SMILES_GA
3,4,390.8710000000001,19,27,23,4,3,0,0,1,0,2,0,1,2.996480000000002,SMILES_GA
2,4,360.50200000000024,20,26,32,4,2,0,0,0,1,2,0,0,2.2154999999999996,SMILES_GA
3,4,386.83900000000006,19,27,19,4,3,0,0,1,0,2,0,2,3.0721800000000012,SMILES_GA
3,5,431.3320000000001,16,25,21,3,4,0,1,0,0,2,0,2,3.6081400000000023,SMILES_GA
0,5,363.43900000000014,17,25,21,3,4,0,1,0,0,2,0,2,3.1027400000000016,SMILES_GA
2,3,460.218,17,25,15,2,3,2,0,0,0,2,0,2,3.3939000000000012,SMILES_GA
0,5,365.4550000000001,17,25,23,3,4,0,1,0,0,2,0,1,2.7879000000000014,SMILES_GA
3,5,360.38900000000007,18,26,21,4,3,1,0,0,0,2,0,2,1.8056899999999991,SMILES_GA
3,4,323.3500000000001,14,22,15,2,5,0,1,0,0,2,0,2,3.3862400000000026,SMILES_GA
0,3,344.4550000000001,20,25,28,2,3,0,0,0,0,3,0,1,2.4527,SMILES_GA
0,7,351.3840000000001,15,24,17,3,5,0,1,0,2,2,0,2,1.67502,SMILES_GA
2,6,402.497,19,27,18,2,4,0,2,0,2,1,0,2,3.105480000000002,SMILES_GA
2,3,354.32800000000003,17,25,17,2,3,3,0,0,0,2,0,1,2.6068000000000007,SMILES_GA
4,3,373.5210000000002,21,27,33,4,2,0,0,0,0,2,1,1,1.6540000000000001,SMILES_GA
3,5,357.47900000000016,19,25,23,3,2,0,1,0,1,2,0,2,3.769000000000002,SMILES_GA
2,3,385.42800000000017,20,27,26,4,2,0,0,0,1,3,0,2,1.6579999999999993,SMILES_GA
0,6,406.5540000000002,18,26,18,2,3,0,3,0,1,2,1,3,3.9916000000000036,SMILES_GA
4,5,357.4390000000001,17,25,19,5,2,0,1,0,2,1,0,3,1.8175000000000003,SMILES_GA
4,4,372.4690000000001,20,27,28,4,3,0,0,0,2,2,0,1,1.3367999999999998,SMILES_GA
2,6,370.4090000000001,19,27,22,4,4,0,0,0,2,1,0,2,1.6464999999999992,SMILES_GA
0,3,346.4710000000002,20,25,30,2,3,0,0,0,0,3,0,0,2.528900000000001,SMILES_GA
1,3,372.40500000000014,20,26,25,2,3,0,0,0,1,2,0,2,3.1682000000000015,SMILES_GA
2,8,372.3810000000001,18,27,20,4,5,0,0,0,0,3,0,2,1.1103999999999996,SMILES_GA
2,5,363.38900000000007,18,26,22,3,4,1,0,0,0,2,0,1,1.3354199999999996,SMILES_GA
1,6,359.4110000000001,16,25,17,5,3,0,1,0,2,2,0,1,1.04707,SMILES_GA
1,6,383.42900000000003,19,27,17,3,4,0,1,0,2,1,0,2,2.4062800000000006,SMILES_GA
2,5,398.48400000000004,21,28,22,2,4,0,1,0,1,2,0,2,3.0725000000000016,SMILES_GA
1,4,301.3669999999999,16,21,15,1,3,0,1,0,3,1,0,2,4.041900000000002,SMILES_GA
3,4,380.4410000000001,18,26,21,2,4,1,1,0,0,2,0,1,1.7842999999999996,SMILES_GA
1,2,375.4080000000001,23,27,22,1,2,0,0,0,1,3,0,3,4.853800000000004,SMILES_GA
1,7,357.39500000000015,16,25,15,5,3,0,1,0,2,2,0,3,1.1323699999999999,SMILES_GA
1,4,363.46100000000007,22,27,25,3,2,0,0,0,1,2,0,1,3.0674800000000015,SMILES_GA
3,5,389.47700000000003,19,27,23,3,4,0,1,0,2,1,0,1,1.3377000000000003,SMILES_GA
3,3,414.36800000000017,18,25,30,4,2,0,0,0,0,2,0,1,1.3836000000000006,SMILES_GA
2,6,386.3480000000001,18,27,19,4,4,0,0,0,2,1,0,3,3.4807000000000015,SMILES_GA
0,3,302.175,14,18,12,3,0,0,0,0,1,2,0,2,3.7233000000000027,SMILES_GA
0,3,347.15900000000005,14,18,10,3,0,0,0,0,1,2,0,3,3.5389000000000026,SMILES_GA
2,6,368.3930000000001,19,27,20,4,4,0,0,0,2,1,0,3,2.2491000000000003,SMILES_GA
2,6,357.4580000000001,19,26,27,5,2,0,0,0,1,1,0,2,3.5546700000000024,SMILES_GA
3,4,362.8130000000001,18,25,19,2,4,0,0,1,0,2,0,2,3.369200000000001,SMILES_GA
0,5,428.3080000000001,16,25,18,3,4,0,1,0,0,2,0,2,3.782840000000003,SMILES_GA
3,3,371.4810000000001,21,27,29,3,3,0,0,0,2,2,0,1,2.569900000000001,SMILES_GA
3,7,370.3650000000001,18,27,18,4,5,0,0,0,2,1,0,3,1.179,SMILES_GA
3,4,336.80400000000003,14,22,13,4,2,0,1,1,1,2,0,2,2.8131199999999996,SMILES_GA
0,3,478.75800000000015,18,25,24,2,3,0,0,1,0,3,0,0,3.291400000000002,SMILES_GA
1,6,390.823,19,27,19,2,5,0,0,1,0,3,0,2,2.7773000000000003,SMILES_GA
2,8,370.36500000000007,18,27,18,4,5,0,0,0,0,3,0,2,0.7107799999999997,SMILES_GA
1,3,279.343,17,21,17,3,1,0,0,0,1,2,0,1,2.20458,SMILES_GA
3,5,364.7850000000001,17,25,17,2,5,0,0,1,0,2,0,2,3.5466000000000015,SMILES_GA
3,4,406.8950000000001,18,27,19,4,3,0,1,1,0,2,0,1,3.1014800000000022,SMILES_GA
2,7,371.3930000000001,19,27,21,3,5,0,0,0,0,3,0,2,1.7153999999999996,SMILES_GA
1,4,384.295,14,22,13,2,4,0,1,0,0,2,0,2,2.8970400000000014,SMILES_GA
3,4,320.349,14,22,13,4,2,1,1,0,1,2,0,2,2.2988199999999996,SMILES_GA
2,5,361.37300000000005,18,26,20,3,4,1,0,0,0,2,0,2,1.3550199999999997,SMILES_GA
4,4,402.84000000000003,16,25,20,2,4,0,1,1,0,2,0,1,2.2177,SMILES_GA
1,7,370.45200000000017,15,24,18,2,5,0,2,0,2,2,0,2,2.37422,SMILES_GA
3,7,372.42500000000007,19,27,24,4,4,0,0,0,2,1,0,2,1.4382999999999997,SMILES_GA
1,4,475.34200000000016,15,24,23,4,0,3,1,0,1,2,0,1,1.3079000000000007,SMILES_GA
2,5,400.50000000000006,21,28,24,2,4,0,1,0,1,2,0,1,2.6525000000000007,SMILES_GA
1,4,355.48600000000016,20,26,29,5,1,0,0,0,1,2,0,2,3.019840000000002,SMILES_GA
3,4,388.85500000000013,19,27,21,4,3,0,0,1,0,2,0,1,2.9165800000000015,SMILES_GA
3,5,387.46100000000007,19,27,21,3,4,0,1,0,2,1,0,2,2.0844,SMILES_GA
1,3,369.44500000000016,20,27,25,4,3,0,0,0,1,3,0,2,1.7461,SMILES_GA
1,5,377.48100000000005,15,24,20,4,0,3,2,0,1,2,0,1,1.785700000000001,SMILES_GA
2,6,390.3800000000001,18,27,23,4,4,0,0,0,2,1,0,2,2.5521000000000003,SMILES_GA
1,6,372.4210000000002,20,27,24,2,5,0,0,0,0,3,0,1,2.1814,SMILES_GA
2,6,385.44500000000005,19,27,19,3,4,0,1,0,2,1,0,2,2.19808,SMILES_GA
3,5,353.4660000000002,21,26,27,3,2,0,0,0,0,3,0,2,2.735100000000001,SMILES_GA
3,3,349.499,19,25,33,4,2,0,0,0,0,2,0,1,0.7035000000000016,SMILES_GA
1,4,336.309,14,22,13,2,4,0,1,0,0,2,0,2,4.139040000000002,SMILES_GA
1,6,360.39500000000015,16,25,16,4,4,0,1,0,2,2,0,1,0.3812999999999993,SMILES_GA
1,5,360.44900000000007,16,24,23,4,0,3,1,0,1,2,0,1,1.3762000000000008,SMILES_GA
1,5,339.39400000000006,14,22,13,1,5,0,2,0,0,2,0,2,2.8562400000000006,SMILES_GA
2,4,578.885,19,30,20,4,3,0,2,1,1,2,0,0,2.5943000000000005,SMILES_GA
3,4,378.8290000000002,15,24,18,1,5,1,1,1,0,2,0,0,1.0980999999999999,SMILES_GA
1,7,383.3660000000001,15,25,18,3,5,0,1,0,2,1,0,2,1.8878199999999998,SMILES_GA
0,8,376.4190000000001,15,25,12,4,4,0,2,0,2,2,0,3,1.5529000000000002,SMILES_GA
1,5,374.7970000000002,15,24,14,1,5,1,1,1,0,2,0,1,1.7948999999999997,SMILES_GA
4,6,358.4670000000001,18,25,22,4,2,0,1,0,2,1,0,3,1.5113000000000005,SMILES_GA
2,5,361.4900000000001,19,26,31,5,2,0,0,0,1,2,0,0,1.3400000000000003,SMILES_GA
3,4,358.4670000000001,18,25,22,4,2,0,1,0,2,1,0,1,2.0953000000000004,SMILES_GA
2,4,357.5020000000001,20,26,31,5,1,0,0,0,1,2,0,1,2.4093,SMILES_GA
4,4,382.8690000000001,17,25,19,2,4,0,1,1,0,2,0,1,1.9964999999999997,SMILES_GA
1,4,357.5020000000001,20,26,31,5,1,0,0,0,1,2,0,1,3.0491400000000013,SMILES_GA
1,4,381.4160000000001,21,27,24,3,2,0,0,0,1,2,0,1,3.035280000000001,SMILES_GA
1,5,338.4100000000001,14,22,14,2,4,0,2,0,0,2,0,2,2.7328400000000013,SMILES_GA
2,3,382.52900000000017,22,27,26,2,2,0,1,0,1,2,0,1,3.7666800000000027,SMILES_GA
2,6,388.36400000000015,18,27,21,4,4,0,0,0,2,1,0,3,2.2089,SMILES_GA
3,3,348.5150000000001,19,25,34,5,1,0,0,0,0,2,0,1,0.550220000000003,SMILES_GA
0,2,276.33900000000006,18,21,16,2,1,0,0,0,1,2,0,2,2.7976800000000015,SMILES_GA
3,4,492.3100000000002,17,26,18,2,4,1,1,0,0,2,0,1,2.1569000000000003,SMILES_GA
2,6,355.48900000000015,14,23,21,5,2,0,2,0,2,1,0,2,2.516000000000001,SMILES_GA
2,5,358.4900000000001,19,26,30,6,1,0,0,0,1,2,0,1,1.8043,SMILES_GA
1,6,370.40500000000014,20,27,22,2,5,0,0,0,0,3,0,2,2.2533000000000003,SMILES_GA
3,4,374.40600000000006,17,25,19,4,2,0,1,0,2,1,0,3,2.935500000000002,SMILES_GA
1,4,361.44500000000005,22,27,23,3,2,0,0,0,1,2,0,2,3.1695800000000016,SMILES_GA
1,2,312.77299999999997,14,20,12,1,2,1,1,1,0,2,0,2,1.8363800000000003,SMILES_GA
2,5,353.85600000000005,14,22,12,3,2,0,2,1,1,2,0,2,3.4933200000000006,SMILES_GA
0,5,372.5150000000001,19,25,20,2,2,0,2,0,2,2,0,2,3.682120000000003,SMILES_GA
3,4,356.4510000000001,18,25,20,4,2,0,1,0,2,1,0,3,2.3554000000000004,SMILES_GA
2,6,500.27700000000027,18,27,22,4,3,0,0,0,2,1,0,3,2.9457000000000013,SMILES_GA
3,3,393.48400000000015,19,27,24,3,3,1,1,0,0,2,0,1,4.8728200000000035,SMILES_GA
4,6,360.48300000000006,18,25,24,4,2,0,1,0,2,1,0,2,1.6164000000000003,SMILES_GA
2,4,351.46700000000016,19,25,31,2,4,0,0,0,0,1,1,1,1.1613000000000002,SMILES_GA
1,6,437.5580000000002,22,30,31,1,6,0,1,0,1,2,0,1,2.0633999999999997,SMILES_GA
2,7,425.2830000000001,17,26,21,4,4,0,0,0,1,1,0,2,2.6319000000000012,SMILES_GA
3,4,341.3050000000001,13,22,14,2,5,0,1,0,0,2,0,2,3.9663400000000024,SMILES_GA
1,4,359.4410000000001,16,24,22,4,0,3,1,0,1,2,0,1,1.1800000000000008,SMILES_GA
1,6,358.4420000000001,19,26,26,4,3,0,0,0,1,1,0,2,3.369500000000002,SMILES_GA
1,2,294.371,15,20,17,1,2,1,1,0,0,2,0,2,1.8910200000000001,SMILES_GA
1,4,369.52700000000016,19,25,31,1,4,0,1,0,0,1,1,1,2.627,SMILES_GA
1,5,354.50100000000015,15,23,22,4,2,0,2,0,2,1,0,2,2.6891000000000007,SMILES_GA
3,7,388.3200000000001,17,27,17,4,5,0,0,0,2,1,0,3,1.7590999999999999,SMILES_GA
1,5,339.2890000000001,13,22,12,2,5,0,1,0,0,2,0,2,3.891440000000002,SMILES_GA
0,7,358.37900000000013,16,25,14,4,4,0,1,0,2,2,0,3,0.9471999999999999,SMILES_GA
1,3,280.327,17,21,16,2,2,0,0,0,1,2,0,1,3.0545800000000014,SMILES_GA
1,6,356.51700000000017,15,23,24,4,2,0,2,0,2,1,0,1,1.7672999999999999,SMILES_GA
2,5,367.89800000000014,18,24,22,1,3,0,1,1,0,2,0,2,4.118500000000003,SMILES_GA
0,7,369.3390000000001,14,24,16,3,5,0,1,0,2,2,0,2,2.2551200000000007,SMILES_GA
3,4,464.25000000000006,17,25,19,2,3,2,0,0,0,2,0,1,3.0689,SMILES_GA
1,2,367.4730000000001,21,27,27,4,2,0,0,0,1,3,0,2,1.9163,SMILES_GA
1,8,360.39500000000015,16,25,16,4,4,0,1,0,2,2,0,3,0.7979,SMILES_GA
1,5,372.7810000000002,15,24,12,1,5,1,1,1,0,2,0,2,1.7170199999999998,SMILES_GA
0,6,328.44100000000014,17,23,20,4,1,0,1,0,2,1,0,3,3.438900000000002,SMILES_GA
2,1,289.443,18,21,29,2,1,0,0,0,0,2,0,0,2.4265,SMILES_GA
3,5,340.4050000000001,13,22,13,4,2,1,2,0,1,2,0,1,1.4935999999999998,SMILES_GA
2,5,352.45500000000015,18,25,30,3,4,0,0,0,0,1,1,1,0.5563000000000008,SMILES_GA
2,5,359.47400000000016,19,26,29,5,2,0,0,0,1,2,0,1,1.5040999999999998,SMILES_GA
3,3,277.36800000000005,15,20,23,3,2,0,0,0,1,1,0,1,1.3337999999999994,SMILES_GA
2,3,368.4610000000001,20,27,26,5,2,0,0,0,1,3,0,2,0.47810000000000247,SMILES_GA
2,5,355.8910000000001,16,23,22,3,2,0,1,1,1,1,0,1,3.705700000000002,SMILES_GA
1,4,313.405,17,23,23,5,1,0,0,0,2,1,0,2,1.7742999999999995,SMILES_GA
2,4,473.3590000000001,18,26,28,5,2,0,0,0,0,2,0,1,2.1441,SMILES_GA
1,6,378.49800000000016,18,26,26,4,3,0,1,0,1,1,0,1,3.0153000000000016,SMILES_GA
0,6,418.4900000000002,22,30,30,2,6,0,0,0,1,2,0,1,1.3642000000000003,SMILES_GA
2,4,416.33600000000024,18,25,28,2,4,0,0,0,0,1,1,1,1.4937999999999994,SMILES_GA
1,5,375.4090000000001,19,26,26,3,3,0,0,0,1,1,0,2,4.554600000000003,SMILES_GA
1,4,365.8820000000001,18,24,20,1,3,0,1,1,0,2,0,2,4.326700000000003,SMILES_GA
2,1,287.427,18,21,27,2,1,0,0,0,0,2,0,1,2.6958400000000005,SMILES_GA
2,8,428.5360000000002,17,28,24,4,5,0,2,0,1,2,0,1,0.5104000000000001,SMILES_GA
1,4,791.34,16,21,20,1,3,0,1,0,1,1,0,1,2.5494000000000003,SMILES_GA
4,4,378.8290000000001,15,24,18,1,5,1,1,1,0,2,0,1,1.1541199999999998,SMILES_GA
1,4,821.34,16,21,20,1,3,0,1,0,1,1,0,1,2.5494000000000003,SMILES_GA
3,4,374.7970000000002,15,24,14,1,5,1,1,1,0,2,0,2,1.7919199999999997,SMILES_GA
1,6,423.3110000000001,18,26,23,4,3,0,0,0,1,1,0,2,3.7020000000000026,SMILES_GA
2,2,347.5270000000001,20,25,35,4,1,0,0,0,0,2,0,1,1.3063200000000021,SMILES_GA
3,4,376.81300000000016,15,24,16,1,5,1,1,1,0,2,0,1,1.2253199999999997,SMILES_GA
1,4,369.84500000000014,17,24,17,1,3,1,1,1,0,2,0,2,4.233800000000003,SMILES_GA
1,5,390.8650000000002,15,24,14,1,4,1,2,1,0,2,0,1,3.118500000000001,SMILES_GA
1,4,474.3430000000001,18,26,27,4,3,0,0,0,0,2,0,1,2.1109999999999998,SMILES_GA
2,6,354.86300000000006,15,23,19,4,2,0,1,1,1,1,0,2,3.1772,SMILES_GA
3,4,323.34700000000004,15,23,19,5,1,2,0,0,1,1,0,2,2.8419000000000008,SMILES_GA
2,4,333.46099999999996,16,23,23,5,1,0,1,0,2,1,0,1,1.6431,SMILES_GA
1,5,364.4460000000001,18,26,28,4,4,0,0,0,0,2,0,1,1.2799000000000003,SMILES_GA
1,6,403.4850000000001,18,27,17,3,4,0,2,0,2,1,0,2,2.5008800000000013,SMILES_GA
1,4,476.35900000000015,18,26,29,4,3,0,0,0,0,2,0,0,2.1527000000000003,SMILES_GA
0,6,312.3730000000001,17,23,20,4,2,0,0,0,2,1,0,3,2.7223000000000006,SMILES_GA
1,4,367.8980000000002,18,24,22,1,3,0,1,1,0,2,0,1,4.143500000000003,SMILES_GA
1,8,319.3210000000001,14,23,17,5,4,0,0,0,0,2,0,2,2.629220000000001,SMILES_GA
1,6,378.4980000000001,18,26,26,4,3,0,1,0,1,1,0,2,3.251900000000002,SMILES_GA
2,4,348.83000000000015,18,24,21,2,3,0,0,1,0,2,0,2,3.587600000000002,SMILES_GA
1,7,415.51200000000017,18,28,29,3,6,0,1,0,2,0,0,0,0.18670000000000164,SMILES_GA
2,5,355.21700000000004,12,20,11,4,2,0,1,0,2,0,0,2,1.8442999999999992,SMILES_GA
1,4,496.41500000000013,17,26,29,4,3,0,1,0,0,2,0,0,2.0683,SMILES_GA
1,4,375.4570000000001,19,26,30,5,1,0,0,0,1,2,0,1,3.1503400000000026,SMILES_GA
2,5,357.233,12,20,13,4,2,0,1,0,2,0,0,2,1.7636999999999992,SMILES_GA
0,5,370.499,19,25,18,2,2,0,2,0,2,2,0,3,3.4540200000000025,SMILES_GA
4,5,350.5310000000001,19,25,36,5,1,0,0,0,0,2,0,1,-0.29387999999999637,SMILES_GA
0,3,352.2030000000001,16,21,15,1,2,1,0,0,0,2,0,2,3.7017000000000024,SMILES_GA
1,5,355.8910000000001,16,23,22,3,2,0,1,1,1,1,0,1,3.5562000000000022,SMILES_GA
2,2,365.4820000000001,19,25,34,4,1,0,0,0,0,2,0,1,1.8864200000000009,SMILES_GA
1,4,362.4740000000001,19,26,30,4,3,0,0,0,0,2,0,1,1.390800000000001,SMILES_GA
0,3,354.2190000000001,16,21,17,1,2,1,0,0,0,2,0,1,3.8945000000000025,SMILES_GA
0,5,475.30800000000016,16,25,18,3,4,0,1,0,0,2,0,2,3.8229400000000027,SMILES_GA
0,3,354.21900000000005,16,21,17,1,2,1,0,0,0,2,0,1,3.8945000000000025,SMILES_GA
1,4,290.33900000000006,16,21,20,1,4,0,0,0,1,1,0,1,1.6116,SMILES_GA
0,2,278.355,18,21,18,2,1,0,0,0,1,2,0,1,3.295180000000002,SMILES_GA
2,1,289.44300000000004,18,21,29,2,1,0,0,0,0,2,0,0,2.221399999999999,SMILES_GA
1,5,374.7970000000002,15,24,14,1,5,1,1,1,0,2,0,1,1.1504199999999998,SMILES_GA
1,2,320.8370000000001,14,20,20,1,2,1,1,1,0,2,0,1,2.365500000000001,SMILES_GA
1,5,353.875,16,23,20,3,2,0,1,1,1,1,0,2,4.280900000000003,SMILES_GA
2,3,322.359,16,23,20,4,1,2,0,0,1,1,0,2,3.0150000000000015,SMILES_GA
1,4,478.37500000000017,18,26,31,4,3,0,0,0,0,2,0,0,1.8833999999999995,SMILES_GA
1,6,378.49800000000016,18,26,26,4,3,0,1,0,1,1,0,2,3.124900000000001,SMILES_GA
3,4,356.51700000000017,15,23,24,4,2,0,2,0,2,1,0,2,2.764000000000001,SMILES_GA
1,4,370.48400000000015,15,23,23,4,1,0,2,0,2,1,0,2,3.616500000000002,SMILES_GA
2,5,397.56600000000014,18,26,27,3,3,0,2,0,1,1,0,1,3.714500000000003,SMILES_GA
2,4,350.8460000000001,18,24,23,2,3,0,0,1,0,2,0,1,3.299000000000002,SMILES_GA
1,6,314.3890000000001,17,23,22,4,2,0,0,0,2,1,0,1,2.0305999999999997,SMILES_GA
2,2,352.301,15,20,18,3,0,0,1,0,1,1,0,2,4.420270000000003,SMILES_GA
1,5,361.4670000000001,18,25,23,3,3,0,1,0,2,1,0,2,1.9986199999999998,SMILES_GA
3,5,351.83400000000006,17,24,22,3,3,0,0,1,0,2,0,1,2.7611000000000008,SMILES_GA
0,6,305.286,15,22,15,1,6,0,0,0,0,2,0,1,2.724800000000001,SMILES_GA
1,4,323.34299999999996,16,23,19,3,2,2,0,0,1,1,0,2,2.9819000000000013,SMILES_GA
1,4,476.3590000000001,18,26,29,4,3,0,0,0,0,2,0,0,2.0086,SMILES_GA
2,4,415.92700000000013,18,26,27,3,2,0,1,1,0,2,0,1,4.306000000000004,SMILES_GA
1,2,353.28499999999997,15,20,17,2,1,0,1,0,1,1,0,2,4.605500000000004,SMILES_GA
1,2,364.4940000000001,20,25,35,3,1,0,0,0,0,2,0,1,3.635620000000003,SMILES_GA
1,5,347.5090000000001,17,23,21,3,1,0,2,0,2,1,0,2,3.5224000000000024,SMILES_GA
3,5,366.87000000000006,17,24,19,2,3,0,1,1,0,2,0,2,3.802600000000002,SMILES_GA
3,4,322.4050000000001,17,23,26,2,4,0,0,0,0,2,0,0,1.6305999999999998,SMILES_GA
2,3,289.306,16,21,16,1,3,1,0,0,1,1,0,2,2.372,SMILES_GA
0,4,259.261,14,19,13,1,4,0,0,0,1,1,0,2,3.175600000000002,SMILES_GA
1,4,278.42400000000004,15,20,28,5,0,0,0,0,1,1,0,1,1.2390999999999994,SMILES_GA
1,2,338.79200000000014,13,20,19,1,2,1,1,1,0,2,0,1,1.8736999999999997,SMILES_GA
2,5,291.32700000000006,15,21,19,2,4,0,0,0,1,1,0,1,0.17340000000000022,SMILES_GA
1,4,334.4410000000001,17,23,22,2,3,0,1,0,0,1,0,1,2.901690000000001,SMILES_GA
0,6,305.28600000000006,15,22,15,1,6,0,0,0,0,2,0,1,2.1063,SMILES_GA
2,4,495.4270000000002,18,26,30,3,3,0,1,0,0,2,0,0,2.8519000000000014,SMILES_GA
1,6,413.5400000000002,19,28,31,3,5,0,1,0,2,0,0,0,0.6452000000000018,SMILES_GA
2,6,434.4990000000002,17,28,31,4,5,0,1,0,2,0,0,0,1.0961000000000003,SMILES_GA
1,3,354.2190000000001,16,21,17,1,2,1,0,0,0,2,0,1,3.4974000000000016,SMILES_GA
3,4,320.38900000000007,17,23,24,2,4,0,0,0,0,2,0,1,2.1451000000000002,SMILES_GA
2,6,434.58400000000023,17,28,30,4,5,0,2,0,2,0,0,0,0.28510000000000346,SMILES_GA
1,0,280.863,17,19,27,1,0,0,0,1,0,1,0,1,3.516600000000002,SMILES_GA
2,2,346.6760000000001,14,19,19,2,1,0,0,1,1,1,0,1,2.2286,SMILES_GA
1,2,314.34200000000004,14,20,18,1,2,1,1,0,0,2,0,1,1.6574,SMILES_GA
2,2,240.278,12,17,17,2,2,1,0,0,0,1,0,1,-0.08737999999999968,SMILES_GA
0,6,303.27,15,22,13,1,6,0,0,0,0,2,0,2,2.5878000000000005,SMILES_GA
0,6,323.241,14,22,14,1,6,0,0,0,0,2,0,1,2.2365000000000004,SMILES_GA
2,2,344.66,14,19,17,2,1,0,0,1,1,1,0,2,2.5885000000000007,SMILES_GA
1,2,371.24000000000007,14,20,16,2,1,0,1,0,1,1,0,2,5.201200000000004,SMILES_GA
3,5,282.4120000000001,14,20,28,5,1,0,0,0,1,1,0,0,-0.4929999999999961,SMILES_GA
3,6,397.4760000000002,18,28,31,5,5,0,0,0,2,0,0,0,-0.953099999999995,SMILES_GA
2,5,417.0000000000001,17,26,25,4,2,0,2,1,0,2,0,1,3.7318000000000024,SMILES_GA
2,3,391.1670000000001,12,20,13,2,2,0,1,0,1,1,0,2,4.639000000000003,SMILES_GA
2,2,277.77500000000003,15,19,18,2,1,0,0,1,1,1,0,2,1.5087800000000007,SMILES_GA
1,4,308.2940000000001,15,21,19,1,4,0,0,0,1,1,0,1,2.1917,SMILES_GA
2,3,373.21200000000005,13,20,14,2,2,0,1,0,1,1,0,2,4.478700000000003,SMILES_GA
1,5,296.4640000000001,14,20,26,5,0,0,1,0,1,1,0,1,0.9444999999999999,SMILES_GA
0,2,350.23100000000005,17,21,17,1,1,1,0,0,0,2,0,2,4.688800000000004,SMILES_GA
0,3,370.15800000000013,15,21,14,1,2,1,0,0,0,2,0,2,3.9051000000000027,SMILES_GA
2,4,290.29400000000004,15,21,15,2,3,1,0,0,1,1,0,2,1.7669999999999997,SMILES_GA
1,3,248.326,13,17,13,2,0,1,1,0,1,1,0,1,3.2813800000000013,SMILES_GA
1,5,373.93100000000004,15,23,20,3,2,0,2,1,1,1,0,1,3.741100000000002,SMILES_GA
2,6,414.52800000000025,18,28,30,4,5,0,1,0,2,0,0,0,0.190500000000003,SMILES_GA
2,2,279.79100000000005,15,19,20,2,1,0,0,1,1,1,0,2,1.9084000000000005,SMILES_GA
1,3,246.31,13,17,11,2,0,1,1,0,1,1,0,2,3.679400000000002,SMILES_GA
0,7,336.28800000000007,14,23,17,4,4,0,0,0,0,2,0,2,1.5149199999999998,SMILES_GA
2,2,281.807,15,19,22,2,1,0,0,1,1,1,0,1,1.8976999999999997,SMILES_GA
1,4,819.3679999999996,17,21,22,1,2,0,1,0,1,1,0,1,2.9006000000000016,SMILES_GA
2,4,398.96000000000015,18,26,27,4,2,0,1,1,0,2,0,1,3.126100000000002,SMILES_GA
1,2,373.25600000000003,14,20,18,2,1,0,1,0,1,1,0,1,4.4932000000000025,SMILES_GA
1,5,280.3960000000001,14,20,26,5,1,0,0,0,1,1,0,1,0.22790000000000066,SMILES_GA
1,1,350.19500000000005,13,17,18,1,1,1,0,0,0,1,0,1,-1.507779999999997,SMILES_GA
0,5,283.154,9,15,7,4,0,0,1,0,0,2,0,2,2.418,SMILES_GA
1,2,239.29,13,17,18,1,2,1,0,0,0,1,0,1,0.16222000000000042,SMILES_GA
3,5,272.33,10,18,16,4,3,0,1,0,1,0,0,1,0.83692,SMILES_GA
0,5,473.9820000000002,23,32,24,3,4,0,1,1,1,2,1,3,4.148640000000003,SMILES_VAE
1,5,345.4060000000001,20,26,19,5,1,0,0,0,4,1,0,4,3.9605200000000025,SMILES_VAE
0,7,401.47400000000016,22,30,23,7,1,0,0,0,2,3,0,4,2.111999999999999,SMILES_VAE
1,4,410.495,22,29,22,2,4,0,1,0,0,4,0,3,3.041900000000001,SMILES_VAE
2,1,364.8230000000001,19,25,19,2,1,2,0,1,0,2,0,2,4.708600000000003,SMILES_VAE
2,5,392.48400000000004,21,28,20,4,2,0,1,0,1,3,0,3,4.1445000000000025,SMILES_VAE
1,5,423.5000000000002,25,32,23,6,1,0,0,0,1,2,0,3,1.4525799999999995,SMILES_VAE
1,2,330.43100000000004,22,25,22,2,1,0,0,0,0,4,0,3,4.659040000000004,SMILES_VAE
3,7,386.43700000000007,17,27,18,6,3,0,1,0,2,1,0,3,2.977900000000001,SMILES_VAE
1,4,415.4150000000001,22,30,20,3,2,3,0,0,2,2,0,3,4.466900000000003,SMILES_VAE
1,5,430.5040000000003,26,32,26,2,4,0,0,0,1,3,0,3,4.100700000000003,SMILES_VAE
1,6,413.41100000000023,19,29,15,3,6,0,1,0,1,3,0,3,2.9166200000000018,SMILES_VAE
1,4,408.5890000000003,20,27,28,2,3,0,2,0,0,4,0,1,4.100300000000003,SMILES_VAE
3,2,391.471,22,28,18,3,1,1,1,0,0,4,0,3,4.410400000000003,SMILES_VAE
3,3,384.8430000000002,20,27,19,3,3,0,0,1,1,2,0,3,2.29012,SMILES_VAE
2,4,411.52500000000015,23,30,30,5,1,1,0,0,0,4,0,2,3.7858000000000027,SMILES_VAE
0,4,360.4570000000002,23,27,24,2,2,0,0,0,1,3,0,3,4.883900000000005,SMILES_VAE
0,4,430.5520000000004,26,32,30,4,2,0,0,0,2,2,1,3,4.267820000000003,SMILES_VAE
1,3,408.5660000000002,25,30,34,3,2,0,0,0,0,4,0,2,2.20814,SMILES_VAE
1,2,397.82399999999996,20,27,19,1,2,3,0,1,0,3,0,2,4.837000000000003,SMILES_VAE
1,6,416.1870000000001,17,26,10,3,5,0,0,0,0,3,0,3,3.2276000000000016,SMILES_VAE
2,4,421.5460000000002,23,30,25,4,2,0,1,0,3,2,0,3,2.781600000000001,SMILES_VAE
1,3,356.80899999999997,19,25,17,2,3,0,0,1,1,2,0,2,3.564700000000002,SMILES_VAE
2,5,376.41600000000017,21,28,20,4,3,0,0,0,1,3,0,3,2.926000000000001,SMILES_VAE
1,5,383.4020000000001,20,28,19,5,1,2,0,0,1,3,0,3,3.0661000000000014,SMILES_VAE
1,4,293.30100000000004,17,22,12,3,1,1,0,0,0,3,0,3,3.292880000000001,SMILES_VAE
1,6,348.34100000000007,18,26,13,6,1,1,0,0,1,3,0,4,2.3762,SMILES_VAE
0,3,359.32300000000004,20,26,14,0,3,3,0,0,0,3,0,3,3.3872000000000018,SMILES_VAE
1,4,376.24300000000017,18,25,15,3,2,0,0,2,1,2,0,3,5.2209600000000025,SMILES_VAE
1,5,485.3890000000001,21,31,22,2,5,0,1,2,0,3,0,2,4.352000000000004,SMILES_VAE
0,6,393.4910000000002,22,29,27,5,2,0,0,0,1,3,0,3,2.7720600000000006,SMILES_VAE
1,4,367.49300000000017,22,27,29,3,2,0,0,0,2,2,0,2,4.9139200000000045,SMILES_VAE
1,2,414.37400000000014,20,29,19,2,2,5,0,0,0,3,0,2,4.827700000000004,SMILES_VAE
0,5,361.39700000000016,22,27,19,1,4,0,0,0,1,3,0,3,3.7943200000000026,SMILES_VAE
2,5,399.4720000000001,20,28,21,3,4,0,1,0,0,3,0,3,2.4537000000000004,SMILES_VAE
2,5,400.48,20,28,22,3,4,0,1,0,0,2,0,2,1.7112999999999994,SMILES_VAE
1,3,356.4410000000002,21,26,25,2,2,1,0,0,0,3,0,2,3.245840000000002,SMILES_VAE
1,4,379.84700000000004,21,27,18,3,2,0,0,1,2,2,0,3,3.4749000000000017,SMILES_VAE
1,3,399.96600000000024,23,28,30,3,1,0,0,1,0,3,0,2,4.722880000000004,SMILES_VAE
2,3,326.32700000000006,18,24,15,2,3,1,0,0,0,3,0,3,3.318200000000001,SMILES_VAE
1,3,404.5100000000001,25,30,28,2,3,0,0,0,1,3,0,2,4.493300000000004,SMILES_VAE
1,4,397.4250000000001,22,29,21,3,2,2,0,0,1,2,0,3,4.5998000000000046,SMILES_VAE
1,2,374.9370000000002,20,25,23,2,1,0,1,1,1,2,0,2,6.038600000000004,SMILES_VAE
1,5,401.4440000000002,19,28,19,3,5,0,1,0,1,3,0,3,3.1401200000000022,SMILES_VAE
1,4,357.54700000000014,20,25,29,4,0,0,1,0,2,2,0,2,3.203190000000002,SMILES_VAE
2,4,408.5260000000001,23,30,30,5,2,0,0,0,0,4,0,2,0.18580000000000285,SMILES_VAE
0,6,400.4800000000003,20,28,22,3,4,0,1,0,0,2,1,2,3.3386200000000024,SMILES_VAE
2,2,408.90000000000015,21,28,25,3,1,2,0,1,0,3,0,2,2.1960999999999995,SMILES_VAE
0,4,362.4700000000002,20,26,30,2,4,0,0,0,0,2,0,0,2.110199999999999,SMILES_VAE
0,3,357.40400000000005,20,26,21,3,1,2,0,0,0,4,0,2,3.5111000000000017,SMILES_VAE
0,6,421.5220000000002,23,30,23,3,3,0,1,0,3,1,0,3,4.437260000000004,SMILES_VAE
2,2,337.49100000000004,21,25,29,4,0,0,0,0,2,2,0,3,2.647100000000001,SMILES_VAE
0,4,318.38,19,24,18,4,1,0,0,0,0,3,0,3,3.513720000000002,SMILES_VAE
0,5,379.5040000000001,23,28,29,3,2,0,0,0,1,3,0,3,4.737420000000004,SMILES_VAE
0,4,440.34100000000024,22,28,22,3,2,0,0,0,0,4,0,3,3.6403000000000025,SMILES_VAE
1,5,372.83099999999996,19,26,18,4,1,1,0,1,0,3,0,3,4.657700000000004,SMILES_VAE
0,5,335.36300000000006,19,25,17,3,3,0,0,0,2,2,0,3,3.8392000000000026,SMILES_VAE
1,5,358.4380000000002,20,26,26,2,4,0,0,0,2,2,0,2,2.9811000000000014,SMILES_VAE
1,5,349.4330000000001,16,23,15,1,4,0,2,0,1,2,0,2,2.7738000000000005,SMILES_VAE
0,5,443.37000000000023,20,27,19,4,1,0,1,0,2,2,0,3,4.390400000000004,SMILES_VAE
2,3,459.38800000000015,22,29,27,4,2,0,0,0,0,2,1,2,3.9263400000000033,SMILES_VAE
1,4,369.4610000000002,22,27,27,1,4,0,0,0,0,3,0,2,3.530400000000002,SMILES_VAE
0,2,377.33700000000005,20,27,15,1,2,4,0,0,1,2,0,3,5.065600000000003,SMILES_VAE
1,6,366.44600000000025,19,26,18,4,2,0,1,0,1,3,0,3,3.417500000000002,SMILES_VAE
2,4,369.44500000000016,20,27,25,4,3,0,0,0,1,3,0,2,1.9451999999999994,SMILES_VAE
3,3,347.43900000000025,18,25,27,4,3,0,0,0,1,2,0,1,1.0795000000000012,SMILES_VAE
1,3,385.5570000000003,21,27,29,4,1,0,1,0,0,6,0,1,2.240199999999999,SMILES_VAE
3,2,395.76800000000003,18,27,13,3,2,3,0,1,1,2,0,3,4.452000000000002,SMILES_VAE
2,6,309.32900000000006,16,23,15,5,2,0,0,0,1,2,0,3,2.14342,SMILES_VAE
1,4,350.21600000000024,15,21,16,3,2,0,0,0,1,2,0,2,4.132100000000002,SMILES_VAE
0,5,478.90200000000016,23,33,22,4,2,3,0,1,0,4,0,3,4.6120000000000045,SMILES_VAE
3,7,335.3670000000002,18,25,17,5,2,0,0,0,1,3,0,3,3.583120000000001,SMILES_VAE
1,1,363.013,13,19,7,1,1,1,0,2,0,2,0,2,5.147300000000001,SMILES_VAE
2,2,324.42400000000004,20,24,24,2,2,0,0,0,0,2,1,2,3.817140000000003,SMILES_VAE
1,7,478.5490000000004,26,35,30,4,5,0,0,0,0,4,0,3,3.6468000000000025,SMILES_VAE
1,5,362.3890000000002,20,27,18,4,3,0,0,0,1,3,0,3,2.162,SMILES_VAE
1,3,383.4910000000002,22,28,28,4,1,1,0,0,2,2,0,2,1.7817999999999998,SMILES_VAE
3,3,394.51900000000023,23,29,30,4,2,0,0,0,0,3,0,2,4.550900000000004,SMILES_VAE
0,3,399.5560000000001,23,28,29,1,3,0,1,0,0,2,1,2,4.199520000000004,SMILES_VAE
2,1,335.47100000000006,22,25,27,2,1,0,0,0,1,2,0,2,2.4131400000000003,SMILES_VAE
1,6,378.481,20,27,20,5,1,0,1,0,2,2,0,4,2.585400000000001,SMILES_VAE
1,2,368.90800000000013,22,26,25,2,1,0,0,1,0,4,0,2,4.750200000000005,SMILES_VAE
2,3,344.43600000000004,18,24,20,2,3,0,1,0,0,2,0,2,3.0200400000000016,SMILES_VAE
2,2,334.4430000000002,21,25,24,3,1,0,0,0,0,3,0,2,1.3840999999999994,SMILES_VAE
2,4,343.38300000000015,18,25,21,3,4,0,0,0,0,2,0,2,1.81382,SMILES_VAE
2,7,410.4520000000001,16,27,15,4,4,1,2,0,2,1,0,3,2.8762000000000008,SMILES_VAE
1,2,333.4770000000001,18,23,25,2,2,0,1,0,0,3,0,2,1.7173000000000005,SMILES_VAE
0,5,398.27400000000006,19,26,9,3,1,0,1,2,2,2,0,4,5.496480000000002,SMILES_VAE
2,7,355.35400000000016,17,26,17,5,4,0,0,0,2,1,0,3,0.9814399999999992,SMILES_VAE
2,4,353.3480000000002,16,25,18,5,1,3,0,0,1,2,0,2,3.7403000000000013,SMILES_VAE
0,5,296.399,16,21,16,4,0,0,1,0,1,2,0,3,3.730400000000002,SMILES_VAE
1,4,339.39500000000004,19,25,21,3,3,0,0,0,0,3,0,2,3.6830200000000017,SMILES_VAE
4,3,345.42300000000006,18,25,25,4,3,0,0,0,1,2,0,1,-0.7477999999999965,SMILES_VAE
1,5,390.4430000000001,22,29,22,4,3,0,0,0,0,4,0,3,2.2738000000000005,SMILES_VAE
1,2,366.5510000000003,19,25,32,3,2,0,1,0,0,3,0,1,1.81452,SMILES_VAE
1,7,385.41600000000017,21,28,23,1,6,0,0,0,0,3,1,1,2.7022000000000004,SMILES_VAE
0,6,410.5150000000002,19,28,27,4,3,1,1,0,1,2,0,2,2.8485200000000006,SMILES_VAE
2,6,328.3970000000001,16,23,16,4,2,0,1,0,2,2,0,2,2.2684000000000006,SMILES_VAE
1,5,353.42600000000004,19,26,23,5,2,0,0,0,0,3,0,2,1.7163999999999993,SMILES_VAE
2,6,366.425,19,27,22,6,2,0,0,0,2,2,0,3,2.5920000000000005,SMILES_VAE
1,8,442.92600000000016,17,28,17,3,5,0,2,1,2,1,0,2,2.0477,SMILES_VAE
0,6,366.43900000000014,17,25,22,2,5,0,1,0,1,2,0,2,1.6963,SMILES_VAE
1,5,415.389,18,28,16,1,5,3,1,0,0,2,0,2,2.8325000000000005,SMILES_VAE
1,7,398.3750000000003,19,29,18,4,6,0,0,0,0,3,0,2,2.991500000000001,SMILES_VAE
2,3,399.87800000000016,21,28,22,3,3,0,0,1,1,2,0,2,3.418000000000002,SMILES_VAE
1,1,317.79100000000005,18,22,17,1,1,1,0,1,0,3,0,2,4.612800000000004,SMILES_VAE
1,4,309.34499999999997,18,23,17,2,3,0,0,0,1,2,0,2,1.4398,SMILES_VAE
1,3,301.3900000000001,17,22,23,3,2,0,0,0,1,2,0,1,2.5097200000000006,SMILES_VAE
1,4,341.4110000000001,19,25,23,3,3,0,0,0,0,3,0,2,1.43702,SMILES_VAE
2,5,413.305,18,27,22,4,3,0,0,2,2,1,0,2,4.362800000000003,SMILES_VAE
1,3,373.88400000000024,20,26,24,3,2,0,0,1,0,3,0,2,4.401500000000004,SMILES_VAE
2,2,269.344,17,20,19,1,2,0,0,0,0,2,0,2,3.878180000000002,SMILES_VAE
0,4,346.4710000000001,20,25,30,2,3,0,0,0,0,3,0,1,2.31386,SMILES_VAE
1,3,332.35,18,24,18,2,2,2,0,0,0,2,0,2,3.9060000000000024,SMILES_VAE
0,5,319.70400000000006,14,22,10,3,4,0,0,1,0,2,0,2,4.215420000000003,SMILES_VAE
2,5,385.51300000000015,20,27,25,4,2,0,1,0,1,2,0,3,1.943419999999999,SMILES_VAE
1,6,369.446,19,26,19,3,3,0,1,0,1,2,0,3,4.005600000000002,SMILES_VAE
3,3,350.422,20,26,22,4,2,0,0,0,2,1,0,3,3.1857000000000015,SMILES_VAE
1,1,279.448,17,20,31,2,1,0,0,0,1,2,0,0,1.4807999999999997,SMILES_VAE
1,3,329.46800000000025,19,24,29,4,1,0,0,0,1,3,0,1,1.4336999999999993,SMILES_VAE
0,6,427.5260000000001,22,30,25,3,4,0,1,0,1,2,1,3,3.470320000000002,SMILES_VAE
2,6,401.4220000000001,23,30,19,3,4,0,0,0,1,3,0,2,3.3172000000000015,SMILES_VAE
2,5,342.42,18,24,18,2,3,0,1,0,1,2,0,3,2.783520000000001,SMILES_VAE
1,4,344.7510000000001,13,22,10,2,4,1,1,1,0,2,0,2,3.496520000000002,SMILES_VAE
2,3,331.2440000000001,14,23,10,3,1,5,0,0,0,2,0,2,3.395500000000001,SMILES_VAE
3,4,366.41200000000003,18,26,24,4,2,2,0,0,1,1,0,2,2.1828000000000003,SMILES_VAE
1,3,381.2840000000001,17,24,14,2,2,0,1,2,0,3,0,2,4.702700000000002,SMILES_VAE
3,3,339.439,20,25,25,3,2,0,0,0,1,2,0,2,4.194700000000002,SMILES_VAE
2,4,364.4650000000001,19,26,29,4,2,1,0,0,0,3,0,1,1.9441999999999997,SMILES_VAE
1,2,322.408,20,24,22,2,2,0,0,0,1,2,0,2,3.7946000000000026,SMILES_VAE
2,6,329.40400000000005,17,24,23,5,2,0,0,0,0,2,1,2,0.8069000000000004,SMILES_VAE
0,4,262.357,14,19,22,4,1,0,0,0,2,1,0,1,1.9339000000000002,SMILES_VAE
1,4,355.362,16,24,15,1,4,2,1,0,0,2,0,2,2.774300000000001,SMILES_VAE
2,5,360.4830000000002,18,25,24,4,2,0,1,0,1,2,0,3,0.23452000000000012,SMILES_VAE
0,4,358.8730000000001,19,25,23,4,1,0,0,1,2,1,0,3,3.8831400000000027,SMILES_VAE
1,5,368.43700000000024,20,27,24,4,3,0,0,0,0,3,0,2,1.8237199999999998,SMILES_VAE
2,3,324.42800000000005,19,24,24,4,1,0,0,0,2,2,0,3,0.4477000000000001,SMILES_VAE
2,6,369.4260000000001,18,26,17,4,3,0,1,0,0,2,0,2,1.84888,SMILES_VAE
3,6,339.3740000000001,18,25,18,5,1,1,0,0,0,3,0,3,4.083800000000001,SMILES_VAE
1,3,315.39300000000003,18,23,23,2,3,0,0,0,0,2,0,2,2.6972400000000007,SMILES_VAE
1,7,367.38200000000006,14,24,9,4,2,2,2,0,2,1,0,3,2.8977000000000013,SMILES_VAE
3,3,342.41900000000015,19,25,24,3,3,0,0,0,0,2,0,2,0.37640000000000107,SMILES_VAE
1,3,333.477,18,23,25,2,2,0,1,0,1,2,0,2,2.4848,SMILES_VAE
1,1,288.455,19,21,30,1,1,0,0,0,1,1,1,1,3.6048000000000027,SMILES_VAE
1,5,344.4110000000001,19,25,24,2,4,0,0,0,2,1,0,2,2.708140000000001,SMILES_VAE
1,4,320.34300000000013,16,23,18,4,1,2,0,0,2,1,0,2,2.1416000000000004,SMILES_VAE
3,5,322.3890000000002,15,23,24,5,3,0,0,0,0,3,0,1,-0.8956999999999966,SMILES_VAE
0,7,397.47500000000014,22,29,27,3,4,0,0,0,0,2,1,2,3.528120000000003,SMILES_VAE
2,3,300.38200000000006,17,22,22,3,2,0,0,0,1,1,0,2,1.1415200000000003,SMILES_VAE
1,7,333.8040000000001,14,22,12,5,1,0,1,1,1,2,0,3,2.6579200000000007,SMILES_VAE
1,6,315.37699999999995,16,23,21,5,2,0,0,0,1,2,0,2,2.0202,SMILES_VAE
2,4,361.423,17,25,19,3,4,0,1,0,0,2,0,2,1.7156999999999996,SMILES_VAE
1,4,388.8510000000001,20,27,21,2,4,0,0,1,1,2,0,2,3.6572200000000024,SMILES_VAE
0,5,374.4370000000002,20,27,26,2,5,0,0,0,1,2,0,1,1.5269199999999992,SMILES_VAE
1,7,377.88200000000006,15,24,12,5,1,0,2,1,1,2,0,3,3.767800000000002,SMILES_VAE
2,5,324.38800000000003,17,24,20,6,1,0,0,0,2,1,0,3,2.8713000000000015,SMILES_VAE
2,3,367.4240000000001,21,27,22,3,2,1,0,0,0,3,0,2,3.6282000000000023,SMILES_VAE
0,3,332.44400000000013,19,24,28,2,3,0,0,0,0,2,0,1,2.5504000000000007,SMILES_VAE
1,3,328.38700000000006,19,24,21,2,2,1,0,0,0,3,0,2,2.4182000000000006,SMILES_VAE
1,4,368.43300000000016,21,27,24,2,4,0,0,0,1,2,0,2,3.5728000000000026,SMILES_VAE
0,4,364.5110000000002,19,25,28,2,3,0,1,0,1,2,0,1,2.1862000000000004,SMILES_VAE
2,3,336.4070000000002,18,24,25,2,3,1,0,0,0,2,1,1,4.077300000000002,SMILES_VAE
3,6,352.3470000000001,14,24,13,4,4,1,1,0,1,1,0,2,1.97692,SMILES_VAE
1,2,399.235,17,24,17,2,2,2,0,0,0,2,0,2,4.789900000000004,SMILES_VAE
1,4,409.5110000000002,22,29,23,3,3,0,1,0,1,2,0,2,3.382520000000002,SMILES_VAE
0,5,470.0600000000002,21,30,28,3,3,0,2,1,1,2,0,2,3.563500000000002,SMILES_VAE
1,5,319.332,17,23,18,1,4,1,0,0,2,1,0,2,2.5132000000000003,SMILES_VAE
2,5,409.96400000000006,18,26,20,3,2,0,2,1,1,2,0,2,3.4617000000000013,SMILES_VAE
2,4,335.16099999999994,13,20,11,4,2,0,0,0,2,1,0,3,2.804400000000001,SMILES_VAE
1,4,357.88500000000005,20,25,24,3,1,0,0,1,1,2,0,3,4.689600000000004,SMILES_VAE
0,5,343.74300000000005,13,22,9,2,4,1,1,1,0,2,0,2,1.3785,SMILES_VAE
2,2,344.47900000000016,20,25,30,3,2,0,0,0,1,2,0,1,0.7853000000000019,SMILES_VAE
1,3,245.27799999999996,14,18,15,1,3,0,0,0,1,1,0,1,2.606700000000001,SMILES_VAE
2,5,361.4910000000001,18,25,25,4,2,0,1,0,1,2,0,2,1.0479200000000004,SMILES_VAE
1,1,310.46100000000007,21,23,28,1,1,0,0,0,1,2,0,2,3.516600000000002,SMILES_VAE
1,3,305.423,16,21,21,2,2,0,1,0,1,1,0,2,3.6587400000000017,SMILES_VAE
3,3,297.382,17,22,21,4,1,0,0,0,1,2,0,2,0.44980000000000087,SMILES_VAE
1,4,335.74700000000007,15,23,14,3,4,0,0,1,1,1,0,1,2.863200000000001,SMILES_VAE
1,5,347.44,17,24,21,3,3,0,1,0,0,2,0,2,2.0015,SMILES_VAE
1,0,353.711,17,20,20,1,0,0,0,1,0,2,0,2,4.196340000000003,SMILES_VAE
2,5,337.4700000000001,15,22,19,3,2,0,2,0,1,2,0,1,1.5354999999999994,SMILES_VAE
1,4,307.353,18,23,17,3,2,0,0,0,1,2,0,3,2.810900000000001,SMILES_VAE
0,4,463.2310000000001,16,27,10,2,4,3,1,0,0,3,0,2,3.5805000000000025,SMILES_VAE
1,3,333.49700000000007,19,23,27,1,2,0,1,0,1,2,0,1,4.112200000000003,SMILES_VAE
1,3,337.21700000000004,14,19,10,2,0,1,1,0,1,2,0,3,4.810000000000002,SMILES_VAE
0,1,307.315,17,22,16,1,1,3,0,0,0,2,0,2,4.2455200000000035,SMILES_VAE
0,6,359.38500000000005,21,27,17,3,3,0,0,0,1,2,0,3,3.816860000000003,SMILES_VAE
1,3,289.42300000000006,17,21,27,3,1,0,0,0,0,2,0,1,3.1683000000000012,SMILES_VAE
2,4,321.283,15,23,13,3,3,2,0,0,0,2,0,2,2.4720000000000004,SMILES_VAE
1,5,404.94700000000006,19,27,23,5,1,0,1,1,2,2,0,3,2.986600000000001,SMILES_VAE
1,2,302.394,17,21,17,1,1,1,1,0,2,1,0,3,3.9718000000000027,SMILES_VAE
1,7,356.40700000000004,17,25,16,4,3,0,1,0,1,2,0,3,2.5551200000000005,SMILES_VAE
0,4,339.4390000000001,20,25,25,3,2,0,0,0,2,1,0,2,4.162400000000003,SMILES_VAE
0,4,369.44600000000014,19,26,19,3,3,0,1,0,0,3,0,2,2.0134,SMILES_VAE
1,2,238.31400000000002,15,18,16,3,0,0,0,0,1,2,0,3,1.9992000000000003,SMILES_VAE
1,5,443.3100000000003,16,23,18,3,2,0,1,0,1,2,0,2,3.0722000000000005,SMILES_VAE
0,8,327.41700000000003,15,23,17,7,0,0,1,0,2,2,0,3,2.9102000000000015,SMILES_VAE
1,2,316.4450000000001,19,23,28,2,2,0,0,0,0,2,0,1,2.692420000000001,SMILES_VAE
1,2,282.387,18,21,22,2,1,0,0,0,0,2,0,2,3.527700000000002,SMILES_VAE
1,3,297.782,15,20,20,1,3,0,0,1,1,1,0,1,4.219200000000003,SMILES_VAE
1,4,259.309,14,19,17,3,2,0,0,0,0,2,0,2,1.14944,SMILES_VAE
3,2,356.43700000000007,18,25,28,3,2,2,0,0,1,1,0,1,1.7578999999999998,SMILES_VAE
1,2,295.136,12,17,11,2,2,0,0,0,1,1,0,1,2.2800200000000004,SMILES_VAE
1,5,378.5630000000001,19,25,26,2,2,0,2,0,1,2,0,2,4.728000000000003,SMILES_VAE
1,6,358.42300000000006,17,25,18,4,3,0,1,0,1,2,0,3,2.3154000000000003,SMILES_VAE
0,6,364.81000000000006,16,24,13,2,4,0,1,1,1,1,0,2,4.793100000000003,SMILES_VAE
2,1,287.4270000000001,18,21,27,2,1,0,0,0,0,2,0,1,1.3161199999999997,SMILES_VAE
1,6,285.351,15,21,19,5,1,0,0,0,1,2,0,2,1.8442999999999998,SMILES_VAE
2,3,405.5880000000002,21,28,33,4,2,0,1,0,0,2,0,1,2.9839,SMILES_VAE
2,1,261.38899999999995,16,19,25,2,1,0,0,0,0,1,1,1,1.8020199999999997,SMILES_VAE
3,4,334.4200000000002,17,24,26,4,3,0,0,0,0,2,0,1,2.069619999999999,SMILES_VAE
0,4,314.4100000000001,17,22,18,2,2,0,1,0,2,1,0,3,3.7072400000000023,SMILES_VAE
0,5,324.385,17,23,14,3,2,0,1,0,2,1,0,2,2.0274799999999997,SMILES_VAE
0,6,401.4790000000001,17,26,18,3,1,3,2,0,2,0,1,2,4.788300000000003,SMILES_VAE
0,3,370.90200000000004,17,24,23,2,3,0,1,1,1,2,0,1,2.8176000000000005,SMILES_VAE
3,1,318.485,19,23,32,3,1,0,0,0,0,2,0,1,1.8075400000000008,SMILES_VAE
1,3,350.249,17,23,17,3,1,0,0,2,1,2,0,2,3.3260000000000023,SMILES_VAE
2,4,291.351,15,21,21,3,3,0,0,0,1,1,0,1,1.3842,SMILES_VAE
1,5,360.47900000000027,19,25,24,2,3,0,1,0,1,2,0,2,4.101620000000003,SMILES_VAE
2,6,379.8480000000002,17,26,22,5,3,0,0,1,1,2,0,2,3.1677000000000017,SMILES_VAE
2,4,307.41900000000004,15,21,21,3,2,0,1,0,0,2,0,1,1.6222,SMILES_VAE
1,3,412.34900000000005,18,24,22,1,3,0,1,0,0,2,0,2,4.080940000000004,SMILES_VAE
1,2,347.523,20,24,28,2,0,1,1,0,1,2,0,2,2.856600000000001,SMILES_VAE
2,5,370.228,13,21,12,3,3,0,1,0,1,1,0,2,3.726300000000002,SMILES_VAE
1,2,249.76600000000005,13,16,12,1,0,0,1,1,0,2,0,2,4.381820000000002,SMILES_VAE
2,5,311.309,15,22,18,1,5,1,0,0,0,2,0,1,0.6958999999999996,SMILES_VAE
3,3,359.5190000000002,19,25,27,4,1,0,1,0,2,1,0,2,2.0563000000000002,SMILES_VAE
0,6,320.395,14,21,12,2,3,0,2,0,2,1,0,3,3.080420000000001,SMILES_VAE
0,2,325.4240000000001,17,22,21,1,1,2,1,0,0,2,0,1,4.661500000000004,SMILES_VAE
2,3,369.50700000000006,17,24,22,2,2,1,2,0,0,2,0,2,2.2803000000000004,SMILES_VAE
0,4,359.9000000000001,15,22,18,1,3,0,2,1,1,2,0,1,2.3912000000000013,SMILES_VAE
2,1,294.4630000000001,17,21,32,3,1,0,0,0,0,2,0,0,1.1312000000000006,SMILES_VAE
1,0,224.274,13,16,16,1,0,2,0,0,0,2,0,1,2.0955000000000004,SMILES_VAE
1,4,303.4550000000001,16,21,23,4,0,0,1,0,1,2,0,2,1.6711199999999997,SMILES_VAE
1,4,349.5000000000001,18,24,27,3,2,0,1,0,1,2,0,1,3.048420000000002,SMILES_VAE
2,4,297.358,17,22,19,3,2,0,0,0,0,2,0,2,2.647500000000001,SMILES_VAE
1,6,351.375,12,22,12,3,2,3,2,0,1,1,0,2,3.3208400000000013,SMILES_VAE
1,3,310.4210000000001,19,23,24,3,1,0,0,0,2,1,0,3,2.713260000000001,SMILES_VAE
2,6,314.374,14,22,14,6,1,0,1,0,2,1,0,3,2.6065000000000005,SMILES_VAE
2,3,258.346,14,18,14,2,1,0,1,0,2,1,0,2,2.747600000000001,SMILES_VAE
3,3,358.82100000000014,16,24,22,3,3,1,0,1,0,2,0,1,0.22750000000000337,SMILES_VAE
2,2,247.34199999999996,14,18,21,3,1,0,0,0,2,0,0,1,2.829300000000001,SMILES_VAE
0,4,295.35900000000004,15,21,23,2,4,0,0,0,0,1,1,0,-0.3764999999999987,SMILES_VAE
2,7,378.5230000000001,17,25,22,4,2,0,2,0,1,2,0,2,2.919500000000001,SMILES_VAE
1,5,327.262,14,23,12,3,3,3,0,0,1,1,0,2,2.5843000000000007,SMILES_VAE
3,3,282.389,13,19,20,3,2,0,1,0,0,2,0,1,-0.3523999999999989,SMILES_VAE
0,5,322.43000000000006,15,21,15,2,1,1,2,0,1,2,0,2,3.342800000000002,SMILES_VAE
3,2,264.39300000000003,15,19,26,3,1,0,0,0,0,1,0,1,1.0749199999999999,SMILES_VAE
0,6,348.4310000000001,19,25,16,4,1,0,1,0,2,1,0,3,4.703860000000003,SMILES_VAE
1,3,285.367,17,21,21,2,2,0,0,0,0,2,0,2,1.6837999999999995,SMILES_VAE
2,5,334.83200000000005,15,22,15,4,1,0,1,1,1,1,0,2,3.2086000000000015,SMILES_VAE
3,2,321.78799999999995,15,22,18,4,2,0,0,1,1,1,0,2,1.6490199999999995,SMILES_VAE
1,5,308.334,14,21,13,2,3,1,1,0,1,1,0,2,2.6401000000000003,SMILES_VAE
1,2,304.777,16,21,17,2,2,0,0,1,0,2,0,2,4.407000000000003,SMILES_VAE
0,3,306.47100000000006,18,21,26,0,2,0,1,0,1,1,1,1,4.274900000000003,SMILES_VAE
1,5,298.27000000000004,13,21,15,2,5,1,0,0,0,1,0,1,1.8054,SMILES_VAE
2,3,292.36,14,20,16,2,3,0,1,0,1,1,0,2,2.0164,SMILES_VAE
0,3,298.38200000000006,19,22,22,0,3,0,0,0,0,2,0,2,3.794220000000003,SMILES_VAE
1,2,318.5290000000001,20,23,36,3,0,0,0,0,0,2,0,1,2.06632,SMILES_VAE
1,3,341.49800000000005,16,22,23,1,3,0,2,0,1,1,0,1,1.8555199999999998,SMILES_VAE
1,2,290.4749999999999,18,21,32,3,0,0,0,0,0,2,0,1,2.6124,SMILES_VAE
1,4,321.4460000000001,16,22,23,3,2,0,1,0,1,2,0,1,1.2333000000000003,SMILES_VAE
2,4,303.387,15,21,17,3,2,0,1,0,0,2,0,2,1.7907,SMILES_VAE
1,2,244.362,15,18,22,3,0,0,0,0,2,1,0,2,1.2439999999999996,SMILES_VAE
0,5,314.43300000000005,18,23,26,4,1,0,0,0,2,0,0,2,3.347940000000002,SMILES_VAE
2,5,279.29600000000005,13,20,17,3,4,0,0,0,1,1,0,1,-1.196099999999997,SMILES_VAE
1,3,248.32600000000002,14,18,20,2,2,0,0,0,0,2,0,1,2.07742,SMILES_VAE
3,3,316.348,15,22,22,2,3,2,0,0,0,1,0,1,2.6651000000000007,SMILES_VAE
0,6,335.7950000000001,15,23,18,5,2,0,0,1,1,2,0,2,1.9574999999999998,SMILES_VAE
2,6,302.33400000000006,15,22,18,4,3,0,0,0,1,1,0,2,1.9726000000000001,SMILES_VAE
1,5,273.317,13,19,11,3,2,0,1,0,2,1,0,2,2.2748,SMILES_VAE
4,3,290.722,12,19,16,2,3,1,0,1,0,1,0,1,1.1925000000000003,SMILES_VAE
0,4,360.45900000000006,18,25,22,3,3,0,1,0,0,2,0,2,3.7363000000000035,SMILES_VAE
1,4,259.309,14,19,17,3,2,0,0,0,1,1,0,2,-0.16954000000000002,SMILES_VAE
1,5,244.25400000000002,12,18,12,4,2,0,0,0,0,2,0,2,2.4019200000000005,SMILES_VAE
0,5,331.44100000000014,16,22,14,3,0,1,2,0,2,1,0,3,4.772900000000003,SMILES_VAE
2,2,257.337,15,19,19,3,1,0,0,0,1,1,0,2,3.398900000000001,SMILES_VAE
1,5,302.378,16,22,22,4,2,0,0,0,3,0,0,2,1.6023199999999995,SMILES_VAE
1,2,334.427,16,22,23,1,1,3,1,0,0,2,0,1,3.7413000000000034,SMILES_VAE
1,2,278.24899999999997,12,19,14,2,1,4,0,0,0,1,0,1,3.2893000000000017,SMILES_VAE
1,5,339.442,14,22,17,3,3,0,2,0,0,2,0,1,3.037300000000001,SMILES_VAE
1,4,333.35900000000015,18,24,20,1,4,1,0,0,0,2,0,2,2.8240000000000007,SMILES_VAE
2,1,240.3909999999999,14,17,28,2,1,0,0,0,0,2,0,0,-0.37669999999999737,SMILES_VAE
1,3,304.3900000000001,17,22,24,2,3,0,0,0,1,1,0,1,1.66712,SMILES_VAE
1,2,253.29699999999994,13,18,18,2,2,1,0,0,0,2,0,1,-0.08147999999999933,SMILES_VAE
0,3,375.3650000000002,17,23,24,2,1,0,1,2,0,2,0,1,5.1608000000000045,SMILES_VAE
1,6,378.8120000000001,18,26,19,2,5,0,0,1,0,2,0,2,3.355000000000002,SMILES_VAE
2,5,270.35799999999995,11,18,18,4,2,0,1,0,2,0,0,1,-0.6966999999999985,SMILES_VAE
3,3,323.4820000000001,17,22,27,2,2,0,1,0,0,1,1,1,0.7091000000000006,SMILES_VAE
1,5,324.45000000000005,15,22,24,4,2,0,1,0,2,0,0,1,1.3177399999999995,SMILES_VAE
4,1,352.5670000000002,20,25,40,4,1,0,0,0,0,2,0,0,-0.01959999999999673,SMILES_VAE
1,2,267.354,12,18,17,3,2,0,1,0,0,2,0,1,1.1759,SMILES_VAE
1,6,310.357,17,23,18,4,2,0,0,0,1,2,0,3,2.766800000000001,SMILES_VAE
2,4,318.37600000000003,16,23,21,5,1,1,0,0,2,1,0,2,0.20500000000000074,SMILES_VAE
1,4,364.47400000000005,20,26,20,4,1,0,1,0,0,2,0,2,4.616460000000004,SMILES_VAE
1,3,290.75,15,20,15,2,2,0,0,1,0,2,0,2,3.5238000000000014,SMILES_VAE
1,2,309.45400000000006,17,22,31,3,2,0,0,0,0,1,1,0,2.6107000000000005,SMILES_VAE
2,4,320.3890000000001,17,23,24,2,4,0,0,0,1,1,0,1,1.9588999999999996,SMILES_VAE
1,5,236.22299999999996,12,17,12,0,5,0,0,0,0,2,0,1,0.6857000000000002,SMILES_VAE
1,5,335.88300000000004,17,23,26,5,0,0,0,1,1,1,0,2,3.986120000000003,SMILES_VAE
3,5,278.308,14,20,18,2,4,0,0,0,0,1,0,1,0.12659999999999988,SMILES_VAE
2,5,289.355,16,21,21,2,3,0,0,0,0,1,1,1,1.2848999999999997,SMILES_VAE
2,3,246.697,13,17,11,2,1,0,0,1,0,2,0,2,3.671400000000002,SMILES_VAE
0,7,274.309,11,19,10,6,1,0,1,0,2,1,0,3,0.853,SMILES_VAE
1,3,320.36400000000003,17,23,21,2,3,1,0,0,1,1,0,1,2.5954000000000006,SMILES_VAE
1,4,300.473,13,19,22,3,1,0,2,0,1,1,0,1,1.40702,SMILES_VAE
2,2,260.362,14,18,16,2,1,0,1,0,1,1,0,2,3.673300000000002,SMILES_VAE
2,2,239.27,12,17,16,2,2,1,0,0,1,1,0,1,0.5537000000000001,SMILES_VAE
1,2,340.26100000000025,16,20,22,1,2,0,0,0,0,1,1,1,4.057000000000003,SMILES_VAE
0,5,263.24899999999997,13,19,13,1,5,0,0,0,1,1,0,1,0.7156,SMILES_VAE
1,3,245.35000000000002,14,18,21,4,0,0,0,0,1,1,0,2,1.558799999999999,SMILES_VAE
1,4,268.264,13,19,15,1,4,1,0,0,0,1,0,1,0.23769999999999958,SMILES_VAE
1,2,324.44,18,23,29,2,2,1,0,0,0,1,0,1,4.059100000000003,SMILES_VAE
3,3,307.39400000000006,16,22,25,3,3,0,0,0,0,1,0,1,1.4556999999999998,SMILES_VAE
1,3,276.38000000000005,16,20,24,2,2,0,0,0,0,2,0,1,3.324600000000002,SMILES_VAE
2,2,323.45700000000005,17,22,24,2,1,1,1,0,0,2,0,1,1.6573999999999998,SMILES_VAE
1,2,303.45,18,22,29,3,1,0,0,0,0,1,0,1,4.141300000000003,SMILES_VAE
3,4,300.3990000000001,15,21,28,2,4,0,0,0,1,0,1,0,0.5747000000000002,SMILES_VAE
0,3,260.36199999999997,14,18,16,2,1,0,1,0,1,1,0,2,2.7662200000000015,SMILES_VAE
3,4,345.424,17,24,19,3,3,0,1,0,1,1,0,2,2.394,SMILES_VAE
2,3,289.404,15,20,19,3,1,0,1,0,1,1,0,2,2.6752200000000004,SMILES_VAE
0,1,212.23899999999995,12,15,14,0,1,2,0,0,0,2,0,1,3.3805000000000023,SMILES_VAE
2,2,330.49600000000015,20,24,32,3,1,0,0,0,0,2,0,1,2.1761999999999997,SMILES_VAE
1,3,335.39599999999996,14,22,21,2,3,2,1,0,0,2,0,1,0.251200000000001,SMILES_VAE
2,3,319.4740000000001,17,22,25,3,1,0,1,0,0,2,0,1,3.680100000000003,SMILES_VAE
1,3,253.39099999999993,13,17,21,2,1,0,1,0,2,1,0,1,1.4351999999999998,SMILES_VAE
1,0,222.27399999999992,11,15,19,1,0,3,0,0,0,2,0,0,2.0824999999999996,SMILES_VAE
0,4,309.431,16,21,23,1,3,0,1,0,2,1,0,1,2.997300000000002,SMILES_VAE
1,5,323.4220000000001,14,22,21,5,2,0,1,0,0,2,0,2,0.48511999999999955,SMILES_VAE
2,5,266.34099999999995,14,19,22,2,3,0,0,0,0,2,0,1,0.8001999999999998,SMILES_VAE
1,4,312.3910000000001,14,21,20,2,4,0,1,0,0,1,0,1,0.7449400000000002,SMILES_VAE
1,5,351.497,16,23,21,3,2,0,2,0,1,1,0,2,2.6190000000000007,SMILES_VAE
1,3,291.778,16,20,18,1,2,0,0,1,0,2,0,2,4.147920000000003,SMILES_VAE
1,4,315.366,14,21,18,1,4,1,1,0,2,1,0,1,1.0520999999999998,SMILES_VAE
1,4,263.341,14,19,21,3,2,0,0,0,0,2,0,1,1.4448999999999999,SMILES_VAE
2,3,278.35200000000003,15,20,22,2,3,0,0,0,0,1,0,1,2.7418000000000005,SMILES_VAE
2,6,328.4580000000002,15,22,26,3,3,0,1,0,1,1,0,1,0.732220000000001,SMILES_VAE
2,4,251.28199999999993,13,18,17,1,4,0,0,0,0,1,0,1,1.0314199999999998,SMILES_VAE
1,1,201.26900000000003,13,15,15,1,1,0,0,0,1,1,0,1,2.9814000000000007,SMILES_VAE
1,4,306.406,17,22,26,2,3,0,0,0,0,2,0,1,1.614,SMILES_VAE
1,3,277.36400000000003,16,20,23,1,3,0,0,0,0,1,0,1,2.754600000000001,SMILES_VAE
1,3,204.20499999999998,11,15,10,1,3,0,0,0,0,1,0,1,0.5647,SMILES_VAE
1,0,226.28999999999996,13,16,18,1,0,2,0,0,0,1,0,1,1.9505,SMILES_VAE
3,4,262.31299999999993,13,19,18,4,2,0,0,0,1,1,0,2,1.7448999999999997,SMILES_VAE
3,4,272.349,12,19,24,4,3,0,0,0,0,1,0,0,-0.7297999999999971,SMILES_VAE
2,4,265.33700000000005,13,19,21,4,2,0,0,0,1,1,0,1,-1.4242999999999972,SMILES_VAE
1,2,297.80600000000004,15,20,22,2,2,0,0,1,1,1,0,1,1.2915,SMILES_VAE
1,5,280.2459999999999,11,19,15,2,3,3,0,0,1,1,0,1,1.2749999999999997,SMILES_VAE
0,3,273.401,16,19,19,1,1,0,1,0,1,1,0,2,4.357900000000003,SMILES_VAE
0,5,290.34000000000003,15,20,14,0,4,0,1,0,1,1,0,2,3.104820000000002,SMILES_VAE
1,2,276.404,16,20,26,3,1,0,0,0,0,2,0,1,0.8858000000000001,SMILES_VAE
0,3,302.443,17,21,22,2,1,0,1,0,1,1,0,2,4.001200000000003,SMILES_VAE
3,4,269.38899999999995,14,19,27,3,2,0,0,0,0,1,0,0,-0.7606999999999979,SMILES_VAE
3,5,325.4380000000001,14,22,23,5,2,0,1,0,1,0,0,1,2.0593999999999997,SMILES_VAE
0,5,243.2589999999999,11,17,17,1,5,0,0,0,1,1,0,0,-0.08499999999999996,SMILES_VAE
1,4,338.4980000000001,16,22,22,2,2,0,2,0,0,2,0,1,3.3329000000000013,SMILES_VAE
2,3,192.21399999999994,11,14,12,0,3,0,0,0,1,1,0,2,1.4599,SMILES_VAE
0,7,307.375,14,21,17,3,3,0,1,0,1,2,0,2,1.61852,SMILES_VAE
0,3,217.19899999999998,12,16,8,1,2,1,0,0,0,2,0,2,2.825500000000001,SMILES_VAE
1,1,226.38399999999996,14,16,28,1,1,0,0,0,2,0,0,0,2.5248999999999997,SMILES_VAE
2,4,276.422,13,18,26,1,3,0,1,0,1,1,0,0,0.001900000000001567,SMILES_VAE
1,4,230.315,13,17,18,4,0,0,0,0,1,1,0,2,2.6050400000000007,SMILES_VAE
0,4,273.336,15,20,19,3,2,0,0,0,1,1,0,2,2.4038200000000005,SMILES_VAE
0,4,314.30699999999996,15,22,17,2,2,3,0,0,1,1,0,2,3.813200000000003,SMILES_VAE
1,1,266.43,15,18,24,1,1,0,1,0,1,1,0,1,1.6872999999999996,SMILES_VAE
1,3,308.87600000000003,12,18,19,1,2,0,2,1,2,0,0,1,1.3819000000000004,SMILES_VAE
2,1,242.74999999999997,12,16,19,2,1,0,0,1,0,1,0,1,-0.3947999999999987,SMILES_VAE
1,2,271.307,14,19,19,1,2,2,0,0,0,1,0,1,2.643700000000001,SMILES_VAE
1,2,221.34399999999994,14,16,23,1,1,0,0,0,1,1,0,0,3.2575800000000017,SMILES_VAE
1,3,242.35899999999995,14,17,26,0,3,0,0,0,0,1,0,0,3.049500000000002,SMILES_VAE
1,4,228.268,11,16,18,1,4,0,0,0,0,0,1,0,-2.612999999999997,SMILES_VAE
1,3,302.44000000000005,14,20,26,2,3,0,1,0,0,1,0,0,1.3661999999999999,SMILES_VAE
1,4,264.329,13,19,20,4,2,0,0,0,0,1,0,1,0.3557000000000001,SMILES_VAE
2,2,276.149,11,15,15,1,1,1,0,0,0,1,0,1,3.161100000000001,SMILES_VAE
1,3,265.381,14,19,25,4,1,0,0,0,1,1,0,1,0.2376000000000016,SMILES_VAE
0,5,262.30899999999997,14,19,18,2,3,0,0,0,0,1,0,1,1.21972,SMILES_VAE
2,2,283.436,16,20,31,2,2,0,0,0,1,1,0,0,0.6242000000000014,SMILES_VAE
1,3,262.30899999999997,14,19,18,2,3,0,0,0,1,1,0,1,1.40842,SMILES_VAE
1,3,314.4950000000002,16,21,30,2,2,0,1,0,0,2,0,0,3.466300000000002,SMILES_VAE
1,2,291.435,18,21,29,1,2,0,0,0,0,1,0,1,4.562500000000004,SMILES_VAE
2,2,241.37899999999996,13,17,27,3,1,0,0,0,1,0,0,0,1.8143999999999996,SMILES_VAE
2,3,267.397,14,19,27,4,1,0,0,0,1,0,0,1,0.36654000000000164,SMILES_VAE
2,2,270.76,13,18,19,2,2,0,0,1,0,1,0,1,2.2165999999999997,SMILES_VAE
2,3,229.29999999999998,11,16,21,2,3,0,0,0,0,0,0,0,0.10620000000000074,SMILES_VAE
